player_id,player_name,team_abbr,game_id,game_date,opponent,pts,fga,fta,scoring_poss,pure_ts_pct,standard_ts_pct,delta_pp,C1a_events,C1a_pts,C1b_events,C1b_pts,C2_events,C2_pts,C3_events,C3_pts,C4_events,C4_pts,C5_events,C5_pts,C6a_events,C6a_pts,C6b_events,C6b_pts,C6c_events,C6c_pts,C6d_events,C6d_pts,C6e_events,C6e_pts,C6f_events,C6f_pts
201942,DeMar DeRozan,TOR,201604160TOR,"Apr 16, 2016",IND,14,19,6,22,29.79,32.35,-2.56,16,10,3,0,2,3,0,0,0,0,0,0,0,0,0,0,0,0,0,0,0,0,1,1
202730,Lavoy Allen,IND,201604160TOR,"Apr 16, 2016",TOR,4,6,0,6,33.33,33.33,0.0,6,4,0,0,0,0,0,0,0,0,0,0,0,0,0,0,0,0,0,0,0,0,0,0
201588,George Hill,IND,201604160TOR,"Apr 16, 2016",TOR,10,6,5,8,50.0,60.98,-10.98,3,4,3,3,1,1,1,2,0,0,0,0,0,0,0,0,0,0,0,0,0,0,0,0
2449,Luis Scola,TOR,201604160TOR,"Apr 16, 2016",IND,4,4,1,4,40.0,45.05,-5.05,2,2,1,0,0,0,0,0,1,2,0,0,0,0,0,0,0,0,0,0,0,0,0,0
101133,Ian Mahinmi,TOR,201604160TOR,"Apr 16, 2016",IND,1,2,4,4,12.5,13.3,-0.8,2,0,0,0,1,1,0,0,0,0,0,0,0,0,0,0,0,0,0,0,0,0,1,0
200768,Kyle Lowry,TOR,201604160TOR,"Apr 16, 2016",IND,11,13,9,17,26.19,32.43,-6.24,6,4,7,3,3,2,1,2,0,0,0,0,0,0,0,0,0,0,0,0,0,0,0,0
202331,Paul George,IND,201604160TOR,"Apr 16, 2016",TOR,33,22,6,25,60.0,66.96,-6.96,17,16,5,12,2,4,0,0,0,0,0,0,0,0,0,0,0,0,0,0,0,0,1,1
202685,Jonas Valančiūnas,TOR,201604160TOR,"Apr 16, 2016",IND,12,14,4,16,37.5,38.07,-0.57,14,8,0,0,2,4,0,0,0,0,0,0,0,0,0,0,0,0,0,0,0,0,0,0
101145,Monta Ellis,TOR,201604160TOR,"Apr 16, 2016",IND,15,12,2,13,50.0,58.23,-8.23,8,4,4,9,1,2,0,0,0,0,0,0,0,0,0,0,0,0,0,0,0,0,0,0
1626181,Norman Powell,TOR,201604160TOR,"Apr 16, 2016",IND,5,4,2,5,45.45,51.23,-5.78,3,4,1,0,1,1,0,0,0,0,0,0,0,0,0,0,0,0,0,0,0,0,0,0
1626167,Myles Turner,IND,201604160TOR,"Apr 16, 2016",TOR,10,9,2,10,47.62,50.61,-2.99,8,10,1,0,1,0,0,0,0,0,0,0,0,0,0,0,0,0,0,0,0,0,0,0
203524,Solomon Hill,IND,201604160TOR,"Apr 16, 2016",TOR,13,3,10,8,68.42,87.84,-19.42,0,0,3,3,3,6,0,0,0,0,0,0,0,0,0,0,0,0,0,0,0,0,2,4
202335,Patrick Patterson,TOR,201604160TOR,"Apr 16, 2016",IND,9,5,0,5,81.82,90.0,-8.18,4,6,1,3,0,0,0,0,0,0,0,0,0,0,0,0,0,0,0,0,0,0,0,0
201960,DeMarre Carroll,TOR,201604160TOR,"Apr 16, 2016",IND,6,4,2,5,54.55,61.48,-6.93,3,4,1,0,1,2,0,0,0,0,0,0,0,0,0,0,0,0,0,0,0,0,0,0
201155,Rodney Stuckey,IND,201604160TOR,"Apr 16, 2016",TOR,7,7,0,7,43.75,50.0,-6.25,5,4,2,3,0,0,0,0,0,0,0,0,0,0,0,0,0,0,0,0,0,0,0,0
201951,Ty Lawson,IND,201604160TOR,"Apr 16, 2016",TOR,2,4,0,4,25.0,25.0,0.0,4,2,0,0,0,0,0,0,0,0,0,0,0,0,0,0,0,0,0,0,0,0,0,0
202687,Bismack Biyombo,TOR,201604160TOR,"Apr 16, 2016",IND,6,2,6,5,60.0,64.66,-4.66,2,2,0,0,2,2,0,0,0,0,0,0,0,0,0,0,0,0,0,0,0,0,1,2
202709,Cory Joseph,TOR,201604160TOR,"Apr 16, 2016",IND,18,6,8,10,81.82,94.54,-12.72,4,8,2,3,1,1,0,0,0,0,0,0,0,0,0,0,0,0,0,0,0,0,3,6
203082,Terrence Ross,TOR,201604160TOR,"Apr 16, 2016",IND,5,8,0,8,26.32,31.25,-4.93,5,2,3,3,0,0,0,0,0,0,0,0,0,0,0,0,0,0,0,0,0,0,0,0
101139,CJ Miles,IND,201604160TOR,"Apr 16, 2016",TOR,5,7,0,7,29.41,35.71,-6.3,4,2,3,3,0,0,0,0,0,0,0,0,0,0,0,0,0,0,0,0,0,0,0,0
201941,Jordan Hill,IND,201604160TOR,"Apr 16, 2016",TOR,0,1,0,1,0.0,0.0,0.0,1,0,0,0,0,0,0,0,0,0,0,0,0,0,0,0,0,0,0,0,0,0,0,0
201935,James Harden,HOU,201604160GSW,"Apr 16, 2016",GSW,17,19,0,19,39.53,44.74,-5.21,14,8,5,9,0,0,0,0,0,0,0,0,0,0,0,0,0,0,0,0,0,0,0,0
203110,Draymond Green,GSW,201604160GSW,"Apr 16, 2016",HOU,12,12,3,13,40.0,45.05,-5.05,8,6,3,3,0,0,0,0,1,2,0,0,0,0,0,0,0,0,0,0,0,0,1,1
202691,Klay Thompson,GSW,201604160GSW,"Apr 16, 2016",HOU,16,14,6,17,40.0,48.08,-8.08,8,4,6,6,2,4,0,0,0,0,0,0,0,0,0,0,0,0,0,0,0,0,1,2
201976,Patrick Beverley,HOU,201604160GSW,"Apr 16, 2016",GSW,2,7,0,7,11.76,14.29,-2.53,4,2,3,0,0,0,0,0,0,0,0,0,0,0,0,0,0,0,0,0,0,0,0,0
101106,Andrew Bogut,GSW,201604160GSW,"Apr 16, 2016",HOU,2,1,0,1,100.0,100.0,0.0,1,2,0,0,0,0,0,0,0,0,0,0,0,0,0,0,0,0,0,0,0,0,0,0
203084,Harrison Barnes,GSW,201604160GSW,"Apr 16, 2016",HOU,7,12,2,13,25.0,27.17,-2.17,10,6,2,0,1,1,0,0,0,0,0,0,0,0,0,0,0,0,0,0,0,0,0,0
2730,Dwight Howard,HOU,201604160GSW,"Apr 16, 2016",GSW,14,10,11,15,45.16,47.17,-2.01,9,8,0,0,3,2,0,0,1,3,0,0,0,0,0,0,0,0,0,0,0,0,2,1
201939,Stephen Curry,GSW,201604160GSW,"Apr 16, 2016",HOU,24,13,3,14,66.67,83.8,-17.13,6,6,7,15,0,0,1,3,0,0,0,0,0,0,0,0,0,0,0,0,0,0,0,0
2772,Trevor Ariza,HOU,201604160GSW,"Apr 16, 2016",GSW,9,10,1,10,33.33,43.1,-9.77,3,0,6,6,0,0,0,0,1,3,0,0,0,0,0,0,0,0,0,0,0,0,0,0
201147,Corey Brewer,HOU,201604160GSW,"Apr 16, 2016",GSW,3,8,2,9,14.29,16.89,-2.6,5,2,3,0,0,0,0,0,0,0,0,0,0,0,0,0,0,0,0,0,0,0,1,1
2738,Andre Iguodala,GSW,201604160GSW,"Apr 16, 2016",HOU,2,6,2,7,13.33,14.53,-1.2,5,2,1,0,0,0,0,0,0,0,0,0,0,0,0,0,0,0,0,0,0,0,1,0
201563,Michael Beasley,HOU,201604160GSW,"Apr 16, 2016",GSW,2,2,0,2,50.0,50.0,0.0,2,2,0,0,0,0,0,0,0,0,0,0,0,0,0,0,0,0,0,0,0,0,0,0
203105,Festus Ezeli,GSW,201604160GSW,"Apr 16, 2016",HOU,8,5,2,6,66.67,68.03,-1.36,5,8,0,0,0,0,0,0,0,0,0,0,0,0,0,0,0,0,0,0,0,0,1,0
2733,Shaun Livingston,GSW,201604160GSW,"Apr 16, 2016",HOU,9,8,4,10,45.0,46.11,-1.11,8,6,0,0,1,2,0,0,0,0,0,0,0,0,0,0,0,0,0,0,0,0,1,1
2746,Josh Smith,HOU,201604160GSW,"Apr 16, 2016",GSW,7,4,0,4,70.0,87.5,-17.5,2,4,2,3,0,0,0,0,0,0,0,0,0,0,0,0,0,0,0,0,0,0,0,0
203991,Clint Capela,HOU,201604160GSW,"Apr 16, 2016",GSW,3,4,3,5,27.27,28.2,-0.93,3,0,0,0,0,0,0,0,1,3,0,0,0,0,0,0,0,0,0,0,0,0,1,0
1891,Jason Terry,HOU,201604160GSW,"Apr 16, 2016",GSW,7,6,1,7,50.0,54.35,-4.35,5,6,1,0,0,0,0,0,0,0,0,0,1,1,0,0,0,0,0,0,0,0,0,0
201578,Marreese Speights,GSW,201604160GSW,"Apr 16, 2016",HOU,12,11,2,12,46.15,50.51,-4.36,9,10,2,0,1,2,0,0,0,0,0,0,0,0,0,0,0,0,0,0,0,0,0,0
2571,Leandro Barbosa,GSW,201604160GSW,"Apr 16, 2016",HOU,9,5,0,5,81.82,90.0,-8.18,4,6,1,3,0,0,0,0,0,0,0,0,0,0,0,0,0,0,0,0,0,0,0,0
202726,Andrew Goudelock,HOU,201604160GSW,"Apr 16, 2016",GSW,2,2,0,2,40.0,50.0,-10.0,1,2,1,0,0,0,0,0,0,0,0,0,0,0,0,0,0,0,0,0,0,0,0,0
203909,KJ McDaniels,HOU,201604160GSW,"Apr 16, 2016",GSW,4,9,0,9,21.05,22.22,-1.17,8,4,1,0,0,0,0,0,0,0,0,0,0,0,0,0,0,0,0,0,0,0,0,0
202700,Donatas Motiejunas,HOU,201604160GSW,"Apr 16, 2016",GSW,8,3,6,6,66.67,70.92,-4.25,3,4,0,0,2,3,0,0,0,0,0,0,0,0,0,0,0,0,0,0,0,0,1,1
203546,Ian Clark,HOU,201604160GSW,"Apr 16, 2016",GSW,3,2,0,2,60.0,75.0,-15.0,1,0,1,3,0,0,0,0,0,0,0,0,0,0,0,0,0,0,0,0,0,0,0,0
201575,Brandon Rush,GSW,201604160GSW,"Apr 16, 2016",HOU,0,2,0,2,0.0,0.0,0.0,0,0,2,0,0,0,0,0,0,0,0,0,0,0,0,0,0,0,0,0,0,0,0,0
203145,Kent Bazemore,ATL,201604160ATL,"Apr 16, 2016",BOS,23,13,10,18,56.1,66.09,-9.99,8,12,5,3,1,2,0,0,0,0,0,0,0,0,0,0,0,0,0,0,0,0,4,6
202340,Avery Bradley,BOS,201604160ATL,"Apr 16, 2016",ATL,18,16,3,17,42.86,51.96,-9.1,8,10,7,3,1,2,0,0,1,3,0,0,0,0,0,0,0,0,0,0,0,0,0,0
201952,Jeff Teague,ATL,201604160ATL,"Apr 16, 2016",BOS,23,15,11,20,53.49,57.96,-4.47,12,12,2,0,1,1,0,0,1,3,0,0,0,0,0,0,0,0,0,0,0,0,4,7
203096,Jared Sullinger,BOS,201604160ATL,"Apr 16, 2016",ATL,9,14,0,14,31.03,32.14,-1.11,13,6,1,3,0,0,0,0,0,0,0,0,0,0,0,0,0,0,0,0,0,0,0,0
101161,Amir Johnson,BOS,201604160ATL,"Apr 16, 2016",ATL,4,3,0,3,66.67,66.67,0.0,3,4,0,0,0,0,0,0,0,0,0,0,0,0,0,0,0,0,0,0,0,0,0,0
2594,Kyle Korver,ATL,201604160ATL,"Apr 16, 2016",BOS,2,10,0,10,7.41,10.0,-2.59,3,2,7,0,0,0,0,0,0,0,0,0,0,0,0,0,0,0,0,0,0,0,0,0
202738,Isaiah Thomas,BOS,201604160ATL,"Apr 16, 2016",ATL,27,21,9,25,44.26,54.09,-9.83,11,8,10,12,3,5,1,2,0,0,0,0,0,0,0,0,0,0,0,0,0,0,0,0
203109,Jae Crowder,BOS,201604160ATL,"Apr 16, 2016",ATL,14,16,2,17,34.15,41.47,-7.32,9,6,7,6,1,2,0,0,0,0,0,0,0,0,0,0,0,0,0,0,0,0,0,0
201143,Al Horford,ATL,201604160ATL,"Apr 16, 2016",BOS,24,17,8,21,53.33,58.48,-5.15,14,14,3,3,1,2,0,0,0,0,0,0,0,0,0,0,0,0,0,0,0,0,3,5
200794,Paul Millsap,ATL,201604160ATL,"Apr 16, 2016",BOS,14,11,1,11,56.0,61.19,-5.19,8,8,2,3,0,0,0,0,1,3,0,0,0,0,0,0,0,0,0,0,0,0,0,0
202323,Evan Turner,BOS,201604160ATL,"Apr 16, 2016",ATL,10,13,2,14,34.48,36.02,-1.54,12,8,1,0,1,2,0,0,0,0,0,0,0,0,0,0,0,0,0,0,0,0,0,0
203482,Kelly Olynyk,BOS,201604160ATL,"Apr 16, 2016",ATL,2,3,0,3,33.33,33.33,0.0,3,2,0,0,0,0,0,0,0,0,0,0,0,0,0,0,0,0,0,0,0,0,0,0
203935,Marcus Smart,BOS,201604160ATL,"Apr 16, 2016",ATL,15,10,3,12,51.72,66.25,-14.53,4,4,6,9,0,0,0,0,0,0,0,0,0,0,1,1,0,0,0,0,1,1,0,0
203471,Dennis Schröder,ATL,201604160ATL,"Apr 16, 2016",BOS,0,6,0,6,0.0,0.0,0.0,4,0,2,0,0,0,0,0,0,0,0,0,0,0,0,0,0,0,0,0,0,0,0,0
200757,Thabo Sefolosha,ATL,201604160ATL,"Apr 16, 2016",BOS,2,3,4,5,18.18,21.01,-2.83,2,0,1,0,1,1,0,0,0,0,0,0,0,0,0,0,0,0,0,0,0,0,1,1
203501,Tim Hardaway Jr.,ATL,201604160ATL,"Apr 16, 2016",BOS,0,2,1,3,0.0,0.0,0.0,1,0,1,0,0,0,0,0,0,0,0,0,1,0,0,0,0,0,0,0,0,0,0,0
203118,Mike Scott,ATL,201604160ATL,"Apr 16, 2016",BOS,14,9,0,9,63.64,77.78,-14.14,5,8,4,6,0,0,0,0,0,0,0,0,0,0,0,0,0,0,0,0,0,0,0,0
201973,Jonas Jerebko,BOS,201604160ATL,"Apr 16, 2016",ATL,2,6,0,6,13.33,16.67,-3.34,3,2,3,0,0,0,0,0,0,0,0,0,0,0,0,0,0,0,0,0,0,0,0,0
201142,Kevin Durant,OKC,201604160OKC,"Apr 16, 2016",DAL,23,15,7,19,53.49,63.61,-10.12,8,8,6,6,1,2,0,0,1,3,0,0,2,2,0,0,0,0,0,0,0,0,1,2
203500,Steven Adams,OKC,201604160OKC,"Apr 16, 2016",DAL,4,4,1,5,44.44,45.05,-0.61,4,4,0,0,0,0,0,0,0,0,0,0,0,0,0,0,0,0,0,0,1,0,0,0
200826,J.J. Barea,DAL,201604160OKC,"Apr 16, 2016",OKC,2,6,0,6,14.29,16.67,-2.38,4,2,2,0,0,0,0,0,0,0,0,0,0,0,0,0,0,0,0,0,0,0,0,0
202083,Wesley Matthews,DAL,201604160OKC,"Apr 16, 2016",OKC,7,10,0,10,26.92,35.0,-8.08,4,4,6,3,0,0,0,0,0,0,0,0,0,0,0,0,0,0,0,0,0,0,0,0
203460,Andre Roberson,OKC,201604160OKC,"Apr 16, 2016",DAL,4,4,4,6,28.57,34.72,-6.15,2,2,2,0,0,0,0,0,0,0,0,0,0,0,0,0,0,0,0,0,0,0,2,2
201586,Serge Ibaka,OKC,201604160OKC,"Apr 16, 2016",DAL,17,8,0,8,89.47,106.25,-16.78,5,8,3,9,0,0,0,0,0,0,0,0,0,0,0,0,0,0,0,0,0,0,0,0
1626257,Salah Mejri,DAL,201604160OKC,"Apr 16, 2016",OKC,1,0,4,2,25.0,28.41,-3.41,0,0,0,0,2,1,0,0,0,0,0,0,0,0,0,0,0,0,0,0,0,0,0,0
101114,Deron Williams,DAL,201604160OKC,"Apr 16, 2016",OKC,2,9,0,9,10.0,11.11,-1.11,7,2,2,0,0,0,0,0,0,0,0,0,0,0,0,0,0,0,0,0,0,0,0,0
201566,Russell Westbrook,OKC,201604160OKC,"Apr 16, 2016",DAL,24,15,8,19,53.33,64.79,-11.46,8,10,7,6,3,6,0,0,0,0,0,0,0,0,0,0,0,0,0,0,0,0,1,2
1717,Dirk Nowitzki,DAL,201604160OKC,"Apr 16, 2016",OKC,18,15,4,17,52.94,53.7,-0.76,15,14,0,0,2,4,0,0,0,0,0,0,0,0,0,0,0,0,0,0,0,0,0,0
202683,Enes Freedom,OKC,201604160OKC,"Apr 16, 2016",DAL,16,10,3,11,66.67,70.67,-4.0,8,12,1,0,0,0,0,0,1,3,0,0,0,0,0,0,0,0,0,0,0,0,1,1
203939,Dwight Powell,DAL,201604160OKC,"Apr 16, 2016",OKC,8,8,3,9,42.11,42.92,-0.81,7,4,0,0,0,0,0,0,1,3,0,0,0,0,0,0,0,0,0,0,0,0,1,1
101109,Raymond Felton,DAL,201604160OKC,"Apr 16, 2016",OKC,7,10,2,11,29.17,32.17,-3.0,8,2,2,3,0,0,0,0,0,0,0,0,0,0,0,0,0,0,0,0,0,0,1,2
2585,Zaza Pachulia,DAL,201604160OKC,"Apr 16, 2016",OKC,5,6,4,8,31.25,32.22,-0.97,6,2,0,0,2,3,0,0,0,0,0,0,0,0,0,0,0,0,0,0,0,0,0,0
202713,Kyle Singler,OKC,201604160OKC,"Apr 16, 2016",DAL,6,3,0,3,75.0,100.0,-25.0,1,0,2,6,0,0,0,0,0,0,0,0,0,0,0,0,0,0,0,0,0,0,0,0
203079,Dion Waiters,OKC,201604160OKC,"Apr 16, 2016",DAL,5,9,2,10,20.0,25.3,-5.3,4,0,5,3,1,2,0,0,0,0,0,0,0,0,0,0,0,0,0,0,0,0,0,0
200751,Randy Foye,OKC,201604160OKC,"Apr 16, 2016",DAL,3,6,0,6,18.75,25.0,-6.25,2,0,4,3,0,0,0,0,0,0,0,0,0,0,0,0,0,0,0,0,0,0,0,0
2555,Nick Collison,OKC,201604160OKC,"Apr 16, 2016",DAL,0,1,0,1,0.0,0.0,0.0,1,0,0,0,0,0,0,0,0,0,0,0,0,0,0,0,0,0,0,0,0,0,0,0
2734,Devin Harris,DAL,201604160OKC,"Apr 16, 2016",OKC,5,6,1,6,29.41,38.82,-9.41,1,0,4,3,0,0,0,0,1,2,0,0,0,0,0,0,0,0,0,0,0,0,0,0
201627,Anthony Morrow,OKC,201604160OKC,"Apr 16, 2016",DAL,6,3,3,4,50.0,69.44,-19.44,0,0,3,3,0,0,1,3,0,0,0,0,0,0,0,0,0,0,0,0,0,0,0,0
1626147,Justin Anderson,DAL,201604160OKC,"Apr 16, 2016",OKC,5,5,2,6,41.67,42.52,-0.85,5,4,0,0,1,1,0,0,0,0,0,0,0,0,0,0,0,0,0,0,0,0,0,0
101111,Charlie Villanueva,DAL,201604160OKC,"Apr 16, 2016",OKC,7,8,2,9,35.0,39.41,-4.41,6,2,2,3,1,2,0,0,0,0,0,0,0,0,0,0,0,0,0,0,0,0,0,0
201580,JaVale McGee,DAL,201604160OKC,"Apr 16, 2016",OKC,3,1,4,3,50.0,54.35,-4.35,1,2,0,0,1,1,0,0,0,0,0,0,0,0,0,0,0,0,0,0,0,0,1,0
203962,Josh Huestis,OKC,201604160OKC,"Apr 16, 2016",DAL,0,2,0,2,0.0,0.0,0.0,1,0,1,0,0,0,0,0,0,0,0,0,0,0,0,0,0,0,0,0,0,0,0,0
202694,Marcus Morris Sr.,DET,201604170CLE,"Apr 17, 2016",CLE,20,14,6,17,48.78,60.1,-11.32,7,6,7,9,0,0,0,0,0,0,0,0,0,0,0,0,0,0,0,0,0,0,3,5
202681,Kyrie Irving,CLE,201604170CLE,"Apr 17, 2016",DET,31,24,8,28,46.97,56.32,-9.35,13,8,10,15,1,1,0,0,1,3,0,0,1,1,0,0,0,0,0,0,0,0,2,3
202684,Tristan Thompson,CLE,201604170CLE,"Apr 17, 2016",DET,2,1,0,1,100.0,100.0,0.0,1,2,0,0,0,0,0,0,0,0,0,0,0,0,0,0,0,0,0,0,0,0,0,0
201567,Kevin Love,CLE,201604170CLE,"Apr 17, 2016",DET,28,22,5,24,49.12,57.85,-8.73,13,10,8,12,1,2,0,0,1,3,0,0,0,0,0,0,0,0,0,0,0,0,1,1
202699,Tobias Harris,DET,201604170CLE,"Apr 17, 2016",CLE,9,11,0,11,34.62,40.91,-6.29,7,6,4,3,0,0,0,0,0,0,0,0,0,0,0,0,0,0,0,0,0,0,0,0
2544,LeBron James,CLE,201604170CLE,"Apr 17, 2016",DET,22,17,4,19,53.66,58.64,-4.98,14,18,3,0,2,4,0,0,0,0,0,0,0,0,0,0,0,0,0,0,0,0,0,0
2747,JR Smith,CLE,201604170CLE,"Apr 17, 2016",DET,9,9,2,10,33.33,45.55,-12.22,2,2,7,6,0,0,0,0,0,0,0,0,0,0,0,0,0,0,0,0,0,0,1,1
202704,Reggie Jackson,DET,201604170CLE,"Apr 17, 2016",CLE,17,12,1,12,58.62,68.33,-9.71,7,8,4,6,0,0,0,0,1,3,0,0,0,0,0,0,0,0,0,0,0,0,0,0
203083,Andre Drummond,DET,201604170CLE,"Apr 17, 2016",CLE,13,14,2,15,41.94,43.68,-1.74,13,12,1,0,0,0,0,0,0,0,0,0,0,0,0,0,0,0,0,0,0,0,1,1
203484,Kentavious Caldwell-Pope,DET,201604170CLE,"Apr 17, 2016",CLE,21,14,4,16,52.5,66.62,-14.12,6,6,8,12,1,2,0,0,0,0,0,0,0,0,0,0,0,0,0,0,0,0,1,1
203521,Matthew Dellavedova,CLE,201604170CLE,"Apr 17, 2016",DET,7,8,2,9,31.82,39.41,-7.59,4,6,4,0,1,1,0,0,0,0,0,0,0,0,0,0,0,0,0,0,0,0,0,0
1626169,Stanley Johnson,DET,201604170CLE,"Apr 17, 2016",CLE,9,4,0,4,81.82,112.5,-30.68,1,0,3,9,0,0,0,0,0,0,0,0,0,0,0,0,0,0,0,0,0,0,0,0
2581,Steve Blake,DET,201604170CLE,"Apr 17, 2016",CLE,1,0,2,1,50.0,56.82,-6.82,0,0,0,0,0,0,0,0,0,0,0,0,0,0,0,0,0,0,0,0,0,0,1,1
202697,Iman Shumpert,CLE,201604170CLE,"Apr 17, 2016",DET,2,2,0,2,40.0,50.0,-10.0,1,2,1,0,0,0,0,0,0,0,0,0,0,0,0,0,0,0,0,0,0,0,0,0
2210,Richard Jefferson,CLE,201604170CLE,"Apr 17, 2016",DET,5,4,0,4,50.0,62.5,-12.5,2,2,2,3,0,0,0,0,0,0,0,0,0,0,0,0,0,0,0,0,0,0,0,0
203493,Reggie Bullock Jr.,DET,201604170CLE,"Apr 17, 2016",CLE,8,3,0,3,100.0,133.33,-33.33,1,2,2,6,0,0,0,0,0,0,0,0,0,0,0,0,0,0,0,0,0,0,0,0
203382,Aron Baynes,DET,201604170CLE,"Apr 17, 2016",CLE,3,1,1,1,100.0,104.17,-4.17,0,0,0,0,0,0,0,0,1,3,0,0,0,0,0,0,0,0,0,0,0,0,0,0
202389,Timofey Mozgov,DET,201604170CLE,"Apr 17, 2016",CLE,0,1,0,1,0.0,0.0,0.0,1,0,0,0,0,0,0,0,0,0,0,0,0,0,0,0,0,0,0,0,0,0,0,0
2736,Luol Deng,MIA,201604170MIA,"Apr 17, 2016",CHA,31,13,7,15,79.49,96.39,-16.9,5,10,6,12,1,2,1,2,2,5,0,0,0,0,0,0,0,0,0,0,0,0,0,0
2207,Joe Johnson,CHA,201604170MIA,"Apr 17, 2016",MIA,11,8,0,8,61.11,68.75,-7.64,6,8,2,3,0,0,0,0,0,0,0,0,0,0,0,0,0,0,0,0,0,0,0,0
203469,Cody Zeller,CHA,201604170MIA,"Apr 17, 2016",MIA,9,4,4,6,75.0,78.12,-3.12,4,6,0,0,2,3,0,0,0,0,0,0,0,0,0,0,0,0,0,0,0,0,0,0
2548,Dwyane Wade,MIA,201604170MIA,"Apr 17, 2016",CHA,16,16,0,16,48.48,50.0,-1.52,15,16,1,0,0,0,0,0,0,0,0,0,0,0,0,0,0,0,0,0,0,0,0,0
101107,Marvin Williams,CHA,201604170MIA,"Apr 17, 2016",MIA,2,7,0,7,12.5,14.29,-1.79,5,2,2,0,0,0,0,0,0,0,0,0,0,0,0,0,0,0,0,0,0,0,0,0
202355,Hassan Whiteside,MIA,201604170MIA,"Apr 17, 2016",CHA,21,11,5,13,77.78,79.55,-1.77,10,16,0,0,2,3,0,0,1,2,0,0,0,0,0,0,0,0,0,0,0,0,0,0
201584,Courtney Lee,CHA,201604170MIA,"Apr 17, 2016",MIA,8,6,4,8,47.06,51.55,-4.49,5,4,1,0,2,4,0,0,0,0,0,0,0,0,0,0,0,0,0,0,0,0,0,0
202689,Kemba Walker,CHA,201604170MIA,"Apr 17, 2016",MIA,19,13,5,15,52.78,62.5,-9.72,7,6,5,6,1,2,0,0,1,3,0,0,0,0,0,0,0,0,0,0,0,0,1,2
201609,Goran Dragic,MIA,201604170MIA,"Apr 17, 2016",CHA,9,8,6,11,39.13,42.29,-3.16,7,4,1,0,3,5,0,0,0,0,0,0,0,0,0,0,0,0,0,0,0,0,0,0
201587,Nicolas Batum,CHA,201604170MIA,"Apr 17, 2016",MIA,24,14,10,18,53.33,65.22,-11.89,6,6,7,9,3,4,1,2,1,3,0,0,0,0,0,0,0,0,0,0,0,0,0,0
1626159,Justise Winslow,MIA,201604170MIA,"Apr 17, 2016",CHA,8,6,0,6,61.54,66.67,-5.13,5,8,1,0,0,0,0,0,0,0,0,0,0,0,0,0,0,0,0,0,0,0,0,0
2744,Al Jefferson,CHA,201604170MIA,"Apr 17, 2016",MIA,13,8,6,11,59.09,61.09,-2.0,8,8,0,0,3,5,0,0,0,0,0,0,0,0,0,0,0,0,0,0,0,0,0,0
1626196,Josh Richardson,MIA,201604170MIA,"Apr 17, 2016",CHA,8,11,0,11,29.63,36.36,-6.73,6,2,5,6,0,0,0,0,0,0,0,0,0,0,0,0,0,0,0,0,0,0,0,0
1626163,Frank Kaminsky,CHA,201604170MIA,"Apr 17, 2016",MIA,0,0,2,1,0.0,0.0,0.0,0,0,0,0,1,0,0,0,0,0,0,0,0,0,0,0,0,0,0,0,0,0,0,0
202391,Jeremy Lin,CHA,201604170MIA,"Apr 17, 2016",MIA,9,4,6,7,64.29,67.77,-3.48,4,4,0,0,2,4,0,0,0,0,0,0,0,0,0,0,0,0,0,0,0,0,1,1
2405,Amar'e Stoudemire,MIA,201604170MIA,"Apr 17, 2016",CHA,11,6,3,7,73.33,75.14,-1.81,5,6,0,0,1,2,0,0,1,3,0,0,0,0,0,0,0,0,0,0,0,0,0,0
203584,Troy Daniels,CHA,201604170MIA,"Apr 17, 2016",MIA,0,2,0,2,0.0,0.0,0.0,2,0,0,0,0,0,0,0,0,0,0,0,0,0,0,0,0,0,0,0,0,0,0,0
101123,Gerald Green,MIA,201604170MIA,"Apr 17, 2016",CHA,0,3,0,3,0.0,0.0,0.0,3,0,0,0,0,0,0,0,0,0,0,0,0,0,0,0,0,0,0,0,0,0,0,0
203087,Jeremy Lamb,CHA,201604170MIA,"Apr 17, 2016",MIA,4,3,0,3,66.67,66.67,0.0,3,4,0,0,0,0,0,0,0,0,0,0,0,0,0,0,0,0,0,0,0,0,0,0
203268,Jorge Gutierrez,CHA,201604170MIA,"Apr 17, 2016",MIA,0,2,0,2,0.0,0.0,0.0,2,0,0,0,0,0,0,0,0,0,0,0,0,0,0,0,0,0,0,0,0,0,0,0
201150,Spencer Hawes,CHA,201604170MIA,"Apr 17, 2016",MIA,3,2,0,2,50.0,75.0,-25.0,0,0,2,3,0,0,0,0,0,0,0,0,0,0,0,0,0,0,0,0,0,0,0,0
1626153,Delon Wright,MIA,201604170MIA,"Apr 17, 2016",CHA,8,3,0,3,100.0,133.33,-33.33,1,2,2,6,0,0,0,0,0,0,0,0,0,0,0,0,0,0,0,0,0,0,0,0
200746,LaMarcus Aldridge,SAS,201604170SAS,"Apr 17, 2016",MEM,17,15,1,15,54.84,55.05,-0.21,14,14,0,0,0,0,0,0,1,3,0,0,0,0,0,0,0,0,0,0,0,0,0,0
1713,Vince Carter,MEM,201604170SAS,"Apr 17, 2016",SAS,16,7,2,8,84.21,101.52,-17.31,4,8,3,6,1,2,0,0,0,0,0,0,0,0,0,0,0,0,0,0,0,0,0,0
201980,Danny Green,SAS,201604170SAS,"Apr 17, 2016",MEM,3,1,0,1,100.0,150.0,-50.0,0,0,1,3,0,0,0,0,0,0,0,0,0,0,0,0,0,0,0,0,0,0,0,0
2365,Chris Andersen,MEM,201604170SAS,"Apr 17, 2016",SAS,2,3,0,3,33.33,33.33,0.0,3,2,0,0,0,0,0,0,0,0,0,0,0,0,0,0,0,0,0,0,0,0,0,0
202695,Kawhi Leonard,SAS,201604170SAS,"Apr 17, 2016",MEM,20,13,1,14,60.61,74.4,-13.79,7,10,6,9,0,0,0,0,0,0,0,0,1,1,0,0,0,0,0,0,0,0,0,0
2216,Zach Randolph,MEM,201604170SAS,"Apr 17, 2016",SAS,6,13,0,13,23.08,23.08,0.0,13,6,0,0,0,0,0,0,0,0,0,0,0,0,0,0,0,0,0,0,0,0,0,0
200770,Jordan Farmar,MEM,201604170SAS,"Apr 17, 2016",SAS,6,6,0,6,40.0,50.0,-10.0,3,0,3,6,0,0,0,0,0,0,0,0,0,0,0,0,0,0,0,0,0,0,0,0
1495,Tim Duncan,SAS,201604170SAS,"Apr 17, 2016",MEM,7,4,2,5,70.0,71.72,-1.72,4,6,0,0,1,1,0,0,0,0,0,0,0,0,0,0,0,0,0,0,0,0,0,0
2225,Tony Parker,SAS,201604170SAS,"Apr 17, 2016",MEM,15,10,3,11,65.22,66.25,-1.03,9,10,0,0,1,2,0,0,1,3,0,0,0,0,0,0,0,0,0,0,0,0,0,0
2440,Matt Barnes,MEM,201604170SAS,"Apr 17, 2016",SAS,2,7,0,7,11.76,14.29,-2.53,4,2,3,0,0,0,0,0,0,0,0,0,0,0,0,0,0,0,0,0,0,0,0,0
1938,Manu Ginobili,SAS,201604170SAS,"Apr 17, 2016",MEM,2,5,0,5,15.38,20.0,-4.62,2,2,3,0,0,0,0,0,0,0,0,0,0,0,0,0,0,0,0,0,0,0,0,0
2754,Tony Allen,MEM,201604170SAS,"Apr 17, 2016",SAS,7,9,0,9,36.84,38.89,-2.05,8,4,1,3,0,0,0,0,0,0,0,0,0,0,0,0,0,0,0,0,0,0,0,0
2561,David West,SAS,201604170SAS,"Apr 17, 2016",MEM,4,3,2,4,50.0,51.55,-1.55,3,2,0,0,1,2,0,0,0,0,0,0,0,0,0,0,0,0,0,0,0,0,0,0
201988,Patty Mills,SAS,201604170SAS,"Apr 17, 2016",MEM,15,8,4,10,55.56,76.84,-21.28,1,2,7,9,2,4,0,0,0,0,0,0,0,0,0,0,0,0,0,0,0,0,0,0
204098,Xavier Munford,MEM,201604170SAS,"Apr 17, 2016",SAS,4,9,0,9,20.0,22.22,-2.22,7,4,2,0,0,0,0,0,0,0,0,0,0,0,0,0,0,0,0,0,0,0,0,0
203210,JaMychal Green,MEM,201604170SAS,"Apr 17, 2016",SAS,7,7,2,8,43.75,44.42,-0.67,7,6,0,0,1,1,0,0,0,0,0,0,0,0,0,0,0,0,0,0,0,0,0,0
202362,Lance Stephenson,MEM,201604170SAS,"Apr 17, 2016",SAS,14,11,0,11,53.85,63.64,-9.79,7,8,4,6,0,0,0,0,0,0,0,0,0,0,0,0,0,0,0,0,0,0,0,0
2564,Boris Diaw,SAS,201604170SAS,"Apr 17, 2016",MEM,4,6,0,6,30.77,33.33,-2.56,5,4,1,0,0,0,0,0,0,0,0,0,0,0,0,0,0,0,0,0,0,0,0,0
1626185,Jarell Martin,MEM,201604170SAS,"Apr 17, 2016",SAS,5,3,2,4,62.5,64.43,-1.93,3,4,0,0,1,1,0,0,0,0,0,0,0,0,0,0,0,0,0,0,0,0,0,0
203937,Kyle Anderson,SAS,201604170SAS,"Apr 17, 2016",MEM,0,1,0,1,0.0,0.0,0.0,1,0,0,0,0,0,0,0,0,0,0,0,0,0,0,0,0,0,0,0,0,0,0,0
2755,Kevin Martin,SAS,201604170SAS,"Apr 17, 2016",MEM,10,6,0,6,66.67,83.33,-16.66,3,4,3,6,0,0,0,0,0,0,0,0,0,0,0,0,0,0,0,0,0,0,0,0
203798,PJ Hairston,MEM,201604170SAS,"Apr 17, 2016",SAS,5,4,0,4,50.0,62.5,-12.5,2,2,2,3,0,0,0,0,0,0,0,0,0,0,0,0,0,0,0,0,0,0,0,0
1626246,Boban Marjanovic,SAS,201604170SAS,"Apr 17, 2016",MEM,6,5,0,5,60.0,60.0,0.0,5,6,0,0,0,0,0,0,0,0,0,0,0,0,0,0,0,0,0,0,0,0,0,0
203613,Jonathon Simmons,SAS,201604170SAS,"Apr 17, 2016",MEM,3,4,0,4,30.0,37.5,-7.5,2,0,2,3,0,0,0,0,0,0,0,0,0,0,0,0,0,0,0,0,0,0,0,0
201933,Blake Griffin,LAC,201604170LAC,"Apr 17, 2016",POR,19,10,12,15,59.38,62.17,-2.79,8,6,0,0,5,8,0,0,2,5,0,0,0,0,0,0,0,0,0,0,0,0,0,0
202329,Al-Farouq Aminu,POR,201604170LAC,"Apr 17, 2016",LAC,10,12,2,13,29.41,38.82,-9.41,4,2,8,6,1,2,0,0,0,0,0,0,0,0,0,0,0,0,0,0,0,0,0,0
203081,Damian Lillard,POR,201604170LAC,"Apr 17, 2016",LAC,21,17,6,20,43.75,53.46,-9.71,9,8,8,9,1,1,0,0,0,0,0,0,0,0,0,0,0,0,0,0,0,0,2,3
203090,Maurice Harkless,LAC,201604170LAC,"Apr 17, 2016",POR,9,7,4,9,42.86,51.37,-8.51,4,6,3,0,2,3,0,0,0,0,0,0,0,0,0,0,0,0,0,0,0,0,0,0
201599,DeAndre Jordan,LAC,201604170LAC,"Apr 17, 2016",POR,18,7,18,16,56.25,60.32,-4.07,7,10,0,0,2,1,0,0,0,0,0,0,0,0,0,0,0,0,0,0,0,0,7,7
200755,JJ Redick,LAC,201604170LAC,"Apr 17, 2016",POR,17,12,0,12,62.96,70.83,-7.87,9,14,3,3,0,0,0,0,0,0,0,0,0,0,0,0,0,0,0,0,0,0,0,0
101108,Chris Paul,LAC,201604170LAC,"Apr 17, 2016",POR,28,19,6,22,57.14,64.7,-7.56,14,16,5,6,0,0,0,0,0,0,0,0,0,0,0,0,0,0,0,0,0,0,3,6
203468,CJ McCollum,POR,201604170LAC,"Apr 17, 2016",LAC,9,11,2,12,31.03,37.88,-6.85,6,4,5,3,1,2,0,0,0,0,0,0,0,0,0,0,0,0,0,0,0,0,0,0
203459,Allen Crabbe,POR,201604170LAC,"Apr 17, 2016",LAC,6,5,2,6,46.15,51.02,-4.87,4,4,1,0,1,2,0,0,0,0,0,0,0,0,0,0,0,0,0,0,0,0,0,0
203486,Mason Plumlee,POR,201604170LAC,"Apr 17, 2016",LAC,4,6,2,7,28.57,29.07,-0.5,6,2,0,0,1,2,0,0,0,0,0,0,0,0,0,0,0,0,0,0,0,0,0,0
2037,Jamal Crawford,LAC,201604170LAC,"Apr 17, 2016",POR,13,12,0,12,46.43,54.17,-7.74,8,10,4,3,0,0,0,0,0,0,0,0,0,0,0,0,0,0,0,0,0,0,0,0
201945,Gerald Henderson,POR,201604170LAC,"Apr 17, 2016",LAC,16,12,0,12,61.54,66.67,-5.13,10,10,2,6,0,0,0,0,0,0,0,0,0,0,0,0,0,0,0,0,0,0,0,0
202325,Wesley Johnson,LAC,201604170LAC,"Apr 17, 2016",POR,3,2,0,2,50.0,75.0,-25.0,0,0,2,3,0,0,0,0,0,0,0,0,0,0,0,0,0,0,0,0,0,0,0,0
202334,Ed Davis,POR,201604170LAC,"Apr 17, 2016",LAC,6,3,8,7,42.86,46.01,-3.15,3,2,0,0,2,2,0,0,0,0,0,0,0,0,0,0,0,0,0,0,0,0,2,2
203943,Noah Vonleh,POR,201604170LAC,"Apr 17, 2016",LAC,0,2,0,2,0.0,0.0,0.0,2,0,0,0,0,0,0,0,0,0,0,0,0,0,0,0,0,0,0,0,0,0,0,0
201145,Jeff Green,LAC,201604170LAC,"Apr 17, 2016",POR,3,4,2,5,27.27,30.74,-3.47,3,2,1,0,1,1,0,0,0,0,0,0,0,0,0,0,0,0,0,0,0,0,0,0
203085,Austin Rivers,LAC,201604170LAC,"Apr 17, 2016",POR,11,10,0,10,50.0,55.0,-5.0,8,8,2,3,0,0,0,0,0,0,0,0,0,0,0,0,0,0,0,0,0,0,0,0
202332,Cole Aldrich,LAC,201604170LAC,"Apr 17, 2016",POR,1,0,1,1,100.0,113.64,-13.64,0,0,0,0,0,0,0,0,0,0,0,0,0,0,0,0,0,0,0,0,1,1,0,0
1718,Paul Pierce,LAC,201604170LAC,"Apr 17, 2016",POR,2,2,0,2,50.0,50.0,0.0,2,2,0,0,0,0,0,0,0,0,0,0,0,0,0,0,0,0,0,0,0,0,0,0
203148,Brian Roberts,POR,201604170LAC,"Apr 17, 2016",LAC,0,1,0,1,0.0,0.0,0.0,0,0,1,0,0,0,0,0,0,0,0,0,0,0,0,0,0,0,0,0,0,0,0,0
2549,Chris Kaman,POR,201604170LAC,"Apr 17, 2016",LAC,6,4,0,4,75.0,75.0,0.0,4,6,0,0,0,0,0,0,0,0,0,0,0,0,0,0,0,0,0,0,0,0,0,0
1626242,Luis Montero,POR,201604170LAC,"Apr 17, 2016",LAC,3,1,0,1,100.0,150.0,-50.0,0,0,1,3,0,0,0,0,0,0,0,0,0,0,0,0,0,0,0,0,0,0,0,0
1626192,Pat Connaughton,POR,201604170LAC,"Apr 17, 2016",LAC,5,2,0,2,100.0,125.0,-25.0,1,2,1,3,0,0,0,0,0,0,0,0,0,0,0,0,0,0,0,0,0,0,0,0
2449,Luis Scola,TOR,201604180TOR,"Apr 18, 2016",IND,0,1,0,1,0.0,0.0,0.0,0,0,1,0,0,0,0,0,0,0,0,0,0,0,0,0,0,0,0,0,0,0,0,0
202685,Jonas Valančiūnas,TOR,201604180TOR,"Apr 18, 2016",IND,23,18,4,20,57.5,58.2,-0.7,18,20,0,0,2,3,0,0,0,0,0,0,0,0,0,0,0,0,0,0,0,0,0,0
101133,Ian Mahinmi,IND,201604180TOR,"Apr 18, 2016",TOR,5,6,6,9,27.78,28.94,-1.16,6,0,0,0,2,3,0,0,0,0,0,0,0,0,0,0,0,0,0,0,0,0,1,2
201942,DeMar DeRozan,TOR,201604180TOR,"Apr 18, 2016",IND,10,18,0,18,26.32,27.78,-1.46,16,10,2,0,0,0,0,0,0,0,0,0,0,0,0,0,0,0,0,0,0,0,0,0
202730,Lavoy Allen,IND,201604180TOR,"Apr 18, 2016",TOR,2,2,0,2,50.0,50.0,0.0,2,2,0,0,0,0,0,0,0,0,0,0,0,0,0,0,0,0,0,0,0,0,0,0
201960,DeMarre Carroll,TOR,201604180TOR,"Apr 18, 2016",IND,2,3,0,3,33.33,33.33,0.0,3,2,0,0,0,0,0,0,0,0,0,0,0,0,0,0,0,0,0,0,0,0,0,0
200768,Kyle Lowry,TOR,201604180TOR,"Apr 18, 2016",IND,18,13,10,17,43.9,51.72,-7.82,8,8,5,0,2,4,2,6,0,0,0,0,0,0,0,0,0,0,0,0,0,0,0,0
101145,Monta Ellis,IND,201604180TOR,"Apr 18, 2016",TOR,15,12,3,13,51.72,56.31,-4.59,9,8,2,3,1,1,0,0,1,3,0,0,0,0,0,0,0,0,0,0,0,0,0,0
201588,George Hill,IND,201604180TOR,"Apr 18, 2016",TOR,4,5,0,5,30.77,40.0,-9.23,2,4,3,0,0,0,0,0,0,0,0,0,0,0,0,0,0,0,0,0,0,0,0,0
202331,Paul George,IND,201604180TOR,"Apr 18, 2016",TOR,28,15,11,20,63.64,70.56,-6.92,11,10,3,6,5,9,0,0,1,3,0,0,0,0,0,0,0,0,0,0,0,0,0,0
1626181,Norman Powell,TOR,201604180TOR,"Apr 18, 2016",IND,3,6,0,6,20.0,25.0,-5.0,3,0,3,3,0,0,0,0,0,0,0,0,0,0,0,0,0,0,0,0,0,0,0,0
202335,Patrick Patterson,TOR,201604180TOR,"Apr 18, 2016",IND,14,6,2,7,87.5,101.74,-14.24,4,6,2,6,1,2,0,0,0,0,0,0,0,0,0,0,0,0,0,0,0,0,0,0
203524,Solomon Hill,IND,201604180TOR,"Apr 18, 2016",TOR,2,5,0,5,16.67,20.0,-3.33,3,2,2,0,0,0,0,0,0,0,0,0,0,0,0,0,0,0,0,0,0,0,0,0
201155,Rodney Stuckey,IND,201604180TOR,"Apr 18, 2016",TOR,7,6,4,8,41.18,45.1,-3.92,5,2,1,3,1,1,0,0,0,0,0,0,0,0,0,0,0,0,0,0,0,0,1,1
1626167,Myles Turner,IND,201604180TOR,"Apr 18, 2016",TOR,8,5,0,5,72.73,80.0,-7.27,4,8,1,0,0,0,0,0,0,0,0,0,0,0,0,0,0,0,0,0,0,0,0,0
201951,Ty Lawson,IND,201604180TOR,"Apr 18, 2016",TOR,4,4,2,5,33.33,40.98,-7.65,2,2,2,0,0,0,0,0,0,0,0,0,0,0,0,0,0,0,0,0,0,0,1,2
203082,Terrence Ross,TOR,201604180TOR,"Apr 18, 2016",IND,6,4,0,4,50.0,75.0,-25.0,0,0,4,6,0,0,0,0,0,0,0,0,0,0,0,0,0,0,0,0,0,0,0,0
202687,Bismack Biyombo,TOR,201604180TOR,"Apr 18, 2016",IND,6,2,5,4,66.67,71.43,-4.76,1,0,0,0,2,3,0,0,1,3,0,0,0,0,0,0,0,0,0,0,0,0,0,0
202709,Cory Joseph,TOR,201604180TOR,"Apr 18, 2016",IND,16,8,4,10,80.0,81.97,-1.97,8,12,0,0,1,2,0,0,0,0,0,0,0,0,0,0,0,0,0,0,0,0,1,2
101139,CJ Miles,IND,201604180TOR,"Apr 18, 2016",TOR,6,7,2,8,28.57,38.07,-9.5,2,4,5,0,1,2,0,0,0,0,0,0,0,0,0,0,0,0,0,0,0,0,0,0
203922,Glenn Robinson III,IND,201604180TOR,"Apr 18, 2016",TOR,2,1,0,1,100.0,100.0,0.0,1,2,0,0,0,0,0,0,0,0,0,0,0,0,0,0,0,0,0,0,0,0,0,0
1626202,Joe Young,IND,201604180TOR,"Apr 18, 2016",TOR,4,2,2,3,57.14,69.44,-12.3,1,2,1,0,1,2,0,0,0,0,0,0,0,0,0,0,0,0,0,0,0,0,0,0
201574,Jason Thompson,TOR,201604180TOR,"Apr 18, 2016",IND,0,1,0,1,0.0,0.0,0.0,0,0,1,0,0,0,0,0,0,0,0,0,0,0,0,0,0,0,0,0,0,0,0,0
1717,Dirk Nowitzki,OKC,201604180OKC,"Apr 18, 2016",DAL,17,19,2,20,39.53,42.76,-3.23,16,12,3,3,1,2,0,0,0,0,0,0,0,0,0,0,0,0,0,0,0,0,0,0
201566,Russell Westbrook,OKC,201604180OKC,"Apr 18, 2016",DAL,19,22,4,24,35.19,39.98,-4.79,16,14,6,3,2,2,0,0,0,0,0,0,0,0,0,0,0,0,0,0,0,0,0,0
101109,Raymond Felton,DAL,201604180OKC,"Apr 18, 2016",OKC,21,16,7,19,48.84,55.03,-6.19,11,12,4,3,2,3,0,0,1,3,0,0,0,0,0,0,0,0,0,0,0,0,1,0
201142,Kevin Durant,OKC,201604180OKC,"Apr 18, 2016",DAL,21,33,5,36,25.61,29.83,-4.22,22,10,11,6,0,0,1,3,0,0,0,0,2,2,0,0,0,0,0,0,0,0,0,0
202083,Wesley Matthews,DAL,201604180OKC,"Apr 18, 2016",OKC,6,11,0,11,20.69,27.27,-6.58,4,6,7,0,0,0,0,0,0,0,0,0,0,0,0,0,0,0,0,0,0,0,0,0
203500,Steven Adams,OKC,201604180OKC,"Apr 18, 2016",DAL,9,6,2,7,64.29,65.41,-1.12,6,8,0,0,0,0,0,0,0,0,0,0,0,0,0,0,0,0,0,0,0,0,1,1
201586,Serge Ibaka,OKC,201604180OKC,"Apr 18, 2016",DAL,12,7,2,8,60.0,76.14,-16.14,3,4,4,6,1,2,0,0,0,0,0,0,0,0,0,0,0,0,0,0,0,0,0,0
101114,Deron Williams,DAL,201604180OKC,"Apr 18, 2016",OKC,13,9,0,9,56.52,72.22,-15.7,4,4,5,9,0,0,0,0,0,0,0,0,0,0,0,0,0,0,0,0,0,0,0,0
203939,Dwight Powell,DAL,201604180OKC,"Apr 18, 2016",OKC,0,3,2,4,0.0,0.0,0.0,3,0,0,0,1,0,0,0,0,0,0,0,0,0,0,0,0,0,0,0,0,0,0,0
2585,Zaza Pachulia,DAL,201604180OKC,"Apr 18, 2016",OKC,2,6,0,6,16.67,16.67,0.0,6,2,0,0,0,0,0,0,0,0,0,0,0,0,0,0,0,0,0,0,0,0,0,0
203460,Andre Roberson,OKC,201604180OKC,"Apr 18, 2016",DAL,2,3,0,3,28.57,33.33,-4.76,2,2,1,0,0,0,0,0,0,0,0,0,0,0,0,0,0,0,0,0,0,0,0,0
203079,Dion Waiters,OKC,201604180OKC,"Apr 18, 2016",DAL,8,8,1,8,36.36,47.39,-11.03,2,2,5,3,0,0,0,0,1,3,0,0,0,0,0,0,0,0,0,0,0,0,0,0
202713,Kyle Singler,OKC,201604180OKC,"Apr 18, 2016",DAL,0,1,0,1,0.0,0.0,0.0,1,0,0,0,0,0,0,0,0,0,0,0,0,0,0,0,0,0,0,0,0,0,0,0
2734,Devin Harris,DAL,201604180OKC,"Apr 18, 2016",OKC,8,5,4,7,57.14,59.17,-2.03,5,6,0,0,2,2,0,0,0,0,0,0,0,0,0,0,0,0,0,0,0,0,0,0
1626147,Justin Anderson,DAL,201604180OKC,"Apr 18, 2016",OKC,6,6,0,6,50.0,50.0,0.0,6,6,0,0,0,0,0,0,0,0,0,0,0,0,0,0,0,0,0,0,0,0,0,0
202683,Enes Freedom,OKC,201604180OKC,"Apr 18, 2016",DAL,6,7,2,8,35.29,38.07,-2.78,6,4,1,0,1,2,0,0,0,0,0,0,0,0,0,0,0,0,0,0,0,0,0,0
1626257,Salah Mejri,DAL,201604180OKC,"Apr 18, 2016",OKC,12,7,4,9,66.67,68.49,-1.82,7,10,0,0,1,1,0,0,0,0,0,0,0,0,0,0,0,0,0,0,0,0,1,1
200751,Randy Foye,OKC,201604180OKC,"Apr 18, 2016",DAL,0,1,0,1,0.0,0.0,0.0,0,0,1,0,0,0,0,0,0,0,0,0,0,0,0,0,0,0,0,0,0,0,0,0
201627,Anthony Morrow,OKC,201604180OKC,"Apr 18, 2016",DAL,7,4,2,5,53.85,71.72,-17.87,1,2,3,3,1,2,0,0,0,0,0,0,0,0,0,0,0,0,0,0,0,0,0,0
201976,Patrick Beverley,HOU,201604180GSW,"Apr 18, 2016",GSW,13,8,6,11,56.52,61.09,-4.57,7,4,1,3,2,4,0,0,0,0,0,0,0,0,0,0,0,0,0,0,0,0,1,2
202700,Donatas Motiejunas,HOU,201604180GSW,"Apr 18, 2016",GSW,7,10,3,11,29.17,30.92,-1.75,8,4,1,0,1,0,0,0,1,3,0,0,0,0,0,0,0,0,0,0,0,0,0,0
2733,Shaun Livingston,GSW,201604180GSW,"Apr 18, 2016",HOU,16,9,4,11,72.73,74.35,-1.62,9,14,0,0,2,2,0,0,0,0,0,0,0,0,0,0,0,0,0,0,0,0,0,0
2772,Trevor Ariza,HOU,201604180GSW,"Apr 18, 2016",GSW,7,10,0,10,28.0,35.0,-7.0,5,4,5,3,0,0,0,0,0,0,0,0,0,0,0,0,0,0,0,0,0,0,0,0
202691,Klay Thompson,GSW,201604180GSW,"Apr 18, 2016",HOU,34,20,16,28,53.12,62.87,-9.75,11,8,8,9,1,2,0,0,1,3,0,0,2,3,0,0,0,0,0,0,0,0,5,9
203084,Harrison Barnes,GSW,201604180GSW,"Apr 18, 2016",HOU,6,10,4,12,22.22,25.51,-3.29,7,2,3,0,1,2,0,0,0,0,0,0,0,0,0,0,0,0,0,0,0,0,1,2
203110,Draymond Green,GSW,201604180GSW,"Apr 18, 2016",HOU,12,12,6,15,37.5,40.98,-3.48,10,8,2,0,3,4,0,0,0,0,0,0,0,0,0,0,0,0,0,0,0,0,0,0
2730,Dwight Howard,HOU,201604180GSW,"Apr 18, 2016",GSW,12,7,4,9,66.67,68.49,-1.82,7,10,0,0,2,2,0,0,0,0,0,0,0,0,0,0,0,0,0,0,0,0,0,0
201935,James Harden,GSW,201604180GSW,"Apr 18, 2016",HOU,28,19,15,25,45.9,54.69,-8.79,11,12,8,3,2,3,3,8,0,0,0,0,0,0,0,0,0,0,0,0,0,0,1,2
101106,Andrew Bogut,GSW,201604180GSW,"Apr 18, 2016",HOU,10,6,2,7,71.43,72.67,-1.24,6,10,0,0,0,0,0,0,0,0,0,0,0,0,0,0,0,0,0,0,0,0,1,0
2738,Andre Iguodala,GSW,201604180GSW,"Apr 18, 2016",HOU,18,10,2,11,64.29,82.72,-18.43,4,6,6,12,0,0,0,0,0,0,0,0,0,0,0,0,0,0,0,0,0,0,1,0
2746,Josh Smith,HOU,201604180GSW,"Apr 18, 2016",GSW,9,5,0,5,64.29,90.0,-25.71,1,0,4,9,0,0,0,0,0,0,0,0,0,0,0,0,0,0,0,0,0,0,0,0
2571,Leandro Barbosa,GSW,201604180GSW,"Apr 18, 2016",HOU,6,5,0,5,50.0,60.0,-10.0,3,6,2,0,0,0,0,0,0,0,0,0,0,0,0,0,0,0,0,0,0,0,0,0
1891,Jason Terry,HOU,201604180GSW,"Apr 18, 2016",GSW,13,8,2,9,56.52,73.2,-16.68,3,2,5,9,1,2,0,0,0,0,0,0,0,0,0,0,0,0,0,0,0,0,0,0
203105,Festus Ezeli,GSW,201604180GSW,"Apr 18, 2016",HOU,4,2,4,4,50.0,53.19,-3.19,2,2,0,0,0,0,0,0,0,0,0,0,0,0,0,0,0,0,0,0,0,0,2,2
201575,Brandon Rush,GSW,201604180GSW,"Apr 18, 2016",HOU,0,1,0,1,0.0,0.0,0.0,0,0,1,0,0,0,0,0,0,0,0,0,0,0,0,0,0,0,0,0,0,0,0,0
203991,Clint Capela,HOU,201604180GSW,"Apr 18, 2016",GSW,2,1,0,1,100.0,100.0,0.0,1,2,0,0,0,0,0,0,0,0,0,0,0,0,0,0,0,0,0,0,0,0,0,0
201147,Corey Brewer,HOU,201604180GSW,"Apr 18, 2016",GSW,2,1,2,2,50.0,53.19,-3.19,1,0,0,0,1,2,0,0,0,0,0,0,0,0,0,0,0,0,0,0,0,0,0,0
201563,Michael Beasley,HOU,201604180GSW,"Apr 18, 2016",GSW,10,9,1,9,52.63,52.97,-0.34,8,8,0,0,0,0,0,0,1,2,0,0,0,0,0,0,0,0,0,0,0,0,0,0
201578,Marreese Speights,HOU,201604180GSW,"Apr 18, 2016",GSW,9,6,0,6,69.23,75.0,-5.77,5,6,1,3,0,0,0,0,0,0,0,0,0,0,0,0,0,0,0,0,0,0,0,0
203909,KJ McDaniels,HOU,201604180GSW,"Apr 18, 2016",GSW,3,1,0,1,100.0,150.0,-50.0,0,0,1,3,0,0,0,0,0,0,0,0,0,0,0,0,0,0,0,0,0,0,0,0
200794,Paul Millsap,ATL,201604190ATL,"Apr 19, 2016",BOS,4,12,2,13,12.9,15.53,-2.63,7,2,5,0,1,2,0,0,0,0,0,0,0,0,0,0,0,0,0,0,0,0,0,0
203109,Jae Crowder,BOS,201604190ATL,"Apr 19, 2016",ATL,2,9,0,9,9.09,11.11,-2.02,5,2,4,0,0,0,0,0,0,0,0,0,0,0,0,0,0,0,0,0,0,0,0,0
2594,Kyle Korver,ATL,201604190ATL,"Apr 19, 2016",BOS,17,9,0,9,68.0,94.44,-26.44,2,2,7,15,0,0,0,0,0,0,0,0,0,0,0,0,0,0,0,0,0,0,0,0
201952,Jeff Teague,ATL,201604190ATL,"Apr 19, 2016",BOS,13,9,2,10,59.09,65.79,-6.7,7,8,2,3,1,2,0,0,0,0,0,0,0,0,0,0,0,0,0,0,0,0,0,0
203145,Kent Bazemore,ATL,201604190ATL,"Apr 19, 2016",BOS,5,14,0,14,15.15,17.86,-2.71,9,2,5,3,0,0,0,0,0,0,0,0,0,0,0,0,0,0,0,0,0,0,0,0
203096,Jared Sullinger,BOS,201604190ATL,"Apr 19, 2016",ATL,4,5,0,5,40.0,40.0,0.0,5,4,0,0,0,0,0,0,0,0,0,0,0,0,0,0,0,0,0,0,0,0,0,0
201143,Al Horford,ATL,201604190ATL,"Apr 19, 2016",BOS,17,11,2,12,60.71,71.55,-10.84,7,6,4,9,1,2,0,0,0,0,0,0,0,0,0,0,0,0,0,0,0,0,0,0
203935,Marcus Smart,BOS,201604190ATL,"Apr 19, 2016",ATL,3,11,0,11,10.71,13.64,-2.93,5,0,6,3,0,0,0,0,0,0,0,0,0,0,0,0,0,0,0,0,0,0,0,0
1626154,RJ Hunter,BOS,201604190ATL,"Apr 19, 2016",ATL,0,3,0,3,0.0,0.0,0.0,1,0,2,0,0,0,0,0,0,0,0,0,0,0,0,0,0,0,0,0,0,0,0,0
202738,Isaiah Thomas,BOS,201604190ATL,"Apr 19, 2016",ATL,16,15,8,18,36.36,43.2,-6.84,7,2,6,3,3,5,0,0,2,6,0,0,0,0,0,0,0,0,0,0,0,0,0,0
202323,Evan Turner,BOS,201604190ATL,"Apr 19, 2016",ATL,12,12,2,13,42.86,46.58,-3.72,10,10,2,0,0,0,0,0,0,0,0,0,0,0,0,0,0,0,0,0,0,0,1,2
203092,Tyler Zeller,BOS,201604190ATL,"Apr 19, 2016",ATL,4,7,0,7,28.57,28.57,0.0,7,4,0,0,0,0,0,0,0,0,0,0,0,0,0,0,0,0,0,0,0,0,0,0
203488,Mike Muscala,ATL,201604190ATL,"Apr 19, 2016",BOS,4,4,2,5,36.36,40.98,-4.62,3,2,1,0,1,2,0,0,0,0,0,0,0,0,0,0,0,0,0,0,0,0,0,0
200757,Thabo Sefolosha,ATL,201604190ATL,"Apr 19, 2016",BOS,12,5,5,7,70.59,83.33,-12.74,3,6,2,3,0,0,1,2,0,0,0,0,0,0,0,0,0,0,0,0,0,0,1,1
1626179,Terry Rozier,BOS,201604190ATL,"Apr 19, 2016",ATL,10,7,0,7,58.82,71.43,-12.61,4,4,3,6,0,0,0,0,0,0,0,0,0,0,0,0,0,0,0,0,0,0,0,0
203471,Dennis Schröder,ATL,201604190ATL,"Apr 19, 2016",BOS,8,6,2,7,57.14,58.14,-1.0,6,6,0,0,1,2,0,0,0,0,0,0,0,0,0,0,0,0,0,0,0,0,0,0
203501,Tim Hardaway Jr.,ATL,201604190ATL,"Apr 19, 2016",BOS,3,3,1,4,37.5,43.6,-6.1,2,2,1,0,0,0,0,0,0,0,0,0,1,1,0,0,0,0,0,0,0,0,0,0
201973,Jonas Jerebko,BOS,201604190ATL,"Apr 19, 2016",ATL,7,6,0,6,50.0,58.33,-8.33,4,4,2,3,0,0,0,0,0,0,0,0,0,0,0,0,0,0,0,0,0,0,0,0
203118,Mike Scott,ATL,201604190ATL,"Apr 19, 2016",BOS,6,9,0,9,30.0,33.33,-3.33,7,6,2,0,0,0,0,0,0,0,0,0,0,0,0,0,0,0,0,0,0,0,0,0
101161,Amir Johnson,BOS,201604190ATL,"Apr 19, 2016",ATL,14,11,2,12,53.85,58.92,-5.07,9,12,2,0,1,2,0,0,0,0,0,0,0,0,0,0,0,0,0,0,0,0,0,0
1626175,Jordan Mickey,BOS,201604190ATL,"Apr 19, 2016",ATL,0,1,0,1,0.0,0.0,0.0,1,0,0,0,0,0,0,0,0,0,0,0,0,0,0,0,0,0,0,0,0,0,0,0
hollajo02,J. Holland,BOS,201604190ATL,"Apr 19, 2016",ATL,0,1,0,1,0.0,0.0,0.0,0,0,1,0,0,0,0,0,0,0,0,0,0,0,0,0,0,0,0,0,0,0,0,0
200746,LaMarcus Aldridge,SAS,201604190SAS,"Apr 19, 2016",MEM,10,11,0,11,45.45,45.45,0.0,11,10,0,0,0,0,0,0,0,0,0,0,0,0,0,0,0,0,0,0,0,0,0,0
200770,Jordan Farmar,MEM,201604190SAS,"Apr 19, 2016",SAS,8,11,1,12,28.57,34.97,-6.4,6,4,5,3,0,0,0,0,0,0,0,0,1,1,0,0,0,0,0,0,0,0,0,0
1495,Tim Duncan,SAS,201604190SAS,"Apr 19, 2016",MEM,3,1,4,3,50.0,54.35,-4.35,1,0,0,0,2,3,0,0,0,0,0,0,0,0,0,0,0,0,0,0,0,0,0,0
1713,Vince Carter,MEM,201604190SAS,"Apr 19, 2016",SAS,4,7,0,7,26.67,28.57,-1.9,6,4,1,0,0,0,0,0,0,0,0,0,0,0,0,0,0,0,0,0,0,0,0,0
202695,Kawhi Leonard,SAS,201604190SAS,"Apr 19, 2016",MEM,13,10,5,13,52.0,53.28,-1.28,10,8,0,0,2,4,0,0,0,0,0,0,1,1,0,0,0,0,0,0,0,0,0,0
2365,Chris Andersen,MEM,201604190SAS,"Apr 19, 2016",SAS,4,2,0,2,100.0,100.0,0.0,2,4,0,0,0,0,0,0,0,0,0,0,0,0,0,0,0,0,0,0,0,0,0,0
201980,Danny Green,SAS,201604190SAS,"Apr 19, 2016",MEM,6,6,0,6,37.5,50.0,-12.5,2,0,4,6,0,0,0,0,0,0,0,0,0,0,0,0,0,0,0,0,0,0,0,0
2440,Matt Barnes,MEM,201604190SAS,"Apr 19, 2016",SAS,9,11,2,12,32.14,37.88,-5.74,7,4,4,3,1,2,0,0,0,0,0,0,0,0,0,0,0,0,0,0,0,0,0,0
2216,Zach Randolph,MEM,201604190SAS,"Apr 19, 2016",SAS,11,17,2,18,30.56,30.76,-0.2,17,10,0,0,1,1,0,0,0,0,0,0,0,0,0,0,0,0,0,0,0,0,0,0
2225,Tony Parker,SAS,201604190SAS,"Apr 19, 2016",MEM,6,9,0,9,31.58,33.33,-1.75,8,6,1,0,0,0,0,0,0,0,0,0,0,0,0,0,0,0,0,0,0,0,0,0
2754,Tony Allen,MEM,201604190SAS,"Apr 19, 2016",SAS,12,7,7,10,54.55,59.52,-4.97,6,8,1,0,2,2,1,2,0,0,0,0,0,0,0,0,0,0,0,0,0,0,0,0
1938,Manu Ginobili,SAS,201604190SAS,"Apr 19, 2016",MEM,8,3,4,5,72.73,84.03,-11.3,2,2,1,3,1,1,0,0,0,0,0,0,0,0,0,0,0,0,0,0,0,0,1,2
2561,David West,SAS,201604190SAS,"Apr 19, 2016",MEM,6,3,0,3,100.0,100.0,0.0,3,6,0,0,0,0,0,0,0,0,0,0,0,0,0,0,0,0,0,0,0,0,0,0
201988,Patty Mills,SAS,201604190SAS,"Apr 19, 2016",MEM,16,8,4,10,61.54,81.97,-20.43,2,2,6,12,0,0,0,0,0,0,0,0,0,0,0,0,0,0,0,0,0,0,2,2
204098,Xavier Munford,MEM,201604190SAS,"Apr 19, 2016",SAS,6,10,0,10,28.57,30.0,-1.43,9,6,1,0,0,0,0,0,0,0,0,0,0,0,0,0,0,0,0,0,0,0,0,0
1626185,Jarell Martin,MEM,201604190SAS,"Apr 19, 2016",SAS,4,5,4,7,28.57,29.59,-1.02,5,2,0,0,2,2,0,0,0,0,0,0,0,0,0,0,0,0,0,0,0,0,0,0
203937,Kyle Anderson,SAS,201604190SAS,"Apr 19, 2016",MEM,4,4,4,6,33.33,34.72,-1.39,4,0,0,0,1,2,0,0,0,0,0,0,0,0,0,0,0,0,0,0,0,0,1,2
202362,Lance Stephenson,MEM,201604190SAS,"Apr 19, 2016",SAS,4,7,0,7,28.57,28.57,0.0,7,4,0,0,0,0,0,0,0,0,0,0,0,0,0,0,0,0,0,0,0,0,0,0
2564,Boris Diaw,SAS,201604190SAS,"Apr 19, 2016",MEM,6,4,0,4,75.0,75.0,0.0,4,6,0,0,0,0,0,0,0,0,0,0,0,0,0,0,0,0,0,0,0,0,0,0
203210,JaMychal Green,MEM,201604190SAS,"Apr 19, 2016",SAS,6,7,0,7,40.0,42.86,-2.86,6,6,1,0,0,0,0,0,0,0,0,0,0,0,0,0,0,0,0,0,0,0,0,0
2755,Kevin Martin,SAS,201604190SAS,"Apr 19, 2016",MEM,10,4,3,5,71.43,93.98,-22.55,0,0,3,6,1,1,0,0,1,3,0,0,0,0,0,0,0,0,0,0,0,0,0,0
1626246,Boban Marjanovic,SAS,201604190SAS,"Apr 19, 2016",MEM,4,2,2,3,66.67,69.44,-2.77,2,2,0,0,0,0,0,0,0,0,0,0,0,0,0,0,0,0,0,0,0,0,1,2
203798,PJ Hairston,MEM,201604190SAS,"Apr 19, 2016",SAS,0,2,2,3,0.0,0.0,0.0,1,0,1,0,1,0,0,0,0,0,0,0,0,0,0,0,0,0,0,0,0,0,0,0
1889,Andre Miller,SAS,201604190SAS,"Apr 19, 2016",MEM,2,1,2,2,40.0,53.19,-13.19,0,0,1,0,0,0,0,0,0,0,0,0,0,0,0,0,0,0,0,0,0,0,1,2
2736,Luol Deng,MIA,201604200MIA,"Apr 20, 2016",CHA,16,11,3,12,53.33,64.94,-11.61,5,6,5,6,0,0,0,0,1,2,0,0,0,0,0,0,0,0,0,0,0,0,1,2
201587,Nicolas Batum,CHA,201604200MIA,"Apr 20, 2016",MIA,9,11,3,12,31.03,36.53,-5.5,7,6,4,0,0,0,1,3,0,0,0,0,0,0,0,0,0,0,0,0,0,0,0,0
203469,Cody Zeller,CHA,201604200MIA,"Apr 20, 2016",MIA,8,6,3,8,53.33,54.64,-1.31,6,6,0,0,1,1,0,0,0,0,0,0,0,0,0,0,0,0,0,0,0,0,1,1
202355,Hassan Whiteside,MIA,201604200MIA,"Apr 20, 2016",CHA,17,8,1,8,100.0,100.71,-0.71,7,14,0,0,0,0,0,0,1,3,0,0,0,0,0,0,0,0,0,0,0,0,0,0
2548,Dwyane Wade,CHA,201604200MIA,"Apr 20, 2016",MIA,28,22,7,25,54.9,55.82,-0.92,21,20,0,0,1,2,0,0,1,3,0,0,0,0,0,0,0,0,0,0,0,0,2,3
2207,Joe Johnson,MIA,201604200MIA,"Apr 20, 2016",CHA,8,5,2,6,57.14,68.03,-10.89,3,4,2,3,0,0,0,0,0,0,0,0,0,0,0,0,0,0,0,0,0,0,1,1
201584,Courtney Lee,CHA,201604200MIA,"Apr 20, 2016",MIA,12,7,3,8,66.67,72.12,-5.45,5,8,1,0,1,1,0,0,1,3,0,0,0,0,0,0,0,0,0,0,0,0,0,0
202689,Kemba Walker,CHA,201604200MIA,"Apr 20, 2016",MIA,29,29,4,31,42.65,47.14,-4.49,23,22,6,3,2,4,0,0,0,0,0,0,0,0,0,0,0,0,0,0,0,0,0,0
201609,Goran Dragic,MIA,201604200MIA,"Apr 20, 2016",CHA,18,12,4,14,58.06,65.41,-7.35,9,6,3,9,1,2,0,0,0,0,0,0,0,0,0,0,0,0,0,0,0,0,1,1
101107,Marvin Williams,CHA,201604200MIA,"Apr 20, 2016",MIA,0,10,2,11,0.0,0.0,0.0,8,0,2,0,0,0,0,0,0,0,0,0,0,0,0,0,0,0,0,0,0,0,1,0
2744,Al Jefferson,CHA,201604200MIA,"Apr 20, 2016",MIA,25,17,2,18,69.44,69.91,-0.47,17,24,0,0,1,1,0,0,0,0,0,0,0,0,0,0,0,0,0,0,0,0,0,0
202391,Jeremy Lin,CHA,201604200MIA,"Apr 20, 2016",MIA,11,7,8,11,44.0,52.28,-8.28,4,4,3,0,3,5,0,0,0,0,0,0,0,0,0,0,0,0,0,0,0,0,1,2
2405,Amar'e Stoudemire,MIA,201604200MIA,"Apr 20, 2016",CHA,4,3,2,4,50.0,51.55,-1.55,3,2,0,0,1,2,0,0,0,0,0,0,0,0,0,0,0,0,0,0,0,0,0,0
1626196,Josh Richardson,MIA,201604200MIA,"Apr 20, 2016",CHA,15,9,3,10,57.69,72.67,-14.98,4,6,5,6,0,0,1,3,0,0,0,0,0,0,0,0,0,0,0,0,0,0,0,0
1626159,Justise Winslow,MIA,201604200MIA,"Apr 20, 2016",CHA,9,6,0,6,69.23,75.0,-5.77,5,6,1,3,0,0,0,0,0,0,0,0,0,0,0,0,0,0,0,0,0,0,0,0
1626163,Frank Kaminsky,CHA,201604200MIA,"Apr 20, 2016",MIA,4,1,4,3,66.67,72.46,-5.79,1,0,0,0,1,2,0,0,0,0,0,0,0,0,0,0,0,0,0,0,0,0,1,2
201150,Spencer Hawes,CHA,201604200MIA,"Apr 20, 2016",MIA,5,1,4,3,83.33,90.58,-7.25,1,2,0,0,1,2,0,0,0,0,0,0,0,0,0,0,0,0,0,0,0,0,1,1
203083,Andre Drummond,DET,201604200CLE,"Apr 20, 2016",CLE,20,13,16,21,47.62,49.9,-2.28,13,16,0,0,3,1,0,0,0,0,0,0,0,0,0,0,0,0,0,0,0,0,5,3
2544,LeBron James,CLE,201604200CLE,"Apr 20, 2016",DET,27,18,3,19,62.79,69.88,-7.09,13,18,4,6,1,1,0,0,1,2,0,0,0,0,0,0,0,0,0,0,0,0,0,0
203484,Kentavious Caldwell-Pope,DET,201604200CLE,"Apr 20, 2016",CLE,13,12,2,13,40.62,50.47,-9.85,6,6,6,6,1,1,0,0,0,0,0,0,0,0,0,0,0,0,0,0,0,0,0,0
202699,Tobias Harris,DET,201604200CLE,"Apr 20, 2016",CLE,13,11,8,15,41.94,44.77,-2.83,10,6,1,0,3,6,0,0,0,0,0,0,0,0,0,0,0,0,0,0,0,0,1,1
201567,Kevin Love,CLE,201604200CLE,"Apr 20, 2016",DET,16,14,6,17,39.02,48.08,-9.06,7,4,7,9,0,0,0,0,0,0,0,0,0,0,0,0,0,0,0,0,0,0,3,3
202704,Reggie Jackson,DET,201604200CLE,"Apr 20, 2016",CLE,14,14,0,14,50.0,50.0,0.0,14,14,0,0,0,0,0,0,0,0,0,0,0,0,0,0,0,0,0,0,0,0,0,0
202681,Kyrie Irving,CLE,201604200CLE,"Apr 20, 2016",DET,22,18,3,20,47.83,56.94,-9.11,11,8,7,12,1,2,0,0,0,0,0,0,1,0,0,0,0,0,0,0,0,0,0,0
202694,Marcus Morris Sr.,DET,201604200CLE,"Apr 20, 2016",CLE,11,10,6,13,35.48,43.51,-8.03,5,2,5,3,3,6,0,0,0,0,0,0,0,0,0,0,0,0,0,0,0,0,0,0
202389,Timofey Mozgov,CLE,201604200CLE,"Apr 20, 2016",DET,0,1,0,1,0.0,0.0,0.0,1,0,0,0,0,0,0,0,0,0,0,0,0,0,0,0,0,0,0,0,0,0,0,0
2747,JR Smith,CLE,201604200CLE,"Apr 20, 2016",DET,21,13,0,13,56.76,80.77,-24.01,2,0,11,21,0,0,0,0,0,0,0,0,0,0,0,0,0,0,0,0,0,0,0,0
1626169,Stanley Johnson,DET,201604200CLE,"Apr 20, 2016",CLE,9,7,0,7,56.25,64.29,-8.04,5,6,2,3,0,0,0,0,0,0,0,0,0,0,0,0,0,0,0,0,0,0,0,0
202697,Iman Shumpert,CLE,201604200CLE,"Apr 20, 2016",DET,2,4,0,4,20.0,25.0,-5.0,2,2,2,0,0,0,0,0,0,0,0,0,0,0,0,0,0,0,0,0,0,0,0,0
2210,Richard Jefferson,CLE,201604200CLE,"Apr 20, 2016",DET,3,3,0,3,33.33,50.0,-16.67,0,0,3,3,0,0,0,0,0,0,0,0,0,0,0,0,0,0,0,0,0,0,0,0
2581,Steve Blake,DET,201604200CLE,"Apr 20, 2016",CLE,0,2,0,2,0.0,0.0,0.0,1,0,1,0,0,0,0,0,0,0,0,0,0,0,0,0,0,0,0,0,0,0,0,0
203382,Aron Baynes,DET,201604200CLE,"Apr 20, 2016",CLE,2,3,0,3,33.33,33.33,0.0,3,2,0,0,0,0,0,0,0,0,0,0,0,0,0,0,0,0,0,0,0,0,0,0
203493,Reggie Bullock Jr.,DET,201604200CLE,"Apr 20, 2016",CLE,4,3,0,3,57.14,66.67,-9.53,2,4,1,0,0,0,0,0,0,0,0,0,0,0,0,0,0,0,0,0,0,0,0,0
101112,Channing Frye,CLE,201604200CLE,"Apr 20, 2016",DET,3,2,0,2,50.0,75.0,-25.0,0,0,2,3,0,0,0,0,0,0,0,0,0,0,0,0,0,0,0,0,0,0,0,0
203521,Matthew Dellavedova,CLE,201604200CLE,"Apr 20, 2016",DET,8,5,2,6,61.54,68.03,-6.49,4,4,1,3,1,1,0,0,0,0,0,0,0,0,0,0,0,0,0,0,0,0,0,0
201229,Anthony Tolliver,DET,201604200CLE,"Apr 20, 2016",CLE,0,1,0,1,0.0,0.0,0.0,0,0,1,0,0,0,0,0,0,0,0,0,0,0,0,0,0,0,0,0,0,0,0,0
201975,Jodie Meeks,DET,201604200CLE,"Apr 20, 2016",CLE,2,1,0,1,100.0,100.0,0.0,1,2,0,0,0,0,0,0,0,0,0,0,0,0,0,0,0,0,0,0,0,0,0,0
203915,Spencer Dinwiddie,DET,201604200CLE,"Apr 20, 2016",CLE,2,1,0,1,100.0,100.0,0.0,1,2,0,0,0,0,0,0,0,0,0,0,0,0,0,0,0,0,0,0,0,0,0,0
203895,Jordan McRae,CLE,201604200CLE,"Apr 20, 2016",DET,5,2,0,2,100.0,125.0,-25.0,1,2,1,3,0,0,0,0,0,0,0,0,0,0,0,0,0,0,0,0,0,0,0,0
201599,DeAndre Jordan,LAC,201604200LAC,"Apr 20, 2016",POR,3,4,6,7,21.43,22.59,-1.16,4,2,0,0,0,0,0,0,0,0,0,0,0,0,0,0,0,0,0,0,0,0,3,1
203468,CJ McCollum,POR,201604200LAC,"Apr 20, 2016",LAC,16,17,2,18,37.21,44.74,-7.53,10,8,7,6,1,2,0,0,0,0,0,0,0,0,0,0,0,0,0,0,0,0,0,0
203486,Mason Plumlee,LAC,201604200LAC,"Apr 20, 2016",POR,17,7,9,11,73.91,77.55,-3.64,6,8,0,0,3,5,0,0,1,3,0,0,0,0,0,0,0,0,0,0,0,0,1,1
101108,Chris Paul,LAC,201604200LAC,"Apr 20, 2016",POR,25,22,3,24,47.17,53.6,-6.43,16,16,6,6,0,0,0,0,0,0,0,0,1,1,0,0,0,0,0,0,0,0,1,2
202329,Al-Farouq Aminu,LAC,201604200LAC,"Apr 20, 2016",POR,9,13,0,13,27.27,34.62,-7.35,6,6,7,3,0,0,0,0,0,0,0,0,0,0,0,0,0,0,0,0,0,0,0,0
201933,Blake Griffin,LAC,201604200LAC,"Apr 20, 2016",POR,12,12,6,15,40.0,40.98,-0.98,12,8,0,0,2,2,0,0,0,0,0,0,0,0,0,0,0,0,0,0,0,0,1,2
203081,Damian Lillard,POR,201604200LAC,"Apr 20, 2016",LAC,17,22,5,24,30.91,35.12,-4.21,15,10,6,0,1,2,0,0,1,3,0,0,0,0,0,0,0,0,0,0,0,0,1,2
200755,JJ Redick,LAC,201604200LAC,"Apr 20, 2016",POR,17,15,1,15,43.59,55.05,-11.46,7,8,7,6,0,0,0,0,0,0,1,3,0,0,0,0,0,0,0,0,0,0,0,0
203090,Maurice Harkless,POR,201604200LAC,"Apr 20, 2016",LAC,12,13,0,13,40.0,46.15,-6.15,9,6,4,6,0,0,0,0,0,0,0,0,0,0,0,0,0,0,0,0,0,0,0,0
201601,Luc Mbah a Moute,LAC,201604200LAC,"Apr 20, 2016",POR,2,1,0,1,100.0,100.0,0.0,1,2,0,0,0,0,0,0,0,0,0,0,0,0,0,0,0,0,0,0,0,0,0,0
2549,Chris Kaman,POR,201604200LAC,"Apr 20, 2016",LAC,4,6,0,6,33.33,33.33,0.0,6,4,0,0,0,0,0,0,0,0,0,0,0,0,0,0,0,0,0,0,0,0,0,0
202334,Ed Davis,POR,201604200LAC,"Apr 20, 2016",LAC,2,2,0,2,50.0,50.0,0.0,2,2,0,0,0,0,0,0,0,0,0,0,0,0,0,0,0,0,0,0,0,0,0,0
2037,Jamal Crawford,LAC,201604200LAC,"Apr 20, 2016",POR,11,10,3,11,44.0,48.59,-4.59,8,6,2,3,0,0,1,2,0,0,0,0,0,0,0,0,0,0,0,0,0,0,0,0
201945,Gerald Henderson,POR,201604200LAC,"Apr 20, 2016",LAC,4,6,0,6,30.77,33.33,-2.56,5,4,1,0,0,0,0,0,0,0,0,0,0,0,0,0,0,0,0,0,0,0,0,0
202325,Wesley Johnson,LAC,201604200LAC,"Apr 20, 2016",POR,5,3,0,3,62.5,83.33,-20.83,1,2,2,3,0,0,0,0,0,0,0,0,0,0,0,0,0,0,0,0,0,0,0,0
201145,Jeff Green,LAC,201604200LAC,"Apr 20, 2016",POR,10,5,5,7,66.67,69.44,-2.77,4,4,0,0,2,3,0,0,1,3,0,0,0,0,0,0,0,0,0,0,0,0,0,0
203085,Austin Rivers,LAC,201604200LAC,"Apr 20, 2016",POR,9,9,1,9,40.91,47.67,-6.76,5,4,3,3,0,0,0,0,1,2,0,0,0,0,0,0,0,0,0,0,0,0,0,0
203459,Allen Crabbe,POR,201604200LAC,"Apr 20, 2016",LAC,0,3,0,3,0.0,0.0,0.0,2,0,1,0,0,0,0,0,0,0,0,0,0,0,0,0,0,0,0,0,0,0,0,0
202332,Cole Aldrich,LAC,201604200LAC,"Apr 20, 2016",POR,8,6,0,6,66.67,66.67,0.0,6,8,0,0,0,0,0,0,0,0,0,0,0,0,0,0,0,0,0,0,0,0,0,0
1626192,Pat Connaughton,POR,201604200LAC,"Apr 20, 2016",LAC,0,1,0,1,0.0,0.0,0.0,1,0,0,0,0,0,0,0,0,0,0,0,0,0,0,0,0,0,0,0,0,0,0,0
203943,Noah Vonleh,POR,201604200LAC,"Apr 20, 2016",LAC,0,1,0,1,0.0,0.0,0.0,1,0,0,0,0,0,0,0,0,0,0,0,0,0,0,0,0,0,0,0,0,0,0,0
201566,Russell Westbrook,OKC,201604210DAL,"Apr 21, 2016",DAL,26,16,9,20,59.09,65.13,-6.04,12,12,3,6,4,5,0,0,1,3,0,0,0,0,0,0,0,0,0,0,0,0,0,0
1717,Dirk Nowitzki,DAL,201604210DAL,"Apr 21, 2016",OKC,16,12,3,13,57.14,60.06,-2.92,10,12,1,0,0,0,0,0,1,3,0,0,0,0,0,0,0,0,0,0,0,0,1,1
203460,Andre Roberson,OKC,201604210DAL,"Apr 21, 2016",DAL,5,1,2,2,100.0,132.98,-32.98,0,0,1,3,0,0,0,0,0,0,0,0,0,0,0,0,0,0,0,0,0,0,1,2
200826,J.J. Barea,DAL,201604210DAL,"Apr 21, 2016",OKC,15,14,2,15,44.12,50.4,-6.28,10,10,4,3,1,2,0,0,0,0,0,0,0,0,0,0,0,0,0,0,0,0,0,0
201586,Serge Ibaka,OKC,201604210DAL,"Apr 21, 2016",DAL,16,9,0,9,80.0,88.89,-8.89,7,10,2,6,0,0,0,0,0,0,0,0,0,0,0,0,0,0,0,0,0,0,0,0
101109,Raymond Felton,DAL,201604210DAL,"Apr 21, 2016",OKC,18,15,2,16,52.94,56.68,-3.74,13,14,2,3,1,1,0,0,0,0,0,0,0,0,0,0,0,0,0,0,0,0,0,0
201142,Kevin Durant,OKC,201604210DAL,"Apr 21, 2016",DAL,34,25,11,29,48.57,56.97,-8.4,13,10,9,9,1,2,0,0,3,8,0,0,0,0,0,0,0,0,0,0,0,0,3,5
202083,Wesley Matthews,DAL,201604210DAL,"Apr 21, 2016",OKC,22,13,10,17,51.16,63.22,-12.06,6,6,7,9,1,2,2,4,0,0,0,0,0,0,0,0,0,0,0,0,0,0,1,1
203500,Steven Adams,DAL,201604210DAL,"Apr 21, 2016",OKC,4,4,0,4,50.0,50.0,0.0,4,4,0,0,0,0,0,0,0,0,0,0,0,0,0,0,0,0,0,0,0,0,0,0
2585,Zaza Pachulia,DAL,201604210DAL,"Apr 21, 2016",OKC,5,1,6,4,62.5,68.68,-6.18,1,0,0,0,0,0,0,0,0,0,0,0,0,0,0,0,0,0,0,0,0,0,3,5
101135,David Lee,DAL,201604210DAL,"Apr 21, 2016",OKC,6,3,0,3,100.0,100.0,0.0,3,6,0,0,0,0,0,0,0,0,0,0,0,0,0,0,0,0,0,0,0,0,0,0
2734,Devin Harris,DAL,201604210DAL,"Apr 21, 2016",OKC,5,5,2,6,33.33,42.52,-9.19,2,4,3,0,1,1,0,0,0,0,0,0,0,0,0,0,0,0,0,0,0,0,0,0
203079,Dion Waiters,OKC,201604210DAL,"Apr 21, 2016",DAL,19,11,1,11,61.29,83.04,-21.75,2,4,8,12,0,0,0,0,1,3,0,0,0,0,0,0,0,0,0,0,0,0,0,0
1626257,Salah Mejri,DAL,201604210DAL,"Apr 21, 2016",OKC,0,1,2,2,0.0,0.0,0.0,1,0,0,0,0,0,0,0,0,0,0,0,0,0,0,0,0,0,0,0,0,0,1,0
202683,Enes Freedom,OKC,201604210DAL,"Apr 21, 2016",DAL,21,7,10,12,84.0,92.11,-8.11,6,10,1,3,3,5,0,0,0,0,0,0,0,0,0,0,0,0,0,0,0,0,2,3
200751,Randy Foye,OKC,201604210DAL,"Apr 21, 2016",DAL,3,3,0,3,37.5,50.0,-12.5,1,0,2,3,0,0,0,0,0,0,0,0,0,0,0,0,0,0,0,0,0,0,0,0
1626147,Justin Anderson,DAL,201604210DAL,"Apr 21, 2016",OKC,12,8,6,11,46.15,56.39,-10.24,4,4,4,3,3,5,0,0,0,0,0,0,0,0,0,0,0,0,0,0,0,0,0,0
101111,Charlie Villanueva,DAL,201604210DAL,"Apr 21, 2016",OKC,2,2,0,2,40.0,50.0,-10.0,1,2,1,0,0,0,0,0,0,0,0,0,0,0,0,0,0,0,0,0,0,0,0,0
203939,Dwight Powell,DAL,201604210DAL,"Apr 21, 2016",OKC,0,1,0,1,0.0,0.0,0.0,0,0,1,0,0,0,0,0,0,0,0,0,0,0,0,0,0,0,0,0,0,0,0,0
201580,JaVale McGee,DAL,201604210DAL,"Apr 21, 2016",OKC,1,1,2,2,25.0,26.6,-1.6,1,0,0,0,1,1,0,0,0,0,0,0,0,0,0,0,0,0,0,0,0,0,0,0
1626166,Cameron Payne,OKC,201604210DAL,"Apr 21, 2016",DAL,0,1,2,2,0.0,0.0,0.0,1,0,0,0,1,0,0,0,0,0,0,0,0,0,0,0,0,0,0,0,0,0,0,0
203962,Josh Huestis,OKC,201604210DAL,"Apr 21, 2016",DAL,3,1,0,1,100.0,150.0,-50.0,0,0,1,3,0,0,0,0,0,0,0,0,0,0,0,0,0,0,0,0,0,0,0,0
202331,Paul George,IND,201604210IND,"Apr 21, 2016",TOR,25,19,12,25,43.1,51.48,-8.38,11,10,8,3,4,8,0,0,0,0,0,0,0,0,0,0,0,0,0,0,0,0,2,4
200768,Kyle Lowry,TOR,201604210IND,"Apr 21, 2016",IND,21,21,2,22,38.89,47.99,-9.1,10,6,10,12,0,0,0,0,1,2,0,0,1,1,0,0,0,0,0,0,0,0,0,0
202730,Lavoy Allen,IND,201604210IND,"Apr 21, 2016",TOR,0,2,0,2,0.0,0.0,0.0,2,0,0,0,0,0,0,0,0,0,0,0,0,0,0,0,0,0,0,0,0,0,0,0
201588,George Hill,IND,201604210IND,"Apr 21, 2016",TOR,13,7,6,10,54.17,67.43,-13.26,3,2,4,6,2,3,0,0,0,0,0,0,0,0,0,0,0,0,0,0,0,0,1,2
201942,DeMar DeRozan,TOR,201604210IND,"Apr 21, 2016",IND,21,19,9,24,42.86,45.73,-2.87,16,12,2,0,3,4,0,0,1,3,0,0,2,2,0,0,0,0,0,0,0,0,0,0
202685,Jonas Valančiūnas,IND,201604210IND,"Apr 21, 2016",TOR,9,8,3,9,47.37,48.28,-0.91,7,4,0,0,1,2,0,0,1,3,0,0,0,0,0,0,0,0,0,0,0,0,0,0
201960,DeMarre Carroll,TOR,201604210IND,"Apr 21, 2016",IND,17,16,0,16,41.46,53.12,-11.66,7,8,9,9,0,0,0,0,0,0,0,0,0,0,0,0,0,0,0,0,0,0,0,0
2449,Luis Scola,TOR,201604210IND,"Apr 21, 2016",IND,3,4,0,4,27.27,37.5,-10.23,1,0,3,3,0,0,0,0,0,0,0,0,0,0,0,0,0,0,0,0,0,0,0,0
101133,Ian Mahinmi,IND,201604210IND,"Apr 21, 2016",TOR,7,5,4,7,50.0,51.78,-1.78,5,6,0,0,1,0,0,0,0,0,0,0,0,0,0,0,0,0,0,0,0,0,1,1
101145,Monta Ellis,IND,201604210IND,"Apr 21, 2016",TOR,7,9,2,10,31.82,35.43,-3.61,7,6,2,0,1,1,0,0,0,0,0,0,0,0,0,0,0,0,0,0,0,0,0,0
202687,Bismack Biyombo,TOR,201604210IND,"Apr 21, 2016",IND,6,5,0,5,60.0,60.0,0.0,5,6,0,0,0,0,0,0,0,0,0,0,0,0,0,0,0,0,0,0,0,0,0,0
201155,Rodney Stuckey,IND,201604210IND,"Apr 21, 2016",TOR,5,2,3,3,71.43,75.3,-3.87,2,2,0,0,0,0,1,3,0,0,0,0,0,0,0,0,0,0,0,0,0,0,0,0
203524,Solomon Hill,IND,201604210IND,"Apr 21, 2016",TOR,8,5,2,6,53.33,68.03,-14.7,2,0,3,6,1,2,0,0,0,0,0,0,0,0,0,0,0,0,0,0,0,0,0,0
202335,Patrick Patterson,TOR,201604210IND,"Apr 21, 2016",IND,7,7,2,8,33.33,44.42,-11.09,2,2,5,3,1,2,0,0,0,0,0,0,0,0,0,0,0,0,0,0,0,0,0,0
1626167,Myles Turner,IND,201604210IND,"Apr 21, 2016",TOR,17,12,4,14,60.71,61.77,-1.06,12,14,0,0,1,1,0,0,0,0,0,0,0,0,0,0,0,0,0,0,0,0,1,2
202709,Cory Joseph,TOR,201604210IND,"Apr 21, 2016",IND,10,10,0,10,47.62,50.0,-2.38,9,10,1,0,0,0,0,0,0,0,0,0,0,0,0,0,0,0,0,0,0,0,0,0
203082,Terrence Ross,TOR,201604210IND,"Apr 21, 2016",IND,5,3,0,3,62.5,83.33,-20.83,1,2,2,3,0,0,0,0,0,0,0,0,0,0,0,0,0,0,0,0,0,0,0,0
201951,Ty Lawson,IND,201604210IND,"Apr 21, 2016",TOR,0,1,0,1,0.0,0.0,0.0,1,0,0,0,0,0,0,0,0,0,0,0,0,0,0,0,0,0,0,0,0,0,0,0
101139,CJ Miles,IND,201604210IND,"Apr 21, 2016",TOR,0,3,0,3,0.0,0.0,0.0,0,0,3,0,0,0,0,0,0,0,0,0,0,0,0,0,0,0,0,0,0,0,0,0
1626181,Norman Powell,TOR,201604210IND,"Apr 21, 2016",IND,2,1,0,1,100.0,100.0,0.0,1,2,0,0,0,0,0,0,0,0,0,0,0,0,0,0,0,0,0,0,0,0,0,0
203922,Glenn Robinson III,IND,201604210IND,"Apr 21, 2016",TOR,0,1,0,1,0.0,0.0,0.0,1,0,0,0,0,0,0,0,0,0,0,0,0,0,0,0,0,0,0,0,0,0,0,0
1626202,Joe Young,IND,201604210IND,"Apr 21, 2016",TOR,3,2,0,2,50.0,75.0,-25.0,0,0,2,3,0,0,0,0,0,0,0,0,0,0,0,0,0,0,0,0,0,0,0,0
2730,Dwight Howard,HOU,201604210HOU,"Apr 21, 2016",GSW,13,9,6,12,54.17,55.84,-1.67,9,12,0,0,1,1,0,0,0,0,0,0,0,0,0,0,0,0,0,0,0,0,2,0
101106,Andrew Bogut,GSW,201604210HOU,"Apr 21, 2016",HOU,2,2,0,2,50.0,50.0,0.0,2,2,0,0,0,0,0,0,0,0,0,0,0,0,0,0,0,0,0,0,0,0,0,0
203084,Harrison Barnes,GSW,201604210HOU,"Apr 21, 2016",HOU,9,7,2,8,47.37,57.11,-9.74,4,4,3,3,1,2,0,0,0,0,0,0,0,0,0,0,0,0,0,0,0,0,0,0
201976,Patrick Beverley,HOU,201604210HOU,"Apr 21, 2016",GSW,10,12,0,12,35.71,41.67,-5.96,8,4,4,6,0,0,0,0,0,0,0,0,0,0,0,0,0,0,0,0,0,0,0,0
202700,Donatas Motiejunas,HOU,201604210HOU,"Apr 21, 2016",GSW,14,11,2,12,51.85,58.92,-7.07,8,6,3,6,0,0,0,0,0,0,0,0,0,0,0,0,0,0,0,0,0,0,1,2
203110,Draymond Green,GSW,201604210HOU,"Apr 21, 2016",HOU,9,9,6,12,34.62,38.66,-4.04,7,6,2,0,3,3,0,0,0,0,0,0,0,0,0,0,0,0,0,0,0,0,0,0
2772,Trevor Ariza,HOU,201604210HOU,"Apr 21, 2016",GSW,7,12,0,12,23.33,29.17,-5.84,6,4,6,3,0,0,0,0,0,0,0,0,0,0,0,0,0,0,0,0,0,0,0,0
2733,Shaun Livingston,HOU,201604210HOU,"Apr 21, 2016",GSW,16,13,4,15,53.33,54.2,-0.87,13,12,0,0,2,4,0,0,0,0,0,0,0,0,0,0,0,0,0,0,0,0,0,0
202691,Klay Thompson,GSW,201604210HOU,"Apr 21, 2016",HOU,17,20,5,23,32.69,38.29,-5.6,13,14,7,0,1,1,0,0,0,0,0,0,1,1,0,0,0,0,0,0,0,0,1,1
201935,James Harden,HOU,201604210HOU,"Apr 21, 2016",GSW,35,26,11,31,45.45,56.74,-11.29,12,14,13,9,5,8,0,0,0,0,1,4,0,0,0,0,0,0,0,0,0,0,0,0
203105,Festus Ezeli,GSW,201604210HOU,"Apr 21, 2016",HOU,2,4,0,4,25.0,25.0,0.0,4,2,0,0,0,0,0,0,0,0,0,0,0,0,0,0,0,0,0,0,0,0,0,0
2738,Andre Iguodala,GSW,201604210HOU,"Apr 21, 2016",HOU,7,5,2,6,46.67,59.52,-12.85,2,2,3,3,1,2,0,0,0,0,0,0,0,0,0,0,0,0,0,0,0,0,0,0
2746,Josh Smith,HOU,201604210HOU,"Apr 21, 2016",GSW,0,1,2,2,0.0,0.0,0.0,0,0,1,0,0,0,0,0,0,0,0,0,0,0,0,0,0,0,0,0,0,0,1,0
2571,Leandro Barbosa,GSW,201604210HOU,"Apr 21, 2016",HOU,0,1,0,1,0.0,0.0,0.0,0,0,1,0,0,0,0,0,0,0,0,0,0,0,0,0,0,0,0,0,0,0,0,0
203949,James Michael McAdoo,GSW,201604210HOU,"Apr 21, 2016",HOU,1,0,2,1,50.0,56.82,-6.82,0,0,0,0,1,1,0,0,0,0,0,0,0,0,0,0,0,0,0,0,0,0,0,0
203991,Clint Capela,HOU,201604210HOU,"Apr 21, 2016",GSW,0,1,0,1,0.0,0.0,0.0,1,0,0,0,0,0,0,0,0,0,0,0,0,0,0,0,0,0,0,0,0,0,0,0
1891,Jason Terry,HOU,201604210HOU,"Apr 21, 2016",GSW,6,10,0,10,23.08,30.0,-6.92,4,0,6,6,0,0,0,0,0,0,0,0,0,0,0,0,0,0,0,0,0,0,0,0
201563,Michael Beasley,HOU,201604210HOU,"Apr 21, 2016",GSW,12,10,2,11,50.0,55.15,-5.15,8,10,2,0,0,0,0,0,0,0,0,0,0,0,0,0,0,0,0,0,0,0,1,2
201578,Marreese Speights,GSW,201604210HOU,"Apr 21, 2016",HOU,22,11,6,14,64.71,80.65,-15.94,5,8,6,9,3,5,0,0,0,0,0,0,0,0,0,0,0,0,0,0,0,0,0,0
203546,Ian Clark,GSW,201604210HOU,"Apr 21, 2016",HOU,11,7,2,8,57.89,69.8,-11.91,4,6,3,3,1,2,0,0,0,0,0,0,0,0,0,0,0,0,0,0,0,0,0,0
203083,Andre Drummond,DET,201604220DET,"Apr 22, 2016",CLE,17,14,6,16,50.0,51.08,-1.08,12,12,0,0,0,0,0,0,2,4,0,0,0,0,0,0,0,0,0,0,0,0,2,1
2544,LeBron James,CLE,201604220DET,"Apr 22, 2016",DET,20,24,5,26,33.9,38.17,-4.27,17,12,6,3,1,1,0,0,1,3,0,0,0,0,0,0,0,0,0,0,0,0,1,1
203484,Kentavious Caldwell-Pope,DET,201604220DET,"Apr 22, 2016",CLE,18,14,1,14,48.65,62.33,-13.68,5,6,8,9,0,0,0,0,1,3,0,0,0,0,0,0,0,0,0,0,0,0,0,0
2747,JR Smith,CLE,201604220DET,"Apr 22, 2016",DET,9,9,0,9,34.62,50.0,-15.38,1,0,8,9,0,0,0,0,0,0,0,0,0,0,0,0,0,0,0,0,0,0,0,0
202694,Marcus Morris Sr.,DET,201604220DET,"Apr 22, 2016",CLE,16,11,6,14,53.33,58.65,-5.32,9,10,2,0,3,6,0,0,0,0,0,0,0,0,0,0,0,0,0,0,0,0,0,0
202699,Tobias Harris,DET,201604220DET,"Apr 22, 2016",CLE,13,10,0,10,56.52,65.0,-8.48,7,10,3,3,0,0,0,0,0,0,0,0,0,0,0,0,0,0,0,0,0,0,0,0
201567,Kevin Love,CLE,201604220DET,"Apr 22, 2016",DET,20,10,6,13,68.97,79.11,-10.14,7,12,3,3,2,3,0,0,0,0,0,0,0,0,0,0,0,0,0,0,0,0,1,2
202704,Reggie Jackson,DET,201604220DET,"Apr 22, 2016",CLE,13,16,2,17,30.95,38.51,-7.56,8,8,8,3,1,2,0,0,0,0,0,0,0,0,0,0,0,0,0,0,0,0,0,0
202684,Tristan Thompson,CLE,201604220DET,"Apr 22, 2016",DET,8,7,1,7,53.33,53.76,-0.43,6,6,0,0,0,0,0,0,1,2,0,0,0,0,0,0,0,0,0,0,0,0,0,0
202681,Kyrie Irving,CLE,201604220DET,"Apr 22, 2016",DET,26,20,1,21,55.32,63.6,-8.28,14,16,6,9,0,0,0,0,0,0,0,0,1,1,0,0,0,0,0,0,0,0,0,0
202697,Iman Shumpert,CLE,201604220DET,"Apr 22, 2016",DET,6,5,0,5,46.15,60.0,-13.85,2,0,3,6,0,0,0,0,0,0,0,0,0,0,0,0,0,0,0,0,0,0,0,0
201229,Anthony Tolliver,DET,201604220DET,"Apr 22, 2016",CLE,2,2,0,2,40.0,50.0,-10.0,1,2,1,0,0,0,0,0,0,0,0,0,0,0,0,0,0,0,0,0,0,0,0,0
2581,Steve Blake,DET,201604220DET,"Apr 22, 2016",CLE,0,1,0,1,0.0,0.0,0.0,1,0,0,0,0,0,0,0,0,0,0,0,0,0,0,0,0,0,0,0,0,0,0,0
203382,Aron Baynes,DET,201604220DET,"Apr 22, 2016",CLE,3,2,2,3,50.0,52.08,-2.08,2,2,0,0,0,0,0,0,0,0,0,0,0,0,0,0,0,0,0,0,0,0,1,1
203521,Matthew Dellavedova,CLE,201604220DET,"Apr 22, 2016",DET,12,5,2,6,80.0,102.04,-22.04,2,4,3,6,0,0,0,0,0,0,0,0,0,0,0,0,0,0,0,0,0,0,1,2
1626169,Stanley Johnson,DET,201604220DET,"Apr 22, 2016",CLE,9,4,2,5,81.82,92.21,-10.39,3,4,1,3,1,2,0,0,0,0,0,0,0,0,0,0,0,0,0,0,0,0,0,0
201973,Jonas Jerebko,BOS,201604220BOS,"Apr 22, 2016",ATL,11,12,0,12,39.29,45.83,-6.54,8,8,4,3,0,0,0,0,0,0,0,0,0,0,0,0,0,0,0,0,0,0,0,0
101161,Amir Johnson,BOS,201604220BOS,"Apr 22, 2016",ATL,15,8,2,9,83.33,84.46,-1.13,8,14,0,0,0,0,0,0,0,0,0,0,0,0,0,0,0,0,0,0,0,0,1,1
202738,Isaiah Thomas,BOS,201604220BOS,"Apr 22, 2016",ATL,42,24,15,30,56.0,68.63,-12.63,9,8,12,15,3,5,0,0,3,9,0,0,1,2,1,1,0,0,0,0,0,0,1,2
200794,Paul Millsap,ATL,201604220BOS,"Apr 22, 2016",BOS,8,9,2,10,38.1,40.49,-2.39,8,6,1,0,1,2,0,0,0,0,0,0,0,0,0,0,0,0,0,0,0,0,0,0
2594,Kyle Korver,BOS,201604220BOS,"Apr 22, 2016",ATL,17,10,0,10,58.62,85.0,-26.38,1,2,9,15,0,0,0,0,0,0,0,0,0,0,0,0,0,0,0,0,0,0,0,0
202323,Evan Turner,BOS,201604220BOS,"Apr 22, 2016",ATL,17,14,6,16,45.95,51.08,-5.13,9,6,3,3,2,2,0,0,2,6,0,0,0,0,0,0,0,0,0,0,0,0,0,0
201952,Jeff Teague,ATL,201604220BOS,"Apr 22, 2016",BOS,23,17,9,21,48.94,54.87,-5.93,13,14,4,0,2,4,1,3,0,0,0,0,0,0,0,0,0,0,0,0,0,0,1,2
203145,Kent Bazemore,ATL,201604220BOS,"Apr 22, 2016",BOS,20,19,3,20,40.82,49.21,-8.39,10,10,8,6,1,1,0,0,1,3,0,0,0,0,0,0,0,0,0,0,0,0,0,0
203109,Jae Crowder,BOS,201604220BOS,"Apr 22, 2016",ATL,4,11,4,13,12.12,15.67,-3.55,4,0,7,3,1,1,0,0,0,0,0,0,0,0,0,0,0,0,0,0,0,0,1,0
201143,Al Horford,ATL,201604220BOS,"Apr 22, 2016",BOS,8,10,0,10,34.78,40.0,-5.22,7,8,3,0,0,0,0,0,0,0,0,0,0,0,0,0,0,0,0,0,0,0,0,0
200757,Thabo Sefolosha,ATL,201604220BOS,"Apr 22, 2016",BOS,1,2,2,3,12.5,17.36,-4.86,0,0,2,0,1,1,0,0,0,0,0,0,0,0,0,0,0,0,0,0,0,0,0,0
203488,Mike Muscala,ATL,201604220BOS,"Apr 22, 2016",BOS,0,2,0,2,0.0,0.0,0.0,0,0,2,0,0,0,0,0,0,0,0,0,0,0,0,0,0,0,0,0,0,0,0,0
203096,Jared Sullinger,BOS,201604220BOS,"Apr 22, 2016",ATL,4,2,2,3,66.67,69.44,-2.77,2,2,0,0,0,0,0,0,0,0,0,0,0,0,1,2,0,0,0,0,0,0,0,0
203935,Marcus Smart,BOS,201604220BOS,"Apr 22, 2016",ATL,11,6,4,8,55.0,70.88,-15.88,2,2,4,6,1,1,0,0,0,0,0,0,0,0,0,0,0,0,0,0,0,0,1,2
1626154,RJ Hunter,BOS,201604220BOS,"Apr 22, 2016",ATL,2,1,0,1,100.0,100.0,0.0,1,2,0,0,0,0,0,0,0,0,0,0,0,0,0,0,0,0,0,0,0,0,0,0
203471,Dennis Schröder,ATL,201604220BOS,"Apr 22, 2016",BOS,20,14,5,16,54.05,61.73,-7.68,9,14,4,0,0,0,0,0,1,3,0,0,0,0,1,1,0,0,0,0,0,0,1,2
203118,Mike Scott,ATL,201604220BOS,"Apr 22, 2016",BOS,6,3,0,3,66.67,100.0,-33.33,0,0,3,6,0,0,0,0,0,0,0,0,0,0,0,0,0,0,0,0,0,0,0,0
1626179,Terry Rozier,BOS,201604220BOS,"Apr 22, 2016",ATL,5,4,0,4,50.0,62.5,-12.5,2,2,2,3,0,0,0,0,0,0,0,0,0,0,0,0,0,0,0,0,0,0,0,0
2754,Tony Allen,MEM,201604220MEM,"Apr 22, 2016",SAS,5,8,6,11,20.0,23.5,-3.5,5,0,3,0,3,5,0,0,0,0,0,0,0,0,0,0,0,0,0,0,0,0,0,0
2225,Tony Parker,SAS,201604220MEM,"Apr 22, 2016",MEM,2,8,0,8,11.11,12.5,-1.39,6,2,2,0,0,0,0,0,0,0,0,0,0,0,0,0,0,0,0,0,0,0,0,0
202695,Kawhi Leonard,SAS,201604220MEM,"Apr 22, 2016",MEM,32,22,5,25,55.17,66.12,-10.95,13,10,9,18,1,2,0,0,0,0,0,0,1,1,0,0,0,0,0,0,0,0,1,1
1713,Vince Carter,MEM,201604220MEM,"Apr 22, 2016",SAS,11,12,4,14,36.67,39.97,-3.3,10,4,2,3,1,2,0,0,0,0,0,0,0,0,0,0,0,0,0,0,0,0,1,2
2216,Zach Randolph,MEM,201604220MEM,"Apr 22, 2016",SAS,20,21,2,22,45.45,45.7,-0.25,21,18,0,0,1,2,0,0,0,0,0,0,0,0,0,0,0,0,0,0,0,0,0,0
201980,Danny Green,SAS,201604220MEM,"Apr 22, 2016",MEM,11,10,0,10,40.74,55.0,-14.26,3,2,7,9,0,0,0,0,0,0,0,0,0,0,0,0,0,0,0,0,0,0,0,0
1495,Tim Duncan,SAS,201604220MEM,"Apr 22, 2016",MEM,6,3,2,4,75.0,77.32,-2.32,3,4,0,0,1,2,0,0,0,0,0,0,0,0,0,0,0,0,0,0,0,0,0,0
200746,LaMarcus Aldridge,SAS,201604220MEM,"Apr 22, 2016",MEM,16,10,7,13,59.26,61.16,-1.9,9,8,0,0,3,5,0,0,1,3,0,0,0,0,0,0,0,0,0,0,0,0,0,0
2440,Matt Barnes,MEM,201604220MEM,"Apr 22, 2016",SAS,17,15,5,17,41.46,49.42,-7.96,8,8,6,3,2,4,0,0,1,2,0,0,0,0,0,0,0,0,0,0,0,0,0,0
200770,Jordan Farmar,MEM,201604220MEM,"Apr 22, 2016",SAS,7,8,0,8,35.0,43.75,-8.75,4,4,4,3,0,0,0,0,0,0,0,0,0,0,0,0,0,0,0,0,0,0,0,0
2564,Boris Diaw,SAS,201604220MEM,"Apr 22, 2016",MEM,8,7,0,7,53.33,57.14,-3.81,6,8,1,0,0,0,0,0,0,0,0,0,0,0,0,0,0,0,0,0,0,0,0,0
1938,Manu Ginobili,SAS,201604220MEM,"Apr 22, 2016",MEM,11,5,2,6,68.75,93.54,-24.79,1,0,4,9,1,2,0,0,0,0,0,0,0,0,0,0,0,0,0,0,0,0,0,0
201988,Patty Mills,SAS,201604220MEM,"Apr 22, 2016",MEM,2,5,0,5,15.38,20.0,-4.62,2,2,3,0,0,0,0,0,0,0,0,0,0,0,0,0,0,0,0,0,0,0,0,0
2365,Chris Andersen,MEM,201604220MEM,"Apr 22, 2016",SAS,2,2,0,2,50.0,50.0,0.0,2,2,0,0,0,0,0,0,0,0,0,0,0,0,0,0,0,0,0,0,0,0,0,0
204098,Xavier Munford,MEM,201604220MEM,"Apr 22, 2016",SAS,7,4,0,4,70.0,87.5,-17.5,2,4,2,3,0,0,0,0,0,0,0,0,0,0,0,0,0,0,0,0,0,0,0,0
2561,David West,SAS,201604220MEM,"Apr 22, 2016",MEM,4,5,2,6,33.33,34.01,-0.68,5,4,0,0,0,0,0,0,0,0,0,0,0,0,0,0,0,0,0,0,0,0,1,0
203210,JaMychal Green,MEM,201604220MEM,"Apr 22, 2016",SAS,10,5,2,6,83.33,85.03,-1.7,5,10,0,0,1,0,0,0,0,0,0,0,0,0,0,0,0,0,0,0,0,0,0,0
202362,Lance Stephenson,MEM,201604220MEM,"Apr 22, 2016",SAS,8,7,0,7,53.33,57.14,-3.81,6,8,1,0,0,0,0,0,0,0,0,0,0,0,0,0,0,0,0,0,0,0,0,0
203937,Kyle Anderson,SAS,201604220MEM,"Apr 22, 2016",MEM,4,2,1,2,80.0,81.97,-1.97,1,2,0,0,0,0,0,0,1,2,0,0,0,0,0,0,0,0,0,0,0,0,0,0
201588,George Hill,IND,201604230IND,"Apr 23, 2016",TOR,22,11,2,12,78.57,92.59,-14.02,7,14,4,6,1,2,0,0,0,0,0,0,0,0,0,0,0,0,0,0,0,0,0,0
2449,Luis Scola,TOR,201604230IND,"Apr 23, 2016",IND,1,5,2,6,6.25,8.5,-2.25,1,0,4,0,1,1,0,0,0,0,0,0,0,0,0,0,0,0,0,0,0,0,0,0
1626167,Myles Turner,IND,201604230IND,"Apr 23, 2016",TOR,4,13,0,13,15.38,15.38,0.0,13,4,0,0,0,0,0,0,0,0,0,0,0,0,0,0,0,0,0,0,0,0,0,0
101145,Monta Ellis,TOR,201604230IND,"Apr 23, 2016",IND,7,7,0,7,43.75,50.0,-6.25,5,4,2,3,0,0,0,0,0,0,0,0,0,0,0,0,0,0,0,0,0,0,0,0
201942,DeMar DeRozan,TOR,201604230IND,"Apr 23, 2016",IND,8,15,0,15,25.0,26.67,-1.67,13,8,2,0,0,0,0,0,0,0,0,0,0,0,0,0,0,0,0,0,0,0,0,0
201960,DeMarre Carroll,TOR,201604230IND,"Apr 23, 2016",IND,12,9,0,9,46.15,66.67,-20.52,1,0,8,12,0,0,0,0,0,0,0,0,0,0,0,0,0,0,0,0,0,0,0,0
200768,Kyle Lowry,TOR,201604230IND,"Apr 23, 2016",IND,12,12,6,15,34.29,40.98,-6.69,7,8,5,0,3,4,0,0,0,0,0,0,0,0,0,0,0,0,0,0,0,0,0,0
202685,Jonas Valančiūnas,TOR,201604230IND,"Apr 23, 2016",IND,16,7,4,9,88.89,91.32,-2.43,7,12,0,0,2,4,0,0,0,0,0,0,0,0,0,0,0,0,0,0,0,0,0,0
101133,Ian Mahinmi,IND,201604230IND,"Apr 23, 2016",TOR,22,14,5,16,66.67,67.9,-1.23,13,16,0,0,2,3,0,0,1,3,0,0,0,0,0,0,0,0,0,0,0,0,0,0
202331,Paul George,IND,201604230IND,"Apr 23, 2016",TOR,19,16,7,20,44.19,49.79,-5.6,12,10,4,3,1,2,0,0,0,0,0,0,1,1,0,0,0,0,0,0,0,0,2,3
202709,Cory Joseph,TOR,201604230IND,"Apr 23, 2016",IND,0,2,0,2,0.0,0.0,0.0,2,0,0,0,0,0,0,0,0,0,0,0,0,0,0,0,0,0,0,0,0,0,0,0
202335,Patrick Patterson,TOR,201604230IND,"Apr 23, 2016",IND,8,5,4,7,44.44,59.17,-14.73,1,2,4,3,1,1,0,0,0,0,0,0,0,0,0,0,0,0,0,0,0,0,1,2
203524,Solomon Hill,IND,201604230IND,"Apr 23, 2016",TOR,7,4,2,5,53.85,71.72,-17.87,1,0,3,6,1,1,0,0,0,0,0,0,0,0,0,0,0,0,0,0,0,0,0,0
202687,Bismack Biyombo,TOR,201604230IND,"Apr 23, 2016",IND,5,1,6,4,62.5,68.68,-6.18,1,2,0,0,2,1,0,0,0,0,0,0,0,0,0,0,0,0,0,0,0,0,1,2
203082,Terrence Ross,TOR,201604230IND,"Apr 23, 2016",IND,7,9,2,10,29.17,35.43,-6.26,5,2,4,3,1,2,0,0,0,0,0,0,0,0,0,0,0,0,0,0,0,0,0,0
201951,Ty Lawson,IND,201604230IND,"Apr 23, 2016",TOR,4,4,0,4,50.0,50.0,0.0,4,4,0,0,0,0,0,0,0,0,0,0,0,0,0,0,0,0,0,0,0,0,0,0
201155,Rodney Stuckey,IND,201604230IND,"Apr 23, 2016",TOR,6,8,0,8,33.33,37.5,-4.17,6,6,2,0,0,0,0,0,0,0,0,0,0,0,0,0,0,0,0,0,0,0,0,0
101139,CJ Miles,TOR,201604230IND,"Apr 23, 2016",IND,4,3,1,4,57.14,58.14,-1.0,3,4,0,0,0,0,0,0,0,0,0,0,1,0,0,0,0,0,0,0,0,0,0,0
1626181,Norman Powell,TOR,201604230IND,"Apr 23, 2016",IND,10,5,2,6,66.67,85.03,-18.36,2,2,3,6,0,0,0,0,0,0,0,0,0,0,0,0,0,0,0,0,0,0,1,2
201949,James Johnson,TOR,201604230IND,"Apr 23, 2016",IND,2,0,2,1,100.0,113.64,-13.64,0,0,0,0,0,0,0,0,0,0,0,0,0,0,0,0,0,0,0,0,0,0,1,2
201574,Jason Thompson,TOR,201604230IND,"Apr 23, 2016",IND,2,1,0,1,100.0,100.0,0.0,1,2,0,0,0,0,0,0,0,0,0,0,0,0,0,0,0,0,0,0,0,0,0,0
1626153,Delon Wright,TOR,201604230IND,"Apr 23, 2016",IND,0,3,0,3,0.0,0.0,0.0,3,0,0,0,0,0,0,0,0,0,0,0,0,0,0,0,0,0,0,0,0,0,0,0
201941,Jordan Hill,IND,201604230IND,"Apr 23, 2016",TOR,0,1,0,1,0.0,0.0,0.0,1,0,0,0,0,0,0,0,0,0,0,0,0,0,0,0,0,0,0,0,0,0,0,0
203922,Glenn Robinson III,IND,201604230IND,"Apr 23, 2016",TOR,5,2,1,2,100.0,102.46,-2.46,1,2,0,0,0,0,0,0,1,3,0,0,0,0,0,0,0,0,0,0,0,0,0,0
1626202,Joe Young,IND,201604230IND,"Apr 23, 2016",TOR,0,2,0,2,0.0,0.0,0.0,1,0,1,0,0,0,0,0,0,0,0,0,0,0,0,0,0,0,0,0,0,0,0,0
2736,Luol Deng,MIA,201604230CHO,"Apr 23, 2016",CHA,19,12,4,14,55.88,69.04,-13.16,6,2,6,15,1,1,0,0,0,0,0,0,0,0,0,0,0,0,0,0,0,0,1,1
101107,Marvin Williams,CHA,201604230CHO,"Apr 23, 2016",MIA,12,9,0,9,57.14,66.67,-9.53,6,6,3,6,0,0,0,0,0,0,0,0,0,0,0,0,0,0,0,0,0,0,0,0
202355,Hassan Whiteside,MIA,201604230CHO,"Apr 23, 2016",CHA,13,6,11,11,56.52,59.96,-3.44,5,4,0,0,3,4,0,0,1,3,0,0,0,0,0,0,0,0,0,0,0,0,2,2
201609,Goran Dragic,MIA,201604230CHO,"Apr 23, 2016",CHA,11,13,4,15,33.33,37.26,-3.93,10,8,3,0,2,3,0,0,0,0,0,0,0,0,0,0,0,0,0,0,0,0,0,0
2744,Al Jefferson,CHA,201604230CHO,"Apr 23, 2016",MIA,10,11,0,11,45.45,45.45,0.0,11,10,0,0,0,0,0,0,0,0,0,0,0,0,0,0,0,0,0,0,0,0,0,0
1626163,Frank Kaminsky,MIA,201604230CHO,"Apr 23, 2016",CHA,15,12,5,14,46.88,52.82,-5.94,8,8,3,0,2,4,0,0,1,3,0,0,0,0,0,0,0,0,0,0,0,0,0,0
202689,Kemba Walker,CHA,201604230CHO,"Apr 23, 2016",MIA,17,19,8,23,32.69,37.74,-5.05,13,6,6,3,4,8,0,0,0,0,0,0,0,0,0,0,0,0,0,0,0,0,0,0
2207,Joe Johnson,MIA,201604230CHO,"Apr 23, 2016",CHA,7,11,0,11,26.92,31.82,-4.9,7,4,4,3,0,0,0,0,0,0,0,0,0,0,0,0,0,0,0,0,0,0,0,0
2548,Dwyane Wade,MIA,201604230CHO,"Apr 23, 2016",CHA,17,20,3,21,39.53,39.87,-0.34,19,12,0,0,1,2,0,0,1,3,0,0,0,0,0,0,0,0,0,0,0,0,0,0
202391,Jeremy Lin,CHA,201604230CHO,"Apr 23, 2016",MIA,18,16,3,17,47.37,51.96,-4.59,12,8,3,6,1,1,0,0,1,3,0,0,0,0,0,0,0,0,0,0,0,0,0,0
1626196,Josh Richardson,MIA,201604230CHO,"Apr 23, 2016",CHA,2,5,2,6,13.33,17.01,-3.68,2,2,3,0,1,0,0,0,0,0,0,0,0,0,0,0,0,0,0,0,0,0,0,0
203469,Cody Zeller,CHA,201604230CHO,"Apr 23, 2016",MIA,12,8,4,10,60.0,61.48,-1.48,8,8,0,0,1,2,0,0,0,0,0,0,0,0,0,0,0,0,0,0,0,0,1,2
1626159,Justise Winslow,MIA,201604230CHO,"Apr 23, 2016",CHA,4,7,4,9,18.18,22.83,-4.65,3,2,4,0,2,2,0,0,0,0,0,0,0,0,0,0,0,0,0,0,0,0,0,0
201584,Courtney Lee,CHA,201604230CHO,"Apr 23, 2016",MIA,8,11,2,12,30.77,33.67,-2.9,9,6,2,0,1,2,0,0,0,0,0,0,0,0,0,0,0,0,0,0,0,0,0,0
2405,Amar'e Stoudemire,MIA,201604230CHO,"Apr 23, 2016",CHA,0,1,0,1,0.0,0.0,0.0,1,0,0,0,0,0,0,0,0,0,0,0,0,0,0,0,0,0,0,0,0,0,0,0
201150,Spencer Hawes,CHA,201604230CHO,"Apr 23, 2016",MIA,2,2,0,2,40.0,50.0,-10.0,1,2,1,0,0,0,0,0,0,0,0,0,0,0,0,0,0,0,0,0,0,0,0,0
1627362,Briante Weber,MIA,201604230CHO,"Apr 23, 2016",CHA,0,1,0,1,0.0,0.0,0.0,1,0,0,0,0,0,0,0,0,0,0,0,0,0,0,0,0,0,0,0,0,0,0,0
1626153,Delon Wright,MIA,201604230CHO,"Apr 23, 2016",CHA,4,2,2,3,57.14,69.44,-12.3,1,2,1,0,0,0,0,0,0,0,0,0,0,0,0,0,0,0,0,0,0,0,1,2
101123,Gerald Green,MIA,201604230CHO,"Apr 23, 2016",CHA,3,1,0,1,100.0,150.0,-50.0,0,0,1,3,0,0,0,0,0,0,0,0,0,0,0,0,0,0,0,0,0,0,0,0
203584,Troy Daniels,CHA,201604230CHO,"Apr 23, 2016",MIA,2,1,0,1,100.0,100.0,0.0,1,2,0,0,0,0,0,0,0,0,0,0,0,0,0,0,0,0,0,0,0,0,0,0
203087,Jeremy Lamb,CHA,201604230CHO,"Apr 23, 2016",MIA,0,1,0,1,0.0,0.0,0.0,1,0,0,0,0,0,0,0,0,0,0,0,0,0,0,0,0,0,0,0,0,0,0,0
201586,Serge Ibaka,OKC,201604230DAL,"Apr 23, 2016",DAL,16,11,1,11,61.54,69.93,-8.39,7,10,3,3,0,0,0,0,1,3,0,0,0,0,0,0,0,0,0,0,0,0,0,0
101109,Raymond Felton,DAL,201604230DAL,"Apr 23, 2016",OKC,19,16,0,16,52.78,59.38,-6.6,12,16,4,3,0,0,0,0,0,0,0,0,0,0,0,0,0,0,0,0,0,0,0,0
203500,Steven Adams,OKC,201604230DAL,"Apr 23, 2016",DAL,14,7,6,10,70.0,72.61,-2.61,7,10,0,0,1,2,0,0,0,0,0,0,0,0,0,0,0,0,0,0,0,0,2,2
1717,Dirk Nowitzki,DAL,201604230DAL,"Apr 23, 2016",OKC,27,21,3,22,58.7,60.48,-1.78,19,22,1,0,1,2,0,0,1,3,0,0,0,0,0,0,0,0,0,0,0,0,0,0
200826,J.J. Barea,DAL,201604230DAL,"Apr 23, 2016",OKC,0,7,0,7,0.0,0.0,0.0,6,0,1,0,0,0,0,0,0,0,0,0,0,0,0,0,0,0,0,0,0,0,0,0
201566,Russell Westbrook,OKC,201604230DAL,"Apr 23, 2016",DAL,25,19,12,25,45.45,51.48,-6.03,14,8,5,9,3,3,0,0,0,0,0,0,0,0,0,0,0,0,0,0,0,0,3,5
203460,Andre Roberson,OKC,201604230DAL,"Apr 23, 2016",DAL,2,3,0,3,33.33,33.33,0.0,3,2,0,0,0,0,0,0,0,0,0,0,0,0,0,0,0,0,0,0,0,0,0,0
2585,Zaza Pachulia,OKC,201604230DAL,"Apr 23, 2016",DAL,9,4,1,5,100.0,101.35,-1.35,4,8,0,0,0,0,0,0,0,0,0,0,0,0,0,0,0,0,0,0,1,1,0,0
201142,Kevin Durant,OKC,201604230DAL,"Apr 23, 2016",DAL,19,20,8,23,36.54,40.39,-3.85,15,10,4,3,1,0,1,2,1,2,0,0,0,0,0,0,0,0,0,0,0,0,1,2
202083,Wesley Matthews,DAL,201604230DAL,"Apr 23, 2016",OKC,19,13,7,17,46.34,59.08,-12.74,5,4,8,9,2,3,0,0,0,0,0,0,1,1,0,0,0,0,0,0,0,0,1,2
101135,David Lee,DAL,201604230DAL,"Apr 23, 2016",OKC,6,5,0,5,60.0,60.0,0.0,5,6,0,0,0,0,0,0,0,0,0,0,0,0,0,0,0,0,0,0,0,0,0,0
2734,Devin Harris,DAL,201604230DAL,"Apr 23, 2016",OKC,12,5,2,6,80.0,102.04,-22.04,2,2,3,9,1,1,0,0,0,0,0,0,0,0,0,0,0,0,0,0,0,0,0,0
203079,Dion Waiters,OKC,201604230DAL,"Apr 23, 2016",DAL,12,5,3,6,85.71,94.94,-9.23,3,4,1,3,0,0,0,0,1,3,0,0,0,0,0,0,0,0,0,0,0,0,1,2
2555,Nick Collison,OKC,201604230DAL,"Apr 23, 2016",DAL,0,1,0,1,0.0,0.0,0.0,1,0,0,0,0,0,0,0,0,0,0,0,0,0,0,0,0,0,0,0,0,0,0,0
202683,Enes Freedom,OKC,201604230DAL,"Apr 23, 2016",DAL,28,13,4,14,93.33,94.85,-1.52,11,20,0,0,1,2,0,0,2,6,0,0,0,0,0,0,0,0,0,0,0,0,0,0
1626147,Justin Anderson,DAL,201604230DAL,"Apr 23, 2016",OKC,10,8,2,9,47.62,56.31,-8.69,5,6,3,3,0,0,0,0,0,0,0,0,0,0,1,1,0,0,0,0,0,0,0,0
200751,Randy Foye,OKC,201604230DAL,"Apr 23, 2016",DAL,3,4,0,4,27.27,37.5,-10.23,1,0,3,3,0,0,0,0,0,0,0,0,0,0,0,0,0,0,0,0,0,0,0,0
1626257,Salah Mejri,DAL,201604230DAL,"Apr 23, 2016",OKC,6,2,2,3,100.0,104.17,-4.17,2,4,0,0,1,2,0,0,0,0,0,0,0,0,0,0,0,0,0,0,0,0,0,0
101111,Charlie Villanueva,DAL,201604230DAL,"Apr 23, 2016",OKC,0,2,0,2,0.0,0.0,0.0,0,0,2,0,0,0,0,0,0,0,0,0,0,0,0,0,0,0,0,0,0,0,0,0
203090,Maurice Harkless,POR,201604230POR,"Apr 23, 2016",LAC,10,9,2,10,43.48,50.61,-7.13,6,10,3,0,1,0,0,0,0,0,0,0,0,0,0,0,0,0,0,0,0,0,0,0
101108,Chris Paul,LAC,201604230POR,"Apr 23, 2016",POR,26,21,4,23,49.06,57.12,-8.06,14,16,7,6,1,2,0,0,0,0,0,0,0,0,0,0,0,0,0,0,0,0,1,2
200755,JJ Redick,LAC,201604230POR,"Apr 23, 2016",POR,5,10,0,10,20.83,25.0,-4.17,6,2,4,3,0,0,0,0,0,0,0,0,0,0,0,0,0,0,0,0,0,0,0,0
202329,Al-Farouq Aminu,POR,201604230POR,"Apr 23, 2016",LAC,9,12,0,12,31.03,37.5,-6.47,7,6,5,3,0,0,0,0,0,0,0,0,0,0,0,0,0,0,0,0,0,0,0,0
203081,Damian Lillard,POR,201604230POR,"Apr 23, 2016",LAC,32,20,9,25,56.14,66.78,-10.64,12,14,8,9,3,6,0,0,0,0,0,0,1,1,0,0,0,0,0,0,0,0,1,2
203468,CJ McCollum,LAC,201604230POR,"Apr 23, 2016",POR,27,22,4,23,50.94,56.82,-5.88,15,14,5,6,1,1,0,0,2,6,0,0,0,0,0,0,0,0,0,0,0,0,0,0
201933,Blake Griffin,LAC,201604230POR,"Apr 23, 2016",POR,12,16,2,17,34.29,35.55,-1.26,15,10,1,0,0,0,0,0,0,0,0,0,0,0,0,0,0,0,0,0,0,0,1,2
201599,DeAndre Jordan,LAC,201604230POR,"Apr 23, 2016",POR,11,7,10,12,45.83,48.25,-2.42,7,8,0,0,2,1,0,0,0,0,0,0,0,0,0,0,0,0,0,0,0,0,3,2
203486,Mason Plumlee,POR,201604230POR,"Apr 23, 2016",LAC,6,5,4,7,42.86,44.38,-1.52,5,4,0,0,1,1,0,0,0,0,0,0,0,0,0,0,0,0,0,0,0,0,1,1
201601,Luc Mbah a Moute,LAC,201604230POR,"Apr 23, 2016",POR,4,2,0,2,100.0,100.0,0.0,2,4,0,0,0,0,0,0,0,0,0,0,0,0,0,0,0,0,0,0,0,0,0,0
2037,Jamal Crawford,LAC,201604230POR,"Apr 23, 2016",POR,19,18,1,18,47.5,51.52,-4.02,14,16,3,0,0,0,0,0,1,3,0,0,0,0,0,0,0,0,0,0,0,0,0,0
202325,Wesley Johnson,LAC,201604230POR,"Apr 23, 2016",POR,0,2,0,2,0.0,0.0,0.0,1,0,1,0,0,0,0,0,0,0,0,0,0,0,0,0,0,0,0,0,0,0,0,0
201145,Jeff Green,LAC,201604230POR,"Apr 23, 2016",POR,3,5,2,6,23.08,25.51,-2.43,4,2,1,0,1,1,0,0,0,0,0,0,0,0,0,0,0,0,0,0,0,0,0,0
203459,Allen Crabbe,POR,201604230POR,"Apr 23, 2016",LAC,0,4,0,4,0.0,0.0,0.0,1,0,3,0,0,0,0,0,0,0,0,0,0,0,0,0,0,0,0,0,0,0,0,0
201945,Gerald Henderson,POR,201604230POR,"Apr 23, 2016",LAC,2,7,0,7,13.33,14.29,-0.96,6,2,1,0,0,0,0,0,0,0,0,0,0,0,0,0,0,0,0,0,0,0,0,0
2549,Chris Kaman,POR,201604230POR,"Apr 23, 2016",LAC,4,5,0,5,40.0,40.0,0.0,5,4,0,0,0,0,0,0,0,0,0,0,0,0,0,0,0,0,0,0,0,0,0,0
202334,Ed Davis,POR,201604230POR,"Apr 23, 2016",LAC,6,3,4,5,60.0,63.03,-3.03,3,4,0,0,1,1,0,0,0,0,0,0,0,0,0,0,0,0,0,0,0,0,1,1
203085,Austin Rivers,LAC,201604230POR,"Apr 23, 2016",POR,4,3,0,3,66.67,66.67,0.0,3,4,0,0,0,0,0,0,0,0,0,0,0,0,0,0,0,0,0,0,0,0,0,0
202332,Cole Aldrich,LAC,201604230POR,"Apr 23, 2016",POR,3,2,2,3,50.0,52.08,-2.08,2,2,0,0,0,0,0,0,0,0,0,0,0,0,0,0,0,0,0,0,0,0,1,1
1718,Paul Pierce,LAC,201604230POR,"Apr 23, 2016",POR,1,2,2,3,14.29,17.36,-3.07,1,0,1,0,1,1,0,0,0,0,0,0,0,0,0,0,0,0,0,0,0,0,0,0
200746,LaMarcus Aldridge,SAS,201604240MEM,"Apr 24, 2016",MEM,15,11,3,12,60.0,60.88,-0.88,10,10,0,0,1,2,0,0,1,3,0,0,0,0,0,0,0,0,0,0,0,0,0,0
2440,Matt Barnes,MEM,201604240MEM,"Apr 24, 2016",SAS,15,13,3,15,44.12,52.37,-8.25,8,10,5,3,1,1,0,0,0,0,0,0,1,1,0,0,0,0,0,0,0,0,0,0
2216,Zach Randolph,MEM,201604240MEM,"Apr 24, 2016",SAS,15,11,3,13,60.0,60.88,-0.88,11,12,0,0,1,2,0,0,0,0,0,0,0,0,0,0,0,0,0,0,0,0,1,1
2754,Tony Allen,MEM,201604240MEM,"Apr 24, 2016",SAS,6,9,0,9,30.0,33.33,-3.33,7,6,2,0,0,0,0,0,0,0,0,0,0,0,0,0,0,0,0,0,0,0,0,0
201980,Danny Green,SAS,201604240MEM,"Apr 24, 2016",MEM,2,3,0,3,28.57,33.33,-4.76,2,2,1,0,0,0,0,0,0,0,0,0,0,0,0,0,0,0,0,0,0,0,0,0
202695,Kawhi Leonard,SAS,201604240MEM,"Apr 24, 2016",MEM,21,10,7,13,70.0,80.28,-10.28,6,6,3,6,2,4,0,0,1,3,0,0,0,0,0,0,0,0,0,0,0,0,1,2
2225,Tony Parker,MEM,201604240MEM,"Apr 24, 2016",SAS,16,11,4,13,55.17,62.7,-7.53,8,10,3,3,2,3,0,0,0,0,0,0,0,0,0,0,0,0,0,0,0,0,0,0
200770,Jordan Farmar,MEM,201604240MEM,"Apr 24, 2016",SAS,6,6,2,7,42.86,43.6,-0.74,6,4,0,0,1,2,0,0,0,0,0,0,0,0,0,0,0,0,0,0,0,0,0,0
1495,Tim Duncan,SAS,201604240MEM,"Apr 24, 2016",MEM,7,4,1,4,77.78,78.83,-1.05,3,4,0,0,0,0,0,0,1,3,0,0,0,0,0,0,0,0,0,0,0,0,0,0
2564,Boris Diaw,SAS,201604240MEM,"Apr 24, 2016",MEM,7,7,2,8,41.18,44.42,-3.24,6,2,1,3,1,2,0,0,0,0,0,0,0,0,0,0,0,0,0,0,0,0,0,0
1938,Manu Ginobili,SAS,201604240MEM,"Apr 24, 2016",MEM,7,5,4,7,46.67,51.78,-5.11,4,4,1,0,0,0,0,0,0,0,0,0,0,0,0,0,0,0,0,0,0,0,2,3
202362,Lance Stephenson,MEM,201604240MEM,"Apr 24, 2016",SAS,26,19,5,21,60.47,61.32,-0.85,18,20,0,0,2,4,0,0,1,2,0,0,0,0,0,0,0,0,0,0,0,0,0,0
201988,Patty Mills,SAS,201604240MEM,"Apr 24, 2016",MEM,9,8,0,8,39.13,56.25,-17.12,1,0,7,9,0,0,0,0,0,0,0,0,0,0,0,0,0,0,0,0,0,0,0,0
203937,Kyle Anderson,SAS,201604240MEM,"Apr 24, 2016",MEM,5,6,0,6,35.71,41.67,-5.96,4,2,2,3,0,0,0,0,0,0,0,0,0,0,0,0,0,0,0,0,0,0,0,0
203210,JaMychal Green,MEM,201604240MEM,"Apr 24, 2016",SAS,4,3,2,4,50.0,51.55,-1.55,3,2,0,0,1,2,0,0,0,0,0,0,0,0,0,0,0,0,0,0,0,0,0,0
2561,David West,SAS,201604240MEM,"Apr 24, 2016",MEM,11,7,3,8,55.0,66.11,-11.11,3,4,3,3,0,0,0,0,1,3,0,0,0,0,0,0,0,0,0,0,0,0,1,1
204098,Xavier Munford,MEM,201604240MEM,"Apr 24, 2016",SAS,2,5,2,6,14.29,17.01,-2.72,3,2,2,0,1,0,0,0,0,0,0,0,0,0,0,0,0,0,0,0,0,0,0,0
2365,Chris Andersen,MEM,201604240MEM,"Apr 24, 2016",SAS,7,5,8,9,38.89,41.08,-2.19,5,2,0,0,3,5,0,0,0,0,0,0,0,0,0,0,0,0,0,0,0,0,1,0
1713,Vince Carter,MEM,201604240MEM,"Apr 24, 2016",SAS,14,7,2,8,70.0,88.83,-18.83,3,0,4,12,0,0,0,0,0,0,0,0,0,0,0,0,0,0,0,0,0,0,1,2
203613,Jonathon Simmons,SAS,201604240MEM,"Apr 24, 2016",MEM,8,6,2,7,53.33,58.14,-4.81,5,4,1,3,1,1,0,0,0,0,0,0,0,0,0,0,0,0,0,0,0,0,0,0
1626246,Boban Marjanovic,SAS,201604240MEM,"Apr 24, 2016",MEM,8,2,5,4,88.89,95.24,-6.35,1,2,0,0,0,0,0,0,1,3,0,0,0,0,0,0,0,0,0,0,0,0,2,3
201939,Stephen Curry,GSW,201604240HOU,"Apr 24, 2016",HOU,6,9,1,9,23.08,31.78,-8.7,1,0,7,3,0,0,0,0,1,3,0,0,0,0,0,0,0,0,0,0,0,0,0,0
201935,James Harden,HOU,201604240HOU,"Apr 24, 2016",GSW,18,13,10,18,40.91,51.72,-10.81,5,4,8,6,5,8,0,0,0,0,0,0,0,0,0,0,0,0,0,0,0,0,0,0
101106,Andrew Bogut,HOU,201604240HOU,"Apr 24, 2016",GSW,6,4,0,4,75.0,75.0,0.0,4,6,0,0,0,0,0,0,0,0,0,0,0,0,0,0,0,0,0,0,0,0,0,0
2772,Trevor Ariza,HOU,201604240HOU,"Apr 24, 2016",GSW,8,11,3,12,27.59,32.47,-4.88,7,6,4,0,0,0,1,2,0,0,0,0,0,0,0,0,0,0,0,0,0,0,0,0
202691,Klay Thompson,GSW,201604240HOU,"Apr 24, 2016",HOU,23,15,0,15,56.1,76.67,-20.57,4,2,11,21,0,0,0,0,0,0,0,0,0,0,0,0,0,0,0,0,0,0,0,0
201976,Patrick Beverley,HOU,201604240HOU,"Apr 24, 2016",GSW,2,5,0,5,15.38,20.0,-4.62,2,2,3,0,0,0,0,0,0,0,0,0,0,0,0,0,0,0,0,0,0,0,0,0
203110,Draymond Green,GSW,201604240HOU,"Apr 24, 2016",HOU,18,12,2,13,56.25,69.88,-13.63,6,6,6,12,0,0,0,0,0,0,0,0,0,0,0,0,0,0,0,0,0,0,1,0
203084,Harrison Barnes,GSW,201604240HOU,"Apr 24, 2016",HOU,12,11,2,12,41.38,50.51,-9.13,6,4,5,6,1,2,0,0,0,0,0,0,0,0,0,0,0,0,0,0,0,0,0,0
2730,Dwight Howard,HOU,201604240HOU,"Apr 24, 2016",GSW,19,9,13,16,61.29,64.54,-3.25,9,14,0,0,4,3,0,0,0,0,0,0,0,0,0,0,0,0,0,0,0,0,3,2
202700,Donatas Motiejunas,HOU,201604240HOU,"Apr 24, 2016",GSW,8,6,4,8,42.11,51.55,-9.44,3,4,3,3,2,1,0,0,0,0,0,0,0,0,0,0,0,0,0,0,0,0,0,0
2738,Andre Iguodala,GSW,201604240HOU,"Apr 24, 2016",HOU,22,11,4,13,73.33,86.21,-12.88,7,12,4,9,2,1,0,0,0,0,0,0,0,0,0,0,0,0,0,0,0,0,0,0
201563,Michael Beasley,HOU,201604240HOU,"Apr 24, 2016",GSW,17,12,4,14,56.67,61.77,-5.1,10,10,2,3,2,4,0,0,0,0,0,0,0,0,0,0,0,0,0,0,0,0,0,0
1891,Jason Terry,HOU,201604240HOU,"Apr 24, 2016",GSW,9,7,0,7,52.94,64.29,-11.35,4,6,3,3,0,0,0,0,0,0,0,0,0,0,0,0,0,0,0,0,0,0,0,0
203546,Ian Clark,GSW,201604240HOU,"Apr 24, 2016",HOU,5,2,0,2,100.0,125.0,-25.0,1,2,1,3,0,0,0,0,0,0,0,0,0,0,0,0,0,0,0,0,0,0,0,0
203949,James Michael McAdoo,GSW,201604240HOU,"Apr 24, 2016",HOU,0,2,2,3,0.0,0.0,0.0,2,0,0,0,0,0,0,0,0,0,0,0,0,0,0,0,0,0,0,0,0,0,1,0
203991,Clint Capela,HOU,201604240HOU,"Apr 24, 2016",GSW,1,1,2,2,25.0,26.6,-1.6,1,0,0,0,0,0,0,0,0,0,0,0,0,0,0,0,0,0,0,0,0,0,1,1
201578,Marreese Speights,GSW,201604240HOU,"Apr 24, 2016",HOU,7,5,2,6,50.0,59.52,-9.52,3,2,2,3,1,2,0,0,0,0,0,0,0,0,0,0,0,0,0,0,0,0,0,0
201147,Corey Brewer,HOU,201604240HOU,"Apr 24, 2016",GSW,10,10,2,11,40.0,45.96,-5.96,7,8,3,0,1,2,0,0,0,0,0,0,0,0,0,0,0,0,0,0,0,0,0,0
2733,Shaun Livingston,GSW,201604240HOU,"Apr 24, 2016",HOU,9,8,1,8,52.94,53.32,-0.38,7,6,0,0,0,0,0,0,1,3,0,0,0,0,0,0,0,0,0,0,0,0,0,0
203105,Festus Ezeli,GSW,201604240HOU,"Apr 24, 2016",HOU,3,2,2,3,50.0,52.08,-2.08,2,2,0,0,0,0,0,0,0,0,0,0,0,0,0,0,0,0,0,0,0,0,1,1
201575,Brandon Rush,GSW,201604240HOU,"Apr 24, 2016",HOU,3,2,0,2,50.0,75.0,-25.0,0,0,2,3,0,0,0,0,0,0,0,0,0,0,0,0,0,0,0,0,0,0,0,0
2571,Leandro Barbosa,GSW,201604240HOU,"Apr 24, 2016",HOU,7,6,0,6,50.0,58.33,-8.33,4,4,2,3,0,0,0,0,0,0,0,0,0,0,0,0,0,0,0,0,0,0,0,0
203909,KJ McDaniels,HOU,201604240HOU,"Apr 24, 2016",GSW,0,2,0,2,0.0,0.0,0.0,1,0,1,0,0,0,0,0,0,0,0,0,0,0,0,0,0,0,0,0,0,0,0,0
1626149,Montrezl Harrell,HOU,201604240HOU,"Apr 24, 2016",GSW,2,2,0,2,50.0,50.0,0.0,2,2,0,0,0,0,0,0,0,0,0,0,0,0,0,0,0,0,0,0,0,0,0,0
203109,Jae Crowder,BOS,201604240BOS,"Apr 24, 2016",ATL,12,11,3,12,35.29,48.7,-13.41,1,2,9,6,1,1,0,0,1,3,0,0,0,0,0,0,0,0,0,0,0,0,0,0
203145,Kent Bazemore,ATL,201604240BOS,"Apr 24, 2016",BOS,5,10,0,10,19.23,25.0,-5.77,4,2,6,3,0,0,0,0,0,0,0,0,0,0,0,0,0,0,0,0,0,0,0,0
2594,Kyle Korver,ATL,201604240BOS,"Apr 24, 2016",BOS,10,11,1,12,31.25,43.71,-12.46,2,0,9,9,0,0,0,0,0,0,0,0,1,1,0,0,0,0,0,0,0,0,0,0
202738,Isaiah Thomas,BOS,201604240BOS,"Apr 24, 2016",ATL,28,23,5,25,48.28,55.56,-7.28,14,14,7,6,0,0,0,0,2,6,0,0,1,0,0,0,0,0,0,0,0,0,1,2
200794,Paul Millsap,ATL,201604240BOS,"Apr 24, 2016",BOS,45,31,6,32,60.81,66.88,-6.07,21,24,6,9,0,0,0,0,4,11,0,0,0,0,0,0,0,0,0,0,0,0,1,1
202323,Evan Turner,BOS,201604240BOS,"Apr 24, 2016",ATL,17,19,4,21,38.64,40.94,-2.3,17,12,2,3,2,2,0,0,0,0,0,0,0,0,0,0,0,0,0,0,0,0,0,0
201952,Jeff Teague,ATL,201604240BOS,"Apr 24, 2016",BOS,13,18,3,20,26.53,33.64,-7.11,8,2,10,9,0,0,0,0,0,0,0,0,2,2,0,0,0,0,0,0,0,0,0,0
101161,Amir Johnson,BOS,201604240BOS,"Apr 24, 2016",ATL,9,6,2,7,64.29,65.41,-1.12,6,8,0,0,1,1,0,0,0,0,0,0,0,0,0,0,0,0,0,0,0,0,0,0
201973,Jonas Jerebko,BOS,201604240BOS,"Apr 24, 2016",ATL,16,9,2,10,61.54,80.97,-19.43,3,6,6,9,1,1,0,0,0,0,0,0,0,0,0,0,0,0,0,0,0,0,0,0
201143,Al Horford,BOS,201604240BOS,"Apr 24, 2016",ATL,5,8,0,8,27.78,31.25,-3.47,6,2,2,3,0,0,0,0,0,0,0,0,0,0,0,0,0,0,0,0,0,0,0,0
203471,Dennis Schröder,ATL,201604240BOS,"Apr 24, 2016",BOS,7,13,0,13,21.88,26.92,-5.04,7,4,6,3,0,0,0,0,0,0,0,0,0,0,0,0,0,0,0,0,0,0,0,0
203118,Mike Scott,ATL,201604240BOS,"Apr 24, 2016",BOS,4,2,3,3,50.0,60.24,-10.24,0,0,1,0,1,1,0,0,1,3,0,0,0,0,0,0,0,0,0,0,0,0,0,0
203935,Marcus Smart,BOS,201604240BOS,"Apr 24, 2016",ATL,20,15,3,16,48.78,61.27,-12.49,6,6,8,9,0,0,0,0,1,3,0,0,0,0,0,0,0,0,0,0,0,0,1,2
200757,Thabo Sefolosha,ATL,201604240BOS,"Apr 24, 2016",BOS,0,4,0,4,0.0,0.0,0.0,1,0,3,0,0,0,0,0,0,0,0,0,0,0,0,0,0,0,0,0,0,0,0,0
1626179,Terry Rozier,BOS,201604240BOS,"Apr 24, 2016",ATL,0,3,0,3,0.0,0.0,0.0,2,0,1,0,0,0,0,0,0,0,0,0,0,0,0,0,0,0,0,0,0,0,0,0
203096,Jared Sullinger,BOS,201604240BOS,"Apr 24, 2016",ATL,2,7,0,7,14.29,14.29,0.0,7,2,0,0,0,0,0,0,0,0,0,0,0,0,0,0,0,0,0,0,0,0,0,0
203482,Kelly Olynyk,BOS,201604240BOS,"Apr 24, 2016",ATL,0,1,0,1,0.0,0.0,0.0,1,0,0,0,0,0,0,0,0,0,0,0,0,0,0,0,0,0,0,0,0,0,0,0
203488,Mike Muscala,ATL,201604240BOS,"Apr 24, 2016",BOS,6,3,0,3,100.0,100.0,0.0,3,6,0,0,0,0,0,0,0,0,0,0,0,0,0,0,0,0,0,0,0,0,0,0
202684,Tristan Thompson,CLE,201604240DET,"Apr 24, 2016",DET,5,5,2,6,41.67,42.52,-0.85,5,4,0,0,1,1,0,0,0,0,0,0,0,0,0,0,0,0,0,0,0,0,0,0
202699,Tobias Harris,DET,201604240DET,"Apr 24, 2016",CLE,23,14,5,16,62.16,70.99,-8.83,9,10,4,6,2,4,0,0,1,3,0,0,0,0,0,0,0,0,0,0,0,0,0,0
203083,Andre Drummond,DET,201604240DET,"Apr 24, 2016",CLE,17,13,10,18,47.22,48.85,-1.63,12,10,0,0,0,0,0,0,1,2,0,0,0,0,0,0,0,0,0,0,0,0,5,5
201567,Kevin Love,CLE,201604240DET,"Apr 24, 2016",DET,11,15,4,17,28.21,32.82,-4.61,10,4,5,3,1,2,0,0,0,0,0,0,0,0,0,0,0,0,0,0,0,0,1,2
202694,Marcus Morris Sr.,DET,201604240DET,"Apr 24, 2016",CLE,24,12,5,14,72.73,84.51,-11.78,7,10,4,9,2,2,0,0,1,3,0,0,0,0,0,0,0,0,0,0,0,0,0,0
2544,LeBron James,CLE,201604240DET,"Apr 24, 2016",DET,22,19,3,20,46.81,54.13,-7.32,12,14,6,3,1,2,0,0,1,3,0,0,0,0,0,0,0,0,0,0,0,0,0,0
202704,Reggie Jackson,DET,201604240DET,"Apr 24, 2016",CLE,13,13,1,13,39.39,48.36,-8.97,6,10,6,0,0,0,0,0,1,3,0,0,0,0,0,0,0,0,0,0,0,0,0,0
2747,JR Smith,CLE,201604240DET,"Apr 24, 2016",DET,15,8,0,8,65.22,93.75,-28.53,1,0,7,15,0,0,0,0,0,0,0,0,0,0,0,0,0,0,0,0,0,0,0,0
203484,Kentavious Caldwell-Pope,DET,201604240DET,"Apr 24, 2016",CLE,9,10,0,10,36.0,45.0,-9.0,5,0,5,9,0,0,0,0,0,0,0,0,0,0,0,0,0,0,0,0,0,0,0,0
202681,Kyrie Irving,CLE,201604240DET,"Apr 24, 2016",DET,31,25,4,27,47.69,57.92,-10.23,14,16,11,12,2,3,0,0,0,0,0,0,0,0,0,0,0,0,0,0,0,0,0,0
203382,Aron Baynes,DET,201604240DET,"Apr 24, 2016",CLE,2,3,0,3,33.33,33.33,0.0,3,2,0,0,0,0,0,0,0,0,0,0,0,0,0,0,0,0,0,0,0,0,0,0
1626169,Stanley Johnson,DET,201604240DET,"Apr 24, 2016",CLE,5,8,0,8,25.0,31.25,-6.25,4,2,4,3,0,0,0,0,0,0,0,0,0,0,0,0,0,0,0,0,0,0,0,0
2581,Steve Blake,DET,201604240DET,"Apr 24, 2016",CLE,3,2,0,2,60.0,75.0,-15.0,1,0,1,3,0,0,0,0,0,0,0,0,0,0,0,0,0,0,0,0,0,0,0,0
2210,Richard Jefferson,CLE,201604240DET,"Apr 24, 2016",DET,5,6,0,6,31.25,41.67,-10.42,2,2,4,3,0,0,0,0,0,0,0,0,0,0,0,0,0,0,0,0,0,0,0,0
202697,Iman Shumpert,CLE,201604240DET,"Apr 24, 2016",DET,0,2,0,2,0.0,0.0,0.0,1,0,1,0,0,0,0,0,0,0,0,0,0,0,0,0,0,0,0,0,0,0,0,0
101112,Channing Frye,CLE,201604240DET,"Apr 24, 2016",DET,0,1,0,1,0.0,0.0,0.0,1,0,0,0,0,0,0,0,0,0,0,0,0,0,0,0,0,0,0,0,0,0,0,0
203521,Matthew Dellavedova,CLE,201604240DET,"Apr 24, 2016",DET,11,5,4,7,68.75,81.36,-12.61,3,4,2,3,1,2,0,0,0,0,0,0,0,0,0,0,0,0,0,0,0,0,1,2
201229,Anthony Tolliver,DET,201604240DET,"Apr 24, 2016",CLE,2,1,0,1,100.0,100.0,0.0,1,2,0,0,0,0,0,0,0,0,0,0,0,0,0,0,0,0,0,0,0,0,0,0
2548,Dwyane Wade,MIA,201604250CHO,"Apr 25, 2016",CHA,12,11,6,14,42.86,43.99,-1.13,11,8,0,0,2,3,0,0,0,0,0,0,0,0,0,0,0,0,0,0,0,0,1,1
201584,Courtney Lee,CHA,201604250CHO,"Apr 25, 2016",MIA,11,8,4,10,47.83,56.35,-8.52,5,4,3,3,1,2,0,0,0,0,0,0,0,0,0,0,0,0,0,0,0,0,1,2
202689,Kemba Walker,CHA,201604250CHO,"Apr 25, 2016",MIA,34,28,7,31,47.89,54.7,-6.81,19,20,8,6,3,5,0,0,1,3,0,0,0,0,0,0,0,0,0,0,0,0,0,0
2736,Luol Deng,MIA,201604250CHO,"Apr 25, 2016",CHA,15,14,5,16,36.59,46.3,-9.71,6,4,8,6,1,2,1,3,0,0,0,0,0,0,0,0,0,0,0,0,0,0,0,0
101107,Marvin Williams,CHA,201604250CHO,"Apr 25, 2016",MIA,0,5,0,5,0.0,0.0,0.0,3,0,2,0,0,0,0,0,0,0,0,0,0,0,0,0,0,0,0,0,0,0,0,0
1626163,Frank Kaminsky,CHA,201604250CHO,"Apr 25, 2016",MIA,4,5,4,7,26.67,29.59,-2.92,4,2,1,0,2,2,0,0,0,0,0,0,0,0,0,0,0,0,0,0,0,0,0,0
202355,Hassan Whiteside,MIA,201604250CHO,"Apr 25, 2016",CHA,8,5,5,7,53.33,55.56,-2.23,4,4,0,0,2,2,0,0,1,2,0,0,0,0,0,0,0,0,0,0,0,0,0,0
2744,Al Jefferson,CHA,201604250CHO,"Apr 25, 2016",MIA,9,12,2,13,34.62,34.94,-0.32,12,8,0,0,1,1,0,0,0,0,0,0,0,0,0,0,0,0,0,0,0,0,0,0
2207,Joe Johnson,MIA,201604250CHO,"Apr 25, 2016",CHA,16,12,0,12,55.17,66.67,-11.5,7,4,5,12,0,0,0,0,0,0,0,0,0,0,0,0,0,0,0,0,0,0,0,0
201609,Goran Dragic,MIA,201604250CHO,"Apr 25, 2016",CHA,12,10,0,10,50.0,60.0,-10.0,6,6,4,6,0,0,0,0,0,0,0,0,0,0,0,0,0,0,0,0,0,0,0,0
202391,Jeremy Lin,CHA,201604250CHO,"Apr 25, 2016",MIA,21,10,9,13,65.62,75.21,-9.59,4,4,3,3,3,5,0,0,3,9,0,0,0,0,0,0,0,0,0,0,0,0,0,0
1626196,Josh Richardson,MIA,201604250CHO,"Apr 25, 2016",CHA,3,7,0,7,16.67,21.43,-4.76,3,0,4,3,0,0,0,0,0,0,0,0,0,0,0,0,0,0,0,0,0,0,0,0
1626159,Justise Winslow,MIA,201604250CHO,"Apr 25, 2016",CHA,8,8,2,9,34.78,45.05,-10.27,3,4,5,3,1,1,0,0,0,0,0,0,0,0,0,0,0,0,0,0,0,0,0,0
2405,Amar'e Stoudemire,MIA,201604250CHO,"Apr 25, 2016",CHA,5,2,1,2,100.0,102.46,-2.46,1,2,0,0,0,0,0,0,1,3,0,0,0,0,0,0,0,0,0,0,0,0,0,0
203469,Cody Zeller,CHA,201604250CHO,"Apr 25, 2016",MIA,8,4,2,5,80.0,81.97,-1.97,4,6,0,0,0,0,0,0,0,0,0,0,0,0,0,0,0,0,0,0,0,0,1,2
201150,Spencer Hawes,CHA,201604250CHO,"Apr 25, 2016",MIA,2,3,2,4,25.0,25.77,-0.77,3,0,0,0,1,2,0,0,0,0,0,0,0,0,0,0,0,0,0,0,0,0,0,0
1626153,Delon Wright,MIA,201604250CHO,"Apr 25, 2016",CHA,0,2,0,2,0.0,0.0,0.0,1,0,1,0,0,0,0,0,0,0,0,0,0,0,0,0,0,0,0,0,0,0,0,0
2617,Udonis Haslem,MIA,201604250CHO,"Apr 25, 2016",CHA,1,1,2,2,25.0,26.6,-1.6,1,0,0,0,1,1,0,0,0,0,0,0,0,0,0,0,0,0,0,0,0,0,0,0
101123,Gerald Green,MIA,201604250CHO,"Apr 25, 2016",CHA,5,4,0,4,50.0,62.5,-12.5,2,2,2,3,0,0,0,0,0,0,0,0,0,0,0,0,0,0,0,0,0,0,0,0
201566,Russell Westbrook,OKC,201604250OKC,"Apr 25, 2016",DAL,36,23,8,27,58.06,67.87,-9.81,15,20,8,9,4,7,0,0,0,0,0,0,0,0,0,0,0,0,0,0,0,0,0,0
2585,Zaza Pachulia,DAL,201604250OKC,"Apr 25, 2016",OKC,12,7,6,10,60.0,62.24,-2.24,7,6,0,0,2,4,0,0,0,0,0,0,0,0,0,0,0,0,0,0,0,0,1,2
201142,Kevin Durant,OKC,201604250OKC,"Apr 25, 2016",DAL,33,24,8,29,49.25,59.96,-10.71,13,16,11,9,1,2,1,3,0,0,0,0,3,3,0,0,0,0,0,0,0,0,0,0
1626147,Justin Anderson,DAL,201604250OKC,"Apr 25, 2016",OKC,14,10,4,12,48.28,59.52,-11.24,5,6,5,6,2,2,0,0,0,0,0,0,0,0,0,0,0,0,0,0,0,0,0,0
203500,Steven Adams,OKC,201604250OKC,"Apr 25, 2016",DAL,15,8,9,12,60.0,62.71,-2.71,7,8,0,0,1,1,0,0,1,2,0,0,0,0,0,0,0,0,0,0,0,0,3,4
201586,Serge Ibaka,DAL,201604250OKC,"Apr 25, 2016",OKC,2,4,2,5,18.18,20.49,-2.31,3,0,1,0,1,2,0,0,0,0,0,0,0,0,0,0,0,0,0,0,0,0,0,0
1717,Dirk Nowitzki,DAL,201604250OKC,"Apr 25, 2016",OKC,24,16,5,19,55.81,65.93,-10.12,10,10,6,9,0,0,0,0,0,0,0,0,1,1,0,0,0,0,0,0,0,0,2,4
101109,Raymond Felton,DAL,201604250OKC,"Apr 25, 2016",OKC,10,12,0,12,38.46,41.67,-3.21,10,10,2,0,0,0,0,0,0,0,0,0,0,0,0,0,0,0,0,0,0,0,0,0
203939,Dwight Powell,DAL,201604250OKC,"Apr 25, 2016",OKC,16,7,6,10,80.0,82.99,-2.99,7,12,0,0,2,3,0,0,0,0,0,0,0,0,0,0,0,0,0,0,0,0,1,1
200826,J.J. Barea,DAL,201604250OKC,"Apr 25, 2016",OKC,8,7,0,7,53.33,57.14,-3.81,6,8,1,0,0,0,0,0,0,0,0,0,0,0,0,0,0,0,0,0,0,0,0,0
202083,Wesley Matthews,DAL,201604250OKC,"Apr 25, 2016",OKC,11,13,2,14,31.43,39.63,-8.2,6,0,7,9,1,2,0,0,0,0,0,0,0,0,0,0,0,0,0,0,0,0,0,0
203079,Dion Waiters,OKC,201604250OKC,"Apr 25, 2016",DAL,11,8,0,8,50.0,68.75,-18.75,2,2,6,9,0,0,0,0,0,0,0,0,0,0,0,0,0,0,0,0,0,0,0,0
2555,Nick Collison,OKC,201604250OKC,"Apr 25, 2016",DAL,3,1,2,2,75.0,79.79,-4.79,1,2,0,0,1,1,0,0,0,0,0,0,0,0,0,0,0,0,0,0,0,0,0,0
2734,Devin Harris,DAL,201604250OKC,"Apr 25, 2016",OKC,9,9,1,9,40.91,47.67,-6.76,5,6,3,0,0,0,0,0,1,3,0,0,0,0,0,0,0,0,0,0,0,0,0,0
200751,Randy Foye,OKC,201604250OKC,"Apr 25, 2016",DAL,2,1,2,2,50.0,53.19,-3.19,1,0,0,0,0,0,0,0,0,0,0,0,0,0,0,0,0,0,0,0,0,0,1,2
1626166,Cameron Payne,OKC,201604250OKC,"Apr 25, 2016",DAL,5,2,0,2,100.0,125.0,-25.0,1,2,1,3,0,0,0,0,0,0,0,0,0,0,0,0,0,0,0,0,0,0,0,0
202683,Enes Freedom,OKC,201604250OKC,"Apr 25, 2016",DAL,5,4,1,4,50.0,56.31,-6.31,2,2,1,0,0,0,0,0,1,3,0,0,0,0,0,0,0,0,0,0,0,0,0,0
203460,Andre Roberson,OKC,201604250OKC,"Apr 25, 2016",DAL,6,6,0,6,42.86,50.0,-7.14,4,6,2,0,0,0,0,0,0,0,0,0,0,0,0,0,0,0,0,0,0,0,0,0
201599,DeAndre Jordan,LAC,201604250POR,"Apr 25, 2016",POR,7,5,6,8,43.75,45.81,-2.06,5,6,0,0,2,1,0,0,0,0,0,0,0,0,0,0,0,0,0,0,0,0,1,0
202329,Al-Farouq Aminu,POR,201604250POR,"Apr 25, 2016",LAC,30,20,2,21,57.69,71.84,-14.15,10,10,10,18,1,2,0,0,0,0,0,0,0,0,0,0,0,0,0,0,0,0,0,0
203486,Mason Plumlee,POR,201604250POR,"Apr 25, 2016",LAC,2,6,0,6,16.67,16.67,0.0,6,2,0,0,0,0,0,0,0,0,0,0,0,0,0,0,0,0,0,0,0,0,0,0
200755,JJ Redick,LAC,201604250POR,"Apr 25, 2016",POR,8,13,0,13,23.53,30.77,-7.24,5,2,8,6,0,0,0,0,0,0,0,0,0,0,0,0,0,0,0,0,0,0,0,0
203468,CJ McCollum,POR,201604250POR,"Apr 25, 2016",LAC,19,13,7,16,51.35,59.08,-7.73,9,8,4,6,2,3,1,2,0,0,0,0,0,0,0,0,0,0,0,0,0,0,0,0
201933,Blake Griffin,LAC,201604250POR,"Apr 25, 2016",POR,17,15,5,17,47.22,49.42,-2.2,13,8,1,3,1,1,0,0,1,3,0,0,0,0,0,0,0,0,0,0,0,0,1,2
203090,Maurice Harkless,POR,201604250POR,"Apr 25, 2016",LAC,12,8,2,9,60.0,67.57,-7.57,6,10,2,0,1,2,0,0,0,0,0,0,0,0,0,0,0,0,0,0,0,0,0,0
101108,Chris Paul,LAC,201604250POR,"Apr 25, 2016",POR,16,14,2,15,50.0,53.76,-3.76,12,14,2,0,0,0,0,0,0,0,0,0,0,0,0,0,0,0,0,0,0,0,1,2
201601,Luc Mbah a Moute,LAC,201604250POR,"Apr 25, 2016",POR,0,1,0,1,0.0,0.0,0.0,1,0,0,0,0,0,0,0,0,0,0,0,0,0,0,0,0,0,0,0,0,0,0,0
203081,Damian Lillard,POR,201604250POR,"Apr 25, 2016",LAC,12,15,2,16,30.0,37.78,-7.78,7,4,8,6,0,0,0,0,0,0,0,0,0,0,0,0,0,0,0,0,0,0,1,2
201145,Jeff Green,LAC,201604250POR,"Apr 25, 2016",POR,17,10,6,13,53.12,67.25,-14.13,4,4,6,9,3,4,0,0,0,0,0,0,0,0,0,0,0,0,0,0,0,0,0,0
2037,Jamal Crawford,LAC,201604250POR,"Apr 25, 2016",POR,12,15,4,17,31.58,35.8,-4.22,11,6,4,3,2,3,0,0,0,0,0,0,0,0,0,0,0,0,0,0,0,0,0,0
201945,Gerald Henderson,POR,201604250POR,"Apr 25, 2016",LAC,4,9,2,10,17.39,20.24,-2.85,6,2,3,0,1,2,0,0,0,0,0,0,0,0,0,0,0,0,0,0,0,0,0,0
202334,Ed Davis,POR,201604250POR,"Apr 25, 2016",LAC,4,8,0,8,23.53,25.0,-1.47,7,4,1,0,0,0,0,0,0,0,0,0,0,0,0,0,0,0,0,0,0,0,0,0
203459,Allen Crabbe,POR,201604250POR,"Apr 25, 2016",LAC,12,5,0,5,100.0,120.0,-20.0,3,6,2,6,0,0,0,0,0,0,0,0,0,0,0,0,0,0,0,0,0,0,0,0
2549,Chris Kaman,POR,201604250POR,"Apr 25, 2016",LAC,0,3,0,3,0.0,0.0,0.0,3,0,0,0,0,0,0,0,0,0,0,0,0,0,0,0,0,0,0,0,0,0,0,0
203085,Austin Rivers,LAC,201604250POR,"Apr 25, 2016",POR,4,7,2,8,21.05,25.38,-4.33,4,2,3,0,0,0,0,0,0,0,0,0,0,0,1,2,0,0,0,0,0,0,0,0
202332,Cole Aldrich,LAC,201604250POR,"Apr 25, 2016",POR,0,1,2,2,0.0,0.0,0.0,1,0,0,0,1,0,0,0,0,0,0,0,0,0,0,0,0,0,0,0,0,0,0,0
1718,Paul Pierce,LAC,201604250POR,"Apr 25, 2016",POR,0,2,0,2,0.0,0.0,0.0,1,0,1,0,0,0,0,0,0,0,0,0,0,0,0,0,0,0,0,0,0,0,0,0
201965,Jeff Ayres,LAC,201604250POR,"Apr 25, 2016",POR,3,1,1,1,100.0,104.17,-4.17,0,0,0,0,0,0,0,0,1,3,0,0,0,0,0,0,0,0,0,0,0,0,0,0
1626242,Luis Montero,POR,201604250POR,"Apr 25, 2016",LAC,3,1,0,1,100.0,150.0,-50.0,0,0,1,3,0,0,0,0,0,0,0,0,0,0,0,0,0,0,0,0,0,0,0,0
202331,Paul George,IND,201604260TOR,"Apr 26, 2016",TOR,39,19,12,25,63.93,80.31,-16.38,8,12,11,15,4,8,0,0,0,0,0,0,0,0,0,0,0,0,0,0,0,0,2,4
202685,Jonas Valančiūnas,TOR,201604260TOR,"Apr 26, 2016",IND,11,8,3,9,57.89,59.01,-1.12,7,8,0,0,0,0,0,0,1,3,0,0,0,0,0,0,0,0,0,0,0,0,1,0
1626167,Myles Turner,IND,201604260TOR,"Apr 26, 2016",TOR,14,10,0,10,70.0,70.0,0.0,10,14,0,0,0,0,0,0,0,0,0,0,0,0,0,0,0,0,0,0,0,0,0,0
202335,Patrick Patterson,TOR,201604260TOR,"Apr 26, 2016",IND,7,10,0,10,29.17,35.0,-5.83,6,4,4,3,0,0,0,0,0,0,0,0,0,0,0,0,0,0,0,0,0,0,0,0
201942,DeMar DeRozan,TOR,201604260TOR,"Apr 26, 2016",IND,34,22,13,29,55.74,61.33,-5.59,18,16,4,6,5,10,0,0,0,0,0,0,1,0,0,0,0,0,0,0,0,0,1,2
200768,Kyle Lowry,TOR,201604260TOR,"Apr 26, 2016",IND,14,11,8,15,40.0,48.21,-8.21,6,4,5,3,3,5,0,0,0,0,0,0,0,0,0,0,0,0,0,0,0,0,1,2
101133,Ian Mahinmi,IND,201604260TOR,"Apr 26, 2016",TOR,4,2,2,3,66.67,69.44,-2.77,2,2,0,0,1,2,0,0,0,0,0,0,0,0,0,0,0,0,0,0,0,0,0,0
201588,George Hill,IND,201604260TOR,"Apr 26, 2016",TOR,15,9,1,9,57.69,79.45,-21.76,1,0,7,12,0,0,0,0,1,3,0,0,0,0,0,0,0,0,0,0,0,0,0,0
201960,DeMarre Carroll,TOR,201604260TOR,"Apr 26, 2016",IND,5,3,4,5,45.45,52.52,-7.07,2,2,1,0,0,0,0,0,0,0,0,0,0,0,0,0,0,0,0,0,0,0,2,3
101145,Monta Ellis,IND,201604260TOR,"Apr 26, 2016",TOR,8,10,2,11,33.33,36.76,-3.43,8,6,2,0,1,2,0,0,0,0,0,0,0,0,0,0,0,0,0,0,0,0,0,0
203524,Solomon Hill,IND,201604260TOR,"Apr 26, 2016",TOR,11,4,2,5,84.62,112.7,-28.08,1,0,3,9,1,2,0,0,0,0,0,0,0,0,0,0,0,0,0,0,0,0,0,0
201155,Rodney Stuckey,IND,201604260TOR,"Apr 26, 2016",TOR,2,10,2,11,8.7,9.19,-0.49,9,2,1,0,1,0,0,0,0,0,0,0,0,0,0,0,0,0,0,0,0,0,0,0
202687,Bismack Biyombo,TOR,201604260TOR,"Apr 26, 2016",IND,10,5,4,7,71.43,73.96,-2.53,5,6,0,0,2,4,0,0,0,0,0,0,0,0,0,0,0,0,0,0,0,0,0,0
203082,Terrence Ross,TOR,201604260TOR,"Apr 26, 2016",IND,3,6,0,6,16.67,25.0,-8.33,0,0,6,3,0,0,0,0,0,0,0,0,0,0,0,0,0,0,0,0,0,0,0,0
202709,Cory Joseph,TOR,201604260TOR,"Apr 26, 2016",IND,8,6,1,6,53.33,62.11,-8.78,3,2,2,3,0,0,0,0,1,3,0,0,0,0,0,0,0,0,0,0,0,0,0,0
201951,Ty Lawson,IND,201604260TOR,"Apr 26, 2016",TOR,1,1,2,2,25.0,26.6,-1.6,1,0,0,0,1,1,0,0,0,0,0,0,0,0,0,0,0,0,0,0,0,0,0,0
1626181,Norman Powell,TOR,201604260TOR,"Apr 26, 2016",IND,10,11,2,12,35.71,42.09,-6.38,7,8,4,0,1,2,0,0,0,0,0,0,0,0,0,0,0,0,0,0,0,0,0,0
101139,CJ Miles,IND,201604260TOR,"Apr 26, 2016",TOR,5,8,0,8,23.81,31.25,-7.44,3,2,5,3,0,0,0,0,0,0,0,0,0,0,0,0,0,0,0,0,0,0,0,0
101161,Amir Johnson,BOS,201604260ATL,"Apr 26, 2016",ATL,6,4,2,5,60.0,61.48,-1.48,4,4,0,0,1,2,0,0,0,0,0,0,0,0,0,0,0,0,0,0,0,0,0,0
203145,Kent Bazemore,ATL,201604260ATL,"Apr 26, 2016",BOS,16,14,0,14,43.24,57.14,-13.9,5,4,9,12,0,0,0,0,0,0,0,0,0,0,0,0,0,0,0,0,0,0,0,0
201973,Jonas Jerebko,BOS,201604260ATL,"Apr 26, 2016",ATL,6,4,2,5,50.0,61.48,-11.48,2,4,2,0,1,2,0,0,0,0,0,0,0,0,0,0,0,0,0,0,0,0,0,0
202738,Isaiah Thomas,BOS,201604260ATL,"Apr 26, 2016",ATL,7,12,3,14,22.58,26.28,-3.7,8,6,4,0,1,1,0,0,0,0,0,0,1,0,0,0,0,0,0,0,0,0,0,0
200794,Paul Millsap,ATL,201604260ATL,"Apr 26, 2016",BOS,10,8,4,10,43.48,51.23,-7.75,5,6,3,3,2,1,0,0,0,0,0,0,0,0,0,0,0,0,0,0,0,0,0,0
201143,Al Horford,ATL,201604260ATL,"Apr 26, 2016",BOS,6,11,2,12,23.08,25.25,-2.17,9,4,2,0,1,2,0,0,0,0,0,0,0,0,0,0,0,0,0,0,0,0,0,0
203109,Jae Crowder,BOS,201604260ATL,"Apr 26, 2016",ATL,10,10,0,10,38.46,50.0,-11.54,4,4,6,6,0,0,0,0,0,0,0,0,0,0,0,0,0,0,0,0,0,0,0,0
202323,Evan Turner,BOS,201604260ATL,"Apr 26, 2016",ATL,15,10,4,12,57.69,63.78,-6.09,8,8,2,3,2,4,0,0,0,0,0,0,0,0,0,0,0,0,0,0,0,0,0,0
201952,Jeff Teague,ATL,201604260ATL,"Apr 26, 2016",BOS,16,11,6,14,53.33,58.65,-5.32,9,8,2,3,3,5,0,0,0,0,0,0,0,0,0,0,0,0,0,0,0,0,0,0
2594,Kyle Korver,ATL,201604260ATL,"Apr 26, 2016",BOS,13,8,0,8,59.09,81.25,-22.16,2,4,6,9,0,0,0,0,0,0,0,0,0,0,0,0,0,0,0,0,0,0,0,0
203118,Mike Scott,ATL,201604260ATL,"Apr 26, 2016",BOS,17,9,1,9,77.27,90.04,-12.77,5,8,3,6,0,0,0,0,1,3,0,0,0,0,0,0,0,0,0,0,0,0,0,0
203935,Marcus Smart,BOS,201604260ATL,"Apr 26, 2016",ATL,10,7,6,10,40.0,51.87,-11.87,2,0,5,6,3,4,0,0,0,0,0,0,0,0,0,0,0,0,0,0,0,0,0,0
203482,Kelly Olynyk,BOS,201604260ATL,"Apr 26, 2016",ATL,0,3,0,3,0.0,0.0,0.0,1,0,2,0,0,0,0,0,0,0,0,0,0,0,0,0,0,0,0,0,0,0,0,0
1626179,Terry Rozier,BOS,201604260ATL,"Apr 26, 2016",ATL,4,7,0,7,23.53,28.57,-5.04,4,4,3,0,0,0,0,0,0,0,0,0,0,0,0,0,0,0,0,0,0,0,0,0
200757,Thabo Sefolosha,ATL,201604260ATL,"Apr 26, 2016",BOS,6,4,2,5,54.55,61.48,-6.93,3,4,1,0,1,2,0,0,0,0,0,0,0,0,0,0,0,0,0,0,0,0,0,0
203471,Dennis Schröder,ATL,201604260ATL,"Apr 26, 2016",BOS,9,7,0,7,56.25,64.29,-8.04,5,6,2,3,0,0,0,0,0,0,0,0,0,0,0,0,0,0,0,0,0,0,0,0
203501,Tim Hardaway Jr.,ATL,201604260ATL,"Apr 26, 2016",BOS,4,6,0,6,26.67,33.33,-6.66,3,4,3,0,0,0,0,0,0,0,0,0,0,0,0,0,0,0,0,0,0,0,0,0
203096,Jared Sullinger,BOS,201604260ATL,"Apr 26, 2016",ATL,10,9,2,10,45.45,50.61,-5.16,7,6,2,3,1,1,0,0,0,0,0,0,0,0,0,0,0,0,0,0,0,0,0,0
203488,Mike Muscala,ATL,201604260ATL,"Apr 26, 2016",BOS,0,4,0,4,0.0,0.0,0.0,3,0,1,0,0,0,0,0,0,0,0,0,0,0,0,0,0,0,0,0,0,0,0,0
2550,Kirk Hinrich,ATL,201604260ATL,"Apr 26, 2016",BOS,2,3,0,3,28.57,33.33,-4.76,2,2,1,0,0,0,0,0,0,0,0,0,0,0,0,0,0,0,0,0,0,0,0,0
1626154,RJ Hunter,BOS,201604260ATL,"Apr 26, 2016",ATL,3,3,0,3,37.5,50.0,-12.5,1,0,2,3,0,0,0,0,0,0,0,0,0,0,0,0,0,0,0,0,0,0,0,0
203934,Lamar Patterson,ATL,201604260ATL,"Apr 26, 2016",BOS,3,5,1,5,25.0,27.57,-2.57,3,0,1,0,0,0,0,0,1,3,0,0,0,0,0,0,0,0,0,0,0,0,0,0
2743,Kris Humphries,ATL,201604260ATL,"Apr 26, 2016",BOS,8,6,0,6,57.14,66.67,-9.53,4,2,2,6,0,0,0,0,0,0,0,0,0,0,0,0,0,0,0,0,0,0,0,0
1626175,Jordan Mickey,BOS,201604260ATL,"Apr 26, 2016",ATL,4,3,0,3,66.67,66.67,0.0,3,4,0,0,0,0,0,0,0,0,0,0,0,0,0,0,0,0,0,0,0,0,0,0
203092,Tyler Zeller,BOS,201604260ATL,"Apr 26, 2016",ATL,6,2,6,5,60.0,64.66,-4.66,2,2,0,0,2,3,0,0,0,0,0,0,0,0,0,0,0,0,0,0,0,0,1,1
203923,James Young,BOS,201604260ATL,"Apr 26, 2016",ATL,2,3,0,3,28.57,33.33,-4.76,2,2,1,0,0,0,0,0,0,0,0,0,0,0,0,0,0,0,0,0,0,0,0,0
201609,Goran Dragic,MIA,201604270MIA,"Apr 27, 2016",CHA,10,15,0,15,30.3,33.33,-3.03,12,10,3,0,0,0,0,0,0,0,0,0,0,0,0,0,0,0,0,0,0,0,0,0
101107,Marvin Williams,CHA,201604270MIA,"Apr 27, 2016",MIA,17,10,0,10,70.83,85.0,-14.17,6,8,4,9,0,0,0,0,0,0,0,0,0,0,0,0,0,0,0,0,0,0,0,0
2548,Dwyane Wade,MIA,201604270MIA,"Apr 27, 2016",CHA,25,19,4,21,59.52,60.21,-0.69,19,22,0,0,2,3,0,0,0,0,0,0,0,0,0,0,0,0,0,0,0,0,0,0
202355,Hassan Whiteside,MIA,201604270MIA,"Apr 27, 2016",CHA,11,8,2,9,61.11,61.94,-0.83,8,10,0,0,1,1,0,0,0,0,0,0,0,0,0,0,0,0,0,0,0,0,0,0
2744,Al Jefferson,CHA,201604270MIA,"Apr 27, 2016",MIA,14,14,0,14,50.0,50.0,0.0,14,14,0,0,0,0,0,0,0,0,0,0,0,0,0,0,0,0,0,0,0,0,0,0
2207,Joe Johnson,MIA,201604270MIA,"Apr 27, 2016",CHA,13,8,3,9,61.9,69.74,-7.84,5,6,2,3,0,0,0,0,1,3,0,0,0,0,0,0,0,0,0,0,0,0,1,1
1626163,Frank Kaminsky,CHA,201604270MIA,"Apr 27, 2016",MIA,8,8,0,8,38.1,50.0,-11.9,3,2,5,6,0,0,0,0,0,0,0,0,0,0,0,0,0,0,0,0,0,0,0,0
202689,Kemba Walker,CHA,201604270MIA,"Apr 27, 2016",MIA,14,18,3,19,31.82,36.23,-4.41,12,0,5,9,1,2,0,0,1,3,0,0,0,0,0,0,0,0,0,0,0,0,0,0
2736,Luol Deng,MIA,201604270MIA,"Apr 27, 2016",CHA,16,12,6,15,44.44,54.64,-10.2,6,4,6,6,2,4,0,0,0,0,0,0,0,0,0,0,0,0,0,0,0,0,1,2
201584,Courtney Lee,CHA,201604270MIA,"Apr 27, 2016",MIA,8,9,2,10,36.36,40.49,-4.13,7,0,2,6,1,2,0,0,0,0,0,0,0,0,0,0,0,0,0,0,0,0,0,0
1626196,Josh Richardson,MIA,201604270MIA,"Apr 27, 2016",CHA,8,8,0,8,38.1,50.0,-11.9,3,2,5,6,0,0,0,0,0,0,0,0,0,0,0,0,0,0,0,0,0,0,0,0
202391,Jeremy Lin,CHA,201604270MIA,"Apr 27, 2016",MIA,11,10,6,13,39.29,43.51,-4.22,8,8,2,0,2,2,0,0,0,0,0,0,0,0,0,0,0,0,0,0,0,0,1,1
201587,Nicolas Batum,CHA,201604270MIA,"Apr 27, 2016",MIA,8,6,2,7,42.11,58.14,-16.03,1,0,5,6,1,2,0,0,0,0,0,0,0,0,0,0,0,0,0,0,0,0,0,0
201177,Josh McRoberts,MIA,201604270MIA,"Apr 27, 2016",CHA,0,2,0,2,0.0,0.0,0.0,1,0,1,0,0,0,0,0,0,0,0,0,0,0,0,0,0,0,0,0,0,0,0,0
203469,Cody Zeller,CHA,201604270MIA,"Apr 27, 2016",MIA,4,4,2,5,40.0,40.98,-0.98,4,2,0,0,1,2,0,0,0,0,0,0,0,0,0,0,0,0,0,0,0,0,0,0
201150,Spencer Hawes,CHA,201604270MIA,"Apr 27, 2016",MIA,6,5,0,5,54.55,60.0,-5.45,4,6,1,0,0,0,0,0,0,0,0,0,0,0,0,0,0,0,0,0,0,0,0,0
1626159,Justise Winslow,MIA,201604270MIA,"Apr 27, 2016",CHA,5,6,4,8,31.25,32.22,-0.97,6,2,0,0,2,3,0,0,0,0,0,0,0,0,0,0,0,0,0,0,0,0,0,0
101123,Gerald Green,MIA,201604270MIA,"Apr 27, 2016",CHA,0,3,0,3,0.0,0.0,0.0,2,0,1,0,0,0,0,0,0,0,0,0,0,0,0,0,0,0,0,0,0,0,0,0
203468,CJ McCollum,POR,201604270LAC,"Apr 27, 2016",LAC,27,18,8,22,54.0,62.73,-8.73,12,14,6,6,2,4,0,0,0,0,0,0,0,0,0,0,0,0,0,0,0,0,2,3
201599,DeAndre Jordan,LAC,201604270LAC,"Apr 27, 2016",POR,16,8,11,13,59.26,62.31,-3.05,7,8,0,0,2,2,0,0,1,3,0,0,0,0,0,0,0,0,0,0,0,0,3,3
200755,JJ Redick,LAC,201604270LAC,"Apr 27, 2016",POR,19,17,2,18,45.24,53.13,-7.89,11,8,6,9,0,0,0,0,0,0,0,0,0,0,0,0,0,0,0,0,0,0,1,2
202329,Al-Farouq Aminu,POR,201604270LAC,"Apr 27, 2016",LAC,7,6,8,10,28.0,36.76,-8.76,1,2,5,0,4,5,0,0,0,0,0,0,0,0,0,0,0,0,0,0,0,0,0,0
2037,Jamal Crawford,LAC,201604270LAC,"Apr 27, 2016",POR,17,23,4,25,30.91,34.33,-3.42,18,10,5,3,1,2,0,0,0,0,0,0,0,0,0,0,0,0,0,0,0,0,1,2
203090,Maurice Harkless,POR,201604270LAC,"Apr 27, 2016",LAC,19,14,6,17,47.5,57.09,-9.59,8,10,6,6,3,3,0,0,0,0,0,0,0,0,0,0,0,0,0,0,0,0,0,0
203486,Mason Plumlee,POR,201604270LAC,"Apr 27, 2016",LAC,10,6,2,7,71.43,72.67,-1.24,6,8,0,0,1,2,0,0,0,0,0,0,0,0,0,0,0,0,0,0,0,0,0,0
203081,Damian Lillard,POR,201604270LAC,"Apr 27, 2016",LAC,22,20,4,22,40.74,50.55,-9.81,10,4,10,15,0,0,0,0,0,0,0,0,0,0,0,0,0,0,0,0,0,0,2,3
1718,Paul Pierce,LAC,201604270LAC,"Apr 27, 2016",POR,0,3,0,3,0.0,0.0,0.0,2,0,1,0,0,0,0,0,0,0,0,0,0,0,0,0,0,0,0,0,0,0,0,0
203085,Austin Rivers,LAC,201604270LAC,"Apr 27, 2016",POR,13,13,1,13,43.33,48.36,-5.03,9,8,3,3,0,0,0,0,1,2,0,0,0,0,0,0,0,0,0,0,0,0,0,0
202332,Cole Aldrich,LAC,201604270LAC,"Apr 27, 2016",POR,11,6,1,6,84.62,85.4,-0.78,5,8,0,0,0,0,0,0,1,3,0,0,0,0,0,0,0,0,0,0,0,0,0,0
201145,Jeff Green,LAC,201604270LAC,"Apr 27, 2016",POR,17,10,8,14,56.67,62.87,-6.2,8,10,2,3,4,4,0,0,0,0,0,0,0,0,0,0,0,0,0,0,0,0,0,0
203459,Allen Crabbe,POR,201604270LAC,"Apr 27, 2016",LAC,11,10,2,11,40.74,50.55,-9.81,5,4,5,6,1,1,0,0,0,0,0,0,0,0,0,0,0,0,0,0,0,0,0,0
201945,Gerald Henderson,POR,201604270LAC,"Apr 27, 2016",LAC,10,8,2,9,50.0,56.31,-6.31,6,6,2,3,1,1,0,0,0,0,0,0,0,0,0,0,0,0,0,0,0,0,0,0
202325,Wesley Johnson,LAC,201604270LAC,"Apr 27, 2016",POR,5,2,3,3,62.5,75.3,-12.8,1,2,1,0,0,0,1,3,0,0,0,0,0,0,0,0,0,0,0,0,0,0,0,0
202334,Ed Davis,POR,201604270LAC,"Apr 27, 2016",LAC,2,1,2,2,50.0,53.19,-3.19,1,2,0,0,1,0,0,0,0,0,0,0,0,0,0,0,0,0,0,0,0,0,0,0
203143,Pablo Prigioni,LAC,201604270LAC,"Apr 27, 2016",POR,0,3,0,3,0.0,0.0,0.0,1,0,2,0,0,0,0,0,0,0,0,0,0,0,0,0,0,0,0,0,0,0,0,0
203912,C.J. Wilcox,LAC,201604270LAC,"Apr 27, 2016",POR,0,1,0,1,0.0,0.0,0.0,1,0,0,0,0,0,0,0,0,0,0,0,0,0,0,0,0,0,0,0,0,0,0,0
2730,Dwight Howard,HOU,201604270GSW,"Apr 27, 2016",GSW,8,13,4,15,25.81,27.1,-1.29,12,6,1,0,2,2,0,0,0,0,0,0,0,0,0,0,0,0,0,0,0,0,0,0
203110,Draymond Green,GSW,201604270GSW,"Apr 27, 2016",HOU,15,9,4,10,55.56,69.7,-14.14,2,2,5,6,1,1,0,0,2,6,0,0,0,0,0,0,0,0,0,0,0,0,0,0
202691,Klay Thompson,GSW,201604270GSW,"Apr 27, 2016",HOU,27,14,1,15,67.5,93.49,-25.99,3,6,11,21,0,0,0,0,0,0,0,0,1,0,0,0,0,0,0,0,0,0,0,0
101106,Andrew Bogut,GSW,201604270GSW,"Apr 27, 2016",HOU,4,4,0,4,50.0,50.0,0.0,4,4,0,0,0,0,0,0,0,0,0,0,0,0,0,0,0,0,0,0,0,0,0,0
201935,James Harden,HOU,201604270GSW,"Apr 27, 2016",GSW,35,23,9,27,56.45,64.91,-8.46,16,18,7,9,2,3,0,0,0,0,0,0,0,0,0,0,0,0,0,0,0,0,2,5
2733,Shaun Livingston,GSW,201604270GSW,"Apr 27, 2016",HOU,16,8,2,9,88.89,90.09,-1.2,8,14,0,0,1,2,0,0,0,0,0,0,0,0,0,0,0,0,0,0,0,0,0,0
201976,Patrick Beverley,HOU,201604270GSW,"Apr 27, 2016",GSW,2,5,0,5,15.38,20.0,-4.62,2,2,3,0,0,0,0,0,0,0,0,0,0,0,0,0,0,0,0,0,0,0,0,0
2772,Trevor Ariza,HOU,201604270GSW,"Apr 27, 2016",GSW,2,8,0,8,8.7,12.5,-3.8,1,2,7,0,0,0,0,0,0,0,0,0,0,0,0,0,0,0,0,0,0,0,0,0
202700,Donatas Motiejunas,HOU,201604270GSW,"Apr 27, 2016",GSW,7,7,2,8,38.89,44.42,-5.53,5,4,2,3,0,0,0,0,0,0,0,0,0,0,0,0,0,0,0,0,0,0,1,0
203084,Harrison Barnes,GSW,201604270GSW,"Apr 27, 2016",HOU,8,11,0,11,33.33,36.36,-3.03,9,8,2,0,0,0,0,0,0,0,0,0,0,0,0,0,0,0,0,0,0,0,0,0
2738,Andre Iguodala,GSW,201604270GSW,"Apr 27, 2016",HOU,6,3,7,6,42.86,49.34,-6.48,2,2,1,0,1,2,0,0,0,0,0,0,0,0,0,0,0,0,0,0,0,0,2,2
2746,Josh Smith,HOU,201604270GSW,"Apr 27, 2016",GSW,0,3,0,3,0.0,0.0,0.0,2,0,1,0,0,0,0,0,0,0,0,0,0,0,0,0,0,0,0,0,0,0,0,0
1891,Jason Terry,HOU,201604270GSW,"Apr 27, 2016",GSW,0,7,0,7,0.0,0.0,0.0,3,0,4,0,0,0,0,0,0,0,0,0,0,0,0,0,0,0,0,0,0,0,0,0
203105,Festus Ezeli,GSW,201604270GSW,"Apr 27, 2016",HOU,2,4,2,5,20.0,20.49,-0.49,4,2,0,0,0,0,0,0,0,0,0,0,0,0,0,0,0,0,0,0,0,0,1,0
201563,Michael Beasley,HOU,201604270GSW,"Apr 27, 2016",GSW,11,13,0,13,39.29,42.31,-3.02,11,8,2,3,0,0,0,0,0,0,0,0,0,0,0,0,0,0,0,0,0,0,0,0
203546,Ian Clark,GSW,201604270GSW,"Apr 27, 2016",HOU,7,6,1,6,50.0,54.35,-4.35,4,4,1,0,0,0,0,0,1,3,0,0,0,0,0,0,0,0,0,0,0,0,0,0
201578,Marreese Speights,GSW,201604270GSW,"Apr 27, 2016",HOU,4,7,0,7,23.53,28.57,-5.04,4,4,3,0,0,0,0,0,0,0,0,0,0,0,0,0,0,0,0,0,0,0,0,0
201147,Corey Brewer,HOU,201604270GSW,"Apr 27, 2016",GSW,7,8,2,9,31.82,39.41,-7.59,4,2,4,3,1,2,0,0,0,0,0,0,0,0,0,0,0,0,0,0,0,0,0,0
2571,Leandro Barbosa,GSW,201604270GSW,"Apr 27, 2016",HOU,9,6,0,6,60.0,75.0,-15.0,3,6,3,3,0,0,0,0,0,0,0,0,0,0,0,0,0,0,0,0,0,0,0,0
201575,Brandon Rush,GSW,201604270GSW,"Apr 27, 2016",HOU,15,8,0,8,71.43,93.75,-22.32,3,6,5,9,0,0,0,0,0,0,0,0,0,0,0,0,0,0,0,0,0,0,0,0
2760,Anderson Varejao,GSW,201604270GSW,"Apr 27, 2016",HOU,1,2,2,3,16.67,17.36,-0.69,2,0,0,0,1,1,0,0,0,0,0,0,0,0,0,0,0,0,0,0,0,0,0,0
202726,Andrew Goudelock,HOU,201604270GSW,"Apr 27, 2016",GSW,4,4,0,4,50.0,50.0,0.0,4,4,0,0,0,0,0,0,0,0,0,0,0,0,0,0,0,0,0,0,0,0,0,0
203991,Clint Capela,HOU,201604270GSW,"Apr 27, 2016",GSW,2,2,0,2,50.0,50.0,0.0,2,2,0,0,0,0,0,0,0,0,0,0,0,0,0,0,0,0,0,0,0,0,0,0
1626149,Montrezl Harrell,HOU,201604270GSW,"Apr 27, 2016",GSW,1,1,2,2,20.0,26.6,-6.6,0,0,1,0,1,1,0,0,0,0,0,0,0,0,0,0,0,0,0,0,0,0,0,0
203909,KJ McDaniels,HOU,201604270GSW,"Apr 27, 2016",GSW,2,1,0,1,100.0,100.0,0.0,1,2,0,0,0,0,0,0,0,0,0,0,0,0,0,0,0,0,0,0,0,0,0,0
201143,Al Horford,ATL,201604280BOS,"Apr 28, 2016",BOS,15,10,0,10,68.18,75.0,-6.82,8,12,2,3,0,0,0,0,0,0,0,0,0,0,0,0,0,0,0,0,0,0,0,0
203109,Jae Crowder,BOS,201604280BOS,"Apr 28, 2016",ATL,15,15,2,16,37.5,47.23,-9.73,7,4,8,9,1,2,0,0,0,0,0,0,0,0,0,0,0,0,0,0,0,0,0,0
200794,Paul Millsap,ATL,201604280BOS,"Apr 28, 2016",BOS,17,10,11,15,50.0,57.28,-7.28,6,6,3,0,4,6,0,0,1,3,0,0,0,0,0,0,0,0,0,0,0,0,1,2
101161,Amir Johnson,BOS,201604280BOS,"Apr 28, 2016",ATL,3,1,1,1,100.0,104.17,-4.17,0,0,0,0,0,0,0,0,1,3,0,0,0,0,0,0,0,0,0,0,0,0,0,0
201973,Jonas Jerebko,BOS,201604280BOS,"Apr 28, 2016",ATL,13,9,1,9,54.17,68.86,-14.69,3,4,5,6,0,0,0,0,1,3,0,0,0,0,0,0,0,0,0,0,0,0,0,0
203145,Kent Bazemore,ATL,201604280BOS,"Apr 28, 2016",BOS,15,13,4,15,41.67,50.81,-9.14,7,8,6,6,0,0,0,0,0,0,0,0,0,0,0,0,0,0,0,0,0,0,2,1
202738,Isaiah Thomas,BOS,201604280BOS,"Apr 28, 2016",ATL,25,24,7,27,40.32,46.16,-5.84,16,14,7,3,2,4,0,0,1,3,0,0,0,0,0,0,0,0,0,0,0,0,1,1
2594,Kyle Korver,ATL,201604280BOS,"Apr 28, 2016",BOS,14,4,4,6,100.0,121.53,-21.53,1,2,2,6,0,0,0,0,1,3,0,0,1,1,0,0,0,0,0,0,0,0,1,2
202323,Evan Turner,BOS,201604280BOS,"Apr 28, 2016",ATL,8,17,0,17,21.05,23.53,-2.48,13,8,4,0,0,0,0,0,0,0,0,0,0,0,0,0,0,0,0,0,0,0,0,0
201952,Jeff Teague,ATL,201604280BOS,"Apr 28, 2016",BOS,11,11,4,13,39.29,43.1,-3.81,9,8,2,0,0,0,0,0,0,0,0,0,0,0,0,0,0,0,0,0,0,0,2,3
203471,Dennis Schröder,ATL,201604280BOS,"Apr 28, 2016",BOS,12,10,2,11,50.0,55.15,-5.15,8,8,2,3,1,1,0,0,0,0,0,0,0,0,0,0,0,0,0,0,0,0,0,0
203118,Mike Scott,ATL,201604280BOS,"Apr 28, 2016",BOS,7,4,2,5,58.33,71.72,-13.39,2,2,2,3,1,2,0,0,0,0,0,0,0,0,0,0,0,0,0,0,0,0,0,0
203935,Marcus Smart,BOS,201604280BOS,"Apr 28, 2016",ATL,13,11,5,13,43.33,49.24,-5.91,7,6,3,0,1,2,0,0,1,3,0,0,0,0,0,0,0,0,0,0,0,0,1,2
203482,Kelly Olynyk,BOS,201604280BOS,"Apr 28, 2016",ATL,0,2,0,2,0.0,0.0,0.0,1,0,1,0,0,0,0,0,0,0,0,0,0,0,0,0,0,0,0,0,0,0,0,0
200757,Thabo Sefolosha,ATL,201604280BOS,"Apr 28, 2016",BOS,2,4,0,4,20.0,25.0,-5.0,2,2,2,0,0,0,0,0,0,0,0,0,0,0,0,0,0,0,0,0,0,0,0,0
203501,Tim Hardaway Jr.,ATL,201604280BOS,"Apr 28, 2016",BOS,7,6,0,6,46.67,58.33,-11.66,3,4,3,3,0,0,0,0,0,0,0,0,0,0,0,0,0,0,0,0,0,0,0,0
203096,Jared Sullinger,BOS,201604280BOS,"Apr 28, 2016",ATL,2,5,0,5,18.18,20.0,-1.82,4,2,1,0,0,0,0,0,0,0,0,0,0,0,0,0,0,0,0,0,0,0,0,0
1626154,RJ Hunter,BOS,201604280BOS,"Apr 28, 2016",ATL,0,2,0,2,0.0,0.0,0.0,1,0,1,0,0,0,0,0,0,0,0,0,0,0,0,0,0,0,0,0,0,0,0,0
203488,Mike Muscala,ATL,201604280BOS,"Apr 28, 2016",BOS,4,2,0,2,100.0,100.0,0.0,2,4,0,0,0,0,0,0,0,0,0,0,0,0,0,0,0,0,0,0,0,0,0,0
1626179,Terry Rozier,ATL,201604280BOS,"Apr 28, 2016",BOS,5,2,2,3,62.5,86.81,-24.31,0,0,2,3,1,2,0,0,0,0,0,0,0,0,0,0,0,0,0,0,0,0,0,0
203092,Tyler Zeller,BOS,201604280BOS,"Apr 28, 2016",ATL,8,6,0,6,66.67,66.67,0.0,6,8,0,0,0,0,0,0,0,0,0,0,0,0,0,0,0,0,0,0,0,0,0,0
101133,Ian Mahinmi,IND,201604290IND,"Apr 29, 2016",TOR,12,8,4,10,60.0,61.48,-1.48,8,10,0,0,2,2,0,0,0,0,0,0,0,0,0,0,0,0,0,0,0,0,0,0
202685,Jonas Valančiūnas,TOR,201604290IND,"Apr 29, 2016",IND,14,9,6,12,58.33,60.14,-1.81,9,10,0,0,2,2,0,0,0,0,0,0,0,0,0,0,0,0,0,0,0,0,1,2
200768,Kyle Lowry,TOR,201604290IND,"Apr 29, 2016",IND,10,14,2,15,27.03,33.6,-6.57,7,6,7,3,1,1,0,0,0,0,0,0,0,0,0,0,0,0,0,0,0,0,0,0
202331,Paul George,IND,201604290IND,"Apr 29, 2016",TOR,21,14,10,19,48.84,57.07,-8.23,9,8,5,3,4,8,0,0,0,0,0,0,0,0,0,0,0,0,0,0,0,0,1,2
101145,Monta Ellis,IND,201604290IND,"Apr 29, 2016",TOR,14,12,1,12,46.67,56.27,-9.6,6,8,5,3,0,0,0,0,1,3,0,0,0,0,0,0,0,0,0,0,0,0,0,0
201960,DeMarre Carroll,TOR,201604290IND,"Apr 29, 2016",IND,15,12,4,14,42.86,54.51,-11.65,5,6,7,6,2,3,0,0,0,0,0,0,0,0,0,0,0,0,0,0,0,0,0,0
201942,DeMar DeRozan,TOR,201604290IND,"Apr 29, 2016",IND,8,13,2,14,27.59,28.82,-1.23,12,6,1,0,1,2,0,0,0,0,0,0,0,0,0,0,0,0,0,0,0,0,0,0
201588,George Hill,IND,201604290IND,"Apr 29, 2016",TOR,12,8,8,12,46.15,52.08,-5.93,6,2,2,3,2,3,0,0,0,0,0,0,0,0,0,0,0,0,0,0,0,0,2,4
1626167,Myles Turner,IND,201604290IND,"Apr 29, 2016",TOR,15,11,3,12,60.0,60.88,-0.88,10,10,0,0,1,2,0,0,1,3,0,0,0,0,0,0,0,0,0,0,0,0,0,0
202335,Patrick Patterson,TOR,201604290IND,"Apr 29, 2016",IND,5,7,0,7,29.41,35.71,-6.3,4,2,3,3,0,0,0,0,0,0,0,0,0,0,0,0,0,0,0,0,0,0,0,0
203524,Solomon Hill,IND,201604290IND,"Apr 29, 2016",TOR,9,5,0,5,64.29,90.0,-25.71,1,0,4,9,0,0,0,0,0,0,0,0,0,0,0,0,0,0,0,0,0,0,0,0
202687,Bismack Biyombo,TOR,201604290IND,"Apr 29, 2016",IND,2,3,0,3,33.33,33.33,0.0,3,2,0,0,0,0,0,0,0,0,0,0,0,0,0,0,0,0,0,0,0,0,0,0
202709,Cory Joseph,TOR,201604290IND,"Apr 29, 2016",IND,15,6,6,9,71.43,86.81,-15.38,3,2,3,9,3,4,0,0,0,0,0,0,0,0,0,0,0,0,0,0,0,0,0,0
1626181,Norman Powell,TOR,201604290IND,"Apr 29, 2016",IND,2,6,0,6,12.5,16.67,-4.17,2,2,4,0,0,0,0,0,0,0,0,0,0,0,0,0,0,0,0,0,0,0,0,0
201155,Rodney Stuckey,IND,201604290IND,"Apr 29, 2016",TOR,8,4,0,4,72.73,100.0,-27.27,1,2,3,6,0,0,0,0,0,0,0,0,0,0,0,0,0,0,0,0,0,0,0,0
201951,Ty Lawson,IND,201604290IND,"Apr 29, 2016",TOR,4,3,0,3,57.14,66.67,-9.53,2,4,1,0,0,0,0,0,0,0,0,0,0,0,0,0,0,0,0,0,0,0,0,0
101139,CJ Miles,IND,201604290IND,"Apr 29, 2016",TOR,4,8,0,8,22.22,25.0,-2.78,6,4,2,0,0,0,0,0,0,0,0,0,0,0,0,0,0,0,0,0,0,0,0,0
203082,Terrence Ross,TOR,201604290IND,"Apr 29, 2016",IND,9,7,2,8,45.0,57.11,-12.11,3,2,4,6,0,0,0,0,0,0,0,0,0,0,0,0,0,0,0,0,0,0,1,1
201574,Jason Thompson,TOR,201604290IND,"Apr 29, 2016",IND,2,2,1,2,40.0,40.98,-0.98,1,0,0,0,0,0,0,0,1,2,0,0,0,0,0,0,0,0,0,0,0,0,0,0
1626153,Delon Wright,TOR,201604290IND,"Apr 29, 2016",IND,1,0,2,1,50.0,56.82,-6.82,0,0,0,0,1,1,0,0,0,0,0,0,0,0,0,0,0,0,0,0,0,0,0,0
201941,Jordan Hill,IND,201604290IND,"Apr 29, 2016",TOR,0,1,0,1,0.0,0.0,0.0,1,0,0,0,0,0,0,0,0,0,0,0,0,0,0,0,0,0,0,0,0,0,0,0
1626202,Joe Young,IND,201604290IND,"Apr 29, 2016",TOR,2,2,0,2,50.0,50.0,0.0,2,2,0,0,0,0,0,0,0,0,0,0,0,0,0,0,0,0,0,0,0,0,0,0
2736,Luol Deng,MIA,201604290CHO,"Apr 29, 2016",CHA,21,14,0,14,65.62,75.0,-9.38,10,12,4,9,0,0,0,0,0,0,0,0,0,0,0,0,0,0,0,0,0,0,0,0
202689,Kemba Walker,CHA,201604290CHO,"Apr 29, 2016",MIA,37,30,6,32,50.0,56.68,-6.68,21,18,8,12,1,2,1,3,1,2,0,0,0,0,0,0,0,0,0,0,0,0,0,0
201609,Goran Dragic,MIA,201604290CHO,"Apr 29, 2016",CHA,14,17,2,18,36.84,39.15,-2.31,15,12,2,0,1,2,0,0,0,0,0,0,0,0,0,0,0,0,0,0,0,0,0,0
1626163,Frank Kaminsky,CHA,201604290CHO,"Apr 29, 2016",MIA,7,5,2,6,46.67,59.52,-12.85,2,2,3,3,1,2,0,0,0,0,0,0,0,0,0,0,0,0,0,0,0,0,0,0
2744,Al Jefferson,CHA,201604290CHO,"Apr 29, 2016",MIA,18,14,3,15,58.06,58.75,-0.69,13,14,0,0,0,0,0,0,1,2,0,0,0,0,0,0,0,0,0,0,0,0,1,2
2207,Joe Johnson,MIA,201604290CHO,"Apr 29, 2016",CHA,11,7,4,9,50.0,62.79,-12.79,3,4,4,3,1,2,0,0,0,0,0,0,0,0,0,0,0,0,0,0,0,0,1,2
2548,Dwyane Wade,MIA,201604290CHO,"Apr 29, 2016",CHA,23,20,2,21,52.27,55.08,-2.81,18,16,2,6,1,1,0,0,0,0,0,0,0,0,0,0,0,0,0,0,0,0,0,0
202355,Hassan Whiteside,MIA,201604290CHO,"Apr 29, 2016",CHA,12,7,3,8,70.59,72.12,-1.53,6,8,0,0,1,2,0,0,1,2,0,0,0,0,0,0,0,0,0,0,0,0,0,0
101107,Marvin Williams,CHA,201604290CHO,"Apr 29, 2016",MIA,0,7,0,7,0.0,0.0,0.0,5,0,2,0,0,0,0,0,0,0,0,0,0,0,0,0,0,0,0,0,0,0,0,0
201584,Courtney Lee,MIA,201604290CHO,"Apr 29, 2016",CHA,2,2,0,2,50.0,50.0,0.0,2,2,0,0,0,0,0,0,0,0,0,0,0,0,0,0,0,0,0,0,0,0,0,0
202391,Jeremy Lin,CHA,201604290CHO,"Apr 29, 2016",MIA,8,8,6,11,34.78,37.59,-2.81,7,2,1,0,1,2,0,0,0,0,0,0,0,0,0,0,0,0,0,0,0,0,2,4
201587,Nicolas Batum,CHA,201604290CHO,"Apr 29, 2016",MIA,6,5,2,6,40.0,51.02,-11.02,2,4,3,0,1,2,0,0,0,0,0,0,0,0,0,0,0,0,0,0,0,0,0,0
101123,Gerald Green,MIA,201604290CHO,"Apr 29, 2016",CHA,0,5,0,5,0.0,0.0,0.0,5,0,0,0,0,0,0,0,0,0,0,0,0,0,0,0,0,0,0,0,0,0,0,0
1626196,Josh Richardson,MIA,201604290CHO,"Apr 29, 2016",CHA,6,5,0,5,46.15,60.0,-13.85,2,0,3,6,0,0,0,0,0,0,0,0,0,0,0,0,0,0,0,0,0,0,0,0
203469,Cody Zeller,CHA,201604290CHO,"Apr 29, 2016",MIA,12,5,6,8,75.0,78.53,-3.53,5,8,0,0,3,4,0,0,0,0,0,0,0,0,0,0,0,0,0,0,0,0,0,0
201177,Josh McRoberts,MIA,201604290CHO,"Apr 29, 2016",CHA,2,2,0,2,50.0,50.0,0.0,2,2,0,0,0,0,0,0,0,0,0,0,0,0,0,0,0,0,0,0,0,0,0,0
1626159,Justise Winslow,MIA,201604290CHO,"Apr 29, 2016",CHA,6,4,2,5,54.55,61.48,-6.93,3,4,1,0,1,2,0,0,0,0,0,0,0,0,0,0,0,0,0,0,0,0,0,0
2617,Udonis Haslem,MIA,201604290CHO,"Apr 29, 2016",CHA,2,2,2,3,33.33,34.72,-1.39,2,0,0,0,1,2,0,0,0,0,0,0,0,0,0,0,0,0,0,0,0,0,0,0
203081,Damian Lillard,POR,201604290POR,"Apr 29, 2016",LAC,28,21,7,24,48.28,58.14,-9.86,12,10,9,12,2,3,1,3,0,0,0,0,0,0,0,0,0,0,0,0,0,0,0,0
203486,Mason Plumlee,POR,201604290POR,"Apr 29, 2016",LAC,9,5,6,8,56.25,58.9,-2.65,5,6,0,0,0,0,0,0,0,0,0,0,0,0,0,0,0,0,0,0,0,0,3,3
203090,Maurice Harkless,POR,201604290POR,"Apr 29, 2016",LAC,14,12,2,13,43.75,54.35,-10.6,6,2,6,12,0,0,0,0,0,0,0,0,0,0,0,0,0,0,0,0,0,0,1,0
201599,DeAndre Jordan,LAC,201604290POR,"Apr 29, 2016",POR,15,7,8,11,68.18,71.29,-3.11,7,12,0,0,1,2,0,0,0,0,0,0,0,0,0,0,0,0,0,0,0,0,3,1
203085,Austin Rivers,LAC,201604290POR,"Apr 29, 2016",POR,21,19,5,21,42.86,49.53,-6.67,12,12,6,3,1,2,0,0,1,3,0,0,0,0,0,0,0,0,0,0,0,0,1,1
202329,Al-Farouq Aminu,POR,201604290POR,"Apr 29, 2016",LAC,10,9,2,10,38.46,50.61,-12.15,3,2,6,6,0,0,0,0,0,0,0,0,0,0,0,0,0,0,0,0,0,0,1,2
201145,Jeff Green,LAC,201604290POR,"Apr 29, 2016",POR,11,12,2,13,42.31,42.7,-0.39,12,10,0,0,1,1,0,0,0,0,0,0,0,0,0,0,0,0,0,0,0,0,0,0
203468,CJ McCollum,POR,201604290POR,"Apr 29, 2016",LAC,20,16,5,18,50.0,54.95,-4.95,12,8,3,6,2,3,0,0,1,3,0,0,0,0,0,0,0,0,0,0,0,0,0,0
200755,JJ Redick,LAC,201604290POR,"Apr 29, 2016",POR,15,12,0,12,57.69,62.5,-4.81,10,12,2,3,0,0,0,0,0,0,0,0,0,0,0,0,0,0,0,0,0,0,0,0
201601,Luc Mbah a Moute,POR,201604290POR,"Apr 29, 2016",LAC,3,2,1,2,60.0,61.48,-1.48,1,0,0,0,0,0,0,0,1,3,0,0,0,0,0,0,0,0,0,0,0,0,0,0
2037,Jamal Crawford,LAC,201604290POR,"Apr 29, 2016",POR,32,25,13,31,48.48,52.08,-3.6,22,20,3,0,4,7,1,3,0,0,0,0,0,0,0,0,0,0,0,0,0,0,1,2
202325,Wesley Johnson,LAC,201604290POR,"Apr 29, 2016",POR,3,5,0,5,23.08,30.0,-6.92,2,0,3,3,0,0,0,0,0,0,0,0,0,0,0,0,0,0,0,0,0,0,0,0
203143,Pablo Prigioni,LAC,201604290POR,"Apr 29, 2016",POR,0,2,0,2,0.0,0.0,0.0,2,0,0,0,0,0,0,0,0,0,0,0,0,0,0,0,0,0,0,0,0,0,0,0
201945,Gerald Henderson,POR,201604290POR,"Apr 29, 2016",LAC,8,10,0,10,36.36,40.0,-3.64,8,8,2,0,0,0,0,0,0,0,0,0,0,0,0,0,0,0,0,0,0,0,0,0
203459,Allen Crabbe,POR,201604290POR,"Apr 29, 2016",LAC,13,9,2,10,50.0,65.79,-15.79,3,6,6,6,1,1,0,0,0,0,0,0,0,0,0,0,0,0,0,0,0,0,0,0
1718,Paul Pierce,LAC,201604290POR,"Apr 29, 2016",POR,3,3,2,4,30.0,38.66,-8.66,1,0,2,3,1,0,0,0,0,0,0,0,0,0,0,0,0,0,0,0,0,0,0,0
202334,Ed Davis,POR,201604290POR,"Apr 29, 2016",LAC,4,4,0,4,50.0,50.0,0.0,4,4,0,0,0,0,0,0,0,0,0,0,0,0,0,0,0,0,0,0,0,0,0,0
202695,Kawhi Leonard,SAS,201604300SAS,"Apr 30, 2016",OKC,25,13,4,15,78.12,84.69,-6.57,11,18,2,3,0,0,1,3,0,0,0,0,1,1,0,0,0,0,0,0,0,0,0,0
201142,Kevin Durant,OKC,201604300SAS,"Apr 30, 2016",SAS,16,15,4,17,44.44,47.73,-3.29,13,12,2,0,0,0,1,3,0,0,0,0,1,1,0,0,0,0,0,0,0,0,0,0
200746,LaMarcus Aldridge,SAS,201604300SAS,"Apr 30, 2016",OKC,38,23,1,23,79.17,81.06,-1.89,21,32,1,3,0,0,0,0,1,3,0,0,0,0,0,0,0,0,0,0,0,0,0,0
201566,Russell Westbrook,OKC,201604300SAS,"Apr 30, 2016",SAS,14,19,4,21,31.11,33.72,-2.61,16,10,3,0,2,4,0,0,0,0,0,0,0,0,0,0,0,0,0,0,0,0,0,0
2225,Tony Parker,SAS,201604300SAS,"Apr 30, 2016",OKC,2,3,0,3,33.33,33.33,0.0,3,2,0,0,0,0,0,0,0,0,0,0,0,0,0,0,0,0,0,0,0,0,0,0
203500,Steven Adams,OKC,201604300SAS,"Apr 30, 2016",SAS,9,7,2,8,56.25,57.11,-0.86,7,8,0,0,1,1,0,0,0,0,0,0,0,0,0,0,0,0,0,0,0,0,0,0
201980,Danny Green,SAS,201604300SAS,"Apr 30, 2016",OKC,18,7,1,7,85.71,120.97,-35.26,1,2,5,12,0,0,0,0,0,0,1,4,0,0,0,0,0,0,0,0,0,0,0,0
201586,Serge Ibaka,OKC,201604300SAS,"Apr 30, 2016",SAS,19,15,0,15,52.78,63.33,-10.55,9,10,6,9,0,0,0,0,0,0,0,0,0,0,0,0,0,0,0,0,0,0,0,0
1495,Tim Duncan,SAS,201604300SAS,"Apr 30, 2016",OKC,8,7,2,7,50.0,50.76,-0.76,5,4,0,0,0,0,0,0,2,4,0,0,0,0,0,0,0,0,0,0,0,0,0,0
203460,Andre Roberson,OKC,201604300SAS,"Apr 30, 2016",SAS,0,2,0,2,0.0,0.0,0.0,0,0,2,0,0,0,0,0,0,0,0,0,0,0,0,0,0,0,0,0,0,0,0,0
202713,Kyle Singler,OKC,201604300SAS,"Apr 30, 2016",SAS,0,1,0,1,0.0,0.0,0.0,0,0,1,0,0,0,0,0,0,0,0,0,0,0,0,0,0,0,0,0,0,0,0,0
203079,Dion Waiters,OKC,201604300SAS,"Apr 30, 2016",SAS,11,6,7,9,52.38,60.57,-8.19,3,4,2,0,3,4,0,0,1,3,0,0,0,0,0,0,0,0,0,0,0,0,0,0
1938,Manu Ginobili,SAS,201604300SAS,"Apr 30, 2016",OKC,6,2,3,3,75.0,90.36,-15.36,1,0,1,3,0,0,1,3,0,0,0,0,0,0,0,0,0,0,0,0,0,0,0,0
202683,Enes Freedom,OKC,201604300SAS,"Apr 30, 2016",SAS,6,7,2,8,35.29,38.07,-2.78,6,6,1,0,0,0,0,0,0,0,0,0,0,0,0,0,0,0,0,0,0,0,1,0
203937,Kyle Anderson,SAS,201604300SAS,"Apr 30, 2016",OKC,2,5,0,5,18.18,20.0,-1.82,4,2,1,0,0,0,0,0,0,0,0,0,0,0,0,0,0,0,0,0,0,0,0,0
2561,David West,SAS,201604300SAS,"Apr 30, 2016",OKC,5,4,2,5,50.0,51.23,-1.23,4,4,0,0,1,1,0,0,0,0,0,0,0,0,0,0,0,0,0,0,0,0,0,0
1626166,Cameron Payne,OKC,201604300SAS,"Apr 30, 2016",SAS,3,6,0,6,20.0,25.0,-5.0,3,0,3,3,0,0,0,0,0,0,0,0,0,0,0,0,0,0,0,0,0,0,0,0
201988,Patty Mills,SAS,201604300SAS,"Apr 30, 2016",OKC,3,4,3,5,23.08,28.2,-5.12,2,2,2,0,0,0,1,1,0,0,0,0,0,0,0,0,0,0,0,0,0,0,0,0
2555,Nick Collison,OKC,201604300SAS,"Apr 30, 2016",SAS,2,1,0,1,100.0,100.0,0.0,1,2,0,0,0,0,0,0,0,0,0,0,0,0,0,0,0,0,0,0,0,0,0,0
200751,Randy Foye,OKC,201604300SAS,"Apr 30, 2016",SAS,5,4,0,4,50.0,62.5,-12.5,2,2,2,3,0,0,0,0,0,0,0,0,0,0,0,0,0,0,0,0,0,0,0,0
2564,Boris Diaw,SAS,201604300SAS,"Apr 30, 2016",OKC,6,4,0,4,75.0,75.0,0.0,4,6,0,0,0,0,0,0,0,0,0,0,0,0,0,0,0,0,0,0,0,0,0,0
2755,Kevin Martin,SAS,201604300SAS,"Apr 30, 2016",OKC,2,7,0,7,13.33,14.29,-0.96,6,2,1,0,0,0,0,0,0,0,0,0,0,0,0,0,0,0,0,0,0,0,0,0
1889,Andre Miller,SAS,201604300SAS,"Apr 30, 2016",OKC,5,3,0,3,71.43,83.33,-11.9,2,2,1,3,0,0,0,0,0,0,0,0,0,0,0,0,0,0,0,0,0,0,0,0
1626246,Boban Marjanovic,SAS,201604300SAS,"Apr 30, 2016",OKC,4,2,2,3,66.67,69.44,-2.77,2,2,0,0,1,2,0,0,0,0,0,0,0,0,0,0,0,0,0,0,0,0,0,0
201627,Anthony Morrow,OKC,201604300SAS,"Apr 30, 2016",SAS,5,1,2,2,100.0,132.98,-32.98,0,0,1,3,0,0,0,0,0,0,0,0,0,0,0,0,0,0,0,0,0,0,1,2
1737,Nazr Mohammed,OKC,201604300SAS,"Apr 30, 2016",SAS,2,1,0,1,100.0,100.0,0.0,1,2,0,0,0,0,0,0,0,0,0,0,0,0,0,0,0,0,0,0,0,0,0,0
2736,Luol Deng,MIA,201605010MIA,"May 1, 2016",CHA,15,9,1,9,65.22,79.45,-14.23,4,6,4,6,0,0,0,0,1,3,0,0,0,0,0,0,0,0,0,0,0,0,0,0
1626163,Frank Kaminsky,CHA,201605010MIA,"May 1, 2016",MIA,12,15,4,17,30.77,35.8,-5.03,10,2,5,6,1,2,0,0,0,0,0,0,0,0,0,0,0,0,0,0,0,0,1,2
202355,Hassan Whiteside,MIA,201605010MIA,"May 1, 2016",CHA,10,8,4,10,50.0,51.23,-1.23,8,8,0,0,2,2,0,0,0,0,0,0,0,0,0,0,0,0,0,0,0,0,0,0
2744,Al Jefferson,CHA,201605010MIA,"May 1, 2016",MIA,4,7,0,7,28.57,28.57,0.0,7,4,0,0,0,0,0,0,0,0,0,0,0,0,0,0,0,0,0,0,0,0,0,0
2548,Dwyane Wade,MIA,201605010MIA,"May 1, 2016",CHA,12,11,2,12,50.0,50.51,-0.51,11,10,0,0,1,2,0,0,0,0,0,0,0,0,0,0,0,0,0,0,0,0,0,0
2207,Joe Johnson,MIA,201605010MIA,"May 1, 2016",CHA,9,10,2,11,34.62,41.36,-6.74,6,4,4,3,1,2,0,0,0,0,0,0,0,0,0,0,0,0,0,0,0,0,0,0
201609,Goran Dragic,MIA,201605010MIA,"May 1, 2016",CHA,25,17,4,19,58.14,66.63,-8.49,12,18,5,6,2,1,0,0,0,0,0,0,0,0,0,0,0,0,0,0,0,0,0,0
202689,Kemba Walker,CHA,201605010MIA,"May 1, 2016",MIA,9,16,2,17,23.68,26.66,-2.98,12,4,4,3,1,2,0,0,0,0,0,0,0,0,0,0,0,0,0,0,0,0,0,0
101107,Marvin Williams,CHA,201605010MIA,"May 1, 2016",MIA,5,3,2,4,50.0,64.43,-14.43,1,0,2,3,0,0,0,0,0,0,0,0,0,0,0,0,0,0,0,0,0,0,1,2
201584,Courtney Lee,CHA,201605010MIA,"May 1, 2016",MIA,11,8,0,8,64.71,68.75,-4.04,7,8,1,3,0,0,0,0,0,0,0,0,0,0,0,0,0,0,0,0,0,0,0,0
202391,Jeremy Lin,CHA,201605010MIA,"May 1, 2016",MIA,9,8,1,8,47.37,53.32,-5.95,5,6,2,0,0,0,0,0,1,3,0,0,0,0,0,0,0,0,0,0,0,0,0,0
101123,Gerald Green,MIA,201605010MIA,"May 1, 2016",CHA,16,16,0,16,42.11,50.0,-7.89,10,10,6,6,0,0,0,0,0,0,0,0,0,0,0,0,0,0,0,0,0,0,0,0
1626196,Josh Richardson,MIA,201605010MIA,"May 1, 2016",CHA,3,6,0,6,20.0,25.0,-5.0,3,0,3,3,0,0,0,0,0,0,0,0,0,0,0,0,0,0,0,0,0,0,0,0
201587,Nicolas Batum,CHA,201605010MIA,"May 1, 2016",MIA,10,9,3,10,41.67,48.45,-6.78,6,4,3,3,0,0,1,3,0,0,0,0,0,0,0,0,0,0,0,0,0,0,0,0
203469,Cody Zeller,CHA,201605010MIA,"May 1, 2016",MIA,6,7,0,7,42.86,42.86,0.0,7,6,0,0,0,0,0,0,0,0,0,0,0,0,0,0,0,0,0,0,0,0,0,0
201177,Josh McRoberts,MIA,201605010MIA,"May 1, 2016",CHA,4,4,0,4,50.0,50.0,0.0,4,4,0,0,0,0,0,0,0,0,0,0,0,0,0,0,0,0,0,0,0,0,0,0
1626159,Justise Winslow,MIA,201605010MIA,"May 1, 2016",CHA,5,3,1,3,71.43,72.67,-1.24,2,2,0,0,0,0,0,0,1,3,0,0,0,0,0,0,0,0,0,0,0,0,0,0
203584,Troy Daniels,CHA,201605010MIA,"May 1, 2016",MIA,0,5,0,5,0.0,0.0,0.0,2,0,3,0,0,0,0,0,0,0,0,0,0,0,0,0,0,0,0,0,0,0,0,0
203087,Jeremy Lamb,CHA,201605010MIA,"May 1, 2016",MIA,7,5,0,5,63.64,70.0,-6.36,4,4,1,3,0,0,0,0,0,0,0,0,0,0,0,0,0,0,0,0,0,0,0,0
203268,Jorge Gutierrez,CHA,201605010MIA,"May 1, 2016",MIA,0,1,0,1,0.0,0.0,0.0,1,0,0,0,0,0,0,0,0,0,0,0,0,0,0,0,0,0,0,0,0,0,0,0
204020,Tyler Johnson,MIA,201605010MIA,"May 1, 2016",CHA,5,4,0,4,55.56,62.5,-6.94,3,2,1,3,0,0,0,0,0,0,0,0,0,0,0,0,0,0,0,0,0,0,0,0
1626153,Delon Wright,MIA,201605010MIA,"May 1, 2016",CHA,2,1,2,2,40.0,53.19,-13.19,0,0,1,0,1,2,0,0,0,0,0,0,0,0,0,0,0,0,0,0,0,0,0,0
202691,Klay Thompson,GSW,201605010GSW,"May 1, 2016",POR,37,28,3,29,50.68,63.1,-12.42,13,12,14,21,1,1,0,0,1,3,0,0,0,0,0,0,0,0,0,0,0,0,0,0
203090,Maurice Harkless,POR,201605010GSW,"May 1, 2016",GSW,10,12,3,13,31.25,37.54,-6.29,6,4,5,3,0,0,0,0,1,2,0,0,0,0,0,0,0,0,0,0,0,0,1,1
203084,Harrison Barnes,GSW,201605010GSW,"May 1, 2016",POR,10,7,2,8,52.63,63.45,-10.82,4,6,3,3,1,1,0,0,0,0,0,0,0,0,0,0,0,0,0,0,0,0,0,0
203486,Mason Plumlee,POR,201605010GSW,"May 1, 2016",GSW,1,7,2,8,6.25,6.35,-0.1,7,0,0,0,0,0,0,0,0,0,0,0,0,0,0,0,0,0,0,0,0,0,1,1
101106,Andrew Bogut,GSW,201605010GSW,"May 1, 2016",POR,10,8,0,8,58.82,62.5,-3.68,7,10,1,0,0,0,0,0,0,0,0,0,0,0,0,0,0,0,0,0,0,0,0,0
203081,Damian Lillard,POR,201605010GSW,"May 1, 2016",GSW,30,26,10,30,42.86,49.34,-6.48,16,4,8,12,3,6,0,0,2,6,0,0,0,0,0,0,0,0,0,0,0,0,1,2
2733,Shaun Livingston,GSW,201605010GSW,"May 1, 2016",POR,12,9,4,11,54.55,55.76,-1.21,9,8,0,0,2,4,0,0,0,0,0,0,0,0,0,0,0,0,0,0,0,0,0,0
203110,Draymond Green,GSW,201605010GSW,"May 1, 2016",POR,23,14,9,18,54.76,64.03,-9.27,8,6,5,6,2,4,0,0,1,3,0,0,0,0,0,0,0,0,0,0,0,0,2,4
202329,Al-Farouq Aminu,POR,201605010GSW,"May 1, 2016",GSW,15,13,0,13,44.12,57.69,-13.57,5,6,8,9,0,0,0,0,0,0,0,0,0,0,0,0,0,0,0,0,0,0,0,0
203468,CJ McCollum,POR,201605010GSW,"May 1, 2016",GSW,12,17,2,18,30.0,33.56,-3.56,13,10,4,0,1,2,0,0,0,0,0,0,0,0,0,0,0,0,0,0,0,0,0,0
2738,Andre Iguodala,GSW,201605010GSW,"May 1, 2016",POR,6,3,4,5,54.55,63.03,-8.48,2,2,1,0,1,2,0,0,0,0,0,0,0,0,0,0,0,0,0,0,0,0,1,2
2571,Leandro Barbosa,GSW,201605010GSW,"May 1, 2016",POR,6,4,2,5,54.55,61.48,-6.93,3,2,1,3,1,1,0,0,0,0,0,0,0,0,0,0,0,0,0,0,0,0,0,0
203459,Allen Crabbe,POR,201605010GSW,"May 1, 2016",GSW,15,9,3,10,62.5,72.67,-10.17,5,10,3,0,1,2,0,0,1,3,0,0,0,0,0,0,0,0,0,0,0,0,0,0
201945,Gerald Henderson,POR,201605010GSW,"May 1, 2016",GSW,5,3,0,3,71.43,83.33,-11.9,2,2,1,3,0,0,0,0,0,0,0,0,0,0,0,0,0,0,0,0,0,0,0,0
2760,Anderson Varejao,GSW,201605010GSW,"May 1, 2016",POR,4,3,0,3,66.67,66.67,0.0,3,4,0,0,0,0,0,0,0,0,0,0,0,0,0,0,0,0,0,0,0,0,0,0
203546,Ian Clark,GSW,201605010GSW,"May 1, 2016",POR,4,7,0,7,23.53,28.57,-5.04,4,4,3,0,0,0,0,0,0,0,0,0,0,0,0,0,0,0,0,0,0,0,0,0
202334,Ed Davis,POR,201605010GSW,"May 1, 2016",GSW,11,6,1,6,84.62,85.4,-0.78,5,8,0,0,0,0,0,0,1,3,0,0,0,0,0,0,0,0,0,0,0,0,0,0
201578,Marreese Speights,GSW,201605010GSW,"May 1, 2016",POR,6,7,0,7,37.5,42.86,-5.36,5,6,2,0,0,0,0,0,0,0,0,0,0,0,0,0,0,0,0,0,0,0,0,0
203148,Brian Roberts,POR,201605010GSW,"May 1, 2016",GSW,2,1,0,1,100.0,100.0,0.0,1,2,0,0,0,0,0,0,0,0,0,0,0,0,0,0,0,0,0,0,0,0,0,0
201575,Brandon Rush,GSW,201605010GSW,"May 1, 2016",POR,0,1,0,1,0.0,0.0,0.0,0,0,1,0,0,0,0,0,0,0,0,0,0,0,0,0,0,0,0,0,0,0,0,0
1626192,Pat Connaughton,POR,201605010GSW,"May 1, 2016",GSW,3,2,0,2,50.0,75.0,-25.0,0,0,2,3,0,0,0,0,0,0,0,0,0,0,0,0,0,0,0,0,0,0,0,0
1626242,Luis Montero,POR,201605010GSW,"May 1, 2016",GSW,2,1,0,1,100.0,100.0,0.0,1,2,0,0,0,0,0,0,0,0,0,0,0,0,0,0,0,0,0,0,0,0,0,0
201960,DeMarre Carroll,TOR,201605010TOR,"May 1, 2016",IND,3,6,0,6,18.75,25.0,-6.25,2,0,4,3,0,0,0,0,0,0,0,0,0,0,0,0,0,0,0,0,0,0,0,0
202331,Paul George,IND,201605010TOR,"May 1, 2016",TOR,26,18,6,21,53.06,62.98,-9.92,11,8,7,12,2,4,0,0,0,0,0,0,0,0,0,0,0,0,0,0,0,0,1,2
201942,DeMar DeRozan,TOR,201605010TOR,"May 1, 2016",IND,30,32,9,36,38.46,41.71,-3.25,26,16,5,3,2,4,0,0,1,3,0,0,0,0,0,0,0,0,0,0,0,0,2,4
201588,George Hill,IND,201605010TOR,"May 1, 2016",TOR,19,11,0,11,73.08,86.36,-13.28,7,10,4,9,0,0,0,0,0,0,0,0,0,0,0,0,0,0,0,0,0,0,0,0
200768,Kyle Lowry,TOR,201605010TOR,"May 1, 2016",IND,11,14,2,15,32.35,36.96,-4.61,10,10,4,0,1,1,0,0,0,0,0,0,0,0,0,0,0,0,0,0,0,0,0,0
101133,Ian Mahinmi,TOR,201605010TOR,"May 1, 2016",IND,6,5,0,5,60.0,60.0,0.0,5,6,0,0,0,0,0,0,0,0,0,0,0,0,0,0,0,0,0,0,0,0,0,0
202335,Patrick Patterson,TOR,201605010TOR,"May 1, 2016",IND,11,9,0,9,47.83,61.11,-13.28,4,2,5,9,0,0,0,0,0,0,0,0,0,0,0,0,0,0,0,0,0,0,0,0
1626167,Myles Turner,IND,201605010TOR,"May 1, 2016",TOR,4,11,0,11,18.18,18.18,0.0,11,4,0,0,0,0,0,0,0,0,0,0,0,0,0,0,0,0,0,0,0,0,0,0
101145,Monta Ellis,IND,201605010TOR,"May 1, 2016",TOR,15,14,0,14,46.88,53.57,-6.69,10,12,4,3,0,0,0,0,0,0,0,0,0,0,0,0,0,0,0,0,0,0,0,0
202685,Jonas Valančiūnas,TOR,201605010TOR,"May 1, 2016",IND,10,10,2,11,45.45,45.96,-0.51,10,8,0,0,1,2,0,0,0,0,0,0,0,0,0,0,0,0,0,0,0,0,0,0
203524,Solomon Hill,IND,201605010TOR,"May 1, 2016",TOR,4,5,0,5,36.36,40.0,-3.64,4,4,1,0,0,0,0,0,0,0,0,0,0,0,0,0,0,0,0,0,0,0,0,0
202687,Bismack Biyombo,TOR,201605010TOR,"May 1, 2016",IND,3,3,4,5,30.0,31.51,-1.51,3,2,0,0,2,1,0,0,0,0,0,0,0,0,0,0,0,0,0,0,0,0,0,0
202709,Cory Joseph,TOR,201605010TOR,"May 1, 2016",IND,8,8,0,8,47.06,50.0,-2.94,7,8,1,0,0,0,0,0,0,0,0,0,0,0,0,0,0,0,0,0,0,0,0,0
1626181,Norman Powell,TOR,201605010TOR,"May 1, 2016",IND,13,6,0,6,81.25,108.33,-27.08,2,4,4,9,0,0,0,0,0,0,0,0,0,0,0,0,0,0,0,0,0,0,0,0
201155,Rodney Stuckey,IND,201605010TOR,"May 1, 2016",TOR,9,6,0,6,69.23,75.0,-5.77,5,6,1,3,0,0,0,0,0,0,0,0,0,0,0,0,0,0,0,0,0,0,0,0
201951,Ty Lawson,IND,201605010TOR,"May 1, 2016",TOR,1,1,2,2,25.0,26.6,-1.6,1,0,0,0,1,1,0,0,0,0,0,0,0,0,0,0,0,0,0,0,0,0,0,0
101139,CJ Miles,IND,201605010TOR,"May 1, 2016",TOR,0,2,0,2,0.0,0.0,0.0,0,0,2,0,0,0,0,0,0,0,0,0,0,0,0,0,0,0,0,0,0,0,0,0
203082,Terrence Ross,TOR,201605010TOR,"May 1, 2016",IND,0,1,0,1,0.0,0.0,0.0,0,0,1,0,0,0,0,0,0,0,0,0,0,0,0,0,0,0,0,0,0,0,0,0
202681,Kyrie Irving,CLE,201605020CLE,"May 2, 2016",ATL,21,18,2,19,48.84,55.61,-6.77,13,10,5,9,0,0,0,0,0,0,0,0,0,0,0,0,0,0,0,0,0,0,1,2
203145,Kent Bazemore,ATL,201605020CLE,"May 2, 2016",CLE,16,14,2,15,40.0,53.76,-13.76,4,6,10,9,0,0,0,0,0,0,0,0,0,0,0,0,0,0,0,0,0,0,1,1
2747,JR Smith,CLE,201605020CLE,"May 2, 2016",ATL,12,8,2,9,48.0,67.57,-19.57,1,0,7,12,1,0,0,0,0,0,0,0,0,0,0,0,0,0,0,0,0,0,0,0
201143,Al Horford,ATL,201605020CLE,"May 2, 2016",CLE,10,13,2,14,34.48,36.02,-1.54,12,8,1,0,0,0,0,0,0,0,0,0,0,0,0,0,0,0,0,0,0,0,1,2
201567,Kevin Love,CLE,201605020CLE,"May 2, 2016",ATL,17,17,7,20,34.0,42.33,-8.33,8,2,9,9,1,2,1,2,0,0,0,0,0,0,0,0,0,0,0,0,0,0,1,2
2544,LeBron James,CLE,201605020CLE,"May 2, 2016",ATL,25,21,1,21,53.19,58.3,-5.11,16,16,4,6,0,0,0,0,1,3,0,0,0,0,0,0,0,0,0,0,0,0,0,0
200794,Paul Millsap,CLE,201605020CLE,"May 2, 2016",ATL,17,19,8,23,34.69,37.74,-3.05,16,12,3,0,2,3,0,0,0,0,0,0,0,0,1,0,0,0,0,0,0,0,1,2
2594,Kyle Korver,ATL,201605020CLE,"May 2, 2016",CLE,3,1,3,2,50.0,64.66,-14.66,0,0,1,0,0,0,1,3,0,0,0,0,0,0,0,0,0,0,0,0,0,0,0,0
202684,Tristan Thompson,CLE,201605020CLE,"May 2, 2016",ATL,8,6,4,8,50.0,51.55,-1.55,6,6,0,0,1,1,0,0,0,0,0,0,0,0,0,0,0,0,0,0,0,0,1,1
201952,Jeff Teague,ATL,201605020CLE,"May 2, 2016",CLE,8,9,4,11,30.77,37.17,-6.4,5,2,4,3,1,1,0,0,0,0,0,0,0,0,0,0,0,0,0,0,0,0,1,2
200757,Thabo Sefolosha,ATL,201605020CLE,"May 2, 2016",CLE,2,3,0,3,28.57,33.33,-4.76,2,2,1,0,0,0,0,0,0,0,0,0,0,0,0,0,0,0,0,0,0,0,0,0
203118,Mike Scott,ATL,201605020CLE,"May 2, 2016",CLE,7,3,0,3,100.0,116.67,-16.67,2,4,1,3,0,0,0,0,0,0,0,0,0,0,0,0,0,0,0,0,0,0,0,0
203471,Dennis Schröder,ATL,201605020CLE,"May 2, 2016",CLE,27,20,2,21,51.92,64.66,-12.74,10,10,10,15,1,2,0,0,0,0,0,0,0,0,0,0,0,0,0,0,0,0,0,0
202697,Iman Shumpert,CLE,201605020CLE,"May 2, 2016",ATL,2,2,0,2,50.0,50.0,0.0,2,2,0,0,0,0,0,0,0,0,0,0,0,0,0,0,0,0,0,0,0,0,0,0
203501,Tim Hardaway Jr.,ATL,201605020CLE,"May 2, 2016",CLE,0,4,0,4,0.0,0.0,0.0,2,0,2,0,0,0,0,0,0,0,0,0,0,0,0,0,0,0,0,0,0,0,0,0
203521,Matthew Dellavedova,CLE,201605020CLE,"May 2, 2016",ATL,1,2,2,3,14.29,17.36,-3.07,1,0,1,0,0,0,0,0,0,0,0,0,0,0,0,0,0,0,0,0,0,0,1,1
101112,Channing Frye,CLE,201605020CLE,"May 2, 2016",ATL,8,5,3,6,50.0,63.29,-13.29,2,2,3,3,0,0,1,3,0,0,0,0,0,0,0,0,0,0,0,0,0,0,0,0
2210,Richard Jefferson,CLE,201605020CLE,"May 2, 2016",ATL,8,3,0,3,100.0,133.33,-33.33,1,2,2,6,0,0,0,0,0,0,0,0,0,0,0,0,0,0,0,0,0,0,0,0
203934,Lamar Patterson,ATL,201605020CLE,"May 2, 2016",CLE,3,1,0,1,100.0,150.0,-50.0,0,0,1,3,0,0,0,0,0,0,0,0,0,0,0,0,0,0,0,0,0,0,0,0
2563,Dahntay Jones,CLE,201605020CLE,"May 2, 2016",ATL,2,1,0,1,100.0,100.0,0.0,1,2,0,0,0,0,0,0,0,0,0,0,0,0,0,0,0,0,0,0,0,0,0,0
201980,Danny Green,SAS,201605020SAS,"May 2, 2016",OKC,9,11,0,11,30.0,40.91,-10.91,3,0,8,9,0,0,0,0,0,0,0,0,0,0,0,0,0,0,0,0,0,0,0,0
203500,Steven Adams,OKC,201605020SAS,"May 2, 2016",SAS,12,6,2,7,85.71,87.21,-1.5,6,10,0,0,1,2,0,0,0,0,0,0,0,0,0,0,0,0,0,0,0,0,0,0
202695,Kawhi Leonard,OKC,201605020SAS,"May 2, 2016",SAS,14,18,2,19,34.15,37.08,-2.93,15,14,3,0,1,0,0,0,0,0,0,0,0,0,0,0,0,0,0,0,0,0,0,0
201566,Russell Westbrook,OKC,201605020SAS,"May 2, 2016",SAS,29,25,8,29,45.31,50.84,-5.53,19,20,6,3,3,4,0,0,0,0,0,0,0,0,0,0,0,0,0,0,0,0,1,2
200746,LaMarcus Aldridge,SAS,201605020SAS,"May 2, 2016",OKC,41,21,10,25,77.36,80.71,-3.35,19,26,1,3,2,4,1,3,1,3,0,0,0,0,0,0,0,0,0,0,0,0,1,2
1495,Tim Duncan,SAS,201605020SAS,"May 2, 2016",OKC,2,8,0,8,12.5,12.5,0.0,8,2,0,0,0,0,0,0,0,0,0,0,0,0,0,0,0,0,0,0,0,0,0,0
201586,Serge Ibaka,OKC,201605020SAS,"May 2, 2016",SAS,12,10,0,10,48.0,60.0,-12.0,5,6,5,6,0,0,0,0,0,0,0,0,0,0,0,0,0,0,0,0,0,0,0,0
201142,Kevin Durant,OKC,201605020SAS,"May 2, 2016",SAS,28,19,5,21,62.22,66.04,-3.82,16,18,2,3,2,4,0,0,1,3,0,0,0,0,0,0,0,0,0,0,0,0,0,0
203460,Andre Roberson,OKC,201605020SAS,"May 2, 2016",SAS,0,1,2,2,0.0,0.0,0.0,0,0,1,0,1,0,0,0,0,0,0,0,0,0,0,0,0,0,0,0,0,0,0,0
2225,Tony Parker,SAS,201605020SAS,"May 2, 2016",OKC,7,9,1,9,33.33,37.08,-3.75,6,4,2,0,0,0,0,0,1,3,0,0,0,0,0,0,0,0,0,0,0,0,0,0
1938,Manu Ginobili,SAS,201605020SAS,"May 2, 2016",OKC,11,8,0,8,61.11,68.75,-7.64,6,8,2,3,0,0,0,0,0,0,0,0,0,0,0,0,0,0,0,0,0,0,0,0
2561,David West,SAS,201605020SAS,"May 2, 2016",OKC,6,8,0,8,37.5,37.5,0.0,8,6,0,0,0,0,0,0,0,0,0,0,0,0,0,0,0,0,0,0,0,0,0,0
201988,Patty Mills,SAS,201605020SAS,"May 2, 2016",OKC,5,9,0,9,20.83,27.78,-6.95,3,2,6,3,0,0,0,0,0,0,0,0,0,0,0,0,0,0,0,0,0,0,0,0
203079,Dion Waiters,OKC,201605020SAS,"May 2, 2016",SAS,3,5,0,5,25.0,30.0,-5.0,3,0,2,3,0,0,0,0,0,0,0,0,0,0,0,0,0,0,0,0,0,0,0,0
201627,Anthony Morrow,OKC,201605020SAS,"May 2, 2016",SAS,2,3,0,3,28.57,33.33,-4.76,2,2,1,0,0,0,0,0,0,0,0,0,0,0,0,0,0,0,0,0,0,0,0,0
202683,Enes Freedom,OKC,201605020SAS,"May 2, 2016",SAS,12,7,4,9,63.16,68.49,-5.33,6,8,1,0,2,4,0,0,0,0,0,0,0,0,0,0,0,0,0,0,0,0,0,0
1626166,Cameron Payne,OKC,201605020SAS,"May 2, 2016",SAS,0,3,0,3,0.0,0.0,0.0,2,0,1,0,0,0,0,0,0,0,0,0,0,0,0,0,0,0,0,0,0,0,0,0
2564,Boris Diaw,SAS,201605020SAS,"May 2, 2016",OKC,2,2,0,2,40.0,50.0,-10.0,1,2,1,0,0,0,0,0,0,0,0,0,0,0,0,0,0,0,0,0,0,0,0,0
201942,DeMar DeRozan,TOR,201605030TOR,"May 3, 2016",MIA,22,22,6,24,44.0,44.64,-0.64,20,14,0,0,2,4,0,0,2,4,0,0,0,0,0,0,0,0,0,0,0,0,0,0
2548,Dwyane Wade,TOR,201605030TOR,"May 3, 2016",MIA,24,21,3,22,52.17,53.76,-1.59,19,16,1,3,1,2,0,0,1,3,0,0,0,0,0,0,0,0,0,0,0,0,0,0
200768,Kyle Lowry,TOR,201605030TOR,"May 3, 2016",MIA,7,13,0,13,21.21,26.92,-5.71,6,4,7,3,0,0,0,0,0,0,0,0,0,0,0,0,0,0,0,0,0,0,0,0
202355,Hassan Whiteside,MIA,201605030TOR,"May 3, 2016",TOR,9,7,6,10,45.0,46.68,-1.68,7,6,0,0,2,2,0,0,0,0,0,0,0,0,0,0,0,0,0,0,0,0,1,1
202685,Jonas Valančiūnas,TOR,201605030TOR,"May 3, 2016",MIA,24,16,4,18,66.67,67.57,-0.9,16,20,0,0,1,2,0,0,0,0,0,0,0,0,0,0,0,0,0,0,0,0,1,2
201609,Goran Dragic,MIA,201605030TOR,"May 3, 2016",TOR,26,20,5,22,53.06,58.56,-5.5,15,12,3,6,1,2,0,0,1,2,1,3,1,1,0,0,0,0,0,0,0,0,0,0
2736,Luol Deng,MIA,201605030TOR,"May 3, 2016",TOR,10,9,0,9,50.0,55.56,-5.56,7,4,2,6,0,0,0,0,0,0,0,0,0,0,0,0,0,0,0,0,0,0,0,0
201960,DeMarre Carroll,TOR,201605030TOR,"May 3, 2016",MIA,10,7,0,7,55.56,71.43,-15.87,3,4,4,6,0,0,0,0,0,0,0,0,0,0,0,0,0,0,0,0,0,0,0,0
1626181,Norman Powell,TOR,201605030TOR,"May 3, 2016",MIA,2,5,0,5,18.18,20.0,-1.82,4,2,1,0,0,0,0,0,0,0,0,0,0,0,0,0,0,0,0,0,0,0,0,0
2207,Joe Johnson,MIA,201605030TOR,"May 3, 2016",TOR,16,19,3,21,37.21,39.37,-2.16,17,14,2,0,0,0,0,0,0,0,0,0,1,1,0,0,0,0,0,0,0,0,1,1
1626196,Josh Richardson,MIA,201605030TOR,"May 3, 2016",TOR,11,6,4,8,61.11,70.88,-9.77,4,2,2,6,0,0,0,0,0,0,0,0,0,0,0,0,0,0,0,0,0,0,2,3
101123,Gerald Green,MIA,201605030TOR,"May 3, 2016",TOR,0,2,0,2,0.0,0.0,0.0,2,0,0,0,0,0,0,0,0,0,0,0,0,0,0,0,0,0,0,0,0,0,0,0
203082,Terrence Ross,TOR,201605030TOR,"May 3, 2016",MIA,19,13,5,15,50.0,62.5,-12.5,6,10,7,6,0,0,1,2,0,0,0,0,0,0,0,0,0,0,0,0,0,0,1,1
2405,Amar'e Stoudemire,MIA,201605030TOR,"May 3, 2016",TOR,4,2,0,2,100.0,100.0,0.0,2,4,0,0,0,0,0,0,0,0,0,0,0,0,0,0,0,0,0,0,0,0,0,0
1626159,Justise Winslow,MIA,201605030TOR,"May 3, 2016",TOR,0,2,0,2,0.0,0.0,0.0,2,0,0,0,0,0,0,0,0,0,0,0,0,0,0,0,0,0,0,0,0,0,0,0
202709,Cory Joseph,TOR,201605030TOR,"May 3, 2016",MIA,10,9,0,9,55.56,55.56,0.0,9,10,0,0,0,0,0,0,0,0,0,0,0,0,0,0,0,0,0,0,0,0,0,0
202335,Patrick Patterson,TOR,201605030TOR,"May 3, 2016",MIA,2,4,0,4,20.0,25.0,-5.0,2,2,2,0,0,0,0,0,0,0,0,0,0,0,0,0,0,0,0,0,0,0,0,0
2617,Udonis Haslem,MIA,201605030TOR,"May 3, 2016",TOR,2,1,0,1,100.0,100.0,0.0,1,2,0,0,0,0,0,0,0,0,0,0,0,0,0,0,0,0,0,0,0,0,0,0
101106,Andrew Bogut,GSW,201605030GSW,"May 3, 2016",POR,4,2,0,2,100.0,100.0,0.0,2,4,0,0,0,0,0,0,0,0,0,0,0,0,0,0,0,0,0,0,0,0,0,0
202329,Al-Farouq Aminu,POR,201605030GSW,"May 3, 2016",GSW,14,10,2,11,51.85,64.34,-12.49,5,4,5,9,1,1,0,0,0,0,0,0,0,0,0,0,0,0,0,0,0,0,0,0
203110,Draymond Green,GSW,201605030GSW,"May 3, 2016",POR,17,20,4,22,34.69,39.06,-4.37,14,12,5,0,1,2,0,0,1,3,0,0,0,0,0,0,0,0,0,0,1,0,0,0
203486,Mason Plumlee,POR,201605030GSW,"May 3, 2016",GSW,6,6,2,7,42.86,43.6,-0.74,6,4,0,0,0,0,0,0,0,0,0,0,0,0,0,0,0,0,0,0,0,0,1,2
202691,Klay Thompson,GSW,201605030GSW,"May 3, 2016",POR,27,20,8,24,43.55,57.4,-13.85,6,4,14,15,3,6,0,0,0,0,0,0,0,0,0,0,0,0,0,0,0,0,1,2
203090,Maurice Harkless,POR,201605030GSW,"May 3, 2016",GSW,11,11,4,13,35.48,43.1,-7.62,6,6,5,3,2,2,0,0,0,0,0,0,0,0,0,0,0,0,0,0,0,0,0,0
2733,Shaun Livingston,GSW,201605030GSW,"May 3, 2016",POR,14,15,2,16,43.75,44.08,-0.33,15,12,0,0,0,0,0,0,0,0,0,0,0,0,0,0,0,0,0,0,0,0,1,2
203468,CJ McCollum,POR,201605030GSW,"May 3, 2016",GSW,22,19,4,21,46.81,52.99,-6.18,14,16,5,3,2,3,0,0,0,0,0,0,0,0,0,0,0,0,0,0,0,0,0,0
203081,Damian Lillard,POR,201605030GSW,"May 3, 2016",GSW,25,20,3,22,46.3,58.63,-12.33,9,4,11,18,0,0,0,0,0,0,0,0,1,1,0,0,0,0,0,0,0,0,1,2
203084,Harrison Barnes,GSW,201605030GSW,"May 3, 2016",POR,13,8,2,9,68.42,73.2,-4.78,7,8,1,3,1,2,0,0,0,0,0,0,0,0,0,0,0,0,0,0,0,0,0,0
201945,Gerald Henderson,POR,201605030GSW,"May 3, 2016",GSW,12,9,0,9,54.55,66.67,-12.12,5,6,4,6,0,0,0,0,0,0,0,0,0,0,0,0,0,0,0,0,0,0,0,0
2738,Andre Iguodala,GSW,201605030GSW,"May 3, 2016",POR,15,9,2,10,71.43,75.91,-4.48,8,10,1,3,1,2,0,0,0,0,0,0,0,0,0,0,0,0,0,0,0,0,0,0
2571,Leandro Barbosa,GSW,201605030GSW,"May 3, 2016",POR,7,6,0,6,50.0,58.33,-8.33,4,4,2,3,0,0,0,0,0,0,0,0,0,0,0,0,0,0,0,0,0,0,0,0
203459,Allen Crabbe,POR,201605030GSW,"May 3, 2016",GSW,5,2,2,3,83.33,86.81,-3.48,2,4,0,0,1,1,0,0,0,0,0,0,0,0,0,0,0,0,0,0,0,0,0,0
202334,Ed Davis,POR,201605030GSW,"May 3, 2016",GSW,4,2,4,4,50.0,53.19,-3.19,2,2,0,0,1,1,0,0,0,0,0,0,0,0,0,0,0,0,0,0,0,0,1,1
2760,Anderson Varejao,GSW,201605030GSW,"May 3, 2016",POR,0,1,0,1,0.0,0.0,0.0,1,0,0,0,0,0,0,0,0,0,0,0,0,0,0,0,0,0,0,0,0,0,0,0
203546,Ian Clark,POR,201605030GSW,"May 3, 2016",GSW,5,2,2,3,83.33,86.81,-3.48,2,4,0,0,1,1,0,0,0,0,0,0,0,0,0,0,0,0,0,0,0,0,0,0
201578,Marreese Speights,GSW,201605030GSW,"May 3, 2016",POR,0,4,0,4,0.0,0.0,0.0,3,0,1,0,0,0,0,0,0,0,0,0,0,0,0,0,0,0,0,0,0,0,0,0
203148,Brian Roberts,POR,201605030GSW,"May 3, 2016",GSW,0,2,0,2,0.0,0.0,0.0,2,0,0,0,0,0,0,0,0,0,0,0,0,0,0,0,0,0,0,0,0,0,0,0
203105,Festus Ezeli,GSW,201605030GSW,"May 3, 2016",POR,8,4,0,4,100.0,100.0,0.0,4,8,0,0,0,0,0,0,0,0,0,0,0,0,0,0,0,0,0,0,0,0,0,0
2594,Kyle Korver,ATL,201605040CLE,"May 4, 2016",CLE,7,7,0,7,43.75,50.0,-6.25,5,4,2,3,0,0,0,0,0,0,0,0,0,0,0,0,0,0,0,0,0,0,0,0
201567,Kevin Love,CLE,201605040CLE,"May 4, 2016",ATL,11,12,2,13,36.67,42.7,-6.03,8,0,4,9,1,2,0,0,0,0,0,0,0,0,0,0,0,0,0,0,0,0,0,0
2747,JR Smith,CLE,201605040CLE,"May 4, 2016",ATL,23,14,0,14,56.1,82.14,-26.04,1,2,13,21,0,0,0,0,0,0,0,0,0,0,0,0,0,0,0,0,0,0,0,0
202684,Tristan Thompson,CLE,201605040CLE,"May 4, 2016",ATL,5,5,4,7,35.71,36.98,-1.27,5,2,0,0,1,1,0,0,0,0,0,0,0,0,0,0,0,0,0,0,0,0,1,2
203145,Kent Bazemore,ATL,201605040CLE,"May 4, 2016",CLE,5,7,3,8,25.0,30.05,-5.05,3,0,3,0,1,2,0,0,1,3,0,0,0,0,0,0,0,0,0,0,0,0,0,0
202681,Kyrie Irving,CLE,201605040CLE,"May 4, 2016",ATL,19,9,6,12,65.52,81.62,-16.1,4,2,5,12,2,3,0,0,0,0,0,0,0,0,0,0,0,0,0,0,0,0,1,2
200794,Paul Millsap,ATL,201605040CLE,"May 4, 2016",CLE,16,8,8,12,61.54,69.44,-7.9,6,6,2,3,3,6,0,0,0,0,0,0,0,0,0,0,0,0,0,0,0,0,1,1
201952,Jeff Teague,ATL,201605040CLE,"May 4, 2016",CLE,14,10,9,14,45.16,50.14,-4.98,8,6,2,0,3,5,1,3,0,0,0,0,0,0,0,0,0,0,0,0,0,0,0,0
2544,LeBron James,CLE,201605040CLE,"May 4, 2016",ATL,27,15,9,19,60.0,71.2,-11.2,8,8,6,12,4,5,0,0,1,2,0,0,0,0,0,0,0,0,0,0,0,0,0,0
201143,Al Horford,CLE,201605040CLE,"May 4, 2016",ATL,10,7,2,8,52.63,63.45,-10.82,4,2,3,6,1,2,0,0,0,0,0,0,0,0,0,0,0,0,0,0,0,0,0,0
203118,Mike Scott,ATL,201605040CLE,"May 4, 2016",CLE,2,0,2,1,100.0,113.64,-13.64,0,0,0,0,1,2,0,0,0,0,0,0,0,0,0,0,0,0,0,0,0,0,0,0
200757,Thabo Sefolosha,ATL,201605040CLE,"May 4, 2016",CLE,10,4,0,4,100.0,125.0,-25.0,2,4,2,6,0,0,0,0,0,0,0,0,0,0,0,0,0,0,0,0,0,0,0,0
203471,Dennis Schröder,ATL,201605040CLE,"May 4, 2016",CLE,5,5,0,5,38.46,50.0,-11.54,2,2,3,3,0,0,0,0,0,0,0,0,0,0,0,0,0,0,0,0,0,0,0,0
202697,Iman Shumpert,CLE,201605040CLE,"May 4, 2016",ATL,7,3,0,3,100.0,116.67,-16.67,2,4,1,3,0,0,0,0,0,0,0,0,0,0,0,0,0,0,0,0,0,0,0,0
2210,Richard Jefferson,CLE,201605040CLE,"May 4, 2016",ATL,8,3,0,3,100.0,133.33,-33.33,1,2,2,6,0,0,0,0,0,0,0,0,0,0,0,0,0,0,0,0,0,0,0,0
203521,Matthew Dellavedova,CLE,201605040CLE,"May 4, 2016",ATL,3,7,0,7,17.65,21.43,-3.78,4,0,3,3,0,0,0,0,0,0,0,0,0,0,0,0,0,0,0,0,0,0,0,0
203501,Tim Hardaway Jr.,ATL,201605040CLE,"May 4, 2016",CLE,4,5,2,6,25.0,34.01,-9.01,1,0,4,3,1,1,0,0,0,0,0,0,0,0,0,0,0,0,0,0,0,0,0,0
101112,Channing Frye,CLE,201605040CLE,"May 4, 2016",ATL,12,7,2,8,63.16,76.14,-12.98,4,8,3,3,1,1,0,0,0,0,0,0,0,0,0,0,0,0,0,0,0,0,0,0
203488,Mike Muscala,ATL,201605040CLE,"May 4, 2016",CLE,10,5,0,5,83.33,100.0,-16.67,3,4,2,6,0,0,0,0,0,0,0,0,0,0,0,0,0,0,0,0,0,0,0,0
2743,Kris Humphries,ATL,201605040CLE,"May 4, 2016",CLE,12,8,4,10,57.14,61.48,-4.34,7,8,1,0,2,4,0,0,0,0,0,0,0,0,0,0,0,0,0,0,0,0,0,0
202389,Timofey Mozgov,CLE,201605040CLE,"May 4, 2016",ATL,0,1,0,1,0.0,0.0,0.0,1,0,0,0,0,0,0,0,0,0,0,0,0,0,0,0,0,0,0,0,0,0,0,0
2590,Mo Williams,CLE,201605040CLE,"May 4, 2016",ATL,5,5,0,5,35.71,50.0,-14.29,1,2,4,3,0,0,0,0,0,0,0,0,0,0,0,0,0,0,0,0,0,0,0,0
2550,Kirk Hinrich,ATL,201605040CLE,"May 4, 2016",CLE,3,4,0,4,30.0,37.5,-7.5,2,0,2,3,0,0,0,0,0,0,0,0,0,0,0,0,0,0,0,0,0,0,0,0
203934,Lamar Patterson,ATL,201605040CLE,"May 4, 2016",CLE,0,1,0,1,0.0,0.0,0.0,0,0,1,0,0,0,0,0,0,0,0,0,0,0,0,0,0,0,0,0,0,0,0,0
2592,James Jones,CLE,201605040CLE,"May 4, 2016",ATL,0,4,0,4,0.0,0.0,0.0,2,0,2,0,0,0,0,0,0,0,0,0,0,0,0,0,0,0,0,0,0,0,0,0
2563,Dahntay Jones,CLE,201605040CLE,"May 4, 2016",ATL,3,2,0,2,50.0,75.0,-25.0,0,0,2,3,0,0,0,0,0,0,0,0,0,0,0,0,0,0,0,0,0,0,0,0
2736,Luol Deng,MIA,201605050TOR,"May 5, 2016",TOR,12,9,0,9,54.55,66.67,-12.12,5,6,4,6,0,0,0,0,0,0,0,0,0,0,0,0,0,0,0,0,0,0,0,0
1626181,Norman Powell,TOR,201605050TOR,"May 5, 2016",MIA,2,4,2,5,18.18,20.49,-2.31,3,0,1,0,1,2,0,0,0,0,0,0,0,0,0,0,0,0,0,0,0,0,0,0
201609,Goran Dragic,MIA,201605050TOR,"May 5, 2016",TOR,20,12,2,13,71.43,77.64,-6.21,10,12,2,6,1,2,0,0,0,0,0,0,0,0,0,0,0,0,0,0,0,0,0,0
200768,Kyle Lowry,TOR,201605050TOR,"May 5, 2016",MIA,18,22,6,25,31.58,36.53,-4.95,15,12,7,3,2,2,0,0,0,0,0,0,0,0,0,0,0,0,0,0,0,0,1,1
2548,Dwyane Wade,MIA,201605050TOR,"May 5, 2016",TOR,17,17,4,19,43.59,45.31,-1.72,16,12,1,3,2,2,0,0,0,0,0,0,0,0,0,0,0,0,0,0,0,0,0,0
201942,DeMar DeRozan,TOR,201605050TOR,"May 5, 2016",MIA,20,24,8,28,35.71,36.34,-0.63,24,18,0,0,3,1,0,0,0,0,0,0,0,0,0,0,0,0,0,0,0,0,1,1
201960,DeMarre Carroll,TOR,201605050TOR,"May 5, 2016",MIA,21,13,6,16,55.26,67.14,-11.88,7,8,6,9,2,3,0,0,0,0,0,0,0,0,0,0,0,0,0,0,0,0,1,1
2207,Joe Johnson,MIA,201605050TOR,"May 5, 2016",TOR,17,22,1,22,33.33,37.88,-4.55,15,14,6,0,0,0,0,0,1,3,0,0,0,0,0,0,0,0,0,0,0,0,0,0
202355,Hassan Whiteside,MIA,201605050TOR,"May 5, 2016",TOR,13,7,5,9,68.42,70.65,-2.23,6,8,0,0,2,2,0,0,1,3,0,0,0,0,0,0,0,0,0,0,0,0,0,0
202709,Cory Joseph,TOR,201605050TOR,"May 5, 2016",MIA,8,7,2,8,50.0,50.76,-0.76,7,6,0,0,0,0,0,0,0,0,0,0,0,0,0,0,0,0,0,0,0,0,1,2
1626196,Josh Richardson,MIA,201605050TOR,"May 5, 2016",TOR,5,4,1,4,50.0,56.31,-6.31,2,2,1,0,0,0,0,0,1,3,0,0,0,0,0,0,0,0,0,0,0,0,0,0
1626159,Justise Winslow,MIA,201605050TOR,"May 5, 2016",TOR,2,2,0,2,50.0,50.0,0.0,2,2,0,0,0,0,0,0,0,0,0,0,0,0,0,0,0,0,0,0,0,0,0,0
202685,Jonas Valančiūnas,TOR,201605050TOR,"May 5, 2016",MIA,15,9,2,10,75.0,75.91,-0.91,9,14,0,0,1,1,0,0,0,0,0,0,0,0,0,0,0,0,0,0,0,0,0,0
203082,Terrence Ross,TOR,201605050TOR,"May 5, 2016",MIA,10,11,0,11,41.67,45.45,-3.78,9,10,2,0,0,0,0,0,0,0,0,0,0,0,0,0,0,0,0,0,0,0,0,0
2405,Amar'e Stoudemire,MIA,201605050TOR,"May 5, 2016",TOR,0,1,0,1,0.0,0.0,0.0,1,0,0,0,0,0,0,0,0,0,0,0,0,0,0,0,0,0,0,0,0,0,0,0
202335,Patrick Patterson,TOR,201605050TOR,"May 5, 2016",MIA,2,3,0,3,25.0,33.33,-8.33,1,2,2,0,0,0,0,0,0,0,0,0,0,0,0,0,0,0,0,0,0,0,0,0
101123,Gerald Green,MIA,201605050TOR,"May 5, 2016",TOR,4,3,0,3,66.67,66.67,0.0,3,4,0,0,0,0,0,0,0,0,0,0,0,0,0,0,0,0,0,0,0,0,0,0
2617,Udonis Haslem,MIA,201605050TOR,"May 5, 2016",TOR,2,2,0,2,50.0,50.0,0.0,2,2,0,0,0,0,0,0,0,0,0,0,0,0,0,0,0,0,0,0,0,0,0,0
201952,Jeff Teague,ATL,201605060ATL,"May 6, 2016",CLE,19,17,4,19,43.18,50.64,-7.46,11,10,6,6,2,3,0,0,0,0,0,0,0,0,0,0,0,0,0,0,0,0,0,0
200757,Thabo Sefolosha,ATL,201605060ATL,"May 6, 2016",CLE,8,5,0,5,66.67,80.0,-13.33,3,2,2,6,0,0,0,0,0,0,0,0,0,0,0,0,0,0,0,0,0,0,0,0
201567,Kevin Love,CLE,201605060ATL,"May 6, 2016",ATL,21,17,2,18,43.75,58.72,-14.97,5,4,12,15,1,2,0,0,0,0,0,0,0,0,0,0,0,0,0,0,0,0,0,0
201143,Al Horford,ATL,201605060ATL,"May 6, 2016",CLE,24,15,0,15,70.59,80.0,-9.41,11,18,4,6,0,0,0,0,0,0,0,0,0,0,0,0,0,0,0,0,0,0,0,0
202684,Tristan Thompson,CLE,201605060ATL,"May 6, 2016",ATL,7,6,12,12,29.17,31.03,-1.86,6,2,0,0,1,0,0,0,0,0,0,0,0,0,0,0,0,0,0,0,0,0,5,5
2544,LeBron James,CLE,201605060ATL,"May 6, 2016",ATL,24,16,9,20,53.33,60.12,-6.79,12,14,4,3,1,1,1,2,0,0,0,0,0,0,1,2,0,0,0,0,0,0,1,2
202681,Kyrie Irving,CLE,201605060ATL,"May 6, 2016",ATL,24,19,2,20,53.33,60.36,-7.03,14,10,5,12,0,0,0,0,0,0,0,0,0,0,0,0,0,0,0,0,0,0,1,2
200794,Paul Millsap,ATL,201605060ATL,"May 6, 2016",CLE,17,17,3,18,41.46,46.4,-4.94,12,10,4,3,1,2,0,0,1,2,0,0,0,0,0,0,0,0,0,0,0,0,0,0
2747,JR Smith,CLE,201605060ATL,"May 6, 2016",ATL,6,4,0,4,50.0,75.0,-25.0,0,0,4,6,0,0,0,0,0,0,0,0,0,0,0,0,0,0,0,0,0,0,0,0
2743,Kris Humphries,ATL,201605060ATL,"May 6, 2016",CLE,9,9,0,9,42.86,50.0,-7.14,6,6,3,3,0,0,0,0,0,0,0,0,0,0,0,0,0,0,0,0,0,0,0,0
203145,Kent Bazemore,CLE,201605060ATL,"May 6, 2016",ATL,3,5,0,5,23.08,30.0,-6.92,2,0,3,3,0,0,0,0,0,0,0,0,0,0,0,0,0,0,0,0,0,0,0,0
2594,Kyle Korver,ATL,201605060ATL,"May 6, 2016",CLE,18,11,1,12,56.25,78.67,-22.42,2,2,9,15,0,0,0,0,0,0,0,0,1,1,0,0,0,0,0,0,0,0,0,0
203471,Dennis Schröder,ATL,201605060ATL,"May 6, 2016",CLE,8,5,2,6,53.33,68.03,-14.7,2,0,3,6,1,2,0,0,0,0,0,0,0,0,0,0,0,0,0,0,0,0,0,0
202697,Iman Shumpert,CLE,201605060ATL,"May 6, 2016",ATL,5,3,2,4,55.56,64.43,-8.87,2,2,1,3,1,0,0,0,0,0,0,0,0,0,0,0,0,0,0,0,0,0,0,0
203501,Tim Hardaway Jr.,ATL,201605060ATL,"May 6, 2016",CLE,2,0,2,1,100.0,113.64,-13.64,0,0,0,0,0,0,0,0,0,0,0,0,0,0,0,0,0,0,0,0,0,0,1,2
203521,Matthew Dellavedova,CLE,201605060ATL,"May 6, 2016",ATL,3,4,0,4,27.27,37.5,-10.23,1,0,3,3,0,0,0,0,0,0,0,0,0,0,0,0,0,0,0,0,0,0,0,0
101112,Channing Frye,CLE,201605060ATL,"May 6, 2016",ATL,27,13,0,13,77.14,103.85,-26.71,4,6,9,21,0,0,0,0,0,0,0,0,0,0,0,0,0,0,0,0,0,0,0,0
2210,Richard Jefferson,CLE,201605060ATL,"May 6, 2016",ATL,4,3,0,3,57.14,66.67,-9.53,2,4,1,0,0,0,0,0,0,0,0,0,0,0,0,0,0,0,0,0,0,0,0,0
2225,Tony Parker,SAS,201605060OKC,"May 6, 2016",OKC,19,14,2,15,52.78,63.84,-11.06,8,8,6,9,0,0,0,0,0,0,0,0,0,0,0,0,0,0,0,0,0,0,1,2
201586,Serge Ibaka,OKC,201605060OKC,"May 6, 2016",SAS,15,8,0,8,68.18,93.75,-25.57,2,0,6,15,0,0,0,0,0,0,0,0,0,0,0,0,0,0,0,0,0,0,0,0
1495,Tim Duncan,SAS,201605060OKC,"May 6, 2016",OKC,2,4,0,4,25.0,25.0,0.0,4,2,0,0,0,0,0,0,0,0,0,0,0,0,0,0,0,0,0,0,0,0,0,0
202695,Kawhi Leonard,SAS,201605060OKC,"May 6, 2016",OKC,31,17,14,24,59.62,66.93,-7.31,13,12,4,9,5,7,0,0,0,0,0,0,0,0,0,0,0,0,0,0,0,0,2,3
201566,Russell Westbrook,OKC,201605060OKC,"May 6, 2016",SAS,31,31,8,34,38.75,44.9,-6.15,20,12,10,9,2,4,1,3,1,3,0,0,0,0,0,0,0,0,0,0,0,0,0,0
200746,LaMarcus Aldridge,SAS,201605060OKC,"May 6, 2016",OKC,24,21,10,26,46.15,47.24,-1.09,21,16,0,0,4,7,0,0,0,0,0,0,0,0,0,0,0,0,0,0,0,0,1,1
201142,Kevin Durant,OKC,201605060OKC,"May 6, 2016",SAS,26,18,6,21,55.32,62.98,-7.66,13,18,5,3,3,5,0,0,0,0,0,0,0,0,0,0,0,0,0,0,0,0,0,0
201980,Danny Green,SAS,201605060OKC,"May 6, 2016",OKC,8,6,0,6,47.06,66.67,-19.61,1,2,5,6,0,0,0,0,0,0,0,0,0,0,0,0,0,0,0,0,0,0,0,0
203460,Andre Roberson,OKC,201605060OKC,"May 6, 2016",SAS,4,4,0,4,44.44,50.0,-5.56,3,4,1,0,0,0,0,0,0,0,0,0,0,0,0,0,0,0,0,0,0,0,0,0
203500,Steven Adams,OKC,201605060OKC,"May 6, 2016",SAS,2,1,2,2,50.0,53.19,-3.19,1,0,0,0,1,2,0,0,0,0,0,0,0,0,0,0,0,0,0,0,0,0,0,0
2564,Boris Diaw,SAS,201605060OKC,"May 6, 2016",OKC,1,2,2,3,16.67,17.36,-0.69,2,0,0,0,1,1,0,0,0,0,0,0,0,0,0,0,0,0,0,0,0,0,0,0
1938,Manu Ginobili,SAS,201605060OKC,"May 6, 2016",OKC,5,4,6,7,31.25,37.65,-6.4,2,2,2,0,1,1,0,0,0,0,0,0,0,0,0,0,0,0,0,0,0,0,2,2
203079,Dion Waiters,OKC,201605060OKC,"May 6, 2016",SAS,6,6,2,7,35.29,43.6,-8.31,3,2,3,3,1,1,0,0,0,0,0,0,0,0,0,0,0,0,0,0,0,0,0,0
202683,Enes Freedom,OKC,201605060OKC,"May 6, 2016",SAS,8,6,2,7,57.14,58.14,-1.0,6,6,0,0,0,0,0,0,0,0,0,0,0,0,0,0,0,0,0,0,0,0,1,2
201988,Patty Mills,SAS,201605060OKC,"May 6, 2016",OKC,3,1,0,1,100.0,150.0,-50.0,0,0,1,3,0,0,0,0,0,0,0,0,0,0,0,0,0,0,0,0,0,0,0,0
2561,David West,SAS,201605060OKC,"May 6, 2016",OKC,7,6,0,6,53.85,58.33,-4.48,5,4,1,3,0,0,0,0,0,0,0,0,0,0,0,0,0,0,0,0,0,0,0,0
1626166,Cameron Payne,OKC,201605060OKC,"May 6, 2016",SAS,4,7,0,7,22.22,28.57,-6.35,3,4,4,0,0,0,0,0,0,0,0,0,0,0,0,0,0,0,0,0,0,0,0,0
201627,Anthony Morrow,OKC,201605060OKC,"May 6, 2016",SAS,0,1,0,1,0.0,0.0,0.0,0,0,1,0,0,0,0,0,0,0,0,0,0,0,0,0,0,0,0,0,0,0,0,0
203937,Kyle Anderson,SAS,201605060OKC,"May 6, 2016",OKC,0,1,0,1,0.0,0.0,0.0,1,0,0,0,0,0,0,0,0,0,0,0,0,0,0,0,0,0,0,0,0,0,0,0
202355,Hassan Whiteside,MIA,201605070MIA,"May 7, 2016",TOR,6,2,2,3,100.0,104.17,-4.17,2,4,0,0,1,2,0,0,0,0,0,0,0,0,0,0,0,0,0,0,0,0,0,0
200768,Kyle Lowry,TOR,201605070MIA,"May 7, 2016",MIA,33,19,6,22,63.46,76.25,-12.79,11,12,8,15,2,4,0,0,0,0,0,0,0,0,0,0,0,0,0,0,0,0,1,2
2207,Joe Johnson,MIA,201605070MIA,"May 7, 2016",TOR,10,11,2,12,38.46,42.09,-3.63,9,8,2,0,1,2,0,0,0,0,0,0,0,0,0,0,0,0,0,0,0,0,0,0
2736,Luol Deng,MIA,201605070MIA,"May 7, 2016",TOR,4,6,0,6,28.57,33.33,-4.76,4,4,2,0,0,0,0,0,0,0,0,0,0,0,0,0,0,0,0,0,0,0,0,0
201960,DeMarre Carroll,TOR,201605070MIA,"May 7, 2016",MIA,6,9,2,10,26.09,30.36,-4.27,6,2,3,3,1,1,0,0,0,0,0,0,0,0,0,0,0,0,0,0,0,0,0,0
201942,DeMar DeRozan,TOR,201605070MIA,"May 7, 2016",MIA,19,17,8,21,45.24,46.3,-1.06,17,12,0,0,1,2,0,0,0,0,0,0,0,0,0,0,0,0,0,0,0,0,3,5
2548,Dwyane Wade,MIA,201605070MIA,"May 7, 2016",TOR,38,25,8,29,59.38,66.62,-7.24,19,18,6,12,3,6,0,0,0,0,0,0,0,0,0,0,0,0,0,0,0,0,1,2
201609,Goran Dragic,MIA,201605070MIA,"May 7, 2016",TOR,12,14,2,15,36.36,40.32,-3.96,11,10,3,0,1,2,0,0,0,0,0,0,0,0,0,0,0,0,0,0,0,0,0,0
202685,Jonas Valančiūnas,TOR,201605070MIA,"May 7, 2016",MIA,16,12,5,14,55.17,56.34,-1.17,11,12,0,0,1,0,0,0,1,3,0,0,0,0,0,0,0,0,0,0,0,0,1,1
202335,Patrick Patterson,TOR,201605070MIA,"May 7, 2016",MIA,9,4,1,4,75.0,101.35,-26.35,0,0,3,6,0,0,0,0,1,3,0,0,0,0,0,0,0,0,0,0,0,0,0,0
2617,Udonis Haslem,MIA,201605070MIA,"May 7, 2016",TOR,8,7,1,7,53.33,53.76,-0.43,6,6,0,0,0,0,0,0,1,2,0,0,0,0,0,0,0,0,0,0,0,0,0,0
1626196,Josh Richardson,MIA,201605070MIA,"May 7, 2016",TOR,1,2,2,3,12.5,17.36,-4.86,0,0,2,0,1,1,0,0,0,0,0,0,0,0,0,0,0,0,0,0,0,0,0,0
101123,Gerald Green,MIA,201605070MIA,"May 7, 2016",TOR,8,7,3,8,42.11,48.08,-5.97,4,4,2,0,0,0,0,0,1,3,0,0,0,0,0,0,0,0,0,0,0,0,1,1
203082,Terrence Ross,TOR,201605070MIA,"May 7, 2016",MIA,5,3,2,4,55.56,64.43,-8.87,2,4,1,0,0,0,0,0,0,0,0,0,0,0,0,0,0,0,0,0,0,0,1,1
202687,Bismack Biyombo,TOR,201605070MIA,"May 7, 2016",MIA,3,0,4,2,75.0,85.23,-10.23,0,0,0,0,1,2,0,0,0,0,0,0,0,0,0,0,0,0,0,0,0,0,1,1
202709,Cory Joseph,TOR,201605070MIA,"May 7, 2016",MIA,4,4,0,4,44.44,50.0,-5.56,3,4,1,0,0,0,0,0,0,0,0,0,0,0,0,0,0,0,0,0,0,0,0,0
201177,Josh McRoberts,MIA,201605070MIA,"May 7, 2016",TOR,4,2,4,4,44.44,53.19,-8.75,1,0,1,0,1,2,0,0,0,0,0,0,0,0,0,0,0,0,0,0,0,0,1,2
2405,Amar'e Stoudemire,MIA,201605070MIA,"May 7, 2016",TOR,0,1,0,1,0.0,0.0,0.0,1,0,0,0,0,0,0,0,0,0,0,0,0,0,0,0,0,0,0,0,0,0,0,0
2449,Luis Scola,TOR,201605070MIA,"May 7, 2016",MIA,0,2,0,2,0.0,0.0,0.0,0,0,2,0,0,0,0,0,0,0,0,0,0,0,0,0,0,0,0,0,0,0,0,0
202691,Klay Thompson,GSW,201605070POR,"May 7, 2016",POR,35,28,2,29,52.24,60.6,-8.36,19,18,9,15,1,2,0,0,0,0,0,0,0,0,0,0,0,0,0,0,0,0,0,0
203081,Damian Lillard,POR,201605070POR,"May 7, 2016",GSW,40,27,4,29,56.34,69.54,-13.2,14,12,13,24,2,4,0,0,0,0,0,0,0,0,0,0,0,0,0,0,0,0,0,0
2733,Shaun Livingston,GSW,201605070POR,"May 7, 2016",POR,5,4,1,4,55.56,56.31,-0.75,3,2,0,0,0,0,0,0,1,3,0,0,0,0,0,0,0,0,0,0,0,0,0,0
203090,Maurice Harkless,POR,201605070POR,"May 7, 2016",GSW,3,4,0,4,30.0,37.5,-7.5,2,0,2,3,0,0,0,0,0,0,0,0,0,0,0,0,0,0,0,0,0,0,0,0
101106,Andrew Bogut,GSW,201605070POR,"May 7, 2016",POR,6,4,0,4,75.0,75.0,0.0,4,6,0,0,0,0,0,0,0,0,0,0,0,0,0,0,0,0,0,0,0,0,0,0
203486,Mason Plumlee,POR,201605070POR,"May 7, 2016",GSW,5,6,4,8,31.25,32.22,-0.97,6,4,0,0,2,1,0,0,0,0,0,0,0,0,0,0,0,0,0,0,0,0,0,0
203110,Draymond Green,GSW,201605070POR,"May 7, 2016",POR,37,23,6,26,57.81,72.15,-14.34,11,10,12,24,3,3,0,0,0,0,0,0,0,0,0,0,0,0,0,0,0,0,0,0
203468,CJ McCollum,POR,201605070POR,"May 7, 2016",GSW,22,18,5,20,47.83,54.46,-6.63,12,12,5,3,2,4,0,0,1,3,0,0,0,0,0,0,0,0,0,0,0,0,0,0
202329,Al-Farouq Aminu,GSW,201605070POR,"May 7, 2016",POR,23,9,3,10,88.46,111.43,-22.97,3,6,5,12,1,2,0,0,1,3,0,0,0,0,0,0,0,0,0,0,0,0,0,0
201945,Gerald Henderson,POR,201605070POR,"May 7, 2016",GSW,8,8,4,10,38.1,40.98,-2.88,7,2,1,3,2,3,0,0,0,0,0,0,0,0,0,0,0,0,0,0,0,0,0,0
203084,Harrison Barnes,GSW,201605070POR,"May 7, 2016",POR,7,8,2,9,33.33,39.41,-6.08,5,2,3,3,1,2,0,0,0,0,0,0,0,0,0,0,0,0,0,0,0,0,0,0
2738,Andre Iguodala,GSW,201605070POR,"May 7, 2016",POR,1,5,2,6,7.69,8.5,-0.81,4,0,1,0,1,1,0,0,0,0,0,0,0,0,0,0,0,0,0,0,0,0,0,0
2571,Leandro Barbosa,GSW,201605070POR,"May 7, 2016",POR,10,7,0,7,66.67,71.43,-4.76,6,10,1,0,0,0,0,0,0,0,0,0,0,0,0,0,0,0,0,0,0,0,0,0
203459,Allen Crabbe,POR,201605070POR,"May 7, 2016",GSW,10,8,5,10,40.0,49.02,-9.02,4,0,4,6,1,1,1,3,0,0,0,0,0,0,0,0,0,0,0,0,0,0,0,0
203105,Festus Ezeli,GSW,201605070POR,"May 7, 2016",POR,1,0,2,1,50.0,56.82,-6.82,0,0,0,0,1,1,0,0,0,0,0,0,0,0,0,0,0,0,0,0,0,0,0,0
202334,Ed Davis,POR,201605070POR,"May 7, 2016",GSW,8,5,2,6,66.67,68.03,-1.36,5,6,0,0,0,0,0,0,0,0,0,0,0,0,0,0,0,0,0,0,0,0,1,2
203148,Brian Roberts,POR,201605070POR,"May 7, 2016",GSW,1,1,2,2,25.0,26.6,-1.6,1,0,0,0,1,1,0,0,0,0,0,0,0,0,0,0,0,0,0,0,0,0,0,0
203546,Ian Clark,GSW,201605070POR,"May 7, 2016",POR,6,7,0,7,37.5,42.86,-5.36,5,6,2,0,0,0,0,0,0,0,0,0,0,0,0,0,0,0,0,0,0,0,0,0
201578,Marreese Speights,GSW,201605070POR,"May 7, 2016",POR,0,2,2,3,0.0,0.0,0.0,1,0,1,0,1,0,0,0,0,0,0,0,0,0,0,0,0,0,0,0,0,0,0,0
201567,Kevin Love,CLE,201605080ATL,"May 8, 2016",ATL,27,25,1,25,40.91,53.07,-12.16,10,2,14,21,0,0,0,0,0,0,1,4,0,0,0,0,0,0,0,0,0,0,0,0
202684,Tristan Thompson,CLE,201605080ATL,"May 8, 2016",ATL,5,3,2,4,62.5,64.43,-1.93,3,4,0,0,0,0,0,0,0,0,0,0,0,0,0,0,0,0,0,0,0,0,1,1
202681,Kyrie Irving,CLE,201605080ATL,"May 8, 2016",ATL,21,16,5,18,52.5,57.69,-5.19,12,12,3,3,2,3,0,0,1,3,0,0,0,0,0,0,0,0,0,0,0,0,0,0
201952,Jeff Teague,ATL,201605080ATL,"May 8, 2016",CLE,5,5,0,5,38.46,50.0,-11.54,2,2,3,3,0,0,0,0,0,0,0,0,0,0,0,0,0,0,0,0,0,0,0,0
200794,Paul Millsap,ATL,201605080ATL,"May 8, 2016",CLE,19,12,10,17,50.0,57.93,-7.93,8,8,4,3,5,8,0,0,0,0,0,0,0,0,0,0,0,0,0,0,0,0,0,0
2544,LeBron James,CLE,201605080ATL,"May 8, 2016",ATL,21,23,3,24,38.89,43.17,-4.28,17,16,5,3,1,0,0,0,1,2,0,0,0,0,0,0,0,0,0,0,0,0,0,0
201143,Al Horford,ATL,201605080ATL,"May 8, 2016",CLE,15,14,0,14,45.45,53.57,-8.12,9,12,5,3,0,0,0,0,0,0,0,0,0,0,0,0,0,0,0,0,0,0,0,0
2747,JR Smith,CLE,201605080ATL,"May 8, 2016",ATL,3,4,0,4,25.0,37.5,-12.5,0,0,4,3,0,0,0,0,0,0,0,0,0,0,0,0,0,0,0,0,0,0,0,0
101112,Channing Frye,CLE,201605080ATL,"May 8, 2016",ATL,8,6,0,6,50.0,66.67,-16.67,2,2,4,6,0,0,0,0,0,0,0,0,0,0,0,0,0,0,0,0,0,0,0,0
200757,Thabo Sefolosha,ATL,201605080ATL,"May 8, 2016",CLE,16,12,2,13,55.17,62.11,-6.94,9,10,3,6,1,0,0,0,0,0,0,0,0,0,0,0,0,0,0,0,0,0,0,0
203145,Kent Bazemore,ATL,201605080ATL,"May 8, 2016",CLE,11,12,0,12,35.48,45.83,-10.35,5,8,7,3,0,0,0,0,0,0,0,0,0,0,0,0,0,0,0,0,0,0,0,0
2743,Kris Humphries,ATL,201605080ATL,"May 8, 2016",CLE,8,5,2,6,50.0,68.03,-18.03,1,0,4,6,0,0,0,0,0,0,0,0,0,0,0,0,0,0,0,0,0,0,1,2
2594,Kyle Korver,ATL,201605080ATL,"May 8, 2016",CLE,2,4,0,4,20.0,25.0,-5.0,2,2,2,0,0,0,0,0,0,0,0,0,0,0,0,0,0,0,0,0,0,0,0,0
203471,Dennis Schröder,ATL,201605080ATL,"May 8, 2016",CLE,21,18,0,18,53.85,58.33,-4.48,15,18,3,3,0,0,0,0,0,0,0,0,0,0,0,0,0,0,0,0,0,0,0,0
2210,Richard Jefferson,CLE,201605080ATL,"May 8, 2016",ATL,3,3,0,3,42.86,50.0,-7.14,2,0,1,3,0,0,0,0,0,0,0,0,0,0,0,0,0,0,0,0,0,0,0,0
203521,Matthew Dellavedova,CLE,201605080ATL,"May 8, 2016",ATL,2,2,0,2,40.0,50.0,-10.0,1,2,1,0,0,0,0,0,0,0,0,0,0,0,0,0,0,0,0,0,0,0,0,0
203118,Mike Scott,ATL,201605080ATL,"May 8, 2016",CLE,2,1,0,1,100.0,100.0,0.0,1,2,0,0,0,0,0,0,0,0,0,0,0,0,0,0,0,0,0,0,0,0,0,0
202697,Iman Shumpert,ATL,201605080ATL,"May 8, 2016",CLE,10,6,2,7,55.56,72.67,-17.11,2,2,4,6,1,2,0,0,0,0,0,0,0,0,0,0,0,0,0,0,0,0,0,0
203500,Steven Adams,SAS,201605080OKC,"May 8, 2016",OKC,16,8,6,11,69.57,75.19,-5.62,7,12,1,0,3,4,0,0,0,0,0,0,0,0,0,0,0,0,0,0,0,0,0,0
202695,Kawhi Leonard,SAS,201605080OKC,"May 8, 2016",OKC,21,19,7,22,42.86,47.55,-4.69,14,12,4,0,3,6,0,0,1,3,0,0,0,0,0,0,0,0,0,0,0,0,0,0
201586,Serge Ibaka,OKC,201605080OKC,"May 8, 2016",SAS,7,6,0,6,46.67,58.33,-11.66,3,4,3,3,0,0,0,0,0,0,0,0,0,0,0,0,0,0,0,0,0,0,0,0
200746,LaMarcus Aldridge,SAS,201605080OKC,"May 8, 2016",OKC,20,18,5,21,48.78,49.5,-0.72,18,16,0,0,1,1,0,0,0,0,0,0,1,1,0,0,0,0,0,0,0,0,1,2
203460,Andre Roberson,OKC,201605080OKC,"May 8, 2016",SAS,0,2,0,2,0.0,0.0,0.0,1,0,1,0,0,0,0,0,0,0,0,0,0,0,0,0,0,0,0,0,0,0,0,0
201980,Danny Green,SAS,201605080OKC,"May 8, 2016",OKC,0,3,0,3,0.0,0.0,0.0,2,0,1,0,0,0,0,0,0,0,0,0,0,0,0,0,0,0,0,0,0,0,0,0
201142,Kevin Durant,OKC,201605080OKC,"May 8, 2016",SAS,41,25,13,32,56.94,66.73,-9.79,16,22,9,9,5,8,0,0,0,0,0,0,1,1,0,0,0,0,0,0,0,0,1,1
201566,Russell Westbrook,OKC,201605080OKC,"May 8, 2016",SAS,14,18,4,20,32.56,35.43,-2.87,15,8,3,3,1,2,0,0,0,0,0,0,0,0,0,0,0,0,0,0,0,0,1,1
2225,Tony Parker,SAS,201605080OKC,"May 8, 2016",OKC,22,16,2,16,62.86,65.17,-2.31,13,16,1,0,0,0,0,0,2,6,0,0,0,0,0,0,0,0,0,0,0,0,0,0
203079,Dion Waiters,OKC,201605080OKC,"May 8, 2016",SAS,17,11,2,12,65.38,71.55,-6.17,9,10,2,6,1,1,0,0,0,0,0,0,0,0,0,0,0,0,0,0,0,0,0,0
202683,Enes Freedom,OKC,201605080OKC,"May 8, 2016",SAS,11,6,4,8,61.11,70.88,-9.77,4,4,2,3,2,4,0,0,0,0,0,0,0,0,0,0,0,0,0,0,0,0,0,0
1938,Manu Ginobili,SAS,201605080OKC,"May 8, 2016",OKC,9,5,2,6,64.29,76.53,-12.24,3,4,2,3,1,2,0,0,0,0,0,0,0,0,0,0,0,0,0,0,0,0,0,0
2561,David West,SAS,201605080OKC,"May 8, 2016",OKC,8,10,0,10,38.1,40.0,-1.9,9,8,1,0,0,0,0,0,0,0,0,0,0,0,0,0,0,0,0,0,0,0,0,0
201988,Patty Mills,SAS,201605080OKC,"May 8, 2016",OKC,4,4,0,4,40.0,50.0,-10.0,2,4,2,0,0,0,0,0,0,0,0,0,0,0,0,0,0,0,0,0,0,0,0,0
203937,Kyle Anderson,SAS,201605080OKC,"May 8, 2016",OKC,2,2,0,2,50.0,50.0,0.0,2,2,0,0,0,0,0,0,0,0,0,0,0,0,0,0,0,0,0,0,0,0,0,0
2564,Boris Diaw,SAS,201605080OKC,"May 8, 2016",OKC,11,8,0,8,64.71,68.75,-4.04,7,8,1,3,0,0,0,0,0,0,0,0,0,0,0,0,0,0,0,0,0,0,0,0
200751,Randy Foye,OKC,201605080OKC,"May 8, 2016",SAS,5,3,0,3,62.5,83.33,-20.83,1,2,2,3,0,0,0,0,0,0,0,0,0,0,0,0,0,0,0,0,0,0,0,0
201942,DeMar DeRozan,TOR,201605090MIA,"May 9, 2016",MIA,9,17,4,19,23.08,23.99,-0.91,15,6,1,0,1,1,0,0,1,2,0,0,1,0,0,0,0,0,0,0,0,0,0,0
2736,Luol Deng,MIA,201605090MIA,"May 9, 2016",TOR,9,7,4,9,42.86,51.37,-8.51,4,6,3,0,2,3,0,0,0,0,0,0,0,0,0,0,0,0,0,0,0,0,0,0
202335,Patrick Patterson,MIA,201605090MIA,"May 9, 2016",TOR,7,8,0,8,35.0,43.75,-8.75,4,4,4,3,0,0,0,0,0,0,0,0,0,0,0,0,0,0,0,0,0,0,0,0
2548,Dwyane Wade,MIA,201605090MIA,"May 9, 2016",TOR,30,24,5,26,54.55,57.25,-2.7,21,24,2,0,2,3,0,0,1,3,0,0,0,0,0,0,0,0,0,0,0,0,0,0
201960,DeMarre Carroll,TOR,201605090MIA,"May 9, 2016",MIA,13,11,0,11,52.0,59.09,-7.09,8,10,3,3,0,0,0,0,0,0,0,0,0,0,0,0,0,0,0,0,0,0,0,0
2405,Amar'e Stoudemire,MIA,201605090MIA,"May 9, 2016",TOR,6,3,2,4,75.0,77.32,-2.32,3,4,0,0,1,2,0,0,0,0,0,0,0,0,0,0,0,0,0,0,0,0,0,0
202687,Bismack Biyombo,TOR,201605090MIA,"May 9, 2016",MIA,13,6,5,8,76.47,79.27,-2.8,5,6,0,0,2,4,0,0,1,3,0,0,0,0,0,0,0,0,0,0,0,0,0,0
200768,Kyle Lowry,TOR,201605090MIA,"May 9, 2016",MIA,10,11,7,14,28.57,35.51,-6.94,5,4,6,0,2,3,1,3,0,0,0,0,0,0,0,0,0,0,0,0,0,0,0,0
201609,Goran Dragic,MIA,201605090MIA,"May 9, 2016",TOR,15,16,4,17,39.47,42.23,-2.76,13,6,1,0,1,2,0,0,1,3,1,4,0,0,0,0,0,0,0,0,0,0,0,0
201949,James Johnson,TOR,201605090MIA,"May 9, 2016",MIA,15,13,5,15,44.12,49.34,-5.22,9,8,3,0,1,2,0,0,1,3,0,0,0,0,0,0,0,0,0,0,0,0,1,2
1626196,Josh Richardson,MIA,201605090MIA,"May 9, 2016",TOR,6,6,2,7,37.5,43.6,-6.1,4,4,2,0,1,2,0,0,0,0,0,0,0,0,0,0,0,0,0,0,0,0,0,0
1626159,Justise Winslow,MIA,201605090MIA,"May 9, 2016",TOR,9,5,2,6,69.23,76.53,-7.3,4,8,1,0,1,1,0,0,0,0,0,0,0,0,0,0,0,0,0,0,0,0,0,0
203082,Terrence Ross,TOR,201605090MIA,"May 9, 2016",MIA,14,10,3,11,51.85,61.84,-9.99,6,2,4,9,0,0,0,0,0,0,0,0,0,0,0,0,0,0,0,0,0,0,1,3
201177,Josh McRoberts,MIA,201605090MIA,"May 9, 2016",TOR,2,4,0,4,22.22,25.0,-2.78,3,2,1,0,0,0,0,0,0,0,0,0,0,0,0,0,0,0,0,0,0,0,0,0
1626181,Norman Powell,TOR,201605090MIA,"May 9, 2016",MIA,5,3,0,3,71.43,83.33,-11.9,2,2,1,3,0,0,0,0,0,0,0,0,0,0,0,0,0,0,0,0,0,0,0,0
203512,Lucas Nogueira,TOR,201605090MIA,"May 9, 2016",MIA,2,1,0,1,100.0,100.0,0.0,1,2,0,0,0,0,0,0,0,0,0,0,0,0,0,0,0,0,0,0,0,0,0,0
202709,Cory Joseph,TOR,201605090MIA,"May 9, 2016",MIA,14,17,0,17,40.0,41.18,-1.18,16,14,1,0,0,0,0,0,0,0,0,0,0,0,0,0,0,0,0,0,0,0,0,0
204020,Tyler Johnson,MIA,201605090MIA,"May 9, 2016",TOR,2,2,1,2,33.33,40.98,-7.65,0,0,1,0,0,0,0,0,1,2,0,0,0,0,0,0,0,0,0,0,0,0,0,0
203468,CJ McCollum,POR,201605090POR,"May 9, 2016",GSW,24,23,2,24,42.11,50.25,-8.14,14,10,9,12,1,2,0,0,0,0,0,0,0,0,0,0,0,0,0,0,0,0,0,0
2733,Shaun Livingston,GSW,201605090POR,"May 9, 2016",POR,4,5,0,5,40.0,40.0,0.0,5,4,0,0,0,0,0,0,0,0,0,0,0,0,0,0,0,0,0,0,0,0,0,0
101106,Andrew Bogut,GSW,201605090POR,"May 9, 2016",POR,3,1,6,4,37.5,41.21,-3.71,1,0,0,0,0,0,0,0,0,0,0,0,0,0,0,0,0,0,0,0,0,0,3,3
203110,Draymond Green,POR,201605090POR,"May 9, 2016",GSW,21,9,10,14,67.74,78.36,-10.62,6,6,3,6,5,9,0,0,0,0,0,0,0,0,0,0,0,0,0,0,0,0,0,0
202329,Al-Farouq Aminu,POR,201605090POR,"May 9, 2016",GSW,18,14,6,17,45.0,54.09,-9.09,8,6,6,9,2,3,0,0,0,0,0,0,0,0,0,0,0,0,0,0,0,0,1,0
203090,Maurice Harkless,POR,201605090POR,"May 9, 2016",GSW,8,9,2,10,36.36,40.49,-4.13,7,4,2,3,0,0,0,0,0,0,0,0,0,0,0,0,0,0,0,0,0,0,1,1
203486,Mason Plumlee,POR,201605090POR,"May 9, 2016",GSW,12,11,0,11,54.55,54.55,0.0,11,12,0,0,0,0,0,0,0,0,0,0,0,0,0,0,0,0,0,0,0,0,0,0
203084,Harrison Barnes,GSW,201605090POR,"May 9, 2016",POR,10,10,2,11,38.46,45.96,-7.5,6,6,4,3,1,1,0,0,0,0,0,0,0,0,0,0,0,0,0,0,0,0,0,0
202691,Klay Thompson,GSW,201605090POR,"May 9, 2016",POR,23,18,4,20,46.0,58.2,-12.2,8,4,10,15,1,2,0,0,0,0,0,0,0,0,0,0,0,0,0,0,0,0,1,2
203081,Damian Lillard,POR,201605090POR,"May 9, 2016",GSW,36,30,16,39,38.3,48.6,-10.3,12,8,17,12,4,7,0,0,0,0,1,4,3,1,0,0,0,0,0,0,0,0,2,4
2738,Andre Iguodala,GSW,201605090POR,"May 9, 2016",POR,7,5,3,6,46.67,55.38,-8.71,2,0,2,3,1,1,0,0,1,3,0,0,0,0,0,0,0,0,0,0,0,0,0,0
201939,Stephen Curry,GSW,201605090POR,"May 9, 2016",POR,40,32,3,33,48.19,60.02,-11.83,15,20,16,15,0,0,0,0,1,3,0,0,0,0,0,0,0,0,0,0,0,0,1,2
201945,Gerald Henderson,POR,201605090POR,"May 9, 2016",GSW,6,7,2,8,35.29,38.07,-2.78,6,4,1,0,1,2,0,0,0,0,0,0,0,0,0,0,0,0,0,0,0,0,0,0
203459,Allen Crabbe,POR,201605090POR,"May 9, 2016",GSW,13,9,1,9,59.09,68.86,-9.77,5,4,3,6,0,0,0,0,1,3,0,0,0,0,0,0,0,0,0,0,0,0,0,0
203105,Festus Ezeli,GSW,201605090POR,"May 9, 2016",POR,6,4,0,4,75.0,75.0,0.0,4,6,0,0,0,0,0,0,0,0,0,0,0,0,0,0,0,0,0,0,0,0,0,0
202334,Ed Davis,POR,201605090POR,"May 9, 2016",GSW,8,3,4,5,80.0,84.03,-4.03,3,6,0,0,1,1,0,0,0,0,0,0,0,0,0,0,0,0,0,0,0,0,1,1
203546,Ian Clark,GSW,201605090POR,"May 9, 2016",POR,3,3,1,3,42.86,43.6,-0.74,2,0,0,0,0,0,0,0,1,3,0,0,0,0,0,0,0,0,0,0,0,0,0,0
2571,Leandro Barbosa,GSW,201605090POR,"May 9, 2016",POR,4,4,2,5,33.33,40.98,-7.65,2,2,2,0,1,2,0,0,0,0,0,0,0,0,0,0,0,0,0,0,0,0,0,0
201578,Marreese Speights,POR,201605090POR,"May 9, 2016",GSW,11,4,2,5,84.62,112.7,-28.08,1,0,3,9,1,2,0,0,0,0,0,0,0,0,0,0,0,0,0,0,0,0,0,0
201142,Kevin Durant,OKC,201605100SAS,"May 10, 2016",SAS,23,21,6,24,43.4,48.65,-5.25,16,12,5,6,3,5,0,0,0,0,0,0,0,0,0,0,0,0,0,0,0,0,0,0
200746,LaMarcus Aldridge,SAS,201605100SAS,"May 10, 2016",OKC,20,21,9,25,39.22,40.06,-0.84,20,10,0,0,3,5,0,0,1,3,0,0,0,0,0,0,0,0,0,0,0,0,1,2
203460,Andre Roberson,OKC,201605100SAS,"May 10, 2016",SAS,0,2,0,2,0.0,0.0,0.0,0,0,2,0,0,0,0,0,0,0,0,0,0,0,0,0,0,0,0,0,0,0,0,0
203500,Steven Adams,OKC,201605100SAS,"May 10, 2016",SAS,12,8,6,11,54.55,56.39,-1.84,8,10,0,0,2,2,0,0,0,0,0,0,0,0,0,0,0,0,0,0,0,0,1,0
202695,Kawhi Leonard,SAS,201605100SAS,"May 10, 2016",OKC,26,21,2,22,54.17,59.41,-5.24,17,22,4,3,0,0,0,0,0,0,0,0,0,0,0,0,0,0,0,0,0,0,1,1
201566,Russell Westbrook,SAS,201605100SAS,"May 10, 2016",OKC,35,27,8,30,50.72,57.34,-6.62,18,14,7,9,3,6,0,0,2,6,0,0,0,0,0,0,0,0,0,0,0,0,0,0
201988,Patty Mills,SAS,201605100SAS,"May 10, 2016",OKC,4,4,0,4,44.44,50.0,-5.56,3,4,1,0,0,0,0,0,0,0,0,0,0,0,0,0,0,0,0,0,0,0,0,0
2225,Tony Parker,SAS,201605100SAS,"May 10, 2016",OKC,9,12,2,13,33.33,34.94,-1.61,11,8,1,0,0,0,0,0,0,0,0,0,0,0,0,0,0,0,0,0,0,0,1,1
201586,Serge Ibaka,SAS,201605100SAS,"May 10, 2016",OKC,5,4,0,4,55.56,62.5,-6.94,3,2,1,3,0,0,0,0,0,0,0,0,0,0,0,0,0,0,0,0,0,0,0,0
1495,Tim Duncan,SAS,201605100SAS,"May 10, 2016",OKC,5,6,4,8,31.25,32.22,-0.97,6,2,0,0,2,3,0,0,0,0,0,0,0,0,0,0,0,0,0,0,0,0,0,0
201980,Danny Green,SAS,201605100SAS,"May 10, 2016",OKC,20,10,0,10,68.97,100.0,-31.03,1,2,9,18,0,0,0,0,0,0,0,0,0,0,0,0,0,0,0,0,0,0,0,0
2564,Boris Diaw,SAS,201605100SAS,"May 10, 2016",OKC,2,6,0,6,15.38,16.67,-1.29,5,2,1,0,0,0,0,0,0,0,0,0,0,0,0,0,0,0,0,0,0,0,0,0
1938,Manu Ginobili,SAS,201605100SAS,"May 10, 2016",OKC,3,4,0,4,30.0,37.5,-7.5,2,0,2,3,0,0,0,0,0,0,0,0,0,0,0,0,0,0,0,0,0,0,0,0
203079,Dion Waiters,OKC,201605100SAS,"May 10, 2016",SAS,9,5,4,7,64.29,66.57,-2.28,5,6,0,0,1,1,0,0,0,0,0,0,0,0,0,0,0,0,0,0,0,0,1,2
2561,David West,SAS,201605100SAS,"May 10, 2016",OKC,2,4,0,4,25.0,25.0,0.0,4,2,0,0,0,0,0,0,0,0,0,0,0,0,0,0,0,0,0,0,0,0,0,0
202683,Enes Freedom,OKC,201605100SAS,"May 10, 2016",SAS,8,7,2,8,44.44,50.76,-6.32,5,6,2,0,0,0,0,0,0,0,0,0,0,0,0,0,0,0,0,0,0,0,1,2
200751,Randy Foye,OKC,201605100SAS,"May 10, 2016",SAS,3,3,0,3,33.33,50.0,-16.67,0,0,3,3,0,0,0,0,0,0,0,0,0,0,0,0,0,0,0,0,0,0,0,0
201627,Anthony Morrow,OKC,201605100SAS,"May 10, 2016",SAS,0,1,0,1,0.0,0.0,0.0,1,0,0,0,0,0,0,0,0,0,0,0,0,0,0,0,0,0,0,0,0,0,0,0
201942,DeMar DeRozan,TOR,201605110TOR,"May 11, 2016",MIA,34,22,11,27,60.71,63.34,-2.63,20,18,1,3,2,4,0,0,1,3,0,0,0,0,0,0,0,0,0,0,0,0,3,6
201609,Goran Dragic,MIA,201605110TOR,"May 11, 2016",TOR,13,14,1,15,39.39,45.01,-5.62,10,10,4,3,0,0,0,0,0,0,0,0,1,0,0,0,0,0,0,0,0,0,0,0
202687,Bismack Biyombo,TOR,201605110TOR,"May 11, 2016",MIA,10,5,4,7,71.43,73.96,-2.53,5,8,0,0,1,2,0,0,0,0,0,0,0,0,0,0,0,0,0,0,0,0,1,0
200768,Kyle Lowry,TOR,201605110TOR,"May 11, 2016",MIA,25,25,4,27,39.68,46.71,-7.03,16,10,9,12,2,3,0,0,0,0,0,0,0,0,0,0,0,0,0,0,0,0,0,0
2207,Joe Johnson,MIA,201605110TOR,"May 11, 2016",TOR,11,13,0,13,36.67,42.31,-5.64,9,8,4,3,0,0,0,0,0,0,0,0,0,0,0,0,0,0,0,0,0,0,0,0
2736,Luol Deng,MIA,201605110TOR,"May 11, 2016",TOR,4,8,4,10,19.05,20.49,-1.44,7,0,1,0,1,2,0,0,0,0,0,0,0,0,0,0,0,0,0,0,0,0,1,2
202335,Patrick Patterson,TOR,201605110TOR,"May 11, 2016",MIA,8,12,2,13,26.67,31.06,-4.39,8,6,4,0,1,2,0,0,0,0,0,0,0,0,0,0,0,0,0,0,0,0,0,0
2548,Dwyane Wade,MIA,201605110TOR,"May 11, 2016",TOR,20,14,10,19,50.0,54.35,-4.35,12,10,2,3,4,7,0,0,0,0,0,0,0,0,0,0,0,0,0,0,0,0,1,0
201177,Josh McRoberts,MIA,201605110TOR,"May 11, 2016",TOR,6,5,0,5,50.0,60.0,-10.0,3,6,2,0,0,0,0,0,0,0,0,0,0,0,0,0,0,0,0,0,0,0,0,0
201960,DeMarre Carroll,TOR,201605110TOR,"May 11, 2016",MIA,6,7,4,9,30.0,34.25,-4.25,5,0,2,3,2,3,0,0,0,0,0,0,0,0,0,0,0,0,0,0,0,0,0,0
1626196,Josh Richardson,MIA,201605110TOR,"May 11, 2016",TOR,13,8,0,8,61.9,81.25,-19.35,3,4,5,9,0,0,0,0,0,0,0,0,0,0,0,0,0,0,0,0,0,0,0,0
2617,Udonis Haslem,MIA,201605110TOR,"May 11, 2016",TOR,6,2,2,3,100.0,104.17,-4.17,2,4,0,0,0,0,0,0,0,0,0,0,0,0,0,0,0,0,0,0,0,0,1,2
1626159,Justise Winslow,MIA,201605110TOR,"May 11, 2016",TOR,8,8,3,9,40.0,42.92,-2.92,6,4,1,0,1,1,0,0,1,3,0,0,0,0,0,0,0,0,0,0,0,0,0,0
203082,Terrence Ross,TOR,201605110TOR,"May 11, 2016",MIA,5,3,0,3,71.43,83.33,-11.9,2,2,1,3,0,0,0,0,0,0,0,0,0,0,0,0,0,0,0,0,0,0,0,0
202709,Cory Joseph,TOR,201605110TOR,"May 11, 2016",MIA,9,6,1,6,69.23,69.88,-0.65,5,6,0,0,0,0,0,0,1,3,0,0,0,0,0,0,0,0,0,0,0,0,0,0
201574,Jason Thompson,TOR,201605110TOR,"May 11, 2016",MIA,2,1,0,1,100.0,100.0,0.0,1,2,0,0,0,0,0,0,0,0,0,0,0,0,0,0,0,0,0,0,0,0,0,0
204020,Tyler Johnson,MIA,201605110TOR,"May 11, 2016",TOR,6,1,6,4,66.67,82.42,-15.75,0,0,1,0,3,6,0,0,0,0,0,0,0,0,0,0,0,0,0,0,0,0,0,0
101123,Gerald Green,MIA,201605110TOR,"May 11, 2016",TOR,4,4,2,5,36.36,40.98,-4.62,3,2,1,0,0,0,0,0,0,0,0,0,0,0,0,0,0,0,0,0,0,0,1,2
202329,Al-Farouq Aminu,GSW,201605110GSW,"May 11, 2016",POR,16,10,4,12,55.17,68.03,-12.86,5,4,5,9,2,3,0,0,0,0,0,0,0,0,0,0,0,0,0,0,0,0,0,0
203110,Draymond Green,GSW,201605110GSW,"May 11, 2016",POR,13,7,10,12,44.83,57.02,-12.19,2,2,5,3,5,8,0,0,0,0,0,0,0,0,0,0,0,0,0,0,0,0,0,0
202691,Klay Thompson,GSW,201605110GSW,"May 11, 2016",POR,33,17,1,17,75.0,94.61,-19.61,7,12,9,18,0,0,0,0,1,3,0,0,0,0,0,0,0,0,0,0,0,0,0,0
203486,Mason Plumlee,POR,201605110GSW,"May 11, 2016",GSW,5,5,2,6,41.67,42.52,-0.85,5,4,0,0,1,1,0,0,0,0,0,0,0,0,0,0,0,0,0,0,0,0,0,0
203468,CJ McCollum,POR,201605110GSW,"May 11, 2016",GSW,27,23,5,25,48.21,53.57,-5.36,17,14,5,9,2,1,0,0,1,3,0,0,0,0,0,0,0,0,0,0,0,0,0,0
201939,Stephen Curry,GSW,201605110GSW,"May 11, 2016",POR,29,20,4,22,52.73,66.64,-13.91,9,10,11,15,0,0,0,0,0,0,0,0,0,0,0,0,0,0,0,0,0,0,2,4
203081,Damian Lillard,POR,201605110GSW,"May 11, 2016",GSW,28,24,12,30,41.18,47.81,-6.63,15,8,8,6,1,2,1,3,1,3,0,0,2,2,0,0,0,0,0,0,0,0,2,4
203084,Harrison Barnes,GSW,201605110GSW,"May 11, 2016",POR,8,8,3,9,38.1,42.92,-4.82,5,4,2,0,1,2,0,0,1,2,0,0,0,0,0,0,0,0,0,0,0,0,0,0
101106,Andrew Bogut,GSW,201605110GSW,"May 11, 2016",POR,4,5,0,5,40.0,40.0,0.0,5,4,0,0,0,0,0,0,0,0,0,0,0,0,0,0,0,0,0,0,0,0,0,0
203090,Maurice Harkless,POR,201605110GSW,"May 11, 2016",GSW,13,11,0,11,46.43,59.09,-12.66,5,4,6,9,0,0,0,0,0,0,0,0,0,0,0,0,0,0,0,0,0,0,0,0
2571,Leandro Barbosa,GSW,201605110GSW,"May 11, 2016",POR,8,3,4,5,72.73,84.03,-11.3,2,4,1,0,1,2,0,0,0,0,0,0,0,0,0,0,0,0,0,0,0,0,1,2
2738,Andre Iguodala,GSW,201605110GSW,"May 11, 2016",POR,5,4,2,5,41.67,51.23,-9.56,2,0,2,3,1,2,0,0,0,0,0,0,0,0,0,0,0,0,0,0,0,0,0,0
201945,Gerald Henderson,POR,201605110GSW,"May 11, 2016",GSW,1,3,2,4,11.11,12.89,-1.78,2,0,1,0,1,1,0,0,0,0,0,0,0,0,0,0,0,0,0,0,0,0,0,0
203459,Allen Crabbe,POR,201605110GSW,"May 11, 2016",GSW,20,9,2,10,74.07,101.21,-27.14,2,4,7,15,0,0,0,0,0,0,0,0,0,0,0,0,0,0,0,0,0,0,1,1
202334,Ed Davis,POR,201605110GSW,"May 11, 2016",GSW,6,3,8,7,40.0,46.01,-6.01,2,0,1,0,3,4,0,0,0,0,0,0,0,0,0,0,0,0,0,0,0,0,1,2
203148,Brian Roberts,POR,201605110GSW,"May 11, 2016",GSW,5,4,4,6,33.33,43.4,-10.07,1,2,3,0,2,3,0,0,0,0,0,0,0,0,0,0,0,0,0,0,0,0,0,0
203105,Festus Ezeli,GSW,201605110GSW,"May 11, 2016",POR,8,4,5,6,61.54,64.52,-2.98,3,2,0,0,1,2,0,0,1,2,0,0,0,0,0,0,0,0,0,0,0,0,1,2
2733,Shaun Livingston,GSW,201605110GSW,"May 11, 2016",POR,10,8,0,8,62.5,62.5,0.0,8,10,0,0,0,0,0,0,0,0,0,0,0,0,0,0,0,0,0,0,0,0,0,0
201578,Marreese Speights,POR,201605110GSW,"May 11, 2016",GSW,5,7,0,7,31.25,35.71,-4.46,5,2,2,3,0,0,0,0,0,0,0,0,0,0,0,0,0,0,0,0,0,0,0,0
2760,Anderson Varejao,GSW,201605110GSW,"May 11, 2016",POR,2,1,0,1,100.0,100.0,0.0,1,2,0,0,0,0,0,0,0,0,0,0,0,0,0,0,0,0,0,0,0,0,0,0
200746,LaMarcus Aldridge,SAS,201605120OKC,"May 12, 2016",OKC,18,18,0,18,50.0,50.0,0.0,18,18,0,0,0,0,0,0,0,0,0,0,0,0,0,0,0,0,0,0,0,0,0,0
203460,Andre Roberson,OKC,201605120OKC,"May 12, 2016",SAS,14,8,2,9,60.87,78.83,-17.96,3,4,5,9,1,1,0,0,0,0,0,0,0,0,0,0,0,0,0,0,0,0,0,0
201566,Russell Westbrook,OKC,201605120OKC,"May 12, 2016",SAS,28,21,6,24,51.85,59.22,-7.37,15,16,6,6,1,2,0,0,0,0,0,0,0,0,0,0,0,0,0,0,0,0,2,4
201142,Kevin Durant,OKC,201605120OKC,"May 12, 2016",SAS,37,24,12,30,57.81,63.18,-5.37,19,20,4,3,3,6,0,0,1,3,0,0,1,1,0,0,0,0,0,0,0,0,2,4
201586,Serge Ibaka,OKC,201605120OKC,"May 12, 2016",SAS,8,9,3,10,33.33,38.76,-5.43,5,4,3,0,0,0,0,0,1,3,0,0,0,0,0,0,0,0,0,0,0,0,1,1
202695,Kawhi Leonard,SAS,201605120OKC,"May 12, 2016",OKC,22,23,4,24,40.74,44.43,-3.69,17,12,4,3,1,1,0,0,2,6,0,0,0,0,0,0,0,0,0,0,0,0,0,0
2225,Tony Parker,SAS,201605120OKC,"May 12, 2016",OKC,6,6,0,6,50.0,50.0,0.0,6,6,0,0,0,0,0,0,0,0,0,0,0,0,0,0,0,0,0,0,0,0,0,0
1495,Tim Duncan,SAS,201605120OKC,"May 12, 2016",OKC,19,14,6,17,55.88,57.09,-1.21,14,14,0,0,3,5,0,0,0,0,0,0,0,0,0,0,0,0,0,0,0,0,0,0
203500,Steven Adams,OKC,201605120OKC,"May 12, 2016",SAS,15,7,4,9,83.33,85.62,-2.29,7,12,0,0,1,2,0,0,0,0,0,0,0,0,0,0,0,0,0,0,0,0,1,1
201980,Danny Green,SAS,201605120OKC,"May 12, 2016",OKC,9,8,2,9,37.5,50.68,-13.18,2,2,6,6,0,0,0,0,0,0,0,0,0,0,1,1,0,0,0,0,0,0,0,0
202683,Enes Freedom,OKC,201605120OKC,"May 12, 2016",SAS,7,7,4,9,36.84,39.95,-3.11,6,4,1,0,1,1,0,0,0,0,0,0,0,0,0,0,0,0,0,0,0,0,1,2
203079,Dion Waiters,OKC,201605120OKC,"May 12, 2016",SAS,2,5,0,5,20.0,20.0,0.0,5,2,0,0,0,0,0,0,0,0,0,0,0,0,0,0,0,0,0,0,0,0,0,0
201988,Patty Mills,SAS,201605120OKC,"May 12, 2016",OKC,5,2,0,2,100.0,125.0,-25.0,1,2,1,3,0,0,0,0,0,0,0,0,0,0,0,0,0,0,0,0,0,0,0,0
2561,David West,SAS,201605120OKC,"May 12, 2016",OKC,5,5,0,5,45.45,50.0,-4.55,4,2,1,3,0,0,0,0,0,0,0,0,0,0,0,0,0,0,0,0,0,0,0,0
1938,Manu Ginobili,SAS,201605120OKC,"May 12, 2016",OKC,5,6,2,7,29.41,36.34,-6.93,3,0,3,3,0,0,0,0,0,0,0,0,0,0,0,0,0,0,0,0,0,0,1,2
200751,Randy Foye,OKC,201605120OKC,"May 12, 2016",SAS,2,4,0,4,18.18,25.0,-6.82,1,2,3,0,0,0,0,0,0,0,0,0,0,0,0,0,0,0,0,0,0,0,0,0
203937,Kyle Anderson,SAS,201605120OKC,"May 12, 2016",OKC,6,4,2,5,60.0,61.48,-1.48,4,4,0,0,0,0,0,0,0,0,0,0,0,0,0,0,0,0,0,0,0,0,1,2
2755,Kevin Martin,SAS,201605120OKC,"May 12, 2016",OKC,0,3,0,3,0.0,0.0,0.0,2,0,1,0,0,0,0,0,0,0,0,0,0,0,0,0,0,0,0,0,0,0,0,0
1626246,Boban Marjanovic,SAS,201605120OKC,"May 12, 2016",OKC,2,1,0,1,100.0,100.0,0.0,1,2,0,0,0,0,0,0,0,0,0,0,0,0,0,0,0,0,0,0,0,0,0,0
1889,Andre Miller,SAS,201605120OKC,"May 12, 2016",OKC,2,3,0,3,28.57,33.33,-4.76,2,2,1,0,0,0,0,0,0,0,0,0,0,0,0,0,0,0,0,0,0,0,0,0
201942,DeMar DeRozan,TOR,201605130MIA,"May 13, 2016",MIA,23,21,7,24,46.0,47.76,-1.76,19,14,1,0,3,6,0,0,1,3,0,0,0,0,0,0,0,0,0,0,0,0,0,0
201609,Goran Dragic,MIA,201605130MIA,"May 13, 2016",TOR,30,21,4,22,58.82,65.91,-7.09,14,16,5,6,1,2,0,0,2,6,0,0,0,0,0,0,0,0,0,0,0,0,0,0
2548,Dwyane Wade,MIA,201605130MIA,"May 13, 2016",TOR,22,21,6,24,42.31,46.53,-4.22,17,14,4,3,2,4,0,0,0,0,0,0,0,0,0,0,0,0,0,0,0,0,1,1
200768,Kyle Lowry,TOR,201605130MIA,"May 13, 2016",MIA,36,27,10,31,52.17,57.32,-5.15,20,14,5,9,4,8,0,0,2,5,0,0,0,0,0,0,0,0,0,0,0,0,0,0
201949,James Johnson,TOR,201605130MIA,"May 13, 2016",MIA,13,10,2,11,54.17,59.74,-5.57,8,8,2,3,1,2,0,0,0,0,0,0,0,0,0,0,0,0,0,0,0,0,0,0
2736,Luol Deng,MIA,201605130MIA,"May 13, 2016",TOR,2,5,0,5,15.38,20.0,-4.62,2,2,3,0,0,0,0,0,0,0,0,0,0,0,0,0,0,0,0,0,0,0,0,0
202687,Bismack Biyombo,TOR,201605130MIA,"May 13, 2016",MIA,4,4,4,6,33.33,34.72,-1.39,4,2,0,0,1,1,0,0,0,0,0,0,0,0,0,0,0,0,0,0,0,0,1,1
201960,DeMarre Carroll,TOR,201605130MIA,"May 13, 2016",MIA,5,4,2,5,38.46,51.23,-12.77,1,2,3,3,1,0,0,0,0,0,0,0,0,0,0,0,0,0,0,0,0,0,0,0
1626159,Justise Winslow,MIA,201605130MIA,"May 13, 2016",TOR,12,9,4,11,52.17,55.76,-3.59,8,6,1,3,2,3,0,0,0,0,0,0,0,0,0,0,0,0,0,0,0,0,0,0
202335,Patrick Patterson,TOR,201605130MIA,"May 13, 2016",MIA,8,7,0,7,50.0,57.14,-7.14,5,8,2,0,0,0,0,0,0,0,0,0,0,0,0,0,0,0,0,0,0,0,0,0
1626196,Josh Richardson,MIA,201605130MIA,"May 13, 2016",TOR,9,9,0,9,42.86,50.0,-7.14,6,6,3,3,0,0,0,0,0,0,0,0,0,0,0,0,0,0,0,0,0,0,0,0
204020,Tyler Johnson,MIA,201605130MIA,"May 13, 2016",TOR,5,1,4,3,71.43,90.58,-19.15,0,0,1,3,1,1,0,0,0,0,0,0,0,0,0,0,0,0,0,0,0,0,1,1
203082,Terrence Ross,TOR,201605130MIA,"May 13, 2016",MIA,6,8,0,8,30.0,37.5,-7.5,4,6,4,0,0,0,0,0,0,0,0,0,0,0,0,0,0,0,0,0,0,0,0,0
202709,Cory Joseph,TOR,201605130MIA,"May 13, 2016",MIA,7,9,2,10,35.0,35.43,-0.43,9,6,0,0,1,1,0,0,0,0,0,0,0,0,0,0,0,0,0,0,0,0,0,0
201177,Josh McRoberts,MIA,201605130MIA,"May 13, 2016",TOR,10,8,0,8,58.82,62.5,-3.68,7,10,1,0,0,0,0,0,0,0,0,0,0,0,0,0,0,0,0,0,0,0,0,0
203512,Lucas Nogueira,TOR,201605130MIA,"May 13, 2016",MIA,2,1,0,1,100.0,100.0,0.0,1,2,0,0,0,0,0,0,0,0,0,0,0,0,0,0,0,0,0,0,0,0,0,0
201942,DeMar DeRozan,TOR,201605150TOR,"May 15, 2016",MIA,28,29,7,32,42.42,43.64,-1.22,27,22,1,0,3,3,0,0,1,3,0,0,0,0,0,0,0,0,0,0,0,0,0,0
1626159,Justise Winslow,MIA,201605150TOR,"May 15, 2016",TOR,14,8,8,12,51.85,60.76,-8.91,5,2,3,6,2,2,0,0,0,0,0,0,0,0,0,0,0,0,0,0,0,0,2,4
202687,Bismack Biyombo,TOR,201605150TOR,"May 15, 2016",MIA,17,8,12,13,60.71,64.01,-3.3,6,8,0,0,2,1,0,0,2,5,0,0,0,0,1,1,0,0,0,0,0,0,2,2
200768,Kyle Lowry,TOR,201605150TOR,"May 15, 2016",MIA,35,20,11,25,60.34,70.45,-10.11,13,12,7,15,3,4,1,2,0,0,0,0,0,0,0,0,0,0,0,0,0,0,1,2
201609,Goran Dragic,MIA,201605150TOR,"May 15, 2016",TOR,16,17,5,19,36.36,41.67,-5.31,11,10,5,0,2,4,0,0,1,2,0,0,0,0,0,0,0,0,0,0,0,0,0,0
2548,Dwyane Wade,MIA,201605150TOR,"May 15, 2016",TOR,16,13,4,15,47.06,54.2,-7.14,9,8,4,6,1,1,0,0,0,0,0,0,0,0,0,0,0,0,0,0,0,0,1,1
2207,Joe Johnson,MIA,201605150TOR,"May 15, 2016",TOR,13,9,0,9,61.9,72.22,-10.32,6,10,3,3,0,0,0,0,0,0,0,0,0,0,0,0,0,0,0,0,0,0,0,0
2736,Luol Deng,MIA,201605150TOR,"May 15, 2016",TOR,12,9,4,11,48.0,55.76,-7.76,6,8,3,0,2,4,0,0,0,0,0,0,0,0,0,0,0,0,0,0,0,0,0,0
201960,DeMarre Carroll,TOR,201605150TOR,"May 15, 2016",MIA,14,5,4,7,87.5,103.55,-16.05,3,4,2,6,2,4,0,0,0,0,0,0,0,0,0,0,0,0,0,0,0,0,0,0
202335,Patrick Patterson,TOR,201605150TOR,"May 15, 2016",MIA,11,8,7,11,40.74,49.64,-8.9,3,2,4,0,2,4,0,0,1,3,0,0,0,0,0,0,0,0,0,0,0,0,1,2
1626196,Josh Richardson,MIA,201605150TOR,"May 15, 2016",TOR,3,3,0,3,33.33,50.0,-16.67,0,0,3,3,0,0,0,0,0,0,0,0,0,0,0,0,0,0,0,0,0,0,0,0
204020,Tyler Johnson,MIA,201605150TOR,"May 15, 2016",TOR,3,3,0,3,37.5,50.0,-12.5,1,0,2,3,0,0,0,0,0,0,0,0,0,0,0,0,0,0,0,0,0,0,0,0
203082,Terrence Ross,TOR,201605150TOR,"May 15, 2016",MIA,8,5,0,5,57.14,80.0,-22.86,1,2,4,6,0,0,0,0,0,0,0,0,0,0,0,0,0,0,0,0,0,0,0,0
202709,Cory Joseph,TOR,201605150TOR,"May 15, 2016",MIA,1,8,2,9,5.26,5.63,-0.37,7,0,1,0,1,1,0,0,0,0,0,0,0,0,0,0,0,0,0,0,0,0,0,0
201177,Josh McRoberts,MIA,201605150TOR,"May 15, 2016",TOR,10,7,2,8,58.82,63.45,-4.63,6,8,1,0,1,2,0,0,0,0,0,0,0,0,0,0,0,0,0,0,0,0,0,0
101123,Gerald Green,MIA,201605150TOR,"May 15, 2016",TOR,0,1,0,1,0.0,0.0,0.0,0,0,1,0,0,0,0,0,0,0,0,0,0,0,0,0,0,0,0,0,0,0,0,0
1626153,Delon Wright,MIA,201605150TOR,"May 15, 2016",TOR,2,2,0,2,50.0,50.0,0.0,2,2,0,0,0,0,0,0,0,0,0,0,0,0,0,0,0,0,0,0,0,0,0,0
1626181,Norman Powell,TOR,201605150TOR,"May 15, 2016",MIA,0,1,0,1,0.0,0.0,0.0,0,0,1,0,0,0,0,0,0,0,0,0,0,0,0,0,0,0,0,0,0,0,0,0
203512,Lucas Nogueira,TOR,201605150TOR,"May 15, 2016",MIA,2,1,0,1,100.0,100.0,0.0,1,2,0,0,0,0,0,0,0,0,0,0,0,0,0,0,0,0,0,0,0,0,0,0
203500,Steven Adams,OKC,201605160GSW,"May 16, 2016",GSW,16,8,9,12,64.0,66.89,-2.89,7,8,0,0,2,2,0,0,1,2,0,0,0,0,0,0,0,0,0,0,0,0,2,4
202691,Klay Thompson,GSW,201605160GSW,"May 16, 2016",OKC,25,25,0,25,43.1,50.0,-6.9,17,16,8,9,0,0,0,0,0,0,0,0,0,0,0,0,0,0,0,0,0,0,0,0
203460,Andre Roberson,OKC,201605160GSW,"May 16, 2016",GSW,7,3,0,3,100.0,116.67,-16.67,2,4,1,3,0,0,0,0,0,0,0,0,0,0,0,0,0,0,0,0,0,0,0,0
201939,Stephen Curry,GSW,201605160GSW,"May 16, 2016",OKC,26,22,2,23,43.33,56.82,-13.49,8,6,14,18,0,0,0,0,0,0,0,0,0,0,0,0,0,0,0,0,0,0,1,2
201586,Serge Ibaka,OKC,201605160GSW,"May 16, 2016",GSW,11,11,0,11,44.0,50.0,-6.0,8,8,3,3,0,0,0,0,0,0,0,0,0,0,0,0,0,0,0,0,0,0,0,0
203110,Draymond Green,GSW,201605160GSW,"May 16, 2016",OKC,23,20,9,24,43.4,48.0,-4.6,15,16,4,0,3,2,0,0,1,3,0,0,0,0,0,0,0,0,0,0,0,0,1,2
201142,Kevin Durant,OKC,201605160GSW,"May 16, 2016",GSW,26,30,7,33,36.62,39.3,-2.68,26,18,4,3,2,3,1,2,0,0,0,0,0,0,0,0,0,0,0,0,0,0,0,0
201566,Russell Westbrook,OKC,201605160GSW,"May 16, 2016",GSW,27,21,14,28,45.0,49.71,-4.71,17,10,4,6,2,4,0,0,0,0,0,0,0,0,1,1,0,0,0,0,0,0,4,6
203084,Harrison Barnes,GSW,201605160GSW,"May 16, 2016",OKC,12,8,0,8,60.0,75.0,-15.0,4,6,4,6,0,0,0,0,0,0,0,0,0,0,0,0,0,0,0,0,0,0,0,0
2738,Andre Iguodala,GSW,201605160GSW,"May 16, 2016",OKC,6,4,2,5,60.0,61.48,-1.48,4,4,0,0,1,2,0,0,0,0,0,0,0,0,0,0,0,0,0,0,0,0,0,0
203079,Dion Waiters,OKC,201605160GSW,"May 16, 2016",GSW,10,6,2,7,62.5,72.67,-10.17,4,4,2,6,1,0,0,0,0,0,0,0,0,0,0,0,0,0,0,0,0,0,0,0
202683,Enes Freedom,OKC,201605160GSW,"May 16, 2016",GSW,8,8,0,8,47.06,50.0,-2.94,7,8,1,0,0,0,0,0,0,0,0,0,0,0,0,0,0,0,0,0,0,0,0,0
200751,Randy Foye,OKC,201605160GSW,"May 16, 2016",GSW,3,2,0,2,50.0,75.0,-25.0,0,0,2,3,0,0,0,0,0,0,0,0,0,0,0,0,0,0,0,0,0,0,0,0
203105,Festus Ezeli,GSW,201605160GSW,"May 16, 2016",OKC,3,2,2,3,50.0,52.08,-2.08,2,2,0,0,0,0,0,0,0,0,0,0,0,0,0,0,0,0,0,0,0,0,1,1
2733,Shaun Livingston,GSW,201605160GSW,"May 16, 2016",OKC,4,7,0,7,28.57,28.57,0.0,7,4,0,0,0,0,0,0,0,0,0,0,0,0,0,0,0,0,0,0,0,0,0,0
2571,Leandro Barbosa,GSW,201605160GSW,"May 16, 2016",OKC,2,2,0,2,50.0,50.0,0.0,2,2,0,0,0,0,0,0,0,0,0,0,0,0,0,0,0,0,0,0,0,0,0,0
201578,Marreese Speights,GSW,201605160GSW,"May 16, 2016",OKC,1,1,2,2,25.0,26.6,-1.6,1,0,0,0,1,1,0,0,0,0,0,0,0,0,0,0,0,0,0,0,0,0,0,0
202681,Kyrie Irving,CLE,201605170CLE,"May 17, 2016",TOR,27,17,4,19,65.85,71.96,-6.11,14,20,3,3,2,4,0,0,0,0,0,0,0,0,0,0,0,0,0,0,0,0,0,0
202335,Patrick Patterson,TOR,201605170CLE,"May 17, 2016",CLE,8,8,2,9,36.36,45.05,-8.69,4,4,4,3,0,0,0,0,0,0,0,0,0,0,1,1,0,0,0,0,0,0,0,0
202684,Tristan Thompson,CLE,201605170CLE,"May 17, 2016",TOR,6,4,4,6,50.0,52.08,-2.08,4,2,0,0,2,4,0,0,0,0,0,0,0,0,0,0,0,0,0,0,0,0,0,0
200768,Kyle Lowry,TOR,201605170CLE,"May 17, 2016",CLE,8,14,0,14,22.86,28.57,-5.71,7,8,7,0,0,0,0,0,0,0,0,0,0,0,0,0,0,0,0,0,0,0,0,0
2544,LeBron James,CLE,201605170CLE,"May 17, 2016",TOR,24,13,4,14,77.42,81.3,-3.88,10,18,1,0,1,1,0,0,2,5,0,0,0,0,0,0,0,0,0,0,0,0,0,0
202687,Bismack Biyombo,TOR,201605170CLE,"May 17, 2016",CLE,12,5,2,6,100.0,102.04,-2.04,5,10,0,0,1,2,0,0,0,0,0,0,0,0,0,0,0,0,0,0,0,0,0,0
201960,DeMarre Carroll,TOR,201605170CLE,"May 17, 2016",CLE,2,5,0,5,15.38,20.0,-4.62,2,2,3,0,0,0,0,0,0,0,0,0,0,0,0,0,0,0,0,0,0,0,0,0
2747,JR Smith,CLE,201605170CLE,"May 17, 2016",TOR,5,5,4,7,29.41,36.98,-7.57,2,2,3,0,1,1,0,0,0,0,0,0,0,0,0,0,0,0,0,0,0,0,1,2
201942,DeMar DeRozan,TOR,201605170CLE,"May 17, 2016",CLE,18,17,0,17,51.43,52.94,-1.51,16,18,1,0,0,0,0,0,0,0,0,0,0,0,0,0,0,0,0,0,0,0,0,0
201567,Kevin Love,CLE,201605170CLE,"May 17, 2016",TOR,14,8,4,10,58.33,71.72,-13.39,4,4,4,6,1,2,0,0,0,0,0,0,0,0,0,0,0,0,0,0,0,0,1,2
202697,Iman Shumpert,CLE,201605170CLE,"May 17, 2016",TOR,8,4,2,5,72.73,81.97,-9.24,3,4,1,3,0,0,0,0,0,0,0,0,0,0,0,0,0,0,0,0,0,0,1,1
201949,James Johnson,TOR,201605170CLE,"May 17, 2016",CLE,10,6,0,6,71.43,83.33,-11.9,4,4,2,6,0,0,0,0,0,0,0,0,0,0,0,0,0,0,0,0,0,0,0,0
203082,Terrence Ross,TOR,201605170CLE,"May 17, 2016",CLE,4,5,2,6,26.67,34.01,-7.34,2,0,3,3,1,1,0,0,0,0,0,0,0,0,0,0,0,0,0,0,0,0,0,0
2210,Richard Jefferson,CLE,201605170CLE,"May 17, 2016",TOR,9,6,6,9,45.0,52.08,-7.08,4,4,2,0,1,1,0,0,0,0,0,0,0,0,0,0,0,0,0,0,0,0,2,4
203521,Matthew Dellavedova,CLE,201605170CLE,"May 17, 2016",TOR,9,4,3,5,75.0,84.59,-9.59,2,2,1,3,1,1,0,0,1,3,0,0,0,0,0,0,0,0,0,0,0,0,0,0
202709,Cory Joseph,TOR,201605170CLE,"May 17, 2016",CLE,4,6,4,8,22.22,25.77,-3.55,4,2,2,0,2,2,0,0,0,0,0,0,0,0,0,0,0,0,0,0,0,0,0,0
101112,Channing Frye,CLE,201605170CLE,"May 17, 2016",TOR,8,5,0,5,61.54,80.0,-18.46,2,2,3,6,0,0,0,0,0,0,0,0,0,0,0,0,0,0,0,0,0,0,0,0
2449,Luis Scola,TOR,201605170CLE,"May 17, 2016",CLE,7,2,4,4,77.78,93.09,-15.31,1,0,1,3,2,4,0,0,0,0,0,0,0,0,0,0,0,0,0,0,0,0,0,0
1626153,Delon Wright,TOR,201605170CLE,"May 17, 2016",CLE,7,2,6,5,70.0,75.43,-5.43,2,2,0,0,3,5,0,0,0,0,0,0,0,0,0,0,0,0,0,0,0,0,0,0
201574,Jason Thompson,TOR,201605170CLE,"May 17, 2016",CLE,0,1,0,1,0.0,0.0,0.0,1,0,0,0,0,0,0,0,0,0,0,0,0,0,0,0,0,0,0,0,0,0,0,0
2590,Mo Williams,CLE,201605170CLE,"May 17, 2016",TOR,3,3,2,4,37.5,38.66,-1.16,3,2,0,0,0,0,0,0,0,0,0,0,0,0,0,0,0,0,0,0,0,0,1,1
2592,James Jones,CLE,201605170CLE,"May 17, 2016",TOR,0,1,0,1,0.0,0.0,0.0,0,0,1,0,0,0,0,0,0,0,0,0,0,0,0,0,0,0,0,0,0,0,0,0
202389,Timofey Mozgov,CLE,201605170CLE,"May 17, 2016",TOR,2,3,0,3,33.33,33.33,0.0,3,2,0,0,0,0,0,0,0,0,0,0,0,0,0,0,0,0,0,0,0,0,0,0
2563,Dahntay Jones,CLE,201605170CLE,"May 17, 2016",TOR,0,1,0,1,0.0,0.0,0.0,0,0,1,0,0,0,0,0,0,0,0,0,0,0,0,0,0,0,0,0,0,0,0,0
1626181,Norman Powell,TOR,201605170CLE,"May 17, 2016",CLE,4,4,0,4,44.44,50.0,-5.56,3,4,1,0,0,0,0,0,0,0,0,0,0,0,0,0,0,0,0,0,0,0,0,0
203512,Lucas Nogueira,TOR,201605170CLE,"May 17, 2016",CLE,0,1,0,1,0.0,0.0,0.0,1,0,0,0,0,0,0,0,0,0,0,0,0,0,0,0,0,0,0,0,0,0,0,0
201939,Stephen Curry,GSW,201605180GSW,"May 18, 2016",OKC,28,15,5,17,65.12,81.4,-16.28,6,6,8,15,0,0,0,0,1,3,0,0,2,4,0,0,0,0,0,0,0,0,0,0
203460,Andre Roberson,OKC,201605180GSW,"May 18, 2016",GSW,5,5,0,5,41.67,50.0,-8.33,3,2,2,3,0,0,0,0,0,0,0,0,0,0,0,0,0,0,0,0,0,0,0,0
203110,Draymond Green,GSW,201605180GSW,"May 18, 2016",OKC,10,9,0,9,45.45,55.56,-10.11,5,4,4,6,0,0,0,0,0,0,0,0,0,0,0,0,0,0,0,0,0,0,0,0
202691,Klay Thompson,GSW,201605180GSW,"May 18, 2016",OKC,15,17,4,19,32.61,39.98,-7.37,9,6,8,6,2,3,0,0,0,0,0,0,0,0,0,0,0,0,0,0,0,0,0,0
101106,Andrew Bogut,GSW,201605180GSW,"May 18, 2016",OKC,4,2,0,2,100.0,100.0,0.0,2,4,0,0,0,0,0,0,0,0,0,0,0,0,0,0,0,0,0,0,0,0,0,0
201142,Kevin Durant,OKC,201605180GSW,"May 18, 2016",GSW,29,18,5,20,64.44,71.78,-7.34,13,16,4,6,1,2,0,0,1,3,0,0,0,0,0,0,0,0,0,0,0,0,1,2
201566,Russell Westbrook,OKC,201605180GSW,"May 18, 2016",GSW,16,14,5,16,42.11,49.38,-7.27,8,6,5,3,2,4,0,0,1,3,0,0,0,0,0,0,0,0,0,0,0,0,0,0
203500,Steven Adams,OKC,201605180GSW,"May 18, 2016",GSW,9,6,2,7,64.29,65.41,-1.12,6,8,0,0,1,1,0,0,0,0,0,0,0,0,0,0,0,0,0,0,0,0,0,0
201586,Serge Ibaka,OKC,201605180GSW,"May 18, 2016",GSW,3,6,0,6,18.75,25.0,-6.25,2,0,4,3,0,0,0,0,0,0,0,0,0,0,0,0,0,0,0,0,0,0,0,0
203084,Harrison Barnes,GSW,201605180GSW,"May 18, 2016",OKC,11,8,0,8,64.71,68.75,-4.04,7,8,1,3,0,0,0,0,0,0,0,0,0,0,0,0,0,0,0,0,0,0,0,0
2738,Andre Iguodala,GSW,201605180GSW,"May 18, 2016",OKC,14,10,6,12,48.28,55.38,-7.1,6,4,3,3,1,2,1,3,1,2,0,0,0,0,0,0,0,0,0,0,0,0,0,0
203105,Festus Ezeli,GSW,201605180GSW,"May 18, 2016",OKC,12,5,6,8,75.0,78.53,-3.53,5,10,0,0,2,2,0,0,0,0,0,0,0,0,0,0,0,0,0,0,0,0,1,0
202683,Enes Freedom,OKC,201605180GSW,"May 18, 2016",GSW,6,5,0,5,60.0,60.0,0.0,5,6,0,0,0,0,0,0,0,0,0,0,0,0,0,0,0,0,0,0,0,0,0,0
203079,Dion Waiters,OKC,201605180GSW,"May 18, 2016",GSW,7,11,2,12,25.0,29.46,-4.46,7,4,4,3,1,0,0,0,0,0,0,0,0,0,0,0,0,0,0,0,0,0,0,0
200751,Randy Foye,OKC,201605180GSW,"May 18, 2016",GSW,5,4,0,4,50.0,62.5,-12.5,2,2,2,3,0,0,0,0,0,0,0,0,0,0,0,0,0,0,0,0,0,0,0,0
2733,Shaun Livingston,GSW,201605180GSW,"May 18, 2016",OKC,2,3,0,3,33.33,33.33,0.0,3,2,0,0,0,0,0,0,0,0,0,0,0,0,0,0,0,0,0,0,0,0,0,0
2760,Anderson Varejao,GSW,201605180GSW,"May 18, 2016",OKC,4,1,3,2,80.0,86.21,-6.21,0,0,0,0,1,2,0,0,1,2,0,0,0,0,0,0,0,0,0,0,0,0,0,0
2571,Leandro Barbosa,GSW,201605180GSW,"May 18, 2016",OKC,4,6,0,6,30.77,33.33,-2.56,5,4,1,0,0,0,0,0,0,0,0,0,0,0,0,0,0,0,0,0,0,0,0,0
201578,Marreese Speights,GSW,201605180GSW,"May 18, 2016",OKC,13,6,2,7,81.25,94.48,-13.23,4,6,2,6,0,0,0,0,0,0,0,0,0,0,0,0,0,0,0,0,0,0,1,1
201627,Anthony Morrow,OKC,201605180GSW,"May 18, 2016",GSW,5,3,3,4,50.0,57.87,-7.87,2,2,1,0,0,0,1,3,0,0,0,0,0,0,0,0,0,0,0,0,0,0,0,0
202713,Kyle Singler,OKC,201605180GSW,"May 18, 2016",GSW,0,0,2,1,0.0,0.0,0.0,0,0,0,0,1,0,0,0,0,0,0,0,0,0,0,0,0,0,0,0,0,0,0,0
203546,Ian Clark,GSW,201605180GSW,"May 18, 2016",OKC,1,3,2,4,11.11,12.89,-1.78,2,0,1,0,0,0,0,0,0,0,0,0,0,0,0,0,0,0,0,0,0,0,1,1
1626166,Cameron Payne,OKC,201605180GSW,"May 18, 2016",GSW,2,4,0,4,22.22,25.0,-2.78,3,2,1,0,0,0,0,0,0,0,0,0,0,0,0,0,0,0,0,0,0,0,0,0
2555,Nick Collison,OKC,201605180GSW,"May 18, 2016",GSW,4,2,0,2,100.0,100.0,0.0,2,4,0,0,0,0,0,0,0,0,0,0,0,0,0,0,0,0,0,0,0,0,0,0
201942,DeMar DeRozan,TOR,201605190CLE,"May 19, 2016",CLE,22,18,6,21,52.38,53.29,-0.91,18,16,0,0,3,6,0,0,0,0,0,0,0,0,0,0,0,0,0,0,0,0,0,0
200768,Kyle Lowry,TOR,201605190CLE,"May 19, 2016",CLE,10,14,2,15,26.32,33.6,-7.28,6,6,8,3,1,1,0,0,0,0,0,0,0,0,0,0,0,0,0,0,0,0,0,0
202681,Kyrie Irving,CLE,201605190CLE,"May 19, 2016",TOR,26,22,3,24,52.0,55.75,-3.75,19,24,3,0,0,0,0,0,0,0,0,0,1,0,0,0,0,0,0,0,0,0,1,2
2449,Luis Scola,TOR,201605190CLE,"May 19, 2016",CLE,6,5,4,7,33.33,44.38,-11.05,1,0,4,3,2,3,0,0,0,0,0,0,0,0,0,0,0,0,0,0,0,0,0,0
2747,JR Smith,CLE,201605190CLE,"May 19, 2016",TOR,12,7,2,8,57.14,76.14,-19.0,2,2,5,9,0,0,0,0,0,0,0,0,0,0,0,0,0,0,0,0,0,0,1,1
2544,LeBron James,CLE,201605190CLE,"May 19, 2016",TOR,23,13,17,21,51.11,56.15,-5.04,10,12,2,0,6,5,0,0,1,3,0,0,0,0,0,0,0,0,0,0,0,0,2,3
201960,DeMarre Carroll,TOR,201605190CLE,"May 19, 2016",CLE,7,6,2,7,41.18,50.87,-9.69,3,2,3,3,1,2,0,0,0,0,0,0,0,0,0,0,0,0,0,0,0,0,0,0
201567,Kevin Love,CLE,201605190CLE,"May 19, 2016",TOR,19,8,9,12,70.37,79.43,-9.06,6,8,2,3,2,4,1,2,0,0,0,0,0,0,0,0,0,0,0,0,0,0,1,2
202684,Tristan Thompson,CLE,201605190CLE,"May 19, 2016",TOR,9,5,6,8,56.25,58.9,-2.65,5,4,0,0,1,1,0,0,0,0,0,0,0,0,0,0,0,0,0,0,0,0,2,4
202687,Bismack Biyombo,TOR,201605190CLE,"May 19, 2016",CLE,3,3,1,3,42.86,43.6,-0.74,2,0,0,0,0,0,0,0,1,3,0,0,0,0,0,0,0,0,0,0,0,0,0,0
202335,Patrick Patterson,TOR,201605190CLE,"May 19, 2016",CLE,6,5,0,5,42.86,60.0,-17.14,1,0,4,6,0,0,0,0,0,0,0,0,0,0,0,0,0,0,0,0,0,0,0,0
202697,Iman Shumpert,CLE,201605190CLE,"May 19, 2016",TOR,3,2,0,2,50.0,75.0,-25.0,0,0,2,3,0,0,0,0,0,0,0,0,0,0,0,0,0,0,0,0,0,0,0,0
2210,Richard Jefferson,CLE,201605190CLE,"May 19, 2016",TOR,2,4,0,4,25.0,25.0,0.0,4,2,0,0,0,0,0,0,0,0,0,0,0,0,0,0,0,0,0,0,0,0,0,0
203082,Terrence Ross,TOR,201605190CLE,"May 19, 2016",CLE,11,10,2,11,39.29,50.55,-11.26,4,4,6,6,0,0,0,0,0,0,0,0,0,0,0,0,0,0,0,0,0,0,1,1
202709,Cory Joseph,TOR,201605190CLE,"May 19, 2016",CLE,11,10,0,10,45.83,55.0,-9.17,6,8,4,3,0,0,0,0,0,0,0,0,0,0,0,0,0,0,0,0,0,0,0,0
101112,Channing Frye,CLE,201605190CLE,"May 19, 2016",TOR,10,7,0,7,55.56,71.43,-15.87,3,4,4,6,0,0,0,0,0,0,0,0,0,0,0,0,0,0,0,0,0,0,0,0
201949,James Johnson,TOR,201605190CLE,"May 19, 2016",CLE,11,7,1,7,64.71,73.92,-9.21,4,6,2,3,0,0,0,0,1,2,0,0,0,0,0,0,0,0,0,0,0,0,0,0
203521,Matthew Dellavedova,CLE,201605190CLE,"May 19, 2016",TOR,0,3,0,3,0.0,0.0,0.0,2,0,1,0,0,0,0,0,0,0,0,0,0,0,0,0,0,0,0,0,0,0,0,0
1626153,Delon Wright,TOR,201605190CLE,"May 19, 2016",CLE,0,1,0,1,0.0,0.0,0.0,0,0,1,0,0,0,0,0,0,0,0,0,0,0,0,0,0,0,0,0,0,0,0,0
1626181,Norman Powell,TOR,201605190CLE,"May 19, 2016",CLE,2,3,0,3,28.57,33.33,-4.76,2,2,1,0,0,0,0,0,0,0,0,0,0,0,0,0,0,0,0,0,0,0,0,0
2592,James Jones,CLE,201605190CLE,"May 19, 2016",TOR,0,1,0,1,0.0,0.0,0.0,0,0,1,0,0,0,0,0,0,0,0,0,0,0,0,0,0,0,0,0,0,0,0,0
202389,Timofey Mozgov,CLE,201605190CLE,"May 19, 2016",TOR,2,1,0,1,100.0,100.0,0.0,1,2,0,0,0,0,0,0,0,0,0,0,0,0,0,0,0,0,0,0,0,0,0,0
2563,Dahntay Jones,CLE,201605190CLE,"May 19, 2016",TOR,2,1,0,1,100.0,100.0,0.0,1,2,0,0,0,0,0,0,0,0,0,0,0,0,0,0,0,0,0,0,0,0,0,0
2590,Mo Williams,CLE,201605190CLE,"May 19, 2016",TOR,0,2,0,2,0.0,0.0,0.0,1,0,1,0,0,0,0,0,0,0,0,0,0,0,0,0,0,0,0,0,0,0,0,0
2747,JR Smith,TOR,201605210TOR,"May 21, 2016",CLE,22,16,2,17,44.9,65.17,-20.27,1,2,15,18,1,2,0,0,0,0,0,0,0,0,0,0,0,0,0,0,0,0,0,0
201942,DeMar DeRozan,TOR,201605210TOR,"May 21, 2016",CLE,32,24,9,29,55.17,57.22,-2.05,22,22,1,0,3,5,0,0,1,3,0,0,2,2,0,0,0,0,0,0,0,0,0,0
202684,Tristan Thompson,CLE,201605210TOR,"May 21, 2016",TOR,0,1,0,1,0.0,0.0,0.0,1,0,0,0,0,0,0,0,0,0,0,0,0,0,0,0,0,0,0,0,0,0,0,0
2544,LeBron James,CLE,201605210TOR,"May 21, 2016",TOR,24,17,7,20,52.17,59.76,-7.59,11,14,5,3,2,2,0,0,1,3,0,0,0,0,1,2,0,0,0,0,0,0,0,0
201960,DeMarre Carroll,TOR,201605210TOR,"May 21, 2016",CLE,10,11,0,11,34.48,45.45,-10.97,4,4,7,6,0,0,0,0,0,0,0,0,0,0,0,0,0,0,0,0,0,0,0,0
202681,Kyrie Irving,CLE,201605210TOR,"May 21, 2016",TOR,13,19,6,22,25.49,30.04,-4.55,12,4,7,3,2,4,0,0,0,0,0,0,1,2,0,0,0,0,0,0,0,0,0,0
202687,Bismack Biyombo,TOR,201605210TOR,"May 21, 2016",CLE,7,6,2,7,50.0,50.87,-0.87,6,6,0,0,1,1,0,0,0,0,0,0,0,0,0,0,0,0,0,0,0,0,0,0
200768,Kyle Lowry,TOR,201605210TOR,"May 21, 2016",CLE,20,13,2,14,55.56,72.05,-16.49,5,6,8,12,1,2,0,0,0,0,0,0,0,0,0,0,0,0,0,0,0,0,0,0
2449,Luis Scola,TOR,201605210TOR,"May 21, 2016",CLE,0,2,0,2,0.0,0.0,0.0,1,0,1,0,0,0,0,0,0,0,0,0,0,0,0,0,0,0,0,0,0,0,0,0
201567,Kevin Love,CLE,201605210TOR,"May 21, 2016",TOR,3,9,0,9,13.64,16.67,-3.03,5,0,4,3,0,0,0,0,0,0,0,0,0,0,0,0,0,0,0,0,0,0,0,0
202709,Cory Joseph,TOR,201605210TOR,"May 21, 2016",CLE,14,10,0,10,60.87,70.0,-9.13,7,8,3,6,0,0,0,0,0,0,0,0,0,0,0,0,0,0,0,0,0,0,0,0
202697,Iman Shumpert,CLE,201605210TOR,"May 21, 2016",TOR,3,2,0,2,60.0,75.0,-15.0,1,0,1,3,0,0,0,0,0,0,0,0,0,0,0,0,0,0,0,0,0,0,0,0
203082,Terrence Ross,TOR,201605210TOR,"May 21, 2016",CLE,3,5,0,5,23.08,30.0,-6.92,2,0,3,3,0,0,0,0,0,0,0,0,0,0,0,0,0,0,0,0,0,0,0,0
202335,Patrick Patterson,TOR,201605210TOR,"May 21, 2016",CLE,10,10,0,10,38.46,50.0,-11.54,4,4,6,6,0,0,0,0,0,0,0,0,0,0,0,0,0,0,0,0,0,0,0,0
101112,Channing Frye,CLE,201605210TOR,"May 21, 2016",TOR,11,5,0,5,78.57,110.0,-31.43,1,2,4,9,0,0,0,0,0,0,0,0,0,0,0,0,0,0,0,0,0,0,0,0
203521,Matthew Dellavedova,CLE,201605210TOR,"May 21, 2016",TOR,0,4,0,4,0.0,0.0,0.0,3,0,1,0,0,0,0,0,0,0,0,0,0,0,0,0,0,0,0,0,0,0,0,0
201949,James Johnson,TOR,201605210TOR,"May 21, 2016",CLE,3,2,0,2,50.0,75.0,-25.0,0,0,2,3,0,0,0,0,0,0,0,0,0,0,0,0,0,0,0,0,0,0,0,0
2210,Richard Jefferson,CLE,201605210TOR,"May 21, 2016",TOR,5,4,1,4,45.45,56.31,-10.86,1,2,2,0,0,0,0,0,1,3,0,0,0,0,0,0,0,0,0,0,0,0,0,0
2590,Mo Williams,CLE,201605210TOR,"May 21, 2016",TOR,3,2,0,2,50.0,75.0,-25.0,0,0,2,3,0,0,0,0,0,0,0,0,0,0,0,0,0,0,0,0,0,0,0,0
201566,Russell Westbrook,OKC,201605220OKC,"May 22, 2016",GSW,30,19,11,24,55.56,62.92,-7.36,14,18,5,3,2,3,1,3,0,0,0,0,0,0,0,0,0,0,0,0,0,0,2,3
201939,Stephen Curry,GSW,201605220OKC,"May 22, 2016",OKC,24,17,8,21,45.28,58.48,-13.2,6,8,11,9,1,2,0,0,0,0,0,0,0,0,0,0,0,0,0,0,0,0,3,5
201142,Kevin Durant,OKC,201605220OKC,"May 22, 2016",GSW,33,15,12,20,73.33,81.36,-8.03,11,16,3,3,4,8,1,3,1,3,0,0,0,0,0,0,0,0,0,0,0,0,0,0
101106,Andrew Bogut,GSW,201605220OKC,"May 22, 2016",OKC,2,3,0,3,33.33,33.33,0.0,3,2,0,0,0,0,0,0,0,0,0,0,0,0,0,0,0,0,0,0,0,0,0,0
203500,Steven Adams,OKC,201605220OKC,"May 22, 2016",GSW,8,4,6,7,57.14,60.24,-3.1,4,4,0,0,2,2,0,0,0,0,0,0,0,0,1,2,0,0,0,0,0,0,0,0
203110,Draymond Green,GSW,201605220OKC,"May 22, 2016",OKC,6,9,4,11,25.0,27.88,-2.88,7,2,2,0,2,4,0,0,0,0,0,0,0,0,0,0,0,0,0,0,0,0,0,0
203460,Andre Roberson,OKC,201605220OKC,"May 22, 2016",GSW,13,9,0,9,56.52,72.22,-15.7,4,4,5,9,0,0,0,0,0,0,0,0,0,0,0,0,0,0,0,0,0,0,0,0
202691,Klay Thompson,GSW,201605220OKC,"May 22, 2016",OKC,18,19,0,19,39.13,47.37,-8.24,11,12,8,6,0,0,0,0,0,0,0,0,0,0,0,0,0,0,0,0,0,0,0,0
2738,Andre Iguodala,GSW,201605220OKC,"May 22, 2016",OKC,9,5,2,6,56.25,76.53,-20.28,1,2,4,6,1,1,0,0,0,0,0,0,0,0,0,0,0,0,0,0,0,0,0,0
203105,Festus Ezeli,GSW,201605220OKC,"May 22, 2016",OKC,8,5,5,7,53.33,55.56,-2.23,4,4,0,0,1,2,0,0,1,2,0,0,0,0,0,0,0,0,0,0,0,0,1,0
203079,Dion Waiters,OKC,201605220OKC,"May 22, 2016",GSW,13,11,0,11,52.0,59.09,-7.09,8,10,3,3,0,0,0,0,0,0,0,0,0,0,0,0,0,0,0,0,0,0,0,0
201586,Serge Ibaka,OKC,201605220OKC,"May 22, 2016",GSW,14,13,0,13,45.16,53.85,-8.69,8,8,5,6,0,0,0,0,0,0,0,0,0,0,0,0,0,0,0,0,0,0,0,0
203546,Ian Clark,GSW,201605220OKC,"May 22, 2016",OKC,8,5,2,6,61.54,68.03,-6.49,4,6,1,0,1,2,0,0,0,0,0,0,0,0,0,0,0,0,0,0,0,0,0,0
202683,Enes Freedom,OKC,201605220OKC,"May 22, 2016",GSW,10,9,4,11,43.48,46.47,-2.99,8,6,1,0,2,4,0,0,0,0,0,0,0,0,0,0,0,0,0,0,0,0,0,0
200751,Randy Foye,OKC,201605220OKC,"May 22, 2016",GSW,4,3,2,4,44.44,51.55,-7.11,2,2,1,0,1,2,0,0,0,0,0,0,0,0,0,0,0,0,0,0,0,0,0,0
203084,Harrison Barnes,GSW,201605220OKC,"May 22, 2016",OKC,7,9,0,9,33.33,38.89,-5.56,6,4,3,3,0,0,0,0,0,0,0,0,0,0,0,0,0,0,0,0,0,0,0,0
2733,Shaun Livingston,GSW,201605220OKC,"May 22, 2016",OKC,6,6,0,6,50.0,50.0,0.0,6,6,0,0,0,0,0,0,0,0,0,0,0,0,0,0,0,0,0,0,0,0,0,0
202713,Kyle Singler,OKC,201605220OKC,"May 22, 2016",GSW,2,4,0,4,22.22,25.0,-2.78,3,2,1,0,0,0,0,0,0,0,0,0,0,0,0,0,0,0,0,0,0,0,0,0
201575,Brandon Rush,GSW,201605220OKC,"May 22, 2016",OKC,4,3,0,3,66.67,66.67,0.0,3,4,0,0,0,0,0,0,0,0,0,0,0,0,0,0,0,0,0,0,0,0,0,0
201578,Marreese Speights,GSW,201605220OKC,"May 22, 2016",OKC,8,8,4,10,34.78,40.98,-6.2,5,2,3,3,2,3,0,0,0,0,0,0,0,0,0,0,0,0,0,0,0,0,0,0
2571,Leandro Barbosa,GSW,201605220OKC,"May 22, 2016",OKC,5,3,0,3,71.43,83.33,-11.9,2,2,1,3,0,0,0,0,0,0,0,0,0,0,0,0,0,0,0,0,0,0,0,0
1626166,Cameron Payne,OKC,201605220OKC,"May 22, 2016",GSW,4,2,2,3,66.67,69.44,-2.77,2,2,0,0,1,2,0,0,0,0,0,0,0,0,0,0,0,0,0,0,0,0,0,0
201627,Anthony Morrow,OKC,201605220OKC,"May 22, 2016",GSW,2,3,0,3,28.57,33.33,-4.76,2,2,1,0,0,0,0,0,0,0,0,0,0,0,0,0,0,0,0,0,0,0,0,0
200768,Kyle Lowry,TOR,201605230TOR,"May 23, 2016",CLE,35,20,4,21,68.63,80.42,-11.79,11,16,7,12,1,1,0,0,2,6,0,0,0,0,0,0,0,0,0,0,0,0,0,0
201567,Kevin Love,CLE,201605230TOR,"May 23, 2016",TOR,10,14,0,14,28.57,35.71,-7.14,7,4,7,6,0,0,0,0,0,0,0,0,0,0,0,0,0,0,0,0,0,0,0,0
202684,Tristan Thompson,CLE,201605230TOR,"May 23, 2016",TOR,2,3,0,3,33.33,33.33,0.0,3,2,0,0,0,0,0,0,0,0,0,0,0,0,0,0,0,0,0,0,0,0,0,0
2747,JR Smith,CLE,201605230TOR,"May 23, 2016",TOR,9,12,0,12,25.71,37.5,-11.79,1,0,11,9,0,0,0,0,0,0,0,0,0,0,0,0,0,0,0,0,0,0,0,0
202687,Bismack Biyombo,TOR,201605230TOR,"May 23, 2016",CLE,5,4,4,6,41.67,43.4,-1.73,4,4,0,0,0,0,0,0,0,0,0,0,0,0,0,0,0,0,0,0,0,0,2,1
201960,DeMarre Carroll,TOR,201605230TOR,"May 23, 2016",CLE,11,12,5,14,30.56,38.73,-8.17,5,4,7,3,0,0,1,3,0,0,0,0,0,0,0,0,0,0,0,0,0,0,1,1
202681,Kyrie Irving,CLE,201605230TOR,"May 23, 2016",TOR,26,21,1,22,50.98,60.63,-9.65,13,16,8,9,0,0,0,0,0,0,0,0,1,1,0,0,0,0,0,0,0,0,0,0
2449,Luis Scola,CLE,201605230TOR,"May 23, 2016",TOR,0,1,0,1,0.0,0.0,0.0,0,0,1,0,0,0,0,0,0,0,0,0,0,0,0,0,0,0,0,0,0,0,0,0
201942,DeMar DeRozan,TOR,201605230TOR,"May 23, 2016",CLE,32,23,4,25,62.75,64.62,-1.87,22,28,1,0,2,4,0,0,0,0,0,0,0,0,0,0,0,0,0,0,0,0,0,0
2544,LeBron James,CLE,201605230TOR,"May 23, 2016",TOR,29,16,6,19,70.73,77.79,-7.06,13,20,3,3,2,4,0,0,0,0,0,0,0,0,0,0,0,0,0,0,0,0,1,2
101112,Channing Frye,CLE,201605230TOR,"May 23, 2016",TOR,12,8,0,8,50.0,75.0,-25.0,0,0,8,12,0,0,0,0,0,0,0,0,0,0,0,0,0,0,0,0,0,0,0,0
202335,Patrick Patterson,TOR,201605230TOR,"May 23, 2016",CLE,9,5,2,6,60.0,76.53,-16.53,2,4,3,3,0,0,0,0,0,0,0,0,0,0,0,0,0,0,0,0,0,0,1,2
202709,Cory Joseph,TOR,201605230TOR,"May 23, 2016",CLE,8,8,0,8,47.06,50.0,-2.94,7,8,1,0,0,0,0,0,0,0,0,0,0,0,0,0,0,0,0,0,0,0,0,0
202697,Iman Shumpert,CLE,201605230TOR,"May 23, 2016",TOR,1,1,2,2,20.0,26.6,-6.6,0,0,1,0,1,1,0,0,0,0,0,0,0,0,0,0,0,0,0,0,0,0,0,0
203521,Matthew Dellavedova,CLE,201605230TOR,"May 23, 2016",TOR,2,4,0,4,18.18,25.0,-6.82,1,2,3,0,0,0,0,0,0,0,0,0,0,0,0,0,0,0,0,0,0,0,0,0
203082,Terrence Ross,TOR,201605230TOR,"May 23, 2016",CLE,3,3,0,3,37.5,50.0,-12.5,1,0,2,3,0,0,0,0,0,0,0,0,0,0,0,0,0,0,0,0,0,0,0,0
201949,James Johnson,TOR,201605230TOR,"May 23, 2016",CLE,2,2,0,2,50.0,50.0,0.0,2,2,0,0,0,0,0,0,0,0,0,0,0,0,0,0,0,0,0,0,0,0,0,0
2210,Richard Jefferson,CLE,201605230TOR,"May 23, 2016",TOR,8,4,0,4,100.0,100.0,0.0,4,8,0,0,0,0,0,0,0,0,0,0,0,0,0,0,0,0,0,0,0,0,0,0
201939,Stephen Curry,GSW,201605240OKC,"May 24, 2016",OKC,19,20,7,23,33.33,41.16,-7.83,10,8,10,6,1,2,1,2,0,0,0,0,0,0,0,0,0,0,0,0,0,0,1,1
201566,Russell Westbrook,OKC,201605240OKC,"May 24, 2016",GSW,36,27,8,31,51.43,58.98,-7.55,19,16,8,12,3,6,0,0,0,0,0,0,0,0,0,0,0,0,0,0,0,0,1,2
201586,Serge Ibaka,OKC,201605240OKC,"May 24, 2016",GSW,17,11,2,12,60.71,71.55,-10.84,7,12,4,3,1,2,0,0,0,0,0,0,0,0,0,0,0,0,0,0,0,0,0,0
203500,Steven Adams,OKC,201605240OKC,"May 24, 2016",GSW,11,4,8,8,68.75,73.14,-4.39,4,4,0,0,2,4,0,0,0,0,0,0,0,0,0,0,0,0,0,0,0,0,2,3
203110,Draymond Green,OKC,201605240OKC,"May 24, 2016",GSW,6,7,4,9,30.0,34.25,-4.25,5,2,2,0,2,4,0,0,0,0,0,0,0,0,0,0,0,0,0,0,0,0,0,0
202691,Klay Thompson,GSW,201605240OKC,"May 24, 2016",OKC,26,17,4,19,53.06,69.3,-16.24,6,10,11,12,2,4,0,0,0,0,0,0,0,0,0,0,0,0,0,0,0,0,0,0
201142,Kevin Durant,OKC,201605240OKC,"May 24, 2016",GSW,26,24,10,29,41.27,45.77,-4.5,19,14,5,3,5,9,0,0,0,0,0,0,0,0,0,0,0,0,0,0,0,0,0,0
203084,Harrison Barnes,GSW,201605240OKC,"May 24, 2016",OKC,11,6,2,7,68.75,79.94,-11.19,4,6,2,3,1,2,0,0,0,0,0,0,0,0,0,0,0,0,0,0,0,0,0,0
101106,Andrew Bogut,OKC,201605240OKC,"May 24, 2016",GSW,6,3,0,3,100.0,100.0,0.0,3,6,0,0,0,0,0,0,0,0,0,0,0,0,0,0,0,0,0,0,0,0,0,0
203460,Andre Roberson,OKC,201605240OKC,"May 24, 2016",GSW,17,12,8,16,48.57,54.77,-6.2,9,12,3,3,1,1,0,0,0,0,0,0,0,0,0,0,0,0,0,0,0,0,3,1
203079,Dion Waiters,OKC,201605240OKC,"May 24, 2016",GSW,10,7,2,8,50.0,63.45,-13.45,3,2,4,6,1,2,0,0,0,0,0,0,0,0,0,0,0,0,0,0,0,0,0,0
2738,Andre Iguodala,GSW,201605240OKC,"May 24, 2016",OKC,8,8,0,8,40.0,50.0,-10.0,4,2,4,6,0,0,0,0,0,0,0,0,0,0,0,0,0,0,0,0,0,0,0,0
200751,Randy Foye,OKC,201605240OKC,"May 24, 2016",GSW,0,2,0,2,0.0,0.0,0.0,1,0,1,0,0,0,0,0,0,0,0,0,0,0,0,0,0,0,0,0,0,0,0,0
2733,Shaun Livingston,GSW,201605240OKC,"May 24, 2016",OKC,4,6,0,6,33.33,33.33,0.0,6,4,0,0,0,0,0,0,0,0,0,0,0,0,0,0,0,0,0,0,0,0,0,0
203105,Festus Ezeli,GSW,201605240OKC,"May 24, 2016",OKC,8,4,8,8,50.0,53.19,-3.19,4,6,0,0,1,1,0,0,0,0,0,0,0,0,0,0,0,0,0,0,0,0,3,1
202683,Enes Freedom,OKC,201605240OKC,"May 24, 2016",GSW,1,2,2,3,14.29,17.36,-3.07,1,0,1,0,1,1,0,0,0,0,0,0,0,0,0,0,0,0,0,0,0,0,0,0
201578,Marreese Speights,OKC,201605240OKC,"May 24, 2016",GSW,5,7,2,8,29.41,31.73,-2.32,6,4,1,0,1,1,0,0,0,0,0,0,0,0,0,0,0,0,0,0,0,0,0,0
203546,Ian Clark,GSW,201605240OKC,"May 24, 2016",OKC,0,1,0,1,0.0,0.0,0.0,1,0,0,0,0,0,0,0,0,0,0,0,0,0,0,0,0,0,0,0,0,0,0,0
2760,Anderson Varejao,GSW,201605240OKC,"May 24, 2016",OKC,0,1,0,1,0.0,0.0,0.0,1,0,0,0,0,0,0,0,0,0,0,0,0,0,0,0,0,0,0,0,0,0,0,0
2571,Leandro Barbosa,GSW,201605240OKC,"May 24, 2016",OKC,1,0,2,1,50.0,56.82,-6.82,0,0,0,0,0,0,0,0,0,0,0,0,0,0,0,0,0,0,0,0,0,0,1,1
1626166,Cameron Payne,OKC,201605240OKC,"May 24, 2016",GSW,0,1,0,1,0.0,0.0,0.0,1,0,0,0,0,0,0,0,0,0,0,0,0,0,0,0,0,0,0,0,0,0,0,0
202681,Kyrie Irving,CLE,201605250CLE,"May 25, 2016",TOR,23,17,5,20,56.1,59.9,-3.8,14,14,2,3,0,0,0,0,1,3,0,0,2,2,0,0,0,0,0,0,0,0,1,1
202684,Tristan Thompson,CLE,201605250CLE,"May 25, 2016",TOR,9,2,8,6,75.0,81.52,-6.52,2,4,0,0,4,5,0,0,0,0,0,0,0,0,0,0,0,0,0,0,0,0,0,0
201567,Kevin Love,CLE,201605250CLE,"May 25, 2016",TOR,25,10,6,13,83.33,98.89,-15.56,6,10,4,9,2,4,0,0,0,0,0,0,0,0,0,0,0,0,0,0,0,0,1,2
2449,Luis Scola,TOR,201605250CLE,"May 25, 2016",CLE,7,4,0,4,70.0,87.5,-17.5,2,4,2,3,0,0,0,0,0,0,0,0,0,0,0,0,0,0,0,0,0,0,0,0
2544,LeBron James,CLE,201605250CLE,"May 25, 2016",TOR,23,17,3,18,56.1,62.77,-6.67,12,14,4,6,1,1,0,0,1,2,0,0,0,0,0,0,0,0,0,0,0,0,0,0
200768,Kyle Lowry,TOR,201605250CLE,"May 25, 2016",CLE,13,12,6,15,38.24,44.4,-6.16,8,8,4,3,2,1,0,0,0,0,0,0,0,0,0,0,0,0,0,0,0,0,1,1
201960,DeMarre Carroll,TOR,201605250CLE,"May 25, 2016",CLE,5,7,1,7,26.32,33.6,-7.28,2,2,4,0,0,0,0,0,1,3,0,0,0,0,0,0,0,0,0,0,0,0,0,0
202687,Bismack Biyombo,TOR,201605250CLE,"May 25, 2016",CLE,7,3,3,4,77.78,81.02,-3.24,2,2,0,0,1,2,0,0,1,3,0,0,0,0,0,0,0,0,0,0,0,0,0,0
201942,DeMar DeRozan,TOR,201605250CLE,"May 25, 2016",CLE,14,8,12,14,50.0,52.71,-2.71,8,4,0,0,4,7,0,0,0,0,0,0,0,0,0,0,0,0,0,0,0,0,2,3
202685,Jonas Valančiūnas,TOR,201605250CLE,"May 25, 2016",CLE,9,4,2,5,90.0,92.21,-2.21,4,8,0,0,0,0,0,0,0,0,0,0,0,0,0,0,0,0,0,0,0,0,1,1
202335,Patrick Patterson,TOR,201605250CLE,"May 25, 2016",CLE,3,4,0,4,27.27,37.5,-10.23,1,0,3,3,0,0,0,0,0,0,0,0,0,0,0,0,0,0,0,0,0,0,0,0
2747,JR Smith,CLE,201605250CLE,"May 25, 2016",TOR,7,5,0,5,53.85,70.0,-16.15,2,4,3,3,0,0,0,0,0,0,0,0,0,0,0,0,0,0,0,0,0,0,0,0
202697,Iman Shumpert,CLE,201605250CLE,"May 25, 2016",TOR,0,1,0,1,0.0,0.0,0.0,0,0,1,0,0,0,0,0,0,0,0,0,0,0,0,0,0,0,0,0,0,0,0,0
202709,Cory Joseph,TOR,201605250CLE,"May 25, 2016",CLE,3,5,2,6,23.08,25.51,-2.43,4,2,1,0,1,1,0,0,0,0,0,0,0,0,0,0,0,0,0,0,0,0,0,0
203082,Terrence Ross,TOR,201605250CLE,"May 25, 2016",CLE,3,5,2,6,20.0,25.51,-5.51,2,2,3,0,1,1,0,0,0,0,0,0,0,0,0,0,0,0,0,0,0,0,0,0
2210,Richard Jefferson,CLE,201605250CLE,"May 25, 2016",TOR,11,9,2,10,50.0,55.67,-5.67,7,6,2,3,0,0,0,0,0,0,0,0,0,0,0,0,0,0,0,0,0,0,1,2
101112,Channing Frye,CLE,201605250CLE,"May 25, 2016",TOR,7,4,0,4,70.0,87.5,-17.5,2,4,2,3,0,0,0,0,0,0,0,0,0,0,0,0,0,0,0,0,0,0,0,0
2207,Joe Johnson,CLE,201605250CLE,"May 25, 2016",TOR,0,2,0,2,0.0,0.0,0.0,2,0,0,0,0,0,0,0,0,0,0,0,0,0,0,0,0,0,0,0,0,0,0,0
1626181,Norman Powell,TOR,201605250CLE,"May 25, 2016",CLE,6,9,0,9,33.33,33.33,0.0,9,6,0,0,0,0,0,0,0,0,0,0,0,0,0,0,0,0,0,0,0,0,0,0
202389,Timofey Mozgov,CLE,201605250CLE,"May 25, 2016",TOR,4,2,0,2,100.0,100.0,0.0,2,4,0,0,0,0,0,0,0,0,0,0,0,0,0,0,0,0,0,0,0,0,0,0
2590,Mo Williams,CLE,201605250CLE,"May 25, 2016",TOR,0,4,0,4,0.0,0.0,0.0,3,0,1,0,0,0,0,0,0,0,0,0,0,0,0,0,0,0,0,0,0,0,0,0
201574,Jason Thompson,TOR,201605250CLE,"May 25, 2016",CLE,2,3,2,4,25.0,25.77,-0.77,3,2,0,0,1,0,0,0,0,0,0,0,0,0,0,0,0,0,0,0,0,0,0,0
2592,James Jones,CLE,201605250CLE,"May 25, 2016",TOR,5,3,0,3,62.5,83.33,-20.83,1,2,2,3,0,0,0,0,0,0,0,0,0,0,0,0,0,0,0,0,0,0,0,0
1626153,Delon Wright,TOR,201605250CLE,"May 25, 2016",CLE,6,3,5,5,54.55,57.69,-3.14,2,2,0,0,1,1,0,0,1,2,0,0,0,0,0,0,0,0,0,0,0,0,1,1
2563,Dahntay Jones,CLE,201605250CLE,"May 25, 2016",TOR,2,3,0,3,33.33,33.33,0.0,3,2,0,0,0,0,0,0,0,0,0,0,0,0,0,0,0,0,0,0,0,0,0,0
203084,Harrison Barnes,GSW,201605260GSW,"May 26, 2016",OKC,6,7,0,7,37.5,42.86,-5.36,5,0,2,6,0,0,0,0,0,0,0,0,0,0,0,0,0,0,0,0,0,0,0,0
201142,Kevin Durant,OKC,201605260GSW,"May 26, 2016",GSW,40,31,13,37,46.51,54.47,-7.96,20,18,11,9,2,4,1,3,0,0,0,0,2,4,0,0,0,0,0,0,0,0,1,2
101106,Andrew Bogut,GSW,201605260GSW,"May 26, 2016",OKC,15,9,2,10,75.0,75.91,-0.91,9,14,0,0,0,0,0,0,0,0,0,0,0,0,0,0,0,0,0,0,0,0,1,1
202691,Klay Thompson,GSW,201605260GSW,"May 26, 2016",OKC,27,21,10,26,44.26,53.15,-8.89,12,12,9,6,3,5,0,0,0,0,0,0,0,0,0,0,0,0,0,0,0,0,2,4
203500,Steven Adams,OKC,201605260GSW,"May 26, 2016",GSW,8,6,1,6,61.54,62.11,-0.57,5,6,0,0,0,0,0,0,1,2,0,0,0,0,0,0,0,0,0,0,0,0,0,0
201566,Russell Westbrook,OKC,201605260GSW,"May 26, 2016",GSW,31,28,9,32,42.47,48.5,-6.03,19,14,8,9,4,6,0,0,1,2,0,0,0,0,0,0,0,0,0,0,0,0,0,0
203460,Andre Roberson,GSW,201605260GSW,"May 26, 2016",OKC,6,5,0,5,46.15,60.0,-13.85,2,0,3,6,0,0,0,0,0,0,0,0,0,0,0,0,0,0,0,0,0,0,0,0
201939,Stephen Curry,GSW,201605260GSW,"May 26, 2016",OKC,31,20,10,25,53.45,63.52,-10.07,11,10,8,9,2,4,0,0,1,3,0,0,1,1,0,0,0,0,0,0,0,0,2,4
203110,Draymond Green,GSW,201605260GSW,"May 26, 2016",OKC,11,10,3,11,44.0,48.59,-4.59,7,6,2,0,0,0,0,0,1,3,0,0,0,0,0,0,0,0,0,0,0,0,1,2
203079,Dion Waiters,OKC,201605260GSW,"May 26, 2016",GSW,0,4,0,4,0.0,0.0,0.0,3,0,1,0,0,0,0,0,0,0,0,0,0,0,0,0,0,0,0,0,0,0,0,0
201586,Serge Ibaka,OKC,201605260GSW,"May 26, 2016",GSW,13,10,0,10,52.0,65.0,-13.0,5,4,5,9,0,0,0,0,0,0,0,0,0,0,0,0,0,0,0,0,0,0,0,0
2738,Andre Iguodala,GSW,201605260GSW,"May 26, 2016",OKC,8,5,2,6,57.14,68.03,-10.89,3,4,2,3,0,0,0,0,0,0,0,0,0,0,0,0,0,0,0,0,0,0,1,1
200751,Randy Foye,OKC,201605260GSW,"May 26, 2016",GSW,2,1,0,1,100.0,100.0,0.0,1,2,0,0,0,0,0,0,0,0,0,0,0,0,0,0,0,0,0,0,0,0,0,0
2733,Shaun Livingston,GSW,201605260GSW,"May 26, 2016",OKC,6,6,0,6,50.0,50.0,0.0,6,6,0,0,0,0,0,0,0,0,0,0,0,0,0,0,0,0,0,0,0,0,0,0
202683,Enes Freedom,OKC,201605260GSW,"May 26, 2016",GSW,1,1,1,2,33.33,34.72,-1.39,1,0,0,0,0,0,0,0,0,0,0,0,0,0,0,0,0,0,0,0,1,1,0,0
201627,Anthony Morrow,OKC,201605260GSW,"May 26, 2016",GSW,10,4,0,4,100.0,125.0,-25.0,2,4,2,6,0,0,0,0,0,0,0,0,0,0,0,0,0,0,0,0,0,0,0,0
201578,Marreese Speights,GSW,201605260GSW,"May 26, 2016",OKC,14,7,5,8,70.0,76.09,-6.09,3,0,1,3,1,2,0,0,3,9,0,0,0,0,0,0,0,0,0,0,0,0,0,0
203105,Festus Ezeli,GSW,201605260GSW,"May 26, 2016",OKC,2,0,2,1,100.0,113.64,-13.64,0,0,0,0,1,2,0,0,0,0,0,0,0,0,0,0,0,0,0,0,0,0,0,0
1737,Nazr Mohammed,OKC,201605260GSW,"May 26, 2016",GSW,0,1,0,1,0.0,0.0,0.0,1,0,0,0,0,0,0,0,0,0,0,0,0,0,0,0,0,0,0,0,0,0,0,0
200768,Kyle Lowry,TOR,201605270TOR,"May 27, 2016",CLE,35,22,7,24,55.56,69.78,-14.22,8,6,12,18,1,2,1,3,2,6,0,0,0,0,0,0,0,0,0,0,0,0,0,0
202681,Kyrie Irving,TOR,201605270TOR,"May 27, 2016",CLE,30,24,5,26,52.63,57.25,-4.62,19,18,4,6,2,3,0,0,1,3,0,0,0,0,0,0,0,0,0,0,0,0,0,0
202687,Bismack Biyombo,TOR,201605270TOR,"May 27, 2016",CLE,4,4,4,6,33.33,34.72,-1.39,4,2,0,0,1,1,0,0,0,0,0,0,0,0,0,0,0,0,0,0,0,0,1,1
201942,DeMar DeRozan,TOR,201605270TOR,"May 27, 2016",CLE,20,18,2,19,51.28,52.97,-1.69,17,18,1,0,1,2,0,0,0,0,0,0,0,0,0,0,0,0,0,0,0,0,0,0
201567,Kevin Love,CLE,201605270TOR,"May 27, 2016",TOR,20,11,6,14,55.56,73.31,-17.75,3,2,8,12,1,2,0,0,0,0,0,0,0,0,1,2,0,0,0,0,0,0,1,2
201960,DeMarre Carroll,TOR,201605270TOR,"May 27, 2016",CLE,7,9,0,9,35.0,38.89,-3.89,7,4,2,3,0,0,0,0,0,0,0,0,0,0,0,0,0,0,0,0,0,0,0,0
2544,LeBron James,CLE,201605270TOR,"May 27, 2016",TOR,33,22,7,25,57.89,65.79,-7.9,16,20,6,9,2,2,1,2,0,0,0,0,0,0,0,0,0,0,0,0,0,0,0,0
2747,JR Smith,CLE,201605270TOR,"May 27, 2016",TOR,15,9,0,9,57.69,83.33,-25.64,1,0,8,15,0,0,0,0,0,0,0,0,0,0,0,0,0,0,0,0,0,0,0,0
202684,Tristan Thompson,CLE,201605270TOR,"May 27, 2016",TOR,2,1,0,1,100.0,100.0,0.0,1,2,0,0,0,0,0,0,0,0,0,0,0,0,0,0,0,0,0,0,0,0,0,0
2449,Luis Scola,CLE,201605270TOR,"May 27, 2016",TOR,0,1,0,1,0.0,0.0,0.0,0,0,1,0,0,0,0,0,0,0,0,0,0,0,0,0,0,0,0,0,0,0,0,0
202335,Patrick Patterson,TOR,201605270TOR,"May 27, 2016",CLE,9,9,4,11,33.33,41.82,-8.49,4,4,5,3,1,1,0,0,0,0,0,0,0,0,0,0,0,0,0,0,0,0,1,1
202685,Jonas Valančiūnas,TOR,201605270TOR,"May 27, 2016",CLE,6,5,0,5,60.0,60.0,0.0,5,6,0,0,0,0,0,0,0,0,0,0,0,0,0,0,0,0,0,0,0,0,0,0
101112,Channing Frye,CLE,201605270TOR,"May 27, 2016",TOR,6,3,0,3,66.67,100.0,-33.33,0,0,3,6,0,0,0,0,0,0,0,0,0,0,0,0,0,0,0,0,0,0,0,0
202709,Cory Joseph,TOR,201605270TOR,"May 27, 2016",CLE,2,3,0,3,28.57,33.33,-4.76,2,2,1,0,0,0,0,0,0,0,0,0,0,0,0,0,0,0,0,0,0,0,0,0
2210,Richard Jefferson,CLE,201605270TOR,"May 27, 2016",TOR,3,1,0,1,100.0,150.0,-50.0,0,0,1,3,0,0,0,0,0,0,0,0,0,0,0,0,0,0,0,0,0,0,0,0
203521,Matthew Dellavedova,CLE,201605270TOR,"May 27, 2016",TOR,4,2,3,4,50.0,60.24,-10.24,1,2,1,0,1,2,0,0,0,0,0,0,1,0,0,0,0,0,0,0,0,0,0,0
203082,Terrence Ross,TOR,201605270TOR,"May 27, 2016",CLE,0,1,0,1,0.0,0.0,0.0,0,0,1,0,0,0,0,0,0,0,0,0,0,0,0,0,0,0,0,0,0,0,0,0
201949,James Johnson,TOR,201605270TOR,"May 27, 2016",CLE,2,4,0,4,22.22,25.0,-2.78,3,2,1,0,0,0,0,0,0,0,0,0,0,0,0,0,0,0,0,0,0,0,0,0
1626181,Norman Powell,TOR,201605270TOR,"May 27, 2016",CLE,2,2,0,2,40.0,50.0,-10.0,1,2,1,0,0,0,0,0,0,0,0,0,0,0,0,0,0,0,0,0,0,0,0,0
1626153,Delon Wright,TOR,201605270TOR,"May 27, 2016",CLE,0,1,0,1,0.0,0.0,0.0,1,0,0,0,0,0,0,0,0,0,0,0,0,0,0,0,0,0,0,0,0,0,0,0
2563,Dahntay Jones,CLE,201605270TOR,"May 27, 2016",TOR,0,1,0,1,0.0,0.0,0.0,1,0,0,0,0,0,0,0,0,0,0,0,0,0,0,0,0,0,0,0,0,0,0,0
201142,Kevin Durant,OKC,201605280OKC,"May 28, 2016",GSW,29,31,10,36,36.25,40.96,-4.71,23,18,8,3,4,6,0,0,0,0,0,0,0,0,0,0,0,0,0,0,0,0,1,2
203460,Andre Roberson,OKC,201605280OKC,"May 28, 2016",GSW,11,5,2,6,91.67,93.54,-1.87,5,10,0,0,0,0,0,0,0,0,0,0,0,0,0,0,0,0,0,0,0,0,1,1
201586,Serge Ibaka,OKC,201605280OKC,"May 28, 2016",GSW,13,10,5,12,41.94,53.28,-11.34,3,6,6,3,1,1,0,0,1,3,0,0,0,0,0,0,0,0,0,0,0,0,1,0
203500,Steven Adams,OKC,201605280OKC,"May 28, 2016",GSW,9,6,5,8,52.94,54.88,-1.94,5,4,0,0,1,1,0,0,1,3,0,0,0,0,0,0,0,0,0,0,0,0,1,1
201939,Stephen Curry,GSW,201605280OKC,"May 28, 2016",OKC,31,22,9,26,46.97,59.71,-12.74,9,6,13,18,3,4,1,3,0,0,0,0,0,0,0,0,0,0,0,0,0,0,0,0
202691,Klay Thompson,GSW,201605280OKC,"May 28, 2016",OKC,41,30,2,31,51.25,66.39,-15.14,12,6,18,33,0,0,0,0,0,0,0,0,0,0,0,0,0,0,0,0,0,0,1,2
203110,Draymond Green,OKC,201605280OKC,"May 28, 2016",GSW,12,10,4,12,41.38,51.02,-9.64,5,4,5,6,2,2,0,0,0,0,0,0,0,0,0,0,0,0,0,0,0,0,0,0
101106,Andrew Bogut,GSW,201605280OKC,"May 28, 2016",OKC,5,4,4,6,41.67,43.4,-1.73,4,4,0,0,0,0,0,0,0,0,0,0,0,0,0,0,0,0,0,0,0,0,2,1
201566,Russell Westbrook,OKC,201605280OKC,"May 28, 2016",GSW,28,27,10,31,40.58,44.59,-4.01,21,18,5,0,3,6,1,1,1,3,0,0,0,0,0,0,0,0,0,0,0,0,0,0
203084,Harrison Barnes,GSW,201605280OKC,"May 28, 2016",OKC,9,6,1,6,56.25,69.88,-13.63,2,0,3,6,0,0,0,0,1,3,0,0,0,0,0,0,0,0,0,0,0,0,0,0
2738,Andre Iguodala,GSW,201605280OKC,"May 28, 2016",OKC,8,6,4,8,42.11,51.55,-9.44,3,6,3,0,1,1,0,0,0,0,0,0,0,0,0,0,0,0,0,0,0,0,1,1
202683,Enes Freedom,OKC,201605280OKC,"May 28, 2016",GSW,8,5,0,5,80.0,80.0,0.0,5,8,0,0,0,0,0,0,0,0,0,0,0,0,0,0,0,0,0,0,0,0,0,0
203079,Dion Waiters,OKC,201605280OKC,"May 28, 2016",GSW,3,5,0,5,23.08,30.0,-6.92,2,0,3,3,0,0,0,0,0,0,0,0,0,0,0,0,0,0,0,0,0,0,0,0
2733,Shaun Livingston,GSW,201605280OKC,"May 28, 2016",OKC,0,4,0,4,0.0,0.0,0.0,4,0,0,0,0,0,0,0,0,0,0,0,0,0,0,0,0,0,0,0,0,0,0,0
201578,Marreese Speights,GSW,201605280OKC,"May 28, 2016",OKC,0,4,0,4,0.0,0.0,0.0,2,0,2,0,0,0,0,0,0,0,0,0,0,0,0,0,0,0,0,0,0,0,0,0
201627,Anthony Morrow,OKC,201605280OKC,"May 28, 2016",GSW,0,1,0,1,0.0,0.0,0.0,0,0,1,0,0,0,0,0,0,0,0,0,0,0,0,0,0,0,0,0,0,0,0,0
203105,Festus Ezeli,GSW,201605280OKC,"May 28, 2016",OKC,2,1,0,1,100.0,100.0,0.0,1,2,0,0,0,0,0,0,0,0,0,0,0,0,0,0,0,0,0,0,0,0,0,0
203460,Andre Roberson,OKC,201605300GSW,"May 30, 2016",GSW,4,11,0,11,15.38,18.18,-2.8,7,4,4,0,0,0,0,0,0,0,0,0,0,0,0,0,0,0,0,0,0,0,0,0
203110,Draymond Green,GSW,201605300GSW,"May 30, 2016",OKC,11,14,0,14,33.33,39.29,-5.96,9,8,5,3,0,0,0,0,0,0,0,0,0,0,0,0,0,0,0,0,0,0,0,0
201566,Russell Westbrook,OKC,201605300GSW,"May 30, 2016",GSW,19,21,4,22,36.54,41.74,-5.2,13,6,6,6,1,1,0,0,2,6,0,0,0,0,0,0,0,0,0,0,0,0,0,0
203500,Steven Adams,OKC,201605300GSW,"May 30, 2016",GSW,9,11,2,12,37.5,37.88,-0.38,11,8,0,0,1,1,0,0,0,0,0,0,0,0,0,0,0,0,0,0,0,0,0,0
201939,Stephen Curry,GSW,201605300GSW,"May 30, 2016",OKC,36,24,3,25,57.14,71.09,-13.95,12,12,12,21,0,0,1,3,0,0,0,0,0,0,0,0,0,0,0,0,0,0,0,0
202691,Klay Thompson,GSW,201605300GSW,"May 30, 2016",OKC,21,19,2,20,41.18,52.82,-11.64,8,2,11,18,1,1,0,0,0,0,0,0,0,0,0,0,0,0,0,0,0,0,0,0
101106,Andrew Bogut,GSW,201605300GSW,"May 30, 2016",OKC,2,2,0,2,50.0,50.0,0.0,2,2,0,0,0,0,0,0,0,0,0,0,0,0,0,0,0,0,0,0,0,0,0,0
201586,Serge Ibaka,OKC,201605300GSW,"May 30, 2016",GSW,16,11,5,13,50.0,60.61,-10.61,5,4,5,6,1,2,0,0,1,2,0,0,0,0,0,0,0,0,0,0,0,0,1,2
2738,Andre Iguodala,GSW,201605300GSW,"May 30, 2016",OKC,7,7,2,8,35.0,44.42,-9.42,3,4,4,3,1,0,0,0,0,0,0,0,0,0,0,0,0,0,0,0,0,0,0,0
201142,Kevin Durant,OKC,201605300GSW,"May 30, 2016",GSW,27,19,4,21,55.1,65.03,-9.93,12,14,7,9,1,2,0,0,0,0,0,0,0,0,0,0,0,0,0,0,0,0,1,2
203084,Harrison Barnes,GSW,201605300GSW,"May 30, 2016",OKC,5,6,0,6,31.25,41.67,-10.42,2,2,4,3,0,0,0,0,0,0,0,0,0,0,0,0,0,0,0,0,0,0,0,0
203079,Dion Waiters,OKC,201605300GSW,"May 30, 2016",GSW,5,9,2,10,20.0,25.3,-5.3,4,4,5,0,1,1,0,0,0,0,0,0,0,0,0,0,0,0,0,0,0,0,0,0
2733,Shaun Livingston,GSW,201605300GSW,"May 30, 2016",OKC,5,4,1,4,55.56,56.31,-0.75,3,2,0,0,0,0,0,0,1,3,0,0,0,0,0,0,0,0,0,0,0,0,0,0
203105,Festus Ezeli,GSW,201605300GSW,"May 30, 2016",OKC,2,3,0,3,33.33,33.33,0.0,3,2,0,0,0,0,0,0,0,0,0,0,0,0,0,0,0,0,0,0,0,0,0,0
202683,Enes Freedom,OKC,201605300GSW,"May 30, 2016",GSW,8,7,0,7,57.14,57.14,0.0,7,8,0,0,0,0,0,0,0,0,0,0,0,0,0,0,0,0,0,0,0,0,0,0
201578,Marreese Speights,GSW,201605300GSW,"May 30, 2016",OKC,3,3,0,3,42.86,50.0,-7.14,2,0,1,3,0,0,0,0,0,0,0,0,0,0,0,0,0,0,0,0,0,0,0,0
2760,Anderson Varejao,GSW,201605300GSW,"May 30, 2016",OKC,2,1,0,1,100.0,100.0,0.0,1,2,0,0,0,0,0,0,0,0,0,0,0,0,0,0,0,0,0,0,0,0,0,0
2571,Leandro Barbosa,GSW,201605300GSW,"May 30, 2016",OKC,2,2,0,2,50.0,50.0,0.0,2,2,0,0,0,0,0,0,0,0,0,0,0,0,0,0,0,0,0,0,0,0,0,0
203110,Draymond Green,GSW,201606020GSW,"Jun 2, 2016",CLE,16,11,4,13,50.0,62.7,-12.7,5,6,6,6,2,4,0,0,0,0,0,0,0,0,0,0,0,0,0,0,0,0,0,0
2544,LeBron James,CLE,201606020GSW,"Jun 2, 2016",GSW,23,21,4,23,46.0,50.53,-4.53,17,14,4,6,1,1,0,0,0,0,0,0,0,0,0,0,0,0,0,0,0,0,1,2
201567,Kevin Love,CLE,201606020GSW,"Jun 2, 2016",GSW,17,17,1,17,42.5,48.74,-6.24,11,8,5,6,0,0,0,0,1,3,0,0,0,0,0,0,0,0,0,0,0,0,0,0
101106,Andrew Bogut,GSW,201606020GSW,"Jun 2, 2016",CLE,10,7,0,7,71.43,71.43,0.0,7,10,0,0,0,0,0,0,0,0,0,0,0,0,0,0,0,0,0,0,0,0,0,0
202681,Kyrie Irving,CLE,201606020GSW,"Jun 2, 2016",GSW,26,22,12,28,43.33,47.65,-4.32,17,10,4,3,3,6,0,0,1,3,0,0,1,1,0,0,0,0,0,0,0,0,2,3
202691,Klay Thompson,GSW,201606020GSW,"Jun 2, 2016",CLE,9,12,1,12,30.0,36.17,-6.17,6,4,5,3,0,0,0,0,1,2,0,0,0,0,0,0,0,0,0,0,0,0,0,0
2747,JR Smith,CLE,201606020GSW,"Jun 2, 2016",GSW,3,3,0,3,33.33,50.0,-16.67,0,0,3,3,0,0,0,0,0,0,0,0,0,0,0,0,0,0,0,0,0,0,0,0
203084,Harrison Barnes,GSW,201606020GSW,"Jun 2, 2016",CLE,13,10,1,10,56.52,62.26,-5.74,7,10,2,0,0,0,0,0,1,3,0,0,0,0,0,0,0,0,0,0,0,0,0,0
202684,Tristan Thompson,GSW,201606020GSW,"Jun 2, 2016",CLE,10,11,0,11,45.45,45.45,0.0,11,10,0,0,0,0,0,0,0,0,0,0,0,0,0,0,0,0,0,0,0,0,0,0
201939,Stephen Curry,GSW,201606020GSW,"Jun 2, 2016",CLE,11,15,0,15,28.95,36.67,-7.72,7,2,8,9,0,0,0,0,0,0,0,0,0,0,0,0,0,0,0,0,0,0,0,0
2738,Andre Iguodala,GSW,201606020GSW,"Jun 2, 2016",CLE,12,9,0,9,54.55,66.67,-12.12,5,6,4,6,0,0,0,0,0,0,0,0,0,0,0,0,0,0,0,0,0,0,0,0
203105,Festus Ezeli,GSW,201606020GSW,"Jun 2, 2016",CLE,2,4,0,4,25.0,25.0,0.0,4,2,0,0,0,0,0,0,0,0,0,0,0,0,0,0,0,0,0,0,0,0,0,0
2733,Shaun Livingston,GSW,201606020GSW,"Jun 2, 2016",CLE,20,10,4,12,83.33,85.03,-1.7,10,16,0,0,2,4,0,0,0,0,0,0,0,0,0,0,0,0,0,0,0,0,0,0
101112,Channing Frye,CLE,201606020GSW,"Jun 2, 2016",GSW,2,1,2,2,40.0,53.19,-13.19,0,0,1,0,1,2,0,0,0,0,0,0,0,0,0,0,0,0,0,0,0,0,0,0
202697,Iman Shumpert,CLE,201606020GSW,"Jun 2, 2016",GSW,3,1,0,1,100.0,150.0,-50.0,0,0,1,3,0,0,0,0,0,0,0,0,0,0,0,0,0,0,0,0,0,0,0,0
2760,Anderson Varejao,GSW,201606020GSW,"Jun 2, 2016",CLE,0,1,0,1,0.0,0.0,0.0,1,0,0,0,0,0,0,0,0,0,0,0,0,0,0,0,0,0,0,0,0,0,0,0
2571,Leandro Barbosa,GSW,201606020GSW,"Jun 2, 2016",CLE,11,5,0,5,100.0,110.0,-10.0,4,8,1,3,0,0,0,0,0,0,0,0,0,0,0,0,0,0,0,0,0,0,0,0
203521,Matthew Dellavedova,CLE,201606020GSW,"Jun 2, 2016",GSW,2,3,0,3,28.57,33.33,-4.76,2,2,1,0,0,0,0,0,0,0,0,0,0,0,0,0,0,0,0,0,0,0,0,0
2210,Richard Jefferson,CLE,201606020GSW,"Jun 2, 2016",GSW,3,3,1,3,37.5,43.6,-6.1,1,0,1,0,0,0,0,0,1,3,0,0,0,0,0,0,0,0,0,0,0,0,0,0
2590,Mo Williams,CLE,201606020GSW,"Jun 2, 2016",GSW,0,2,0,2,0.0,0.0,0.0,1,0,1,0,0,0,0,0,0,0,0,0,0,0,0,0,0,0,0,0,0,0,0,0
201578,Marreese Speights,GSW,201606020GSW,"Jun 2, 2016",CLE,0,2,0,2,0.0,0.0,0.0,1,0,1,0,0,0,0,0,0,0,0,0,0,0,0,0,0,0,0,0,0,0,0,0
201575,Brandon Rush,GSW,201606020GSW,"Jun 2, 2016",CLE,0,1,0,1,0.0,0.0,0.0,1,0,0,0,0,0,0,0,0,0,0,0,0,0,0,0,0,0,0,0,0,0,0,0
202681,Kyrie Irving,CLE,201606050GSW,"Jun 5, 2016",GSW,10,14,0,14,32.26,35.71,-3.45,11,10,3,0,0,0,0,0,0,0,0,0,0,0,0,0,0,0,0,0,0,0,0,0
203084,Harrison Barnes,GSW,201606050GSW,"Jun 5, 2016",CLE,5,7,2,8,27.78,31.73,-3.95,5,4,2,0,1,1,0,0,0,0,0,0,0,0,0,0,0,0,0,0,0,0,0,0
2544,LeBron James,CLE,201606050GSW,"Jun 5, 2016",GSW,19,17,4,19,44.19,50.64,-6.45,12,12,5,3,2,4,0,0,0,0,0,0,0,0,0,0,0,0,0,0,0,0,0,0
203110,Draymond Green,GSW,201606050GSW,"Jun 5, 2016",CLE,28,20,1,20,57.14,68.49,-11.35,11,10,8,15,0,0,0,0,1,3,0,0,0,0,0,0,0,0,0,0,0,0,0,0
201567,Kevin Love,CLE,201606050GSW,"Jun 5, 2016",GSW,5,7,0,7,27.78,35.71,-7.93,3,2,4,3,0,0,0,0,0,0,0,0,0,0,0,0,0,0,0,0,0,0,0,0
201939,Stephen Curry,GSW,201606050GSW,"Jun 5, 2016",CLE,18,11,0,11,60.0,81.82,-21.82,3,6,8,12,0,0,0,0,0,0,0,0,0,0,0,0,0,0,0,0,0,0,0,0
2747,JR Smith,CLE,201606050GSW,"Jun 5, 2016",GSW,5,6,2,7,27.78,36.34,-8.56,2,2,4,3,1,0,0,0,0,0,0,0,0,0,0,0,0,0,0,0,0,0,0,0
101106,Andrew Bogut,GSW,201606050GSW,"Jun 5, 2016",CLE,2,4,0,4,25.0,25.0,0.0,4,2,0,0,0,0,0,0,0,0,0,0,0,0,0,0,0,0,0,0,0,0,0,0
202684,Tristan Thompson,CLE,201606050GSW,"Jun 5, 2016",GSW,8,8,2,9,44.44,45.05,-0.61,8,6,0,0,0,0,0,0,0,0,0,0,0,0,0,0,0,0,0,0,0,0,1,2
202691,Klay Thompson,GSW,201606050GSW,"Jun 5, 2016",CLE,17,13,1,13,48.57,63.24,-14.67,4,2,8,12,0,0,0,0,1,3,0,0,0,0,0,0,0,0,0,0,0,0,0,0
2738,Andre Iguodala,GSW,201606050GSW,"Jun 5, 2016",CLE,7,6,3,7,41.18,47.81,-6.63,3,4,2,0,1,1,0,0,1,2,0,0,0,0,0,0,0,0,0,0,0,0,0,0
2733,Shaun Livingston,GSW,201606050GSW,"Jun 5, 2016",CLE,7,4,1,4,77.78,78.83,-1.05,3,4,0,0,0,0,0,0,1,3,0,0,0,0,0,0,0,0,0,0,0,0,0,0
203105,Festus Ezeli,GSW,201606050GSW,"Jun 5, 2016",CLE,6,3,2,4,75.0,77.32,-2.32,3,4,0,0,0,0,0,0,0,0,0,0,0,0,0,0,0,0,0,0,0,0,1,2
2210,Richard Jefferson,CLE,201606050GSW,"Jun 5, 2016",GSW,12,6,6,9,66.67,69.44,-2.77,6,8,0,0,2,3,0,0,0,0,0,0,0,0,0,0,0,0,0,0,0,0,1,1
2571,Leandro Barbosa,GSW,201606050GSW,"Jun 5, 2016",CLE,10,7,0,7,62.5,71.43,-8.93,5,10,2,0,0,0,0,0,0,0,0,0,0,0,0,0,0,0,0,0,0,0,0,0
203521,Matthew Dellavedova,CLE,201606050GSW,"Jun 5, 2016",GSW,7,9,2,10,31.82,35.43,-3.61,7,2,2,3,1,2,0,0,0,0,0,0,0,0,0,0,0,0,0,0,0,0,0,0
202697,Iman Shumpert,CLE,201606050GSW,"Jun 5, 2016",GSW,3,3,0,3,33.33,50.0,-16.67,0,0,3,3,0,0,0,0,0,0,0,0,0,0,0,0,0,0,0,0,0,0,0,0
101112,Channing Frye,CLE,201606050GSW,"Jun 5, 2016",GSW,0,1,0,1,0.0,0.0,0.0,1,0,0,0,0,0,0,0,0,0,0,0,0,0,0,0,0,0,0,0,0,0,0,0
202389,Timofey Mozgov,CLE,201606050GSW,"Jun 5, 2016",GSW,5,3,4,5,50.0,52.52,-2.52,3,2,0,0,1,2,0,0,0,0,0,0,0,0,0,0,0,0,0,0,0,0,1,1
2592,James Jones,CLE,201606050GSW,"Jun 5, 2016",GSW,0,0,2,1,0.0,0.0,0.0,0,0,0,0,0,0,0,0,0,0,0,0,0,0,0,0,0,0,0,0,0,0,1,0
2590,Mo Williams,CLE,201606050GSW,"Jun 5, 2016",GSW,0,3,0,3,0.0,0.0,0.0,1,0,2,0,0,0,0,0,0,0,0,0,0,0,0,0,0,0,0,0,0,0,0,0
203546,Ian Clark,GSW,201606050GSW,"Jun 5, 2016",CLE,7,4,0,4,70.0,87.5,-17.5,2,4,2,3,0,0,0,0,0,0,0,0,0,0,0,0,0,0,0,0,0,0,0,0
2563,Dahntay Jones,CLE,201606050GSW,"Jun 5, 2016",GSW,3,2,2,3,50.0,52.08,-2.08,2,2,0,0,1,1,0,0,0,0,0,0,0,0,0,0,0,0,0,0,0,0,0,0
201578,Marreese Speights,GSW,201606050GSW,"Jun 5, 2016",CLE,3,2,0,2,60.0,75.0,-15.0,1,0,1,3,0,0,0,0,0,0,0,0,0,0,0,0,0,0,0,0,0,0,0,0
203110,Draymond Green,GSW,201606080CLE,"Jun 8, 2016",CLE,6,8,4,10,25.0,30.74,-5.74,4,4,4,0,2,2,0,0,0,0,0,0,0,0,0,0,0,0,0,0,0,0,0,0
2210,Richard Jefferson,CLE,201606080CLE,"Jun 8, 2016",GSW,9,7,0,7,52.94,64.29,-11.35,4,6,3,3,0,0,0,0,0,0,0,0,0,0,0,0,0,0,0,0,0,0,0,0
2747,JR Smith,CLE,201606080CLE,"Jun 8, 2016",GSW,20,13,2,14,52.63,72.05,-19.42,3,4,10,15,1,1,0,0,0,0,0,0,0,0,0,0,0,0,0,0,0,0,0,0
201939,Stephen Curry,GSW,201606080CLE,"Jun 8, 2016",CLE,19,13,4,14,48.72,64.36,-15.64,2,2,8,6,0,0,0,0,2,6,1,4,1,1,0,0,0,0,0,0,0,0,0,0
2544,LeBron James,CLE,201606080CLE,"Jun 8, 2016",GSW,32,26,5,29,54.24,56.74,-2.5,24,26,2,3,1,2,0,0,0,0,0,0,0,0,0,0,0,0,0,0,0,0,2,1
202681,Kyrie Irving,CLE,201606080CLE,"Jun 8, 2016",GSW,30,25,3,26,50.0,56.99,-6.99,17,16,7,9,1,2,0,0,1,3,0,0,0,0,0,0,0,0,0,0,0,0,0,0
202691,Klay Thompson,GSW,201606080CLE,"Jun 8, 2016",CLE,10,13,3,14,27.78,34.92,-7.14,5,4,7,3,1,0,0,0,1,3,0,0,0,0,0,0,0,0,0,0,0,0,0,0
101106,Andrew Bogut,GSW,201606080CLE,"Jun 8, 2016",CLE,4,6,0,6,30.77,33.33,-2.56,5,4,1,0,0,0,0,0,0,0,0,0,0,0,0,0,0,0,0,0,0,0,0,0
202684,Tristan Thompson,CLE,201606080CLE,"Jun 8, 2016",GSW,14,6,5,8,82.35,85.37,-3.02,5,8,0,0,2,4,0,0,1,2,0,0,0,0,0,0,0,0,0,0,0,0,0,0
2738,Andre Iguodala,GSW,201606080CLE,"Jun 8, 2016",CLE,11,7,0,7,68.75,78.57,-9.82,5,8,2,3,0,0,0,0,0,0,0,0,0,0,0,0,0,0,0,0,0,0,0,0
202697,Iman Shumpert,CLE,201606080CLE,"Jun 8, 2016",GSW,3,5,0,5,25.0,30.0,-5.0,3,0,2,3,0,0,0,0,0,0,0,0,0,0,0,0,0,0,0,0,0,0,0,0
203105,Festus Ezeli,GSW,201606080CLE,"Jun 8, 2016",CLE,0,1,0,1,0.0,0.0,0.0,1,0,0,0,0,0,0,0,0,0,0,0,0,0,0,0,0,0,0,0,0,0,0,0
2733,Shaun Livingston,GSW,201606080CLE,"Jun 8, 2016",CLE,5,3,2,4,62.5,64.43,-1.93,3,4,0,0,1,1,0,0,0,0,0,0,0,0,0,0,0,0,0,0,0,0,0,0
202389,Timofey Mozgov,CLE,201606080CLE,"Jun 8, 2016",GSW,2,2,0,2,50.0,50.0,0.0,2,2,0,0,0,0,0,0,0,0,0,0,0,0,0,0,0,0,0,0,0,0,0,0
203084,Harrison Barnes,GSW,201606080CLE,"Jun 8, 2016",CLE,18,11,3,12,60.0,73.05,-13.05,5,8,5,6,0,0,0,0,1,3,0,0,0,0,0,0,0,0,0,0,0,0,1,1
201578,Marreese Speights,GSW,201606080CLE,"Jun 8, 2016",CLE,5,4,2,5,41.67,51.23,-9.56,2,0,2,3,1,2,0,0,0,0,0,0,0,0,0,0,0,0,0,0,0,0,0,0
203521,Matthew Dellavedova,CLE,201606080CLE,"Jun 8, 2016",GSW,2,2,0,2,50.0,50.0,0.0,2,2,0,0,0,0,0,0,0,0,0,0,0,0,0,0,0,0,0,0,0,0,0,0
2571,Leandro Barbosa,GSW,201606080CLE,"Jun 8, 2016",CLE,8,5,6,8,47.06,52.36,-5.3,4,4,1,0,1,1,0,0,0,0,0,0,0,0,0,0,0,0,0,0,0,0,2,3
2760,Anderson Varejao,GSW,201606080CLE,"Jun 8, 2016",CLE,1,1,2,2,25.0,26.6,-1.6,1,0,0,0,0,0,0,0,0,0,0,0,0,0,0,0,0,0,0,0,0,0,1,1
201575,Brandon Rush,GSW,201606080CLE,"Jun 8, 2016",CLE,0,1,0,1,0.0,0.0,0.0,1,0,0,0,0,0,0,0,0,0,0,0,0,0,0,0,0,0,0,0,0,0,0,0
203546,Ian Clark,GSW,201606080CLE,"Jun 8, 2016",CLE,3,3,0,3,37.5,50.0,-12.5,1,0,2,3,0,0,0,0,0,0,0,0,0,0,0,0,0,0,0,0,0,0,0,0
2590,Mo Williams,CLE,201606080CLE,"Jun 8, 2016",GSW,3,2,0,2,60.0,75.0,-15.0,1,0,1,3,0,0,0,0,0,0,0,0,0,0,0,0,0,0,0,0,0,0,0,0
2563,Dahntay Jones,CLE,201606080CLE,"Jun 8, 2016",GSW,0,1,0,1,0.0,0.0,0.0,1,0,0,0,0,0,0,0,0,0,0,0,0,0,0,0,0,0,0,0,0,0,0,0
2592,James Jones,CLE,201606080CLE,"Jun 8, 2016",GSW,1,0,2,1,50.0,56.82,-6.82,0,0,0,0,0,0,0,0,0,0,0,0,0,0,0,0,0,0,0,0,0,0,1,1
203895,Jordan McRae,CLE,201606080CLE,"Jun 8, 2016",GSW,4,2,0,2,100.0,100.0,0.0,2,4,0,0,0,0,0,0,0,0,0,0,0,0,0,0,0,0,0,0,0,0,0,0
203110,Draymond Green,GSW,201606100CLE,"Jun 10, 2016",CLE,9,9,8,13,30.0,35.94,-5.94,5,4,4,0,4,5,0,0,0,0,0,0,0,0,0,0,0,0,0,0,0,0,0,0
203084,Harrison Barnes,GSW,201606100CLE,"Jun 10, 2016",CLE,14,11,0,11,51.85,63.64,-11.79,6,2,5,12,0,0,0,0,0,0,0,0,0,0,0,0,0,0,0,0,0,0,0,0
202681,Kyrie Irving,CLE,201606100CLE,"Jun 10, 2016",GSW,34,28,5,31,50.75,56.29,-5.54,21,22,6,6,1,1,0,0,1,3,0,0,2,2,0,0,0,0,0,0,0,0,0,0
2747,JR Smith,CLE,201606100CLE,"Jun 10, 2016",GSW,10,10,2,11,33.33,45.96,-12.63,2,2,8,6,0,0,0,0,0,0,0,0,0,0,0,0,0,0,0,0,0,0,1,2
202684,Tristan Thompson,CLE,201606100CLE,"Jun 10, 2016",GSW,10,7,5,9,52.63,54.35,-1.72,6,8,0,0,1,0,0,0,1,2,0,0,0,0,0,0,0,0,0,0,0,0,1,0
2210,Richard Jefferson,GSW,201606100CLE,"Jun 10, 2016",CLE,3,2,2,3,50.0,52.08,-2.08,2,2,0,0,1,1,0,0,0,0,0,0,0,0,0,0,0,0,0,0,0,0,0,0
2544,LeBron James,CLE,201606100CLE,"Jun 10, 2016",GSW,25,21,4,23,49.02,54.92,-5.9,16,20,5,3,1,1,0,0,0,0,0,0,0,0,0,0,0,0,0,0,0,0,1,1
201939,Stephen Curry,CLE,201606100CLE,"Jun 10, 2016",GSW,38,25,10,30,52.05,64.63,-12.58,12,8,13,21,1,1,0,0,0,0,0,0,0,0,0,0,0,0,0,0,0,0,4,8
202691,Klay Thompson,GSW,201606100CLE,"Jun 10, 2016",CLE,25,14,7,17,56.82,73.19,-16.37,4,4,9,12,1,2,0,0,1,3,0,0,0,0,0,0,0,0,0,0,0,0,2,4
2738,Andre Iguodala,GSW,201606100CLE,"Jun 10, 2016",CLE,10,12,0,12,34.48,41.67,-7.19,7,4,5,6,0,0,0,0,0,0,0,0,0,0,0,0,0,0,0,0,0,0,0,0
201567,Kevin Love,CLE,201606100CLE,"Jun 10, 2016",GSW,11,6,6,9,55.0,63.66,-8.66,4,4,2,3,2,2,0,0,0,0,0,0,0,0,0,0,0,0,0,0,0,0,1,2
2733,Shaun Livingston,GSW,201606100CLE,"Jun 10, 2016",CLE,8,8,2,9,44.44,45.05,-0.61,8,6,0,0,0,0,0,0,0,0,0,0,0,0,0,0,0,0,0,0,0,0,1,2
202697,Iman Shumpert,CLE,201606100CLE,"Jun 10, 2016",GSW,2,5,0,5,15.38,20.0,-4.62,2,2,3,0,0,0,0,0,0,0,0,0,0,0,0,0,0,0,0,0,0,0,0,0
203949,James Michael McAdoo,GSW,201606100CLE,"Jun 10, 2016",CLE,2,1,0,1,100.0,100.0,0.0,1,2,0,0,0,0,0,0,0,0,0,0,0,0,0,0,0,0,0,0,0,0,0,0
203521,Matthew Dellavedova,CLE,201606100CLE,"Jun 10, 2016",GSW,2,1,2,2,40.0,53.19,-13.19,0,0,1,0,1,2,0,0,0,0,0,0,0,0,0,0,0,0,0,0,0,0,0,0
101112,Channing Frye,CLE,201606100CLE,"Jun 10, 2016",GSW,0,1,0,1,0.0,0.0,0.0,1,0,0,0,0,0,0,0,0,0,0,0,0,0,0,0,0,0,0,0,0,0,0,0
203105,Festus Ezeli,GSW,201606100CLE,"Jun 10, 2016",CLE,0,0,2,1,0.0,0.0,0.0,0,0,0,0,1,0,0,0,0,0,0,0,0,0,0,0,0,0,0,0,0,0,0,0
2760,Anderson Varejao,GSW,201606100CLE,"Jun 10, 2016",CLE,2,1,2,2,50.0,53.19,-3.19,1,0,0,0,0,0,0,0,0,0,0,0,0,0,0,0,0,0,0,0,0,0,1,2
2544,LeBron James,CLE,201606130GSW,"Jun 13, 2016",GSW,41,30,8,33,53.95,61.16,-7.21,20,20,8,12,2,2,0,0,2,6,0,0,0,0,0,0,0,0,0,0,0,0,1,1
2738,Andre Iguodala,GSW,201606130GSW,"Jun 13, 2016",CLE,15,13,2,14,46.88,54.03,-7.15,9,10,4,3,1,2,0,0,0,0,0,0,0,0,0,0,0,0,0,0,0,0,0,0
202681,Kyrie Irving,CLE,201606130GSW,"Jun 13, 2016",GSW,41,24,2,24,71.93,82.4,-10.47,15,20,7,15,0,0,0,0,2,6,0,0,0,0,0,0,0,0,0,0,0,0,0,0
202691,Klay Thompson,GSW,201606130GSW,"Jun 13, 2016",CLE,37,20,9,24,61.67,77.21,-15.54,9,10,11,18,3,6,1,3,0,0,0,0,0,0,0,0,0,0,0,0,0,0,0,0
201939,Stephen Curry,GSW,201606130GSW,"Jun 13, 2016",CLE,25,21,4,23,41.67,54.92,-13.25,7,6,14,15,2,4,0,0,0,0,0,0,0,0,0,0,0,0,0,0,0,0,0,0
201567,Kevin Love,CLE,201606130GSW,"Jun 13, 2016",GSW,2,5,0,5,15.38,20.0,-4.62,2,2,3,0,0,0,0,0,0,0,0,0,0,0,0,0,0,0,0,0,0,0,0,0
2747,JR Smith,CLE,201606130GSW,"Jun 13, 2016",GSW,10,9,3,10,43.48,48.45,-4.97,6,2,2,3,0,0,0,0,1,3,0,0,0,0,0,0,0,0,0,0,0,0,1,2
203084,Harrison Barnes,CLE,201606130GSW,"Jun 13, 2016",GSW,5,14,2,15,13.89,16.8,-2.91,8,2,6,3,1,0,0,0,0,0,0,0,0,0,0,0,0,0,0,0,0,0,0,0
203105,Festus Ezeli,GSW,201606130GSW,"Jun 13, 2016",CLE,2,3,0,3,33.33,33.33,0.0,3,2,0,0,0,0,0,0,0,0,0,0,0,0,0,0,0,0,0,0,0,0,0,0
202684,Tristan Thompson,CLE,201606130GSW,"Jun 13, 2016",GSW,6,3,10,8,37.5,40.54,-3.04,3,2,0,0,2,1,0,0,0,0,0,0,0,0,0,0,0,0,0,0,0,0,3,3
2571,Leandro Barbosa,GSW,201606130GSW,"Jun 13, 2016",CLE,3,3,0,3,37.5,50.0,-12.5,1,0,2,3,0,0,0,0,0,0,0,0,0,0,0,0,0,0,0,0,0,0,0,0
2210,Richard Jefferson,CLE,201606130GSW,"Jun 13, 2016",GSW,8,6,0,6,61.54,66.67,-5.13,5,8,1,0,0,0,0,0,0,0,0,0,0,0,0,0,0,0,0,0,0,0,0,0
2733,Shaun Livingston,GSW,201606130GSW,"Jun 13, 2016",CLE,7,7,1,7,43.75,47.04,-3.29,5,4,1,0,0,0,0,0,1,3,0,0,0,0,0,0,0,0,0,0,0,0,0,0
2760,Anderson Varejao,GSW,201606130GSW,"Jun 13, 2016",CLE,3,0,8,4,37.5,42.61,-5.11,0,0,0,0,0,0,0,0,0,0,0,0,0,0,0,0,0,0,0,0,0,0,4,3
203521,Matthew Dellavedova,CLE,201606130GSW,"Jun 13, 2016",GSW,0,2,0,2,0.0,0.0,0.0,0,0,2,0,0,0,0,0,0,0,0,0,0,0,0,0,0,0,0,0,0,0,0,0
202697,Iman Shumpert,CLE,201606130GSW,"Jun 13, 2016",GSW,4,4,0,4,44.44,50.0,-5.56,3,4,1,0,0,0,0,0,0,0,0,0,0,0,0,0,0,0,0,0,0,0,0,0
201578,Marreese Speights,GSW,201606130GSW,"Jun 13, 2016",CLE,0,6,0,6,0.0,0.0,0.0,3,0,3,0,0,0,0,0,0,0,0,0,0,0,0,0,0,0,0,0,0,0,0,0
201575,Brandon Rush,GSW,201606130GSW,"Jun 13, 2016",CLE,0,1,0,1,0.0,0.0,0.0,0,0,1,0,0,0,0,0,0,0,0,0,0,0,0,0,0,0,0,0,0,0,0,0
2747,JR Smith,CLE,201606160CLE,"Jun 16, 2016",GSW,14,11,0,11,43.75,63.64,-19.89,1,2,10,12,0,0,0,0,0,0,0,0,0,0,0,0,0,0,0,0,0,0,0,0
201567,Kevin Love,GSW,201606160CLE,"Jun 16, 2016",CLE,7,3,6,6,50.0,62.06,-12.06,1,0,2,3,3,4,0,0,0,0,0,0,0,0,0,0,0,0,0,0,0,0,0,0
202691,Klay Thompson,GSW,201606160CLE,"Jun 16, 2016",CLE,25,21,7,24,42.37,51.91,-9.54,11,12,10,9,2,2,1,2,0,0,0,0,0,0,0,0,0,0,0,0,0,0,0,0
203110,Draymond Green,CLE,201606160CLE,"Jun 16, 2016",GSW,8,7,2,8,44.44,50.76,-6.32,5,6,2,0,1,2,0,0,0,0,0,0,0,0,0,0,0,0,0,0,0,0,0,0
2544,LeBron James,CLE,201606160CLE,"Jun 16, 2016",GSW,41,27,8,31,60.29,67.17,-6.88,21,26,6,9,3,4,0,0,0,0,0,0,0,0,0,0,0,0,0,0,0,0,1,2
203084,Harrison Barnes,GSW,201606160CLE,"Jun 16, 2016",CLE,0,8,0,8,0.0,0.0,0.0,3,0,5,0,0,0,0,0,0,0,0,0,0,0,0,0,0,0,0,0,0,0,0,0
201939,Stephen Curry,CLE,201606160CLE,"Jun 16, 2016",GSW,30,20,9,24,48.39,62.6,-14.21,6,2,13,18,2,3,0,0,1,3,0,0,0,0,0,0,0,0,0,0,0,0,2,4
202684,Tristan Thompson,CLE,201606160CLE,"Jun 16, 2016",GSW,15,6,4,8,93.75,96.65,-2.9,6,12,0,0,2,3,0,0,0,0,0,0,0,0,0,0,0,0,0,0,0,0,0,0
2210,Richard Jefferson,CLE,201606160CLE,"Jun 16, 2016",GSW,3,3,2,4,33.33,38.66,-5.33,2,2,1,0,0,0,0,0,0,0,0,0,0,0,0,0,0,0,0,0,0,0,1,1
202681,Kyrie Irving,CLE,201606160CLE,"Jun 16, 2016",GSW,23,18,7,22,47.92,54.55,-6.63,13,10,5,6,2,4,0,0,0,0,0,0,1,1,0,0,0,0,0,0,0,0,1,2
2738,Andre Iguodala,GSW,201606160CLE,"Jun 16, 2016",CLE,5,5,2,6,33.33,42.52,-9.19,2,2,3,3,1,0,0,0,0,0,0,0,0,0,0,0,0,0,0,0,0,0,0,0
203105,Festus Ezeli,GSW,201606160CLE,"Jun 16, 2016",CLE,4,5,0,5,40.0,40.0,0.0,5,4,0,0,0,0,0,0,0,0,0,0,0,0,0,0,0,0,0,0,0,0,0,0
2733,Shaun Livingston,GSW,201606160CLE,"Jun 16, 2016",CLE,3,6,2,7,21.43,21.8,-0.37,6,2,0,0,0,0,0,0,0,0,0,0,0,0,0,0,0,0,0,0,0,0,1,1
2590,Mo Williams,CLE,201606160CLE,"Jun 16, 2016",GSW,4,2,0,2,100.0,100.0,0.0,2,4,0,0,0,0,0,0,0,0,0,0,0,0,0,0,0,0,0,0,0,0,0,0
202697,Iman Shumpert,CLE,201606160CLE,"Jun 16, 2016",GSW,0,2,0,2,0.0,0.0,0.0,0,0,2,0,0,0,0,0,0,0,0,0,0,0,0,0,0,0,0,0,0,0,0,0
2571,Leandro Barbosa,GSW,201606160CLE,"Jun 16, 2016",CLE,14,6,5,8,70.0,85.37,-15.37,3,4,3,6,0,0,1,3,0,0,0,0,0,0,0,0,0,0,0,0,0,0,1,1
2563,Dahntay Jones,CLE,201606160CLE,"Jun 16, 2016",GSW,5,1,3,2,100.0,107.76,-7.76,0,0,0,0,0,0,0,0,1,3,0,0,0,0,0,0,0,0,0,0,0,0,1,2
201575,Brandon Rush,GSW,201606160CLE,"Jun 16, 2016",CLE,1,0,2,1,50.0,56.82,-6.82,0,0,0,0,1,1,0,0,0,0,0,0,0,0,0,0,0,0,0,0,0,0,0,0
203949,James Michael McAdoo,GSW,201606160CLE,"Jun 16, 2016",CLE,2,1,0,1,100.0,100.0,0.0,1,2,0,0,0,0,0,0,0,0,0,0,0,0,0,0,0,0,0,0,0,0,0,0
203546,Ian Clark,GSW,201606160CLE,"Jun 16, 2016",CLE,3,1,0,1,100.0,150.0,-50.0,0,0,1,3,0,0,0,0,0,0,0,0,0,0,0,0,0,0,0,0,0,0,0,0
202389,Timofey Mozgov,CLE,201606160CLE,"Jun 16, 2016",GSW,0,1,0,1,0.0,0.0,0.0,1,0,0,0,0,0,0,0,0,0,0,0,0,0,0,0,0,0,0,0,0,0,0,0
2592,James Jones,CLE,201606160CLE,"Jun 16, 2016",GSW,0,1,0,1,0.0,0.0,0.0,0,0,1,0,0,0,0,0,0,0,0,0,0,0,0,0,0,0,0,0,0,0,0,0
203521,Matthew Dellavedova,CLE,201606160CLE,"Jun 16, 2016",GSW,3,2,2,3,50.0,52.08,-2.08,2,2,0,0,0,0,0,0,0,0,0,0,0,0,0,0,0,0,0,0,0,0,1,1
201578,Marreese Speights,GSW,201606160CLE,"Jun 16, 2016",CLE,6,2,0,2,100.0,150.0,-50.0,0,0,2,6,0,0,0,0,0,0,0,0,0,0,0,0,0,0,0,0,0,0,0,0
2747,JR Smith,CLE,201606190GSW,"Jun 19, 2016",GSW,12,13,0,13,35.29,46.15,-10.86,5,6,8,6,0,0,0,0,0,0,0,0,0,0,0,0,0,0,0,0,0,0,0,0
201939,Stephen Curry,GSW,201606190GSW,"Jun 19, 2016",CLE,17,19,1,19,32.08,43.72,-11.64,4,2,14,12,0,0,0,0,1,3,0,0,0,0,0,0,0,0,0,0,0,0,0,0
203105,Festus Ezeli,GSW,201606190GSW,"Jun 19, 2016",CLE,0,4,0,4,0.0,0.0,0.0,4,0,0,0,0,0,0,0,0,0,0,0,0,0,0,0,0,0,0,0,0,0,0,0
2544,LeBron James,CLE,201606190GSW,"Jun 19, 2016",GSW,27,24,10,28,42.86,47.54,-4.68,18,14,5,3,3,5,1,3,1,2,0,0,0,0,0,0,0,0,0,0,0,0,0,0
202684,Tristan Thompson,CLE,201606190GSW,"Jun 19, 2016",GSW,9,3,4,5,90.0,94.54,-4.54,3,6,0,0,0,0,0,0,0,0,0,0,0,0,0,0,0,0,0,0,0,0,2,3
202691,Klay Thompson,GSW,201606190GSW,"Jun 19, 2016",CLE,14,17,0,17,31.82,41.18,-9.36,7,8,10,6,0,0,0,0,0,0,0,0,0,0,0,0,0,0,0,0,0,0,0,0
203110,Draymond Green,GSW,201606190GSW,"Jun 19, 2016",CLE,32,15,4,16,76.19,95.47,-19.28,6,8,8,18,0,0,1,3,1,3,0,0,0,0,0,0,0,0,0,0,0,0,0,0
203084,Harrison Barnes,GSW,201606190GSW,"Jun 19, 2016",CLE,10,10,2,11,38.46,45.96,-7.5,6,2,4,6,1,2,0,0,0,0,0,0,0,0,0,0,0,0,0,0,0,0,0,0
202681,Kyrie Irving,CLE,201606190GSW,"Jun 19, 2016",GSW,26,23,4,24,47.27,52.5,-5.23,16,12,5,6,0,0,0,0,2,6,0,0,0,0,0,0,0,0,0,0,0,0,1,2
201567,Kevin Love,CLE,201606190GSW,"Jun 19, 2016",GSW,9,9,4,11,36.0,41.82,-5.82,6,6,3,0,2,3,0,0,0,0,0,0,0,0,0,0,0,0,0,0,0,0,0,0
2738,Andre Iguodala,GSW,201606190GSW,"Jun 19, 2016",CLE,4,6,2,7,23.53,29.07,-5.54,3,4,3,0,1,0,0,0,0,0,0,0,0,0,0,0,0,0,0,0,0,0,0,0
2210,Richard Jefferson,CLE,201606190GSW,"Jun 19, 2016",GSW,2,4,0,4,25.0,25.0,0.0,4,2,0,0,0,0,0,0,0,0,0,0,0,0,0,0,0,0,0,0,0,0,0,0
2760,Anderson Varejao,GSW,201606190GSW,"Jun 19, 2016",CLE,1,1,2,2,25.0,26.6,-1.6,1,0,0,0,1,1,0,0,0,0,0,0,0,0,0,0,0,0,0,0,0,0,0,0
2733,Shaun Livingston,GSW,201606190GSW,"Jun 19, 2016",CLE,8,7,2,8,50.0,50.76,-0.76,7,6,0,0,1,2,0,0,0,0,0,0,0,0,0,0,0,0,0,0,0,0,0,0
202697,Iman Shumpert,CLE,201606190GSW,"Jun 19, 2016",GSW,6,3,3,4,50.0,69.44,-19.44,0,0,2,0,0,0,0,0,0,0,1,4,0,0,0,0,0,0,0,0,0,0,1,2
2571,Leandro Barbosa,GSW,201606190GSW,"Jun 19, 2016",CLE,3,2,0,2,60.0,75.0,-15.0,1,0,1,3,0,0,0,0,0,0,0,0,0,0,0,0,0,0,0,0,0,0,0,0
201578,Marreese Speights,GSW,201606190GSW,"Jun 19, 2016",CLE,0,2,0,2,0.0,0.0,0.0,1,0,1,0,0,0,0,0,0,0,0,0,0,0,0,0,0,0,0,0,0,0,0,0
2590,Mo Williams,CLE,201606190GSW,"Jun 19, 2016",GSW,2,3,0,3,28.57,33.33,-4.76,2,2,1,0,0,0,0,0,0,0,0,0,0,0,0,0,0,0,0,0,0,0,0,0
