player_id,player_name,team_abbr,game_id,game_date,opponent,pts,fga,fta,scoring_poss,pure_ts_pct,standard_ts_pct,delta_pp,C1a_events,C1a_pts,C1b_events,C1b_pts,C2_events,C2_pts,C3_events,C3_pts,C4_events,C4_pts,C5_events,C5_pts,C6a_events,C6a_pts,C6b_events,C6b_pts,C6c_events,C6c_pts,C6d_events,C6d_pts,C6e_events,C6e_pts,C6f_events,C6f_pts
1626156,D'Angelo Russell,BKN,201904130PHI,"Apr 13, 2019",PHI,26,25,5,27,42.62,47.79,-5.17,18,14,6,6,2,3,0,0,1,3,0,0,0,0,0,0,0,0,0,0,0,0,0,0
1627732,Ben Simmons,PHI,201904130PHI,"Apr 13, 2019",BKN,9,9,5,11,39.13,40.18,-1.05,8,6,0,0,1,1,0,0,1,2,0,0,0,0,0,0,0,0,0,0,0,0,1,0
203954,Joel Embiid,PHI,201904130PHI,"Apr 13, 2019",BKN,22,15,18,23,41.51,47.99,-6.48,8,6,5,0,7,11,0,0,2,5,0,0,0,0,0,0,0,0,0,0,0,0,1,0
1628386,Jarrett Allen,PHI,201904130PHI,"Apr 13, 2019",BKN,2,4,0,4,25.0,25.0,0.0,4,2,0,0,0,0,0,0,0,0,0,0,0,0,0,0,0,0,0,0,0,0,0,0
201960,DeMarre Carroll,BKN,201904130PHI,"Apr 13, 2019",PHI,11,10,4,12,37.93,46.77,-8.84,5,4,5,3,2,4,0,0,0,0,0,0,0,0,0,0,0,0,0,0,0,0,0,0
203925,Joe Harris,BKN,201904130PHI,"Apr 13, 2019",PHI,13,7,0,7,72.22,92.86,-20.64,3,4,4,9,0,0,0,0,0,0,0,0,0,0,0,0,0,0,0,0,0,0,0,0
202699,Tobias Harris,PHI,201904130PHI,"Apr 13, 2019",BKN,4,7,0,7,25.0,28.57,-3.57,5,4,2,0,0,0,0,0,0,0,0,0,0,0,0,0,0,0,0,0,0,0,0,0
200755,JJ Redick,PHI,201904130PHI,"Apr 13, 2019",BKN,5,7,0,7,27.78,35.71,-7.93,3,2,4,3,0,0,0,0,0,0,0,0,0,0,0,0,0,0,0,0,0,0,0,0
1626246,Boban Marjanovic,PHI,201904130PHI,"Apr 13, 2019",BKN,13,7,4,9,72.22,74.2,-1.98,7,10,0,0,1,2,0,0,0,0,0,0,0,0,0,0,0,0,0,0,0,0,1,1
202710,Jimmy Butler III,PHI,201904130PHI,"Apr 13, 2019",BKN,36,22,15,29,58.06,62.94,-4.88,18,18,3,3,3,5,0,0,1,3,0,0,0,0,0,0,0,0,0,0,0,0,4,7
201162,Jared Dudley,BKN,201904130PHI,"Apr 13, 2019",PHI,4,2,4,4,40.0,53.19,-13.19,0,0,2,0,1,2,0,0,0,0,0,0,0,0,0,0,0,0,0,0,0,0,1,2
203915,Spencer Dinwiddie,BKN,201904130PHI,"Apr 13, 2019",PHI,18,14,5,17,47.37,55.56,-8.19,9,8,5,6,2,4,0,0,0,0,0,0,1,0,0,0,0,0,0,0,0,0,0,0
204456,T.J. McConnell,PHI,201904130PHI,"Apr 13, 2019",BKN,4,4,0,4,50.0,50.0,0.0,4,4,0,0,0,0,0,0,0,0,0,0,0,0,0,0,0,0,0,0,0,0,0,0
203118,Mike Scott,PHI,201904130PHI,"Apr 13, 2019",BKN,3,8,0,8,12.5,18.75,-6.25,0,0,8,3,0,0,0,0,0,0,0,0,0,0,0,0,0,0,0,0,0,0,0,0
1627747,Caris LeVert,BKN,201904130PHI,"Apr 13, 2019",PHI,23,18,4,20,53.49,58.2,-4.71,15,10,3,9,2,4,0,0,0,0,0,0,0,0,0,0,0,0,0,0,0,0,0,0
202334,Ed Davis,BKN,201904130PHI,"Apr 13, 2019",PHI,12,7,2,8,75.0,76.14,-1.14,7,10,0,0,0,0,0,0,0,0,0,0,0,0,0,0,0,0,0,0,0,0,1,2
203613,Jonathon Simmons,PHI,201904130PHI,"Apr 13, 2019",BKN,4,5,0,5,33.33,40.0,-6.67,3,4,2,0,0,0,0,0,0,0,0,0,0,0,0,0,0,0,0,0,0,0,0,0
1626203,Treveon Graham,BKN,201904130PHI,"Apr 13, 2019",PHI,2,1,2,2,40.0,53.19,-13.19,0,0,1,0,1,2,0,0,0,0,0,0,0,0,0,0,0,0,0,0,0,0,0,0
1628413,Jonah Bolden,PHI,201904130PHI,"Apr 13, 2019",BKN,2,2,0,2,40.0,50.0,-10.0,1,2,1,0,0,0,0,0,0,0,0,0,0,0,0,0,0,0,0,0,0,0,0,0
202695,Kawhi Leonard,TOR,201904130TOR,"Apr 13, 2019",ORL,25,18,3,19,56.82,64.7,-7.88,12,12,5,9,1,2,0,0,1,2,0,0,0,0,0,0,0,0,0,0,0,0,0,0
203932,Aaron Gordon,ORL,201904130TOR,"Apr 13, 2019",TOR,10,10,2,11,41.67,45.96,-4.29,8,2,2,6,1,2,0,0,0,0,0,0,0,0,0,0,0,0,0,0,0,0,0,0
200768,Kyle Lowry,TOR,201904130TOR,"Apr 13, 2019",ORL,0,7,2,8,0.0,0.0,0.0,1,0,6,0,1,0,0,0,0,0,0,0,0,0,0,0,0,0,0,0,0,0,0,0
201571,D.J. Augustin,ORL,201904130TOR,"Apr 13, 2019",TOR,25,13,4,15,71.43,84.69,-13.26,8,10,5,12,2,3,0,0,0,0,0,0,0,0,0,0,0,0,0,0,0,0,0,0
1627783,Pascal Siakam,TOR,201904130TOR,"Apr 13, 2019",ORL,24,24,0,24,46.15,50.0,-3.85,20,24,4,0,0,0,0,0,0,0,0,0,0,0,0,0,0,0,0,0,0,0,0,0
202696,Nikola Vučević,ORL,201904130TOR,"Apr 13, 2019",TOR,11,14,4,16,31.43,34.9,-3.47,11,4,3,3,2,4,0,0,0,0,0,0,0,0,0,0,0,0,0,0,0,0,0,0
201188,Marc Gasol,TOR,201904130TOR,"Apr 13, 2019",ORL,13,9,2,10,52.0,65.79,-13.79,4,6,5,6,0,0,0,0,0,0,0,0,0,0,0,0,0,0,0,0,0,0,1,1
201980,Danny Green,TOR,201904130TOR,"Apr 13, 2019",ORL,13,9,2,10,48.15,65.79,-17.64,2,2,7,9,1,2,0,0,0,0,0,0,0,0,0,0,0,0,0,0,0,0,0,0
203095,Evan Fournier,ORL,201904130TOR,"Apr 13, 2019",TOR,16,18,0,18,39.02,44.44,-5.42,13,10,5,6,0,0,0,0,0,0,0,0,0,0,0,0,0,0,0,0,0,0,0,0
1628371,Jonathan Isaac,ORL,201904130TOR,"Apr 13, 2019",TOR,11,10,0,10,45.83,55.0,-9.17,6,8,4,3,0,0,0,0,0,0,0,0,0,0,0,0,0,0,0,0,0,0,0,0
1628411,Wes Iwundu,ORL,201904130TOR,"Apr 13, 2019",TOR,5,2,2,3,62.5,86.81,-24.31,0,0,2,3,1,2,0,0,0,0,0,0,0,0,0,0,0,0,0,0,0,0,0,0
203082,Terrence Ross,ORL,201904130TOR,"Apr 13, 2019",TOR,10,11,5,13,31.25,37.88,-6.63,6,2,5,3,1,2,1,3,0,0,0,0,0,0,0,0,0,0,0,0,0,0,0,0
1627832,Fred VanVleet,TOR,201904130TOR,"Apr 13, 2019",ORL,14,9,2,10,53.85,70.85,-17.0,3,4,6,9,0,0,0,0,0,0,0,0,0,0,0,0,0,0,0,0,0,0,1,1
201586,Serge Ibaka,TOR,201904130TOR,"Apr 13, 2019",ORL,5,6,0,6,38.46,41.67,-3.21,5,2,1,3,0,0,0,0,0,0,0,0,0,0,0,0,0,0,0,0,0,0,0,0
203487,Michael Carter-Williams,ORL,201904130TOR,"Apr 13, 2019",TOR,10,8,0,8,52.63,62.5,-9.87,5,4,3,6,0,0,0,0,0,0,0,0,0,0,0,0,0,0,0,0,0,0,0,0
1626181,Norman Powell,TOR,201904130TOR,"Apr 13, 2019",ORL,4,4,2,5,33.33,40.98,-7.65,2,2,2,0,1,2,0,0,0,0,0,0,0,0,0,0,0,0,0,0,0,0,0,0
203920,Khem Birch,ORL,201904130TOR,"Apr 13, 2019",TOR,6,4,3,5,54.55,56.39,-1.84,3,2,0,0,1,2,0,0,1,2,0,0,0,0,0,0,0,0,0,0,0,0,0,0
201975,Jodie Meeks,TOR,201904130TOR,"Apr 13, 2019",ORL,3,2,1,2,60.0,61.48,-1.48,1,0,0,0,0,0,0,0,1,3,0,0,0,0,0,0,0,0,0,0,0,0,0,0
1627826,Ivica Zubac,LAC,201904130GSW,"Apr 13, 2019",GSW,0,2,0,2,0.0,0.0,0.0,2,0,0,0,0,0,0,0,0,0,0,0,0,0,0,0,0,0,0,0,0,0,0,0
201976,Patrick Beverley,LAC,201904130GSW,"Apr 13, 2019",GSW,3,6,0,6,18.75,25.0,-6.25,2,0,4,3,0,0,0,0,0,0,0,0,0,0,0,0,0,0,0,0,0,0,0,0
1628983,Shai Gilgeous-Alexander,LAC,201904130GSW,"Apr 13, 2019",GSW,18,16,4,18,42.86,50.68,-7.82,10,6,6,9,2,3,0,0,0,0,0,0,0,0,0,0,0,0,0,0,0,0,0,0
201939,Stephen Curry,GSW,201904130GSW,"Apr 13, 2019",LAC,38,16,9,21,71.7,95.19,-23.49,4,6,12,24,2,4,0,0,0,0,0,0,1,1,0,0,0,0,0,0,0,0,2,3
202326,DeMarcus Cousins,GSW,201904130GSW,"Apr 13, 2019",LAC,9,12,0,12,33.33,37.5,-4.17,9,6,3,3,0,0,0,0,0,0,0,0,0,0,0,0,0,0,0,0,0,0,0,0
201568,Danilo Gallinari,LAC,201904130GSW,"Apr 13, 2019",GSW,15,15,4,17,37.5,44.75,-7.25,9,2,6,9,2,4,0,0,0,0,0,0,0,0,0,0,0,0,0,0,0,0,0,0
203110,Draymond Green,GSW,201904130GSW,"Apr 13, 2019",LAC,17,13,1,13,54.84,63.24,-8.4,8,8,4,6,0,0,0,0,1,3,0,0,0,0,0,0,0,0,0,0,0,0,0,0
202691,Klay Thompson,GSW,201904130GSW,"Apr 13, 2019",LAC,12,14,1,15,34.29,41.55,-7.26,8,8,6,3,0,0,0,0,0,0,0,0,1,1,0,0,0,0,0,0,0,0,0,0
201142,Kevin Durant,GSW,201904130GSW,"Apr 13, 2019",LAC,23,16,6,19,57.5,61.7,-4.2,14,14,2,3,2,4,0,0,0,0,0,0,1,2,0,0,0,0,0,0,0,0,0,0
1629013,Landry Shamet,LAC,201904130GSW,"Apr 13, 2019",GSW,3,6,0,6,18.75,25.0,-6.25,2,0,4,3,0,0,0,0,0,0,0,0,0,0,0,0,0,0,0,0,0,0,0,0
1626149,Montrezl Harrell,LAC,201904130GSW,"Apr 13, 2019",GSW,26,15,8,18,68.42,70.19,-1.77,13,18,0,0,3,2,0,0,2,6,0,0,0,0,0,0,0,0,0,0,0,0,0,0
101150,Lou Williams,LAC,201904130GSW,"Apr 13, 2019",GSW,25,21,2,21,54.35,57.13,-2.78,17,16,2,3,0,0,0,0,2,6,0,0,0,0,0,0,0,0,0,0,0,0,0,0
2738,Andre Iguodala,GSW,201904130GSW,"Apr 13, 2019",LAC,8,7,2,8,47.06,50.76,-3.7,6,8,1,0,0,0,0,0,0,0,0,0,0,0,0,0,0,0,0,0,0,0,1,0
1626172,Kevon Looney,GSW,201904130GSW,"Apr 13, 2019",LAC,6,4,0,4,75.0,75.0,0.0,4,6,0,0,0,0,0,0,0,0,0,0,0,0,0,0,0,0,0,0,0,0,0,0
203210,JaMychal Green,LAC,201904130GSW,"Apr 13, 2019",GSW,10,9,0,9,43.48,55.56,-12.08,4,4,5,6,0,0,0,0,0,0,0,0,0,0,0,0,0,0,0,0,0,0,0,0
202066,Garrett Temple,LAC,201904130GSW,"Apr 13, 2019",GSW,0,3,0,3,0.0,0.0,0.0,1,0,2,0,0,0,0,0,0,0,0,0,0,0,0,0,0,0,0,0,0,0,0,0
1628035,Alfonzo McKinnie,GSW,201904130GSW,"Apr 13, 2019",LAC,3,2,0,2,60.0,75.0,-15.0,1,0,1,3,0,0,0,0,0,0,0,0,0,0,0,0,0,0,0,0,0,0,0,0
201163,Wilson Chandler,LAC,201904130GSW,"Apr 13, 2019",GSW,2,1,2,2,40.0,53.19,-13.19,0,0,1,0,1,2,0,0,0,0,0,0,0,0,0,0,0,0,0,0,0,0,0,0
1626188,Quinn Cook,GSW,201904130GSW,"Apr 13, 2019",LAC,2,4,0,4,22.22,25.0,-2.78,3,2,1,0,0,0,0,0,0,0,0,0,0,0,0,0,0,0,0,0,0,0,0,0
2733,Shaun Livingston,GSW,201904130GSW,"Apr 13, 2019",LAC,0,2,0,2,0.0,0.0,0.0,2,0,0,0,0,0,0,0,0,0,0,0,0,0,0,0,0,0,0,0,0,0,0,0
101106,Andrew Bogut,GSW,201904130GSW,"Apr 13, 2019",LAC,3,1,1,1,100.0,104.17,-4.17,0,0,0,0,0,0,0,0,1,3,0,0,0,0,0,0,0,0,0,0,0,0,0,0
1627820,Tyrone Wallace,LAC,201904130GSW,"Apr 13, 2019",GSW,2,1,2,2,50.0,53.19,-3.19,1,0,0,0,0,0,0,0,0,0,0,0,0,0,0,0,0,0,0,0,0,0,1,2
1628395,Jordan Bell,GSW,201904130GSW,"Apr 13, 2019",LAC,0,1,0,1,0.0,0.0,0.0,1,0,0,0,0,0,0,0,0,0,0,0,0,0,0,0,0,0,0,0,0,0,0,0
1628401,Derrick White,SAS,201904130DEN,"Apr 13, 2019",DEN,16,10,3,11,69.57,70.67,-1.1,9,12,0,0,0,0,0,0,1,2,0,0,0,0,0,0,0,0,0,0,0,0,1,2
1627750,Jamal Murray,DEN,201904130DEN,"Apr 13, 2019",SAS,17,23,1,23,32.08,36.26,-4.18,16,14,6,0,0,0,0,0,1,3,0,0,0,0,0,0,0,0,0,0,0,0,0,0
1627751,Jakob Poeltl,SAS,201904130DEN,"Apr 13, 2019",DEN,6,5,0,5,54.55,60.0,-5.45,4,6,1,0,0,0,0,0,0,0,0,0,0,0,0,0,0,0,0,0,0,0,0,0
203115,Will Barton,DEN,201904130DEN,"Apr 13, 2019",SAS,15,15,4,17,38.46,44.75,-6.29,10,10,5,3,2,2,0,0,0,0,0,0,0,0,0,0,0,0,0,0,0,0,0,0
201942,DeMar DeRozan,SAS,201904130DEN,"Apr 13, 2019",DEN,18,17,8,21,42.86,43.86,-1.0,17,12,0,0,4,6,0,0,0,0,0,0,0,0,0,0,0,0,0,0,0,0,0,0
200746,LaMarcus Aldridge,SAS,201904130DEN,"Apr 13, 2019",DEN,15,19,4,21,34.88,36.13,-1.25,18,12,1,0,1,1,0,0,0,0,0,0,0,0,0,0,0,0,0,0,0,0,1,2
203999,Nikola Jokić,DEN,201904130DEN,"Apr 13, 2019",SAS,10,9,2,10,43.48,50.61,-7.13,6,8,3,0,1,2,0,0,0,0,0,0,0,0,0,0,0,0,0,0,0,0,0,0
1627854,Bryn Forbes,SAS,201904130DEN,"Apr 13, 2019",DEN,15,9,0,9,68.18,83.33,-15.15,5,6,4,9,0,0,0,0,0,0,0,0,0,0,0,0,0,0,0,0,0,0,0,0
203914,Gary Harris,DEN,201904130DEN,"Apr 13, 2019",SAS,20,12,5,14,62.5,70.42,-7.92,8,10,3,3,1,2,0,0,1,3,0,0,0,0,0,0,0,0,0,0,0,0,1,2
201988,Patty Mills,SAS,201904130DEN,"Apr 13, 2019",DEN,4,3,0,3,66.67,66.67,0.0,3,4,0,0,0,0,0,0,0,0,0,0,0,0,0,0,0,0,0,0,0,0,0,0
200752,Rudy Gay,SAS,201904130DEN,"Apr 13, 2019",DEN,14,9,0,9,66.67,77.78,-11.11,6,8,3,6,0,0,0,0,0,0,0,0,0,0,0,0,0,0,0,0,0,0,0,0
200794,Paul Millsap,DEN,201904130DEN,"Apr 13, 2019",SAS,12,9,3,10,46.15,58.14,-11.99,3,4,5,3,1,2,0,0,1,3,0,0,0,0,0,0,0,0,0,0,0,0,0,0
201158,Marco Belinelli,SAS,201904130DEN,"Apr 13, 2019",DEN,8,9,2,10,33.33,40.49,-7.16,5,4,4,3,0,0,0,0,0,0,0,0,0,0,0,0,0,0,0,0,0,0,1,1
1628420,Monte Morris,DEN,201904130DEN,"Apr 13, 2019",SAS,2,6,0,6,15.38,16.67,-1.29,5,2,1,0,0,0,0,0,0,0,0,0,0,0,0,0,0,0,0,0,0,0,0,0
203486,Mason Plumlee,DEN,201904130DEN,"Apr 13, 2019",SAS,4,5,2,6,33.33,34.01,-0.68,5,4,0,0,0,0,0,0,0,0,0,0,0,0,0,0,0,0,0,0,0,0,1,0
202722,Davis Bertans,SAS,201904130DEN,"Apr 13, 2019",DEN,5,2,3,3,55.56,75.3,-19.74,0,0,2,3,0,0,1,2,0,0,0,0,0,0,0,0,0,0,0,0,0,0,0,0
1627736,Malik Beasley,DEN,201904130DEN,"Apr 13, 2019",SAS,10,5,5,7,58.82,69.44,-10.62,2,2,2,3,2,3,0,0,1,2,0,0,0,0,0,0,0,0,0,0,0,0,0,0
1628470,Torrey Craig,DEN,201904130DEN,"Apr 13, 2019",SAS,6,4,2,5,46.15,61.48,-15.33,1,0,3,6,1,0,0,0,0,0,0,0,0,0,0,0,0,0,0,0,0,0,0,0
1626167,Myles Turner,IND,201904140BOS,"Apr 14, 2019",BOS,5,6,4,8,27.78,32.22,-4.44,4,4,2,0,2,1,0,0,0,0,0,0,0,0,0,0,0,0,0,0,0,0,0,0
202681,Kyrie Irving,BOS,201904140BOS,"Apr 14, 2019",IND,20,17,6,20,44.44,50.92,-6.48,12,8,5,6,3,6,0,0,0,0,0,0,0,0,0,0,0,0,0,0,0,0,0,0
201152,Thaddeus Young,IND,201904140BOS,"Apr 14, 2019",BOS,7,8,1,8,41.18,41.47,-0.29,7,4,0,0,0,0,0,0,1,3,0,0,0,0,0,0,0,0,0,0,0,0,0,0
201143,Al Horford,BOS,201904140BOS,"Apr 14, 2019",IND,10,10,1,10,40.0,47.89,-7.89,5,4,4,3,0,0,0,0,1,3,0,0,0,0,0,0,0,0,0,0,0,0,0,0
202083,Wesley Matthews,IND,201904140BOS,"Apr 14, 2019",BOS,8,8,0,8,36.36,50.0,-13.64,2,2,6,6,0,0,0,0,0,0,0,0,0,0,0,0,0,0,0,0,0,0,0,0
1628369,Jayson Tatum,BOS,201904140BOS,"Apr 14, 2019",IND,15,11,0,11,60.0,68.18,-8.18,8,6,3,9,0,0,0,0,0,0,0,0,0,0,0,0,0,0,0,0,0,0,0,0
201954,Darren Collison,IND,201904140BOS,"Apr 14, 2019",BOS,6,11,0,11,25.0,27.27,-2.27,9,6,2,0,0,0,0,0,0,0,0,0,0,0,0,0,0,0,0,0,0,0,0,0
202711,Bojan Bogdanovic,IND,201904140BOS,"Apr 14, 2019",BOS,10,11,2,12,37.04,42.09,-5.05,7,6,3,0,0,0,0,0,1,3,0,0,1,1,0,0,0,0,0,0,0,0,0,0
203382,Aron Baynes,BOS,201904140BOS,"Apr 14, 2019",IND,2,2,0,2,50.0,50.0,0.0,2,2,0,0,0,0,0,0,0,0,0,0,0,0,0,0,0,0,0,0,0,0,0,0
1627759,Jaylen Brown,BOS,201904140BOS,"Apr 14, 2019",IND,2,5,0,5,15.38,20.0,-4.62,2,2,3,0,0,0,0,0,0,0,0,0,0,0,0,0,0,0,0,0,0,0,0,0
202330,Gordon Hayward,BOS,201904140BOS,"Apr 14, 2019",IND,10,12,2,13,35.71,38.82,-3.11,10,8,2,0,1,2,0,0,0,0,0,0,0,0,0,0,0,0,0,0,0,0,0,0
202694,Marcus Morris Sr.,BOS,201904140BOS,"Apr 14, 2019",IND,20,12,9,16,48.78,62.66,-13.88,4,4,8,9,1,2,1,2,0,0,0,0,0,0,0,0,0,0,0,0,0,0,2,3
1627734,Domantas Sabonis,IND,201904140BOS,"Apr 14, 2019",BOS,7,9,2,10,35.0,35.43,-0.43,9,6,0,0,1,1,0,0,0,0,0,0,0,0,0,0,0,0,0,0,0,0,0,0
1626179,Terry Rozier,BOS,201904140BOS,"Apr 14, 2019",IND,5,6,4,8,26.32,32.22,-5.9,3,0,3,3,2,2,0,0,0,0,0,0,0,0,0,0,0,0,0,0,0,0,0,0
202709,Cory Joseph,IND,201904140BOS,"Apr 14, 2019",BOS,14,9,2,10,58.33,70.85,-12.52,5,6,4,6,1,2,0,0,0,0,0,0,0,0,0,0,0,0,0,0,0,0,0,0
201936,Tyreke Evans,IND,201904140BOS,"Apr 14, 2019",BOS,8,11,4,13,27.59,31.35,-3.76,8,4,3,3,2,1,0,0,0,0,0,0,0,0,0,0,0,0,0,0,0,0,0,0
203926,Doug McDermott,IND,201904140BOS,"Apr 14, 2019",BOS,2,7,2,8,9.52,12.69,-3.17,1,0,5,0,0,0,0,0,1,2,0,0,1,0,0,0,0,0,0,0,0,0,0,0
1628388,T.J. Leaf,IND,201904140BOS,"Apr 14, 2019",BOS,2,3,2,4,22.22,25.77,-3.55,2,0,1,0,1,2,0,0,0,0,0,0,0,0,0,0,0,0,0,0,0,0,0,0
1628464,Daniel Theis,BOS,201904140BOS,"Apr 14, 2019",IND,0,1,0,1,0.0,0.0,0.0,1,0,0,0,0,0,0,0,0,0,0,0,0,0,0,0,0,0,0,0,0,0,0,0
202954,Brad Wanamaker,BOS,201904140BOS,"Apr 14, 2019",IND,0,1,0,1,0.0,0.0,0.0,1,0,0,0,0,0,0,0,0,0,0,0,0,0,0,0,0,0,0,0,0,0,0,0
1628988,Aaron Holiday,IND,201904140BOS,"Apr 14, 2019",BOS,3,1,0,1,100.0,150.0,-50.0,0,0,1,3,0,0,0,0,0,0,0,0,0,0,0,0,0,0,0,0,0,0,0,0
203500,Steven Adams,OKC,201904140POR,"Apr 14, 2019",POR,17,14,2,15,56.67,57.12,-0.45,14,16,0,0,1,1,0,0,0,0,0,0,0,0,0,0,0,0,0,0,0,0,0,0
202683,Enes Freedom,POR,201904140POR,"Apr 14, 2019",OKC,20,15,6,18,54.05,56.69,-2.64,14,16,1,0,3,4,0,0,0,0,0,0,0,0,0,0,0,0,0,0,0,0,0,0
203081,Damian Lillard,POR,201904140POR,"Apr 14, 2019",OKC,30,21,8,25,49.18,61.17,-11.99,10,8,11,15,2,3,0,0,0,0,0,0,0,0,0,0,0,0,0,0,0,0,2,4
202331,Paul George,OKC,201904140POR,"Apr 14, 2019",POR,26,24,6,27,37.68,48.8,-11.12,9,8,15,12,3,6,0,0,0,0,0,0,0,0,0,0,0,0,0,0,0,0,0,0
203090,Maurice Harkless,POR,201904140POR,"Apr 14, 2019",OKC,2,5,0,5,18.18,20.0,-1.82,4,2,1,0,0,0,0,0,0,0,0,0,0,0,0,0,0,0,0,0,0,0,0,0
202329,Al-Farouq Aminu,POR,201904140POR,"Apr 14, 2019",OKC,10,5,6,8,58.82,65.45,-6.63,4,4,1,0,1,2,0,0,0,0,0,0,0,0,0,0,0,0,0,0,0,0,2,4
203924,Jerami Grant,OKC,201904140POR,"Apr 14, 2019",POR,8,8,4,10,34.78,40.98,-6.2,5,4,3,0,2,4,0,0,0,0,0,0,0,0,0,0,0,0,0,0,0,0,0,0
1628390,Terrance Ferguson,POR,201904140POR,"Apr 14, 2019",OKC,3,3,0,3,37.5,50.0,-12.5,1,0,2,3,0,0,0,0,0,0,0,0,0,0,0,0,0,0,0,0,0,0,0,0
203468,CJ McCollum,POR,201904140POR,"Apr 14, 2019",OKC,24,24,5,26,40.0,45.8,-5.8,16,10,7,9,1,2,0,0,1,2,0,0,1,1,0,0,0,0,0,0,0,0,0,0
203471,Dennis Schröder,OKC,201904140POR,"Apr 14, 2019",POR,11,17,2,18,25.58,30.76,-5.18,10,10,7,0,1,1,0,0,0,0,0,0,0,0,0,0,0,0,0,0,0,0,0,0
201566,Russell Westbrook,OKC,201904140POR,"Apr 14, 2019",POR,24,17,8,21,52.17,58.48,-6.31,13,16,4,0,4,8,0,0,0,0,0,0,0,0,0,0,0,0,0,0,0,0,0,0
202323,Evan Turner,POR,201904140POR,"Apr 14, 2019",OKC,2,3,0,3,33.33,33.33,0.0,3,2,0,0,0,0,0,0,0,0,0,0,0,0,0,0,0,0,0,0,0,0,0,0
101109,Raymond Felton,OKC,201904140POR,"Apr 14, 2019",POR,0,2,0,2,0.0,0.0,0.0,1,0,1,0,0,0,0,0,0,0,0,0,0,0,0,0,0,0,0,0,0,0,0,0
203552,Seth Curry,POR,201904140POR,"Apr 14, 2019",OKC,8,6,0,6,53.33,66.67,-13.34,3,2,3,6,0,0,0,0,0,0,0,0,0,0,0,0,0,0,0,0,0,0,0,0
203918,Rodney Hood,POR,201904140POR,"Apr 14, 2019",OKC,5,5,0,5,45.45,50.0,-4.55,4,2,1,3,0,0,0,0,0,0,0,0,0,0,0,0,0,0,0,0,0,0,0,0
202693,Markieff Morris,OKC,201904140POR,"Apr 14, 2019",POR,2,3,1,3,25.0,29.07,-4.07,1,0,1,0,0,0,0,0,1,2,0,0,0,0,0,0,0,0,0,0,0,0,0,0
203457,Nerlens Noel,OKC,201904140POR,"Apr 14, 2019",POR,8,5,0,5,80.0,80.0,0.0,5,8,0,0,0,0,0,0,0,0,0,0,0,0,0,0,0,0,0,0,0,0,0,0
1628380,Zach Collins,POR,201904140POR,"Apr 14, 2019",OKC,2,1,0,1,100.0,100.0,0.0,1,2,0,0,0,0,0,0,0,0,0,0,0,0,0,0,0,0,0,0,0,0,0,0
203086,Meyers Leonard,POR,201904140POR,"Apr 14, 2019",OKC,1,1,2,2,25.0,26.6,-1.6,1,0,0,0,1,1,0,0,0,0,0,0,0,0,0,0,0,0,0,0,0,0,0,0
201572,Brook Lopez,MIL,201904140MIL,"Apr 14, 2019",DET,14,7,4,9,60.87,79.91,-19.04,2,4,5,6,1,2,0,0,0,0,0,0,0,0,0,0,0,0,0,0,0,0,1,2
202704,Reggie Jackson,DET,201904140MIL,"Apr 14, 2019",MIL,12,14,0,14,41.38,42.86,-1.48,13,12,1,0,0,0,0,0,0,0,0,0,0,0,0,0,0,0,0,0,0,0,0,0
203507,Giannis Antetokounmpo,MIL,201904140MIL,"Apr 14, 2019",DET,24,17,12,22,47.06,53.86,-6.8,10,12,5,3,3,1,0,0,2,6,0,0,0,0,1,1,0,0,0,0,0,0,1,1
1627748,Thon Maker,MIL,201904140MIL,"Apr 14, 2019",DET,4,10,0,10,15.38,20.0,-4.62,4,4,6,0,0,0,0,0,0,0,0,0,0,0,0,0,0,0,0,0,0,0,0,0
202339,Eric Bledsoe,MIL,201904140MIL,"Apr 14, 2019",DET,15,9,4,11,57.69,69.7,-12.01,5,6,4,6,2,3,0,0,0,0,0,0,0,0,0,0,0,0,0,0,0,0,0,0
203083,Andre Drummond,DET,201904140MIL,"Apr 14, 2019",MIL,12,9,6,12,50.0,51.55,-1.55,9,8,0,0,3,4,0,0,0,0,0,0,0,0,0,0,0,0,0,0,0,0,0,0
201961,Wayne Ellington,DET,201904140MIL,"Apr 14, 2019",MIL,5,10,0,10,20.83,25.0,-4.17,6,2,4,3,0,0,0,0,0,0,0,0,0,0,0,0,0,0,0,0,0,0,0,0
1628971,Bruce Brown,MIL,201904140MIL,"Apr 14, 2019",DET,2,2,0,2,40.0,50.0,-10.0,1,2,1,0,0,0,0,0,0,0,0,0,0,0,0,0,0,0,0,0,0,0,0,0
203114,Khris Middleton,MIL,201904140MIL,"Apr 14, 2019",DET,14,13,0,13,42.42,53.85,-11.43,6,2,7,12,0,0,0,0,0,0,0,0,0,0,0,0,0,0,0,0,0,0,0,0
1628425,Sterling Brown,MIL,201904140MIL,"Apr 14, 2019",DET,11,5,2,6,64.71,93.54,-28.83,0,0,5,9,0,0,0,0,0,0,0,0,0,0,0,0,0,0,0,0,0,0,1,2
1626192,Pat Connaughton,MIL,201904140MIL,"Apr 14, 2019",DET,10,6,1,6,66.67,77.64,-10.97,3,4,2,3,0,0,0,0,1,3,0,0,0,0,0,0,0,0,0,0,0,0,0,0
204038,Langston Galloway,DET,201904140MIL,"Apr 14, 2019",MIL,6,8,0,8,27.27,37.5,-10.23,2,0,6,6,0,0,0,0,0,0,0,0,0,0,0,0,0,0,0,0,0,0,0,0
203922,Glenn Robinson III,DET,201904140MIL,"Apr 14, 2019",MIL,4,5,2,6,28.57,34.01,-5.44,3,2,2,0,1,2,0,0,0,0,0,0,0,0,0,0,0,0,0,0,0,0,0,0
201588,George Hill,MIL,201904140MIL,"Apr 14, 2019",DET,16,11,3,13,55.17,64.94,-9.77,7,10,4,3,0,0,0,0,0,0,0,0,1,1,0,0,0,0,0,0,0,0,1,2
101141,Ersan Ilyasova,MIL,201904140MIL,"Apr 14, 2019",DET,0,4,0,4,0.0,0.0,0.0,1,0,3,0,0,0,0,0,0,0,0,0,0,0,0,0,0,0,0,0,0,0,0,0
1628379,Luke Kennard,DET,201904140MIL,"Apr 14, 2019",MIL,21,14,2,15,60.0,70.56,-10.56,9,8,5,12,1,1,0,0,0,0,0,0,0,0,0,0,0,0,0,0,0,0,0,0
202397,Ish Smith,DET,201904140MIL,"Apr 14, 2019",MIL,4,6,0,6,33.33,33.33,0.0,6,4,0,0,0,0,0,0,0,0,0,0,0,0,0,0,0,0,0,0,0,0,0,0
2585,Zaza Pachulia,DET,201904140MIL,"Apr 14, 2019",MIL,5,6,2,7,35.71,36.34,-0.63,6,4,0,0,0,0,0,0,0,0,0,0,0,0,0,0,0,0,0,0,0,0,1,1
202703,Nikola Mirotic,MIL,201904140MIL,"Apr 14, 2019",DET,4,8,0,8,19.05,25.0,-5.95,3,4,5,0,0,0,0,0,0,0,0,0,0,0,0,0,0,0,0,0,0,0,0,0
1628391,D.J. Wilson,MIL,201904140MIL,"Apr 14, 2019",DET,6,5,0,5,54.55,60.0,-5.45,4,6,1,0,0,0,0,0,0,0,0,0,0,0,0,0,0,0,0,0,0,0,0,0
204025,Tim Frazier,MIL,201904140MIL,"Apr 14, 2019",DET,7,5,0,5,58.33,70.0,-11.67,3,4,2,3,0,0,0,0,0,0,0,0,0,0,0,0,0,0,0,0,0,0,0,0
1629017,Khyri Thomas,DET,201904140MIL,"Apr 14, 2019",MIL,9,6,0,6,64.29,75.0,-10.71,4,6,2,3,0,0,0,0,0,0,0,0,0,0,0,0,0,0,0,0,0,0,0,0
202720,Jon Leuer,DET,201904140MIL,"Apr 14, 2019",MIL,2,2,1,2,40.0,40.98,-0.98,1,0,0,0,0,0,0,0,1,2,0,0,0,0,0,0,0,0,0,0,0,0,0,0
1628378,Donovan Mitchell,UTA,201904140HOU,"Apr 14, 2019",HOU,19,18,3,20,41.3,49.17,-7.87,11,8,7,9,1,2,0,0,0,0,0,0,1,0,0,0,0,0,0,0,0,0,0,0
203991,Clint Capela,HOU,201904140HOU,"Apr 14, 2019",UTA,16,13,0,13,61.54,61.54,0.0,13,16,0,0,0,0,0,0,0,0,0,0,0,0,0,0,0,0,0,0,0,0,0,0
200782,P.J. Tucker,HOU,201904140HOU,"Apr 14, 2019",UTA,11,8,0,8,47.83,68.75,-20.92,1,2,7,9,0,0,0,0,0,0,0,0,0,0,0,0,0,0,0,0,0,0,0,0
204060,Joe Ingles,UTA,201904140HOU,"Apr 14, 2019",HOU,3,4,0,4,27.27,37.5,-10.23,1,0,3,3,0,0,0,0,0,0,0,0,0,0,0,0,0,0,0,0,0,0,0,0
201935,James Harden,UTA,201904140HOU,"Apr 14, 2019",HOU,29,26,3,27,44.62,53.07,-8.45,15,12,10,12,1,2,0,0,1,3,0,0,0,0,0,0,0,0,0,0,0,0,0,0
201937,Ricky Rubio,UTA,201904140HOU,"Apr 14, 2019",HOU,15,11,4,13,51.72,58.78,-7.06,8,8,3,3,1,2,0,0,0,0,0,0,0,0,0,0,0,0,0,0,0,0,1,2
203497,Rudy Gobert,UTA,201904140HOU,"Apr 14, 2019",HOU,22,10,6,13,84.62,87.03,-2.41,10,16,0,0,2,4,0,0,0,0,0,0,0,0,0,0,0,0,0,0,0,0,1,2
101108,Chris Paul,HOU,201904140HOU,"Apr 14, 2019",UTA,14,12,0,12,51.85,58.33,-6.48,9,14,3,0,0,0,0,0,0,0,0,0,0,0,0,0,0,0,0,0,0,0,0,0
201569,Eric Gordon,HOU,201904140HOU,"Apr 14, 2019",UTA,17,10,4,11,58.62,72.28,-13.66,4,2,4,6,1,2,0,0,1,3,1,4,0,0,0,0,0,0,0,0,0,0,0,0
202324,Derrick Favors,UTA,201904140HOU,"Apr 14, 2019",HOU,13,8,4,10,61.9,66.6,-4.7,7,10,1,0,2,3,0,0,0,0,0,0,0,0,0,0,0,0,0,0,0,0,0,0
203109,Jae Crowder,UTA,201904140HOU,"Apr 14, 2019",HOU,9,9,7,12,28.12,37.25,-9.13,2,0,7,3,2,3,1,3,0,0,0,0,0,0,0,0,0,0,0,0,0,0,0,0
1626220,Royce O'Neale,UTA,201904140HOU,"Apr 14, 2019",HOU,2,5,0,5,16.67,20.0,-3.33,3,2,2,0,0,0,0,0,0,0,0,0,0,0,0,0,0,0,0,0,0,0,0,0
1627863,Danuel House Jr.,HOU,201904140HOU,"Apr 14, 2019",UTA,11,11,0,11,34.38,50.0,-15.62,1,2,10,9,0,0,0,0,0,0,0,0,0,0,0,0,0,0,0,0,0,0,0,0
203085,Austin Rivers,HOU,201904140HOU,"Apr 14, 2019",UTA,4,3,1,3,50.0,58.14,-8.14,1,2,1,0,0,0,0,0,1,2,0,0,0,0,0,0,0,0,0,0,0,0,0,0
2594,Kyle Korver,UTA,201904140HOU,"Apr 14, 2019",HOU,2,0,3,1,66.67,75.76,-9.09,0,0,0,0,0,0,1,2,0,0,0,0,0,0,0,0,0,0,0,0,0,0,0,0
202702,Kenneth Faried,HOU,201904140HOU,"Apr 14, 2019",UTA,11,5,2,6,84.62,93.54,-8.92,4,6,1,3,1,2,0,0,0,0,0,0,0,0,0,0,0,0,0,0,0,0,0,0
101123,Gerald Green,HOU,201904140HOU,"Apr 14, 2019",UTA,9,6,2,7,52.94,65.41,-12.47,3,4,3,3,0,0,0,0,0,0,0,0,0,0,0,0,0,0,0,0,0,0,1,2
203526,Raul Neto,UTA,201904140HOU,"Apr 14, 2019",HOU,0,2,0,2,0.0,0.0,0.0,2,0,0,0,0,0,0,0,0,0,0,0,0,0,0,0,0,0,0,0,0,0,0,0
200757,Thabo Sefolosha,UTA,201904140HOU,"Apr 14, 2019",HOU,3,6,0,6,18.75,25.0,-6.25,2,0,4,3,0,0,0,0,0,0,0,0,0,0,0,0,0,0,0,0,0,0,0,0
202697,Iman Shumpert,HOU,201904140HOU,"Apr 14, 2019",UTA,0,1,0,1,0.0,0.0,0.0,0,0,1,0,0,0,0,0,0,0,0,0,0,0,0,0,0,0,0,0,0,0,0,0
1628960,Grayson Allen,UTA,201904140HOU,"Apr 14, 2019",HOU,0,2,0,2,0.0,0.0,0.0,2,0,0,0,0,0,0,0,0,0,0,0,0,0,0,0,0,0,0,0,0,0,0,0
1627777,Georges Niang,UTA,201904140HOU,"Apr 14, 2019",HOU,2,2,0,2,50.0,50.0,0.0,2,2,0,0,0,0,0,0,0,0,0,0,0,0,0,0,0,0,0,0,0,0,0,0
1627732,Ben Simmons,PHI,201904150PHI,"Apr 15, 2019",BKN,18,12,4,14,64.29,65.41,-1.12,12,16,0,0,1,1,0,0,0,0,0,0,0,0,1,1,0,0,0,0,0,0,0,0
202699,Tobias Harris,PHI,201904150PHI,"Apr 15, 2019",BKN,17,12,5,14,51.52,59.86,-8.34,8,6,4,6,1,2,1,3,0,0,0,0,0,0,0,0,0,0,0,0,0,0,0,0
1626156,D'Angelo Russell,BKN,201904150PHI,"Apr 15, 2019",PHI,16,16,1,16,40.0,48.66,-8.66,9,6,6,6,0,0,0,0,0,0,1,4,0,0,0,0,0,0,0,0,0,0,0,0
1629066,Rodions Kurucs,BKN,201904150PHI,"Apr 15, 2019",PHI,8,7,2,8,44.44,50.76,-6.32,5,6,2,0,1,2,0,0,0,0,0,0,0,0,0,0,0,0,0,0,0,0,0,0
201960,DeMarre Carroll,BKN,201904150PHI,"Apr 15, 2019",PHI,6,7,0,7,31.58,42.86,-11.28,2,0,5,6,0,0,0,0,0,0,0,0,0,0,0,0,0,0,0,0,0,0,0,0
1628386,Jarrett Allen,BKN,201904150PHI,"Apr 15, 2019",PHI,9,4,4,6,75.0,78.12,-3.12,4,6,0,0,1,1,0,0,0,0,0,0,0,0,1,2,0,0,0,0,0,0,0,0
203925,Joe Harris,BKN,201904150PHI,"Apr 15, 2019",PHI,4,4,2,5,33.33,40.98,-7.65,2,2,2,0,1,2,0,0,0,0,0,0,0,0,0,0,0,0,0,0,0,0,0,0
202710,Jimmy Butler III,PHI,201904150PHI,"Apr 15, 2019",BKN,7,10,2,11,30.43,32.17,-1.74,9,6,1,0,1,1,0,0,0,0,0,0,0,0,0,0,0,0,0,0,0,0,0,0
200755,JJ Redick,BKN,201904150PHI,"Apr 15, 2019",PHI,17,12,1,13,56.67,68.33,-11.66,7,10,5,6,0,0,0,0,0,0,0,0,1,1,0,0,0,0,0,0,0,0,0,0
203954,Joel Embiid,PHI,201904150PHI,"Apr 15, 2019",BKN,23,12,8,15,71.88,74.1,-2.22,10,12,0,0,3,5,0,0,2,6,0,0,0,0,0,0,0,0,0,0,0,0,0,0
203915,Spencer Dinwiddie,BKN,201904150PHI,"Apr 15, 2019",PHI,19,16,1,16,47.5,57.79,-10.29,9,10,6,6,0,0,0,0,0,0,1,3,0,0,0,0,0,0,0,0,0,0,0,0
1626203,Treveon Graham,BKN,201904150PHI,"Apr 15, 2019",PHI,5,4,4,6,35.71,43.4,-7.69,2,4,2,0,1,0,0,0,0,0,0,0,0,0,0,0,0,0,0,0,0,0,1,1
1626246,Boban Marjanovic,PHI,201904150PHI,"Apr 15, 2019",BKN,16,14,0,14,57.14,57.14,0.0,14,16,0,0,0,0,0,0,0,0,0,0,0,0,0,0,0,0,0,0,0,0,0,0
203516,James Ennis III,PHI,201904150PHI,"Apr 15, 2019",BKN,6,2,2,3,100.0,104.17,-4.17,2,4,0,0,1,2,0,0,0,0,0,0,0,0,0,0,0,0,0,0,0,0,0,0
203118,Mike Scott,PHI,201904150PHI,"Apr 15, 2019",BKN,15,7,2,8,71.43,95.18,-23.75,2,4,5,9,1,2,0,0,0,0,0,0,0,0,0,0,0,0,0,0,0,0,0,0
202334,Ed Davis,BKN,201904150PHI,"Apr 15, 2019",PHI,2,1,0,1,100.0,100.0,0.0,1,2,0,0,0,0,0,0,0,0,0,0,0,0,0,0,0,0,0,0,0,0,0,0
1627747,Caris LeVert,BKN,201904150PHI,"Apr 15, 2019",PHI,13,8,5,11,52.0,63.73,-11.73,4,2,4,6,2,4,0,0,0,0,0,0,1,1,0,0,0,0,0,0,0,0,0,0
1626178,Rondae Hollis-Jefferson,BKN,201904150PHI,"Apr 15, 2019",PHI,15,10,6,13,57.69,59.34,-1.65,10,10,0,0,3,5,0,0,0,0,0,0,0,0,0,0,0,0,0,0,0,0,0,0
1628413,Jonah Bolden,PHI,201904150PHI,"Apr 15, 2019",BKN,1,2,2,3,12.5,17.36,-4.86,0,0,2,0,1,1,0,0,0,0,0,0,0,0,0,0,0,0,0,0,0,0,0,0
203894,Shabazz Napier,BKN,201904150PHI,"Apr 15, 2019",PHI,13,6,4,7,68.42,83.76,-15.34,2,2,3,6,0,0,1,2,1,3,0,0,0,0,0,0,0,0,0,0,0,0,0,0
1629033,Theo Pinson,BKN,201904150PHI,"Apr 15, 2019",PHI,9,5,0,5,64.29,90.0,-25.71,1,0,4,9,0,0,0,0,0,0,0,0,0,0,0,0,0,0,0,0,0,0,0,0
1627788,Furkan Korkmaz,PHI,201904150PHI,"Apr 15, 2019",BKN,7,4,2,5,58.33,71.72,-13.39,2,2,2,3,0,0,0,0,0,0,0,0,0,0,0,0,0,0,0,0,0,0,1,2
204456,T.J. McConnell,PHI,201904150PHI,"Apr 15, 2019",BKN,8,5,0,5,80.0,80.0,0.0,5,8,0,0,0,0,0,0,0,0,0,0,0,0,0,0,0,0,0,0,0,0,0,0
203613,Jonathon Simmons,PHI,201904150PHI,"Apr 15, 2019",BKN,3,3,2,4,30.0,38.66,-8.66,1,2,2,0,1,1,0,0,0,0,0,0,0,0,0,0,0,0,0,0,0,0,0,0
1629058,Dzanan Musa,BKN,201904150PHI,"Apr 15, 2019",PHI,4,2,0,2,100.0,100.0,0.0,2,4,0,0,0,0,0,0,0,0,0,0,0,0,0,0,0,0,0,0,0,0,0,0
202328,Greg Monroe,PHI,201904150PHI,"Apr 15, 2019",BKN,5,3,0,3,62.5,83.33,-20.83,1,2,2,3,0,0,0,0,0,0,0,0,0,0,0,0,0,0,0,0,0,0,0,0
201568,Danilo Gallinari,LAC,201904150GSW,"Apr 15, 2019",GSW,24,17,6,19,52.17,61.1,-8.93,9,6,6,9,2,4,0,0,2,5,0,0,0,0,0,0,0,0,0,0,0,0,0,0
202326,DeMarcus Cousins,GSW,201904150GSW,"Apr 15, 2019",LAC,2,1,2,2,50.0,53.19,-3.19,1,0,0,0,1,2,0,0,0,0,0,0,0,0,0,0,0,0,0,0,0,0,0,0
201142,Kevin Durant,GSW,201904150GSW,"Apr 15, 2019",LAC,21,8,12,13,72.41,79.07,-6.66,5,6,1,0,1,2,0,0,2,6,0,0,0,0,0,0,0,0,0,0,0,0,4,7
1628983,Shai Gilgeous-Alexander,LAC,201904150GSW,"Apr 15, 2019",GSW,4,5,0,5,40.0,40.0,0.0,5,4,0,0,0,0,0,0,0,0,0,0,0,0,0,0,0,0,0,0,0,0,0,0
1627826,Ivica Zubac,LAC,201904150GSW,"Apr 15, 2019",GSW,2,2,0,2,50.0,50.0,0.0,2,2,0,0,0,0,0,0,0,0,0,0,0,0,0,0,0,0,0,0,0,0,0,0
201939,Stephen Curry,GSW,201904150GSW,"Apr 15, 2019",LAC,29,18,8,22,52.73,67.38,-14.65,7,6,11,15,2,4,0,0,0,0,0,0,0,0,0,0,0,0,0,0,0,0,2,4
201976,Patrick Beverley,LAC,201904150GSW,"Apr 15, 2019",GSW,10,8,2,9,43.48,56.31,-12.83,3,2,5,6,0,0,0,0,0,0,0,0,0,0,0,0,0,0,0,0,0,0,1,2
203110,Draymond Green,GSW,201904150GSW,"Apr 15, 2019",LAC,14,9,4,11,56.0,65.06,-9.06,6,8,3,3,2,3,0,0,0,0,0,0,0,0,0,0,0,0,0,0,0,0,0,0
1629013,Landry Shamet,LAC,201904150GSW,"Apr 15, 2019",GSW,12,9,0,9,44.44,66.67,-22.23,0,0,9,12,0,0,0,0,0,0,0,0,0,0,0,0,0,0,0,0,0,0,0,0
202691,Klay Thompson,LAC,201904150GSW,"Apr 15, 2019",GSW,17,11,4,13,56.67,66.61,-9.94,7,10,4,3,2,4,0,0,0,0,0,0,0,0,0,0,0,0,0,0,0,0,0,0
101106,Andrew Bogut,GSW,201904150GSW,"Apr 15, 2019",LAC,3,2,2,3,50.0,52.08,-2.08,2,2,0,0,1,1,0,0,0,0,0,0,0,0,0,0,0,0,0,0,0,0,0,0
1626149,Montrezl Harrell,LAC,201904150GSW,"Apr 15, 2019",GSW,25,9,9,13,92.59,96.45,-3.86,8,16,0,0,3,5,0,0,1,2,0,0,0,0,0,0,0,0,0,0,0,0,1,2
101150,Lou Williams,LAC,201904150GSW,"Apr 15, 2019",GSW,36,22,10,26,62.07,68.18,-6.11,16,18,4,6,4,6,0,0,2,6,0,0,0,0,0,0,0,0,0,0,0,0,0,0
2738,Andre Iguodala,GSW,201904150GSW,"Apr 15, 2019",LAC,9,6,4,8,42.86,57.99,-15.13,1,2,5,3,1,2,0,0,0,0,0,0,0,0,0,0,0,0,0,0,0,0,1,2
1626172,Kevon Looney,GSW,201904150GSW,"Apr 15, 2019",LAC,19,6,8,10,95.0,99.79,-4.79,6,12,0,0,3,5,0,0,0,0,0,0,0,0,0,0,0,0,0,0,0,0,1,2
203210,JaMychal Green,LAC,201904150GSW,"Apr 15, 2019",GSW,13,6,2,7,76.47,94.48,-18.01,3,6,3,6,1,1,0,0,0,0,0,0,0,0,0,0,0,0,0,0,0,0,0,0
201163,Wilson Chandler,LAC,201904150GSW,"Apr 15, 2019",GSW,2,3,0,3,25.0,33.33,-8.33,1,2,2,0,0,0,0,0,0,0,0,0,0,0,0,0,0,0,0,0,0,0,0,0
202066,Garrett Temple,LAC,201904150GSW,"Apr 15, 2019",GSW,7,4,2,5,58.33,71.72,-13.39,2,2,2,3,0,0,0,0,0,0,0,0,0,0,0,0,0,0,0,0,0,0,1,2
2733,Shaun Livingston,GSW,201904150GSW,"Apr 15, 2019",LAC,6,6,1,6,46.15,46.58,-0.43,5,4,0,0,0,0,0,0,1,2,0,0,0,0,0,0,0,0,0,0,0,0,0,0
1626188,Quinn Cook,GSW,201904150GSW,"Apr 15, 2019",LAC,11,7,0,7,64.71,78.57,-13.86,4,2,3,9,0,0,0,0,0,0,0,0,0,0,0,0,0,0,0,0,0,0,0,0
201973,Jonas Jerebko,LAC,201904150GSW,"Apr 15, 2019",GSW,0,1,0,1,0.0,0.0,0.0,0,0,1,0,0,0,0,0,0,0,0,0,0,0,0,0,0,0,0,0,0,0,0,0
202695,Kawhi Leonard,TOR,201904160TOR,"Apr 16, 2019",ORL,37,22,3,23,67.27,79.33,-12.06,13,20,8,12,1,2,0,0,1,3,0,0,0,0,0,0,0,0,0,0,0,0,0,0
201571,D.J. Augustin,ORL,201904160TOR,"Apr 16, 2019",TOR,9,6,7,9,45.0,49.56,-4.56,5,2,1,0,2,4,1,3,0,0,0,0,0,0,0,0,0,0,0,0,0,0,0,0
201980,Danny Green,TOR,201904160TOR,"Apr 16, 2019",ORL,0,4,0,4,0.0,0.0,0.0,1,0,3,0,0,0,0,0,0,0,0,0,0,0,0,0,0,0,0,0,0,0,0,0
1628371,Jonathan Isaac,ORL,201904160TOR,"Apr 16, 2019",TOR,5,8,4,9,19.23,25.61,-6.38,1,0,6,0,0,0,1,2,1,3,0,0,0,0,0,0,0,0,0,0,0,0,0,0
202696,Nikola Vučević,TOR,201904160TOR,"Apr 16, 2019",ORL,6,7,2,8,35.29,38.07,-2.78,6,6,1,0,1,0,0,0,0,0,0,0,0,0,0,0,0,0,0,0,0,0,0,0
200768,Kyle Lowry,TOR,201904160TOR,"Apr 16, 2019",ORL,22,13,5,16,62.86,72.37,-9.51,9,12,4,6,2,3,0,0,0,0,0,0,1,1,0,0,0,0,0,0,0,0,0,0
203095,Evan Fournier,ORL,201904160TOR,"Apr 16, 2019",TOR,10,12,0,12,32.26,41.67,-9.41,5,4,7,6,0,0,0,0,0,0,0,0,0,0,0,0,0,0,0,0,0,0,0,0
201188,Marc Gasol,ORL,201904160TOR,"Apr 16, 2019",TOR,9,5,0,5,64.29,90.0,-25.71,1,0,4,9,0,0,0,0,0,0,0,0,0,0,0,0,0,0,0,0,0,0,0,0
203932,Aaron Gordon,ORL,201904160TOR,"Apr 16, 2019",TOR,20,12,5,14,58.82,70.42,-11.6,6,8,5,9,2,1,0,0,1,2,0,0,0,0,0,0,0,0,0,0,0,0,0,0
1627783,Pascal Siakam,TOR,201904160TOR,"Apr 16, 2019",ORL,19,16,3,17,50.0,54.85,-4.85,12,14,3,0,1,2,0,0,1,3,0,0,0,0,0,0,0,0,0,0,0,0,0,0
1628411,Wes Iwundu,ORL,201904160TOR,"Apr 16, 2019",TOR,0,2,0,2,0.0,0.0,0.0,1,0,1,0,0,0,0,0,0,0,0,0,0,0,0,0,0,0,0,0,0,0,0,0
201586,Serge Ibaka,TOR,201904160TOR,"Apr 16, 2019",ORL,13,8,4,10,59.09,66.6,-7.51,6,6,2,3,1,2,0,0,0,0,0,0,0,0,0,0,0,0,0,0,0,0,1,2
203082,Terrence Ross,ORL,201904160TOR,"Apr 16, 2019",TOR,15,10,5,12,46.88,61.48,-14.6,3,4,7,9,0,0,1,2,0,0,0,0,0,0,0,0,0,0,0,0,0,0,1,0
203487,Michael Carter-Williams,ORL,201904160TOR,"Apr 16, 2019",TOR,8,9,1,9,40.0,42.37,-2.37,7,6,1,0,0,0,0,0,1,2,0,0,0,0,0,0,0,0,0,0,0,0,0,0
1627832,Fred VanVleet,TOR,201904160TOR,"Apr 16, 2019",ORL,2,5,0,5,16.67,20.0,-3.33,3,2,2,0,0,0,0,0,0,0,0,0,0,0,0,0,0,0,0,0,0,0,0,0
201975,Jodie Meeks,TOR,201904160TOR,"Apr 16, 2019",ORL,0,3,0,3,0.0,0.0,0.0,0,0,3,0,0,0,0,0,0,0,0,0,0,0,0,0,0,0,0,0,0,0,0,0
1626181,Norman Powell,TOR,201904160TOR,"Apr 16, 2019",ORL,5,10,0,10,19.23,25.0,-5.77,4,2,6,3,0,0,0,0,0,0,0,0,0,0,0,0,0,0,0,0,0,0,0,0
203920,Khem Birch,ORL,201904160TOR,"Apr 16, 2019",TOR,4,7,0,7,28.57,28.57,0.0,7,4,0,0,0,0,0,0,0,0,0,0,0,0,0,0,0,0,0,0,0,0,0,0
1628982,Melvin Frazier Jr.,ORL,201904160TOR,"Apr 16, 2019",TOR,0,2,0,2,0.0,0.0,0.0,2,0,0,0,0,0,0,0,0,0,0,0,0,0,0,0,0,0,0,0,0,0,0,0
1626170,Jerian Grant,ORL,201904160TOR,"Apr 16, 2019",TOR,0,2,0,2,0.0,0.0,0.0,0,0,2,0,0,0,0,0,0,0,0,0,0,0,0,0,0,0,0,0,0,0,0,0
1626185,Jarell Martin,ORL,201904160TOR,"Apr 16, 2019",TOR,5,4,0,4,45.45,62.5,-17.05,1,2,3,3,0,0,0,0,0,0,0,0,0,0,0,0,0,0,0,0,0,0,0,0
202391,Jeremy Lin,TOR,201904160TOR,"Apr 16, 2019",ORL,4,1,2,2,100.0,106.38,-6.38,1,2,0,0,0,0,0,0,0,0,0,0,0,0,0,0,0,0,0,0,0,0,1,2
1627750,Jamal Murray,DEN,201904160DEN,"Apr 16, 2019",SAS,24,17,7,21,54.55,59.76,-5.21,14,12,3,6,2,3,0,0,0,0,0,0,1,1,0,0,0,0,0,0,0,0,1,2
201942,DeMar DeRozan,SAS,201904160DEN,"Apr 16, 2019",DEN,31,19,9,24,65.96,67.51,-1.55,19,22,0,0,4,8,0,0,0,0,0,0,1,1,0,0,0,0,0,0,0,0,0,0
1627751,Jakob Poeltl,SAS,201904160DEN,"Apr 16, 2019",DEN,5,5,2,6,41.67,42.52,-0.85,5,4,0,0,0,0,0,0,0,0,0,0,0,0,0,0,0,0,0,0,0,0,1,1
203115,Will Barton,DEN,201904160DEN,"Apr 16, 2019",SAS,3,10,4,12,10.0,12.76,-2.76,4,2,6,0,2,1,0,0,0,0,0,0,0,0,0,0,0,0,0,0,0,0,0,0
200794,Paul Millsap,DEN,201904160DEN,"Apr 16, 2019",SAS,20,10,7,13,71.43,76.45,-5.02,8,10,1,3,3,4,0,0,1,3,0,0,0,0,0,0,0,0,0,0,0,0,0,0
200746,LaMarcus Aldridge,SAS,201904160DEN,"Apr 16, 2019",DEN,24,20,10,25,46.15,49.18,-3.03,18,16,2,0,3,5,0,0,0,0,0,0,0,0,0,0,0,0,0,0,0,0,2,3
203914,Gary Harris,DEN,201904160DEN,"Apr 16, 2019",SAS,23,16,1,16,58.97,69.95,-10.98,9,12,6,9,0,0,0,0,1,2,0,0,0,0,0,0,0,0,0,0,0,0,0,0
203999,Nikola Jokić,DEN,201904160DEN,"Apr 16, 2019",SAS,21,15,6,18,53.85,59.52,-5.67,12,10,3,6,2,4,0,0,0,0,0,0,0,0,0,0,0,0,0,0,0,0,1,1
201158,Marco Belinelli,SAS,201904160DEN,"Apr 16, 2019",DEN,8,5,1,5,61.54,73.53,-11.99,3,4,1,0,0,0,0,0,0,0,1,4,0,0,0,0,0,0,0,0,0,0,0,0
1628401,Derrick White,SAS,201904160DEN,"Apr 16, 2019",DEN,17,11,2,12,65.38,71.55,-6.17,9,12,2,3,1,2,0,0,0,0,0,0,0,0,0,0,0,0,0,0,0,0,0,0
1627854,Bryn Forbes,SAS,201904160DEN,"Apr 16, 2019",DEN,5,6,0,6,31.25,41.67,-10.42,2,2,4,3,0,0,0,0,0,0,0,0,0,0,0,0,0,0,0,0,0,0,0,0
200752,Rudy Gay,SAS,201904160DEN,"Apr 16, 2019",DEN,5,9,1,9,25.0,26.48,-1.48,7,2,1,0,0,0,0,0,1,3,0,0,0,0,0,0,0,0,0,0,0,0,0,0
201988,Patty Mills,SAS,201904160DEN,"Apr 16, 2019",DEN,5,5,0,5,38.46,50.0,-11.54,2,2,3,3,0,0,0,0,0,0,0,0,0,0,0,0,0,0,0,0,0,0,0,0
1628420,Monte Morris,DEN,201904160DEN,"Apr 16, 2019",SAS,11,10,1,10,50.0,52.68,-2.68,8,8,1,0,0,0,0,0,1,3,0,0,0,0,0,0,0,0,0,0,0,0,0,0
202722,Davis Bertans,SAS,201904160DEN,"Apr 16, 2019",DEN,3,4,0,4,25.0,37.5,-12.5,0,0,4,3,0,0,0,0,0,0,0,0,0,0,0,0,0,0,0,0,0,0,0,0
1627736,Malik Beasley,DEN,201904160DEN,"Apr 16, 2019",SAS,8,7,0,7,44.44,57.14,-12.7,3,2,4,6,0,0,0,0,0,0,0,0,0,0,0,0,0,0,0,0,0,0,0,0
203486,Mason Plumlee,DEN,201904160DEN,"Apr 16, 2019",SAS,4,4,0,4,50.0,50.0,0.0,4,4,0,0,0,0,0,0,0,0,0,0,0,0,0,0,0,0,0,0,0,0,0,0
202700,Donatas Motiejunas,SAS,201904160DEN,"Apr 16, 2019",DEN,2,2,0,2,50.0,50.0,0.0,2,2,0,0,0,0,0,0,0,0,0,0,0,0,0,0,0,0,0,0,0,0,0,0
203500,Steven Adams,OKC,201904160POR,"Apr 16, 2019",POR,16,8,5,10,76.19,78.43,-2.24,7,12,0,0,1,1,0,0,1,2,0,0,0,0,0,0,0,0,0,0,0,0,1,1
202683,Enes Freedom,POR,201904160POR,"Apr 16, 2019",OKC,6,5,2,6,50.0,51.02,-1.02,5,4,0,0,0,0,0,0,0,0,0,0,0,0,0,0,0,0,0,0,0,0,1,2
202331,Paul George,OKC,201904160POR,"Apr 16, 2019",POR,27,20,4,22,52.94,62.04,-9.1,13,18,7,6,2,3,0,0,0,0,0,0,0,0,0,0,0,0,0,0,0,0,0,0
203468,CJ McCollum,POR,201904160POR,"Apr 16, 2019",OKC,33,22,6,25,57.89,66.96,-9.07,15,18,7,9,1,2,0,0,0,0,0,0,0,0,0,0,0,0,0,0,0,0,2,4
203090,Maurice Harkless,POR,201904160POR,"Apr 16, 2019",OKC,14,9,2,10,63.64,70.85,-7.21,7,10,2,3,1,1,0,0,0,0,0,0,0,0,0,0,0,0,0,0,0,0,0,0
1628390,Terrance Ferguson,OKC,201904160POR,"Apr 16, 2019",POR,7,9,0,9,30.43,38.89,-8.46,4,4,5,3,0,0,0,0,0,0,0,0,0,0,0,0,0,0,0,0,0,0,0,0
203924,Jerami Grant,OKC,201904160POR,"Apr 16, 2019",POR,5,7,6,10,20.0,25.93,-5.93,2,2,5,0,2,2,0,0,0,0,0,0,0,0,0,0,0,0,0,0,0,0,1,1
203081,Damian Lillard,POR,201904160POR,"Apr 16, 2019",OKC,29,21,7,23,50.88,60.22,-9.34,12,10,7,9,0,0,1,3,1,2,1,4,0,0,0,0,0,0,0,0,0,0,1,1
202329,Al-Farouq Aminu,POR,201904160POR,"Apr 16, 2019",OKC,6,7,2,8,31.58,38.07,-6.49,4,2,3,3,1,1,0,0,0,0,0,0,0,0,0,0,0,0,0,0,0,0,0,0
201566,Russell Westbrook,OKC,201904160POR,"Apr 16, 2019",POR,14,20,3,21,28.57,32.83,-4.26,13,6,6,3,0,0,0,0,1,3,0,0,0,0,0,0,0,0,0,0,0,0,1,2
203471,Dennis Schröder,OKC,201904160POR,"Apr 16, 2019",POR,7,5,4,7,46.67,51.78,-5.11,4,4,1,0,2,3,0,0,0,0,0,0,0,0,0,0,0,0,0,0,0,0,0,0
1628380,Zach Collins,POR,201904160POR,"Apr 16, 2019",OKC,6,5,0,5,60.0,60.0,0.0,5,6,0,0,0,0,0,0,0,0,0,0,0,0,0,0,0,0,0,0,0,0,0,0
203918,Rodney Hood,POR,201904160POR,"Apr 16, 2019",OKC,4,7,0,7,21.05,28.57,-7.52,2,4,5,0,0,0,0,0,0,0,0,0,0,0,0,0,0,0,0,0,0,0,0,0
202693,Markieff Morris,OKC,201904160POR,"Apr 16, 2019",POR,7,3,4,5,63.64,73.53,-9.89,2,0,1,3,2,4,0,0,0,0,0,0,0,0,0,0,0,0,0,0,0,0,0,0
203457,Nerlens Noel,OKC,201904160POR,"Apr 16, 2019",POR,8,6,0,6,66.67,66.67,0.0,6,8,0,0,0,0,0,0,0,0,0,0,0,0,0,0,0,0,0,0,0,0,0,0
203552,Seth Curry,POR,201904160POR,"Apr 16, 2019",OKC,9,5,0,5,64.29,90.0,-25.71,1,0,4,9,0,0,0,0,0,0,0,0,0,0,0,0,0,0,0,0,0,0,0,0
202323,Evan Turner,POR,201904160POR,"Apr 16, 2019",OKC,0,2,0,2,0.0,0.0,0.0,2,0,0,0,0,0,0,0,0,0,0,0,0,0,0,0,0,0,0,0,0,0,0,0
101109,Raymond Felton,OKC,201904160POR,"Apr 16, 2019",POR,1,3,2,4,10.0,12.89,-2.89,1,0,2,0,0,0,0,0,0,0,0,0,0,0,0,0,0,0,0,0,0,0,1,1
1627774,Jake Layman,OKC,201904160POR,"Apr 16, 2019",POR,2,1,2,2,40.0,53.19,-13.19,0,0,1,0,0,0,0,0,0,0,0,0,0,0,0,0,0,0,0,0,0,0,1,2
203086,Meyers Leonard,POR,201904160POR,"Apr 16, 2019",OKC,5,4,0,4,55.56,62.5,-6.94,3,2,1,3,0,0,0,0,0,0,0,0,0,0,0,0,0,0,0,0,0,0,0,0
1627846,Abdel Nader,OKC,201904160POR,"Apr 16, 2019",POR,0,1,0,1,0.0,0.0,0.0,1,0,0,0,0,0,0,0,0,0,0,0,0,0,0,0,0,0,0,0,0,0,0,0
1629126,Deonte Burton,OKC,201904160POR,"Apr 16, 2019",POR,2,4,0,4,22.22,25.0,-2.78,3,2,1,0,0,0,0,0,0,0,0,0,0,0,0,0,0,0,0,0,0,0,0,0
1627746,Skal Labissiere,POR,201904160POR,"Apr 16, 2019",OKC,0,1,0,1,0.0,0.0,0.0,0,0,1,0,0,0,0,0,0,0,0,0,0,0,0,0,0,0,0,0,0,0,0,0
1629014,Anfernee Simons,POR,201904160POR,"Apr 16, 2019",OKC,0,1,0,1,0.0,0.0,0.0,1,0,0,0,0,0,0,0,0,0,0,0,0,0,0,0,0,0,0,0,0,0,0,0
203382,Aron Baynes,BOS,201904170BOS,"Apr 17, 2019",IND,5,2,0,2,100.0,125.0,-25.0,1,2,1,3,0,0,0,0,0,0,0,0,0,0,0,0,0,0,0,0,0,0,0,0
201152,Thaddeus Young,IND,201904170BOS,"Apr 17, 2019",BOS,15,13,2,14,45.45,54.03,-8.58,8,10,5,3,1,2,0,0,0,0,0,0,0,0,0,0,0,0,0,0,0,0,0,0
202681,Kyrie Irving,BOS,201904170BOS,"Apr 17, 2019",IND,37,26,2,27,57.81,68.82,-11.01,16,18,10,18,1,1,0,0,0,0,0,0,0,0,0,0,0,0,0,0,0,0,0,0
202711,Bojan Bogdanovic,IND,201904170BOS,"Apr 17, 2019",BOS,23,21,2,22,44.23,52.56,-8.33,12,8,8,12,0,0,0,0,1,3,0,0,1,0,0,0,0,0,0,0,0,0,0,0
201143,Al Horford,BOS,201904170BOS,"Apr 17, 2019",IND,4,6,0,6,33.33,33.33,0.0,6,4,0,0,0,0,0,0,0,0,0,0,0,0,0,0,0,0,0,0,0,0,0,0
1628369,Jayson Tatum,BOS,201904170BOS,"Apr 17, 2019",IND,26,20,1,20,55.32,63.6,-8.28,13,14,6,9,0,0,0,0,1,3,0,0,0,0,0,0,0,0,0,0,0,0,0,0
201954,Darren Collison,IND,201904170BOS,"Apr 17, 2019",BOS,13,10,0,10,59.09,65.0,-5.91,8,10,2,3,0,0,0,0,0,0,0,0,0,0,0,0,0,0,0,0,0,0,0,0
1626167,Myles Turner,IND,201904170BOS,"Apr 17, 2019",BOS,8,7,0,7,42.11,57.14,-15.03,2,2,5,6,0,0,0,0,0,0,0,0,0,0,0,0,0,0,0,0,0,0,0,0
1627759,Jaylen Brown,BOS,201904170BOS,"Apr 17, 2019",IND,6,6,0,6,42.86,50.0,-7.14,4,6,2,0,0,0,0,0,0,0,0,0,0,0,0,0,0,0,0,0,0,0,0,0
202083,Wesley Matthews,BOS,201904170BOS,"Apr 17, 2019",IND,6,8,0,8,27.27,37.5,-10.23,2,0,6,6,0,0,0,0,0,0,0,0,0,0,0,0,0,0,0,0,0,0,0,0
202330,Gordon Hayward,BOS,201904170BOS,"Apr 17, 2019",IND,13,7,4,9,65.0,74.2,-9.2,5,6,2,3,1,2,0,0,0,0,0,0,0,0,0,0,0,0,0,0,0,0,1,2
202694,Marcus Morris Sr.,BOS,201904170BOS,"Apr 17, 2019",IND,0,8,0,8,0.0,0.0,0.0,4,0,4,0,0,0,0,0,0,0,0,0,0,0,0,0,0,0,0,0,0,0,0,0
1628464,Daniel Theis,BOS,201904170BOS,"Apr 17, 2019",IND,4,4,2,5,36.36,40.98,-4.62,3,2,1,0,1,2,0,0,0,0,0,0,0,0,0,0,0,0,0,0,0,0,0,0
201936,Tyreke Evans,IND,201904170BOS,"Apr 17, 2019",BOS,13,9,2,10,54.17,65.79,-11.62,5,4,4,9,1,0,0,0,0,0,0,0,0,0,0,0,0,0,0,0,0,0,0,0
202709,Cory Joseph,IND,201904170BOS,"Apr 17, 2019",BOS,6,6,0,6,46.15,50.0,-3.85,5,6,1,0,0,0,0,0,0,0,0,0,0,0,0,0,0,0,0,0,0,0,0,0
203926,Doug McDermott,IND,201904170BOS,"Apr 17, 2019",BOS,4,3,2,4,40.0,51.55,-11.55,1,2,2,0,1,2,0,0,0,0,0,0,0,0,0,0,0,0,0,0,0,0,0,0
1627734,Domantas Sabonis,IND,201904170BOS,"Apr 17, 2019",BOS,1,1,2,2,25.0,26.6,-1.6,1,0,0,0,1,1,0,0,0,0,0,0,0,0,0,0,0,0,0,0,0,0,0,0
1628988,Aaron Holiday,IND,201904170BOS,"Apr 17, 2019",BOS,2,3,0,3,28.57,33.33,-4.76,2,2,1,0,0,0,0,0,0,0,0,0,0,0,0,0,0,0,0,0,0,0,0,0
1626179,Terry Rozier,BOS,201904170BOS,"Apr 17, 2019",IND,4,5,0,5,33.33,40.0,-6.67,3,4,2,0,0,0,0,0,0,0,0,0,0,0,0,0,0,0,0,0,0,0,0,0
1628379,Luke Kennard,DET,201904170MIL,"Apr 17, 2019",MIL,19,13,3,15,54.29,66.34,-12.05,7,4,6,12,1,2,0,0,0,0,0,0,1,1,0,0,0,0,0,0,0,0,0,0
201572,Brook Lopez,MIL,201904170MIL,"Apr 17, 2019",DET,8,8,2,9,38.1,45.05,-6.95,5,4,3,3,0,0,0,0,0,0,0,0,0,0,0,0,0,0,0,0,0,0,1,1
202339,Eric Bledsoe,DET,201904170MIL,"Apr 17, 2019",MIL,27,19,3,20,55.1,66.44,-11.34,10,14,8,9,0,0,0,0,1,2,0,0,0,0,0,0,0,0,0,0,0,0,1,2
202704,Reggie Jackson,DET,201904170MIL,"Apr 17, 2019",MIL,18,16,4,18,46.15,50.68,-4.53,13,12,3,3,2,3,0,0,0,0,0,0,0,0,0,0,0,0,0,0,0,0,0,0
1627748,Thon Maker,DET,201904170MIL,"Apr 17, 2019",MIL,6,9,2,10,26.09,30.36,-4.27,6,4,3,0,1,2,0,0,0,0,0,0,0,0,0,0,0,0,0,0,0,0,0,0
201961,Wayne Ellington,DET,201904170MIL,"Apr 17, 2019",MIL,8,10,0,10,29.63,40.0,-10.37,3,2,7,6,0,0,0,0,0,0,0,0,0,0,0,0,0,0,0,0,0,0,0,0
203507,Giannis Antetokounmpo,MIL,201904170MIL,"Apr 17, 2019",DET,26,18,5,19,59.09,64.36,-5.27,12,14,3,3,1,1,0,0,3,8,0,0,0,0,0,0,0,0,0,0,0,0,0,0
203114,Khris Middleton,MIL,201904170MIL,"Apr 17, 2019",DET,24,15,8,19,54.55,64.79,-10.24,8,8,6,6,1,2,0,0,1,3,0,0,1,1,0,0,0,0,0,0,0,0,2,4
203083,Andre Drummond,DET,201904170MIL,"Apr 17, 2019",MIL,18,15,4,17,51.43,53.7,-2.27,14,16,1,0,2,2,0,0,0,0,0,0,0,0,0,0,0,0,0,0,0,0,0,0
1628425,Sterling Brown,DET,201904170MIL,"Apr 17, 2019",MIL,8,5,3,6,57.14,63.29,-6.15,3,2,1,3,1,0,0,0,1,3,0,0,0,0,0,0,0,0,0,0,0,0,0,0
1626192,Pat Connaughton,MIL,201904170MIL,"Apr 17, 2019",DET,18,10,0,10,78.26,90.0,-11.74,7,12,3,6,0,0,0,0,0,0,0,0,0,0,0,0,0,0,0,0,0,0,0,0
101141,Ersan Ilyasova,MIL,201904170MIL,"Apr 17, 2019",DET,3,3,0,3,42.86,50.0,-7.14,2,0,1,3,0,0,0,0,0,0,0,0,0,0,0,0,0,0,0,0,0,0,0,0
204038,Langston Galloway,DET,201904170MIL,"Apr 17, 2019",MIL,9,7,0,7,47.37,64.29,-16.92,2,0,5,9,0,0,0,0,0,0,0,0,0,0,0,0,0,0,0,0,0,0,0,0
203922,Glenn Robinson III,DET,201904170MIL,"Apr 17, 2019",MIL,9,10,2,11,32.14,41.36,-9.22,4,4,6,3,1,2,0,0,0,0,0,0,0,0,0,0,0,0,0,0,0,0,0,0
202397,Ish Smith,DET,201904170MIL,"Apr 17, 2019",MIL,7,13,2,14,22.58,25.22,-2.64,10,6,3,0,1,1,0,0,0,0,0,0,0,0,0,0,0,0,0,0,0,0,0,0
201588,George Hill,MIL,201904170MIL,"Apr 17, 2019",DET,4,7,0,7,28.57,28.57,0.0,7,4,0,0,0,0,0,0,0,0,0,0,0,0,0,0,0,0,0,0,0,0,0,0
202703,Nikola Mirotic,DET,201904170MIL,"Apr 17, 2019",MIL,2,5,0,5,18.18,20.0,-1.82,4,2,1,0,0,0,0,0,0,0,0,0,0,0,0,0,0,0,0,0,0,0,0,0
1628971,Bruce Brown,DET,201904170MIL,"Apr 17, 2019",MIL,5,4,0,4,55.56,62.5,-6.94,3,2,1,3,0,0,0,0,0,0,0,0,0,0,0,0,0,0,0,0,0,0,0,0
1629017,Khyri Thomas,DET,201904170MIL,"Apr 17, 2019",MIL,0,2,0,2,0.0,0.0,0.0,1,0,1,0,0,0,0,0,0,0,0,0,0,0,0,0,0,0,0,0,0,0,0,0
204060,Joe Ingles,UTA,201904170HOU,"Apr 17, 2019",HOU,7,8,0,8,31.82,43.75,-11.93,2,4,6,3,0,0,0,0,0,0,0,0,0,0,0,0,0,0,0,0,0,0,0,0
203991,Clint Capela,HOU,201904170HOU,"Apr 17, 2019",UTA,7,4,3,5,63.64,65.79,-2.15,3,4,0,0,1,1,0,0,1,2,0,0,0,0,0,0,0,0,0,0,0,0,0,0
1628378,Donovan Mitchell,UTA,201904170HOU,"Apr 17, 2019",HOU,11,19,2,20,22.92,27.67,-4.75,11,8,8,3,1,0,0,0,0,0,0,0,0,0,0,0,0,0,0,0,0,0,0,0
201569,Eric Gordon,HOU,201904170HOU,"Apr 17, 2019",UTA,16,11,1,11,55.17,69.93,-14.76,4,4,6,9,0,0,0,0,1,3,0,0,0,0,0,0,0,0,0,0,0,0,0,0
101108,Chris Paul,UTA,201904170HOU,"Apr 17, 2019",HOU,17,11,6,14,50.0,62.32,-12.32,5,8,6,3,0,0,0,0,0,0,0,0,0,0,0,0,0,0,0,0,0,0,3,6
202324,Derrick Favors,UTA,201904170HOU,"Apr 17, 2019",HOU,14,11,0,11,58.33,63.64,-5.31,9,14,2,0,0,0,0,0,0,0,0,0,0,0,0,0,0,0,0,0,0,0,0,0
201937,Ricky Rubio,UTA,201904170HOU,"Apr 17, 2019",HOU,17,17,2,18,43.59,47.54,-3.95,14,12,3,3,1,2,0,0,0,0,0,0,0,0,0,0,0,0,0,0,0,0,0,0
201935,James Harden,HOU,201904170HOU,"Apr 17, 2019",UTA,32,24,5,25,48.48,61.07,-12.59,10,8,12,15,0,0,1,3,1,3,1,3,0,0,0,0,0,0,0,0,0,0,0,0
203497,Rudy Gobert,UTA,201904170HOU,"Apr 17, 2019",HOU,11,6,7,9,57.89,60.57,-2.68,5,4,0,0,2,2,0,0,1,3,0,0,0,0,0,0,0,0,0,0,0,0,1,2
203109,Jae Crowder,UTA,201904170HOU,"Apr 17, 2019",HOU,5,9,0,9,20.83,27.78,-6.95,3,2,6,3,0,0,0,0,0,0,0,0,0,0,0,0,0,0,0,0,0,0,0,0
200782,P.J. Tucker,HOU,201904170HOU,"Apr 17, 2019",UTA,16,8,2,9,64.0,90.09,-26.09,1,2,7,12,0,0,0,0,0,0,0,0,0,0,0,0,0,0,0,0,0,0,1,2
1627863,Danuel House Jr.,HOU,201904170HOU,"Apr 17, 2019",UTA,8,6,4,8,38.1,51.55,-13.45,1,2,5,3,2,3,0,0,0,0,0,0,0,0,0,0,0,0,0,0,0,0,0,0
1626220,Royce O'Neale,UTA,201904170HOU,"Apr 17, 2019",HOU,17,10,0,10,65.38,85.0,-19.62,4,8,6,9,0,0,0,0,0,0,0,0,0,0,0,0,0,0,0,0,0,0,0,0
203085,Austin Rivers,HOU,201904170HOU,"Apr 17, 2019",UTA,8,8,2,9,36.36,45.05,-8.69,4,0,4,6,0,0,0,0,0,0,0,0,0,0,0,0,0,0,0,0,0,0,1,2
202702,Kenneth Faried,HOU,201904170HOU,"Apr 17, 2019",UTA,7,3,4,5,70.0,73.53,-3.53,3,4,0,0,1,2,0,0,0,0,0,0,0,0,0,0,0,0,0,0,0,0,1,1
2594,Kyle Korver,UTA,201904170HOU,"Apr 17, 2019",HOU,0,2,0,2,0.0,0.0,0.0,1,0,1,0,0,0,0,0,0,0,0,0,0,0,0,0,0,0,0,0,0,0,0,0
203526,Raul Neto,UTA,201904170HOU,"Apr 17, 2019",HOU,2,3,0,3,33.33,33.33,0.0,3,2,0,0,0,0,0,0,0,0,0,0,0,0,0,0,0,0,0,0,0,0,0,0
101123,Gerald Green,HOU,201904170HOU,"Apr 17, 2019",UTA,3,2,3,3,37.5,45.18,-7.68,1,0,1,0,0,0,1,3,0,0,0,0,0,0,0,0,0,0,0,0,0,0,0,0
200757,Thabo Sefolosha,UTA,201904170HOU,"Apr 17, 2019",HOU,0,3,0,3,0.0,0.0,0.0,2,0,1,0,0,0,0,0,0,0,0,0,0,0,0,0,0,0,0,0,0,0,0,0
1628960,Grayson Allen,UTA,201904170HOU,"Apr 17, 2019",HOU,9,5,7,8,45.0,55.69,-10.69,1,2,3,0,3,4,0,0,1,3,0,0,0,0,0,0,0,0,0,0,0,0,0,0
202697,Iman Shumpert,HOU,201904170HOU,"Apr 17, 2019",UTA,0,1,0,1,0.0,0.0,0.0,1,0,0,0,0,0,0,0,0,0,0,0,0,0,0,0,0,0,0,0,0,0,0,0
1627777,Georges Niang,HOU,201904170HOU,"Apr 17, 2019",UTA,5,4,0,4,50.0,62.5,-12.5,2,2,2,3,0,0,0,0,0,0,0,0,0,0,0,0,0,0,0,0,0,0,0,0
202327,Ekpe Udoh,UTA,201904170HOU,"Apr 17, 2019",HOU,0,1,0,1,0.0,0.0,0.0,1,0,0,0,0,0,0,0,0,0,0,0,0,0,0,0,0,0,0,0,0,0,0,0
1628392,Isaiah Hartenstein,HOU,201904170HOU,"Apr 17, 2019",UTA,4,2,0,2,100.0,100.0,0.0,2,4,0,0,0,0,0,0,0,0,0,0,0,0,0,0,0,0,0,0,0,0,0,0
1626156,D'Angelo Russell,BKN,201904180BRK,"Apr 18, 2019",PHI,26,27,0,27,41.27,48.15,-6.88,18,20,9,6,0,0,0,0,0,0,0,0,0,0,0,0,0,0,0,0,0,0,0,0
203925,Joe Harris,BKN,201904180BRK,"Apr 18, 2019",PHI,8,7,4,9,36.36,45.66,-9.3,3,4,4,0,2,4,0,0,0,0,0,0,0,0,0,0,0,0,0,0,0,0,0,0
202710,Jimmy Butler III,PHI,201904180BRK,"Apr 18, 2019",BKN,16,13,4,15,48.48,54.2,-5.72,10,12,3,0,2,4,0,0,0,0,0,0,0,0,0,0,0,0,0,0,0,0,0,0
202699,Tobias Harris,PHI,201904180BRK,"Apr 18, 2019",BKN,29,20,1,20,61.7,70.94,-9.24,13,8,6,18,0,0,0,0,1,3,0,0,0,0,0,0,0,0,0,0,0,0,0,0
200755,JJ Redick,PHI,201904180BRK,"Apr 18, 2019",BKN,26,17,9,22,50.0,62.02,-12.02,8,4,9,15,0,0,1,2,0,0,0,0,3,3,0,0,0,0,0,0,0,0,1,2
1629066,Rodions Kurucs,BKN,201904180BRK,"Apr 18, 2019",PHI,3,5,2,6,20.0,25.51,-5.51,2,2,3,0,1,1,0,0,0,0,0,0,0,0,0,0,0,0,0,0,0,0,0,0
201960,DeMarre Carroll,BKN,201904180BRK,"Apr 18, 2019",PHI,6,8,0,8,27.27,37.5,-10.23,2,0,6,6,0,0,0,0,0,0,0,0,0,0,0,0,0,0,0,0,0,0,0,0
1628386,Jarrett Allen,BKN,201904180BRK,"Apr 18, 2019",PHI,15,5,9,9,78.95,83.71,-4.76,4,6,0,0,4,6,0,0,1,3,0,0,0,0,0,0,0,0,0,0,0,0,0,0
202328,Greg Monroe,BKN,201904180BRK,"Apr 18, 2019",PHI,9,13,2,14,32.14,32.42,-0.28,13,8,0,0,0,0,0,0,0,0,0,0,0,0,0,0,0,0,0,0,0,0,1,1
1627732,Ben Simmons,PHI,201904180BRK,"Apr 18, 2019",BKN,31,13,11,18,83.78,86.88,-3.1,12,20,0,0,2,4,0,0,1,3,0,0,0,0,0,0,0,0,0,0,0,0,3,4
1626246,Boban Marjanovic,PHI,201904180BRK,"Apr 18, 2019",BKN,14,5,8,9,73.68,82.16,-8.48,4,6,1,0,4,8,0,0,0,0,0,0,0,0,0,0,0,0,0,0,0,0,0,0
203915,Spencer Dinwiddie,BKN,201904180BRK,"Apr 18, 2019",PHI,15,13,4,14,44.12,50.81,-6.69,8,6,3,0,1,2,0,0,1,3,1,4,0,0,0,0,0,0,0,0,0,0,0,0
201162,Jared Dudley,BKN,201904180BRK,"Apr 18, 2019",PHI,0,2,0,2,0.0,0.0,0.0,0,0,2,0,0,0,0,0,0,0,0,0,0,0,0,0,0,0,0,0,0,0,0,0
203516,James Ennis III,PHI,201904180BRK,"Apr 18, 2019",BKN,4,5,0,5,30.77,40.0,-9.23,2,4,3,0,0,0,0,0,0,0,0,0,0,0,0,0,0,0,0,0,0,0,0,0
203118,Mike Scott,PHI,201904180BRK,"Apr 18, 2019",BKN,0,4,0,4,0.0,0.0,0.0,0,0,4,0,0,0,0,0,0,0,0,0,0,0,0,0,0,0,0,0,0,0,0,0
1627747,Caris LeVert,BKN,201904180BRK,"Apr 18, 2019",PHI,26,17,3,18,57.78,70.96,-13.18,8,12,8,9,1,2,0,0,1,3,0,0,0,0,0,0,0,0,0,0,0,0,0,0
202334,Ed Davis,BKN,201904180BRK,"Apr 18, 2019",PHI,2,2,0,2,50.0,50.0,0.0,2,2,0,0,0,0,0,0,0,0,0,0,0,0,0,0,0,0,0,0,0,0,0,0
1626203,Treveon Graham,BKN,201904180BRK,"Apr 18, 2019",PHI,0,1,0,1,0.0,0.0,0.0,0,0,1,0,0,0,0,0,0,0,0,0,0,0,0,0,0,0,0,0,0,0,0,0
1626178,Rondae Hollis-Jefferson,BKN,201904180BRK,"Apr 18, 2019",PHI,14,7,13,13,51.85,55.03,-3.18,6,2,0,0,5,7,0,0,1,3,0,0,0,0,0,0,0,0,0,0,0,0,1,2
1629033,Theo Pinson,BKN,201904180BRK,"Apr 18, 2019",PHI,0,2,0,2,0.0,0.0,0.0,0,0,2,0,0,0,0,0,0,0,0,0,0,0,0,0,0,0,0,0,0,0,0,0
1627788,Furkan Korkmaz,PHI,201904180BRK,"Apr 18, 2019",BKN,0,2,0,2,0.0,0.0,0.0,1,0,1,0,0,0,0,0,0,0,0,0,0,0,0,0,0,0,0,0,0,0,0,0
204456,T.J. McConnell,PHI,201904180BRK,"Apr 18, 2019",BKN,0,1,0,1,0.0,0.0,0.0,1,0,0,0,0,0,0,0,0,0,0,0,0,0,0,0,0,0,0,0,0,0,0,0
203613,Jonathon Simmons,PHI,201904180BRK,"Apr 18, 2019",BKN,2,1,0,1,100.0,100.0,0.0,1,2,0,0,0,0,0,0,0,0,0,0,0,0,0,0,0,0,0,0,0,0,0,0
1628401,Derrick White,SAS,201904180SAS,"Apr 18, 2019",DEN,36,21,6,23,69.23,76.14,-6.91,15,24,4,3,1,2,0,0,2,5,0,0,0,0,0,0,0,0,0,0,0,0,1,2
203914,Gary Harris,DEN,201904180SAS,"Apr 18, 2019",SAS,12,13,4,15,34.29,40.65,-6.36,8,4,5,6,2,2,0,0,0,0,0,0,0,0,0,0,0,0,0,0,0,0,0,0
200746,LaMarcus Aldridge,SAS,201904180SAS,"Apr 18, 2019",DEN,18,17,2,18,48.65,50.34,-1.69,16,16,1,0,0,0,0,0,0,0,0,0,0,0,0,0,0,0,0,0,0,0,1,2
201942,DeMar DeRozan,SAS,201904180SAS,"Apr 18, 2019",DEN,25,18,8,22,55.56,58.09,-2.53,17,18,1,0,3,5,0,0,0,0,0,0,0,0,0,0,0,0,0,0,0,0,1,2
200794,Paul Millsap,DEN,201904180SAS,"Apr 18, 2019",SAS,14,7,4,9,70.0,79.91,-9.91,5,8,2,3,1,1,0,0,0,0,0,0,0,0,0,0,0,0,0,0,0,0,1,2
1627751,Jakob Poeltl,SAS,201904180SAS,"Apr 18, 2019",DEN,10,5,4,7,71.43,73.96,-2.53,5,8,0,0,1,2,0,0,0,0,0,0,0,0,0,0,0,0,0,0,0,0,1,0
203999,Nikola Jokić,DEN,201904180SAS,"Apr 18, 2019",SAS,22,14,4,16,57.89,69.8,-11.91,8,10,6,9,1,1,0,0,0,0,0,0,0,0,0,0,0,0,0,0,0,0,1,2
1627854,Bryn Forbes,SAS,201904180SAS,"Apr 18, 2019",DEN,10,10,2,11,34.48,45.96,-11.48,3,0,7,9,1,1,0,0,0,0,0,0,0,0,0,0,0,0,0,0,0,0,0,0
1627750,Jamal Murray,DEN,201904180SAS,"Apr 18, 2019",SAS,6,6,2,7,31.58,43.6,-12.02,1,0,5,6,1,0,0,0,0,0,0,0,0,0,0,0,0,0,0,0,0,0,0,0
200752,Rudy Gay,SAS,201904180SAS,"Apr 18, 2019",DEN,11,8,8,12,42.31,47.74,-5.43,6,2,2,3,4,6,0,0,0,0,0,0,0,0,0,0,0,0,0,0,0,0,0,0
203115,Will Barton,DEN,201904180SAS,"Apr 18, 2019",SAS,4,6,0,6,28.57,33.33,-4.76,4,4,2,0,0,0,0,0,0,0,0,0,0,0,0,0,0,0,0,0,0,0,0,0
1627736,Malik Beasley,DEN,201904180SAS,"Apr 18, 2019",SAS,20,13,1,14,60.61,74.4,-13.79,7,4,6,15,0,0,0,0,0,0,0,0,1,1,0,0,0,0,0,0,0,0,0,0
1628420,Monte Morris,DEN,201904180SAS,"Apr 18, 2019",SAS,10,10,0,10,50.0,50.0,0.0,10,10,0,0,0,0,0,0,0,0,0,0,0,0,0,0,0,0,0,0,0,0,0,0
203486,Mason Plumlee,DEN,201904180SAS,"Apr 18, 2019",SAS,8,5,2,6,66.67,68.03,-1.36,5,8,0,0,0,0,0,0,0,0,0,0,0,0,0,0,0,0,0,0,0,0,1,0
201158,Marco Belinelli,SAS,201904180SAS,"Apr 18, 2019",DEN,6,5,0,5,46.15,60.0,-13.85,2,0,3,6,0,0,0,0,0,0,0,0,0,0,0,0,0,0,0,0,0,0,0,0
201988,Patty Mills,SAS,201904180SAS,"Apr 18, 2019",DEN,0,2,2,3,0.0,0.0,0.0,2,0,0,0,1,0,0,0,0,0,0,0,0,0,0,0,0,0,0,0,0,0,0,0
1628470,Torrey Craig,DEN,201904180SAS,"Apr 18, 2019",SAS,12,7,0,7,70.59,85.71,-15.12,4,6,3,6,0,0,0,0,0,0,0,0,0,0,0,0,0,0,0,0,0,0,0,0
202700,Donatas Motiejunas,SAS,201904180SAS,"Apr 18, 2019",DEN,2,1,0,1,100.0,100.0,0.0,1,2,0,0,0,0,0,0,0,0,0,0,0,0,0,0,0,0,0,0,0,0,0,0
1629022,Lonnie Walker IV,SAS,201904180SAS,"Apr 18, 2019",DEN,0,2,0,2,0.0,0.0,0.0,2,0,0,0,0,0,0,0,0,0,0,0,0,0,0,0,0,0,0,0,0,0,0,0
201939,Stephen Curry,GSW,201904180LAC,"Apr 18, 2019",LAC,21,11,3,13,67.74,85.23,-17.49,5,6,6,12,1,2,0,0,0,0,0,0,1,1,0,0,0,0,0,0,0,0,0,0
201568,Danilo Gallinari,LAC,201904180LAC,"Apr 18, 2019",GSW,9,13,5,16,23.08,29.61,-6.53,5,4,8,0,1,2,0,0,0,0,0,0,2,3,0,0,0,0,0,0,0,0,0,0
1629013,Landry Shamet,LAC,201904180LAC,"Apr 18, 2019",GSW,6,5,4,7,33.33,44.38,-11.05,1,2,4,0,0,0,0,0,0,0,0,0,0,0,0,0,0,0,0,0,0,0,2,4
201142,Kevin Durant,GSW,201904180LAC,"Apr 18, 2019",LAC,38,23,8,26,59.38,71.64,-12.26,11,18,10,9,1,2,0,0,2,6,0,0,0,0,0,0,0,0,0,0,0,0,2,3
1628983,Shai Gilgeous-Alexander,LAC,201904180LAC,"Apr 18, 2019",GSW,7,7,4,9,35.0,39.95,-4.95,5,0,2,3,1,2,0,0,0,0,0,0,0,0,0,0,0,0,0,0,0,0,1,2
101106,Andrew Bogut,GSW,201904180LAC,"Apr 18, 2019",LAC,8,5,0,5,80.0,80.0,0.0,5,8,0,0,0,0,0,0,0,0,0,0,0,0,0,0,0,0,0,0,0,0,0,0
201976,Patrick Beverley,GSW,201904180LAC,"Apr 18, 2019",LAC,6,5,1,5,42.86,55.15,-12.29,1,0,3,3,0,0,0,0,1,3,0,0,0,0,0,0,0,0,0,0,0,0,0,0
1627826,Ivica Zubac,LAC,201904180LAC,"Apr 18, 2019",GSW,18,12,3,13,66.67,67.57,-0.9,11,14,0,0,1,1,0,0,1,3,0,0,0,0,0,0,0,0,0,0,0,0,0,0
203110,Draymond Green,GSW,201904180LAC,"Apr 18, 2019",LAC,8,10,2,11,29.63,36.76,-7.13,5,6,5,0,1,2,0,0,0,0,0,0,0,0,0,0,0,0,0,0,0,0,0,0
202691,Klay Thompson,GSW,201904180LAC,"Apr 18, 2019",LAC,12,11,0,11,50.0,54.55,-4.55,9,6,2,6,0,0,0,0,0,0,0,0,0,0,0,0,0,0,0,0,0,0,0,0
203210,JaMychal Green,LAC,201904180LAC,"Apr 18, 2019",GSW,15,10,0,10,62.5,75.0,-12.5,6,6,4,9,0,0,0,0,0,0,0,0,0,0,0,0,0,0,0,0,0,0,0,0
2738,Andre Iguodala,GSW,201904180LAC,"Apr 18, 2019",LAC,15,6,4,8,75.0,96.65,-21.65,2,4,4,9,2,2,0,0,0,0,0,0,0,0,0,0,0,0,0,0,0,0,0,0
1626172,Kevon Looney,GSW,201904180LAC,"Apr 18, 2019",LAC,10,7,0,7,71.43,71.43,0.0,7,10,0,0,0,0,0,0,0,0,0,0,0,0,0,0,0,0,0,0,0,0,0,0
1626149,Montrezl Harrell,LAC,201904180LAC,"Apr 18, 2019",GSW,15,10,5,12,60.0,61.48,-1.48,9,10,0,0,2,3,0,0,1,2,0,0,0,0,0,0,0,0,0,0,0,0,0,0
101150,Lou Williams,LAC,201904180LAC,"Apr 18, 2019",GSW,16,11,8,15,48.48,55.1,-6.62,8,6,3,3,3,5,0,0,0,0,0,0,0,0,0,0,0,0,0,0,0,0,1,2
1628035,Alfonzo McKinnie,GSW,201904180LAC,"Apr 18, 2019",LAC,6,4,1,4,54.55,67.57,-13.02,1,0,2,3,0,0,0,0,1,3,0,0,0,0,0,0,0,0,0,0,0,0,0,0
201163,Wilson Chandler,LAC,201904180LAC,"Apr 18, 2019",GSW,5,6,0,6,31.25,41.67,-10.42,2,2,4,3,0,0,0,0,0,0,0,0,0,0,0,0,0,0,0,0,0,0,0,0
202066,Garrett Temple,LAC,201904180LAC,"Apr 18, 2019",GSW,1,2,2,3,12.5,17.36,-4.86,0,0,2,0,1,1,0,0,0,0,0,0,0,0,0,0,0,0,0,0,0,0,0,0
2733,Shaun Livingston,GSW,201904180LAC,"Apr 18, 2019",LAC,2,3,0,3,33.33,33.33,0.0,3,2,0,0,0,0,0,0,0,0,0,0,0,0,0,0,0,0,0,0,0,0,0,0
1628414,Sindarius Thornwell,LAC,201904180LAC,"Apr 18, 2019",GSW,2,5,0,5,16.67,20.0,-3.33,3,2,2,0,0,0,0,0,0,0,0,0,0,0,0,0,0,0,0,0,0,0,0,0
1626188,Quinn Cook,GSW,201904180LAC,"Apr 18, 2019",LAC,5,7,0,7,26.32,35.71,-9.39,2,2,5,3,0,0,0,0,0,0,0,0,0,0,0,0,0,0,0,0,0,0,0,0
1629010,Jerome Robinson,LAC,201904180LAC,"Apr 18, 2019",GSW,3,5,1,6,27.27,27.57,-0.3,5,2,0,0,0,0,0,0,0,0,0,0,1,1,0,0,0,0,0,0,0,0,0,0
1627820,Tyrone Wallace,LAC,201904180LAC,"Apr 18, 2019",GSW,2,3,1,3,28.57,29.07,-0.5,2,0,0,0,0,0,0,0,1,2,0,0,0,0,0,0,0,0,0,0,0,0,0,0
1628395,Jordan Bell,GSW,201904180LAC,"Apr 18, 2019",LAC,2,3,0,3,33.33,33.33,0.0,3,2,0,0,0,0,0,0,0,0,0,0,0,0,0,0,0,0,0,0,0,0,0,0
201973,Jonas Jerebko,GSW,201904180LAC,"Apr 18, 2019",LAC,0,1,0,1,0.0,0.0,0.0,1,0,0,0,0,0,0,0,0,0,0,0,0,0,0,0,0,0,0,0,0,0,0,0
1628980,Jacob Evans,GSW,201904180LAC,"Apr 18, 2019",LAC,5,2,0,2,100.0,125.0,-25.0,1,2,1,3,0,0,0,0,0,0,0,0,0,0,0,0,0,0,0,0,0,0,0,0
201980,Danny Green,TOR,201904190ORL,"Apr 19, 2019",ORL,13,11,0,11,44.83,59.09,-14.26,4,4,7,9,0,0,0,0,0,0,0,0,0,0,0,0,0,0,0,0,0,0,0,0
1628371,Jonathan Isaac,ORL,201904190ORL,"Apr 19, 2019",TOR,14,11,4,13,42.42,54.86,-12.44,4,4,7,6,1,2,0,0,0,0,0,0,0,0,0,0,0,0,0,0,0,0,1,2
202696,Nikola Vučević,ORL,201904190ORL,"Apr 19, 2019",TOR,22,13,6,16,59.46,70.33,-10.87,8,10,5,6,1,2,0,0,0,0,0,0,0,0,0,0,0,0,0,0,0,0,2,4
200768,Kyle Lowry,TOR,201904190ORL,"Apr 19, 2019",ORL,12,10,2,11,42.86,55.15,-12.29,4,4,6,6,1,2,0,0,0,0,0,0,0,0,0,0,0,0,0,0,0,0,0,0
203095,Evan Fournier,ORL,201904190ORL,"Apr 19, 2019",TOR,7,12,4,14,19.44,25.44,-6.0,4,0,8,3,1,2,0,0,0,0,0,0,0,0,0,0,0,0,0,0,0,0,1,2
201188,Marc Gasol,TOR,201904190ORL,"Apr 19, 2019",ORL,9,6,0,6,69.23,75.0,-5.77,5,6,1,3,0,0,0,0,0,0,0,0,0,0,0,0,0,0,0,0,0,0,0,0
203932,Aaron Gordon,ORL,201904190ORL,"Apr 19, 2019",TOR,10,10,2,11,40.0,45.96,-5.96,7,6,3,3,0,0,0,0,0,0,0,0,0,0,0,0,0,0,0,0,0,0,1,1
1627783,Pascal Siakam,TOR,201904190ORL,"Apr 19, 2019",ORL,30,20,1,20,66.67,73.39,-6.72,15,18,4,9,0,0,0,0,1,3,0,0,0,0,0,0,0,0,0,0,0,0,0,0
201571,D.J. Augustin,ORL,201904190ORL,"Apr 19, 2019",TOR,7,7,0,7,38.89,50.0,-11.11,3,4,4,3,0,0,0,0,0,0,0,0,0,0,0,0,0,0,0,0,0,0,0,0
202695,Kawhi Leonard,TOR,201904190ORL,"Apr 19, 2019",ORL,16,19,7,22,33.33,36.23,-2.9,15,8,3,0,2,4,0,0,1,2,0,0,0,0,0,0,0,0,0,0,0,0,1,2
1628411,Wes Iwundu,ORL,201904190ORL,"Apr 19, 2019",TOR,5,5,2,6,35.71,42.52,-6.81,3,0,2,3,1,2,0,0,0,0,0,0,0,0,0,0,0,0,0,0,0,0,0,0
203487,Michael Carter-Williams,ORL,201904190ORL,"Apr 19, 2019",TOR,2,5,0,5,16.67,20.0,-3.33,3,2,2,0,0,0,0,0,0,0,0,0,0,0,0,0,0,0,0,0,0,0,0,0
203082,Terrence Ross,ORL,201904190ORL,"Apr 19, 2019",TOR,24,17,3,18,48.0,65.5,-17.5,3,4,13,15,1,2,0,0,1,3,0,0,0,0,0,0,0,0,0,0,0,0,0,0
1627832,Fred VanVleet,TOR,201904190ORL,"Apr 19, 2019",ORL,4,7,0,7,25.0,28.57,-3.57,5,4,2,0,0,0,0,0,0,0,0,0,0,0,0,0,0,0,0,0,0,0,0,0
201586,Serge Ibaka,TOR,201904190ORL,"Apr 19, 2019",ORL,6,9,0,9,30.0,33.33,-3.33,7,6,2,0,0,0,0,0,0,0,0,0,0,0,0,0,0,0,0,0,0,0,0,0
1626181,Norman Powell,TOR,201904190ORL,"Apr 19, 2019",ORL,8,5,0,5,61.54,80.0,-18.46,2,2,3,6,0,0,0,0,0,0,0,0,0,0,0,0,0,0,0,0,0,0,0,0
203920,Khem Birch,TOR,201904190ORL,"Apr 19, 2019",ORL,2,0,2,1,100.0,113.64,-13.64,0,0,0,0,1,2,0,0,0,0,0,0,0,0,0,0,0,0,0,0,0,0,0,0
203382,Aron Baynes,BOS,201904190IND,"Apr 19, 2019",IND,2,3,0,3,28.57,33.33,-4.76,2,2,1,0,0,0,0,0,0,0,0,0,0,0,0,0,0,0,0,0,0,0,0,0
1626167,Myles Turner,IND,201904190IND,"Apr 19, 2019",BOS,13,10,5,12,43.33,53.28,-9.95,4,4,5,3,2,3,0,0,1,3,0,0,0,0,0,0,0,0,0,0,0,0,0,0
201143,Al Horford,IND,201904190IND,"Apr 19, 2019",BOS,16,12,2,13,50.0,62.11,-12.11,6,6,6,9,0,0,0,0,0,0,0,0,0,0,0,0,0,0,0,0,0,0,1,1
202711,Bojan Bogdanovic,IND,201904190IND,"Apr 19, 2019",BOS,15,17,1,18,34.88,43.0,-8.12,9,8,8,6,0,0,0,0,0,0,0,0,1,1,0,0,0,0,0,0,0,0,0,0
1628369,Jayson Tatum,BOS,201904190IND,"Apr 19, 2019",IND,18,16,4,18,46.15,50.68,-4.53,13,14,3,3,0,0,0,0,0,0,0,0,0,0,0,0,0,0,0,0,0,0,2,1
201152,Thaddeus Young,IND,201904190IND,"Apr 19, 2019",BOS,11,12,4,14,37.93,39.97,-2.04,11,10,1,0,1,0,0,0,0,0,0,0,0,0,0,0,0,0,0,0,0,0,1,1
1627759,Jaylen Brown,BOS,201904190IND,"Apr 19, 2019",IND,23,9,7,12,76.67,95.2,-18.53,4,8,5,12,2,2,1,1,0,0,0,0,0,0,0,0,0,0,0,0,0,0,0,0
201954,Darren Collison,IND,201904190IND,"Apr 19, 2019",BOS,10,11,0,11,43.48,45.45,-1.97,10,10,1,0,0,0,0,0,0,0,0,0,0,0,0,0,0,0,0,0,0,0,0,0
202681,Kyrie Irving,BOS,201904190IND,"Apr 19, 2019",IND,19,19,2,20,40.43,47.79,-7.36,12,8,7,9,1,2,0,0,0,0,0,0,0,0,0,0,0,0,0,0,0,0,0,0
202083,Wesley Matthews,IND,201904190IND,"Apr 19, 2019",BOS,11,7,3,8,52.38,66.11,-13.73,3,2,4,6,0,0,1,3,0,0,0,0,0,0,0,0,0,0,0,0,0,0,0,0
202330,Gordon Hayward,BOS,201904190IND,"Apr 19, 2019",IND,6,7,2,8,33.33,38.07,-4.74,5,4,2,0,1,2,0,0,0,0,0,0,0,0,0,0,0,0,0,0,0,0,0,0
202694,Marcus Morris Sr.,BOS,201904190IND,"Apr 19, 2019",IND,11,8,2,9,50.0,61.94,-11.94,4,4,4,6,1,1,0,0,0,0,0,0,0,0,0,0,0,0,0,0,0,0,0,0
1626179,Terry Rozier,BOS,201904190IND,"Apr 19, 2019",IND,9,7,3,8,39.13,54.09,-14.96,1,0,6,6,0,0,1,3,0,0,0,0,0,0,0,0,0,0,0,0,0,0,0,0
201936,Tyreke Evans,IND,201904190IND,"Apr 19, 2019",BOS,19,10,4,12,63.33,80.78,-17.45,4,4,6,12,2,3,0,0,0,0,0,0,0,0,0,0,0,0,0,0,0,0,0,0
202709,Cory Joseph,IND,201904190IND,"Apr 19, 2019",BOS,5,4,0,4,50.0,62.5,-12.5,2,2,2,3,0,0,0,0,0,0,0,0,0,0,0,0,0,0,0,0,0,0,0,0
1627734,Domantas Sabonis,IND,201904190IND,"Apr 19, 2019",BOS,12,10,6,13,41.38,47.47,-6.09,7,4,3,3,2,3,0,0,0,0,0,0,0,0,0,0,0,0,0,0,0,0,1,2
203081,Damian Lillard,POR,201904190OKC,"Apr 19, 2019",OKC,32,21,10,26,52.46,62.99,-10.53,12,14,9,9,3,6,0,0,0,0,0,0,0,0,0,0,0,0,0,0,0,0,2,3
203924,Jerami Grant,OKC,201904190OKC,"Apr 19, 2019",POR,18,7,2,8,85.71,114.21,-28.5,2,4,5,12,1,2,0,0,0,0,0,0,0,0,0,0,0,0,0,0,0,0,0,0
203090,Maurice Harkless,POR,201904190OKC,"Apr 19, 2019",OKC,7,9,2,10,31.82,35.43,-3.61,7,6,2,0,1,1,0,0,0,0,0,0,0,0,0,0,0,0,0,0,0,0,0,0
202329,Al-Farouq Aminu,OKC,201904190OKC,"Apr 19, 2019",POR,9,9,0,9,36.0,50.0,-14.0,2,0,7,9,0,0,0,0,0,0,0,0,0,0,0,0,0,0,0,0,0,0,0,0
201566,Russell Westbrook,OKC,201904190OKC,"Apr 19, 2019",POR,33,22,8,25,56.9,64.66,-7.76,14,10,6,12,3,5,0,0,2,6,0,0,0,0,0,0,0,0,0,0,0,0,0,0
203468,CJ McCollum,POR,201904190OKC,"Apr 19, 2019",OKC,21,16,4,18,47.73,59.12,-11.39,8,4,8,15,1,1,0,0,0,0,0,0,0,0,0,0,0,0,0,0,0,0,1,1
202331,Paul George,OKC,201904190OKC,"Apr 19, 2019",POR,22,16,17,24,39.29,46.85,-7.56,8,0,6,3,1,2,0,0,1,2,1,4,3,3,0,0,0,0,0,0,0,0,4,8
1628390,Terrance Ferguson,OKC,201904190OKC,"Apr 19, 2019",POR,9,5,0,5,64.29,90.0,-25.71,1,0,4,9,0,0,0,0,0,0,0,0,0,0,0,0,0,0,0,0,0,0,0,0
203500,Steven Adams,OKC,201904190OKC,"Apr 19, 2019",POR,10,6,0,6,76.92,83.33,-6.41,5,10,1,0,0,0,0,0,0,0,0,0,0,0,0,0,0,0,0,0,0,0,0,0
202683,Enes Freedom,POR,201904190OKC,"Apr 19, 2019",OKC,19,14,2,15,61.29,63.84,-2.55,13,18,1,0,0,0,0,0,0,0,0,0,0,0,0,0,0,0,0,0,0,0,1,1
203471,Dennis Schröder,OKC,201904190OKC,"Apr 19, 2019",POR,17,11,6,14,54.84,62.32,-7.48,8,6,3,6,2,4,0,0,0,0,0,0,0,0,0,0,0,0,0,0,0,0,1,1
101109,Raymond Felton,OKC,201904190OKC,"Apr 19, 2019",POR,0,2,0,2,0.0,0.0,0.0,1,0,1,0,0,0,0,0,0,0,0,0,0,0,0,0,0,0,0,0,0,0,0,0
203457,Nerlens Noel,OKC,201904190OKC,"Apr 19, 2019",POR,4,2,2,3,66.67,69.44,-2.77,2,4,0,0,1,0,0,0,0,0,0,0,0,0,0,0,0,0,0,0,0,0,0,0
203552,Seth Curry,POR,201904190OKC,"Apr 19, 2019",OKC,3,0,3,2,100.0,113.64,-13.64,0,0,0,0,0,0,0,0,0,0,0,0,0,0,0,0,0,0,0,0,1,1,1,2
203918,Rodney Hood,POR,201904190OKC,"Apr 19, 2019",OKC,3,4,0,4,27.27,37.5,-10.23,1,0,3,3,0,0,0,0,0,0,0,0,0,0,0,0,0,0,0,0,0,0,0,0
1628380,Zach Collins,POR,201904190OKC,"Apr 19, 2019",OKC,4,2,0,2,100.0,100.0,0.0,2,4,0,0,0,0,0,0,0,0,0,0,0,0,0,0,0,0,0,0,0,0,0,0
202323,Evan Turner,POR,201904190OKC,"Apr 19, 2019",OKC,0,2,0,2,0.0,0.0,0.0,2,0,0,0,0,0,0,0,0,0,0,0,0,0,0,0,0,0,0,0,0,0,0,0
202693,Markieff Morris,OKC,201904190OKC,"Apr 19, 2019",POR,7,6,4,8,38.89,45.1,-6.21,4,4,2,0,1,1,0,0,0,0,0,0,0,0,0,0,0,0,0,0,0,0,1,2
203086,Meyers Leonard,POR,201904190OKC,"Apr 19, 2019",OKC,8,5,0,5,72.73,80.0,-7.27,4,8,1,0,0,0,0,0,0,0,0,0,0,0,0,0,0,0,0,0,0,0,0,0
1629014,Anfernee Simons,POR,201904190OKC,"Apr 19, 2019",OKC,2,1,3,3,40.0,43.1,-3.1,1,0,0,0,0,0,0,0,0,0,0,0,2,2,0,0,0,0,0,0,0,0,0,0
1627747,Caris LeVert,BKN,201904200BRK,"Apr 20, 2019",PHI,25,18,9,22,47.17,56.92,-9.75,9,10,8,9,3,3,0,0,1,2,0,0,0,0,0,0,0,0,0,0,0,0,1,1
203954,Joel Embiid,PHI,201904200BRK,"Apr 20, 2019",BKN,31,22,6,25,58.49,62.91,-4.42,19,22,3,3,2,4,0,0,0,0,0,0,0,0,0,0,0,0,0,0,0,0,1,2
201162,Jared Dudley,BKN,201904200BRK,"Apr 20, 2019",PHI,8,4,0,4,72.73,100.0,-27.27,1,2,3,6,0,0,0,0,0,0,0,0,0,0,0,0,0,0,0,0,0,0,0,0
1627732,Ben Simmons,PHI,201904200BRK,"Apr 20, 2019",BKN,15,12,1,12,60.0,60.29,-0.29,11,12,0,0,0,0,0,0,1,3,0,0,0,0,0,0,0,0,0,0,0,0,0,0
203925,Joe Harris,BKN,201904200BRK,"Apr 20, 2019",PHI,10,14,2,15,27.78,33.6,-5.82,8,8,6,0,1,2,0,0,0,0,0,0,0,0,0,0,0,0,0,0,0,0,0,0
1626156,D'Angelo Russell,BKN,201904200BRK,"Apr 20, 2019",PHI,21,19,5,21,40.38,49.53,-9.15,10,4,9,12,1,2,1,3,0,0,0,0,0,0,0,0,0,0,0,0,0,0,0,0
202699,Tobias Harris,PHI,201904200BRK,"Apr 20, 2019",BKN,24,20,6,22,48.0,53.0,-5.0,14,16,4,0,0,0,0,0,2,4,0,0,0,0,0,0,0,0,0,0,0,0,2,4
200755,JJ Redick,PHI,201904200BRK,"Apr 20, 2019",BKN,9,11,0,11,29.03,40.91,-11.88,2,0,9,9,0,0,0,0,0,0,0,0,0,0,0,0,0,0,0,0,0,0,0,0
202710,Jimmy Butler III,PHI,201904200BRK,"Apr 20, 2019",BKN,11,6,2,7,68.75,79.94,-11.19,4,6,2,3,1,2,0,0,0,0,0,0,0,0,0,0,0,0,0,0,0,0,0,0
1628386,Jarrett Allen,BKN,201904200BRK,"Apr 20, 2019",PHI,21,11,7,14,72.41,74.57,-2.16,10,12,0,0,0,0,0,0,1,3,0,0,0,0,1,2,0,0,0,0,0,0,2,4
1626246,Boban Marjanovic,PHI,201904200BRK,"Apr 20, 2019",BKN,4,3,4,5,40.0,42.02,-2.02,3,2,0,0,1,1,0,0,0,0,0,0,0,0,0,0,0,0,0,0,0,0,1,1
203516,James Ennis III,PHI,201904200BRK,"Apr 20, 2019",BKN,7,6,0,6,46.67,58.33,-11.66,3,4,3,3,0,0,0,0,0,0,0,0,0,0,0,0,0,0,0,0,0,0,0,0
203118,Mike Scott,PHI,201904200BRK,"Apr 20, 2019",BKN,8,6,0,6,50.0,66.67,-16.67,2,2,4,6,0,0,0,0,0,0,0,0,0,0,0,0,0,0,0,0,0,0,0,0
203915,Spencer Dinwiddie,BKN,201904200BRK,"Apr 20, 2019",PHI,18,12,2,13,56.25,69.88,-13.63,6,8,6,9,1,1,0,0,0,0,0,0,0,0,0,0,0,0,0,0,0,0,0,0
1626203,Treveon Graham,BKN,201904200BRK,"Apr 20, 2019",PHI,0,3,0,3,0.0,0.0,0.0,1,0,2,0,0,0,0,0,0,0,0,0,0,0,0,0,0,0,0,0,0,0,0,0
201960,DeMarre Carroll,BKN,201904200BRK,"Apr 20, 2019",PHI,2,6,2,7,11.11,14.53,-3.42,2,0,4,0,1,2,0,0,0,0,0,0,0,0,0,0,0,0,0,0,0,0,0,0
1626178,Rondae Hollis-Jefferson,BKN,201904200BRK,"Apr 20, 2019",PHI,3,3,4,5,30.0,31.51,-1.51,3,0,0,0,2,3,0,0,0,0,0,0,0,0,0,0,0,0,0,0,0,0,0,0
1628413,Jonah Bolden,PHI,201904200BRK,"Apr 20, 2019",BKN,1,1,2,2,20.0,26.6,-6.6,0,0,1,0,1,1,0,0,0,0,0,0,0,0,0,0,0,0,0,0,0,0,0,0
204456,T.J. McConnell,PHI,201904200BRK,"Apr 20, 2019",BKN,2,1,0,1,100.0,100.0,0.0,1,2,0,0,0,0,0,0,0,0,0,0,0,0,0,0,0,0,0,0,0,0,0,0
200746,LaMarcus Aldridge,SAS,201904200SAS,"Apr 20, 2019",DEN,24,18,4,20,57.14,60.73,-3.59,16,18,2,3,2,3,0,0,0,0,0,0,0,0,0,0,0,0,0,0,0,0,0,0
203914,Gary Harris,DEN,201904200SAS,"Apr 20, 2019",SAS,8,9,2,10,32.0,40.49,-8.49,4,0,5,6,1,2,0,0,0,0,0,0,0,0,0,0,0,0,0,0,0,0,0,0
200794,Paul Millsap,DEN,201904200SAS,"Apr 20, 2019",SAS,2,7,0,7,12.5,14.29,-1.79,5,2,2,0,0,0,0,0,0,0,0,0,0,0,0,0,0,0,0,0,0,0,0,0
1627751,Jakob Poeltl,SAS,201904200SAS,"Apr 20, 2019",DEN,8,5,2,6,66.67,68.03,-1.36,5,6,0,0,1,2,0,0,0,0,0,0,0,0,0,0,0,0,0,0,0,0,0,0
1628401,Derrick White,SAS,201904200SAS,"Apr 20, 2019",DEN,8,8,4,10,36.36,40.98,-4.62,6,6,2,0,2,2,0,0,0,0,0,0,0,0,0,0,0,0,0,0,0,0,0,0
1627750,Jamal Murray,DEN,201904200SAS,"Apr 20, 2019",SAS,24,14,5,17,63.16,74.07,-10.91,9,10,5,9,1,2,0,0,0,0,0,0,1,1,0,0,0,0,0,0,0,0,1,2
201942,DeMar DeRozan,SAS,201904200SAS,"Apr 20, 2019",DEN,19,13,6,16,59.38,60.74,-1.36,13,14,0,0,2,4,0,0,0,0,0,0,0,0,0,0,0,0,0,0,0,0,1,1
1628470,Torrey Craig,DEN,201904200SAS,"Apr 20, 2019",SAS,18,9,2,10,66.67,91.09,-24.42,2,2,7,15,0,0,0,0,0,0,0,0,0,0,0,0,0,0,0,0,0,0,1,1
203999,Nikola Jokić,DEN,201904200SAS,"Apr 20, 2019",SAS,29,22,8,25,51.79,56.82,-5.03,16,14,4,3,2,4,0,0,2,6,0,0,0,0,0,0,0,0,0,0,0,0,1,2
1627854,Bryn Forbes,SAS,201904200SAS,"Apr 20, 2019",DEN,10,6,2,7,55.56,72.67,-17.11,2,2,4,6,1,2,0,0,0,0,0,0,0,0,0,0,0,0,0,0,0,0,0,0
1627736,Malik Beasley,DEN,201904200SAS,"Apr 20, 2019",SAS,7,7,2,8,35.0,44.42,-9.42,3,2,4,3,1,2,0,0,0,0,0,0,0,0,0,0,0,0,0,0,0,0,0,0
1628420,Monte Morris,DEN,201904200SAS,"Apr 20, 2019",SAS,11,8,1,8,61.11,65.17,-4.06,6,8,1,0,0,0,0,0,1,3,0,0,0,0,0,0,0,0,0,0,0,0,0,0
203486,Mason Plumlee,DEN,201904200SAS,"Apr 20, 2019",SAS,6,3,0,3,100.0,100.0,0.0,3,6,0,0,0,0,0,0,0,0,0,0,0,0,0,0,0,0,0,0,0,0,0,0
201158,Marco Belinelli,SAS,201904200SAS,"Apr 20, 2019",DEN,3,5,0,5,23.08,30.0,-6.92,2,0,3,3,0,0,0,0,0,0,0,0,0,0,0,0,0,0,0,0,0,0,0,0
200752,Rudy Gay,SAS,201904200SAS,"Apr 20, 2019",DEN,2,7,2,8,11.76,12.69,-0.93,6,0,1,0,1,2,0,0,0,0,0,0,0,0,0,0,0,0,0,0,0,0,0,0
201988,Patty Mills,SAS,201904200SAS,"Apr 20, 2019",DEN,12,6,8,9,54.55,63.03,-8.48,4,6,2,0,1,1,2,5,0,0,0,0,0,0,0,0,0,0,0,0,0,0,0,0
203115,Will Barton,DEN,201904200SAS,"Apr 20, 2019",SAS,12,10,4,12,44.44,51.02,-6.58,7,0,3,9,2,3,0,0,0,0,0,0,0,0,0,0,0,0,0,0,0,0,0,0
202722,Davis Bertans,SAS,201904200SAS,"Apr 20, 2019",DEN,5,4,2,5,45.45,51.23,-5.78,3,4,1,0,1,1,0,0,0,0,0,0,0,0,0,0,0,0,0,0,0,0,0,0
202700,Donatas Motiejunas,SAS,201904200SAS,"Apr 20, 2019",DEN,7,4,2,5,70.0,71.72,-1.72,4,6,0,0,1,1,0,0,0,0,0,0,0,0,0,0,0,0,0,0,0,0,0,0
1629022,Lonnie Walker IV,SAS,201904200SAS,"Apr 20, 2019",DEN,2,2,0,2,40.0,50.0,-10.0,1,2,1,0,0,0,0,0,0,0,0,0,0,0,0,0,0,0,0,0,0,0,0,0
201967,Dante Cunningham,SAS,201904200SAS,"Apr 20, 2019",DEN,3,1,0,1,100.0,150.0,-50.0,0,0,1,3,0,0,0,0,0,0,0,0,0,0,0,0,0,0,0,0,0,0,0,0
1628379,Luke Kennard,DET,201904200DET,"Apr 20, 2019",MIL,9,9,1,9,45.0,47.67,-2.67,7,6,1,0,0,0,0,0,1,3,0,0,0,0,0,0,0,0,0,0,0,0,0,0
203507,Giannis Antetokounmpo,MIL,201904200DET,"Apr 20, 2019",DET,14,13,6,16,40.0,44.76,-4.76,10,10,3,0,1,2,0,0,0,0,0,0,0,0,0,0,0,0,0,0,0,0,2,2
203083,Andre Drummond,DET,201904200DET,"Apr 20, 2019",MIL,12,14,8,18,33.33,34.25,-0.92,14,10,0,0,4,2,0,0,0,0,0,0,0,0,0,0,0,0,0,0,0,0,0,0
202339,Eric Bledsoe,MIL,201904200DET,"Apr 20, 2019",DET,19,19,3,20,42.22,46.75,-4.53,14,14,4,0,1,2,0,0,1,3,0,0,0,0,0,0,0,0,0,0,0,0,0,0
202704,Reggie Jackson,DET,201904200DET,"Apr 20, 2019",MIL,15,15,0,15,39.47,50.0,-10.53,7,6,8,9,0,0,0,0,0,0,0,0,0,0,0,0,0,0,0,0,0,0,0,0
203114,Khris Middleton,MIL,201904200DET,"Apr 20, 2019",DET,20,13,4,14,55.56,67.75,-12.19,6,6,6,9,0,0,1,2,1,3,0,0,0,0,0,0,0,0,0,0,0,0,0,0
201572,Brook Lopez,MIL,201904200DET,"Apr 20, 2019",DET,19,13,0,13,57.58,73.08,-15.5,6,10,7,9,0,0,0,0,0,0,0,0,0,0,0,0,0,0,0,0,0,0,0,0
201933,Blake Griffin,MIL,201904200DET,"Apr 20, 2019",DET,27,24,5,25,45.0,51.53,-6.53,14,10,7,6,1,2,0,0,3,9,0,0,0,0,0,0,0,0,0,0,0,0,0,0
1628425,Sterling Brown,MIL,201904200DET,"Apr 20, 2019",DET,5,2,0,2,100.0,125.0,-25.0,1,2,1,3,0,0,0,0,0,0,0,0,0,0,0,0,0,0,0,0,0,0,0,0
1626192,Pat Connaughton,MIL,201904200DET,"Apr 20, 2019",DET,4,6,0,6,26.67,33.33,-6.66,3,4,3,0,0,0,0,0,0,0,0,0,0,0,0,0,0,0,0,0,0,0,0,0
201961,Wayne Ellington,DET,201904200DET,"Apr 20, 2019",MIL,13,9,2,10,46.43,65.79,-19.36,1,2,8,9,0,0,0,0,0,0,0,0,0,0,0,0,0,0,0,0,0,0,1,2
101141,Ersan Ilyasova,MIL,201904200DET,"Apr 20, 2019",DET,15,6,4,8,75.0,96.65,-21.65,2,2,4,9,2,4,0,0,0,0,0,0,0,0,0,0,0,0,0,0,0,0,0,0
201588,George Hill,MIL,201904200DET,"Apr 20, 2019",DET,11,7,4,9,50.0,62.79,-12.79,3,4,4,3,1,2,0,0,0,0,0,0,0,0,0,0,0,0,0,0,0,0,1,2
1628971,Bruce Brown,DET,201904200DET,"Apr 20, 2019",MIL,4,3,2,4,44.44,51.55,-7.11,2,2,1,0,0,0,0,0,0,0,0,0,1,2,0,0,0,0,0,0,0,0,0,0
202397,Ish Smith,DET,201904200DET,"Apr 20, 2019",MIL,11,13,2,14,34.38,39.63,-5.25,9,6,4,3,1,2,0,0,0,0,0,0,0,0,0,0,0,0,0,0,0,0,0,0
204038,Langston Galloway,DET,201904200DET,"Apr 20, 2019",MIL,6,8,0,8,26.09,37.5,-11.41,1,0,7,6,0,0,0,0,0,0,0,0,0,0,0,0,0,0,0,0,0,0,0,0
1627748,Thon Maker,DET,201904200DET,"Apr 20, 2019",MIL,6,1,4,3,100.0,108.7,-8.7,1,2,0,0,0,0,0,0,0,0,0,0,0,0,0,0,0,0,0,0,0,0,2,4
202703,Nikola Mirotic,MIL,201904200DET,"Apr 20, 2019",DET,12,5,3,6,66.67,94.94,-28.27,0,0,5,9,0,0,1,3,0,0,0,0,0,0,0,0,0,0,0,0,0,0,0,0
1628391,D.J. Wilson,DET,201904200DET,"Apr 20, 2019",MIL,0,1,0,1,0.0,0.0,0.0,0,0,1,0,0,0,0,0,0,0,0,0,0,0,0,0,0,0,0,0,0,0,0,0
204025,Tim Frazier,MIL,201904200DET,"Apr 20, 2019",DET,0,1,0,1,0.0,0.0,0.0,1,0,0,0,0,0,0,0,0,0,0,0,0,0,0,0,0,0,0,0,0,0,0,0
201937,Ricky Rubio,UTA,201904200UTA,"Apr 20, 2019",HOU,10,6,6,9,50.0,57.87,-7.87,4,6,2,0,2,2,0,0,0,0,0,0,0,0,0,0,0,0,0,0,0,0,1,2
204060,Joe Ingles,HOU,201904200UTA,"Apr 20, 2019",UTA,8,9,0,9,30.77,44.44,-13.67,1,2,8,6,0,0,0,0,0,0,0,0,0,0,0,0,0,0,0,0,0,0,0,0
101108,Chris Paul,HOU,201904200UTA,"Apr 20, 2019",UTA,18,15,2,16,46.15,56.68,-10.53,8,10,7,6,0,0,0,0,0,0,0,0,0,0,0,0,0,0,0,0,0,0,1,2
201935,James Harden,UTA,201904200UTA,"Apr 20, 2019",HOU,22,20,16,28,31.88,40.68,-8.8,7,2,13,6,5,9,1,2,0,0,0,0,1,1,0,0,0,0,0,0,0,0,1,2
203497,Rudy Gobert,UTA,201904200UTA,"Apr 20, 2019",HOU,10,4,6,7,71.43,75.3,-3.87,4,6,0,0,3,4,0,0,0,0,0,0,0,0,0,0,0,0,0,0,0,0,0,0
200782,P.J. Tucker,HOU,201904200UTA,"Apr 20, 2019",UTA,12,11,6,14,35.29,43.99,-8.7,5,2,6,6,0,0,0,0,0,0,0,0,0,0,0,0,0,0,0,0,0,0,3,4
1628378,Donovan Mitchell,UTA,201904200UTA,"Apr 20, 2019",HOU,34,27,17,35,40.96,49.3,-8.34,15,10,11,9,6,8,0,0,0,0,1,4,0,0,0,0,0,0,0,0,0,0,2,3
201569,Eric Gordon,HOU,201904200UTA,"Apr 20, 2019",UTA,12,11,1,11,38.71,52.45,-13.74,2,0,8,9,0,0,0,0,1,3,0,0,0,0,0,0,0,0,0,0,0,0,0,0
203109,Jae Crowder,UTA,201904200UTA,"Apr 20, 2019",HOU,5,3,3,4,45.45,57.87,-12.42,1,0,2,3,0,0,1,2,0,0,0,0,0,0,0,0,0,0,0,0,0,0,0,0
203991,Clint Capela,HOU,201904200UTA,"Apr 20, 2019",UTA,11,9,5,11,47.83,49.11,-1.28,8,8,0,0,2,1,0,0,1,2,0,0,0,0,0,0,0,0,0,0,0,0,0,0
1626220,Royce O'Neale,UTA,201904200UTA,"Apr 20, 2019",HOU,5,8,0,8,23.81,31.25,-7.44,3,2,5,3,0,0,0,0,0,0,0,0,0,0,0,0,0,0,0,0,0,0,0,0
1627863,Danuel House Jr.,HOU,201904200UTA,"Apr 20, 2019",UTA,5,5,2,6,33.33,42.52,-9.19,2,2,3,3,1,0,0,0,0,0,0,0,0,0,0,0,0,0,0,0,0,0,0,0
2594,Kyle Korver,UTA,201904200UTA,"Apr 20, 2019",HOU,8,6,0,6,47.06,66.67,-19.61,1,2,5,6,0,0,0,0,0,0,0,0,0,0,0,0,0,0,0,0,0,0,0,0
203085,Austin Rivers,HOU,201904200UTA,"Apr 20, 2019",UTA,11,6,2,7,64.71,79.94,-15.23,3,4,3,6,0,0,0,0,0,0,0,0,0,0,0,0,0,0,0,0,0,0,1,1
202702,Kenneth Faried,HOU,201904200UTA,"Apr 20, 2019",UTA,4,2,0,2,100.0,100.0,0.0,2,4,0,0,0,0,0,0,0,0,0,0,0,0,0,0,0,0,0,0,0,0,0,0
1627777,Georges Niang,UTA,201904200UTA,"Apr 20, 2019",HOU,8,7,0,7,40.0,57.14,-17.14,1,2,6,6,0,0,0,0,0,0,0,0,0,0,0,0,0,0,0,0,0,0,0,0
202324,Derrick Favors,UTA,201904200UTA,"Apr 20, 2019",HOU,13,6,6,9,72.22,75.23,-3.01,6,10,0,0,2,1,0,0,0,0,0,0,0,0,0,0,0,0,0,0,0,0,1,2
101123,Gerald Green,HOU,201904200UTA,"Apr 20, 2019",UTA,9,7,0,7,47.37,64.29,-16.92,2,0,5,9,0,0,0,0,0,0,0,0,0,0,0,0,0,0,0,0,0,0,0,0
203526,Raul Neto,UTA,201904200UTA,"Apr 20, 2019",HOU,0,1,0,1,0.0,0.0,0.0,0,0,1,0,0,0,0,0,0,0,0,0,0,0,0,0,0,0,0,0,0,0,0,0
201152,Thaddeus Young,IND,201904210IND,"Apr 21, 2019",BOS,9,9,0,9,45.0,50.0,-5.0,7,6,2,3,0,0,0,0,0,0,0,0,0,0,0,0,0,0,0,0,0,0,0,0
1628369,Jayson Tatum,BOS,201904210IND,"Apr 21, 2019",IND,18,10,12,16,51.43,58.9,-7.47,7,6,3,3,2,3,0,0,0,0,0,0,0,0,1,2,0,0,0,0,0,0,3,4
201954,Darren Collison,BOS,201904210IND,"Apr 21, 2019",IND,19,13,6,16,50.0,60.74,-10.74,7,4,6,9,3,6,0,0,0,0,0,0,0,0,0,0,0,0,0,0,0,0,0,0
202681,Kyrie Irving,BOS,201904210IND,"Apr 21, 2019",IND,14,13,7,17,37.84,43.53,-5.69,9,8,4,0,1,1,0,0,0,0,0,0,0,0,0,0,0,0,0,0,1,1,2,4
202711,Bojan Bogdanovic,IND,201904210IND,"Apr 21, 2019",BOS,22,14,10,18,53.66,59.78,-6.12,10,8,3,3,2,4,1,2,1,3,0,0,0,0,0,0,0,0,0,0,0,0,1,2
201143,Al Horford,BOS,201904210IND,"Apr 21, 2019",IND,14,19,6,22,28.0,32.35,-4.35,13,6,6,3,2,4,0,0,0,0,0,0,0,0,0,0,0,0,0,0,0,0,1,1
1627759,Jaylen Brown,BOS,201904210IND,"Apr 21, 2019",IND,13,9,2,10,54.17,65.79,-11.62,5,6,4,6,0,0,0,0,0,0,0,0,0,0,0,0,0,0,0,0,0,0,1,1
1626167,Myles Turner,IND,201904210IND,"Apr 21, 2019",BOS,13,12,4,14,43.33,47.24,-3.91,10,10,2,0,2,3,0,0,0,0,0,0,0,0,0,0,0,0,0,0,0,0,0,0
202083,Wesley Matthews,IND,201904210IND,"Apr 21, 2019",BOS,3,7,0,7,15.79,21.43,-5.64,2,0,5,3,0,0,0,0,0,0,0,0,0,0,0,0,0,0,0,0,0,0,0,0
202330,Gordon Hayward,BOS,201904210IND,"Apr 21, 2019",IND,20,9,3,10,83.33,96.9,-13.57,5,6,3,9,1,2,0,0,1,3,0,0,0,0,0,0,0,0,0,0,0,0,0,0
202694,Marcus Morris Sr.,BOS,201904210IND,"Apr 21, 2019",IND,18,11,2,12,64.29,75.76,-11.47,7,10,4,6,0,0,0,0,0,0,0,0,0,0,0,0,0,0,0,0,0,0,1,2
201936,Tyreke Evans,IND,201904210IND,"Apr 21, 2019",BOS,21,18,4,19,44.68,53.14,-8.46,9,4,7,9,1,2,0,0,2,6,0,0,0,0,0,0,0,0,0,0,0,0,0,0
1627734,Domantas Sabonis,IND,201904210IND,"Apr 21, 2019",BOS,14,9,4,11,60.87,65.06,-4.19,8,12,1,0,2,2,0,0,0,0,0,0,0,0,0,0,0,0,0,0,0,0,0,0
1626179,Terry Rozier,BOS,201904210IND,"Apr 21, 2019",IND,11,6,2,7,61.11,79.94,-18.83,2,4,4,6,1,1,0,0,0,0,0,0,0,0,0,0,0,0,0,0,0,0,0,0
1628988,Aaron Holiday,IND,201904210IND,"Apr 21, 2019",BOS,0,1,0,1,0.0,0.0,0.0,1,0,0,0,0,0,0,0,0,0,0,0,0,0,0,0,0,0,0,0,0,0,0,0
202709,Cory Joseph,IND,201904210IND,"Apr 21, 2019",BOS,5,5,0,5,41.67,50.0,-8.33,3,2,2,3,0,0,0,0,0,0,0,0,0,0,0,0,0,0,0,0,0,0,0,0
203382,Aron Baynes,BOS,201904210IND,"Apr 21, 2019",IND,2,1,0,1,100.0,100.0,0.0,1,2,0,0,0,0,0,0,0,0,0,0,0,0,0,0,0,0,0,0,0,0,0,0
201939,Stephen Curry,GSW,201904210LAC,"Apr 21, 2019",LAC,12,14,5,17,28.57,37.04,-8.47,5,4,9,3,1,2,0,0,0,0,0,0,1,1,0,0,0,0,0,0,0,0,1,2
203110,Draymond Green,GSW,201904210LAC,"Apr 21, 2019",LAC,10,11,4,13,35.71,39.18,-3.47,9,8,2,0,2,2,0,0,0,0,0,0,0,0,0,0,0,0,0,0,0,0,0,0
201976,Patrick Beverley,LAC,201904210LAC,"Apr 21, 2019",GSW,12,9,2,10,48.0,60.73,-12.73,4,2,5,9,0,0,0,0,0,0,0,0,0,0,0,0,0,0,0,0,0,0,1,1
1628983,Shai Gilgeous-Alexander,LAC,201904210LAC,"Apr 21, 2019",GSW,25,15,4,17,64.1,74.58,-10.48,10,12,5,9,1,2,0,0,0,0,0,0,0,0,0,0,0,0,0,0,0,0,1,2
202691,Klay Thompson,GSW,201904210LAC,"Apr 21, 2019",LAC,32,20,2,21,62.75,76.63,-13.88,11,12,9,18,0,0,0,0,0,0,0,0,0,0,0,0,0,0,0,0,0,0,1,2
101106,Andrew Bogut,GSW,201904210LAC,"Apr 21, 2019",LAC,8,7,0,7,57.14,57.14,0.0,7,8,0,0,0,0,0,0,0,0,0,0,0,0,0,0,0,0,0,0,0,0,0,0
201568,Danilo Gallinari,LAC,201904210LAC,"Apr 21, 2019",GSW,16,20,6,23,31.37,35.34,-3.97,15,8,5,3,2,3,0,0,0,0,0,0,0,0,0,0,0,0,0,0,0,0,1,2
201142,Kevin Durant,GSW,201904210LAC,"Apr 21, 2019",LAC,33,21,6,23,61.11,69.8,-8.69,14,16,5,6,1,2,0,0,1,3,1,4,0,0,0,0,0,0,0,0,0,0,1,2
1629013,Landry Shamet,LAC,201904210LAC,"Apr 21, 2019",GSW,9,6,0,6,50.0,75.0,-25.0,0,0,6,9,0,0,0,0,0,0,0,0,0,0,0,0,0,0,0,0,0,0,0,0
203210,JaMychal Green,LAC,201904210LAC,"Apr 21, 2019",GSW,6,2,4,4,66.67,79.79,-13.12,1,0,1,3,1,2,0,0,0,0,0,0,0,0,0,0,0,0,0,0,0,0,1,1
1626172,Kevon Looney,GSW,201904210LAC,"Apr 21, 2019",LAC,2,2,0,2,50.0,50.0,0.0,2,2,0,0,0,0,0,0,0,0,0,0,0,0,0,0,0,0,0,0,0,0,0,0
2738,Andre Iguodala,GSW,201904210LAC,"Apr 21, 2019",LAC,10,10,0,10,41.67,50.0,-8.33,6,4,4,6,0,0,0,0,0,0,0,0,0,0,0,0,0,0,0,0,0,0,0,0
1626149,Montrezl Harrell,LAC,201904210LAC,"Apr 21, 2019",GSW,10,8,0,8,58.82,62.5,-3.68,7,10,1,0,0,0,0,0,0,0,0,0,0,0,0,0,0,0,0,0,0,0,0,0
101150,Lou Williams,LAC,201904210LAC,"Apr 21, 2019",GSW,12,10,10,15,35.29,41.67,-6.38,6,2,4,3,5,7,0,0,0,0,0,0,0,0,0,0,0,0,0,0,0,0,0,0
1628035,Alfonzo McKinnie,GSW,201904210LAC,"Apr 21, 2019",LAC,4,3,0,3,57.14,66.67,-9.53,2,4,1,0,0,0,0,0,0,0,0,0,0,0,0,0,0,0,0,0,0,0,0,0
201163,Wilson Chandler,LAC,201904210LAC,"Apr 21, 2019",GSW,6,6,2,7,35.29,43.6,-8.31,3,4,3,0,1,2,0,0,0,0,0,0,0,0,0,0,0,0,0,0,0,0,0,0
1629010,Jerome Robinson,LAC,201904210LAC,"Apr 21, 2019",GSW,7,3,2,4,77.78,90.21,-12.43,2,2,1,3,1,2,0,0,0,0,0,0,0,0,0,0,0,0,0,0,0,0,0,0
202066,Garrett Temple,LAC,201904210LAC,"Apr 21, 2019",GSW,2,1,2,2,50.0,53.19,-3.19,1,2,0,0,1,0,0,0,0,0,0,0,0,0,0,0,0,0,0,0,0,0,0,0
2733,Shaun Livingston,GSW,201904210LAC,"Apr 21, 2019",LAC,2,1,2,2,50.0,53.19,-3.19,1,0,0,0,1,2,0,0,0,0,0,0,0,0,0,0,0,0,0,0,0,0,0,0
202695,Kawhi Leonard,TOR,201904210ORL,"Apr 21, 2019",ORL,34,20,9,24,62.96,70.95,-7.99,14,18,5,6,4,7,0,0,1,3,0,0,0,0,0,0,0,0,0,0,0,0,0,0
202696,Nikola Vučević,ORL,201904210ORL,"Apr 21, 2019",TOR,11,14,2,15,34.38,36.96,-2.58,12,10,2,0,1,1,0,0,0,0,0,0,0,0,0,0,0,0,0,0,0,0,0,0
200768,Kyle Lowry,TOR,201904210ORL,"Apr 21, 2019",ORL,9,8,2,9,39.13,50.68,-11.55,3,2,5,6,1,1,0,0,0,0,0,0,0,0,0,0,0,0,0,0,0,0,0,0
203932,Aaron Gordon,ORL,201904210ORL,"Apr 21, 2019",TOR,25,17,3,18,58.14,68.23,-10.09,10,14,6,6,0,0,0,0,1,3,0,0,0,0,0,0,0,0,0,0,0,0,1,2
1627783,Pascal Siakam,TOR,201904210ORL,"Apr 21, 2019",ORL,16,14,0,14,47.06,57.14,-10.08,8,10,6,6,0,0,0,0,0,0,0,0,0,0,0,0,0,0,0,0,0,0,0,0
201980,Danny Green,TOR,201904210ORL,"Apr 21, 2019",ORL,8,8,0,8,36.36,50.0,-13.64,2,2,6,6,0,0,0,0,0,0,0,0,0,0,0,0,0,0,0,0,0,0,0,0
1628371,Jonathan Isaac,ORL,201904210ORL,"Apr 21, 2019",TOR,0,4,0,4,0.0,0.0,0.0,4,0,0,0,0,0,0,0,0,0,0,0,0,0,0,0,0,0,0,0,0,0,0,0
201571,D.J. Augustin,ORL,201904210ORL,"Apr 21, 2019",TOR,8,6,1,7,50.0,62.11,-12.11,3,4,3,3,0,0,0,0,0,0,0,0,1,1,0,0,0,0,0,0,0,0,0,0
201188,Marc Gasol,TOR,201904210ORL,"Apr 21, 2019",ORL,2,3,0,3,33.33,33.33,0.0,3,2,0,0,0,0,0,0,0,0,0,0,0,0,0,0,0,0,0,0,0,0,0,0
203095,Evan Fournier,ORL,201904210ORL,"Apr 21, 2019",TOR,19,16,2,17,45.24,56.28,-11.04,8,12,8,6,1,1,0,0,0,0,0,0,0,0,0,0,0,0,0,0,0,0,0,0
203082,Terrence Ross,ORL,201904210ORL,"Apr 21, 2019",TOR,5,5,2,6,31.25,42.52,-11.27,1,0,4,3,0,0,0,0,0,0,0,0,0,0,0,0,0,0,0,0,0,0,1,2
1627832,Fred VanVleet,TOR,201904210ORL,"Apr 21, 2019",ORL,9,5,4,7,56.25,66.57,-10.32,3,2,2,3,2,4,0,0,0,0,0,0,0,0,0,0,0,0,0,0,0,0,0,0
203487,Michael Carter-Williams,ORL,201904210ORL,"Apr 21, 2019",TOR,4,4,0,4,44.44,50.0,-5.56,3,4,1,0,0,0,0,0,0,0,0,0,0,0,0,0,0,0,0,0,0,0,0,0
1628411,Wes Iwundu,ORL,201904210ORL,"Apr 21, 2019",TOR,2,4,0,4,22.22,25.0,-2.78,3,2,1,0,0,0,0,0,0,0,0,0,0,0,0,0,0,0,0,0,0,0,0,0
201586,Serge Ibaka,TOR,201904210ORL,"Apr 21, 2019",ORL,13,6,2,7,81.25,94.48,-13.23,4,8,2,3,1,2,0,0,0,0,0,0,0,0,0,0,0,0,0,0,0,0,0,0
1626181,Norman Powell,TOR,201904210ORL,"Apr 21, 2019",ORL,16,9,1,9,76.19,84.75,-8.56,6,10,2,3,0,0,0,0,1,3,0,0,0,0,0,0,0,0,0,0,0,0,0,0
201975,Jodie Meeks,TOR,201904210ORL,"Apr 21, 2019",ORL,0,1,0,1,0.0,0.0,0.0,1,0,0,0,0,0,0,0,0,0,0,0,0,0,0,0,0,0,0,0,0,0,0,0
203920,Khem Birch,ORL,201904210ORL,"Apr 21, 2019",TOR,5,2,1,2,100.0,102.46,-2.46,1,2,0,0,0,0,0,0,1,3,0,0,0,0,0,0,0,0,0,0,0,0,0,0
1626185,Jarell Martin,ORL,201904210ORL,"Apr 21, 2019",TOR,5,5,0,5,35.71,50.0,-14.29,1,2,4,3,0,0,0,0,0,0,0,0,0,0,0,0,0,0,0,0,0,0,0,0
1628982,Melvin Frazier Jr.,ORL,201904210ORL,"Apr 21, 2019",TOR,1,0,2,1,50.0,56.82,-6.82,0,0,0,0,1,1,0,0,0,0,0,0,0,0,0,0,0,0,0,0,0,0,0,0
1626170,Jerian Grant,ORL,201904210ORL,"Apr 21, 2019",TOR,0,4,0,4,0.0,0.0,0.0,0,0,4,0,0,0,0,0,0,0,0,0,0,0,0,0,0,0,0,0,0,0,0,0
202391,Jeremy Lin,TOR,201904210ORL,"Apr 21, 2019",ORL,0,1,0,1,0.0,0.0,0.0,1,0,0,0,0,0,0,0,0,0,0,0,0,0,0,0,0,0,0,0,0,0,0,0
203924,Jerami Grant,OKC,201904210OKC,"Apr 21, 2019",POR,11,10,0,10,44.0,55.0,-11.0,5,2,5,9,0,0,0,0,0,0,0,0,0,0,0,0,0,0,0,0,0,0,0,0
202683,Enes Freedom,POR,201904210OKC,"Apr 21, 2019",OKC,8,4,4,6,66.67,69.44,-2.77,4,4,0,0,1,2,0,0,0,0,0,0,0,0,0,0,0,0,0,0,0,0,1,2
202329,Al-Farouq Aminu,POR,201904210OKC,"Apr 21, 2019",OKC,19,16,1,16,45.24,57.79,-12.55,6,4,9,12,0,0,0,0,1,3,0,0,0,0,0,0,0,0,0,0,0,0,0,0
202331,Paul George,OKC,201904210OKC,"Apr 21, 2019",POR,32,21,14,28,48.48,58.91,-10.43,11,8,10,12,4,7,1,2,0,0,0,0,1,1,0,0,0,0,0,0,0,0,1,2
203081,Damian Lillard,POR,201904210OKC,"Apr 21, 2019",OKC,24,19,6,23,46.15,55.45,-9.3,11,6,8,12,1,2,0,0,0,0,0,0,2,2,0,0,0,0,0,0,0,0,1,2
201566,Russell Westbrook,OKC,201904210OKC,"Apr 21, 2019",POR,14,21,4,23,26.42,30.76,-4.34,14,6,7,6,2,2,0,0,0,0,0,0,0,0,0,0,0,0,0,0,0,0,0,0
203468,CJ McCollum,POR,201904210OKC,"Apr 21, 2019",OKC,27,20,2,21,52.94,64.66,-11.72,11,10,9,15,0,0,0,0,0,0,0,0,0,0,0,0,0,0,0,0,0,0,1,2
1628390,Terrance Ferguson,OKC,201904210OKC,"Apr 21, 2019",POR,3,7,0,7,15.0,21.43,-6.43,1,0,6,3,0,0,0,0,0,0,0,0,0,0,0,0,0,0,0,0,0,0,0,0
203500,Steven Adams,OKC,201904210OKC,"Apr 21, 2019",POR,6,6,0,6,50.0,50.0,0.0,6,6,0,0,0,0,0,0,0,0,0,0,0,0,0,0,0,0,0,0,0,0,0,0
203090,Maurice Harkless,POR,201904210OKC,"Apr 21, 2019",OKC,15,13,4,15,44.12,50.81,-6.69,9,8,4,3,0,0,0,0,0,0,0,0,0,0,0,0,0,0,0,0,0,0,2,4
203918,Rodney Hood,POR,201904210OKC,"Apr 21, 2019",OKC,4,4,2,5,33.33,40.98,-7.65,2,2,2,0,1,2,0,0,0,0,0,0,0,0,0,0,0,0,0,0,0,0,0,0
203086,Meyers Leonard,POR,201904210OKC,"Apr 21, 2019",OKC,2,3,0,3,25.0,33.33,-8.33,1,2,2,0,0,0,0,0,0,0,0,0,0,0,0,0,0,0,0,0,0,0,0,0
203471,Dennis Schröder,OKC,201904210OKC,"Apr 21, 2019",POR,17,12,4,14,50.0,61.77,-11.77,6,8,6,6,2,3,0,0,0,0,0,0,0,0,0,0,0,0,0,0,0,0,0,0
1628380,Zach Collins,POR,201904210OKC,"Apr 21, 2019",OKC,10,5,4,7,66.67,73.96,-7.29,4,4,1,3,2,3,0,0,0,0,0,0,0,0,0,0,0,0,0,0,0,0,0,0
202693,Markieff Morris,OKC,201904210OKC,"Apr 21, 2019",POR,3,2,0,2,50.0,75.0,-25.0,0,0,2,3,0,0,0,0,0,0,0,0,0,0,0,0,0,0,0,0,0,0,0,0
203457,Nerlens Noel,OKC,201904210OKC,"Apr 21, 2019",POR,2,3,0,3,33.33,33.33,0.0,3,2,0,0,0,0,0,0,0,0,0,0,0,0,0,0,0,0,0,0,0,0,0,0
202323,Evan Turner,POR,201904210OKC,"Apr 21, 2019",OKC,0,2,0,2,0.0,0.0,0.0,2,0,0,0,0,0,0,0,0,0,0,0,0,0,0,0,0,0,0,0,0,0,0,0
101109,Raymond Felton,OKC,201904210OKC,"Apr 21, 2019",POR,8,4,0,4,72.73,100.0,-27.27,1,2,3,6,0,0,0,0,0,0,0,0,0,0,0,0,0,0,0,0,0,0,0,0
203552,Seth Curry,POR,201904210OKC,"Apr 21, 2019",OKC,0,3,0,3,0.0,0.0,0.0,3,0,0,0,0,0,0,0,0,0,0,0,0,0,0,0,0,0,0,0,0,0,0,0
1627774,Jake Layman,POR,201904210OKC,"Apr 21, 2019",OKC,2,1,0,1,100.0,100.0,0.0,1,2,0,0,0,0,0,0,0,0,0,0,0,0,0,0,0,0,0,0,0,0,0,0
1629126,Deonte Burton,OKC,201904210OKC,"Apr 21, 2019",POR,0,1,0,1,0.0,0.0,0.0,0,0,1,0,0,0,0,0,0,0,0,0,0,0,0,0,0,0,0,0,0,0,0,0
1627846,Abdel Nader,OKC,201904210OKC,"Apr 21, 2019",POR,2,1,0,1,100.0,100.0,0.0,1,2,0,0,0,0,0,0,0,0,0,0,0,0,0,0,0,0,0,0,0,0,0,0
201961,Wayne Ellington,DET,201904220DET,"Apr 22, 2019",MIL,5,6,0,6,33.33,41.67,-8.34,3,2,3,3,0,0,0,0,0,0,0,0,0,0,0,0,0,0,0,0,0,0,0,0
203507,Giannis Antetokounmpo,MIL,201904220DET,"Apr 22, 2019",DET,41,23,20,30,56.94,64.47,-7.53,11,8,6,6,4,5,0,0,6,17,0,0,0,0,0,0,0,0,0,0,0,0,3,5
202339,Eric Bledsoe,MIL,201904220DET,"Apr 22, 2019",DET,16,12,1,12,57.14,64.31,-7.17,8,10,3,3,0,0,0,0,1,3,0,0,0,0,0,0,0,0,0,0,0,0,0,0
203114,Khris Middleton,MIL,201904220DET,"Apr 22, 2019",DET,18,11,7,14,52.94,63.92,-10.98,5,4,5,6,1,1,1,3,1,3,0,0,1,1,0,0,0,0,0,0,0,0,0,0
1628971,Bruce Brown,DET,201904220DET,"Apr 22, 2019",MIL,2,5,0,5,16.67,20.0,-3.33,3,2,2,0,0,0,0,0,0,0,0,0,0,0,0,0,0,0,0,0,0,0,0,0
1628425,Sterling Brown,MIL,201904220DET,"Apr 22, 2019",DET,9,7,4,9,45.0,51.37,-6.37,5,6,2,0,2,3,0,0,0,0,0,0,0,0,0,0,0,0,0,0,0,0,0,0
203083,Andre Drummond,DET,201904220DET,"Apr 22, 2019",MIL,15,16,3,17,42.86,43.3,-0.44,15,12,0,0,1,1,0,0,1,2,0,0,0,0,0,0,0,0,0,0,0,0,0,0
201572,Brook Lopez,MIL,201904220DET,"Apr 22, 2019",DET,7,4,1,4,70.0,78.83,-8.83,2,4,1,0,0,0,0,0,1,3,0,0,0,0,0,0,0,0,0,0,0,0,0,0
202704,Reggie Jackson,DET,201904220DET,"Apr 22, 2019",MIL,26,20,3,22,50.0,60.98,-10.98,11,8,9,15,1,2,0,0,0,0,0,0,0,0,0,0,0,0,0,0,1,1,0,0
201933,Blake Griffin,MIL,201904220DET,"Apr 22, 2019",DET,22,15,2,16,57.89,69.27,-11.38,9,8,6,12,1,2,0,0,0,0,0,0,0,0,0,0,0,0,0,0,0,0,0,0
1626192,Pat Connaughton,MIL,201904220DET,"Apr 22, 2019",DET,4,3,0,3,66.67,66.67,0.0,3,4,0,0,0,0,0,0,0,0,0,0,0,0,0,0,0,0,0,0,0,0,0,0
101141,Ersan Ilyasova,MIL,201904220DET,"Apr 22, 2019",DET,4,4,4,6,28.57,34.72,-6.15,2,2,2,0,1,1,0,0,0,0,0,0,0,0,0,0,0,0,0,0,0,0,1,1
201588,George Hill,MIL,201904220DET,"Apr 22, 2019",DET,7,3,2,4,70.0,90.21,-20.21,1,2,2,3,1,2,0,0,0,0,0,0,0,0,0,0,0,0,0,0,0,0,0,0
1628379,Luke Kennard,DET,201904220DET,"Apr 22, 2019",MIL,11,11,0,11,44.0,50.0,-6.0,8,8,3,3,0,0,0,0,0,0,0,0,0,0,0,0,0,0,0,0,0,0,0,0
204038,Langston Galloway,DET,201904220DET,"Apr 22, 2019",MIL,10,11,0,11,34.48,45.45,-10.97,4,4,7,6,0,0,0,0,0,0,0,0,0,0,0,0,0,0,0,0,0,0,0,0
202703,Nikola Mirotic,MIL,201904220DET,"Apr 22, 2019",DET,12,7,2,8,57.14,76.14,-19.0,2,2,5,9,1,1,0,0,0,0,0,0,0,0,0,0,0,0,0,0,0,0,0,0
1627748,Thon Maker,DET,201904220DET,"Apr 22, 2019",MIL,6,6,3,7,33.33,40.98,-7.65,2,2,3,0,1,2,0,0,1,2,0,0,0,0,0,0,0,0,0,0,0,0,0,0
202397,Ish Smith,DET,201904220DET,"Apr 22, 2019",MIL,2,6,0,6,16.67,16.67,0.0,6,2,0,0,0,0,0,0,0,0,0,0,0,0,0,0,0,0,0,0,0,0,0,0
1628391,D.J. Wilson,MIL,201904220DET,"Apr 22, 2019",DET,7,3,0,3,100.0,116.67,-16.67,2,4,1,3,0,0,0,0,0,0,0,0,0,0,0,0,0,0,0,0,0,0,0,0
204025,Tim Frazier,MIL,201904220DET,"Apr 22, 2019",DET,2,1,0,1,100.0,100.0,0.0,1,2,0,0,0,0,0,0,0,0,0,0,0,0,0,0,0,0,0,0,0,0,0,0
203503,Tony Snell,MIL,201904220DET,"Apr 22, 2019",DET,0,1,0,1,0.0,0.0,0.0,0,0,1,0,0,0,0,0,0,0,0,0,0,0,0,0,0,0,0,0,0,0,0,0
1629017,Khyri Thomas,DET,201904220DET,"Apr 22, 2019",MIL,5,4,1,4,50.0,56.31,-6.31,2,2,1,0,0,0,0,0,1,3,0,0,0,0,0,0,0,0,0,0,0,0,0,0
1628378,Donovan Mitchell,UTA,201904220UTA,"Apr 22, 2019",HOU,31,26,6,29,47.69,54.12,-6.43,19,16,7,9,2,4,0,0,0,0,0,0,0,0,0,0,0,0,0,0,0,0,1,2
200782,P.J. Tucker,HOU,201904220UTA,"Apr 22, 2019",UTA,13,7,2,8,59.09,82.49,-23.4,1,2,6,9,1,2,0,0,0,0,0,0,0,0,0,0,0,0,0,0,0,0,0,0
203109,Jae Crowder,UTA,201904220UTA,"Apr 22, 2019",HOU,23,13,5,15,58.97,75.66,-16.69,4,8,8,9,2,4,0,0,1,2,0,0,0,0,0,0,0,0,0,0,0,0,0,0
201935,James Harden,HOU,201904220UTA,"Apr 22, 2019",UTA,30,19,8,22,51.72,66.61,-14.89,7,4,12,18,1,2,2,6,0,0,0,0,0,0,0,0,0,0,0,0,0,0,0,0
203497,Rudy Gobert,UTA,201904220UTA,"Apr 22, 2019",HOU,4,4,0,4,50.0,50.0,0.0,4,4,0,0,0,0,0,0,0,0,0,0,0,0,0,0,0,0,0,0,0,0,0,0
203991,Clint Capela,HOU,201904220UTA,"Apr 22, 2019",UTA,4,6,6,9,22.22,23.15,-0.93,6,2,0,0,3,2,0,0,0,0,0,0,0,0,0,0,0,0,0,0,0,0,0,0
101108,Chris Paul,HOU,201904220UTA,"Apr 22, 2019",UTA,23,19,6,22,44.23,53.14,-8.91,11,12,8,6,1,1,0,0,0,0,0,0,0,0,0,0,0,0,0,0,0,0,2,4
204060,Joe Ingles,UTA,201904220UTA,"Apr 22, 2019",HOU,3,4,0,4,27.27,37.5,-10.23,1,0,3,3,0,0,0,0,0,0,0,0,0,0,0,0,0,0,0,0,0,0,0,0
201569,Eric Gordon,HOU,201904220UTA,"Apr 22, 2019",UTA,16,12,2,13,44.44,62.11,-17.67,2,0,10,15,1,1,0,0,0,0,0,0,0,0,0,0,0,0,0,0,0,0,0,0
201937,Ricky Rubio,UTA,201904220UTA,"Apr 22, 2019",HOU,18,17,6,20,38.3,45.82,-7.52,10,10,7,3,2,3,0,0,0,0,0,0,0,0,0,0,0,0,0,0,0,0,1,2
1627863,Danuel House Jr.,HOU,201904220UTA,"Apr 22, 2019",UTA,0,6,0,6,0.0,0.0,0.0,0,0,6,0,0,0,0,0,0,0,0,0,0,0,0,0,0,0,0,0,0,0,0,0
1626220,Royce O'Neale,UTA,201904220UTA,"Apr 22, 2019",HOU,11,9,4,11,39.29,51.12,-11.83,3,2,6,6,1,2,0,0,0,0,0,0,0,0,0,0,0,0,0,0,0,0,1,1
1627777,Georges Niang,UTA,201904220UTA,"Apr 22, 2019",HOU,3,4,0,4,27.27,37.5,-10.23,1,0,3,3,0,0,0,0,0,0,0,0,0,0,0,0,0,0,0,0,0,0,0,0
203085,Austin Rivers,HOU,201904220UTA,"Apr 22, 2019",UTA,5,6,0,6,35.71,41.67,-5.96,4,2,2,3,0,0,0,0,0,0,0,0,0,0,0,0,0,0,0,0,0,0,0,0
202702,Kenneth Faried,HOU,201904220UTA,"Apr 22, 2019",UTA,0,1,0,1,0.0,0.0,0.0,1,0,0,0,0,0,0,0,0,0,0,0,0,0,0,0,0,0,0,0,0,0,0,0
101123,Gerald Green,HOU,201904220UTA,"Apr 22, 2019",UTA,0,3,0,3,0.0,0.0,0.0,1,0,2,0,0,0,0,0,0,0,0,0,0,0,0,0,0,0,0,0,0,0,0,0
202324,Derrick Favors,UTA,201904220UTA,"Apr 22, 2019",HOU,12,7,5,9,63.16,65.22,-2.06,6,6,0,0,2,3,0,0,1,3,0,0,0,0,0,0,0,0,0,0,0,0,0,0
200757,Thabo Sefolosha,UTA,201904220UTA,"Apr 22, 2019",HOU,2,2,0,2,40.0,50.0,-10.0,1,2,1,0,0,0,0,0,0,0,0,0,0,0,0,0,0,0,0,0,0,0,0,0
200768,Kyle Lowry,TOR,201904230TOR,"Apr 23, 2019",ORL,14,10,0,10,58.33,70.0,-11.67,6,8,4,6,0,0,0,0,0,0,0,0,0,0,0,0,0,0,0,0,0,0,0,0
202696,Nikola Vučević,ORL,201904230TOR,"Apr 23, 2019",TOR,6,10,0,10,27.27,30.0,-2.73,8,6,2,0,0,0,0,0,0,0,0,0,0,0,0,0,0,0,0,0,0,0,0,0
1627783,Pascal Siakam,TOR,201904230TOR,"Apr 23, 2019",ORL,24,16,6,19,55.81,64.38,-8.57,11,10,5,9,3,5,0,0,0,0,0,0,0,0,0,0,0,0,0,0,0,0,0,0
202695,Kawhi Leonard,TOR,201904230TOR,"Apr 23, 2019",ORL,27,11,6,14,81.82,98.97,-17.15,5,4,5,15,0,0,1,3,1,3,0,0,2,2,0,0,0,0,0,0,0,0,0,0
201571,D.J. Augustin,ORL,201904230TOR,"Apr 23, 2019",TOR,15,9,4,12,50.0,69.7,-19.7,1,0,8,12,0,0,0,0,0,0,0,0,3,3,0,0,0,0,0,0,0,0,0,0
201188,Marc Gasol,ORL,201904230TOR,"Apr 23, 2019",TOR,9,5,4,7,52.94,66.57,-13.63,2,2,3,3,2,4,0,0,0,0,0,0,0,0,0,0,0,0,0,0,0,0,0,0
201980,Danny Green,ORL,201904230TOR,"Apr 23, 2019",TOR,6,5,0,5,40.0,60.0,-20.0,0,0,5,6,0,0,0,0,0,0,0,0,0,0,0,0,0,0,0,0,0,0,0,0
1628371,Jonathan Isaac,ORL,201904230TOR,"Apr 23, 2019",TOR,3,7,0,7,17.65,21.43,-3.78,4,0,3,3,0,0,0,0,0,0,0,0,0,0,0,0,0,0,0,0,0,0,0,0
203932,Aaron Gordon,ORL,201904230TOR,"Apr 23, 2019",TOR,11,13,7,16,29.73,34.2,-4.47,8,6,4,0,2,3,0,0,1,2,0,0,0,0,0,0,0,0,0,0,0,0,1,0
203095,Evan Fournier,ORL,201904230TOR,"Apr 23, 2019",TOR,10,11,2,12,33.33,42.09,-8.76,5,6,6,3,1,1,0,0,0,0,0,0,0,0,0,0,0,0,0,0,0,0,0,0
203082,Terrence Ross,ORL,201904230TOR,"Apr 23, 2019",TOR,12,11,2,12,40.0,50.51,-10.51,5,4,6,6,1,2,0,0,0,0,0,0,0,0,0,0,0,0,0,0,0,0,0,0
203920,Khem Birch,ORL,201904230TOR,"Apr 23, 2019",TOR,9,5,1,5,81.82,82.72,-0.9,4,6,0,0,0,0,0,0,1,3,0,0,0,0,0,0,0,0,0,0,0,0,0,0
203487,Michael Carter-Williams,ORL,201904230TOR,"Apr 23, 2019",TOR,9,5,7,8,50.0,55.69,-5.69,3,0,1,0,1,2,0,0,1,3,0,0,0,0,0,0,0,0,0,0,0,0,2,4
1628411,Wes Iwundu,ORL,201904230TOR,"Apr 23, 2019",TOR,12,5,5,7,66.67,83.33,-16.66,1,2,3,3,1,2,0,0,1,3,0,0,0,0,0,0,0,0,0,0,0,0,1,2
201586,Serge Ibaka,TOR,201904230TOR,"Apr 23, 2019",ORL,10,8,1,8,55.56,59.24,-3.68,6,8,1,0,0,0,0,0,1,2,0,0,0,0,0,0,0,0,0,0,0,0,0,0
1626181,Norman Powell,TOR,201904230TOR,"Apr 23, 2019",ORL,11,9,0,9,55.0,61.11,-6.11,7,8,2,3,0,0,0,0,0,0,0,0,0,0,0,0,0,0,0,0,0,0,0,0
1627832,Fred VanVleet,TOR,201904230TOR,"Apr 23, 2019",ORL,7,8,0,8,35.0,43.75,-8.75,4,4,4,3,0,0,0,0,0,0,0,0,0,0,0,0,0,0,0,0,0,0,0,0
201975,Jodie Meeks,TOR,201904230TOR,"Apr 23, 2019",ORL,5,8,2,9,23.81,28.15,-4.34,5,4,3,0,1,1,0,0,0,0,0,0,0,0,0,0,0,0,0,0,0,0,0,0
1626185,Jarell Martin,ORL,201904230TOR,"Apr 23, 2019",TOR,0,0,2,1,0.0,0.0,0.0,0,0,0,0,1,0,0,0,0,0,0,0,0,0,0,0,0,0,0,0,0,0,0,0
1627775,Patrick McCaw,TOR,201904230TOR,"Apr 23, 2019",ORL,0,1,0,1,0.0,0.0,0.0,0,0,1,0,0,0,0,0,0,0,0,0,0,0,0,0,0,0,0,0,0,0,0,0
1628982,Melvin Frazier Jr.,ORL,201904230TOR,"Apr 23, 2019",TOR,4,3,0,3,66.67,66.67,0.0,3,4,0,0,0,0,0,0,0,0,0,0,0,0,0,0,0,0,0,0,0,0,0,0
202391,Jeremy Lin,TOR,201904230TOR,"Apr 23, 2019",ORL,2,1,2,2,40.0,53.19,-13.19,0,0,1,0,0,0,0,0,0,0,0,0,0,0,0,0,0,0,0,0,0,0,1,2
1626259,Malcolm Miller,TOR,201904230TOR,"Apr 23, 2019",ORL,0,2,0,2,0.0,0.0,0.0,0,0,2,0,0,0,0,0,0,0,0,0,0,0,0,0,0,0,0,0,0,0,0,0
1626170,Jerian Grant,ORL,201904230TOR,"Apr 23, 2019",TOR,5,4,1,4,50.0,56.31,-6.31,2,2,1,0,0,0,0,0,1,3,0,0,0,0,0,0,0,0,0,0,0,0,0,0
203961,Eric Moreland,TOR,201904230TOR,"Apr 23, 2019",ORL,0,1,0,1,0.0,0.0,0.0,1,0,0,0,0,0,0,0,0,0,0,0,0,0,0,0,0,0,0,0,0,0,0,0
1627732,Ben Simmons,PHI,201904230PHI,"Apr 23, 2019",BKN,13,10,3,11,56.52,57.42,-0.9,9,10,0,0,1,0,0,0,1,3,0,0,0,0,0,0,0,0,0,0,0,0,0,0
1626156,D'Angelo Russell,BKN,201904230PHI,"Apr 23, 2019",PHI,8,16,2,17,20.0,23.7,-3.7,9,2,6,3,0,0,0,0,1,3,0,0,1,0,0,0,0,0,0,0,0,0,0,0
203954,Joel Embiid,PHI,201904230PHI,"Apr 23, 2019",BKN,23,18,3,19,52.27,59.52,-7.25,12,12,5,6,1,2,0,0,1,3,0,0,0,0,0,0,0,0,0,0,0,0,0,0
1628386,Jarrett Allen,BKN,201904230PHI,"Apr 23, 2019",PHI,8,8,0,8,50.0,50.0,0.0,8,8,0,0,0,0,0,0,0,0,0,0,0,0,0,0,0,0,0,0,0,0,0,0
203925,Joe Harris,BKN,201904230PHI,"Apr 23, 2019",PHI,9,11,0,11,33.33,40.91,-7.58,6,6,5,3,0,0,0,0,0,0,0,0,0,0,0,0,0,0,0,0,0,0,0,0
200755,JJ Redick,PHI,201904230PHI,"Apr 23, 2019",BKN,11,8,0,8,50.0,68.75,-18.75,2,2,6,9,0,0,0,0,0,0,0,0,0,0,0,0,0,0,0,0,0,0,0,0
1627747,Caris LeVert,BKN,201904230PHI,"Apr 23, 2019",PHI,18,12,8,16,51.43,57.99,-6.56,9,10,3,3,4,5,0,0,0,0,0,0,0,0,0,0,0,0,0,0,0,0,0,0
202710,Jimmy Butler III,PHI,201904230PHI,"Apr 23, 2019",BKN,9,9,0,9,45.0,50.0,-5.0,7,6,2,3,0,0,0,0,0,0,0,0,0,0,0,0,0,0,0,0,0,0,0,0
201162,Jared Dudley,BKN,201904230PHI,"Apr 23, 2019",PHI,0,3,0,3,0.0,0.0,0.0,1,0,2,0,0,0,0,0,0,0,0,0,0,0,0,0,0,0,0,0,0,0,0,0
202699,Tobias Harris,PHI,201904230PHI,"Apr 23, 2019",BKN,12,8,0,8,60.0,75.0,-15.0,4,6,4,6,0,0,0,0,0,0,0,0,0,0,0,0,0,0,0,0,0,0,0,0
203915,Spencer Dinwiddie,BKN,201904230PHI,"Apr 23, 2019",PHI,3,7,2,8,16.67,19.04,-2.37,5,2,2,0,1,1,0,0,0,0,0,0,0,0,0,0,0,0,0,0,0,0,0,0
1626203,Treveon Graham,BKN,201904230PHI,"Apr 23, 2019",PHI,0,1,0,1,0.0,0.0,0.0,0,0,1,0,0,0,0,0,0,0,0,0,0,0,0,0,0,0,0,0,0,0,0,0
1626246,Boban Marjanovic,PHI,201904230PHI,"Apr 23, 2019",BKN,7,5,1,6,58.33,64.34,-6.01,4,6,1,0,0,0,0,0,0,0,0,0,0,0,0,0,0,0,0,0,1,1,0,0
203516,James Ennis III,PHI,201904230PHI,"Apr 23, 2019",BKN,11,8,0,8,57.89,68.75,-10.86,5,8,3,3,0,0,0,0,0,0,0,0,0,0,0,0,0,0,0,0,0,0,0,0
203118,Mike Scott,PHI,201904230PHI,"Apr 23, 2019",BKN,2,3,0,3,25.0,33.33,-8.33,1,2,2,0,0,0,0,0,0,0,0,0,0,0,0,0,0,0,0,0,0,0,0,0
201960,DeMarre Carroll,BKN,201904230PHI,"Apr 23, 2019",PHI,8,7,2,8,40.0,50.76,-10.76,3,0,4,6,1,2,0,0,0,0,0,0,0,0,0,0,0,0,0,0,0,0,0,0
1626178,Rondae Hollis-Jefferson,BKN,201904230PHI,"Apr 23, 2019",PHI,21,13,2,14,72.41,75.65,-3.24,12,16,1,3,1,2,0,0,0,0,0,0,0,0,0,0,0,0,0,0,0,0,0,0
204456,T.J. McConnell,PHI,201904230PHI,"Apr 23, 2019",BKN,6,8,0,8,37.5,37.5,0.0,8,6,0,0,0,0,0,0,0,0,0,0,0,0,0,0,0,0,0,0,0,0,0,0
1629066,Rodions Kurucs,BKN,201904230PHI,"Apr 23, 2019",PHI,14,8,5,10,58.33,68.63,-10.3,4,2,3,6,1,2,0,0,1,3,0,0,0,0,0,0,0,0,0,0,0,0,1,1
203894,Shabazz Napier,BKN,201904230PHI,"Apr 23, 2019",PHI,11,5,4,7,68.75,81.36,-12.61,3,4,2,3,2,4,0,0,0,0,0,0,0,0,0,0,0,0,0,0,0,0,0,0
1628413,Jonah Bolden,PHI,201904230PHI,"Apr 23, 2019",BKN,6,4,0,4,50.0,75.0,-25.0,0,0,4,6,0,0,0,0,0,0,0,0,0,0,0,0,0,0,0,0,0,0,0,0
203613,Jonathon Simmons,PHI,201904230PHI,"Apr 23, 2019",BKN,10,9,0,9,45.45,55.56,-10.11,5,4,4,6,0,0,0,0,0,0,0,0,0,0,0,0,0,0,0,0,0,0,0,0
1627788,Furkan Korkmaz,PHI,201904230PHI,"Apr 23, 2019",BKN,7,6,1,6,50.0,54.35,-4.35,4,2,1,3,0,0,0,0,1,2,0,0,0,0,0,0,0,0,0,0,0,0,0,0
1629033,Theo Pinson,BKN,201904230PHI,"Apr 23, 2019",PHI,0,1,0,1,0.0,0.0,0.0,0,0,1,0,0,0,0,0,0,0,0,0,0,0,0,0,0,0,0,0,0,0,0,0
202328,Greg Monroe,PHI,201904230PHI,"Apr 23, 2019",BKN,5,4,1,4,50.0,56.31,-6.31,2,2,1,0,0,0,0,0,1,3,0,0,0,0,0,0,0,0,0,0,0,0,0,0
1629058,Dzanan Musa,BKN,201904230PHI,"Apr 23, 2019",PHI,0,1,0,1,0.0,0.0,0.0,0,0,1,0,0,0,0,0,0,0,0,0,0,0,0,0,0,0,0,0,0,0,0,0
203914,Gary Harris,DEN,201904230DEN,"Apr 23, 2019",SAS,15,8,2,9,65.22,84.46,-19.24,3,4,5,9,1,2,0,0,0,0,0,0,0,0,0,0,0,0,0,0,0,0,0,0
203999,Nikola Jokić,DEN,201904230DEN,"Apr 23, 2019",SAS,16,11,4,13,53.33,62.7,-9.37,7,6,4,6,2,4,0,0,0,0,0,0,0,0,0,0,0,0,0,0,0,0,0,0
1628401,Derrick White,SAS,201904230DEN,"Apr 23, 2019",DEN,12,11,3,12,44.44,48.7,-4.26,8,6,2,3,1,1,0,0,1,2,0,0,0,0,0,0,0,0,0,0,0,0,0,0
1627751,Jakob Poeltl,SAS,201904230DEN,"Apr 23, 2019",DEN,12,7,1,7,80.0,80.65,-0.65,6,10,0,0,0,0,0,0,1,2,0,0,0,0,0,0,0,0,0,0,0,0,0,0
200746,LaMarcus Aldridge,SAS,201904230DEN,"Apr 23, 2019",DEN,17,13,3,14,56.67,59.36,-2.69,11,10,1,3,1,1,0,0,1,3,0,0,0,0,0,0,0,0,0,0,0,0,0,0
201942,DeMar DeRozan,SAS,201904230DEN,"Apr 23, 2019",DEN,17,15,5,17,48.57,49.42,-0.85,14,10,0,0,2,4,0,0,1,3,0,0,0,0,0,0,0,0,0,0,0,0,0,0
1627854,Bryn Forbes,SAS,201904230DEN,"Apr 23, 2019",DEN,4,6,2,7,22.22,29.07,-6.85,2,0,4,3,1,1,0,0,0,0,0,0,0,0,0,0,0,0,0,0,0,0,0,0
1627750,Jamal Murray,DEN,201904230DEN,"Apr 23, 2019",SAS,23,16,1,16,54.76,69.95,-15.19,6,8,9,12,0,0,0,0,1,3,0,0,0,0,0,0,0,0,0,0,0,0,0,0
200794,Paul Millsap,DEN,201904230DEN,"Apr 23, 2019",SAS,14,10,5,12,48.28,57.38,-9.1,6,4,4,6,1,2,1,2,0,0,0,0,0,0,0,0,0,0,0,0,0,0,0,0
1628470,Torrey Craig,DEN,201904230DEN,"Apr 23, 2019",SAS,1,1,2,2,20.0,26.6,-6.6,0,0,1,0,1,1,0,0,0,0,0,0,0,0,0,0,0,0,0,0,0,0,0,0
200752,Rudy Gay,SAS,201904230DEN,"Apr 23, 2019",DEN,6,9,1,9,28.57,31.78,-3.21,6,4,2,0,0,0,0,0,1,2,0,0,0,0,0,0,0,0,0,0,0,0,0,0
201158,Marco Belinelli,SAS,201904230DEN,"Apr 23, 2019",DEN,7,7,0,7,41.18,50.0,-8.82,4,4,3,3,0,0,0,0,0,0,0,0,0,0,0,0,0,0,0,0,0,0,0,0
1627736,Malik Beasley,DEN,201904230DEN,"Apr 23, 2019",SAS,11,7,1,7,61.11,73.92,-12.81,3,2,3,6,0,0,0,0,1,3,0,0,0,0,0,0,0,0,0,0,0,0,0,0
202722,Davis Bertans,SAS,201904230DEN,"Apr 23, 2019",DEN,3,5,0,5,21.43,30.0,-8.57,1,0,4,3,0,0,0,0,0,0,0,0,0,0,0,0,0,0,0,0,0,0,0,0
201988,Patty Mills,SAS,201904230DEN,"Apr 23, 2019",DEN,5,8,0,8,23.81,31.25,-7.44,3,2,5,3,0,0,0,0,0,0,0,0,0,0,0,0,0,0,0,0,0,0,0,0
1628420,Monte Morris,DEN,201904230DEN,"Apr 23, 2019",SAS,10,9,0,9,47.62,55.56,-7.94,6,10,3,0,0,0,0,0,0,0,0,0,0,0,0,0,0,0,0,0,0,0,0,0
203486,Mason Plumlee,DEN,201904230DEN,"Apr 23, 2019",SAS,1,4,3,6,9.09,9.4,-0.31,4,0,0,0,1,1,0,0,0,0,0,0,0,0,0,0,0,0,0,0,1,0,0,0
203115,Will Barton,DEN,201904230DEN,"Apr 23, 2019",SAS,17,11,2,12,60.71,71.55,-10.84,7,12,4,3,1,2,0,0,0,0,0,0,0,0,0,0,0,0,0,0,0,0,0,0
1629022,Lonnie Walker IV,SAS,201904230DEN,"Apr 23, 2019",DEN,2,3,0,3,33.33,33.33,0.0,3,2,0,0,0,0,0,0,0,0,0,0,0,0,0,0,0,0,0,0,0,0,0,0
202700,Donatas Motiejunas,SAS,201904230DEN,"Apr 23, 2019",DEN,2,3,0,3,28.57,33.33,-4.76,2,2,1,0,0,0,0,0,0,0,0,0,0,0,0,0,0,0,0,0,0,0,0,0
1627823,Juancho Hernangomez,DEN,201904230DEN,"Apr 23, 2019",SAS,0,1,0,1,0.0,0.0,0.0,1,0,0,0,0,0,0,0,0,0,0,0,0,0,0,0,0,0,0,0,0,0,0,0
201967,Dante Cunningham,SAS,201904230DEN,"Apr 23, 2019",DEN,3,1,0,1,100.0,150.0,-50.0,0,0,1,3,0,0,0,0,0,0,0,0,0,0,0,0,0,0,0,0,0,0,0,0
202347,Quincy Pondexter,SAS,201904230DEN,"Apr 23, 2019",DEN,0,2,0,2,0.0,0.0,0.0,1,0,1,0,0,0,0,0,0,0,0,0,0,0,0,0,0,0,0,0,0,0,0,0
203500,Steven Adams,OKC,201904230POR,"Apr 23, 2019",POR,10,8,1,8,58.82,59.24,-0.42,7,8,0,0,0,0,0,0,1,2,0,0,0,0,0,0,0,0,0,0,0,0,0,0
202683,Enes Freedom,POR,201904230POR,"Apr 23, 2019",OKC,13,9,1,10,68.42,68.86,-0.44,9,12,0,0,0,0,0,0,0,0,0,0,0,0,0,0,0,0,0,0,0,0,1,1
203081,Damian Lillard,POR,201904230POR,"Apr 23, 2019",OKC,50,33,8,37,54.35,68.46,-14.11,15,14,18,30,2,3,0,0,0,0,0,0,0,0,0,0,0,0,0,0,0,0,2,3
202331,Paul George,OKC,201904230POR,"Apr 23, 2019",POR,36,20,8,24,64.29,76.53,-12.24,12,22,8,9,2,3,0,0,0,0,0,0,0,0,0,0,0,0,0,0,0,0,2,2
203468,CJ McCollum,POR,201904230POR,"Apr 23, 2019",OKC,17,19,0,19,37.78,44.74,-6.96,12,14,7,3,0,0,0,0,0,0,0,0,0,0,0,0,0,0,0,0,0,0,0,0
203924,Jerami Grant,OKC,201904230POR,"Apr 23, 2019",POR,16,8,1,8,84.21,94.79,-10.58,5,8,2,6,0,0,0,0,1,2,0,0,0,0,0,0,0,0,0,0,0,0,0,0
1628390,Terrance Ferguson,OKC,201904230POR,"Apr 23, 2019",POR,3,1,0,1,100.0,150.0,-50.0,0,0,1,3,0,0,0,0,0,0,0,0,0,0,0,0,0,0,0,0,0,0,0,0
202329,Al-Farouq Aminu,POR,201904230POR,"Apr 23, 2019",OKC,9,7,2,8,50.0,57.11,-7.11,5,4,2,3,1,2,0,0,0,0,0,0,0,0,0,0,0,0,0,0,0,0,0,0
203090,Maurice Harkless,POR,201904230POR,"Apr 23, 2019",OKC,17,9,10,14,58.62,63.43,-4.81,8,12,1,0,4,3,0,0,0,0,0,0,0,0,0,0,0,0,0,0,0,0,1,2
201566,Russell Westbrook,OKC,201904230POR,"Apr 23, 2019",POR,29,31,3,32,38.16,44.86,-6.7,19,12,11,12,1,2,0,0,1,3,0,0,0,0,0,0,0,0,0,0,0,0,0,0
203918,Rodney Hood,POR,201904230POR,"Apr 23, 2019",OKC,0,2,0,2,0.0,0.0,0.0,1,0,1,0,0,0,0,0,0,0,0,0,0,0,0,0,0,0,0,0,0,0,0,0
203086,Meyers Leonard,POR,201904230POR,"Apr 23, 2019",OKC,2,3,0,3,28.57,33.33,-4.76,2,2,1,0,0,0,0,0,0,0,0,0,0,0,0,0,0,0,0,0,0,0,0,0
203457,Nerlens Noel,OKC,201904230POR,"Apr 23, 2019",POR,2,4,0,4,25.0,25.0,0.0,4,2,0,0,0,0,0,0,0,0,0,0,0,0,0,0,0,0,0,0,0,0,0,0
203471,Dennis Schröder,OKC,201904230POR,"Apr 23, 2019",POR,17,10,2,11,68.0,78.12,-10.12,7,10,3,6,1,1,0,0,0,0,0,0,0,0,0,0,0,0,0,0,0,0,0,0
1628380,Zach Collins,POR,201904230POR,"Apr 23, 2019",OKC,2,4,0,4,22.22,25.0,-2.78,3,2,1,0,0,0,0,0,0,0,0,0,0,0,0,0,0,0,0,0,0,0,0,0
203552,Seth Curry,POR,201904230POR,"Apr 23, 2019",OKC,7,8,0,8,35.0,43.75,-8.75,4,4,4,3,0,0,0,0,0,0,0,0,0,0,0,0,0,0,0,0,0,0,0,0
202693,Markieff Morris,OKC,201904230POR,"Apr 23, 2019",POR,0,2,0,2,0.0,0.0,0.0,1,0,1,0,0,0,0,0,0,0,0,0,0,0,0,0,0,0,0,0,0,0,0,0
101109,Raymond Felton,OKC,201904230POR,"Apr 23, 2019",POR,2,2,0,2,40.0,50.0,-10.0,1,2,1,0,0,0,0,0,0,0,0,0,0,0,0,0,0,0,0,0,0,0,0,0
202323,Evan Turner,POR,201904230POR,"Apr 23, 2019",OKC,1,2,2,3,16.67,17.36,-0.69,2,0,0,0,1,1,0,0,0,0,0,0,0,0,0,0,0,0,0,0,0,0,0,0
101108,Chris Paul,HOU,201904240HOU,"Apr 24, 2019",UTA,15,16,2,17,39.47,44.43,-4.96,12,10,4,3,0,0,0,0,0,0,0,0,0,0,0,0,0,0,0,0,0,0,1,2
201937,Ricky Rubio,UTA,201904240HOU,"Apr 24, 2019",HOU,17,15,2,16,45.95,53.53,-7.58,10,12,5,3,1,2,0,0,0,0,0,0,0,0,0,0,0,0,0,0,0,0,0,0
200782,P.J. Tucker,HOU,201904240HOU,"Apr 24, 2019",UTA,8,7,4,9,33.33,45.66,-12.33,1,0,6,6,0,0,0,0,0,0,0,0,0,0,0,0,0,0,0,0,0,0,2,2
203109,Jae Crowder,UTA,201904240HOU,"Apr 24, 2019",HOU,15,12,4,14,42.86,54.51,-11.65,5,4,7,9,1,1,0,0,0,0,0,0,0,0,0,0,0,0,0,0,0,0,1,1
201935,James Harden,HOU,201904240HOU,"Apr 24, 2019",UTA,26,26,5,28,37.68,46.1,-8.42,13,12,12,9,1,0,0,0,1,3,0,0,0,0,0,0,0,0,0,0,0,0,1,2
203497,Rudy Gobert,UTA,201904240HOU,"Apr 24, 2019",HOU,9,8,4,10,45.0,46.11,-1.11,8,6,0,0,2,3,0,0,0,0,0,0,0,0,0,0,0,0,0,0,0,0,0,0
201569,Eric Gordon,HOU,201904240HOU,"Apr 24, 2019",UTA,15,13,2,14,41.67,54.03,-12.36,5,2,8,12,0,0,0,0,0,0,0,0,0,0,0,0,0,0,0,0,0,0,1,1
1628378,Donovan Mitchell,UTA,201904240HOU,"Apr 24, 2019",HOU,12,22,5,24,20.69,24.79,-4.1,12,6,9,0,2,3,0,0,1,3,0,0,0,0,0,0,0,0,0,0,0,0,0,0
204060,Joe Ingles,UTA,201904240HOU,"Apr 24, 2019",HOU,11,12,0,12,33.33,45.83,-12.5,3,2,9,9,0,0,0,0,0,0,0,0,0,0,0,0,0,0,0,0,0,0,0,0
203991,Clint Capela,HOU,201904240HOU,"Apr 24, 2019",UTA,16,7,5,9,84.21,86.96,-2.75,6,10,0,0,2,4,0,0,1,2,0,0,0,0,0,0,0,0,0,0,0,0,0,0
1626220,Royce O'Neale,UTA,201904240HOU,"Apr 24, 2019",HOU,18,13,0,13,60.0,69.23,-9.23,9,12,4,6,0,0,0,0,0,0,0,0,0,0,0,0,0,0,0,0,0,0,0,0
1627863,Danuel House Jr.,HOU,201904240HOU,"Apr 24, 2019",UTA,7,3,2,4,70.0,90.21,-20.21,1,0,2,6,1,1,0,0,0,0,0,0,0,0,0,0,0,0,0,0,0,0,0,0
1627777,Georges Niang,UTA,201904240HOU,"Apr 24, 2019",HOU,4,5,0,5,33.33,40.0,-6.67,3,4,2,0,0,0,0,0,0,0,0,0,0,0,0,0,0,0,0,0,0,0,0,0
200757,Thabo Sefolosha,UTA,201904240HOU,"Apr 24, 2019",HOU,0,3,0,3,0.0,0.0,0.0,1,0,2,0,0,0,0,0,0,0,0,0,0,0,0,0,0,0,0,0,0,0,0,0
202324,Derrick Favors,UTA,201904240HOU,"Apr 24, 2019",HOU,7,4,4,6,58.33,60.76,-2.43,4,4,0,0,1,2,0,0,0,0,0,0,0,0,0,0,0,0,0,0,0,0,1,1
203085,Austin Rivers,HOU,201904240HOU,"Apr 24, 2019",UTA,3,3,0,3,33.33,50.0,-16.67,0,0,3,3,0,0,0,0,0,0,0,0,0,0,0,0,0,0,0,0,0,0,0,0
202702,Kenneth Faried,HOU,201904240HOU,"Apr 24, 2019",UTA,2,1,0,1,100.0,100.0,0.0,1,2,0,0,0,0,0,0,0,0,0,0,0,0,0,0,0,0,0,0,0,0,0,0
101123,Gerald Green,HOU,201904240HOU,"Apr 24, 2019",UTA,0,2,0,2,0.0,0.0,0.0,0,0,2,0,0,0,0,0,0,0,0,0,0,0,0,0,0,0,0,0,0,0,0,0
hilarne01,N. HilÃ¡rio,HOU,201904240HOU,"Apr 24, 2019",UTA,8,3,2,4,100.0,103.09,-3.09,3,6,0,0,1,2,0,0,0,0,0,0,0,0,0,0,0,0,0,0,0,0,0,0
203110,Draymond Green,GSW,201904240GSW,"Apr 24, 2019",LAC,7,7,2,8,38.89,44.42,-5.53,5,6,2,0,1,1,0,0,0,0,0,0,0,0,0,0,0,0,0,0,0,0,0,0
201976,Patrick Beverley,LAC,201904240GSW,"Apr 24, 2019",GSW,17,13,0,13,45.95,65.38,-19.43,2,2,11,15,0,0,0,0,0,0,0,0,0,0,0,0,0,0,0,0,0,0,0,0
203210,JaMychal Green,LAC,201904240GSW,"Apr 24, 2019",GSW,15,9,2,10,57.69,75.91,-18.22,3,4,6,9,1,2,0,0,0,0,0,0,0,0,0,0,0,0,0,0,0,0,0,0
202691,Klay Thompson,GSW,201904240GSW,"Apr 24, 2019",LAC,22,20,0,20,43.14,55.0,-11.86,9,10,11,12,0,0,0,0,0,0,0,0,0,0,0,0,0,0,0,0,0,0,0,0
201142,Kevin Durant,LAC,201904240GSW,"Apr 24, 2019",GSW,45,26,12,30,59.21,71.93,-12.72,12,14,11,12,1,2,1,3,2,6,1,4,0,0,0,0,0,0,0,0,0,0,2,4
201568,Danilo Gallinari,LAC,201904240GSW,"Apr 24, 2019",GSW,26,22,6,25,42.62,52.76,-10.14,10,10,11,9,1,2,0,0,1,2,0,0,1,1,0,0,0,0,0,0,0,0,1,2
101106,Andrew Bogut,GSW,201904240GSW,"Apr 24, 2019",LAC,6,5,0,5,60.0,60.0,0.0,5,6,0,0,0,0,0,0,0,0,0,0,0,0,0,0,0,0,0,0,0,0,0,0
1629013,Landry Shamet,GSW,201904240GSW,"Apr 24, 2019",LAC,6,4,3,5,42.86,56.39,-13.53,1,0,3,3,0,0,1,3,0,0,0,0,0,0,0,0,0,0,0,0,0,0,0,0
201939,Stephen Curry,LAC,201904240GSW,"Apr 24, 2019",GSW,24,15,6,17,58.54,68.03,-9.49,8,2,5,12,1,2,0,0,2,6,0,0,0,0,0,0,0,0,0,0,0,0,1,2
1628983,Shai Gilgeous-Alexander,LAC,201904240GSW,"Apr 24, 2019",GSW,6,3,2,4,66.67,77.32,-10.65,2,4,1,0,1,2,0,0,0,0,0,0,0,0,0,0,0,0,0,0,0,0,0,0
1626172,Kevon Looney,GSW,201904240GSW,"Apr 24, 2019",LAC,5,8,2,9,27.78,28.15,-0.37,8,4,0,0,1,1,0,0,0,0,0,0,0,0,0,0,0,0,0,0,0,0,0,0
101150,Lou Williams,LAC,201904240GSW,"Apr 24, 2019",GSW,33,19,9,23,67.35,71.86,-4.51,17,22,1,0,4,7,0,0,0,0,1,4,0,0,0,0,0,0,0,0,0,0,0,0
2738,Andre Iguodala,GSW,201904240GSW,"Apr 24, 2019",LAC,3,7,0,7,15.79,21.43,-5.64,2,0,5,3,0,0,0,0,0,0,0,0,0,0,0,0,0,0,0,0,0,0,0,0
1626149,Montrezl Harrell,LAC,201904240GSW,"Apr 24, 2019",GSW,24,14,2,15,80.0,80.65,-0.65,14,22,0,0,0,0,0,0,0,0,0,0,0,0,0,0,0,0,0,0,0,0,1,2
1629010,Jerome Robinson,LAC,201904240GSW,"Apr 24, 2019",GSW,0,1,0,1,0.0,0.0,0.0,1,0,0,0,0,0,0,0,0,0,0,0,0,0,0,0,0,0,0,0,0,0,0,0
1628035,Alfonzo McKinnie,GSW,201904240GSW,"Apr 24, 2019",LAC,7,6,0,6,43.75,58.33,-14.58,2,4,4,3,0,0,0,0,0,0,0,0,0,0,0,0,0,0,0,0,0,0,0,0
2733,Shaun Livingston,GSW,201904240GSW,"Apr 24, 2019",LAC,2,2,0,2,50.0,50.0,0.0,2,2,0,0,0,0,0,0,0,0,0,0,0,0,0,0,0,0,0,0,0,0,0,0
202066,Garrett Temple,LAC,201904240GSW,"Apr 24, 2019",GSW,2,0,2,1,100.0,113.64,-13.64,0,0,0,0,1,2,0,0,0,0,0,0,0,0,0,0,0,0,0,0,0,0,0,0
201942,DeMar DeRozan,SAS,201904250SAS,"Apr 25, 2019",DEN,25,16,2,17,73.53,74.05,-0.52,16,24,0,0,1,1,0,0,0,0,0,0,0,0,0,0,0,0,0,0,0,0,0,0
203999,Nikola Jokić,DEN,201904250SAS,"Apr 25, 2019",SAS,43,30,4,32,61.43,67.7,-6.27,24,34,6,6,2,3,0,0,0,0,0,0,0,0,0,0,0,0,0,0,0,0,0,0
200746,LaMarcus Aldridge,SAS,201904250SAS,"Apr 25, 2019",DEN,26,18,6,21,57.78,62.98,-5.2,15,18,3,3,3,5,0,0,0,0,0,0,0,0,0,0,0,0,0,0,0,0,0,0
1628470,Torrey Craig,DEN,201904250SAS,"Apr 25, 2019",SAS,5,6,0,6,35.71,41.67,-5.96,4,2,2,3,0,0,0,0,0,0,0,0,0,0,0,0,0,0,0,0,0,0,0,0
203914,Gary Harris,DEN,201904250SAS,"Apr 25, 2019",SAS,14,8,2,9,66.67,78.83,-12.16,5,6,3,6,1,2,0,0,0,0,0,0,0,0,0,0,0,0,0,0,0,0,0,0
1627751,Jakob Poeltl,SAS,201904250SAS,"Apr 25, 2019",DEN,8,6,0,6,66.67,66.67,0.0,6,8,0,0,0,0,0,0,0,0,0,0,0,0,0,0,0,0,0,0,0,0,0,0
200794,Paul Millsap,DEN,201904250SAS,"Apr 25, 2019",SAS,12,10,0,10,54.55,60.0,-5.45,8,12,2,0,0,0,0,0,0,0,0,0,0,0,0,0,0,0,0,0,0,0,0,0
1628401,Derrick White,SAS,201904250SAS,"Apr 25, 2019",DEN,13,7,4,9,61.9,74.2,-12.3,4,4,3,6,2,3,0,0,0,0,0,0,0,0,0,0,0,0,0,0,0,0,0,0
1627750,Jamal Murray,DEN,201904250SAS,"Apr 25, 2019",SAS,16,18,2,19,37.21,42.37,-5.16,13,12,5,3,1,1,0,0,0,0,0,0,0,0,0,0,0,0,0,0,0,0,0,0
1627854,Bryn Forbes,SAS,201904250SAS,"Apr 25, 2019",DEN,12,8,0,8,60.0,75.0,-15.0,4,6,4,6,0,0,0,0,0,0,0,0,0,0,0,0,0,0,0,0,0,0,0,0
200752,Rudy Gay,SAS,201904250SAS,"Apr 25, 2019",DEN,19,11,2,12,70.37,79.97,-9.6,8,8,3,9,1,2,0,0,0,0,0,0,0,0,0,0,0,0,0,0,0,0,0,0
201988,Patty Mills,SAS,201904250SAS,"Apr 25, 2019",DEN,6,12,0,12,19.35,25.0,-5.65,5,6,7,0,0,0,0,0,0,0,0,0,0,0,0,0,0,0,0,0,0,0,0,0
1627736,Malik Beasley,DEN,201904250SAS,"Apr 25, 2019",SAS,2,6,0,6,15.38,16.67,-1.29,5,2,1,0,0,0,0,0,0,0,0,0,0,0,0,0,0,0,0,0,0,0,0,0
1628420,Monte Morris,DEN,201904250SAS,"Apr 25, 2019",SAS,4,6,0,6,33.33,33.33,0.0,6,4,0,0,0,0,0,0,0,0,0,0,0,0,0,0,0,0,0,0,0,0,0,0
201158,Marco Belinelli,SAS,201904250SAS,"Apr 25, 2019",DEN,9,4,3,5,60.0,84.59,-24.59,0,0,4,6,0,0,1,3,0,0,0,0,0,0,0,0,0,0,0,0,0,0,0,0
203115,Will Barton,DEN,201904250SAS,"Apr 25, 2019",SAS,2,7,0,7,11.11,14.29,-3.18,3,2,4,0,0,0,0,0,0,0,0,0,0,0,0,0,0,0,0,0,0,0,0,0
203486,Mason Plumlee,DEN,201904250SAS,"Apr 25, 2019",SAS,5,2,4,4,62.5,66.49,-3.99,2,2,0,0,2,3,0,0,0,0,0,0,0,0,0,0,0,0,0,0,0,0,0,0
1626168,Trey Lyles,DEN,201904250SAS,"Apr 25, 2019",SAS,0,3,0,3,0.0,0.0,0.0,2,0,1,0,0,0,0,0,0,0,0,0,0,0,0,0,0,0,0,0,0,0,0,0
201967,Dante Cunningham,SAS,201904250SAS,"Apr 25, 2019",DEN,0,1,0,1,0.0,0.0,0.0,1,0,0,0,0,0,0,0,0,0,0,0,0,0,0,0,0,0,0,0,0,0,0,0
1629022,Lonnie Walker IV,SAS,201904250SAS,"Apr 25, 2019",DEN,2,1,0,1,100.0,100.0,0.0,1,2,0,0,0,0,0,0,0,0,0,0,0,0,0,0,0,0,0,0,0,0,0,0
201939,Stephen Curry,GSW,201904260LAC,"Apr 26, 2019",LAC,24,14,6,17,61.54,72.12,-10.58,8,10,5,6,2,4,0,0,1,3,0,0,1,1,0,0,0,0,0,0,0,0,0,0
203110,Draymond Green,GSW,201904260LAC,"Apr 26, 2019",LAC,16,14,1,14,51.61,55.4,-3.79,11,14,2,0,0,0,0,0,1,2,0,0,0,0,0,0,0,0,0,0,0,0,0,0
201568,Danilo Gallinari,LAC,201904260LAC,"Apr 26, 2019",GSW,29,24,6,27,47.54,54.43,-6.89,16,14,7,9,2,3,0,0,1,2,0,0,1,1,0,0,0,0,0,0,0,0,0,0
2733,Shaun Livingston,GSW,201904260LAC,"Apr 26, 2019",LAC,2,5,0,5,20.0,20.0,0.0,5,2,0,0,0,0,0,0,0,0,0,0,0,0,0,0,0,0,0,0,0,0,0,0
1628983,Shai Gilgeous-Alexander,LAC,201904260LAC,"Apr 26, 2019",GSW,22,14,6,17,57.89,66.11,-8.22,10,12,4,6,2,3,0,0,0,0,0,0,0,0,0,0,0,0,0,0,0,0,1,1
201976,Patrick Beverley,LAC,201904260LAC,"Apr 26, 2019",GSW,11,6,3,7,64.71,75.14,-10.43,3,4,2,3,0,0,0,0,1,3,0,0,0,0,0,0,0,0,0,0,0,0,1,1
1629013,Landry Shamet,LAC,201904260LAC,"Apr 26, 2019",GSW,10,8,3,9,41.67,53.65,-11.98,3,4,5,3,0,0,1,3,0,0,0,0,0,0,0,0,0,0,0,0,0,0,0,0
201142,Kevin Durant,GSW,201904260LAC,"Apr 26, 2019",LAC,50,26,15,32,61.73,76.69,-14.96,10,14,14,18,3,5,1,3,2,6,0,0,0,0,0,0,0,0,0,0,0,0,2,4
202691,Klay Thompson,GSW,201904260LAC,"Apr 26, 2019",LAC,9,10,3,11,33.33,39.75,-6.42,5,2,4,3,0,0,0,0,1,3,0,0,0,0,0,0,0,0,0,0,0,0,1,1
203210,JaMychal Green,LAC,201904260LAC,"Apr 26, 2019",GSW,7,7,2,8,35.0,44.42,-9.42,3,2,4,3,0,0,0,0,0,0,0,0,0,0,0,0,0,0,0,0,0,0,1,2
1626172,Kevon Looney,GSW,201904260LAC,"Apr 26, 2019",LAC,2,1,0,1,100.0,100.0,0.0,1,2,0,0,0,0,0,0,0,0,0,0,0,0,0,0,0,0,0,0,0,0,0,0
101150,Lou Williams,LAC,201904260LAC,"Apr 26, 2019",GSW,8,21,2,22,17.02,18.28,-1.26,18,6,3,0,1,2,0,0,0,0,0,0,0,0,0,0,0,0,0,0,0,0,0,0
2738,Andre Iguodala,GSW,201904260LAC,"Apr 26, 2019",LAC,15,11,2,12,55.56,63.13,-7.57,8,12,3,3,0,0,0,0,0,0,0,0,0,0,0,0,0,0,0,0,0,0,1,0
1626149,Montrezl Harrell,LAC,201904260LAC,"Apr 26, 2019",GSW,10,7,2,8,62.5,63.45,-0.95,7,8,0,0,1,2,0,0,0,0,0,0,0,0,0,0,0,0,0,0,0,0,0,0
202066,Garrett Temple,LAC,201904260LAC,"Apr 26, 2019",GSW,2,1,2,2,40.0,53.19,-13.19,0,0,1,0,1,2,0,0,0,0,0,0,0,0,0,0,0,0,0,0,0,0,0,0
1628035,Alfonzo McKinnie,GSW,201904260LAC,"Apr 26, 2019",LAC,3,2,2,3,42.86,52.08,-9.22,1,2,1,0,0,0,0,0,0,0,0,0,0,0,0,0,0,0,0,0,0,0,1,1
1626188,Quinn Cook,GSW,201904260LAC,"Apr 26, 2019",LAC,2,2,0,2,50.0,50.0,0.0,2,2,0,0,0,0,0,0,0,0,0,0,0,0,0,0,0,0,0,0,0,0,0,0
1628414,Sindarius Thornwell,LAC,201904260LAC,"Apr 26, 2019",GSW,3,1,0,1,100.0,150.0,-50.0,0,0,1,3,0,0,0,0,0,0,0,0,0,0,0,0,0,0,0,0,0,0,0,0
101106,Andrew Bogut,GSW,201904260LAC,"Apr 26, 2019",LAC,4,1,2,2,100.0,106.38,-6.38,1,2,0,0,1,2,0,0,0,0,0,0,0,0,0,0,0,0,0,0,0,0,0,0
1629010,Jerome Robinson,LAC,201904260LAC,"Apr 26, 2019",GSW,8,5,2,6,47.06,68.03,-20.97,0,0,5,6,1,2,0,0,0,0,0,0,0,0,0,0,0,0,0,0,0,0,0,0
201973,Jonas Jerebko,GSW,201904260LAC,"Apr 26, 2019",LAC,0,1,0,1,0.0,0.0,0.0,0,0,1,0,0,0,0,0,0,0,0,0,0,0,0,0,0,0,0,0,0,0,0,0
1627826,Ivica Zubac,LAC,201904260LAC,"Apr 26, 2019",GSW,0,2,0,2,0.0,0.0,0.0,2,0,0,0,0,0,0,0,0,0,0,0,0,0,0,0,0,0,0,0,0,0,0,0
1628395,Jordan Bell,GSW,201904260LAC,"Apr 26, 2019",LAC,2,2,0,2,50.0,50.0,0.0,2,2,0,0,0,0,0,0,0,0,0,0,0,0,0,0,0,0,0,0,0,0,0,0
1627783,Pascal Siakam,TOR,201904270TOR,"Apr 27, 2019",PHI,29,15,4,17,76.32,86.52,-10.2,11,18,4,9,2,2,0,0,0,0,0,0,0,0,0,0,0,0,0,0,0,0,0,0
203954,Joel Embiid,PHI,201904270TOR,"Apr 27, 2019",TOR,16,18,6,21,35.56,38.76,-3.2,15,8,3,3,1,2,0,0,0,0,0,0,0,0,0,0,0,0,0,0,0,0,2,3
202710,Jimmy Butler III,PHI,201904270TOR,"Apr 27, 2019",TOR,10,12,4,13,32.26,36.34,-4.08,8,6,3,0,0,0,1,2,1,2,0,0,0,0,0,0,0,0,0,0,0,0,0,0
1627732,Ben Simmons,PHI,201904270TOR,"Apr 27, 2019",TOR,14,8,1,8,82.35,82.94,-0.59,7,12,0,0,0,0,0,0,1,2,0,0,0,0,0,0,0,0,0,0,0,0,0,0
202699,Tobias Harris,PHI,201904270TOR,"Apr 27, 2019",TOR,14,17,0,17,36.84,41.18,-4.34,13,8,4,6,0,0,0,0,0,0,0,0,0,0,0,0,0,0,0,0,0,0,0,0
200755,JJ Redick,PHI,201904270TOR,"Apr 27, 2019",TOR,17,13,0,13,44.74,65.38,-20.64,1,2,12,15,0,0,0,0,0,0,0,0,0,0,0,0,0,0,0,0,0,0,0,0
201188,Marc Gasol,TOR,201904270TOR,"Apr 27, 2019",PHI,8,8,0,8,40.0,50.0,-10.0,4,2,4,6,0,0,0,0,0,0,0,0,0,0,0,0,0,0,0,0,0,0,0,0
202695,Kawhi Leonard,TOR,201904270TOR,"Apr 27, 2019",PHI,45,23,11,29,70.31,80.82,-10.51,16,26,7,9,5,9,0,0,0,0,0,0,1,1,0,0,0,0,0,0,0,0,0,0
201980,Danny Green,TOR,201904270TOR,"Apr 27, 2019",PHI,7,5,2,6,43.75,59.52,-15.77,1,2,4,3,1,2,0,0,0,0,0,0,0,0,0,0,0,0,0,0,0,0,0,0
200768,Kyle Lowry,PHI,201904270TOR,"Apr 27, 2019",TOR,9,10,1,10,36.0,43.1,-7.1,5,6,4,0,0,0,0,0,1,3,0,0,0,0,0,0,0,0,0,0,0,0,0,0
1626246,Boban Marjanovic,PHI,201904270TOR,"Apr 27, 2019",TOR,2,2,0,2,50.0,50.0,0.0,2,2,0,0,0,0,0,0,0,0,0,0,0,0,0,0,0,0,0,0,0,0,0,0
203516,James Ennis III,PHI,201904270TOR,"Apr 27, 2019",TOR,11,5,4,6,68.75,81.36,-12.61,2,4,2,3,0,0,1,1,1,3,0,0,0,0,0,0,0,0,0,0,0,0,0,0
1627788,Furkan Korkmaz,PHI,201904270TOR,"Apr 27, 2019",TOR,5,6,2,7,27.78,36.34,-8.56,2,0,4,3,1,2,0,0,0,0,0,0,0,0,0,0,0,0,0,0,0,0,0,0
1628413,Jonah Bolden,PHI,201904270TOR,"Apr 27, 2019",TOR,3,6,0,6,18.75,25.0,-6.25,2,0,4,3,0,0,0,0,0,0,0,0,0,0,0,0,0,0,0,0,0,0,0,0
201586,Serge Ibaka,TOR,201904270TOR,"Apr 27, 2019",PHI,7,9,2,10,31.82,35.43,-3.61,7,6,2,0,1,1,0,0,0,0,0,0,0,0,0,0,0,0,0,0,0,0,0,0
1626181,Norman Powell,TOR,201904270TOR,"Apr 27, 2019",PHI,0,2,0,2,0.0,0.0,0.0,2,0,0,0,0,0,0,0,0,0,0,0,0,0,0,0,0,0,0,0,0,0,0,0
1627832,Fred VanVleet,TOR,201904270TOR,"Apr 27, 2019",PHI,3,2,4,4,33.33,39.89,-6.56,1,2,1,0,1,0,0,0,0,0,0,0,0,0,0,0,0,0,0,0,0,0,1,1
201975,Jodie Meeks,TOR,201904270TOR,"Apr 27, 2019",PHI,0,1,0,1,0.0,0.0,0.0,1,0,0,0,0,0,0,0,0,0,0,0,0,0,0,0,0,0,0,0,0,0,0,0
204456,T.J. McConnell,PHI,201904270TOR,"Apr 27, 2019",TOR,0,1,0,1,0.0,0.0,0.0,1,0,0,0,0,0,0,0,0,0,0,0,0,0,0,0,0,0,0,0,0,0,0,0
202328,Greg Monroe,PHI,201904270TOR,"Apr 27, 2019",TOR,3,1,4,3,50.0,54.35,-4.35,1,0,0,0,1,1,0,0,0,0,0,0,0,0,0,0,0,0,0,0,0,0,1,2
202391,Jeremy Lin,TOR,201904270TOR,"Apr 27, 2019",PHI,0,2,0,2,0.0,0.0,0.0,2,0,0,0,0,0,0,0,0,0,0,0,0,0,0,0,0,0,0,0,0,0,0,0
1626259,Malcolm Miller,TOR,201904270TOR,"Apr 27, 2019",PHI,0,2,0,2,0.0,0.0,0.0,1,0,1,0,0,0,0,0,0,0,0,0,0,0,0,0,0,0,0,0,0,0,0,0
203999,Nikola Jokić,DEN,201904270DEN,"Apr 27, 2019",SAS,21,26,4,28,35.0,37.82,-2.82,22,18,4,0,1,2,0,0,0,0,0,0,0,0,0,0,0,0,0,0,0,0,1,1
1628401,Derrick White,SAS,201904270DEN,"Apr 27, 2019",DEN,4,7,4,9,18.18,22.83,-4.65,3,0,4,0,2,4,0,0,0,0,0,0,0,0,0,0,0,0,0,0,0,0,0,0
201942,DeMar DeRozan,SAS,201904270DEN,"Apr 27, 2019",DEN,19,21,6,24,39.58,40.19,-0.61,21,14,0,0,3,5,0,0,0,0,0,0,0,0,0,0,0,0,0,0,0,0,0,0
1627750,Jamal Murray,DEN,201904270DEN,"Apr 27, 2019",SAS,23,19,6,22,50.0,53.14,-3.14,17,18,2,0,3,5,0,0,0,0,0,0,0,0,0,0,0,0,0,0,0,0,0,0
200794,Paul Millsap,DEN,201904270DEN,"Apr 27, 2019",SAS,9,10,4,12,32.14,38.27,-6.13,6,6,4,0,2,3,0,0,0,0,0,0,0,0,0,0,0,0,0,0,0,0,0,0
200746,LaMarcus Aldridge,SAS,201904270DEN,"Apr 27, 2019",DEN,16,16,4,18,43.24,45.05,-1.81,15,12,1,0,1,2,0,0,0,0,0,0,0,0,0,0,0,0,0,0,0,0,1,2
203914,Gary Harris,DEN,201904270DEN,"Apr 27, 2019",SAS,11,10,2,11,44.0,50.55,-6.55,7,6,3,3,1,2,0,0,0,0,0,0,0,0,0,0,0,0,0,0,0,0,0,0
1627854,Bryn Forbes,SAS,201904270DEN,"Apr 27, 2019",DEN,19,11,3,12,65.52,77.11,-11.59,7,8,4,9,0,0,1,2,0,0,0,0,0,0,0,0,0,0,0,0,0,0,0,0
1627751,Jakob Poeltl,DEN,201904270DEN,"Apr 27, 2019",SAS,2,3,0,3,33.33,33.33,0.0,3,2,0,0,0,0,0,0,0,0,0,0,0,0,0,0,0,0,0,0,0,0,0,0
200752,Rudy Gay,SAS,201904270DEN,"Apr 27, 2019",DEN,21,17,3,18,47.73,57.31,-9.58,9,10,7,6,0,0,0,0,1,3,0,0,0,0,0,0,0,0,0,0,0,0,1,2
1628470,Torrey Craig,DEN,201904270DEN,"Apr 27, 2019",SAS,7,4,0,4,70.0,87.5,-17.5,2,4,2,3,0,0,0,0,0,0,0,0,0,0,0,0,0,0,0,0,0,0,0,0
201988,Patty Mills,SAS,201904270DEN,"Apr 27, 2019",DEN,5,7,0,7,26.32,35.71,-9.39,2,2,5,3,0,0,0,0,0,0,0,0,0,0,0,0,0,0,0,0,0,0,0,0
201158,Marco Belinelli,SAS,201904270DEN,"Apr 27, 2019",DEN,0,3,0,3,0.0,0.0,0.0,1,0,2,0,0,0,0,0,0,0,0,0,0,0,0,0,0,0,0,0,0,0,0,0
1627736,Malik Beasley,DEN,201904270DEN,"Apr 27, 2019",SAS,4,5,2,6,28.57,34.01,-5.44,3,2,2,0,1,2,0,0,0,0,0,0,0,0,0,0,0,0,0,0,0,0,0,0
1628420,Monte Morris,DEN,201904270DEN,"Apr 27, 2019",SAS,7,7,2,8,41.18,44.42,-3.24,6,6,1,0,0,0,0,0,0,0,0,0,0,0,0,0,0,0,0,0,0,0,1,1
203115,Will Barton,DEN,201904270DEN,"Apr 27, 2019",SAS,3,4,2,5,25.0,30.74,-5.74,2,2,2,0,1,1,0,0,0,0,0,0,0,0,0,0,0,0,0,0,0,0,0,0
203486,Mason Plumlee,DEN,201904270DEN,"Apr 27, 2019",SAS,5,3,1,3,71.43,72.67,-1.24,2,2,0,0,0,0,0,0,1,3,0,0,0,0,0,0,0,0,0,0,0,0,0,0
201143,Al Horford,BOS,201904280MIL,"Apr 28, 2019",MIL,20,16,2,17,51.28,59.24,-7.96,11,10,5,9,1,1,0,0,0,0,0,0,0,0,0,0,0,0,0,0,0,0,0,0
203114,Khris Middleton,MIL,201904280MIL,"Apr 28, 2019",BOS,16,12,3,13,51.61,60.06,-8.45,7,2,4,9,1,2,0,0,1,3,0,0,0,0,0,0,0,0,0,0,0,0,0,0
202681,Kyrie Irving,BOS,201904280MIL,"Apr 28, 2019",MIL,26,21,0,21,55.32,61.9,-6.58,16,20,5,6,0,0,0,0,0,0,0,0,0,0,0,0,0,0,0,0,0,0,0,0
1627759,Jaylen Brown,BOS,201904280MIL,"Apr 28, 2019",MIL,19,14,0,14,54.29,67.86,-13.57,7,10,7,9,0,0,0,0,0,0,0,0,0,0,0,0,0,0,0,0,0,0,0,0
203507,Giannis Antetokounmpo,MIL,201904280MIL,"Apr 28, 2019",BOS,22,21,10,26,38.6,43.31,-4.71,16,8,5,9,5,5,0,0,0,0,0,0,0,0,0,0,0,0,0,0,0,0,0,0
202694,Marcus Morris Sr.,BOS,201904280MIL,"Apr 28, 2019",MIL,9,6,0,6,60.0,75.0,-15.0,3,6,3,3,0,0,0,0,0,0,0,0,0,0,0,0,0,0,0,0,0,0,0,0
202339,Eric Bledsoe,BOS,201904280MIL,"Apr 28, 2019",MIL,6,5,6,8,30.0,39.27,-9.27,1,2,4,0,3,4,0,0,0,0,0,0,0,0,0,0,0,0,0,0,0,0,0,0
1628369,Jayson Tatum,BOS,201904280MIL,"Apr 28, 2019",MIL,4,7,0,7,26.67,28.57,-1.9,6,4,1,0,0,0,0,0,0,0,0,0,0,0,0,0,0,0,0,0,0,0,0,0
1628425,Sterling Brown,MIL,201904280MIL,"Apr 28, 2019",BOS,3,7,0,7,17.65,21.43,-3.78,4,0,3,3,0,0,0,0,0,0,0,0,0,0,0,0,0,0,0,0,0,0,0,0
201572,Brook Lopez,MIL,201904280MIL,"Apr 28, 2019",BOS,3,5,0,5,21.43,30.0,-8.57,1,0,4,3,0,0,0,0,0,0,0,0,0,0,0,0,0,0,0,0,0,0,0,0
203382,Aron Baynes,BOS,201904280MIL,"Apr 28, 2019",MIL,4,1,2,2,80.0,106.38,-26.38,0,0,1,3,1,1,0,0,0,0,0,0,0,0,0,0,0,0,0,0,0,0,0,0
202330,Gordon Hayward,BOS,201904280MIL,"Apr 28, 2019",MIL,13,8,2,9,61.9,73.2,-11.3,5,8,3,3,1,2,0,0,0,0,0,0,0,0,0,0,0,0,0,0,0,0,0,0
1626192,Pat Connaughton,MIL,201904280MIL,"Apr 28, 2019",BOS,5,10,0,10,18.52,25.0,-6.48,3,2,7,3,0,0,0,0,0,0,0,0,0,0,0,0,0,0,0,0,0,0,0,0
201588,George Hill,MIL,201904280MIL,"Apr 28, 2019",BOS,9,8,2,9,42.86,50.68,-7.82,5,6,3,3,1,0,0,0,0,0,0,0,0,0,0,0,0,0,0,0,0,0,0,0
101141,Ersan Ilyasova,MIL,201904280MIL,"Apr 28, 2019",BOS,9,9,3,10,34.62,43.6,-8.98,3,4,5,0,1,2,0,0,1,3,0,0,0,0,0,0,0,0,0,0,0,0,0,0
1626179,Terry Rozier,BOS,201904280MIL,"Apr 28, 2019",MIL,11,8,2,9,47.83,61.94,-14.11,3,4,5,6,1,1,0,0,0,0,0,0,0,0,0,0,0,0,0,0,0,0,0,0
202703,Nikola Mirotic,MIL,201904280MIL,"Apr 28, 2019",BOS,13,9,0,9,59.09,72.22,-13.13,5,4,4,9,0,0,0,0,0,0,0,0,0,0,0,0,0,0,0,0,0,0,0,0
1628400,Semi Ojeleye,BOS,201904280MIL,"Apr 28, 2019",MIL,2,3,0,3,28.57,33.33,-4.76,2,2,1,0,0,0,0,0,0,0,0,0,0,0,0,0,0,0,0,0,0,0,0,0
1628464,Daniel Theis,BOS,201904280MIL,"Apr 28, 2019",MIL,4,2,0,2,100.0,100.0,0.0,2,4,0,0,0,0,0,0,0,0,0,0,0,0,0,0,0,0,0,0,0,0,0,0
204025,Tim Frazier,MIL,201904280MIL,"Apr 28, 2019",BOS,2,1,0,1,100.0,100.0,0.0,1,2,0,0,0,0,0,0,0,0,0,0,0,0,0,0,0,0,0,0,0,0,0,0
1628391,D.J. Wilson,MIL,201904280MIL,"Apr 28, 2019",BOS,2,2,0,2,50.0,50.0,0.0,2,2,0,0,0,0,0,0,0,0,0,0,0,0,0,0,0,0,0,0,0,0,0,0
202954,Brad Wanamaker,BOS,201904280MIL,"Apr 28, 2019",MIL,0,1,0,1,0.0,0.0,0.0,1,0,0,0,0,0,0,0,0,0,0,0,0,0,0,0,0,0,0,0,0,0,0,0
203110,Draymond Green,GSW,201904280GSW,"Apr 28, 2019",HOU,14,9,0,9,73.68,77.78,-4.1,8,14,1,0,0,0,0,0,0,0,0,0,0,0,0,0,0,0,0,0,0,0,0,0
201569,Eric Gordon,HOU,201904280GSW,"Apr 28, 2019",GSW,27,19,4,20,49.09,65.03,-15.94,4,8,13,12,1,1,0,0,2,6,0,0,0,0,0,0,0,0,0,0,0,0,0,0
2738,Andre Iguodala,GSW,201904280GSW,"Apr 28, 2019",HOU,14,7,4,9,70.0,79.91,-9.91,5,10,2,3,2,1,0,0,0,0,0,0,0,0,0,0,0,0,0,0,0,0,0,0
201935,James Harden,HOU,201904280GSW,"Apr 28, 2019",GSW,35,28,14,34,40.7,51.23,-10.53,11,8,16,12,4,7,1,3,1,3,0,0,0,0,0,0,0,0,0,0,0,0,1,2
202691,Klay Thompson,GSW,201904280GSW,"Apr 28, 2019",HOU,13,13,1,13,40.62,48.36,-7.74,7,4,5,6,0,0,0,0,1,3,0,0,0,0,0,0,0,0,0,0,0,0,0,0
201142,Kevin Durant,GSW,201904280GSW,"Apr 28, 2019",HOU,35,25,15,33,51.47,55.38,-3.91,22,20,3,3,4,7,1,2,0,0,0,0,2,2,0,0,0,0,0,0,0,0,1,1
203991,Clint Capela,HOU,201904280GSW,"Apr 28, 2019",GSW,4,2,2,3,66.67,69.44,-2.77,2,2,0,0,1,2,0,0,0,0,0,0,0,0,0,0,0,0,0,0,0,0,0,0
201939,Stephen Curry,GSW,201904280GSW,"Apr 28, 2019",HOU,18,12,5,15,46.15,63.38,-17.23,2,4,10,9,2,4,0,0,0,0,0,0,1,1,0,0,0,0,0,0,0,0,0,0
1626172,Kevon Looney,GSW,201904280GSW,"Apr 28, 2019",HOU,6,4,0,4,75.0,75.0,0.0,4,6,0,0,0,0,0,0,0,0,0,0,0,0,0,0,0,0,0,0,0,0,0,0
200782,P.J. Tucker,HOU,201904280GSW,"Apr 28, 2019",GSW,0,4,0,4,0.0,0.0,0.0,1,0,3,0,0,0,0,0,0,0,0,0,0,0,0,0,0,0,0,0,0,0,0,0
hilarne01,N. HilÃ¡rio,HOU,201904280GSW,"Apr 28, 2019",GSW,8,3,2,4,100.0,103.09,-3.09,3,6,0,0,1,2,0,0,0,0,0,0,0,0,0,0,0,0,0,0,0,0,0,0
1627863,Danuel House Jr.,HOU,201904280GSW,"Apr 28, 2019",GSW,3,4,0,4,25.0,37.5,-12.5,0,0,4,3,0,0,0,0,0,0,0,0,0,0,0,0,0,0,0,0,0,0,0,0
202697,Iman Shumpert,HOU,201904280GSW,"Apr 28, 2019",GSW,3,4,0,4,25.0,37.5,-12.5,0,0,4,3,0,0,0,0,0,0,0,0,0,0,0,0,0,0,0,0,0,0,0,0
1628035,Alfonzo McKinnie,GSW,201904280GSW,"Apr 28, 2019",HOU,0,1,0,1,0.0,0.0,0.0,0,0,1,0,0,0,0,0,0,0,0,0,0,0,0,0,0,0,0,0,0,0,0,0
101123,Gerald Green,HOU,201904280GSW,"Apr 28, 2019",GSW,3,1,0,1,100.0,150.0,-50.0,0,0,1,3,0,0,0,0,0,0,0,0,0,0,0,0,0,0,0,0,0,0,0,0
101108,Chris Paul,HOU,201904280GSW,"Apr 28, 2019",GSW,17,9,7,13,54.84,70.36,-15.52,3,4,6,9,1,1,0,0,0,0,0,0,1,1,0,0,0,0,0,0,0,0,2,2
2733,Shaun Livingston,GSW,201904280GSW,"Apr 28, 2019",HOU,2,2,2,3,33.33,34.72,-1.39,2,0,0,0,1,2,0,0,0,0,0,0,0,0,0,0,0,0,0,0,0,0,0,0
101106,Andrew Bogut,GSW,201904280GSW,"Apr 28, 2019",HOU,2,2,0,2,50.0,50.0,0.0,2,2,0,0,0,0,0,0,0,0,0,0,0,0,0,0,0,0,0,0,0,0,0,0
201188,Marc Gasol,TOR,201904290TOR,"Apr 29, 2019",PHI,5,6,2,7,27.78,36.34,-8.56,2,0,4,3,1,2,0,0,0,0,0,0,0,0,0,0,0,0,0,0,0,0,0,0
202699,Tobias Harris,PHI,201904290TOR,"Apr 29, 2019",TOR,9,11,2,12,31.03,37.88,-6.85,6,4,5,3,0,0,0,0,0,0,0,0,0,0,0,0,0,0,0,0,0,0,1,2
200768,Kyle Lowry,TOR,201904290TOR,"Apr 29, 2019",PHI,20,17,4,18,45.45,53.3,-7.85,9,6,6,6,1,2,0,0,2,6,0,0,0,0,0,0,0,0,0,0,0,0,0,0
203954,Joel Embiid,PHI,201904290TOR,"Apr 29, 2019",TOR,12,7,8,11,48.0,57.03,-9.03,4,4,3,0,2,4,0,0,0,0,0,0,0,0,0,0,0,0,0,0,0,0,2,4
1627783,Pascal Siakam,TOR,201904290TOR,"Apr 29, 2019",PHI,21,25,2,26,35.59,40.57,-4.98,18,14,7,6,1,1,0,0,0,0,0,0,0,0,0,0,0,0,0,0,0,0,0,0
1627732,Ben Simmons,PHI,201904290TOR,"Apr 29, 2019",TOR,6,6,0,6,50.0,50.0,0.0,6,6,0,0,0,0,0,0,0,0,0,0,0,0,0,0,0,0,0,0,0,0,0,0
202710,Jimmy Butler III,PHI,201904290TOR,"Apr 29, 2019",TOR,30,22,8,25,48.39,58.78,-10.39,10,6,9,9,2,4,0,0,2,6,1,4,1,1,0,0,0,0,0,0,0,0,0,0
201980,Danny Green,TOR,201904290TOR,"Apr 29, 2019",PHI,3,8,0,8,13.64,18.75,-5.11,2,0,6,3,0,0,0,0,0,0,0,0,0,0,0,0,0,0,0,0,0,0,0,0
200755,JJ Redick,PHI,201904290TOR,"Apr 29, 2019",TOR,11,10,1,11,37.93,52.68,-14.75,2,4,8,6,0,0,0,0,0,0,0,0,1,1,0,0,0,0,0,0,0,0,0,0
202695,Kawhi Leonard,TOR,201904290TOR,"Apr 29, 2019",PHI,35,24,7,26,53.85,64.62,-10.77,11,14,10,9,2,3,0,0,3,9,0,0,0,0,0,0,0,0,0,0,0,0,0,0
202328,Greg Monroe,PHI,201904290TOR,"Apr 29, 2019",TOR,10,7,2,8,62.5,63.45,-0.95,7,8,0,0,1,2,0,0,0,0,0,0,0,0,0,0,0,0,0,0,0,0,0,0
203516,James Ennis III,PHI,201904290TOR,"Apr 29, 2019",TOR,13,10,5,12,41.94,53.28,-11.34,3,2,6,6,1,1,0,0,1,3,0,0,0,0,0,0,0,0,0,0,0,0,1,1
201586,Serge Ibaka,TOR,201904290TOR,"Apr 29, 2019",PHI,2,5,0,5,18.18,20.0,-1.82,4,2,1,0,0,0,0,0,0,0,0,0,0,0,0,0,0,0,0,0,0,0,0,0
1626181,Norman Powell,TOR,201904290TOR,"Apr 29, 2019",PHI,3,3,0,3,42.86,50.0,-7.14,2,0,1,3,0,0,0,0,0,0,0,0,0,0,0,0,0,0,0,0,0,0,0,0
1627832,Fred VanVleet,TOR,201904290TOR,"Apr 29, 2019",PHI,0,2,0,2,0.0,0.0,0.0,1,0,1,0,0,0,0,0,0,0,0,0,0,0,0,0,0,0,0,0,0,0,0,0
1628413,Jonah Bolden,PHI,201904290TOR,"Apr 29, 2019",TOR,3,3,0,3,33.33,50.0,-16.67,0,0,3,3,0,0,0,0,0,0,0,0,0,0,0,0,0,0,0,0,0,0,0,0
201975,Jodie Meeks,TOR,201904290TOR,"Apr 29, 2019",PHI,0,1,0,1,0.0,0.0,0.0,0,0,1,0,0,0,0,0,0,0,0,0,0,0,0,0,0,0,0,0,0,0,0,0
203999,Nikola Jokić,DEN,201904290DEN,"Apr 29, 2019",POR,37,18,12,24,69.81,79.47,-9.66,13,16,5,9,2,4,0,0,0,0,0,0,0,0,1,2,0,0,0,0,0,0,3,6
202329,Al-Farouq Aminu,POR,201904290DEN,"Apr 29, 2019",DEN,2,5,1,5,16.67,18.38,-1.71,3,0,1,0,0,0,0,0,1,2,0,0,0,0,0,0,0,0,0,0,0,0,0,0
203081,Damian Lillard,POR,201904290DEN,"Apr 29, 2019",DEN,39,21,13,27,58.21,72.98,-14.77,9,16,12,12,5,9,1,2,0,0,0,0,0,0,0,0,0,0,0,0,0,0,0,0
1627750,Jamal Murray,DEN,201904290DEN,"Apr 29, 2019",POR,23,15,4,17,57.5,68.62,-11.12,9,10,6,9,1,2,0,0,0,0,0,0,0,0,0,0,0,0,0,0,0,0,1,2
203468,CJ McCollum,POR,201904290DEN,"Apr 29, 2019",DEN,16,17,2,18,37.21,44.74,-7.53,10,10,7,6,1,0,0,0,0,0,0,0,0,0,0,0,0,0,0,0,0,0,0,0
200794,Paul Millsap,DEN,201904290DEN,"Apr 29, 2019",POR,19,12,7,15,57.58,63.0,-5.42,9,12,2,0,3,4,0,0,1,3,0,0,0,0,0,0,0,0,0,0,0,0,0,0
202683,Enes Freedom,POR,201904290DEN,"Apr 29, 2019",DEN,26,14,4,16,81.25,82.49,-1.24,14,22,0,0,2,4,0,0,0,0,0,0,0,0,0,0,0,0,0,0,0,0,0,0
203914,Gary Harris,DEN,201904290DEN,"Apr 29, 2019",POR,11,10,2,11,40.74,50.55,-9.81,5,4,5,6,1,1,0,0,0,0,0,0,0,0,0,0,0,0,0,0,0,0,0,0
203090,Maurice Harkless,DEN,201904290DEN,"Apr 29, 2019",POR,2,2,0,2,50.0,50.0,0.0,2,2,0,0,0,0,0,0,0,0,0,0,0,0,0,0,0,0,0,0,0,0,0,0
1628470,Torrey Craig,DEN,201904290DEN,"Apr 29, 2019",POR,3,3,0,3,33.33,50.0,-16.67,0,0,3,3,0,0,0,0,0,0,0,0,0,0,0,0,0,0,0,0,0,0,0,0
203918,Rodney Hood,POR,201904290DEN,"Apr 29, 2019",DEN,17,10,4,12,60.71,72.28,-11.57,6,4,4,9,1,2,0,0,0,0,0,0,0,0,0,0,0,0,0,0,0,0,1,2
1627736,Malik Beasley,DEN,201904290DEN,"Apr 29, 2019",POR,9,7,2,8,42.86,57.11,-14.25,2,2,5,6,1,1,0,0,0,0,0,0,0,0,0,0,0,0,0,0,0,0,0,0
203086,Meyers Leonard,POR,201904290DEN,"Apr 29, 2019",DEN,3,3,0,3,37.5,50.0,-12.5,1,0,2,3,0,0,0,0,0,0,0,0,0,0,0,0,0,0,0,0,0,0,0,0
203486,Mason Plumlee,DEN,201904290DEN,"Apr 29, 2019",POR,6,4,2,5,60.0,61.48,-1.48,4,4,0,0,0,0,0,0,0,0,0,0,0,0,0,0,0,0,0,0,0,0,1,2
1628380,Zach Collins,POR,201904290DEN,"Apr 29, 2019",DEN,4,3,0,3,57.14,66.67,-9.53,2,4,1,0,0,0,0,0,0,0,0,0,0,0,0,0,0,0,0,0,0,0,0,0
203552,Seth Curry,POR,201904290DEN,"Apr 29, 2019",DEN,4,3,3,4,36.36,46.3,-9.94,1,0,2,3,0,0,1,1,0,0,0,0,0,0,0,0,0,0,0,0,0,0,0,0
203115,Will Barton,DEN,201904290DEN,"Apr 29, 2019",POR,9,8,2,9,45.0,50.68,-5.68,6,4,2,3,1,2,0,0,0,0,0,0,0,0,0,0,0,0,0,0,0,0,0,0
1628420,Monte Morris,DEN,201904290DEN,"Apr 29, 2019",POR,4,4,0,4,44.44,50.0,-5.56,3,4,1,0,0,0,0,0,0,0,0,0,0,0,0,0,0,0,0,0,0,0,0,0
202323,Evan Turner,POR,201904290DEN,"Apr 29, 2019",DEN,0,1,0,1,0.0,0.0,0.0,1,0,0,0,0,0,0,0,0,0,0,0,0,0,0,0,0,0,0,0,0,0,0,0
202339,Eric Bledsoe,MIL,201904300MIL,"Apr 30, 2019",BOS,21,12,4,14,63.64,76.31,-12.67,7,8,5,9,2,4,0,0,0,0,0,0,0,0,0,0,0,0,0,0,0,0,0,0
1628369,Jayson Tatum,BOS,201904300MIL,"Apr 30, 2019",MIL,5,10,2,11,20.83,22.98,-2.15,8,4,2,0,1,1,0,0,0,0,0,0,0,0,0,0,0,0,0,0,0,0,0,0
202694,Marcus Morris Sr.,BOS,201904300MIL,"Apr 30, 2019",MIL,17,8,2,10,77.27,95.72,-18.45,4,6,4,9,2,2,0,0,0,0,0,0,0,0,0,0,0,0,0,0,0,0,0,0
1627759,Jaylen Brown,BOS,201904300MIL,"Apr 30, 2019",MIL,16,12,7,15,48.48,53.05,-4.57,10,10,2,0,2,3,1,3,0,0,0,0,0,0,0,0,0,0,0,0,0,0,0,0
201572,Brook Lopez,MIL,201904300MIL,"Apr 30, 2019",BOS,10,10,2,11,33.33,45.96,-12.63,2,0,8,9,1,1,0,0,0,0,0,0,0,0,0,0,0,0,0,0,0,0,0,0
202703,Nikola Mirotic,MIL,201904300MIL,"Apr 30, 2019",BOS,9,10,2,11,33.33,41.36,-8.03,5,4,5,3,1,2,0,0,0,0,0,0,0,0,0,0,0,0,0,0,0,0,0,0
202681,Kyrie Irving,BOS,201904300MIL,"Apr 30, 2019",MIL,9,18,0,18,21.95,25.0,-3.05,13,6,5,3,0,0,0,0,0,0,0,0,0,0,0,0,0,0,0,0,0,0,0,0
203114,Khris Middleton,MIL,201904300MIL,"Apr 30, 2019",BOS,28,18,1,18,59.57,75.92,-16.35,7,4,10,21,0,0,0,0,1,3,0,0,0,0,0,0,0,0,0,0,0,0,0,0
203507,Giannis Antetokounmpo,MIL,201904300MIL,"Apr 30, 2019",BOS,29,16,18,25,53.7,60.62,-6.92,12,10,4,6,8,13,0,0,0,0,0,0,0,0,0,0,0,0,0,0,0,0,1,0
201143,Al Horford,BOS,201904300MIL,"Apr 30, 2019",MIL,15,10,0,10,60.0,75.0,-15.0,5,6,5,9,0,0,0,0,0,0,0,0,0,0,0,0,0,0,0,0,0,0,0,0
1626192,Pat Connaughton,MIL,201904300MIL,"Apr 30, 2019",BOS,5,4,0,4,45.45,62.5,-17.05,1,2,3,3,0,0,0,0,0,0,0,0,0,0,0,0,0,0,0,0,0,0,0,0
203382,Aron Baynes,BOS,201904300MIL,"Apr 30, 2019",MIL,4,3,0,3,57.14,66.67,-9.53,2,4,1,0,0,0,0,0,0,0,0,0,0,0,0,0,0,0,0,0,0,0,0,0
101141,Ersan Ilyasova,MIL,201904300MIL,"Apr 30, 2019",BOS,4,4,2,5,36.36,40.98,-4.62,3,2,1,0,1,2,0,0,0,0,0,0,0,0,0,0,0,0,0,0,0,0,0,0
202330,Gordon Hayward,BOS,201904300MIL,"Apr 30, 2019",MIL,5,5,2,6,33.33,42.52,-9.19,2,0,3,3,1,2,0,0,0,0,0,0,0,0,0,0,0,0,0,0,0,0,0,0
1626179,Terry Rozier,BOS,201904300MIL,"Apr 30, 2019",MIL,9,10,5,12,31.03,36.89,-5.86,5,2,4,0,0,0,0,0,1,3,0,0,0,0,0,0,0,0,0,0,0,0,2,4
201588,George Hill,MIL,201904300MIL,"Apr 30, 2019",BOS,10,6,2,7,55.56,72.67,-17.11,2,2,4,6,1,2,0,0,0,0,0,0,0,0,0,0,0,0,0,0,0,0,0,0
1628425,Sterling Brown,MIL,201904300MIL,"Apr 30, 2019",BOS,0,3,0,3,0.0,0.0,0.0,0,0,3,0,0,0,0,0,0,0,0,0,0,0,0,0,0,0,0,0,0,0,0,0
1628400,Semi Ojeleye,BOS,201904300MIL,"Apr 30, 2019",MIL,5,2,2,3,71.43,86.81,-15.38,1,0,1,3,0,0,0,0,0,0,0,0,0,0,0,0,0,0,0,0,0,0,1,2
1629057,Robert Williams III,BOS,201904300MIL,"Apr 30, 2019",MIL,4,2,2,3,66.67,69.44,-2.77,2,2,0,0,1,2,0,0,0,0,0,0,0,0,0,0,0,0,0,0,0,0,0,0
202954,Brad Wanamaker,BOS,201904300MIL,"Apr 30, 2019",MIL,7,4,2,5,63.64,71.72,-8.08,3,2,1,3,0,0,0,0,0,0,0,0,0,0,0,0,0,0,0,0,0,0,1,2
204025,Tim Frazier,MIL,201904300MIL,"Apr 30, 2019",BOS,2,2,0,2,40.0,50.0,-10.0,1,2,1,0,0,0,0,0,0,0,0,0,0,0,0,0,0,0,0,0,0,0,0,0
203503,Tony Snell,MIL,201904300MIL,"Apr 30, 2019",BOS,3,1,0,1,100.0,150.0,-50.0,0,0,1,3,0,0,0,0,0,0,0,0,0,0,0,0,0,0,0,0,0,0,0,0
1628391,D.J. Wilson,MIL,201904300MIL,"Apr 30, 2019",BOS,2,3,0,3,25.0,33.33,-8.33,1,2,2,0,0,0,0,0,0,0,0,0,0,0,0,0,0,0,0,0,0,0,0,0
1627824,Guerschon Yabusele,BOS,201904300MIL,"Apr 30, 2019",MIL,6,2,3,3,85.71,90.36,-4.65,1,2,0,0,0,0,0,0,1,3,0,0,0,0,0,0,0,0,0,0,0,0,1,1
203991,Clint Capela,HOU,201904300GSW,"Apr 30, 2019",GSW,14,7,8,11,63.64,66.54,-2.9,7,10,0,0,4,4,0,0,0,0,0,0,0,0,0,0,0,0,0,0,0,0,0,0
2738,Andre Iguodala,GSW,201904300GSW,"Apr 30, 2019",HOU,16,9,4,11,59.26,74.35,-15.09,4,8,5,6,2,2,0,0,0,0,0,0,0,0,0,0,0,0,0,0,0,0,0,0
201935,James Harden,HOU,201904300GSW,"Apr 30, 2019",GSW,29,19,9,23,53.7,63.15,-9.45,12,12,7,9,2,3,1,3,0,0,0,0,0,0,0,0,0,0,0,0,0,0,1,2
200782,P.J. Tucker,GSW,201904300GSW,"Apr 30, 2019",HOU,13,5,4,7,68.42,96.15,-27.73,0,0,5,9,0,0,0,0,0,0,0,0,0,0,0,0,0,0,0,0,0,0,2,4
201569,Eric Gordon,HOU,201904300GSW,"Apr 30, 2019",GSW,15,13,0,13,45.45,57.69,-12.24,6,6,7,9,0,0,0,0,0,0,0,0,0,0,0,0,0,0,0,0,0,0,0,0
203110,Draymond Green,GSW,201904300GSW,"Apr 30, 2019",HOU,15,10,3,11,60.0,66.25,-6.25,7,10,2,0,1,2,0,0,1,3,0,0,0,0,0,0,0,0,0,0,0,0,0,0
101108,Chris Paul,HOU,201904300GSW,"Apr 30, 2019",GSW,18,14,4,16,46.15,57.11,-10.96,7,8,7,6,0,0,0,0,0,0,0,0,0,0,0,0,0,0,0,0,0,0,2,4
202691,Klay Thompson,GSW,201904300GSW,"Apr 30, 2019",HOU,21,18,2,19,44.68,55.61,-10.93,9,10,9,9,0,0,0,0,0,0,0,0,0,0,0,0,0,0,0,0,0,0,1,2
201142,Kevin Durant,GSW,201904300GSW,"Apr 30, 2019",HOU,29,22,10,27,48.33,54.92,-6.59,16,12,6,9,2,3,0,0,0,0,0,0,0,0,0,0,0,0,0,0,0,0,3,5
201973,Jonas Jerebko,GSW,201904300GSW,"Apr 30, 2019",HOU,4,4,0,4,50.0,50.0,0.0,4,4,0,0,0,0,0,0,0,0,0,0,0,0,0,0,0,0,0,0,0,0,0,0
1627863,Danuel House Jr.,HOU,201904300GSW,"Apr 30, 2019",GSW,0,2,0,2,0.0,0.0,0.0,1,0,1,0,0,0,0,0,0,0,0,0,0,0,0,0,0,0,0,0,0,0,0,0
203085,Austin Rivers,HOU,201904300GSW,"Apr 30, 2019",GSW,14,8,0,8,63.64,87.5,-23.86,2,2,6,12,0,0,0,0,0,0,0,0,0,0,0,0,0,0,0,0,0,0,0,0
201939,Stephen Curry,GSW,201904300GSW,"Apr 30, 2019",HOU,20,16,5,18,40.0,54.95,-14.95,2,4,13,9,1,2,0,0,1,3,0,0,0,0,0,0,0,0,0,0,0,0,1,2
1626172,Kevon Looney,GSW,201904300GSW,"Apr 30, 2019",HOU,2,1,0,1,100.0,100.0,0.0,1,2,0,0,0,0,0,0,0,0,0,0,0,0,0,0,0,0,0,0,0,0,0,0
202697,Iman Shumpert,HOU,201904300GSW,"Apr 30, 2019",GSW,0,4,0,4,0.0,0.0,0.0,0,0,4,0,0,0,0,0,0,0,0,0,0,0,0,0,0,0,0,0,0,0,0,0
1628035,Alfonzo McKinnie,GSW,201904300GSW,"Apr 30, 2019",HOU,2,3,0,3,28.57,33.33,-4.76,2,2,1,0,0,0,0,0,0,0,0,0,0,0,0,0,0,0,0,0,0,0,0,0
202702,Kenneth Faried,HOU,201904300GSW,"Apr 30, 2019",GSW,0,1,0,1,0.0,0.0,0.0,1,0,0,0,0,0,0,0,0,0,0,0,0,0,0,0,0,0,0,0,0,0,0,0
101123,Gerald Green,HOU,201904300GSW,"Apr 30, 2019",GSW,6,4,0,4,54.55,75.0,-20.45,1,0,3,6,0,0,0,0,0,0,0,0,0,0,0,0,0,0,0,0,0,0,0,0
2733,Shaun Livingston,GSW,201904300GSW,"Apr 30, 2019",HOU,6,7,0,7,42.86,42.86,0.0,7,6,0,0,0,0,0,0,0,0,0,0,0,0,0,0,0,0,0,0,0,0,0,0
101106,Andrew Bogut,GSW,201904300GSW,"Apr 30, 2019",HOU,0,1,0,1,0.0,0.0,0.0,1,0,0,0,0,0,0,0,0,0,0,0,0,0,0,0,0,0,0,0,0,0,0,0
202683,Enes Freedom,POR,201905010DEN,"May 1, 2019",DEN,15,10,5,12,60.0,61.48,-1.48,9,8,0,0,1,2,0,0,1,3,0,0,0,0,0,0,0,0,0,0,0,0,1,2
203090,Maurice Harkless,DEN,201905010DEN,"May 1, 2019",POR,5,3,0,3,71.43,83.33,-11.9,2,2,1,3,0,0,0,0,0,0,0,0,0,0,0,0,0,0,0,0,0,0,0,0
1627750,Jamal Murray,DEN,201905010DEN,"May 1, 2019",POR,15,18,1,18,33.33,40.67,-7.34,9,6,8,6,0,0,0,0,1,3,0,0,0,0,0,0,0,0,0,0,0,0,0,0
203914,Gary Harris,DEN,201905010DEN,"May 1, 2019",POR,12,12,4,14,36.36,43.6,-7.24,7,8,5,0,1,2,0,0,0,0,0,0,0,0,0,0,0,0,0,0,0,0,1,2
203081,Damian Lillard,POR,201905010DEN,"May 1, 2019",DEN,14,17,4,19,31.11,37.31,-6.2,10,8,7,3,1,2,0,0,0,0,0,0,0,0,0,0,0,0,0,0,0,0,1,1
202329,Al-Farouq Aminu,POR,201905010DEN,"May 1, 2019",DEN,11,9,5,11,40.74,49.11,-8.37,4,2,4,3,1,2,0,0,1,2,0,0,0,0,0,0,0,0,0,0,0,0,1,2
203468,CJ McCollum,POR,201905010DEN,"May 1, 2019",DEN,20,20,2,21,40.82,47.89,-7.07,13,10,7,9,1,1,0,0,0,0,0,0,0,0,0,0,0,0,0,0,0,0,0,0
203999,Nikola Jokić,DEN,201905010DEN,"May 1, 2019",POR,16,17,4,19,41.03,42.64,-1.61,16,14,1,0,2,2,0,0,0,0,0,0,0,0,0,0,0,0,0,0,0,0,0,0
200794,Paul Millsap,DEN,201905010DEN,"May 1, 2019",POR,14,14,1,14,43.75,48.48,-4.73,10,8,3,3,0,0,0,0,1,3,0,0,0,0,0,0,0,0,0,0,0,0,0,0
1628470,Torrey Craig,DEN,201905010DEN,"May 1, 2019",POR,7,5,4,7,43.75,51.78,-8.03,3,2,2,3,2,2,0,0,0,0,0,0,0,0,0,0,0,0,0,0,0,0,0,0
1627736,Malik Beasley,DEN,201905010DEN,"May 1, 2019",POR,13,11,8,15,36.11,44.77,-8.66,5,4,6,6,3,3,0,0,0,0,0,0,0,0,0,0,0,0,0,0,0,0,1,0
1628380,Zach Collins,POR,201905010DEN,"May 1, 2019",DEN,10,6,0,6,83.33,83.33,0.0,6,10,0,0,0,0,0,0,0,0,0,0,0,0,0,0,0,0,0,0,0,0,0,0
1628420,Monte Morris,DEN,201905010DEN,"May 1, 2019",POR,3,8,2,9,14.29,16.89,-2.6,5,2,3,0,1,1,0,0,0,0,0,0,0,0,0,0,0,0,0,0,0,0,0,0
203486,Mason Plumlee,DEN,201905010DEN,"May 1, 2019",POR,6,7,0,7,42.86,42.86,0.0,7,6,0,0,0,0,0,0,0,0,0,0,0,0,0,0,0,0,0,0,0,0,0,0
203552,Seth Curry,POR,201905010DEN,"May 1, 2019",DEN,3,4,0,4,27.27,37.5,-10.23,1,0,3,3,0,0,0,0,0,0,0,0,0,0,0,0,0,0,0,0,0,0,0,0
203918,Rodney Hood,POR,201905010DEN,"May 1, 2019",DEN,15,11,4,13,46.88,58.78,-11.9,5,6,6,6,1,1,0,0,0,0,0,0,0,0,0,0,0,0,0,0,0,0,1,2
203115,Will Barton,DEN,201905010DEN,"May 1, 2019",POR,4,6,2,7,26.67,29.07,-2.4,5,2,1,0,1,2,0,0,0,0,0,0,0,0,0,0,0,0,0,0,0,0,0,0
202323,Evan Turner,POR,201905010DEN,"May 1, 2019",DEN,4,4,0,4,50.0,50.0,0.0,4,4,0,0,0,0,0,0,0,0,0,0,0,0,0,0,0,0,0,0,0,0,0,0
1627774,Jake Layman,DEN,201905010DEN,"May 1, 2019",POR,0,1,0,1,0.0,0.0,0.0,0,0,1,0,0,0,0,0,0,0,0,0,0,0,0,0,0,0,0,0,0,0,0,0
203954,Joel Embiid,PHI,201905020PHI,"May 2, 2019",TOR,33,18,13,24,62.26,69.56,-7.3,13,10,4,9,4,7,0,0,1,3,0,0,0,0,1,2,0,0,0,0,0,0,1,2
200768,Kyle Lowry,TOR,201905020PHI,"May 2, 2019",PHI,7,10,5,12,24.14,28.69,-4.55,6,4,4,0,1,1,1,2,0,0,0,0,0,0,0,0,0,0,0,0,0,0,0,0
202695,Kawhi Leonard,TOR,201905020PHI,"May 2, 2019",PHI,33,22,5,25,62.26,68.18,-5.92,18,22,4,6,2,4,0,0,0,0,0,0,1,1,0,0,0,0,0,0,0,0,0,0
202699,Tobias Harris,PHI,201905020PHI,"May 2, 2019",TOR,13,11,2,12,44.83,54.71,-9.88,6,6,5,6,1,1,0,0,0,0,0,0,0,0,0,0,0,0,0,0,0,0,0,0
201188,Marc Gasol,TOR,201905020PHI,"May 2, 2019",PHI,7,6,4,8,41.18,45.1,-3.92,5,4,1,0,2,3,0,0,0,0,0,0,0,0,0,0,0,0,0,0,0,0,0,0
202710,Jimmy Butler III,PHI,201905020PHI,"May 2, 2019",TOR,22,15,3,16,57.89,67.4,-9.51,9,14,5,3,1,2,0,0,1,3,0,0,0,0,0,0,0,0,0,0,0,0,0,0
1627732,Ben Simmons,PHI,201905020PHI,"May 2, 2019",TOR,10,13,0,13,38.46,38.46,0.0,13,10,0,0,0,0,0,0,0,0,0,0,0,0,0,0,0,0,0,0,0,0,0,0
1627783,Pascal Siakam,TOR,201905020PHI,"May 2, 2019",PHI,20,15,8,19,48.78,54.0,-5.22,12,14,3,0,4,6,0,0,0,0,0,0,0,0,0,0,0,0,0,0,0,0,0,0
203516,James Ennis III,PHI,201905020PHI,"May 2, 2019",TOR,10,6,2,7,62.5,72.67,-10.17,4,8,2,0,1,2,0,0,0,0,0,0,0,0,0,0,0,0,0,0,0,0,0,0
202328,Greg Monroe,PHI,201905020PHI,"May 2, 2019",TOR,4,4,0,4,50.0,50.0,0.0,4,4,0,0,0,0,0,0,0,0,0,0,0,0,0,0,0,0,0,0,0,0,0,0
201980,Danny Green,TOR,201905020PHI,"May 2, 2019",PHI,13,9,0,9,54.17,72.22,-18.05,3,4,6,9,0,0,0,0,0,0,0,0,0,0,0,0,0,0,0,0,0,0,0,0
201586,Serge Ibaka,TOR,201905020PHI,"May 2, 2019",PHI,4,6,0,6,33.33,33.33,0.0,6,4,0,0,0,0,0,0,0,0,0,0,0,0,0,0,0,0,0,0,0,0,0,0
203118,Mike Scott,PHI,201905020PHI,"May 2, 2019",TOR,5,3,0,3,71.43,83.33,-11.9,2,2,1,3,0,0,0,0,0,0,0,0,0,0,0,0,0,0,0,0,0,0,0,0
1626181,Norman Powell,TOR,201905020PHI,"May 2, 2019",PHI,6,5,0,5,46.15,60.0,-13.85,2,0,3,6,0,0,0,0,0,0,0,0,0,0,0,0,0,0,0,0,0,0,0,0
1627832,Fred VanVleet,TOR,201905020PHI,"May 2, 2019",PHI,1,7,1,8,5.0,6.72,-1.72,2,0,5,0,0,0,0,0,0,0,0,0,1,1,0,0,0,0,0,0,0,0,0,0
200755,JJ Redick,PHI,201905020PHI,"May 2, 2019",TOR,15,9,3,11,55.56,72.67,-17.11,3,4,6,9,0,0,0,0,0,0,0,0,1,1,1,1,0,0,0,0,0,0,0,0
204456,T.J. McConnell,PHI,201905020PHI,"May 2, 2019",TOR,0,1,0,1,0.0,0.0,0.0,1,0,0,0,0,0,0,0,0,0,0,0,0,0,0,0,0,0,0,0,0,0,0,0
203613,Jonathon Simmons,PHI,201905020PHI,"May 2, 2019",TOR,0,2,0,2,0.0,0.0,0.0,2,0,0,0,0,0,0,0,0,0,0,0,0,0,0,0,0,0,0,0,0,0,0,0
201975,Jodie Meeks,TOR,201905020PHI,"May 2, 2019",PHI,4,3,0,3,57.14,66.67,-9.53,2,4,1,0,0,0,0,0,0,0,0,0,0,0,0,0,0,0,0,0,0,0,0,0
101161,Amir Johnson,PHI,201905020PHI,"May 2, 2019",TOR,4,2,0,2,100.0,100.0,0.0,2,4,0,0,0,0,0,0,0,0,0,0,0,0,0,0,0,0,0,0,0,0,0,0
1627759,Jaylen Brown,BOS,201905030BOS,"May 3, 2019",MIL,18,12,4,14,51.43,65.41,-13.98,5,6,7,9,1,1,0,0,0,0,0,0,0,0,0,0,0,0,0,0,0,0,1,2
203114,Khris Middleton,MIL,201905030BOS,"May 3, 2019",BOS,20,12,6,15,55.56,68.31,-12.75,6,6,5,6,2,3,0,0,0,0,1,4,1,1,0,0,0,0,0,0,0,0,0,0
202681,Kyrie Irving,BOS,201905030BOS,"May 3, 2019",MIL,29,22,12,27,45.31,53.15,-7.84,13,10,8,6,3,6,1,3,1,3,0,0,0,0,0,0,0,0,0,0,0,0,1,1
1628369,Jayson Tatum,BOS,201905030BOS,"May 3, 2019",MIL,20,14,6,17,51.28,60.1,-8.82,9,14,5,0,3,6,0,0,0,0,0,0,0,0,0,0,0,0,0,0,0,0,0,0
203507,Giannis Antetokounmpo,MIL,201905030BOS,"May 3, 2019",BOS,32,13,22,23,65.31,70.55,-5.24,10,12,1,0,9,13,0,0,2,5,0,0,0,0,0,0,0,0,0,0,0,0,1,2
201143,Al Horford,BOS,201905030BOS,"May 3, 2019",MIL,17,8,6,11,62.96,79.89,-16.93,3,2,5,9,1,2,0,0,0,0,0,0,0,0,0,0,0,0,0,0,0,0,2,4
202703,Nikola Mirotic,MIL,201905030BOS,"May 3, 2019",BOS,13,9,0,9,52.0,72.22,-20.22,2,4,7,9,0,0,0,0,0,0,0,0,0,0,0,0,0,0,0,0,0,0,0,0
202339,Eric Bledsoe,MIL,201905030BOS,"May 3, 2019",BOS,9,15,4,17,22.5,26.85,-4.35,9,6,6,3,0,0,0,0,0,0,0,0,0,0,0,0,0,0,0,0,0,0,2,0
201572,Brook Lopez,MIL,201905030BOS,"May 3, 2019",BOS,7,6,0,6,43.75,58.33,-14.58,2,4,4,3,0,0,0,0,0,0,0,0,0,0,0,0,0,0,0,0,0,0,0,0
202694,Marcus Morris Sr.,MIL,201905030BOS,"May 3, 2019",BOS,16,8,0,8,76.19,100.0,-23.81,3,4,5,12,0,0,0,0,0,0,0,0,0,0,0,0,0,0,0,0,0,0,0,0
101141,Ersan Ilyasova,MIL,201905030BOS,"May 3, 2019",BOS,5,2,2,3,71.43,86.81,-15.38,1,0,1,3,0,0,0,0,0,0,0,0,0,0,0,0,0,0,0,0,0,0,1,2
202330,Gordon Hayward,BOS,201905030BOS,"May 3, 2019",MIL,10,8,4,10,41.67,51.23,-9.56,4,0,4,6,1,2,0,0,0,0,0,0,0,0,0,0,0,0,0,0,0,0,1,2
1626192,Pat Connaughton,MIL,201905030BOS,"May 3, 2019",BOS,14,11,0,11,45.16,63.64,-18.48,2,2,9,12,0,0,0,0,0,0,0,0,0,0,0,0,0,0,0,0,0,0,0,0
201588,George Hill,MIL,201905030BOS,"May 3, 2019",BOS,21,12,2,13,72.41,81.52,-9.11,9,14,3,6,1,1,0,0,0,0,0,0,0,0,0,0,0,0,0,0,0,0,0,0
203382,Aron Baynes,BOS,201905030BOS,"May 3, 2019",MIL,0,1,0,1,0.0,0.0,0.0,0,0,1,0,0,0,0,0,0,0,0,0,0,0,0,0,0,0,0,0,0,0,0,0
1628400,Semi Ojeleye,BOS,201905030BOS,"May 3, 2019",MIL,6,4,0,4,54.55,75.0,-20.45,1,0,3,6,0,0,0,0,0,0,0,0,0,0,0,0,0,0,0,0,0,0,0,0
1626179,Terry Rozier,BOS,201905030BOS,"May 3, 2019",MIL,0,3,0,3,0.0,0.0,0.0,1,0,2,0,0,0,0,0,0,0,0,0,0,0,0,0,0,0,0,0,0,0,0,0
203503,Tony Snell,MIL,201905030BOS,"May 3, 2019",BOS,2,3,0,3,33.33,33.33,0.0,3,2,0,0,0,0,0,0,0,0,0,0,0,0,0,0,0,0,0,0,0,0,0,0
1628464,Daniel Theis,BOS,201905030BOS,"May 3, 2019",MIL,0,1,0,1,0.0,0.0,0.0,1,0,0,0,0,0,0,0,0,0,0,0,0,0,0,0,0,0,0,0,0,0,0,0
203468,CJ McCollum,POR,201905030POR,"May 3, 2019",DEN,41,39,6,42,43.16,49.23,-6.07,28,24,11,12,3,5,0,0,0,0,0,0,0,0,0,0,0,0,0,0,0,0,0,0
200794,Paul Millsap,DEN,201905030POR,"May 3, 2019",POR,17,13,2,14,56.67,61.24,-4.57,11,14,2,3,1,0,0,0,0,0,0,0,0,0,0,0,0,0,0,0,0,0,0,0
202683,Enes Freedom,POR,201905030POR,"May 3, 2019",DEN,18,16,1,16,52.94,54.74,-1.8,14,12,1,3,0,0,0,0,1,3,0,0,0,0,0,0,0,0,0,0,0,0,0,0
1627750,Jamal Murray,POR,201905030POR,"May 3, 2019",DEN,34,32,2,33,43.59,51.7,-8.11,20,20,12,12,0,0,0,0,0,0,0,0,0,0,0,0,0,0,0,0,0,0,1,2
202329,Al-Farouq Aminu,POR,201905030POR,"May 3, 2019",DEN,6,9,2,10,24.0,30.36,-6.36,4,4,5,0,1,2,0,0,0,0,0,0,0,0,0,0,0,0,0,0,0,0,0,0
1628470,Torrey Craig,DEN,201905030POR,"May 3, 2019",POR,4,8,0,8,21.05,25.0,-3.95,5,4,3,0,0,0,0,0,0,0,0,0,0,0,0,0,0,0,0,0,0,0,0,0
203914,Gary Harris,DEN,201905030POR,"May 3, 2019",POR,13,12,0,12,46.43,54.17,-7.74,8,10,4,3,0,0,0,0,0,0,0,0,0,0,0,0,0,0,0,0,0,0,0,0
203081,Damian Lillard,POR,201905030POR,"May 3, 2019",DEN,28,24,6,27,44.44,52.55,-8.11,15,16,9,6,2,4,0,0,0,0,0,0,0,0,0,0,0,0,0,0,0,0,1,2
203999,Nikola Jokić,DEN,201905030POR,"May 3, 2019",POR,33,25,5,27,53.23,60.66,-7.43,17,16,7,12,1,1,0,0,1,2,0,0,0,0,0,0,0,0,0,0,0,0,1,2
203090,Maurice Harkless,POR,201905030POR,"May 3, 2019",DEN,15,14,3,15,41.67,48.96,-7.29,8,8,5,3,1,2,0,0,1,2,0,0,0,0,0,0,0,0,0,0,0,0,0,0
1627736,Malik Beasley,DEN,201905030POR,"May 3, 2019",POR,11,6,4,8,52.38,70.88,-18.5,1,2,5,6,2,3,0,0,0,0,0,0,0,0,0,0,0,0,0,0,0,0,0,0
203918,Rodney Hood,POR,201905030POR,"May 3, 2019",DEN,19,8,7,11,73.08,85.74,-12.66,5,8,3,6,2,3,1,2,0,0,0,0,0,0,0,0,0,0,0,0,0,0,0,0
203486,Mason Plumlee,DEN,201905030POR,"May 3, 2019",POR,3,1,3,3,50.0,64.66,-14.66,0,0,1,0,1,2,0,0,0,0,0,0,0,0,0,0,0,0,0,0,0,0,1,1
1628380,Zach Collins,POR,201905030POR,"May 3, 2019",DEN,8,7,1,7,44.44,53.76,-9.32,3,2,3,3,0,0,0,0,1,3,0,0,0,0,0,0,0,0,0,0,0,0,0,0
203552,Seth Curry,POR,201905030POR,"May 3, 2019",DEN,5,6,2,7,26.32,36.34,-10.02,1,0,5,3,0,0,0,0,0,0,0,0,0,0,0,0,0,0,0,0,0,0,1,2
1628420,Monte Morris,DEN,201905030POR,"May 3, 2019",POR,0,4,0,4,0.0,0.0,0.0,3,0,1,0,0,0,0,0,0,0,0,0,0,0,0,0,0,0,0,0,0,0,0,0
203115,Will Barton,DEN,201905030POR,"May 3, 2019",POR,22,18,4,20,46.81,55.67,-8.86,11,10,7,9,2,3,0,0,0,0,0,0,0,0,0,0,0,0,0,0,0,0,0,0
202323,Evan Turner,DEN,201905030POR,"May 3, 2019",POR,0,1,0,1,0.0,0.0,0.0,1,0,0,0,0,0,0,0,0,0,0,0,0,0,0,0,0,0,0,0,0,0,0,0
203110,Draymond Green,GSW,201905040HOU,"May 4, 2019",HOU,19,10,8,14,63.33,70.27,-6.94,8,10,2,3,2,3,0,0,0,0,0,0,0,0,0,0,0,0,0,0,0,0,2,3
101108,Chris Paul,HOU,201905040HOU,"May 4, 2019",GSW,14,8,6,11,53.85,65.79,-11.94,4,6,4,3,1,1,0,0,0,0,0,0,0,0,0,0,0,0,0,0,0,0,2,4
202691,Klay Thompson,GSW,201905040HOU,"May 4, 2019",HOU,16,16,2,17,40.0,47.39,-7.39,10,8,6,6,1,2,0,0,0,0,0,0,0,0,0,0,0,0,0,0,0,0,0,0
201935,James Harden,HOU,201905040HOU,"May 4, 2019",GSW,41,32,8,36,48.24,57.71,-9.47,19,18,13,15,2,4,0,0,0,0,0,0,0,0,0,0,0,0,0,0,0,0,2,4
203991,Clint Capela,HOU,201905040HOU,"May 4, 2019",GSW,13,9,4,11,59.09,60.41,-1.32,9,12,0,0,2,1,0,0,0,0,0,0,0,0,0,0,0,0,0,0,0,0,0,0
201939,Stephen Curry,GSW,201905040HOU,"May 4, 2019",HOU,17,23,3,24,29.31,34.95,-5.64,14,10,9,6,0,0,1,1,0,0,0,0,0,0,0,0,0,0,0,0,0,0,0,0
201569,Eric Gordon,HOU,201905040HOU,"May 4, 2019",GSW,30,20,2,21,53.57,71.84,-18.27,6,8,14,21,1,1,0,0,0,0,0,0,0,0,0,0,0,0,0,0,0,0,0,0
201142,Kevin Durant,GSW,201905040HOU,"May 4, 2019",HOU,46,31,12,36,54.76,63.4,-8.64,21,16,10,18,2,4,2,6,0,0,0,0,0,0,0,0,0,0,0,0,0,0,1,2
2738,Andre Iguodala,GSW,201905040HOU,"May 4, 2019",HOU,16,9,2,10,66.67,80.97,-14.3,5,6,4,9,1,1,0,0,0,0,0,0,0,0,0,0,0,0,0,0,0,0,0,0
200782,P.J. Tucker,HOU,201905040HOU,"May 4, 2019",GSW,7,9,1,9,36.84,37.08,-0.24,8,4,0,0,0,0,0,0,1,3,0,0,0,0,0,0,0,0,0,0,0,0,0,0
203085,Austin Rivers,HOU,201905040HOU,"May 4, 2019",GSW,8,6,0,6,50.0,66.67,-16.67,2,2,4,6,0,0,0,0,0,0,0,0,0,0,0,0,0,0,0,0,0,0,0,0
1626172,Kevon Looney,GSW,201905040HOU,"May 4, 2019",HOU,2,1,0,1,100.0,100.0,0.0,1,2,0,0,0,0,0,0,0,0,0,0,0,0,0,0,0,0,0,0,0,0,0,0
1628035,Alfonzo McKinnie,GSW,201905040HOU,"May 4, 2019",HOU,2,3,0,3,25.0,33.33,-8.33,1,2,2,0,0,0,0,0,0,0,0,0,0,0,0,0,0,0,0,0,0,0,0,0
101123,Gerald Green,HOU,201905040HOU,"May 4, 2019",GSW,0,3,0,3,0.0,0.0,0.0,1,0,2,0,0,0,0,0,0,0,0,0,0,0,0,0,0,0,0,0,0,0,0,0
202697,Iman Shumpert,HOU,201905040HOU,"May 4, 2019",GSW,10,5,2,6,58.82,85.03,-26.21,0,0,5,9,1,1,0,0,0,0,0,0,0,0,0,0,0,0,0,0,0,0,0,0
hilarne01,N. HilÃ¡rio,HOU,201905040HOU,"May 4, 2019",GSW,3,1,3,2,60.0,64.66,-4.66,0,0,0,0,1,0,0,0,1,3,0,0,0,0,0,0,0,0,0,0,0,0,0,0
2733,Shaun Livingston,HOU,201905040HOU,"May 4, 2019",GSW,3,1,2,2,75.0,79.79,-4.79,1,2,0,0,1,1,0,0,0,0,0,0,0,0,0,0,0,0,0,0,0,0,0,0
201973,Jonas Jerebko,HOU,201905040HOU,"May 4, 2019",GSW,0,1,0,1,0.0,0.0,0.0,1,0,0,0,0,0,0,0,0,0,0,0,0,0,0,0,0,0,0,0,0,0,0,0
1627783,Pascal Siakam,TOR,201905050PHI,"May 5, 2019",PHI,9,10,6,13,30.0,35.6,-5.6,6,4,4,0,1,2,0,0,0,0,0,0,0,0,0,0,0,0,0,0,0,0,2,3
202710,Jimmy Butler III,PHI,201905050PHI,"May 5, 2019",TOR,29,18,10,23,54.72,64.73,-10.01,11,12,7,9,5,8,0,0,0,0,0,0,0,0,0,0,0,0,0,0,0,0,0,0
1627732,Ben Simmons,PHI,201905050PHI,"May 5, 2019",TOR,10,10,2,11,45.45,45.96,-0.51,10,10,0,0,0,0,0,0,0,0,0,0,0,0,0,0,0,0,0,0,0,0,1,0
201188,Marc Gasol,TOR,201905050PHI,"May 5, 2019",PHI,16,13,0,13,48.48,61.54,-13.06,6,10,7,6,0,0,0,0,0,0,0,0,0,0,0,0,0,0,0,0,0,0,0,0
202699,Tobias Harris,PHI,201905050PHI,"May 5, 2019",TOR,16,23,0,23,27.12,34.78,-7.66,10,10,13,6,0,0,0,0,0,0,0,0,0,0,0,0,0,0,0,0,0,0,0,0
202695,Kawhi Leonard,TOR,201905050PHI,"May 5, 2019",PHI,39,20,12,27,66.1,77.14,-11.04,13,16,7,15,3,5,0,0,0,0,0,0,1,1,0,0,0,0,0,0,1,0,2,2
203954,Joel Embiid,TOR,201905050PHI,"May 5, 2019",PHI,11,7,10,12,44.0,48.25,-4.25,6,4,1,0,2,4,0,0,0,0,0,0,0,0,0,0,0,0,0,0,0,0,3,3
200768,Kyle Lowry,TOR,201905050PHI,"May 5, 2019",PHI,14,13,0,13,43.75,53.85,-10.1,7,8,6,6,0,0,0,0,0,0,0,0,0,0,0,0,0,0,0,0,0,0,0,0
200755,JJ Redick,PHI,201905050PHI,"May 5, 2019",TOR,19,9,3,10,67.86,92.05,-24.19,2,4,7,12,0,0,1,3,0,0,0,0,0,0,0,0,0,0,0,0,0,0,0,0
203516,James Ennis III,PHI,201905050PHI,"May 5, 2019",TOR,9,8,0,8,39.13,56.25,-17.12,1,0,7,9,0,0,0,0,0,0,0,0,0,0,0,0,0,0,0,0,0,0,0,0
202328,Greg Monroe,PHI,201905050PHI,"May 5, 2019",TOR,2,4,0,4,25.0,25.0,0.0,4,2,0,0,0,0,0,0,0,0,0,0,0,0,0,0,0,0,0,0,0,0,0,0
201586,Serge Ibaka,TOR,201905050PHI,"May 5, 2019",PHI,12,12,0,12,44.44,50.0,-5.56,9,12,3,0,0,0,0,0,0,0,0,0,0,0,0,0,0,0,0,0,0,0,0,0
203118,Mike Scott,PHI,201905050PHI,"May 5, 2019",TOR,0,3,0,3,0.0,0.0,0.0,0,0,3,0,0,0,0,0,0,0,0,0,0,0,0,0,0,0,0,0,0,0,0,0
1627832,Fred VanVleet,TOR,201905050PHI,"May 5, 2019",PHI,0,2,0,2,0.0,0.0,0.0,2,0,0,0,0,0,0,0,0,0,0,0,0,0,0,0,0,0,0,0,0,0,0,0
201980,Danny Green,TOR,201905050PHI,"May 5, 2019",PHI,11,4,8,8,57.89,73.14,-15.25,1,0,3,3,2,4,0,0,0,0,0,0,0,0,0,0,0,0,0,0,0,0,2,4
1627775,Patrick McCaw,TOR,201905050PHI,"May 5, 2019",PHI,0,1,0,1,0.0,0.0,0.0,1,0,0,0,0,0,0,0,0,0,0,0,0,0,0,0,0,0,0,0,0,0,0,0
1626181,Norman Powell,TOR,201905050PHI,"May 5, 2019",PHI,0,1,0,1,0.0,0.0,0.0,0,0,1,0,0,0,0,0,0,0,0,0,0,0,0,0,0,0,0,0,0,0,0,0
203999,Nikola Jokić,DEN,201905050POR,"May 5, 2019",POR,21,15,4,17,60.0,62.65,-2.65,14,14,1,3,2,4,0,0,0,0,0,0,0,0,0,0,0,0,0,0,0,0,0,0
202329,Al-Farouq Aminu,POR,201905050POR,"May 5, 2019",DEN,19,10,7,13,61.29,72.63,-11.34,5,8,4,3,2,3,0,0,1,3,0,0,0,0,0,0,0,0,0,0,0,0,1,2
202683,Enes Freedom,POR,201905050POR,"May 5, 2019",DEN,5,5,2,6,41.67,42.52,-0.85,5,4,0,0,1,1,0,0,0,0,0,0,0,0,0,0,0,0,0,0,0,0,0,0
1627750,Jamal Murray,DEN,201905050POR,"May 5, 2019",POR,34,20,11,26,58.62,68.44,-9.82,13,14,7,9,2,4,0,0,0,0,0,0,1,1,0,0,0,0,0,0,0,0,3,6
203468,CJ McCollum,POR,201905050POR,"May 5, 2019",DEN,29,20,6,23,53.7,64.05,-10.35,12,12,8,12,3,5,0,0,0,0,0,0,0,0,0,0,0,0,0,0,0,0,0,0
203914,Gary Harris,DEN,201905050POR,"May 5, 2019",POR,14,14,2,14,43.75,47.04,-3.29,10,8,2,0,0,0,0,0,2,6,0,0,0,0,0,0,0,0,0,0,0,0,0,0
1628470,Torrey Craig,DEN,201905050POR,"May 5, 2019",POR,3,4,0,4,30.0,37.5,-7.5,2,0,2,3,0,0,0,0,0,0,0,0,0,0,0,0,0,0,0,0,0,0,0,0
203090,Maurice Harkless,DEN,201905050POR,"May 5, 2019",POR,4,5,2,6,28.57,34.01,-5.44,3,2,2,0,1,2,0,0,0,0,0,0,0,0,0,0,0,0,0,0,0,0,0,0
200794,Paul Millsap,DEN,201905050POR,"May 5, 2019",POR,21,10,8,14,67.74,77.66,-9.92,7,8,3,6,3,5,0,0,0,0,0,0,0,0,0,0,0,0,0,0,0,0,1,2
203081,Damian Lillard,POR,201905050POR,"May 5, 2019",DEN,28,22,11,27,45.16,52.16,-7.0,15,14,6,3,3,4,0,0,0,0,1,4,0,0,0,0,0,0,0,0,0,0,2,3
203918,Rodney Hood,POR,201905050POR,"May 5, 2019",DEN,7,4,0,4,77.78,87.5,-9.72,3,4,1,3,0,0,0,0,0,0,0,0,0,0,0,0,0,0,0,0,0,0,0,0
1627736,Malik Beasley,DEN,201905050POR,"May 5, 2019",POR,6,6,1,6,40.0,46.58,-6.58,3,0,2,3,0,0,0,0,1,3,0,0,0,0,0,0,0,0,0,0,0,0,0,0
1628380,Zach Collins,POR,201905050POR,"May 5, 2019",DEN,4,5,0,5,40.0,40.0,0.0,5,4,0,0,0,0,0,0,0,0,0,0,0,0,0,0,0,0,0,0,0,0,0,0
203552,Seth Curry,POR,201905050POR,"May 5, 2019",DEN,16,9,0,9,66.67,88.89,-22.22,3,4,6,12,0,0,0,0,0,0,0,0,0,0,0,0,0,0,0,0,0,0,0,0
203115,Will Barton,DEN,201905050POR,"May 5, 2019",POR,11,14,0,14,30.56,39.29,-8.73,6,2,8,9,0,0,0,0,0,0,0,0,0,0,0,0,0,0,0,0,0,0,0,0
203486,Mason Plumlee,DEN,201905050POR,"May 5, 2019",POR,4,3,2,4,50.0,51.55,-1.55,3,4,0,0,1,0,0,0,0,0,0,0,0,0,0,0,0,0,0,0,0,0,0,0
1628420,Monte Morris,DEN,201905050POR,"May 5, 2019",POR,2,6,0,6,16.67,16.67,0.0,6,2,0,0,0,0,0,0,0,0,0,0,0,0,0,0,0,0,0,0,0,0,0,0
202323,Evan Turner,POR,201905050POR,"May 5, 2019",DEN,0,2,0,2,0.0,0.0,0.0,2,0,0,0,0,0,0,0,0,0,0,0,0,0,0,0,0,0,0,0,0,0,0,0
202703,Nikola Mirotic,MIL,201905060BOS,"May 6, 2019",BOS,9,10,4,12,31.03,38.27,-7.24,5,4,5,3,2,2,0,0,0,0,0,0,0,0,0,0,0,0,0,0,0,0,0,0
202681,Kyrie Irving,BOS,201905060BOS,"May 6, 2019",MIL,23,22,9,26,38.33,44.3,-5.97,14,10,7,3,2,4,0,0,1,3,0,0,0,0,0,0,0,0,0,0,0,0,2,3
203507,Giannis Antetokounmpo,MIL,201905060BOS,"May 6, 2019",BOS,39,22,10,25,66.1,73.86,-7.76,13,18,5,6,2,1,0,0,4,12,0,0,0,0,0,0,0,0,0,0,0,0,1,2
203114,Khris Middleton,MIL,201905060BOS,"May 6, 2019",BOS,13,19,3,20,25.49,31.99,-6.5,9,4,10,6,0,0,1,3,0,0,0,0,0,0,0,0,0,0,0,0,0,0,0,0
1628369,Jayson Tatum,BOS,201905060BOS,"May 6, 2019",MIL,17,14,5,16,44.74,52.47,-7.73,8,8,5,3,1,1,0,0,1,3,0,0,0,0,0,0,0,0,0,0,0,0,1,2
202339,Eric Bledsoe,MIL,201905060BOS,"May 6, 2019",BOS,13,12,3,13,41.94,48.8,-6.86,7,10,4,0,0,0,0,0,1,2,0,0,0,0,0,0,0,0,0,0,0,0,1,1
201143,Al Horford,BOS,201905060BOS,"May 6, 2019",MIL,20,16,1,16,48.78,60.83,-12.05,7,8,8,9,0,0,0,0,1,3,0,0,0,0,0,0,0,0,0,0,0,0,0,0
1627759,Jaylen Brown,BOS,201905060BOS,"May 6, 2019",MIL,16,11,4,13,51.61,62.7,-11.09,6,6,5,6,1,2,0,0,0,0,0,0,0,0,0,0,0,0,0,0,0,0,1,2
202694,Marcus Morris Sr.,MIL,201905060BOS,"May 6, 2019",BOS,18,10,11,15,51.43,60.65,-9.22,6,8,3,0,4,6,0,0,0,0,1,3,0,0,0,0,0,0,0,0,0,0,1,1
201588,George Hill,MIL,201905060BOS,"May 6, 2019",BOS,15,11,2,12,55.56,63.13,-7.57,8,10,3,3,0,0,0,0,0,0,0,0,0,0,0,0,0,0,0,0,0,0,1,2
201572,Brook Lopez,MIL,201905060BOS,"May 6, 2019",BOS,7,7,0,7,38.89,50.0,-11.11,3,4,4,3,0,0,0,0,0,0,0,0,0,0,0,0,0,0,0,0,0,0,0,0
101141,Ersan Ilyasova,MIL,201905060BOS,"May 6, 2019",BOS,6,9,0,9,30.0,33.33,-3.33,7,6,2,0,0,0,0,0,0,0,0,0,0,0,0,0,0,0,0,0,0,0,0,0
202330,Gordon Hayward,BOS,201905060BOS,"May 6, 2019",MIL,2,5,0,5,16.67,20.0,-3.33,3,2,2,0,0,0,0,0,0,0,0,0,0,0,0,0,0,0,0,0,0,0,0,0
203935,Marcus Smart,BOS,201905060BOS,"May 6, 2019",MIL,3,7,0,7,14.29,21.43,-7.14,0,0,7,3,0,0,0,0,0,0,0,0,0,0,0,0,0,0,0,0,0,0,0,0
1626192,Pat Connaughton,MIL,201905060BOS,"May 6, 2019",BOS,9,7,3,8,47.37,54.09,-6.72,5,4,2,3,0,0,1,2,0,0,0,0,0,0,0,0,0,0,0,0,0,0,0,0
1626179,Terry Rozier,BOS,201905060BOS,"May 6, 2019",MIL,2,5,0,5,15.38,20.0,-4.62,2,2,3,0,0,0,0,0,0,0,0,0,0,0,0,0,0,0,0,0,0,0,0,0
1628425,Sterling Brown,MIL,201905060BOS,"May 6, 2019",BOS,2,3,0,3,25.0,33.33,-8.33,1,2,2,0,0,0,0,0,0,0,0,0,0,0,0,0,0,0,0,0,0,0,0,0
201142,Kevin Durant,GSW,201905060HOU,"May 6, 2019",HOU,34,22,10,26,56.67,64.39,-7.72,14,16,6,6,2,3,0,0,2,6,0,0,0,0,0,0,0,0,0,0,0,0,2,3
201935,James Harden,HOU,201905060HOU,"May 6, 2019",GSW,38,29,8,32,45.78,58.43,-12.65,12,14,16,15,1,2,1,3,0,0,1,3,0,0,0,0,0,0,0,0,0,0,1,1
203991,Clint Capela,HOU,201905060HOU,"May 6, 2019",GSW,6,4,2,5,60.0,61.48,-1.48,4,6,0,0,1,0,0,0,0,0,0,0,0,0,0,0,0,0,0,0,0,0,0,0
203110,Draymond Green,GSW,201905060HOU,"May 6, 2019",HOU,15,11,5,13,53.57,56.82,-3.25,9,10,1,0,2,3,0,0,1,2,0,0,0,0,0,0,0,0,0,0,0,0,0,0
201939,Stephen Curry,GSW,201905060HOU,"May 6, 2019",HOU,30,25,2,26,45.45,57.96,-12.51,11,16,14,12,0,0,0,0,0,0,0,0,0,0,0,0,0,0,0,0,0,0,1,2
200782,P.J. Tucker,HOU,201905060HOU,"May 6, 2019",GSW,17,12,2,13,53.12,65.99,-12.87,6,6,6,9,1,2,0,0,0,0,0,0,0,0,0,0,0,0,0,0,0,0,0,0
202691,Klay Thompson,GSW,201905060HOU,"May 6, 2019",HOU,11,15,0,15,30.56,36.67,-6.11,9,8,6,3,0,0,0,0,0,0,0,0,0,0,0,0,0,0,0,0,0,0,0,0
201569,Eric Gordon,HOU,201905060HOU,"May 6, 2019",GSW,20,17,6,19,38.46,50.92,-12.46,4,6,12,6,1,2,1,3,1,3,0,0,0,0,0,0,0,0,0,0,0,0,0,0
2738,Andre Iguodala,GSW,201905060HOU,"May 6, 2019",HOU,7,9,2,10,29.17,35.43,-6.26,5,4,4,3,1,0,0,0,0,0,0,0,0,0,0,0,0,0,0,0,0,0,0,0
101108,Chris Paul,HOU,201905060HOU,"May 6, 2019",GSW,13,11,4,13,40.62,50.94,-10.32,5,4,6,6,0,0,0,0,0,0,0,0,0,0,0,0,0,0,0,0,0,0,2,3
1626172,Kevon Looney,GSW,201905060HOU,"May 6, 2019",HOU,7,2,4,4,87.5,93.09,-5.59,2,4,0,0,1,1,0,0,0,0,0,0,0,0,0,0,0,0,0,0,0,0,1,2
203085,Austin Rivers,HOU,201905060HOU,"May 6, 2019",GSW,10,10,0,10,40.0,50.0,-10.0,5,4,5,6,0,0,0,0,0,0,0,0,0,0,0,0,0,0,0,0,0,0,0,0
1628035,Alfonzo McKinnie,GSW,201905060HOU,"May 6, 2019",HOU,2,2,0,2,40.0,50.0,-10.0,1,2,1,0,0,0,0,0,0,0,0,0,0,0,0,0,0,0,0,0,0,0,0,0
202697,Iman Shumpert,HOU,201905060HOU,"May 6, 2019",GSW,5,4,2,5,41.67,51.23,-9.56,2,2,2,3,1,0,0,0,0,0,0,0,0,0,0,0,0,0,0,0,0,0,0,0
2733,Shaun Livingston,GSW,201905060HOU,"May 6, 2019",HOU,2,4,0,4,22.22,25.0,-2.78,3,2,1,0,0,0,0,0,0,0,0,0,0,0,0,0,0,0,0,0,0,0,0,0
101123,Gerald Green,HOU,201905060HOU,"May 6, 2019",GSW,3,2,0,2,50.0,75.0,-25.0,0,0,2,3,0,0,0,0,0,0,0,0,0,0,0,0,0,0,0,0,0,0,0,0
1627732,Ben Simmons,PHI,201905070TOR,"May 7, 2019",TOR,7,5,1,5,63.64,64.34,-0.7,4,4,0,0,0,0,0,0,1,3,0,0,0,0,0,0,0,0,0,0,0,0,0,0
1627783,Pascal Siakam,TOR,201905070TOR,"May 7, 2019",PHI,25,19,10,24,45.45,53.42,-7.97,12,10,7,6,4,7,0,0,0,0,0,0,0,0,0,0,0,0,0,0,0,0,1,2
202699,Tobias Harris,PHI,201905070TOR,"May 7, 2019",TOR,15,12,2,13,51.72,58.23,-6.51,9,10,3,3,0,0,0,0,0,0,0,0,0,0,0,0,0,0,0,0,0,0,1,2
203954,Joel Embiid,PHI,201905070TOR,"May 7, 2019",TOR,13,10,2,11,46.43,59.74,-13.31,4,6,6,6,1,1,0,0,0,0,0,0,0,0,0,0,0,0,0,0,0,0,0,0
202710,Jimmy Butler III,PHI,201905070TOR,"May 7, 2019",TOR,22,16,11,20,48.89,52.78,-3.89,13,10,2,0,1,2,2,5,1,3,0,0,0,0,0,0,0,0,0,0,0,0,1,2
202695,Kawhi Leonard,TOR,201905070TOR,"May 7, 2019",PHI,21,16,8,20,47.73,53.79,-6.06,12,14,4,0,1,2,0,0,0,0,0,0,0,0,0,0,0,0,0,0,0,0,3,5
200768,Kyle Lowry,TOR,201905070TOR,"May 7, 2019",PHI,19,9,8,12,61.29,75.88,-14.59,3,4,4,3,3,5,0,0,1,3,1,4,0,0,0,0,0,0,0,0,0,0,0,0
201188,Marc Gasol,PHI,201905070TOR,"May 7, 2019",TOR,11,6,0,6,64.71,91.67,-26.96,1,2,5,9,0,0,0,0,0,0,0,0,0,0,0,0,0,0,0,0,0,0,0,0
203118,Mike Scott,PHI,201905070TOR,"May 7, 2019",TOR,10,5,0,5,83.33,100.0,-16.67,3,4,2,6,0,0,0,0,0,0,0,0,0,0,0,0,0,0,0,0,0,0,0,0
201980,Danny Green,PHI,201905070TOR,"May 7, 2019",TOR,17,8,2,9,68.0,95.72,-27.72,1,0,7,15,0,0,0,0,0,0,0,0,0,0,0,0,0,0,0,0,0,0,1,2
200755,JJ Redick,PHI,201905070TOR,"May 7, 2019",TOR,3,6,0,6,20.0,25.0,-5.0,3,0,3,3,0,0,0,0,0,0,0,0,0,0,0,0,0,0,0,0,0,0,0,0
203516,James Ennis III,PHI,201905070TOR,"May 7, 2019",TOR,1,4,2,5,7.69,10.25,-2.56,1,0,3,0,1,1,0,0,0,0,0,0,0,0,0,0,0,0,0,0,0,0,0,0
202328,Greg Monroe,PHI,201905070TOR,"May 7, 2019",TOR,2,3,0,3,28.57,33.33,-4.76,2,2,1,0,0,0,0,0,0,0,0,0,0,0,0,0,0,0,0,0,0,0,0,0
201586,Serge Ibaka,TOR,201905070TOR,"May 7, 2019",PHI,10,7,3,8,58.82,60.1,-1.28,6,6,0,0,1,1,0,0,1,3,0,0,0,0,0,0,0,0,0,0,0,0,0,0
1626181,Norman Powell,TOR,201905070TOR,"May 7, 2019",PHI,7,6,0,6,43.75,58.33,-14.58,2,4,4,3,0,0,0,0,0,0,0,0,0,0,0,0,0,0,0,0,0,0,0,0
1627832,Fred VanVleet,TOR,201905070TOR,"May 7, 2019",PHI,5,5,0,5,35.71,50.0,-14.29,1,2,4,3,0,0,0,0,0,0,0,0,0,0,0,0,0,0,0,0,0,0,0,0
101161,Amir Johnson,PHI,201905070TOR,"May 7, 2019",TOR,4,2,0,2,100.0,100.0,0.0,2,4,0,0,0,0,0,0,0,0,0,0,0,0,0,0,0,0,0,0,0,0,0,0
1628413,Jonah Bolden,PHI,201905070TOR,"May 7, 2019",TOR,0,1,0,1,0.0,0.0,0.0,0,0,1,0,0,0,0,0,0,0,0,0,0,0,0,0,0,0,0,0,0,0,0,0
204456,T.J. McConnell,PHI,201905070TOR,"May 7, 2019",TOR,0,3,0,3,0.0,0.0,0.0,3,0,0,0,0,0,0,0,0,0,0,0,0,0,0,0,0,0,0,0,0,0,0,0
203613,Jonathon Simmons,PHI,201905070TOR,"May 7, 2019",TOR,6,8,2,9,30.0,33.78,-3.78,6,4,2,0,1,2,0,0,0,0,0,0,0,0,0,0,0,0,0,0,0,0,0,0
1627775,Patrick McCaw,TOR,201905070TOR,"May 7, 2019",PHI,2,1,2,2,40.0,53.19,-13.19,0,0,1,0,0,0,0,0,0,0,0,0,0,0,0,0,0,0,0,0,0,0,1,2
201975,Jodie Meeks,TOR,201905070TOR,"May 7, 2019",PHI,3,1,0,1,100.0,150.0,-50.0,0,0,1,3,0,0,0,0,0,0,0,0,0,0,0,0,0,0,0,0,0,0,0,0
1626246,Boban Marjanovic,PHI,201905070TOR,"May 7, 2019",TOR,6,4,0,4,66.67,75.0,-8.33,3,6,1,0,0,0,0,0,0,0,0,0,0,0,0,0,0,0,0,0,0,0,0,0
203961,Eric Moreland,TOR,201905070TOR,"May 7, 2019",PHI,2,1,0,1,100.0,100.0,0.0,1,2,0,0,0,0,0,0,0,0,0,0,0,0,0,0,0,0,0,0,0,0,0,0
202391,Jeremy Lin,TOR,201905070TOR,"May 7, 2019",PHI,3,2,0,2,60.0,75.0,-15.0,1,0,1,3,0,0,0,0,0,0,0,0,0,0,0,0,0,0,0,0,0,0,0,0
1626259,Malcolm Miller,TOR,201905070TOR,"May 7, 2019",PHI,0,1,0,1,0.0,0.0,0.0,0,0,1,0,0,0,0,0,0,0,0,0,0,0,0,0,0,0,0,0,0,0,0,0
203999,Nikola Jokić,DEN,201905070DEN,"May 7, 2019",POR,25,18,6,21,55.56,60.56,-5.0,15,20,3,0,2,4,0,0,0,0,0,0,0,0,1,1,0,0,0,0,0,0,0,0
202683,Enes Freedom,POR,201905070DEN,"May 7, 2019",DEN,7,9,6,12,29.17,30.07,-0.9,9,4,0,0,3,3,0,0,0,0,0,0,0,0,0,0,0,0,0,0,0,0,0,0
203090,Maurice Harkless,DEN,201905070DEN,"May 7, 2019",POR,5,3,1,3,62.5,72.67,-10.17,1,2,1,0,0,0,0,0,1,3,0,0,0,0,0,0,0,0,0,0,0,0,0,0
203914,Gary Harris,DEN,201905070DEN,"May 7, 2019",POR,16,12,6,15,50.0,54.64,-4.64,10,10,2,0,3,6,0,0,0,0,0,0,0,0,0,0,0,0,0,0,0,0,0,0
203468,CJ McCollum,POR,201905070DEN,"May 7, 2019",DEN,12,16,0,16,32.43,37.5,-5.07,11,6,5,6,0,0,0,0,0,0,0,0,0,0,0,0,0,0,0,0,0,0,0,0
1628470,Torrey Craig,DEN,201905070DEN,"May 7, 2019",POR,8,6,1,6,53.33,62.11,-8.78,3,2,2,3,0,0,0,0,1,3,0,0,0,0,0,0,0,0,0,0,0,0,0,0
203081,Damian Lillard,POR,201905070DEN,"May 7, 2019",DEN,22,21,5,23,39.29,47.41,-8.12,12,14,7,0,0,0,0,0,0,0,2,6,2,2,0,0,0,0,0,0,0,0,0,0
1627750,Jamal Murray,DEN,201905070DEN,"May 7, 2019",POR,18,16,3,17,45.0,51.96,-6.96,10,10,5,3,1,2,0,0,1,3,0,0,0,0,0,0,0,0,0,0,0,0,0,0
200794,Paul Millsap,DEN,201905070DEN,"May 7, 2019",POR,24,17,6,19,55.81,61.1,-5.29,13,12,2,3,0,0,0,0,1,3,1,4,0,0,0,0,0,0,0,0,0,0,2,2
202329,Al-Farouq Aminu,POR,201905070DEN,"May 7, 2019",DEN,3,8,0,8,15.79,18.75,-2.96,5,0,3,3,0,0,0,0,0,0,0,0,0,0,0,0,0,0,0,0,0,0,0,0
203918,Rodney Hood,POR,201905070DEN,"May 7, 2019",DEN,14,8,5,9,63.64,68.63,-4.99,4,4,1,0,0,0,0,0,3,8,0,0,0,0,0,0,0,0,0,0,0,0,1,2
203115,Will Barton,DEN,201905070DEN,"May 7, 2019",POR,10,9,2,10,40.0,50.61,-10.61,4,2,5,6,0,0,0,0,0,0,0,0,0,0,0,0,0,0,0,0,0,0,1,2
1628420,Monte Morris,DEN,201905070DEN,"May 7, 2019",POR,6,4,2,5,60.0,61.48,-1.48,4,4,0,0,1,2,0,0,0,0,0,0,0,0,0,0,0,0,0,0,0,0,0,0
1628380,Zach Collins,POR,201905070DEN,"May 7, 2019",DEN,14,10,4,12,51.85,59.52,-7.67,7,8,3,3,1,1,0,0,0,0,0,0,0,0,0,0,0,0,0,0,0,0,1,2
203552,Seth Curry,POR,201905070DEN,"May 7, 2019",DEN,7,10,0,10,28.0,35.0,-7.0,5,4,5,3,0,0,0,0,0,0,0,0,0,0,0,0,0,0,0,0,0,0,0,0
203486,Mason Plumlee,DEN,201905070DEN,"May 7, 2019",POR,4,2,2,3,66.67,69.44,-2.77,2,2,0,0,0,0,0,0,0,0,0,0,0,0,0,0,0,0,0,0,0,0,1,2
1627736,Malik Beasley,POR,201905070DEN,"May 7, 2019",DEN,10,4,3,5,76.92,93.98,-17.06,1,2,2,3,1,2,0,0,1,3,0,0,0,0,0,0,0,0,0,0,0,0,0,0
203086,Meyers Leonard,POR,201905070DEN,"May 7, 2019",DEN,9,7,4,9,37.5,51.37,-13.87,1,0,6,9,0,0,0,0,0,0,0,0,0,0,0,0,0,0,0,0,0,0,2,0
1627746,Skal Labissiere,POR,201905070DEN,"May 7, 2019",DEN,2,2,1,2,33.33,40.98,-7.65,0,0,1,0,0,0,0,0,1,2,0,0,0,0,0,0,0,0,0,0,0,0,0,0
1627774,Jake Layman,POR,201905070DEN,"May 7, 2019",DEN,1,2,2,3,14.29,17.36,-3.07,1,0,1,0,0,0,0,0,0,0,0,0,0,0,0,0,0,0,0,0,0,0,1,1
1629014,Anfernee Simons,POR,201905070DEN,"May 7, 2019",DEN,2,2,2,3,25.0,34.72,-9.72,0,0,2,0,0,0,0,0,0,0,0,0,0,0,0,0,0,0,0,0,0,0,1,2
1627823,Juancho Hernangomez,DEN,201905070DEN,"May 7, 2019",POR,3,2,0,2,50.0,75.0,-25.0,0,0,2,3,0,0,0,0,0,0,0,0,0,0,0,0,0,0,0,0,0,0,0,0
201572,Brook Lopez,MIL,201905080MIL,"May 8, 2019",BOS,0,7,0,7,0.0,0.0,0.0,0,0,7,0,0,0,0,0,0,0,0,0,0,0,0,0,0,0,0,0,0,0,0,0
203382,Aron Baynes,BOS,201905080MIL,"May 8, 2019",MIL,0,1,0,1,0.0,0.0,0.0,0,0,1,0,0,0,0,0,0,0,0,0,0,0,0,0,0,0,0,0,0,0,0,0
202681,Kyrie Irving,BOS,201905080MIL,"May 8, 2019",MIL,15,21,2,22,29.41,34.28,-4.87,14,10,7,3,0,0,0,0,0,0,0,0,0,0,0,0,0,0,0,0,0,0,1,2
202703,Nikola Mirotic,MIL,201905080MIL,"May 8, 2019",BOS,10,10,2,11,33.33,45.96,-12.63,2,2,8,6,1,2,0,0,0,0,0,0,0,0,0,0,0,0,0,0,0,0,0,0
201143,Al Horford,BOS,201905080MIL,"May 8, 2019",MIL,9,13,0,13,29.03,34.62,-5.59,8,6,5,3,0,0,0,0,0,0,0,0,0,0,0,0,0,0,0,0,0,0,0,0
202339,Eric Bledsoe,MIL,201905080MIL,"May 8, 2019",BOS,18,14,2,15,51.43,60.48,-9.05,9,10,5,6,1,2,0,0,0,0,0,0,0,0,0,0,0,0,0,0,0,0,0,0
1627759,Jaylen Brown,BOS,201905080MIL,"May 8, 2019",MIL,12,9,6,12,41.38,51.55,-10.17,4,6,5,0,2,4,0,0,0,0,0,0,0,0,1,2,0,0,0,0,0,0,0,0
203114,Khris Middleton,MIL,201905080MIL,"May 8, 2019",BOS,19,15,7,19,44.19,52.54,-8.35,9,6,6,6,3,6,0,0,0,0,0,0,1,1,0,0,0,0,0,0,0,0,0,0
1628369,Jayson Tatum,BOS,201905080MIL,"May 8, 2019",MIL,14,10,9,14,43.75,50.14,-6.39,6,2,3,3,3,5,0,0,1,3,0,0,0,0,0,0,0,0,0,0,0,0,1,1
203507,Giannis Antetokounmpo,MIL,201905080MIL,"May 8, 2019",BOS,20,14,5,16,57.14,61.73,-4.59,11,14,2,0,2,3,0,0,1,3,0,0,0,0,0,0,0,0,0,0,0,0,0,0
202694,Marcus Morris Sr.,BOS,201905080MIL,"May 8, 2019",MIL,14,8,5,10,56.0,68.63,-12.63,4,4,4,6,1,2,1,2,0,0,0,0,0,0,0,0,0,0,0,0,0,0,0,0
1626192,Pat Connaughton,MIL,201905080MIL,"May 8, 2019",BOS,7,7,2,8,35.0,44.42,-9.42,3,4,4,3,0,0,0,0,0,0,0,0,0,0,0,0,0,0,0,0,0,0,1,0
101141,Ersan Ilyasova,MIL,201905080MIL,"May 8, 2019",BOS,10,6,0,6,66.67,83.33,-16.66,3,4,3,6,0,0,0,0,0,0,0,0,0,0,0,0,0,0,0,0,0,0,0,0
202330,Gordon Hayward,BOS,201905080MIL,"May 8, 2019",MIL,7,9,0,9,33.33,38.89,-5.56,6,4,3,3,0,0,0,0,0,0,0,0,0,0,0,0,0,0,0,0,0,0,0,0
201588,George Hill,MIL,201905080MIL,"May 8, 2019",BOS,16,10,2,11,57.14,73.53,-16.39,4,6,6,9,0,0,0,0,0,0,0,0,0,0,0,0,0,0,0,0,0,0,1,1
203935,Marcus Smart,BOS,201905080MIL,"May 8, 2019",MIL,4,4,6,7,22.22,30.12,-7.9,0,0,4,0,3,4,0,0,0,0,0,0,0,0,0,0,0,0,0,0,0,0,0,0
1626179,Terry Rozier,BOS,201905080MIL,"May 8, 2019",MIL,7,9,0,9,30.43,38.89,-8.46,4,4,5,3,0,0,0,0,0,0,0,0,0,0,0,0,0,0,0,0,0,0,0,0
1627763,Malcolm Brogdon,MIL,201905080MIL,"May 8, 2019",BOS,10,8,2,9,47.62,56.31,-8.69,5,6,3,3,1,1,0,0,0,0,0,0,0,0,0,0,0,0,0,0,0,0,0,0
1628464,Daniel Theis,BOS,201905080MIL,"May 8, 2019",MIL,4,6,0,6,30.77,33.33,-2.56,5,4,1,0,0,0,0,0,0,0,0,0,0,0,0,0,0,0,0,0,0,0,0,0
1627824,Guerschon Yabusele,BOS,201905080MIL,"May 8, 2019",MIL,2,2,4,4,22.22,26.6,-4.38,1,0,1,0,1,0,0,0,0,0,0,0,0,0,0,0,0,0,0,0,0,0,1,2
202954,Brad Wanamaker,BOS,201905080MIL,"May 8, 2019",MIL,3,1,2,2,75.0,79.79,-4.79,1,2,0,0,1,1,0,0,0,0,0,0,0,0,0,0,0,0,0,0,0,0,0,0
1628425,Sterling Brown,MIL,201905080MIL,"May 8, 2019",BOS,0,1,0,1,0.0,0.0,0.0,0,0,1,0,0,0,0,0,0,0,0,0,0,0,0,0,0,0,0,0,0,0,0,0
204025,Tim Frazier,MIL,201905080MIL,"May 8, 2019",BOS,6,2,0,2,100.0,150.0,-50.0,0,0,2,6,0,0,0,0,0,0,0,0,0,0,0,0,0,0,0,0,0,0,0,0
2738,Andre Iguodala,GSW,201905080GSW,"May 8, 2019",HOU,11,9,2,10,50.0,55.67,-5.67,7,10,2,0,0,0,0,0,0,0,0,0,0,0,0,0,0,0,0,0,0,0,1,1
200782,P.J. Tucker,HOU,201905080GSW,"May 8, 2019",GSW,13,9,0,9,56.52,72.22,-15.7,4,4,5,9,0,0,0,0,0,0,0,0,0,0,0,0,0,0,0,0,0,0,0,0
201142,Kevin Durant,GSW,201905080GSW,"May 8, 2019",HOU,22,18,5,20,45.83,54.46,-8.63,11,12,7,6,1,2,1,2,0,0,0,0,0,0,0,0,0,0,0,0,0,0,0,0
201935,James Harden,HOU,201905080GSW,"May 8, 2019",GSW,31,16,10,21,60.78,75.98,-15.2,7,14,9,9,3,5,1,2,0,0,0,0,1,1,0,0,0,0,0,0,0,0,0,0
202691,Klay Thompson,GSW,201905080GSW,"May 8, 2019",HOU,27,20,0,20,54.0,67.5,-13.5,10,12,10,15,0,0,0,0,0,0,0,0,0,0,0,0,0,0,0,0,0,0,0,0
203991,Clint Capela,HOU,201905080GSW,"May 8, 2019",GSW,6,10,0,10,30.0,30.0,0.0,10,6,0,0,0,0,0,0,0,0,0,0,0,0,0,0,0,0,0,0,0,0,0,0
101108,Chris Paul,HOU,201905080GSW,"May 8, 2019",GSW,11,14,6,17,27.5,33.05,-5.55,8,6,6,0,2,3,0,0,0,0,0,0,0,0,0,0,0,0,0,0,0,0,1,2
201569,Eric Gordon,HOU,201905080GSW,"May 8, 2019",GSW,19,14,6,17,43.18,57.09,-13.91,4,4,10,9,2,4,0,0,0,0,0,0,0,0,0,0,0,0,0,0,0,0,1,2
201980,Danny Green,HOU,201905080GSW,"May 8, 2019",GSW,8,8,0,8,40.0,50.0,-10.0,4,2,4,6,0,0,0,0,0,0,0,0,0,0,0,0,0,0,0,0,0,0,0,0
203085,Austin Rivers,HOU,201905080GSW,"May 8, 2019",GSW,2,6,0,6,12.5,16.67,-4.17,2,2,4,0,0,0,0,0,0,0,0,0,0,0,0,0,0,0,0,0,0,0,0,0
201939,Stephen Curry,HOU,201905080GSW,"May 8, 2019",GSW,25,23,5,25,40.32,49.6,-9.28,11,10,11,9,2,4,0,0,1,2,0,0,0,0,0,0,0,0,0,0,0,0,0,0
202697,Iman Shumpert,HOU,201905080GSW,"May 8, 2019",GSW,11,7,0,7,55.0,78.57,-23.57,1,2,6,9,0,0,0,0,0,0,0,0,0,0,0,0,0,0,0,0,0,0,0,0
1626172,Kevon Looney,GSW,201905080GSW,"May 8, 2019",HOU,5,2,4,4,62.5,66.49,-3.99,2,2,0,0,2,3,0,0,0,0,0,0,0,0,0,0,0,0,0,0,0,0,0,0
1628035,Alfonzo McKinnie,GSW,201905080GSW,"May 8, 2019",HOU,1,0,2,1,50.0,56.82,-6.82,0,0,0,0,0,0,0,0,0,0,0,0,0,0,0,0,0,0,0,0,0,0,1,1
101123,Gerald Green,HOU,201905080GSW,"May 8, 2019",GSW,0,1,0,1,0.0,0.0,0.0,0,0,1,0,0,0,0,0,0,0,0,0,0,0,0,0,0,0,0,0,0,0,0,0
2733,Shaun Livingston,GSW,201905080GSW,"May 8, 2019",HOU,2,2,0,2,50.0,50.0,0.0,2,2,0,0,0,0,0,0,0,0,0,0,0,0,0,0,0,0,0,0,0,0,0,0
hilarne01,N. HilÃ¡rio,HOU,201905080GSW,"May 8, 2019",GSW,6,2,2,3,100.0,104.17,-4.17,2,4,0,0,1,2,0,0,0,0,0,0,0,0,0,0,0,0,0,0,0,0,0,0
201973,Jonas Jerebko,GSW,201905080GSW,"May 8, 2019",HOU,3,3,0,3,33.33,50.0,-16.67,0,0,3,3,0,0,0,0,0,0,0,0,0,0,0,0,0,0,0,0,0,0,0,0
202699,Tobias Harris,PHI,201905090PHI,"May 9, 2019",TOR,16,17,2,18,36.36,44.74,-8.38,9,8,8,6,1,2,0,0,0,0,0,0,0,0,0,0,0,0,0,0,0,0,0,0
200768,Kyle Lowry,TOR,201905090PHI,"May 9, 2019",PHI,13,11,0,11,44.83,59.09,-14.26,4,4,7,9,0,0,0,0,0,0,0,0,0,0,0,0,0,0,0,0,0,0,0,0
201980,Danny Green,TOR,201905090PHI,"May 9, 2019",PHI,8,8,3,10,29.63,42.92,-13.29,0,0,8,6,1,1,0,0,0,0,0,0,0,0,0,0,0,0,0,0,1,1,0,0
201188,Marc Gasol,TOR,201905090PHI,"May 9, 2019",PHI,7,8,2,9,33.33,39.41,-6.08,5,6,3,0,0,0,0,0,0,0,0,0,0,0,1,1,0,0,0,0,0,0,0,0
200755,JJ Redick,PHI,201905090PHI,"May 9, 2019",TOR,11,11,0,11,34.38,50.0,-15.62,1,2,10,9,0,0,0,0,0,0,0,0,0,0,0,0,0,0,0,0,0,0,0,0
1627783,Pascal Siakam,TOR,201905090PHI,"May 9, 2019",PHI,21,16,4,18,50.0,59.12,-9.12,10,12,6,6,2,3,0,0,0,0,0,0,0,0,0,0,0,0,0,0,0,0,0,0
1627732,Ben Simmons,PHI,201905090PHI,"May 9, 2019",TOR,21,13,6,16,65.62,67.14,-1.52,13,18,0,0,1,2,0,0,0,0,0,0,0,0,0,0,0,0,0,0,0,0,2,1
203954,Joel Embiid,PHI,201905090PHI,"May 9, 2019",TOR,17,14,7,17,44.74,49.77,-5.03,10,4,3,6,0,0,0,0,1,3,0,0,0,0,0,0,0,0,0,0,0,0,3,4
202695,Kawhi Leonard,TOR,201905090PHI,"May 9, 2019",PHI,29,20,12,26,51.79,57.36,-5.57,16,18,4,0,6,11,0,0,0,0,0,0,0,0,0,0,0,0,0,0,0,0,0,0
202710,Jimmy Butler III,PHI,201905090PHI,"May 9, 2019",TOR,25,18,7,21,56.82,59.3,-2.48,16,16,1,0,2,4,0,0,1,3,0,0,0,0,0,0,0,0,0,0,0,0,1,2
203516,James Ennis III,PHI,201905090PHI,"May 9, 2019",TOR,5,6,2,7,31.25,36.34,-5.09,4,4,2,0,1,1,0,0,0,0,0,0,0,0,0,0,0,0,0,0,0,0,0,0
1626246,Boban Marjanovic,PHI,201905090PHI,"May 9, 2019",TOR,2,0,2,1,100.0,113.64,-13.64,0,0,0,0,0,0,0,0,0,0,0,0,0,0,0,0,0,0,0,0,0,0,1,2
201586,Serge Ibaka,TOR,201905090PHI,"May 9, 2019",PHI,9,10,4,12,33.33,38.27,-4.94,7,6,3,0,2,3,0,0,0,0,0,0,0,0,0,0,0,0,0,0,0,0,0,0
203118,Mike Scott,PHI,201905090PHI,"May 9, 2019",TOR,11,5,0,5,78.57,110.0,-31.43,1,2,4,9,0,0,0,0,0,0,0,0,0,0,0,0,0,0,0,0,0,0,0,0
1626181,Norman Powell,TOR,201905090PHI,"May 9, 2019",PHI,5,2,0,2,100.0,125.0,-25.0,1,2,1,3,0,0,0,0,0,0,0,0,0,0,0,0,0,0,0,0,0,0,0,0
1627832,Fred VanVleet,TOR,201905090PHI,"May 9, 2019",PHI,1,1,2,2,20.0,26.6,-6.6,0,0,1,0,0,0,0,0,0,0,0,0,0,0,0,0,0,0,0,0,0,0,1,1
201975,Jodie Meeks,TOR,201905090PHI,"May 9, 2019",PHI,2,2,0,2,40.0,50.0,-10.0,1,2,1,0,0,0,0,0,0,0,0,0,0,0,0,0,0,0,0,0,0,0,0,0
1626259,Malcolm Miller,TOR,201905090PHI,"May 9, 2019",PHI,6,3,2,4,60.0,77.32,-17.32,1,2,2,3,1,1,0,0,0,0,0,0,0,0,0,0,0,0,0,0,0,0,0,0
204456,T.J. McConnell,PHI,201905090PHI,"May 9, 2019",TOR,4,3,0,3,66.67,66.67,0.0,3,4,0,0,0,0,0,0,0,0,0,0,0,0,0,0,0,0,0,0,0,0,0,0
203613,Jonathon Simmons,PHI,201905090PHI,"May 9, 2019",TOR,0,2,0,2,0.0,0.0,0.0,2,0,0,0,0,0,0,0,0,0,0,0,0,0,0,0,0,0,0,0,0,0,0,0
203090,Maurice Harkless,POR,201905090POR,"May 9, 2019",DEN,2,5,0,5,20.0,20.0,0.0,5,2,0,0,0,0,0,0,0,0,0,0,0,0,0,0,0,0,0,0,0,0,0,0
203914,Gary Harris,DEN,201905090POR,"May 9, 2019",POR,15,11,4,13,44.12,58.78,-14.66,3,2,8,9,2,4,0,0,0,0,0,0,0,0,0,0,0,0,0,0,0,0,0,0
203999,Nikola Jokić,DEN,201905090POR,"May 9, 2019",POR,29,15,8,19,70.73,78.29,-7.56,12,16,3,6,3,5,0,0,0,0,0,0,0,0,0,0,0,0,0,0,0,0,1,2
1628470,Torrey Craig,DEN,201905090POR,"May 9, 2019",POR,10,7,0,7,55.56,71.43,-15.87,3,4,4,6,0,0,0,0,0,0,0,0,0,0,0,0,0,0,0,0,0,0,0,0
202329,Al-Farouq Aminu,POR,201905090POR,"May 9, 2019",DEN,7,5,4,7,38.89,51.78,-12.89,1,0,4,6,1,1,0,0,0,0,0,0,0,0,0,0,0,0,0,0,0,0,1,0
202683,Enes Freedom,POR,201905090POR,"May 9, 2019",DEN,6,9,4,11,27.27,27.88,-0.61,9,4,0,0,0,0,0,0,0,0,0,0,0,0,0,0,0,0,0,0,0,0,2,2
203468,CJ McCollum,DEN,201905090POR,"May 9, 2019",POR,30,24,4,26,50.85,58.23,-7.38,17,20,7,6,1,2,0,0,0,0,0,0,0,0,0,0,0,0,0,0,0,0,1,2
200794,Paul Millsap,DEN,201905090POR,"May 9, 2019",POR,17,15,8,19,41.46,45.9,-4.44,12,6,3,3,4,8,0,0,0,0,0,0,0,0,0,0,0,0,0,0,0,0,0,0
203081,Damian Lillard,POR,201905090POR,"May 9, 2019",DEN,32,23,4,25,50.79,64.62,-13.83,10,10,13,18,1,2,0,0,0,0,0,0,0,0,0,0,0,0,0,0,0,0,1,2
1627750,Jamal Murray,DEN,201905090POR,"May 9, 2019",POR,24,20,8,24,44.44,51.02,-6.58,14,8,6,9,4,7,0,0,0,0,0,0,0,0,0,0,0,0,0,0,0,0,0,0
203918,Rodney Hood,POR,201905090POR,"May 9, 2019",DEN,25,12,9,16,67.57,78.32,-10.75,7,8,4,9,3,4,0,0,1,3,0,0,0,0,0,0,0,0,0,0,0,0,1,1
203115,Will Barton,DEN,201905090POR,"May 9, 2019",POR,7,8,0,8,35.0,43.75,-8.75,4,4,4,3,0,0,0,0,0,0,0,0,0,0,0,0,0,0,0,0,0,0,0,0
1628380,Zach Collins,POR,201905090POR,"May 9, 2019",DEN,14,8,5,10,58.33,68.63,-10.3,4,4,3,3,2,4,0,0,1,3,0,0,0,0,0,0,0,0,0,0,0,0,0,0
203486,Mason Plumlee,DEN,201905090POR,"May 9, 2019",POR,4,1,2,2,100.0,106.38,-6.38,1,2,0,0,1,2,0,0,0,0,0,0,0,0,0,0,0,0,0,0,0,0,0,0
203552,Seth Curry,POR,201905090POR,"May 9, 2019",DEN,3,3,0,3,37.5,50.0,-12.5,1,0,2,3,0,0,0,0,0,0,0,0,0,0,0,0,0,0,0,0,0,0,0,0
1627736,Malik Beasley,DEN,201905090POR,"May 9, 2019",POR,2,8,2,9,9.09,11.26,-2.17,4,0,4,0,1,2,0,0,0,0,0,0,0,0,0,0,0,0,0,0,0,0,0,0
1628420,Monte Morris,DEN,201905090POR,"May 9, 2019",POR,0,1,0,1,0.0,0.0,0.0,1,0,0,0,0,0,0,0,0,0,0,0,0,0,0,0,0,0,0,0,0,0,0,0
203110,Draymond Green,GSW,201905100HOU,"May 10, 2019",HOU,8,9,2,10,36.36,40.49,-4.13,7,8,2,0,0,0,0,0,0,0,0,0,0,0,0,0,0,0,0,0,0,0,1,0
202691,Klay Thompson,GSW,201905100HOU,"May 10, 2019",HOU,27,20,0,20,50.94,67.5,-16.56,7,6,13,21,0,0,0,0,0,0,0,0,0,0,0,0,0,0,0,0,0,0,0,0
201935,James Harden,HOU,201905100HOU,"May 10, 2019",GSW,35,25,12,30,45.45,57.79,-12.34,10,10,15,18,3,4,2,3,0,0,0,0,0,0,0,0,0,0,0,0,0,0,0,0
2738,Andre Iguodala,GSW,201905100HOU,"May 10, 2019",HOU,17,11,2,12,53.12,71.55,-18.43,3,2,8,15,0,0,0,0,0,0,0,0,0,0,0,0,0,0,0,0,0,0,1,0
101108,Chris Paul,HOU,201905100HOU,"May 10, 2019",GSW,27,19,2,20,58.7,67.91,-9.21,13,16,6,9,0,0,0,0,0,0,0,0,0,0,0,0,0,0,0,0,0,0,1,2
201939,Stephen Curry,GSW,201905100HOU,"May 10, 2019",HOU,33,20,11,26,53.23,66.43,-13.2,9,10,11,12,0,0,0,0,0,0,0,0,1,1,0,0,0,0,0,0,0,0,5,10
203991,Clint Capela,HOU,201905100HOU,"May 10, 2019",GSW,10,11,0,11,45.45,45.45,0.0,11,10,0,0,0,0,0,0,0,0,0,0,0,0,0,0,0,0,0,0,0,0,0,0
101106,Andrew Bogut,GSW,201905100HOU,"May 10, 2019",HOU,0,1,0,1,0.0,0.0,0.0,1,0,0,0,0,0,0,0,0,0,0,0,0,0,0,0,0,0,0,0,0,0,0,0
201569,Eric Gordon,HOU,201905100HOU,"May 10, 2019",GSW,9,10,0,10,40.91,45.0,-4.09,8,6,2,3,0,0,0,0,0,0,0,0,0,0,0,0,0,0,0,0,0,0,0,0
200782,P.J. Tucker,HOU,201905100HOU,"May 10, 2019",GSW,15,8,2,9,62.5,84.46,-21.96,2,4,6,9,1,2,0,0,0,0,0,0,0,0,0,0,0,0,0,0,0,0,0,0
1626188,Quinn Cook,GSW,201905100HOU,"May 10, 2019",HOU,2,5,0,5,16.67,20.0,-3.33,3,2,2,0,0,0,0,0,0,0,0,0,0,0,0,0,0,0,0,0,0,0,0,0
1626172,Kevon Looney,GSW,201905100HOU,"May 10, 2019",HOU,14,8,2,9,77.78,78.83,-1.05,8,12,0,0,1,2,0,0,0,0,0,0,0,0,0,0,0,0,0,0,0,0,0,0
hilarne01,N. HilÃ¡rio,HOU,201905100HOU,"May 10, 2019",GSW,2,1,0,1,100.0,100.0,0.0,1,2,0,0,0,0,0,0,0,0,0,0,0,0,0,0,0,0,0,0,0,0,0,0
203085,Austin Rivers,HOU,201905100HOU,"May 10, 2019",GSW,9,6,1,6,56.25,69.88,-13.63,2,0,3,6,0,0,0,0,1,3,0,0,0,0,0,0,0,0,0,0,0,0,0,0
1628395,Jordan Bell,GSW,201905100HOU,"May 10, 2019",HOU,4,2,2,3,66.67,69.44,-2.77,2,2,0,0,1,2,0,0,0,0,0,0,0,0,0,0,0,0,0,0,0,0,0,0
201973,Jonas Jerebko,GSW,201905100HOU,"May 10, 2019",HOU,2,3,0,3,25.0,33.33,-8.33,1,2,2,0,0,0,0,0,0,0,0,0,0,0,0,0,0,0,0,0,0,0,0,0
2733,Shaun Livingston,GSW,201905100HOU,"May 10, 2019",HOU,11,6,4,8,68.75,70.88,-2.13,6,8,0,0,2,3,0,0,0,0,0,0,0,0,0,0,0,0,0,0,0,0,0,0
101123,Gerald Green,HOU,201905100HOU,"May 10, 2019",GSW,6,9,0,9,24.0,33.33,-9.33,2,0,7,6,0,0,0,0,0,0,0,0,0,0,0,0,0,0,0,0,0,0,0,0
202329,Al-Farouq Aminu,POR,201905120DEN,"May 12, 2019",DEN,3,4,2,5,25.0,30.74,-5.74,2,2,2,0,1,1,0,0,0,0,0,0,0,0,0,0,0,0,0,0,0,0,0,0
203914,Gary Harris,DEN,201905120DEN,"May 12, 2019",POR,15,11,2,11,60.0,63.13,-3.13,8,10,1,0,0,0,0,0,2,5,0,0,0,0,0,0,0,0,0,0,0,0,0,0
202683,Enes Freedom,DEN,201905120DEN,"May 12, 2019",POR,12,13,0,13,44.44,46.15,-1.71,12,12,1,0,0,0,0,0,0,0,0,0,0,0,0,0,0,0,0,0,0,0,0,0
203468,CJ McCollum,POR,201905120DEN,"May 12, 2019",DEN,37,29,2,30,58.73,61.91,-3.18,26,32,3,3,1,2,0,0,0,0,0,0,0,0,0,0,0,0,0,0,0,0,0,0
203999,Nikola Jokić,DEN,201905120DEN,"May 12, 2019",POR,29,26,7,29,44.62,49.86,-5.24,19,16,6,6,1,1,0,0,1,3,0,0,0,0,0,0,0,0,0,0,0,0,2,3
1627750,Jamal Murray,DEN,201905120DEN,"May 12, 2019",POR,17,18,9,22,34.69,38.71,-4.02,14,8,4,0,0,0,1,3,0,0,0,0,0,0,0,0,0,0,0,0,0,0,3,6
203081,Damian Lillard,POR,201905120DEN,"May 12, 2019",DEN,13,17,6,20,26.53,33.1,-6.57,8,2,9,6,1,2,0,0,0,0,0,0,0,0,0,0,0,0,0,0,0,0,2,3
1628470,Torrey Craig,DEN,201905120DEN,"May 12, 2019",POR,8,5,5,7,47.06,55.56,-8.5,2,2,2,0,1,1,0,0,1,3,0,0,0,0,0,0,0,0,0,0,0,0,1,2
203090,Maurice Harkless,POR,201905120DEN,"May 12, 2019",DEN,6,5,1,5,50.0,55.15,-5.15,3,4,1,0,0,0,0,0,1,2,0,0,0,0,0,0,0,0,0,0,0,0,0,0
200794,Paul Millsap,POR,201905120DEN,"May 12, 2019",DEN,10,13,6,16,29.41,31.97,-2.56,11,6,2,0,2,2,0,0,0,0,0,0,0,0,0,0,0,0,0,0,0,0,1,2
1628380,Zach Collins,POR,201905120DEN,"May 12, 2019",DEN,7,6,2,7,41.18,50.87,-9.69,3,2,3,3,1,2,0,0,0,0,0,0,0,0,0,0,0,0,0,0,0,0,0,0
203918,Rodney Hood,POR,201905120DEN,"May 12, 2019",DEN,6,6,2,7,35.29,43.6,-8.31,3,4,3,0,0,0,0,0,0,0,0,0,0,0,0,0,0,0,0,0,0,0,1,2
203552,Seth Curry,POR,201905120DEN,"May 12, 2019",DEN,0,2,0,2,0.0,0.0,0.0,0,0,2,0,0,0,0,0,0,0,0,0,0,0,0,0,0,0,0,0,0,0,0,0
203115,Will Barton,DEN,201905120DEN,"May 12, 2019",POR,8,9,0,9,40.0,44.44,-4.44,7,8,2,0,0,0,0,0,0,0,0,0,0,0,0,0,0,0,0,0,0,0,0,0
203486,Mason Plumlee,DEN,201905120DEN,"May 12, 2019",POR,4,3,5,5,36.36,38.46,-2.1,2,0,0,0,0,0,0,0,1,2,0,0,0,0,0,0,0,0,0,0,0,0,2,2
1627736,Malik Beasley,DEN,201905120DEN,"May 12, 2019",POR,0,1,0,1,0.0,0.0,0.0,0,0,1,0,0,0,0,0,0,0,0,0,0,0,0,0,0,0,0,0,0,0,0,0
1628420,Monte Morris,DEN,201905120DEN,"May 12, 2019",POR,5,3,5,5,41.67,48.08,-6.41,2,2,1,0,1,1,1,2,0,0,0,0,0,0,0,0,0,0,0,0,0,0,0,0
202323,Evan Turner,POR,201905120DEN,"May 12, 2019",DEN,14,7,9,11,60.87,63.87,-3.0,6,4,0,0,4,7,0,0,1,3,0,0,0,0,0,0,0,0,0,0,0,0,0,0
203086,Meyers Leonard,POR,201905120DEN,"May 12, 2019",DEN,2,4,0,4,20.0,25.0,-5.0,2,2,2,0,0,0,0,0,0,0,0,0,0,0,0,0,0,0,0,0,0,0,0,0
203954,Joel Embiid,PHI,201905120TOR,"May 12, 2019",TOR,21,18,9,22,41.18,47.81,-6.63,11,8,6,3,0,0,1,3,1,3,0,0,0,0,0,0,0,0,0,0,0,0,3,4
201188,Marc Gasol,TOR,201905120TOR,"May 12, 2019",PHI,7,8,0,8,35.0,43.75,-8.75,4,4,4,3,0,0,0,0,0,0,0,0,0,0,0,0,0,0,0,0,0,0,0,0
1627783,Pascal Siakam,TOR,201905120TOR,"May 12, 2019",PHI,11,11,4,13,39.29,43.1,-3.81,9,8,2,0,2,3,0,0,0,0,0,0,0,0,0,0,0,0,0,0,0,0,0,0
202695,Kawhi Leonard,TOR,201905120TOR,"May 12, 2019",PHI,41,39,8,42,43.16,48.21,-5.05,28,24,9,6,2,4,0,0,2,6,0,0,0,0,0,0,0,0,0,0,0,0,1,1
200755,JJ Redick,PHI,201905120TOR,"May 12, 2019",TOR,17,11,3,12,51.52,68.99,-17.47,2,0,8,12,0,0,0,0,1,3,0,0,0,0,0,0,0,0,0,0,0,0,1,2
200768,Kyle Lowry,TOR,201905120TOR,"May 12, 2019",PHI,10,13,1,13,29.41,37.2,-7.79,5,4,7,3,0,0,0,0,1,3,0,0,0,0,0,0,0,0,0,0,0,0,0,0
202699,Tobias Harris,PHI,201905120TOR,"May 12, 2019",TOR,15,9,4,11,55.56,69.7,-14.14,4,6,5,6,2,3,0,0,0,0,0,0,0,0,0,0,0,0,0,0,0,0,0,0
202710,Jimmy Butler III,PHI,201905120TOR,"May 12, 2019",TOR,16,14,6,17,40.0,48.08,-8.08,8,8,6,3,2,4,0,0,0,0,0,0,0,0,0,0,0,0,0,0,0,0,1,1
201980,Danny Green,TOR,201905120TOR,"May 12, 2019",PHI,2,3,0,3,28.57,33.33,-4.76,2,2,1,0,0,0,0,0,0,0,0,0,0,0,0,0,0,0,0,0,0,0,0,0
203516,James Ennis III,PHI,201905120TOR,"May 12, 2019",TOR,6,4,2,5,54.55,61.48,-6.93,3,2,1,3,1,1,0,0,0,0,0,0,0,0,0,0,0,0,0,0,0,0,0,0
1627832,Fred VanVleet,TOR,201905120TOR,"May 12, 2019",PHI,4,5,4,7,25.0,29.59,-4.59,3,0,2,0,2,4,0,0,0,0,0,0,0,0,0,0,0,0,0,0,0,0,0,0
1627732,Ben Simmons,PHI,201905120TOR,"May 12, 2019",TOR,13,5,6,8,81.25,85.08,-3.83,5,8,0,0,3,5,0,0,0,0,0,0,0,0,0,0,0,0,0,0,0,0,0,0
202328,Greg Monroe,PHI,201905120TOR,"May 12, 2019",TOR,0,1,0,1,0.0,0.0,0.0,1,0,0,0,0,0,0,0,0,0,0,0,0,0,0,0,0,0,0,0,0,0,0,0
201586,Serge Ibaka,TOR,201905120TOR,"May 12, 2019",PHI,17,10,2,11,62.96,78.12,-15.16,5,6,5,9,1,2,0,0,0,0,0,0,0,0,0,0,0,0,0,0,0,0,0,0
203118,Mike Scott,PHI,201905120TOR,"May 12, 2019",TOR,2,3,0,3,28.57,33.33,-4.76,2,2,1,0,0,0,0,0,0,0,0,0,0,0,0,0,0,0,0,0,0,0,0,0
201939,Stephen Curry,GSW,201905140GSW,"May 14, 2019",POR,36,23,3,24,56.25,74.01,-17.76,8,6,15,27,0,0,1,3,0,0,0,0,0,0,0,0,0,0,0,0,0,0,0,0
202683,Enes Freedom,POR,201905140GSW,"May 14, 2019",GSW,10,9,2,10,50.0,50.61,-0.61,9,8,0,0,1,2,0,0,0,0,0,0,0,0,0,0,0,0,0,0,0,0,0,0
203468,CJ McCollum,POR,201905140GSW,"May 14, 2019",GSW,17,19,3,20,36.96,41.83,-4.87,13,10,5,3,1,1,0,0,1,3,0,0,0,0,0,0,0,0,0,0,0,0,0,0
202329,Al-Farouq Aminu,POR,201905140GSW,"May 14, 2019",GSW,3,3,2,4,33.33,38.66,-5.33,2,2,1,0,1,1,0,0,0,0,0,0,0,0,0,0,0,0,0,0,0,0,0,0
101106,Andrew Bogut,GSW,201905140GSW,"May 14, 2019",POR,2,1,0,1,100.0,100.0,0.0,1,2,0,0,0,0,0,0,0,0,0,0,0,0,0,0,0,0,0,0,0,0,0,0
203081,Damian Lillard,POR,201905140GSW,"May 14, 2019",GSW,19,12,9,16,50.0,59.52,-9.52,7,4,5,6,2,4,1,3,0,0,0,0,0,0,0,0,0,0,0,0,0,0,1,2
203090,Maurice Harkless,GSW,201905140GSW,"May 14, 2019",POR,17,12,2,13,56.67,65.99,-9.32,8,12,4,3,1,2,0,0,0,0,0,0,0,0,0,0,0,0,0,0,0,0,0,0
202691,Klay Thompson,GSW,201905140GSW,"May 14, 2019",POR,26,24,3,25,43.33,51.34,-8.01,15,14,9,9,0,0,1,3,0,0,0,0,0,0,0,0,0,0,0,0,0,0,0,0
203110,Draymond Green,GSW,201905140GSW,"May 14, 2019",POR,12,11,2,12,44.44,50.51,-6.07,8,8,3,3,0,0,0,0,0,0,0,0,0,0,0,0,0,0,0,0,0,0,1,1
1626172,Kevon Looney,GSW,201905140GSW,"May 14, 2019",POR,6,5,0,5,60.0,60.0,0.0,5,6,0,0,0,0,0,0,0,0,0,0,0,0,0,0,0,0,0,0,0,0,0,0
1628035,Alfonzo McKinnie,GSW,201905140GSW,"May 14, 2019",POR,3,2,0,2,60.0,75.0,-15.0,1,0,1,3,0,0,0,0,0,0,0,0,0,0,0,0,0,0,0,0,0,0,0,0
1628380,Zach Collins,POR,201905140GSW,"May 14, 2019",GSW,8,6,6,9,40.0,46.3,-6.3,4,4,2,0,2,3,0,0,0,0,0,0,0,0,0,0,0,0,0,0,0,0,1,1
203918,Rodney Hood,POR,201905140GSW,"May 14, 2019",GSW,17,8,7,11,60.71,76.71,-16.0,2,2,5,6,3,6,0,0,1,3,0,0,0,0,0,0,0,0,0,0,0,0,0,0
2733,Shaun Livingston,GSW,201905140GSW,"May 14, 2019",POR,4,2,2,3,66.67,69.44,-2.77,2,2,0,0,1,2,0,0,0,0,0,0,0,0,0,0,0,0,0,0,0,0,0,0
202323,Evan Turner,POR,201905140GSW,"May 14, 2019",GSW,0,1,0,1,0.0,0.0,0.0,1,0,0,0,0,0,0,0,0,0,0,0,0,0,0,0,0,0,0,0,0,0,0,0
201973,Jonas Jerebko,POR,201905140GSW,"May 14, 2019",GSW,9,5,2,6,69.23,76.53,-7.3,4,4,1,3,1,2,0,0,0,0,0,0,0,0,0,0,0,0,0,0,0,0,0,0
1626188,Quinn Cook,GSW,201905140GSW,"May 14, 2019",POR,8,5,2,6,53.33,68.03,-14.7,2,0,3,6,0,0,0,0,0,0,0,0,0,0,0,0,0,0,0,0,0,0,1,2
1628395,Jordan Bell,GSW,201905140GSW,"May 14, 2019",POR,3,2,2,3,50.0,52.08,-2.08,2,2,0,0,1,1,0,0,0,0,0,0,0,0,0,0,0,0,0,0,0,0,0,0
2738,Andre Iguodala,GSW,201905140GSW,"May 14, 2019",POR,4,3,0,3,57.14,66.67,-9.53,2,4,1,0,0,0,0,0,0,0,0,0,0,0,0,0,0,0,0,0,0,0,0,0
1627746,Skal Labissiere,POR,201905140GSW,"May 14, 2019",GSW,0,1,0,1,0.0,0.0,0.0,1,0,0,0,0,0,0,0,0,0,0,0,0,0,0,0,0,0,0,0,0,0,0,0
1627774,Jake Layman,POR,201905140GSW,"May 14, 2019",GSW,0,2,0,2,0.0,0.0,0.0,0,0,2,0,0,0,0,0,0,0,0,0,0,0,0,0,0,0,0,0,0,0,0,0
1629014,Anfernee Simons,POR,201905140GSW,"May 14, 2019",GSW,0,3,0,3,0.0,0.0,0.0,3,0,0,0,0,0,0,0,0,0,0,0,0,0,0,0,0,0,0,0,0,0,0,0
1627745,Damian Jones,GSW,201905140GSW,"May 14, 2019",POR,3,1,2,2,75.0,79.79,-4.79,1,2,0,0,0,0,0,0,0,0,0,0,0,0,0,0,0,0,0,0,0,0,1,1
203507,Giannis Antetokounmpo,MIL,201905150MIL,"May 15, 2019",TOR,24,16,12,22,51.06,56.39,-5.33,13,12,3,3,5,7,0,0,0,0,0,0,0,0,0,0,0,0,0,0,0,0,1,2
201188,Marc Gasol,TOR,201905150MIL,"May 15, 2019",MIL,6,11,0,11,20.69,27.27,-6.58,4,0,7,6,0,0,0,0,0,0,0,0,0,0,0,0,0,0,0,0,0,0,0,0
201572,Brook Lopez,MIL,201905150MIL,"May 15, 2019",TOR,29,21,2,22,52.73,66.27,-13.54,10,16,11,12,1,1,0,0,0,0,0,0,0,0,0,0,0,0,0,0,0,0,0,0
1627783,Pascal Siakam,TOR,201905150MIL,"May 15, 2019",MIL,15,20,2,21,29.41,35.92,-6.51,11,8,9,6,1,1,0,0,0,0,0,0,0,0,0,0,0,0,0,0,0,0,0,0
203114,Khris Middleton,MIL,201905150MIL,"May 15, 2019",TOR,11,12,2,13,34.38,42.7,-8.32,6,6,6,3,0,0,0,0,0,0,0,0,0,0,0,0,0,0,0,0,0,0,1,2
202703,Nikola Mirotic,MIL,201905150MIL,"May 15, 2019",TOR,13,9,6,12,43.33,55.84,-12.51,3,4,6,3,3,6,0,0,0,0,0,0,0,0,0,0,0,0,0,0,0,0,0,0
202339,Eric Bledsoe,MIL,201905150MIL,"May 15, 2019",TOR,9,12,3,13,27.27,33.78,-6.51,5,4,6,0,1,2,0,0,1,3,0,0,0,0,0,0,0,0,0,0,0,0,0,0
200768,Kyle Lowry,TOR,201905150MIL,"May 15, 2019",MIL,30,15,4,17,69.77,89.5,-19.73,6,6,9,21,2,3,0,0,0,0,0,0,0,0,0,0,0,0,0,0,0,0,0,0
201980,Danny Green,MIL,201905150MIL,"May 15, 2019",TOR,6,5,4,7,33.33,44.38,-11.05,1,0,4,3,0,0,1,3,0,0,0,0,0,0,0,0,0,0,0,0,1,0,0,0
202695,Kawhi Leonard,TOR,201905150MIL,"May 15, 2019",MIL,31,26,10,31,46.27,50.99,-4.72,21,18,5,3,4,8,0,0,0,0,0,0,0,0,0,0,0,0,0,0,0,0,1,2
1626192,Pat Connaughton,MIL,201905150MIL,"May 15, 2019",TOR,0,2,0,2,0.0,0.0,0.0,1,0,1,0,0,0,0,0,0,0,0,0,0,0,0,0,0,0,0,0,0,0,0,0
101141,Ersan Ilyasova,MIL,201905150MIL,"May 15, 2019",TOR,7,6,0,6,43.75,58.33,-14.58,2,4,4,3,0,0,0,0,0,0,0,0,0,0,0,0,0,0,0,0,0,0,0,0
201588,George Hill,MIL,201905150MIL,"May 15, 2019",TOR,0,6,0,6,0.0,0.0,0.0,5,0,1,0,0,0,0,0,0,0,0,0,0,0,0,0,0,0,0,0,0,0,0,0
201586,Serge Ibaka,TOR,201905150MIL,"May 15, 2019",MIL,4,6,0,6,28.57,33.33,-4.76,4,4,2,0,0,0,0,0,0,0,0,0,0,0,0,0,0,0,0,0,0,0,0,0
1627763,Malcolm Brogdon,MIL,201905150MIL,"May 15, 2019",TOR,15,9,2,10,57.69,75.91,-18.22,3,4,6,9,1,2,0,0,0,0,0,0,0,0,0,0,0,0,0,0,0,0,0,0
1626181,Norman Powell,TOR,201905150MIL,"May 15, 2019",MIL,6,5,0,5,42.86,60.0,-17.14,1,0,4,6,0,0,0,0,0,0,0,0,0,0,0,0,0,0,0,0,0,0,0,0
1627832,Fred VanVleet,TOR,201905150MIL,"May 15, 2019",MIL,2,4,0,4,20.0,25.0,-5.0,2,2,2,0,0,0,0,0,0,0,0,0,0,0,0,0,0,0,0,0,0,0,0,0
203110,Draymond Green,GSW,201905160GSW,"May 16, 2019",POR,16,12,3,13,57.14,60.06,-2.92,10,14,1,0,1,0,0,0,1,2,0,0,0,0,0,0,0,0,0,0,0,0,0,0
202329,Al-Farouq Aminu,POR,201905160GSW,"May 16, 2019",GSW,9,8,2,9,42.86,50.68,-7.82,5,4,3,3,1,2,0,0,0,0,0,0,0,0,0,0,0,0,0,0,0,0,0,0
203090,Maurice Harkless,POR,201905160GSW,"May 16, 2019",GSW,12,7,2,8,66.67,76.14,-9.47,5,4,2,6,1,2,0,0,0,0,0,0,0,0,0,0,0,0,0,0,0,0,0,0
202691,Klay Thompson,GSW,201905160GSW,"May 16, 2019",POR,24,22,4,24,42.86,50.51,-7.65,14,8,8,12,2,4,0,0,0,0,0,0,0,0,0,0,0,0,0,0,0,0,0,0
203081,Damian Lillard,POR,201905160GSW,"May 16, 2019",GSW,23,16,7,19,45.1,60.27,-15.17,3,0,12,15,1,1,0,0,1,3,0,0,0,0,0,0,0,0,0,0,0,0,2,4
203468,CJ McCollum,POR,201905160GSW,"May 16, 2019",GSW,22,23,1,24,40.74,46.93,-6.19,16,12,7,9,0,0,0,0,0,0,0,0,0,0,0,0,0,0,0,0,1,1,0,0
201939,Stephen Curry,GSW,201905160GSW,"May 16, 2019",POR,37,22,11,26,53.62,68.93,-15.31,8,14,14,12,1,2,3,9,0,0,0,0,0,0,0,0,0,0,0,0,0,0,0,0
1626172,Kevon Looney,GSW,201905160GSW,"May 16, 2019",POR,14,6,3,7,93.33,95.63,-2.3,5,10,0,0,1,1,0,0,1,3,0,0,0,0,0,0,0,0,0,0,0,0,0,0
202683,Enes Freedom,POR,201905160GSW,"May 16, 2019",GSW,4,3,0,3,66.67,66.67,0.0,3,4,0,0,0,0,0,0,0,0,0,0,0,0,0,0,0,0,0,0,0,0,0,0
2738,Andre Iguodala,GSW,201905160GSW,"May 16, 2019",POR,4,6,0,6,26.67,33.33,-6.66,3,4,3,0,0,0,0,0,0,0,0,0,0,0,0,0,0,0,0,0,0,0,0,0
203086,Meyers Leonard,POR,201905160GSW,"May 16, 2019",GSW,7,7,0,7,41.18,50.0,-8.82,4,4,3,3,0,0,0,0,0,0,0,0,0,0,0,0,0,0,0,0,0,0,0,0
203918,Rodney Hood,POR,201905160GSW,"May 16, 2019",GSW,12,8,2,9,52.17,67.57,-15.4,3,4,5,6,1,2,0,0,0,0,0,0,0,0,0,0,0,0,0,0,0,0,0,0
2733,Shaun Livingston,GSW,201905160GSW,"May 16, 2019",POR,3,1,2,2,75.0,79.79,-4.79,1,2,0,0,1,1,0,0,0,0,0,0,0,0,0,0,0,0,0,0,0,0,0,0
1628035,Alfonzo McKinnie,GSW,201905160GSW,"May 16, 2019",POR,3,1,0,1,100.0,150.0,-50.0,0,0,1,3,0,0,0,0,0,0,0,0,0,0,0,0,0,0,0,0,0,0,0,0
202323,Evan Turner,POR,201905160GSW,"May 16, 2019",GSW,6,5,2,6,50.0,51.02,-1.02,5,4,0,0,1,2,0,0,0,0,0,0,0,0,0,0,0,0,0,0,0,0,0,0
201973,Jonas Jerebko,GSW,201905160GSW,"May 16, 2019",POR,0,3,0,3,0.0,0.0,0.0,2,0,1,0,0,0,0,0,0,0,0,0,0,0,0,0,0,0,0,0,0,0,0,0
1628395,Jordan Bell,GSW,201905160GSW,"May 16, 2019",POR,11,7,4,9,61.11,62.79,-1.68,7,8,0,0,2,3,0,0,0,0,0,0,0,0,0,0,0,0,0,0,0,0,0,0
1626188,Quinn Cook,GSW,201905160GSW,"May 16, 2019",POR,2,2,0,2,40.0,50.0,-10.0,1,2,1,0,0,0,0,0,0,0,0,0,0,0,0,0,0,0,0,0,0,0,0,0
203507,Giannis Antetokounmpo,MIL,201905170MIL,"May 17, 2019",TOR,30,20,12,25,53.57,59.34,-5.77,14,14,4,3,4,6,0,0,2,6,0,0,0,0,0,0,0,0,0,0,0,0,1,1
201188,Marc Gasol,TOR,201905170MIL,"May 17, 2019",MIL,2,9,0,9,10.0,11.11,-1.11,7,2,2,0,0,0,0,0,0,0,0,0,0,0,0,0,0,0,0,0,0,0,0,0
201980,Danny Green,TOR,201905170MIL,"May 17, 2019",MIL,8,6,2,7,44.44,58.14,-13.7,2,0,4,6,0,0,0,0,0,0,0,0,0,0,0,0,0,0,0,0,0,0,1,2
200768,Kyle Lowry,TOR,201905170MIL,"May 17, 2019",MIL,15,13,8,17,34.88,45.4,-10.52,4,4,9,6,0,0,0,0,0,0,0,0,0,0,0,0,0,0,0,0,0,0,4,5
201572,Brook Lopez,MIL,201905170MIL,"May 17, 2019",TOR,6,7,5,9,26.09,32.61,-6.52,2,0,4,0,1,1,0,0,1,3,0,0,0,0,0,0,0,0,0,0,0,0,1,2
202703,Nikola Mirotic,MIL,201905170MIL,"May 17, 2019",TOR,15,10,4,12,48.39,63.78,-15.39,3,6,7,6,0,0,0,0,0,0,0,0,0,0,0,0,0,0,0,0,0,0,2,3
202339,Eric Bledsoe,MIL,201905170MIL,"May 17, 2019",TOR,8,10,2,11,29.63,36.76,-7.13,5,4,5,3,0,0,0,0,0,0,0,0,0,0,0,0,0,0,0,0,0,0,1,1
203114,Khris Middleton,TOR,201905170MIL,"May 17, 2019",MIL,12,8,0,8,63.16,75.0,-11.84,5,6,3,6,0,0,0,0,0,0,0,0,0,0,0,0,0,0,0,0,0,0,0,0
1627783,Pascal Siakam,TOR,201905170MIL,"May 17, 2019",MIL,8,9,0,9,40.0,44.44,-4.44,7,8,2,0,0,0,0,0,0,0,0,0,0,0,0,0,0,0,0,0,0,0,0,0
202695,Kawhi Leonard,TOR,201905170MIL,"May 17, 2019",MIL,31,18,10,21,62.0,69.2,-7.2,10,10,4,3,2,4,0,0,4,12,0,0,0,0,0,0,0,0,0,0,0,0,1,2
101141,Ersan Ilyasova,MIL,201905170MIL,"May 17, 2019",TOR,17,11,2,12,58.62,71.55,-12.93,6,10,5,6,1,1,0,0,0,0,0,0,0,0,0,0,0,0,0,0,0,0,0,0
1627763,Malcolm Brogdon,MIL,201905170MIL,"May 17, 2019",TOR,14,10,2,11,50.0,64.34,-14.34,4,4,6,9,1,1,0,0,0,0,0,0,0,0,0,0,0,0,0,0,0,0,0,0
201588,George Hill,MIL,201905170MIL,"May 17, 2019",TOR,13,8,2,9,61.9,73.2,-11.3,5,8,3,3,0,0,0,0,0,0,0,0,0,0,0,0,0,0,0,0,0,0,1,2
201586,Serge Ibaka,TOR,201905170MIL,"May 17, 2019",MIL,8,9,2,10,36.36,40.49,-4.13,7,8,2,0,1,0,0,0,0,0,0,0,0,0,0,0,0,0,0,0,0,0,0,0
1626181,Norman Powell,TOR,201905170MIL,"May 17, 2019",MIL,14,9,0,9,63.64,77.78,-14.14,5,8,4,6,0,0,0,0,0,0,0,0,0,0,0,0,0,0,0,0,0,0,0,0
1626192,Pat Connaughton,MIL,201905170MIL,"May 17, 2019",TOR,3,3,2,4,30.0,38.66,-8.66,1,2,2,0,0,0,0,0,0,0,0,0,0,0,0,0,0,0,0,0,0,0,1,1
1627832,Fred VanVleet,TOR,201905170MIL,"May 17, 2019",MIL,5,5,0,5,45.45,50.0,-4.55,4,2,1,3,0,0,0,0,0,0,0,0,0,0,0,0,0,0,0,0,0,0,0,0
201975,Jodie Meeks,TOR,201905170MIL,"May 17, 2019",MIL,5,5,0,5,41.67,50.0,-8.33,3,2,2,3,0,0,0,0,0,0,0,0,0,0,0,0,0,0,0,0,0,0,0,0
1626259,Malcolm Miller,TOR,201905170MIL,"May 17, 2019",MIL,2,0,2,1,100.0,113.64,-13.64,0,0,0,0,1,2,0,0,0,0,0,0,0,0,0,0,0,0,0,0,0,0,0,0
1628425,Sterling Brown,MIL,201905170MIL,"May 17, 2019",TOR,5,3,2,4,50.0,64.43,-14.43,1,0,2,3,1,2,0,0,0,0,0,0,0,0,0,0,0,0,0,0,0,0,0,0
202391,Jeremy Lin,TOR,201905170MIL,"May 17, 2019",MIL,0,1,0,1,0.0,0.0,0.0,1,0,0,0,0,0,0,0,0,0,0,0,0,0,0,0,0,0,0,0,0,0,0,0
1628391,D.J. Wilson,MIL,201905170MIL,"May 17, 2019",TOR,2,2,2,3,33.33,34.72,-1.39,2,0,0,0,0,0,0,0,0,0,0,0,0,0,0,0,0,0,0,0,0,0,1,2
1628449,Chris Boucher,TOR,201905170MIL,"May 17, 2019",MIL,5,3,1,3,55.56,72.67,-17.11,0,0,2,3,0,0,0,0,1,2,0,0,0,0,0,0,0,0,0,0,0,0,0,0
203090,Maurice Harkless,POR,201905180POR,"May 18, 2019",GSW,6,5,4,7,40.0,44.38,-4.38,4,4,1,0,2,2,0,0,0,0,0,0,0,0,0,0,0,0,0,0,0,0,0,0
203086,Meyers Leonard,POR,201905180POR,"May 18, 2019",GSW,16,12,1,12,50.0,64.31,-14.31,4,4,7,9,0,0,0,0,1,3,0,0,0,0,0,0,0,0,0,0,0,0,0,0
201939,Stephen Curry,GSW,201905180POR,"May 18, 2019",POR,36,26,9,30,46.75,60.08,-13.33,10,10,15,15,1,2,0,0,0,0,1,3,0,0,0,0,0,0,0,0,0,0,3,6
202329,Al-Farouq Aminu,POR,201905180POR,"May 18, 2019",GSW,2,2,0,2,40.0,50.0,-10.0,1,2,1,0,0,0,0,0,0,0,0,0,0,0,0,0,0,0,0,0,0,0,0,0
203081,Damian Lillard,POR,201905180POR,"May 18, 2019",GSW,19,18,8,22,35.85,44.14,-8.29,9,4,9,9,2,3,0,0,0,0,0,0,0,0,0,0,0,0,0,0,0,0,2,3
202691,Klay Thompson,GSW,201905180POR,"May 18, 2019",POR,19,20,3,22,39.58,44.56,-4.98,15,14,5,3,1,1,0,0,0,0,0,0,0,0,0,0,0,0,0,0,1,1,0,0
203468,CJ McCollum,POR,201905180POR,"May 18, 2019",GSW,23,20,12,25,37.1,45.49,-8.39,10,10,10,6,3,3,2,4,0,0,0,0,0,0,0,0,0,0,0,0,0,0,0,0
203110,Draymond Green,GSW,201905180POR,"May 18, 2019",POR,20,12,9,16,58.82,62.66,-3.84,10,10,1,0,4,7,0,0,1,3,0,0,0,0,0,0,0,0,0,0,0,0,0,0
2738,Andre Iguodala,GSW,201905180POR,"May 18, 2019",POR,2,5,0,5,15.38,20.0,-4.62,2,2,3,0,0,0,0,0,0,0,0,0,0,0,0,0,0,0,0,0,0,0,0,0
1626172,Kevon Looney,GSW,201905180POR,"May 18, 2019",POR,8,5,0,5,80.0,80.0,0.0,5,8,0,0,0,0,0,0,0,0,0,0,0,0,0,0,0,0,0,0,0,0,0,0
203918,Rodney Hood,POR,201905180POR,"May 18, 2019",GSW,3,3,2,4,33.33,38.66,-5.33,2,2,1,0,1,1,0,0,0,0,0,0,0,0,0,0,0,0,0,0,0,0,0,0
1628035,Alfonzo McKinnie,GSW,201905180POR,"May 18, 2019",POR,5,2,0,2,100.0,125.0,-25.0,1,2,1,3,0,0,0,0,0,0,0,0,0,0,0,0,0,0,0,0,0,0,0,0
2733,Shaun Livingston,GSW,201905180POR,"May 18, 2019",POR,6,3,2,4,75.0,77.32,-2.32,3,4,0,0,1,2,0,0,0,0,0,0,0,0,0,0,0,0,0,0,0,0,0,0
1628380,Zach Collins,POR,201905180POR,"May 18, 2019",GSW,6,6,2,7,40.0,43.6,-3.6,5,2,1,3,0,0,0,0,0,0,0,0,0,0,1,1,0,0,0,0,0,0,0,0
1628395,Jordan Bell,GSW,201905180POR,"May 18, 2019",POR,6,5,0,5,60.0,60.0,0.0,5,6,0,0,0,0,0,0,0,0,0,0,0,0,0,0,0,0,0,0,0,0,0,0
201973,Jonas Jerebko,POR,201905180POR,"May 18, 2019",GSW,2,2,0,2,50.0,50.0,0.0,2,2,0,0,0,0,0,0,0,0,0,0,0,0,0,0,0,0,0,0,0,0,0,0
202683,Enes Freedom,POR,201905180POR,"May 18, 2019",GSW,7,7,2,8,43.75,44.42,-0.67,7,6,0,0,0,0,0,0,0,0,0,0,0,0,0,0,0,0,0,0,0,0,1,1
1626188,Quinn Cook,POR,201905180POR,"May 18, 2019",GSW,6,4,0,4,75.0,75.0,0.0,4,6,0,0,0,0,0,0,0,0,0,0,0,0,0,0,0,0,0,0,0,0,0,0
202323,Evan Turner,POR,201905180POR,"May 18, 2019",GSW,12,6,2,7,80.0,87.21,-7.21,5,8,1,3,1,1,0,0,0,0,0,0,0,0,0,0,0,0,0,0,0,0,0,0
202339,Eric Bledsoe,MIL,201905190TOR,"May 19, 2019",TOR,11,16,6,19,25.0,29.51,-4.51,10,4,6,3,2,3,0,0,0,0,0,0,0,0,0,0,0,0,0,0,0,0,1,1
203507,Giannis Antetokounmpo,MIL,201905190TOR,"May 19, 2019",TOR,12,16,7,19,28.57,31.45,-2.88,12,8,3,0,3,2,0,0,1,2,0,0,0,0,0,0,0,0,0,0,0,0,0,0
201980,Danny Green,TOR,201905190TOR,"May 19, 2019",MIL,3,9,0,9,12.5,16.67,-4.17,3,0,6,3,0,0,0,0,0,0,0,0,0,0,0,0,0,0,0,0,0,0,0,0
203114,Khris Middleton,MIL,201905190TOR,"May 19, 2019",TOR,9,16,4,18,21.43,25.34,-3.91,10,4,6,3,2,2,0,0,0,0,0,0,0,0,0,0,0,0,0,0,0,0,0,0
1627783,Pascal Siakam,TOR,201905190TOR,"May 19, 2019",MIL,25,18,9,22,50.0,56.92,-6.92,12,12,5,6,1,1,0,0,1,3,0,0,0,0,0,0,0,0,0,0,0,0,3,3
202703,Nikola Mirotic,MIL,201905190TOR,"May 19, 2019",TOR,10,11,3,12,31.25,40.58,-9.33,4,4,7,3,0,0,1,3,0,0,0,0,0,0,0,0,0,0,0,0,0,0,0,0
201188,Marc Gasol,TOR,201905190TOR,"May 19, 2019",MIL,16,10,2,11,53.33,73.53,-20.2,2,2,8,12,1,2,0,0,0,0,0,0,0,0,0,0,0,0,0,0,0,0,0,0
201572,Brook Lopez,TOR,201905190TOR,"May 19, 2019",MIL,16,10,3,11,53.33,70.67,-17.34,2,2,7,9,1,2,0,0,1,3,0,0,0,0,0,0,0,0,0,0,0,0,0,0
200768,Kyle Lowry,TOR,201905190TOR,"May 19, 2019",MIL,11,7,0,7,55.0,78.57,-23.57,1,2,6,9,0,0,0,0,0,0,0,0,0,0,0,0,0,0,0,0,0,0,0,0
202695,Kawhi Leonard,TOR,201905190TOR,"May 19, 2019",MIL,36,25,13,31,53.73,58.59,-4.86,20,16,4,6,2,3,0,0,1,3,0,0,0,0,0,0,0,0,0,0,0,0,4,8
101141,Ersan Ilyasova,MIL,201905190TOR,"May 19, 2019",TOR,2,4,0,4,22.22,25.0,-2.78,3,2,1,0,0,0,0,0,0,0,0,0,0,0,0,0,0,0,0,0,0,0,0,0
1627763,Malcolm Brogdon,MIL,201905190TOR,"May 19, 2019",TOR,20,17,2,18,45.45,55.93,-10.48,9,10,8,9,1,1,0,0,0,0,0,0,0,0,0,0,0,0,0,0,0,0,0,0
201588,George Hill,MIL,201905190TOR,"May 19, 2019",TOR,24,9,8,12,80.0,95.85,-15.85,4,6,4,9,1,2,1,2,1,3,0,0,0,0,0,0,0,0,0,0,0,0,1,2
1626181,Norman Powell,TOR,201905190TOR,"May 19, 2019",MIL,19,13,2,14,57.58,68.44,-10.86,8,8,5,9,1,2,0,0,0,0,0,0,0,0,0,0,0,0,0,0,0,0,0,0
1626192,Pat Connaughton,MIL,201905190TOR,"May 19, 2019",TOR,8,3,0,3,100.0,133.33,-33.33,1,2,2,6,0,0,0,0,0,0,0,0,0,0,0,0,0,0,0,0,0,0,0,0
201586,Serge Ibaka,TOR,201905190TOR,"May 19, 2019",MIL,5,9,0,9,23.81,27.78,-3.97,6,2,3,3,0,0,0,0,0,0,0,0,0,0,0,0,0,0,0,0,0,0,0,0
1627832,Fred VanVleet,TOR,201905190TOR,"May 19, 2019",MIL,3,11,0,11,10.0,13.64,-3.64,3,0,8,3,0,0,0,0,0,0,0,0,0,0,0,0,0,0,0,0,0,0,0,0
203086,Meyers Leonard,POR,201905200POR,"May 20, 2019",GSW,30,16,2,17,71.43,88.86,-17.43,8,14,8,15,0,0,0,0,0,0,0,0,0,0,0,0,0,0,0,0,0,0,1,1
1628035,Alfonzo McKinnie,GSW,201905200POR,"May 20, 2019",POR,12,12,2,13,38.71,46.58,-7.87,7,8,5,3,1,1,0,0,0,0,0,0,0,0,0,0,0,0,0,0,0,0,0,0
202691,Klay Thompson,GSW,201905200POR,"May 20, 2019",POR,17,21,0,21,32.69,40.48,-7.79,11,8,10,9,0,0,0,0,0,0,0,0,0,0,0,0,0,0,0,0,0,0,0,0
203081,Damian Lillard,POR,201905200POR,"May 20, 2019",GSW,28,24,2,25,45.16,56.27,-11.11,12,14,12,12,1,2,0,0,0,0,0,0,0,0,0,0,0,0,0,0,0,0,0,0
1628395,Jordan Bell,GSW,201905200POR,"May 20, 2019",POR,7,5,2,6,58.33,59.52,-1.19,5,6,0,0,1,1,0,0,0,0,0,0,0,0,0,0,0,0,0,0,0,0,0,0
203090,Maurice Harkless,POR,201905200POR,"May 20, 2019",GSW,5,3,3,4,50.0,57.87,-7.87,1,2,1,0,1,1,0,0,1,2,0,0,0,0,0,0,0,0,0,0,0,0,0,0
203110,Draymond Green,GSW,201905200POR,"May 20, 2019",POR,18,13,4,15,54.55,60.98,-6.43,10,12,3,3,2,3,0,0,0,0,0,0,0,0,0,0,0,0,0,0,0,0,0,0
203468,CJ McCollum,POR,201905200POR,"May 20, 2019",GSW,26,22,1,22,48.15,57.93,-9.78,12,8,9,15,0,0,0,0,1,3,0,0,0,0,0,0,0,0,0,0,0,0,0,0
201939,Stephen Curry,GSW,201905200POR,"May 20, 2019",POR,35,25,7,27,47.95,62.32,-14.37,8,6,16,21,0,0,2,5,1,3,0,0,0,0,0,0,0,0,0,0,0,0,0,0
1626172,Kevon Looney,GSW,201905200POR,"May 20, 2019",POR,12,7,2,8,75.0,76.14,-1.14,7,10,0,0,0,0,0,0,0,0,0,0,0,0,0,0,0,0,0,0,0,0,1,2
203918,Rodney Hood,POR,201905200POR,"May 20, 2019",GSW,7,11,0,11,25.0,31.82,-6.82,5,4,6,3,0,0,0,0,0,0,0,0,0,0,0,0,0,0,0,0,0,0,0,0
2733,Shaun Livingston,GSW,201905200POR,"May 20, 2019",POR,8,4,0,4,100.0,100.0,0.0,4,8,0,0,0,0,0,0,0,0,0,0,0,0,0,0,0,0,0,0,0,0,0,0
1628380,Zach Collins,POR,201905200POR,"May 20, 2019",GSW,10,7,1,7,55.56,67.2,-11.64,3,4,3,3,0,0,0,0,1,3,0,0,0,0,0,0,0,0,0,0,0,0,0,0
1626188,Quinn Cook,GSW,201905200POR,"May 20, 2019",POR,4,5,0,5,30.77,40.0,-9.23,2,4,3,0,0,0,0,0,0,0,0,0,0,0,0,0,0,0,0,0,0,0,0,0
201973,Jonas Jerebko,GSW,201905200POR,"May 20, 2019",POR,0,4,0,4,0.0,0.0,0.0,2,0,2,0,0,0,0,0,0,0,0,0,0,0,0,0,0,0,0,0,0,0,0,0
202683,Enes Freedom,POR,201905200POR,"May 20, 2019",GSW,6,4,0,4,75.0,75.0,0.0,4,6,0,0,0,0,0,0,0,0,0,0,0,0,0,0,0,0,0,0,0,0,0,0
202323,Evan Turner,POR,201905200POR,"May 20, 2019",GSW,4,8,0,8,25.0,25.0,0.0,8,4,0,0,0,0,0,0,0,0,0,0,0,0,0,0,0,0,0,0,0,0,0,0
101106,Andrew Bogut,GSW,201905200POR,"May 20, 2019",POR,4,3,0,3,66.67,66.67,0.0,3,4,0,0,0,0,0,0,0,0,0,0,0,0,0,0,0,0,0,0,0,0,0,0
202329,Al-Farouq Aminu,POR,201905200POR,"May 20, 2019",GSW,0,2,0,2,0.0,0.0,0.0,1,0,1,0,0,0,0,0,0,0,0,0,0,0,0,0,0,0,0,0,0,0,0,0
200768,Kyle Lowry,TOR,201905210TOR,"May 21, 2019",MIL,25,11,10,16,64.1,81.17,-17.07,4,6,7,9,3,6,0,0,0,0,0,0,0,0,0,0,0,0,0,0,0,0,2,4
203114,Khris Middleton,MIL,201905210TOR,"May 21, 2019",TOR,30,15,5,18,71.43,87.21,-15.78,8,14,7,12,2,3,0,0,0,0,0,0,1,1,0,0,0,0,0,0,0,0,0,0
1627783,Pascal Siakam,TOR,201905210TOR,"May 21, 2019",MIL,7,6,1,6,46.67,54.35,-7.68,3,4,2,0,0,0,0,0,1,3,0,0,0,0,0,0,0,0,0,0,0,0,0,0
203507,Giannis Antetokounmpo,MIL,201905210TOR,"May 21, 2019",TOR,25,17,10,22,53.19,58.41,-5.22,14,16,3,3,5,6,0,0,0,0,0,0,0,0,0,0,0,0,0,0,0,0,0,0
201188,Marc Gasol,TOR,201905210TOR,"May 21, 2019",MIL,17,11,2,12,56.67,71.55,-14.88,5,6,6,9,0,0,0,0,0,0,0,0,0,0,0,0,0,0,0,0,0,0,1,2
202703,Nikola Mirotic,MIL,201905210TOR,"May 21, 2019",TOR,11,10,2,11,36.67,50.55,-13.88,2,4,8,6,1,1,0,0,0,0,0,0,0,0,0,0,0,0,0,0,0,0,0,0
201980,Danny Green,TOR,201905210TOR,"May 21, 2019",MIL,4,5,0,5,33.33,40.0,-6.67,3,4,2,0,0,0,0,0,0,0,0,0,0,0,0,0,0,0,0,0,0,0,0,0
201572,Brook Lopez,MIL,201905210TOR,"May 21, 2019",TOR,8,5,0,5,61.54,80.0,-18.46,2,2,3,6,0,0,0,0,0,0,0,0,0,0,0,0,0,0,0,0,0,0,0,0
202339,Eric Bledsoe,MIL,201905210TOR,"May 21, 2019",TOR,5,7,2,8,27.78,31.73,-3.95,5,4,2,0,1,1,0,0,0,0,0,0,0,0,0,0,0,0,0,0,0,0,0,0
201588,George Hill,MIL,201905210TOR,"May 21, 2019",TOR,5,2,2,3,62.5,86.81,-24.31,0,0,2,3,0,0,0,0,0,0,0,0,0,0,0,0,0,0,0,0,0,0,1,2
101141,Ersan Ilyasova,MIL,201905210TOR,"May 21, 2019",TOR,7,5,2,6,50.0,59.52,-9.52,3,6,2,0,1,1,0,0,0,0,0,0,0,0,0,0,0,0,0,0,0,0,0,0
202695,Kawhi Leonard,TOR,201905210TOR,"May 21, 2019",MIL,19,13,8,17,51.35,57.51,-6.16,9,8,3,3,2,3,0,0,1,3,0,0,1,1,0,0,0,0,0,0,0,0,1,1
1627763,Malcolm Brogdon,MIL,201905210TOR,"May 21, 2019",TOR,4,11,1,11,15.38,17.48,-2.1,7,2,3,0,0,0,0,0,1,2,0,0,0,0,0,0,0,0,0,0,0,0,0,0
201586,Serge Ibaka,TOR,201905210TOR,"May 21, 2019",MIL,17,12,3,14,56.67,63.81,-7.14,9,14,3,0,1,2,0,0,0,0,0,0,0,0,0,0,0,0,0,0,1,1,0,0
1626181,Norman Powell,TOR,201905210TOR,"May 21, 2019",MIL,18,18,3,19,34.62,46.58,-11.96,4,2,13,12,0,0,0,0,1,3,0,0,0,0,0,0,0,0,0,0,0,0,1,1
1627832,Fred VanVleet,TOR,201905210TOR,"May 21, 2019",MIL,13,6,0,6,86.67,108.33,-21.66,3,4,3,9,0,0,0,0,0,0,0,0,0,0,0,0,0,0,0,0,0,0,0,0
1626192,Pat Connaughton,MIL,201905210TOR,"May 21, 2019",TOR,3,4,0,4,27.27,37.5,-10.23,1,0,3,3,0,0,0,0,0,0,0,0,0,0,0,0,0,0,0,0,0,0,0,0
1628425,Sterling Brown,MIL,201905210TOR,"May 21, 2019",TOR,2,2,0,2,40.0,50.0,-10.0,1,2,1,0,0,0,0,0,0,0,0,0,0,0,0,0,0,0,0,0,0,0,0,0
204025,Tim Frazier,MIL,201905210TOR,"May 21, 2019",TOR,2,1,2,2,40.0,53.19,-13.19,0,0,1,0,0,0,0,0,0,0,0,0,0,0,0,0,0,0,0,0,0,0,1,2
203503,Tony Snell,MIL,201905210TOR,"May 21, 2019",TOR,0,1,0,1,0.0,0.0,0.0,1,0,0,0,0,0,0,0,0,0,0,0,0,0,0,0,0,0,0,0,0,0,0,0
201975,Jodie Meeks,TOR,201905210TOR,"May 21, 2019",MIL,0,2,0,2,0.0,0.0,0.0,1,0,1,0,0,0,0,0,0,0,0,0,0,0,0,0,0,0,0,0,0,0,0,0
1628449,Chris Boucher,TOR,201905210TOR,"May 21, 2019",MIL,0,2,0,2,0.0,0.0,0.0,1,0,1,0,0,0,0,0,0,0,0,0,0,0,0,0,0,0,0,0,0,0,0,0
202391,Jeremy Lin,TOR,201905210TOR,"May 21, 2019",MIL,0,1,0,1,0.0,0.0,0.0,1,0,0,0,0,0,0,0,0,0,0,0,0,0,0,0,0,0,0,0,0,0,0,0
202695,Kawhi Leonard,MIL,201905230MIL,"May 23, 2019",TOR,35,25,9,29,52.24,60.43,-8.19,16,10,8,15,3,5,0,0,1,3,0,0,0,0,0,0,0,0,0,0,0,0,1,2
203507,Giannis Antetokounmpo,MIL,201905230MIL,"May 23, 2019",TOR,24,18,9,22,50.0,54.64,-4.64,14,12,3,6,4,4,0,0,1,2,0,0,0,0,0,0,0,0,0,0,0,0,0,0
203114,Khris Middleton,MIL,201905230MIL,"May 23, 2019",TOR,6,9,2,10,27.27,30.36,-3.09,7,4,2,0,0,0,0,0,0,0,0,0,0,0,0,0,0,0,0,0,0,0,1,2
201188,Marc Gasol,TOR,201905230MIL,"May 23, 2019",MIL,4,6,2,7,22.22,29.07,-6.85,2,0,4,3,0,0,0,0,0,0,0,0,0,0,0,0,0,0,0,0,0,0,1,1
201980,Danny Green,TOR,201905230MIL,"May 23, 2019",MIL,0,3,0,3,0.0,0.0,0.0,0,0,3,0,0,0,0,0,0,0,0,0,0,0,0,0,0,0,0,0,0,0,0,0
202339,Eric Bledsoe,MIL,201905230MIL,"May 23, 2019",TOR,20,14,6,17,48.78,60.1,-11.32,7,8,7,6,3,6,0,0,0,0,0,0,0,0,0,0,0,0,0,0,0,0,0,0
1627763,Malcolm Brogdon,MIL,201905230MIL,"May 23, 2019",TOR,18,17,0,17,45.0,52.94,-7.94,11,12,6,6,0,0,0,0,0,0,0,0,0,0,0,0,0,0,0,0,0,0,0,0
1627783,Pascal Siakam,MIL,201905230MIL,"May 23, 2019",TOR,14,15,2,16,35.9,44.08,-8.18,8,6,7,6,1,2,0,0,0,0,0,0,0,0,0,0,0,0,0,0,0,0,0,0
1626181,Norman Powell,TOR,201905230MIL,"May 23, 2019",MIL,8,7,6,10,33.33,41.49,-8.16,3,2,4,3,2,2,0,0,0,0,0,0,0,0,0,0,0,0,0,0,0,0,1,1
200768,Kyle Lowry,TOR,201905230MIL,"May 23, 2019",MIL,17,11,8,15,44.74,58.54,-13.8,3,4,8,6,3,5,0,0,0,0,0,0,0,0,0,0,0,0,0,0,0,0,1,2
201572,Brook Lopez,MIL,201905230MIL,"May 23, 2019",TOR,16,12,1,12,55.17,64.31,-9.14,7,10,4,3,0,0,0,0,1,3,0,0,0,0,0,0,0,0,0,0,0,0,0,0
1627832,Fred VanVleet,TOR,201905230MIL,"May 23, 2019",MIL,21,13,0,13,60.0,80.77,-20.77,4,0,9,21,0,0,0,0,0,0,0,0,0,0,0,0,0,0,0,0,0,0,0,0
201588,George Hill,MIL,201905230MIL,"May 23, 2019",TOR,12,8,0,8,60.0,75.0,-15.0,4,6,4,6,0,0,0,0,0,0,0,0,0,0,0,0,0,0,0,0,0,0,0,0
202703,Nikola Mirotic,MIL,201905230MIL,"May 23, 2019",TOR,0,4,0,4,0.0,0.0,0.0,1,0,3,0,0,0,0,0,0,0,0,0,0,0,0,0,0,0,0,0,0,0,0,0
201586,Serge Ibaka,TOR,201905230MIL,"May 23, 2019",MIL,6,4,4,6,50.0,52.08,-2.08,4,2,0,0,2,4,0,0,0,0,0,0,0,0,0,0,0,0,0,0,0,0,0,0
1626192,Pat Connaughton,MIL,201905230MIL,"May 23, 2019",TOR,3,1,0,1,100.0,150.0,-50.0,0,0,1,3,0,0,0,0,0,0,0,0,0,0,0,0,0,0,0,0,0,0,0,0
101141,Ersan Ilyasova,MIL,201905230MIL,"May 23, 2019",TOR,0,1,0,1,0.0,0.0,0.0,0,0,1,0,0,0,0,0,0,0,0,0,0,0,0,0,0,0,0,0,0,0,0,0
200768,Kyle Lowry,TOR,201905250TOR,"May 25, 2019",MIL,17,10,2,11,65.38,78.12,-12.74,6,6,4,9,1,2,0,0,0,0,0,0,0,0,0,0,0,0,0,0,0,0,0,0
203114,Khris Middleton,MIL,201905250TOR,"May 25, 2019",TOR,14,13,0,13,41.18,53.85,-12.67,5,2,8,12,0,0,0,0,0,0,0,0,0,0,0,0,0,0,0,0,0,0,0,0
1627783,Pascal Siakam,TOR,201905250TOR,"May 25, 2019",MIL,18,17,4,19,43.9,47.97,-4.07,14,12,3,3,1,2,0,0,0,0,0,0,0,0,0,0,0,0,0,0,0,0,1,1
202339,Eric Bledsoe,MIL,201905250TOR,"May 25, 2019",TOR,8,9,2,10,34.78,40.49,-5.71,6,4,3,3,1,1,0,0,0,0,0,0,0,0,0,0,0,0,0,0,0,0,0,0
201980,Danny Green,TOR,201905250TOR,"May 25, 2019",MIL,0,4,0,4,0.0,0.0,0.0,0,0,4,0,0,0,0,0,0,0,0,0,0,0,0,0,0,0,0,0,0,0,0,0
201572,Brook Lopez,MIL,201905250TOR,"May 25, 2019",TOR,18,12,9,16,50.0,56.39,-6.39,8,8,3,0,4,7,0,0,1,3,0,0,0,0,0,0,0,0,0,0,0,0,0,0
203507,Giannis Antetokounmpo,MIL,201905250TOR,"May 25, 2019",TOR,21,18,10,23,41.18,46.88,-5.7,13,10,5,6,3,3,0,0,0,0,0,0,0,0,0,0,0,0,0,0,0,0,2,2
201188,Marc Gasol,TOR,201905250TOR,"May 25, 2019",MIL,6,3,0,3,75.0,100.0,-25.0,1,0,2,6,0,0,0,0,0,0,0,0,0,0,0,0,0,0,0,0,0,0,0,0
202695,Kawhi Leonard,TOR,201905250TOR,"May 25, 2019",MIL,27,22,11,27,42.86,50.3,-7.44,13,14,8,3,1,2,1,2,1,3,0,0,1,0,0,0,0,0,0,0,0,0,2,3
1627763,Malcolm Brogdon,MIL,201905250TOR,"May 25, 2019",TOR,10,6,2,7,52.63,72.67,-20.04,1,2,5,6,1,2,0,0,0,0,0,0,0,0,0,0,0,0,0,0,0,0,0,0
201588,George Hill,MIL,201905250TOR,"May 25, 2019",TOR,10,10,2,11,37.04,45.96,-8.92,5,6,5,3,0,0,0,0,0,0,0,0,0,0,0,0,0,0,0,0,0,0,1,1
101141,Ersan Ilyasova,MIL,201905250TOR,"May 25, 2019",TOR,13,7,6,10,52.0,67.43,-15.43,2,2,5,6,2,3,0,0,0,0,0,0,0,0,0,0,0,0,0,0,0,0,1,2
1626181,Norman Powell,TOR,201905250TOR,"May 25, 2019",MIL,9,5,3,6,64.29,71.2,-6.91,3,2,1,3,1,1,0,0,1,3,0,0,0,0,0,0,0,0,0,0,0,0,0,0
201586,Serge Ibaka,TOR,201905250TOR,"May 25, 2019",MIL,9,7,2,8,56.25,57.11,-0.86,7,8,0,0,1,1,0,0,0,0,0,0,0,0,0,0,0,0,0,0,0,0,0,0
1627832,Fred VanVleet,TOR,201905250TOR,"May 25, 2019",MIL,14,6,0,6,82.35,116.67,-34.32,1,2,5,12,0,0,0,0,0,0,0,0,0,0,0,0,0,0,0,0,0,0,0,0
200768,Kyle Lowry,TOR,201905300TOR,"May 30, 2019",GSW,7,9,2,10,28.0,35.43,-7.43,4,2,5,3,1,2,0,0,0,0,0,0,0,0,0,0,0,0,0,0,0,0,0,0
202691,Klay Thompson,GSW,201905300TOR,"May 30, 2019",TOR,21,17,2,18,50.0,58.72,-8.72,11,10,6,9,1,2,0,0,0,0,0,0,0,0,0,0,0,0,0,0,0,0,0,0
1627783,Pascal Siakam,TOR,201905300TOR,"May 30, 2019",GSW,32,17,2,18,82.05,89.49,-7.44,14,24,3,6,1,2,0,0,0,0,0,0,0,0,0,0,0,0,0,0,0,0,0,0
201980,Danny Green,TOR,201905300TOR,"May 30, 2019",GSW,11,9,0,9,44.0,61.11,-17.11,2,2,7,9,0,0,0,0,0,0,0,0,0,0,0,0,0,0,0,0,0,0,0,0
202695,Kawhi Leonard,GSW,201905300TOR,"May 30, 2019",TOR,23,14,12,20,50.0,59.65,-9.65,7,2,6,9,4,7,0,0,1,3,0,0,1,1,0,0,0,0,0,0,0,0,1,1
201939,Stephen Curry,GSW,201905300TOR,"May 30, 2019",TOR,34,18,14,24,57.63,70.36,-12.73,8,6,9,12,4,8,1,3,1,3,0,0,0,0,0,0,0,0,0,0,0,0,1,2
2738,Andre Iguodala,GSW,201905300TOR,"May 30, 2019",TOR,6,7,0,7,33.33,42.86,-9.53,3,6,4,0,0,0,0,0,0,0,0,0,0,0,0,0,0,0,0,0,0,0,0,0
1628395,Jordan Bell,GSW,201905300TOR,"May 30, 2019",TOR,2,2,0,2,50.0,50.0,0.0,2,2,0,0,0,0,0,0,0,0,0,0,0,0,0,0,0,0,0,0,0,0,0,0
201188,Marc Gasol,TOR,201905300TOR,"May 30, 2019",GSW,20,10,6,13,66.67,79.11,-12.44,6,8,4,6,1,2,0,0,0,0,0,0,0,0,0,0,0,0,0,0,0,0,2,4
1626172,Kevon Looney,GSW,201905300TOR,"May 30, 2019",TOR,9,5,2,6,75.0,76.53,-1.53,5,8,0,0,1,1,0,0,0,0,0,0,0,0,0,0,0,0,0,0,0,0,0,0
1627832,Fred VanVleet,TOR,201905300TOR,"May 30, 2019",GSW,15,8,6,11,57.69,70.49,-12.8,4,8,4,3,2,4,0,0,0,0,0,0,0,0,0,0,0,0,0,0,0,0,1,0
2733,Shaun Livingston,GSW,201905300TOR,"May 30, 2019",TOR,6,6,2,7,40.0,43.6,-3.6,5,4,1,0,1,2,0,0,0,0,0,0,0,0,0,0,0,0,0,0,0,0,0,0
1628035,Alfonzo McKinnie,GSW,201905300TOR,"May 30, 2019",TOR,6,4,0,4,54.55,75.0,-20.45,1,0,3,6,0,0,0,0,0,0,0,0,0,0,0,0,0,0,0,0,0,0,0,0
201586,Serge Ibaka,TOR,201905300TOR,"May 30, 2019",GSW,5,7,2,8,27.78,31.73,-3.95,5,4,2,0,1,1,0,0,0,0,0,0,0,0,0,0,0,0,0,0,0,0,0,0
1626181,Norman Powell,TOR,201905300TOR,"May 30, 2019",GSW,2,1,2,2,40.0,53.19,-13.19,0,0,1,0,1,2,0,0,0,0,0,0,0,0,0,0,0,0,0,0,0,0,0,0
201973,Jonas Jerebko,GSW,201905300TOR,"May 30, 2019",TOR,6,4,0,4,54.55,75.0,-20.45,1,0,3,6,0,0,0,0,0,0,0,0,0,0,0,0,0,0,0,0,0,0,0,0
1626188,Quinn Cook,GSW,201905300TOR,"May 30, 2019",TOR,6,4,1,4,54.55,67.57,-13.02,1,0,2,3,0,0,0,0,1,3,0,0,0,0,0,0,0,0,0,0,0,0,0,0
202326,DeMarcus Cousins,GSW,201905300TOR,"May 30, 2019",TOR,3,2,4,4,33.33,39.89,-6.56,1,0,1,0,2,3,0,0,0,0,0,0,0,0,0,0,0,0,0,0,0,0,0,0
1627775,Patrick McCaw,TOR,201905300TOR,"May 30, 2019",GSW,3,2,0,2,60.0,75.0,-15.0,1,0,1,3,0,0,0,0,0,0,0,0,0,0,0,0,0,0,0,0,0,0,0,0
200768,Kyle Lowry,TOR,201906020TOR,"Jun 2, 2019",GSW,13,11,3,12,40.62,52.76,-12.14,3,0,7,9,0,0,0,0,1,3,0,0,0,0,0,0,0,0,0,0,0,0,1,1
1627783,Pascal Siakam,TOR,201906020TOR,"Jun 2, 2019",GSW,12,18,4,20,27.91,30.36,-2.45,15,10,3,0,1,1,0,0,0,0,0,0,0,0,0,0,0,0,0,0,0,0,1,1
202691,Klay Thompson,GSW,201906020TOR,"Jun 2, 2019",TOR,25,17,2,18,59.52,69.91,-10.39,11,12,6,12,1,1,0,0,0,0,0,0,0,0,0,0,0,0,0,0,0,0,0,0
203110,Draymond Green,GSW,201906020TOR,"Jun 2, 2019",TOR,17,12,6,15,53.12,58.06,-4.94,10,12,2,0,0,0,0,0,0,0,0,0,0,0,0,0,0,0,0,0,0,0,3,5
2738,Andre Iguodala,GSW,201906020TOR,"Jun 2, 2019",TOR,8,8,0,8,40.0,50.0,-10.0,4,2,4,6,0,0,0,0,0,0,0,0,0,0,0,0,0,0,0,0,0,0,0,0
202695,Kawhi Leonard,TOR,201906020TOR,"Jun 2, 2019",GSW,34,20,16,27,52.31,62.87,-10.56,8,6,9,6,4,8,0,0,3,9,0,0,2,3,0,0,0,0,0,0,0,0,1,2
202326,DeMarcus Cousins,TOR,201906020TOR,"Jun 2, 2019",GSW,11,8,4,10,47.83,56.35,-8.52,5,4,3,3,2,4,0,0,0,0,0,0,0,0,0,0,0,0,0,0,0,0,0,0
201939,Stephen Curry,GSW,201906020TOR,"Jun 2, 2019",TOR,23,17,9,21,43.4,54.87,-11.47,7,6,10,9,2,4,1,2,0,0,0,0,0,0,0,0,0,0,0,0,0,0,1,2
201188,Marc Gasol,TOR,201906020TOR,"Jun 2, 2019",GSW,6,7,2,8,33.33,38.07,-4.74,5,4,2,0,1,2,0,0,0,0,0,0,0,0,0,0,0,0,0,0,0,0,0,0
1627832,Fred VanVleet,TOR,201906020TOR,"Jun 2, 2019",GSW,17,17,1,17,39.53,48.74,-9.21,8,8,8,6,0,0,0,0,1,3,0,0,0,0,0,0,0,0,0,0,0,0,0,0
2733,Shaun Livingston,GSW,201906020TOR,"Jun 2, 2019",TOR,6,4,2,5,60.0,61.48,-1.48,4,4,0,0,1,2,0,0,0,0,0,0,0,0,0,0,0,0,0,0,0,0,0,0
1628035,Alfonzo McKinnie,GSW,201906020TOR,"Jun 2, 2019",TOR,2,3,0,3,25.0,33.33,-8.33,1,2,2,0,0,0,0,0,0,0,0,0,0,0,0,0,0,0,0,0,0,0,0,0
201586,Serge Ibaka,TOR,201906020TOR,"Jun 2, 2019",GSW,7,7,0,7,46.67,50.0,-3.33,6,4,1,3,0,0,0,0,0,0,0,0,0,0,0,0,0,0,0,0,0,0,0,0
1626181,Norman Powell,TOR,201906020TOR,"Jun 2, 2019",GSW,7,7,0,7,41.18,50.0,-8.82,4,4,3,3,0,0,0,0,0,0,0,0,0,0,0,0,0,0,0,0,0,0,0,0
201973,Jonas Jerebko,GSW,201906020TOR,"Jun 2, 2019",TOR,2,4,0,4,20.0,25.0,-5.0,2,2,2,0,0,0,0,0,0,0,0,0,0,0,0,0,0,0,0,0,0,0,0,0
1626188,Quinn Cook,GSW,201906020TOR,"Jun 2, 2019",TOR,9,6,0,6,52.94,75.0,-22.06,1,0,5,9,0,0,0,0,0,0,0,0,0,0,0,0,0,0,0,0,0,0,0,0
101106,Andrew Bogut,GSW,201906020TOR,"Jun 2, 2019",TOR,6,3,0,3,100.0,100.0,0.0,3,6,0,0,0,0,0,0,0,0,0,0,0,0,0,0,0,0,0,0,0,0,0,0
201939,Stephen Curry,GSW,201906050GSW,"Jun 5, 2019",TOR,47,31,14,38,52.22,63.24,-11.02,17,16,14,18,2,4,1,3,0,0,0,0,1,1,0,0,0,0,0,0,0,0,3,5
1627783,Pascal Siakam,TOR,201906050GSW,"Jun 5, 2019",GSW,18,16,2,17,48.65,53.32,-4.67,13,16,3,0,1,2,0,0,0,0,0,0,0,0,0,0,0,0,0,0,0,0,0,0
2733,Shaun Livingston,TOR,201906050GSW,"Jun 5, 2019",GSW,4,4,2,5,40.0,40.98,-0.98,4,2,0,0,1,2,0,0,0,0,0,0,0,0,0,0,0,0,0,0,0,0,0,0
200768,Kyle Lowry,TOR,201906050GSW,"Jun 5, 2019",GSW,23,16,2,17,53.49,68.13,-14.64,7,6,9,15,1,2,0,0,0,0,0,0,0,0,0,0,0,0,0,0,0,0,0,0
203110,Draymond Green,GSW,201906050GSW,"Jun 5, 2019",TOR,17,14,3,15,45.95,55.48,-9.53,7,6,6,6,1,2,0,0,1,3,0,0,0,0,0,0,0,0,0,0,0,0,0,0
202326,DeMarcus Cousins,TOR,201906050GSW,"Jun 5, 2019",GSW,4,7,3,8,22.22,24.04,-1.82,6,2,1,0,0,0,1,2,0,0,0,0,0,0,0,0,0,0,0,0,0,0,0,0
201188,Marc Gasol,TOR,201906050GSW,"Jun 5, 2019",GSW,17,11,4,13,56.67,66.61,-9.94,7,10,4,3,2,4,0,0,0,0,0,0,0,0,0,0,0,0,0,0,0,0,0,0
2738,Andre Iguodala,GSW,201906050GSW,"Jun 5, 2019",TOR,11,8,2,9,45.83,61.94,-16.11,2,4,6,6,1,1,0,0,0,0,0,0,0,0,0,0,0,0,0,0,0,0,0,0
202695,Kawhi Leonard,TOR,201906050GSW,"Jun 5, 2019",GSW,30,17,11,22,58.82,68.68,-9.86,10,12,6,6,4,7,0,0,1,3,0,0,0,0,0,0,0,0,0,0,0,0,1,2
101106,Andrew Bogut,GSW,201906050GSW,"Jun 5, 2019",TOR,6,4,0,4,75.0,75.0,0.0,4,6,0,0,0,0,0,0,0,0,0,0,0,0,0,0,0,0,0,0,0,0,0,0
1626188,Quinn Cook,GSW,201906050GSW,"Jun 5, 2019",TOR,9,9,1,10,42.86,47.67,-4.81,7,8,2,0,0,0,0,0,0,0,0,0,1,1,0,0,0,0,0,0,0,0,0,0
1627832,Fred VanVleet,TOR,201906050GSW,"Jun 5, 2019",GSW,11,8,0,8,50.0,68.75,-18.75,2,2,6,9,0,0,0,0,0,0,0,0,0,0,0,0,0,0,0,0,0,0,0,0
1628035,Alfonzo McKinnie,GSW,201906050GSW,"Jun 5, 2019",TOR,3,4,1,5,25.0,33.78,-8.78,1,0,3,3,1,0,0,0,0,0,0,0,0,0,0,0,0,0,0,0,0,0,0,0
201586,Serge Ibaka,TOR,201906050GSW,"Jun 5, 2019",GSW,6,4,2,5,60.0,61.48,-1.48,4,4,0,0,1,2,0,0,0,0,0,0,0,0,0,0,0,0,0,0,0,0,0,0
1628395,Jordan Bell,GSW,201906050GSW,"Jun 5, 2019",TOR,2,1,0,1,100.0,100.0,0.0,1,2,0,0,0,0,0,0,0,0,0,0,0,0,0,0,0,0,0,0,0,0,0,0
201973,Jonas Jerebko,GSW,201906050GSW,"Jun 5, 2019",TOR,6,6,4,8,31.58,38.66,-7.08,3,0,3,3,2,3,0,0,0,0,0,0,0,0,0,0,0,0,0,0,0,0,0,0
1628980,Jacob Evans,GSW,201906050GSW,"Jun 5, 2019",TOR,0,3,0,3,0.0,0.0,0.0,2,0,1,0,0,0,0,0,0,0,0,0,0,0,0,0,0,0,0,0,0,0,0,0
201980,Danny Green,TOR,201906070GSW,"Jun 7, 2019",GSW,3,8,0,8,13.04,18.75,-5.71,1,0,7,3,0,0,0,0,0,0,0,0,0,0,0,0,0,0,0,0,0,0,0,0
2738,Andre Iguodala,GSW,201906070GSW,"Jun 7, 2019",TOR,3,6,2,7,17.65,21.8,-4.15,3,2,3,0,0,0,0,0,0,0,0,0,0,0,0,0,0,0,0,0,0,0,1,1
202326,DeMarcus Cousins,GSW,201906070GSW,"Jun 7, 2019",TOR,6,6,1,6,46.15,46.58,-0.43,5,4,0,0,0,0,0,0,1,2,0,0,0,0,0,0,0,0,0,0,0,0,0,0
201939,Stephen Curry,GSW,201906070GSW,"Jun 7, 2019",TOR,27,22,8,25,44.26,52.9,-8.64,11,10,9,6,0,0,0,0,2,6,0,0,0,0,0,0,0,0,0,0,0,0,3,5
202691,Klay Thompson,GSW,201906070GSW,"Jun 7, 2019",TOR,28,18,0,18,60.87,77.78,-16.91,8,10,10,18,0,0,0,0,0,0,0,0,0,0,0,0,0,0,0,0,0,0,0,0
201188,Marc Gasol,TOR,201906070GSW,"Jun 7, 2019",GSW,9,8,2,9,40.91,50.68,-9.77,4,4,4,3,0,0,0,0,0,0,0,0,0,0,0,0,0,0,0,0,0,0,1,2
1627783,Pascal Siakam,TOR,201906070GSW,"Jun 7, 2019",GSW,19,14,8,17,50.0,54.22,-4.22,10,8,2,0,1,1,0,0,2,6,0,0,0,0,0,0,0,0,0,0,0,0,2,4
202695,Kawhi Leonard,TOR,201906070GSW,"Jun 7, 2019",GSW,36,22,9,27,58.06,69.34,-11.28,13,12,9,15,3,6,0,0,0,0,0,0,1,1,0,0,0,0,0,0,0,0,1,2
200768,Kyle Lowry,TOR,201906070GSW,"Jun 7, 2019",GSW,10,12,4,14,31.25,36.34,-5.09,8,6,4,0,2,4,0,0,0,0,0,0,0,0,0,0,0,0,0,0,0,0,0,0
1626172,Kevon Looney,GSW,201906070GSW,"Jun 7, 2019",TOR,10,8,2,9,55.56,56.31,-0.75,8,10,0,0,1,0,0,0,0,0,0,0,0,0,0,0,0,0,0,0,0,0,0,0
1627832,Fred VanVleet,TOR,201906070GSW,"Jun 7, 2019",GSW,8,9,0,9,34.78,44.44,-9.66,4,2,5,6,0,0,0,0,0,0,0,0,0,0,0,0,0,0,0,0,0,0,0,0
1628035,Alfonzo McKinnie,GSW,201906070GSW,"Jun 7, 2019",TOR,2,4,2,5,18.18,20.49,-2.31,3,2,1,0,1,0,0,0,0,0,0,0,0,0,0,0,0,0,0,0,0,0,0,0
2733,Shaun Livingston,GSW,201906070GSW,"Jun 7, 2019",TOR,6,3,2,4,75.0,77.32,-2.32,3,4,0,0,1,2,0,0,0,0,0,0,0,0,0,0,0,0,0,0,0,0,0,0
201586,Serge Ibaka,TOR,201906070GSW,"Jun 7, 2019",GSW,20,12,1,12,76.92,80.39,-3.47,10,14,1,3,0,0,0,0,1,3,0,0,0,0,0,0,0,0,0,0,0,0,0,0
1626181,Norman Powell,TOR,201906070GSW,"Jun 7, 2019",GSW,0,1,0,1,0.0,0.0,0.0,1,0,0,0,0,0,0,0,0,0,0,0,0,0,0,0,0,0,0,0,0,0,0,0
1626188,Quinn Cook,GSW,201906070GSW,"Jun 7, 2019",TOR,0,5,0,5,0.0,0.0,0.0,2,0,3,0,0,0,0,0,0,0,0,0,0,0,0,0,0,0,0,0,0,0,0,0
1627783,Pascal Siakam,TOR,201906100TOR,"Jun 10, 2019",GSW,12,15,1,15,34.29,38.86,-4.57,10,10,4,0,0,0,0,0,1,2,0,0,0,0,0,0,0,0,0,0,0,0,0,0
201939,Stephen Curry,GSW,201906100TOR,"Jun 10, 2019",TOR,31,23,6,25,46.97,60.45,-13.48,9,10,13,12,1,2,1,3,0,0,1,4,0,0,0,0,0,0,0,0,0,0,0,0
201188,Marc Gasol,TOR,201906100TOR,"Jun 10, 2019",GSW,17,6,8,10,73.91,89.29,-15.38,3,4,3,6,3,5,0,0,0,0,0,0,0,0,0,0,0,0,0,0,0,0,1,2
202691,Klay Thompson,GSW,201906100TOR,"Jun 10, 2019",TOR,26,21,2,22,45.61,59.41,-13.8,8,4,13,21,0,0,0,0,0,0,0,0,0,0,0,0,0,0,0,0,0,0,1,1
202695,Kawhi Leonard,TOR,201906100TOR,"Jun 10, 2019",GSW,26,24,8,28,41.27,47.24,-5.97,16,12,7,6,2,2,0,0,1,3,0,0,1,1,0,0,0,0,0,0,0,0,1,2
201142,Kevin Durant,GSW,201906100TOR,"Jun 10, 2019",TOR,11,5,2,6,73.33,93.54,-20.21,2,0,3,9,0,0,0,0,0,0,0,0,0,0,0,0,0,0,0,0,0,0,1,2
201980,Danny Green,TOR,201906100TOR,"Jun 10, 2019",GSW,4,7,0,7,22.22,28.57,-6.35,3,4,4,0,0,0,0,0,0,0,0,0,0,0,0,0,0,0,0,0,0,0,0,0
1626172,Kevon Looney,GSW,201906100TOR,"Jun 10, 2019",TOR,4,4,0,4,50.0,50.0,0.0,4,4,0,0,0,0,0,0,0,0,0,0,0,0,0,0,0,0,0,0,0,0,0,0
2733,Shaun Livingston,GSW,201906100TOR,"Jun 10, 2019",TOR,0,2,0,2,0.0,0.0,0.0,2,0,0,0,0,0,0,0,0,0,0,0,0,0,0,0,0,0,0,0,0,0,0,0
200768,Kyle Lowry,GSW,201906100TOR,"Jun 10, 2019",TOR,18,16,2,17,45.0,53.32,-8.32,10,14,6,3,1,1,0,0,0,0,0,0,0,0,0,0,0,0,0,0,0,0,0,0
2738,Andre Iguodala,GSW,201906100TOR,"Jun 10, 2019",TOR,5,7,0,7,29.41,35.71,-6.3,4,2,3,3,0,0,0,0,0,0,0,0,0,0,0,0,0,0,0,0,0,0,0,0
201586,Serge Ibaka,TOR,201906100TOR,"Jun 10, 2019",GSW,15,8,6,11,65.22,70.49,-5.27,7,10,1,0,3,5,0,0,0,0,0,0,0,0,0,0,0,0,0,0,0,0,0,0
1627832,Fred VanVleet,TOR,201906100TOR,"Jun 10, 2019",GSW,11,7,2,8,50.0,69.8,-19.8,1,0,6,9,0,0,0,0,0,0,0,0,0,0,0,0,0,0,0,0,0,0,1,2
1626181,Norman Powell,TOR,201906100TOR,"Jun 10, 2019",GSW,2,2,0,2,40.0,50.0,-10.0,1,2,1,0,0,0,0,0,0,0,0,0,0,0,0,0,0,0,0,0,0,0,0,0
202326,DeMarcus Cousins,GSW,201906100TOR,"Jun 10, 2019",TOR,14,8,4,10,60.87,71.72,-10.85,5,10,3,3,2,1,0,0,0,0,0,0,0,0,0,0,0,0,0,0,0,0,0,0
1626188,Quinn Cook,GSW,201906100TOR,"Jun 10, 2019",TOR,3,2,0,2,50.0,75.0,-25.0,0,0,2,3,0,0,0,0,0,0,0,0,0,0,0,0,0,0,0,0,0,0,0,0
1628395,Jordan Bell,GSW,201906100TOR,"Jun 10, 2019",TOR,2,1,0,1,100.0,100.0,0.0,1,2,0,0,0,0,0,0,0,0,0,0,0,0,0,0,0,0,0,0,0,0,0,0
201188,Marc Gasol,TOR,201906130GSW,"Jun 13, 2019",GSW,3,5,4,7,18.75,22.19,-3.44,3,0,2,0,2,3,0,0,0,0,0,0,0,0,0,0,0,0,0,0,0,0,0,0
200768,Kyle Lowry,TOR,201906130GSW,"Jun 13, 2019",GSW,26,16,6,19,57.78,69.74,-11.96,9,10,7,12,3,4,0,0,0,0,0,0,0,0,0,0,0,0,0,0,0,0,0,0
203110,Draymond Green,GSW,201906130GSW,"Jun 13, 2019",TOR,11,10,2,11,42.31,50.55,-8.24,6,8,4,3,0,0,0,0,0,0,0,0,0,0,0,0,0,0,0,0,0,0,1,0
1627783,Pascal Siakam,GSW,201906130GSW,"Jun 13, 2019",TOR,26,17,4,19,59.09,69.3,-10.21,11,14,6,9,1,1,0,0,0,0,0,0,0,0,0,0,0,0,0,0,0,0,1,2
202691,Klay Thompson,GSW,201906130GSW,"Jun 13, 2019",TOR,30,12,10,16,75.0,91.46,-16.46,6,8,6,12,2,4,2,6,0,0,0,0,0,0,0,0,0,0,0,0,0,0,0,0
202695,Kawhi Leonard,TOR,201906130GSW,"Jun 13, 2019",GSW,22,16,8,19,48.89,56.35,-7.46,8,6,5,3,0,0,0,0,3,9,0,0,1,1,0,0,0,0,0,0,0,0,2,3
1626172,Kevon Looney,GSW,201906130GSW,"Jun 13, 2019",TOR,6,7,0,7,42.86,42.86,0.0,7,6,0,0,0,0,0,0,0,0,0,0,0,0,0,0,0,0,0,0,0,0,0,0
2738,Andre Iguodala,GSW,201906130GSW,"Jun 13, 2019",TOR,22,15,5,17,53.66,63.95,-10.29,8,10,6,9,2,1,0,0,1,2,0,0,0,0,0,0,0,0,0,0,0,0,0,0
201939,Stephen Curry,GSW,201906130GSW,"Jun 13, 2019",TOR,21,17,6,20,41.18,53.46,-12.28,6,6,11,9,2,4,0,0,0,0,0,0,0,0,0,0,0,0,0,0,0,0,1,2
101106,Andrew Bogut,GSW,201906130GSW,"Jun 13, 2019",TOR,0,1,0,1,0.0,0.0,0.0,1,0,0,0,0,0,0,0,0,0,0,0,0,0,0,0,0,0,0,0,0,0,0,0
1628035,Alfonzo McKinnie,GSW,201906130GSW,"Jun 13, 2019",TOR,0,1,0,1,0.0,0.0,0.0,0,0,1,0,0,0,0,0,0,0,0,0,0,0,0,0,0,0,0,0,0,0,0,0
1627832,Fred VanVleet,TOR,201906130GSW,"Jun 13, 2019",GSW,22,14,5,16,50.0,67.9,-17.9,3,2,11,15,1,2,1,3,0,0,0,0,0,0,0,0,0,0,0,0,0,0,0,0
201586,Serge Ibaka,TOR,201906130GSW,"Jun 13, 2019",GSW,15,12,2,13,55.56,58.23,-2.67,11,14,1,0,1,1,0,0,0,0,0,0,0,0,0,0,0,0,0,0,0,0,0,0
202326,DeMarcus Cousins,GSW,201906130GSW,"Jun 13, 2019",TOR,12,9,7,12,46.15,49.67,-3.52,7,6,1,0,1,1,0,0,1,3,0,0,0,0,0,0,0,0,0,0,0,0,2,2
1626181,Norman Powell,TOR,201906130GSW,"Jun 13, 2019",GSW,0,2,0,2,0.0,0.0,0.0,1,0,1,0,0,0,0,0,0,0,0,0,0,0,0,0,0,0,0,0,0,0,0,0
1626188,Quinn Cook,GSW,201906130GSW,"Jun 13, 2019",TOR,2,3,0,3,25.0,33.33,-8.33,1,2,2,0,0,0,0,0,0,0,0,0,0,0,0,0,0,0,0,0,0,0,0,0
2733,Shaun Livingston,GSW,201906130GSW,"Jun 13, 2019",TOR,6,5,0,5,60.0,60.0,0.0,5,6,0,0,0,0,0,0,0,0,0,0,0,0,0,0,0,0,0,0,0,0,0,0
