player_id,player_name,team_abbr,game_id,game_date,opponent,pts,fga,fta,scoring_poss,pure_ts_pct,standard_ts_pct,delta_pp,C1a_events,C1a_pts,C1b_events,C1b_pts,C2_events,C2_pts,C3_events,C3_pts,C4_events,C4_pts,C5_events,C5_pts,C6a_events,C6a_pts,C6b_events,C6b_pts,C6c_events,C6c_pts,C6d_events,C6d_pts,C6e_events,C6e_pts,C6f_events,C6f_pts
727,Eric Snow,PHI,200104210PHI,"Apr 21, 2001",IND,14,17,1,17,38.89,40.14,-1.25,15,12,1,0,0,0,0,0,1,2,0,0,0,0,0,0,0,0,0,0,0,0,0,0
947,Allen Iverson,IND,200104210PHI,"Apr 21, 2001",PHI,16,19,2,20,36.36,40.24,-3.88,15,14,4,0,1,2,0,0,0,0,0,0,0,0,0,0,0,0,0,0,0,0,0,0
440,Zan Tabak,IND,200104210PHI,"Apr 21, 2001",PHI,0,3,0,3,0.0,0.0,0.0,3,0,0,0,0,0,0,0,0,0,0,0,0,0,0,0,0,0,0,0,0,0,0,0
248,George Lynch,PHI,200104210PHI,"Apr 21, 2001",IND,6,4,0,4,75.0,75.0,0.0,4,6,0,0,0,0,0,0,0,0,0,0,0,0,0,0,0,0,0,0,0,0,0,0
238,Tyrone Hill,PHI,200104210PHI,"Apr 21, 2001",IND,8,9,0,9,44.44,44.44,0.0,9,8,0,0,0,0,0,0,0,0,0,0,0,0,0,0,0,0,0,0,0,0,0,0
696,Travis Best,IND,200104210PHI,"Apr 21, 2001",PHI,16,12,2,13,59.26,62.11,-2.85,11,14,1,0,0,0,0,0,0,0,0,0,0,0,0,0,0,0,0,0,0,0,1,2
147,Jalen Rose,IND,200104210PHI,"Apr 21, 2001",PHI,17,22,0,22,36.96,38.64,-1.68,20,14,2,3,0,0,0,0,0,0,0,0,0,0,0,0,0,0,0,0,0,0,0,0
87,Dikembe Mutombo,PHI,200104210PHI,"Apr 21, 2001",IND,12,6,8,10,60.0,63.03,-3.03,6,6,0,0,4,6,0,0,0,0,0,0,0,0,0,0,0,0,0,0,0,0,0,0
979,Jermaine O'Neal,PHI,200104210PHI,"Apr 21, 2001",IND,12,11,4,13,46.15,47.02,-0.87,11,10,0,0,1,1,0,0,0,0,0,0,0,0,0,0,0,0,0,0,0,0,1,1
397,Reggie Miller,IND,200104210PHI,"Apr 21, 2001",PHI,15,21,2,22,29.41,34.28,-4.87,14,4,7,9,1,2,0,0,0,0,0,0,0,0,0,0,0,0,0,0,0,0,0,0
243,Aaron McKie,PHI,200104210PHI,"Apr 21, 2001",IND,18,18,5,20,40.91,44.55,-3.64,15,10,3,3,0,0,1,3,0,0,0,0,0,0,0,0,0,0,0,0,0,0,1,2
64,Sam Perkins,IND,200104210PHI,"Apr 21, 2001",PHI,5,7,0,7,29.41,35.71,-6.3,4,2,3,3,0,0,0,0,0,0,0,0,0,0,0,0,0,0,0,0,0,0,0,0
1506,Austin Croshere,IND,200104210PHI,"Apr 21, 2001",PHI,12,8,4,10,57.14,61.48,-4.34,7,8,1,0,1,2,0,0,0,0,0,0,0,0,0,0,0,0,0,0,0,0,1,2
761,Matt Geiger,PHI,200104210PHI,"Apr 21, 2001",IND,4,2,2,3,66.67,69.44,-2.77,2,2,0,0,1,2,0,0,0,0,0,0,0,0,0,0,0,0,0,0,0,0,0,0
1563,Kevin Ollie,PHI,200104210PHI,"Apr 21, 2001",IND,0,2,0,2,0.0,0.0,0.0,2,0,0,0,0,0,0,0,0,0,0,0,0,0,0,0,0,0,0,0,0,0,0,0
1733,Al Harrington,IND,200104210PHI,"Apr 21, 2001",PHI,0,3,0,3,0.0,0.0,0.0,3,0,0,0,0,0,0,0,0,0,0,0,0,0,0,0,0,0,0,0,0,0,0,0
1952,Raja Bell,PHI,200104210PHI,"Apr 21, 2001",IND,0,1,0,1,0.0,0.0,0.0,0,0,1,0,0,0,0,0,0,0,0,0,0,0,0,0,0,0,0,0,0,0,0,0
935,Bryon Russell,UTA,200104210UTA,"Apr 21, 2001",DAL,12,15,0,15,34.29,40.0,-5.71,10,6,5,6,0,0,0,0,0,0,0,0,0,0,0,0,0,0,0,0,0,0,0,0
762,Shawn Bradley,DAL,200104210UTA,"Apr 21, 2001",UTA,2,2,0,2,50.0,50.0,0.0,2,2,0,0,0,0,0,0,0,0,0,0,0,0,0,0,0,0,0,0,0,0,0,0
714,Michael Finley,DAL,200104210UTA,"Apr 21, 2001",UTA,26,23,2,24,45.61,54.44,-8.83,14,12,9,12,0,0,0,0,0,0,0,0,0,0,0,0,0,0,0,0,0,0,1,2
252,Karl Malone,UTA,200104210UTA,"Apr 21, 2001",DAL,25,23,12,29,43.1,44.2,-1.1,23,16,0,0,4,5,0,0,0,0,0,0,1,2,0,0,0,0,0,0,0,0,1,2
178,Olden Polynice,DAL,200104210UTA,"Apr 21, 2001",UTA,8,5,0,5,80.0,80.0,0.0,5,8,0,0,0,0,0,0,0,0,0,0,0,0,0,0,0,0,0,0,0,0,0,0
959,Steve Nash,DAL,200104210UTA,"Apr 21, 2001",UTA,19,11,6,14,63.33,69.65,-6.32,9,10,2,3,2,4,0,0,0,0,0,0,0,0,0,0,0,0,0,0,0,0,1,2
923,Donyell Marshall,UTA,200104210UTA,"Apr 21, 2001",DAL,12,13,3,14,40.0,41.9,-1.9,11,8,1,0,0,0,0,0,1,3,0,0,0,0,0,0,0,0,0,0,0,0,1,1
436,Juwan Howard,DAL,200104210UTA,"Apr 21, 2001",UTA,14,11,4,13,53.85,54.86,-1.01,11,10,0,0,1,2,0,0,0,0,0,0,0,0,0,0,0,0,0,0,0,0,1,2
304,John Stockton,UTA,200104210UTA,"Apr 21, 2001",DAL,8,7,2,8,44.44,50.76,-6.32,5,6,2,0,0,0,0,0,0,0,0,0,0,0,0,0,0,0,0,0,0,0,1,2
1717,Dirk Nowitzki,DAL,200104210UTA,"Apr 21, 2001",UTA,20,20,5,22,37.04,45.05,-8.01,10,8,9,6,2,3,0,0,1,3,0,0,0,0,0,0,0,0,0,0,0,0,0,0
1916,Calvin Booth,DAL,200104210UTA,"Apr 21, 2001",UTA,2,2,0,2,50.0,50.0,0.0,2,2,0,0,0,0,0,0,0,0,0,0,0,0,0,0,0,0,0,0,0,0,0,0
1521,Jacque Vaughn,UTA,200104210UTA,"Apr 21, 2001",DAL,0,2,0,2,0.0,0.0,0.0,2,0,0,0,0,0,0,0,0,0,0,0,0,0,0,0,0,0,0,0,0,0,0,0
317,John Starks,UTA,200104210UTA,"Apr 21, 2001",DAL,4,5,0,5,36.36,40.0,-3.64,4,4,1,0,0,0,0,0,0,0,0,0,0,0,0,0,0,0,0,0,0,0,0,0
458,Howard Eisley,DAL,200104210UTA,"Apr 21, 2001",UTA,0,2,0,2,0.0,0.0,0.0,2,0,0,0,0,0,0,0,0,0,0,0,0,0,0,0,0,0,0,0,0,0,0,0
731,Greg Ostertag,UTA,200104210UTA,"Apr 21, 2001",DAL,2,3,0,3,33.33,33.33,0.0,3,2,0,0,0,0,0,0,0,0,0,0,0,0,0,0,0,0,0,0,0,0,0,0
330,Danny Manning,UTA,200104210UTA,"Apr 21, 2001",DAL,12,7,2,8,70.59,76.14,-5.55,6,8,1,3,1,1,0,0,0,0,0,0,0,0,0,0,0,0,0,0,0,0,0,0
95,Mark Bryant,DAL,200104210UTA,"Apr 21, 2001",UTA,2,1,0,1,100.0,100.0,0.0,1,2,0,0,0,0,0,0,0,0,0,0,0,0,0,0,0,0,0,0,0,0,0,0
708,Kevin Garnett,MIN,200104210SAS,"Apr 21, 2001",SAS,25,18,10,23,54.35,55.8,-1.45,17,16,0,0,3,5,0,0,1,3,0,0,1,1,0,0,0,0,0,0,0,0,1,0
345,Terry Porter,SAS,200104210SAS,"Apr 21, 2001",MIN,11,5,4,7,78.57,81.36,-2.79,5,8,0,0,2,3,0,0,0,0,0,0,0,0,0,0,0,0,0,0,0,0,0,0
1507,Derek Anderson,SAS,200104210SAS,"Apr 21, 2001",MIN,12,13,3,14,36.36,41.9,-5.54,8,2,4,6,1,1,0,0,1,3,0,0,0,0,0,0,0,0,0,0,0,0,0,0
210,Terrell Brandon,MIN,200104210SAS,"Apr 21, 2001",SAS,16,17,0,17,44.44,47.06,-2.62,15,16,2,0,0,0,0,0,0,0,0,0,0,0,0,0,0,0,0,0,0,0,0,0
1495,Tim Duncan,SAS,200104210SAS,"Apr 21, 2001",MIN,33,20,10,24,66.0,67.62,-1.62,18,22,0,0,4,6,0,0,2,5,0,0,0,0,0,0,0,0,0,0,0,0,0,0
764,David Robinson,SAS,200104210SAS,"Apr 21, 2001",MIN,11,9,4,11,50.0,51.12,-1.12,9,8,0,0,1,2,0,0,0,0,0,0,0,0,0,0,0,0,0,0,0,0,1,1
324,Anthony Peeler,MIN,200104210SAS,"Apr 21, 2001",SAS,11,21,0,21,25.0,26.19,-1.19,19,8,2,3,0,0,0,0,0,0,0,0,0,0,0,0,0,0,0,0,0,0,0,0
198,Danny Ferry,SAS,200104210SAS,"Apr 21, 2001",MIN,3,3,0,3,33.33,50.0,-16.67,0,0,3,3,0,0,0,0,0,0,0,0,0,0,0,0,0,0,0,0,0,0,0,0
1051,Dean Garrett,MIN,200104210SAS,"Apr 21, 2001",SAS,10,8,2,9,55.56,56.31,-0.75,8,8,0,0,1,2,0,0,0,0,0,0,0,0,0,0,0,0,0,0,0,0,0,0
1887,Wally Szczerbiak,MIN,200104210SAS,"Apr 21, 2001",SAS,13,9,3,10,61.9,62.98,-1.08,8,8,0,0,1,2,0,0,1,3,0,0,0,0,0,0,0,0,0,0,0,0,0,0
1725,Rasho Nesterovic,MIN,200104210SAS,"Apr 21, 2001",SAS,2,2,0,2,50.0,50.0,0.0,2,2,0,0,0,0,0,0,0,0,0,0,0,0,0,0,0,0,0,0,0,0,0,0
422,Avery Johnson,SAS,200104210SAS,"Apr 21, 2001",MIN,6,8,0,8,37.5,37.5,0.0,8,6,0,0,0,0,0,0,0,0,0,0,0,0,0,0,0,0,0,0,0,0,0,0
251,Sean Elliott,SAS,200104210SAS,"Apr 21, 2001",MIN,5,3,0,3,62.5,83.33,-20.83,1,2,2,3,0,0,0,0,0,0,0,0,0,0,0,0,0,0,0,0,0,0,0,0
1073,Reggie Slater,MIN,200104210SAS,"Apr 21, 2001",SAS,0,1,0,1,0.0,0.0,0.0,1,0,0,0,0,0,0,0,0,0,0,0,0,0,0,0,0,0,0,0,0,0,0,0
990,Malik Rose,SAS,200104210SAS,"Apr 21, 2001",MIN,2,1,0,1,100.0,100.0,0.0,1,2,0,0,0,0,0,0,0,0,0,0,0,0,0,0,0,0,0,0,0,0,0,0
1732,Felipe Lopez,MIN,200104210SAS,"Apr 21, 2001",SAS,1,4,2,5,10.0,10.25,-0.25,4,0,0,0,1,1,0,0,0,0,0,0,0,0,0,0,0,0,0,0,0,0,0,0
417,Sam Mitchell,MIN,200104210SAS,"Apr 21, 2001",SAS,4,5,2,6,33.33,34.01,-0.68,5,2,0,0,1,2,0,0,0,0,0,0,0,0,0,0,0,0,0,0,0,0,0,0
111,LaPhonso Ellis,MIN,200104210SAS,"Apr 21, 2001",SAS,0,2,0,2,0.0,0.0,0.0,2,0,0,0,0,0,0,0,0,0,0,0,0,0,0,0,0,0,0,0,0,0,0,0
1498,Antonio Daniels,SAS,200104210SAS,"Apr 21, 2001",MIN,4,4,2,5,33.33,40.98,-7.65,2,2,2,0,0,0,0,0,0,0,0,0,0,0,0,0,0,0,0,0,0,0,1,2
896,Tim Hardaway,MIA,200104210MIA,"Apr 21, 2001",CHA,3,6,0,6,21.43,25.0,-3.57,4,0,2,3,0,0,0,0,0,0,0,0,0,0,0,0,0,0,0,0,0,0,0,0
133,David Wesley,CHA,200104210MIA,"Apr 21, 2001",MIA,17,11,0,11,65.38,77.27,-11.89,7,8,4,9,0,0,0,0,0,0,0,0,0,0,0,0,0,0,0,0,0,0,0,0
136,P.J. Brown,CHA,200104210MIA,"Apr 21, 2001",MIA,2,4,0,4,25.0,25.0,0.0,4,2,0,0,0,0,0,0,0,0,0,0,0,0,0,0,0,0,0,0,0,0,0,0
224,Eddie Jones,MIA,200104210MIA,"Apr 21, 2001",CHA,14,13,2,14,42.42,50.43,-8.01,8,10,5,3,1,1,0,0,0,0,0,0,0,0,0,0,0,0,0,0,0,0,0,0
469,Jamal Mashburn,CHA,200104210MIA,"Apr 21, 2001",MIA,28,22,9,26,51.85,53.93,-2.08,20,14,1,3,3,6,0,0,1,3,0,0,0,0,0,0,0,0,0,0,0,0,1,2
922,Elden Campbell,CHA,200104210MIA,"Apr 21, 2001",MIA,8,5,4,7,57.14,59.17,-2.03,5,4,0,0,0,0,0,0,0,0,0,0,0,0,0,0,0,0,0,0,0,0,2,4
193,Anthony Mason,MIA,200104210MIA,"Apr 21, 2001",CHA,4,4,2,5,36.36,40.98,-4.62,3,2,1,0,1,2,0,0,0,0,0,0,0,0,0,0,0,0,0,0,0,0,0,0
1884,Baron Davis,CHA,200104210MIA,"Apr 21, 2001",MIA,23,10,6,13,79.31,90.98,-11.67,7,12,3,6,0,0,0,0,0,0,0,0,0,0,0,0,0,0,0,0,0,0,3,5
297,Alonzo Mourning,MIA,200104210MIA,"Apr 21, 2001",CHA,14,8,6,11,63.64,65.79,-2.15,8,10,0,0,2,2,0,0,0,0,0,0,0,0,0,0,0,0,0,0,0,0,1,2
1477,Bruce Bowen,CHA,200104210MIA,"Apr 21, 2001",MIA,7,8,0,8,33.33,43.75,-10.42,3,4,5,3,0,0,0,0,0,0,0,0,0,0,0,0,0,0,0,0,0,0,0,0
2048,Jamaal Magloire,CHA,200104210MIA,"Apr 21, 2001",MIA,2,4,0,4,25.0,25.0,0.0,4,2,0,0,0,0,0,0,0,0,0,0,0,0,0,0,0,0,0,0,0,0,0,0
1853,Anthony Carter,MIA,200104210MIA,"Apr 21, 2001",CHA,4,3,0,3,66.67,66.67,0.0,3,4,0,0,0,0,0,0,0,0,0,0,0,0,0,0,0,0,0,0,0,0,0,0
258,Brian Grant,MIA,200104210MIA,"Apr 21, 2001",CHA,10,6,6,9,55.56,57.87,-2.31,6,6,0,0,2,3,0,0,0,0,0,0,0,0,0,0,0,0,0,0,0,0,1,1
105,Dan Majerle,MIA,200104210MIA,"Apr 21, 2001",CHA,3,2,0,2,50.0,75.0,-25.0,0,0,2,3,0,0,0,0,0,0,0,0,0,0,0,0,0,0,0,0,0,0,0,0
765,Hersey Hawkins,CHA,200104210MIA,"Apr 21, 2001",MIA,5,3,4,5,38.46,52.52,-14.06,0,0,3,3,1,1,0,0,0,0,0,0,0,0,0,0,0,0,0,0,0,0,1,1
1944,Eddie Robinson,CHA,200104210MIA,"Apr 21, 2001",MIA,14,9,0,9,77.78,77.78,0.0,9,14,0,0,0,0,0,0,0,0,0,0,0,0,0,0,0,0,0,0,0,0,0,0
934,Derrick Coleman,CHA,200104210MIA,"Apr 21, 2001",MIA,2,6,2,7,11.76,14.53,-2.77,3,0,3,0,1,2,0,0,0,0,0,0,0,0,0,0,0,0,0,0,0,0,0,0
2067,Eddie House,MIA,200104210MIA,"Apr 21, 2001",CHA,16,13,3,14,50.0,55.87,-5.87,9,8,3,3,1,2,0,0,1,3,0,0,0,0,0,0,0,0,0,0,0,0,0,0
920,A.C. Green,MIA,200104210MIA,"Apr 21, 2001",CHA,2,1,0,1,100.0,100.0,0.0,1,2,0,0,0,0,0,0,0,0,0,0,0,0,0,0,0,0,0,0,0,0,0,0
190,Duane Causwell,MIA,200104210MIA,"Apr 21, 2001",CHA,0,1,0,1,0.0,0.0,0.0,1,0,0,0,0,0,0,0,0,0,0,0,0,0,0,0,0,0,0,0,0,0,0,0
197,Scott Burrell,CHA,200104210MIA,"Apr 21, 2001",MIA,2,2,0,2,40.0,50.0,-10.0,1,2,1,0,0,0,0,0,0,0,0,0,0,0,0,0,0,0,0,0,0,0,0,0
695,Eldridge Recasner,CHA,200104210MIA,"Apr 21, 2001",MIA,3,0,4,2,75.0,85.23,-10.23,0,0,0,0,0,0,0,0,0,0,0,0,0,0,0,0,0,0,0,0,0,0,2,3
901,Otis Thorpe,CHA,200104210MIA,"Apr 21, 2001",MIA,0,1,0,1,0.0,0.0,0.0,1,0,0,0,0,0,0,0,0,0,0,0,0,0,0,0,0,0,0,0,0,0,0,0
76,Cedric Ceballos,MIA,200104210MIA,"Apr 21, 2001",CHA,3,3,2,4,37.5,38.66,-1.16,3,2,0,0,0,0,0,0,0,0,0,0,0,0,0,0,0,0,0,0,0,0,1,1
84,Latrell Sprewell,NYK,200104220NYK,"Apr 22, 2001",TOR,13,12,6,15,41.94,44.4,-2.46,11,8,1,0,2,3,0,0,0,0,0,0,0,0,0,0,0,0,0,0,0,0,1,2
213,Antonio Davis,TOR,200104220NYK,"Apr 22, 2001",NYK,19,13,8,16,55.88,57.51,-1.63,11,8,0,0,2,4,0,0,2,5,0,0,0,0,0,0,0,0,0,0,0,0,1,2
891,Charles Oakley,TOR,200104220NYK,"Apr 22, 2001",NYK,12,13,0,13,44.44,46.15,-1.71,12,12,1,0,0,0,0,0,0,0,0,0,0,0,0,0,0,0,0,0,0,0,0,0
349,Mark Jackson,NYK,200104220NYK,"Apr 22, 2001",TOR,11,11,1,11,44.0,48.08,-4.08,8,8,2,0,0,0,0,0,1,3,0,0,0,0,0,0,0,0,0,0,0,0,0,0
1713,Vince Carter,TOR,200104220NYK,"Apr 22, 2001",NYK,13,22,5,24,26.0,26.86,-0.86,20,8,1,0,2,2,0,0,1,3,0,0,0,0,0,0,0,0,0,0,0,0,0,0
703,Kurt Thomas,NYK,200104220NYK,"Apr 22, 2001",TOR,17,12,5,14,58.62,59.86,-1.24,11,12,0,0,2,3,0,0,1,2,0,0,0,0,0,0,0,0,0,0,0,0,0,0
275,Allan Houston,NYK,200104220NYK,"Apr 22, 2001",TOR,23,16,4,18,62.16,64.75,-2.59,15,16,1,3,1,2,0,0,0,0,0,0,0,0,0,0,0,0,0,0,0,0,1,2
948,Marcus Camby,NYK,200104220NYK,"Apr 22, 2001",TOR,8,13,2,14,28.57,28.82,-0.25,13,6,0,0,0,0,0,0,0,0,0,0,0,0,0,0,0,0,0,0,0,0,1,2
2050,Morris Peterson,TOR,200104220NYK,"Apr 22, 2001",NYK,6,6,2,7,42.86,43.6,-0.74,6,4,0,0,1,2,0,0,0,0,0,0,0,0,0,0,0,0,0,0,0,0,0,0
1541,Alvin Williams,TOR,200104220NYK,"Apr 22, 2001",NYK,19,19,2,20,45.24,47.79,-2.55,17,18,2,0,1,1,0,0,0,0,0,0,0,0,0,0,0,0,0,0,0,0,0,0
970,Othella Harrington,NYK,200104220NYK,"Apr 22, 2001",TOR,4,3,2,4,50.0,51.55,-1.55,3,2,0,0,0,0,0,0,0,0,0,0,0,0,0,0,0,0,0,0,0,0,1,2
779,Glen Rice,NYK,200104220NYK,"Apr 22, 2001",TOR,7,6,4,8,43.75,45.1,-1.35,6,4,0,0,0,0,0,0,0,0,0,0,0,0,0,0,0,0,0,0,0,0,2,3
209,Dell Curry,TOR,200104220NYK,"Apr 22, 2001",NYK,7,7,0,7,41.18,50.0,-8.82,4,4,3,3,0,0,0,0,0,0,0,0,0,0,0,0,0,0,0,0,0,0,0,0
1721,Keon Clark,TOR,200104220NYK,"Apr 22, 2001",NYK,2,1,3,2,40.0,43.1,-3.1,0,0,0,0,1,0,0,0,1,2,0,0,0,0,0,0,0,0,0,0,0,0,0,0
369,Charlie Ward,NYK,200104220NYK,"Apr 22, 2001",TOR,9,7,4,9,42.86,51.37,-8.51,4,2,3,3,1,2,0,0,0,0,0,0,0,0,0,0,0,0,0,0,0,0,1,2
164,Chris Childs,TOR,200104220NYK,"Apr 22, 2001",NYK,7,7,0,7,38.89,50.0,-11.11,3,4,4,3,0,0,0,0,0,0,0,0,0,0,0,0,0,0,0,0,0,0,0,0
361,Clifford Robinson,PHX,200104220SAC,"Apr 22, 2001",SAC,16,14,3,15,45.71,52.22,-6.51,9,6,4,6,1,1,0,0,1,3,0,0,0,0,0,0,0,0,0,0,0,0,0,0
1715,Jason Williams,SAC,200104220SAC,"Apr 22, 2001",PHX,10,9,0,9,41.67,55.56,-13.89,3,4,6,6,0,0,0,0,0,0,0,0,0,0,0,0,0,0,0,0,0,0,0,0
2054,Jake Tsakalidis,PHX,200104220SAC,"Apr 22, 2001",SAC,0,4,0,4,0.0,0.0,0.0,4,0,0,0,0,0,0,0,0,0,0,0,0,0,0,0,0,0,0,0,0,0,0,0
467,Jason Kidd,PHX,200104220SAC,"Apr 22, 2001",SAC,18,19,4,21,39.13,43.35,-4.22,15,12,4,3,1,2,0,0,0,0,0,0,0,0,0,0,0,0,0,0,0,0,1,1
124,Vlade Divac,SAC,200104220SAC,"Apr 22, 2001",PHX,13,11,9,15,41.94,43.45,-1.51,10,4,0,0,3,5,0,0,1,3,0,0,0,0,0,0,0,0,0,0,0,0,1,1
1890,Shawn Marion,PHX,200104220SAC,"Apr 22, 2001",SAC,21,16,5,18,56.76,57.69,-0.93,15,16,0,0,2,3,0,0,1,2,0,0,0,0,0,0,0,0,0,0,0,0,0,0
978,Peja Stojakovic,PHX,200104220SAC,"Apr 22, 2001",SAC,13,17,2,18,35.14,36.35,-1.21,16,8,1,3,1,2,0,0,0,0,0,0,0,0,0,0,0,0,0,0,0,0,0,0
185,Chris Webber,SAC,200104220SAC,"Apr 22, 2001",PHX,27,32,5,34,39.13,39.47,-0.34,31,22,0,0,2,3,0,0,1,2,0,0,0,0,0,0,0,0,0,0,0,0,0,0
57,Doug Christie,PHX,200104220SAC,"Apr 22, 2001",SAC,7,6,2,7,43.75,50.87,-7.12,4,2,2,3,1,2,0,0,0,0,0,0,0,0,0,0,0,0,0,0,0,0,0,0
53,Mario Elie,PHX,200104220SAC,"Apr 22, 2001",SAC,9,9,0,9,40.91,50.0,-9.09,5,6,4,3,0,0,0,0,0,0,0,0,0,0,0,0,0,0,0,0,0,0,0,0
915,Rodney Rogers,PHX,200104220SAC,"Apr 22, 2001",SAC,18,18,2,19,42.86,47.67,-4.81,14,14,4,3,1,1,0,0,0,0,0,0,0,0,0,0,0,0,0,0,0,0,0,0
960,Tony Delk,PHX,200104220SAC,"Apr 22, 2001",SAC,2,2,2,3,33.33,34.72,-1.39,2,2,0,0,1,0,0,0,0,0,0,0,0,0,0,0,0,0,0,0,0,0,0,0
339,Tom Gugliotta,PHX,200104220SAC,"Apr 22, 2001",SAC,2,5,0,5,20.0,20.0,0.0,5,2,0,0,0,0,0,0,0,0,0,0,0,0,0,0,0,0,0,0,0,0,0,0
2045,Hedo Turkoglu,SAC,200104220SAC,"Apr 22, 2001",PHX,0,5,0,5,0.0,0.0,0.0,4,0,1,0,0,0,0,0,0,0,0,0,0,0,0,0,0,0,0,0,0,0,0,0
1517,Bobby Jackson,SAC,200104220SAC,"Apr 22, 2001",PHX,6,8,0,8,35.29,37.5,-2.21,7,6,1,0,0,0,0,0,0,0,0,0,0,0,0,0,0,0,0,0,0,0,0,0
1513,Scot Pollard,SAC,200104220SAC,"Apr 22, 2001",PHX,7,4,3,5,63.64,65.79,-2.15,3,4,0,0,0,0,0,0,1,3,0,0,0,0,0,0,0,0,0,0,0,0,1,0
757,Damon Stoudamire,POR,200104220LAL,"Apr 22, 2001",LAL,18,15,5,17,47.37,52.33,-4.96,11,8,3,3,1,2,0,0,1,3,0,0,0,0,0,0,0,0,0,0,0,0,1,2
406,Shaquille O'Neal,LAL,200104220LAL,"Apr 22, 2001",POR,24,21,15,27,42.11,43.48,-1.37,18,8,0,0,3,5,0,0,3,9,0,0,1,2,0,0,0,0,0,0,0,0,2,0
717,Arvydas Sabonis,POR,200104220LAL,"Apr 22, 2001",LAL,9,9,4,11,37.5,41.82,-4.32,7,6,2,0,0,0,0,0,0,0,0,0,1,1,0,0,0,0,0,0,0,0,1,2
270,Horace Grant,LAL,200104220LAL,"Apr 22, 2001",POR,14,9,0,9,77.78,77.78,0.0,9,14,0,0,0,0,0,0,0,0,0,0,0,0,0,0,0,0,0,0,0,0,0,0
937,Scottie Pippen,LAL,200104220LAL,"Apr 22, 2001",POR,13,10,3,11,48.15,57.42,-9.27,5,6,4,3,1,1,0,0,1,3,0,0,0,0,0,0,0,0,0,0,0,0,0,0
296,Rick Fox,LAL,200104220LAL,"Apr 22, 2001",POR,7,9,0,9,29.17,38.89,-9.72,3,4,6,3,0,0,0,0,0,0,0,0,0,0,0,0,0,0,0,0,0,0,0,0
977,Kobe Bryant,LAL,200104220LAL,"Apr 22, 2001",POR,27,20,10,25,51.92,55.33,-3.41,18,16,2,3,2,3,0,0,0,0,0,0,0,0,0,0,0,0,0,0,0,0,3,5
739,Rasheed Wallace,POR,200104220LAL,"Apr 22, 2001",LAL,24,18,8,22,48.98,55.76,-6.78,13,14,5,6,3,4,0,0,0,0,0,0,0,0,0,0,0,0,0,0,0,0,1,0
120,Steven Smith,POR,200104220LAL,"Apr 22, 2001",LAL,9,8,2,9,40.91,50.68,-9.77,4,4,4,3,0,0,0,0,0,0,0,0,0,0,0,0,0,0,0,0,0,0,1,2
965,Derek Fisher,LAL,200104220LAL,"Apr 22, 2001",POR,21,10,6,13,67.74,83.07,-15.33,5,10,5,6,2,3,0,0,0,0,0,0,0,0,0,0,0,0,0,0,0,0,1,2
2058,Mark Madsen,LAL,200104220LAL,"Apr 22, 2001",POR,0,2,0,2,0.0,0.0,0.0,2,0,0,0,0,0,0,0,0,0,0,0,0,0,0,0,0,0,0,0,0,0,0,0
1904,Devean George,LAL,200104220LAL,"Apr 22, 2001",POR,0,2,0,2,0.0,0.0,0.0,2,0,0,0,0,0,0,0,0,0,0,0,0,0,0,0,0,0,0,0,0,0,0,0
278,Stacey Augmon,POR,200104220LAL,"Apr 22, 2001",LAL,9,6,1,6,69.23,69.88,-0.65,5,6,0,0,0,0,0,0,1,3,0,0,0,0,0,0,0,0,0,0,0,0,0,0
109,Robert Horry,LAL,200104220LAL,"Apr 22, 2001",POR,3,5,0,5,23.08,30.0,-6.92,2,0,3,3,0,0,0,0,0,0,0,0,0,0,0,0,0,0,0,0,0,0,0,0
393,Rod Strickland,LAL,200104220LAL,"Apr 22, 2001",POR,8,5,6,8,50.0,52.36,-2.36,5,4,0,0,2,2,0,0,0,0,0,0,0,0,0,0,0,0,0,0,0,0,1,2
216,Brian Shaw,POR,200104220LAL,"Apr 22, 2001",LAL,9,8,0,8,47.37,56.25,-8.88,5,6,3,3,0,0,0,0,0,0,0,0,0,0,0,0,0,0,0,0,0,0,0,0
96,Detlef Schrempf,POR,200104220LAL,"Apr 22, 2001",LAL,0,0,2,1,0.0,0.0,0.0,0,0,0,0,0,0,0,0,0,0,0,0,0,0,0,0,0,0,0,0,0,0,1,0
176,Antonio Harvey,POR,200104220LAL,"Apr 22, 2001",LAL,0,1,0,1,0.0,0.0,0.0,1,0,0,0,0,0,0,0,0,0,0,0,0,0,0,0,0,0,0,0,0,0,0,0
1731,Tyronn Lue,LAL,200104220LAL,"Apr 22, 2001",POR,0,1,0,1,0.0,0.0,0.0,1,0,0,0,0,0,0,0,0,0,0,0,0,0,0,0,0,0,0,0,0,0,0,0
951,Ray Allen,MIL,200104220MIL,"Apr 22, 2001",ORL,18,15,4,17,48.65,53.7,-5.05,12,8,3,6,2,4,0,0,0,0,0,0,0,0,0,0,0,0,0,0,0,0,0,0
2034,Mike Miller,ORL,200104220MIL,"Apr 22, 2001",MIL,9,10,2,11,33.33,41.36,-8.03,5,4,5,3,1,2,0,0,0,0,0,0,0,0,0,0,0,0,0,0,0,0,0,0
1503,Tracy McGrady,ORL,200104220MIL,"Apr 22, 2001",MIL,31,34,7,37,40.26,41.8,-1.54,31,22,2,0,2,4,0,0,1,3,0,0,0,0,0,0,0,0,0,0,0,0,1,2
281,Scott Williams,MIL,200104220MIL,"Apr 22, 2001",ORL,19,11,4,13,73.08,74.45,-1.37,11,16,0,0,2,3,0,0,0,0,0,0,0,0,0,0,0,0,0,0,0,0,0,0
208,Sam Cassell,MIL,200104220MIL,"Apr 22, 2001",ORL,16,18,7,21,34.78,37.95,-3.17,14,8,3,0,1,2,0,0,1,3,0,0,0,0,0,0,0,0,0,0,0,0,2,3
299,Glenn Robinson,MIL,200104220MIL,"Apr 22, 2001",ORL,14,19,1,19,33.33,36.01,-2.68,15,8,3,3,0,0,0,0,1,3,0,0,0,0,0,0,0,0,0,0,0,0,0,0
448,Bo Outlaw,ORL,200104220MIL,"Apr 22, 2001",MIL,5,5,4,7,35.71,36.98,-1.27,5,4,0,0,1,1,0,0,0,0,0,0,0,0,0,0,0,0,0,0,0,0,1,0
692,Andrew DeClercq,ORL,200104220MIL,"Apr 22, 2001",MIL,5,2,2,3,83.33,86.81,-3.48,2,4,0,0,1,1,0,0,0,0,0,0,0,0,0,0,0,0,0,0,0,0,0,0
998,Mark Pope,ORL,200104220MIL,"Apr 22, 2001",MIL,2,4,0,4,25.0,25.0,0.0,4,2,0,0,0,0,0,0,0,0,0,0,0,0,0,0,0,0,0,0,0,0,0,0
353,Darrell Armstrong,ORL,200104220MIL,"Apr 22, 2001",MIL,9,9,2,10,37.5,45.55,-8.05,5,4,4,3,0,0,0,0,0,0,0,0,0,0,0,0,0,0,0,0,0,0,1,2
1501,Tim Thomas,MIL,200104220MIL,"Apr 22, 2001",ORL,12,7,2,8,63.16,76.14,-12.98,4,4,3,6,0,0,0,0,0,0,0,0,0,0,0,0,0,0,0,0,0,0,1,2
679,Jason Caffey,MIL,200104220MIL,"Apr 22, 2001",ORL,8,7,3,8,47.06,48.08,-1.02,6,4,0,0,1,1,0,0,1,3,0,0,0,0,0,0,0,0,0,0,0,0,0,0
680,John Amaechi,ORL,200104220MIL,"Apr 22, 2001",MIL,5,4,4,6,41.67,43.4,-1.73,4,2,0,0,2,3,0,0,0,0,0,0,0,0,0,0,0,0,0,0,0,0,0,0
911,Ervin Johnson,MIL,200104220MIL,"Apr 22, 2001",ORL,12,9,3,10,57.14,58.14,-1.0,8,10,0,0,0,0,0,0,1,2,0,0,0,0,0,0,0,0,0,0,0,0,1,0
283,Lindsey Hunter,MIL,200104220MIL,"Apr 22, 2001",ORL,2,7,2,8,9.09,12.69,-3.6,1,0,6,0,0,0,0,0,0,0,0,0,0,0,0,0,0,0,0,0,0,0,1,2
244,Dee Brown,ORL,200104220MIL,"Apr 22, 2001",MIL,6,3,0,3,75.0,100.0,-25.0,1,0,2,6,0,0,0,0,0,0,0,0,0,0,0,0,0,0,0,0,0,0,0,0
42,Monty Williams,ORL,200104220MIL,"Apr 22, 2001",MIL,0,1,0,1,0.0,0.0,0.0,1,0,0,0,0,0,0,0,0,0,0,0,0,0,0,0,0,0,0,0,0,0,0,0
1607,Troy Hudson,ORL,200104220MIL,"Apr 22, 2001",MIL,2,5,0,5,20.0,20.0,0.0,5,2,0,0,0,0,0,0,0,0,0,0,0,0,0,0,0,0,0,0,0,0,0,0
1727,Pat Garrity,ORL,200104220MIL,"Apr 22, 2001",MIL,14,7,0,7,70.0,100.0,-30.0,1,2,6,12,0,0,0,0,0,0,0,0,0,0,0,0,0,0,0,0,0,0,0,0
1720,Michael Doleac,ORL,200104220MIL,"Apr 22, 2001",MIL,2,1,0,1,100.0,100.0,0.0,1,2,0,0,0,0,0,0,0,0,0,0,0,0,0,0,0,0,0,0,0,0,0,0
297,Alonzo Mourning,MIA,200104230MIA,"Apr 23, 2001",CHA,9,9,1,9,47.37,47.67,-0.3,8,6,0,0,0,0,0,0,1,3,0,0,0,0,0,0,0,0,0,0,0,0,0,0
469,Jamal Mashburn,CHA,200104230MIA,"Apr 23, 2001",MIA,22,14,6,17,64.71,66.11,-1.4,14,16,0,0,3,6,0,0,0,0,0,0,0,0,0,0,0,0,0,0,0,0,0,0
922,Elden Campbell,CHA,200104230MIA,"Apr 23, 2001",MIA,6,7,6,10,30.0,31.12,-1.12,7,2,0,0,2,2,0,0,0,0,0,0,0,0,0,0,0,0,0,0,0,0,1,2
193,Anthony Mason,MIA,200104230MIA,"Apr 23, 2001",CHA,8,6,2,7,57.14,58.14,-1.0,6,6,0,0,1,2,0,0,0,0,0,0,0,0,0,0,0,0,0,0,0,0,0,0
896,Tim Hardaway,CHA,200104230MIA,"Apr 23, 2001",MIA,2,3,0,3,28.57,33.33,-4.76,2,2,1,0,0,0,0,0,0,0,0,0,0,0,0,0,0,0,0,0,0,0,0,0
1884,Baron Davis,CHA,200104230MIA,"Apr 23, 2001",MIA,17,15,5,17,43.59,49.42,-5.83,10,4,4,6,1,2,0,0,1,3,0,0,0,0,0,0,0,0,0,0,0,0,1,2
1477,Bruce Bowen,MIA,200104230MIA,"Apr 23, 2001",CHA,5,7,0,7,29.41,35.71,-6.3,4,2,3,3,0,0,0,0,0,0,0,0,0,0,0,0,0,0,0,0,0,0,0,0
224,Eddie Jones,MIA,200104230MIA,"Apr 23, 2001",CHA,21,17,3,18,46.67,57.31,-10.64,8,4,8,12,1,2,0,0,1,3,0,0,0,0,0,0,0,0,0,0,0,0,0,0
136,P.J. Brown,CHA,200104230MIA,"Apr 23, 2001",MIA,9,6,3,7,60.0,61.48,-1.48,5,4,0,0,1,2,0,0,1,3,0,0,0,0,0,0,0,0,0,0,0,0,0,0
133,David Wesley,CHA,200104230MIA,"Apr 23, 2001",MIA,18,8,5,10,72.0,88.24,-16.24,3,2,4,9,1,2,0,0,1,3,0,0,0,0,0,0,0,0,0,0,0,0,1,2
105,Dan Majerle,MIA,200104230MIA,"Apr 23, 2001",CHA,5,9,0,9,19.23,27.78,-8.55,1,2,8,3,0,0,0,0,0,0,0,0,0,0,0,0,0,0,0,0,0,0,0,0
1944,Eddie Robinson,CHA,200104230MIA,"Apr 23, 2001",MIA,8,6,0,6,66.67,66.67,0.0,6,8,0,0,0,0,0,0,0,0,0,0,0,0,0,0,0,0,0,0,0,0,0,0
2048,Jamaal Magloire,CHA,200104230MIA,"Apr 23, 2001",MIA,4,1,8,5,40.0,44.25,-4.25,1,2,0,0,2,1,0,0,0,0,0,0,0,0,0,0,0,0,0,0,0,0,2,1
258,Brian Grant,MIA,200104230MIA,"Apr 23, 2001",CHA,5,4,2,5,50.0,51.23,-1.23,4,4,0,0,0,0,0,0,0,0,0,0,0,0,0,0,0,0,0,0,0,0,1,1
934,Derrick Coleman,CHA,200104230MIA,"Apr 23, 2001",MIA,8,8,1,8,42.11,47.39,-5.28,5,2,2,3,0,0,0,0,1,3,0,0,0,0,0,0,0,0,0,0,0,0,0,0
1853,Anthony Carter,MIA,200104230MIA,"Apr 23, 2001",CHA,10,10,0,10,47.62,50.0,-2.38,9,10,1,0,0,0,0,0,0,0,0,0,0,0,0,0,0,0,0,0,0,0,0,0
197,Scott Burrell,CHA,200104230MIA,"Apr 23, 2001",MIA,3,1,2,2,75.0,79.79,-4.79,1,2,0,0,1,1,0,0,0,0,0,0,0,0,0,0,0,0,0,0,0,0,0,0
2067,Eddie House,MIA,200104230MIA,"Apr 23, 2001",CHA,9,9,2,10,42.86,45.55,-2.69,8,8,1,0,1,1,0,0,0,0,0,0,0,0,0,0,0,0,0,0,0,0,0,0
765,Hersey Hawkins,CHA,200104230MIA,"Apr 23, 2001",MIA,6,4,2,5,60.0,61.48,-1.48,4,4,0,0,1,2,0,0,0,0,0,0,0,0,0,0,0,0,0,0,0,0,0,0
76,Cedric Ceballos,MIA,200104230MIA,"Apr 23, 2001",CHA,2,3,0,3,33.33,33.33,0.0,3,2,0,0,0,0,0,0,0,0,0,0,0,0,0,0,0,0,0,0,0,0,0,0
695,Eldridge Recasner,CHA,200104230MIA,"Apr 23, 2001",MIA,0,1,0,1,0.0,0.0,0.0,1,0,0,0,0,0,0,0,0,0,0,0,0,0,0,0,0,0,0,0,0,0,0,0
901,Otis Thorpe,CHA,200104230MIA,"Apr 23, 2001",MIA,0,2,0,2,0.0,0.0,0.0,2,0,0,0,0,0,0,0,0,0,0,0,0,0,0,0,0,0,0,0,0,0,0,0
1507,Derek Anderson,SAS,200104230SAS,"Apr 23, 2001",MIN,12,14,0,14,36.36,42.86,-6.5,9,6,5,6,0,0,0,0,0,0,0,0,0,0,0,0,0,0,0,0,0,0,0,0
1887,Wally Szczerbiak,MIN,200104230SAS,"Apr 23, 2001",SAS,5,7,2,8,31.25,31.73,-0.48,7,4,0,0,0,0,0,0,0,0,0,0,0,0,0,0,0,0,0,0,0,0,1,1
1495,Tim Duncan,SAS,200104230SAS,"Apr 23, 2001",MIN,18,18,4,20,45.0,45.55,-0.55,18,16,0,0,1,1,0,0,0,0,0,0,0,0,0,0,0,0,0,0,0,0,1,1
1051,Dean Garrett,MIN,200104230SAS,"Apr 23, 2001",SAS,1,3,2,4,12.5,12.89,-0.39,3,0,0,0,1,1,0,0,0,0,0,0,0,0,0,0,0,0,0,0,0,0,0,0
764,David Robinson,SAS,200104230SAS,"Apr 23, 2001",MIN,16,8,8,12,66.67,69.44,-2.77,8,12,0,0,3,2,0,0,0,0,0,0,0,0,0,0,0,0,0,0,0,0,1,2
708,Kevin Garnett,MIN,200104230SAS,"Apr 23, 2001",SAS,18,13,8,17,52.94,54.48,-1.54,13,10,0,0,2,4,0,0,0,0,0,0,1,2,0,0,0,0,0,0,0,0,1,2
198,Danny Ferry,SAS,200104230SAS,"Apr 23, 2001",MIN,3,4,0,4,30.0,37.5,-7.5,2,0,2,3,0,0,0,0,0,0,0,0,0,0,0,0,0,0,0,0,0,0,0,0
345,Terry Porter,SAS,200104230SAS,"Apr 23, 2001",MIN,11,4,0,4,100.0,137.5,-37.5,1,2,3,9,0,0,0,0,0,0,0,0,0,0,0,0,0,0,0,0,0,0,0,0
210,Terrell Brandon,MIN,200104230SAS,"Apr 23, 2001",SAS,6,9,0,9,27.27,33.33,-6.06,5,0,4,6,0,0,0,0,0,0,0,0,0,0,0,0,0,0,0,0,0,0,0,0
324,Anthony Peeler,MIN,200104230SAS,"Apr 23, 2001",SAS,2,8,0,8,9.52,12.5,-2.98,3,2,5,0,0,0,0,0,0,0,0,0,0,0,0,0,0,0,0,0,0,0,0,0
990,Malik Rose,SAS,200104230SAS,"Apr 23, 2001",MIN,4,5,0,5,40.0,40.0,0.0,5,4,0,0,0,0,0,0,0,0,0,0,0,0,0,0,0,0,0,0,0,0,0,0
111,LaPhonso Ellis,MIN,200104230SAS,"Apr 23, 2001",SAS,15,10,4,12,62.5,63.78,-1.28,10,12,0,0,1,1,0,0,0,0,0,0,0,0,0,0,0,0,0,0,0,0,1,2
422,Avery Johnson,SAS,200104230SAS,"Apr 23, 2001",MIN,9,7,1,7,60.0,60.48,-0.48,6,6,0,0,0,0,0,0,1,3,0,0,0,0,0,0,0,0,0,0,0,0,0,0
251,Sean Elliott,SAS,200104230SAS,"Apr 23, 2001",MIN,5,8,0,8,26.32,31.25,-4.93,5,2,3,3,0,0,0,0,0,0,0,0,0,0,0,0,0,0,0,0,0,0,0,0
1497,Chauncey Billups,MIN,200104230SAS,"Apr 23, 2001",SAS,2,4,0,4,22.22,25.0,-2.78,3,2,1,0,0,0,0,0,0,0,0,0,0,0,0,0,0,0,0,0,0,0,0,0
1498,Antonio Daniels,SAS,200104230SAS,"Apr 23, 2001",MIN,2,5,2,6,14.29,17.01,-2.72,3,0,2,0,1,2,0,0,0,0,0,0,0,0,0,0,0,0,0,0,0,0,0,0
1732,Felipe Lopez,MIN,200104230SAS,"Apr 23, 2001",SAS,8,7,1,7,47.06,53.76,-6.7,4,2,2,3,0,0,0,0,1,3,0,0,0,0,0,0,0,0,0,0,0,0,0,0
1725,Rasho Nesterovic,MIN,200104230SAS,"Apr 23, 2001",SAS,2,3,0,3,33.33,33.33,0.0,3,2,0,0,0,0,0,0,0,0,0,0,0,0,0,0,0,0,0,0,0,0,0,0
955,Samaki Walker,SAS,200104230SAS,"Apr 23, 2001",MIN,2,2,0,2,50.0,50.0,0.0,2,2,0,0,0,0,0,0,0,0,0,0,0,0,0,0,0,0,0,0,0,0,0,0
417,Sam Mitchell,MIN,200104230SAS,"Apr 23, 2001",SAS,0,1,0,1,0.0,0.0,0.0,1,0,0,0,0,0,0,0,0,0,0,0,0,0,0,0,0,0,0,0,0,0,0,0
1073,Reggie Slater,MIN,200104230SAS,"Apr 23, 2001",SAS,1,1,2,2,25.0,26.6,-1.6,1,0,0,0,1,1,0,0,0,0,0,0,0,0,0,0,0,0,0,0,0,0,0,0
1895,William Avery,MIN,200104230SAS,"Apr 23, 2001",SAS,7,5,0,5,58.33,70.0,-11.67,3,4,2,3,0,0,0,0,0,0,0,0,0,0,0,0,0,0,0,0,0,0,0,0
70,Steve Kerr,SAS,200104230SAS,"Apr 23, 2001",MIN,2,4,0,4,20.0,25.0,-5.0,2,2,2,0,0,0,0,0,0,0,0,0,0,0,0,0,0,0,0,0,0,0,0,0
1035,Shawnelle Scott,SAS,200104230SAS,"Apr 23, 2001",MIN,0,1,0,1,0.0,0.0,0.0,1,0,0,0,0,0,0,0,0,0,0,0,0,0,0,0,0,0,0,0,0,0,0,0
397,Reggie Miller,IND,200104240PHI,"Apr 24, 2001",PHI,41,22,12,27,67.21,75.15,-7.94,16,20,5,9,2,3,1,2,1,3,0,0,0,0,0,0,0,0,0,0,0,0,2,4
248,George Lynch,PHI,200104240PHI,"Apr 24, 2001",IND,16,12,6,15,51.61,54.64,-3.03,11,12,1,0,3,4,0,0,0,0,0,0,0,0,0,0,0,0,0,0,0,0,0,0
947,Allen Iverson,PHI,200104240PHI,"Apr 24, 2001",IND,43,27,12,33,58.9,66.6,-7.7,20,24,7,9,1,2,0,0,0,0,0,0,0,0,0,0,0,0,0,0,0,0,5,8
238,Tyrone Hill,IND,200104240PHI,"Apr 24, 2001",PHI,5,2,4,4,62.5,66.49,-3.99,2,2,0,0,2,3,0,0,0,0,0,0,0,0,0,0,0,0,0,0,0,0,0,0
147,Jalen Rose,IND,200104240PHI,"Apr 24, 2001",PHI,18,17,2,18,42.86,50.34,-7.48,11,10,6,6,0,0,0,0,0,0,0,0,0,0,0,0,0,0,0,0,0,0,1,2
440,Zan Tabak,IND,200104240PHI,"Apr 24, 2001",PHI,1,1,2,2,25.0,26.6,-1.6,1,0,0,0,0,0,0,0,0,0,0,0,0,0,0,0,0,0,0,0,0,0,1,1
979,Jermaine O'Neal,IND,200104240PHI,"Apr 24, 2001",PHI,11,8,6,11,50.0,51.69,-1.69,8,8,0,0,1,0,0,0,0,0,0,0,0,0,0,0,0,0,0,0,0,0,2,3
727,Eric Snow,PHI,200104240PHI,"Apr 24, 2001",IND,10,9,0,9,55.56,55.56,0.0,9,10,0,0,0,0,0,0,0,0,0,0,0,0,0,0,0,0,0,0,0,0,0,0
87,Dikembe Mutombo,PHI,200104240PHI,"Apr 24, 2001",IND,3,7,2,8,18.75,19.04,-0.29,7,2,0,0,0,0,0,0,0,0,0,0,0,0,0,0,0,0,0,0,0,0,1,1
1506,Austin Croshere,IND,200104240PHI,"Apr 24, 2001",PHI,10,9,3,10,41.67,48.45,-6.78,5,2,3,3,0,0,0,0,1,3,0,0,0,0,0,0,0,0,0,0,0,0,1,2
696,Travis Best,IND,200104240PHI,"Apr 24, 2001",PHI,10,8,2,9,55.56,56.31,-0.75,8,8,0,0,0,0,0,0,0,0,0,0,0,0,0,0,0,0,0,0,0,0,1,2
1563,Kevin Ollie,PHI,200104240PHI,"Apr 24, 2001",IND,6,2,2,3,100.0,104.17,-4.17,2,4,0,0,1,2,0,0,0,0,0,0,0,0,0,0,0,0,0,0,0,0,0,0
243,Aaron McKie,PHI,200104240PHI,"Apr 24, 2001",IND,19,12,2,13,61.29,73.76,-12.47,7,6,5,12,1,1,0,0,0,0,0,0,0,0,0,0,0,0,0,0,0,0,0,0
1733,Al Harrington,IND,200104240PHI,"Apr 24, 2001",PHI,3,5,2,6,23.08,25.51,-2.43,4,2,1,0,1,1,0,0,0,0,0,0,0,0,0,0,0,0,0,0,0,0,0,0
1908,Jumaine Jones,PHI,200104240PHI,"Apr 24, 2001",IND,8,7,4,9,40.0,45.66,-5.66,5,4,2,0,0,0,0,0,0,0,0,0,0,0,0,0,0,0,0,0,0,0,2,4
761,Matt Geiger,PHI,200104240PHI,"Apr 24, 2001",IND,2,2,0,2,50.0,50.0,0.0,2,2,0,0,0,0,0,0,0,0,0,0,0,0,0,0,0,0,0,0,0,0,0,0
365,Derrick McKey,IND,200104240PHI,"Apr 24, 2001",PHI,0,1,0,1,0.0,0.0,0.0,1,0,0,0,0,0,0,0,0,0,0,0,0,0,0,0,0,0,0,0,0,0,0,0
64,Sam Perkins,IND,200104240PHI,"Apr 24, 2001",PHI,0,1,0,1,0.0,0.0,0.0,0,0,1,0,0,0,0,0,0,0,0,0,0,0,0,0,0,0,0,0,0,0,0,0
1902,Jeff Foster,IND,200104240PHI,"Apr 24, 2001",PHI,2,0,2,1,100.0,113.64,-13.64,0,0,0,0,0,0,0,0,0,0,0,0,0,0,0,0,0,0,0,0,0,0,1,2
721,Tyus Edney,IND,200104240PHI,"Apr 24, 2001",PHI,2,4,0,4,22.22,25.0,-2.78,3,2,1,0,0,0,0,0,0,0,0,0,0,0,0,0,0,0,0,0,0,0,0,0
1886,Jonathan Bender,IND,200104240PHI,"Apr 24, 2001",PHI,0,1,0,1,0.0,0.0,0.0,1,0,0,0,0,0,0,0,0,0,0,0,0,0,0,0,0,0,0,0,0,0,0,0
1934,Rodney Buford,PHI,200104240PHI,"Apr 24, 2001",IND,2,2,0,2,50.0,50.0,0.0,2,2,0,0,0,0,0,0,0,0,0,0,0,0,0,0,0,0,0,0,0,0,0,0
436,Juwan Howard,DAL,200104240UTA,"Apr 24, 2001",UTA,17,15,8,19,44.74,45.9,-1.16,15,12,0,0,3,4,0,0,0,0,0,0,0,0,0,0,0,0,0,0,0,0,1,1
923,Donyell Marshall,UTA,200104240UTA,"Apr 24, 2001",DAL,4,6,2,7,26.67,29.07,-2.4,5,2,1,0,0,0,0,0,0,0,0,0,0,0,0,0,0,0,0,0,0,0,1,2
178,Olden Polynice,UTA,200104240UTA,"Apr 24, 2001",DAL,11,9,2,10,55.0,55.67,-0.67,9,10,0,0,0,0,0,0,0,0,0,0,0,0,0,0,0,0,0,0,0,0,1,1
762,Shawn Bradley,DAL,200104240UTA,"Apr 24, 2001",UTA,7,3,7,6,53.85,57.57,-3.72,2,0,0,0,0,0,0,0,1,3,0,0,0,0,0,0,0,0,0,0,0,0,3,4
252,Karl Malone,UTA,200104240UTA,"Apr 24, 2001",DAL,34,22,14,29,58.62,60.37,-1.75,22,22,0,0,2,4,0,0,0,0,0,0,0,0,0,0,0,0,0,0,0,0,5,8
959,Steve Nash,DAL,200104240UTA,"Apr 24, 2001",UTA,19,13,6,16,46.34,60.74,-14.4,4,8,9,6,1,2,0,0,0,0,0,0,1,2,0,0,0,0,0,0,0,0,1,1
304,John Stockton,UTA,200104240UTA,"Apr 24, 2001",DAL,13,8,6,11,54.17,61.09,-6.92,6,8,2,0,2,4,0,0,0,0,0,0,0,0,0,0,0,0,0,0,0,0,1,1
714,Michael Finley,DAL,200104240UTA,"Apr 24, 2001",UTA,32,23,11,28,48.48,57.47,-8.99,13,12,9,9,1,2,0,0,1,3,0,0,0,0,0,0,0,0,0,0,0,0,4,6
1717,Dirk Nowitzki,DAL,200104240UTA,"Apr 24, 2001",UTA,15,11,10,15,40.54,48.7,-8.16,5,2,4,0,4,7,0,0,1,2,1,4,0,0,0,0,0,0,0,0,0,0,0,0
935,Bryon Russell,UTA,200104240UTA,"Apr 24, 2001",DAL,24,11,8,15,66.67,82.64,-15.97,5,4,6,12,2,4,0,0,0,0,0,0,0,0,0,0,0,0,0,0,0,0,2,4
1521,Jacque Vaughn,UTA,200104240UTA,"Apr 24, 2001",DAL,3,2,0,2,60.0,75.0,-15.0,1,0,1,3,0,0,0,0,0,0,0,0,0,0,0,0,0,0,0,0,0,0,0,0
137,Vernon Maxwell,DAL,200104240UTA,"Apr 24, 2001",UTA,0,2,0,2,0.0,0.0,0.0,0,0,2,0,0,0,0,0,0,0,0,0,0,0,0,0,0,0,0,0,0,0,0,0
330,Danny Manning,UTA,200104240UTA,"Apr 24, 2001",DAL,4,3,2,4,50.0,51.55,-1.55,3,2,0,0,0,0,0,0,0,0,0,0,0,0,0,0,0,0,0,0,0,0,1,2
128,David Benoit,UTA,200104240UTA,"Apr 24, 2001",DAL,11,6,5,9,61.11,67.07,-5.96,5,6,1,0,0,0,0,0,0,0,0,0,1,1,0,0,0,0,0,0,0,0,2,4
1916,Calvin Booth,DAL,200104240UTA,"Apr 24, 2001",UTA,3,1,1,1,100.0,104.17,-4.17,0,0,0,0,0,0,0,0,1,3,0,0,0,0,0,0,0,0,0,0,0,0,0,0
2059,Eduardo Najera,DAL,200104240UTA,"Apr 24, 2001",UTA,2,1,0,1,100.0,100.0,0.0,1,2,0,0,0,0,0,0,0,0,0,0,0,0,0,0,0,0,0,0,0,0,0,0
692,Andrew DeClercq,ORL,200104250MIL,"Apr 25, 2001",MIL,3,2,2,3,50.0,52.08,-2.08,2,2,0,0,1,1,0,0,0,0,0,0,0,0,0,0,0,0,0,0,0,0,0,0
998,Mark Pope,MIL,200104250MIL,"Apr 25, 2001",ORL,4,3,0,3,66.67,66.67,0.0,3,4,0,0,0,0,0,0,0,0,0,0,0,0,0,0,0,0,0,0,0,0,0,0
951,Ray Allen,MIL,200104250MIL,"Apr 25, 2001",ORL,25,12,11,17,65.79,74.23,-8.44,8,8,3,6,3,4,0,0,1,3,0,0,0,0,0,0,0,0,0,0,0,0,2,4
353,Darrell Armstrong,MIL,200104250MIL,"Apr 25, 2001",ORL,9,10,2,11,37.5,41.36,-3.86,8,8,2,0,0,0,0,0,0,0,0,0,0,0,0,0,0,0,0,0,0,0,1,1
1503,Tracy McGrady,ORL,200104250MIL,"Apr 25, 2001",MIL,35,31,3,32,50.72,54.15,-3.43,26,24,4,6,1,2,0,0,1,3,0,0,0,0,0,0,0,0,0,0,0,0,0,0
448,Bo Outlaw,ORL,200104250MIL,"Apr 25, 2001",MIL,17,10,2,11,77.27,78.12,-0.85,10,16,0,0,1,1,0,0,0,0,0,0,0,0,0,0,0,0,0,0,0,0,0,0
2034,Mike Miller,ORL,200104250MIL,"Apr 25, 2001",MIL,11,10,2,11,40.74,50.55,-9.81,5,4,5,6,1,1,0,0,0,0,0,0,0,0,0,0,0,0,0,0,0,0,0,0
208,Sam Cassell,MIL,200104250MIL,"Apr 25, 2001",ORL,26,21,9,25,50.0,52.08,-2.08,20,14,1,3,3,6,1,3,0,0,0,0,0,0,0,0,0,0,0,0,0,0,0,0
281,Scott Williams,MIL,200104250MIL,"Apr 25, 2001",ORL,8,10,0,10,40.0,40.0,0.0,10,8,0,0,0,0,0,0,0,0,0,0,0,0,0,0,0,0,0,0,0,0,0,0
299,Glenn Robinson,MIL,200104250MIL,"Apr 25, 2001",ORL,14,15,4,17,38.89,41.77,-2.88,13,8,2,3,0,0,0,0,0,0,0,0,0,0,0,0,0,0,0,0,0,0,2,3
244,Dee Brown,ORL,200104250MIL,"Apr 25, 2001",MIL,0,2,0,2,0.0,0.0,0.0,0,0,2,0,0,0,0,0,0,0,0,0,0,0,0,0,0,0,0,0,0,0,0,0
1607,Troy Hudson,ORL,200104250MIL,"Apr 25, 2001",MIL,4,7,0,7,28.57,28.57,0.0,7,4,0,0,0,0,0,0,0,0,0,0,0,0,0,0,0,0,0,0,0,0,0,0
680,John Amaechi,ORL,200104250MIL,"Apr 25, 2001",MIL,0,1,0,1,0.0,0.0,0.0,1,0,0,0,0,0,0,0,0,0,0,0,0,0,0,0,0,0,0,0,0,0,0,0
911,Ervin Johnson,MIL,200104250MIL,"Apr 25, 2001",ORL,0,1,0,1,0.0,0.0,0.0,1,0,0,0,0,0,0,0,0,0,0,0,0,0,0,0,0,0,0,0,0,0,0,0
1501,Tim Thomas,MIL,200104250MIL,"Apr 25, 2001",ORL,5,6,4,8,29.41,32.22,-2.81,5,4,1,0,2,1,0,0,0,0,0,0,0,0,0,0,0,0,0,0,0,0,0,0
283,Lindsey Hunter,MIL,200104250MIL,"Apr 25, 2001",ORL,6,7,0,7,33.33,42.86,-9.53,3,0,4,6,0,0,0,0,0,0,0,0,0,0,0,0,0,0,0,0,0,0,0,0
679,Jason Caffey,MIL,200104250MIL,"Apr 25, 2001",ORL,13,8,3,9,68.42,69.74,-1.32,7,10,0,0,1,1,0,0,1,2,0,0,0,0,0,0,0,0,0,0,0,0,0,0
1727,Pat Garrity,ORL,200104250MIL,"Apr 25, 2001",MIL,10,8,2,9,45.45,56.31,-10.86,4,0,4,9,0,0,0,0,0,0,0,0,0,0,0,0,0,0,0,0,0,0,1,1
1720,Michael Doleac,MIL,200104250MIL,"Apr 25, 2001",ORL,4,6,0,6,33.33,33.33,0.0,6,4,0,0,0,0,0,0,0,0,0,0,0,0,0,0,0,0,0,0,0,0,0,0
690,Don Reid,ORL,200104250MIL,"Apr 25, 2001",MIL,2,1,2,2,50.0,53.19,-3.19,1,2,0,0,1,0,0,0,0,0,0,0,0,0,0,0,0,0,0,0,0,0,0,0
124,Vlade Divac,SAC,200104250SAC,"Apr 25, 2001",PHX,10,6,4,8,58.82,64.43,-5.61,5,6,1,0,2,4,0,0,0,0,0,0,0,0,0,0,0,0,0,0,0,0,0,0
467,Jason Kidd,PHX,200104250SAC,"Apr 25, 2001",SAC,7,12,2,13,22.58,27.17,-4.59,7,0,5,6,1,1,0,0,0,0,0,0,0,0,0,0,0,0,0,0,0,0,0,0
1890,Shawn Marion,PHX,200104250SAC,"Apr 25, 2001",SAC,10,12,2,13,38.46,38.82,-0.36,12,8,0,0,1,2,0,0,0,0,0,0,0,0,0,0,0,0,0,0,0,0,0,0
53,Mario Elie,PHX,200104250SAC,"Apr 25, 2001",SAC,11,9,2,10,44.0,55.67,-11.67,4,6,5,3,1,2,0,0,0,0,0,0,0,0,0,0,0,0,0,0,0,0,0,0
1715,Jason Williams,SAC,200104250SAC,"Apr 25, 2001",PHX,18,11,2,12,64.29,75.76,-11.47,7,10,4,6,1,2,0,0,0,0,0,0,0,0,0,0,0,0,0,0,0,0,0,0
2054,Jake Tsakalidis,PHX,200104250SAC,"Apr 25, 2001",SAC,0,3,0,3,0.0,0.0,0.0,3,0,0,0,0,0,0,0,0,0,0,0,0,0,0,0,0,0,0,0,0,0,0,0
978,Peja Stojakovic,SAC,200104250SAC,"Apr 25, 2001",PHX,22,15,8,19,53.66,59.4,-5.74,12,12,3,3,3,5,0,0,0,0,0,0,0,0,0,0,0,0,0,0,0,0,1,2
185,Chris Webber,SAC,200104250SAC,"Apr 25, 2001",PHX,16,18,2,19,42.11,42.37,-0.26,18,16,0,0,1,0,0,0,0,0,0,0,0,0,0,0,0,0,0,0,0,0,0,0
361,Clifford Robinson,PHX,200104250SAC,"Apr 25, 2001",SAC,11,10,6,13,39.29,43.51,-4.22,8,6,2,0,3,5,0,0,0,0,0,0,0,0,0,0,0,0,0,0,0,0,0,0
57,Doug Christie,SAC,200104250SAC,"Apr 25, 2001",PHX,11,8,3,10,55.0,59.01,-4.01,7,8,1,0,1,2,0,0,0,0,0,0,1,1,0,0,0,0,0,0,0,0,0,0
915,Rodney Rogers,PHX,200104250SAC,"Apr 25, 2001",SAC,6,8,4,10,27.27,30.74,-3.47,6,2,2,0,2,4,0,0,0,0,0,0,0,0,0,0,0,0,0,0,0,0,0,0
960,Tony Delk,PHX,200104250SAC,"Apr 25, 2001",SAC,14,13,6,16,41.18,44.76,-3.58,11,6,2,3,1,2,0,0,0,0,0,0,0,0,0,0,0,0,0,0,0,0,2,3
339,Tom Gugliotta,PHX,200104250SAC,"Apr 25, 2001",SAC,10,11,3,12,40.0,40.58,-0.58,10,6,0,0,1,1,0,0,1,3,0,0,0,0,0,0,0,0,0,0,0,0,0,0
1513,Scot Pollard,SAC,200104250SAC,"Apr 25, 2001",PHX,11,7,2,8,68.75,69.8,-1.05,7,10,0,0,1,1,0,0,0,0,0,0,0,0,0,0,0,0,0,0,0,0,0,0
1517,Bobby Jackson,SAC,200104250SAC,"Apr 25, 2001",PHX,16,7,2,8,84.21,101.52,-17.31,4,8,3,6,1,2,0,0,0,0,0,0,0,0,0,0,0,0,0,0,0,0,0,0
2045,Hedo Turkoglu,SAC,200104250SAC,"Apr 25, 2001",PHX,3,5,0,5,27.27,30.0,-2.73,4,0,1,3,0,0,0,0,0,0,0,0,0,0,0,0,0,0,0,0,0,0,0,0
219,Vinny Del Negro,PHX,200104250SAC,"Apr 25, 2001",SAC,6,6,0,6,50.0,50.0,0.0,6,6,0,0,0,0,0,0,0,0,0,0,0,0,0,0,0,0,0,0,0,0,0,0
386,Elliot Perry,PHX,200104250SAC,"Apr 25, 2001",SAC,11,9,1,9,55.0,58.26,-3.26,7,8,1,0,0,0,0,0,1,3,0,0,0,0,0,0,0,0,0,0,0,0,0,0
2091,Daniel Santiago,PHX,200104250SAC,"Apr 25, 2001",SAC,2,2,0,2,50.0,50.0,0.0,2,2,0,0,0,0,0,0,0,0,0,0,0,0,0,0,0,0,0,0,0,0,0,0
468,Jon Barry,SAC,200104250SAC,"Apr 25, 2001",PHX,3,2,0,2,60.0,75.0,-15.0,1,0,1,3,0,0,0,0,0,0,0,0,0,0,0,0,0,0,0,0,0,0,0,0
1444,Lawrence Funderburke,SAC,200104250SAC,"Apr 25, 2001",PHX,5,4,1,4,55.56,56.31,-0.75,3,2,0,0,0,0,0,0,1,3,0,0,0,0,0,0,0,0,0,0,0,0,0,0
239,Darrick Martin,SAC,200104250SAC,"Apr 25, 2001",PHX,0,5,0,5,0.0,0.0,0.0,3,0,2,0,0,0,0,0,0,0,0,0,0,0,0,0,0,0,0,0,0,0,0,0
201,Chris Dudley,PHX,200104250SAC,"Apr 25, 2001",SAC,2,1,0,1,100.0,100.0,0.0,1,2,0,0,0,0,0,0,0,0,0,0,0,0,0,0,0,0,0,0,0,0,0,0
164,Chris Childs,TOR,200104260NYK,"Apr 26, 2001",NYK,5,7,2,8,26.32,31.73,-5.41,4,0,3,3,1,2,0,0,0,0,0,0,0,0,0,0,0,0,0,0,0,0,0,0
213,Antonio Davis,TOR,200104260NYK,"Apr 26, 2001",NYK,15,12,4,14,53.57,54.51,-0.94,12,12,0,0,2,3,0,0,0,0,0,0,0,0,0,0,0,0,0,0,0,0,0,0
275,Allan Houston,NYK,200104260NYK,"Apr 26, 2001",TOR,14,11,4,13,51.85,54.86,-3.01,10,10,1,0,1,2,0,0,0,0,0,0,0,0,0,0,0,0,0,0,0,0,1,2
84,Latrell Sprewell,NYK,200104260NYK,"Apr 26, 2001",TOR,6,12,0,12,24.0,25.0,-1.0,11,6,1,0,0,0,0,0,0,0,0,0,0,0,0,0,0,0,0,0,0,0,0,0
891,Charles Oakley,TOR,200104260NYK,"Apr 26, 2001",NYK,12,11,2,12,48.0,50.51,-2.51,10,10,1,0,1,2,0,0,0,0,0,0,0,0,0,0,0,0,0,0,0,0,0,0
703,Kurt Thomas,NYK,200104260NYK,"Apr 26, 2001",TOR,23,14,12,20,57.5,59.65,-2.15,14,14,0,0,5,8,0,0,0,0,0,0,0,0,0,0,0,0,0,0,0,0,1,1
1713,Vince Carter,TOR,200104260NYK,"Apr 26, 2001",NYK,22,22,4,23,42.31,46.3,-3.99,16,16,4,0,1,2,0,0,2,4,0,0,0,0,0,0,0,0,0,0,0,0,0,0
349,Mark Jackson,NYK,200104260NYK,"Apr 26, 2001",TOR,10,11,0,11,43.48,45.45,-1.97,10,10,1,0,0,0,0,0,0,0,0,0,0,0,0,0,0,0,0,0,0,0,0,0
1541,Alvin Williams,TOR,200104260NYK,"Apr 26, 2001",NYK,23,18,1,18,54.76,62.36,-7.6,12,12,5,9,0,0,0,0,1,2,0,0,0,0,0,0,0,0,0,0,0,0,0,0
948,Marcus Camby,NYK,200104260NYK,"Apr 26, 2001",TOR,2,4,4,6,16.67,17.36,-0.69,4,2,0,0,1,0,0,0,0,0,0,0,0,0,0,0,0,0,0,0,0,0,1,0
970,Othella Harrington,NYK,200104260NYK,"Apr 26, 2001",TOR,4,2,2,3,66.67,69.44,-2.77,2,2,0,0,1,2,0,0,0,0,0,0,0,0,0,0,0,0,0,0,0,0,0,0
1721,Keon Clark,TOR,200104260NYK,"Apr 26, 2001",NYK,7,7,3,8,41.18,42.07,-0.89,6,2,0,0,1,2,0,0,1,3,0,0,0,0,0,0,0,0,0,0,0,0,0,0
779,Glen Rice,NYK,200104260NYK,"Apr 26, 2001",TOR,12,8,2,9,60.0,67.57,-7.57,6,4,2,6,1,2,0,0,0,0,0,0,0,0,0,0,0,0,0,0,0,0,0,0
369,Charlie Ward,NYK,200104260NYK,"Apr 26, 2001",TOR,0,3,0,3,0.0,0.0,0.0,3,0,0,0,0,0,0,0,0,0,0,0,0,0,0,0,0,0,0,0,0,0,0,0
966,Jerome Williams,TOR,200104260NYK,"Apr 26, 2001",NYK,2,2,4,4,25.0,26.6,-1.6,2,0,0,0,1,1,0,0,0,0,0,0,0,0,0,0,0,0,0,0,0,0,1,1
2050,Morris Peterson,TOR,200104260NYK,"Apr 26, 2001",NYK,2,1,0,1,100.0,100.0,0.0,1,2,0,0,0,0,0,0,0,0,0,0,0,0,0,0,0,0,0,0,0,0,0,0
209,Dell Curry,TOR,200104260NYK,"Apr 26, 2001",NYK,4,2,2,3,66.67,69.44,-2.77,2,2,0,0,1,2,0,0,0,0,0,0,0,0,0,0,0,0,0,0,0,0,0,0
1594,Rick Brunson,NYK,200104260NYK,"Apr 26, 2001",TOR,3,1,4,3,50.0,54.35,-4.35,1,0,0,0,2,3,0,0,0,0,0,0,0,0,0,0,0,0,0,0,0,0,0,0
145,Tracy Murray,TOR,200104260NYK,"Apr 26, 2001",NYK,2,1,0,1,100.0,100.0,0.0,1,2,0,0,0,0,0,0,0,0,0,0,0,0,0,0,0,0,0,0,0,0,0,0
965,Derek Fisher,LAL,200104260LAL,"Apr 26, 2001",POR,9,13,0,13,29.03,34.62,-5.59,8,6,5,3,0,0,0,0,0,0,0,0,0,0,0,0,0,0,0,0,0,0,0,0
937,Scottie Pippen,POR,200104260LAL,"Apr 26, 2001",LAL,21,15,5,17,50.0,61.05,-11.05,7,10,7,6,1,1,0,0,1,3,0,0,0,0,0,0,0,0,0,0,0,0,1,1
977,Kobe Bryant,LAL,200104260LAL,"Apr 26, 2001",POR,22,11,7,14,70.97,78.12,-7.15,9,14,2,3,2,3,1,2,0,0,0,0,0,0,0,0,0,0,0,0,0,0,0,0
270,Horace Grant,POR,200104260LAL,"Apr 26, 2001",LAL,4,5,0,5,40.0,40.0,0.0,5,4,0,0,0,0,0,0,0,0,0,0,0,0,0,0,0,0,0,0,0,0,0,0
739,Rasheed Wallace,POR,200104260LAL,"Apr 26, 2001",LAL,17,14,4,16,45.95,53.93,-7.98,9,8,5,6,1,2,0,0,0,0,0,0,0,0,0,0,0,0,0,0,0,0,1,1
296,Rick Fox,LAL,200104260LAL,"Apr 26, 2001",POR,19,14,0,14,54.29,67.86,-13.57,7,10,7,9,0,0,0,0,0,0,0,0,0,0,0,0,0,0,0,0,0,0,0,0
757,Damon Stoudamire,POR,200104260LAL,"Apr 26, 2001",LAL,10,9,4,11,38.46,46.47,-8.01,5,6,4,0,2,4,0,0,0,0,0,0,0,0,0,0,0,0,0,0,0,0,0,0
406,Shaquille O'Neal,LAL,200104260LAL,"Apr 26, 2001",POR,31,24,8,27,55.36,56.32,-0.96,22,24,0,0,3,2,0,0,2,5,0,0,0,0,0,0,0,0,0,0,0,0,0,0
120,Steven Smith,POR,200104260LAL,"Apr 26, 2001",LAL,13,10,4,12,50.0,55.27,-5.27,8,10,2,0,0,0,0,0,0,0,0,0,0,0,0,0,0,0,0,0,0,0,2,3
216,Brian Shaw,LAL,200104260LAL,"Apr 26, 2001",POR,7,7,0,7,43.75,50.0,-6.25,5,4,2,3,0,0,0,0,0,0,0,0,0,0,0,0,0,0,0,0,0,0,0,0
717,Arvydas Sabonis,POR,200104260LAL,"Apr 26, 2001",LAL,11,10,2,11,50.0,50.55,-0.55,10,10,0,0,0,0,0,0,0,0,0,0,0,0,0,0,0,0,0,0,0,0,1,1
905,Dale Davis,POR,200104260LAL,"Apr 26, 2001",LAL,1,2,2,3,14.29,17.36,-3.07,1,0,1,0,1,1,0,0,0,0,0,0,0,0,0,0,0,0,0,0,0,0,0,0
278,Stacey Augmon,POR,200104260LAL,"Apr 26, 2001",LAL,1,4,1,5,11.11,11.26,-0.15,4,0,0,0,0,0,0,0,0,0,0,0,0,0,0,0,0,0,0,0,1,1,0,0
109,Robert Horry,LAL,200104260LAL,"Apr 26, 2001",POR,2,7,0,7,10.53,14.29,-3.76,2,2,5,0,0,0,0,0,0,0,0,0,0,0,0,0,0,0,0,0,0,0,0,0
393,Rod Strickland,POR,200104260LAL,"Apr 26, 2001",LAL,0,1,0,1,0.0,0.0,0.0,1,0,0,0,0,0,0,0,0,0,0,0,0,0,0,0,0,0,0,0,0,0,0,0
1731,Tyronn Lue,LAL,200104260LAL,"Apr 26, 2001",POR,1,3,2,4,11.11,12.89,-1.78,2,0,1,0,0,0,0,0,0,0,0,0,0,0,0,0,0,0,0,0,0,0,1,1
96,Detlef Schrempf,POR,200104260LAL,"Apr 26, 2001",LAL,9,2,4,4,100.0,119.68,-19.68,1,2,1,3,1,2,0,0,0,0,0,0,0,0,0,0,0,0,0,0,0,0,1,2
1904,Devean George,LAL,200104260LAL,"Apr 26, 2001",POR,6,4,0,4,75.0,75.0,0.0,4,6,0,0,0,0,0,0,0,0,0,0,0,0,0,0,0,0,0,0,0,0,0,0
2058,Mark Madsen,LAL,200104260LAL,"Apr 26, 2001",POR,0,1,0,1,0.0,0.0,0.0,1,0,0,0,0,0,0,0,0,0,0,0,0,0,0,0,0,0,0,0,0,0,0,0
21,Greg Anthony,POR,200104260LAL,"Apr 26, 2001",LAL,2,2,0,2,50.0,50.0,0.0,2,2,0,0,0,0,0,0,0,0,0,0,0,0,0,0,0,0,0,0,0,0,0,0
781,Will Perdue,POR,200104260LAL,"Apr 26, 2001",LAL,0,0,2,1,0.0,0.0,0.0,0,0,0,0,1,0,0,0,0,0,0,0,0,0,0,0,0,0,0,0,0,0,0,0
1853,Anthony Carter,CHA,200104270CHH,"Apr 27, 2001",MIA,4,6,0,6,33.33,33.33,0.0,6,4,0,0,0,0,0,0,0,0,0,0,0,0,0,0,0,0,0,0,0,0,0,0
922,Elden Campbell,CHA,200104270CHH,"Apr 27, 2001",MIA,5,5,2,6,41.67,42.52,-0.85,5,4,0,0,1,1,0,0,0,0,0,0,0,0,0,0,0,0,0,0,0,0,0,0
224,Eddie Jones,MIA,200104270CHH,"Apr 27, 2001",CHA,22,14,2,15,66.67,73.92,-7.25,11,14,3,6,1,2,0,0,0,0,0,0,0,0,0,0,0,0,0,0,0,0,0,0
133,David Wesley,CHA,200104270CHH,"Apr 27, 2001",MIA,15,14,3,15,45.45,48.96,-3.51,11,8,2,3,0,0,0,0,1,3,0,0,0,0,0,0,0,0,0,0,0,0,1,1
136,P.J. Brown,CHA,200104270CHH,"Apr 27, 2001",MIA,13,7,10,12,54.17,57.02,-2.85,7,6,0,0,3,4,0,0,0,0,0,0,0,0,0,0,0,0,0,0,0,0,2,3
297,Alonzo Mourning,MIA,200104270CHH,"Apr 27, 2001",CHA,11,8,10,13,42.31,44.35,-2.04,8,6,0,0,2,2,0,0,0,0,0,0,0,0,0,0,0,0,0,0,0,0,3,3
193,Anthony Mason,MIA,200104270CHH,"Apr 27, 2001",CHA,4,3,2,4,50.0,51.55,-1.55,3,2,0,0,1,2,0,0,0,0,0,0,0,0,0,0,0,0,0,0,0,0,0,0
469,Jamal Mashburn,CHA,200104270CHH,"Apr 27, 2001",MIA,21,14,10,19,52.5,57.07,-4.57,12,8,2,3,4,8,0,0,0,0,0,0,0,0,0,0,0,0,0,0,0,0,1,2
1884,Baron Davis,CHA,200104270CHH,"Apr 27, 2001",MIA,21,15,4,17,56.76,62.65,-5.89,12,18,3,0,1,1,0,0,0,0,0,0,0,0,0,0,0,0,0,0,0,0,1,2
1477,Bruce Bowen,MIA,200104270CHH,"Apr 27, 2001",CHA,0,1,0,1,0.0,0.0,0.0,1,0,0,0,0,0,0,0,0,0,0,0,0,0,0,0,0,0,0,0,0,0,0,0
258,Brian Grant,MIA,200104270CHH,"Apr 27, 2001",CHA,15,14,6,17,44.12,45.07,-0.95,14,10,0,0,3,5,0,0,0,0,0,0,0,0,0,0,0,0,0,0,0,0,0,0
105,Dan Majerle,MIA,200104270CHH,"Apr 27, 2001",CHA,8,5,4,7,44.44,59.17,-14.73,1,0,4,6,2,2,0,0,0,0,0,0,0,0,0,0,0,0,0,0,0,0,0,0
2067,Eddie House,MIA,200104270CHH,"Apr 27, 2001",CHA,13,18,0,18,33.33,36.11,-2.78,15,10,3,3,0,0,0,0,0,0,0,0,0,0,0,0,0,0,0,0,0,0,0,0
1944,Eddie Robinson,CHA,200104270CHH,"Apr 27, 2001",MIA,14,9,2,10,70.0,70.85,-0.85,9,12,0,0,1,2,0,0,0,0,0,0,0,0,0,0,0,0,0,0,0,0,0,0
920,A.C. Green,MIA,200104270CHH,"Apr 27, 2001",CHA,1,2,1,3,20.0,20.49,-0.49,2,0,0,0,0,0,0,0,0,0,0,0,0,0,0,0,0,0,0,0,1,1,0,0
934,Derrick Coleman,CHA,200104270CHH,"Apr 27, 2001",MIA,5,8,2,9,25.0,28.15,-3.15,6,4,2,0,1,1,0,0,0,0,0,0,0,0,0,0,0,0,0,0,0,0,0,0
76,Cedric Ceballos,MIA,200104270CHH,"Apr 27, 2001",CHA,0,1,0,1,0.0,0.0,0.0,1,0,0,0,0,0,0,0,0,0,0,0,0,0,0,0,0,0,0,0,0,0,0,0
765,Hersey Hawkins,CHA,200104270CHH,"Apr 27, 2001",MIA,0,1,0,1,0.0,0.0,0.0,0,0,1,0,0,0,0,0,0,0,0,0,0,0,0,0,0,0,0,0,0,0,0,0
696,Travis Best,IND,200104280IND,"Apr 28, 2001",PHI,6,9,0,9,33.33,33.33,0.0,9,6,0,0,0,0,0,0,0,0,0,0,0,0,0,0,0,0,0,0,0,0,0,0
238,Tyrone Hill,PHI,200104280IND,"Apr 28, 2001",IND,5,4,3,5,45.45,46.99,-1.54,3,0,0,0,1,2,0,0,1,3,0,0,0,0,0,0,0,0,0,0,0,0,0,0
87,Dikembe Mutombo,PHI,200104280IND,"Apr 28, 2001",IND,10,11,4,13,37.04,39.18,-2.14,10,6,1,0,1,2,0,0,0,0,0,0,0,0,0,0,0,0,0,0,0,0,1,2
147,Jalen Rose,IND,200104280IND,"Apr 28, 2001",PHI,19,21,3,22,38.78,42.56,-3.78,16,14,4,0,0,0,0,0,1,3,0,0,0,0,0,0,0,0,0,0,0,0,1,2
1902,Jeff Foster,IND,200104280IND,"Apr 28, 2001",PHI,4,5,0,5,40.0,40.0,0.0,5,4,0,0,0,0,0,0,0,0,0,0,0,0,0,0,0,0,0,0,0,0,0,0
727,Eric Snow,PHI,200104280IND,"Apr 28, 2001",IND,11,12,2,13,42.31,42.7,-0.39,12,10,0,0,0,0,0,0,0,0,0,0,0,0,0,0,0,0,0,0,0,0,1,1
979,Jermaine O'Neal,IND,200104280IND,"Apr 28, 2001",PHI,0,4,0,4,0.0,0.0,0.0,4,0,0,0,0,0,0,0,0,0,0,0,0,0,0,0,0,0,0,0,0,0,0,0
248,George Lynch,PHI,200104280IND,"Apr 28, 2001",IND,10,9,2,10,50.0,50.61,-0.61,9,10,0,0,1,0,0,0,0,0,0,0,0,0,0,0,0,0,0,0,0,0,0,0
397,Reggie Miller,IND,200104280IND,"Apr 28, 2001",PHI,34,25,7,28,47.89,60.54,-12.65,10,10,14,15,2,4,0,0,1,3,0,0,0,0,0,0,0,0,0,0,0,0,1,2
947,Allen Iverson,PHI,200104280IND,"Apr 28, 2001",IND,31,28,12,34,44.29,46.57,-2.28,26,22,2,0,2,3,0,0,0,0,0,0,1,1,0,0,0,0,0,0,0,0,3,5
243,Aaron McKie,PHI,200104280IND,"Apr 28, 2001",IND,22,14,6,17,57.89,66.11,-8.22,10,14,4,3,2,3,0,0,0,0,0,0,0,0,0,0,0,0,0,0,0,0,1,2
1908,Jumaine Jones,PHI,200104280IND,"Apr 28, 2001",IND,0,3,0,3,0.0,0.0,0.0,3,0,0,0,0,0,0,0,0,0,0,0,0,0,0,0,0,0,0,0,0,0,0,0
1506,Austin Croshere,IND,200104280IND,"Apr 28, 2001",PHI,13,11,6,13,41.94,47.65,-5.71,6,4,3,0,1,2,0,0,2,6,0,0,0,0,0,0,0,0,0,0,0,0,1,1
1563,Kevin Ollie,PHI,200104280IND,"Apr 28, 2001",IND,0,1,0,1,0.0,0.0,0.0,1,0,0,0,0,0,0,0,0,0,0,0,0,0,0,0,0,0,0,0,0,0,0,0
1733,Al Harrington,IND,200104280IND,"Apr 28, 2001",PHI,2,5,0,5,18.18,20.0,-1.82,4,2,1,0,0,0,0,0,0,0,0,0,0,0,0,0,0,0,0,0,0,0,0,0
761,Matt Geiger,PHI,200104280IND,"Apr 28, 2001",IND,2,1,0,1,100.0,100.0,0.0,1,2,0,0,0,0,0,0,0,0,0,0,0,0,0,0,0,0,0,0,0,0,0,0
721,Tyus Edney,IND,200104280IND,"Apr 28, 2001",PHI,2,3,0,3,33.33,33.33,0.0,3,2,0,0,0,0,0,0,0,0,0,0,0,0,0,0,0,0,0,0,0,0,0,0
365,Derrick McKey,IND,200104280IND,"Apr 28, 2001",PHI,6,3,2,4,66.67,77.32,-10.65,2,2,1,3,0,0,0,0,0,0,0,0,0,0,0,0,0,0,0,0,0,0,1,1
762,Shawn Bradley,DAL,200104280DAL,"Apr 28, 2001",UTA,10,6,2,7,71.43,72.67,-1.24,6,8,0,0,0,0,0,0,0,0,0,0,0,0,0,0,0,0,0,0,0,0,1,2
935,Bryon Russell,UTA,200104280DAL,"Apr 28, 2001",DAL,14,11,0,11,53.85,63.64,-9.79,7,8,4,6,0,0,0,0,0,0,0,0,0,0,0,0,0,0,0,0,0,0,0,0
252,Karl Malone,UTA,200104280DAL,"Apr 28, 2001",DAL,27,28,5,30,42.86,44.7,-1.84,25,18,2,3,2,4,0,0,1,2,0,0,0,0,0,0,0,0,0,0,0,0,0,0
436,Juwan Howard,DAL,200104280DAL,"Apr 28, 2001",UTA,18,18,3,19,46.15,46.58,-0.43,17,14,0,0,0,0,0,0,1,3,0,0,0,0,0,0,0,0,0,0,0,0,1,1
714,Michael Finley,DAL,200104280DAL,"Apr 28, 2001",UTA,8,14,6,16,22.86,24.04,-1.18,11,0,1,0,1,1,0,0,2,5,0,0,0,0,0,0,0,0,0,0,0,0,1,2
923,Donyell Marshall,UTA,200104280DAL,"Apr 28, 2001",DAL,17,14,0,14,53.12,60.71,-7.59,10,14,4,3,0,0,0,0,0,0,0,0,0,0,0,0,0,0,0,0,0,0,0,0
1717,Dirk Nowitzki,DAL,200104280DAL,"Apr 28, 2001",UTA,33,19,14,25,55.93,65.58,-9.65,11,12,7,6,4,7,1,3,1,3,0,0,0,0,0,0,0,0,0,0,0,0,1,2
178,Olden Polynice,UTA,200104280DAL,"Apr 28, 2001",DAL,0,1,0,1,0.0,0.0,0.0,0,0,1,0,0,0,0,0,0,0,0,0,0,0,0,0,0,0,0,0,0,0,0,0
304,John Stockton,UTA,200104280DAL,"Apr 28, 2001",DAL,12,11,0,11,50.0,54.55,-4.55,9,12,2,0,0,0,0,0,0,0,0,0,0,0,0,0,0,0,0,0,0,0,0,0
1916,Calvin Booth,DAL,200104280DAL,"Apr 28, 2001",UTA,2,4,0,4,25.0,25.0,0.0,4,2,0,0,0,0,0,0,0,0,0,0,0,0,0,0,0,0,0,0,0,0,0,0
959,Steve Nash,DAL,200104280DAL,"Apr 28, 2001",UTA,16,15,3,16,44.44,49.02,-4.58,11,8,3,3,0,0,0,0,1,3,0,0,0,0,0,0,0,0,0,0,0,0,1,2
1521,Jacque Vaughn,UTA,200104280DAL,"Apr 28, 2001",DAL,0,2,0,2,0.0,0.0,0.0,2,0,0,0,0,0,0,0,0,0,0,0,0,0,0,0,0,0,0,0,0,0,0,0
128,David Benoit,UTA,200104280DAL,"Apr 28, 2001",DAL,0,2,0,2,0.0,0.0,0.0,1,0,1,0,0,0,0,0,0,0,0,0,0,0,0,0,0,0,0,0,0,0,0,0
330,Danny Manning,UTA,200104280DAL,"Apr 28, 2001",DAL,19,12,2,13,70.37,73.76,-3.39,11,14,1,3,1,2,0,0,0,0,0,0,0,0,0,0,0,0,0,0,0,0,0,0
458,Howard Eisley,DAL,200104280DAL,"Apr 28, 2001",UTA,7,7,2,8,35.0,44.42,-9.42,3,2,4,3,0,0,0,0,0,0,0,0,0,0,0,0,0,0,0,0,0,0,1,2
731,Greg Ostertag,UTA,200104280DAL,"Apr 28, 2001",DAL,0,2,0,2,0.0,0.0,0.0,2,0,0,0,0,0,0,0,0,0,0,0,0,0,0,0,0,0,0,0,0,0,0,0
180,John Crotty,UTA,200104280DAL,"Apr 28, 2001",DAL,0,2,0,2,0.0,0.0,0.0,2,0,0,0,0,0,0,0,0,0,0,0,0,0,0,0,0,0,0,0,0,0,0,0
708,Kevin Garnett,MIN,200104280MIN,"Apr 28, 2001",SAS,22,14,10,19,56.41,59.78,-3.37,13,14,1,0,3,4,0,0,0,0,0,0,0,0,0,0,0,0,0,0,0,0,2,4
1495,Tim Duncan,SAS,200104280MIN,"Apr 28, 2001",MIN,15,12,8,16,46.88,48.32,-1.44,12,10,0,0,3,3,0,0,0,0,0,0,0,0,0,0,0,0,0,0,0,0,1,2
324,Anthony Peeler,MIN,200104280MIN,"Apr 28, 2001",SAS,13,12,0,12,48.15,54.17,-6.02,9,4,3,9,0,0,0,0,0,0,0,0,0,0,0,0,0,0,0,0,0,0,0,0
198,Danny Ferry,SAS,200104280MIN,"Apr 28, 2001",MIN,6,5,0,5,42.86,60.0,-17.14,1,0,4,6,0,0,0,0,0,0,0,0,0,0,0,0,0,0,0,0,0,0,0,0
345,Terry Porter,SAS,200104280MIN,"Apr 28, 2001",MIN,9,9,0,9,40.91,50.0,-9.09,5,6,4,3,0,0,0,0,0,0,0,0,0,0,0,0,0,0,0,0,0,0,0,0
1507,Derek Anderson,SAS,200104280MIN,"Apr 28, 2001",MIN,16,16,3,17,39.02,46.19,-7.17,9,8,6,3,1,2,0,0,1,3,0,0,0,0,0,0,0,0,0,0,0,0,0,0
1725,Rasho Nesterovic,SAS,200104280MIN,"Apr 28, 2001",MIN,0,3,0,3,0.0,0.0,0.0,3,0,0,0,0,0,0,0,0,0,0,0,0,0,0,0,0,0,0,0,0,0,0,0
764,David Robinson,SAS,200104280MIN,"Apr 28, 2001",MIN,22,16,11,21,51.16,52.78,-1.62,15,12,0,0,2,3,0,0,1,3,0,0,1,1,0,0,0,0,0,0,0,0,2,3
210,Terrell Brandon,MIN,200104280MIN,"Apr 28, 2001",SAS,21,19,2,20,50.0,52.82,-2.82,17,16,2,3,0,0,0,0,0,0,0,0,0,0,0,0,0,0,0,0,0,0,1,2
1073,Reggie Slater,MIN,200104280MIN,"Apr 28, 2001",SAS,6,8,0,8,37.5,37.5,0.0,8,6,0,0,0,0,0,0,0,0,0,0,0,0,0,0,0,0,0,0,0,0,0,0
990,Malik Rose,SAS,200104280MIN,"Apr 28, 2001",MIN,7,3,6,6,58.33,62.06,-3.73,3,2,0,0,3,5,0,0,0,0,0,0,0,0,0,0,0,0,0,0,0,0,0,0
422,Avery Johnson,SAS,200104280MIN,"Apr 28, 2001",MIN,4,6,2,7,28.57,29.07,-0.5,6,2,0,0,0,0,0,0,0,0,0,0,0,0,0,0,0,0,0,0,0,0,1,2
417,Sam Mitchell,MIN,200104280MIN,"Apr 28, 2001",SAS,2,2,0,2,40.0,50.0,-10.0,1,2,1,0,0,0,0,0,0,0,0,0,0,0,0,0,0,0,0,0,0,0,0,0
251,Sean Elliott,SAS,200104280MIN,"Apr 28, 2001",MIN,0,2,0,2,0.0,0.0,0.0,1,0,1,0,0,0,0,0,0,0,0,0,0,0,0,0,0,0,0,0,0,0,0,0
955,Samaki Walker,SAS,200104280MIN,"Apr 28, 2001",MIN,2,1,0,1,100.0,100.0,0.0,1,2,0,0,0,0,0,0,0,0,0,0,0,0,0,0,0,0,0,0,0,0,0,0
1732,Felipe Lopez,MIN,200104280MIN,"Apr 28, 2001",SAS,6,7,0,7,40.0,42.86,-2.86,6,6,1,0,0,0,0,0,0,0,0,0,0,0,0,0,0,0,0,0,0,0,0,0
1895,William Avery,MIN,200104280MIN,"Apr 28, 2001",SAS,0,1,0,1,0.0,0.0,0.0,1,0,0,0,0,0,0,0,0,0,0,0,0,0,0,0,0,0,0,0,0,0,0,0
111,LaPhonso Ellis,MIN,200104280MIN,"Apr 28, 2001",SAS,3,3,2,4,37.5,38.66,-1.16,3,2,0,0,1,1,0,0,0,0,0,0,0,0,0,0,0,0,0,0,0,0,0,0
1498,Antonio Daniels,SAS,200104280MIN,"Apr 28, 2001",MIN,3,1,0,1,100.0,150.0,-50.0,0,0,1,3,0,0,0,0,0,0,0,0,0,0,0,0,0,0,0,0,0,0,0,0
1887,Wally Szczerbiak,MIN,200104280MIN,"Apr 28, 2001",SAS,18,9,11,14,60.0,65.03,-5.03,7,8,1,0,1,2,0,0,1,3,0,0,0,0,0,0,0,0,0,0,0,0,4,5
1051,Dean Garrett,MIN,200104280MIN,"Apr 28, 2001",SAS,2,1,2,2,50.0,53.19,-3.19,1,0,0,0,0,0,0,0,0,0,0,0,0,0,0,0,0,0,0,0,0,0,1,2
208,Sam Cassell,MIL,200104280ORL,"Apr 28, 2001",ORL,21,23,8,27,36.21,39.59,-3.38,19,14,4,0,3,6,0,0,0,0,0,0,0,0,0,0,0,0,0,0,0,0,1,1
353,Darrell Armstrong,ORL,200104280ORL,"Apr 28, 2001",MIL,18,13,4,15,51.43,60.98,-9.55,8,8,5,6,0,0,0,0,0,0,0,0,0,0,0,0,0,0,0,0,0,0,2,4
692,Andrew DeClercq,MIL,200104280ORL,"Apr 28, 2001",ORL,6,5,0,5,60.0,60.0,0.0,5,6,0,0,0,0,0,0,0,0,0,0,0,0,0,0,0,0,0,0,0,0,0,0
299,Glenn Robinson,MIL,200104280ORL,"Apr 28, 2001",ORL,14,13,2,14,45.16,50.43,-5.27,10,6,3,6,1,2,0,0,0,0,0,0,0,0,0,0,0,0,0,0,0,0,0,0
1503,Tracy McGrady,ORL,200104280ORL,"Apr 28, 2001",MIL,42,32,18,39,50.0,52.61,-2.61,26,20,2,0,4,7,0,0,4,11,0,0,0,0,0,0,0,0,0,0,0,0,3,4
281,Scott Williams,MIL,200104280ORL,"Apr 28, 2001",ORL,10,6,4,7,62.5,64.43,-1.93,4,4,0,0,1,1,0,0,2,5,0,0,0,0,0,0,0,0,0,0,0,0,0,0
448,Bo Outlaw,ORL,200104280ORL,"Apr 28, 2001",MIL,8,8,2,9,44.44,45.05,-0.61,8,8,0,0,1,0,0,0,0,0,0,0,0,0,0,0,0,0,0,0,0,0,0,0
998,Mark Pope,MIL,200104280ORL,"Apr 28, 2001",ORL,2,2,0,2,40.0,50.0,-10.0,1,2,1,0,0,0,0,0,0,0,0,0,0,0,0,0,0,0,0,0,0,0,0,0
2034,Mike Miller,ORL,200104280ORL,"Apr 28, 2001",MIL,6,10,0,10,27.27,30.0,-2.73,8,6,2,0,0,0,0,0,0,0,0,0,0,0,0,0,0,0,0,0,0,0,0,0
951,Ray Allen,MIL,200104280ORL,"Apr 28, 2001",ORL,27,20,3,21,55.1,63.32,-8.22,13,16,6,6,1,2,0,0,1,3,0,0,0,0,0,0,0,0,0,0,0,0,0,0
911,Ervin Johnson,MIL,200104280ORL,"Apr 28, 2001",ORL,2,2,2,3,33.33,34.72,-1.39,2,0,0,0,1,2,0,0,0,0,0,0,0,0,0,0,0,0,0,0,0,0,0,0
1720,Michael Doleac,ORL,200104280ORL,"Apr 28, 2001",MIL,4,4,0,4,50.0,50.0,0.0,4,4,0,0,0,0,0,0,0,0,0,0,0,0,0,0,0,0,0,0,0,0,0,0
1501,Tim Thomas,MIL,200104280ORL,"Apr 28, 2001",ORL,18,13,10,18,42.86,51.72,-8.86,7,6,6,3,4,8,0,0,0,0,0,0,0,0,0,0,0,0,0,0,0,0,1,1
1607,Troy Hudson,ORL,200104280ORL,"Apr 28, 2001",MIL,5,5,4,7,33.33,36.98,-3.65,4,2,1,0,0,0,0,0,0,0,0,0,0,0,0,0,0,0,0,0,0,0,2,3
283,Lindsey Hunter,MIL,200104280ORL,"Apr 28, 2001",ORL,5,6,0,6,33.33,41.67,-8.34,3,2,3,3,0,0,0,0,0,0,0,0,0,0,0,0,0,0,0,0,0,0,0,0
679,Jason Caffey,MIL,200104280ORL,"Apr 28, 2001",ORL,8,5,8,9,44.44,46.95,-2.51,5,0,0,0,2,4,0,0,0,0,0,0,0,0,0,0,0,0,0,0,0,0,2,4
1727,Pat Garrity,ORL,200104280ORL,"Apr 28, 2001",MIL,16,10,3,11,55.17,70.67,-15.5,4,4,6,9,0,0,1,3,0,0,0,0,0,0,0,0,0,0,0,0,0,0,0,0
42,Monty Williams,ORL,200104280ORL,"Apr 28, 2001",MIL,0,0,1,1,0.0,0.0,0.0,0,0,0,0,0,0,0,0,0,0,0,0,0,0,0,0,0,0,0,0,1,0,0,0
1032,Darvin Ham,MIL,200104280ORL,"Apr 28, 2001",ORL,8,3,2,4,100.0,103.09,-3.09,3,6,0,0,1,2,0,0,0,0,0,0,0,0,0,0,0,0,0,0,0,0,0,0
680,John Amaechi,ORL,200104280ORL,"Apr 28, 2001",MIL,4,3,0,3,66.67,66.67,0.0,3,4,0,0,0,0,0,0,0,0,0,0,0,0,0,0,0,0,0,0,0,0,0,0
244,Dee Brown,ORL,200104280ORL,"Apr 28, 2001",MIL,12,8,0,8,52.17,75.0,-22.83,1,0,7,12,0,0,0,0,0,0,0,0,0,0,0,0,0,0,0,0,0,0,0,0
1713,Vince Carter,NYK,200104290TOR,"Apr 29, 2001",TOR,20,21,11,26,35.09,38.7,-3.61,16,6,4,3,4,7,0,0,1,3,0,0,0,0,0,0,0,0,0,0,0,0,1,1
891,Charles Oakley,TOR,200104290TOR,"Apr 29, 2001",NYK,8,6,0,6,66.67,66.67,0.0,6,8,0,0,0,0,0,0,0,0,0,0,0,0,0,0,0,0,0,0,0,0,0,0
84,Latrell Sprewell,NYK,200104290TOR,"Apr 29, 2001",TOR,20,18,10,23,40.82,44.64,-3.82,15,12,3,0,3,5,0,0,0,0,0,0,0,0,0,0,0,0,0,0,0,0,2,3
275,Allan Houston,NYK,200104290TOR,"Apr 29, 2001",TOR,23,14,3,15,67.65,75.07,-7.42,10,12,3,6,0,0,0,0,1,3,0,0,0,0,0,0,0,0,0,0,0,0,1,2
213,Antonio Davis,TOR,200104290TOR,"Apr 29, 2001",NYK,21,16,2,16,61.76,62.2,-0.44,14,16,0,0,0,0,0,0,2,5,0,0,0,0,0,0,0,0,0,0,0,0,0,0
970,Othella Harrington,NYK,200104290TOR,"Apr 29, 2001",TOR,8,6,0,6,66.67,66.67,0.0,6,8,0,0,0,0,0,0,0,0,0,0,0,0,0,0,0,0,0,0,0,0,0,0
703,Kurt Thomas,NYK,200104290TOR,"Apr 29, 2001",TOR,9,8,5,10,42.86,44.12,-1.26,7,4,0,0,2,2,0,0,1,3,0,0,0,0,0,0,0,0,0,0,0,0,0,0
164,Chris Childs,TOR,200104290TOR,"Apr 29, 2001",NYK,11,11,2,12,42.31,46.3,-3.99,9,6,2,3,1,2,0,0,0,0,0,0,0,0,0,0,0,0,0,0,0,0,0,0
349,Mark Jackson,NYK,200104290TOR,"Apr 29, 2001",TOR,9,6,0,6,64.29,75.0,-10.71,4,6,2,3,0,0,0,0,0,0,0,0,0,0,0,0,0,0,0,0,0,0,0,0
1541,Alvin Williams,TOR,200104290TOR,"Apr 29, 2001",NYK,9,11,0,11,39.13,40.91,-1.78,10,6,1,3,0,0,0,0,0,0,0,0,0,0,0,0,0,0,0,0,0,0,0,0
966,Jerome Williams,TOR,200104290TOR,"Apr 29, 2001",NYK,2,3,0,3,33.33,33.33,0.0,3,2,0,0,0,0,0,0,0,0,0,0,0,0,0,0,0,0,0,0,0,0,0,0
209,Dell Curry,TOR,200104290TOR,"Apr 29, 2001",NYK,7,5,2,6,58.33,59.52,-1.19,5,6,0,0,0,0,0,0,0,0,0,0,0,0,0,0,0,0,0,0,0,0,1,1
779,Glen Rice,NYK,200104290TOR,"Apr 29, 2001",TOR,18,12,2,13,64.29,69.88,-5.59,10,16,2,0,1,2,0,0,0,0,0,0,0,0,0,0,0,0,0,0,0,0,0,0
1721,Keon Clark,TOR,200104290TOR,"Apr 29, 2001",NYK,9,4,8,8,56.25,59.84,-3.59,4,2,0,0,2,3,0,0,0,0,0,0,0,0,0,0,0,0,0,0,0,0,2,4
369,Charlie Ward,NYK,200104290TOR,"Apr 29, 2001",TOR,9,6,2,7,56.25,65.41,-9.16,4,4,2,3,0,0,0,0,0,0,0,0,0,0,0,0,0,0,0,0,0,0,1,2
57,Doug Christie,SAC,200104290PHO,"Apr 29, 2001",PHX,15,10,6,13,48.39,59.34,-10.95,5,6,5,6,1,0,0,0,0,0,0,0,0,0,0,0,0,0,0,0,0,0,2,3
361,Clifford Robinson,PHX,200104290PHO,"Apr 29, 2001",SAC,9,8,8,12,31.03,39.06,-8.03,3,4,5,3,2,1,0,0,0,0,0,0,0,0,0,0,0,0,0,0,0,0,2,1
124,Vlade Divac,SAC,200104290PHO,"Apr 29, 2001",PHX,11,12,2,13,40.74,42.7,-1.96,11,6,1,3,1,2,0,0,0,0,0,0,0,0,0,0,0,0,0,0,0,0,0,0
1715,Jason Williams,SAC,200104290PHO,"Apr 29, 2001",PHX,14,9,1,9,60.87,74.15,-13.28,4,2,4,9,0,0,0,0,1,3,0,0,0,0,0,0,0,0,0,0,0,0,0,0
467,Jason Kidd,PHX,200104290PHO,"Apr 29, 2001",SAC,18,22,3,23,34.62,38.59,-3.97,16,14,5,0,0,0,0,0,1,3,0,0,0,0,0,0,0,0,0,0,0,0,1,1
1890,Shawn Marion,PHX,200104290PHO,"Apr 29, 2001",SAC,13,15,4,17,37.14,38.78,-1.64,14,6,1,3,1,2,0,0,0,0,0,0,1,2,0,0,0,0,0,0,0,0,0,0
978,Peja Stojakovic,SAC,200104290PHO,"Apr 29, 2001",PHX,21,15,12,21,47.73,51.78,-4.05,13,10,2,0,3,6,0,0,0,0,0,0,0,0,0,0,0,0,0,0,0,0,3,5
2054,Jake Tsakalidis,PHX,200104290PHO,"Apr 29, 2001",SAC,6,3,0,3,100.0,100.0,0.0,3,6,0,0,0,0,0,0,0,0,0,0,0,0,0,0,0,0,0,0,0,0,0,0
53,Mario Elie,PHX,200104290PHO,"Apr 29, 2001",SAC,10,6,4,8,52.63,64.43,-11.8,3,6,3,0,2,4,0,0,0,0,0,0,0,0,0,0,0,0,0,0,0,0,0,0
185,Chris Webber,SAC,200104290PHO,"Apr 29, 2001",PHX,23,19,11,24,46.94,48.24,-1.3,18,12,0,0,4,7,0,0,1,3,0,0,0,0,0,0,0,0,0,0,0,0,1,1
201,Chris Dudley,PHX,200104290PHO,"Apr 29, 2001",SAC,0,1,0,1,0.0,0.0,0.0,1,0,0,0,0,0,0,0,0,0,0,0,0,0,0,0,0,0,0,0,0,0,0,0
960,Tony Delk,PHX,200104290PHO,"Apr 29, 2001",SAC,18,14,0,14,52.94,64.29,-11.35,8,12,6,6,0,0,0,0,0,0,0,0,0,0,0,0,0,0,0,0,0,0,0,0
915,Rodney Rogers,PHX,200104290PHO,"Apr 29, 2001",SAC,5,6,0,6,35.71,41.67,-5.96,4,2,2,3,0,0,0,0,0,0,0,0,0,0,0,0,0,0,0,0,0,0,0,0
1513,Scot Pollard,SAC,200104290PHO,"Apr 29, 2001",PHX,10,4,3,6,90.91,93.98,-3.07,4,8,0,0,1,2,0,0,0,0,0,0,0,0,0,0,0,0,0,0,1,0,0,0
339,Tom Gugliotta,PHX,200104290PHO,"Apr 29, 2001",SAC,11,10,6,13,42.31,43.51,-1.2,10,6,0,0,2,3,0,0,0,0,0,0,0,0,0,0,0,0,0,0,0,0,1,2
1517,Bobby Jackson,SAC,200104290PHO,"Apr 29, 2001",PHX,0,3,0,3,0.0,0.0,0.0,2,0,1,0,0,0,0,0,0,0,0,0,0,0,0,0,0,0,0,0,0,0,0,0
2045,Hedo Turkoglu,SAC,200104290PHO,"Apr 29, 2001",PHX,4,4,4,6,30.77,34.72,-3.95,3,0,1,0,1,2,0,0,0,0,0,0,0,0,0,0,0,0,0,0,0,0,1,2
386,Elliot Perry,PHX,200104290PHO,"Apr 29, 2001",SAC,2,1,0,1,100.0,100.0,0.0,1,2,0,0,0,0,0,0,0,0,0,0,0,0,0,0,0,0,0,0,0,0,0,0
219,Vinny Del Negro,PHX,200104290PHO,"Apr 29, 2001",SAC,2,1,0,1,100.0,100.0,0.0,1,2,0,0,0,0,0,0,0,0,0,0,0,0,0,0,0,0,0,0,0,0,0,0
468,Jon Barry,SAC,200104290PHO,"Apr 29, 2001",PHX,4,2,0,2,100.0,100.0,0.0,2,4,0,0,0,0,0,0,0,0,0,0,0,0,0,0,0,0,0,0,0,0,0,0
120,Steven Smith,POR,200104290POR,"Apr 29, 2001",LAL,25,16,6,19,58.14,67.06,-8.92,11,10,5,9,1,2,0,0,0,0,0,0,0,0,0,0,0,0,0,0,0,0,2,4
270,Horace Grant,LAL,200104290POR,"Apr 29, 2001",POR,9,7,2,8,56.25,57.11,-0.86,7,8,0,0,1,1,0,0,0,0,0,0,0,0,0,0,0,0,0,0,0,0,0,0
406,Shaquille O'Neal,LAL,200104290POR,"Apr 29, 2001",POR,25,17,10,22,56.82,58.41,-1.59,17,18,0,0,4,6,0,0,0,0,0,0,0,0,0,0,0,0,0,0,0,0,1,1
757,Damon Stoudamire,POR,200104290POR,"Apr 29, 2001",LAL,25,22,4,24,46.3,52.61,-6.31,16,18,6,3,2,4,0,0,0,0,0,0,0,0,0,0,0,0,0,0,0,0,0,0
977,Kobe Bryant,LAL,200104290POR,"Apr 29, 2001",POR,22,23,6,26,40.74,42.9,-2.16,21,18,2,0,2,3,0,0,0,0,0,0,1,1,0,0,0,0,0,0,0,0,0,0
739,Rasheed Wallace,POR,200104290POR,"Apr 29, 2001",LAL,9,19,2,20,21.95,22.64,-0.69,18,8,1,0,1,1,0,0,0,0,0,0,0,0,0,0,0,0,0,0,0,0,0,0
296,Rick Fox,LAL,200104290POR,"Apr 29, 2001",POR,13,9,5,11,46.43,58.04,-11.61,4,8,5,0,0,0,1,3,0,0,0,0,0,0,0,0,0,0,0,0,0,0,1,2
717,Arvydas Sabonis,POR,200104290POR,"Apr 29, 2001",LAL,12,10,0,10,60.0,60.0,0.0,10,12,0,0,0,0,0,0,0,0,0,0,0,0,0,0,0,0,0,0,0,0,0,0
965,Derek Fisher,LAL,200104290POR,"Apr 29, 2001",POR,16,12,4,14,48.48,58.14,-9.66,7,6,5,6,0,0,0,0,0,0,0,0,0,0,0,0,0,0,0,0,0,0,2,4
937,Scottie Pippen,POR,200104290POR,"Apr 29, 2001",LAL,7,13,1,13,21.21,26.04,-4.83,6,4,6,0,0,0,0,0,1,3,0,0,0,0,0,0,0,0,0,0,0,0,0,0
216,Brian Shaw,LAL,200104290POR,"Apr 29, 2001",POR,8,6,2,7,44.44,58.14,-13.7,2,4,4,3,1,1,0,0,0,0,0,0,0,0,0,0,0,0,0,0,0,0,0,0
1904,Devean George,LAL,200104290POR,"Apr 29, 2001",POR,3,1,0,1,100.0,150.0,-50.0,0,0,1,3,0,0,0,0,0,0,0,0,0,0,0,0,0,0,0,0,0,0,0,0
109,Robert Horry,LAL,200104290POR,"Apr 29, 2001",POR,2,5,0,5,16.67,20.0,-3.33,3,2,2,0,0,0,0,0,0,0,0,0,0,0,0,0,0,0,0,0,0,0,0,0
21,Greg Anthony,LAL,200104290POR,"Apr 29, 2001",POR,3,4,0,4,27.27,37.5,-10.23,1,0,3,3,0,0,0,0,0,0,0,0,0,0,0,0,0,0,0,0,0,0,0,0
96,Detlef Schrempf,POR,200104290POR,"Apr 29, 2001",LAL,5,4,0,4,50.0,62.5,-12.5,2,2,2,3,0,0,0,0,0,0,0,0,0,0,0,0,0,0,0,0,0,0,0,0
2058,Mark Madsen,LAL,200104290POR,"Apr 29, 2001",POR,0,1,0,1,0.0,0.0,0.0,1,0,0,0,0,0,0,0,0,0,0,0,0,0,0,0,0,0,0,0,0,0,0,0
1495,Tim Duncan,SAS,200104300MIN,"Apr 30, 2001",MIN,24,23,12,29,41.38,42.43,-1.05,23,16,0,0,3,3,0,0,0,0,0,0,0,0,0,0,0,0,0,0,0,0,3,5
708,Kevin Garnett,MIN,200104300MIN,"Apr 30, 2001",SAS,19,13,8,17,52.78,57.51,-4.73,11,12,2,0,3,5,0,0,0,0,0,0,0,0,0,0,0,0,0,0,0,0,1,2
198,Danny Ferry,SAS,200104300MIN,"Apr 30, 2001",MIN,16,14,0,14,43.24,57.14,-13.9,5,4,9,12,0,0,0,0,0,0,0,0,0,0,0,0,0,0,0,0,0,0,0,0
324,Anthony Peeler,MIN,200104300MIN,"Apr 30, 2001",SAS,8,12,0,12,25.81,33.33,-7.52,5,2,7,6,0,0,0,0,0,0,0,0,0,0,0,0,0,0,0,0,0,0,0,0
1507,Derek Anderson,SAS,200104300MIN,"Apr 30, 2001",MIN,3,4,4,6,25.0,26.04,-1.04,4,0,0,0,0,0,0,0,0,0,0,0,0,0,0,0,0,0,0,0,0,0,2,3
345,Terry Porter,SAS,200104300MIN,"Apr 30, 2001",MIN,4,6,2,7,28.57,29.07,-0.5,6,2,0,0,0,0,0,0,0,0,0,0,0,0,0,0,0,0,0,0,0,0,1,2
1887,Wally Szczerbiak,MIN,200104300MIN,"Apr 30, 2001",SAS,20,12,9,16,60.61,62.66,-2.05,11,10,0,0,1,2,0,0,1,3,0,0,0,0,0,0,0,0,0,0,0,0,3,5
210,Terrell Brandon,MIN,200104300MIN,"Apr 30, 2001",SAS,17,17,0,17,48.57,50.0,-1.43,16,14,1,3,0,0,0,0,0,0,0,0,0,0,0,0,0,0,0,0,0,0,0,0
1725,Rasho Nesterovic,MIN,200104300MIN,"Apr 30, 2001",SAS,6,5,0,5,60.0,60.0,0.0,5,6,0,0,0,0,0,0,0,0,0,0,0,0,0,0,0,0,0,0,0,0,0,0
764,David Robinson,SAS,200104300MIN,"Apr 30, 2001",MIN,21,10,10,15,70.0,72.92,-2.92,10,12,0,0,4,7,0,0,0,0,0,0,0,0,0,0,0,0,0,0,0,0,1,2
990,Malik Rose,SAS,200104300MIN,"Apr 30, 2001",MIN,7,6,1,6,53.85,54.35,-0.5,5,4,0,0,0,0,0,0,1,3,0,0,0,0,0,0,0,0,0,0,0,0,0,0
251,Sean Elliott,SAS,200104300MIN,"Apr 30, 2001",MIN,0,1,0,1,0.0,0.0,0.0,1,0,0,0,0,0,0,0,0,0,0,0,0,0,0,0,0,0,0,0,0,0,0,0
417,Sam Mitchell,MIN,200104300MIN,"Apr 30, 2001",SAS,0,2,0,2,0.0,0.0,0.0,2,0,0,0,0,0,0,0,0,0,0,0,0,0,0,0,0,0,0,0,0,0,0,0
1073,Reggie Slater,MIN,200104300MIN,"Apr 30, 2001",SAS,6,6,0,6,50.0,50.0,0.0,6,6,0,0,0,0,0,0,0,0,0,0,0,0,0,0,0,0,0,0,0,0,0,0
1498,Antonio Daniels,SAS,200104300MIN,"Apr 30, 2001",MIN,16,9,0,9,69.57,88.89,-19.32,4,4,5,12,0,0,0,0,0,0,0,0,0,0,0,0,0,0,0,0,0,0,0,0
422,Avery Johnson,SAS,200104300MIN,"Apr 30, 2001",MIN,2,5,2,6,16.67,17.01,-0.34,5,2,0,0,1,0,0,0,0,0,0,0,0,0,0,0,0,0,0,0,0,0,0,0
955,Samaki Walker,SAS,200104300MIN,"Apr 30, 2001",MIN,3,1,2,2,75.0,79.79,-4.79,1,2,0,0,1,1,0,0,0,0,0,0,0,0,0,0,0,0,0,0,0,0,0,0
1732,Felipe Lopez,MIN,200104300MIN,"Apr 30, 2001",SAS,2,4,0,4,20.0,25.0,-5.0,2,2,2,0,0,0,0,0,0,0,0,0,0,0,0,0,0,0,0,0,0,0,0,0
1497,Chauncey Billups,SAS,200104300MIN,"Apr 30, 2001",MIN,0,2,0,2,0.0,0.0,0.0,2,0,0,0,0,0,0,0,0,0,0,0,0,0,0,0,0,0,0,0,0,0,0,0
111,LaPhonso Ellis,MIN,200104300MIN,"Apr 30, 2001",SAS,6,8,2,9,31.58,33.78,-2.2,7,4,1,0,1,2,0,0,0,0,0,0,0,0,0,0,0,0,0,0,0,0,0,0
2034,Mike Miller,ORL,200105010ORL,"May 1, 2001",MIL,22,18,0,18,52.38,61.11,-8.73,12,10,6,12,0,0,0,0,0,0,0,0,0,0,0,0,0,0,0,0,0,0,0,0
299,Glenn Robinson,MIL,200105010ORL,"May 1, 2001",ORL,17,19,2,20,39.53,42.76,-3.23,16,12,3,3,1,2,0,0,0,0,0,0,0,0,0,0,0,0,0,0,0,0,0,0
281,Scott Williams,MIL,200105010ORL,"May 1, 2001",ORL,8,6,4,8,50.0,51.55,-1.55,6,6,0,0,2,2,0,0,0,0,0,0,0,0,0,0,0,0,0,0,0,0,0,0
692,Andrew DeClercq,ORL,200105010ORL,"May 1, 2001",MIL,6,5,4,7,42.86,44.38,-1.52,5,4,0,0,2,2,0,0,0,0,0,0,0,0,0,0,0,0,0,0,0,0,0,0
951,Ray Allen,MIL,200105010ORL,"May 1, 2001",ORL,26,13,6,16,76.47,83.12,-6.65,11,14,2,6,3,6,0,0,0,0,0,0,0,0,0,0,0,0,0,0,0,0,0,0
1503,Tracy McGrady,ORL,200105010ORL,"May 1, 2001",MIL,25,26,8,29,40.32,42.34,-2.02,22,16,2,0,2,2,0,0,2,5,0,0,0,0,0,0,0,0,0,0,0,0,1,2
1032,Darvin Ham,MIL,200105010ORL,"May 1, 2001",ORL,2,0,6,3,33.33,37.88,-4.55,0,0,0,0,3,2,0,0,0,0,0,0,0,0,0,0,0,0,0,0,0,0,0,0
448,Bo Outlaw,MIL,200105010ORL,"May 1, 2001",ORL,4,3,3,4,44.44,46.3,-1.86,2,2,0,0,1,0,0,0,1,2,0,0,0,0,0,0,0,0,0,0,0,0,0,0
208,Sam Cassell,MIL,200105010ORL,"May 1, 2001",ORL,25,18,9,22,52.08,56.92,-4.84,14,10,3,6,2,4,0,0,1,2,0,0,0,0,0,0,0,0,0,0,0,0,2,3
353,Darrell Armstrong,ORL,200105010ORL,"May 1, 2001",MIL,12,13,0,13,35.29,46.15,-10.86,5,0,8,12,0,0,0,0,0,0,0,0,0,0,0,0,0,0,0,0,0,0,0,0
1607,Troy Hudson,ORL,200105010ORL,"May 1, 2001",MIL,6,4,2,5,50.0,61.48,-11.48,2,4,2,0,0,0,0,0,0,0,0,0,0,0,0,0,0,0,0,0,0,0,1,2
1501,Tim Thomas,MIL,200105010ORL,"May 1, 2001",ORL,15,12,6,15,46.88,51.23,-4.35,10,10,2,0,2,3,0,0,0,0,0,0,1,2,0,0,0,0,0,0,0,0,0,0
911,Ervin Johnson,MIL,200105010ORL,"May 1, 2001",ORL,12,2,10,7,85.71,93.75,-8.04,2,4,0,0,3,4,0,0,0,0,0,0,1,2,0,0,0,0,0,0,0,0,1,2
283,Lindsey Hunter,MIL,200105010ORL,"May 1, 2001",ORL,5,6,2,7,27.78,36.34,-8.56,2,0,4,3,1,2,0,0,0,0,0,0,0,0,0,0,0,0,0,0,0,0,0,0
1720,Michael Doleac,ORL,200105010ORL,"May 1, 2001",MIL,2,5,0,5,20.0,20.0,0.0,5,2,0,0,0,0,0,0,0,0,0,0,0,0,0,0,0,0,0,0,0,0,0,0
679,Jason Caffey,MIL,200105010ORL,"May 1, 2001",ORL,0,1,0,1,0.0,0.0,0.0,1,0,0,0,0,0,0,0,0,0,0,0,0,0,0,0,0,0,0,0,0,0,0,0
1727,Pat Garrity,ORL,200105010ORL,"May 1, 2001",MIL,8,11,0,11,30.77,36.36,-5.59,7,8,4,0,0,0,0,0,0,0,0,0,0,0,0,0,0,0,0,0,0,0,0,0
690,Don Reid,ORL,200105010ORL,"May 1, 2001",MIL,8,4,4,6,61.54,69.44,-7.9,3,6,1,0,2,2,0,0,0,0,0,0,0,0,0,0,0,0,0,0,0,0,0,0
42,Monty Williams,ORL,200105010ORL,"May 1, 2001",MIL,7,3,2,4,87.5,90.21,-2.71,3,6,0,0,0,0,0,0,0,0,0,0,0,0,0,0,0,0,0,0,0,0,1,1
959,Steve Nash,DAL,200105010DAL,"May 1, 2001",UTA,24,15,4,17,57.14,71.6,-14.46,7,8,8,12,1,2,0,0,0,0,0,0,0,0,0,0,0,0,0,0,0,0,1,2
935,Bryon Russell,UTA,200105010DAL,"May 1, 2001",DAL,6,7,0,7,40.0,42.86,-2.86,6,6,1,0,0,0,0,0,0,0,0,0,0,0,0,0,0,0,0,0,0,0,0,0
923,Donyell Marshall,UTA,200105010DAL,"May 1, 2001",DAL,8,14,0,14,27.59,28.57,-0.98,13,8,1,0,0,0,0,0,0,0,0,0,0,0,0,0,0,0,0,0,0,0,0,0
714,Michael Finley,DAL,200105010DAL,"May 1, 2001",UTA,20,13,3,14,60.61,69.83,-9.22,8,6,4,9,1,2,0,0,1,3,0,0,0,0,0,0,0,0,0,0,0,0,0,0
762,Shawn Bradley,DAL,200105010DAL,"May 1, 2001",UTA,2,2,0,2,50.0,50.0,0.0,2,2,0,0,0,0,0,0,0,0,0,0,0,0,0,0,0,0,0,0,0,0,0,0
1717,Dirk Nowitzki,DAL,200105010DAL,"May 1, 2001",UTA,33,19,9,22,57.89,71.86,-13.97,7,6,9,12,3,6,0,0,2,6,1,3,0,0,0,0,0,0,0,0,0,0,0,0
252,Karl Malone,UTA,200105010DAL,"May 1, 2001",DAL,22,20,3,21,51.16,51.59,-0.43,19,18,0,0,0,0,0,0,1,3,0,0,1,1,0,0,0,0,0,0,0,0,0,0
178,Olden Polynice,UTA,200105010DAL,"May 1, 2001",DAL,8,5,6,8,50.0,52.36,-2.36,5,4,0,0,3,4,0,0,0,0,0,0,0,0,0,0,0,0,0,0,0,0,0,0
436,Juwan Howard,DAL,200105010DAL,"May 1, 2001",UTA,6,11,0,11,27.27,27.27,0.0,11,6,0,0,0,0,0,0,0,0,0,0,0,0,0,0,0,0,0,0,0,0,0,0
304,John Stockton,UTA,200105010DAL,"May 1, 2001",DAL,4,7,0,7,25.0,28.57,-3.57,5,4,2,0,0,0,0,0,0,0,0,0,0,0,0,0,0,0,0,0,0,0,0,0
128,David Benoit,UTA,200105010DAL,"May 1, 2001",DAL,12,11,2,12,42.86,50.51,-7.65,7,4,4,6,1,2,0,0,0,0,0,0,0,0,0,0,0,0,0,0,0,0,0,0
1521,Jacque Vaughn,UTA,200105010DAL,"May 1, 2001",DAL,0,2,0,2,0.0,0.0,0.0,1,0,1,0,0,0,0,0,0,0,0,0,0,0,0,0,0,0,0,0,0,0,0,0
330,Danny Manning,UTA,200105010DAL,"May 1, 2001",DAL,10,5,4,7,71.43,73.96,-2.53,5,6,0,0,1,2,0,0,0,0,0,0,0,0,0,0,0,0,0,0,0,0,1,2
731,Greg Ostertag,UTA,200105010DAL,"May 1, 2001",DAL,2,3,4,5,20.0,21.01,-1.01,3,2,0,0,1,0,0,0,0,0,0,0,1,0,0,0,0,0,0,0,0,0,0,0
458,Howard Eisley,DAL,200105010DAL,"May 1, 2001",UTA,2,4,0,4,22.22,25.0,-2.78,3,2,1,0,0,0,0,0,0,0,0,0,0,0,0,0,0,0,0,0,0,0,0,0
317,John Starks,UTA,200105010DAL,"May 1, 2001",DAL,0,1,0,1,0.0,0.0,0.0,1,0,0,0,0,0,0,0,0,0,0,0,0,0,0,0,0,0,0,0,0,0,0,0
1916,Calvin Booth,DAL,200105010DAL,"May 1, 2001",UTA,6,4,2,5,60.0,61.48,-1.48,4,4,0,0,0,0,0,0,0,0,0,0,0,0,0,0,0,0,0,0,0,0,1,2
2052,DeShawn Stevenson,UTA,200105010DAL,"May 1, 2001",DAL,2,2,0,2,50.0,50.0,0.0,2,2,0,0,0,0,0,0,0,0,0,0,0,0,0,0,0,0,0,0,0,0,0,0
180,John Crotty,UTA,200105010DAL,"May 1, 2001",DAL,0,1,0,1,0.0,0.0,0.0,1,0,0,0,0,0,0,0,0,0,0,0,0,0,0,0,0,0,0,0,0,0,0,0
2059,Eduardo Najera,DAL,200105010DAL,"May 1, 2001",UTA,2,3,0,3,33.33,33.33,0.0,3,2,0,0,0,0,0,0,0,0,0,0,0,0,0,0,0,0,0,0,0,0,0,0
95,Mark Bryant,DAL,200105010DAL,"May 1, 2001",UTA,0,1,0,1,0.0,0.0,0.0,1,0,0,0,0,0,0,0,0,0,0,0,0,0,0,0,0,0,0,0,0,0,0,0
137,Vernon Maxwell,DAL,200105010DAL,"May 1, 2001",UTA,2,3,0,3,28.57,33.33,-4.76,2,2,1,0,0,0,0,0,0,0,0,0,0,0,0,0,0,0,0,0,0,0,0,0
zhizhwa01,W. Zhizhi,DAL,200105010DAL,"May 1, 2001",UTA,7,3,2,4,77.78,90.21,-12.43,2,2,1,3,0,0,0,0,0,0,0,0,0,0,0,0,0,0,0,0,0,0,1,2
891,Charles Oakley,TOR,200105020TOR,"May 2, 2001",NYK,4,6,0,6,30.77,33.33,-2.56,5,4,1,0,0,0,0,0,0,0,0,0,0,0,0,0,0,0,0,0,0,0,0,0
948,Marcus Camby,NYK,200105020TOR,"May 2, 2001",TOR,4,2,4,4,50.0,53.19,-3.19,2,2,0,0,2,2,0,0,0,0,0,0,0,0,0,0,0,0,0,0,0,0,0,0
84,Latrell Sprewell,NYK,200105020TOR,"May 2, 2001",TOR,24,21,4,22,47.06,52.72,-5.66,15,16,5,3,0,0,1,3,1,2,0,0,0,0,0,0,0,0,0,0,0,0,0,0
1541,Alvin Williams,TOR,200105020TOR,"May 2, 2001",NYK,18,16,4,18,46.15,50.68,-4.53,13,12,3,3,0,0,0,0,0,0,0,0,0,0,0,0,0,0,0,0,0,0,2,3
349,Mark Jackson,NYK,200105020TOR,"May 2, 2001",TOR,9,5,2,6,64.29,76.53,-12.24,3,4,2,3,0,0,0,0,0,0,0,0,0,0,0,0,0,0,0,0,0,0,1,2
213,Antonio Davis,TOR,200105020TOR,"May 2, 2001",NYK,10,11,2,12,41.67,42.09,-0.42,11,8,0,0,1,2,0,0,0,0,0,0,0,0,0,0,0,0,0,0,0,0,0,0
1713,Vince Carter,TOR,200105020TOR,"May 2, 2001",NYK,32,22,14,28,51.61,56.82,-5.21,16,12,4,6,3,5,0,0,2,6,0,0,0,0,0,0,0,0,0,0,0,0,3,3
164,Chris Childs,NYK,200105020TOR,"May 2, 2001",TOR,25,11,6,14,75.76,91.64,-15.88,6,8,5,12,0,0,0,0,0,0,0,0,0,0,0,0,0,0,0,0,0,0,3,5
703,Kurt Thomas,NYK,200105020TOR,"May 2, 2001",TOR,8,6,6,9,44.44,46.3,-1.86,6,4,0,0,3,4,0,0,0,0,0,0,0,0,0,0,0,0,0,0,0,0,0,0
779,Glen Rice,NYK,200105020TOR,"May 2, 2001",TOR,19,16,0,16,51.35,59.38,-8.03,11,10,5,9,0,0,0,0,0,0,0,0,0,0,0,0,0,0,0,0,0,0,0,0
275,Allan Houston,NYK,200105020TOR,"May 2, 2001",TOR,27,13,8,17,77.14,81.72,-4.58,12,16,1,3,0,0,0,0,0,0,0,0,0,0,0,0,0,0,0,0,0,0,4,8
966,Jerome Williams,TOR,200105020TOR,"May 2, 2001",NYK,8,5,7,8,47.06,49.5,-2.44,4,2,0,0,3,3,0,0,1,3,0,0,0,0,0,0,0,0,0,0,0,0,0,0
2050,Morris Peterson,TOR,200105020TOR,"May 2, 2001",NYK,0,2,0,2,0.0,0.0,0.0,1,0,1,0,0,0,0,0,0,0,0,0,0,0,0,0,0,0,0,0,0,0,0,0
369,Charlie Ward,NYK,200105020TOR,"May 2, 2001",TOR,2,4,0,4,18.18,25.0,-6.82,1,2,3,0,0,0,0,0,0,0,0,0,0,0,0,0,0,0,0,0,0,0,0,0
970,Othella Harrington,NYK,200105020TOR,"May 2, 2001",TOR,0,1,0,1,0.0,0.0,0.0,1,0,0,0,0,0,0,0,0,0,0,0,0,0,0,0,0,0,0,0,0,0,0,0
209,Dell Curry,TOR,200105020TOR,"May 2, 2001",NYK,3,3,0,3,33.33,50.0,-16.67,0,0,3,3,0,0,0,0,0,0,0,0,0,0,0,0,0,0,0,0,0,0,0,0
147,Jalen Rose,IND,200105020IND,"May 2, 2001",PHI,18,19,2,20,40.91,45.27,-4.36,15,10,4,6,1,2,0,0,0,0,0,0,0,0,0,0,0,0,0,0,0,0,0,0
947,Allen Iverson,PHI,200105020IND,"May 2, 2001",IND,33,31,11,36,39.76,46.04,-6.28,20,12,10,9,2,4,0,0,1,3,0,0,0,0,0,0,0,0,0,0,0,0,3,5
1902,Jeff Foster,IND,200105020IND,"May 2, 2001",PHI,4,4,0,4,50.0,50.0,0.0,4,4,0,0,0,0,0,0,0,0,0,0,0,0,0,0,0,0,0,0,0,0,0,0
397,Reggie Miller,IND,200105020IND,"May 2, 2001",PHI,30,22,4,24,52.63,63.13,-10.5,13,14,9,12,1,2,0,0,0,0,0,0,0,0,0,0,0,0,0,0,0,0,1,2
238,Tyrone Hill,PHI,200105020IND,"May 2, 2001",IND,10,8,0,8,62.5,62.5,0.0,8,10,0,0,0,0,0,0,0,0,0,0,0,0,0,0,0,0,0,0,0,0,0,0
248,George Lynch,PHI,200105020IND,"May 2, 2001",IND,0,2,0,2,0.0,0.0,0.0,2,0,0,0,0,0,0,0,0,0,0,0,0,0,0,0,0,0,0,0,0,0,0,0
87,Dikembe Mutombo,PHI,200105020IND,"May 2, 2001",IND,16,9,9,13,59.26,61.73,-2.47,8,6,0,0,4,7,0,0,1,3,0,0,0,0,0,0,0,0,0,0,0,0,0,0
727,Eric Snow,PHI,200105020IND,"May 2, 2001",IND,12,11,0,11,54.55,54.55,0.0,11,12,0,0,0,0,0,0,0,0,0,0,0,0,0,0,0,0,0,0,0,0,0,0
979,Jermaine O'Neal,IND,200105020IND,"May 2, 2001",PHI,16,16,0,16,48.48,50.0,-1.52,15,16,1,0,0,0,0,0,0,0,0,0,0,0,0,0,0,0,0,0,0,0,0,0
696,Travis Best,IND,200105020IND,"May 2, 2001",PHI,7,10,0,10,31.82,35.0,-3.18,8,4,2,3,0,0,0,0,0,0,0,0,0,0,0,0,0,0,0,0,0,0,0,0
243,Aaron McKie,PHI,200105020IND,"May 2, 2001",IND,10,8,6,11,43.48,46.99,-3.51,7,6,1,0,2,2,0,0,0,0,0,0,0,0,0,0,0,0,0,0,0,0,1,2
1506,Austin Croshere,IND,200105020IND,"May 2, 2001",PHI,8,7,2,8,42.11,50.76,-8.65,4,4,3,3,1,1,0,0,0,0,0,0,0,0,0,0,0,0,0,0,0,0,0,0
365,Derrick McKey,IND,200105020IND,"May 2, 2001",PHI,0,1,0,1,0.0,0.0,0.0,1,0,0,0,0,0,0,0,0,0,0,0,0,0,0,0,0,0,0,0,0,0,0,0
1908,Jumaine Jones,PHI,200105020IND,"May 2, 2001",IND,5,6,2,7,31.25,36.34,-5.09,4,0,2,3,1,2,0,0,0,0,0,0,0,0,0,0,0,0,0,0,0,0,0,0
761,Matt Geiger,IND,200105020IND,"May 2, 2001",PHI,2,2,0,2,50.0,50.0,0.0,2,2,0,0,0,0,0,0,0,0,0,0,0,0,0,0,0,0,0,0,0,0,0,0
1563,Kevin Ollie,PHI,200105020IND,"May 2, 2001",IND,0,1,0,1,0.0,0.0,0.0,1,0,0,0,0,0,0,0,0,0,0,0,0,0,0,0,0,0,0,0,0,0,0,0
978,Peja Stojakovic,SAC,200105020PHO,"May 2, 2001",PHX,37,18,14,25,66.07,76.57,-10.5,12,14,6,9,4,8,0,0,0,0,0,0,0,0,0,0,0,0,0,0,0,0,3,6
361,Clifford Robinson,PHX,200105020PHO,"May 2, 2001",SAC,24,18,5,20,52.17,59.41,-7.24,12,14,5,3,1,2,0,0,1,3,0,0,0,0,0,0,0,0,0,0,0,0,1,2
124,Vlade Divac,SAC,200105020PHO,"May 2, 2001",PHX,10,13,4,15,32.26,33.88,-1.62,12,8,1,0,2,2,0,0,0,0,0,0,0,0,0,0,0,0,0,0,0,0,0,0
1890,Shawn Marion,SAC,200105020PHO,"May 2, 2001",PHX,14,19,2,20,35.0,35.21,-0.21,19,12,0,0,1,2,0,0,0,0,0,0,0,0,0,0,0,0,0,0,0,0,0,0
185,Chris Webber,SAC,200105020PHO,"May 2, 2001",PHX,15,27,3,28,26.32,26.48,-0.16,26,12,0,0,1,1,0,0,1,2,0,0,0,0,0,0,0,0,0,0,0,0,0,0
1715,Jason Williams,SAC,200105020PHO,"May 2, 2001",PHX,7,8,0,8,35.0,43.75,-8.75,4,4,4,3,0,0,0,0,0,0,0,0,0,0,0,0,0,0,0,0,0,0,0,0
53,Mario Elie,PHX,200105020PHO,"May 2, 2001",SAC,6,7,2,8,35.29,38.07,-2.78,6,6,1,0,1,0,0,0,0,0,0,0,0,0,0,0,0,0,0,0,0,0,0,0
467,Jason Kidd,PHX,200105020PHO,"May 2, 2001",SAC,13,16,2,17,35.14,38.51,-3.37,13,8,3,3,1,2,0,0,0,0,0,0,0,0,0,0,0,0,0,0,0,0,0,0
2054,Jake Tsakalidis,PHX,200105020PHO,"May 2, 2001",SAC,6,6,0,6,50.0,50.0,0.0,6,6,0,0,0,0,0,0,0,0,0,0,0,0,0,0,0,0,0,0,0,0,0,0
57,Doug Christie,SAC,200105020PHO,"May 2, 2001",PHX,4,4,2,5,36.36,40.98,-4.62,3,2,1,0,1,2,0,0,0,0,0,0,0,0,0,0,0,0,0,0,0,0,0,0
960,Tony Delk,PHX,200105020PHO,"May 2, 2001",SAC,13,14,3,15,39.39,42.43,-3.04,11,6,2,3,1,1,0,0,1,3,0,0,0,0,0,0,0,0,0,0,0,0,0,0
915,Rodney Rogers,PHX,200105020PHO,"May 2, 2001",SAC,6,8,8,12,23.08,26.04,-2.96,6,2,2,0,3,2,0,0,0,0,0,0,0,0,0,0,0,0,0,0,0,0,1,2
1513,Scot Pollard,SAC,200105020PHO,"May 2, 2001",PHX,6,3,6,6,50.0,53.19,-3.19,3,2,0,0,2,3,0,0,0,0,0,0,0,0,0,0,0,0,0,0,0,0,1,1
1517,Bobby Jackson,SAC,200105020PHO,"May 2, 2001",PHX,9,6,2,7,52.94,65.41,-12.47,3,4,3,3,1,2,0,0,0,0,0,0,0,0,0,0,0,0,0,0,0,0,0,0
468,Jon Barry,SAC,200105020PHO,"May 2, 2001",PHX,0,3,0,3,0.0,0.0,0.0,2,0,1,0,0,0,0,0,0,0,0,0,0,0,0,0,0,0,0,0,0,0,0,0
2045,Hedo Turkoglu,SAC,200105020PHO,"May 2, 2001",PHX,0,1,0,1,0.0,0.0,0.0,1,0,0,0,0,0,0,0,0,0,0,0,0,0,0,0,0,0,0,0,0,0,0,0
1717,Dirk Nowitzki,DAL,200105030UTA,"May 3, 2001",UTA,18,11,10,16,50.0,58.44,-8.44,7,2,4,6,2,4,0,0,0,0,0,0,0,0,0,0,0,0,0,0,0,0,3,6
436,Juwan Howard,DAL,200105030UTA,"May 3, 2001",UTA,19,15,9,19,48.72,50.11,-1.39,14,10,0,0,4,6,0,0,1,3,0,0,0,0,0,0,0,0,0,0,0,0,0,0
923,Donyell Marshall,UTA,200105030UTA,"May 3, 2001",DAL,11,7,4,9,57.89,62.79,-4.9,6,8,1,0,1,1,0,0,0,0,0,0,0,0,0,0,0,0,0,0,0,0,1,2
330,Danny Manning,UTA,200105030UTA,"May 3, 2001",DAL,4,7,0,7,28.57,28.57,0.0,7,4,0,0,0,0,0,0,0,0,0,0,0,0,0,0,0,0,0,0,0,0,0,0
935,Bryon Russell,UTA,200105030UTA,"May 3, 2001",DAL,15,12,4,14,44.12,54.51,-10.39,6,6,6,6,0,0,0,0,0,0,0,0,0,0,0,0,0,0,0,0,0,0,2,3
959,Steve Nash,DAL,200105030UTA,"May 3, 2001",UTA,9,11,0,11,31.03,40.91,-9.88,4,0,7,9,0,0,0,0,0,0,0,0,0,0,0,0,0,0,0,0,0,0,0,0
762,Shawn Bradley,DAL,200105030UTA,"May 3, 2001",UTA,2,2,0,2,50.0,50.0,0.0,2,2,0,0,0,0,0,0,0,0,0,0,0,0,0,0,0,0,0,0,0,0,0,0
714,Michael Finley,DAL,200105030UTA,"May 3, 2001",UTA,33,24,4,26,56.9,64.05,-7.15,18,20,6,9,0,0,0,0,0,0,0,0,0,0,0,0,0,0,0,0,0,0,2,4
178,Olden Polynice,UTA,200105030UTA,"May 3, 2001",DAL,12,10,2,11,54.55,55.15,-0.6,10,10,0,0,1,2,0,0,0,0,0,0,0,0,0,0,0,0,0,0,0,0,0,0
304,John Stockton,UTA,200105030UTA,"May 3, 2001",DAL,4,4,0,4,50.0,50.0,0.0,4,4,0,0,0,0,0,0,0,0,0,0,0,0,0,0,0,0,0,0,0,0,0,0
252,Karl Malone,UTA,200105030UTA,"May 3, 2001",DAL,24,28,8,32,37.5,38.07,-0.57,28,18,0,0,3,4,0,0,0,0,0,0,0,0,0,0,0,0,0,0,0,0,1,2
1521,Jacque Vaughn,UTA,200105030UTA,"May 3, 2001",DAL,0,2,0,2,0.0,0.0,0.0,2,0,0,0,0,0,0,0,0,0,0,0,0,0,0,0,0,0,0,0,0,0,0,0
458,Howard Eisley,DAL,200105030UTA,"May 3, 2001",UTA,0,2,0,2,0.0,0.0,0.0,1,0,1,0,0,0,0,0,0,0,0,0,0,0,0,0,0,0,0,0,0,0,0,0
731,Greg Ostertag,UTA,200105030UTA,"May 3, 2001",DAL,4,3,0,3,66.67,66.67,0.0,3,4,0,0,0,0,0,0,0,0,0,0,0,0,0,0,0,0,0,0,0,0,0,0
1916,Calvin Booth,DAL,200105030UTA,"May 3, 2001",UTA,3,2,2,3,50.0,52.08,-2.08,2,2,0,0,1,1,0,0,0,0,0,0,0,0,0,0,0,0,0,0,0,0,0,0
317,John Starks,UTA,200105030UTA,"May 3, 2001",DAL,7,6,2,7,41.18,50.87,-9.69,3,2,3,3,0,0,0,0,0,0,0,0,0,0,0,0,0,0,0,0,0,0,1,2
137,Vernon Maxwell,DAL,200105030UTA,"May 3, 2001",UTA,0,1,0,1,0.0,0.0,0.0,1,0,0,0,0,0,0,0,0,0,0,0,0,0,0,0,0,0,0,0,0,0,0,0
180,John Crotty,UTA,200105030UTA,"May 3, 2001",DAL,2,0,2,1,100.0,113.64,-13.64,0,0,0,0,0,0,0,0,0,0,0,0,0,0,0,0,0,0,0,0,0,0,1,2
948,Marcus Camby,NYK,200105040NYK,"May 4, 2001",TOR,11,7,3,8,64.71,66.11,-1.4,6,8,0,0,1,1,0,0,1,2,0,0,0,0,0,0,0,0,0,0,0,0,0,0
1713,Vince Carter,TOR,200105040NYK,"May 4, 2001",NYK,27,22,2,23,55.1,59.0,-3.9,19,16,3,9,0,0,0,0,0,0,0,0,0,0,0,0,0,0,0,0,0,0,1,2
275,Allan Houston,NYK,200105040NYK,"May 4, 2001",TOR,16,10,2,11,59.26,73.53,-14.27,5,8,5,6,1,2,0,0,0,0,0,0,0,0,0,0,0,0,0,0,0,0,0,0
213,Antonio Davis,TOR,200105040NYK,"May 4, 2001",NYK,14,11,6,14,50.0,51.32,-1.32,11,10,0,0,2,2,0,0,0,0,0,0,0,0,0,0,0,0,0,0,0,0,1,2
891,Charles Oakley,TOR,200105040NYK,"May 4, 2001",NYK,12,12,4,14,41.38,43.6,-2.22,11,10,1,0,1,0,0,0,0,0,0,0,0,0,0,0,0,0,0,0,0,0,1,2
349,Mark Jackson,NYK,200105040NYK,"May 4, 2001",TOR,6,7,0,7,40.0,42.86,-2.86,6,6,1,0,0,0,0,0,0,0,0,0,0,0,0,0,0,0,0,0,0,0,0,0
703,Kurt Thomas,NYK,200105040NYK,"May 4, 2001",TOR,15,7,3,8,88.24,90.14,-1.9,6,10,0,0,1,2,0,0,1,3,0,0,0,0,0,0,0,0,0,0,0,0,0,0
164,Chris Childs,TOR,200105040NYK,"May 4, 2001",NYK,10,8,0,8,55.56,62.5,-6.94,6,4,2,6,0,0,0,0,0,0,0,0,0,0,0,0,0,0,0,0,0,0,0,0
1425,Aaron Williams,NYK,200105040NYK,"May 4, 2001",TOR,18,13,7,16,52.94,55.97,-3.03,11,6,1,3,1,2,0,0,1,3,0,0,0,0,0,0,0,0,0,0,0,0,2,4
84,Latrell Sprewell,NYK,200105040NYK,"May 4, 2001",TOR,29,23,5,25,52.73,57.54,-4.81,18,18,4,6,0,0,0,0,1,3,0,0,0,0,0,0,0,0,0,0,0,0,2,2
1721,Keon Clark,TOR,200105040NYK,"May 4, 2001",NYK,4,4,2,5,40.0,40.98,-0.98,4,4,0,0,1,0,0,0,0,0,0,0,0,0,0,0,0,0,0,0,0,0,0,0
779,Glen Rice,NYK,200105040NYK,"May 4, 2001",TOR,5,10,0,10,20.0,25.0,-5.0,5,2,5,3,0,0,0,0,0,0,0,0,0,0,0,0,0,0,0,0,0,0,0,0
209,Dell Curry,TOR,200105040NYK,"May 4, 2001",NYK,0,2,0,2,0.0,0.0,0.0,0,0,2,0,0,0,0,0,0,0,0,0,0,0,0,0,0,0,0,0,0,0,0,0
970,Othella Harrington,NYK,200105040NYK,"May 4, 2001",TOR,2,2,1,2,40.0,40.98,-0.98,1,0,0,0,0,0,0,0,1,2,0,0,0,0,0,0,0,0,0,0,0,0,0,0
369,Charlie Ward,NYK,200105040NYK,"May 4, 2001",TOR,5,7,0,7,27.78,35.71,-7.93,3,2,4,3,0,0,0,0,0,0,0,0,0,0,0,0,0,0,0,0,0,0,0,0
966,Jerome Williams,TOR,200105040NYK,"May 4, 2001",NYK,7,3,2,4,87.5,90.21,-2.71,3,6,0,0,1,1,0,0,0,0,0,0,0,0,0,0,0,0,0,0,0,0,0,0
762,Shawn Bradley,SAS,200105050SAS,"May 5, 2001",DAL,8,7,0,7,57.14,57.14,0.0,7,8,0,0,0,0,0,0,0,0,0,0,0,0,0,0,0,0,0,0,0,0,0,0
764,David Robinson,SAS,200105050SAS,"May 5, 2001",DAL,11,12,10,17,32.35,33.54,-1.19,12,4,0,0,5,7,0,0,0,0,0,0,0,0,0,0,0,0,0,0,0,0,0,0
436,Juwan Howard,DAL,200105050SAS,"May 5, 2001",SAS,8,7,4,9,44.44,45.66,-1.22,7,4,0,0,2,4,0,0,0,0,0,0,0,0,0,0,0,0,0,0,0,0,0,0
1507,Derek Anderson,SAS,200105050SAS,"May 5, 2001",DAL,5,4,4,6,33.33,43.4,-10.07,1,0,3,3,1,1,0,0,0,0,0,0,0,0,0,0,0,0,0,0,0,0,1,1
959,Steve Nash,DAL,200105050SAS,"May 5, 2001",SAS,2,4,2,5,18.18,20.49,-2.31,3,0,1,0,0,0,0,0,0,0,0,0,0,0,0,0,0,0,0,0,0,0,1,2
345,Terry Porter,SAS,200105050SAS,"May 5, 2001",DAL,2,3,3,4,22.22,23.15,-0.93,3,0,0,0,0,0,1,2,0,0,0,0,0,0,0,0,0,0,0,0,0,0,0,0
1717,Dirk Nowitzki,DAL,200105050SAS,"May 5, 2001",SAS,9,13,4,15,27.27,30.49,-3.22,10,6,3,0,2,3,0,0,0,0,0,0,0,0,0,0,0,0,0,0,0,0,0,0
198,Danny Ferry,SAS,200105050SAS,"May 5, 2001",DAL,2,3,0,3,28.57,33.33,-4.76,2,2,1,0,0,0,0,0,0,0,0,0,0,0,0,0,0,0,0,0,0,0,0,0
714,Michael Finley,SAS,200105050SAS,"May 5, 2001",DAL,17,18,4,20,39.53,43.02,-3.49,15,14,3,0,1,1,0,0,0,0,0,0,0,0,0,0,0,0,0,0,0,0,1,2
1495,Tim Duncan,SAS,200105050SAS,"May 5, 2001",DAL,31,22,6,24,62.0,62.91,-0.91,20,24,0,0,2,2,0,0,2,5,0,0,0,0,0,0,0,0,0,0,0,0,0,0
422,Avery Johnson,SAS,200105050SAS,"May 5, 2001",DAL,5,4,2,5,50.0,51.23,-1.23,4,4,0,0,1,1,0,0,0,0,0,0,0,0,0,0,0,0,0,0,0,0,0,0
990,Malik Rose,SAS,200105050SAS,"May 5, 2001",DAL,2,3,0,3,33.33,33.33,0.0,3,2,0,0,0,0,0,0,0,0,0,0,0,0,0,0,0,0,0,0,0,0,0,0
251,Sean Elliott,SAS,200105050SAS,"May 5, 2001",DAL,9,7,2,8,50.0,57.11,-7.11,5,4,2,3,1,2,0,0,0,0,0,0,0,0,0,0,0,0,0,0,0,0,0,0
458,Howard Eisley,DAL,200105050SAS,"May 5, 2001",SAS,16,9,2,10,66.67,80.97,-14.3,5,8,4,6,0,0,0,0,0,0,0,0,0,0,0,0,0,0,0,0,0,0,1,2
1498,Antonio Daniels,SAS,200105050SAS,"May 5, 2001",DAL,13,8,2,9,59.09,73.2,-14.11,4,2,4,9,0,0,0,0,0,0,0,0,0,0,0,0,0,0,0,0,0,0,1,2
1916,Calvin Booth,DAL,200105050SAS,"May 5, 2001",SAS,0,3,0,3,0.0,0.0,0.0,3,0,0,0,0,0,0,0,0,0,0,0,0,0,0,0,0,0,0,0,0,0,0,0
955,Samaki Walker,SAS,200105050SAS,"May 5, 2001",DAL,3,1,4,3,50.0,54.35,-4.35,1,0,0,0,1,2,0,0,0,0,0,0,0,0,0,0,0,0,0,0,0,0,1,1
2059,Eduardo Najera,DAL,200105050SAS,"May 5, 2001",SAS,7,5,0,5,63.64,70.0,-6.36,4,4,1,3,0,0,0,0,0,0,0,0,0,0,0,0,0,0,0,0,0,0,0,0
137,Vernon Maxwell,DAL,200105050SAS,"May 5, 2001",SAS,2,4,0,4,20.0,25.0,-5.0,2,2,2,0,0,0,0,0,0,0,0,0,0,0,0,0,0,0,0,0,0,0,0,0
70,Steve Kerr,SAS,200105050SAS,"May 5, 2001",DAL,9,6,0,6,60.0,75.0,-15.0,3,6,3,3,0,0,0,0,0,0,0,0,0,0,0,0,0,0,0,0,0,0,0,0
1761,Greg Buckner,DAL,200105050SAS,"May 5, 2001",SAS,6,6,0,6,46.15,50.0,-3.85,5,6,1,0,0,0,0,0,0,0,0,0,0,0,0,0,0,0,0,0,0,0,0,0
zhizhwa01,W. Zhizhi,DAL,200105050SAS,"May 5, 2001",SAS,3,5,1,5,25.0,27.57,-2.57,3,0,1,0,0,0,0,0,1,3,0,0,0,0,0,0,0,0,0,0,0,0,0,0
922,Elden Campbell,CHA,200105060MIL,"May 6, 2001",MIL,17,16,6,19,44.74,45.6,-0.86,16,12,0,0,3,5,0,0,0,0,0,0,0,0,0,0,0,0,0,0,0,0,0,0
281,Scott Williams,MIL,200105060MIL,"May 6, 2001",CHA,8,8,0,8,50.0,50.0,0.0,8,8,0,0,0,0,0,0,0,0,0,0,0,0,0,0,0,0,0,0,0,0,0,0
951,Ray Allen,MIL,200105060MIL,"May 6, 2001",CHA,26,22,6,25,45.61,52.76,-7.15,15,12,7,9,2,4,0,0,0,0,0,0,0,0,0,0,0,0,0,0,0,0,1,1
208,Sam Cassell,MIL,200105060MIL,"May 6, 2001",CHA,20,16,1,16,51.28,60.83,-9.55,10,10,5,6,0,0,0,0,0,0,1,4,0,0,0,0,0,0,0,0,0,0,0,0
133,David Wesley,CHA,200105060MIL,"May 6, 2001",MIL,14,12,2,13,50.0,54.35,-4.35,10,12,2,0,1,2,0,0,0,0,0,0,0,0,0,0,0,0,0,0,0,0,0,0
299,Glenn Robinson,MIL,200105060MIL,"May 6, 2001",CHA,15,14,4,16,42.86,47.59,-4.73,11,8,3,3,1,2,0,0,0,0,0,0,0,0,0,0,0,0,0,0,0,0,1,2
1884,Baron Davis,CHA,200105060MIL,"May 6, 2001",MIL,18,12,9,16,46.15,56.39,-10.24,5,6,6,3,3,4,0,0,1,3,0,0,0,0,0,0,0,0,0,0,0,0,1,2
911,Ervin Johnson,MIL,200105060MIL,"May 6, 2001",CHA,4,3,0,3,66.67,66.67,0.0,3,4,0,0,0,0,0,0,0,0,0,0,0,0,0,0,0,0,0,0,0,0,0,0
469,Jamal Mashburn,CHA,200105060MIL,"May 6, 2001",MIL,23,22,9,26,41.07,44.3,-3.23,18,14,3,0,2,2,0,0,1,3,0,0,0,0,0,0,0,0,0,0,0,0,2,4
136,P.J. Brown,CHA,200105060MIL,"May 6, 2001",MIL,7,6,2,7,50.0,50.87,-0.87,6,6,0,0,1,1,0,0,0,0,0,0,0,0,0,0,0,0,0,0,0,0,0,0
1032,Darvin Ham,MIL,200105060MIL,"May 6, 2001",CHA,2,3,0,3,33.33,33.33,0.0,3,2,0,0,0,0,0,0,0,0,0,0,0,0,0,0,0,0,0,0,0,0,0,0
2048,Jamaal Magloire,CHA,200105060MIL,"May 6, 2001",MIL,4,2,0,2,100.0,100.0,0.0,2,4,0,0,0,0,0,0,0,0,0,0,0,0,0,0,0,0,0,0,0,0,0,0
1501,Tim Thomas,MIL,200105060MIL,"May 6, 2001",CHA,10,8,1,8,52.63,59.24,-6.61,5,4,2,3,0,0,0,0,1,3,0,0,0,0,0,0,0,0,0,0,0,0,0,0
283,Lindsey Hunter,MIL,200105060MIL,"May 6, 2001",CHA,14,10,5,12,46.67,57.38,-10.71,5,6,5,6,1,1,1,1,0,0,0,0,0,0,0,0,0,0,0,0,0,0,0,0
1944,Eddie Robinson,CHA,200105060MIL,"May 6, 2001",MIL,4,5,2,6,33.33,34.01,-0.68,5,2,0,0,1,2,0,0,0,0,0,0,0,0,0,0,0,0,0,0,0,0,0,0
934,Derrick Coleman,CHA,200105060MIL,"May 6, 2001",MIL,5,3,0,3,71.43,83.33,-11.9,2,2,1,3,0,0,0,0,0,0,0,0,0,0,0,0,0,0,0,0,0,0,0,0
679,Jason Caffey,MIL,200105060MIL,"May 6, 2001",CHA,5,2,2,3,83.33,86.81,-3.48,2,4,0,0,1,1,0,0,0,0,0,0,0,0,0,0,0,0,0,0,0,0,0,0
124,Vlade Divac,SAC,200105060LAL,"May 6, 2001",LAL,7,11,3,12,28.0,28.41,-0.41,10,4,0,0,1,0,0,0,1,3,0,0,0,0,0,0,0,0,0,0,0,0,0,0
296,Rick Fox,LAL,200105060LAL,"May 6, 2001",SAC,4,7,0,7,23.53,28.57,-5.04,4,4,3,0,0,0,0,0,0,0,0,0,0,0,0,0,0,0,0,0,0,0,0,0
406,Shaquille O'Neal,SAC,200105060LAL,"May 6, 2001",LAL,44,32,19,41,53.01,54.51,-1.5,31,32,0,0,9,9,0,0,1,3,0,0,0,0,0,0,0,0,0,0,0,0,0,0
185,Chris Webber,SAC,200105060LAL,"May 6, 2001",LAL,34,22,14,28,58.62,60.37,-1.75,20,20,0,0,4,6,0,0,2,6,0,0,1,0,0,0,0,0,0,0,0,0,1,2
977,Kobe Bryant,LAL,200105060LAL,"May 6, 2001",SAC,29,23,10,28,50.88,52.92,-2.04,21,18,1,0,2,4,0,0,1,3,0,0,0,0,0,0,0,0,0,0,1,1,2,3
1715,Jason Williams,SAC,200105060LAL,"May 6, 2001",LAL,14,8,2,9,66.67,78.83,-12.16,5,6,3,6,1,2,0,0,0,0,0,0,0,0,0,0,0,0,0,0,0,0,0,0
965,Derek Fisher,SAC,200105060LAL,"May 6, 2001",LAL,11,8,4,10,47.83,56.35,-8.52,5,6,3,3,1,1,0,0,0,0,0,0,0,0,0,0,0,0,0,0,0,0,1,1
978,Peja Stojakovic,SAC,200105060LAL,"May 6, 2001",LAL,20,18,6,21,42.55,48.45,-5.9,13,8,5,6,2,4,0,0,0,0,0,0,0,0,0,0,0,0,0,0,0,0,1,2
270,Horace Grant,SAC,200105060LAL,"May 6, 2001",LAL,6,6,0,6,50.0,50.0,0.0,6,6,0,0,0,0,0,0,0,0,0,0,0,0,0,0,0,0,0,0,0,0,0,0
57,Doug Christie,SAC,200105060LAL,"May 6, 2001",LAL,5,6,1,6,35.71,38.82,-3.11,4,2,1,0,0,0,0,0,1,3,0,0,0,0,0,0,0,0,0,0,0,0,0,0
109,Robert Horry,LAL,200105060LAL,"May 6, 2001",SAC,9,5,0,5,81.82,90.0,-8.18,4,6,1,3,0,0,0,0,0,0,0,0,0,0,0,0,0,0,0,0,0,0,0,0
2045,Hedo Turkoglu,SAC,200105060LAL,"May 6, 2001",LAL,12,7,2,8,75.0,76.14,-1.14,7,10,0,0,0,0,0,0,0,0,0,0,0,0,0,0,0,0,0,0,0,0,1,2
1513,Scot Pollard,SAC,200105060LAL,"May 6, 2001",LAL,9,8,1,8,52.94,53.32,-0.38,7,6,0,0,0,0,0,0,1,3,0,0,0,0,0,0,0,0,0,0,0,0,0,0
1731,Tyronn Lue,LAL,200105060LAL,"May 6, 2001",SAC,0,3,0,3,0.0,0.0,0.0,0,0,3,0,0,0,0,0,0,0,0,0,0,0,0,0,0,0,0,0,0,0,0,0
216,Brian Shaw,LAL,200105060LAL,"May 6, 2001",SAC,5,3,0,3,71.43,83.33,-11.9,2,2,1,3,0,0,0,0,0,0,0,0,0,0,0,0,0,0,0,0,0,0,0,0
1517,Bobby Jackson,SAC,200105060LAL,"May 6, 2001",LAL,4,4,0,4,44.44,50.0,-5.56,3,4,1,0,0,0,0,0,0,0,0,0,0,0,0,0,0,0,0,0,0,0,0,0
468,Jon Barry,SAC,200105060LAL,"May 6, 2001",LAL,0,2,0,2,0.0,0.0,0.0,1,0,1,0,0,0,0,0,0,0,0,0,0,0,0,0,0,0,0,0,0,0,0,0
87,Dikembe Mutombo,PHI,200105060PHI,"May 6, 2001",TOR,17,9,7,12,68.0,70.36,-2.36,8,10,0,0,1,1,0,0,1,3,0,0,0,0,0,0,0,0,0,0,0,0,2,3
891,Charles Oakley,TOR,200105060PHI,"May 6, 2001",PHI,11,12,2,13,40.74,42.7,-1.96,11,6,1,3,0,0,0,0,0,0,0,0,0,0,0,0,0,0,0,0,0,0,1,2
213,Antonio Davis,TOR,200105060PHI,"May 6, 2001",PHI,10,12,4,14,35.71,36.34,-0.63,12,8,0,0,2,2,0,0,0,0,0,0,0,0,0,0,0,0,0,0,0,0,0,0
727,Eric Snow,PHI,200105060PHI,"May 6, 2001",TOR,9,7,6,10,45.0,46.68,-1.68,7,4,0,0,1,1,0,0,0,0,0,0,0,0,0,0,0,0,0,0,0,0,2,4
947,Allen Iverson,PHI,200105060PHI,"May 6, 2001",TOR,35,34,14,41,40.23,43.58,-3.35,29,18,5,6,6,9,0,0,0,0,0,0,0,0,0,0,0,0,0,0,0,0,1,2
1713,Vince Carter,TOR,200105060PHI,"May 6, 2001",PHI,35,29,9,33,49.3,53.09,-3.79,24,22,4,3,1,2,0,0,1,3,0,0,0,0,0,0,0,0,0,0,0,0,3,5
238,Tyrone Hill,PHI,200105060PHI,"May 6, 2001",TOR,5,4,2,5,45.45,51.23,-5.78,3,4,1,0,1,1,0,0,0,0,0,0,0,0,0,0,0,0,0,0,0,0,0,0
248,George Lynch,PHI,200105060PHI,"May 6, 2001",TOR,6,4,0,4,75.0,75.0,0.0,4,6,0,0,0,0,0,0,0,0,0,0,0,0,0,0,0,0,0,0,0,0,0,0
1425,Aaron Williams,PHI,200105060PHI,"May 6, 2001",TOR,15,9,2,10,68.18,75.91,-7.73,7,10,2,3,0,0,0,0,0,0,0,0,0,0,0,0,0,0,0,0,0,0,1,2
164,Chris Childs,TOR,200105060PHI,"May 6, 2001",PHI,0,4,0,4,0.0,0.0,0.0,2,0,2,0,0,0,0,0,0,0,0,0,0,0,0,0,0,0,0,0,0,0,0,0
243,Aaron McKie,PHI,200105060PHI,"May 6, 2001",TOR,14,13,2,14,46.67,50.43,-3.76,11,10,2,3,0,0,0,0,0,0,0,0,0,0,0,0,0,0,0,0,0,0,1,1
761,Matt Geiger,PHI,200105060PHI,"May 6, 2001",TOR,0,1,0,1,0.0,0.0,0.0,1,0,0,0,0,0,0,0,0,0,0,0,0,0,0,0,0,0,0,0,0,0,0,0
1563,Kevin Ollie,PHI,200105060PHI,"May 6, 2001",TOR,0,1,0,1,0.0,0.0,0.0,1,0,0,0,0,0,0,0,0,0,0,0,0,0,0,0,0,0,0,0,0,0,0,0
1721,Keon Clark,TOR,200105060PHI,"May 6, 2001",PHI,3,2,2,3,50.0,52.08,-2.08,2,2,0,0,1,1,0,0,0,0,0,0,0,0,0,0,0,0,0,0,0,0,0,0
209,Dell Curry,PHI,200105060PHI,"May 6, 2001",TOR,18,12,0,12,54.55,75.0,-20.45,3,6,9,12,0,0,0,0,0,0,0,0,0,0,0,0,0,0,0,0,0,0,0,0
1908,Jumaine Jones,PHI,200105060PHI,"May 6, 2001",TOR,4,5,2,6,28.57,34.01,-5.44,3,4,2,0,1,0,0,0,0,0,0,0,0,0,0,0,0,0,0,0,0,0,0,0
436,Juwan Howard,DAL,200105070SAS,"May 7, 2001",SAS,7,14,4,16,21.88,22.21,-0.33,14,4,0,0,2,3,0,0,0,0,0,0,0,0,0,0,0,0,0,0,0,0,0,0
764,David Robinson,SAS,200105070SAS,"May 7, 2001",DAL,18,14,4,16,56.25,57.11,-0.86,14,16,0,0,2,2,0,0,0,0,0,0,0,0,0,0,0,0,0,0,0,0,0,0
1717,Dirk Nowitzki,DAL,200105070SAS,"May 7, 2001",SAS,17,13,10,18,43.59,48.85,-5.26,10,8,3,0,4,8,0,0,0,0,0,0,0,0,0,0,0,0,0,0,0,0,1,1
959,Steve Nash,DAL,200105070SAS,"May 7, 2001",SAS,10,9,2,10,47.62,50.61,-2.99,8,6,1,3,1,1,0,0,0,0,0,0,0,0,0,0,0,0,0,0,0,0,0,0
762,Shawn Bradley,DAL,200105070SAS,"May 7, 2001",SAS,10,8,0,8,62.5,62.5,0.0,8,10,0,0,0,0,0,0,0,0,0,0,0,0,0,0,0,0,0,0,0,0,0,0
1495,Tim Duncan,SAS,200105070SAS,"May 7, 2001",DAL,25,20,5,22,55.56,56.31,-0.75,19,20,0,0,2,2,0,0,1,3,0,0,0,0,0,0,0,0,0,0,0,0,0,0
198,Danny Ferry,SAS,200105070SAS,"May 7, 2001",DAL,10,8,0,8,52.63,62.5,-9.87,5,4,3,6,0,0,0,0,0,0,0,0,0,0,0,0,0,0,0,0,0,0,0,0
714,Michael Finley,DAL,200105070SAS,"May 7, 2001",SAS,24,24,7,27,41.38,44.31,-2.93,21,12,3,6,1,2,1,2,0,0,0,0,0,0,0,0,0,0,0,0,0,0,1,2
345,Terry Porter,SAS,200105070SAS,"May 7, 2001",DAL,15,9,2,10,65.22,75.91,-10.69,6,10,3,3,0,0,0,0,0,0,0,0,0,0,0,0,0,0,0,0,0,0,1,2
1498,Antonio Daniels,SAS,200105070SAS,"May 7, 2001",DAL,12,8,0,8,60.0,75.0,-15.0,4,6,4,6,0,0,0,0,0,0,0,0,0,0,0,0,0,0,0,0,0,0,0,0
422,Avery Johnson,SAS,200105070SAS,"May 7, 2001",DAL,2,5,0,5,20.0,20.0,0.0,5,2,0,0,0,0,0,0,0,0,0,0,0,0,0,0,0,0,0,0,0,0,0,0
990,Malik Rose,SAS,200105070SAS,"May 7, 2001",DAL,2,5,0,5,20.0,20.0,0.0,5,2,0,0,0,0,0,0,0,0,0,0,0,0,0,0,0,0,0,0,0,0,0,0
458,Howard Eisley,DAL,200105070SAS,"May 7, 2001",SAS,12,9,0,9,50.0,66.67,-16.67,3,0,6,12,0,0,0,0,0,0,0,0,0,0,0,0,0,0,0,0,0,0,0,0
70,Steve Kerr,SAS,200105070SAS,"May 7, 2001",DAL,8,5,0,5,57.14,80.0,-22.86,1,2,4,6,0,0,0,0,0,0,0,0,0,0,0,0,0,0,0,0,0,0,0,0
251,Sean Elliott,SAS,200105070SAS,"May 7, 2001",DAL,7,7,0,7,38.89,50.0,-11.11,3,4,4,3,0,0,0,0,0,0,0,0,0,0,0,0,0,0,0,0,0,0,0,0
1916,Calvin Booth,DAL,200105070SAS,"May 7, 2001",SAS,2,0,2,1,100.0,113.64,-13.64,0,0,0,0,1,2,0,0,0,0,0,0,0,0,0,0,0,0,0,0,0,0,0,0
1761,Greg Buckner,DAL,200105070SAS,"May 7, 2001",SAS,0,2,0,2,0.0,0.0,0.0,1,0,1,0,0,0,0,0,0,0,0,0,0,0,0,0,0,0,0,0,0,0,0,0
922,Elden Campbell,CHA,200105080MIL,"May 8, 2001",MIL,13,11,5,13,48.15,49.24,-1.09,10,6,0,0,2,4,0,0,1,3,0,0,0,0,0,0,0,0,0,0,0,0,0,0
299,Glenn Robinson,MIL,200105080MIL,"May 8, 2001",CHA,19,15,6,18,51.35,53.85,-2.5,14,10,1,3,2,4,0,0,0,0,0,0,0,0,0,0,0,0,0,0,0,0,1,2
208,Sam Cassell,MIL,200105080MIL,"May 8, 2001",CHA,8,16,0,16,24.24,25.0,-0.76,15,8,1,0,0,0,0,0,0,0,0,0,0,0,0,0,0,0,0,0,0,0,0,0
281,Scott Williams,MIL,200105080MIL,"May 8, 2001",CHA,8,6,2,7,57.14,58.14,-1.0,6,8,0,0,1,0,0,0,0,0,0,0,0,0,0,0,0,0,0,0,0,0,0,0
951,Ray Allen,MIL,200105080MIL,"May 8, 2001",CHA,27,18,4,20,57.45,68.32,-10.87,11,12,7,12,2,3,0,0,0,0,0,0,0,0,0,0,0,0,0,0,0,0,0,0
133,David Wesley,CHA,200105080MIL,"May 8, 2001",MIL,20,17,2,18,52.63,55.93,-3.3,15,18,2,0,1,2,0,0,0,0,0,0,0,0,0,0,0,0,0,0,0,0,0,0
1032,Darvin Ham,MIL,200105080MIL,"May 8, 2001",CHA,6,3,2,4,75.0,77.32,-2.32,3,4,0,0,1,2,0,0,0,0,0,0,0,0,0,0,0,0,0,0,0,0,0,0
136,P.J. Brown,CHA,200105080MIL,"May 8, 2001",MIL,19,13,4,15,63.33,64.36,-1.03,13,16,0,0,1,2,0,0,0,0,0,0,0,0,0,0,0,0,0,0,0,0,1,1
1884,Baron Davis,CHA,200105080MIL,"May 8, 2001",MIL,4,4,4,6,28.57,34.72,-6.15,2,0,2,0,2,4,0,0,0,0,0,0,0,0,0,0,0,0,0,0,0,0,0,0
469,Jamal Mashburn,CHA,200105080MIL,"May 8, 2001",MIL,19,19,7,22,40.43,43.03,-2.6,16,14,2,0,2,2,0,0,1,2,0,0,0,0,0,0,0,0,0,0,0,0,1,1
1501,Tim Thomas,MIL,200105080MIL,"May 8, 2001",CHA,12,7,2,8,63.16,76.14,-12.98,4,4,3,6,0,0,0,0,0,0,0,0,0,0,0,0,0,0,0,0,0,0,1,2
2048,Jamaal Magloire,CHA,200105080MIL,"May 8, 2001",MIL,4,3,0,3,66.67,66.67,0.0,3,4,0,0,0,0,0,0,0,0,0,0,0,0,0,0,0,0,0,0,0,0,0,0
1944,Eddie Robinson,CHA,200105080MIL,"May 8, 2001",MIL,4,4,0,4,50.0,50.0,0.0,4,4,0,0,0,0,0,0,0,0,0,0,0,0,0,0,0,0,0,0,0,0,0,0
911,Ervin Johnson,MIL,200105080MIL,"May 8, 2001",CHA,2,4,0,4,25.0,25.0,0.0,4,2,0,0,0,0,0,0,0,0,0,0,0,0,0,0,0,0,0,0,0,0,0,0
283,Lindsey Hunter,MIL,200105080MIL,"May 8, 2001",CHA,2,7,0,7,12.5,14.29,-1.79,5,2,2,0,0,0,0,0,0,0,0,0,0,0,0,0,0,0,0,0,0,0,0,0
679,Jason Caffey,MIL,200105080MIL,"May 8, 2001",CHA,6,7,2,8,37.5,38.07,-0.57,7,6,0,0,1,0,0,0,0,0,0,0,0,0,0,0,0,0,0,0,0,0,0,0
934,Derrick Coleman,CHA,200105080MIL,"May 8, 2001",MIL,7,9,4,11,31.82,32.53,-0.71,9,4,0,0,1,2,0,0,0,0,0,0,0,0,0,0,0,0,0,0,0,0,1,1
977,Kobe Bryant,LAL,200105080LAL,"May 8, 2001",SAC,27,19,10,24,54.0,57.69,-3.69,17,18,2,0,4,7,0,0,0,0,0,0,0,0,0,0,0,0,0,0,0,0,1,2
406,Shaquille O'Neal,LAL,200105080LAL,"May 8, 2001",SAC,43,26,13,31,66.15,67.78,-1.63,23,30,0,0,4,4,0,0,3,8,0,0,0,0,0,0,0,0,0,0,0,0,1,1
185,Chris Webber,SAC,200105080LAL,"May 8, 2001",LAL,22,26,4,28,38.6,39.63,-1.03,25,18,1,0,1,2,0,0,0,0,0,0,0,0,0,0,0,0,0,0,0,0,1,2
124,Vlade Divac,SAC,200105080LAL,"May 8, 2001",LAL,5,7,2,8,31.25,31.73,-0.48,7,4,0,0,0,0,0,0,0,0,0,0,0,0,0,0,0,0,0,0,0,0,1,1
965,Derek Fisher,LAL,200105080LAL,"May 8, 2001",SAC,6,13,4,15,17.14,20.33,-3.19,8,4,5,0,1,1,0,0,0,0,0,0,0,0,0,0,0,0,0,0,0,0,1,1
1715,Jason Williams,SAC,200105080LAL,"May 8, 2001",LAL,2,5,2,6,14.29,17.01,-2.72,3,0,2,0,0,0,0,0,0,0,0,0,0,0,0,0,0,0,0,0,0,0,1,2
57,Doug Christie,SAC,200105080LAL,"May 8, 2001",LAL,9,13,4,15,27.27,30.49,-3.22,10,6,3,0,2,3,0,0,0,0,0,0,0,0,0,0,0,0,0,0,0,0,0,0
270,Horace Grant,SAC,200105080LAL,"May 8, 2001",LAL,10,7,4,9,55.56,57.08,-1.52,7,8,0,0,1,1,0,0,0,0,0,0,0,0,0,0,0,0,0,0,0,0,1,1
978,Peja Stojakovic,SAC,200105080LAL,"May 8, 2001",LAL,20,18,5,20,46.51,49.5,-2.99,15,10,2,3,2,4,0,0,1,3,0,0,0,0,0,0,0,0,0,0,0,0,0,0
296,Rick Fox,SAC,200105080LAL,"May 8, 2001",LAL,9,5,4,7,60.0,66.57,-6.57,4,6,1,0,1,1,0,0,0,0,0,0,0,0,0,0,0,0,0,0,0,0,1,2
216,Brian Shaw,LAL,200105080LAL,"May 8, 2001",SAC,0,4,0,4,0.0,0.0,0.0,2,0,2,0,0,0,0,0,0,0,0,0,0,0,0,0,0,0,0,0,0,0,0,0
109,Robert Horry,LAL,200105080LAL,"May 8, 2001",SAC,1,3,2,4,12.5,12.89,-0.39,3,0,0,0,1,1,0,0,0,0,0,0,0,0,0,0,0,0,0,0,0,0,0,0
1513,Scot Pollard,SAC,200105080LAL,"May 8, 2001",LAL,1,1,2,2,25.0,26.6,-1.6,1,0,0,0,1,1,0,0,0,0,0,0,0,0,0,0,0,0,0,0,0,0,0,0
1517,Bobby Jackson,SAC,200105080LAL,"May 8, 2001",LAL,14,9,6,12,56.0,60.14,-4.14,8,10,1,0,2,3,0,0,0,0,0,0,0,0,0,0,0,0,0,0,0,0,1,1
2045,Hedo Turkoglu,SAC,200105080LAL,"May 8, 2001",LAL,10,5,2,6,66.67,85.03,-18.36,2,2,3,6,1,2,0,0,0,0,0,0,0,0,0,0,0,0,0,0,0,0,0,0
1731,Tyronn Lue,LAL,200105080LAL,"May 8, 2001",SAC,0,1,0,1,0.0,0.0,0.0,1,0,0,0,0,0,0,0,0,0,0,0,0,0,0,0,0,0,0,0,0,0,0,0
468,Jon Barry,SAC,200105080LAL,"May 8, 2001",LAL,7,5,0,5,58.33,70.0,-11.67,3,4,2,3,0,0,0,0,0,0,0,0,0,0,0,0,0,0,0,0,0,0,0,0
166,Ron Harper,LAL,200105080LAL,"May 8, 2001",SAC,0,1,0,1,0.0,0.0,0.0,1,0,0,0,0,0,0,0,0,0,0,0,0,0,0,0,0,0,0,0,0,0,0,0
1541,Alvin Williams,TOR,200105090PHI,"May 9, 2001",PHI,15,17,2,18,36.59,41.95,-5.36,12,8,5,6,1,1,0,0,0,0,0,0,0,0,0,0,0,0,0,0,0,0,0,0
947,Allen Iverson,PHI,200105090PHI,"May 9, 2001",TOR,53,39,8,42,58.24,62.32,-4.08,32,32,5,9,1,2,0,0,2,6,0,0,0,0,0,0,0,0,0,0,0,0,2,4
1713,Vince Carter,TOR,200105090PHI,"May 9, 2001",PHI,28,26,0,26,45.9,53.85,-7.95,17,16,9,12,0,0,0,0,0,0,0,0,0,0,0,0,0,0,0,0,0,0,0,0
727,Eric Snow,PHI,200105090PHI,"May 9, 2001",TOR,10,9,4,11,45.45,46.47,-1.02,9,6,0,0,2,4,0,0,0,0,0,0,0,0,0,0,0,0,0,0,0,0,0,0
248,George Lynch,PHI,200105090PHI,"May 9, 2001",TOR,3,3,4,5,30.0,31.51,-1.51,3,0,0,0,1,2,0,0,0,0,0,0,0,0,0,0,0,0,0,0,0,0,1,1
238,Tyrone Hill,PHI,200105090PHI,"May 9, 2001",TOR,8,10,2,11,36.36,36.76,-0.4,10,6,0,0,1,2,0,0,0,0,0,0,0,0,0,0,0,0,0,0,0,0,0,0
213,Antonio Davis,TOR,200105090PHI,"May 9, 2001",PHI,19,13,4,15,63.33,64.36,-1.03,13,16,0,0,2,3,0,0,0,0,0,0,0,0,0,0,0,0,0,0,0,0,0,0
891,Charles Oakley,TOR,200105090PHI,"May 9, 2001",PHI,12,10,0,10,60.0,60.0,0.0,10,12,0,0,0,0,0,0,0,0,0,0,0,0,0,0,0,0,0,0,0,0,0,0
87,Dikembe Mutombo,PHI,200105090PHI,"May 9, 2001",TOR,9,5,5,7,60.0,62.5,-2.5,4,2,0,0,2,4,0,0,1,3,0,0,0,0,0,0,0,0,0,0,0,0,0,0
164,Chris Childs,PHI,200105090PHI,"May 9, 2001",TOR,3,3,2,4,33.33,38.66,-5.33,2,2,1,0,0,0,0,0,0,0,0,0,0,0,0,0,0,0,0,0,0,0,1,1
243,Aaron McKie,PHI,200105090PHI,"May 9, 2001",TOR,4,7,2,8,23.53,25.38,-1.85,6,2,1,0,1,2,0,0,0,0,0,0,0,0,0,0,0,0,0,0,0,0,0,0
1563,Kevin Ollie,PHI,200105090PHI,"May 9, 2001",TOR,0,2,0,2,0.0,0.0,0.0,2,0,0,0,0,0,0,0,0,0,0,0,0,0,0,0,0,0,0,0,0,0,0,0
209,Dell Curry,TOR,200105090PHI,"May 9, 2001",PHI,10,10,2,11,35.71,45.96,-10.25,4,0,6,9,1,1,0,0,0,0,0,0,0,0,0,0,0,0,0,0,0,0,0,0
1721,Keon Clark,TOR,200105090PHI,"May 9, 2001",PHI,4,4,0,4,50.0,50.0,0.0,4,4,0,0,0,0,0,0,0,0,0,0,0,0,0,0,0,0,0,0,0,0,0,0
1908,Jumaine Jones,PHI,200105090PHI,"May 9, 2001",TOR,9,4,0,4,100.0,112.5,-12.5,3,6,1,3,0,0,0,0,0,0,0,0,0,0,0,0,0,0,0,0,0,0,0,0
966,Jerome Williams,TOR,200105090PHI,"May 9, 2001",PHI,0,0,2,1,0.0,0.0,0.0,0,0,0,0,1,0,0,0,0,0,0,0,0,0,0,0,0,0,0,0,0,0,0,0
959,Steve Nash,DAL,200105090DAL,"May 9, 2001",SAS,11,12,1,12,39.29,44.21,-4.92,8,2,3,6,0,0,0,0,1,3,0,0,0,0,0,0,0,0,0,0,0,0,0,0
436,Juwan Howard,DAL,200105090DAL,"May 9, 2001",SAS,12,12,6,15,40.0,40.98,-0.98,12,8,0,0,3,4,0,0,0,0,0,0,0,0,0,0,0,0,0,0,0,0,0,0
1717,Dirk Nowitzki,DAL,200105090DAL,"May 9, 2001",SAS,15,15,4,17,40.54,44.75,-4.21,12,8,3,3,2,4,0,0,0,0,0,0,0,0,0,0,0,0,0,0,0,0,0,0
1498,Antonio Daniels,SAS,200105090DAL,"May 9, 2001",DAL,13,10,2,11,52.0,59.74,-7.74,7,8,3,3,0,0,0,0,0,0,0,0,0,0,0,0,0,0,0,0,0,0,1,2
714,Michael Finley,DAL,200105090DAL,"May 9, 2001",SAS,10,21,1,21,22.22,23.32,-1.1,18,8,2,0,0,0,0,0,1,2,0,0,0,0,0,0,0,0,0,0,0,0,0,0
764,David Robinson,SAS,200105090DAL,"May 9, 2001",DAL,19,7,14,14,67.86,72.19,-4.33,7,10,0,0,6,7,0,0,0,0,0,0,0,0,0,0,0,0,0,0,0,0,1,2
762,Shawn Bradley,SAS,200105090DAL,"May 9, 2001",DAL,7,8,2,9,38.89,39.41,-0.52,8,6,0,0,1,1,0,0,0,0,0,0,0,0,0,0,0,0,0,0,0,0,0,0
198,Danny Ferry,SAS,200105090DAL,"May 9, 2001",DAL,12,8,0,8,52.17,75.0,-22.83,1,0,7,12,0,0,0,0,0,0,0,0,0,0,0,0,0,0,0,0,0,0,0,0
345,Terry Porter,SAS,200105090DAL,"May 9, 2001",DAL,8,6,0,6,50.0,66.67,-16.67,2,2,4,6,0,0,0,0,0,0,0,0,0,0,0,0,0,0,0,0,0,0,0,0
1495,Tim Duncan,SAS,200105090DAL,"May 9, 2001",DAL,18,14,7,17,51.43,52.69,-1.26,13,12,0,0,2,3,0,0,1,2,0,0,0,0,0,0,0,0,0,0,0,0,1,1
1916,Calvin Booth,DAL,200105090DAL,"May 9, 2001",SAS,2,5,0,5,20.0,20.0,0.0,5,2,0,0,0,0,0,0,0,0,0,0,0,0,0,0,0,0,0,0,0,0,0,0
458,Howard Eisley,DAL,200105090DAL,"May 9, 2001",SAS,9,8,0,8,42.86,56.25,-13.39,3,0,5,9,0,0,0,0,0,0,0,0,0,0,0,0,0,0,0,0,0,0,0,0
251,Sean Elliott,SAS,200105090DAL,"May 9, 2001",DAL,17,8,5,10,68.0,83.33,-15.33,3,4,4,6,1,2,0,0,1,3,0,0,0,0,0,0,0,0,0,0,0,0,1,2
990,Malik Rose,SAS,200105090DAL,"May 9, 2001",DAL,4,9,0,9,21.05,22.22,-1.17,8,4,1,0,0,0,0,0,0,0,0,0,0,0,0,0,0,0,0,0,0,0,0,0
422,Avery Johnson,SAS,200105090DAL,"May 9, 2001",DAL,6,7,0,7,42.86,42.86,0.0,7,6,0,0,0,0,0,0,0,0,0,0,0,0,0,0,0,0,0,0,0,0,0,0
1761,Greg Buckner,DAL,200105090DAL,"May 9, 2001",SAS,14,7,8,11,60.87,66.54,-5.67,6,6,1,3,1,2,0,0,0,0,0,0,0,0,0,0,0,0,0,0,0,0,3,3
955,Samaki Walker,SAS,200105090DAL,"May 9, 2001",DAL,0,3,2,4,0.0,0.0,0.0,3,0,0,0,1,0,0,0,0,0,0,0,0,0,0,0,0,0,0,0,0,0,0,0
70,Steve Kerr,SAS,200105090DAL,"May 9, 2001",DAL,5,3,0,3,62.5,83.33,-20.83,1,2,2,3,0,0,0,0,0,0,0,0,0,0,0,0,0,0,0,0,0,0,0,0
2059,Eduardo Najera,DAL,200105090DAL,"May 9, 2001",SAS,10,7,0,7,58.82,71.43,-12.61,4,4,3,6,0,0,0,0,0,0,0,0,0,0,0,0,0,0,0,0,0,0,0,0
133,David Wesley,CHA,200105100CHH,"May 10, 2001",MIL,16,13,6,16,45.71,51.15,-5.44,10,8,3,3,2,3,0,0,0,0,0,0,0,0,0,0,0,0,0,0,0,0,1,2
922,Elden Campbell,MIL,200105100CHH,"May 10, 2001",CHA,17,12,8,16,53.12,54.77,-1.65,12,14,0,0,3,3,0,0,0,0,0,0,0,0,0,0,0,0,0,0,0,0,1,0
951,Ray Allen,MIL,200105100CHH,"May 10, 2001",CHA,20,18,2,19,43.48,52.97,-9.49,10,6,8,12,1,2,0,0,0,0,0,0,0,0,0,0,0,0,0,0,0,0,0,0
208,Sam Cassell,MIL,200105100CHH,"May 10, 2001",CHA,12,13,0,13,42.86,46.15,-3.29,11,6,2,6,0,0,0,0,0,0,0,0,0,0,0,0,0,0,0,0,0,0,0,0
136,P.J. Brown,CHA,200105100CHH,"May 10, 2001",MIL,7,8,3,9,36.84,37.55,-0.71,7,2,0,0,1,2,0,0,1,3,0,0,0,0,0,0,0,0,0,0,0,0,0,0
1032,Darvin Ham,CHA,200105100CHH,"May 10, 2001",MIL,6,5,3,6,46.15,47.47,-1.32,4,2,0,0,1,1,0,0,1,3,0,0,0,0,0,0,0,0,0,0,0,0,0,0
1884,Baron Davis,CHA,200105100CHH,"May 10, 2001",MIL,10,12,8,16,27.78,32.22,-4.44,8,6,4,0,4,4,0,0,0,0,0,0,0,0,0,0,0,0,0,0,0,0,0,0
281,Scott Williams,MIL,200105100CHH,"May 10, 2001",CHA,13,10,2,11,59.09,59.74,-0.65,10,12,0,0,1,1,0,0,0,0,0,0,0,0,0,0,0,0,0,0,0,0,0,0
299,Glenn Robinson,MIL,200105100CHH,"May 10, 2001",CHA,23,22,2,23,45.1,50.26,-5.16,17,18,5,3,1,2,0,0,0,0,0,0,0,0,0,0,0,0,0,0,0,0,0,0
469,Jamal Mashburn,CHA,200105100CHH,"May 10, 2001",MIL,36,23,4,25,65.45,72.7,-7.25,18,24,5,9,1,1,0,0,0,0,0,0,0,0,0,0,0,0,0,0,0,0,1,2
2048,Jamaal Magloire,CHA,200105100CHH,"May 10, 2001",MIL,8,4,5,6,61.54,64.52,-2.98,3,4,0,0,1,1,0,0,1,2,0,0,0,0,0,0,0,0,0,0,0,0,1,1
1501,Tim Thomas,MIL,200105100CHH,"May 10, 2001",CHA,12,10,4,12,42.86,51.02,-8.16,6,4,4,6,2,2,0,0,0,0,0,0,0,0,0,0,0,0,0,0,0,0,0,0
1944,Eddie Robinson,CHA,200105100CHH,"May 10, 2001",MIL,4,6,0,6,30.77,33.33,-2.56,5,4,1,0,0,0,0,0,0,0,0,0,0,0,0,0,0,0,0,0,0,0,0,0
283,Lindsey Hunter,MIL,200105100CHH,"May 10, 2001",CHA,4,7,0,7,23.53,28.57,-5.04,4,4,3,0,0,0,0,0,0,0,0,0,0,0,0,0,0,0,0,0,0,0,0,0
911,Ervin Johnson,MIL,200105100CHH,"May 10, 2001",CHA,2,2,0,2,50.0,50.0,0.0,2,2,0,0,0,0,0,0,0,0,0,0,0,0,0,0,0,0,0,0,0,0,0,0
901,Otis Thorpe,MIL,200105100CHH,"May 10, 2001",CHA,4,3,0,3,66.67,66.67,0.0,3,4,0,0,0,0,0,0,0,0,0,0,0,0,0,0,0,0,0,0,0,0,0,0
679,Jason Caffey,MIL,200105100CHH,"May 10, 2001",CHA,0,2,0,2,0.0,0.0,0.0,2,0,0,0,0,0,0,0,0,0,0,0,0,0,0,0,0,0,0,0,0,0,0,0
727,Eric Snow,PHI,200105110TOR,"May 11, 2001",TOR,10,13,0,13,38.46,38.46,0.0,13,10,0,0,0,0,0,0,0,0,0,0,0,0,0,0,0,0,0,0,0,0,0,0
1713,Vince Carter,TOR,200105110TOR,"May 11, 2001",PHI,50,29,3,30,67.57,82.45,-14.88,15,18,13,27,1,2,0,0,1,3,0,0,0,0,0,0,0,0,0,0,0,0,0,0
947,Allen Iverson,PHI,200105110TOR,"May 11, 2001",TOR,23,22,14,29,37.1,40.84,-3.74,18,12,4,3,6,6,0,0,0,0,0,0,0,0,0,0,0,0,0,0,0,0,1,2
213,Antonio Davis,TOR,200105110TOR,"May 11, 2001",PHI,20,16,2,17,58.82,59.24,-0.42,16,18,0,0,1,2,0,0,0,0,0,0,0,0,0,0,0,0,0,0,0,0,0,0
87,Dikembe Mutombo,PHI,200105110TOR,"May 11, 2001",TOR,6,3,4,5,60.0,63.03,-3.03,3,2,0,0,1,2,0,0,0,0,0,0,0,0,0,0,0,0,0,0,0,0,1,2
891,Charles Oakley,TOR,200105110TOR,"May 11, 2001",PHI,4,5,0,5,40.0,40.0,0.0,5,4,0,0,0,0,0,0,0,0,0,0,0,0,0,0,0,0,0,0,0,0,0,0
164,Chris Childs,TOR,200105110TOR,"May 11, 2001",PHI,16,9,4,11,64.0,74.35,-10.35,6,6,3,6,1,2,0,0,0,0,0,0,0,0,0,0,0,0,0,0,0,0,1,2
238,Tyrone Hill,PHI,200105110TOR,"May 11, 2001",TOR,8,5,2,6,66.67,68.03,-1.36,5,6,0,0,0,0,0,0,0,0,0,0,0,0,0,0,0,0,0,0,0,0,1,2
1541,Alvin Williams,TOR,200105110TOR,"May 11, 2001",PHI,4,11,0,11,18.18,18.18,0.0,11,4,0,0,0,0,0,0,0,0,0,0,0,0,0,0,0,0,0,0,0,0,0,0
243,Aaron McKie,PHI,200105110TOR,"May 11, 2001",TOR,17,13,8,17,45.95,51.45,-5.5,10,6,3,6,4,5,0,0,0,0,0,0,0,0,0,0,0,0,0,0,0,0,0,0
209,Dell Curry,TOR,200105110TOR,"May 11, 2001",PHI,2,7,0,7,11.11,14.29,-3.18,3,2,4,0,0,0,0,0,0,0,0,0,0,0,0,0,0,0,0,0,0,0,0,0
1908,Jumaine Jones,PHI,200105110TOR,"May 11, 2001",TOR,0,3,0,3,0.0,0.0,0.0,2,0,1,0,0,0,0,0,0,0,0,0,0,0,0,0,0,0,0,0,0,0,0,0
248,George Lynch,PHI,200105110TOR,"May 11, 2001",TOR,6,5,2,6,50.0,51.02,-1.02,5,4,0,0,1,2,0,0,0,0,0,0,0,0,0,0,0,0,0,0,0,0,0,0
966,Jerome Williams,TOR,200105110TOR,"May 11, 2001",PHI,3,1,3,2,60.0,64.66,-4.66,0,0,0,0,0,0,0,0,1,2,0,0,0,0,0,0,0,0,0,0,0,0,1,1
1928,Todd MacCulloch,PHI,200105110TOR,"May 11, 2001",TOR,4,2,2,3,66.67,69.44,-2.77,2,2,0,0,1,2,0,0,0,0,0,0,0,0,0,0,0,0,0,0,0,0,0,0
376,Eric Montross,TOR,200105110TOR,"May 11, 2001",PHI,0,1,0,1,0.0,0.0,0.0,1,0,0,0,0,0,0,0,0,0,0,0,0,0,0,0,0,0,0,0,0,0,0,0
1934,Rodney Buford,PHI,200105110TOR,"May 11, 2001",TOR,0,3,0,3,0.0,0.0,0.0,2,0,1,0,0,0,0,0,0,0,0,0,0,0,0,0,0,0,0,0,0,0,0,0
1563,Kevin Ollie,PHI,200105110TOR,"May 11, 2001",TOR,4,5,0,5,40.0,40.0,0.0,5,4,0,0,0,0,0,0,0,0,0,0,0,0,0,0,0,0,0,0,0,0,0,0
2050,Morris Peterson,TOR,200105110TOR,"May 11, 2001",PHI,3,2,0,2,50.0,75.0,-25.0,0,0,2,3,0,0,0,0,0,0,0,0,0,0,0,0,0,0,0,0,0,0,0,0
270,Horace Grant,LAL,200105110SAC,"May 11, 2001",SAC,8,6,2,7,57.14,58.14,-1.0,6,6,0,0,0,0,0,0,0,0,0,0,0,0,0,0,0,0,0,0,0,0,1,2
185,Chris Webber,SAC,200105110SAC,"May 11, 2001",LAL,28,27,4,29,48.28,48.68,-0.4,27,26,0,0,2,2,0,0,0,0,0,0,0,0,0,0,0,0,0,0,0,0,0,0
965,Derek Fisher,LAL,200105110SAC,"May 11, 2001",SAC,12,10,0,10,52.17,60.0,-7.83,7,6,3,6,0,0,0,0,0,0,0,0,0,0,0,0,0,0,0,0,0,0,0,0
124,Vlade Divac,SAC,200105110SAC,"May 11, 2001",LAL,11,11,2,12,45.83,46.3,-0.47,11,10,0,0,1,1,0,0,0,0,0,0,0,0,0,0,0,0,0,0,0,0,0,0
57,Doug Christie,SAC,200105110SAC,"May 11, 2001",LAL,8,12,3,13,28.57,30.03,-1.46,10,4,1,0,1,1,0,0,1,3,0,0,0,0,0,0,0,0,0,0,0,0,0,0
406,Shaquille O'Neal,LAL,200105110SAC,"May 11, 2001",SAC,21,13,14,19,52.5,54.8,-2.3,11,12,0,0,3,3,0,0,2,5,0,0,0,0,0,0,0,0,0,0,0,0,3,1
296,Rick Fox,LAL,200105110SAC,"May 11, 2001",SAC,11,11,2,12,39.29,46.3,-7.01,7,6,4,3,1,2,0,0,0,0,0,0,0,0,0,0,0,0,0,0,0,0,0,0
1715,Jason Williams,SAC,200105110SAC,"May 11, 2001",LAL,2,6,0,6,14.29,16.67,-2.38,4,2,2,0,0,0,0,0,0,0,0,0,0,0,0,0,0,0,0,0,0,0,0,0
977,Kobe Bryant,LAL,200105110SAC,"May 11, 2001",SAC,34,22,17,30,54.84,57.67,-2.83,20,18,1,0,7,11,0,0,1,3,0,0,1,2,0,0,0,0,0,0,0,0,0,0
978,Peja Stojakovic,SAC,200105110SAC,"May 11, 2001",LAL,14,13,6,16,38.89,44.76,-5.87,9,8,4,0,2,4,0,0,0,0,0,0,0,0,0,0,0,0,0,0,0,0,1,2
1517,Bobby Jackson,SAC,200105110SAC,"May 11, 2001",LAL,2,6,0,6,15.38,16.67,-1.29,5,2,1,0,0,0,0,0,0,0,0,0,0,0,0,0,0,0,0,0,0,0,0,0
2045,Hedo Turkoglu,SAC,200105110SAC,"May 11, 2001",LAL,9,9,2,10,37.5,45.55,-8.05,5,4,4,3,0,0,0,0,0,0,0,0,0,0,0,0,0,0,0,0,0,0,1,2
1513,Scot Pollard,SAC,200105110SAC,"May 11, 2001",LAL,2,2,0,2,50.0,50.0,0.0,2,2,0,0,0,0,0,0,0,0,0,0,0,0,0,0,0,0,0,0,0,0,0,0
216,Brian Shaw,LAL,200105110SAC,"May 11, 2001",SAC,4,4,2,5,40.0,40.98,-0.98,4,2,0,0,1,2,0,0,0,0,0,0,0,0,0,0,0,0,0,0,0,0,0,0
109,Robert Horry,LAL,200105110SAC,"May 11, 2001",SAC,5,7,0,7,27.78,35.71,-7.93,3,2,4,3,0,0,0,0,0,0,0,0,0,0,0,0,0,0,0,0,0,0,0,0
1731,Tyronn Lue,LAL,200105110SAC,"May 11, 2001",SAC,3,1,0,1,100.0,150.0,-50.0,0,0,1,3,0,0,0,0,0,0,0,0,0,0,0,0,0,0,0,0,0,0,0,0
468,Jon Barry,LAL,200105110SAC,"May 11, 2001",SAC,2,3,0,3,25.0,33.33,-8.33,1,2,2,0,0,0,0,0,0,0,0,0,0,0,0,0,0,0,0,0,0,0,0,0
1444,Lawrence Funderburke,SAC,200105110SAC,"May 11, 2001",LAL,0,1,0,1,0.0,0.0,0.0,1,0,0,0,0,0,0,0,0,0,0,0,0,0,0,0,0,0,0,0,0,0,0,0
239,Darrick Martin,SAC,200105110SAC,"May 11, 2001",LAL,0,1,0,1,0.0,0.0,0.0,1,0,0,0,0,0,0,0,0,0,0,0,0,0,0,0,0,0,0,0,0,0,0,0
1904,Devean George,LAL,200105110SAC,"May 11, 2001",SAC,3,1,2,2,75.0,79.79,-4.79,1,2,0,0,0,0,0,0,0,0,0,0,0,0,0,0,0,0,0,0,0,0,1,1
1495,Tim Duncan,SAS,200105120DAL,"May 12, 2001",DAL,29,23,19,32,44.62,46.24,-1.62,22,16,0,0,5,6,0,0,1,3,0,0,1,1,0,0,0,0,0,0,0,0,3,3
762,Shawn Bradley,DAL,200105120DAL,"May 12, 2001",SAS,10,9,0,9,55.56,55.56,0.0,9,10,0,0,0,0,0,0,0,0,0,0,0,0,0,0,0,0,0,0,0,0,0,0
1717,Dirk Nowitzki,DAL,200105120DAL,"May 12, 2001",SAS,29,18,7,21,65.91,68.79,-2.88,16,20,1,0,2,4,0,0,1,3,0,0,0,0,0,0,0,0,0,0,0,0,1,2
764,David Robinson,SAS,200105120DAL,"May 12, 2001",DAL,25,13,11,18,67.57,70.07,-2.5,12,14,0,0,3,5,0,0,1,3,0,0,0,0,0,0,0,0,0,0,0,0,2,3
714,Michael Finley,SAS,200105120DAL,"May 12, 2001",DAL,25,23,6,26,43.1,48.75,-5.65,17,14,6,6,1,2,0,0,0,0,0,0,0,0,0,0,0,0,0,0,0,0,2,3
959,Steve Nash,DAL,200105120DAL,"May 12, 2001",SAS,10,11,0,11,40.0,45.45,-5.45,8,4,3,6,0,0,0,0,0,0,0,0,0,0,0,0,0,0,0,0,0,0,0,0
1498,Antonio Daniels,SAS,200105120DAL,"May 12, 2001",DAL,18,12,2,13,60.0,69.88,-9.88,8,14,4,3,1,1,0,0,0,0,0,0,0,0,0,0,0,0,0,0,0,0,0,0
436,Juwan Howard,DAL,200105120DAL,"May 12, 2001",SAS,17,17,1,17,48.57,48.74,-0.17,16,14,0,0,0,0,0,0,1,3,0,0,0,0,0,0,0,0,0,0,0,0,0,0
198,Danny Ferry,DAL,200105120DAL,"May 12, 2001",SAS,3,3,0,3,33.33,50.0,-16.67,0,0,3,3,0,0,0,0,0,0,0,0,0,0,0,0,0,0,0,0,0,0,0,0
345,Terry Porter,SAS,200105120DAL,"May 12, 2001",DAL,13,11,0,11,46.43,59.09,-12.66,5,4,6,9,0,0,0,0,0,0,0,0,0,0,0,0,0,0,0,0,0,0,0,0
422,Avery Johnson,SAS,200105120DAL,"May 12, 2001",DAL,7,7,2,8,43.75,44.42,-0.67,7,6,0,0,0,0,0,0,0,0,0,0,0,0,0,0,0,0,0,0,0,0,1,1
990,Malik Rose,SAS,200105120DAL,"May 12, 2001",DAL,8,3,2,4,100.0,103.09,-3.09,3,6,0,0,1,2,0,0,0,0,0,0,0,0,0,0,0,0,0,0,0,0,0,0
251,Sean Elliott,SAS,200105120DAL,"May 12, 2001",DAL,2,2,2,3,28.57,34.72,-6.15,1,0,1,0,1,2,0,0,0,0,0,0,0,0,0,0,0,0,0,0,0,0,0,0
955,Samaki Walker,SAS,200105120DAL,"May 12, 2001",DAL,0,1,0,1,0.0,0.0,0.0,1,0,0,0,0,0,0,0,0,0,0,0,0,0,0,0,0,0,0,0,0,0,0,0
1761,Greg Buckner,DAL,200105120DAL,"May 12, 2001",SAS,4,2,2,3,66.67,69.44,-2.77,2,2,0,0,0,0,0,0,0,0,0,0,0,0,0,0,0,0,0,0,0,0,1,2
1916,Calvin Booth,DAL,200105120DAL,"May 12, 2001",SAS,16,10,2,11,72.73,73.53,-0.8,10,14,0,0,1,2,0,0,0,0,0,0,0,0,0,0,0,0,0,0,0,0,0,0
458,Howard Eisley,DAL,200105120DAL,"May 12, 2001",SAS,0,3,0,3,0.0,0.0,0.0,2,0,1,0,0,0,0,0,0,0,0,0,0,0,0,0,0,0,0,0,0,0,0,0
70,Steve Kerr,SAS,200105120DAL,"May 12, 2001",DAL,0,1,0,1,0.0,0.0,0.0,0,0,1,0,0,0,0,0,0,0,0,0,0,0,0,0,0,0,0,0,0,0,0,0
922,Elden Campbell,CHA,200105130CHH,"May 13, 2001",MIL,12,16,2,17,35.29,35.55,-0.26,16,10,0,0,1,2,0,0,0,0,0,0,0,0,0,0,0,0,0,0,0,0,0,0
208,Sam Cassell,MIL,200105130CHH,"May 13, 2001",CHA,8,11,0,11,32.0,36.36,-4.36,8,8,3,0,0,0,0,0,0,0,0,0,0,0,0,0,0,0,0,0,0,0,0,0
469,Jamal Mashburn,CHA,200105130CHH,"May 13, 2001",MIL,30,26,8,30,47.62,50.81,-3.19,23,22,3,0,4,8,0,0,0,0,0,0,0,0,0,0,0,0,0,0,0,0,0,0
133,David Wesley,CHA,200105130CHH,"May 13, 2001",MIL,13,13,10,18,33.33,37.36,-4.03,10,4,3,3,1,1,0,0,0,0,0,0,0,0,0,0,0,0,0,0,0,0,4,5
951,Ray Allen,MIL,200105130CHH,"May 13, 2001",CHA,19,17,2,18,43.18,53.13,-9.95,9,8,8,9,0,0,0,0,0,0,0,0,0,0,0,0,0,0,0,0,0,0,1,2
136,P.J. Brown,CHA,200105130CHH,"May 13, 2001",MIL,7,10,1,10,33.33,33.52,-0.19,9,4,0,0,0,0,0,0,1,3,0,0,0,0,0,0,0,0,0,0,0,0,0,0
299,Glenn Robinson,MIL,200105130CHH,"May 13, 2001",CHA,16,19,0,19,38.1,42.11,-4.01,15,10,4,6,0,0,0,0,0,0,0,0,0,0,0,0,0,0,0,0,0,0,0,0
281,Scott Williams,MIL,200105130CHH,"May 13, 2001",CHA,8,5,2,6,66.67,68.03,-1.36,5,8,0,0,1,0,0,0,0,0,0,0,0,0,0,0,0,0,0,0,0,0,0,0
1884,Baron Davis,CHA,200105130CHH,"May 13, 2001",MIL,18,14,3,15,46.15,58.75,-12.6,5,4,8,9,1,2,0,0,1,3,0,0,0,0,0,0,0,0,0,0,0,0,0,0
679,Jason Caffey,MIL,200105130CHH,"May 13, 2001",CHA,9,6,5,8,52.94,54.88,-1.94,5,6,0,0,2,0,0,0,1,3,0,0,0,0,0,0,0,0,0,0,0,0,0,0
2048,Jamaal Magloire,CHA,200105130CHH,"May 13, 2001",MIL,2,4,2,5,20.0,20.49,-0.49,4,2,0,0,1,0,0,0,0,0,0,0,0,0,0,0,0,0,0,0,0,0,0,0
911,Ervin Johnson,MIL,200105130CHH,"May 13, 2001",CHA,4,2,2,3,66.67,69.44,-2.77,2,2,0,0,1,2,0,0,0,0,0,0,0,0,0,0,0,0,0,0,0,0,0,0
283,Lindsey Hunter,MIL,200105130CHH,"May 13, 2001",CHA,0,5,0,5,0.0,0.0,0.0,2,0,3,0,0,0,0,0,0,0,0,0,0,0,0,0,0,0,0,0,0,0,0,0
1944,Eddie Robinson,CHA,200105130CHH,"May 13, 2001",MIL,2,3,0,3,33.33,33.33,0.0,3,2,0,0,0,0,0,0,0,0,0,0,0,0,0,0,0,0,0,0,0,0,0,0
1501,Tim Thomas,MIL,200105130CHH,"May 13, 2001",CHA,13,11,4,13,43.33,50.94,-7.61,7,6,4,6,2,1,0,0,0,0,0,0,0,0,0,0,0,0,0,0,0,0,0,0
891,Charles Oakley,TOR,200105130TOR,"May 13, 2001",PHI,11,12,2,13,39.29,42.7,-3.41,10,6,2,3,0,0,0,0,0,0,0,0,0,0,0,0,0,0,0,0,0,0,1,2
947,Allen Iverson,PHI,200105130TOR,"May 13, 2001",TOR,29,30,7,34,39.73,43.83,-4.1,24,14,6,9,3,5,0,0,0,0,0,0,1,1,0,0,0,0,0,0,0,0,0,0
238,Tyrone Hill,PHI,200105130TOR,"May 13, 2001",TOR,2,5,0,5,20.0,20.0,0.0,5,2,0,0,0,0,0,0,0,0,0,0,0,0,0,0,0,0,0,0,0,0,0,0
1713,Vince Carter,TOR,200105130TOR,"May 13, 2001",PHI,25,27,10,32,35.21,39.81,-4.6,20,14,7,3,5,8,0,0,0,0,0,0,0,0,0,0,0,0,0,0,0,0,0,0
87,Dikembe Mutombo,PHI,200105130TOR,"May 13, 2001",TOR,13,8,5,10,61.9,63.73,-1.83,7,8,0,0,2,2,0,0,1,3,0,0,0,0,0,0,0,0,0,0,0,0,0,0
213,Antonio Davis,TOR,200105130TOR,"May 13, 2001",PHI,13,10,6,13,50.0,51.42,-1.42,10,8,0,0,3,5,0,0,0,0,0,0,0,0,0,0,0,0,0,0,0,0,0,0
164,Chris Childs,TOR,200105130TOR,"May 13, 2001",PHI,10,8,2,9,45.45,56.31,-10.86,4,2,4,6,1,2,0,0,0,0,0,0,0,0,0,0,0,0,0,0,0,0,0,0
248,George Lynch,PHI,200105130TOR,"May 13, 2001",TOR,8,8,0,8,50.0,50.0,0.0,8,8,0,0,0,0,0,0,0,0,0,0,0,0,0,0,0,0,0,0,0,0,0,0
243,Aaron McKie,PHI,200105130TOR,"May 13, 2001",TOR,18,13,2,14,60.0,64.84,-4.84,11,16,2,0,1,2,0,0,0,0,0,0,0,0,0,0,0,0,0,0,0,0,0,0
727,Eric Snow,PHI,200105130TOR,"May 13, 2001",TOR,8,10,0,10,40.0,40.0,0.0,10,8,0,0,0,0,0,0,0,0,0,0,0,0,0,0,0,0,0,0,0,0,0,0
966,Jerome Williams,TOR,200105130TOR,"May 13, 2001",PHI,0,1,0,1,0.0,0.0,0.0,1,0,0,0,0,0,0,0,0,0,0,0,0,0,0,0,0,0,0,0,0,0,0,0
1541,Alvin Williams,TOR,200105130TOR,"May 13, 2001",PHI,14,18,0,18,35.0,38.89,-3.89,14,14,4,0,0,0,0,0,0,0,0,0,0,0,0,0,0,0,0,0,0,0,0,0
209,Dell Curry,TOR,200105130TOR,"May 13, 2001",PHI,2,3,0,3,28.57,33.33,-4.76,2,2,1,0,0,0,0,0,0,0,0,0,0,0,0,0,0,0,0,0,0,0,0,0
1563,Kevin Ollie,PHI,200105130TOR,"May 13, 2001",TOR,3,3,2,4,37.5,38.66,-1.16,3,2,0,0,0,0,0,0,0,0,0,0,0,0,0,0,0,0,0,0,0,0,1,1
1908,Jumaine Jones,PHI,200105130TOR,"May 13, 2001",TOR,0,2,0,2,0.0,0.0,0.0,1,0,1,0,0,0,0,0,0,0,0,0,0,0,0,0,0,0,0,0,0,0,0,0
1721,Keon Clark,TOR,200105130TOR,"May 13, 2001",PHI,0,2,0,2,0.0,0.0,0.0,2,0,0,0,0,0,0,0,0,0,0,0,0,0,0,0,0,0,0,0,0,0,0,0
1928,Todd MacCulloch,PHI,200105130TOR,"May 13, 2001",TOR,2,1,0,1,100.0,100.0,0.0,1,2,0,0,0,0,0,0,0,0,0,0,0,0,0,0,0,0,0,0,0,0,0,0
1715,Jason Williams,SAC,200105130SAC,"May 13, 2001",LAL,3,5,0,5,20.0,30.0,-10.0,0,0,5,3,0,0,0,0,0,0,0,0,0,0,0,0,0,0,0,0,0,0,0,0
270,Horace Grant,LAL,200105130SAC,"May 13, 2001",SAC,4,7,2,8,25.0,25.38,-0.38,7,2,0,0,1,2,0,0,0,0,0,0,0,0,0,0,0,0,0,0,0,0,0,0
965,Derek Fisher,LAL,200105130SAC,"May 13, 2001",SAC,20,10,6,13,68.97,79.11,-10.14,7,8,3,6,2,4,0,0,0,0,0,0,0,0,0,0,0,0,0,0,0,0,1,2
124,Vlade Divac,SAC,200105130SAC,"May 13, 2001",LAL,18,9,10,14,64.29,67.16,-2.87,9,8,0,0,3,6,0,0,0,0,0,0,0,0,0,0,0,0,0,0,0,0,2,4
185,Chris Webber,SAC,200105130SAC,"May 13, 2001",LAL,21,25,6,27,37.5,37.99,-0.49,23,12,0,0,2,3,0,0,2,6,0,0,0,0,0,0,0,0,0,0,0,0,0,0
977,Kobe Bryant,LAL,200105130SAC,"May 13, 2001",SAC,47,29,18,37,61.04,63.65,-2.61,26,24,1,3,5,10,0,0,2,6,0,0,0,0,0,0,0,0,0,0,0,0,3,4
57,Doug Christie,SAC,200105130SAC,"May 13, 2001",LAL,15,9,3,10,62.5,72.67,-10.17,6,6,3,6,0,0,1,3,0,0,0,0,0,0,0,0,0,0,0,0,0,0,0,0
978,Peja Stojakovic,SAC,200105130SAC,"May 13, 2001",LAL,26,14,9,18,65.0,72.38,-7.38,11,14,3,3,3,6,1,3,0,0,0,0,0,0,0,0,0,0,0,0,0,0,0,0
406,Shaquille O'Neal,LAL,200105130SAC,"May 13, 2001",SAC,25,16,13,22,55.56,57.55,-1.99,15,16,0,0,6,7,0,0,1,2,0,0,0,0,0,0,0,0,0,0,0,0,0,0
296,Rick Fox,LAL,200105130SAC,"May 13, 2001",SAC,6,7,0,7,37.5,42.86,-5.36,5,6,2,0,0,0,0,0,0,0,0,0,0,0,0,0,0,0,0,0,0,0,0,0
216,Brian Shaw,LAL,200105130SAC,"May 13, 2001",SAC,5,5,0,5,38.46,50.0,-11.54,2,2,3,3,0,0,0,0,0,0,0,0,0,0,0,0,0,0,0,0,0,0,0,0
109,Robert Horry,LAL,200105130SAC,"May 13, 2001",SAC,11,4,4,6,73.33,95.49,-22.16,1,2,3,6,0,0,0,0,0,0,0,0,0,0,0,0,0,0,0,0,0,0,2,3
1517,Bobby Jackson,SAC,200105130SAC,"May 13, 2001",LAL,4,5,2,6,26.67,34.01,-7.34,2,0,3,3,1,1,0,0,0,0,0,0,0,0,0,0,0,0,0,0,0,0,0,0
1513,Scot Pollard,LAL,200105130SAC,"May 13, 2001",SAC,2,1,0,1,100.0,100.0,0.0,1,2,0,0,0,0,0,0,0,0,0,0,0,0,0,0,0,0,0,0,0,0,0,0
2045,Hedo Turkoglu,SAC,200105130SAC,"May 13, 2001",LAL,22,10,2,11,84.62,101.1,-16.48,6,8,4,12,0,0,0,0,0,0,0,0,0,0,0,0,0,0,0,0,0,0,1,2
1444,Lawrence Funderburke,SAC,200105130SAC,"May 13, 2001",LAL,2,3,0,3,33.33,33.33,0.0,3,2,0,0,0,0,0,0,0,0,0,0,0,0,0,0,0,0,0,0,0,0,0,0
1498,Antonio Daniels,SAS,200105140SAS,"May 14, 2001",DAL,19,15,0,15,55.88,63.33,-7.45,11,16,4,3,0,0,0,0,0,0,0,0,0,0,0,0,0,0,0,0,0,0,0,0
762,Shawn Bradley,DAL,200105140SAS,"May 14, 2001",SAS,4,4,0,4,50.0,50.0,0.0,4,4,0,0,0,0,0,0,0,0,0,0,0,0,0,0,0,0,0,0,0,0,0,0
714,Michael Finley,DAL,200105140SAS,"May 14, 2001",SAS,2,17,0,17,5.26,5.88,-0.62,13,2,4,0,0,0,0,0,0,0,0,0,0,0,0,0,0,0,0,0,0,0,0,0
959,Steve Nash,DAL,200105140SAS,"May 14, 2001",SAS,11,7,4,9,55.0,62.79,-7.79,5,8,2,0,1,1,0,0,0,0,0,0,0,0,0,0,0,0,0,0,0,0,1,2
436,Juwan Howard,DAL,200105140SAS,"May 14, 2001",SAS,14,16,4,18,38.89,39.41,-0.52,16,10,0,0,2,4,0,0,0,0,0,0,0,0,0,0,0,0,0,0,0,0,0,0
1495,Tim Duncan,SAS,200105140SAS,"May 14, 2001",DAL,32,25,11,30,52.46,53.62,-1.16,24,22,0,0,5,8,0,0,1,2,0,0,0,0,0,0,0,0,0,0,0,0,0,0
198,Danny Ferry,DAL,200105140SAS,"May 14, 2001",SAS,6,5,0,5,40.0,60.0,-20.0,0,0,5,6,0,0,0,0,0,0,0,0,0,0,0,0,0,0,0,0,0,0,0,0
1717,Dirk Nowitzki,DAL,200105140SAS,"May 14, 2001",SAS,42,24,18,32,62.69,65.79,-3.1,21,24,1,0,7,12,0,0,2,6,0,0,0,0,0,0,0,0,0,0,0,0,1,0
764,David Robinson,SAS,200105140SAS,"May 14, 2001",DAL,16,11,10,15,50.0,51.95,-1.95,9,6,0,0,2,2,0,0,2,5,0,0,0,0,0,0,0,0,0,0,0,0,2,3
345,Terry Porter,SAS,200105140SAS,"May 14, 2001",DAL,5,4,2,5,45.45,51.23,-5.78,3,4,1,0,1,1,0,0,0,0,0,0,0,0,0,0,0,0,0,0,0,0,0,0
1916,Calvin Booth,DAL,200105140SAS,"May 14, 2001",SAS,2,6,0,6,16.67,16.67,0.0,6,2,0,0,0,0,0,0,0,0,0,0,0,0,0,0,0,0,0,0,0,0,0,0
422,Avery Johnson,SAS,200105140SAS,"May 14, 2001",DAL,10,9,0,9,55.56,55.56,0.0,9,10,0,0,0,0,0,0,0,0,0,0,0,0,0,0,0,0,0,0,0,0,0,0
990,Malik Rose,SAS,200105140SAS,"May 14, 2001",DAL,2,4,0,4,25.0,25.0,0.0,4,2,0,0,0,0,0,0,0,0,0,0,0,0,0,0,0,0,0,0,0,0,0,0
458,Howard Eisley,DAL,200105140SAS,"May 14, 2001",SAS,6,9,0,9,27.27,33.33,-6.06,5,6,4,0,0,0,0,0,0,0,0,0,0,0,0,0,0,0,0,0,0,0,0,0
251,Sean Elliott,SAS,200105140SAS,"May 14, 2001",DAL,8,4,0,4,80.0,100.0,-20.0,2,2,2,6,0,0,0,0,0,0,0,0,0,0,0,0,0,0,0,0,0,0,0,0
1761,Greg Buckner,DAL,200105140SAS,"May 14, 2001",SAS,6,6,0,6,50.0,50.0,0.0,6,6,0,0,0,0,0,0,0,0,0,0,0,0,0,0,0,0,0,0,0,0,0,0
70,Steve Kerr,SAS,200105140SAS,"May 14, 2001",DAL,5,2,0,2,100.0,125.0,-25.0,1,2,1,3,0,0,0,0,0,0,0,0,0,0,0,0,0,0,0,0,0,0,0,0
2059,Eduardo Najera,DAL,200105140SAS,"May 14, 2001",SAS,0,1,0,1,0.0,0.0,0.0,1,0,0,0,0,0,0,0,0,0,0,0,0,0,0,0,0,0,0,0,0,0,0,0
955,Samaki Walker,SAS,200105140SAS,"May 14, 2001",DAL,2,1,0,1,100.0,100.0,0.0,1,2,0,0,0,0,0,0,0,0,0,0,0,0,0,0,0,0,0,0,0,0,0,0
1035,Shawnelle Scott,SAS,200105140SAS,"May 14, 2001",DAL,0,1,0,1,0.0,0.0,0.0,0,0,1,0,0,0,0,0,0,0,0,0,0,0,0,0,0,0,0,0,0,0,0,0
469,Jamal Mashburn,CHA,200105150MIL,"May 15, 2001",MIL,24,23,11,28,41.38,43.1,-1.72,21,14,1,0,3,4,0,0,1,3,0,0,0,0,0,0,0,0,0,0,0,0,2,3
951,Ray Allen,MIL,200105150MIL,"May 15, 2001",CHA,20,18,8,22,38.46,46.47,-8.01,10,8,8,6,3,4,0,0,0,0,0,0,0,0,0,0,0,0,0,0,0,0,1,2
299,Glenn Robinson,MIL,200105150MIL,"May 15, 2001",CHA,22,17,6,20,52.38,56.01,-3.63,15,18,2,0,3,4,0,0,0,0,0,0,0,0,0,0,0,0,0,0,0,0,0,0
133,David Wesley,CHA,200105150MIL,"May 15, 2001",MIL,15,14,4,16,44.12,47.59,-3.47,12,10,2,3,2,2,0,0,0,0,0,0,0,0,0,0,0,0,0,0,0,0,0,0
281,Scott Williams,MIL,200105150MIL,"May 15, 2001",CHA,4,7,0,7,28.57,28.57,0.0,7,4,0,0,0,0,0,0,0,0,0,0,0,0,0,0,0,0,0,0,0,0,0,0
922,Elden Campbell,MIL,200105150MIL,"May 15, 2001",CHA,13,11,4,13,50.0,50.94,-0.94,11,10,0,0,1,1,0,0,0,0,0,0,0,0,0,0,0,0,0,0,0,0,1,2
136,P.J. Brown,CHA,200105150MIL,"May 15, 2001",MIL,8,6,2,7,57.14,58.14,-1.0,6,6,0,0,1,2,0,0,0,0,0,0,0,0,0,0,0,0,0,0,0,0,0,0
1884,Baron Davis,CHA,200105150MIL,"May 15, 2001",MIL,19,10,0,10,76.0,95.0,-19.0,5,4,5,15,0,0,0,0,0,0,0,0,0,0,0,0,0,0,0,0,0,0,0,0
208,Sam Cassell,MIL,200105150MIL,"May 15, 2001",CHA,12,12,4,14,41.38,43.6,-2.22,11,6,1,3,1,2,0,0,0,0,0,0,0,0,0,0,0,0,0,0,0,0,1,1
911,Ervin Johnson,MIL,200105150MIL,"May 15, 2001",CHA,6,4,2,5,60.0,61.48,-1.48,4,4,0,0,1,2,0,0,0,0,0,0,0,0,0,0,0,0,0,0,0,0,0,0
1501,Tim Thomas,MIL,200105150MIL,"May 15, 2001",CHA,15,12,4,14,51.72,54.51,-2.79,11,8,1,3,0,0,0,0,0,0,0,0,0,0,0,0,0,0,0,0,0,0,2,4
2048,Jamaal Magloire,CHA,200105150MIL,"May 15, 2001",MIL,4,3,0,3,66.67,66.67,0.0,3,4,0,0,0,0,0,0,0,0,0,0,0,0,0,0,0,0,0,0,0,0,0,0
1944,Eddie Robinson,CHA,200105150MIL,"May 15, 2001",MIL,11,9,2,10,52.38,55.67,-3.29,8,6,1,3,1,2,0,0,0,0,0,0,0,0,0,0,0,0,0,0,0,0,0,0
679,Jason Caffey,MIL,200105150MIL,"May 15, 2001",CHA,5,6,4,8,31.25,32.22,-0.97,6,2,0,0,1,2,0,0,0,0,0,0,0,0,0,0,0,0,0,0,0,0,1,1
283,Lindsey Hunter,MIL,200105150MIL,"May 15, 2001",CHA,2,6,0,6,13.33,16.67,-3.34,3,2,3,0,0,0,0,0,0,0,0,0,0,0,0,0,0,0,0,0,0,0,0,0
901,Otis Thorpe,CHA,200105150MIL,"May 15, 2001",MIL,0,3,0,3,0.0,0.0,0.0,3,0,0,0,0,0,0,0,0,0,0,0,0,0,0,0,0,0,0,0,0,0,0,0
947,Allen Iverson,PHI,200105160PHI,"May 16, 2001",TOR,52,32,2,32,65.0,79.08,-14.08,16,22,14,24,0,0,0,0,2,6,0,0,0,0,0,0,0,0,0,0,0,0,0,0
1908,Jumaine Jones,PHI,200105160PHI,"May 16, 2001",TOR,9,7,0,7,56.25,64.29,-8.04,5,6,2,3,0,0,0,0,0,0,0,0,0,0,0,0,0,0,0,0,0,0,0,0
164,Chris Childs,TOR,200105160PHI,"May 16, 2001",PHI,10,11,2,12,35.71,42.09,-6.38,7,8,4,0,0,0,0,0,0,0,0,0,0,0,0,0,0,0,0,0,0,0,1,2
238,Tyrone Hill,PHI,200105160PHI,"May 16, 2001",TOR,6,5,2,6,50.0,51.02,-1.02,5,4,0,0,1,2,0,0,0,0,0,0,0,0,0,0,0,0,0,0,0,0,0,0
1425,Aaron Williams,PHI,200105160PHI,"May 16, 2001",TOR,7,5,7,8,38.89,43.32,-4.43,4,4,1,0,2,2,1,1,0,0,0,0,0,0,0,0,0,0,0,0,0,0,0,0
1713,Vince Carter,PHI,200105160PHI,"May 16, 2001",TOR,16,11,5,13,57.14,60.61,-3.47,9,10,1,0,1,1,0,0,1,3,0,0,0,0,0,0,0,0,0,0,0,0,1,2
87,Dikembe Mutombo,PHI,200105160PHI,"May 16, 2001",TOR,14,7,6,10,70.0,72.61,-2.61,7,8,0,0,3,6,0,0,0,0,0,0,0,0,0,0,0,0,0,0,0,0,0,0
213,Antonio Davis,TOR,200105160PHI,"May 16, 2001",PHI,14,9,4,11,63.64,65.06,-1.42,9,10,0,0,2,4,0,0,0,0,0,0,0,0,0,0,0,0,0,0,0,0,0,0
891,Charles Oakley,TOR,200105160PHI,"May 16, 2001",PHI,2,6,0,6,16.67,16.67,0.0,6,2,0,0,0,0,0,0,0,0,0,0,0,0,0,0,0,0,0,0,0,0,0,0
243,Aaron McKie,PHI,200105160PHI,"May 16, 2001",TOR,19,14,2,15,57.58,63.84,-6.26,11,14,3,3,1,2,0,0,0,0,0,0,0,0,0,0,0,0,0,0,0,0,0,0
376,Eric Montross,TOR,200105160PHI,"May 16, 2001",PHI,2,3,0,3,33.33,33.33,0.0,3,2,0,0,0,0,0,0,0,0,0,0,0,0,0,0,0,0,0,0,0,0,0,0
2050,Morris Peterson,TOR,200105160PHI,"May 16, 2001",PHI,9,6,2,7,60.0,65.41,-5.41,5,8,1,0,1,1,0,0,0,0,0,0,0,0,0,0,0,0,0,0,0,0,0,0
1934,Rodney Buford,PHI,200105160PHI,"May 16, 2001",TOR,5,3,0,3,71.43,83.33,-11.9,2,2,1,3,0,0,0,0,0,0,0,0,0,0,0,0,0,0,0,0,0,0,0,0
727,Eric Snow,PHI,200105160PHI,"May 16, 2001",TOR,4,4,0,4,50.0,50.0,0.0,4,4,0,0,0,0,0,0,0,0,0,0,0,0,0,0,0,0,0,0,0,0,0,0
1721,Keon Clark,TOR,200105160PHI,"May 16, 2001",PHI,6,5,2,6,50.0,51.02,-1.02,5,4,0,0,1,2,0,0,0,0,0,0,0,0,0,0,0,0,0,0,0,0,0,0
1928,Todd MacCulloch,PHI,200105160PHI,"May 16, 2001",TOR,6,3,0,3,100.0,100.0,0.0,3,6,0,0,0,0,0,0,0,0,0,0,0,0,0,0,0,0,0,0,0,0,0,0
1563,Kevin Ollie,PHI,200105160PHI,"May 16, 2001",TOR,6,2,4,4,75.0,79.79,-4.79,2,2,0,0,1,2,0,0,0,0,0,0,0,0,0,0,0,0,0,0,0,0,1,2
209,Dell Curry,TOR,200105160PHI,"May 16, 2001",PHI,12,8,0,8,54.55,75.0,-20.45,2,0,6,12,0,0,0,0,0,0,0,0,0,0,0,0,0,0,0,0,0,0,0,0
966,Jerome Williams,TOR,200105160PHI,"May 16, 2001",PHI,10,7,0,7,71.43,71.43,0.0,7,10,0,0,0,0,0,0,0,0,0,0,0,0,0,0,0,0,0,0,0,0,0,0
1952,Raja Bell,PHI,200105160PHI,"May 16, 2001",TOR,0,1,0,1,0.0,0.0,0.0,0,0,1,0,0,0,0,0,0,0,0,0,0,0,0,0,0,0,0,0,0,0,0,0
299,Glenn Robinson,MIL,200105170CHH,"May 17, 2001",CHA,29,21,6,24,59.18,61.34,-2.16,20,20,1,3,2,4,0,0,0,0,0,0,0,0,0,0,0,0,0,0,0,0,1,2
136,P.J. Brown,CHA,200105170CHH,"May 17, 2001",MIL,2,3,2,4,25.0,25.77,-0.77,3,0,0,0,1,2,0,0,0,0,0,0,0,0,0,0,0,0,0,0,0,0,0,0
469,Jamal Mashburn,CHA,200105170CHH,"May 17, 2001",MIL,24,20,14,27,42.86,45.87,-3.01,18,8,2,3,6,11,0,0,0,0,0,0,1,2,0,0,0,0,0,0,0,0,0,0
911,Ervin Johnson,MIL,200105170CHH,"May 17, 2001",CHA,2,3,0,3,33.33,33.33,0.0,3,2,0,0,0,0,0,0,0,0,0,0,0,0,0,0,0,0,0,0,0,0,0,0
951,Ray Allen,MIL,200105170CHH,"May 17, 2001",CHA,23,19,0,19,52.27,60.53,-8.26,13,14,6,9,0,0,0,0,0,0,0,0,0,0,0,0,0,0,0,0,0,0,0,0
1884,Baron Davis,CHA,200105170CHH,"May 17, 2001",MIL,19,15,8,18,42.22,51.3,-9.08,7,6,7,6,2,3,1,1,1,3,0,0,0,0,0,0,0,0,0,0,0,0,0,0
208,Sam Cassell,MIL,200105170CHH,"May 17, 2001",CHA,33,16,15,23,70.21,73.01,-2.8,16,20,0,0,4,7,1,2,0,0,0,0,0,0,0,0,0,0,0,0,0,0,2,4
922,Elden Campbell,CHA,200105170CHH,"May 17, 2001",MIL,12,8,10,13,46.15,48.39,-2.24,8,4,0,0,4,6,0,0,0,0,0,0,0,0,0,0,0,0,0,0,0,0,1,2
281,Scott Williams,MIL,200105170CHH,"May 17, 2001",CHA,8,9,0,9,44.44,44.44,0.0,9,8,0,0,0,0,0,0,0,0,0,0,0,0,0,0,0,0,0,0,0,0,0,0
133,David Wesley,CHA,200105170CHH,"May 17, 2001",MIL,23,15,2,16,58.97,72.42,-13.45,8,12,7,9,1,2,0,0,0,0,0,0,0,0,0,0,0,0,0,0,0,0,0,0
2048,Jamaal Magloire,CHA,200105170CHH,"May 17, 2001",MIL,7,4,2,5,70.0,71.72,-1.72,4,6,0,0,0,0,0,0,0,0,0,0,0,0,0,0,0,0,0,0,0,0,1,1
1501,Tim Thomas,MIL,200105170CHH,"May 17, 2001",CHA,9,5,5,7,56.25,62.5,-6.25,3,2,1,0,2,4,0,0,1,3,0,0,0,0,0,0,0,0,0,0,0,0,0,0
1944,Eddie Robinson,CHA,200105170CHH,"May 17, 2001",MIL,6,7,0,7,40.0,42.86,-2.86,6,6,1,0,0,0,0,0,0,0,0,0,0,0,0,0,0,0,0,0,0,0,0,0
283,Lindsey Hunter,MIL,200105170CHH,"May 17, 2001",CHA,0,3,0,3,0.0,0.0,0.0,0,0,3,0,0,0,0,0,0,0,0,0,0,0,0,0,0,0,0,0,0,0,0,0
213,Antonio Davis,TOR,200105180TOR,"May 18, 2001",PHI,17,16,7,19,43.59,44.55,-0.96,15,8,0,0,3,6,0,0,1,3,0,0,0,0,0,0,0,0,0,0,0,0,0,0
1713,Vince Carter,TOR,200105180TOR,"May 18, 2001",PHI,39,31,2,32,54.17,61.17,-7.0,23,26,8,12,0,0,0,0,0,0,0,0,0,0,0,0,0,0,0,0,0,0,1,1
947,Allen Iverson,PHI,200105180TOR,"May 18, 2001",TOR,20,24,9,28,31.25,35.77,-4.52,17,10,7,3,3,4,1,3,0,0,0,0,0,0,0,0,0,0,0,0,0,0,0,0
2050,Morris Peterson,TOR,200105180TOR,"May 18, 2001",PHI,17,11,0,11,62.96,77.27,-14.31,6,8,5,9,0,0,0,0,0,0,0,0,0,0,0,0,0,0,0,0,0,0,0,0
238,Tyrone Hill,PHI,200105180TOR,"May 18, 2001",TOR,12,13,0,13,46.15,46.15,0.0,13,12,0,0,0,0,0,0,0,0,0,0,0,0,0,0,0,0,0,0,0,0,0,0
243,Aaron McKie,PHI,200105180TOR,"May 18, 2001",TOR,19,16,2,17,51.35,56.28,-4.93,13,14,3,3,0,0,0,0,0,0,0,0,0,0,0,0,0,0,0,0,0,0,1,2
891,Charles Oakley,TOR,200105180TOR,"May 18, 2001",PHI,9,7,2,8,56.25,57.11,-0.86,7,8,0,0,1,1,0,0,0,0,0,0,0,0,0,0,0,0,0,0,0,0,0,0
1908,Jumaine Jones,PHI,200105180TOR,"May 18, 2001",TOR,6,6,0,6,42.86,50.0,-7.14,4,6,2,0,0,0,0,0,0,0,0,0,0,0,0,0,0,0,0,0,0,0,0,0
87,Dikembe Mutombo,PHI,200105180TOR,"May 18, 2001",TOR,7,6,2,7,50.0,50.87,-0.87,6,6,0,0,1,1,0,0,0,0,0,0,0,0,0,0,0,0,0,0,0,0,0,0
1541,Alvin Williams,TOR,200105180TOR,"May 18, 2001",PHI,15,12,0,12,57.69,62.5,-4.81,10,12,2,3,0,0,0,0,0,0,0,0,0,0,0,0,0,0,0,0,0,0,0,0
727,Eric Snow,PHI,200105180TOR,"May 18, 2001",TOR,6,7,0,7,40.0,42.86,-2.86,6,6,1,0,0,0,0,0,0,0,0,0,0,0,0,0,0,0,0,0,0,0,0,0
164,Chris Childs,TOR,200105180TOR,"May 18, 2001",PHI,0,2,0,2,0.0,0.0,0.0,1,0,1,0,0,0,0,0,0,0,0,0,0,0,0,0,0,0,0,0,0,0,0,0
1934,Rodney Buford,PHI,200105180TOR,"May 18, 2001",TOR,5,4,2,5,45.45,51.23,-5.78,3,0,1,3,1,2,0,0,0,0,0,0,0,0,0,0,0,0,0,0,0,0,0,0
966,Jerome Williams,TOR,200105180TOR,"May 18, 2001",PHI,2,2,2,3,33.33,34.72,-1.39,2,0,0,0,1,2,0,0,0,0,0,0,0,0,0,0,0,0,0,0,0,0,0,0
1563,Kevin Ollie,PHI,200105180TOR,"May 18, 2001",TOR,5,1,3,2,100.0,107.76,-7.76,0,0,0,0,1,2,0,0,1,3,0,0,0,0,0,0,0,0,0,0,0,0,0,0
1928,Todd MacCulloch,PHI,200105180TOR,"May 18, 2001",TOR,6,4,0,4,75.0,75.0,0.0,4,6,0,0,0,0,0,0,0,0,0,0,0,0,0,0,0,0,0,0,0,0,0,0
145,Tracy Murray,TOR,200105180TOR,"May 18, 2001",PHI,0,2,0,2,0.0,0.0,0.0,0,0,2,0,0,0,0,0,0,0,0,0,0,0,0,0,0,0,0,0,0,0,0,0
1721,Keon Clark,TOR,200105180TOR,"May 18, 2001",PHI,0,1,0,1,0.0,0.0,0.0,1,0,0,0,0,0,0,0,0,0,0,0,0,0,0,0,0,0,0,0,0,0,0,0
376,Eric Montross,TOR,200105180TOR,"May 18, 2001",PHI,2,1,0,1,100.0,100.0,0.0,1,2,0,0,0,0,0,0,0,0,0,0,0,0,0,0,0,0,0,0,0,0,0,0
1565,Michael Stewart,TOR,200105180TOR,"May 18, 2001",PHI,0,1,0,1,0.0,0.0,0.0,1,0,0,0,0,0,0,0,0,0,0,0,0,0,0,0,0,0,0,0,0,0,0,0
406,Shaquille O'Neal,LAL,200105190SAS,"May 19, 2001",SAS,28,22,8,25,53.85,54.86,-1.01,20,18,0,0,2,2,0,0,2,6,0,0,0,0,0,0,0,0,0,0,0,0,1,2
764,David Robinson,SAS,200105190SAS,"May 19, 2001",LAL,14,16,2,17,41.18,41.47,-0.29,16,12,0,0,1,2,0,0,0,0,0,0,0,0,0,0,0,0,0,0,0,0,0,0
1495,Tim Duncan,SAS,200105190SAS,"May 19, 2001",LAL,28,19,11,24,57.14,58.72,-1.58,18,18,0,0,5,7,0,0,1,3,0,0,0,0,0,0,0,0,0,0,0,0,0,0
1498,Antonio Daniels,SAS,200105190SAS,"May 19, 2001",LAL,20,16,6,18,46.51,53.65,-7.14,9,8,5,3,2,4,0,0,2,5,0,0,0,0,0,0,0,0,0,0,0,0,0,0
270,Horace Grant,LAL,200105190SAS,"May 19, 2001",SAS,0,2,0,2,0.0,0.0,0.0,2,0,0,0,0,0,0,0,0,0,0,0,0,0,0,0,0,0,0,0,0,0,0,0
977,Kobe Bryant,LAL,200105190SAS,"May 19, 2001",SAS,45,35,8,38,56.25,58.41,-2.16,31,32,2,3,2,3,0,0,2,5,0,0,0,0,0,0,0,0,0,0,0,0,1,2
345,Terry Porter,SAS,200105190SAS,"May 19, 2001",LAL,5,7,0,7,26.32,35.71,-9.39,2,2,5,3,0,0,0,0,0,0,0,0,0,0,0,0,0,0,0,0,0,0,0,0
965,Derek Fisher,SAS,200105190SAS,"May 19, 2001",LAL,13,9,1,9,56.52,68.86,-12.34,4,2,4,9,0,0,0,0,1,2,0,0,0,0,0,0,0,0,0,0,0,0,0,0
198,Danny Ferry,LAL,200105190SAS,"May 19, 2001",SAS,6,3,0,3,66.67,100.0,-33.33,0,0,3,6,0,0,0,0,0,0,0,0,0,0,0,0,0,0,0,0,0,0,0,0
251,Sean Elliott,SAS,200105190SAS,"May 19, 2001",LAL,2,4,0,4,22.22,25.0,-2.78,3,2,1,0,0,0,0,0,0,0,0,0,0,0,0,0,0,0,0,0,0,0,0,0
296,Rick Fox,LAL,200105190SAS,"May 19, 2001",SAS,8,6,2,7,50.0,58.14,-8.14,4,4,2,3,1,1,0,0,0,0,0,0,0,0,0,0,0,0,0,0,0,0,0,0
990,Malik Rose,SAS,200105190SAS,"May 19, 2001",LAL,9,5,2,6,69.23,76.53,-7.3,4,4,1,3,1,2,0,0,0,0,0,0,0,0,0,0,0,0,0,0,0,0,0,0
422,Avery Johnson,SAS,200105190SAS,"May 19, 2001",LAL,6,8,0,8,37.5,37.5,0.0,8,6,0,0,0,0,0,0,0,0,0,0,0,0,0,0,0,0,0,0,0,0,0,0
109,Robert Horry,LAL,200105190SAS,"May 19, 2001",SAS,8,7,4,9,33.33,45.66,-12.33,1,0,6,6,0,0,0,0,0,0,0,0,0,0,0,0,0,0,0,0,0,0,2,2
216,Brian Shaw,LAL,200105190SAS,"May 19, 2001",SAS,2,6,0,6,16.67,16.67,0.0,6,2,0,0,0,0,0,0,0,0,0,0,0,0,0,0,0,0,0,0,0,0,0,0
922,Elden Campbell,CHA,200105200MIL,"May 20, 2001",MIL,18,15,2,16,56.25,56.68,-0.43,15,16,0,0,1,2,0,0,0,0,0,0,0,0,0,0,0,0,0,0,0,0,0,0
299,Glenn Robinson,MIL,200105200MIL,"May 20, 2001",CHA,29,17,6,20,64.44,73.83,-9.39,12,14,5,9,1,2,0,0,0,0,0,0,0,0,0,0,0,0,0,0,0,0,2,4
951,Ray Allen,MIL,200105200MIL,"May 20, 2001",CHA,28,18,6,21,58.33,67.83,-9.5,12,16,6,6,1,2,0,0,0,0,0,0,0,0,0,0,0,0,0,0,0,0,2,4
469,Jamal Mashburn,CHA,200105200MIL,"May 20, 2001",MIL,21,25,8,29,35.0,36.82,-1.82,23,12,2,3,3,5,0,0,0,0,0,0,0,0,0,0,0,0,0,0,0,0,1,1
133,David Wesley,CHA,200105200MIL,"May 20, 2001",MIL,15,17,1,17,38.46,43.0,-4.54,12,12,4,0,0,0,0,0,1,3,0,0,0,0,0,0,0,0,0,0,0,0,0,0
281,Scott Williams,MIL,200105200MIL,"May 20, 2001",CHA,13,8,6,11,59.09,61.09,-2.0,8,8,0,0,1,2,0,0,0,0,0,0,0,0,0,0,0,0,0,0,0,0,2,3
1884,Baron Davis,CHA,200105200MIL,"May 20, 2001",MIL,29,16,9,20,59.18,72.65,-13.47,7,8,8,15,3,3,0,0,1,3,0,0,0,0,0,0,0,0,0,0,0,0,1,0
208,Sam Cassell,MIL,200105200MIL,"May 20, 2001",CHA,17,12,8,16,48.57,54.77,-6.2,9,6,3,3,1,2,0,0,0,0,0,0,0,0,0,0,0,0,0,0,0,0,3,6
136,P.J. Brown,CHA,200105200MIL,"May 20, 2001",MIL,6,4,2,5,60.0,61.48,-1.48,4,4,0,0,1,2,0,0,0,0,0,0,0,0,0,0,0,0,0,0,0,0,0,0
911,Ervin Johnson,MIL,200105200MIL,"May 20, 2001",CHA,4,2,1,2,80.0,81.97,-1.97,1,2,0,0,0,0,0,0,1,2,0,0,0,0,0,0,0,0,0,0,0,0,0,0
1501,Tim Thomas,MIL,200105200MIL,"May 20, 2001",CHA,8,3,8,7,57.14,61.35,-4.21,3,0,0,0,2,4,0,0,0,0,0,0,0,0,0,0,0,0,0,0,0,0,2,4
2048,Jamaal Magloire,CHA,200105200MIL,"May 20, 2001",MIL,4,3,6,6,33.33,35.46,-2.13,3,2,0,0,2,2,0,0,0,0,0,0,0,0,0,0,0,0,0,0,0,0,1,0
1944,Eddie Robinson,CHA,200105200MIL,"May 20, 2001",MIL,2,2,0,2,50.0,50.0,0.0,2,2,0,0,0,0,0,0,0,0,0,0,0,0,0,0,0,0,0,0,0,0,0,0
283,Lindsey Hunter,MIL,200105200MIL,"May 20, 2001",CHA,3,6,0,6,20.0,25.0,-5.0,3,0,3,3,0,0,0,0,0,0,0,0,0,0,0,0,0,0,0,0,0,0,0,0
679,Jason Caffey,MIL,200105200MIL,"May 20, 2001",CHA,2,2,0,2,50.0,50.0,0.0,2,2,0,0,0,0,0,0,0,0,0,0,0,0,0,0,0,0,0,0,0,0,0,0
947,Allen Iverson,PHI,200105200PHI,"May 20, 2001",TOR,21,27,4,29,34.43,36.51,-2.08,24,14,3,3,0,0,0,0,0,0,0,0,0,0,0,0,0,0,0,0,0,0,2,4
87,Dikembe Mutombo,PHI,200105200PHI,"May 20, 2001",TOR,10,7,10,12,41.67,43.86,-2.19,7,4,0,0,4,5,0,0,0,0,0,0,0,0,0,0,0,0,0,0,0,0,1,1
2050,Morris Peterson,TOR,200105200PHI,"May 20, 2001",PHI,6,7,0,7,42.86,42.86,0.0,7,6,0,0,0,0,0,0,0,0,0,0,0,0,0,0,0,0,0,0,0,0,0,0
1713,Vince Carter,TOR,200105200PHI,"May 20, 2001",PHI,20,18,9,22,41.67,45.54,-3.87,14,10,3,0,4,7,0,0,1,3,0,0,0,0,0,0,0,0,0,0,0,0,0,0
238,Tyrone Hill,PHI,200105200PHI,"May 20, 2001",TOR,6,5,0,5,60.0,60.0,0.0,5,6,0,0,0,0,0,0,0,0,0,0,0,0,0,0,0,0,0,0,0,0,0,0
213,Antonio Davis,TOR,200105200PHI,"May 20, 2001",PHI,23,15,2,16,71.88,72.42,-0.54,15,22,0,0,1,1,0,0,0,0,0,0,0,0,0,0,0,0,0,0,0,0,0,0
1908,Jumaine Jones,PHI,200105200PHI,"May 20, 2001",TOR,16,9,8,13,57.14,63.9,-6.76,7,12,2,0,4,4,0,0,0,0,0,0,0,0,0,0,0,0,0,0,0,0,0,0
243,Aaron McKie,PHI,200105200PHI,"May 20, 2001",TOR,22,16,6,19,55.0,59.01,-4.01,14,14,2,3,3,5,0,0,0,0,0,0,0,0,0,0,0,0,0,0,0,0,0,0
891,Charles Oakley,TOR,200105200PHI,"May 20, 2001",PHI,11,8,2,9,57.89,61.94,-4.05,7,6,1,3,0,0,0,0,0,0,0,0,0,0,0,0,0,0,0,0,0,0,1,2
1541,Alvin Williams,TOR,200105200PHI,"May 20, 2001",PHI,8,11,0,11,33.33,36.36,-3.03,9,8,2,0,0,0,0,0,0,0,0,0,0,0,0,0,0,0,0,0,0,0,0,0
727,Eric Snow,PHI,200105200PHI,"May 20, 2001",TOR,13,11,4,13,48.15,50.94,-2.79,10,10,1,0,1,1,0,0,0,0,0,0,0,0,0,0,0,0,0,0,0,0,1,2
164,Chris Childs,TOR,200105200PHI,"May 20, 2001",PHI,11,9,2,10,44.0,55.67,-11.67,4,4,5,6,1,1,0,0,0,0,0,0,0,0,0,0,0,0,0,0,0,0,0,0
209,Dell Curry,TOR,200105200PHI,"May 20, 2001",PHI,7,5,0,5,53.85,70.0,-16.15,2,4,3,3,0,0,0,0,0,0,0,0,0,0,0,0,0,0,0,0,0,0,0,0
966,Jerome Williams,TOR,200105200PHI,"May 20, 2001",PHI,1,0,2,1,50.0,56.82,-6.82,0,0,0,0,1,1,0,0,0,0,0,0,0,0,0,0,0,0,0,0,0,0,0,0
406,Shaquille O'Neal,LAL,200105210SAS,"May 21, 2001",SAS,19,21,6,24,39.58,40.19,-0.61,20,14,0,0,3,3,0,0,1,2,0,0,0,0,0,0,0,0,0,0,0,0,0,0
1495,Tim Duncan,SAS,200105210SAS,"May 21, 2001",LAL,40,26,9,30,64.52,66.76,-2.24,24,26,1,3,3,6,0,0,1,3,0,0,1,2,0,0,0,0,0,0,0,0,0,0
1498,Antonio Daniels,SAS,200105210SAS,"May 21, 2001",LAL,20,15,8,19,46.51,54.0,-7.49,10,6,5,6,3,6,0,0,0,0,0,0,0,0,0,0,0,0,0,0,0,0,1,2
965,Derek Fisher,LAL,200105210SAS,"May 21, 2001",SAS,16,9,0,9,72.73,88.89,-16.16,5,4,4,12,0,0,0,0,0,0,0,0,0,0,0,0,0,0,0,0,0,0,0,0
764,David Robinson,SAS,200105210SAS,"May 21, 2001",LAL,7,9,2,10,35.0,35.43,-0.43,9,6,0,0,1,1,0,0,0,0,0,0,0,0,0,0,0,0,0,0,0,0,0,0
977,Kobe Bryant,LAL,200105210SAS,"May 21, 2001",SAS,28,24,6,27,48.28,52.55,-4.27,20,20,4,3,3,5,0,0,0,0,0,0,0,0,0,0,0,0,0,0,0,0,0,0
270,Horace Grant,LAL,200105210SAS,"May 21, 2001",SAS,6,4,4,6,50.0,52.08,-2.08,4,4,0,0,1,1,0,0,0,0,0,0,0,0,0,0,0,0,0,0,0,0,1,1
296,Rick Fox,LAL,200105210SAS,"May 21, 2001",SAS,11,12,0,12,37.93,45.83,-7.9,7,8,5,3,0,0,0,0,0,0,0,0,0,0,0,0,0,0,0,0,0,0,0,0
198,Danny Ferry,SAS,200105210SAS,"May 21, 2001",LAL,3,6,0,6,18.75,25.0,-6.25,2,0,4,3,0,0,0,0,0,0,0,0,0,0,0,0,0,0,0,0,0,0,0,0
345,Terry Porter,SAS,200105210SAS,"May 21, 2001",LAL,5,8,2,9,21.74,28.15,-6.41,3,4,5,0,1,1,0,0,0,0,0,0,0,0,0,0,0,0,0,0,0,0,0,0
990,Malik Rose,SAS,200105210SAS,"May 21, 2001",LAL,2,2,0,2,50.0,50.0,0.0,2,2,0,0,0,0,0,0,0,0,0,0,0,0,0,0,0,0,0,0,0,0,0,0
251,Sean Elliott,SAS,200105210SAS,"May 21, 2001",LAL,0,1,0,1,0.0,0.0,0.0,0,0,1,0,0,0,0,0,0,0,0,0,0,0,0,0,0,0,0,0,0,0,0,0
109,Robert Horry,LAL,200105210SAS,"May 21, 2001",SAS,6,5,2,6,37.5,51.02,-13.52,1,0,4,6,1,0,0,0,0,0,0,0,0,0,0,0,0,0,0,0,0,0,0,0
422,Avery Johnson,SAS,200105210SAS,"May 21, 2001",LAL,0,4,0,4,0.0,0.0,0.0,4,0,0,0,0,0,0,0,0,0,0,0,0,0,0,0,0,0,0,0,0,0,0,0
1731,Tyronn Lue,LAL,200105210SAS,"May 21, 2001",SAS,0,1,0,1,0.0,0.0,0.0,1,0,0,0,0,0,0,0,0,0,0,0,0,0,0,0,0,0,0,0,0,0,0,0
216,Brian Shaw,LAL,200105210SAS,"May 21, 2001",SAS,2,3,0,3,28.57,33.33,-4.76,2,2,1,0,0,0,0,0,0,0,0,0,0,0,0,0,0,0,0,0,0,0,0,0
947,Allen Iverson,PHI,200105220PHI,"May 22, 2001",MIL,32,35,4,37,41.03,43.53,-2.5,31,20,4,9,1,2,0,0,0,0,0,0,0,0,0,0,0,0,0,0,0,0,1,1
243,Aaron McKie,PHI,200105220PHI,"May 22, 2001",MIL,23,14,6,17,62.16,69.11,-6.95,11,12,3,6,1,2,0,0,0,0,0,0,0,0,0,0,0,0,0,0,0,0,2,3
299,Glenn Robinson,MIL,200105220PHI,"May 22, 2001",PHI,15,22,0,22,30.0,34.09,-4.09,16,12,6,3,0,0,0,0,0,0,0,0,0,0,0,0,0,0,0,0,0,0,0,0
281,Scott Williams,MIL,200105220PHI,"May 22, 2001",PHI,2,3,0,3,33.33,33.33,0.0,3,2,0,0,0,0,0,0,0,0,0,0,0,0,0,0,0,0,0,0,0,0,0,0
951,Ray Allen,MIL,200105220PHI,"May 22, 2001",PHI,31,22,3,23,58.49,66.47,-7.98,15,14,6,12,1,2,0,0,1,3,0,0,0,0,0,0,0,0,0,0,0,0,0,0
87,Dikembe Mutombo,PHI,200105220PHI,"May 22, 2001",MIL,15,11,7,14,51.72,53.27,-1.55,10,8,0,0,1,1,0,0,1,3,0,0,0,0,0,0,0,0,0,0,0,0,2,3
208,Sam Cassell,MIL,200105220PHI,"May 22, 2001",PHI,20,14,9,18,52.63,55.68,-3.05,13,12,1,0,2,3,1,3,0,0,0,0,0,0,0,0,0,0,0,0,0,0,1,2
238,Tyrone Hill,PHI,200105220PHI,"May 22, 2001",MIL,5,9,3,10,23.81,24.22,-0.41,8,2,0,0,1,1,0,0,1,2,0,0,0,0,0,0,0,0,0,0,0,0,0,0
1908,Jumaine Jones,PHI,200105220PHI,"May 22, 2001",MIL,8,11,0,11,32.0,36.36,-4.36,8,8,3,0,0,0,0,0,0,0,0,0,0,0,0,0,0,0,0,0,0,0,0,0
911,Ervin Johnson,MIL,200105220PHI,"May 22, 2001",PHI,8,6,6,9,44.44,46.3,-1.86,6,4,0,0,2,3,0,0,0,0,0,0,0,0,0,0,0,0,0,0,0,0,1,1
1501,Tim Thomas,MIL,200105220PHI,"May 22, 2001",PHI,9,7,3,8,45.0,54.09,-9.09,3,2,3,3,1,1,0,0,1,3,0,0,0,0,0,0,0,0,0,0,0,0,0,0
761,Matt Geiger,PHI,200105220PHI,"May 22, 2001",MIL,2,3,0,3,33.33,33.33,0.0,3,2,0,0,0,0,0,0,0,0,0,0,0,0,0,0,0,0,0,0,0,0,0,0
727,Eric Snow,PHI,200105220PHI,"May 22, 2001",MIL,6,5,0,5,60.0,60.0,0.0,5,6,0,0,0,0,0,0,0,0,0,0,0,0,0,0,0,0,0,0,0,0,0,0
283,Lindsey Hunter,MIL,200105220PHI,"May 22, 2001",PHI,0,3,0,3,0.0,0.0,0.0,2,0,1,0,0,0,0,0,0,0,0,0,0,0,0,0,0,0,0,0,0,0,0,0
679,Jason Caffey,MIL,200105220PHI,"May 22, 2001",PHI,0,2,0,2,0.0,0.0,0.0,2,0,0,0,0,0,0,0,0,0,0,0,0,0,0,0,0,0,0,0,0,0,0,0
1934,Rodney Buford,PHI,200105220PHI,"May 22, 2001",MIL,0,1,0,1,0.0,0.0,0.0,0,0,1,0,0,0,0,0,0,0,0,0,0,0,0,0,0,0,0,0,0,0,0,0
947,Allen Iverson,PHI,200105240PHI,"May 24, 2001",MIL,15,26,7,29,22.39,25.79,-3.4,17,8,8,0,2,2,0,0,1,3,0,0,0,0,0,0,0,0,0,0,0,0,1,2
238,Tyrone Hill,PHI,200105240PHI,"May 24, 2001",MIL,4,4,4,6,33.33,34.72,-1.39,4,2,0,0,2,2,0,0,0,0,0,0,0,0,0,0,0,0,0,0,0,0,0,0
911,Ervin Johnson,MIL,200105240PHI,"May 24, 2001",PHI,6,4,2,5,60.0,61.48,-1.48,4,6,0,0,1,0,0,0,0,0,0,0,0,0,0,0,0,0,0,0,0,0,0,0
951,Ray Allen,MIL,200105240PHI,"May 24, 2001",PHI,38,24,2,25,62.3,76.37,-14.07,13,16,11,21,1,1,0,0,0,0,0,0,0,0,0,0,0,0,0,0,0,0,0,0
243,Aaron McKie,PHI,200105240PHI,"May 24, 2001",MIL,21,20,1,20,45.65,51.37,-5.72,14,12,5,6,0,0,0,0,1,3,0,0,0,0,0,0,0,0,0,0,0,0,0,0
281,Scott Williams,MIL,200105240PHI,"May 24, 2001",PHI,5,8,2,9,27.78,28.15,-0.37,8,4,0,0,1,1,0,0,0,0,0,0,0,0,0,0,0,0,0,0,0,0,0,0
87,Dikembe Mutombo,PHI,200105240PHI,"May 24, 2001",MIL,18,7,14,14,64.29,68.39,-4.1,7,6,0,0,6,10,0,0,0,0,0,0,0,0,0,0,0,0,0,0,0,0,1,2
1908,Jumaine Jones,PHI,200105240PHI,"May 24, 2001",MIL,8,7,2,8,50.0,50.76,-0.76,7,6,0,0,0,0,0,0,0,0,0,0,0,0,0,0,0,0,0,0,0,0,1,2
208,Sam Cassell,MIL,200105240PHI,"May 24, 2001",PHI,14,16,0,16,43.75,43.75,0.0,16,14,0,0,0,0,0,0,0,0,0,0,0,0,0,0,0,0,0,0,0,0,0,0
299,Glenn Robinson,MIL,200105240PHI,"May 24, 2001",PHI,16,15,0,15,45.71,53.33,-7.62,10,10,5,6,0,0,0,0,0,0,0,0,0,0,0,0,0,0,0,0,0,0,0,0
727,Eric Snow,PHI,200105240PHI,"May 24, 2001",MIL,4,6,0,6,33.33,33.33,0.0,6,4,0,0,0,0,0,0,0,0,0,0,0,0,0,0,0,0,0,0,0,0,0,0
1501,Tim Thomas,MIL,200105240PHI,"May 24, 2001",PHI,7,5,0,5,58.33,70.0,-11.67,3,4,2,3,0,0,0,0,0,0,0,0,0,0,0,0,0,0,0,0,0,0,0,0
283,Lindsey Hunter,MIL,200105240PHI,"May 24, 2001",PHI,6,7,0,7,35.29,42.86,-7.57,4,6,3,0,0,0,0,0,0,0,0,0,0,0,0,0,0,0,0,0,0,0,0,0
1928,Todd MacCulloch,PHI,200105240PHI,"May 24, 2001",MIL,2,3,0,3,33.33,33.33,0.0,3,2,0,0,0,0,0,0,0,0,0,0,0,0,0,0,0,0,0,0,0,0,0,0
1934,Rodney Buford,PHI,200105240PHI,"May 24, 2001",MIL,2,1,0,1,100.0,100.0,0.0,1,2,0,0,0,0,0,0,0,0,0,0,0,0,0,0,0,0,0,0,0,0,0,0
1952,Raja Bell,PHI,200105240PHI,"May 24, 2001",MIL,3,1,1,1,100.0,104.17,-4.17,0,0,0,0,0,0,0,0,1,3,0,0,0,0,0,0,0,0,0,0,0,0,0,0
977,Kobe Bryant,LAL,200105250LAL,"May 25, 2001",SAS,36,27,9,31,53.73,58.14,-4.41,22,22,4,6,4,6,0,0,1,2,0,0,0,0,0,0,0,0,0,0,0,0,0,0
965,Derek Fisher,SAS,200105250LAL,"May 25, 2001",LAL,13,13,1,13,40.62,48.36,-7.74,7,4,5,6,0,0,0,0,1,3,0,0,0,0,0,0,0,0,0,0,0,0,0,0
1495,Tim Duncan,SAS,200105250LAL,"May 25, 2001",LAL,9,14,8,18,25.0,25.68,-0.68,14,6,0,0,3,2,0,0,0,0,0,0,0,0,0,0,0,0,0,0,0,0,1,1
270,Horace Grant,LAL,200105250LAL,"May 25, 2001",SAS,2,5,2,6,16.67,17.01,-0.34,5,0,0,0,1,2,0,0,0,0,0,0,0,0,0,0,0,0,0,0,0,0,0,0
1507,Derek Anderson,SAS,200105250LAL,"May 25, 2001",LAL,2,8,2,9,9.52,11.26,-1.74,5,0,3,0,1,2,0,0,0,0,0,0,0,0,0,0,0,0,0,0,0,0,0,0
296,Rick Fox,LAL,200105250LAL,"May 25, 2001",SAS,11,7,2,8,61.11,69.8,-8.69,5,6,2,3,0,0,0,0,0,0,0,0,0,0,0,0,0,0,0,0,0,0,1,2
406,Shaquille O'Neal,LAL,200105250LAL,"May 25, 2001",SAS,35,23,9,27,63.64,64.91,-1.27,22,30,0,0,4,2,0,0,1,3,0,0,0,0,0,0,0,0,0,0,0,0,0,0
764,David Robinson,SAS,200105250LAL,"May 25, 2001",LAL,24,18,6,21,57.14,58.14,-1.0,18,20,0,0,3,4,0,0,0,0,0,0,0,0,0,0,0,0,0,0,0,0,0,0
109,Robert Horry,LAL,200105250LAL,"May 25, 2001",SAS,2,10,0,10,8.33,10.0,-1.67,6,2,4,0,0,0,0,0,0,0,0,0,0,0,0,0,0,0,0,0,0,0,0,0
345,Terry Porter,SAS,200105250LAL,"May 25, 2001",LAL,5,6,0,6,31.25,41.67,-10.42,2,2,4,3,0,0,0,0,0,0,0,0,0,0,0,0,0,0,0,0,0,0,0,0
1498,Antonio Daniels,SAS,200105250LAL,"May 25, 2001",LAL,17,14,7,17,45.95,49.77,-3.82,11,8,2,0,2,4,0,0,1,3,0,0,0,0,0,0,0,0,0,0,0,0,1,2
198,Danny Ferry,SAS,200105250LAL,"May 25, 2001",LAL,2,5,0,5,18.18,20.0,-1.82,4,2,1,0,0,0,0,0,0,0,0,0,0,0,0,0,0,0,0,0,0,0,0,0
422,Avery Johnson,SAS,200105250LAL,"May 25, 2001",LAL,5,7,2,8,29.41,31.73,-2.32,6,4,1,0,0,0,0,0,0,0,0,0,0,0,0,0,0,0,0,0,0,0,1,1
2058,Mark Madsen,LAL,200105250LAL,"May 25, 2001",SAS,2,2,2,3,33.33,34.72,-1.39,2,0,0,0,1,2,0,0,0,0,0,0,0,0,0,0,0,0,0,0,0,0,0,0
216,Brian Shaw,SAS,200105250LAL,"May 25, 2001",LAL,8,3,0,3,100.0,133.33,-33.33,1,2,2,6,0,0,0,0,0,0,0,0,0,0,0,0,0,0,0,0,0,0,0,0
990,Malik Rose,SAS,200105250LAL,"May 25, 2001",LAL,5,4,2,5,50.0,51.23,-1.23,4,4,0,0,1,1,0,0,0,0,0,0,0,0,0,0,0,0,0,0,0,0,0,0
70,Steve Kerr,SAS,200105250LAL,"May 25, 2001",LAL,0,2,0,2,0.0,0.0,0.0,1,0,1,0,0,0,0,0,0,0,0,0,0,0,0,0,0,0,0,0,0,0,0,0
1731,Tyronn Lue,LAL,200105250LAL,"May 25, 2001",SAS,2,2,0,2,40.0,50.0,-10.0,1,2,1,0,0,0,0,0,0,0,0,0,0,0,0,0,0,0,0,0,0,0,0,0
955,Samaki Walker,SAS,200105250LAL,"May 25, 2001",LAL,0,2,0,2,0.0,0.0,0.0,2,0,0,0,0,0,0,0,0,0,0,0,0,0,0,0,0,0,0,0,0,0,0,0
1035,Shawnelle Scott,SAS,200105250LAL,"May 25, 2001",LAL,3,1,1,1,100.0,104.17,-4.17,0,0,0,0,0,0,0,0,1,3,0,0,0,0,0,0,0,0,0,0,0,0,0,0
1908,Jumaine Jones,PHI,200105260MIL,"May 26, 2001",MIL,16,15,1,15,44.44,51.81,-7.37,9,4,5,9,0,0,0,0,1,3,0,0,0,0,0,0,0,0,0,0,0,0,0,0
281,Scott Williams,MIL,200105260MIL,"May 26, 2001",PHI,4,6,2,7,28.57,29.07,-0.5,6,2,0,0,1,2,0,0,0,0,0,0,0,0,0,0,0,0,0,0,0,0,0,0
299,Glenn Robinson,MIL,200105260MIL,"May 26, 2001",PHI,18,18,0,18,43.9,50.0,-6.1,13,12,5,6,0,0,0,0,0,0,0,0,0,0,0,0,0,0,0,0,0,0,0,0
87,Dikembe Mutombo,PHI,200105260MIL,"May 26, 2001",MIL,12,11,4,12,46.15,47.02,-0.87,9,6,0,0,1,2,0,0,2,4,0,0,0,0,0,0,0,0,0,0,0,0,0,0
208,Sam Cassell,MIL,200105260MIL,"May 26, 2001",PHI,24,15,9,19,61.54,63.29,-1.75,14,16,0,0,2,2,0,0,1,3,0,0,0,0,0,0,0,0,0,0,0,0,2,3
911,Ervin Johnson,MIL,200105260MIL,"May 26, 2001",PHI,8,4,0,4,100.0,100.0,0.0,4,8,0,0,0,0,0,0,0,0,0,0,0,0,0,0,0,0,0,0,0,0,0,0
727,Eric Snow,PHI,200105260MIL,"May 26, 2001",MIL,4,11,6,14,13.79,14.66,-0.87,10,2,1,0,3,2,0,0,0,0,0,0,0,0,0,0,0,0,0,0,0,0,0,0
238,Tyrone Hill,PHI,200105260MIL,"May 26, 2001",MIL,6,6,8,10,30.0,31.51,-1.51,6,2,0,0,1,0,0,0,0,0,0,0,0,0,0,0,0,0,0,0,0,0,3,4
243,Aaron McKie,PHI,200105260MIL,"May 26, 2001",MIL,21,18,8,22,43.75,48.79,-5.04,14,10,4,3,4,8,0,0,0,0,0,0,0,0,0,0,0,0,0,0,0,0,0,0
951,Ray Allen,MIL,200105260MIL,"May 26, 2001",PHI,20,18,8,22,41.67,46.47,-4.8,14,12,4,0,2,4,0,0,0,0,0,0,0,0,0,0,0,0,0,0,0,0,2,4
679,Jason Caffey,MIL,200105260MIL,"May 26, 2001",PHI,0,3,0,3,0.0,0.0,0.0,3,0,0,0,0,0,0,0,0,0,0,0,0,0,0,0,0,0,0,0,0,0,0,0
1952,Raja Bell,PHI,200105260MIL,"May 26, 2001",MIL,0,1,0,1,0.0,0.0,0.0,1,0,0,0,0,0,0,0,0,0,0,0,0,0,0,0,0,0,0,0,0,0,0,0
1563,Kevin Ollie,PHI,200105260MIL,"May 26, 2001",MIL,4,3,0,3,66.67,66.67,0.0,3,4,0,0,0,0,0,0,0,0,0,0,0,0,0,0,0,0,0,0,0,0,0,0
1501,Tim Thomas,MIL,200105260MIL,"May 26, 2001",PHI,4,3,2,4,44.44,51.55,-7.11,2,2,1,0,1,2,0,0,0,0,0,0,0,0,0,0,0,0,0,0,0,0,0,0
1928,Todd MacCulloch,PHI,200105260MIL,"May 26, 2001",MIL,10,4,3,5,90.91,93.98,-3.07,3,6,0,0,1,1,0,0,1,3,0,0,0,0,0,0,0,0,0,0,0,0,0,0
283,Lindsey Hunter,MIL,200105260MIL,"May 26, 2001",PHI,2,5,0,5,16.67,20.0,-3.33,3,2,2,0,0,0,0,0,0,0,0,0,0,0,0,0,0,0,0,0,0,0,0,0
1934,Rodney Buford,PHI,200105260MIL,"May 26, 2001",MIL,0,1,0,1,0.0,0.0,0.0,1,0,0,0,0,0,0,0,0,0,0,0,0,0,0,0,0,0,0,0,0,0,0,0
1032,Darvin Ham,MIL,200105260MIL,"May 26, 2001",PHI,0,0,2,1,0.0,0.0,0.0,0,0,0,0,1,0,0,0,0,0,0,0,0,0,0,0,0,0,0,0,0,0,0,0
1507,Derek Anderson,SAS,200105270LAL,"May 27, 2001",LAL,2,2,2,3,28.57,34.72,-6.15,1,0,1,0,1,2,0,0,0,0,0,0,0,0,0,0,0,0,0,0,0,0,0,0
406,Shaquille O'Neal,LAL,200105270LAL,"May 27, 2001",SAS,26,19,8,23,56.52,57.73,-1.21,19,22,0,0,3,3,0,0,0,0,0,0,0,0,0,0,0,0,0,0,0,0,1,1
270,Horace Grant,LAL,200105270LAL,"May 27, 2001",SAS,7,4,6,7,50.0,52.71,-2.71,4,2,0,0,3,5,0,0,0,0,0,0,0,0,0,0,0,0,0,0,0,0,0,0
764,David Robinson,SAS,200105270LAL,"May 27, 2001",LAL,12,16,3,17,33.33,34.64,-1.31,14,8,1,0,1,1,0,0,1,3,0,0,0,0,0,0,0,0,0,0,0,0,0,0
1495,Tim Duncan,SAS,200105270LAL,"May 27, 2001",LAL,15,10,9,14,51.72,53.72,-2.0,9,8,0,0,2,2,0,0,1,3,0,0,0,0,0,0,0,0,0,0,0,0,2,2
1498,Antonio Daniels,SAS,200105270LAL,"May 27, 2001",LAL,15,14,0,14,45.45,53.57,-8.12,9,12,5,3,0,0,0,0,0,0,0,0,0,0,0,0,0,0,0,0,0,0,0,0
965,Derek Fisher,LAL,200105270LAL,"May 27, 2001",SAS,28,13,1,13,82.35,104.17,-21.82,5,8,7,18,0,0,0,0,1,2,0,0,0,0,0,0,0,0,0,0,0,0,0,0
977,Kobe Bryant,LAL,200105270LAL,"May 27, 2001",SAS,23,19,2,20,52.27,57.85,-5.58,15,18,4,3,1,2,0,0,0,0,0,0,0,0,0,0,0,0,0,0,0,0,0,0
345,Terry Porter,SAS,200105270LAL,"May 27, 2001",LAL,10,8,1,8,47.62,59.24,-11.62,3,4,4,3,0,0,0,0,1,3,0,0,0,0,0,0,0,0,0,0,0,0,0,0
296,Rick Fox,SAS,200105270LAL,"May 27, 2001",LAL,12,8,2,9,52.17,67.57,-15.4,3,2,5,9,0,0,0,0,0,0,0,0,0,0,0,0,0,0,0,0,0,0,1,1
216,Brian Shaw,LAL,200105270LAL,"May 27, 2001",SAS,2,3,0,3,28.57,33.33,-4.76,2,2,1,0,0,0,0,0,0,0,0,0,0,0,0,0,0,0,0,0,0,0,0,0
422,Avery Johnson,SAS,200105270LAL,"May 27, 2001",LAL,14,11,4,13,53.85,54.86,-1.01,11,12,0,0,1,1,0,0,0,0,0,0,0,0,0,0,0,0,0,0,0,0,1,1
70,Steve Kerr,SAS,200105270LAL,"May 27, 2001",LAL,0,2,0,2,0.0,0.0,0.0,1,0,1,0,0,0,0,0,0,0,0,0,0,0,0,0,0,0,0,0,0,0,0,0
198,Danny Ferry,SAS,200105270LAL,"May 27, 2001",LAL,3,1,0,1,100.0,150.0,-50.0,0,0,1,3,0,0,0,0,0,0,0,0,0,0,0,0,0,0,0,0,0,0,0,0
990,Malik Rose,SAS,200105270LAL,"May 27, 2001",LAL,7,5,4,7,46.67,51.78,-5.11,4,4,1,0,2,3,0,0,0,0,0,0,0,0,0,0,0,0,0,0,0,0,0,0
109,Robert Horry,LAL,200105270LAL,"May 27, 2001",SAS,2,4,2,5,16.67,20.49,-3.82,2,2,2,0,0,0,0,0,0,0,0,0,0,0,0,0,0,0,0,0,0,0,1,0
955,Samaki Walker,SAS,200105270LAL,"May 27, 2001",LAL,2,3,0,3,33.33,33.33,0.0,3,2,0,0,0,0,0,0,0,0,0,0,0,0,0,0,0,0,0,0,0,0,0,0
2058,Mark Madsen,LAL,200105270LAL,"May 27, 2001",SAS,3,6,3,7,20.0,20.49,-0.49,5,0,0,0,1,1,0,0,1,2,0,0,0,0,0,0,0,0,0,0,0,0,0,0
251,Sean Elliott,SAS,200105270LAL,"May 27, 2001",LAL,2,4,2,5,18.18,20.49,-2.31,3,0,1,0,1,2,0,0,0,0,0,0,0,0,0,0,0,0,0,0,0,0,0,0
166,Ron Harper,LAL,200105270LAL,"May 27, 2001",SAS,0,1,0,1,0.0,0.0,0.0,0,0,1,0,0,0,0,0,0,0,0,0,0,0,0,0,0,0,0,0,0,0,0,0
1731,Tyronn Lue,LAL,200105270LAL,"May 27, 2001",SAS,5,5,3,6,35.71,39.56,-3.85,3,0,1,0,1,2,0,0,1,3,0,0,0,0,0,0,0,0,0,0,0,0,0,0
1035,Shawnelle Scott,SAS,200105270LAL,"May 27, 2001",LAL,0,1,0,1,0.0,0.0,0.0,0,0,1,0,0,0,0,0,0,0,0,0,0,0,0,0,0,0,0,0,0,0,0,0
1904,Devean George,LAL,200105270LAL,"May 27, 2001",SAS,2,4,0,4,22.22,25.0,-2.78,3,2,1,0,0,0,0,0,0,0,0,0,0,0,0,0,0,0,0,0,0,0,0,0
299,Glenn Robinson,MIL,200105280MIL,"May 28, 2001",PHI,20,22,0,22,40.82,45.45,-4.63,17,14,5,6,0,0,0,0,0,0,0,0,0,0,0,0,0,0,0,0,0,0,0,0
911,Ervin Johnson,MIL,200105280MIL,"May 28, 2001",PHI,10,7,0,7,71.43,71.43,0.0,7,10,0,0,0,0,0,0,0,0,0,0,0,0,0,0,0,0,0,0,0,0,0,0
1908,Jumaine Jones,PHI,200105280MIL,"May 28, 2001",MIL,8,9,0,9,40.0,44.44,-4.44,7,8,2,0,0,0,0,0,0,0,0,0,0,0,0,0,0,0,0,0,0,0,0,0
87,Dikembe Mutombo,PHI,200105280MIL,"May 28, 2001",MIL,17,11,5,13,62.96,64.39,-1.43,10,10,0,0,2,4,0,0,1,3,0,0,0,0,0,0,0,0,0,0,0,0,0,0
947,Allen Iverson,PHI,200105280MIL,"May 28, 2001",MIL,24,32,8,35,31.17,33.78,-2.61,25,16,5,0,2,1,0,0,2,5,0,0,0,0,0,0,0,0,0,0,0,0,1,2
208,Sam Cassell,MIL,200105280MIL,"May 28, 2001",PHI,14,10,5,12,53.85,57.38,-3.53,8,8,1,0,1,1,0,0,1,3,0,0,0,0,0,0,0,0,0,0,0,0,1,2
281,Scott Williams,MIL,200105280MIL,"May 28, 2001",PHI,4,6,0,6,33.33,33.33,0.0,6,4,0,0,0,0,0,0,0,0,0,0,0,0,0,0,0,0,0,0,0,0,0,0
951,Ray Allen,MIL,200105280MIL,"May 28, 2001",PHI,14,14,2,15,38.89,47.04,-8.15,8,6,6,6,1,2,0,0,0,0,0,0,0,0,0,0,0,0,0,0,0,0,0,0
238,Tyrone Hill,PHI,200105280MIL,"May 28, 2001",MIL,14,14,2,15,46.67,47.04,-0.37,14,14,0,0,0,0,0,0,0,0,0,0,0,0,0,0,0,0,0,0,0,0,1,0
243,Aaron McKie,PHI,200105280MIL,"May 28, 2001",MIL,11,12,0,12,37.93,45.83,-7.9,7,2,5,9,0,0,0,0,0,0,0,0,0,0,0,0,0,0,0,0,0,0,0,0
1501,Tim Thomas,MIL,200105280MIL,"May 28, 2001",PHI,15,9,4,11,51.72,69.7,-17.98,2,0,7,12,2,3,0,0,0,0,0,0,0,0,0,0,0,0,0,0,0,0,0,0
283,Lindsey Hunter,MIL,200105280MIL,"May 28, 2001",PHI,2,3,0,3,25.0,33.33,-8.33,1,2,2,0,0,0,0,0,0,0,0,0,0,0,0,0,0,0,0,0,0,0,0,0
727,Eric Snow,PHI,200105280MIL,"May 28, 2001",MIL,6,8,2,9,33.33,33.78,-0.45,8,4,0,0,1,2,0,0,0,0,0,0,0,0,0,0,0,0,0,0,0,0,0,0
1928,Todd MacCulloch,PHI,200105280MIL,"May 28, 2001",MIL,5,4,1,4,55.56,56.31,-0.75,3,2,0,0,0,0,0,0,1,3,0,0,0,0,0,0,0,0,0,0,0,0,0,0
679,Jason Caffey,MIL,200105280MIL,"May 28, 2001",PHI,4,6,0,6,33.33,33.33,0.0,6,4,0,0,0,0,0,0,0,0,0,0,0,0,0,0,0,0,0,0,0,0,0,0
951,Ray Allen,MIL,200105300PHI,"May 30, 2001",PHI,20,20,2,20,40.0,47.89,-7.89,11,10,7,3,0,0,0,0,1,3,1,4,0,0,0,0,0,0,0,0,0,0,0,0
281,Scott Williams,MIL,200105300PHI,"May 30, 2001",PHI,0,1,0,1,0.0,0.0,0.0,1,0,0,0,0,0,0,0,0,0,0,0,0,0,0,0,0,0,0,0,0,0,0,0
947,Allen Iverson,PHI,200105300PHI,"May 30, 2001",MIL,14,27,5,29,22.22,23.97,-1.75,23,10,4,0,1,1,1,3,0,0,0,0,0,0,0,0,0,0,0,0,0,0,0,0
911,Ervin Johnson,MIL,200105300PHI,"May 30, 2001",PHI,6,3,0,3,100.0,100.0,0.0,3,6,0,0,0,0,0,0,0,0,0,0,0,0,0,0,0,0,0,0,0,0,0,0
87,Dikembe Mutombo,PHI,200105300PHI,"May 30, 2001",MIL,21,11,9,15,67.74,70.19,-2.45,10,10,0,0,2,4,0,0,1,3,0,0,0,0,0,0,0,0,0,0,0,0,2,4
1908,Jumaine Jones,PHI,200105300PHI,"May 30, 2001",MIL,8,9,0,9,40.0,44.44,-4.44,7,8,2,0,0,0,0,0,0,0,0,0,0,0,0,0,0,0,0,0,0,0,0,0
238,Tyrone Hill,PHI,200105300PHI,"May 30, 2001",MIL,4,6,2,7,28.57,29.07,-0.5,6,2,0,0,0,0,0,0,0,0,0,0,0,0,0,0,0,0,0,0,0,0,1,2
1501,Tim Thomas,MIL,200105300PHI,"May 30, 2001",PHI,15,10,4,12,55.56,63.78,-8.22,7,8,3,3,1,2,0,0,0,0,0,0,0,0,0,0,0,0,0,0,0,0,1,2
208,Sam Cassell,MIL,200105300PHI,"May 30, 2001",PHI,18,18,4,20,43.9,45.55,-1.65,17,14,1,0,2,4,0,0,0,0,0,0,0,0,0,0,0,0,0,0,0,0,0,0
299,Glenn Robinson,MIL,200105300PHI,"May 30, 2001",PHI,22,20,4,22,45.83,50.55,-4.72,16,14,4,6,1,1,0,0,0,0,0,0,0,0,0,0,0,0,0,0,0,0,1,1
243,Aaron McKie,MIL,200105300PHI,"May 30, 2001",PHI,15,18,3,19,33.33,38.82,-5.49,11,6,6,6,0,0,0,0,1,3,0,0,0,0,0,0,0,0,0,0,0,0,1,0
727,Eric Snow,PHI,200105300PHI,"May 30, 2001",MIL,18,9,4,11,81.82,83.64,-1.82,9,14,0,0,2,4,0,0,0,0,0,0,0,0,0,0,0,0,0,0,0,0,0,0
283,Lindsey Hunter,MIL,200105300PHI,"May 30, 2001",PHI,3,5,0,5,21.43,30.0,-8.57,1,0,4,3,0,0,0,0,0,0,0,0,0,0,0,0,0,0,0,0,0,0,0,0
679,Jason Caffey,MIL,200105300PHI,"May 30, 2001",PHI,4,3,2,4,50.0,51.55,-1.55,3,2,0,0,1,2,0,0,0,0,0,0,0,0,0,0,0,0,0,0,0,0,0,0
1928,Todd MacCulloch,PHI,200105300PHI,"May 30, 2001",MIL,4,3,0,3,66.67,66.67,0.0,3,4,0,0,0,0,0,0,0,0,0,0,0,0,0,0,0,0,0,0,0,0,0,0
1952,Raja Bell,PHI,200105300PHI,"May 30, 2001",MIL,0,1,0,1,0.0,0.0,0.0,1,0,0,0,0,0,0,0,0,0,0,0,0,0,0,0,0,0,0,0,0,0,0,0
87,Dikembe Mutombo,PHI,200106010MIL,"Jun 1, 2001",MIL,10,10,0,10,50.0,50.0,0.0,10,10,0,0,0,0,0,0,0,0,0,0,0,0,0,0,0,0,0,0,0,0,0,0
299,Glenn Robinson,MIL,200106010MIL,"Jun 1, 2001",PHI,22,17,6,20,52.38,56.01,-3.63,15,14,2,3,2,4,0,0,0,0,0,0,0,0,0,0,0,0,0,0,0,0,1,1
208,Sam Cassell,MIL,200106010MIL,"Jun 1, 2001",PHI,6,10,4,12,25.0,25.51,-0.51,10,2,0,0,1,2,0,0,0,0,0,0,0,0,0,0,0,0,0,0,0,0,1,2
281,Scott Williams,MIL,200106010MIL,"Jun 1, 2001",PHI,12,10,0,10,60.0,60.0,0.0,10,12,0,0,0,0,0,0,0,0,0,0,0,0,0,0,0,0,0,0,0,0,0,0
947,Allen Iverson,PHI,200106010MIL,"Jun 1, 2001",MIL,45,33,13,37,51.14,58.11,-6.97,21,12,8,12,1,2,1,3,3,8,1,4,0,0,0,0,0,0,0,0,0,0,2,4
1908,Jumaine Jones,PHI,200106010MIL,"Jun 1, 2001",MIL,6,7,0,7,40.0,42.86,-2.86,6,6,1,0,0,0,0,0,0,0,0,0,0,0,0,0,0,0,0,0,0,0,0,0
911,Ervin Johnson,MIL,200106010MIL,"Jun 1, 2001",PHI,8,5,2,6,66.67,68.03,-1.36,5,6,0,0,1,2,0,0,0,0,0,0,0,0,0,0,0,0,0,0,0,0,0,0
243,Aaron McKie,PHI,200106010MIL,"Jun 1, 2001",MIL,12,12,2,13,44.44,46.58,-2.14,11,8,1,3,0,0,0,0,0,0,0,0,0,0,0,0,0,0,0,0,0,0,1,1
238,Tyrone Hill,PHI,200106010MIL,"Jun 1, 2001",MIL,9,8,1,8,52.94,53.32,-0.38,7,6,0,0,0,0,0,0,1,3,0,0,0,0,0,0,0,0,0,0,0,0,0,0
951,Ray Allen,MIL,200106010MIL,"Jun 1, 2001",PHI,40,25,7,28,57.14,71.23,-14.09,11,4,13,27,2,4,0,0,1,3,0,0,0,0,0,0,0,0,0,0,0,0,1,2
727,Eric Snow,PHI,200106010MIL,"Jun 1, 2001",MIL,0,2,0,2,0.0,0.0,0.0,2,0,0,0,0,0,0,0,0,0,0,0,0,0,0,0,0,0,0,0,0,0,0,0
1501,Tim Thomas,MIL,200106010MIL,"Jun 1, 2001",PHI,13,5,2,6,81.25,110.54,-29.29,1,2,4,9,1,2,0,0,0,0,0,0,0,0,0,0,0,0,0,0,0,0,0,0
283,Lindsey Hunter,MIL,200106010MIL,"Jun 1, 2001",PHI,8,4,2,5,80.0,81.97,-1.97,4,6,0,0,0,0,0,0,0,0,0,0,0,0,0,0,0,0,0,0,0,0,1,2
679,Jason Caffey,MIL,200106010MIL,"Jun 1, 2001",PHI,0,1,0,1,0.0,0.0,0.0,1,0,0,0,0,0,0,0,0,0,0,0,0,0,0,0,0,0,0,0,0,0,0,0
1928,Todd MacCulloch,PHI,200106010MIL,"Jun 1, 2001",MIL,4,2,0,2,100.0,100.0,0.0,2,4,0,0,0,0,0,0,0,0,0,0,0,0,0,0,0,0,0,0,0,0,0,0
1563,Kevin Ollie,PHI,200106010MIL,"Jun 1, 2001",MIL,0,1,0,1,0.0,0.0,0.0,1,0,0,0,0,0,0,0,0,0,0,0,0,0,0,0,0,0,0,0,0,0,0,0
1952,Raja Bell,PHI,200106010MIL,"Jun 1, 2001",MIL,8,3,2,4,88.89,103.09,-14.2,2,4,1,3,0,0,0,0,0,0,0,0,0,0,0,0,0,0,0,0,0,0,1,1
1934,Rodney Buford,PHI,200106010MIL,"Jun 1, 2001",MIL,5,2,0,2,100.0,125.0,-25.0,1,2,1,3,0,0,0,0,0,0,0,0,0,0,0,0,0,0,0,0,0,0,0,0
1032,Darvin Ham,PHI,200106030PHI,"Jun 3, 2001",MIL,2,1,1,1,66.67,69.44,-2.77,0,0,0,0,0,0,0,0,1,2,0,0,0,0,0,0,0,0,0,0,0,0,0,0
1908,Jumaine Jones,PHI,200106030PHI,"Jun 3, 2001",MIL,4,5,0,5,40.0,40.0,0.0,5,4,0,0,0,0,0,0,0,0,0,0,0,0,0,0,0,0,0,0,0,0,0,0
238,Tyrone Hill,PHI,200106030PHI,"Jun 3, 2001",MIL,11,9,3,10,52.38,53.29,-0.91,8,8,0,0,1,1,0,0,1,2,0,0,0,0,0,0,0,0,0,0,0,0,0,0
947,Allen Iverson,PHI,200106030PHI,"Jun 3, 2001",MIL,43,33,6,36,55.13,60.33,-5.2,27,26,6,12,3,5,0,0,0,0,0,0,0,0,0,0,0,0,0,0,0,0,0,0
951,Ray Allen,MIL,200106030PHI,"Jun 3, 2001",PHI,25,18,5,20,52.08,61.88,-9.8,11,8,7,12,0,0,0,0,0,0,0,0,0,0,0,0,0,0,0,0,0,0,2,5
87,Dikembe Mutombo,PHI,200106030PHI,"Jun 3, 2001",MIL,23,14,19,23,48.94,51.43,-2.49,13,8,0,0,5,7,0,0,1,2,0,0,0,0,0,0,0,0,0,0,0,0,4,6
208,Sam Cassell,MIL,200106030PHI,"Jun 3, 2001",PHI,20,19,4,21,47.62,48.17,-0.55,19,16,0,0,1,2,0,0,0,0,0,0,0,0,0,0,0,0,0,0,0,0,1,2
299,Glenn Robinson,MIL,200106030PHI,"Jun 3, 2001",PHI,24,17,6,20,55.81,61.1,-5.29,14,18,3,0,2,4,0,0,0,0,0,0,0,0,0,0,0,0,0,0,0,0,1,2
911,Ervin Johnson,MIL,200106030PHI,"Jun 3, 2001",PHI,2,5,0,5,20.0,20.0,0.0,5,2,0,0,0,0,0,0,0,0,0,0,0,0,0,0,0,0,0,0,0,0,0,0
243,Aaron McKie,PHI,200106030PHI,"Jun 3, 2001",MIL,10,15,2,15,29.41,31.49,-2.08,11,4,2,0,0,0,0,0,2,6,0,0,0,0,0,0,0,0,0,0,0,0,0,0
1501,Tim Thomas,MIL,200106030PHI,"Jun 3, 2001",PHI,11,10,0,10,45.83,55.0,-9.17,6,8,4,3,0,0,0,0,0,0,0,0,0,0,0,0,0,0,0,0,0,0,0,0
727,Eric Snow,PHI,200106030PHI,"Jun 3, 2001",MIL,6,5,0,5,60.0,60.0,0.0,5,6,0,0,0,0,0,0,0,0,0,0,0,0,0,0,0,0,0,0,0,0,0,0
283,Lindsey Hunter,MIL,200106030PHI,"Jun 3, 2001",PHI,0,2,0,2,0.0,0.0,0.0,0,0,2,0,0,0,0,0,0,0,0,0,0,0,0,0,0,0,0,0,0,0,0,0
1952,Raja Bell,PHI,200106030PHI,"Jun 3, 2001",MIL,10,6,1,6,66.67,77.64,-10.97,3,4,2,3,0,0,0,0,1,3,0,0,0,0,0,0,0,0,0,0,0,0,0,0
679,Jason Caffey,MIL,200106030PHI,"Jun 3, 2001",PHI,4,2,2,3,66.67,69.44,-2.77,2,2,0,0,0,0,0,0,0,0,0,0,0,0,0,0,0,0,0,0,0,0,1,2
1934,Rodney Buford,PHI,200106030PHI,"Jun 3, 2001",MIL,0,1,0,1,0.0,0.0,0.0,1,0,0,0,0,0,0,0,0,0,0,0,0,0,0,0,0,0,0,0,0,0,0,0
1747,Rafer Alston,MIL,200106030PHI,"Jun 3, 2001",PHI,0,1,0,1,0.0,0.0,0.0,1,0,0,0,0,0,0,0,0,0,0,0,0,0,0,0,0,0,0,0,0,0,0,0
998,Mark Pope,MIL,200106030PHI,"Jun 3, 2001",PHI,2,1,0,1,100.0,100.0,0.0,1,2,0,0,0,0,0,0,0,0,0,0,0,0,0,0,0,0,0,0,0,0,0,0
406,Shaquille O'Neal,LAL,200106060LAL,"Jun 6, 2001",PHI,44,28,22,38,56.41,58.39,-1.98,26,30,0,0,6,5,0,0,2,5,0,0,1,1,0,0,0,0,0,0,0,0,3,3
947,Allen Iverson,PHI,200106060LAL,"Jun 6, 2001",LAL,47,41,8,45,47.96,52.79,-4.83,33,30,8,9,3,6,0,0,0,0,0,0,0,0,0,0,0,0,0,0,0,0,1,2
296,Rick Fox,LAL,200106060LAL,"Jun 6, 2001",PHI,19,12,2,13,59.38,73.76,-14.38,6,8,6,9,1,2,0,0,0,0,0,0,0,0,0,0,0,0,0,0,0,0,0,0
243,Aaron McKie,PHI,200106060LAL,"Jun 6, 2001",LAL,9,7,2,8,52.94,57.11,-4.17,6,4,1,3,0,0,0,0,0,0,0,0,0,0,0,0,0,0,0,0,0,0,1,2
270,Horace Grant,LAL,200106060LAL,"Jun 6, 2001",PHI,8,11,2,12,33.33,33.67,-0.34,11,6,0,0,1,2,0,0,0,0,0,0,0,0,0,0,0,0,0,0,0,0,0,0
965,Derek Fisher,PHI,200106060LAL,"Jun 6, 2001",LAL,0,4,0,4,0.0,0.0,0.0,3,0,1,0,0,0,0,0,0,0,0,0,0,0,0,0,0,0,0,0,0,0,0,0
977,Kobe Bryant,LAL,200106060LAL,"Jun 6, 2001",PHI,14,22,0,22,31.82,31.82,0.0,22,14,0,0,0,0,0,0,0,0,0,0,0,0,0,0,0,0,0,0,0,0,0,0
87,Dikembe Mutombo,PHI,200106060LAL,"Jun 6, 2001",LAL,13,7,7,10,61.9,64.48,-2.58,6,6,0,0,2,2,0,0,1,3,0,0,0,0,0,0,0,0,0,0,0,0,1,2
1908,Jumaine Jones,LAL,200106060LAL,"Jun 6, 2001",PHI,4,3,0,3,57.14,66.67,-9.53,2,4,1,0,0,0,0,0,0,0,0,0,0,0,0,0,0,0,0,0,0,0,0,0
727,Eric Snow,PHI,200106060LAL,"Jun 6, 2001",LAL,13,10,3,11,54.17,57.42,-3.25,8,8,1,0,1,2,0,0,1,3,0,0,0,0,0,0,0,0,0,0,0,0,0,0
238,Tyrone Hill,PHI,200106060LAL,"Jun 6, 2001",LAL,4,6,2,7,28.57,29.07,-0.5,6,2,0,0,1,2,0,0,0,0,0,0,0,0,0,0,0,0,0,0,0,0,0,0
216,Brian Shaw,LAL,200106060LAL,"Jun 6, 2001",PHI,7,5,0,5,58.33,70.0,-11.67,3,4,2,3,0,0,0,0,0,0,0,0,0,0,0,0,0,0,0,0,0,0,0,0
1952,Raja Bell,PHI,200106060LAL,"Jun 6, 2001",LAL,6,2,2,3,100.0,104.17,-4.17,2,4,0,0,1,2,0,0,0,0,0,0,0,0,0,0,0,0,0,0,0,0,0,0
109,Robert Horry,LAL,200106060LAL,"Jun 6, 2001",PHI,3,5,0,5,23.08,30.0,-6.92,2,0,3,3,0,0,0,0,0,0,0,0,0,0,0,0,0,0,0,0,0,0,0,0
761,Matt Geiger,PHI,200106060LAL,"Jun 6, 2001",LAL,10,7,0,7,71.43,71.43,0.0,7,10,0,0,0,0,0,0,0,0,0,0,0,0,0,0,0,0,0,0,0,0,0,0
1731,Tyronn Lue,LAL,200106060LAL,"Jun 6, 2001",PHI,5,3,0,3,71.43,83.33,-11.9,2,2,1,3,0,0,0,0,0,0,0,0,0,0,0,0,0,0,0,0,0,0,0,0
406,Shaquille O'Neal,LAL,200106080LAL,"Jun 8, 2001",PHI,28,19,10,24,58.33,59.83,-1.5,19,24,0,0,4,4,0,0,0,0,0,0,0,0,0,0,0,0,0,0,0,0,1,0
238,Tyrone Hill,PHI,200106080LAL,"Jun 8, 2001",LAL,2,3,0,3,33.33,33.33,0.0,3,2,0,0,0,0,0,0,0,0,0,0,0,0,0,0,0,0,0,0,0,0,0,0
947,Allen Iverson,PHI,200106080LAL,"Jun 8, 2001",LAL,23,29,4,31,31.94,37.39,-5.45,19,14,10,9,1,0,0,0,0,0,0,0,0,0,0,0,0,0,0,0,0,0,1,0
243,Aaron McKie,LAL,200106080LAL,"Jun 8, 2001",PHI,14,17,2,18,35.0,39.15,-4.15,13,8,4,6,0,0,0,0,0,0,0,0,0,0,0,0,0,0,0,0,0,0,1,0
965,Derek Fisher,LAL,200106080LAL,"Jun 8, 2001",PHI,14,11,2,12,48.28,58.92,-10.64,6,6,5,6,1,2,0,0,0,0,0,0,0,0,0,0,0,0,0,0,0,0,0,0
977,Kobe Bryant,LAL,200106080LAL,"Jun 8, 2001",PHI,31,23,8,27,55.36,58.45,-3.09,21,20,2,3,4,8,0,0,0,0,0,0,0,0,0,0,0,0,0,0,0,0,0,0
296,Rick Fox,PHI,200106080LAL,"Jun 8, 2001",LAL,0,4,0,4,0.0,0.0,0.0,2,0,2,0,0,0,0,0,0,0,0,0,0,0,0,0,0,0,0,0,0,0,0,0
87,Dikembe Mutombo,PHI,200106080LAL,"Jun 8, 2001",LAL,16,12,6,15,53.33,54.64,-1.31,12,10,0,0,3,6,0,0,0,0,0,0,0,0,0,0,0,0,0,0,0,0,0,0
1908,Jumaine Jones,PHI,200106080LAL,"Jun 8, 2001",LAL,3,2,0,2,60.0,75.0,-15.0,1,0,1,3,0,0,0,0,0,0,0,0,0,0,0,0,0,0,0,0,0,0,0,0
270,Horace Grant,LAL,200106080LAL,"Jun 8, 2001",PHI,6,7,2,8,37.5,38.07,-0.57,7,4,0,0,1,2,0,0,0,0,0,0,0,0,0,0,0,0,0,0,0,0,0,0
216,Brian Shaw,LAL,200106080LAL,"Jun 8, 2001",PHI,4,7,2,8,19.05,25.38,-6.33,2,0,5,3,0,0,0,0,0,0,0,0,0,0,0,0,0,0,0,0,0,0,1,1
727,Eric Snow,PHI,200106080LAL,"Jun 8, 2001",LAL,12,9,4,11,54.55,55.76,-1.21,9,8,0,0,2,4,0,0,0,0,0,0,0,0,0,0,0,0,0,0,0,0,0,0
761,Matt Geiger,PHI,200106080LAL,"Jun 8, 2001",LAL,4,4,0,4,50.0,50.0,0.0,4,4,0,0,0,0,0,0,0,0,0,0,0,0,0,0,0,0,0,0,0,0,0,0
1928,Todd MacCulloch,PHI,200106080LAL,"Jun 8, 2001",LAL,13,9,4,11,59.09,60.41,-1.32,9,10,0,0,2,3,0,0,0,0,0,0,0,0,0,0,0,0,0,0,0,0,0,0
109,Robert Horry,LAL,200106080LAL,"Jun 8, 2001",PHI,8,6,0,6,61.54,66.67,-5.13,5,8,1,0,0,0,0,0,0,0,0,0,0,0,0,0,0,0,0,0,0,0,0,0
1952,Raja Bell,PHI,200106080LAL,"Jun 8, 2001",LAL,2,1,6,4,25.0,27.47,-2.47,1,0,0,0,1,1,0,0,0,0,0,0,0,0,0,0,0,0,0,0,0,0,2,1
1731,Tyronn Lue,PHI,200106080LAL,"Jun 8, 2001",LAL,2,1,0,1,100.0,100.0,0.0,1,2,0,0,0,0,0,0,0,0,0,0,0,0,0,0,0,0,0,0,0,0,0,0
1563,Kevin Ollie,PHI,200106080LAL,"Jun 8, 2001",LAL,0,1,0,1,0.0,0.0,0.0,1,0,0,0,0,0,0,0,0,0,0,0,0,0,0,0,0,0,0,0,0,0,0,0
166,Ron Harper,LAL,200106080LAL,"Jun 8, 2001",PHI,5,3,2,4,55.56,64.43,-8.87,2,4,1,0,0,0,0,0,0,0,0,0,0,0,0,0,0,0,0,0,0,0,1,1
947,Allen Iverson,PHI,200106100PHI,"Jun 10, 2001",LAL,34,30,12,35,43.59,48.19,-4.6,23,20,6,3,3,4,1,3,1,2,0,0,0,0,0,0,0,0,0,0,0,0,1,2
243,Aaron McKie,PHI,200106100PHI,"Jun 10, 2001",LAL,5,8,1,8,27.78,29.62,-1.84,6,2,1,0,0,0,0,0,1,3,0,0,0,0,0,0,0,0,0,0,0,0,0,0
296,Rick Fox,LAL,200106100PHI,"Jun 10, 2001",PHI,3,3,2,4,33.33,38.66,-5.33,2,2,1,0,1,1,0,0,0,0,0,0,0,0,0,0,0,0,0,0,0,0,0,0
977,Kobe Bryant,LAL,200106100PHI,"Jun 10, 2001",PHI,32,30,6,33,47.06,49.02,-1.96,28,26,2,0,3,6,0,0,0,0,0,0,0,0,0,0,0,0,0,0,0,0,0,0
270,Horace Grant,LAL,200106100PHI,"Jun 10, 2001",PHI,4,5,0,5,40.0,40.0,0.0,5,4,0,0,0,0,0,0,0,0,0,0,0,0,0,0,0,0,0,0,0,0,0,0
87,Dikembe Mutombo,PHI,200106100PHI,"Jun 10, 2001",LAL,23,14,8,18,63.89,65.64,-1.75,14,18,0,0,3,4,0,0,0,0,0,0,0,0,0,0,0,0,0,0,0,0,1,1
406,Shaquille O'Neal,LAL,200106100PHI,"Jun 10, 2001",PHI,30,20,9,24,61.22,62.6,-1.38,19,20,0,0,4,8,0,0,1,2,0,0,0,0,0,0,0,0,0,0,0,0,0,0
965,Derek Fisher,LAL,200106100PHI,"Jun 10, 2001",PHI,7,5,4,7,46.67,51.78,-5.11,4,4,1,0,2,3,0,0,0,0,0,0,0,0,0,0,0,0,0,0,0,0,0,0
238,Tyrone Hill,PHI,200106100PHI,"Jun 10, 2001",LAL,2,7,0,7,14.29,14.29,0.0,7,2,0,0,0,0,0,0,0,0,0,0,0,0,0,0,0,0,0,0,0,0,0,0
1908,Jumaine Jones,PHI,200106100PHI,"Jun 10, 2001",LAL,3,2,0,2,50.0,75.0,-25.0,0,0,2,3,0,0,0,0,0,0,0,0,0,0,0,0,0,0,0,0,0,0,0,0
727,Eric Snow,PHI,200106100PHI,"Jun 10, 2001",LAL,14,11,7,14,46.67,49.72,-3.05,9,6,1,0,3,5,0,0,1,3,0,0,0,0,0,0,0,0,0,0,0,0,0,0
761,Matt Geiger,PHI,200106100PHI,"Jun 10, 2001",LAL,4,2,0,2,100.0,100.0,0.0,2,4,0,0,0,0,0,0,0,0,0,0,0,0,0,0,0,0,0,0,0,0,0,0
109,Robert Horry,LAL,200106100PHI,"Jun 10, 2001",PHI,15,5,4,7,88.24,110.95,-22.71,2,2,3,9,0,0,0,0,0,0,0,0,0,0,0,0,0,0,0,0,0,0,2,4
216,Brian Shaw,LAL,200106100PHI,"Jun 10, 2001",PHI,0,3,0,3,0.0,0.0,0.0,2,0,1,0,0,0,0,0,0,0,0,0,0,0,0,0,0,0,0,0,0,0,0,0
1952,Raja Bell,PHI,200106100PHI,"Jun 10, 2001",LAL,2,5,0,5,16.67,20.0,-3.33,3,2,2,0,0,0,0,0,0,0,0,0,0,0,0,0,0,0,0,0,0,0,0,0
1731,Tyronn Lue,LAL,200106100PHI,"Jun 10, 2001",PHI,5,4,0,4,50.0,62.5,-12.5,2,2,2,3,0,0,0,0,0,0,0,0,0,0,0,0,0,0,0,0,0,0,0,0
1563,Kevin Ollie,PHI,200106100PHI,"Jun 10, 2001",LAL,3,1,1,1,100.0,104.17,-4.17,0,0,0,0,0,0,0,0,1,3,0,0,0,0,0,0,0,0,0,0,0,0,0,0
406,Shaquille O'Neal,LAL,200106130PHI,"Jun 13, 2001",PHI,34,25,16,33,51.52,53.06,-1.54,25,26,0,0,5,5,0,0,0,0,0,0,0,0,0,0,0,0,0,0,0,0,3,3
238,Tyrone Hill,LAL,200106130PHI,"Jun 13, 2001",PHI,7,4,1,4,77.78,78.83,-1.05,3,4,0,0,0,0,0,0,1,3,0,0,0,0,0,0,0,0,0,0,0,0,0,0
947,Allen Iverson,PHI,200106130PHI,"Jun 13, 2001",LAL,34,30,13,36,44.16,47.59,-3.43,25,20,4,3,5,9,0,0,1,2,0,0,0,0,0,0,0,0,0,0,0,0,1,0
270,Horace Grant,LAL,200106130PHI,"Jun 13, 2001",PHI,2,4,0,4,25.0,25.0,0.0,4,2,0,0,0,0,0,0,0,0,0,0,0,0,0,0,0,0,0,0,0,0,0,0
965,Derek Fisher,LAL,200106130PHI,"Jun 13, 2001",PHI,10,7,0,7,55.56,71.43,-15.87,3,4,4,6,0,0,0,0,0,0,0,0,0,0,0,0,0,0,0,0,0,0,0,0
296,Rick Fox,PHI,200106130PHI,"Jun 13, 2001",LAL,7,7,2,8,36.84,44.42,-7.58,4,2,3,3,1,2,0,0,0,0,0,0,0,0,0,0,0,0,0,0,0,0,0,0
1908,Jumaine Jones,PHI,200106130PHI,"Jun 13, 2001",LAL,0,3,0,3,0.0,0.0,0.0,3,0,0,0,0,0,0,0,0,0,0,0,0,0,0,0,0,0,0,0,0,0,0,0
977,Kobe Bryant,LAL,200106130PHI,"Jun 13, 2001",PHI,19,13,11,18,48.72,53.25,-4.53,10,10,2,0,4,5,0,0,1,3,0,0,0,0,0,0,0,0,0,0,0,0,1,1
87,Dikembe Mutombo,PHI,200106130PHI,"Jun 13, 2001",LAL,19,11,3,12,76.0,77.11,-1.11,10,16,0,0,1,0,0,0,1,3,0,0,0,0,0,0,0,0,0,0,0,0,0,0
243,Aaron McKie,LAL,200106130PHI,"Jun 13, 2001",PHI,5,9,4,11,20.83,23.23,-2.4,7,2,2,0,2,3,0,0,0,0,0,0,0,0,0,0,0,0,0,0,0,0,0,0
727,Eric Snow,PHI,200106130PHI,"Jun 13, 2001",LAL,11,10,4,12,45.83,46.77,-0.94,10,10,0,0,1,1,0,0,0,0,0,0,0,0,0,0,0,0,0,0,0,0,1,0
1952,Raja Bell,LAL,200106130PHI,"Jun 13, 2001",PHI,1,2,2,3,16.67,17.36,-0.69,2,0,0,0,1,1,0,0,0,0,0,0,0,0,0,0,0,0,0,0,0,0,0,0
216,Brian Shaw,LAL,200106130PHI,"Jun 13, 2001",PHI,5,3,1,3,55.56,72.67,-17.11,0,0,2,3,0,0,0,0,1,2,0,0,0,0,0,0,0,0,0,0,0,0,0,0
761,Matt Geiger,PHI,200106130PHI,"Jun 13, 2001",LAL,6,4,2,5,60.0,61.48,-1.48,4,4,0,0,1,2,0,0,0,0,0,0,0,0,0,0,0,0,0,0,0,0,0,0
1731,Tyronn Lue,LAL,200106130PHI,"Jun 13, 2001",PHI,6,3,0,3,66.67,100.0,-33.33,0,0,3,6,0,0,0,0,0,0,0,0,0,0,0,0,0,0,0,0,0,0,0,0
166,Ron Harper,LAL,200106130PHI,"Jun 13, 2001",PHI,8,5,1,5,61.54,73.53,-11.99,2,2,2,3,0,0,0,0,1,3,0,0,0,0,0,0,0,0,0,0,0,0,0,0
109,Robert Horry,LAL,200106130PHI,"Jun 13, 2001",PHI,9,4,0,4,81.82,112.5,-30.68,1,0,3,9,0,0,0,0,0,0,0,0,0,0,0,0,0,0,0,0,0,0,0,0
2058,Mark Madsen,LAL,200106130PHI,"Jun 13, 2001",PHI,0,1,0,1,0.0,0.0,0.0,1,0,0,0,0,0,0,0,0,0,0,0,0,0,0,0,0,0,0,0,0,0,0,0
1934,Rodney Buford,PHI,200106130PHI,"Jun 13, 2001",LAL,2,3,0,3,33.33,33.33,0.0,3,2,0,0,0,0,0,0,0,0,0,0,0,0,0,0,0,0,0,0,0,0,0,0
1563,Kevin Ollie,PHI,200106130PHI,"Jun 13, 2001",LAL,0,1,0,1,0.0,0.0,0.0,1,0,0,0,0,0,0,0,0,0,0,0,0,0,0,0,0,0,0,0,0,0,0,0
947,Allen Iverson,PHI,200106150PHI,"Jun 15, 2001",LAL,37,32,8,36,44.58,52.08,-7.5,21,22,11,9,1,1,0,0,0,0,0,0,0,0,0,0,0,0,0,0,0,0,3,5
238,Tyrone Hill,LAL,200106150PHI,"Jun 15, 2001",PHI,18,13,6,15,56.25,57.54,-1.29,11,10,0,0,2,3,0,0,2,5,0,0,0,0,0,0,0,0,0,0,0,0,0,0
727,Eric Snow,LAL,200106150PHI,"Jun 15, 2001",PHI,13,14,8,18,35.14,37.1,-1.96,13,8,1,0,4,5,0,0,0,0,0,0,0,0,0,0,0,0,0,0,0,0,0,0
977,Kobe Bryant,LAL,200106150PHI,"Jun 15, 2001",PHI,25,18,10,23,51.02,55.8,-4.78,15,10,3,6,4,8,0,0,0,0,0,0,0,0,0,0,0,0,0,0,0,0,1,1
965,Derek Fisher,LAL,200106150PHI,"Jun 15, 2001",PHI,18,12,0,12,56.25,75.0,-18.75,4,0,8,18,0,0,0,0,0,0,0,0,0,0,0,0,0,0,0,0,0,0,0,0
296,Rick Fox,LAL,200106150PHI,"Jun 15, 2001",PHI,20,8,7,11,76.92,90.25,-13.33,4,2,3,9,2,4,0,0,1,3,0,0,0,0,0,0,0,0,0,0,0,0,1,2
406,Shaquille O'Neal,LAL,200106150PHI,"Jun 15, 2001",PHI,29,18,19,27,52.73,55.01,-2.28,17,18,0,0,8,8,0,0,1,3,0,0,1,0,0,0,0,0,0,0,0,0,0,0
87,Dikembe Mutombo,PHI,200106150PHI,"Jun 15, 2001",LAL,13,11,2,12,54.17,54.71,-0.54,11,12,0,0,1,1,0,0,0,0,0,0,0,0,0,0,0,0,0,0,0,0,0,0
243,Aaron McKie,PHI,200106150PHI,"Jun 15, 2001",LAL,7,7,0,7,46.67,50.0,-3.33,6,4,1,3,0,0,0,0,0,0,0,0,0,0,0,0,0,0,0,0,0,0,0,0
270,Horace Grant,PHI,200106150PHI,"Jun 15, 2001",LAL,6,7,4,9,33.33,34.25,-0.92,7,4,0,0,1,1,0,0,0,0,0,0,0,0,0,0,0,0,0,0,0,0,1,1
248,George Lynch,PHI,200106150PHI,"Jun 15, 2001",LAL,2,3,0,3,33.33,33.33,0.0,3,2,0,0,0,0,0,0,0,0,0,0,0,0,0,0,0,0,0,0,0,0,0,0
1952,Raja Bell,PHI,200106150PHI,"Jun 15, 2001",LAL,2,3,0,3,28.57,33.33,-4.76,2,2,1,0,0,0,0,0,0,0,0,0,0,0,0,0,0,0,0,0,0,0,0,0
109,Robert Horry,LAL,200106150PHI,"Jun 15, 2001",PHI,7,5,2,6,46.67,59.52,-12.85,2,2,3,3,0,0,0,0,0,0,0,0,0,0,0,0,0,0,0,0,0,0,1,2
1563,Kevin Ollie,PHI,200106150PHI,"Jun 15, 2001",LAL,2,0,2,1,100.0,113.64,-13.64,0,0,0,0,1,2,0,0,0,0,0,0,0,0,0,0,0,0,0,0,0,0,0,0
216,Brian Shaw,LAL,200106150PHI,"Jun 15, 2001",PHI,2,2,2,3,33.33,34.72,-1.39,2,0,0,0,1,2,0,0,0,0,0,0,0,0,0,0,0,0,0,0,0,0,0,0
1731,Tyronn Lue,LAL,200106150PHI,"Jun 15, 2001",PHI,0,1,0,1,0.0,0.0,0.0,1,0,0,0,0,0,0,0,0,0,0,0,0,0,0,0,0,0,0,0,0,0,0,0
1934,Rodney Buford,PHI,200106150PHI,"Jun 15, 2001",LAL,0,3,0,3,0.0,0.0,0.0,2,0,1,0,0,0,0,0,0,0,0,0,0,0,0,0,0,0,0,0,0,0,0,0
761,Matt Geiger,PHI,200106150PHI,"Jun 15, 2001",LAL,2,1,0,1,100.0,100.0,0.0,1,2,0,0,0,0,0,0,0,0,0,0,0,0,0,0,0,0,0,0,0,0,0,0
1928,Todd MacCulloch,PHI,200106150PHI,"Jun 15, 2001",LAL,0,3,0,3,0.0,0.0,0.0,3,0,0,0,0,0,0,0,0,0,0,0,0,0,0,0,0,0,0,0,0,0,0,0
