player_id,player_name,team_abbr,game_id,game_date,opponent,pts,fga,fta,scoring_poss,pure_ts_pct,standard_ts_pct,delta_pp,C1a_events,C1a_pts,C1b_events,C1b_pts,C2_events,C2_pts,C3_events,C3_pts,C4_events,C4_pts,C5_events,C5_pts,C6a_events,C6a_pts,C6b_events,C6b_pts,C6c_events,C6c_pts,C6d_events,C6d_pts,C6e_events,C6e_pts,C6f_events,C6f_pts
201144,Mike Conley,UTA,202204160DAL,"Apr 16, 2022",DAL,13,12,0,12,50.0,54.17,-4.17,10,10,2,3,0,0,0,0,0,0,0,0,0,0,0,0,0,0,0,0,0,0,0,0
203915,Spencer Dinwiddie,DAL,202204160DAL,"Apr 16, 2022",UTA,22,15,16,22,44.0,49.91,-5.91,10,10,4,0,4,6,1,2,1,2,0,0,0,0,0,0,0,0,0,0,0,0,2,2
203497,Rudy Gobert,UTA,202204160DAL,"Apr 16, 2022",DAL,5,1,6,4,62.5,68.68,-6.18,1,0,0,0,2,4,0,0,0,0,0,0,0,0,0,0,0,0,0,0,0,0,1,1
1628973,Jalen Brunson,DAL,202204160DAL,"Apr 16, 2022",UTA,24,24,6,28,42.11,45.05,-2.94,21,16,3,3,2,4,0,0,0,0,0,0,2,1,0,0,0,0,0,0,0,0,0,0
1628378,Donovan Mitchell,UTA,202204160DAL,"Apr 16, 2022",DAL,32,29,11,34,42.67,47.28,-4.61,22,14,6,6,2,3,0,0,1,3,0,0,0,0,0,0,0,0,0,0,0,0,3,6
1627827,Dorian Finney-Smith,DAL,202204160DAL,"Apr 16, 2022",UTA,14,7,4,9,60.87,79.91,-19.04,2,4,5,6,1,2,0,0,0,0,0,0,0,0,0,0,0,0,0,0,0,0,1,2
203493,Reggie Bullock Jr.,DAL,202204160DAL,"Apr 16, 2022",UTA,15,10,2,11,50.0,68.93,-18.93,1,2,8,9,0,0,0,0,1,3,0,0,1,1,0,0,0,0,0,0,0,0,0,0
202711,Bojan Bogdanovic,UTA,202204160DAL,"Apr 16, 2022",DAL,26,20,2,21,54.17,62.26,-8.09,14,18,6,6,1,2,0,0,0,0,0,0,0,0,0,0,0,0,0,0,0,0,0,0
203939,Dwight Powell,DAL,202204160DAL,"Apr 16, 2022",UTA,4,6,0,6,33.33,33.33,0.0,6,4,0,0,0,0,0,0,0,0,0,0,0,0,0,0,0,0,0,0,0,0,0,0
1626220,Royce O'Neale,UTA,202204160DAL,"Apr 16, 2022",DAL,3,5,0,5,23.08,30.0,-6.92,2,0,3,3,0,0,0,0,0,0,0,0,0,0,0,0,0,0,0,0,0,0,0,0
1627863,Danuel House Jr.,UTA,202204160DAL,"Apr 16, 2022",DAL,7,6,0,6,46.67,58.33,-11.66,3,4,3,3,0,0,0,0,0,0,0,0,0,0,0,0,0,0,0,0,0,0,0,0
whiteha01,H. Whiteside,UTA,202204160DAL,"Apr 16, 2022",DAL,3,2,2,3,50.0,52.08,-2.08,2,2,0,0,1,1,0,0,0,0,0,0,0,0,0,0,0,0,0,0,0,0,0,0
1630182,Josh Green,DAL,202204160DAL,"Apr 16, 2022",UTA,0,4,0,4,0.0,0.0,0.0,0,0,4,0,0,0,0,0,0,0,0,0,0,0,0,0,0,0,0,0,0,0,0,0
1628467,Maxi Kleber,DAL,202204160DAL,"Apr 16, 2022",UTA,10,7,4,9,43.48,57.08,-13.6,2,0,5,6,0,0,0,0,0,0,0,0,0,0,0,0,0,0,0,0,0,0,2,4
203903,Jordan Clarkson,UTA,202204160DAL,"Apr 16, 2022",DAL,10,7,2,8,55.56,63.45,-7.89,5,8,2,0,0,0,0,0,0,0,0,0,0,0,0,0,0,0,0,0,0,0,1,2
1627823,Juancho Hernangomez,UTA,202204160DAL,"Apr 16, 2022",DAL,0,1,0,1,0.0,0.0,0.0,1,0,0,0,0,0,0,0,0,0,0,0,0,0,0,0,0,0,0,0,0,0,0,0
202722,Davis Bertans,DAL,202204160DAL,"Apr 16, 2022",UTA,4,3,2,4,36.36,51.55,-15.19,0,0,3,3,1,1,0,0,0,0,0,0,0,0,0,0,0,0,0,0,0,0,0,0
1628991,Jaren Jackson Jr.,MEM,202204160MEM,"Apr 16, 2022",MIN,12,13,5,15,33.33,39.47,-6.14,7,6,5,0,0,0,0,0,1,3,0,0,0,0,0,0,0,0,0,0,0,0,2,3
1629020,Jarred Vanderbilt,MIN,202204160MEM,"Apr 16, 2022",MEM,2,3,0,3,33.33,33.33,0.0,3,2,0,0,0,0,0,0,0,0,0,0,0,0,0,0,0,0,0,0,0,0,0,0
1628415,Dillon Brooks,MEM,202204160MEM,"Apr 16, 2022",MIN,24,14,10,19,57.14,65.22,-8.08,10,8,4,9,3,4,0,0,0,0,0,0,0,0,0,0,0,0,0,0,0,0,2,3
1630217,Desmond Bane,MEM,202204160MEM,"Apr 16, 2022",MIN,17,15,2,16,42.5,53.53,-11.03,7,6,8,9,1,2,0,0,0,0,0,0,0,0,0,0,0,0,0,0,0,0,0,0
1626156,D'Angelo Russell,MIN,202204160MEM,"Apr 16, 2022",MEM,8,11,3,13,28.57,32.47,-3.9,8,2,3,3,1,2,0,0,0,0,0,0,1,1,0,0,0,0,0,0,0,0,0,0
1626157,Karl-Anthony Towns,MIN,202204160MEM,"Apr 16, 2022",MEM,29,18,5,19,63.04,71.78,-8.74,10,12,5,6,1,2,0,0,3,9,0,0,0,0,0,0,0,0,0,0,0,0,0,0
1629630,Ja Morant,MIN,202204160MEM,"Apr 16, 2022",MEM,31,18,18,27,55.36,59.8,-4.44,16,16,2,0,7,12,0,0,0,0,0,0,0,0,0,0,0,0,0,0,0,0,2,3
1630162,Anthony Edwards,MIN,202204160MEM,"Apr 16, 2022",MEM,36,23,8,26,55.38,67.87,-12.49,10,12,11,12,2,4,0,0,2,6,0,0,0,0,0,0,0,0,0,0,0,0,1,2
201976,Patrick Beverley,MIN,202204160MEM,"Apr 16, 2022",MEM,10,8,0,8,47.62,62.5,-14.88,3,4,5,6,0,0,0,0,0,0,0,0,0,0,0,0,0,0,0,0,0,0,0,0
1630183,Jaden McDaniels,MIN,202204160MEM,"Apr 16, 2022",MEM,15,6,4,8,78.95,96.65,-17.7,3,6,3,6,1,2,0,0,0,0,0,0,0,0,0,0,0,0,0,0,0,0,1,1
203937,Kyle Anderson,MEM,202204160MEM,"Apr 16, 2022",MIN,6,3,3,4,66.67,69.44,-2.77,2,2,0,0,1,1,0,0,1,3,0,0,0,0,0,0,0,0,0,0,0,0,0,0
1629001,De'Anthony Melton,MEM,202204160MEM,"Apr 16, 2022",MIN,2,4,0,4,18.18,25.0,-6.82,1,2,3,0,0,0,0,0,0,0,0,0,0,0,0,0,0,0,0,0,0,0,0,0
1627736,Malik Beasley,MIN,202204160MEM,"Apr 16, 2022",MEM,23,14,4,16,54.76,72.97,-18.21,4,8,10,12,1,1,0,0,0,0,0,0,0,0,0,0,0,0,0,0,0,0,1,2
1629162,Jordan McLaughlin,MIN,202204160MEM,"Apr 16, 2022",MEM,0,1,0,1,0.0,0.0,0.0,0,0,1,0,0,0,0,0,0,0,0,0,0,0,0,0,0,0,0,0,0,0,0,0
1627752,Taurean Prince,MIN,202204160MEM,"Apr 16, 2022",MEM,5,6,1,6,31.25,38.82,-7.57,2,0,3,3,0,0,0,0,1,2,0,0,0,0,0,0,0,0,0,0,0,0,0,0
1629634,Brandon Clarke,MEM,202204160MEM,"Apr 16, 2022",MIN,13,7,3,8,76.47,78.12,-1.65,6,10,0,0,1,1,0,0,1,2,0,0,0,0,0,0,0,0,0,0,0,0,0,0
1626145,Tyus Jones,MEM,202204160MEM,"Apr 16, 2022",MIN,7,8,0,8,36.84,43.75,-6.91,5,4,3,3,0,0,0,0,0,0,0,0,0,0,0,0,0,0,0,0,0,0,0,0
1630533,Ziaire Williams,MIN,202204160MEM,"Apr 16, 2022",MEM,4,4,0,4,40.0,50.0,-10.0,2,4,2,0,0,0,0,0,0,0,0,0,0,0,0,0,0,0,0,0,0,0,0,0
1627832,Fred VanVleet,PHI,202204160PHI,"Apr 16, 2022",TOR,18,12,0,12,58.06,75.0,-16.94,5,6,7,12,0,0,0,0,0,0,0,0,0,0,0,0,0,0,0,0,0,0,0,0
201935,James Harden,PHI,202204160PHI,"Apr 16, 2022",TOR,22,17,7,21,45.83,54.78,-8.95,10,4,7,12,2,4,0,0,0,0,0,0,1,0,0,0,0,0,0,0,0,0,1,2
1627783,Pascal Siakam,TOR,202204160PHI,"Apr 16, 2022",PHI,24,18,5,20,55.81,59.41,-3.6,15,14,2,3,2,4,0,0,1,3,0,0,0,0,0,0,0,0,0,0,0,0,0,0
1630567,Scottie Barnes,TOR,202204160PHI,"Apr 16, 2022",PHI,15,6,9,10,71.43,75.3,-3.87,5,6,0,0,3,5,0,0,1,3,0,0,0,0,1,1,0,0,0,0,0,0,0,0
1630178,Tyrese Maxey,PHI,202204160PHI,"Apr 16, 2022",TOR,38,21,5,23,69.09,81.9,-12.81,12,16,8,15,1,2,0,0,1,3,0,0,0,0,1,2,0,0,0,0,0,0,0,0
203954,Joel Embiid,PHI,202204160PHI,"Apr 16, 2022",TOR,19,15,11,20,44.19,47.88,-3.69,12,8,2,0,5,8,0,0,1,3,0,0,0,0,0,0,0,0,0,0,0,0,0,0
202699,Tobias Harris,PHI,202204160PHI,"Apr 16, 2022",TOR,26,14,6,17,66.67,78.12,-11.45,9,12,5,9,3,5,0,0,0,0,0,0,0,0,0,0,0,0,0,0,0,0,0,0
201980,Danny Green,PHI,202204160PHI,"Apr 16, 2022",TOR,2,6,0,6,11.76,16.67,-4.91,1,2,5,0,0,0,0,0,0,0,0,0,0,0,0,0,0,0,0,0,0,0,0,0
1628384,OG Anunoby,TOR,202204160PHI,"Apr 16, 2022",PHI,20,15,0,15,57.14,66.67,-9.53,10,14,5,6,0,0,0,0,0,0,0,0,0,0,0,0,0,0,0,0,0,0,0,0
1629018,Gary Trent Jr.,TOR,202204160PHI,"Apr 16, 2022",PHI,9,11,4,13,27.27,35.27,-8.0,4,0,7,6,2,3,0,0,0,0,0,0,0,0,0,0,0,0,0,0,0,0,0,0
203920,Khem Birch,TOR,202204160PHI,"Apr 16, 2022",PHI,4,2,0,2,100.0,100.0,0.0,2,4,0,0,0,0,0,0,0,0,0,0,0,0,0,0,0,0,0,0,0,0,0,0
1630173,Precious Achiuwa,TOR,202204160PHI,"Apr 16, 2022",PHI,9,9,1,9,39.13,47.67,-8.54,4,0,4,6,0,0,0,0,1,3,0,0,0,0,0,0,0,0,0,0,0,0,0,0
1628449,Chris Boucher,TOR,202204160PHI,"Apr 16, 2022",PHI,7,3,0,3,100.0,116.67,-16.67,2,4,1,3,0,0,0,0,0,0,0,0,0,0,0,0,0,0,0,0,0,0,0,0
1629680,Matisse Thybulle,PHI,202204160PHI,"Apr 16, 2022",TOR,3,1,0,1,100.0,150.0,-50.0,0,0,1,3,0,0,0,0,0,0,0,0,0,0,0,0,0,0,0,0,0,0,0,0
1627777,Georges Niang,PHI,202204160PHI,"Apr 16, 2022",TOR,8,4,0,4,72.73,100.0,-27.27,1,2,3,6,0,0,0,0,0,0,0,0,0,0,0,0,0,0,0,0,0,0,0,0
1629003,Shake Milton,PHI,202204160PHI,"Apr 16, 2022",TOR,10,4,3,5,83.33,93.98,-10.65,3,4,1,3,0,0,1,3,0,0,0,0,0,0,0,0,0,0,0,0,0,0,0,0
201152,Thaddeus Young,TOR,202204160PHI,"Apr 16, 2022",PHI,0,1,0,1,0.0,0.0,0.0,0,0,1,0,0,0,0,0,0,0,0,0,0,0,0,0,0,0,0,0,0,0,0,0
1630194,Paul Reed,PHI,202204160PHI,"Apr 16, 2022",TOR,3,2,2,3,50.0,52.08,-2.08,2,2,0,0,0,0,0,0,0,0,0,0,0,0,0,0,0,0,0,0,0,0,1,1
1629139,Yuta Watanabe,TOR,202204160PHI,"Apr 16, 2022",PHI,2,2,0,2,50.0,50.0,0.0,2,2,0,0,0,0,0,0,0,0,0,0,0,0,0,0,0,0,0,0,0,0,0,0
1630625,Dalano Banton,TOR,202204160PHI,"Apr 16, 2022",PHI,1,0,2,1,50.0,56.82,-6.82,0,0,0,0,1,1,0,0,0,0,0,0,0,0,0,0,0,0,0,0,0,0,0,0
bongais01,I. Bonga,TOR,202204160PHI,"Apr 16, 2022",PHI,2,0,2,1,100.0,113.64,-13.64,0,0,0,0,0,0,0,0,0,0,0,0,0,0,0,0,0,0,0,0,0,0,1,2
1629717,Armoni Brooks,TOR,202204160PHI,"Apr 16, 2022",PHI,0,3,0,3,0.0,0.0,0.0,0,0,3,0,0,0,0,0,0,0,0,0,0,0,0,0,0,0,0,0,0,0,0,0
203115,Will Barton,DEN,202204160GSW,"Apr 16, 2022",GSW,24,18,2,19,54.55,63.56,-9.01,12,16,6,6,1,2,0,0,0,0,0,0,0,0,0,0,0,0,0,0,0,0,0,0
1626172,Kevon Looney,GSW,202204160GSW,"Apr 16, 2022",DEN,6,3,2,4,75.0,77.32,-2.32,3,4,0,0,1,2,0,0,0,0,0,0,0,0,0,0,0,0,0,0,0,0,0,0
203952,Andrew Wiggins,GSW,202204160GSW,"Apr 16, 2022",DEN,16,11,4,13,57.14,62.7,-5.56,9,10,2,3,2,3,0,0,0,0,0,0,0,0,0,0,0,0,0,0,0,0,0,0
202691,Klay Thompson,GSW,202204160GSW,"Apr 16, 2022",DEN,19,15,0,15,47.5,63.33,-15.83,5,4,10,15,0,0,0,0,0,0,0,0,0,0,0,0,0,0,0,0,0,0,0,0
203210,JaMychal Green,DEN,202204160GSW,"Apr 16, 2022",GSW,7,3,2,4,70.0,90.21,-20.21,1,0,2,6,1,1,0,0,0,0,0,0,0,0,0,0,0,0,0,0,0,0,0,0
203999,Nikola Jokić,DEN,202204160GSW,"Apr 16, 2022",GSW,25,25,2,26,44.64,48.3,-3.66,21,24,4,0,0,0,0,0,0,0,0,0,0,0,0,0,0,0,0,0,0,0,1,1
1628420,Monte Morris,DEN,202204160GSW,"Apr 16, 2022",GSW,10,9,1,9,41.67,52.97,-11.3,3,4,5,3,0,0,0,0,1,3,0,0,0,0,0,0,0,0,0,0,0,0,0,0
203932,Aaron Gordon,DEN,202204160GSW,"Apr 16, 2022",GSW,8,10,3,11,30.77,35.34,-4.57,6,4,3,0,1,2,0,0,1,2,0,0,0,0,0,0,0,0,0,0,0,0,0,0
1629673,Jordan Poole,GSW,202204160GSW,"Apr 16, 2022",DEN,30,13,8,17,73.17,90.8,-17.63,5,6,7,15,1,2,1,2,1,3,0,0,2,2,0,0,0,0,0,0,0,0,0,0
201939,Stephen Curry,GSW,202204160GSW,"Apr 16, 2022",DEN,16,13,3,14,45.71,55.87,-10.16,7,4,6,9,0,0,1,3,0,0,0,0,0,0,0,0,0,0,0,0,0,0,0,0
203490,Otto Porter Jr.,GSW,202204160GSW,"Apr 16, 2022",DEN,4,6,0,6,26.67,33.33,-6.66,3,4,3,0,0,0,0,0,0,0,0,0,0,0,0,0,0,0,0,0,0,0,0,0
203110,Draymond Green,GSW,202204160GSW,"Apr 16, 2022",DEN,12,7,1,7,70.59,80.65,-10.06,4,6,2,3,0,0,0,0,1,3,0,0,0,0,0,0,0,0,0,0,0,0,0,0
203085,Austin Rivers,DEN,202204160GSW,"Apr 16, 2022",GSW,5,5,1,5,35.71,45.96,-10.25,1,2,3,0,0,0,0,0,1,3,0,0,0,0,0,0,0,0,0,0,0,0,0,0
bjeline01,N. Bjelica,GSW,202204160GSW,"Apr 16, 2022",DEN,8,6,5,8,42.11,48.78,-6.67,3,4,2,0,2,2,0,0,1,2,0,0,0,0,0,0,0,0,0,0,0,0,0,0
1630538,Bones Hyland,DEN,202204160GSW,"Apr 16, 2022",GSW,10,10,0,10,37.04,50.0,-12.96,3,4,7,6,0,0,0,0,0,0,0,0,0,0,0,0,0,0,0,0,0,0,0,0
1627780,Gary Payton II,GSW,202204160GSW,"Apr 16, 2022",DEN,5,3,2,4,62.5,64.43,-1.93,3,4,0,0,0,0,0,0,0,0,0,0,0,0,0,0,0,0,0,0,0,0,1,1
1627854,Bryn Forbes,DEN,202204160GSW,"Apr 16, 2022",GSW,5,4,0,4,50.0,62.5,-12.5,2,2,2,3,0,0,0,0,0,0,0,0,0,0,0,0,0,0,0,0,0,0,0,0
2738,Andre Iguodala,GSW,202204160GSW,"Apr 16, 2022",DEN,0,1,0,1,0.0,0.0,0.0,0,0,1,0,0,0,0,0,0,0,0,0,0,0,0,0,0,0,0,0,0,0,0,0
couside01,D. Cousins,DEN,202204160GSW,"Apr 16, 2022",GSW,7,5,2,6,53.85,59.52,-5.67,4,2,1,3,0,0,0,0,0,0,0,0,0,0,0,0,0,0,0,0,0,0,1,2
1630192,Zeke Nnaji,DEN,202204160GSW,"Apr 16, 2022",GSW,3,1,0,1,100.0,150.0,-50.0,0,0,1,3,0,0,0,0,0,0,0,0,0,0,0,0,0,0,0,0,0,0,0,0
1630228,Jonathan Kuminga,GSW,202204160GSW,"Apr 16, 2022",DEN,1,0,2,1,50.0,56.82,-6.82,0,0,0,0,1,1,0,0,0,0,0,0,0,0,0,0,0,0,0,0,0,0,0,0
1627814,Damion Lee,GSW,202204160GSW,"Apr 16, 2022",DEN,2,2,0,2,50.0,50.0,0.0,2,2,0,0,0,0,0,0,0,0,0,0,0,0,0,0,0,0,0,0,0,0,0,0
1630541,Moses Moody,GSW,202204160GSW,"Apr 16, 2022",DEN,1,1,2,2,20.0,26.6,-6.6,0,0,1,0,1,1,0,0,0,0,0,0,0,0,0,0,0,0,0,0,0,0,0,0
1629308,Juan Toscano-Anderson,GSW,202204160GSW,"Apr 16, 2022",DEN,3,1,0,1,100.0,150.0,-50.0,0,0,1,3,0,0,0,0,0,0,0,0,0,0,0,0,0,0,0,0,0,0,0,0
1630168,Onyeka Okongwu,ATL,202204170MIA,"Apr 17, 2022",MIA,3,3,2,4,37.5,38.66,-1.16,3,2,0,0,1,1,0,0,0,0,0,0,0,0,0,0,0,0,0,0,0,0,0,0
202710,Jimmy Butler III,MIA,202204170MIA,"Apr 17, 2022",ATL,21,15,7,17,53.85,58.08,-4.23,10,10,2,3,2,1,0,0,3,7,0,0,0,0,0,0,0,0,0,0,0,0,0,0
200768,Kyle Lowry,MIA,202204170MIA,"Apr 17, 2022",ATL,10,8,0,8,50.0,62.5,-12.5,4,4,4,6,0,0,0,0,0,0,0,0,0,0,0,0,0,0,0,0,0,0,0,0
201568,Danilo Gallinari,ATL,202204170MIA,"Apr 17, 2022",MIA,17,12,6,15,51.52,58.06,-6.54,9,8,3,3,3,6,0,0,0,0,0,0,0,0,0,0,0,0,0,0,0,0,0,0
1629027,Trae Young,ATL,202204170MIA,"Apr 17, 2022",MIA,8,12,7,15,21.05,26.53,-5.48,4,0,7,0,2,4,0,0,1,2,0,0,0,0,0,0,0,0,0,0,0,0,1,2
200782,P.J. Tucker,MIA,202204170MIA,"Apr 17, 2022",ATL,16,8,0,8,80.0,100.0,-20.0,4,4,4,12,0,0,0,0,0,0,0,0,0,0,0,0,0,0,0,0,0,0,0,0
1628389,Bam Adebayo,MIA,202204170MIA,"Apr 17, 2022",ATL,6,5,4,7,42.86,44.38,-1.52,5,2,0,0,2,4,0,0,0,0,0,0,0,0,0,0,0,0,0,0,0,0,0,0
1628989,Kevin Huerter,MIA,202204170MIA,"Apr 17, 2022",ATL,8,8,0,8,36.36,50.0,-13.64,2,2,6,6,0,0,0,0,0,0,0,0,0,0,0,0,0,0,0,0,0,0,0,0
1629631,De'Andre Hunter,ATL,202204170MIA,"Apr 17, 2022",MIA,14,8,0,8,77.78,87.5,-9.72,6,8,2,6,0,0,0,0,0,0,0,0,0,0,0,0,0,0,0,0,0,0,0,0
1629622,Max Strus,MIA,202204170MIA,"Apr 17, 2022",ATL,9,8,3,9,37.5,48.28,-10.78,3,4,5,3,0,0,1,2,0,0,0,0,0,0,0,0,0,0,0,0,0,0,0,0
203992,Bogdan Bogdanović,ATL,202204170MIA,"Apr 17, 2022",MIA,6,8,6,11,23.08,28.2,-5.12,4,0,4,0,1,2,0,0,0,0,0,0,0,0,0,0,0,0,0,0,0,0,2,4
1628381,John Collins,ATL,202204170MIA,"Apr 17, 2022",MIA,10,6,3,7,58.82,68.31,-9.49,3,4,2,3,0,0,0,0,1,2,0,0,0,0,0,0,0,0,0,0,0,0,1,1
1626153,Delon Wright,ATL,202204170MIA,"Apr 17, 2022",MIA,5,6,0,6,31.25,41.67,-10.42,2,2,4,3,0,0,0,0,0,0,0,0,0,0,0,0,0,0,0,0,0,0,0,0
1629639,Tyler Herro,MIA,202204170MIA,"Apr 17, 2022",ATL,6,11,0,11,23.08,27.27,-4.19,7,6,4,0,0,0,0,0,0,0,0,0,0,0,0,0,0,0,0,0,0,0,0,0
203473,Dewayne Dedmon,MIA,202204170MIA,"Apr 17, 2022",ATL,5,4,1,4,50.0,56.31,-6.31,2,2,1,0,0,0,0,0,1,3,0,0,0,0,0,0,0,0,0,0,0,0,0,0
1629130,Duncan Robinson,MIA,202204170MIA,"Apr 17, 2022",ATL,27,10,1,10,90.0,129.31,-39.31,1,2,8,21,0,0,0,0,0,0,1,4,0,0,0,0,0,0,0,0,0,0,0,0
1629216,Gabe Vincent,MIA,202204170MIA,"Apr 17, 2022",ATL,8,8,0,8,34.78,50.0,-15.22,1,2,7,6,0,0,0,0,0,0,0,0,0,0,0,0,0,0,0,0,0,0,0,0
luwawti01,T. Luwawu-Cabarrot,ATL,202204170MIA,"Apr 17, 2022",MIA,5,4,0,4,45.45,62.5,-17.05,1,2,3,3,0,0,0,0,0,0,0,0,0,0,0,0,0,0,0,0,0,0,0,0
203476,Gorgui Dieng,ATL,202204170MIA,"Apr 17, 2022",MIA,3,1,1,1,100.0,104.17,-4.17,0,0,0,0,0,0,0,0,1,3,0,0,0,0,0,0,0,0,0,0,0,0,0,0
1630552,Jalen Johnson,ATL,202204170MIA,"Apr 17, 2022",MIA,0,1,0,1,0.0,0.0,0.0,0,0,1,0,0,0,0,0,0,0,0,0,0,0,0,0,0,0,0,0,0,0,0,0
1628995,Kevin Knox II,ATL,202204170MIA,"Apr 17, 2022",MIA,10,5,2,6,62.5,85.03,-22.53,1,2,4,6,1,2,0,0,0,0,0,0,0,0,0,0,0,0,0,0,0,0,0,0
1630219,Skylar Mays,ATL,202204170MIA,"Apr 17, 2022",MIA,2,1,0,1,100.0,100.0,0.0,1,2,0,0,0,0,0,0,0,0,0,0,0,0,0,0,0,0,0,0,0,0,0,0
1628997,Caleb Martin,MIA,202204170MIA,"Apr 17, 2022",ATL,2,2,0,2,40.0,50.0,-10.0,1,2,1,0,0,0,0,0,0,0,0,0,0,0,0,0,0,0,0,0,0,0,0,0
1630209,Omer Yurtseven,MIA,202204170MIA,"Apr 17, 2022",ATL,5,3,2,4,55.56,64.43,-8.87,2,4,1,0,1,1,0,0,0,0,0,0,0,0,0,0,0,0,0,0,0,0,0,0
201142,Kevin Durant,BKN,202204170BOS,"Apr 17, 2022",BOS,23,24,5,26,39.66,43.89,-4.23,18,14,5,3,0,0,0,0,1,3,0,0,0,0,0,0,0,0,0,0,0,0,2,3
1628369,Jayson Tatum,BOS,202204170BOS,"Apr 17, 2022",BKN,31,18,12,24,56.36,66.58,-10.22,11,12,7,9,5,9,0,0,0,0,0,0,0,0,0,0,0,0,0,0,0,0,1,1
1628971,Bruce Brown,BOS,202204170BOS,"Apr 17, 2022",BKN,5,3,0,3,71.43,83.33,-11.9,2,2,1,3,0,0,0,0,0,0,0,0,0,0,0,0,0,0,0,0,0,0,0,0
203552,Seth Curry,BKN,202204170BOS,"Apr 17, 2022",BOS,9,7,2,8,45.0,57.11,-12.11,3,4,4,3,0,0,0,0,0,0,0,0,0,0,0,0,0,0,0,0,0,0,1,2
1627759,Jaylen Brown,BOS,202204170BOS,"Apr 17, 2022",BKN,23,19,6,22,47.92,53.14,-5.22,15,16,4,3,1,2,0,0,0,0,0,0,0,0,0,0,0,0,0,0,0,0,2,2
203083,Andre Drummond,BKN,202204170BOS,"Apr 17, 2022",BOS,8,4,2,5,80.0,81.97,-1.97,4,6,0,0,1,2,0,0,0,0,0,0,0,0,0,0,0,0,0,0,0,0,0,0
201143,Al Horford,BOS,202204170BOS,"Apr 17, 2022",BKN,20,13,2,14,66.67,72.05,-5.38,11,12,2,6,0,0,0,0,0,0,0,0,0,0,0,0,0,0,0,0,0,0,1,2
202681,Kyrie Irving,BKN,202204170BOS,"Apr 17, 2022",BOS,39,20,9,24,66.1,81.39,-15.29,10,12,10,18,1,2,1,3,0,0,0,0,0,0,0,0,0,0,0,0,0,0,2,4
1628464,Daniel Theis,BOS,202204170BOS,"Apr 17, 2022",BKN,4,6,2,7,25.0,29.07,-4.07,4,2,2,0,1,2,0,0,0,0,0,0,0,0,0,0,0,0,0,0,0,0,0,0
203935,Marcus Smart,BOS,202204170BOS,"Apr 17, 2022",BKN,20,17,0,17,46.51,58.82,-12.31,8,8,9,12,0,0,0,0,0,0,0,0,0,0,0,0,0,0,0,0,0,0,0,0
1629684,Grant Williams,BOS,202204170BOS,"Apr 17, 2022",BKN,7,7,2,8,35.0,44.42,-9.42,3,6,4,0,0,0,0,0,0,0,0,0,0,0,0,0,0,0,0,0,0,0,1,1
1628401,Derrick White,BOS,202204170BOS,"Apr 17, 2022",BKN,7,8,0,8,35.0,43.75,-8.75,4,4,4,3,0,0,0,0,0,0,0,0,0,0,0,0,0,0,0,0,0,0,0,0
1629651,Nic Claxton,BKN,202204170BOS,"Apr 17, 2022",BOS,13,8,5,10,61.9,63.73,-1.83,7,10,0,0,1,0,0,0,1,2,0,0,0,0,0,0,0,0,0,0,0,0,1,1
201988,Patty Mills,BKN,202204170BOS,"Apr 17, 2022",BOS,3,1,0,1,100.0,150.0,-50.0,0,0,1,3,0,0,0,0,0,0,0,0,0,0,0,0,0,0,0,0,0,0,0,0
201609,Goran Dragic,BKN,202204170BOS,"Apr 17, 2022",BOS,14,11,1,11,53.85,61.19,-7.34,7,8,3,3,0,0,0,0,1,3,0,0,0,0,0,0,0,0,0,0,0,0,0,0
1630202,Payton Pritchard,BOS,202204170BOS,"Apr 17, 2022",BKN,3,1,0,1,100.0,150.0,-50.0,0,0,1,3,0,0,0,0,0,0,0,0,0,0,0,0,0,0,0,0,0,0,0,0
1627936,Alex Caruso,MIL,202204170MIL,"Apr 17, 2022",CHI,7,7,0,7,36.84,50.0,-13.16,2,4,5,3,0,0,0,0,0,0,0,0,0,0,0,0,0,0,0,0,0,0,0,0
201572,Brook Lopez,MIL,202204170MIL,"Apr 17, 2022",CHI,18,14,4,15,48.65,57.11,-8.46,7,8,5,3,1,2,0,0,2,5,0,0,0,0,0,0,0,0,0,0,0,0,0,0
203897,Zach LaVine,CHI,202204170MIL,"Apr 17, 2022",MIL,18,19,4,21,34.62,43.35,-8.73,9,8,10,6,1,2,0,0,0,0,0,0,0,0,0,0,0,0,0,0,0,0,1,2
203507,Giannis Antetokounmpo,MIL,202204170MIL,"Apr 17, 2022",CHI,27,19,11,24,50.94,56.63,-5.69,14,16,4,3,3,3,0,0,1,3,0,0,0,0,0,0,0,0,0,0,0,0,2,2
201942,DeMar DeRozan,CHI,202204170MIL,"Apr 17, 2022",MIL,18,25,6,28,31.03,32.56,-1.53,23,12,2,0,3,6,0,0,0,0,0,0,0,0,0,0,0,0,0,0,0,0,0,0
202696,Nikola Vučević,CHI,202204170MIL,"Apr 17, 2022",MIL,24,27,5,29,34.78,41.1,-6.32,16,12,10,6,2,3,0,0,1,3,0,0,0,0,0,0,0,0,0,0,0,0,0,0
202083,Wesley Matthews,MIL,202204170MIL,"Apr 17, 2022",CHI,6,3,0,3,66.67,100.0,-33.33,0,0,3,6,0,0,0,0,0,0,0,0,0,0,0,0,0,0,0,0,0,0,0,0
203114,Khris Middleton,MIL,202204170MIL,"Apr 17, 2022",CHI,11,13,2,14,31.43,39.63,-8.2,6,6,7,3,0,0,0,0,0,0,0,0,0,0,0,0,0,0,0,0,0,0,1,2
201950,Jrue Holiday,MIL,202204170MIL,"Apr 17, 2022",CHI,15,16,2,17,39.47,44.43,-4.96,12,10,4,3,0,0,0,0,0,0,0,0,0,0,0,0,0,0,0,0,0,0,1,2
1628960,Grayson Allen,MIL,202204170MIL,"Apr 17, 2022",CHI,0,2,0,2,0.0,0.0,0.0,0,0,2,0,0,0,0,0,0,0,0,0,0,0,0,0,0,0,0,0,0,0,0,0
1629750,Javonte Green,CHI,202204170MIL,"Apr 17, 2022",MIL,0,1,0,1,0.0,0.0,0.0,1,0,0,0,0,0,0,0,0,0,0,0,0,0,0,0,0,0,0,0,0,0,0,0
202684,Tristan Thompson,CHI,202204170MIL,"Apr 17, 2022",MIL,2,2,0,2,50.0,50.0,0.0,2,2,0,0,0,0,0,0,0,0,0,0,0,0,0,0,0,0,0,0,0,0,0,0
1629632,Coby White,CHI,202204170MIL,"Apr 17, 2022",MIL,12,10,0,10,46.15,60.0,-13.85,4,6,6,6,0,0,0,0,0,0,0,0,0,0,0,0,0,0,0,0,0,0,0,0
1626171,Bobby Portis,MIL,202204170MIL,"Apr 17, 2022",CHI,10,8,4,10,40.0,51.23,-11.23,3,2,5,6,2,2,0,0,0,0,0,0,0,0,0,0,0,0,0,0,0,0,0,0
1630245,Ayo Dosunmu,CHI,202204170MIL,"Apr 17, 2022",MIL,0,1,0,1,0.0,0.0,0.0,0,0,1,0,0,0,0,0,0,0,0,0,0,0,0,0,0,0,0,0,0,0,0,0
1626192,Pat Connaughton,MIL,202204170MIL,"Apr 17, 2022",CHI,3,7,0,7,15.0,21.43,-6.43,1,0,6,3,0,0,0,0,0,0,0,0,0,0,0,0,0,0,0,0,0,0,0,0
1628975,Jevon Carter,MIL,202204170MIL,"Apr 17, 2022",CHI,3,2,0,2,50.0,75.0,-25.0,0,0,2,3,0,0,0,0,0,0,0,0,0,0,0,0,0,0,0,0,0,0,0,0
1627884,Derrick Jones Jr.,CHI,202204170MIL,"Apr 17, 2022",MIL,0,1,0,1,0.0,0.0,0.0,0,0,1,0,0,0,0,0,0,0,0,0,0,0,0,0,0,0,0,0,0,0,0,0
1630172,Patrick Williams,CHI,202204170MIL,"Apr 17, 2022",MIL,5,3,4,5,41.67,52.52,-10.85,1,2,2,0,2,3,0,0,0,0,0,0,0,0,0,0,0,0,0,0,0,0,0,0
1626164,Devin Booker,PHX,202204170PHO,"Apr 17, 2022",NOP,25,19,6,21,48.08,57.76,-9.68,10,6,8,12,0,0,1,3,1,2,0,0,0,0,0,0,0,0,0,0,0,0,1,2
1627742,Brandon Ingram,NOP,202204170PHO,"Apr 17, 2022",PHX,18,17,5,20,43.9,46.88,-2.98,14,8,2,3,0,0,0,0,1,3,0,0,1,1,0,0,0,0,0,0,1,1,1,2
202685,Jonas Valančiūnas,NOP,202204170PHO,"Apr 17, 2022",PHX,18,21,6,23,36.73,38.07,-1.34,18,10,1,0,1,1,0,0,2,6,0,0,0,0,0,0,0,0,0,0,0,0,1,1
1629028,Deandre Ayton,PHX,202204170PHO,"Apr 17, 2022",NOP,21,15,0,15,67.74,70.0,-2.26,14,18,1,3,0,0,0,0,0,0,0,0,0,0,0,0,0,0,0,0,0,0,0,0
101108,Chris Paul,PHX,202204170PHO,"Apr 17, 2022",NOP,30,16,2,17,75.0,88.86,-13.86,10,16,6,12,1,2,0,0,0,0,0,0,0,0,0,0,0,0,0,0,0,0,0,0
1629637,Jaxson Hayes,NOP,202204170PHO,"Apr 17, 2022",PHX,4,2,5,4,44.44,47.62,-3.18,1,0,0,0,2,1,0,0,1,3,0,0,0,0,0,0,0,0,0,0,0,0,0,0
203468,CJ McCollum,NOP,202204170PHO,"Apr 17, 2022",PHX,25,25,6,28,39.06,45.22,-6.16,17,12,8,9,2,3,0,0,0,0,0,0,0,0,0,0,0,0,0,0,0,0,1,1
1630529,Herbert Jones,NOP,202204170PHO,"Apr 17, 2022",PHX,5,8,0,8,27.78,31.25,-3.47,6,2,2,3,0,0,0,0,0,0,0,0,0,0,0,0,0,0,0,0,0,0,0,0
203109,Jae Crowder,PHX,202204170PHO,"Apr 17, 2022",NOP,1,4,2,5,7.14,10.25,-3.11,0,0,4,0,1,1,0,0,0,0,0,0,0,0,0,0,0,0,0,0,0,0,0,0
1628969,Mikal Bridges,PHX,202204170PHO,"Apr 17, 2022",NOP,11,9,4,11,44.0,51.12,-7.12,6,8,3,0,2,3,0,0,0,0,0,0,0,0,0,0,0,0,0,0,0,0,0,0
1630530,Trey Murphy III,NOP,202204170PHO,"Apr 17, 2022",PHX,6,4,0,4,50.0,75.0,-25.0,0,0,4,6,0,0,0,0,0,0,0,0,0,0,0,0,0,0,0,0,0,0,0,0
1626204,Larry Nance Jr.,NOP,202204170PHO,"Apr 17, 2022",PHX,14,8,4,10,63.64,71.72,-8.08,6,8,2,3,1,2,0,0,0,0,0,0,0,0,0,0,0,0,0,0,0,0,1,1
1629661,Cameron Johnson,PHX,202204170PHO,"Apr 17, 2022",NOP,13,6,3,7,76.47,88.8,-12.33,3,6,2,3,1,1,0,0,1,3,0,0,0,0,0,0,0,0,0,0,0,0,0,0
1626166,Cameron Payne,PHX,202204170PHO,"Apr 17, 2022",NOP,2,6,0,6,13.33,16.67,-3.34,3,2,3,0,0,0,0,0,0,0,0,0,0,0,0,0,0,0,0,0,0,0,0,0
1628984,Devonte' Graham,NOP,202204170PHO,"Apr 17, 2022",PHX,0,2,0,2,0.0,0.0,0.0,0,0,2,0,0,0,0,0,0,0,0,0,0,0,0,0,0,0,0,0,0,0,0,0
1628470,Torrey Craig,PHX,202204170PHO,"Apr 17, 2022",NOP,0,1,0,1,0.0,0.0,0.0,0,0,1,0,0,0,0,0,0,0,0,0,0,0,0,0,0,0,0,0,0,0,0,0
201580,JaVale McGee,PHX,202204170PHO,"Apr 17, 2022",NOP,7,2,4,4,87.5,93.09,-5.59,2,4,0,0,1,1,0,0,0,0,0,0,0,0,0,0,0,0,0,0,0,0,1,2
1630230,Naji Marshall,NOP,202204170PHO,"Apr 17, 2022",PHX,6,4,0,4,75.0,75.0,0.0,4,6,0,0,0,0,0,0,0,0,0,0,0,0,0,0,0,0,0,0,0,0,0,0
1630631,Jose Alvarado,PHX,202204170PHO,"Apr 17, 2022",NOP,3,4,0,4,30.0,37.5,-7.5,2,0,2,3,0,0,0,0,0,0,0,0,0,0,0,0,0,0,0,0,0,0,0,0
1627832,Fred VanVleet,TOR,202204180PHI,"Apr 18, 2022",PHI,20,23,2,24,31.25,41.88,-10.63,7,4,16,15,1,1,0,0,0,0,0,0,0,0,0,0,0,0,0,0,0,0,0,0
202699,Tobias Harris,PHI,202204180PHI,"Apr 18, 2022",TOR,20,11,4,13,68.97,78.37,-9.4,8,8,3,9,1,1,0,0,0,0,0,0,0,0,0,0,0,0,0,0,0,0,1,2
1627783,Pascal Siakam,TOR,202204180PHI,"Apr 18, 2022",PHI,20,20,7,23,41.67,43.33,-1.66,18,12,1,0,3,6,0,0,1,2,0,0,0,0,0,0,0,0,0,0,0,0,0,0
1630173,Precious Achiuwa,TOR,202204180PHI,"Apr 18, 2022",PHI,7,8,1,8,38.89,41.47,-2.58,6,4,1,0,0,0,0,0,1,3,0,0,0,0,0,0,0,0,0,0,0,0,0,0
1628384,OG Anunoby,PHI,202204180PHI,"Apr 18, 2022",TOR,26,14,2,15,70.27,87.37,-17.1,7,12,7,12,1,2,0,0,0,0,0,0,0,0,0,0,0,0,0,0,0,0,0,0
203954,Joel Embiid,PHI,202204180PHI,"Apr 18, 2022",TOR,31,16,14,22,64.58,69.95,-5.37,12,12,2,3,3,5,0,0,2,6,0,0,0,0,0,0,0,0,0,0,0,0,3,5
1629018,Gary Trent Jr.,TOR,202204180PHI,"Apr 18, 2022",PHI,0,3,0,3,0.0,0.0,0.0,2,0,1,0,0,0,0,0,0,0,0,0,0,0,0,0,0,0,0,0,0,0,0,0
201935,James Harden,PHI,202204180PHI,"Apr 18, 2022",TOR,14,9,8,13,46.67,55.91,-9.24,5,4,4,3,2,4,1,3,0,0,0,0,1,0,0,0,0,0,0,0,0,0,0,0
1630178,Tyrese Maxey,PHI,202204180PHI,"Apr 18, 2022",TOR,23,11,4,13,71.88,90.13,-18.25,5,10,6,9,2,4,0,0,0,0,0,0,0,0,0,0,0,0,0,0,0,0,0,0
1628449,Chris Boucher,TOR,202204180PHI,"Apr 18, 2022",PHI,17,13,0,13,58.62,65.38,-6.76,10,14,3,3,0,0,0,0,0,0,0,0,0,0,0,0,0,0,0,0,0,0,0,0
203920,Khem Birch,TOR,202204180PHI,"Apr 18, 2022",PHI,5,3,0,3,71.43,83.33,-11.9,2,2,1,3,0,0,0,0,0,0,0,0,0,0,0,0,0,0,0,0,0,0,0,0
1630201,Malachi Flynn,TOR,202204180PHI,"Apr 18, 2022",PHI,0,4,0,4,0.0,0.0,0.0,2,0,2,0,0,0,0,0,0,0,0,0,0,0,0,0,0,0,0,0,0,0,0,0
201980,Danny Green,PHI,202204180PHI,"Apr 18, 2022",TOR,11,12,0,12,33.33,45.83,-12.5,3,2,9,9,0,0,0,0,0,0,0,0,0,0,0,0,0,0,0,0,0,0,0,0
1629680,Matisse Thybulle,PHI,202204180PHI,"Apr 18, 2022",TOR,5,3,0,3,62.5,83.33,-20.83,1,2,2,3,0,0,0,0,0,0,0,0,0,0,0,0,0,0,0,0,0,0,0,0
1627777,Georges Niang,PHI,202204180PHI,"Apr 18, 2022",TOR,5,3,0,3,62.5,83.33,-20.83,1,2,2,3,0,0,0,0,0,0,0,0,0,0,0,0,0,0,0,0,0,0,0,0
1629003,Shake Milton,PHI,202204180PHI,"Apr 18, 2022",TOR,3,3,0,3,37.5,50.0,-12.5,1,0,2,3,0,0,0,0,0,0,0,0,0,0,0,0,0,0,0,0,0,0,0,0
201152,Thaddeus Young,TOR,202204180PHI,"Apr 18, 2022",PHI,2,1,0,1,100.0,100.0,0.0,1,2,0,0,0,0,0,0,0,0,0,0,0,0,0,0,0,0,0,0,0,0,0,0
1630194,Paul Reed,TOR,202204180PHI,"Apr 18, 2022",PHI,0,1,0,1,0.0,0.0,0.0,1,0,0,0,0,0,0,0,0,0,0,0,0,0,0,0,0,0,0,0,0,0,0,0
203915,Spencer Dinwiddie,DAL,202204180DAL,"Apr 18, 2022",UTA,17,18,4,20,36.96,43.02,-6.06,12,10,6,3,2,4,0,0,0,0,0,0,0,0,0,0,0,0,0,0,0,0,0,0
1628378,Donovan Mitchell,UTA,202204180DAL,"Apr 18, 2022",DAL,34,30,5,32,45.33,52.8,-7.47,19,18,10,9,0,0,0,0,1,3,0,0,0,0,0,0,0,0,0,0,0,0,2,4
1628973,Jalen Brunson,DAL,202204180DAL,"Apr 18, 2022",UTA,41,25,7,29,61.19,73.01,-11.82,15,18,10,18,1,1,0,0,0,0,0,0,1,1,0,0,0,0,0,0,0,0,2,3
203497,Rudy Gobert,UTA,202204180DAL,"Apr 18, 2022",DAL,8,5,6,8,50.0,52.36,-2.36,5,4,0,0,3,4,0,0,0,0,0,0,0,0,0,0,0,0,0,0,0,0,0,0
1626220,Royce O'Neale,UTA,202204180DAL,"Apr 18, 2022",DAL,12,7,0,7,60.0,85.71,-25.71,1,0,6,12,0,0,0,0,0,0,0,0,0,0,0,0,0,0,0,0,0,0,0,0
203939,Dwight Powell,DAL,202204180DAL,"Apr 18, 2022",UTA,2,2,0,2,40.0,50.0,-10.0,1,2,1,0,0,0,0,0,0,0,0,0,0,0,0,0,0,0,0,0,0,0,0,0
201144,Mike Conley,UTA,202204180DAL,"Apr 18, 2022",DAL,0,7,0,7,0.0,0.0,0.0,4,0,3,0,0,0,0,0,0,0,0,0,0,0,0,0,0,0,0,0,0,0,0,0
1627827,Dorian Finney-Smith,DAL,202204180DAL,"Apr 18, 2022",UTA,9,11,0,11,29.03,40.91,-11.88,2,0,9,9,0,0,0,0,0,0,0,0,0,0,0,0,0,0,0,0,0,0,0,0
202711,Bojan Bogdanovic,UTA,202204180DAL,"Apr 18, 2022",DAL,25,15,7,18,60.98,69.14,-8.16,11,16,4,3,1,1,1,3,0,0,0,0,0,0,0,0,0,0,0,0,0,0,1,2
1627863,Danuel House Jr.,UTA,202204180DAL,"Apr 18, 2022",DAL,2,2,0,2,40.0,50.0,-10.0,1,2,1,0,0,0,0,0,0,0,0,0,0,0,0,0,0,0,0,0,0,0,0,0
whiteha01,H. Whiteside,UTA,202204180DAL,"Apr 18, 2022",DAL,2,3,0,3,33.33,33.33,0.0,3,2,0,0,0,0,0,0,0,0,0,0,0,0,0,0,0,0,0,0,0,0,0,0
1628467,Maxi Kleber,DAL,202204180DAL,"Apr 18, 2022",UTA,25,11,2,12,71.43,105.22,-33.79,0,0,11,24,1,1,0,0,0,0,0,0,0,0,0,0,0,0,0,0,0,0,0,0
203903,Jordan Clarkson,UTA,202204180DAL,"Apr 18, 2022",DAL,21,11,2,12,75.0,88.38,-13.38,7,10,4,9,1,2,0,0,0,0,0,0,0,0,0,0,0,0,0,0,0,0,0,0
burketr01,T. Burke,DAL,202204180DAL,"Apr 18, 2022",UTA,3,3,0,3,37.5,50.0,-12.5,1,0,2,3,0,0,0,0,0,0,0,0,0,0,0,0,0,0,0,0,0,0,0,0
1630182,Josh Green,DAL,202204180DAL,"Apr 18, 2022",UTA,2,5,0,5,16.67,20.0,-3.33,3,2,2,0,0,0,0,0,0,0,0,0,0,0,0,0,0,0,0,0,0,0,0,0
1627823,Juancho Hernangomez,UTA,202204180DAL,"Apr 18, 2022",DAL,0,2,0,2,0.0,0.0,0.0,1,0,1,0,0,0,0,0,0,0,0,0,0,0,0,0,0,0,0,0,0,0,0,0
202722,Davis Bertans,DAL,202204180DAL,"Apr 18, 2022",UTA,0,1,0,1,0.0,0.0,0.0,0,0,1,0,0,0,0,0,0,0,0,0,0,0,0,0,0,0,0,0,0,0,0,0
203493,Reggie Bullock Jr.,DAL,202204180DAL,"Apr 18, 2022",UTA,11,7,0,7,57.89,78.57,-20.68,2,2,5,9,0,0,0,0,0,0,0,0,0,0,0,0,0,0,0,0,0,0,0,0
203115,Will Barton,DEN,202204180GSW,"Apr 18, 2022",GSW,12,15,0,15,35.29,40.0,-4.71,11,6,4,6,0,0,0,0,0,0,0,0,0,0,0,0,0,0,0,0,0,0,0,0
202691,Klay Thompson,GSW,202204180GSW,"Apr 18, 2022",DEN,21,19,0,19,45.65,55.26,-9.61,11,12,8,9,0,0,0,0,0,0,0,0,0,0,0,0,0,0,0,0,0,0,0,0
1626172,Kevon Looney,DEN,202204180GSW,"Apr 18, 2022",GSW,0,2,0,2,0.0,0.0,0.0,2,0,0,0,0,0,0,0,0,0,0,0,0,0,0,0,0,0,0,0,0,0,0,0
203999,Nikola Jokić,DEN,202204180GSW,"Apr 18, 2022",GSW,26,20,8,24,50.0,55.27,-5.27,16,18,4,0,4,8,0,0,0,0,0,0,0,0,0,0,0,0,0,0,0,0,0,0
203110,Draymond Green,GSW,202204180GSW,"Apr 18, 2022",DEN,6,5,2,6,40.0,51.02,-11.02,2,2,3,3,1,1,0,0,0,0,0,0,0,0,0,0,0,0,0,0,0,0,0,0
1628420,Monte Morris,DEN,202204180GSW,"Apr 18, 2022",GSW,12,8,1,8,60.0,71.09,-11.09,4,4,3,6,0,0,0,0,1,2,0,0,0,0,0,0,0,0,0,0,0,0,0,0
203952,Andrew Wiggins,GSW,202204180GSW,"Apr 18, 2022",DEN,13,9,3,10,54.17,62.98,-8.81,5,4,3,6,1,1,0,0,1,2,0,0,0,0,0,0,0,0,0,0,0,0,0,0
203932,Aaron Gordon,DEN,202204180GSW,"Apr 18, 2022",GSW,7,9,0,9,31.82,38.89,-7.07,5,4,4,3,0,0,0,0,0,0,0,0,0,0,0,0,0,0,0,0,0,0,0,0
1629673,Jordan Poole,GSW,202204180GSW,"Apr 18, 2022",DEN,29,16,4,17,63.04,81.64,-18.6,6,10,9,12,0,0,1,3,0,0,1,4,0,0,0,0,0,0,0,0,0,0,0,0
1630538,Bones Hyland,DEN,202204180GSW,"Apr 18, 2022",GSW,12,4,6,7,75.0,90.36,-15.36,2,0,2,6,1,2,0,0,0,0,0,0,0,0,0,0,0,0,0,0,0,0,2,4
203490,Otto Porter Jr.,GSW,202204180GSW,"Apr 18, 2022",DEN,3,5,0,5,21.43,30.0,-8.57,1,0,4,3,0,0,0,0,0,0,0,0,0,0,0,0,0,0,0,0,0,0,0,0
201939,Stephen Curry,GSW,202204180GSW,"Apr 18, 2022",DEN,34,17,7,22,66.67,84.66,-17.99,7,14,9,12,0,0,0,0,0,0,1,4,3,2,0,0,0,0,0,0,1,0,1,2
203210,JaMychal Green,DEN,202204180GSW,"Apr 18, 2022",GSW,3,3,0,3,33.33,50.0,-16.67,0,0,3,3,0,0,0,0,0,0,0,0,0,0,0,0,0,0,0,0,0,0,0,0
203085,Austin Rivers,DEN,202204180GSW,"Apr 18, 2022",GSW,7,5,0,5,58.33,70.0,-11.67,3,4,2,3,0,0,0,0,0,0,0,0,0,0,0,0,0,0,0,0,0,0,0,0
bjeline01,N. Bjelica,GSW,202204180GSW,"Apr 18, 2022",DEN,10,6,0,6,76.92,83.33,-6.41,5,10,1,0,0,0,0,0,0,0,0,0,0,0,0,0,0,0,0,0,0,0,0,0
1627780,Gary Payton II,GSW,202204180GSW,"Apr 18, 2022",DEN,3,1,4,3,50.0,54.35,-4.35,1,0,0,0,2,3,0,0,0,0,0,0,0,0,0,0,0,0,0,0,0,0,0,0
1627854,Bryn Forbes,DEN,202204180GSW,"Apr 18, 2022",GSW,10,6,2,7,52.63,72.67,-20.04,1,2,5,6,1,2,0,0,0,0,0,0,0,0,0,0,0,0,0,0,0,0,0,0
couside01,D. Cousins,DEN,202204180GSW,"Apr 18, 2022",GSW,8,5,2,6,61.54,68.03,-6.49,4,4,1,3,1,1,0,0,0,0,0,0,0,0,0,0,0,0,0,0,0,0,0,0
1630267,Facundo Campazzo,DEN,202204180GSW,"Apr 18, 2022",GSW,0,2,0,2,0.0,0.0,0.0,0,0,2,0,0,0,0,0,0,0,0,0,0,0,0,0,0,0,0,0,0,0,0,0
1628427,Vlatko Čančar,DEN,202204180GSW,"Apr 18, 2022",GSW,5,3,0,3,62.5,83.33,-20.83,1,2,2,3,0,0,0,0,0,0,0,0,0,0,0,0,0,0,0,0,0,0,0,0
1627814,Damion Lee,GSW,202204180GSW,"Apr 18, 2022",DEN,4,2,2,3,57.14,69.44,-12.3,1,2,1,0,0,0,0,0,0,0,0,0,0,0,0,0,0,0,0,0,0,0,1,2
1630541,Moses Moody,GSW,202204180GSW,"Apr 18, 2022",DEN,0,1,0,1,0.0,0.0,0.0,1,0,0,0,0,0,0,0,0,0,0,0,0,0,0,0,0,0,0,0,0,0,0,0
1629308,Juan Toscano-Anderson,GSW,202204180GSW,"Apr 18, 2022",DEN,3,1,2,2,75.0,79.79,-4.79,1,2,0,0,0,0,0,0,0,0,0,0,0,0,0,0,0,0,0,0,0,0,1,1
1628389,Bam Adebayo,MIA,202204190MIA,"Apr 19, 2022",ATL,9,6,4,8,56.25,57.99,-1.74,6,6,0,0,2,3,0,0,0,0,0,0,0,0,0,0,0,0,0,0,0,0,0,0
1628381,John Collins,ATL,202204190MIA,"Apr 19, 2022",MIA,13,11,3,12,50.0,52.76,-2.76,9,10,1,0,1,1,0,0,1,2,0,0,0,0,0,0,0,0,0,0,0,0,0,0
1628989,Kevin Huerter,ATL,202204190MIA,"Apr 19, 2022",MIA,9,10,0,10,33.33,45.0,-11.67,3,0,7,9,0,0,0,0,0,0,0,0,0,0,0,0,0,0,0,0,0,0,0,0
202710,Jimmy Butler III,MIA,202204190MIA,"Apr 19, 2022",ATL,45,25,12,30,65.22,74.31,-9.09,16,18,7,12,2,4,1,3,2,6,0,0,1,0,0,0,0,0,0,0,0,0,1,2
200782,P.J. Tucker,ATL,202204190MIA,"Apr 19, 2022",MIA,3,3,0,3,37.5,50.0,-12.5,1,0,2,3,0,0,0,0,0,0,0,0,0,0,0,0,0,0,0,0,0,0,0,0
1629027,Trae Young,ATL,202204190MIA,"Apr 19, 2022",MIA,25,20,4,22,46.3,57.44,-11.14,10,16,10,6,0,0,0,0,0,0,0,0,0,0,0,0,0,0,0,0,0,0,2,3
201568,Danilo Gallinari,ATL,202204190MIA,"Apr 19, 2022",MIA,2,6,2,7,11.11,14.53,-3.42,2,0,4,0,0,0,0,0,0,0,0,0,0,0,0,0,0,0,0,0,0,0,1,2
1629622,Max Strus,MIA,202204190MIA,"Apr 19, 2022",ATL,14,10,1,10,48.28,67.05,-18.77,1,2,8,9,0,0,0,0,1,3,0,0,0,0,0,0,0,0,0,0,0,0,0,0
200768,Kyle Lowry,MIA,202204190MIA,"Apr 19, 2022",ATL,9,8,5,10,33.33,44.12,-10.79,1,0,6,3,0,0,0,0,1,3,0,0,0,0,0,0,0,0,0,0,0,0,2,3
1629631,De'Andre Hunter,ATL,202204190MIA,"Apr 19, 2022",MIA,16,15,3,16,42.11,49.02,-6.91,9,8,5,3,0,0,0,0,1,3,0,0,0,0,0,0,0,0,0,0,0,0,1,2
203992,Bogdan Bogdanović,ATL,202204190MIA,"Apr 19, 2022",MIA,29,18,0,18,63.04,80.56,-17.52,8,14,10,15,0,0,0,0,0,0,0,0,0,0,0,0,0,0,0,0,0,0,0,0
1626153,Delon Wright,ATL,202204190MIA,"Apr 19, 2022",MIA,9,5,2,6,60.0,76.53,-16.53,2,4,3,3,1,2,0,0,0,0,0,0,0,0,0,0,0,0,0,0,0,0,0,0
1629639,Tyler Herro,MIA,202204190MIA,"Apr 19, 2022",ATL,15,11,4,13,50.0,58.78,-8.78,7,8,4,3,0,0,0,0,0,0,0,0,0,0,0,0,0,0,0,0,0,0,2,4
1630168,Onyeka Okongwu,ATL,202204190MIA,"Apr 19, 2022",MIA,2,2,0,2,50.0,50.0,0.0,2,2,0,0,0,0,0,0,0,0,0,0,0,0,0,0,0,0,0,0,0,0,0,0
203473,Dewayne Dedmon,MIA,202204190MIA,"Apr 19, 2022",ATL,6,5,0,5,54.55,60.0,-5.45,4,6,1,0,0,0,0,0,0,0,0,0,0,0,0,0,0,0,0,0,0,0,0,0
1629216,Gabe Vincent,MIA,202204190MIA,"Apr 19, 2022",ATL,11,6,3,7,55.0,75.14,-20.14,1,0,5,9,0,0,1,2,0,0,0,0,0,0,0,0,0,0,0,0,0,0,0,0
1628997,Caleb Martin,MIA,202204190MIA,"Apr 19, 2022",ATL,3,5,0,5,23.08,30.0,-6.92,2,0,3,3,0,0,0,0,0,0,0,0,0,0,0,0,0,0,0,0,0,0,0,0
1626156,D'Angelo Russell,MIN,202204190MEM,"Apr 19, 2022",MEM,11,11,4,13,33.33,43.1,-9.77,4,2,7,6,2,3,0,0,0,0,0,0,0,0,0,0,0,0,0,0,0,0,0,0
1628991,Jaren Jackson Jr.,MEM,202204190MEM,"Apr 19, 2022",MIN,16,12,4,14,45.71,58.14,-12.43,5,2,7,12,1,1,0,0,0,0,0,0,0,0,0,0,0,0,0,0,0,0,1,1
1630162,Anthony Edwards,MIN,202204190MEM,"Apr 19, 2022",MEM,20,16,2,17,45.45,59.24,-13.79,6,6,10,12,1,2,0,0,0,0,0,0,0,0,0,0,0,0,0,0,0,0,0,0
1626157,Karl-Anthony Towns,MEM,202204190MEM,"Apr 19, 2022",MIN,15,7,8,11,65.22,71.29,-6.07,6,8,1,0,2,4,0,0,0,0,0,0,0,0,0,0,0,0,0,0,0,0,2,3
201976,Patrick Beverley,MIN,202204190MEM,"Apr 19, 2022",MEM,6,6,4,8,33.33,38.66,-5.33,4,2,2,0,1,2,0,0,0,0,0,0,0,0,0,0,0,0,0,0,0,0,1,2
1630217,Desmond Bane,MEM,202204190MEM,"Apr 19, 2022",MIN,16,10,5,13,55.17,65.57,-10.4,6,8,4,3,2,4,0,0,0,0,0,0,1,1,0,0,0,0,0,0,0,0,0,0
1629630,Ja Morant,MEM,202204190MEM,"Apr 19, 2022",MIN,23,16,4,18,57.5,64.75,-7.25,12,14,4,6,2,3,0,0,0,0,0,0,0,0,0,0,0,0,0,0,0,0,0,0
1628415,Dillon Brooks,MIN,202204190MEM,"Apr 19, 2022",MEM,9,11,3,13,30.0,36.53,-6.53,6,6,5,0,1,2,0,0,0,0,0,0,1,1,0,0,0,0,0,0,0,0,0,0
1629634,Brandon Clarke,MEM,202204190MEM,"Apr 19, 2022",MIN,13,8,5,10,61.9,63.73,-1.83,7,8,0,0,1,1,0,0,1,3,0,0,0,0,0,0,0,0,0,0,0,0,1,1
1629020,Jarred Vanderbilt,MIN,202204190MEM,"Apr 19, 2022",MEM,1,0,2,1,50.0,56.82,-6.82,0,0,0,0,0,0,0,0,0,0,0,0,0,0,1,1,0,0,0,0,0,0,0,0
1630533,Ziaire Williams,MEM,202204190MEM,"Apr 19, 2022",MIN,13,5,6,7,68.42,85.08,-16.66,1,2,3,3,0,0,1,3,1,3,0,0,0,0,0,0,0,0,0,0,0,0,1,2
1627736,Malik Beasley,MIN,202204190MEM,"Apr 19, 2022",MEM,7,6,0,6,50.0,58.33,-8.33,4,4,2,3,0,0,0,0,0,0,0,0,0,0,0,0,0,0,0,0,0,0,0,0
1630183,Jaden McDaniels,MIN,202204190MEM,"Apr 19, 2022",MEM,2,7,0,7,11.11,14.29,-3.18,3,2,4,0,0,0,0,0,0,0,0,0,0,0,0,0,0,0,0,0,0,0,0,0
203937,Kyle Anderson,MEM,202204190MEM,"Apr 19, 2022",MIN,2,4,0,4,22.22,25.0,-2.78,3,2,1,0,0,0,0,0,0,0,0,0,0,0,0,0,0,0,0,0,0,0,0,0
1629162,Jordan McLaughlin,MIN,202204190MEM,"Apr 19, 2022",MEM,4,2,0,2,100.0,100.0,0.0,2,4,0,0,0,0,0,0,0,0,0,0,0,0,0,0,0,0,0,0,0,0,0,0
1629675,Naz Reid,MIN,202204190MEM,"Apr 19, 2022",MEM,12,4,6,7,70.59,90.36,-19.77,1,0,3,6,2,4,0,0,0,0,0,0,0,0,0,0,0,0,0,0,0,0,1,2
1626145,Tyus Jones,MEM,202204190MEM,"Apr 19, 2022",MIN,10,8,2,9,50.0,56.31,-6.31,6,6,2,3,0,0,0,0,0,0,0,0,0,0,0,0,0,0,0,0,0,0,1,1
1630214,Xavier Tillman,MEM,202204190MEM,"Apr 19, 2022",MIN,13,7,1,7,81.25,87.37,-6.12,5,10,1,0,0,0,0,0,1,3,0,0,0,0,0,0,0,0,0,0,0,0,0,0
1627752,Taurean Prince,MIN,202204190MEM,"Apr 19, 2022",MEM,12,7,2,8,60.0,76.14,-16.14,3,4,4,6,1,2,0,0,0,0,0,0,0,0,0,0,0,0,0,0,0,0,0,0
1629001,De'Anthony Melton,MEM,202204190MEM,"Apr 19, 2022",MIN,7,8,2,9,29.17,39.41,-10.24,2,0,6,6,1,1,0,0,0,0,0,0,0,0,0,0,0,0,0,0,0,0,0,0
1629669,Jaylen Nowell,MIN,202204190MEM,"Apr 19, 2022",MEM,6,10,0,10,24.0,30.0,-6.0,5,6,5,0,0,0,0,0,0,0,0,0,0,0,0,0,0,0,0,0,0,0,0,0
1629633,Jarrett Culver,MEM,202204190MEM,"Apr 19, 2022",MIN,2,2,0,2,50.0,50.0,0.0,2,2,0,0,0,0,0,0,0,0,0,0,0,0,0,0,0,0,0,0,0,0,0,0
1629723,John Konchar,MEM,202204190MEM,"Apr 19, 2022",MIN,0,1,0,1,0.0,0.0,0.0,0,0,1,0,0,0,0,0,0,0,0,0,0,0,0,0,0,0,0,0,0,0,0,0
203109,Jae Crowder,PHX,202204190PHO,"Apr 19, 2022",NOP,5,11,1,11,17.86,21.85,-3.99,5,2,5,0,0,0,0,0,1,3,0,0,0,0,0,0,0,0,0,0,0,0,0,0
203468,CJ McCollum,NOP,202204190PHO,"Apr 19, 2022",PHX,23,18,4,20,46.0,58.2,-12.2,8,2,10,18,1,2,0,0,0,0,0,0,0,0,0,0,0,0,0,0,0,0,1,1
1629637,Jaxson Hayes,NOP,202204190PHO,"Apr 19, 2022",PHX,9,7,2,8,52.94,57.11,-4.17,6,8,1,0,1,1,0,0,0,0,0,0,0,0,0,0,0,0,0,0,0,0,0,0
1627742,Brandon Ingram,NOP,202204190PHO,"Apr 19, 2022",PHX,37,21,8,24,69.81,75.45,-5.64,16,16,3,9,2,4,0,0,2,6,0,0,0,0,0,0,0,0,0,0,0,0,1,2
1626164,Devin Booker,PHX,202204190PHO,"Apr 19, 2022",NOP,31,19,0,19,63.27,81.58,-18.31,8,10,11,21,0,0,0,0,0,0,0,0,0,0,0,0,0,0,0,0,0,0,0,0
202685,Jonas Valančiūnas,NOP,202204190PHO,"Apr 19, 2022",PHX,10,9,2,10,45.45,50.61,-5.16,7,8,2,0,1,2,0,0,0,0,0,0,0,0,0,0,0,0,0,0,0,0,0,0
101108,Chris Paul,PHX,202204190PHO,"Apr 19, 2022",NOP,17,16,5,18,39.53,46.7,-7.17,10,6,6,6,0,0,1,3,0,0,0,0,0,0,0,0,0,0,0,0,0,0,1,2
1628970,Miles Bridges,NOP,202204190PHO,"Apr 19, 2022",PHX,19,11,4,13,65.52,74.45,-8.93,8,10,3,6,2,3,0,0,0,0,0,0,0,0,0,0,0,0,0,0,0,0,0,0
1629028,Deandre Ayton,PHX,202204190PHO,"Apr 19, 2022",NOP,10,6,2,7,71.43,72.67,-1.24,6,8,0,0,1,2,0,0,0,0,0,0,0,0,0,0,0,0,0,0,0,0,0,0
1630530,Trey Murphy III,NOP,202204190PHO,"Apr 19, 2022",PHX,9,7,0,7,47.37,64.29,-16.92,2,0,5,9,0,0,0,0,0,0,0,0,0,0,0,0,0,0,0,0,0,0,0,0
1630529,Herbert Jones,NOP,202204190PHO,"Apr 19, 2022",PHX,14,8,4,10,60.87,71.72,-10.85,5,6,3,6,2,2,0,0,0,0,0,0,0,0,0,0,0,0,0,0,0,0,0,0
1626204,Larry Nance Jr.,NOP,202204190PHO,"Apr 19, 2022",PHX,13,9,0,9,61.9,72.22,-10.32,6,10,3,3,0,0,0,0,0,0,0,0,0,0,0,0,0,0,0,0,0,0,0,0
1629661,Cameron Johnson,PHX,202204190PHO,"Apr 19, 2022",NOP,11,10,4,12,36.67,46.77,-10.1,4,6,6,3,1,1,0,0,0,0,0,0,0,0,0,0,0,0,0,0,0,0,1,1
1626166,Cameron Payne,PHX,202204190PHO,"Apr 19, 2022",NOP,6,6,0,6,42.86,50.0,-7.14,4,6,2,0,0,0,0,0,0,0,0,0,0,0,0,0,0,0,0,0,0,0,0,0
1628984,Devonte' Graham,NOP,202204190PHO,"Apr 19, 2022",PHX,2,2,0,2,40.0,50.0,-10.0,1,2,1,0,0,0,0,0,0,0,0,0,0,0,0,0,0,0,0,0,0,0,0,0
201580,JaVale McGee,PHX,202204190PHO,"Apr 19, 2022",NOP,10,4,2,5,100.0,102.46,-2.46,4,8,0,0,0,0,0,0,0,0,0,0,0,0,0,0,0,0,0,0,0,0,1,2
1630631,Jose Alvarado,PHX,202204190PHO,"Apr 19, 2022",NOP,8,3,0,3,100.0,133.33,-33.33,1,2,2,6,0,0,0,0,0,0,0,0,0,0,0,0,0,0,0,0,0,0,0,0
1629013,Landry Shamet,PHX,202204190PHO,"Apr 19, 2022",NOP,5,3,0,3,62.5,83.33,-20.83,1,2,2,3,0,0,0,0,0,0,0,0,0,0,0,0,0,0,0,0,0,0,0,0
1628971,Bruce Brown,BKN,202204200BOS,"Apr 20, 2022",BOS,23,12,4,14,71.88,83.58,-11.7,8,10,4,9,2,4,0,0,0,0,0,0,0,0,0,0,0,0,0,0,0,0,0,0
1627759,Jaylen Brown,BOS,202204200BOS,"Apr 20, 2022",BKN,22,18,3,19,48.89,56.94,-8.05,11,12,6,6,0,0,0,0,1,3,0,0,0,0,0,0,0,0,0,0,0,0,1,1
203552,Seth Curry,BKN,202204200BOS,"Apr 20, 2022",BOS,16,11,0,11,57.14,72.73,-15.59,5,4,6,12,0,0,0,0,0,0,0,0,0,0,0,0,0,0,0,0,0,0,0,0
203935,Marcus Smart,BOS,202204200BOS,"Apr 20, 2022",BKN,12,9,6,12,40.0,51.55,-11.55,3,4,6,3,2,3,0,0,0,0,0,0,0,0,0,0,0,0,0,0,0,0,1,2
203083,Andre Drummond,BKN,202204200BOS,"Apr 20, 2022",BOS,5,4,3,5,45.45,46.99,-1.54,3,2,0,0,1,1,0,0,1,2,0,0,0,0,0,0,0,0,0,0,0,0,0,0
201143,Al Horford,BKN,202204200BOS,"Apr 20, 2022",BOS,16,10,2,10,57.14,73.53,-16.39,2,2,6,9,0,0,0,0,2,5,0,0,0,0,0,0,0,0,0,0,0,0,0,0
202681,Kyrie Irving,BKN,202204200BOS,"Apr 20, 2022",BOS,10,13,2,14,34.48,36.02,-1.54,12,8,1,0,0,0,0,0,0,0,0,0,0,0,0,0,0,0,0,0,0,0,1,2
201142,Kevin Durant,BKN,202204200BOS,"Apr 20, 2022",BOS,27,17,20,27,48.21,52.33,-4.12,15,6,2,3,4,6,0,0,0,0,0,0,0,0,0,0,0,0,0,0,0,0,6,12
1628464,Daniel Theis,BOS,202204200BOS,"Apr 20, 2022",BKN,15,9,2,10,68.18,75.91,-7.73,7,14,2,0,0,0,0,0,0,0,0,0,0,0,0,0,0,0,0,0,0,0,1,1
1628369,Jayson Tatum,BOS,202204200BOS,"Apr 20, 2022",BKN,19,16,8,20,42.22,48.67,-6.45,11,6,5,6,2,4,0,0,0,0,0,0,0,0,1,2,0,0,0,0,0,0,1,1
1628401,Derrick White,BOS,202204200BOS,"Apr 20, 2022",BKN,3,2,4,4,33.33,39.89,-6.56,1,0,1,0,2,3,0,0,0,0,0,0,0,0,0,0,0,0,0,0,0,0,0,0
1629684,Grant Williams,BOS,202204200BOS,"Apr 20, 2022",BKN,17,4,6,7,100.0,128.01,-28.01,1,2,3,9,2,4,0,0,0,0,0,0,0,0,0,0,0,0,0,0,0,0,1,2
1629651,Nic Claxton,BKN,202204200BOS,"Apr 20, 2022",BOS,3,1,4,3,50.0,54.35,-4.35,1,2,0,0,2,1,0,0,0,0,0,0,0,0,0,0,0,0,0,0,0,0,0,0
201988,Patty Mills,BKN,202204200BOS,"Apr 20, 2022",BOS,5,4,0,4,45.45,62.5,-17.05,1,2,3,3,0,0,0,0,0,0,0,0,0,0,0,0,0,0,0,0,0,0,0,0
1630202,Payton Pritchard,BOS,202204200BOS,"Apr 20, 2022",BKN,10,7,0,7,62.5,71.43,-8.93,5,10,2,0,0,0,0,0,0,0,0,0,0,0,0,0,0,0,0,0,0,0,0,0
201609,Goran Dragic,BKN,202204200BOS,"Apr 20, 2022",BOS,18,14,1,14,52.94,62.33,-9.39,8,12,5,3,0,0,0,0,1,3,0,0,0,0,0,0,0,0,0,0,0,0,0,0
203920,Khem Birch,TOR,202204200TOR,"Apr 20, 2022",PHI,2,4,0,4,22.22,25.0,-2.78,3,2,1,0,0,0,0,0,0,0,0,0,0,0,0,0,0,0,0,0,0,0,0,0
203954,Joel Embiid,PHI,202204200TOR,"Apr 20, 2022",TOR,33,20,9,24,57.89,68.86,-10.97,11,16,8,9,2,2,0,0,1,3,0,0,0,0,0,0,0,0,0,0,0,0,2,3
1627783,Pascal Siakam,TOR,202204200TOR,"Apr 20, 2022",PHI,12,16,0,16,35.29,37.5,-2.21,14,12,2,0,0,0,0,0,0,0,0,0,0,0,0,0,0,0,0,0,0,0,0,0
201935,James Harden,PHI,202204200TOR,"Apr 20, 2022",TOR,19,13,5,15,54.29,62.5,-8.21,8,8,4,6,2,2,0,0,1,3,0,0,0,0,0,0,0,0,0,0,0,0,0,0
1628384,OG Anunoby,TOR,202204200TOR,"Apr 20, 2022",PHI,26,18,9,22,48.15,59.2,-11.05,8,6,9,12,3,3,0,0,1,3,0,0,0,0,0,0,0,0,0,0,0,0,1,2
1630178,Tyrese Maxey,PHI,202204200TOR,"Apr 20, 2022",TOR,19,18,2,20,44.19,50.32,-6.13,13,14,5,3,0,0,0,0,0,0,0,0,2,2,0,0,0,0,0,0,0,0,0,0
1629018,Gary Trent Jr.,TOR,202204200TOR,"Apr 20, 2022",PHI,24,19,3,20,48.0,59.06,-11.06,9,8,9,12,1,2,0,0,1,2,0,0,0,0,0,0,0,0,0,0,0,0,0,0
201980,Danny Green,PHI,202204200TOR,"Apr 20, 2022",TOR,9,8,0,8,39.13,56.25,-17.12,1,0,7,9,0,0,0,0,0,0,0,0,0,0,0,0,0,0,0,0,0,0,0,0
202699,Tobias Harris,PHI,202204200TOR,"Apr 20, 2022",TOR,11,9,2,10,47.83,55.67,-7.84,6,6,3,3,1,2,0,0,0,0,0,0,0,0,0,0,0,0,0,0,0,0,0,0
1627832,Fred VanVleet,TOR,202204200TOR,"Apr 20, 2022",PHI,12,13,4,15,30.0,40.65,-10.65,3,2,10,6,0,0,1,3,0,0,0,0,1,1,0,0,0,0,0,0,0,0,0,0
1630173,Precious Achiuwa,TOR,202204200TOR,"Apr 20, 2022",PHI,20,11,2,12,76.92,84.18,-7.26,9,14,2,6,1,0,0,0,0,0,0,0,0,0,0,0,0,0,0,0,0,0,0,0
1629003,Shake Milton,PHI,202204200TOR,"Apr 20, 2022",TOR,2,0,2,1,100.0,113.64,-13.64,0,0,0,0,0,0,0,0,0,0,0,0,0,0,0,0,0,0,0,0,0,0,1,2
1627777,Georges Niang,PHI,202204200TOR,"Apr 20, 2022",TOR,9,4,0,4,75.0,112.5,-37.5,0,0,4,9,0,0,0,0,0,0,0,0,0,0,0,0,0,0,0,0,0,0,0,0
1628449,Chris Boucher,TOR,202204200TOR,"Apr 20, 2022",PHI,3,3,0,3,37.5,50.0,-12.5,1,0,2,3,0,0,0,0,0,0,0,0,0,0,0,0,0,0,0,0,0,0,0,0
1630201,Malachi Flynn,TOR,202204200TOR,"Apr 20, 2022",PHI,0,1,0,1,0.0,0.0,0.0,1,0,0,0,0,0,0,0,0,0,0,0,0,0,0,0,0,0,0,0,0,0,0,0
1630194,Paul Reed,PHI,202204200TOR,"Apr 20, 2022",TOR,2,2,0,2,50.0,50.0,0.0,2,2,0,0,0,0,0,0,0,0,0,0,0,0,0,0,0,0,0,0,0,0,0,0
201152,Thaddeus Young,TOR,202204200TOR,"Apr 20, 2022",PHI,2,1,0,1,100.0,100.0,0.0,1,2,0,0,0,0,0,0,0,0,0,0,0,0,0,0,0,0,0,0,0,0,0,0
203114,Khris Middleton,MIL,202204200MIL,"Apr 20, 2022",CHI,18,11,1,11,60.0,78.67,-18.67,4,2,6,12,0,0,0,0,0,0,1,4,0,0,0,0,0,0,0,0,0,0,0,0
201942,DeMar DeRozan,CHI,202204200MIL,"Apr 20, 2022",MIL,41,31,9,35,56.16,58.64,-2.48,28,30,2,0,3,6,0,0,1,3,0,0,0,0,0,0,0,0,0,0,0,0,1,2
203507,Giannis Antetokounmpo,MIL,202204200MIL,"Apr 20, 2022",CHI,33,20,18,29,55.0,59.1,-4.1,18,22,2,0,9,11,0,0,0,0,0,0,0,0,0,0,0,0,0,0,0,0,0,0
1630172,Patrick Williams,CHI,202204200MIL,"Apr 20, 2022",MIL,10,9,0,9,50.0,55.56,-5.56,7,10,2,0,0,0,0,0,0,0,0,0,0,0,0,0,0,0,0,0,0,0,0,0
201950,Jrue Holiday,MIL,202204200MIL,"Apr 20, 2022",CHI,15,16,2,17,38.46,44.43,-5.97,11,8,5,6,1,1,0,0,0,0,0,0,0,0,0,0,0,0,0,0,0,0,0,0
203897,Zach LaVine,CHI,202204200MIL,"Apr 20, 2022",MIL,20,13,4,15,58.82,67.75,-8.93,9,8,4,9,1,1,0,0,0,0,0,0,0,0,0,0,0,0,0,0,0,0,1,2
202696,Nikola Vučević,CHI,202204200MIL,"Apr 20, 2022",MIL,24,18,0,18,54.55,66.67,-12.12,10,12,8,12,0,0,0,0,0,0,0,0,0,0,0,0,0,0,0,0,0,0,0,0
202083,Wesley Matthews,MIL,202204200MIL,"Apr 20, 2022",CHI,11,7,2,8,50.0,69.8,-19.8,1,2,6,9,1,0,0,0,0,0,0,0,0,0,0,0,0,0,0,0,0,0,0,0
201572,Brook Lopez,MIL,202204200MIL,"Apr 20, 2022",CHI,25,15,4,16,62.5,74.58,-12.08,7,8,6,9,1,2,0,0,2,6,0,0,0,0,0,0,0,0,0,0,0,0,0,0
202684,Tristan Thompson,CHI,202204200MIL,"Apr 20, 2022",MIL,0,1,0,1,0.0,0.0,0.0,1,0,0,0,0,0,0,0,0,0,0,0,0,0,0,0,0,0,0,0,0,0,0,0
1628960,Grayson Allen,MIL,202204200MIL,"Apr 20, 2022",CHI,3,4,2,5,25.0,30.74,-5.74,2,2,2,0,1,1,0,0,0,0,0,0,0,0,0,0,0,0,0,0,0,0,0,0
1626171,Bobby Portis,MIL,202204200MIL,"Apr 20, 2022",CHI,2,2,2,3,28.57,34.72,-6.15,1,0,1,0,1,2,0,0,0,0,0,0,0,0,0,0,0,0,0,0,0,0,0,0
1627936,Alex Caruso,CHI,202204200MIL,"Apr 20, 2022",MIL,9,8,0,8,39.13,56.25,-17.12,1,0,7,9,0,0,0,0,0,0,0,0,0,0,0,0,0,0,0,0,0,0,0,0
1630245,Ayo Dosunmu,CHI,202204200MIL,"Apr 20, 2022",MIL,0,1,0,1,0.0,0.0,0.0,1,0,0,0,0,0,0,0,0,0,0,0,0,0,0,0,0,0,0,0,0,0,0,0
1627884,Derrick Jones Jr.,CHI,202204200MIL,"Apr 20, 2022",MIL,3,1,0,1,100.0,150.0,-50.0,0,0,1,3,0,0,0,0,0,0,0,0,0,0,0,0,0,0,0,0,0,0,0,0
1629632,Coby White,CHI,202204200MIL,"Apr 20, 2022",MIL,5,5,2,6,38.46,42.52,-4.06,4,0,1,3,1,2,0,0,0,0,0,0,0,0,0,0,0,0,0,0,0,0,0,0
1628975,Jevon Carter,MIL,202204200MIL,"Apr 20, 2022",CHI,0,1,0,1,0.0,0.0,0.0,0,0,1,0,0,0,0,0,0,0,0,0,0,0,0,0,0,0,0,0,0,0,0,0
1629750,Javonte Green,CHI,202204200MIL,"Apr 20, 2022",MIL,2,2,0,2,50.0,50.0,0.0,2,2,0,0,0,0,0,0,0,0,0,0,0,0,0,0,0,0,0,0,0,0,0,0
1626192,Pat Connaughton,MIL,202204200MIL,"Apr 20, 2022",CHI,3,6,0,6,16.67,25.0,-8.33,0,0,6,3,0,0,0,0,0,0,0,0,0,0,0,0,0,0,0,0,0,0,0,0
1630217,Desmond Bane,MEM,202204210MIN,"Apr 21, 2022",MIN,26,19,4,21,45.61,62.62,-17.01,4,2,15,21,1,1,0,0,0,0,0,0,0,0,0,0,0,0,0,0,0,0,1,2
1626156,D'Angelo Russell,MIN,202204210MIN,"Apr 21, 2022",MEM,22,21,0,21,44.0,52.38,-8.38,13,10,8,12,0,0,0,0,0,0,0,0,0,0,0,0,0,0,0,0,0,0,0,0
203937,Kyle Anderson,MIN,202204210MIN,"Apr 21, 2022",MEM,4,3,0,3,66.67,66.67,0.0,3,4,0,0,0,0,0,0,0,0,0,0,0,0,0,0,0,0,0,0,0,0,0,0
1629020,Jarred Vanderbilt,MIN,202204210MIN,"Apr 21, 2022",MEM,10,8,8,12,41.67,43.4,-1.73,8,4,0,0,2,3,0,0,0,0,0,0,0,0,1,1,0,0,0,0,0,0,1,2
1628991,Jaren Jackson Jr.,MEM,202204210MIN,"Apr 21, 2022",MIN,6,6,1,6,35.29,46.58,-11.29,1,0,4,3,0,0,0,0,1,3,0,0,0,0,0,0,0,0,0,0,0,0,0,0
1626157,Karl-Anthony Towns,MIN,202204210MIN,"Apr 21, 2022",MEM,8,4,2,5,72.73,81.97,-9.24,3,6,1,0,1,2,0,0,0,0,0,0,0,0,0,0,0,0,0,0,0,0,0,0
201976,Patrick Beverley,MIN,202204210MIN,"Apr 21, 2022",MEM,14,13,5,15,38.89,46.05,-7.16,7,8,5,0,2,3,0,0,1,3,0,0,0,0,0,0,0,0,0,0,0,0,0,0
1628415,Dillon Brooks,MEM,202204210MIN,"Apr 21, 2022",MIN,11,14,4,15,28.95,34.9,-5.95,6,2,6,3,1,1,0,0,2,5,0,0,0,0,0,0,0,0,0,0,0,0,0,0
1630162,Anthony Edwards,MIN,202204210MIN,"Apr 21, 2022",MEM,19,13,6,16,46.34,60.74,-14.4,4,4,9,12,2,2,0,0,0,0,0,0,0,0,0,0,0,0,0,0,0,0,1,1
1629630,Ja Morant,MIN,202204210MIN,"Apr 21, 2022",MEM,16,18,10,23,32.65,35.71,-3.06,15,8,3,3,4,5,0,0,0,0,0,0,0,0,0,0,0,0,0,0,0,0,1,0
1630214,Xavier Tillman,MEM,202204210MIN,"Apr 21, 2022",MIN,5,2,4,4,62.5,66.49,-3.99,2,4,0,0,2,1,0,0,0,0,0,0,0,0,0,0,0,0,0,0,0,0,0,0
1627736,Malik Beasley,MIN,202204210MIN,"Apr 21, 2022",MEM,11,12,1,12,34.38,44.21,-9.83,4,2,7,6,0,0,0,0,1,3,0,0,0,0,0,0,0,0,0,0,0,0,0,0
1626145,Tyus Jones,MEM,202204210MIN,"Apr 21, 2022",MIN,11,6,0,6,73.33,91.67,-18.34,3,2,3,9,0,0,0,0,0,0,0,0,0,0,0,0,0,0,0,0,0,0,0,0
1630533,Ziaire Williams,MEM,202204210MIN,"Apr 21, 2022",MIN,5,4,0,4,45.45,62.5,-17.05,1,2,3,3,0,0,0,0,0,0,0,0,0,0,0,0,0,0,0,0,0,0,0,0
1629634,Brandon Clarke,MEM,202204210MIN,"Apr 21, 2022",MIN,20,9,8,13,74.07,79.87,-5.8,8,12,1,0,3,6,0,0,0,0,0,0,0,0,0,0,0,0,0,0,0,0,1,2
1630183,Jaden McDaniels,MIN,202204210MIN,"Apr 21, 2022",MEM,8,7,0,7,44.44,57.14,-12.7,3,2,4,6,0,0,0,0,0,0,0,0,0,0,0,0,0,0,0,0,0,0,0,0
1629001,De'Anthony Melton,MEM,202204210MIN,"Apr 21, 2022",MIN,0,2,0,2,0.0,0.0,0.0,0,0,2,0,0,0,0,0,0,0,0,0,0,0,0,0,0,0,0,0,0,0,0,0
1629675,Naz Reid,MEM,202204210MIN,"Apr 21, 2022",MIN,3,5,1,5,25.0,27.57,-2.57,3,0,1,0,0,0,0,0,1,3,0,0,0,0,0,0,0,0,0,0,0,0,0,0
1627752,Taurean Prince,MIN,202204210MIN,"Apr 21, 2022",MEM,0,2,0,2,0.0,0.0,0.0,2,0,0,0,0,0,0,0,0,0,0,0,0,0,0,0,0,0,0,0,0,0,0,0
1628378,Donovan Mitchell,UTA,202204210UTA,"Apr 21, 2022",DAL,32,21,12,27,51.61,60.88,-9.27,12,16,8,3,3,5,0,0,1,3,0,0,1,1,0,0,0,0,0,0,0,0,2,4
1628973,Jalen Brunson,DAL,202204210UTA,"Apr 21, 2022",UTA,31,22,7,24,56.36,61.8,-5.44,15,18,4,0,2,4,0,0,3,9,0,0,0,0,0,0,0,0,0,0,0,0,0,0
202711,Bojan Bogdanovic,UTA,202204210UTA,"Apr 21, 2022",DAL,24,12,4,14,68.57,87.21,-18.64,5,8,7,12,1,2,0,0,0,0,0,0,0,0,0,0,0,0,0,0,0,0,1,2
1627827,Dorian Finney-Smith,UTA,202204210UTA,"Apr 21, 2022",DAL,14,12,0,12,45.16,58.33,-13.17,5,8,7,6,0,0,0,0,0,0,0,0,0,0,0,0,0,0,0,0,0,0,0,0
203939,Dwight Powell,DAL,202204210UTA,"Apr 21, 2022",UTA,0,1,0,1,0.0,0.0,0.0,0,0,1,0,0,0,0,0,0,0,0,0,0,0,0,0,0,0,0,0,0,0,0,0
203915,Spencer Dinwiddie,DAL,202204210UTA,"Apr 21, 2022",UTA,20,21,7,24,35.71,41.53,-5.82,13,6,7,6,2,4,0,0,1,3,0,0,0,0,0,0,0,0,0,0,0,0,1,1
1626220,Royce O'Neale,UTA,202204210UTA,"Apr 21, 2022",DAL,2,0,2,1,100.0,113.64,-13.64,0,0,0,0,0,0,0,0,0,0,0,0,0,0,0,0,0,0,0,0,0,0,1,2
203493,Reggie Bullock Jr.,DAL,202204210UTA,"Apr 21, 2022",UTA,12,6,3,8,57.14,81.97,-24.83,0,0,6,9,0,0,0,0,0,0,0,0,1,1,0,0,0,0,0,0,0,0,1,2
201144,Mike Conley,UTA,202204210UTA,"Apr 21, 2022",DAL,21,14,8,18,48.84,59.93,-11.09,7,8,7,6,1,2,0,0,0,0,0,0,0,0,0,0,0,0,0,0,0,0,3,5
203497,Rudy Gobert,UTA,202204210UTA,"Apr 21, 2022",DAL,15,6,3,7,100.0,102.46,-2.46,5,10,0,0,0,0,0,0,1,3,0,0,0,0,0,0,0,0,0,0,0,0,1,2
203903,Jordan Clarkson,UTA,202204210UTA,"Apr 21, 2022",DAL,14,9,3,10,58.33,67.83,-9.5,6,8,2,0,1,2,0,0,0,0,1,4,0,0,0,0,0,0,0,0,0,0,0,0
whiteha01,H. Whiteside,UTA,202204210UTA,"Apr 21, 2022",DAL,2,1,0,1,100.0,100.0,0.0,1,2,0,0,0,0,0,0,0,0,0,0,0,0,0,0,0,0,0,0,0,0,0,0
1628467,Maxi Kleber,DAL,202204210UTA,"Apr 21, 2022",UTA,17,7,2,8,80.95,107.87,-26.92,2,4,5,12,0,0,0,0,0,0,0,0,0,0,0,0,0,0,0,0,0,0,1,1
1630182,Josh Green,DAL,202204210UTA,"Apr 21, 2022",UTA,12,6,4,8,57.14,77.32,-20.18,1,2,5,9,1,1,0,0,0,0,0,0,0,0,0,0,0,0,0,0,0,0,1,0
1627863,Danuel House Jr.,UTA,202204210UTA,"Apr 21, 2022",DAL,2,1,0,1,100.0,100.0,0.0,1,2,0,0,0,0,0,0,0,0,0,0,0,0,0,0,0,0,0,0,0,0,0,0
1627823,Juancho Hernangomez,UTA,202204210UTA,"Apr 21, 2022",DAL,0,2,0,2,0.0,0.0,0.0,1,0,1,0,0,0,0,0,0,0,0,0,0,0,0,0,0,0,0,0,0,0,0,0
202722,Davis Bertans,DAL,202204210UTA,"Apr 21, 2022",UTA,15,7,3,8,62.5,90.14,-27.64,0,0,6,9,0,0,0,0,0,0,1,4,0,0,0,0,0,0,0,0,0,0,1,2
burketr01,T. Burke,UTA,202204210UTA,"Apr 21, 2022",DAL,3,1,3,2,60.0,64.66,-4.66,1,0,0,0,0,0,0,0,0,0,0,0,0,0,1,3,0,0,0,0,0,0,0,0
pascher01,E. Paschall,UTA,202204210UTA,"Apr 21, 2022",DAL,6,3,1,3,66.67,87.21,-20.54,0,0,2,3,0,0,0,0,1,3,0,0,0,0,0,0,0,0,0,0,0,0,0,0
1628425,Sterling Brown,DAL,202204210UTA,"Apr 21, 2022",UTA,2,0,2,1,100.0,113.64,-13.64,0,0,0,0,0,0,0,0,0,0,0,0,0,0,0,0,0,0,0,0,0,0,1,2
203999,Nikola Jokić,DEN,202204210DEN,"Apr 21, 2022",GSW,37,22,9,26,66.07,71.26,-5.19,18,22,3,6,2,2,0,0,1,3,0,0,0,0,0,0,0,0,0,0,0,0,2,4
1629673,Jordan Poole,GSW,202204210DEN,"Apr 21, 2022",DEN,27,13,9,16,67.5,79.6,-12.1,5,6,5,9,2,3,0,0,3,8,0,0,0,0,0,0,0,0,0,0,0,0,1,1
203932,Aaron Gordon,DEN,202204210DEN,"Apr 21, 2022",GSW,18,13,4,15,58.06,60.98,-2.92,12,12,1,3,2,3,0,0,0,0,0,0,0,0,0,0,0,0,0,0,0,0,0,0
202691,Klay Thompson,GSW,202204210DEN,"Apr 21, 2022",DEN,26,18,0,18,53.06,72.22,-19.16,5,8,13,18,0,0,0,0,0,0,0,0,0,0,0,0,0,0,0,0,0,0,0,0
203210,JaMychal Green,DEN,202204210DEN,"Apr 21, 2022",GSW,4,5,2,6,28.57,34.01,-5.44,3,2,2,0,0,0,0,0,0,0,0,0,0,0,0,0,0,0,0,0,0,0,1,2
203110,Draymond Green,GSW,202204210DEN,"Apr 21, 2022",DEN,6,6,4,8,31.58,38.66,-7.08,3,2,3,3,1,1,0,0,0,0,0,0,0,0,0,0,0,0,0,0,0,0,1,0
203115,Will Barton,DEN,202204210DEN,"Apr 21, 2022",GSW,13,13,0,13,39.39,50.0,-10.61,6,4,7,9,0,0,0,0,0,0,0,0,0,0,0,0,0,0,0,0,0,0,0,0
1628420,Monte Morris,DEN,202204210DEN,"Apr 21, 2022",GSW,10,11,2,12,34.48,42.09,-7.61,6,6,5,3,1,1,0,0,0,0,0,0,0,0,0,0,0,0,0,0,0,0,0,0
203952,Andrew Wiggins,GSW,202204210DEN,"Apr 21, 2022",DEN,9,6,2,7,50.0,65.41,-15.41,2,2,4,6,1,1,0,0,0,0,0,0,0,0,0,0,0,0,0,0,0,0,0,0
201939,Stephen Curry,GSW,202204210DEN,"Apr 21, 2022",DEN,27,17,8,21,52.94,65.79,-12.85,7,10,9,9,1,1,0,0,1,3,0,0,1,1,0,0,0,0,0,0,0,0,2,3
203085,Austin Rivers,DEN,202204210DEN,"Apr 21, 2022",GSW,6,2,0,2,100.0,150.0,-50.0,0,0,2,6,0,0,0,0,0,0,0,0,0,0,0,0,0,0,0,0,0,0,0,0
1627780,Gary Payton II,GSW,202204210DEN,"Apr 21, 2022",DEN,11,4,0,4,100.0,137.5,-37.5,1,2,3,9,0,0,0,0,0,0,0,0,0,0,0,0,0,0,0,0,0,0,0,0
203490,Otto Porter Jr.,GSW,202204210DEN,"Apr 21, 2022",DEN,6,7,0,7,35.29,42.86,-7.57,4,6,3,0,0,0,0,0,0,0,0,0,0,0,0,0,0,0,0,0,0,0,0,0
1627854,Bryn Forbes,DEN,202204210DEN,"Apr 21, 2022",GSW,5,2,3,3,55.56,75.3,-19.74,0,0,2,3,0,0,1,2,0,0,0,0,0,0,0,0,0,0,0,0,0,0,0,0
1630538,Bones Hyland,DEN,202204210DEN,"Apr 21, 2022",GSW,5,6,0,6,33.33,41.67,-8.34,3,2,3,3,0,0,0,0,0,0,0,0,0,0,0,0,0,0,0,0,0,0,0,0
bjeline01,N. Bjelica,GSW,202204210DEN,"Apr 21, 2022",DEN,2,2,2,3,33.33,34.72,-1.39,2,0,0,0,1,2,0,0,0,0,0,0,0,0,0,0,0,0,0,0,0,0,0,0
2738,Andre Iguodala,GSW,202204210DEN,"Apr 21, 2022",DEN,4,1,3,2,80.0,86.21,-6.21,0,0,0,0,0,0,0,0,1,3,0,0,0,0,0,0,0,0,0,0,0,0,1,1
couside01,D. Cousins,DEN,202204210DEN,"Apr 21, 2022",GSW,9,4,3,6,75.0,84.59,-9.59,3,6,1,0,0,0,0,0,0,0,0,0,0,0,0,0,0,0,0,0,0,0,2,3
1628989,Kevin Huerter,MIA,202204220ATL,"Apr 22, 2022",ATL,13,13,2,14,36.11,46.83,-10.72,5,8,8,3,1,2,0,0,0,0,0,0,0,0,0,0,0,0,0,0,0,0,0,0
1629622,Max Strus,MIA,202204220ATL,"Apr 22, 2022",ATL,20,13,3,14,51.28,69.83,-18.55,3,4,10,15,0,0,1,1,0,0,0,0,0,0,0,0,0,0,0,0,0,0,0,0
1628381,John Collins,ATL,202204220ATL,"Apr 22, 2022",MIA,6,6,1,6,42.86,46.58,-3.72,4,0,1,3,0,0,0,0,1,3,0,0,0,0,0,0,0,0,0,0,0,0,0,0
202710,Jimmy Butler III,MIA,202204220ATL,"Apr 22, 2022",ATL,18,20,1,20,39.13,44.03,-4.9,14,12,5,3,0,0,0,0,1,3,0,0,0,0,0,0,0,0,0,0,0,0,0,0
1628389,Bam Adebayo,MIA,202204220ATL,"Apr 22, 2022",ATL,13,9,3,11,61.9,62.98,-1.08,9,10,0,0,1,2,0,0,0,0,0,0,0,0,0,0,0,0,0,0,0,0,1,1
1629631,De'Andre Hunter,ATL,202204220ATL,"Apr 22, 2022",MIA,17,13,2,14,50.0,61.24,-11.24,7,10,6,6,1,1,0,0,0,0,0,0,0,0,0,0,0,0,0,0,0,0,0,0
201568,Danilo Gallinari,ATL,202204220ATL,"Apr 22, 2022",MIA,11,7,2,8,64.71,69.8,-5.09,6,6,1,3,1,2,0,0,0,0,0,0,0,0,0,0,0,0,0,0,0,0,0,0
1629027,Trae Young,ATL,202204220ATL,"Apr 22, 2022",MIA,24,14,12,19,52.17,62.24,-10.07,6,4,6,6,1,2,0,0,2,5,0,0,0,0,0,0,0,0,0,0,0,0,4,7
200782,P.J. Tucker,MIA,202204220ATL,"Apr 22, 2022",ATL,11,6,2,7,64.71,79.94,-15.23,3,6,3,3,0,0,0,0,0,0,0,0,0,0,0,0,0,0,0,0,0,0,1,2
200768,Kyle Lowry,MIA,202204220ATL,"Apr 22, 2022",ATL,6,7,0,7,30.0,42.86,-12.86,1,0,6,6,0,0,0,0,0,0,0,0,0,0,0,0,0,0,0,0,0,0,0,0
1629639,Tyler Herro,MIA,202204220ATL,"Apr 22, 2022",ATL,24,22,0,22,43.64,54.55,-10.91,11,12,11,12,0,0,0,0,0,0,0,0,0,0,0,0,0,0,0,0,0,0,0,0
1629216,Gabe Vincent,MIA,202204220ATL,"Apr 22, 2022",ATL,3,6,1,6,16.67,23.29,-6.62,0,0,5,0,0,0,0,0,1,3,0,0,0,0,0,0,0,0,0,0,0,0,0,0
203992,Bogdan Bogdanović,ATL,202204220ATL,"Apr 22, 2022",MIA,18,17,0,17,41.86,52.94,-11.08,8,6,9,12,0,0,0,0,0,0,0,0,0,0,0,0,0,0,0,0,0,0,0,0
1629130,Duncan Robinson,MIA,202204220ATL,"Apr 22, 2022",ATL,6,4,3,5,40.0,56.39,-16.39,0,0,4,3,0,0,1,3,0,0,0,0,0,0,0,0,0,0,0,0,0,0,0,0
203473,Dewayne Dedmon,MIA,202204220ATL,"Apr 22, 2022",ATL,7,6,2,7,46.67,50.87,-4.2,5,6,1,0,0,0,0,0,0,0,0,0,0,0,0,0,0,0,0,0,0,0,1,1
1626153,Delon Wright,ATL,202204220ATL,"Apr 22, 2022",MIA,13,6,1,6,92.86,100.93,-8.07,4,8,1,3,0,0,0,0,1,2,0,0,0,0,0,0,0,0,0,0,0,0,0,0
1630168,Onyeka Okongwu,ATL,202204220ATL,"Apr 22, 2022",MIA,9,4,1,4,100.0,101.35,-1.35,3,6,0,0,0,0,0,0,1,3,0,0,0,0,0,0,0,0,0,0,0,0,0,0
201950,Jrue Holiday,MIL,202204220CHI,"Apr 22, 2022",CHI,16,14,2,15,45.71,53.76,-8.05,9,12,5,3,1,1,0,0,0,0,0,0,0,0,0,0,0,0,0,0,0,0,0,0
1627936,Alex Caruso,CHI,202204220CHI,"Apr 22, 2022",MIL,9,7,0,7,47.37,64.29,-16.92,2,0,5,9,0,0,0,0,0,0,0,0,0,0,0,0,0,0,0,0,0,0,0,0
201942,DeMar DeRozan,CHI,202204220CHI,"Apr 22, 2022",MIL,11,9,5,11,47.83,49.11,-1.28,8,6,0,0,2,2,0,0,1,3,0,0,0,0,0,0,0,0,0,0,0,0,0,0
1630172,Patrick Williams,CHI,202204220CHI,"Apr 22, 2022",MIL,1,9,2,10,4.17,5.06,-0.89,5,0,4,0,1,1,0,0,0,0,0,0,0,0,0,0,0,0,0,0,0,0,0,0
203507,Giannis Antetokounmpo,MIL,202204220CHI,"Apr 22, 2022",CHI,18,12,5,14,56.25,63.38,-7.13,8,12,3,0,2,4,0,0,1,2,0,0,0,0,0,0,0,0,0,0,0,0,0,0
202696,Nikola Vučević,CHI,202204220CHI,"Apr 22, 2022",MIL,19,17,0,17,44.19,55.88,-11.69,8,10,9,9,0,0,0,0,0,0,0,0,0,0,0,0,0,0,0,0,0,0,0,0
202083,Wesley Matthews,MIL,202204220CHI,"Apr 22, 2022",CHI,3,3,0,3,33.33,50.0,-16.67,0,0,3,3,0,0,0,0,0,0,0,0,0,0,0,0,0,0,0,0,0,0,0,0
203897,Zach LaVine,CHI,202204220CHI,"Apr 22, 2022",MIL,15,13,1,13,48.39,55.8,-7.41,8,6,4,6,0,0,0,0,1,3,0,0,0,0,0,0,0,0,0,0,0,0,0,0
1626171,Bobby Portis,MIL,202204220CHI,"Apr 22, 2022",CHI,18,14,0,14,50.0,64.29,-14.29,6,6,8,12,0,0,0,0,0,0,0,0,0,0,0,0,0,0,0,0,0,0,0,0
201572,Brook Lopez,MIL,202204220CHI,"Apr 22, 2022",CHI,9,9,0,9,45.0,50.0,-5.0,7,6,2,3,0,0,0,0,0,0,0,0,0,0,0,0,0,0,0,0,0,0,0,0
1628960,Grayson Allen,MIL,202204220CHI,"Apr 22, 2022",CHI,22,12,1,12,68.75,88.42,-19.67,4,4,7,15,0,0,0,0,1,3,0,0,0,0,0,0,0,0,0,0,0,0,0,0
1626192,Pat Connaughton,MIL,202204220CHI,"Apr 22, 2022",CHI,11,8,3,9,42.31,59.01,-16.7,1,2,7,6,0,0,1,3,0,0,0,0,0,0,0,0,0,0,0,0,0,0,0,0
1627884,Derrick Jones Jr.,CHI,202204220CHI,"Apr 22, 2022",MIL,2,2,0,2,40.0,50.0,-10.0,1,2,1,0,0,0,0,0,0,0,0,0,0,0,0,0,0,0,0,0,0,0,0,0
202684,Tristan Thompson,CHI,202204220CHI,"Apr 22, 2022",MIL,2,2,0,2,50.0,50.0,0.0,2,2,0,0,0,0,0,0,0,0,0,0,0,0,0,0,0,0,0,0,0,0,0,0
1629632,Coby White,CHI,202204220CHI,"Apr 22, 2022",MIL,6,9,2,10,23.08,30.36,-7.28,3,2,6,3,1,1,0,0,0,0,0,0,0,0,0,0,0,0,0,0,0,0,0,0
1629750,Javonte Green,CHI,202204220CHI,"Apr 22, 2022",MIL,0,1,0,1,0.0,0.0,0.0,0,0,1,0,0,0,0,0,0,0,0,0,0,0,0,0,0,0,0,0,0,0,0,0
1630245,Ayo Dosunmu,CHI,202204220CHI,"Apr 22, 2022",MIL,4,6,0,6,26.67,33.33,-6.66,3,4,3,0,0,0,0,0,0,0,0,0,0,0,0,0,0,0,0,0,0,0,0,0
1628972,Troy Brown Jr.,CHI,202204220CHI,"Apr 22, 2022",MIL,2,4,0,4,22.22,25.0,-2.78,3,2,1,0,0,0,0,0,0,0,0,0,0,0,0,0,0,0,0,0,0,0,0,0
203648,Thanasis Antetokounmpo,MIL,202204220CHI,"Apr 22, 2022",CHI,4,3,1,3,57.14,58.14,-1.0,2,2,0,0,0,0,0,0,1,2,0,0,0,0,0,0,0,0,0,0,0,0,0,0
201586,Serge Ibaka,MIL,202204220CHI,"Apr 22, 2022",CHI,5,7,2,8,29.41,31.73,-2.32,6,4,1,0,1,1,0,0,0,0,0,0,0,0,0,0,0,0,0,0,0,0,0,0
1629670,Jordan Nwora,MIL,202204220CHI,"Apr 22, 2022",CHI,2,6,0,6,14.29,16.67,-2.38,4,2,2,0,0,0,0,0,0,0,0,0,0,0,0,0,0,0,0,0,0,0,0,0
vildolu01,L. Vildoza,MIL,202204220CHI,"Apr 22, 2022",CHI,3,3,0,3,33.33,50.0,-16.67,0,0,3,3,0,0,0,0,0,0,0,0,0,0,0,0,0,0,0,0,0,0,0,0
1628396,Tony Bradley,CHI,202204220CHI,"Apr 22, 2022",MIL,10,5,0,5,100.0,100.0,0.0,5,10,0,0,0,0,0,0,0,0,0,0,0,0,0,0,0,0,0,0,0,0,0,0
1629028,Deandre Ayton,PHX,202204220NOP,"Apr 22, 2022",NOP,28,20,1,20,66.67,68.49,-1.82,18,22,1,3,0,0,0,0,1,3,0,0,0,0,0,0,0,0,0,0,0,0,0,0
1629637,Jaxson Hayes,NOP,202204220NOP,"Apr 22, 2022",PHX,4,1,2,2,100.0,106.38,-6.38,1,2,0,0,1,2,0,0,0,0,0,0,0,0,0,0,0,0,0,0,0,0,0,0
101108,Chris Paul,PHX,202204220NOP,"Apr 22, 2022",NOP,28,18,8,22,56.0,65.06,-9.06,12,18,6,3,1,1,0,0,0,0,0,0,0,0,0,0,0,0,0,0,0,0,3,6
202685,Jonas Valančiūnas,NOP,202204220NOP,"Apr 22, 2022",PHX,6,5,4,7,42.86,44.38,-1.52,5,2,0,0,2,4,0,0,0,0,0,0,0,0,0,0,0,0,0,0,0,0,0,0
1628969,Mikal Bridges,PHX,202204220NOP,"Apr 22, 2022",NOP,17,9,9,13,60.71,65.59,-4.88,7,6,1,0,1,2,0,0,1,3,0,0,0,0,0,0,0,0,0,0,0,0,3,6
1627742,Brandon Ingram,NOP,202204220NOP,"Apr 22, 2022",PHX,34,19,10,24,62.96,72.65,-9.69,13,16,6,9,1,2,1,3,0,0,0,0,1,1,0,0,0,0,0,0,0,0,2,3
203468,CJ McCollum,NOP,202204220NOP,"Apr 22, 2022",PHX,30,23,8,27,46.15,56.56,-10.41,12,14,11,12,3,3,0,0,0,0,0,0,0,0,0,0,0,0,0,0,0,0,1,1
1629661,Cameron Johnson,PHX,202204220NOP,"Apr 22, 2022",NOP,8,7,2,8,38.1,50.76,-12.66,2,2,5,6,0,0,0,0,0,0,0,0,0,0,0,0,0,0,0,0,0,0,1,0
203109,Jae Crowder,PHX,202204220NOP,"Apr 22, 2022",NOP,10,10,2,11,37.04,45.96,-8.92,5,8,5,0,0,0,0,0,0,0,0,0,0,0,1,2,0,0,0,0,0,0,0,0
1630529,Herbert Jones,NOP,202204220NOP,"Apr 22, 2022",PHX,12,7,3,8,66.67,72.12,-5.45,5,8,1,0,1,1,0,0,1,3,0,0,0,0,0,0,0,0,0,0,0,0,0,0
1629013,Landry Shamet,PHX,202204220NOP,"Apr 22, 2022",NOP,5,7,1,7,25.0,33.6,-8.6,1,2,5,0,0,0,0,0,1,3,0,0,0,0,0,0,0,0,0,0,0,0,0,0
1630530,Trey Murphy III,NOP,202204220NOP,"Apr 22, 2022",PHX,0,3,0,3,0.0,0.0,0.0,1,0,2,0,0,0,0,0,0,0,0,0,0,0,0,0,0,0,0,0,0,0,0,0
1628470,Torrey Craig,PHX,202204220NOP,"Apr 22, 2022",NOP,0,3,0,3,0.0,0.0,0.0,2,0,1,0,0,0,0,0,0,0,0,0,0,0,0,0,0,0,0,0,0,0,0,0
1628984,Devonte' Graham,NOP,202204220NOP,"Apr 22, 2022",PHX,12,6,4,8,54.55,77.32,-22.77,0,0,6,9,0,0,0,0,0,0,0,0,0,0,0,0,0,0,0,0,0,0,2,3
1626204,Larry Nance Jr.,NOP,202204220NOP,"Apr 22, 2022",PHX,2,8,0,8,10.0,12.5,-2.5,4,2,4,0,0,0,0,0,0,0,0,0,0,0,0,0,0,0,0,0,0,0,0,0
201580,JaVale McGee,PHX,202204220NOP,"Apr 22, 2022",NOP,15,8,2,9,83.33,84.46,-1.13,8,14,0,0,0,0,0,0,0,0,0,0,0,0,0,0,0,0,0,0,0,0,1,1
1626166,Cameron Payne,PHX,202204220NOP,"Apr 22, 2022",NOP,3,5,2,6,21.43,25.51,-4.08,3,2,2,0,1,1,0,0,0,0,0,0,0,0,0,0,0,0,0,0,0,0,0,0
1630230,Naji Marshall,NOP,202204220NOP,"Apr 22, 2022",PHX,2,1,0,1,100.0,100.0,0.0,1,2,0,0,0,0,0,0,0,0,0,0,0,0,0,0,0,0,0,0,0,0,0,0
1630631,Jose Alvarado,NOP,202204220NOP,"Apr 22, 2022",PHX,9,6,0,6,64.29,75.0,-10.71,4,6,2,3,0,0,0,0,0,0,0,0,0,0,0,0,0,0,0,0,0,0,0,0
1629018,Gary Trent Jr.,TOR,202204230TOR,"Apr 23, 2022",PHI,24,20,5,23,43.64,54.05,-10.41,10,10,10,9,2,4,0,0,0,0,0,0,1,1,0,0,0,0,0,0,0,0,0,0
202699,Tobias Harris,PHI,202204230TOR,"Apr 23, 2022",TOR,15,12,0,12,53.57,62.5,-8.93,8,12,4,3,0,0,0,0,0,0,0,0,0,0,0,0,0,0,0,0,0,0,0,0
1627783,Pascal Siakam,TOR,202204230TOR,"Apr 23, 2022",PHI,34,19,15,26,59.65,66.41,-6.76,14,16,4,3,5,9,1,1,1,3,0,0,0,0,0,0,0,0,0,0,0,0,1,2
201935,James Harden,PHI,202204230TOR,"Apr 23, 2022",TOR,22,17,11,22,41.51,50.37,-8.86,9,6,8,6,3,6,1,2,0,0,0,0,0,0,0,0,0,0,0,0,0,0,1,2
203920,Khem Birch,TOR,202204230TOR,"Apr 23, 2022",PHI,0,1,0,1,0.0,0.0,0.0,1,0,0,0,0,0,0,0,0,0,0,0,0,0,0,0,0,0,0,0,0,0,0,0
1627832,Fred VanVleet,TOR,202204230TOR,"Apr 23, 2022",PHI,5,6,0,6,33.33,41.67,-8.34,3,2,3,3,0,0,0,0,0,0,0,0,0,0,0,0,0,0,0,0,0,0,0,0
201980,Danny Green,PHI,202204230TOR,"Apr 23, 2022",TOR,6,10,0,10,22.22,30.0,-7.78,3,0,7,6,0,0,0,0,0,0,0,0,0,0,0,0,0,0,0,0,0,0,0,0
203954,Joel Embiid,PHI,202204230TOR,"Apr 23, 2022",TOR,21,16,9,20,50.0,52.61,-2.61,14,12,1,0,2,3,0,0,1,3,0,0,0,0,0,0,0,0,0,0,0,0,2,3
1628384,OG Anunoby,TOR,202204230TOR,"Apr 23, 2022",PHI,11,13,5,15,28.95,36.18,-7.23,5,2,7,3,1,2,0,0,1,3,0,0,0,0,0,0,0,0,0,0,0,0,1,1
1630178,Tyrese Maxey,PHI,202204230TOR,"Apr 23, 2022",TOR,11,12,3,14,36.67,41.29,-4.62,9,6,3,3,1,2,0,0,0,0,0,0,1,0,0,0,0,0,0,0,0,0,0,0
1630173,Precious Achiuwa,TOR,202204230TOR,"Apr 23, 2022",PHI,5,6,2,7,31.25,36.34,-5.09,4,4,2,0,1,1,0,0,0,0,0,0,0,0,0,0,0,0,0,0,0,0,0,0
1630567,Scottie Barnes,TOR,202204230TOR,"Apr 23, 2022",PHI,6,6,5,8,28.57,36.59,-8.02,1,0,4,0,0,0,0,0,1,3,0,0,0,0,0,0,0,0,0,0,0,0,2,3
1629003,Shake Milton,PHI,202204230TOR,"Apr 23, 2022",TOR,7,3,2,4,77.78,90.21,-12.43,2,2,1,3,0,0,0,0,0,0,0,0,0,0,0,0,0,0,0,0,0,0,1,2
1627777,Georges Niang,PHI,202204230TOR,"Apr 23, 2022",TOR,9,4,0,4,75.0,112.5,-37.5,0,0,4,9,0,0,0,0,0,0,0,0,0,0,0,0,0,0,0,0,0,0,0,0
201152,Thaddeus Young,TOR,202204230TOR,"Apr 23, 2022",PHI,13,9,2,10,56.52,65.79,-9.27,6,10,3,3,1,0,0,0,0,0,0,0,0,0,0,0,0,0,0,0,0,0,0,0
1630194,Paul Reed,PHI,202204230TOR,"Apr 23, 2022",TOR,8,4,0,4,80.0,100.0,-20.0,2,2,2,6,0,0,0,0,0,0,0,0,0,0,0,0,0,0,0,0,0,0,0,0
1628449,Chris Boucher,TOR,202204230TOR,"Apr 23, 2022",PHI,9,5,0,5,81.82,90.0,-8.18,4,6,1,3,0,0,0,0,0,0,0,0,0,0,0,0,0,0,0,0,0,0,0,0
1630198,Isaiah Joe,PHI,202204230TOR,"Apr 23, 2022",TOR,3,1,0,1,100.0,150.0,-50.0,0,0,1,3,0,0,0,0,0,0,0,0,0,0,0,0,0,0,0,0,0,0,0,0
1630531,Jaden Springer,PHI,202204230TOR,"Apr 23, 2022",TOR,0,1,0,1,0.0,0.0,0.0,1,0,0,0,0,0,0,0,0,0,0,0,0,0,0,0,0,0,0,0,0,0,0,0
1630201,Malachi Flynn,TOR,202204230TOR,"Apr 23, 2022",PHI,0,1,0,1,0.0,0.0,0.0,1,0,0,0,0,0,0,0,0,0,0,0,0,0,0,0,0,0,0,0,0,0,0,0
1630625,Dalano Banton,TOR,202204230TOR,"Apr 23, 2022",PHI,3,1,1,1,100.0,104.17,-4.17,0,0,0,0,0,0,0,0,1,3,0,0,0,0,0,0,0,0,0,0,0,0,0,0
1629139,Yuta Watanabe,TOR,202204230TOR,"Apr 23, 2022",PHI,0,1,0,1,0.0,0.0,0.0,1,0,0,0,0,0,0,0,0,0,0,0,0,0,0,0,0,0,0,0,0,0,0,0
202711,Bojan Bogdanovic,UTA,202204230UTA,"Apr 23, 2022",DAL,12,10,4,12,41.38,51.02,-9.64,5,6,5,3,2,3,0,0,0,0,0,0,0,0,0,0,0,0,0,0,0,0,0,0
1629029,Luka Dončić,DAL,202204230UTA,"Apr 23, 2022",UTA,30,21,4,23,53.57,65.91,-12.34,11,14,10,12,2,4,0,0,0,0,0,0,0,0,0,0,0,0,0,0,0,0,0,0
203939,Dwight Powell,DAL,202204230UTA,"Apr 23, 2022",UTA,11,3,8,7,78.57,84.36,-5.79,3,6,0,0,1,2,0,0,0,0,0,0,0,0,0,0,0,0,0,0,0,0,3,3
203493,Reggie Bullock Jr.,DAL,202204230UTA,"Apr 23, 2022",UTA,11,9,0,9,42.31,61.11,-18.8,1,2,8,9,0,0,0,0,0,0,0,0,0,0,0,0,0,0,0,0,0,0,0,0
1628973,Jalen Brunson,DAL,202204230UTA,"Apr 23, 2022",UTA,23,18,8,21,46.94,53.44,-6.5,11,6,5,6,3,6,0,0,2,5,0,0,0,0,0,0,0,0,0,0,0,0,0,0
201144,Mike Conley,UTA,202204230UTA,"Apr 23, 2022",DAL,6,8,2,9,27.27,33.78,-6.51,4,2,4,3,1,1,0,0,0,0,0,0,0,0,0,0,0,0,0,0,0,0,0,0
1628378,Donovan Mitchell,UTA,202204230UTA,"Apr 23, 2022",DAL,23,21,9,25,37.7,46.07,-8.37,10,8,10,6,2,2,0,0,1,3,0,0,0,0,0,0,0,0,0,0,0,0,2,4
1626220,Royce O'Neale,UTA,202204230UTA,"Apr 23, 2022",DAL,7,8,0,8,31.82,43.75,-11.93,2,4,6,3,0,0,0,0,0,0,0,0,0,0,0,0,0,0,0,0,0,0,0,0
1627827,Dorian Finney-Smith,DAL,202204230UTA,"Apr 23, 2022",UTA,11,7,0,7,55.0,78.57,-23.57,1,2,6,9,0,0,0,0,0,0,0,0,0,0,0,0,0,0,0,0,0,0,0,0
203903,Jordan Clarkson,UTA,202204230UTA,"Apr 23, 2022",DAL,25,16,5,18,59.52,68.68,-9.16,11,12,5,9,1,1,1,3,0,0,0,0,0,0,0,0,0,0,0,0,0,0,0,0
whiteha01,H. Whiteside,UTA,202204230UTA,"Apr 23, 2022",DAL,2,1,2,2,50.0,53.19,-3.19,1,2,0,0,1,0,0,0,0,0,0,0,0,0,0,0,0,0,0,0,0,0,0,0
203915,Spencer Dinwiddie,DAL,202204230UTA,"Apr 23, 2022",UTA,5,9,0,9,21.74,27.78,-6.04,4,2,5,3,0,0,0,0,0,0,0,0,0,0,0,0,0,0,0,0,0,0,0,0
1628467,Maxi Kleber,DAL,202204230UTA,"Apr 23, 2022",UTA,3,4,0,4,25.0,37.5,-12.5,0,0,4,3,0,0,0,0,0,0,0,0,0,0,0,0,0,0,0,0,0,0,0,0
1627863,Danuel House Jr.,UTA,202204230UTA,"Apr 23, 2022",DAL,2,4,2,5,16.67,20.49,-3.82,2,0,2,0,1,2,0,0,0,0,0,0,0,0,0,0,0,0,0,0,0,0,0,0
1630182,Josh Green,DAL,202204230UTA,"Apr 23, 2022",UTA,4,4,2,5,28.57,40.98,-12.41,0,0,4,3,0,0,0,0,0,0,0,0,0,0,0,0,0,0,0,0,0,0,1,1
203497,Rudy Gobert,UTA,202204230UTA,"Apr 23, 2022",DAL,17,8,18,17,50.0,53.39,-3.39,8,8,0,0,6,6,0,0,0,0,0,0,0,0,0,0,0,0,0,0,0,0,3,3
202722,Davis Bertans,DAL,202204230UTA,"Apr 23, 2022",UTA,1,2,1,3,14.29,20.49,-6.2,0,0,2,0,0,0,0,0,0,0,0,0,1,1,0,0,0,0,0,0,0,0,0,0
1627823,Juancho Hernangomez,UTA,202204230UTA,"Apr 23, 2022",DAL,6,3,0,3,66.67,100.0,-33.33,0,0,3,6,0,0,0,0,0,0,0,0,0,0,0,0,0,0,0,0,0,0,0,0
203083,Andre Drummond,BOS,202204230BRK,"Apr 23, 2022",BKN,2,3,0,3,33.33,33.33,0.0,3,2,0,0,0,0,0,0,0,0,0,0,0,0,0,0,0,0,0,0,0,0,0,0
203935,Marcus Smart,BOS,202204230BRK,"Apr 23, 2022",BKN,14,15,0,15,35.0,46.67,-11.67,5,8,10,6,0,0,0,0,0,0,0,0,0,0,0,0,0,0,0,0,0,0,0,0
201142,Kevin Durant,BKN,202204230BRK,"Apr 23, 2022",BOS,16,11,2,12,59.26,67.34,-8.08,8,8,3,6,1,2,0,0,0,0,0,0,0,0,0,0,0,0,0,0,0,0,0,0
202681,Kyrie Irving,BKN,202204230BRK,"Apr 23, 2022",BOS,16,17,4,19,35.56,42.64,-7.08,10,12,7,0,2,4,0,0,0,0,0,0,0,0,0,0,0,0,0,0,0,0,0,0
1628971,Bruce Brown,BKN,202204230BRK,"Apr 23, 2022",BOS,26,19,6,22,50.98,60.07,-9.09,12,16,7,6,3,4,0,0,0,0,0,0,0,0,0,0,0,0,0,0,0,0,0,0
1628369,Jayson Tatum,BOS,202204230BRK,"Apr 23, 2022",BKN,39,29,10,33,48.15,58.38,-10.23,14,14,13,12,2,4,0,0,2,6,0,0,0,0,0,0,0,0,0,0,0,0,2,3
1628464,Daniel Theis,BOS,202204230BRK,"Apr 23, 2022",BKN,9,6,0,6,64.29,75.0,-10.71,4,6,2,3,0,0,0,0,0,0,0,0,0,0,0,0,0,0,0,0,0,0,0,0
203552,Seth Curry,BKN,202204230BRK,"Apr 23, 2022",BOS,10,8,0,8,50.0,62.5,-12.5,4,4,4,6,0,0,0,0,0,0,0,0,0,0,0,0,0,0,0,0,0,0,0,0
1628401,Derrick White,BOS,202204230BRK,"Apr 23, 2022",BKN,2,3,0,3,25.0,33.33,-8.33,1,2,2,0,0,0,0,0,0,0,0,0,0,0,0,0,0,0,0,0,0,0,0,0
1629684,Grant Williams,BOS,202204230BRK,"Apr 23, 2022",BKN,7,7,0,7,41.18,50.0,-8.82,4,4,3,3,0,0,0,0,0,0,0,0,0,0,0,0,0,0,0,0,0,0,0,0
1629651,Nic Claxton,BKN,202204230BRK,"Apr 23, 2022",BOS,13,9,2,10,65.0,65.79,-0.79,9,12,0,0,0,0,0,0,0,0,0,0,0,0,0,0,0,0,0,0,0,0,1,1
1627759,Jaylen Brown,BOS,202204230BRK,"Apr 23, 2022",BKN,23,16,4,18,57.5,64.75,-7.25,12,16,4,3,1,2,0,0,0,0,0,0,0,0,0,0,0,0,0,0,0,0,1,2
201609,Goran Dragic,BKN,202204230BRK,"Apr 23, 2022",BOS,0,1,0,1,0.0,0.0,0.0,1,0,0,0,0,0,0,0,0,0,0,0,0,0,0,0,0,0,0,0,0,0,0,0
201143,Al Horford,BOS,202204230BRK,"Apr 23, 2022",BKN,3,2,0,2,50.0,75.0,-25.0,0,0,2,3,0,0,0,0,0,0,0,0,0,0,0,0,0,0,0,0,0,0,0,0
201988,Patty Mills,BKN,202204230BRK,"Apr 23, 2022",BOS,12,5,0,5,80.0,120.0,-40.0,0,0,5,12,0,0,0,0,0,0,0,0,0,0,0,0,0,0,0,0,0,0,0,0
1629057,Robert Williams III,BOS,202204230BRK,"Apr 23, 2022",BKN,2,1,0,1,100.0,100.0,0.0,1,2,0,0,0,0,0,0,0,0,0,0,0,0,0,0,0,0,0,0,0,0,0,0
1630202,Payton Pritchard,BOS,202204230BRK,"Apr 23, 2022",BKN,10,5,0,5,76.92,100.0,-23.08,2,4,3,6,0,0,0,0,0,0,0,0,0,0,0,0,0,0,0,0,0,0,0,0
201933,Blake Griffin,BKN,202204230BRK,"Apr 23, 2022",BOS,8,4,2,5,61.54,81.97,-20.43,1,0,3,6,1,2,0,0,0,0,0,0,0,0,0,0,0,0,0,0,0,0,0,0
201976,Patrick Beverley,MIN,202204230MIN,"Apr 23, 2022",MEM,17,8,7,11,58.62,76.71,-18.09,2,2,6,12,0,0,1,2,0,0,0,0,0,0,0,0,0,0,0,0,0,0,2,1
1629020,Jarred Vanderbilt,MIN,202204230MIN,"Apr 23, 2022",MEM,12,8,0,8,75.0,75.0,0.0,8,12,0,0,0,0,0,0,0,0,0,0,0,0,0,0,0,0,0,0,0,0,0,0
1626157,Karl-Anthony Towns,MIN,202204230MIN,"Apr 23, 2022",MEM,33,17,17,25,58.93,67.4,-8.47,11,8,5,9,4,6,0,0,1,3,0,0,0,0,0,0,0,0,0,0,0,0,4,7
1628415,Dillon Brooks,MEM,202204230MIN,"Apr 23, 2022",MIN,24,20,2,21,52.17,57.47,-5.3,16,14,4,9,1,1,0,0,0,0,0,0,0,0,0,0,0,0,0,0,0,0,0,0
1630214,Xavier Tillman,MIN,202204230MIN,"Apr 23, 2022",MEM,2,1,0,1,100.0,100.0,0.0,1,2,0,0,0,0,0,0,0,0,0,0,0,0,0,0,0,0,0,0,0,0,0,0
1629630,Ja Morant,MEM,202204230MIN,"Apr 23, 2022",MIN,11,13,3,14,35.48,38.41,-2.93,10,6,2,0,0,0,0,0,1,3,0,0,0,0,1,2,0,0,0,0,0,0,0,0
1630162,Anthony Edwards,MIN,202204230MIN,"Apr 23, 2022",MEM,24,14,6,17,57.14,72.12,-14.98,6,6,8,12,2,4,0,0,0,0,0,0,0,0,0,0,0,0,0,0,0,0,1,2
1629634,Brandon Clarke,MEM,202204230MIN,"Apr 23, 2022",MIN,15,9,4,11,68.18,69.7,-1.52,9,14,0,0,2,1,0,0,0,0,0,0,0,0,0,0,0,0,0,0,0,0,0,0
1630217,Desmond Bane,MEM,202204230MIN,"Apr 23, 2022",MIN,34,18,5,21,64.15,84.16,-20.01,5,4,12,24,0,0,0,0,1,3,0,0,1,1,0,0,0,0,0,0,1,1,1,1
1626156,D'Angelo Russell,MIN,202204230MIN,"Apr 23, 2022",MEM,10,12,4,14,29.41,36.34,-6.93,6,2,6,6,1,2,0,0,0,0,0,0,0,0,0,0,0,0,0,0,0,0,1,0
1628991,Jaren Jackson Jr.,MIN,202204230MIN,"Apr 23, 2022",MEM,7,6,0,6,46.67,58.33,-11.66,3,4,3,3,0,0,0,0,0,0,0,0,0,0,0,0,0,0,0,0,0,0,0,0
203937,Kyle Anderson,MEM,202204230MIN,"Apr 23, 2022",MIN,6,4,2,5,54.55,61.48,-6.93,3,4,1,0,0,0,0,0,0,0,0,0,0,0,0,0,0,0,0,0,0,0,1,2
1630533,Ziaire Williams,MEM,202204230MIN,"Apr 23, 2022",MIN,6,4,4,6,37.5,52.08,-14.58,0,0,4,3,2,3,0,0,0,0,0,0,0,0,0,0,0,0,0,0,0,0,0,0
1630183,Jaden McDaniels,MIN,202204230MIN,"Apr 23, 2022",MEM,4,4,4,6,28.57,34.72,-6.15,2,0,2,0,1,2,0,0,0,0,0,0,0,0,0,0,0,0,0,0,0,0,1,2
1626145,Tyus Jones,MEM,202204230MIN,"Apr 23, 2022",MIN,13,7,5,10,59.09,70.65,-11.56,4,2,3,6,1,2,0,0,0,0,0,0,0,0,0,0,0,0,0,0,1,1,1,2
1629001,De'Anthony Melton,MEM,202204230MIN,"Apr 23, 2022",MIN,0,4,0,4,0.0,0.0,0.0,1,0,3,0,0,0,0,0,0,0,0,0,0,0,0,0,0,0,0,0,0,0,0,0
1629162,Jordan McLaughlin,MIN,202204230MIN,"Apr 23, 2022",MEM,16,6,2,7,88.89,116.28,-27.39,2,2,4,12,1,2,0,0,0,0,0,0,0,0,0,0,0,0,0,0,0,0,0,0
1629675,Naz Reid,MIN,202204230MIN,"Apr 23, 2022",MEM,0,1,0,1,0.0,0.0,0.0,0,0,1,0,0,0,0,0,0,0,0,0,0,0,0,0,0,0,0,0,0,0,0,0
1627752,Taurean Prince,MIN,202204230MIN,"Apr 23, 2022",MEM,3,4,0,4,25.0,37.5,-12.5,0,0,4,3,0,0,0,0,0,0,0,0,0,0,0,0,0,0,0,0,0,0,0,0
201950,Jrue Holiday,MIL,202204240CHI,"Apr 24, 2022",CHI,26,21,2,22,50.0,59.41,-9.41,12,8,8,15,0,0,0,0,1,3,0,0,1,0,0,0,0,0,0,0,0,0,0,0
202696,Nikola Vučević,CHI,202204240CHI,"Apr 24, 2022",MIL,11,14,0,14,32.35,39.29,-6.94,8,8,6,3,0,0,0,0,0,0,0,0,0,0,0,0,0,0,0,0,0,0,0,0
1626171,Bobby Portis,MIL,202204240CHI,"Apr 24, 2022",CHI,14,12,3,13,45.16,52.55,-7.39,8,10,4,3,0,0,1,1,0,0,0,0,0,0,0,0,0,0,0,0,0,0,0,0
201942,DeMar DeRozan,CHI,202204240CHI,"Apr 24, 2022",MIL,23,20,8,24,43.4,48.89,-5.49,15,16,5,0,4,7,0,0,0,0,0,0,0,0,0,0,0,0,0,0,0,0,0,0
203897,Zach LaVine,CHI,202204240CHI,"Apr 24, 2022",MIL,24,18,6,20,50.0,58.14,-8.14,10,8,6,6,1,2,0,0,2,6,0,0,1,2,0,0,0,0,0,0,0,0,0,0
1627936,Alex Caruso,MIL,202204240CHI,"Apr 24, 2022",CHI,0,1,0,1,0.0,0.0,0.0,0,0,1,0,0,0,0,0,0,0,0,0,0,0,0,0,0,0,0,0,0,0,0,0
203507,Giannis Antetokounmpo,MIL,202204240CHI,"Apr 24, 2022",CHI,32,22,12,27,54.24,58.65,-4.41,17,16,3,3,5,7,0,0,2,6,0,0,0,0,0,0,0,0,0,0,0,0,0,0
202083,Wesley Matthews,CHI,202204240CHI,"Apr 24, 2022",MIL,6,6,0,6,35.29,50.0,-14.71,1,0,5,6,0,0,0,0,0,0,0,0,0,0,0,0,0,0,0,0,0,0,0,0
201572,Brook Lopez,MIL,202204240CHI,"Apr 24, 2022",CHI,2,4,0,4,20.0,25.0,-5.0,2,2,2,0,0,0,0,0,0,0,0,0,0,0,0,0,0,0,0,0,0,0,0,0
1630172,Patrick Williams,CHI,202204240CHI,"Apr 24, 2022",MIL,20,13,3,14,57.14,69.83,-12.69,6,6,6,9,1,2,0,0,1,3,0,0,0,0,0,0,0,0,0,0,0,0,0,0
1628975,Jevon Carter,MIL,202204240CHI,"Apr 24, 2022",CHI,3,3,0,3,42.86,50.0,-7.14,2,0,1,3,0,0,0,0,0,0,0,0,0,0,0,0,0,0,0,0,0,0,0,0
1628960,Grayson Allen,MIL,202204240CHI,"Apr 24, 2022",CHI,27,12,1,12,84.38,108.52,-24.14,4,6,7,18,0,0,0,0,1,3,0,0,0,0,0,0,0,0,0,0,0,0,0,0
1629632,Coby White,CHI,202204240CHI,"Apr 24, 2022",MIL,2,5,0,5,15.38,20.0,-4.62,2,2,3,0,0,0,0,0,0,0,0,0,0,0,0,0,0,0,0,0,0,0,0,0
1626192,Pat Connaughton,MIL,202204240CHI,"Apr 24, 2022",CHI,5,4,0,4,45.45,62.5,-17.05,1,2,3,3,0,0,0,0,0,0,0,0,0,0,0,0,0,0,0,0,0,0,0,0
1627884,Derrick Jones Jr.,CHI,202204240CHI,"Apr 24, 2022",MIL,5,5,0,5,38.46,50.0,-11.54,2,2,3,3,0,0,0,0,0,0,0,0,0,0,0,0,0,0,0,0,0,0,0,0
1630245,Ayo Dosunmu,CHI,202204240CHI,"Apr 24, 2022",MIL,8,7,0,7,42.11,57.14,-15.03,2,2,5,6,0,0,0,0,0,0,0,0,0,0,0,0,0,0,0,0,0,0,0,0
1629750,Javonte Green,CHI,202204240CHI,"Apr 24, 2022",MIL,2,5,0,5,20.0,20.0,0.0,5,2,0,0,0,0,0,0,0,0,0,0,0,0,0,0,0,0,0,0,0,0,0,0
201586,Serge Ibaka,MIL,202204240CHI,"Apr 24, 2022",CHI,4,2,0,2,100.0,100.0,0.0,2,4,0,0,0,0,0,0,0,0,0,0,0,0,0,0,0,0,0,0,0,0,0,0
1628972,Troy Brown Jr.,CHI,202204240CHI,"Apr 24, 2022",MIL,0,2,0,2,0.0,0.0,0.0,1,0,1,0,0,0,0,0,0,0,0,0,0,0,0,0,0,0,0,0,0,0,0,0
202691,Klay Thompson,GSW,202204240DEN,"Apr 24, 2022",DEN,32,20,2,21,60.38,76.63,-16.25,9,10,11,21,1,1,0,0,0,0,0,0,0,0,0,0,0,0,0,0,0,0,0,0
1626172,Kevon Looney,GSW,202204240DEN,"Apr 24, 2022",DEN,2,2,0,2,50.0,50.0,0.0,2,2,0,0,0,0,0,0,0,0,0,0,0,0,0,0,0,0,0,0,0,0,0,0
201980,Danny Green,DEN,202204240DEN,"Apr 24, 2022",GSW,13,6,3,7,81.25,88.8,-7.55,4,8,1,0,1,2,0,0,1,3,0,0,0,0,0,0,0,0,0,0,0,0,0,0
203932,Aaron Gordon,DEN,202204240DEN,"Apr 24, 2022",GSW,21,11,13,17,55.26,62.8,-7.54,7,6,3,3,4,6,0,0,1,3,0,0,0,0,0,0,0,0,0,0,0,0,2,3
203999,Nikola Jokić,DEN,202204240DEN,"Apr 24, 2022",GSW,37,21,6,24,69.81,78.26,-8.45,16,22,5,9,3,6,0,0,0,0,0,0,0,0,0,0,0,0,0,0,0,0,0,0
203952,Andrew Wiggins,GSW,202204240DEN,"Apr 24, 2022",DEN,20,16,2,17,54.05,59.24,-5.19,13,16,3,3,0,0,0,0,0,0,0,0,0,0,0,0,0,0,0,0,0,0,1,1
1628420,Monte Morris,DEN,202204240DEN,"Apr 24, 2022",GSW,24,11,5,13,70.59,90.91,-20.32,4,4,7,15,1,2,1,3,0,0,0,0,0,0,0,0,0,0,0,0,0,0,0,0
1629673,Jordan Poole,GSW,202204240DEN,"Apr 24, 2022",DEN,11,10,4,12,37.93,46.77,-8.84,5,4,5,3,0,0,0,0,0,0,0,0,0,0,0,0,0,0,0,0,0,0,2,4
201939,Stephen Curry,GSW,202204240DEN,"Apr 24, 2022",DEN,33,23,14,29,46.48,56.58,-10.1,9,8,10,6,2,2,0,0,3,9,1,4,2,2,0,0,0,0,0,0,0,0,2,2
203115,Will Barton,DEN,202204240DEN,"Apr 24, 2022",GSW,6,7,0,7,31.58,42.86,-11.28,2,0,5,6,0,0,0,0,0,0,0,0,0,0,0,0,0,0,0,0,0,0,0,0
203490,Otto Porter Jr.,GSW,202204240DEN,"Apr 24, 2022",DEN,1,0,2,1,50.0,56.82,-6.82,0,0,0,0,1,1,0,0,0,0,0,0,0,0,0,0,0,0,0,0,0,0,0,0
1627780,Gary Payton II,GSW,202204240DEN,"Apr 24, 2022",DEN,0,1,0,1,0.0,0.0,0.0,0,0,1,0,0,0,0,0,0,0,0,0,0,0,0,0,0,0,0,0,0,0,0,0
1630538,Bones Hyland,DEN,202204240DEN,"Apr 24, 2022",GSW,15,10,4,12,50.0,63.78,-13.78,4,4,6,9,1,1,0,0,0,0,0,0,0,0,0,0,0,0,0,0,0,0,1,1
203085,Austin Rivers,DEN,202204240DEN,"Apr 24, 2022",GSW,3,5,0,5,21.43,30.0,-8.57,1,0,4,3,0,0,0,0,0,0,0,0,0,0,0,0,0,0,0,0,0,0,0,0
1627854,Bryn Forbes,DEN,202204240DEN,"Apr 24, 2022",GSW,0,1,0,1,0.0,0.0,0.0,0,0,1,0,0,0,0,0,0,0,0,0,0,0,0,0,0,0,0,0,0,0,0,0
bjeline01,N. Bjelica,GSW,202204240DEN,"Apr 24, 2022",DEN,0,1,0,1,0.0,0.0,0.0,1,0,0,0,0,0,0,0,0,0,0,0,0,0,0,0,0,0,0,0,0,0,0,0
2738,Andre Iguodala,GSW,202204240DEN,"Apr 24, 2022",DEN,0,3,0,3,0.0,0.0,0.0,2,0,1,0,0,0,0,0,0,0,0,0,0,0,0,0,0,0,0,0,0,0,0,0
203210,JaMychal Green,DEN,202204240DEN,"Apr 24, 2022",GSW,7,3,1,3,100.0,101.74,-1.74,2,4,0,0,0,0,0,0,1,3,0,0,0,0,0,0,0,0,0,0,0,0,0,0
couside01,D. Cousins,DEN,202204240DEN,"Apr 24, 2022",GSW,10,3,6,5,83.33,88.65,-5.32,1,2,0,0,2,4,0,0,2,4,0,0,0,0,0,0,0,0,0,0,0,0,0,0
1630228,Jonathan Kuminga,GSW,202204240DEN,"Apr 24, 2022",DEN,9,4,5,6,64.29,72.58,-8.29,2,4,1,0,1,2,0,0,1,3,0,0,0,0,0,0,0,0,0,0,0,0,1,0
1629216,Gabe Vincent,MIA,202204240ATL,"Apr 24, 2022",ATL,11,9,0,9,45.83,61.11,-15.28,3,2,6,9,0,0,0,0,0,0,0,0,0,0,0,0,0,0,0,0,0,0,0,0
203991,Clint Capela,ATL,202204240ATL,"Apr 24, 2022",MIA,2,4,0,4,25.0,25.0,0.0,4,2,0,0,0,0,0,0,0,0,0,0,0,0,0,0,0,0,0,0,0,0,0,0
1628989,Kevin Huerter,ATL,202204240ATL,"Apr 24, 2022",MIA,4,7,2,8,19.05,25.38,-6.33,2,0,5,3,0,0,0,0,0,0,0,0,0,0,0,0,0,0,0,0,0,0,1,1
1628389,Bam Adebayo,MIA,202204240ATL,"Apr 24, 2022",ATL,14,11,3,12,56.0,56.82,-0.82,10,10,0,0,1,1,0,0,1,3,0,0,0,0,0,0,0,0,0,0,0,0,0,0
200782,P.J. Tucker,MIA,202204240ATL,"Apr 24, 2022",ATL,14,7,2,8,70.0,88.83,-18.83,3,6,4,6,0,0,0,0,0,0,0,0,0,0,0,0,0,0,0,0,0,0,1,2
1629631,De'Andre Hunter,ATL,202204240ATL,"Apr 24, 2022",MIA,24,13,4,15,66.67,81.3,-14.63,7,10,6,12,1,2,0,0,0,0,0,0,0,0,0,0,0,0,0,0,0,0,1,0
1629622,Max Strus,MIA,202204240ATL,"Apr 24, 2022",ATL,12,16,0,16,26.09,37.5,-11.41,2,0,14,12,0,0,0,0,0,0,0,0,0,0,0,0,0,0,0,0,0,0,0,0
202710,Jimmy Butler III,MIA,202204240ATL,"Apr 24, 2022",ATL,36,21,12,26,64.29,68.49,-4.2,17,18,2,3,5,9,0,0,2,6,0,0,0,0,0,0,0,0,0,0,0,0,0,0
1628381,John Collins,ATL,202204240ATL,"Apr 24, 2022",MIA,11,8,2,9,50.0,61.94,-11.94,4,4,4,6,1,1,0,0,0,0,0,0,0,0,0,0,0,0,0,0,0,0,0,0
1629027,Trae Young,ATL,202204240ATL,"Apr 24, 2022",MIA,9,11,1,12,27.27,39.34,-12.07,1,0,10,9,0,0,0,0,0,0,0,0,1,0,0,0,0,0,0,0,0,0,0,0
203473,Dewayne Dedmon,MIA,202204240ATL,"Apr 24, 2022",ATL,3,1,1,1,100.0,104.17,-4.17,0,0,0,0,0,0,0,0,1,3,0,0,0,0,0,0,0,0,0,0,0,0,0,0
1629639,Tyler Herro,MIA,202204240ATL,"Apr 24, 2022",ATL,3,8,2,9,13.04,16.89,-3.85,3,2,5,0,1,1,0,0,0,0,0,0,0,0,0,0,0,0,0,0,0,0,0,0
203992,Bogdan Bogdanović,ATL,202204240ATL,"Apr 24, 2022",MIA,4,6,4,8,21.05,25.77,-4.72,3,2,3,0,1,0,0,0,0,0,0,0,0,0,0,0,0,0,0,0,0,0,1,2
1626153,Delon Wright,ATL,202204240ATL,"Apr 24, 2022",MIA,7,6,4,8,36.84,45.1,-8.26,3,2,3,3,1,1,0,0,0,0,0,0,0,0,0,0,0,0,0,0,0,0,1,1
201568,Danilo Gallinari,ATL,202204240ATL,"Apr 24, 2022",MIA,9,9,1,9,39.13,47.67,-8.54,4,6,4,0,0,0,0,0,1,3,0,0,0,0,0,0,0,0,0,0,0,0,0,0
1630168,Onyeka Okongwu,ATL,202204240ATL,"Apr 24, 2022",MIA,4,2,2,3,66.67,69.44,-2.77,2,2,0,0,1,2,0,0,0,0,0,0,0,0,0,0,0,0,0,0,0,0,0,0
1628997,Caleb Martin,MIA,202204240ATL,"Apr 24, 2022",ATL,3,6,0,6,18.75,25.0,-6.25,2,0,4,3,0,0,0,0,0,0,0,0,0,0,0,0,0,0,0,0,0,0,0,0
1629130,Duncan Robinson,MIA,202204240ATL,"Apr 24, 2022",ATL,3,1,0,1,100.0,150.0,-50.0,0,0,1,3,0,0,0,0,0,0,0,0,0,0,0,0,0,0,0,0,0,0,0,0
203506,Victor Oladipo,MIA,202204240ATL,"Apr 24, 2022",ATL,6,10,0,10,24.0,30.0,-6.0,5,6,5,0,0,0,0,0,0,0,0,0,0,0,0,0,0,0,0,0,0,0,0,0
203476,Gorgui Dieng,ATL,202204240ATL,"Apr 24, 2022",MIA,0,1,0,1,0.0,0.0,0.0,0,0,1,0,0,0,0,0,0,0,0,0,0,0,0,0,0,0,0,0,0,0,0,0
1630552,Jalen Johnson,ATL,202204240ATL,"Apr 24, 2022",MIA,0,2,0,2,0.0,0.0,0.0,2,0,0,0,0,0,0,0,0,0,0,0,0,0,0,0,0,0,0,0,0,0,0,0
1628995,Kevin Knox II,ATL,202204240ATL,"Apr 24, 2022",MIA,12,6,0,6,66.67,100.0,-33.33,0,0,6,12,0,0,0,0,0,0,0,0,0,0,0,0,0,0,0,0,0,0,0,0
1629312,Haywood Highsmith,MIA,202204240ATL,"Apr 24, 2022",ATL,3,1,0,1,100.0,150.0,-50.0,0,0,1,3,0,0,0,0,0,0,0,0,0,0,0,0,0,0,0,0,0,0,0,0
1630209,Omer Yurtseven,MIA,202204240ATL,"Apr 24, 2022",ATL,2,1,1,2,66.67,69.44,-2.77,1,2,0,0,0,0,0,0,0,0,0,0,0,0,0,0,0,0,0,0,1,0,0,0
101108,Chris Paul,PHX,202204240NOP,"Apr 24, 2022",NOP,4,8,0,8,21.05,25.0,-3.95,5,4,3,0,0,0,0,0,0,0,0,0,0,0,0,0,0,0,0,0,0,0,0,0
203468,CJ McCollum,NOP,202204240NOP,"Apr 24, 2022",PHX,18,21,0,21,35.29,42.86,-7.57,12,12,9,6,0,0,0,0,0,0,0,0,0,0,0,0,0,0,0,0,0,0,0,0
203109,Jae Crowder,PHX,202204240NOP,"Apr 24, 2022",NOP,11,7,6,9,47.83,57.05,-9.22,4,4,3,3,0,0,2,4,0,0,0,0,0,0,0,0,0,0,0,0,0,0,0,0
1629028,Deandre Ayton,PHX,202204240NOP,"Apr 24, 2022",NOP,23,14,2,15,76.67,77.28,-0.61,14,22,0,0,1,1,0,0,0,0,0,0,0,0,0,0,0,0,0,0,0,0,0,0
1629637,Jaxson Hayes,NOP,202204240NOP,"Apr 24, 2022",PHX,2,2,0,2,50.0,50.0,0.0,2,2,0,0,0,0,0,0,0,0,0,0,0,0,0,0,0,0,0,0,0,0,0,0
1628969,Mikal Bridges,PHX,202204240NOP,"Apr 24, 2022",NOP,8,11,0,11,33.33,36.36,-3.03,9,8,2,0,0,0,0,0,0,0,0,0,0,0,0,0,0,0,0,0,0,0,0,0
1627742,Brandon Ingram,NOP,202204240NOP,"Apr 24, 2022",PHX,30,23,10,29,49.18,54.74,-5.56,18,20,5,3,2,4,0,0,0,0,0,0,2,0,0,0,0,0,0,0,0,0,2,3
202685,Jonas Valančiūnas,NOP,202204240NOP,"Apr 24, 2022",PHX,26,15,11,20,61.9,65.52,-3.62,13,14,1,3,3,4,0,0,1,2,0,0,1,1,0,0,0,0,0,0,0,0,1,2
1629661,Cameron Johnson,PHX,202204240NOP,"Apr 24, 2022",NOP,13,12,2,13,39.39,50.47,-11.08,5,2,7,9,1,2,0,0,0,0,0,0,0,0,0,0,0,0,0,0,0,0,0,0
1630529,Herbert Jones,PHX,202204240NOP,"Apr 24, 2022",NOP,13,7,8,11,56.52,61.79,-5.27,6,6,1,0,3,6,0,0,0,0,0,0,0,0,1,1,0,0,0,0,0,0,0,0
1626204,Larry Nance Jr.,NOP,202204240NOP,"Apr 24, 2022",PHX,6,3,0,3,100.0,100.0,0.0,3,6,0,0,0,0,0,0,0,0,0,0,0,0,0,0,0,0,0,0,0,0,0,0
1629013,Landry Shamet,PHX,202204240NOP,"Apr 24, 2022",NOP,7,5,0,5,53.85,70.0,-16.15,2,4,3,3,0,0,0,0,0,0,0,0,0,0,0,0,0,0,0,0,0,0,0,0
1630530,Trey Murphy III,NOP,202204240NOP,"Apr 24, 2022",PHX,2,1,3,3,33.33,43.1,-9.77,0,0,1,0,1,1,0,0,0,0,0,0,1,1,0,0,0,0,0,0,0,0,0,0
1626166,Cameron Payne,PHX,202204240NOP,"Apr 24, 2022",NOP,8,10,2,11,29.63,36.76,-7.13,5,6,5,0,1,2,0,0,0,0,0,0,0,0,0,0,0,0,0,0,0,0,0,0
1628470,Torrey Craig,PHX,202204240NOP,"Apr 24, 2022",NOP,6,5,2,6,42.86,51.02,-8.16,3,2,2,3,0,0,0,0,0,0,0,0,0,0,0,0,0,0,0,0,0,0,1,1
201580,JaVale McGee,PHX,202204240NOP,"Apr 24, 2022",NOP,14,7,0,7,100.0,100.0,0.0,7,14,0,0,0,0,0,0,0,0,0,0,0,0,0,0,0,0,0,0,0,0,0,0
1628984,Devonte' Graham,NOP,202204240NOP,"Apr 24, 2022",PHX,8,4,2,5,61.54,81.97,-20.43,1,0,3,6,0,0,0,0,0,0,0,0,0,0,0,0,0,0,0,0,0,0,1,2
1630230,Naji Marshall,NOP,202204240NOP,"Apr 24, 2022",PHX,6,1,4,3,100.0,108.7,-8.7,1,2,0,0,2,4,0,0,0,0,0,0,0,0,0,0,0,0,0,0,0,0,0,0
1630631,Jose Alvarado,NOP,202204240NOP,"Apr 24, 2022",PHX,5,4,4,6,33.33,43.4,-10.07,1,2,3,0,2,3,0,0,0,0,0,0,0,0,0,0,0,0,0,0,0,0,0,0
1628988,Aaron Holiday,PHX,202204240NOP,"Apr 24, 2022",NOP,7,3,1,3,87.5,101.74,-14.24,1,2,1,3,0,0,0,0,1,2,0,0,0,0,0,0,0,0,0,0,0,0,0,0
203901,Elfrid Payton,PHX,202204240NOP,"Apr 24, 2022",NOP,2,1,0,1,100.0,100.0,0.0,1,2,0,0,0,0,0,0,0,0,0,0,0,0,0,0,0,0,0,0,0,0,0,0
1630688,Ish Wainright,PHX,202204240NOP,"Apr 24, 2022",NOP,0,2,0,2,0.0,0.0,0.0,1,0,1,0,0,0,0,0,0,0,0,0,0,0,0,0,0,0,0,0,0,0,0,0
1626195,Willy Hernangomez,NOP,202204240NOP,"Apr 24, 2022",PHX,2,4,0,4,22.22,25.0,-2.78,3,2,1,0,0,0,0,0,0,0,0,0,0,0,0,0,0,0,0,0,0,0,0,0
1628971,Bruce Brown,BKN,202204250BRK,"Apr 25, 2022",BOS,2,3,0,3,25.0,33.33,-8.33,1,2,2,0,0,0,0,0,0,0,0,0,0,0,0,0,0,0,0,0,0,0,0,0
1628464,Daniel Theis,BOS,202204250BRK,"Apr 25, 2022",BKN,6,4,2,5,54.55,61.48,-6.93,3,4,1,0,0,0,0,0,0,0,0,0,0,0,0,0,0,0,0,0,0,0,1,2
201939,Stephen Curry,BOS,202204250BRK,"Apr 25, 2022",BKN,23,13,1,13,63.89,85.57,-21.68,4,8,8,12,0,0,0,0,0,0,1,3,0,0,0,0,0,0,0,0,0,0,0,0
1627759,Jaylen Brown,BOS,202204250BRK,"Apr 25, 2022",BKN,22,20,5,22,44.0,49.55,-5.55,14,16,5,0,1,1,0,0,1,3,0,0,0,0,0,0,0,0,0,0,0,0,1,2
202681,Kyrie Irving,BKN,202204250BRK,"Apr 25, 2022",BOS,20,13,6,16,57.14,63.94,-6.8,10,8,3,6,2,4,0,0,0,0,0,0,0,0,0,0,0,0,0,0,0,0,1,2
201143,Al Horford,BOS,202204250BRK,"Apr 25, 2022",BKN,13,9,0,9,56.52,72.22,-15.7,4,4,5,9,0,0,0,0,0,0,0,0,0,0,0,0,0,0,0,0,0,0,0,0
1628369,Jayson Tatum,BKN,202204250BRK,"Apr 25, 2022",BOS,29,16,8,20,63.04,74.28,-11.24,10,10,6,12,3,5,0,0,0,0,0,0,0,0,0,0,0,0,0,0,0,0,1,2
201142,Kevin Durant,BKN,202204250BRK,"Apr 25, 2022",BOS,39,31,11,36,46.43,54.41,-7.98,20,20,11,9,3,6,1,3,0,0,0,0,0,0,0,0,0,0,0,0,0,0,1,1
1629651,Nic Claxton,BKN,202204250BRK,"Apr 25, 2022",BOS,13,6,11,11,56.52,59.96,-3.44,5,10,0,0,4,0,0,0,1,2,0,0,0,0,0,0,0,0,0,0,0,0,1,1
201988,Patty Mills,BKN,202204250BRK,"Apr 25, 2022",BOS,5,6,0,6,31.25,41.67,-10.42,2,2,4,3,0,0,0,0,0,0,0,0,0,0,0,0,0,0,0,0,0,0,0,0
203935,Marcus Smart,BOS,202204250BRK,"Apr 25, 2022",BKN,20,16,4,18,46.51,56.31,-9.8,9,8,7,9,0,0,0,0,0,0,0,0,0,0,0,0,0,0,0,0,0,0,2,3
201609,Goran Dragic,BKN,202204250BRK,"Apr 25, 2022",BOS,10,6,0,6,62.5,83.33,-20.83,2,4,4,6,0,0,0,0,0,0,0,0,0,0,0,0,0,0,0,0,0,0,0,0
1629684,Grant Williams,BOS,202204250BRK,"Apr 25, 2022",BKN,14,8,0,8,63.64,87.5,-23.86,2,2,6,12,0,0,0,0,0,0,0,0,0,0,0,0,0,0,0,0,0,0,0,0
1628401,Derrick White,BOS,202204250BRK,"Apr 25, 2022",BKN,9,10,1,10,36.0,43.1,-7.1,5,6,4,0,0,0,0,0,1,3,0,0,0,0,0,0,0,0,0,0,0,0,0,0
1629057,Robert Williams III,BOS,202204250BRK,"Apr 25, 2022",BKN,3,4,2,5,30.0,30.74,-0.74,4,2,0,0,1,1,0,0,0,0,0,0,0,0,0,0,0,0,0,0,0,0,0,0
1630202,Payton Pritchard,BOS,202204250BRK,"Apr 25, 2022",BKN,0,2,0,2,0.0,0.0,0.0,1,0,1,0,0,0,0,0,0,0,0,0,0,0,0,0,0,0,0,0,0,0,0,0
201933,Blake Griffin,BKN,202204250BRK,"Apr 25, 2022",BOS,0,3,0,3,0.0,0.0,0.0,1,0,2,0,0,0,0,0,0,0,0,0,0,0,0,0,0,0,0,0,0,0,0,0
201935,James Harden,PHI,202204250PHI,"Apr 25, 2022",TOR,15,11,6,14,44.12,54.99,-10.87,5,4,6,6,3,5,0,0,0,0,0,0,0,0,0,0,0,0,0,0,0,0,0,0
1628384,OG Anunoby,TOR,202204250PHI,"Apr 25, 2022",PHI,16,15,0,15,41.03,53.33,-12.3,6,10,9,6,0,0,0,0,0,0,0,0,0,0,0,0,0,0,0,0,0,0,0,0
202699,Tobias Harris,PHI,202204250PHI,"Apr 25, 2022",TOR,16,16,2,17,39.02,47.39,-8.37,9,8,7,6,1,2,0,0,0,0,0,0,0,0,0,0,0,0,0,0,0,0,0,0
1629018,Gary Trent Jr.,TOR,202204250PHI,"Apr 25, 2022",PHI,16,14,4,16,42.11,50.76,-8.65,8,6,6,6,2,4,0,0,0,0,0,0,0,0,0,0,0,0,0,0,0,0,0,0
1627783,Pascal Siakam,TOR,202204250PHI,"Apr 25, 2022",PHI,23,17,2,18,57.5,64.32,-6.82,13,16,4,6,1,1,0,0,0,0,0,0,0,0,0,0,0,0,0,0,0,0,0,0
1630567,Scottie Barnes,PHI,202204250PHI,"Apr 25, 2022",TOR,12,10,2,11,52.17,55.15,-2.98,9,10,1,0,1,2,0,0,0,0,0,0,0,0,0,0,0,0,0,0,0,0,0,0
203954,Joel Embiid,PHI,202204250PHI,"Apr 25, 2022",TOR,20,15,6,17,50.0,56.69,-6.69,9,10,4,0,2,4,0,0,2,6,0,0,0,0,0,0,0,0,0,0,0,0,0,0
203920,Khem Birch,TOR,202204250PHI,"Apr 25, 2022",PHI,7,6,0,6,50.0,58.33,-8.33,4,4,2,3,0,0,0,0,0,0,0,0,0,0,0,0,0,0,0,0,0,0,0,0
1630178,Tyrese Maxey,PHI,202204250PHI,"Apr 25, 2022",TOR,12,14,2,15,36.36,40.32,-3.96,11,10,3,0,0,0,0,0,0,0,0,0,0,0,0,0,0,0,0,0,0,0,1,2
1629680,Matisse Thybulle,PHI,202204250PHI,"Apr 25, 2022",TOR,2,6,2,7,11.76,14.53,-2.77,3,2,3,0,1,0,0,0,0,0,0,0,0,0,0,0,0,0,0,0,0,0,0,0
1630173,Precious Achiuwa,TOR,202204250PHI,"Apr 25, 2022",PHI,17,11,2,12,58.62,71.55,-12.93,6,12,5,3,1,2,0,0,0,0,0,0,0,0,0,0,0,0,0,0,0,0,0,0
1629003,Shake Milton,PHI,202204250PHI,"Apr 25, 2022",TOR,0,1,0,1,0.0,0.0,0.0,0,0,1,0,0,0,0,0,0,0,0,0,0,0,0,0,0,0,0,0,0,0,0,0
1628449,Chris Boucher,TOR,202204250PHI,"Apr 25, 2022",PHI,6,5,0,5,50.0,60.0,-10.0,3,6,2,0,0,0,0,0,0,0,0,0,0,0,0,0,0,0,0,0,0,0,0,0
201152,Thaddeus Young,TOR,202204250PHI,"Apr 25, 2022",PHI,3,2,2,3,42.86,52.08,-9.22,1,2,1,0,1,1,0,0,0,0,0,0,0,0,0,0,0,0,0,0,0,0,0,0
1627777,Georges Niang,PHI,202204250PHI,"Apr 25, 2022",TOR,3,2,0,2,50.0,75.0,-25.0,0,0,2,3,0,0,0,0,0,0,0,0,0,0,0,0,0,0,0,0,0,0,0,0
1630194,Paul Reed,PHI,202204250PHI,"Apr 25, 2022",TOR,3,4,2,5,30.0,30.74,-0.74,4,2,0,0,0,0,0,0,0,0,0,0,0,0,0,0,0,0,0,0,0,0,1,1
201980,Danny Green,PHI,202204250PHI,"Apr 25, 2022",TOR,14,10,0,10,48.28,70.0,-21.72,1,2,9,12,0,0,0,0,0,0,0,0,0,0,0,0,0,0,0,0,0,0,0,0
1627788,Furkan Korkmaz,PHI,202204250PHI,"Apr 25, 2022",TOR,3,1,0,1,100.0,150.0,-50.0,0,0,1,3,0,0,0,0,0,0,0,0,0,0,0,0,0,0,0,0,0,0,0,0
1630198,Isaiah Joe,PHI,202204250PHI,"Apr 25, 2022",TOR,0,1,0,1,0.0,0.0,0.0,0,0,1,0,0,0,0,0,0,0,0,0,0,0,0,0,0,0,0,0,0,0,0,0
1629004,Svi Mykhailiuk,TOR,202204250PHI,"Apr 25, 2022",PHI,1,1,1,2,25.0,34.72,-9.72,0,0,1,0,0,0,0,0,0,0,0,0,1,1,0,0,0,0,0,0,0,0,0,0
1629139,Yuta Watanabe,TOR,202204250PHI,"Apr 25, 2022",PHI,2,1,0,1,100.0,100.0,0.0,1,2,0,0,0,0,0,0,0,0,0,0,0,0,0,0,0,0,0,0,0,0,0,0
201144,Mike Conley,UTA,202204250DAL,"Apr 25, 2022",DAL,4,6,3,7,22.22,27.32,-5.1,3,2,3,0,0,0,1,2,0,0,0,0,0,0,0,0,0,0,0,0,0,0,0,0
1629029,Luka Dončić,DAL,202204250DAL,"Apr 25, 2022",UTA,33,22,12,27,50.0,60.48,-10.48,10,12,10,9,3,4,0,0,2,5,0,0,1,2,0,0,0,0,0,0,0,0,1,1
203939,Dwight Powell,DAL,202204250DAL,"Apr 25, 2022",UTA,8,4,0,4,100.0,100.0,0.0,4,8,0,0,0,0,0,0,0,0,0,0,0,0,0,0,0,0,0,0,0,0,0,0
1628378,Donovan Mitchell,UTA,202204250DAL,"Apr 25, 2022",DAL,9,15,1,15,23.68,29.15,-5.47,7,6,7,0,0,0,0,0,1,3,0,0,0,0,0,0,0,0,0,0,0,0,0,0
202711,Bojan Bogdanovic,UTA,202204250DAL,"Apr 25, 2022",DAL,2,9,3,11,7.69,9.69,-2.0,4,0,5,0,1,1,0,0,0,0,0,0,1,1,0,0,0,0,0,0,0,0,0,0
203497,Rudy Gobert,UTA,202204250DAL,"Apr 25, 2022",DAL,17,7,7,10,80.95,84.33,-3.38,6,10,0,0,2,2,0,0,1,3,0,0,0,0,0,0,0,0,0,0,0,0,1,2
1628973,Jalen Brunson,DAL,202204250DAL,"Apr 25, 2022",UTA,24,20,5,22,46.15,54.05,-7.9,12,14,7,3,2,4,0,0,1,3,0,0,0,0,0,0,0,0,0,0,0,0,0,0
203493,Reggie Bullock Jr.,DAL,202204250DAL,"Apr 25, 2022",UTA,9,9,0,9,33.33,50.0,-16.67,0,0,9,9,0,0,0,0,0,0,0,0,0,0,0,0,0,0,0,0,0,0,0,0
1626220,Royce O'Neale,UTA,202204250DAL,"Apr 25, 2022",DAL,5,6,0,6,29.41,41.67,-12.26,1,2,5,3,0,0,0,0,0,0,0,0,0,0,0,0,0,0,0,0,0,0,0,0
1627827,Dorian Finney-Smith,DAL,202204250DAL,"Apr 25, 2022",UTA,13,11,2,12,41.94,54.71,-12.77,4,2,7,9,1,2,0,0,0,0,0,0,0,0,0,0,0,0,0,0,0,0,0,0
203903,Jordan Clarkson,UTA,202204250DAL,"Apr 25, 2022",DAL,20,15,2,16,55.56,62.97,-7.41,11,18,4,0,1,2,0,0,0,0,0,0,0,0,0,0,0,0,0,0,0,0,0,0
whiteha01,H. Whiteside,UTA,202204250DAL,"Apr 25, 2022",DAL,2,4,0,4,25.0,25.0,0.0,4,2,0,0,0,0,0,0,0,0,0,0,0,0,0,0,0,0,0,0,0,0,0,0
1627863,Danuel House Jr.,UTA,202204250DAL,"Apr 25, 2022",DAL,8,3,4,5,72.73,84.03,-11.3,2,2,1,3,1,1,0,0,0,0,0,0,0,0,0,0,0,0,0,0,0,0,1,2
203915,Spencer Dinwiddie,DAL,202204250DAL,"Apr 25, 2022",UTA,9,8,2,9,39.13,50.68,-11.55,3,2,5,6,1,1,0,0,0,0,0,0,0,0,0,0,0,0,0,0,0,0,0,0
1628467,Maxi Kleber,DAL,202204250DAL,"Apr 25, 2022",UTA,0,1,0,1,0.0,0.0,0.0,0,0,1,0,0,0,0,0,0,0,0,0,0,0,0,0,0,0,0,0,0,0,0,0
1627823,Juancho Hernangomez,UTA,202204250DAL,"Apr 25, 2022",DAL,5,6,0,6,29.41,41.67,-12.26,1,2,5,3,0,0,0,0,0,0,0,0,0,0,0,0,0,0,0,0,0,0,0,0
1630182,Josh Green,DAL,202204250DAL,"Apr 25, 2022",UTA,0,3,0,3,0.0,0.0,0.0,0,0,3,0,0,0,0,0,0,0,0,0,0,0,0,0,0,0,0,0,0,0,0,0
pascher01,E. Paschall,UTA,202204250DAL,"Apr 25, 2022",DAL,0,2,0,2,0.0,0.0,0.0,2,0,0,0,0,0,0,0,0,0,0,0,0,0,0,0,0,0,0,0,0,0,0,0
1629638,Nickeil Alexander-Walker,UTA,202204250DAL,"Apr 25, 2022",DAL,5,2,1,2,100.0,102.46,-2.46,1,2,0,0,0,0,0,0,1,3,0,0,0,0,0,0,0,0,0,0,0,0,0,0
1630215,Jared Butler,UTA,202204250DAL,"Apr 25, 2022",DAL,0,2,0,2,0.0,0.0,0.0,2,0,0,0,0,0,0,0,0,0,0,0,0,0,0,0,0,0,0,0,0,0,0,0
burketr01,T. Burke,DAL,202204250DAL,"Apr 25, 2022",UTA,4,4,0,4,44.44,50.0,-5.56,3,4,1,0,0,0,0,0,0,0,0,0,0,0,0,0,0,0,0,0,0,0,0,0
chrisma01,M. Chriss,DAL,202204250DAL,"Apr 25, 2022",UTA,2,2,0,2,50.0,50.0,0.0,2,2,0,0,0,0,0,0,0,0,0,0,0,0,0,0,0,0,0,0,0,0,0,0
1626246,Boban Marjanovic,DAL,202204250DAL,"Apr 25, 2022",UTA,0,1,0,1,0.0,0.0,0.0,1,0,0,0,0,0,0,0,0,0,0,0,0,0,0,0,0,0,0,0,0,0,0,0
1629622,Max Strus,MIA,202204260MIA,"Apr 26, 2022",ATL,15,12,0,12,46.88,62.5,-15.62,4,6,8,9,0,0,0,0,0,0,0,0,0,0,0,0,0,0,0,0,0,0,0,0
1629631,De'Andre Hunter,ATL,202204260MIA,"Apr 26, 2022",MIA,35,21,11,26,58.33,67.72,-9.39,14,16,6,6,4,8,0,0,0,0,1,3,0,0,0,0,0,0,0,0,0,0,1,2
1628989,Kevin Huerter,ATL,202204260MIA,"Apr 26, 2022",MIA,12,9,0,9,52.17,66.67,-14.5,4,6,5,6,0,0,0,0,0,0,0,0,0,0,0,0,0,0,0,0,0,0,0,0
200782,P.J. Tucker,MIA,202204260MIA,"Apr 26, 2022",ATL,4,6,0,6,28.57,33.33,-4.76,4,4,2,0,0,0,0,0,0,0,0,0,0,0,0,0,0,0,0,0,0,0,0,0
1628381,John Collins,ATL,202204260MIA,"Apr 26, 2022",MIA,7,8,1,8,35.0,41.47,-6.47,4,4,3,0,0,0,0,0,1,3,0,0,0,0,0,0,0,0,0,0,0,0,0,0
1629216,Gabe Vincent,MIA,202204260MIA,"Apr 26, 2022",ATL,9,8,2,8,45.0,50.68,-5.68,5,2,1,0,0,0,0,0,1,3,1,4,0,0,0,0,0,0,0,0,0,0,0,0
203991,Clint Capela,ATL,202204260MIA,"Apr 26, 2022",MIA,2,2,0,2,50.0,50.0,0.0,2,2,0,0,0,0,0,0,0,0,0,0,0,0,0,0,0,0,0,0,0,0,0,0
1628389,Bam Adebayo,MIA,202204260MIA,"Apr 26, 2022",ATL,20,11,8,15,66.67,68.87,-2.2,11,14,0,0,2,3,0,0,0,0,0,0,0,0,1,2,0,0,0,0,0,0,1,1
203506,Victor Oladipo,MIA,202204260MIA,"Apr 26, 2022",ATL,23,16,4,18,54.76,64.75,-9.99,10,10,6,9,2,4,0,0,0,0,0,0,0,0,0,0,0,0,0,0,0,0,0,0
1629027,Trae Young,ATL,202204260MIA,"Apr 26, 2022",MIA,11,12,9,17,28.95,34.46,-5.51,7,4,5,0,2,3,0,0,0,0,0,0,1,1,0,0,0,0,0,0,0,0,2,3
1629639,Tyler Herro,MIA,202204260MIA,"Apr 26, 2022",ATL,16,12,4,15,50.0,58.14,-8.14,8,12,4,0,1,2,0,0,0,0,0,0,2,2,0,0,0,0,0,0,0,0,0,0
1626153,Delon Wright,ATL,202204260MIA,"Apr 26, 2022",MIA,7,6,2,7,43.75,50.87,-7.12,4,2,2,3,1,2,0,0,0,0,0,0,0,0,0,0,0,0,0,0,0,0,0,0
1628997,Caleb Martin,MIA,202204260MIA,"Apr 26, 2022",ATL,10,12,3,13,32.26,37.54,-5.28,7,8,4,0,1,0,0,0,1,2,0,0,0,0,0,0,0,0,0,0,0,0,0,0
201568,Danilo Gallinari,ATL,202204260MIA,"Apr 26, 2022",MIA,12,11,0,11,48.0,54.55,-6.55,8,6,3,6,0,0,0,0,0,0,0,0,0,0,0,0,0,0,0,0,0,0,0,0
1630168,Onyeka Okongwu,ATL,202204260MIA,"Apr 26, 2022",MIA,8,5,5,7,53.33,55.56,-2.23,4,2,0,0,2,3,0,0,1,3,0,0,0,0,0,0,0,0,0,0,0,0,0,0
1629130,Duncan Robinson,MIA,202204260MIA,"Apr 26, 2022",ATL,0,5,0,5,0.0,0.0,0.0,0,0,5,0,0,0,0,0,0,0,0,0,0,0,0,0,0,0,0,0,0,0,0,0
1630217,Desmond Bane,MEM,202204260MEM,"Apr 26, 2022",MIN,25,20,4,22,48.08,57.44,-9.36,11,10,8,9,1,2,0,0,1,3,0,0,1,1,0,0,0,0,0,0,0,0,0,0
1629020,Jarred Vanderbilt,MIN,202204260MEM,"Apr 26, 2022",MEM,6,5,0,5,60.0,60.0,0.0,5,6,0,0,0,0,0,0,0,0,0,0,0,0,0,0,0,0,0,0,0,0,0,0
1630214,Xavier Tillman,MEM,202204260MEM,"Apr 26, 2022",MIN,2,3,0,3,33.33,33.33,0.0,3,2,0,0,0,0,0,0,0,0,0,0,0,0,0,0,0,0,0,0,0,0,0,0
201976,Patrick Beverley,MIN,202204260MEM,"Apr 26, 2022",MEM,9,6,3,7,50.0,61.48,-11.48,3,4,2,0,1,1,0,0,0,0,1,4,0,0,0,0,0,0,0,0,0,0,0,0
1628991,Jaren Jackson Jr.,MEM,202204260MEM,"Apr 26, 2022",MIN,12,9,5,11,46.15,53.57,-7.42,5,4,3,3,1,1,0,0,1,2,0,0,0,0,0,0,0,0,0,0,0,0,1,2
1626156,D'Angelo Russell,MIN,202204260MEM,"Apr 26, 2022",MEM,12,10,3,12,44.44,53.0,-8.56,6,4,4,6,1,1,0,0,0,0,0,0,1,1,0,0,0,0,0,0,0,0,0,0
1630162,Anthony Edwards,MIN,202204260MEM,"Apr 26, 2022",MEM,22,20,4,22,41.51,50.55,-9.04,11,10,9,9,2,3,0,0,0,0,0,0,0,0,0,0,0,0,0,0,0,0,0,0
1626157,Karl-Anthony Towns,MEM,202204260MEM,"Apr 26, 2022",MIN,28,15,9,19,60.87,73.84,-12.97,8,4,7,15,2,4,1,3,0,0,0,0,1,2,0,0,0,0,0,0,0,0,0,0
1629630,Ja Morant,MEM,202204260MEM,"Apr 26, 2022",MIN,30,22,17,30,46.15,50.88,-4.73,17,14,4,3,7,9,0,0,1,2,0,0,0,0,0,0,0,0,0,0,0,0,1,2
1630183,Jaden McDaniels,MIN,202204260MEM,"Apr 26, 2022",MEM,3,1,0,1,100.0,150.0,-50.0,0,0,1,3,0,0,0,0,0,0,0,0,0,0,0,0,0,0,0,0,0,0,0,0
1629634,Brandon Clarke,MEM,202204260MEM,"Apr 26, 2022",MIN,21,14,7,17,60.0,61.48,-1.48,13,16,0,0,2,1,0,0,1,3,0,0,0,0,0,0,0,0,0,0,0,0,1,1
1628415,Dillon Brooks,MEM,202204260MEM,"Apr 26, 2022",MIN,8,18,2,19,16.67,21.19,-4.52,8,4,10,3,1,1,0,0,0,0,0,0,0,0,0,0,0,0,0,0,0,0,0,0
203937,Kyle Anderson,MEM,202204260MEM,"Apr 26, 2022",MIN,8,3,2,4,100.0,103.09,-3.09,3,6,0,0,0,0,0,0,0,0,0,0,0,0,0,0,0,0,0,0,0,0,1,2
1630533,Ziaire Williams,MEM,202204260MEM,"Apr 26, 2022",MIN,0,2,0,2,0.0,0.0,0.0,2,0,0,0,0,0,0,0,0,0,0,0,0,0,0,0,0,0,0,0,0,0,0,0
1627736,Malik Beasley,MIN,202204260MEM,"Apr 26, 2022",MEM,8,8,1,9,40.0,47.39,-7.39,5,4,3,3,0,0,0,0,0,0,0,0,1,1,0,0,0,0,0,0,0,0,0,0
1629675,Naz Reid,MIN,202204260MEM,"Apr 26, 2022",MEM,9,7,0,7,56.25,64.29,-8.04,5,6,2,3,0,0,0,0,0,0,0,0,0,0,0,0,0,0,0,0,0,0,0,0
1629162,Jordan McLaughlin,MIN,202204260MEM,"Apr 26, 2022",MEM,2,3,0,3,28.57,33.33,-4.76,2,2,1,0,0,0,0,0,0,0,0,0,0,0,0,0,0,0,0,0,0,0,0,0
1626145,Tyus Jones,MEM,202204260MEM,"Apr 26, 2022",MIN,5,3,2,4,45.45,64.43,-18.98,0,0,3,3,1,2,0,0,0,0,0,0,0,0,0,0,0,0,0,0,0,0,0,0
1627752,Taurean Prince,MEM,202204260MEM,"Apr 26, 2022",MIN,10,8,4,10,43.48,51.23,-7.75,5,6,3,0,2,4,0,0,0,0,0,0,0,0,0,0,0,0,0,0,0,0,0,0
1629028,Deandre Ayton,PHX,202204260PHO,"Apr 26, 2022",NOP,19,13,5,15,57.58,62.5,-4.92,10,14,2,0,2,2,0,0,1,3,0,0,0,0,0,0,0,0,0,0,0,0,0,0
1629637,Jaxson Hayes,NOP,202204260PHO,"Apr 26, 2022",PHX,8,6,2,7,53.33,58.14,-4.81,5,6,1,0,1,2,0,0,0,0,0,0,0,0,0,0,0,0,0,0,0,0,0,0
1628969,Mikal Bridges,PHX,202204260PHO,"Apr 26, 2022",NOP,31,17,3,18,75.61,84.61,-9.0,12,14,4,12,0,0,0,0,1,3,0,0,0,0,0,0,0,0,0,0,0,0,1,2
202685,Jonas Valančiūnas,NOP,202204260PHO,"Apr 26, 2022",PHX,17,11,3,12,65.38,68.99,-3.61,9,12,1,0,0,0,0,0,1,3,0,0,0,0,0,0,0,0,0,0,0,0,1,2
1627742,Brandon Ingram,NOP,202204260PHO,"Apr 26, 2022",PHX,22,19,11,25,40.74,46.14,-5.4,14,12,5,3,5,7,0,0,0,0,0,0,1,0,0,0,0,0,0,0,0,0,0,0
101108,Chris Paul,PHX,202204260PHO,"Apr 26, 2022",NOP,22,18,6,21,47.83,53.29,-5.46,14,16,4,0,1,2,0,0,0,0,0,0,0,0,0,0,0,0,0,0,0,0,2,4
1629661,Cameron Johnson,PHX,202204260PHO,"Apr 26, 2022",NOP,8,8,1,8,36.36,47.39,-11.03,2,2,5,3,0,0,0,0,1,3,0,0,0,0,0,0,0,0,0,0,0,0,0,0
1630529,Herbert Jones,NOP,202204260PHO,"Apr 26, 2022",PHX,4,5,2,6,26.67,34.01,-7.34,2,0,3,3,1,1,0,0,0,0,0,0,0,0,0,0,0,0,0,0,0,0,0,0
203468,CJ McCollum,NOP,202204260PHO,"Apr 26, 2022",PHX,21,22,7,25,35.59,41.87,-6.28,14,12,8,3,1,1,1,3,0,0,0,0,0,0,0,0,0,0,0,0,0,0,1,2
203109,Jae Crowder,NOP,202204260PHO,"Apr 26, 2022",PHX,9,8,1,8,40.91,53.32,-12.41,2,4,5,3,0,0,0,0,1,2,0,0,0,0,0,0,0,0,0,0,0,0,0,0
1630530,Trey Murphy III,NOP,202204260PHO,"Apr 26, 2022",PHX,2,0,2,1,100.0,113.64,-13.64,0,0,0,0,0,0,0,0,0,0,0,0,0,0,0,0,0,0,0,0,0,0,1,2
1626204,Larry Nance Jr.,NOP,202204260PHO,"Apr 26, 2022",PHX,5,2,2,3,83.33,86.81,-3.48,2,4,0,0,1,1,0,0,0,0,0,0,0,0,0,0,0,0,0,0,0,0,0,0
201580,JaVale McGee,PHX,202204260PHO,"Apr 26, 2022",NOP,2,4,0,4,25.0,25.0,0.0,4,2,0,0,0,0,0,0,0,0,0,0,0,0,0,0,0,0,0,0,0,0,0,0
1628984,Devonte' Graham,NOP,202204260PHO,"Apr 26, 2022",PHX,2,3,2,4,22.22,25.77,-3.55,2,0,1,0,1,2,0,0,0,0,0,0,0,0,0,0,0,0,0,0,0,0,0,0
1626166,Cameron Payne,PHX,202204260PHO,"Apr 26, 2022",NOP,12,10,2,11,48.0,55.15,-7.15,7,4,3,6,1,2,0,0,0,0,0,0,0,0,0,0,0,0,0,0,0,0,0,0
1629013,Landry Shamet,PHX,202204260PHO,"Apr 26, 2022",NOP,6,6,2,7,35.29,43.6,-8.31,3,2,3,3,1,1,0,0,0,0,0,0,0,0,0,0,0,0,0,0,0,0,0,0
202687,Bismack Biyombo,NOP,202204260PHO,"Apr 26, 2022",PHX,0,1,0,1,0.0,0.0,0.0,1,0,0,0,0,0,0,0,0,0,0,0,0,0,0,0,0,0,0,0,0,0,0,0
1630230,Naji Marshall,NOP,202204260PHO,"Apr 26, 2022",PHX,4,4,0,4,50.0,50.0,0.0,4,4,0,0,0,0,0,0,0,0,0,0,0,0,0,0,0,0,0,0,0,0,0,0
1630631,Jose Alvarado,NOP,202204260PHO,"Apr 26, 2022",PHX,12,8,4,10,46.15,61.48,-15.33,2,2,6,6,0,0,0,0,0,0,0,0,0,0,0,0,0,0,0,0,0,0,2,4
1628988,Aaron Holiday,PHX,202204260PHO,"Apr 26, 2022",NOP,3,1,0,1,100.0,150.0,-50.0,0,0,1,3,0,0,0,0,0,0,0,0,0,0,0,0,0,0,0,0,0,0,0,0
1626171,Bobby Portis,MIL,202204270MIL,"Apr 27, 2022",CHI,14,13,0,13,42.42,53.85,-11.43,6,8,7,6,0,0,0,0,0,0,0,0,0,0,0,0,0,0,0,0,0,0,0,0
203507,Giannis Antetokounmpo,MIL,202204270MIL,"Apr 27, 2022",CHI,33,15,14,21,73.33,77.98,-4.65,12,18,1,0,6,9,0,0,2,6,0,0,0,0,0,0,0,0,0,0,0,0,0,0
202696,Nikola Vučević,CHI,202204270MIL,"Apr 27, 2022",MIL,19,15,0,15,48.72,63.33,-14.61,6,10,9,9,0,0,0,0,0,0,0,0,0,0,0,0,0,0,0,0,0,0,0,0
202083,Wesley Matthews,MIL,202204270MIL,"Apr 27, 2022",CHI,8,6,0,6,50.0,66.67,-16.67,2,2,4,6,0,0,0,0,0,0,0,0,0,0,0,0,0,0,0,0,0,0,0,0
1630172,Patrick Williams,MIL,202204270MIL,"Apr 27, 2022",CHI,23,13,2,14,65.71,82.85,-17.14,6,10,7,12,0,0,0,0,0,0,0,0,0,0,0,0,0,0,0,0,0,0,1,1
201572,Brook Lopez,MIL,202204270MIL,"Apr 27, 2022",CHI,12,8,4,10,60.0,61.48,-1.48,8,8,0,0,2,4,0,0,0,0,0,0,0,0,0,0,0,0,0,0,0,0,0,0
1630224,Jalen Green,MIL,202204270MIL,"Apr 27, 2022",CHI,3,8,2,9,13.04,16.89,-3.85,3,2,5,0,1,1,0,0,0,0,0,0,0,0,0,0,0,0,0,0,0,0,0,0
201950,Jrue Holiday,MIL,202204270MIL,"Apr 27, 2022",CHI,10,14,2,15,27.03,33.6,-6.57,7,6,7,3,1,1,0,0,0,0,0,0,0,0,0,0,0,0,0,0,0,0,0,0
1630245,Ayo Dosunmu,CHI,202204270MIL,"Apr 27, 2022",MIL,8,11,1,11,29.63,34.97,-5.34,6,2,4,3,0,0,0,0,1,3,0,0,0,0,0,0,0,0,0,0,0,0,0,0
201942,DeMar DeRozan,CHI,202204270MIL,"Apr 27, 2022",MIL,11,10,2,11,50.0,50.55,-0.55,10,10,0,0,1,1,0,0,0,0,0,0,0,0,0,0,0,0,0,0,0,0,0,0
1628960,Grayson Allen,MIL,202204270MIL,"Apr 27, 2022",CHI,13,10,0,10,50.0,65.0,-15.0,4,4,6,9,0,0,0,0,0,0,0,0,0,0,0,0,0,0,0,0,0,0,0,0
1629632,Coby White,CHI,202204270MIL,"Apr 27, 2022",MIL,17,16,1,16,36.96,51.7,-14.74,2,2,13,12,0,0,0,0,1,3,0,0,0,0,0,0,0,0,0,0,0,0,0,0
1628972,Troy Brown Jr.,CHI,202204270MIL,"Apr 27, 2022",MIL,10,11,0,11,32.26,45.45,-13.19,2,4,9,6,0,0,0,0,0,0,0,0,0,0,0,0,0,0,0,0,0,0,0,0
1626192,Pat Connaughton,MIL,202204270MIL,"Apr 27, 2022",CHI,20,11,0,11,64.52,90.91,-26.39,2,2,9,18,0,0,0,0,0,0,0,0,0,0,0,0,0,0,0,0,0,0,0,0
1627884,Derrick Jones Jr.,CHI,202204270MIL,"Apr 27, 2022",MIL,9,8,3,9,37.5,48.28,-10.78,2,2,5,3,1,1,0,0,1,3,0,0,0,0,0,0,0,0,0,0,0,0,0,0
1628975,Jevon Carter,MIL,202204270MIL,"Apr 27, 2022",CHI,6,6,0,6,46.15,50.0,-3.85,5,6,1,0,0,0,0,0,0,0,0,0,0,0,0,0,0,0,0,0,0,0,0,0
201586,Serge Ibaka,MIL,202204270MIL,"Apr 27, 2022",CHI,0,4,0,4,0.0,0.0,0.0,3,0,1,0,0,0,0,0,0,0,0,0,0,0,0,0,0,0,0,0,0,0,0,0
201939,Stephen Curry,GSW,202204270GSW,"Apr 27, 2022",DEN,30,22,7,26,48.39,59.81,-11.42,11,10,11,15,1,2,0,0,0,0,0,0,1,0,0,0,0,0,0,0,0,0,2,3
203999,Nikola Jokić,DEN,202204270GSW,"Apr 27, 2022",GSW,30,18,8,22,65.22,69.7,-4.48,16,24,2,0,2,4,0,0,0,0,0,0,0,0,0,0,0,0,0,0,0,0,2,2
201980,Danny Green,DEN,202204270GSW,"Apr 27, 2022",GSW,11,10,2,11,45.83,50.55,-4.72,8,6,2,3,1,2,0,0,0,0,0,0,0,0,0,0,0,0,0,0,0,0,0,0
203932,Aaron Gordon,DEN,202204270GSW,"Apr 27, 2022",GSW,15,11,8,14,44.12,51.65,-7.53,5,6,4,0,3,3,0,0,2,6,0,0,0,0,0,0,0,0,0,0,0,0,0,0
202691,Klay Thompson,GSW,202204270GSW,"Apr 27, 2022",DEN,15,13,4,15,41.67,50.81,-9.14,7,8,6,3,2,4,0,0,0,0,0,0,0,0,0,0,0,0,0,0,0,0,0,0
203952,Andrew Wiggins,GSW,202204270GSW,"Apr 27, 2022",DEN,12,9,5,11,50.0,53.57,-3.57,7,4,1,3,2,2,0,0,1,3,0,0,0,0,0,0,0,0,0,0,0,0,0,0
203210,JaMychal Green,DEN,202204270GSW,"Apr 27, 2022",GSW,2,5,0,5,18.18,20.0,-1.82,4,2,1,0,0,0,0,0,0,0,0,0,0,0,0,0,0,0,0,0,0,0,0,0
203115,Will Barton,DEN,202204270GSW,"Apr 27, 2022",GSW,14,13,4,15,38.89,47.43,-8.54,7,6,6,6,2,2,0,0,0,0,0,0,0,0,0,0,0,0,0,0,0,0,0,0
1626172,Kevon Looney,GSW,202204270GSW,"Apr 27, 2022",DEN,4,2,2,3,66.67,69.44,-2.77,2,4,0,0,1,0,0,0,0,0,0,0,0,0,0,0,0,0,0,0,0,0,0,0
1628420,Monte Morris,DEN,202204270GSW,"Apr 27, 2022",GSW,14,12,3,13,42.42,52.55,-10.13,5,4,6,6,1,1,0,0,1,3,0,0,0,0,0,0,0,0,0,0,0,0,0,0
203085,Austin Rivers,DEN,202204270GSW,"Apr 27, 2022",GSW,0,1,0,1,0.0,0.0,0.0,0,0,1,0,0,0,0,0,0,0,0,0,0,0,0,0,0,0,0,0,0,0,0,0
1630538,Bones Hyland,DEN,202204270GSW,"Apr 27, 2022",GSW,4,6,4,8,19.05,25.77,-6.72,1,0,5,0,2,4,0,0,0,0,0,0,0,0,0,0,0,0,0,0,0,0,0,0
1627780,Gary Payton II,GSW,202204270GSW,"Apr 27, 2022",DEN,15,8,0,8,75.0,93.75,-18.75,4,6,4,9,0,0,0,0,0,0,0,0,0,0,0,0,0,0,0,0,0,0,0,0
1629673,Jordan Poole,GSW,202204270GSW,"Apr 27, 2022",DEN,8,10,1,10,32.0,38.31,-6.31,5,2,4,3,0,0,0,0,1,3,0,0,0,0,0,0,0,0,0,0,0,0,0,0
203490,Otto Porter Jr.,GSW,202204270GSW,"Apr 27, 2022",DEN,3,4,0,4,27.27,37.5,-10.23,1,0,3,3,0,0,0,0,0,0,0,0,0,0,0,0,0,0,0,0,0,0,0,0
couside01,D. Cousins,DEN,202204270GSW,"Apr 27, 2022",GSW,19,12,2,13,65.52,73.76,-8.24,9,12,3,6,1,1,0,0,0,0,0,0,0,0,0,0,0,0,0,0,0,0,0,0
1627854,Bryn Forbes,DEN,202204270GSW,"Apr 27, 2022",GSW,0,2,0,2,0.0,0.0,0.0,1,0,1,0,0,0,0,0,0,0,0,0,0,0,0,0,0,0,0,0,0,0,0,0
1630228,Jonathan Kuminga,GSW,202204270GSW,"Apr 27, 2022",DEN,4,4,0,4,50.0,50.0,0.0,4,4,0,0,0,0,0,0,0,0,0,0,0,0,0,0,0,0,0,0,0,0,0,0
1630567,Scottie Barnes,TOR,202204280TOR,"Apr 28, 2022",PHI,18,20,0,20,38.3,45.0,-6.7,13,12,7,6,0,0,0,0,0,0,0,0,0,0,0,0,0,0,0,0,0,0,0,0
202699,Tobias Harris,PHI,202204280TOR,"Apr 28, 2022",TOR,19,15,2,16,47.5,59.82,-12.32,7,8,8,9,1,2,0,0,0,0,0,0,0,0,0,0,0,0,0,0,0,0,0,0
1630178,Tyrese Maxey,PHI,202204280TOR,"Apr 28, 2022",TOR,25,16,4,18,52.08,70.38,-18.3,4,6,12,15,1,2,0,0,0,0,0,0,0,0,0,0,0,0,0,0,0,0,1,2
203954,Joel Embiid,PHI,202204280TOR,"Apr 28, 2022",TOR,33,18,10,23,66.0,73.66,-7.66,14,24,4,0,5,9,0,0,0,0,0,0,0,0,0,0,0,0,0,0,0,0,0,0
1629018,Gary Trent Jr.,TOR,202204280TOR,"Apr 28, 2022",PHI,19,15,3,17,48.72,58.21,-9.49,9,10,6,6,1,2,0,0,0,0,0,0,1,1,0,0,0,0,0,0,0,0,0,0
201935,James Harden,PHI,202204280TOR,"Apr 28, 2022",TOR,22,12,6,15,62.86,75.14,-12.28,7,10,5,6,3,6,0,0,0,0,0,0,0,0,0,0,0,0,0,0,0,0,0,0
1628384,OG Anunoby,TOR,202204280TOR,"Apr 28, 2022",PHI,5,7,0,7,27.78,35.71,-7.93,3,2,4,3,0,0,0,0,0,0,0,0,0,0,0,0,0,0,0,0,0,0,0,0
1627783,Pascal Siakam,TOR,202204280TOR,"Apr 28, 2022",PHI,24,17,7,20,53.33,59.76,-6.43,12,16,4,0,3,6,0,0,1,2,0,0,0,0,0,0,0,0,0,0,0,0,0,0
1630173,Precious Achiuwa,TOR,202204280TOR,"Apr 28, 2022",PHI,3,7,2,8,16.67,19.04,-2.37,5,2,2,0,1,1,0,0,0,0,0,0,0,0,0,0,0,0,0,0,0,0,0,0
1628449,Chris Boucher,TOR,202204280TOR,"Apr 28, 2022",PHI,25,13,10,18,59.52,71.84,-12.32,7,10,6,6,4,8,0,0,0,0,0,0,0,0,0,0,0,0,0,0,0,0,1,1
1627777,Georges Niang,PHI,202204280TOR,"Apr 28, 2022",TOR,6,3,0,3,66.67,100.0,-33.33,0,0,3,6,0,0,0,0,0,0,0,0,0,0,0,0,0,0,0,0,0,0,0,0
1630194,Paul Reed,PHI,202204280TOR,"Apr 28, 2022",TOR,9,5,1,5,81.82,82.72,-0.9,4,6,0,0,0,0,0,0,1,3,0,0,0,0,0,0,0,0,0,0,0,0,0,0
201152,Thaddeus Young,TOR,202204280TOR,"Apr 28, 2022",PHI,0,4,0,4,0.0,0.0,0.0,2,0,2,0,0,0,0,0,0,0,0,0,0,0,0,0,0,0,0,0,0,0,0,0
1629003,Shake Milton,PHI,202204280TOR,"Apr 28, 2022",TOR,2,2,0,2,40.0,50.0,-10.0,1,2,1,0,0,0,0,0,0,0,0,0,0,0,0,0,0,0,0,0,0,0,0,0
201980,Danny Green,PHI,202204280TOR,"Apr 28, 2022",TOR,12,7,0,7,57.14,85.71,-28.57,0,0,7,12,0,0,0,0,0,0,0,0,0,0,0,0,0,0,0,0,0,0,0,0
1630198,Isaiah Joe,PHI,202204280TOR,"Apr 28, 2022",TOR,0,1,0,1,0.0,0.0,0.0,1,0,0,0,0,0,0,0,0,0,0,0,0,0,0,0,0,0,0,0,0,0,0,0
1630625,Dalano Banton,TOR,202204280TOR,"Apr 28, 2022",PHI,3,1,3,2,60.0,64.66,-4.66,0,0,0,0,0,0,0,0,1,3,0,0,0,0,0,0,0,0,0,0,0,0,1,0
1629717,Armoni Brooks,TOR,202204280TOR,"Apr 28, 2022",PHI,0,1,0,1,0.0,0.0,0.0,0,0,1,0,0,0,0,0,0,0,0,0,0,0,0,0,0,0,0,0,0,0,0,0
1630201,Malachi Flynn,TOR,202204280TOR,"Apr 28, 2022",PHI,0,1,0,1,0.0,0.0,0.0,0,0,1,0,0,0,0,0,0,0,0,0,0,0,0,0,0,0,0,0,0,0,0,0
1629004,Svi Mykhailiuk,TOR,202204280TOR,"Apr 28, 2022",PHI,0,1,0,1,0.0,0.0,0.0,0,0,1,0,0,0,0,0,0,0,0,0,0,0,0,0,0,0,0,0,0,0,0,0
1629139,Yuta Watanabe,TOR,202204280TOR,"Apr 28, 2022",PHI,0,2,0,2,0.0,0.0,0.0,1,0,1,0,0,0,0,0,0,0,0,0,0,0,0,0,0,0,0,0,0,0,0,0
1630531,Jaden Springer,PHI,202204280TOR,"Apr 28, 2022",TOR,4,2,0,2,100.0,100.0,0.0,2,4,0,0,0,0,0,0,0,0,0,0,0,0,0,0,0,0,0,0,0,0,0,0
203109,Jae Crowder,PHX,202204280NOP,"Apr 28, 2022",NOP,9,8,3,9,39.13,48.28,-9.15,3,2,4,3,0,0,0,0,1,3,0,0,0,0,0,0,0,0,0,0,0,0,1,1
1627742,Brandon Ingram,NOP,202204280NOP,"Apr 28, 2022",PHX,21,19,3,20,44.68,51.67,-6.99,12,10,6,6,0,0,0,0,1,3,0,0,0,0,0,0,0,0,0,0,0,0,1,2
1628969,Mikal Bridges,PHX,202204280NOP,"Apr 28, 2022",NOP,18,12,2,13,64.29,69.88,-5.59,10,10,2,6,0,0,0,0,0,0,0,0,0,0,0,0,0,0,0,0,0,0,1,2
1629637,Jaxson Hayes,PHX,202204280NOP,"Apr 28, 2022",NOP,8,7,0,7,53.33,57.14,-3.81,6,8,1,0,0,0,0,0,0,0,0,0,0,0,0,0,0,0,0,0,0,0,0,0
202685,Jonas Valančiūnas,NOP,202204280NOP,"Apr 28, 2022",PHX,10,7,0,7,66.67,71.43,-4.76,6,10,1,0,0,0,0,0,0,0,0,0,0,0,0,0,0,0,0,0,0,0,0,0
101108,Chris Paul,PHX,202204280NOP,"Apr 28, 2022",NOP,33,14,4,16,100.0,104.7,-4.7,13,26,1,3,2,4,0,0,0,0,0,0,0,0,0,0,0,0,0,0,0,0,0,0
1626164,Devin Booker,PHX,202204280NOP,"Apr 28, 2022",NOP,13,12,2,13,40.62,50.47,-9.85,6,8,6,3,0,0,0,0,0,0,0,0,0,0,0,0,0,0,0,0,0,0,1,2
1629028,Deandre Ayton,PHX,202204280NOP,"Apr 28, 2022",NOP,22,12,2,13,84.62,85.4,-0.78,12,20,0,0,1,2,0,0,0,0,0,0,0,0,0,0,0,0,0,0,0,0,0,0
203468,CJ McCollum,NOP,202204280NOP,"Apr 28, 2022",PHX,16,16,1,16,42.11,48.66,-6.55,10,10,5,3,0,0,0,0,1,3,0,0,0,0,0,0,0,0,0,0,0,0,0,0
1630529,Herbert Jones,NOP,202204280NOP,"Apr 28, 2022",PHX,16,9,5,11,64.0,71.43,-7.43,6,6,2,3,2,4,0,0,1,3,0,0,0,0,0,0,0,0,0,0,0,0,0,0
1629661,Cameron Johnson,PHX,202204280NOP,"Apr 28, 2022",NOP,13,7,3,9,65.0,78.12,-13.12,4,4,3,6,1,1,0,0,0,0,0,0,0,0,1,2,0,0,0,0,0,0,0,0
1630530,Trey Murphy III,NOP,202204280NOP,"Apr 28, 2022",PHX,12,7,0,7,57.14,85.71,-28.57,0,0,7,12,0,0,0,0,0,0,0,0,0,0,0,0,0,0,0,0,0,0,0,0
1626166,Cameron Payne,PHX,202204280NOP,"Apr 28, 2022",NOP,3,5,0,5,23.08,30.0,-6.92,2,0,3,3,0,0,0,0,0,0,0,0,0,0,0,0,0,0,0,0,0,0,0,0
1629013,Landry Shamet,PHX,202204280NOP,"Apr 28, 2022",NOP,0,2,0,2,0.0,0.0,0.0,1,0,1,0,0,0,0,0,0,0,0,0,0,0,0,0,0,0,0,0,0,0,0,0
1630631,Jose Alvarado,NOP,202204280NOP,"Apr 28, 2022",PHX,11,8,5,10,50.0,53.92,-3.92,6,6,1,0,1,1,0,0,1,2,0,0,0,0,0,0,0,0,0,0,0,0,1,2
201580,JaVale McGee,PHX,202204280NOP,"Apr 28, 2022",NOP,2,1,2,2,50.0,53.19,-3.19,1,0,0,0,0,0,0,0,0,0,0,0,0,0,0,0,0,0,0,0,0,0,1,2
1628984,Devonte' Graham,NOP,202204280NOP,"Apr 28, 2022",PHX,0,1,0,1,0.0,0.0,0.0,0,0,1,0,0,0,0,0,0,0,0,0,0,0,0,0,0,0,0,0,0,0,0,0
1626204,Larry Nance Jr.,NOP,202204280NOP,"Apr 28, 2022",PHX,15,9,5,11,65.22,66.96,-1.74,8,8,0,0,2,4,0,0,1,3,0,0,0,0,0,0,0,0,0,0,0,0,0,0
202687,Bismack Biyombo,PHX,202204280NOP,"Apr 28, 2022",NOP,2,2,0,2,50.0,50.0,0.0,2,2,0,0,0,0,0,0,0,0,0,0,0,0,0,0,0,0,0,0,0,0,0,0
1628378,Donovan Mitchell,UTA,202204280UTA,"Apr 28, 2022",DAL,23,17,4,19,51.11,61.3,-10.19,10,14,7,6,2,3,0,0,0,0,0,0,0,0,0,0,0,0,0,0,0,0,0,0
1628973,Jalen Brunson,DAL,202204280UTA,"Apr 28, 2022",UTA,24,17,6,20,54.55,61.1,-6.55,13,14,4,6,2,3,0,0,0,0,0,0,0,0,0,0,0,0,0,0,0,0,1,1
202711,Bojan Bogdanovic,UTA,202204280UTA,"Apr 28, 2022",DAL,19,15,4,17,47.5,56.68,-9.18,9,8,6,9,2,2,0,0,0,0,0,0,0,0,0,0,0,0,0,0,0,0,0,0
201144,Mike Conley,UTA,202204280UTA,"Apr 28, 2022",DAL,11,10,2,11,39.29,50.55,-11.26,4,6,6,3,1,2,0,0,0,0,0,0,0,0,0,0,0,0,0,0,0,0,0,0
203939,Dwight Powell,DAL,202204280UTA,"Apr 28, 2022",UTA,0,2,0,2,0.0,0.0,0.0,2,0,0,0,0,0,0,0,0,0,0,0,0,0,0,0,0,0,0,0,0,0,0,0
203497,Rudy Gobert,UTA,202204280UTA,"Apr 28, 2022",DAL,10,6,4,8,62.5,64.43,-1.93,6,6,0,0,1,2,0,0,0,0,0,0,0,0,0,0,0,0,0,0,0,0,1,2
1629029,Luka Dončić,DAL,202204280UTA,"Apr 28, 2022",UTA,24,21,4,23,42.86,52.72,-9.86,11,8,10,12,2,4,0,0,0,0,0,0,0,0,0,0,0,0,0,0,0,0,0,0
1626220,Royce O'Neale,UTA,202204280UTA,"Apr 28, 2022",DAL,8,9,0,9,34.78,44.44,-9.66,4,8,5,0,0,0,0,0,0,0,0,0,0,0,0,0,0,0,0,0,0,0,0,0
1627827,Dorian Finney-Smith,DAL,202204280UTA,"Apr 28, 2022",UTA,18,13,0,13,51.43,69.23,-17.8,4,6,9,12,0,0,0,0,0,0,0,0,0,0,0,0,0,0,0,0,0,0,0,0
1628467,Maxi Kleber,DAL,202204280UTA,"Apr 28, 2022",UTA,7,7,0,7,36.84,50.0,-13.16,2,4,5,3,0,0,0,0,0,0,0,0,0,0,0,0,0,0,0,0,0,0,0,0
203903,Jordan Clarkson,UTA,202204280UTA,"Apr 28, 2022",DAL,15,15,4,17,37.5,44.75,-7.25,9,6,6,6,2,3,0,0,0,0,0,0,0,0,0,0,0,0,0,0,0,0,0,0
whiteha01,H. Whiteside,UTA,202204280UTA,"Apr 28, 2022",DAL,0,1,0,1,0.0,0.0,0.0,1,0,0,0,0,0,0,0,0,0,0,0,0,0,0,0,0,0,0,0,0,0,0,0
203493,Reggie Bullock Jr.,DAL,202204280UTA,"Apr 28, 2022",UTA,6,6,0,6,33.33,50.0,-16.67,0,0,6,6,0,0,0,0,0,0,0,0,0,0,0,0,0,0,0,0,0,0,0,0
203915,Spencer Dinwiddie,DAL,202204280UTA,"Apr 28, 2022",UTA,19,12,1,12,59.38,76.37,-16.99,4,4,7,12,0,0,0,0,1,3,0,0,0,0,0,0,0,0,0,0,0,0,0,0
1630182,Josh Green,DAL,202204280UTA,"Apr 28, 2022",UTA,0,1,0,1,0.0,0.0,0.0,0,0,1,0,0,0,0,0,0,0,0,0,0,0,0,0,0,0,0,0,0,0,0,0
1627823,Juancho Hernangomez,UTA,202204280UTA,"Apr 28, 2022",DAL,3,4,0,4,30.0,37.5,-7.5,2,0,2,3,0,0,0,0,0,0,0,0,0,0,0,0,0,0,0,0,0,0,0,0
1627863,Danuel House Jr.,UTA,202204280UTA,"Apr 28, 2022",DAL,5,6,2,7,29.41,36.34,-6.93,3,4,3,0,1,1,0,0,0,0,0,0,0,0,0,0,0,0,0,0,0,0,0,0
202722,Davis Bertans,DAL,202204280UTA,"Apr 28, 2022",UTA,0,1,0,1,0.0,0.0,0.0,0,0,1,0,0,0,0,0,0,0,0,0,0,0,0,0,0,0,0,0,0,0,0,0
pascher01,E. Paschall,UTA,202204280UTA,"Apr 28, 2022",DAL,2,1,0,1,100.0,100.0,0.0,1,2,0,0,0,0,0,0,0,0,0,0,0,0,0,0,0,0,0,0,0,0,0,0
1630217,Desmond Bane,MEM,202204290MIN,"Apr 29, 2022",MIN,23,14,0,14,63.89,82.14,-18.25,6,8,8,15,0,0,0,0,0,0,0,0,0,0,0,0,0,0,0,0,0,0,0,0
1626157,Karl-Anthony Towns,MIN,202204290MIN,"Apr 29, 2022",MEM,18,19,9,23,36.0,39.2,-3.2,15,10,3,0,3,3,0,0,1,3,0,0,0,0,0,0,0,0,0,0,0,0,1,2
201976,Patrick Beverley,MIN,202204290MIN,"Apr 29, 2022",MEM,10,8,3,10,41.67,53.65,-11.98,3,2,5,6,2,2,0,0,0,0,0,0,0,0,0,0,0,0,0,0,0,0,0,0
1626156,D'Angelo Russell,MIN,202204290MIN,"Apr 29, 2022",MEM,7,7,0,7,41.18,50.0,-8.82,4,4,3,3,0,0,0,0,0,0,0,0,0,0,0,0,0,0,0,0,0,0,0,0
1628991,Jaren Jackson Jr.,MEM,202204290MIN,"Apr 29, 2022",MIN,18,15,4,17,45.0,53.7,-8.7,9,6,6,9,1,1,0,0,0,0,0,0,0,0,0,0,0,0,0,0,0,0,1,2
1629630,Ja Morant,MEM,202204290MIN,"Apr 29, 2022",MIN,17,14,12,19,37.78,44.09,-6.31,7,4,5,0,2,2,0,0,2,5,0,0,0,0,0,0,0,0,0,0,0,0,3,6
1628415,Dillon Brooks,MEM,202204290MIN,"Apr 29, 2022",MIN,23,19,0,19,52.27,60.53,-8.26,13,8,6,15,0,0,0,0,0,0,0,0,0,0,0,0,0,0,0,0,0,0,0,0
1630162,Anthony Edwards,MIN,202204290MIN,"Apr 29, 2022",MEM,30,24,8,28,45.45,54.51,-9.06,14,12,10,12,4,6,0,0,0,0,0,0,0,0,0,0,0,0,0,0,0,0,0,0
1629020,Jarred Vanderbilt,MIN,202204290MIN,"Apr 29, 2022",MEM,2,3,0,3,33.33,33.33,0.0,3,2,0,0,0,0,0,0,0,0,0,0,0,0,0,0,0,0,0,0,0,0,0,0
203937,Kyle Anderson,MEM,202204290MIN,"Apr 29, 2022",MIN,4,3,0,3,66.67,66.67,0.0,3,4,0,0,0,0,0,0,0,0,0,0,0,0,0,0,0,0,0,0,0,0,0,0
1630214,Xavier Tillman,MEM,202204290MIN,"Apr 29, 2022",MIN,2,2,0,2,50.0,50.0,0.0,2,2,0,0,0,0,0,0,0,0,0,0,0,0,0,0,0,0,0,0,0,0,0,0
1629634,Brandon Clarke,MEM,202204290MIN,"Apr 29, 2022",MIN,17,9,8,13,65.38,67.89,-2.51,9,10,0,0,3,6,0,0,0,0,0,0,0,0,1,1,0,0,0,0,0,0,0,0
1630183,Jaden McDaniels,MIN,202204290MIN,"Apr 29, 2022",MEM,24,9,4,11,85.71,111.52,-25.81,3,6,6,15,2,3,0,0,0,0,0,0,0,0,0,0,0,0,0,0,0,0,0,0
1626145,Tyus Jones,MEM,202204290MIN,"Apr 29, 2022",MIN,10,9,0,9,41.67,55.56,-13.89,3,4,6,6,0,0,0,0,0,0,0,0,0,0,0,0,0,0,0,0,0,0,0,0
1627736,Malik Beasley,MIN,202204290MIN,"Apr 29, 2022",MEM,2,4,0,4,18.18,25.0,-6.82,1,2,3,0,0,0,0,0,0,0,0,0,0,0,0,0,0,0,0,0,0,0,0,0
1629162,Jordan McLaughlin,MIN,202204290MIN,"Apr 29, 2022",MEM,9,5,2,6,69.23,76.53,-7.3,4,8,1,0,0,0,0,0,0,0,0,0,0,0,0,0,0,0,0,0,0,0,1,1
monrogr01,G. Monroe,MIN,202204290MIN,"Apr 29, 2022",MEM,4,5,0,5,40.0,40.0,0.0,5,4,0,0,0,0,0,0,0,0,0,0,0,0,0,0,0,0,0,0,0,0,0,0
1629723,John Konchar,MEM,202204290MIN,"Apr 29, 2022",MIN,0,1,0,1,0.0,0.0,0.0,0,0,1,0,0,0,0,0,0,0,0,0,0,0,0,0,0,0,0,0,0,0,0,0
203507,Giannis Antetokounmpo,MIL,202205010BOS,"May 1, 2022",BOS,24,25,11,30,38.1,40.21,-2.11,22,16,2,0,4,5,0,0,1,2,0,0,0,0,0,0,0,0,0,0,0,0,1,1
201143,Al Horford,BOS,202205010BOS,"May 1, 2022",MIL,12,11,0,11,38.71,54.55,-15.84,2,0,9,12,0,0,0,0,0,0,0,0,0,0,0,0,0,0,0,0,0,0,0,0
1627759,Jaylen Brown,BOS,202205010BOS,"May 1, 2022",MIL,12,13,2,14,32.43,43.23,-10.8,4,2,9,9,0,0,0,0,0,0,0,0,0,0,0,0,0,0,0,0,0,0,1,1
1626171,Bobby Portis,MIL,202205010BOS,"May 1, 2022",BOS,15,12,2,13,45.45,58.23,-12.78,5,8,7,6,1,1,0,0,0,0,0,0,0,0,0,0,0,0,0,0,0,0,0,0
201572,Brook Lopez,MIL,202205010BOS,"May 1, 2022",BOS,6,7,0,7,37.5,42.86,-5.36,5,6,2,0,0,0,0,0,0,0,0,0,0,0,0,0,0,0,0,0,0,0,0,0
203935,Marcus Smart,BOS,202205010BOS,"May 1, 2022",MIL,10,11,4,13,31.25,39.18,-7.93,5,4,6,3,2,3,0,0,0,0,0,0,0,0,0,0,0,0,0,0,0,0,0,0
202083,Wesley Matthews,MIL,202205010BOS,"May 1, 2022",BOS,5,7,0,7,25.0,35.71,-10.71,1,2,6,3,0,0,0,0,0,0,0,0,0,0,0,0,0,0,0,0,0,0,0,0
201950,Jrue Holiday,MIL,202205010BOS,"May 1, 2022",BOS,25,20,6,23,49.02,55.21,-6.19,15,10,5,9,2,4,0,0,0,0,0,0,0,0,0,0,0,0,0,0,0,0,1,2
1629057,Robert Williams III,BOS,202205010BOS,"May 1, 2022",MIL,6,6,0,6,46.15,50.0,-3.85,5,6,1,0,0,0,0,0,0,0,0,0,0,0,0,0,0,0,0,0,0,0,0,0
1628369,Jayson Tatum,MIL,202205010BOS,"May 1, 2022",BOS,21,18,8,22,39.62,48.79,-9.17,9,4,9,12,3,3,0,0,0,0,0,0,0,0,0,0,0,0,0,0,0,0,1,2
1628960,Grayson Allen,MIL,202205010BOS,"May 1, 2022",BOS,11,8,0,8,50.0,68.75,-18.75,2,2,6,9,0,0,0,0,0,0,0,0,0,0,0,0,0,0,0,0,0,0,0,0
1626192,Pat Connaughton,MIL,202205010BOS,"May 1, 2022",BOS,8,6,0,6,50.0,66.67,-16.67,2,2,4,6,0,0,0,0,0,0,0,0,0,0,0,0,0,0,0,0,0,0,0,0
1628401,Derrick White,BOS,202205010BOS,"May 1, 2022",MIL,10,6,4,8,52.63,64.43,-11.8,3,0,3,6,1,2,0,0,0,0,0,0,0,0,0,0,0,0,0,0,0,0,1,2
1629684,Grant Williams,BOS,202205010BOS,"May 1, 2022",MIL,8,6,2,7,44.44,58.14,-13.7,2,0,4,6,1,2,0,0,0,0,0,0,0,0,0,0,0,0,0,0,0,0,0,0
1628975,Jevon Carter,MIL,202205010BOS,"May 1, 2022",BOS,7,4,2,5,58.33,71.72,-13.39,2,2,2,3,1,2,0,0,0,0,0,0,0,0,0,0,0,0,0,0,0,0,0,0
1630202,Payton Pritchard,BOS,202205010BOS,"May 1, 2022",MIL,6,8,0,8,25.0,37.5,-12.5,0,0,8,6,0,0,0,0,0,0,0,0,0,0,0,0,0,0,0,0,0,0,0,0
1628464,Daniel Theis,BOS,202205010BOS,"May 1, 2022",MIL,2,1,0,1,100.0,100.0,0.0,1,2,0,0,0,0,0,0,0,0,0,0,0,0,0,0,0,0,0,0,0,0,0,0
fittsma01,M. Fitts,BOS,202205010BOS,"May 1, 2022",MIL,2,1,0,1,100.0,100.0,0.0,1,2,0,0,0,0,0,0,0,0,0,0,0,0,0,0,0,0,0,0,0,0,0,0
1630174,Aaron Nesmith,BOS,202205010BOS,"May 1, 2022",MIL,0,1,0,1,0.0,0.0,0.0,1,0,0,0,0,0,0,0,0,0,0,0,0,0,0,0,0,0,0,0,0,0,0,0
stausni01,N. Stauskas,BOS,202205010BOS,"May 1, 2022",MIL,0,2,0,2,0.0,0.0,0.0,1,0,1,0,0,0,0,0,0,0,0,0,0,0,0,0,0,0,0,0,0,0,0,0
201586,Serge Ibaka,MIL,202205010BOS,"May 1, 2022",BOS,0,1,0,1,0.0,0.0,0.0,1,0,0,0,0,0,0,0,0,0,0,0,0,0,0,0,0,0,0,0,0,0,0,0
1629630,Ja Morant,MEM,202205010MEM,"May 1, 2022",GSW,34,31,3,32,44.74,52.6,-7.86,19,18,11,12,1,2,0,0,1,2,0,0,0,0,0,0,0,0,0,0,0,0,0,0
203952,Andrew Wiggins,GSW,202205010MEM,"May 1, 2022",MEM,17,14,7,17,42.5,49.77,-7.27,8,8,5,3,3,4,0,0,1,2,0,0,0,0,0,0,0,0,0,0,0,0,0,0
1628415,Dillon Brooks,MEM,202205010MEM,"May 1, 2022",GSW,8,13,0,13,23.53,30.77,-7.24,5,2,8,6,0,0,0,0,0,0,0,0,0,0,0,0,0,0,0,0,0,0,0,0
203110,Draymond Green,GSW,202205010MEM,"May 1, 2022",MEM,6,3,3,4,66.67,69.44,-2.77,2,2,0,0,1,1,0,0,1,3,0,0,0,0,0,0,0,0,0,0,0,0,0,0
202691,Klay Thompson,GSW,202205010MEM,"May 1, 2022",MEM,15,19,2,20,30.0,37.73,-7.73,9,6,10,9,0,0,0,0,0,0,0,0,0,0,0,0,0,0,0,0,0,0,1,0
201939,Stephen Curry,GSW,202205010MEM,"May 1, 2022",MEM,24,20,4,21,42.86,55.15,-12.29,8,6,11,12,0,0,1,3,0,0,1,3,0,0,0,0,0,0,0,0,0,0,0,0
1630217,Desmond Bane,MEM,202205010MEM,"May 1, 2022",GSW,9,10,3,12,32.14,39.75,-7.61,5,4,5,3,0,0,0,0,0,0,0,0,0,0,0,0,0,0,0,0,1,1,1,1
1630214,Xavier Tillman,MEM,202205010MEM,"May 1, 2022",GSW,2,2,0,2,50.0,50.0,0.0,2,2,0,0,0,0,0,0,0,0,0,0,0,0,0,0,0,0,0,0,0,0,0,0
1627780,Gary Payton II,MEM,202205010MEM,"May 1, 2022",GSW,8,5,0,5,80.0,80.0,0.0,5,8,0,0,0,0,0,0,0,0,0,0,0,0,0,0,0,0,0,0,0,0,0,0
1628991,Jaren Jackson Jr.,MEM,202205010MEM,"May 1, 2022",GSW,33,18,9,22,61.11,75.14,-14.03,8,6,9,18,3,4,0,0,1,3,0,0,0,0,0,0,0,0,0,0,0,0,1,2
1629673,Jordan Poole,GSW,202205010MEM,"May 1, 2022",MEM,31,20,2,21,59.62,74.23,-14.61,10,14,10,15,1,2,0,0,0,0,0,0,0,0,0,0,0,0,0,0,0,0,0,0
203490,Otto Porter Jr.,GSW,202205010MEM,"May 1, 2022",MEM,2,4,0,4,22.22,25.0,-2.78,3,2,1,0,0,0,0,0,0,0,0,0,0,0,0,0,0,0,0,0,0,0,0,0
203937,Kyle Anderson,MEM,202205010MEM,"May 1, 2022",GSW,2,3,2,4,25.0,25.77,-0.77,3,0,0,0,0,0,0,0,0,0,0,0,0,0,0,0,0,0,0,0,0,0,1,2
1629634,Brandon Clarke,MEM,202205010MEM,"May 1, 2022",GSW,12,6,6,9,66.67,69.44,-2.77,6,8,0,0,1,1,0,0,0,0,0,0,0,0,1,2,0,0,0,0,0,0,1,1
1629001,De'Anthony Melton,MEM,202205010MEM,"May 1, 2022",GSW,14,8,1,9,60.87,82.94,-22.07,2,4,6,9,0,0,0,0,0,0,0,0,0,0,0,0,0,0,0,0,1,1,0,0
1626172,Kevon Looney,GSW,202205010MEM,"May 1, 2022",MEM,8,5,0,5,80.0,80.0,0.0,5,8,0,0,0,0,0,0,0,0,0,0,0,0,0,0,0,0,0,0,0,0,0,0
1626145,Tyus Jones,MEM,202205010MEM,"May 1, 2022",GSW,2,4,0,4,22.22,25.0,-2.78,3,2,1,0,0,0,0,0,0,0,0,0,0,0,0,0,0,0,0,0,0,0,0,0
1630228,Jonathan Kuminga,GSW,202205010MEM,"May 1, 2022",MEM,6,3,2,4,75.0,77.32,-2.32,3,4,0,0,1,2,0,0,0,0,0,0,0,0,0,0,0,0,0,0,0,0,0,0
1629216,Gabe Vincent,MIA,202205020MIA,"May 2, 2022",PHI,10,12,1,12,31.25,40.19,-8.94,4,4,7,3,0,0,0,0,1,3,0,0,0,0,0,0,0,0,0,0,0,0,0,0
1630178,Tyrese Maxey,PHI,202205020MIA,"May 2, 2022",MIA,19,15,6,18,45.24,53.85,-8.61,9,10,6,3,3,6,0,0,0,0,0,0,0,0,0,0,0,0,0,0,0,0,0,0
1628389,Bam Adebayo,MIA,202205020MIA,"May 2, 2022",PHI,24,10,8,14,85.71,88.76,-3.05,10,16,0,0,4,8,0,0,0,0,0,0,0,0,0,0,0,0,0,0,0,0,0,0
200782,P.J. Tucker,PHI,202205020MIA,"May 2, 2022",MIA,10,9,0,9,45.45,55.56,-10.11,5,4,4,6,0,0,0,0,0,0,0,0,0,0,0,0,0,0,0,0,0,0,0,0
201599,DeAndre Jordan,PHI,202205020MIA,"May 2, 2022",MIA,4,2,0,2,100.0,100.0,0.0,2,4,0,0,0,0,0,0,0,0,0,0,0,0,0,0,0,0,0,0,0,0,0,0
202710,Jimmy Butler III,MIA,202205020MIA,"May 2, 2022",PHI,15,16,4,18,37.5,42.23,-4.73,12,8,4,3,1,2,0,0,0,0,0,0,0,0,0,0,0,0,0,0,0,0,1,2
201935,James Harden,PHI,202205020MIA,"May 2, 2022",MIA,16,13,4,15,43.24,54.2,-10.96,6,6,7,6,2,4,0,0,0,0,0,0,0,0,0,0,0,0,0,0,0,0,0,0
201980,Danny Green,PHI,202205020MIA,"May 2, 2022",MIA,5,6,0,6,29.41,41.67,-12.26,1,2,5,3,0,0,0,0,0,0,0,0,0,0,0,0,0,0,0,0,0,0,0,0
202699,Tobias Harris,PHI,202205020MIA,"May 2, 2022",MIA,27,18,5,20,60.0,66.83,-6.83,13,18,4,3,2,4,0,0,1,2,0,0,0,0,0,0,0,0,0,0,0,0,0,0
1629622,Max Strus,MIA,202205020MIA,"May 2, 2022",PHI,5,8,0,8,21.74,31.25,-9.51,1,2,7,3,0,0,0,0,0,0,0,0,0,0,0,0,0,0,0,0,0,0,0,0
1630194,Paul Reed,PHI,202205020MIA,"May 2, 2022",MIA,4,6,0,6,33.33,33.33,0.0,6,4,0,0,0,0,0,0,0,0,0,0,0,0,0,0,0,0,0,0,0,0,0,0
1629003,Shake Milton,PHI,202205020MIA,"May 2, 2022",MIA,4,3,2,4,44.44,51.55,-7.11,2,2,1,0,1,2,0,0,0,0,0,0,0,0,0,0,0,0,0,0,0,0,0,0
1629639,Tyler Herro,MIA,202205020MIA,"May 2, 2022",PHI,25,17,3,18,58.14,68.23,-10.09,11,10,6,12,0,0,1,3,0,0,0,0,0,0,0,0,0,0,0,0,0,0,0,0
1627777,Georges Niang,PHI,202205020MIA,"May 2, 2022",MIA,0,7,0,7,0.0,0.0,0.0,0,0,7,0,0,0,0,0,0,0,0,0,0,0,0,0,0,0,0,0,0,0,0,0
203473,Dewayne Dedmon,MIA,202205020MIA,"May 2, 2022",PHI,0,1,0,1,0.0,0.0,0.0,1,0,0,0,0,0,0,0,0,0,0,0,0,0,0,0,0,0,0,0,0,0,0,0
203506,Victor Oladipo,MIA,202205020MIA,"May 2, 2022",PHI,5,8,2,9,21.74,28.15,-6.41,3,4,5,0,1,1,0,0,0,0,0,0,0,0,0,0,0,0,0,0,0,0,0,0
1629680,Matisse Thybulle,PHI,202205020MIA,"May 2, 2022",MIA,2,3,0,3,25.0,33.33,-8.33,1,2,2,0,0,0,0,0,0,0,0,0,0,0,0,0,0,0,0,0,0,0,0,0
1628997,Caleb Martin,MIA,202205020MIA,"May 2, 2022",PHI,6,7,0,7,35.29,42.86,-7.57,4,6,3,0,0,0,0,0,0,0,0,0,0,0,0,0,0,0,0,0,0,0,0,0
1627788,Furkan Korkmaz,PHI,202205020MIA,"May 2, 2022",MIA,9,5,2,6,64.29,76.53,-12.24,3,4,2,3,1,2,0,0,0,0,0,0,0,0,0,0,0,0,0,0,0,0,0,0
1629646,Charles Bassey,PHI,202205020MIA,"May 2, 2022",MIA,2,1,1,1,66.67,69.44,-2.77,0,0,0,0,0,0,0,0,1,2,0,0,0,0,0,0,0,0,0,0,0,0,0,0
1630209,Omer Yurtseven,MIA,202205020MIA,"May 2, 2022",PHI,6,4,0,4,75.0,75.0,0.0,4,6,0,0,0,0,0,0,0,0,0,0,0,0,0,0,0,0,0,0,0,0,0,0
101108,Chris Paul,PHX,202205020PHO,"May 2, 2022",DAL,19,13,3,14,55.88,66.34,-10.46,7,8,5,6,0,0,0,0,1,3,0,0,0,0,0,0,0,0,0,0,0,0,1,2
1629029,Luka Dončić,DAL,202205020PHO,"May 2, 2022",PHX,45,30,14,37,52.94,62.22,-9.28,18,20,11,12,4,6,0,0,1,3,0,0,1,1,1,1,0,0,0,0,0,0,1,2
1628969,Mikal Bridges,PHX,202205020PHO,"May 2, 2022",DAL,13,9,4,11,52.0,60.41,-8.41,6,6,3,3,0,0,0,0,0,0,0,0,0,0,0,0,0,0,0,0,0,0,2,4
1626164,Devin Booker,PHX,202205020PHO,"May 2, 2022",DAL,23,20,8,24,43.4,48.89,-5.49,15,12,5,3,2,4,0,0,0,0,0,0,0,0,0,0,0,0,0,0,0,0,2,4
1627827,Dorian Finney-Smith,PHX,202205020PHO,"May 2, 2022",DAL,15,10,4,12,50.0,63.78,-13.78,4,6,6,6,2,3,0,0,0,0,0,0,0,0,0,0,0,0,0,0,0,0,0,0
1628973,Jalen Brunson,DAL,202205020PHO,"May 2, 2022",PHX,13,16,1,16,38.24,39.54,-1.3,14,10,1,0,0,0,0,0,1,3,0,0,0,0,0,0,0,0,0,0,0,0,0,0
1629028,Deandre Ayton,PHX,202205020PHO,"May 2, 2022",DAL,25,20,1,20,60.98,61.15,-0.17,19,22,0,0,0,0,0,0,1,3,0,0,0,0,0,0,0,0,0,0,0,0,0,0
203109,Jae Crowder,PHX,202205020PHO,"May 2, 2022",DAL,11,6,0,6,64.71,91.67,-26.96,1,2,5,9,0,0,0,0,0,0,0,0,0,0,0,0,0,0,0,0,0,0,0,0
203493,Reggie Bullock Jr.,DAL,202205020PHO,"May 2, 2022",PHX,7,7,1,7,31.82,47.04,-15.22,0,0,6,3,0,0,0,0,0,0,1,4,0,0,0,0,0,0,0,0,0,0,0,0
203915,Spencer Dinwiddie,DAL,202205020PHO,"May 2, 2022",PHX,8,8,0,8,40.0,50.0,-10.0,4,2,4,6,0,0,0,0,0,0,0,0,0,0,0,0,0,0,0,0,0,0,0,0
1628467,Maxi Kleber,DAL,202205020PHO,"May 2, 2022",PHX,19,9,5,11,61.29,84.82,-23.53,0,0,8,15,0,0,0,0,1,2,0,0,0,0,0,0,0,0,0,0,0,0,2,2
202722,Davis Bertans,DAL,202205020PHO,"May 2, 2022",PHX,3,2,0,2,50.0,75.0,-25.0,0,0,2,3,0,0,0,0,0,0,0,0,0,0,0,0,0,0,0,0,0,0,0,0
1629661,Cameron Johnson,PHX,202205020PHO,"May 2, 2022",DAL,17,10,2,11,60.71,78.12,-17.41,4,6,6,9,0,0,0,0,0,0,0,0,0,0,0,0,0,0,0,0,0,0,1,2
1626166,Cameron Payne,PHX,202205020PHO,"May 2, 2022",DAL,9,8,0,8,47.37,56.25,-8.88,5,6,3,3,0,0,0,0,0,0,0,0,0,0,0,0,0,0,0,0,0,0,0,0
201580,JaVale McGee,PHX,202205020PHO,"May 2, 2022",DAL,4,3,0,3,66.67,66.67,0.0,3,4,0,0,0,0,0,0,0,0,0,0,0,0,0,0,0,0,0,0,0,0,0,0
1629013,Landry Shamet,PHX,202205020PHO,"May 2, 2022",DAL,0,1,0,1,0.0,0.0,0.0,1,0,0,0,0,0,0,0,0,0,0,0,0,0,0,0,0,0,0,0,0,0,0,0
203939,Dwight Powell,DAL,202205020PHO,"May 2, 2022",PHX,4,3,0,3,66.67,66.67,0.0,3,4,0,0,0,0,0,0,0,0,0,0,0,0,0,0,0,0,0,0,0,0,0,0
1628470,Torrey Craig,PHX,202205020PHO,"May 2, 2022",DAL,0,1,0,1,0.0,0.0,0.0,0,0,1,0,0,0,0,0,0,0,0,0,0,0,0,0,0,0,0,0,0,0,0,0
1628401,Derrick White,BOS,202205030BOS,"May 3, 2022",MIL,0,6,0,6,0.0,0.0,0.0,2,0,4,0,0,0,0,0,0,0,0,0,0,0,0,0,0,0,0,0,0,0,0,0
201572,Brook Lopez,MIL,202205030BOS,"May 3, 2022",BOS,2,2,0,2,50.0,50.0,0.0,2,2,0,0,0,0,0,0,0,0,0,0,0,0,0,0,0,0,0,0,0,0,0,0
203507,Giannis Antetokounmpo,MIL,202205030BOS,"May 3, 2022",BOS,28,27,9,30,41.79,45.22,-3.43,20,14,4,3,3,4,0,0,3,7,0,0,0,0,0,0,0,0,0,0,0,0,0,0
201143,Al Horford,BOS,202205030BOS,"May 3, 2022",MIL,11,9,2,10,44.0,55.67,-11.67,4,6,5,3,0,0,0,0,0,0,0,0,0,0,1,2,0,0,0,0,0,0,0,0
1627759,Jaylen Brown,BOS,202205030BOS,"May 3, 2022",MIL,30,18,2,19,62.5,79.45,-16.95,8,10,10,18,1,2,0,0,0,0,0,0,0,0,0,0,0,0,0,0,0,0,0,0
201950,Jrue Holiday,MIL,202205030BOS,"May 3, 2022",BOS,19,20,4,22,38.0,43.66,-5.66,14,12,6,3,1,2,0,0,0,0,0,0,0,0,0,0,0,0,0,0,0,0,1,2
1629057,Robert Williams III,BOS,202205030BOS,"May 3, 2022",MIL,10,5,2,6,83.33,85.03,-1.7,5,8,0,0,1,2,0,0,0,0,0,0,0,0,0,0,0,0,0,0,0,0,0,0
202083,Wesley Matthews,MIL,202205030BOS,"May 3, 2022",BOS,4,2,2,3,57.14,69.44,-12.3,1,2,1,0,1,2,0,0,0,0,0,0,0,0,0,0,0,0,0,0,0,0,0,0
1626171,Bobby Portis,MIL,202205030BOS,"May 3, 2022",BOS,13,7,3,8,68.42,78.12,-9.7,4,8,2,0,1,2,0,0,1,3,0,0,0,0,0,0,0,0,0,0,0,0,0,0
1629684,Grant Williams,BOS,202205030BOS,"May 3, 2022",MIL,21,14,2,15,53.85,70.56,-16.71,5,2,9,18,0,0,0,0,0,0,0,0,0,0,0,0,0,0,0,0,0,0,1,1
1628960,Grayson Allen,MIL,202205030BOS,"May 3, 2022",BOS,5,4,3,6,41.67,46.99,-5.32,3,4,1,0,1,1,0,0,0,0,0,0,1,0,0,0,0,0,0,0,0,0,0,0
1628369,Jayson Tatum,BOS,202205030BOS,"May 3, 2022",MIL,29,20,5,22,52.73,65.32,-12.59,9,8,10,15,1,2,0,0,1,2,0,0,0,0,0,0,0,0,0,0,0,0,1,2
1626192,Pat Connaughton,MIL,202205030BOS,"May 3, 2022",BOS,13,7,0,7,81.25,92.86,-11.61,5,10,2,3,0,0,0,0,0,0,0,0,0,0,0,0,0,0,0,0,0,0,0,0
1628975,Jevon Carter,MIL,202205030BOS,"May 3, 2022",BOS,2,1,0,1,100.0,100.0,0.0,1,2,0,0,0,0,0,0,0,0,0,0,0,0,0,0,0,0,0,0,0,0,0,0
1630202,Payton Pritchard,BOS,202205030BOS,"May 3, 2022",MIL,6,6,0,6,37.5,50.0,-12.5,2,0,4,6,0,0,0,0,0,0,0,0,0,0,0,0,0,0,0,0,0,0,0,0
201586,Serge Ibaka,MIL,202205030BOS,"May 3, 2022",BOS,0,2,0,2,0.0,0.0,0.0,1,0,1,0,0,0,0,0,0,0,0,0,0,0,0,0,0,0,0,0,0,0,0,0
1629670,Jordan Nwora,MIL,202205030BOS,"May 3, 2022",BOS,0,0,2,1,0.0,0.0,0.0,0,0,0,0,1,0,0,0,0,0,0,0,0,0,0,0,0,0,0,0,0,0,0,0
vildolu01,L. Vildoza,MIL,202205030BOS,"May 3, 2022",BOS,0,1,0,1,0.0,0.0,0.0,0,0,1,0,0,0,0,0,0,0,0,0,0,0,0,0,0,0,0,0,0,0,0,0
fittsma01,M. Fitts,BOS,202205030BOS,"May 3, 2022",MIL,0,1,0,1,0.0,0.0,0.0,1,0,0,0,0,0,0,0,0,0,0,0,0,0,0,0,0,0,0,0,0,0,0,0
1630573,Sam Hauser,BOS,202205030BOS,"May 3, 2022",MIL,2,1,2,2,40.0,53.19,-13.19,0,0,1,0,1,2,0,0,0,0,0,0,0,0,0,0,0,0,0,0,0,0,0,0
1628991,Jaren Jackson Jr.,MEM,202205030MEM,"May 3, 2022",GSW,12,14,4,16,30.77,38.07,-7.3,7,2,7,6,2,4,0,0,0,0,0,0,0,0,0,0,0,0,0,0,0,0,0,0
203110,Draymond Green,GSW,202205030MEM,"May 3, 2022",MEM,6,5,0,5,54.55,60.0,-5.45,4,6,1,0,0,0,0,0,0,0,0,0,0,0,0,0,0,0,0,0,0,0,0,0
1629630,Ja Morant,MEM,202205030MEM,"May 3, 2022",GSW,47,31,13,37,54.02,64.0,-9.98,18,18,12,15,2,4,0,0,1,3,0,0,0,0,0,0,0,0,0,0,0,0,4,7
203952,Andrew Wiggins,GSW,202205030MEM,"May 3, 2022",MEM,16,16,4,18,37.21,45.05,-7.84,9,10,7,3,1,1,0,0,0,0,0,0,0,0,0,0,0,0,0,0,0,0,1,2
1628415,Dillon Brooks,MEM,202205030MEM,"May 3, 2022",GSW,0,3,0,3,0.0,0.0,0.0,2,0,1,0,0,0,0,0,0,0,0,0,0,0,0,0,0,0,0,0,0,0,0,0
201939,Stephen Curry,GSW,202205030MEM,"May 3, 2022",MEM,27,25,2,26,42.86,52.16,-9.3,14,16,11,9,0,0,0,0,0,0,0,0,0,0,0,0,0,0,0,0,0,0,1,2
1630214,Xavier Tillman,MEM,202205030MEM,"May 3, 2022",GSW,7,4,1,4,77.78,78.83,-1.05,3,4,0,0,0,0,0,0,1,3,0,0,0,0,0,0,0,0,0,0,0,0,0,0
202691,Klay Thompson,GSW,202205030MEM,"May 3, 2022",MEM,12,19,0,19,24.0,31.58,-7.58,7,6,12,6,0,0,0,0,0,0,0,0,0,0,0,0,0,0,0,0,0,0,0,0
1630217,Desmond Bane,MEM,202205030MEM,"May 3, 2022",GSW,5,7,0,7,27.78,35.71,-7.93,3,2,4,3,0,0,0,0,0,0,0,0,0,0,0,0,0,0,0,0,0,0,0,0
1629001,De'Anthony Melton,MEM,202205030MEM,"May 3, 2022",GSW,3,5,0,5,21.43,30.0,-8.57,1,0,4,3,0,0,0,0,0,0,0,0,0,0,0,0,0,0,0,0,0,0,0,0
1627780,Gary Payton II,GSW,202205030MEM,"May 3, 2022",MEM,1,0,2,1,50.0,56.82,-6.82,0,0,0,0,0,0,0,0,0,0,0,0,0,0,1,1,0,0,0,0,0,0,0,0
1629673,Jordan Poole,GSW,202205030MEM,"May 3, 2022",MEM,20,16,3,17,48.78,57.74,-8.96,9,12,6,3,1,2,0,0,1,3,0,0,0,0,0,0,0,0,0,0,0,0,0,0
1626172,Kevon Looney,GSW,202205030MEM,"May 3, 2022",MEM,4,2,2,3,66.67,69.44,-2.77,2,4,0,0,1,0,0,0,0,0,0,0,0,0,0,0,0,0,0,0,0,0,0,0
1629634,Brandon Clarke,MEM,202205030MEM,"May 3, 2022",GSW,10,4,2,5,100.0,102.46,-2.46,4,8,0,0,1,2,0,0,0,0,0,0,0,0,0,0,0,0,0,0,0,0,0,0
1630533,Ziaire Williams,MEM,202205030MEM,"May 3, 2022",GSW,14,9,0,9,53.85,77.78,-23.93,1,2,8,12,0,0,0,0,0,0,0,0,0,0,0,0,0,0,0,0,0,0,0,0
1627814,Damion Lee,GSW,202205030MEM,"May 3, 2022",MEM,2,1,0,1,100.0,100.0,0.0,1,2,0,0,0,0,0,0,0,0,0,0,0,0,0,0,0,0,0,0,0,0,0,0
203937,Kyle Anderson,MEM,202205030MEM,"May 3, 2022",GSW,5,7,0,7,27.78,35.71,-7.93,3,2,4,3,0,0,0,0,0,0,0,0,0,0,0,0,0,0,0,0,0,0,0,0
203490,Otto Porter Jr.,GSW,202205030MEM,"May 3, 2022",MEM,4,4,2,5,36.36,40.98,-4.62,3,2,1,0,1,2,0,0,0,0,0,0,0,0,0,0,0,0,0,0,0,0,0,0
1626145,Tyus Jones,MEM,202205030MEM,"May 3, 2022",GSW,3,7,1,7,15.0,20.16,-5.16,1,0,5,0,0,0,0,0,1,3,0,0,0,0,0,0,0,0,0,0,0,0,0,0
1630228,Jonathan Kuminga,GSW,202205030MEM,"May 3, 2022",MEM,9,7,3,8,52.94,54.09,-1.15,6,4,0,0,0,0,0,0,1,3,0,0,0,0,0,0,0,0,0,0,0,0,1,2
202699,Tobias Harris,PHI,202205040MIA,"May 4, 2022",MIA,21,17,1,17,52.5,60.21,-7.71,11,12,5,6,0,0,0,0,1,3,0,0,0,0,0,0,0,0,0,0,0,0,0,0
200782,P.J. Tucker,MIA,202205040MIA,"May 4, 2022",PHI,6,6,0,6,40.0,50.0,-10.0,3,0,3,6,0,0,0,0,0,0,0,0,0,0,0,0,0,0,0,0,0,0,0,0
201599,DeAndre Jordan,PHI,202205040MIA,"May 4, 2022",MIA,6,3,0,3,100.0,100.0,0.0,3,6,0,0,0,0,0,0,0,0,0,0,0,0,0,0,0,0,0,0,0,0,0,0
202710,Jimmy Butler III,MIA,202205040MIA,"May 4, 2022",PHI,22,15,7,18,55.0,60.84,-5.84,11,12,3,3,2,4,0,0,1,3,0,0,0,0,0,0,0,0,0,0,0,0,1,0
1629622,Max Strus,MIA,202205040MIA,"May 4, 2022",PHI,9,6,0,6,50.0,75.0,-25.0,0,0,6,9,0,0,0,0,0,0,0,0,0,0,0,0,0,0,0,0,0,0,0,0
1628389,Bam Adebayo,MIA,202205040MIA,"May 4, 2022",PHI,23,11,11,15,69.7,72.6,-2.9,8,8,0,0,3,4,0,0,3,9,0,0,0,0,0,0,0,0,0,0,0,0,1,2
201935,James Harden,PHI,202205040MIA,"May 4, 2022",MIA,20,15,7,18,47.62,55.31,-7.69,10,10,5,3,2,4,1,3,0,0,0,0,0,0,0,0,0,0,0,0,0,0,0,0
1630178,Tyrese Maxey,PHI,202205040MIA,"May 4, 2022",MIA,34,22,11,26,57.63,63.34,-5.71,15,16,4,3,4,7,0,0,3,8,0,0,0,0,0,0,0,0,0,0,0,0,0,0
201980,Danny Green,PHI,202205040MIA,"May 4, 2022",MIA,3,10,0,10,10.34,15.0,-4.66,1,0,9,3,0,0,0,0,0,0,0,0,0,0,0,0,0,0,0,0,0,0,0,0
1629216,Gabe Vincent,MIA,202205040MIA,"May 4, 2022",PHI,7,7,0,7,38.89,50.0,-11.11,3,4,4,3,0,0,0,0,0,0,0,0,0,0,0,0,0,0,0,0,0,0,0,0
1630194,Paul Reed,PHI,202205040MIA,"May 4, 2022",MIA,4,4,1,4,44.44,45.05,-0.61,3,2,0,0,0,0,0,0,1,2,0,0,0,0,0,0,0,0,0,0,0,0,0,0
203473,Dewayne Dedmon,MIA,202205040MIA,"May 4, 2022",PHI,7,5,4,7,43.75,51.78,-8.03,3,4,2,0,2,3,0,0,0,0,0,0,0,0,0,0,0,0,0,0,0,0,0,0
1629639,Tyler Herro,MIA,202205040MIA,"May 4, 2022",PHI,18,10,4,12,62.07,76.53,-14.46,5,6,5,9,1,2,0,0,0,0,0,0,0,0,0,0,0,0,0,0,0,0,1,1
1627788,Furkan Korkmaz,PHI,202205040MIA,"May 4, 2022",MIA,8,8,0,8,40.0,50.0,-10.0,4,2,4,6,0,0,0,0,0,0,0,0,0,0,0,0,0,0,0,0,0,0,0,0
203506,Victor Oladipo,MIA,202205040MIA,"May 4, 2022",PHI,19,11,4,13,63.33,74.45,-11.12,7,6,4,9,1,2,0,0,0,0,0,0,0,0,0,0,0,0,0,0,0,0,1,2
1627777,Georges Niang,PHI,202205040MIA,"May 4, 2022",MIA,5,4,0,4,45.45,62.5,-17.05,1,2,3,3,0,0,0,0,0,0,0,0,0,0,0,0,0,0,0,0,0,0,0,0
1628997,Caleb Martin,MIA,202205040MIA,"May 4, 2022",PHI,6,5,1,5,46.15,55.15,-9.0,2,0,2,3,0,0,0,0,1,3,0,0,0,0,0,0,0,0,0,0,0,0,0,0
1629003,Shake Milton,PHI,202205040MIA,"May 4, 2022",MIA,2,1,2,2,50.0,53.19,-3.19,1,0,0,0,1,2,0,0,0,0,0,0,0,0,0,0,0,0,0,0,0,0,0,0
1629312,Haywood Highsmith,MIA,202205040MIA,"May 4, 2022",PHI,0,1,0,1,0.0,0.0,0.0,1,0,0,0,0,0,0,0,0,0,0,0,0,0,0,0,0,0,0,0,0,0,0,0
1630209,Omer Yurtseven,MIA,202205040MIA,"May 4, 2022",PHI,2,1,0,1,100.0,100.0,0.0,1,2,0,0,0,0,0,0,0,0,0,0,0,0,0,0,0,0,0,0,0,0,0,0
1628969,Mikal Bridges,PHX,202205040PHO,"May 4, 2022",DAL,11,6,0,6,78.57,91.67,-13.1,4,8,2,3,0,0,0,0,0,0,0,0,0,0,0,0,0,0,0,0,0,0,0,0
1629029,Luka Dončić,DAL,202205040PHO,"May 4, 2022",PHX,35,22,5,24,59.32,72.31,-12.99,11,14,10,15,2,3,0,0,1,3,0,0,0,0,0,0,0,0,0,0,0,0,0,0
203939,Dwight Powell,DAL,202205040PHO,"May 4, 2022",PHX,4,2,2,3,66.67,69.44,-2.77,2,2,0,0,0,0,0,0,0,0,0,0,0,0,1,2,0,0,0,0,0,0,0,0
1629028,Deandre Ayton,PHX,202205040PHO,"May 4, 2022",DAL,9,6,4,8,56.25,57.99,-1.74,6,6,0,0,2,3,0,0,0,0,0,0,0,0,0,0,0,0,0,0,0,0,0,0
1626164,Devin Booker,PHX,202205040PHO,"May 4, 2022",DAL,30,19,3,20,61.22,73.82,-12.6,10,10,8,15,1,2,0,0,1,3,0,0,0,0,0,0,0,0,0,0,0,0,0,0
203109,Jae Crowder,PHX,202205040PHO,"May 4, 2022",DAL,15,7,5,9,62.5,81.52,-19.02,2,2,5,9,0,0,1,2,0,0,0,0,0,0,0,0,0,0,0,0,0,0,1,2
1628973,Jalen Brunson,DAL,202205040PHO,"May 4, 2022",PHX,9,12,2,13,31.03,34.94,-3.91,9,4,3,3,1,2,0,0,0,0,0,0,0,0,0,0,0,0,0,0,0,0,0,0
101108,Chris Paul,PHX,202205040PHO,"May 4, 2022",DAL,28,16,5,18,71.79,76.92,-5.13,13,18,2,3,0,0,0,0,1,3,0,0,0,0,0,0,0,0,0,0,0,0,2,4
203493,Reggie Bullock Jr.,DAL,202205040PHO,"May 4, 2022",PHX,16,9,3,11,55.17,77.52,-22.35,1,2,8,12,0,0,0,0,0,0,0,0,1,0,0,0,0,0,0,0,0,0,1,2
1627827,Dorian Finney-Smith,DAL,202205040PHO,"May 4, 2022",PHX,2,2,0,2,50.0,50.0,0.0,2,2,0,0,0,0,0,0,0,0,0,0,0,0,0,0,0,0,0,0,0,0,0,0
1628467,Maxi Kleber,DAL,202205040PHO,"May 4, 2022",PHX,9,6,3,8,50.0,61.48,-11.48,3,6,3,0,1,2,0,0,0,0,0,0,0,0,0,0,0,0,0,0,1,1,0,0
203915,Spencer Dinwiddie,DAL,202205040PHO,"May 4, 2022",PHX,11,10,4,12,37.93,46.77,-8.84,5,2,5,6,2,3,0,0,0,0,0,0,0,0,0,0,0,0,0,0,0,0,0,0
1629661,Cameron Johnson,PHX,202205040PHO,"May 4, 2022",DAL,9,6,2,7,50.0,65.41,-15.41,2,4,4,3,0,0,0,0,0,0,0,0,0,0,0,0,0,0,0,0,0,0,1,2
1626166,Cameron Payne,PHX,202205040PHO,"May 4, 2022",DAL,4,4,0,4,44.44,50.0,-5.56,3,4,1,0,0,0,0,0,0,0,0,0,0,0,0,0,0,0,0,0,0,0,0,0
202722,Davis Bertans,DAL,202205040PHO,"May 4, 2022",PHX,9,7,0,7,42.86,64.29,-21.43,0,0,7,9,0,0,0,0,0,0,0,0,0,0,0,0,0,0,0,0,0,0,0,0
201580,JaVale McGee,PHX,202205040PHO,"May 4, 2022",DAL,6,3,0,3,100.0,100.0,0.0,3,6,0,0,0,0,0,0,0,0,0,0,0,0,0,0,0,0,0,0,0,0,0,0
1629013,Landry Shamet,PHX,202205040PHO,"May 4, 2022",DAL,5,4,0,4,50.0,62.5,-12.5,2,2,2,3,0,0,0,0,0,0,0,0,0,0,0,0,0,0,0,0,0,0,0,0
1630688,Ish Wainright,PHX,202205040PHO,"May 4, 2022",DAL,3,1,0,1,100.0,150.0,-50.0,0,0,1,3,0,0,0,0,0,0,0,0,0,0,0,0,0,0,0,0,0,0,0,0
202687,Bismack Biyombo,PHX,202205040PHO,"May 4, 2022",DAL,9,4,2,5,90.0,92.21,-2.21,4,8,0,0,1,1,0,0,0,0,0,0,0,0,0,0,0,0,0,0,0,0,0,0
1628425,Sterling Brown,DAL,202205040PHO,"May 4, 2022",PHX,3,3,1,3,33.33,43.6,-10.27,0,0,2,0,0,0,0,0,1,3,0,0,0,0,0,0,0,0,0,0,0,0,0,0
burketr01,T. Burke,DAL,202205040PHO,"May 4, 2022",PHX,3,3,0,3,37.5,50.0,-12.5,1,0,2,3,0,0,0,0,0,0,0,0,0,0,0,0,0,0,0,0,0,0,0,0
chrisma01,M. Chriss,DAL,202205040PHO,"May 4, 2022",PHX,5,2,4,4,62.5,66.49,-3.99,2,2,0,0,0,0,0,0,0,0,0,0,0,0,0,0,0,0,0,0,0,0,2,3
1628373,Frank Ntilikina,DAL,202205040PHO,"May 4, 2022",PHX,3,1,0,1,100.0,150.0,-50.0,0,0,1,3,0,0,0,0,0,0,0,0,0,0,0,0,0,0,0,0,0,0,0,0
200768,Kyle Lowry,MIA,202205060PHI,"May 6, 2022",PHI,0,4,0,4,0.0,0.0,0.0,2,0,2,0,0,0,0,0,0,0,0,0,0,0,0,0,0,0,0,0,0,0,0,0
201980,Danny Green,PHI,202205060PHI,"May 6, 2022",MIA,21,9,0,9,77.78,116.67,-38.89,0,0,9,21,0,0,0,0,0,0,0,0,0,0,0,0,0,0,0,0,0,0,0,0
203954,Joel Embiid,PHI,202205060PHI,"May 6, 2022",MIA,18,12,10,16,52.94,54.88,-1.94,10,6,0,0,3,4,0,0,2,6,0,0,0,0,0,0,0,0,0,0,0,0,1,2
1629622,Max Strus,MIA,202205060PHI,"May 6, 2022",PHI,9,11,0,11,27.27,40.91,-13.64,0,0,11,9,0,0,0,0,0,0,0,0,0,0,0,0,0,0,0,0,0,0,0,0
200782,P.J. Tucker,PHI,202205060PHI,"May 6, 2022",MIA,4,3,0,3,57.14,66.67,-9.53,2,4,1,0,0,0,0,0,0,0,0,0,0,0,0,0,0,0,0,0,0,0,0,0
202699,Tobias Harris,PHI,202205060PHI,"May 6, 2022",MIA,9,13,0,13,29.03,34.62,-5.59,8,6,5,3,0,0,0,0,0,0,0,0,0,0,0,0,0,0,0,0,0,0,0,0
201935,James Harden,PHI,202205060PHI,"May 6, 2022",MIA,17,11,8,15,45.95,58.54,-12.59,4,6,7,3,4,8,0,0,0,0,0,0,0,0,0,0,0,0,0,0,0,0,0,0
202710,Jimmy Butler III,MIA,202205060PHI,"May 6, 2022",PHI,33,22,10,26,55.93,62.5,-6.57,15,18,5,3,3,6,0,0,2,6,0,0,0,0,0,0,0,0,0,0,0,0,1,0
1628389,Bam Adebayo,PHI,202205060PHI,"May 6, 2022",MIA,9,9,8,13,34.62,35.94,-1.32,9,4,0,0,3,4,0,0,0,0,0,0,0,0,0,0,0,0,0,0,0,0,1,1
1630178,Tyrese Maxey,PHI,202205060PHI,"May 6, 2022",MIA,21,11,2,12,70.0,88.38,-18.38,5,4,6,15,1,2,0,0,0,0,0,0,0,0,0,0,0,0,0,0,0,0,0,0
1629639,Tyler Herro,MIA,202205060PHI,"May 6, 2022",PHI,14,15,2,16,35.9,44.08,-8.18,8,6,7,6,0,0,0,0,0,0,0,0,0,0,0,0,0,0,0,0,0,0,1,2
1629216,Gabe Vincent,MIA,202205060PHI,"May 6, 2022",PHI,0,2,0,2,0.0,0.0,0.0,2,0,0,0,0,0,0,0,0,0,0,0,0,0,0,0,0,0,0,0,0,0,0,0
203473,Dewayne Dedmon,MIA,202205060PHI,"May 6, 2022",PHI,4,4,2,5,36.36,40.98,-4.62,3,2,1,0,0,0,0,0,0,0,0,0,0,0,0,0,0,0,0,0,0,0,1,2
1629680,Matisse Thybulle,PHI,202205060PHI,"May 6, 2022",MIA,4,2,0,2,100.0,100.0,0.0,2,4,0,0,0,0,0,0,0,0,0,0,0,0,0,0,0,0,0,0,0,0,0,0
1627777,Georges Niang,PHI,202205060PHI,"May 6, 2022",MIA,3,4,0,4,27.27,37.5,-10.23,1,0,3,3,0,0,0,0,0,0,0,0,0,0,0,0,0,0,0,0,0,0,0,0
203506,Victor Oladipo,MIA,202205060PHI,"May 6, 2022",PHI,6,5,2,6,42.86,51.02,-8.16,3,2,2,3,1,1,0,0,0,0,0,0,0,0,0,0,0,0,0,0,0,0,0,0
1630194,Paul Reed,PHI,202205060PHI,"May 6, 2022",MIA,2,1,0,1,100.0,100.0,0.0,1,2,0,0,0,0,0,0,0,0,0,0,0,0,0,0,0,0,0,0,0,0,0,0
1629003,Shake Milton,PHI,202205060PHI,"May 6, 2022",MIA,4,4,2,5,30.77,40.98,-10.21,1,0,3,3,0,0,0,0,0,0,0,0,0,0,0,0,0,0,0,0,0,0,1,1
1629312,Haywood Highsmith,MIA,202205060PHI,"May 6, 2022",PHI,0,1,0,1,0.0,0.0,0.0,0,0,1,0,0,0,0,0,0,0,0,0,0,0,0,0,0,0,0,0,0,0,0,0
1628997,Caleb Martin,MIA,202205060PHI,"May 6, 2022",PHI,0,1,0,1,0.0,0.0,0.0,1,0,0,0,0,0,0,0,0,0,0,0,0,0,0,0,0,0,0,0,0,0,0,0
1626164,Devin Booker,PHX,202205060DAL,"May 6, 2022",DAL,18,13,4,15,50.0,60.98,-10.98,7,4,6,12,2,2,0,0,0,0,0,0,0,0,0,0,0,0,0,0,0,0,0,0
203493,Reggie Bullock Jr.,DAL,202205060DAL,"May 6, 2022",PHX,15,11,1,12,45.45,65.56,-20.11,1,2,10,12,0,0,0,0,0,0,0,0,1,1,0,0,0,0,0,0,0,0,0,0
203109,Jae Crowder,PHX,202205060DAL,"May 6, 2022",DAL,19,12,0,12,59.38,79.17,-19.79,4,4,8,15,0,0,0,0,0,0,0,0,0,0,0,0,0,0,0,0,0,0,0,0
1629029,Luka Dončić,DAL,202205060DAL,"May 6, 2022",PHX,26,25,5,27,41.94,47.79,-5.85,16,14,7,6,0,0,0,0,2,4,0,0,1,1,0,0,0,0,0,0,0,0,1,1
1628973,Jalen Brunson,DAL,202205060DAL,"May 6, 2022",PHX,28,21,7,24,51.85,58.14,-6.29,15,16,5,3,3,6,0,0,1,3,0,0,0,0,0,0,0,0,0,0,0,0,0,0
101108,Chris Paul,PHX,202205060DAL,"May 6, 2022",DAL,12,9,0,9,54.55,66.67,-12.12,5,6,4,6,0,0,0,0,0,0,0,0,0,0,0,0,0,0,0,0,0,0,0,0
1627827,Dorian Finney-Smith,DAL,202205060DAL,"May 6, 2022",PHX,14,15,0,15,34.15,46.67,-12.52,4,2,11,12,0,0,0,0,0,0,0,0,0,0,0,0,0,0,0,0,0,0,0,0
1629028,Deandre Ayton,PHX,202205060DAL,"May 6, 2022",DAL,16,12,4,14,57.14,58.14,-1.0,12,12,0,0,1,2,0,0,0,0,0,0,0,0,0,0,0,0,0,0,0,0,1,2
1628969,Mikal Bridges,PHX,202205060DAL,"May 6, 2022",DAL,12,14,2,15,37.5,40.32,-2.82,12,10,2,0,1,2,0,0,0,0,0,0,0,0,0,0,0,0,0,0,0,0,0,0
203939,Dwight Powell,DAL,202205060DAL,"May 6, 2022",PHX,2,2,0,2,50.0,50.0,0.0,2,2,0,0,0,0,0,0,0,0,0,0,0,0,0,0,0,0,0,0,0,0,0,0
1628467,Maxi Kleber,DAL,202205060DAL,"May 6, 2022",PHX,14,9,0,9,63.64,77.78,-14.14,5,8,4,6,0,0,0,0,0,0,0,0,0,0,0,0,0,0,0,0,0,0,0,0
1629661,Cameron Johnson,PHX,202205060DAL,"May 6, 2022",DAL,6,4,3,5,42.86,56.39,-13.53,1,0,3,3,0,0,1,3,0,0,0,0,0,0,0,0,0,0,0,0,0,0,0,0
201580,JaVale McGee,PHX,202205060DAL,"May 6, 2022",DAL,8,5,2,6,66.67,68.03,-1.36,5,6,0,0,1,2,0,0,0,0,0,0,0,0,0,0,0,0,0,0,0,0,0,0
1626166,Cameron Payne,PHX,202205060DAL,"May 6, 2022",DAL,0,4,0,4,0.0,0.0,0.0,2,0,2,0,0,0,0,0,0,0,0,0,0,0,0,0,0,0,0,0,0,0,0,0
203915,Spencer Dinwiddie,DAL,202205060DAL,"May 6, 2022",PHX,4,7,0,7,25.0,28.57,-3.57,5,4,2,0,0,0,0,0,0,0,0,0,0,0,0,0,0,0,0,0,0,0,0,0
1629013,Landry Shamet,PHX,202205060DAL,"May 6, 2022",DAL,3,2,0,2,50.0,75.0,-25.0,0,0,2,3,0,0,0,0,0,0,0,0,0,0,0,0,0,0,0,0,0,0,0,0
1628988,Aaron Holiday,PHX,202205060DAL,"May 6, 2022",DAL,0,1,0,1,0.0,0.0,0.0,0,0,1,0,0,0,0,0,0,0,0,0,0,0,0,0,0,0,0,0,0,0,0,0
201950,Jrue Holiday,MIL,202205070MIL,"May 7, 2022",BOS,25,30,0,30,35.71,41.67,-5.96,20,16,10,9,0,0,0,0,0,0,0,0,0,0,0,0,0,0,0,0,0,0,0,0
203935,Marcus Smart,BOS,202205070MIL,"May 7, 2022",MIL,9,8,8,12,32.14,39.06,-6.92,4,0,4,3,1,2,0,0,0,0,0,0,0,0,0,0,0,0,0,0,0,0,3,4
201143,Al Horford,BOS,202205070MIL,"May 7, 2022",MIL,22,17,0,17,53.66,64.71,-11.05,10,10,7,12,0,0,0,0,0,0,0,0,0,0,0,0,0,0,0,0,0,0,0,0
203507,Giannis Antetokounmpo,MIL,202205070MIL,"May 7, 2022",BOS,42,30,12,35,53.85,59.52,-5.67,22,26,6,3,5,7,0,0,2,6,0,0,0,0,0,0,0,0,0,0,0,0,0,0
1627759,Jaylen Brown,BOS,202205070MIL,"May 7, 2022",MIL,27,16,11,21,56.25,64.78,-8.53,10,12,5,3,4,7,0,0,1,3,0,0,0,0,0,0,0,0,0,0,0,0,1,2
1628369,Jayson Tatum,BOS,202205070MIL,"May 7, 2022",MIL,10,19,3,20,21.28,24.61,-3.33,12,6,6,0,1,1,0,0,1,3,0,0,0,0,0,0,0,0,0,0,0,0,0,0
201572,Brook Lopez,MIL,202205070MIL,"May 7, 2022",BOS,13,10,3,11,56.52,57.42,-0.9,9,8,0,0,1,2,0,0,1,3,0,0,0,0,0,0,0,0,0,0,0,0,0,0
1629057,Robert Williams III,BOS,202205070MIL,"May 7, 2022",MIL,10,9,0,9,55.56,55.56,0.0,9,10,0,0,0,0,0,0,0,0,0,0,0,0,0,0,0,0,0,0,0,0,0,0
1628960,Grayson Allen,MIL,202205070MIL,"May 7, 2022",BOS,0,3,0,3,0.0,0.0,0.0,0,0,3,0,0,0,0,0,0,0,0,0,0,0,0,0,0,0,0,0,0,0,0,0
1629684,Grant Williams,BOS,202205070MIL,"May 7, 2022",MIL,9,9,4,11,32.14,41.82,-9.68,3,2,6,3,0,0,0,0,0,0,0,0,0,0,0,0,0,0,0,0,0,0,2,4
1626192,Pat Connaughton,MIL,202205070MIL,"May 7, 2022",BOS,11,10,0,10,39.29,55.0,-15.71,2,2,8,9,0,0,0,0,0,0,0,0,0,0,0,0,0,0,0,0,0,0,0,0
1626171,Bobby Portis,MIL,202205070MIL,"May 7, 2022",BOS,9,9,2,10,37.5,45.55,-8.05,5,4,4,3,0,0,0,0,0,0,0,0,0,0,0,0,0,0,0,0,0,0,1,2
1628401,Derrick White,BOS,202205070MIL,"May 7, 2022",MIL,14,6,8,10,60.87,73.53,-12.66,3,2,3,6,3,5,0,0,0,0,0,0,0,0,0,0,0,0,0,0,0,0,1,1
201588,George Hill,MIL,202205070MIL,"May 7, 2022",BOS,0,1,0,1,0.0,0.0,0.0,0,0,1,0,0,0,0,0,0,0,0,0,0,0,0,0,0,0,0,0,0,0,0,0
1630202,Payton Pritchard,BOS,202205070MIL,"May 7, 2022",MIL,0,3,0,3,0.0,0.0,0.0,1,0,2,0,0,0,0,0,0,0,0,0,0,0,0,0,0,0,0,0,0,0,0,0
202083,Wesley Matthews,MIL,202205070MIL,"May 7, 2022",BOS,3,5,0,5,25.0,30.0,-5.0,3,0,2,3,0,0,0,0,0,0,0,0,0,0,0,0,0,0,0,0,0,0,0,0
1628975,Jevon Carter,MIL,202205070MIL,"May 7, 2022",BOS,0,1,0,1,0.0,0.0,0.0,1,0,0,0,0,0,0,0,0,0,0,0,0,0,0,0,0,0,0,0,0,0,0,0
1630533,Ziaire Williams,MEM,202205070GSW,"May 7, 2022",GSW,7,8,0,8,33.33,43.75,-10.42,3,4,5,3,0,0,0,0,0,0,0,0,0,0,0,0,0,0,0,0,0,0,0,0
203110,Draymond Green,GSW,202205070GSW,"May 7, 2022",MEM,5,3,2,4,62.5,64.43,-1.93,3,4,0,0,1,1,0,0,0,0,0,0,0,0,0,0,0,0,0,0,0,0,0,0
1628991,Jaren Jackson Jr.,MEM,202205070GSW,"May 7, 2022",GSW,15,13,4,15,39.47,50.81,-11.34,5,0,8,12,2,3,0,0,0,0,0,0,0,0,0,0,0,0,0,0,0,0,0,0
1630228,Jonathan Kuminga,GSW,202205070GSW,"May 7, 2022",MEM,18,10,0,10,75.0,90.0,-15.0,6,12,4,6,0,0,0,0,0,0,0,0,0,0,0,0,0,0,0,0,0,0,0,0
201939,Stephen Curry,GSW,202205070GSW,"May 7, 2022",MEM,30,14,14,21,60.0,74.4,-14.4,5,8,8,6,3,6,1,3,1,3,0,0,2,2,0,0,0,0,0,0,0,0,1,2
1629630,Ja Morant,MEM,202205070GSW,"May 7, 2022",GSW,34,21,5,23,62.96,73.28,-10.32,13,16,7,12,1,1,0,0,1,3,0,0,0,0,0,0,0,0,0,0,0,0,1,2
203952,Andrew Wiggins,MEM,202205070GSW,"May 7, 2022",GSW,17,10,1,10,73.91,81.42,-7.51,7,8,2,6,0,0,0,0,1,3,0,0,0,0,0,0,0,0,0,0,0,0,0,0
1630217,Desmond Bane,MEM,202205070GSW,"May 7, 2022",GSW,16,10,3,11,53.33,70.67,-17.34,3,2,6,9,0,0,0,0,0,0,1,3,0,0,0,0,0,0,0,0,0,0,1,2
1630214,Xavier Tillman,MEM,202205070GSW,"May 7, 2022",GSW,5,2,0,2,100.0,125.0,-25.0,1,2,1,3,0,0,0,0,0,0,0,0,0,0,0,0,0,0,0,0,0,0,0,0
202691,Klay Thompson,GSW,202205070GSW,"May 7, 2022",MEM,21,14,1,14,60.0,72.71,-12.71,7,6,6,12,0,0,0,0,1,3,0,0,0,0,0,0,0,0,0,0,0,0,0,0
1629634,Brandon Clarke,MEM,202205070GSW,"May 7, 2022",GSW,4,4,2,5,40.0,40.98,-0.98,4,2,0,0,1,2,0,0,0,0,0,0,0,0,0,0,0,0,0,0,0,0,0,0
1629001,De'Anthony Melton,MEM,202205070GSW,"May 7, 2022",GSW,12,14,1,14,32.43,41.55,-9.12,5,6,8,3,0,0,0,0,1,3,0,0,0,0,0,0,0,0,0,0,0,0,0,0
203937,Kyle Anderson,MEM,202205070GSW,"May 7, 2022",GSW,9,6,0,6,60.0,75.0,-15.0,3,6,3,3,0,0,0,0,0,0,0,0,0,0,0,0,0,0,0,0,0,0,0,0
1629673,Jordan Poole,GSW,202205070GSW,"May 7, 2022",MEM,27,17,2,18,65.85,75.5,-9.65,12,16,5,9,1,2,0,0,0,0,0,0,0,0,0,0,0,0,0,0,0,0,0,0
203490,Otto Porter Jr.,GSW,202205070GSW,"May 7, 2022",MEM,13,7,0,7,68.42,92.86,-24.44,2,4,5,9,0,0,0,0,0,0,0,0,0,0,0,0,0,0,0,0,0,0,0,0
1626145,Tyus Jones,MEM,202205070GSW,"May 7, 2022",GSW,2,5,2,6,14.29,17.01,-2.72,3,0,2,0,1,2,0,0,0,0,0,0,0,0,0,0,0,0,0,0,0,0,0,0
1626172,Kevon Looney,GSW,202205070GSW,"May 7, 2022",MEM,6,3,0,3,100.0,100.0,0.0,3,6,0,0,0,0,0,0,0,0,0,0,0,0,0,0,0,0,0,0,0,0,0,0
1629723,John Konchar,MEM,202205070GSW,"May 7, 2022",GSW,0,5,0,5,0.0,0.0,0.0,3,0,2,0,0,0,0,0,0,0,0,0,0,0,0,0,0,0,0,0,0,0,0,0
1627814,Damion Lee,MEM,202205070GSW,"May 7, 2022",GSW,0,2,1,3,0.0,0.0,0.0,1,0,1,0,0,0,0,0,0,0,0,0,0,0,0,0,0,0,0,0,1,0,0,0
1629308,Juan Toscano-Anderson,GSW,202205070GSW,"May 7, 2022",MEM,0,2,0,2,0.0,0.0,0.0,2,0,0,0,0,0,0,0,0,0,0,0,0,0,0,0,0,0,0,0,0,0,0,0
203500,Steven Adams,MEM,202205070GSW,"May 7, 2022",GSW,3,2,2,3,50.0,52.08,-2.08,2,2,0,0,0,0,0,0,0,0,0,0,0,0,0,0,0,0,0,0,0,0,1,1
1629633,Jarrett Culver,MEM,202205070GSW,"May 7, 2022",GSW,5,2,2,3,83.33,86.81,-3.48,2,4,0,0,1,1,0,0,0,0,0,0,0,0,0,0,0,0,0,0,0,0,0,0
1630541,Moses Moody,GSW,202205070GSW,"May 7, 2022",MEM,5,3,0,3,71.43,83.33,-11.9,2,2,1,3,0,0,0,0,0,0,0,0,0,0,0,0,0,0,0,0,0,0,0,0
1626164,Devin Booker,PHX,202205080DAL,"May 8, 2022",DAL,35,22,13,29,55.56,63.13,-7.57,15,12,6,9,4,7,0,0,1,3,0,0,2,2,0,0,0,0,0,0,0,0,1,2
101108,Chris Paul,DAL,202205080DAL,"May 8, 2022",PHX,5,4,0,4,55.56,62.5,-6.94,3,2,1,3,0,0,0,0,0,0,0,0,0,0,0,0,0,0,0,0,0,0,0,0
203493,Reggie Bullock Jr.,DAL,202205080DAL,"May 8, 2022",PHX,7,6,1,7,38.89,54.35,-15.46,1,0,5,6,0,0,0,0,0,0,0,0,1,1,0,0,0,0,0,0,0,0,0,0
1629028,Deandre Ayton,PHX,202205080DAL,"May 8, 2022",DAL,14,12,2,13,53.85,54.35,-0.5,12,14,0,0,1,0,0,0,0,0,0,0,0,0,0,0,0,0,0,0,0,0,0,0
1628973,Jalen Brunson,DAL,202205080DAL,"May 8, 2022",PHX,18,17,4,19,43.9,47.97,-4.07,14,12,3,3,2,3,0,0,0,0,0,0,0,0,0,0,0,0,0,0,0,0,0,0
1629029,Luka Dončić,DAL,202205080DAL,"May 8, 2022",PHX,26,25,8,29,38.24,45.58,-7.34,15,16,10,3,1,2,0,0,0,0,0,0,0,0,0,0,0,0,0,0,0,0,3,5
1628969,Mikal Bridges,PHX,202205080DAL,"May 8, 2022",DAL,6,9,0,9,30.0,33.33,-3.33,7,6,2,0,0,0,0,0,0,0,0,0,0,0,0,0,0,0,0,0,0,0,0,0
203939,Dwight Powell,DAL,202205080DAL,"May 8, 2022",PHX,0,0,2,1,0.0,0.0,0.0,0,0,0,0,1,0,0,0,0,0,0,0,0,0,0,0,0,0,0,0,0,0,0,0
203109,Jae Crowder,PHX,202205080DAL,"May 8, 2022",DAL,15,13,2,14,42.86,54.03,-11.17,6,8,7,6,1,1,0,0,0,0,0,0,0,0,0,0,0,0,0,0,0,0,0,0
1627827,Dorian Finney-Smith,DAL,202205080DAL,"May 8, 2022",PHX,24,13,0,13,63.16,92.31,-29.15,1,0,12,24,0,0,0,0,0,0,0,0,0,0,0,0,0,0,0,0,0,0,0,0
1628467,Maxi Kleber,DAL,202205080DAL,"May 8, 2022",PHX,11,7,2,8,57.89,69.8,-11.91,4,6,3,3,0,0,0,0,0,0,0,0,0,0,0,0,0,0,0,0,0,0,1,2
1629661,Cameron Johnson,PHX,202205080DAL,"May 8, 2022",DAL,11,10,0,10,40.74,55.0,-14.26,3,2,7,9,0,0,0,0,0,0,0,0,0,0,0,0,0,0,0,0,0,0,0,0
1626166,Cameron Payne,PHX,202205080DAL,"May 8, 2022",DAL,2,5,0,5,16.67,20.0,-3.33,3,2,2,0,0,0,0,0,0,0,0,0,0,0,0,0,0,0,0,0,0,0,0,0
203915,Spencer Dinwiddie,DAL,202205080DAL,"May 8, 2022",PHX,10,10,2,11,38.46,45.96,-7.5,6,2,4,6,1,2,0,0,0,0,0,0,0,0,0,0,0,0,0,0,0,0,0,0
201580,JaVale McGee,PHX,202205080DAL,"May 8, 2022",DAL,7,5,1,5,63.64,64.34,-0.7,4,4,0,0,0,0,0,0,1,3,0,0,0,0,0,0,0,0,0,0,0,0,0,0
202722,Davis Bertans,DAL,202205080DAL,"May 8, 2022",PHX,12,6,0,6,66.67,100.0,-33.33,0,0,6,12,0,0,0,0,0,0,0,0,0,0,0,0,0,0,0,0,0,0,0,0
1628373,Frank Ntilikina,DAL,202205080DAL,"May 8, 2022",PHX,3,1,0,1,100.0,150.0,-50.0,0,0,1,3,0,0,0,0,0,0,0,0,0,0,0,0,0,0,0,0,0,0,0,0
1629013,Landry Shamet,PHX,202205080DAL,"May 8, 2022",DAL,2,2,0,2,50.0,50.0,0.0,2,2,0,0,0,0,0,0,0,0,0,0,0,0,0,0,0,0,0,0,0,0,0,0
202687,Bismack Biyombo,PHX,202205080DAL,"May 8, 2022",DAL,2,1,0,1,100.0,100.0,0.0,1,2,0,0,0,0,0,0,0,0,0,0,0,0,0,0,0,0,0,0,0,0,0,0
1628988,Aaron Holiday,PHX,202205080DAL,"May 8, 2022",DAL,2,1,0,1,100.0,100.0,0.0,1,2,0,0,0,0,0,0,0,0,0,0,0,0,0,0,0,0,0,0,0,0,0,0
203954,Joel Embiid,PHI,202205080PHI,"May 8, 2022",MIA,24,13,13,19,57.14,64.1,-6.96,9,10,3,3,3,4,0,0,1,3,0,0,0,0,0,0,0,0,0,0,0,0,3,4
200768,Kyle Lowry,MIA,202205080PHI,"May 8, 2022",PHI,6,10,0,10,23.08,30.0,-6.92,4,6,6,0,0,0,0,0,0,0,0,0,0,0,0,0,0,0,0,0,0,0,0,0
1629622,Max Strus,MIA,202205080PHI,"May 8, 2022",PHI,6,5,0,5,40.0,60.0,-20.0,0,0,5,6,0,0,0,0,0,0,0,0,0,0,0,0,0,0,0,0,0,0,0,0
200782,P.J. Tucker,MIA,202205080PHI,"May 8, 2022",PHI,7,7,0,7,38.89,50.0,-11.11,3,4,4,3,0,0,0,0,0,0,0,0,0,0,0,0,0,0,0,0,0,0,0,0
201980,Danny Green,PHI,202205080PHI,"May 8, 2022",MIA,11,6,1,6,64.71,85.4,-20.69,2,2,3,6,0,0,0,0,0,0,1,3,0,0,0,0,0,0,0,0,0,0,0,0
1630178,Tyrese Maxey,PHI,202205080PHI,"May 8, 2022",MIA,18,10,6,13,58.06,71.2,-13.14,5,6,5,6,2,4,0,0,0,0,0,0,0,0,0,0,0,0,0,0,0,0,1,2
201935,James Harden,PHI,202205080PHI,"May 8, 2022",MIA,31,18,10,23,55.36,69.2,-13.84,8,4,10,18,4,7,0,0,0,0,0,0,0,0,0,0,0,0,0,0,0,0,1,2
1628389,Bam Adebayo,MIA,202205080PHI,"May 8, 2022",PHI,21,12,3,13,77.78,78.83,-1.05,11,16,0,0,0,0,0,0,1,3,0,0,0,0,0,0,0,0,0,0,0,0,1,2
202699,Tobias Harris,PHI,202205080PHI,"May 8, 2022",MIA,13,10,0,10,54.17,65.0,-10.83,6,10,4,3,0,0,0,0,0,0,0,0,0,0,0,0,0,0,0,0,0,0,0,0
202710,Jimmy Butler III,MIA,202205080PHI,"May 8, 2022",PHI,40,20,13,26,67.8,77.76,-9.96,12,18,6,6,5,9,0,0,2,6,0,0,0,0,1,1,0,0,0,0,0,0,0,0
203506,Victor Oladipo,MIA,202205080PHI,"May 8, 2022",PHI,15,9,10,14,45.45,55.97,-10.52,4,4,5,3,4,6,0,0,0,0,0,0,0,0,0,0,0,0,0,0,0,0,1,2
1629680,Matisse Thybulle,PHI,202205080PHI,"May 8, 2022",MIA,5,3,0,3,62.5,83.33,-20.83,1,2,2,3,0,0,0,0,0,0,0,0,0,0,0,0,0,0,0,0,0,0,0,0
1629639,Tyler Herro,MIA,202205080PHI,"May 8, 2022",PHI,11,12,2,13,35.48,42.7,-7.22,7,6,5,3,1,2,0,0,0,0,0,0,0,0,0,0,0,0,0,0,0,0,0,0
1627777,Georges Niang,PHI,202205080PHI,"May 8, 2022",MIA,10,6,2,7,52.63,72.67,-20.04,1,2,5,6,0,0,0,0,0,0,0,0,0,0,0,0,0,0,0,0,0,0,1,2
1629003,Shake Milton,PHI,202205080PHI,"May 8, 2022",MIA,2,1,2,2,50.0,53.19,-3.19,1,2,0,0,1,0,0,0,0,0,0,0,0,0,0,0,0,0,0,0,0,0,0,0
1629216,Gabe Vincent,MIA,202205080PHI,"May 8, 2022",PHI,2,6,0,6,12.5,16.67,-4.17,2,2,4,0,0,0,0,0,0,0,0,0,0,0,0,0,0,0,0,0,0,0,0,0
1630194,Paul Reed,PHI,202205080PHI,"May 8, 2022",MIA,2,1,0,1,100.0,100.0,0.0,1,2,0,0,0,0,0,0,0,0,0,0,0,0,0,0,0,0,0,0,0,0,0,0
202693,Markieff Morris,MIA,202205080PHI,"May 8, 2022",PHI,0,1,0,1,0.0,0.0,0.0,1,0,0,0,0,0,0,0,0,0,0,0,0,0,0,0,0,0,0,0,0,0,0,0
1628960,Grayson Allen,MIL,202205090MIL,"May 9, 2022",BOS,7,7,0,7,38.89,50.0,-11.11,3,4,4,3,0,0,0,0,0,0,0,0,0,0,0,0,0,0,0,0,0,0,0,0
1629684,Grant Williams,BOS,202205090MIL,"May 9, 2022",MIL,9,9,2,10,36.0,45.55,-9.55,4,4,5,3,0,0,0,0,0,0,0,0,0,0,0,0,0,0,0,0,0,0,1,2
201572,Brook Lopez,MIL,202205090MIL,"May 9, 2022",BOS,17,11,6,14,58.62,62.32,-3.7,10,12,1,0,3,5,0,0,0,0,0,0,0,0,0,0,0,0,0,0,0,0,0,0
203507,Giannis Antetokounmpo,MIL,202205090MIL,"May 9, 2022",BOS,34,32,11,37,43.04,46.15,-3.11,27,26,4,0,4,5,0,0,1,2,0,0,0,0,0,0,0,0,0,0,0,0,1,1
1628369,Jayson Tatum,BOS,202205090MIL,"May 9, 2022",MIL,30,24,6,27,46.88,56.31,-9.43,13,14,10,9,2,3,0,0,1,3,0,0,1,1,0,0,0,0,0,0,0,0,0,0
201950,Jrue Holiday,MIL,202205090MIL,"May 9, 2022",BOS,16,22,5,25,29.09,33.06,-3.97,16,8,6,3,2,4,0,0,0,0,0,0,1,1,0,0,0,0,0,0,0,0,0,0
1627759,Jaylen Brown,BOS,202205090MIL,"May 9, 2022",MIL,18,11,6,14,54.55,65.98,-11.43,6,6,5,6,2,4,0,0,0,0,0,0,0,0,0,0,0,0,0,0,0,0,1,2
201143,Al Horford,BOS,202205090MIL,"May 9, 2022",MIL,30,14,4,15,76.92,95.18,-18.26,5,8,7,15,1,1,0,0,2,6,0,0,0,0,0,0,0,0,0,0,0,0,0,0
203935,Marcus Smart,BOS,202205090MIL,"May 9, 2022",MIL,18,13,0,13,62.07,69.23,-7.16,10,12,3,6,0,0,0,0,0,0,0,0,0,0,0,0,0,0,0,0,0,0,0,0
202083,Wesley Matthews,MIL,202205090MIL,"May 9, 2022",BOS,12,5,3,6,70.59,94.94,-24.35,1,0,4,9,0,0,1,3,0,0,0,0,0,0,0,0,0,0,0,0,0,0,0,0
1626192,Pat Connaughton,MIL,202205090MIL,"May 9, 2022",BOS,11,8,0,8,50.0,68.75,-18.75,2,2,6,9,0,0,0,0,0,0,0,0,0,0,0,0,0,0,0,0,0,0,0,0
1626171,Bobby Portis,MIL,202205090MIL,"May 9, 2022",BOS,4,7,0,7,26.67,28.57,-1.9,6,4,1,0,0,0,0,0,0,0,0,0,0,0,0,0,0,0,0,0,0,0,0,0
1628464,Daniel Theis,BOS,202205090MIL,"May 9, 2022",MIL,0,5,0,5,0.0,0.0,0.0,3,0,2,0,0,0,0,0,0,0,0,0,0,0,0,0,0,0,0,0,0,0,0,0
1628401,Derrick White,BOS,202205090MIL,"May 9, 2022",MIL,11,6,2,7,64.71,79.94,-15.23,3,6,3,3,0,0,0,0,0,0,0,0,0,0,0,0,0,0,0,0,0,0,1,2
201588,George Hill,MIL,202205090MIL,"May 9, 2022",BOS,5,1,2,2,100.0,132.98,-32.98,0,0,1,3,0,0,0,0,0,0,0,0,0,0,0,0,0,0,0,0,0,0,1,2
1630202,Payton Pritchard,MIL,202205090MIL,"May 9, 2022",BOS,0,2,0,2,0.0,0.0,0.0,0,0,2,0,0,0,0,0,0,0,0,0,0,0,0,0,0,0,0,0,0,0,0,0
tuckera01,R. Tucker,MIL,202205090MIL,"May 9, 2022",BOS,2,1,0,1,100.0,100.0,0.0,1,2,0,0,0,0,0,0,0,0,0,0,0,0,0,0,0,0,0,0,0,0,0,0
203500,Steven Adams,MEM,202205090GSW,"May 9, 2022",GSW,10,9,0,9,55.56,55.56,0.0,9,10,0,0,0,0,0,0,0,0,0,0,0,0,0,0,0,0,0,0,0,0,0,0
201939,Stephen Curry,GSW,202205090GSW,"May 9, 2022",MEM,32,25,9,29,43.84,55.25,-11.41,10,10,14,12,1,2,0,0,1,2,0,0,0,0,0,0,0,0,0,0,0,0,3,6
203952,Andrew Wiggins,GSW,202205090GSW,"May 9, 2022",MEM,17,13,3,14,50.0,59.36,-9.36,7,10,5,3,0,0,0,0,1,3,0,0,0,0,0,0,0,0,0,0,0,0,1,1
202691,Klay Thompson,GSW,202205090GSW,"May 9, 2022",MEM,14,20,2,21,28.57,33.52,-4.95,13,12,7,0,1,2,0,0,0,0,0,0,0,0,0,0,0,0,0,0,0,0,0,0
1628415,Dillon Brooks,MEM,202205090GSW,"May 9, 2022",GSW,12,19,0,19,25.53,31.58,-6.05,10,6,9,6,0,0,0,0,0,0,0,0,0,0,0,0,0,0,0,0,0,0,0,0
1628991,Jaren Jackson Jr.,MEM,202205090GSW,"May 9, 2022",GSW,21,21,8,25,36.84,42.82,-5.98,14,14,7,0,3,6,0,0,0,0,0,0,0,0,0,0,0,0,0,0,0,0,1,1
203110,Draymond Green,GSW,202205090GSW,"May 9, 2022",MEM,2,2,0,2,50.0,50.0,0.0,2,2,0,0,0,0,0,0,0,0,0,0,0,0,0,0,0,0,0,0,0,0,0,0
1630217,Desmond Bane,MEM,202205090GSW,"May 9, 2022",GSW,8,8,0,8,40.0,50.0,-10.0,4,2,4,6,0,0,0,0,0,0,0,0,0,0,0,0,0,0,0,0,0,0,0,0
1626145,Tyus Jones,MEM,202205090GSW,"May 9, 2022",GSW,19,18,0,18,44.19,52.78,-8.59,11,10,7,9,0,0,0,0,0,0,0,0,0,0,0,0,0,0,0,0,0,0,0,0
203937,Kyle Anderson,MEM,202205090GSW,"May 9, 2022",GSW,17,8,7,11,68.0,76.71,-8.71,5,10,2,3,2,1,0,0,1,2,0,0,0,0,0,0,0,0,0,0,0,0,1,1
1629673,Jordan Poole,GSW,202205090GSW,"May 9, 2022",MEM,14,12,6,15,42.42,47.81,-5.39,9,8,3,0,2,4,0,0,0,0,0,0,0,0,0,0,0,0,0,0,0,0,1,2
1630533,Ziaire Williams,MEM,202205090GSW,"May 9, 2022",GSW,7,6,0,6,43.75,58.33,-14.58,2,4,4,3,0,0,0,0,0,0,0,0,0,0,0,0,0,0,0,0,0,0,0,0
203490,Otto Porter Jr.,GSW,202205090GSW,"May 9, 2022",MEM,12,7,0,7,60.0,85.71,-25.71,1,0,6,12,0,0,0,0,0,0,0,0,0,0,0,0,0,0,0,0,0,0,0,0
1629634,Brandon Clarke,MEM,202205090GSW,"May 9, 2022",GSW,4,4,0,4,50.0,50.0,0.0,4,4,0,0,0,0,0,0,0,0,0,0,0,0,0,0,0,0,0,0,0,0,0,0
1626172,Kevon Looney,GSW,202205090GSW,"May 9, 2022",MEM,8,5,2,6,66.67,68.03,-1.36,5,6,0,0,1,2,0,0,0,0,0,0,0,0,0,0,0,0,0,0,0,0,0,0
1629001,De'Anthony Melton,MEM,202205090GSW,"May 9, 2022",GSW,0,3,0,3,0.0,0.0,0.0,1,0,2,0,0,0,0,0,0,0,0,0,0,0,0,0,0,0,0,0,0,0,0,0
1627814,Damion Lee,GSW,202205090GSW,"May 9, 2022",MEM,2,6,0,6,14.29,16.67,-2.38,4,2,2,0,0,0,0,0,0,0,0,0,0,0,0,0,0,0,0,0,0,0,0,0
1629622,Max Strus,MIA,202205100MIA,"May 10, 2022",PHI,19,13,2,14,50.0,68.44,-18.44,3,6,10,12,1,1,0,0,0,0,0,0,0,0,0,0,0,0,0,0,0,0,0,0
1630178,Tyrese Maxey,PHI,202205100MIA,"May 10, 2022",MIA,9,10,4,12,32.14,38.27,-6.13,6,2,4,3,2,4,0,0,0,0,0,0,0,0,0,0,0,0,0,0,0,0,0,0
203954,Joel Embiid,PHI,202205100MIA,"May 10, 2022",MIA,17,12,3,13,60.71,63.81,-3.1,10,12,1,0,1,2,0,0,1,3,0,0,0,0,0,0,0,0,0,0,0,0,0,0
200782,P.J. Tucker,MIA,202205100MIA,"May 10, 2022",PHI,10,6,0,6,71.43,83.33,-11.9,4,4,2,6,0,0,0,0,0,0,0,0,0,0,0,0,0,0,0,0,0,0,0,0
202699,Tobias Harris,PHI,202205100MIA,"May 10, 2022",MIA,12,14,0,14,37.5,42.86,-5.36,10,6,4,6,0,0,0,0,0,0,0,0,0,0,0,0,0,0,0,0,0,0,0,0
1629216,Gabe Vincent,MIA,202205100MIA,"May 10, 2022",PHI,15,7,4,8,71.43,85.62,-14.19,3,6,3,3,0,0,1,3,1,3,0,0,0,0,0,0,0,0,0,0,0,0,0,0
202710,Jimmy Butler III,MIA,202205100MIA,"May 10, 2022",PHI,23,15,4,17,60.53,68.62,-8.09,10,12,4,6,1,2,0,0,1,3,0,0,0,0,0,0,0,0,0,0,1,0,0,0
201980,Danny Green,PHI,202205100MIA,"May 10, 2022",MIA,6,4,0,4,50.0,75.0,-25.0,0,0,4,6,0,0,0,0,0,0,0,0,0,0,0,0,0,0,0,0,0,0,0,0
1628389,Bam Adebayo,MIA,202205100MIA,"May 10, 2022",PHI,12,7,7,10,57.14,59.52,-2.38,6,6,0,0,2,2,0,0,1,3,0,0,0,0,0,0,0,0,0,0,0,0,1,1
201935,James Harden,PHI,202205100MIA,"May 10, 2022",MIA,14,13,3,15,40.0,48.88,-8.88,6,4,6,6,0,0,0,0,1,3,0,0,2,1,0,0,0,0,0,0,0,0,0,0
1627777,Georges Niang,PHI,202205100MIA,"May 10, 2022",MIA,0,6,0,6,0.0,0.0,0.0,0,0,6,0,0,0,0,0,0,0,0,0,0,0,0,0,0,0,0,0,0,0,0,0
203473,Dewayne Dedmon,MIA,202205100MIA,"May 10, 2022",PHI,2,5,0,5,18.18,20.0,-1.82,4,2,1,0,0,0,0,0,0,0,0,0,0,0,0,0,0,0,0,0,0,0,0,0
1629639,Tyler Herro,MIA,202205100MIA,"May 10, 2022",PHI,10,8,2,9,50.0,56.31,-6.31,5,6,2,0,0,0,0,0,1,3,0,0,1,1,0,0,0,0,0,0,0,0,0,0
1629680,Matisse Thybulle,PHI,202205100MIA,"May 10, 2022",MIA,3,2,0,2,50.0,75.0,-25.0,0,0,2,3,0,0,0,0,0,0,0,0,0,0,0,0,0,0,0,0,0,0,0,0
1629003,Shake Milton,PHI,202205100MIA,"May 10, 2022",MIA,9,8,4,10,42.86,46.11,-3.25,7,2,1,3,1,2,0,0,0,0,0,0,0,0,0,0,0,0,0,0,0,0,1,2
203506,Victor Oladipo,MIA,202205100MIA,"May 10, 2022",PHI,13,10,2,11,50.0,59.74,-9.74,6,8,4,3,1,2,0,0,0,0,0,0,0,0,0,0,0,0,0,0,0,0,0,0
1629130,Duncan Robinson,MIA,202205100MIA,"May 10, 2022",PHI,4,3,2,4,36.36,51.55,-15.19,0,0,3,3,1,1,0,0,0,0,0,0,0,0,0,0,0,0,0,0,0,0,0,0
1630194,Paul Reed,PHI,202205100MIA,"May 10, 2022",MIA,7,6,1,6,50.0,54.35,-4.35,4,4,1,0,0,0,0,0,1,3,0,0,0,0,0,0,0,0,0,0,0,0,0,0
1628997,Caleb Martin,MIA,202205100MIA,"May 10, 2022",PHI,2,5,0,5,18.18,20.0,-1.82,4,2,1,0,0,0,0,0,0,0,0,0,0,0,0,0,0,0,0,0,0,0,0,0
1627788,Furkan Korkmaz,PHI,202205100MIA,"May 10, 2022",MIA,6,6,0,6,42.86,50.0,-7.14,4,6,2,0,0,0,0,0,0,0,0,0,0,0,0,0,0,0,0,0,0,0,0,0
1630209,Omer Yurtseven,MIA,202205100MIA,"May 10, 2022",PHI,4,3,0,3,57.14,66.67,-9.53,2,4,1,0,0,0,0,0,0,0,0,0,0,0,0,0,0,0,0,0,0,0,0,0
1630531,Jaden Springer,PHI,202205100MIA,"May 10, 2022",MIA,2,3,0,3,28.57,33.33,-4.76,2,2,1,0,0,0,0,0,0,0,0,0,0,0,0,0,0,0,0,0,0,0,0,0
1629646,Charles Bassey,PHI,202205100MIA,"May 10, 2022",MIA,0,1,0,1,0.0,0.0,0.0,1,0,0,0,0,0,0,0,0,0,0,0,0,0,0,0,0,0,0,0,0,0,0,0
1629312,Haywood Highsmith,MIA,202205100MIA,"May 10, 2022",PHI,6,2,0,2,100.0,150.0,-50.0,0,0,2,6,0,0,0,0,0,0,0,0,0,0,0,0,0,0,0,0,0,0,0,0
1629028,Deandre Ayton,PHX,202205100PHO,"May 10, 2022",DAL,20,13,2,14,71.43,72.05,-0.62,13,18,0,0,1,2,0,0,0,0,0,0,0,0,0,0,0,0,0,0,0,0,0,0
203493,Reggie Bullock Jr.,DAL,202205100PHO,"May 10, 2022",PHX,0,5,0,5,0.0,0.0,0.0,2,0,3,0,0,0,0,0,0,0,0,0,0,0,0,0,0,0,0,0,0,0,0,0
1628969,Mikal Bridges,PHX,202205100PHO,"May 10, 2022",DAL,14,13,0,13,45.16,53.85,-8.69,8,8,5,6,0,0,0,0,0,0,0,0,0,0,0,0,0,0,0,0,0,0,0,0
1626164,Devin Booker,PHX,202205100PHO,"May 10, 2022",DAL,28,20,4,22,54.9,64.34,-9.44,13,16,7,9,1,2,0,0,0,0,0,0,0,0,1,1,0,0,0,0,0,0,0,0
1628973,Jalen Brunson,DAL,202205100PHO,"May 10, 2022",PHX,21,17,6,20,51.22,53.46,-2.24,16,18,1,0,3,3,0,0,0,0,0,0,0,0,0,0,0,0,0,0,0,0,0,0
1629029,Luka Dončić,DAL,202205100PHO,"May 10, 2022",PHX,28,23,7,26,45.9,53.68,-7.78,14,14,8,6,3,5,0,0,1,3,0,0,0,0,0,0,0,0,0,0,0,0,0,0
101108,Chris Paul,PHX,202205100PHO,"May 10, 2022",DAL,7,8,0,8,36.84,43.75,-6.91,5,4,3,3,0,0,0,0,0,0,0,0,0,0,0,0,0,0,0,0,0,0,0,0
1627827,Dorian Finney-Smith,DAL,202205100PHO,"May 10, 2022",PHX,8,6,2,7,42.11,58.14,-16.03,1,0,5,6,1,2,0,0,0,0,0,0,0,0,0,0,0,0,0,0,0,0,0,0
1628467,Maxi Kleber,DAL,202205100PHO,"May 10, 2022",PHX,4,5,2,6,25.0,34.01,-9.01,1,0,4,3,0,0,0,0,0,0,0,0,0,0,0,0,0,0,0,0,0,0,1,1
202687,Bismack Biyombo,PHX,202205100PHO,"May 10, 2022",DAL,7,5,2,6,58.33,59.52,-1.19,5,6,0,0,1,1,0,0,0,0,0,0,0,0,0,0,0,0,0,0,0,0,0,0
203109,Jae Crowder,DAL,202205100PHO,"May 10, 2022",PHX,3,6,0,6,17.65,25.0,-7.35,1,0,5,3,0,0,0,0,0,0,0,0,0,0,0,0,0,0,0,0,0,0,0,0
203915,Spencer Dinwiddie,DAL,202205100PHO,"May 10, 2022",PHX,2,3,2,4,20.0,25.77,-5.77,1,0,2,0,1,2,0,0,0,0,0,0,0,0,0,0,0,0,0,0,0,0,0,0
1629661,Cameron Johnson,PHX,202205100PHO,"May 10, 2022",DAL,14,8,4,11,58.33,71.72,-13.39,4,8,4,3,1,1,0,0,0,0,0,0,2,2,0,0,0,0,0,0,0,0,0,0
1629013,Landry Shamet,PHX,202205100PHO,"May 10, 2022",DAL,8,5,4,7,47.06,59.17,-12.11,2,2,3,3,2,3,0,0,0,0,0,0,0,0,0,0,0,0,0,0,0,0,0,0
202722,Davis Bertans,DAL,202205100PHO,"May 10, 2022",PHX,10,4,1,4,76.92,112.61,-35.69,0,0,3,6,0,0,0,0,0,0,1,4,0,0,0,0,0,0,0,0,0,0,0,0
1628373,Frank Ntilikina,DAL,202205100PHO,"May 10, 2022",PHX,3,4,1,4,25.0,33.78,-8.78,0,0,3,0,0,0,0,0,1,3,0,0,0,0,0,0,0,0,0,0,0,0,0,0
201580,JaVale McGee,PHX,202205100PHO,"May 10, 2022",DAL,0,1,0,1,0.0,0.0,0.0,1,0,0,0,0,0,0,0,0,0,0,0,0,0,0,0,0,0,0,0,0,0,0,0
1630688,Ish Wainright,PHX,202205100PHO,"May 10, 2022",DAL,0,1,0,1,0.0,0.0,0.0,0,0,1,0,0,0,0,0,0,0,0,0,0,0,0,0,0,0,0,0,0,0,0,0
1628425,Sterling Brown,DAL,202205100PHO,"May 10, 2022",PHX,0,1,2,2,0.0,0.0,0.0,0,0,1,0,0,0,0,0,0,0,0,0,0,0,0,0,0,0,0,0,0,0,1,0
burketr01,T. Burke,DAL,202205100PHO,"May 10, 2022",PHX,2,2,2,3,28.57,34.72,-6.15,1,0,1,0,0,0,0,0,0,0,0,0,0,0,0,0,0,0,0,0,0,0,1,2
chrisma01,M. Chriss,DAL,202205100PHO,"May 10, 2022",PHX,2,1,0,1,100.0,100.0,0.0,1,2,0,0,0,0,0,0,0,0,0,0,0,0,0,0,0,0,0,0,0,0,0,0
1630182,Josh Green,DAL,202205100PHO,"May 10, 2022",PHX,0,0,2,1,0.0,0.0,0.0,0,0,0,0,0,0,0,0,0,0,0,0,0,0,0,0,0,0,0,0,0,0,1,0
1628470,Torrey Craig,PHX,202205100PHO,"May 10, 2022",DAL,6,3,0,3,75.0,100.0,-25.0,1,0,2,6,0,0,0,0,0,0,0,0,0,0,0,0,0,0,0,0,0,0,0,0
1628988,Aaron Holiday,PHX,202205100PHO,"May 10, 2022",DAL,3,3,0,3,42.86,50.0,-7.14,2,0,1,3,0,0,0,0,0,0,0,0,0,0,0,0,0,0,0,0,0,0,0,0
1626166,Cameron Payne,PHX,202205100PHO,"May 10, 2022",DAL,0,1,0,1,0.0,0.0,0.0,0,0,1,0,0,0,0,0,0,0,0,0,0,0,0,0,0,0,0,0,0,0,0,0
1628960,Grayson Allen,MIL,202205110BOS,"May 11, 2022",BOS,8,7,1,7,47.06,53.76,-6.7,4,2,2,3,0,0,0,0,1,3,0,0,0,0,0,0,0,0,0,0,0,0,0,0
201143,Al Horford,BOS,202205110BOS,"May 11, 2022",MIL,8,7,0,7,50.0,57.14,-7.14,5,8,2,0,0,0,0,0,0,0,0,0,0,0,0,0,0,0,0,0,0,0,0,0
201950,Jrue Holiday,MIL,202205110BOS,"May 11, 2022",BOS,24,24,2,25,42.11,48.23,-6.12,17,10,7,12,1,2,0,0,0,0,0,0,0,0,0,0,0,0,0,0,0,0,0,0
1628369,Jayson Tatum,BOS,202205110BOS,"May 11, 2022",MIL,34,29,9,33,43.59,51.58,-7.99,17,18,11,6,4,7,0,0,1,3,0,0,0,0,0,0,0,0,0,0,0,0,0,0
203507,Giannis Antetokounmpo,MIL,202205110BOS,"May 11, 2022",BOS,40,27,10,31,57.97,63.69,-5.72,20,24,5,6,3,3,0,0,2,5,0,0,0,0,0,0,0,0,0,0,0,0,1,2
203935,Marcus Smart,BOS,202205110BOS,"May 11, 2022",MIL,15,11,0,11,55.56,68.18,-12.62,6,6,5,9,0,0,0,0,0,0,0,0,0,0,0,0,0,0,0,0,0,0,0,0
202083,Wesley Matthews,MIL,202205110BOS,"May 11, 2022",BOS,9,9,0,9,37.5,50.0,-12.5,3,0,6,9,0,0,0,0,0,0,0,0,0,0,0,0,0,0,0,0,0,0,0,0
1627759,Jaylen Brown,BOS,202205110BOS,"May 11, 2022",MIL,26,19,6,22,50.98,60.07,-9.09,12,12,7,9,3,5,0,0,0,0,0,0,0,0,0,0,0,0,0,0,0,0,0,0
201572,Brook Lopez,MIL,202205110BOS,"May 11, 2022",BOS,2,4,0,4,20.0,25.0,-5.0,2,2,2,0,0,0,0,0,0,0,0,0,0,0,0,0,0,0,0,0,0,0,0,0
1626192,Pat Connaughton,MIL,202205110BOS,"May 11, 2022",BOS,13,7,2,8,61.9,82.49,-20.59,2,2,5,9,0,0,0,0,0,0,0,0,0,0,0,0,0,0,0,0,0,0,1,2
1626171,Bobby Portis,MIL,202205110BOS,"May 11, 2022",BOS,14,14,6,17,38.89,42.07,-3.18,12,8,2,0,3,6,0,0,0,0,0,0,0,0,0,0,0,0,0,0,0,0,0,0
1628464,Daniel Theis,BOS,202205110BOS,"May 11, 2022",MIL,11,5,0,5,100.0,110.0,-10.0,4,8,1,3,0,0,0,0,0,0,0,0,0,0,0,0,0,0,0,0,0,0,0,0
1628401,Derrick White,BOS,202205110BOS,"May 11, 2022",MIL,9,5,0,5,75.0,90.0,-15.0,3,6,2,3,0,0,0,0,0,0,0,0,0,0,0,0,0,0,0,0,0,0,0,0
1629684,Grant Williams,BOS,202205110BOS,"May 11, 2022",MIL,0,3,0,3,0.0,0.0,0.0,1,0,2,0,0,0,0,0,0,0,0,0,0,0,0,0,0,0,0,0,0,0,0,0
1630202,Payton Pritchard,BOS,202205110BOS,"May 11, 2022",MIL,4,3,0,3,57.14,66.67,-9.53,2,4,1,0,0,0,0,0,0,0,0,0,0,0,0,0,0,0,0,0,0,0,0,0
1628991,Jaren Jackson Jr.,MEM,202205110MEM,"May 11, 2022",GSW,21,10,6,13,65.62,83.07,-17.45,4,4,6,12,3,5,0,0,0,0,0,0,0,0,0,0,0,0,0,0,0,0,0,0
203952,Andrew Wiggins,GSW,202205110MEM,"May 11, 2022",MEM,5,6,0,6,33.33,41.67,-8.34,3,2,3,3,0,0,0,0,0,0,0,0,0,0,0,0,0,0,0,0,0,0,0,0
203110,Draymond Green,GSW,202205110MEM,"May 11, 2022",MEM,5,4,2,5,41.67,51.23,-9.56,2,4,2,0,1,1,0,0,0,0,0,0,0,0,0,0,0,0,0,0,0,0,0,0
203500,Steven Adams,MEM,202205110MEM,"May 11, 2022",GSW,7,7,5,9,36.84,38.04,-1.2,6,2,0,0,1,1,0,0,1,2,0,0,0,0,0,0,0,0,0,0,0,0,1,2
1630217,Desmond Bane,MEM,202205110MEM,"May 11, 2022",GSW,21,12,5,14,60.0,73.94,-13.94,5,2,6,12,2,4,0,0,1,3,0,0,0,0,0,0,0,0,0,0,0,0,0,0
1630228,Jonathan Kuminga,GSW,202205110MEM,"May 11, 2022",MEM,17,16,4,18,41.46,47.86,-6.4,11,14,5,0,2,3,0,0,0,0,0,0,0,0,0,0,0,0,0,0,0,0,0,0
1626145,Tyus Jones,MEM,202205110MEM,"May 11, 2022",GSW,21,12,1,12,65.62,84.41,-18.79,4,6,7,12,0,0,0,0,1,3,0,0,0,0,0,0,0,0,0,0,0,0,0,0
202691,Klay Thompson,GSW,202205110MEM,"May 11, 2022",MEM,19,12,2,13,59.38,73.76,-14.38,6,8,6,9,1,2,0,0,0,0,0,0,0,0,0,0,0,0,0,0,0,0,0,0
1628415,Dillon Brooks,MEM,202205110MEM,"May 11, 2022",GSW,12,13,2,14,37.5,43.23,-5.73,9,8,4,3,1,1,0,0,0,0,0,0,0,0,0,0,0,0,0,0,0,0,0,0
1629673,Jordan Poole,GSW,202205110MEM,"May 11, 2022",MEM,3,6,0,6,20.0,25.0,-5.0,3,0,3,3,0,0,0,0,0,0,0,0,0,0,0,0,0,0,0,0,0,0,0,0
203490,Otto Porter Jr.,GSW,202205110MEM,"May 11, 2022",MEM,0,3,0,3,0.0,0.0,0.0,0,0,3,0,0,0,0,0,0,0,0,0,0,0,0,0,0,0,0,0,0,0,0,0
1630533,Ziaire Williams,MEM,202205110MEM,"May 11, 2022",GSW,11,8,3,9,44.0,59.01,-15.01,2,2,5,3,1,2,0,0,0,0,1,4,0,0,0,0,0,0,0,0,0,0,0,0
201939,Stephen Curry,GSW,202205110MEM,"May 11, 2022",MEM,14,10,4,12,43.75,59.52,-15.77,2,2,8,9,1,2,0,0,0,0,0,0,0,0,0,0,0,0,0,0,0,0,1,1
1626172,Kevon Looney,GSW,202205110MEM,"May 11, 2022",MEM,2,1,0,1,100.0,100.0,0.0,1,2,0,0,0,0,0,0,0,0,0,0,0,0,0,0,0,0,0,0,0,0,0,0
203937,Kyle Anderson,MEM,202205110MEM,"May 11, 2022",GSW,9,7,2,8,52.94,57.11,-4.17,6,8,1,0,0,0,0,0,0,0,0,0,0,0,0,0,0,0,0,0,0,0,1,1
1629634,Brandon Clarke,MEM,202205110MEM,"May 11, 2022",GSW,11,7,4,9,61.11,62.79,-1.68,7,10,0,0,2,1,0,0,0,0,0,0,0,0,0,0,0,0,0,0,0,0,0,0
1629001,De'Anthony Melton,MEM,202205110MEM,"May 11, 2022",GSW,10,11,0,11,34.48,45.45,-10.97,4,4,7,6,0,0,0,0,0,0,0,0,0,0,0,0,0,0,0,0,0,0,0,0
1629723,John Konchar,MEM,202205110MEM,"May 11, 2022",GSW,9,4,2,5,75.0,92.21,-17.21,2,4,2,3,1,2,0,0,0,0,0,0,0,0,0,0,0,0,0,0,0,0,0,0
1627814,Damion Lee,GSW,202205110MEM,"May 11, 2022",MEM,10,6,0,6,71.43,83.33,-11.9,4,4,2,6,0,0,0,0,0,0,0,0,0,0,0,0,0,0,0,0,0,0,0,0
bjeline01,N. Bjelica,GSW,202205110MEM,"May 11, 2022",MEM,5,4,0,4,55.56,62.5,-6.94,3,2,1,3,0,0,0,0,0,0,0,0,0,0,0,0,0,0,0,0,0,0,0,0
1630541,Moses Moody,GSW,202205110MEM,"May 11, 2022",MEM,10,7,0,7,58.82,71.43,-12.61,4,4,3,6,0,0,0,0,0,0,0,0,0,0,0,0,0,0,0,0,0,0,0,0
1629308,Juan Toscano-Anderson,GSW,202205110MEM,"May 11, 2022",MEM,5,5,1,5,35.71,45.96,-10.25,1,0,3,3,0,0,0,0,1,2,0,0,0,0,0,0,0,0,0,0,0,0,0,0
1629633,Jarrett Culver,MEM,202205110MEM,"May 11, 2022",GSW,0,6,0,6,0.0,0.0,0.0,4,0,2,0,0,0,0,0,0,0,0,0,0,0,0,0,0,0,0,0,0,0,0,0
1630214,Xavier Tillman,MEM,202205110MEM,"May 11, 2022",GSW,2,2,0,2,50.0,50.0,0.0,2,2,0,0,0,0,0,0,0,0,0,0,0,0,0,0,0,0,0,0,0,0,0,0
202710,Jimmy Butler III,MIA,202205120PHI,"May 12, 2022",PHI,32,29,6,31,45.71,50.57,-4.86,21,18,6,6,2,3,0,0,2,5,0,0,0,0,0,0,0,0,0,0,0,0,0,0
203954,Joel Embiid,PHI,202205120PHI,"May 12, 2022",MIA,20,24,4,26,33.33,38.82,-5.49,16,10,8,6,2,4,0,0,0,0,0,0,0,0,0,0,0,0,0,0,0,0,0,0
1629622,Max Strus,MIA,202205120PHI,"May 12, 2022",PHI,20,14,5,16,46.51,61.73,-15.22,4,4,10,12,1,1,1,3,0,0,0,0,0,0,0,0,0,0,0,0,0,0,0,0
1630178,Tyrese Maxey,PHI,202205120PHI,"May 12, 2022",MIA,20,22,1,22,38.46,44.56,-6.1,14,14,7,3,0,0,0,0,1,3,0,0,0,0,0,0,0,0,0,0,0,0,0,0
1629216,Gabe Vincent,MIA,202205120PHI,"May 12, 2022",PHI,7,8,0,8,35.0,43.75,-8.75,4,4,4,3,0,0,0,0,0,0,0,0,0,0,0,0,0,0,0,0,0,0,0,0
201980,Danny Green,PHI,202205120PHI,"May 12, 2022",MIA,3,1,0,1,100.0,150.0,-50.0,0,0,1,3,0,0,0,0,0,0,0,0,0,0,0,0,0,0,0,0,0,0,0,0
1628389,Bam Adebayo,MIA,202205120PHI,"May 12, 2022",PHI,10,5,0,5,100.0,100.0,0.0,5,10,0,0,0,0,0,0,0,0,0,0,0,0,0,0,0,0,0,0,0,0,0,0
202699,Tobias Harris,PHI,202205120PHI,"May 12, 2022",MIA,14,13,0,13,45.16,53.85,-8.69,8,8,5,6,0,0,0,0,0,0,0,0,0,0,0,0,0,0,0,0,0,0,0,0
201935,James Harden,PHI,202205120PHI,"May 12, 2022",MIA,11,9,0,9,44.0,61.11,-17.11,2,2,7,9,0,0,0,0,0,0,0,0,0,0,0,0,0,0,0,0,0,0,0,0
1629680,Matisse Thybulle,PHI,202205120PHI,"May 12, 2022",MIA,3,4,1,4,27.27,33.78,-6.51,1,0,2,0,0,0,0,0,1,3,0,0,0,0,0,0,0,0,0,0,0,0,0,0
203473,Dewayne Dedmon,MIA,202205120PHI,"May 12, 2022",PHI,4,4,0,4,44.44,50.0,-5.56,3,4,1,0,0,0,0,0,0,0,0,0,0,0,0,0,0,0,0,0,0,0,0,0
1629639,Tyler Herro,MIA,202205120PHI,"May 12, 2022",PHI,10,12,0,12,38.46,41.67,-3.21,10,10,2,0,0,0,0,0,0,0,0,0,0,0,0,0,0,0,0,0,0,0,0,0
203506,Victor Oladipo,MIA,202205120PHI,"May 12, 2022",PHI,4,5,0,5,33.33,40.0,-6.67,3,4,2,0,0,0,0,0,0,0,0,0,0,0,0,0,0,0,0,0,0,0,0,0
1629003,Shake Milton,PHI,202205120PHI,"May 12, 2022",MIA,15,8,1,8,71.43,88.86,-17.43,4,6,3,6,0,0,0,0,0,0,1,3,0,0,0,0,0,0,0,0,0,0,0,0
1627777,Georges Niang,PHI,202205120PHI,"May 12, 2022",MIA,0,1,0,1,0.0,0.0,0.0,0,0,1,0,0,0,0,0,0,0,0,0,0,0,0,0,0,0,0,0,0,0,0,0
1629130,Duncan Robinson,MIA,202205120PHI,"May 12, 2022",PHI,0,1,0,1,0.0,0.0,0.0,0,0,1,0,0,0,0,0,0,0,0,0,0,0,0,0,0,0,0,0,0,0,0,0
1627788,Furkan Korkmaz,PHI,202205120PHI,"May 12, 2022",MIA,2,3,0,3,28.57,33.33,-4.76,2,2,1,0,0,0,0,0,0,0,0,0,0,0,0,0,0,0,0,0,0,0,0,0
200782,P.J. Tucker,MIA,202205120PHI,"May 12, 2022",PHI,12,9,0,9,60.0,66.67,-6.67,7,12,2,0,0,0,0,0,0,0,0,0,0,0,0,0,0,0,0,0,0,0,0,0
1630198,Isaiah Joe,PHI,202205120PHI,"May 12, 2022",MIA,2,2,0,2,40.0,50.0,-10.0,1,2,1,0,0,0,0,0,0,0,0,0,0,0,0,0,0,0,0,0,0,0,0,0
1629029,Luka Dončić,DAL,202205120DAL,"May 12, 2022",PHX,33,26,14,33,44.59,51.31,-6.72,17,16,8,6,6,8,0,0,1,3,0,0,1,0,0,0,0,0,0,0,0,0,0,0
1629028,Deandre Ayton,PHX,202205120DAL,"May 12, 2022",DAL,21,16,4,17,58.33,59.12,-0.79,14,16,0,0,1,0,0,0,2,5,0,0,0,0,0,0,0,0,0,0,0,0,0,0
203109,Jae Crowder,PHX,202205120DAL,"May 12, 2022",DAL,9,4,4,6,69.23,78.12,-8.89,3,2,1,3,2,4,0,0,0,0,0,0,0,0,0,0,0,0,0,0,0,0,0,0
1628973,Jalen Brunson,DAL,202205120DAL,"May 12, 2022",PHX,18,14,6,17,48.65,54.09,-5.44,11,12,3,0,2,4,0,0,0,0,0,0,0,0,0,0,0,0,0,0,0,0,1,2
101108,Chris Paul,PHX,202205120DAL,"May 12, 2022",DAL,13,7,2,8,61.9,82.49,-20.59,2,2,5,9,1,2,0,0,0,0,0,0,0,0,0,0,0,0,0,0,0,0,0,0
1626164,Devin Booker,PHX,202205120DAL,"May 12, 2022",DAL,19,17,7,21,42.22,47.31,-5.09,13,12,4,0,3,6,0,0,0,0,0,0,0,0,0,0,0,0,0,0,1,1,0,0
203493,Reggie Bullock Jr.,DAL,202205120DAL,"May 12, 2022",PHX,19,15,0,15,46.34,63.33,-16.99,4,4,11,15,0,0,0,0,0,0,0,0,0,0,0,0,0,0,0,0,0,0,0,0
1628969,Mikal Bridges,PHX,202205120DAL,"May 12, 2022",DAL,7,7,2,8,41.18,44.42,-3.24,6,2,1,3,1,2,0,0,0,0,0,0,0,0,0,0,0,0,0,0,0,0,0,0
1627827,Dorian Finney-Smith,DAL,202205120DAL,"May 12, 2022",PHX,4,4,2,5,30.77,40.98,-10.21,1,0,3,3,0,0,0,0,0,0,0,0,0,0,0,0,0,0,0,0,0,0,1,1
1628467,Maxi Kleber,DAL,202205120DAL,"May 12, 2022",PHX,9,6,0,6,52.94,75.0,-22.06,1,0,5,9,0,0,0,0,0,0,0,0,0,0,0,0,0,0,0,0,0,0,0,0
1629661,Cameron Johnson,PHX,202205120DAL,"May 12, 2022",DAL,5,5,2,6,33.33,42.52,-9.19,2,0,3,3,0,0,0,0,0,0,0,0,0,0,0,0,0,0,0,0,0,0,1,2
1629013,Landry Shamet,PHX,202205120DAL,"May 12, 2022",DAL,2,6,0,6,15.38,16.67,-1.29,5,2,1,0,0,0,0,0,0,0,0,0,0,0,0,0,0,0,0,0,0,0,0,0
203939,Dwight Powell,DAL,202205120DAL,"May 12, 2022",PHX,8,2,6,5,80.0,86.21,-6.21,2,4,0,0,1,2,0,0,0,0,0,0,0,0,0,0,0,0,0,0,0,0,2,2
202687,Bismack Biyombo,PHX,202205120DAL,"May 12, 2022",DAL,4,4,0,4,50.0,50.0,0.0,4,4,0,0,0,0,0,0,0,0,0,0,0,0,0,0,0,0,0,0,0,0,0,0
202722,Davis Bertans,DAL,202205120DAL,"May 12, 2022",PHX,3,1,4,3,42.86,54.35,-11.49,0,0,1,0,2,3,0,0,0,0,0,0,0,0,0,0,0,0,0,0,0,0,0,0
203915,Spencer Dinwiddie,DAL,202205120DAL,"May 12, 2022",PHX,15,7,0,7,71.43,107.14,-35.71,0,0,7,15,0,0,0,0,0,0,0,0,0,0,0,0,0,0,0,0,0,0,0,0
1628373,Frank Ntilikina,DAL,202205120DAL,"May 12, 2022",PHX,0,1,0,1,0.0,0.0,0.0,0,0,1,0,0,0,0,0,0,0,0,0,0,0,0,0,0,0,0,0,0,0,0,0
1628470,Torrey Craig,PHX,202205120DAL,"May 12, 2022",DAL,6,6,0,6,42.86,50.0,-7.14,4,6,2,0,0,0,0,0,0,0,0,0,0,0,0,0,0,0,0,0,0,0,0,0
1626166,Cameron Payne,PHX,202205120DAL,"May 12, 2022",DAL,0,3,0,3,0.0,0.0,0.0,3,0,0,0,0,0,0,0,0,0,0,0,0,0,0,0,0,0,0,0,0,0,0,0
1630688,Ish Wainright,PHX,202205120DAL,"May 12, 2022",DAL,0,3,0,3,0.0,0.0,0.0,2,0,1,0,0,0,0,0,0,0,0,0,0,0,0,0,0,0,0,0,0,0,0,0
chrisma01,M. Chriss,DAL,202205120DAL,"May 12, 2022",PHX,2,0,2,1,100.0,113.64,-13.64,0,0,0,0,0,0,0,0,0,0,0,0,0,0,0,0,0,0,0,0,0,0,1,2
1626246,Boban Marjanovic,DAL,202205120DAL,"May 12, 2022",PHX,2,1,2,2,50.0,53.19,-3.19,1,0,0,0,1,2,0,0,0,0,0,0,0,0,0,0,0,0,0,0,0,0,0,0
1627759,Jaylen Brown,BOS,202205130MIL,"May 13, 2022",MIL,22,16,7,19,47.83,57.65,-9.82,8,4,7,12,3,4,0,0,1,2,0,0,0,0,0,0,0,0,0,0,0,0,0,0
1628960,Grayson Allen,MIL,202205130MIL,"May 13, 2022",BOS,3,7,1,7,15.79,20.16,-4.37,2,0,4,0,0,0,0,0,1,3,0,0,0,0,0,0,0,0,0,0,0,0,0,0
201143,Al Horford,BOS,202205130MIL,"May 13, 2022",MIL,2,6,0,6,12.5,16.67,-4.17,2,2,4,0,0,0,0,0,0,0,0,0,0,0,0,0,0,0,0,0,0,0,0,0
203507,Giannis Antetokounmpo,MIL,202205130MIL,"May 13, 2022",BOS,44,30,15,36,56.41,60.11,-3.7,24,18,3,6,6,12,0,0,3,8,0,0,0,0,0,0,0,0,0,0,0,0,0,0
203935,Marcus Smart,BOS,202205130MIL,"May 13, 2022",MIL,21,16,0,16,51.22,65.62,-14.4,7,6,9,15,0,0,0,0,0,0,0,0,0,0,0,0,0,0,0,0,0,0,0,0
1629684,Grant Williams,BOS,202205130MIL,"May 13, 2022",MIL,2,3,5,6,16.67,19.23,-2.56,2,0,1,0,1,1,0,0,0,0,0,0,1,0,0,0,0,0,0,0,0,0,1,1
1628369,Jayson Tatum,BOS,202205130MIL,"May 13, 2022",MIL,46,32,7,34,53.49,65.56,-12.07,14,14,15,21,1,1,0,0,3,8,0,0,0,0,0,0,0,0,0,0,0,0,1,2
202083,Wesley Matthews,MIL,202205130MIL,"May 13, 2022",BOS,4,6,0,6,28.57,33.33,-4.76,4,4,2,0,0,0,0,0,0,0,0,0,0,0,0,0,0,0,0,0,0,0,0,0
201572,Brook Lopez,MIL,202205130MIL,"May 13, 2022",BOS,6,6,0,6,42.86,50.0,-7.14,4,6,2,0,0,0,0,0,0,0,0,0,0,0,0,0,0,0,0,0,0,0,0,0
201950,Jrue Holiday,MIL,202205130MIL,"May 13, 2022",BOS,17,17,0,17,38.64,50.0,-11.36,7,8,10,9,0,0,0,0,0,0,0,0,0,0,0,0,0,0,0,0,0,0,0,0
1628401,Derrick White,BOS,202205130MIL,"May 13, 2022",MIL,9,9,2,10,36.0,45.55,-9.55,4,4,5,3,1,2,0,0,0,0,0,0,0,0,0,0,0,0,0,0,0,0,0,0
1626192,Pat Connaughton,MIL,202205130MIL,"May 13, 2022",BOS,14,8,0,8,73.68,87.5,-13.82,5,8,3,6,0,0,0,0,0,0,0,0,0,0,0,0,0,0,0,0,0,0,0,0
1626171,Bobby Portis,MIL,202205130MIL,"May 13, 2022",BOS,4,8,0,8,21.05,25.0,-3.95,5,4,3,0,0,0,0,0,0,0,0,0,0,0,0,0,0,0,0,0,0,0,0,0
1628464,Daniel Theis,BOS,202205130MIL,"May 13, 2022",MIL,4,3,0,3,57.14,66.67,-9.53,2,4,1,0,0,0,0,0,0,0,0,0,0,0,0,0,0,0,0,0,0,0,0,0
201588,George Hill,MIL,202205130MIL,"May 13, 2022",BOS,0,3,0,3,0.0,0.0,0.0,3,0,0,0,0,0,0,0,0,0,0,0,0,0,0,0,0,0,0,0,0,0,0,0
1630202,Payton Pritchard,BOS,202205130MIL,"May 13, 2022",MIL,0,2,0,2,0.0,0.0,0.0,1,0,1,0,0,0,0,0,0,0,0,0,0,0,0,0,0,0,0,0,0,0,0,0
203648,Thanasis Antetokounmpo,MIL,202205130MIL,"May 13, 2022",BOS,1,0,2,1,50.0,56.82,-6.82,0,0,0,0,1,1,0,0,0,0,0,0,0,0,0,0,0,0,0,0,0,0,0,0
1628975,Jevon Carter,MIL,202205130MIL,"May 13, 2022",BOS,2,1,0,1,100.0,100.0,0.0,1,2,0,0,0,0,0,0,0,0,0,0,0,0,0,0,0,0,0,0,0,0,0,0
1629670,Jordan Nwora,MIL,202205130MIL,"May 13, 2022",BOS,0,1,0,1,0.0,0.0,0.0,0,0,1,0,0,0,0,0,0,0,0,0,0,0,0,0,0,0,0,0,0,0,0,0
vildolu01,L. Vildoza,MIL,202205130MIL,"May 13, 2022",BOS,0,1,0,1,0.0,0.0,0.0,0,0,1,0,0,0,0,0,0,0,0,0,0,0,0,0,0,0,0,0,0,0,0,0
stausni01,N. Stauskas,BOS,202205130MIL,"May 13, 2022",MIL,2,0,2,1,100.0,113.64,-13.64,0,0,0,0,1,2,0,0,0,0,0,0,0,0,0,0,0,0,0,0,0,0,0,0
1628991,Jaren Jackson Jr.,MEM,202205130GSW,"May 13, 2022",GSW,12,19,3,20,25.0,29.53,-4.53,11,6,7,3,1,1,0,0,1,2,0,0,0,0,0,0,0,0,0,0,0,0,0,0
203110,Draymond Green,GSW,202205130GSW,"May 13, 2022",MEM,14,14,2,15,42.42,47.04,-4.62,11,12,3,0,1,2,0,0,0,0,0,0,0,0,0,0,0,0,0,0,0,0,0,0
1630217,Desmond Bane,MEM,202205130GSW,"May 13, 2022",GSW,25,16,4,18,58.14,70.38,-12.24,9,10,7,12,2,3,0,0,0,0,0,0,0,0,0,0,0,0,0,0,0,0,0,0
203952,Andrew Wiggins,GSW,202205130GSW,"May 13, 2022",MEM,18,16,2,17,46.15,53.32,-7.17,11,8,5,9,1,1,0,0,0,0,0,0,0,0,0,0,0,0,0,0,0,0,0,0
1626145,Tyus Jones,MEM,202205130GSW,"May 13, 2022",GSW,7,12,2,13,24.14,27.17,-3.03,9,2,3,3,1,2,0,0,0,0,0,0,0,0,0,0,0,0,0,0,0,0,0,0
201939,Stephen Curry,GSW,202205130GSW,"May 13, 2022",MEM,29,27,4,29,38.67,50.42,-11.75,10,8,17,18,1,2,0,0,0,0,0,0,0,0,1,1,0,0,0,0,0,0,0,0
203500,Steven Adams,MEM,202205130GSW,"May 13, 2022",GSW,4,3,4,5,40.0,42.02,-2.02,3,2,0,0,2,2,0,0,0,0,0,0,0,0,0,0,0,0,0,0,0,0,0,0
1628415,Dillon Brooks,MEM,202205130GSW,"May 13, 2022",GSW,30,28,2,29,41.1,51.94,-10.84,13,8,15,21,1,1,0,0,0,0,0,0,0,0,0,0,0,0,0,0,0,0,0,0
1626172,Kevon Looney,GSW,202205130GSW,"May 13, 2022",MEM,4,7,0,7,28.57,28.57,0.0,7,4,0,0,0,0,0,0,0,0,0,0,0,0,0,0,0,0,0,0,0,0,0,0
202691,Klay Thompson,GSW,202205130GSW,"May 13, 2022",MEM,30,22,0,22,51.72,68.18,-16.46,8,6,14,24,0,0,0,0,0,0,0,0,0,0,0,0,0,0,0,0,0,0,0,0
1629673,Jordan Poole,GSW,202205130GSW,"May 13, 2022",MEM,12,15,3,16,27.27,36.76,-9.49,3,2,11,6,1,2,0,0,1,2,0,0,0,0,0,0,0,0,0,0,0,0,0,0
1630533,Ziaire Williams,MEM,202205130GSW,"May 13, 2022",GSW,2,2,0,2,40.0,50.0,-10.0,1,2,1,0,0,0,0,0,0,0,0,0,0,0,0,0,0,0,0,0,0,0,0,0
1629634,Brandon Clarke,MEM,202205130GSW,"May 13, 2022",GSW,8,10,5,12,32.0,32.79,-0.79,9,2,0,0,2,4,0,0,1,2,0,0,0,0,0,0,0,0,0,0,0,0,0,0
1627814,Damion Lee,GSW,202205130GSW,"May 13, 2022",MEM,3,2,0,2,50.0,75.0,-25.0,0,0,2,3,0,0,0,0,0,0,0,0,0,0,0,0,0,0,0,0,0,0,0,0
1629001,De'Anthony Melton,MEM,202205130GSW,"May 13, 2022",GSW,8,6,0,6,53.33,66.67,-13.34,3,2,3,6,0,0,0,0,0,0,0,0,0,0,0,0,0,0,0,0,0,0,0,0
bjeline01,N. Bjelica,GSW,202205130GSW,"May 13, 2022",MEM,0,1,0,1,0.0,0.0,0.0,0,0,1,0,0,0,0,0,0,0,0,0,0,0,0,0,0,0,0,0,0,0,0,0
201950,Jrue Holiday,MIL,202205150BOS,"May 15, 2022",BOS,21,21,4,23,40.38,46.13,-5.75,15,18,6,0,2,3,0,0,0,0,0,0,0,0,0,0,0,0,0,0,0,0,0,0
1629684,Grant Williams,BOS,202205150BOS,"May 15, 2022",MIL,27,22,0,22,43.55,61.36,-17.81,4,6,18,21,0,0,0,0,0,0,0,0,0,0,0,0,0,0,0,0,0,0,0,0
203507,Giannis Antetokounmpo,MIL,202205150BOS,"May 15, 2022",BOS,25,26,6,29,40.32,43.65,-3.33,22,18,4,3,3,4,0,0,0,0,0,0,0,0,0,0,0,0,0,0,0,0,0,0
201143,Al Horford,BOS,202205150BOS,"May 15, 2022",MIL,6,7,2,8,33.33,38.07,-4.74,5,4,2,0,1,2,0,0,0,0,0,0,0,0,0,0,0,0,0,0,0,0,0,0
1628369,Jayson Tatum,BOS,202205150BOS,"May 15, 2022",MIL,23,14,5,17,54.76,70.99,-16.23,5,4,9,15,2,3,0,0,0,0,0,0,1,1,0,0,0,0,0,0,0,0,0,0
202083,Wesley Matthews,MIL,202205150BOS,"May 15, 2022",BOS,3,5,2,6,20.0,25.51,-5.51,2,2,3,0,0,0,0,0,0,0,0,0,0,0,0,0,0,0,0,0,0,0,1,1
203935,Marcus Smart,BOS,202205150BOS,"May 15, 2022",MIL,11,9,7,12,35.48,45.53,-10.05,3,2,6,3,2,3,1,3,0,0,0,0,0,0,0,0,0,0,0,0,0,0,0,0
201572,Brook Lopez,MIL,202205150BOS,"May 15, 2022",BOS,15,12,2,13,46.88,58.23,-11.35,6,10,6,3,1,2,0,0,0,0,0,0,0,0,0,0,0,0,0,0,0,0,0,0
1627759,Jaylen Brown,BOS,202205150BOS,"May 15, 2022",MIL,19,16,4,17,46.34,53.49,-7.15,9,8,5,6,1,1,0,0,2,4,0,0,0,0,0,0,0,0,0,0,0,0,0,0
1628960,Grayson Allen,MIL,202205150BOS,"May 15, 2022",BOS,1,6,2,7,5.56,7.27,-1.71,2,0,4,0,1,1,0,0,0,0,0,0,0,0,0,0,0,0,0,0,0,0,0,0
1626192,Pat Connaughton,MIL,202205150BOS,"May 15, 2022",BOS,2,6,0,6,11.76,16.67,-4.91,1,2,5,0,0,0,0,0,0,0,0,0,0,0,0,0,0,0,0,0,0,0,0,0
1628401,Derrick White,BOS,202205150BOS,"May 15, 2022",MIL,3,10,0,10,11.54,15.0,-3.46,4,0,6,3,0,0,0,0,0,0,0,0,0,0,0,0,0,0,0,0,0,0,0,0
1626171,Bobby Portis,MIL,202205150BOS,"May 15, 2022",BOS,10,9,0,9,47.62,55.56,-7.94,6,4,3,6,0,0,0,0,0,0,0,0,0,0,0,0,0,0,0,0,0,0,0,0
1628464,Daniel Theis,BOS,202205150BOS,"May 15, 2022",MIL,0,1,0,1,0.0,0.0,0.0,0,0,1,0,0,0,0,0,0,0,0,0,0,0,0,0,0,0,0,0,0,0,0,0
1630202,Payton Pritchard,BOS,202205150BOS,"May 15, 2022",MIL,14,7,0,7,70.0,100.0,-30.0,1,2,6,12,0,0,0,0,0,0,0,0,0,0,0,0,0,0,0,0,0,0,0,0
1629670,Jordan Nwora,MIL,202205150BOS,"May 15, 2022",BOS,2,2,0,2,40.0,50.0,-10.0,1,2,1,0,0,0,0,0,0,0,0,0,0,0,0,0,0,0,0,0,0,0,0,0
tuckera01,R. Tucker,MIL,202205150BOS,"May 15, 2022",BOS,0,2,0,2,0.0,0.0,0.0,1,0,1,0,0,0,0,0,0,0,0,0,0,0,0,0,0,0,0,0,0,0,0,0
vildolu01,L. Vildoza,MIL,202205150BOS,"May 15, 2022",BOS,2,1,0,1,100.0,100.0,0.0,1,2,0,0,0,0,0,0,0,0,0,0,0,0,0,0,0,0,0,0,0,0,0,0
fittsma01,M. Fitts,BOS,202205150BOS,"May 15, 2022",MIL,3,1,0,1,100.0,150.0,-50.0,0,0,1,3,0,0,0,0,0,0,0,0,0,0,0,0,0,0,0,0,0,0,0,0
1630174,Aaron Nesmith,BOS,202205150BOS,"May 15, 2022",MIL,3,1,0,1,100.0,150.0,-50.0,0,0,1,3,0,0,0,0,0,0,0,0,0,0,0,0,0,0,0,0,0,0,0,0
1629029,Luka Dončić,DAL,202205150PHO,"May 15, 2022",PHX,35,19,5,21,64.81,82.55,-17.74,7,10,11,18,1,2,0,0,1,3,0,0,0,0,0,0,0,0,0,0,0,0,1,2
101108,Chris Paul,PHX,202205150PHO,"May 15, 2022",DAL,10,8,2,9,47.62,56.31,-8.69,5,6,3,3,1,1,0,0,0,0,0,0,0,0,0,0,0,0,0,0,0,0,0,0
1628973,Jalen Brunson,DAL,202205150PHO,"May 15, 2022",PHX,24,19,0,19,57.14,63.16,-6.02,15,18,4,6,0,0,0,0,0,0,0,0,0,0,0,0,0,0,0,0,0,0,0,0
1629028,Deandre Ayton,PHX,202205150PHO,"May 15, 2022",DAL,5,5,4,7,35.71,36.98,-1.27,5,4,0,0,2,1,0,0,0,0,0,0,0,0,0,0,0,0,0,0,0,0,0,0
1626164,Devin Booker,PHX,202205150PHO,"May 15, 2022",DAL,11,14,6,17,28.95,33.05,-4.1,10,6,4,0,2,3,0,0,0,0,0,0,0,0,0,0,0,0,0,0,0,0,1,2
203939,Dwight Powell,DAL,202205150PHO,"May 15, 2022",PHX,6,3,0,3,100.0,100.0,0.0,3,6,0,0,0,0,0,0,0,0,0,0,0,0,0,0,0,0,0,0,0,0,0,0
203109,Jae Crowder,PHX,202205150PHO,"May 15, 2022",DAL,5,9,0,9,20.83,27.78,-6.95,3,2,6,3,0,0,0,0,0,0,0,0,0,0,0,0,0,0,0,0,0,0,0,0
1627827,Dorian Finney-Smith,DAL,202205150PHO,"May 15, 2022",PHX,5,4,2,5,38.46,51.23,-12.77,1,0,3,3,1,2,0,0,0,0,0,0,0,0,0,0,0,0,0,0,0,0,0,0
1628969,Mikal Bridges,PHX,202205150PHO,"May 15, 2022",DAL,6,11,0,11,24.0,27.27,-3.27,8,6,3,0,0,0,0,0,0,0,0,0,0,0,0,0,0,0,0,0,0,0,0,0
203493,Reggie Bullock Jr.,DAL,202205150PHO,"May 15, 2022",PHX,5,4,2,5,35.71,51.23,-15.52,0,0,4,3,0,0,0,0,0,0,0,0,0,0,0,0,0,0,0,0,0,0,1,2
1628467,Maxi Kleber,DAL,202205150PHO,"May 15, 2022",PHX,3,1,0,1,100.0,150.0,-50.0,0,0,1,3,0,0,0,0,0,0,0,0,0,0,0,0,0,0,0,0,0,0,0,0
203915,Spencer Dinwiddie,DAL,202205150PHO,"May 15, 2022",PHX,30,15,3,16,75.0,91.91,-16.91,7,10,7,15,1,2,0,0,1,3,0,0,0,0,0,0,0,0,0,0,0,0,0,0
1629661,Cameron Johnson,PHX,202205150PHO,"May 15, 2022",DAL,12,6,4,8,60.0,77.32,-17.32,2,2,4,6,1,2,0,0,0,0,0,0,0,0,0,0,0,0,0,0,0,0,1,2
1629013,Landry Shamet,PHX,202205150PHO,"May 15, 2022",DAL,9,5,0,5,64.29,90.0,-25.71,1,0,4,9,0,0,0,0,0,0,0,0,0,0,0,0,0,0,0,0,0,0,0,0
202722,Davis Bertans,DAL,202205150PHO,"May 15, 2022",PHX,0,3,0,3,0.0,0.0,0.0,0,0,3,0,0,0,0,0,0,0,0,0,0,0,0,0,0,0,0,0,0,0,0,0
202687,Bismack Biyombo,PHX,202205150PHO,"May 15, 2022",DAL,1,0,2,1,50.0,56.82,-6.82,0,0,0,0,0,0,0,0,0,0,0,0,0,0,0,0,0,0,0,0,0,0,1,1
201580,JaVale McGee,PHX,202205150PHO,"May 15, 2022",DAL,6,7,0,7,40.0,42.86,-2.86,6,6,1,0,0,0,0,0,0,0,0,0,0,0,0,0,0,0,0,0,0,0,0,0
1628373,Frank Ntilikina,DAL,202205150PHO,"May 15, 2022",PHX,3,4,0,4,27.27,37.5,-10.23,1,0,3,3,0,0,0,0,0,0,0,0,0,0,0,0,0,0,0,0,0,0,0,0
1628470,Torrey Craig,PHX,202205150PHO,"May 15, 2022",DAL,2,3,0,3,28.57,33.33,-4.76,2,2,1,0,0,0,0,0,0,0,0,0,0,0,0,0,0,0,0,0,0,0,0,0
1626166,Cameron Payne,PHX,202205150PHO,"May 15, 2022",DAL,5,7,0,7,29.41,35.71,-6.3,4,2,3,3,0,0,0,0,0,0,0,0,0,0,0,0,0,0,0,0,0,0,0,0
chrisma01,M. Chriss,DAL,202205150PHO,"May 15, 2022",PHX,3,3,0,3,37.5,50.0,-12.5,1,0,2,3,0,0,0,0,0,0,0,0,0,0,0,0,0,0,0,0,0,0,0,0
burketr01,T. Burke,DAL,202205150PHO,"May 15, 2022",PHX,4,2,0,2,100.0,100.0,0.0,2,4,0,0,0,0,0,0,0,0,0,0,0,0,0,0,0,0,0,0,0,0,0,0
1630182,Josh Green,DAL,202205150PHO,"May 15, 2022",PHX,3,1,0,1,100.0,150.0,-50.0,0,0,1,3,0,0,0,0,0,0,0,0,0,0,0,0,0,0,0,0,0,0,0,0
1628988,Aaron Holiday,PHX,202205150PHO,"May 15, 2022",DAL,6,5,0,5,46.15,60.0,-13.85,2,0,3,6,0,0,0,0,0,0,0,0,0,0,0,0,0,0,0,0,0,0,0,0
203901,Elfrid Payton,PHX,202205150PHO,"May 15, 2022",DAL,2,2,0,2,50.0,50.0,0.0,2,2,0,0,0,0,0,0,0,0,0,0,0,0,0,0,0,0,0,0,0,0,0,0
1630688,Ish Wainright,PHX,202205150PHO,"May 15, 2022",DAL,10,5,0,5,83.33,100.0,-16.67,3,4,2,6,0,0,0,0,0,0,0,0,0,0,0,0,0,0,0,0,0,0,0,0
1628425,Sterling Brown,DAL,202205150PHO,"May 15, 2022",PHX,0,1,0,1,0.0,0.0,0.0,1,0,0,0,0,0,0,0,0,0,0,0,0,0,0,0,0,0,0,0,0,0,0,0
1626246,Boban Marjanovic,DAL,202205150PHO,"May 15, 2022",PHX,2,2,0,2,50.0,50.0,0.0,2,2,0,0,0,0,0,0,0,0,0,0,0,0,0,0,0,0,0,0,0,0,0,0
1629684,Grant Williams,BOS,202205170MIA,"May 17, 2022",MIA,7,5,2,6,50.0,59.52,-9.52,3,2,2,3,0,0,0,0,0,0,0,0,0,0,0,0,0,0,0,0,0,0,1,2
200782,P.J. Tucker,MIA,202205170MIA,"May 17, 2022",BOS,5,5,2,6,33.33,42.52,-9.19,2,2,3,3,0,0,0,0,0,0,0,0,0,0,0,0,0,0,0,0,0,0,1,0
1627759,Jaylen Brown,BOS,202205170MIA,"May 17, 2022",MIA,24,17,10,22,46.15,56.07,-9.92,9,6,8,12,3,4,0,0,0,0,0,0,0,0,0,0,0,0,0,0,0,0,2,2
1628369,Jayson Tatum,BOS,202205170MIA,"May 17, 2022",MIA,29,21,9,25,48.33,58.09,-9.76,11,14,9,6,3,5,0,0,1,2,0,0,0,0,0,0,0,0,0,0,0,0,1,2
202710,Jimmy Butler III,MIA,202205170MIA,"May 17, 2022",BOS,41,19,18,28,70.69,76.15,-5.46,17,24,2,0,8,15,0,0,0,0,0,0,0,0,0,0,0,0,0,0,0,0,1,2
1629057,Robert Williams III,BOS,202205170MIA,"May 17, 2022",MIA,18,8,7,11,78.26,81.23,-2.97,7,10,0,0,1,2,0,0,1,3,0,0,0,0,1,1,0,0,0,0,0,0,1,2
1629622,Max Strus,BOS,202205170MIA,"May 17, 2022",MIA,11,9,0,9,42.31,61.11,-18.8,1,2,8,9,0,0,0,0,0,0,0,0,0,0,0,0,0,0,0,0,0,0,0,0
1629216,Gabe Vincent,MIA,202205170MIA,"May 17, 2022",BOS,17,10,4,12,54.84,72.28,-17.44,3,4,7,9,1,2,0,0,0,0,0,0,0,0,0,0,0,0,0,0,0,0,1,2
1628401,Derrick White,BOS,202205170MIA,"May 17, 2022",MIA,3,4,2,5,27.27,30.74,-3.47,3,2,1,0,0,0,0,0,0,0,0,0,0,0,0,0,0,0,0,0,0,0,1,1
1628389,Bam Adebayo,MIA,202205170MIA,"May 17, 2022",BOS,10,4,5,6,76.92,80.65,-3.73,3,4,0,0,2,3,0,0,1,3,0,0,0,0,0,0,0,0,0,0,0,0,0,0
1629639,Tyler Herro,MIA,202205170MIA,"May 17, 2022",BOS,18,15,3,16,47.37,55.15,-7.78,10,12,5,3,0,0,1,3,0,0,0,0,0,0,0,0,0,0,0,0,0,0,0,0
1630202,Payton Pritchard,BOS,202205170MIA,"May 17, 2022",MIA,18,16,2,17,40.0,53.32,-13.32,5,4,11,12,1,2,0,0,0,0,0,0,0,0,0,0,0,0,0,0,0,0,0,0
1628464,Daniel Theis,BOS,202205170MIA,"May 17, 2022",MIA,8,5,0,5,80.0,80.0,0.0,5,8,0,0,0,0,0,0,0,0,0,0,0,0,0,0,0,0,0,0,0,0,0,0
203473,Dewayne Dedmon,MIA,202205170MIA,"May 17, 2022",BOS,6,5,2,6,46.15,51.02,-4.87,4,4,1,0,0,0,0,0,0,0,0,0,0,0,0,0,0,0,0,0,0,0,1,2
203506,Victor Oladipo,MIA,202205170MIA,"May 17, 2022",BOS,5,9,0,9,25.0,27.78,-2.78,7,2,2,3,0,0,0,0,0,0,0,0,0,0,0,0,0,0,0,0,0,0,0,0
1628997,Caleb Martin,MIA,202205170MIA,"May 17, 2022",BOS,5,4,0,4,50.0,62.5,-12.5,2,2,2,3,0,0,0,0,0,0,0,0,0,0,0,0,0,0,0,0,0,0,0,0
1630174,Aaron Nesmith,BOS,202205170MIA,"May 17, 2022",MIA,0,3,0,3,0.0,0.0,0.0,0,0,3,0,0,0,0,0,0,0,0,0,0,0,0,0,0,0,0,0,0,0,0,0
1628973,Jalen Brunson,DAL,202205180GSW,"May 18, 2022",GSW,14,16,4,18,34.15,39.41,-5.26,11,12,5,0,1,1,0,0,0,0,0,0,0,0,0,0,0,0,0,0,0,0,1,1
1626172,Kevon Looney,GSW,202205180GSW,"May 18, 2022",DAL,10,5,0,5,100.0,100.0,0.0,5,10,0,0,0,0,0,0,0,0,0,0,0,0,0,0,0,0,0,0,0,0,0,0
203952,Andrew Wiggins,GSW,202205180GSW,"May 18, 2022",DAL,19,17,2,18,43.18,53.13,-9.95,9,10,8,9,1,0,0,0,0,0,0,0,0,0,0,0,0,0,0,0,0,0,0,0
1629029,Luka Dončić,DAL,202205180GSW,"May 18, 2022",GSW,20,18,8,22,37.04,46.47,-9.43,7,4,10,9,3,4,0,0,1,3,0,0,1,0,0,0,0,0,0,0,0,0,0,0
203939,Dwight Powell,DAL,202205180GSW,"May 18, 2022",GSW,3,2,2,3,50.0,52.08,-2.08,2,2,0,0,1,1,0,0,0,0,0,0,0,0,0,0,0,0,0,0,0,0,0,0
1627827,Dorian Finney-Smith,DAL,202205180GSW,"May 18, 2022",GSW,5,6,0,6,33.33,41.67,-8.34,3,2,3,3,0,0,0,0,0,0,0,0,0,0,0,0,0,0,0,0,0,0,0,0
201939,Stephen Curry,GSW,202205180GSW,"May 18, 2022",DAL,21,16,7,19,43.75,55.03,-11.28,6,6,9,9,1,0,1,2,1,3,0,0,1,1,0,0,0,0,0,0,0,0,0,0
202691,Klay Thompson,GSW,202205180GSW,"May 18, 2022",DAL,15,13,0,13,50.0,57.69,-7.69,9,12,4,3,0,0,0,0,0,0,0,0,0,0,0,0,0,0,0,0,0,0,0,0
203110,Draymond Green,GSW,202205180GSW,"May 18, 2022",DAL,10,6,3,7,62.5,68.31,-5.81,4,6,1,0,1,1,0,0,1,3,0,0,0,0,0,0,0,0,0,0,0,0,0,0
203493,Reggie Bullock Jr.,DAL,202205180GSW,"May 18, 2022",GSW,12,12,1,13,34.29,48.23,-13.94,2,2,10,9,0,0,0,0,0,0,0,0,1,1,0,0,0,0,0,0,0,0,0,0
1628467,Maxi Kleber,DAL,202205180GSW,"May 18, 2022",GSW,3,4,0,4,25.0,37.5,-12.5,0,0,4,3,0,0,0,0,0,0,0,0,0,0,0,0,0,0,0,0,0,0,0,0
1629673,Jordan Poole,GSW,202205180GSW,"May 18, 2022",DAL,19,12,2,13,63.33,73.76,-10.43,8,14,4,3,1,2,0,0,0,0,0,0,0,0,0,0,0,0,0,0,0,0,0,0
203490,Otto Porter Jr.,GSW,202205180GSW,"May 18, 2022",DAL,10,7,0,7,66.67,71.43,-4.76,6,10,1,0,0,0,0,0,0,0,0,0,0,0,0,0,0,0,0,0,0,0,0,0
203915,Spencer Dinwiddie,DAL,202205180GSW,"May 18, 2022",GSW,17,11,5,13,50.0,64.39,-14.39,3,2,7,9,2,3,0,0,1,3,0,0,0,0,0,0,0,0,0,0,0,0,0,0
202722,Davis Bertans,DAL,202205180GSW,"May 18, 2022",GSW,0,4,0,4,0.0,0.0,0.0,0,0,4,0,0,0,0,0,0,0,0,0,0,0,0,0,0,0,0,0,0,0,0,0
1628373,Frank Ntilikina,DAL,202205180GSW,"May 18, 2022",GSW,0,2,0,2,0.0,0.0,0.0,0,0,2,0,0,0,0,0,0,0,0,0,0,0,0,0,0,0,0,0,0,0,0,0
1627814,Damion Lee,DAL,202205180GSW,"May 18, 2022",GSW,3,1,0,1,100.0,150.0,-50.0,0,0,1,3,0,0,0,0,0,0,0,0,0,0,0,0,0,0,0,0,0,0,0,0
1630182,Josh Green,DAL,202205180GSW,"May 18, 2022",GSW,2,3,0,3,28.57,33.33,-4.76,2,2,1,0,0,0,0,0,0,0,0,0,0,0,0,0,0,0,0,0,0,0,0,0
1628425,Sterling Brown,DAL,202205180GSW,"May 18, 2022",GSW,4,4,0,4,44.44,50.0,-5.56,3,4,1,0,0,0,0,0,0,0,0,0,0,0,0,0,0,0,0,0,0,0,0,0
burketr01,T. Burke,DAL,202205180GSW,"May 18, 2022",GSW,7,4,1,4,70.0,78.83,-8.83,2,4,1,0,0,0,0,0,1,3,0,0,0,0,0,0,0,0,0,0,0,0,0,0
1630228,Jonathan Kuminga,GSW,202205180GSW,"May 18, 2022",DAL,2,4,2,5,20.0,20.49,-0.49,4,0,0,0,1,2,0,0,0,0,0,0,0,0,0,0,0,0,0,0,0,0,0,0
1630541,Moses Moody,GSW,202205180GSW,"May 18, 2022",DAL,3,1,0,1,100.0,150.0,-50.0,0,0,1,3,0,0,0,0,0,0,0,0,0,0,0,0,0,0,0,0,0,0,0,0
200782,P.J. Tucker,MIA,202205190MIA,"May 19, 2022",BOS,5,6,2,7,33.33,36.34,-3.01,5,2,1,3,1,0,0,0,0,0,0,0,0,0,0,0,0,0,0,0,0,0,0,0
203935,Marcus Smart,BOS,202205190MIA,"May 19, 2022",MIA,24,22,3,23,40.68,51.46,-10.78,9,4,12,15,1,2,0,0,1,3,0,0,0,0,0,0,0,0,0,0,0,0,0,0
1627759,Jaylen Brown,BOS,202205190MIA,"May 19, 2022",MIA,24,17,2,18,55.81,67.11,-11.3,10,10,7,12,0,0,0,0,0,0,0,0,0,0,0,0,0,0,0,0,0,0,1,2
1628389,Bam Adebayo,MIA,202205190MIA,"May 19, 2022",BOS,6,6,1,6,46.15,46.58,-0.43,5,4,0,0,0,0,0,0,1,2,0,0,0,0,0,0,0,0,0,0,0,0,0,0
201143,Al Horford,BOS,202205190MIA,"May 19, 2022",MIA,10,4,0,4,100.0,125.0,-25.0,2,4,2,6,0,0,0,0,0,0,0,0,0,0,0,0,0,0,0,0,0,0,0,0
1629057,Robert Williams III,BOS,202205190MIA,"May 19, 2022",MIA,5,3,1,3,71.43,72.67,-1.24,2,2,0,0,0,0,0,0,1,3,0,0,0,0,0,0,0,0,0,0,0,0,0,0
1628369,Jayson Tatum,MIA,202205190MIA,"May 19, 2022",BOS,27,13,7,16,69.23,83.96,-14.73,6,6,6,12,2,4,0,0,1,3,0,0,0,0,0,0,0,0,0,0,0,0,1,2
1629622,Max Strus,MIA,202205190MIA,"May 19, 2022",BOS,6,7,0,7,28.57,42.86,-14.29,0,0,7,6,0,0,0,0,0,0,0,0,0,0,0,0,0,0,0,0,0,0,0,0
202710,Jimmy Butler III,MIA,202205190MIA,"May 19, 2022",BOS,29,18,8,21,61.7,67.38,-5.68,13,16,3,3,3,4,0,0,2,6,0,0,0,0,0,0,0,0,0,0,0,0,0,0
1629216,Gabe Vincent,MIA,202205190MIA,"May 19, 2022",BOS,14,10,0,10,50.0,70.0,-20.0,2,2,8,12,0,0,0,0,0,0,0,0,0,0,0,0,0,0,0,0,0,0,0,0
1629684,Grant Williams,BOS,202205190MIA,"May 19, 2022",MIA,19,7,8,11,79.17,90.3,-11.13,5,6,2,6,3,5,0,0,0,0,0,0,0,0,0,0,0,0,0,0,0,0,1,2
203473,Dewayne Dedmon,MIA,202205190MIA,"May 19, 2022",BOS,2,1,0,1,100.0,100.0,0.0,1,2,0,0,0,0,0,0,0,0,0,0,0,0,0,0,0,0,0,0,0,0,0,0
1629639,Tyler Herro,MIA,202205190MIA,"May 19, 2022",BOS,11,11,1,11,42.31,48.08,-5.77,7,8,3,0,0,0,0,0,1,3,0,0,0,0,0,0,0,0,0,0,0,0,0,0
1630202,Payton Pritchard,BOS,202205190MIA,"May 19, 2022",MIA,10,8,0,8,45.45,62.5,-17.05,2,4,6,6,0,0,0,0,0,0,0,0,0,0,0,0,0,0,0,0,0,0,0,0
203506,Victor Oladipo,MIA,202205190MIA,"May 19, 2022",BOS,14,8,10,13,45.16,56.45,-11.29,3,2,5,3,5,9,0,0,0,0,0,0,0,0,0,0,0,0,0,0,0,0,0,0
1628997,Caleb Martin,MIA,202205190MIA,"May 19, 2022",BOS,7,8,0,8,38.89,43.75,-4.86,6,4,2,3,0,0,0,0,0,0,0,0,0,0,0,0,0,0,0,0,0,0,0,0
1629130,Duncan Robinson,MIA,202205190MIA,"May 19, 2022",BOS,6,7,0,7,33.33,42.86,-9.53,3,6,4,0,0,0,0,0,0,0,0,0,0,0,0,0,0,0,0,0,0,0,0,0
1630174,Aaron Nesmith,BOS,202205190MIA,"May 19, 2022",MIA,0,3,0,3,0.0,0.0,0.0,1,0,2,0,0,0,0,0,0,0,0,0,0,0,0,0,0,0,0,0,0,0,0,0
1628464,Daniel Theis,BOS,202205190MIA,"May 19, 2022",MIA,2,1,0,1,100.0,100.0,0.0,1,2,0,0,0,0,0,0,0,0,0,0,0,0,0,0,0,0,0,0,0,0,0,0
1630209,Omer Yurtseven,MIA,202205190MIA,"May 19, 2022",BOS,2,3,0,3,33.33,33.33,0.0,3,2,0,0,0,0,0,0,0,0,0,0,0,0,0,0,0,0,0,0,0,0,0,0
stausni01,N. Stauskas,BOS,202205190MIA,"May 19, 2022",MIA,3,3,0,3,37.5,50.0,-12.5,1,0,2,3,0,0,0,0,0,0,0,0,0,0,0,0,0,0,0,0,0,0,0,0
1629312,Haywood Highsmith,MIA,202205190MIA,"May 19, 2022",BOS,0,1,0,1,0.0,0.0,0.0,0,0,1,0,0,0,0,0,0,0,0,0,0,0,0,0,0,0,0,0,0,0,0,0
1628436,Luke Kornet,BOS,202205190MIA,"May 19, 2022",MIA,2,2,0,2,50.0,50.0,0.0,2,2,0,0,0,0,0,0,0,0,0,0,0,0,0,0,0,0,0,0,0,0,0,0
morgaju01,J. Morgan,BOS,202205190MIA,"May 19, 2022",MIA,1,1,2,2,20.0,26.6,-6.6,0,0,1,0,1,1,0,0,0,0,0,0,0,0,0,0,0,0,0,0,0,0,0,0
202691,Klay Thompson,GSW,202205200GSW,"May 20, 2022",DAL,15,10,2,11,57.69,68.93,-11.24,6,10,4,3,1,2,0,0,0,0,0,0,0,0,0,0,0,0,0,0,0,0,0,0
1629029,Luka Dončić,DAL,202205200GSW,"May 20, 2022",GSW,42,23,15,30,59.15,70.95,-11.8,12,12,10,15,5,9,0,0,1,3,0,0,0,0,0,0,0,0,0,0,0,0,2,3
203952,Andrew Wiggins,GSW,202205200GSW,"May 20, 2022",DAL,16,14,6,17,41.03,48.08,-7.05,9,4,5,9,3,3,0,0,0,0,0,0,0,0,0,0,0,0,0,0,0,0,0,0
203939,Dwight Powell,DAL,202205200GSW,"May 20, 2022",GSW,0,1,0,1,0.0,0.0,0.0,1,0,0,0,0,0,0,0,0,0,0,0,0,0,0,0,0,0,0,0,0,0,0,0
1628973,Jalen Brunson,GSW,202205200GSW,"May 20, 2022",DAL,31,19,6,21,60.78,71.63,-10.85,10,8,7,15,1,2,0,0,2,5,0,0,0,0,0,0,0,0,0,0,0,0,1,1
203493,Reggie Bullock Jr.,DAL,202205200GSW,"May 20, 2022",GSW,21,11,3,13,60.0,85.23,-25.23,1,0,10,18,1,2,0,0,0,0,0,0,1,1,0,0,0,0,0,0,0,0,0,0
201939,Stephen Curry,GSW,202205200GSW,"May 20, 2022",DAL,32,21,4,23,57.14,70.3,-13.16,10,8,10,18,1,2,0,0,1,3,0,0,1,1,0,0,0,0,0,0,0,0,0,0
1626172,Kevon Looney,GSW,202205200GSW,"May 20, 2022",DAL,21,14,1,14,72.41,72.71,-0.3,13,18,0,0,0,0,0,0,1,3,0,0,0,0,0,0,0,0,0,0,0,0,0,0
1627827,Dorian Finney-Smith,DAL,202205200GSW,"May 20, 2022",GSW,10,6,4,8,45.45,64.43,-18.98,0,0,6,9,1,1,0,0,0,0,0,0,0,0,0,0,0,0,0,0,0,0,1,0
203110,Draymond Green,GSW,202205200GSW,"May 20, 2022",DAL,6,6,2,7,37.5,43.6,-6.1,4,2,2,3,1,1,0,0,0,0,0,0,0,0,0,0,0,0,0,0,0,0,0,0
1628467,Maxi Kleber,DAL,202205200GSW,"May 20, 2022",GSW,3,5,0,5,20.0,30.0,-10.0,0,0,5,3,0,0,0,0,0,0,0,0,0,0,0,0,0,0,0,0,0,0,0,0
203915,Spencer Dinwiddie,DAL,202205200GSW,"May 20, 2022",GSW,4,6,0,6,28.57,33.33,-4.76,4,4,2,0,0,0,0,0,0,0,0,0,0,0,0,0,0,0,0,0,0,0,0,0
1629673,Jordan Poole,GSW,202205200GSW,"May 20, 2022",DAL,23,10,7,13,74.19,87.92,-13.73,6,10,4,6,0,0,1,3,0,0,0,0,0,0,0,0,0,0,0,0,0,0,2,4
203490,Otto Porter Jr.,GSW,202205200GSW,"May 20, 2022",DAL,11,4,3,5,91.67,103.38,-11.71,2,4,1,3,0,0,0,0,1,2,0,0,0,0,0,0,0,0,0,0,0,0,1,2
1628373,Frank Ntilikina,DAL,202205200GSW,"May 20, 2022",GSW,0,3,0,3,0.0,0.0,0.0,1,0,2,0,0,0,0,0,0,0,0,0,0,0,0,0,0,0,0,0,0,0,0,0
1627814,Damion Lee,GSW,202205200GSW,"May 20, 2022",DAL,0,2,0,2,0.0,0.0,0.0,0,0,2,0,0,0,0,0,0,0,0,0,0,0,0,0,0,0,0,0,0,0,0,0
202722,Davis Bertans,DAL,202205200GSW,"May 20, 2022",GSW,6,3,1,4,66.67,87.21,-20.54,1,2,2,3,0,0,0,0,0,0,0,0,0,0,0,0,0,0,0,0,1,1,0,0
1630182,Josh Green,DAL,202205200GSW,"May 20, 2022",GSW,0,1,0,1,0.0,0.0,0.0,0,0,1,0,0,0,0,0,0,0,0,0,0,0,0,0,0,0,0,0,0,0,0,0
1630541,Moses Moody,GSW,202205200GSW,"May 20, 2022",DAL,2,1,0,1,100.0,100.0,0.0,1,2,0,0,0,0,0,0,0,0,0,0,0,0,0,0,0,0,0,0,0,0,0,0
1628369,Jayson Tatum,BOS,202205210BOS,"May 21, 2022",MIA,10,14,4,16,25.64,31.73,-6.09,6,2,7,3,1,1,0,0,1,3,0,0,1,1,0,0,0,0,0,0,0,0,0,0
200768,Kyle Lowry,MIA,202205210BOS,"May 21, 2022",BOS,11,11,1,12,36.67,48.08,-11.41,4,4,7,6,0,0,0,0,0,0,0,0,1,1,0,0,0,0,0,0,0,0,0,0
1629622,Max Strus,MIA,202205210BOS,"May 21, 2022",BOS,16,12,0,12,51.61,66.67,-15.06,5,4,7,12,0,0,0,0,0,0,0,0,0,0,0,0,0,0,0,0,0,0,0,0
1628464,Daniel Theis,BOS,202205210BOS,"May 21, 2022",MIA,1,0,2,1,50.0,56.82,-6.82,0,0,0,0,1,1,0,0,0,0,0,0,0,0,0,0,0,0,0,0,0,0,0,0
1627759,Jaylen Brown,BOS,202205210BOS,"May 21, 2022",MIA,40,20,12,25,65.57,79.11,-13.54,10,20,9,9,3,4,1,3,1,3,0,0,0,0,0,0,0,0,0,0,0,0,1,1
202710,Jimmy Butler III,MIA,202205210BOS,"May 21, 2022",BOS,8,8,2,8,44.44,45.05,-0.61,6,2,0,0,0,0,0,0,2,6,0,0,0,0,0,0,0,0,0,0,0,0,0,0
1628389,Bam Adebayo,MIA,202205210BOS,"May 21, 2022",BOS,31,22,1,22,67.39,69.07,-1.68,20,28,1,0,0,0,0,0,1,3,0,0,0,0,0,0,0,0,0,0,0,0,0,0
200782,P.J. Tucker,MIA,202205210BOS,"May 21, 2022",BOS,17,10,4,12,56.67,72.28,-15.61,4,4,6,9,0,0,0,0,0,0,0,0,0,0,0,0,0,0,0,0,0,0,2,4
201143,Al Horford,BOS,202205210BOS,"May 21, 2022",MIA,20,14,3,15,55.56,65.27,-9.71,8,6,5,9,1,2,0,0,1,3,0,0,0,0,0,0,0,0,0,0,0,0,0,0
203935,Marcus Smart,BOS,202205210BOS,"May 21, 2022",MIA,16,11,5,13,51.61,60.61,-9.0,6,8,4,3,1,1,0,0,1,3,0,0,0,0,0,0,0,0,0,0,0,0,1,1
1629216,Gabe Vincent,MIA,202205210BOS,"May 21, 2022",BOS,3,4,0,4,30.0,37.5,-7.5,2,0,2,3,0,0,0,0,0,0,0,0,0,0,0,0,0,0,0,0,0,0,0,0
1629684,Grant Williams,BOS,202205210BOS,"May 21, 2022",MIA,10,6,4,8,50.0,64.43,-14.43,2,0,4,6,1,2,0,0,0,0,0,0,0,0,0,0,0,0,0,0,0,0,1,2
1628401,Derrick White,BOS,202205210BOS,"May 21, 2022",MIA,0,2,0,2,0.0,0.0,0.0,2,0,0,0,0,0,0,0,0,0,0,0,0,0,0,0,0,0,0,0,0,0,0,0
1629639,Tyler Herro,MIA,202205210BOS,"May 21, 2022",BOS,8,15,0,15,22.22,26.67,-4.45,9,8,6,0,0,0,0,0,0,0,0,0,0,0,0,0,0,0,0,0,0,0,0,0
1628997,Caleb Martin,MIA,202205210BOS,"May 21, 2022",BOS,8,4,1,4,72.73,90.09,-17.36,1,2,2,3,0,0,0,0,1,3,0,0,0,0,0,0,0,0,0,0,0,0,0,0
1629130,Duncan Robinson,MIA,202205210BOS,"May 21, 2022",BOS,2,2,0,2,40.0,50.0,-10.0,1,2,1,0,0,0,0,0,0,0,0,0,0,0,0,0,0,0,0,0,0,0,0,0
1630202,Payton Pritchard,BOS,202205210BOS,"May 21, 2022",MIA,3,1,0,1,100.0,150.0,-50.0,0,0,1,3,0,0,0,0,0,0,0,0,0,0,0,0,0,0,0,0,0,0,0,0
203506,Victor Oladipo,MIA,202205210BOS,"May 21, 2022",BOS,5,4,5,6,35.71,40.32,-4.61,2,0,1,0,0,0,0,0,1,3,0,0,0,0,1,1,0,0,0,0,0,0,1,1
1630174,Aaron Nesmith,BOS,202205210BOS,"May 21, 2022",MIA,0,1,0,1,0.0,0.0,0.0,0,0,1,0,0,0,0,0,0,0,0,0,0,0,0,0,0,0,0,0,0,0,0,0
stausni01,N. Stauskas,BOS,202205210BOS,"May 21, 2022",MIA,3,1,0,1,100.0,150.0,-50.0,0,0,1,3,0,0,0,0,0,0,0,0,0,0,0,0,0,0,0,0,0,0,0,0
1629029,Luka Dončić,DAL,202205220DAL,"May 22, 2022",GSW,40,23,17,32,55.56,65.62,-10.06,14,14,9,12,6,9,0,0,0,0,0,0,1,1,0,0,0,0,0,0,0,0,2,4
203952,Andrew Wiggins,GSW,202205220DAL,"May 22, 2022",DAL,27,20,5,22,54.0,60.81,-6.81,15,20,5,3,1,1,1,3,0,0,0,0,0,0,0,0,0,0,0,0,0,0,0,0
202691,Klay Thompson,DAL,202205220DAL,"May 22, 2022",GSW,19,18,4,20,38.0,48.08,-10.08,8,6,10,9,2,4,0,0,0,0,0,0,0,0,0,0,0,0,0,0,0,0,0,0
1626172,Kevon Looney,GSW,202205220DAL,"May 22, 2022",DAL,9,4,4,6,75.0,78.12,-3.12,4,6,0,0,2,3,0,0,0,0,0,0,0,0,0,0,0,0,0,0,0,0,0,0
203939,Dwight Powell,GSW,202205220DAL,"May 22, 2022",DAL,3,1,2,2,75.0,79.79,-4.79,1,2,0,0,0,0,0,0,0,0,0,0,0,0,0,0,0,0,0,0,0,0,1,1
1628973,Jalen Brunson,DAL,202205220DAL,"May 22, 2022",GSW,20,12,4,14,58.82,72.67,-13.85,6,8,6,9,2,3,0,0,0,0,0,0,0,0,0,0,0,0,0,0,0,0,0,0
201939,Stephen Curry,GSW,202205220DAL,"May 22, 2022",DAL,31,20,6,23,55.36,68.46,-13.1,9,8,10,15,2,4,0,0,1,3,0,0,1,1,0,0,0,0,0,0,0,0,0,0
203110,Draymond Green,GSW,202205220DAL,"May 22, 2022",DAL,10,10,0,10,50.0,50.0,0.0,10,10,0,0,0,0,0,0,0,0,0,0,0,0,0,0,0,0,0,0,0,0,0,0
203493,Reggie Bullock Jr.,DAL,202205220DAL,"May 22, 2022",GSW,0,10,1,11,0.0,0.0,0.0,3,0,7,0,0,0,0,0,0,0,0,0,1,0,0,0,0,0,0,0,0,0,0,0
1628467,Maxi Kleber,DAL,202205220DAL,"May 22, 2022",GSW,0,5,0,5,0.0,0.0,0.0,0,0,5,0,0,0,0,0,0,0,0,0,0,0,0,0,0,0,0,0,0,0,0,0
1627827,Dorian Finney-Smith,GSW,202205220DAL,"May 22, 2022",DAL,9,7,2,8,42.86,57.11,-14.25,2,2,5,6,0,0,0,0,0,0,0,0,0,0,0,0,0,0,0,0,0,0,1,1
1629673,Jordan Poole,GSW,202205220DAL,"May 22, 2022",DAL,10,4,4,6,62.5,86.81,-24.31,0,0,4,6,2,4,0,0,0,0,0,0,0,0,0,0,0,0,0,0,0,0,0,0
203490,Otto Porter Jr.,GSW,202205220DAL,"May 22, 2022",DAL,2,2,0,2,50.0,50.0,0.0,2,2,0,0,0,0,0,0,0,0,0,0,0,0,0,0,0,0,0,0,0,0,0,0
203915,Spencer Dinwiddie,DAL,202205220DAL,"May 22, 2022",GSW,26,13,8,17,59.09,78.69,-19.6,3,6,10,12,4,8,0,0,0,0,0,0,0,0,0,0,0,0,0,0,0,0,0,0
1628373,Frank Ntilikina,DAL,202205220DAL,"May 22, 2022",GSW,0,1,0,1,0.0,0.0,0.0,0,0,1,0,0,0,0,0,0,0,0,0,0,0,0,0,0,0,0,0,0,0,0,0
1630541,Moses Moody,GSW,202205220DAL,"May 22, 2022",DAL,1,3,2,4,9.09,12.89,-3.8,0,0,3,0,1,1,0,0,0,0,0,0,0,0,0,0,0,0,0,0,0,0,0,0
202722,Davis Bertans,GSW,202205220DAL,"May 22, 2022",DAL,2,3,0,3,25.0,33.33,-8.33,1,2,2,0,0,0,0,0,0,0,0,0,0,0,0,0,0,0,0,0,0,0,0,0
1628389,Bam Adebayo,MIA,202205230BOS,"May 23, 2022",BOS,9,5,5,7,60.0,62.5,-2.5,4,4,0,0,2,3,0,0,1,2,0,0,0,0,0,0,0,0,0,0,0,0,0,0
1628401,Derrick White,BOS,202205230BOS,"May 23, 2022",MIA,13,14,6,17,30.95,39.06,-8.11,6,6,8,3,1,2,0,0,0,0,0,0,0,0,0,0,0,0,0,0,0,0,2,2
1628369,Jayson Tatum,MIA,202205230BOS,"May 23, 2022",BOS,31,16,16,23,56.36,67.27,-10.91,8,12,7,3,4,7,1,3,1,2,0,0,0,0,0,0,0,0,0,0,0,0,2,4
1629057,Robert Williams III,BOS,202205230BOS,"May 23, 2022",MIA,12,5,4,7,85.71,88.76,-3.05,5,8,0,0,2,4,0,0,0,0,0,0,0,0,0,0,0,0,0,0,0,0,0,0
202710,Jimmy Butler III,MIA,202205230BOS,"May 23, 2022",BOS,6,14,0,14,20.0,21.43,-1.43,12,6,2,0,0,0,0,0,0,0,0,0,0,0,0,0,0,0,0,0,0,0,0,0
201143,Al Horford,BOS,202205230BOS,"May 23, 2022",MIA,5,2,2,3,71.43,86.81,-15.38,1,0,1,3,1,2,0,0,0,0,0,0,0,0,0,0,0,0,0,0,0,0,0,0
1627759,Jaylen Brown,BOS,202205230BOS,"May 23, 2022",MIA,12,20,2,21,25.0,28.74,-3.74,14,8,6,3,1,1,0,0,0,0,0,0,0,0,0,0,0,0,0,0,0,0,0,0
200782,P.J. Tucker,MIA,202205230BOS,"May 23, 2022",BOS,0,4,0,4,0.0,0.0,0.0,3,0,1,0,0,0,0,0,0,0,0,0,0,0,0,0,0,0,0,0,0,0,0,0
1629622,Max Strus,MIA,202205230BOS,"May 23, 2022",BOS,0,7,0,7,0.0,0.0,0.0,3,0,4,0,0,0,0,0,0,0,0,0,0,0,0,0,0,0,0,0,0,0,0,0
200768,Kyle Lowry,MIA,202205230BOS,"May 23, 2022",BOS,3,6,0,6,20.0,25.0,-5.0,3,0,3,3,0,0,0,0,0,0,0,0,0,0,0,0,0,0,0,0,0,0,0,0
1630202,Payton Pritchard,BOS,202205230BOS,"May 23, 2022",MIA,14,8,2,9,58.33,78.83,-20.5,2,4,6,9,0,0,0,0,0,0,0,0,0,0,0,0,0,0,0,0,0,0,1,1
1629684,Grant Williams,BOS,202205230BOS,"May 23, 2022",MIA,7,8,4,10,28.0,35.86,-7.86,3,0,5,3,1,2,0,0,0,0,0,0,0,0,0,0,0,0,0,0,0,0,1,2
203473,Dewayne Dedmon,MIA,202205230BOS,"May 23, 2022",BOS,7,4,0,4,77.78,87.5,-9.72,3,4,1,3,0,0,0,0,0,0,0,0,0,0,0,0,0,0,0,0,0,0,0,0
203506,Victor Oladipo,MIA,202205230BOS,"May 23, 2022",BOS,23,16,8,20,48.94,58.91,-9.97,9,6,7,12,4,5,0,0,0,0,0,0,0,0,0,0,0,0,0,0,0,0,0,0
1629216,Gabe Vincent,MIA,202205230BOS,"May 23, 2022",BOS,6,10,0,10,24.0,30.0,-6.0,5,0,5,6,0,0,0,0,0,0,0,0,0,0,0,0,0,0,0,0,0,0,0,0
1629130,Duncan Robinson,MIA,202205230BOS,"May 23, 2022",BOS,14,11,0,11,46.67,63.64,-16.97,3,2,8,12,0,0,0,0,0,0,0,0,0,0,0,0,0,0,0,0,0,0,0,0
1630174,Aaron Nesmith,BOS,202205230BOS,"May 23, 2022",MIA,2,2,0,2,40.0,50.0,-10.0,1,2,1,0,0,0,0,0,0,0,0,0,0,0,0,0,0,0,0,0,0,0,0,0
1628997,Caleb Martin,MIA,202205230BOS,"May 23, 2022",BOS,12,10,1,10,46.15,57.47,-11.32,4,4,5,6,0,0,0,0,1,2,0,0,0,0,0,0,0,0,0,0,0,0,0,0
1628464,Daniel Theis,BOS,202205230BOS,"May 23, 2022",MIA,4,3,0,3,66.67,66.67,0.0,3,4,0,0,0,0,0,0,0,0,0,0,0,0,0,0,0,0,0,0,0,0,0,0
1629312,Haywood Highsmith,MIA,202205230BOS,"May 23, 2022",BOS,0,1,0,1,0.0,0.0,0.0,1,0,0,0,0,0,0,0,0,0,0,0,0,0,0,0,0,0,0,0,0,0,0,0
1630209,Omer Yurtseven,MIA,202205230BOS,"May 23, 2022",BOS,2,2,0,2,50.0,50.0,0.0,2,2,0,0,0,0,0,0,0,0,0,0,0,0,0,0,0,0,0,0,0,0,0,0
stausni01,N. Stauskas,BOS,202205230BOS,"May 23, 2022",MIA,2,0,2,1,100.0,113.64,-13.64,0,0,0,0,0,0,0,0,0,0,0,0,0,0,0,0,0,0,0,0,0,0,1,2
202691,Klay Thompson,GSW,202205240DAL,"May 24, 2022",DAL,12,10,1,10,44.44,57.47,-13.03,3,4,6,6,0,0,0,0,1,2,0,0,0,0,0,0,0,0,0,0,0,0,0,0
1626172,Kevon Looney,GSW,202205240DAL,"May 24, 2022",DAL,3,3,3,4,33.33,34.72,-1.39,2,0,0,0,1,1,0,0,1,2,0,0,0,0,0,0,0,0,0,0,0,0,0,0
203110,Draymond Green,GSW,202205240DAL,"May 24, 2022",DAL,10,8,5,10,43.48,49.02,-5.54,5,6,2,0,2,2,0,0,1,2,0,0,0,0,0,0,0,0,0,0,0,0,0,0
1627827,Dorian Finney-Smith,DAL,202205240DAL,"May 24, 2022",GSW,23,13,2,14,65.71,82.85,-17.14,6,10,7,12,0,0,0,0,0,0,0,0,0,0,0,0,0,0,0,0,0,0,1,1
1629029,Luka Dončić,DAL,202205240DAL,"May 24, 2022",GSW,30,26,10,31,41.1,49.34,-8.24,15,14,11,9,4,5,0,0,0,0,0,0,0,0,0,0,0,0,0,0,0,0,1,2
201939,Stephen Curry,GSW,202205240DAL,"May 24, 2022",DAL,20,16,5,18,47.62,54.95,-7.33,10,8,5,6,0,0,0,0,1,3,0,0,0,0,0,0,0,0,0,0,0,0,2,3
1628973,Jalen Brunson,DAL,202205240DAL,"May 24, 2022",GSW,15,12,5,14,48.39,52.82,-4.43,9,6,2,3,1,1,0,0,1,3,0,0,0,0,0,0,0,0,0,0,0,0,1,2
203952,Andrew Wiggins,GSW,202205240DAL,"May 24, 2022",DAL,13,11,2,12,48.15,54.71,-6.56,8,8,3,3,1,2,0,0,0,0,0,0,0,0,0,0,0,0,0,0,0,0,0,0
203493,Reggie Bullock Jr.,DAL,202205240DAL,"May 24, 2022",GSW,18,10,0,10,60.0,90.0,-30.0,0,0,10,18,0,0,0,0,0,0,0,0,0,0,0,0,0,0,0,0,0,0,0,0
1628467,Maxi Kleber,DAL,202205240DAL,"May 24, 2022",GSW,13,6,1,6,81.25,100.93,-19.68,2,4,3,6,0,0,0,0,1,3,0,0,0,0,0,0,0,0,0,0,0,0,0,0
203915,Spencer Dinwiddie,DAL,202205240DAL,"May 24, 2022",GSW,10,7,4,9,43.48,57.08,-13.6,2,0,5,6,2,4,0,0,0,0,0,0,0,0,0,0,0,0,0,0,0,0,0,0
1628373,Frank Ntilikina,DAL,202205240DAL,"May 24, 2022",GSW,5,2,0,2,100.0,125.0,-25.0,1,2,1,3,0,0,0,0,0,0,0,0,0,0,0,0,0,0,0,0,0,0,0,0
1630228,Jonathan Kuminga,GSW,202205240DAL,"May 24, 2022",DAL,17,11,8,15,51.52,58.54,-7.02,8,8,3,3,4,6,0,0,0,0,0,0,0,0,0,0,0,0,0,0,0,0,0,0
1629673,Jordan Poole,GSW,202205240DAL,"May 24, 2022",DAL,14,10,2,11,51.85,64.34,-12.49,5,6,5,6,1,2,0,0,0,0,0,0,0,0,0,0,0,0,0,0,0,0,0,0
202722,Davis Bertans,DAL,202205240DAL,"May 24, 2022",GSW,5,6,0,6,31.25,41.67,-10.42,2,2,4,3,0,0,0,0,0,0,0,0,0,0,0,0,0,0,0,0,0,0,0,0
1630541,Moses Moody,GSW,202205240DAL,"May 24, 2022",DAL,10,7,0,7,58.82,71.43,-12.61,4,4,3,6,0,0,0,0,0,0,0,0,0,0,0,0,0,0,0,0,0,0,0,0
1627814,Damion Lee,GSW,202205240DAL,"May 24, 2022",DAL,6,6,0,6,46.15,50.0,-3.85,5,6,1,0,0,0,0,0,0,0,0,0,0,0,0,0,0,0,0,0,0,0,0,0
bjeline01,N. Bjelica,GSW,202205240DAL,"May 24, 2022",DAL,4,2,0,2,100.0,100.0,0.0,2,4,0,0,0,0,0,0,0,0,0,0,0,0,0,0,0,0,0,0,0,0,0,0
202710,Jimmy Butler III,MIA,202205250MIA,"May 25, 2022",BOS,13,18,4,20,28.89,32.89,-4.0,13,6,5,3,2,4,0,0,0,0,0,0,0,0,0,0,0,0,0,0,0,0,0,0
200782,P.J. Tucker,MIA,202205250MIA,"May 25, 2022",BOS,7,7,0,7,36.84,50.0,-13.16,2,4,5,3,0,0,0,0,0,0,0,0,0,0,0,0,0,0,0,0,0,0,0,0
200768,Kyle Lowry,MIA,202205250MIA,"May 25, 2022",BOS,0,6,0,6,0.0,0.0,0.0,1,0,5,0,0,0,0,0,0,0,0,0,0,0,0,0,0,0,0,0,0,0,0,0
201143,Al Horford,BOS,202205250MIA,"May 25, 2022",MIA,16,8,7,11,61.54,72.2,-10.66,4,6,3,3,3,4,0,0,1,3,0,0,0,0,0,0,0,0,0,0,0,0,0,0
1627759,Jaylen Brown,BOS,202205250MIA,"May 25, 2022",MIA,25,19,1,19,52.08,64.3,-12.22,9,8,9,15,0,0,0,0,1,2,0,0,0,0,0,0,0,0,0,0,0,0,0,0
1629622,Max Strus,MIA,202205250MIA,"May 25, 2022",BOS,4,9,4,11,13.79,18.59,-4.8,2,0,7,0,2,4,0,0,0,0,0,0,0,0,0,0,0,0,0,0,0,0,0,0
1629057,Robert Williams III,BOS,202205250MIA,"May 25, 2022",MIA,6,2,2,3,100.0,104.17,-4.17,2,4,0,0,0,0,0,0,0,0,0,0,0,0,0,0,0,0,0,0,0,0,1,2
1628369,Jayson Tatum,BOS,202205250MIA,"May 25, 2022",MIA,22,20,8,24,39.29,46.77,-7.48,12,10,8,6,3,5,0,0,0,0,0,0,0,0,0,0,0,0,0,0,0,0,1,1
203935,Marcus Smart,MIA,202205250MIA,"May 25, 2022",BOS,5,5,2,6,33.33,42.52,-9.19,2,0,3,3,1,2,0,0,0,0,0,0,0,0,0,0,0,0,0,0,0,0,0,0
1628401,Derrick White,BOS,202205250MIA,"May 25, 2022",MIA,14,8,3,9,66.67,75.11,-8.44,5,10,2,0,0,0,0,0,1,3,0,0,0,0,0,0,0,0,0,0,0,0,1,1
1628389,Bam Adebayo,MIA,202205250MIA,"May 25, 2022",BOS,18,15,2,16,56.25,56.68,-0.43,15,16,0,0,1,2,0,0,0,0,0,0,0,0,0,0,0,0,0,0,0,0,0,0
1629684,Grant Williams,BOS,202205250MIA,"May 25, 2022",MIA,5,5,0,5,35.71,50.0,-14.29,1,2,4,3,0,0,0,0,0,0,0,0,0,0,0,0,0,0,0,0,0,0,0,0
203506,Victor Oladipo,MIA,202205250MIA,"May 25, 2022",BOS,3,7,2,8,15.79,19.04,-3.25,4,2,3,0,1,1,0,0,0,0,0,0,0,0,0,0,0,0,0,0,0,0,0,0
1629216,Gabe Vincent,MIA,202205250MIA,"May 25, 2022",BOS,15,12,2,13,45.45,58.23,-12.78,5,10,7,3,1,2,0,0,0,0,0,0,0,0,0,0,0,0,0,0,0,0,0,0
1630202,Payton Pritchard,BOS,202205250MIA,"May 25, 2022",MIA,0,2,0,2,0.0,0.0,0.0,0,0,2,0,0,0,0,0,0,0,0,0,0,0,0,0,0,0,0,0,0,0,0,0
1629130,Duncan Robinson,MIA,202205250MIA,"May 25, 2022",BOS,11,12,0,12,32.35,45.83,-13.48,2,2,10,9,0,0,0,0,0,0,0,0,0,0,0,0,0,0,0,0,0,0,0,0
1628997,Caleb Martin,MIA,202205250MIA,"May 25, 2022",BOS,7,7,0,7,41.18,50.0,-8.82,4,4,3,3,0,0,0,0,0,0,0,0,0,0,0,0,0,0,0,0,0,0,0,0
stausni01,N. Stauskas,BOS,202205250MIA,"May 25, 2022",MIA,0,2,0,2,0.0,0.0,0.0,0,0,2,0,0,0,0,0,0,0,0,0,0,0,0,0,0,0,0,0,0,0,0,0
1630209,Omer Yurtseven,MIA,202205250MIA,"May 25, 2022",BOS,2,1,0,1,100.0,100.0,0.0,1,2,0,0,0,0,0,0,0,0,0,0,0,0,0,0,0,0,0,0,0,0,0,0
1626172,Kevon Looney,GSW,202205260GSW,"May 26, 2022",DAL,10,8,0,8,62.5,62.5,0.0,8,10,0,0,0,0,0,0,0,0,0,0,0,0,0,0,0,0,0,0,0,0,0,0
1627827,Dorian Finney-Smith,DAL,202205260GSW,"May 26, 2022",GSW,13,10,0,10,54.17,65.0,-10.83,6,10,4,3,0,0,0,0,0,0,0,0,0,0,0,0,0,0,0,0,0,0,0,0
203939,Dwight Powell,DAL,202205260GSW,"May 26, 2022",GSW,3,1,1,1,100.0,104.17,-4.17,0,0,0,0,0,0,0,0,1,3,0,0,0,0,0,0,0,0,0,0,0,0,0,0
203952,Andrew Wiggins,GSW,202205260GSW,"May 26, 2022",DAL,18,16,4,18,41.86,50.68,-8.82,9,14,7,0,1,2,0,0,0,0,0,0,0,0,0,0,0,0,0,0,0,0,1,2
1628973,Jalen Brunson,DAL,202205260GSW,"May 26, 2022",GSW,10,10,6,13,35.71,39.56,-3.85,8,6,2,0,3,4,0,0,0,0,0,0,0,0,0,0,0,0,0,0,0,0,0,0
202691,Klay Thompson,GSW,202205260GSW,"May 26, 2022",DAL,32,25,0,25,48.48,64.0,-15.52,9,8,16,24,0,0,0,0,0,0,0,0,0,0,0,0,0,0,0,0,0,0,0,0
1629029,Luka Dončić,DAL,202205260GSW,"May 26, 2022",GSW,28,28,7,31,36.84,45.05,-8.21,14,12,13,9,1,2,0,0,1,3,0,0,0,0,0,0,0,0,0,0,0,0,2,2
203493,Reggie Bullock Jr.,DAL,202205260GSW,"May 26, 2022",GSW,6,4,0,4,50.0,75.0,-25.0,0,0,4,6,0,0,0,0,0,0,0,0,0,0,0,0,0,0,0,0,0,0,0,0
201939,Stephen Curry,GSW,202205260GSW,"May 26, 2022",DAL,15,17,3,19,34.09,40.94,-6.85,10,6,7,6,1,2,0,0,0,0,0,0,0,0,0,0,0,0,0,0,1,1,0,0
201980,Danny Green,DAL,202205260GSW,"May 26, 2022",GSW,17,7,4,8,89.47,97.03,-7.56,4,6,1,3,1,2,0,0,2,6,0,0,0,0,0,0,0,0,0,0,0,0,0,0
1628467,Maxi Kleber,DAL,202205260GSW,"May 26, 2022",GSW,7,6,0,6,50.0,58.33,-8.33,4,4,2,3,0,0,0,0,0,0,0,0,0,0,0,0,0,0,0,0,0,0,0,0
203915,Spencer Dinwiddie,DAL,202205260GSW,"May 26, 2022",GSW,26,12,9,15,65.0,81.45,-16.45,4,2,6,12,2,3,1,2,1,3,1,4,0,0,0,0,0,0,0,0,0,0,0,0
1628373,Frank Ntilikina,DAL,202205260GSW,"May 26, 2022",GSW,6,5,0,5,40.0,60.0,-20.0,0,0,5,6,0,0,0,0,0,0,0,0,0,0,0,0,0,0,0,0,0,0,0,0
1629673,Jordan Poole,GSW,202205260GSW,"May 26, 2022",DAL,16,8,3,9,72.73,85.84,-13.11,4,8,3,3,1,2,0,0,1,3,0,0,0,0,0,0,0,0,0,0,0,0,0,0
bjeline01,N. Bjelica,GSW,202205260GSW,"May 26, 2022",DAL,5,4,0,4,55.56,62.5,-6.94,3,2,1,3,0,0,0,0,0,0,0,0,0,0,0,0,0,0,0,0,0,0,0,0
1630541,Moses Moody,GSW,202205260GSW,"May 26, 2022",DAL,7,3,2,4,77.78,90.21,-12.43,2,2,1,3,1,2,0,0,0,0,0,0,0,0,0,0,0,0,0,0,0,0,0,0
202722,Davis Bertans,DAL,202205260GSW,"May 26, 2022",GSW,3,2,0,2,50.0,75.0,-25.0,0,0,2,3,0,0,0,0,0,0,0,0,0,0,0,0,0,0,0,0,0,0,0,0
1628425,Sterling Brown,DAL,202205260GSW,"May 26, 2022",GSW,2,1,2,2,50.0,53.19,-3.19,1,0,0,0,1,2,0,0,0,0,0,0,0,0,0,0,0,0,0,0,0,0,0,0
burketr01,T. Burke,DAL,202205260GSW,"May 26, 2022",GSW,6,3,0,3,66.67,100.0,-33.33,0,0,3,6,0,0,0,0,0,0,0,0,0,0,0,0,0,0,0,0,0,0,0,0
1628369,Jayson Tatum,BOS,202205270BOS,"May 27, 2022",MIA,30,12,8,16,76.92,96.65,-19.73,5,10,7,12,3,6,0,0,0,0,0,0,0,0,0,0,0,0,0,0,0,0,1,2
200768,Kyle Lowry,MIA,202205270BOS,"May 27, 2022",BOS,18,14,4,16,43.9,57.11,-13.21,5,2,9,12,1,2,0,0,0,0,0,0,0,0,0,0,0,0,0,0,0,0,1,2
1629057,Robert Williams III,BOS,202205270BOS,"May 27, 2022",MIA,12,7,2,8,75.0,76.14,-1.14,7,10,0,0,1,2,0,0,0,0,0,0,0,0,0,0,0,0,0,0,0,0,0,0
200782,P.J. Tucker,MIA,202205270BOS,"May 27, 2022",BOS,11,4,4,6,78.57,95.49,-16.92,2,2,2,6,0,0,0,0,0,0,0,0,0,0,0,0,0,0,0,0,0,0,2,3
201143,Al Horford,BOS,202205270BOS,"May 27, 2022",MIA,3,8,0,8,13.64,18.75,-5.11,2,0,6,3,0,0,0,0,0,0,0,0,0,0,0,0,0,0,0,0,0,0,0,0
202710,Jimmy Butler III,MIA,202205270BOS,"May 27, 2022",BOS,47,29,11,33,61.04,69.44,-8.4,18,18,8,12,1,2,0,0,3,9,0,0,0,0,0,0,0,0,0,0,0,0,3,6
1628389,Bam Adebayo,MIA,202205270BOS,"May 27, 2022",BOS,6,6,0,6,50.0,50.0,0.0,6,6,0,0,0,0,0,0,0,0,0,0,0,0,0,0,0,0,0,0,0,0,0,0
1629622,Max Strus,MIA,202205270BOS,"May 27, 2022",BOS,13,12,0,12,40.62,54.17,-13.55,4,4,8,9,0,0,0,0,0,0,0,0,0,0,0,0,0,0,0,0,0,0,0,0
203935,Marcus Smart,BOS,202205270BOS,"May 27, 2022",MIA,14,15,5,17,31.82,40.7,-8.88,6,6,8,0,0,0,0,0,0,0,1,4,0,0,0,0,0,0,0,0,0,0,2,4
1627759,Jaylen Brown,BOS,202205270BOS,"May 27, 2022",MIA,20,13,9,17,52.63,58.96,-6.33,9,8,3,3,3,6,0,0,1,3,0,0,0,0,0,0,0,0,0,0,0,0,1,0
1629684,Grant Williams,BOS,202205270BOS,"May 27, 2022",MIA,2,2,2,3,33.33,34.72,-1.39,2,0,0,0,1,2,0,0,0,0,0,0,0,0,0,0,0,0,0,0,0,0,0,0
1628997,Caleb Martin,MIA,202205270BOS,"May 27, 2022",BOS,5,4,0,4,55.56,62.5,-6.94,3,2,1,3,0,0,0,0,0,0,0,0,0,0,0,0,0,0,0,0,0,0,0,0
1629216,Gabe Vincent,MIA,202205270BOS,"May 27, 2022",BOS,2,2,2,3,25.0,34.72,-9.72,0,0,2,0,0,0,0,0,0,0,0,0,0,0,0,0,0,0,0,0,0,0,1,2
1628401,Derrick White,BOS,202205270BOS,"May 27, 2022",MIA,22,14,5,16,55.0,67.9,-12.9,6,4,7,12,2,4,0,0,1,2,0,0,0,0,0,0,0,0,0,0,0,0,0,0
1629130,Duncan Robinson,MIA,202205270BOS,"May 27, 2022",BOS,0,1,0,1,0.0,0.0,0.0,0,0,1,0,0,0,0,0,0,0,0,0,0,0,0,0,0,0,0,0,0,0,0,0
203506,Victor Oladipo,MIA,202205270BOS,"May 27, 2022",BOS,9,6,4,8,45.0,57.99,-12.99,2,2,4,3,1,2,0,0,0,0,0,0,0,0,0,0,0,0,0,0,0,0,1,2
1630202,Payton Pritchard,BOS,202205270BOS,"May 27, 2022",MIA,0,1,0,1,0.0,0.0,0.0,0,0,1,0,0,0,0,0,0,0,0,0,0,0,0,0,0,0,0,0,0,0,0,0
201143,Al Horford,BOS,202205290MIA,"May 29, 2022",MIA,5,9,0,9,20.83,27.78,-6.95,3,2,6,3,0,0,0,0,0,0,0,0,0,0,0,0,0,0,0,0,0,0,0,0
1628389,Bam Adebayo,MIA,202205290MIA,"May 29, 2022",BOS,25,21,3,22,55.56,56.0,-0.44,20,22,0,0,0,0,0,0,1,2,0,0,0,0,0,0,0,0,0,0,0,0,1,1
202710,Jimmy Butler III,MIA,202205290MIA,"May 29, 2022",BOS,35,24,11,29,55.56,60.68,-5.12,18,20,4,3,3,4,0,0,2,6,0,0,1,1,0,0,0,0,0,0,0,0,1,1
1628369,Jayson Tatum,BOS,202205290MIA,"May 29, 2022",MIA,26,21,5,23,48.15,56.03,-7.88,13,8,7,12,2,4,0,0,1,2,0,0,0,0,0,0,0,0,0,0,0,0,0,0
203935,Marcus Smart,BOS,202205290MIA,"May 29, 2022",MIA,24,22,6,25,40.0,48.7,-8.7,12,10,10,9,2,3,0,0,0,0,0,0,0,0,0,0,0,0,0,0,0,0,1,2
200782,P.J. Tucker,MIA,202205290MIA,"May 29, 2022",BOS,0,3,0,3,0.0,0.0,0.0,1,0,2,0,0,0,0,0,0,0,0,0,0,0,0,0,0,0,0,0,0,0,0,0
1627759,Jaylen Brown,BOS,202205290MIA,"May 29, 2022",MIA,24,15,8,19,55.81,64.79,-8.98,10,14,5,3,3,5,0,0,0,0,0,0,0,0,0,0,0,0,0,0,0,0,1,2
200768,Kyle Lowry,BOS,202205290MIA,"May 29, 2022",MIA,15,12,9,16,38.46,46.99,-8.53,5,4,6,3,2,1,0,0,1,3,0,0,0,0,0,0,0,0,0,0,0,0,2,4
1628401,Derrick White,BOS,202205290MIA,"May 29, 2022",MIA,8,8,0,8,42.11,50.0,-7.89,5,2,3,6,0,0,0,0,0,0,0,0,0,0,0,0,0,0,0,0,0,0,0,0
1629684,Grant Williams,BOS,202205290MIA,"May 29, 2022",MIA,11,8,3,9,55.0,59.01,-4.01,6,8,1,0,1,0,0,0,1,3,0,0,0,0,0,0,0,0,0,0,0,0,0,0
1629622,Max Strus,MIA,202205290MIA,"May 29, 2022",BOS,8,10,0,10,29.63,40.0,-10.37,3,2,7,6,0,0,0,0,0,0,0,0,0,0,0,0,0,0,0,0,0,0,0,0
1629216,Gabe Vincent,MIA,202205290MIA,"May 29, 2022",BOS,4,4,1,4,33.33,45.05,-11.72,1,0,2,0,0,0,0,0,0,0,1,4,0,0,0,0,0,0,0,0,0,0,0,0
203506,Victor Oladipo,MIA,202205290MIA,"May 29, 2022",BOS,9,12,0,12,29.03,37.5,-8.47,5,6,7,3,0,0,0,0,0,0,0,0,0,0,0,0,0,0,0,0,0,0,0,0
1629639,Tyler Herro,MIA,202205290MIA,"May 29, 2022",BOS,0,2,0,2,0.0,0.0,0.0,1,0,1,0,0,0,0,0,0,0,0,0,0,0,0,0,0,0,0,0,0,0,0,0
1629057,Robert Williams III,BOS,202205290MIA,"May 29, 2022",MIA,2,2,2,3,33.33,34.72,-1.39,2,0,0,0,1,2,0,0,0,0,0,0,0,0,0,0,0,0,0,0,0,0,0,0
1628369,Jayson Tatum,BOS,202206020GSW,"Jun 2, 2022",GSW,12,17,7,20,26.09,29.88,-3.79,11,2,5,3,3,4,0,0,1,3,0,0,0,0,0,0,0,0,0,0,0,0,0,0
201939,Stephen Curry,GSW,202206020GSW,"Jun 2, 2022",BOS,34,25,4,27,50.0,63.53,-13.53,11,10,14,21,2,3,0,0,0,0,0,0,0,0,0,0,0,0,0,0,0,0,0,0
203952,Andrew Wiggins,GSW,202206020GSW,"Jun 2, 2022",BOS,20,15,2,16,51.28,62.97,-11.69,8,12,7,6,0,0,0,0,0,0,0,0,0,0,0,0,0,0,0,0,0,0,1,2
201143,Al Horford,BOS,202206020GSW,"Jun 2, 2022",GSW,26,12,3,13,74.29,97.6,-23.31,3,4,8,18,1,1,0,0,1,3,0,0,0,0,0,0,0,0,0,0,0,0,0,0
1626172,Kevon Looney,GSW,202206020GSW,"Jun 2, 2022",BOS,4,4,2,5,40.0,40.98,-0.98,4,2,0,0,1,2,0,0,0,0,0,0,0,0,0,0,0,0,0,0,0,0,0,0
1627759,Jaylen Brown,BOS,202206020GSW,"Jun 2, 2022",GSW,24,23,2,24,42.86,50.25,-7.39,15,16,8,6,1,2,0,0,0,0,0,0,0,0,0,0,0,0,0,0,0,0,0,0
203935,Marcus Smart,BOS,202206020GSW,"Jun 2, 2022",GSW,18,11,0,11,62.07,81.82,-19.75,4,6,7,12,0,0,0,0,0,0,0,0,0,0,0,0,0,0,0,0,0,0,0,0
203110,Draymond Green,GSW,202206020GSW,"Jun 2, 2022",BOS,4,12,3,13,12.9,15.02,-2.12,7,2,4,0,1,0,0,0,1,2,0,0,0,0,0,0,0,0,0,0,0,0,0,0
202691,Klay Thompson,GSW,202206020GSW,"Jun 2, 2022",BOS,15,14,0,14,42.86,53.57,-10.71,7,6,7,9,0,0,0,0,0,0,0,0,0,0,0,0,0,0,0,0,0,0,0,0
1629057,Robert Williams III,BOS,202206020GSW,"Jun 2, 2022",GSW,8,4,0,4,100.0,100.0,0.0,4,8,0,0,0,0,0,0,0,0,0,0,0,0,0,0,0,0,0,0,0,0,0,0
1628401,Derrick White,BOS,202206020GSW,"Jun 2, 2022",GSW,21,11,4,13,61.76,82.29,-20.53,3,2,8,15,2,4,0,0,0,0,0,0,0,0,0,0,0,0,0,0,0,0,0,0
1629684,Grant Williams,BOS,202206020GSW,"Jun 2, 2022",GSW,0,2,0,2,0.0,0.0,0.0,1,0,1,0,0,0,0,0,0,0,0,0,0,0,0,0,0,0,0,0,0,0,0,0
1629673,Jordan Poole,GSW,202206020GSW,"Jun 2, 2022",BOS,9,7,4,9,39.13,51.37,-12.24,2,2,5,3,1,2,0,0,0,0,0,0,0,0,0,0,0,0,0,0,0,0,1,2
203490,Otto Porter Jr.,GSW,202206020GSW,"Jun 2, 2022",BOS,12,5,0,5,80.0,120.0,-40.0,0,0,5,12,0,0,0,0,0,0,0,0,0,0,0,0,0,0,0,0,0,0,0,0
1630202,Payton Pritchard,BOS,202206020GSW,"Jun 2, 2022",GSW,8,4,0,4,72.73,100.0,-27.27,1,2,3,6,0,0,0,0,0,0,0,0,0,0,0,0,0,0,0,0,0,0,0,0
1628464,Daniel Theis,BOS,202206020GSW,"Jun 2, 2022",GSW,3,1,0,1,100.0,150.0,-50.0,0,0,1,3,0,0,0,0,0,0,0,0,0,0,0,0,0,0,0,0,0,0,0,0
2738,Andre Iguodala,GSW,202206020GSW,"Jun 2, 2022",BOS,7,4,0,4,77.78,87.5,-9.72,3,4,1,3,0,0,0,0,0,0,0,0,0,0,0,0,0,0,0,0,0,0,0,0
bjeline01,N. Bjelica,GSW,202206020GSW,"Jun 2, 2022",BOS,3,1,0,1,100.0,150.0,-50.0,0,0,1,3,0,0,0,0,0,0,0,0,0,0,0,0,0,0,0,0,0,0,0,0
1627814,Damion Lee,GSW,202206020GSW,"Jun 2, 2022",BOS,0,1,0,1,0.0,0.0,0.0,0,0,1,0,0,0,0,0,0,0,0,0,0,0,0,0,0,0,0,0,0,0,0,0
203935,Marcus Smart,BOS,202206050GSW,"Jun 5, 2022",GSW,2,6,0,6,13.33,16.67,-3.34,3,2,3,0,0,0,0,0,0,0,0,0,0,0,0,0,0,0,0,0,0,0,0,0
203952,Andrew Wiggins,GSW,202206050GSW,"Jun 5, 2022",BOS,11,12,2,13,37.93,42.7,-4.77,9,4,3,6,1,1,0,0,0,0,0,0,0,0,0,0,0,0,0,0,0,0,0,0
1627759,Jaylen Brown,BOS,202206050GSW,"Jun 5, 2022",GSW,17,17,5,19,35.42,44.27,-8.85,7,2,9,9,0,0,1,2,1,3,0,0,1,1,0,0,0,0,0,0,0,0,0,0
201939,Stephen Curry,GSW,202206050GSW,"Jun 5, 2022",BOS,29,21,7,25,47.54,60.22,-12.68,9,8,12,15,0,0,0,0,0,0,0,0,1,1,0,0,0,0,0,0,0,0,3,5
1626172,Kevon Looney,BOS,202206050GSW,"Jun 5, 2022",GSW,12,6,0,6,100.0,100.0,0.0,6,12,0,0,0,0,0,0,0,0,0,0,0,0,0,0,0,0,0,0,0,0,0,0
202691,Klay Thompson,GSW,202206050GSW,"Jun 5, 2022",BOS,11,19,2,20,22.92,27.67,-4.75,11,6,8,3,1,2,0,0,0,0,0,0,0,0,0,0,0,0,0,0,0,0,0,0
1629057,Robert Williams III,BOS,202206050GSW,"Jun 5, 2022",GSW,2,1,0,1,100.0,100.0,0.0,1,2,0,0,0,0,0,0,0,0,0,0,0,0,0,0,0,0,0,0,0,0,0,0
1628369,Jayson Tatum,BOS,202206050GSW,"Jun 5, 2022",GSW,28,19,8,23,50.91,62.17,-11.26,10,4,9,18,4,6,0,0,0,0,0,0,0,0,0,0,0,0,0,0,0,0,0,0
203110,Draymond Green,GSW,202206050GSW,"Jun 5, 2022",BOS,9,3,7,6,64.29,74.01,-9.72,1,2,1,0,3,5,0,0,1,2,0,0,0,0,0,0,0,0,0,0,0,0,0,0
201143,Al Horford,GSW,202206050GSW,"Jun 5, 2022",BOS,2,4,0,4,25.0,25.0,0.0,4,2,0,0,0,0,0,0,0,0,0,0,0,0,0,0,0,0,0,0,0,0,0,0
1628401,Derrick White,BOS,202206050GSW,"Jun 5, 2022",GSW,12,13,2,14,37.5,43.23,-5.73,9,4,4,6,1,2,0,0,0,0,0,0,0,0,0,0,0,0,0,0,0,0,0,0
1629684,Grant Williams,BOS,202206050GSW,"Jun 5, 2022",GSW,6,2,2,3,85.71,104.17,-18.46,1,2,1,3,1,1,0,0,0,0,0,0,0,0,0,0,0,0,0,0,0,0,0,0
1627780,Gary Payton II,GSW,202206050GSW,"Jun 5, 2022",BOS,7,3,2,4,77.78,90.21,-12.43,2,4,1,3,1,0,0,0,0,0,0,0,0,0,0,0,0,0,0,0,0,0,0,0
1629673,Jordan Poole,GSW,202206050GSW,"Jun 5, 2022",BOS,17,14,0,14,45.95,60.71,-14.76,5,2,9,15,0,0,0,0,0,0,0,0,0,0,0,0,0,0,0,0,0,0,0,0
203490,Otto Porter Jr.,GSW,202206050GSW,"Jun 5, 2022",BOS,3,1,0,1,100.0,150.0,-50.0,0,0,1,3,0,0,0,0,0,0,0,0,0,0,0,0,0,0,0,0,0,0,0,0
1630202,Payton Pritchard,BOS,202206050GSW,"Jun 5, 2022",GSW,4,7,0,7,23.53,28.57,-5.04,4,4,3,0,0,0,0,0,0,0,0,0,0,0,0,0,0,0,0,0,0,0,0,0
1628464,Daniel Theis,BOS,202206050GSW,"Jun 5, 2022",GSW,0,1,0,1,0.0,0.0,0.0,0,0,1,0,0,0,0,0,0,0,0,0,0,0,0,0,0,0,0,0,0,0,0,0
bjeline01,N. Bjelica,GSW,202206050GSW,"Jun 5, 2022",BOS,6,4,0,4,75.0,75.0,0.0,4,6,0,0,0,0,0,0,0,0,0,0,0,0,0,0,0,0,0,0,0,0,0,0
1630174,Aaron Nesmith,BOS,202206050GSW,"Jun 5, 2022",GSW,4,4,0,4,40.0,50.0,-10.0,2,4,2,0,0,0,0,0,0,0,0,0,0,0,0,0,0,0,0,0,0,0,0,0
1630541,Moses Moody,GSW,202206050GSW,"Jun 5, 2022",BOS,2,1,0,1,100.0,100.0,0.0,1,2,0,0,0,0,0,0,0,0,0,0,0,0,0,0,0,0,0,0,0,0,0,0
1630573,Sam Hauser,BOS,202206050GSW,"Jun 5, 2022",GSW,3,2,0,2,50.0,75.0,-25.0,0,0,2,3,0,0,0,0,0,0,0,0,0,0,0,0,0,0,0,0,0,0,0,0
fittsma01,M. Fitts,BOS,202206050GSW,"Jun 5, 2022",GSW,3,1,0,1,100.0,150.0,-50.0,0,0,1,3,0,0,0,0,0,0,0,0,0,0,0,0,0,0,0,0,0,0,0,0
1628436,Luke Kornet,BOS,202206050GSW,"Jun 5, 2022",GSW,2,1,0,1,100.0,100.0,0.0,1,2,0,0,0,0,0,0,0,0,0,0,0,0,0,0,0,0,0,0,0,0,0,0
stausni01,N. Stauskas,BOS,202206050GSW,"Jun 5, 2022",GSW,3,2,0,2,50.0,75.0,-25.0,0,0,2,3,0,0,0,0,0,0,0,0,0,0,0,0,0,0,0,0,0,0,0,0
1627814,Damion Lee,GSW,202206050GSW,"Jun 5, 2022",BOS,0,1,0,1,0.0,0.0,0.0,0,0,1,0,0,0,0,0,0,0,0,0,0,0,0,0,0,0,0,0,0,0,0,0
1629308,Juan Toscano-Anderson,GSW,202206050GSW,"Jun 5, 2022",BOS,0,1,0,1,0.0,0.0,0.0,0,0,1,0,0,0,0,0,0,0,0,0,0,0,0,0,0,0,0,0,0,0,0,0
1626172,Kevon Looney,GSW,202206080BOS,"Jun 8, 2022",BOS,6,4,0,4,75.0,75.0,0.0,4,6,0,0,0,0,0,0,0,0,0,0,0,0,0,0,0,0,0,0,0,0,0,0
1627759,Jaylen Brown,BOS,202206080BOS,"Jun 8, 2022",GSW,27,16,6,19,58.7,72.42,-13.72,8,10,8,12,2,3,0,0,0,0,0,0,0,0,0,0,0,0,0,0,0,0,1,2
202691,Klay Thompson,GSW,202206080BOS,"Jun 8, 2022",BOS,25,17,6,20,47.17,63.65,-16.48,4,4,13,15,2,4,0,0,0,0,0,0,0,0,0,0,0,0,0,0,0,0,1,2
1628369,Jayson Tatum,BOS,202206080BOS,"Jun 8, 2022",GSW,26,23,6,26,42.62,50.7,-8.08,14,12,9,9,2,3,0,0,0,0,0,0,0,0,0,0,0,0,0,0,0,0,1,2
203952,Andrew Wiggins,GSW,202206080BOS,"Jun 8, 2022",BOS,18,16,4,18,42.86,50.68,-7.82,10,12,6,3,2,3,0,0,0,0,0,0,0,0,0,0,0,0,0,0,0,0,0,0
201143,Al Horford,BOS,202206080BOS,"Jun 8, 2022",GSW,11,7,2,8,61.11,69.8,-8.69,5,8,2,3,1,0,0,0,0,0,0,0,0,0,0,0,0,0,0,0,0,0,0,0
201939,Stephen Curry,GSW,202206080BOS,"Jun 8, 2022",BOS,31,22,1,22,55.36,69.07,-13.71,11,12,10,15,0,0,0,0,0,0,1,4,0,0,0,0,0,0,0,0,0,0,0,0
1629057,Robert Williams III,BOS,202206080BOS,"Jun 8, 2022",GSW,8,5,0,5,80.0,80.0,0.0,5,8,0,0,0,0,0,0,0,0,0,0,0,0,0,0,0,0,0,0,0,0,0,0
203935,Marcus Smart,BOS,202206080BOS,"Jun 8, 2022",GSW,24,17,7,20,50.0,59.76,-9.76,10,10,7,9,2,2,1,3,0,0,0,0,0,0,0,0,0,0,0,0,0,0,0,0
1628401,Derrick White,BOS,202206080BOS,"Jun 8, 2022",GSW,7,9,1,9,31.82,37.08,-5.26,5,4,3,0,0,0,0,0,1,3,0,0,0,0,0,0,0,0,0,0,0,0,0,0
203110,Draymond Green,GSW,202206080BOS,"Jun 8, 2022",BOS,2,4,0,4,20.0,25.0,-5.0,2,2,2,0,0,0,0,0,0,0,0,0,0,0,0,0,0,0,0,0,0,0,0,0
1627780,Gary Payton II,GSW,202206080BOS,"Jun 8, 2022",BOS,2,2,2,3,33.33,34.72,-1.39,2,0,0,0,1,2,0,0,0,0,0,0,0,0,0,0,0,0,0,0,0,0,0,0
203490,Otto Porter Jr.,GSW,202206080BOS,"Jun 8, 2022",BOS,6,3,0,3,66.67,100.0,-33.33,0,0,3,6,0,0,0,0,0,0,0,0,0,0,0,0,0,0,0,0,0,0,0,0
1629684,Grant Williams,BOS,202206080BOS,"Jun 8, 2022",GSW,10,7,2,8,50.0,63.45,-13.45,3,6,4,3,1,1,0,0,0,0,0,0,0,0,0,0,0,0,0,0,0,0,0,0
1629673,Jordan Poole,GSW,202206080BOS,"Jun 8, 2022",BOS,10,8,2,9,45.45,56.31,-10.86,4,6,4,3,1,1,0,0,0,0,0,0,0,0,0,0,0,0,0,0,0,0,0,0
1630202,Payton Pritchard,BOS,202206080BOS,"Jun 8, 2022",GSW,3,2,0,2,60.0,75.0,-15.0,1,0,1,3,0,0,0,0,0,0,0,0,0,0,0,0,0,0,0,0,0,0,0,0
bjeline01,N. Bjelica,GSW,202206080BOS,"Jun 8, 2022",BOS,0,1,0,1,0.0,0.0,0.0,1,0,0,0,0,0,0,0,0,0,0,0,0,0,0,0,0,0,0,0,0,0,0,0
1627814,Damion Lee,GSW,202206080BOS,"Jun 8, 2022",BOS,0,1,0,1,0.0,0.0,0.0,0,0,1,0,0,0,0,0,0,0,0,0,0,0,0,0,0,0,0,0,0,0,0,0
1630573,Sam Hauser,BOS,202206080BOS,"Jun 8, 2022",GSW,0,1,0,1,0.0,0.0,0.0,1,0,0,0,0,0,0,0,0,0,0,0,0,0,0,0,0,0,0,0,0,0,0,0
1630174,Aaron Nesmith,BOS,202206080BOS,"Jun 8, 2022",GSW,0,1,0,1,0.0,0.0,0.0,1,0,0,0,0,0,0,0,0,0,0,0,0,0,0,0,0,0,0,0,0,0,0,0
stausni01,N. Stauskas,BOS,202206080BOS,"Jun 8, 2022",GSW,0,1,0,1,0.0,0.0,0.0,0,0,1,0,0,0,0,0,0,0,0,0,0,0,0,0,0,0,0,0,0,0,0,0
203935,Marcus Smart,BOS,202206100BOS,"Jun 10, 2022",GSW,18,18,1,19,39.13,48.81,-9.68,9,8,9,9,0,0,0,0,0,0,0,0,0,0,0,0,0,0,0,0,0,0,1,1
202691,Klay Thompson,GSW,202206100BOS,"Jun 10, 2022",BOS,18,17,0,17,40.91,52.94,-12.03,7,6,10,12,0,0,0,0,0,0,0,0,0,0,0,0,0,0,0,0,0,0,0,0
201939,Stephen Curry,BOS,202206100BOS,"Jun 10, 2022",GSW,43,26,9,30,57.33,71.76,-14.43,11,12,14,21,2,4,0,0,1,3,0,0,0,0,0,0,0,0,0,0,0,0,2,3
1628369,Jayson Tatum,BOS,202206100BOS,"Jun 10, 2022",GSW,23,23,5,26,38.98,45.63,-6.65,15,8,8,12,2,3,0,0,0,0,0,0,1,0,0,0,0,0,0,0,0,0,0,0
201143,Al Horford,BOS,202206100BOS,"Jun 10, 2022",GSW,8,6,2,7,40.0,58.14,-18.14,0,0,6,6,1,2,0,0,0,0,0,0,0,0,0,0,0,0,0,0,0,0,0,0
1629057,Robert Williams III,BOS,202206100BOS,"Jun 10, 2022",GSW,7,3,2,4,87.5,90.21,-2.71,3,6,0,0,1,1,0,0,0,0,0,0,0,0,0,0,0,0,0,0,0,0,0,0
203490,Otto Porter Jr.,GSW,202206100BOS,"Jun 10, 2022",BOS,2,2,2,3,25.0,34.72,-9.72,0,0,2,0,1,2,0,0,0,0,0,0,0,0,0,0,0,0,0,0,0,0,0,0
203110,Draymond Green,GSW,202206100BOS,"Jun 10, 2022",BOS,2,7,0,7,12.5,14.29,-1.79,5,2,2,0,0,0,0,0,0,0,0,0,0,0,0,0,0,0,0,0,0,0,0,0
203952,Andrew Wiggins,GSW,202206100BOS,"Jun 10, 2022",BOS,17,17,2,18,40.48,47.54,-7.06,11,10,6,6,1,1,0,0,0,0,0,0,0,0,0,0,0,0,0,0,0,0,0,0
1627759,Jaylen Brown,BOS,202206100BOS,"Jun 10, 2022",GSW,21,19,2,19,45.65,52.82,-7.17,12,12,5,3,0,0,0,0,1,3,1,3,0,0,0,0,0,0,0,0,0,0,0,0
1626172,Kevon Looney,GSW,202206100BOS,"Jun 10, 2022",BOS,6,4,0,4,75.0,75.0,0.0,4,6,0,0,0,0,0,0,0,0,0,0,0,0,0,0,0,0,0,0,0,0,0,0
1628401,Derrick White,BOS,202206100BOS,"Jun 10, 2022",GSW,16,12,5,14,47.06,56.34,-9.28,6,0,5,9,2,4,0,0,1,3,0,0,0,0,0,0,0,0,0,0,0,0,0,0
1629684,Grant Williams,BOS,202206100BOS,"Jun 10, 2022",GSW,3,2,0,2,50.0,75.0,-25.0,0,0,2,3,0,0,0,0,0,0,0,0,0,0,0,0,0,0,0,0,0,0,0,0
1627780,Gary Payton II,GSW,202206100BOS,"Jun 10, 2022",BOS,5,3,2,4,55.56,64.43,-8.87,2,4,1,0,0,0,0,0,0,0,0,0,0,0,0,0,0,0,0,0,0,0,1,1
1629673,Jordan Poole,GSW,202206100BOS,"Jun 10, 2022",BOS,14,13,0,13,42.42,53.85,-11.43,6,8,7,6,0,0,0,0,0,0,0,0,0,0,0,0,0,0,0,0,0,0,0,0
1630202,Payton Pritchard,BOS,202206100BOS,"Jun 10, 2022",GSW,1,2,2,3,12.5,17.36,-4.86,0,0,2,0,1,1,0,0,0,0,0,0,0,0,0,0,0,0,0,0,0,0,0,0
bjeline01,N. Bjelica,GSW,202206100BOS,"Jun 10, 2022",BOS,0,2,0,2,0.0,0.0,0.0,1,0,1,0,0,0,0,0,0,0,0,0,0,0,0,0,0,0,0,0,0,0,0,0
203490,Otto Porter Jr.,GSW,202206130GSW,"Jun 13, 2022",BOS,2,3,0,3,25.0,33.33,-8.33,1,2,2,0,0,0,0,0,0,0,0,0,0,0,0,0,0,0,0,0,0,0,0,0
1628369,Jayson Tatum,BOS,202206130GSW,"Jun 13, 2022",GSW,27,20,6,23,49.09,59.63,-10.54,11,10,9,15,3,2,0,0,0,0,0,0,0,0,0,0,0,0,0,0,0,0,0,0
203110,Draymond Green,GSW,202206130GSW,"Jun 13, 2022",BOS,8,6,2,7,50.0,58.14,-8.14,4,6,2,0,1,2,0,0,0,0,0,0,0,0,0,0,0,0,0,0,0,0,0,0
201143,Al Horford,BOS,202206130GSW,"Jun 13, 2022",GSW,9,6,2,7,52.94,65.41,-12.47,3,2,3,6,0,0,0,0,0,0,0,0,0,0,0,0,0,0,0,0,0,0,1,1
1627759,Jaylen Brown,BOS,202206130GSW,"Jun 13, 2022",GSW,18,18,10,22,35.29,40.18,-4.89,11,6,5,0,4,7,0,0,2,5,0,0,0,0,0,0,0,0,0,0,0,0,0,0
203952,Andrew Wiggins,GSW,202206130GSW,"Jun 13, 2022",BOS,26,23,3,24,47.27,53.45,-6.18,16,22,6,0,1,1,0,0,1,3,0,0,0,0,0,0,0,0,0,0,0,0,0,0
203935,Marcus Smart,BOS,202206130GSW,"Jun 13, 2022",GSW,20,15,4,17,50.0,59.67,-9.67,9,8,6,9,1,2,0,0,0,0,0,0,0,0,0,0,0,0,0,0,0,0,1,1
1629057,Robert Williams III,BOS,202206130GSW,"Jun 13, 2022",GSW,10,5,2,6,83.33,85.03,-1.7,5,8,0,0,1,2,0,0,0,0,0,0,0,0,0,0,0,0,0,0,0,0,0,0
201939,Stephen Curry,GSW,202206130GSW,"Jun 13, 2022",BOS,16,22,3,24,28.57,34.31,-5.74,13,14,9,0,1,2,0,0,0,0,0,0,1,0,0,0,0,0,0,0,0,0,0,0
202691,Klay Thompson,GSW,202206130GSW,"Jun 13, 2022",BOS,21,14,2,15,51.22,70.56,-19.34,3,4,11,15,1,2,0,0,0,0,0,0,0,0,0,0,0,0,0,0,0,0,0,0
1628401,Derrick White,BOS,202206130GSW,"Jun 13, 2022",GSW,1,4,2,5,7.69,10.25,-2.56,1,0,3,0,1,1,0,0,0,0,0,0,0,0,0,0,0,0,0,0,0,0,0,0
1626172,Kevon Looney,GSW,202206130GSW,"Jun 13, 2022",BOS,2,2,0,2,50.0,50.0,0.0,2,2,0,0,0,0,0,0,0,0,0,0,0,0,0,0,0,0,0,0,0,0,0,0
1629684,Grant Williams,BOS,202206130GSW,"Jun 13, 2022",GSW,3,2,1,2,50.0,61.48,-11.48,0,0,1,0,0,0,0,0,1,3,0,0,0,0,0,0,0,0,0,0,0,0,0,0
1627780,Gary Payton II,GSW,202206130GSW,"Jun 13, 2022",BOS,15,8,2,9,71.43,84.46,-13.03,5,10,3,3,1,2,0,0,0,0,0,0,0,0,0,0,0,0,0,0,0,0,0,0
1630202,Payton Pritchard,BOS,202206130GSW,"Jun 13, 2022",GSW,0,3,0,3,0.0,0.0,0.0,0,0,3,0,0,0,0,0,0,0,0,0,0,0,0,0,0,0,0,0,0,0,0,0
1629673,Jordan Poole,GSW,202206130GSW,"Jun 13, 2022",BOS,14,8,3,10,56.0,75.11,-19.11,2,2,6,9,1,2,0,0,0,0,0,0,1,1,0,0,0,0,0,0,0,0,0,0
1628436,Luke Kornet,BOS,202206130GSW,"Jun 13, 2022",GSW,3,1,0,1,100.0,150.0,-50.0,0,0,1,3,0,0,0,0,0,0,0,0,0,0,0,0,0,0,0,0,0,0,0,0
1630174,Aaron Nesmith,BOS,202206130GSW,"Jun 13, 2022",GSW,3,1,4,3,42.86,54.35,-11.49,0,0,1,0,0,0,0,0,0,0,0,0,0,0,0,0,0,0,0,0,0,0,2,3
1630228,Jonathan Kuminga,GSW,202206130GSW,"Jun 13, 2022",BOS,0,1,0,1,0.0,0.0,0.0,1,0,0,0,0,0,0,0,0,0,0,0,0,0,0,0,0,0,0,0,0,0,0,0
1627814,Damion Lee,GSW,202206130GSW,"Jun 13, 2022",BOS,0,1,0,1,0.0,0.0,0.0,0,0,1,0,0,0,0,0,0,0,0,0,0,0,0,0,0,0,0,0,0,0,0,0
202691,Klay Thompson,BOS,202206160BOS,"Jun 16, 2022",GSW,12,20,0,20,25.0,30.0,-5.0,12,6,8,6,0,0,0,0,0,0,0,0,0,0,0,0,0,0,0,0,0,0,0,0
201143,Al Horford,BOS,202206160BOS,"Jun 16, 2022",GSW,19,8,3,9,79.17,101.93,-22.76,2,2,5,12,1,2,0,0,1,3,0,0,0,0,0,0,0,0,0,0,0,0,0,0
203110,Draymond Green,GSW,202206160BOS,"Jun 16, 2022",BOS,12,10,0,10,48.0,60.0,-12.0,5,6,5,6,0,0,0,0,0,0,0,0,0,0,0,0,0,0,0,0,0,0,0,0
203935,Marcus Smart,BOS,202206160BOS,"Jun 16, 2022",GSW,9,12,0,12,34.62,37.5,-2.88,10,6,2,3,0,0,0,0,0,0,0,0,0,0,0,0,0,0,0,0,0,0,0,0
203490,Otto Porter Jr.,GSW,202206160BOS,"Jun 16, 2022",BOS,6,3,0,3,66.67,100.0,-33.33,0,0,3,6,0,0,0,0,0,0,0,0,0,0,0,0,0,0,0,0,0,0,0,0
1628369,Jayson Tatum,BOS,202206160BOS,"Jun 16, 2022",GSW,13,18,0,18,32.5,36.11,-3.61,14,10,4,3,0,0,0,0,0,0,0,0,0,0,0,0,0,0,0,0,0,0,0,0
1627759,Jaylen Brown,BOS,202206160BOS,"Jun 16, 2022",GSW,34,23,6,26,53.97,66.3,-12.33,12,14,11,15,2,3,0,0,0,0,0,0,0,0,0,0,0,0,0,0,0,0,1,2
203952,Andrew Wiggins,GSW,202206160BOS,"Jun 16, 2022",BOS,18,18,0,18,40.0,50.0,-10.0,9,6,9,12,0,0,0,0,0,0,0,0,0,0,0,0,0,0,0,0,0,0,0,0
201939,Stephen Curry,GSW,202206160BOS,"Jun 16, 2022",BOS,34,21,4,23,59.65,74.69,-15.04,10,12,11,18,0,0,0,0,0,0,0,0,0,0,0,0,0,0,0,0,0,0,2,4
1626172,Kevon Looney,GSW,202206160BOS,"Jun 16, 2022",BOS,0,2,0,2,0.0,0.0,0.0,2,0,0,0,0,0,0,0,0,0,0,0,0,0,0,0,0,0,0,0,0,0,0,0
1628401,Derrick White,BOS,202206160BOS,"Jun 16, 2022",GSW,2,6,0,6,14.29,16.67,-2.38,4,2,2,0,0,0,0,0,0,0,0,0,0,0,0,0,0,0,0,0,0,0,0,0
1627780,Gary Payton II,GSW,202206160BOS,"Jun 16, 2022",BOS,6,6,2,7,37.5,43.6,-6.1,4,4,2,0,1,2,0,0,0,0,0,0,0,0,0,0,0,0,0,0,0,0,0,0
1630202,Payton Pritchard,BOS,202206160BOS,"Jun 16, 2022",GSW,0,2,0,2,0.0,0.0,0.0,0,0,2,0,0,0,0,0,0,0,0,0,0,0,0,0,0,0,0,0,0,0,0,0
1629057,Robert Williams III,BOS,202206160BOS,"Jun 16, 2022",GSW,10,8,2,9,55.56,56.31,-0.75,8,8,0,0,1,2,0,0,0,0,0,0,0,0,0,0,0,0,0,0,0,0,0,0
1629673,Jordan Poole,GSW,202206160BOS,"Jun 16, 2022",BOS,15,12,2,13,44.12,58.23,-14.11,4,4,8,9,1,2,0,0,0,0,0,0,0,0,0,0,0,0,0,0,0,0,0,0
1629684,Grant Williams,BOS,202206160BOS,"Jun 16, 2022",GSW,3,2,1,2,50.0,61.48,-11.48,0,0,1,0,0,0,0,0,1,3,0,0,0,0,0,0,0,0,0,0,0,0,0,0
stausni01,N. Stauskas,BOS,202206160BOS,"Jun 16, 2022",GSW,0,1,0,1,0.0,0.0,0.0,0,0,1,0,0,0,0,0,0,0,0,0,0,0,0,0,0,0,0,0,0,0,0,0
