player_id,player_name,team_abbr,game_id,game_date,opponent,pts,fga,fta,scoring_poss,pure_ts_pct,standard_ts_pct,delta_pp,C1a_events,C1a_pts,C1b_events,C1b_pts,C2_events,C2_pts,C3_events,C3_pts,C4_events,C4_pts,C5_events,C5_pts,C6a_events,C6a_pts,C6b_events,C6b_pts,C6c_events,C6c_pts,C6d_events,C6d_pts,C6e_events,C6e_pts,C6f_events,C6f_pts
133,David Wesley,CHA,200004220CHH,"Apr 22, 2000",PHI,14,11,4,13,51.85,54.86,-3.01,10,10,1,0,1,2,0,0,0,0,0,0,0,0,0,0,0,0,0,0,0,0,1,2
248,George Lynch,PHI,200004220CHH,"Apr 22, 2000",CHA,10,11,0,11,43.48,45.45,-1.97,10,10,1,0,0,0,0,0,0,0,0,0,0,0,0,0,0,0,0,0,0,0,0,0
947,Allen Iverson,PHI,200004220CHH,"Apr 22, 2000",CHA,40,25,16,32,57.97,62.42,-4.45,21,18,3,9,0,0,2,4,1,2,0,0,1,1,0,0,0,0,0,0,0,0,4,6
934,Derrick Coleman,CHA,200004220CHH,"Apr 22, 2000",PHI,23,18,11,24,42.59,50.35,-7.76,11,8,7,6,3,5,0,0,0,0,0,0,1,1,0,0,0,0,0,0,0,0,2,3
727,Eric Snow,CHA,200004220CHH,"Apr 22, 2000",PHI,10,9,2,10,50.0,50.61,-0.61,9,8,0,0,0,0,0,0,0,0,0,0,0,0,0,0,0,0,0,0,0,0,1,2
193,Anthony Mason,CHA,200004220CHH,"Apr 22, 2000",PHI,14,7,10,12,58.33,61.4,-3.07,7,8,0,0,3,2,0,0,0,0,0,0,0,0,0,0,0,0,0,0,0,0,2,4
922,Elden Campbell,CHA,200004220CHH,"Apr 22, 2000",PHI,2,4,0,4,25.0,25.0,0.0,4,2,0,0,0,0,0,0,0,0,0,0,0,0,0,0,0,0,0,0,0,0,0,0
689,Theo Ratliff,PHI,200004220CHH,"Apr 22, 2000",CHA,9,10,3,11,39.13,39.75,-0.62,9,6,0,0,1,1,0,0,1,2,0,0,0,0,0,0,0,0,0,0,0,0,0,0
238,Tyrone Hill,PHI,200004220CHH,"Apr 22, 2000",CHA,10,9,2,10,50.0,50.61,-0.61,9,8,0,0,1,2,0,0,0,0,0,0,0,0,0,0,0,0,0,0,0,0,0,0
224,Eddie Jones,PHI,200004220CHH,"Apr 22, 2000",CHA,14,12,4,14,38.89,50.87,-11.98,4,4,8,6,2,4,0,0,0,0,0,0,0,0,0,0,0,0,0,0,0,0,0,0
389,Toni Kukoc,PHI,200004220CHH,"Apr 22, 2000",CHA,2,5,2,6,15.38,17.01,-1.63,4,0,1,0,1,2,0,0,0,0,0,0,0,0,0,0,0,0,0,0,0,0,0,0
761,Matt Geiger,PHI,200004220CHH,"Apr 22, 2000",CHA,6,6,6,9,33.33,34.72,-1.39,6,2,0,0,2,4,0,0,0,0,0,0,0,0,0,0,0,0,0,0,0,0,1,0
1944,Eddie Robinson,CHA,200004220CHH,"Apr 22, 2000",PHI,0,1,0,1,0.0,0.0,0.0,1,0,0,0,0,0,0,0,0,0,0,0,0,0,0,0,0,0,0,0,0,0,0,0
243,Aaron McKie,PHI,200004220CHH,"Apr 22, 2000",CHA,5,3,0,3,71.43,83.33,-11.9,2,2,1,3,0,0,0,0,0,0,0,0,0,0,0,0,0,0,0,0,0,0,0,0
1802,Brad Miller,CHA,200004220CHH,"Apr 22, 2000",PHI,13,8,8,12,54.17,56.42,-2.25,8,6,0,0,1,2,0,0,0,0,0,0,0,0,0,0,0,0,0,0,0,0,3,5
1884,Baron Davis,CHA,200004220CHH,"Apr 22, 2000",PHI,2,4,2,5,16.67,20.49,-3.82,2,2,2,0,0,0,0,0,0,0,0,0,0,0,0,0,0,0,0,0,0,0,1,0
283,Lindsey Hunter,MIA,200004220MIA,"Apr 22, 2000",DET,11,9,2,10,47.83,55.67,-7.84,6,6,3,3,0,0,0,0,0,0,0,0,0,0,0,0,0,0,0,0,0,0,1,2
136,P.J. Brown,MIA,200004220MIA,"Apr 22, 2000",DET,6,10,0,10,30.0,30.0,0.0,10,6,0,0,0,0,0,0,0,0,0,0,0,0,0,0,0,0,0,0,0,0,0,0
371,Terry Mills,DET,200004220MIA,"Apr 22, 2000",MIA,9,4,0,4,81.82,112.5,-30.68,1,0,3,9,0,0,0,0,0,0,0,0,0,0,0,0,0,0,0,0,0,0,0,0
1853,Anthony Carter,DET,200004220MIA,"Apr 22, 2000",MIA,10,12,2,13,38.46,38.82,-0.36,12,8,0,0,0,0,0,0,0,0,0,0,0,0,0,0,0,0,0,0,0,0,1,2
255,Grant Hill,DET,200004220MIA,"Apr 22, 2000",MIA,13,9,8,13,48.15,51.92,-3.77,8,6,1,0,4,7,0,0,0,0,0,0,0,0,0,0,0,0,0,0,0,0,0,0
297,Alonzo Mourning,MIA,200004220MIA,"Apr 22, 2000",DET,20,16,4,18,55.56,56.31,-0.75,16,18,0,0,1,1,0,0,0,0,0,0,0,0,0,0,0,0,0,0,0,0,1,1
469,Jamal Mashburn,MIA,200004220MIA,"Apr 22, 2000",DET,29,17,8,21,63.04,70.66,-7.62,13,16,4,6,3,5,0,0,0,0,0,0,0,0,0,0,0,0,0,0,0,0,1,2
363,Christian Laettner,DET,200004220MIA,"Apr 22, 2000",MIA,7,5,4,7,50.0,51.78,-1.78,5,4,0,0,2,3,0,0,0,0,0,0,0,0,0,0,0,0,0,0,0,0,0,0
105,Dan Majerle,MIA,200004220MIA,"Apr 22, 2000",DET,11,8,2,9,45.83,61.94,-16.11,2,0,6,9,1,2,0,0,0,0,0,0,0,0,0,0,0,0,0,0,0,0,0,0
711,Jerry Stackhouse,DET,200004220MIA,"Apr 22, 2000",MIA,23,16,12,22,48.94,54.04,-5.1,13,10,3,6,4,5,0,0,0,0,0,0,0,0,0,0,0,0,0,0,0,0,2,2
1477,Bruce Bowen,MIA,200004220MIA,"Apr 22, 2000",DET,11,4,4,6,73.33,95.49,-22.16,1,2,3,6,0,0,0,0,0,0,0,0,0,0,0,0,0,0,0,0,0,0,2,3
1630,Mikki Moore,DET,200004220MIA,"Apr 22, 2000",MIA,6,5,2,6,50.0,51.02,-1.02,5,4,0,0,0,0,0,0,0,0,0,0,0,0,0,0,0,0,0,0,0,0,1,2
688,Michael Curry,DET,200004220MIA,"Apr 22, 2000",MIA,4,4,0,4,50.0,50.0,0.0,4,4,0,0,0,0,0,0,0,0,0,0,0,0,0,0,0,0,0,0,0,0,0,0
966,Jerome Williams,DET,200004220MIA,"Apr 22, 2000",MIA,10,10,4,12,41.67,42.52,-0.85,10,10,0,0,0,0,0,0,0,0,0,0,0,0,0,0,0,0,0,0,0,0,2,0
221,Clar. Weatherspoon,MIA,200004220MIA,"Apr 22, 2000",DET,6,4,4,6,50.0,52.08,-2.08,4,2,0,0,2,4,0,0,0,0,0,0,0,0,0,0,0,0,0,0,0,0,0,0
180,John Crotty,DET,200004220MIA,"Apr 22, 2000",MIA,2,5,0,5,20.0,20.0,0.0,5,2,0,0,0,0,0,0,0,0,0,0,0,0,0,0,0,0,0,0,0,0,0,0
901,Otis Thorpe,MIA,200004220MIA,"Apr 22, 2000",DET,2,2,0,2,50.0,50.0,0.0,2,2,0,0,0,0,0,0,0,0,0,0,0,0,0,0,0,0,0,0,0,0,0,0
251,Sean Elliott,SAS,200004220SAS,"Apr 22, 2000",PHX,15,14,0,14,45.45,53.57,-8.12,9,6,5,9,0,0,0,0,0,0,0,0,0,0,0,0,0,0,0,0,0,0,0,0
361,Clifford Robinson,PHX,200004220SAS,"Apr 22, 2000",SAS,17,18,4,20,38.64,43.02,-4.38,14,10,4,3,1,2,0,0,0,0,0,0,0,0,0,0,0,0,0,0,0,0,1,2
53,Mario Elie,SAS,200004220SAS,"Apr 22, 2000",PHX,1,5,1,6,7.69,9.19,-1.5,3,0,2,0,0,0,0,0,0,0,0,0,1,1,0,0,0,0,0,0,0,0,0,0
358,Anfernee Hardaway,PHX,200004220SAS,"Apr 22, 2000",SAS,17,16,2,16,47.22,50.36,-3.14,12,8,2,3,0,0,0,0,2,6,0,0,0,0,0,0,0,0,0,0,0,0,0,0
26,Luc Longley,PHX,200004220SAS,"Apr 22, 2000",SAS,2,4,0,4,25.0,25.0,0.0,4,2,0,0,0,0,0,0,0,0,0,0,0,0,0,0,0,0,0,0,0,0,0,0
764,David Robinson,SAS,200004220SAS,"Apr 22, 2000",PHX,11,12,7,15,35.48,36.47,-0.99,11,4,0,0,3,4,0,0,1,3,0,0,0,0,0,0,0,0,0,0,0,0,0,0
955,Samaki Walker,SAS,200004220SAS,"Apr 22, 2000",PHX,13,8,6,11,59.09,61.09,-2.0,8,10,0,0,3,3,0,0,0,0,0,0,0,0,0,0,0,0,0,0,0,0,0,0
1890,Shawn Marion,PHX,200004220SAS,"Apr 22, 2000",SAS,10,10,0,10,47.62,50.0,-2.38,9,10,1,0,0,0,0,0,0,0,0,0,0,0,0,0,0,0,0,0,0,0,0,0
422,Avery Johnson,SAS,200004220SAS,"Apr 22, 2000",PHX,14,11,4,13,53.85,54.86,-1.01,11,12,0,0,1,1,0,0,0,0,0,0,0,0,0,0,0,0,0,0,0,0,1,1
988,Randy Livingston,PHX,200004220SAS,"Apr 22, 2000",SAS,2,6,0,6,15.38,16.67,-1.29,5,2,1,0,0,0,0,0,0,0,0,0,0,0,0,0,0,0,0,0,0,0,0,0
932,Oliver Miller,PHX,200004220SAS,"Apr 22, 2000",SAS,2,2,0,2,50.0,50.0,0.0,2,2,0,0,0,0,0,0,0,0,0,0,0,0,0,0,0,0,0,0,0,0,0,0
990,Malik Rose,SAS,200004220SAS,"Apr 22, 2000",PHX,7,8,3,9,36.84,37.55,-0.71,7,4,0,0,1,1,0,0,1,2,0,0,0,0,0,0,0,0,0,0,0,0,0,0
345,Terry Porter,SAS,200004220SAS,"Apr 22, 2000",PHX,4,7,0,7,25.0,28.57,-3.57,5,4,2,0,0,0,0,0,0,0,0,0,0,0,0,0,0,0,0,0,0,0,0,0
915,Rodney Rogers,PHX,200004220SAS,"Apr 22, 2000",SAS,15,14,0,14,46.88,53.57,-6.69,10,12,4,3,0,0,0,0,0,0,0,0,0,0,0,0,0,0,0,0,0,0,0,0
760,Jerome Kersey,SAS,200004220SAS,"Apr 22, 2000",PHX,0,3,0,3,0.0,0.0,0.0,3,0,0,0,0,0,0,0,0,0,0,0,0,0,0,0,0,0,0,0,0,0,0,0
916,Corie Blount,PHX,200004220SAS,"Apr 22, 2000",SAS,5,5,4,7,35.71,36.98,-1.27,5,2,0,0,1,2,0,0,0,0,0,0,0,0,0,0,0,0,0,0,0,0,1,1
134,Kevin Johnson,SAS,200004220SAS,"Apr 22, 2000",PHX,2,6,0,6,15.38,16.67,-1.29,5,2,1,0,0,0,0,0,0,0,0,0,0,0,0,0,0,0,0,0,0,0,0,0
1498,Antonio Daniels,SAS,200004220SAS,"Apr 22, 2000",PHX,5,5,0,5,41.67,50.0,-8.33,3,2,2,3,0,0,0,0,0,0,0,0,0,0,0,0,0,0,0,0,0,0,0,0
103,Todd Day,PHX,200004220SAS,"Apr 22, 2000",SAS,0,1,0,1,0.0,0.0,0.0,0,0,1,0,0,0,0,0,0,0,0,0,0,0,0,0,0,0,0,0,0,0,0,0
935,Bryon Russell,UTA,200004220UTA,"Apr 22, 2000",SEA,8,8,1,8,40.0,47.39,-7.39,4,2,3,3,0,0,0,0,1,3,0,0,0,0,0,0,0,0,0,0,0,0,0,0
1742,Shammond Williams,SEA,200004220UTA,"Apr 22, 2000",UTA,23,14,2,15,63.89,77.28,-13.39,8,10,6,12,0,0,0,0,0,0,0,0,0,0,0,0,0,0,0,0,0,0,1,1
204,Jeff Hornacek,UTA,200004220UTA,"Apr 22, 2000",SEA,13,11,5,14,44.83,49.24,-4.41,9,6,2,3,0,0,0,0,0,0,0,0,1,0,0,0,0,0,0,0,0,0,2,4
1740,Rashard Lewis,SEA,200004220UTA,"Apr 22, 2000",UTA,4,7,0,7,26.67,28.57,-1.9,6,4,1,0,0,0,0,0,0,0,0,0,0,0,0,0,0,0,0,0,0,0,0,0
56,Gary Payton,SEA,200004220UTA,"Apr 22, 2000",UTA,24,29,1,29,38.1,40.76,-2.66,24,18,4,3,0,0,0,0,1,3,0,0,0,0,0,0,0,0,0,0,0,0,0,0
178,Olden Polynice,UTA,200004220UTA,"Apr 22, 2000",SEA,0,1,0,1,0.0,0.0,0.0,1,0,0,0,0,0,0,0,0,0,0,0,0,0,0,0,0,0,0,0,0,0,0,0
304,John Stockton,UTA,200004220UTA,"Apr 22, 2000",SEA,10,10,0,10,45.45,50.0,-4.55,8,4,2,6,0,0,0,0,0,0,0,0,0,0,0,0,0,0,0,0,0,0,0,0
270,Horace Grant,UTA,200004220UTA,"Apr 22, 2000",SEA,6,5,0,5,60.0,60.0,0.0,5,6,0,0,0,0,0,0,0,0,0,0,0,0,0,0,0,0,0,0,0,0,0,0
252,Karl Malone,UTA,200004220UTA,"Apr 22, 2000",SEA,50,32,14,39,63.29,65.51,-2.22,31,34,1,3,7,13,0,0,0,0,0,0,0,0,0,0,0,0,0,0,0,0,0,0
1953,Lazaro Borrell,SEA,200004220UTA,"Apr 22, 2000",UTA,6,3,4,5,60.0,63.03,-3.03,3,4,0,0,2,2,0,0,0,0,0,0,0,0,0,0,0,0,0,0,0,0,0,0
452,Vin Baker,SEA,200004220UTA,"Apr 22, 2000",UTA,10,18,2,19,25.64,26.48,-0.84,17,8,1,0,0,0,0,0,0,0,0,0,0,0,0,0,0,0,0,0,0,0,1,2
458,Howard Eisley,UTA,200004220UTA,"Apr 22, 2000",SEA,10,7,0,7,58.82,71.43,-12.61,4,4,3,6,0,0,0,0,0,0,0,0,0,0,0,0,0,0,0,0,0,0,0,0
731,Greg Ostertag,UTA,200004220UTA,"Apr 22, 2000",SEA,7,3,4,5,70.0,73.53,-3.53,3,4,0,0,1,1,0,0,0,0,0,0,0,0,0,0,0,0,0,0,0,0,1,2
699,Brent Barry,SEA,200004220UTA,"Apr 22, 2000",UTA,11,5,3,7,68.75,87.03,-18.28,2,0,3,9,0,0,0,0,0,0,0,0,1,1,0,0,0,0,0,0,0,0,1,1
323,Greg Foster,SEA,200004220UTA,"Apr 22, 2000",UTA,0,2,0,2,0.0,0.0,0.0,2,0,0,0,0,0,0,0,0,0,0,0,0,0,0,0,0,0,0,0,0,0,0,0
1900,Quincy Lewis,UTA,200004220UTA,"Apr 22, 2000",SEA,4,2,2,3,66.67,69.44,-2.77,2,2,0,0,0,0,0,0,0,0,0,0,0,0,0,0,0,0,0,0,0,0,1,2
1739,Ruben Patterson,SEA,200004220UTA,"Apr 22, 2000",UTA,7,4,3,5,63.64,65.79,-2.15,3,4,0,0,0,0,0,0,1,2,0,0,0,0,0,0,0,0,0,0,0,0,1,1
1521,Jacque Vaughn,UTA,200004220UTA,"Apr 22, 2000",SEA,0,1,0,1,0.0,0.0,0.0,1,0,0,0,0,0,0,0,0,0,0,0,0,0,0,0,0,0,0,0,0,0,0,0
288,Armen Gilliam,UTA,200004220UTA,"Apr 22, 2000",SEA,2,5,0,5,20.0,20.0,0.0,5,2,0,0,0,0,0,0,0,0,0,0,0,0,0,0,0,0,0,0,0,0,0,0
1741,Jelani McCoy,SEA,200004220UTA,"Apr 22, 2000",UTA,2,2,1,2,40.0,40.98,-0.98,1,0,0,0,0,0,0,0,1,2,0,0,0,0,0,0,0,0,0,0,0,0,0,0
951,Ray Allen,MIL,200004230IND,"Apr 23, 2000",IND,26,22,6,24,48.15,52.76,-4.61,16,10,4,6,2,4,0,0,2,6,0,0,0,0,0,0,0,0,0,0,0,0,0,0
905,Dale Davis,IND,200004230IND,"Apr 23, 2000",MIL,12,9,8,13,46.15,47.92,-1.77,9,8,0,0,3,2,0,0,0,0,0,0,0,0,0,0,0,0,0,0,0,0,1,2
22,Rik Smits,IND,200004230IND,"Apr 23, 2000",MIL,12,11,2,12,50.0,50.51,-0.51,11,10,0,0,0,0,0,0,0,0,0,0,0,0,0,0,0,0,0,0,0,0,1,2
299,Glenn Robinson,MIL,200004230IND,"Apr 23, 2000",IND,11,17,4,19,28.21,29.32,-1.11,16,8,1,0,2,3,0,0,0,0,0,0,0,0,0,0,0,0,0,0,0,0,0,0
208,Sam Cassell,MIL,200004230IND,"Apr 23, 2000",IND,18,17,8,21,42.86,43.86,-1.0,17,12,0,0,1,2,0,0,0,0,0,0,0,0,0,0,0,0,0,0,0,0,3,4
349,Mark Jackson,IND,200004230IND,"Apr 23, 2000",MIL,5,5,0,5,41.67,50.0,-8.33,3,2,2,3,0,0,0,0,0,0,0,0,0,0,0,0,0,0,0,0,0,0,0,0
397,Reggie Miller,IND,200004230IND,"Apr 23, 2000",MIL,21,18,12,24,38.89,45.1,-6.21,12,8,6,3,2,4,1,1,0,0,0,0,1,1,0,0,0,0,0,0,0,0,2,4
147,Jalen Rose,IND,200004230IND,"Apr 23, 2000",MIL,26,21,4,23,52.0,57.12,-5.12,17,14,4,9,1,2,0,0,0,0,0,0,0,0,0,0,0,0,0,0,0,0,1,1
911,Ervin Johnson,MIL,200004230IND,"Apr 23, 2000",IND,4,5,2,6,33.33,34.01,-0.68,5,2,0,0,1,2,0,0,0,0,0,0,0,0,0,0,0,0,0,0,0,0,0,0
1501,Tim Thomas,MIL,200004230IND,"Apr 23, 2000",IND,11,8,4,10,47.83,56.35,-8.52,5,2,3,6,1,1,0,0,0,0,0,0,0,0,0,0,0,0,0,0,0,0,1,2
1032,Darvin Ham,MIL,200004230IND,"Apr 23, 2000",IND,9,6,2,7,64.29,65.41,-1.12,6,8,0,0,1,1,0,0,0,0,0,0,0,0,0,0,0,0,0,0,0,0,0,0
281,Scott Williams,MIL,200004230IND,"Apr 23, 2000",IND,6,6,0,6,50.0,50.0,0.0,6,6,0,0,0,0,0,0,0,0,0,0,0,0,0,0,0,0,0,0,0,0,0,0
1506,Austin Croshere,IND,200004230IND,"Apr 23, 2000",MIL,0,5,0,5,0.0,0.0,0.0,3,0,2,0,0,0,0,0,0,0,0,0,0,0,0,0,0,0,0,0,0,0,0,0
219,Vinny Del Negro,MIL,200004230IND,"Apr 23, 2000",IND,0,2,0,2,0.0,0.0,0.0,2,0,0,0,0,0,0,0,0,0,0,0,0,0,0,0,0,0,0,0,0,0,0,0
696,Travis Best,IND,200004230IND,"Apr 23, 2000",MIL,8,9,0,9,42.11,44.44,-2.33,8,8,1,0,0,0,0,0,0,0,0,0,0,0,0,0,0,0,0,0,0,0,0,0
64,Sam Perkins,IND,200004230IND,"Apr 23, 2000",MIL,4,7,0,7,26.67,28.57,-1.9,6,4,1,0,0,0,0,0,0,0,0,0,0,0,0,0,0,0,0,0,0,0,0,0
904,Chris Mullin,IND,200004230IND,"Apr 23, 2000",MIL,0,1,0,1,0.0,0.0,0.0,1,0,0,0,0,0,0,0,0,0,0,0,0,0,0,0,0,0,0,0,0,0,0,0
406,Shaquille O'Neal,LAL,200004230LAL,"Apr 23, 2000",SAC,46,33,5,35,64.79,65.34,-0.55,32,40,0,0,2,3,0,0,1,3,0,0,0,0,0,0,0,0,0,0,0,0,0,0
779,Glen Rice,SAC,200004230LAL,"Apr 23, 2000",LAL,18,12,3,14,62.07,67.57,-5.5,10,12,2,3,1,2,0,0,0,0,0,0,1,1,0,0,0,0,0,0,0,0,0,0
185,Chris Webber,SAC,200004230LAL,"Apr 23, 2000",LAL,28,16,6,19,73.68,75.11,-1.43,16,22,0,0,3,6,0,0,0,0,0,0,0,0,0,0,0,0,0,0,0,0,0,0
166,Ron Harper,LAL,200004230LAL,"Apr 23, 2000",SAC,7,6,2,7,50.0,50.87,-0.87,6,6,0,0,1,1,0,0,0,0,0,0,0,0,0,0,0,0,0,0,0,0,0,0
920,A.C. Green,LAL,200004230LAL,"Apr 23, 2000",SAC,6,8,0,8,37.5,37.5,0.0,8,6,0,0,0,0,0,0,0,0,0,0,0,0,0,0,0,0,0,0,0,0,0,0
124,Vlade Divac,SAC,200004230LAL,"Apr 23, 2000",LAL,10,14,9,18,27.03,27.84,-0.81,13,2,0,0,2,2,0,0,1,3,0,0,0,0,0,0,0,0,0,0,0,0,2,3
977,Kobe Bryant,LAL,200004230LAL,"Apr 23, 2000",SAC,23,22,2,23,48.94,50.26,-1.32,21,22,1,0,1,1,0,0,0,0,0,0,0,0,0,0,0,0,0,0,0,0,0,0
1715,Jason Williams,SAC,200004230LAL,"Apr 23, 2000",LAL,20,16,0,16,47.62,62.5,-14.88,6,8,10,12,0,0,0,0,0,0,0,0,0,0,0,0,0,0,0,0,0,0,0,0
722,Corliss Williamson,SAC,200004230LAL,"Apr 23, 2000",LAL,6,3,2,4,75.0,77.32,-2.32,3,4,0,0,1,2,0,0,0,0,0,0,0,0,0,0,0,0,0,0,0,0,0,0
98,Nick Anderson,SAC,200004230LAL,"Apr 23, 2000",LAL,11,10,2,11,39.29,50.55,-11.26,4,4,6,6,0,0,0,0,0,0,0,0,0,0,0,0,0,0,0,0,0,0,1,1
1513,Scot Pollard,SAC,200004230LAL,"Apr 23, 2000",LAL,4,5,0,5,40.0,40.0,0.0,5,4,0,0,0,0,0,0,0,0,0,0,0,0,0,0,0,0,0,0,0,0,0,0
978,Peja Stojakovic,SAC,200004230LAL,"Apr 23, 2000",LAL,3,8,2,10,15.0,16.89,-1.89,6,2,2,0,0,0,0,0,0,0,0,0,2,1,0,0,0,0,0,0,0,0,0,0
109,Robert Horry,LAL,200004230LAL,"Apr 23, 2000",SAC,8,8,0,8,40.0,50.0,-10.0,4,2,4,6,0,0,0,0,0,0,0,0,0,0,0,0,0,0,0,0,0,0,0,0
1444,Lawrence Funderburke,SAC,200004230LAL,"Apr 23, 2000",LAL,3,3,2,4,37.5,38.66,-1.16,3,2,0,0,1,1,0,0,0,0,0,0,0,0,0,0,0,0,0,0,0,0,0,0
960,Tony Delk,SAC,200004230LAL,"Apr 23, 2000",LAL,17,5,10,10,85.0,90.43,-5.43,5,10,0,0,2,4,0,0,0,0,0,0,0,0,0,0,0,0,0,0,0,0,3,3
468,Jon Barry,SAC,200004230LAL,"Apr 23, 2000",LAL,5,5,2,6,33.33,42.52,-9.19,2,0,3,3,1,2,0,0,0,0,0,0,0,0,0,0,0,0,0,0,0,0,0,0
296,Rick Fox,LAL,200004230LAL,"Apr 23, 2000",SAC,0,3,0,3,0.0,0.0,0.0,3,0,0,0,0,0,0,0,0,0,0,0,0,0,0,0,0,0,0,0,0,0,0,0
216,Brian Shaw,LAL,200004230LAL,"Apr 23, 2000",SAC,6,4,0,4,75.0,75.0,0.0,4,6,0,0,0,0,0,0,0,0,0,0,0,0,0,0,0,0,0,0,0,0,0,0
965,Derek Fisher,LAL,200004230LAL,"Apr 23, 2000",SAC,3,3,2,4,33.33,38.66,-5.33,2,2,1,0,1,1,0,0,0,0,0,0,0,0,0,0,0,0,0,0,0,0,0,0
121,Patrick Ewing,NYK,200004230NYK,"Apr 23, 2000",TOR,15,15,3,16,45.45,45.96,-0.51,14,10,0,0,1,2,0,0,1,3,0,0,0,0,0,0,0,0,0,0,0,0,0,0
891,Charles Oakley,TOR,200004230NYK,"Apr 23, 2000",NYK,11,8,0,8,61.11,68.75,-7.64,6,8,2,3,0,0,0,0,0,0,0,0,0,0,0,0,0,0,0,0,0,0,0,0
84,Latrell Sprewell,NYK,200004230NYK,"Apr 23, 2000",TOR,21,16,4,18,56.76,59.12,-2.36,15,16,1,3,1,1,0,0,0,0,0,0,0,0,0,0,0,0,0,0,0,0,1,1
1713,Vince Carter,TOR,200004230NYK,"Apr 23, 2000",NYK,16,20,10,25,29.63,32.79,-3.16,16,4,4,3,4,8,0,0,0,0,0,0,0,0,1,1,0,0,0,0,0,0,0,0
913,Larry Johnson,NYK,200004230NYK,"Apr 23, 2000",TOR,15,11,0,11,60.0,68.18,-8.18,8,12,3,3,0,0,0,0,0,0,0,0,0,0,0,0,0,0,0,0,0,0,0,0
275,Allan Houston,NYK,200004230NYK,"Apr 23, 2000",TOR,21,15,6,18,52.5,59.52,-7.02,11,10,4,6,3,5,0,0,0,0,0,0,0,0,0,0,0,0,0,0,0,0,0,0
1503,Tracy McGrady,TOR,200004230NYK,"Apr 23, 2000",NYK,25,21,6,24,50.0,52.88,-2.88,19,14,2,6,2,3,0,0,0,0,0,0,0,0,0,0,0,0,0,0,0,0,1,2
369,Charlie Ward,TOR,200004230NYK,"Apr 23, 2000",NYK,2,2,2,3,28.57,34.72,-6.15,1,0,1,0,1,2,0,0,0,0,0,0,0,0,0,0,0,0,0,0,0,0,0,0
213,Antonio Davis,TOR,200004230NYK,"Apr 23, 2000",NYK,9,6,6,9,50.0,52.08,-2.08,6,6,0,0,3,3,0,0,0,0,0,0,0,0,0,0,0,0,0,0,0,0,0,0
164,Chris Childs,NYK,200004230NYK,"Apr 23, 2000",TOR,12,5,6,8,63.16,78.53,-15.37,2,4,3,3,0,0,0,0,0,0,0,0,0,0,0,0,0,0,0,0,0,0,3,5
57,Doug Christie,TOR,200004230NYK,"Apr 23, 2000",NYK,5,5,4,7,27.78,36.98,-9.2,1,0,4,3,1,1,0,0,0,0,0,0,0,0,0,0,0,0,0,0,0,0,1,1
177,Muggsy Bogues,TOR,200004230NYK,"Apr 23, 2000",NYK,6,5,0,5,46.15,60.0,-13.85,2,0,3,6,0,0,0,0,0,0,0,0,0,0,0,0,0,0,0,0,0,0,0,0
209,Dell Curry,TOR,200004230NYK,"Apr 23, 2000",NYK,3,2,0,2,60.0,75.0,-15.0,1,0,1,3,0,0,0,0,0,0,0,0,0,0,0,0,0,0,0,0,0,0,0,0
948,Marcus Camby,NYK,200004230NYK,"Apr 23, 2000",TOR,4,4,0,4,50.0,50.0,0.0,4,4,0,0,0,0,0,0,0,0,0,0,0,0,0,0,0,0,0,0,0,0,0,0
788,Kevin Willis,TOR,200004230NYK,"Apr 23, 2000",NYK,13,14,2,15,43.33,43.68,-0.35,14,12,0,0,1,1,0,0,0,0,0,0,0,0,0,0,0,0,0,0,0,0,0,0
703,Kurt Thomas,NYK,200004230NYK,"Apr 23, 2000",TOR,2,4,0,4,25.0,25.0,0.0,4,2,0,0,0,0,0,0,0,0,0,0,0,0,0,0,0,0,0,0,0,0,0,0
120,Steven Smith,POR,200004230POR,"Apr 23, 2000",MIN,17,14,4,16,42.5,53.93,-11.43,6,4,8,9,1,2,0,0,0,0,0,0,0,0,0,0,0,0,0,0,0,0,1,2
210,Terrell Brandon,MIN,200004230POR,"Apr 23, 2000",POR,17,18,0,18,43.59,47.22,-3.63,15,14,3,3,0,0,0,0,0,0,0,0,0,0,0,0,0,0,0,0,0,0,0,0
717,Arvydas Sabonis,POR,200004230POR,"Apr 23, 2000",MIN,5,9,2,10,25.0,25.3,-0.3,9,4,0,0,1,1,0,0,0,0,0,0,0,0,0,0,0,0,0,0,0,0,0,0
708,Kevin Garnett,MIN,200004230POR,"Apr 23, 2000",POR,12,20,0,20,30.0,30.0,0.0,20,12,0,0,0,0,0,0,0,0,0,0,0,0,0,0,0,0,0,0,0,0,0,0
1887,Wally Szczerbiak,MIN,200004230POR,"Apr 23, 2000",POR,12,11,0,11,48.0,54.55,-6.55,8,12,3,0,0,0,0,0,0,0,0,0,0,0,0,0,0,0,0,0,0,0,0,0
739,Rasheed Wallace,POR,200004230POR,"Apr 23, 2000",MIN,15,10,3,11,65.22,66.25,-1.03,9,10,0,0,1,2,0,0,1,3,0,0,0,0,0,0,0,0,0,0,0,0,0,0
937,Scottie Pippen,POR,200004230POR,"Apr 23, 2000",MIN,28,21,8,25,50.91,57.1,-6.19,16,12,5,9,3,6,0,0,0,0,0,0,0,0,0,0,0,0,0,0,0,0,1,1
757,Damon Stoudamire,MIN,200004230POR,"Apr 23, 2000",POR,18,12,2,13,60.0,69.88,-9.88,8,10,4,6,1,2,0,0,0,0,0,0,0,0,0,0,0,0,0,0,0,0,0,0
258,Brian Grant,POR,200004230POR,"Apr 23, 2000",MIN,2,3,0,3,33.33,33.33,0.0,3,2,0,0,0,0,0,0,0,0,0,0,0,0,0,0,0,0,0,0,0,0,0,0
1725,Rasho Nesterovic,MIN,200004230POR,"Apr 23, 2000",POR,5,7,2,8,31.25,31.73,-0.48,7,4,0,0,1,1,0,0,0,0,0,0,0,0,0,0,0,0,0,0,0,0,0,0
907,Malik Sealy,MIN,200004230POR,"Apr 23, 2000",POR,23,12,10,17,65.71,70.12,-4.41,10,14,1,0,2,3,0,0,1,2,0,0,1,2,1,1,0,0,0,0,0,0,1,1
1517,Bobby Jackson,MIN,200004230POR,"Apr 23, 2000",POR,2,2,0,2,50.0,50.0,0.0,2,2,0,0,0,0,0,0,0,0,0,0,0,0,0,0,0,0,0,0,0,0,0,0
693,Joe Smith,MIN,200004230POR,"Apr 23, 2000",POR,4,4,0,4,50.0,50.0,0.0,4,4,0,0,0,0,0,0,0,0,0,0,0,0,0,0,0,0,0,0,0,0,0,0
96,Detlef Schrempf,POR,200004230POR,"Apr 23, 2000",MIN,6,2,4,4,75.0,79.79,-4.79,2,2,0,0,1,2,0,0,0,0,0,0,0,0,0,0,0,0,0,0,0,0,1,2
278,Stacey Augmon,POR,200004230POR,"Apr 23, 2000",MIN,0,1,0,1,0.0,0.0,0.0,1,0,0,0,0,0,0,0,0,0,0,0,0,0,0,0,0,0,0,0,0,0,0,0
21,Greg Anthony,POR,200004230POR,"Apr 23, 2000",MIN,0,1,0,1,0.0,0.0,0.0,0,0,1,0,0,0,0,0,0,0,0,0,0,0,0,0,0,0,0,0,0,0,0,0
1719,Bonzi Wells,POR,200004230POR,"Apr 23, 2000",MIN,0,2,0,2,0.0,0.0,0.0,2,0,0,0,0,0,0,0,0,0,0,0,0,0,0,0,0,0,0,0,0,0,0,0
324,Anthony Peeler,MIN,200004230POR,"Apr 23, 2000",POR,9,6,2,7,60.0,65.41,-5.41,5,8,1,0,1,1,0,0,0,0,0,0,0,0,0,0,0,0,0,0,0,0,0,0
417,Sam Mitchell,MIN,200004230POR,"Apr 23, 2000",POR,4,2,0,2,100.0,100.0,0.0,2,4,0,0,0,0,0,0,0,0,0,0,0,0,0,0,0,0,0,0,0,0,0,0
224,Eddie Jones,CHA,200004240CHH,"Apr 24, 2000",PHI,19,18,2,19,43.18,50.32,-7.14,12,8,6,9,0,0,0,0,0,0,0,0,0,0,0,0,0,0,0,0,0,0,1,2
193,Anthony Mason,CHA,200004240CHH,"Apr 24, 2000",PHI,14,9,2,10,70.0,70.85,-0.85,9,12,0,0,0,0,0,0,0,0,0,0,0,0,0,0,0,0,0,0,0,0,1,2
238,Tyrone Hill,PHI,200004240CHH,"Apr 24, 2000",CHA,10,12,2,13,38.46,38.82,-0.36,12,8,0,0,1,2,0,0,0,0,0,0,0,0,0,0,0,0,0,0,0,0,0,0
689,Theo Ratliff,PHI,200004240CHH,"Apr 24, 2000",CHA,15,8,4,10,75.0,76.84,-1.84,8,12,0,0,2,3,0,0,0,0,0,0,0,0,0,0,0,0,0,0,0,0,0,0
133,David Wesley,CHA,200004240CHH,"Apr 24, 2000",PHI,11,12,1,12,37.93,44.21,-6.28,7,2,4,6,0,0,0,0,1,3,0,0,0,0,0,0,0,0,0,0,0,0,0,0
727,Eric Snow,PHI,200004240CHH,"Apr 24, 2000",CHA,19,10,2,11,76.0,87.32,-11.32,7,8,3,9,0,0,0,0,0,0,0,0,0,0,0,0,0,0,0,0,0,0,1,2
947,Allen Iverson,PHI,200004240CHH,"Apr 24, 2000",CHA,13,21,4,23,27.08,28.56,-1.48,19,10,2,0,1,1,0,0,0,0,0,0,0,0,0,0,0,0,0,0,0,0,1,2
922,Elden Campbell,CHA,200004240CHH,"Apr 24, 2000",PHI,20,16,0,16,62.5,62.5,0.0,16,20,0,0,0,0,0,0,0,0,0,0,0,0,0,0,0,0,0,0,0,0,0,0
934,Derrick Coleman,CHA,200004240CHH,"Apr 24, 2000",PHI,29,15,9,19,69.05,76.48,-7.43,11,16,3,3,3,6,0,0,1,3,0,0,0,0,0,0,0,0,0,0,0,0,1,1
248,George Lynch,PHI,200004240CHH,"Apr 24, 2000",CHA,2,3,0,3,33.33,33.33,0.0,3,2,0,0,0,0,0,0,0,0,0,0,0,0,0,0,0,0,0,0,0,0,0,0
389,Toni Kukoc,PHI,200004240CHH,"Apr 24, 2000",CHA,20,15,2,16,52.63,62.97,-10.34,9,10,6,9,1,1,0,0,0,0,0,0,0,0,0,0,0,0,0,0,0,0,0,0
761,Matt Geiger,PHI,200004240CHH,"Apr 24, 2000",CHA,6,6,2,7,42.86,43.6,-0.74,6,4,0,0,1,2,0,0,0,0,0,0,0,0,0,0,0,0,0,0,0,0,0,0
1802,Brad Miller,CHA,200004240CHH,"Apr 24, 2000",PHI,7,4,2,5,70.0,71.72,-1.72,4,6,0,0,0,0,0,0,0,0,0,0,0,0,0,0,0,0,0,0,0,0,1,1
243,Aaron McKie,PHI,200004240CHH,"Apr 24, 2000",CHA,9,8,1,8,42.86,53.32,-10.46,3,0,4,6,0,0,0,0,1,3,0,0,0,0,0,0,0,0,0,0,0,0,0,0
1884,Baron Davis,CHA,200004240CHH,"Apr 24, 2000",PHI,4,4,0,4,44.44,50.0,-5.56,3,4,1,0,0,0,0,0,0,0,0,0,0,0,0,0,0,0,0,0,0,0,0,0
1944,Eddie Robinson,CHA,200004240CHH,"Apr 24, 2000",PHI,4,5,0,5,40.0,40.0,0.0,5,4,0,0,0,0,0,0,0,0,0,0,0,0,0,0,0,0,0,0,0,0,0,0
1928,Todd MacCulloch,PHI,200004240CHH,"Apr 24, 2000",CHA,4,2,2,3,66.67,69.44,-2.77,2,2,0,0,1,2,0,0,0,0,0,0,0,0,0,0,0,0,0,0,0,0,0,0
1085,Ira Bowman,PHI,200004240CHH,"Apr 24, 2000",CHA,0,1,0,1,0.0,0.0,0.0,1,0,0,0,0,0,0,0,0,0,0,0,0,0,0,0,0,0,0,0,0,0,0,0
1742,Shammond Williams,SEA,200004240UTA,"Apr 24, 2000",UTA,15,11,4,13,53.57,58.78,-5.21,9,10,2,3,1,0,0,0,0,0,0,0,0,0,1,2,0,0,0,0,0,0,0,0
178,Olden Polynice,UTA,200004240UTA,"Apr 24, 2000",SEA,2,1,0,1,100.0,100.0,0.0,1,2,0,0,0,0,0,0,0,0,0,0,0,0,0,0,0,0,0,0,0,0,0,0
935,Bryon Russell,UTA,200004240UTA,"Apr 24, 2000",SEA,19,16,4,18,44.19,53.49,-9.3,9,10,7,6,1,2,0,0,0,0,0,0,0,0,0,0,0,0,0,0,0,0,1,1
452,Vin Baker,SEA,200004240UTA,"Apr 24, 2000",UTA,10,13,0,13,38.46,38.46,0.0,13,10,0,0,0,0,0,0,0,0,0,0,0,0,0,0,0,0,0,0,0,0,0,0
56,Gary Payton,SEA,200004240UTA,"Apr 24, 2000",UTA,20,12,2,13,68.97,77.64,-8.67,9,12,3,6,1,2,0,0,0,0,0,0,0,0,0,0,0,0,0,0,0,0,0,0
304,John Stockton,UTA,200004240UTA,"Apr 24, 2000",SEA,21,11,2,12,80.77,88.38,-7.61,9,14,2,6,0,0,0,0,0,0,0,0,0,0,0,0,0,0,0,0,0,0,1,1
252,Karl Malone,UTA,200004240UTA,"Apr 24, 2000",SEA,23,13,4,15,76.67,77.91,-1.24,13,20,0,0,2,3,0,0,0,0,0,0,0,0,0,0,0,0,0,0,0,0,0,0
204,Jeff Hornacek,UTA,200004240UTA,"Apr 24, 2000",SEA,6,4,0,4,66.67,75.0,-8.33,3,6,1,0,0,0,0,0,0,0,0,0,0,0,0,0,0,0,0,0,0,0,0,0
1740,Rashard Lewis,SEA,200004240UTA,"Apr 24, 2000",UTA,19,11,8,15,59.38,65.43,-6.05,9,8,2,3,2,4,0,0,0,0,0,0,0,0,0,0,0,0,0,0,0,0,2,4
458,Howard Eisley,UTA,200004240UTA,"Apr 24, 2000",SEA,15,9,2,10,57.69,75.91,-18.22,3,2,6,12,0,0,0,0,0,0,0,0,0,0,0,0,0,0,0,0,0,0,1,1
1953,Lazaro Borrell,SEA,200004240UTA,"Apr 24, 2000",UTA,4,4,0,4,50.0,50.0,0.0,4,4,0,0,0,0,0,0,0,0,0,0,0,0,0,0,0,0,0,0,0,0,0,0
323,Greg Foster,SEA,200004240UTA,"Apr 24, 2000",UTA,9,6,2,7,56.25,65.41,-9.16,4,4,2,3,1,2,0,0,0,0,0,0,0,0,0,0,0,0,0,0,0,0,0,0
731,Greg Ostertag,UTA,200004240UTA,"Apr 24, 2000",SEA,4,3,2,4,50.0,51.55,-1.55,3,4,0,0,1,0,0,0,0,0,0,0,0,0,0,0,0,0,0,0,0,0,0,0
270,Horace Grant,SEA,200004240UTA,"Apr 24, 2000",UTA,0,5,2,6,0.0,0.0,0.0,5,0,0,0,1,0,0,0,0,0,0,0,0,0,0,0,0,0,0,0,0,0,0,0
288,Armen Gilliam,UTA,200004240UTA,"Apr 24, 2000",SEA,5,5,4,7,35.71,36.98,-1.27,5,2,0,0,2,3,0,0,0,0,0,0,0,0,0,0,0,0,0,0,0,0,0,0
1521,Jacque Vaughn,SEA,200004240UTA,"Apr 24, 2000",UTA,4,6,2,7,28.57,29.07,-0.5,6,2,0,0,1,2,0,0,0,0,0,0,0,0,0,0,0,0,0,0,0,0,0,0
1900,Quincy Lewis,UTA,200004240UTA,"Apr 24, 2000",SEA,0,1,0,1,0.0,0.0,0.0,1,0,0,0,0,0,0,0,0,0,0,0,0,0,0,0,0,0,0,0,0,0,0,0
699,Brent Barry,UTA,200004240UTA,"Apr 24, 2000",SEA,4,2,2,3,50.0,69.44,-19.44,0,0,2,3,1,1,0,0,0,0,0,0,0,0,0,0,0,0,0,0,0,0,0,0
1739,Ruben Patterson,SEA,200004240UTA,"Apr 24, 2000",UTA,4,2,2,3,66.67,69.44,-2.77,2,2,0,0,1,2,0,0,0,0,0,0,0,0,0,0,0,0,0,0,0,0,0,0
1741,Jelani McCoy,SEA,200004240UTA,"Apr 24, 2000",UTA,2,3,2,4,25.0,25.77,-0.77,3,2,0,0,1,0,0,0,0,0,0,0,0,0,0,0,0,0,0,0,0,0,0,0
1909,Scott Padgett,UTA,200004240UTA,"Apr 24, 2000",SEA,2,3,0,3,28.57,33.33,-4.76,2,2,1,0,0,0,0,0,0,0,0,0,0,0,0,0,0,0,0,0,0,0,0,0
371,Terry Mills,DET,200004250MIA,"Apr 25, 2000",MIA,11,7,2,8,55.0,69.8,-14.8,3,4,4,6,0,0,0,0,0,0,0,0,0,0,0,0,0,0,0,0,0,0,1,1
1853,Anthony Carter,MIA,200004250MIA,"Apr 25, 2000",DET,10,11,2,12,41.67,42.09,-0.42,11,10,0,0,1,0,0,0,0,0,0,0,0,0,0,0,0,0,0,0,0,0,0,0
105,Dan Majerle,MIA,200004250MIA,"Apr 25, 2000",DET,10,7,3,8,45.45,60.1,-14.65,1,0,5,6,1,1,0,0,1,3,0,0,0,0,0,0,0,0,0,0,0,0,0,0
283,Lindsey Hunter,DET,200004250MIA,"Apr 25, 2000",MIA,7,8,2,9,35.0,39.41,-4.41,6,6,2,0,0,0,0,0,0,0,0,0,0,0,0,0,0,0,0,0,0,0,1,1
136,P.J. Brown,MIA,200004250MIA,"Apr 25, 2000",DET,12,10,0,10,60.0,60.0,0.0,10,12,0,0,0,0,0,0,0,0,0,0,0,0,0,0,0,0,0,0,0,0,0,0
711,Jerry Stackhouse,DET,200004250MIA,"Apr 25, 2000",MIA,26,22,6,25,49.06,52.76,-3.7,19,18,3,3,3,5,0,0,0,0,0,0,0,0,0,0,0,0,0,0,0,0,0,0
297,Alonzo Mourning,DET,200004250MIA,"Apr 25, 2000",MIA,22,12,10,17,62.86,67.07,-4.21,11,14,1,0,3,5,0,0,0,0,0,0,0,0,0,0,0,0,0,0,0,0,2,3
363,Christian Laettner,DET,200004250MIA,"Apr 25, 2000",MIA,9,7,4,9,50.0,51.37,-1.37,7,6,0,0,2,3,0,0,0,0,0,0,0,0,0,0,0,0,0,0,0,0,0,0
469,Jamal Mashburn,MIA,200004250MIA,"Apr 25, 2000",DET,24,18,5,21,53.33,59.41,-6.08,14,14,4,6,1,2,0,0,0,0,0,0,1,1,0,0,0,0,0,0,0,0,1,1
255,Grant Hill,DET,200004250MIA,"Apr 25, 2000",MIA,9,7,2,8,52.94,57.11,-4.17,6,4,1,3,1,2,0,0,0,0,0,0,0,0,0,0,0,0,0,0,0,0,0,0
221,Clar. Weatherspoon,MIA,200004250MIA,"Apr 25, 2000",DET,4,8,0,8,25.0,25.0,0.0,8,4,0,0,0,0,0,0,0,0,0,0,0,0,0,0,0,0,0,0,0,0,0,0
688,Michael Curry,DET,200004250MIA,"Apr 25, 2000",MIA,10,8,0,8,62.5,62.5,0.0,8,10,0,0,0,0,0,0,0,0,0,0,0,0,0,0,0,0,0,0,0,0,0,0
901,Otis Thorpe,MIA,200004250MIA,"Apr 25, 2000",DET,1,2,2,3,14.29,17.36,-3.07,1,0,1,0,1,1,0,0,0,0,0,0,0,0,0,0,0,0,0,0,0,0,0,0
966,Jerome Williams,DET,200004250MIA,"Apr 25, 2000",MIA,2,2,0,2,50.0,50.0,0.0,2,2,0,0,0,0,0,0,0,0,0,0,0,0,0,0,0,0,0,0,0,0,0,0
180,John Crotty,DET,200004250MIA,"Apr 25, 2000",MIA,4,3,2,4,44.44,51.55,-7.11,2,2,1,0,0,0,0,0,0,0,0,0,0,0,0,0,0,0,0,0,0,0,1,2
1477,Bruce Bowen,MIA,200004250MIA,"Apr 25, 2000",DET,1,3,2,4,9.09,12.89,-3.8,0,0,3,0,1,1,0,0,0,0,0,0,0,0,0,0,0,0,0,0,0,0,0,0
1630,Mikki Moore,DET,200004250MIA,"Apr 25, 2000",MIA,4,3,0,3,66.67,66.67,0.0,3,4,0,0,0,0,0,0,0,0,0,0,0,0,0,0,0,0,0,0,0,0,0,0
146,Jud Buechler,DET,200004250MIA,"Apr 25, 2000",MIA,0,1,0,1,0.0,0.0,0.0,1,0,0,0,0,0,0,0,0,0,0,0,0,0,0,0,0,0,0,0,0,0,0,0
764,David Robinson,SAS,200004250SAS,"Apr 25, 2000",PHX,25,25,7,28,43.86,44.52,-0.66,24,16,0,0,1,2,0,0,1,3,0,0,0,0,0,0,0,0,0,0,0,0,2,4
988,Randy Livingston,PHX,200004250SAS,"Apr 25, 2000",SAS,2,6,0,6,15.38,16.67,-1.29,5,2,1,0,0,0,0,0,0,0,0,0,0,0,0,0,0,0,0,0,0,0,0,0
358,Anfernee Hardaway,PHX,200004250SAS,"Apr 25, 2000",SAS,19,21,3,22,37.25,42.56,-5.31,14,14,6,3,1,0,0,0,1,2,0,0,0,0,0,0,0,0,0,0,0,0,0,0
251,Sean Elliott,SAS,200004250SAS,"Apr 25, 2000",PHX,13,15,0,15,38.24,43.33,-5.09,11,10,4,3,0,0,0,0,0,0,0,0,0,0,0,0,0,0,0,0,0,0,0,0
955,Samaki Walker,SAS,200004250SAS,"Apr 25, 2000",PHX,4,8,0,8,25.0,25.0,0.0,8,4,0,0,0,0,0,0,0,0,0,0,0,0,0,0,0,0,0,0,0,0,0,0
1890,Shawn Marion,PHX,200004250SAS,"Apr 25, 2000",SAS,2,5,0,5,20.0,20.0,0.0,5,2,0,0,0,0,0,0,0,0,0,0,0,0,0,0,0,0,0,0,0,0,0,0
422,Avery Johnson,SAS,200004250SAS,"Apr 25, 2000",PHX,21,12,8,16,65.62,67.65,-2.03,12,14,0,0,0,0,0,0,0,0,0,0,0,0,0,0,0,0,0,0,0,0,4,7
361,Clifford Robinson,PHX,200004250SAS,"Apr 25, 2000",SAS,11,17,5,20,25.58,28.65,-3.07,13,6,4,0,2,4,0,0,0,0,0,0,1,1,0,0,0,0,0,0,0,0,0,0
26,Luc Longley,PHX,200004250SAS,"Apr 25, 2000",SAS,0,1,0,1,0.0,0.0,0.0,1,0,0,0,0,0,0,0,0,0,0,0,0,0,0,0,0,0,0,0,0,0,0,0
53,Mario Elie,SAS,200004250SAS,"Apr 25, 2000",PHX,5,4,3,5,41.67,46.99,-5.32,2,0,1,0,1,2,0,0,1,3,0,0,0,0,0,0,0,0,0,0,0,0,0,0
916,Corie Blount,PHX,200004250SAS,"Apr 25, 2000",SAS,8,6,6,9,44.44,46.3,-1.86,6,6,0,0,2,2,0,0,0,0,0,0,0,0,0,0,0,0,0,0,0,0,1,0
915,Rodney Rogers,PHX,200004250SAS,"Apr 25, 2000",SAS,18,15,5,17,45.0,52.33,-7.33,9,6,5,6,2,3,0,0,1,3,0,0,0,0,0,0,0,0,0,0,0,0,0,0
760,Jerome Kersey,SAS,200004250SAS,"Apr 25, 2000",PHX,2,4,0,4,25.0,25.0,0.0,4,2,0,0,0,0,0,0,0,0,0,0,0,0,0,0,0,0,0,0,0,0,0,0
990,Malik Rose,SAS,200004250SAS,"Apr 25, 2000",PHX,2,2,2,3,33.33,34.72,-1.39,2,0,0,0,0,0,0,0,0,0,0,0,0,0,0,0,0,0,0,0,0,0,1,2
134,Kevin Johnson,PHX,200004250SAS,"Apr 25, 2000",SAS,4,9,0,9,21.05,22.22,-1.17,8,4,1,0,0,0,0,0,0,0,0,0,0,0,0,0,0,0,0,0,0,0,0,0
345,Terry Porter,SAS,200004250SAS,"Apr 25, 2000",PHX,3,8,0,8,15.79,18.75,-2.96,5,0,3,3,0,0,0,0,0,0,0,0,0,0,0,0,0,0,0,0,0,0,0,0
1498,Antonio Daniels,SAS,200004250SAS,"Apr 25, 2000",PHX,10,3,6,6,71.43,88.65,-17.22,1,2,2,3,0,0,0,0,0,0,0,0,0,0,0,0,0,0,0,0,0,0,3,5
932,Oliver Miller,PHX,200004250SAS,"Apr 25, 2000",SAS,0,1,0,1,0.0,0.0,0.0,1,0,0,0,0,0,0,0,0,0,0,0,0,0,0,0,0,0,0,0,0,0,0,0
103,Todd Day,PHX,200004250SAS,"Apr 25, 2000",SAS,6,4,0,4,66.67,75.0,-8.33,3,6,1,0,0,0,0,0,0,0,0,0,0,0,0,0,0,0,0,0,0,0,0,0
1753,Toby Bailey,PHX,200004250SAS,"Apr 25, 2000",SAS,0,1,0,1,0.0,0.0,0.0,1,0,0,0,0,0,0,0,0,0,0,0,0,0,0,0,0,0,0,0,0,0,0,0
121,Patrick Ewing,NYK,200004260NYK,"Apr 26, 2000",TOR,19,11,11,16,57.58,59.97,-2.39,10,10,0,0,1,2,0,0,1,3,0,0,0,0,0,0,0,0,0,0,0,0,4,4
1713,Vince Carter,TOR,200004260NYK,"Apr 26, 2000",NYK,27,13,16,21,60.0,67.37,-7.37,10,14,3,0,3,4,0,0,0,0,0,0,0,0,0,0,0,0,0,0,0,0,5,9
369,Charlie Ward,NYK,200004260NYK,"Apr 26, 2000",TOR,4,3,0,3,66.67,66.67,0.0,3,4,0,0,0,0,0,0,0,0,0,0,0,0,0,0,0,0,0,0,0,0,0,0
177,Muggsy Bogues,TOR,200004260NYK,"Apr 26, 2000",NYK,6,7,3,9,33.33,36.06,-2.73,6,2,1,3,0,0,0,0,0,0,0,0,1,0,0,0,0,0,0,0,0,0,1,1
213,Antonio Davis,NYK,200004260NYK,"Apr 26, 2000",TOR,12,6,4,8,75.0,77.32,-2.32,6,8,0,0,2,4,0,0,0,0,0,0,0,0,0,0,0,0,0,0,0,0,0,0
913,Larry Johnson,NYK,200004260NYK,"Apr 26, 2000",TOR,11,7,6,10,52.38,57.05,-4.67,6,6,1,0,3,5,0,0,0,0,0,0,0,0,0,0,0,0,0,0,0,0,0,0
891,Charles Oakley,TOR,200004260NYK,"Apr 26, 2000",NYK,9,11,0,11,36.0,40.91,-4.91,8,6,3,3,0,0,0,0,0,0,0,0,0,0,0,0,0,0,0,0,0,0,0,0
84,Latrell Sprewell,NYK,200004260NYK,"Apr 26, 2000",TOR,25,16,8,20,56.82,64.04,-7.22,12,12,4,6,3,5,0,0,0,0,0,0,0,0,0,0,0,0,0,0,0,0,1,2
275,Allan Houston,NYK,200004260NYK,"Apr 26, 2000",TOR,12,8,10,13,46.15,48.39,-2.24,8,4,0,0,4,7,0,0,0,0,0,0,0,0,0,0,0,0,0,0,0,0,1,1
1503,Tracy McGrady,TOR,200004260NYK,"Apr 26, 2000",NYK,13,9,8,13,46.43,51.92,-5.49,7,6,2,0,3,5,0,0,0,0,0,0,0,0,0,0,0,0,0,0,0,0,1,2
948,Marcus Camby,NYK,200004260NYK,"Apr 26, 2000",TOR,9,14,3,15,29.03,29.37,-0.34,13,6,0,0,1,0,0,0,1,3,0,0,0,0,0,0,0,0,0,0,0,0,0,0
164,Chris Childs,NYK,200004260NYK,"Apr 26, 2000",TOR,0,5,0,5,0.0,0.0,0.0,4,0,1,0,0,0,0,0,0,0,0,0,0,0,0,0,0,0,0,0,0,0,0,0
788,Kevin Willis,TOR,200004260NYK,"Apr 26, 2000",NYK,16,10,10,15,53.33,55.56,-2.23,10,8,0,0,1,2,0,0,0,0,0,0,0,0,0,0,0,0,0,0,0,0,4,6
703,Kurt Thomas,NYK,200004260NYK,"Apr 26, 2000",TOR,4,3,0,3,66.67,66.67,0.0,3,4,0,0,0,0,0,0,0,0,0,0,0,0,0,0,0,0,0,0,0,0,0,0
57,Doug Christie,TOR,200004260NYK,"Apr 26, 2000",NYK,0,1,0,1,0.0,0.0,0.0,1,0,0,0,0,0,0,0,0,0,0,0,0,0,0,0,0,0,0,0,0,0,0,0
244,Dee Brown,TOR,200004260NYK,"Apr 26, 2000",NYK,0,1,0,1,0.0,0.0,0.0,0,0,1,0,0,0,0,0,0,0,0,0,0,0,0,0,0,0,0,0,0,0,0,0
1725,Rasho Nesterovic,POR,200004260POR,"Apr 26, 2000",MIN,8,7,0,7,57.14,57.14,0.0,7,8,0,0,0,0,0,0,0,0,0,0,0,0,0,0,0,0,0,0,0,0,0,0
717,Arvydas Sabonis,POR,200004260POR,"Apr 26, 2000",MIN,19,15,6,18,51.35,53.85,-2.5,14,14,1,0,3,5,0,0,0,0,0,0,0,0,0,0,0,0,0,0,0,0,0,0
739,Rasheed Wallace,POR,200004260POR,"Apr 26, 2000",MIN,9,9,5,11,39.13,40.18,-1.05,8,4,0,0,0,0,0,0,1,3,0,0,0,0,0,0,0,0,0,0,0,0,2,2
907,Malik Sealy,MIN,200004260POR,"Apr 26, 2000",POR,8,12,2,13,29.63,31.06,-1.43,11,6,1,0,1,2,0,0,0,0,0,0,0,0,0,0,0,0,0,0,0,0,0,0
937,Scottie Pippen,POR,200004260POR,"Apr 26, 2000",MIN,21,15,5,17,51.22,61.05,-9.83,8,6,6,9,0,0,0,0,1,3,0,0,0,0,0,0,0,0,0,0,0,0,2,3
1887,Wally Szczerbiak,MIN,200004260POR,"Apr 26, 2000",POR,2,5,0,5,20.0,20.0,0.0,5,2,0,0,0,0,0,0,0,0,0,0,0,0,0,0,0,0,0,0,0,0,0,0
757,Damon Stoudamire,POR,200004260POR,"Apr 26, 2000",MIN,13,11,3,12,50.0,52.76,-2.76,9,8,1,0,0,0,0,0,1,3,0,0,0,0,0,0,0,0,0,0,0,0,1,2
708,Kevin Garnett,MIN,200004260POR,"Apr 26, 2000",POR,23,16,10,21,54.76,56.37,-1.61,16,16,0,0,5,7,0,0,0,0,0,0,0,0,0,0,0,0,0,0,0,0,0,0
120,Steven Smith,POR,200004260POR,"Apr 26, 2000",MIN,12,8,2,9,60.0,67.57,-7.57,6,4,2,6,1,2,0,0,0,0,0,0,0,0,0,0,0,0,0,0,0,0,0,0
210,Terrell Brandon,MIN,200004260POR,"Apr 26, 2000",POR,20,15,4,18,52.63,59.67,-7.04,11,14,4,3,0,0,0,0,0,0,0,0,2,1,0,0,0,0,0,0,0,0,1,2
417,Sam Mitchell,MIN,200004260POR,"Apr 26, 2000",POR,9,8,2,9,45.0,50.68,-5.68,6,4,2,3,1,2,0,0,0,0,0,0,0,0,0,0,0,0,0,0,0,0,0,0
693,Joe Smith,MIN,200004260POR,"Apr 26, 2000",POR,4,3,0,3,66.67,66.67,0.0,3,4,0,0,0,0,0,0,0,0,0,0,0,0,0,0,0,0,0,0,0,0,0,0
258,Brian Grant,POR,200004260POR,"Apr 26, 2000",MIN,5,3,2,4,62.5,64.43,-1.93,3,4,0,0,1,1,0,0,0,0,0,0,0,0,0,0,0,0,0,0,0,0,0,0
1719,Bonzi Wells,POR,200004260POR,"Apr 26, 2000",MIN,0,1,0,1,0.0,0.0,0.0,1,0,0,0,0,0,0,0,0,0,0,0,0,0,0,0,0,0,0,0,0,0,0,0
21,Greg Anthony,POR,200004260POR,"Apr 26, 2000",MIN,5,4,0,4,50.0,62.5,-12.5,2,2,2,3,0,0,0,0,0,0,0,0,0,0,0,0,0,0,0,0,0,0,0,0
96,Detlef Schrempf,POR,200004260POR,"Apr 26, 2000",MIN,2,4,0,4,25.0,25.0,0.0,4,2,0,0,0,0,0,0,0,0,0,0,0,0,0,0,0,0,0,0,0,0,0,0
1517,Bobby Jackson,MIN,200004260POR,"Apr 26, 2000",POR,2,1,2,2,40.0,53.19,-13.19,0,0,1,0,1,2,0,0,0,0,0,0,0,0,0,0,0,0,0,0,0,0,0,0
324,Anthony Peeler,MIN,200004260POR,"Apr 26, 2000",POR,6,4,2,5,50.0,61.48,-11.48,2,4,2,0,1,2,0,0,0,0,0,0,0,0,0,0,0,0,0,0,0,0,0,0
299,Glenn Robinson,MIL,200004270IND,"Apr 27, 2000",IND,11,9,1,9,57.89,58.26,-0.37,8,8,0,0,0,0,0,0,1,3,0,0,0,0,0,0,0,0,0,0,0,0,0,0
397,Reggie Miller,IND,200004270IND,"Apr 27, 2000",MIL,10,12,1,13,35.71,40.19,-4.48,9,6,3,3,0,0,0,0,0,0,0,0,1,1,0,0,0,0,0,0,0,0,0,0
208,Sam Cassell,MIL,200004270IND,"Apr 27, 2000",IND,20,15,5,17,52.63,58.14,-5.51,11,10,3,3,1,2,0,0,1,3,0,0,0,0,0,0,0,0,0,0,0,0,1,2
911,Ervin Johnson,MIL,200004270IND,"Apr 27, 2000",IND,5,4,2,5,50.0,51.23,-1.23,4,4,0,0,1,1,0,0,0,0,0,0,0,0,0,0,0,0,0,0,0,0,0,0
905,Dale Davis,IND,200004270IND,"Apr 27, 2000",MIL,10,8,8,12,41.67,43.4,-1.73,8,6,0,0,3,3,0,0,0,0,0,0,0,0,0,0,0,0,0,0,0,0,1,1
22,Rik Smits,IND,200004270IND,"Apr 27, 2000",MIL,12,8,4,10,60.0,61.48,-1.48,8,10,0,0,1,2,0,0,0,0,0,0,0,0,0,0,0,0,0,0,0,0,1,0
951,Ray Allen,MIL,200004270IND,"Apr 27, 2000",IND,20,11,6,15,64.52,73.31,-8.79,8,10,3,6,0,0,0,0,0,0,0,0,1,1,0,0,0,0,0,0,0,0,3,3
147,Jalen Rose,IND,200004270IND,"Apr 27, 2000",MIL,11,13,4,15,36.67,37.26,-0.59,13,8,0,0,1,2,0,0,0,0,0,0,0,0,0,0,0,0,0,0,0,0,1,1
1032,Darvin Ham,MIL,200004270IND,"Apr 27, 2000",IND,4,4,1,4,44.44,45.05,-0.61,3,2,0,0,0,0,0,0,1,2,0,0,0,0,0,0,0,0,0,0,0,0,0,0
349,Mark Jackson,IND,200004270IND,"Apr 27, 2000",MIL,5,8,0,8,27.78,31.25,-3.47,6,2,2,3,0,0,0,0,0,0,0,0,0,0,0,0,0,0,0,0,0,0,0,0
1501,Tim Thomas,MIL,200004270IND,"Apr 27, 2000",IND,19,11,7,14,57.58,67.47,-9.89,6,8,4,3,2,3,0,0,1,3,0,0,0,0,0,0,0,0,0,0,0,0,1,2
281,Scott Williams,MIL,200004270IND,"Apr 27, 2000",IND,15,11,1,11,65.22,65.56,-0.34,10,12,0,0,0,0,0,0,1,3,0,0,0,0,0,0,0,0,0,0,0,0,0,0
219,Vinny Del Negro,MIL,200004270IND,"Apr 27, 2000",IND,10,9,0,9,52.63,55.56,-2.93,8,10,1,0,0,0,0,0,0,0,0,0,0,0,0,0,0,0,0,0,0,0,0,0
696,Travis Best,IND,200004270IND,"Apr 27, 2000",MIL,14,12,6,15,43.75,47.81,-4.06,10,6,2,3,2,4,0,0,0,0,0,0,0,0,0,0,0,0,0,0,0,0,1,1
1506,Austin Croshere,IND,200004270IND,"Apr 27, 2000",MIL,16,8,8,12,64.0,69.44,-5.44,7,10,1,0,1,1,0,0,0,0,0,0,0,0,0,0,0,0,0,0,0,0,3,5
365,Derrick McKey,IND,200004270IND,"Apr 27, 2000",MIL,2,2,0,2,50.0,50.0,0.0,2,2,0,0,0,0,0,0,0,0,0,0,0,0,0,0,0,0,0,0,0,0,0,0
64,Sam Perkins,IND,200004270IND,"Apr 27, 2000",MIL,5,5,2,6,31.25,42.52,-11.27,1,0,4,3,1,2,0,0,0,0,0,0,0,0,0,0,0,0,0,0,0,0,0,0
440,Zan Tabak,IND,200004270IND,"Apr 27, 2000",MIL,6,4,2,5,60.0,61.48,-1.48,4,4,0,0,0,0,0,0,0,0,0,0,0,0,0,0,0,0,0,0,0,0,1,2
1747,Rafer Alston,MIL,200004270IND,"Apr 27, 2000",IND,0,1,2,2,0.0,0.0,0.0,0,0,1,0,0,0,0,0,0,0,0,0,0,0,0,0,0,0,0,0,0,0,1,0
330,Danny Manning,MIL,200004270IND,"Apr 27, 2000",IND,0,1,0,1,0.0,0.0,0.0,1,0,0,0,0,0,0,0,0,0,0,0,0,0,0,0,0,0,0,0,0,0,0,0
1726,Mirsad Turkcan,MIL,200004270IND,"Apr 27, 2000",IND,0,1,0,1,0.0,0.0,0.0,0,0,1,0,0,0,0,0,0,0,0,0,0,0,0,0,0,0,0,0,0,0,0,0
722,Corliss Williamson,LAL,200004270LAL,"Apr 27, 2000",SAC,6,3,0,3,100.0,100.0,0.0,3,6,0,0,0,0,0,0,0,0,0,0,0,0,0,0,0,0,0,0,0,0,0,0
779,Glen Rice,LAL,200004270LAL,"Apr 27, 2000",SAC,18,10,9,15,60.0,64.47,-4.47,9,10,1,0,1,1,0,0,0,0,0,0,1,1,0,0,0,0,0,0,0,0,3,6
124,Vlade Divac,SAC,200004270LAL,"Apr 27, 2000",LAL,14,13,0,13,53.85,53.85,0.0,13,14,0,0,0,0,0,0,0,0,0,0,0,0,0,0,0,0,0,0,0,0,0,0
166,Ron Harper,LAL,200004270LAL,"Apr 27, 2000",SAC,8,10,2,11,32.0,36.76,-4.76,7,6,3,0,1,2,0,0,0,0,0,0,0,0,0,0,0,0,0,0,0,0,0,0
920,A.C. Green,LAL,200004270LAL,"Apr 27, 2000",SAC,4,6,0,6,33.33,33.33,0.0,6,4,0,0,0,0,0,0,0,0,0,0,0,0,0,0,0,0,0,0,0,0,0,0
98,Nick Anderson,SAC,200004270LAL,"Apr 27, 2000",LAL,6,5,4,7,40.0,44.38,-4.38,4,2,1,0,2,4,0,0,0,0,0,0,0,0,0,0,0,0,0,0,0,0,0,0
406,Shaquille O'Neal,LAL,200004270LAL,"Apr 27, 2000",SAC,23,15,11,20,56.1,57.96,-1.86,14,16,0,0,3,4,0,0,1,3,0,0,0,0,0,0,0,0,0,0,0,0,2,0
185,Chris Webber,SAC,200004270LAL,"Apr 27, 2000",LAL,22,28,8,31,33.85,34.9,-1.05,25,12,1,0,3,4,0,0,2,6,0,0,0,0,0,0,0,0,0,0,0,0,0,0
977,Kobe Bryant,LAL,200004270LAL,"Apr 27, 2000",SAC,32,20,6,22,65.31,70.67,-5.36,15,14,3,9,1,1,0,0,2,6,0,0,0,0,0,0,0,0,0,0,0,0,1,2
1715,Jason Williams,SAC,200004270LAL,"Apr 27, 2000",LAL,9,6,2,7,56.25,65.41,-9.16,4,4,2,3,1,2,0,0,0,0,0,0,0,0,0,0,0,0,0,0,0,0,0,0
978,Peja Stojakovic,SAC,200004270LAL,"Apr 27, 2000",LAL,3,4,0,4,33.33,37.5,-4.17,3,0,1,3,0,0,0,0,0,0,0,0,0,0,0,0,0,0,0,0,0,0,0,0
1513,Scot Pollard,SAC,200004270LAL,"Apr 27, 2000",LAL,4,3,0,3,66.67,66.67,0.0,3,4,0,0,0,0,0,0,0,0,0,0,0,0,0,0,0,0,0,0,0,0,0,0
927,John Salley,LAL,200004270LAL,"Apr 27, 2000",SAC,0,1,0,1,0.0,0.0,0.0,1,0,0,0,0,0,0,0,0,0,0,0,0,0,0,0,0,0,0,0,0,0,0,0
216,Brian Shaw,LAL,200004270LAL,"Apr 27, 2000",SAC,4,4,2,5,33.33,40.98,-7.65,2,2,2,0,0,0,0,0,0,0,0,0,0,0,0,0,0,0,0,0,0,0,1,2
109,Robert Horry,LAL,200004270LAL,"Apr 27, 2000",SAC,6,4,2,5,50.0,61.48,-11.48,2,2,2,3,1,1,0,0,0,0,0,0,0,0,0,0,0,0,0,0,0,0,0,0
468,Jon Barry,SAC,200004270LAL,"Apr 27, 2000",LAL,6,4,0,4,60.0,75.0,-15.0,2,0,2,6,0,0,0,0,0,0,0,0,0,0,0,0,0,0,0,0,0,0,0,0
296,Rick Fox,LAL,200004270LAL,"Apr 27, 2000",SAC,11,8,2,9,52.38,61.94,-9.56,5,4,3,6,1,1,0,0,0,0,0,0,0,0,0,0,0,0,0,0,0,0,0,0
960,Tony Delk,SAC,200004270LAL,"Apr 27, 2000",LAL,8,5,3,6,57.14,63.29,-6.15,3,0,1,3,1,2,0,0,1,3,0,0,0,0,0,0,0,0,0,0,0,0,0,0
965,Derek Fisher,LAL,200004270LAL,"Apr 27, 2000",SAC,7,4,1,4,77.78,78.83,-1.05,3,4,0,0,0,0,0,0,1,3,0,0,0,0,0,0,0,0,0,0,0,0,0,0
895,Tyrone Corbin,SAC,200004270LAL,"Apr 27, 2000",LAL,4,5,1,5,30.77,36.76,-5.99,2,2,2,0,0,0,0,0,1,2,0,0,0,0,0,0,0,0,0,0,0,0,0,0
239,Darrick Martin,SAC,200004270LAL,"Apr 27, 2000",LAL,3,2,2,3,50.0,52.08,-2.08,2,2,0,0,1,1,0,0,0,0,0,0,0,0,0,0,0,0,0,0,0,0,0,0
1444,Lawrence Funderburke,SAC,200004270LAL,"Apr 27, 2000",LAL,4,2,0,2,100.0,100.0,0.0,2,4,0,0,0,0,0,0,0,0,0,0,0,0,0,0,0,0,0,0,0,0,0,0
1904,Devean George,LAL,200004270LAL,"Apr 27, 2000",SAC,0,1,0,1,0.0,0.0,0.0,1,0,0,0,0,0,0,0,0,0,0,0,0,0,0,0,0,0,0,0,0,0,0,0
969,Travis Knight,LAL,200004270LAL,"Apr 27, 2000",SAC,0,1,0,1,0.0,0.0,0.0,1,0,0,0,0,0,0,0,0,0,0,0,0,0,0,0,0,0,0,0,0,0,0,0
238,Tyrone Hill,CHA,200004280PHI,"Apr 28, 2000",PHI,7,6,4,8,43.75,45.1,-1.35,6,4,0,0,1,2,0,0,0,0,0,0,0,0,0,0,0,0,0,0,0,0,1,1
224,Eddie Jones,CHA,200004280PHI,"Apr 28, 2000",PHI,18,18,7,21,35.29,42.69,-7.4,10,6,8,6,1,1,1,3,0,0,0,0,0,0,0,0,0,0,0,0,0,0,1,2
689,Theo Ratliff,PHI,200004280PHI,"Apr 28, 2000",CHA,10,9,4,11,45.45,46.47,-1.02,9,6,0,0,1,2,0,0,0,0,0,0,0,0,0,0,0,0,0,0,0,0,1,2
243,Aaron McKie,PHI,200004280PHI,"Apr 28, 2000",CHA,12,12,2,13,40.0,46.58,-6.58,8,10,4,0,0,0,0,0,0,0,0,0,0,0,0,0,0,0,0,0,0,0,1,2
934,Derrick Coleman,CHA,200004280PHI,"Apr 28, 2000",PHI,11,8,4,10,50.0,56.35,-6.35,6,4,2,3,1,2,0,0,0,0,0,0,0,0,0,0,0,0,0,0,0,0,1,2
922,Elden Campbell,CHA,200004280PHI,"Apr 28, 2000",PHI,14,8,6,11,63.64,65.79,-2.15,8,8,0,0,2,4,0,0,0,0,0,0,0,0,0,0,0,0,0,0,0,0,1,2
248,George Lynch,PHI,200004280PHI,"Apr 28, 2000",CHA,0,6,0,6,0.0,0.0,0.0,5,0,1,0,0,0,0,0,0,0,0,0,0,0,0,0,0,0,0,0,0,0,0,0
193,Anthony Mason,CHA,200004280PHI,"Apr 28, 2000",PHI,1,7,2,8,6.25,6.35,-0.1,7,0,0,0,1,1,0,0,0,0,0,0,0,0,0,0,0,0,0,0,0,0,0,0
947,Allen Iverson,PHI,200004280PHI,"Apr 28, 2000",CHA,24,27,7,31,35.29,39.89,-4.6,20,14,7,6,3,3,0,0,0,0,0,0,1,1,0,0,0,0,0,0,0,0,0,0
133,David Wesley,CHA,200004280PHI,"Apr 28, 2000",PHI,14,14,4,16,40.0,44.42,-4.42,11,10,3,0,0,0,0,0,0,0,0,0,0,0,0,0,0,0,0,0,0,0,2,4
389,Toni Kukoc,PHI,200004280PHI,"Apr 28, 2000",CHA,12,12,2,13,35.29,46.58,-11.29,4,2,8,9,0,0,0,0,0,0,0,0,0,0,0,0,0,0,0,0,0,0,1,1
1563,Kevin Ollie,PHI,200004280PHI,"Apr 28, 2000",CHA,8,3,6,6,66.67,70.92,-4.25,3,2,0,0,1,2,0,0,0,0,0,0,0,0,0,0,0,0,0,0,0,0,2,4
1884,Baron Davis,CHA,200004280PHI,"Apr 28, 2000",PHI,11,10,0,10,50.0,55.0,-5.0,8,8,2,3,0,0,0,0,0,0,0,0,0,0,0,0,0,0,0,0,0,0,0,0
1944,Eddie Robinson,CHA,200004280PHI,"Apr 28, 2000",PHI,4,4,0,4,50.0,50.0,0.0,4,4,0,0,0,0,0,0,0,0,0,0,0,0,0,0,0,0,0,0,0,0,0,0
761,Matt Geiger,PHI,200004280PHI,"Apr 28, 2000",CHA,8,3,3,4,88.89,92.59,-3.7,2,4,0,0,1,2,0,0,1,2,0,0,0,0,0,0,0,0,0,0,0,0,0,0
1802,Brad Miller,CHA,200004280PHI,"Apr 28, 2000",PHI,3,2,2,3,50.0,52.08,-2.08,2,2,0,0,0,0,0,0,0,0,0,0,0,0,0,0,0,0,0,0,0,0,1,1
297,Alonzo Mourning,MIA,200004290DET,"Apr 29, 2000",DET,12,7,8,11,54.55,57.03,-2.48,7,6,0,0,3,4,0,0,0,0,0,0,0,0,0,0,0,0,0,0,0,0,1,2
283,Lindsey Hunter,DET,200004290DET,"Apr 29, 2000",MIA,7,15,2,16,19.44,22.04,-2.6,11,6,4,0,0,0,0,0,0,0,0,0,0,0,0,0,0,0,0,0,0,0,1,1
371,Terry Mills,DET,200004290DET,"Apr 29, 2000",MIA,5,4,0,4,50.0,62.5,-12.5,2,2,2,3,0,0,0,0,0,0,0,0,0,0,0,0,0,0,0,0,0,0,0,0
363,Christian Laettner,MIA,200004290DET,"Apr 29, 2000",DET,4,5,0,5,40.0,40.0,0.0,5,4,0,0,0,0,0,0,0,0,0,0,0,0,0,0,0,0,0,0,0,0,0,0
469,Jamal Mashburn,MIA,200004290DET,"Apr 29, 2000",DET,11,12,4,14,39.29,39.97,-0.68,12,8,0,0,1,1,0,0,0,0,0,0,0,0,0,0,0,0,0,0,0,0,1,2
688,Michael Curry,DET,200004290DET,"Apr 29, 2000",MIA,14,11,6,14,50.0,51.32,-1.32,11,10,0,0,3,4,0,0,0,0,0,0,0,0,0,0,0,0,0,0,0,0,0,0
136,P.J. Brown,DET,200004290DET,"Apr 29, 2000",MIA,6,4,0,4,75.0,75.0,0.0,4,6,0,0,0,0,0,0,0,0,0,0,0,0,0,0,0,0,0,0,0,0,0,0
1853,Anthony Carter,MIA,200004290DET,"Apr 29, 2000",DET,8,11,0,11,36.36,36.36,0.0,11,8,0,0,0,0,0,0,0,0,0,0,0,0,0,0,0,0,0,0,0,0,0,0
711,Jerry Stackhouse,DET,200004290DET,"Apr 29, 2000",MIA,25,21,13,26,44.64,46.78,-2.14,17,8,1,0,4,7,0,0,3,8,0,0,0,0,0,0,0,0,0,0,0,0,1,2
105,Dan Majerle,MIA,200004290DET,"Apr 29, 2000",DET,9,4,1,5,75.0,101.35,-26.35,1,2,3,6,0,0,0,0,0,0,0,0,1,1,0,0,0,0,0,0,0,0,0,0
966,Jerome Williams,DET,200004290DET,"Apr 29, 2000",MIA,3,2,4,4,37.5,39.89,-2.39,2,2,0,0,1,0,0,0,0,0,0,0,0,0,0,0,0,0,0,0,0,0,1,1
146,Jud Buechler,DET,200004290DET,"Apr 29, 2000",MIA,6,6,0,6,35.29,50.0,-14.71,1,0,5,6,0,0,0,0,0,0,0,0,0,0,0,0,0,0,0,0,0,0,0,0
221,Clar. Weatherspoon,MIA,200004290DET,"Apr 29, 2000",DET,18,11,4,12,69.23,70.53,-1.3,9,12,0,0,1,1,0,0,2,5,0,0,0,0,0,0,0,0,0,0,0,0,0,0
180,John Crotty,DET,200004290DET,"Apr 29, 2000",MIA,0,2,0,2,0.0,0.0,0.0,0,0,2,0,0,0,0,0,0,0,0,0,0,0,0,0,0,0,0,0,0,0,0,0
1630,Mikki Moore,DET,200004290DET,"Apr 29, 2000",MIA,8,4,6,7,57.14,60.24,-3.1,4,2,0,0,2,4,0,0,0,0,0,0,0,0,0,0,0,0,0,0,0,0,1,2
1477,Bruce Bowen,MIA,200004290DET,"Apr 29, 2000",DET,4,4,2,5,33.33,40.98,-7.65,2,4,2,0,1,0,0,0,0,0,0,0,0,0,0,0,0,0,0,0,0,0,0,0
901,Otis Thorpe,MIA,200004290DET,"Apr 29, 2000",DET,10,7,2,8,62.5,63.45,-0.95,7,10,0,0,1,0,0,0,0,0,0,0,0,0,0,0,0,0,0,0,0,0,0,0
919,Loy Vaught,DET,200004290DET,"Apr 29, 2000",MIA,0,3,0,3,0.0,0.0,0.0,3,0,0,0,0,0,0,0,0,0,0,0,0,0,0,0,0,0,0,0,0,0,0,0
1110,Mark Strickland,MIA,200004290DET,"Apr 29, 2000",DET,2,3,2,4,25.0,25.77,-0.77,3,2,0,0,1,0,0,0,0,0,0,0,0,0,0,0,0,0,0,0,0,0,0,0
1934,Rodney Buford,MIA,200004290DET,"Apr 29, 2000",DET,11,8,2,9,55.0,61.94,-6.94,6,6,2,3,1,2,0,0,0,0,0,0,0,0,0,0,0,0,0,0,0,0,0,0
349,Mark Jackson,IND,200004290MIL,"Apr 29, 2000",MIL,8,8,1,8,40.0,47.39,-7.39,4,2,3,3,0,0,0,0,1,3,0,0,0,0,0,0,0,0,0,0,0,0,0,0
299,Glenn Robinson,MIL,200004290MIL,"Apr 29, 2000",IND,26,21,3,22,53.06,58.24,-5.18,16,18,4,3,1,2,0,0,1,3,0,0,0,0,0,0,0,0,0,0,0,0,0,0
1506,Austin Croshere,IND,200004290MIL,"Apr 29, 2000",MIL,10,10,2,11,45.45,45.96,-0.51,10,8,0,0,1,2,0,0,0,0,0,0,0,0,0,0,0,0,0,0,0,0,0,0
208,Sam Cassell,MIL,200004290MIL,"Apr 29, 2000",IND,13,12,4,14,46.43,47.24,-0.81,12,10,0,0,2,3,0,0,0,0,0,0,0,0,0,0,0,0,0,0,0,0,0,0
397,Reggie Miller,IND,200004290MIL,"Apr 29, 2000",MIL,34,27,4,29,47.22,59.11,-11.89,13,18,14,12,2,4,0,0,0,0,0,0,0,0,0,0,0,0,0,0,0,0,0,0
951,Ray Allen,MIL,200004290MIL,"Apr 29, 2000",IND,26,22,4,24,46.43,54.71,-8.28,14,16,8,6,2,4,0,0,0,0,0,0,0,0,0,0,0,0,0,0,0,0,0,0
147,Jalen Rose,IND,200004290MIL,"Apr 29, 2000",MIL,27,17,4,19,67.5,71.96,-4.46,15,18,2,6,1,1,0,0,0,0,0,0,0,0,0,0,0,0,0,0,0,0,1,2
911,Ervin Johnson,MIL,200004290MIL,"Apr 29, 2000",IND,9,7,4,9,50.0,51.37,-1.37,7,8,0,0,1,1,0,0,0,0,0,0,0,0,0,0,0,0,0,0,0,0,1,0
905,Dale Davis,IND,200004290MIL,"Apr 29, 2000",MIL,4,7,0,7,28.57,28.57,0.0,7,4,0,0,0,0,0,0,0,0,0,0,0,0,0,0,0,0,0,0,0,0,0,0
1032,Darvin Ham,MIL,200004290MIL,"Apr 29, 2000",IND,0,1,2,2,0.0,0.0,0.0,0,0,1,0,1,0,0,0,0,0,0,0,0,0,0,0,0,0,0,0,0,0,0,0
1501,Tim Thomas,MIL,200004290MIL,"Apr 29, 2000",IND,12,13,2,14,38.71,43.23,-4.52,10,10,3,0,1,2,0,0,0,0,0,0,0,0,0,0,0,0,0,0,0,0,0,0
365,Derrick McKey,IND,200004290MIL,"Apr 29, 2000",MIL,4,2,0,2,100.0,100.0,0.0,2,4,0,0,0,0,0,0,0,0,0,0,0,0,0,0,0,0,0,0,0,0,0,0
696,Travis Best,IND,200004290MIL,"Apr 29, 2000",MIL,18,13,4,15,54.55,60.98,-6.43,10,8,3,6,1,2,0,0,0,0,0,0,0,0,0,0,0,0,0,0,0,0,1,2
219,Vinny Del Negro,MIL,200004290MIL,"Apr 29, 2000",IND,8,7,0,7,57.14,57.14,0.0,7,8,0,0,0,0,0,0,0,0,0,0,0,0,0,0,0,0,0,0,0,0,0,0
281,Scott Williams,MIL,200004290MIL,"Apr 29, 2000",IND,2,3,0,3,33.33,33.33,0.0,3,2,0,0,0,0,0,0,0,0,0,0,0,0,0,0,0,0,0,0,0,0,0,0
64,Sam Perkins,IND,200004290MIL,"Apr 29, 2000",MIL,4,0,4,2,100.0,113.64,-13.64,0,0,0,0,2,4,0,0,0,0,0,0,0,0,0,0,0,0,0,0,0,0,0,0
251,Sean Elliott,SAS,200004290PHO,"Apr 29, 2000",PHX,5,5,2,6,35.71,42.52,-6.81,3,0,2,3,1,2,0,0,0,0,0,0,0,0,0,0,0,0,0,0,0,0,0,0
53,Mario Elie,SAS,200004290PHO,"Apr 29, 2000",PHX,12,3,8,8,75.0,92.02,-17.02,1,2,2,3,3,6,0,0,0,0,0,0,2,1,0,0,0,0,0,0,0,0,0,0
988,Randy Livingston,SAS,200004290PHO,"Apr 29, 2000",PHX,0,3,0,3,0.0,0.0,0.0,3,0,0,0,0,0,0,0,0,0,0,0,0,0,0,0,0,0,0,0,0,0,0,0
764,David Robinson,SAS,200004290PHO,"Apr 29, 2000",PHX,37,27,18,34,50.68,52.98,-2.3,22,16,1,0,4,5,0,0,4,11,0,0,0,0,0,0,0,0,0,0,0,0,3,5
1890,Shawn Marion,PHX,200004290PHO,"Apr 29, 2000",SAS,16,16,1,16,45.71,48.66,-2.95,13,10,2,3,0,0,0,0,1,3,0,0,0,0,0,0,0,0,0,0,0,0,0,0
955,Samaki Walker,SAS,200004290PHO,"Apr 29, 2000",PHX,10,8,4,10,50.0,51.23,-1.23,8,6,0,0,2,4,0,0,0,0,0,0,0,0,0,0,0,0,0,0,0,0,0,0
358,Anfernee Hardaway,PHX,200004290PHO,"Apr 29, 2000",SAS,17,14,8,18,47.22,48.52,-1.3,14,10,0,0,3,6,0,0,0,0,0,0,0,0,0,0,0,0,0,0,0,0,1,1
422,Avery Johnson,SAS,200004290PHO,"Apr 29, 2000",PHX,4,10,0,10,20.0,20.0,0.0,10,4,0,0,0,0,0,0,0,0,0,0,0,0,0,0,0,0,0,0,0,0,0,0
26,Luc Longley,PHX,200004290PHO,"Apr 29, 2000",SAS,4,5,0,5,40.0,40.0,0.0,5,4,0,0,0,0,0,0,0,0,0,0,0,0,0,0,0,0,0,0,0,0,0,0
915,Rodney Rogers,PHX,200004290PHO,"Apr 29, 2000",SAS,15,16,2,17,39.47,44.43,-4.96,12,8,4,6,1,1,0,0,0,0,0,0,0,0,0,0,0,0,0,0,0,0,0,0
134,Kevin Johnson,PHX,200004290PHO,"Apr 29, 2000",SAS,10,8,2,8,55.56,56.31,-0.75,6,4,0,0,0,0,0,0,2,6,0,0,0,0,0,0,0,0,0,0,0,0,0,0
361,Clifford Robinson,PHX,200004290PHO,"Apr 29, 2000",SAS,14,12,2,13,48.28,54.35,-6.07,9,10,3,3,0,0,0,0,0,0,0,0,0,0,0,0,0,0,0,0,0,0,1,1
345,Terry Porter,SAS,200004290PHO,"Apr 29, 2000",PHX,11,9,0,9,45.83,61.11,-15.28,3,2,6,9,0,0,0,0,0,0,0,0,0,0,0,0,0,0,0,0,0,0,0,0
990,Malik Rose,SAS,200004290PHO,"Apr 29, 2000",PHX,8,4,2,5,80.0,81.97,-1.97,4,6,0,0,0,0,0,0,0,0,0,0,0,0,0,0,0,0,0,0,0,0,1,2
916,Corie Blount,PHX,200004290PHO,"Apr 29, 2000",SAS,7,3,1,3,100.0,101.74,-1.74,2,4,0,0,0,0,0,0,1,3,0,0,0,0,0,0,0,0,0,0,0,0,0,0
1498,Antonio Daniels,SAS,200004290PHO,"Apr 29, 2000",PHX,7,9,2,10,31.82,35.43,-3.61,7,6,2,0,1,1,0,0,0,0,0,0,0,0,0,0,0,0,0,0,0,0,0,0
103,Todd Day,PHX,200004290PHO,"Apr 29, 2000",SAS,16,9,8,13,50.0,63.9,-13.9,3,2,6,9,1,2,0,0,0,0,0,0,0,0,0,0,0,0,0,0,0,0,3,3
932,Oliver Miller,PHX,200004290PHO,"Apr 29, 2000",SAS,2,1,0,1,100.0,100.0,0.0,1,2,0,0,0,0,0,0,0,0,0,0,0,0,0,0,0,0,0,0,0,0,0,0
1114,Jaren Jackson,SAS,200004290PHO,"Apr 29, 2000",PHX,0,2,0,2,0.0,0.0,0.0,1,0,1,0,0,0,0,0,0,0,0,0,0,0,0,0,0,0,0,0,0,0,0,0
699,Brent Barry,UTA,200004290SEA,"Apr 29, 2000",SEA,7,6,1,7,41.18,54.35,-13.17,2,0,4,6,0,0,0,0,0,0,0,0,1,1,0,0,0,0,0,0,0,0,0,0
204,Jeff Hornacek,UTA,200004290SEA,"Apr 29, 2000",SEA,15,13,4,15,46.88,50.81,-3.93,11,8,2,3,0,0,0,0,0,0,0,0,0,0,0,0,0,0,0,0,0,0,2,4
452,Vin Baker,SEA,200004290SEA,"Apr 29, 2000",UTA,15,9,12,15,50.0,52.52,-2.52,9,8,0,0,2,3,0,0,0,0,0,0,0,0,0,0,0,0,0,0,0,0,4,4
178,Olden Polynice,UTA,200004290SEA,"Apr 29, 2000",SEA,2,3,0,3,33.33,33.33,0.0,3,2,0,0,0,0,0,0,0,0,0,0,0,0,0,0,0,0,0,0,0,0,0,0
56,Gary Payton,SEA,200004290SEA,"Apr 29, 2000",UTA,23,24,12,30,35.94,39.28,-3.34,19,14,4,0,1,1,0,0,1,2,0,0,1,1,0,0,0,0,0,0,0,0,4,5
304,John Stockton,UTA,200004290SEA,"Apr 29, 2000",SEA,4,8,4,10,19.05,20.49,-1.44,7,2,1,0,1,1,0,0,0,0,0,0,0,0,0,0,0,0,0,0,0,0,1,1
935,Bryon Russell,UTA,200004290SEA,"Apr 29, 2000",SEA,10,9,0,9,45.45,55.56,-10.11,5,4,4,6,0,0,0,0,0,0,0,0,0,0,0,0,0,0,0,0,0,0,0,0
1740,Rashard Lewis,SEA,200004290SEA,"Apr 29, 2000",UTA,14,9,4,11,51.85,65.06,-13.21,4,2,5,9,1,1,0,0,0,0,0,0,0,0,0,0,0,0,0,0,0,0,1,2
252,Karl Malone,UTA,200004290SEA,"Apr 29, 2000",SEA,30,19,6,22,66.67,69.32,-2.65,18,22,1,3,2,3,0,0,0,0,0,0,0,0,0,0,0,0,0,0,0,0,1,2
270,Horace Grant,SEA,200004290SEA,"Apr 29, 2000",UTA,10,7,2,8,62.5,63.45,-0.95,7,8,0,0,0,0,0,0,0,0,0,0,0,0,1,2,0,0,0,0,0,0,0,0
458,Howard Eisley,UTA,200004290SEA,"Apr 29, 2000",SEA,0,7,0,7,0.0,0.0,0.0,5,0,2,0,0,0,0,0,0,0,0,0,0,0,0,0,0,0,0,0,0,0,0,0
323,Greg Foster,SEA,200004290SEA,"Apr 29, 2000",UTA,2,4,0,4,25.0,25.0,0.0,4,2,0,0,0,0,0,0,0,0,0,0,0,0,0,0,0,0,0,0,0,0,0,0
731,Greg Ostertag,UTA,200004290SEA,"Apr 29, 2000",SEA,7,3,4,5,70.0,73.53,-3.53,3,4,0,0,1,1,0,0,0,0,0,0,0,0,0,0,0,0,0,0,0,0,1,2
1742,Shammond Williams,SEA,200004290SEA,"Apr 29, 2000",UTA,5,3,2,4,50.0,64.43,-14.43,1,0,2,3,0,0,0,0,0,0,0,0,0,0,0,0,0,0,0,0,0,0,1,2
288,Armen Gilliam,UTA,200004290SEA,"Apr 29, 2000",SEA,6,7,0,7,42.86,42.86,0.0,7,6,0,0,0,0,0,0,0,0,0,0,0,0,0,0,0,0,0,0,0,0,0,0
1521,Jacque Vaughn,UTA,200004290SEA,"Apr 29, 2000",SEA,0,2,0,2,0.0,0.0,0.0,2,0,0,0,0,0,0,0,0,0,0,0,0,0,0,0,0,0,0,0,0,0,0,0
1739,Ruben Patterson,SEA,200004290SEA,"Apr 29, 2000",UTA,13,8,3,9,65.0,69.74,-4.74,6,8,1,0,1,2,0,0,1,3,0,0,0,0,0,0,0,0,0,0,0,0,0,0
1900,Quincy Lewis,UTA,200004290SEA,"Apr 29, 2000",SEA,4,3,0,3,66.67,66.67,0.0,3,4,0,0,0,0,0,0,0,0,0,0,0,0,0,0,0,0,0,0,0,0,0,0
708,Kevin Garnett,MIN,200004300MIN,"Apr 30, 2000",POR,23,22,0,22,51.11,52.27,-1.16,21,20,1,3,0,0,0,0,0,0,0,0,0,0,0,0,0,0,0,0,0,0,0,0
120,Steven Smith,POR,200004300MIN,"Apr 30, 2000",MIN,22,14,4,16,61.11,69.8,-8.69,10,12,4,6,1,2,0,0,0,0,0,0,0,0,0,0,0,0,0,0,0,0,1,2
937,Scottie Pippen,POR,200004300MIN,"Apr 30, 2000",MIN,16,14,2,15,44.44,53.76,-9.32,8,8,6,6,1,2,0,0,0,0,0,0,0,0,0,0,0,0,0,0,0,0,0,0
739,Rasheed Wallace,POR,200004300MIN,"Apr 30, 2000",MIN,15,12,0,12,60.0,62.5,-2.5,11,12,1,3,0,0,0,0,0,0,0,0,0,0,0,0,0,0,0,0,0,0,0,0
907,Malik Sealy,MIN,200004300MIN,"Apr 30, 2000",POR,9,6,2,7,60.0,65.41,-5.41,5,6,1,3,0,0,0,0,0,0,0,0,0,0,0,0,0,0,0,0,0,0,1,0
1725,Rasho Nesterovic,MIN,200004300MIN,"Apr 30, 2000",POR,5,4,2,5,50.0,51.23,-1.23,4,4,0,0,0,0,0,0,0,0,0,0,0,0,0,0,0,0,0,0,0,0,1,1
757,Damon Stoudamire,POR,200004300MIN,"Apr 30, 2000",MIN,2,8,2,9,9.52,11.26,-1.74,5,0,3,0,1,2,0,0,0,0,0,0,0,0,0,0,0,0,0,0,0,0,0,0
210,Terrell Brandon,MIN,200004300MIN,"Apr 30, 2000",POR,28,16,6,19,68.29,75.11,-6.82,13,16,3,6,0,0,0,0,0,0,0,0,0,0,0,0,0,0,0,0,0,0,3,6
1887,Wally Szczerbiak,MIN,200004300MIN,"Apr 30, 2000",POR,4,6,0,6,33.33,33.33,0.0,6,4,0,0,0,0,0,0,0,0,0,0,0,0,0,0,0,0,0,0,0,0,0,0
717,Arvydas Sabonis,POR,200004300MIN,"Apr 30, 2000",MIN,17,14,2,15,50.0,57.12,-7.12,10,12,4,3,1,2,0,0,0,0,0,0,0,0,0,0,0,0,0,0,0,0,0,0
21,Greg Anthony,POR,200004300MIN,"Apr 30, 2000",MIN,4,5,0,5,36.36,40.0,-3.64,4,4,1,0,0,0,0,0,0,0,0,0,0,0,0,0,0,0,0,0,0,0,0,0
693,Joe Smith,MIN,200004300MIN,"Apr 30, 2000",POR,8,5,2,6,66.67,68.03,-1.36,5,6,0,0,1,2,0,0,0,0,0,0,0,0,0,0,0,0,0,0,0,0,0,0
258,Brian Grant,POR,200004300MIN,"Apr 30, 2000",MIN,11,5,8,9,61.11,64.55,-3.44,5,4,0,0,3,5,0,0,0,0,0,0,0,0,0,0,0,0,0,0,0,0,1,2
324,Anthony Peeler,MIN,200004300MIN,"Apr 30, 2000",POR,13,7,4,9,59.09,74.2,-15.11,3,4,4,6,2,3,0,0,0,0,0,0,0,0,0,0,0,0,0,0,0,0,0,0
96,Detlef Schrempf,POR,200004300MIN,"Apr 30, 2000",MIN,0,4,0,4,0.0,0.0,0.0,4,0,0,0,0,0,0,0,0,0,0,0,0,0,0,0,0,0,0,0,0,0,0,0
417,Sam Mitchell,MIN,200004300MIN,"Apr 30, 2000",POR,2,3,0,3,28.57,33.33,-4.76,2,2,1,0,0,0,0,0,0,0,0,0,0,0,0,0,0,0,0,0,0,0,0,0
1051,Dean Garrett,MIN,200004300MIN,"Apr 30, 2000",POR,2,2,0,2,50.0,50.0,0.0,2,2,0,0,0,0,0,0,0,0,0,0,0,0,0,0,0,0,0,0,0,0,0,0
1715,Jason Williams,SAC,200004300SAC,"Apr 30, 2000",LAL,10,12,4,14,30.3,36.34,-6.04,7,8,5,0,1,1,0,0,0,0,0,0,0,0,0,0,0,0,0,0,0,0,1,1
977,Kobe Bryant,LAL,200004300SAC,"Apr 30, 2000",SAC,35,25,9,29,53.85,60.43,-6.58,18,20,6,6,1,1,0,0,1,3,0,0,0,0,0,0,0,0,0,0,0,0,3,5
779,Glen Rice,LAL,200004300SAC,"Apr 30, 2000",SAC,13,13,3,14,40.62,45.39,-4.77,9,6,3,3,1,1,0,0,1,3,0,0,0,0,0,0,0,0,0,0,0,0,0,0
124,Vlade Divac,SAC,200004300SAC,"Apr 30, 2000",LAL,15,11,12,17,42.86,46.07,-3.21,10,6,1,0,1,2,0,0,0,0,0,0,0,0,0,0,0,0,0,0,0,0,5,7
98,Nick Anderson,SAC,200004300SAC,"Apr 30, 2000",LAL,5,6,0,6,31.25,41.67,-10.42,2,2,4,3,0,0,0,0,0,0,0,0,0,0,0,0,0,0,0,0,0,0,0,0
920,A.C. Green,LAL,200004300SAC,"Apr 30, 2000",SAC,4,5,0,5,40.0,40.0,0.0,5,4,0,0,0,0,0,0,0,0,0,0,0,0,0,0,0,0,0,0,0,0,0,0
185,Chris Webber,SAC,200004300SAC,"Apr 30, 2000",LAL,29,24,8,27,51.79,52.69,-0.9,22,18,0,0,3,5,0,0,2,6,0,0,0,0,0,0,0,0,0,0,0,0,0,0
406,Shaquille O'Neal,LAL,200004300SAC,"Apr 30, 2000",SAC,21,22,14,28,36.21,37.29,-1.08,20,12,0,0,4,2,0,0,2,5,0,0,0,0,0,0,0,0,0,0,0,0,2,2
722,Corliss Williamson,SAC,200004300SAC,"Apr 30, 2000",LAL,6,2,2,3,100.0,104.17,-4.17,2,4,0,0,1,2,0,0,0,0,0,0,0,0,0,0,0,0,0,0,0,0,0,0
166,Ron Harper,LAL,200004300SAC,"Apr 30, 2000",SAC,7,8,2,9,38.89,39.41,-0.52,8,6,0,0,1,1,0,0,0,0,0,0,0,0,0,0,0,0,0,0,0,0,0,0
927,John Salley,LAL,200004300SAC,"Apr 30, 2000",SAC,2,1,0,1,100.0,100.0,0.0,1,2,0,0,0,0,0,0,0,0,0,0,0,0,0,0,0,0,0,0,0,0,0,0
960,Tony Delk,SAC,200004300SAC,"Apr 30, 2000",LAL,11,10,4,12,42.31,46.77,-4.46,8,6,2,3,1,2,0,0,0,0,0,0,0,0,0,0,0,0,0,0,0,0,1,0
978,Peja Stojakovic,SAC,200004300SAC,"Apr 30, 2000",LAL,19,11,2,12,67.86,79.97,-12.11,7,8,4,9,1,2,0,0,0,0,0,0,0,0,0,0,0,0,0,0,0,0,0,0
1513,Scot Pollard,SAC,200004300SAC,"Apr 30, 2000",LAL,2,1,2,2,50.0,53.19,-3.19,1,2,0,0,0,0,0,0,0,0,0,0,0,0,0,0,0,0,0,0,0,0,1,0
109,Robert Horry,LAL,200004300SAC,"Apr 30, 2000",SAC,2,3,2,4,25.0,25.77,-0.77,3,2,0,0,1,0,0,0,0,0,0,0,0,0,0,0,0,0,0,0,0,0,0,0
216,Brian Shaw,LAL,200004300SAC,"Apr 30, 2000",SAC,3,2,0,2,60.0,75.0,-15.0,1,0,1,3,0,0,0,0,0,0,0,0,0,0,0,0,0,0,0,0,0,0,0,0
468,Jon Barry,SAC,200004300SAC,"Apr 30, 2000",LAL,2,3,0,3,28.57,33.33,-4.76,2,2,1,0,0,0,0,0,0,0,0,0,0,0,0,0,0,0,0,0,0,0,0,0
296,Rick Fox,LAL,200004300SAC,"Apr 30, 2000",SAC,0,3,0,3,0.0,0.0,0.0,2,0,1,0,0,0,0,0,0,0,0,0,0,0,0,0,0,0,0,0,0,0,0,0
1444,Lawrence Funderburke,SAC,200004300SAC,"Apr 30, 2000",LAL,0,1,0,1,0.0,0.0,0.0,1,0,0,0,0,0,0,0,0,0,0,0,0,0,0,0,0,0,0,0,0,0,0,0
965,Derek Fisher,LAL,200004300SAC,"Apr 30, 2000",SAC,0,3,0,3,0.0,0.0,0.0,3,0,0,0,0,0,0,0,0,0,0,0,0,0,0,0,0,0,0,0,0,0,0,0
1904,Devean George,LAL,200004300SAC,"Apr 30, 2000",SAC,4,1,2,2,80.0,106.38,-26.38,0,0,1,3,1,1,0,0,0,0,0,0,0,0,0,0,0,0,0,0,0,0,0,0
121,Patrick Ewing,NYK,200004300TOR,"Apr 30, 2000",TOR,12,8,10,13,46.15,48.39,-2.24,8,4,0,0,4,6,0,0,0,0,0,0,0,0,0,0,0,0,0,0,0,0,1,2
891,Charles Oakley,TOR,200004300TOR,"Apr 30, 2000",NYK,10,10,1,10,43.48,47.89,-4.41,7,8,2,0,0,0,0,0,1,2,0,0,0,0,0,0,0,0,0,0,0,0,0,0
213,Antonio Davis,TOR,200004300TOR,"Apr 30, 2000",NYK,18,12,4,14,64.29,65.41,-1.12,12,14,0,0,1,2,0,0,0,0,0,0,0,0,0,0,0,0,0,0,0,0,1,2
913,Larry Johnson,NYK,200004300TOR,"Apr 30, 2000",TOR,14,14,2,15,40.0,47.04,-7.04,9,6,5,6,1,2,0,0,0,0,0,0,0,0,0,0,0,0,0,0,0,0,0,0
369,Charlie Ward,NYK,200004300TOR,"Apr 30, 2000",TOR,6,2,0,2,100.0,150.0,-50.0,0,0,2,6,0,0,0,0,0,0,0,0,0,0,0,0,0,0,0,0,0,0,0,0
1503,Tracy McGrady,TOR,200004300TOR,"Apr 30, 2000",NYK,12,14,2,15,36.36,40.32,-3.96,11,10,3,0,1,2,0,0,0,0,0,0,0,0,0,0,0,0,0,0,0,0,0,0
1713,Vince Carter,TOR,200004300TOR,"Apr 30, 2000",NYK,15,17,5,19,35.71,39.06,-3.35,13,8,3,0,2,4,0,0,1,3,0,0,0,0,0,0,0,0,0,0,0,0,0,0
84,Latrell Sprewell,NYK,200004300TOR,"Apr 30, 2000",TOR,11,11,4,13,36.67,43.1,-6.43,7,6,4,3,2,2,0,0,0,0,0,0,0,0,0,0,0,0,0,0,0,0,0,0
177,Muggsy Bogues,TOR,200004300TOR,"Apr 30, 2000",NYK,4,9,0,9,17.39,22.22,-4.83,4,4,5,0,0,0,0,0,0,0,0,0,0,0,0,0,0,0,0,0,0,0,0,0
275,Allan Houston,NYK,200004300TOR,"Apr 30, 2000",TOR,23,14,6,17,63.89,69.11,-5.22,12,12,2,6,1,1,0,0,0,0,0,0,0,0,0,0,0,0,0,0,0,0,2,4
57,Doug Christie,TOR,200004300TOR,"Apr 30, 2000",NYK,7,7,2,8,35.0,44.42,-9.42,3,0,4,6,0,0,0,0,0,0,0,0,0,0,0,0,0,0,0,0,0,0,1,1
948,Marcus Camby,NYK,200004300TOR,"Apr 30, 2000",TOR,7,4,4,6,58.33,60.76,-2.43,4,6,0,0,2,1,0,0,0,0,0,0,0,0,0,0,0,0,0,0,0,0,0,0
788,Kevin Willis,TOR,200004300TOR,"Apr 30, 2000",NYK,10,9,8,13,38.46,39.94,-1.48,9,4,0,0,4,6,0,0,0,0,0,0,0,0,0,0,0,0,0,0,0,0,0,0
703,Kurt Thomas,NYK,200004300TOR,"Apr 30, 2000",TOR,4,3,0,3,66.67,66.67,0.0,3,4,0,0,0,0,0,0,0,0,0,0,0,0,0,0,0,0,0,0,0,0,0,0
164,Chris Childs,NYK,200004300TOR,"Apr 30, 2000",TOR,10,6,2,7,58.82,72.67,-13.85,3,2,3,6,0,0,0,0,0,0,0,0,0,0,0,0,0,0,0,0,0,0,1,2
209,Dell Curry,NYK,200004300TOR,"Apr 30, 2000",TOR,4,2,2,3,50.0,69.44,-19.44,0,0,2,3,0,0,0,0,0,0,0,0,0,0,0,0,0,0,0,0,0,0,1,1
244,Dee Brown,TOR,200004300TOR,"Apr 30, 2000",NYK,0,3,0,3,0.0,0.0,0.0,1,0,2,0,0,0,0,0,0,0,0,0,0,0,0,0,0,0,0,0,0,0,0,0
922,Elden Campbell,CHA,200005010PHI,"May 1, 2000",PHI,21,19,8,23,44.68,46.63,-1.95,18,14,1,0,4,7,0,0,0,0,0,0,0,0,0,0,0,0,0,0,0,0,0,0
193,Anthony Mason,CHA,200005010PHI,"May 1, 2000",PHI,21,15,6,18,56.76,59.52,-2.76,14,16,1,0,1,1,0,0,0,0,0,0,0,0,0,0,0,0,0,0,0,0,2,4
243,Aaron McKie,PHI,200005010PHI,"May 1, 2000",CHA,25,15,3,16,62.5,76.59,-14.09,8,10,6,9,1,2,0,0,0,0,1,4,0,0,0,0,0,0,0,0,0,0,0,0
689,Theo Ratliff,CHA,200005010PHI,"May 1, 2000",PHI,10,6,4,8,62.5,64.43,-1.93,6,6,0,0,2,4,0,0,0,0,0,0,0,0,0,0,0,0,0,0,0,0,0,0
248,George Lynch,PHI,200005010PHI,"May 1, 2000",CHA,8,8,1,8,42.11,47.39,-5.28,5,6,2,0,0,0,0,0,1,2,0,0,0,0,0,0,0,0,0,0,0,0,0,0
133,David Wesley,CHA,200005010PHI,"May 1, 2000",PHI,5,11,0,11,20.83,22.73,-1.9,9,2,2,3,0,0,0,0,0,0,0,0,0,0,0,0,0,0,0,0,0,0,0,0
947,Allen Iverson,PHI,200005010PHI,"May 1, 2000",CHA,26,23,8,27,44.07,49.02,-4.95,18,16,5,6,2,2,0,0,0,0,0,0,0,0,0,0,0,0,0,0,0,0,2,2
238,Tyrone Hill,PHI,200005010PHI,"May 1, 2000",CHA,10,7,4,9,55.56,57.08,-1.52,7,6,0,0,1,2,0,0,0,0,0,0,0,0,0,0,0,0,0,0,0,0,1,2
224,Eddie Jones,PHI,200005010PHI,"May 1, 2000",CHA,17,10,3,12,62.96,75.09,-12.13,6,8,4,6,0,0,0,0,0,0,0,0,1,1,0,0,0,0,0,0,0,0,1,2
934,Derrick Coleman,CHA,200005010PHI,"May 1, 2000",PHI,18,16,4,18,45.0,50.68,-5.68,12,14,4,3,1,1,0,0,0,0,0,0,0,0,0,0,0,0,0,0,0,0,1,0
389,Toni Kukoc,PHI,200005010PHI,"May 1, 2000",CHA,3,5,0,5,20.0,30.0,-10.0,0,0,5,3,0,0,0,0,0,0,0,0,0,0,0,0,0,0,0,0,0,0,0,0
761,Matt Geiger,PHI,200005010PHI,"May 1, 2000",CHA,17,10,3,11,73.91,75.09,-1.18,9,12,0,0,0,0,0,0,1,3,0,0,0,0,0,0,0,0,0,0,0,0,1,2
1802,Brad Miller,CHA,200005010PHI,"May 1, 2000",PHI,7,3,3,4,77.78,81.02,-3.24,2,2,0,0,1,2,0,0,1,3,0,0,0,0,0,0,0,0,0,0,0,0,0,0
1563,Kevin Ollie,PHI,200005010PHI,"May 1, 2000",CHA,6,4,0,4,75.0,75.0,0.0,4,6,0,0,0,0,0,0,0,0,0,0,0,0,0,0,0,0,0,0,0,0,0,0
1884,Baron Davis,PHI,200005010PHI,"May 1, 2000",CHA,6,5,2,6,46.15,51.02,-4.87,4,4,1,0,0,0,0,0,0,0,0,0,0,0,0,0,0,0,0,0,0,0,1,2
1944,Eddie Robinson,CHA,200005010PHI,"May 1, 2000",PHI,4,2,2,3,66.67,69.44,-2.77,2,2,0,0,0,0,0,0,0,0,0,0,0,0,0,0,0,0,0,0,0,0,1,2
397,Reggie Miller,IND,200005010MIL,"May 1, 2000",MIL,15,9,5,12,60.0,66.96,-6.96,7,10,2,0,1,2,0,0,0,0,0,0,1,1,0,0,0,0,0,0,0,0,1,2
1506,Austin Croshere,IND,200005010MIL,"May 1, 2000",MIL,6,7,0,7,40.0,42.86,-2.86,6,6,1,0,0,0,0,0,0,0,0,0,0,0,0,0,0,0,0,0,0,0,0,0
905,Dale Davis,IND,200005010MIL,"May 1, 2000",MIL,12,8,6,11,54.55,56.39,-1.84,8,8,0,0,3,4,0,0,0,0,0,0,0,0,0,0,0,0,0,0,0,0,0,0
208,Sam Cassell,MIL,200005010MIL,"May 1, 2000",IND,6,11,0,11,27.27,27.27,0.0,11,6,0,0,0,0,0,0,0,0,0,0,0,0,0,0,0,0,0,0,0,0,0,0
147,Jalen Rose,IND,200005010MIL,"May 1, 2000",MIL,17,13,10,18,44.74,48.85,-4.11,11,10,2,0,2,3,0,0,0,0,0,0,0,0,0,0,0,0,0,0,0,0,3,4
299,Glenn Robinson,MIL,200005010MIL,"May 1, 2000",IND,18,16,1,16,52.94,54.74,-1.8,14,12,1,3,0,0,0,0,1,3,0,0,0,0,0,0,0,0,0,0,0,0,0,0
1032,Darvin Ham,MIL,200005010MIL,"May 1, 2000",IND,7,4,2,5,70.0,71.72,-1.72,4,6,0,0,1,1,0,0,0,0,0,0,0,0,0,0,0,0,0,0,0,0,0,0
349,Mark Jackson,IND,200005010MIL,"May 1, 2000",MIL,8,8,2,9,36.36,45.05,-8.69,4,6,4,0,1,2,0,0,0,0,0,0,0,0,0,0,0,0,0,0,0,0,0,0
951,Ray Allen,MIL,200005010MIL,"May 1, 2000",IND,20,14,2,15,57.14,67.2,-10.06,9,12,5,6,1,2,0,0,0,0,0,0,0,0,0,0,0,0,0,0,0,0,0,0
911,Ervin Johnson,MIL,200005010MIL,"May 1, 2000",IND,4,2,4,4,50.0,53.19,-3.19,2,2,0,0,2,2,0,0,0,0,0,0,0,0,0,0,0,0,0,0,0,0,0,0
1501,Tim Thomas,MIL,200005010MIL,"May 1, 2000",IND,17,11,2,12,58.62,71.55,-12.93,6,10,5,6,1,1,0,0,0,0,0,0,0,0,0,0,0,0,0,0,0,0,0,0
281,Scott Williams,MIL,200005010MIL,"May 1, 2000",IND,20,13,2,14,71.43,72.05,-0.62,13,18,0,0,0,0,0,0,0,0,0,0,0,0,1,2,0,0,0,0,0,0,0,0
22,Rik Smits,IND,200005010MIL,"May 1, 2000",MIL,4,7,0,7,28.57,28.57,0.0,7,4,0,0,0,0,0,0,0,0,0,0,0,0,0,0,0,0,0,0,0,0,0,0
365,Derrick McKey,IND,200005010MIL,"May 1, 2000",MIL,0,1,0,1,0.0,0.0,0.0,0,0,1,0,0,0,0,0,0,0,0,0,0,0,0,0,0,0,0,0,0,0,0,0
696,Travis Best,IND,200005010MIL,"May 1, 2000",MIL,8,13,0,13,28.57,30.77,-2.2,11,8,2,0,0,0,0,0,0,0,0,0,0,0,0,0,0,0,0,0,0,0,0,0
219,Vinny Del Negro,MIL,200005010MIL,"May 1, 2000",IND,4,7,0,7,26.67,28.57,-1.9,6,4,1,0,0,0,0,0,0,0,0,0,0,0,0,0,0,0,0,0,0,0,0,0
64,Sam Perkins,IND,200005010MIL,"May 1, 2000",MIL,9,5,3,6,69.23,71.2,-1.97,4,4,0,0,1,2,0,0,1,3,0,0,0,0,0,0,0,0,0,0,0,0,0,0
904,Chris Mullin,IND,200005010MIL,"May 1, 2000",MIL,4,1,4,3,57.14,72.46,-15.32,0,0,1,0,1,2,0,0,0,0,0,0,0,0,0,0,0,0,0,0,0,0,1,2
1886,Jonathan Bender,IND,200005010MIL,"May 1, 2000",MIL,0,1,0,1,0.0,0.0,0.0,1,0,0,0,0,0,0,0,0,0,0,0,0,0,0,0,0,0,0,0,0,0,0,0
1726,Mirsad Turkcan,MIL,200005010MIL,"May 1, 2000",IND,4,4,2,5,40.0,40.98,-0.98,4,2,0,0,0,0,0,0,0,0,0,0,0,0,0,0,0,0,0,0,0,0,1,2
440,Zan Tabak,IND,200005010MIL,"May 1, 2000",MIL,4,2,2,3,66.67,69.44,-2.77,2,2,0,0,0,0,0,0,0,0,0,0,0,0,1,2,0,0,0,0,0,0,0,0
1747,Rafer Alston,MIL,200005010MIL,"May 1, 2000",IND,0,2,0,2,0.0,0.0,0.0,2,0,0,0,0,0,0,0,0,0,0,0,0,0,0,0,0,0,0,0,0,0,0,0
1714,Robert Traylor,MIL,200005010MIL,"May 1, 2000",IND,0,1,0,1,0.0,0.0,0.0,1,0,0,0,0,0,0,0,0,0,0,0,0,0,0,0,0,0,0,0,0,0,0,0
422,Avery Johnson,SAS,200005020PHO,"May 2, 2000",PHX,9,9,2,10,45.0,45.55,-0.55,9,8,0,0,1,1,0,0,0,0,0,0,0,0,0,0,0,0,0,0,0,0,0,0
26,Luc Longley,PHX,200005020PHO,"May 2, 2000",SAS,6,6,2,7,42.86,43.6,-0.74,6,4,0,0,0,0,0,0,0,0,0,0,0,0,0,0,0,0,0,0,0,0,1,2
358,Anfernee Hardaway,PHX,200005020PHO,"May 2, 2000",SAS,23,18,7,21,48.94,54.55,-5.61,13,14,4,3,2,3,0,0,1,2,0,0,0,0,0,0,0,0,0,0,0,0,1,1
251,Sean Elliott,SAS,200005020PHO,"May 2, 2000",PHX,7,6,6,9,35.0,40.51,-5.51,4,4,2,0,3,3,0,0,0,0,0,0,0,0,0,0,0,0,0,0,0,0,0,0
1890,Shawn Marion,PHX,200005020PHO,"May 2, 2000",SAS,8,7,0,7,57.14,57.14,0.0,7,8,0,0,0,0,0,0,0,0,0,0,0,0,0,0,0,0,0,0,0,0,0,0
361,Clifford Robinson,PHX,200005020PHO,"May 2, 2000",SAS,10,17,4,19,25.0,26.65,-1.65,15,8,2,0,2,2,0,0,0,0,0,0,0,0,0,0,0,0,0,0,0,0,0,0
53,Mario Elie,SAS,200005020PHO,"May 2, 2000",PHX,12,10,6,13,42.86,47.47,-4.61,8,6,2,0,2,4,0,0,0,0,0,0,0,0,0,0,0,0,0,0,0,0,1,2
955,Samaki Walker,PHX,200005020PHO,"May 2, 2000",SAS,9,7,2,8,56.25,57.11,-0.86,7,8,0,0,1,1,0,0,0,0,0,0,0,0,0,0,0,0,0,0,0,0,0,0
764,David Robinson,SAS,200005020PHO,"May 2, 2000",PHX,21,19,10,24,43.75,44.87,-1.12,19,14,0,0,3,4,0,0,0,0,0,0,0,0,0,0,0,0,0,0,0,0,2,3
345,Terry Porter,SAS,200005020PHO,"May 2, 2000",PHX,2,7,0,7,11.76,14.29,-2.53,4,2,3,0,0,0,0,0,0,0,0,0,0,0,0,0,0,0,0,0,0,0,0,0
467,Jason Kidd,PHX,200005020PHO,"May 2, 2000",SAS,9,5,0,5,81.82,90.0,-8.18,4,6,1,3,0,0,0,0,0,0,0,0,0,0,0,0,0,0,0,0,0,0,0,0
134,Kevin Johnson,PHX,200005020PHO,"May 2, 2000",SAS,2,3,0,3,33.33,33.33,0.0,3,2,0,0,0,0,0,0,0,0,0,0,0,0,0,0,0,0,0,0,0,0,0,0
990,Malik Rose,SAS,200005020PHO,"May 2, 2000",PHX,4,4,2,5,40.0,40.98,-0.98,4,4,0,0,1,0,0,0,0,0,0,0,0,0,0,0,0,0,0,0,0,0,0,0
916,Corie Blount,PHX,200005020PHO,"May 2, 2000",SAS,8,5,0,5,80.0,80.0,0.0,5,8,0,0,0,0,0,0,0,0,0,0,0,0,0,0,0,0,0,0,0,0,0,0
915,Rodney Rogers,PHX,200005020PHO,"May 2, 2000",SAS,23,15,6,18,57.5,65.19,-7.69,11,16,4,3,3,4,0,0,0,0,0,0,0,0,0,0,0,0,0,0,0,0,0,0
1498,Antonio Daniels,SAS,200005020PHO,"May 2, 2000",PHX,7,6,5,8,36.84,42.68,-5.84,3,2,2,0,0,0,0,0,1,3,0,0,0,0,0,0,0,0,0,0,0,0,2,2
103,Todd Day,PHX,200005020PHO,"May 2, 2000",SAS,0,2,0,2,0.0,0.0,0.0,1,0,1,0,0,0,0,0,0,0,0,0,0,0,0,0,0,0,0,0,0,0,0,0
1114,Jaren Jackson,SAS,200005020PHO,"May 2, 2000",PHX,2,1,4,3,33.33,36.23,-2.9,1,0,0,0,2,2,0,0,0,0,0,0,0,0,0,0,0,0,0,0,0,0,0,0
1760,Derrick Dial,SAS,200005020PHO,"May 2, 2000",PHX,5,4,2,5,50.0,51.23,-1.23,4,4,0,0,1,1,0,0,0,0,0,0,0,0,0,0,0,0,0,0,0,0,0,0
988,Randy Livingston,PHX,200005020PHO,"May 2, 2000",SAS,0,1,0,1,0.0,0.0,0.0,1,0,0,0,0,0,0,0,0,0,0,0,0,0,0,0,0,0,0,0,0,0,0,0
1753,Toby Bailey,PHX,200005020PHO,"May 2, 2000",SAS,0,1,0,1,0.0,0.0,0.0,1,0,0,0,0,0,0,0,0,0,0,0,0,0,0,0,0,0,0,0,0,0,0,0
779,Glen Rice,LAL,200005020SAC,"May 2, 2000",SAC,17,12,7,16,45.95,56.37,-10.42,6,4,6,6,2,4,0,0,0,0,0,0,1,1,0,0,0,0,0,0,0,0,1,2
185,Chris Webber,SAC,200005020SAC,"May 2, 2000",LAL,23,21,6,24,46.94,48.65,-1.71,20,20,1,0,2,1,0,0,0,0,0,0,0,0,1,2,0,0,0,0,0,0,0,0
722,Corliss Williamson,SAC,200005020SAC,"May 2, 2000",LAL,7,4,4,6,58.33,60.76,-2.43,4,4,0,0,2,3,0,0,0,0,0,0,0,0,0,0,0,0,0,0,0,0,0,0
166,Ron Harper,LAL,200005020SAC,"May 2, 2000",SAC,6,9,0,9,27.27,33.33,-6.06,5,6,4,0,0,0,0,0,0,0,0,0,0,0,0,0,0,0,0,0,0,0,0,0
977,Kobe Bryant,LAL,200005020SAC,"May 2, 2000",SAC,32,30,8,33,45.07,47.73,-2.66,25,22,3,0,2,3,0,0,2,6,0,0,0,0,0,0,0,0,0,0,0,0,1,1
124,Vlade Divac,SAC,200005020SAC,"May 2, 2000",LAL,13,12,2,13,50.0,50.47,-0.47,12,12,0,0,1,1,0,0,0,0,0,0,0,0,0,0,0,0,0,0,0,0,0,0
1715,Jason Williams,SAC,200005020SAC,"May 2, 2000",LAL,5,8,2,9,22.73,28.15,-5.42,4,0,4,3,0,0,0,0,0,0,0,0,0,0,0,0,0,0,0,0,0,0,1,2
406,Shaquille O'Neal,LAL,200005020SAC,"May 2, 2000",SAC,25,22,12,28,44.64,45.82,-1.18,22,20,0,0,5,4,0,0,0,0,0,0,0,0,0,0,0,0,0,0,0,0,1,1
98,Nick Anderson,SAC,200005020SAC,"May 2, 2000",LAL,11,7,2,8,47.83,69.8,-21.97,0,0,7,9,1,2,0,0,0,0,0,0,0,0,0,0,0,0,0,0,0,0,0,0
920,A.C. Green,LAL,200005020SAC,"May 2, 2000",SAC,0,3,0,3,0.0,0.0,0.0,3,0,0,0,0,0,0,0,0,0,0,0,0,0,0,0,0,0,0,0,0,0,0,0
960,Tony Delk,SAC,200005020SAC,"May 2, 2000",LAL,12,12,2,13,44.44,46.58,-2.14,11,8,1,3,1,1,0,0,0,0,0,0,0,0,0,0,0,0,0,0,0,0,0,0
109,Robert Horry,LAL,200005020SAC,"May 2, 2000",SAC,4,4,2,5,36.36,40.98,-4.62,3,0,1,3,0,0,0,0,0,0,0,0,0,0,1,1,0,0,0,0,0,0,0,0
978,Peja Stojakovic,SAC,200005020SAC,"May 2, 2000",LAL,11,10,3,11,40.74,48.59,-7.85,5,4,4,3,0,0,0,0,1,3,0,0,0,0,0,0,0,0,0,0,0,0,1,1
1513,Scot Pollard,SAC,200005020SAC,"May 2, 2000",LAL,2,2,0,2,50.0,50.0,0.0,2,2,0,0,0,0,0,0,0,0,0,0,0,0,0,0,0,0,0,0,0,0,0,0
969,Travis Knight,LAL,200005020SAC,"May 2, 2000",SAC,2,1,0,1,100.0,100.0,0.0,1,2,0,0,0,0,0,0,0,0,0,0,0,0,0,0,0,0,0,0,0,0,0,0
216,Brian Shaw,LAL,200005020SAC,"May 2, 2000",SAC,2,6,0,6,13.33,16.67,-3.34,3,2,3,0,0,0,0,0,0,0,0,0,0,0,0,0,0,0,0,0,0,0,0,0
468,Jon Barry,SAC,200005020SAC,"May 2, 2000",LAL,17,6,6,9,77.27,98.38,-21.11,2,2,4,9,0,0,0,0,0,0,0,0,0,0,0,0,0,0,0,0,0,0,3,6
708,Kevin Garnett,MIN,200005020MIN,"May 2, 2000",POR,17,20,6,23,35.42,37.54,-2.12,18,8,2,3,2,4,0,0,0,0,0,0,0,0,0,0,0,0,0,0,0,0,1,2
120,Steven Smith,POR,200005020MIN,"May 2, 2000",MIN,14,14,1,14,45.16,48.48,-3.32,11,8,2,3,0,0,0,0,1,3,0,0,0,0,0,0,0,0,0,0,0,0,0,0
757,Damon Stoudamire,POR,200005020MIN,"May 2, 2000",MIN,11,9,1,9,52.38,58.26,-5.88,6,8,2,0,0,0,0,0,1,3,0,0,0,0,0,0,0,0,0,0,0,0,0,0
1887,Wally Szczerbiak,MIN,200005020MIN,"May 2, 2000",POR,6,8,0,8,37.5,37.5,0.0,8,6,0,0,0,0,0,0,0,0,0,0,0,0,0,0,0,0,0,0,0,0,0,0
739,Rasheed Wallace,POR,200005020MIN,"May 2, 2000",MIN,15,11,4,13,55.56,58.78,-3.22,10,12,1,0,1,1,0,0,0,0,0,0,0,0,0,0,0,0,0,0,0,0,1,2
937,Scottie Pippen,POR,200005020MIN,"May 2, 2000",MIN,10,12,4,14,33.33,36.34,-3.01,10,8,2,0,2,2,0,0,0,0,0,0,0,0,0,0,0,0,0,0,0,0,0,0
717,Arvydas Sabonis,POR,200005020MIN,"May 2, 2000",MIN,15,9,3,10,65.22,72.67,-7.45,6,8,2,3,0,0,0,0,1,2,0,0,0,0,0,0,0,0,0,0,0,0,1,2
907,Malik Sealy,MIN,200005020MIN,"May 2, 2000",POR,10,11,2,12,41.67,42.09,-0.42,11,8,0,0,0,0,0,0,0,0,0,0,0,0,0,0,0,0,0,0,0,0,1,2
1725,Rasho Nesterovic,MIN,200005020MIN,"May 2, 2000",POR,7,7,2,8,43.75,44.42,-0.67,7,6,0,0,1,1,0,0,0,0,0,0,0,0,0,0,0,0,0,0,0,0,0,0
210,Terrell Brandon,MIN,200005020MIN,"May 2, 2000",POR,13,14,1,14,43.33,45.01,-1.68,12,10,1,0,0,0,0,0,1,3,0,0,0,0,0,0,0,0,0,0,0,0,0,0
324,Anthony Peeler,MIN,200005020MIN,"May 2, 2000",POR,2,7,0,7,11.76,14.29,-2.53,4,2,3,0,0,0,0,0,0,0,0,0,0,0,0,0,0,0,0,0,0,0,0,0
21,Greg Anthony,POR,200005020MIN,"May 2, 2000",MIN,6,5,4,7,35.29,44.38,-9.09,2,0,3,3,1,1,0,0,0,0,0,0,0,0,0,0,0,0,0,0,0,0,1,2
417,Sam Mitchell,MIN,200005020MIN,"May 2, 2000",POR,8,5,1,5,61.54,73.53,-11.99,2,2,2,3,0,0,0,0,1,3,0,0,0,0,0,0,0,0,0,0,0,0,0,0
693,Joe Smith,MIN,200005020MIN,"May 2, 2000",POR,2,5,0,5,18.18,20.0,-1.82,4,2,1,0,0,0,0,0,0,0,0,0,0,0,0,0,0,0,0,0,0,0,0,0
1517,Bobby Jackson,MIN,200005020MIN,"May 2, 2000",POR,11,5,4,7,68.75,81.36,-12.61,3,4,2,3,0,0,0,0,0,0,0,0,0,0,0,0,0,0,0,0,0,0,2,4
96,Detlef Schrempf,POR,200005020MIN,"May 2, 2000",MIN,10,3,6,6,76.92,88.65,-11.73,2,4,1,0,2,4,0,0,0,0,0,0,0,0,0,0,0,0,0,0,0,0,1,2
258,Brian Grant,POR,200005020MIN,"May 2, 2000",MIN,4,3,4,5,40.0,42.02,-2.02,3,2,0,0,1,2,0,0,0,0,0,0,0,0,0,0,0,0,0,0,0,0,1,0
1051,Dean Garrett,MIN,200005020MIN,"May 2, 2000",POR,1,0,2,1,50.0,56.82,-6.82,0,0,0,0,1,1,0,0,0,0,0,0,0,0,0,0,0,0,0,0,0,0,0,0
204,Jeff Hornacek,UTA,200005030SEA,"May 3, 2000",SEA,16,12,4,14,48.48,58.14,-9.66,7,6,4,3,1,2,0,0,0,0,1,4,1,1,0,0,0,0,0,0,0,0,0,0
56,Gary Payton,SEA,200005030SEA,"May 3, 2000",UTA,35,23,11,29,54.69,62.86,-8.17,16,16,7,9,3,6,0,0,0,0,0,0,1,0,0,0,0,0,0,0,0,0,2,4
935,Bryon Russell,UTA,200005030SEA,"May 3, 2000",SEA,26,20,10,25,48.15,53.28,-5.13,16,14,4,3,4,7,0,0,0,0,0,0,0,0,0,0,0,0,0,0,0,0,1,2
252,Karl Malone,UTA,200005030SEA,"May 3, 2000",SEA,23,17,6,19,57.5,58.55,-1.05,15,14,0,0,1,1,0,0,2,6,0,0,0,0,1,2,0,0,0,0,0,0,0,0
452,Vin Baker,SEA,200005030SEA,"May 3, 2000",UTA,18,20,1,20,43.9,44.03,-0.13,19,16,0,0,0,0,0,0,1,2,0,0,0,0,0,0,0,0,0,0,0,0,0,0
270,Horace Grant,SEA,200005030SEA,"May 3, 2000",UTA,6,7,0,7,42.86,42.86,0.0,7,6,0,0,0,0,0,0,0,0,0,0,0,0,0,0,0,0,0,0,0,0,0,0
699,Brent Barry,SEA,200005030SEA,"May 3, 2000",UTA,16,12,5,17,44.44,56.34,-11.9,5,6,7,6,0,0,0,0,0,0,0,0,5,4,0,0,0,0,0,0,0,0,0,0
178,Olden Polynice,UTA,200005030SEA,"May 3, 2000",SEA,4,3,0,3,66.67,66.67,0.0,3,4,0,0,0,0,0,0,0,0,0,0,0,0,0,0,0,0,0,0,0,0,0,0
1740,Rashard Lewis,SEA,200005030SEA,"May 3, 2000",UTA,20,15,4,17,50.0,59.67,-9.67,9,12,6,6,2,2,0,0,0,0,0,0,0,0,0,0,0,0,0,0,0,0,0,0
304,John Stockton,UTA,200005030SEA,"May 3, 2000",SEA,13,9,4,11,56.52,60.41,-3.89,8,6,1,3,0,0,0,0,0,0,0,0,0,0,0,0,0,0,0,0,0,0,2,4
458,Howard Eisley,UTA,200005030SEA,"May 3, 2000",SEA,3,5,0,5,27.27,30.0,-2.73,4,0,1,3,0,0,0,0,0,0,0,0,0,0,0,0,0,0,0,0,0,0,0,0
288,Armen Gilliam,UTA,200005030SEA,"May 3, 2000",SEA,0,5,0,5,0.0,0.0,0.0,5,0,0,0,0,0,0,0,0,0,0,0,0,0,0,0,0,0,0,0,0,0,0,0
1739,Ruben Patterson,SEA,200005030SEA,"May 3, 2000",UTA,2,4,2,5,18.18,20.49,-2.31,3,0,1,0,1,2,0,0,0,0,0,0,0,0,0,0,0,0,0,0,0,0,0,0
731,Greg Ostertag,UTA,200005030SEA,"May 3, 2000",SEA,3,3,2,4,37.5,38.66,-1.16,3,2,0,0,1,1,0,0,0,0,0,0,0,0,0,0,0,0,0,0,0,0,0,0
323,Greg Foster,SEA,200005030SEA,"May 3, 2000",UTA,4,3,0,3,57.14,66.67,-9.53,2,4,1,0,0,0,0,0,0,0,0,0,0,0,0,0,0,0,0,0,0,0,0,0
1909,Scott Padgett,UTA,200005030SEA,"May 3, 2000",SEA,5,3,0,3,71.43,83.33,-11.9,2,2,1,3,0,0,0,0,0,0,0,0,0,0,0,0,0,0,0,0,0,0,0,0
1742,Shammond Williams,SEA,200005030SEA,"May 3, 2000",UTA,3,4,0,4,33.33,37.5,-4.17,3,0,1,3,0,0,0,0,0,0,0,0,0,0,0,0,0,0,0,0,0,0,0,0
22,Rik Smits,MIL,200005040IND,"May 4, 2000",IND,6,8,0,8,37.5,37.5,0.0,8,6,0,0,0,0,0,0,0,0,0,0,0,0,0,0,0,0,0,0,0,0,0,0
1032,Darvin Ham,MIL,200005040IND,"May 4, 2000",IND,5,2,2,3,83.33,86.81,-3.48,2,4,0,0,1,1,0,0,0,0,0,0,0,0,0,0,0,0,0,0,0,0,0,0
147,Jalen Rose,IND,200005040IND,"May 4, 2000",MIL,14,12,6,15,45.16,47.81,-2.65,11,10,1,0,0,0,0,0,0,0,0,0,0,0,0,0,0,0,0,0,0,0,3,4
951,Ray Allen,MIL,200005040IND,"May 4, 2000",IND,18,21,4,23,34.62,39.54,-4.92,15,8,6,6,1,2,0,0,0,0,0,0,0,0,0,0,0,0,0,0,0,0,1,2
905,Dale Davis,IND,200005040IND,"May 4, 2000",MIL,10,6,4,8,62.5,64.43,-1.93,6,8,0,0,2,2,0,0,0,0,0,0,0,0,0,0,0,0,0,0,0,0,0,0
208,Sam Cassell,MIL,200005040IND,"May 4, 2000",IND,22,17,4,19,55.0,58.64,-3.64,15,18,2,0,2,4,0,0,0,0,0,0,0,0,0,0,0,0,0,0,0,0,0,0
397,Reggie Miller,IND,200005040IND,"May 4, 2000",MIL,41,25,10,29,61.19,69.73,-8.54,16,20,7,9,3,5,0,0,2,6,0,0,0,0,0,0,0,0,0,0,0,0,1,1
911,Ervin Johnson,IND,200005040IND,"May 4, 2000",MIL,9,2,6,5,90.0,96.98,-6.98,2,4,0,0,1,2,0,0,0,0,0,0,0,0,0,0,0,0,0,0,0,0,2,3
349,Mark Jackson,MIL,200005040IND,"May 4, 2000",IND,3,3,0,3,42.86,50.0,-7.14,2,0,1,3,0,0,0,0,0,0,0,0,0,0,0,0,0,0,0,0,0,0,0,0
299,Glenn Robinson,MIL,200005040IND,"May 4, 2000",IND,11,16,4,18,29.73,30.97,-1.24,15,8,1,0,1,1,0,0,0,0,0,0,0,0,0,0,0,0,0,0,0,0,1,2
1501,Tim Thomas,MIL,200005040IND,"May 4, 2000",IND,18,16,2,17,52.94,53.32,-0.38,16,16,0,0,1,2,0,0,0,0,0,0,0,0,0,0,0,0,0,0,0,0,0,0
1506,Austin Croshere,IND,200005040IND,"May 4, 2000",MIL,3,5,2,6,25.0,25.51,-0.51,5,2,0,0,1,1,0,0,0,0,0,0,0,0,0,0,0,0,0,0,0,0,0,0
696,Travis Best,IND,200005040IND,"May 4, 2000",MIL,8,15,1,15,22.22,25.91,-3.69,9,2,5,3,0,0,0,0,1,3,0,0,0,0,0,0,0,0,0,0,0,0,0,0
365,Derrick McKey,IND,200005040IND,"May 4, 2000",MIL,8,5,2,6,66.67,68.03,-1.36,5,6,0,0,0,0,0,0,0,0,0,0,0,0,0,0,0,0,0,0,0,0,1,2
219,Vinny Del Negro,MIL,200005040IND,"May 4, 2000",IND,4,5,0,5,40.0,40.0,0.0,5,4,0,0,0,0,0,0,0,0,0,0,0,0,0,0,0,0,0,0,0,0,0,0
64,Sam Perkins,IND,200005040IND,"May 4, 2000",MIL,3,4,0,4,25.0,37.5,-12.5,0,0,4,3,0,0,0,0,0,0,0,0,0,0,0,0,0,0,0,0,0,0,0,0
281,Scott Williams,MIL,200005040IND,"May 4, 2000",IND,8,3,3,4,88.89,92.59,-3.7,2,4,0,0,1,1,0,0,1,3,0,0,0,0,0,0,0,0,0,0,0,0,0,0
406,Shaquille O'Neal,LAL,200005050LAL,"May 5, 2000",SAC,32,24,7,26,58.18,59.08,-0.9,21,24,0,0,2,2,0,0,3,6,0,0,0,0,0,0,0,0,0,0,0,0,0,0
124,Vlade Divac,SAC,200005050LAL,"May 5, 2000",LAL,4,6,0,6,30.77,33.33,-2.56,5,4,1,0,0,0,0,0,0,0,0,0,0,0,0,0,0,0,0,0,0,0,0,0
977,Kobe Bryant,LAL,200005050LAL,"May 5, 2000",SAC,17,16,2,17,43.59,50.36,-6.77,11,12,5,3,1,2,0,0,0,0,0,0,0,0,0,0,0,0,0,0,0,0,0,0
779,Glen Rice,LAL,200005050LAL,"May 5, 2000",SAC,14,10,6,15,51.85,55.38,-3.53,9,10,1,0,1,1,0,0,0,0,0,0,4,3,0,0,0,0,0,0,0,0,0,0
98,Nick Anderson,SAC,200005050LAL,"May 5, 2000",LAL,3,6,0,6,21.43,25.0,-3.57,4,0,2,3,0,0,0,0,0,0,0,0,0,0,0,0,0,0,0,0,0,0,0,0
185,Chris Webber,SAC,200005050LAL,"May 5, 2000",LAL,20,21,6,24,39.22,42.3,-3.08,18,12,3,3,3,5,0,0,0,0,0,0,0,0,0,0,0,0,0,0,0,0,0,0
1715,Jason Williams,SAC,200005050LAL,"May 5, 2000",LAL,8,6,2,7,44.44,58.14,-13.7,2,0,4,6,1,2,0,0,0,0,0,0,0,0,0,0,0,0,0,0,0,0,0,0
920,A.C. Green,LAL,200005050LAL,"May 5, 2000",SAC,10,8,6,11,45.45,46.99,-1.54,8,6,0,0,1,2,0,0,0,0,0,0,0,0,1,2,0,0,0,0,0,0,1,0
722,Corliss Williamson,SAC,200005050LAL,"May 5, 2000",LAL,8,4,4,6,66.67,69.44,-2.77,4,4,0,0,0,0,0,0,0,0,0,0,0,0,0,0,0,0,0,0,0,0,2,4
166,Ron Harper,LAL,200005050LAL,"May 5, 2000",SAC,4,4,2,5,36.36,40.98,-4.62,3,2,1,0,1,2,0,0,0,0,0,0,0,0,0,0,0,0,0,0,0,0,0,0
978,Peja Stojakovic,SAC,200005050LAL,"May 5, 2000",LAL,8,7,2,8,44.44,50.76,-6.32,5,4,2,3,1,1,0,0,0,0,0,0,0,0,0,0,0,0,0,0,0,0,0,0
109,Robert Horry,LAL,200005050LAL,"May 5, 2000",SAC,8,7,0,7,53.33,57.14,-3.81,6,8,1,0,0,0,0,0,0,0,0,0,0,0,0,0,0,0,0,0,0,0,0,0
965,Derek Fisher,LAL,200005050LAL,"May 5, 2000",SAC,8,6,0,6,61.54,66.67,-5.13,5,8,1,0,0,0,0,0,0,0,0,0,0,0,0,0,0,0,0,0,0,0,0,0
960,Tony Delk,SAC,200005050LAL,"May 5, 2000",LAL,8,9,4,11,34.78,37.17,-2.39,8,4,1,0,2,4,0,0,0,0,0,0,0,0,0,0,0,0,0,0,0,0,0,0
1513,Scot Pollard,SAC,200005050LAL,"May 5, 2000",LAL,8,5,4,7,57.14,59.17,-2.03,5,6,0,0,2,2,0,0,0,0,0,0,0,0,0,0,0,0,0,0,0,0,0,0
468,Jon Barry,SAC,200005050LAL,"May 5, 2000",LAL,9,3,8,7,56.25,69.02,-12.77,1,0,2,3,1,2,1,2,0,0,0,0,1,1,0,0,0,0,0,0,0,0,1,1
969,Travis Knight,LAL,200005050LAL,"May 5, 2000",SAC,2,1,0,1,100.0,100.0,0.0,1,2,0,0,0,0,0,0,0,0,0,0,0,0,0,0,0,0,0,0,0,0,0,0
296,Rick Fox,LAL,200005050LAL,"May 5, 2000",SAC,9,6,2,7,56.25,65.41,-9.16,4,4,2,3,1,2,0,0,0,0,0,0,0,0,0,0,0,0,0,0,0,0,0,0
239,Darrick Martin,SAC,200005050LAL,"May 5, 2000",LAL,7,7,2,8,36.84,44.42,-7.58,4,2,3,3,1,2,0,0,0,0,0,0,0,0,0,0,0,0,0,0,0,0,0,0
216,Brian Shaw,LAL,200005050LAL,"May 5, 2000",SAC,6,3,0,3,100.0,100.0,0.0,3,6,0,0,0,0,0,0,0,0,0,0,0,0,0,0,0,0,0,0,0,0,0,0
1444,Lawrence Funderburke,SAC,200005050LAL,"May 5, 2000",LAL,3,3,2,4,37.5,38.66,-1.16,3,2,0,0,1,1,0,0,0,0,0,0,0,0,0,0,0,0,0,0,0,0,0,0
927,John Salley,LAL,200005050LAL,"May 5, 2000",SAC,0,2,0,2,0.0,0.0,0.0,2,0,0,0,0,0,0,0,0,0,0,0,0,0,0,0,0,0,0,0,0,0,0,0
1904,Devean George,LAL,200005050LAL,"May 5, 2000",SAC,3,3,1,3,37.5,43.6,-6.1,1,0,1,0,0,0,0,0,1,3,0,0,0,0,0,0,0,0,0,0,0,0,0,0
452,Vin Baker,SEA,200005050UTA,"May 5, 2000",UTA,17,15,2,16,53.12,53.53,-0.41,15,16,0,0,1,1,0,0,0,0,0,0,0,0,0,0,0,0,0,0,0,0,0,0
935,Bryon Russell,UTA,200005050UTA,"May 5, 2000",SEA,16,14,2,15,44.44,53.76,-9.32,8,8,6,6,1,2,0,0,0,0,0,0,0,0,0,0,0,0,0,0,0,0,0,0
252,Karl Malone,UTA,200005050UTA,"May 5, 2000",SEA,27,24,3,25,52.94,53.32,-0.38,23,24,0,0,1,1,0,0,1,2,0,0,0,0,0,0,0,0,0,0,0,0,0,0
304,John Stockton,UTA,200005050UTA,"May 5, 2000",SEA,17,9,5,12,70.83,75.89,-5.06,8,10,1,3,0,0,0,0,0,0,0,0,1,1,0,0,0,0,0,0,0,0,2,3
56,Gary Payton,SEA,200005050UTA,"May 5, 2000",UTA,27,25,0,25,49.09,54.0,-4.91,20,18,5,9,0,0,0,0,0,0,0,0,0,0,0,0,0,0,0,0,0,0,0,0
178,Olden Polynice,UTA,200005050UTA,"May 5, 2000",SEA,13,8,3,9,68.42,69.74,-1.32,7,10,0,0,1,0,0,0,1,3,0,0,0,0,0,0,0,0,0,0,0,0,0,0
204,Jeff Hornacek,UTA,200005050UTA,"May 5, 2000",SEA,13,17,0,17,33.33,38.24,-4.91,12,10,5,3,0,0,0,0,0,0,0,0,0,0,0,0,0,0,0,0,0,0,0,0
270,Horace Grant,SEA,200005050UTA,"May 5, 2000",UTA,2,3,0,3,33.33,33.33,0.0,3,2,0,0,0,0,0,0,0,0,0,0,0,0,0,0,0,0,0,0,0,0,0,0
699,Brent Barry,SEA,200005050UTA,"May 5, 2000",UTA,4,8,3,10,17.39,21.46,-4.07,4,2,4,0,1,2,0,0,0,0,0,0,1,0,0,0,0,0,0,0,0,0,0,0
1740,Rashard Lewis,SEA,200005050UTA,"May 5, 2000",UTA,20,17,4,19,46.51,53.3,-6.79,12,8,5,9,2,3,0,0,0,0,0,0,0,0,0,0,0,0,0,0,0,0,0,0
323,Greg Foster,SEA,200005050UTA,"May 5, 2000",UTA,3,4,0,4,30.0,37.5,-7.5,2,0,2,3,0,0,0,0,0,0,0,0,0,0,0,0,0,0,0,0,0,0,0,0
458,Howard Eisley,UTA,200005050UTA,"May 5, 2000",SEA,5,6,0,6,33.33,41.67,-8.34,3,2,3,3,0,0,0,0,0,0,0,0,0,0,0,0,0,0,0,0,0,0,0,0
731,Greg Ostertag,UTA,200005050UTA,"May 5, 2000",SEA,1,0,2,1,50.0,56.82,-6.82,0,0,0,0,1,1,0,0,0,0,0,0,0,0,0,0,0,0,0,0,0,0,0,0
1739,Ruben Patterson,SEA,200005050UTA,"May 5, 2000",UTA,15,8,5,10,71.43,73.53,-2.1,7,8,0,0,2,4,0,0,1,3,0,0,0,0,0,0,0,0,0,0,0,0,0,0
288,Armen Gilliam,UTA,200005050UTA,"May 5, 2000",SEA,4,3,0,3,66.67,66.67,0.0,3,4,0,0,0,0,0,0,0,0,0,0,0,0,0,0,0,0,0,0,0,0,0,0
456,Chuck Person,SEA,200005050UTA,"May 5, 2000",UTA,0,1,0,1,0.0,0.0,0.0,0,0,1,0,0,0,0,0,0,0,0,0,0,0,0,0,0,0,0,0,0,0,0,0
1742,Shammond Williams,SEA,200005050UTA,"May 5, 2000",UTA,5,1,3,2,100.0,107.76,-7.76,0,0,0,0,1,2,0,0,1,3,0,0,0,0,0,0,0,0,0,0,0,0,0,0
397,Reggie Miller,IND,200005060IND,"May 6, 2000",PHI,40,18,12,24,68.97,85.91,-16.94,8,8,10,21,3,5,1,3,0,0,0,0,0,0,0,0,0,0,0,0,0,0,2,3
238,Tyrone Hill,PHI,200005060IND,"May 6, 2000",IND,20,13,4,15,66.67,67.75,-1.08,13,16,0,0,2,4,0,0,0,0,0,0,0,0,0,0,0,0,0,0,0,0,0,0
147,Jalen Rose,IND,200005060IND,"May 6, 2000",PHI,40,23,5,27,71.43,79.37,-7.94,18,26,5,9,0,0,0,0,0,0,0,0,3,3,0,0,0,0,0,0,0,0,1,2
248,George Lynch,PHI,200005060IND,"May 6, 2000",IND,4,7,0,7,28.57,28.57,0.0,7,4,0,0,0,0,0,0,0,0,0,0,0,0,0,0,0,0,0,0,0,0,0,0
22,Rik Smits,IND,200005060IND,"May 6, 2000",PHI,4,4,0,4,50.0,50.0,0.0,4,4,0,0,0,0,0,0,0,0,0,0,0,0,0,0,0,0,0,0,0,0,0,0
947,Allen Iverson,IND,200005060IND,"May 6, 2000",PHI,28,20,8,23,54.9,59.52,-4.62,16,16,3,3,0,0,1,2,1,3,0,0,0,0,0,0,0,0,0,0,0,0,2,4
689,Theo Ratliff,PHI,200005060IND,"May 6, 2000",IND,9,12,4,14,32.14,32.7,-0.56,12,8,0,0,2,1,0,0,0,0,0,0,0,0,0,0,0,0,0,0,0,0,0,0
905,Dale Davis,IND,200005060IND,"May 6, 2000",PHI,0,3,0,3,0.0,0.0,0.0,3,0,0,0,0,0,0,0,0,0,0,0,0,0,0,0,0,0,0,0,0,0,0,0
727,Eric Snow,PHI,200005060IND,"May 6, 2000",IND,6,8,0,8,37.5,37.5,0.0,8,6,0,0,0,0,0,0,0,0,0,0,0,0,0,0,0,0,0,0,0,0,0,0
349,Mark Jackson,IND,200005060IND,"May 6, 2000",PHI,0,7,0,7,0.0,0.0,0.0,5,0,2,0,0,0,0,0,0,0,0,0,0,0,0,0,0,0,0,0,0,0,0,0
1506,Austin Croshere,IND,200005060IND,"May 6, 2000",PHI,11,13,2,14,35.48,39.63,-4.15,10,6,3,3,1,2,0,0,0,0,0,0,0,0,0,0,0,0,0,0,0,0,0,0
389,Toni Kukoc,PHI,200005060IND,"May 6, 2000",IND,8,7,0,7,47.06,57.14,-10.08,4,2,3,6,0,0,0,0,0,0,0,0,0,0,0,0,0,0,0,0,0,0,0,0
243,Aaron McKie,PHI,200005060IND,"May 6, 2000",IND,10,9,2,10,45.45,50.61,-5.16,7,8,2,0,0,0,0,0,0,0,0,0,0,0,0,0,0,0,0,0,0,0,1,2
696,Travis Best,IND,200005060IND,"May 6, 2000",PHI,2,4,0,4,25.0,25.0,0.0,4,2,0,0,0,0,0,0,0,0,0,0,0,0,0,0,0,0,0,0,0,0,0,0
365,Derrick McKey,IND,200005060IND,"May 6, 2000",PHI,7,3,2,4,87.5,90.21,-2.71,3,6,0,0,1,1,0,0,0,0,0,0,0,0,0,0,0,0,0,0,0,0,0,0
761,Matt Geiger,PHI,200005060IND,"May 6, 2000",IND,6,5,2,6,50.0,51.02,-1.02,5,4,0,0,1,2,0,0,0,0,0,0,0,0,0,0,0,0,0,0,0,0,0,0
64,Sam Perkins,IND,200005060IND,"May 6, 2000",PHI,2,3,0,3,28.57,33.33,-4.76,2,2,1,0,0,0,0,0,0,0,0,0,0,0,0,0,0,0,0,0,0,0,0,0
1085,Ira Bowman,PHI,200005060IND,"May 6, 2000",IND,0,0,2,1,0.0,0.0,0.0,0,0,0,0,0,0,0,0,0,0,0,0,0,0,0,0,0,0,0,0,0,0,1,0
1563,Kevin Ollie,PHI,200005060IND,"May 6, 2000",IND,0,1,0,1,0.0,0.0,0.0,1,0,0,0,0,0,0,0,0,0,0,0,0,0,0,0,0,0,0,0,0,0,0,0
1886,Jonathan Bender,IND,200005060IND,"May 6, 2000",PHI,2,1,0,1,100.0,100.0,0.0,1,2,0,0,0,0,0,0,0,0,0,0,0,0,0,0,0,0,0,0,0,0,0,0
739,Rasheed Wallace,POR,200005070POR,"May 7, 2000",UTA,12,14,4,16,37.5,38.07,-0.57,14,10,0,0,1,1,0,0,0,0,0,0,0,0,0,0,0,0,0,0,0,0,1,1
178,Olden Polynice,UTA,200005070POR,"May 7, 2000",POR,8,7,0,7,57.14,57.14,0.0,7,8,0,0,0,0,0,0,0,0,0,0,0,0,0,0,0,0,0,0,0,0,0,0
304,John Stockton,UTA,200005070POR,"May 7, 2000",POR,10,7,6,10,47.62,51.87,-4.25,6,6,1,0,1,2,1,1,0,0,0,0,1,1,0,0,0,0,0,0,0,0,0,0
935,Bryon Russell,POR,200005070POR,"May 7, 2000",UTA,2,5,0,5,14.29,20.0,-5.71,1,2,4,0,0,0,0,0,0,0,0,0,0,0,0,0,0,0,0,0,0,0,0,0
717,Arvydas Sabonis,POR,200005070POR,"May 7, 2000",UTA,13,9,10,14,44.83,48.51,-3.68,8,4,1,0,3,5,0,0,0,0,0,0,0,0,0,0,0,0,0,0,0,0,2,4
937,Scottie Pippen,UTA,200005070POR,"May 7, 2000",POR,20,14,4,16,58.82,63.45,-4.63,12,14,2,3,1,1,0,0,0,0,0,0,0,0,0,0,0,0,0,0,0,0,1,2
204,Jeff Hornacek,UTA,200005070POR,"May 7, 2000",POR,7,8,0,8,38.89,43.75,-4.86,6,4,2,3,0,0,0,0,0,0,0,0,0,0,0,0,0,0,0,0,0,0,0,0
252,Karl Malone,UTA,200005070POR,"May 7, 2000",POR,22,17,8,20,52.38,53.61,-1.23,15,10,0,0,3,6,0,0,2,6,0,0,0,0,0,0,0,0,0,0,0,0,0,0
757,Damon Stoudamire,POR,200005070POR,"May 7, 2000",UTA,14,9,6,12,53.85,60.14,-6.29,7,6,2,3,1,2,0,0,0,0,0,0,0,0,0,0,0,0,0,0,0,0,2,3
458,Howard Eisley,UTA,200005070POR,"May 7, 2000",POR,5,8,1,9,26.32,29.62,-3.3,6,4,2,0,0,0,0,0,0,0,0,0,1,1,0,0,0,0,0,0,0,0,0,0
258,Brian Grant,POR,200005070POR,"May 7, 2000",UTA,7,10,4,12,29.17,29.76,-0.59,10,4,0,0,1,2,0,0,0,0,0,0,0,0,0,0,0,0,0,0,0,0,1,1
1900,Quincy Lewis,UTA,200005070POR,"May 7, 2000",POR,5,9,0,9,26.32,27.78,-1.46,8,2,1,3,0,0,0,0,0,0,0,0,0,0,0,0,0,0,0,0,0,0,0,0
731,Greg Ostertag,UTA,200005070POR,"May 7, 2000",POR,1,1,4,3,16.67,18.12,-1.45,1,0,0,0,1,0,0,0,0,0,0,0,0,0,0,0,0,0,0,0,0,0,1,1
288,Armen Gilliam,UTA,200005070POR,"May 7, 2000",POR,4,5,2,6,33.33,34.01,-0.68,5,4,0,0,1,0,0,0,0,0,0,0,0,0,0,0,0,0,0,0,0,0,0,0
120,Steven Smith,POR,200005070POR,"May 7, 2000",UTA,12,5,6,9,70.59,78.53,-7.94,4,6,1,0,0,0,0,0,0,0,0,0,2,2,0,0,0,0,0,0,0,0,2,4
21,Greg Anthony,POR,200005070POR,"May 7, 2000",UTA,12,7,5,10,50.0,65.22,-15.22,2,2,5,6,0,0,0,0,0,0,0,0,1,0,0,0,0,0,0,0,0,0,2,4
96,Detlef Schrempf,POR,200005070POR,"May 7, 2000",UTA,4,4,2,5,40.0,40.98,-0.98,4,2,0,0,1,2,0,0,0,0,0,0,0,0,0,0,0,0,0,0,0,0,0,0
1521,Jacque Vaughn,UTA,200005070POR,"May 7, 2000",POR,11,6,2,7,73.33,79.94,-6.61,5,6,1,3,1,2,0,0,0,0,0,0,0,0,0,0,0,0,0,0,0,0,0,0
1719,Bonzi Wells,POR,200005070POR,"May 7, 2000",UTA,0,1,0,1,0.0,0.0,0.0,1,0,0,0,0,0,0,0,0,0,0,0,0,0,0,0,0,0,0,0,0,0,0,0
1909,Scott Padgett,UTA,200005070POR,"May 7, 2000",POR,0,3,0,3,0.0,0.0,0.0,1,0,2,0,0,0,0,0,0,0,0,0,0,0,0,0,0,0,0,0,0,0,0,0
275,Allan Houston,NYK,200005070MIA,"May 7, 2000",MIA,21,18,4,21,48.84,53.14,-4.3,15,14,3,3,0,0,0,0,0,0,0,0,2,2,0,0,0,0,0,0,0,0,1,2
469,Jamal Mashburn,MIA,200005070MIA,"May 7, 2000",NYK,21,15,9,19,51.22,55.38,-4.16,13,12,2,0,2,4,1,3,0,0,0,0,0,0,0,0,0,0,0,0,0,0,1,2
84,Latrell Sprewell,NYK,200005070MIA,"May 7, 2000",MIA,11,12,4,14,39.29,39.97,-0.68,12,8,0,0,1,1,0,0,0,0,0,0,0,0,0,0,0,0,0,0,0,0,1,2
369,Charlie Ward,NYK,200005070MIA,"May 7, 2000",MIA,9,8,0,8,47.37,56.25,-8.88,5,6,3,3,0,0,0,0,0,0,0,0,0,0,0,0,0,0,0,0,0,0,0,0
136,P.J. Brown,MIA,200005070MIA,"May 7, 2000",NYK,8,7,0,7,57.14,57.14,0.0,7,8,0,0,0,0,0,0,0,0,0,0,0,0,0,0,0,0,0,0,0,0,0,0
105,Dan Majerle,MIA,200005070MIA,"May 7, 2000",NYK,8,7,1,7,40.0,53.76,-13.76,1,2,5,3,0,0,0,0,1,3,0,0,0,0,0,0,0,0,0,0,0,0,0,0
913,Larry Johnson,NYK,200005070MIA,"May 7, 2000",MIA,8,9,0,9,42.11,44.44,-2.33,8,8,1,0,0,0,0,0,0,0,0,0,0,0,0,0,0,0,0,0,0,0,0,0
297,Alonzo Mourning,MIA,200005070MIA,"May 7, 2000",NYK,26,20,9,24,53.06,54.26,-1.2,19,18,0,0,3,4,0,0,1,2,0,0,0,0,0,0,0,0,0,0,0,0,1,2
121,Patrick Ewing,NYK,200005070MIA,"May 7, 2000",MIA,17,16,7,19,43.59,44.55,-0.96,15,10,0,0,2,2,0,0,1,3,0,0,0,0,0,0,0,0,0,0,0,0,1,2
896,Tim Hardaway,MIA,200005070MIA,"May 7, 2000",NYK,6,8,2,9,25.0,33.78,-8.78,2,2,6,3,0,0,0,0,0,0,0,0,0,0,0,0,0,0,0,0,0,0,1,1
948,Marcus Camby,NYK,200005070MIA,"May 7, 2000",MIA,11,5,5,7,73.33,76.39,-3.06,4,6,0,0,2,3,0,0,1,2,0,0,0,0,0,0,0,0,0,0,0,0,0,0
164,Chris Childs,NYK,200005070MIA,"May 7, 2000",MIA,4,6,0,6,26.67,33.33,-6.66,3,4,3,0,0,0,0,0,0,0,0,0,0,0,0,0,0,0,0,0,0,0,0,0
1853,Anthony Carter,MIA,200005070MIA,"May 7, 2000",NYK,4,3,0,3,66.67,66.67,0.0,3,4,0,0,0,0,0,0,0,0,0,0,0,0,0,0,0,0,0,0,0,0,0,0
1477,Bruce Bowen,MIA,200005070MIA,"May 7, 2000",NYK,5,4,0,4,45.45,62.5,-17.05,1,2,3,3,0,0,0,0,0,0,0,0,0,0,0,0,0,0,0,0,0,0,0,0
221,Clar. Weatherspoon,MIA,200005070MIA,"May 7, 2000",NYK,4,5,0,5,40.0,40.0,0.0,5,4,0,0,0,0,0,0,0,0,0,0,0,0,0,0,0,0,0,0,0,0,0,0
703,Kurt Thomas,MIA,200005070MIA,"May 7, 2000",NYK,2,4,0,4,25.0,25.0,0.0,4,2,0,0,0,0,0,0,0,0,0,0,0,0,0,0,0,0,0,0,0,0,0,0
901,Otis Thorpe,MIA,200005070MIA,"May 7, 2000",NYK,5,2,2,3,83.33,86.81,-3.48,2,4,0,0,0,0,0,0,0,0,0,0,0,0,0,0,0,0,0,0,0,0,1,1
406,Shaquille O'Neal,LAL,200005070LAL,"May 7, 2000",PHX,37,28,10,32,56.06,57.1,-1.04,26,26,0,0,4,5,0,0,2,6,0,0,0,0,0,0,0,0,0,0,0,0,0,0
467,Jason Kidd,PHX,200005070LAL,"May 7, 2000",LAL,3,6,2,7,17.65,21.8,-4.15,3,2,3,0,1,1,0,0,0,0,0,0,0,0,0,0,0,0,0,0,0,0,0,0
26,Luc Longley,PHX,200005070LAL,"May 7, 2000",LAL,4,6,1,6,30.77,31.06,-0.29,5,2,0,0,0,0,0,0,1,2,0,0,0,0,0,0,0,0,0,0,0,0,0,0
358,Anfernee Hardaway,PHX,200005070LAL,"May 7, 2000",LAL,25,18,7,21,53.19,59.3,-6.11,13,12,4,6,1,2,0,0,1,2,0,0,0,0,0,0,0,0,0,0,0,0,2,3
166,Ron Harper,LAL,200005070LAL,"May 7, 2000",PHX,4,7,2,8,25.0,25.38,-0.38,7,2,0,0,1,2,0,0,0,0,0,0,0,0,0,0,0,0,0,0,0,0,0,0
920,A.C. Green,LAL,200005070LAL,"May 7, 2000",PHX,8,8,2,9,44.44,45.05,-0.61,8,6,0,0,0,0,0,0,0,0,0,0,0,0,0,0,0,0,0,0,0,0,1,2
977,Kobe Bryant,LAL,200005070LAL,"May 7, 2000",PHX,25,17,10,21,54.35,58.41,-4.06,13,10,2,3,4,6,0,0,2,6,0,0,0,0,0,0,0,0,0,0,0,0,0,0
1890,Shawn Marion,PHX,200005070LAL,"May 7, 2000",LAL,12,10,2,11,54.55,55.15,-0.6,10,10,0,0,1,2,0,0,0,0,0,0,0,0,0,0,0,0,0,0,0,0,0,0
779,Glen Rice,LAL,200005070LAL,"May 7, 2000",PHX,7,9,2,10,31.82,35.43,-3.61,7,2,2,3,1,2,0,0,0,0,0,0,0,0,0,0,0,0,0,0,0,0,0,0
361,Clifford Robinson,PHX,200005070LAL,"May 7, 2000",LAL,13,11,4,13,44.83,50.94,-6.11,8,6,3,3,2,4,0,0,0,0,0,0,0,0,0,0,0,0,0,0,0,0,0,0
916,Corie Blount,PHX,200005070LAL,"May 7, 2000",LAL,4,3,0,3,66.67,66.67,0.0,3,4,0,0,0,0,0,0,0,0,0,0,0,0,0,0,0,0,0,0,0,0,0,0
915,Rodney Rogers,PHX,200005070LAL,"May 7, 2000",LAL,7,13,3,14,20.59,24.44,-3.85,7,4,5,0,1,1,0,0,1,2,0,0,0,0,0,0,0,0,0,0,0,0,0,0
109,Robert Horry,LAL,200005070LAL,"May 7, 2000",PHX,2,3,0,3,33.33,33.33,0.0,3,2,0,0,0,0,0,0,0,0,0,0,0,0,0,0,0,0,0,0,0,0,0,0
134,Kevin Johnson,PHX,200005070LAL,"May 7, 2000",LAL,4,3,2,4,50.0,51.55,-1.55,3,2,0,0,1,2,0,0,0,0,0,0,0,0,0,0,0,0,0,0,0,0,0,0
969,Travis Knight,LAL,200005070LAL,"May 7, 2000",PHX,2,3,0,3,33.33,33.33,0.0,3,2,0,0,0,0,0,0,0,0,0,0,0,0,0,0,0,0,0,0,0,0,0,0
965,Derek Fisher,LAL,200005070LAL,"May 7, 2000",PHX,4,5,0,5,33.33,40.0,-6.67,3,4,2,0,0,0,0,0,0,0,0,0,0,0,0,0,0,0,0,0,0,0,0,0
296,Rick Fox,LAL,200005070LAL,"May 7, 2000",PHX,2,3,0,3,28.57,33.33,-4.76,2,2,1,0,0,0,0,0,0,0,0,0,0,0,0,0,0,0,0,0,0,0,0,0
216,Brian Shaw,LAL,200005070LAL,"May 7, 2000",PHX,5,3,0,3,62.5,83.33,-20.83,1,2,2,3,0,0,0,0,0,0,0,0,0,0,0,0,0,0,0,0,0,0,0,0
103,Todd Day,PHX,200005070LAL,"May 7, 2000",LAL,0,1,0,1,0.0,0.0,0.0,0,0,1,0,0,0,0,0,0,0,0,0,0,0,0,0,0,0,0,0,0,0,0,0
932,Oliver Miller,PHX,200005070LAL,"May 7, 2000",LAL,1,1,2,2,25.0,26.6,-1.6,1,0,0,0,1,1,0,0,0,0,0,0,0,0,0,0,0,0,0,0,0,0,0,0
1904,Devean George,LAL,200005070LAL,"May 7, 2000",PHX,7,5,0,5,58.33,70.0,-11.67,3,4,2,3,0,0,0,0,0,0,0,0,0,0,0,0,0,0,0,0,0,0,0,0
988,Randy Livingston,PHX,200005070LAL,"May 7, 2000",LAL,0,4,0,4,0.0,0.0,0.0,2,0,2,0,0,0,0,0,0,0,0,0,0,0,0,0,0,0,0,0,0,0,0,0
1753,Toby Bailey,PHX,200005070LAL,"May 7, 2000",LAL,4,1,4,3,66.67,72.46,-5.79,1,2,0,0,1,1,0,0,0,0,0,0,0,0,0,0,0,0,0,0,0,0,1,1
927,John Salley,LAL,200005070LAL,"May 7, 2000",PHX,2,1,0,1,100.0,100.0,0.0,1,2,0,0,0,0,0,0,0,0,0,0,0,0,0,0,0,0,0,0,0,0,0,0
947,Allen Iverson,PHI,200005080IND,"May 8, 2000",IND,28,25,14,32,41.18,44.93,-3.75,21,18,4,0,4,5,0,0,0,0,0,0,0,0,0,0,0,0,0,0,0,0,3,5
689,Theo Ratliff,PHI,200005080IND,"May 8, 2000",IND,15,10,6,13,57.69,59.34,-1.65,10,10,0,0,3,5,0,0,0,0,0,0,0,0,0,0,0,0,0,0,0,0,0,0
22,Rik Smits,IND,200005080IND,"May 8, 2000",PHI,14,9,0,9,73.68,77.78,-4.1,8,14,1,0,0,0,0,0,0,0,0,0,0,0,0,0,0,0,0,0,0,0,0,0
248,George Lynch,IND,200005080IND,"May 8, 2000",PHI,2,6,0,6,15.38,16.67,-1.29,5,2,1,0,0,0,0,0,0,0,0,0,0,0,0,0,0,0,0,0,0,0,0,0
905,Dale Davis,IND,200005080IND,"May 8, 2000",PHI,2,3,0,3,33.33,33.33,0.0,3,2,0,0,0,0,0,0,0,0,0,0,0,0,0,0,0,0,0,0,0,0,0,0
147,Jalen Rose,IND,200005080IND,"May 8, 2000",PHI,30,19,13,25,54.55,60.68,-6.13,14,14,4,3,1,2,0,0,1,3,0,0,0,0,0,0,0,0,0,0,0,0,5,8
238,Tyrone Hill,PHI,200005080IND,"May 8, 2000",IND,15,9,8,13,57.69,59.9,-2.21,9,10,0,0,3,5,0,0,0,0,0,0,0,0,0,0,0,0,0,0,0,0,1,0
349,Mark Jackson,IND,200005080IND,"May 8, 2000",PHI,7,10,0,10,29.17,35.0,-5.83,6,4,4,3,0,0,0,0,0,0,0,0,0,0,0,0,0,0,0,0,0,0,0,0
761,Matt Geiger,PHI,200005080IND,"May 8, 2000",IND,14,8,5,10,66.67,68.63,-1.96,7,8,0,0,2,3,0,0,1,3,0,0,0,0,0,0,0,0,0,0,0,0,0,0
397,Reggie Miller,IND,200005080IND,"May 8, 2000",PHI,19,16,4,18,46.34,53.49,-7.15,11,12,5,3,0,0,0,0,0,0,0,0,0,0,0,0,0,0,0,0,0,0,2,4
1506,Austin Croshere,IND,200005080IND,"May 8, 2000",PHI,20,9,6,12,71.43,85.91,-14.48,5,4,4,12,1,1,0,0,0,0,0,0,0,0,0,0,0,0,0,0,0,0,2,3
389,Toni Kukoc,PHI,200005080IND,"May 8, 2000",IND,8,7,2,8,38.1,50.76,-12.66,2,2,5,6,1,0,0,0,0,0,0,0,0,0,0,0,0,0,0,0,0,0,0,0
365,Derrick McKey,IND,200005080IND,"May 8, 2000",PHI,4,2,2,3,66.67,69.44,-2.77,2,2,0,0,1,2,0,0,0,0,0,0,0,0,0,0,0,0,0,0,0,0,0,0
727,Eric Snow,PHI,200005080IND,"May 8, 2000",IND,2,3,0,3,28.57,33.33,-4.76,2,2,1,0,0,0,0,0,0,0,0,0,0,0,0,0,0,0,0,0,0,0,0,0
243,Aaron McKie,PHI,200005080IND,"May 8, 2000",IND,13,10,2,11,54.17,59.74,-5.57,8,8,2,3,1,2,0,0,0,0,0,0,0,0,0,0,0,0,0,0,0,0,0,0
696,Travis Best,IND,200005080IND,"May 8, 2000",PHI,4,5,0,5,40.0,40.0,0.0,5,4,0,0,0,0,0,0,0,0,0,0,0,0,0,0,0,0,0,0,0,0,0,0
64,Sam Perkins,IND,200005080IND,"May 8, 2000",PHI,3,3,0,3,33.33,50.0,-16.67,0,0,3,3,0,0,0,0,0,0,0,0,0,0,0,0,0,0,0,0,0,0,0,0
297,Alonzo Mourning,MIA,200005090MIA,"May 9, 2000",NYK,17,18,13,24,34.69,35.83,-1.14,17,8,0,0,3,4,0,0,1,3,0,0,0,0,0,0,0,0,0,0,0,0,3,2
84,Latrell Sprewell,NYK,200005090MIA,"May 9, 2000",MIA,11,13,9,17,30.56,32.43,-1.87,11,2,1,0,2,2,0,0,1,3,0,0,0,0,0,0,0,0,0,0,0,0,2,4
105,Dan Majerle,MIA,200005090MIA,"May 9, 2000",NYK,3,8,0,8,13.04,18.75,-5.71,1,0,7,3,0,0,0,0,0,0,0,0,0,0,0,0,0,0,0,0,0,0,0,0
369,Charlie Ward,NYK,200005090MIA,"May 9, 2000",MIA,13,10,1,10,48.15,62.26,-14.11,3,4,6,6,0,0,0,0,1,3,0,0,0,0,0,0,0,0,0,0,0,0,0,0
896,Tim Hardaway,MIA,200005090MIA,"May 9, 2000",NYK,13,9,2,10,50.0,65.79,-15.79,3,2,6,9,0,0,0,0,0,0,0,0,0,0,0,0,0,0,0,0,0,0,1,2
136,P.J. Brown,MIA,200005090MIA,"May 9, 2000",NYK,4,4,0,4,50.0,50.0,0.0,4,4,0,0,0,0,0,0,0,0,0,0,0,0,0,0,0,0,0,0,0,0,0,0
913,Larry Johnson,MIA,200005090MIA,"May 9, 2000",NYK,12,7,6,10,57.14,62.24,-5.1,6,8,1,0,1,1,0,0,0,0,0,0,0,0,0,0,0,0,0,0,0,0,2,3
469,Jamal Mashburn,MIA,200005090MIA,"May 9, 2000",NYK,25,22,6,25,45.45,50.73,-5.28,17,12,5,9,0,0,0,0,0,0,0,0,0,0,0,0,0,0,0,0,0,0,3,4
275,Allan Houston,NYK,200005090MIA,"May 9, 2000",MIA,12,14,6,17,34.29,36.06,-1.77,13,6,1,0,1,2,0,0,0,0,0,0,0,0,0,0,0,0,0,0,0,0,2,4
121,Patrick Ewing,NYK,200005090MIA,"May 9, 2000",MIA,13,12,8,16,40.62,41.88,-1.26,12,8,0,0,2,2,0,0,0,0,0,0,0,0,0,0,0,0,0,0,0,0,2,3
703,Kurt Thomas,NYK,200005090MIA,"May 9, 2000",MIA,6,3,4,5,60.0,63.03,-3.03,3,4,0,0,1,1,0,0,0,0,0,0,0,0,1,1,0,0,0,0,0,0,0,0
221,Clar. Weatherspoon,MIA,200005090MIA,"May 9, 2000",NYK,5,2,6,5,50.0,53.88,-3.88,2,2,0,0,2,2,0,0,0,0,0,0,0,0,0,0,0,0,0,0,0,0,1,1
948,Marcus Camby,NYK,200005090MIA,"May 9, 2000",MIA,10,8,6,11,45.45,46.99,-1.54,8,6,0,0,2,3,0,0,0,0,0,0,0,0,0,0,0,0,0,0,0,0,1,1
901,Otis Thorpe,MIA,200005090MIA,"May 9, 2000",NYK,3,2,2,3,50.0,52.08,-2.08,2,2,0,0,1,1,0,0,0,0,0,0,0,0,0,0,0,0,0,0,0,0,0,0
1853,Anthony Carter,MIA,200005090MIA,"May 9, 2000",NYK,6,5,4,7,42.86,44.38,-1.52,5,4,0,0,1,0,0,0,0,0,0,0,0,0,0,0,0,0,0,0,0,0,1,2
164,Chris Childs,NYK,200005090MIA,"May 9, 2000",MIA,5,1,2,2,100.0,132.98,-32.98,0,0,1,3,1,2,0,0,0,0,0,0,0,0,0,0,0,0,0,0,0,0,0,0
1477,Bruce Bowen,MIA,200005090MIA,"May 9, 2000",NYK,0,4,0,4,0.0,0.0,0.0,0,0,4,0,0,0,0,0,0,0,0,0,0,0,0,0,0,0,0,0,0,0,0,0
757,Damon Stoudamire,UTA,200005090POR,"May 9, 2000",POR,9,8,2,9,45.0,50.68,-5.68,6,8,2,0,0,0,0,0,0,0,0,0,0,0,0,0,0,0,0,0,0,0,1,1
252,Karl Malone,UTA,200005090POR,"May 9, 2000",POR,15,14,2,15,50.0,50.4,-0.4,14,14,0,0,1,1,0,0,0,0,0,0,0,0,0,0,0,0,0,0,0,0,0,0
204,Jeff Hornacek,UTA,200005090POR,"May 9, 2000",POR,2,3,2,4,25.0,25.77,-0.77,3,0,0,0,1,2,0,0,0,0,0,0,0,0,0,0,0,0,0,0,0,0,0,0
178,Olden Polynice,UTA,200005090POR,"May 9, 2000",POR,2,5,0,5,20.0,20.0,0.0,5,2,0,0,0,0,0,0,0,0,0,0,0,0,0,0,0,0,0,0,0,0,0,0
717,Arvydas Sabonis,POR,200005090POR,"May 9, 2000",UTA,10,8,2,9,52.63,56.31,-3.68,7,6,1,3,1,1,0,0,0,0,0,0,0,0,0,0,0,0,0,0,0,0,0,0
304,John Stockton,UTA,200005090POR,"May 9, 2000",POR,9,8,2,9,47.37,50.68,-3.31,7,8,1,0,0,0,0,0,0,0,0,0,0,0,0,0,0,0,0,0,0,0,1,1
935,Bryon Russell,UTA,200005090POR,"May 9, 2000",POR,12,8,2,9,63.16,67.57,-4.41,7,10,1,0,1,2,0,0,0,0,0,0,0,0,0,0,0,0,0,0,0,0,0,0
120,Steven Smith,POR,200005090POR,"May 9, 2000",UTA,19,8,6,10,79.17,89.29,-10.12,4,6,2,3,0,0,0,0,2,6,0,0,0,0,0,0,0,0,0,0,0,0,2,4
739,Rasheed Wallace,POR,200005090POR,"May 9, 2000",UTA,14,11,2,12,58.33,58.92,-0.59,11,12,0,0,1,2,0,0,0,0,0,0,0,0,0,0,0,0,0,0,0,0,0,0
458,Howard Eisley,UTA,200005090POR,"May 9, 2000",POR,9,5,4,8,56.25,66.57,-10.32,3,2,2,3,1,2,0,0,0,0,0,0,2,2,0,0,0,0,0,0,0,0,0,0
937,Scottie Pippen,POR,200005090POR,"May 9, 2000",UTA,5,4,0,4,45.45,62.5,-17.05,1,2,3,3,0,0,0,0,0,0,0,0,0,0,0,0,0,0,0,0,0,0,0,0
1719,Bonzi Wells,POR,200005090POR,"May 9, 2000",UTA,17,9,5,10,70.83,75.89,-5.06,5,8,1,0,1,0,0,0,3,9,0,0,0,0,0,0,0,0,0,0,0,0,0,0
288,Armen Gilliam,UTA,200005090POR,"May 9, 2000",POR,5,4,2,5,50.0,51.23,-1.23,4,4,0,0,1,1,0,0,0,0,0,0,0,0,0,0,0,0,0,0,0,0,0,0
21,Greg Anthony,UTA,200005090POR,"May 9, 2000",POR,13,4,3,5,100.0,122.18,-22.18,1,2,2,6,0,0,0,0,1,3,0,0,0,0,0,0,0,0,0,0,0,0,1,2
1521,Jacque Vaughn,UTA,200005090POR,"May 9, 2000",POR,10,10,2,11,43.48,45.96,-2.48,9,8,1,0,1,2,0,0,0,0,0,0,0,0,0,0,0,0,0,0,0,0,0,0
96,Detlef Schrempf,POR,200005090POR,"May 9, 2000",UTA,13,5,11,11,59.09,66.06,-6.97,4,2,1,3,1,1,0,0,0,0,0,0,1,1,0,0,0,0,0,0,0,0,4,6
1909,Scott Padgett,UTA,200005090POR,"May 9, 2000",POR,8,6,0,6,50.0,66.67,-16.67,2,2,4,6,0,0,0,0,0,0,0,0,0,0,0,0,0,0,0,0,0,0,0,0
731,Greg Ostertag,UTA,200005090POR,"May 9, 2000",POR,7,5,2,6,58.33,59.52,-1.19,5,6,0,0,0,0,0,0,0,0,0,0,0,0,0,0,0,0,0,0,0,0,1,1
1900,Quincy Lewis,UTA,200005090POR,"May 9, 2000",POR,6,5,3,6,40.0,47.47,-7.47,2,2,2,0,0,0,0,0,1,3,0,0,0,0,0,0,0,0,0,0,0,0,1,1
979,Jermaine O'Neal,POR,200005090POR,"May 9, 2000",UTA,2,4,2,5,20.0,20.49,-0.49,4,2,0,0,1,0,0,0,0,0,0,0,0,0,0,0,0,0,0,0,0,0,0,0
278,Stacey Augmon,POR,200005090POR,"May 9, 2000",UTA,1,1,2,2,25.0,26.6,-1.6,1,0,0,0,0,0,0,0,0,0,0,0,0,0,0,0,0,0,0,0,0,0,1,1
202,Gary Grant,POR,200005090POR,"May 9, 2000",UTA,0,2,0,2,0.0,0.0,0.0,2,0,0,0,0,0,0,0,0,0,0,0,0,0,0,0,0,0,0,0,0,0,0,0
779,Glen Rice,LAL,200005100LAL,"May 10, 2000",PHX,13,12,2,13,43.33,50.47,-7.14,8,8,4,3,1,2,0,0,0,0,0,0,0,0,0,0,0,0,0,0,0,0,0,0
26,Luc Longley,PHX,200005100LAL,"May 10, 2000",LAL,4,11,0,11,18.18,18.18,0.0,11,4,0,0,0,0,0,0,0,0,0,0,0,0,0,0,0,0,0,0,0,0,0,0
977,Kobe Bryant,LAL,200005100LAL,"May 10, 2000",PHX,15,11,4,13,55.56,58.78,-3.22,10,12,1,0,2,3,0,0,0,0,0,0,0,0,0,0,0,0,0,0,0,0,0,0
166,Ron Harper,LAL,200005100LAL,"May 10, 2000",PHX,5,4,2,5,50.0,51.23,-1.23,4,4,0,0,1,1,0,0,0,0,0,0,0,0,0,0,0,0,0,0,0,0,0,0
467,Jason Kidd,PHX,200005100LAL,"May 10, 2000",LAL,13,9,1,10,59.09,68.86,-9.77,6,6,3,6,0,0,0,0,0,0,0,0,1,1,0,0,0,0,0,0,0,0,0,0
1890,Shawn Marion,PHX,200005100LAL,"May 10, 2000",LAL,9,6,2,7,64.29,65.41,-1.12,6,8,0,0,1,1,0,0,0,0,0,0,0,0,0,0,0,0,0,0,0,0,0,0
920,A.C. Green,LAL,200005100LAL,"May 10, 2000",PHX,2,3,0,3,33.33,33.33,0.0,3,2,0,0,0,0,0,0,0,0,0,0,0,0,0,0,0,0,0,0,0,0,0,0
406,Shaquille O'Neal,LAL,200005100LAL,"May 10, 2000",PHX,38,28,14,33,54.29,55.62,-1.33,24,24,0,0,3,1,0,0,4,12,0,0,0,0,0,0,0,0,0,0,0,0,2,1
358,Anfernee Hardaway,PHX,200005100LAL,"May 10, 2000",LAL,27,17,11,22,58.7,61.81,-3.11,15,16,1,0,5,9,0,0,1,2,0,0,0,0,0,0,0,0,0,0,0,0,0,0
361,Clifford Robinson,PHX,200005100LAL,"May 10, 2000",LAL,30,25,4,27,48.39,56.05,-7.66,17,18,8,9,1,1,0,0,0,0,0,0,0,0,0,0,0,0,0,0,0,0,1,2
216,Brian Shaw,LAL,200005100LAL,"May 10, 2000",PHX,12,8,0,8,70.59,75.0,-4.41,7,12,1,0,0,0,0,0,0,0,0,0,0,0,0,0,0,0,0,0,0,0,0,0
134,Kevin Johnson,PHX,200005100LAL,"May 10, 2000",LAL,0,1,0,1,0.0,0.0,0.0,0,0,1,0,0,0,0,0,0,0,0,0,0,0,0,0,0,0,0,0,0,0,0,0
915,Rodney Rogers,PHX,200005100LAL,"May 10, 2000",LAL,8,11,2,12,29.63,33.67,-4.04,8,6,3,0,1,2,0,0,0,0,0,0,0,0,0,0,0,0,0,0,0,0,0,0
109,Robert Horry,LAL,200005100LAL,"May 10, 2000",PHX,12,6,4,8,63.16,77.32,-14.16,3,2,3,6,1,2,0,0,0,0,0,0,0,0,0,0,0,0,0,0,0,0,1,2
103,Todd Day,PHX,200005100LAL,"May 10, 2000",LAL,2,2,0,2,50.0,50.0,0.0,2,2,0,0,0,0,0,0,0,0,0,0,0,0,0,0,0,0,0,0,0,0,0,0
296,Rick Fox,LAL,200005100LAL,"May 10, 2000",PHX,0,1,2,2,0.0,0.0,0.0,0,0,1,0,1,0,0,0,0,0,0,0,0,0,0,0,0,0,0,0,0,0,0,0
916,Corie Blount,PHX,200005100LAL,"May 10, 2000",LAL,3,3,2,4,37.5,38.66,-1.16,3,2,0,0,1,1,0,0,0,0,0,0,0,0,0,0,0,0,0,0,0,0,0,0
248,George Lynch,PHI,200005100PHI,"May 10, 2000",IND,7,9,3,10,31.82,33.91,-2.09,7,2,1,0,1,2,0,0,1,3,0,0,0,0,0,0,0,0,0,0,0,0,0,0
689,Theo Ratliff,PHI,200005100PHI,"May 10, 2000",IND,13,10,3,11,56.52,57.42,-0.9,9,8,0,0,1,2,0,0,1,3,0,0,0,0,0,0,0,0,0,0,0,0,0,0
238,Tyrone Hill,PHI,200005100PHI,"May 10, 2000",IND,10,10,6,13,38.46,39.56,-1.1,10,8,0,0,3,2,0,0,0,0,0,0,0,0,0,0,0,0,0,0,0,0,0,0
22,Rik Smits,IND,200005100PHI,"May 10, 2000",PHI,6,5,0,5,60.0,60.0,0.0,5,6,0,0,0,0,0,0,0,0,0,0,0,0,0,0,0,0,0,0,0,0,0,0
947,Allen Iverson,PHI,200005100PHI,"May 10, 2000",IND,29,21,12,27,50.88,55.18,-4.3,18,18,3,0,2,3,0,0,0,0,0,0,0,0,0,0,0,0,0,0,0,0,4,8
905,Dale Davis,IND,200005100PHI,"May 10, 2000",PHI,10,5,6,8,62.5,65.45,-2.95,5,6,0,0,1,2,0,0,0,0,0,0,0,0,0,0,0,0,0,0,0,0,2,2
147,Jalen Rose,IND,200005100PHI,"May 10, 2000",PHI,12,15,0,15,33.33,40.0,-6.67,9,6,6,6,0,0,0,0,0,0,0,0,0,0,0,0,0,0,0,0,0,0,0,0
349,Mark Jackson,IND,200005100PHI,"May 10, 2000",PHI,9,6,0,6,69.23,75.0,-5.77,5,6,1,3,0,0,0,0,0,0,0,0,0,0,0,0,0,0,0,0,0,0,0,0
243,Aaron McKie,PHI,200005100PHI,"May 10, 2000",IND,20,12,5,15,64.52,70.42,-5.9,9,12,2,3,0,0,0,0,1,3,0,0,2,1,0,0,0,0,0,0,0,0,1,1
397,Reggie Miller,IND,200005100PHI,"May 10, 2000",PHI,29,22,3,24,52.73,62.18,-9.45,14,14,8,12,0,0,0,0,0,0,0,0,1,1,0,0,0,0,0,0,0,0,1,2
64,Sam Perkins,IND,200005100PHI,"May 10, 2000",PHI,10,9,2,10,40.0,50.61,-10.61,4,2,5,6,1,2,0,0,0,0,0,0,0,0,0,0,0,0,0,0,0,0,0,0
389,Toni Kukoc,PHI,200005100PHI,"May 10, 2000",IND,4,6,0,6,33.33,33.33,0.0,6,4,0,0,0,0,0,0,0,0,0,0,0,0,0,0,0,0,0,0,0,0,0,0
1506,Austin Croshere,IND,200005100PHI,"May 10, 2000",PHI,0,1,0,1,0.0,0.0,0.0,1,0,0,0,0,0,0,0,0,0,0,0,0,0,0,0,0,0,0,0,0,0,0,0
761,Matt Geiger,PHI,200005100PHI,"May 10, 2000",IND,3,7,2,8,18.75,19.04,-0.29,7,2,0,0,1,1,0,0,0,0,0,0,0,0,0,0,0,0,0,0,0,0,0,0
1563,Kevin Ollie,PHI,200005100PHI,"May 10, 2000",IND,3,1,1,1,100.0,104.17,-4.17,0,0,0,0,0,0,0,0,1,3,0,0,0,0,0,0,0,0,0,0,0,0,0,0
696,Travis Best,IND,200005100PHI,"May 10, 2000",PHI,19,13,4,15,63.33,64.36,-1.03,13,16,0,0,1,1,0,0,0,0,0,0,0,0,0,0,0,0,0,0,0,0,1,2
904,Chris Mullin,IND,200005100PHI,"May 10, 2000",PHI,2,2,0,2,50.0,50.0,0.0,2,2,0,0,0,0,0,0,0,0,0,0,0,0,0,0,0,0,0,0,0,0,0,0
1085,Ira Bowman,PHI,200005100PHI,"May 10, 2000",IND,0,1,0,1,0.0,0.0,0.0,0,0,1,0,0,0,0,0,0,0,0,0,0,0,0,0,0,0,0,0,0,0,0,0
757,Damon Stoudamire,POR,200005110UTA,"May 11, 2000",UTA,4,7,0,7,28.57,28.57,0.0,7,4,0,0,0,0,0,0,0,0,0,0,0,0,0,0,0,0,0,0,0,0,0,0
935,Bryon Russell,UTA,200005110UTA,"May 11, 2000",POR,18,13,7,16,46.15,55.97,-9.82,6,4,6,6,1,2,0,0,1,3,0,0,1,2,0,0,0,0,0,0,0,0,1,1
739,Rasheed Wallace,POR,200005110UTA,"May 11, 2000",UTA,17,15,4,16,50.0,50.72,-0.72,13,10,0,0,1,2,0,0,2,5,0,0,0,0,0,0,0,0,0,0,0,0,0,0
178,Olden Polynice,POR,200005110UTA,"May 11, 2000",UTA,8,8,0,8,50.0,50.0,0.0,8,8,0,0,0,0,0,0,0,0,0,0,0,0,0,0,0,0,0,0,0,0,0,0
252,Karl Malone,POR,200005110UTA,"May 11, 2000",UTA,28,17,18,26,53.85,56.18,-2.33,17,14,0,0,5,8,0,0,0,0,0,0,0,0,0,0,0,0,0,0,0,0,4,6
717,Arvydas Sabonis,POR,200005110UTA,"May 11, 2000",UTA,22,13,3,14,75.86,76.82,-0.96,12,18,0,0,0,0,0,0,1,2,0,0,0,0,0,0,0,0,0,0,0,0,1,2
204,Jeff Hornacek,UTA,200005110UTA,"May 11, 2000",POR,24,17,4,19,57.14,63.97,-6.83,13,12,4,9,2,3,0,0,0,0,0,0,0,0,0,0,0,0,0,0,0,0,0,0
120,Steven Smith,POR,200005110UTA,"May 11, 2000",UTA,21,11,7,15,67.74,74.57,-6.83,9,8,2,6,0,0,0,0,0,0,0,0,1,1,0,0,0,0,0,0,0,0,3,6
304,John Stockton,UTA,200005110UTA,"May 11, 2000",POR,4,8,0,8,20.0,25.0,-5.0,4,4,4,0,0,0,0,0,0,0,0,0,0,0,0,0,0,0,0,0,0,0,0,0
937,Scottie Pippen,POR,200005110UTA,"May 11, 2000",UTA,4,9,0,9,19.05,22.22,-3.17,6,4,3,0,0,0,0,0,0,0,0,0,0,0,0,0,0,0,0,0,0,0,0,0
21,Greg Anthony,POR,200005110UTA,"May 11, 2000",UTA,6,5,0,5,42.86,60.0,-17.14,1,0,4,6,0,0,0,0,0,0,0,0,0,0,0,0,0,0,0,0,0,0,0,0
458,Howard Eisley,UTA,200005110UTA,"May 11, 2000",POR,0,3,0,3,0.0,0.0,0.0,3,0,0,0,0,0,0,0,0,0,0,0,0,0,0,0,0,0,0,0,0,0,0,0
258,Brian Grant,POR,200005110UTA,"May 11, 2000",UTA,1,2,2,3,16.67,17.36,-0.69,2,0,0,0,0,0,0,0,0,0,0,0,0,0,0,0,0,0,0,0,0,0,1,1
731,Greg Ostertag,UTA,200005110UTA,"May 11, 2000",POR,0,1,2,2,0.0,0.0,0.0,1,0,0,0,0,0,0,0,0,0,0,0,0,0,0,0,0,0,0,0,0,0,1,0
288,Armen Gilliam,UTA,200005110UTA,"May 11, 2000",POR,2,3,0,3,33.33,33.33,0.0,3,2,0,0,0,0,0,0,0,0,0,0,0,0,0,0,0,0,0,0,0,0,0,0
96,Detlef Schrempf,POR,200005110UTA,"May 11, 2000",UTA,9,3,4,5,90.0,94.54,-4.54,3,6,0,0,2,3,0,0,0,0,0,0,0,0,0,0,0,0,0,0,0,0,0,0
1719,Bonzi Wells,POR,200005110UTA,"May 11, 2000",UTA,19,13,4,15,59.38,64.36,-4.98,11,16,2,0,1,2,0,0,0,0,0,0,0,0,1,1,0,0,0,0,0,0,0,0
913,Larry Johnson,MIA,200005120NYK,"May 12, 2000",NYK,5,5,4,7,31.25,36.98,-5.73,3,0,2,3,0,0,0,0,0,0,0,0,0,0,0,0,0,0,0,0,0,0,2,2
297,Alonzo Mourning,MIA,200005120NYK,"May 12, 2000",NYK,23,15,8,19,60.53,62.1,-1.57,15,16,0,0,4,7,0,0,0,0,0,0,0,0,0,0,0,0,0,0,0,0,0,0
84,Latrell Sprewell,NYK,200005120NYK,"May 12, 2000",MIA,23,14,11,20,58.97,61.04,-2.07,14,12,0,0,4,8,0,0,0,0,0,0,1,1,0,0,0,0,0,0,0,0,1,2
105,Dan Majerle,MIA,200005120NYK,"May 12, 2000",NYK,2,6,0,6,14.29,16.67,-2.38,4,2,2,0,0,0,0,0,0,0,0,0,0,0,0,0,0,0,0,0,0,0,0,0
136,P.J. Brown,MIA,200005120NYK,"May 12, 2000",NYK,14,17,0,17,41.18,41.18,0.0,17,14,0,0,0,0,0,0,0,0,0,0,0,0,0,0,0,0,0,0,0,0,0,0
369,Charlie Ward,NYK,200005120NYK,"May 12, 2000",MIA,9,6,0,6,64.29,75.0,-10.71,4,6,2,3,0,0,0,0,0,0,0,0,0,0,0,0,0,0,0,0,0,0,0,0
469,Jamal Mashburn,MIA,200005120NYK,"May 12, 2000",NYK,16,16,0,16,44.44,50.0,-5.56,12,4,4,12,0,0,0,0,0,0,0,0,0,0,0,0,0,0,0,0,0,0,0,0
275,Allan Houston,NYK,200005120NYK,"May 12, 2000",MIA,24,18,5,21,52.17,59.41,-7.24,13,14,5,6,0,0,0,0,0,0,0,0,1,1,0,0,0,0,0,0,0,0,2,3
896,Tim Hardaway,MIA,200005120NYK,"May 12, 2000",NYK,1,5,2,7,7.69,8.5,-0.81,4,0,1,0,0,0,0,0,0,0,0,0,2,1,0,0,0,0,0,0,0,0,0,0
121,Patrick Ewing,NYK,200005120NYK,"May 12, 2000",MIA,9,10,2,11,40.91,41.36,-0.45,10,8,0,0,0,0,0,0,0,0,0,0,0,0,0,0,0,0,0,0,0,0,1,1
221,Clar. Weatherspoon,MIA,200005120NYK,"May 12, 2000",NYK,9,11,2,12,37.5,37.88,-0.38,11,8,0,0,1,1,0,0,0,0,0,0,0,0,0,0,0,0,0,0,0,0,0,0
1853,Anthony Carter,MIA,200005120NYK,"May 12, 2000",NYK,10,10,2,11,41.67,45.96,-4.29,8,8,2,0,1,2,0,0,0,0,0,0,0,0,0,0,0,0,0,0,0,0,0,0
948,Marcus Camby,NYK,200005120NYK,"May 12, 2000",MIA,4,7,2,8,25.0,25.38,-0.38,7,2,0,0,1,2,0,0,0,0,0,0,0,0,0,0,0,0,0,0,0,0,0,0
901,Otis Thorpe,MIA,200005120NYK,"May 12, 2000",NYK,2,5,0,5,20.0,20.0,0.0,5,2,0,0,0,0,0,0,0,0,0,0,0,0,0,0,0,0,0,0,0,0,0,0
703,Kurt Thomas,NYK,200005120NYK,"May 12, 2000",MIA,2,2,0,2,50.0,50.0,0.0,2,2,0,0,0,0,0,0,0,0,0,0,0,0,0,0,0,0,0,0,0,0,0,0
164,Chris Childs,NYK,200005120NYK,"May 12, 2000",MIA,0,2,0,2,0.0,0.0,0.0,2,0,0,0,0,0,0,0,0,0,0,0,0,0,0,0,0,0,0,0,0,0,0,0
26,Luc Longley,PHX,200005120PHO,"May 12, 2000",LAL,12,9,0,9,66.67,66.67,0.0,9,12,0,0,0,0,0,0,0,0,0,0,0,0,0,0,0,0,0,0,0,0,0,0
361,Clifford Robinson,PHX,200005120PHO,"May 12, 2000",LAL,23,17,7,20,48.94,57.27,-8.33,10,8,6,9,3,4,0,0,1,2,0,0,0,0,0,0,0,0,0,0,0,0,0,0
467,Jason Kidd,PHX,200005120PHO,"May 12, 2000",LAL,4,9,2,10,16.67,20.24,-3.57,5,2,4,0,0,0,0,0,0,0,0,0,0,0,0,0,0,0,0,0,0,0,1,2
977,Kobe Bryant,LAL,200005120PHO,"May 12, 2000",PHX,25,20,13,26,45.45,48.6,-3.15,17,14,2,0,2,2,0,0,1,3,0,0,0,0,0,0,0,0,0,0,0,0,4,6
166,Ron Harper,LAL,200005120PHO,"May 12, 2000",PHX,4,5,2,6,30.77,34.01,-3.24,4,4,1,0,1,0,0,0,0,0,0,0,0,0,0,0,0,0,0,0,0,0,0,0
1890,Shawn Marion,PHX,200005120PHO,"May 12, 2000",LAL,6,7,2,8,37.5,38.07,-0.57,7,4,0,0,0,0,0,0,0,0,0,0,0,0,0,0,0,0,0,0,0,0,1,2
406,Shaquille O'Neal,LAL,200005120PHO,"May 12, 2000",PHX,37,21,15,28,64.91,67.03,-2.12,20,26,0,0,4,5,0,0,1,2,0,0,0,0,0,0,0,0,0,0,0,0,3,4
779,Glen Rice,LAL,200005120PHO,"May 12, 2000",PHX,10,9,7,13,35.71,41.39,-5.68,6,2,3,3,2,3,0,0,0,0,0,0,1,1,0,0,0,0,0,0,0,0,1,1
920,A.C. Green,PHX,200005120PHO,"May 12, 2000",LAL,1,1,2,2,25.0,26.6,-1.6,1,0,0,0,0,0,0,0,0,0,0,0,0,0,0,0,0,0,0,0,0,0,1,1
358,Anfernee Hardaway,PHX,200005120PHO,"May 12, 2000",LAL,31,15,11,20,73.81,78.12,-4.31,13,20,1,0,4,7,0,0,1,3,0,0,0,0,0,0,0,0,0,0,0,0,1,1
109,Robert Horry,LAL,200005120PHO,"May 12, 2000",PHX,15,5,8,9,71.43,88.03,-16.6,2,2,3,6,2,4,0,0,0,0,0,0,0,0,0,0,0,0,0,0,0,0,2,3
916,Corie Blount,PHX,200005120PHO,"May 12, 2000",LAL,2,0,4,2,50.0,56.82,-6.82,0,0,0,0,2,2,0,0,0,0,0,0,0,0,0,0,0,0,0,0,0,0,0,0
915,Rodney Rogers,PHX,200005120PHO,"May 12, 2000",LAL,15,12,6,15,44.12,51.23,-7.11,8,10,4,0,2,3,0,0,0,0,0,0,0,0,0,0,0,0,0,0,0,0,1,2
134,Kevin Johnson,PHX,200005120PHO,"May 12, 2000",LAL,3,1,2,2,75.0,79.79,-4.79,1,2,0,0,0,0,0,0,0,0,0,0,0,0,0,0,0,0,0,0,0,0,1,1
932,Oliver Miller,PHX,200005120PHO,"May 12, 2000",LAL,0,3,0,3,0.0,0.0,0.0,1,0,2,0,0,0,0,0,0,0,0,0,0,0,0,0,0,0,0,0,0,0,0,0
216,Brian Shaw,LAL,200005120PHO,"May 12, 2000",PHX,7,6,4,8,33.33,45.1,-11.77,1,0,5,3,1,2,0,0,0,0,0,0,0,0,0,0,0,0,0,0,0,0,1,2
296,Rick Fox,LAL,200005120PHO,"May 12, 2000",PHX,6,3,0,3,66.67,100.0,-33.33,0,0,3,6,0,0,0,0,0,0,0,0,0,0,0,0,0,0,0,0,0,0,0,0
103,Todd Day,PHX,200005120PHO,"May 12, 2000",LAL,3,4,0,4,30.0,37.5,-7.5,2,0,2,3,0,0,0,0,0,0,0,0,0,0,0,0,0,0,0,0,0,0,0,0
397,Reggie Miller,IND,200005130PHI,"May 13, 2000",PHI,16,10,4,12,55.17,68.03,-12.86,5,6,5,6,0,0,0,0,0,0,0,0,0,0,1,2,0,0,0,0,0,0,1,2
243,Aaron McKie,PHI,200005130PHI,"May 13, 2000",IND,12,12,3,14,36.36,45.05,-8.69,6,4,6,6,1,2,0,0,0,0,0,0,1,0,0,0,0,0,0,0,0,0,0,0
905,Dale Davis,IND,200005130PHI,"May 13, 2000",PHI,6,5,0,5,60.0,60.0,0.0,5,6,0,0,0,0,0,0,0,0,0,0,0,0,0,0,0,0,0,0,0,0,0,0
22,Rik Smits,IND,200005130PHI,"May 13, 2000",PHI,20,10,8,14,71.43,73.96,-2.53,10,12,0,0,1,2,0,0,0,0,0,0,0,0,0,0,0,0,0,0,0,0,3,6
238,Tyrone Hill,PHI,200005130PHI,"May 13, 2000",IND,18,10,8,14,64.29,66.57,-2.28,9,10,0,0,4,5,0,0,1,3,0,0,0,0,0,0,0,0,0,0,0,0,0,0
689,Theo Ratliff,PHI,200005130PHI,"May 13, 2000",IND,12,9,7,12,48.0,49.67,-1.67,8,6,0,0,2,2,0,0,1,3,0,0,0,0,0,0,0,0,0,0,0,0,1,1
947,Allen Iverson,PHI,200005130PHI,"May 13, 2000",IND,19,26,6,29,30.65,33.17,-2.52,22,12,4,3,1,1,0,0,0,0,0,0,0,0,0,0,0,0,0,0,0,0,2,3
147,Jalen Rose,IND,200005130PHI,"May 13, 2000",PHI,15,18,5,21,32.61,37.13,-4.52,13,6,5,6,1,1,0,0,0,0,0,0,0,0,1,0,0,0,0,0,0,0,1,2
349,Mark Jackson,IND,200005130PHI,"May 13, 2000",PHI,7,9,1,9,31.82,37.08,-5.26,5,4,3,0,0,0,0,0,1,3,0,0,0,0,0,0,0,0,0,0,0,0,0,0
248,George Lynch,PHI,200005130PHI,"May 13, 2000",IND,6,5,6,8,37.5,39.27,-1.77,5,2,0,0,2,2,0,0,0,0,0,0,0,0,0,0,0,0,0,0,0,0,1,2
1506,Austin Croshere,IND,200005130PHI,"May 13, 2000",PHI,2,0,4,2,50.0,56.82,-6.82,0,0,0,0,2,2,0,0,0,0,0,0,0,0,0,0,0,0,0,0,0,0,0,0
389,Toni Kukoc,PHI,200005130PHI,"May 13, 2000",IND,11,9,7,12,42.31,45.53,-3.22,7,4,1,0,1,1,0,0,1,3,0,0,0,0,0,0,0,0,0,0,0,0,2,3
365,Derrick McKey,IND,200005130PHI,"May 13, 2000",PHI,2,1,2,2,40.0,53.19,-13.19,0,0,1,0,1,2,0,0,0,0,0,0,0,0,0,0,0,0,0,0,0,0,0,0
761,Matt Geiger,PHI,200005130PHI,"May 13, 2000",IND,10,5,2,6,83.33,85.03,-1.7,5,8,0,0,1,2,0,0,0,0,0,0,0,0,0,0,0,0,0,0,0,0,0,0
696,Travis Best,IND,200005130PHI,"May 13, 2000",PHI,11,14,0,14,35.48,39.29,-3.81,11,8,3,3,0,0,0,0,0,0,0,0,0,0,0,0,0,0,0,0,0,0,0,0
64,Sam Perkins,IND,200005130PHI,"May 13, 2000",PHI,2,7,0,7,10.53,14.29,-3.76,2,2,5,0,0,0,0,0,0,0,0,0,0,0,0,0,0,0,0,0,0,0,0,0
904,Chris Mullin,IND,200005130PHI,"May 13, 2000",PHI,8,6,0,6,53.33,66.67,-13.34,3,2,3,6,0,0,0,0,0,0,0,0,0,0,0,0,0,0,0,0,0,0,0,0
1563,Kevin Ollie,PHI,200005130PHI,"May 13, 2000",IND,0,1,0,1,0.0,0.0,0.0,1,0,0,0,0,0,0,0,0,0,0,0,0,0,0,0,0,0,0,0,0,0,0,0
1928,Todd MacCulloch,PHI,200005130PHI,"May 13, 2000",IND,4,1,4,3,66.67,72.46,-5.79,1,2,0,0,1,1,0,0,0,0,0,0,0,0,0,0,0,0,0,0,0,0,1,1
1890,Shawn Marion,PHX,200005140PHO,"May 14, 2000",LAL,12,14,0,14,42.86,42.86,0.0,14,12,0,0,0,0,0,0,0,0,0,0,0,0,0,0,0,0,0,0,0,0,0,0
406,Shaquille O'Neal,LAL,200005140PHO,"May 14, 2000",PHX,24,15,12,20,57.14,59.17,-2.03,13,16,0,0,3,3,0,0,2,5,0,0,0,0,0,0,0,0,0,0,0,0,2,0
26,Luc Longley,LAL,200005140PHO,"May 14, 2000",PHX,2,1,0,1,100.0,100.0,0.0,1,2,0,0,0,0,0,0,0,0,0,0,0,0,0,0,0,0,0,0,0,0,0,0
361,Clifford Robinson,PHX,200005140PHO,"May 14, 2000",LAL,32,17,12,23,62.75,71.81,-9.06,11,12,5,9,1,1,0,0,1,3,0,0,2,3,0,0,0,0,0,0,0,0,3,4
467,Jason Kidd,PHX,200005140PHO,"May 14, 2000",LAL,22,13,3,15,62.86,76.82,-13.96,7,8,6,12,0,0,0,0,0,0,0,0,1,0,0,0,0,0,0,0,0,0,1,2
920,A.C. Green,LAL,200005140PHO,"May 14, 2000",PHX,0,1,0,1,0.0,0.0,0.0,1,0,0,0,0,0,0,0,0,0,0,0,0,0,0,0,0,0,0,0,0,0,0,0
977,Kobe Bryant,LAL,200005140PHO,"May 14, 2000",PHX,23,20,6,23,45.1,50.8,-5.7,15,20,5,0,2,2,0,0,0,0,0,0,0,0,0,0,0,0,0,0,0,0,1,1
779,Glen Rice,LAL,200005140PHO,"May 14, 2000",PHX,15,14,7,18,40.54,43.91,-3.37,12,8,2,0,2,4,0,0,0,0,0,0,1,1,0,0,0,0,0,0,0,0,1,2
358,Anfernee Hardaway,PHX,200005140PHO,"May 14, 2000",LAL,16,17,5,19,40.0,41.67,-1.67,15,12,1,0,2,2,0,0,1,2,0,0,0,0,0,0,0,0,0,0,0,0,0,0
166,Ron Harper,LAL,200005140PHO,"May 14, 2000",PHX,7,4,4,6,58.33,60.76,-2.43,4,4,0,0,1,2,0,0,0,0,0,0,0,0,0,0,0,0,0,0,0,0,1,1
916,Corie Blount,PHX,200005140PHO,"May 14, 2000",LAL,7,4,1,4,77.78,78.83,-1.05,3,4,0,0,0,0,0,0,1,3,0,0,0,0,0,0,0,0,0,0,0,0,0,0
915,Rodney Rogers,PHX,200005140PHO,"May 14, 2000",LAL,17,11,4,13,53.12,66.61,-13.49,5,8,6,6,2,3,0,0,0,0,0,0,0,0,0,0,0,0,0,0,0,0,0,0
216,Brian Shaw,LAL,200005140PHO,"May 14, 2000",PHX,12,7,2,8,60.0,76.14,-16.14,3,4,4,6,1,2,0,0,0,0,0,0,0,0,0,0,0,0,0,0,0,0,0,0
109,Robert Horry,LAL,200005140PHO,"May 14, 2000",PHX,3,4,4,6,21.43,26.04,-4.61,2,0,2,0,1,2,0,0,0,0,0,0,0,0,0,0,0,0,0,0,0,0,1,1
965,Derek Fisher,LAL,200005140PHO,"May 14, 2000",PHX,3,3,4,5,27.27,31.51,-4.24,2,0,1,0,1,1,0,0,0,0,0,0,0,0,0,0,0,0,0,0,0,0,1,2
103,Todd Day,PHX,200005140PHO,"May 14, 2000",LAL,5,3,2,4,50.0,64.43,-14.43,1,2,2,3,1,0,0,0,0,0,0,0,0,0,0,0,0,0,0,0,0,0,0,0
134,Kevin Johnson,PHX,200005140PHO,"May 14, 2000",LAL,2,3,0,3,33.33,33.33,0.0,3,2,0,0,0,0,0,0,0,0,0,0,0,0,0,0,0,0,0,0,0,0,0,0
927,John Salley,LAL,200005140PHO,"May 14, 2000",PHX,2,1,2,2,50.0,53.19,-3.19,1,0,0,0,0,0,0,0,0,0,0,0,0,0,0,0,0,0,0,0,0,0,1,2
969,Travis Knight,LAL,200005140PHO,"May 14, 2000",PHX,4,3,2,4,50.0,51.55,-1.55,3,4,0,0,0,0,0,0,0,0,0,0,0,0,0,0,0,0,0,0,0,0,1,0
1904,Devean George,LAL,200005140PHO,"May 14, 2000",PHX,5,5,2,6,35.71,42.52,-6.81,3,4,2,0,0,0,0,0,0,0,0,0,0,0,0,0,0,0,0,0,0,0,1,1
1753,Toby Bailey,PHX,200005140PHO,"May 14, 2000",LAL,0,1,0,1,0.0,0.0,0.0,1,0,0,0,0,0,0,0,0,0,0,0,0,0,0,0,0,0,0,0,0,0,0,0
988,Randy Livingston,PHX,200005140PHO,"May 14, 2000",LAL,2,1,0,1,100.0,100.0,0.0,1,2,0,0,0,0,0,0,0,0,0,0,0,0,0,0,0,0,0,0,0,0,0,0
932,Oliver Miller,PHX,200005140PHO,"May 14, 2000",LAL,0,1,0,1,0.0,0.0,0.0,0,0,1,0,0,0,0,0,0,0,0,0,0,0,0,0,0,0,0,0,0,0,0,0
252,Karl Malone,UTA,200005140UTA,"May 14, 2000",POR,27,20,11,25,52.94,54.35,-1.41,19,16,0,0,3,5,0,0,1,3,0,0,0,0,0,0,0,0,0,0,0,0,2,3
937,Scottie Pippen,POR,200005140UTA,"May 14, 2000",UTA,6,9,2,10,25.0,30.36,-5.36,5,2,4,3,0,0,0,0,0,0,0,0,0,0,0,0,0,0,0,0,0,0,1,1
120,Steven Smith,POR,200005140UTA,"May 14, 2000",UTA,19,10,9,15,55.88,68.05,-12.17,5,4,5,9,1,1,0,0,0,0,0,0,1,1,0,0,0,0,0,0,0,0,3,4
304,John Stockton,UTA,200005140UTA,"May 14, 2000",POR,18,12,5,15,56.25,63.38,-7.13,9,10,3,3,0,0,0,0,0,0,0,0,1,1,0,0,0,0,0,0,0,0,2,4
935,Bryon Russell,UTA,200005140UTA,"May 14, 2000",POR,11,8,11,13,35.48,42.83,-7.35,4,2,4,3,2,2,1,1,0,0,0,0,0,0,0,0,0,0,0,0,0,0,2,3
717,Arvydas Sabonis,POR,200005140UTA,"May 14, 2000",UTA,6,6,1,6,37.5,46.58,-9.08,2,0,3,3,0,0,0,0,1,3,0,0,0,0,0,0,0,0,0,0,0,0,0,0
204,Jeff Hornacek,UTA,200005140UTA,"May 14, 2000",POR,9,8,3,10,45.0,48.28,-3.28,7,8,1,0,0,0,0,0,0,0,0,0,1,0,0,0,0,0,0,0,0,0,1,1
757,Damon Stoudamire,POR,200005140UTA,"May 14, 2000",UTA,9,11,3,12,32.14,36.53,-4.39,7,2,3,3,0,0,0,0,1,2,0,0,0,0,0,0,0,0,0,0,0,0,1,2
739,Rasheed Wallace,POR,200005140UTA,"May 14, 2000",UTA,15,15,4,16,44.12,44.75,-0.63,13,8,0,0,1,2,0,0,2,5,0,0,0,0,0,0,0,0,0,0,0,0,0,0
178,Olden Polynice,UTA,200005140UTA,"May 14, 2000",POR,12,9,0,9,66.67,66.67,0.0,9,12,0,0,0,0,0,0,0,0,0,0,0,0,0,0,0,0,0,0,0,0,0,0
258,Brian Grant,POR,200005140UTA,"May 14, 2000",UTA,20,10,10,15,66.67,69.44,-2.77,10,12,0,0,4,7,0,0,0,0,0,0,0,0,0,0,0,0,0,0,0,0,1,1
1900,Quincy Lewis,UTA,200005140UTA,"May 14, 2000",POR,5,4,0,4,50.0,62.5,-12.5,2,2,2,3,0,0,0,0,0,0,0,0,0,0,0,0,0,0,0,0,0,0,0,0
96,Detlef Schrempf,POR,200005140UTA,"May 14, 2000",UTA,5,3,5,6,45.45,48.08,-2.63,3,2,0,0,1,0,0,0,0,0,0,0,1,1,0,0,0,0,0,0,0,0,1,2
288,Armen Gilliam,UTA,200005140UTA,"May 14, 2000",POR,3,4,2,5,30.0,30.74,-0.74,4,2,0,0,0,0,0,0,0,0,0,0,0,0,0,0,0,0,0,0,0,0,1,1
1909,Scott Padgett,UTA,200005140UTA,"May 14, 2000",POR,0,1,0,1,0.0,0.0,0.0,0,0,1,0,0,0,0,0,0,0,0,0,0,0,0,0,0,0,0,0,0,0,0,0
1521,Jacque Vaughn,UTA,200005140UTA,"May 14, 2000",POR,3,2,2,3,50.0,52.08,-2.08,2,2,0,0,1,1,0,0,0,0,0,0,0,0,0,0,0,0,0,0,0,0,0,0
21,Greg Anthony,POR,200005140UTA,"May 14, 2000",UTA,3,5,0,5,20.0,30.0,-10.0,0,0,5,3,0,0,0,0,0,0,0,0,0,0,0,0,0,0,0,0,0,0,0,0
1719,Bonzi Wells,UTA,200005140UTA,"May 14, 2000",POR,2,3,0,3,33.33,33.33,0.0,3,2,0,0,0,0,0,0,0,0,0,0,0,0,0,0,0,0,0,0,0,0,0,0
469,Jamal Mashburn,MIA,200005140NYK,"May 14, 2000",NYK,13,15,0,15,39.39,43.33,-3.94,12,10,3,3,0,0,0,0,0,0,0,0,0,0,0,0,0,0,0,0,0,0,0,0
369,Charlie Ward,NYK,200005140NYK,"May 14, 2000",MIA,20,13,3,14,57.14,69.83,-12.69,5,6,6,9,0,0,0,0,2,4,0,0,1,1,0,0,0,0,0,0,0,0,0,0
297,Alonzo Mourning,MIA,200005140NYK,"May 14, 2000",NYK,27,19,9,23,57.45,58.8,-1.35,18,20,0,0,3,3,0,0,1,3,0,0,0,0,0,0,0,0,0,0,0,0,1,1
136,P.J. Brown,MIA,200005140NYK,"May 14, 2000",NYK,11,10,3,11,47.83,48.59,-0.76,9,6,0,0,1,2,0,0,1,3,0,0,0,0,0,0,0,0,0,0,0,0,0,0
896,Tim Hardaway,MIA,200005140NYK,"May 14, 2000",NYK,5,8,2,9,22.73,28.15,-5.42,4,4,4,0,0,0,0,0,0,0,0,0,0,0,0,0,0,0,0,0,0,0,1,1
913,Larry Johnson,NYK,200005140NYK,"May 14, 2000",MIA,13,10,4,12,48.15,55.27,-7.12,7,6,3,3,1,2,0,0,0,0,0,0,0,0,0,0,0,0,0,0,0,0,1,2
84,Latrell Sprewell,NYK,200005140NYK,"May 14, 2000",MIA,16,15,4,17,45.71,47.73,-2.02,14,12,1,0,2,4,0,0,0,0,0,0,0,0,0,0,0,0,0,0,0,0,0,0
105,Dan Majerle,MIA,200005140NYK,"May 14, 2000",NYK,13,10,0,10,48.15,65.0,-16.85,3,4,7,9,0,0,0,0,0,0,0,0,0,0,0,0,0,0,0,0,0,0,0,0
275,Allan Houston,NYK,200005140NYK,"May 14, 2000",MIA,17,16,2,17,42.5,50.36,-7.86,10,6,6,9,1,2,0,0,0,0,0,0,0,0,0,0,0,0,0,0,0,0,0,0
121,Patrick Ewing,NYK,200005140NYK,"May 14, 2000",MIA,12,12,5,14,41.38,42.25,-0.87,11,6,0,0,2,3,0,0,1,3,0,0,0,0,0,0,0,0,0,0,0,0,0,0
948,Marcus Camby,NYK,200005140NYK,"May 14, 2000",MIA,6,5,4,7,42.86,44.38,-1.52,5,4,0,0,1,2,0,0,0,0,0,0,0,0,0,0,0,0,0,0,0,0,1,0
1853,Anthony Carter,MIA,200005140NYK,"May 14, 2000",NYK,6,5,4,7,40.0,44.38,-4.38,4,2,1,0,2,4,0,0,0,0,0,0,0,0,0,0,0,0,0,0,0,0,0,0
703,Kurt Thomas,NYK,200005140NYK,"May 14, 2000",MIA,4,5,0,5,40.0,40.0,0.0,5,4,0,0,0,0,0,0,0,0,0,0,0,0,0,0,0,0,0,0,0,0,0,0
164,Chris Childs,NYK,200005140NYK,"May 14, 2000",MIA,3,2,0,2,60.0,75.0,-15.0,1,0,1,3,0,0,0,0,0,0,0,0,0,0,0,0,0,0,0,0,0,0,0,0
1477,Bruce Bowen,MIA,200005140NYK,"May 14, 2000",NYK,2,0,2,1,100.0,113.64,-13.64,0,0,0,0,1,2,0,0,0,0,0,0,0,0,0,0,0,0,0,0,0,0,0,0
901,Otis Thorpe,MIA,200005140NYK,"May 14, 2000",NYK,6,4,2,5,60.0,61.48,-1.48,4,4,0,0,1,2,0,0,0,0,0,0,0,0,0,0,0,0,0,0,0,0,0,0
221,Clar. Weatherspoon,MIA,200005140NYK,"May 14, 2000",NYK,0,1,0,1,0.0,0.0,0.0,1,0,0,0,0,0,0,0,0,0,0,0,0,0,0,0,0,0,0,0,0,0,0,0
947,Allen Iverson,PHI,200005150IND,"May 15, 2000",IND,37,29,12,35,50.0,53.97,-3.97,24,18,4,6,1,1,1,3,1,3,0,0,2,2,0,0,0,0,0,0,0,0,2,4
147,Jalen Rose,IND,200005150IND,"May 15, 2000",PHI,13,15,5,17,37.14,37.79,-0.65,14,6,0,0,2,4,0,0,1,3,0,0,0,0,0,0,0,0,0,0,0,0,0,0
905,Dale Davis,IND,200005150IND,"May 15, 2000",PHI,7,5,2,6,58.33,59.52,-1.19,5,6,0,0,0,0,0,0,0,0,0,0,0,0,0,0,0,0,0,0,0,0,1,1
689,Theo Ratliff,PHI,200005150IND,"May 15, 2000",IND,26,16,7,19,66.67,68.13,-1.46,15,18,0,0,3,5,0,0,1,3,0,0,0,0,0,0,0,0,0,0,0,0,0,0
22,Rik Smits,IND,200005150IND,"May 15, 2000",PHI,15,14,6,17,44.12,45.07,-0.95,14,10,0,0,1,1,0,0,0,0,0,0,0,0,0,0,0,0,0,0,0,0,2,4
243,Aaron McKie,PHI,200005150IND,"May 15, 2000",IND,13,6,5,8,68.42,79.27,-10.85,3,4,2,3,1,1,0,0,1,3,0,0,0,0,0,0,0,0,0,0,0,0,1,2
904,Chris Mullin,IND,200005150IND,"May 15, 2000",PHI,13,9,4,11,52.0,60.41,-8.41,6,10,3,0,2,3,0,0,0,0,0,0,0,0,0,0,0,0,0,0,0,0,0,0
349,Mark Jackson,IND,200005150IND,"May 15, 2000",PHI,12,12,0,12,44.44,50.0,-5.56,9,12,3,0,0,0,0,0,0,0,0,0,0,0,0,0,0,0,0,0,0,0,0,0
238,Tyrone Hill,PHI,200005150IND,"May 15, 2000",IND,12,13,4,15,38.71,40.65,-1.94,12,10,1,0,2,2,0,0,0,0,0,0,0,0,0,0,0,0,0,0,0,0,0,0
248,George Lynch,PHI,200005150IND,"May 15, 2000",IND,6,3,2,4,75.0,77.32,-2.32,3,4,0,0,0,0,0,0,0,0,0,0,0,0,0,0,0,0,0,0,0,0,1,2
389,Toni Kukoc,PHI,200005150IND,"May 15, 2000",IND,13,10,2,11,52.0,59.74,-7.74,7,12,3,0,1,1,0,0,0,0,0,0,0,0,0,0,0,0,0,0,0,0,0,0
365,Derrick McKey,IND,200005150IND,"May 15, 2000",PHI,0,2,0,2,0.0,0.0,0.0,2,0,0,0,0,0,0,0,0,0,0,0,0,0,0,0,0,0,0,0,0,0,0,0
1506,Austin Croshere,IND,200005150IND,"May 15, 2000",PHI,9,11,0,11,36.0,40.91,-4.91,8,6,3,3,0,0,0,0,0,0,0,0,0,0,0,0,0,0,0,0,0,0,0,0
696,Travis Best,IND,200005150IND,"May 15, 2000",PHI,11,9,3,10,50.0,53.29,-3.29,7,8,1,0,0,0,0,0,1,2,0,0,0,0,0,0,0,0,0,0,0,0,1,1
64,Sam Perkins,IND,200005150IND,"May 15, 2000",PHI,6,7,0,7,30.0,42.86,-12.86,1,0,6,6,0,0,0,0,0,0,0,0,0,0,0,0,0,0,0,0,0,0,0,0
1563,Kevin Ollie,PHI,200005150IND,"May 15, 2000",IND,0,1,0,1,0.0,0.0,0.0,1,0,0,0,0,0,0,0,0,0,0,0,0,0,0,0,0,0,0,0,0,0,0,0
406,Shaquille O'Neal,LAL,200005160LAL,"May 16, 2000",PHX,15,19,4,21,35.71,36.13,-0.42,19,14,0,0,2,1,0,0,0,0,0,0,0,0,0,0,0,0,0,0,0,0,0,0
361,Clifford Robinson,PHX,200005160LAL,"May 16, 2000",LAL,8,11,3,12,26.67,32.47,-5.8,5,2,5,3,1,0,0,0,1,3,0,0,0,0,0,0,0,0,0,0,0,0,0,0
977,Kobe Bryant,LAL,200005160LAL,"May 16, 2000",PHX,17,16,4,18,43.59,47.86,-4.27,13,10,3,3,2,4,0,0,0,0,0,0,0,0,0,0,0,0,0,0,0,0,0,0
1890,Shawn Marion,PHX,200005160LAL,"May 16, 2000",LAL,7,11,4,13,24.14,27.43,-3.29,8,4,3,0,1,1,0,0,0,0,0,0,0,0,0,0,0,0,0,0,0,0,1,2
26,Luc Longley,PHX,200005160LAL,"May 16, 2000",LAL,4,8,0,8,25.0,25.0,0.0,8,4,0,0,0,0,0,0,0,0,0,0,0,0,0,0,0,0,0,0,0,0,0,0
467,Jason Kidd,LAL,200005160LAL,"May 16, 2000",PHX,8,13,1,14,25.0,29.76,-4.76,8,4,5,3,0,0,0,0,0,0,0,0,1,1,0,0,0,0,0,0,0,0,0,0
166,Ron Harper,LAL,200005160LAL,"May 16, 2000",PHX,6,6,0,6,50.0,50.0,0.0,6,6,0,0,0,0,0,0,0,0,0,0,0,0,0,0,0,0,0,0,0,0,0,0
358,Anfernee Hardaway,PHX,200005160LAL,"May 16, 2000",LAL,8,9,8,13,30.77,31.95,-1.18,9,2,0,0,3,5,0,0,0,0,0,0,0,0,0,0,0,0,0,0,0,0,1,1
779,Glen Rice,LAL,200005160LAL,"May 16, 2000",PHX,14,10,7,14,50.0,53.52,-3.52,9,6,1,3,3,4,0,0,0,0,0,0,1,1,0,0,0,0,0,0,0,0,0,0
920,A.C. Green,LAL,200005160LAL,"May 16, 2000",PHX,2,6,0,6,16.67,16.67,0.0,6,2,0,0,0,0,0,0,0,0,0,0,0,0,0,0,0,0,0,0,0,0,0,0
915,Rodney Rogers,PHX,200005160LAL,"May 16, 2000",LAL,9,8,3,9,45.0,48.28,-3.28,6,4,1,0,1,2,0,0,1,3,0,0,0,0,0,0,0,0,0,0,0,0,0,0
916,Corie Blount,PHX,200005160LAL,"May 16, 2000",LAL,0,2,0,2,0.0,0.0,0.0,2,0,0,0,0,0,0,0,0,0,0,0,0,0,0,0,0,0,0,0,0,0,0,0
109,Robert Horry,LAL,200005160LAL,"May 16, 2000",PHX,8,7,6,10,33.33,41.49,-8.16,3,2,4,3,1,2,0,0,0,0,0,0,0,0,0,0,0,0,0,0,0,0,2,1
965,Derek Fisher,LAL,200005160LAL,"May 16, 2000",PHX,7,4,4,6,53.85,60.76,-6.91,3,2,1,3,1,2,0,0,0,0,0,0,0,0,0,0,0,0,0,0,0,0,1,0
216,Brian Shaw,LAL,200005160LAL,"May 16, 2000",PHX,3,3,2,4,37.5,38.66,-1.16,3,2,0,0,0,0,0,0,0,0,0,0,0,0,0,0,0,0,0,0,0,0,1,1
969,Travis Knight,LAL,200005160LAL,"May 16, 2000",PHX,1,2,2,3,16.67,17.36,-0.69,2,0,0,0,1,1,0,0,0,0,0,0,0,0,0,0,0,0,0,0,0,0,0,0
296,Rick Fox,PHX,200005160LAL,"May 16, 2000",LAL,6,4,0,4,50.0,75.0,-25.0,0,0,4,6,0,0,0,0,0,0,0,0,0,0,0,0,0,0,0,0,0,0,0,0
134,Kevin Johnson,PHX,200005160LAL,"May 16, 2000",LAL,2,3,0,3,33.33,33.33,0.0,3,2,0,0,0,0,0,0,0,0,0,0,0,0,0,0,0,0,0,0,0,0,0,0
103,Todd Day,PHX,200005160LAL,"May 16, 2000",LAL,10,9,0,9,50.0,55.56,-5.56,7,10,2,0,0,0,0,0,0,0,0,0,0,0,0,0,0,0,0,0,0,0,0,0
927,John Salley,LAL,200005160LAL,"May 16, 2000",PHX,7,3,6,6,58.33,62.06,-3.73,3,2,0,0,2,4,0,0,0,0,0,0,0,0,0,0,0,0,0,0,0,0,1,1
932,Oliver Miller,PHX,200005160LAL,"May 16, 2000",LAL,1,0,2,1,50.0,56.82,-6.82,0,0,0,0,1,1,0,0,0,0,0,0,0,0,0,0,0,0,0,0,0,0,0,0
988,Randy Livingston,PHX,200005160LAL,"May 16, 2000",LAL,8,6,0,6,57.14,66.67,-9.53,4,2,2,6,0,0,0,0,0,0,0,0,0,0,0,0,0,0,0,0,0,0,0,0
1904,Devean George,LAL,200005160LAL,"May 16, 2000",PHX,1,0,2,1,50.0,56.82,-6.82,0,0,0,0,0,0,0,0,0,0,0,0,0,0,0,0,0,0,0,0,0,0,1,1
204,Jeff Hornacek,UTA,200005160POR,"May 16, 2000",POR,10,9,2,10,50.0,50.61,-0.61,9,8,0,0,1,2,0,0,0,0,0,0,0,0,0,0,0,0,0,0,0,0,0,0
717,Arvydas Sabonis,POR,200005160POR,"May 16, 2000",UTA,16,12,5,14,55.17,56.34,-1.17,11,12,0,0,2,1,0,0,1,3,0,0,0,0,0,0,0,0,0,0,0,0,0,0
937,Scottie Pippen,POR,200005160POR,"May 16, 2000",UTA,23,20,4,22,45.1,52.85,-7.75,13,14,7,6,0,0,0,0,0,0,0,0,0,0,0,0,0,0,0,0,0,0,2,3
252,Karl Malone,UTA,200005160POR,"May 16, 2000",POR,27,25,7,28,47.37,48.08,-0.71,24,20,0,0,2,4,0,0,1,2,0,0,0,0,0,0,0,0,0,0,0,0,1,1
935,Bryon Russell,UTA,200005160POR,"May 16, 2000",POR,18,13,4,15,50.0,60.98,-10.98,7,10,6,6,1,0,0,0,0,0,0,0,0,0,0,0,0,0,0,0,0,0,1,2
120,Steven Smith,UTA,200005160POR,"May 16, 2000",POR,10,5,9,9,47.62,55.8,-8.18,2,2,2,0,1,2,0,0,1,3,0,0,0,0,0,0,0,0,0,0,0,0,3,3
304,John Stockton,UTA,200005160POR,"May 16, 2000",POR,6,7,2,8,33.33,38.07,-4.74,5,4,2,0,1,2,0,0,0,0,0,0,0,0,0,0,0,0,0,0,0,0,0,0
757,Damon Stoudamire,POR,200005160POR,"May 16, 2000",UTA,8,7,0,7,47.06,57.14,-10.08,4,2,3,6,0,0,0,0,0,0,0,0,0,0,0,0,0,0,0,0,0,0,0,0
178,Olden Polynice,UTA,200005160POR,"May 16, 2000",POR,8,7,3,8,47.06,48.08,-1.02,6,4,0,0,1,1,0,0,1,3,0,0,0,0,0,0,0,0,0,0,0,0,0,0
739,Rasheed Wallace,POR,200005160POR,"May 16, 2000",UTA,11,9,1,9,57.89,58.26,-0.37,8,8,0,0,0,0,0,0,1,3,0,0,0,0,0,0,0,0,0,0,0,0,0,0
258,Brian Grant,POR,200005160POR,"May 16, 2000",UTA,6,6,0,6,50.0,50.0,0.0,6,6,0,0,0,0,0,0,0,0,0,0,0,0,0,0,0,0,0,0,0,0,0,0
458,Howard Eisley,UTA,200005160POR,"May 16, 2000",POR,4,5,2,6,33.33,34.01,-0.68,5,2,0,0,0,0,0,0,0,0,0,0,1,2,0,0,0,0,0,0,0,0,0,0
1719,Bonzi Wells,POR,200005160POR,"May 16, 2000",UTA,0,2,0,2,0.0,0.0,0.0,2,0,0,0,0,0,0,0,0,0,0,0,0,0,0,0,0,0,0,0,0,0,0,0
1900,Quincy Lewis,UTA,200005160POR,"May 16, 2000",POR,2,3,0,3,28.57,33.33,-4.76,2,2,1,0,0,0,0,0,0,0,0,0,0,0,0,0,0,0,0,0,0,0,0,0
288,Armen Gilliam,POR,200005160POR,"May 16, 2000",UTA,4,5,3,6,30.77,31.65,-0.88,4,2,0,0,0,0,0,0,1,2,0,0,0,0,0,0,0,0,0,0,0,0,1,0
21,Greg Anthony,POR,200005160POR,"May 16, 2000",UTA,2,4,2,5,16.67,20.49,-3.82,2,0,2,0,0,0,0,0,0,0,0,0,0,0,0,0,0,0,0,0,0,0,1,2
96,Detlef Schrempf,POR,200005160POR,"May 16, 2000",UTA,5,8,2,9,26.32,28.15,-1.83,7,4,1,0,0,0,0,0,0,0,0,0,0,0,0,0,0,0,0,0,0,0,1,1
1521,Jacque Vaughn,UTA,200005160POR,"May 16, 2000",POR,0,1,0,1,0.0,0.0,0.0,1,0,0,0,0,0,0,0,0,0,0,0,0,0,0,0,0,0,0,0,0,0,0,0
896,Tim Hardaway,MIA,200005170MIA,"May 17, 2000",NYK,12,11,1,11,41.38,52.45,-11.07,4,6,6,3,0,0,0,0,1,3,0,0,0,0,0,0,0,0,0,0,0,0,0,0
469,Jamal Mashburn,NYK,200005170MIA,"May 17, 2000",MIA,21,15,8,19,53.85,56.7,-2.85,14,14,1,0,1,2,0,0,0,0,0,0,0,0,0,0,0,0,0,0,0,0,3,5
275,Allan Houston,NYK,200005170MIA,"May 17, 2000",MIA,12,10,4,12,50.0,51.02,-1.02,10,8,0,0,1,2,0,0,0,0,0,0,0,0,0,0,0,0,0,0,0,0,1,2
297,Alonzo Mourning,MIA,200005170MIA,"May 17, 2000",NYK,18,17,11,22,40.0,41.21,-1.21,16,8,0,0,2,4,0,0,1,3,0,0,0,0,0,0,0,0,0,0,0,0,3,3
913,Larry Johnson,NYK,200005170MIA,"May 17, 2000",MIA,10,9,0,9,52.63,55.56,-2.93,8,10,1,0,0,0,0,0,0,0,0,0,0,0,0,0,0,0,0,0,0,0,0,0
121,Patrick Ewing,NYK,200005170MIA,"May 17, 2000",MIA,16,12,4,14,57.14,58.14,-1.0,12,14,0,0,1,1,0,0,0,0,0,0,0,0,0,0,0,0,0,0,0,0,1,1
105,Dan Majerle,MIA,200005170MIA,"May 17, 2000",NYK,16,7,5,9,66.67,86.96,-20.29,1,2,5,9,0,0,0,0,1,3,0,0,0,0,0,0,0,0,0,0,0,0,2,2
136,P.J. Brown,NYK,200005170MIA,"May 17, 2000",MIA,5,10,2,11,22.73,22.98,-0.25,10,4,0,0,0,0,0,0,0,0,0,0,0,0,0,0,0,0,0,0,0,0,1,1
369,Charlie Ward,NYK,200005170MIA,"May 17, 2000",MIA,12,9,0,9,52.17,66.67,-14.5,4,6,5,6,0,0,0,0,0,0,0,0,0,0,0,0,0,0,0,0,0,0,0,0
84,Latrell Sprewell,NYK,200005170MIA,"May 17, 2000",MIA,24,25,4,27,43.64,44.84,-1.2,24,22,1,0,2,2,0,0,0,0,0,0,0,0,0,0,0,0,0,0,0,0,0,0
1853,Anthony Carter,MIA,200005170MIA,"May 17, 2000",NYK,6,5,0,5,60.0,60.0,0.0,5,6,0,0,0,0,0,0,0,0,0,0,0,0,0,0,0,0,0,0,0,0,0,0
948,Marcus Camby,NYK,200005170MIA,"May 17, 2000",MIA,2,6,0,6,16.67,16.67,0.0,6,2,0,0,0,0,0,0,0,0,0,0,0,0,0,0,0,0,0,0,0,0,0,0
1477,Bruce Bowen,MIA,200005170MIA,"May 17, 2000",NYK,3,2,0,2,50.0,75.0,-25.0,0,0,2,3,0,0,0,0,0,0,0,0,0,0,0,0,0,0,0,0,0,0,0,0
221,Clar. Weatherspoon,MIA,200005170MIA,"May 17, 2000",NYK,6,6,0,6,50.0,50.0,0.0,6,6,0,0,0,0,0,0,0,0,0,0,0,0,0,0,0,0,0,0,0,0,0,0
164,Chris Childs,NYK,200005170MIA,"May 17, 2000",MIA,5,3,0,3,62.5,83.33,-20.83,1,2,2,3,0,0,0,0,0,0,0,0,0,0,0,0,0,0,0,0,0,0,0,0
901,Otis Thorpe,MIA,200005170MIA,"May 17, 2000",NYK,0,1,0,1,0.0,0.0,0.0,1,0,0,0,0,0,0,0,0,0,0,0,0,0,0,0,0,0,0,0,0,0,0,0
121,Patrick Ewing,NYK,200005190NYK,"May 19, 2000",MIA,15,17,4,19,39.47,39.98,-0.51,17,12,0,0,1,2,0,0,0,0,0,0,0,0,0,0,0,0,0,0,0,0,1,1
896,Tim Hardaway,MIA,200005190NYK,"May 19, 2000",NYK,2,7,0,7,11.76,14.29,-2.53,4,2,3,0,0,0,0,0,0,0,0,0,0,0,0,0,0,0,0,0,0,0,0,0
105,Dan Majerle,MIA,200005190NYK,"May 19, 2000",NYK,10,9,1,10,38.46,52.97,-14.51,2,0,7,9,0,0,0,0,0,0,0,0,1,1,0,0,0,0,0,0,0,0,0,0
84,Latrell Sprewell,NYK,200005190NYK,"May 19, 2000",MIA,15,16,4,18,40.54,42.23,-1.69,15,12,1,0,1,2,0,0,0,0,0,0,0,0,0,0,0,0,0,0,0,0,1,1
469,Jamal Mashburn,NYK,200005190NYK,"May 19, 2000",MIA,8,12,2,13,25.81,31.06,-5.25,7,6,5,0,1,2,0,0,0,0,0,0,0,0,0,0,0,0,0,0,0,0,0,0
369,Charlie Ward,NYK,200005190NYK,"May 19, 2000",MIA,7,6,3,8,36.84,47.81,-10.97,2,2,4,3,0,0,0,0,0,0,0,0,0,0,0,0,0,0,0,0,0,0,2,2
297,Alonzo Mourning,MIA,200005190NYK,"May 19, 2000",NYK,22,13,14,20,55.0,57.41,-2.41,13,12,0,0,5,6,0,0,0,0,0,0,0,0,0,0,0,0,0,0,0,0,2,4
136,P.J. Brown,MIA,200005190NYK,"May 19, 2000",NYK,0,3,0,3,0.0,0.0,0.0,3,0,0,0,0,0,0,0,0,0,0,0,0,0,0,0,0,0,0,0,0,0,0,0
275,Allan Houston,NYK,200005190NYK,"May 19, 2000",MIA,21,15,4,17,58.33,62.65,-4.32,13,12,2,6,1,1,0,0,0,0,0,0,0,0,0,0,0,0,0,0,0,0,1,2
913,Larry Johnson,NYK,200005190NYK,"May 19, 2000",MIA,6,6,2,7,40.0,43.6,-3.6,5,4,1,0,1,2,0,0,0,0,0,0,0,0,0,0,0,0,0,0,0,0,0,0
1477,Bruce Bowen,MIA,200005190NYK,"May 19, 2000",NYK,7,5,4,7,38.89,51.78,-12.89,1,2,4,3,2,2,0,0,0,0,0,0,0,0,0,0,0,0,0,0,0,0,0,0
948,Marcus Camby,NYK,200005190NYK,"May 19, 2000",MIA,4,4,0,4,50.0,50.0,0.0,4,4,0,0,0,0,0,0,0,0,0,0,0,0,0,0,0,0,0,0,0,0,0,0
221,Clar. Weatherspoon,MIA,200005190NYK,"May 19, 2000",NYK,6,3,6,6,50.0,53.19,-3.19,3,2,0,0,2,2,0,0,0,0,0,0,0,0,0,0,0,0,0,0,0,0,1,2
164,Chris Childs,NYK,200005190NYK,"May 19, 2000",MIA,4,5,2,6,28.57,34.01,-5.44,3,2,2,0,0,0,0,0,0,0,0,0,0,0,0,0,0,0,0,0,0,0,1,2
1853,Anthony Carter,MIA,200005190NYK,"May 19, 2000",NYK,15,13,2,14,48.39,54.03,-5.64,10,10,3,3,0,0,0,0,0,0,0,0,0,0,1,2,0,0,0,0,0,0,0,0
901,Otis Thorpe,MIA,200005190NYK,"May 19, 2000",NYK,0,1,0,1,0.0,0.0,0.0,1,0,0,0,0,0,0,0,0,0,0,0,0,0,0,0,0,0,0,0,0,0,0,0
703,Kurt Thomas,NYK,200005190NYK,"May 19, 2000",MIA,0,2,0,2,0.0,0.0,0.0,2,0,0,0,0,0,0,0,0,0,0,0,0,0,0,0,0,0,0,0,0,0,0,0
349,Mark Jackson,IND,200005190PHI,"May 19, 2000",PHI,12,10,0,10,57.14,60.0,-2.86,9,12,1,0,0,0,0,0,0,0,0,0,0,0,0,0,0,0,0,0,0,0,0,0
947,Allen Iverson,PHI,200005190PHI,"May 19, 2000",IND,18,20,5,22,36.73,40.54,-3.81,15,10,4,3,1,1,0,0,1,2,0,0,0,0,0,0,0,0,0,0,0,0,1,2
397,Reggie Miller,IND,200005190PHI,"May 19, 2000",PHI,25,19,2,20,52.08,62.88,-10.8,11,14,8,9,1,2,0,0,0,0,0,0,0,0,0,0,0,0,0,0,0,0,0,0
689,Theo Ratliff,PHI,200005190PHI,"May 19, 2000",IND,11,11,5,13,40.74,41.67,-0.93,10,6,0,0,1,2,0,0,1,2,0,0,0,0,0,0,0,0,0,0,0,0,1,1
22,Rik Smits,IND,200005190PHI,"May 19, 2000",PHI,18,10,4,12,75.0,76.53,-1.53,10,14,0,0,1,2,0,0,0,0,0,0,0,0,0,0,0,0,0,0,0,0,1,2
147,Jalen Rose,IND,200005190PHI,"May 19, 2000",PHI,21,16,6,19,51.22,56.33,-5.11,13,10,3,6,2,3,0,0,0,0,0,0,0,0,0,0,0,0,0,0,0,0,1,2
248,George Lynch,PHI,200005190PHI,"May 19, 2000",IND,14,7,6,10,66.67,72.61,-5.94,6,6,1,3,2,3,0,0,0,0,0,0,0,0,0,0,0,0,0,0,0,0,1,2
905,Dale Davis,PHI,200005190PHI,"May 19, 2000",IND,9,4,4,6,75.0,78.12,-3.12,4,6,0,0,1,1,0,0,0,0,0,0,0,0,0,0,0,0,0,0,0,0,1,2
243,Aaron McKie,IND,200005190PHI,"May 19, 2000",PHI,19,16,8,19,42.22,48.67,-6.45,9,8,5,0,2,3,0,0,2,6,0,0,0,0,0,0,0,0,0,0,0,0,1,2
238,Tyrone Hill,PHI,200005190PHI,"May 19, 2000",IND,11,11,2,12,45.83,46.3,-0.47,11,10,0,0,1,1,0,0,0,0,0,0,0,0,0,0,0,0,0,0,0,0,0,0
389,Toni Kukoc,PHI,200005190PHI,"May 19, 2000",IND,12,17,0,17,33.33,35.29,-1.96,15,12,2,0,0,0,0,0,0,0,0,0,0,0,0,0,0,0,0,0,0,0,0,0
1506,Austin Croshere,IND,200005190PHI,"May 19, 2000",PHI,6,7,4,9,31.58,34.25,-2.67,6,2,1,0,1,2,0,0,0,0,0,0,0,0,0,0,0,0,0,0,0,0,1,2
727,Eric Snow,PHI,200005190PHI,"May 19, 2000",IND,0,1,0,1,0.0,0.0,0.0,1,0,0,0,0,0,0,0,0,0,0,0,0,0,0,0,0,0,0,0,0,0,0,0
64,Sam Perkins,IND,200005190PHI,"May 19, 2000",PHI,3,4,0,4,27.27,37.5,-10.23,1,0,3,3,0,0,0,0,0,0,0,0,0,0,0,0,0,0,0,0,0,0,0,0
365,Derrick McKey,IND,200005190PHI,"May 19, 2000",PHI,3,1,2,2,75.0,79.79,-4.79,1,2,0,0,1,1,0,0,0,0,0,0,0,0,0,0,0,0,0,0,0,0,0,0
696,Travis Best,IND,200005190PHI,"May 19, 2000",PHI,6,4,2,5,60.0,61.48,-1.48,4,4,0,0,0,0,0,0,0,0,0,0,0,0,0,0,0,0,0,0,0,0,1,2
1908,Jumaine Jones,PHI,200005190PHI,"May 19, 2000",IND,2,3,0,3,25.0,33.33,-8.33,1,2,2,0,0,0,0,0,0,0,0,0,0,0,0,0,0,0,0,0,0,0,0,0
1563,Kevin Ollie,PHI,200005190PHI,"May 19, 2000",IND,3,1,2,2,75.0,79.79,-4.79,1,2,0,0,1,1,0,0,0,0,0,0,0,0,0,0,0,0,0,0,0,0,0,0
1886,Jonathan Bender,IND,200005190PHI,"May 19, 2000",PHI,3,1,2,2,60.0,79.79,-19.79,0,0,1,3,1,0,0,0,0,0,0,0,0,0,0,0,0,0,0,0,0,0,0,0
937,Scottie Pippen,POR,200005200LAL,"May 20, 2000",LAL,19,17,2,18,40.43,53.13,-12.7,6,8,11,9,0,0,0,0,0,0,0,0,0,0,0,0,0,0,0,0,0,0,1,2
779,Glen Rice,LAL,200005200LAL,"May 20, 2000",POR,15,8,4,10,62.5,76.84,-14.34,4,6,4,6,0,0,1,2,0,0,0,0,1,1,0,0,0,0,0,0,0,0,0,0
739,Rasheed Wallace,POR,200005200LAL,"May 20, 2000",LAL,11,8,1,8,61.11,65.17,-4.06,6,8,1,0,0,0,0,0,1,3,0,0,0,0,0,0,0,0,0,0,0,0,0,0
166,Ron Harper,LAL,200005200LAL,"May 20, 2000",POR,8,10,2,11,30.77,36.76,-5.99,6,4,4,3,0,0,0,0,0,0,0,0,0,0,0,0,0,0,0,0,0,0,1,1
977,Kobe Bryant,POR,200005200LAL,"May 20, 2000",LAL,13,9,7,13,50.0,53.81,-3.81,8,8,1,0,2,4,0,0,0,0,0,0,1,0,0,0,0,0,0,0,0,0,1,1
406,Shaquille O'Neal,LAL,200005200LAL,"May 20, 2000",POR,41,25,27,38,53.25,55.59,-2.34,24,26,0,0,1,1,0,0,1,2,0,0,0,0,0,0,0,0,0,0,1,1,11,11
920,A.C. Green,LAL,200005200LAL,"May 20, 2000",POR,4,2,0,2,100.0,100.0,0.0,2,4,0,0,0,0,0,0,0,0,0,0,0,0,0,0,0,0,0,0,0,0,0,0
757,Damon Stoudamire,POR,200005200LAL,"May 20, 2000",LAL,10,11,0,11,41.67,45.45,-3.78,9,10,2,0,0,0,0,0,0,0,0,0,0,0,0,0,0,0,0,0,0,0,0,0
120,Steven Smith,LAL,200005200LAL,"May 20, 2000",POR,13,9,2,11,54.17,65.79,-11.62,5,2,4,9,0,0,0,0,0,0,0,0,2,2,0,0,0,0,0,0,0,0,0,0
258,Brian Grant,POR,200005200LAL,"May 20, 2000",LAL,9,5,4,7,64.29,66.57,-2.28,5,6,0,0,2,3,0,0,0,0,0,0,0,0,0,0,0,0,0,0,0,0,0,0
109,Robert Horry,LAL,200005200LAL,"May 20, 2000",POR,12,8,1,8,54.55,71.09,-16.54,2,0,5,9,0,0,0,0,1,3,0,0,0,0,0,0,0,0,0,0,0,0,0,0
216,Brian Shaw,POR,200005200LAL,"May 20, 2000",LAL,8,4,0,4,72.73,100.0,-27.27,1,2,3,6,0,0,0,0,0,0,0,0,0,0,0,0,0,0,0,0,0,0,0,0
96,Detlef Schrempf,POR,200005200LAL,"May 20, 2000",LAL,11,7,5,10,57.89,59.78,-1.89,7,6,0,0,0,0,0,0,0,0,0,0,1,1,0,0,0,0,0,0,0,0,2,4
21,Greg Anthony,POR,200005200LAL,"May 20, 2000",LAL,0,1,0,1,0.0,0.0,0.0,1,0,0,0,0,0,0,0,0,0,0,0,0,0,0,0,0,0,0,0,0,0,0,0
717,Arvydas Sabonis,POR,200005200LAL,"May 20, 2000",LAL,0,4,0,4,0.0,0.0,0.0,4,0,0,0,0,0,0,0,0,0,0,0,0,0,0,0,0,0,0,0,0,0,0,0
296,Rick Fox,LAL,200005200LAL,"May 20, 2000",POR,5,3,0,3,62.5,83.33,-20.83,1,2,2,3,0,0,0,0,0,0,0,0,0,0,0,0,0,0,0,0,0,0,0,0
965,Derek Fisher,LAL,200005200LAL,"May 20, 2000",POR,3,2,2,3,50.0,52.08,-2.08,2,2,0,0,0,0,0,0,0,0,0,0,0,0,0,0,0,0,0,0,0,0,1,1
1719,Bonzi Wells,POR,200005200LAL,"May 20, 2000",LAL,17,11,8,15,51.52,58.54,-7.02,8,8,3,3,3,5,0,0,0,0,0,0,0,0,0,0,0,0,0,0,0,0,1,1
979,Jermaine O'Neal,POR,200005200LAL,"May 20, 2000",LAL,4,5,2,6,33.33,34.01,-0.68,5,2,0,0,1,2,0,0,0,0,0,0,0,0,0,0,0,0,0,0,0,0,0,0
369,Charlie Ward,NYK,200005210MIA,"May 21, 2000",MIA,7,9,2,10,26.92,35.43,-8.51,3,2,6,3,1,2,0,0,0,0,0,0,0,0,0,0,0,0,0,0,0,0,0,0
297,Alonzo Mourning,MIA,200005210MIA,"May 21, 2000",NYK,29,20,10,24,58.0,59.43,-1.43,18,20,0,0,2,1,0,0,2,4,0,0,0,0,0,0,0,0,0,0,0,0,2,4
121,Patrick Ewing,NYK,200005210MIA,"May 21, 2000",MIA,20,10,12,16,62.5,65.45,-2.95,10,10,0,0,5,8,0,0,0,0,0,0,0,0,0,0,0,0,0,0,0,0,1,2
913,Larry Johnson,NYK,200005210MIA,"May 21, 2000",MIA,8,7,2,8,47.06,50.76,-3.7,6,6,1,0,0,0,0,0,0,0,0,0,0,0,0,0,0,0,0,0,0,0,1,2
469,Jamal Mashburn,MIA,200005210MIA,"May 21, 2000",NYK,7,15,0,15,20.0,23.33,-3.33,10,4,5,3,0,0,0,0,0,0,0,0,0,0,0,0,0,0,0,0,0,0,0,0
84,Latrell Sprewell,NYK,200005210MIA,"May 21, 2000",MIA,24,20,7,23,50.0,51.99,-1.99,18,12,1,3,1,2,0,0,1,3,0,0,0,0,0,0,0,0,0,0,0,0,2,4
896,Tim Hardaway,MIA,200005210MIA,"May 21, 2000",NYK,15,20,1,21,30.61,36.69,-6.08,12,8,8,6,0,0,0,0,0,0,0,0,1,1,0,0,0,0,0,0,0,0,0,0
275,Allan Houston,NYK,200005210MIA,"May 21, 2000",MIA,5,10,1,11,20.83,23.95,-3.12,7,4,3,0,0,0,0,0,0,0,0,0,1,1,0,0,0,0,0,0,0,0,0,0
136,P.J. Brown,MIA,200005210MIA,"May 21, 2000",NYK,9,7,1,7,60.0,60.48,-0.48,6,6,0,0,0,0,0,0,1,3,0,0,0,0,0,0,0,0,0,0,0,0,0,0
105,Dan Majerle,MIA,200005210MIA,"May 21, 2000",NYK,8,5,1,6,57.14,73.53,-16.39,2,2,3,6,0,0,0,0,0,0,0,0,1,0,0,0,0,0,0,0,0,0,0,0
221,Clar. Weatherspoon,MIA,200005210MIA,"May 21, 2000",NYK,6,9,2,10,30.0,30.36,-0.36,9,6,0,0,1,0,0,0,0,0,0,0,0,0,0,0,0,0,0,0,0,0,0,0
948,Marcus Camby,NYK,200005210MIA,"May 21, 2000",MIA,0,4,0,4,0.0,0.0,0.0,4,0,0,0,0,0,0,0,0,0,0,0,0,0,0,0,0,0,0,0,0,0,0,0
703,Kurt Thomas,MIA,200005210MIA,"May 21, 2000",NYK,4,2,0,2,100.0,100.0,0.0,2,4,0,0,0,0,0,0,0,0,0,0,0,0,0,0,0,0,0,0,0,0,0,0
164,Chris Childs,NYK,200005210MIA,"May 21, 2000",MIA,15,10,7,13,50.0,57.34,-7.34,6,4,3,3,1,1,0,0,1,3,0,0,0,0,0,0,0,0,0,0,0,0,2,4
1477,Bruce Bowen,MIA,200005210MIA,"May 21, 2000",NYK,2,1,2,2,40.0,53.19,-13.19,0,0,1,0,1,2,0,0,0,0,0,0,0,0,0,0,0,0,0,0,0,0,0,0
901,Otis Thorpe,MIA,200005210MIA,"May 21, 2000",NYK,4,1,4,3,66.67,72.46,-5.79,1,2,0,0,1,2,0,0,0,0,0,0,0,0,0,0,0,0,0,0,0,0,1,0
1853,Anthony Carter,MIA,200005210MIA,"May 21, 2000",NYK,2,2,0,2,50.0,50.0,0.0,2,2,0,0,0,0,0,0,0,0,0,0,0,0,0,0,0,0,0,0,0,0,0,0
717,Arvydas Sabonis,POR,200005220LAL,"May 22, 2000",LAL,5,8,2,9,26.32,28.15,-1.83,7,4,1,0,1,1,0,0,0,0,0,0,0,0,0,0,0,0,0,0,0,0,0,0
166,Ron Harper,LAL,200005220LAL,"May 22, 2000",POR,7,6,2,7,41.18,50.87,-9.69,3,2,3,3,0,0,0,0,0,0,0,0,0,0,0,0,0,0,0,0,0,0,1,2
977,Kobe Bryant,LAL,200005220LAL,"May 22, 2000",POR,12,9,8,13,42.86,47.92,-5.06,7,2,2,3,3,5,0,0,0,0,0,0,0,0,0,0,0,0,0,0,0,0,1,2
779,Glen Rice,LAL,200005220LAL,"May 22, 2000",POR,6,9,1,10,28.57,31.78,-3.21,7,6,2,0,0,0,0,0,0,0,0,0,1,0,0,0,0,0,0,0,0,0,0,0
120,Steven Smith,POR,200005220LAL,"May 22, 2000",LAL,24,14,6,17,66.67,72.12,-5.45,12,12,2,6,1,2,0,0,0,0,0,0,0,0,0,0,0,0,0,0,0,0,2,4
739,Rasheed Wallace,POR,200005220LAL,"May 22, 2000",LAL,29,18,11,23,58.0,63.49,-5.49,14,8,3,9,4,8,0,0,1,3,0,0,0,0,0,0,0,0,0,0,0,0,1,1
937,Scottie Pippen,POR,200005220LAL,"May 22, 2000",LAL,21,10,12,16,63.64,68.72,-5.08,9,12,1,0,4,6,0,0,0,0,0,0,0,0,0,0,0,0,0,0,0,0,2,3
757,Damon Stoudamire,LAL,200005220LAL,"May 22, 2000",POR,0,3,0,3,0.0,0.0,0.0,2,0,1,0,0,0,0,0,0,0,0,0,0,0,0,0,0,0,0,0,0,0,0,0
406,Shaquille O'Neal,LAL,200005220LAL,"May 22, 2000",POR,23,16,17,23,46.94,48.98,-2.04,13,12,0,0,3,0,0,0,3,7,0,0,0,0,0,0,0,0,0,0,0,0,4,4
920,A.C. Green,LAL,200005220LAL,"May 22, 2000",POR,6,5,0,5,60.0,60.0,0.0,5,6,0,0,0,0,0,0,0,0,0,0,0,0,0,0,0,0,0,0,0,0,0,0
258,Brian Grant,POR,200005220LAL,"May 22, 2000",LAL,2,2,0,2,50.0,50.0,0.0,2,2,0,0,0,0,0,0,0,0,0,0,0,0,0,0,0,0,0,0,0,0,0,0
109,Robert Horry,LAL,200005220LAL,"May 22, 2000",POR,2,5,0,5,15.38,20.0,-4.62,2,2,3,0,0,0,0,0,0,0,0,0,0,0,0,0,0,0,0,0,0,0,0,0
21,Greg Anthony,POR,200005220LAL,"May 22, 2000",LAL,6,7,0,7,35.29,42.86,-7.57,4,6,3,0,0,0,0,0,0,0,0,0,0,0,0,0,0,0,0,0,0,0,0,0
965,Derek Fisher,LAL,200005220LAL,"May 22, 2000",POR,2,4,0,4,25.0,25.0,0.0,4,2,0,0,0,0,0,0,0,0,0,0,0,0,0,0,0,0,0,0,0,0,0,0
96,Detlef Schrempf,POR,200005220LAL,"May 22, 2000",LAL,2,1,2,2,50.0,53.19,-3.19,1,0,0,0,0,0,0,0,0,0,0,0,0,0,0,0,0,0,0,0,0,0,1,2
979,Jermaine O'Neal,POR,200005220LAL,"May 22, 2000",LAL,4,2,3,3,57.14,60.24,-3.1,1,0,0,0,0,0,0,0,1,3,0,0,0,0,0,0,0,0,0,0,0,0,1,1
1719,Bonzi Wells,LAL,200005220LAL,"May 22, 2000",POR,12,8,7,11,52.17,54.15,-1.98,7,6,0,0,2,2,0,0,1,3,0,0,0,0,0,0,0,0,0,0,0,0,1,1
296,Rick Fox,LAL,200005220LAL,"May 22, 2000",POR,8,5,0,5,57.14,80.0,-22.86,1,2,4,6,0,0,0,0,0,0,0,0,0,0,0,0,0,0,0,0,0,0,0,0
969,Travis Knight,LAL,200005220LAL,"May 22, 2000",POR,2,1,0,1,100.0,100.0,0.0,1,2,0,0,0,0,0,0,0,0,0,0,0,0,0,0,0,0,0,0,0,0,0,0
216,Brian Shaw,LAL,200005220LAL,"May 22, 2000",POR,8,6,2,7,40.0,58.14,-18.14,0,0,6,6,0,0,0,0,0,0,0,0,0,0,0,0,0,0,0,0,0,0,1,2
278,Stacey Augmon,POR,200005220LAL,"May 22, 2000",LAL,0,1,0,1,0.0,0.0,0.0,1,0,0,0,0,0,0,0,0,0,0,0,0,0,0,0,0,0,0,0,0,0,0,0
1904,Devean George,POR,200005220LAL,"May 22, 2000",LAL,1,3,2,4,9.09,12.89,-3.8,0,0,3,0,1,1,0,0,0,0,0,0,0,0,0,0,0,0,0,0,0,0,0,0
202,Gary Grant,POR,200005220LAL,"May 22, 2000",LAL,1,0,2,1,50.0,56.82,-6.82,0,0,0,0,0,0,0,0,0,0,0,0,0,0,0,0,0,0,0,0,0,0,1,1
22,Rik Smits,IND,200005230IND,"May 23, 2000",NYK,16,10,2,11,72.73,73.53,-0.8,10,14,0,0,1,2,0,0,0,0,0,0,0,0,0,0,0,0,0,0,0,0,0,0
121,Patrick Ewing,NYK,200005230IND,"May 23, 2000",IND,21,18,9,22,46.67,47.81,-1.14,17,14,0,0,2,3,0,0,1,2,0,0,0,0,0,0,0,0,0,0,0,0,2,2
349,Mark Jackson,IND,200005230IND,"May 23, 2000",NYK,11,7,2,8,55.0,69.8,-14.8,3,0,4,9,0,0,0,0,0,0,0,0,0,0,0,0,0,0,0,0,0,0,1,2
905,Dale Davis,IND,200005230IND,"May 23, 2000",NYK,14,13,0,13,53.85,53.85,0.0,13,14,0,0,0,0,0,0,0,0,0,0,0,0,0,0,0,0,0,0,0,0,0,0
369,Charlie Ward,NYK,200005230IND,"May 23, 2000",IND,14,7,2,8,73.68,88.83,-15.15,4,6,3,6,1,2,0,0,0,0,0,0,0,0,0,0,0,0,0,0,0,0,0,0
397,Reggie Miller,IND,200005230IND,"May 23, 2000",NYK,19,20,2,21,43.18,45.5,-2.32,18,14,2,3,1,2,0,0,0,0,0,0,0,0,0,0,0,0,0,0,0,0,0,0
913,Larry Johnson,NYK,200005230IND,"May 23, 2000",IND,3,5,0,5,27.27,30.0,-2.73,4,0,1,3,0,0,0,0,0,0,0,0,0,0,0,0,0,0,0,0,0,0,0,0
147,Jalen Rose,IND,200005230IND,"May 23, 2000",NYK,17,19,2,20,40.48,42.76,-2.28,17,12,2,3,0,0,0,0,0,0,0,0,0,0,0,0,0,0,0,0,0,0,1,2
84,Latrell Sprewell,NYK,200005230IND,"May 23, 2000",IND,22,19,6,22,46.81,50.83,-4.02,16,14,3,3,2,3,0,0,0,0,0,0,0,0,1,2,0,0,0,0,0,0,0,0
275,Allan Houston,NYK,200005230IND,"May 23, 2000",IND,18,16,0,16,51.43,56.25,-4.82,13,12,3,6,0,0,0,0,0,0,0,0,0,0,0,0,0,0,0,0,0,0,0,0
164,Chris Childs,NYK,200005230IND,"May 23, 2000",IND,4,2,0,2,100.0,100.0,0.0,2,4,0,0,0,0,0,0,0,0,0,0,0,0,0,0,0,0,0,0,0,0,0,0
948,Marcus Camby,NYK,200005230IND,"May 23, 2000",IND,4,9,0,9,21.05,22.22,-1.17,8,4,1,0,0,0,0,0,0,0,0,0,0,0,0,0,0,0,0,0,0,0,0,0
1506,Austin Croshere,IND,200005230IND,"May 23, 2000",NYK,22,10,4,12,75.86,93.54,-17.68,5,6,5,12,2,4,0,0,0,0,0,0,0,0,0,0,0,0,0,0,0,0,0,0
365,Derrick McKey,IND,200005230IND,"May 23, 2000",NYK,0,1,0,1,0.0,0.0,0.0,0,0,1,0,0,0,0,0,0,0,0,0,0,0,0,0,0,0,0,0,0,0,0,0
703,Kurt Thomas,NYK,200005230IND,"May 23, 2000",IND,2,3,0,3,33.33,33.33,0.0,3,2,0,0,0,0,0,0,0,0,0,0,0,0,0,0,0,0,0,0,0,0,0,0
696,Travis Best,IND,200005230IND,"May 23, 2000",NYK,0,2,0,2,0.0,0.0,0.0,2,0,0,0,0,0,0,0,0,0,0,0,0,0,0,0,0,0,0,0,0,0,0,0
64,Sam Perkins,IND,200005230IND,"May 23, 2000",NYK,3,1,0,1,100.0,150.0,-50.0,0,0,1,3,0,0,0,0,0,0,0,0,0,0,0,0,0,0,0,0,0,0,0,0
1594,Rick Brunson,NYK,200005230IND,"May 23, 2000",IND,0,1,0,1,0.0,0.0,0.0,1,0,0,0,0,0,0,0,0,0,0,0,0,0,0,0,0,0,0,0,0,0,0,0
913,Larry Johnson,NYK,200005250IND,"May 25, 2000",IND,25,17,6,20,55.56,63.65,-8.09,12,18,5,3,3,4,0,0,0,0,0,0,0,0,0,0,0,0,0,0,0,0,0,0
22,Rik Smits,IND,200005250IND,"May 25, 2000",NYK,12,13,4,14,40.0,40.65,-0.65,11,6,0,0,1,0,0,0,2,6,0,0,0,0,0,0,0,0,0,0,0,0,0,0
275,Allan Houston,NYK,200005250IND,"May 25, 2000",IND,15,13,3,14,51.72,52.37,-0.65,12,10,0,0,1,2,0,0,1,3,0,0,0,0,0,0,0,0,0,0,0,0,0,0
397,Reggie Miller,NYK,200005250IND,"May 25, 2000",IND,19,15,8,19,45.24,51.3,-6.06,11,10,4,3,1,1,0,0,0,0,0,0,0,0,1,1,0,0,0,0,0,0,2,4
121,Patrick Ewing,NYK,200005250IND,"May 25, 2000",IND,4,4,0,4,50.0,50.0,0.0,4,4,0,0,0,0,0,0,0,0,0,0,0,0,0,0,0,0,0,0,0,0,0,0
369,Charlie Ward,NYK,200005250IND,"May 25, 2000",IND,0,5,0,5,0.0,0.0,0.0,2,0,3,0,0,0,0,0,0,0,0,0,0,0,0,0,0,0,0,0,0,0,0,0
349,Mark Jackson,IND,200005250IND,"May 25, 2000",NYK,11,8,2,9,50.0,61.94,-11.94,4,6,4,3,1,2,0,0,0,0,0,0,0,0,0,0,0,0,0,0,0,0,0,0
905,Dale Davis,IND,200005250IND,"May 25, 2000",NYK,3,4,4,6,25.0,26.04,-1.04,4,2,0,0,1,1,0,0,0,0,0,0,0,0,0,0,0,0,0,0,0,0,1,0
84,Latrell Sprewell,NYK,200005250IND,"May 25, 2000",IND,10,14,4,16,30.3,31.73,-1.43,13,6,1,0,1,2,0,0,0,0,0,0,0,0,0,0,0,0,0,0,0,0,1,2
147,Jalen Rose,IND,200005250IND,"May 25, 2000",NYK,24,19,12,25,44.44,49.42,-4.98,15,14,4,0,3,5,0,0,0,0,0,0,0,0,0,0,0,0,0,0,0,0,3,5
703,Kurt Thomas,NYK,200005250IND,"May 25, 2000",IND,10,6,0,6,83.33,83.33,0.0,6,10,0,0,0,0,0,0,0,0,0,0,0,0,0,0,0,0,0,0,0,0,0,0
365,Derrick McKey,IND,200005250IND,"May 25, 2000",NYK,2,3,0,3,33.33,33.33,0.0,3,2,0,0,0,0,0,0,0,0,0,0,0,0,0,0,0,0,0,0,0,0,0,0
948,Marcus Camby,NYK,200005250IND,"May 25, 2000",IND,6,7,0,7,42.86,42.86,0.0,7,6,0,0,0,0,0,0,0,0,0,0,0,0,0,0,0,0,0,0,0,0,0,0
1506,Austin Croshere,IND,200005250IND,"May 25, 2000",NYK,5,8,6,11,19.23,23.5,-4.27,4,0,4,0,1,2,0,0,0,0,0,0,0,0,0,0,0,0,0,0,0,0,2,3
164,Chris Childs,NYK,200005250IND,"May 25, 2000",IND,12,9,5,11,46.15,53.57,-7.42,5,4,3,3,0,0,0,0,1,3,0,0,0,0,0,0,0,0,0,0,0,0,2,2
64,Sam Perkins,IND,200005250IND,"May 25, 2000",NYK,7,2,2,3,100.0,121.53,-21.53,1,2,1,3,1,2,0,0,0,0,0,0,0,0,0,0,0,0,0,0,0,0,0,0
696,Travis Best,IND,200005250IND,"May 25, 2000",NYK,5,5,0,5,45.45,50.0,-4.55,4,2,1,3,0,0,0,0,0,0,0,0,0,0,0,0,0,0,0,0,0,0,0,0
961,John Wallace,NYK,200005250IND,"May 25, 2000",IND,0,2,0,2,0.0,0.0,0.0,2,0,0,0,0,0,0,0,0,0,0,0,0,0,0,0,0,0,0,0,0,0,0,0
201,Chris Dudley,NYK,200005250IND,"May 25, 2000",IND,2,1,0,1,100.0,100.0,0.0,1,2,0,0,0,0,0,0,0,0,0,0,0,0,0,0,0,0,0,0,0,0,0,0
739,Rasheed Wallace,POR,200005260POR,"May 26, 2000",LAL,19,11,2,12,79.17,79.97,-0.8,11,18,0,0,1,1,0,0,0,0,0,0,0,0,0,0,0,0,0,0,0,0,0,0
977,Kobe Bryant,LAL,200005260POR,"May 26, 2000",POR,25,18,2,19,64.1,66.21,-2.11,17,20,1,3,1,2,0,0,0,0,0,0,0,0,0,0,0,0,0,0,0,0,0,0
937,Scottie Pippen,POR,200005260POR,"May 26, 2000",LAL,12,13,2,14,38.71,43.23,-4.52,10,8,3,3,0,0,0,0,0,0,0,0,0,0,0,0,0,0,0,0,0,0,1,1
757,Damon Stoudamire,POR,200005260POR,"May 26, 2000",LAL,19,10,2,11,73.08,87.32,-14.24,6,8,4,9,0,0,0,0,0,0,0,0,0,0,0,0,0,0,0,0,0,0,1,2
406,Shaquille O'Neal,LAL,200005260POR,"May 26, 2000",POR,26,17,12,22,56.52,58.35,-1.83,15,16,0,0,2,1,0,0,2,5,0,0,0,0,0,0,0,0,0,0,0,0,3,4
166,Ron Harper,LAL,200005260POR,"May 26, 2000",POR,12,9,2,10,54.55,60.73,-6.18,7,10,2,0,1,2,0,0,0,0,0,0,0,0,0,0,0,0,0,0,0,0,0,0
717,Arvydas Sabonis,POR,200005260POR,"May 26, 2000",LAL,11,6,4,8,61.11,70.88,-9.77,4,4,2,3,2,4,0,0,0,0,0,0,0,0,0,0,0,0,0,0,0,0,0,0
779,Glen Rice,LAL,200005260POR,"May 26, 2000",POR,8,5,2,6,66.67,68.03,-1.36,5,6,0,0,0,0,0,0,0,0,0,0,0,0,0,0,0,0,0,0,0,0,1,2
120,Steven Smith,POR,200005260POR,"May 26, 2000",LAL,14,11,3,12,50.0,56.82,-6.82,7,6,3,3,1,2,0,0,1,3,0,0,0,0,0,0,0,0,0,0,0,0,0,0
920,A.C. Green,LAL,200005260POR,"May 26, 2000",POR,6,5,0,5,60.0,60.0,0.0,5,6,0,0,0,0,0,0,0,0,0,0,0,0,0,0,0,0,0,0,0,0,0,0
96,Detlef Schrempf,POR,200005260POR,"May 26, 2000",LAL,2,4,0,4,22.22,25.0,-2.78,3,2,1,0,0,0,0,0,0,0,0,0,0,0,0,0,0,0,0,0,0,0,0,0
109,Robert Horry,LAL,200005260POR,"May 26, 2000",POR,4,8,4,10,16.0,20.49,-4.49,3,2,5,0,1,1,0,0,0,0,0,0,0,0,0,0,0,0,0,0,0,0,1,1
21,Greg Anthony,POR,200005260POR,"May 26, 2000",LAL,3,3,0,3,37.5,50.0,-12.5,1,0,2,3,0,0,0,0,0,0,0,0,0,0,0,0,0,0,0,0,0,0,0,0
965,Derek Fisher,POR,200005260POR,"May 26, 2000",LAL,7,5,0,5,53.85,70.0,-16.15,2,4,3,3,0,0,0,0,0,0,0,0,0,0,0,0,0,0,0,0,0,0,0,0
296,Rick Fox,LAL,200005260POR,"May 26, 2000",POR,5,4,0,4,50.0,62.5,-12.5,2,2,2,3,0,0,0,0,0,0,0,0,0,0,0,0,0,0,0,0,0,0,0,0
278,Stacey Augmon,POR,200005260POR,"May 26, 2000",LAL,8,8,0,8,50.0,50.0,0.0,8,8,0,0,0,0,0,0,0,0,0,0,0,0,0,0,0,0,0,0,0,0,0,0
1719,Bonzi Wells,POR,200005260POR,"May 26, 2000",LAL,3,3,4,5,30.0,31.51,-1.51,3,0,0,0,1,2,0,0,0,0,0,0,0,0,0,0,0,0,0,0,0,0,1,1
397,Reggie Miller,IND,200005270NYK,"May 27, 2000",NYK,19,12,4,14,59.38,69.04,-9.66,8,6,4,9,2,4,0,0,0,0,0,0,0,0,0,0,0,0,0,0,0,0,0,0
84,Latrell Sprewell,NYK,200005270NYK,"May 27, 2000",IND,32,23,9,28,54.24,59.35,-5.11,19,24,4,3,3,3,0,0,0,0,0,0,1,1,0,0,0,0,0,0,0,0,1,1
22,Rik Smits,IND,200005270NYK,"May 27, 2000",NYK,25,20,1,20,60.98,61.15,-0.17,19,22,0,0,0,0,0,0,1,3,0,0,0,0,0,0,0,0,0,0,0,0,0,0
913,Larry Johnson,NYK,200005270NYK,"May 27, 2000",IND,14,11,2,12,58.33,58.92,-0.59,11,12,0,0,1,2,0,0,0,0,0,0,0,0,0,0,0,0,0,0,0,0,0,0
905,Dale Davis,IND,200005270NYK,"May 27, 2000",NYK,10,6,0,6,83.33,83.33,0.0,6,10,0,0,0,0,0,0,0,0,0,0,0,0,0,0,0,0,0,0,0,0,0,0
275,Allan Houston,NYK,200005270NYK,"May 27, 2000",IND,28,21,7,25,56.0,58.14,-2.14,20,20,1,3,1,2,0,0,0,0,0,0,1,1,0,0,0,0,0,0,0,0,2,2
349,Mark Jackson,IND,200005270NYK,"May 27, 2000",NYK,3,6,0,6,17.65,25.0,-7.35,1,0,5,3,0,0,0,0,0,0,0,0,0,0,0,0,0,0,0,0,0,0,0,0
147,Jalen Rose,IND,200005270NYK,"May 27, 2000",NYK,26,16,11,21,56.52,62.38,-5.86,12,12,3,3,5,9,0,0,1,2,0,0,0,0,0,0,0,0,0,0,0,0,0,0
201,Chris Dudley,NYK,200005270NYK,"May 27, 2000",IND,2,0,2,1,100.0,113.64,-13.64,0,0,0,0,1,2,0,0,0,0,0,0,0,0,0,0,0,0,0,0,0,0,0,0
369,Charlie Ward,NYK,200005270NYK,"May 27, 2000",IND,14,11,2,12,53.85,58.92,-5.07,9,12,2,0,0,0,0,0,0,0,0,0,0,0,0,0,0,0,0,0,0,0,1,2
703,Kurt Thomas,NYK,200005270NYK,"May 27, 2000",IND,4,5,0,5,40.0,40.0,0.0,5,4,0,0,0,0,0,0,0,0,0,0,0,0,0,0,0,0,0,0,0,0,0,0
1506,Austin Croshere,IND,200005270NYK,"May 27, 2000",NYK,3,1,0,1,100.0,150.0,-50.0,0,0,1,3,0,0,0,0,0,0,0,0,0,0,0,0,0,0,0,0,0,0,0,0
365,Derrick McKey,IND,200005270NYK,"May 27, 2000",NYK,0,1,0,1,0.0,0.0,0.0,0,0,1,0,0,0,0,0,0,0,0,0,0,0,0,0,0,0,0,0,0,0,0,0
164,Chris Childs,IND,200005270NYK,"May 27, 2000",NYK,4,3,2,4,44.44,51.55,-7.11,2,2,1,0,0,0,0,0,0,0,0,0,0,0,0,0,0,0,0,0,0,0,1,2
696,Travis Best,IND,200005270NYK,"May 27, 2000",NYK,9,7,2,8,50.0,57.11,-7.11,5,4,2,3,1,2,0,0,0,0,0,0,0,0,0,0,0,0,0,0,0,0,0,0
64,Sam Perkins,IND,200005270NYK,"May 27, 2000",NYK,0,1,0,1,0.0,0.0,0.0,1,0,0,0,0,0,0,0,0,0,0,0,0,0,0,0,0,0,0,0,0,0,0,0
920,A.C. Green,POR,200005280POR,"May 28, 2000",LAL,2,1,0,1,100.0,100.0,0.0,1,2,0,0,0,0,0,0,0,0,0,0,0,0,0,0,0,0,0,0,0,0,0,0
717,Arvydas Sabonis,POR,200005280POR,"May 28, 2000",LAL,14,11,3,12,48.28,56.82,-8.54,6,6,4,3,1,2,0,0,1,3,0,0,0,0,0,0,0,0,0,0,0,0,0,0
977,Kobe Bryant,LAL,200005280POR,"May 28, 2000",POR,18,15,7,18,45.0,49.78,-4.78,11,4,3,6,0,0,0,0,1,3,0,0,1,2,0,0,0,0,0,0,0,0,2,3
406,Shaquille O'Neal,LAL,200005280POR,"May 28, 2000",POR,25,17,9,21,58.14,59.64,-1.5,16,14,0,0,1,2,0,0,1,3,0,0,0,0,0,0,0,0,0,0,0,0,3,6
120,Steven Smith,POR,200005280POR,"May 28, 2000",LAL,20,15,6,19,50.0,56.69,-6.69,11,6,4,9,1,1,0,0,0,0,0,0,2,2,0,0,0,0,0,0,0,0,1,2
779,Glen Rice,LAL,200005280POR,"May 28, 2000",POR,21,11,5,14,67.74,79.55,-11.81,6,8,4,6,1,2,0,0,1,3,0,0,2,2,0,0,0,0,0,0,0,0,0,0
739,Rasheed Wallace,POR,200005280POR,"May 28, 2000",LAL,34,25,13,31,51.52,55.34,-3.82,21,18,3,3,3,5,0,0,1,3,0,0,0,0,0,0,0,0,0,0,0,0,3,5
757,Damon Stoudamire,POR,200005280POR,"May 28, 2000",LAL,4,6,0,6,30.77,33.33,-2.56,5,4,1,0,0,0,0,0,0,0,0,0,0,0,0,0,0,0,0,0,0,0,0,0
937,Scottie Pippen,POR,200005280POR,"May 28, 2000",LAL,11,12,4,14,34.38,39.97,-5.59,8,8,4,0,1,1,0,0,0,0,0,0,0,0,0,0,0,0,0,0,0,0,1,2
166,Ron Harper,LAL,200005280POR,"May 28, 2000",POR,18,12,6,15,58.06,61.48,-3.42,11,12,1,0,1,2,0,0,0,0,0,0,0,0,0,0,0,0,0,0,0,0,2,4
965,Derek Fisher,LAL,200005280POR,"May 28, 2000",POR,7,3,2,4,70.0,90.21,-20.21,1,2,2,3,1,2,0,0,0,0,0,0,0,0,0,0,0,0,0,0,0,0,0,0
109,Robert Horry,LAL,200005280POR,"May 28, 2000",POR,9,8,3,9,45.0,48.28,-3.28,6,4,1,0,0,0,0,0,1,3,0,0,0,0,0,0,0,0,0,0,0,0,1,2
258,Brian Grant,POR,200005280POR,"May 28, 2000",LAL,5,4,2,5,50.0,51.23,-1.23,4,4,0,0,0,0,0,0,0,0,0,0,0,0,0,0,0,0,0,0,0,0,1,1
1719,Bonzi Wells,POR,200005280POR,"May 28, 2000",LAL,3,3,6,6,25.0,26.6,-1.6,3,0,0,0,2,2,0,0,0,0,0,0,0,0,0,0,0,0,0,0,0,0,1,1
296,Rick Fox,POR,200005280POR,"May 28, 2000",LAL,3,3,0,3,37.5,50.0,-12.5,1,0,2,3,0,0,0,0,0,0,0,0,0,0,0,0,0,0,0,0,0,0,0,0
278,Stacey Augmon,POR,200005280POR,"May 28, 2000",LAL,0,1,0,1,0.0,0.0,0.0,1,0,0,0,0,0,0,0,0,0,0,0,0,0,0,0,0,0,0,0,0,0,0,0
927,John Salley,LAL,200005280POR,"May 28, 2000",POR,0,1,2,2,0.0,0.0,0.0,1,0,0,0,0,0,0,0,0,0,0,0,0,0,0,0,0,0,0,0,0,0,1,0
397,Reggie Miller,IND,200005290NYK,"May 29, 2000",NYK,24,23,1,24,40.0,51.19,-11.19,10,8,13,15,0,0,0,0,0,0,0,0,1,1,0,0,0,0,0,0,0,0,0,0
913,Larry Johnson,NYK,200005290NYK,"May 29, 2000",IND,25,16,0,16,67.57,78.12,-10.55,11,10,5,15,0,0,0,0,0,0,0,0,0,0,0,0,0,0,0,0,0,0,0,0
201,Chris Dudley,IND,200005290NYK,"May 29, 2000",NYK,0,1,0,1,0.0,0.0,0.0,1,0,0,0,0,0,0,0,0,0,0,0,0,0,0,0,0,0,0,0,0,0,0,0
369,Charlie Ward,NYK,200005290NYK,"May 29, 2000",IND,16,13,2,14,47.06,57.64,-10.58,7,4,6,12,0,0,0,0,0,0,0,0,0,0,0,0,0,0,0,0,0,0,1,0
147,Jalen Rose,IND,200005290NYK,"May 29, 2000",NYK,18,18,2,19,45.0,47.67,-2.67,16,14,2,3,1,1,0,0,0,0,0,0,0,0,0,0,0,0,0,0,0,0,0,0
349,Mark Jackson,IND,200005290NYK,"May 29, 2000",NYK,8,6,4,8,47.06,51.55,-4.49,5,4,1,0,2,4,0,0,0,0,0,0,0,0,0,0,0,0,0,0,0,0,0,0
275,Allan Houston,NYK,200005290NYK,"May 29, 2000",IND,17,12,5,14,56.67,59.86,-3.19,10,8,1,3,2,3,0,0,1,3,0,0,0,0,0,0,0,0,0,0,0,0,0,0
905,Dale Davis,NYK,200005290NYK,"May 29, 2000",IND,10,9,0,9,55.56,55.56,0.0,9,10,0,0,0,0,0,0,0,0,0,0,0,0,0,0,0,0,0,0,0,0,0,0
703,Kurt Thomas,NYK,200005290NYK,"May 29, 2000",IND,16,11,4,13,61.54,62.7,-1.16,11,12,0,0,1,2,0,0,0,0,0,0,0,0,0,0,0,0,0,0,0,0,1,2
22,Rik Smits,IND,200005290NYK,"May 29, 2000",NYK,13,10,1,10,61.9,62.26,-0.36,9,10,0,0,0,0,0,0,1,3,0,0,0,0,0,0,0,0,0,0,0,0,0,0
84,Latrell Sprewell,NYK,200005290NYK,"May 29, 2000",IND,12,12,4,14,41.38,43.6,-2.22,11,10,1,0,1,1,0,0,0,0,0,0,0,0,0,0,0,0,0,0,0,0,1,1
948,Marcus Camby,NYK,200005290NYK,"May 29, 2000",IND,5,4,1,4,55.56,56.31,-0.75,3,2,0,0,0,0,0,0,1,3,0,0,0,0,0,0,0,0,0,0,0,0,0,0
696,Travis Best,IND,200005290NYK,"May 29, 2000",NYK,12,8,2,9,60.0,67.57,-7.57,6,4,2,6,0,0,0,0,0,0,0,0,0,0,0,0,0,0,0,0,0,0,1,2
1506,Austin Croshere,IND,200005290NYK,"May 29, 2000",NYK,4,3,0,3,66.67,66.67,0.0,3,4,0,0,0,0,0,0,0,0,0,0,0,0,0,0,0,0,0,0,0,0,0,0
164,Chris Childs,NYK,200005290NYK,"May 29, 2000",IND,0,2,0,2,0.0,0.0,0.0,1,0,1,0,0,0,0,0,0,0,0,0,0,0,0,0,0,0,0,0,0,0,0,0
64,Sam Perkins,NYK,200005290NYK,"May 29, 2000",IND,0,2,0,2,0.0,0.0,0.0,1,0,1,0,0,0,0,0,0,0,0,0,0,0,0,0,0,0,0,0,0,0,0,0
977,Kobe Bryant,LAL,200005300LAL,"May 30, 2000",POR,17,13,9,17,44.74,50.12,-5.38,9,4,3,3,3,6,0,0,1,2,0,0,0,0,0,0,0,0,0,0,0,0,1,2
717,Arvydas Sabonis,POR,200005300LAL,"May 30, 2000",LAL,12,10,0,10,57.14,60.0,-2.86,9,12,1,0,0,0,0,0,0,0,0,0,0,0,0,0,0,0,0,0,0,0,0,0
739,Rasheed Wallace,POR,200005300LAL,"May 30, 2000",LAL,22,21,8,25,42.31,44.86,-2.55,19,12,2,3,3,5,0,0,0,0,0,0,0,0,0,0,0,0,0,0,0,0,1,2
406,Shaquille O'Neal,LAL,200005300LAL,"May 30, 2000",POR,31,20,12,25,59.62,61.31,-1.69,18,20,0,0,3,3,0,0,2,6,0,0,0,0,0,0,0,0,0,0,0,0,2,2
120,Steven Smith,POR,200005300LAL,"May 30, 2000",LAL,13,8,6,11,48.15,61.09,-12.94,3,2,5,6,0,0,0,0,0,0,0,0,0,0,0,0,0,0,0,0,0,0,3,5
937,Scottie Pippen,POR,200005300LAL,"May 30, 2000",LAL,22,12,7,15,62.86,72.94,-10.08,7,10,4,6,2,2,0,0,1,2,0,0,0,0,0,0,0,0,0,0,0,0,1,2
779,Glen Rice,LAL,200005300LAL,"May 30, 2000",POR,4,8,3,10,16.67,21.46,-4.79,3,2,5,0,1,1,0,0,0,0,0,0,1,1,0,0,0,0,0,0,0,0,0,0
757,Damon Stoudamire,POR,200005300LAL,"May 30, 2000",LAL,2,4,2,5,20.0,20.49,-0.49,4,0,0,0,1,2,0,0,0,0,0,0,0,0,0,0,0,0,0,0,0,0,0,0
166,Ron Harper,POR,200005300LAL,"May 30, 2000",LAL,14,12,2,13,45.16,54.35,-9.19,7,10,5,3,0,0,0,0,0,0,0,0,0,0,0,0,0,0,0,0,0,0,1,1
920,A.C. Green,LAL,200005300LAL,"May 30, 2000",POR,0,2,0,2,0.0,0.0,0.0,2,0,0,0,0,0,0,0,0,0,0,0,0,0,0,0,0,0,0,0,0,0,0,0
216,Brian Shaw,LAL,200005300LAL,"May 30, 2000",POR,2,2,0,2,40.0,50.0,-10.0,1,2,1,0,0,0,0,0,0,0,0,0,0,0,0,0,0,0,0,0,0,0,0,0
21,Greg Anthony,POR,200005300LAL,"May 30, 2000",LAL,0,1,2,2,0.0,0.0,0.0,0,0,1,0,1,0,0,0,0,0,0,0,0,0,0,0,0,0,0,0,0,0,0,0
965,Derek Fisher,LAL,200005300LAL,"May 30, 2000",POR,10,6,4,8,47.62,64.43,-16.81,1,0,5,6,0,0,0,0,0,0,0,0,0,0,0,0,0,0,0,0,0,0,2,4
109,Robert Horry,LAL,200005300LAL,"May 30, 2000",POR,7,11,0,11,26.92,31.82,-4.9,7,4,4,3,0,0,0,0,0,0,0,0,0,0,0,0,0,0,0,0,0,0,0,0
979,Jermaine O'Neal,POR,200005300LAL,"May 30, 2000",LAL,2,0,2,1,100.0,113.64,-13.64,0,0,0,0,0,0,0,0,0,0,0,0,0,0,0,0,0,0,0,0,0,0,1,2
296,Rick Fox,LAL,200005300LAL,"May 30, 2000",POR,3,5,0,5,21.43,30.0,-8.57,1,0,4,3,0,0,0,0,0,0,0,0,0,0,0,0,0,0,0,0,0,0,0,0
96,Detlef Schrempf,POR,200005300LAL,"May 30, 2000",LAL,9,4,6,7,56.25,67.77,-11.52,2,4,2,0,2,4,0,0,0,0,0,0,0,0,0,0,0,0,0,0,0,0,1,1
1719,Bonzi Wells,POR,200005300LAL,"May 30, 2000",LAL,5,7,0,7,31.25,35.71,-4.46,5,2,2,3,0,0,0,0,0,0,0,0,0,0,0,0,0,0,0,0,0,0,0,0
258,Brian Grant,POR,200005300LAL,"May 30, 2000",LAL,9,7,1,7,60.0,60.48,-0.48,6,6,0,0,0,0,0,0,1,3,0,0,0,0,0,0,0,0,0,0,0,0,0,0
22,Rik Smits,IND,200005310IND,"May 31, 2000",NYK,0,6,0,6,0.0,0.0,0.0,6,0,0,0,0,0,0,0,0,0,0,0,0,0,0,0,0,0,0,0,0,0,0,0
121,Patrick Ewing,NYK,200005310IND,"May 31, 2000",IND,13,10,5,12,52.0,53.28,-1.28,9,8,0,0,2,2,0,0,1,3,0,0,0,0,0,0,0,0,0,0,0,0,0,0
913,Larry Johnson,NYK,200005310IND,"May 31, 2000",IND,4,8,0,8,23.53,25.0,-1.47,7,4,1,0,0,0,0,0,0,0,0,0,0,0,0,0,0,0,0,0,0,0,0,0
397,Reggie Miller,IND,200005310IND,"May 31, 2000",NYK,16,16,2,17,37.21,47.39,-10.18,7,8,9,6,1,2,0,0,0,0,0,0,0,0,0,0,0,0,0,0,0,0,0,0
369,Charlie Ward,NYK,200005310IND,"May 31, 2000",IND,11,6,2,7,64.71,79.94,-15.23,3,4,3,6,1,1,0,0,0,0,0,0,0,0,0,0,0,0,0,0,0,0,0,0
84,Latrell Sprewell,NYK,200005310IND,"May 31, 2000",IND,10,14,2,15,31.25,33.6,-2.35,12,8,2,0,1,2,0,0,0,0,0,0,0,0,0,0,0,0,0,0,0,0,0,0
349,Mark Jackson,IND,200005310IND,"May 31, 2000",NYK,11,10,2,11,44.0,50.55,-6.55,7,6,3,3,0,0,0,0,0,0,0,0,0,0,0,0,0,0,0,0,0,0,1,2
275,Allan Houston,NYK,200005310IND,"May 31, 2000",IND,25,20,2,21,53.19,59.87,-6.68,15,14,5,9,1,2,0,0,0,0,0,0,0,0,0,0,0,0,0,0,0,0,0,0
905,Dale Davis,IND,200005310IND,"May 31, 2000",NYK,10,7,4,8,55.56,57.08,-1.52,5,4,0,0,0,0,0,0,2,5,0,0,0,0,0,0,0,0,0,0,0,0,1,1
147,Jalen Rose,IND,200005310IND,"May 31, 2000",NYK,18,15,5,18,45.0,52.33,-7.33,10,4,5,9,2,4,0,0,0,0,0,0,0,0,0,0,0,0,0,0,1,1,0,0
1506,Austin Croshere,IND,200005310IND,"May 31, 2000",NYK,2,5,0,5,18.18,20.0,-1.82,4,2,1,0,0,0,0,0,0,0,0,0,0,0,0,0,0,0,0,0,0,0,0,0
696,Travis Best,IND,200005310IND,"May 31, 2000",NYK,24,11,10,16,68.57,77.92,-9.35,8,10,3,6,1,2,0,0,0,0,0,0,0,0,0,0,0,0,0,0,0,0,4,6
703,Kurt Thomas,NYK,200005310IND,"May 31, 2000",IND,8,7,0,7,57.14,57.14,0.0,7,8,0,0,0,0,0,0,0,0,0,0,0,0,0,0,0,0,0,0,0,0,0,0
948,Marcus Camby,NYK,200005310IND,"May 31, 2000",IND,5,3,6,6,41.67,44.33,-2.66,3,0,0,0,3,5,0,0,0,0,0,0,0,0,0,0,0,0,0,0,0,0,0,0
64,Sam Perkins,IND,200005310IND,"May 31, 2000",NYK,7,8,2,9,30.43,39.41,-8.98,3,0,5,6,1,1,0,0,0,0,0,0,0,0,0,0,0,0,0,0,0,0,0,0
365,Derrick McKey,IND,200005310IND,"May 31, 2000",NYK,0,1,0,1,0.0,0.0,0.0,1,0,0,0,0,0,0,0,0,0,0,0,0,0,0,0,0,0,0,0,0,0,0,0
164,Chris Childs,IND,200005310IND,"May 31, 2000",NYK,3,7,0,7,16.67,21.43,-4.76,3,0,4,3,0,0,0,0,0,0,0,0,0,0,0,0,0,0,0,0,0,0,0,0
275,Allan Houston,NYK,200006020NYK,"Jun 2, 2000",IND,10,15,0,15,31.25,33.33,-2.08,13,10,2,0,0,0,0,0,0,0,0,0,0,0,0,0,0,0,0,0,0,0,0,0
905,Dale Davis,IND,200006020NYK,"Jun 2, 2000",NYK,9,9,2,9,45.0,45.55,-0.55,7,4,0,0,0,0,0,0,2,5,0,0,0,0,0,0,0,0,0,0,0,0,0,0
84,Latrell Sprewell,NYK,200006020NYK,"Jun 2, 2000",IND,32,26,4,27,52.46,57.64,-5.18,19,16,5,9,1,1,0,0,2,6,0,0,0,0,0,0,0,0,0,0,0,0,0,0
121,Patrick Ewing,NYK,200006020NYK,"Jun 2, 2000",IND,18,15,9,19,46.15,47.47,-1.32,14,10,0,0,3,4,0,0,1,3,0,0,0,0,0,0,0,0,0,0,0,0,1,1
349,Mark Jackson,IND,200006020NYK,"Jun 2, 2000",NYK,9,7,2,8,45.0,57.11,-12.11,3,4,4,3,1,2,0,0,0,0,0,0,0,0,0,0,0,0,0,0,0,0,0,0
913,Larry Johnson,NYK,200006020NYK,"Jun 2, 2000",IND,7,10,0,10,31.82,35.0,-3.18,8,4,2,3,0,0,0,0,0,0,0,0,0,0,0,0,0,0,0,0,0,0,0,0
22,Rik Smits,IND,200006020NYK,"Jun 2, 2000",NYK,4,4,2,5,40.0,40.98,-0.98,4,2,0,0,1,2,0,0,0,0,0,0,0,0,0,0,0,0,0,0,0,0,0,0
397,Reggie Miller,IND,200006020NYK,"Jun 2, 2000",NYK,34,19,9,23,62.96,74.04,-11.08,11,8,7,15,1,2,0,0,1,3,0,0,0,0,0,0,0,0,0,0,0,0,3,6
147,Jalen Rose,IND,200006020NYK,"Jun 2, 2000",NYK,11,15,2,16,28.95,34.63,-5.68,9,8,6,3,1,0,0,0,0,0,0,0,0,0,0,0,0,0,0,0,0,0,0,0
369,Charlie Ward,IND,200006020NYK,"Jun 2, 2000",NYK,6,3,2,4,66.67,77.32,-10.65,2,4,1,0,1,2,0,0,0,0,0,0,0,0,0,0,0,0,0,0,0,0,0,0
64,Sam Perkins,IND,200006020NYK,"Jun 2, 2000",NYK,6,8,2,9,28.57,33.78,-5.21,5,4,3,0,0,0,0,0,0,0,0,0,0,0,0,0,0,0,0,0,0,0,1,2
948,Marcus Camby,NYK,200006020NYK,"Jun 2, 2000",IND,0,2,0,2,0.0,0.0,0.0,2,0,0,0,0,0,0,0,0,0,0,0,0,0,0,0,0,0,0,0,0,0,0,0
365,Derrick McKey,IND,200006020NYK,"Jun 2, 2000",NYK,4,1,4,3,66.67,72.46,-5.79,1,0,0,0,0,0,0,0,0,0,0,0,0,0,0,0,0,0,0,0,0,0,2,4
1506,Austin Croshere,IND,200006020NYK,"Jun 2, 2000",NYK,6,6,4,8,35.29,38.66,-3.37,5,2,1,0,1,2,0,0,0,0,0,0,0,0,0,0,0,0,0,0,0,0,1,2
164,Chris Childs,NYK,200006020NYK,"Jun 2, 2000",IND,6,2,2,3,100.0,104.17,-4.17,2,4,0,0,1,2,0,0,0,0,0,0,0,0,0,0,0,0,0,0,0,0,0,0
696,Travis Best,IND,200006020NYK,"Jun 2, 2000",NYK,10,5,4,7,66.67,73.96,-7.29,4,6,1,0,1,2,0,0,0,0,0,0,0,0,0,0,0,0,0,0,0,0,1,2
703,Kurt Thomas,IND,200006020NYK,"Jun 2, 2000",NYK,1,1,2,2,25.0,26.6,-1.6,1,0,0,0,1,1,0,0,0,0,0,0,0,0,0,0,0,0,0,0,0,0,0,0
406,Shaquille O'Neal,LAL,200006020POR,"Jun 2, 2000",POR,17,17,10,22,38.64,39.72,-1.08,17,14,0,0,5,3,0,0,0,0,0,0,0,0,0,0,0,0,0,0,0,0,0,0
739,Rasheed Wallace,POR,200006020POR,"Jun 2, 2000",LAL,18,10,8,14,64.29,66.57,-2.28,10,12,0,0,3,5,0,0,0,0,0,0,0,0,0,0,0,0,0,0,0,0,1,1
757,Damon Stoudamire,POR,200006020POR,"Jun 2, 2000",LAL,14,13,1,13,50.0,52.08,-2.08,11,12,1,0,0,0,0,0,1,2,0,0,0,0,0,0,0,0,0,0,0,0,0,0
977,Kobe Bryant,LAL,200006020POR,"Jun 2, 2000",POR,33,24,6,27,52.38,61.94,-9.56,14,10,9,18,2,2,0,0,1,3,0,0,1,0,0,0,0,0,0,0,0,0,0,0
120,Steven Smith,POR,200006020POR,"Jun 2, 2000",LAL,26,18,5,21,59.09,64.36,-5.27,15,18,3,3,0,0,0,0,0,0,0,0,1,1,0,0,0,0,0,0,0,0,2,4
166,Ron Harper,LAL,200006020POR,"Jun 2, 2000",POR,7,7,3,8,41.18,42.07,-0.89,6,4,0,0,0,0,0,0,1,3,0,0,0,0,0,0,0,0,0,0,0,0,1,0
920,A.C. Green,POR,200006020POR,"Jun 2, 2000",LAL,4,4,2,5,40.0,40.98,-0.98,4,2,0,0,1,2,0,0,0,0,0,0,0,0,0,0,0,0,0,0,0,0,0,0
779,Glen Rice,LAL,200006020POR,"Jun 2, 2000",POR,12,11,0,11,48.0,54.55,-6.55,8,6,3,6,0,0,0,0,0,0,0,0,0,0,0,0,0,0,0,0,0,0,0,0
717,Arvydas Sabonis,POR,200006020POR,"Jun 2, 2000",LAL,10,10,4,12,40.0,42.52,-2.52,9,6,1,0,1,2,0,0,0,0,0,0,0,0,0,0,0,0,0,0,0,0,1,2
937,Scottie Pippen,POR,200006020POR,"Jun 2, 2000",LAL,9,6,10,11,36.0,43.27,-7.27,3,2,3,0,2,4,0,0,0,0,0,0,0,0,1,1,0,0,0,0,0,0,2,2
109,Robert Horry,LAL,200006020POR,"Jun 2, 2000",POR,6,4,4,6,42.86,52.08,-9.22,2,2,2,0,2,4,0,0,0,0,0,0,0,0,0,0,0,0,0,0,0,0,0,0
296,Rick Fox,LAL,200006020POR,"Jun 2, 2000",POR,2,2,0,2,40.0,50.0,-10.0,1,2,1,0,0,0,0,0,0,0,0,0,0,0,0,0,0,0,0,0,0,0,0,0
1719,Bonzi Wells,POR,200006020POR,"Jun 2, 2000",LAL,20,13,4,15,66.67,67.75,-1.08,13,16,0,0,2,4,0,0,0,0,0,0,0,0,0,0,0,0,0,0,0,0,0,0
258,Brian Grant,POR,200006020POR,"Jun 2, 2000",LAL,6,3,2,4,75.0,77.32,-2.32,3,4,0,0,1,2,0,0,0,0,0,0,0,0,0,0,0,0,0,0,0,0,0,0
96,Detlef Schrempf,POR,200006020POR,"Jun 2, 2000",LAL,0,1,0,1,0.0,0.0,0.0,1,0,0,0,0,0,0,0,0,0,0,0,0,0,0,0,0,0,0,0,0,0,0,0
216,Brian Shaw,LAL,200006020POR,"Jun 2, 2000",POR,12,6,2,7,66.67,87.21,-20.54,2,0,4,12,0,0,0,0,0,0,0,0,0,0,0,0,0,0,0,0,0,0,1,0
739,Rasheed Wallace,POR,200006040LAL,"Jun 4, 2000",LAL,30,26,5,28,50.85,53.19,-2.34,23,20,2,6,1,2,0,0,1,2,0,0,0,0,0,0,0,0,0,0,0,0,1,0
166,Ron Harper,LAL,200006040LAL,"Jun 4, 2000",POR,9,6,2,7,64.29,65.41,-1.12,6,8,0,0,0,0,0,0,0,0,0,0,0,0,0,0,0,0,0,0,0,0,1,1
757,Damon Stoudamire,POR,200006040LAL,"Jun 4, 2000",LAL,5,6,0,6,38.46,41.67,-3.21,5,2,1,3,0,0,0,0,0,0,0,0,0,0,0,0,0,0,0,0,0,0,0,0
779,Glen Rice,LAL,200006040LAL,"Jun 4, 2000",POR,11,10,1,10,42.31,52.68,-10.37,4,2,5,6,0,0,0,0,1,3,0,0,0,0,0,0,0,0,0,0,0,0,0,0
977,Kobe Bryant,POR,200006040LAL,"Jun 4, 2000",LAL,25,19,12,25,46.3,51.48,-5.18,15,16,4,3,4,5,0,0,0,0,0,0,0,0,0,0,0,0,0,0,0,0,2,1
120,Steven Smith,POR,200006040LAL,"Jun 4, 2000",LAL,18,17,2,18,45.0,50.34,-5.34,13,8,4,9,0,0,0,0,0,0,0,0,0,0,0,0,0,0,0,0,0,0,1,1
920,A.C. Green,POR,200006040LAL,"Jun 4, 2000",LAL,1,1,4,3,16.67,18.12,-1.45,1,0,0,0,1,1,0,0,0,0,0,0,0,0,0,0,0,0,0,0,0,0,1,0
406,Shaquille O'Neal,LAL,200006040LAL,"Jun 4, 2000",POR,18,9,12,15,60.0,63.03,-3.03,9,10,0,0,4,6,0,0,0,0,0,0,0,0,0,0,0,0,0,0,0,0,2,2
717,Arvydas Sabonis,POR,200006040LAL,"Jun 4, 2000",LAL,6,6,2,7,42.86,43.6,-0.74,6,4,0,0,1,2,0,0,0,0,0,0,0,0,0,0,0,0,0,0,0,0,0,0
937,Scottie Pippen,POR,200006040LAL,"Jun 4, 2000",LAL,12,10,4,12,40.0,51.02,-11.02,4,2,6,6,1,2,0,0,0,0,0,0,0,0,0,0,0,0,0,0,0,0,1,2
109,Robert Horry,LAL,200006040LAL,"Jun 4, 2000",POR,12,7,6,10,50.0,62.24,-12.24,3,6,4,3,0,0,0,0,0,0,0,0,0,0,0,0,0,0,0,0,0,0,3,3
965,Derek Fisher,LAL,200006040LAL,"Jun 4, 2000",POR,2,3,0,3,28.57,33.33,-4.76,2,2,1,0,0,0,0,0,0,0,0,0,0,0,0,0,0,0,0,0,0,0,0,0
258,Brian Grant,POR,200006040LAL,"Jun 4, 2000",LAL,0,2,0,2,0.0,0.0,0.0,2,0,0,0,0,0,0,0,0,0,0,0,0,0,0,0,0,0,0,0,0,0,0,0
296,Rick Fox,LAL,200006040LAL,"Jun 4, 2000",POR,0,2,0,2,0.0,0.0,0.0,1,0,1,0,0,0,0,0,0,0,0,0,0,0,0,0,0,0,0,0,0,0,0,0
96,Detlef Schrempf,POR,200006040LAL,"Jun 4, 2000",LAL,6,3,0,3,100.0,100.0,0.0,3,6,0,0,0,0,0,0,0,0,0,0,0,0,0,0,0,0,0,0,0,0,0,0
1719,Bonzi Wells,POR,200006040LAL,"Jun 4, 2000",LAL,7,7,3,8,36.84,42.07,-5.23,4,2,2,0,1,2,0,0,1,3,0,0,0,0,0,0,0,0,0,0,0,0,0,0
216,Brian Shaw,LAL,200006040LAL,"Jun 4, 2000",POR,11,6,0,6,68.75,91.67,-22.92,2,2,4,9,0,0,0,0,0,0,0,0,0,0,0,0,0,0,0,0,0,0,0,0
779,Glen Rice,LAL,200006070LAL,"Jun 7, 2000",IND,3,8,2,9,15.0,16.89,-1.89,6,2,2,0,1,1,0,0,0,0,0,0,0,0,0,0,0,0,0,0,0,0,0,0
22,Rik Smits,IND,200006070LAL,"Jun 7, 2000",LAL,12,12,2,13,46.15,46.58,-0.43,12,10,0,0,1,2,0,0,0,0,0,0,0,0,0,0,0,0,0,0,0,0,0,0
920,A.C. Green,LAL,200006070LAL,"Jun 7, 2000",IND,4,6,0,6,33.33,33.33,0.0,6,4,0,0,0,0,0,0,0,0,0,0,0,0,0,0,0,0,0,0,0,0,0,0
406,Shaquille O'Neal,LAL,200006070LAL,"Jun 7, 2000",IND,43,31,6,32,63.24,63.91,-0.67,27,34,0,0,1,0,0,0,4,9,0,0,0,0,0,0,0,0,0,0,0,0,0,0
147,Jalen Rose,IND,200006070LAL,"Jun 7, 2000",LAL,12,12,0,12,44.44,50.0,-5.56,9,6,3,6,0,0,0,0,0,0,0,0,0,0,0,0,0,0,0,0,0,0,0,0
977,Kobe Bryant,LAL,200006070LAL,"Jun 7, 2000",IND,14,13,2,14,46.67,50.43,-3.76,11,12,2,0,0,0,0,0,0,0,0,0,0,0,0,0,0,0,0,0,0,0,1,2
905,Dale Davis,LAL,200006070LAL,"Jun 7, 2000",IND,9,5,2,6,75.0,76.53,-1.53,5,8,0,0,1,1,0,0,0,0,0,0,0,0,0,0,0,0,0,0,0,0,0,0
397,Reggie Miller,IND,200006070LAL,"Jun 7, 2000",LAL,7,16,5,18,17.5,19.23,-1.73,13,2,3,0,1,2,1,3,0,0,0,0,0,0,0,0,0,0,0,0,0,0,0,0
349,Mark Jackson,IND,200006070LAL,"Jun 7, 2000",LAL,18,8,5,10,75.0,88.24,-13.24,4,6,3,6,1,1,0,0,1,3,0,0,0,0,0,0,0,0,0,0,0,0,1,2
166,Ron Harper,LAL,200006070LAL,"Jun 7, 2000",IND,12,6,5,8,63.16,73.17,-10.01,3,4,2,3,2,2,0,0,1,3,0,0,0,0,0,0,0,0,0,0,0,0,0,0
1506,Austin Croshere,IND,200006070LAL,"Jun 7, 2000",LAL,16,7,7,10,72.73,79.37,-6.64,5,10,1,0,2,2,0,0,1,3,0,0,0,0,0,0,0,0,0,0,0,0,1,1
64,Sam Perkins,IND,200006070LAL,"Jun 7, 2000",LAL,5,5,2,6,33.33,42.52,-9.19,2,0,3,3,1,2,0,0,0,0,0,0,0,0,0,0,0,0,0,0,0,0,0,0
109,Robert Horry,LAL,200006070LAL,"Jun 7, 2000",IND,6,5,0,5,60.0,60.0,0.0,5,6,0,0,0,0,0,0,0,0,0,0,0,0,0,0,0,0,0,0,0,0,0,0
296,Rick Fox,LAL,200006070LAL,"Jun 7, 2000",IND,11,4,4,6,84.62,95.49,-10.87,3,4,1,3,0,0,0,0,0,0,0,0,0,0,0,0,0,0,0,0,0,0,2,4
696,Travis Best,IND,200006070LAL,"Jun 7, 2000",LAL,4,7,0,7,28.57,28.57,0.0,7,4,0,0,0,0,0,0,0,0,0,0,0,0,0,0,0,0,0,0,0,0,0,0
965,Derek Fisher,LAL,200006070LAL,"Jun 7, 2000",IND,5,4,0,4,55.56,62.5,-6.94,3,2,1,3,0,0,0,0,0,0,0,0,0,0,0,0,0,0,0,0,0,0,0,0
365,Derrick McKey,IND,200006070LAL,"Jun 7, 2000",LAL,0,1,0,1,0.0,0.0,0.0,0,0,1,0,0,0,0,0,0,0,0,0,0,0,0,0,0,0,0,0,0,0,0,0
216,Brian Shaw,LAL,200006070LAL,"Jun 7, 2000",IND,4,9,0,9,18.18,22.22,-4.04,5,4,4,0,0,0,0,0,0,0,0,0,0,0,0,0,0,0,0,0,0,0,0,0
969,Travis Knight,LAL,200006070LAL,"Jun 7, 2000",IND,2,2,0,2,50.0,50.0,0.0,2,2,0,0,0,0,0,0,0,0,0,0,0,0,0,0,0,0,0,0,0,0,0,0
1886,Jonathan Bender,IND,200006070LAL,"Jun 7, 2000",LAL,4,3,0,3,66.67,66.67,0.0,3,4,0,0,0,0,0,0,0,0,0,0,0,0,0,0,0,0,0,0,0,0,0,0
779,Glen Rice,LAL,200006090LAL,"Jun 9, 2000",IND,21,15,2,16,55.26,66.12,-10.86,9,4,6,15,1,2,0,0,0,0,0,0,0,0,0,0,0,0,0,0,0,0,0,0
397,Reggie Miller,IND,200006090LAL,"Jun 9, 2000",LAL,21,16,6,19,48.84,56.33,-7.49,11,12,5,3,2,4,0,0,0,0,0,0,0,0,0,0,0,0,0,0,0,0,1,2
977,Kobe Bryant,LAL,200006090LAL,"Jun 9, 2000",IND,2,3,0,3,28.57,33.33,-4.76,2,2,1,0,0,0,0,0,0,0,0,0,0,0,0,0,0,0,0,0,0,0,0,0
166,Ron Harper,LAL,200006090LAL,"Jun 9, 2000",IND,21,12,5,14,67.74,73.94,-6.2,9,12,2,3,0,0,0,0,1,2,0,0,0,0,0,0,0,0,0,0,0,0,2,4
349,Mark Jackson,LAL,200006090LAL,"Jun 9, 2000",IND,7,9,2,10,25.93,35.43,-9.5,2,0,7,6,0,0,0,0,0,0,0,0,0,0,0,0,0,0,0,0,0,0,1,1
147,Jalen Rose,IND,200006090LAL,"Jun 9, 2000",LAL,30,23,14,30,49.18,51.44,-2.26,22,20,1,0,4,5,0,0,0,0,0,0,0,0,0,0,0,0,0,0,0,0,3,5
22,Rik Smits,IND,200006090LAL,"Jun 9, 2000",LAL,4,6,0,6,33.33,33.33,0.0,6,4,0,0,0,0,0,0,0,0,0,0,0,0,0,0,0,0,0,0,0,0,0,0
905,Dale Davis,IND,200006090LAL,"Jun 9, 2000",LAL,9,9,1,9,47.37,47.67,-0.3,8,6,0,0,0,0,0,0,1,3,0,0,0,0,0,0,0,0,0,0,0,0,0,0
920,A.C. Green,LAL,200006090LAL,"Jun 9, 2000",IND,4,4,0,4,50.0,50.0,0.0,4,4,0,0,0,0,0,0,0,0,0,0,0,0,0,0,0,0,0,0,0,0,0,0
406,Shaquille O'Neal,LAL,200006090LAL,"Jun 9, 2000",IND,40,18,39,36,53.33,56.88,-3.55,15,16,0,0,10,9,0,0,3,8,0,0,0,0,0,0,0,0,0,0,0,0,8,7
1506,Austin Croshere,IND,200006090LAL,"Jun 9, 2000",LAL,24,15,12,21,54.55,59.17,-4.62,13,12,2,0,3,6,0,0,0,0,0,0,0,0,0,0,0,0,0,0,0,0,3,6
64,Sam Perkins,IND,200006090LAL,"Jun 9, 2000",LAL,6,5,0,5,42.86,60.0,-17.14,1,0,4,6,0,0,0,0,0,0,0,0,0,0,0,0,0,0,0,0,0,0,0,0
109,Robert Horry,LAL,200006090LAL,"Jun 9, 2000",IND,7,6,4,8,38.89,45.1,-6.21,3,2,2,0,0,0,0,0,1,3,0,0,0,0,0,0,0,0,0,0,1,1,1,1
296,Rick Fox,LAL,200006090LAL,"Jun 9, 2000",IND,6,3,3,4,66.67,69.44,-2.77,2,2,0,0,0,0,0,0,1,2,0,0,0,0,0,0,0,0,0,0,0,0,1,2
365,Derrick McKey,IND,200006090LAL,"Jun 9, 2000",LAL,1,1,2,2,25.0,26.6,-1.6,1,0,0,0,0,0,0,0,0,0,0,0,0,0,0,0,0,0,0,0,0,0,1,1
696,Travis Best,IND,200006090LAL,"Jun 9, 2000",LAL,2,3,2,4,22.22,25.77,-3.55,2,0,1,0,0,0,0,0,0,0,0,0,0,0,1,2,0,0,0,0,0,0,0,0
965,Derek Fisher,LAL,200006090LAL,"Jun 9, 2000",IND,6,4,2,5,54.55,61.48,-6.93,3,2,1,3,1,1,0,0,0,0,0,0,0,0,0,0,0,0,0,0,0,0,0,0
216,Brian Shaw,LAL,200006090LAL,"Jun 9, 2000",IND,4,9,2,10,17.39,20.24,-2.85,6,2,3,0,1,2,0,0,0,0,0,0,0,0,0,0,0,0,0,0,0,0,0,0
440,Zan Tabak,IND,200006090LAL,"Jun 9, 2000",LAL,0,1,0,1,0.0,0.0,0.0,1,0,0,0,0,0,0,0,0,0,0,0,0,0,0,0,0,0,0,0,0,0,0,0
927,John Salley,LAL,200006090LAL,"Jun 9, 2000",IND,0,1,0,1,0.0,0.0,0.0,1,0,0,0,0,0,0,0,0,0,0,0,0,0,0,0,0,0,0,0,0,0,0,0
905,Dale Davis,IND,200006110IND,"Jun 11, 2000",LAL,2,5,0,5,20.0,20.0,0.0,5,2,0,0,0,0,0,0,0,0,0,0,0,0,0,0,0,0,0,0,0,0,0,0
166,Ron Harper,LAL,200006110IND,"Jun 11, 2000",IND,14,14,0,14,45.16,50.0,-4.84,11,8,3,6,0,0,0,0,0,0,0,0,0,0,0,0,0,0,0,0,0,0,0,0
216,Brian Shaw,LAL,200006110IND,"Jun 11, 2000",IND,6,10,0,10,26.09,30.0,-3.91,7,6,3,0,0,0,0,0,0,0,0,0,0,0,0,0,0,0,0,0,0,0,0,0
397,Reggie Miller,IND,200006110IND,"Jun 11, 2000",LAL,33,22,9,26,55.0,63.56,-8.56,14,16,7,6,1,2,0,0,1,3,0,0,0,0,0,0,0,0,0,0,0,0,3,6
349,Mark Jackson,IND,200006110IND,"Jun 11, 2000",LAL,6,5,2,6,46.15,51.02,-4.87,4,2,1,3,1,1,0,0,0,0,0,0,0,0,0,0,0,0,0,0,0,0,0,0
779,Glen Rice,LAL,200006110IND,"Jun 11, 2000",IND,7,9,0,9,33.33,38.89,-5.56,6,4,3,3,0,0,0,0,0,0,0,0,0,0,0,0,0,0,0,0,0,0,0,0
147,Jalen Rose,IND,200006110IND,"Jun 11, 2000",LAL,21,18,3,19,48.84,54.35,-5.51,13,16,4,0,0,0,0,0,1,3,0,0,0,0,0,0,0,0,0,0,0,0,1,2
406,Shaquille O'Neal,LAL,200006110IND,"Jun 11, 2000",IND,33,24,13,29,54.1,55.52,-1.42,21,24,0,0,2,1,0,0,3,6,0,0,0,0,0,0,0,0,0,0,0,0,3,2
920,A.C. Green,LAL,200006110IND,"Jun 11, 2000",IND,4,2,2,3,66.67,69.44,-2.77,2,2,0,0,0,0,0,0,0,0,0,0,0,0,0,0,0,0,0,0,0,0,1,2
22,Rik Smits,IND,200006110IND,"Jun 11, 2000",LAL,6,11,0,11,27.27,27.27,0.0,11,6,0,0,0,0,0,0,0,0,0,0,0,0,0,0,0,0,0,0,0,0,0,0
109,Robert Horry,LAL,200006110IND,"Jun 11, 2000",IND,10,8,0,8,55.56,62.5,-6.94,6,10,2,0,0,0,0,0,0,0,0,0,0,0,0,0,0,0,0,0,0,0,0,0
64,Sam Perkins,IND,200006110IND,"Jun 11, 2000",LAL,3,4,0,4,27.27,37.5,-10.23,1,0,3,3,0,0,0,0,0,0,0,0,0,0,0,0,0,0,0,0,0,0,0,0
1506,Austin Croshere,IND,200006110IND,"Jun 11, 2000",LAL,12,6,4,8,70.59,77.32,-6.73,5,6,1,3,1,1,0,0,0,0,0,0,0,0,0,0,0,0,0,0,0,0,1,2
296,Rick Fox,LAL,200006110IND,"Jun 11, 2000",IND,7,4,2,5,53.85,71.72,-17.87,1,0,3,6,1,1,0,0,0,0,0,0,0,0,0,0,0,0,0,0,0,0,0,0
965,Derek Fisher,LAL,200006110IND,"Jun 11, 2000",IND,10,5,2,6,66.67,85.03,-18.36,2,2,3,6,0,0,0,0,0,0,0,0,0,0,1,2,0,0,0,0,0,0,0,0
696,Travis Best,IND,200006110IND,"Jun 11, 2000",LAL,14,7,2,8,77.78,88.83,-11.05,5,6,2,6,0,0,0,0,0,0,0,0,0,0,0,0,0,0,0,0,0,0,1,2
365,Derrick McKey,IND,200006110IND,"Jun 11, 2000",LAL,3,0,4,2,75.0,85.23,-10.23,0,0,0,0,0,0,0,0,0,0,0,0,0,0,0,0,0,0,0,0,0,0,2,3
779,Glen Rice,LAL,200006140IND,"Jun 14, 2000",IND,11,8,3,9,50.0,59.01,-9.01,5,2,2,3,1,2,0,0,0,0,1,4,0,0,0,0,0,0,0,0,0,0,0,0
905,Dale Davis,IND,200006140IND,"Jun 14, 2000",LAL,4,4,2,5,40.0,40.98,-0.98,4,4,0,0,1,0,0,0,0,0,0,0,0,0,0,0,0,0,0,0,0,0,0,0
397,Reggie Miller,IND,200006140IND,"Jun 14, 2000",LAL,35,19,12,26,59.32,72.08,-12.76,10,6,9,18,3,6,0,0,0,0,0,0,1,1,0,0,0,0,0,0,1,1,2,3
406,Shaquille O'Neal,LAL,200006140IND,"Jun 14, 2000",IND,36,25,17,32,53.73,55.42,-1.69,22,20,0,0,3,5,0,0,3,7,0,0,0,0,1,2,0,0,0,0,0,0,3,2
22,Rik Smits,IND,200006140IND,"Jun 14, 2000",LAL,24,14,2,15,80.0,80.65,-0.65,14,22,0,0,0,0,0,0,0,0,0,0,0,0,0,0,0,0,0,0,0,0,1,2
977,Kobe Bryant,LAL,200006140IND,"Jun 14, 2000",IND,28,27,0,27,51.85,51.85,0.0,27,28,0,0,0,0,0,0,0,0,0,0,0,0,0,0,0,0,0,0,0,0,0,0
920,A.C. Green,IND,200006140IND,"Jun 14, 2000",LAL,5,2,2,2,83.33,86.81,-3.48,0,0,0,0,0,0,0,0,2,5,0,0,0,0,0,0,0,0,0,0,0,0,0,0
147,Jalen Rose,IND,200006140IND,"Jun 14, 2000",LAL,14,16,4,18,38.89,39.41,-0.52,16,10,0,0,1,2,0,0,0,0,0,0,0,0,0,0,0,0,0,0,0,0,1,2
166,Ron Harper,LAL,200006140IND,"Jun 14, 2000",IND,4,6,0,6,28.57,33.33,-4.76,4,4,2,0,0,0,0,0,0,0,0,0,0,0,0,0,0,0,0,0,0,0,0,0
1506,Austin Croshere,IND,200006140IND,"Jun 14, 2000",LAL,10,6,4,8,58.82,64.43,-5.61,5,6,1,0,1,2,0,0,0,0,0,0,0,0,0,0,0,0,0,0,0,0,1,2
349,Mark Jackson,IND,200006140IND,"Jun 14, 2000",LAL,7,8,2,9,33.33,39.41,-6.08,5,2,3,3,0,0,0,0,0,0,0,0,0,0,0,0,0,0,0,0,0,0,1,2
296,Rick Fox,LAL,200006140IND,"Jun 14, 2000",IND,8,5,1,5,61.54,73.53,-11.99,2,2,2,3,0,0,0,0,1,3,0,0,0,0,0,0,0,0,0,0,0,0,0,0
109,Robert Horry,LAL,200006140IND,"Jun 14, 2000",IND,17,10,7,13,58.62,64.98,-6.36,7,10,2,0,0,0,0,0,1,3,0,0,0,0,0,0,0,0,0,0,0,0,3,4
64,Sam Perkins,IND,200006140IND,"Jun 14, 2000",LAL,10,6,2,7,52.63,72.67,-20.04,1,0,5,9,0,0,0,0,0,0,0,0,0,0,0,0,0,0,0,0,0,0,1,1
365,Derrick McKey,IND,200006140IND,"Jun 14, 2000",LAL,4,2,0,2,100.0,100.0,0.0,2,4,0,0,0,0,0,0,0,0,0,0,0,0,0,0,0,0,0,0,0,0,0,0
216,Brian Shaw,LAL,200006140IND,"Jun 14, 2000",IND,4,4,0,4,44.44,50.0,-5.56,3,4,1,0,0,0,0,0,0,0,0,0,0,0,0,0,0,0,0,0,0,0,0,0
696,Travis Best,IND,200006140IND,"Jun 14, 2000",LAL,10,9,0,9,52.63,55.56,-2.93,8,10,1,0,0,0,0,0,0,0,0,0,0,0,0,0,0,0,0,0,0,0,0,0
965,Derek Fisher,LAL,200006140IND,"Jun 14, 2000",IND,7,6,0,6,50.0,58.33,-8.33,4,4,2,3,0,0,0,0,0,0,0,0,0,0,0,0,0,0,0,0,0,0,0,0
397,Reggie Miller,LAL,200006160IND,"Jun 16, 2000",IND,25,12,7,15,67.57,82.89,-15.32,6,6,5,9,1,2,0,0,0,0,1,4,2,4,0,0,0,0,0,0,0,0,0,0
779,Glen Rice,LAL,200006160IND,"Jun 16, 2000",IND,11,8,7,11,44.0,49.64,-5.64,5,2,2,3,2,2,0,0,1,3,0,0,0,0,0,0,0,0,0,0,0,0,1,1
905,Dale Davis,IND,200006160IND,"Jun 16, 2000",LAL,8,7,0,7,57.14,57.14,0.0,7,8,0,0,0,0,0,0,0,0,0,0,0,0,0,0,0,0,0,0,0,0,0,0
22,Rik Smits,IND,200006160IND,"Jun 16, 2000",LAL,12,7,2,8,75.0,76.14,-1.14,7,10,0,0,1,2,0,0,0,0,0,0,0,0,0,0,0,0,0,0,0,0,0,0
166,Ron Harper,LAL,200006160IND,"Jun 16, 2000",IND,8,8,0,8,40.0,50.0,-10.0,4,2,4,6,0,0,0,0,0,0,0,0,0,0,0,0,0,0,0,0,0,0,0,0
920,A.C. Green,LAL,200006160IND,"Jun 16, 2000",IND,7,4,1,4,77.78,78.83,-1.05,3,4,0,0,0,0,0,0,1,3,0,0,0,0,0,0,0,0,0,0,0,0,0,0
147,Jalen Rose,IND,200006160IND,"Jun 16, 2000",LAL,32,18,4,20,71.11,80.97,-9.86,13,16,5,12,0,0,0,0,0,0,0,0,0,0,0,0,0,0,0,0,0,0,2,4
406,Shaquille O'Neal,LAL,200006160IND,"Jun 16, 2000",IND,35,27,6,29,58.33,59.04,-0.71,25,30,0,0,1,0,0,0,2,4,0,0,0,0,0,0,0,0,0,0,0,0,1,1
977,Kobe Bryant,LAL,200006160IND,"Jun 16, 2000",IND,8,20,0,20,19.51,20.0,-0.49,19,8,1,0,0,0,0,0,0,0,0,0,0,0,0,0,0,0,0,0,0,0,0,0
64,Sam Perkins,IND,200006160IND,"Jun 16, 2000",LAL,6,7,0,7,30.0,42.86,-12.86,1,0,6,6,0,0,0,0,0,0,0,0,0,0,0,0,0,0,0,0,0,0,0,0
296,Rick Fox,LAL,200006160IND,"Jun 16, 2000",IND,1,1,1,2,25.0,34.72,-9.72,0,0,1,0,0,0,0,0,0,0,0,0,1,1,0,0,0,0,0,0,0,0,0,0
349,Mark Jackson,IND,200006160IND,"Jun 16, 2000",LAL,10,9,2,10,45.45,50.61,-5.16,7,8,2,0,1,2,0,0,0,0,0,0,0,0,0,0,0,0,0,0,0,0,0,0
109,Robert Horry,LAL,200006160IND,"Jun 16, 2000",IND,7,8,0,8,31.82,43.75,-11.93,2,4,6,3,0,0,0,0,0,0,0,0,0,0,0,0,0,0,0,0,0,0,0,0
1506,Austin Croshere,IND,200006160IND,"Jun 16, 2000",LAL,13,3,12,9,72.22,78.5,-6.28,3,2,0,0,1,2,0,0,0,0,0,0,0,0,1,2,0,0,0,0,0,0,4,7
216,Brian Shaw,IND,200006160IND,"Jun 16, 2000",LAL,0,4,0,4,0.0,0.0,0.0,3,0,1,0,0,0,0,0,0,0,0,0,0,0,0,0,0,0,0,0,0,0,0,0
696,Travis Best,IND,200006160IND,"Jun 16, 2000",LAL,5,2,2,3,83.33,86.81,-3.48,2,4,0,0,0,0,0,0,0,0,0,0,0,0,0,0,0,0,0,0,0,0,1,1
965,Derek Fisher,LAL,200006160IND,"Jun 16, 2000",IND,2,6,2,7,11.76,14.53,-2.77,3,0,3,0,1,2,0,0,0,0,0,0,0,0,0,0,0,0,0,0,0,0,0,0
440,Zan Tabak,IND,200006160IND,"Jun 16, 2000",LAL,2,1,0,1,100.0,100.0,0.0,1,2,0,0,0,0,0,0,0,0,0,0,0,0,0,0,0,0,0,0,0,0,0,0
969,Travis Knight,LAL,200006160IND,"Jun 16, 2000",IND,3,1,2,2,75.0,79.79,-4.79,1,2,0,0,0,0,0,0,0,0,0,0,0,0,0,0,0,0,0,0,0,0,1,1
904,Chris Mullin,IND,200006160IND,"Jun 16, 2000",LAL,4,2,3,3,50.0,60.24,-10.24,0,0,1,0,0,0,0,0,1,2,0,0,0,0,0,0,0,0,0,0,0,0,1,2
927,John Salley,LAL,200006160IND,"Jun 16, 2000",IND,4,2,0,2,100.0,100.0,0.0,2,4,0,0,0,0,0,0,0,0,0,0,0,0,0,0,0,0,0,0,0,0,0,0
1886,Jonathan Bender,IND,200006160IND,"Jun 16, 2000",LAL,3,0,4,2,75.0,85.23,-10.23,0,0,0,0,1,1,0,0,0,0,0,0,0,0,0,0,0,0,0,0,0,0,1,2
1904,Devean George,LAL,200006160IND,"Jun 16, 2000",IND,1,1,2,2,20.0,26.6,-6.6,0,0,1,0,1,1,0,0,0,0,0,0,0,0,0,0,0,0,0,0,0,0,0,0
406,Shaquille O'Neal,LAL,200006190LAL,"Jun 19, 2000",IND,41,32,12,36,53.95,54.99,-1.04,28,30,0,0,1,0,0,0,4,9,0,0,0,0,0,0,0,0,0,0,0,0,3,2
920,A.C. Green,LAL,200006190LAL,"Jun 19, 2000",IND,6,3,2,4,75.0,77.32,-2.32,3,4,0,0,0,0,0,0,0,0,0,0,0,0,0,0,0,0,0,0,0,0,1,2
22,Rik Smits,IND,200006190LAL,"Jun 19, 2000",LAL,2,8,0,8,12.5,12.5,0.0,8,2,0,0,0,0,0,0,0,0,0,0,0,0,0,0,0,0,0,0,0,0,0,0
166,Ron Harper,LAL,200006190LAL,"Jun 19, 2000",IND,6,10,0,10,27.27,30.0,-2.73,8,6,2,0,0,0,0,0,0,0,0,0,0,0,0,0,0,0,0,0,0,0,0,0
349,Mark Jackson,IND,200006190LAL,"Jun 19, 2000",LAL,10,7,2,8,50.0,63.45,-13.45,3,2,4,6,1,2,0,0,0,0,0,0,0,0,0,0,0,0,0,0,0,0,0,0
905,Dale Davis,IND,200006190LAL,"Jun 19, 2000",LAL,20,10,6,13,76.92,79.11,-2.19,10,16,0,0,3,4,0,0,0,0,0,0,0,0,0,0,0,0,0,0,0,0,0,0
779,Glen Rice,LAL,200006190LAL,"Jun 19, 2000",IND,16,7,6,10,69.57,82.99,-13.42,4,4,3,9,1,0,0,0,0,0,0,0,1,1,0,0,0,0,0,0,0,0,1,2
147,Jalen Rose,IND,200006190LAL,"Jun 19, 2000",LAL,29,20,11,26,53.7,58.37,-4.67,17,14,3,6,2,3,0,0,0,0,0,0,1,1,0,0,0,0,0,0,0,0,3,5
977,Kobe Bryant,LAL,200006190LAL,"Jun 19, 2000",IND,26,27,9,31,37.68,41.99,-4.31,20,10,6,6,2,4,0,0,1,2,0,0,0,0,0,0,0,0,0,0,0,0,2,4
397,Reggie Miller,IND,200006190LAL,"Jun 19, 2000",LAL,25,19,7,22,45.45,56.61,-11.16,8,10,10,6,2,4,0,0,1,3,0,0,0,0,0,0,0,0,0,0,0,0,1,2
365,Derrick McKey,IND,200006190LAL,"Jun 19, 2000",LAL,3,2,0,2,60.0,75.0,-15.0,1,0,1,3,0,0,0,0,0,0,0,0,0,0,0,0,0,0,0,0,0,0,0,0
109,Robert Horry,LAL,200006190LAL,"Jun 19, 2000",IND,8,6,0,6,53.33,66.67,-13.34,3,2,3,6,0,0,0,0,0,0,0,0,0,0,0,0,0,0,0,0,0,0,0,0
64,Sam Perkins,IND,200006190LAL,"Jun 19, 2000",LAL,6,2,0,2,100.0,150.0,-50.0,0,0,2,6,0,0,0,0,0,0,0,0,0,0,0,0,0,0,0,0,0,0,0,0
1506,Austin Croshere,IND,200006190LAL,"Jun 19, 2000",LAL,16,7,6,10,64.0,82.99,-18.99,2,2,5,9,2,4,0,0,0,0,0,0,0,0,0,0,0,0,0,0,0,0,1,1
216,Brian Shaw,IND,200006190LAL,"Jun 19, 2000",LAL,0,1,0,1,0.0,0.0,0.0,1,0,0,0,0,0,0,0,0,0,0,0,0,0,0,0,0,0,0,0,0,0,0,0
296,Rick Fox,LAL,200006190LAL,"Jun 19, 2000",IND,7,1,4,3,100.0,126.81,-26.81,0,0,1,3,2,4,0,0,0,0,0,0,0,0,0,0,0,0,0,0,0,0,0,0
696,Travis Best,IND,200006190LAL,"Jun 19, 2000",LAL,0,2,0,2,0.0,0.0,0.0,2,0,0,0,0,0,0,0,0,0,0,0,0,0,0,0,0,0,0,0,0,0,0,0
965,Derek Fisher,LAL,200006190LAL,"Jun 19, 2000",IND,6,3,0,3,75.0,100.0,-25.0,1,0,2,6,0,0,0,0,0,0,0,0,0,0,0,0,0,0,0,0,0,0,0,0
