player_id,player_name,team_abbr,game_id,game_date,opponent,pts,fga,fta,scoring_poss,pure_ts_pct,standard_ts_pct,delta_pp,C1a_events,C1a_pts,C1b_events,C1b_pts,C2_events,C2_pts,C3_events,C3_pts,C4_events,C4_pts,C5_events,C5_pts,C6a_events,C6a_pts,C6b_events,C6b_pts,C6c_events,C6c_pts,C6d_events,C6d_pts,C6e_events,C6e_pts,C6f_events,C6f_pts
1802,Brad Miller,IND,200204200NJN,"Apr 20, 2002",NJN,18,8,9,12,72.0,75.25,-3.25,7,10,0,0,2,3,0,0,1,2,0,0,0,0,0,0,0,0,0,0,0,0,2,3
2030,Kenyon Martin,NJN,200204200NJN,"Apr 20, 2002",IND,15,16,4,18,41.67,42.23,-0.56,16,14,0,0,2,1,0,0,0,0,0,0,0,0,0,0,0,0,0,0,0,0,0,0
1928,Todd MacCulloch,IND,200204200NJN,"Apr 20, 2002",NJN,7,6,2,7,50.0,50.87,-0.87,6,6,0,0,0,0,0,0,0,0,0,0,0,0,0,0,0,0,0,0,0,0,1,1
979,Jermaine O'Neal,IND,200204200NJN,"Apr 20, 2002",NJN,30,24,4,25,57.69,58.23,-0.54,22,22,0,0,0,0,0,0,2,6,0,0,0,0,0,0,0,0,0,0,0,0,1,2
467,Jason Kidd,NJN,200204200NJN,"Apr 20, 2002",IND,26,23,5,26,47.27,51.59,-4.32,19,22,4,0,2,3,0,0,0,0,0,0,1,1,0,0,0,0,0,0,0,0,0,0
954,Kerry Kittles,NJN,200204200NJN,"Apr 20, 2002",IND,9,9,0,9,42.86,50.0,-7.14,6,6,3,3,0,0,0,0,0,0,0,0,0,0,0,0,0,0,0,0,0,0,0,0
1496,Keith Van Horn,NJN,200204200NJN,"Apr 20, 2002",IND,10,13,2,14,31.25,36.02,-4.77,9,6,4,3,1,1,0,0,0,0,0,0,0,0,0,0,0,0,0,0,0,0,0,0
2224,Jamaal Tinsley,IND,200204200NJN,"Apr 20, 2002",NJN,8,7,0,7,57.14,57.14,0.0,7,8,0,0,0,0,0,0,0,0,0,0,0,0,0,0,0,0,0,0,0,0,0,0
1897,Metta World Peace,IND,200204200NJN,"Apr 20, 2002",NJN,12,14,4,16,34.29,38.07,-3.78,11,4,3,6,1,1,0,0,0,0,0,0,0,0,0,0,0,0,0,0,0,0,1,1
397,Reggie Miller,IND,200204200NJN,"Apr 20, 2002",NJN,17,16,3,17,41.46,49.08,-7.62,9,6,6,6,0,0,0,0,1,3,0,0,0,0,0,0,0,0,0,0,0,0,1,2
1902,Jeff Foster,IND,200204200NJN,"Apr 20, 2002",NJN,2,1,0,1,100.0,100.0,0.0,1,2,0,0,0,0,0,0,0,0,0,0,0,0,0,0,0,0,0,0,0,0,0,0
1425,Aaron Williams,NJN,200204200NJN,"Apr 20, 2002",IND,6,2,4,4,75.0,79.79,-4.79,2,2,0,0,2,4,0,0,0,0,0,0,0,0,0,0,0,0,0,0,0,0,0,0
1563,Kevin Ollie,IND,200204200NJN,"Apr 20, 2002",NJN,2,4,0,4,25.0,25.0,0.0,4,2,0,0,0,0,0,0,0,0,0,0,0,0,0,0,0,0,0,0,0,0,0,0
2210,Richard Jefferson,NJN,200204200NJN,"Apr 20, 2002",IND,4,3,0,3,66.67,66.67,0.0,3,4,0,0,0,0,0,0,0,0,0,0,0,0,0,0,0,0,0,0,0,0,0,0
446,Lucious Harris,NJN,200204200NJN,"Apr 20, 2002",IND,6,7,0,7,42.86,42.86,0.0,7,6,0,0,0,0,0,0,0,0,0,0,0,0,0,0,0,0,0,0,0,0,0,0
1500,Ron Mercer,IND,200204200NJN,"Apr 20, 2002",NJN,0,3,0,3,0.0,0.0,0.0,3,0,0,0,0,0,0,0,0,0,0,0,0,0,0,0,0,0,0,0,0,0,0,0
1710,Mike Bibby,SAC,200204200SAC,"Apr 20, 2002",UTA,20,10,8,14,64.52,73.96,-9.44,7,8,3,6,2,4,0,0,0,0,0,0,0,0,0,0,0,0,0,0,0,0,2,2
252,Karl Malone,UTA,200204200SAC,"Apr 20, 2002",SAC,25,19,11,25,51.02,52.43,-1.41,19,16,0,0,4,6,0,0,0,0,0,0,1,1,0,0,0,0,0,0,0,0,1,2
185,Chris Webber,SAC,200204200SAC,"Apr 20, 2002",UTA,24,17,10,21,54.55,56.07,-1.52,15,12,0,0,2,3,0,0,2,6,0,0,0,0,0,0,0,0,0,0,0,0,2,3
1905,Andrei Kirilenko,UTA,200204200SAC,"Apr 20, 2002",SAC,2,6,0,6,16.67,16.67,0.0,6,2,0,0,0,0,0,0,0,0,0,0,0,0,0,0,0,0,0,0,0,0,0,0
2260,Jarron Collins,UTA,200204200SAC,"Apr 20, 2002",SAC,8,10,0,10,40.0,40.0,0.0,10,8,0,0,0,0,0,0,0,0,0,0,0,0,0,0,0,0,0,0,0,0,0,0
935,Bryon Russell,UTA,200204200SAC,"Apr 20, 2002",SAC,0,4,0,4,0.0,0.0,0.0,3,0,1,0,0,0,0,0,0,0,0,0,0,0,0,0,0,0,0,0,0,0,0,0
124,Vlade Divac,SAC,200204200SAC,"Apr 20, 2002",UTA,2,2,2,3,33.33,34.72,-1.39,2,0,0,0,0,0,0,0,0,0,0,0,0,0,0,0,0,0,0,0,0,0,1,2
978,Peja Stojakovic,SAC,200204200SAC,"Apr 20, 2002",UTA,15,14,2,15,41.67,50.4,-8.73,8,8,6,6,1,1,0,0,0,0,0,0,0,0,0,0,0,0,0,0,0,0,0,0
57,Doug Christie,SAC,200204200SAC,"Apr 20, 2002",UTA,17,8,5,11,65.38,83.33,-17.95,3,6,5,6,0,0,0,0,0,0,0,0,2,3,0,0,0,0,0,0,0,0,1,2
304,John Stockton,SAC,200204200SAC,"Apr 20, 2002",UTA,10,10,2,11,43.48,45.96,-2.48,9,8,1,0,0,0,0,0,0,0,0,0,0,0,0,0,0,0,0,0,0,0,1,2
731,Greg Ostertag,UTA,200204200SAC,"Apr 20, 2002",SAC,8,5,2,6,66.67,68.03,-1.36,5,8,0,0,1,0,0,0,0,0,0,0,0,0,0,0,0,0,0,0,0,0,0,0
923,Donyell Marshall,UTA,200204200SAC,"Apr 20, 2002",SAC,11,8,6,11,47.83,51.69,-3.86,7,6,1,0,3,5,0,0,0,0,0,0,0,0,0,0,0,0,0,0,0,0,0,0
1601,Rusty LaRue,UTA,200204200SAC,"Apr 20, 2002",SAC,7,5,4,7,46.67,51.78,-5.11,4,4,1,0,1,1,0,0,0,0,0,0,0,0,0,0,0,0,0,0,0,0,1,2
1909,Scott Padgett,UTA,200204200SAC,"Apr 20, 2002",SAC,8,5,0,5,72.73,80.0,-7.27,4,8,1,0,0,0,0,0,0,0,0,0,0,0,0,0,0,0,0,0,0,0,0,0
2045,Hedo Turkoglu,SAC,200204200SAC,"Apr 20, 2002",UTA,7,6,2,7,46.67,50.87,-4.2,5,6,1,0,1,1,0,0,0,0,0,0,0,0,0,0,0,0,0,0,0,0,0,0
1900,Quincy Lewis,UTA,200204200SAC,"Apr 20, 2002",SAC,7,11,2,12,25.0,29.46,-4.46,7,4,4,3,1,0,0,0,0,0,0,0,0,0,0,0,0,0,0,0,0,0,0,0
1517,Bobby Jackson,SAC,200204200SAC,"Apr 20, 2002",UTA,4,6,2,7,23.53,29.07,-5.54,3,2,3,0,1,2,0,0,0,0,0,0,0,0,0,0,0,0,0,0,0,0,0,0
2046,Desmond Mason,SEA,200204200SAS,"Apr 20, 2002",SAS,9,9,1,10,47.37,47.67,-0.3,9,8,0,0,0,0,0,0,0,0,0,0,1,1,0,0,0,0,0,0,0,0,0,0
1495,Tim Duncan,SAS,200204200SAS,"Apr 20, 2002",SEA,21,13,7,16,63.64,65.3,-1.66,12,12,0,0,2,4,0,0,1,3,0,0,0,0,0,0,0,0,0,0,0,0,1,2
56,Gary Payton,SEA,200204200SAS,"Apr 20, 2002",SAS,19,13,4,15,59.38,64.36,-4.98,11,14,2,3,2,2,0,0,0,0,0,0,0,0,0,0,0,0,0,0,0,0,0,0
2225,Tony Parker,SAS,200204200SAS,"Apr 20, 2002",SEA,21,12,0,12,77.78,87.5,-9.72,9,12,3,9,0,0,0,0,0,0,0,0,0,0,0,0,0,0,0,0,0,0,0,0
699,Brent Barry,SEA,200204200SAS,"Apr 20, 2002",SAS,8,7,0,7,50.0,57.14,-7.14,5,8,2,0,0,0,0,0,0,0,0,0,0,0,0,0,0,0,0,0,0,0,0,0
1542,Predrag Drobnjak,SEA,200204200SAS,"Apr 20, 2002",SAS,2,4,0,4,25.0,25.0,0.0,4,2,0,0,0,0,0,0,0,0,0,0,0,0,0,0,0,0,0,0,0,0,0,0
1477,Bruce Bowen,SAS,200204200SAS,"Apr 20, 2002",SEA,2,3,0,3,28.57,33.33,-4.76,2,2,1,0,0,0,0,0,0,0,0,0,0,0,0,0,0,0,0,0,0,0,0,0
120,Steven Smith,SAS,200204200SAS,"Apr 20, 2002",SEA,17,10,2,11,62.96,78.12,-15.16,5,6,5,9,1,2,0,0,0,0,0,0,0,0,0,0,0,0,0,0,0,0,0,0
1744,Jerome James,SEA,200204200SAS,"Apr 20, 2002",SAS,4,5,0,5,40.0,40.0,0.0,5,4,0,0,0,0,0,0,0,0,0,0,0,0,0,0,0,0,0,0,0,0,0,0
452,Vin Baker,SEA,200204200SAS,"Apr 20, 2002",SAS,22,16,3,17,62.86,63.51,-0.65,15,18,0,0,1,1,0,0,1,3,0,0,0,0,0,0,0,0,0,0,0,0,0,0
990,Malik Rose,SAS,200204200SAS,"Apr 20, 2002",SEA,13,6,5,8,76.47,79.27,-2.8,5,8,0,0,2,2,0,0,1,3,0,0,0,0,0,0,0,0,0,0,0,0,0,0
1498,Antonio Daniels,SAS,200204200SAS,"Apr 20, 2002",SEA,13,11,1,11,52.0,56.82,-4.82,8,10,2,0,0,0,0,0,1,3,0,0,0,0,0,0,0,0,0,0,0,0,0,0
1740,Rashard Lewis,SEA,200204200SAS,"Apr 20, 2002",SAS,13,9,4,11,52.0,60.41,-8.41,6,6,3,3,1,2,0,0,0,0,0,0,0,0,0,0,0,0,0,0,0,0,1,2
345,Terry Porter,SAS,200204200SAS,"Apr 20, 2002",SEA,5,4,1,5,55.56,56.31,-0.75,4,4,0,0,0,0,0,0,0,0,0,0,1,1,0,0,0,0,0,0,0,0,0,0
988,Randy Livingston,SEA,200204200SAS,"Apr 20, 2002",SAS,2,5,0,5,18.18,20.0,-1.82,4,2,1,0,0,0,0,0,0,0,0,0,0,0,0,0,0,0,0,0,0,0,0,0
2209,Vladimir Radmanovic,SEA,200204200SAS,"Apr 20, 2002",SAS,0,1,0,1,0.0,0.0,0.0,1,0,0,0,0,0,0,0,0,0,0,0,0,0,0,0,0,0,0,0,0,0,0,0
95,Mark Bryant,SAS,200204200SAS,"Apr 20, 2002",SEA,2,5,0,5,20.0,20.0,0.0,5,2,0,0,0,0,0,0,0,0,0,0,0,0,0,0,0,0,0,0,0,0,0,0
198,Danny Ferry,SAS,200204200SAS,"Apr 20, 2002",SEA,11,6,2,7,61.11,79.94,-18.83,2,2,4,9,0,0,0,0,0,0,0,0,0,0,0,0,0,0,0,0,0,0,1,0
2071,Olumide Oyedeji,SEA,200204200SAS,"Apr 20, 2002",SAS,3,1,1,2,100.0,104.17,-4.17,1,2,0,0,1,1,0,0,0,0,0,0,0,0,0,0,0,0,0,0,0,0,0,0
1738,Ansu Sesay,SEA,200204200SAS,"Apr 20, 2002",SAS,2,2,0,2,50.0,50.0,0.0,2,2,0,0,0,0,0,0,0,0,0,0,0,0,0,0,0,0,0,0,0,0,0,0
1742,Shammond Williams,SEA,200204200SAS,"Apr 20, 2002",SAS,5,3,1,3,71.43,72.67,-1.24,2,2,0,0,0,0,0,0,1,3,0,0,0,0,0,0,0,0,0,0,0,0,0,0
1520,Charles Smith,SAS,200204200SAS,"Apr 20, 2002",SEA,5,2,2,3,83.33,86.81,-3.48,2,4,0,0,1,1,0,0,0,0,0,0,0,0,0,0,0,0,0,0,0,0,0,0
685,Cherokee Parks,SAS,200204200SAS,"Apr 20, 2002",SEA,0,1,0,1,0.0,0.0,0.0,1,0,0,0,0,0,0,0,0,0,0,0,0,0,0,0,0,0,0,0,0,0,0,0
469,Jamal Mashburn,CHA,200204200CHH,"Apr 20, 2002",ORL,0,6,0,6,0.0,0.0,0.0,5,0,1,0,0,0,0,0,0,0,0,0,0,0,0,0,0,0,0,0,0,0,0,0
270,Horace Grant,ORL,200204200CHH,"Apr 20, 2002",CHA,6,4,0,4,75.0,75.0,0.0,4,6,0,0,0,0,0,0,0,0,0,0,0,0,0,0,0,0,0,0,0,0,0,0
1503,Tracy McGrady,ORL,200204200CHH,"Apr 20, 2002",CHA,20,21,7,24,40.0,41.53,-1.53,19,14,1,0,2,3,0,0,1,2,0,0,0,0,0,0,0,0,0,0,0,0,1,1
922,Elden Campbell,CHA,200204200CHH,"Apr 20, 2002",ORL,6,12,0,12,25.0,25.0,0.0,12,6,0,0,0,0,0,0,0,0,0,0,0,0,0,0,0,0,0,0,0,0,0,0
1884,Baron Davis,CHA,200204200CHH,"Apr 20, 2002",ORL,28,24,9,28,44.44,50.07,-5.63,17,10,6,9,3,5,0,0,1,3,0,0,0,0,0,0,0,0,0,0,0,0,1,1
133,David Wesley,CHA,200204200CHH,"Apr 20, 2002",ORL,8,11,0,11,32.0,36.36,-4.36,8,2,3,6,0,0,0,0,0,0,0,0,0,0,0,0,0,0,0,0,0,0,0,0
136,P.J. Brown,ORL,200204200CHH,"Apr 20, 2002",CHA,14,10,8,14,50.0,51.78,-1.78,10,8,0,0,3,5,0,0,0,0,0,0,0,0,0,0,0,0,0,0,0,0,1,1
353,Darrell Armstrong,ORL,200204200CHH,"Apr 20, 2002",CHA,16,10,5,13,61.54,65.57,-4.03,9,12,1,0,1,1,0,0,0,0,0,0,1,1,0,0,0,0,0,0,0,0,1,2
42,Monty Williams,ORL,200204200CHH,"Apr 20, 2002",CHA,14,8,2,9,77.78,78.83,-1.05,8,12,0,0,1,2,0,0,0,0,0,0,0,0,0,0,0,0,0,0,0,0,0,0
1727,Pat Garrity,CHA,200204200CHH,"Apr 20, 2002",ORL,0,4,0,4,0.0,0.0,0.0,3,0,1,0,0,0,0,0,0,0,0,0,0,0,0,0,0,0,0,0,0,0,0,0
121,Patrick Ewing,ORL,200204200CHH,"Apr 20, 2002",CHA,4,7,0,7,28.57,28.57,0.0,7,4,0,0,0,0,0,0,0,0,0,0,0,0,0,0,0,0,0,0,0,0,0,0
2048,Jamaal Magloire,CHA,200204200CHH,"Apr 20, 2002",ORL,6,6,4,8,37.5,38.66,-1.16,6,4,0,0,1,1,0,0,0,0,0,0,0,0,0,0,0,0,0,0,0,0,1,1
278,Stacey Augmon,CHA,200204200CHH,"Apr 20, 2002",ORL,0,2,0,2,0.0,0.0,0.0,2,0,0,0,0,0,0,0,0,0,0,0,0,0,0,0,0,0,0,0,0,0,0,0
2034,Mike Miller,ORL,200204200CHH,"Apr 20, 2002",CHA,7,4,4,6,50.0,60.76,-10.76,2,0,2,3,0,0,0,0,0,0,0,0,0,0,0,0,0,0,0,0,0,0,2,4
1924,Lee Nailon,CHA,200204200CHH,"Apr 20, 2002",ORL,10,8,0,8,62.5,62.5,0.0,8,10,0,0,0,0,0,0,0,0,0,0,0,0,0,0,0,0,0,0,0,0,0,0
690,Don Reid,ORL,200204200CHH,"Apr 20, 2002",CHA,4,2,0,2,100.0,100.0,0.0,2,4,0,0,0,0,0,0,0,0,0,0,0,0,0,0,0,0,0,0,0,0,0,0
1607,Troy Hudson,ORL,200204200CHH,"Apr 20, 2002",CHA,8,7,4,9,42.11,45.66,-3.55,6,4,1,0,2,4,0,0,0,0,0,0,0,0,0,0,0,0,0,0,0,0,0,0
248,George Lynch,CHA,200204200CHH,"Apr 20, 2002",ORL,4,3,0,3,66.67,66.67,0.0,3,4,0,0,0,0,0,0,0,0,0,0,0,0,0,0,0,0,0,0,0,0,0,0
692,Andrew DeClercq,ORL,200204200CHH,"Apr 20, 2002",CHA,0,0,2,1,0.0,0.0,0.0,0,0,0,0,1,0,0,0,0,0,0,0,0,0,0,0,0,0,0,0,0,0,0,0
1714,Robert Traylor,CHA,200204200CHH,"Apr 20, 2002",ORL,4,1,2,2,100.0,106.38,-6.38,1,2,0,0,1,2,0,0,0,0,0,0,0,0,0,0,0,0,0,0,0,0,0,0
947,Allen Iverson,PHI,200204210BOS,"Apr 21, 2002",BOS,20,15,15,23,40.82,46.3,-5.48,11,8,4,0,6,10,0,0,0,0,0,0,2,2,0,0,0,0,0,0,0,0,0,0
72,Kenny Anderson,BOS,200204210BOS,"Apr 21, 2002",PHI,4,2,0,2,100.0,100.0,0.0,2,4,0,0,0,0,0,0,0,0,0,0,0,0,0,0,0,0,0,0,0,0,0,0
727,Eric Snow,PHI,200204210BOS,"Apr 21, 2002",BOS,11,12,10,17,29.73,33.54,-3.81,9,4,3,0,2,4,0,0,0,0,0,0,0,0,0,0,0,0,0,0,0,0,3,3
1499,Tony Battie,BOS,200204210BOS,"Apr 21, 2002",PHI,6,6,2,7,42.86,43.6,-0.74,6,4,0,0,1,2,0,0,0,0,0,0,0,0,0,0,0,0,0,0,0,0,0,0
952,Antoine Walker,BOS,200204210BOS,"Apr 21, 2002",PHI,20,23,4,25,37.04,40.39,-3.35,19,12,4,6,2,2,0,0,0,0,0,0,0,0,0,0,0,0,0,0,0,0,0,0
934,Derrick Coleman,PHI,200204210BOS,"Apr 21, 2002",BOS,9,7,6,10,39.13,46.68,-7.55,4,2,3,3,1,1,0,0,0,0,0,0,1,1,0,0,0,0,0,0,0,0,1,2
1718,Paul Pierce,BOS,200204210BOS,"Apr 21, 2002",PHI,31,25,9,29,46.27,53.52,-7.25,16,12,8,9,3,5,0,0,1,3,0,0,0,0,0,0,0,0,0,0,0,0,1,2
677,Eric Williams,BOS,200204210BOS,"Apr 21, 2002",PHI,8,3,2,4,88.89,103.09,-14.2,2,4,1,3,1,1,0,0,0,0,0,0,0,0,0,0,0,0,0,0,0,0,0,0
1723,Matt Harpring,BOS,200204210BOS,"Apr 21, 2002",PHI,18,14,3,15,58.06,58.75,-0.69,13,14,0,0,1,1,0,0,1,3,0,0,0,0,0,0,0,0,0,0,0,0,0,0
87,Dikembe Mutombo,PHI,200204210BOS,"Apr 21, 2002",BOS,9,8,2,9,50.0,50.68,-0.68,8,8,0,0,1,1,0,0,0,0,0,0,0,0,0,0,0,0,0,0,0,0,0,0
1065,Erick Strickland,BOS,200204210BOS,"Apr 21, 2002",PHI,2,3,0,3,33.33,33.33,0.0,3,2,0,0,0,0,0,0,0,0,0,0,0,0,0,0,0,0,0,0,0,0,0,0
915,Rodney Rogers,BOS,200204210BOS,"Apr 21, 2002",PHI,7,7,2,8,38.89,44.42,-5.53,5,2,2,3,0,0,0,0,0,0,0,0,0,0,0,0,0,0,0,0,0,0,1,2
962,Walter McCarty,BOS,200204210BOS,"Apr 21, 2002",PHI,14,8,1,8,70.0,82.94,-12.94,4,8,3,3,0,0,0,0,1,3,0,0,0,0,0,0,0,0,0,0,0,0,0,0
243,Aaron McKie,PHI,200204210BOS,"Apr 21, 2002",BOS,11,11,0,11,44.0,50.0,-6.0,8,8,3,3,0,0,0,0,0,0,0,0,0,0,0,0,0,0,0,0,0,0,0,0
960,Tony Delk,BOS,200204210BOS,"Apr 21, 2002",PHI,0,1,0,1,0.0,0.0,0.0,1,0,0,0,0,0,0,0,0,0,0,0,0,0,0,0,0,0,0,0,0,0,0,0
2049,Speedy Claxton,PHI,200204210BOS,"Apr 21, 2002",BOS,4,4,0,4,50.0,50.0,0.0,4,4,0,0,0,0,0,0,0,0,0,0,0,0,0,0,0,0,0,0,0,0,0,0
1725,Rasho Nesterovic,MIN,200204210DAL,"Apr 21, 2002",DAL,16,18,3,19,41.03,41.41,-0.38,17,14,0,0,1,0,0,0,1,2,0,0,0,0,0,0,0,0,0,0,0,0,0,0
959,Steve Nash,DAL,200204210DAL,"Apr 21, 2002",MIN,21,19,5,22,43.75,49.53,-5.78,14,10,5,6,0,0,0,0,0,0,0,0,1,1,0,0,0,0,0,0,0,0,2,4
714,Michael Finley,DAL,200204210DAL,"Apr 21, 2002",MIN,16,14,2,15,50.0,53.76,-3.76,12,14,2,0,1,2,0,0,0,0,0,0,0,0,0,0,0,0,0,0,0,0,0,0
1887,Wally Szczerbiak,MIN,200204210DAL,"Apr 21, 2002",DAL,15,15,0,15,44.12,50.0,-5.88,11,12,4,3,0,0,0,0,0,0,0,0,0,0,0,0,0,0,0,0,0,0,0,0
708,Kevin Garnett,MIN,200204210DAL,"Apr 21, 2002",DAL,19,18,6,21,44.19,46.03,-1.84,17,10,1,3,2,4,0,0,0,0,0,0,0,0,0,0,0,0,0,0,0,0,1,2
2059,Eduardo Najera,DAL,200204210DAL,"Apr 21, 2002",MIN,4,4,0,4,50.0,50.0,0.0,4,4,0,0,0,0,0,0,0,0,0,0,0,0,0,0,0,0,0,0,0,0,0,0
1717,Dirk Nowitzki,DAL,200204210DAL,"Apr 21, 2002",MIN,30,19,10,23,58.82,64.1,-5.28,14,14,3,3,3,6,0,0,2,5,0,0,0,0,0,0,0,0,0,0,0,0,1,2
417,Sam Mitchell,MIN,200204210DAL,"Apr 21, 2002",DAL,6,5,2,6,50.0,51.02,-1.02,5,4,0,0,1,2,0,0,0,0,0,0,0,0,0,0,0,0,0,0,0,0,0,0
1497,Chauncey Billups,MIN,200204210DAL,"Apr 21, 2002",DAL,25,16,9,22,54.35,62.63,-8.28,11,14,5,3,2,4,0,0,0,0,0,0,3,2,0,0,0,0,0,0,0,0,1,2
1559,Adrian Griffin,DAL,200204210DAL,"Apr 21, 2002",MIN,2,3,0,3,28.57,33.33,-4.76,2,2,1,0,0,0,0,0,0,0,0,0,0,0,0,0,0,0,0,0,0,0,0,0
1711,Raef LaFrentz,DAL,200204210DAL,"Apr 21, 2002",MIN,10,9,2,10,43.48,50.61,-7.13,6,6,3,3,0,0,0,0,0,0,0,0,0,0,0,0,0,0,0,0,0,0,1,1
89,Nick Van Exel,DAL,200204210DAL,"Apr 21, 2002",MIN,18,13,4,15,46.15,60.98,-14.83,4,6,9,9,0,0,0,0,0,0,0,0,0,0,0,0,0,0,0,0,0,0,2,3
718,Gary Trent,MIN,200204210DAL,"Apr 21, 2002",DAL,4,7,1,7,26.67,26.88,-0.21,6,2,0,0,0,0,0,0,1,2,0,0,0,0,0,0,0,0,0,0,0,0,0,0
123,Robert Pack,MIN,200204210DAL,"Apr 21, 2002",DAL,0,2,0,2,0.0,0.0,0.0,1,0,1,0,0,0,0,0,0,0,0,0,0,0,0,0,0,0,0,0,0,0,0,0
324,Anthony Peeler,MIN,200204210DAL,"Apr 21, 2002",DAL,7,7,0,7,43.75,50.0,-6.25,5,4,2,3,0,0,0,0,0,0,0,0,0,0,0,0,0,0,0,0,0,0,0,0
693,Joe Smith,MIN,200204210DAL,"Apr 21, 2002",DAL,2,2,2,3,33.33,34.72,-1.39,2,0,0,0,1,2,0,0,0,0,0,0,0,0,0,0,0,0,0,0,0,0,0,0
zhizhwa01,W. Zhizhi,DAL,200204210DAL,"Apr 21, 2002",MIN,0,3,0,3,0.0,0.0,0.0,3,0,0,0,0,0,0,0,0,0,0,0,0,0,0,0,0,0,0,0,0,0,0,0
406,Shaquille O'Neal,LAL,200204210LAL,"Apr 21, 2002",POR,25,17,10,20,56.82,58.41,-1.59,13,12,0,0,2,2,0,0,4,9,0,0,0,0,0,0,0,0,0,0,0,0,1,2
296,Rick Fox,POR,200204210LAL,"Apr 21, 2002",LAL,6,8,2,9,26.09,33.78,-7.69,3,0,5,6,0,0,0,0,0,0,0,0,0,0,0,0,0,0,0,0,0,0,1,0
1719,Bonzi Wells,POR,200204210LAL,"Apr 21, 2002",LAL,8,12,2,13,28.57,31.06,-2.49,10,8,2,0,1,0,0,0,0,0,0,0,0,0,0,0,0,0,0,0,0,0,0,0
937,Scottie Pippen,POR,200204210LAL,"Apr 21, 2002",LAL,11,11,2,12,39.29,46.3,-7.01,7,6,4,3,0,0,0,0,0,0,0,0,0,0,0,0,0,0,0,0,0,0,1,2
739,Rasheed Wallace,POR,200204210LAL,"Apr 21, 2002",LAL,25,20,6,23,47.17,55.21,-8.04,13,8,7,12,2,3,0,0,0,0,0,0,0,0,0,0,0,0,0,0,0,0,1,2
757,Damon Stoudamire,POR,200204210LAL,"Apr 21, 2002",LAL,4,8,2,9,21.05,22.52,-1.47,7,0,1,3,0,0,0,0,0,0,0,0,0,0,0,0,0,0,0,0,0,0,1,1
905,Dale Davis,POR,200204210LAL,"Apr 21, 2002",LAL,2,3,0,3,33.33,33.33,0.0,3,2,0,0,0,0,0,0,0,0,0,0,0,0,0,0,0,0,0,0,0,0,0,0
965,Derek Fisher,LAL,200204210LAL,"Apr 21, 2002",POR,12,5,5,7,66.67,83.33,-16.66,1,0,3,6,1,1,0,0,1,3,0,0,0,0,0,0,0,0,0,0,0,0,1,2
955,Samaki Walker,LAL,200204210LAL,"Apr 21, 2002",POR,0,4,0,4,0.0,0.0,0.0,4,0,0,0,0,0,0,0,0,0,0,0,0,0,0,0,0,0,0,0,0,0,0,0
977,Kobe Bryant,LAL,200204210LAL,"Apr 21, 2002",POR,34,28,13,34,44.74,50.42,-5.68,20,14,7,6,4,7,0,0,1,3,0,0,0,0,0,0,0,0,0,0,0,0,2,4
1739,Ruben Patterson,POR,200204210LAL,"Apr 21, 2002",LAL,13,10,6,13,48.15,51.42,-3.27,9,8,1,0,2,3,0,0,0,0,0,0,0,0,0,0,0,0,0,0,0,0,1,2
109,Robert Horry,LAL,200204210LAL,"Apr 21, 2002",POR,4,5,0,5,36.36,40.0,-3.64,4,4,1,0,0,0,0,0,0,0,0,0,0,0,0,0,0,0,0,0,0,0,0,0
1904,Devean George,LAL,200204210LAL,"Apr 21, 2002",POR,7,5,0,5,58.33,70.0,-11.67,3,4,2,3,0,0,0,0,0,0,0,0,0,0,0,0,0,0,0,0,0,0,0,0
70,Steve Kerr,POR,200204210LAL,"Apr 21, 2002",LAL,1,2,1,3,16.67,20.49,-3.82,1,0,1,0,0,0,0,0,0,0,0,0,1,1,0,0,0,0,0,0,0,0,0,0
1507,Derek Anderson,POR,200204210LAL,"Apr 21, 2002",LAL,22,14,6,16,59.46,66.11,-6.65,9,10,3,3,2,3,0,0,2,6,0,0,0,0,0,0,0,0,0,0,0,0,0,0
216,Brian Shaw,LAL,200204210LAL,"Apr 21, 2002",POR,7,3,2,4,70.0,90.21,-20.21,1,2,2,3,1,2,0,0,0,0,0,0,0,0,0,0,0,0,0,0,0,0,0,0
431,Shawn Kemp,POR,200204210LAL,"Apr 21, 2002",LAL,1,2,2,3,16.67,17.36,-0.69,2,0,0,0,0,0,0,0,0,0,0,0,0,0,0,0,0,0,0,0,0,0,1,1
711,Jerry Stackhouse,DET,200204210DET,"Apr 21, 2002",TOR,20,13,10,17,54.05,57.47,-3.42,10,6,1,0,4,8,0,0,2,6,0,0,0,0,0,0,0,0,0,0,0,0,0,0
361,Clifford Robinson,DET,200204210DET,"Apr 21, 2002",TOR,7,7,0,7,41.18,50.0,-8.82,4,4,3,3,0,0,0,0,0,0,0,0,0,0,0,0,0,0,0,0,0,0,0,0
966,Jerome Williams,TOR,200204210DET,"Apr 21, 2002",DET,11,10,4,12,45.83,46.77,-0.94,10,8,0,0,2,3,0,0,0,0,0,0,0,0,0,0,0,0,0,0,0,0,0,0
1721,Keon Clark,TOR,200204210DET,"Apr 21, 2002",DET,3,5,2,6,25.0,25.51,-0.51,5,2,0,0,1,1,0,0,0,0,0,0,0,0,0,0,0,0,0,0,0,0,0,0
1088,Chucky Atkins,DET,200204210DET,"Apr 21, 2002",TOR,5,10,0,10,20.0,25.0,-5.0,5,2,5,3,0,0,0,0,0,0,0,0,0,0,0,0,0,0,0,0,0,0,0,0
2050,Morris Peterson,TOR,200204210DET,"Apr 21, 2002",DET,2,13,0,13,6.45,7.69,-1.24,8,2,5,0,0,0,0,0,0,0,0,0,0,0,0,0,0,0,0,0,0,0,0,0
1112,Ben Wallace,DET,200204210DET,"Apr 21, 2002",TOR,19,11,4,13,73.08,74.45,-1.37,11,16,0,0,2,3,0,0,0,0,0,0,0,0,0,0,0,0,0,0,0,0,0,0
688,Michael Curry,TOR,200204210DET,"Apr 21, 2002",DET,0,2,0,2,0.0,0.0,0.0,1,0,1,0,0,0,0,0,0,0,0,0,0,0,0,0,0,0,0,0,0,0,0,0
1541,Alvin Williams,TOR,200204210DET,"Apr 21, 2002",DET,10,12,2,13,32.26,38.82,-6.56,7,2,5,6,0,0,0,0,0,0,0,0,0,0,0,0,0,0,0,0,0,0,1,2
213,Antonio Davis,TOR,200204210DET,"Apr 21, 2002",DET,15,16,6,19,39.47,40.24,-0.77,16,10,0,0,3,5,0,0,0,0,0,0,0,0,0,0,0,0,0,0,0,0,0,0
209,Dell Curry,TOR,200204210DET,"Apr 21, 2002",DET,2,5,0,5,20.0,20.0,0.0,5,2,0,0,0,0,0,0,0,0,0,0,0,0,0,0,0,0,0,0,0,0,0,0
722,Corliss Williamson,DET,200204210DET,"Apr 21, 2002",TOR,14,13,3,14,48.28,48.88,-0.6,12,10,0,0,0,0,0,0,1,2,0,0,0,0,0,0,0,0,0,0,0,0,1,2
1800,Damon Jones,DET,200204210DET,"Apr 21, 2002",TOR,5,7,0,7,26.32,35.71,-9.39,2,2,5,3,0,0,0,0,0,0,0,0,0,0,0,0,0,0,0,0,0,0,0,0
164,Chris Childs,TOR,200204210DET,"Apr 21, 2002",DET,0,4,0,4,0.0,0.0,0.0,2,0,2,0,0,0,0,0,0,0,0,0,0,0,0,0,0,0,0,0,0,0,0,0
468,Jon Barry,DET,200204210DET,"Apr 21, 2002",TOR,9,8,0,8,45.0,56.25,-11.25,4,6,4,3,0,0,0,0,0,0,0,0,0,0,0,0,0,0,0,0,0,0,0,0
165,Hakeem Olajuwon,TOR,200204210DET,"Apr 21, 2002",DET,10,7,4,9,55.56,57.08,-1.52,7,8,0,0,2,2,0,0,0,0,0,0,0,0,0,0,0,0,0,0,0,0,0,0
1442,Zeljko Rebraca,DET,200204210DET,"Apr 21, 2002",TOR,6,3,4,5,60.0,63.03,-3.03,3,2,0,0,1,2,0,0,0,0,0,0,0,0,0,0,0,0,0,0,0,0,1,2
1565,Michael Stewart,TOR,200204210DET,"Apr 21, 2002",DET,4,2,0,2,100.0,100.0,0.0,2,4,0,0,0,0,0,0,0,0,0,0,0,0,0,0,0,0,0,0,0,0,0,0
1983,Jermaine Jackson,TOR,200204210DET,"Apr 21, 2002",DET,6,3,6,6,50.0,53.19,-3.19,3,4,0,0,3,2,0,0,0,0,0,0,0,0,0,0,0,0,0,0,0,0,0,0
2349,Victor Alexander,DET,200204210DET,"Apr 21, 2002",TOR,0,1,0,1,0.0,0.0,0.0,1,0,0,0,0,0,0,0,0,0,0,0,0,0,0,0,0,0,0,0,0,0,0,0
344,Dana Barros,DET,200204210DET,"Apr 21, 2002",TOR,0,1,0,1,0.0,0.0,0.0,1,0,0,0,0,0,0,0,0,0,0,0,0,0,0,0,0,0,0,0,0,0,0,0
2206,Rodney White,DET,200204210DET,"Apr 21, 2002",TOR,0,1,0,1,0.0,0.0,0.0,1,0,0,0,0,0,0,0,0,0,0,0,0,0,0,0,0,0,0,0,0,0,0,0
1928,Todd MacCulloch,NJN,200204220NJN,"Apr 22, 2002",IND,2,5,0,5,20.0,20.0,0.0,5,2,0,0,0,0,0,0,0,0,0,0,0,0,0,0,0,0,0,0,0,0,0,0
2030,Kenyon Martin,NJN,200204220NJN,"Apr 22, 2002",IND,19,16,5,18,50.0,52.2,-2.2,14,12,1,0,1,2,0,0,1,3,0,0,0,0,0,0,0,0,0,0,0,0,1,2
397,Reggie Miller,IND,200204220NJN,"Apr 22, 2002",NJN,26,12,6,15,74.29,88.8,-14.51,7,12,5,9,1,2,0,0,0,0,0,0,0,0,0,0,0,0,0,0,0,0,2,3
1802,Brad Miller,IND,200204220NJN,"Apr 22, 2002",NJN,10,8,2,9,55.56,56.31,-0.75,8,8,0,0,1,2,0,0,0,0,0,0,0,0,0,0,0,0,0,0,0,0,0,0
1496,Keith Van Horn,NJN,200204220NJN,"Apr 22, 2002",IND,17,16,3,17,41.46,49.08,-7.62,9,6,6,6,0,0,0,0,1,3,0,0,0,0,1,2,0,0,0,0,0,0,0,0
979,Jermaine O'Neal,IND,200204220NJN,"Apr 22, 2002",NJN,12,11,8,15,40.0,41.32,-1.32,11,6,0,0,2,3,0,0,0,0,0,0,0,0,0,0,0,0,0,0,0,0,2,3
467,Jason Kidd,NJN,200204220NJN,"Apr 22, 2002",IND,20,13,10,18,51.28,57.47,-6.19,10,12,3,0,2,3,0,0,0,0,0,0,0,0,0,0,0,0,0,0,0,0,3,5
1897,Metta World Peace,IND,200204220NJN,"Apr 22, 2002",NJN,4,11,2,12,14.81,16.84,-2.03,8,2,3,0,1,2,0,0,0,0,0,0,0,0,0,0,0,0,0,0,0,0,0,0
954,Kerry Kittles,NJN,200204220NJN,"Apr 22, 2002",IND,4,6,0,6,33.33,33.33,0.0,6,4,0,0,0,0,0,0,0,0,0,0,0,0,0,0,0,0,0,0,0,0,0,0
1425,Aaron Williams,NJN,200204220NJN,"Apr 22, 2002",IND,15,7,6,10,75.0,77.8,-2.8,7,10,0,0,3,5,0,0,0,0,0,0,0,0,0,0,0,0,0,0,0,0,0,0
2210,Richard Jefferson,NJN,200204220NJN,"Apr 22, 2002",IND,3,2,4,4,37.5,39.89,-2.39,2,0,0,0,2,3,0,0,0,0,0,0,0,0,0,0,0,0,0,0,0,0,0,0
446,Lucious Harris,NJN,200204220NJN,"Apr 22, 2002",IND,8,4,2,5,80.0,81.97,-1.97,4,6,0,0,1,2,0,0,0,0,0,0,0,0,0,0,0,0,0,0,0,0,0,0
1563,Kevin Ollie,IND,200204220NJN,"Apr 22, 2002",NJN,8,6,2,7,57.14,58.14,-1.0,6,6,0,0,1,2,0,0,0,0,0,0,0,0,0,0,0,0,0,0,0,0,0,0
1500,Ron Mercer,IND,200204220NJN,"Apr 22, 2002",NJN,2,4,0,4,25.0,25.0,0.0,4,2,0,0,0,0,0,0,0,0,0,0,0,0,0,0,0,0,0,0,0,0,0,0
1886,Jonathan Bender,IND,200204220NJN,"Apr 22, 2002",NJN,4,3,0,3,57.14,66.67,-9.53,2,4,1,0,0,0,0,0,0,0,0,0,0,0,0,0,0,0,0,0,0,0,0,0
422,Avery Johnson,IND,200204220NJN,"Apr 22, 2002",NJN,5,4,0,4,55.56,62.5,-6.94,3,2,1,3,0,0,0,0,0,0,0,0,0,0,0,0,0,0,0,0,0,0,0,0
2215,Jason Collins,NJN,200204220NJN,"Apr 22, 2002",IND,2,3,0,3,33.33,33.33,0.0,3,2,0,0,0,0,0,0,0,0,0,0,0,0,0,0,0,0,0,0,0,0,0,0
1902,Jeff Foster,IND,200204220NJN,"Apr 22, 2002",NJN,7,4,0,4,77.78,87.5,-9.72,3,4,1,3,0,0,0,0,0,0,0,0,0,0,0,0,0,0,0,0,0,0,0,0
1506,Austin Croshere,IND,200204220NJN,"Apr 22, 2002",NJN,5,7,2,8,29.41,31.73,-2.32,6,4,1,0,1,1,0,0,0,0,0,0,0,0,0,0,0,0,0,0,0,0,0,0
2249,Jamison Brewer,IND,200204220NJN,"Apr 22, 2002",NJN,1,2,2,3,16.67,17.36,-0.69,2,0,0,0,0,0,0,0,0,0,0,0,0,0,0,0,0,0,0,0,0,0,1,1
2243,Brian Scalabrine,NJN,200204220NJN,"Apr 22, 2002",IND,0,1,0,1,0.0,0.0,0.0,0,0,1,0,0,0,0,0,0,0,0,0,0,0,0,0,0,0,0,0,0,0,0,0
1495,Tim Duncan,SAS,200204220SAS,"Apr 22, 2002",SEA,32,19,16,27,58.18,61.44,-3.26,18,18,1,0,7,13,0,0,0,0,0,0,0,0,0,0,0,0,0,0,0,0,1,1
56,Gary Payton,SEA,200204220SAS,"Apr 22, 2002",SAS,21,24,9,28,35.59,37.55,-1.96,21,16,2,0,2,1,0,0,1,2,0,0,0,0,0,0,0,0,0,0,0,0,2,2
452,Vin Baker,SEA,200204220SAS,"Apr 22, 2002",SAS,15,12,2,13,57.69,58.23,-0.54,12,14,0,0,1,1,0,0,0,0,0,0,0,0,0,0,0,0,0,0,0,0,0,0
2046,Desmond Mason,SEA,200204220SAS,"Apr 22, 2002",SAS,15,12,2,13,57.69,58.23,-0.54,12,14,0,0,0,0,0,0,0,0,0,0,1,1,0,0,0,0,0,0,0,0,0,0
95,Mark Bryant,SAS,200204220SAS,"Apr 22, 2002",SEA,2,2,0,2,50.0,50.0,0.0,2,2,0,0,0,0,0,0,0,0,0,0,0,0,0,0,0,0,0,0,0,0,0,0
1740,Rashard Lewis,SEA,200204220SAS,"Apr 22, 2002",SAS,19,15,7,18,51.35,52.54,-1.19,14,10,0,0,1,2,0,0,1,3,0,0,0,0,0,0,0,0,0,0,0,0,2,4
1477,Bruce Bowen,SAS,200204220SAS,"Apr 22, 2002",SEA,11,6,4,8,52.38,70.88,-18.5,1,0,5,9,1,2,0,0,0,0,0,0,0,0,0,0,0,0,0,0,0,0,1,0
699,Brent Barry,SEA,200204220SAS,"Apr 22, 2002",SAS,9,4,4,7,64.29,78.12,-13.83,2,2,2,3,1,2,0,0,0,0,0,0,2,2,0,0,0,0,0,0,0,0,0,0
120,Steven Smith,SAS,200204220SAS,"Apr 22, 2002",SEA,16,11,7,15,50.0,56.82,-6.82,8,10,3,0,2,3,0,0,0,0,0,0,1,1,0,0,0,0,0,0,0,0,1,2
2225,Tony Parker,SEA,200204220SAS,"Apr 22, 2002",SAS,13,11,6,14,41.94,47.65,-5.71,8,8,3,0,3,5,0,0,0,0,0,0,0,0,0,0,0,0,0,0,0,0,0,0
990,Malik Rose,SAS,200204220SAS,"Apr 22, 2002",SEA,10,8,8,12,40.0,43.4,-3.4,7,6,1,0,2,3,0,0,0,0,0,0,0,0,0,0,0,0,0,0,1,0,1,1
988,Randy Livingston,SEA,200204220SAS,"Apr 22, 2002",SAS,6,2,1,2,100.0,122.95,-22.95,0,0,1,3,0,0,0,0,1,3,0,0,0,0,0,0,0,0,0,0,0,0,0,0
198,Danny Ferry,SAS,200204220SAS,"Apr 22, 2002",SEA,0,3,1,4,0.0,0.0,0.0,2,0,1,0,0,0,0,0,0,0,0,0,1,0,0,0,0,0,0,0,0,0,0,0
1498,Antonio Daniels,SAS,200204220SAS,"Apr 22, 2002",SEA,0,3,0,3,0.0,0.0,0.0,2,0,1,0,0,0,0,0,0,0,0,0,0,0,0,0,0,0,0,0,0,0,0,0
2209,Vladimir Radmanovic,SEA,200204220SAS,"Apr 22, 2002",SAS,5,6,0,6,35.71,41.67,-5.96,4,2,2,3,0,0,0,0,0,0,0,0,0,0,0,0,0,0,0,0,0,0,0,0
1744,Jerome James,SEA,200204220SAS,"Apr 22, 2002",SAS,8,9,0,9,44.44,44.44,0.0,9,8,0,0,0,0,0,0,0,0,0,0,0,0,0,0,0,0,0,0,0,0,0,0
345,Terry Porter,SAS,200204220SAS,"Apr 22, 2002",SEA,6,2,0,2,100.0,150.0,-50.0,0,0,2,6,0,0,0,0,0,0,0,0,0,0,0,0,0,0,0,0,0,0,0,0
922,Elden Campbell,CHA,200204230CHH,"Apr 23, 2002",ORL,27,23,4,25,54.0,54.52,-0.52,23,24,0,0,2,3,0,0,0,0,0,0,0,0,0,0,0,0,0,0,0,0,0,0
1727,Pat Garrity,ORL,200204230CHH,"Apr 23, 2002",CHA,18,13,4,15,48.65,60.98,-12.33,6,6,7,9,0,0,0,0,0,0,0,0,0,0,0,0,0,0,0,0,0,0,2,3
1503,Tracy McGrady,ORL,200204230CHH,"Apr 23, 2002",CHA,31,23,12,28,50.82,54.81,-3.99,18,18,3,0,4,8,0,0,2,5,0,0,0,0,0,0,0,0,0,0,0,0,1,0
133,David Wesley,CHA,200204230CHH,"Apr 23, 2002",ORL,24,19,9,24,47.06,52.26,-5.2,15,12,4,3,1,2,0,0,0,0,0,0,1,1,0,0,0,0,0,0,0,0,3,6
270,Horace Grant,ORL,200204230CHH,"Apr 23, 2002",CHA,2,7,0,7,14.29,14.29,0.0,7,2,0,0,0,0,0,0,0,0,0,0,0,0,0,0,0,0,0,0,0,0,0,0
136,P.J. Brown,ORL,200204230CHH,"Apr 23, 2002",CHA,9,6,5,8,52.94,54.88,-1.94,5,4,0,0,2,2,0,0,1,3,0,0,0,0,0,0,0,0,0,0,0,0,0,0
1924,Lee Nailon,CHA,200204230CHH,"Apr 23, 2002",ORL,5,5,4,7,35.71,36.98,-1.27,5,2,0,0,2,3,0,0,0,0,0,0,0,0,0,0,0,0,0,0,0,0,0,0
353,Darrell Armstrong,ORL,200204230CHH,"Apr 23, 2002",CHA,13,8,4,10,54.17,66.6,-12.43,4,4,3,3,0,0,0,0,0,0,1,4,1,1,0,0,0,0,0,0,0,0,1,1
42,Monty Williams,CHA,200204230CHH,"Apr 23, 2002",ORL,6,5,2,6,50.0,51.02,-1.02,5,4,0,0,0,0,0,0,0,0,0,0,0,0,0,0,0,0,0,0,0,0,1,2
2034,Mike Miller,ORL,200204230CHH,"Apr 23, 2002",CHA,2,2,0,2,40.0,50.0,-10.0,1,2,1,0,0,0,0,0,0,0,0,0,0,0,0,0,0,0,0,0,0,0,0,0
1714,Robert Traylor,CHA,200204230CHH,"Apr 23, 2002",ORL,3,3,2,4,37.5,38.66,-1.16,3,2,0,0,1,1,0,0,0,0,0,0,0,0,0,0,0,0,0,0,0,0,0,0
1884,Baron Davis,ORL,200204230CHH,"Apr 23, 2002",CHA,11,15,2,16,28.95,34.63,-5.68,9,4,6,6,0,0,0,0,0,0,0,0,0,0,0,0,0,0,0,0,0,0,1,1
121,Patrick Ewing,ORL,200204230CHH,"Apr 23, 2002",CHA,9,5,8,9,50.0,52.82,-2.82,5,4,0,0,3,3,0,0,0,0,0,0,0,0,0,0,0,0,0,0,0,0,1,2
2048,Jamaal Magloire,CHA,200204230CHH,"Apr 23, 2002",ORL,10,2,6,5,100.0,107.76,-7.76,2,4,0,0,3,6,0,0,0,0,0,0,0,0,0,0,0,0,0,0,0,0,0,0
278,Stacey Augmon,CHA,200204230CHH,"Apr 23, 2002",ORL,5,3,4,5,50.0,52.52,-2.52,3,2,0,0,1,2,0,0,0,0,0,0,0,0,0,0,0,0,0,0,0,0,1,1
1607,Troy Hudson,ORL,200204230CHH,"Apr 23, 2002",CHA,26,18,6,21,60.47,62.98,-2.51,17,20,1,0,1,2,0,0,0,0,0,0,0,0,0,0,0,0,0,0,0,0,2,4
248,George Lynch,CHA,200204230CHH,"Apr 23, 2002",ORL,9,4,6,7,64.29,67.77,-3.48,4,6,0,0,0,0,0,0,0,0,0,0,0,0,0,0,0,0,0,0,0,0,3,3
690,Don Reid,ORL,200204230CHH,"Apr 23, 2002",CHA,4,4,0,4,50.0,50.0,0.0,4,4,0,0,0,0,0,0,0,0,0,0,0,0,0,0,0,0,0,0,0,0,0,0
124,Vlade Divac,UTA,200204230SAC,"Apr 23, 2002",SAC,21,15,6,16,56.76,59.52,-2.76,10,8,1,0,1,2,0,0,4,11,0,0,0,0,0,0,0,0,0,0,0,0,0,0
304,John Stockton,UTA,200204230SAC,"Apr 23, 2002",SAC,13,9,5,12,56.52,58.04,-1.52,9,8,0,0,0,0,0,0,0,0,0,0,1,1,0,0,0,0,0,0,0,0,2,4
978,Peja Stojakovic,SAC,200204230SAC,"Apr 23, 2002",UTA,16,18,2,19,35.56,42.37,-6.81,11,8,7,6,0,0,0,0,0,0,0,0,0,0,0,0,0,0,0,0,0,0,1,2
2260,Jarron Collins,UTA,200204230SAC,"Apr 23, 2002",SAC,2,2,0,2,50.0,50.0,0.0,2,2,0,0,0,0,0,0,0,0,0,0,0,0,0,0,0,0,0,0,0,0,0,0
935,Bryon Russell,UTA,200204230SAC,"Apr 23, 2002",SAC,12,11,0,11,46.15,54.55,-8.4,7,6,4,6,0,0,0,0,0,0,0,0,0,0,0,0,0,0,0,0,0,0,0,0
252,Karl Malone,UTA,200204230SAC,"Apr 23, 2002",SAC,18,15,6,18,50.0,51.02,-1.02,15,12,0,0,3,6,0,0,0,0,0,0,0,0,0,0,0,0,0,0,0,0,0,0
57,Doug Christie,SAC,200204230SAC,"Apr 23, 2002",UTA,12,7,9,12,44.44,54.74,-10.3,3,4,4,0,2,4,0,0,0,0,0,0,1,1,1,2,0,0,0,0,0,0,1,1
1710,Mike Bibby,SAC,200204230SAC,"Apr 23, 2002",UTA,5,7,1,7,29.41,33.6,-4.19,4,2,2,0,0,0,0,0,1,3,0,0,0,0,0,0,0,0,0,0,0,0,0,0
185,Chris Webber,SAC,200204230SAC,"Apr 23, 2002",UTA,18,16,8,20,45.0,46.11,-1.11,16,12,0,0,3,5,0,0,0,0,0,0,0,0,0,0,0,0,0,0,0,0,1,1
731,Greg Ostertag,UTA,200204230SAC,"Apr 23, 2002",SAC,7,5,6,8,43.75,45.81,-2.06,5,6,0,0,3,1,0,0,0,0,0,0,0,0,0,0,0,0,0,0,0,0,0,0
1513,Scot Pollard,SAC,200204230SAC,"Apr 23, 2002",UTA,4,7,0,7,28.57,28.57,0.0,7,4,0,0,0,0,0,0,0,0,0,0,0,0,0,0,0,0,0,0,0,0,0,0
1905,Andrei Kirilenko,UTA,200204230SAC,"Apr 23, 2002",SAC,15,7,10,12,60.0,65.79,-5.79,6,8,1,0,4,6,0,0,0,0,0,0,0,0,0,0,0,0,0,0,0,0,1,1
1601,Rusty LaRue,UTA,200204230SAC,"Apr 23, 2002",SAC,2,1,4,3,33.33,36.23,-2.9,1,0,0,0,1,1,0,0,0,0,0,0,0,0,0,0,0,0,0,0,0,0,1,1
2045,Hedo Turkoglu,SAC,200204230SAC,"Apr 23, 2002",UTA,2,8,0,8,10.53,12.5,-1.97,5,2,3,0,0,0,0,0,0,0,0,0,0,0,0,0,0,0,0,0,0,0,0,0
1517,Bobby Jackson,SAC,200204230SAC,"Apr 23, 2002",UTA,8,9,1,9,33.33,42.37,-9.04,3,2,5,3,0,0,0,0,1,3,0,0,0,0,0,0,0,0,0,0,0,0,0,0
923,Donyell Marshall,UTA,200204230SAC,"Apr 23, 2002",SAC,19,15,4,16,54.29,56.68,-2.39,12,10,1,3,1,2,0,0,2,4,0,0,0,0,0,0,0,0,0,0,0,0,0,0
1900,Quincy Lewis,UTA,200204230SAC,"Apr 23, 2002",SAC,4,6,2,7,28.57,29.07,-0.5,6,4,0,0,1,0,0,0,0,0,0,0,0,0,0,0,0,0,0,0,0,0,0,0
1909,Scott Padgett,UTA,200204230SAC,"Apr 23, 2002",SAC,1,1,2,2,25.0,26.6,-1.6,1,0,0,0,0,0,0,0,0,0,0,0,0,0,0,0,0,0,0,0,0,0,1,1
1088,Chucky Atkins,DET,200204240DET,"Apr 24, 2002",TOR,13,13,1,13,43.33,48.36,-5.03,9,8,3,3,0,0,0,0,1,2,0,0,0,0,0,0,0,0,0,0,0,0,0,0
1541,Alvin Williams,TOR,200204240DET,"Apr 24, 2002",DET,8,15,2,16,22.86,25.19,-2.33,12,8,3,0,1,0,0,0,0,0,0,0,0,0,0,0,0,0,0,0,0,0,0,0
688,Michael Curry,TOR,200204240DET,"Apr 24, 2002",DET,4,2,2,3,66.67,69.44,-2.77,2,2,0,0,1,2,0,0,0,0,0,0,0,0,0,0,0,0,0,0,0,0,0,0
1721,Keon Clark,TOR,200204240DET,"Apr 24, 2002",DET,12,10,2,11,54.55,55.15,-0.6,10,10,0,0,1,2,0,0,0,0,0,0,0,0,0,0,0,0,0,0,0,0,0,0
164,Chris Childs,DET,200204240DET,"Apr 24, 2002",TOR,22,16,0,16,59.46,68.75,-9.29,11,10,5,12,0,0,0,0,0,0,0,0,0,0,0,0,0,0,0,0,0,0,0,0
361,Clifford Robinson,DET,200204240DET,"Apr 24, 2002",TOR,10,10,6,13,33.33,39.56,-6.23,6,2,4,3,3,5,0,0,0,0,0,0,0,0,0,0,0,0,0,0,0,0,0,0
213,Antonio Davis,TOR,200204240DET,"Apr 24, 2002",DET,21,15,6,18,58.33,59.52,-1.19,15,16,0,0,3,5,0,0,0,0,0,0,0,0,0,0,0,0,0,0,0,0,0,0
2050,Morris Peterson,TOR,200204240DET,"Apr 24, 2002",DET,9,9,2,10,40.91,45.55,-4.64,7,8,2,0,1,1,0,0,0,0,0,0,0,0,0,0,0,0,0,0,0,0,0,0
711,Jerry Stackhouse,DET,200204240DET,"Apr 24, 2002",TOR,31,22,12,28,49.21,56.82,-7.61,14,6,7,12,2,4,0,0,1,3,0,0,1,1,1,2,0,0,0,0,0,0,2,3
1112,Ben Wallace,DET,200204240DET,"Apr 24, 2002",TOR,7,7,2,8,43.75,44.42,-0.67,7,6,0,0,1,1,0,0,0,0,0,0,0,0,0,0,0,0,0,0,0,0,0,0
1442,Zeljko Rebraca,DET,200204240DET,"Apr 24, 2002",TOR,6,2,4,4,75.0,79.79,-4.79,2,2,0,0,1,2,0,0,0,0,0,0,0,0,0,0,0,0,0,0,0,0,1,2
165,Hakeem Olajuwon,TOR,200204240DET,"Apr 24, 2002",DET,6,5,0,5,60.0,60.0,0.0,5,6,0,0,0,0,0,0,0,0,0,0,0,0,0,0,0,0,0,0,0,0,0,0
966,Jerome Williams,TOR,200204240DET,"Apr 24, 2002",DET,13,10,4,12,54.17,55.27,-1.1,10,10,0,0,1,2,0,0,0,0,0,0,0,0,0,0,0,0,0,0,0,0,1,1
722,Corliss Williamson,DET,200204240DET,"Apr 24, 2002",TOR,10,8,4,10,47.62,51.23,-3.61,7,8,1,0,2,2,0,0,0,0,0,0,0,0,0,0,0,0,0,0,0,0,0,0
468,Jon Barry,DET,200204240DET,"Apr 24, 2002",TOR,13,8,2,9,56.52,73.2,-16.68,3,2,5,9,0,0,0,0,0,0,0,0,0,0,0,0,0,0,0,0,0,0,1,2
1800,Damon Jones,DET,200204240DET,"Apr 24, 2002",TOR,2,2,0,2,40.0,50.0,-10.0,1,2,1,0,0,0,0,0,0,0,0,0,0,0,0,0,0,0,0,0,0,0,0,0
1717,Dirk Nowitzki,DAL,200204240DAL,"Apr 24, 2002",MIN,31,21,10,25,54.39,61.02,-6.63,14,6,5,12,3,6,0,0,2,5,0,0,0,0,0,0,0,0,0,0,0,0,1,2
1497,Chauncey Billups,MIN,200204240DAL,"Apr 24, 2002",DAL,25,19,4,20,54.35,60.21,-5.86,13,10,4,9,1,1,0,0,2,5,0,0,0,0,0,0,0,0,0,0,0,0,0,0
417,Sam Mitchell,MIN,200204240DAL,"Apr 24, 2002",DAL,2,4,0,4,25.0,25.0,0.0,4,2,0,0,0,0,0,0,0,0,0,0,0,0,0,0,0,0,0,0,0,0,0,0
714,Michael Finley,DAL,200204240DAL,"Apr 24, 2002",MIN,28,23,4,25,51.85,56.54,-4.69,19,18,4,6,0,0,0,0,0,0,0,0,0,0,0,0,0,0,0,0,0,0,2,4
1887,Wally Szczerbiak,DAL,200204240DAL,"Apr 24, 2002",MIN,25,17,8,21,56.82,60.92,-4.1,15,18,2,0,2,3,0,0,0,0,0,0,0,0,0,0,0,0,0,0,0,0,2,4
959,Steve Nash,DAL,200204240DAL,"Apr 24, 2002",MIN,17,14,2,15,47.22,57.12,-9.9,7,4,6,9,0,0,0,0,1,3,0,0,1,1,0,0,0,0,0,0,0,0,0,0
1725,Rasho Nesterovic,MIN,200204240DAL,"Apr 24, 2002",DAL,9,7,2,8,56.25,57.11,-0.86,7,8,0,0,1,1,0,0,0,0,0,0,0,0,0,0,0,0,0,0,0,0,0,0
708,Kevin Garnett,MIN,200204240DAL,"Apr 24, 2002",DAL,31,19,17,27,55.36,58.53,-3.17,17,16,1,0,5,7,0,0,1,3,0,0,0,0,0,0,0,0,0,0,0,0,3,5
1711,Raef LaFrentz,DAL,200204240DAL,"Apr 24, 2002",MIN,14,13,1,13,46.67,52.08,-5.41,9,12,3,0,0,0,0,0,1,2,0,0,0,0,0,0,0,0,0,0,0,0,0,0
2059,Eduardo Najera,DAL,200204240DAL,"Apr 24, 2002",MIN,13,9,2,10,65.0,65.79,-0.79,9,12,0,0,1,1,0,0,0,0,0,0,0,0,0,0,0,0,0,0,0,0,0,0
1915,Evan Eschmeyer,DAL,200204240DAL,"Apr 24, 2002",MIN,0,1,0,1,0.0,0.0,0.0,1,0,0,0,0,0,0,0,0,0,0,0,0,0,0,0,0,0,0,0,0,0,0,0
693,Joe Smith,MIN,200204240DAL,"Apr 24, 2002",DAL,6,3,2,4,75.0,77.32,-2.32,3,4,0,0,0,0,0,0,0,0,0,0,0,0,0,0,0,0,0,0,0,0,1,2
1761,Greg Buckner,DAL,200204240DAL,"Apr 24, 2002",MIN,2,1,2,2,50.0,53.19,-3.19,1,0,0,0,0,0,0,0,0,0,0,0,0,0,0,0,0,0,0,0,0,0,1,2
89,Nick Van Exel,DAL,200204240DAL,"Apr 24, 2002",MIN,17,12,2,13,56.67,65.99,-9.32,8,10,4,6,0,0,0,0,0,0,0,0,0,0,0,0,0,0,0,0,0,0,1,1
123,Robert Pack,MIN,200204240DAL,"Apr 24, 2002",DAL,3,2,1,2,60.0,61.48,-1.48,1,0,0,0,0,0,0,0,1,3,0,0,0,0,0,0,0,0,0,0,0,0,0,0
718,Gary Trent,MIN,200204240DAL,"Apr 24, 2002",DAL,9,6,3,7,60.0,61.48,-1.48,5,6,0,0,1,1,0,0,1,2,0,0,0,0,0,0,0,0,0,0,0,0,0,0
1732,Felipe Lopez,MIN,200204240DAL,"Apr 24, 2002",DAL,0,2,0,2,0.0,0.0,0.0,1,0,1,0,0,0,0,0,0,0,0,0,0,0,0,0,0,0,0,0,0,0,0,0
727,Eric Snow,PHI,200204250BOS,"Apr 25, 2002",BOS,7,13,4,15,21.88,23.71,-1.83,11,4,2,0,2,3,0,0,0,0,0,0,0,0,0,0,0,0,0,0,0,0,0,0
87,Dikembe Mutombo,PHI,200204250BOS,"Apr 25, 2002",BOS,10,9,2,10,50.0,50.61,-0.61,9,8,0,0,1,2,0,0,0,0,0,0,0,0,0,0,0,0,0,0,0,0,0,0
952,Antoine Walker,BOS,200204250BOS,"Apr 25, 2002",PHI,24,21,2,22,51.06,54.84,-3.78,18,16,3,6,1,2,0,0,0,0,0,0,0,0,0,0,0,0,0,0,0,0,0,0
1718,Paul Pierce,BOS,200204250BOS,"Apr 25, 2002",PHI,25,19,13,26,41.67,50.57,-8.9,10,8,9,6,3,4,0,0,0,0,0,0,1,1,0,0,0,0,0,0,0,0,3,6
947,Allen Iverson,PHI,200204250BOS,"Apr 25, 2002",BOS,29,30,10,34,38.16,42.15,-3.99,22,16,6,3,4,6,0,0,2,4,0,0,0,0,0,0,0,0,0,0,0,0,0,0
72,Kenny Anderson,BOS,200204250BOS,"Apr 25, 2002",PHI,12,13,2,14,42.86,43.23,-0.37,13,10,0,0,0,0,0,0,0,0,0,0,0,0,0,0,0,0,0,0,0,0,1,2
934,Derrick Coleman,PHI,200204250BOS,"Apr 25, 2002",BOS,13,10,0,10,54.17,65.0,-10.83,6,10,4,3,0,0,0,0,0,0,0,0,0,0,0,0,0,0,0,0,0,0,0,0
1723,Matt Harpring,PHI,200204250BOS,"Apr 25, 2002",BOS,8,9,0,9,44.44,44.44,0.0,9,8,0,0,0,0,0,0,0,0,0,0,0,0,0,0,0,0,0,0,0,0,0,0
677,Eric Williams,BOS,200204250BOS,"Apr 25, 2002",PHI,10,6,0,6,71.43,83.33,-11.9,4,4,2,6,0,0,0,0,0,0,0,0,0,0,0,0,0,0,0,0,0,0,0,0
1499,Tony Battie,BOS,200204250BOS,"Apr 25, 2002",PHI,12,5,2,6,100.0,102.04,-2.04,5,10,0,0,1,2,0,0,0,0,0,0,0,0,0,0,0,0,0,0,0,0,0,0
962,Walter McCarty,BOS,200204250BOS,"Apr 25, 2002",PHI,10,4,4,6,71.43,86.81,-15.38,2,4,2,3,0,0,0,0,0,0,0,0,0,0,0,0,0,0,0,0,0,0,2,3
915,Rodney Rogers,BOS,200204250BOS,"Apr 25, 2002",PHI,0,2,0,2,0.0,0.0,0.0,0,0,2,0,0,0,0,0,0,0,0,0,0,0,0,0,0,0,0,0,0,0,0,0
916,Corie Blount,PHI,200204250BOS,"Apr 25, 2002",BOS,0,1,0,1,0.0,0.0,0.0,1,0,0,0,0,0,0,0,0,0,0,0,0,0,0,0,0,0,0,0,0,0,0,0
1065,Erick Strickland,BOS,200204250BOS,"Apr 25, 2002",PHI,0,2,0,2,0.0,0.0,0.0,1,0,1,0,0,0,0,0,0,0,0,0,0,0,0,0,0,0,0,0,0,0,0,0
243,Aaron McKie,PHI,200204250BOS,"Apr 25, 2002",BOS,16,8,4,10,72.73,81.97,-9.24,5,4,2,6,0,0,0,0,1,3,0,0,1,1,0,0,0,0,0,0,0,0,1,2
2049,Speedy Claxton,PHI,200204250BOS,"Apr 25, 2002",BOS,2,5,0,5,18.18,20.0,-1.82,4,2,1,0,0,0,0,0,0,0,0,0,0,0,0,0,0,0,0,0,0,0,0,0
296,Rick Fox,LAL,200204250LAL,"Apr 25, 2002",POR,13,9,4,11,54.17,60.41,-6.24,7,6,2,3,0,0,0,0,0,0,0,0,0,0,0,0,0,0,0,0,0,0,2,4
739,Rasheed Wallace,POR,200204250LAL,"Apr 25, 2002",LAL,31,27,6,29,47.69,52.29,-4.6,21,18,5,6,1,2,1,2,1,3,0,0,0,0,0,0,0,0,0,0,0,0,0,0
905,Dale Davis,POR,200204250LAL,"Apr 25, 2002",LAL,5,5,2,6,41.67,42.52,-0.85,5,4,0,0,1,1,0,0,0,0,0,0,0,0,0,0,0,0,0,0,0,0,0,0
955,Samaki Walker,LAL,200204250LAL,"Apr 25, 2002",POR,5,4,2,5,50.0,51.23,-1.23,4,4,0,0,1,1,0,0,0,0,0,0,0,0,0,0,0,0,0,0,0,0,0,0
937,Scottie Pippen,POR,200204250LAL,"Apr 25, 2002",LAL,20,13,0,13,64.52,76.92,-12.4,8,8,5,12,0,0,0,0,0,0,0,0,0,0,0,0,0,0,0,0,0,0,0,0
757,Damon Stoudamire,POR,200204250LAL,"Apr 25, 2002",LAL,2,7,0,7,14.29,14.29,0.0,7,2,0,0,0,0,0,0,0,0,0,0,0,0,0,0,0,0,0,0,0,0,0,0
977,Kobe Bryant,LAL,200204250LAL,"Apr 25, 2002",POR,19,21,9,27,34.55,38.06,-3.51,17,8,4,3,0,0,0,0,0,0,0,0,3,3,0,0,0,0,0,0,0,0,3,5
965,Derek Fisher,LAL,200204250LAL,"Apr 25, 2002",POR,18,10,10,15,51.43,62.5,-11.07,4,4,5,3,0,0,0,0,1,3,0,0,1,1,0,0,0,0,0,0,0,0,4,7
1719,Bonzi Wells,LAL,200204250LAL,"Apr 25, 2002",POR,10,11,6,13,32.26,36.66,-4.4,6,2,3,0,2,3,0,0,2,5,0,0,0,0,0,0,0,0,0,0,0,0,0,0
406,Shaquille O'Neal,LAL,200204250LAL,"Apr 25, 2002",POR,31,20,9,24,63.27,64.69,-1.42,19,22,0,0,3,5,0,0,1,2,0,0,0,0,1,2,0,0,0,0,0,0,0,0
1507,Derek Anderson,POR,200204250LAL,"Apr 25, 2002",LAL,10,4,6,6,66.67,75.3,-8.63,1,0,1,0,1,2,0,0,2,6,0,0,0,0,0,0,0,0,0,0,0,0,1,2
109,Robert Horry,LAL,200204250LAL,"Apr 25, 2002",POR,7,6,0,6,46.67,58.33,-11.66,3,4,3,3,0,0,0,0,0,0,0,0,0,0,0,0,0,0,0,0,0,0,0,0
431,Shawn Kemp,POR,200204250LAL,"Apr 25, 2002",LAL,7,3,6,6,58.33,62.06,-3.73,3,2,0,0,3,5,0,0,0,0,0,0,0,0,0,0,0,0,0,0,0,0,0,0
1739,Ruben Patterson,POR,200204250LAL,"Apr 25, 2002",LAL,2,5,0,5,20.0,20.0,0.0,5,2,0,0,0,0,0,0,0,0,0,0,0,0,0,0,0,0,0,0,0,0,0,0
283,Lindsey Hunter,LAL,200204250LAL,"Apr 25, 2002",POR,3,3,0,3,33.33,50.0,-16.67,0,0,3,3,0,0,0,0,0,0,0,0,0,0,0,0,0,0,0,0,0,0,0,0
1904,Devean George,LAL,200204250LAL,"Apr 25, 2002",POR,7,5,2,6,50.0,59.52,-9.52,3,6,2,0,1,1,0,0,0,0,0,0,0,0,0,0,0,0,0,0,0,0,0,0
70,Steve Kerr,POR,200204250LAL,"Apr 25, 2002",LAL,9,5,4,7,50.0,66.57,-16.57,1,2,4,3,1,2,0,0,0,0,0,0,0,0,0,0,0,0,0,0,0,0,1,2
1802,Brad Miller,IND,200204260IND,"Apr 26, 2002",NJN,4,12,0,12,16.67,16.67,0.0,12,4,0,0,0,0,0,0,0,0,0,0,0,0,0,0,0,0,0,0,0,0,0,0
397,Reggie Miller,IND,200204260IND,"Apr 26, 2002",NJN,30,19,7,23,60.0,67.93,-7.93,14,18,5,6,2,3,0,0,0,0,0,0,1,1,0,0,0,0,0,0,0,0,1,2
467,Jason Kidd,NJN,200204260IND,"Apr 26, 2002",IND,24,21,3,23,48.0,53.76,-5.76,16,18,5,3,1,2,0,0,0,0,0,0,1,1,0,0,0,0,0,0,0,0,0,0
954,Kerry Kittles,NJN,200204260IND,"Apr 26, 2002",IND,5,11,0,11,20.0,22.73,-2.73,8,2,3,3,0,0,0,0,0,0,0,0,0,0,0,0,0,0,0,0,0,0,0,0
1897,Metta World Peace,IND,200204260IND,"Apr 26, 2002",NJN,11,8,4,10,47.83,56.35,-8.52,5,6,3,3,0,0,0,0,0,0,0,0,0,0,0,0,0,0,0,0,0,0,2,2
1496,Keith Van Horn,NJN,200204260IND,"Apr 26, 2002",IND,14,15,5,17,36.84,40.7,-3.86,11,6,3,3,2,3,0,0,1,2,0,0,0,0,0,0,0,0,0,0,0,0,0,0
979,Jermaine O'Neal,IND,200204260IND,"Apr 26, 2002",NJN,12,17,4,19,30.77,31.98,-1.21,16,10,1,0,2,2,0,0,0,0,0,0,0,0,0,0,0,0,0,0,0,0,0,0
1928,Todd MacCulloch,NJN,200204260IND,"Apr 26, 2002",IND,4,2,4,4,50.0,53.19,-3.19,2,2,0,0,1,1,0,0,0,0,0,0,0,0,0,0,0,0,0,0,0,0,1,1
2224,Jamaal Tinsley,IND,200204260IND,"Apr 26, 2002",NJN,8,9,3,10,36.36,38.76,-2.4,7,4,1,0,1,2,0,0,1,2,0,0,0,0,0,0,0,0,0,0,0,0,0,0
2030,Kenyon Martin,NJN,200204260IND,"Apr 26, 2002",IND,21,13,4,14,70.0,71.14,-1.14,11,14,0,0,1,1,0,0,2,6,0,0,0,0,0,0,0,0,0,0,0,0,0,0
1886,Jonathan Bender,IND,200204260IND,"Apr 26, 2002",NJN,2,2,0,2,50.0,50.0,0.0,2,2,0,0,0,0,0,0,0,0,0,0,0,0,0,0,0,0,0,0,0,0,0,0
1500,Ron Mercer,IND,200204260IND,"Apr 26, 2002",NJN,10,9,0,9,55.56,55.56,0.0,9,10,0,0,0,0,0,0,0,0,0,0,0,0,0,0,0,0,0,0,0,0,0,0
1425,Aaron Williams,NJN,200204260IND,"Apr 26, 2002",IND,2,4,2,5,20.0,20.49,-0.49,4,2,0,0,0,0,0,0,0,0,0,0,0,0,0,0,0,0,0,0,0,0,1,0
1902,Jeff Foster,IND,200204260IND,"Apr 26, 2002",NJN,7,6,3,7,43.75,47.81,-4.06,4,2,1,3,1,0,0,0,1,2,0,0,0,0,0,0,0,0,0,0,0,0,0,0
2210,Richard Jefferson,NJN,200204260IND,"Apr 26, 2002",IND,2,5,0,5,20.0,20.0,0.0,5,2,0,0,0,0,0,0,0,0,0,0,0,0,0,0,0,0,0,0,0,0,0,0
446,Lucious Harris,NJN,200204260IND,"Apr 26, 2002",IND,6,4,0,4,75.0,75.0,0.0,4,6,0,0,0,0,0,0,0,0,0,0,0,0,0,0,0,0,0,0,0,0,0,0
1533,Anthony Johnson,NJN,200204260IND,"Apr 26, 2002",IND,7,6,2,7,43.75,50.87,-7.12,4,6,2,0,1,1,0,0,0,0,0,0,0,0,0,0,0,0,0,0,0,0,0,0
1563,Kevin Ollie,IND,200204260IND,"Apr 26, 2002",NJN,0,1,0,1,0.0,0.0,0.0,1,0,0,0,0,0,0,0,0,0,0,0,0,0,0,0,0,0,0,0,0,0,0,0
922,Elden Campbell,CHA,200204270ORL,"Apr 27, 2002",ORL,10,9,0,9,55.56,55.56,0.0,9,10,0,0,0,0,0,0,0,0,0,0,0,0,0,0,0,0,0,0,0,0,0,0
136,P.J. Brown,CHA,200204270ORL,"Apr 27, 2002",ORL,17,13,6,16,53.12,54.35,-1.23,13,12,0,0,2,3,0,0,0,0,0,0,0,0,0,0,0,0,0,0,0,0,1,2
1503,Tracy McGrady,ORL,200204270ORL,"Apr 27, 2002",CHA,37,25,16,32,51.39,57.74,-6.35,18,16,6,6,5,9,1,1,1,3,0,0,0,0,0,0,0,0,0,0,0,0,1,2
1727,Pat Garrity,ORL,200204270ORL,"Apr 27, 2002",CHA,11,9,0,9,44.0,61.11,-17.11,2,2,7,9,0,0,0,0,0,0,0,0,0,0,0,0,0,0,0,0,0,0,0,0
270,Horace Grant,ORL,200204270ORL,"Apr 27, 2002",CHA,10,8,2,9,55.56,56.31,-0.75,8,8,0,0,1,2,0,0,0,0,0,0,0,0,0,0,0,0,0,0,0,0,0,0
133,David Wesley,CHA,200204270ORL,"Apr 27, 2002",ORL,12,11,4,13,44.44,47.02,-2.58,10,6,1,3,0,0,0,0,0,0,0,0,0,0,0,0,0,0,0,0,0,0,2,3
353,Darrell Armstrong,ORL,200204270ORL,"Apr 27, 2002",CHA,21,13,8,18,48.84,63.56,-14.72,4,8,9,6,0,0,0,0,0,0,0,0,2,2,0,0,0,0,0,0,0,0,3,5
42,Monty Williams,ORL,200204270ORL,"Apr 27, 2002",CHA,10,8,4,10,50.0,51.23,-1.23,8,8,0,0,1,1,0,0,0,0,0,0,0,0,0,0,0,0,0,0,0,0,1,1
248,George Lynch,CHA,200204270ORL,"Apr 27, 2002",ORL,2,3,0,3,33.33,33.33,0.0,3,2,0,0,0,0,0,0,0,0,0,0,0,0,0,0,0,0,0,0,0,0,0,0
1884,Baron Davis,CHA,200204270ORL,"Apr 27, 2002",ORL,33,29,8,33,44.0,50.74,-6.74,20,18,9,9,3,5,0,0,0,0,0,0,0,0,0,0,0,0,0,0,0,0,1,1
2048,Jamaal Magloire,CHA,200204270ORL,"Apr 27, 2002",ORL,15,6,12,12,62.5,66.49,-3.99,5,4,0,0,5,7,0,0,1,3,0,0,0,0,0,0,0,0,0,0,1,1,0,0
1924,Lee Nailon,CHA,200204270ORL,"Apr 27, 2002",ORL,10,7,2,8,62.5,63.45,-0.95,7,8,0,0,1,2,0,0,0,0,0,0,0,0,0,0,0,0,0,0,0,0,0,0
278,Stacey Augmon,CHA,200204270ORL,"Apr 27, 2002",ORL,9,7,4,9,50.0,51.37,-1.37,7,6,0,0,1,2,0,0,0,0,0,0,0,0,0,0,0,0,0,0,0,0,1,1
2034,Mike Miller,ORL,200204270ORL,"Apr 27, 2002",CHA,0,3,0,3,0.0,0.0,0.0,3,0,0,0,0,0,0,0,0,0,0,0,0,0,0,0,0,0,0,0,0,0,0,0
1607,Troy Hudson,ORL,200204270ORL,"Apr 27, 2002",CHA,9,13,4,15,29.03,30.49,-1.46,12,6,1,0,1,1,0,0,0,0,0,0,0,0,0,0,0,0,0,0,0,0,1,2
121,Patrick Ewing,ORL,200204270ORL,"Apr 27, 2002",CHA,2,3,2,4,25.0,25.77,-0.77,3,2,0,0,1,0,0,0,0,0,0,0,0,0,0,0,0,0,0,0,0,0,0,0
1714,Robert Traylor,ORL,200204270ORL,"Apr 27, 2002",CHA,2,4,0,4,25.0,25.0,0.0,4,2,0,0,0,0,0,0,0,0,0,0,0,0,0,0,0,0,0,0,0,0,0,0
1905,Andrei Kirilenko,UTA,200204270UTA,"Apr 27, 2002",SAC,8,8,4,10,34.78,40.98,-6.2,5,4,3,0,2,4,0,0,0,0,0,0,0,0,0,0,0,0,0,0,0,0,0,0
124,Vlade Divac,SAC,200204270UTA,"Apr 27, 2002",UTA,5,5,6,8,31.25,32.72,-1.47,5,0,0,0,2,4,0,0,0,0,0,0,0,0,0,0,0,0,0,0,0,0,1,1
935,Bryon Russell,UTA,200204270UTA,"Apr 27, 2002",SAC,8,9,2,10,30.77,40.49,-9.72,3,0,6,6,1,2,0,0,0,0,0,0,0,0,0,0,0,0,0,0,0,0,0,0
57,Doug Christie,SAC,200204270UTA,"Apr 27, 2002",UTA,9,10,7,14,27.27,34.4,-7.13,4,2,6,3,0,0,0,0,0,0,0,0,2,2,0,0,0,0,0,0,0,0,2,2
304,John Stockton,UTA,200204270UTA,"Apr 27, 2002",SAC,15,9,5,12,60.0,66.96,-6.96,7,8,2,3,2,4,0,0,0,0,0,0,1,0,0,0,0,0,0,0,0,0,0,0
2260,Jarron Collins,UTA,200204270UTA,"Apr 27, 2002",SAC,4,2,2,3,66.67,69.44,-2.77,2,2,0,0,1,2,0,0,0,0,0,0,0,0,0,0,0,0,0,0,0,0,0,0
252,Karl Malone,UTA,200204270UTA,"Apr 27, 2002",SAC,23,19,9,23,47.92,50.09,-2.17,17,16,1,0,3,3,0,0,1,3,0,0,0,0,0,0,0,0,0,0,0,0,1,1
978,Peja Stojakovic,SAC,200204270UTA,"Apr 27, 2002",UTA,21,17,9,22,44.68,50.1,-5.42,13,6,4,6,0,0,0,0,0,0,0,0,1,1,0,0,0,0,0,0,0,0,4,8
185,Chris Webber,SAC,200204270UTA,"Apr 27, 2002",UTA,18,17,5,19,46.15,46.88,-0.73,16,12,0,0,1,2,0,0,1,3,0,0,0,0,0,0,0,0,0,0,0,0,1,1
1710,Mike Bibby,SAC,200204270UTA,"Apr 27, 2002",UTA,26,17,9,22,55.32,62.02,-6.7,13,14,4,3,2,4,0,0,0,0,0,0,0,0,0,0,1,1,0,0,0,0,2,4
1601,Rusty LaRue,UTA,200204270UTA,"Apr 27, 2002",SAC,5,8,0,8,26.32,31.25,-4.93,5,2,3,3,0,0,0,0,0,0,0,0,0,0,0,0,0,0,0,0,0,0,0,0
731,Greg Ostertag,UTA,200204270UTA,"Apr 27, 2002",SAC,4,3,2,4,50.0,51.55,-1.55,3,4,0,0,0,0,0,0,0,0,0,0,0,0,0,0,0,0,0,0,0,0,1,0
2045,Hedo Turkoglu,SAC,200204270UTA,"Apr 27, 2002",UTA,3,3,0,3,37.5,50.0,-12.5,1,0,2,3,0,0,0,0,0,0,0,0,0,0,0,0,0,0,0,0,0,0,0,0
923,Donyell Marshall,UTA,200204270UTA,"Apr 27, 2002",SAC,16,12,2,13,55.17,62.11,-6.94,9,8,3,6,1,2,0,0,0,0,0,0,0,0,0,0,0,0,0,0,0,0,0,0
1513,Scot Pollard,SAC,200204270UTA,"Apr 27, 2002",UTA,4,1,2,2,100.0,106.38,-6.38,1,2,0,0,0,0,0,0,0,0,0,0,0,0,0,0,0,0,0,0,0,0,1,2
1900,Quincy Lewis,UTA,200204270UTA,"Apr 27, 2002",SAC,4,4,0,4,44.44,50.0,-5.56,3,4,1,0,0,0,0,0,0,0,0,0,0,0,0,0,0,0,0,0,0,0,0,0
1517,Bobby Jackson,SAC,200204270UTA,"Apr 27, 2002",UTA,4,3,0,3,66.67,66.67,0.0,3,4,0,0,0,0,0,0,0,0,0,0,0,0,0,0,0,0,0,0,0,0,0,0
452,Vin Baker,SEA,200204270SEA,"Apr 27, 2002",SAS,10,14,0,14,35.71,35.71,0.0,14,10,0,0,0,0,0,0,0,0,0,0,0,0,0,0,0,0,0,0,0,0,0,0
699,Brent Barry,SEA,200204270SEA,"Apr 27, 2002",SAS,7,12,0,12,25.93,29.17,-3.24,9,4,3,3,0,0,0,0,0,0,0,0,0,0,0,0,0,0,0,0,0,0,0,0
1477,Bruce Bowen,SAS,200204270SEA,"Apr 27, 2002",SEA,2,2,0,2,40.0,50.0,-10.0,1,2,1,0,0,0,0,0,0,0,0,0,0,0,0,0,0,0,0,0,0,0,0,0
2046,Desmond Mason,SEA,200204270SEA,"Apr 27, 2002",SAS,9,9,2,10,42.86,45.55,-2.69,8,4,1,3,0,0,0,0,0,0,0,0,0,0,0,0,0,0,0,0,0,0,1,2
990,Malik Rose,SAS,200204270SEA,"Apr 27, 2002",SEA,14,12,3,13,51.85,52.55,-0.7,11,10,0,0,1,1,0,0,1,3,0,0,0,0,0,0,0,0,0,0,0,0,0,0
56,Gary Payton,SEA,200204270SEA,"Apr 27, 2002",SAS,20,21,2,22,43.48,45.7,-2.22,19,18,2,0,1,2,0,0,0,0,0,0,0,0,0,0,0,0,0,0,0,0,0,0
1495,Tim Duncan,SAS,200204270SEA,"Apr 27, 2002",SEA,27,17,11,22,60.0,61.81,-1.81,16,16,0,0,4,6,0,0,1,3,0,0,0,0,0,0,0,0,0,0,0,0,1,2
2225,Tony Parker,SAS,200204270SEA,"Apr 27, 2002",SEA,23,15,4,16,65.71,68.62,-2.91,12,14,1,3,1,2,0,0,2,4,0,0,0,0,0,0,0,0,0,0,0,0,0,0
1740,Rashard Lewis,SEA,200204270SEA,"Apr 27, 2002",SAS,6,8,2,9,28.57,33.78,-5.21,5,4,3,0,1,2,0,0,0,0,0,0,0,0,0,0,0,0,0,0,0,0,0,0
120,Steven Smith,SAS,200204270SEA,"Apr 27, 2002",SEA,7,8,0,8,35.0,43.75,-8.75,4,4,4,3,0,0,0,0,0,0,0,0,0,0,0,0,0,0,0,0,0,0,0,0
198,Danny Ferry,SAS,200204270SEA,"Apr 27, 2002",SEA,6,3,1,4,75.0,87.21,-12.21,2,2,1,3,0,0,0,0,0,0,0,0,1,1,0,0,0,0,0,0,0,0,0,0
1498,Antonio Daniels,SAS,200204270SEA,"Apr 27, 2002",SEA,15,10,2,11,62.5,68.93,-6.43,8,8,2,6,0,0,0,0,0,0,0,0,0,0,0,0,0,0,0,0,0,0,1,1
1744,Jerome James,SEA,200204270SEA,"Apr 27, 2002",SAS,4,5,0,5,40.0,40.0,0.0,5,4,0,0,0,0,0,0,0,0,0,0,0,0,0,0,0,0,0,0,0,0,0,0
988,Randy Livingston,SEA,200204270SEA,"Apr 27, 2002",SAS,4,3,2,4,50.0,51.55,-1.55,3,2,0,0,0,0,0,0,0,0,0,0,0,0,0,0,0,0,0,0,0,0,1,2
2209,Vladimir Radmanovic,SEA,200204270SEA,"Apr 27, 2002",SAS,3,2,1,2,60.0,61.48,-1.48,1,0,0,0,0,0,0,0,1,3,0,0,0,0,0,0,0,0,0,0,0,0,0,0
345,Terry Porter,SAS,200204270SEA,"Apr 27, 2002",SEA,6,4,0,4,60.0,75.0,-15.0,2,0,2,6,0,0,0,0,0,0,0,0,0,0,0,0,0,0,0,0,0,0,0,0
2071,Olumide Oyedeji,SEA,200204270SEA,"Apr 27, 2002",SAS,2,1,4,3,33.33,36.23,-2.9,1,2,0,0,0,0,0,0,0,0,0,0,0,0,0,0,0,0,0,0,0,0,2,0
1738,Ansu Sesay,SEA,200204270SEA,"Apr 27, 2002",SAS,0,1,0,1,0.0,0.0,0.0,1,0,0,0,0,0,0,0,0,0,0,0,0,0,0,0,0,0,0,0,0,0,0,0
1542,Predrag Drobnjak,SEA,200204270SEA,"Apr 27, 2002",SAS,5,5,2,6,41.67,42.52,-0.85,5,4,0,0,1,1,0,0,0,0,0,0,0,0,0,0,0,0,0,0,0,0,0,0
1742,Shammond Williams,SEA,200204270SEA,"Apr 27, 2002",SAS,5,5,0,5,45.45,50.0,-4.55,4,2,1,3,0,0,0,0,0,0,0,0,0,0,0,0,0,0,0,0,0,0,0,0
685,Cherokee Parks,SAS,200204270SEA,"Apr 27, 2002",SEA,2,4,0,4,25.0,25.0,0.0,4,2,0,0,0,0,0,0,0,0,0,0,0,0,0,0,0,0,0,0,0,0,0,0
361,Clifford Robinson,DET,200204270TOR,"Apr 27, 2002",TOR,13,11,4,13,40.62,50.94,-10.32,5,4,6,6,2,3,0,0,0,0,0,0,0,0,0,0,0,0,0,0,0,0,0,0
1541,Alvin Williams,TOR,200204270TOR,"Apr 27, 2002",DET,17,16,3,17,47.22,49.08,-1.86,14,12,1,0,1,2,0,0,1,3,0,0,0,0,0,0,0,0,0,0,0,0,0,0
164,Chris Childs,TOR,200204270TOR,"Apr 27, 2002",DET,12,11,5,14,38.71,45.45,-6.74,7,4,4,3,1,2,0,0,0,0,0,0,2,3,0,0,0,0,0,0,0,0,0,0
1112,Ben Wallace,DET,200204270TOR,"Apr 27, 2002",TOR,7,6,3,7,46.67,47.81,-1.14,5,4,0,0,1,0,0,0,1,3,0,0,0,0,0,0,0,0,0,0,0,0,0,0
2050,Morris Peterson,TOR,200204270TOR,"Apr 27, 2002",DET,12,10,4,12,46.15,51.02,-4.87,8,8,2,0,2,4,0,0,0,0,0,0,0,0,0,0,0,0,0,0,0,0,0,0
711,Jerry Stackhouse,DET,200204270TOR,"Apr 27, 2002",TOR,11,10,6,13,37.93,43.51,-5.58,7,2,3,3,2,4,0,0,0,0,0,0,0,0,0,0,0,0,0,0,0,0,1,2
1721,Keon Clark,TOR,200204270TOR,"Apr 27, 2002",DET,18,11,4,13,69.23,70.53,-1.3,11,14,0,0,1,2,0,0,0,0,0,0,0,0,0,0,0,0,0,0,0,0,1,2
1088,Chucky Atkins,DET,200204270TOR,"Apr 27, 2002",TOR,21,11,4,13,70.0,82.29,-12.29,7,8,4,9,1,2,0,0,0,0,0,0,0,0,0,0,0,0,0,0,0,0,1,2
213,Antonio Davis,TOR,200204270TOR,"Apr 27, 2002",DET,30,19,2,20,75.0,75.45,-0.45,19,28,0,0,1,2,0,0,0,0,0,0,0,0,0,0,0,0,0,0,0,0,0,0
1442,Zeljko Rebraca,DET,200204270TOR,"Apr 27, 2002",TOR,3,2,2,3,50.0,52.08,-2.08,2,2,0,0,1,1,0,0,0,0,0,0,0,0,0,0,0,0,0,0,0,0,0,0
966,Jerome Williams,TOR,200204270TOR,"Apr 27, 2002",DET,3,4,2,5,30.0,30.74,-0.74,4,2,0,0,0,0,0,0,0,0,0,0,0,0,0,0,0,0,0,0,0,0,1,1
165,Hakeem Olajuwon,TOR,200204270TOR,"Apr 27, 2002",DET,0,2,0,2,0.0,0.0,0.0,2,0,0,0,0,0,0,0,0,0,0,0,0,0,0,0,0,0,0,0,0,0,0,0
722,Corliss Williamson,DET,200204270TOR,"Apr 27, 2002",TOR,14,11,2,12,58.33,58.92,-0.59,11,12,0,0,0,0,0,0,0,0,0,0,0,0,0,0,0,0,0,0,0,0,1,2
468,Jon Barry,DET,200204270TOR,"Apr 27, 2002",TOR,8,7,0,7,44.44,57.14,-12.7,3,2,4,6,0,0,0,0,0,0,0,0,0,0,0,0,0,0,0,0,0,0,0,0
1800,Damon Jones,DET,200204270TOR,"Apr 27, 2002",TOR,7,4,0,4,70.0,87.5,-17.5,2,4,2,3,0,0,0,0,0,0,0,0,0,0,0,0,0,0,0,0,0,0,0,0
209,Dell Curry,TOR,200204270TOR,"Apr 27, 2002",DET,2,2,0,2,40.0,50.0,-10.0,1,2,1,0,0,0,0,0,0,0,0,0,0,0,0,0,0,0,0,0,0,0,0,0
1718,Paul Pierce,BOS,200204280PHI,"Apr 28, 2002",PHI,29,20,9,25,49.15,60.52,-11.37,10,6,10,15,4,7,0,0,0,0,0,0,1,1,0,0,0,0,0,0,0,0,0,0
934,Derrick Coleman,PHI,200204280PHI,"Apr 28, 2002",BOS,18,9,8,13,64.29,71.88,-7.59,7,8,2,3,1,2,0,0,0,0,0,0,0,0,0,0,0,0,0,0,0,0,3,5
947,Allen Iverson,PHI,200204280PHI,"Apr 28, 2002",BOS,42,23,20,34,59.15,66.04,-6.89,17,12,5,9,4,8,0,0,1,2,0,0,4,5,0,0,0,0,0,0,0,0,3,6
727,Eric Snow,PHI,200204280PHI,"Apr 28, 2002",BOS,23,14,4,16,69.7,72.97,-3.27,13,16,1,3,1,2,0,0,0,0,0,0,0,0,0,0,0,0,0,0,0,0,1,2
952,Antoine Walker,BOS,200204280PHI,"Apr 28, 2002",PHI,27,20,2,21,49.09,64.66,-15.57,7,4,13,21,1,2,0,0,0,0,0,0,0,0,0,0,0,0,0,0,0,0,0,0
1723,Matt Harpring,PHI,200204280PHI,"Apr 28, 2002",BOS,9,10,2,10,40.91,41.36,-0.45,8,4,0,0,0,0,0,0,2,5,0,0,0,0,0,0,0,0,0,0,0,0,0,0
72,Kenny Anderson,PHI,200204280PHI,"Apr 28, 2002",BOS,11,6,4,8,68.75,70.88,-2.13,6,8,0,0,2,3,0,0,0,0,0,0,0,0,0,0,0,0,0,0,0,0,0,0
1499,Tony Battie,BOS,200204280PHI,"Apr 28, 2002",PHI,9,7,1,7,60.0,60.48,-0.48,6,6,0,0,0,0,0,0,1,3,0,0,0,0,0,0,0,0,0,0,0,0,0,0
677,Eric Williams,PHI,200204280PHI,"Apr 28, 2002",BOS,6,4,0,4,66.67,75.0,-8.33,3,6,1,0,0,0,0,0,0,0,0,0,0,0,0,0,0,0,0,0,0,0,0,0
87,Dikembe Mutombo,BOS,200204280PHI,"Apr 28, 2002",PHI,3,4,4,6,25.0,26.04,-1.04,4,2,0,0,1,0,0,0,0,0,0,0,0,0,0,0,0,0,0,0,0,0,1,1
916,Corie Blount,PHI,200204280PHI,"Apr 28, 2002",BOS,2,2,0,2,50.0,50.0,0.0,2,2,0,0,0,0,0,0,0,0,0,0,0,0,0,0,0,0,0,0,0,0,0,0
915,Rodney Rogers,BOS,200204280PHI,"Apr 28, 2002",PHI,13,9,0,9,56.52,72.22,-15.7,4,4,5,9,0,0,0,0,0,0,0,0,0,0,0,0,0,0,0,0,0,0,0,0
1065,Erick Strickland,BOS,200204280PHI,"Apr 28, 2002",PHI,0,2,0,2,0.0,0.0,0.0,2,0,0,0,0,0,0,0,0,0,0,0,0,0,0,0,0,0,0,0,0,0,0,0
243,Aaron McKie,PHI,200204280PHI,"Apr 28, 2002",BOS,5,9,0,9,23.81,27.78,-3.97,6,2,3,3,0,0,0,0,0,0,0,0,0,0,0,0,0,0,0,0,0,0,0,0
365,Derrick McKey,PHI,200204280PHI,"Apr 28, 2002",BOS,0,2,0,2,0.0,0.0,0.0,2,0,0,0,0,0,0,0,0,0,0,0,0,0,0,0,0,0,0,0,0,0,0,0
2049,Speedy Claxton,PHI,200204280PHI,"Apr 28, 2002",BOS,6,1,6,4,75.0,82.42,-7.42,1,2,0,0,2,3,0,0,0,0,0,0,0,0,0,0,0,0,0,0,0,0,1,1
962,Walter McCarty,PHI,200204280PHI,"Apr 28, 2002",BOS,8,5,2,6,61.54,68.03,-6.49,4,6,1,0,1,2,0,0,0,0,0,0,0,0,0,0,0,0,0,0,0,0,0,0
1887,Wally Szczerbiak,MIN,200204280MIN,"Apr 28, 2002",DAL,20,12,10,17,54.05,60.98,-6.93,9,8,3,3,4,7,0,0,0,0,0,0,0,0,0,0,0,0,0,0,0,0,1,2
1717,Dirk Nowitzki,DAL,200204280MIN,"Apr 28, 2002",MIN,39,17,16,24,73.58,81.11,-7.53,12,12,3,9,4,8,0,0,2,5,0,0,0,0,0,0,0,0,0,0,0,0,3,5
1497,Chauncey Billups,MIN,200204280MIN,"Apr 28, 2002",DAL,16,16,7,20,35.56,41.93,-6.37,10,6,6,6,2,2,0,0,0,0,0,0,1,1,0,0,0,0,0,0,0,0,1,1
1725,Rasho Nesterovic,MIN,200204280MIN,"Apr 28, 2002",DAL,9,6,4,8,56.25,57.99,-1.74,6,6,0,0,1,1,0,0,0,0,0,0,0,0,0,0,0,0,0,0,0,0,1,2
959,Steve Nash,DAL,200204280MIN,"Apr 28, 2002",MIN,25,16,10,22,51.02,61.27,-10.25,9,6,7,9,2,4,0,0,0,0,0,0,2,2,0,0,0,0,0,0,0,0,2,4
708,Kevin Garnett,MIN,200204280MIN,"Apr 28, 2002",DAL,22,19,9,23,46.81,47.91,-1.1,18,16,0,0,3,2,0,0,1,2,0,0,0,0,0,0,0,0,0,0,0,0,1,2
1711,Raef LaFrentz,DAL,200204280MIN,"Apr 28, 2002",MIN,6,2,0,2,100.0,150.0,-50.0,0,0,2,6,0,0,0,0,0,0,0,0,0,0,0,0,0,0,0,0,0,0,0,0
2059,Eduardo Najera,MIN,200204280MIN,"Apr 28, 2002",DAL,6,4,0,4,75.0,75.0,0.0,4,6,0,0,0,0,0,0,0,0,0,0,0,0,0,0,0,0,0,0,0,0,0,0
693,Joe Smith,MIN,200204280MIN,"Apr 28, 2002",DAL,5,2,4,4,62.5,66.49,-3.99,2,2,0,0,2,3,0,0,0,0,0,0,0,0,0,0,0,0,0,0,0,0,0,0
714,Michael Finley,DAL,200204280MIN,"Apr 28, 2002",MIN,30,17,9,22,61.22,71.56,-10.34,11,10,6,12,3,5,0,0,0,0,0,0,1,1,1,2,0,0,0,0,0,0,0,0
1761,Greg Buckner,DAL,200204280MIN,"Apr 28, 2002",MIN,2,3,0,3,33.33,33.33,0.0,3,2,0,0,0,0,0,0,0,0,0,0,0,0,0,0,0,0,0,0,0,0,0,0
324,Anthony Peeler,MIN,200204280MIN,"Apr 28, 2002",DAL,20,13,6,16,51.28,63.94,-12.66,6,4,7,12,2,3,0,0,0,0,0,0,0,0,0,0,0,0,0,0,0,0,1,1
89,Nick Van Exel,DAL,200204280MIN,"Apr 28, 2002",MIN,3,13,0,13,10.0,11.54,-1.54,9,0,4,3,0,0,0,0,0,0,0,0,0,0,0,0,0,0,0,0,0,0,0,0
zhizhwa01,W. Zhizhi,DAL,200204280MIN,"Apr 28, 2002",MIN,2,3,0,3,25.0,33.33,-8.33,1,2,2,0,0,0,0,0,0,0,0,0,0,0,0,0,0,0,0,0,0,0,0,0
718,Gary Trent,MIN,200204280MIN,"Apr 28, 2002",DAL,6,3,2,4,75.0,77.32,-2.32,3,4,0,0,1,2,0,0,0,0,0,0,0,0,0,0,0,0,0,0,0,0,0,0
762,Shawn Bradley,DAL,200204280MIN,"Apr 28, 2002",MIN,2,3,0,3,33.33,33.33,0.0,3,2,0,0,0,0,0,0,0,0,0,0,0,0,0,0,0,0,0,0,0,0,0,0
1732,Felipe Lopez,MIN,200204280MIN,"Apr 28, 2002",DAL,4,2,2,3,57.14,69.44,-12.3,1,0,1,3,1,1,0,0,0,0,0,0,0,0,0,0,0,0,0,0,0,0,0,0
123,Robert Pack,MIN,200204280MIN,"Apr 28, 2002",DAL,0,1,0,1,0.0,0.0,0.0,1,0,0,0,0,0,0,0,0,0,0,0,0,0,0,0,0,0,0,0,0,0,0,0
739,Rasheed Wallace,POR,200204280POR,"Apr 28, 2002",LAL,20,22,4,24,37.74,42.09,-4.35,17,14,5,3,2,3,0,0,0,0,0,0,0,0,0,0,0,0,0,0,0,0,0,0
406,Shaquille O'Neal,LAL,200204280POR,"Apr 28, 2002",POR,21,11,16,19,55.26,58.2,-2.94,11,10,0,0,7,10,0,0,0,0,0,0,0,0,0,0,0,0,0,0,0,0,1,1
955,Samaki Walker,LAL,200204280POR,"Apr 28, 2002",POR,2,5,0,5,20.0,20.0,0.0,5,2,0,0,0,0,0,0,0,0,0,0,0,0,0,0,0,0,0,0,0,0,0,0
757,Damon Stoudamire,POR,200204280POR,"Apr 28, 2002",LAL,9,7,1,8,50.0,60.48,-10.48,4,2,3,6,0,0,0,0,0,0,0,0,1,1,0,0,0,0,0,0,0,0,0,0
977,Kobe Bryant,LAL,200204280POR,"Apr 28, 2002",POR,25,19,7,23,51.02,56.61,-5.59,15,12,4,9,2,2,0,0,0,0,0,0,1,0,0,0,0,0,0,0,0,0,1,2
937,Scottie Pippen,POR,200204280POR,"Apr 28, 2002",LAL,18,15,6,18,47.37,51.02,-3.65,13,10,2,3,1,2,0,0,0,0,0,0,0,0,0,0,0,0,0,0,0,0,2,3
965,Derek Fisher,LAL,200204280POR,"Apr 28, 2002",POR,11,6,2,7,57.89,79.94,-22.05,1,0,5,9,1,2,0,0,0,0,0,0,0,0,0,0,0,0,0,0,0,0,0,0
1719,Bonzi Wells,POR,200204280POR,"Apr 28, 2002",LAL,19,15,5,17,51.35,55.23,-3.88,12,12,2,0,1,2,0,0,1,3,0,0,0,0,0,0,0,0,0,0,0,0,1,2
905,Dale Davis,POR,200204280POR,"Apr 28, 2002",LAL,0,3,0,3,0.0,0.0,0.0,3,0,0,0,0,0,0,0,0,0,0,0,0,0,0,0,0,0,0,0,0,0,0,0
296,Rick Fox,LAL,200204280POR,"Apr 28, 2002",POR,16,10,3,11,64.0,70.67,-6.67,8,14,2,0,0,0,1,2,0,0,0,0,0,0,0,0,0,0,0,0,0,0,0,0
1507,Derek Anderson,POR,200204280POR,"Apr 28, 2002",LAL,12,12,6,15,37.5,40.98,-3.48,10,4,2,3,3,5,0,0,0,0,0,0,0,0,0,0,0,0,0,0,0,0,0,0
109,Robert Horry,LAL,200204280POR,"Apr 28, 2002",POR,8,9,3,10,32.0,38.76,-6.76,4,2,4,3,0,0,0,0,1,3,0,0,0,0,0,0,0,0,0,0,0,0,1,0
70,Steve Kerr,POR,200204280POR,"Apr 28, 2002",LAL,9,7,0,7,52.94,64.29,-11.35,4,6,3,3,0,0,0,0,0,0,0,0,0,0,0,0,0,0,0,0,0,0,0,0
431,Shawn Kemp,POR,200204280POR,"Apr 28, 2002",LAL,3,2,2,3,50.0,52.08,-2.08,2,2,0,0,1,1,0,0,0,0,0,0,0,0,0,0,0,0,0,0,0,0,0,0
1739,Ruben Patterson,POR,200204280POR,"Apr 28, 2002",LAL,1,0,2,1,50.0,56.82,-6.82,0,0,0,0,1,1,0,0,0,0,0,0,0,0,0,0,0,0,0,0,0,0,0,0
1904,Devean George,LAL,200204280POR,"Apr 28, 2002",POR,7,6,0,6,50.0,58.33,-8.33,4,4,2,3,0,0,0,0,0,0,0,0,0,0,0,0,0,0,0,0,0,0,0,0
216,Brian Shaw,LAL,200204280POR,"Apr 28, 2002",POR,2,3,0,3,25.0,33.33,-8.33,1,2,2,0,0,0,0,0,0,0,0,0,0,0,0,0,0,0,0,0,0,0,0,0
283,Lindsey Hunter,LAL,200204280POR,"Apr 28, 2002",POR,0,1,0,1,0.0,0.0,0.0,0,0,1,0,0,0,0,0,0,0,0,0,0,0,0,0,0,0,0,0,0,0,0,0
201,Chris Dudley,POR,200204280POR,"Apr 28, 2002",LAL,0,1,0,1,0.0,0.0,0.0,1,0,0,0,0,0,0,0,0,0,0,0,0,0,0,0,0,0,0,0,0,0,0,0
361,Clifford Robinson,DET,200204290TOR,"Apr 29, 2002",TOR,11,10,2,11,39.29,50.55,-11.26,4,4,6,6,0,0,0,0,0,0,0,0,0,0,0,0,0,0,0,0,0,0,1,1
164,Chris Childs,TOR,200204290TOR,"Apr 29, 2002",DET,9,8,4,10,40.91,46.11,-5.2,6,6,2,0,0,0,0,0,0,0,0,0,0,0,1,2,0,0,0,0,0,0,1,1
711,Jerry Stackhouse,DET,200204290TOR,"Apr 29, 2002",TOR,15,18,3,19,34.88,38.82,-3.94,13,10,4,0,1,2,0,0,1,3,0,0,0,0,0,0,0,0,0,0,0,0,0,0
1088,Chucky Atkins,DET,200204290TOR,"Apr 29, 2002",TOR,20,15,6,18,51.28,56.69,-5.41,12,10,3,6,2,3,0,0,0,0,0,0,0,0,0,0,0,0,0,0,0,0,1,1
1721,Keon Clark,TOR,200204290TOR,"Apr 29, 2002",DET,19,15,3,16,57.58,58.21,-0.63,13,12,0,0,0,0,0,0,2,6,0,0,0,0,0,0,1,1,0,0,0,0,0,0
1112,Ben Wallace,TOR,200204290TOR,"Apr 29, 2002",DET,2,6,2,7,14.29,14.53,-0.24,6,0,0,0,1,2,0,0,0,0,0,0,0,0,0,0,0,0,0,0,0,0,0,0
2050,Morris Peterson,TOR,200204290TOR,"Apr 29, 2002",DET,20,12,4,14,62.5,72.67,-10.17,8,14,4,3,2,3,0,0,0,0,0,0,0,0,0,0,0,0,0,0,0,0,0,0
688,Michael Curry,DET,200204290TOR,"Apr 29, 2002",TOR,3,1,2,2,75.0,79.79,-4.79,1,2,0,0,1,1,0,0,0,0,0,0,0,0,0,0,0,0,0,0,0,0,0,0
213,Antonio Davis,TOR,200204290TOR,"Apr 29, 2002",DET,10,15,3,17,30.3,30.64,-0.34,15,10,0,0,1,0,0,0,0,0,0,0,1,0,0,0,0,0,0,0,0,0,0,0
1541,Alvin Williams,TOR,200204290TOR,"Apr 29, 2002",DET,15,16,4,18,37.5,42.23,-4.73,12,8,4,3,0,0,0,0,0,0,0,0,0,0,0,0,0,0,0,0,0,0,2,4
1800,Damon Jones,DET,200204290TOR,"Apr 29, 2002",TOR,6,2,0,2,100.0,150.0,-50.0,0,0,2,6,0,0,0,0,0,0,0,0,0,0,0,0,0,0,0,0,0,0,0,0
209,Dell Curry,TOR,200204290TOR,"Apr 29, 2002",DET,7,8,2,9,36.84,39.41,-2.57,7,2,1,3,1,2,0,0,0,0,0,0,0,0,0,0,0,0,0,0,0,0,0,0
722,Corliss Williamson,DET,200204290TOR,"Apr 29, 2002",TOR,14,13,6,16,43.75,44.76,-1.01,13,8,0,0,3,6,0,0,0,0,0,0,0,0,0,0,0,0,0,0,0,0,0,0
966,Jerome Williams,TOR,200204290TOR,"Apr 29, 2002",DET,5,5,2,6,41.67,42.52,-0.85,5,4,0,0,0,0,0,0,0,0,0,0,0,0,0,0,0,0,0,0,0,0,1,1
165,Hakeem Olajuwon,TOR,200204290TOR,"Apr 29, 2002",DET,4,3,0,3,66.67,66.67,0.0,3,4,0,0,0,0,0,0,0,0,0,0,0,0,0,0,0,0,0,0,0,0,0,0
468,Jon Barry,DET,200204290TOR,"Apr 29, 2002",TOR,12,8,2,10,52.17,67.57,-15.4,3,2,5,9,0,0,0,0,0,0,0,0,2,1,0,0,0,0,0,0,0,0,0,0
185,Chris Webber,SAC,200204290UTA,"Apr 29, 2002",UTA,23,22,6,25,46.0,46.67,-0.67,22,18,0,0,3,5,0,0,0,0,0,0,0,0,0,0,0,0,0,0,0,0,0,0
935,Bryon Russell,UTA,200204290UTA,"Apr 29, 2002",SAC,8,12,2,13,26.67,31.06,-4.39,8,0,4,6,1,2,0,0,0,0,0,0,0,0,0,0,0,0,0,0,0,0,0,0
978,Peja Stojakovic,SAC,200204290UTA,"Apr 29, 2002",UTA,30,13,9,19,73.17,88.44,-15.27,7,10,6,12,2,4,0,0,0,0,0,0,4,4,0,0,0,0,0,0,0,0,0,0
57,Doug Christie,UTA,200204290UTA,"Apr 29, 2002",SAC,12,9,3,10,50.0,58.14,-8.14,5,4,3,3,0,0,0,0,1,3,0,0,0,0,0,0,0,0,0,0,0,0,1,2
304,John Stockton,SAC,200204290UTA,"Apr 29, 2002",UTA,12,12,1,13,41.38,48.23,-6.85,8,8,4,3,0,0,0,0,0,0,0,0,1,1,0,0,0,0,0,0,0,0,0,0
1710,Mike Bibby,SAC,200204290UTA,"Apr 29, 2002",UTA,5,9,2,10,25.0,25.3,-0.3,9,4,0,0,0,0,0,0,0,0,0,0,0,0,0,0,0,0,0,0,0,0,1,1
1905,Andrei Kirilenko,UTA,200204290UTA,"Apr 29, 2002",SAC,10,7,2,8,62.5,63.45,-0.95,7,8,0,0,1,2,0,0,0,0,0,0,0,0,0,0,0,0,0,0,0,0,0,0
252,Karl Malone,UTA,200204290UTA,"Apr 29, 2002",SAC,14,20,2,21,33.33,33.52,-0.19,20,14,0,0,1,0,0,0,0,0,0,0,0,0,0,0,0,0,0,0,0,0,0,0
2260,Jarron Collins,UTA,200204290UTA,"Apr 29, 2002",SAC,8,4,0,4,100.0,100.0,0.0,4,8,0,0,0,0,0,0,0,0,0,0,0,0,0,0,0,0,0,0,0,0,0,0
731,Greg Ostertag,UTA,200204290UTA,"Apr 29, 2002",SAC,8,8,0,8,50.0,50.0,0.0,8,8,0,0,0,0,0,0,0,0,0,0,0,0,0,0,0,0,0,0,0,0,0,0
1601,Rusty LaRue,UTA,200204290UTA,"Apr 29, 2002",SAC,6,2,2,3,85.71,104.17,-18.46,1,2,1,3,0,0,0,0,0,0,0,0,0,0,0,0,0,0,0,0,0,0,1,1
124,Vlade Divac,UTA,200204290UTA,"Apr 29, 2002",SAC,9,6,0,6,69.23,75.0,-5.77,5,6,1,3,0,0,0,0,0,0,0,0,0,0,0,0,0,0,0,0,0,0,0,0
1513,Scot Pollard,SAC,200204290UTA,"Apr 29, 2002",UTA,4,3,0,3,66.67,66.67,0.0,3,4,0,0,0,0,0,0,0,0,0,0,0,0,0,0,0,0,0,0,0,0,0,0
1900,Quincy Lewis,UTA,200204290UTA,"Apr 29, 2002",SAC,2,2,0,2,50.0,50.0,0.0,2,2,0,0,0,0,0,0,0,0,0,0,0,0,0,0,0,0,0,0,0,0,0,0
1517,Bobby Jackson,SAC,200204290UTA,"Apr 29, 2002",UTA,7,7,0,7,41.18,50.0,-8.82,4,4,3,3,0,0,0,0,0,0,0,0,0,0,0,0,0,0,0,0,0,0,0,0
923,Donyell Marshall,UTA,200204290UTA,"Apr 29, 2002",SAC,11,15,4,17,31.43,32.82,-1.39,14,8,1,0,2,3,0,0,0,0,0,0,0,0,0,0,0,0,0,0,0,0,0,0
1909,Scott Padgett,UTA,200204290UTA,"Apr 29, 2002",SAC,7,7,3,8,36.84,42.07,-5.23,4,2,2,0,1,2,0,0,1,3,0,0,0,0,0,0,0,0,0,0,0,0,0,0
2045,Hedo Turkoglu,SAC,200204290UTA,"Apr 29, 2002",UTA,1,3,4,5,8.33,10.5,-2.17,1,0,2,0,2,1,0,0,0,0,0,0,0,0,0,0,0,0,0,0,0,0,0,0
922,Elden Campbell,CHA,200204300ORL,"Apr 30, 2002",ORL,10,8,2,9,55.56,56.31,-0.75,8,8,0,0,1,2,0,0,0,0,0,0,0,0,0,0,0,0,0,0,0,0,0,0
2034,Mike Miller,ORL,200204300ORL,"Apr 30, 2002",CHA,10,12,0,12,34.48,41.67,-7.19,7,10,5,0,0,0,0,0,0,0,0,0,0,0,0,0,0,0,0,0,0,0,0,0
353,Darrell Armstrong,ORL,200204300ORL,"Apr 30, 2002",CHA,11,11,4,13,37.93,43.1,-5.17,8,8,3,0,0,0,0,0,0,0,0,0,0,0,0,0,0,0,0,0,0,0,2,3
248,George Lynch,CHA,200204300ORL,"Apr 30, 2002",ORL,2,5,0,5,20.0,20.0,0.0,5,2,0,0,0,0,0,0,0,0,0,0,0,0,0,0,0,0,0,0,0,0,0,0
1503,Tracy McGrady,ORL,200204300ORL,"Apr 30, 2002",CHA,35,22,11,27,57.38,65.2,-7.82,15,16,6,9,2,3,0,0,1,3,0,0,0,0,1,1,0,0,0,0,0,0,2,3
136,P.J. Brown,CHA,200204300ORL,"Apr 30, 2002",ORL,9,12,2,13,34.62,34.94,-0.32,12,8,0,0,1,1,0,0,0,0,0,0,0,0,0,0,0,0,0,0,0,0,0,0
1727,Pat Garrity,ORL,200204300ORL,"Apr 30, 2002",CHA,5,6,0,6,33.33,41.67,-8.34,3,2,3,3,0,0,0,0,0,0,0,0,0,0,0,0,0,0,0,0,0,0,0,0
133,David Wesley,CHA,200204300ORL,"Apr 30, 2002",ORL,18,13,1,14,58.06,66.96,-8.9,9,8,4,9,0,0,0,0,0,0,0,0,1,1,0,0,0,0,0,0,0,0,0,0
2048,Jamaal Magloire,CHA,200204300ORL,"Apr 30, 2002",ORL,19,5,13,11,82.61,88.62,-6.01,4,6,0,0,4,7,0,0,1,2,0,0,0,0,0,0,0,0,0,0,0,0,2,4
270,Horace Grant,ORL,200204300ORL,"Apr 30, 2002",CHA,0,3,0,3,0.0,0.0,0.0,3,0,0,0,0,0,0,0,0,0,0,0,0,0,0,0,0,0,0,0,0,0,0,0
42,Monty Williams,ORL,200204300ORL,"Apr 30, 2002",CHA,4,6,2,7,26.67,29.07,-2.4,5,4,1,0,0,0,0,0,0,0,0,0,0,0,0,0,0,0,0,0,0,0,1,0
278,Stacey Augmon,CHA,200204300ORL,"Apr 30, 2002",ORL,13,9,3,10,61.9,62.98,-1.08,8,8,0,0,0,0,0,0,1,3,0,0,0,0,0,0,0,0,0,0,0,0,1,2
1884,Baron Davis,CHA,200204300ORL,"Apr 30, 2002",ORL,28,19,8,23,54.9,62.17,-7.27,14,16,5,6,1,2,0,0,0,0,0,0,0,0,0,0,0,0,0,0,0,0,3,4
1607,Troy Hudson,ORL,200204300ORL,"Apr 30, 2002",CHA,8,10,2,11,33.33,36.76,-3.43,8,6,2,0,1,2,0,0,0,0,0,0,0,0,0,0,0,0,0,0,0,0,0,0
121,Patrick Ewing,ORL,200204300ORL,"Apr 30, 2002",CHA,11,10,7,13,39.29,42.05,-2.76,8,4,1,0,2,3,0,0,1,3,0,0,0,0,0,0,0,0,0,0,0,0,1,1
1924,Lee Nailon,CHA,200204300ORL,"Apr 30, 2002",ORL,2,5,2,6,16.67,17.01,-0.34,5,2,0,0,1,0,0,0,0,0,0,0,0,0,0,0,0,0,0,0,0,0,0,0
1714,Robert Traylor,CHA,200204300ORL,"Apr 30, 2002",ORL,1,1,2,2,25.0,26.6,-1.6,1,0,0,0,1,1,0,0,0,0,0,0,0,0,0,0,0,0,0,0,0,0,0,0
690,Don Reid,ORL,200204300ORL,"Apr 30, 2002",CHA,1,0,2,1,50.0,56.82,-6.82,0,0,0,0,1,1,0,0,0,0,0,0,0,0,0,0,0,0,0,0,0,0,0,0
1897,Metta World Peace,IND,200204300IND,"Apr 30, 2002",NJN,18,12,2,13,64.29,69.88,-5.59,10,10,2,6,1,2,0,0,0,0,0,0,0,0,0,0,0,0,0,0,0,0,0,0
1496,Keith Van Horn,NJN,200204300IND,"Apr 30, 2002",IND,5,4,0,4,50.0,62.5,-12.5,2,2,2,3,0,0,0,0,0,0,0,0,0,0,0,0,0,0,0,0,0,0,0,0
1928,Todd MacCulloch,IND,200204300IND,"Apr 30, 2002",NJN,6,4,0,4,75.0,75.0,0.0,4,6,0,0,0,0,0,0,0,0,0,0,0,0,0,0,0,0,0,0,0,0,0,0
397,Reggie Miller,IND,200204300IND,"Apr 30, 2002",NJN,14,13,2,14,48.28,50.43,-2.15,12,12,1,0,1,2,0,0,0,0,0,0,0,0,0,0,0,0,0,0,0,0,0,0
467,Jason Kidd,NJN,200204300IND,"Apr 30, 2002",IND,10,15,2,16,28.57,31.49,-2.92,12,6,3,3,1,1,0,0,0,0,0,0,0,0,0,0,0,0,0,0,0,0,0,0
1802,Brad Miller,IND,200204300IND,"Apr 30, 2002",NJN,10,8,5,10,47.62,49.02,-1.4,7,4,0,0,2,3,0,0,1,3,0,0,0,0,0,0,0,0,0,0,0,0,0,0
2224,Jamaal Tinsley,IND,200204300IND,"Apr 30, 2002",NJN,2,2,0,2,50.0,50.0,0.0,2,2,0,0,0,0,0,0,0,0,0,0,0,0,0,0,0,0,0,0,0,0,0,0
979,Jermaine O'Neal,IND,200204300IND,"Apr 30, 2002",NJN,14,8,6,11,63.64,65.79,-2.15,8,10,0,0,0,0,0,0,0,0,0,0,0,0,0,0,0,0,0,0,0,0,3,4
2030,Kenyon Martin,NJN,200204300IND,"Apr 30, 2002",IND,13,16,4,18,36.11,36.6,-0.49,16,10,0,0,2,3,0,0,0,0,0,0,0,0,0,0,0,0,0,0,0,0,0,0
954,Kerry Kittles,IND,200204300IND,"Apr 30, 2002",NJN,4,5,1,5,33.33,36.76,-3.43,3,2,1,0,0,0,0,0,1,2,0,0,0,0,0,0,0,0,0,0,0,0,0,0
1425,Aaron Williams,NJN,200204300IND,"Apr 30, 2002",IND,3,7,2,8,18.75,19.04,-0.29,7,2,0,0,1,1,0,0,0,0,0,0,0,0,0,0,0,0,0,0,0,0,0,0
1500,Ron Mercer,IND,200204300IND,"Apr 30, 2002",NJN,7,4,4,6,58.33,60.76,-2.43,4,4,0,0,1,1,0,0,0,0,0,0,0,0,0,0,0,0,0,0,0,0,1,2
2210,Richard Jefferson,NJN,200204300IND,"Apr 30, 2002",IND,11,5,3,6,84.62,87.03,-2.41,4,6,0,0,0,0,0,0,1,3,0,0,0,0,0,0,0,0,0,0,0,0,1,2
446,Lucious Harris,NJN,200204300IND,"Apr 30, 2002",IND,10,8,1,8,55.56,59.24,-3.68,6,4,1,3,0,0,0,0,1,3,0,0,0,0,0,0,0,0,0,0,0,0,0,0
2215,Jason Collins,NJN,200204300IND,"Apr 30, 2002",IND,4,2,4,4,50.0,53.19,-3.19,2,2,0,0,1,1,0,0,0,0,0,0,0,0,0,0,0,0,0,0,0,0,1,1
1902,Jeff Foster,IND,200204300IND,"Apr 30, 2002",NJN,1,0,2,1,50.0,56.82,-6.82,0,0,0,0,1,1,0,0,0,0,0,0,0,0,0,0,0,0,0,0,0,0,0,0
1533,Anthony Johnson,NJN,200204300IND,"Apr 30, 2002",IND,6,8,0,8,35.29,37.5,-2.21,7,6,1,0,0,0,0,0,0,0,0,0,0,0,0,0,0,0,0,0,0,0,0,0
1563,Kevin Ollie,IND,200204300IND,"Apr 30, 2002",NJN,11,6,2,7,73.33,79.94,-6.61,5,6,1,3,1,2,0,0,0,0,0,0,0,0,0,0,0,0,0,0,0,0,0,0
1506,Austin Croshere,IND,200204300IND,"Apr 30, 2002",NJN,18,11,4,13,58.06,70.53,-12.47,6,8,5,6,2,4,0,0,0,0,0,0,0,0,0,0,0,0,0,0,0,0,0,0
681,Donny Marshall,NJN,200204300IND,"Apr 30, 2002",IND,0,1,0,1,0.0,0.0,0.0,0,0,1,0,0,0,0,0,0,0,0,0,0,0,0,0,0,0,0,0,0,0,0,0
2243,Brian Scalabrine,NJN,200204300IND,"Apr 30, 2002",IND,2,1,0,1,100.0,100.0,0.0,1,2,0,0,0,0,0,0,0,0,0,0,0,0,0,0,0,0,0,0,0,0,0,0
1743,Bruno Sundov,IND,200204300IND,"Apr 30, 2002",NJN,2,1,0,1,100.0,100.0,0.0,1,2,0,0,0,0,0,0,0,0,0,0,0,0,0,0,0,0,0,0,0,0,0,0
72,Kenny Anderson,BOS,200205010PHI,"May 1, 2002",PHI,12,13,0,13,46.15,46.15,0.0,13,12,0,0,0,0,0,0,0,0,0,0,0,0,0,0,0,0,0,0,0,0,0,0
934,Derrick Coleman,PHI,200205010PHI,"May 1, 2002",BOS,14,10,4,12,53.85,59.52,-5.67,8,10,2,0,2,4,0,0,0,0,0,0,0,0,0,0,0,0,0,0,0,0,0,0
1499,Tony Battie,BOS,200205010PHI,"May 1, 2002",PHI,4,3,0,3,66.67,66.67,0.0,3,4,0,0,0,0,0,0,0,0,0,0,0,0,0,0,0,0,0,0,0,0,0,0
952,Antoine Walker,BOS,200205010PHI,"May 1, 2002",PHI,25,21,2,22,45.45,57.13,-11.68,10,8,11,15,0,0,0,0,0,0,0,0,0,0,0,0,0,0,0,0,0,0,1,2
947,Allen Iverson,PHI,200205010PHI,"May 1, 2002",BOS,28,26,10,31,41.79,46.05,-4.26,21,16,5,3,4,7,0,0,0,0,0,0,0,0,0,0,0,0,0,0,0,0,1,2
727,Eric Snow,PHI,200205010PHI,"May 1, 2002",BOS,7,5,2,6,58.33,59.52,-1.19,5,6,0,0,1,1,0,0,0,0,0,0,0,0,0,0,0,0,0,0,0,0,0,0
677,Eric Williams,BOS,200205010PHI,"May 1, 2002",PHI,9,8,4,10,42.86,46.11,-3.25,7,6,1,0,1,2,0,0,0,0,0,0,0,0,0,0,0,0,0,0,0,0,1,1
1718,Paul Pierce,BOS,200205010PHI,"May 1, 2002",PHI,20,16,6,18,45.45,53.65,-8.2,8,6,6,6,2,2,0,0,2,6,0,0,0,0,0,0,0,0,0,0,0,0,0,0
87,Dikembe Mutombo,PHI,200205010PHI,"May 1, 2002",BOS,10,4,10,9,55.56,59.52,-3.96,4,6,0,0,4,4,0,0,0,0,0,0,0,0,0,0,0,0,0,0,0,0,1,0
1723,Matt Harpring,BOS,200205010PHI,"May 1, 2002",PHI,8,4,0,4,100.0,100.0,0.0,4,8,0,0,0,0,0,0,0,0,0,0,0,0,0,0,0,0,0,0,0,0,0,0
1065,Erick Strickland,BOS,200205010PHI,"May 1, 2002",PHI,3,4,0,4,27.27,37.5,-10.23,1,0,3,3,0,0,0,0,0,0,0,0,0,0,0,0,0,0,0,0,0,0,0,0
962,Walter McCarty,BOS,200205010PHI,"May 1, 2002",PHI,3,4,2,5,27.27,30.74,-3.47,3,2,1,0,1,1,0,0,0,0,0,0,0,0,0,0,0,0,0,0,0,0,0,0
243,Aaron McKie,PHI,200205010PHI,"May 1, 2002",BOS,11,11,2,12,37.93,46.3,-8.37,6,8,5,3,1,0,0,0,0,0,0,0,0,0,0,0,0,0,0,0,0,0,0,0
915,Rodney Rogers,BOS,200205010PHI,"May 1, 2002",PHI,5,8,0,8,21.74,31.25,-9.51,1,2,7,3,0,0,0,0,0,0,0,0,0,0,0,0,0,0,0,0,0,0,0,0
365,Derrick McKey,PHI,200205010PHI,"May 1, 2002",BOS,2,3,0,3,33.33,33.33,0.0,3,2,0,0,0,0,0,0,0,0,0,0,0,0,0,0,0,0,0,0,0,0,0,0
916,Corie Blount,PHI,200205010PHI,"May 1, 2002",BOS,3,3,2,4,37.5,38.66,-1.16,3,2,0,0,0,0,0,0,0,0,0,0,0,0,0,0,0,0,0,0,0,0,1,1
1548,Mark Blount,BOS,200205010PHI,"May 1, 2002",PHI,0,1,0,1,0.0,0.0,0.0,1,0,0,0,0,0,0,0,0,0,0,0,0,0,0,0,0,0,0,0,0,0,0,0
2049,Speedy Claxton,PHI,200205010PHI,"May 1, 2002",BOS,0,1,0,1,0.0,0.0,0.0,1,0,0,0,0,0,0,0,0,0,0,0,0,0,0,0,0,0,0,0,0,0,0,0
120,Steven Smith,SAS,200205010SEA,"May 1, 2002",SEA,11,13,4,16,31.43,37.26,-5.83,8,4,5,3,0,0,0,0,0,0,0,0,2,2,0,0,0,0,0,0,0,0,1,2
95,Mark Bryant,SAS,200205010SEA,"May 1, 2002",SEA,4,4,2,5,40.0,40.98,-0.98,4,4,0,0,1,0,0,0,0,0,0,0,0,0,0,0,0,0,0,0,0,0,0,0
452,Vin Baker,SEA,200205010SEA,"May 1, 2002",SAS,10,7,4,9,55.56,57.08,-1.52,7,6,0,0,2,4,0,0,0,0,0,0,0,0,0,0,0,0,0,0,0,0,0,0
990,Malik Rose,SAS,200205010SEA,"May 1, 2002",SEA,28,16,13,22,62.22,64.46,-2.24,15,14,0,0,5,9,0,0,1,3,0,0,0,0,0,0,0,0,0,0,0,0,1,2
699,Brent Barry,SEA,200205010SEA,"May 1, 2002",SAS,3,3,0,3,33.33,50.0,-16.67,0,0,3,3,0,0,0,0,0,0,0,0,0,0,0,0,0,0,0,0,0,0,0,0
56,Gary Payton,SAS,200205010SEA,"May 1, 2002",SEA,28,22,6,25,52.83,56.82,-3.99,19,18,3,6,3,4,0,0,0,0,0,0,0,0,0,0,0,0,0,0,0,0,0,0
1477,Bruce Bowen,SAS,200205010SEA,"May 1, 2002",SEA,2,5,2,6,15.38,17.01,-1.63,4,2,1,0,0,0,0,0,0,0,0,0,0,0,0,0,0,0,0,0,0,0,1,0
2209,Vladimir Radmanovic,SEA,200205010SEA,"May 1, 2002",SAS,23,11,2,12,74.19,96.8,-22.61,4,6,7,15,0,0,0,0,0,0,0,0,0,0,0,0,0,0,0,0,0,0,1,2
2225,Tony Parker,SAS,200205010SEA,"May 1, 2002",SEA,14,18,3,19,32.56,36.23,-3.67,13,8,4,3,1,1,0,0,1,2,0,0,0,0,0,0,0,0,0,0,0,0,0,0
2046,Desmond Mason,SEA,200205010SEA,"May 1, 2002",SAS,17,14,10,19,43.59,46.2,-2.61,12,10,1,0,3,3,0,0,1,2,0,0,0,0,0,0,1,1,0,0,0,0,1,1
1738,Ansu Sesay,SEA,200205010SEA,"May 1, 2002",SAS,2,3,0,3,33.33,33.33,0.0,3,2,0,0,0,0,0,0,0,0,0,0,0,0,0,0,0,0,0,0,0,0,0,0
685,Cherokee Parks,SAS,200205010SEA,"May 1, 2002",SEA,4,7,1,7,26.67,26.88,-0.21,6,2,0,0,0,0,0,0,1,2,0,0,0,0,0,0,0,0,0,0,0,0,0,0
1498,Antonio Daniels,SAS,200205010SEA,"May 1, 2002",SEA,10,9,4,11,41.67,46.47,-4.8,7,4,2,3,2,3,0,0,0,0,0,0,0,0,0,0,0,0,0,0,0,0,0,0
1744,Jerome James,SEA,200205010SEA,"May 1, 2002",SAS,2,3,2,4,25.0,25.77,-0.77,3,2,0,0,1,0,0,0,0,0,0,0,0,0,0,0,0,0,0,0,0,0,0,0
988,Randy Livingston,SEA,200205010SEA,"May 1, 2002",SAS,6,5,0,5,60.0,60.0,0.0,5,6,0,0,0,0,0,0,0,0,0,0,0,0,0,0,0,0,0,0,0,0,0,0
1520,Charles Smith,SAS,200205010SEA,"May 1, 2002",SEA,0,1,0,1,0.0,0.0,0.0,1,0,0,0,0,0,0,0,0,0,0,0,0,0,0,0,0,0,0,0,0,0,0,0
345,Terry Porter,SAS,200205010SEA,"May 1, 2002",SEA,6,9,3,11,24.0,29.07,-5.07,5,2,4,3,0,0,0,0,0,0,0,0,1,0,0,0,0,0,0,0,0,0,1,1
397,Reggie Miller,IND,200205020NJN,"May 2, 2002",NJN,31,23,6,27,46.97,60.45,-13.48,9,8,14,18,0,0,1,2,0,0,0,0,3,3,0,0,0,0,0,0,0,0,0,0
2030,Kenyon Martin,NJN,200205020NJN,"May 2, 2002",IND,29,23,7,26,53.7,55.6,-1.9,21,22,1,0,1,1,0,0,1,3,0,0,0,0,0,0,0,0,0,0,0,0,2,3
1928,Todd MacCulloch,NJN,200205020NJN,"May 2, 2002",IND,4,5,0,5,40.0,40.0,0.0,5,4,0,0,0,0,0,0,0,0,0,0,0,0,0,0,0,0,0,0,0,0,0,0
979,Jermaine O'Neal,IND,200205020NJN,"May 2, 2002",NJN,18,16,2,17,52.94,53.32,-0.38,16,16,0,0,1,2,0,0,0,0,0,0,0,0,0,0,0,0,0,0,0,0,0,0
467,Jason Kidd,NJN,200205020NJN,"May 2, 2002",IND,31,26,9,31,48.44,51.74,-3.3,23,22,3,0,3,6,0,0,0,0,0,0,1,1,0,0,0,0,0,0,0,0,1,2
1496,Keith Van Horn,NJN,200205020NJN,"May 2, 2002",IND,27,19,7,22,50.94,61.14,-10.2,10,6,8,15,3,4,0,0,1,2,0,0,0,0,0,0,0,0,0,0,0,0,0,0
1802,Brad Miller,IND,200205020NJN,"May 2, 2002",NJN,14,8,4,10,70.0,71.72,-1.72,8,10,0,0,1,2,0,0,0,0,0,0,0,0,0,0,0,0,0,0,0,0,1,2
2224,Jamaal Tinsley,IND,200205020NJN,"May 2, 2002",NJN,0,1,0,1,0.0,0.0,0.0,1,0,0,0,0,0,0,0,0,0,0,0,0,0,0,0,0,0,0,0,0,0,0,0
954,Kerry Kittles,NJN,200205020NJN,"May 2, 2002",IND,9,12,1,12,33.33,36.17,-2.84,9,6,2,0,0,0,0,0,1,3,0,0,0,0,0,0,0,0,0,0,0,0,0,0
1897,Metta World Peace,IND,200205020NJN,"May 2, 2002",NJN,14,9,1,9,66.67,74.15,-7.48,6,8,2,3,0,0,0,0,1,3,0,0,0,0,0,0,0,0,0,0,0,0,0,0
1500,Ron Mercer,IND,200205020NJN,"May 2, 2002",NJN,20,16,0,16,62.5,62.5,0.0,16,20,0,0,0,0,0,0,0,0,0,0,0,0,0,0,0,0,0,0,0,0,0,0
1425,Aaron Williams,NJN,200205020NJN,"May 2, 2002",IND,6,6,0,6,50.0,50.0,0.0,6,6,0,0,0,0,0,0,0,0,0,0,0,0,0,0,0,0,0,0,0,0,0,0
2210,Richard Jefferson,NJN,200205020NJN,"May 2, 2002",IND,4,4,6,7,28.57,30.12,-1.55,4,2,0,0,2,2,0,0,0,0,0,0,0,0,0,0,0,0,0,0,0,0,1,0
1563,Kevin Ollie,IND,200205020NJN,"May 2, 2002",NJN,8,9,2,10,38.1,40.49,-2.39,8,6,1,0,1,2,0,0,0,0,0,0,0,0,0,0,0,0,0,0,0,0,0,0
446,Lucious Harris,NJN,200205020NJN,"May 2, 2002",IND,6,4,2,5,54.55,61.48,-6.93,3,4,1,0,0,0,0,0,0,0,0,0,0,0,0,0,0,0,0,0,0,0,1,2
1506,Austin Croshere,NJN,200205020NJN,"May 2, 2002",IND,1,2,2,3,16.67,17.36,-0.69,2,0,0,0,1,1,0,0,0,0,0,0,0,0,0,0,0,0,0,0,0,0,0,0
1533,Anthony Johnson,NJN,200205020NJN,"May 2, 2002",IND,4,3,2,4,50.0,51.55,-1.55,3,2,0,0,0,0,0,0,0,0,0,0,0,0,0,0,0,0,0,0,0,0,1,2
1902,Jeff Foster,IND,200205020NJN,"May 2, 2002",NJN,3,2,4,4,30.0,39.89,-9.89,0,0,2,0,2,3,0,0,0,0,0,0,0,0,0,0,0,0,0,0,0,0,0,0
1886,Jonathan Bender,IND,200205020NJN,"May 2, 2002",NJN,0,1,0,1,0.0,0.0,0.0,1,0,0,0,0,0,0,0,0,0,0,0,0,0,0,0,0,0,0,0,0,0,0,0
1721,Keon Clark,DET,200205020DET,"May 2, 2002",TOR,15,7,5,9,78.95,81.52,-2.57,6,8,0,0,2,4,0,0,1,3,0,0,0,0,0,0,0,0,0,0,0,0,0,0
361,Clifford Robinson,DET,200205020DET,"May 2, 2002",TOR,13,8,8,12,54.17,56.42,-2.25,8,6,0,0,3,5,0,0,0,0,0,0,0,0,0,0,0,0,0,0,0,0,1,2
164,Chris Childs,TOR,200205020DET,"May 2, 2002",DET,16,15,1,16,45.71,51.81,-6.1,11,6,4,9,0,0,0,0,0,0,0,0,1,1,0,0,0,0,0,0,0,0,0,0
1541,Alvin Williams,DET,200205020DET,"May 2, 2002",TOR,10,16,0,16,30.3,31.25,-0.95,15,10,1,0,0,0,0,0,0,0,0,0,0,0,0,0,0,0,0,0,0,0,0,0
1112,Ben Wallace,DET,200205020DET,"May 2, 2002",TOR,6,4,10,9,33.33,35.71,-2.38,4,2,0,0,3,1,0,0,0,0,0,0,0,0,0,0,0,0,0,0,0,0,2,3
1088,Chucky Atkins,DET,200205020DET,"May 2, 2002",TOR,14,17,0,17,35.9,41.18,-5.28,12,8,5,6,0,0,0,0,0,0,0,0,0,0,0,0,0,0,0,0,0,0,0,0
213,Antonio Davis,TOR,200205020DET,"May 2, 2002",DET,9,10,11,15,29.03,30.32,-1.29,9,2,0,0,5,5,0,0,1,2,0,0,0,0,0,0,0,0,0,0,0,0,0,0
711,Jerry Stackhouse,DET,200205020DET,"May 2, 2002",TOR,5,10,5,13,16.67,20.49,-3.82,5,2,5,0,0,0,0,0,0,0,0,0,1,1,0,0,0,0,0,0,0,0,2,2
2050,Morris Peterson,TOR,200205020DET,"May 2, 2002",DET,3,5,0,5,21.43,30.0,-8.57,1,0,4,3,0,0,0,0,0,0,0,0,0,0,0,0,0,0,0,0,0,0,0,0
688,Michael Curry,DET,200205020DET,"May 2, 2002",TOR,6,3,0,3,100.0,100.0,0.0,3,6,0,0,0,0,0,0,0,0,0,0,0,0,0,0,0,0,0,0,0,0,0,0
1442,Zeljko Rebraca,DET,200205020DET,"May 2, 2002",TOR,6,4,4,6,50.0,52.08,-2.08,4,4,0,0,1,1,0,0,0,0,0,0,0,0,0,0,0,0,0,0,0,0,1,1
165,Hakeem Olajuwon,TOR,200205020DET,"May 2, 2002",DET,8,5,2,6,66.67,68.03,-1.36,5,6,0,0,1,2,0,0,0,0,0,0,0,0,0,0,0,0,0,0,0,0,0,0
209,Dell Curry,TOR,200205020DET,"May 2, 2002",DET,17,10,2,11,68.0,78.12,-10.12,7,6,3,9,1,2,0,0,0,0,0,0,0,0,0,0,0,0,0,0,0,0,0,0
468,Jon Barry,DET,200205020DET,"May 2, 2002",TOR,12,9,0,9,52.17,66.67,-14.5,4,6,5,6,0,0,0,0,0,0,0,0,0,0,0,0,0,0,0,0,0,0,0,0
722,Corliss Williamson,DET,200205020DET,"May 2, 2002",TOR,23,15,5,17,65.71,66.86,-1.15,14,18,0,0,2,2,0,0,1,3,0,0,0,0,0,0,0,0,0,0,0,0,0,0
966,Jerome Williams,TOR,200205020DET,"May 2, 2002",DET,4,4,0,4,50.0,50.0,0.0,4,4,0,0,0,0,0,0,0,0,0,0,0,0,0,0,0,0,0,0,0,0,0,0
1499,Tony Battie,PHI,200205030BOS,"May 3, 2002",BOS,0,3,0,3,0.0,0.0,0.0,3,0,0,0,0,0,0,0,0,0,0,0,0,0,0,0,0,0,0,0,0,0,0,0
727,Eric Snow,PHI,200205030BOS,"May 3, 2002",BOS,6,12,2,13,23.08,23.29,-0.21,12,4,0,0,0,0,0,0,0,0,0,0,0,0,0,0,0,0,0,0,0,0,1,2
87,Dikembe Mutombo,PHI,200205030BOS,"May 3, 2002",BOS,12,6,8,10,60.0,63.03,-3.03,6,4,0,0,3,6,0,0,0,0,0,0,0,0,0,0,0,0,0,0,0,0,1,2
952,Antoine Walker,BOS,200205030BOS,"May 3, 2002",PHI,26,22,0,22,49.06,59.09,-10.03,13,14,9,12,0,0,0,0,0,0,0,0,0,0,0,0,0,0,0,0,0,0,0,0
72,Kenny Anderson,PHI,200205030BOS,"May 3, 2002",BOS,8,11,1,11,34.78,34.97,-0.19,10,6,0,0,0,0,0,0,1,2,0,0,0,0,0,0,0,0,0,0,0,0,0,0
947,Allen Iverson,PHI,200205030BOS,"May 3, 2002",BOS,31,24,8,28,49.21,56.32,-7.11,17,14,7,12,1,1,1,3,0,0,0,0,1,0,0,0,0,0,0,0,0,0,1,1
677,Eric Williams,BOS,200205030BOS,"May 3, 2002",PHI,17,10,0,10,73.91,85.0,-11.09,7,8,3,9,0,0,0,0,0,0,0,0,0,0,0,0,0,0,0,0,0,0,0,0
1723,Matt Harpring,PHI,200205030BOS,"May 3, 2002",BOS,8,7,4,9,44.44,45.66,-1.22,7,4,0,0,2,4,0,0,0,0,0,0,0,0,0,0,0,0,0,0,0,0,0,0
934,Derrick Coleman,PHI,200205030BOS,"May 3, 2002",BOS,10,6,2,7,62.5,72.67,-10.17,4,6,2,3,1,1,0,0,0,0,0,0,0,0,0,0,0,0,0,0,0,0,0,0
1718,Paul Pierce,BOS,200205030BOS,"May 3, 2002",PHI,46,25,7,29,68.66,81.91,-13.25,15,16,10,24,1,2,1,2,0,0,0,0,2,2,0,0,0,0,0,0,0,0,0,0
243,Aaron McKie,PHI,200205030BOS,"May 3, 2002",BOS,10,7,4,9,47.62,57.08,-9.46,3,2,3,3,1,2,0,0,1,3,0,0,1,0,0,0,0,0,0,0,0,0,0,0
915,Rodney Rogers,BOS,200205030BOS,"May 3, 2002",PHI,8,3,3,4,72.73,92.59,-19.86,0,0,2,3,1,2,0,0,1,3,0,0,0,0,0,0,0,0,0,0,0,0,0,0
1065,Erick Strickland,BOS,200205030BOS,"May 3, 2002",PHI,3,2,0,2,60.0,75.0,-15.0,1,0,1,3,0,0,0,0,0,0,0,0,0,0,0,0,0,0,0,0,0,0,0,0
1548,Mark Blount,BOS,200205030BOS,"May 3, 2002",PHI,4,3,0,3,66.67,66.67,0.0,3,4,0,0,0,0,0,0,0,0,0,0,0,0,0,0,0,0,0,0,0,0,0,0
916,Corie Blount,PHI,200205030BOS,"May 3, 2002",BOS,2,2,2,3,33.33,34.72,-1.39,2,0,0,0,1,2,0,0,0,0,0,0,0,0,0,0,0,0,0,0,0,0,0,0
365,Derrick McKey,PHI,200205030BOS,"May 3, 2002",BOS,6,3,0,3,100.0,100.0,0.0,3,6,0,0,0,0,0,0,0,0,0,0,0,0,0,0,0,0,0,0,0,0,0,0
960,Tony Delk,BOS,200205030BOS,"May 3, 2002",PHI,0,1,0,1,0.0,0.0,0.0,1,0,0,0,0,0,0,0,0,0,0,0,0,0,0,0,0,0,0,0,0,0,0,0
962,Walter McCarty,BOS,200205030BOS,"May 3, 2002",PHI,3,3,0,3,33.33,50.0,-16.67,0,0,3,3,0,0,0,0,0,0,0,0,0,0,0,0,0,0,0,0,0,0,0,0
1952,Raja Bell,PHI,200205030BOS,"May 3, 2002",BOS,2,3,0,3,25.0,33.33,-8.33,1,2,2,0,0,0,0,0,0,0,0,0,0,0,0,0,0,0,0,0,0,0,0,0
2049,Speedy Claxton,PHI,200205030BOS,"May 3, 2002",BOS,0,1,0,1,0.0,0.0,0.0,1,0,0,0,0,0,0,0,0,0,0,0,0,0,0,0,0,0,0,0,0,0,0,0
2208,Kedrick Brown,BOS,200205030BOS,"May 3, 2002",PHI,5,2,0,2,100.0,125.0,-25.0,1,2,1,3,0,0,0,0,0,0,0,0,0,0,0,0,0,0,0,0,0,0,0,0
2225,Tony Parker,SAS,200205030SAS,"May 3, 2002",SEA,15,14,0,14,46.88,53.57,-6.69,10,6,4,9,0,0,0,0,0,0,0,0,0,0,0,0,0,0,0,0,0,0,0,0
2046,Desmond Mason,SEA,200205030SAS,"May 3, 2002",SAS,9,13,2,14,31.03,32.42,-1.39,12,8,1,0,1,1,0,0,0,0,0,0,0,0,0,0,0,0,0,0,0,0,0,0
56,Gary Payton,SEA,200205030SAS,"May 3, 2002",SAS,23,26,8,30,34.85,38.96,-4.11,20,14,6,3,3,5,0,0,0,0,0,0,0,0,0,0,0,0,0,0,0,0,1,1
1495,Tim Duncan,SAS,200205030SAS,"May 3, 2002",SEA,23,19,5,21,53.49,54.25,-0.76,18,16,0,0,2,4,0,0,1,3,0,0,0,0,0,0,0,0,0,0,0,0,0,0
120,Steven Smith,SAS,200205030SAS,"May 3, 2002",SEA,14,15,2,16,38.89,44.08,-5.19,11,12,4,0,1,2,0,0,0,0,0,0,0,0,0,0,0,0,0,0,0,0,0,0
1477,Bruce Bowen,SAS,200205030SAS,"May 3, 2002",SEA,5,5,4,7,33.33,36.98,-3.65,4,2,1,0,1,1,0,0,0,0,0,0,0,0,0,0,0,0,0,0,0,0,1,2
452,Vin Baker,SEA,200205030SAS,"May 3, 2002",SAS,9,9,0,9,47.37,50.0,-2.63,8,6,1,3,0,0,0,0,0,0,0,0,0,0,0,0,0,0,0,0,0,0,0,0
990,Malik Rose,SAS,200205030SAS,"May 3, 2002",SEA,18,14,2,15,60.0,60.48,-0.48,14,16,0,0,1,2,0,0,0,0,0,0,0,0,0,0,0,0,0,0,0,0,0,0
699,Brent Barry,SEA,200205030SAS,"May 3, 2002",SAS,12,8,0,8,54.55,75.0,-20.45,2,0,6,12,0,0,0,0,0,0,0,0,0,0,0,0,0,0,0,0,0,0,0,0
2209,Vladimir Radmanovic,SEA,200205030SAS,"May 3, 2002",SAS,7,12,0,12,25.0,29.17,-4.17,8,4,4,3,0,0,0,0,0,0,0,0,0,0,0,0,0,0,0,0,0,0,0,0
198,Danny Ferry,SAS,200205030SAS,"May 3, 2002",SEA,3,4,0,4,27.27,37.5,-10.23,1,0,3,3,0,0,0,0,0,0,0,0,0,0,0,0,0,0,0,0,0,0,0,0
1738,Ansu Sesay,SEA,200205030SAS,"May 3, 2002",SAS,3,2,1,2,60.0,61.48,-1.48,1,0,0,0,0,0,0,0,1,3,0,0,0,0,0,0,0,0,0,0,0,0,0,0
988,Randy Livingston,SEA,200205030SAS,"May 3, 2002",SAS,2,2,2,3,28.57,34.72,-6.15,1,0,1,0,1,2,0,0,0,0,0,0,0,0,0,0,0,0,0,0,0,0,0,0
1498,Antonio Daniels,SAS,200205030SAS,"May 3, 2002",SEA,13,5,4,7,86.67,96.15,-9.48,4,6,1,3,2,4,0,0,0,0,0,0,0,0,0,0,0,0,0,0,0,0,0,0
95,Mark Bryant,SAS,200205030SAS,"May 3, 2002",SEA,4,2,2,3,66.67,69.44,-2.77,2,2,0,0,1,2,0,0,0,0,0,0,0,0,0,0,0,0,0,0,0,0,0,0
1744,Jerome James,SEA,200205030SAS,"May 3, 2002",SAS,0,1,0,1,0.0,0.0,0.0,1,0,0,0,0,0,0,0,0,0,0,0,0,0,0,0,0,0,0,0,0,0,0,0
1742,Shammond Williams,SEA,200205030SAS,"May 3, 2002",SAS,6,6,2,7,35.29,43.6,-8.31,3,2,3,3,1,1,0,0,0,0,0,0,0,0,0,0,0,0,0,0,0,0,0,0
345,Terry Porter,SAS,200205030SAS,"May 3, 2002",SEA,4,5,0,5,33.33,40.0,-6.67,3,4,2,0,0,0,0,0,0,0,0,0,0,0,0,0,0,0,0,0,0,0,0,0
1542,Predrag Drobnjak,SEA,200205030SAS,"May 3, 2002",SAS,3,3,2,4,37.5,38.66,-1.16,3,2,0,0,0,0,0,0,0,0,0,0,0,0,0,0,0,0,0,0,0,0,1,1
685,Cherokee Parks,SAS,200205030SAS,"May 3, 2002",SEA,2,2,0,2,50.0,50.0,0.0,2,2,0,0,0,0,0,0,0,0,0,0,0,0,0,0,0,0,0,0,0,0,0,0
2071,Olumide Oyedeji,SEA,200205030SAS,"May 3, 2002",SAS,4,3,0,3,66.67,66.67,0.0,3,4,0,0,0,0,0,0,0,0,0,0,0,0,0,0,0,0,0,0,0,0,0,0
978,Peja Stojakovic,SAC,200205040SAC,"May 4, 2002",DAL,26,22,3,23,48.15,55.75,-7.6,14,18,7,3,0,0,0,0,1,3,0,0,0,0,0,0,0,0,0,0,0,0,1,2
1717,Dirk Nowitzki,DAL,200205040SAC,"May 4, 2002",SAC,23,24,9,29,38.98,41.13,-2.15,22,16,2,0,3,5,0,0,0,0,0,0,2,2,0,0,0,0,0,0,0,0,0,0
124,Vlade Divac,SAC,200205040SAC,"May 4, 2002",DAL,18,10,8,14,64.29,66.57,-2.28,10,12,0,0,4,6,0,0,0,0,0,0,0,0,0,0,0,0,0,0,0,0,0,0
185,Chris Webber,SAC,200205040SAC,"May 4, 2002",DAL,20,19,6,22,45.45,46.21,-0.76,19,16,0,0,3,4,0,0,0,0,0,0,0,0,0,0,0,0,0,0,0,0,0,0
714,Michael Finley,DAL,200205040SAC,"May 4, 2002",SAC,21,19,5,21,44.68,49.53,-4.85,14,12,4,3,2,3,0,0,1,3,0,0,0,0,0,0,0,0,0,0,0,0,0,0
2059,Eduardo Najera,DAL,200205040SAC,"May 4, 2002",SAC,4,2,0,2,100.0,100.0,0.0,2,4,0,0,0,0,0,0,0,0,0,0,0,0,0,0,0,0,0,0,0,0,0,0
57,Doug Christie,SAC,200205040SAC,"May 4, 2002",DAL,6,10,2,11,21.43,27.57,-6.14,4,2,6,3,1,1,0,0,0,0,0,0,0,0,0,0,0,0,0,0,0,0,0,0
959,Steve Nash,DAL,200205040SAC,"May 4, 2002",SAC,12,12,1,13,38.71,48.23,-9.52,6,2,6,9,0,0,0,0,0,0,0,0,1,1,0,0,0,0,0,0,0,0,0,0
1711,Raef LaFrentz,DAL,200205040SAC,"May 4, 2002",SAC,3,7,2,8,16.67,19.04,-2.37,5,2,2,0,0,0,0,0,0,0,0,0,0,0,0,0,0,0,0,0,0,0,1,1
1710,Mike Bibby,SAC,200205040SAC,"May 4, 2002",DAL,11,12,2,13,40.74,42.7,-1.96,11,6,1,3,1,2,0,0,0,0,0,0,0,0,0,0,0,0,0,0,0,0,0,0
89,Nick Van Exel,DAL,200205040SAC,"May 4, 2002",SAC,15,15,1,15,42.86,48.58,-5.72,10,12,4,0,0,0,0,0,1,3,0,0,0,0,0,0,0,0,0,0,0,0,0,0
2045,Hedo Turkoglu,SAC,200205040SAC,"May 4, 2002",DAL,7,7,2,8,38.89,44.42,-5.53,5,4,2,3,0,0,0,0,0,0,0,0,0,0,0,0,0,0,0,0,0,0,1,0
1517,Bobby Jackson,SAC,200205040SAC,"May 4, 2002",DAL,12,9,2,10,54.55,60.73,-6.18,7,10,2,0,0,0,0,0,0,0,0,0,0,0,0,0,0,0,0,0,0,0,1,2
271,Johnny Newman,DAL,200205040SAC,"May 4, 2002",SAC,0,2,0,2,0.0,0.0,0.0,0,0,2,0,0,0,0,0,0,0,0,0,0,0,0,0,0,0,0,0,0,0,0,0
1513,Scot Pollard,SAC,200205040SAC,"May 4, 2002",DAL,4,2,0,2,100.0,100.0,0.0,2,4,0,0,0,0,0,0,0,0,0,0,0,0,0,0,0,0,0,0,0,0,0,0
1761,Greg Buckner,DAL,200205040SAC,"May 4, 2002",SAC,4,4,0,4,50.0,50.0,0.0,4,4,0,0,0,0,0,0,0,0,0,0,0,0,0,0,0,0,0,0,0,0,0,0
zhizhwa01,W. Zhizhi,DAL,200205040SAC,"May 4, 2002",SAC,7,4,4,6,46.67,60.76,-14.09,1,0,3,6,1,1,0,0,0,0,0,0,0,0,0,0,0,0,0,0,0,0,1,0
762,Shawn Bradley,DAL,200205040SAC,"May 4, 2002",SAC,2,1,0,1,100.0,100.0,0.0,1,2,0,0,0,0,0,0,0,0,0,0,0,0,0,0,0,0,0,0,0,0,0,0
1444,Lawrence Funderburke,SAC,200205040SAC,"May 4, 2002",DAL,4,2,0,2,100.0,100.0,0.0,2,4,0,0,0,0,0,0,0,0,0,0,0,0,0,0,0,0,0,0,0,0,0,0
922,Elden Campbell,CHA,200205050NJN,"May 5, 2002",NJN,22,18,8,21,50.0,51.12,-1.12,16,12,0,0,3,5,0,0,2,5,0,0,0,0,0,0,0,0,0,0,0,0,0,0
467,Jason Kidd,NJN,200205050NJN,"May 5, 2002",CHA,21,13,4,15,65.62,71.14,-5.52,11,14,2,3,1,2,0,0,0,0,0,0,0,0,0,0,0,0,0,0,0,0,1,2
2030,Kenyon Martin,NJN,200205050NJN,"May 5, 2002",CHA,10,14,6,17,29.41,30.05,-0.64,14,6,0,0,3,4,0,0,0,0,0,0,0,0,0,0,0,0,0,0,0,0,0,0
1928,Todd MacCulloch,NJN,200205050NJN,"May 5, 2002",CHA,14,7,5,9,73.68,76.09,-2.41,6,8,0,0,1,2,0,0,1,3,0,0,0,0,0,0,0,0,0,0,0,0,1,1
1884,Baron Davis,CHA,200205050NJN,"May 5, 2002",NJN,23,23,1,23,41.82,49.06,-7.24,14,8,8,12,0,0,0,0,1,3,0,0,0,0,0,0,0,0,0,0,0,0,0,0
136,P.J. Brown,CHA,200205050NJN,"May 5, 2002",NJN,11,9,4,11,50.0,51.12,-1.12,9,8,0,0,1,2,0,0,0,0,0,0,0,0,0,0,0,0,0,0,0,0,1,1
248,George Lynch,CHA,200205050NJN,"May 5, 2002",NJN,4,7,2,8,25.0,25.38,-0.38,7,2,0,0,0,0,0,0,0,0,0,0,0,0,0,0,0,0,0,0,0,0,1,2
954,Kerry Kittles,NJN,200205050NJN,"May 5, 2002",CHA,12,9,2,10,57.14,60.73,-3.59,8,10,1,0,1,2,0,0,0,0,0,0,0,0,0,0,0,0,0,0,0,0,0,0
133,David Wesley,CHA,200205050NJN,"May 5, 2002",NJN,13,16,0,16,36.11,40.62,-4.51,12,10,4,3,0,0,0,0,0,0,0,0,0,0,0,0,0,0,0,0,0,0,0,0
1496,Keith Van Horn,NJN,200205050NJN,"May 5, 2002",CHA,11,8,2,9,52.38,61.94,-9.56,5,6,3,3,1,2,0,0,0,0,0,0,0,0,0,0,0,0,0,0,0,0,0,0
2210,Richard Jefferson,NJN,200205050NJN,"May 5, 2002",CHA,5,3,4,5,50.0,52.52,-2.52,3,2,0,0,2,3,0,0,0,0,0,0,0,0,0,0,0,0,0,0,0,0,0,0
1425,Aaron Williams,NJN,200205050NJN,"May 5, 2002",CHA,10,5,2,6,83.33,85.03,-1.7,5,8,0,0,0,0,0,0,0,0,0,0,0,0,0,0,0,0,0,0,0,0,1,2
446,Lucious Harris,NJN,200205050NJN,"May 5, 2002",CHA,10,6,4,8,62.5,64.43,-1.93,6,6,0,0,1,2,0,0,0,0,0,0,0,0,0,0,0,0,0,0,0,0,1,2
1714,Robert Traylor,CHA,200205050NJN,"May 5, 2002",NJN,2,4,0,4,25.0,25.0,0.0,4,2,0,0,0,0,0,0,0,0,0,0,0,0,0,0,0,0,0,0,0,0,0,0
278,Stacey Augmon,CHA,200205050NJN,"May 5, 2002",NJN,6,7,2,8,37.5,38.07,-0.57,7,4,0,0,1,2,0,0,0,0,0,0,0,0,0,0,0,0,0,0,0,0,0,0
2215,Jason Collins,NJN,200205050NJN,"May 5, 2002",CHA,2,1,0,1,100.0,100.0,0.0,1,2,0,0,0,0,0,0,0,0,0,0,0,0,0,0,0,0,0,0,0,0,0,0
1924,Lee Nailon,CHA,200205050NJN,"May 5, 2002",NJN,12,8,2,9,66.67,67.57,-0.9,8,10,0,0,0,0,0,0,0,0,0,0,0,0,0,0,0,0,0,0,0,0,1,2
1533,Anthony Johnson,NJN,200205050NJN,"May 5, 2002",CHA,4,4,0,4,50.0,50.0,0.0,4,4,0,0,0,0,0,0,0,0,0,0,0,0,0,0,0,0,0,0,0,0,0,0
688,Michael Curry,DET,200205050DET,"May 5, 2002",BOS,15,7,2,8,78.95,95.18,-16.23,4,4,3,9,1,2,0,0,0,0,0,0,0,0,0,0,0,0,0,0,0,0,0,0
952,Antoine Walker,BOS,200205050DET,"May 5, 2002",DET,20,22,6,25,35.09,40.58,-5.49,15,12,7,3,1,2,0,0,0,0,0,0,0,0,0,0,0,0,0,0,0,0,2,3
72,Kenny Anderson,BOS,200205050DET,"May 5, 2002",DET,17,16,3,17,48.57,49.08,-0.51,15,12,0,0,1,2,0,0,1,3,0,0,0,0,0,0,0,0,0,0,0,0,0,0
711,Jerry Stackhouse,DET,200205050DET,"May 5, 2002",BOS,26,18,7,22,55.32,61.67,-6.35,13,12,4,6,2,4,0,0,1,3,0,0,1,1,0,0,1,0,0,0,0,0,0,0
677,Eric Williams,BOS,200205050DET,"May 5, 2002",DET,14,9,6,12,53.85,60.14,-6.29,7,6,2,3,1,2,0,0,0,0,0,0,0,0,0,0,0,0,0,0,0,0,2,3
1499,Tony Battie,BOS,200205050DET,"May 5, 2002",DET,0,2,0,2,0.0,0.0,0.0,2,0,0,0,0,0,0,0,0,0,0,0,0,0,0,0,0,0,0,0,0,0,0,0
361,Clifford Robinson,DET,200205050DET,"May 5, 2002",BOS,30,24,0,24,51.72,62.5,-10.78,14,12,10,18,0,0,0,0,0,0,0,0,0,0,0,0,0,0,0,0,0,0,0,0
1718,Paul Pierce,BOS,200205050DET,"May 5, 2002",DET,17,17,4,19,41.46,45.31,-3.85,14,14,3,0,1,2,0,0,0,0,0,0,0,0,0,0,0,0,0,0,0,0,1,1
1112,Ben Wallace,DET,200205050DET,"May 5, 2002",BOS,5,2,1,2,100.0,102.46,-2.46,1,2,0,0,0,0,0,0,1,3,0,0,0,0,0,0,0,0,0,0,0,0,0,0
1088,Chucky Atkins,DET,200205050DET,"May 5, 2002",BOS,5,9,1,10,23.81,26.48,-2.67,7,4,2,0,0,0,0,0,0,0,0,0,0,0,0,0,1,1,0,0,0,0,0,0
960,Tony Delk,BOS,200205050DET,"May 5, 2002",DET,8,3,0,3,100.0,133.33,-33.33,1,2,2,6,0,0,0,0,0,0,0,0,0,0,0,0,0,0,0,0,0,0,0,0
915,Rodney Rogers,BOS,200205050DET,"May 5, 2002",DET,8,11,2,12,27.59,33.67,-6.08,6,0,5,6,1,2,0,0,0,0,0,0,0,0,0,0,0,0,0,0,0,0,0,0
722,Corliss Williamson,DET,200205050DET,"May 5, 2002",BOS,10,6,0,6,83.33,83.33,0.0,6,10,0,0,0,0,0,0,0,0,0,0,0,0,0,0,0,0,0,0,0,0,0,0
1800,Damon Jones,BOS,200205050DET,"May 5, 2002",DET,2,3,0,3,25.0,33.33,-8.33,1,2,2,0,0,0,0,0,0,0,0,0,0,0,0,0,0,0,0,0,0,0,0,0
468,Jon Barry,DET,200205050DET,"May 5, 2002",BOS,3,4,1,5,23.08,33.78,-10.7,0,0,4,3,0,0,0,0,0,0,0,0,1,0,0,0,0,0,0,0,0,0,0,0
406,Shaquille O'Neal,LAL,200205050LAL,"May 5, 2002",SAS,23,22,7,25,45.1,45.85,-0.75,21,16,0,0,2,4,0,0,1,2,0,0,0,0,0,0,0,0,0,0,0,0,1,1
1495,Tim Duncan,SAS,200205050LAL,"May 5, 2002",LAL,26,30,10,35,37.14,37.79,-0.65,30,18,0,0,2,3,0,0,0,0,0,0,0,0,0,0,0,0,0,0,0,0,3,5
965,Derek Fisher,LAL,200205050LAL,"May 5, 2002",SAS,8,13,2,14,22.22,28.82,-6.6,5,0,8,6,0,0,0,0,0,0,0,0,0,0,0,0,0,0,0,0,0,0,1,2
296,Rick Fox,LAL,200205050LAL,"May 5, 2002",SAS,2,5,0,5,18.18,20.0,-1.82,4,2,1,0,0,0,0,0,0,0,0,0,0,0,0,0,0,0,0,0,0,0,0,0
95,Mark Bryant,SAS,200205050LAL,"May 5, 2002",LAL,3,2,2,3,50.0,52.08,-2.08,2,2,0,0,1,1,0,0,0,0,0,0,0,0,0,0,0,0,0,0,0,0,0,0
2225,Tony Parker,SAS,200205050LAL,"May 5, 2002",LAL,11,12,0,12,42.31,45.83,-3.52,10,8,2,3,0,0,0,0,0,0,0,0,0,0,0,0,0,0,0,0,0,0,0,0
977,Kobe Bryant,LAL,200205050LAL,"May 5, 2002",SAS,20,18,10,23,40.82,44.64,-3.82,15,16,3,0,3,3,0,0,0,0,0,0,0,0,0,0,0,0,0,0,0,0,2,1
1477,Bruce Bowen,SAS,200205050LAL,"May 5, 2002",LAL,7,8,1,9,35.0,41.47,-6.47,5,4,3,3,0,0,0,0,0,0,0,0,0,0,0,0,0,0,0,0,0,0,1,0
120,Steven Smith,SAS,200205050LAL,"May 5, 2002",LAL,16,11,5,14,45.71,60.61,-14.9,3,2,8,9,1,2,0,0,0,0,0,0,1,1,0,0,0,0,0,0,0,0,1,2
955,Samaki Walker,LAL,200205050LAL,"May 5, 2002",SAS,12,6,2,7,85.71,87.21,-1.5,6,10,0,0,1,2,0,0,0,0,0,0,0,0,0,0,0,0,0,0,0,0,0,0
990,Malik Rose,SAS,200205050LAL,"May 5, 2002",LAL,10,14,4,16,31.25,31.73,-0.48,14,8,0,0,1,1,0,0,0,0,0,0,0,0,0,0,0,0,0,0,0,0,1,1
345,Terry Porter,SAS,200205050LAL,"May 5, 2002",LAL,2,2,0,2,50.0,50.0,0.0,2,2,0,0,0,0,0,0,0,0,0,0,0,0,0,0,0,0,0,0,0,0,0,0
198,Danny Ferry,SAS,200205050LAL,"May 5, 2002",LAL,0,4,0,4,0.0,0.0,0.0,1,0,3,0,0,0,0,0,0,0,0,0,0,0,0,0,0,0,0,0,0,0,0,0
1904,Devean George,LAL,200205050LAL,"May 5, 2002",SAS,8,6,2,7,50.0,58.14,-8.14,4,6,2,0,1,2,0,0,0,0,0,0,0,0,0,0,0,0,0,0,0,0,0,0
109,Robert Horry,LAL,200205050LAL,"May 5, 2002",SAS,8,7,0,7,44.44,57.14,-12.7,3,2,4,6,0,0,0,0,0,0,0,0,0,0,0,0,0,0,0,0,0,0,0,0
216,Brian Shaw,LAL,200205050LAL,"May 5, 2002",SAS,5,5,2,6,33.33,42.52,-9.19,2,0,3,3,0,0,0,0,0,0,0,0,0,0,0,0,0,0,0,0,0,0,1,2
1498,Antonio Daniels,SAS,200205050LAL,"May 5, 2002",LAL,5,5,2,6,35.71,42.52,-6.81,3,0,2,3,0,0,0,0,0,0,0,0,0,0,0,0,0,0,0,0,0,0,1,2
185,Chris Webber,SAC,200205060SAC,"May 6, 2002",DAL,22,23,6,26,42.31,42.9,-0.59,23,20,0,0,2,1,0,0,0,0,0,0,0,0,0,0,0,0,0,0,0,0,1,1
57,Doug Christie,DAL,200205060SAC,"May 6, 2002",SAC,6,6,0,6,46.15,50.0,-3.85,5,6,1,0,0,0,0,0,0,0,0,0,0,0,0,0,0,0,0,0,0,0,0,0
1717,Dirk Nowitzki,DAL,200205060SAC,"May 6, 2002",SAC,22,15,6,18,57.89,62.36,-4.47,13,10,2,6,1,2,0,0,0,0,0,0,0,0,0,0,0,0,0,0,0,0,2,4
978,Peja Stojakovic,SAC,200205060SAC,"May 6, 2002",DAL,14,19,3,21,30.43,34.45,-4.02,14,8,5,3,1,2,0,0,0,0,0,0,1,1,0,0,0,0,0,0,0,0,0,0
1711,Raef LaFrentz,DAL,200205060SAC,"May 6, 2002",SAC,14,10,0,10,66.67,70.0,-3.33,9,14,1,0,0,0,0,0,0,0,0,0,0,0,0,0,0,0,0,0,0,0,0,0
714,Michael Finley,DAL,200205060SAC,"May 6, 2002",SAC,11,10,8,14,35.48,40.68,-5.2,7,4,3,0,3,5,0,0,0,0,0,0,0,0,0,0,0,0,0,0,0,0,1,2
959,Steve Nash,DAL,200205060SAC,"May 6, 2002",SAC,30,18,3,20,66.67,77.64,-10.97,12,16,6,12,0,0,0,0,0,0,0,0,1,1,0,0,0,0,0,0,0,0,1,1
1710,Mike Bibby,SAC,200205060SAC,"May 6, 2002",DAL,22,20,2,21,44.0,52.68,-8.68,12,8,8,12,1,2,0,0,0,0,0,0,0,0,0,0,0,0,0,0,0,0,0,0
271,Johnny Newman,SAC,200205060SAC,"May 6, 2002",DAL,3,4,0,4,27.27,37.5,-10.23,1,0,3,3,0,0,0,0,0,0,0,0,0,0,0,0,0,0,0,0,0,0,0,0
124,Vlade Divac,SAC,200205060SAC,"May 6, 2002",DAL,15,8,7,11,62.5,67.69,-5.19,6,8,1,0,3,4,0,0,1,3,0,0,0,0,0,0,0,0,0,0,0,0,0,0
89,Nick Van Exel,DAL,200205060SAC,"May 6, 2002",SAC,19,18,5,20,42.22,47.03,-4.81,13,14,4,0,0,0,0,0,1,3,0,0,0,0,0,0,0,0,0,0,0,0,2,2
2045,Hedo Turkoglu,SAC,200205060SAC,"May 6, 2002",DAL,15,10,3,11,57.69,66.25,-8.56,6,4,3,6,1,2,0,0,1,3,0,0,0,0,0,0,0,0,0,0,0,0,0,0
2059,Eduardo Najera,DAL,200205060SAC,"May 6, 2002",SAC,1,1,2,2,25.0,26.6,-1.6,1,0,0,0,1,1,0,0,0,0,0,0,0,0,0,0,0,0,0,0,0,0,0,0
1517,Bobby Jackson,SAC,200205060SAC,"May 6, 2002",DAL,8,7,4,9,38.1,45.66,-7.56,4,4,3,0,2,4,0,0,0,0,0,0,0,0,0,0,0,0,0,0,0,0,0,0
1761,Greg Buckner,DAL,200205060SAC,"May 6, 2002",SAC,8,8,0,8,50.0,50.0,0.0,8,8,0,0,0,0,0,0,0,0,0,0,0,0,0,0,0,0,0,0,0,0,0,0
1559,Adrian Griffin,DAL,200205060SAC,"May 6, 2002",SAC,0,1,0,1,0.0,0.0,0.0,1,0,0,0,0,0,0,0,0,0,0,0,0,0,0,0,0,0,0,0,0,0,0,0
762,Shawn Bradley,DAL,200205060SAC,"May 6, 2002",SAC,2,2,0,2,50.0,50.0,0.0,2,2,0,0,0,0,0,0,0,0,0,0,0,0,0,0,0,0,0,0,0,0,0,0
248,George Lynch,NJN,200205070NJN,"May 7, 2002",CHA,6,6,0,6,46.15,50.0,-3.85,5,6,1,0,0,0,0,0,0,0,0,0,0,0,0,0,0,0,0,0,0,0,0,0
1928,Todd MacCulloch,NJN,200205070NJN,"May 7, 2002",CHA,6,4,0,4,75.0,75.0,0.0,4,6,0,0,0,0,0,0,0,0,0,0,0,0,0,0,0,0,0,0,0,0,0,0
922,Elden Campbell,CHA,200205070NJN,"May 7, 2002",NJN,15,14,4,16,46.88,47.59,-0.71,14,12,0,0,1,1,0,0,0,0,0,0,0,0,0,0,0,0,0,0,0,0,1,2
1425,Aaron Williams,NJN,200205070NJN,"May 7, 2002",CHA,6,7,2,8,37.5,38.07,-0.57,7,4,0,0,0,0,0,0,0,0,0,0,0,0,0,0,0,0,0,0,0,0,1,2
467,Jason Kidd,NJN,200205070NJN,"May 7, 2002",CHA,11,18,1,19,27.5,29.83,-2.33,15,10,3,0,0,0,0,0,0,0,0,0,1,1,0,0,0,0,0,0,0,0,0,0
136,P.J. Brown,CHA,200205070NJN,"May 7, 2002",NJN,7,7,2,8,43.75,44.42,-0.67,7,6,0,0,1,1,0,0,0,0,0,0,0,0,0,0,0,0,0,0,0,0,0,0
1884,Baron Davis,CHA,200205070NJN,"May 7, 2002",NJN,21,20,6,23,41.18,46.38,-5.2,15,14,5,6,2,0,0,0,0,0,0,0,0,0,0,0,0,0,0,0,0,0,1,1
2030,Kenyon Martin,NJN,200205070NJN,"May 7, 2002",CHA,15,10,5,12,60.0,61.48,-1.48,9,8,0,0,1,2,0,0,1,3,0,0,0,0,0,0,0,0,0,0,0,0,1,2
1496,Keith Van Horn,NJN,200205070NJN,"May 7, 2002",CHA,20,16,0,16,52.63,62.5,-9.87,10,8,6,12,0,0,0,0,0,0,0,0,0,0,0,0,0,0,0,0,0,0,0,0
954,Kerry Kittles,NJN,200205070NJN,"May 7, 2002",CHA,10,9,2,10,47.62,50.61,-2.99,8,8,1,0,0,0,0,0,0,0,0,0,0,0,0,0,0,0,0,0,0,0,1,2
133,David Wesley,CHA,200205070NJN,"May 7, 2002",NJN,17,17,0,17,42.5,50.0,-7.5,11,8,6,9,0,0,0,0,0,0,0,0,0,0,0,0,0,0,0,0,0,0,0,0
2048,Jamaal Magloire,CHA,200205070NJN,"May 7, 2002",NJN,13,6,10,11,59.09,62.5,-3.41,6,6,0,0,2,3,0,0,0,0,0,0,0,0,0,0,0,0,0,0,0,0,3,4
2210,Richard Jefferson,NJN,200205070NJN,"May 7, 2002",CHA,10,9,4,11,45.45,46.47,-1.02,9,8,0,0,2,2,0,0,0,0,0,0,0,0,0,0,0,0,0,0,0,0,0,0
446,Lucious Harris,NJN,200205070NJN,"May 7, 2002",CHA,24,11,6,14,85.71,87.98,-2.27,11,20,0,0,1,2,0,0,0,0,0,0,0,0,0,0,0,0,0,0,0,0,2,2
2215,Jason Collins,NJN,200205070NJN,"May 7, 2002",CHA,0,4,0,4,0.0,0.0,0.0,4,0,0,0,0,0,0,0,0,0,0,0,0,0,0,0,0,0,0,0,0,0,0,0
1924,Lee Nailon,CHA,200205070NJN,"May 7, 2002",NJN,0,3,0,3,0.0,0.0,0.0,3,0,0,0,0,0,0,0,0,0,0,0,0,0,0,0,0,0,0,0,0,0,0,0
278,Stacey Augmon,CHA,200205070NJN,"May 7, 2002",NJN,7,6,4,8,43.75,45.1,-1.35,6,4,0,0,1,1,0,0,0,0,0,0,0,0,0,0,0,0,0,0,0,0,1,2
1714,Robert Traylor,CHA,200205070NJN,"May 7, 2002",NJN,2,3,0,3,28.57,33.33,-4.76,2,2,1,0,0,0,0,0,0,0,0,0,0,0,0,0,0,0,0,0,0,0,0,0
1533,Anthony Johnson,NJN,200205070NJN,"May 7, 2002",CHA,0,2,0,2,0.0,0.0,0.0,1,0,1,0,0,0,0,0,0,0,0,0,0,0,0,0,0,0,0,0,0,0,0,0
2243,Brian Scalabrine,NJN,200205070NJN,"May 7, 2002",CHA,0,1,0,1,0.0,0.0,0.0,1,0,0,0,0,0,0,0,0,0,0,0,0,0,0,0,0,0,0,0,0,0,0,0
955,Samaki Walker,LAL,200205070LAL,"May 7, 2002",SAS,2,2,0,2,50.0,50.0,0.0,2,2,0,0,0,0,0,0,0,0,0,0,0,0,0,0,0,0,0,0,0,0,0,0
296,Rick Fox,SAS,200205070LAL,"May 7, 2002",LAL,8,6,0,6,61.54,66.67,-5.13,5,8,1,0,0,0,0,0,0,0,0,0,0,0,0,0,0,0,0,0,0,0,0,0
120,Steven Smith,SAS,200205070LAL,"May 7, 2002",LAL,7,4,3,6,58.33,65.79,-7.46,3,4,1,0,1,2,0,0,0,0,0,0,1,1,0,0,0,0,0,0,0,0,0,0
965,Derek Fisher,LAL,200205070LAL,"May 7, 2002",SAS,12,8,4,10,52.17,61.48,-9.31,5,0,3,9,1,2,0,0,0,0,0,0,0,0,0,0,0,0,0,0,0,0,1,1
2225,Tony Parker,SAS,200205070LAL,"May 7, 2002",LAL,5,8,2,9,26.32,28.15,-1.83,7,4,1,0,0,0,0,0,0,0,0,0,0,0,0,0,0,0,0,0,0,0,1,1
1477,Bruce Bowen,LAL,200205070LAL,"May 7, 2002",SAS,13,12,0,12,46.43,54.17,-7.74,8,4,4,9,0,0,0,0,0,0,0,0,0,0,0,0,0,0,0,0,0,0,0,0
1495,Tim Duncan,SAS,200205070LAL,"May 7, 2002",LAL,27,19,12,24,54.0,55.6,-1.6,17,16,0,0,5,5,0,0,2,6,0,0,0,0,0,0,0,0,0,0,0,0,0,0
406,Shaquille O'Neal,LAL,200205070LAL,"May 7, 2002",SAS,19,16,10,21,45.24,46.57,-1.33,16,14,0,0,5,5,0,0,0,0,0,0,0,0,0,0,0,0,0,0,0,0,0,0
977,Kobe Bryant,SAS,200205070LAL,"May 7, 2002",LAL,26,25,2,26,48.15,50.23,-2.08,23,24,2,0,1,2,0,0,0,0,0,0,0,0,0,0,0,0,0,0,0,0,0,0
109,Robert Horry,LAL,200205070LAL,"May 7, 2002",SAS,7,6,0,6,50.0,58.33,-8.33,4,4,2,3,0,0,0,0,0,0,0,0,0,0,0,0,0,0,0,0,0,0,0,0
95,Mark Bryant,SAS,200205070LAL,"May 7, 2002",LAL,6,4,0,4,75.0,75.0,0.0,4,6,0,0,0,0,0,0,0,0,0,0,0,0,0,0,0,0,0,0,0,0,0,0
990,Malik Rose,SAS,200205070LAL,"May 7, 2002",LAL,9,8,4,10,45.0,46.11,-1.11,8,6,0,0,1,2,0,0,0,0,0,0,0,0,0,0,0,0,0,0,0,0,1,1
198,Danny Ferry,SAS,200205070LAL,"May 7, 2002",LAL,5,5,0,5,38.46,50.0,-11.54,2,2,3,3,0,0,0,0,0,0,0,0,0,0,0,0,0,0,0,0,0,0,0,0
345,Terry Porter,SAS,200205070LAL,"May 7, 2002",LAL,2,4,0,4,18.18,25.0,-6.82,1,2,3,0,0,0,0,0,0,0,0,0,0,0,0,0,0,0,0,0,0,0,0,0
216,Brian Shaw,LAL,200205070LAL,"May 7, 2002",SAS,9,6,0,6,56.25,75.0,-18.75,2,0,4,9,0,0,0,0,0,0,0,0,0,0,0,0,0,0,0,0,0,0,0,0
1904,Devean George,LAL,200205070LAL,"May 7, 2002",SAS,2,5,0,5,16.67,20.0,-3.33,3,2,2,0,0,0,0,0,0,0,0,0,0,0,0,0,0,0,0,0,0,0,0,0
1498,Antonio Daniels,SAS,200205070LAL,"May 7, 2002",LAL,14,10,1,10,60.87,67.05,-6.18,7,8,2,3,0,0,0,0,1,3,0,0,0,0,0,0,0,0,0,0,0,0,0,0
283,Lindsey Hunter,LAL,200205070LAL,"May 7, 2002",SAS,0,1,0,1,0.0,0.0,0.0,1,0,0,0,0,0,0,0,0,0,0,0,0,0,0,0,0,0,0,0,0,0,0,0
1499,Tony Battie,BOS,200205080DET,"May 8, 2002",DET,6,6,0,6,50.0,50.0,0.0,6,6,0,0,0,0,0,0,0,0,0,0,0,0,0,0,0,0,0,0,0,0,0,0
711,Jerry Stackhouse,DET,200205080DET,"May 8, 2002",BOS,25,22,9,26,40.98,48.15,-7.17,13,4,8,12,4,6,0,0,1,3,0,0,0,0,0,0,0,0,0,0,0,0,0,0
361,Clifford Robinson,DET,200205080DET,"May 8, 2002",BOS,13,17,0,17,32.5,38.24,-5.74,11,10,6,3,0,0,0,0,0,0,0,0,0,0,0,0,0,0,0,0,0,0,0,0
952,Antoine Walker,BOS,200205080DET,"May 8, 2002",DET,15,12,2,13,45.45,58.23,-12.78,5,4,7,9,1,2,0,0,0,0,0,0,0,0,0,0,0,0,0,0,0,0,0,0
72,Kenny Anderson,BOS,200205080DET,"May 8, 2002",DET,11,13,4,15,36.67,37.26,-0.59,13,8,0,0,2,3,0,0,0,0,0,0,0,0,0,0,0,0,0,0,0,0,0,0
677,Eric Williams,BOS,200205080DET,"May 8, 2002",DET,18,9,4,11,69.23,83.64,-14.41,5,6,4,9,2,3,0,0,0,0,0,0,0,0,0,0,0,0,0,0,0,0,0,0
1088,Chucky Atkins,DET,200205080DET,"May 8, 2002",BOS,5,10,0,10,22.73,25.0,-2.27,8,2,2,3,0,0,0,0,0,0,0,0,0,0,0,0,0,0,0,0,0,0,0,0
1718,Paul Pierce,DET,200205080DET,"May 8, 2002",BOS,22,19,4,21,47.83,52.99,-5.16,15,18,4,0,2,4,0,0,0,0,0,0,0,0,0,0,0,0,0,0,0,0,0,0
688,Michael Curry,DET,200205080DET,"May 8, 2002",BOS,7,5,1,5,53.85,64.34,-10.49,2,2,2,3,0,0,0,0,1,2,0,0,0,0,0,0,0,0,0,0,0,0,0,0
1112,Ben Wallace,DET,200205080DET,"May 8, 2002",BOS,5,5,4,7,35.71,36.98,-1.27,5,4,0,0,2,1,0,0,0,0,0,0,0,0,0,0,0,0,0,0,0,0,0,0
1800,Damon Jones,DET,200205080DET,"May 8, 2002",BOS,12,8,4,10,44.44,61.48,-17.04,1,0,7,9,2,3,0,0,0,0,0,0,0,0,0,0,0,0,0,0,0,0,0,0
915,Rodney Rogers,BOS,200205080DET,"May 8, 2002",DET,13,12,2,13,48.15,50.47,-2.32,11,12,1,0,0,0,0,0,0,0,0,0,0,0,0,0,0,0,0,0,0,0,1,1
722,Corliss Williamson,DET,200205080DET,"May 8, 2002",BOS,4,10,0,10,19.05,20.0,-0.95,9,4,1,0,0,0,0,0,0,0,0,0,0,0,0,0,0,0,0,0,0,0,0,0
960,Tony Delk,BOS,200205080DET,"May 8, 2002",DET,0,3,0,3,0.0,0.0,0.0,1,0,2,0,0,0,0,0,0,0,0,0,0,0,0,0,0,0,0,0,0,0,0,0
468,Jon Barry,DET,200205080DET,"May 8, 2002",BOS,6,5,0,5,46.15,60.0,-13.85,2,0,3,6,0,0,0,0,0,0,0,0,0,0,0,0,0,0,0,0,0,0,0,0
1065,Erick Strickland,BOS,200205080DET,"May 8, 2002",DET,0,1,0,1,0.0,0.0,0.0,1,0,0,0,0,0,0,0,0,0,0,0,0,0,0,0,0,0,0,0,0,0,0,0
922,Elden Campbell,CHA,200205090CHH,"May 9, 2002",NJN,14,8,6,11,63.64,65.79,-2.15,8,10,0,0,2,2,0,0,0,0,0,0,0,0,0,0,0,0,0,0,0,0,1,2
1496,Keith Van Horn,NJN,200205090CHH,"May 9, 2002",CHA,12,8,6,11,50.0,56.39,-6.39,6,4,2,3,1,1,0,0,0,0,0,0,0,0,0,0,0,0,0,0,0,0,2,4
133,David Wesley,CHA,200205090CHH,"May 9, 2002",NJN,22,17,4,19,51.16,58.64,-7.48,12,12,5,6,2,4,0,0,0,0,0,0,0,0,0,0,0,0,0,0,0,0,0,0
954,Kerry Kittles,NJN,200205090CHH,"May 9, 2002",CHA,11,7,4,9,55.0,62.79,-7.79,5,6,2,3,1,0,0,0,0,0,0,0,0,0,0,0,0,0,0,0,0,0,1,2
467,Jason Kidd,NJN,200205090CHH,"May 9, 2002",CHA,13,13,2,14,38.24,46.83,-8.59,7,8,6,3,0,0,0,0,0,0,0,0,0,0,0,0,0,0,0,0,0,0,1,2
1884,Baron Davis,CHA,200205090CHH,"May 9, 2002",NJN,26,24,10,29,41.27,45.77,-4.5,19,14,5,6,3,2,0,0,0,0,0,0,0,0,0,0,0,0,0,0,0,0,2,4
248,George Lynch,CHA,200205090CHH,"May 9, 2002",NJN,12,6,2,7,85.71,87.21,-1.5,6,10,0,0,1,2,0,0,0,0,0,0,0,0,0,0,0,0,0,0,0,0,0,0
2030,Kenyon Martin,NJN,200205090CHH,"May 9, 2002",CHA,13,11,3,12,52.0,52.76,-0.76,10,8,0,0,0,0,0,0,1,3,0,0,0,0,0,0,0,0,0,0,0,0,1,2
1928,Todd MacCulloch,NJN,200205090CHH,"May 9, 2002",CHA,4,7,0,7,28.57,28.57,0.0,7,4,0,0,0,0,0,0,0,0,0,0,0,0,0,0,0,0,0,0,0,0,0,0
136,P.J. Brown,CHA,200205090CHH,"May 9, 2002",NJN,8,6,2,7,57.14,58.14,-1.0,6,6,0,0,1,2,0,0,0,0,0,0,0,0,0,0,0,0,0,0,0,0,0,0
1425,Aaron Williams,NJN,200205090CHH,"May 9, 2002",CHA,9,9,3,10,40.91,43.6,-2.69,7,4,1,0,0,0,0,0,1,3,0,0,0,0,0,0,0,0,0,0,0,0,1,2
2048,Jamaal Magloire,CHA,200205090CHH,"May 9, 2002",NJN,16,3,11,9,94.12,102.04,-7.92,3,6,0,0,1,1,0,0,0,0,0,0,0,0,0,0,0,0,0,0,1,1,4,8
2210,Richard Jefferson,NJN,200205090CHH,"May 9, 2002",CHA,16,10,7,13,59.26,61.16,-1.9,9,10,0,0,3,4,0,0,1,2,0,0,0,0,0,0,0,0,0,0,0,0,0,0
446,Lucious Harris,NJN,200205090CHH,"May 9, 2002",CHA,2,5,0,5,16.67,20.0,-3.33,3,2,2,0,0,0,0,0,0,0,0,0,0,0,0,0,0,0,0,0,0,0,0,0
1924,Lee Nailon,CHA,200205090CHH,"May 9, 2002",NJN,10,8,0,8,62.5,62.5,0.0,8,10,0,0,0,0,0,0,0,0,0,0,0,0,0,0,0,0,0,0,0,0,0,0
2260,Jarron Collins,CHA,200205090CHH,"May 9, 2002",NJN,6,3,6,6,50.0,53.19,-3.19,3,2,0,0,1,1,0,0,0,0,0,0,0,0,0,0,0,0,0,0,0,0,2,3
278,Stacey Augmon,CHA,200205090CHH,"May 9, 2002",NJN,1,0,2,1,50.0,56.82,-6.82,0,0,0,0,1,1,0,0,0,0,0,0,0,0,0,0,0,0,0,0,0,0,0,0
1533,Anthony Johnson,NJN,200205090CHH,"May 9, 2002",CHA,8,7,2,8,42.11,50.76,-8.65,4,6,3,0,1,2,0,0,0,0,0,0,0,0,0,0,0,0,0,0,0,0,0,0
1714,Robert Traylor,CHA,200205090CHH,"May 9, 2002",NJN,2,1,0,1,100.0,100.0,0.0,1,2,0,0,0,0,0,0,0,0,0,0,0,0,0,0,0,0,0,0,0,0,0,0
1724,Bryce Drew,CHA,200205090CHH,"May 9, 2002",NJN,2,1,0,1,100.0,100.0,0.0,1,2,0,0,0,0,0,0,0,0,0,0,0,0,0,0,0,0,0,0,0,0,0,0
681,Donny Marshall,NJN,200205090CHH,"May 9, 2002",CHA,3,1,1,1,100.0,104.17,-4.17,0,0,0,0,0,0,0,0,1,3,0,0,0,0,0,0,0,0,0,0,0,0,0,0
2213,Kirk Haston,CHA,200205090CHH,"May 9, 2002",NJN,2,1,0,1,100.0,100.0,0.0,1,2,0,0,0,0,0,0,0,0,0,0,0,0,0,0,0,0,0,0,0,0,0,0
1717,Dirk Nowitzki,DAL,200205090DAL,"May 9, 2002",SAC,19,15,5,17,50.0,55.23,-5.23,12,8,3,6,0,0,1,3,0,0,0,0,0,0,0,0,0,0,0,0,0,0,1,2
185,Chris Webber,SAC,200205090DAL,"May 9, 2002",DAL,31,26,4,28,55.36,55.84,-0.48,26,30,0,0,1,0,0,0,0,0,0,0,0,0,0,0,0,0,0,0,0,0,1,1
714,Michael Finley,DAL,200205090DAL,"May 9, 2002",SAC,37,23,11,28,61.67,66.45,-4.78,19,22,3,3,5,10,0,0,1,2,0,0,0,0,0,0,0,0,0,0,0,0,0,0
978,Peja Stojakovic,SAC,200205090DAL,"May 9, 2002",DAL,6,7,4,10,28.57,34.25,-5.68,4,2,3,0,0,0,0,0,0,0,0,0,2,2,0,0,0,0,0,0,0,0,1,2
57,Doug Christie,SAC,200205090DAL,"May 9, 2002",DAL,20,6,6,9,100.0,115.74,-15.74,4,8,2,6,0,0,0,0,0,0,0,0,0,0,0,0,0,0,0,0,0,0,3,6
271,Johnny Newman,DAL,200205090DAL,"May 9, 2002",SAC,0,1,0,1,0.0,0.0,0.0,0,0,1,0,0,0,0,0,0,0,0,0,0,0,0,0,0,0,0,0,0,0,0,0
1710,Mike Bibby,SAC,200205090DAL,"May 9, 2002",DAL,29,17,4,19,67.44,77.29,-9.85,12,10,5,15,1,2,0,0,0,0,0,0,0,0,0,0,0,0,0,0,0,0,1,2
124,Vlade Divac,SAC,200205090DAL,"May 9, 2002",DAL,19,12,8,16,55.88,61.21,-5.33,10,12,2,0,4,7,0,0,0,0,0,0,0,0,0,0,0,0,0,0,0,0,0,0
959,Steve Nash,DAL,200205090DAL,"May 9, 2002",SAC,15,19,3,21,29.41,36.91,-7.5,9,6,10,6,1,2,0,0,0,0,0,0,1,1,0,0,0,0,0,0,0,0,0,0
1761,Greg Buckner,DAL,200205090DAL,"May 9, 2002",SAC,5,4,2,5,45.45,51.23,-5.78,3,4,1,0,1,1,0,0,0,0,0,0,0,0,0,0,0,0,0,0,0,0,0,0
1711,Raef LaFrentz,DAL,200205090DAL,"May 9, 2002",SAC,24,16,4,17,61.54,67.57,-6.03,11,14,3,3,1,1,0,0,2,6,0,0,0,0,0,0,0,0,0,0,0,0,0,0
1513,Scot Pollard,SAC,200205090DAL,"May 9, 2002",DAL,9,4,1,4,100.0,101.35,-1.35,3,6,0,0,0,0,0,0,1,3,0,0,0,0,0,0,0,0,0,0,0,0,0,0
zhizhwa01,W. Zhizhi,DAL,200205090DAL,"May 9, 2002",SAC,7,4,0,4,77.78,87.5,-9.72,3,4,1,3,0,0,0,0,0,0,0,0,0,0,0,0,0,0,0,0,0,0,0,0
89,Nick Van Exel,DAL,200205090DAL,"May 9, 2002",SAC,7,11,0,11,28.0,31.82,-3.82,8,4,3,3,0,0,0,0,0,0,0,0,0,0,0,0,0,0,0,0,0,0,0,0
2045,Hedo Turkoglu,SAC,200205090DAL,"May 9, 2002",DAL,4,3,2,4,44.44,51.55,-7.11,2,2,1,0,0,0,0,0,0,0,0,0,0,0,0,0,0,0,0,0,0,0,1,2
1517,Bobby Jackson,SAC,200205090DAL,"May 9, 2002",DAL,7,10,4,12,25.93,29.76,-3.83,7,4,3,0,1,2,0,0,0,0,0,0,0,0,0,0,0,0,0,0,0,0,1,1
2059,Eduardo Najera,DAL,200205090DAL,"May 9, 2002",SAC,5,1,4,3,83.33,90.58,-7.25,1,2,0,0,2,3,0,0,0,0,0,0,0,0,0,0,0,0,0,0,0,0,0,0
361,Clifford Robinson,DET,200205100BOS,"May 10, 2002",BOS,7,11,2,12,24.14,29.46,-5.32,6,2,5,3,1,2,0,0,0,0,0,0,0,0,0,0,0,0,0,0,0,0,0,0
677,Eric Williams,BOS,200205100BOS,"May 10, 2002",DET,0,5,0,5,0.0,0.0,0.0,2,0,3,0,0,0,0,0,0,0,0,0,0,0,0,0,0,0,0,0,0,0,0,0
952,Antoine Walker,BOS,200205100BOS,"May 10, 2002",DET,16,14,2,14,48.48,53.76,-5.28,9,10,3,0,0,0,0,0,2,6,0,0,0,0,0,0,0,0,0,0,0,0,0,0
1088,Chucky Atkins,DET,200205100BOS,"May 10, 2002",BOS,4,8,3,9,17.39,21.46,-4.07,4,2,4,0,0,0,1,2,0,0,0,0,0,0,0,0,0,0,0,0,0,0,0,0
711,Jerry Stackhouse,DET,200205100BOS,"May 10, 2002",BOS,19,19,6,21,38.0,43.9,-5.9,11,8,6,3,2,3,0,0,2,5,0,0,0,0,0,0,0,0,0,0,0,0,0,0
72,Kenny Anderson,BOS,200205100BOS,"May 10, 2002",DET,17,15,3,16,51.52,52.08,-0.56,14,12,0,0,0,0,0,0,1,3,0,0,0,0,0,0,0,0,0,0,0,0,1,2
1112,Ben Wallace,DET,200205100BOS,"May 10, 2002",BOS,12,6,4,8,75.0,77.32,-2.32,6,10,0,0,1,0,0,0,0,0,0,0,0,0,0,0,0,0,0,0,0,0,1,2
1718,Paul Pierce,BOS,200205100BOS,"May 10, 2002",DET,19,23,5,25,32.76,37.7,-4.94,15,10,7,3,1,2,0,0,1,2,0,0,0,0,0,0,0,0,0,0,0,0,1,2
1499,Tony Battie,BOS,200205100BOS,"May 10, 2002",DET,11,8,2,9,61.11,61.94,-0.83,8,10,0,0,1,1,0,0,0,0,0,0,0,0,0,0,0,0,0,0,0,0,0,0
688,Michael Curry,DET,200205100BOS,"May 10, 2002",BOS,3,4,2,5,23.08,30.74,-7.66,1,2,3,0,1,1,0,0,0,0,0,0,0,0,0,0,0,0,0,0,0,0,0,0
915,Rodney Rogers,BOS,200205100BOS,"May 10, 2002",DET,3,8,0,8,14.29,18.75,-4.46,3,0,5,3,0,0,0,0,0,0,0,0,0,0,0,0,0,0,0,0,0,0,0,0
960,Tony Delk,BOS,200205100BOS,"May 10, 2002",DET,0,4,0,4,0.0,0.0,0.0,3,0,1,0,0,0,0,0,0,0,0,0,0,0,0,0,0,0,0,0,0,0,0,0
722,Corliss Williamson,DET,200205100BOS,"May 10, 2002",BOS,15,14,4,16,46.88,47.59,-0.71,14,12,0,0,1,1,0,0,0,0,0,0,1,2,0,0,0,0,0,0,0,0,0,0
1800,Damon Jones,DET,200205100BOS,"May 10, 2002",BOS,4,6,0,6,30.77,33.33,-2.56,5,4,1,0,0,0,0,0,0,0,0,0,0,0,0,0,0,0,0,0,0,0,0,0
468,Jon Barry,DET,200205100BOS,"May 10, 2002",BOS,0,1,0,1,0.0,0.0,0.0,0,0,1,0,0,0,0,0,0,0,0,0,0,0,0,0,0,0,0,0,0,0,0,0
962,Walter McCarty,BOS,200205100BOS,"May 10, 2002",DET,0,1,0,1,0.0,0.0,0.0,1,0,0,0,0,0,0,0,0,0,0,0,0,0,0,0,0,0,0,0,0,0,0,0
109,Robert Horry,LAL,200205100SAS,"May 10, 2002",SAS,9,5,4,7,60.0,66.57,-6.57,4,6,1,0,1,1,0,0,0,0,0,0,0,0,0,0,0,0,0,0,0,0,1,2
764,David Robinson,SAS,200205100SAS,"May 10, 2002",LAL,6,7,2,8,37.5,38.07,-0.57,7,6,0,0,1,0,0,0,0,0,0,0,0,0,0,0,0,0,0,0,0,0,0,0
1495,Tim Duncan,SAS,200205100SAS,"May 10, 2002",LAL,28,26,10,31,43.75,46.05,-2.3,24,16,2,3,5,9,0,0,0,0,0,0,0,0,0,0,0,0,0,0,0,0,0,0
406,Shaquille O'Neal,LAL,200205100SAS,"May 10, 2002",SAS,22,20,4,22,50.0,50.55,-0.55,20,20,0,0,1,2,0,0,0,0,0,0,0,0,1,0,0,0,0,0,0,0,0,0
977,Kobe Bryant,LAL,200205100SAS,"May 10, 2002",SAS,31,31,3,32,46.27,47.96,-1.69,28,28,2,0,0,0,0,0,1,2,0,0,0,0,0,0,0,0,0,0,0,0,1,1
2225,Tony Parker,SAS,200205100SAS,"May 10, 2002",LAL,24,17,6,20,52.17,61.1,-8.93,11,16,6,3,2,4,0,0,0,0,0,0,0,0,0,0,0,0,0,0,0,0,1,1
1477,Bruce Bowen,LAL,200205100SAS,"May 10, 2002",SAS,8,6,2,7,47.06,58.14,-11.08,3,4,3,3,0,0,0,0,0,0,0,0,0,0,0,0,0,0,0,0,0,0,1,1
296,Rick Fox,SAS,200205100SAS,"May 10, 2002",LAL,10,7,6,10,45.45,51.87,-6.42,5,6,2,0,1,1,0,0,0,0,0,0,0,0,0,0,0,0,0,0,0,0,2,3
120,Steven Smith,SAS,200205100SAS,"May 10, 2002",LAL,9,8,4,10,39.13,46.11,-6.98,5,2,3,3,0,0,1,3,0,0,0,0,1,1,0,0,0,0,0,0,0,0,0,0
1904,Devean George,LAL,200205100SAS,"May 10, 2002",SAS,0,3,0,3,0.0,0.0,0.0,2,0,1,0,0,0,0,0,0,0,0,0,0,0,0,0,0,0,0,0,0,0,0,0
965,Derek Fisher,LAL,200205100SAS,"May 10, 2002",SAS,13,8,2,9,56.52,73.2,-16.68,3,2,5,9,0,0,0,0,0,0,0,0,0,0,0,0,0,0,0,0,0,0,1,2
990,Malik Rose,SAS,200205100SAS,"May 10, 2002",LAL,10,8,3,9,52.63,53.65,-1.02,7,6,0,0,1,1,0,0,1,3,0,0,0,0,0,0,0,0,0,0,0,0,0,0
198,Danny Ferry,SAS,200205100SAS,"May 10, 2002",LAL,0,1,0,1,0.0,0.0,0.0,0,0,1,0,0,0,0,0,0,0,0,0,0,0,0,0,0,0,0,0,0,0,0,0
955,Samaki Walker,LAL,200205100SAS,"May 10, 2002",SAS,12,6,2,7,85.71,87.21,-1.5,6,10,0,0,1,2,0,0,0,0,0,0,0,0,0,0,0,0,0,0,0,0,0,0
1498,Antonio Daniels,SAS,200205100SAS,"May 10, 2002",LAL,2,3,0,3,33.33,33.33,0.0,3,2,0,0,0,0,0,0,0,0,0,0,0,0,0,0,0,0,0,0,0,0,0,0
345,Terry Porter,SAS,200205100SAS,"May 10, 2002",LAL,2,3,0,3,25.0,33.33,-8.33,1,2,2,0,0,0,0,0,0,0,0,0,0,0,0,0,0,0,0,0,0,0,0,0
216,Brian Shaw,LAL,200205100SAS,"May 10, 2002",SAS,2,3,0,3,33.33,33.33,0.0,3,2,0,0,0,0,0,0,0,0,0,0,0,0,0,0,0,0,0,0,0,0,0,0
283,Lindsey Hunter,LAL,200205100SAS,"May 10, 2002",SAS,0,1,0,1,0.0,0.0,0.0,0,0,1,0,0,0,0,0,0,0,0,0,0,0,0,0,0,0,0,0,0,0,0,0
959,Steve Nash,DAL,200205110DAL,"May 11, 2002",SAC,24,11,8,17,75.0,82.64,-7.64,9,10,2,6,1,2,0,0,0,0,0,0,4,4,0,0,0,0,0,0,0,0,1,2
1517,Bobby Jackson,SAC,200205110DAL,"May 11, 2002",DAL,26,20,6,23,54.17,57.42,-3.25,18,16,2,6,3,4,0,0,0,0,0,0,0,0,0,0,0,0,0,0,0,0,0,0
1711,Raef LaFrentz,DAL,200205110DAL,"May 11, 2002",SAC,12,11,0,11,46.15,54.55,-8.4,7,6,4,6,0,0,0,0,0,0,0,0,0,0,0,0,0,0,0,0,0,0,0,0
1717,Dirk Nowitzki,DAL,200205110DAL,"May 11, 2002",SAC,31,28,14,34,41.33,45.37,-4.04,21,12,5,3,6,10,0,0,2,6,0,0,0,0,0,0,0,0,0,0,0,0,0,0
185,Chris Webber,SAC,200205110DAL,"May 11, 2002",DAL,30,15,9,19,76.92,79.11,-2.19,14,22,0,0,3,3,0,0,1,3,0,0,0,0,0,0,0,0,0,0,0,0,1,2
1710,Mike Bibby,SAC,200205110DAL,"May 11, 2002",DAL,24,20,4,22,47.06,55.15,-8.09,13,14,7,6,2,4,0,0,0,0,0,0,0,0,0,0,0,0,0,0,0,0,0,0
714,Michael Finley,DAL,200205110DAL,"May 11, 2002",SAC,28,24,4,26,45.9,54.35,-8.45,15,12,9,12,2,4,0,0,0,0,0,0,0,0,0,0,0,0,0,0,0,0,0,0
124,Vlade Divac,SAC,200205110DAL,"May 11, 2002",DAL,8,5,8,9,44.44,46.95,-2.51,5,2,0,0,2,2,0,0,0,0,0,0,0,0,0,0,0,0,0,0,0,0,2,4
57,Doug Christie,SAC,200205110DAL,"May 11, 2002",DAL,12,10,7,14,38.71,45.87,-7.16,6,6,4,0,1,1,0,0,0,0,0,0,1,1,0,0,0,0,0,0,0,0,2,4
89,Nick Van Exel,SAC,200205110DAL,"May 11, 2002",DAL,4,10,0,10,17.39,20.0,-2.61,7,4,3,0,0,0,0,0,0,0,0,0,0,0,0,0,0,0,0,0,0,0,0,0
2045,Hedo Turkoglu,SAC,200205110DAL,"May 11, 2002",DAL,4,8,0,8,22.22,25.0,-2.78,6,4,2,0,0,0,0,0,0,0,0,0,0,0,0,0,0,0,0,0,0,0,0,0
1513,Scot Pollard,SAC,200205110DAL,"May 11, 2002",DAL,9,5,4,6,64.29,66.57,-2.28,4,4,0,0,1,2,0,0,1,3,0,0,0,0,0,0,0,0,0,0,0,0,0,0
1761,Greg Buckner,DAL,200205110DAL,"May 11, 2002",SAC,6,5,0,5,60.0,60.0,0.0,5,6,0,0,0,0,0,0,0,0,0,0,0,0,0,0,0,0,0,0,0,0,0,0
2059,Eduardo Najera,DAL,200205110DAL,"May 11, 2002",SAC,2,1,0,1,100.0,100.0,0.0,1,2,0,0,0,0,0,0,0,0,0,0,0,0,0,0,0,0,0,0,0,0,0,0
2222,Gerald Wallace,SAC,200205110DAL,"May 11, 2002",DAL,2,0,2,1,100.0,113.64,-13.64,0,0,0,0,1,2,0,0,0,0,0,0,0,0,0,0,0,0,0,0,0,0,0,0
1444,Lawrence Funderburke,SAC,200205110DAL,"May 11, 2002",DAL,0,1,0,1,0.0,0.0,0.0,1,0,0,0,0,0,0,0,0,0,0,0,0,0,0,0,0,0,0,0,0,0,0,0
1559,Adrian Griffin,DAL,200205110DAL,"May 11, 2002",SAC,4,2,0,2,100.0,100.0,0.0,2,4,0,0,0,0,0,0,0,0,0,0,0,0,0,0,0,0,0,0,0,0,0,0
zhizhwa01,W. Zhizhi,DAL,200205110DAL,"May 11, 2002",SAC,2,1,0,1,100.0,100.0,0.0,1,2,0,0,0,0,0,0,0,0,0,0,0,0,0,0,0,0,0,0,0,0,0,0
1496,Keith Van Horn,CHA,200205120CHH,"May 12, 2002",NJN,16,12,2,13,51.61,62.11,-10.5,7,10,5,6,1,0,0,0,0,0,0,0,0,0,0,0,0,0,0,0,0,0,0,0
248,George Lynch,CHA,200205120CHH,"May 12, 2002",NJN,19,16,3,17,50.0,54.85,-4.85,12,12,3,3,1,1,0,0,1,3,0,0,0,0,0,0,0,0,0,0,0,0,0,0
133,David Wesley,CHA,200205120CHH,"May 12, 2002",NJN,15,13,3,15,41.67,52.37,-10.7,6,6,7,6,1,2,0,0,0,0,0,0,1,1,0,0,0,0,0,0,0,0,0,0
954,Kerry Kittles,NJN,200205120CHH,"May 12, 2002",CHA,20,14,6,17,52.63,60.1,-7.47,10,8,4,6,3,6,0,0,0,0,0,0,0,0,0,0,0,0,0,0,0,0,0,0
467,Jason Kidd,NJN,200205120CHH,"May 12, 2002",CHA,24,23,14,31,34.78,41.15,-6.37,13,8,9,3,2,3,0,0,1,2,0,0,3,3,0,0,0,0,0,0,0,0,3,5
136,P.J. Brown,CHA,200205120CHH,"May 12, 2002",NJN,7,5,4,8,50.0,51.78,-1.78,5,4,0,0,1,2,0,0,0,0,0,0,1,1,0,0,1,0,0,0,0,0,0,0
922,Elden Campbell,CHA,200205120CHH,"May 12, 2002",NJN,7,9,4,11,30.43,32.53,-2.1,8,4,1,0,2,3,0,0,0,0,0,0,0,0,0,0,0,0,0,0,0,0,0,0
1884,Baron Davis,NJN,200205120CHH,"May 12, 2002",CHA,20,19,17,27,30.77,37.76,-6.99,8,6,10,3,6,6,0,0,1,3,0,0,0,0,1,1,0,0,0,0,0,0,1,1
2030,Kenyon Martin,NJN,200205120CHH,"May 12, 2002",CHA,13,13,3,14,44.83,45.39,-0.56,12,10,0,0,1,1,0,0,1,2,0,0,0,0,0,0,0,0,0,0,0,0,0,0
1928,Todd MacCulloch,NJN,200205120CHH,"May 12, 2002",CHA,2,4,1,4,22.22,22.52,-0.3,3,0,0,0,0,0,0,0,1,2,0,0,0,0,0,0,0,0,0,0,0,0,0,0
2210,Richard Jefferson,NJN,200205120CHH,"May 12, 2002",CHA,7,8,3,9,36.84,37.55,-0.71,7,4,0,0,0,0,0,0,1,2,0,0,0,0,0,0,0,0,0,0,0,0,1,1
1425,Aaron Williams,NJN,200205120CHH,"May 12, 2002",CHA,0,1,0,1,0.0,0.0,0.0,1,0,0,0,0,0,0,0,0,0,0,0,0,0,0,0,0,0,0,0,0,0,0,0
446,Lucious Harris,NJN,200205120CHH,"May 12, 2002",CHA,0,4,0,4,0.0,0.0,0.0,4,0,0,0,0,0,0,0,0,0,0,0,0,0,0,0,0,0,0,0,0,0,0,0
2048,Jamaal Magloire,CHA,200205120CHH,"May 12, 2002",NJN,5,5,2,6,41.67,42.52,-0.85,5,4,0,0,0,0,0,0,0,0,0,0,0,0,0,0,0,0,0,0,0,0,1,1
1924,Lee Nailon,CHA,200205120CHH,"May 12, 2002",NJN,6,6,0,6,50.0,50.0,0.0,6,6,0,0,0,0,0,0,0,0,0,0,0,0,0,0,0,0,0,0,0,0,0,0
2215,Jason Collins,NJN,200205120CHH,"May 12, 2002",CHA,5,5,4,7,35.71,36.98,-1.27,5,4,0,0,1,0,0,0,0,0,0,0,0,0,0,0,0,0,0,0,0,0,1,1
422,Avery Johnson,CHA,200205120CHH,"May 12, 2002",NJN,2,5,0,5,18.18,20.0,-1.82,4,2,1,0,0,0,0,0,0,0,0,0,0,0,0,0,0,0,0,0,0,0,0,0
72,Kenny Anderson,DET,200205120BOS,"May 12, 2002",BOS,7,10,1,10,33.33,33.52,-0.19,9,4,0,0,0,0,0,0,1,3,0,0,0,0,0,0,0,0,0,0,0,0,0,0
1088,Chucky Atkins,DET,200205120BOS,"May 12, 2002",BOS,4,8,0,8,22.22,25.0,-2.78,6,4,2,0,0,0,0,0,0,0,0,0,0,0,0,0,0,0,0,0,0,0,0,0
952,Antoine Walker,BOS,200205120BOS,"May 12, 2002",DET,30,19,10,24,57.69,64.1,-6.41,15,18,4,3,3,5,0,0,0,0,0,0,0,0,0,0,0,0,0,0,0,0,2,4
960,Tony Delk,BOS,200205120BOS,"May 12, 2002",DET,16,11,2,12,55.17,67.34,-12.17,6,6,5,9,1,1,0,0,0,0,0,0,0,0,0,0,0,0,0,0,0,0,0,0
361,Clifford Robinson,DET,200205120BOS,"May 12, 2002",BOS,24,16,8,20,48.0,61.48,-13.48,6,6,10,12,3,5,0,0,0,0,0,0,0,0,0,0,0,0,0,0,0,0,1,1
1718,Paul Pierce,BOS,200205120BOS,"May 12, 2002",DET,25,16,12,21,51.02,58.74,-7.72,9,8,5,3,2,3,0,0,2,5,0,0,0,0,0,0,0,0,0,0,0,0,3,6
688,Michael Curry,DET,200205120BOS,"May 12, 2002",BOS,4,5,0,5,36.36,40.0,-3.64,4,4,1,0,0,0,0,0,0,0,0,0,0,0,0,0,0,0,0,0,0,0,0,0
1499,Tony Battie,BOS,200205120BOS,"May 12, 2002",DET,5,5,2,6,41.67,42.52,-0.85,5,4,0,0,1,1,0,0,0,0,0,0,0,0,0,0,0,0,0,0,0,0,0,0
677,Eric Williams,DET,200205120BOS,"May 12, 2002",BOS,0,3,0,3,0.0,0.0,0.0,2,0,1,0,0,0,0,0,0,0,0,0,0,0,0,0,0,0,0,0,0,0,0,0
711,Jerry Stackhouse,DET,200205120BOS,"May 12, 2002",BOS,16,15,4,17,39.02,47.73,-8.71,8,2,7,12,1,0,0,0,0,0,0,0,0,0,0,0,0,0,0,0,0,0,1,2
722,Corliss Williamson,DET,200205120BOS,"May 12, 2002",BOS,12,11,4,13,46.15,47.02,-0.87,11,10,0,0,2,2,0,0,0,0,0,0,0,0,0,0,0,0,0,0,0,0,0,0
915,Rodney Rogers,BOS,200205120BOS,"May 12, 2002",DET,7,6,0,6,46.67,58.33,-11.66,3,4,3,3,0,0,0,0,0,0,0,0,0,0,0,0,0,0,0,0,0,0,0,0
1112,Ben Wallace,DET,200205120BOS,"May 12, 2002",BOS,4,5,6,8,25.0,26.18,-1.18,5,2,0,0,2,2,0,0,0,0,0,0,0,0,0,0,0,0,0,0,0,0,1,0
468,Jon Barry,DET,200205120BOS,"May 12, 2002",BOS,8,4,0,4,72.73,100.0,-27.27,1,2,3,6,0,0,0,0,0,0,0,0,0,0,0,0,0,0,0,0,0,0,0,0
1800,Damon Jones,DET,200205120BOS,"May 12, 2002",BOS,5,9,0,9,20.0,27.78,-7.78,2,2,7,3,0,0,0,0,0,0,0,0,0,0,0,0,0,0,0,0,0,0,0,0
962,Walter McCarty,BOS,200205120BOS,"May 12, 2002",DET,0,1,0,1,0.0,0.0,0.0,0,0,1,0,0,0,0,0,0,0,0,0,0,0,0,0,0,0,0,0,0,0,0,0
344,Dana Barros,DET,200205120BOS,"May 12, 2002",BOS,2,2,0,2,40.0,50.0,-10.0,1,2,1,0,0,0,0,0,0,0,0,0,0,0,0,0,0,0,0,0,0,0,0,0
2225,Tony Parker,SAS,200205120SAS,"May 12, 2002",LAL,15,14,5,16,42.86,46.3,-3.44,11,8,2,0,1,2,0,0,1,3,0,0,0,0,0,0,0,0,0,0,0,0,1,2
977,Kobe Bryant,LAL,200205120SAS,"May 12, 2002",SAS,28,27,9,31,41.18,45.22,-4.04,21,12,5,9,4,5,0,0,1,2,0,0,0,0,0,0,0,0,0,0,0,0,0,0
764,David Robinson,SAS,200205120SAS,"May 12, 2002",LAL,12,9,2,10,60.0,60.73,-0.73,9,12,0,0,1,0,0,0,0,0,0,0,0,0,0,0,0,0,0,0,0,0,0,0
1477,Bruce Bowen,LAL,200205120SAS,"May 12, 2002",SAS,8,6,1,6,57.14,62.11,-4.97,4,2,1,3,0,0,0,0,1,3,0,0,0,0,0,0,0,0,0,0,0,0,0,0
406,Shaquille O'Neal,LAL,200205120SAS,"May 12, 2002",SAS,22,18,6,21,52.38,53.29,-0.91,18,18,0,0,2,2,0,0,0,0,0,0,0,0,0,0,0,0,0,0,0,0,1,2
109,Robert Horry,LAL,200205120SAS,"May 12, 2002",SAS,13,8,0,8,61.9,81.25,-19.35,3,4,5,9,0,0,0,0,0,0,0,0,0,0,0,0,0,0,0,0,0,0,0,0
965,Derek Fisher,LAL,200205120SAS,"May 12, 2002",SAS,6,9,2,10,25.0,30.36,-5.36,5,4,4,0,0,0,0,0,0,0,0,0,0,0,0,0,0,0,0,0,0,0,1,2
120,Steven Smith,SAS,200205120SAS,"May 12, 2002",LAL,6,5,3,7,37.5,47.47,-9.97,2,0,3,3,0,0,0,0,0,0,0,0,1,1,0,0,0,0,0,0,0,0,1,2
1495,Tim Duncan,SAS,200205120SAS,"May 12, 2002",LAL,30,15,16,23,65.22,68.06,-2.84,15,18,0,0,5,7,0,0,0,0,0,0,0,0,0,0,0,0,0,0,0,0,3,5
990,Malik Rose,SAS,200205120SAS,"May 12, 2002",LAL,6,3,2,4,75.0,77.32,-2.32,3,4,0,0,1,2,0,0,0,0,0,0,0,0,0,0,0,0,0,0,0,0,0,0
296,Rick Fox,LAL,200205120SAS,"May 12, 2002",SAS,8,5,5,7,53.33,55.56,-2.23,4,2,0,0,1,1,0,0,1,3,0,0,0,0,0,0,0,0,0,0,0,0,1,2
198,Danny Ferry,SAS,200205120SAS,"May 12, 2002",LAL,0,4,0,4,0.0,0.0,0.0,3,0,1,0,0,0,0,0,0,0,0,0,0,0,0,0,0,0,0,0,0,0,0,0
216,Brian Shaw,LAL,200205120SAS,"May 12, 2002",SAS,0,1,0,1,0.0,0.0,0.0,0,0,1,0,0,0,0,0,0,0,0,0,0,0,0,0,0,0,0,0,0,0,0,0
1498,Antonio Daniels,SAS,200205120SAS,"May 12, 2002",LAL,8,11,4,13,28.57,31.35,-2.78,9,4,2,0,1,2,0,0,0,0,0,0,0,0,1,2,0,0,0,0,0,0,0,0
1904,Devean George,LAL,200205120SAS,"May 12, 2002",SAS,2,4,0,4,22.22,25.0,-2.78,3,2,1,0,0,0,0,0,0,0,0,0,0,0,0,0,0,0,0,0,0,0,0,0
955,Samaki Walker,LAL,200205120SAS,"May 12, 2002",SAS,8,7,2,8,50.0,50.76,-0.76,7,8,0,0,1,0,0,0,0,0,0,0,0,0,0,0,0,0,0,0,0,0,0,0
345,Terry Porter,SAS,200205120SAS,"May 12, 2002",LAL,0,2,0,2,0.0,0.0,0.0,0,0,2,0,0,0,0,0,0,0,0,0,0,0,0,0,0,0,0,0,0,0,0,0
95,Mark Bryant,SAS,200205120SAS,"May 12, 2002",LAL,0,1,0,1,0.0,0.0,0.0,1,0,0,0,0,0,0,0,0,0,0,0,0,0,0,0,0,0,0,0,0,0,0,0
1711,Raef LaFrentz,DAL,200205130SAC,"May 13, 2002",SAC,7,10,2,11,31.82,32.17,-0.35,10,6,0,0,1,1,0,0,0,0,0,0,0,0,0,0,0,0,0,0,0,0,0,0
57,Doug Christie,SAC,200205130SAC,"May 13, 2002",DAL,15,10,6,14,48.39,59.34,-10.95,5,8,5,3,1,1,0,0,0,0,0,0,2,2,0,0,0,0,0,0,0,0,1,1
1559,Adrian Griffin,DAL,200205130SAC,"May 13, 2002",SAC,14,11,2,12,56.0,58.92,-2.92,10,14,1,0,1,0,0,0,0,0,0,0,0,0,0,0,0,0,0,0,0,0,0,0
185,Chris Webber,SAC,200205130SAC,"May 13, 2002",DAL,23,14,10,19,58.97,62.5,-3.53,13,16,1,0,4,5,0,0,0,0,0,0,0,0,1,2,0,0,0,0,0,0,0,0
714,Michael Finley,DAL,200205130SAC,"May 13, 2002",SAC,26,18,7,21,53.06,61.67,-8.61,11,12,6,6,3,5,0,0,1,3,0,0,0,0,0,0,0,0,0,0,0,0,0,0
124,Vlade Divac,SAC,200205130SAC,"May 13, 2002",DAL,18,10,8,14,64.29,66.57,-2.28,10,10,0,0,2,4,0,0,0,0,0,0,0,0,0,0,0,0,0,0,0,0,2,4
959,Steve Nash,DAL,200205130SAC,"May 13, 2002",SAC,12,9,3,11,50.0,58.14,-8.14,6,6,3,3,1,2,0,0,0,0,0,0,1,1,0,0,0,0,0,0,0,0,0,0
1710,Mike Bibby,SAC,200205130SAC,"May 13, 2002",DAL,23,17,6,20,53.49,58.55,-5.06,14,14,3,3,1,2,0,0,0,0,0,0,0,0,0,0,0,0,0,0,0,0,2,4
1717,Dirk Nowitzki,DAL,200205130SAC,"May 13, 2002",SAC,32,25,4,27,54.24,59.79,-5.55,20,20,5,9,1,1,0,0,0,0,0,0,0,0,0,0,0,0,0,0,0,0,1,2
2045,Hedo Turkoglu,SAC,200205130SAC,"May 13, 2002",DAL,20,19,0,19,47.62,52.63,-5.01,15,14,4,6,0,0,0,0,0,0,0,0,0,0,0,0,0,0,0,0,0,0,0,0
2059,Eduardo Najera,DAL,200205130SAC,"May 13, 2002",SAC,2,1,0,1,100.0,100.0,0.0,1,2,0,0,0,0,0,0,0,0,0,0,0,0,0,0,0,0,0,0,0,0,0,0
89,Nick Van Exel,DAL,200205130SAC,"May 13, 2002",SAC,6,9,0,9,28.57,33.33,-4.76,6,6,3,0,0,0,0,0,0,0,0,0,0,0,0,0,0,0,0,0,0,0,0,0
1517,Bobby Jackson,SAC,200205130SAC,"May 13, 2002",DAL,15,12,2,12,50.0,58.23,-8.23,6,4,4,6,0,0,0,0,2,5,0,0,0,0,0,0,0,0,0,0,0,0,0,0
1513,Scot Pollard,SAC,200205130SAC,"May 13, 2002",DAL,0,2,0,2,0.0,0.0,0.0,2,0,0,0,0,0,0,0,0,0,0,0,0,0,0,0,0,0,0,0,0,0,0,0
zhizhwa01,W. Zhizhi,DAL,200205130SAC,"May 13, 2002",SAC,2,1,2,2,50.0,53.19,-3.19,1,0,0,0,1,2,0,0,0,0,0,0,0,0,0,0,0,0,0,0,0,0,0,0
2222,Gerald Wallace,SAC,200205130SAC,"May 13, 2002",DAL,0,1,0,1,0.0,0.0,0.0,1,0,0,0,0,0,0,0,0,0,0,0,0,0,0,0,0,0,0,0,0,0,0,0
952,Antoine Walker,BOS,200205140DET,"May 14, 2002",DET,16,15,4,17,40.0,47.73,-7.73,9,4,6,9,1,2,0,0,0,0,0,0,0,0,1,1,0,0,0,0,0,0,0,0
711,Jerry Stackhouse,DET,200205140DET,"May 14, 2002",BOS,8,18,1,19,17.78,21.69,-3.91,10,2,8,6,0,0,0,0,0,0,0,0,1,0,0,0,0,0,0,0,0,0,0,0
361,Clifford Robinson,DET,200205140DET,"May 14, 2002",BOS,4,10,0,10,17.39,20.0,-2.61,7,4,3,0,0,0,0,0,0,0,0,0,0,0,0,0,0,0,0,0,0,0,0,0
1499,Tony Battie,BOS,200205140DET,"May 14, 2002",DET,10,8,0,8,62.5,62.5,0.0,8,10,0,0,0,0,0,0,0,0,0,0,0,0,0,0,0,0,0,0,0,0,0,0
72,Kenny Anderson,BOS,200205140DET,"May 14, 2002",DET,17,18,1,19,45.95,46.1,-0.15,18,16,0,0,0,0,0,0,0,0,0,0,1,1,0,0,0,0,0,0,0,0,0,0
688,Michael Curry,DET,200205140DET,"May 14, 2002",BOS,15,10,2,11,60.0,68.93,-8.93,7,10,3,3,1,2,0,0,0,0,0,0,0,0,0,0,0,0,0,0,0,0,0,0
1112,Ben Wallace,DET,200205140DET,"May 14, 2002",BOS,6,7,3,8,35.29,36.06,-0.77,6,4,0,0,0,0,0,0,1,2,0,0,0,0,1,0,0,0,0,0,0,0,0,0
1088,Chucky Atkins,DET,200205140DET,"May 14, 2002",BOS,22,17,2,18,48.89,61.52,-12.63,8,8,9,12,1,2,0,0,0,0,0,0,0,0,0,0,0,0,0,0,0,0,0,0
1718,Paul Pierce,BOS,200205140DET,"May 14, 2002",DET,18,13,9,17,46.15,53.07,-6.92,8,8,4,0,2,3,0,0,1,3,0,0,0,0,0,0,0,0,0,0,0,0,2,4
677,Eric Williams,BOS,200205140DET,"May 14, 2002",DET,6,5,0,5,60.0,60.0,0.0,5,6,0,0,0,0,0,0,0,0,0,0,0,0,0,0,0,0,0,0,0,0,0,0
915,Rodney Rogers,BOS,200205140DET,"May 14, 2002",DET,14,7,2,8,73.68,88.83,-15.15,4,6,3,6,1,2,0,0,0,0,0,0,0,0,0,0,0,0,0,0,0,0,0,0
468,Jon Barry,DET,200205140DET,"May 14, 2002",BOS,9,7,3,9,42.86,54.09,-11.23,3,4,4,3,1,1,0,0,0,0,0,0,1,1,0,0,0,0,0,0,0,0,0,0
722,Corliss Williamson,DET,200205140DET,"May 14, 2002",BOS,17,11,10,15,53.12,55.19,-2.07,9,4,0,0,3,5,0,0,2,6,0,0,0,0,0,0,0,0,0,0,0,0,1,2
960,Tony Delk,BOS,200205140DET,"May 14, 2002",DET,9,7,2,8,45.0,57.11,-12.11,3,2,4,6,0,0,0,0,0,0,0,0,0,0,0,0,0,0,0,0,0,0,1,1
1800,Damon Jones,DET,200205140DET,"May 14, 2002",BOS,0,1,0,1,0.0,0.0,0.0,1,0,0,0,0,0,0,0,0,0,0,0,0,0,0,0,0,0,0,0,0,0,0,0
406,Shaquille O'Neal,LAL,200205140LAL,"May 14, 2002",SAS,21,18,9,22,46.67,47.81,-1.14,17,12,0,0,3,4,0,0,1,3,0,0,0,0,0,0,0,0,0,0,0,0,1,2
1495,Tim Duncan,SAS,200205140LAL,"May 14, 2002",LAL,34,23,14,29,56.67,58.3,-1.63,21,18,0,0,6,10,0,0,2,6,0,0,0,0,0,0,0,0,0,0,0,0,0,0
2225,Tony Parker,SAS,200205140LAL,"May 14, 2002",LAL,14,15,2,15,42.42,44.08,-1.66,12,8,1,0,0,0,0,0,2,6,0,0,0,0,0,0,0,0,0,0,0,0,0,0
977,Kobe Bryant,LAL,200205140LAL,"May 14, 2002",SAS,26,20,7,24,54.17,56.33,-2.16,18,18,1,0,1,2,0,0,1,3,0,0,2,1,0,0,0,0,0,0,0,0,1,2
965,Derek Fisher,LAL,200205140LAL,"May 14, 2002",SAS,8,10,2,11,29.63,36.76,-7.13,5,4,5,3,0,0,0,0,0,0,0,0,0,0,0,0,0,0,0,0,0,0,1,1
109,Robert Horry,SAS,200205140LAL,"May 14, 2002",LAL,8,8,3,9,38.1,42.92,-4.82,6,2,2,3,0,0,1,3,0,0,0,0,0,0,0,0,0,0,0,0,0,0,0,0
120,Steven Smith,LAL,200205140LAL,"May 14, 2002",SAS,0,2,0,2,0.0,0.0,0.0,0,0,2,0,0,0,0,0,0,0,0,0,0,0,0,0,0,0,0,0,0,0,0,0
296,Rick Fox,LAL,200205140LAL,"May 14, 2002",SAS,17,11,2,12,62.96,71.55,-8.59,8,10,3,6,1,1,0,0,0,0,0,0,0,0,0,0,0,0,0,0,0,0,0,0
1477,Bruce Bowen,SAS,200205140LAL,"May 14, 2002",LAL,10,8,0,8,47.62,62.5,-14.88,3,4,5,6,0,0,0,0,0,0,0,0,0,0,0,0,0,0,0,0,0,0,0,0
198,Danny Ferry,SAS,200205140LAL,"May 14, 2002",LAL,3,3,0,3,33.33,50.0,-16.67,0,0,3,3,0,0,0,0,0,0,0,0,0,0,0,0,0,0,0,0,0,0,0,0
764,David Robinson,SAS,200205140LAL,"May 14, 2002",LAL,0,3,0,3,0.0,0.0,0.0,3,0,0,0,0,0,0,0,0,0,0,0,0,0,0,0,0,0,0,0,0,0,0,0
990,Malik Rose,SAS,200205140LAL,"May 14, 2002",LAL,11,7,6,10,55.0,57.05,-2.05,7,6,0,0,3,5,0,0,0,0,0,0,0,0,0,0,0,0,0,0,0,0,0,0
955,Samaki Walker,LAL,200205140LAL,"May 14, 2002",SAS,4,2,0,2,100.0,100.0,0.0,2,4,0,0,0,0,0,0,0,0,0,0,0,0,0,0,0,0,0,0,0,0,0,0
1904,Devean George,SAS,200205140LAL,"May 14, 2002",LAL,4,7,0,7,25.0,28.57,-3.57,5,4,2,0,0,0,0,0,0,0,0,0,0,0,0,0,0,0,0,0,0,0,0,0
1498,Antonio Daniels,SAS,200205140LAL,"May 14, 2002",LAL,15,10,4,12,57.69,63.78,-6.09,8,12,2,0,1,1,0,0,0,0,0,0,0,0,0,0,0,0,0,0,0,0,1,2
216,Brian Shaw,LAL,200205140LAL,"May 14, 2002",SAS,2,1,0,1,100.0,100.0,0.0,1,2,0,0,0,0,0,0,0,0,0,0,0,0,0,0,0,0,0,0,0,0,0,0
283,Lindsey Hunter,LAL,200205140LAL,"May 14, 2002",SAS,3,1,0,1,100.0,150.0,-50.0,0,0,1,3,0,0,0,0,0,0,0,0,0,0,0,0,0,0,0,0,0,0,0,0
1496,Keith Van Horn,NJN,200205150NJN,"May 15, 2002",CHA,16,14,3,15,44.44,52.22,-7.78,8,2,5,9,1,2,0,0,1,3,0,0,0,0,0,0,0,0,0,0,0,0,0,0
922,Elden Campbell,NJN,200205150NJN,"May 15, 2002",CHA,11,9,6,12,45.83,47.25,-1.42,9,8,0,0,3,3,0,0,0,0,0,0,0,0,0,0,0,0,0,0,0,0,0,0
467,Jason Kidd,NJN,200205150NJN,"May 15, 2002",CHA,23,18,4,20,51.11,58.2,-7.09,12,14,5,3,0,0,0,0,1,3,0,0,2,3,0,0,0,0,0,0,0,0,0,0
248,George Lynch,CHA,200205150NJN,"May 15, 2002",NJN,11,9,0,9,55.0,61.11,-6.11,7,8,2,3,0,0,0,0,0,0,0,0,0,0,0,0,0,0,0,0,0,0,0,0
1884,Baron Davis,CHA,200205150NJN,"May 15, 2002",NJN,13,15,6,18,29.55,36.85,-7.3,7,4,8,6,2,3,0,0,0,0,0,0,0,0,0,0,0,0,0,0,0,0,1,0
2030,Kenyon Martin,NJN,200205150NJN,"May 15, 2002",CHA,14,12,6,15,46.67,47.81,-1.14,12,10,0,0,2,3,0,0,0,0,0,0,0,0,0,0,0,0,0,0,0,0,1,1
133,David Wesley,CHA,200205150NJN,"May 15, 2002",NJN,13,12,2,13,43.33,50.47,-7.14,8,6,4,6,1,1,0,0,0,0,0,0,0,0,0,0,0,0,0,0,0,0,0,0
954,Kerry Kittles,NJN,200205150NJN,"May 15, 2002",CHA,18,11,7,14,52.94,63.92,-10.98,5,4,5,6,0,0,0,0,1,3,0,0,0,0,0,0,0,0,0,0,0,0,3,5
136,P.J. Brown,CHA,200205150NJN,"May 15, 2002",NJN,10,7,4,9,55.56,57.08,-1.52,7,6,0,0,2,4,0,0,0,0,0,0,0,0,0,0,0,0,0,0,0,0,0,0
1928,Todd MacCulloch,NJN,200205150NJN,"May 15, 2002",CHA,2,4,1,4,22.22,22.52,-0.3,3,0,0,0,0,0,0,0,1,2,0,0,0,0,0,0,0,0,0,0,0,0,0,0
2210,Richard Jefferson,NJN,200205150NJN,"May 15, 2002",CHA,11,9,2,10,55.0,55.67,-0.67,9,10,0,0,1,1,0,0,0,0,0,0,0,0,0,0,0,0,0,0,0,0,0,0
1425,Aaron Williams,NJN,200205150NJN,"May 15, 2002",CHA,0,3,0,3,0.0,0.0,0.0,3,0,0,0,0,0,0,0,0,0,0,0,0,0,0,0,0,0,0,0,0,0,0,0
2215,Jason Collins,NJN,200205150NJN,"May 15, 2002",CHA,6,3,6,6,50.0,53.19,-3.19,3,2,0,0,2,2,0,0,0,0,0,0,0,0,0,0,0,0,0,0,0,0,1,2
2048,Jamaal Magloire,CHA,200205150NJN,"May 15, 2002",NJN,14,7,13,14,51.85,55.03,-3.18,7,6,0,0,1,2,0,0,0,0,0,0,0,0,0,0,0,0,0,0,1,0,5,6
446,Lucious Harris,NJN,200205150NJN,"May 15, 2002",CHA,11,3,8,7,78.57,84.36,-5.79,3,4,0,0,1,1,0,0,0,0,0,0,0,0,0,0,0,0,0,0,0,0,3,6
1714,Robert Traylor,CHA,200205150NJN,"May 15, 2002",NJN,2,3,0,3,33.33,33.33,0.0,3,2,0,0,0,0,0,0,0,0,0,0,0,0,0,0,0,0,0,0,0,0,0,0
1924,Lee Nailon,CHA,200205150NJN,"May 15, 2002",NJN,14,9,9,13,50.0,54.01,-4.01,7,4,1,0,3,5,0,0,1,3,0,0,0,0,0,0,0,0,0,0,0,0,1,2
1533,Anthony Johnson,NJN,200205150NJN,"May 15, 2002",CHA,2,0,2,1,100.0,113.64,-13.64,0,0,0,0,1,2,0,0,0,0,0,0,0,0,0,0,0,0,0,0,0,0,0,0
278,Stacey Augmon,CHA,200205150NJN,"May 15, 2002",NJN,7,7,2,8,43.75,44.42,-0.67,7,6,0,0,1,1,0,0,0,0,0,0,0,0,0,0,0,0,0,0,0,0,0,0
965,Derek Fisher,LAL,200205180SAC,"May 18, 2002",SAC,11,11,4,13,36.67,43.1,-6.43,7,6,4,3,0,0,0,0,0,0,0,0,0,0,0,0,0,0,0,0,0,0,2,2
57,Doug Christie,SAC,200205180SAC,"May 18, 2002",LAL,13,11,0,11,50.0,59.09,-9.09,7,10,4,3,0,0,0,0,0,0,0,0,0,0,0,0,0,0,0,0,0,0,0,0
124,Vlade Divac,SAC,200205180SAC,"May 18, 2002",LAL,12,10,4,12,50.0,51.02,-1.02,10,8,0,0,2,4,0,0,0,0,0,0,0,0,0,0,0,0,0,0,0,0,0,0
406,Shaquille O'Neal,LAL,200205180SAC,"May 18, 2002",SAC,26,21,6,23,54.17,54.99,-0.82,19,18,0,0,1,1,0,0,2,6,0,0,0,0,0,0,0,0,0,0,0,0,1,1
109,Robert Horry,LAL,200205180SAC,"May 18, 2002",SAC,18,12,5,14,51.43,63.38,-11.95,5,6,6,6,1,2,0,0,1,3,0,0,0,0,0,0,0,0,0,0,0,0,1,1
185,Chris Webber,SAC,200205180SAC,"May 18, 2002",LAL,28,25,0,25,56.0,56.0,0.0,25,28,0,0,0,0,0,0,0,0,0,0,0,0,0,0,0,0,0,0,0,0,0,0
977,Kobe Bryant,LAL,200205180SAC,"May 18, 2002",SAC,30,26,7,30,49.18,51.58,-2.4,24,24,2,0,1,2,0,0,0,0,0,0,1,0,0,0,0,0,0,0,0,0,2,4
1710,Mike Bibby,SAC,200205180SAC,"May 18, 2002",LAL,19,21,5,23,39.58,40.95,-1.37,19,12,1,0,1,2,0,0,1,3,0,0,0,0,0,0,0,0,0,0,0,0,1,2
296,Rick Fox,LAL,200205180SAC,"May 18, 2002",SAC,9,5,0,5,75.0,90.0,-15.0,3,6,2,3,0,0,0,0,0,0,0,0,0,0,0,0,0,0,0,0,0,0,0,0
2045,Hedo Turkoglu,SAC,200205180SAC,"May 18, 2002",LAL,0,8,0,8,0.0,0.0,0.0,8,0,0,0,0,0,0,0,0,0,0,0,0,0,0,0,0,0,0,0,0,0,0,0
283,Lindsey Hunter,LAL,200205180SAC,"May 18, 2002",SAC,3,4,0,4,27.27,37.5,-10.23,1,0,3,3,0,0,0,0,0,0,0,0,0,0,0,0,0,0,0,0,0,0,0,0
1904,Devean George,LAL,200205180SAC,"May 18, 2002",SAC,9,5,0,5,75.0,90.0,-15.0,3,6,2,3,0,0,0,0,0,0,0,0,0,0,0,0,0,0,0,0,0,0,0,0
1517,Bobby Jackson,SAC,200205180SAC,"May 18, 2002",LAL,21,15,4,16,60.0,62.65,-2.65,12,14,1,0,1,2,0,0,2,5,0,0,0,0,0,0,0,0,0,0,0,0,0,0
955,Samaki Walker,LAL,200205180SAC,"May 18, 2002",SAC,0,1,0,1,0.0,0.0,0.0,1,0,0,0,0,0,0,0,0,0,0,0,0,0,0,0,0,0,0,0,0,0,0,0
1513,Scot Pollard,SAC,200205180SAC,"May 18, 2002",LAL,4,3,2,4,50.0,51.55,-1.55,3,2,0,0,0,0,0,0,0,0,0,0,0,0,0,0,0,0,0,0,0,0,1,2
2222,Gerald Wallace,SAC,200205180SAC,"May 18, 2002",LAL,2,0,2,1,100.0,113.64,-13.64,0,0,0,0,1,2,0,0,0,0,0,0,0,0,0,0,0,0,0,0,0,0,0,0
216,Brian Shaw,LAL,200205180SAC,"May 18, 2002",SAC,0,1,0,1,0.0,0.0,0.0,0,0,1,0,0,0,0,0,0,0,0,0,0,0,0,0,0,0,0,0,0,0,0,0
467,Jason Kidd,NJN,200205190NJN,"May 19, 2002",BOS,18,10,10,15,54.55,62.5,-7.95,7,6,3,3,2,4,0,0,0,0,0,0,0,0,0,0,0,0,0,0,0,0,3,5
1499,Tony Battie,BOS,200205190NJN,"May 19, 2002",NJN,6,6,2,7,42.86,43.6,-0.74,6,4,0,0,1,2,0,0,0,0,0,0,0,0,0,0,0,0,0,0,0,0,0,0
1928,Todd MacCulloch,NJN,200205190NJN,"May 19, 2002",BOS,14,9,3,10,66.67,67.83,-1.16,8,10,0,0,0,0,0,0,1,2,0,0,0,0,0,0,0,0,0,0,0,0,1,2
954,Kerry Kittles,NJN,200205190NJN,"May 19, 2002",BOS,14,12,2,13,48.28,54.35,-6.07,9,12,3,0,1,2,0,0,0,0,0,0,0,0,0,0,0,0,0,0,0,0,0,0
952,Antoine Walker,BOS,200205190NJN,"May 19, 2002",NJN,27,23,6,26,44.26,52.65,-8.39,14,10,9,12,2,4,0,0,0,0,0,0,0,0,0,0,0,0,0,0,0,0,1,1
2030,Kenyon Martin,NJN,200205190NJN,"May 19, 2002",BOS,9,9,2,10,45.0,45.55,-0.55,9,8,0,0,1,1,0,0,0,0,0,0,0,0,0,0,0,0,0,0,0,0,0,0
72,Kenny Anderson,BOS,200205190NJN,"May 19, 2002",NJN,12,13,2,14,42.86,43.23,-0.37,13,10,0,0,1,2,0,0,0,0,0,0,0,0,0,0,0,0,0,0,0,0,0,0
677,Eric Williams,BOS,200205190NJN,"May 19, 2002",NJN,10,9,0,9,47.62,55.56,-7.94,6,4,3,6,0,0,0,0,0,0,0,0,0,0,0,0,0,0,0,0,0,0,0,0
1718,Paul Pierce,BOS,200205190NJN,"May 19, 2002",NJN,27,19,13,25,45.76,54.61,-8.85,11,14,8,6,3,4,1,1,0,0,0,0,0,0,0,0,0,0,0,0,0,0,2,2
1496,Keith Van Horn,NJN,200205190NJN,"May 19, 2002",BOS,14,14,0,14,42.42,50.0,-7.58,9,8,5,6,0,0,0,0,0,0,0,0,0,0,0,0,0,0,0,0,0,0,0,0
915,Rodney Rogers,BOS,200205190NJN,"May 19, 2002",NJN,7,5,2,6,43.75,59.52,-15.77,1,2,4,3,1,2,0,0,0,0,0,0,0,0,0,0,0,0,0,0,0,0,0,0
1425,Aaron Williams,NJN,200205190NJN,"May 19, 2002",BOS,10,6,4,8,62.5,64.43,-1.93,6,6,0,0,2,4,0,0,0,0,0,0,0,0,0,0,0,0,0,0,0,0,0,0
2210,Richard Jefferson,NJN,200205190NJN,"May 19, 2002",BOS,10,6,4,8,58.82,64.43,-5.61,5,6,1,0,1,2,0,0,0,0,0,0,0,0,0,0,0,0,0,0,0,0,1,2
446,Lucious Harris,NJN,200205190NJN,"May 19, 2002",BOS,10,7,2,8,55.56,63.45,-7.89,5,8,2,0,0,0,0,0,0,0,0,0,0,0,0,0,0,0,0,0,0,0,1,2
960,Tony Delk,BOS,200205190NJN,"May 19, 2002",NJN,8,8,4,10,32.0,40.98,-8.98,3,4,5,3,2,1,0,0,0,0,0,0,0,0,0,0,0,0,0,0,0,0,0,0
1533,Anthony Johnson,NJN,200205190NJN,"May 19, 2002",BOS,5,4,1,4,55.56,56.31,-0.75,3,2,0,0,0,0,0,0,1,3,0,0,0,0,0,0,0,0,0,0,0,0,0,0
124,Vlade Divac,SAC,200205200SAC,"May 20, 2002",LAL,15,13,6,16,46.88,47.95,-1.07,13,10,0,0,1,2,0,0,0,0,0,0,0,0,0,0,0,0,0,0,0,0,2,3
406,Shaquille O'Neal,LAL,200205200SAC,"May 20, 2002",SAC,35,27,11,32,53.85,54.96,-1.11,26,28,0,0,3,2,0,0,1,3,0,0,0,0,0,0,0,0,0,0,0,0,2,2
2045,Hedo Turkoglu,SAC,200205200SAC,"May 20, 2002",LAL,8,8,2,9,42.11,45.05,-2.94,7,8,1,0,0,0,0,0,0,0,0,0,0,0,0,0,0,0,0,0,0,0,1,0
185,Chris Webber,SAC,200205200SAC,"May 20, 2002",LAL,21,22,11,27,38.18,39.12,-0.94,21,16,0,0,3,1,0,0,1,3,0,0,0,0,0,0,0,0,0,0,0,0,2,1
109,Robert Horry,LAL,200205200SAC,"May 20, 2002",SAC,8,5,2,6,57.14,68.03,-10.89,3,6,2,0,1,2,0,0,0,0,0,0,0,0,0,0,0,0,0,0,0,0,0,0
1710,Mike Bibby,SAC,200205200SAC,"May 20, 2002",LAL,20,15,8,19,48.78,54.0,-5.22,12,8,3,6,3,5,0,0,0,0,0,0,0,0,0,0,0,0,0,0,0,0,1,1
977,Kobe Bryant,LAL,200205200SAC,"May 20, 2002",SAC,22,21,5,24,44.9,47.41,-2.51,19,16,2,3,1,2,0,0,0,0,0,0,1,1,0,0,0,0,0,0,0,0,1,0
57,Doug Christie,SAC,200205200SAC,"May 20, 2002",LAL,13,7,5,10,54.17,70.65,-16.48,2,0,5,9,1,2,0,0,0,0,0,0,0,0,0,0,0,0,0,0,1,1,1,1
965,Derek Fisher,LAL,200205200SAC,"May 20, 2002",SAC,4,9,2,10,15.38,20.24,-4.86,3,0,6,3,1,1,0,0,0,0,0,0,0,0,0,0,0,0,0,0,0,0,0,0
296,Rick Fox,LAL,200205200SAC,"May 20, 2002",SAC,10,9,2,10,43.48,50.61,-7.13,6,8,3,0,1,2,0,0,0,0,0,0,0,0,0,0,0,0,0,0,0,0,0,0
955,Samaki Walker,LAL,200205200SAC,"May 20, 2002",SAC,5,6,1,6,38.46,38.82,-0.36,5,2,0,0,0,0,0,0,1,3,0,0,0,0,0,0,0,0,0,0,0,0,0,0
1517,Bobby Jackson,SAC,200205200SAC,"May 20, 2002",LAL,17,9,6,12,62.96,73.02,-10.06,5,4,3,6,0,0,0,0,1,2,0,0,1,1,0,0,0,0,0,0,0,0,2,4
283,Lindsey Hunter,LAL,200205200SAC,"May 20, 2002",SAC,0,3,0,3,0.0,0.0,0.0,2,0,1,0,0,0,0,0,0,0,0,0,0,0,0,0,0,0,0,0,0,0,0,0
1904,Devean George,LAL,200205200SAC,"May 20, 2002",SAC,6,8,2,9,27.27,33.78,-6.51,4,2,4,3,1,1,0,0,0,0,0,0,0,0,0,0,0,0,0,0,0,0,0,0
1513,Scot Pollard,SAC,200205200SAC,"May 20, 2002",LAL,2,1,0,1,100.0,100.0,0.0,1,2,0,0,0,0,0,0,0,0,0,0,0,0,0,0,0,0,0,0,0,0,0,0
2058,Mark Madsen,LAL,200205200SAC,"May 20, 2002",SAC,0,1,0,1,0.0,0.0,0.0,0,0,1,0,0,0,0,0,0,0,0,0,0,0,0,0,0,0,0,0,0,0,0,0
2030,Kenyon Martin,BOS,200205210NJN,"May 21, 2002",NJN,22,16,12,22,48.89,51.69,-2.8,15,12,1,0,5,8,0,0,0,0,0,0,0,0,0,0,0,0,0,0,0,0,1,2
1718,Paul Pierce,BOS,200205210NJN,"May 21, 2002",NJN,18,20,20,30,27.69,31.25,-3.56,15,4,5,3,6,6,0,0,0,0,0,0,0,0,0,0,0,0,0,0,0,0,4,5
1499,Tony Battie,NJN,200205210NJN,"May 21, 2002",BOS,8,9,2,10,40.0,40.49,-0.49,9,8,0,0,0,0,0,0,0,0,0,0,0,0,0,0,0,0,0,0,0,0,1,0
954,Kerry Kittles,NJN,200205210NJN,"May 21, 2002",BOS,4,11,0,11,13.79,18.18,-4.39,4,4,7,0,0,0,0,0,0,0,0,0,0,0,0,0,0,0,0,0,0,0,0,0
72,Kenny Anderson,BOS,200205210NJN,"May 21, 2002",NJN,12,11,5,14,44.44,45.45,-1.01,11,8,0,0,2,3,0,0,0,0,0,0,1,1,0,0,0,0,0,0,0,0,0,0
677,Eric Williams,BOS,200205210NJN,"May 21, 2002",NJN,11,8,0,8,57.89,68.75,-10.86,5,8,3,3,0,0,0,0,0,0,0,0,0,0,0,0,0,0,0,0,0,0,0,0
952,Antoine Walker,BOS,200205210NJN,"May 21, 2002",NJN,26,32,3,33,34.67,39.02,-4.35,23,16,8,6,0,0,0,0,1,3,0,0,0,0,0,0,0,0,0,0,0,0,1,1
1928,Todd MacCulloch,NJN,200205210NJN,"May 21, 2002",BOS,3,4,4,6,25.0,26.04,-1.04,4,0,0,0,1,1,0,0,0,0,0,0,0,0,0,0,0,0,0,0,0,0,1,2
1496,Keith Van Horn,NJN,200205210NJN,"May 21, 2002",BOS,5,12,0,12,17.86,20.83,-2.97,8,2,4,3,0,0,0,0,0,0,0,0,0,0,0,0,0,0,0,0,0,0,0,0
467,Jason Kidd,NJN,200205210NJN,"May 21, 2002",BOS,23,18,8,21,45.1,53.44,-8.34,9,6,7,6,2,4,0,0,2,5,0,0,0,0,0,0,0,0,0,0,0,0,1,2
1425,Aaron Williams,NJN,200205210NJN,"May 21, 2002",BOS,16,7,8,10,72.73,76.05,-3.32,5,6,0,0,3,5,0,0,2,5,0,0,0,0,0,0,0,0,0,0,0,0,0,0
2210,Richard Jefferson,NJN,200205210NJN,"May 21, 2002",BOS,2,3,2,4,22.22,25.77,-3.55,2,2,1,0,0,0,0,0,0,0,0,0,0,0,0,0,0,0,0,0,0,0,1,0
915,Rodney Rogers,BOS,200205210NJN,"May 21, 2002",NJN,2,1,2,2,40.0,53.19,-13.19,0,0,1,0,1,2,0,0,0,0,0,0,0,0,0,0,0,0,0,0,0,0,0,0
960,Tony Delk,BOS,200205210NJN,"May 21, 2002",NJN,10,7,2,8,50.0,63.45,-13.45,3,2,4,6,1,2,0,0,0,0,0,0,0,0,0,0,0,0,0,0,0,0,0,0
962,Walter McCarty,BOS,200205210NJN,"May 21, 2002",NJN,4,3,0,3,66.67,66.67,0.0,3,4,0,0,0,0,0,0,0,0,0,0,0,0,0,0,0,0,0,0,0,0,0,0
446,Lucious Harris,NJN,200205210NJN,"May 21, 2002",BOS,11,12,0,12,40.74,45.83,-5.09,9,8,3,3,0,0,0,0,0,0,0,0,0,0,0,0,0,0,0,0,0,0,0,0
2260,Jarron Collins,BOS,200205210NJN,"May 21, 2002",NJN,0,1,0,1,0.0,0.0,0.0,1,0,0,0,0,0,0,0,0,0,0,0,0,0,0,0,0,0,0,0,0,0,0,0
1548,Mark Blount,NJN,200205210NJN,"May 21, 2002",BOS,2,0,2,1,100.0,113.64,-13.64,0,0,0,0,1,2,0,0,0,0,0,0,0,0,0,0,0,0,0,0,0,0,0,0
1065,Erick Strickland,BOS,200205210NJN,"May 21, 2002",NJN,0,2,0,2,0.0,0.0,0.0,0,0,2,0,0,0,0,0,0,0,0,0,0,0,0,0,0,0,0,0,0,0,0,0
2045,Hedo Turkoglu,SAC,200205240LAL,"May 24, 2002",LAL,14,13,4,15,43.75,47.43,-3.68,11,10,2,3,2,1,0,0,0,0,0,0,0,0,0,0,0,0,0,0,0,0,0,0
296,Rick Fox,LAL,200205240LAL,"May 24, 2002",SAC,4,9,4,11,17.39,18.59,-1.2,8,2,1,0,2,2,0,0,0,0,0,0,0,0,0,0,0,0,0,0,0,0,0,0
977,Kobe Bryant,LAL,200205240LAL,"May 24, 2002",SAC,22,24,2,25,37.29,44.21,-6.92,15,8,8,9,0,0,0,0,0,0,1,4,1,1,0,0,0,0,0,0,0,0,0,0
1710,Mike Bibby,SAC,200205240LAL,"May 24, 2002",LAL,24,14,9,18,57.14,66.82,-9.68,8,10,5,6,3,4,0,0,1,2,0,0,0,0,0,0,0,0,0,0,0,0,1,2
406,Shaquille O'Neal,LAL,200205240LAL,"May 24, 2002",SAC,20,20,6,23,43.48,44.17,-0.69,20,18,0,0,2,1,0,0,0,0,0,0,0,0,0,0,0,0,0,0,0,0,1,1
965,Derek Fisher,LAL,200205240LAL,"May 24, 2002",SAC,4,6,0,6,28.57,33.33,-4.76,4,4,2,0,0,0,0,0,0,0,0,0,0,0,0,0,0,0,0,0,0,0,0,0
185,Chris Webber,SAC,200205240LAL,"May 24, 2002",LAL,26,21,4,23,56.52,57.12,-0.6,21,24,0,0,1,1,0,0,0,0,0,0,0,0,0,0,0,0,0,0,0,0,1,1
109,Robert Horry,LAL,200205240LAL,"May 24, 2002",SAC,8,8,1,9,42.11,47.39,-5.28,6,4,2,3,0,0,0,0,0,0,0,0,1,1,0,0,0,0,0,0,0,0,0,0
124,Vlade Divac,SAC,200205240LAL,"May 24, 2002",LAL,11,11,2,12,45.83,46.3,-0.47,11,10,0,0,1,1,0,0,0,0,0,0,0,0,0,0,0,0,0,0,0,0,0,0
57,Doug Christie,SAC,200205240LAL,"May 24, 2002",LAL,17,10,8,14,48.57,62.87,-14.3,3,2,7,9,1,1,0,0,0,0,0,0,0,0,0,0,0,0,0,0,0,0,3,5
955,Samaki Walker,LAL,200205240LAL,"May 24, 2002",SAC,1,0,2,1,50.0,56.82,-6.82,0,0,0,0,1,1,0,0,0,0,0,0,0,0,0,0,0,0,0,0,0,0,0,0
1904,Devean George,LAL,200205240LAL,"May 24, 2002",SAC,7,13,0,13,21.88,26.92,-5.04,7,4,6,3,0,0,0,0,0,0,0,0,0,0,0,0,0,0,0,0,0,0,0,0
1517,Bobby Jackson,SAC,200205240LAL,"May 24, 2002",LAL,11,6,8,9,50.0,57.77,-7.77,3,4,2,0,1,2,1,3,1,2,0,0,0,0,0,0,0,0,0,0,0,0,1,0
283,Lindsey Hunter,SAC,200205240LAL,"May 24, 2002",LAL,14,11,0,11,50.0,63.64,-13.64,5,8,6,6,0,0,0,0,0,0,0,0,0,0,0,0,0,0,0,0,0,0,0,0
1513,Scot Pollard,SAC,200205240LAL,"May 24, 2002",LAL,0,2,0,2,0.0,0.0,0.0,2,0,0,0,0,0,0,0,0,0,0,0,0,0,0,0,0,0,0,0,0,0,0,0
216,Brian Shaw,LAL,200205240LAL,"May 24, 2002",SAC,10,10,0,10,40.0,50.0,-10.0,5,4,5,6,0,0,0,0,0,0,0,0,0,0,0,0,0,0,0,0,0,0,0,0
952,Antoine Walker,BOS,200205250BOS,"May 25, 2002",NJN,23,18,6,21,51.11,55.72,-4.61,15,12,3,6,2,3,0,0,0,0,0,0,0,0,0,0,0,0,0,0,0,0,1,2
677,Eric Williams,BOS,200205250BOS,"May 25, 2002",NJN,5,5,4,7,29.41,36.98,-7.57,2,2,3,0,2,3,0,0,0,0,0,0,0,0,0,0,0,0,0,0,0,0,0,0
1496,Keith Van Horn,BOS,200205250BOS,"May 25, 2002",NJN,6,6,0,6,46.15,50.0,-3.85,5,6,1,0,0,0,0,0,0,0,0,0,0,0,0,0,0,0,0,0,0,0,0,0
2030,Kenyon Martin,NJN,200205250BOS,"May 25, 2002",BOS,12,12,2,13,44.44,46.58,-2.14,11,8,1,3,1,1,0,0,0,0,0,0,0,0,0,0,0,0,0,0,0,0,0,0
2210,Richard Jefferson,NJN,200205250BOS,"May 25, 2002",BOS,8,10,2,11,36.36,36.76,-0.4,10,8,0,0,1,0,0,0,0,0,0,0,0,0,0,0,0,0,0,0,0,0,0,0
954,Kerry Kittles,NJN,200205250BOS,"May 25, 2002",BOS,19,20,4,22,37.25,43.66,-6.41,13,16,7,0,2,3,0,0,0,0,0,0,0,0,0,0,0,0,0,0,0,0,0,0
1718,Paul Pierce,BOS,200205250BOS,"May 25, 2002",NJN,28,21,15,28,45.16,50.72,-5.56,15,14,5,0,2,3,0,0,1,3,0,0,0,0,0,0,0,0,0,0,0,0,5,8
1928,Todd MacCulloch,NJN,200205250BOS,"May 25, 2002",BOS,5,3,2,4,62.5,64.43,-1.93,3,4,0,0,1,1,0,0,0,0,0,0,0,0,0,0,0,0,0,0,0,0,0,0
467,Jason Kidd,NJN,200205250BOS,"May 25, 2002",BOS,12,16,1,17,30.0,36.5,-6.5,9,12,7,0,0,0,0,0,0,0,0,0,1,0,0,0,0,0,0,0,0,0,0,0
72,Kenny Anderson,BOS,200205250BOS,"May 25, 2002",NJN,15,13,4,15,50.0,50.81,-0.81,13,12,0,0,1,1,0,0,0,0,0,0,0,0,0,0,0,0,0,0,0,0,1,2
1499,Tony Battie,BOS,200205250BOS,"May 25, 2002",NJN,6,8,2,9,33.33,33.78,-0.45,8,4,0,0,1,2,0,0,0,0,0,0,0,0,0,0,0,0,0,0,0,0,0,0
962,Walter McCarty,BOS,200205250BOS,"May 25, 2002",NJN,0,2,0,2,0.0,0.0,0.0,0,0,2,0,0,0,0,0,0,0,0,0,0,0,0,0,0,0,0,0,0,0,0,0
915,Rodney Rogers,BOS,200205250BOS,"May 25, 2002",NJN,10,4,6,7,71.43,75.3,-3.87,4,4,0,0,2,4,0,0,0,0,0,0,0,0,0,0,0,0,0,0,0,0,1,2
1425,Aaron Williams,NJN,200205250BOS,"May 25, 2002",BOS,18,8,7,11,78.26,81.23,-2.97,7,10,0,0,3,5,0,0,1,3,0,0,0,0,0,0,0,0,0,0,0,0,0,0
960,Tony Delk,BOS,200205250BOS,"May 25, 2002",NJN,7,7,2,8,36.84,44.42,-7.58,4,2,3,3,1,2,0,0,0,0,0,0,0,0,0,0,0,0,0,0,0,0,0,0
446,Lucious Harris,NJN,200205250BOS,"May 25, 2002",BOS,10,9,0,9,47.62,55.56,-7.94,6,4,3,6,0,0,0,0,0,0,0,0,0,0,0,0,0,0,0,0,0,0,0,0
1533,Anthony Johnson,NJN,200205250BOS,"May 25, 2002",BOS,0,2,0,2,0.0,0.0,0.0,1,0,1,0,0,0,0,0,0,0,0,0,0,0,0,0,0,0,0,0,0,0,0,0
406,Shaquille O'Neal,LAL,200205260LAL,"May 26, 2002",SAC,27,22,13,28,47.37,48.7,-1.33,21,16,0,0,6,8,0,0,1,3,0,0,0,0,0,0,0,0,0,0,0,0,0,0
57,Doug Christie,SAC,200205260LAL,"May 26, 2002",LAL,8,7,2,8,38.1,50.76,-12.66,2,4,5,3,0,0,0,0,0,0,0,0,0,0,0,0,0,0,0,0,0,0,1,1
965,Derek Fisher,LAL,200205260LAL,"May 26, 2002",SAC,9,14,0,14,25.71,32.14,-6.43,7,6,7,3,0,0,0,0,0,0,0,0,0,0,0,0,0,0,0,0,0,0,0,0
185,Chris Webber,SAC,200205260LAL,"May 26, 2002",LAL,20,16,2,17,57.14,59.24,-2.1,15,18,1,0,1,2,0,0,0,0,0,0,0,0,0,0,0,0,0,0,0,0,0,0
2045,Hedo Turkoglu,SAC,200205260LAL,"May 26, 2002",LAL,18,15,0,15,51.43,60.0,-8.57,10,12,5,6,0,0,0,0,0,0,0,0,0,0,0,0,0,0,0,0,0,0,0,0
977,Kobe Bryant,LAL,200205260LAL,"May 26, 2002",SAC,25,26,3,28,44.64,45.75,-1.11,25,24,1,0,0,0,0,0,0,0,0,0,1,0,0,0,0,0,0,0,0,0,1,1
296,Rick Fox,LAL,200205260LAL,"May 26, 2002",SAC,4,4,1,4,40.0,45.05,-5.05,2,2,1,0,0,0,0,0,1,2,0,0,0,0,0,0,0,0,0,0,0,0,0,0
109,Robert Horry,LAL,200205260LAL,"May 26, 2002",SAC,18,7,6,10,72.0,93.36,-21.36,2,4,5,9,2,3,0,0,0,0,0,0,0,0,0,0,0,0,0,0,0,0,1,2
1710,Mike Bibby,SAC,200205260LAL,"May 26, 2002",LAL,21,16,4,18,55.26,59.12,-3.86,14,16,2,3,1,1,0,0,0,0,0,0,0,0,0,0,0,0,0,0,0,0,1,1
124,Vlade Divac,LAL,200205260LAL,"May 26, 2002",SAC,23,11,12,17,67.65,70.64,-2.99,11,14,0,0,3,5,0,0,0,0,0,0,0,0,0,0,0,0,0,0,0,0,3,4
1904,Devean George,LAL,200205260LAL,"May 26, 2002",SAC,9,11,4,13,31.03,35.27,-4.24,8,6,3,0,0,0,0,0,0,0,0,0,0,0,0,0,0,0,0,0,0,0,2,3
216,Brian Shaw,LAL,200205260LAL,"May 26, 2002",SAC,0,3,0,3,0.0,0.0,0.0,1,0,2,0,0,0,0,0,0,0,0,0,0,0,0,0,0,0,0,0,0,0,0,0
1517,Bobby Jackson,SAC,200205260LAL,"May 26, 2002",LAL,9,12,4,14,26.47,32.7,-6.23,6,2,6,3,1,2,0,0,0,0,0,0,0,0,0,0,0,0,0,0,0,0,1,2
955,Samaki Walker,LAL,200205260LAL,"May 26, 2002",SAC,3,2,0,2,60.0,75.0,-15.0,1,0,1,3,0,0,0,0,0,0,0,0,0,0,0,0,0,0,0,0,0,0,0,0
1513,Scot Pollard,SAC,200205260LAL,"May 26, 2002",LAL,0,1,2,2,0.0,0.0,0.0,1,0,0,0,1,0,0,0,0,0,0,0,0,0,0,0,0,0,0,0,0,0,0,0
283,Lindsey Hunter,LAL,200205260LAL,"May 26, 2002",SAC,5,8,0,8,22.73,31.25,-8.52,2,2,6,3,0,0,0,0,0,0,0,0,0,0,0,0,0,0,0,0,0,0,0,0
2030,Kenyon Martin,NJN,200205270BOS,"May 27, 2002",BOS,8,13,6,16,25.0,25.58,-0.58,13,6,0,0,2,2,0,0,0,0,0,0,0,0,0,0,0,0,0,0,0,0,1,0
952,Antoine Walker,BOS,200205270BOS,"May 27, 2002",NJN,30,17,9,21,60.0,71.56,-11.56,9,12,7,9,4,6,0,0,1,3,0,0,0,0,0,0,0,0,0,0,0,0,0,0
467,Jason Kidd,NJN,200205270BOS,"May 27, 2002",BOS,19,15,5,18,47.5,55.23,-7.73,10,8,5,6,2,4,0,0,0,0,0,0,1,1,0,0,0,0,0,0,0,0,0,0
1718,Paul Pierce,BOS,200205270BOS,"May 27, 2002",NJN,31,21,15,28,50.82,56.16,-5.34,16,16,4,3,5,7,0,0,1,3,0,0,0,0,0,0,0,0,0,0,0,0,2,2
1496,Keith Van Horn,NJN,200205270BOS,"May 27, 2002",BOS,21,17,6,20,44.68,53.46,-8.78,10,8,7,9,1,2,0,0,0,0,0,0,0,0,0,0,0,0,0,0,0,0,2,2
677,Eric Williams,BOS,200205270BOS,"May 27, 2002",NJN,0,5,0,5,0.0,0.0,0.0,3,0,2,0,0,0,0,0,0,0,0,0,0,0,0,0,0,0,0,0,0,0,0,0
954,Kerry Kittles,NJN,200205270BOS,"May 27, 2002",BOS,22,17,0,17,53.66,64.71,-11.05,10,10,7,12,0,0,0,0,0,0,0,0,0,0,0,0,0,0,0,0,0,0,0,0
72,Kenny Anderson,BOS,200205270BOS,"May 27, 2002",NJN,11,16,2,17,32.35,32.58,-0.23,16,10,0,0,1,1,0,0,0,0,0,0,0,0,0,0,0,0,0,0,0,0,0,0
1928,Todd MacCulloch,NJN,200205270BOS,"May 27, 2002",BOS,5,3,1,3,71.43,72.67,-1.24,2,2,0,0,0,0,0,0,1,3,0,0,0,0,0,0,0,0,0,0,0,0,0,0
1499,Tony Battie,BOS,200205270BOS,"May 27, 2002",NJN,6,4,0,4,75.0,75.0,0.0,4,6,0,0,0,0,0,0,0,0,0,0,0,0,0,0,0,0,0,0,0,0,0,0
915,Rodney Rogers,BOS,200205270BOS,"May 27, 2002",NJN,12,8,8,12,42.86,52.08,-9.22,4,4,4,3,3,4,0,0,0,0,0,0,0,0,0,0,0,0,0,0,0,0,1,1
962,Walter McCarty,BOS,200205270BOS,"May 27, 2002",NJN,0,1,0,1,0.0,0.0,0.0,1,0,0,0,0,0,0,0,0,0,0,0,0,0,0,0,0,0,0,0,0,0,0,0
960,Tony Delk,BOS,200205270BOS,"May 27, 2002",NJN,2,6,0,6,13.33,16.67,-3.34,3,2,3,0,0,0,0,0,0,0,0,0,0,0,0,0,0,0,0,0,0,0,0,0
1425,Aaron Williams,NJN,200205270BOS,"May 27, 2002",BOS,6,4,3,5,54.55,56.39,-1.84,3,2,0,0,1,2,0,0,1,2,0,0,0,0,0,0,0,0,0,0,0,0,0,0
446,Lucious Harris,NJN,200205270BOS,"May 27, 2002",BOS,12,7,6,10,54.55,62.24,-7.69,5,4,2,3,3,5,0,0,0,0,0,0,0,0,0,0,0,0,0,0,0,0,0,0
2210,Richard Jefferson,NJN,200205270BOS,"May 27, 2002",BOS,1,2,2,3,16.67,17.36,-0.69,2,0,0,0,1,1,0,0,0,0,0,0,0,0,0,0,0,0,0,0,0,0,0,0
977,Kobe Bryant,LAL,200205280SAC,"May 28, 2002",SAC,30,29,11,34,42.25,44.33,-2.08,26,20,2,0,5,7,0,0,1,3,0,0,0,0,0,0,0,0,0,0,0,0,0,0
124,Vlade Divac,SAC,200205280SAC,"May 28, 2002",LAL,13,10,10,15,43.33,45.14,-1.81,10,8,0,0,4,4,0,0,0,0,0,0,0,0,0,0,0,0,0,0,0,0,1,1
406,Shaquille O'Neal,LAL,200205280SAC,"May 28, 2002",SAC,28,18,1,18,75.68,75.92,-0.24,17,26,0,0,0,0,0,0,1,2,0,0,0,0,0,0,0,0,0,0,0,0,0,0
1710,Mike Bibby,SAC,200205280SAC,"May 28, 2002",LAL,23,17,6,20,52.27,58.55,-6.28,13,16,4,3,1,2,0,0,0,0,0,0,0,0,0,0,0,0,0,0,0,0,2,2
109,Robert Horry,LAL,200205280SAC,"May 28, 2002",SAC,4,4,2,5,30.77,40.98,-10.21,1,0,3,3,1,1,0,0,0,0,0,0,0,0,0,0,0,0,0,0,0,0,0,0
185,Chris Webber,SAC,200205280SAC,"May 28, 2002",LAL,29,23,9,27,51.79,53.78,-1.99,21,22,1,0,3,5,0,0,1,2,0,0,0,0,0,0,0,0,0,0,0,0,1,0
965,Derek Fisher,LAL,200205280SAC,"May 28, 2002",SAC,8,10,3,12,28.57,35.34,-6.77,5,2,5,3,0,0,0,0,0,0,0,0,1,1,0,0,0,0,0,0,0,0,1,2
57,Doug Christie,SAC,200205280SAC,"May 28, 2002",LAL,8,4,4,6,61.54,69.44,-7.9,3,4,1,0,1,2,0,0,0,0,0,0,0,0,0,0,0,0,0,0,0,0,1,2
2045,Hedo Turkoglu,SAC,200205280SAC,"May 28, 2002",LAL,13,10,2,11,56.52,59.74,-3.22,9,8,1,3,1,2,0,0,0,0,0,0,0,0,0,0,0,0,0,0,0,0,0,0
296,Rick Fox,SAC,200205280SAC,"May 28, 2002",LAL,16,9,2,10,66.67,80.97,-14.3,5,8,4,6,0,0,0,0,0,0,0,0,0,0,0,0,0,0,0,0,0,0,1,2
978,Peja Stojakovic,SAC,200205280SAC,"May 28, 2002",LAL,2,3,2,4,22.22,25.77,-3.55,2,0,1,0,1,2,0,0,0,0,0,0,0,0,0,0,0,0,0,0,0,0,0,0
1517,Bobby Jackson,SAC,200205280SAC,"May 28, 2002",LAL,4,5,0,5,36.36,40.0,-3.64,4,4,1,0,0,0,0,0,0,0,0,0,0,0,0,0,0,0,0,0,0,0,0,0
955,Samaki Walker,LAL,200205280SAC,"May 28, 2002",SAC,2,2,2,3,33.33,34.72,-1.39,2,0,0,0,0,0,0,0,0,0,0,0,0,0,0,0,0,0,0,0,0,0,1,2
283,Lindsey Hunter,LAL,200205280SAC,"May 28, 2002",SAC,0,2,0,2,0.0,0.0,0.0,0,0,2,0,0,0,0,0,0,0,0,0,0,0,0,0,0,0,0,0,0,0,0,0
1904,Devean George,LAL,200205280SAC,"May 28, 2002",SAC,0,2,0,2,0.0,0.0,0.0,1,0,1,0,0,0,0,0,0,0,0,0,0,0,0,0,0,0,0,0,0,0,0,0
782,Mitch Richmond,LAL,200205280SAC,"May 28, 2002",SAC,1,0,2,1,50.0,56.82,-6.82,0,0,0,0,1,1,0,0,0,0,0,0,0,0,0,0,0,0,0,0,0,0,0,0
2098,Slava Medvedenko,LAL,200205280SAC,"May 28, 2002",SAC,2,2,0,2,50.0,50.0,0.0,2,2,0,0,0,0,0,0,0,0,0,0,0,0,0,0,0,0,0,0,0,0,0,0
1496,Keith Van Horn,NJN,200205290NJN,"May 29, 2002",BOS,19,15,3,16,47.5,58.21,-10.71,7,2,7,12,0,0,0,0,1,3,0,0,0,0,0,0,0,0,0,0,0,0,1,2
1718,Paul Pierce,BOS,200205290NJN,"May 29, 2002",NJN,24,13,12,19,51.06,65.65,-14.59,4,6,9,6,6,12,0,0,0,0,0,0,0,0,0,0,0,0,0,0,0,0,0,0
467,Jason Kidd,NJN,200205290NJN,"May 29, 2002",BOS,18,14,5,17,50.0,55.56,-5.56,10,14,3,0,1,1,0,0,1,2,0,0,2,1,0,0,0,0,0,0,0,0,0,0
677,Eric Williams,NJN,200205290NJN,"May 29, 2002",BOS,0,1,0,1,0.0,0.0,0.0,1,0,0,0,0,0,0,0,0,0,0,0,0,0,0,0,0,0,0,0,0,0,0,0
954,Kerry Kittles,NJN,200205290NJN,"May 29, 2002",BOS,21,14,4,16,58.33,66.62,-8.29,10,12,4,6,2,3,0,0,0,0,0,0,0,0,0,0,0,0,0,0,0,0,0,0
72,Kenny Anderson,BOS,200205290NJN,"May 29, 2002",NJN,8,13,0,13,30.77,30.77,0.0,13,8,0,0,0,0,0,0,0,0,0,0,0,0,0,0,0,0,0,0,0,0,0,0
1928,Todd MacCulloch,NJN,200205290NJN,"May 29, 2002",BOS,4,5,0,5,40.0,40.0,0.0,5,4,0,0,0,0,0,0,0,0,0,0,0,0,0,0,0,0,0,0,0,0,0,0
952,Antoine Walker,BOS,200205290NJN,"May 29, 2002",NJN,13,20,2,21,27.08,31.13,-4.05,14,6,6,6,1,1,0,0,0,0,0,0,0,0,0,0,0,0,0,0,0,0,0,0
2030,Kenyon Martin,NJN,200205290NJN,"May 29, 2002",BOS,19,18,7,21,44.19,45.07,-0.88,17,12,0,0,3,5,0,0,1,2,0,0,0,0,0,0,0,0,0,0,0,0,0,0
1499,Tony Battie,BOS,200205290NJN,"May 29, 2002",NJN,8,5,4,7,57.14,59.17,-2.03,5,6,0,0,2,2,0,0,0,0,0,0,0,0,0,0,0,0,0,0,0,0,0,0
960,Tony Delk,BOS,200205290NJN,"May 29, 2002",NJN,6,7,0,7,33.33,42.86,-9.53,3,0,4,6,0,0,0,0,0,0,0,0,0,0,0,0,0,0,0,0,0,0,0,0
962,Walter McCarty,BOS,200205290NJN,"May 29, 2002",NJN,0,3,0,3,0.0,0.0,0.0,0,0,3,0,0,0,0,0,0,0,0,0,0,0,0,0,0,0,0,0,0,0,0,0
915,Rodney Rogers,BOS,200205290NJN,"May 29, 2002",NJN,20,9,4,11,74.07,92.94,-18.87,4,4,5,12,2,4,0,0,0,0,0,0,0,0,0,0,0,0,0,0,0,0,0,0
1425,Aaron Williams,NJN,200205290NJN,"May 29, 2002",BOS,4,2,0,2,100.0,100.0,0.0,2,4,0,0,0,0,0,0,0,0,0,0,0,0,0,0,0,0,0,0,0,0,0,0
2210,Richard Jefferson,NJN,200205290NJN,"May 29, 2002",BOS,3,2,2,3,50.0,52.08,-2.08,2,2,0,0,0,0,0,0,0,0,0,0,0,0,1,1,0,0,0,0,0,0,0,0
446,Lucious Harris,NJN,200205290NJN,"May 29, 2002",BOS,8,5,6,8,47.06,52.36,-5.3,4,4,1,0,1,2,0,0,0,0,0,0,0,0,0,0,0,0,0,0,0,0,2,2
1065,Erick Strickland,BOS,200205290NJN,"May 29, 2002",NJN,13,10,5,12,43.33,53.28,-9.95,4,6,5,0,2,4,0,0,1,3,0,0,0,0,0,0,0,0,0,0,0,0,0,0
1533,Anthony Johnson,NJN,200205290NJN,"May 29, 2002",BOS,0,1,0,1,0.0,0.0,0.0,1,0,0,0,0,0,0,0,0,0,0,0,0,0,0,0,0,0,0,0,0,0,0,0
2215,Jason Collins,NJN,200205290NJN,"May 29, 2002",BOS,7,1,10,6,58.33,64.81,-6.48,1,0,0,0,2,3,0,0,0,0,0,0,0,0,0,0,0,0,0,0,0,0,3,4
681,Donny Marshall,NJN,200205290NJN,"May 29, 2002",BOS,0,2,0,2,0.0,0.0,0.0,0,0,2,0,0,0,0,0,0,0,0,0,0,0,0,0,0,0,0,0,0,0,0,0
1496,Keith Van Horn,NJN,200205310BOS,"May 31, 2002",BOS,11,8,6,11,42.31,51.69,-9.38,4,4,4,3,2,4,0,0,0,0,0,0,0,0,0,0,0,0,0,0,0,0,1,0
467,Jason Kidd,NJN,200205310BOS,"May 31, 2002",BOS,15,18,5,20,34.88,37.13,-2.25,15,10,2,0,0,0,0,0,1,2,0,0,0,0,0,0,0,0,0,0,0,0,2,3
952,Antoine Walker,BOS,200205310BOS,"May 31, 2002",NJN,16,20,4,22,30.19,36.76,-6.57,11,12,9,3,1,1,0,0,0,0,0,0,0,0,0,0,0,0,0,0,0,0,1,0
954,Kerry Kittles,NJN,200205310BOS,"May 31, 2002",BOS,9,7,2,8,50.0,57.11,-7.11,5,8,2,0,1,1,0,0,0,0,0,0,0,0,0,0,0,0,0,0,0,0,0,0
72,Kenny Anderson,BOS,200205310BOS,"May 31, 2002",NJN,18,14,3,15,58.06,58.75,-0.69,13,14,0,0,1,2,0,0,1,2,0,0,0,0,0,0,0,0,0,0,0,0,0,0
677,Eric Williams,NJN,200205310BOS,"May 31, 2002",BOS,11,4,3,5,91.67,103.38,-11.71,2,4,1,3,1,1,0,0,1,3,0,0,0,0,0,0,0,0,0,0,0,0,0,0
1928,Todd MacCulloch,NJN,200205310BOS,"May 31, 2002",BOS,11,6,4,8,68.75,70.88,-2.13,6,8,0,0,2,3,0,0,0,0,0,0,0,0,0,0,0,0,0,0,0,0,0,0
1718,Paul Pierce,BOS,200205310BOS,"May 31, 2002",NJN,14,16,4,17,32.56,39.41,-6.85,7,2,7,6,1,2,0,0,2,4,0,0,0,0,0,0,0,0,0,0,0,0,0,0
1499,Tony Battie,BOS,200205310BOS,"May 31, 2002",NJN,0,1,2,2,0.0,0.0,0.0,1,0,0,0,1,0,0,0,0,0,0,0,0,0,0,0,0,0,0,0,0,0,0,0
2030,Kenyon Martin,NJN,200205310BOS,"May 31, 2002",BOS,16,17,8,21,38.1,38.99,-0.89,17,10,0,0,2,2,0,0,0,0,0,0,0,0,0,0,0,0,0,0,0,0,2,4
915,Rodney Rogers,BOS,200205310BOS,"May 31, 2002",NJN,13,8,2,9,61.9,73.2,-11.3,5,8,3,3,1,2,0,0,0,0,0,0,0,0,0,0,0,0,0,0,0,0,0,0
1425,Aaron Williams,NJN,200205310BOS,"May 31, 2002",BOS,5,2,1,2,100.0,102.46,-2.46,1,2,0,0,0,0,0,0,1,3,0,0,0,0,0,0,0,0,0,0,0,0,0,0
2210,Richard Jefferson,NJN,200205310BOS,"May 31, 2002",BOS,15,12,4,14,53.57,54.51,-0.94,12,12,0,0,2,3,0,0,0,0,0,0,0,0,0,0,0,0,0,0,0,0,0,0
962,Walter McCarty,BOS,200205310BOS,"May 31, 2002",NJN,2,3,0,3,25.0,33.33,-8.33,1,2,2,0,0,0,0,0,0,0,0,0,0,0,0,0,0,0,0,0,0,0,0,0
1065,Erick Strickland,BOS,200205310BOS,"May 31, 2002",NJN,14,13,4,15,36.84,47.43,-10.59,5,4,8,6,2,4,0,0,0,0,0,0,0,0,0,0,0,0,0,0,0,0,0,0
446,Lucious Harris,NJN,200205310BOS,"May 31, 2002",BOS,12,5,0,5,100.0,120.0,-20.0,3,6,2,6,0,0,0,0,0,0,0,0,0,0,0,0,0,0,0,0,0,0,0,0
1533,Anthony Johnson,NJN,200205310BOS,"May 31, 2002",BOS,2,1,0,1,100.0,100.0,0.0,1,2,0,0,0,0,0,0,0,0,0,0,0,0,0,0,0,0,0,0,0,0,0,0
57,Doug Christie,SAC,200205310LAL,"May 31, 2002",LAL,5,6,0,6,33.33,41.67,-8.34,3,2,3,3,0,0,0,0,0,0,0,0,0,0,0,0,0,0,0,0,0,0,0,0
406,Shaquille O'Neal,LAL,200205310LAL,"May 31, 2002",SAC,41,25,17,32,61.19,63.12,-1.93,22,22,0,0,4,6,0,0,3,9,0,0,0,0,0,0,0,0,0,0,0,0,3,4
124,Vlade Divac,SAC,200205310LAL,"May 31, 2002",LAL,12,16,1,16,34.29,36.5,-2.21,13,6,2,3,0,0,0,0,1,3,0,0,0,0,0,0,0,0,0,0,0,0,0,0
185,Chris Webber,SAC,200205310LAL,"May 31, 2002",LAL,26,22,5,24,53.06,53.72,-0.66,21,22,0,0,2,2,0,0,1,2,0,0,0,0,0,0,0,0,0,0,0,0,0,0
109,Robert Horry,LAL,200205310LAL,"May 31, 2002",SAC,8,5,4,7,44.44,59.17,-14.73,1,2,4,3,0,0,0,0,0,0,0,0,0,0,0,0,0,0,0,0,0,0,2,3
977,Kobe Bryant,LAL,200205310LAL,"May 31, 2002",SAC,31,20,11,26,60.78,62.4,-1.62,18,16,0,0,1,2,0,0,2,6,0,0,2,2,0,0,1,1,0,0,0,0,2,4
965,Derek Fisher,SAC,200205310LAL,"May 31, 2002",LAL,5,5,0,5,38.46,50.0,-11.54,2,2,3,3,0,0,0,0,0,0,0,0,0,0,0,0,0,0,0,0,0,0,0,0
1710,Mike Bibby,SAC,200205310LAL,"May 31, 2002",LAL,23,20,8,24,42.59,48.89,-6.3,14,10,6,6,3,5,0,0,0,0,0,0,0,0,0,0,0,0,0,0,0,0,1,2
2045,Hedo Turkoglu,SAC,200205310LAL,"May 31, 2002",LAL,12,9,6,12,44.44,51.55,-7.11,6,4,3,3,2,3,0,0,0,0,0,0,0,0,0,0,0,0,0,0,0,0,1,2
296,Rick Fox,LAL,200205310LAL,"May 31, 2002",SAC,11,7,4,9,50.0,62.79,-12.79,3,4,4,3,1,2,0,0,0,0,0,0,0,0,0,0,0,0,0,0,0,0,1,2
283,Lindsey Hunter,LAL,200205310LAL,"May 31, 2002",SAC,3,4,0,4,30.0,37.5,-7.5,2,0,2,3,0,0,0,0,0,0,0,0,0,0,0,0,0,0,0,0,0,0,0,0
978,Peja Stojakovic,SAC,200205310LAL,"May 31, 2002",LAL,10,8,3,9,45.45,53.65,-8.2,4,4,3,3,1,0,0,0,1,3,0,0,0,0,0,0,0,0,0,0,0,0,0,0
216,Brian Shaw,LAL,200205310LAL,"May 31, 2002",SAC,4,5,0,5,33.33,40.0,-6.67,3,4,2,0,0,0,0,0,0,0,0,0,0,0,0,0,0,0,0,0,0,0,0,0
1517,Bobby Jackson,SAC,200205310LAL,"May 31, 2002",LAL,10,7,0,7,62.5,71.43,-8.93,5,4,2,6,0,0,0,0,0,0,0,0,0,0,0,0,0,0,0,0,0,0,0,0
1513,Scot Pollard,SAC,200205310LAL,"May 31, 2002",LAL,2,4,0,4,25.0,25.0,0.0,4,2,0,0,0,0,0,0,0,0,0,0,0,0,0,0,0,0,0,0,0,0,0,0
1904,Devean George,SAC,200205310LAL,"May 31, 2002",LAL,1,1,2,2,25.0,26.6,-1.6,1,0,0,0,1,1,0,0,0,0,0,0,0,0,0,0,0,0,0,0,0,0,0,0
955,Samaki Walker,LAL,200205310LAL,"May 31, 2002",SAC,2,1,2,2,50.0,53.19,-3.19,1,0,0,0,1,2,0,0,0,0,0,0,0,0,0,0,0,0,0,0,0,0,0,0
2098,Slava Medvedenko,LAL,200205310LAL,"May 31, 2002",SAC,0,1,0,1,0.0,0.0,0.0,1,0,0,0,0,0,0,0,0,0,0,0,0,0,0,0,0,0,0,0,0,0,0,0
1444,Lawrence Funderburke,SAC,200205310LAL,"May 31, 2002",LAL,2,0,2,1,100.0,113.64,-13.64,0,0,0,0,1,2,0,0,0,0,0,0,0,0,0,0,0,0,0,0,0,0,0,0
1710,Mike Bibby,SAC,200206020SAC,"Jun 2, 2002",LAL,29,25,8,29,46.03,50.84,-4.81,20,20,5,3,0,0,0,0,0,0,0,0,0,0,0,0,0,0,0,0,0,0,4,6
965,Derek Fisher,LAL,200206020SAC,"Jun 2, 2002",SAC,13,11,4,13,43.33,50.94,-7.61,7,6,4,3,1,2,0,0,0,0,0,0,0,0,0,0,0,0,0,0,0,0,1,2
296,Rick Fox,LAL,200206020SAC,"Jun 2, 2002",SAC,13,12,2,13,48.15,50.47,-2.32,11,8,1,3,1,2,0,0,0,0,0,0,0,0,0,0,0,0,0,0,0,0,0,0
185,Chris Webber,SAC,200206020SAC,"Jun 2, 2002",LAL,20,21,4,23,42.55,43.94,-1.39,20,18,1,0,2,2,0,0,0,0,0,0,0,0,0,0,0,0,0,0,0,0,0,0
57,Doug Christie,SAC,200206020SAC,"Jun 2, 2002",LAL,4,11,1,11,15.38,17.48,-2.1,7,2,3,0,0,0,0,0,1,2,0,0,0,0,0,0,0,0,0,0,0,0,0,0
406,Shaquille O'Neal,LAL,200206020SAC,"Jun 2, 2002",SAC,35,25,15,31,53.85,55.38,-1.53,22,18,0,0,4,5,0,0,3,9,0,0,0,0,0,0,0,0,0,0,0,0,2,3
977,Kobe Bryant,LAL,200206020SAC,"Jun 2, 2002",SAC,30,26,10,31,46.15,49.34,-3.19,22,14,3,6,2,3,0,0,1,3,0,0,1,1,0,0,0,0,0,0,0,0,2,3
2045,Hedo Turkoglu,LAL,200206020SAC,"Jun 2, 2002",SAC,10,7,4,9,50.0,57.08,-7.08,5,6,2,3,1,0,0,0,0,0,0,0,0,0,0,0,0,0,0,0,0,0,1,1
124,Vlade Divac,SAC,200206020SAC,"Jun 2, 2002",LAL,15,7,10,12,62.5,65.79,-3.29,7,10,0,0,4,4,0,0,0,0,0,0,0,0,0,0,0,0,0,0,0,0,1,1
109,Robert Horry,LAL,200206020SAC,"Jun 2, 2002",SAC,16,17,2,18,37.21,44.74,-7.53,10,8,7,6,1,2,0,0,0,0,0,0,0,0,0,0,0,0,0,0,0,0,0,0
978,Peja Stojakovic,SAC,200206020SAC,"Jun 2, 2002",LAL,8,12,2,13,25.0,31.06,-6.06,6,6,6,0,1,2,0,0,0,0,0,0,0,0,0,0,0,0,0,0,0,0,0,0
1513,Scot Pollard,SAC,200206020SAC,"Jun 2, 2002",LAL,8,5,1,5,72.73,73.53,-0.8,4,6,0,0,0,0,0,0,1,2,0,0,0,0,0,0,0,0,0,0,0,0,0,0
1517,Bobby Jackson,SAC,200206020SAC,"Jun 2, 2002",LAL,12,9,0,9,57.14,66.67,-9.53,6,12,3,0,0,0,0,0,0,0,0,0,0,0,0,0,0,0,0,0,0,0,0,0
283,Lindsey Hunter,LAL,200206020SAC,"Jun 2, 2002",SAC,3,1,0,1,100.0,150.0,-50.0,0,0,1,3,0,0,0,0,0,0,0,0,0,0,0,0,0,0,0,0,0,0,0,0
216,Brian Shaw,LAL,200206020SAC,"Jun 2, 2002",SAC,0,1,0,1,0.0,0.0,0.0,0,0,1,0,0,0,0,0,0,0,0,0,0,0,0,0,0,0,0,0,0,0,0,0
2098,Slava Medvedenko,LAL,200206020SAC,"Jun 2, 2002",SAC,2,1,0,1,100.0,100.0,0.0,1,2,0,0,0,0,0,0,0,0,0,0,0,0,0,0,0,0,0,0,0,0,0,0
406,Shaquille O'Neal,LAL,200206050LAL,"Jun 5, 2002",NJN,36,22,21,32,55.38,57.62,-2.24,21,22,0,0,4,6,0,0,1,2,0,0,0,0,0,0,0,0,0,0,0,0,6,6
296,Rick Fox,LAL,200206050LAL,"Jun 5, 2002",NJN,14,8,6,11,60.87,65.79,-4.92,7,10,1,0,1,1,0,0,0,0,0,0,0,0,0,0,0,0,0,0,0,0,2,3
965,Derek Fisher,LAL,200206050LAL,"Jun 5, 2002",NJN,13,7,4,9,65.0,74.2,-9.2,5,6,2,3,0,0,0,0,0,0,0,0,0,0,0,0,0,0,0,0,0,0,2,4
1496,Keith Van Horn,NJN,200206050LAL,"Jun 5, 2002",LAL,12,14,0,14,35.29,42.86,-7.57,8,6,6,6,0,0,0,0,0,0,0,0,0,0,0,0,0,0,0,0,0,0,0,0
954,Kerry Kittles,NJN,200206050LAL,"Jun 5, 2002",LAL,9,7,2,8,50.0,57.11,-7.11,5,4,2,3,1,2,0,0,0,0,0,0,0,0,0,0,0,0,0,0,0,0,0,0
977,Kobe Bryant,LAL,200206050LAL,"Jun 5, 2002",NJN,22,16,11,21,48.89,52.78,-3.89,14,12,2,0,4,7,0,0,0,0,0,0,0,0,0,0,0,0,0,0,0,0,1,3
1928,Todd MacCulloch,NJN,200206050LAL,"Jun 5, 2002",LAL,10,9,2,10,50.0,50.61,-0.61,9,10,0,0,1,0,0,0,0,0,0,0,0,0,0,0,0,0,0,0,0,0,0,0
467,Jason Kidd,NJN,200206050LAL,"Jun 5, 2002",LAL,23,26,1,26,41.07,43.49,-2.42,22,18,3,3,0,0,0,0,1,2,0,0,0,0,0,0,0,0,0,0,0,0,0,0
2030,Kenyon Martin,NJN,200206050LAL,"Jun 5, 2002",LAL,21,22,9,26,37.5,40.45,-2.95,18,10,3,3,0,0,0,0,1,3,0,0,1,2,0,0,0,0,0,0,0,0,3,3
109,Robert Horry,LAL,200206050LAL,"Jun 5, 2002",NJN,5,6,2,7,31.25,36.34,-5.09,4,4,2,0,0,0,0,0,0,0,0,0,0,0,0,0,0,0,0,0,0,0,1,1
2210,Richard Jefferson,NJN,200206050LAL,"Jun 5, 2002",LAL,4,4,2,5,40.0,40.98,-0.98,4,4,0,0,1,0,0,0,0,0,0,0,0,0,0,0,0,0,0,0,0,0,0,0
446,Lucious Harris,NJN,200206050LAL,"Jun 5, 2002",LAL,5,5,4,7,31.25,36.98,-5.73,3,2,2,0,2,3,0,0,0,0,0,0,0,0,0,0,0,0,0,0,0,0,0,0
1425,Aaron Williams,NJN,200206050LAL,"Jun 5, 2002",LAL,4,5,0,5,40.0,40.0,0.0,5,4,0,0,0,0,0,0,0,0,0,0,0,0,0,0,0,0,0,0,0,0,0,0
955,Samaki Walker,LAL,200206050LAL,"Jun 5, 2002",NJN,2,2,0,2,50.0,50.0,0.0,2,2,0,0,0,0,0,0,0,0,0,0,0,0,0,0,0,0,0,0,0,0,0,0
1904,Devean George,LAL,200206050LAL,"Jun 5, 2002",NJN,3,5,1,5,25.0,27.57,-2.57,3,0,1,0,0,0,0,0,1,3,0,0,0,0,0,0,0,0,0,0,0,0,0,0
283,Lindsey Hunter,NJN,200206050LAL,"Jun 5, 2002",LAL,2,3,0,3,28.57,33.33,-4.76,2,2,1,0,0,0,0,0,0,0,0,0,0,0,0,0,0,0,0,0,0,0,0,0
1533,Anthony Johnson,NJN,200206050LAL,"Jun 5, 2002",LAL,1,1,2,2,25.0,26.6,-1.6,1,0,0,0,1,1,0,0,0,0,0,0,0,0,0,0,0,0,0,0,0,0,0,0
216,Brian Shaw,LAL,200206050LAL,"Jun 5, 2002",NJN,0,2,0,2,0.0,0.0,0.0,1,0,1,0,0,0,0,0,0,0,0,0,0,0,0,0,0,0,0,0,0,0,0,0
2098,Slava Medvedenko,LAL,200206050LAL,"Jun 5, 2002",NJN,2,1,0,1,100.0,100.0,0.0,1,2,0,0,0,0,0,0,0,0,0,0,0,0,0,0,0,0,0,0,0,0,0,0
2215,Jason Collins,NJN,200206050LAL,"Jun 5, 2002",LAL,5,1,4,3,83.33,90.58,-7.25,1,2,0,0,1,1,0,0,0,0,0,0,0,0,0,0,0,0,0,0,0,0,1,2
977,Kobe Bryant,LAL,200206070LAL,"Jun 7, 2002",NJN,24,15,4,17,64.86,71.6,-6.74,12,12,3,9,2,3,0,0,0,0,0,0,0,0,0,0,0,0,0,0,0,0,0,0
2030,Kenyon Martin,NJN,200206070LAL,"Jun 7, 2002",LAL,6,8,4,10,28.57,30.74,-2.17,7,4,1,0,1,2,0,0,0,0,0,0,0,0,0,0,0,0,0,0,0,0,1,0
406,Shaquille O'Neal,LAL,200206070LAL,"Jun 7, 2002",NJN,40,23,14,29,66.67,68.59,-1.92,21,24,0,0,4,6,0,0,2,6,0,0,0,0,0,0,0,0,0,0,0,0,2,4
954,Kerry Kittles,NJN,200206070LAL,"Jun 7, 2002",LAL,23,19,4,21,45.1,55.39,-10.29,10,12,9,9,1,1,0,0,0,0,0,0,0,0,0,0,0,0,0,0,0,0,1,1
965,Derek Fisher,LAL,200206070LAL,"Jun 7, 2002",NJN,12,9,4,11,48.0,55.76,-7.76,6,4,3,6,2,2,0,0,0,0,0,0,0,0,0,0,0,0,0,0,0,0,0,0
1928,Todd MacCulloch,NJN,200206070LAL,"Jun 7, 2002",LAL,2,3,0,3,33.33,33.33,0.0,3,2,0,0,0,0,0,0,0,0,0,0,0,0,0,0,0,0,0,0,0,0,0,0
1496,Keith Van Horn,NJN,200206070LAL,"Jun 7, 2002",LAL,9,9,4,11,39.13,41.82,-2.69,8,6,1,0,2,3,0,0,0,0,0,0,0,0,0,0,0,0,0,0,0,0,0,0
109,Robert Horry,LAL,200206070LAL,"Jun 7, 2002",NJN,9,9,0,9,42.86,50.0,-7.14,6,6,3,3,0,0,0,0,0,0,0,0,0,0,0,0,0,0,0,0,0,0,0,0
296,Rick Fox,LAL,200206070LAL,"Jun 7, 2002",NJN,10,6,2,7,55.56,72.67,-17.11,2,2,4,6,0,0,0,0,0,0,0,0,0,0,0,0,0,0,0,0,0,0,1,2
467,Jason Kidd,NJN,200206070LAL,"Jun 7, 2002",LAL,17,17,3,19,37.78,46.4,-8.62,9,6,8,9,1,2,0,0,0,0,0,0,1,0,0,0,0,0,0,0,0,0,0,0
2210,Richard Jefferson,NJN,200206070LAL,"Jun 7, 2002",LAL,10,6,8,10,50.0,52.52,-2.52,6,6,0,0,4,4,0,0,0,0,0,0,0,0,0,0,0,0,0,0,0,0,0,0
1425,Aaron Williams,NJN,200206070LAL,"Jun 7, 2002",LAL,4,7,0,7,28.57,28.57,0.0,7,4,0,0,0,0,0,0,0,0,0,0,0,0,0,0,0,0,0,0,0,0,0,0
446,Lucious Harris,NJN,200206070LAL,"Jun 7, 2002",LAL,2,9,2,10,9.09,10.12,-1.03,7,0,2,0,0,0,0,0,0,0,0,0,0,0,0,0,0,0,0,0,0,0,1,2
955,Samaki Walker,LAL,200206070LAL,"Jun 7, 2002",NJN,0,1,0,1,0.0,0.0,0.0,1,0,0,0,0,0,0,0,0,0,0,0,0,0,0,0,0,0,0,0,0,0,0,0
216,Brian Shaw,LAL,200206070LAL,"Jun 7, 2002",NJN,5,6,0,6,35.71,41.67,-5.96,4,2,2,3,0,0,0,0,0,0,0,0,0,0,0,0,0,0,0,0,0,0,0,0
283,Lindsey Hunter,LAL,200206070LAL,"Jun 7, 2002",NJN,0,2,0,2,0.0,0.0,0.0,1,0,1,0,0,0,0,0,0,0,0,0,0,0,0,0,0,0,0,0,0,0,0,0
1533,Anthony Johnson,NJN,200206070LAL,"Jun 7, 2002",LAL,4,5,0,5,40.0,40.0,0.0,5,4,0,0,0,0,0,0,0,0,0,0,0,0,0,0,0,0,0,0,0,0,0,0
2215,Jason Collins,NJN,200206070LAL,"Jun 7, 2002",LAL,6,2,2,3,100.0,104.17,-4.17,2,4,0,0,1,2,0,0,0,0,0,0,0,0,0,0,0,0,0,0,0,0,0,0
1904,Devean George,LAL,200206070LAL,"Jun 7, 2002",NJN,6,7,0,7,42.86,42.86,0.0,7,6,0,0,0,0,0,0,0,0,0,0,0,0,0,0,0,0,0,0,0,0,0,0
681,Donny Marshall,NJN,200206070LAL,"Jun 7, 2002",LAL,0,1,0,1,0.0,0.0,0.0,0,0,1,0,0,0,0,0,0,0,0,0,0,0,0,0,0,0,0,0,0,0,0,0
1496,Keith Van Horn,NJN,200206090NJN,"Jun 9, 2002",LAL,14,14,0,14,43.75,50.0,-6.25,10,8,4,6,0,0,0,0,0,0,0,0,0,0,0,0,0,0,0,0,0,0,0,0
296,Rick Fox,LAL,200206090NJN,"Jun 9, 2002",NJN,7,6,2,7,41.18,50.87,-9.69,3,2,3,3,0,0,0,0,0,0,0,0,0,0,0,0,0,0,0,0,0,0,1,2
954,Kerry Kittles,NJN,200206090NJN,"Jun 9, 2002",LAL,7,6,2,7,43.75,50.87,-7.12,4,6,2,0,1,1,0,0,0,0,0,0,0,0,0,0,0,0,0,0,0,0,0,0
2030,Kenyon Martin,NJN,200206090NJN,"Jun 9, 2002",LAL,26,17,6,19,63.41,66.19,-2.78,14,18,1,0,1,1,0,0,2,5,0,0,0,0,1,2,0,0,0,0,0,0,0,0
406,Shaquille O'Neal,LAL,200206090NJN,"Jun 9, 2002",NJN,35,19,17,27,63.64,66.09,-2.45,18,22,0,0,7,9,0,0,1,2,0,0,0,0,0,0,0,0,0,0,0,0,1,2
1928,Todd MacCulloch,NJN,200206090NJN,"Jun 9, 2002",LAL,10,8,2,9,55.56,56.31,-0.75,8,8,0,0,0,0,0,0,0,0,0,0,0,0,0,0,0,0,0,0,0,0,1,2
965,Derek Fisher,LAL,200206090NJN,"Jun 9, 2002",NJN,13,7,4,9,61.9,74.2,-12.3,4,2,3,9,1,1,0,0,0,0,0,0,0,0,0,0,0,0,0,0,0,0,1,1
109,Robert Horry,LAL,200206090NJN,"Jun 9, 2002",NJN,6,4,0,4,54.55,75.0,-20.45,1,0,3,6,0,0,0,0,0,0,0,0,0,0,0,0,0,0,0,0,0,0,0,0
977,Kobe Bryant,LAL,200206090NJN,"Jun 9, 2002",NJN,36,23,10,28,61.02,65.69,-4.67,20,26,3,3,3,5,0,0,0,0,0,0,0,0,0,0,0,0,0,0,0,0,2,2
467,Jason Kidd,NJN,200206090NJN,"Jun 9, 2002",LAL,30,23,5,26,53.57,59.52,-5.95,17,22,5,3,0,0,0,0,1,3,0,0,2,2,0,0,0,0,0,0,0,0,1,0
1425,Aaron Williams,NJN,200206090NJN,"Jun 9, 2002",LAL,4,1,2,2,100.0,106.38,-6.38,1,2,0,0,1,2,0,0,0,0,0,0,0,0,0,0,0,0,0,0,0,0,0,0
2210,Richard Jefferson,NJN,200206090NJN,"Jun 9, 2002",LAL,8,5,0,5,80.0,80.0,0.0,5,8,0,0,0,0,0,0,0,0,0,0,0,0,0,0,0,0,0,0,0,0,0,0
446,Lucious Harris,NJN,200206090NJN,"Jun 9, 2002",LAL,2,5,0,5,20.0,20.0,0.0,5,2,0,0,0,0,0,0,0,0,0,0,0,0,0,0,0,0,0,0,0,0,0,0
2215,Jason Collins,NJN,200206090NJN,"Jun 9, 2002",LAL,2,4,2,5,20.0,20.49,-0.49,4,0,0,0,1,2,0,0,0,0,0,0,0,0,0,0,0,0,0,0,0,0,0,0
955,Samaki Walker,LAL,200206090NJN,"Jun 9, 2002",NJN,0,1,0,1,0.0,0.0,0.0,1,0,0,0,0,0,0,0,0,0,0,0,0,0,0,0,0,0,0,0,0,0,0,0
216,Brian Shaw,LAL,200206090NJN,"Jun 9, 2002",NJN,3,4,0,4,25.0,37.5,-12.5,0,0,4,3,0,0,0,0,0,0,0,0,0,0,0,0,0,0,0,0,0,0,0,0
1904,Devean George,LAL,200206090NJN,"Jun 9, 2002",NJN,6,4,2,5,60.0,61.48,-1.48,4,4,0,0,1,2,0,0,0,0,0,0,0,0,0,0,0,0,0,0,0,0,0,0
1928,Todd MacCulloch,LAL,200206120NJN,"Jun 12, 2002",NJN,8,8,0,8,50.0,50.0,0.0,8,8,0,0,0,0,0,0,0,0,0,0,0,0,0,0,0,0,0,0,0,0,0,0
109,Robert Horry,LAL,200206120NJN,"Jun 12, 2002",NJN,12,5,4,7,70.59,88.76,-18.17,2,2,3,6,2,4,0,0,0,0,0,0,0,0,0,0,0,0,0,0,0,0,0,0
2030,Kenyon Martin,NJN,200206120NJN,"Jun 12, 2002",LAL,35,28,7,31,55.56,56.31,-0.75,27,28,0,0,3,4,0,0,1,3,0,0,0,0,0,0,0,0,0,0,0,0,0,0
406,Shaquille O'Neal,LAL,200206120NJN,"Jun 12, 2002",NJN,34,20,16,28,60.71,62.87,-2.16,19,22,0,0,6,7,0,0,1,3,0,0,0,0,0,0,0,0,0,0,1,1,1,1
296,Rick Fox,LAL,200206120NJN,"Jun 12, 2002",NJN,8,3,2,4,72.73,103.09,-30.36,0,0,3,6,1,2,0,0,0,0,0,0,0,0,0,0,0,0,0,0,0,0,0,0
467,Jason Kidd,NJN,200206120NJN,"Jun 12, 2002",LAL,13,14,2,15,38.24,43.68,-5.44,10,8,4,3,1,2,0,0,0,0,0,0,0,0,0,0,0,0,0,0,0,0,0,0
977,Kobe Bryant,LAL,200206120NJN,"Jun 12, 2002",NJN,25,16,11,22,54.35,59.98,-5.63,12,8,3,6,3,6,0,0,1,3,0,0,2,0,0,0,0,0,0,0,0,0,1,2
954,Kerry Kittles,NJN,200206120NJN,"Jun 12, 2002",LAL,11,10,2,11,44.0,50.55,-6.55,7,6,3,3,1,2,0,0,0,0,0,0,0,0,0,0,0,0,0,0,0,0,0,0
1496,Keith Van Horn,NJN,200206120NJN,"Jun 12, 2002",LAL,7,7,0,7,46.67,50.0,-3.33,6,4,1,3,0,0,0,0,0,0,0,0,0,0,0,0,0,0,0,0,0,0,0,0
965,Derek Fisher,LAL,200206120NJN,"Jun 12, 2002",NJN,13,10,2,11,50.0,59.74,-9.74,6,6,4,6,1,1,0,0,0,0,0,0,0,0,0,0,0,0,0,0,0,0,0,0
2215,Jason Collins,NJN,200206120NJN,"Jun 12, 2002",LAL,4,3,0,3,66.67,66.67,0.0,3,4,0,0,0,0,0,0,0,0,0,0,0,0,0,0,0,0,0,0,0,0,0,0
2210,Richard Jefferson,NJN,200206120NJN,"Jun 12, 2002",LAL,5,6,1,6,38.46,38.82,-0.36,5,2,0,0,0,0,0,0,1,3,0,0,0,0,0,0,0,0,0,0,0,0,0,0
446,Lucious Harris,NJN,200206120NJN,"Jun 12, 2002",LAL,22,13,4,15,70.97,74.53,-3.56,11,14,1,3,1,1,0,0,1,3,0,0,1,1,0,0,0,0,0,0,0,0,0,0
1425,Aaron Williams,NJN,200206120NJN,"Jun 12, 2002",LAL,2,3,0,3,33.33,33.33,0.0,3,2,0,0,0,0,0,0,0,0,0,0,0,0,0,0,0,0,0,0,0,0,0,0
955,Samaki Walker,LAL,200206120NJN,"Jun 12, 2002",NJN,2,0,2,1,100.0,113.64,-13.64,0,0,0,0,1,2,0,0,0,0,0,0,0,0,0,0,0,0,0,0,0,0,0,0
216,Brian Shaw,LAL,200206120NJN,"Jun 12, 2002",NJN,6,9,0,9,30.0,33.33,-3.33,7,6,2,0,0,0,0,0,0,0,0,0,0,0,0,0,0,0,0,0,0,0,0,0
1904,Devean George,LAL,200206120NJN,"Jun 12, 2002",NJN,11,7,0,7,61.11,78.57,-17.46,3,2,4,9,0,0,0,0,0,0,0,0,0,0,0,0,0,0,0,0,0,0,0,0
782,Mitch Richmond,LAL,200206120NJN,"Jun 12, 2002",NJN,2,1,0,1,100.0,100.0,0.0,1,2,0,0,0,0,0,0,0,0,0,0,0,0,0,0,0,0,0,0,0,0,0,0
