player_id,player_name,team_abbr,game_id,game_date,opponent,pts,fga,fta,scoring_poss,pure_ts_pct,standard_ts_pct,delta_pp,C1a_events,C1a_pts,C1b_events,C1b_pts,C2_events,C2_pts,C3_events,C3_pts,C4_events,C4_pts,C5_events,C5_pts,C6a_events,C6a_pts,C6b_events,C6b_pts,C6c_events,C6c_pts,C6d_events,C6d_pts,C6e_events,C6e_pts,C6f_events,C6f_pts
203954,Joel Embiid,PHI,202304150PHI,"Apr 15, 2023",BKN,26,15,11,20,57.78,65.52,-7.74,10,10,4,3,4,8,0,0,1,3,0,0,1,2,0,0,0,0,0,0,0,0,0,0
200782,P.J. Tucker,PHI,202304150PHI,"Apr 15, 2023",BKN,6,6,0,6,35.29,50.0,-14.71,1,0,5,6,0,0,0,0,0,0,0,0,0,0,0,0,0,0,0,0,0,0,0,0
201935,James Harden,PHI,202304150PHI,"Apr 15, 2023",BKN,23,21,0,21,41.82,54.76,-12.94,8,2,13,21,0,0,0,0,0,0,0,0,0,0,0,0,0,0,0,0,0,0,0,0
1628969,Mikal Bridges,BKN,202304150PHI,"Apr 15, 2023",PHI,30,18,4,19,68.18,75.91,-7.73,12,16,4,6,1,2,0,0,2,6,0,0,0,0,0,0,0,0,0,0,0,0,0,0
202699,Tobias Harris,PHI,202304150PHI,"Apr 15, 2023",BKN,21,14,0,14,67.74,75.0,-7.26,11,12,3,9,0,0,0,0,0,0,0,0,0,0,0,0,0,0,0,0,0,0,0,0
1629651,Nic Claxton,BKN,202304150PHI,"Apr 15, 2023",PHI,5,4,2,5,50.0,51.23,-1.23,4,4,0,0,1,1,0,0,0,0,0,0,0,0,0,0,0,0,0,0,0,0,0,0
1627827,Dorian Finney-Smith,BKN,202304150PHI,"Apr 15, 2023",PHI,6,3,0,3,75.0,100.0,-25.0,1,0,2,6,0,0,0,0,0,0,0,0,0,0,0,0,0,0,0,0,0,0,0,0
1630178,Tyrese Maxey,PHI,202304150PHI,"Apr 15, 2023",BKN,13,8,4,10,52.0,66.6,-14.6,3,0,5,9,2,4,0,0,0,0,0,0,0,0,0,0,0,0,0,0,0,0,0,0
1629661,Cameron Johnson,BKN,202304150PHI,"Apr 15, 2023",PHI,18,11,0,11,64.29,81.82,-17.53,5,6,6,12,0,0,0,0,0,0,0,0,0,0,0,0,0,0,0,0,0,0,0,0
203915,Spencer Dinwiddie,BKN,202304150PHI,"Apr 15, 2023",PHI,14,12,5,14,41.18,49.3,-8.12,6,6,5,3,2,3,0,0,1,2,0,0,0,0,0,0,0,0,0,0,0,0,0,0
1626220,Royce O'Neale,BKN,202304150PHI,"Apr 15, 2023",PHI,4,5,0,5,30.77,40.0,-9.23,2,4,3,0,0,0,0,0,0,0,0,0,0,0,0,0,0,0,0,0,0,0,0,0
1629001,De'Anthony Melton,PHI,202304150PHI,"Apr 15, 2023",BKN,6,9,0,9,24.0,33.33,-9.33,2,0,7,6,0,0,0,0,0,0,0,0,0,0,0,0,0,0,0,0,0,0,0,0
203552,Seth Curry,BKN,202304150PHI,"Apr 15, 2023",PHI,10,5,0,5,76.92,100.0,-23.08,2,4,3,6,0,0,0,0,0,0,0,0,0,0,0,0,0,0,0,0,0,0,0,0
1630549,Day'Ron Sharpe,BKN,202304150PHI,"Apr 15, 2023",PHI,6,3,2,4,75.0,77.32,-2.32,3,4,0,0,1,2,0,0,0,0,0,0,0,0,0,0,0,0,0,0,0,0,0,0
1629667,Jalen McDaniels,PHI,202304150PHI,"Apr 15, 2023",BKN,5,2,0,2,100.0,125.0,-25.0,1,2,1,3,0,0,0,0,0,0,0,0,0,0,0,0,0,0,0,0,0,0,0,0
1627777,Georges Niang,PHI,202304150PHI,"Apr 15, 2023",BKN,8,5,0,5,57.14,80.0,-22.86,1,2,4,6,0,0,0,0,0,0,0,0,0,0,0,0,0,0,0,0,0,0,0,0
203925,Joe Harris,BKN,202304150PHI,"Apr 15, 2023",PHI,3,3,0,3,33.33,50.0,-16.67,0,0,3,3,0,0,0,0,0,0,0,0,0,0,0,0,0,0,0,0,0,0,0,0
1630194,Paul Reed,PHI,202304150PHI,"Apr 15, 2023",BKN,11,6,1,6,84.62,85.4,-0.78,5,8,0,0,0,0,0,0,1,3,0,0,0,0,0,0,0,0,0,0,0,0,0,0
1627863,Danuel House Jr.,PHI,202304150PHI,"Apr 15, 2023",BKN,0,1,0,1,0.0,0.0,0.0,0,0,1,0,0,0,0,0,0,0,0,0,0,0,0,0,0,0,0,0,0,0,0,0
1630561,David Duke Jr.,BKN,202304150PHI,"Apr 15, 2023",PHI,2,3,0,3,28.57,33.33,-4.76,2,2,1,0,0,0,0,0,0,0,0,0,0,0,0,0,0,0,0,0,0,0,0,0
1629139,Yuta Watanabe,BKN,202304150PHI,"Apr 15, 2023",PHI,3,2,2,3,37.5,52.08,-14.58,0,0,2,3,1,0,0,0,0,0,0,0,0,0,0,0,0,0,0,0,0,0,0,0
1630560,Cam Thomas,BKN,202304150PHI,"Apr 15, 2023",PHI,0,1,0,1,0.0,0.0,0.0,1,0,0,0,0,0,0,0,0,0,0,0,0,0,0,0,0,0,0,0,0,0,0,0
1629003,Shake Milton,PHI,202304150PHI,"Apr 15, 2023",BKN,2,1,0,1,100.0,100.0,0.0,1,2,0,0,0,0,0,0,0,0,0,0,0,0,0,0,0,0,0,0,0,0,0,0
harremo01,M. Harrell,PHI,202304150PHI,"Apr 15, 2023",BKN,0,1,0,1,0.0,0.0,0.0,1,0,0,0,0,0,0,0,0,0,0,0,0,0,0,0,0,0,0,0,0,0,0,0
1629027,Trae Young,ATL,202304150BOS,"Apr 15, 2023",BOS,16,18,7,21,33.33,37.95,-4.62,12,6,5,3,0,0,0,0,1,2,0,0,0,0,0,0,0,0,0,0,0,0,3,5
1627759,Jaylen Brown,BOS,202304150BOS,"Apr 15, 2023",ATL,29,23,3,24,52.73,59.62,-6.89,16,18,6,6,1,2,0,0,1,3,0,0,0,0,0,0,0,0,0,0,0,0,0,0
1627749,Dejounte Murray,ATL,202304150BOS,"Apr 15, 2023",BOS,24,25,4,27,40.0,44.84,-4.84,19,20,6,0,2,4,0,0,0,0,0,0,0,0,0,0,0,0,0,0,0,0,0,0
203935,Marcus Smart,BOS,202304150BOS,"Apr 15, 2023",ATL,11,11,2,12,39.29,46.3,-7.01,7,4,4,6,1,1,0,0,0,0,0,0,0,0,0,0,0,0,0,0,0,0,0,0
203991,Clint Capela,ATL,202304150BOS,"Apr 15, 2023",BOS,12,8,0,8,75.0,75.0,0.0,8,12,0,0,0,0,0,0,0,0,0,0,0,0,0,0,0,0,0,0,0,0,0,0
1628401,Derrick White,BOS,202304150BOS,"Apr 15, 2023",ATL,24,13,7,16,60.0,74.63,-14.63,6,6,7,12,1,1,1,3,0,0,0,0,0,0,0,0,0,0,0,0,0,0,1,2
tatumja01,J. Tatum,BOS,202304150BOS,"Apr 15, 2023",ATL,25,23,2,24,45.45,52.35,-6.9,16,14,7,9,1,2,0,0,0,0,0,0,0,0,0,0,0,0,0,0,0,0,0,0
1628381,John Collins,ATL,202304150BOS,"Apr 15, 2023",BOS,12,7,2,8,70.59,76.14,-5.55,6,10,1,0,1,2,0,0,0,0,0,0,0,0,0,0,0,0,0,0,0,0,0,0
201143,Al Horford,BOS,202304150BOS,"Apr 15, 2023",ATL,6,4,0,4,50.0,75.0,-25.0,0,0,4,6,0,0,0,0,0,0,0,0,0,0,0,0,0,0,0,0,0,0,0,0
1629631,De'Andre Hunter,BOS,202304150BOS,"Apr 15, 2023",ATL,11,10,2,11,42.31,50.55,-8.24,6,6,4,3,1,2,0,0,0,0,0,0,0,0,0,0,0,0,0,0,0,0,0,0
1629057,Robert Williams III,BOS,202304150BOS,"Apr 15, 2023",ATL,12,6,0,6,100.0,100.0,0.0,6,12,0,0,0,0,0,0,0,0,0,0,0,0,0,0,0,0,0,0,0,0,0,0
203992,Bogdan Bogdanović,ATL,202304150BOS,"Apr 15, 2023",BOS,9,10,1,10,32.14,43.1,-10.96,2,0,7,6,0,0,0,0,1,3,0,0,0,0,0,0,0,0,0,0,0,0,0,0
1627763,Malcolm Brogdon,BOS,202304150BOS,"Apr 15, 2023",ATL,5,6,4,8,26.32,32.22,-5.9,3,2,3,0,2,3,0,0,0,0,0,0,0,0,0,0,0,0,0,0,0,0,0,0
1630573,Sam Hauser,BOS,202304150BOS,"Apr 15, 2023",ATL,0,2,0,2,0.0,0.0,0.0,0,0,2,0,0,0,0,0,0,0,0,0,0,0,0,0,0,0,0,0,0,0,0,0
1630180,Saddiq Bey,ATL,202304150BOS,"Apr 15, 2023",BOS,6,6,2,7,33.33,43.6,-10.27,2,2,4,3,1,1,0,0,0,0,0,0,0,0,0,0,0,0,0,0,0,0,0,0
1630168,Onyeka Okongwu,ATL,202304150BOS,"Apr 15, 2023",BOS,3,4,4,6,25.0,26.04,-1.04,4,0,0,0,1,1,0,0,0,0,0,0,0,0,0,0,0,0,0,0,0,0,1,2
1630552,Jalen Johnson,ATL,202304150BOS,"Apr 15, 2023",BOS,6,10,0,10,27.27,30.0,-2.73,8,6,2,0,0,0,0,0,0,0,0,0,0,0,0,0,0,0,0,0,0,0,0,0
1630171,Isaac Okoro,CLE,202304150CLE,"Apr 15, 2023",NYK,6,6,4,8,30.0,38.66,-8.66,2,2,4,0,2,4,0,0,0,0,0,0,0,0,0,0,0,0,0,0,0,0,0,0
1629628,RJ Barrett,NYK,202304150CLE,"Apr 15, 2023",CLE,7,12,2,13,22.58,27.17,-4.59,7,2,5,3,1,2,0,0,0,0,0,0,0,0,0,0,0,0,0,0,0,0,0,0
1628973,Jalen Brunson,NYK,202304150CLE,"Apr 15, 2023",CLE,27,24,4,26,48.21,52.41,-4.2,20,20,4,3,2,4,0,0,0,0,0,0,0,0,0,0,0,0,0,0,0,0,0,0
1630596,Evan Mobley,CLE,202304150CLE,"Apr 15, 2023",NYK,8,13,0,13,30.77,30.77,0.0,13,8,0,0,0,0,0,0,0,0,0,0,0,0,0,0,0,0,0,0,0,0,0,0
203944,Julius Randle,NYK,202304150CLE,"Apr 15, 2023",CLE,19,20,4,22,35.19,43.66,-8.47,10,8,10,9,2,2,0,0,0,0,0,0,0,0,0,0,0,0,0,0,0,0,0,0
1629636,Darius Garland,CLE,202304150CLE,"Apr 15, 2023",NYK,17,13,3,14,51.52,59.36,-7.84,8,8,4,6,1,1,0,0,1,2,0,0,0,0,0,0,0,0,0,0,0,0,0,0
1628378,Donovan Mitchell,CLE,202304150CLE,"Apr 15, 2023",NYK,38,30,6,33,46.34,58.21,-11.87,14,16,16,18,3,4,0,0,0,0,0,0,0,0,0,0,0,0,0,0,0,0,0,0
1629011,Mitchell Robinson,NYK,202304150CLE,"Apr 15, 2023",CLE,6,5,0,5,60.0,60.0,0.0,5,6,0,0,0,0,0,0,0,0,0,0,0,0,0,0,0,0,0,0,0,0,0,0
1628386,Jarrett Allen,CLE,202304150CLE,"Apr 15, 2023",NYK,14,8,2,9,77.78,78.83,-1.05,8,12,0,0,1,2,0,0,0,0,0,0,0,0,0,0,0,0,0,0,0,0,0,0
1630193,Immanuel Quickley,NYK,202304150CLE,"Apr 15, 2023",CLE,3,5,4,7,18.75,22.19,-3.44,3,0,2,0,2,3,0,0,0,0,0,0,0,0,0,0,0,0,0,0,0,0,0,0
1629656,Quentin Grimes,NYK,202304150CLE,"Apr 15, 2023",CLE,5,4,2,5,35.71,51.23,-15.52,0,0,4,3,0,0,0,0,0,0,0,0,0,0,0,0,0,0,0,0,0,0,1,2
1630167,Obi Toppin,NYK,202304150CLE,"Apr 15, 2023",CLE,9,4,2,5,75.0,92.21,-17.21,2,4,2,3,1,2,0,0,0,0,0,0,0,0,0,0,0,0,0,0,0,0,0,0
1627747,Caris LeVert,CLE,202304150CLE,"Apr 15, 2023",NYK,3,7,2,8,15.79,19.04,-3.25,4,2,3,0,1,1,0,0,0,0,0,0,0,0,0,0,0,0,0,0,0,0,0,0
1629731,Dean Wade,CLE,202304150CLE,"Apr 15, 2023",NYK,2,1,2,2,40.0,53.19,-13.19,0,0,1,0,0,0,0,0,0,0,0,0,0,0,0,0,0,0,0,0,0,0,1,2
1628404,Josh Hart,NYK,202304150CLE,"Apr 15, 2023",CLE,17,11,0,11,70.83,77.27,-6.44,9,14,2,3,0,0,0,0,0,0,0,0,0,0,0,0,0,0,0,0,0,0,0,0
1628392,Isaiah Hartenstein,NYK,202304150CLE,"Apr 15, 2023",CLE,8,3,4,5,80.0,84.03,-4.03,3,4,0,0,1,2,0,0,0,0,0,0,0,0,0,0,0,0,0,0,0,0,1,2
rubiori01,R. Rubio,CLE,202304150CLE,"Apr 15, 2023",NYK,0,1,0,1,0.0,0.0,0.0,1,0,0,0,0,0,0,0,0,0,0,0,0,0,0,0,0,0,0,0,0,0,0,0
1626224,Cedi Osman,CLE,202304150CLE,"Apr 15, 2023",NYK,9,4,2,5,69.23,92.21,-22.98,1,2,3,6,1,1,0,0,0,0,0,0,0,0,0,0,0,0,0,0,0,0,0,0
201939,Stephen Curry,GSW,202304150SAC,"Apr 15, 2023",SAC,30,20,2,21,53.57,71.84,-18.27,6,10,14,18,1,2,0,0,0,0,0,0,0,0,0,0,0,0,0,0,0,0,0,0
203084,Harrison Barnes,SAC,202304150SAC,"Apr 15, 2023",GSW,13,11,2,12,48.15,54.71,-6.56,8,8,3,3,1,2,0,0,0,0,0,0,0,0,0,0,0,0,0,0,0,0,0,0
1626172,Kevon Looney,GSW,202304150SAC,"Apr 15, 2023",SAC,8,2,6,5,80.0,86.21,-6.21,2,4,0,0,2,2,0,0,0,0,0,0,0,0,0,0,0,0,0,0,0,0,1,2
202691,Klay Thompson,GSW,202304150SAC,"Apr 15, 2023",SAC,21,19,0,19,40.38,55.26,-14.88,5,6,14,15,0,0,0,0,0,0,0,0,0,0,0,0,0,0,0,0,0,0,0,0
1627734,Domantas Sabonis,SAC,202304150SAC,"Apr 15, 2023",GSW,12,17,4,19,30.77,31.98,-1.21,16,10,1,0,2,2,0,0,0,0,0,0,0,0,0,0,0,0,0,0,0,0,0,0
203110,Draymond Green,SAC,202304150SAC,"Apr 15, 2023",GSW,4,5,2,6,30.77,34.01,-3.24,4,2,1,0,1,2,0,0,0,0,0,0,0,0,0,0,0,0,0,0,0,0,0,0
1628978,Donte DiVincenzo,GSW,202304150SAC,"Apr 15, 2023",SAC,10,5,2,6,62.5,85.03,-22.53,1,2,4,6,1,2,0,0,0,0,0,0,0,0,0,0,0,0,0,0,0,0,0,0
1631099,Keegan Murray,SAC,202304150SAC,"Apr 15, 2023",GSW,2,5,0,5,15.38,20.0,-4.62,2,2,3,0,0,0,0,0,0,0,0,0,0,0,0,0,0,0,0,0,0,0,0,0
1628368,De'Aaron Fox,SAC,202304150SAC,"Apr 15, 2023",GSW,38,27,12,33,51.35,58.86,-7.51,19,18,8,12,5,7,0,0,0,0,0,0,0,0,0,0,0,0,0,0,0,0,1,1
1628989,Kevin Huerter,SAC,202304150SAC,"Apr 15, 2023",GSW,6,12,0,12,20.69,25.0,-4.31,7,6,5,0,0,0,0,0,0,0,0,0,0,0,0,0,0,0,0,0,0,0,0,0
1627780,Gary Payton II,GSW,202304150SAC,"Apr 15, 2023",SAC,8,7,0,7,50.0,57.14,-7.14,5,8,2,0,0,0,0,0,0,0,0,0,0,0,0,0,0,0,0,0,0,0,0,0
203952,Andrew Wiggins,GSW,202304150SAC,"Apr 15, 2023",SAC,17,16,4,18,38.64,47.86,-9.22,8,12,8,3,1,0,0,0,0,0,0,0,0,0,0,0,0,0,0,0,0,0,1,2
1630558,Davion Mitchell,SAC,202304150SAC,"Apr 15, 2023",GSW,3,3,0,3,37.5,50.0,-12.5,1,0,2,3,0,0,0,0,0,0,0,0,0,0,0,0,0,0,0,0,0,0,0,0
1629673,Jordan Poole,GSW,202304150SAC,"Apr 15, 2023",SAC,17,10,8,14,51.52,62.87,-11.35,5,4,5,6,3,5,0,0,0,0,0,0,0,0,0,0,0,0,0,0,0,0,1,2
1626168,Trey Lyles,SAC,202304150SAC,"Apr 15, 2023",GSW,16,8,0,8,72.73,100.0,-27.27,2,4,6,12,0,0,0,0,0,0,0,0,0,0,0,0,0,0,0,0,0,0,0,0
1628370,Malik Monk,SAC,202304150SAC,"Apr 15, 2023",GSW,32,13,14,20,72.73,83.51,-10.78,9,12,4,6,5,10,0,0,0,0,0,0,0,0,0,0,0,0,0,0,0,0,2,4
203458,Alex Len,SAC,202304150SAC,"Apr 15, 2023",GSW,4,2,0,2,100.0,100.0,0.0,2,4,0,0,0,0,0,0,0,0,0,0,0,0,0,0,0,0,0,0,0,0,0,0
1630228,Jonathan Kuminga,SAC,202304150SAC,"Apr 15, 2023",GSW,8,6,3,7,47.06,54.64,-7.58,3,4,2,0,1,1,0,0,1,3,0,0,0,0,0,0,0,0,0,0,0,0,0,0
1629630,Ja Morant,MEM,202304160MEM,"Apr 16, 2023",LAL,18,14,0,14,58.06,64.29,-6.23,11,12,3,6,0,0,0,0,0,0,0,0,0,0,0,0,0,0,0,0,0,0,0,0
1626156,D'Angelo Russell,LAL,202304160MEM,"Apr 16, 2023",MEM,19,17,2,18,42.22,53.13,-10.91,8,8,9,9,1,2,0,0,0,0,0,0,0,0,0,0,0,0,0,0,0,0,0,0
1630214,Xavier Tillman,MEM,202304160MEM,"Apr 16, 2023",LAL,2,4,0,4,25.0,25.0,0.0,4,2,0,0,0,0,0,0,0,0,0,0,0,0,0,0,0,0,0,0,0,0,0,0
1630217,Desmond Bane,MEM,202304160MEM,"Apr 16, 2023",LAL,22,18,7,21,41.51,52.18,-10.67,8,6,10,9,1,2,1,3,0,0,0,0,0,0,0,0,0,0,0,0,0,0,1,2
2544,LeBron James,LAL,202304160MEM,"Apr 16, 2023",MEM,21,16,4,17,47.73,59.12,-11.39,6,6,8,9,0,0,0,0,2,5,0,0,0,0,0,0,0,0,0,0,0,0,1,1
1630559,Austin Reaves,LAL,202304160MEM,"Apr 16, 2023",MEM,23,13,4,15,65.71,77.91,-12.2,8,10,5,9,2,4,0,0,0,0,0,0,0,0,0,0,0,0,0,0,0,0,0,0
203076,Anthony Davis,LAL,202304160MEM,"Apr 16, 2023",MEM,22,17,2,18,61.11,61.52,-0.41,17,20,0,0,0,0,0,0,0,0,0,0,0,0,0,0,0,0,0,0,0,0,1,2
1628415,Dillon Brooks,MEM,202304160MEM,"Apr 16, 2023",LAL,15,13,4,15,38.46,50.81,-12.35,4,6,9,6,2,3,0,0,0,0,0,0,0,0,0,0,0,0,0,0,0,0,0,0
1629020,Jarred Vanderbilt,LAL,202304160MEM,"Apr 16, 2023",MEM,4,4,0,4,44.44,50.0,-5.56,3,4,1,0,0,0,0,0,0,0,0,0,0,0,0,0,0,0,0,0,0,0,0,0
1628991,Jaren Jackson Jr.,MEM,202304160MEM,"Apr 16, 2023",LAL,31,21,3,22,63.27,69.44,-6.17,16,20,4,6,1,2,0,0,1,3,0,0,0,0,0,0,0,0,0,0,0,0,0,0
1630583,Santi Aldama,MEM,202304160MEM,"Apr 16, 2023",LAL,8,6,0,6,53.33,66.67,-13.34,3,2,3,6,0,0,0,0,0,0,0,0,0,0,0,0,0,0,0,0,0,0,0,0
1629060,Rui Hachimura,LAL,202304160MEM,"Apr 16, 2023",MEM,29,14,2,15,80.56,97.45,-16.89,8,12,6,15,1,2,0,0,0,0,0,0,0,0,0,0,0,0,0,0,0,0,0,0
1628379,Luke Kennard,MEM,202304160MEM,"Apr 16, 2023",LAL,7,5,2,6,43.75,59.52,-15.77,1,2,4,3,0,0,0,0,0,0,0,0,0,0,0,0,0,0,0,0,0,0,1,2
1628972,Troy Brown Jr.,LAL,202304160MEM,"Apr 16, 2023",MEM,3,4,0,4,27.27,37.5,-10.23,1,0,3,3,0,0,0,0,0,0,0,0,0,0,0,0,0,0,0,0,0,0,0,0
203471,Dennis Schröder,LAL,202304160MEM,"Apr 16, 2023",MEM,7,5,2,6,46.67,59.52,-12.85,2,2,3,3,1,2,0,0,0,0,0,0,0,0,0,0,0,0,0,0,0,0,0,0
1627736,Malik Beasley,LAL,202304160MEM,"Apr 16, 2023",MEM,0,2,0,2,0.0,0.0,0.0,0,0,2,0,0,0,0,0,0,0,0,0,0,0,0,0,0,0,0,0,0,0,0,0
1626145,Tyus Jones,MEM,202304160MEM,"Apr 16, 2023",LAL,9,7,0,7,56.25,64.29,-8.04,5,6,2,3,0,0,0,0,0,0,0,0,0,0,0,0,0,0,0,0,0,0,0,0
1631223,David Roddy,MEM,202304160MEM,"Apr 16, 2023",LAL,0,1,0,1,0.0,0.0,0.0,0,0,1,0,0,0,0,0,0,0,0,0,0,0,0,0,0,0,0,0,0,0,0,0
1628389,Bam Adebayo,MIA,202304160MIL,"Apr 16, 2023",MIL,22,18,3,18,56.41,56.94,-0.53,15,14,0,0,0,0,0,0,3,8,0,0,0,0,0,0,0,0,0,0,0,0,0,0
203507,Giannis Antetokounmpo,MIL,202304160MIL,"Apr 16, 2023",MIA,6,4,4,6,50.0,52.08,-2.08,4,4,0,0,2,2,0,0,0,0,0,0,0,0,0,0,0,0,0,0,0,0,0,0
1629639,Tyler Herro,MIA,202304160MIL,"Apr 16, 2023",MIL,12,9,0,9,54.55,66.67,-12.12,5,6,4,6,0,0,0,0,0,0,0,0,0,0,0,0,0,0,0,0,0,0,0,0
1628960,Grayson Allen,MIL,202304160MIL,"Apr 16, 2023",MIA,12,7,0,7,66.67,85.71,-19.04,3,6,4,6,0,0,0,0,0,0,0,0,0,0,0,0,0,0,0,0,0,0,0,0
1629216,Gabe Vincent,MIA,202304160MIL,"Apr 16, 2023",MIL,15,6,2,7,78.95,109.01,-30.06,1,2,5,12,1,1,0,0,0,0,0,0,0,0,0,0,0,0,0,0,0,0,0,0
201950,Jrue Holiday,MIL,202304160MIL,"Apr 16, 2023",MIA,16,18,2,20,34.04,42.37,-8.33,9,8,9,6,0,0,0,0,0,0,0,0,1,1,0,0,0,0,0,0,0,0,1,1
202710,Jimmy Butler III,MIA,202304160MIL,"Apr 16, 2023",MIL,35,27,8,31,55.56,57.34,-1.78,24,26,1,0,2,2,0,0,2,6,0,0,1,0,0,0,0,0,0,0,1,1,0,0
203114,Khris Middleton,MIL,202304160MIL,"Apr 16, 2023",MIA,33,20,10,24,57.89,67.62,-9.73,11,16,7,6,4,6,0,0,2,5,0,0,0,0,0,0,0,0,0,0,0,0,0,0
201572,Brook Lopez,MIL,202304160MIL,"Apr 16, 2023",MIA,10,7,3,8,50.0,60.1,-10.1,3,6,3,0,1,1,0,0,1,3,0,0,0,0,0,0,0,0,0,0,0,0,0,0
1628997,Caleb Martin,MIA,202304160MIL,"Apr 16, 2023",MIL,15,7,4,8,71.43,85.62,-14.19,2,2,3,6,0,0,0,0,2,5,0,0,0,0,0,0,0,0,0,0,0,0,1,2
204060,Joe Ingles,MIL,202304160MIL,"Apr 16, 2023",MIA,9,7,0,7,42.86,64.29,-21.43,0,0,7,9,0,0,0,0,0,0,0,0,0,0,0,0,0,0,0,0,0,0,0,0
strusma01,M. Strus,MIA,202304160MIL,"Apr 16, 2023",MIL,8,5,0,5,57.14,80.0,-22.86,1,2,4,6,0,0,0,0,0,0,0,0,0,0,0,0,0,0,0,0,0,0,0,0
1626171,Bobby Portis,MIL,202304160MIL,"Apr 16, 2023",MIA,21,15,3,16,55.26,64.34,-9.08,9,16,5,0,1,2,0,0,1,3,0,0,0,0,0,0,0,0,0,0,0,0,0,0
200768,Kyle Lowry,MIA,202304160MIL,"Apr 16, 2023",MIL,2,1,0,1,100.0,100.0,0.0,1,2,0,0,0,0,0,0,0,0,0,0,0,0,0,0,0,0,0,0,0,0,0,0
202083,Wesley Matthews,MIL,202304160MIL,"Apr 16, 2023",MIA,6,4,0,4,50.0,75.0,-25.0,0,0,4,6,0,0,0,0,0,0,0,0,0,0,0,0,0,0,0,0,0,0,0,0
201567,Kevin Love,MIA,202304160MIL,"Apr 16, 2023",MIL,18,9,4,11,62.07,83.64,-21.57,2,2,7,12,1,2,0,0,0,0,0,0,0,0,0,0,0,0,0,0,0,0,1,2
1628975,Jevon Carter,MIL,202304160MIL,"Apr 16, 2023",MIA,2,4,0,4,20.0,25.0,-5.0,2,2,2,0,0,0,0,0,0,0,0,0,0,0,0,0,0,0,0,0,0,0,0,0
203109,Jae Crowder,MIL,202304160MIL,"Apr 16, 2023",MIA,2,5,0,5,14.29,20.0,-5.71,1,2,4,0,0,0,0,0,0,0,0,0,0,0,0,0,0,0,0,0,0,0,0,0
1629130,Duncan Robinson,MIA,202304160MIL,"Apr 16, 2023",MIL,3,2,0,2,60.0,75.0,-15.0,1,0,1,3,0,0,0,0,0,0,0,0,0,0,0,0,0,0,0,0,0,0,0,0
1627826,Ivica Zubac,LAC,202304160PHO,"Apr 16, 2023",PHX,12,8,4,10,60.0,61.48,-1.48,8,10,0,0,2,2,0,0,0,0,0,0,0,0,0,0,0,0,0,0,0,0,0,0
1629028,Deandre Ayton,PHX,202304160PHO,"Apr 16, 2023",LAC,18,16,2,17,52.94,53.32,-0.38,16,16,0,0,1,2,0,0,0,0,0,0,0,0,0,0,0,0,0,0,0,0,0,0
201142,Kevin Durant,PHX,202304160PHO,"Apr 16, 2023",LAC,27,15,10,20,57.45,69.59,-12.14,8,8,7,9,3,6,0,0,0,0,0,0,0,0,0,0,0,0,0,0,0,0,2,4
202695,Kawhi Leonard,LAC,202304160PHO,"Apr 16, 2023",PHX,38,24,10,28,60.32,66.9,-6.58,17,16,5,9,4,7,0,0,2,6,0,0,0,0,0,0,0,0,0,0,0,0,0,0
201566,Russell Westbrook,LAC,202304160PHO,"Apr 16, 2023",PHX,9,19,3,20,19.15,22.15,-3.0,12,2,6,3,1,2,0,0,1,2,0,0,0,0,0,0,0,0,0,0,0,0,0,0
101108,Chris Paul,PHX,202304160PHO,"Apr 16, 2023",LAC,7,8,2,9,35.0,39.41,-4.41,6,2,2,3,0,0,0,0,0,0,0,0,0,0,0,0,0,0,0,0,0,0,1,2
1628470,Torrey Craig,PHX,202304160PHO,"Apr 16, 2023",LAC,22,12,3,13,70.97,82.58,-11.61,7,12,4,6,1,1,0,0,1,3,0,0,0,0,0,0,0,0,0,0,0,0,0,0
201569,Eric Gordon,LAC,202304160PHO,"Apr 16, 2023",PHX,19,14,2,15,51.35,63.84,-12.49,7,8,7,9,0,0,0,0,0,0,0,0,0,0,0,0,0,0,0,0,0,0,1,2
bookede01,D. Booker,PHX,202304160PHO,"Apr 16, 2023",LAC,26,19,8,23,53.06,57.73,-4.67,16,20,3,0,2,4,0,0,0,0,0,0,0,0,0,0,0,0,0,0,0,0,2,2
201587,Nicolas Batum,LAC,202304160PHO,"Apr 16, 2023",PHX,3,3,0,3,33.33,50.0,-16.67,0,0,3,3,0,0,0,0,0,0,0,0,0,0,0,0,0,0,0,0,0,0,0,0
1626181,Norman Powell,LAC,202304160PHO,"Apr 16, 2023",PHX,14,10,4,12,50.0,59.52,-9.52,6,8,4,3,1,2,0,0,0,0,0,0,0,0,0,0,0,0,0,0,0,0,1,1
1629013,Landry Shamet,PHX,202304160PHO,"Apr 16, 2023",LAC,4,5,0,5,36.36,40.0,-3.64,4,4,1,0,0,0,0,0,0,0,0,0,0,0,0,0,0,0,0,0,0,0,0,0
1629611,Terance Mann,LAC,202304160PHO,"Apr 16, 2023",PHX,10,6,5,8,50.0,60.98,-10.98,2,4,3,0,2,3,0,0,1,3,0,0,0,0,0,0,0,0,0,0,0,0,0,0
203486,Mason Plumlee,LAC,202304160PHO,"Apr 16, 2023",PHX,7,3,1,3,100.0,101.74,-1.74,2,4,0,0,0,0,0,0,1,3,0,0,0,0,0,0,0,0,0,0,0,0,0,0
202687,Bismack Biyombo,PHX,202304160PHO,"Apr 16, 2023",LAC,2,0,4,2,50.0,56.82,-6.82,0,0,0,0,2,2,0,0,0,0,0,0,0,0,0,0,0,0,0,0,0,0,0,0
1629006,Josh Okogie,PHX,202304160PHO,"Apr 16, 2023",LAC,0,1,0,1,0.0,0.0,0.0,1,0,0,0,0,0,0,0,0,0,0,0,0,0,0,0,0,0,0,0,0,0,0,0
1630688,Ish Wainright,PHX,202304160PHO,"Apr 16, 2023",LAC,0,2,0,2,0.0,0.0,0.0,0,0,2,0,0,0,0,0,0,0,0,0,0,0,0,0,0,0,0,0,0,0,0,0
1630538,Bones Hyland,LAC,202304160PHO,"Apr 16, 2023",PHX,3,6,0,6,20.0,25.0,-5.0,3,0,3,3,0,0,0,0,0,0,0,0,0,0,0,0,0,0,0,0,0,0,0,0
rosste01,T. Ross,PHX,202304160PHO,"Apr 16, 2023",LAC,0,1,0,1,0.0,0.0,0.0,1,0,0,0,0,0,0,0,0,0,0,0,0,0,0,0,0,0,0,0,0,0,0,0
1629111,Jock Landale,PHX,202304160PHO,"Apr 16, 2023",LAC,4,3,4,5,40.0,42.02,-2.02,3,2,0,0,2,2,0,0,0,0,0,0,0,0,0,0,0,0,0,0,0,0,0,0
1629638,Nickeil Alexander-Walker,DEN,202304160DEN,"Apr 16, 2023",MIN,7,6,2,7,38.89,50.87,-11.98,2,0,4,6,0,0,0,0,0,0,0,0,0,0,0,0,0,0,0,0,0,0,1,1
1627750,Jamal Murray,DEN,202304160DEN,"Apr 16, 2023",MIN,24,22,2,23,42.86,52.45,-9.59,12,10,10,12,0,0,0,0,0,0,0,0,0,0,0,0,0,0,0,0,0,0,1,2
203999,Nikola Jokić,DEN,202304160DEN,"Apr 16, 2023",MIN,13,12,3,13,48.15,48.8,-0.65,11,10,0,0,1,0,0,0,1,3,0,0,0,0,0,0,0,0,0,0,0,0,0,0
1629008,Michael Porter Jr.,DEN,202304160DEN,"Apr 16, 2023",MIN,18,17,1,17,40.91,51.61,-10.7,8,6,8,9,0,0,0,0,0,0,1,3,0,0,0,0,0,0,0,0,0,0,0,0
201144,Mike Conley,MIN,202304160DEN,"Apr 16, 2023",DEN,8,5,0,5,61.54,80.0,-18.46,2,2,3,6,0,0,0,0,0,0,0,0,0,0,0,0,0,0,0,0,0,0,0,0
1626157,Karl-Anthony Towns,MIN,202304160DEN,"Apr 16, 2023",DEN,11,15,2,16,28.21,34.63,-6.42,8,8,7,3,1,0,0,0,0,0,0,0,0,0,0,0,0,0,0,0,0,0,0,0
203484,Kentavious Caldwell-Pope,DEN,202304160DEN,"Apr 16, 2023",MIN,15,11,0,11,53.57,68.18,-14.61,5,6,6,9,0,0,0,0,0,0,0,0,0,0,0,0,0,0,0,0,0,0,0,0
203932,Aaron Gordon,DEN,202304160DEN,"Apr 16, 2023",MIN,13,7,6,10,54.17,67.43,-13.26,3,2,4,6,3,5,0,0,0,0,0,0,0,0,0,0,0,0,0,0,0,0,0,0
203497,Rudy Gobert,MIN,202304160DEN,"Apr 16, 2023",DEN,8,5,4,7,57.14,59.17,-2.03,5,6,0,0,2,2,0,0,0,0,0,0,0,0,0,0,0,0,0,0,0,0,0,0
1630162,Anthony Edwards,MIN,202304160DEN,"Apr 16, 2023",DEN,18,15,6,18,45.0,51.02,-6.02,11,10,4,3,2,3,0,0,0,0,0,0,0,0,1,2,0,0,0,0,0,0,0,0
203937,Kyle Anderson,MIN,202304160DEN,"Apr 16, 2023",DEN,11,11,0,11,44.0,50.0,-6.0,8,8,3,3,0,0,0,0,0,0,0,0,0,0,0,0,0,0,0,0,0,0,0,0
1628971,Bruce Brown,DEN,202304160DEN,"Apr 16, 2023",MIN,14,8,3,9,60.87,75.11,-14.24,3,4,4,6,1,2,0,0,1,2,0,0,0,0,0,0,0,0,0,0,0,0,0,0
1627752,Taurean Prince,MIN,202304160DEN,"Apr 16, 2023",DEN,0,4,0,4,0.0,0.0,0.0,1,0,3,0,0,0,0,0,0,0,0,0,0,0,0,0,0,0,0,0,0,0,0,0
201145,Jeff Green,DEN,202304160DEN,"Apr 16, 2023",MIN,0,4,0,4,0.0,0.0,0.0,1,0,3,0,0,0,0,0,0,0,0,0,0,0,0,0,0,0,0,0,0,0,0,0
1629162,Jordan McLaughlin,MIN,202304160DEN,"Apr 16, 2023",DEN,0,3,0,3,0.0,0.0,0.0,2,0,1,0,0,0,0,0,0,0,0,0,0,0,0,0,0,0,0,0,0,0,0,0
1631128,Christian Braun,DEN,202304160DEN,"Apr 16, 2023",MIN,3,1,2,2,75.0,79.79,-4.79,1,2,0,0,0,0,0,0,0,0,0,0,0,0,1,1,0,0,0,0,0,0,0,0
201599,DeAndre Jordan,DEN,202304160DEN,"Apr 16, 2023",MIN,4,3,0,3,66.67,66.67,0.0,3,4,0,0,0,0,0,0,0,0,0,0,0,0,0,0,0,0,0,0,0,0,0,0
1629669,Jaylen Nowell,MIN,202304160DEN,"Apr 16, 2023",DEN,12,10,2,11,42.86,55.15,-12.29,4,2,6,9,1,1,0,0,0,0,0,0,0,0,0,0,0,0,0,0,0,0,0,0
riverau01,A. Rivers,MIN,202304160DEN,"Apr 16, 2023",DEN,3,2,0,2,50.0,75.0,-25.0,0,0,2,3,0,0,0,0,0,0,0,0,0,0,0,0,0,0,0,0,0,0,0,0
knighna01,N. Knight,MIN,202304160DEN,"Apr 16, 2023",DEN,2,4,0,4,20.0,25.0,-5.0,2,2,2,0,0,0,0,0,0,0,0,0,0,0,0,0,0,0,0,0,0,0,0,0
1631169,Josh Minott,MIN,202304160DEN,"Apr 16, 2023",DEN,0,1,0,1,0.0,0.0,0.0,0,0,1,0,0,0,0,0,0,0,0,0,0,0,0,0,0,0,0,0,0,0,0,0
1630192,Zeke Nnaji,DEN,202304160DEN,"Apr 16, 2023",MIN,5,2,0,2,100.0,125.0,-25.0,1,2,1,3,0,0,0,0,0,0,0,0,0,0,0,0,0,0,0,0,0,0,0,0
202397,Ish Smith,DEN,202304160DEN,"Apr 16, 2023",MIN,0,1,0,1,0.0,0.0,0.0,1,0,0,0,0,0,0,0,0,0,0,0,0,0,0,0,0,0,0,0,0,0,0,0
1631212,Peyton Watson,DEN,202304160DEN,"Apr 16, 2023",MIN,0,1,0,1,0.0,0.0,0.0,0,0,1,0,0,0,0,0,0,0,0,0,0,0,0,0,0,0,0,0,0,0,0,0
1628427,Vlatko Čančar,DEN,202304160DEN,"Apr 16, 2023",MIN,0,1,0,1,0.0,0.0,0.0,0,0,1,0,0,0,0,0,0,0,0,0,0,0,0,0,0,0,0,0,0,0,0,0
203954,Joel Embiid,PHI,202304170PHI,"Apr 17, 2023",BKN,20,11,8,15,64.52,68.87,-4.35,10,12,1,0,2,4,0,0,0,0,0,0,0,0,0,0,0,0,0,0,0,0,2,4
1628969,Mikal Bridges,BKN,202304170PHI,"Apr 17, 2023",PHI,21,15,9,19,44.68,55.38,-10.7,7,8,8,6,2,2,1,3,0,0,0,0,0,0,0,0,0,0,0,0,0,0,1,2
1629651,Nic Claxton,BKN,202304170PHI,"Apr 17, 2023",PHI,0,2,0,2,0.0,0.0,0.0,2,0,0,0,0,0,0,0,0,0,0,0,0,0,0,0,0,0,0,0,0,0,0,0
202699,Tobias Harris,PHI,202304170PHI,"Apr 17, 2023",BKN,20,14,3,15,58.82,65.27,-6.45,10,12,3,3,0,0,0,0,1,3,0,0,0,0,0,0,0,0,0,0,0,0,1,2
203915,Spencer Dinwiddie,PHI,202304170PHI,"Apr 17, 2023",BKN,12,14,3,15,35.29,39.16,-3.87,10,6,3,3,1,0,0,0,1,3,0,0,0,0,0,0,0,0,0,0,0,0,0,0
1627827,Dorian Finney-Smith,BKN,202304170PHI,"Apr 17, 2023",PHI,8,9,0,9,33.33,44.44,-11.11,3,2,6,6,0,0,0,0,0,0,0,0,0,0,0,0,0,0,0,0,0,0,0,0
1629661,Cameron Johnson,BKN,202304170PHI,"Apr 17, 2023",PHI,28,19,2,20,54.9,70.42,-15.52,8,12,11,15,1,1,0,0,0,0,0,0,0,0,0,0,0,0,0,0,0,0,0,0
201935,James Harden,PHI,202304170PHI,"Apr 17, 2023",BKN,8,13,0,13,23.53,30.77,-7.24,5,2,8,6,0,0,0,0,0,0,0,0,0,0,0,0,0,0,0,0,0,0,0,0
200782,P.J. Tucker,PHI,202304170PHI,"Apr 17, 2023",BKN,0,5,0,5,0.0,0.0,0.0,1,0,4,0,0,0,0,0,0,0,0,0,0,0,0,0,0,0,0,0,0,0,0,0
1630178,Tyrese Maxey,PHI,202304170PHI,"Apr 17, 2023",BKN,33,23,3,24,53.23,67.85,-14.62,9,12,13,18,1,1,0,0,1,2,0,0,0,0,0,0,0,0,0,0,0,0,0,0
1629667,Jalen McDaniels,PHI,202304170PHI,"Apr 17, 2023",BKN,0,3,0,3,0.0,0.0,0.0,2,0,1,0,0,0,0,0,0,0,0,0,0,0,0,0,0,0,0,0,0,0,0,0
1629001,De'Anthony Melton,PHI,202304170PHI,"Apr 17, 2023",BKN,9,7,2,8,42.86,57.11,-14.25,2,2,5,6,1,1,0,0,0,0,0,0,0,0,0,0,0,0,0,0,0,0,0,0
203552,Seth Curry,BKN,202304170PHI,"Apr 17, 2023",PHI,9,8,3,9,40.91,48.28,-7.37,5,4,3,3,0,0,1,2,0,0,0,0,0,0,0,0,0,0,0,0,0,0,0,0
1626220,Royce O'Neale,BKN,202304170PHI,"Apr 17, 2023",PHI,6,11,0,11,19.35,27.27,-7.92,2,0,9,6,0,0,0,0,0,0,0,0,0,0,0,0,0,0,0,0,0,0,0,0
203925,Joe Harris,BKN,202304170PHI,"Apr 17, 2023",PHI,0,2,0,2,0.0,0.0,0.0,0,0,2,0,0,0,0,0,0,0,0,0,0,0,0,0,0,0,0,0,0,0,0,0
1630194,Paul Reed,PHI,202304170PHI,"Apr 17, 2023",BKN,6,4,0,4,75.0,75.0,0.0,4,6,0,0,0,0,0,0,0,0,0,0,0,0,0,0,0,0,0,0,0,0,0,0
203110,Draymond Green,GSW,202304170SAC,"Apr 17, 2023",SAC,8,6,2,7,50.0,58.14,-8.14,4,4,2,3,1,1,0,0,0,0,0,0,0,0,0,0,0,0,0,0,0,0,0,0
1627734,Domantas Sabonis,SAC,202304170SAC,"Apr 17, 2023",GSW,24,12,12,17,66.67,69.44,-2.77,10,12,0,0,2,3,0,0,2,5,0,0,0,0,1,0,0,0,0,0,0,0,2,4
201939,Stephen Curry,GSW,202304170SAC,"Apr 17, 2023",SAC,28,21,8,26,44.44,57.1,-12.66,8,12,13,9,2,4,0,0,0,0,0,0,1,1,0,0,0,0,0,0,1,0,1,2
1628368,De'Aaron Fox,SAC,202304170SAC,"Apr 17, 2023",GSW,24,23,2,24,41.38,50.25,-8.87,13,16,10,6,1,2,0,0,0,0,0,0,0,0,0,0,0,0,0,0,0,0,0,0
1626172,Kevon Looney,GSW,202304170SAC,"Apr 17, 2023",SAC,6,7,0,7,42.86,42.86,0.0,7,6,0,0,0,0,0,0,0,0,0,0,0,0,0,0,0,0,0,0,0,0,0,0
202691,Klay Thompson,GSW,202304170SAC,"Apr 17, 2023",SAC,21,13,2,14,55.26,75.65,-20.39,3,4,10,15,0,0,0,0,0,0,0,0,0,0,0,0,0,0,0,0,0,0,1,2
203084,Harrison Barnes,SAC,202304170SAC,"Apr 17, 2023",GSW,13,13,5,15,37.14,42.76,-5.62,9,10,4,0,1,2,1,1,0,0,0,0,0,0,0,0,0,0,0,0,0,0,0,0
1631099,Keegan Murray,GSW,202304170SAC,"Apr 17, 2023",SAC,2,1,2,2,50.0,53.19,-3.19,1,0,0,0,1,2,0,0,0,0,0,0,0,0,0,0,0,0,0,0,0,0,0,0
1628989,Kevin Huerter,SAC,202304170SAC,"Apr 17, 2023",GSW,15,14,2,15,38.46,50.4,-11.94,5,8,9,6,1,1,0,0,0,0,0,0,0,0,0,0,0,0,0,0,0,0,0,0
1630558,Davion Mitchell,SAC,202304170SAC,"Apr 17, 2023",GSW,14,10,2,11,50.0,64.34,-14.34,4,6,6,6,0,0,0,0,0,0,0,0,0,0,0,0,0,0,0,0,0,0,1,2
203952,Andrew Wiggins,GSW,202304170SAC,"Apr 17, 2023",SAC,22,19,2,20,45.83,55.33,-9.5,11,14,8,6,0,0,0,0,0,0,0,0,0,0,0,0,0,0,0,0,0,0,1,2
1629673,Jordan Poole,GSW,202304170SAC,"Apr 17, 2023",SAC,4,7,2,8,21.05,25.38,-4.33,4,2,3,0,1,2,0,0,0,0,0,0,0,0,0,0,0,0,0,0,0,0,0,0
1626168,Trey Lyles,SAC,202304170SAC,"Apr 17, 2023",GSW,0,2,0,2,0.0,0.0,0.0,0,0,2,0,0,0,0,0,0,0,0,0,0,0,0,0,0,0,0,0,0,0,0,0
1628370,Malik Monk,SAC,202304170SAC,"Apr 17, 2023",GSW,18,15,4,17,43.9,53.7,-9.8,8,6,7,9,1,1,0,0,0,0,0,0,0,0,0,0,0,0,0,0,0,0,1,2
1627780,Gary Payton II,GSW,202304170SAC,"Apr 17, 2023",SAC,13,6,2,7,76.47,94.48,-18.01,3,6,3,6,1,1,0,0,0,0,0,0,0,0,0,0,0,0,0,0,0,0,0,0
203458,Alex Len,SAC,202304170SAC,"Apr 17, 2023",GSW,4,2,0,2,100.0,100.0,0.0,2,4,0,0,0,0,0,0,0,0,0,0,0,0,0,0,0,0,0,0,0,0,0,0
1630541,Moses Moody,GSW,202304170SAC,"Apr 17, 2023",SAC,4,3,0,3,57.14,66.67,-9.53,2,4,1,0,0,0,0,0,0,0,0,0,0,0,0,0,0,0,0,0,0,0,0,0
1629631,De'Andre Hunter,ATL,202304180BOS,"Apr 18, 2023",BOS,18,19,0,19,38.3,47.37,-9.07,10,12,9,6,0,0,0,0,0,0,0,0,0,0,0,0,0,0,0,0,0,0,0,0
1627759,Jaylen Brown,BOS,202304180BOS,"Apr 18, 2023",ATL,18,14,4,16,50.0,57.11,-7.11,10,10,4,6,2,2,0,0,0,0,0,0,0,0,0,0,0,0,0,0,0,0,0,0
203935,Marcus Smart,BOS,202304180BOS,"Apr 18, 2023",ATL,14,11,0,11,50.0,63.64,-13.64,5,8,6,6,0,0,0,0,0,0,0,0,0,0,0,0,0,0,0,0,0,0,0,0
1628381,John Collins,ATL,202304180BOS,"Apr 18, 2023",BOS,5,11,0,11,17.24,22.73,-5.49,4,2,7,3,0,0,0,0,0,0,0,0,0,0,0,0,0,0,0,0,0,0,0,0
tatumja01,J. Tatum,BOS,202304180BOS,"Apr 18, 2023",ATL,29,22,0,22,54.72,65.91,-11.19,13,14,9,15,0,0,0,0,0,0,0,0,0,0,0,0,0,0,0,0,0,0,0,0
1627749,Dejounte Murray,ATL,202304180BOS,"Apr 18, 2023",BOS,29,24,0,24,47.54,60.42,-12.88,11,8,13,21,0,0,0,0,0,0,0,0,0,0,0,0,0,0,0,0,0,0,0,0
203991,Clint Capela,ATL,202304180BOS,"Apr 18, 2023",BOS,4,4,2,5,40.0,40.98,-0.98,4,4,0,0,1,0,0,0,0,0,0,0,0,0,0,0,0,0,0,0,0,0,0,0
1629027,Trae Young,ATL,202304180BOS,"Apr 18, 2023",BOS,24,22,6,25,41.38,48.7,-7.32,13,12,8,6,2,4,0,0,1,2,0,0,1,0,0,0,0,0,0,0,0,0,0,0
201143,Al Horford,BOS,202304180BOS,"Apr 18, 2023",ATL,8,6,0,6,50.0,66.67,-16.67,2,2,4,6,0,0,0,0,0,0,0,0,0,0,0,0,0,0,0,0,0,0,0,0
1628401,Derrick White,BOS,202304180BOS,"Apr 18, 2023",ATL,26,16,2,17,66.67,77.01,-10.34,11,18,5,6,1,2,0,0,0,0,0,0,0,0,0,0,0,0,0,0,0,0,0,0
203992,Bogdan Bogdanović,ATL,202304180BOS,"Apr 18, 2023",BOS,18,11,0,11,62.07,81.82,-19.75,4,6,7,12,0,0,0,0,0,0,0,0,0,0,0,0,0,0,0,0,0,0,0,0
1629057,Robert Williams III,BOS,202304180BOS,"Apr 18, 2023",ATL,8,5,0,5,80.0,80.0,0.0,5,8,0,0,0,0,0,0,0,0,0,0,0,0,0,0,0,0,0,0,0,0,0,0
1630180,Saddiq Bey,ATL,202304180BOS,"Apr 18, 2023",BOS,0,4,0,4,0.0,0.0,0.0,1,0,3,0,0,0,0,0,0,0,0,0,0,0,0,0,0,0,0,0,0,0,0,0
1630168,Onyeka Okongwu,ATL,202304180BOS,"Apr 18, 2023",BOS,8,5,0,5,80.0,80.0,0.0,5,8,0,0,0,0,0,0,0,0,0,0,0,0,0,0,0,0,0,0,0,0,0,0
1627763,Malcolm Brogdon,BOS,202304180BOS,"Apr 18, 2023",ATL,13,11,4,13,43.33,50.94,-7.61,7,6,4,3,2,4,0,0,0,0,0,0,0,0,0,0,0,0,0,0,0,0,0,0
1630573,Sam Hauser,BOS,202304180BOS,"Apr 18, 2023",ATL,3,1,0,1,100.0,150.0,-50.0,0,0,1,3,0,0,0,0,0,0,0,0,0,0,0,0,0,0,0,0,0,0,0,0
1630552,Jalen Johnson,ATL,202304180BOS,"Apr 18, 2023",BOS,0,1,0,1,0.0,0.0,0.0,0,0,1,0,0,0,0,0,0,0,0,0,0,0,0,0,0,0,0,0,0,0,0,0
1630171,Isaac Okoro,CLE,202304180CLE,"Apr 18, 2023",NYK,0,1,0,1,0.0,0.0,0.0,1,0,0,0,0,0,0,0,0,0,0,0,0,0,0,0,0,0,0,0,0,0,0,0
1628973,Jalen Brunson,NYK,202304180CLE,"Apr 18, 2023",CLE,20,17,10,22,38.46,46.73,-8.27,9,8,8,3,4,7,0,0,0,0,0,0,0,0,0,0,0,0,0,0,0,0,1,2
1628378,Donovan Mitchell,CLE,202304180CLE,"Apr 18, 2023",NYK,17,11,4,13,54.84,66.61,-11.77,6,8,5,6,2,3,0,0,0,0,0,0,0,0,0,0,0,0,0,0,0,0,0,0
203944,Julius Randle,NYK,202304180CLE,"Apr 18, 2023",CLE,22,20,3,21,44.0,51.59,-7.59,12,8,7,9,0,0,0,0,1,3,0,0,0,0,0,0,0,0,0,0,0,0,1,2
1629011,Mitchell Robinson,NYK,202304180CLE,"Apr 18, 2023",CLE,2,2,0,2,50.0,50.0,0.0,2,2,0,0,0,0,0,0,0,0,0,0,0,0,0,0,0,0,0,0,0,0,0,0
1630596,Evan Mobley,CLE,202304180CLE,"Apr 18, 2023",NYK,13,11,2,12,54.17,54.71,-0.54,11,12,0,0,1,1,0,0,0,0,0,0,0,0,0,0,0,0,0,0,0,0,0,0
1629656,Quentin Grimes,NYK,202304180CLE,"Apr 18, 2023",CLE,4,2,5,4,36.36,47.62,-11.26,0,0,2,0,1,2,1,2,0,0,0,0,0,0,0,0,0,0,0,0,0,0,0,0
1628386,Jarrett Allen,CLE,202304180CLE,"Apr 18, 2023",NYK,9,8,2,9,50.0,50.68,-0.68,8,8,0,0,1,1,0,0,0,0,0,0,0,0,0,0,0,0,0,0,0,0,0,0
1626224,Cedi Osman,CLE,202304180CLE,"Apr 18, 2023",NYK,5,9,0,9,20.0,27.78,-7.78,2,2,7,3,0,0,0,0,0,0,0,0,0,0,0,0,0,0,0,0,0,0,0,0
1629628,RJ Barrett,NYK,202304180CLE,"Apr 18, 2023",CLE,14,13,7,16,38.89,43.53,-4.64,9,6,3,0,3,6,0,0,1,2,0,0,0,0,0,0,0,0,0,0,0,0,0,0
1629636,Darius Garland,CLE,202304180CLE,"Apr 18, 2023",NYK,32,17,11,23,58.18,73.26,-15.08,7,4,10,18,3,6,0,0,0,0,0,0,2,3,0,0,0,0,0,0,0,0,1,1
1630167,Obi Toppin,NYK,202304180CLE,"Apr 18, 2023",CLE,7,8,0,8,35.0,43.75,-8.75,4,4,4,3,0,0,0,0,0,0,0,0,0,0,0,0,0,0,0,0,0,0,0,0
1627747,Caris LeVert,CLE,202304180CLE,"Apr 18, 2023",NYK,24,16,2,17,55.81,71.09,-15.28,7,10,9,12,1,2,0,0,0,0,0,0,0,0,0,0,0,0,0,0,0,0,0,0
1628392,Isaiah Hartenstein,NYK,202304180CLE,"Apr 18, 2023",CLE,4,6,1,6,30.77,31.06,-0.29,5,2,0,0,0,0,0,0,1,2,0,0,0,0,0,0,0,0,0,0,0,0,0,0
1628404,Josh Hart,NYK,202304180CLE,"Apr 18, 2023",CLE,5,3,0,3,71.43,83.33,-11.9,2,2,1,3,0,0,0,0,0,0,0,0,0,0,0,0,0,0,0,0,0,0,0,0
201980,Danny Green,CLE,202304180CLE,"Apr 18, 2023",NYK,3,2,0,2,50.0,75.0,-25.0,0,0,2,3,0,0,0,0,0,0,0,0,0,0,0,0,0,0,0,0,0,0,0,0
1630193,Immanuel Quickley,NYK,202304180CLE,"Apr 18, 2023",CLE,12,8,4,10,50.0,61.48,-11.48,4,6,4,3,1,1,0,0,0,0,0,0,0,0,0,0,0,0,0,0,0,0,1,2
201577,Robin Lopez,CLE,202304180CLE,"Apr 18, 2023",NYK,4,2,0,2,100.0,100.0,0.0,2,4,0,0,0,0,0,0,0,0,0,0,0,0,0,0,0,0,0,0,0,0,0,0
201142,Kevin Durant,PHX,202304180PHO,"Apr 18, 2023",LAC,25,19,6,22,52.08,57.76,-5.68,15,20,4,0,2,3,0,0,0,0,0,0,0,0,0,0,0,0,0,0,0,0,1,2
201569,Eric Gordon,LAC,202304180PHO,"Apr 18, 2023",PHX,12,12,0,12,36.36,50.0,-13.64,3,0,9,12,0,0,0,0,0,0,0,0,0,0,0,0,0,0,0,0,0,0,0,0
bookede01,D. Booker,PHX,202304180PHO,"Apr 18, 2023",LAC,38,22,6,25,66.67,77.11,-10.44,15,20,7,12,2,4,0,0,0,0,0,0,0,0,0,0,0,0,0,0,0,0,1,2
1628470,Torrey Craig,PHX,202304180PHO,"Apr 18, 2023",LAC,17,9,0,9,65.38,94.44,-29.06,1,2,8,15,0,0,0,0,0,0,0,0,0,0,0,0,0,0,0,0,0,0,0,0
1627826,Ivica Zubac,LAC,202304180PHO,"Apr 18, 2023",PHX,8,7,6,10,40.0,41.49,-1.49,7,4,0,0,2,2,0,0,0,0,0,0,0,0,0,0,0,0,0,0,0,0,1,2
201566,Russell Westbrook,LAC,202304180PHO,"Apr 18, 2023",PHX,28,16,8,19,65.12,71.72,-6.6,11,10,3,6,3,6,0,0,2,6,0,0,0,0,0,0,0,0,0,0,0,0,0,0
201587,Nicolas Batum,LAC,202304180PHO,"Apr 18, 2023",PHX,0,4,0,4,0.0,0.0,0.0,0,0,4,0,0,0,0,0,0,0,0,0,0,0,0,0,0,0,0,0,0,0,0,0
202695,Kawhi Leonard,LAC,202304180PHO,"Apr 18, 2023",PHX,31,20,7,24,59.62,67.16,-7.54,15,16,5,9,1,2,0,0,0,0,0,0,1,1,0,0,0,0,0,0,0,0,2,3
101108,Chris Paul,PHX,202304180PHO,"Apr 18, 2023",LAC,16,14,0,14,55.17,57.14,-1.97,13,16,1,0,0,0,0,0,0,0,0,0,0,0,0,0,0,0,0,0,0,0,0,0
1629028,Deandre Ayton,PHX,202304180PHO,"Apr 18, 2023",LAC,14,10,0,10,70.0,70.0,0.0,10,14,0,0,0,0,0,0,0,0,0,0,0,0,0,0,0,0,0,0,0,0,0,0
1629611,Terance Mann,LAC,202304180PHO,"Apr 18, 2023",PHX,10,3,2,4,100.0,128.87,-28.87,1,2,2,6,1,2,0,0,0,0,0,0,0,0,0,0,0,0,0,0,0,0,0,0
1626181,Norman Powell,LAC,202304180PHO,"Apr 18, 2023",PHX,12,11,4,13,41.38,47.02,-5.64,8,8,3,0,2,4,0,0,0,0,0,0,0,0,0,0,0,0,0,0,0,0,0,0
202687,Bismack Biyombo,PHX,202304180PHO,"Apr 18, 2023",LAC,6,5,0,5,60.0,60.0,0.0,5,6,0,0,0,0,0,0,0,0,0,0,0,0,0,0,0,0,0,0,0,0,0,0
1629013,Landry Shamet,PHX,202304180PHO,"Apr 18, 2023",LAC,0,2,0,2,0.0,0.0,0.0,0,0,2,0,0,0,0,0,0,0,0,0,0,0,0,0,0,0,0,0,0,0,0,0
203486,Mason Plumlee,LAC,202304180PHO,"Apr 18, 2023",PHX,2,0,2,1,100.0,113.64,-13.64,0,0,0,0,1,2,0,0,0,0,0,0,0,0,0,0,0,0,0,0,0,0,0,0
1629006,Josh Okogie,PHX,202304180PHO,"Apr 18, 2023",LAC,7,4,2,5,58.33,71.72,-13.39,2,2,2,3,1,2,0,0,0,0,0,0,0,0,0,0,0,0,0,0,0,0,0,0
1630538,Bones Hyland,LAC,202304180PHO,"Apr 18, 2023",PHX,6,7,2,8,30.0,38.07,-8.07,3,4,4,0,1,2,0,0,0,0,0,0,0,0,0,0,0,0,0,0,0,0,0,0
203076,Anthony Davis,LAL,202304190MEM,"Apr 19, 2023",MEM,13,14,4,16,39.39,41.24,-1.85,13,6,1,3,2,4,0,0,0,0,0,0,0,0,0,0,0,0,0,0,0,0,0,0
1630214,Xavier Tillman,MEM,202304190MEM,"Apr 19, 2023",LAL,22,13,2,14,73.33,79.25,-5.92,11,18,2,3,1,1,0,0,0,0,0,0,0,0,0,0,0,0,0,0,0,0,0,0
1628415,Dillon Brooks,MEM,202304190MEM,"Apr 19, 2023",LAL,12,14,0,14,35.29,42.86,-7.57,8,6,6,6,0,0,0,0,0,0,0,0,0,0,0,0,0,0,0,0,0,0,0,0
1630217,Desmond Bane,MEM,202304190MEM,"Apr 19, 2023",LAL,17,18,4,20,36.96,43.02,-6.06,12,10,6,3,2,4,0,0,0,0,0,0,0,0,0,0,0,0,0,0,0,0,0,0
2544,LeBron James,LAL,202304190MEM,"Apr 19, 2023",MEM,28,23,4,25,48.28,56.54,-8.26,15,22,8,3,2,3,0,0,0,0,0,0,0,0,0,0,0,0,0,0,0,0,0,0
1626145,Tyus Jones,MEM,202304190MEM,"Apr 19, 2023",LAL,10,11,3,12,33.33,40.58,-7.25,5,6,5,0,0,0,0,0,1,2,0,0,0,0,0,0,0,0,0,0,0,0,1,2
1626156,D'Angelo Russell,LAL,202304190MEM,"Apr 19, 2023",MEM,5,11,0,11,18.52,22.73,-4.21,6,2,5,3,0,0,0,0,0,0,0,0,0,0,0,0,0,0,0,0,0,0,0,0
1629020,Jarred Vanderbilt,LAL,202304190MEM,"Apr 19, 2023",MEM,8,5,2,6,61.54,68.03,-6.49,4,6,1,0,1,2,0,0,0,0,0,0,0,0,0,0,0,0,0,0,0,0,0,0
1628991,Jaren Jackson Jr.,LAL,202304190MEM,"Apr 19, 2023",MEM,18,12,10,17,48.65,54.88,-6.23,9,8,3,3,4,5,0,0,0,0,0,0,0,0,0,0,0,0,0,0,0,0,1,2
1630583,Santi Aldama,MEM,202304190MEM,"Apr 19, 2023",LAL,0,3,0,3,0.0,0.0,0.0,1,0,2,0,0,0,0,0,0,0,0,0,0,0,0,0,0,0,0,0,0,0,0,0
1630559,Austin Reaves,LAL,202304190MEM,"Apr 19, 2023",MEM,12,12,3,13,40.0,45.05,-5.05,8,6,3,3,0,0,0,0,1,2,0,0,0,0,0,0,0,0,0,0,0,0,1,1
1629060,Rui Hachimura,LAL,202304190MEM,"Apr 19, 2023",MEM,20,12,6,15,58.82,68.31,-9.49,8,10,4,6,2,3,0,0,0,0,0,0,0,0,0,0,0,0,0,0,0,0,1,1
1628379,Luke Kennard,MEM,202304190MEM,"Apr 19, 2023",LAL,13,7,2,8,65.0,82.49,-17.49,3,2,3,6,0,0,0,0,0,0,1,4,1,1,0,0,0,0,0,0,0,0,0,0
1628972,Troy Brown Jr.,LAL,202304190MEM,"Apr 19, 2023",MEM,0,1,0,1,0.0,0.0,0.0,0,0,1,0,0,0,0,0,0,0,0,0,0,0,0,0,0,0,0,0,0,0,0,0
203471,Dennis Schröder,LAL,202304190MEM,"Apr 19, 2023",MEM,0,3,0,3,0.0,0.0,0.0,3,0,0,0,0,0,0,0,0,0,0,0,0,0,0,0,0,0,0,0,0,0,0,0
1631223,David Roddy,MEM,202304190MEM,"Apr 19, 2023",LAL,9,8,0,8,39.13,56.25,-17.12,1,0,7,9,0,0,0,0,0,0,0,0,0,0,0,0,0,0,0,0,0,0,0,0
1627736,Malik Beasley,LAL,202304190MEM,"Apr 19, 2023",MEM,7,4,2,5,53.85,71.72,-17.87,1,2,3,3,1,2,0,0,0,0,0,0,0,0,0,0,0,0,0,0,0,0,0,0
1629723,John Konchar,MEM,202304190MEM,"Apr 19, 2023",LAL,2,3,0,3,28.57,33.33,-4.76,2,2,1,0,0,0,0,0,0,0,0,0,0,0,0,0,0,0,0,0,0,0,0,0
1628389,Bam Adebayo,MIA,202304190MIL,"Apr 19, 2023",MIL,18,16,1,16,54.55,54.74,-0.19,15,16,0,0,0,0,0,0,1,2,0,0,0,0,0,0,0,0,0,0,0,0,0,0
1626171,Bobby Portis,MIL,202304190MIL,"Apr 19, 2023",MIA,13,9,0,9,59.09,72.22,-13.13,5,4,4,9,0,0,0,0,0,0,0,0,0,0,0,0,0,0,0,0,0,0,0,0
201572,Brook Lopez,MIL,202304190MIL,"Apr 19, 2023",MIA,25,17,1,17,69.44,71.67,-2.23,15,22,1,0,0,0,0,0,1,3,0,0,0,0,0,0,0,0,0,0,0,0,0,0
201950,Jrue Holiday,MIL,202304190MIL,"Apr 19, 2023",MIA,24,19,0,19,50.0,63.16,-13.16,9,12,10,12,0,0,0,0,0,0,0,0,0,0,0,0,0,0,0,0,0,0,0,0
202710,Jimmy Butler III,MIA,202304190MIL,"Apr 19, 2023",MIL,25,12,10,16,65.79,76.22,-10.43,6,8,4,6,3,5,0,0,2,5,0,0,0,0,1,1,0,0,0,0,0,0,0,0
strusma01,M. Strus,MIA,202304190MIL,"Apr 19, 2023",MIL,4,4,1,5,30.77,45.05,-14.28,0,0,4,3,0,0,0,0,0,0,0,0,1,1,0,0,0,0,0,0,0,0,0,0
203114,Khris Middleton,MIL,202304190MIL,"Apr 19, 2023",MIA,16,16,2,17,41.03,47.39,-6.36,11,8,5,6,1,2,0,0,0,0,0,0,0,0,0,0,0,0,0,0,0,0,0,0
1629216,Gabe Vincent,MIA,202304190MIL,"Apr 19, 2023",MIL,16,12,1,12,47.06,64.31,-17.25,3,4,8,9,0,0,0,0,0,0,1,3,0,0,0,0,0,0,0,0,0,0,0,0
1628960,Grayson Allen,MIL,202304190MIL,"Apr 19, 2023",MIA,16,11,3,12,48.48,64.94,-16.46,3,2,7,9,1,2,0,0,0,0,1,3,0,0,0,0,0,0,0,0,0,0,0,0
1629130,Duncan Robinson,MIA,202304190MIL,"Apr 19, 2023",MIL,14,8,0,8,63.64,87.5,-23.86,2,2,6,12,0,0,0,0,0,0,0,0,0,0,0,0,0,0,0,0,0,0,0,0
204060,Joe Ingles,MIL,202304190MIL,"Apr 19, 2023",MIA,17,7,0,7,85.0,121.43,-36.43,1,2,6,15,0,0,0,0,0,0,0,0,0,0,0,0,0,0,0,0,0,0,0,0
200768,Kyle Lowry,MIA,202304190MIL,"Apr 19, 2023",MIL,5,5,0,5,38.46,50.0,-11.54,2,2,3,3,0,0,0,0,0,0,0,0,0,0,0,0,0,0,0,0,0,0,0,0
201567,Kevin Love,MIA,202304190MIL,"Apr 19, 2023",MIL,4,2,4,4,44.44,53.19,-8.75,1,0,1,0,0,0,0,0,0,0,0,0,0,0,0,0,0,0,0,0,0,0,2,4
1628997,Caleb Martin,MIA,202304190MIL,"Apr 19, 2023",MIL,15,8,3,9,65.22,80.47,-15.25,3,4,4,6,1,2,0,0,1,3,0,0,0,0,0,0,0,0,0,0,0,0,0,0
203109,Jae Crowder,MIL,202304190MIL,"Apr 19, 2023",MIA,0,4,0,4,0.0,0.0,0.0,2,0,2,0,0,0,0,0,0,0,0,0,0,0,0,0,0,0,0,0,0,0,0,0
oladivi01,V. Oladipo,MIA,202304190MIL,"Apr 19, 2023",MIL,15,13,3,14,45.45,52.37,-6.92,8,6,4,6,1,0,0,0,1,3,0,0,0,0,0,0,0,0,0,0,0,0,0,0
1626192,Pat Connaughton,MIL,202304190MIL,"Apr 19, 2023",MIA,22,12,0,12,64.71,91.67,-26.96,2,4,10,18,0,0,0,0,0,0,0,0,0,0,0,0,0,0,0,0,0,0,0,0
1628975,Jevon Carter,MIL,202304190MIL,"Apr 19, 2023",MIA,3,3,0,3,33.33,50.0,-16.67,0,0,3,3,0,0,0,0,0,0,0,0,0,0,0,0,0,0,0,0,0,0,0,0
203469,Cody Zeller,MIA,202304190MIL,"Apr 19, 2023",MIL,4,2,0,2,100.0,100.0,0.0,2,4,0,0,0,0,0,0,0,0,0,0,0,0,0,0,0,0,0,0,0,0,0,0
1629312,Haywood Highsmith,MIA,202304190MIL,"Apr 19, 2023",MIL,2,2,0,2,40.0,50.0,-10.0,1,2,1,0,0,0,0,0,0,0,0,0,0,0,0,0,0,0,0,0,0,0,0,0
dragigo01,G. DragiÄ,MIL,202304190MIL,"Apr 19, 2023",MIA,2,0,2,1,100.0,113.64,-13.64,0,0,0,0,1,2,0,0,0,0,0,0,0,0,0,0,0,0,0,0,0,0,0,0
leoname01,M. Leonard,MIL,202304190MIL,"Apr 19, 2023",MIA,0,1,0,1,0.0,0.0,0.0,1,0,0,0,0,0,0,0,0,0,0,0,0,0,0,0,0,0,0,0,0,0,0,0
1627750,Jamal Murray,DEN,202304190DEN,"Apr 19, 2023",MIN,40,22,9,27,63.49,77.04,-13.55,12,14,10,18,3,6,0,0,0,0,0,0,1,1,0,0,0,0,0,0,0,0,1,1
201144,Mike Conley,MIN,202304190DEN,"Apr 19, 2023",DEN,14,9,3,11,56.0,67.83,-11.83,5,6,4,6,1,1,0,0,0,0,0,0,0,0,0,0,0,0,0,0,0,0,1,1
203484,Kentavious Caldwell-Pope,DEN,202304190DEN,"Apr 19, 2023",MIN,8,10,2,11,33.33,36.76,-3.43,8,6,2,0,0,0,0,0,0,0,0,0,0,0,0,0,0,0,0,0,0,0,1,2
1630162,Anthony Edwards,MIN,202304190DEN,"Apr 19, 2023",DEN,41,23,8,27,64.06,77.3,-13.24,13,16,10,18,4,7,0,0,0,0,0,0,0,0,0,0,0,0,0,0,0,0,0,0
203932,Aaron Gordon,MIN,202304190DEN,"Apr 19, 2023",DEN,12,11,0,11,54.55,54.55,0.0,11,12,0,0,0,0,0,0,0,0,0,0,0,0,0,0,0,0,0,0,0,0,0,0
203497,Rudy Gobert,MIN,202304190DEN,"Apr 19, 2023",DEN,19,11,6,14,67.86,69.65,-1.79,11,14,0,0,3,5,0,0,0,0,0,0,0,0,0,0,0,0,0,0,0,0,0,0
1627752,Taurean Prince,MIN,202304190DEN,"Apr 19, 2023",DEN,12,8,2,9,50.0,67.57,-17.57,2,2,6,9,1,1,0,0,0,0,0,0,0,0,0,0,0,0,0,0,0,0,0,0
1626157,Karl-Anthony Towns,MIN,202304190DEN,"Apr 19, 2023",DEN,10,12,2,13,32.26,38.82,-6.56,7,2,5,6,1,2,0,0,0,0,0,0,0,0,0,0,0,0,0,0,0,0,0,0
1629008,Michael Porter Jr.,MIN,202304190DEN,"Apr 19, 2023",DEN,16,7,5,9,72.73,86.96,-14.23,4,6,2,3,2,3,0,0,0,0,1,4,0,0,0,0,0,0,0,0,0,0,0,0
203999,Nikola Jokić,DEN,202304190DEN,"Apr 19, 2023",MIN,27,19,9,24,54.0,58.8,-4.8,16,18,3,3,3,4,0,0,0,0,0,0,0,0,0,0,0,0,0,0,0,0,2,2
1628971,Bruce Brown,DEN,202304190DEN,"Apr 19, 2023",MIN,6,7,0,7,35.29,42.86,-7.57,4,6,3,0,0,0,0,0,0,0,0,0,0,0,0,0,0,0,0,0,0,0,0,0
1629638,Nickeil Alexander-Walker,MIN,202304190DEN,"Apr 19, 2023",DEN,5,6,0,6,29.41,41.67,-12.26,1,2,5,3,0,0,0,0,0,0,0,0,0,0,0,0,0,0,0,0,0,0,0,0
203937,Kyle Anderson,MIN,202304190DEN,"Apr 19, 2023",DEN,10,5,2,6,83.33,85.03,-1.7,5,8,0,0,1,2,0,0,0,0,0,0,0,0,0,0,0,0,0,0,0,0,0,0
1631128,Christian Braun,DEN,202304190DEN,"Apr 19, 2023",MIN,2,2,0,2,50.0,50.0,0.0,2,2,0,0,0,0,0,0,0,0,0,0,0,0,0,0,0,0,0,0,0,0,0,0
201145,Jeff Green,DEN,202304190DEN,"Apr 19, 2023",MIN,11,7,0,7,73.33,78.57,-5.24,6,8,1,3,0,0,0,0,0,0,0,0,0,0,0,0,0,0,0,0,0,0,0,0
1629669,Jaylen Nowell,MIN,202304190DEN,"Apr 19, 2023",DEN,2,5,0,5,18.18,20.0,-1.82,4,2,1,0,0,0,0,0,0,0,0,0,0,0,0,0,0,0,0,0,0,0,0,0
1628969,Mikal Bridges,BKN,202304200BRK,"Apr 20, 2023",PHI,26,26,4,28,41.27,46.83,-5.56,19,10,7,12,2,4,0,0,0,0,0,0,0,0,0,0,0,0,0,0,0,0,0,0
203954,Joel Embiid,PHI,202304200BRK,"Apr 20, 2023",BKN,14,13,5,16,41.18,46.05,-4.87,10,10,3,0,0,0,0,0,0,0,0,0,1,1,0,0,0,0,0,0,0,0,2,3
1627827,Dorian Finney-Smith,PHI,202304200BRK,"Apr 20, 2023",BKN,3,4,0,4,25.0,37.5,-12.5,0,0,4,3,0,0,0,0,0,0,0,0,0,0,0,0,0,0,0,0,0,0,0,0
201935,James Harden,PHI,202304200BRK,"Apr 20, 2023",BKN,21,15,3,17,52.5,64.34,-11.84,8,10,7,9,1,2,0,0,0,0,0,0,1,0,0,0,0,0,0,0,0,0,0,0
200782,P.J. Tucker,PHI,202304200BRK,"Apr 20, 2023",BKN,3,3,2,4,30.0,38.66,-8.66,1,2,2,0,0,0,0,0,0,0,0,0,0,0,0,0,0,0,0,0,0,0,1,1
1629661,Cameron Johnson,BKN,202304200BRK,"Apr 20, 2023",PHI,17,12,3,13,53.12,63.81,-10.69,7,8,4,3,1,2,0,0,0,0,1,4,0,0,0,0,0,0,0,0,0,0,0,0
203915,Spencer Dinwiddie,BKN,202304200BRK,"Apr 20, 2023",PHI,20,12,10,17,52.63,60.98,-8.35,8,6,4,6,5,8,0,0,0,0,0,0,0,0,0,0,0,0,0,0,0,0,0,0
202699,Tobias Harris,PHI,202304200BRK,"Apr 20, 2023",BKN,15,13,1,13,48.39,55.8,-7.41,8,6,4,6,0,0,0,0,1,3,0,0,0,0,0,0,0,0,0,0,0,0,0,0
1630178,Tyrese Maxey,BKN,202304200BRK,"Apr 20, 2023",PHI,25,17,0,17,59.52,73.53,-14.01,9,10,8,15,0,0,0,0,0,0,0,0,0,0,0,0,0,0,0,0,0,0,0,0
1629651,Nic Claxton,BKN,202304200BRK,"Apr 20, 2023",PHI,18,9,3,9,85.71,87.21,-1.5,6,10,0,0,0,0,0,0,3,8,0,0,0,0,0,0,0,0,0,0,0,0,0,0
1629001,De'Anthony Melton,PHI,202304200BRK,"Apr 20, 2023",BKN,13,8,2,9,59.09,73.2,-14.11,4,6,4,6,1,1,0,0,0,0,0,0,0,0,0,0,0,0,0,0,0,0,0,0
1626220,Royce O'Neale,BKN,202304200BRK,"Apr 20, 2023",PHI,7,7,2,8,33.33,44.42,-11.09,2,2,5,3,0,0,0,0,0,0,0,0,0,0,1,2,0,0,0,0,0,0,0,0
1627777,Georges Niang,PHI,202304200BRK,"Apr 20, 2023",BKN,5,4,0,4,50.0,62.5,-12.5,2,2,2,3,0,0,0,0,0,0,0,0,0,0,0,0,0,0,0,0,0,0,0,0
1629667,Jalen McDaniels,PHI,202304200BRK,"Apr 20, 2023",BKN,4,5,0,5,36.36,40.0,-3.64,4,4,1,0,0,0,0,0,0,0,0,0,0,0,0,0,0,0,0,0,0,0,0,0
1630194,Paul Reed,PHI,202304200BRK,"Apr 20, 2023",BKN,2,4,0,4,25.0,25.0,0.0,4,2,0,0,0,0,0,0,0,0,0,0,0,0,0,0,0,0,0,0,0,0,0,0
1630560,Cam Thomas,BKN,202304200BRK,"Apr 20, 2023",PHI,6,6,0,6,42.86,50.0,-7.14,4,6,2,0,0,0,0,0,0,0,0,0,0,0,0,0,0,0,0,0,0,0,0,0
203925,Joe Harris,BKN,202304200BRK,"Apr 20, 2023",PHI,0,3,0,3,0.0,0.0,0.0,0,0,3,0,0,0,0,0,0,0,0,0,0,0,0,0,0,0,0,0,0,0,0,0
1627734,Domantas Sabonis,SAC,202304200GSW,"Apr 20, 2023",GSW,15,14,2,15,48.39,50.4,-2.01,13,14,1,0,0,0,0,0,0,0,0,0,0,0,0,0,0,0,0,0,0,0,1,1
202691,Klay Thompson,GSW,202304200GSW,"Apr 20, 2023",SAC,13,15,0,15,32.5,43.33,-10.83,5,4,10,9,0,0,0,0,0,0,0,0,0,0,0,0,0,0,0,0,0,0,0,0
1628368,De'Aaron Fox,SAC,202304200GSW,"Apr 20, 2023",GSW,26,22,8,25,42.62,50.94,-8.32,11,8,9,9,3,4,0,0,2,5,0,0,0,0,0,0,0,0,0,0,0,0,0,0
1626172,Kevon Looney,SAC,202304200GSW,"Apr 20, 2023",GSW,4,6,0,6,33.33,33.33,0.0,6,4,0,0,0,0,0,0,0,0,0,0,0,0,0,0,0,0,0,0,0,0,0,0
201939,Stephen Curry,GSW,202304200GSW,"Apr 20, 2023",SAC,36,25,6,27,52.94,65.12,-12.18,12,10,12,18,1,2,1,3,1,3,0,0,0,0,0,0,0,0,0,0,0,0,0,0
1631099,Keegan Murray,SAC,202304200GSW,"Apr 20, 2023",GSW,6,7,2,8,28.57,38.07,-9.5,2,2,5,3,1,1,0,0,0,0,0,0,0,0,0,0,0,0,0,0,0,0,0,0
203952,Andrew Wiggins,GSW,202304200GSW,"Apr 20, 2023",SAC,20,16,2,17,50.0,59.24,-9.24,10,10,6,9,1,1,0,0,0,0,0,0,0,0,0,0,0,0,0,0,0,0,0,0
1629673,Jordan Poole,GSW,202304200GSW,"Apr 20, 2023",SAC,16,13,8,17,39.02,48.43,-9.41,6,6,7,3,2,3,0,0,0,0,0,0,0,0,0,0,0,0,0,0,0,0,2,4
1628989,Kevin Huerter,SAC,202304200GSW,"Apr 20, 2023",GSW,13,12,0,12,43.33,54.17,-10.84,6,10,6,3,0,0,0,0,0,0,0,0,0,0,0,0,0,0,0,0,0,0,0,0
203084,Harrison Barnes,SAC,202304200GSW,"Apr 20, 2023",GSW,17,10,4,12,54.84,72.28,-17.44,3,6,7,9,2,2,0,0,0,0,0,0,0,0,0,0,0,0,0,0,0,0,0,0
1630558,Davion Mitchell,SAC,202304200GSW,"Apr 20, 2023",GSW,5,6,0,6,29.41,41.67,-12.26,1,2,5,3,0,0,0,0,0,0,0,0,0,0,0,0,0,0,0,0,0,0,0,0
1628370,Malik Monk,SAC,202304200GSW,"Apr 20, 2023",GSW,4,9,2,10,16.67,20.24,-3.57,5,2,4,0,1,2,0,0,0,0,0,0,0,0,0,0,0,0,0,0,0,0,0,0
1628978,Donte DiVincenzo,GSW,202304200GSW,"Apr 20, 2023",SAC,6,8,2,9,26.09,33.78,-7.69,3,2,5,3,0,0,0,0,0,0,0,0,0,0,0,0,0,0,0,0,0,0,1,1
1630541,Moses Moody,GSW,202304200GSW,"Apr 20, 2023",SAC,13,7,3,8,59.09,78.12,-19.03,1,2,5,6,1,2,0,0,1,3,0,0,0,0,0,0,0,0,0,0,0,0,0,0
1629056,Terence Davis,SAC,202304200GSW,"Apr 20, 2023",GSW,3,4,0,4,25.0,37.5,-12.5,0,0,4,3,0,0,0,0,0,0,0,0,0,0,0,0,0,0,0,0,0,0,0,0
1626168,Trey Lyles,SAC,202304200GSW,"Apr 20, 2023",GSW,2,6,2,7,11.11,14.53,-3.42,2,0,4,0,1,2,0,0,0,0,0,0,0,0,0,0,0,0,0,0,0,0,0,0
1630224,Jalen Green,GSW,202304200GSW,"Apr 20, 2023",SAC,0,2,0,2,0.0,0.0,0.0,0,0,2,0,0,0,0,0,0,0,0,0,0,0,0,0,0,0,0,0,0,0,0,0
203458,Alex Len,SAC,202304200GSW,"Apr 20, 2023",GSW,2,0,2,1,100.0,113.64,-13.64,0,0,0,0,1,2,0,0,0,0,0,0,0,0,0,0,0,0,0,0,0,0,0,0
1630228,Jonathan Kuminga,GSW,202304200GSW,"Apr 20, 2023",SAC,6,7,2,8,33.33,38.07,-4.74,5,6,2,0,1,0,0,0,0,0,0,0,0,0,0,0,0,0,0,0,0,0,0,0
lamban01,A. Lamb,GSW,202304200GSW,"Apr 20, 2023",SAC,0,1,0,1,0.0,0.0,0.0,0,0,1,0,0,0,0,0,0,0,0,0,0,0,0,0,0,0,0,0,0,0,0,0
1628408,PJ Dozier,SAC,202304200GSW,"Apr 20, 2023",GSW,3,2,0,2,50.0,75.0,-25.0,0,0,2,3,0,0,0,0,0,0,0,0,0,0,0,0,0,0,0,0,0,0,0,0
1629002,Chimezie Metu,SAC,202304200GSW,"Apr 20, 2023",GSW,1,0,1,1,100.0,113.64,-13.64,0,0,0,0,0,0,0,0,0,0,0,0,0,0,0,0,0,0,0,0,0,0,1,1
201142,Kevin Durant,PHX,202304200LAC,"Apr 20, 2023",LAC,28,15,11,21,63.64,70.56,-6.92,12,14,3,3,2,4,0,0,0,0,0,0,1,1,0,0,0,0,0,0,0,0,3,6
1626181,Norman Powell,LAC,202304200LAC,"Apr 20, 2023",PHX,42,23,7,26,64.62,80.52,-15.9,11,16,11,18,3,4,0,0,0,0,1,4,0,0,0,0,0,0,0,0,0,0,0,0
201569,Eric Gordon,LAC,202304200LAC,"Apr 20, 2023",PHX,7,6,4,8,36.84,45.1,-8.26,3,4,3,0,2,3,0,0,0,0,0,0,0,0,0,0,0,0,0,0,0,0,0,0
bookede01,D. Booker,PHX,202304200LAC,"Apr 20, 2023",LAC,45,29,7,31,62.5,70.14,-7.64,19,24,7,9,2,3,0,0,3,9,0,0,0,0,0,0,0,0,0,0,0,0,0,0
201566,Russell Westbrook,LAC,202304200LAC,"Apr 20, 2023",PHX,30,23,6,25,50.85,58.5,-7.65,14,12,7,9,1,1,0,0,2,6,0,0,0,0,0,0,0,0,0,0,0,0,1,2
1629028,Deandre Ayton,LAC,202304200LAC,"Apr 20, 2023",PHX,12,9,8,13,46.15,47.92,-1.77,9,8,0,0,3,4,0,0,0,0,0,0,0,0,0,0,0,0,0,0,0,0,1,0
1628470,Torrey Craig,PHX,202304200LAC,"Apr 20, 2023",LAC,15,5,6,8,75.0,98.17,-23.17,1,0,4,9,1,2,0,0,0,0,0,0,0,0,0,0,0,0,0,0,0,0,2,4
201587,Nicolas Batum,LAC,202304200LAC,"Apr 20, 2023",PHX,0,1,0,1,0.0,0.0,0.0,0,0,1,0,0,0,0,0,0,0,0,0,0,0,0,0,0,0,0,0,0,0,0,0
101108,Chris Paul,PHX,202304200LAC,"Apr 20, 2023",LAC,11,18,2,19,23.91,29.13,-5.22,10,8,8,3,0,0,0,0,0,0,0,0,0,0,0,0,0,0,0,0,0,0,1,0
1627826,Ivica Zubac,LAC,202304200LAC,"Apr 20, 2023",PHX,6,4,0,4,75.0,75.0,0.0,4,6,0,0,0,0,0,0,0,0,0,0,0,0,0,0,0,0,0,0,0,0,0,0
202687,Bismack Biyombo,PHX,202304200LAC,"Apr 20, 2023",LAC,4,1,5,3,57.14,62.5,-5.36,0,0,0,0,0,0,0,0,1,2,0,0,0,0,0,0,0,0,0,0,0,0,2,2
1629013,Landry Shamet,PHX,202304200LAC,"Apr 20, 2023",LAC,0,2,0,2,0.0,0.0,0.0,1,0,1,0,0,0,0,0,0,0,0,0,0,0,0,0,0,0,0,0,0,0,0,0
1629006,Josh Okogie,PHX,202304200LAC,"Apr 20, 2023",LAC,6,5,5,7,37.5,41.67,-4.17,3,0,1,0,2,3,0,0,1,3,0,0,0,0,0,0,0,0,0,0,0,0,0,0
1630538,Bones Hyland,LAC,202304200LAC,"Apr 20, 2023",PHX,20,12,8,16,55.56,64.43,-8.87,8,8,4,6,4,6,0,0,0,0,0,0,0,0,0,0,0,0,0,0,0,0,0,0
1629611,Terance Mann,LAC,202304200LAC,"Apr 20, 2023",PHX,10,6,0,6,62.5,83.33,-20.83,2,4,4,6,0,0,0,0,0,0,0,0,0,0,0,0,0,0,0,0,0,0,0,0
202694,Marcus Morris Sr.,LAC,202304200LAC,"Apr 20, 2023",PHX,5,5,0,5,38.46,50.0,-11.54,2,2,3,3,0,0,0,0,0,0,0,0,0,0,0,0,0,0,0,0,0,0,0,0
203486,Mason Plumlee,LAC,202304200LAC,"Apr 20, 2023",PHX,4,2,0,2,100.0,100.0,0.0,2,4,0,0,0,0,0,0,0,0,0,0,0,0,0,0,0,0,0,0,0,0,0,0
203933,T.J. Warren,PHX,202304200LAC,"Apr 20, 2023",LAC,0,1,0,1,0.0,0.0,0.0,1,0,0,0,0,0,0,0,0,0,0,0,0,0,0,0,0,0,0,0,0,0,0,0
203496,Robert Covington,LAC,202304200LAC,"Apr 20, 2023",PHX,0,1,0,1,0.0,0.0,0.0,0,0,1,0,0,0,0,0,0,0,0,0,0,0,0,0,0,0,0,0,0,0,0,0
1627814,Damion Lee,PHX,202304200LAC,"Apr 20, 2023",LAC,8,3,2,4,72.73,103.09,-30.36,0,0,3,6,1,2,0,0,0,0,0,0,0,0,0,0,0,0,0,0,0,0,0,0
203935,Marcus Smart,BOS,202304210ATL,"Apr 21, 2023",ATL,24,19,2,20,46.15,60.36,-14.21,7,8,12,15,0,0,0,0,0,0,0,0,0,0,0,0,0,0,0,0,0,0,1,1
1629027,Trae Young,ATL,202304210ATL,"Apr 21, 2023",BOS,32,22,6,25,57.14,64.94,-7.8,16,20,6,6,1,2,0,0,0,0,0,0,0,0,0,0,0,0,0,0,0,0,2,4
tatumja01,J. Tatum,BOS,202304210ATL,"Apr 21, 2023",ATL,29,22,9,26,45.31,55.86,-10.55,10,8,11,12,4,6,0,0,1,3,0,0,0,0,0,0,0,0,0,0,0,0,0,0
1628381,John Collins,ATL,202304210ATL,"Apr 21, 2023",BOS,8,7,1,7,38.1,53.76,-15.66,0,0,6,6,0,0,0,0,1,2,0,0,0,0,0,0,0,0,0,0,0,0,0,0
201143,Al Horford,BOS,202304210ATL,"Apr 21, 2023",ATL,8,7,0,7,40.0,57.14,-17.14,1,2,6,6,0,0,0,0,0,0,0,0,0,0,0,0,0,0,0,0,0,0,0,0
1627749,Dejounte Murray,ATL,202304210ATL,"Apr 21, 2023",BOS,25,21,1,21,51.02,58.3,-7.28,14,16,6,6,0,0,0,0,1,3,0,0,0,0,0,0,0,0,0,0,0,0,0,0
1628401,Derrick White,BOS,202304210ATL,"Apr 21, 2023",ATL,11,7,0,7,61.11,78.57,-17.46,3,2,4,9,0,0,0,0,0,0,0,0,0,0,0,0,0,0,0,0,0,0,0,0
1627759,Jaylen Brown,BOS,202304210ATL,"Apr 21, 2023",ATL,15,15,2,16,41.67,47.23,-5.56,11,14,4,0,1,1,0,0,0,0,0,0,0,0,0,0,0,0,0,0,0,0,0,0
203991,Clint Capela,ATL,202304210ATL,"Apr 21, 2023",BOS,10,8,0,8,62.5,62.5,0.0,8,10,0,0,0,0,0,0,0,0,0,0,0,0,0,0,0,0,0,0,0,0,0,0
1627763,Malcolm Brogdon,BOS,202304210ATL,"Apr 21, 2023",ATL,17,15,1,15,45.95,55.05,-9.1,8,6,6,9,0,0,0,0,1,2,0,0,0,0,0,0,0,0,0,0,0,0,0,0
1629631,De'Andre Hunter,ATL,202304210ATL,"Apr 21, 2023",BOS,11,11,4,13,34.38,43.1,-8.72,5,6,6,3,2,2,0,0,0,0,0,0,0,0,0,0,0,0,0,0,0,0,0,0
1630573,Sam Hauser,BOS,202304210ATL,"Apr 21, 2023",ATL,0,1,0,1,0.0,0.0,0.0,0,0,1,0,0,0,0,0,0,0,0,0,0,0,0,0,0,0,0,0,0,0,0,0
1629684,Grant Williams,BOS,202304210ATL,"Apr 21, 2023",ATL,14,4,2,5,100.0,143.44,-43.44,0,0,4,12,1,2,0,0,0,0,0,0,0,0,0,0,0,0,0,0,0,0,0,0
1629057,Robert Williams III,BOS,202304210ATL,"Apr 21, 2023",ATL,4,2,0,2,100.0,100.0,0.0,2,4,0,0,0,0,0,0,0,0,0,0,0,0,0,0,0,0,0,0,0,0,0,0
203992,Bogdan Bogdanović,ATL,202304210ATL,"Apr 21, 2023",BOS,15,8,0,8,75.0,93.75,-18.75,4,6,4,9,0,0,0,0,0,0,0,0,0,0,0,0,0,0,0,0,0,0,0,0
1630180,Saddiq Bey,ATL,202304210ATL,"Apr 21, 2023",BOS,15,7,2,8,78.95,95.18,-16.23,4,4,3,9,1,2,0,0,0,0,0,0,0,0,0,0,0,0,0,0,0,0,0,0
1630168,Onyeka Okongwu,ATL,202304210ATL,"Apr 21, 2023",BOS,4,2,0,2,100.0,100.0,0.0,2,4,0,0,0,0,0,0,0,0,0,0,0,0,0,0,0,0,0,0,0,0,0,0
1630552,Jalen Johnson,ATL,202304210ATL,"Apr 21, 2023",BOS,10,5,2,6,66.67,85.03,-18.36,2,2,3,6,1,2,0,0,0,0,0,0,0,0,0,0,0,0,0,0,0,0,0,0
1628378,Donovan Mitchell,CLE,202304210NYK,"Apr 21, 2023",NYK,22,19,3,20,44.9,54.13,-9.23,10,12,8,6,1,1,0,0,1,3,0,0,0,0,0,0,0,0,0,0,0,0,0,0
203944,Julius Randle,NYK,202304210NYK,"Apr 21, 2023",CLE,11,15,4,17,25.0,32.82,-7.82,5,2,10,6,2,3,0,0,0,0,0,0,0,0,0,0,0,0,0,0,0,0,0,0
1630596,Evan Mobley,NYK,202304210NYK,"Apr 21, 2023",CLE,10,10,0,10,47.62,50.0,-2.38,9,10,1,0,0,0,0,0,0,0,0,0,0,0,0,0,0,0,0,0,0,0,0,0
1628386,Jarrett Allen,CLE,202304210NYK,"Apr 21, 2023",NYK,6,3,2,4,75.0,77.32,-2.32,3,6,0,0,1,0,0,0,0,0,0,0,0,0,0,0,0,0,0,0,0,0,0,0
1629011,Mitchell Robinson,NYK,202304210NYK,"Apr 21, 2023",CLE,7,5,4,7,50.0,51.78,-1.78,5,6,0,0,2,1,0,0,0,0,0,0,0,0,0,0,0,0,0,0,0,0,0,0
1629636,Darius Garland,CLE,202304210NYK,"Apr 21, 2023",NYK,10,21,2,22,19.61,22.85,-3.24,14,6,7,3,0,0,0,0,0,0,0,0,0,0,0,0,0,0,0,0,0,0,1,1
1628973,Jalen Brunson,NYK,202304210NYK,"Apr 21, 2023",CLE,21,18,1,18,51.22,56.94,-5.72,13,18,4,0,0,0,0,0,1,3,0,0,0,0,0,0,0,0,0,0,0,0,0,0
1629628,RJ Barrett,NYK,202304210NYK,"Apr 21, 2023",CLE,19,12,0,12,63.33,79.17,-15.84,6,10,6,9,0,0,0,0,0,0,0,0,0,0,0,0,0,0,0,0,0,0,0,0
1627747,Caris LeVert,CLE,202304210NYK,"Apr 21, 2023",NYK,17,17,2,18,36.17,47.54,-11.37,6,8,11,9,1,0,0,0,0,0,0,0,0,0,0,0,0,0,0,0,0,0,0,0
1629656,Quentin Grimes,NYK,202304210NYK,"Apr 21, 2023",CLE,2,5,0,5,15.38,20.0,-4.62,2,2,3,0,0,0,0,0,0,0,0,0,0,0,0,0,0,0,0,0,0,0,0,0
1626224,Cedi Osman,CLE,202304210NYK,"Apr 21, 2023",NYK,0,2,0,2,0.0,0.0,0.0,0,0,2,0,0,0,0,0,0,0,0,0,0,0,0,0,0,0,0,0,0,0,0,0
201980,Danny Green,CLE,202304210NYK,"Apr 21, 2023",NYK,0,3,0,3,0.0,0.0,0.0,1,0,2,0,0,0,0,0,0,0,0,0,0,0,0,0,0,0,0,0,0,0,0,0
1628392,Isaiah Hartenstein,NYK,202304210NYK,"Apr 21, 2023",CLE,7,5,2,6,58.33,59.52,-1.19,5,6,0,0,1,1,0,0,0,0,0,0,0,0,0,0,0,0,0,0,0,0,0,0
1628404,Josh Hart,NYK,202304210NYK,"Apr 21, 2023",CLE,13,5,4,7,81.25,96.15,-14.9,3,4,2,6,1,2,0,0,0,0,0,0,0,0,0,0,0,0,0,0,0,0,1,1
1630193,Immanuel Quickley,NYK,202304210NYK,"Apr 21, 2023",CLE,11,6,2,7,64.71,79.94,-15.23,3,4,3,6,1,1,0,0,0,0,0,0,0,0,0,0,0,0,0,0,0,0,0,0
1630167,Obi Toppin,NYK,202304210NYK,"Apr 21, 2023",CLE,8,8,1,8,38.1,47.39,-9.29,3,2,4,3,0,0,0,0,1,3,0,0,0,0,0,0,0,0,0,0,0,0,0,0
1630171,Isaac Okoro,CLE,202304210NYK,"Apr 21, 2023",NYK,7,2,2,3,100.0,121.53,-21.53,1,2,1,3,1,2,0,0,0,0,0,0,0,0,0,0,0,0,0,0,0,0,0,0
201577,Robin Lopez,CLE,202304210NYK,"Apr 21, 2023",NYK,4,1,2,2,100.0,106.38,-6.38,1,2,0,0,1,2,0,0,0,0,0,0,0,0,0,0,0,0,0,0,0,0,0,0
netora01,R. Neto,CLE,202304210NYK,"Apr 21, 2023",NYK,1,1,2,2,20.0,26.6,-6.6,0,0,1,0,0,0,0,0,0,0,0,0,0,0,0,0,0,0,0,0,0,0,1,1
stevela01,L. Stevens,CLE,202304210NYK,"Apr 21, 2023",NYK,2,1,2,2,50.0,53.19,-3.19,1,0,0,0,1,2,0,0,0,0,0,0,0,0,0,0,0,0,0,0,0,0,0,0
201565,Derrick Rose,NYK,202304210NYK,"Apr 21, 2023",CLE,0,4,0,4,0.0,0.0,0.0,3,0,1,0,0,0,0,0,0,0,0,0,0,0,0,0,0,0,0,0,0,0,0,0
203999,Nikola Jokić,DEN,202304210MIN,"Apr 21, 2023",MIN,20,13,0,13,68.97,76.92,-7.95,10,14,3,6,0,0,0,0,0,0,0,0,0,0,0,0,0,0,0,0,0,0,0,0
1626157,Karl-Anthony Towns,MIN,202304210MIN,"Apr 21, 2023",DEN,27,17,5,19,62.79,70.31,-7.52,12,14,4,6,1,2,0,0,1,3,0,0,0,0,0,0,0,0,0,0,0,0,1,2
1627750,Jamal Murray,DEN,202304210MIN,"Apr 21, 2023",MIN,18,16,4,18,42.86,50.68,-7.82,10,12,6,3,0,0,0,0,0,0,0,0,0,0,0,0,0,0,0,0,0,0,2,3
1629008,Michael Porter Jr.,DEN,202304210MIN,"Apr 21, 2023",MIN,25,17,1,17,58.14,71.67,-13.53,8,10,8,12,0,0,0,0,1,3,0,0,0,0,0,0,0,0,0,0,0,0,0,0
1630162,Anthony Edwards,MIN,202304210MIN,"Apr 21, 2023",DEN,36,22,15,29,51.43,62.94,-11.51,10,12,11,9,7,12,0,0,1,3,0,0,0,0,0,0,0,0,0,0,0,0,0,0
203497,Rudy Gobert,MIN,202304210MIN,"Apr 21, 2023",DEN,18,10,8,14,64.29,66.57,-2.28,10,14,0,0,4,4,0,0,0,0,0,0,0,0,0,0,0,0,0,0,0,0,0,0
201144,Mike Conley,MIN,202304210MIN,"Apr 21, 2023",DEN,12,8,4,10,50.0,61.48,-11.48,4,2,4,6,1,2,0,0,0,0,0,0,0,0,0,0,0,0,0,0,0,0,1,2
1629638,Nickeil Alexander-Walker,MIN,202304210MIN,"Apr 21, 2023",DEN,8,5,0,5,66.67,80.0,-13.33,3,2,2,6,0,0,0,0,0,0,0,0,0,0,0,0,0,0,0,0,0,0,0,0
203932,Aaron Gordon,DEN,202304210MIN,"Apr 21, 2023",MIN,14,7,5,9,66.67,76.09,-9.42,4,4,2,3,2,4,0,0,1,3,0,0,0,0,0,0,0,0,0,0,0,0,0,0
203484,Kentavious Caldwell-Pope,MIN,202304210MIN,"Apr 21, 2023",DEN,14,10,2,11,50.0,64.34,-14.34,4,4,6,9,1,1,0,0,0,0,0,0,0,0,0,0,0,0,0,0,0,0,0,0
1628971,Bruce Brown,DEN,202304210MIN,"Apr 21, 2023",MIN,12,8,0,8,70.59,75.0,-4.41,7,12,1,0,0,0,0,0,0,0,0,0,0,0,0,0,0,0,0,0,0,0,0,0
203937,Kyle Anderson,MIN,202304210MIN,"Apr 21, 2023",DEN,2,7,0,7,13.33,14.29,-0.96,6,2,1,0,0,0,0,0,0,0,0,0,0,0,0,0,0,0,0,0,0,0,0,0
1627752,Taurean Prince,MIN,202304210MIN,"Apr 21, 2023",DEN,8,3,3,4,72.73,92.59,-19.86,0,0,2,3,0,0,0,0,1,3,0,0,0,0,0,0,0,0,0,0,0,0,1,2
201145,Jeff Green,DEN,202304210MIN,"Apr 21, 2023",MIN,8,8,1,8,38.1,47.39,-9.29,3,2,4,3,0,0,0,0,1,3,0,0,0,0,0,0,0,0,0,0,0,0,0,0
1629669,Jaylen Nowell,MIN,202304210MIN,"Apr 21, 2023",DEN,0,6,0,6,0.0,0.0,0.0,4,0,2,0,0,0,0,0,0,0,0,0,0,0,0,0,0,0,0,0,0,0,0,0
1631128,Christian Braun,DEN,202304210MIN,"Apr 21, 2023",MIN,9,5,0,5,75.0,90.0,-15.0,3,6,2,3,0,0,0,0,0,0,0,0,0,0,0,0,0,0,0,0,0,0,0,0
riverau01,A. Rivers,MIN,202304210MIN,"Apr 21, 2023",DEN,0,1,0,1,0.0,0.0,0.0,0,0,1,0,0,0,0,0,0,0,0,0,0,0,0,0,0,0,0,0,0,0,0,0
1627827,Dorian Finney-Smith,BKN,202304220BRK,"Apr 22, 2023",PHI,8,7,0,7,42.11,57.14,-15.03,2,2,5,6,0,0,0,0,0,0,0,0,0,0,0,0,0,0,0,0,0,0,0,0
201935,James Harden,PHI,202304220BRK,"Apr 22, 2023",BKN,17,18,8,22,34.69,39.5,-4.81,13,4,5,6,3,5,0,0,0,0,0,0,0,0,0,0,0,0,0,0,0,0,1,2
202699,Tobias Harris,PHI,202304220BRK,"Apr 22, 2023",BKN,25,19,1,19,58.14,64.3,-6.16,14,16,4,6,0,0,0,0,1,3,0,0,0,0,0,0,0,0,0,0,0,0,0,0
203915,Spencer Dinwiddie,BKN,202304220BRK,"Apr 22, 2023",PHI,20,13,4,15,55.56,67.75,-12.19,7,8,6,9,2,3,0,0,0,0,0,0,0,0,0,0,0,0,0,0,0,0,0,0
1629651,Nic Claxton,BKN,202304220BRK,"Apr 22, 2023",PHI,19,10,5,12,76.0,77.87,-1.87,9,14,0,0,1,1,0,0,1,3,0,0,0,0,0,0,0,0,0,0,0,0,1,1
1630178,Tyrese Maxey,PHI,202304220BRK,"Apr 22, 2023",BKN,16,20,3,21,34.04,37.52,-3.48,15,8,4,3,1,2,0,0,1,3,0,0,0,0,0,0,0,0,0,0,0,0,0,0
1630194,Paul Reed,PHI,202304220BRK,"Apr 22, 2023",BKN,10,10,0,10,50.0,50.0,0.0,10,10,0,0,0,0,0,0,0,0,0,0,0,0,0,0,0,0,0,0,0,0,0,0
1629661,Cameron Johnson,BKN,202304220BRK,"Apr 22, 2023",PHI,11,13,2,14,32.35,39.63,-7.28,6,4,6,3,0,0,0,0,1,3,0,0,0,0,0,0,0,0,0,0,1,1,0,0
200782,P.J. Tucker,PHI,202304220BRK,"Apr 22, 2023",BKN,3,6,0,6,18.75,25.0,-6.25,2,0,4,3,0,0,0,0,0,0,0,0,0,0,0,0,0,0,0,0,0,0,0,0
1628969,Mikal Bridges,BKN,202304220BRK,"Apr 22, 2023",PHI,17,18,6,21,35.42,41.18,-5.76,12,8,6,6,3,3,0,0,0,0,0,0,0,0,0,0,0,0,0,0,0,0,0,0
1629001,De'Anthony Melton,PHI,202304220BRK,"Apr 22, 2023",BKN,15,11,2,12,48.39,63.13,-14.74,4,4,7,9,0,0,0,0,0,0,0,0,0,0,0,0,0,0,0,0,0,0,1,2
203925,Joe Harris,BKN,202304220BRK,"Apr 22, 2023",PHI,4,5,2,6,25.0,34.01,-9.01,1,2,4,0,0,0,0,0,0,0,0,0,0,0,0,0,0,0,0,0,0,0,1,2
1626220,Royce O'Neale,BKN,202304220BRK,"Apr 22, 2023",PHI,3,6,0,6,17.65,25.0,-7.35,1,0,5,3,0,0,0,0,0,0,0,0,0,0,0,0,0,0,0,0,0,0,0,0
1629667,Jalen McDaniels,PHI,202304220BRK,"Apr 22, 2023",BKN,4,2,0,2,100.0,100.0,0.0,2,4,0,0,0,0,0,0,0,0,0,0,0,0,0,0,0,0,0,0,0,0,0,0
203552,Seth Curry,BKN,202304220BRK,"Apr 22, 2023",PHI,6,6,0,6,40.0,50.0,-10.0,3,6,3,0,0,0,0,0,0,0,0,0,0,0,0,0,0,0,0,0,0,0,0,0
1627777,Georges Niang,PHI,202304220BRK,"Apr 22, 2023",BKN,4,2,0,2,100.0,100.0,0.0,2,4,0,0,0,0,0,0,0,0,0,0,0,0,0,0,0,0,0,0,0,0,0,0
harremo01,M. Harrell,PHI,202304220BRK,"Apr 22, 2023",BKN,0,2,0,2,0.0,0.0,0.0,2,0,0,0,0,0,0,0,0,0,0,0,0,0,0,0,0,0,0,0,0,0,0,0
201988,Patty Mills,BKN,202304220BRK,"Apr 22, 2023",PHI,0,2,0,2,0.0,0.0,0.0,0,0,2,0,0,0,0,0,0,0,0,0,0,0,0,0,0,0,0,0,0,0,0,0
1629003,Shake Milton,PHI,202304220BRK,"Apr 22, 2023",BKN,2,1,2,2,50.0,53.19,-3.19,1,0,0,0,1,2,0,0,0,0,0,0,0,0,0,0,0,0,0,0,0,0,0,0
1629028,Deandre Ayton,PHX,202304220LAC,"Apr 22, 2023",LAC,15,13,4,15,50.0,50.81,-0.81,13,14,0,0,2,1,0,0,0,0,0,0,0,0,0,0,0,0,0,0,0,0,0,0
202694,Marcus Morris Sr.,LAC,202304220LAC,"Apr 22, 2023",PHX,9,13,2,14,25.0,32.42,-7.42,5,4,8,3,1,2,0,0,0,0,0,0,0,0,0,0,0,0,0,0,0,0,0,0
1627826,Ivica Zubac,LAC,202304220LAC,"Apr 22, 2023",PHX,4,5,0,5,40.0,40.0,0.0,5,4,0,0,0,0,0,0,0,0,0,0,0,0,0,0,0,0,0,0,0,0,0,0
201142,Kevin Durant,PHX,202304220LAC,"Apr 22, 2023",LAC,31,17,11,22,63.27,70.97,-7.7,12,10,4,9,4,7,0,0,1,3,0,0,0,0,0,0,0,0,0,0,0,0,1,2
201569,Eric Gordon,LAC,202304220LAC,"Apr 22, 2023",PHX,10,8,0,8,45.45,62.5,-17.05,2,4,6,6,0,0,0,0,0,0,0,0,0,0,0,0,0,0,0,0,0,0,0,0
bookede01,D. Booker,PHX,202304220LAC,"Apr 22, 2023",LAC,30,21,8,23,53.57,61.17,-7.6,12,8,6,9,1,2,1,2,3,9,0,0,0,0,0,0,0,0,0,0,0,0,0,0
1626181,Norman Powell,PHX,202304220LAC,"Apr 22, 2023",LAC,14,15,6,18,33.33,39.68,-6.35,9,4,6,6,3,4,0,0,0,0,0,0,0,0,0,0,0,0,0,0,0,0,0,0
201566,Russell Westbrook,LAC,202304220LAC,"Apr 22, 2023",PHX,37,29,0,29,57.81,63.79,-5.98,23,28,6,9,0,0,0,0,0,0,0,0,0,0,0,0,0,0,0,0,0,0,0,0
1628470,Torrey Craig,LAC,202304220LAC,"Apr 22, 2023",PHX,8,7,0,7,50.0,57.14,-7.14,5,8,2,0,0,0,0,0,0,0,0,0,0,0,0,0,0,0,0,0,0,0,0,0
101108,Chris Paul,PHX,202304220LAC,"Apr 22, 2023",LAC,19,17,0,17,47.5,55.88,-8.38,11,10,6,9,0,0,0,0,0,0,0,0,0,0,0,0,0,0,0,0,0,0,0,0
1629006,Josh Okogie,PHX,202304220LAC,"Apr 22, 2023",LAC,6,4,2,5,50.0,61.48,-11.48,2,4,2,0,1,2,0,0,0,0,0,0,0,0,0,0,0,0,0,0,0,0,0,0
1629013,Landry Shamet,PHX,202304220LAC,"Apr 22, 2023",LAC,0,2,0,2,0.0,0.0,0.0,1,0,1,0,0,0,0,0,0,0,0,0,0,0,0,0,0,0,0,0,0,0,0,0
1629611,Terance Mann,LAC,202304220LAC,"Apr 22, 2023",PHX,13,9,0,9,59.09,72.22,-13.13,5,4,4,9,0,0,0,0,0,0,0,0,0,0,0,0,0,0,0,0,0,0,0,0
202687,Bismack Biyombo,PHX,202304220LAC,"Apr 22, 2023",LAC,3,2,2,3,50.0,52.08,-2.08,2,2,0,0,1,1,0,0,0,0,0,0,0,0,0,0,0,0,0,0,0,0,0,0
1630538,Bones Hyland,LAC,202304220LAC,"Apr 22, 2023",PHX,5,6,0,6,29.41,41.67,-12.26,1,2,5,3,0,0,0,0,0,0,0,0,0,0,0,0,0,0,0,0,0,0,0,0
203486,Mason Plumlee,LAC,202304220LAC,"Apr 22, 2023",PHX,8,4,2,5,80.0,81.97,-1.97,4,6,0,0,1,2,0,0,0,0,0,0,0,0,0,0,0,0,0,0,0,0,0,0
201587,Nicolas Batum,PHX,202304220LAC,"Apr 22, 2023",LAC,0,1,0,1,0.0,0.0,0.0,0,0,1,0,0,0,0,0,0,0,0,0,0,0,0,0,0,0,0,0,0,0,0,0
1627814,Damion Lee,PHX,202304220LAC,"Apr 22, 2023",LAC,0,1,0,1,0.0,0.0,0.0,0,0,1,0,0,0,0,0,0,0,0,0,0,0,0,0,0,0,0,0,0,0,0,0
203496,Robert Covington,LAC,202304220LAC,"Apr 22, 2023",PHX,0,2,0,2,0.0,0.0,0.0,1,0,1,0,0,0,0,0,0,0,0,0,0,0,0,0,0,0,0,0,0,0,0,0
1629216,Gabe Vincent,MIA,202304220MIA,"Apr 22, 2023",MIL,2,5,0,5,18.18,20.0,-1.82,4,2,1,0,0,0,0,0,0,0,0,0,0,0,0,0,0,0,0,0,0,0,0,0
201950,Jrue Holiday,MIL,202304220MIA,"Apr 22, 2023",MIA,19,18,3,19,42.22,49.17,-6.95,11,10,6,6,1,1,0,0,1,2,0,0,0,0,0,0,0,0,0,0,0,0,0,0
201567,Kevin Love,MIA,202304220MIA,"Apr 22, 2023",MIL,6,6,0,6,33.33,50.0,-16.67,0,0,6,6,0,0,0,0,0,0,0,0,0,0,0,0,0,0,0,0,0,0,0,0
203114,Khris Middleton,MIL,202304220MIA,"Apr 22, 2023",MIA,23,14,5,16,60.53,70.99,-10.46,8,8,5,9,2,3,0,0,1,3,0,0,0,0,0,0,0,0,0,0,0,0,0,0
202710,Jimmy Butler III,MIA,202304220MIA,"Apr 22, 2023",MIL,30,19,3,20,66.67,73.82,-7.15,15,16,4,12,0,0,1,2,0,0,0,0,0,0,0,0,0,0,0,0,0,0,0,0
201572,Brook Lopez,MIL,202304220MIA,"Apr 22, 2023",MIA,6,9,0,9,31.58,33.33,-1.75,8,6,1,0,0,0,0,0,0,0,0,0,0,0,0,0,0,0,0,0,0,0,0,0
1628389,Bam Adebayo,MIA,202304220MIA,"Apr 22, 2023",MIL,12,10,4,12,50.0,51.02,-1.02,10,8,0,0,1,2,0,0,0,0,0,0,0,0,0,0,0,0,0,0,0,0,1,2
strusma01,M. Strus,MIA,202304220MIA,"Apr 22, 2023",MIL,12,8,0,8,60.0,75.0,-15.0,4,6,4,6,0,0,0,0,0,0,0,0,0,0,0,0,0,0,0,0,0,0,0,0
1628960,Grayson Allen,MIL,202304220MIA,"Apr 22, 2023",MIA,14,10,0,10,51.85,70.0,-18.15,3,2,7,12,0,0,0,0,0,0,0,0,0,0,0,0,0,0,0,0,0,0,0,0
1626171,Bobby Portis,MIL,202304220MIA,"Apr 22, 2023",MIA,9,9,0,9,40.91,50.0,-9.09,5,6,4,3,0,0,0,0,0,0,0,0,0,0,0,0,0,0,0,0,0,0,0,0
204060,Joe Ingles,MIL,202304220MIA,"Apr 22, 2023",MIA,5,7,0,7,25.0,35.71,-10.71,1,2,6,3,0,0,0,0,0,0,0,0,0,0,0,0,0,0,0,0,0,0,0,0
203109,Jae Crowder,MIL,202304220MIA,"Apr 22, 2023",MIA,5,4,2,5,50.0,51.23,-1.23,4,4,0,0,1,1,0,0,0,0,0,0,0,0,0,0,0,0,0,0,0,0,0,0
1628997,Caleb Martin,MIA,202304220MIA,"Apr 22, 2023",MIL,12,8,4,10,48.0,61.48,-13.48,3,6,5,3,2,3,0,0,0,0,0,0,0,0,0,0,0,0,0,0,0,0,0,0
1626192,Pat Connaughton,MIL,202304220MIA,"Apr 22, 2023",MIA,11,7,0,7,55.0,78.57,-23.57,1,2,6,9,0,0,0,0,0,0,0,0,0,0,0,0,0,0,0,0,0,0,0,0
200768,Kyle Lowry,MIA,202304220MIA,"Apr 22, 2023",MIL,15,10,3,11,53.57,66.25,-12.68,4,4,5,6,1,2,0,0,1,3,0,0,0,0,0,0,0,0,0,0,0,0,0,0
1629130,Duncan Robinson,MIA,202304220MIA,"Apr 22, 2023",MIL,20,9,1,10,80.0,105.93,-25.93,3,4,6,15,0,0,0,0,0,0,0,0,1,1,0,0,0,0,0,0,0,0,0,0
1628975,Jevon Carter,MIL,202304220MIA,"Apr 22, 2023",MIA,0,2,0,2,0.0,0.0,0.0,0,0,2,0,0,0,0,0,0,0,0,0,0,0,0,0,0,0,0,0,0,0,0,0
oladivi01,V. Oladipo,MIA,202304220MIA,"Apr 22, 2023",MIL,8,6,0,6,61.54,66.67,-5.13,5,8,1,0,0,0,0,0,0,0,0,0,0,0,0,0,0,0,0,0,0,0,0,0
1630699,MarJon Beauchamp,MIL,202304220MIA,"Apr 22, 2023",MIA,5,3,0,3,71.43,83.33,-11.9,2,2,1,3,0,0,0,0,0,0,0,0,0,0,0,0,0,0,0,0,0,0,0,0
dragigo01,G. DragiÄ,MIL,202304220MIA,"Apr 22, 2023",MIA,2,2,2,3,28.57,34.72,-6.15,1,0,1,0,0,0,0,0,0,0,0,0,0,0,0,0,0,0,0,0,0,0,1,2
1629312,Haywood Highsmith,MIA,202304220MIA,"Apr 22, 2023",MIL,4,1,2,2,100.0,106.38,-6.38,1,2,0,0,1,2,0,0,0,0,0,0,0,0,0,0,0,0,0,0,0,0,0,0
hasleud01,U. Haslem,MIA,202304220MIA,"Apr 22, 2023",MIL,0,2,0,2,0.0,0.0,0.0,1,0,1,0,0,0,0,0,0,0,0,0,0,0,0,0,0,0,0,0,0,0,0,0
2544,LeBron James,LAL,202304220LAL,"Apr 22, 2023",MEM,25,20,7,24,49.02,54.16,-5.14,16,20,4,0,2,3,0,0,0,0,0,0,1,1,1,1,0,0,0,0,0,0,0,0
1629630,Ja Morant,MEM,202304220LAL,"Apr 22, 2023",LAL,45,26,14,32,59.21,69.96,-10.75,14,10,10,18,5,9,0,0,2,6,0,0,0,0,0,0,0,0,0,0,0,0,1,2
1630559,Austin Reaves,LAL,202304220LAL,"Apr 22, 2023",MEM,13,10,3,11,48.15,57.42,-9.27,5,6,4,3,1,2,0,0,1,2,0,0,0,0,0,0,0,0,0,0,0,0,0,0
1628991,Jaren Jackson Jr.,MEM,202304220LAL,"Apr 22, 2023",LAL,13,12,4,14,41.94,47.24,-5.3,9,6,3,3,1,2,0,0,0,0,0,0,0,0,0,0,0,0,0,0,0,0,1,2
1630217,Desmond Bane,MEM,202304220LAL,"Apr 22, 2023",LAL,18,14,1,15,50.0,62.33,-12.33,7,8,7,9,0,0,0,0,0,0,0,0,1,1,0,0,0,0,0,0,0,0,0,0
1630214,Xavier Tillman,MEM,202304220LAL,"Apr 22, 2023",LAL,6,5,0,5,60.0,60.0,0.0,5,6,0,0,0,0,0,0,0,0,0,0,0,0,0,0,0,0,0,0,0,0,0,0
1628415,Dillon Brooks,MEM,202304220LAL,"Apr 22, 2023",LAL,7,13,1,13,21.88,26.04,-4.16,7,2,5,3,0,0,0,0,1,2,0,0,0,0,0,0,0,0,0,0,0,0,0,0
1626156,D'Angelo Russell,LAL,202304220LAL,"Apr 22, 2023",MEM,17,14,5,16,42.5,52.47,-9.97,7,6,6,3,1,2,0,0,0,0,1,4,0,0,0,0,0,0,0,0,0,0,1,2
203076,Anthony Davis,LAL,202304220LAL,"Apr 22, 2023",MEM,31,24,10,29,50.0,54.58,-4.58,20,20,4,3,4,6,0,0,0,0,0,0,0,0,0,0,0,0,0,0,0,0,1,2
1630583,Santi Aldama,MEM,202304220LAL,"Apr 22, 2023",LAL,6,7,0,7,33.33,42.86,-9.53,3,0,4,6,0,0,0,0,0,0,0,0,0,0,0,0,0,0,0,0,0,0,0,0
1629020,Jarred Vanderbilt,LAL,202304220LAL,"Apr 22, 2023",MEM,0,1,0,1,0.0,0.0,0.0,0,0,1,0,0,0,0,0,0,0,0,0,0,0,0,0,0,0,0,0,0,0,0,0
1628379,Luke Kennard,MEM,202304220LAL,"Apr 22, 2023",LAL,4,4,0,4,44.44,50.0,-5.56,3,4,1,0,0,0,0,0,0,0,0,0,0,0,0,0,0,0,0,0,0,0,0,0
203471,Dennis Schröder,LAL,202304220LAL,"Apr 22, 2023",MEM,7,6,0,6,46.67,58.33,-11.66,3,4,3,3,0,0,0,0,0,0,0,0,0,0,0,0,0,0,0,0,0,0,0,0
1626145,Tyus Jones,MEM,202304220LAL,"Apr 22, 2023",LAL,0,7,0,7,0.0,0.0,0.0,2,0,5,0,0,0,0,0,0,0,0,0,0,0,0,0,0,0,0,0,0,0,0,0
1631223,David Roddy,MEM,202304220LAL,"Apr 22, 2023",LAL,2,4,0,4,18.18,25.0,-6.82,1,2,3,0,0,0,0,0,0,0,0,0,0,0,0,0,0,0,0,0,0,0,0,0
1627736,Malik Beasley,LAL,202304220LAL,"Apr 22, 2023",MEM,0,2,0,2,0.0,0.0,0.0,1,0,1,0,0,0,0,0,0,0,0,0,0,0,0,0,0,0,0,0,0,0,0,0
1629060,Rui Hachimura,LAL,202304220LAL,"Apr 22, 2023",MEM,16,10,2,11,66.67,73.53,-6.86,8,8,2,6,0,0,0,0,0,0,0,0,0,0,0,0,0,0,0,0,0,0,1,2
1628972,Troy Brown Jr.,LAL,202304220LAL,"Apr 22, 2023",MEM,2,3,0,3,25.0,33.33,-8.33,1,2,2,0,0,0,0,0,0,0,0,0,0,0,0,0,0,0,0,0,0,0,0,0
1629723,John Konchar,MEM,202304220LAL,"Apr 22, 2023",LAL,0,1,0,1,0.0,0.0,0.0,0,0,1,0,0,0,0,0,0,0,0,0,0,0,0,0,0,0,0,0,0,0,0,0
1629628,RJ Barrett,NYK,202304230NYK,"Apr 23, 2023",CLE,26,18,13,24,47.27,54.81,-7.54,11,16,6,0,5,7,0,0,1,3,0,0,0,0,0,0,0,0,0,0,0,0,1,0
1628386,Jarrett Allen,CLE,202304230NYK,"Apr 23, 2023",NYK,14,11,0,11,63.64,63.64,0.0,11,14,0,0,0,0,0,0,0,0,0,0,0,0,0,0,0,0,0,0,0,0,0,0
1628973,Jalen Brunson,NYK,202304230NYK,"Apr 23, 2023",CLE,29,22,2,23,52.73,63.37,-10.64,13,12,9,15,0,0,0,0,0,0,0,0,0,0,0,0,0,0,0,0,0,0,1,2
1629636,Darius Garland,CLE,202304230NYK,"Apr 23, 2023",NYK,23,16,3,17,58.97,66.4,-7.43,11,12,4,6,0,0,0,0,1,3,0,0,0,0,0,0,0,0,0,0,0,0,1,2
1629011,Mitchell Robinson,NYK,202304230NYK,"Apr 23, 2023",CLE,12,7,3,8,70.59,72.12,-1.53,6,8,0,0,1,1,0,0,1,3,0,0,0,0,0,0,0,0,0,0,0,0,0,0
1628404,Josh Hart,NYK,202304230NYK,"Apr 23, 2023",CLE,19,16,5,18,46.34,52.2,-5.86,11,10,4,3,1,1,0,0,1,3,0,0,0,0,0,0,0,0,0,0,0,0,1,2
1627747,Caris LeVert,CLE,202304230NYK,"Apr 23, 2023",NYK,14,10,5,12,45.16,57.38,-12.22,3,2,6,6,2,3,0,0,1,3,0,0,0,0,0,0,0,0,0,0,0,0,0,0
203944,Julius Randle,NYK,202304230NYK,"Apr 23, 2023",CLE,7,10,3,11,25.93,30.92,-4.99,5,4,4,0,1,1,0,0,1,2,0,0,0,0,0,0,0,0,0,0,0,0,0,0
1628378,Donovan Mitchell,CLE,202304230NYK,"Apr 23, 2023",NYK,11,18,2,19,26.19,29.13,-2.94,14,10,4,0,1,1,0,0,0,0,0,0,0,0,0,0,0,0,0,0,0,0,0,0
1630596,Evan Mobley,CLE,202304230NYK,"Apr 23, 2023",NYK,12,8,2,9,66.67,67.57,-0.9,8,10,0,0,1,2,0,0,0,0,0,0,0,0,0,0,0,0,0,0,0,0,0,0
1626224,Cedi Osman,CLE,202304230NYK,"Apr 23, 2023",NYK,10,5,7,8,47.62,61.88,-14.26,1,2,4,3,1,1,1,2,0,0,0,0,0,0,0,0,0,0,0,0,0,0,1,2
1628392,Isaiah Hartenstein,NYK,202304230NYK,"Apr 23, 2023",CLE,1,1,2,2,25.0,26.6,-1.6,1,0,0,0,1,1,0,0,0,0,0,0,0,0,0,0,0,0,0,0,0,0,0,0
1630193,Immanuel Quickley,NYK,202304230NYK,"Apr 23, 2023",CLE,0,4,0,4,0.0,0.0,0.0,2,0,2,0,0,0,0,0,0,0,0,0,0,0,0,0,0,0,0,0,0,0,0,0
1630171,Isaac Okoro,CLE,202304230NYK,"Apr 23, 2023",NYK,9,9,0,9,39.13,50.0,-10.87,4,6,5,3,0,0,0,0,0,0,0,0,0,0,0,0,0,0,0,0,0,0,0,0
1630540,Miles McBride,NYK,202304230NYK,"Apr 23, 2023",CLE,3,1,0,1,100.0,150.0,-50.0,0,0,1,3,0,0,0,0,0,0,0,0,0,0,0,0,0,0,0,0,0,0,0,0
1630167,Obi Toppin,NYK,202304230NYK,"Apr 23, 2023",CLE,5,5,0,5,38.46,50.0,-11.54,2,2,3,3,0,0,0,0,0,0,0,0,0,0,0,0,0,0,0,0,0,0,0,0
1627734,Domantas Sabonis,SAC,202304230GSW,"Apr 23, 2023",GSW,14,13,0,13,53.85,53.85,0.0,13,14,0,0,0,0,0,0,0,0,0,0,0,0,0,0,0,0,0,0,0,0,0,0
203952,Andrew Wiggins,GSW,202304230GSW,"Apr 23, 2023",SAC,18,12,4,14,60.0,65.41,-5.41,10,12,2,3,2,3,0,0,0,0,0,0,0,0,0,0,0,0,0,0,0,0,0,0
1626172,Kevon Looney,GSW,202304230GSW,"Apr 23, 2023",SAC,8,5,0,5,80.0,80.0,0.0,5,8,0,0,0,0,0,0,0,0,0,0,0,0,0,0,0,0,0,0,0,0,0,0
1628368,De'Aaron Fox,SAC,202304230GSW,"Apr 23, 2023",GSW,38,31,8,35,46.91,55.04,-8.13,20,20,11,12,3,5,0,0,0,0,0,0,0,0,0,0,0,0,0,0,0,0,1,1
1629673,Jordan Poole,GSW,202304230GSW,"Apr 23, 2023",SAC,22,15,5,17,53.66,63.95,-10.29,8,10,6,6,0,0,0,0,1,2,0,0,0,0,0,0,0,0,0,0,0,0,2,4
202691,Klay Thompson,GSW,202304230GSW,"Apr 23, 2023",SAC,26,15,4,17,60.47,77.57,-17.1,6,10,9,12,2,4,0,0,0,0,0,0,0,0,0,0,0,0,0,0,0,0,0,0
1631099,Keegan Murray,SAC,202304230GSW,"Apr 23, 2023",GSW,23,13,0,13,69.7,88.46,-18.76,6,8,7,15,0,0,0,0,0,0,0,0,0,0,0,0,0,0,0,0,0,0,0,0
201939,Stephen Curry,GSW,202304230GSW,"Apr 23, 2023",SAC,32,22,5,24,53.33,66.12,-12.79,10,10,11,15,1,2,0,0,1,3,0,0,0,0,0,0,0,0,0,0,0,0,1,2
203084,Harrison Barnes,SAC,202304230GSW,"Apr 23, 2023",GSW,9,11,2,12,30.0,37.88,-7.88,5,4,6,3,1,2,0,0,0,0,0,0,0,0,0,0,0,0,0,0,0,0,0,0
1628989,Kevin Huerter,SAC,202304230GSW,"Apr 23, 2023",GSW,2,4,0,4,22.22,25.0,-2.78,3,2,1,0,0,0,0,0,0,0,0,0,0,0,0,0,0,0,0,0,0,0,0,0
1630558,Davion Mitchell,SAC,202304230GSW,"Apr 23, 2023",GSW,12,8,1,8,63.16,71.09,-7.93,5,6,2,3,0,0,0,0,1,3,0,0,0,0,0,0,0,0,0,0,0,0,0,0
203110,Draymond Green,GSW,202304230GSW,"Apr 23, 2023",SAC,12,14,6,17,33.33,36.06,-2.73,12,6,2,0,3,6,0,0,0,0,0,0,0,0,0,0,0,0,0,0,0,0,0,0
1628978,Donte DiVincenzo,GSW,202304230GSW,"Apr 23, 2023",SAC,3,3,0,3,37.5,50.0,-12.5,1,0,2,3,0,0,0,0,0,0,0,0,0,0,0,0,0,0,0,0,0,0,0,0
1628370,Malik Monk,SAC,202304230GSW,"Apr 23, 2023",GSW,16,14,4,17,43.24,50.76,-7.52,9,6,5,6,1,2,0,0,0,0,0,0,2,2,0,0,0,0,0,0,0,0,0,0
1630541,Moses Moody,GSW,202304230GSW,"Apr 23, 2023",SAC,3,1,0,1,100.0,150.0,-50.0,0,0,1,3,0,0,0,0,0,0,0,0,0,0,0,0,0,0,0,0,0,0,0,0
203458,Alex Len,SAC,202304230GSW,"Apr 23, 2023",GSW,6,3,2,4,75.0,77.32,-2.32,3,4,0,0,1,2,0,0,0,0,0,0,0,0,0,0,0,0,0,0,0,0,0,0
1626168,Trey Lyles,SAC,202304230GSW,"Apr 23, 2023",GSW,5,5,1,5,35.71,45.96,-10.25,1,0,3,3,0,0,0,0,1,2,0,0,0,0,0,0,0,0,0,0,0,0,0,0
1627780,Gary Payton II,GSW,202304230GSW,"Apr 23, 2023",SAC,2,3,0,3,28.57,33.33,-4.76,2,2,1,0,0,0,0,0,0,0,0,0,0,0,0,0,0,0,0,0,0,0,0,0
1629631,De'Andre Hunter,ATL,202304230ATL,"Apr 23, 2023",BOS,27,17,2,18,64.29,75.5,-11.21,11,16,6,9,1,2,0,0,0,0,0,0,0,0,0,0,0,0,0,0,0,0,0,0
1627759,Jaylen Brown,BOS,202304230ATL,"Apr 23, 2023",ATL,31,22,5,24,58.49,64.05,-5.56,17,16,4,9,1,1,0,0,1,3,0,0,0,0,0,0,0,0,0,0,0,0,1,2
1628381,John Collins,ATL,202304230ATL,"Apr 23, 2023",BOS,5,9,2,10,20.0,25.3,-5.3,4,0,5,3,0,0,0,0,0,0,0,0,0,0,0,0,0,0,0,0,0,0,1,2
1629027,Trae Young,ATL,202304230ATL,"Apr 23, 2023",BOS,35,26,11,31,47.95,56.74,-8.79,15,12,10,12,3,5,0,0,1,2,0,0,0,0,0,0,0,0,0,0,0,0,2,4
tatumja01,J. Tatum,BOS,202304230ATL,"Apr 23, 2023",ATL,31,20,12,26,47.69,61.31,-13.62,7,8,13,12,4,7,0,0,0,0,0,0,0,0,1,2,0,0,0,0,0,0,1,2
1627749,Dejounte Murray,ATL,202304230ATL,"Apr 23, 2023",BOS,23,20,1,20,46.94,56.26,-9.32,11,8,8,12,0,0,0,0,1,3,0,0,0,0,0,0,0,0,0,0,0,0,0,0
1628401,Derrick White,BOS,202304230ATL,"Apr 23, 2023",ATL,18,14,0,14,48.65,64.29,-15.64,5,6,9,12,0,0,0,0,0,0,0,0,0,0,0,0,0,0,0,0,0,0,0,0
203935,Marcus Smart,BOS,202304230ATL,"Apr 23, 2023",ATL,19,14,0,14,52.78,67.86,-15.08,6,10,8,9,0,0,0,0,0,0,0,0,0,0,0,0,0,0,0,0,0,0,0,0
203991,Clint Capela,ATL,202304230ATL,"Apr 23, 2023",BOS,10,6,4,8,62.5,64.43,-1.93,6,6,0,0,1,2,0,0,0,0,0,0,0,0,0,0,0,0,0,0,0,0,1,2
201143,Al Horford,BOS,202304230ATL,"Apr 23, 2023",ATL,0,2,0,2,0.0,0.0,0.0,0,0,2,0,0,0,0,0,0,0,0,0,0,0,0,0,0,0,0,0,0,0,0,0
1627763,Malcolm Brogdon,BOS,202304230ATL,"Apr 23, 2023",ATL,14,10,2,11,58.33,64.34,-6.01,8,10,2,3,1,1,0,0,0,0,0,0,0,0,0,0,0,0,0,0,0,0,0,0
1629057,Robert Williams III,BOS,202304230ATL,"Apr 23, 2023",ATL,13,5,6,7,81.25,85.08,-3.83,3,4,0,0,2,3,0,0,2,6,0,0,0,0,0,0,0,0,0,0,0,0,0,0
1630180,Saddiq Bey,ATL,202304230ATL,"Apr 23, 2023",BOS,5,7,1,7,27.78,33.6,-5.82,3,2,3,0,0,0,0,0,1,3,0,0,0,0,0,0,0,0,0,0,0,0,0,0
203992,Bogdan Bogdanović,ATL,202304230ATL,"Apr 23, 2023",BOS,8,8,0,8,38.1,50.0,-11.9,3,2,5,6,0,0,0,0,0,0,0,0,0,0,0,0,0,0,0,0,0,0,0,0
1630168,Onyeka Okongwu,ATL,202304230ATL,"Apr 23, 2023",BOS,6,4,3,5,54.55,56.39,-1.84,3,2,0,0,1,1,0,0,1,3,0,0,0,0,0,0,0,0,0,0,0,0,0,0
1630573,Sam Hauser,BOS,202304230ATL,"Apr 23, 2023",ATL,3,2,0,2,50.0,75.0,-25.0,0,0,2,3,0,0,0,0,0,0,0,0,0,0,0,0,0,0,0,0,0,0,0,0
1630552,Jalen Johnson,ATL,202304230ATL,"Apr 23, 2023",BOS,2,1,0,1,100.0,100.0,0.0,1,2,0,0,0,0,0,0,0,0,0,0,0,0,0,0,0,0,0,0,0,0,0,0
1630162,Anthony Edwards,MIN,202304230MIN,"Apr 23, 2023",DEN,34,27,6,30,47.22,57.35,-10.13,15,14,12,15,2,4,0,0,0,0,0,0,0,0,0,0,0,0,0,0,0,0,1,1
203999,Nikola Jokić,DEN,202304230MIN,"Apr 23, 2023",MIN,43,26,12,32,59.72,68.73,-9.01,18,20,8,15,4,6,0,0,0,0,0,0,0,0,0,0,0,0,0,0,0,0,2,2
1626157,Karl-Anthony Towns,MIN,202304230MIN,"Apr 23, 2023",DEN,17,9,10,13,56.67,63.43,-6.76,5,6,2,0,4,5,0,0,2,6,0,0,0,0,0,0,0,0,0,0,0,0,0,0
201144,Mike Conley,MIN,202304230MIN,"Apr 23, 2023",DEN,19,13,2,14,54.29,68.44,-14.15,6,8,7,9,0,0,0,0,0,0,0,0,0,0,0,0,0,0,0,0,0,0,1,2
1629008,Michael Porter Jr.,DEN,202304230MIN,"Apr 23, 2023",MIN,15,12,2,13,46.88,58.23,-11.35,6,8,6,6,1,1,0,0,0,0,0,0,0,0,0,0,0,0,0,0,0,0,0,0
203497,Rudy Gobert,MIN,202304230MIN,"Apr 23, 2023",DEN,14,14,0,14,50.0,50.0,0.0,14,14,0,0,0,0,0,0,0,0,0,0,0,0,0,0,0,0,0,0,0,0,0,0
203932,Aaron Gordon,DEN,202304230MIN,"Apr 23, 2023",MIN,14,12,1,12,50.0,56.27,-6.27,8,8,3,3,0,0,0,0,1,3,0,0,0,0,0,0,0,0,0,0,0,0,0,0
203937,Kyle Anderson,MIN,202304230MIN,"Apr 23, 2023",DEN,11,7,0,7,68.75,78.57,-9.82,5,8,2,3,0,0,0,0,0,0,0,0,0,0,0,0,0,0,0,0,0,0,0,0
1629638,Nickeil Alexander-Walker,MIN,202304230MIN,"Apr 23, 2023",DEN,8,7,0,7,42.11,57.14,-15.03,2,2,5,6,0,0,0,0,0,0,0,0,0,0,0,0,0,0,0,0,0,0,0,0
1628971,Bruce Brown,DEN,202304230MIN,"Apr 23, 2023",MIN,11,12,0,12,39.29,45.83,-6.54,8,8,4,3,0,0,0,0,0,0,0,0,0,0,0,0,0,0,0,0,0,0,0,0
201145,Jeff Green,DEN,202304230MIN,"Apr 23, 2023",MIN,0,3,0,3,0.0,0.0,0.0,1,0,2,0,0,0,0,0,0,0,0,0,0,0,0,0,0,0,0,0,0,0,0,0
1627752,Taurean Prince,MIN,202304230MIN,"Apr 23, 2023",DEN,6,8,4,10,26.09,30.74,-4.65,5,0,3,3,2,3,0,0,0,0,0,0,0,0,0,0,0,0,0,0,0,0,0,0
1631128,Christian Braun,DEN,202304230MIN,"Apr 23, 2023",MIN,0,2,0,2,0.0,0.0,0.0,1,0,1,0,0,0,0,0,0,0,0,0,0,0,0,0,0,0,0,0,0,0,0,0
1629162,Jordan McLaughlin,MIN,202304230MIN,"Apr 23, 2023",DEN,0,1,0,1,0.0,0.0,0.0,0,0,1,0,0,0,0,0,0,0,0,0,0,0,0,0,0,0,0,0,0,0,0,0
203484,Kentavious Caldwell-Pope,DEN,202304230MIN,"Apr 23, 2023",MIN,5,7,0,7,27.78,35.71,-7.93,3,2,4,3,0,0,0,0,0,0,0,0,0,0,0,0,0,0,0,0,0,0,0,0
1627750,Jamal Murray,DEN,202304230MIN,"Apr 23, 2023",MIN,19,21,1,21,38.0,44.31,-6.31,13,10,7,6,0,0,0,0,1,3,0,0,0,0,0,0,0,0,0,0,0,0,0,0
1629669,Jaylen Nowell,MIN,202304230MIN,"Apr 23, 2023",DEN,0,4,0,4,0.0,0.0,0.0,4,0,0,0,0,0,0,0,0,0,0,0,0,0,0,0,0,0,0,0,0,0,0,0
201599,DeAndre Jordan,DEN,202304230MIN,"Apr 23, 2023",MIN,1,0,2,1,50.0,56.82,-6.82,0,0,0,0,1,1,0,0,0,0,0,0,0,0,0,0,0,0,0,0,0,0,0,0
riverau01,A. Rivers,MIN,202304230MIN,"Apr 23, 2023",DEN,5,3,0,3,62.5,83.33,-20.83,1,2,2,3,0,0,0,0,0,0,0,0,0,0,0,0,0,0,0,0,0,0,0,0
1628960,Grayson Allen,MIL,202304240MIA,"Apr 24, 2023",MIA,8,6,2,7,42.11,58.14,-16.03,1,0,5,6,1,2,0,0,0,0,0,0,0,0,0,0,0,0,0,0,0,0,0,0
1628389,Bam Adebayo,MIA,202304240MIA,"Apr 24, 2023",MIL,15,16,3,17,42.86,43.3,-0.44,15,10,0,0,0,0,0,0,1,3,0,0,0,0,0,0,0,0,0,0,0,0,1,2
203114,Khris Middleton,MIL,202304240MIA,"Apr 24, 2023",MIA,14,12,4,14,42.42,50.87,-8.45,7,4,5,6,1,2,0,0,0,0,0,0,0,0,0,0,0,0,0,0,0,0,1,2
201572,Brook Lopez,MIL,202304240MIA,"Apr 24, 2023",MIA,36,23,6,26,61.02,70.2,-9.18,16,18,7,12,3,6,0,0,0,0,0,0,0,0,0,0,0,0,0,0,0,0,0,0
203507,Giannis Antetokounmpo,MIL,202304240MIA,"Apr 24, 2023",MIA,26,22,4,22,53.06,54.71,-1.65,17,16,1,0,0,0,0,0,4,10,0,0,0,0,0,0,0,0,0,0,0,0,0,0
1629216,Gabe Vincent,MIA,202304240MIA,"Apr 24, 2023",MIL,10,13,0,13,31.25,38.46,-7.21,7,4,6,6,0,0,0,0,0,0,0,0,0,0,0,0,0,0,0,0,0,0,0,0
strusma01,M. Strus,MIA,202304240MIA,"Apr 24, 2023",MIL,0,1,0,1,0.0,0.0,0.0,0,0,1,0,0,0,0,0,0,0,0,0,0,0,0,0,0,0,0,0,0,0,0,0
201950,Jrue Holiday,MIL,202304240MIA,"Apr 24, 2023",MIA,14,19,0,19,28.57,36.84,-8.27,8,8,11,6,0,0,0,0,0,0,0,0,0,0,0,0,0,0,0,0,0,0,0,0
201567,Kevin Love,MIA,202304240MIA,"Apr 24, 2023",MIL,6,6,0,6,35.29,50.0,-14.71,1,0,5,6,0,0,0,0,0,0,0,0,0,0,0,0,0,0,0,0,0,0,0,0
202710,Jimmy Butler III,MIA,202304240MIA,"Apr 24, 2023",MIL,56,28,18,36,68.29,77.95,-9.66,17,26,8,9,5,8,0,0,3,9,0,0,0,0,0,0,0,0,0,0,0,0,3,4
1629312,Haywood Highsmith,MIA,202304240MIA,"Apr 24, 2023",MIL,3,4,0,4,27.27,37.5,-10.23,1,0,3,3,0,0,0,0,0,0,0,0,0,0,0,0,0,0,0,0,0,0,0,0
204060,Joe Ingles,MIL,202304240MIA,"Apr 24, 2023",MIA,3,1,0,1,100.0,150.0,-50.0,0,0,1,3,0,0,0,0,0,0,0,0,0,0,0,0,0,0,0,0,0,0,0,0
1626171,Bobby Portis,MIL,202304240MIA,"Apr 24, 2023",MIA,5,6,0,6,31.25,41.67,-10.42,2,2,4,3,0,0,0,0,0,0,0,0,0,0,0,0,0,0,0,0,0,0,0,0
200768,Kyle Lowry,MIA,202304240MIA,"Apr 24, 2023",MIL,6,7,0,7,37.5,42.86,-5.36,5,6,2,0,0,0,0,0,0,0,0,0,0,0,0,0,0,0,0,0,0,0,0,0
1628997,Caleb Martin,MIA,202304240MIA,"Apr 24, 2023",MIL,12,5,2,6,80.0,102.04,-22.04,2,4,3,6,1,2,0,0,0,0,0,0,0,0,0,0,0,0,0,0,0,0,0,0
203469,Cody Zeller,MIA,202304240MIA,"Apr 24, 2023",MIL,2,2,2,3,33.33,34.72,-1.39,2,2,0,0,0,0,0,0,0,0,0,0,0,0,0,0,0,0,0,0,0,0,1,0
1629130,Duncan Robinson,MIA,202304240MIA,"Apr 24, 2023",MIL,9,5,0,5,64.29,90.0,-25.71,1,0,4,9,0,0,0,0,0,0,0,0,0,0,0,0,0,0,0,0,0,0,0,0
1626192,Pat Connaughton,MIL,202304240MIA,"Apr 24, 2023",MIA,8,8,4,10,30.77,40.98,-10.21,2,2,6,3,1,1,0,0,0,0,0,0,0,0,0,0,0,0,0,0,0,0,1,2
1628991,Jaren Jackson Jr.,MEM,202304240LAL,"Apr 24, 2023",LAL,14,15,5,17,35.9,40.7,-4.8,10,8,4,0,1,1,0,0,1,3,0,0,0,0,0,0,0,0,0,0,0,0,1,2
1630559,Austin Reaves,LAL,202304240LAL,"Apr 24, 2023",MEM,23,16,8,20,51.11,58.91,-7.8,11,10,5,6,3,5,0,0,0,0,0,0,0,0,0,0,0,0,0,0,0,0,1,2
1630217,Desmond Bane,MEM,202304240LAL,"Apr 24, 2023",LAL,36,29,7,34,46.75,56.11,-9.36,17,20,12,9,2,4,0,0,0,0,0,0,2,2,0,0,0,0,0,0,0,0,1,1
2544,LeBron James,LAL,202304240LAL,"Apr 24, 2023",MEM,22,18,7,21,44.0,52.18,-8.18,10,12,7,3,1,1,0,0,1,2,0,0,0,0,0,0,0,0,0,0,0,0,2,4
1626156,D'Angelo Russell,LAL,202304240LAL,"Apr 24, 2023",MEM,17,15,0,15,44.74,56.67,-11.93,7,8,8,9,0,0,0,0,0,0,0,0,0,0,0,0,0,0,0,0,0,0,0,0
1630214,Xavier Tillman,MEM,202304240LAL,"Apr 24, 2023",LAL,12,9,2,10,57.14,60.73,-3.59,8,10,1,0,1,2,0,0,0,0,0,0,0,0,0,0,0,0,0,0,0,0,0,0
203076,Anthony Davis,LAL,202304240LAL,"Apr 24, 2023",MEM,12,13,6,16,36.36,38.36,-2.0,12,8,1,0,3,4,0,0,0,0,0,0,0,0,0,0,0,0,0,0,0,0,0,0
1629020,Jarred Vanderbilt,LAL,202304240LAL,"Apr 24, 2023",MEM,15,9,2,10,60.0,75.91,-15.91,4,8,5,6,1,1,0,0,0,0,0,0,0,0,0,0,0,0,0,0,0,0,0,0
1628415,Dillon Brooks,MEM,202304240LAL,"Apr 24, 2023",LAL,11,11,2,12,35.48,46.3,-10.82,4,6,7,3,1,2,0,0,0,0,0,0,0,0,0,0,0,0,0,0,0,0,0,0
1629630,Ja Morant,MEM,202304240LAL,"Apr 24, 2023",LAL,18,24,2,25,32.14,36.17,-4.03,18,14,6,3,1,1,0,0,0,0,0,0,0,0,0,0,0,0,0,0,0,0,0,0
1630583,Santi Aldama,MEM,202304240LAL,"Apr 24, 2023",LAL,2,2,0,2,40.0,50.0,-10.0,1,2,1,0,0,0,0,0,0,0,0,0,0,0,0,0,0,0,0,0,0,0,0,0
1628379,Luke Kennard,MEM,202304240LAL,"Apr 24, 2023",LAL,6,4,0,4,50.0,75.0,-25.0,0,0,4,6,0,0,0,0,0,0,0,0,0,0,0,0,0,0,0,0,0,0,0,0
1629060,Rui Hachimura,LAL,202304240LAL,"Apr 24, 2023",MEM,7,9,2,10,29.17,35.43,-6.26,5,2,4,3,1,2,0,0,0,0,0,0,0,0,0,0,0,0,0,0,0,0,0,0
1631223,David Roddy,MEM,202304240LAL,"Apr 24, 2023",LAL,9,10,1,10,33.33,43.1,-9.77,3,0,6,6,0,0,0,0,1,3,0,0,0,0,0,0,0,0,0,0,0,0,0,0
203471,Dennis Schröder,LAL,202304240LAL,"Apr 24, 2023",MEM,12,5,6,8,70.59,78.53,-7.94,4,6,1,0,0,0,0,0,0,0,0,0,0,0,0,0,0,0,0,0,0,0,3,6
1626145,Tyus Jones,MEM,202304240LAL,"Apr 24, 2023",LAL,2,2,0,2,40.0,50.0,-10.0,1,2,1,0,0,0,0,0,0,0,0,0,0,0,0,0,0,0,0,0,0,0,0,0
1627736,Malik Beasley,LAL,202304240LAL,"Apr 24, 2023",MEM,3,4,0,4,27.27,37.5,-10.23,1,0,3,3,0,0,0,0,0,0,0,0,0,0,0,0,0,0,0,0,0,0,0,0
1628972,Troy Brown Jr.,LAL,202304240LAL,"Apr 24, 2023",MEM,6,5,0,5,50.0,60.0,-10.0,3,6,2,0,0,0,0,0,0,0,0,0,0,0,0,0,0,0,0,0,0,0,0,0
1629027,Trae Young,ATL,202304250BOS,"Apr 25, 2023",BOS,38,33,5,36,45.24,53.98,-8.74,20,18,13,15,0,0,0,0,0,0,0,0,2,3,0,0,0,0,0,0,0,0,1,2
tatumja01,J. Tatum,BOS,202304250BOS,"Apr 25, 2023",ATL,19,21,2,22,35.19,43.42,-8.23,11,14,10,3,1,2,0,0,0,0,0,0,0,0,0,0,0,0,0,0,0,0,0,0
203935,Marcus Smart,BOS,202304250BOS,"Apr 25, 2023",ATL,10,8,2,9,45.45,56.31,-10.86,4,6,4,3,1,1,0,0,0,0,0,0,0,0,0,0,0,0,0,0,0,0,0,0
201143,Al Horford,BOS,202304250BOS,"Apr 25, 2023",ATL,3,5,0,5,23.08,30.0,-6.92,2,0,3,3,0,0,0,0,0,0,0,0,0,0,0,0,0,0,0,0,0,0,0,0
1629631,De'Andre Hunter,ATL,202304250BOS,"Apr 25, 2023",BOS,13,11,0,11,48.15,59.09,-10.94,6,4,5,9,0,0,0,0,0,0,0,0,0,0,0,0,0,0,0,0,0,0,0,0
203991,Clint Capela,ATL,202304250BOS,"Apr 25, 2023",BOS,4,5,0,5,40.0,40.0,0.0,5,4,0,0,0,0,0,0,0,0,0,0,0,0,0,0,0,0,0,0,0,0,0,0
1627759,Jaylen Brown,BOS,202304250BOS,"Apr 25, 2023",ATL,35,23,5,25,60.34,69.44,-9.1,15,20,7,12,1,0,0,0,1,2,0,0,0,0,0,0,0,0,0,0,0,0,1,1
1628381,John Collins,ATL,202304250BOS,"Apr 25, 2023",BOS,22,18,0,18,48.89,61.11,-12.22,9,10,9,12,0,0,0,0,0,0,0,0,0,0,0,0,0,0,0,0,0,0,0,0
1628401,Derrick White,BOS,202304250BOS,"Apr 25, 2023",ATL,18,11,2,12,62.07,75.76,-13.69,6,10,5,6,1,2,0,0,0,0,0,0,0,0,0,0,0,0,0,0,0,0,0,0
202711,Bojan Bogdanovic,BOS,202304250BOS,"Apr 25, 2023",ATL,18,9,3,10,66.67,87.21,-20.54,3,6,6,9,0,0,1,3,0,0,0,0,0,0,0,0,0,0,0,0,0,0,0,0
1630180,Saddiq Bey,ATL,202304250BOS,"Apr 25, 2023",BOS,12,9,2,10,52.17,60.73,-8.56,6,4,3,6,1,2,0,0,0,0,0,0,0,0,0,0,0,0,0,0,0,0,0,0
1627763,Malcolm Brogdon,BOS,202304250BOS,"Apr 25, 2023",ATL,14,12,1,12,46.67,56.27,-9.6,6,8,5,3,0,0,0,0,1,3,0,0,0,0,0,0,0,0,0,0,0,0,0,0
1629057,Robert Williams III,BOS,202304250BOS,"Apr 25, 2023",ATL,10,6,1,6,76.92,77.64,-0.72,5,8,0,0,0,0,0,0,1,2,0,0,0,0,0,0,0,0,0,0,0,0,0,0
1630168,Onyeka Okongwu,ATL,202304250BOS,"Apr 25, 2023",BOS,9,6,0,6,69.23,75.0,-5.77,5,6,1,3,0,0,0,0,0,0,0,0,0,0,0,0,0,0,0,0,0,0,0,0
1630552,Jalen Johnson,ATL,202304250BOS,"Apr 25, 2023",BOS,3,5,0,5,21.43,30.0,-8.57,1,0,4,3,0,0,0,0,0,0,0,0,0,0,0,0,0,0,0,0,0,0,0,0
1630573,Sam Hauser,BOS,202304250BOS,"Apr 25, 2023",ATL,8,5,0,5,57.14,80.0,-22.86,1,2,4,6,0,0,0,0,0,0,0,0,0,0,0,0,0,0,0,0,0,0,0,0
griffbl01,B. Griffin,BOS,202304250BOS,"Apr 25, 2023",ATL,0,1,0,1,0.0,0.0,0.0,1,0,0,0,0,0,0,0,0,0,0,0,0,0,0,0,0,0,0,0,0,0,0,0
1629008,Michael Porter Jr.,DEN,202304250DEN,"Apr 25, 2023",MIN,8,10,0,10,29.63,40.0,-10.37,3,2,7,6,0,0,0,0,0,0,0,0,0,0,0,0,0,0,0,0,0,0,0,0
203497,Rudy Gobert,MIN,202304250DEN,"Apr 25, 2023",DEN,16,6,9,10,76.19,80.32,-4.13,5,8,0,0,3,4,0,0,1,3,0,0,0,0,0,0,0,0,0,0,0,0,1,1
203932,Aaron Gordon,DEN,202304250DEN,"Apr 25, 2023",MIN,14,9,7,12,50.0,57.95,-7.95,5,6,3,0,2,4,0,0,1,2,0,0,0,0,0,0,0,0,0,0,0,0,1,2
203999,Nikola Jokić,DEN,202304250DEN,"Apr 25, 2023",MIN,28,29,10,34,36.84,41.92,-5.08,20,8,8,9,2,4,0,0,1,3,0,0,0,0,0,0,0,0,0,0,1,1,2,3
1626157,Karl-Anthony Towns,MIN,202304250DEN,"Apr 25, 2023",DEN,26,17,9,19,53.06,62.02,-8.96,6,6,6,3,0,0,0,0,5,14,0,0,0,0,0,0,0,0,0,0,0,0,2,3
201144,Mike Conley,MIN,202304250DEN,"Apr 25, 2023",DEN,7,7,2,8,35.0,44.42,-9.42,3,2,4,3,0,0,0,0,0,0,0,0,0,0,0,0,0,0,0,0,0,0,1,2
203484,Kentavious Caldwell-Pope,DEN,202304250DEN,"Apr 25, 2023",MIN,10,6,3,7,52.63,68.31,-15.68,1,2,4,3,1,2,0,0,1,3,0,0,0,0,0,0,0,0,0,0,0,0,0,0
1630162,Anthony Edwards,MIN,202304250DEN,"Apr 25, 2023",DEN,29,27,4,29,45.31,50.42,-5.11,21,26,6,0,2,3,0,0,0,0,0,0,0,0,0,0,0,0,0,0,0,0,0,0
1627750,Jamal Murray,DEN,202304250DEN,"Apr 25, 2023",MIN,35,23,6,26,57.38,68.25,-10.87,13,12,9,15,0,0,0,0,1,3,0,0,1,1,0,0,0,0,0,0,0,0,2,4
1629638,Nickeil Alexander-Walker,MIN,202304250DEN,"Apr 25, 2023",DEN,14,11,1,11,43.75,61.19,-17.44,1,2,9,9,0,0,0,0,1,3,0,0,0,0,0,0,0,0,0,0,0,0,0,0
1627752,Taurean Prince,MIN,202304250DEN,"Apr 25, 2023",DEN,13,10,0,10,48.15,65.0,-16.85,3,4,7,9,0,0,0,0,0,0,0,0,0,0,0,0,0,0,0,0,0,0,0,0
1628971,Bruce Brown,DEN,202304250DEN,"Apr 25, 2023",MIN,14,6,8,10,63.64,73.53,-9.89,4,6,2,0,3,6,0,0,0,0,0,0,0,0,0,0,0,0,0,0,0,0,1,2
201145,Jeff Green,DEN,202304250DEN,"Apr 25, 2023",MIN,0,1,2,2,0.0,0.0,0.0,1,0,0,0,1,0,0,0,0,0,0,0,0,0,0,0,0,0,0,0,0,0,0,0
1629669,Jaylen Nowell,MIN,202304250DEN,"Apr 25, 2023",DEN,2,1,0,1,100.0,100.0,0.0,1,2,0,0,0,0,0,0,0,0,0,0,0,0,0,0,0,0,0,0,0,0,0,0
1631128,Christian Braun,DEN,202304250DEN,"Apr 25, 2023",MIN,3,1,0,1,100.0,150.0,-50.0,0,0,1,3,0,0,0,0,0,0,0,0,0,0,0,0,0,0,0,0,0,0,0,0
riverau01,A. Rivers,MIN,202304250DEN,"Apr 25, 2023",DEN,2,2,0,2,40.0,50.0,-10.0,1,2,1,0,0,0,0,0,0,0,0,0,0,0,0,0,0,0,0,0,0,0,0,0
bookede01,D. Booker,PHX,202304250PHO,"Apr 25, 2023",LAC,47,27,6,30,70.15,79.28,-9.13,20,30,7,12,3,5,0,0,0,0,0,0,0,0,0,0,0,0,0,0,0,0,0,0
1627826,Ivica Zubac,LAC,202304250PHO,"Apr 25, 2023",PHX,16,6,6,9,88.89,92.59,-3.7,6,10,0,0,3,6,0,0,0,0,0,0,0,0,0,0,0,0,0,0,0,0,0,0
1629028,Deandre Ayton,PHX,202304250PHO,"Apr 25, 2023",LAC,21,18,4,19,52.5,53.14,-0.64,16,14,0,0,0,0,0,0,2,6,0,0,0,0,0,0,0,0,0,0,0,0,1,1
202694,Marcus Morris Sr.,LAC,202304250PHO,"Apr 25, 2023",PHX,12,11,2,12,48.0,50.51,-2.51,10,10,1,0,0,0,0,0,0,0,0,0,0,0,0,0,0,0,0,0,0,0,1,2
1626181,Norman Powell,LAC,202304250PHO,"Apr 25, 2023",PHX,27,17,10,21,52.94,63.08,-10.14,7,4,7,9,0,0,0,0,3,9,0,0,1,1,0,0,0,0,0,0,0,0,3,4
201569,Eric Gordon,LAC,202304250PHO,"Apr 25, 2023",PHX,3,4,0,4,25.0,37.5,-12.5,0,0,4,3,0,0,0,0,0,0,0,0,0,0,0,0,0,0,0,0,0,0,0,0
201566,Russell Westbrook,PHX,202304250PHO,"Apr 25, 2023",LAC,14,18,8,22,28.0,32.53,-4.53,12,4,6,3,4,7,0,0,0,0,0,0,0,0,0,0,0,0,0,0,0,0,0,0
1628470,Torrey Craig,PHX,202304250PHO,"Apr 25, 2023",LAC,0,1,0,1,0.0,0.0,0.0,1,0,0,0,0,0,0,0,0,0,0,0,0,0,0,0,0,0,0,0,0,0,0,0
201142,Kevin Durant,PHX,202304250PHO,"Apr 25, 2023",LAC,31,19,7,22,60.78,70.2,-9.42,12,10,6,12,2,4,0,0,1,3,0,0,0,0,0,0,0,0,0,0,0,0,1,2
101108,Chris Paul,PHX,202304250PHO,"Apr 25, 2023",LAC,15,13,0,13,46.88,57.69,-10.81,7,6,6,9,0,0,0,0,0,0,0,0,0,0,0,0,0,0,0,0,0,0,0,0
1629006,Josh Okogie,PHX,202304250PHO,"Apr 25, 2023",LAC,11,7,2,8,57.89,69.8,-11.91,4,6,3,3,0,0,0,0,0,0,0,0,0,0,0,0,0,0,0,0,0,0,1,2
201587,Nicolas Batum,LAC,202304250PHO,"Apr 25, 2023",PHX,19,10,0,10,67.86,95.0,-27.14,2,4,8,15,0,0,0,0,0,0,0,0,0,0,0,0,0,0,0,0,0,0,0,0
1629611,Terance Mann,LAC,202304250PHO,"Apr 25, 2023",PHX,10,9,2,10,38.46,50.61,-12.15,3,4,6,6,1,0,0,0,0,0,0,0,0,0,0,0,0,0,0,0,0,0,0,0
202687,Bismack Biyombo,PHX,202304250PHO,"Apr 25, 2023",LAC,8,4,5,6,61.54,64.52,-2.98,3,2,0,0,0,0,0,0,1,3,0,0,0,0,1,1,0,0,0,0,0,0,1,2
1629013,Landry Shamet,PHX,202304250PHO,"Apr 25, 2023",LAC,3,3,0,3,37.5,50.0,-12.5,1,0,2,3,0,0,0,0,0,0,0,0,0,0,0,0,0,0,0,0,0,0,0,0
203486,Mason Plumlee,LAC,202304250PHO,"Apr 25, 2023",PHX,20,7,9,10,86.96,91.24,-4.28,4,6,0,0,2,3,0,0,3,9,0,0,0,0,0,0,0,0,0,0,0,0,1,2
1630538,Bones Hyland,LAC,202304250PHO,"Apr 25, 2023",PHX,9,13,0,13,30.0,34.62,-4.62,9,6,4,3,0,0,0,0,0,0,0,0,0,0,0,0,0,0,0,0,0,0,0,0
1627814,Damion Lee,PHX,202304250PHO,"Apr 25, 2023",LAC,0,2,0,2,0.0,0.0,0.0,0,0,2,0,0,0,0,0,0,0,0,0,0,0,0,0,0,0,0,0,0,0,0,0
1629636,Darius Garland,CLE,202304260CLE,"Apr 26, 2023",NYK,21,13,6,16,55.26,67.14,-11.88,7,12,6,3,3,6,0,0,0,0,0,0,0,0,0,0,0,0,0,0,0,0,0,0
203944,Julius Randle,NYK,202304260CLE,"Apr 26, 2023",CLE,13,9,6,12,48.15,55.84,-7.69,6,8,3,0,3,5,0,0,0,0,0,0,0,0,0,0,0,0,0,0,0,0,0,0
1628378,Donovan Mitchell,CLE,202304260CLE,"Apr 26, 2023",NYK,28,26,3,28,41.79,51.24,-9.45,14,16,12,9,1,2,0,0,0,0,0,0,0,0,0,0,0,0,0,0,0,0,1,1
1630596,Evan Mobley,CLE,202304260CLE,"Apr 26, 2023",NYK,6,6,4,8,37.5,38.66,-1.16,6,4,0,0,2,2,0,0,0,0,0,0,0,0,0,0,0,0,0,0,0,0,0,0
1628973,Jalen Brunson,NYK,202304260CLE,"Apr 26, 2023",CLE,23,22,5,25,41.82,47.52,-5.7,16,12,6,6,0,0,0,0,0,0,0,0,0,0,0,0,0,0,0,0,0,0,3,5
1629628,RJ Barrett,NYK,202304260CLE,"Apr 26, 2023",CLE,21,13,6,16,58.33,67.14,-8.81,9,10,4,6,3,5,0,0,0,0,0,0,0,0,0,0,0,0,0,0,0,0,0,0
1629011,Mitchell Robinson,NYK,202304260CLE,"Apr 26, 2023",CLE,13,9,4,11,59.09,60.41,-1.32,9,12,0,0,2,1,0,0,0,0,0,0,0,0,0,0,0,0,0,0,0,0,0,0
1628404,Josh Hart,NYK,202304260CLE,"Apr 26, 2023",CLE,4,6,0,6,28.57,33.33,-4.76,4,4,2,0,0,0,0,0,0,0,0,0,0,0,0,0,0,0,0,0,0,0,0,0
1627747,Caris LeVert,CLE,202304260CLE,"Apr 26, 2023",NYK,17,13,2,14,48.57,61.24,-12.67,6,4,7,12,1,1,0,0,0,0,0,0,0,0,0,0,0,0,0,0,0,0,0,0
1628386,Jarrett Allen,CLE,202304260CLE,"Apr 26, 2023",NYK,4,6,0,6,33.33,33.33,0.0,6,4,0,0,0,0,0,0,0,0,0,0,0,0,0,0,0,0,0,0,0,0,0,0
1630171,Isaac Okoro,CLE,202304260CLE,"Apr 26, 2023",NYK,10,5,0,5,76.92,100.0,-23.08,2,4,3,6,0,0,0,0,0,0,0,0,0,0,0,0,0,0,0,0,0,0,0,0
1628392,Isaiah Hartenstein,NYK,202304260CLE,"Apr 26, 2023",CLE,1,1,2,2,25.0,26.6,-1.6,1,0,0,0,1,1,0,0,0,0,0,0,0,0,0,0,0,0,0,0,0,0,0,0
1630193,Immanuel Quickley,NYK,202304260CLE,"Apr 26, 2023",CLE,19,15,6,18,41.3,53.85,-12.55,5,4,10,9,1,2,0,0,0,0,0,0,0,0,0,0,0,0,0,0,0,0,2,4
1626224,Cedi Osman,CLE,202304260CLE,"Apr 26, 2023",NYK,6,5,0,5,42.86,60.0,-17.14,1,0,4,6,0,0,0,0,0,0,0,0,0,0,0,0,0,0,0,0,0,0,0,0
1630167,Obi Toppin,NYK,202304260CLE,"Apr 26, 2023",CLE,12,10,0,10,50.0,60.0,-10.0,6,6,4,6,0,0,0,0,0,0,0,0,0,0,0,0,0,0,0,0,0,0,0,0
stevela01,L. Stevens,CLE,202304260CLE,"Apr 26, 2023",NYK,3,1,0,1,100.0,150.0,-50.0,0,0,1,3,0,0,0,0,0,0,0,0,0,0,0,0,0,0,0,0,0,0,0,0
1630217,Desmond Bane,MEM,202304260MEM,"Apr 26, 2023",LAL,33,21,6,24,57.89,69.8,-11.91,11,14,9,12,2,4,0,0,1,3,0,0,0,0,0,0,0,0,0,0,0,0,1,0
2544,LeBron James,LAL,202304260MEM,"Apr 26, 2023",MEM,15,17,6,20,30.61,38.19,-7.58,8,8,9,3,3,4,0,0,0,0,0,0,0,0,0,0,0,0,0,0,0,0,0,0
1629020,Jarred Vanderbilt,LAL,202304260MEM,"Apr 26, 2023",MEM,7,4,2,5,63.64,71.72,-8.08,3,6,1,0,1,1,0,0,0,0,0,0,0,0,0,0,0,0,0,0,0,0,0,0
1629630,Ja Morant,MEM,202304260MEM,"Apr 26, 2023",LAL,31,26,4,27,50.82,55.84,-5.02,19,18,5,6,1,2,0,0,2,5,0,0,0,0,0,0,0,0,0,0,0,0,0,0
1630559,Austin Reaves,LAL,202304260MEM,"Apr 26, 2023",MEM,17,13,6,16,42.5,54.35,-11.85,5,2,8,9,2,4,0,0,0,0,0,0,0,0,0,0,0,0,0,0,0,0,1,2
1630214,Xavier Tillman,MEM,202304260MEM,"Apr 26, 2023",LAL,8,10,1,10,36.36,38.31,-1.95,8,6,1,0,0,0,0,0,1,2,0,0,0,0,0,0,0,0,0,0,0,0,0,0
1628415,Dillon Brooks,MEM,202304260MEM,"Apr 26, 2023",LAL,8,15,0,15,20.0,26.67,-6.67,5,2,10,6,0,0,0,0,0,0,0,0,0,0,0,0,0,0,0,0,0,0,0,0
1626156,D'Angelo Russell,LAL,202304260MEM,"Apr 26, 2023",MEM,11,11,2,12,37.93,46.3,-8.37,6,4,5,6,1,1,0,0,0,0,0,0,0,0,0,0,0,0,0,0,0,0,0,0
203076,Anthony Davis,LAL,202304260MEM,"Apr 26, 2023",MEM,31,23,3,24,59.62,63.73,-4.11,19,24,3,3,0,0,0,0,1,3,0,0,0,0,0,0,0,0,0,0,0,0,1,1
1628991,Jaren Jackson Jr.,MEM,202304260MEM,"Apr 26, 2023",LAL,18,11,6,14,54.55,65.98,-11.43,6,6,5,6,3,6,0,0,0,0,0,0,0,0,0,0,0,0,0,0,0,0,0,0
1628379,Luke Kennard,MEM,202304260MEM,"Apr 26, 2023",LAL,6,3,0,3,66.67,100.0,-33.33,0,0,3,6,0,0,0,0,0,0,0,0,0,0,0,0,0,0,0,0,0,0,0,0
1629060,Rui Hachimura,LAL,202304260MEM,"Apr 26, 2023",MEM,9,8,0,8,47.37,56.25,-8.88,5,6,3,3,0,0,0,0,0,0,0,0,0,0,0,0,0,0,0,0,0,0,0,0
203471,Dennis Schröder,LAL,202304260MEM,"Apr 26, 2023",MEM,0,2,0,2,0.0,0.0,0.0,1,0,1,0,0,0,0,0,0,0,0,0,0,0,0,0,0,0,0,0,0,0,0,0
1630583,Santi Aldama,MEM,202304260MEM,"Apr 26, 2023",LAL,7,5,0,5,58.33,70.0,-11.67,3,4,2,3,0,0,0,0,0,0,0,0,0,0,0,0,0,0,0,0,0,0,0,0
1627736,Malik Beasley,LAL,202304260MEM,"Apr 26, 2023",MEM,6,6,0,6,33.33,50.0,-16.67,0,0,6,6,0,0,0,0,0,0,0,0,0,0,0,0,0,0,0,0,0,0,0,0
1628972,Troy Brown Jr.,LAL,202304260MEM,"Apr 26, 2023",MEM,0,2,0,2,0.0,0.0,0.0,0,0,2,0,0,0,0,0,0,0,0,0,0,0,0,0,0,0,0,0,0,0,0,0
1626145,Tyus Jones,MEM,202304260MEM,"Apr 26, 2023",LAL,3,4,0,4,25.0,37.5,-12.5,0,0,4,3,0,0,0,0,0,0,0,0,0,0,0,0,0,0,0,0,0,0,0,0
1629117,Wenyen Gabriel,LAL,202304260MEM,"Apr 26, 2023",MEM,3,3,1,3,42.86,43.6,-0.74,2,0,0,0,0,0,0,0,1,3,0,0,0,0,0,0,0,0,0,0,0,0,0,0
1629723,John Konchar,MEM,202304260MEM,"Apr 26, 2023",LAL,0,2,0,2,0.0,0.0,0.0,1,0,1,0,0,0,0,0,0,0,0,0,0,0,0,0,0,0,0,0,0,0,0,0
1629022,Lonnie Walker IV,LAL,202304260MEM,"Apr 26, 2023",MEM,0,1,0,1,0.0,0.0,0.0,1,0,0,0,0,0,0,0,0,0,0,0,0,0,0,0,0,0,0,0,0,0,0,0
1631108,Max Christie,LAL,202304260MEM,"Apr 26, 2023",MEM,0,1,0,1,0.0,0.0,0.0,0,0,1,0,0,0,0,0,0,0,0,0,0,0,0,0,0,0,0,0,0,0,0,0
1627885,Shaquille Harrison,LAL,202304260MEM,"Apr 26, 2023",MEM,0,1,0,1,0.0,0.0,0.0,1,0,0,0,0,0,0,0,0,0,0,0,0,0,0,0,0,0,0,0,0,0,0,0
1631254,Kenneth Lofton Jr.,MEM,202304260MEM,"Apr 26, 2023",LAL,2,2,0,2,50.0,50.0,0.0,2,2,0,0,0,0,0,0,0,0,0,0,0,0,0,0,0,0,0,0,0,0,0,0
201950,Jrue Holiday,MIL,202304260MIL,"Apr 26, 2023",MIA,16,11,8,15,44.44,55.1,-10.66,5,4,6,6,1,1,0,0,0,0,0,0,0,0,0,0,0,0,0,0,0,0,3,5
202710,Jimmy Butler III,MIA,202304260MIL,"Apr 26, 2023",MIL,42,33,9,37,49.41,56.82,-7.41,21,24,10,9,3,3,0,0,2,6,0,0,1,0,0,0,0,0,0,0,0,0,0,0
1629216,Gabe Vincent,MIA,202304260MIL,"Apr 26, 2023",MIL,22,23,0,23,37.93,47.83,-9.9,11,10,12,12,0,0,0,0,0,0,0,0,0,0,0,0,0,0,0,0,0,0,0,0
1628960,Grayson Allen,MIL,202304260MIL,"Apr 26, 2023",MIA,8,7,2,8,38.1,50.76,-12.66,2,0,4,3,0,0,0,0,0,0,1,4,1,1,0,0,0,0,0,0,0,0,0,0
203507,Giannis Antetokounmpo,MIL,202304260MIL,"Apr 26, 2023",MIA,38,27,23,38,48.1,51.19,-3.09,24,26,2,0,10,10,0,0,1,2,0,0,0,0,0,0,0,0,0,0,0,0,1,0
201567,Kevin Love,MIL,202304260MIL,"Apr 26, 2023",MIA,15,11,0,11,45.45,68.18,-22.73,0,0,11,15,0,0,0,0,0,0,0,0,0,0,0,0,0,0,0,0,0,0,0,0
201572,Brook Lopez,MIL,202304260MIL,"Apr 26, 2023",MIA,18,11,3,12,60.0,73.05,-13.05,5,6,5,9,0,0,0,0,1,2,0,0,0,0,0,0,0,0,0,0,0,0,1,1
203114,Khris Middleton,MIL,202304260MIL,"Apr 26, 2023",MIA,33,24,9,28,49.25,59.01,-9.76,14,12,10,12,1,2,1,3,0,0,0,0,0,0,0,0,0,0,0,0,0,0,2,4
strusma01,M. Strus,MIA,202304260MIL,"Apr 26, 2023",MIL,8,6,3,7,42.11,54.64,-12.53,2,0,4,6,0,0,1,2,0,0,0,0,0,0,0,0,0,0,0,0,0,0,0,0
1628389,Bam Adebayo,MIA,202304260MIL,"Apr 26, 2023",MIL,20,20,5,22,43.48,45.05,-1.57,18,14,1,0,2,3,0,0,1,3,0,0,0,0,0,0,0,0,0,0,0,0,0,0
202083,Wesley Matthews,MIL,202304260MIL,"Apr 26, 2023",MIA,6,5,0,5,46.15,60.0,-13.85,2,0,3,6,0,0,0,0,0,0,0,0,0,0,0,0,0,0,0,0,0,0,0,0
1626171,Bobby Portis,MIL,202304260MIL,"Apr 26, 2023",MIA,0,2,0,2,0.0,0.0,0.0,1,0,1,0,0,0,0,0,0,0,0,0,0,0,0,0,0,0,0,0,0,0,0,0
200768,Kyle Lowry,MIA,202304260MIL,"Apr 26, 2023",MIL,10,10,0,10,41.67,50.0,-8.33,6,4,4,6,0,0,0,0,0,0,0,0,0,0,0,0,0,0,0,0,0,0,0,0
1628997,Caleb Martin,MIA,202304260MIL,"Apr 26, 2023",MIL,2,2,0,2,40.0,50.0,-10.0,1,2,1,0,0,0,0,0,0,0,0,0,0,0,0,0,0,0,0,0,0,0,0,0
203469,Cody Zeller,MIA,202304260MIL,"Apr 26, 2023",MIL,4,2,0,2,100.0,100.0,0.0,2,4,0,0,0,0,0,0,0,0,0,0,0,0,0,0,0,0,0,0,0,0,0,0
1626192,Pat Connaughton,MIL,202304260MIL,"Apr 26, 2023",MIA,7,3,0,3,100.0,116.67,-16.67,2,4,1,3,0,0,0,0,0,0,0,0,0,0,0,0,0,0,0,0,0,0,0,0
1629130,Duncan Robinson,MIA,202304260MIL,"Apr 26, 2023",MIL,3,2,0,2,50.0,75.0,-25.0,0,0,2,3,0,0,0,0,0,0,0,0,0,0,0,0,0,0,0,0,0,0,0,0
1629312,Haywood Highsmith,MIL,202304260MIL,"Apr 26, 2023",MIA,2,1,0,1,100.0,100.0,0.0,1,2,0,0,0,0,0,0,0,0,0,0,0,0,0,0,0,0,0,0,0,0,0,0
204060,Joe Ingles,MIL,202304260MIL,"Apr 26, 2023",MIA,0,1,0,1,0.0,0.0,0.0,1,0,0,0,0,0,0,0,0,0,0,0,0,0,0,0,0,0,0,0,0,0,0,0
1629673,Jordan Poole,GSW,202304260SAC,"Apr 26, 2023",SAC,10,12,3,13,30.3,37.54,-7.24,5,4,6,3,1,1,0,0,1,2,0,0,0,0,0,0,0,0,0,0,0,0,0,0
1628368,De'Aaron Fox,SAC,202304260SAC,"Apr 26, 2023",GSW,24,25,3,26,38.1,45.59,-7.49,14,10,10,9,1,2,0,0,1,3,0,0,0,0,0,0,0,0,0,0,0,0,0,0
1631099,Keegan Murray,SAC,202304260SAC,"Apr 26, 2023",GSW,10,5,0,5,83.33,100.0,-16.67,3,4,2,6,0,0,0,0,0,0,0,0,0,0,0,0,0,0,0,0,0,0,0,0
203952,Andrew Wiggins,GSW,202304260SAC,"Apr 26, 2023",SAC,20,16,0,16,54.05,62.5,-8.45,11,14,5,6,0,0,0,0,0,0,0,0,0,0,0,0,0,0,0,0,0,0,0,0
1627734,Domantas Sabonis,SAC,202304260SAC,"Apr 26, 2023",GSW,21,15,4,17,60.0,62.65,-2.65,14,18,1,0,1,1,0,0,0,0,0,0,0,0,0,0,0,0,0,0,0,0,1,2
1626172,Kevon Looney,GSW,202304260SAC,"Apr 26, 2023",SAC,4,4,0,4,50.0,50.0,0.0,4,4,0,0,0,0,0,0,0,0,0,0,0,0,0,0,0,0,0,0,0,0,0,0
202691,Klay Thompson,GSW,202304260SAC,"Apr 26, 2023",SAC,25,19,0,19,51.02,65.79,-14.77,8,10,11,15,0,0,0,0,0,0,0,0,0,0,0,0,0,0,0,0,0,0,0,0
1628989,Kevin Huerter,SAC,202304260SAC,"Apr 26, 2023",GSW,9,10,0,10,37.5,45.0,-7.5,6,6,4,3,0,0,0,0,0,0,0,0,0,0,0,0,0,0,0,0,0,0,0,0
203084,Harrison Barnes,SAC,202304260SAC,"Apr 26, 2023",GSW,13,6,7,9,61.9,71.59,-9.69,3,4,2,0,2,4,0,0,1,3,0,0,0,0,0,0,0,0,0,0,0,0,1,2
201939,Stephen Curry,GSW,202304260SAC,"Apr 26, 2023",SAC,31,25,6,28,46.97,56.08,-9.11,14,18,10,6,1,2,0,0,1,3,0,0,1,1,0,0,0,0,0,0,0,0,1,1
1628978,Donte DiVincenzo,GSW,202304260SAC,"Apr 26, 2023",SAC,2,5,0,5,15.38,20.0,-4.62,2,2,3,0,0,0,0,0,0,0,0,0,0,0,0,0,0,0,0,0,0,0,0,0
203110,Draymond Green,GSW,202304260SAC,"Apr 26, 2023",SAC,21,10,8,13,70.0,77.66,-7.66,6,10,2,3,1,1,0,0,2,5,0,0,0,0,0,0,0,0,0,0,0,0,2,2
1630541,Moses Moody,GSW,202304260SAC,"Apr 26, 2023",SAC,2,0,2,1,100.0,113.64,-13.64,0,0,0,0,1,2,0,0,0,0,0,0,0,0,0,0,0,0,0,0,0,0,0,0
1630558,Davion Mitchell,SAC,202304260SAC,"Apr 26, 2023",GSW,10,10,0,10,35.71,50.0,-14.29,2,4,8,6,0,0,0,0,0,0,0,0,0,0,0,0,0,0,0,0,0,0,0,0
1628370,Malik Monk,SAC,202304260SAC,"Apr 26, 2023",GSW,21,14,10,20,48.84,57.07,-8.23,9,10,5,3,4,6,0,0,0,0,0,0,0,0,0,0,0,0,0,0,0,0,2,2
1626168,Trey Lyles,SAC,202304260SAC,"Apr 26, 2023",GSW,5,4,0,4,50.0,62.5,-12.5,2,2,2,3,0,0,0,0,0,0,0,0,0,0,0,0,0,0,0,0,0,0,0,0
203458,Alex Len,SAC,202304260SAC,"Apr 26, 2023",GSW,3,1,2,2,75.0,79.79,-4.79,1,2,0,0,1,1,0,0,0,0,0,0,0,0,0,0,0,0,0,0,0,0,0,0
1627780,Gary Payton II,GSW,202304260SAC,"Apr 26, 2023",SAC,8,5,0,5,72.73,80.0,-7.27,4,8,1,0,0,0,0,0,0,0,0,0,0,0,0,0,0,0,0,0,0,0,0,0
1627759,Jaylen Brown,BOS,202304270ATL,"Apr 27, 2023",ATL,32,25,0,25,55.17,64.0,-8.83,17,14,8,18,0,0,0,0,0,0,0,0,0,0,0,0,0,0,0,0,0,0,0,0
1629027,Trae Young,ATL,202304270ATL,"Apr 27, 2023",BOS,30,28,8,31,39.47,47.59,-8.12,14,6,12,12,2,4,0,0,2,6,0,0,0,0,0,0,0,0,0,0,0,0,1,2
tatumja01,J. Tatum,BOS,202304270ATL,"Apr 27, 2023",ATL,30,20,4,22,55.56,68.93,-13.37,10,14,10,12,2,4,0,0,0,0,0,0,0,0,0,0,0,0,0,0,0,0,0,0
1628401,Derrick White,BOS,202304270ATL,"Apr 27, 2023",ATL,7,9,0,9,30.43,38.89,-8.46,4,4,5,3,0,0,0,0,0,0,0,0,0,0,0,0,0,0,0,0,0,0,0,0
203935,Marcus Smart,BOS,202304270ATL,"Apr 27, 2023",ATL,22,12,9,16,57.89,68.92,-11.03,7,8,5,6,1,2,1,3,0,0,0,0,0,0,0,0,0,0,0,0,0,0,2,3
1627749,Dejounte Murray,ATL,202304270ATL,"Apr 27, 2023",BOS,14,13,3,14,42.42,48.88,-6.46,8,6,4,3,1,2,0,0,1,3,0,0,0,0,0,0,0,0,0,0,0,0,0,0
1628381,John Collins,ATL,202304270ATL,"Apr 27, 2023",BOS,16,8,1,8,76.19,94.79,-18.6,3,4,4,9,0,0,0,0,1,3,0,0,0,0,0,0,0,0,0,0,0,0,0,0
201143,Al Horford,BOS,202304270ATL,"Apr 27, 2023",ATL,10,8,0,8,45.45,62.5,-17.05,2,4,6,6,0,0,0,0,0,0,0,0,0,0,0,0,0,0,0,0,0,0,0,0
203991,Clint Capela,BOS,202304270ATL,"Apr 27, 2023",ATL,10,7,0,7,71.43,71.43,0.0,7,10,0,0,0,0,0,0,0,0,0,0,0,0,0,0,0,0,0,0,0,0,0,0
1629631,De'Andre Hunter,ATL,202304270ATL,"Apr 27, 2023",BOS,20,17,2,18,45.45,55.93,-10.48,9,6,8,12,0,0,0,0,0,0,0,0,0,0,0,0,0,0,0,0,0,0,1,2
1627763,Malcolm Brogdon,BOS,202304270ATL,"Apr 27, 2023",ATL,17,13,4,15,48.57,57.59,-9.02,8,10,5,3,2,4,0,0,0,0,0,0,0,0,0,0,0,0,0,0,0,0,0,0
1629057,Robert Williams III,BOS,202304270ATL,"Apr 27, 2023",ATL,4,2,0,2,100.0,100.0,0.0,2,4,0,0,0,0,0,0,0,0,0,0,0,0,0,0,0,0,0,0,0,0,0,0
1630573,Sam Hauser,BOS,202304270ATL,"Apr 27, 2023",ATL,3,1,0,1,100.0,150.0,-50.0,0,0,1,3,0,0,0,0,0,0,0,0,0,0,0,0,0,0,0,0,0,0,0,0
1630180,Saddiq Bey,ATL,202304270ATL,"Apr 27, 2023",BOS,7,7,2,8,38.89,44.42,-5.53,5,2,2,3,1,2,0,0,0,0,0,0,0,0,0,0,0,0,0,0,0,0,0,0
203992,Bogdan Bogdanović,ATL,202304270ATL,"Apr 27, 2023",BOS,12,8,3,9,52.17,64.38,-12.21,4,8,4,3,0,0,1,1,0,0,0,0,0,0,0,0,0,0,0,0,0,0,0,0
1630168,Onyeka Okongwu,ATL,202304270ATL,"Apr 27, 2023",BOS,6,4,3,5,54.55,56.39,-1.84,3,4,0,0,1,0,0,0,1,2,0,0,0,0,0,0,0,0,0,0,0,0,0,0
1629684,Grant Williams,BOS,202304270ATL,"Apr 27, 2023",ATL,3,4,0,4,30.0,37.5,-7.5,2,0,2,3,0,0,0,0,0,0,0,0,0,0,0,0,0,0,0,0,0,0,0,0
1630552,Jalen Johnson,ATL,202304270ATL,"Apr 27, 2023",BOS,5,2,0,2,100.0,125.0,-25.0,1,2,1,3,0,0,0,0,0,0,0,0,0,0,0,0,0,0,0,0,0,0,0,0
203952,Andrew Wiggins,GSW,202304280GSW,"Apr 28, 2023",SAC,13,13,6,16,37.14,41.56,-4.42,10,10,3,0,1,2,0,0,0,0,0,0,0,0,0,0,0,0,0,0,0,0,2,1
1631099,Keegan Murray,SAC,202304280GSW,"Apr 28, 2023",GSW,15,17,2,18,30.61,41.95,-11.34,4,2,13,12,0,0,0,0,0,0,0,0,0,0,0,0,0,0,0,0,0,0,1,1
1628989,Kevin Huerter,SAC,202304280GSW,"Apr 28, 2023",GSW,12,11,4,13,35.29,47.02,-11.73,3,0,8,9,2,3,0,0,0,0,0,0,0,0,0,0,0,0,0,0,0,0,0,0
202691,Klay Thompson,GSW,202304280GSW,"Apr 28, 2023",SAC,22,20,4,22,41.51,50.55,-9.04,11,12,9,6,2,4,0,0,0,0,0,0,0,0,0,0,0,0,0,0,0,0,0,0
1627734,Domantas Sabonis,SAC,202304280GSW,"Apr 28, 2023",GSW,7,12,0,12,28.0,29.17,-1.17,11,4,1,3,0,0,0,0,0,0,0,0,0,0,0,0,0,0,0,0,0,0,0,0
203084,Harrison Barnes,SAC,202304280GSW,"Apr 28, 2023",GSW,6,5,2,6,46.15,51.02,-4.87,4,2,1,3,1,1,0,0,0,0,0,0,0,0,0,0,0,0,0,0,0,0,0,0
1626172,Kevon Looney,GSW,202304280GSW,"Apr 28, 2023",SAC,7,6,2,7,50.0,50.87,-0.87,6,6,0,0,1,1,0,0,0,0,0,0,0,0,0,0,0,0,0,0,0,0,0,0
1629673,Jordan Poole,GSW,202304280GSW,"Apr 28, 2023",SAC,7,11,4,13,25.0,27.43,-2.43,9,2,2,3,2,2,0,0,0,0,0,0,0,0,0,0,0,0,0,0,0,0,0,0
1628368,De'Aaron Fox,SAC,202304280GSW,"Apr 28, 2023",GSW,26,18,4,20,57.78,65.79,-8.01,13,16,5,6,0,0,0,0,0,0,0,0,0,0,0,0,0,0,0,0,0,0,2,4
201939,Stephen Curry,GSW,202304280GSW,"Apr 28, 2023",SAC,29,21,9,26,46.03,58.09,-12.06,9,8,12,15,2,2,0,0,0,0,0,0,1,1,0,0,0,0,0,0,0,0,2,3
1630558,Davion Mitchell,SAC,202304280GSW,"Apr 28, 2023",GSW,5,7,1,7,29.41,33.6,-4.19,4,2,2,0,0,0,0,0,1,3,0,0,0,0,0,0,0,0,0,0,0,0,0,0
1628978,Donte DiVincenzo,GSW,202304280GSW,"Apr 28, 2023",SAC,8,5,6,8,42.11,52.36,-10.25,2,0,3,3,2,4,0,0,0,0,0,0,0,0,0,0,0,0,0,0,0,0,1,1
203110,Draymond Green,GSW,202304280GSW,"Apr 28, 2023",SAC,4,2,2,3,66.67,69.44,-2.77,2,2,0,0,1,2,0,0,0,0,0,0,0,0,0,0,0,0,0,0,0,0,0,0
1630541,Moses Moody,GSW,202304280GSW,"Apr 28, 2023",SAC,9,6,2,7,56.25,65.41,-9.16,4,4,2,3,1,2,0,0,0,0,0,0,0,0,0,0,0,0,0,0,0,0,0,0
1626168,Trey Lyles,SAC,202304280GSW,"Apr 28, 2023",GSW,12,10,0,10,46.15,60.0,-13.85,4,6,6,6,0,0,0,0,0,0,0,0,0,0,0,0,0,0,0,0,0,0,0,0
1628370,Malik Monk,SAC,202304280GSW,"Apr 28, 2023",GSW,28,14,10,19,63.64,76.09,-12.45,8,10,6,9,5,9,0,0,0,0,0,0,0,0,0,0,0,0,0,0,0,0,0,0
1629056,Terence Davis,SAC,202304280GSW,"Apr 28, 2023",GSW,7,5,2,6,46.67,59.52,-12.85,2,2,3,3,1,2,0,0,0,0,0,0,0,0,0,0,0,0,0,0,0,0,0,0
1627780,Gary Payton II,GSW,202304280GSW,"Apr 28, 2023",SAC,0,1,0,1,0.0,0.0,0.0,1,0,0,0,0,0,0,0,0,0,0,0,0,0,0,0,0,0,0,0,0,0,0,0
1630224,Jalen Green,GSW,202304280GSW,"Apr 28, 2023",SAC,0,1,0,1,0.0,0.0,0.0,0,0,1,0,0,0,0,0,0,0,0,0,0,0,0,0,0,0,0,0,0,0,0,0
203076,Anthony Davis,MEM,202304280LAL,"Apr 28, 2023",LAL,16,9,4,10,72.73,74.35,-1.62,7,8,0,0,1,2,0,0,2,6,0,0,0,0,0,0,0,0,0,0,0,0,0,0
1629630,Ja Morant,MEM,202304280LAL,"Apr 28, 2023",LAL,10,16,4,18,23.26,28.15,-4.89,9,2,7,6,2,2,0,0,0,0,0,0,0,0,0,0,0,0,0,0,0,0,0,0
1629020,Jarred Vanderbilt,LAL,202304280LAL,"Apr 28, 2023",MEM,9,8,0,8,37.5,56.25,-18.75,0,0,8,9,0,0,0,0,0,0,0,0,0,0,0,0,0,0,0,0,0,0,0,0
1630217,Desmond Bane,LAL,202304280LAL,"Apr 28, 2023",MEM,15,16,4,18,35.71,42.23,-6.52,10,6,6,6,2,3,0,0,0,0,0,0,0,0,0,0,0,0,0,0,0,0,0,0
1626156,D'Angelo Russell,LAL,202304280LAL,"Apr 28, 2023",MEM,31,17,4,19,65.96,82.62,-16.66,8,14,9,15,2,2,0,0,0,0,0,0,0,0,0,0,0,0,0,0,0,0,0,0
1628415,Dillon Brooks,MEM,202304280LAL,"Apr 28, 2023",LAL,10,11,0,11,37.04,45.45,-8.41,6,4,5,6,0,0,0,0,0,0,0,0,0,0,0,0,0,0,0,0,0,0,0,0
1630559,Austin Reaves,MEM,202304280LAL,"Apr 28, 2023",LAL,11,12,0,12,35.48,45.83,-10.35,5,8,7,3,0,0,0,0,0,0,0,0,0,0,0,0,0,0,0,0,0,0,0,0
1630214,Xavier Tillman,MEM,202304280LAL,"Apr 28, 2023",LAL,2,4,0,4,25.0,25.0,0.0,4,2,0,0,0,0,0,0,0,0,0,0,0,0,0,0,0,0,0,0,0,0,0,0
1628991,Jaren Jackson Jr.,MEM,202304280LAL,"Apr 28, 2023",LAL,14,12,8,16,36.84,45.1,-8.26,6,4,6,3,2,4,0,0,0,0,0,0,0,0,0,0,0,0,0,0,0,0,2,3
2544,LeBron James,LAL,202304280LAL,"Apr 28, 2023",MEM,22,13,3,14,64.71,76.82,-12.11,7,12,5,6,1,1,0,0,1,3,0,0,0,0,0,0,0,0,0,0,0,0,0,0
1630583,Santi Aldama,MEM,202304280LAL,"Apr 28, 2023",LAL,16,10,2,11,64.0,73.53,-9.53,7,8,3,6,1,2,0,0,0,0,0,0,0,0,0,0,0,0,0,0,0,0,0,0
1626145,Tyus Jones,MEM,202304280LAL,"Apr 28, 2023",LAL,3,5,0,5,25.0,30.0,-5.0,3,0,2,3,0,0,0,0,0,0,0,0,0,0,0,0,0,0,0,0,0,0,0,0
1629060,Rui Hachimura,LAL,202304280LAL,"Apr 28, 2023",MEM,6,5,0,5,50.0,60.0,-10.0,3,6,2,0,0,0,0,0,0,0,0,0,0,0,0,0,0,0,0,0,0,0,0,0
203471,Dennis Schröder,LAL,202304280LAL,"Apr 28, 2023",MEM,2,4,0,4,22.22,25.0,-2.78,3,2,1,0,0,0,0,0,0,0,0,0,0,0,0,0,0,0,0,0,0,0,0,0
1629723,John Konchar,MEM,202304280LAL,"Apr 28, 2023",LAL,2,3,0,3,28.57,33.33,-4.76,2,2,1,0,0,0,0,0,0,0,0,0,0,0,0,0,0,0,0,0,0,0,0,0
1629117,Wenyen Gabriel,LAL,202304280LAL,"Apr 28, 2023",MEM,6,5,0,5,60.0,60.0,0.0,5,6,0,0,0,0,0,0,0,0,0,0,0,0,0,0,0,0,0,0,0,0,0,0
1631223,David Roddy,MEM,202304280LAL,"Apr 28, 2023",LAL,3,6,0,6,20.0,25.0,-5.0,3,0,3,3,0,0,0,0,0,0,0,0,0,0,0,0,0,0,0,0,0,0,0,0
1630533,Ziaire Williams,MEM,202304280LAL,"Apr 28, 2023",LAL,5,7,0,7,29.41,35.71,-6.3,4,2,3,3,0,0,0,0,0,0,0,0,0,0,0,0,0,0,0,0,0,0,0,0
1631254,Kenneth Lofton Jr.,MEM,202304280LAL,"Apr 28, 2023",LAL,5,6,2,7,31.25,36.34,-5.09,4,4,2,0,1,1,0,0,0,0,0,0,0,0,0,0,0,0,0,0,0,0,0,0
1628964,Mo Bamba,LAL,202304280LAL,"Apr 28, 2023",MEM,0,2,0,2,0.0,0.0,0.0,1,0,1,0,0,0,0,0,0,0,0,0,0,0,0,0,0,0,0,0,0,0,0,0
1627736,Malik Beasley,LAL,202304280LAL,"Apr 28, 2023",MEM,9,6,4,8,45.0,57.99,-12.99,2,2,4,3,2,4,0,0,0,0,0,0,0,0,0,0,0,0,0,0,0,0,0,0
1628972,Troy Brown Jr.,LAL,202304280LAL,"Apr 28, 2023",MEM,0,1,0,1,0.0,0.0,0.0,0,0,1,0,0,0,0,0,0,0,0,0,0,0,0,0,0,0,0,0,0,0,0,0
1631108,Max Christie,LAL,202304280LAL,"Apr 28, 2023",MEM,5,3,0,3,71.43,83.33,-11.9,2,2,1,3,0,0,0,0,0,0,0,0,0,0,0,0,0,0,0,0,0,0,0,0
1629022,Lonnie Walker IV,LAL,202304280LAL,"Apr 28, 2023",MEM,8,6,0,6,47.06,66.67,-19.61,1,2,5,6,0,0,0,0,0,0,0,0,0,0,0,0,0,0,0,0,0,0,0,0
1627750,Jamal Murray,DEN,202304290DEN,"Apr 29, 2023",PHX,34,24,2,25,56.67,68.33,-11.66,14,14,10,18,1,2,0,0,0,0,0,0,0,0,0,0,0,0,0,0,0,0,0,0
bookede01,D. Booker,PHX,202304290DEN,"Apr 29, 2023",DEN,27,19,8,21,57.45,59.95,-2.5,14,12,1,0,1,2,0,0,4,12,0,0,0,0,0,0,0,0,0,0,0,0,1,1
1629028,Deandre Ayton,PHX,202304290DEN,"Apr 29, 2023",DEN,14,11,1,11,60.87,61.19,-0.32,10,12,0,0,0,0,0,0,1,2,0,0,0,0,0,0,0,0,0,0,0,0,0,0
201142,Kevin Durant,PHX,202304290DEN,"Apr 29, 2023",DEN,29,19,4,20,64.44,69.85,-5.41,14,18,3,3,1,2,0,0,2,6,0,0,0,0,0,0,0,0,0,0,0,0,0,0
203484,Kentavious Caldwell-Pope,DEN,202304290DEN,"Apr 29, 2023",PHX,10,8,2,9,38.46,56.31,-17.85,0,0,8,9,1,1,0,0,0,0,0,0,0,0,0,0,0,0,0,0,0,0,0,0
101108,Chris Paul,PHX,202304290DEN,"Apr 29, 2023",DEN,11,11,0,11,40.74,50.0,-9.26,6,8,5,3,0,0,0,0,0,0,0,0,0,0,0,0,0,0,0,0,0,0,0,0
1629008,Michael Porter Jr.,DEN,202304290DEN,"Apr 29, 2023",PHX,11,9,0,9,50.0,61.11,-11.11,5,8,4,3,0,0,0,0,0,0,0,0,0,0,0,0,0,0,0,0,0,0,0,0
203999,Nikola Jokić,DEN,202304290DEN,"Apr 29, 2023",PHX,24,21,5,23,48.98,51.72,-2.74,18,14,2,3,2,4,0,0,1,3,0,0,0,0,0,0,0,0,0,0,0,0,0,0
203932,Aaron Gordon,DEN,202304290DEN,"Apr 29, 2023",PHX,23,13,2,14,71.88,82.85,-10.97,9,12,4,9,1,2,0,0,0,0,0,0,0,0,0,0,0,0,0,0,0,0,0,0
1629006,Josh Okogie,DEN,202304290DEN,"Apr 29, 2023",PHX,2,3,0,3,28.57,33.33,-4.76,2,2,1,0,0,0,0,0,0,0,0,0,0,0,0,0,0,0,0,0,0,0,0,0
1629013,Landry Shamet,PHX,202304290DEN,"Apr 29, 2023",DEN,3,1,0,1,100.0,150.0,-50.0,0,0,1,3,0,0,0,0,0,0,0,0,0,0,0,0,0,0,0,0,0,0,0,0
1628971,Bruce Brown,DEN,202304290DEN,"Apr 29, 2023",PHX,14,11,0,11,60.87,63.64,-2.77,10,14,1,0,0,0,0,0,0,0,0,0,0,0,0,0,0,0,0,0,0,0,0,0
202687,Bismack Biyombo,PHX,202304290DEN,"Apr 29, 2023",DEN,0,1,0,1,0.0,0.0,0.0,1,0,0,0,0,0,0,0,0,0,0,0,0,0,0,0,0,0,0,0,0,0,0,0
1628470,Torrey Craig,PHX,202304290DEN,"Apr 29, 2023",DEN,3,3,0,3,37.5,50.0,-12.5,1,0,2,3,0,0,0,0,0,0,0,0,0,0,0,0,0,0,0,0,0,0,0,0
201145,Jeff Green,DEN,202304290DEN,"Apr 29, 2023",PHX,5,5,2,6,35.71,42.52,-6.81,3,0,2,3,0,0,0,0,0,0,0,0,0,0,0,0,0,0,0,0,0,0,1,2
1631128,Christian Braun,DEN,202304290DEN,"Apr 29, 2023",PHX,1,4,2,5,9.09,10.25,-1.16,3,0,1,0,1,1,0,0,0,0,0,0,0,0,0,0,0,0,0,0,0,0,0,0
1627814,Damion Lee,PHX,202304290DEN,"Apr 29, 2023",DEN,3,4,0,4,25.0,37.5,-12.5,0,0,4,3,0,0,0,0,0,0,0,0,0,0,0,0,0,0,0,0,0,0,0,0
1629111,Jock Landale,PHX,202304290DEN,"Apr 29, 2023",DEN,7,5,4,7,46.67,51.78,-5.11,4,4,1,0,1,1,0,0,0,0,0,0,0,0,0,0,0,0,0,0,0,0,1,2
1626166,Cameron Payne,PHX,202304290DEN,"Apr 29, 2023",DEN,5,3,0,3,62.5,83.33,-20.83,1,2,2,3,0,0,0,0,0,0,0,0,0,0,0,0,0,0,0,0,0,0,0,0
rosste01,T. Ross,PHX,202304290DEN,"Apr 29, 2023",DEN,0,3,0,3,0.0,0.0,0.0,1,0,2,0,0,0,0,0,0,0,0,0,0,0,0,0,0,0,0,0,0,0,0,0
1630688,Ish Wainright,PHX,202304290DEN,"Apr 29, 2023",DEN,3,1,0,1,100.0,150.0,-50.0,0,0,1,3,0,0,0,0,0,0,0,0,0,0,0,0,0,0,0,0,0,0,0,0
1628427,Vlatko Čančar,DEN,202304290DEN,"Apr 29, 2023",PHX,0,3,0,3,0.0,0.0,0.0,1,0,2,0,0,0,0,0,0,0,0,0,0,0,0,0,0,0,0,0,0,0,0,0
1630192,Zeke Nnaji,DEN,202304290DEN,"Apr 29, 2023",PHX,0,2,0,2,0.0,0.0,0.0,0,0,2,0,0,0,0,0,0,0,0,0,0,0,0,0,0,0,0,0,0,0,0,0
1631212,Peyton Watson,DEN,202304290DEN,"Apr 29, 2023",PHX,3,1,0,1,100.0,150.0,-50.0,0,0,1,3,0,0,0,0,0,0,0,0,0,0,0,0,0,0,0,0,0,0,0,0
1629216,Gabe Vincent,MIA,202304300NYK,"Apr 30, 2023",NYK,20,16,3,17,42.55,57.74,-15.19,4,2,11,12,1,2,0,0,0,0,1,4,0,0,0,0,0,0,0,0,0,0,0,0
1629011,Mitchell Robinson,NYK,202304300NYK,"Apr 30, 2023",MIA,7,3,4,5,70.0,73.53,-3.53,3,6,0,0,2,1,0,0,0,0,0,0,0,0,0,0,0,0,0,0,0,0,0,0
1628973,Jalen Brunson,NYK,202304300NYK,"Apr 30, 2023",MIA,25,23,4,25,43.86,50.48,-6.62,16,22,7,0,2,3,0,0,0,0,0,0,0,0,0,0,0,0,0,0,0,0,0,0
202710,Jimmy Butler III,MIA,202304300NYK,"Apr 30, 2023",NYK,25,16,11,22,56.82,59.98,-3.16,15,16,1,0,5,9,0,0,0,0,0,0,1,0,0,0,0,0,0,0,0,0,0,0
1628404,Josh Hart,NYK,202304300NYK,"Apr 30, 2023",MIA,10,12,0,12,35.71,41.67,-5.96,8,10,4,0,0,0,0,0,0,0,0,0,0,0,0,0,0,0,0,0,0,0,0,0
1630167,Obi Toppin,NYK,202304300NYK,"Apr 30, 2023",MIA,18,15,0,15,43.9,60.0,-16.1,4,6,11,12,0,0,0,0,0,0,0,0,0,0,0,0,0,0,0,0,0,0,0,0
201567,Kevin Love,MIA,202304300NYK,"Apr 30, 2023",NYK,9,7,1,7,45.0,60.48,-15.48,1,0,5,6,0,0,0,0,1,3,0,0,0,0,0,0,0,0,0,0,0,0,0,0
1628389,Bam Adebayo,MIA,202304300NYK,"Apr 30, 2023",NYK,16,13,2,14,57.14,57.64,-0.5,13,14,0,0,0,0,0,0,0,0,0,0,0,0,0,0,0,0,0,0,0,0,1,2
1629628,RJ Barrett,NYK,202304300NYK,"Apr 30, 2023",MIA,26,20,8,24,49.06,55.27,-6.21,15,18,5,3,3,4,0,0,0,0,0,0,0,0,0,0,0,0,0,0,0,0,1,1
strusma01,M. Strus,NYK,202304300NYK,"Apr 30, 2023",MIA,8,6,0,6,47.06,66.67,-19.61,1,2,5,6,0,0,0,0,0,0,0,0,0,0,0,0,0,0,0,0,0,0,0,0
1628997,Caleb Martin,MIA,202304300NYK,"Apr 30, 2023",NYK,9,8,4,10,36.0,46.11,-10.11,3,4,5,3,1,1,0,0,0,0,0,0,0,0,0,0,0,0,0,0,0,0,1,1
200768,Kyle Lowry,MIA,202304300NYK,"Apr 30, 2023",NYK,18,12,6,15,50.0,61.48,-11.48,6,4,6,9,2,4,0,0,0,0,0,0,0,0,0,0,0,0,0,0,0,0,1,1
1628392,Isaiah Hartenstein,NYK,202304300NYK,"Apr 30, 2023",MIA,2,1,0,1,100.0,100.0,0.0,1,2,0,0,0,0,0,0,0,0,0,0,0,0,0,0,0,0,0,0,0,0,0,0
1629130,Duncan Robinson,MIA,202304300NYK,"Apr 30, 2023",NYK,0,5,0,5,0.0,0.0,0.0,0,0,5,0,0,0,0,0,0,0,0,0,0,0,0,0,0,0,0,0,0,0,0,0
1630193,Immanuel Quickley,NYK,202304300NYK,"Apr 30, 2023",MIA,9,9,2,10,37.5,45.55,-8.05,5,4,4,3,1,2,0,0,0,0,0,0,0,0,0,0,0,0,0,0,0,0,0,0
1629656,Quentin Grimes,NYK,202304300NYK,"Apr 30, 2023",MIA,4,3,2,4,36.36,51.55,-15.19,0,0,3,3,1,1,0,0,0,0,0,0,0,0,0,0,0,0,0,0,0,0,0,0
1629312,Haywood Highsmith,MIA,202304300NYK,"Apr 30, 2023",NYK,2,2,0,2,50.0,50.0,0.0,2,2,0,0,0,0,0,0,0,0,0,0,0,0,0,0,0,0,0,0,0,0,0,0
203469,Cody Zeller,MIA,202304300NYK,"Apr 30, 2023",NYK,1,0,2,1,50.0,56.82,-6.82,0,0,0,0,1,1,0,0,0,0,0,0,0,0,0,0,0,0,0,0,0,0,0,0
1626172,Kevon Looney,GSW,202304300SAC,"Apr 30, 2023",SAC,11,5,5,7,73.33,76.39,-3.06,4,6,0,0,2,2,0,0,1,3,0,0,0,0,0,0,0,0,0,0,0,0,0,0
1628989,Kevin Huerter,SAC,202304300SAC,"Apr 30, 2023",GSW,7,9,2,10,26.92,35.43,-8.51,3,2,6,3,1,2,0,0,0,0,0,0,0,0,0,0,0,0,0,0,0,0,0,0
202691,Klay Thompson,GSW,202304300SAC,"Apr 30, 2023",SAC,16,19,8,22,28.57,35.52,-6.95,9,4,9,3,1,0,1,3,0,0,1,4,0,0,0,0,0,0,0,0,0,0,1,2
1631099,Keegan Murray,SAC,202304300SAC,"Apr 30, 2023",GSW,10,10,0,10,45.45,50.0,-4.55,8,10,2,0,0,0,0,0,0,0,0,0,0,0,0,0,0,0,0,0,0,0,0,0
1627734,Domantas Sabonis,SAC,202304300SAC,"Apr 30, 2023",GSW,22,16,6,19,56.41,59.01,-2.6,15,20,1,0,2,1,0,0,0,0,0,0,0,0,0,0,0,0,0,0,0,0,1,1
201939,Stephen Curry,GSW,202304300SAC,"Apr 30, 2023",SAC,50,38,5,40,50.51,62.19,-11.68,19,24,18,21,1,0,0,0,1,3,0,0,0,0,0,0,0,0,0,0,0,0,1,2
203084,Harrison Barnes,SAC,202304300SAC,"Apr 30, 2023",GSW,4,4,4,6,28.57,34.72,-6.15,2,2,2,0,2,2,0,0,0,0,0,0,0,0,0,0,0,0,0,0,0,0,0,0
1628368,De'Aaron Fox,SAC,202304300SAC,"Apr 30, 2023",GSW,16,19,4,21,30.77,38.54,-7.77,9,4,10,9,1,2,0,0,0,0,0,0,0,0,0,0,0,0,0,0,0,0,1,1
203110,Draymond Green,GSW,202304300SAC,"Apr 30, 2023",SAC,8,7,2,8,40.0,50.76,-10.76,3,4,4,3,0,0,0,0,0,0,0,0,0,0,0,0,0,0,0,0,0,0,1,1
203952,Andrew Wiggins,GSW,202304300SAC,"Apr 30, 2023",SAC,17,16,10,21,36.17,41.67,-5.5,11,8,5,3,4,5,0,0,0,0,0,0,0,0,0,0,0,0,0,0,0,0,1,1
1630541,Moses Moody,GSW,202304300SAC,"Apr 30, 2023",SAC,5,3,0,3,62.5,83.33,-20.83,1,2,2,3,0,0,0,0,0,0,0,0,0,0,0,0,0,0,0,0,0,0,0,0
1629673,Jordan Poole,GSW,202304300SAC,"Apr 30, 2023",SAC,8,9,0,9,33.33,44.44,-11.11,3,2,6,6,0,0,0,0,0,0,0,0,0,0,0,0,0,0,0,0,0,0,0,0
1630558,Davion Mitchell,SAC,202304300SAC,"Apr 30, 2023",GSW,1,2,2,3,12.5,17.36,-4.86,0,0,2,0,1,1,0,0,0,0,0,0,0,0,0,0,0,0,0,0,0,0,0,0
1627780,Gary Payton II,GSW,202304300SAC,"Apr 30, 2023",SAC,2,2,0,2,50.0,50.0,0.0,2,2,0,0,0,0,0,0,0,0,0,0,0,0,0,0,0,0,0,0,0,0,0,0
1628370,Malik Monk,SAC,202304300SAC,"Apr 30, 2023",GSW,14,14,5,16,34.15,43.21,-9.06,5,2,8,6,1,2,0,0,1,3,0,0,0,0,0,0,0,0,0,0,0,0,1,1
1629056,Terence Davis,SAC,202304300SAC,"Apr 30, 2023",GSW,14,11,0,11,43.75,63.64,-19.89,1,2,10,12,0,0,0,0,0,0,0,0,0,0,0,0,0,0,0,0,0,0,0,0
1626168,Trey Lyles,SAC,202304300SAC,"Apr 30, 2023",GSW,6,5,2,6,37.5,51.02,-13.52,1,2,4,3,1,1,0,0,0,0,0,0,0,0,0,0,0,0,0,0,0,0,0,0
1628978,Donte DiVincenzo,GSW,202304300SAC,"Apr 30, 2023",SAC,3,1,0,1,100.0,150.0,-50.0,0,0,1,3,0,0,0,0,0,0,0,0,0,0,0,0,0,0,0,0,0,0,0,0
1628408,PJ Dozier,SAC,202304300SAC,"Apr 30, 2023",GSW,5,4,0,4,50.0,62.5,-12.5,2,2,2,3,0,0,0,0,0,0,0,0,0,0,0,0,0,0,0,0,0,0,0,0
203458,Alex Len,SAC,202304300SAC,"Apr 30, 2023",GSW,0,1,0,1,0.0,0.0,0.0,1,0,0,0,0,0,0,0,0,0,0,0,0,0,0,0,0,0,0,0,0,0,0,0
1629002,Chimezie Metu,SAC,202304300SAC,"Apr 30, 2023",GSW,1,1,2,2,25.0,26.6,-1.6,1,0,0,0,0,0,0,0,0,0,0,0,0,0,0,0,0,0,0,0,0,0,1,1
201935,James Harden,PHI,202305010BOS,"May 1, 2023",BOS,45,30,4,32,57.69,70.84,-13.15,16,20,14,21,2,4,0,0,0,0,0,0,0,0,0,0,0,0,0,0,0,0,0,0
tatumja01,J. Tatum,BOS,202305010BOS,"May 1, 2023",PHI,39,25,8,29,61.9,68.37,-6.47,20,20,5,12,3,6,0,0,0,0,0,0,0,0,0,0,0,0,0,0,0,0,1,1
1630178,Tyrese Maxey,PHI,202305010BOS,"May 1, 2023",BOS,26,24,4,26,42.62,50.47,-7.85,14,14,9,6,1,2,0,0,1,3,0,0,0,0,0,0,0,0,0,0,0,0,1,1
201143,Al Horford,BOS,202305010BOS,"May 1, 2023",PHI,11,8,0,8,55.0,68.75,-13.75,4,8,4,3,0,0,0,0,0,0,0,0,0,0,0,0,0,0,0,0,0,0,0,0
1630194,Paul Reed,PHI,202305010BOS,"May 1, 2023",BOS,10,4,4,6,83.33,86.81,-3.48,4,6,0,0,1,2,0,0,0,0,0,0,0,0,0,0,0,0,0,0,0,0,1,2
202699,Tobias Harris,PHI,202305010BOS,"May 1, 2023",BOS,18,16,0,16,48.65,56.25,-7.6,11,12,5,6,0,0,0,0,0,0,0,0,0,0,0,0,0,0,0,0,0,0,0,0
203935,Marcus Smart,BOS,202305010BOS,"May 1, 2023",PHI,12,7,4,8,60.0,68.49,-8.49,3,4,2,0,0,0,0,0,2,6,0,0,0,0,0,0,0,0,0,0,0,0,1,2
1627759,Jaylen Brown,BOS,202305010BOS,"May 1, 2023",PHI,23,10,4,12,82.14,97.79,-15.65,6,10,4,9,2,4,0,0,0,0,0,0,0,0,0,0,0,0,0,0,0,0,0,0
1628401,Derrick White,BOS,202305010BOS,"May 1, 2023",PHI,4,5,2,6,25.0,34.01,-9.01,1,2,4,0,1,2,0,0,0,0,0,0,0,0,0,0,0,0,0,0,0,0,0,0
1627763,Malcolm Brogdon,BOS,202305010BOS,"May 1, 2023",PHI,20,16,0,16,52.63,62.5,-9.87,10,14,6,6,0,0,0,0,0,0,0,0,0,0,0,0,0,0,0,0,0,0,0,0
1629667,Jalen McDaniels,PHI,202305010BOS,"May 1, 2023",BOS,0,2,0,2,0.0,0.0,0.0,1,0,1,0,0,0,0,0,0,0,0,0,0,0,0,0,0,0,0,0,0,0,0,0
1629001,De'Anthony Melton,PHI,202305010BOS,"May 1, 2023",BOS,17,10,0,10,65.38,85.0,-19.62,4,2,6,15,0,0,0,0,0,0,0,0,0,0,0,0,0,0,0,0,0,0,0,0
1629057,Robert Williams III,BOS,202305010BOS,"May 1, 2023",PHI,6,3,0,3,100.0,100.0,0.0,3,6,0,0,0,0,0,0,0,0,0,0,0,0,0,0,0,0,0,0,0,0,0,0
1627777,Georges Niang,PHI,202305010BOS,"May 1, 2023",BOS,3,3,0,3,33.33,50.0,-16.67,0,0,3,3,0,0,0,0,0,0,0,0,0,0,0,0,0,0,0,0,0,0,0,0
1630573,Sam Hauser,BOS,202305010BOS,"May 1, 2023",PHI,0,1,0,1,0.0,0.0,0.0,0,0,1,0,0,0,0,0,0,0,0,0,0,0,0,0,0,0,0,0,0,0,0,0
bookede01,D. Booker,PHX,202305010DEN,"May 1, 2023",DEN,35,29,3,30,50.72,57.72,-7.0,21,20,8,12,0,0,1,3,0,0,0,0,0,0,0,0,0,0,0,0,0,0,0,0
203999,Nikola Jokić,DEN,202305010DEN,"May 1, 2023",PHX,39,30,4,32,55.71,61.4,-5.69,24,30,6,6,1,1,0,0,0,0,0,0,0,0,0,0,0,0,0,0,0,0,1,2
1629028,Deandre Ayton,PHX,202305010DEN,"May 1, 2023",DEN,14,10,0,10,70.0,70.0,0.0,10,14,0,0,0,0,0,0,0,0,0,0,0,0,0,0,0,0,0,0,0,0,0,0
201142,Kevin Durant,DEN,202305010DEN,"May 1, 2023",PHX,24,27,2,28,35.29,43.04,-7.75,15,16,12,6,1,2,0,0,0,0,0,0,0,0,0,0,0,0,0,0,0,0,0,0
203484,Kentavious Caldwell-Pope,PHX,202305010DEN,"May 1, 2023",DEN,14,6,0,6,87.5,116.67,-29.17,2,2,4,12,0,0,0,0,0,0,0,0,0,0,0,0,0,0,0,0,0,0,0,0
1627750,Jamal Murray,DEN,202305010DEN,"May 1, 2023",PHX,10,15,4,17,23.26,29.83,-6.57,6,6,9,0,0,0,0,0,0,0,0,0,0,0,0,0,0,0,0,0,0,0,2,4
101108,Chris Paul,PHX,202305010DEN,"May 1, 2023",DEN,8,10,0,10,40.0,40.0,0.0,10,8,0,0,0,0,0,0,0,0,0,0,0,0,0,0,0,0,0,0,0,0,0,0
1629006,Josh Okogie,PHX,202305010DEN,"May 1, 2023",DEN,2,3,0,3,25.0,33.33,-8.33,1,2,2,0,0,0,0,0,0,0,0,0,0,0,0,0,0,0,0,0,0,0,0,0
1629008,Michael Porter Jr.,DEN,202305010DEN,"May 1, 2023",PHX,5,7,1,7,29.41,33.6,-4.19,4,2,2,0,0,0,0,0,1,3,0,0,0,0,0,0,0,0,0,0,0,0,0,0
202687,Bismack Biyombo,PHX,202305010DEN,"May 1, 2023",DEN,2,2,0,2,50.0,50.0,0.0,2,2,0,0,0,0,0,0,0,0,0,0,0,0,0,0,0,0,0,0,0,0,0,0
203932,Aaron Gordon,DEN,202305010DEN,"May 1, 2023",PHX,16,8,6,11,64.0,75.19,-11.19,5,8,3,3,3,5,0,0,0,0,0,0,0,0,0,0,0,0,0,0,0,0,0,0
1628470,Torrey Craig,PHX,202305010DEN,"May 1, 2023",DEN,0,2,0,2,0.0,0.0,0.0,0,0,2,0,0,0,0,0,0,0,0,0,0,0,0,0,0,0,0,0,0,0,0,0
1631128,Christian Braun,DEN,202305010DEN,"May 1, 2023",PHX,2,2,0,2,50.0,50.0,0.0,2,2,0,0,0,0,0,0,0,0,0,0,0,0,0,0,0,0,0,0,0,0,0,0
1628971,Bruce Brown,DEN,202305010DEN,"May 1, 2023",PHX,9,5,6,8,52.94,58.9,-5.96,4,4,1,0,1,1,0,0,0,0,0,0,0,0,0,0,0,0,0,0,0,0,2,4
1626166,Cameron Payne,PHX,202305010DEN,"May 1, 2023",DEN,2,7,0,7,11.11,14.29,-3.18,3,2,4,0,0,0,0,0,0,0,0,0,0,0,0,0,0,0,0,0,0,0,0,0
201145,Jeff Green,DEN,202305010DEN,"May 1, 2023",PHX,2,3,0,3,25.0,33.33,-8.33,1,2,2,0,0,0,0,0,0,0,0,0,0,0,0,0,0,0,0,0,0,0,0,0
1627814,Damion Lee,PHX,202305010DEN,"May 1, 2023",DEN,0,5,0,5,0.0,0.0,0.0,2,0,3,0,0,0,0,0,0,0,0,0,0,0,0,0,0,0,0,0,0,0,0,0
1629628,RJ Barrett,NYK,202305020NYK,"May 2, 2023",MIA,24,17,5,19,50.0,62.5,-12.5,7,4,9,15,2,2,0,0,1,3,0,0,0,0,0,0,0,0,0,0,0,0,0,0
1628389,Bam Adebayo,MIA,202305020NYK,"May 2, 2023",NYK,15,10,7,13,55.56,57.34,-1.78,9,8,0,0,2,3,0,0,1,3,0,0,0,0,0,0,0,0,0,0,0,0,1,1
1628404,Josh Hart,NYK,202305020NYK,"May 2, 2023",MIA,14,11,7,14,42.42,49.72,-7.3,6,2,4,6,0,0,0,0,1,2,0,0,0,0,0,0,0,0,0,0,0,0,3,4
1628973,Jalen Brunson,NYK,202305020NYK,"May 2, 2023",MIA,30,19,4,21,57.69,72.25,-14.56,9,8,10,18,2,4,0,0,0,0,0,0,0,0,0,0,0,0,0,0,0,0,0,0
1629011,Mitchell Robinson,MIA,202305020NYK,"May 2, 2023",NYK,6,3,6,6,50.0,53.19,-3.19,3,4,0,0,2,1,0,0,0,0,0,0,0,0,0,0,0,0,0,0,0,0,1,1
1629216,Gabe Vincent,MIA,202305020NYK,"May 2, 2023",NYK,21,17,3,18,42.86,57.31,-14.45,5,6,12,12,0,0,1,3,0,0,0,0,0,0,0,0,0,0,0,0,0,0,0,0
203944,Julius Randle,NYK,202305020NYK,"May 2, 2023",MIA,25,18,6,21,49.02,60.56,-11.54,9,10,9,9,1,2,1,3,0,0,0,0,1,1,0,0,0,0,0,0,0,0,0,0
1628392,Isaiah Hartenstein,NYK,202305020NYK,"May 2, 2023",MIA,3,2,1,3,60.0,61.48,-1.48,2,2,0,0,0,0,0,0,0,0,0,0,0,0,0,0,0,0,0,0,1,1,0,0
1628997,Caleb Martin,MIA,202305020NYK,"May 2, 2023",NYK,22,15,2,16,55.0,69.27,-14.27,7,8,8,12,1,2,0,0,0,0,0,0,0,0,0,0,0,0,0,0,0,0,0,0
201567,Kevin Love,MIA,202305020NYK,"May 2, 2023",NYK,8,9,4,11,26.67,37.17,-10.5,1,0,8,6,1,0,0,0,0,0,0,0,0,0,0,0,0,0,0,0,0,0,1,2
strusma01,M. Strus,MIA,202305020NYK,"May 2, 2023",NYK,17,12,0,12,54.84,70.83,-15.99,5,8,7,9,0,0,0,0,0,0,0,0,0,0,0,0,0,0,0,0,0,0,0,0
1629312,Haywood Highsmith,MIA,202305020NYK,"May 2, 2023",NYK,5,3,1,3,55.56,72.67,-17.11,0,0,2,3,0,0,0,0,1,2,0,0,0,0,0,0,0,0,0,0,0,0,0,0
200768,Kyle Lowry,MIA,202305020NYK,"May 2, 2023",NYK,6,9,0,9,27.27,33.33,-6.06,5,6,4,0,0,0,0,0,0,0,0,0,0,0,0,0,0,0,0,0,0,0,0,0
1629656,Quentin Grimes,NYK,202305020NYK,"May 2, 2023",MIA,3,3,1,3,33.33,43.6,-10.27,0,0,2,0,0,0,0,0,1,3,0,0,0,0,0,0,0,0,0,0,0,0,0,0
1629130,Duncan Robinson,MIA,202305020NYK,"May 2, 2023",NYK,9,9,0,9,34.62,50.0,-15.38,1,0,8,9,0,0,0,0,0,0,0,0,0,0,0,0,0,0,0,0,0,0,0,0
203469,Cody Zeller,MIA,202305020NYK,"May 2, 2023",NYK,2,1,0,1,100.0,100.0,0.0,1,2,0,0,0,0,0,0,0,0,0,0,0,0,0,0,0,0,0,0,0,0,0,0
1630193,Immanuel Quickley,NYK,202305020NYK,"May 2, 2023",MIA,6,7,0,7,33.33,42.86,-9.53,3,6,4,0,0,0,0,0,0,0,0,0,0,0,0,0,0,0,0,0,0,0,0,0
1630167,Obi Toppin,NYK,202305020NYK,"May 2, 2023",MIA,0,2,0,2,0.0,0.0,0.0,0,0,2,0,0,0,0,0,0,0,0,0,0,0,0,0,0,0,0,0,0,0,0,0
201939,Stephen Curry,GSW,202305020GSW,"May 2, 2023",LAL,27,24,1,24,43.55,55.24,-11.69,10,6,13,18,0,0,0,0,1,3,0,0,0,0,0,0,0,0,0,0,0,0,0,0
1630559,Austin Reaves,LAL,202305020GSW,"May 2, 2023",GSW,10,9,0,9,43.48,55.56,-12.08,4,4,5,6,0,0,0,0,0,0,0,0,0,0,0,0,0,0,0,0,0,0,0,0
1629020,Jarred Vanderbilt,LAL,202305020GSW,"May 2, 2023",GSW,8,7,4,9,38.1,45.66,-7.56,4,2,3,3,2,3,0,0,0,0,0,0,0,0,0,0,0,0,0,0,0,0,0,0
203952,Andrew Wiggins,GSW,202305020GSW,"May 2, 2023",LAL,15,14,2,15,42.86,50.4,-7.54,9,10,5,3,1,2,0,0,0,0,0,0,0,0,0,0,0,0,0,0,0,0,0,0
202691,Klay Thompson,GSW,202305020GSW,"May 2, 2023",LAL,25,25,2,26,36.76,48.3,-11.54,9,6,16,18,1,1,0,0,0,0,0,0,0,0,0,0,0,0,0,0,0,0,0,0
2544,LeBron James,LAL,202305020GSW,"May 2, 2023",GSW,22,24,4,26,36.67,42.7,-6.03,16,16,8,3,2,3,0,0,0,0,0,0,0,0,0,0,0,0,0,0,0,0,0,0
203110,Draymond Green,GSW,202305020GSW,"May 2, 2023",LAL,6,9,0,9,31.58,33.33,-1.75,8,6,1,0,0,0,0,0,0,0,0,0,0,0,0,0,0,0,0,0,0,0,0,0
203076,Anthony Davis,LAL,202305020GSW,"May 2, 2023",GSW,30,19,8,23,62.5,66.61,-4.11,16,20,2,0,1,2,0,0,1,3,0,0,2,3,0,0,0,0,0,0,0,0,1,2
1626172,Kevon Looney,GSW,202305020GSW,"May 2, 2023",LAL,10,11,0,11,45.45,45.45,0.0,11,10,0,0,0,0,0,0,0,0,0,0,0,0,0,0,0,0,0,0,0,0,0,0
1626156,D'Angelo Russell,LAL,202305020GSW,"May 2, 2023",GSW,19,19,1,19,43.18,48.87,-5.69,13,14,5,3,0,0,0,0,1,2,0,0,0,0,0,0,0,0,0,0,0,0,0,0
1629060,Rui Hachimura,LAL,202305020GSW,"May 2, 2023",GSW,6,2,2,3,100.0,104.17,-4.17,2,4,0,0,1,2,0,0,0,0,0,0,0,0,0,0,0,0,0,0,0,0,0,0
1627780,Gary Payton II,GSW,202305020GSW,"May 2, 2023",LAL,2,3,0,3,25.0,33.33,-8.33,1,2,2,0,0,0,0,0,0,0,0,0,0,0,0,0,0,0,0,0,0,0,0,0
1629673,Jordan Poole,GSW,202305020GSW,"May 2, 2023",LAL,21,15,1,15,50.0,68.01,-18.01,4,2,10,15,0,0,0,0,0,0,1,4,0,0,0,0,0,0,0,0,0,0,0,0
203471,Dennis Schröder,LAL,202305020GSW,"May 2, 2023",GSW,19,10,10,15,61.29,65.97,-4.68,9,10,1,0,3,5,0,0,0,0,0,0,0,0,0,0,0,0,0,0,0,0,2,4
1628972,Troy Brown Jr.,LAL,202305020GSW,"May 2, 2023",GSW,3,2,0,2,60.0,75.0,-15.0,1,0,1,3,0,0,0,0,0,0,0,0,0,0,0,0,0,0,0,0,0,0,0,0
1630224,Jalen Green,GSW,202305020GSW,"May 2, 2023",LAL,6,4,0,4,50.0,75.0,-25.0,0,0,4,6,0,0,0,0,0,0,0,0,0,0,0,0,0,0,0,0,0,0,0,0
1628978,Donte DiVincenzo,GSW,202305020GSW,"May 2, 2023",LAL,0,1,0,1,0.0,0.0,0.0,0,0,1,0,0,0,0,0,0,0,0,0,0,0,0,0,0,0,0,0,0,0,0,0
202699,Tobias Harris,PHI,202305030BOS,"May 3, 2023",BOS,16,12,0,12,55.17,66.67,-11.5,7,10,5,6,0,0,0,0,0,0,0,0,0,0,0,0,0,0,0,0,0,0,0,0
1627759,Jaylen Brown,BOS,202305030BOS,"May 3, 2023",PHI,25,17,4,19,56.82,66.63,-9.81,11,12,6,9,1,2,0,0,0,0,0,0,0,0,0,0,0,0,0,0,0,0,1,2
203954,Joel Embiid,PHI,202305030BOS,"May 3, 2023",BOS,15,9,8,13,53.57,59.9,-6.33,7,8,2,0,3,5,0,0,0,0,0,0,0,0,0,0,0,0,0,0,0,0,1,2
203935,Marcus Smart,BOS,202305030BOS,"May 3, 2023",PHI,15,14,0,14,46.88,53.57,-6.69,10,12,4,3,0,0,0,0,0,0,0,0,0,0,0,0,0,0,0,0,0,0,0,0
201143,Al Horford,BOS,202305030BOS,"May 3, 2023",PHI,5,10,0,10,17.86,25.0,-7.14,2,2,8,3,0,0,0,0,0,0,0,0,0,0,0,0,0,0,0,0,0,0,0,0
201935,James Harden,PHI,202305030BOS,"May 3, 2023",BOS,12,14,10,19,27.27,32.61,-5.34,8,4,6,0,4,6,0,0,0,0,0,0,0,0,0,0,0,0,0,0,0,0,1,2
1630178,Tyrese Maxey,PHI,202305030BOS,"May 3, 2023",BOS,13,14,0,14,40.62,46.43,-5.81,10,10,4,3,0,0,0,0,0,0,0,0,0,0,0,0,0,0,0,0,0,0,0,0
1628401,Derrick White,BOS,202305030BOS,"May 3, 2023",PHI,15,9,2,10,57.69,75.91,-18.22,3,4,6,9,1,2,0,0,0,0,0,0,0,0,0,0,0,0,0,0,0,0,0,0
200782,P.J. Tucker,PHI,202305030BOS,"May 3, 2023",BOS,5,3,0,3,71.43,83.33,-11.9,2,2,1,3,0,0,0,0,0,0,0,0,0,0,0,0,0,0,0,0,0,0,0,0
tatumja01,J. Tatum,BOS,202305030BOS,"May 3, 2023",PHI,7,7,5,9,31.82,38.04,-6.22,3,0,3,0,2,4,0,0,1,3,0,0,0,0,0,0,0,0,0,0,0,0,0,0
1629057,Robert Williams III,BOS,202305030BOS,"May 3, 2023",PHI,2,1,0,1,100.0,100.0,0.0,1,2,0,0,0,0,0,0,0,0,0,0,0,0,0,0,0,0,0,0,0,0,0,0
1627777,Georges Niang,PHI,202305030BOS,"May 3, 2023",BOS,3,4,0,4,30.0,37.5,-7.5,2,0,2,3,0,0,0,0,0,0,0,0,0,0,0,0,0,0,0,0,0,0,0,0
1627763,Malcolm Brogdon,BOS,202305030BOS,"May 3, 2023",PHI,23,15,4,17,52.27,68.62,-16.35,5,2,10,18,2,3,0,0,0,0,0,0,0,0,0,0,0,0,0,0,0,0,0,0
1630194,Paul Reed,PHI,202305030BOS,"May 3, 2023",BOS,6,4,0,4,75.0,75.0,0.0,4,6,0,0,0,0,0,0,0,0,0,0,0,0,0,0,0,0,0,0,0,0,0,0
1629684,Grant Williams,BOS,202305030BOS,"May 3, 2023",PHI,12,8,0,8,50.0,75.0,-25.0,0,0,8,12,0,0,0,0,0,0,0,0,0,0,0,0,0,0,0,0,0,0,0,0
1629001,De'Anthony Melton,PHI,202305030BOS,"May 3, 2023",BOS,2,5,0,5,16.67,20.0,-3.33,3,2,2,0,0,0,0,0,0,0,0,0,0,0,0,0,0,0,0,0,0,0,0,0
1629667,Jalen McDaniels,PHI,202305030BOS,"May 3, 2023",BOS,3,4,0,4,27.27,37.5,-10.23,1,0,3,3,0,0,0,0,0,0,0,0,0,0,0,0,0,0,0,0,0,0,0,0
1630202,Payton Pritchard,BOS,202305030BOS,"May 3, 2023",PHI,8,3,1,4,100.0,116.28,-16.28,2,4,1,3,0,0,0,0,0,0,0,0,1,1,0,0,0,0,0,0,0,0,0,0
sprinja01,J. Springer,PHI,202305030BOS,"May 3, 2023",BOS,3,1,2,2,75.0,79.79,-4.79,1,2,0,0,0,0,0,0,0,0,0,0,0,0,0,0,0,0,0,0,0,0,1,1
1629003,Shake Milton,PHI,202305030BOS,"May 3, 2023",BOS,4,2,0,2,100.0,100.0,0.0,2,4,0,0,0,0,0,0,0,0,0,0,0,0,0,0,0,0,0,0,0,0,0,0
1627863,Danuel House Jr.,PHI,202305030BOS,"May 3, 2023",BOS,3,5,1,5,21.43,27.57,-6.14,1,0,3,0,0,0,0,0,1,3,0,0,0,0,0,0,0,0,0,0,0,0,0,0
1630573,Sam Hauser,BOS,202305030BOS,"May 3, 2023",PHI,0,2,0,2,0.0,0.0,0.0,0,0,2,0,0,0,0,0,0,0,0,0,0,0,0,0,0,0,0,0,0,0,0,0
dedmode01,D. Dedmon,PHI,202305030BOS,"May 3, 2023",BOS,0,1,0,1,0.0,0.0,0.0,0,0,1,0,0,0,0,0,0,0,0,0,0,0,0,0,0,0,0,0,0,0,0,0
1627788,Furkan Korkmaz,PHI,202305030BOS,"May 3, 2023",BOS,2,1,2,2,40.0,53.19,-13.19,0,0,1,0,0,0,0,0,0,0,0,0,0,0,0,0,0,0,0,0,0,0,1,2
1630551,Justin Champagnie,BOS,202305030BOS,"May 3, 2023",PHI,0,2,0,2,0.0,0.0,0.0,0,0,2,0,0,0,0,0,0,0,0,0,0,0,0,0,0,0,0,0,0,0,0,0
1628436,Luke Kornet,BOS,202305030BOS,"May 3, 2023",PHI,6,3,0,3,100.0,100.0,0.0,3,6,0,0,0,0,0,0,0,0,0,0,0,0,0,0,0,0,0,0,0,0,0,0
203488,Mike Muscala,BOS,202305030BOS,"May 3, 2023",PHI,3,1,0,1,100.0,150.0,-50.0,0,0,1,3,0,0,0,0,0,0,0,0,0,0,0,0,0,0,0,0,0,0,0,0
1630559,Austin Reaves,LAL,202305040GSW,"May 4, 2023",GSW,7,11,0,11,25.93,31.82,-5.89,6,4,5,3,0,0,0,0,0,0,0,0,0,0,0,0,0,0,0,0,0,0,0,0
201939,Stephen Curry,GSW,202305040GSW,"May 4, 2023",LAL,20,12,3,14,62.5,75.08,-12.58,7,8,4,6,0,0,0,0,0,0,1,4,2,2,0,0,0,0,0,0,0,0,0,0
203952,Andrew Wiggins,GSW,202305040GSW,"May 4, 2023",LAL,11,8,4,10,45.83,56.35,-10.52,4,2,4,6,2,3,0,0,0,0,0,0,0,0,0,0,0,0,0,0,0,0,0,0
1629020,Jarred Vanderbilt,LAL,202305040GSW,"May 4, 2023",GSW,6,7,2,8,33.33,38.07,-4.74,5,2,2,3,1,1,0,0,0,0,0,0,0,0,0,0,0,0,0,0,0,0,0,0
2544,LeBron James,LAL,202305040GSW,"May 4, 2023",GSW,23,18,0,18,52.27,63.89,-11.62,10,14,8,9,0,0,0,0,0,0,0,0,0,0,0,0,0,0,0,0,0,0,0,0
203110,Draymond Green,GSW,202305040GSW,"May 4, 2023",LAL,11,10,4,12,44.0,46.77,-2.77,9,10,1,0,2,1,0,0,0,0,0,0,0,0,0,0,0,0,0,0,0,0,0,0
203076,Anthony Davis,LAL,202305040GSW,"May 4, 2023",GSW,11,11,1,11,47.83,48.08,-0.25,10,8,0,0,0,0,0,0,1,3,0,0,0,0,0,0,0,0,0,0,0,0,0,0
202691,Klay Thompson,GSW,202305040GSW,"May 4, 2023",LAL,30,18,0,18,63.83,83.33,-19.5,7,6,11,24,0,0,0,0,0,0,0,0,0,0,0,0,0,0,0,0,0,0,0,0
1630224,Jalen Green,GSW,202305040GSW,"May 4, 2023",LAL,15,9,0,9,62.5,83.33,-20.83,3,6,6,9,0,0,0,0,0,0,0,0,0,0,0,0,0,0,0,0,0,0,0,0
1626156,D'Angelo Russell,LAL,202305040GSW,"May 4, 2023",GSW,10,12,0,12,37.04,41.67,-4.63,9,10,3,0,0,0,0,0,0,0,0,0,0,0,0,0,0,0,0,0,0,0,0,0
1630541,Moses Moody,GSW,202305040GSW,"May 4, 2023",LAL,10,9,3,10,41.67,48.45,-6.78,6,2,3,6,0,0,1,2,0,0,0,0,0,0,0,0,0,0,0,0,0,0,0,0
1629673,Jordan Poole,GSW,202305040GSW,"May 4, 2023",LAL,6,6,0,6,42.86,50.0,-7.14,4,6,2,0,0,0,0,0,0,0,0,0,0,0,0,0,0,0,0,0,0,0,0,0
1629060,Rui Hachimura,LAL,202305040GSW,"May 4, 2023",GSW,21,14,2,15,58.33,70.56,-12.23,8,8,6,12,1,1,0,0,0,0,0,0,0,0,0,0,0,0,0,0,0,0,0,0
203471,Dennis Schröder,LAL,202305040GSW,"May 4, 2023",GSW,4,3,4,5,36.36,42.02,-5.66,2,0,1,0,2,4,0,0,0,0,0,0,0,0,0,0,0,0,0,0,0,0,0,0
1628978,Donte DiVincenzo,GSW,202305040GSW,"May 4, 2023",LAL,8,9,0,9,30.77,44.44,-13.67,1,2,8,6,0,0,0,0,0,0,0,0,0,0,0,0,0,0,0,0,0,0,0,0
1628972,Troy Brown Jr.,LAL,202305040GSW,"May 4, 2023",GSW,0,1,0,1,0.0,0.0,0.0,0,0,1,0,0,0,0,0,0,0,0,0,0,0,0,0,0,0,0,0,0,0,0,0
1626172,Kevon Looney,GSW,202305040GSW,"May 4, 2023",LAL,6,6,0,6,50.0,50.0,0.0,6,6,0,0,0,0,0,0,0,0,0,0,0,0,0,0,0,0,0,0,0,0,0,0
1627780,Gary Payton II,GSW,202305040GSW,"May 4, 2023",LAL,7,3,2,4,87.5,90.21,-2.71,3,6,0,0,1,1,0,0,0,0,0,0,0,0,0,0,0,0,0,0,0,0,0,0
1629022,Lonnie Walker IV,LAL,202305040GSW,"May 4, 2023",GSW,9,8,0,8,45.0,56.25,-11.25,4,6,4,3,0,0,0,0,0,0,0,0,0,0,0,0,0,0,0,0,0,0,0,0
1627736,Malik Beasley,GSW,202305040GSW,"May 4, 2023",LAL,2,4,0,4,18.18,25.0,-6.82,1,2,3,0,0,0,0,0,0,0,0,0,0,0,0,0,0,0,0,0,0,0,0,0
1630228,Jonathan Kuminga,GSW,202305040GSW,"May 4, 2023",LAL,3,4,0,4,33.33,37.5,-4.17,3,0,1,3,0,0,0,0,0,0,0,0,0,0,0,0,0,0,0,0,0,0,0,0
1631108,Max Christie,LAL,202305040GSW,"May 4, 2023",GSW,2,1,4,3,28.57,36.23,-7.66,0,0,1,0,2,2,0,0,0,0,0,0,0,0,0,0,0,0,0,0,0,0,0,0
thomptr01,T. Thompson,LAL,202305040GSW,"May 4, 2023",GSW,5,4,4,6,41.67,43.4,-1.73,4,4,0,0,2,1,0,0,0,0,0,0,0,0,0,0,0,0,0,0,0,0,0,0
lamban01,A. Lamb,GSW,202305040GSW,"May 4, 2023",LAL,0,1,0,1,0.0,0.0,0.0,0,0,1,0,0,0,0,0,0,0,0,0,0,0,0,0,0,0,0,0,0,0,0,0
203954,Joel Embiid,PHI,202305050PHI,"May 5, 2023",BOS,30,19,12,25,57.69,61.78,-4.09,17,16,2,3,5,9,0,0,0,0,0,0,0,0,0,0,0,0,0,0,0,0,1,2
tatumja01,J. Tatum,BOS,202305050PHI,"May 5, 2023",PHI,27,20,5,23,48.21,60.81,-12.6,9,14,11,9,1,1,0,0,0,0,0,0,1,1,0,0,0,0,0,0,0,0,1,2
201143,Al Horford,BOS,202305050PHI,"May 5, 2023",PHI,17,8,0,8,73.91,106.25,-32.34,1,2,7,15,0,0,0,0,0,0,0,0,0,0,0,0,0,0,0,0,0,0,0,0
203935,Marcus Smart,BOS,202305050PHI,"May 5, 2023",PHI,15,15,2,16,36.59,47.23,-10.64,6,4,9,9,1,2,0,0,0,0,0,0,0,0,0,0,0,0,0,0,0,0,0,0
1630178,Tyrese Maxey,PHI,202305050PHI,"May 5, 2023",BOS,13,16,2,17,30.23,38.51,-8.28,7,2,9,9,1,2,0,0,0,0,0,0,0,0,0,0,0,0,0,0,0,0,0,0
201935,James Harden,PHI,202305050PHI,"May 5, 2023",BOS,16,14,9,18,36.36,44.54,-8.18,7,2,7,6,3,5,1,3,0,0,0,0,0,0,0,0,0,0,0,0,0,0,0,0
1628401,Derrick White,BOS,202305050PHI,"May 5, 2023",PHI,13,9,3,10,50.0,62.98,-12.98,4,4,5,6,0,0,1,3,0,0,0,0,0,0,0,0,0,0,0,0,0,0,0,0
200782,P.J. Tucker,PHI,202305050PHI,"May 5, 2023",BOS,9,4,0,4,75.0,112.5,-37.5,0,0,4,9,0,0,0,0,0,0,0,0,0,0,0,0,0,0,0,0,0,0,0,0
1627759,Jaylen Brown,PHI,202305050PHI,"May 5, 2023",BOS,23,18,7,20,48.94,54.55,-5.61,11,10,4,0,1,2,0,0,3,9,0,0,0,0,0,0,0,0,0,0,0,0,1,2
1629001,De'Anthony Melton,PHI,202305050PHI,"May 5, 2023",BOS,14,10,2,11,48.28,64.34,-16.06,3,0,7,12,0,0,0,0,0,0,0,0,0,0,0,0,0,0,0,0,0,0,1,2
202699,Tobias Harris,PHI,202305050PHI,"May 5, 2023",BOS,7,6,2,7,46.67,50.87,-4.2,5,6,1,0,1,1,0,0,0,0,0,0,0,0,0,0,0,0,0,0,0,0,0,0
1629667,Jalen McDaniels,PHI,202305050PHI,"May 5, 2023",BOS,3,2,0,2,50.0,75.0,-25.0,0,0,2,3,0,0,0,0,0,0,0,0,0,0,0,0,0,0,0,0,0,0,0,0
1629057,Robert Williams III,BOS,202305050PHI,"May 5, 2023",PHI,4,1,2,2,100.0,106.38,-6.38,1,2,0,0,1,2,0,0,0,0,0,0,0,0,0,0,0,0,0,0,0,0,0,0
1627763,Malcolm Brogdon,BOS,202305050PHI,"May 5, 2023",PHI,15,12,4,14,44.12,54.51,-10.39,6,2,6,9,1,2,0,0,0,0,0,0,0,0,0,0,0,0,0,0,0,0,1,2
1629684,Grant Williams,BOS,202305050PHI,"May 5, 2023",PHI,0,3,0,3,0.0,0.0,0.0,0,0,3,0,0,0,0,0,0,0,0,0,0,0,0,0,0,0,0,0,0,0,0,0
1627777,Georges Niang,PHI,202305050PHI,"May 5, 2023",BOS,10,7,0,7,52.63,71.43,-18.8,2,4,5,6,0,0,0,0,0,0,0,0,0,0,0,0,0,0,0,0,0,0,0,0
201142,Kevin Durant,PHX,202305050PHO,"May 5, 2023",DEN,39,31,16,39,46.99,51.26,-4.27,25,20,5,3,6,11,0,0,1,3,0,0,1,1,0,0,0,0,0,0,0,0,1,1
1629008,Michael Porter Jr.,DEN,202305050PHO,"May 5, 2023",PHX,21,14,1,14,53.85,72.71,-18.86,3,0,10,18,0,0,0,0,1,3,0,0,0,0,0,0,0,0,0,0,0,0,0,0
203932,Aaron Gordon,DEN,202305050PHO,"May 5, 2023",PHX,9,13,4,15,27.27,30.49,-3.22,10,6,3,0,1,1,0,0,0,0,0,0,0,0,0,0,0,0,0,0,0,0,1,2
1626166,Cameron Payne,PHX,202305050PHO,"May 5, 2023",DEN,7,9,0,9,30.43,38.89,-8.46,4,4,5,3,0,0,0,0,0,0,0,0,0,0,0,0,0,0,0,0,0,0,0,0
bookede01,D. Booker,DEN,202305050PHO,"May 5, 2023",PHX,47,25,2,26,78.33,90.8,-12.47,17,30,8,15,0,0,0,0,0,0,0,0,0,0,0,0,0,0,0,0,0,0,1,2
1627750,Jamal Murray,DEN,202305050PHO,"May 5, 2023",PHX,32,29,6,32,45.71,50.57,-4.86,23,24,6,3,1,1,0,0,0,0,0,0,0,0,0,0,0,0,0,0,0,0,2,4
1629006,Josh Okogie,PHX,202305050PHO,"May 5, 2023",DEN,2,2,0,2,50.0,50.0,0.0,2,2,0,0,0,0,0,0,0,0,0,0,0,0,0,0,0,0,0,0,0,0,0,0
203999,Nikola Jokić,DEN,202305050PHO,"May 5, 2023",PHX,30,19,8,23,62.5,66.61,-4.11,16,18,2,3,2,3,0,0,1,3,0,0,0,0,0,0,0,0,0,0,0,0,2,3
1629028,Deandre Ayton,PHX,202305050PHO,"May 5, 2023",DEN,4,6,0,6,33.33,33.33,0.0,6,4,0,0,0,0,0,0,0,0,0,0,0,0,0,0,0,0,0,0,0,0,0,0
1628971,Bruce Brown,DEN,202305050PHO,"May 5, 2023",PHX,11,11,2,12,40.74,46.3,-5.56,8,6,3,3,1,2,0,0,0,0,0,0,0,0,0,0,0,0,0,0,0,0,0,0
rosste01,T. Ross,PHX,202305050PHO,"May 5, 2023",DEN,5,7,0,7,25.0,35.71,-10.71,1,2,6,3,0,0,0,0,0,0,0,0,0,0,0,0,0,0,0,0,0,0,0,0
203484,Kentavious Caldwell-Pope,PHX,202305050PHO,"May 5, 2023",DEN,2,4,0,4,20.0,25.0,-5.0,2,2,2,0,0,0,0,0,0,0,0,0,0,0,0,0,0,0,0,0,0,0,0,0
201145,Jeff Green,DEN,202305050PHO,"May 5, 2023",PHX,7,5,0,5,53.85,70.0,-16.15,2,4,3,3,0,0,0,0,0,0,0,0,0,0,0,0,0,0,0,0,0,0,0,0
1629111,Jock Landale,PHX,202305050PHO,"May 5, 2023",DEN,6,3,0,3,100.0,100.0,0.0,3,6,0,0,0,0,0,0,0,0,0,0,0,0,0,0,0,0,0,0,0,0,0,0
1629013,Landry Shamet,PHX,202305050PHO,"May 5, 2023",DEN,4,4,0,4,44.44,50.0,-5.56,3,4,1,0,0,0,0,0,0,0,0,0,0,0,0,0,0,0,0,0,0,0,0,0
1628470,Torrey Craig,PHX,202305050PHO,"May 5, 2023",DEN,0,1,0,1,0.0,0.0,0.0,0,0,1,0,0,0,0,0,0,0,0,0,0,0,0,0,0,0,0,0,0,0,0,0
1631128,Christian Braun,DEN,202305050PHO,"May 5, 2023",PHX,2,2,0,2,40.0,50.0,-10.0,1,2,1,0,0,0,0,0,0,0,0,0,0,0,0,0,0,0,0,0,0,0,0,0
203933,T.J. Warren,PHX,202305050PHO,"May 5, 2023",DEN,7,7,0,7,43.75,50.0,-6.25,5,4,2,3,0,0,0,0,0,0,0,0,0,0,0,0,0,0,0,0,0,0,0,0
203944,Julius Randle,NYK,202305060MIA,"May 6, 2023",MIA,10,15,5,18,25.0,29.07,-4.07,10,8,5,0,2,2,0,0,0,0,0,0,1,0,0,0,0,0,0,0,0,0,0,0
202710,Jimmy Butler III,MIA,202305060MIA,"May 6, 2023",NYK,28,21,11,26,50.91,54.18,-3.27,17,14,2,0,3,6,0,0,2,5,0,0,1,1,0,0,0,0,0,0,0,0,1,2
1628389,Bam Adebayo,MIA,202305060MIA,"May 6, 2023",NYK,17,14,4,16,53.12,53.93,-0.81,14,14,0,0,1,2,0,0,0,0,0,0,0,0,0,0,0,0,0,0,0,0,1,1
1628404,Josh Hart,NYK,202305060MIA,"May 6, 2023",MIA,15,12,5,14,42.86,52.82,-9.96,5,4,6,6,1,2,0,0,1,3,0,0,0,0,0,0,0,0,0,0,0,0,1,0
1629216,Gabe Vincent,MIA,202305060MIA,"May 6, 2023",NYK,5,8,3,9,21.74,26.82,-5.08,4,2,4,0,0,0,1,3,0,0,0,0,0,0,0,0,0,0,0,0,0,0,0,0
1628973,Jalen Brunson,NYK,202305060MIA,"May 6, 2023",MIA,20,20,6,22,39.22,44.17,-4.95,13,10,5,0,1,2,0,0,2,6,0,0,0,0,0,0,0,0,0,0,0,0,1,2
1629628,RJ Barrett,NYK,202305060MIA,"May 6, 2023",MIA,14,16,3,17,33.33,40.42,-7.09,8,4,7,6,1,1,0,0,1,3,0,0,0,0,0,0,0,0,0,0,0,0,0,0
strusma01,M. Strus,MIA,202305060MIA,"May 6, 2023",NYK,19,14,2,15,47.5,63.84,-16.34,4,8,10,9,1,2,0,0,0,0,0,0,0,0,0,0,0,0,0,0,0,0,0,0
201567,Kevin Love,MIA,202305060MIA,"May 6, 2023",NYK,4,5,2,6,26.67,34.01,-7.34,2,2,3,0,1,2,0,0,0,0,0,0,0,0,0,0,0,0,0,0,0,0,0,0
1629011,Mitchell Robinson,NYK,202305060MIA,"May 6, 2023",MIA,2,2,0,2,50.0,50.0,0.0,2,2,0,0,0,0,0,0,0,0,0,0,0,0,0,0,0,0,0,0,0,0,0,0
1629656,Quentin Grimes,NYK,202305060MIA,"May 6, 2023",MIA,8,7,1,7,42.11,53.76,-11.65,2,2,4,3,0,0,0,0,1,3,0,0,0,0,0,0,0,0,0,0,0,0,0,0
200768,Kyle Lowry,MIA,202305060MIA,"May 6, 2023",NYK,14,9,4,11,53.85,65.06,-11.21,5,4,4,6,1,2,0,0,0,0,0,0,0,0,0,0,0,0,0,0,0,0,1,2
1628997,Caleb Martin,MIA,202305060MIA,"May 6, 2023",NYK,3,3,4,5,23.08,31.51,-8.43,0,0,3,0,2,3,0,0,0,0,0,0,0,0,0,0,0,0,0,0,0,0,0,0
203469,Cody Zeller,MIA,202305060MIA,"May 6, 2023",NYK,6,6,0,6,50.0,50.0,0.0,6,6,0,0,0,0,0,0,0,0,0,0,0,0,0,0,0,0,0,0,0,0,0,0
1629130,Duncan Robinson,MIA,202305060MIA,"May 6, 2023",NYK,4,6,1,7,22.22,31.06,-8.84,1,0,5,3,0,0,0,0,0,0,0,0,1,1,0,0,0,0,0,0,0,0,0,0
1630167,Obi Toppin,NYK,202305060MIA,"May 6, 2023",MIA,5,6,0,6,31.25,41.67,-10.42,2,2,4,3,0,0,0,0,0,0,0,0,0,0,0,0,0,0,0,0,0,0,0,0
1629312,Haywood Highsmith,MIA,202305060MIA,"May 6, 2023",NYK,5,4,0,4,55.56,62.5,-6.94,3,2,1,3,0,0,0,0,0,0,0,0,0,0,0,0,0,0,0,0,0,0,0,0
1630193,Immanuel Quickley,NYK,202305060MIA,"May 6, 2023",MIA,12,12,2,13,35.29,46.58,-11.29,4,4,8,6,1,2,0,0,0,0,0,0,0,0,0,0,0,0,0,0,0,0,0,0
1630540,Miles McBride,NYK,202305060MIA,"May 6, 2023",MIA,0,1,0,1,0.0,0.0,0.0,0,0,1,0,0,0,0,0,0,0,0,0,0,0,0,0,0,0,0,0,0,0,0,0
1626156,D'Angelo Russell,LAL,202305060LAL,"May 6, 2023",GSW,21,13,0,13,61.76,80.77,-19.01,5,6,8,15,0,0,0,0,0,0,0,0,0,0,0,0,0,0,0,0,0,0,0,0
202691,Klay Thompson,GSW,202305060LAL,"May 6, 2023",LAL,15,14,2,15,38.46,50.4,-11.94,5,4,9,9,1,2,0,0,0,0,0,0,0,0,0,0,0,0,0,0,0,0,0,0
203952,Andrew Wiggins,GSW,202305060LAL,"May 6, 2023",LAL,16,11,2,12,57.14,67.34,-10.2,7,8,4,6,1,2,0,0,0,0,0,0,0,0,0,0,0,0,0,0,0,0,0,0
2544,LeBron James,LAL,202305060LAL,"May 6, 2023",GSW,21,11,8,15,61.76,72.31,-10.55,7,8,4,6,2,4,0,0,0,0,0,0,0,0,0,0,0,0,0,0,0,0,2,3
203076,Anthony Davis,LAL,202305060LAL,"May 6, 2023",GSW,25,10,12,16,78.12,81.81,-3.69,10,14,0,0,6,11,0,0,0,0,0,0,0,0,0,0,0,0,0,0,0,0,0,0
201939,Stephen Curry,GSW,202305060LAL,"May 6, 2023",LAL,23,21,3,23,41.82,51.52,-9.7,10,8,10,12,0,0,0,0,1,2,0,0,1,0,0,0,0,0,0,0,0,0,1,1
1629020,Jarred Vanderbilt,LAL,202305060LAL,"May 6, 2023",GSW,2,5,4,7,11.76,14.79,-3.03,2,0,3,0,2,2,0,0,0,0,0,0,0,0,0,0,0,0,0,0,0,0,0,0
1630224,Jalen Green,GSW,202305060LAL,"May 6, 2023",LAL,2,5,0,5,15.38,20.0,-4.62,2,2,3,0,0,0,0,0,0,0,0,0,0,0,0,0,0,0,0,0,0,0,0,0
1630559,Austin Reaves,LAL,202305060LAL,"May 6, 2023",GSW,10,8,7,12,37.04,45.13,-8.09,4,2,4,3,1,2,0,0,0,0,0,0,1,0,1,2,0,0,0,0,0,0,1,1
203110,Draymond Green,GSW,202305060LAL,"May 6, 2023",LAL,2,4,0,4,22.22,25.0,-2.78,3,2,1,0,0,0,0,0,0,0,0,0,0,0,0,0,0,0,0,0,0,0,0,0
1626172,Kevon Looney,GSW,202305060LAL,"May 6, 2023",LAL,3,1,2,2,75.0,79.79,-4.79,1,2,0,0,1,1,0,0,0,0,0,0,0,0,0,0,0,0,0,0,0,0,0,0
1629673,Jordan Poole,GSW,202305060LAL,"May 6, 2023",LAL,5,9,2,10,20.83,25.3,-4.47,5,4,4,0,1,1,0,0,0,0,0,0,0,0,0,0,0,0,0,0,0,0,0,0
1628978,Donte DiVincenzo,GSW,202305060LAL,"May 6, 2023",LAL,5,8,0,8,23.81,31.25,-7.44,3,2,5,3,0,0,0,0,0,0,0,0,0,0,0,0,0,0,0,0,0,0,0,0
1629060,Rui Hachimura,LAL,202305060LAL,"May 6, 2023",GSW,5,3,0,3,71.43,83.33,-11.9,2,2,1,3,0,0,0,0,0,0,0,0,0,0,0,0,0,0,0,0,0,0,0,0
203471,Dennis Schröder,LAL,202305060LAL,"May 6, 2023",GSW,12,9,4,12,42.86,55.76,-12.9,3,2,6,9,1,0,0,0,0,0,0,0,2,1,0,0,0,0,0,0,0,0,0,0
1630541,Moses Moody,GSW,202305060LAL,"May 6, 2023",LAL,5,3,2,4,50.0,64.43,-14.43,1,0,2,3,1,2,0,0,0,0,0,0,0,0,0,0,0,0,0,0,0,0,0,0
1629022,Lonnie Walker IV,LAL,202305060LAL,"May 6, 2023",GSW,12,6,2,7,66.67,87.21,-20.54,2,4,4,6,1,2,0,0,0,0,0,0,0,0,0,0,0,0,0,0,0,0,0,0
1627780,Gary Payton II,GSW,202305060LAL,"May 6, 2023",LAL,8,7,0,7,53.33,57.14,-3.81,6,8,1,0,0,0,0,0,0,0,0,0,0,0,0,0,0,0,0,0,0,0,0,0
1630228,Jonathan Kuminga,GSW,202305060LAL,"May 6, 2023",LAL,10,4,4,6,76.92,86.81,-9.89,3,4,1,3,2,3,0,0,0,0,0,0,0,0,0,0,0,0,0,0,0,0,0,0
1628972,Troy Brown Jr.,LAL,202305060LAL,"May 6, 2023",GSW,2,2,0,2,50.0,50.0,0.0,2,2,0,0,0,0,0,0,0,0,0,0,0,0,0,0,0,0,0,0,0,0,0,0
1627885,Shaquille Harrison,LAL,202305060LAL,"May 6, 2023",GSW,9,5,0,5,81.82,90.0,-8.18,4,6,1,3,0,0,0,0,0,0,0,0,0,0,0,0,0,0,0,0,0,0,0,0
lamban01,A. Lamb,GSW,202305060LAL,"May 6, 2023",LAL,3,2,0,2,50.0,75.0,-25.0,0,0,2,3,0,0,0,0,0,0,0,0,0,0,0,0,0,0,0,0,0,0,0,0
1627736,Malik Beasley,LAL,202305060LAL,"May 6, 2023",GSW,0,2,0,2,0.0,0.0,0.0,2,0,0,0,0,0,0,0,0,0,0,0,0,0,0,0,0,0,0,0,0,0,0,0
1631108,Max Christie,LAL,202305060LAL,"May 6, 2023",GSW,6,3,0,3,100.0,100.0,0.0,3,6,0,0,0,0,0,0,0,0,0,0,0,0,0,0,0,0,0,0,0,0,0,0
thomptr01,T. Thompson,LAL,202305060LAL,"May 6, 2023",GSW,2,3,0,3,33.33,33.33,0.0,3,2,0,0,0,0,0,0,0,0,0,0,0,0,0,0,0,0,0,0,0,0,0,0
1631116,Patrick Baldwin Jr.,GSW,202305060LAL,"May 6, 2023",LAL,0,2,0,2,0.0,0.0,0.0,0,0,2,0,0,0,0,0,0,0,0,0,0,0,0,0,0,0,0,0,0,0,0,0
203954,Joel Embiid,PHI,202305070PHI,"May 7, 2023",BOS,34,26,15,33,48.57,52.15,-3.58,22,20,3,0,7,11,0,0,1,3,0,0,0,0,0,0,0,0,0,0,0,0,0,0
tatumja01,J. Tatum,BOS,202305070PHI,"May 7, 2023",PHI,24,20,7,23,45.28,51.99,-6.71,13,14,6,3,2,2,0,0,1,3,0,0,0,0,0,0,0,0,0,0,0,0,1,2
1627759,Jaylen Brown,BOS,202305070PHI,"May 7, 2023",PHI,23,16,2,17,54.76,68.13,-13.37,8,14,8,9,1,0,0,0,0,0,0,0,0,0,0,0,0,0,0,0,0,0,0,0
1630178,Tyrese Maxey,PHI,202305070PHI,"May 7, 2023",BOS,14,17,0,17,35.0,41.18,-6.18,11,8,6,6,0,0,0,0,0,0,0,0,0,0,0,0,0,0,0,0,0,0,0,0
203935,Marcus Smart,BOS,202305070PHI,"May 7, 2023",PHI,21,15,5,17,46.67,61.05,-14.38,4,2,10,12,1,2,0,0,1,3,0,0,0,0,0,0,0,0,0,0,0,0,1,2
201935,James Harden,PHI,202305070PHI,"May 7, 2023",BOS,42,23,4,25,71.19,84.81,-13.62,14,20,9,18,2,4,0,0,0,0,0,0,0,0,0,0,0,0,0,0,0,0,0,0
202699,Tobias Harris,PHI,202305070PHI,"May 7, 2023",BOS,9,10,2,11,33.33,41.36,-8.03,5,4,5,3,1,2,0,0,0,0,0,0,0,0,0,0,0,0,0,0,0,0,0,0
201143,Al Horford,PHI,202305070PHI,"May 7, 2023",BOS,10,9,2,10,37.04,50.61,-13.57,2,2,7,6,1,2,0,0,0,0,0,0,0,0,0,0,0,0,0,0,0,0,0,0
200782,P.J. Tucker,PHI,202305070PHI,"May 7, 2023",BOS,6,5,1,5,40.0,55.15,-15.15,0,0,4,3,0,0,0,0,1,3,0,0,0,0,0,0,0,0,0,0,0,0,0,0
1628401,Derrick White,BOS,202305070PHI,"May 7, 2023",PHI,12,11,0,11,46.15,54.55,-8.4,7,6,4,6,0,0,0,0,0,0,0,0,0,0,0,0,0,0,0,0,0,0,0,0
1627763,Malcolm Brogdon,BOS,202305070PHI,"May 7, 2023",PHI,19,13,2,14,52.78,68.44,-15.66,5,2,8,15,1,2,0,0,0,0,0,0,0,0,0,0,0,0,0,0,0,0,0,0
1629684,Grant Williams,BOS,202305070PHI,"May 7, 2023",PHI,2,2,0,2,40.0,50.0,-10.0,1,2,1,0,0,0,0,0,0,0,0,0,0,0,0,0,0,0,0,0,0,0,0,0
1629001,De'Anthony Melton,PHI,202305070PHI,"May 7, 2023",BOS,0,2,0,2,0.0,0.0,0.0,1,0,1,0,0,0,0,0,0,0,0,0,0,0,0,0,0,0,0,0,0,0,0,0
1629057,Robert Williams III,BOS,202305070PHI,"May 7, 2023",PHI,4,1,4,3,66.67,72.46,-5.79,1,2,0,0,2,2,0,0,0,0,0,0,0,0,0,0,0,0,0,0,0,0,0,0
1627777,Georges Niang,PHI,202305070PHI,"May 7, 2023",BOS,9,6,0,6,50.0,75.0,-25.0,0,0,6,9,0,0,0,0,0,0,0,0,0,0,0,0,0,0,0,0,0,0,0,0
1630194,Paul Reed,PHI,202305070PHI,"May 7, 2023",BOS,2,2,0,2,50.0,50.0,0.0,2,2,0,0,0,0,0,0,0,0,0,0,0,0,0,0,0,0,0,0,0,0,0,0
1626166,Cameron Payne,PHX,202305070PHO,"May 7, 2023",DEN,5,8,0,8,25.0,31.25,-6.25,4,2,4,3,0,0,0,0,0,0,0,0,0,0,0,0,0,0,0,0,0,0,0,0
1629028,Deandre Ayton,PHX,202305070PHO,"May 7, 2023",DEN,8,6,4,7,50.0,51.55,-1.55,4,2,0,0,1,1,0,0,2,5,0,0,0,0,0,0,0,0,0,0,0,0,0,0
201142,Kevin Durant,PHX,202305070PHO,"May 7, 2023",DEN,36,19,13,25,65.45,72.82,-7.37,13,14,4,6,4,8,0,0,2,5,0,0,1,1,0,0,0,0,0,0,0,0,1,2
bookede01,D. Booker,PHX,202305070PHO,"May 7, 2023",DEN,36,18,6,20,78.26,87.21,-8.95,12,18,4,9,2,4,0,0,2,5,0,0,0,0,0,0,0,0,0,0,0,0,0,0
203932,Aaron Gordon,DEN,202305070PHO,"May 7, 2023",PHX,11,10,0,10,50.0,55.0,-5.0,8,8,2,3,0,0,0,0,0,0,0,0,0,0,0,0,0,0,0,0,0,0,0,0
1627750,Jamal Murray,DEN,202305070PHO,"May 7, 2023",PHX,28,25,2,26,50.91,54.1,-3.19,21,22,3,3,0,0,0,0,1,3,0,0,1,0,0,0,0,0,0,0,0,0,0,0
1629008,Michael Porter Jr.,DEN,202305070PHO,"May 7, 2023",PHX,11,13,2,14,29.73,39.63,-9.9,4,4,9,6,1,1,0,0,0,0,0,0,0,0,0,0,0,0,0,0,0,0,0,0
203999,Nikola Jokić,PHX,202305070PHO,"May 7, 2023",DEN,53,30,13,35,68.83,74.19,-5.36,23,30,4,6,4,6,0,0,3,9,0,0,0,0,0,0,0,0,0,0,0,0,1,2
203484,Kentavious Caldwell-Pope,DEN,202305070PHO,"May 7, 2023",PHX,10,7,0,7,62.5,71.43,-8.93,5,10,2,0,0,0,0,0,0,0,0,0,0,0,0,0,0,0,0,0,0,0,0,0
1629006,Josh Okogie,PHX,202305070PHO,"May 7, 2023",DEN,4,5,0,5,36.36,40.0,-3.64,4,4,1,0,0,0,0,0,0,0,0,0,0,0,0,0,0,0,0,0,0,0,0,0
1628971,Bruce Brown,DEN,202305070PHO,"May 7, 2023",PHX,5,2,2,3,83.33,86.81,-3.48,2,4,0,0,1,1,0,0,0,0,0,0,0,0,0,0,0,0,0,0,0,0,0,0
201145,Jeff Green,DEN,202305070PHO,"May 7, 2023",PHX,5,2,2,3,62.5,86.81,-24.31,0,0,2,3,1,2,0,0,0,0,0,0,0,0,0,0,0,0,0,0,0,0,0,0
rosste01,T. Ross,PHX,202305070PHO,"May 7, 2023",DEN,8,7,0,7,40.0,57.14,-17.14,1,2,6,6,0,0,0,0,0,0,0,0,0,0,0,0,0,0,0,0,0,0,0,0
1629013,Landry Shamet,PHX,202305070PHO,"May 7, 2023",DEN,19,9,2,10,67.86,96.15,-28.29,1,2,8,15,0,0,0,0,0,0,0,0,0,0,0,0,0,0,0,0,0,0,1,2
203933,T.J. Warren,PHX,202305070PHO,"May 7, 2023",DEN,5,3,4,5,41.67,52.52,-10.85,1,2,2,0,1,1,0,0,0,0,0,0,0,0,0,0,0,0,0,0,0,0,1,2
1629111,Jock Landale,PHX,202305070PHO,"May 7, 2023",DEN,8,6,0,6,66.67,66.67,0.0,6,8,0,0,0,0,0,0,0,0,0,0,0,0,0,0,0,0,0,0,0,0,0,0
1631128,Christian Braun,DEN,202305070PHO,"May 7, 2023",PHX,1,0,2,1,50.0,56.82,-6.82,0,0,0,0,1,1,0,0,0,0,0,0,0,0,0,0,0,0,0,0,0,0,0,0
203944,Julius Randle,NYK,202305080MIA,"May 8, 2023",MIA,20,13,5,15,57.14,65.79,-8.65,8,12,4,3,2,2,0,0,1,3,0,0,0,0,0,0,0,0,0,0,0,0,0,0
strusma01,M. Strus,MIA,202305080MIA,"May 8, 2023",NYK,16,13,0,13,44.44,61.54,-17.1,3,4,10,12,0,0,0,0,0,0,0,0,0,0,0,0,0,0,0,0,0,0,0,0
1629656,Quentin Grimes,NYK,202305080MIA,"May 8, 2023",MIA,9,8,0,8,39.13,56.25,-17.12,1,0,7,9,0,0,0,0,0,0,0,0,0,0,0,0,0,0,0,0,0,0,0,0
1629628,RJ Barrett,NYK,202305080MIA,"May 8, 2023",MIA,24,16,3,17,60.0,69.28,-9.28,10,10,5,9,1,2,0,0,1,3,0,0,0,0,0,0,0,0,0,0,0,0,0,0
1629011,Mitchell Robinson,NYK,202305080MIA,"May 8, 2023",MIA,6,5,2,6,50.0,51.02,-1.02,5,6,0,0,1,0,0,0,0,0,0,0,0,0,0,0,0,0,0,0,0,0,0,0
202710,Jimmy Butler III,MIA,202305080MIA,"May 8, 2023",NYK,27,17,9,21,58.7,64.41,-5.71,13,14,3,3,3,6,0,0,1,3,0,0,0,0,0,0,0,0,0,0,0,0,1,1
1629216,Gabe Vincent,NYK,202305080MIA,"May 8, 2023",MIA,3,7,0,7,15.79,21.43,-5.64,2,0,5,3,0,0,0,0,0,0,0,0,0,0,0,0,0,0,0,0,0,0,0,0
1628973,Jalen Brunson,NYK,202305080MIA,"May 8, 2023",MIA,32,21,11,26,53.33,61.92,-8.59,14,16,7,6,4,7,0,0,0,0,0,0,0,0,1,3,0,0,0,0,0,0,0,0
201567,Kevin Love,MIA,202305080MIA,"May 8, 2023",NYK,8,6,0,6,47.06,66.67,-19.61,1,2,5,6,0,0,0,0,0,0,0,0,0,0,0,0,0,0,0,0,0,0,0,0
1628389,Bam Adebayo,MIA,202305080MIA,"May 8, 2023",NYK,23,17,5,19,58.97,59.9,-0.93,16,18,0,0,1,1,0,0,1,3,0,0,0,0,0,0,0,0,0,0,0,0,1,1
1628392,Isaiah Hartenstein,NYK,202305080MIA,"May 8, 2023",MIA,2,1,2,2,50.0,53.19,-3.19,1,0,0,0,1,2,0,0,0,0,0,0,0,0,0,0,0,0,0,0,0,0,0,0
1628404,Josh Hart,NYK,202305080MIA,"May 8, 2023",MIA,4,6,1,6,26.67,31.06,-4.39,3,2,2,0,0,0,0,0,1,2,0,0,0,0,0,0,0,0,0,0,0,0,0,0
200768,Kyle Lowry,MIA,202305080MIA,"May 8, 2023",NYK,15,6,6,9,68.18,86.81,-18.63,2,4,4,6,1,1,0,0,0,0,0,0,0,0,0,0,0,0,0,0,0,0,2,4
1628997,Caleb Martin,MIA,202305080MIA,"May 8, 2023",NYK,10,8,0,8,47.62,62.5,-14.88,3,4,5,6,0,0,0,0,0,0,0,0,0,0,0,0,0,0,0,0,0,0,0,0
203469,Cody Zeller,MIA,202305080MIA,"May 8, 2023",NYK,2,2,2,3,33.33,34.72,-1.39,2,2,0,0,1,0,0,0,0,0,0,0,0,0,0,0,0,0,0,0,0,0,0,0
1629130,Duncan Robinson,MIA,202305080MIA,"May 8, 2023",NYK,3,8,0,8,13.04,18.75,-5.71,1,0,7,3,0,0,0,0,0,0,0,0,0,0,0,0,0,0,0,0,0,0,0,0
1629312,Haywood Highsmith,NYK,202305080MIA,"May 8, 2023",MIA,2,1,0,1,100.0,100.0,0.0,1,2,0,0,0,0,0,0,0,0,0,0,0,0,0,0,0,0,0,0,0,0,0,0
1630167,Obi Toppin,NYK,202305080MIA,"May 8, 2023",MIA,4,4,0,4,40.0,50.0,-10.0,2,4,2,0,0,0,0,0,0,0,0,0,0,0,0,0,0,0,0,0,0,0,0,0
1630540,Miles McBride,NYK,202305080MIA,"May 8, 2023",MIA,0,2,0,2,0.0,0.0,0.0,1,0,1,0,0,0,0,0,0,0,0,0,0,0,0,0,0,0,0,0,0,0,0,0
203076,Anthony Davis,LAL,202305080LAL,"May 8, 2023",GSW,23,16,3,17,65.71,66.4,-0.69,15,18,0,0,1,2,0,0,1,3,0,0,0,0,0,0,0,0,0,0,0,0,0,0
203952,Andrew Wiggins,GSW,202305080LAL,"May 8, 2023",LAL,17,14,4,16,44.74,53.93,-9.19,8,8,6,6,2,3,0,0,0,0,0,0,0,0,0,0,0,0,0,0,0,0,0,0
2544,LeBron James,LAL,202305080LAL,"May 8, 2023",GSW,27,25,5,27,42.19,49.63,-7.44,15,14,9,6,2,4,0,0,1,3,0,0,0,0,0,0,0,0,0,0,0,0,0,0
1626156,D'Angelo Russell,LAL,202305080LAL,"May 8, 2023",GSW,4,10,2,11,15.38,18.38,-3.0,6,2,4,0,0,0,0,0,0,0,0,0,0,0,0,0,0,0,0,0,0,0,1,2
1629020,Jarred Vanderbilt,LAL,202305080LAL,"May 8, 2023",GSW,2,1,2,2,40.0,53.19,-13.19,0,0,1,0,1,2,0,0,0,0,0,0,0,0,0,0,0,0,0,0,0,0,0,0
1630559,Austin Reaves,LAL,202305080LAL,"May 8, 2023",GSW,21,15,4,17,52.5,62.65,-10.15,9,8,6,9,2,4,0,0,0,0,0,0,0,0,0,0,0,0,0,0,0,0,0,0
1627780,Gary Payton II,GSW,202305080LAL,"May 8, 2023",LAL,15,9,0,9,75.0,83.33,-8.33,7,12,2,3,0,0,0,0,0,0,0,0,0,0,0,0,0,0,0,0,0,0,0,0
201939,Stephen Curry,GSW,202305080LAL,"May 8, 2023",LAL,31,30,4,31,39.74,48.8,-9.06,15,16,13,6,1,2,0,0,1,3,1,4,0,0,0,0,0,0,0,0,0,0,0,0
203110,Draymond Green,GSW,202305080LAL,"May 8, 2023",LAL,8,5,2,6,61.54,68.03,-6.49,4,6,1,0,1,2,0,0,0,0,0,0,0,0,0,0,0,0,0,0,0,0,0,0
202691,Klay Thompson,GSW,202305080LAL,"May 8, 2023",LAL,9,11,0,11,29.03,40.91,-11.88,2,0,9,9,0,0,0,0,0,0,0,0,0,0,0,0,0,0,0,0,0,0,0,0
1630224,Jalen Green,GSW,202305080LAL,"May 8, 2023",LAL,0,2,0,2,0.0,0.0,0.0,0,0,2,0,0,0,0,0,0,0,0,0,0,0,0,0,0,0,0,0,0,0,0,0
1628978,Donte DiVincenzo,GSW,202305080LAL,"May 8, 2023",LAL,10,6,0,6,62.5,83.33,-20.83,2,4,4,6,0,0,0,0,0,0,0,0,0,0,0,0,0,0,0,0,0,0,0,0
1629673,Jordan Poole,GSW,202305080LAL,"May 8, 2023",LAL,0,4,0,4,0.0,0.0,0.0,2,0,2,0,0,0,0,0,0,0,0,0,0,0,0,0,0,0,0,0,0,0,0,0
1629060,Rui Hachimura,LAL,202305080LAL,"May 8, 2023",GSW,2,1,2,2,50.0,53.19,-3.19,1,0,0,0,1,2,0,0,0,0,0,0,0,0,0,0,0,0,0,0,0,0,0,0
203471,Dennis Schröder,LAL,202305080LAL,"May 8, 2023",GSW,10,9,0,9,50.0,55.56,-5.56,7,10,2,0,0,0,0,0,0,0,0,0,0,0,0,0,0,0,0,0,0,0,0,0
1626172,Kevon Looney,GSW,202305080LAL,"May 8, 2023",LAL,4,2,2,3,66.67,69.44,-2.77,2,4,0,0,0,0,0,0,0,0,0,0,0,0,0,0,0,0,0,0,0,0,1,0
1630541,Moses Moody,GSW,202305080LAL,"May 8, 2023",LAL,7,3,0,3,100.0,116.67,-16.67,2,4,1,3,0,0,0,0,0,0,0,0,0,0,0,0,0,0,0,0,0,0,0,0
1629022,Lonnie Walker IV,LAL,202305080LAL,"May 8, 2023",GSW,15,9,2,10,65.22,75.91,-10.69,6,10,3,3,0,0,0,0,0,0,0,0,0,0,0,0,0,0,0,0,0,0,1,2
1628401,Derrick White,BOS,202305090BOS,"May 9, 2023",PHI,7,6,3,7,41.18,47.81,-6.63,4,4,2,0,0,0,1,3,0,0,0,0,0,0,0,0,0,0,0,0,0,0,0,0
201935,James Harden,PHI,202305090BOS,"May 9, 2023",BOS,17,8,10,12,60.71,68.55,-7.84,6,6,2,3,2,3,2,5,0,0,0,0,0,0,0,0,0,0,0,0,0,0,0,0
203954,Joel Embiid,PHI,202305090BOS,"May 9, 2023",BOS,33,23,11,28,51.56,59.27,-7.71,15,12,7,9,5,9,0,0,1,3,0,0,0,0,0,0,0,0,0,0,0,0,0,0
203935,Marcus Smart,BOS,202305090BOS,"May 9, 2023",PHI,14,7,10,12,48.28,61.4,-13.12,2,0,5,6,3,4,0,0,0,0,0,0,0,0,0,0,0,0,0,0,0,0,2,4
202699,Tobias Harris,PHI,202305090BOS,"May 9, 2023",BOS,16,10,2,11,64.0,73.53,-9.53,7,12,3,3,1,1,0,0,0,0,0,0,0,0,0,0,0,0,0,0,0,0,0,0
tatumja01,J. Tatum,BOS,202305090BOS,"May 9, 2023",PHI,36,27,13,33,46.15,55.01,-8.86,14,12,11,9,5,8,0,0,2,6,0,0,1,1,0,0,0,0,0,0,0,0,0,0
1627759,Jaylen Brown,BOS,202305090BOS,"May 9, 2023",PHI,24,16,8,20,52.17,61.48,-9.31,10,12,6,9,3,2,0,0,0,0,0,0,0,0,0,0,0,0,0,0,0,0,1,1
200782,P.J. Tucker,BOS,202305090BOS,"May 9, 2023",PHI,3,4,0,4,27.27,37.5,-10.23,1,0,3,3,0,0,0,0,0,0,0,0,0,0,0,0,0,0,0,0,0,0,0,0
1630178,Tyrese Maxey,PHI,202305090BOS,"May 9, 2023",BOS,30,21,4,23,51.72,65.91,-14.19,9,8,12,18,2,4,0,0,0,0,0,0,0,0,0,0,0,0,0,0,0,0,0,0
1627763,Malcolm Brogdon,BOS,202305090BOS,"May 9, 2023",PHI,7,9,0,9,35.0,38.89,-3.89,7,4,2,3,0,0,0,0,0,0,0,0,0,0,0,0,0,0,0,0,0,0,0,0
201143,Al Horford,BOS,202305090BOS,"May 9, 2023",PHI,0,7,0,7,0.0,0.0,0.0,0,0,7,0,0,0,0,0,0,0,0,0,0,0,0,0,0,0,0,0,0,0,0,0
1629001,De'Anthony Melton,PHI,202305090BOS,"May 9, 2023",BOS,4,4,0,4,44.44,50.0,-5.56,3,4,1,0,0,0,0,0,0,0,0,0,0,0,0,0,0,0,0,0,0,0,0,0
1627777,Georges Niang,PHI,202305090BOS,"May 9, 2023",BOS,0,1,0,1,0.0,0.0,0.0,1,0,0,0,0,0,0,0,0,0,0,0,0,0,0,0,0,0,0,0,0,0,0,0
1629057,Robert Williams III,BOS,202305090BOS,"May 9, 2023",PHI,4,3,0,3,66.67,66.67,0.0,3,4,0,0,0,0,0,0,0,0,0,0,0,0,0,0,0,0,0,0,0,0,0,0
1627863,Danuel House Jr.,PHI,202305090BOS,"May 9, 2023",BOS,10,7,0,7,62.5,71.43,-8.93,5,10,2,0,0,0,0,0,0,0,0,0,0,0,0,0,0,0,0,0,0,0,0,0
1630194,Paul Reed,PHI,202305090BOS,"May 9, 2023",BOS,2,1,0,1,100.0,100.0,0.0,1,2,0,0,0,0,0,0,0,0,0,0,0,0,0,0,0,0,0,0,0,0,0,0
1629684,Grant Williams,BOS,202305090BOS,"May 9, 2023",PHI,0,1,0,1,0.0,0.0,0.0,0,0,1,0,0,0,0,0,0,0,0,0,0,0,0,0,0,0,0,0,0,0,0,0
1630202,Payton Pritchard,BOS,202305090BOS,"May 9, 2023",PHI,8,5,0,5,66.67,80.0,-13.33,3,2,2,6,0,0,0,0,0,0,0,0,0,0,0,0,0,0,0,0,0,0,0,0
1630573,Sam Hauser,BOS,202305090BOS,"May 9, 2023",PHI,3,2,0,2,50.0,75.0,-25.0,0,0,2,3,0,0,0,0,0,0,0,0,0,0,0,0,0,0,0,0,0,0,0,0
1629028,Deandre Ayton,PHX,202305090DEN,"May 9, 2023",DEN,14,12,0,12,58.33,58.33,0.0,12,14,0,0,0,0,0,0,0,0,0,0,0,0,0,0,0,0,0,0,0,0,0,0
203484,Kentavious Caldwell-Pope,DEN,202305090DEN,"May 9, 2023",PHX,7,6,4,8,36.84,45.1,-8.26,3,0,3,3,1,2,0,0,0,0,0,0,0,0,0,0,0,0,0,0,0,0,1,2
1627750,Jamal Murray,DEN,202305090DEN,"May 9, 2023",PHX,19,15,3,16,51.35,58.21,-6.86,10,8,4,6,1,2,0,0,1,3,0,0,0,0,0,0,0,0,0,0,0,0,0,0
201142,Kevin Durant,PHX,202305090DEN,"May 9, 2023",DEN,26,24,9,29,43.33,46.49,-3.16,21,20,3,0,4,6,0,0,0,0,0,0,1,0,0,0,0,0,0,0,0,0,0,0
1626166,Cameron Payne,PHX,202305090DEN,"May 9, 2023",DEN,7,5,0,5,53.85,70.0,-16.15,2,4,3,3,0,0,0,0,0,0,0,0,0,0,0,0,0,0,0,0,0,0,0,0
1629006,Josh Okogie,PHX,202305090DEN,"May 9, 2023",DEN,1,3,2,4,10.0,12.89,-2.89,1,0,2,0,1,1,0,0,0,0,0,0,0,0,0,0,0,0,0,0,0,0,0,0
203932,Aaron Gordon,DEN,202305090DEN,"May 9, 2023",PHX,10,13,4,15,31.25,33.88,-2.63,11,6,2,3,2,1,0,0,0,0,0,0,0,0,0,0,0,0,0,0,0,0,0,0
1629008,Michael Porter Jr.,DEN,202305090DEN,"May 9, 2023",PHX,19,11,0,11,63.33,86.36,-23.03,3,4,8,15,0,0,0,0,0,0,0,0,0,0,0,0,0,0,0,0,0,0,0,0
203999,Nikola Jokić,DEN,202305090DEN,"May 9, 2023",PHX,29,20,5,22,60.42,65.32,-4.9,16,18,3,6,1,1,0,0,1,2,0,0,0,0,0,0,0,0,0,0,0,0,1,2
bookede01,D. Booker,DEN,202305090DEN,"May 9, 2023",PHX,28,19,9,24,51.85,60.98,-9.13,12,8,7,12,4,8,0,0,0,0,0,0,1,0,0,0,0,0,0,0,0,0,0,0
1629013,Landry Shamet,PHX,202305090DEN,"May 9, 2023",DEN,6,6,2,7,35.29,43.6,-8.31,3,2,3,3,0,0,0,0,0,0,0,0,0,0,0,0,0,0,0,0,0,0,1,1
rosste01,T. Ross,PHX,202305090DEN,"May 9, 2023",DEN,9,4,0,4,75.0,112.5,-37.5,0,0,4,9,0,0,0,0,0,0,0,0,0,0,0,0,0,0,0,0,0,0,0,0
1628971,Bruce Brown,DEN,202305090DEN,"May 9, 2023",PHX,25,11,10,16,69.44,81.17,-11.73,7,10,4,6,5,9,0,0,0,0,0,0,0,0,0,0,0,0,0,0,0,0,0,0
1629111,Jock Landale,PHX,202305090DEN,"May 9, 2023",DEN,5,4,2,5,50.0,51.23,-1.23,4,4,0,0,1,1,0,0,0,0,0,0,0,0,0,0,0,0,0,0,0,0,0,0
201145,Jeff Green,DEN,202305090DEN,"May 9, 2023",PHX,4,4,0,4,40.0,50.0,-10.0,2,4,2,0,0,0,0,0,0,0,0,0,0,0,0,0,0,0,0,0,0,0,0,0
203933,T.J. Warren,PHX,202305090DEN,"May 9, 2023",DEN,4,7,0,7,25.0,28.57,-3.57,5,4,2,0,0,0,0,0,0,0,0,0,0,0,0,0,0,0,0,0,0,0,0,0
1631128,Christian Braun,DEN,202305090DEN,"May 9, 2023",PHX,5,3,2,4,62.5,64.43,-1.93,3,4,0,0,1,1,0,0,0,0,0,0,0,0,0,0,0,0,0,0,0,0,0,0
1628470,Torrey Craig,PHX,202305090DEN,"May 9, 2023",DEN,2,2,0,2,40.0,50.0,-10.0,1,2,1,0,0,0,0,0,0,0,0,0,0,0,0,0,0,0,0,0,0,0,0,0
1627814,Damion Lee,PHX,202305090DEN,"May 9, 2023",DEN,0,1,0,1,0.0,0.0,0.0,0,0,1,0,0,0,0,0,0,0,0,0,0,0,0,0,0,0,0,0,0,0,0,0
1630688,Ish Wainright,PHX,202305090DEN,"May 9, 2023",DEN,0,1,0,1,0.0,0.0,0.0,0,0,1,0,0,0,0,0,0,0,0,0,0,0,0,0,0,0,0,0,0,0,0,0
1631212,Peyton Watson,DEN,202305090DEN,"May 9, 2023",PHX,0,1,0,1,0.0,0.0,0.0,1,0,0,0,0,0,0,0,0,0,0,0,0,0,0,0,0,0,0,0,0,0,0,0
1628427,Vlatko Čančar,DEN,202305090DEN,"May 9, 2023",PHX,0,1,0,1,0.0,0.0,0.0,0,0,1,0,0,0,0,0,0,0,0,0,0,0,0,0,0,0,0,0,0,0,0,0
201567,Kevin Love,MIA,202305100NYK,"May 10, 2023",NYK,4,10,0,10,14.81,20.0,-5.19,3,4,7,0,0,0,0,0,0,0,0,0,0,0,0,0,0,0,0,0,0,0,0,0
203944,Julius Randle,NYK,202305100NYK,"May 10, 2023",MIA,24,13,10,18,55.81,68.97,-13.16,6,6,7,12,2,3,0,0,0,0,0,0,0,0,0,0,0,0,0,0,0,0,3,3
1629216,Gabe Vincent,MIA,202305100NYK,"May 10, 2023",NYK,6,10,0,10,26.09,30.0,-3.91,7,6,3,0,0,0,0,0,0,0,0,0,0,0,0,0,0,0,0,0,0,0,0,0
1628389,Bam Adebayo,MIA,202305100NYK,"May 10, 2023",NYK,18,11,4,13,66.67,70.53,-3.86,10,14,1,0,2,4,0,0,0,0,0,0,0,0,0,0,0,0,0,0,0,0,0,0
strusma01,M. Strus,MIA,202305100NYK,"May 10, 2023",NYK,14,11,0,11,43.75,63.64,-19.89,1,2,10,12,0,0,0,0,0,0,0,0,0,0,0,0,0,0,0,0,0,0,0,0
1629011,Mitchell Robinson,NYK,202305100NYK,"May 10, 2023",MIA,8,5,8,9,44.44,46.95,-2.51,5,4,0,0,1,0,0,0,0,0,0,0,0,0,0,0,0,0,0,0,0,0,3,4
1628973,Jalen Brunson,NYK,202305100NYK,"May 10, 2023",MIA,38,22,12,28,57.58,69.65,-12.07,11,14,10,12,4,7,0,0,1,3,0,0,0,0,0,0,0,0,0,0,1,1,1,1
1629656,Quentin Grimes,NYK,202305100NYK,"May 10, 2023",MIA,8,8,0,8,36.36,50.0,-13.64,2,2,6,6,0,0,0,0,0,0,0,0,0,0,0,0,0,0,0,0,0,0,0,0
202710,Jimmy Butler III,MIA,202305100NYK,"May 10, 2023",NYK,19,12,11,17,54.29,56.41,-2.12,12,10,0,0,4,7,0,0,0,0,0,0,0,0,1,2,0,0,0,0,0,0,0,0
1629628,RJ Barrett,NYK,202305100NYK,"May 10, 2023",MIA,26,17,8,21,52.0,63.35,-11.35,9,10,8,9,2,3,0,0,0,0,0,0,0,0,0,0,0,0,0,0,0,0,2,4
1628404,Josh Hart,NYK,202305100NYK,"May 10, 2023",MIA,2,2,0,2,40.0,50.0,-10.0,1,2,1,0,0,0,0,0,0,0,0,0,0,0,0,0,0,0,0,0,0,0,0,0
1628392,Isaiah Hartenstein,NYK,202305100NYK,"May 10, 2023",MIA,4,1,2,2,100.0,106.38,-6.38,1,2,0,0,1,2,0,0,0,0,0,0,0,0,0,0,0,0,0,0,0,0,0,0
200768,Kyle Lowry,MIA,202305100NYK,"May 10, 2023",NYK,9,11,1,11,29.03,39.34,-10.31,2,0,8,6,0,0,0,0,1,3,0,0,0,0,0,0,0,0,0,0,0,0,0,0
1628997,Caleb Martin,MIA,202305100NYK,"May 10, 2023",NYK,11,7,1,7,57.89,73.92,-16.03,2,2,4,6,0,0,0,0,1,3,0,0,0,0,0,0,0,0,0,0,0,0,0,0
203469,Cody Zeller,MIA,202305100NYK,"May 10, 2023",NYK,5,3,2,4,62.5,64.43,-1.93,3,4,0,0,0,0,0,0,0,0,0,0,0,0,0,0,0,0,0,0,0,0,1,1
1629130,Duncan Robinson,MIA,202305100NYK,"May 10, 2023",NYK,17,13,0,13,47.22,65.38,-18.16,3,2,10,15,0,0,0,0,0,0,0,0,0,0,0,0,0,0,0,0,0,0,0,0
1630167,Obi Toppin,NYK,202305100NYK,"May 10, 2023",MIA,2,3,0,3,25.0,33.33,-8.33,1,2,2,0,0,0,0,0,0,0,0,0,0,0,0,0,0,0,0,0,0,0,0,0
203110,Draymond Green,LAL,202305100GSW,"May 10, 2023",GSW,20,11,5,13,68.97,75.76,-6.79,8,10,2,3,2,4,0,0,1,3,0,0,0,0,0,0,0,0,0,0,0,0,0,0
203076,Anthony Davis,LAL,202305100GSW,"May 10, 2023",GSW,23,18,5,20,56.1,56.93,-0.83,17,18,0,0,2,2,0,0,1,3,0,0,0,0,0,0,0,0,0,0,0,0,0,0
202691,Klay Thompson,GSW,202305100GSW,"May 10, 2023",LAL,10,12,2,13,31.25,38.82,-7.57,6,2,6,6,1,2,0,0,0,0,0,0,0,0,0,0,0,0,0,0,0,0,0,0
1626156,D'Angelo Russell,LAL,202305100GSW,"May 10, 2023",GSW,15,10,2,11,62.5,68.93,-6.43,8,10,2,3,1,2,0,0,0,0,0,0,0,0,0,0,0,0,0,0,0,0,0,0
1627780,Gary Payton II,GSW,202305100GSW,"May 10, 2023",LAL,13,5,5,7,76.47,90.28,-13.81,2,4,2,3,2,3,0,0,1,3,0,0,0,0,0,0,0,0,0,0,0,0,0,0
2544,LeBron James,LAL,202305100GSW,"May 10, 2023",GSW,25,17,4,19,55.56,66.63,-11.07,10,12,7,9,2,4,0,0,0,0,0,0,0,0,0,0,0,0,0,0,0,0,0,0
203952,Andrew Wiggins,GSW,202305100GSW,"May 10, 2023",LAL,25,18,3,18,56.82,64.7,-7.88,10,10,5,6,0,0,0,0,3,9,0,0,0,0,0,0,0,0,0,0,0,0,0,0
1630559,Austin Reaves,LAL,202305100GSW,"May 10, 2023",GSW,15,12,2,13,46.88,58.23,-11.35,6,4,6,9,1,2,0,0,0,0,0,0,0,0,0,0,0,0,0,0,0,0,0,0
201939,Stephen Curry,GSW,202305100GSW,"May 10, 2023",LAL,27,24,0,24,45.76,56.25,-10.49,13,18,11,9,0,0,0,0,0,0,0,0,0,0,0,0,0,0,0,0,0,0,0,0
1629020,Jarred Vanderbilt,GSW,202305100GSW,"May 10, 2023",LAL,0,2,0,2,0.0,0.0,0.0,0,0,2,0,0,0,0,0,0,0,0,0,0,0,0,0,0,0,0,0,0,0,0,0
203471,Dennis Schröder,LAL,202305100GSW,"May 10, 2023",GSW,14,11,0,11,51.85,63.64,-11.79,6,8,5,6,0,0,0,0,0,0,0,0,0,0,0,0,0,0,0,0,0,0,0,0
1629060,Rui Hachimura,LAL,202305100GSW,"May 10, 2023",GSW,4,3,0,3,57.14,66.67,-9.53,2,4,1,0,0,0,0,0,0,0,0,0,0,0,0,0,0,0,0,0,0,0,0,0
1629673,Jordan Poole,GSW,202305100GSW,"May 10, 2023",LAL,11,14,0,14,32.35,39.29,-6.94,8,8,6,3,0,0,0,0,0,0,0,0,0,0,0,0,0,0,0,0,0,0,0,0
1626172,Kevon Looney,GSW,202305100GSW,"May 10, 2023",LAL,4,2,0,2,100.0,100.0,0.0,2,4,0,0,0,0,0,0,0,0,0,0,0,0,0,0,0,0,0,0,0,0,0,0
1629022,Lonnie Walker IV,LAL,202305100GSW,"May 10, 2023",GSW,4,6,0,6,28.57,33.33,-4.76,4,4,2,0,0,0,0,0,0,0,0,0,0,0,0,0,0,0,0,0,0,0,0,0
1630541,Moses Moody,GSW,202305100GSW,"May 10, 2023",LAL,6,3,0,3,75.0,100.0,-25.0,1,0,2,6,0,0,0,0,0,0,0,0,0,0,0,0,0,0,0,0,0,0,0,0
1628978,Donte DiVincenzo,GSW,202305100GSW,"May 10, 2023",LAL,0,1,0,1,0.0,0.0,0.0,1,0,0,0,0,0,0,0,0,0,0,0,0,0,0,0,0,0,0,0,0,0,0,0
1627736,Malik Beasley,LAL,202305100GSW,"May 10, 2023",GSW,3,2,0,2,50.0,75.0,-25.0,0,0,2,3,0,0,0,0,0,0,0,0,0,0,0,0,0,0,0,0,0,0,0,0
1628972,Troy Brown Jr.,LAL,202305100GSW,"May 10, 2023",GSW,2,3,0,3,33.33,33.33,0.0,3,2,0,0,0,0,0,0,0,0,0,0,0,0,0,0,0,0,0,0,0,0,0,0
1631108,Max Christie,LAL,202305100GSW,"May 10, 2023",GSW,0,1,0,1,0.0,0.0,0.0,1,0,0,0,0,0,0,0,0,0,0,0,0,0,0,0,0,0,0,0,0,0,0,0
1629117,Wenyen Gabriel,LAL,202305100GSW,"May 10, 2023",GSW,1,2,2,3,16.67,17.36,-0.69,2,0,0,0,0,0,0,0,0,0,0,0,0,0,0,0,0,0,0,0,0,0,1,1
1630228,Jonathan Kuminga,GSW,202305100GSW,"May 10, 2023",LAL,5,2,0,2,100.0,125.0,-25.0,1,2,1,3,0,0,0,0,0,0,0,0,0,0,0,0,0,0,0,0,0,0,0,0
201935,James Harden,PHI,202305110PHI,"May 11, 2023",BOS,13,16,5,18,30.23,35.71,-5.48,9,6,6,0,2,4,0,0,1,3,0,0,0,0,0,0,0,0,0,0,0,0,0,0
203935,Marcus Smart,BOS,202305110PHI,"May 11, 2023",PHI,22,15,4,17,52.38,65.63,-13.25,7,10,8,9,2,3,0,0,0,0,0,0,0,0,0,0,0,0,0,0,0,0,0,0
1630178,Tyrese Maxey,PHI,202305110PHI,"May 11, 2023",BOS,24,20,4,22,45.28,55.15,-9.87,11,12,9,9,2,3,0,0,0,0,0,0,0,0,0,0,0,0,0,0,0,0,0,0
1629057,Robert Williams III,PHI,202305110PHI,"May 11, 2023",BOS,10,7,2,8,62.5,63.45,-0.95,7,8,0,0,1,2,0,0,0,0,0,0,0,0,0,0,0,0,0,0,0,0,0,0
201143,Al Horford,BOS,202305110PHI,"May 11, 2023",PHI,2,5,0,5,16.67,20.0,-3.33,3,2,2,0,0,0,0,0,0,0,0,0,0,0,0,0,0,0,0,0,0,0,0,0
200782,P.J. Tucker,PHI,202305110PHI,"May 11, 2023",BOS,8,8,0,8,34.78,50.0,-15.22,1,2,7,6,0,0,0,0,0,0,0,0,0,0,0,0,0,0,0,0,0,0,0,0
1627759,Jaylen Brown,BOS,202305110PHI,"May 11, 2023",PHI,17,13,5,15,50.0,55.92,-5.92,9,8,3,3,2,3,0,0,1,3,0,0,0,0,0,0,0,0,0,0,0,0,0,0
203954,Joel Embiid,PHI,202305110PHI,"May 11, 2023",BOS,26,19,8,23,54.17,57.73,-3.56,17,18,2,0,4,8,0,0,0,0,0,0,0,0,0,0,0,0,0,0,0,0,0,0
tatumja01,J. Tatum,BOS,202305110PHI,"May 11, 2023",PHI,19,21,5,24,32.76,40.95,-8.19,10,2,11,12,2,4,0,0,0,0,0,0,0,0,0,0,0,0,0,0,0,0,1,1
202699,Tobias Harris,PHI,202305110PHI,"May 11, 2023",BOS,2,7,0,7,13.33,14.29,-0.96,6,2,1,0,0,0,0,0,0,0,0,0,0,0,0,0,0,0,0,0,0,0,0,0
1629001,De'Anthony Melton,PHI,202305110PHI,"May 11, 2023",BOS,0,5,0,5,0.0,0.0,0.0,1,0,4,0,0,0,0,0,0,0,0,0,0,0,0,0,0,0,0,0,0,0,0,0
1628401,Derrick White,BOS,202305110PHI,"May 11, 2023",PHI,9,6,0,6,52.94,75.0,-22.06,1,0,5,9,0,0,0,0,0,0,0,0,0,0,0,0,0,0,0,0,0,0,0,0
1627763,Malcolm Brogdon,BOS,202305110PHI,"May 11, 2023",PHI,16,11,0,11,57.14,72.73,-15.59,5,4,6,12,0,0,0,0,0,0,0,0,0,0,0,0,0,0,0,0,0,0,0,0
1627863,Danuel House Jr.,PHI,202305110PHI,"May 11, 2023",BOS,3,3,0,3,37.5,50.0,-12.5,1,0,2,3,0,0,0,0,0,0,0,0,0,0,0,0,0,0,0,0,0,0,0,0
1630194,Paul Reed,PHI,202305110PHI,"May 11, 2023",BOS,0,1,0,1,0.0,0.0,0.0,1,0,0,0,0,0,0,0,0,0,0,0,0,0,0,0,0,0,0,0,0,0,0,0
1627777,Georges Niang,PHI,202305110PHI,"May 11, 2023",BOS,6,3,0,3,66.67,100.0,-33.33,0,0,3,6,0,0,0,0,0,0,0,0,0,0,0,0,0,0,0,0,0,0,0,0
sprinja01,J. Springer,PHI,202305110PHI,"May 11, 2023",BOS,2,1,0,1,100.0,100.0,0.0,1,2,0,0,0,0,0,0,0,0,0,0,0,0,0,0,0,0,0,0,0,0,0,0
203484,Kentavious Caldwell-Pope,DEN,202305110PHO,"May 11, 2023",PHX,21,11,5,14,65.62,79.55,-13.93,6,10,5,6,1,2,0,0,0,0,0,0,0,0,0,0,0,0,0,0,1,1,1,2
1626166,Cameron Payne,PHX,202305110PHO,"May 11, 2023",DEN,31,16,3,17,70.45,89.49,-19.04,6,8,9,21,1,0,0,0,1,2,0,0,0,0,0,0,0,0,0,0,0,0,0,0
1629008,Michael Porter Jr.,DEN,202305110PHO,"May 11, 2023",PHX,10,10,2,11,38.46,45.96,-7.5,6,8,4,0,1,2,0,0,0,0,0,0,0,0,0,0,0,0,0,0,0,0,0,0
bookede01,D. Booker,PHX,202305110PHO,"May 11, 2023",DEN,12,13,4,15,36.36,40.65,-4.29,10,6,3,3,2,3,0,0,0,0,0,0,0,0,0,0,0,0,0,0,0,0,0,0
1627750,Jamal Murray,DEN,202305110PHO,"May 11, 2023",PHX,26,16,8,20,55.32,66.6,-11.28,9,6,7,12,1,2,0,0,0,0,0,0,0,0,0,0,0,0,0,0,0,0,3,6
1629013,Landry Shamet,PHX,202305110PHO,"May 11, 2023",DEN,9,11,0,11,29.03,40.91,-11.88,2,0,9,9,0,0,0,0,0,0,0,0,0,0,0,0,0,0,0,0,0,0,0,0
203932,Aaron Gordon,DEN,202305110PHO,"May 11, 2023",PHX,8,7,4,9,44.44,45.66,-1.22,7,6,0,0,1,0,0,0,0,0,0,0,0,0,0,0,0,0,0,0,0,0,1,2
201142,Kevin Durant,PHX,202305110PHO,"May 11, 2023",DEN,23,19,7,22,51.11,52.08,-0.97,18,14,0,0,3,6,0,0,1,3,0,0,0,0,0,0,0,0,0,0,0,0,0,0
1629111,Jock Landale,PHX,202305110PHO,"May 11, 2023",DEN,13,6,4,8,81.25,83.76,-2.51,6,10,0,0,2,3,0,0,0,0,0,0,0,0,0,0,0,0,0,0,0,0,0,0
203999,Nikola Jokić,DEN,202305110PHO,"May 11, 2023",PHX,32,18,6,21,74.42,77.52,-3.1,17,26,1,0,2,4,0,0,0,0,0,0,0,0,0,0,0,0,0,0,0,0,1,2
202687,Bismack Biyombo,PHX,202305110PHO,"May 11, 2023",DEN,2,1,2,2,50.0,53.19,-3.19,1,2,0,0,1,0,0,0,0,0,0,0,0,0,0,0,0,0,0,0,0,0,0,0
1628971,Bruce Brown,DEN,202305110PHO,"May 11, 2023",PHX,13,13,0,13,43.33,50.0,-6.67,9,10,4,3,0,0,0,0,0,0,0,0,0,0,0,0,0,0,0,0,0,0,0,0
rosste01,T. Ross,PHX,202305110PHO,"May 11, 2023",DEN,0,5,0,5,0.0,0.0,0.0,1,0,4,0,0,0,0,0,0,0,0,0,0,0,0,0,0,0,0,0,0,0,0,0
1631128,Christian Braun,DEN,202305110PHO,"May 11, 2023",PHX,4,2,2,3,66.67,69.44,-2.77,2,2,0,0,1,2,0,0,0,0,0,0,0,0,0,0,0,0,0,0,0,0,0,0
201145,Jeff Green,DEN,202305110PHO,"May 11, 2023",PHX,4,1,4,3,66.67,72.46,-5.79,1,0,0,0,1,2,0,0,0,0,0,0,0,0,0,0,0,0,0,0,0,0,1,2
1628470,Torrey Craig,PHX,202305110PHO,"May 11, 2023",DEN,4,3,0,3,57.14,66.67,-9.53,2,4,1,0,0,0,0,0,0,0,0,0,0,0,0,0,0,0,0,0,0,0,0,0
203933,T.J. Warren,PHX,202305110PHO,"May 11, 2023",DEN,0,1,0,1,0.0,0.0,0.0,0,0,1,0,0,0,0,0,0,0,0,0,0,0,0,0,0,0,0,0,0,0,0,0
1627814,Damion Lee,PHX,202305110PHO,"May 11, 2023",DEN,6,4,0,4,66.67,75.0,-8.33,3,6,1,0,0,0,0,0,0,0,0,0,0,0,0,0,0,0,0,0,0,0,0,0
202704,Reggie Jackson,DEN,202305110PHO,"May 11, 2023",PHX,3,1,0,1,100.0,150.0,-50.0,0,0,1,3,0,0,0,0,0,0,0,0,0,0,0,0,0,0,0,0,0,0,0,0
202397,Ish Smith,DEN,202305110PHO,"May 11, 2023",PHX,2,1,0,1,100.0,100.0,0.0,1,2,0,0,0,0,0,0,0,0,0,0,0,0,0,0,0,0,0,0,0,0,0,0
1631212,Peyton Watson,DEN,202305110PHO,"May 11, 2023",PHX,2,2,0,2,50.0,50.0,0.0,2,2,0,0,0,0,0,0,0,0,0,0,0,0,0,0,0,0,0,0,0,0,0,0
strusma01,M. Strus,MIA,202305120MIA,"May 12, 2023",NYK,14,11,6,14,41.18,51.32,-10.14,5,6,6,3,1,1,0,0,0,0,0,0,0,0,0,0,0,0,0,0,0,0,2,4
1629011,Mitchell Robinson,NYK,202305120MIA,"May 12, 2023",MIA,2,2,2,3,33.33,34.72,-1.39,2,0,0,0,0,0,0,0,0,0,0,0,0,0,0,0,0,0,0,0,0,0,1,2
203944,Julius Randle,NYK,202305120MIA,"May 12, 2023",MIA,15,14,9,18,34.09,41.76,-7.67,6,2,7,3,4,7,0,0,1,3,0,0,0,0,0,0,0,0,0,0,0,0,0,0
202710,Jimmy Butler III,MIA,202305120MIA,"May 12, 2023",NYK,24,22,11,27,41.38,44.71,-3.33,18,12,3,0,3,6,0,0,1,3,0,0,0,0,0,0,0,0,0,0,0,0,2,3
1629628,RJ Barrett,NYK,202305120MIA,"May 12, 2023",MIA,11,10,10,15,33.33,38.19,-4.86,7,2,3,0,4,8,0,0,0,0,0,0,0,0,0,0,0,0,0,0,0,0,1,1
201567,Kevin Love,NYK,202305120MIA,"May 12, 2023",MIA,3,1,0,1,100.0,150.0,-50.0,0,0,1,3,0,0,0,0,0,0,0,0,0,0,0,0,0,0,0,0,0,0,0,0
1628389,Bam Adebayo,MIA,202305120MIA,"May 12, 2023",NYK,23,20,5,22,51.11,51.8,-0.69,19,16,0,0,2,4,0,0,1,3,0,0,0,0,0,0,0,0,0,0,0,0,0,0
1629656,Quentin Grimes,NYK,202305120MIA,"May 12, 2023",MIA,3,6,0,6,16.67,25.0,-8.33,0,0,6,3,0,0,0,0,0,0,0,0,0,0,0,0,0,0,0,0,0,0,0,0
1628973,Jalen Brunson,NYK,202305120MIA,"May 12, 2023",MIA,41,22,9,27,65.08,78.97,-13.89,12,18,10,15,4,6,0,0,0,0,0,0,0,0,1,2,0,0,0,0,0,0,0,0
1629216,Gabe Vincent,NYK,202305120MIA,"May 12, 2023",MIA,7,8,0,8,33.33,43.75,-10.42,3,4,5,3,0,0,0,0,0,0,0,0,0,0,0,0,0,0,0,0,0,0,0,0
200768,Kyle Lowry,MIA,202305120MIA,"May 12, 2023",NYK,11,6,2,7,68.75,79.94,-11.19,4,6,2,3,0,0,0,0,0,0,0,0,0,0,0,0,0,0,0,0,0,0,1,2
1628392,Isaiah Hartenstein,NYK,202305120MIA,"May 12, 2023",MIA,2,2,0,2,50.0,50.0,0.0,2,2,0,0,0,0,0,0,0,0,0,0,0,0,0,0,0,0,0,0,0,0,0,0
1628997,Caleb Martin,MIA,202305120MIA,"May 12, 2023",NYK,8,7,1,7,44.44,53.76,-9.32,3,2,3,3,0,0,0,0,1,3,0,0,0,0,0,0,0,0,0,0,0,0,0,0
1628404,Josh Hart,NYK,202305120MIA,"May 12, 2023",MIA,11,10,0,10,45.83,55.0,-9.17,6,8,4,3,0,0,0,0,0,0,0,0,0,0,0,0,0,0,0,0,0,0,0,0
1629130,Duncan Robinson,MIA,202305120MIA,"May 12, 2023",NYK,6,7,0,7,28.57,42.86,-14.29,0,0,7,6,0,0,0,0,0,0,0,0,0,0,0,0,0,0,0,0,0,0,0,0
1630167,Obi Toppin,NYK,202305120MIA,"May 12, 2023",MIA,7,5,2,6,41.18,59.52,-18.34,0,0,5,6,1,1,0,0,0,0,0,0,0,0,0,0,0,0,0,0,0,0,0,0
2544,LeBron James,LAL,202305120LAL,"May 12, 2023",GSW,30,14,11,19,71.43,79.62,-8.19,10,14,3,6,3,4,0,0,1,3,0,0,0,0,0,0,0,0,0,0,0,0,2,3
1627780,Gary Payton II,GSW,202305120LAL,"May 12, 2023",LAL,4,3,0,3,57.14,66.67,-9.53,2,4,1,0,0,0,0,0,0,0,0,0,0,0,0,0,0,0,0,0,0,0,0,0
202691,Klay Thompson,GSW,202305120LAL,"May 12, 2023",LAL,8,19,0,19,16.0,21.05,-5.05,7,2,12,6,0,0,0,0,0,0,0,0,0,0,0,0,0,0,0,0,0,0,0,0
1626156,D'Angelo Russell,LAL,202305120LAL,"May 12, 2023",GSW,19,15,4,17,46.34,56.68,-10.34,8,10,7,6,2,3,0,0,0,0,0,0,0,0,0,0,0,0,0,0,0,0,0,0
203110,Draymond Green,GSW,202305120LAL,"May 12, 2023",LAL,9,8,0,8,47.37,56.25,-8.88,5,6,3,3,0,0,0,0,0,0,0,0,0,0,0,0,0,0,0,0,0,0,0,0
203076,Anthony Davis,LAL,202305120LAL,"May 12, 2023",GSW,17,9,10,14,60.71,63.43,-2.72,9,10,0,0,2,3,0,0,0,0,0,0,1,2,0,0,0,0,0,0,0,0,2,2
203952,Andrew Wiggins,GSW,202305120LAL,"May 12, 2023",LAL,6,8,4,10,26.09,30.74,-4.65,5,4,3,0,2,2,0,0,0,0,0,0,0,0,0,0,0,0,0,0,0,0,0,0
201939,Stephen Curry,GSW,202305120LAL,"May 12, 2023",LAL,32,28,6,30,42.11,52.22,-10.11,11,8,14,12,0,0,0,0,3,9,0,0,1,1,0,0,0,0,0,0,0,0,1,2
203471,Dennis Schröder,LAL,202305120LAL,"May 12, 2023",GSW,3,6,0,6,21.43,25.0,-3.57,4,0,2,3,0,0,0,0,0,0,0,0,0,0,0,0,0,0,0,0,0,0,0,0
1629673,Jordan Poole,GSW,202305120LAL,"May 12, 2023",LAL,7,10,1,10,29.17,33.52,-4.35,6,4,3,0,0,0,0,0,1,3,0,0,0,0,0,0,0,0,0,0,0,0,0,0
1630559,Austin Reaves,LAL,202305120LAL,"May 12, 2023",GSW,23,12,5,14,67.65,80.99,-13.34,6,4,5,12,1,2,0,0,1,3,0,0,0,0,0,0,0,0,0,0,0,0,1,2
1628978,Donte DiVincenzo,GSW,202305120LAL,"May 12, 2023",LAL,16,12,2,13,47.06,62.11,-15.05,4,4,8,12,1,0,0,0,0,0,0,0,0,0,0,0,0,0,0,0,0,0,0,0
1626172,Kevon Looney,GSW,202305120LAL,"May 12, 2023",LAL,9,7,1,7,60.0,60.48,-0.48,6,6,0,0,0,0,0,0,1,3,0,0,0,0,0,0,0,0,0,0,0,0,0,0
1630541,Moses Moody,GSW,202305120LAL,"May 12, 2023",LAL,6,5,0,5,46.15,60.0,-13.85,2,0,3,6,0,0,0,0,0,0,0,0,0,0,0,0,0,0,0,0,0,0,0,0
1629060,Rui Hachimura,LAL,202305120LAL,"May 12, 2023",GSW,9,5,6,8,52.94,58.9,-5.96,4,4,1,0,3,5,0,0,0,0,0,0,0,0,0,0,0,0,0,0,0,0,0,0
1629022,Lonnie Walker IV,LAL,202305120LAL,"May 12, 2023",GSW,13,8,4,10,52.0,66.6,-14.6,3,2,5,9,2,2,0,0,0,0,0,0,0,0,0,0,0,0,0,0,0,0,0,0
1629020,Jarred Vanderbilt,LAL,202305120LAL,"May 12, 2023",GSW,2,1,0,1,100.0,100.0,0.0,1,2,0,0,0,0,0,0,0,0,0,0,0,0,0,0,0,0,0,0,0,0,0,0
1631116,Patrick Baldwin Jr.,GSW,202305120LAL,"May 12, 2023",LAL,0,1,0,1,0.0,0.0,0.0,0,0,1,0,0,0,0,0,0,0,0,0,0,0,0,0,0,0,0,0,0,0,0,0
1630228,Jonathan Kuminga,GSW,202305120LAL,"May 12, 2023",LAL,2,1,0,1,100.0,100.0,0.0,1,2,0,0,0,0,0,0,0,0,0,0,0,0,0,0,0,0,0,0,0,0,0,0
lamban01,A. Lamb,GSW,202305120LAL,"May 12, 2023",LAL,2,1,0,1,100.0,100.0,0.0,1,2,0,0,0,0,0,0,0,0,0,0,0,0,0,0,0,0,0,0,0,0,0,0
1627736,Malik Beasley,LAL,202305120LAL,"May 12, 2023",GSW,3,1,0,1,100.0,150.0,-50.0,0,0,1,3,0,0,0,0,0,0,0,0,0,0,0,0,0,0,0,0,0,0,0,0
1628972,Troy Brown Jr.,LAL,202305120LAL,"May 12, 2023",GSW,2,2,0,2,40.0,50.0,-10.0,1,2,1,0,0,0,0,0,0,0,0,0,0,0,0,0,0,0,0,0,0,0,0,0
1627885,Shaquille Harrison,LAL,202305120LAL,"May 12, 2023",GSW,1,1,2,2,25.0,26.6,-1.6,1,0,0,0,1,1,0,0,0,0,0,0,0,0,0,0,0,0,0,0,0,0,0,0
1631108,Max Christie,LAL,202305120LAL,"May 12, 2023",GSW,0,1,0,1,0.0,0.0,0.0,0,0,1,0,0,0,0,0,0,0,0,0,0,0,0,0,0,0,0,0,0,0,0,0
1627759,Jaylen Brown,BOS,202305140BOS,"May 14, 2023",PHI,25,19,4,21,52.08,60.21,-8.13,13,12,6,9,1,2,0,0,0,0,0,0,0,0,1,2,0,0,0,0,0,0,0,0
201935,James Harden,PHI,202305140BOS,"May 14, 2023",BOS,9,11,2,12,31.03,37.88,-6.85,6,4,5,3,1,2,0,0,0,0,0,0,0,0,0,0,0,0,0,0,0,0,0,0
203935,Marcus Smart,BOS,202305140BOS,"May 14, 2023",PHI,7,7,0,7,41.18,50.0,-8.82,4,4,3,3,0,0,0,0,0,0,0,0,0,0,0,0,0,0,0,0,0,0,0,0
1629057,Robert Williams III,BOS,202305140BOS,"May 14, 2023",PHI,6,6,0,6,50.0,50.0,0.0,6,6,0,0,0,0,0,0,0,0,0,0,0,0,0,0,0,0,0,0,0,0,0,0
203954,Joel Embiid,PHI,202305140BOS,"May 14, 2023",BOS,15,18,6,20,32.61,36.34,-3.73,12,6,4,0,2,3,0,0,2,6,0,0,0,0,0,0,0,0,0,0,0,0,0,0
tatumja01,J. Tatum,BOS,202305140BOS,"May 14, 2023",PHI,51,28,14,35,63.75,74.65,-10.9,18,22,10,18,7,11,0,0,0,0,0,0,0,0,0,0,0,0,0,0,0,0,0,0
201143,Al Horford,BOS,202305140BOS,"May 14, 2023",PHI,6,6,0,6,35.29,50.0,-14.71,1,0,5,6,0,0,0,0,0,0,0,0,0,0,0,0,0,0,0,0,0,0,0,0
1630178,Tyrese Maxey,PHI,202305140BOS,"May 14, 2023",BOS,17,12,5,14,48.57,59.86,-11.29,6,6,6,6,1,2,0,0,0,0,0,0,0,0,1,3,0,0,0,0,0,0,0,0
202699,Tobias Harris,PHI,202305140BOS,"May 14, 2023",BOS,19,13,4,15,51.35,64.36,-13.01,6,12,7,3,2,4,0,0,0,0,0,0,0,0,0,0,0,0,0,0,0,0,0,0
200782,P.J. Tucker,PHI,202305140BOS,"May 14, 2023",BOS,11,7,0,7,55.0,78.57,-23.57,1,2,6,9,0,0,0,0,0,0,0,0,0,0,0,0,0,0,0,0,0,0,0,0
1629001,De'Anthony Melton,PHI,202305140BOS,"May 14, 2023",BOS,7,10,0,10,28.0,35.0,-7.0,5,4,5,3,0,0,0,0,0,0,0,0,0,0,0,0,0,0,0,0,0,0,0,0
1627763,Malcolm Brogdon,BOS,202305140BOS,"May 14, 2023",PHI,12,14,0,14,35.29,42.86,-7.57,8,6,6,6,0,0,0,0,0,0,0,0,0,0,0,0,0,0,0,0,0,0,0,0
1628401,Derrick White,BOS,202305140BOS,"May 14, 2023",PHI,3,4,0,4,30.0,37.5,-7.5,2,0,2,3,0,0,0,0,0,0,0,0,0,0,0,0,0,0,0,0,0,0,0,0
1627777,Georges Niang,PHI,202305140BOS,"May 14, 2023",BOS,0,1,0,1,0.0,0.0,0.0,0,0,1,0,0,0,0,0,0,0,0,0,0,0,0,0,0,0,0,0,0,0,0,0
1627863,Danuel House Jr.,PHI,202305140BOS,"May 14, 2023",BOS,4,5,0,5,33.33,40.0,-6.67,3,4,2,0,0,0,0,0,0,0,0,0,0,0,0,0,0,0,0,0,0,0,0,0
1630194,Paul Reed,PHI,202305140BOS,"May 14, 2023",BOS,2,2,2,3,33.33,34.72,-1.39,2,0,0,0,1,2,0,0,0,0,0,0,0,0,0,0,0,0,0,0,0,0,0,0
1627788,Furkan Korkmaz,PHI,202305140BOS,"May 14, 2023",BOS,0,1,0,1,0.0,0.0,0.0,1,0,0,0,0,0,0,0,0,0,0,0,0,0,0,0,0,0,0,0,0,0,0,0
1629003,Shake Milton,PHI,202305140BOS,"May 14, 2023",BOS,0,1,0,1,0.0,0.0,0.0,0,0,1,0,0,0,0,0,0,0,0,0,0,0,0,0,0,0,0,0,0,0,0,0
sprinja01,J. Springer,PHI,202305140BOS,"May 14, 2023",BOS,4,2,0,2,100.0,100.0,0.0,2,4,0,0,0,0,0,0,0,0,0,0,0,0,0,0,0,0,0,0,0,0,0,0
1630551,Justin Champagnie,BOS,202305140BOS,"May 14, 2023",PHI,2,2,0,2,40.0,50.0,-10.0,1,2,1,0,0,0,0,0,0,0,0,0,0,0,0,0,0,0,0,0,0,0,0,0
1630573,Sam Hauser,BOS,202305140BOS,"May 14, 2023",PHI,0,1,0,1,0.0,0.0,0.0,1,0,0,0,0,0,0,0,0,0,0,0,0,0,0,0,0,0,0,0,0,0,0,0
1630559,Austin Reaves,LAL,202305160DEN,"May 16, 2023",DEN,23,14,4,16,56.1,72.97,-16.87,5,4,9,15,1,2,0,0,0,0,0,0,0,0,0,0,0,0,0,0,0,0,1,2
2544,LeBron James,LAL,202305160DEN,"May 16, 2023",DEN,26,16,11,21,55.32,62.38,-7.06,11,16,4,0,4,5,0,0,1,3,0,0,0,0,0,0,0,0,0,0,0,0,1,2
1627750,Jamal Murray,DEN,202305160DEN,"May 16, 2023",LAL,31,20,3,22,60.78,72.7,-11.92,12,16,8,12,0,0,0,0,0,0,0,0,0,0,0,0,0,0,0,0,1,1,1,2
203932,Aaron Gordon,DEN,202305160DEN,"May 16, 2023",LAL,12,9,8,13,41.38,47.92,-6.54,6,8,3,0,2,2,0,0,0,0,0,0,0,0,0,0,0,0,0,0,0,0,2,2
1626156,D'Angelo Russell,LAL,202305160DEN,"May 16, 2023",DEN,8,11,0,11,32.0,36.36,-4.36,8,8,3,0,0,0,0,0,0,0,0,0,0,0,0,0,0,0,0,0,0,0,0,0
1629008,Michael Porter Jr.,DEN,202305160DEN,"May 16, 2023",LAL,15,12,0,12,50.0,62.5,-12.5,6,6,6,9,0,0,0,0,0,0,0,0,0,0,0,0,0,0,0,0,0,0,0,0
203484,Kentavious Caldwell-Pope,DEN,202305160DEN,"May 16, 2023",LAL,21,17,0,17,50.0,61.76,-11.76,9,12,8,9,0,0,0,0,0,0,0,0,0,0,0,0,0,0,0,0,0,0,0,0
203076,Anthony Davis,LAL,202305160DEN,"May 16, 2023",DEN,40,23,11,28,68.97,71.84,-2.87,21,24,1,3,4,8,0,0,1,3,0,0,0,0,0,0,0,0,0,0,0,0,1,2
203999,Nikola Jokić,DEN,202305160DEN,"May 16, 2023",LAL,34,17,8,21,75.56,82.85,-7.29,14,18,3,9,1,2,0,0,0,0,0,0,0,0,0,0,0,0,0,0,0,0,3,5
203471,Dennis Schröder,LAL,202305160DEN,"May 16, 2023",DEN,6,3,0,3,75.0,100.0,-25.0,1,0,2,6,0,0,0,0,0,0,0,0,0,0,0,0,0,0,0,0,0,0,0,0
1629060,Rui Hachimura,LAL,202305160DEN,"May 16, 2023",DEN,17,11,0,11,73.91,77.27,-3.36,10,14,1,3,0,0,0,0,0,0,0,0,0,0,0,0,0,0,0,0,0,0,0,0
1629022,Lonnie Walker IV,LAL,202305160DEN,"May 16, 2023",DEN,6,6,0,6,37.5,50.0,-12.5,2,0,4,6,0,0,0,0,0,0,0,0,0,0,0,0,0,0,0,0,0,0,0,0
1628971,Bruce Brown,DEN,202305160DEN,"May 16, 2023",LAL,16,11,3,12,61.54,64.94,-3.4,9,8,1,3,1,2,0,0,1,3,0,0,0,0,0,0,0,0,0,0,0,0,0,0
1631128,Christian Braun,DEN,202305160DEN,"May 16, 2023",LAL,0,2,0,2,0.0,0.0,0.0,0,0,2,0,0,0,0,0,0,0,0,0,0,0,0,0,0,0,0,0,0,0,0,0
201145,Jeff Green,DEN,202305160DEN,"May 16, 2023",LAL,3,3,0,3,42.86,50.0,-7.14,2,0,1,3,0,0,0,0,0,0,0,0,0,0,0,0,0,0,0,0,0,0,0,0
1627759,Jaylen Brown,BOS,202305170BOS,"May 17, 2023",MIA,22,21,2,21,44.0,50.27,-6.27,13,14,6,3,0,0,0,0,2,5,0,0,0,0,0,0,0,0,0,0,0,0,0,0
1629057,Robert Williams III,BOS,202305170BOS,"May 17, 2023",MIA,14,6,3,7,93.33,95.63,-2.3,5,10,0,0,1,1,0,0,1,3,0,0,0,0,0,0,0,0,0,0,0,0,0,0
tatumja01,J. Tatum,BOS,202305170BOS,"May 17, 2023",MIA,30,17,11,22,62.5,68.68,-6.18,13,14,3,3,4,8,0,0,1,3,0,0,0,0,0,0,0,0,0,0,0,0,1,2
202710,Jimmy Butler III,MIA,202305170BOS,"May 17, 2023",BOS,35,25,10,29,54.69,59.52,-4.83,19,16,4,6,2,4,0,0,2,6,0,0,0,0,0,0,0,0,0,0,0,0,2,3
201567,Kevin Love,MIA,202305170BOS,"May 17, 2023",BOS,8,4,0,4,72.73,100.0,-27.27,1,2,3,6,0,0,0,0,0,0,0,0,0,0,0,0,0,0,0,0,0,0,0,0
201143,Al Horford,BOS,202305170BOS,"May 17, 2023",MIA,7,8,0,8,33.33,43.75,-10.42,3,4,5,3,0,0,0,0,0,0,0,0,0,0,0,0,0,0,0,0,0,0,0,0
1628389,Bam Adebayo,MIA,202305170BOS,"May 17, 2023",BOS,20,13,5,15,64.52,65.79,-1.27,12,16,0,0,2,2,0,0,1,2,0,0,0,0,0,0,0,0,0,0,0,0,0,0
203935,Marcus Smart,BOS,202305170BOS,"May 17, 2023",MIA,13,7,8,11,50.0,61.79,-11.79,3,2,4,6,3,4,0,0,0,0,0,0,0,0,0,0,0,0,0,0,0,0,1,1
1629216,Gabe Vincent,MIA,202305170BOS,"May 17, 2023",BOS,15,6,4,8,71.43,96.65,-25.22,1,2,5,9,1,2,0,0,0,0,0,0,0,0,0,0,0,0,0,0,0,0,1,2
1627763,Malcolm Brogdon,BOS,202305170BOS,"May 17, 2023",MIA,19,14,5,16,51.35,58.64,-7.29,9,8,4,6,2,3,0,0,1,2,0,0,0,0,0,0,0,0,0,0,0,0,0,0
1628997,Caleb Martin,MIA,202305170BOS,"May 17, 2023",BOS,15,11,0,11,51.72,68.18,-16.46,4,6,7,9,0,0,0,0,0,0,0,0,0,0,0,0,0,0,0,0,0,0,0,0
1628401,Derrick White,BOS,202305170BOS,"May 17, 2023",MIA,11,6,0,6,64.71,91.67,-26.96,1,2,5,9,0,0,0,0,0,0,0,0,0,0,0,0,0,0,0,0,0,0,0,0
200768,Kyle Lowry,MIA,202305170BOS,"May 17, 2023",BOS,15,12,0,12,51.72,62.5,-10.78,7,6,5,9,0,0,0,0,0,0,0,0,0,0,0,0,0,0,0,0,0,0,0,0
203469,Cody Zeller,MIA,202305170BOS,"May 17, 2023",BOS,0,2,0,2,0.0,0.0,0.0,2,0,0,0,0,0,0,0,0,0,0,0,0,0,0,0,0,0,0,0,0,0,0,0
1630202,Payton Pritchard,BOS,202305170BOS,"May 17, 2023",MIA,0,2,0,2,0.0,0.0,0.0,0,0,2,0,0,0,0,0,0,0,0,0,0,0,0,0,0,0,0,0,0,0,0,0
1629130,Duncan Robinson,MIA,202305170BOS,"May 17, 2023",BOS,0,2,0,2,0.0,0.0,0.0,0,0,2,0,0,0,0,0,0,0,0,0,0,0,0,0,0,0,0,0,0,0,0,0
strusma01,M. Strus,MIA,202305170BOS,"May 17, 2023",BOS,15,10,0,10,60.0,75.0,-15.0,5,6,5,9,0,0,0,0,0,0,0,0,0,0,0,0,0,0,0,0,0,0,0,0
203484,Kentavious Caldwell-Pope,DEN,202305180DEN,"May 18, 2023",LAL,8,8,0,8,38.1,50.0,-11.9,3,2,5,6,0,0,0,0,0,0,0,0,0,0,0,0,0,0,0,0,0,0,0,0
1629020,Jarred Vanderbilt,LAL,202305180DEN,"May 18, 2023",DEN,4,2,2,3,66.67,69.44,-2.77,2,2,0,0,1,2,0,0,0,0,0,0,0,0,0,0,0,0,0,0,0,0,0,0
1627750,Jamal Murray,DEN,202305180DEN,"May 18, 2023",LAL,37,24,10,29,51.39,65.14,-13.75,10,10,14,18,1,2,0,0,0,0,0,0,0,0,1,2,0,0,0,0,0,0,3,5
2544,LeBron James,LAL,202305180DEN,"May 18, 2023",DEN,22,19,4,21,45.83,52.99,-7.16,13,18,6,0,2,4,0,0,0,0,0,0,0,0,0,0,0,0,0,0,0,0,0,0
1630559,Austin Reaves,LAL,202305180DEN,"May 18, 2023",DEN,22,16,1,17,52.38,66.91,-14.53,7,6,9,15,0,0,0,0,0,0,0,0,1,1,0,0,0,0,0,0,0,0,0,0
1629008,Michael Porter Jr.,DEN,202305180DEN,"May 18, 2023",LAL,16,10,2,11,55.17,73.53,-18.36,3,2,7,12,1,2,0,0,0,0,0,0,0,0,0,0,0,0,0,0,0,0,0,0
203076,Anthony Davis,LAL,202305180DEN,"May 18, 2023",DEN,18,15,11,20,40.91,45.36,-4.45,11,4,3,3,4,7,0,0,1,3,0,0,0,0,0,0,0,0,0,0,0,0,1,1
203932,Aaron Gordon,DEN,202305180DEN,"May 18, 2023",LAL,10,9,0,9,50.0,55.56,-5.56,7,10,2,0,0,0,0,0,0,0,0,0,0,0,0,0,0,0,0,0,0,0,0,0
1626156,D'Angelo Russell,LAL,202305180DEN,"May 18, 2023",DEN,10,8,4,10,40.0,51.23,-11.23,3,4,5,3,2,3,0,0,0,0,0,0,0,0,0,0,0,0,0,0,0,0,0,0
1628971,Bruce Brown,DEN,202305180DEN,"May 18, 2023",LAL,12,11,0,11,46.15,54.55,-8.4,7,6,4,6,0,0,0,0,0,0,0,0,0,0,0,0,0,0,0,0,0,0,0,0
203999,Nikola Jokić,DEN,202305180DEN,"May 18, 2023",LAL,23,21,6,23,45.1,48.65,-3.55,16,14,3,0,2,3,0,0,2,6,0,0,0,0,0,0,0,0,0,0,0,0,0,0
1631128,Christian Braun,DEN,202305180DEN,"May 18, 2023",LAL,0,2,0,2,0.0,0.0,0.0,1,0,1,0,0,0,0,0,0,0,0,0,0,0,0,0,0,0,0,0,0,0,0,0
203471,Dennis Schröder,LAL,202305180DEN,"May 18, 2023",DEN,4,9,0,9,19.05,22.22,-3.17,6,4,3,0,0,0,0,0,0,0,0,0,0,0,0,0,0,0,0,0,0,0,0,0
1629060,Rui Hachimura,LAL,202305180DEN,"May 18, 2023",DEN,21,10,4,12,80.77,89.29,-8.52,8,14,2,3,2,4,0,0,0,0,0,0,0,0,0,0,0,0,0,0,0,0,0,0
1629022,Lonnie Walker IV,LAL,202305180DEN,"May 18, 2023",DEN,2,3,0,3,25.0,33.33,-8.33,1,2,2,0,0,0,0,0,0,0,0,0,0,0,0,0,0,0,0,0,0,0,0,0
201145,Jeff Green,DEN,202305180DEN,"May 18, 2023",LAL,2,4,0,4,20.0,25.0,-5.0,2,2,2,0,0,0,0,0,0,0,0,0,0,0,0,0,0,0,0,0,0,0,0,0
203935,Marcus Smart,BOS,202305190BOS,"May 19, 2023",MIA,7,5,2,6,46.67,59.52,-12.85,2,2,3,3,1,2,0,0,0,0,0,0,0,0,0,0,0,0,0,0,0,0,0,0
1628389,Bam Adebayo,MIA,202305190BOS,"May 19, 2023",BOS,22,17,8,21,52.38,53.61,-1.23,17,14,0,0,4,8,0,0,0,0,0,0,0,0,0,0,0,0,0,0,0,0,0,0
201567,Kevin Love,MIA,202305190BOS,"May 19, 2023",BOS,0,3,0,3,0.0,0.0,0.0,3,0,0,0,0,0,0,0,0,0,0,0,0,0,0,0,0,0,0,0,0,0,0,0
201143,Al Horford,MIA,202305190BOS,"May 19, 2023",BOS,2,5,0,5,15.38,20.0,-4.62,2,2,3,0,0,0,0,0,0,0,0,0,0,0,0,0,0,0,0,0,0,0,0,0
1629216,Gabe Vincent,MIA,202305190BOS,"May 19, 2023",BOS,9,8,4,10,37.5,46.11,-8.61,4,2,4,3,1,2,0,0,0,0,0,0,0,0,0,0,0,0,0,0,0,0,1,2
strusma01,M. Strus,MIA,202305190BOS,"May 19, 2023",BOS,11,6,4,8,52.38,70.88,-18.5,1,2,5,6,0,0,0,0,0,0,0,0,0,0,0,0,0,0,0,0,0,0,2,3
1627759,Jaylen Brown,BOS,202305190BOS,"May 19, 2023",MIA,16,23,2,24,29.09,33.5,-4.41,16,12,7,3,1,1,0,0,0,0,0,0,0,0,0,0,0,0,0,0,0,0,0,0
1629057,Robert Williams III,MIA,202305190BOS,"May 19, 2023",BOS,13,5,4,6,92.86,96.15,-3.29,3,6,0,0,1,2,0,0,2,5,0,0,0,0,0,0,0,0,0,0,0,0,0,0
tatumja01,J. Tatum,BOS,202305190BOS,"May 19, 2023",MIA,34,20,12,25,54.84,67.25,-12.41,10,14,10,9,2,4,2,5,0,0,0,0,0,0,0,0,0,0,0,0,0,0,1,2
202710,Jimmy Butler III,MIA,202305190BOS,"May 19, 2023",BOS,27,25,3,27,50.0,51.29,-1.29,24,24,1,0,1,2,0,0,0,0,0,0,1,1,0,0,0,0,0,0,0,0,0,0
1628401,Derrick White,BOS,202305190BOS,"May 19, 2023",MIA,11,6,0,6,64.71,91.67,-26.96,1,2,5,9,0,0,0,0,0,0,0,0,0,0,0,0,0,0,0,0,0,0,0,0
200768,Kyle Lowry,MIA,202305190BOS,"May 19, 2023",BOS,0,5,0,5,0.0,0.0,0.0,2,0,3,0,0,0,0,0,0,0,0,0,0,0,0,0,0,0,0,0,0,0,0,0
1628997,Caleb Martin,MIA,202305190BOS,"May 19, 2023",BOS,25,16,0,16,64.1,78.12,-14.02,9,16,7,9,0,0,0,0,0,0,0,0,0,0,0,0,0,0,0,0,0,0,0,0
203469,Cody Zeller,MIA,202305190BOS,"May 19, 2023",BOS,2,3,0,3,33.33,33.33,0.0,3,2,0,0,0,0,0,0,0,0,0,0,0,0,0,0,0,0,0,0,0,0,0,0
1627763,Malcolm Brogdon,BOS,202305190BOS,"May 19, 2023",MIA,13,9,4,11,48.15,60.41,-12.26,4,6,5,3,1,2,0,0,0,0,0,0,0,0,0,0,0,0,0,0,0,0,1,2
1629684,Grant Williams,BOS,202305190BOS,"May 19, 2023",MIA,9,6,0,6,64.29,75.0,-10.71,4,6,2,3,0,0,0,0,0,0,0,0,0,0,0,0,0,0,0,0,0,0,0,0
1629130,Duncan Robinson,MIA,202305190BOS,"May 19, 2023",BOS,15,9,0,9,62.5,83.33,-20.83,3,6,6,9,0,0,0,0,0,0,0,0,0,0,0,0,0,0,0,0,0,0,0,0
203484,Kentavious Caldwell-Pope,DEN,202305200LAL,"May 20, 2023",LAL,17,10,2,11,58.62,78.12,-19.5,3,4,7,12,1,1,0,0,0,0,0,0,0,0,0,0,0,0,0,0,0,0,0,0
203076,Anthony Davis,LAL,202305200LAL,"May 20, 2023",DEN,28,18,8,22,63.64,65.06,-1.42,18,22,0,0,4,6,0,0,0,0,0,0,0,0,0,0,0,0,0,0,0,0,0,0
1627750,Jamal Murray,DEN,202305200LAL,"May 20, 2023",LAL,37,29,2,30,52.11,61.91,-9.8,18,20,11,15,0,0,0,0,0,0,0,0,0,0,0,0,0,0,0,0,0,0,1,2
203999,Nikola Jokić,DEN,202305200LAL,"May 20, 2023",LAL,24,19,7,22,48.0,54.35,-6.35,13,12,5,6,1,0,0,0,1,3,0,0,0,0,0,0,0,0,0,0,0,0,2,3
1630559,Austin Reaves,LAL,202305200LAL,"May 20, 2023",DEN,23,10,6,13,74.19,90.98,-16.79,5,8,5,9,2,4,0,0,0,0,0,0,0,0,0,0,0,0,0,0,0,0,1,2
1626156,D'Angelo Russell,LAL,202305200LAL,"May 20, 2023",DEN,3,8,0,8,13.64,18.75,-5.11,2,0,6,3,0,0,0,0,0,0,0,0,0,0,0,0,0,0,0,0,0,0,0,0
1629008,Michael Porter Jr.,DEN,202305200LAL,"May 20, 2023",LAL,14,11,2,12,41.18,58.92,-17.74,1,0,10,12,1,2,0,0,0,0,0,0,0,0,0,0,0,0,0,0,0,0,0,0
1629020,Jarred Vanderbilt,DEN,202305200LAL,"May 20, 2023",LAL,2,4,0,4,22.22,25.0,-2.78,3,2,1,0,0,0,0,0,0,0,0,0,0,0,0,0,0,0,0,0,0,0,0,0
203932,Aaron Gordon,DEN,202305200LAL,"May 20, 2023",LAL,7,5,4,7,46.67,51.78,-5.11,4,4,1,0,2,3,0,0,0,0,0,0,0,0,0,0,0,0,0,0,0,0,0,0
2544,LeBron James,DEN,202305200LAL,"May 20, 2023",LAL,23,19,7,22,42.59,52.08,-9.49,9,8,9,9,3,4,0,0,1,2,0,0,0,0,0,0,0,0,0,0,0,0,0,0
203471,Dennis Schröder,LAL,202305200LAL,"May 20, 2023",DEN,5,5,2,6,35.71,42.52,-6.81,3,4,2,0,1,1,0,0,0,0,0,0,0,0,0,0,0,0,0,0,0,0,0,0
1628971,Bruce Brown,DEN,202305200LAL,"May 20, 2023",LAL,15,11,2,12,51.72,63.13,-11.41,6,10,5,3,1,2,0,0,0,0,0,0,0,0,0,0,0,0,0,0,0,0,0,0
1629060,Rui Hachimura,LAL,202305200LAL,"May 20, 2023",DEN,13,12,2,13,44.83,50.47,-5.64,9,8,3,3,1,2,0,0,0,0,0,0,0,0,0,0,0,0,0,0,0,0,0,0
201145,Jeff Green,DEN,202305200LAL,"May 20, 2023",LAL,5,3,0,3,62.5,83.33,-20.83,1,2,2,3,0,0,0,0,0,0,0,0,0,0,0,0,0,0,0,0,0,0,0,0
1629022,Lonnie Walker IV,LAL,202305200LAL,"May 20, 2023",DEN,9,5,4,7,50.0,66.57,-16.57,1,0,4,6,2,3,0,0,0,0,0,0,0,0,0,0,0,0,0,0,0,0,0,0
1627736,Malik Beasley,LAL,202305200LAL,"May 20, 2023",DEN,0,1,0,1,0.0,0.0,0.0,0,0,1,0,0,0,0,0,0,0,0,0,0,0,0,0,0,0,0,0,0,0,0,0
1628972,Troy Brown Jr.,LAL,202305200LAL,"May 20, 2023",DEN,2,2,0,2,40.0,50.0,-10.0,1,2,1,0,0,0,0,0,0,0,0,0,0,0,0,0,0,0,0,0,0,0,0,0
1628401,Derrick White,BOS,202305210MIA,"May 21, 2023",MIA,9,9,0,9,37.5,50.0,-12.5,3,0,6,9,0,0,0,0,0,0,0,0,0,0,0,0,0,0,0,0,0,0,0,0
202710,Jimmy Butler III,MIA,202305210MIA,"May 21, 2023",BOS,16,13,7,16,47.06,49.75,-2.69,10,6,1,0,2,4,0,0,2,5,0,0,1,1,0,0,0,0,0,0,0,0,0,0
201567,Kevin Love,MIA,202305210MIA,"May 21, 2023",BOS,5,3,0,3,71.43,83.33,-11.9,2,2,1,3,0,0,0,0,0,0,0,0,0,0,0,0,0,0,0,0,0,0,0,0
1627759,Jaylen Brown,BOS,202305210MIA,"May 21, 2023",MIA,12,17,0,17,29.27,35.29,-6.02,10,12,7,0,0,0,0,0,0,0,0,0,0,0,0,0,0,0,0,0,0,0,0,0
tatumja01,J. Tatum,BOS,202305210MIA,"May 21, 2023",MIA,14,18,1,19,31.82,37.96,-6.14,11,10,7,3,0,0,0,0,0,0,0,0,1,1,0,0,0,0,0,0,0,0,0,0
1628389,Bam Adebayo,MIA,202305210MIA,"May 21, 2023",BOS,13,5,6,8,81.25,85.08,-3.83,5,8,0,0,2,3,0,0,0,0,0,0,0,0,0,0,0,0,0,0,0,0,1,2
strusma01,M. Strus,MIA,202305210MIA,"May 21, 2023",BOS,10,9,2,10,35.71,50.61,-14.9,1,2,8,6,0,0,0,0,0,0,0,0,0,0,0,0,0,0,0,0,0,0,1,2
201143,Al Horford,BOS,202305210MIA,"May 21, 2023",MIA,8,6,0,6,47.06,66.67,-19.61,1,2,5,6,0,0,0,0,0,0,0,0,0,0,0,0,0,0,0,0,0,0,0,0
1628997,Caleb Martin,MIA,202305210MIA,"May 21, 2023",BOS,18,11,0,11,62.07,81.82,-19.75,4,6,7,12,0,0,0,0,0,0,0,0,0,0,0,0,0,0,0,0,0,0,0,0
1629216,Gabe Vincent,MIA,202305210MIA,"May 21, 2023",BOS,29,14,1,14,76.32,100.42,-24.1,4,8,9,18,0,0,0,0,1,3,0,0,0,0,0,0,0,0,0,0,0,0,0,0
1627763,Malcolm Brogdon,BOS,202305210MIA,"May 21, 2023",MIA,0,6,0,6,0.0,0.0,0.0,3,0,3,0,0,0,0,0,0,0,0,0,0,0,0,0,0,0,0,0,0,0,0,0
1629057,Robert Williams III,BOS,202305210MIA,"May 21, 2023",MIA,8,8,1,8,47.06,47.39,-0.33,7,6,0,0,0,0,0,0,1,2,0,0,0,0,0,0,0,0,0,0,0,0,0,0
1629684,Grant Williams,BOS,202305210MIA,"May 21, 2023",MIA,12,7,0,7,70.59,85.71,-15.12,4,6,3,6,0,0,0,0,0,0,0,0,0,0,0,0,0,0,0,0,0,0,0,0
200768,Kyle Lowry,MIA,202305210MIA,"May 21, 2023",BOS,7,6,0,6,50.0,58.33,-8.33,4,4,2,3,0,0,0,0,0,0,0,0,0,0,0,0,0,0,0,0,0,0,0,0
203469,Cody Zeller,MIA,202305210MIA,"May 21, 2023",BOS,4,4,2,5,40.0,40.98,-0.98,4,4,0,0,1,0,0,0,0,0,0,0,0,0,0,0,0,0,0,0,0,0,0,0
1629130,Duncan Robinson,MIA,202305210MIA,"May 21, 2023",BOS,22,11,3,12,68.75,89.29,-20.54,4,4,7,15,0,0,1,3,0,0,0,0,0,0,0,0,0,0,0,0,0,0,0,0
203935,Marcus Smart,BOS,202305210MIA,"May 21, 2023",MIA,8,8,5,10,33.33,39.22,-5.89,4,2,3,0,2,3,0,0,1,3,0,0,0,0,0,0,0,0,0,0,0,0,0,0
1628436,Luke Kornet,BOS,202305210MIA,"May 21, 2023",MIA,11,5,2,6,84.62,93.54,-8.92,4,6,1,3,0,0,0,0,0,0,0,0,0,0,0,0,0,0,0,0,0,0,1,2
1630202,Payton Pritchard,BOS,202305210MIA,"May 21, 2023",MIA,12,8,2,8,60.0,67.57,-7.57,4,4,2,3,0,0,0,0,2,5,0,0,0,0,0,0,0,0,0,0,0,0,0,0
1630573,Sam Hauser,BOS,202305210MIA,"May 21, 2023",MIA,5,4,2,5,38.46,51.23,-12.77,1,0,3,3,1,2,0,0,0,0,0,0,0,0,0,0,0,0,0,0,0,0,0,0
203488,Mike Muscala,BOS,202305210MIA,"May 21, 2023",MIA,3,2,4,4,30.0,39.89,-9.89,0,0,2,0,1,2,0,0,0,0,0,0,0,0,0,0,0,0,0,0,0,0,1,1
1631107,Nikola Jović,MIA,202305210MIA,"May 21, 2023",BOS,2,1,0,1,100.0,100.0,0.0,1,2,0,0,0,0,0,0,0,0,0,0,0,0,0,0,0,0,0,0,0,0,0,0
1630209,Omer Yurtseven,MIA,202305210MIA,"May 21, 2023",BOS,2,4,0,4,25.0,25.0,0.0,4,2,0,0,0,0,0,0,0,0,0,0,0,0,0,0,0,0,0,0,0,0,0,0
1630559,Austin Reaves,LAL,202305220LAL,"May 22, 2023",DEN,17,11,4,13,60.71,66.61,-5.9,8,8,2,3,1,2,0,0,1,3,0,0,1,1,0,0,0,0,0,0,0,0,0,0
1629008,Michael Porter Jr.,DEN,202305220LAL,"May 22, 2023",LAL,15,16,2,17,34.09,44.43,-10.34,6,4,10,9,1,2,0,0,0,0,0,0,0,0,0,0,0,0,0,0,0,0,0,0
203076,Anthony Davis,LAL,202305220LAL,"May 22, 2023",DEN,21,15,10,20,52.5,54.12,-1.62,15,12,0,0,2,3,0,0,0,0,0,0,0,0,0,0,0,0,0,0,0,0,3,6
203484,Kentavious Caldwell-Pope,DEN,202305220LAL,"May 22, 2023",LAL,13,10,2,10,44.83,59.74,-14.91,2,0,6,6,0,0,0,0,1,3,1,4,0,0,0,0,0,0,0,0,0,0,0,0
2544,LeBron James,LAL,202305220LAL,"May 22, 2023",DEN,40,25,7,28,62.5,71.23,-8.73,17,20,7,12,2,3,0,0,1,3,0,0,0,0,0,0,0,0,0,0,0,0,1,2
203932,Aaron Gordon,DEN,202305220LAL,"May 22, 2023",LAL,22,14,3,15,61.11,71.8,-10.69,8,10,5,9,1,1,0,0,1,2,0,0,0,0,0,0,0,0,0,0,0,0,0,0
1629060,Rui Hachimura,LAL,202305220LAL,"May 22, 2023",DEN,10,12,4,14,32.26,36.34,-4.08,9,6,3,0,2,4,0,0,0,0,0,0,0,0,0,0,0,0,0,0,0,0,0,0
1627750,Jamal Murray,DEN,202305220LAL,"May 22, 2023",LAL,25,18,5,21,55.56,61.88,-6.32,14,20,4,0,0,0,1,3,0,0,0,0,2,2,0,0,0,0,0,0,0,0,0,0
203471,Dennis Schröder,LAL,202305220LAL,"May 22, 2023",DEN,13,13,0,13,40.62,50.0,-9.38,7,4,6,9,0,0,0,0,0,0,0,0,0,0,0,0,0,0,0,0,0,0,0,0
203999,Nikola Jokić,DEN,202305220LAL,"May 22, 2023",LAL,30,24,6,26,50.0,56.31,-6.31,17,14,6,9,1,1,1,3,1,3,0,0,0,0,0,0,0,0,0,0,0,0,0,0
1628971,Bruce Brown,DEN,202305220LAL,"May 22, 2023",LAL,6,3,2,4,66.67,77.32,-10.65,2,4,1,0,1,2,0,0,0,0,0,0,0,0,0,0,0,0,0,0,0,0,0,0
1626156,D'Angelo Russell,LAL,202305220LAL,"May 22, 2023",DEN,4,4,0,4,44.44,50.0,-5.56,3,4,1,0,0,0,0,0,0,0,0,0,0,0,0,0,0,0,0,0,0,0,0,0
1629022,Lonnie Walker IV,LAL,202305220LAL,"May 22, 2023",DEN,2,2,0,2,40.0,50.0,-10.0,1,2,1,0,0,0,0,0,0,0,0,0,0,0,0,0,0,0,0,0,0,0,0,0
201145,Jeff Green,DEN,202305220LAL,"May 22, 2023",LAL,2,0,2,1,100.0,113.64,-13.64,0,0,0,0,0,0,0,0,0,0,0,0,0,0,0,0,0,0,0,0,0,0,1,2
thomptr01,T. Thompson,LAL,202305220LAL,"May 22, 2023",DEN,4,4,1,4,44.44,45.05,-0.61,3,2,0,0,0,0,0,0,1,2,0,0,0,0,0,0,0,0,0,0,0,0,0,0
strusma01,M. Strus,MIA,202305230MIA,"May 23, 2023",BOS,9,9,0,9,39.13,50.0,-10.87,4,6,5,3,0,0,0,0,0,0,0,0,0,0,0,0,0,0,0,0,0,0,0,0
tatumja01,J. Tatum,BOS,202305230MIA,"May 23, 2023",MIA,33,22,2,23,60.0,72.12,-12.12,13,20,9,12,1,1,0,0,0,0,0,0,0,0,0,0,0,0,0,0,0,0,0,0
201143,Al Horford,BOS,202305230MIA,"May 23, 2023",MIA,12,7,2,8,54.55,76.14,-21.59,1,2,6,9,0,0,0,0,0,0,0,0,0,0,0,0,0,0,0,0,0,0,1,1
201567,Kevin Love,MIA,202305230MIA,"May 23, 2023",BOS,6,6,0,6,37.5,50.0,-12.5,2,0,4,6,0,0,0,0,0,0,0,0,0,0,0,0,0,0,0,0,0,0,0,0
1628401,Derrick White,BOS,202305230MIA,"May 23, 2023",MIA,16,10,3,11,53.33,70.67,-17.34,2,2,7,9,1,2,0,0,1,3,0,0,0,0,0,0,0,0,0,0,0,0,0,0
202710,Jimmy Butler III,MIA,202305230MIA,"May 23, 2023",BOS,29,21,12,27,50.0,55.18,-5.18,17,16,4,3,6,10,0,0,0,0,0,0,0,0,0,0,0,0,0,0,0,0,0,0
1627759,Jaylen Brown,BOS,202305230MIA,"May 23, 2023",MIA,17,16,5,18,40.48,46.7,-6.22,10,10,5,3,2,1,0,0,1,3,0,0,0,0,0,0,0,0,0,0,0,0,0,0
203935,Marcus Smart,BOS,202305230MIA,"May 23, 2023",MIA,11,11,0,11,35.48,50.0,-14.52,2,2,9,9,0,0,0,0,0,0,0,0,0,0,0,0,0,0,0,0,0,0,0,0
1628389,Bam Adebayo,MIA,202305230MIA,"May 23, 2023",BOS,10,7,4,9,55.56,57.08,-1.52,7,8,0,0,1,0,0,0,0,0,0,0,0,0,0,0,0,0,0,0,0,0,1,2
1629216,Gabe Vincent,MIA,202305230MIA,"May 23, 2023",BOS,17,10,7,13,54.84,64.98,-10.14,6,8,4,3,2,3,1,3,0,0,0,0,0,0,0,0,0,0,0,0,0,0,0,0
1629057,Robert Williams III,BOS,202305230MIA,"May 23, 2023",MIA,7,5,2,6,53.85,59.52,-5.67,4,6,1,0,1,1,0,0,0,0,0,0,0,0,0,0,0,0,0,0,0,0,0,0
1627763,Malcolm Brogdon,BOS,202305230MIA,"May 23, 2023",MIA,2,5,0,5,16.67,20.0,-3.33,3,2,2,0,0,0,0,0,0,0,0,0,0,0,0,0,0,0,0,0,0,0,0,0
1629684,Grant Williams,BOS,202305230MIA,"May 23, 2023",MIA,14,7,2,8,63.64,88.83,-25.19,1,0,6,12,1,2,0,0,0,0,0,0,0,0,0,0,0,0,0,0,0,0,0,0
200768,Kyle Lowry,MIA,202305230MIA,"May 23, 2023",BOS,5,8,0,8,23.81,31.25,-7.44,3,2,5,3,0,0,0,0,0,0,0,0,0,0,0,0,0,0,0,0,0,0,0,0
1628997,Caleb Martin,MIA,202305230MIA,"May 23, 2023",BOS,16,9,2,10,64.0,80.97,-16.97,4,8,5,6,0,0,0,0,0,0,0,0,0,0,0,0,0,0,0,0,0,0,1,2
203469,Cody Zeller,MIA,202305230MIA,"May 23, 2023",BOS,5,2,3,3,71.43,75.3,-3.87,1,0,0,0,0,0,0,0,1,3,0,0,0,0,0,0,0,0,0,0,0,0,1,2
1629130,Duncan Robinson,MIA,202305230MIA,"May 23, 2023",BOS,2,5,0,5,14.29,20.0,-5.71,1,2,4,0,0,0,0,0,0,0,0,0,0,0,0,0,0,0,0,0,0,0,0,0
1630202,Payton Pritchard,BOS,202305230MIA,"May 23, 2023",MIA,4,1,2,2,100.0,106.38,-6.38,1,2,0,0,0,0,0,0,0,0,0,0,0,0,0,0,0,0,0,0,0,0,1,2
1631107,Nikola Jović,MIA,202305230MIA,"May 23, 2023",BOS,0,1,0,1,0.0,0.0,0.0,0,0,1,0,0,0,0,0,0,0,0,0,0,0,0,0,0,0,0,0,0,0,0,0
1628389,Bam Adebayo,MIA,202305250BOS,"May 25, 2023",BOS,16,15,0,15,53.33,53.33,0.0,15,16,0,0,0,0,0,0,0,0,0,0,0,0,0,0,0,0,0,0,0,0,0,0
tatumja01,J. Tatum,BOS,202305250BOS,"May 25, 2023",MIA,21,16,6,19,47.73,56.33,-8.6,9,12,6,3,2,3,0,0,1,3,0,0,1,0,0,0,0,0,0,0,0,0,0,0
203935,Marcus Smart,BOS,202305250BOS,"May 25, 2023",MIA,23,12,6,15,63.89,78.55,-14.66,6,6,6,12,2,3,0,0,0,0,0,0,0,0,0,0,0,0,0,0,0,0,1,2
200768,Kyle Lowry,MIA,202305250BOS,"May 25, 2023",BOS,5,5,0,5,41.67,50.0,-8.33,3,2,2,3,0,0,0,0,0,0,0,0,0,0,0,0,0,0,0,0,0,0,0,0
201567,Kevin Love,MIA,202305250BOS,"May 25, 2023",BOS,6,7,0,7,40.0,42.86,-2.86,6,6,1,0,0,0,0,0,0,0,0,0,0,0,0,0,0,0,0,0,0,0,0,0
202710,Jimmy Butler III,MIA,202305250BOS,"May 25, 2023",BOS,14,10,6,13,50.0,55.38,-5.38,7,8,2,0,2,2,0,0,1,3,0,0,1,1,0,0,0,0,0,0,0,0,0,0
1627759,Jaylen Brown,BOS,202305250BOS,"May 25, 2023",MIA,21,18,0,18,51.22,58.33,-7.11,13,12,5,9,0,0,0,0,0,0,0,0,0,0,0,0,0,0,0,0,0,0,0,0
strusma01,M. Strus,MIA,202305250BOS,"May 25, 2023",BOS,3,5,0,5,21.43,30.0,-8.57,1,0,4,3,0,0,0,0,0,0,0,0,0,0,0,0,0,0,0,0,0,0,0,0
201143,Al Horford,BOS,202305250BOS,"May 25, 2023",MIA,6,7,0,7,35.29,42.86,-7.57,4,6,3,0,0,0,0,0,0,0,0,0,0,0,0,0,0,0,0,0,0,0,0,0
1628401,Derrick White,MIA,202305250BOS,"May 25, 2023",BOS,24,11,3,12,72.73,97.4,-24.67,3,4,8,18,0,0,1,2,0,0,0,0,0,0,0,0,0,0,0,0,0,0,0,0
1628997,Caleb Martin,MIA,202305250BOS,"May 25, 2023",BOS,14,12,2,13,45.16,54.35,-9.19,7,6,5,6,1,2,0,0,0,0,0,0,0,0,0,0,0,0,0,0,0,0,0,0
203469,Cody Zeller,MIA,202305250BOS,"May 25, 2023",BOS,4,2,0,2,100.0,100.0,0.0,2,4,0,0,0,0,0,0,0,0,0,0,0,0,0,0,0,0,0,0,0,0,0,0
1627763,Malcolm Brogdon,BOS,202305250BOS,"May 25, 2023",MIA,0,2,0,2,0.0,0.0,0.0,0,0,2,0,0,0,0,0,0,0,0,0,0,0,0,0,0,0,0,0,0,0,0,0
1629684,Grant Williams,BOS,202305250BOS,"May 25, 2023",MIA,6,4,4,6,37.5,52.08,-14.58,0,0,4,3,2,3,0,0,0,0,0,0,0,0,0,0,0,0,0,0,0,0,0,0
1629057,Robert Williams III,BOS,202305250BOS,"May 25, 2023",MIA,6,3,0,3,100.0,100.0,0.0,3,6,0,0,0,0,0,0,0,0,0,0,0,0,0,0,0,0,0,0,0,0,0,0
1629130,Duncan Robinson,MIA,202305250BOS,"May 25, 2023",BOS,18,10,2,11,72.0,82.72,-10.72,7,10,3,6,1,2,0,0,0,0,0,0,0,0,0,0,0,0,0,0,0,0,0,0
1629312,Haywood Highsmith,MIA,202305250BOS,"May 25, 2023",BOS,15,9,0,9,68.18,83.33,-15.15,5,6,4,9,0,0,0,0,0,0,0,0,0,0,0,0,0,0,0,0,0,0,0,0
1630202,Payton Pritchard,BOS,202305250BOS,"May 25, 2023",MIA,0,2,0,2,0.0,0.0,0.0,0,0,2,0,0,0,0,0,0,0,0,0,0,0,0,0,0,0,0,0,0,0,0,0
1631107,Nikola Jović,MIA,202305250BOS,"May 25, 2023",BOS,0,1,0,1,0.0,0.0,0.0,0,0,1,0,0,0,0,0,0,0,0,0,0,0,0,0,0,0,0,0,0,0,0,0
1630209,Omer Yurtseven,MIA,202305250BOS,"May 25, 2023",BOS,2,2,0,2,40.0,50.0,-10.0,1,2,1,0,0,0,0,0,0,0,0,0,0,0,0,0,0,0,0,0,0,0,0,0
1630573,Sam Hauser,BOS,202305250BOS,"May 25, 2023",MIA,3,4,0,4,27.27,37.5,-10.23,1,0,3,3,0,0,0,0,0,0,0,0,0,0,0,0,0,0,0,0,0,0,0,0
1629216,Gabe Vincent,MIA,202305270MIA,"May 27, 2023",BOS,15,18,0,18,35.71,41.67,-5.96,12,6,6,9,0,0,0,0,0,0,0,0,0,0,0,0,0,0,0,0,0,0,0,0
201143,Al Horford,BOS,202305270MIA,"May 27, 2023",MIA,4,6,0,6,28.57,33.33,-4.76,4,4,2,0,0,0,0,0,0,0,0,0,0,0,0,0,0,0,0,0,0,0,0,0
tatumja01,J. Tatum,BOS,202305270MIA,"May 27, 2023",MIA,31,22,15,29,46.27,54.2,-7.93,14,16,8,0,4,8,1,3,0,0,0,0,0,0,0,0,0,0,0,0,0,0,2,4
1628997,Caleb Martin,MIA,202305270MIA,"May 27, 2023",BOS,21,13,4,15,55.26,71.14,-15.88,5,6,8,12,2,3,0,0,0,0,0,0,0,0,0,0,0,0,0,0,0,0,0,0
202710,Jimmy Butler III,MIA,202305270MIA,"May 27, 2023",BOS,24,21,14,27,40.0,44.18,-4.18,16,4,4,6,5,8,1,3,1,3,0,0,0,0,0,0,0,0,0,0,0,0,0,0
1627759,Jaylen Brown,BOS,202305270MIA,"May 27, 2023",MIA,26,16,10,22,56.52,63.73,-7.21,12,18,4,0,4,6,0,0,0,0,0,0,2,2,0,0,0,0,0,0,0,0,0,0
strusma01,M. Strus,MIA,202305270MIA,"May 27, 2023",BOS,10,8,3,10,41.67,53.65,-11.98,3,2,5,6,1,2,0,0,0,0,0,0,0,0,0,0,0,0,0,0,1,0,0,0
203935,Marcus Smart,BOS,202305270MIA,"May 27, 2023",MIA,21,15,4,16,46.67,62.65,-15.98,2,2,11,12,0,0,0,0,2,6,0,0,0,0,0,0,0,0,0,0,0,0,1,1
1628389,Bam Adebayo,MIA,202305270MIA,"May 27, 2023",BOS,11,16,4,18,30.56,30.97,-0.41,16,8,0,0,2,3,0,0,0,0,0,0,0,0,0,0,0,0,0,0,0,0,0,0
1628401,Derrick White,BOS,202305270MIA,"May 27, 2023",MIA,11,10,0,10,40.74,55.0,-14.26,3,2,7,9,0,0,0,0,0,0,0,0,0,0,0,0,0,0,0,0,0,0,0,0
1629684,Grant Williams,BOS,202305270MIA,"May 27, 2023",MIA,1,4,2,5,7.69,10.25,-2.56,1,0,3,0,1,1,0,0,0,0,0,0,0,0,0,0,0,0,0,0,0,0,0,0
1629057,Robert Williams III,BOS,202305270MIA,"May 27, 2023",MIA,10,5,3,6,76.92,79.11,-2.19,4,6,0,0,0,0,0,0,1,3,0,0,0,0,0,0,0,0,0,0,0,0,1,1
200768,Kyle Lowry,MIA,202305270MIA,"May 27, 2023",BOS,8,6,2,7,53.33,58.14,-4.81,5,6,1,0,0,0,0,0,0,0,0,0,0,0,0,0,0,0,0,0,0,0,1,2
203469,Cody Zeller,MIA,202305270MIA,"May 27, 2023",BOS,1,0,2,1,50.0,56.82,-6.82,0,0,0,0,1,1,0,0,0,0,0,0,0,0,0,0,0,0,0,0,0,0,0,0
1629130,Duncan Robinson,MIA,202305270MIA,"May 27, 2023",BOS,13,11,0,11,46.43,59.09,-12.66,5,4,6,9,0,0,0,0,0,0,0,0,0,0,0,0,0,0,0,0,0,0,0,0
1629216,Gabe Vincent,BOS,202305290BOS,"May 29, 2023",MIA,10,10,0,10,43.48,50.0,-6.52,7,4,3,6,0,0,0,0,0,0,0,0,0,0,0,0,0,0,0,0,0,0,0,0
tatumja01,J. Tatum,BOS,202305290BOS,"May 29, 2023",MIA,14,13,4,15,41.18,47.43,-6.25,9,8,4,3,1,1,0,0,0,0,0,0,0,0,0,0,0,0,0,0,0,0,1,2
1628389,Bam Adebayo,MIA,202305290BOS,"May 29, 2023",BOS,12,10,4,12,50.0,51.02,-1.02,10,8,0,0,2,4,0,0,0,0,0,0,0,0,0,0,0,0,0,0,0,0,0,0
202710,Jimmy Butler III,MIA,202305290BOS,"May 29, 2023",BOS,28,28,2,29,43.08,48.48,-5.4,21,18,7,9,1,1,0,0,0,0,0,0,0,0,0,0,0,0,0,0,0,0,0,0
1627759,Jaylen Brown,BOS,202305290BOS,"May 29, 2023",MIA,19,23,2,24,33.33,39.78,-6.45,14,14,9,3,1,2,0,0,0,0,0,0,0,0,0,0,0,0,0,0,0,0,0,0
201143,Al Horford,BOS,202305290BOS,"May 29, 2023",MIA,8,8,0,8,38.1,50.0,-11.9,3,2,5,6,0,0,0,0,0,0,0,0,0,0,0,0,0,0,0,0,0,0,0,0
strusma01,M. Strus,MIA,202305290BOS,"May 29, 2023",BOS,8,8,0,8,36.36,50.0,-13.64,2,2,6,6,0,0,0,0,0,0,0,0,0,0,0,0,0,0,0,0,0,0,0,0
1628997,Caleb Martin,MIA,202305290BOS,"May 29, 2023",BOS,26,16,0,16,68.42,81.25,-12.83,10,14,6,12,0,0,0,0,0,0,0,0,0,0,0,0,0,0,0,0,0,0,0,0
203935,Marcus Smart,BOS,202305290BOS,"May 29, 2023",MIA,9,10,0,10,34.62,45.0,-10.38,4,6,6,3,0,0,0,0,0,0,0,0,0,0,0,0,0,0,0,0,0,0,0,0
1628401,Derrick White,BOS,202305290BOS,"May 29, 2023",MIA,18,12,7,15,45.0,59.68,-14.68,2,4,9,6,3,5,0,0,1,3,0,0,0,0,0,0,0,0,0,0,0,0,0,0
1627763,Malcolm Brogdon,BOS,202305290BOS,"May 29, 2023",MIA,0,3,0,3,0.0,0.0,0.0,1,0,2,0,0,0,0,0,0,0,0,0,0,0,0,0,0,0,0,0,0,0,0,0
1629684,Grant Williams,BOS,202305290BOS,"May 29, 2023",MIA,3,3,0,3,33.33,50.0,-16.67,0,0,3,3,0,0,0,0,0,0,0,0,0,0,0,0,0,0,0,0,0,0,0,0
1629057,Robert Williams III,BOS,202305290BOS,"May 29, 2023",MIA,8,5,0,5,80.0,80.0,0.0,5,8,0,0,0,0,0,0,0,0,0,0,0,0,0,0,0,0,0,0,0,0,0,0
200768,Kyle Lowry,MIA,202305290BOS,"May 29, 2023",BOS,7,6,0,6,50.0,58.33,-8.33,4,4,2,3,0,0,0,0,0,0,0,0,0,0,0,0,0,0,0,0,0,0,0,0
1629130,Duncan Robinson,MIA,202305290BOS,"May 29, 2023",BOS,10,6,0,6,66.67,83.33,-16.66,3,4,3,6,0,0,0,0,0,0,0,0,0,0,0,0,0,0,0,0,0,0,0,0
1629312,Haywood Highsmith,MIA,202305290BOS,"May 29, 2023",BOS,2,2,0,2,40.0,50.0,-10.0,1,2,1,0,0,0,0,0,0,0,0,0,0,0,0,0,0,0,0,0,0,0,0,0
1630573,Sam Hauser,BOS,202305290BOS,"May 29, 2023",MIA,2,3,0,3,25.0,33.33,-8.33,1,2,2,0,0,0,0,0,0,0,0,0,0,0,0,0,0,0,0,0,0,0,0,0
1630202,Payton Pritchard,BOS,202305290BOS,"May 29, 2023",MIA,0,1,0,1,0.0,0.0,0.0,0,0,1,0,0,0,0,0,0,0,0,0,0,0,0,0,0,0,0,0,0,0,0,0
203488,Mike Muscala,BOS,202305290BOS,"May 29, 2023",MIA,3,1,0,1,100.0,150.0,-50.0,0,0,1,3,0,0,0,0,0,0,0,0,0,0,0,0,0,0,0,0,0,0,0,0
1627750,Jamal Murray,DEN,202306010DEN,"Jun 1, 2023",MIA,26,22,2,22,49.06,56.82,-7.76,13,14,7,6,0,0,0,0,2,6,0,0,0,0,0,0,0,0,0,0,0,0,0,0
1629216,Gabe Vincent,MIA,202306010DEN,"Jun 1, 2023",DEN,19,14,0,14,50.0,67.86,-17.86,4,4,10,15,0,0,0,0,0,0,0,0,0,0,0,0,0,0,0,0,0,0,0,0
203999,Nikola Jokić,DEN,202306010DEN,"Jun 1, 2023",MIA,27,12,12,18,71.05,78.12,-7.07,10,14,2,3,5,8,0,0,0,0,0,0,0,0,0,0,0,0,0,0,0,0,1,2
1628389,Bam Adebayo,MIA,202306010DEN,"Jun 1, 2023",DEN,26,25,0,25,50.98,52.0,-1.02,24,26,1,0,0,0,0,0,0,0,0,0,0,0,0,0,0,0,0,0,0,0,0,0
strusma01,M. Strus,MIA,202306010DEN,"Jun 1, 2023",DEN,0,10,0,10,0.0,0.0,0.0,1,0,9,0,0,0,0,0,0,0,0,0,0,0,0,0,0,0,0,0,0,0,0,0
202710,Jimmy Butler III,MIA,202306010DEN,"Jun 1, 2023",DEN,13,14,0,14,43.33,46.43,-3.1,12,10,2,3,0,0,0,0,0,0,0,0,0,0,0,0,0,0,0,0,0,0,0,0
203932,Aaron Gordon,DEN,202306010DEN,"Jun 1, 2023",MIA,16,10,2,11,69.57,73.53,-3.96,9,14,1,0,1,2,0,0,0,0,0,0,0,0,0,0,0,0,0,0,0,0,0,0
1628997,Caleb Martin,MIA,202306010DEN,"Jun 1, 2023",DEN,3,7,0,7,18.75,21.43,-2.68,5,0,2,3,0,0,0,0,0,0,0,0,0,0,0,0,0,0,0,0,0,0,0,0
1629008,Michael Porter Jr.,DEN,202306010DEN,"Jun 1, 2023",MIA,14,16,2,17,31.11,41.47,-10.36,5,6,11,6,1,2,0,0,0,0,0,0,0,0,0,0,0,0,0,0,0,0,0,0
203484,Kentavious Caldwell-Pope,DEN,202306010DEN,"Jun 1, 2023",MIA,7,8,2,9,33.33,39.41,-6.08,5,4,3,3,1,0,0,0,0,0,0,0,0,0,0,0,0,0,0,0,0,0,0,0
200768,Kyle Lowry,MIA,202306010DEN,"Jun 1, 2023",DEN,11,8,0,8,50.0,68.75,-18.75,2,2,6,9,0,0,0,0,0,0,0,0,0,0,0,0,0,0,0,0,0,0,0,0
1629130,Duncan Robinson,MIA,202306010DEN,"Jun 1, 2023",DEN,3,6,0,6,17.65,25.0,-7.35,1,0,5,3,0,0,0,0,0,0,0,0,0,0,0,0,0,0,0,0,0,0,0,0
203469,Cody Zeller,MIA,202306010DEN,"Jun 1, 2023",DEN,0,1,0,1,0.0,0.0,0.0,1,0,0,0,0,0,0,0,0,0,0,0,0,0,0,0,0,0,0,0,0,0,0,0
1631128,Christian Braun,DEN,202306010DEN,"Jun 1, 2023",MIA,0,1,0,1,0.0,0.0,0.0,1,0,0,0,0,0,0,0,0,0,0,0,0,0,0,0,0,0,0,0,0,0,0,0
1628971,Bruce Brown,DEN,202306010DEN,"Jun 1, 2023",MIA,10,7,0,7,58.82,71.43,-12.61,4,4,3,6,0,0,0,0,0,0,0,0,0,0,0,0,0,0,0,0,0,0,0,0
1629312,Haywood Highsmith,MIA,202306010DEN,"Jun 1, 2023",DEN,18,10,2,11,69.23,82.72,-13.49,6,10,4,6,1,2,0,0,0,0,0,0,0,0,0,0,0,0,0,0,0,0,0,0
201145,Jeff Green,DEN,202306010DEN,"Jun 1, 2023",MIA,4,3,0,3,66.67,66.67,0.0,3,4,0,0,0,0,0,0,0,0,0,0,0,0,0,0,0,0,0,0,0,0,0,0
1631107,Nikola Jović,MIA,202306010DEN,"Jun 1, 2023",DEN,0,1,0,1,0.0,0.0,0.0,1,0,0,0,0,0,0,0,0,0,0,0,0,0,0,0,0,0,0,0,0,0,0,0
1628389,Bam Adebayo,MIA,202306040DEN,"Jun 4, 2023",DEN,19,14,3,15,61.29,62.01,-0.72,13,14,0,0,1,2,0,0,1,3,0,0,0,0,0,0,0,0,0,0,0,0,0,0
203999,Nikola Jokić,DEN,202306040DEN,"Jun 4, 2023",MIA,41,28,8,31,59.42,65.04,-5.62,22,26,5,6,1,2,1,3,1,3,0,0,0,0,0,0,0,0,0,0,0,0,1,1
201567,Kevin Love,MIA,202306040DEN,"Jun 4, 2023",DEN,6,9,0,9,25.0,33.33,-8.33,3,0,6,6,0,0,0,0,0,0,0,0,0,0,0,0,0,0,0,0,0,0,0,0
strusma01,M. Strus,MIA,202306040DEN,"Jun 4, 2023",DEN,14,10,3,11,42.42,61.84,-19.42,0,0,10,12,0,0,1,2,0,0,0,0,0,0,0,0,0,0,0,0,0,0,0,0
202710,Jimmy Butler III,MIA,202306040DEN,"Jun 4, 2023",DEN,21,19,5,21,43.75,49.53,-5.78,13,8,5,6,2,4,0,0,1,3,0,0,0,0,0,0,0,0,0,0,0,0,0,0
1629216,Gabe Vincent,MIA,202306040DEN,"Jun 4, 2023",DEN,23,12,3,13,69.7,86.34,-16.64,5,6,6,12,0,0,0,0,1,3,0,0,0,0,0,0,0,0,0,0,0,0,1,2
1627750,Jamal Murray,DEN,202306040DEN,"Jun 4, 2023",MIA,18,15,1,15,46.15,58.29,-12.14,6,6,8,9,0,0,0,0,1,3,0,0,0,0,0,0,0,0,0,0,0,0,0,0
203484,Kentavious Caldwell-Pope,DEN,202306040DEN,"Jun 4, 2023",MIA,6,4,3,5,42.86,56.39,-13.53,1,0,3,3,0,0,1,3,0,0,0,0,0,0,0,0,0,0,0,0,0,0,0,0
1629008,Michael Porter Jr.,DEN,202306040DEN,"Jun 4, 2023",MIA,5,8,0,8,22.73,31.25,-8.52,2,2,6,3,0,0,0,0,0,0,0,0,0,0,0,0,0,0,0,0,0,0,0,0
203932,Aaron Gordon,DEN,202306040DEN,"Jun 4, 2023",MIA,12,7,2,8,66.67,76.14,-9.47,5,6,2,6,1,0,0,0,0,0,0,0,0,0,0,0,0,0,0,0,0,0,0,0
1628971,Bruce Brown,DEN,202306040DEN,"Jun 4, 2023",MIA,11,9,2,10,47.83,55.67,-7.84,6,6,3,3,1,2,0,0,0,0,0,0,0,0,0,0,0,0,0,0,0,0,0,0
200768,Kyle Lowry,MIA,202306040DEN,"Jun 4, 2023",DEN,9,4,3,5,64.29,84.59,-20.3,1,0,3,6,0,0,1,3,0,0,0,0,0,0,0,0,0,0,0,0,0,0,0,0
1628997,Caleb Martin,MIA,202306040DEN,"Jun 4, 2023",DEN,3,3,0,3,37.5,50.0,-12.5,1,0,2,3,0,0,0,0,0,0,0,0,0,0,0,0,0,0,0,0,0,0,0,0
203469,Cody Zeller,MIA,202306040DEN,"Jun 4, 2023",DEN,4,2,0,2,100.0,100.0,0.0,2,4,0,0,0,0,0,0,0,0,0,0,0,0,0,0,0,0,0,0,0,0,0,0
1629130,Duncan Robinson,MIA,202306040DEN,"Jun 4, 2023",DEN,10,5,1,5,71.43,91.91,-20.48,1,2,3,6,0,0,0,0,1,2,0,0,0,0,0,0,0,0,0,0,0,0,0,0
201145,Jeff Green,DEN,202306040DEN,"Jun 4, 2023",MIA,9,1,6,4,100.0,123.63,-23.63,0,0,1,3,3,6,0,0,0,0,0,0,0,0,0,0,0,0,0,0,0,0,0,0
1631128,Christian Braun,DEN,202306040DEN,"Jun 4, 2023",MIA,6,3,0,3,100.0,100.0,0.0,3,6,0,0,0,0,0,0,0,0,0,0,0,0,0,0,0,0,0,0,0,0,0,0
1628389,Bam Adebayo,MIA,202306070MIA,"Jun 7, 2023",DEN,22,21,10,26,42.31,43.31,-1.0,21,14,0,0,5,8,0,0,0,0,0,0,0,0,0,0,0,0,0,0,0,0,0,0
203999,Nikola Jokić,DEN,202306070MIA,"Jun 7, 2023",MIA,32,21,8,25,61.54,65.25,-3.71,19,22,2,3,2,3,0,0,0,0,0,0,0,0,0,0,0,0,0,0,0,0,2,4
201567,Kevin Love,DEN,202306070MIA,"Jun 7, 2023",MIA,6,5,0,5,40.0,60.0,-20.0,0,0,5,6,0,0,0,0,0,0,0,0,0,0,0,0,0,0,0,0,0,0,0,0
1629008,Michael Porter Jr.,DEN,202306070MIA,"Jun 7, 2023",MIA,2,7,0,7,12.5,14.29,-1.79,5,2,2,0,0,0,0,0,0,0,0,0,0,0,0,0,0,0,0,0,0,0,0,0
1627750,Jamal Murray,DEN,202306070MIA,"Jun 7, 2023",MIA,34,22,8,26,58.62,66.61,-7.99,16,18,6,9,1,1,0,0,0,0,0,0,0,0,0,0,0,0,0,0,0,0,3,6
203484,Kentavious Caldwell-Pope,DEN,202306070MIA,"Jun 7, 2023",MIA,6,4,4,6,40.0,52.08,-12.08,1,2,3,0,1,2,0,0,0,0,0,0,0,0,0,0,0,0,0,0,0,0,1,2
strusma01,M. Strus,MIA,202306070MIA,"Jun 7, 2023",DEN,3,7,0,7,16.67,21.43,-4.76,3,0,4,3,0,0,0,0,0,0,0,0,0,0,0,0,0,0,0,0,0,0,0,0
202710,Jimmy Butler III,MIA,202306070MIA,"Jun 7, 2023",DEN,28,24,6,27,48.28,52.55,-4.27,20,20,4,3,3,5,0,0,0,0,0,0,0,0,0,0,0,0,0,0,0,0,0,0
1629216,Gabe Vincent,MIA,202306070MIA,"Jun 7, 2023",DEN,7,10,3,11,24.14,30.92,-6.78,4,2,6,3,0,0,1,2,0,0,0,0,0,0,0,0,0,0,0,0,0,0,0,0
1628971,Bruce Brown,DEN,202306070MIA,"Jun 7, 2023",MIA,5,5,2,6,33.33,42.52,-9.19,2,0,3,3,1,2,0,0,0,0,0,0,0,0,0,0,0,0,0,0,0,0,0,0
203932,Aaron Gordon,DEN,202306070MIA,"Jun 7, 2023",MIA,11,10,4,12,45.83,46.77,-0.94,10,10,0,0,1,1,0,0,0,0,0,0,0,0,0,0,0,0,0,0,0,0,1,0
1631128,Christian Braun,DEN,202306070MIA,"Jun 7, 2023",MIA,15,8,1,8,83.33,88.86,-5.53,6,12,1,0,0,0,0,0,1,3,0,0,0,0,0,0,0,0,0,0,0,0,0,0
1628997,Caleb Martin,MIA,202306070MIA,"Jun 7, 2023",DEN,10,9,0,9,43.48,55.56,-12.08,4,4,5,6,0,0,0,0,0,0,0,0,0,0,0,0,0,0,0,0,0,0,0,0
200768,Kyle Lowry,MIA,202306070MIA,"Jun 7, 2023",DEN,9,8,0,8,45.0,56.25,-11.25,4,6,4,3,0,0,0,0,0,0,0,0,0,0,0,0,0,0,0,0,0,0,0,0
201145,Jeff Green,DEN,202306070MIA,"Jun 7, 2023",MIA,4,2,0,2,100.0,100.0,0.0,2,4,0,0,0,0,0,0,0,0,0,0,0,0,0,0,0,0,0,0,0,0,0,0
202704,Reggie Jackson,DEN,202306070MIA,"Jun 7, 2023",MIA,0,1,0,1,0.0,0.0,0.0,0,0,1,0,0,0,0,0,0,0,0,0,0,0,0,0,0,0,0,0,0,0,0,0
1629130,Duncan Robinson,MIA,202306070MIA,"Jun 7, 2023",DEN,9,6,0,6,50.0,75.0,-25.0,0,0,6,9,0,0,0,0,0,0,0,0,0,0,0,0,0,0,0,0,0,0,0,0
1630209,Omer Yurtseven,MIA,202306070MIA,"Jun 7, 2023",DEN,0,1,0,1,0.0,0.0,0.0,0,0,1,0,0,0,0,0,0,0,0,0,0,0,0,0,0,0,0,0,0,0,0,0
hasleud01,U. Haslem,MIA,202306070MIA,"Jun 7, 2023",DEN,0,1,0,1,0.0,0.0,0.0,1,0,0,0,0,0,0,0,0,0,0,0,0,0,0,0,0,0,0,0,0,0,0,0
1629216,Gabe Vincent,MIA,202306090MIA,"Jun 9, 2023",DEN,2,6,0,6,12.5,16.67,-4.17,2,2,4,0,0,0,0,0,0,0,0,0,0,0,0,0,0,0,0,0,0,0,0,0
203999,Nikola Jokić,DEN,202306090MIA,"Jun 9, 2023",MIA,23,19,4,21,46.94,55.39,-8.45,12,10,7,9,1,2,0,0,0,0,0,0,0,0,0,0,0,0,0,0,0,0,1,2
1629008,Michael Porter Jr.,DEN,202306090MIA,"Jun 9, 2023",MIA,11,10,4,12,40.74,46.77,-6.03,7,8,3,0,2,3,0,0,0,0,0,0,0,0,0,0,0,0,0,0,0,0,0,0
strusma01,M. Strus,MIA,202306090MIA,"Jun 9, 2023",DEN,0,4,0,4,0.0,0.0,0.0,1,0,3,0,0,0,0,0,0,0,0,0,0,0,0,0,0,0,0,0,0,0,0,0
1628389,Bam Adebayo,MIA,202306090MIA,"Jun 9, 2023",DEN,20,19,4,21,47.62,48.17,-0.55,19,16,0,0,1,2,0,0,0,0,0,0,0,0,0,0,0,0,0,0,0,0,1,2
1627750,Jamal Murray,DEN,202306090MIA,"Jun 9, 2023",MIA,15,17,3,19,37.5,40.94,-3.44,14,6,3,6,1,2,0,0,0,0,0,0,1,1,0,0,0,0,0,0,0,0,0,0
202710,Jimmy Butler III,MIA,202306090MIA,"Jun 9, 2023",DEN,25,17,9,21,54.35,59.64,-5.29,13,14,3,3,4,5,0,0,1,3,0,0,0,0,0,0,0,0,0,0,0,0,0,0
201567,Kevin Love,MIA,202306090MIA,"Jun 9, 2023",DEN,12,6,1,6,66.67,93.17,-26.5,0,0,5,9,0,0,0,0,1,3,0,0,0,0,0,0,0,0,0,0,0,0,0,0
203484,Kentavious Caldwell-Pope,DEN,202306090MIA,"Jun 9, 2023",MIA,7,5,2,6,41.18,59.52,-18.34,0,0,5,6,1,1,0,0,0,0,0,0,0,0,0,0,0,0,0,0,0,0,0,0
203932,Aaron Gordon,DEN,202306090MIA,"Jun 9, 2023",MIA,27,15,3,16,72.97,82.72,-9.75,10,14,4,9,1,1,0,0,1,3,0,0,0,0,0,0,0,0,0,0,0,0,0,0
1628971,Bruce Brown,DEN,202306090MIA,"Jun 9, 2023",MIA,21,11,3,12,70.0,85.23,-15.23,5,8,5,9,1,1,0,0,1,3,0,0,0,0,0,0,0,0,0,0,0,0,0,0
1628997,Caleb Martin,MIA,202306090MIA,"Jun 9, 2023",DEN,11,12,0,12,42.31,45.83,-3.52,10,8,2,3,0,0,0,0,0,0,0,0,0,0,0,0,0,0,0,0,0,0,0,0
1631128,Christian Braun,DEN,202306090MIA,"Jun 9, 2023",MIA,1,1,2,2,25.0,26.6,-1.6,1,0,0,0,0,0,0,0,0,0,0,0,0,0,0,0,0,0,0,0,0,0,1,1
201145,Jeff Green,DEN,202306090MIA,"Jun 9, 2023",MIA,3,1,0,1,100.0,150.0,-50.0,0,0,1,3,0,0,0,0,0,0,0,0,0,0,0,0,0,0,0,0,0,0,0,0
200768,Kyle Lowry,MIA,202306090MIA,"Jun 9, 2023",DEN,13,7,6,10,54.17,67.43,-13.26,3,4,4,3,2,4,0,0,0,0,0,0,0,0,0,0,0,0,0,0,0,0,1,2
1629130,Duncan Robinson,MIA,202306090MIA,"Jun 9, 2023",DEN,12,7,0,7,66.67,85.71,-19.04,3,6,4,6,0,0,0,0,0,0,0,0,0,0,0,0,0,0,0,0,0,0,0,0
1627750,Jamal Murray,DEN,202306120DEN,"Jun 12, 2023",MIA,14,15,0,15,37.84,46.67,-8.83,8,8,7,6,0,0,0,0,0,0,0,0,0,0,0,0,0,0,0,0,0,0,0,0
1628389,Bam Adebayo,MIA,202306120DEN,"Jun 12, 2023",DEN,20,20,2,20,47.62,47.89,-0.27,18,14,0,0,0,0,0,0,2,6,0,0,0,0,0,0,0,0,0,0,0,0,0,0
1629008,Michael Porter Jr.,DEN,202306120DEN,"Jun 12, 2023",MIA,16,17,2,18,38.1,44.74,-6.64,11,12,6,3,1,1,0,0,0,0,0,0,0,0,0,0,0,0,0,0,0,0,0,0
1629216,Gabe Vincent,MIA,202306120DEN,"Jun 12, 2023",DEN,6,13,0,13,20.0,23.08,-3.08,9,6,4,0,0,0,0,0,0,0,0,0,0,0,0,0,0,0,0,0,0,0,0,0
203999,Nikola Jokić,DEN,202306120DEN,"Jun 12, 2023",MIA,28,16,5,18,70.0,76.92,-6.92,12,20,3,3,1,1,0,0,1,3,0,0,0,0,0,0,0,0,0,0,0,0,1,1
203932,Aaron Gordon,DEN,202306120DEN,"Jun 12, 2023",MIA,4,6,4,8,22.22,25.77,-3.55,4,2,2,0,2,2,0,0,0,0,0,0,0,0,0,0,0,0,0,0,0,0,0,0
strusma01,M. Strus,MIA,202306120DEN,"Jun 12, 2023",DEN,12,12,1,12,38.71,48.23,-9.52,5,6,6,3,0,0,0,0,1,3,0,0,0,0,0,0,0,0,0,0,0,0,0,0
202710,Jimmy Butler III,MIA,202306120DEN,"Jun 12, 2023",DEN,21,18,11,23,40.38,45.97,-5.59,13,6,5,6,4,6,1,3,0,0,0,0,0,0,0,0,0,0,0,0,0,0,0,0
203484,Kentavious Caldwell-Pope,DEN,202306120DEN,"Jun 12, 2023",MIA,11,10,2,11,40.74,50.55,-9.81,5,6,5,3,0,0,0,0,0,0,0,0,0,0,0,0,0,0,0,0,0,0,1,2
201567,Kevin Love,MIA,202306120DEN,"Jun 12, 2023",DEN,3,4,0,4,25.0,37.5,-12.5,0,0,4,3,0,0,0,0,0,0,0,0,0,0,0,0,0,0,0,0,0,0,0,0
201145,Jeff Green,DEN,202306120DEN,"Jun 12, 2023",MIA,4,2,0,2,100.0,100.0,0.0,2,4,0,0,0,0,0,0,0,0,0,0,0,0,0,0,0,0,0,0,0,0,0,0
200768,Kyle Lowry,MIA,202306120DEN,"Jun 12, 2023",DEN,12,13,0,13,34.29,46.15,-11.86,4,0,9,12,0,0,0,0,0,0,0,0,0,0,0,0,0,0,0,0,0,0,0,0
1628997,Caleb Martin,MIA,202306120DEN,"Jun 12, 2023",DEN,10,9,2,10,41.67,50.61,-8.94,5,8,4,0,1,2,0,0,0,0,0,0,0,0,0,0,0,0,0,0,0,0,0,0
1628971,Bruce Brown,DEN,202306120DEN,"Jun 12, 2023",MIA,10,14,4,16,27.03,31.73,-4.7,9,8,5,0,1,0,0,0,0,0,0,0,0,0,0,0,0,0,0,0,0,0,1,2
1631128,Christian Braun,DEN,202306120DEN,"Jun 12, 2023",MIA,7,4,6,7,50.0,52.71,-2.71,4,4,0,0,2,1,0,0,0,0,0,0,0,0,0,0,0,0,0,0,0,0,1,2
1629130,Duncan Robinson,MIA,202306120DEN,"Jun 12, 2023",DEN,5,6,0,6,33.33,41.67,-8.34,3,2,3,3,0,0,0,0,0,0,0,0,0,0,0,0,0,0,0,0,0,0,0,0
203469,Cody Zeller,MIA,202306120DEN,"Jun 12, 2023",DEN,0,1,0,1,0.0,0.0,0.0,1,0,0,0,0,0,0,0,0,0,0,0,0,0,0,0,0,0,0,0,0,0,0,0
