player_id,player_name,team_abbr,game_id,game_date,opponent,pts,fga,fta,scoring_poss,pure_ts_pct,standard_ts_pct,delta_pp,C1a_events,C1a_pts,C1b_events,C1b_pts,C2_events,C2_pts,C3_events,C3_pts,C4_events,C4_pts,C5_events,C5_pts,C6a_events,C6a_pts,C6b_events,C6b_pts,C6c_events,C6c_pts,C6d_events,C6d_pts,C6e_events,C6e_pts,C6f_events,C6f_pts
2030,Kenyon Martin,NJN,200304190NJN,"Apr 19, 2003",MIL,21,16,3,17,60.0,60.62,-0.62,15,18,0,0,1,1,0,0,1,2,0,0,0,0,0,0,0,0,0,0,0,0,0,0
208,Sam Cassell,MIL,200304190NJN,"Apr 19, 2003",NJN,16,12,0,12,61.54,66.67,-5.13,10,10,2,6,0,0,0,0,0,0,0,0,0,0,0,0,0,0,0,0,0,0,0,0
2215,Jason Collins,NJN,200304190NJN,"Apr 19, 2003",MIL,13,7,4,9,72.22,74.2,-1.98,7,10,0,0,1,1,0,0,0,0,0,0,0,0,0,0,0,0,0,0,0,0,1,2
2409,Marcus Haislip,MIL,200304190NJN,"Apr 19, 2003",NJN,8,6,0,6,66.67,66.67,0.0,6,8,0,0,0,0,0,0,0,0,0,0,0,0,0,0,0,0,0,0,0,0,0,0
467,Jason Kidd,NJN,200304190NJN,"Apr 19, 2003",MIL,14,10,0,10,58.33,70.0,-11.67,6,8,4,6,0,0,0,0,0,0,0,0,0,0,0,0,0,0,0,0,0,0,0,0
56,Gary Payton,MIL,200304190NJN,"Apr 19, 2003",NJN,8,11,2,11,30.77,33.67,-2.9,7,2,2,0,0,0,0,0,2,6,0,0,0,0,0,0,0,0,0,0,0,0,0,0
954,Kerry Kittles,NJN,200304190NJN,"Apr 19, 2003",MIL,18,15,1,15,51.43,58.29,-6.86,10,12,4,3,0,0,0,0,1,3,0,0,0,0,0,0,0,0,0,0,0,0,0,0
2046,Desmond Mason,MIL,200304190NJN,"Apr 19, 2003",NJN,14,11,7,14,48.28,49.72,-1.44,10,8,0,0,2,3,0,0,1,3,0,0,0,0,0,0,0,0,0,0,0,0,1,0
911,Ervin Johnson,NJN,200304190NJN,"Apr 19, 2003",MIL,0,2,0,2,0.0,0.0,0.0,2,0,0,0,0,0,0,0,0,0,0,0,0,0,0,0,0,0,0,0,0,0,0,0
389,Toni Kukoc,MIL,200304190NJN,"Apr 19, 2003",NJN,14,9,0,9,63.64,77.78,-14.14,5,8,4,6,0,0,0,0,0,0,0,0,0,0,0,0,0,0,0,0,0,0,0,0
2072,Michael Redd,MIL,200304190NJN,"Apr 19, 2003",NJN,11,12,0,12,40.74,45.83,-5.09,9,8,3,3,0,0,0,0,0,0,0,0,0,0,0,0,0,0,0,0,0,0,0,0
2210,Richard Jefferson,NJN,200304190NJN,"Apr 19, 2003",MIL,10,9,2,10,50.0,50.61,-0.61,9,8,0,0,0,0,0,0,0,0,0,0,0,0,0,0,0,0,0,0,0,0,1,2
915,Rodney Rogers,NJN,200304190NJN,"Apr 19, 2003",MIL,11,10,4,12,40.74,46.77,-6.03,7,8,3,0,2,3,0,0,0,0,0,0,0,0,0,0,0,0,0,0,0,0,0,0
193,Anthony Mason,MIL,200304190NJN,"Apr 19, 2003",NJN,0,1,0,1,0.0,0.0,0.0,1,0,0,0,0,0,0,0,0,0,0,0,0,0,0,0,0,0,0,0,0,0,0,0
1501,Tim Thomas,MIL,200304190NJN,"Apr 19, 2003",NJN,25,14,3,16,67.57,81.59,-14.02,8,10,6,15,1,0,0,0,0,0,0,0,1,0,0,0,0,0,0,0,0,0,0,0
87,Dikembe Mutombo,NJN,200304190NJN,"Apr 19, 2003",MIL,2,3,0,3,33.33,33.33,0.0,3,2,0,0,0,0,0,0,0,0,0,0,0,0,0,0,0,0,0,0,0,0,0,0
446,Lucious Harris,NJN,200304190NJN,"Apr 19, 2003",MIL,17,10,4,12,62.96,72.28,-9.32,7,8,3,6,0,0,0,0,0,0,0,0,0,0,0,0,0,0,0,0,0,0,2,3
1425,Aaron Williams,NJN,200304190NJN,"Apr 19, 2003",MIL,0,1,0,1,0.0,0.0,0.0,1,0,0,0,0,0,0,0,0,0,0,0,0,0,0,0,0,0,0,0,0,0,0,0
2447,Tamar Slay,NJN,200304190NJN,"Apr 19, 2003",MIL,3,1,0,1,100.0,150.0,-50.0,0,0,1,3,0,0,0,0,0,0,0,0,0,0,0,0,0,0,0,0,0,0,0,0
2243,Brian Scalabrine,NJN,200304190NJN,"Apr 19, 2003",MIL,0,1,0,1,0.0,0.0,0.0,1,0,0,0,0,0,0,0,0,0,0,0,0,0,0,0,0,0,0,0,0,0,0,0
397,Reggie Miller,IND,200304190IND,"Apr 19, 2003",BOS,13,12,3,13,40.62,48.8,-8.18,6,6,5,3,1,1,0,0,1,3,0,0,0,0,0,0,0,0,0,0,0,0,0,0
2224,Jamaal Tinsley,IND,200304190IND,"Apr 19, 2003",BOS,14,7,2,8,66.67,88.83,-22.16,2,4,5,9,1,1,0,0,0,0,0,0,0,0,0,0,0,0,0,0,0,0,0,0
1718,Paul Pierce,BOS,200304190IND,"Apr 19, 2003",IND,40,24,21,34,54.05,60.17,-6.12,18,8,5,9,4,8,0,0,1,3,0,0,0,0,0,0,0,0,0,0,0,0,6,12
1499,Tony Battie,BOS,200304190IND,"Apr 19, 2003",IND,4,3,0,3,66.67,66.67,0.0,3,4,0,0,0,0,0,0,0,0,0,0,0,0,0,0,0,0,0,0,0,0,0,0
1802,Brad Miller,BOS,200304190IND,"Apr 19, 2003",IND,12,6,8,10,60.0,63.03,-3.03,6,6,0,0,2,4,0,0,0,0,0,0,0,0,0,0,0,0,0,0,0,0,2,2
960,Tony Delk,BOS,200304190IND,"Apr 19, 2003",IND,12,12,2,13,36.36,46.58,-10.22,5,4,7,6,1,2,0,0,0,0,0,0,0,0,0,0,0,0,0,0,0,0,0,0
1897,Metta World Peace,IND,200304190IND,"Apr 19, 2003",BOS,26,12,9,16,72.22,81.45,-9.23,8,12,3,3,3,6,0,0,1,3,0,0,0,0,1,2,0,0,0,0,0,0,0,0
677,Eric Williams,BOS,200304190IND,"Apr 19, 2003",IND,18,12,3,13,60.0,67.57,-7.57,8,10,3,3,1,2,0,0,1,3,0,0,0,0,0,0,0,0,0,0,0,0,0,0
952,Antoine Walker,BOS,200304190IND,"Apr 19, 2003",IND,22,20,2,21,46.81,52.68,-5.87,15,16,5,6,1,0,0,0,0,0,0,0,0,0,0,0,0,0,0,0,0,0,0,0
979,Jermaine O'Neal,IND,200304190IND,"Apr 19, 2003",BOS,24,15,14,22,54.55,56.71,-2.16,15,14,0,0,6,9,0,0,0,0,0,0,0,0,0,0,0,0,0,0,0,0,1,1
1733,Al Harrington,IND,200304190IND,"Apr 19, 2003",BOS,2,8,0,8,10.53,12.5,-1.97,5,2,3,0,0,0,0,0,0,0,0,0,0,0,0,0,0,0,0,0,0,0,0,0
1548,Mark Blount,BOS,200304190IND,"Apr 19, 2003",IND,4,2,0,2,100.0,100.0,0.0,2,4,0,0,0,0,0,0,0,0,0,0,0,0,0,0,0,0,0,0,0,0,0,0
2452,J.R. Bremer,BOS,200304190IND,"Apr 19, 2003",IND,0,3,0,3,0.0,0.0,0.0,2,0,1,0,0,0,0,0,0,0,0,0,0,0,0,0,0,0,0,0,0,0,0,0
962,Walter McCarty,BOS,200304190IND,"Apr 19, 2003",IND,3,2,0,2,50.0,75.0,-25.0,0,0,2,3,0,0,0,0,0,0,0,0,0,0,0,0,0,0,0,0,0,0,0,0
1506,Austin Croshere,IND,200304190IND,"Apr 19, 2003",BOS,6,5,2,6,46.15,51.02,-4.87,4,4,1,0,0,0,0,0,0,0,0,0,0,0,0,0,0,0,0,0,0,0,1,2
1500,Ron Mercer,IND,200304190IND,"Apr 19, 2003",BOS,0,1,0,1,0.0,0.0,0.0,1,0,0,0,0,0,0,0,0,0,0,0,0,0,0,0,0,0,0,0,0,0,0,0
1902,Jeff Foster,IND,200304190IND,"Apr 19, 2003",BOS,2,1,0,1,100.0,100.0,0.0,1,2,0,0,0,0,0,0,0,0,0,0,0,0,0,0,0,0,0,0,0,0,0,0
896,Tim Hardaway,IND,200304190IND,"Apr 19, 2003",BOS,0,1,0,1,0.0,0.0,0.0,0,0,1,0,0,0,0,0,0,0,0,0,0,0,0,0,0,0,0,0,0,0,0,0
1886,Jonathan Bender,IND,200304190IND,"Apr 19, 2003",BOS,1,4,2,5,7.69,10.25,-2.56,1,0,3,0,1,1,0,0,0,0,0,0,0,0,0,0,0,0,0,0,0,0,0,0
2225,Tony Parker,SAS,200304190SAS,"Apr 19, 2003",PHX,7,13,6,16,18.42,22.38,-3.96,7,4,6,0,2,2,0,0,0,0,0,0,0,0,0,0,0,0,0,0,0,0,1,1
281,Scott Williams,PHX,200304190SAS,"Apr 19, 2003",SAS,2,3,0,3,33.33,33.33,0.0,3,2,0,0,0,0,0,0,0,0,0,0,0,0,0,0,0,0,0,0,0,0,0,0
2405,Amar'e Stoudemire,PHX,200304190SAS,"Apr 19, 2003",SAS,24,13,6,16,72.73,76.73,-4.0,12,16,1,3,3,5,0,0,0,0,0,0,0,0,0,0,0,0,0,0,0,0,0,0
1536,Stephen Jackson,SAS,200304190SAS,"Apr 19, 2003",PHX,23,17,6,20,47.92,58.55,-10.63,9,8,8,9,1,2,0,0,0,0,0,0,0,0,0,0,0,0,0,0,0,0,2,4
1495,Tim Duncan,SAS,200304190SAS,"Apr 19, 2003",PHX,17,12,8,16,53.12,54.77,-1.65,12,14,0,0,2,2,0,0,0,0,0,0,0,0,0,0,0,0,0,0,0,0,2,1
358,Anfernee Hardaway,PHX,200304190SAS,"Apr 19, 2003",SAS,11,11,2,12,37.93,46.3,-8.37,6,4,5,6,0,0,0,0,0,0,0,0,0,0,0,0,0,0,0,0,0,0,1,1
1890,Shawn Marion,PHX,200304190SAS,"Apr 19, 2003",SAS,24,19,7,23,47.06,54.35,-7.29,13,12,6,6,3,6,0,0,0,0,0,0,1,0,0,0,0,0,0,0,0,0,0,0
764,David Robinson,PHX,200304190SAS,"Apr 19, 2003",SAS,18,8,4,10,90.0,92.21,-2.21,8,16,0,0,2,2,0,0,0,0,0,0,0,0,0,0,0,0,0,0,0,0,0,0
1477,Bruce Bowen,SAS,200304190SAS,"Apr 19, 2003",PHX,3,6,3,7,16.67,20.49,-3.82,2,0,3,0,0,0,0,0,1,3,0,0,0,0,0,0,0,0,0,0,0,0,1,0
950,Stephon Marbury,PHX,200304190SAS,"Apr 19, 2003",SAS,26,28,8,32,38.24,41.24,-3.0,24,16,4,3,3,5,0,0,0,0,0,0,0,0,0,0,0,0,0,0,0,0,1,2
990,Malik Rose,SAS,200304190SAS,"Apr 19, 2003",PHX,13,11,6,14,46.43,47.65,-1.22,11,8,0,0,2,4,0,0,0,0,0,0,0,0,0,0,0,0,0,0,0,0,1,1
2063,Jake Voskuhl,PHX,200304190SAS,"Apr 19, 2003",SAS,4,2,0,2,100.0,100.0,0.0,2,4,0,0,0,0,0,0,0,0,0,0,0,0,0,0,0,0,0,0,0,0,0,0
448,Bo Outlaw,PHX,200304190SAS,"Apr 19, 2003",SAS,0,2,0,2,0.0,0.0,0.0,2,0,0,0,0,0,0,0,0,0,0,0,0,0,0,0,0,0,0,0,0,0,0,0
2207,Joe Johnson,PHX,200304190SAS,"Apr 19, 2003",SAS,4,4,0,4,50.0,50.0,0.0,4,4,0,0,0,0,0,0,0,0,0,0,0,0,0,0,0,0,0,0,0,0,0,0
1938,Manu Ginobili,SAS,200304190SAS,"Apr 19, 2003",PHX,11,9,6,12,35.48,47.25,-11.77,2,0,7,6,3,5,0,0,0,0,0,0,0,0,0,0,0,0,0,0,0,0,0,0
2049,Speedy Claxton,SAS,200304190SAS,"Apr 19, 2003",PHX,3,4,2,5,30.0,30.74,-0.74,4,2,0,0,1,1,0,0,0,0,0,0,0,0,0,0,0,0,0,0,0,0,0,0
339,Tom Gugliotta,PHX,200304190SAS,"Apr 19, 2003",SAS,1,0,2,1,50.0,56.82,-6.82,0,0,0,0,0,0,0,0,0,0,0,0,0,0,1,1,0,0,0,0,0,0,0,0
1717,Dirk Nowitzki,DAL,200304190DAL,"Apr 19, 2003",POR,46,27,11,32,65.71,72.24,-6.53,21,22,5,12,3,6,0,0,1,3,0,0,0,0,0,0,0,0,0,0,0,0,2,3
739,Rasheed Wallace,POR,200304190DAL,"Apr 19, 2003",DAL,26,22,4,24,47.27,54.71,-7.44,15,16,7,9,2,1,0,0,0,0,0,0,0,0,0,0,0,0,0,0,0,0,0,0
762,Shawn Bradley,DAL,200304190DAL,"Apr 19, 2003",POR,6,4,2,5,60.0,61.48,-1.48,4,4,0,0,1,2,0,0,0,0,0,0,0,0,0,0,0,0,0,0,0,0,0,0
937,Scottie Pippen,POR,200304190DAL,"Apr 19, 2003",DAL,5,8,0,8,23.81,31.25,-7.44,3,2,5,3,0,0,0,0,0,0,0,0,0,0,0,0,0,0,0,0,0,0,0,0
1507,Derek Anderson,POR,200304190DAL,"Apr 19, 2003",DAL,0,3,1,4,0.0,0.0,0.0,2,0,1,0,0,0,0,0,0,0,0,0,1,0,0,0,0,0,0,0,0,0,0,0
905,Dale Davis,POR,200304190DAL,"Apr 19, 2003",DAL,5,4,2,5,50.0,51.23,-1.23,4,4,0,0,1,1,0,0,0,0,0,0,0,0,0,0,0,0,0,0,0,0,0,0
714,Michael Finley,DAL,200304190DAL,"Apr 19, 2003",POR,13,12,2,13,41.94,50.47,-8.53,7,6,5,6,0,0,0,0,0,0,0,0,0,0,0,0,0,0,0,0,0,0,1,1
1719,Bonzi Wells,POR,200304190DAL,"Apr 19, 2003",DAL,13,15,3,16,36.11,39.83,-3.72,11,10,3,0,1,1,0,0,1,2,0,0,0,0,0,0,0,0,0,0,0,0,0,0
1711,Raef LaFrentz,DAL,200304190DAL,"Apr 19, 2003",POR,7,6,3,7,41.18,47.81,-6.63,3,2,2,0,1,2,0,0,1,3,0,0,0,0,0,0,0,0,0,0,0,0,0,0
959,Steve Nash,DAL,200304190DAL,"Apr 19, 2003",POR,10,11,4,14,34.48,39.18,-4.7,8,4,3,3,1,1,0,0,0,0,0,0,2,2,0,0,0,0,0,0,0,0,0,0
2059,Eduardo Najera,DAL,200304190DAL,"Apr 19, 2003",POR,6,4,0,4,75.0,75.0,0.0,4,6,0,0,0,0,0,0,0,0,0,0,0,0,0,0,0,0,0,0,0,0,0,0
89,Nick Van Exel,DAL,200304190DAL,"Apr 19, 2003",POR,8,8,2,9,38.1,45.05,-6.95,5,4,3,3,1,1,0,0,0,0,0,0,0,0,0,0,0,0,0,0,0,0,0,0
2216,Zach Randolph,POR,200304190DAL,"Apr 19, 2003",DAL,4,2,0,2,100.0,100.0,0.0,2,4,0,0,0,0,0,0,0,0,0,0,0,0,0,0,0,0,0,0,0,0,0,0
1739,Ruben Patterson,POR,200304190DAL,"Apr 19, 2003",DAL,6,7,4,9,33.33,34.25,-0.92,7,4,0,0,1,2,0,0,0,0,0,0,0,0,0,0,0,0,0,0,0,0,1,0
717,Arvydas Sabonis,POR,200304190DAL,"Apr 19, 2003",DAL,3,4,2,5,30.0,30.74,-0.74,4,2,0,0,1,1,0,0,0,0,0,0,0,0,0,0,0,0,0,0,0,0,0,0
976,Jeff McInnis,POR,200304190DAL,"Apr 19, 2003",DAL,8,7,0,7,57.14,57.14,0.0,7,8,0,0,0,0,0,0,0,0,0,0,0,0,0,0,0,0,0,0,0,0,0,0
757,Damon Stoudamire,POR,200304190DAL,"Apr 19, 2003",DAL,16,10,5,13,59.26,65.57,-6.31,8,8,2,3,2,4,0,0,0,0,0,0,1,1,0,0,0,0,0,0,0,0,0,0
1559,Adrian Griffin,DAL,200304190DAL,"Apr 19, 2003",POR,0,1,0,1,0.0,0.0,0.0,1,0,0,0,0,0,0,0,0,0,0,0,0,0,0,0,0,0,0,0,0,0,0,0
252,Karl Malone,UTA,200304190SAC,"Apr 19, 2003",SAC,25,23,8,27,45.45,47.13,-1.68,22,20,1,0,3,3,0,0,0,0,0,0,0,0,0,0,0,0,0,0,0,0,1,2
57,Doug Christie,SAC,200304190SAC,"Apr 19, 2003",UTA,2,3,2,4,22.22,25.77,-3.55,2,0,1,0,0,0,0,0,0,0,0,0,0,0,0,0,0,0,0,0,0,0,1,2
978,Peja Stojakovic,SAC,200304190SAC,"Apr 19, 2003",UTA,16,13,2,14,47.06,57.64,-10.58,7,2,6,12,0,0,0,0,0,0,0,0,0,0,0,0,0,0,0,0,0,0,1,2
185,Chris Webber,SAC,200304190SAC,"Apr 19, 2003",UTA,27,23,8,27,50.0,50.9,-0.9,23,22,0,0,2,1,0,0,0,0,0,0,0,0,0,0,0,0,0,0,0,0,2,4
124,Vlade Divac,SAC,200304190SAC,"Apr 19, 2003",UTA,5,7,4,9,27.78,28.54,-0.76,7,2,0,0,1,1,0,0,0,0,0,0,0,0,0,0,0,0,0,0,0,0,1,2
731,Greg Ostertag,SAC,200304190SAC,"Apr 19, 2003",UTA,18,12,3,13,66.67,67.57,-0.9,11,14,0,0,0,0,0,0,1,3,0,0,0,0,0,0,0,0,0,0,0,0,1,1
304,John Stockton,UTA,200304190SAC,"Apr 19, 2003",SAC,13,10,3,12,54.17,57.42,-3.25,9,10,1,0,1,2,0,0,0,0,0,0,1,1,0,0,0,0,0,0,0,0,0,0
1710,Mike Bibby,SAC,200304190SAC,"Apr 19, 2003",UTA,10,8,4,10,47.62,51.23,-3.61,7,4,1,3,0,0,0,0,0,0,0,0,0,0,0,0,0,0,0,0,0,0,2,3
384,Calbert Cheaney,UTA,200304190SAC,"Apr 19, 2003",SAC,0,2,0,2,0.0,0.0,0.0,2,0,0,0,0,0,0,0,0,0,0,0,0,0,0,0,0,0,0,0,0,0,0,0
1723,Matt Harpring,UTA,200304190SAC,"Apr 19, 2003",SAC,15,16,0,16,41.67,46.88,-5.21,12,12,4,3,0,0,0,0,0,0,0,0,0,0,0,0,0,0,0,0,0,0,0,0
349,Mark Jackson,UTA,200304190SAC,"Apr 19, 2003",SAC,5,5,1,5,41.67,45.96,-4.29,3,2,1,0,0,0,0,0,1,3,0,0,0,0,0,0,0,0,0,0,0,0,0,0
1721,Keon Clark,SAC,200304190SAC,"Apr 19, 2003",UTA,5,3,1,3,71.43,72.67,-1.24,2,2,0,0,0,0,0,0,1,3,0,0,0,0,0,0,0,0,0,0,0,0,0,0
754,Jim Jackson,SAC,200304190SAC,"Apr 19, 2003",UTA,15,4,10,9,75.0,89.29,-14.29,2,0,2,6,1,2,0,0,0,0,0,0,0,0,0,0,0,0,0,0,0,0,4,7
1517,Bobby Jackson,SAC,200304190SAC,"Apr 19, 2003",UTA,13,5,6,8,81.25,85.08,-3.83,5,8,0,0,3,5,0,0,0,0,0,0,0,0,0,0,0,0,0,0,0,0,0,0
1905,Andrei Kirilenko,UTA,200304190SAC,"Apr 19, 2003",SAC,10,7,4,9,52.63,57.08,-4.45,6,6,1,0,1,2,0,0,0,0,0,0,0,0,0,0,0,0,0,0,0,0,1,2
1909,Scott Padgett,UTA,200304190SAC,"Apr 19, 2003",SAC,0,2,0,2,0.0,0.0,0.0,2,0,0,0,0,0,0,0,0,0,0,0,0,0,0,0,0,0,0,0,0,0,0,0
763,Tony Massenburg,UTA,200304190SAC,"Apr 19, 2003",SAC,4,2,0,2,100.0,100.0,0.0,2,4,0,0,0,0,0,0,0,0,0,0,0,0,0,0,0,0,0,0,0,0,0,0
2045,Hedo Turkoglu,SAC,200304190SAC,"Apr 19, 2003",UTA,3,3,0,3,37.5,50.0,-12.5,1,0,2,3,0,0,0,0,0,0,0,0,0,0,0,0,0,0,0,0,0,0,0,0
1112,Ben Wallace,DET,200304200DET,"Apr 20, 2003",ORL,7,4,8,8,43.75,46.54,-2.79,4,0,0,0,1,2,0,0,0,0,0,0,0,0,0,0,0,0,0,0,0,0,3,5
1497,Chauncey Billups,DET,200304200DET,"Apr 20, 2003",ORL,21,16,19,25,36.21,43.1,-6.89,8,4,7,0,6,10,0,0,1,3,0,0,0,0,0,0,0,0,0,0,0,0,3,4
1503,Tracy McGrady,ORL,200304200DET,"Apr 20, 2003",DET,43,28,12,33,58.11,64.6,-6.49,20,20,6,9,4,7,0,0,2,6,0,0,0,0,0,0,0,0,0,0,0,0,1,1
1921,Gordan Giricek,DET,200304200DET,"Apr 20, 2003",ORL,4,2,2,3,66.67,69.44,-2.77,2,2,0,0,0,0,0,0,0,0,0,0,0,0,0,0,0,0,0,0,0,0,1,2
1888,Richard Hamilton,DET,200304200DET,"Apr 20, 2003",ORL,28,17,12,23,57.14,62.84,-5.7,14,10,3,6,4,8,0,0,0,0,0,0,0,0,0,0,0,0,0,0,0,0,2,4
361,Clifford Robinson,DET,200304200DET,"Apr 20, 2003",ORL,19,18,3,19,42.22,49.17,-6.95,11,8,6,6,1,2,0,0,1,3,0,0,0,0,0,0,0,0,0,0,0,0,0,0
2400,Drew Gooden,ORL,200304200DET,"Apr 20, 2003",DET,18,16,6,19,47.37,48.28,-0.91,16,12,0,0,3,6,0,0,0,0,0,0,0,0,0,0,0,0,0,0,0,0,0,0
353,Darrell Armstrong,ORL,200304200DET,"Apr 20, 2003",DET,9,9,2,10,39.13,45.55,-6.42,6,4,3,3,1,2,0,0,0,0,0,0,0,0,0,0,0,0,0,0,0,0,0,0
1521,Jacque Vaughn,DET,200304200DET,"Apr 20, 2003",ORL,4,3,0,3,66.67,66.67,0.0,3,4,0,0,0,0,0,0,0,0,0,0,0,0,0,0,0,0,0,0,0,0,0,0
688,Michael Curry,DET,200304200DET,"Apr 20, 2003",ORL,3,1,1,1,100.0,104.17,-4.17,0,0,0,0,0,0,0,0,1,3,0,0,0,0,0,0,0,0,0,0,0,0,0,0
692,Andrew DeClercq,DET,200304200DET,"Apr 20, 2003",ORL,2,2,0,2,50.0,50.0,0.0,2,2,0,0,0,0,0,0,0,0,0,0,0,0,0,0,0,0,0,0,0,0,0,0
1727,Pat Garrity,ORL,200304200DET,"Apr 20, 2003",DET,2,1,2,2,40.0,53.19,-13.19,0,0,1,0,0,0,0,0,0,0,0,0,0,0,0,0,0,0,0,0,0,0,1,2
2246,Mehmet Okur,DET,200304200DET,"Apr 20, 2003",ORL,2,2,2,3,33.33,34.72,-1.39,2,2,0,0,1,0,0,0,0,0,0,0,0,0,0,0,0,0,0,0,0,0,0,0
43,Chris Whitney,ORL,200304200DET,"Apr 20, 2003",DET,5,4,0,4,55.56,62.5,-6.94,3,2,1,3,0,0,0,0,0,0,0,0,0,0,0,0,0,0,0,0,0,0,0,0
722,Corliss Williamson,DET,200304200DET,"Apr 20, 2003",ORL,6,8,2,9,33.33,33.78,-0.45,8,4,0,0,1,2,0,0,0,0,0,0,0,0,0,0,0,0,0,0,0,0,0,0
2212,Steven Hunter,ORL,200304200DET,"Apr 20, 2003",DET,4,2,1,2,80.0,81.97,-1.97,1,2,0,0,0,0,0,0,1,2,0,0,0,0,0,0,0,0,0,0,0,0,0,0
431,Shawn Kemp,ORL,200304200DET,"Apr 20, 2003",DET,6,6,0,6,50.0,50.0,0.0,6,6,0,0,0,0,0,0,0,0,0,0,0,0,0,0,0,0,0,0,0,0,0,0
1088,Chucky Atkins,DET,200304200DET,"Apr 20, 2003",ORL,6,7,0,7,31.58,42.86,-11.28,2,0,5,6,0,0,0,0,0,0,0,0,0,0,0,0,0,0,0,0,0,0,0,0
2469,Pat Burke,ORL,200304200DET,"Apr 20, 2003",DET,2,3,0,3,33.33,33.33,0.0,3,2,0,0,0,0,0,0,0,0,0,0,0,0,0,0,0,0,0,0,0,0,0,0
468,Jon Barry,DET,200304200DET,"Apr 20, 2003",ORL,2,3,0,3,28.57,33.33,-4.76,2,2,1,0,0,0,0,0,0,0,0,0,0,0,0,0,0,0,0,0,0,0,0,0
2058,Mark Madsen,LAL,200304200MIN,"Apr 20, 2003",MIN,6,4,3,5,54.55,56.39,-1.84,3,2,0,0,0,0,0,0,1,2,0,0,0,0,1,2,0,0,0,0,0,0,0,0
406,Shaquille O'Neal,LAL,200304200MIN,"Apr 20, 2003",MIN,32,17,13,23,68.09,70.42,-2.33,16,20,0,0,5,8,0,0,1,3,0,0,0,0,0,0,0,0,0,0,0,0,1,1
965,Derek Fisher,LAL,200304200MIN,"Apr 20, 2003",MIN,17,12,0,12,56.67,70.83,-14.16,6,2,6,15,0,0,0,0,0,0,0,0,0,0,0,0,0,0,0,0,0,0,0,0
708,Kevin Garnett,MIN,200304200MIN,"Apr 20, 2003",LAL,23,21,4,23,48.94,50.53,-1.59,20,22,1,0,1,1,0,0,0,0,0,0,0,0,0,0,0,0,0,0,0,0,1,0
977,Kobe Bryant,LAL,200304200MIN,"Apr 20, 2003",MIN,39,30,6,33,56.52,59.74,-3.22,27,30,3,3,1,2,1,3,0,0,0,0,1,1,0,0,0,0,0,0,0,0,0,0
1725,Rasho Nesterovic,MIN,200304200MIN,"Apr 20, 2003",LAL,11,10,2,11,50.0,50.55,-0.55,10,10,0,0,1,1,0,0,0,0,0,0,0,0,0,0,0,0,0,0,0,0,0,0
1607,Troy Hudson,MIN,200304200MIN,"Apr 20, 2003",LAL,17,16,4,18,44.74,47.86,-3.12,14,10,2,3,2,4,0,0,0,0,0,0,0,0,0,0,0,0,0,0,0,0,0,0
296,Rick Fox,LAL,200304200MIN,"Apr 20, 2003",MIN,10,4,2,5,71.43,102.46,-31.03,0,0,4,9,0,0,0,0,0,0,0,0,0,0,0,0,0,0,0,0,0,0,1,1
1887,Wally Szczerbiak,MIN,200304200MIN,"Apr 20, 2003",LAL,15,9,6,12,57.69,64.43,-6.74,7,10,2,0,3,5,0,0,0,0,0,0,0,0,0,0,0,0,0,0,0,0,0,0
693,Joe Smith,LAL,200304200MIN,"Apr 20, 2003",MIN,2,1,0,1,100.0,100.0,0.0,1,2,0,0,0,0,0,0,0,0,0,0,0,0,0,0,0,0,0,0,0,0,0,0
324,Anthony Peeler,MIN,200304200MIN,"Apr 20, 2003",LAL,6,5,0,5,60.0,60.0,0.0,5,6,0,0,0,0,0,0,0,0,0,0,0,0,0,0,0,0,0,0,0,0,0,0
109,Robert Horry,LAL,200304200MIN,"Apr 20, 2003",MIN,2,5,0,5,15.38,20.0,-4.62,2,2,3,0,0,0,0,0,0,0,0,0,0,0,0,0,0,0,0,0,0,0,0,0
393,Rod Strickland,MIN,200304200MIN,"Apr 20, 2003",LAL,10,4,6,7,71.43,75.3,-3.87,4,4,0,0,1,2,0,0,0,0,0,0,0,0,0,0,0,0,0,0,0,0,2,4
1531,Marc Jackson,MIN,200304200MIN,"Apr 20, 2003",LAL,11,5,3,6,84.62,87.03,-2.41,4,6,0,0,1,2,0,0,1,3,0,0,0,0,0,0,0,0,0,0,0,0,0,0
2416,Kareem Rush,LAL,200304200MIN,"Apr 20, 2003",MIN,0,1,0,1,0.0,0.0,0.0,0,0,1,0,0,0,0,0,0,0,0,0,0,0,0,0,0,0,0,0,0,0,0,0
2457,Jannero Pargo,MIN,200304200MIN,"Apr 20, 2003",LAL,0,1,0,1,0.0,0.0,0.0,1,0,0,0,0,0,0,0,0,0,0,0,0,0,0,0,0,0,0,0,0,0,0,0
383,Kendall Gill,MIN,200304200MIN,"Apr 20, 2003",LAL,0,2,0,2,0.0,0.0,0.0,2,0,0,0,0,0,0,0,0,0,0,0,0,0,0,0,0,0,0,0,0,0,0,0
1904,Devean George,LAL,200304200MIN,"Apr 20, 2003",MIN,11,6,0,6,78.57,91.67,-13.1,4,8,2,3,0,0,0,0,0,0,0,0,0,0,0,0,0,0,0,0,0,0,0,0
718,Gary Trent,MIN,200304200MIN,"Apr 20, 2003",LAL,3,3,2,4,37.5,38.66,-1.16,3,2,0,0,0,0,0,0,0,0,0,0,0,0,0,0,0,0,0,0,0,0,1,1
1496,Keith Van Horn,PHI,200304200PHI,"Apr 20, 2003",NOP,3,8,0,8,15.79,18.75,-2.96,5,0,3,3,0,0,0,0,0,0,0,0,0,0,0,0,0,0,0,0,0,0,0,0
727,Eric Snow,PHI,200304200PHI,"Apr 20, 2003",NOP,15,13,9,18,40.54,44.22,-3.68,11,6,2,0,0,0,0,0,0,0,0,0,1,1,0,0,0,0,0,0,0,0,4,8
1884,Baron Davis,PHI,200304200PHI,"Apr 20, 2003",NOP,10,8,4,10,41.67,51.23,-9.56,4,4,4,3,2,3,0,0,0,0,0,0,0,0,0,0,0,0,0,0,0,0,0,0
947,Allen Iverson,PHI,200304200PHI,"Apr 20, 2003",NOP,55,32,11,37,68.75,74.65,-5.9,25,32,5,9,2,3,0,0,2,6,0,0,1,1,0,0,0,0,0,0,0,0,2,4
2048,Jamaal Magloire,NOP,200304200PHI,"Apr 20, 2003",PHI,9,7,8,11,40.91,42.78,-1.87,7,4,0,0,3,3,0,0,0,0,0,0,0,0,0,0,0,0,0,0,0,0,1,2
934,Derrick Coleman,NOP,200304200PHI,"Apr 20, 2003",PHI,4,4,4,6,30.77,34.72,-3.95,3,2,1,0,1,1,0,0,0,0,0,0,0,0,0,0,0,0,0,0,0,0,1,1
469,Jamal Mashburn,NOP,200304200PHI,"Apr 20, 2003",PHI,28,21,13,27,46.67,52.4,-5.73,15,12,5,3,2,3,0,0,1,3,0,0,0,0,0,0,0,0,0,0,0,0,4,7
136,P.J. Brown,NOP,200304200PHI,"Apr 20, 2003",PHI,9,7,2,8,56.25,57.11,-0.86,7,8,0,0,1,1,0,0,0,0,0,0,0,0,0,0,0,0,0,0,0,0,0,0
133,David Wesley,NOP,200304200PHI,"Apr 20, 2003",PHI,5,5,2,6,31.25,42.52,-11.27,1,0,4,3,1,2,0,0,0,0,0,0,0,0,0,0,0,0,0,0,0,0,0,0
703,Kurt Thomas,NOP,200304200PHI,"Apr 20, 2003",PHI,4,4,0,4,50.0,50.0,0.0,4,4,0,0,0,0,0,0,0,0,0,0,0,0,0,0,0,0,0,0,0,0,0,0
243,Aaron McKie,PHI,200304200PHI,"Apr 20, 2003",NOP,12,9,0,9,66.67,66.67,0.0,9,12,0,0,0,0,0,0,0,0,0,0,0,0,0,0,0,0,0,0,0,0,0,0
238,Tyrone Hill,PHI,200304200PHI,"Apr 20, 2003",NOP,5,2,1,2,100.0,102.46,-2.46,1,2,0,0,0,0,0,0,1,3,0,0,0,0,0,0,0,0,0,0,0,0,0,0
278,Stacey Augmon,NOP,200304200PHI,"Apr 20, 2003",PHI,11,5,8,9,61.11,64.55,-3.44,5,4,0,0,1,2,0,0,0,0,0,0,0,0,0,0,0,0,0,0,0,0,3,5
1730,Brian Skinner,PHI,200304200PHI,"Apr 20, 2003",NOP,0,1,0,1,0.0,0.0,0.0,1,0,0,0,0,0,0,0,0,0,0,0,0,0,0,0,0,0,0,0,0,0,0,0
1761,Greg Buckner,PHI,200304200PHI,"Apr 20, 2003",NOP,0,2,0,2,0.0,0.0,0.0,2,0,0,0,0,0,0,0,0,0,0,0,0,0,0,0,0,0,0,0,0,0,0,0
72,Kenny Anderson,NOP,200304200PHI,"Apr 20, 2003",PHI,2,1,0,1,100.0,100.0,0.0,1,2,0,0,0,0,0,0,0,0,0,0,0,0,0,0,0,0,0,0,0,0,0,0
248,George Lynch,NOP,200304200PHI,"Apr 20, 2003",PHI,9,5,2,6,69.23,76.53,-7.3,4,6,1,3,1,0,0,0,0,0,0,0,0,0,0,0,0,0,0,0,0,0,0,0
1714,Robert Traylor,NOP,200304200PHI,"Apr 20, 2003",PHI,7,5,1,5,63.64,64.34,-0.7,4,4,0,0,0,0,0,0,1,3,0,0,0,0,0,0,0,0,0,0,0,0,0,0
42,Monty Williams,PHI,200304200PHI,"Apr 20, 2003",NOP,0,2,0,2,0.0,0.0,0.0,2,0,0,0,0,0,0,0,0,0,0,0,0,0,0,0,0,0,0,0,0,0,0,0
2042,Courtney Alexander,NOP,200304200PHI,"Apr 20, 2003",PHI,0,1,0,1,0.0,0.0,0.0,1,0,0,0,0,0,0,0,0,0,0,0,0,0,0,0,0,0,0,0,0,0,0,0
2225,Tony Parker,SAS,200304210SAS,"Apr 21, 2003",PHX,2,7,0,7,12.5,14.29,-1.79,5,2,2,0,0,0,0,0,0,0,0,0,0,0,0,0,0,0,0,0,0,0,0,0
1890,Shawn Marion,PHX,200304210SAS,"Apr 21, 2003",SAS,6,14,0,14,18.75,21.43,-2.68,10,6,4,0,0,0,0,0,0,0,0,0,0,0,0,0,0,0,0,0,0,0,0,0
358,Anfernee Hardaway,PHX,200304210SAS,"Apr 21, 2003",SAS,17,13,7,16,44.74,52.86,-8.12,7,6,5,3,1,2,0,0,1,2,0,0,0,0,0,0,0,0,0,0,0,0,2,4
950,Stephon Marbury,PHX,200304210SAS,"Apr 21, 2003",SAS,32,27,7,30,48.48,53.19,-4.71,21,24,5,0,2,4,0,0,1,3,0,0,0,0,0,0,0,0,0,0,0,0,1,1
2405,Amar'e Stoudemire,PHX,200304210SAS,"Apr 21, 2003",SAS,5,10,2,11,22.73,22.98,-0.25,10,4,0,0,1,1,0,0,0,0,0,0,0,0,0,0,0,0,0,0,0,0,0,0
198,Danny Ferry,SAS,200304210SAS,"Apr 21, 2003",PHX,6,10,0,10,23.08,30.0,-6.92,4,0,6,6,0,0,0,0,0,0,0,0,0,0,0,0,0,0,0,0,0,0,0,0
1477,Bruce Bowen,SAS,200304210SAS,"Apr 21, 2003",PHX,3,5,2,6,21.43,25.51,-4.08,3,2,2,0,1,1,0,0,0,0,0,0,0,0,0,0,0,0,0,0,0,0,0,0
1495,Tim Duncan,SAS,200304210SAS,"Apr 21, 2003",PHX,22,15,6,18,61.11,62.36,-1.25,14,16,0,0,2,3,0,0,1,2,0,0,0,0,0,0,0,0,0,0,1,1,0,0
1536,Stephen Jackson,SAS,200304210SAS,"Apr 21, 2003",PHX,23,20,3,22,44.23,53.94,-9.71,11,14,9,6,0,0,0,0,0,0,0,0,1,1,0,0,0,0,0,0,0,0,1,2
281,Scott Williams,PHX,200304210SAS,"Apr 21, 2003",SAS,4,6,0,6,33.33,33.33,0.0,6,4,0,0,0,0,0,0,0,0,0,0,0,0,0,0,0,0,0,0,0,0,0,0
990,Malik Rose,SAS,200304210SAS,"Apr 21, 2003",PHX,11,4,12,11,52.38,59.27,-6.89,3,2,1,0,1,2,0,0,0,0,0,0,2,0,0,0,0,0,0,0,0,0,4,7
2207,Joe Johnson,PHX,200304210SAS,"Apr 21, 2003",SAS,6,9,0,9,28.57,33.33,-4.76,6,6,3,0,0,0,0,0,0,0,0,0,0,0,0,0,0,0,0,0,0,0,0,0
2063,Jake Voskuhl,PHX,200304210SAS,"Apr 21, 2003",SAS,6,3,0,3,100.0,100.0,0.0,3,6,0,0,0,0,0,0,0,0,0,0,0,0,0,0,0,0,0,0,0,0,0,0
448,Bo Outlaw,PHX,200304210SAS,"Apr 21, 2003",SAS,0,2,2,3,0.0,0.0,0.0,2,0,0,0,1,0,0,0,0,0,0,0,0,0,0,0,0,0,0,0,0,0,0,0
1938,Manu Ginobili,SAS,200304210SAS,"Apr 21, 2003",PHX,7,10,0,10,30.43,35.0,-4.57,7,4,3,3,0,0,0,0,0,0,0,0,0,0,0,0,0,0,0,0,0,0,0,0
2049,Speedy Claxton,SAS,200304210SAS,"Apr 21, 2003",PHX,10,11,2,12,41.67,42.09,-0.42,11,8,0,0,1,2,0,0,0,0,0,0,0,0,0,0,0,0,0,0,0,0,0,0
979,Jermaine O'Neal,IND,200304210IND,"Apr 21, 2003",BOS,23,16,6,19,58.97,61.7,-2.73,15,18,1,0,3,5,0,0,0,0,0,0,0,0,0,0,0,0,0,0,0,0,0,0
1718,Paul Pierce,BOS,200304210IND,"Apr 21, 2003",IND,14,18,5,20,29.17,34.65,-5.48,10,6,7,3,1,1,0,0,1,3,0,0,0,0,0,0,0,0,0,0,0,0,1,1
960,Tony Delk,BOS,200304210IND,"Apr 21, 2003",IND,12,9,8,13,44.44,47.92,-3.48,8,6,1,0,3,5,0,0,0,0,0,0,0,0,0,0,0,0,0,0,0,0,1,1
1897,Metta World Peace,IND,200304210IND,"Apr 21, 2003",BOS,13,16,4,18,32.5,36.6,-4.1,12,8,4,3,2,2,0,0,0,0,0,0,0,0,0,0,0,0,0,0,0,0,0,0
677,Eric Williams,BOS,200304210IND,"Apr 21, 2003",IND,4,10,2,11,15.38,18.38,-3.0,6,2,4,0,1,2,0,0,0,0,0,0,0,0,0,0,0,0,0,0,0,0,0,0
397,Reggie Miller,IND,200304210IND,"Apr 21, 2003",BOS,18,13,9,18,42.86,53.07,-10.21,5,4,7,3,1,2,0,0,1,3,0,0,2,2,0,0,0,0,0,0,0,0,2,4
1802,Brad Miller,IND,200304210IND,"Apr 21, 2003",BOS,10,8,0,8,62.5,62.5,0.0,8,10,0,0,0,0,0,0,0,0,0,0,0,0,0,0,0,0,0,0,0,0,0,0
2224,Jamaal Tinsley,IND,200304210IND,"Apr 21, 2003",BOS,15,7,2,8,71.43,95.18,-23.75,2,2,5,12,0,0,0,0,0,0,0,0,0,0,0,0,0,0,0,0,0,0,1,1
1499,Tony Battie,BOS,200304210IND,"Apr 21, 2003",IND,8,9,0,9,44.44,44.44,0.0,9,8,0,0,0,0,0,0,0,0,0,0,0,0,0,0,0,0,0,0,0,0,0,0
952,Antoine Walker,BOS,200304210IND,"Apr 21, 2003",IND,19,15,2,16,52.78,59.82,-7.04,11,8,4,9,1,2,0,0,0,0,0,0,0,0,0,0,0,0,0,0,0,0,0,0
2452,J.R. Bremer,BOS,200304210IND,"Apr 21, 2003",IND,4,4,0,4,40.0,50.0,-10.0,2,4,2,0,0,0,0,0,0,0,0,0,0,0,0,0,0,0,0,0,0,0,0,0
962,Walter McCarty,BOS,200304210IND,"Apr 21, 2003",IND,16,12,1,12,48.48,64.31,-15.83,3,4,8,9,0,0,0,0,1,3,0,0,0,0,0,0,0,0,0,0,0,0,0,0
1733,Al Harrington,BOS,200304210IND,"Apr 21, 2003",IND,0,1,0,1,0.0,0.0,0.0,1,0,0,0,0,0,0,0,0,0,0,0,0,0,0,0,0,0,0,0,0,0,0,0
1065,Erick Strickland,IND,200304210IND,"Apr 21, 2003",BOS,2,0,2,1,100.0,113.64,-13.64,0,0,0,0,1,2,0,0,0,0,0,0,0,0,0,0,0,0,0,0,0,0,0,0
1506,Austin Croshere,IND,200304210IND,"Apr 21, 2003",BOS,6,9,2,10,25.0,30.36,-5.36,5,4,4,0,1,2,0,0,0,0,0,0,0,0,0,0,0,0,0,0,0,0,0,0
1500,Ron Mercer,IND,200304210IND,"Apr 21, 2003",BOS,2,3,0,3,33.33,33.33,0.0,3,2,0,0,0,0,0,0,0,0,0,0,0,0,0,0,0,0,0,0,0,0,0,0
3,Grant Long,BOS,200304210IND,"Apr 21, 2003",IND,0,1,0,1,0.0,0.0,0.0,1,0,0,0,0,0,0,0,0,0,0,0,0,0,0,0,0,0,0,0,0,0,0,0
1723,Matt Harpring,UTA,200304210SAC,"Apr 21, 2003",SAC,14,12,2,13,48.28,54.35,-6.07,9,12,3,0,1,2,0,0,0,0,0,0,0,0,0,0,0,0,0,0,0,0,0,0
978,Peja Stojakovic,SAC,200304210SAC,"Apr 21, 2003",UTA,29,16,6,19,67.44,77.79,-10.35,11,14,5,9,3,6,0,0,0,0,0,0,0,0,0,0,0,0,0,0,0,0,0,0
252,Karl Malone,UTA,200304210SAC,"Apr 21, 2003",SAC,15,12,4,14,53.57,54.51,-0.94,12,12,0,0,1,1,0,0,0,0,0,0,0,0,0,0,0,0,0,0,0,0,1,2
304,John Stockton,UTA,200304210SAC,"Apr 21, 2003",SAC,8,7,0,7,57.14,57.14,0.0,7,8,0,0,0,0,0,0,0,0,0,0,0,0,0,0,0,0,0,0,0,0,0,0
731,Greg Ostertag,UTA,200304210SAC,"Apr 21, 2003",SAC,4,2,2,3,66.67,69.44,-2.77,2,2,0,0,1,2,0,0,0,0,0,0,0,0,0,0,0,0,0,0,0,0,0,0
1710,Mike Bibby,SAC,200304210SAC,"Apr 21, 2003",UTA,10,11,0,11,43.48,45.45,-1.97,10,10,1,0,0,0,0,0,0,0,0,0,0,0,0,0,0,0,0,0,0,0,0,0
185,Chris Webber,SAC,200304210SAC,"Apr 21, 2003",UTA,8,7,0,7,57.14,57.14,0.0,7,8,0,0,0,0,0,0,0,0,0,0,0,0,0,0,0,0,0,0,0,0,0,0
124,Vlade Divac,SAC,200304210SAC,"Apr 21, 2003",UTA,15,8,5,10,71.43,73.53,-2.1,7,10,0,0,2,3,0,0,1,2,0,0,0,0,0,0,0,0,0,0,0,0,0,0
384,Calbert Cheaney,SAC,200304210SAC,"Apr 21, 2003",UTA,2,7,0,7,14.29,14.29,0.0,7,2,0,0,0,0,0,0,0,0,0,0,0,0,0,0,0,0,0,0,0,0,0,0
57,Doug Christie,SAC,200304210SAC,"Apr 21, 2003",UTA,0,3,0,3,0.0,0.0,0.0,2,0,1,0,0,0,0,0,0,0,0,0,0,0,0,0,0,0,0,0,0,0,0,0
349,Mark Jackson,UTA,200304210SAC,"Apr 21, 2003",SAC,14,10,0,10,60.87,70.0,-9.13,7,8,3,6,0,0,0,0,0,0,0,0,0,0,0,0,0,0,0,0,0,0,0,0
1905,Andrei Kirilenko,UTA,200304210SAC,"Apr 21, 2003",SAC,17,9,12,15,50.0,59.52,-9.52,5,4,4,3,5,9,0,0,0,0,0,0,0,0,0,0,0,0,0,0,0,0,1,1
1721,Keon Clark,SAC,200304210SAC,"Apr 21, 2003",UTA,6,5,0,5,60.0,60.0,0.0,5,6,0,0,0,0,0,0,0,0,0,0,0,0,0,0,0,0,0,0,0,0,0,0
754,Jim Jackson,SAC,200304210SAC,"Apr 21, 2003",UTA,11,11,0,11,42.31,50.0,-7.69,7,8,4,3,0,0,0,0,0,0,0,0,0,0,0,0,0,0,0,0,0,0,0,0
1517,Bobby Jackson,SAC,200304210SAC,"Apr 21, 2003",UTA,15,11,4,13,53.57,58.78,-5.21,9,12,2,0,1,2,0,0,0,0,0,0,0,0,0,0,0,0,0,0,0,0,1,1
763,Tony Massenburg,UTA,200304210SAC,"Apr 21, 2003",SAC,12,9,3,10,57.14,58.14,-1.0,8,8,0,0,1,2,0,0,1,2,0,0,0,0,0,0,0,0,0,0,0,0,0,0
1513,Scot Pollard,SAC,200304210SAC,"Apr 21, 2003",UTA,8,6,4,8,50.0,51.55,-1.55,6,4,0,0,1,2,0,0,0,0,0,0,0,0,0,0,0,0,0,0,0,0,1,2
2306,Carlos Arroyo,UTA,200304210SAC,"Apr 21, 2003",SAC,6,5,2,6,50.0,51.02,-1.02,5,4,0,0,1,2,0,0,0,0,0,0,0,0,0,0,0,0,0,0,0,0,0,0
1909,Scott Padgett,UTA,200304210SAC,"Apr 21, 2003",SAC,3,4,0,4,25.0,37.5,-12.5,0,0,4,3,0,0,0,0,0,0,0,0,0,0,0,0,0,0,0,0,0,0,0,0
2045,Hedo Turkoglu,SAC,200304210SAC,"Apr 21, 2003",UTA,2,2,2,3,28.57,34.72,-6.15,1,2,1,0,0,0,0,0,0,0,0,0,0,0,1,0,0,0,0,0,0,0,0,0
2222,Gerald Wallace,SAC,200304210SAC,"Apr 21, 2003",UTA,2,1,0,1,100.0,100.0,0.0,1,2,0,0,0,0,0,0,0,0,0,0,0,0,0,0,0,0,0,0,0,0,0,0
1444,Lawrence Funderburke,SAC,200304210SAC,"Apr 21, 2003",UTA,2,1,0,1,100.0,100.0,0.0,1,2,0,0,0,0,0,0,0,0,0,0,0,0,0,0,0,0,0,0,0,0,0,0
208,Sam Cassell,MIL,200304220NJN,"Apr 22, 2003",NJN,21,13,1,14,70.0,78.12,-8.12,10,14,3,6,0,0,0,0,0,0,0,0,0,0,0,0,0,0,0,0,1,1,0,0
2210,Richard Jefferson,NJN,200304220NJN,"Apr 22, 2003",MIL,16,12,6,15,51.61,54.64,-3.03,11,12,1,0,3,4,0,0,0,0,0,0,0,0,0,0,0,0,0,0,0,0,0,0
2038,Joel Przybilla,MIL,200304220NJN,"Apr 22, 2003",NJN,2,1,0,1,100.0,100.0,0.0,1,2,0,0,0,0,0,0,0,0,0,0,0,0,0,0,0,0,0,0,0,0,0,0
2030,Kenyon Martin,NJN,200304220NJN,"Apr 22, 2003",MIL,22,16,7,19,56.41,57.65,-1.24,15,14,0,0,3,5,0,0,1,3,0,0,0,0,0,0,0,0,0,0,0,0,0,0
2046,Desmond Mason,MIL,200304220NJN,"Apr 22, 2003",NJN,5,6,4,8,29.41,32.22,-2.81,5,4,1,0,1,0,0,0,0,0,0,0,0,0,0,0,0,0,0,0,0,0,1,1
467,Jason Kidd,NJN,200304220NJN,"Apr 22, 2003",MIL,17,14,3,15,44.74,55.48,-10.74,7,6,7,9,0,0,1,2,0,0,0,0,0,0,0,0,0,0,0,0,0,0,0,0
954,Kerry Kittles,MIL,200304220NJN,"Apr 22, 2003",NJN,2,8,0,8,11.76,12.5,-0.74,7,2,1,0,0,0,0,0,0,0,0,0,0,0,0,0,0,0,0,0,0,0,0,0
56,Gary Payton,MIL,200304220NJN,"Apr 22, 2003",NJN,22,20,0,20,52.38,55.0,-2.62,18,22,2,0,0,0,0,0,0,0,0,0,0,0,0,0,0,0,0,0,0,0,0,0
915,Rodney Rogers,NJN,200304220NJN,"Apr 22, 2003",MIL,8,10,2,11,34.78,36.76,-1.98,9,6,1,0,1,2,0,0,0,0,0,0,0,0,0,0,0,0,0,0,0,0,0,0
1501,Tim Thomas,MIL,200304220NJN,"Apr 22, 2003",NJN,18,16,8,20,40.91,46.11,-5.2,12,12,4,3,3,3,0,0,0,0,0,0,0,0,0,0,0,0,0,0,0,0,1,0
389,Toni Kukoc,MIL,200304220NJN,"Apr 22, 2003",NJN,11,8,4,10,47.83,56.35,-8.52,5,8,3,0,2,3,0,0,0,0,0,0,0,0,0,0,0,0,0,0,0,0,0,0
193,Anthony Mason,MIL,200304220NJN,"Apr 22, 2003",NJN,2,1,2,2,50.0,53.19,-3.19,1,2,0,0,0,0,0,0,0,0,0,0,0,0,0,0,0,0,0,0,0,0,1,0
2072,Michael Redd,MIL,200304220NJN,"Apr 22, 2003",NJN,7,9,1,10,33.33,37.08,-3.75,7,6,2,0,0,0,0,0,0,0,0,0,1,1,0,0,0,0,0,0,0,0,0,0
2215,Jason Collins,NJN,200304220NJN,"Apr 22, 2003",MIL,2,0,2,1,100.0,113.64,-13.64,0,0,0,0,1,2,0,0,0,0,0,0,0,0,0,0,0,0,0,0,0,0,0,0
446,Lucious Harris,NJN,200304220NJN,"Apr 22, 2003",MIL,8,8,2,9,38.1,45.05,-6.95,5,6,3,0,0,0,0,0,0,0,0,0,0,0,0,0,0,0,0,0,0,0,1,2
911,Ervin Johnson,MIL,200304220NJN,"Apr 22, 2003",NJN,0,2,0,2,0.0,0.0,0.0,2,0,0,0,0,0,0,0,0,0,0,0,0,0,0,0,0,0,0,0,0,0,0,0
87,Dikembe Mutombo,NJN,200304220NJN,"Apr 22, 2003",MIL,2,1,0,1,100.0,100.0,0.0,1,2,0,0,0,0,0,0,0,0,0,0,0,0,0,0,0,0,0,0,0,0,0,0
1425,Aaron Williams,NJN,200304220NJN,"Apr 22, 2003",MIL,8,7,0,7,57.14,57.14,0.0,7,8,0,0,0,0,0,0,0,0,0,0,0,0,0,0,0,0,0,0,0,0,0,0
708,Kevin Garnett,MIN,200304220MIN,"Apr 22, 2003",LAL,35,21,6,24,70.0,74.03,-4.03,19,28,2,3,3,4,0,0,0,0,0,0,0,0,0,0,0,0,0,0,0,0,0,0
977,Kobe Bryant,LAL,200304220MIN,"Apr 22, 2003",MIN,27,28,9,31,38.03,42.24,-4.21,20,10,5,3,3,5,0,0,2,5,1,4,0,0,0,0,0,0,0,0,0,0,0,0
1725,Rasho Nesterovic,MIN,200304220MIN,"Apr 22, 2003",LAL,2,2,0,2,50.0,50.0,0.0,2,2,0,0,0,0,0,0,0,0,0,0,0,0,0,0,0,0,0,0,0,0,0,0
2058,Mark Madsen,LAL,200304220MIN,"Apr 22, 2003",MIN,7,8,1,8,41.18,41.47,-0.29,7,4,0,0,0,0,0,0,1,3,0,0,0,0,0,0,0,0,0,0,0,0,0,0
406,Shaquille O'Neal,LAL,200304220MIN,"Apr 22, 2003",MIN,27,19,9,23,57.45,58.8,-1.35,18,18,0,0,3,5,0,0,1,3,0,0,0,0,0,0,0,0,0,0,0,0,1,1
1607,Troy Hudson,MIN,200304220MIN,"Apr 22, 2003",LAL,37,16,16,24,68.52,80.3,-11.78,10,10,6,12,0,0,0,0,0,0,0,0,0,0,0,0,0,0,0,0,0,0,8,15
324,Anthony Peeler,MIN,200304220MIN,"Apr 22, 2003",LAL,5,7,0,7,27.78,35.71,-7.93,3,2,4,3,0,0,0,0,0,0,0,0,0,0,0,0,0,0,0,0,0,0,0,0
296,Rick Fox,LAL,200304220MIN,"Apr 22, 2003",MIN,6,7,0,7,33.33,42.86,-9.53,3,0,4,6,0,0,0,0,0,0,0,0,0,0,0,0,0,0,0,0,0,0,0,0
1887,Wally Szczerbiak,LAL,200304220MIN,"Apr 22, 2003",MIN,21,11,11,16,61.76,66.29,-4.53,9,10,1,0,4,7,0,0,1,3,0,0,0,0,0,0,0,0,0,0,0,0,1,1
965,Derek Fisher,LAL,200304220MIN,"Apr 22, 2003",MIN,8,6,0,6,53.33,66.67,-13.34,3,2,3,6,0,0,0,0,0,0,0,0,0,0,0,0,0,0,0,0,0,0,0,0
383,Kendall Gill,MIN,200304220MIN,"Apr 22, 2003",LAL,0,1,0,1,0.0,0.0,0.0,1,0,0,0,0,0,0,0,0,0,0,0,0,0,0,0,0,0,0,0,0,0,0,0
1904,Devean George,LAL,200304220MIN,"Apr 22, 2003",MIN,2,4,0,4,22.22,25.0,-2.78,3,2,1,0,0,0,0,0,0,0,0,0,0,0,0,0,0,0,0,0,0,0,0,0
109,Robert Horry,LAL,200304220MIN,"Apr 22, 2003",MIN,6,8,0,8,30.0,37.5,-7.5,4,6,4,0,0,0,0,0,0,0,0,0,0,0,0,0,0,0,0,0,0,0,0,0
393,Rod Strickland,MIN,200304220MIN,"Apr 22, 2003",LAL,4,3,0,3,66.67,66.67,0.0,3,4,0,0,0,0,0,0,0,0,0,0,0,0,0,0,0,0,0,0,0,0,0,0
718,Gary Trent,MIN,200304220MIN,"Apr 22, 2003",LAL,0,3,0,3,0.0,0.0,0.0,3,0,0,0,0,0,0,0,0,0,0,0,0,0,0,0,0,0,0,0,0,0,0,0
1531,Marc Jackson,MIN,200304220MIN,"Apr 22, 2003",LAL,12,7,4,9,66.67,68.49,-1.82,7,8,0,0,2,4,0,0,0,0,0,0,0,0,0,0,0,0,0,0,0,0,0,0
2457,Jannero Pargo,LAL,200304220MIN,"Apr 22, 2003",MIN,0,5,0,5,0.0,0.0,0.0,1,0,4,0,0,0,0,0,0,0,0,0,0,0,0,0,0,0,0,0,0,0,0,0
216,Brian Shaw,LAL,200304220MIN,"Apr 22, 2003",MIN,1,0,1,1,100.0,113.64,-13.64,0,0,0,0,0,0,0,0,0,0,0,0,1,1,0,0,0,0,0,0,0,0,0,0
2416,Kareem Rush,LAL,200304220MIN,"Apr 22, 2003",MIN,7,5,2,6,46.67,59.52,-12.85,2,2,3,3,0,0,0,0,0,0,0,0,0,0,0,0,0,0,0,0,0,0,1,2
2098,Slava Medvedenko,LAL,200304220MIN,"Apr 22, 2003",MIN,0,1,0,1,0.0,0.0,0.0,1,0,0,0,0,0,0,0,0,0,0,0,0,0,0,0,0,0,0,0,0,0,0,0
2366,Mike Wilks,MIN,200304220MIN,"Apr 22, 2003",LAL,3,1,0,1,100.0,150.0,-50.0,0,0,1,3,0,0,0,0,0,0,0,0,0,0,0,0,0,0,0,0,0,0,0,0
469,Jamal Mashburn,NOP,200304230PHI,"Apr 23, 2003",PHI,14,11,9,15,41.18,46.79,-5.61,8,8,3,0,2,2,1,2,0,0,0,0,0,0,0,0,0,0,0,0,0,0,1,2
947,Allen Iverson,PHI,200304230PHI,"Apr 23, 2003",NOP,29,27,12,33,41.43,44.92,-3.49,23,20,4,3,4,3,0,0,0,0,0,0,0,0,0,0,0,0,0,0,0,0,2,3
133,David Wesley,NOP,200304230PHI,"Apr 23, 2003",PHI,24,21,4,23,43.64,52.72,-9.08,12,8,9,12,0,0,0,0,0,0,0,0,0,0,0,0,0,0,0,0,0,0,2,4
1496,Keith Van Horn,PHI,200304230PHI,"Apr 23, 2003",NOP,11,11,0,11,47.83,50.0,-2.17,10,8,1,3,0,0,0,0,0,0,0,0,0,0,0,0,0,0,0,0,0,0,0,0
248,George Lynch,NOP,200304230PHI,"Apr 23, 2003",PHI,4,4,0,4,40.0,50.0,-10.0,2,4,2,0,0,0,0,0,0,0,0,0,0,0,0,0,0,0,0,0,0,0,0,0
934,Derrick Coleman,PHI,200304230PHI,"Apr 23, 2003",NOP,12,6,6,9,66.67,69.44,-2.77,6,6,0,0,3,6,0,0,0,0,0,0,0,0,0,0,0,0,0,0,0,0,0,0
136,P.J. Brown,PHI,200304230PHI,"Apr 23, 2003",NOP,6,6,0,6,50.0,50.0,0.0,6,6,0,0,0,0,0,0,0,0,0,0,0,0,0,0,0,0,0,0,0,0,0,0
1903,Kenny Thomas,PHI,200304230PHI,"Apr 23, 2003",NOP,17,11,7,14,58.62,60.37,-1.75,10,10,0,0,3,4,0,0,1,3,0,0,0,0,0,0,0,0,0,0,0,0,0,0
1714,Robert Traylor,NOP,200304230PHI,"Apr 23, 2003",PHI,6,5,1,5,54.55,55.15,-0.6,4,4,0,0,0,0,0,0,1,2,0,0,0,0,0,0,0,0,0,0,0,0,0,0
727,Eric Snow,PHI,200304230PHI,"Apr 23, 2003",NOP,11,6,5,9,64.71,67.07,-2.36,6,6,0,0,2,4,0,0,0,0,0,0,1,1,0,0,0,0,0,0,0,0,0,0
278,Stacey Augmon,NOP,200304230PHI,"Apr 23, 2003",PHI,4,5,0,5,40.0,40.0,0.0,5,4,0,0,0,0,0,0,0,0,0,0,0,0,0,0,0,0,0,0,0,0,0,0
2048,Jamaal Magloire,NOP,200304230PHI,"Apr 23, 2003",PHI,12,7,2,8,75.0,76.14,-1.14,7,10,0,0,1,2,0,0,0,0,0,0,0,0,0,0,0,0,0,0,0,0,0,0
243,Aaron McKie,PHI,200304230PHI,"Apr 23, 2003",NOP,6,6,0,6,46.15,50.0,-3.85,5,6,1,0,0,0,0,0,0,0,0,0,0,0,0,0,0,0,0,0,0,0,0,0
42,Monty Williams,PHI,200304230PHI,"Apr 23, 2003",NOP,4,7,0,7,28.57,28.57,0.0,7,4,0,0,0,0,0,0,0,0,0,0,0,0,0,0,0,0,0,0,0,0,0,0
72,Kenny Anderson,NOP,200304230PHI,"Apr 23, 2003",PHI,0,2,0,2,0.0,0.0,0.0,2,0,0,0,0,0,0,0,0,0,0,0,0,0,0,0,0,0,0,0,0,0,0,0
123,Robert Pack,NOP,200304230PHI,"Apr 23, 2003",PHI,15,9,3,10,71.43,72.67,-1.24,8,10,0,0,0,0,0,0,1,3,0,0,0,0,0,0,0,0,0,0,0,0,1,2
688,Michael Curry,ORL,200304230DET,"Apr 23, 2003",DET,2,5,0,5,20.0,20.0,0.0,5,2,0,0,0,0,0,0,0,0,0,0,0,0,0,0,0,0,0,0,0,0,0,0
1503,Tracy McGrady,ORL,200304230DET,"Apr 23, 2003",DET,46,26,11,31,63.89,74.58,-10.69,17,24,9,12,4,7,0,0,0,0,0,0,0,0,0,0,0,0,0,0,0,0,1,3
1112,Ben Wallace,DET,200304230DET,"Apr 23, 2003",ORL,10,6,7,9,52.63,55.07,-2.44,5,6,0,0,0,0,0,0,1,3,0,0,0,0,0,0,0,0,0,0,0,0,3,1
692,Andrew DeClercq,DET,200304230DET,"Apr 23, 2003",ORL,9,4,3,5,81.82,84.59,-2.77,3,4,0,0,1,2,0,0,1,3,0,0,0,0,0,0,0,0,0,0,0,0,0,0
1521,Jacque Vaughn,ORL,200304230DET,"Apr 23, 2003",DET,4,4,2,5,36.36,40.98,-4.62,3,2,1,0,1,2,0,0,0,0,0,0,0,0,0,0,0,0,0,0,0,0,0,0
1497,Chauncey Billups,DET,200304230DET,"Apr 23, 2003",ORL,15,14,0,14,46.88,53.57,-6.69,10,12,4,3,0,0,0,0,0,0,0,0,0,0,0,0,0,0,0,0,0,0,0,0
1727,Pat Garrity,ORL,200304230DET,"Apr 23, 2003",DET,0,3,0,3,0.0,0.0,0.0,1,0,2,0,0,0,0,0,0,0,0,0,0,0,0,0,0,0,0,0,0,0,0,0
1888,Richard Hamilton,DET,200304230DET,"Apr 23, 2003",ORL,30,16,13,23,66.67,69.06,-2.39,16,20,0,0,3,4,0,0,0,0,0,0,1,0,1,2,0,0,0,0,0,0,2,4
361,Clifford Robinson,ORL,200304230DET,"Apr 23, 2003",DET,10,12,0,12,35.71,41.67,-5.96,8,4,4,6,0,0,0,0,0,0,0,0,0,0,0,0,0,0,0,0,0,0,0,0
2400,Drew Gooden,ORL,200304230DET,"Apr 23, 2003",DET,4,9,0,9,22.22,22.22,0.0,9,4,0,0,0,0,0,0,0,0,0,0,0,0,0,0,0,0,0,0,0,0,0,0
1921,Gordan Giricek,ORL,200304230DET,"Apr 23, 2003",DET,2,11,0,11,7.69,9.09,-1.4,7,2,4,0,0,0,0,0,0,0,0,0,0,0,0,0,0,0,0,0,0,0,0,0
353,Darrell Armstrong,ORL,200304230DET,"Apr 23, 2003",DET,1,2,1,3,16.67,20.49,-3.82,1,0,1,0,0,0,0,0,0,0,0,0,1,1,0,0,0,0,0,0,0,0,0,0
43,Chris Whitney,ORL,200304230DET,"Apr 23, 2003",DET,2,2,0,2,50.0,50.0,0.0,2,2,0,0,0,0,0,0,0,0,0,0,0,0,0,0,0,0,0,0,0,0,0,0
1088,Chucky Atkins,DET,200304230DET,"Apr 23, 2003",ORL,4,5,2,6,30.77,34.01,-3.24,4,2,1,0,0,0,0,0,0,0,0,0,0,0,0,0,0,0,0,0,0,0,1,2
431,Shawn Kemp,ORL,200304230DET,"Apr 23, 2003",DET,5,5,4,7,35.71,36.98,-1.27,5,2,0,0,2,3,0,0,0,0,0,0,0,0,0,0,0,0,0,0,0,0,0,0
468,Jon Barry,DET,200304230DET,"Apr 23, 2003",ORL,3,3,0,3,37.5,50.0,-12.5,1,0,2,3,0,0,0,0,0,0,0,0,0,0,0,0,0,0,0,0,0,0,0,0
722,Corliss Williamson,DET,200304230DET,"Apr 23, 2003",ORL,13,6,8,10,65.0,68.28,-3.28,6,6,0,0,3,5,0,0,0,0,0,0,0,0,0,0,0,0,0,0,0,0,1,2
2469,Pat Burke,ORL,200304230DET,"Apr 23, 2003",DET,2,1,0,1,100.0,100.0,0.0,1,2,0,0,0,0,0,0,0,0,0,0,0,0,0,0,0,0,0,0,0,0,0,0
2246,Mehmet Okur,DET,200304230DET,"Apr 23, 2003",ORL,0,1,0,1,0.0,0.0,0.0,1,0,0,0,0,0,0,0,0,0,0,0,0,0,0,0,0,0,0,0,0,0,0,0
1442,Zeljko Rebraca,DET,200304230DET,"Apr 23, 2003",ORL,0,2,0,2,0.0,0.0,0.0,2,0,0,0,0,0,0,0,0,0,0,0,0,0,0,0,0,0,0,0,0,0,0,0
2219,Jeryl Sasser,ORL,200304230DET,"Apr 23, 2003",DET,2,1,0,1,100.0,100.0,0.0,1,2,0,0,0,0,0,0,0,0,0,0,0,0,0,0,0,0,0,0,0,0,0,0
2419,Tayshaun Prince,DET,200304230DET,"Apr 23, 2003",ORL,2,3,2,4,18.18,25.77,-7.59,0,0,3,0,1,2,0,0,0,0,0,0,0,0,0,0,0,0,0,0,0,0,0,0
1507,Derek Anderson,POR,200304230DAL,"Apr 23, 2003",DAL,2,1,0,1,100.0,100.0,0.0,1,2,0,0,0,0,0,0,0,0,0,0,0,0,0,0,0,0,0,0,0,0,0,0
959,Steve Nash,DAL,200304230DAL,"Apr 23, 2003",POR,28,14,4,16,73.68,88.83,-15.15,8,10,6,15,0,0,0,0,0,0,0,0,0,0,0,0,0,0,0,0,0,0,2,3
905,Dale Davis,POR,200304230DAL,"Apr 23, 2003",DAL,7,5,5,7,46.67,48.61,-1.94,4,2,0,0,2,2,0,0,1,3,0,0,0,0,0,0,0,0,0,0,0,0,0,0
762,Shawn Bradley,DAL,200304230DAL,"Apr 23, 2003",POR,3,5,2,6,25.0,25.51,-0.51,5,2,0,0,1,1,0,0,0,0,0,0,0,0,0,0,0,0,0,0,0,0,0,0
1717,Dirk Nowitzki,DAL,200304230DAL,"Apr 23, 2003",POR,25,25,7,28,39.68,44.52,-4.84,18,8,6,9,3,5,0,0,1,3,0,0,0,0,0,0,0,0,0,0,0,0,0,0
757,Damon Stoudamire,POR,200304230DAL,"Apr 23, 2003",DAL,9,7,4,9,42.86,51.37,-8.51,4,2,3,3,2,4,0,0,0,0,0,0,0,0,0,0,0,0,0,0,0,0,0,0
739,Rasheed Wallace,DAL,200304230DAL,"Apr 23, 2003",POR,18,17,8,20,39.13,43.86,-4.73,11,6,4,3,2,4,0,0,2,4,0,0,0,0,0,0,0,0,0,0,0,0,1,1
1719,Bonzi Wells,POR,200304230DAL,"Apr 23, 2003",DAL,45,24,11,29,69.23,78.02,-8.79,17,20,6,15,4,6,0,0,1,3,0,0,0,0,0,0,0,0,0,0,0,0,1,1
1711,Raef LaFrentz,POR,200304230DAL,"Apr 23, 2003",DAL,6,4,2,5,54.55,61.48,-6.93,3,4,1,0,1,2,0,0,0,0,0,0,0,0,0,0,0,0,0,0,0,0,0,0
1498,Antonio Daniels,POR,200304230DAL,"Apr 23, 2003",DAL,7,4,1,5,77.78,78.83,-1.05,4,6,0,0,0,0,0,0,0,0,0,0,1,1,0,0,0,0,0,0,0,0,0,0
714,Michael Finley,DAL,200304230DAL,"Apr 23, 2003",POR,17,12,1,13,56.67,68.33,-11.66,7,10,5,6,0,0,0,0,0,0,0,0,0,0,0,0,1,1,0,0,0,0,0,0
2059,Eduardo Najera,DAL,200304230DAL,"Apr 23, 2003",POR,12,6,2,7,85.71,87.21,-1.5,6,10,0,0,1,2,0,0,0,0,0,0,0,0,0,0,0,0,0,0,0,0,0,0
89,Nick Van Exel,DAL,200304230DAL,"Apr 23, 2003",POR,12,11,0,11,41.38,54.55,-13.17,4,6,7,6,0,0,0,0,0,0,0,0,0,0,0,0,0,0,0,0,0,0,0,0
976,Jeff McInnis,POR,200304230DAL,"Apr 23, 2003",DAL,2,6,0,6,14.29,16.67,-2.38,4,2,2,0,0,0,0,0,0,0,0,0,0,0,0,0,0,0,0,0,0,0,0,0
1739,Ruben Patterson,POR,200304230DAL,"Apr 23, 2003",DAL,0,3,2,4,0.0,0.0,0.0,2,0,1,0,1,0,0,0,0,0,0,0,0,0,0,0,0,0,0,0,0,0,0,0
1559,Adrian Griffin,DAL,200304230DAL,"Apr 23, 2003",POR,0,1,0,1,0.0,0.0,0.0,1,0,0,0,0,0,0,0,0,0,0,0,0,0,0,0,0,0,0,0,0,0,0,0
2216,Zach Randolph,POR,200304230DAL,"Apr 23, 2003",DAL,3,0,4,2,75.0,85.23,-10.23,0,0,0,0,2,3,0,0,0,0,0,0,0,0,0,0,0,0,0,0,0,0,0,0
717,Arvydas Sabonis,POR,200304230DAL,"Apr 23, 2003",DAL,6,3,2,4,75.0,77.32,-2.32,3,4,0,0,1,2,0,0,0,0,0,0,0,0,0,0,0,0,0,0,0,0,0,0
960,Tony Delk,BOS,200304240BOS,"Apr 24, 2003",IND,14,8,8,12,50.0,60.76,-10.76,4,2,3,3,1,0,1,3,0,0,1,4,2,2,0,0,0,0,0,0,0,0,0,0
1802,Brad Miller,IND,200304240BOS,"Apr 24, 2003",BOS,7,7,4,9,38.89,39.95,-1.06,7,4,0,0,1,1,0,0,0,0,0,0,0,0,0,0,0,0,0,0,0,0,1,2
1897,Metta World Peace,IND,200304240BOS,"Apr 24, 2003",BOS,20,18,8,22,40.82,46.47,-5.65,13,6,5,9,4,5,0,0,0,0,0,0,0,0,0,0,0,0,0,0,0,0,0,0
1718,Paul Pierce,BOS,200304240BOS,"Apr 24, 2003",IND,21,8,11,14,70.0,81.78,-11.78,3,4,3,3,1,1,0,0,2,6,0,0,4,5,0,0,0,0,0,0,0,0,1,2
979,Jermaine O'Neal,IND,200304240BOS,"Apr 24, 2003",BOS,21,14,10,19,55.26,57.07,-1.81,14,14,0,0,3,3,0,0,0,0,0,0,0,0,1,2,0,0,0,0,0,0,1,2
962,Walter McCarty,BOS,200304240BOS,"Apr 24, 2003",IND,14,12,0,12,45.16,58.33,-13.17,5,8,7,6,0,0,0,0,0,0,0,0,0,0,0,0,0,0,0,0,0,0,0,0
952,Antoine Walker,BOS,200304240BOS,"Apr 24, 2003",IND,17,17,0,17,43.59,50.0,-6.41,12,8,5,9,0,0,0,0,0,0,0,0,0,0,0,0,0,0,0,0,0,0,0,0
677,Eric Williams,BOS,200304240BOS,"Apr 24, 2003",IND,12,6,7,9,63.16,66.08,-2.92,5,4,0,0,2,3,0,0,1,3,0,0,0,0,0,0,0,0,0,0,0,0,1,2
397,Reggie Miller,IND,200304240BOS,"Apr 24, 2003",BOS,5,7,5,9,22.73,27.17,-4.44,4,0,3,0,0,0,1,3,0,0,0,0,0,0,0,0,0,0,0,0,0,0,1,2
1499,Tony Battie,BOS,200304240BOS,"Apr 24, 2003",IND,12,10,2,11,54.55,55.15,-0.6,10,10,0,0,0,0,0,0,0,0,0,0,0,0,0,0,0,0,0,0,0,0,1,2
2224,Jamaal Tinsley,IND,200304240BOS,"Apr 24, 2003",BOS,7,7,0,7,43.75,50.0,-6.25,5,4,2,3,0,0,0,0,0,0,0,0,0,0,0,0,0,0,0,0,0,0,0,0
1506,Austin Croshere,IND,200304240BOS,"Apr 24, 2003",BOS,4,5,3,6,28.57,31.65,-3.08,3,0,1,0,0,0,0,0,1,2,0,0,0,0,0,0,0,0,0,0,0,0,1,2
1500,Ron Mercer,IND,200304240BOS,"Apr 24, 2003",BOS,12,12,2,13,46.15,46.58,-0.43,12,10,0,0,1,2,0,0,0,0,0,0,0,0,0,0,0,0,0,0,0,0,0,0
1733,Al Harrington,IND,200304240BOS,"Apr 24, 2003",BOS,0,2,0,2,0.0,0.0,0.0,2,0,0,0,0,0,0,0,0,0,0,0,0,0,0,0,0,0,0,0,0,0,0,0
2452,J.R. Bremer,BOS,200304240BOS,"Apr 24, 2003",IND,9,10,0,10,37.5,45.0,-7.5,6,6,4,3,0,0,0,0,0,0,0,0,0,0,0,0,0,0,0,0,0,0,0,0
896,Tim Hardaway,IND,200304240BOS,"Apr 24, 2003",BOS,0,3,0,3,0.0,0.0,0.0,2,0,1,0,0,0,0,0,0,0,0,0,0,0,0,0,0,0,0,0,0,0,0,0
1548,Mark Blount,BOS,200304240BOS,"Apr 24, 2003",IND,0,1,0,1,0.0,0.0,0.0,1,0,0,0,0,0,0,0,0,0,0,0,0,0,0,0,0,0,0,0,0,0,0,0
3,Grant Long,BOS,200304240BOS,"Apr 24, 2003",IND,2,1,0,1,100.0,100.0,0.0,1,2,0,0,0,0,0,0,0,0,0,0,0,0,0,0,0,0,0,0,0,0,0,0
1886,Jonathan Bender,IND,200304240BOS,"Apr 24, 2003",BOS,4,3,2,4,44.44,51.55,-7.11,2,2,1,0,0,0,0,0,0,0,0,0,0,0,1,2,0,0,0,0,0,0,0,0
1065,Erick Strickland,IND,200304240BOS,"Apr 24, 2003",BOS,3,2,2,3,50.0,52.08,-2.08,2,2,0,0,1,1,0,0,0,0,0,0,0,0,0,0,0,0,0,0,0,0,0,0
2208,Kedrick Brown,BOS,200304240BOS,"Apr 24, 2003",IND,0,1,0,1,0.0,0.0,0.0,1,0,0,0,0,0,0,0,0,0,0,0,0,0,0,0,0,0,0,0,0,0,0,0
902,Bimbo Coles,BOS,200304240BOS,"Apr 24, 2003",IND,0,1,0,1,0.0,0.0,0.0,1,0,0,0,0,0,0,0,0,0,0,0,0,0,0,0,0,0,0,0,0,0,0,0
1501,Tim Thomas,MIL,200304240MIL,"Apr 24, 2003",NJN,22,17,7,20,51.16,54.78,-3.62,14,10,2,3,2,4,0,0,1,3,0,0,0,0,0,0,0,0,0,0,0,0,1,2
2030,Kenyon Martin,NJN,200304240MIL,"Apr 24, 2003",MIL,23,17,9,20,52.27,54.87,-2.6,13,8,1,0,3,6,0,0,3,9,0,0,0,0,0,0,0,0,0,0,0,0,0,0
2046,Desmond Mason,MIL,200304240MIL,"Apr 24, 2003",NJN,16,10,7,13,57.14,61.16,-4.02,8,8,1,0,1,2,0,0,1,3,0,0,0,0,0,0,0,0,0,0,0,0,2,3
56,Gary Payton,MIL,200304240MIL,"Apr 24, 2003",NJN,21,20,4,22,44.68,48.25,-3.57,17,18,3,0,2,3,0,0,0,0,0,0,0,0,0,0,0,0,0,0,0,0,0,0
2215,Jason Collins,NJN,200304240MIL,"Apr 24, 2003",MIL,2,5,0,5,20.0,20.0,0.0,5,2,0,0,0,0,0,0,0,0,0,0,0,0,0,0,0,0,0,0,0,0,0,0
954,Kerry Kittles,MIL,200304240MIL,"Apr 24, 2003",NJN,16,11,2,12,59.26,67.34,-8.08,8,8,3,6,1,2,0,0,0,0,0,0,0,0,0,0,0,0,0,0,0,0,0,0
208,Sam Cassell,MIL,200304240MIL,"Apr 24, 2003",NJN,24,18,5,21,53.33,59.41,-6.08,14,10,4,9,2,4,0,0,0,0,0,0,1,1,0,0,0,0,0,0,0,0,0,0
2210,Richard Jefferson,NJN,200304240MIL,"Apr 24, 2003",MIL,4,7,0,7,28.57,28.57,0.0,7,4,0,0,0,0,0,0,0,0,0,0,0,0,0,0,0,0,0,0,0,0,0,0
467,Jason Kidd,NJN,200304240MIL,"Apr 24, 2003",MIL,26,13,11,20,56.52,72.87,-16.35,4,6,9,12,3,5,0,0,0,0,0,0,3,2,0,0,0,0,0,0,0,0,1,1
389,Toni Kukoc,MIL,200304240MIL,"Apr 24, 2003",NJN,7,8,4,10,26.92,35.86,-8.94,2,2,6,3,2,2,0,0,0,0,0,0,0,0,0,0,0,0,0,0,0,0,0,0
2072,Michael Redd,MIL,200304240MIL,"Apr 24, 2003",NJN,5,6,0,6,33.33,41.67,-8.34,3,2,3,3,0,0,0,0,0,0,0,0,0,0,0,0,0,0,0,0,0,0,0,0
446,Lucious Harris,NJN,200304240MIL,"Apr 24, 2003",MIL,4,4,0,4,50.0,50.0,0.0,4,4,0,0,0,0,0,0,0,0,0,0,0,0,0,0,0,0,0,0,0,0,0,0
193,Anthony Mason,MIL,200304240MIL,"Apr 24, 2003",NJN,4,3,2,4,50.0,51.55,-1.55,3,2,0,0,0,0,0,0,0,0,0,0,0,0,0,0,0,0,0,0,0,0,1,2
915,Rodney Rogers,NJN,200304240MIL,"Apr 24, 2003",MIL,18,16,4,18,43.9,50.68,-6.78,11,10,5,6,1,2,0,0,0,0,0,0,0,0,0,0,0,0,0,0,0,0,1,0
911,Ervin Johnson,MIL,200304240MIL,"Apr 24, 2003",NJN,2,1,0,1,100.0,100.0,0.0,1,2,0,0,0,0,0,0,0,0,0,0,0,0,0,0,0,0,0,0,0,0,0,0
1425,Aaron Williams,NJN,200304240MIL,"Apr 24, 2003",MIL,8,4,2,5,80.0,81.97,-1.97,4,6,0,0,0,0,0,0,0,0,0,0,0,0,0,0,0,0,0,0,0,0,1,2
1533,Anthony Johnson,NJN,200304240MIL,"Apr 24, 2003",MIL,2,2,0,2,50.0,50.0,0.0,2,2,0,0,0,0,0,0,0,0,0,0,0,0,0,0,0,0,0,0,0,0,0,0
708,Kevin Garnett,MIN,200304240LAL,"Apr 24, 2003",LAL,33,31,3,32,50.77,51.05,-0.28,30,28,0,0,0,0,0,0,1,3,0,0,0,0,0,0,0,0,0,0,0,0,1,2
406,Shaquille O'Neal,LAL,200304240LAL,"Apr 24, 2003",MIN,28,26,16,33,41.18,42.37,-1.19,24,16,0,0,5,5,0,0,2,5,0,0,0,0,0,0,0,0,0,0,0,0,2,2
977,Kobe Bryant,LAL,200304240LAL,"Apr 24, 2003",MIN,30,28,10,33,42.25,46.3,-4.05,23,18,4,0,4,7,0,0,0,0,1,4,1,1,0,0,0,0,0,0,0,0,0,0
1607,Troy Hudson,MIN,200304240LAL,"Apr 24, 2003",LAL,27,23,8,27,43.55,50.9,-7.35,15,10,8,9,1,2,0,0,0,0,0,0,0,0,0,0,0,0,0,0,0,0,3,6
296,Rick Fox,LAL,200304240LAL,"Apr 24, 2003",MIN,8,7,2,8,44.44,50.76,-6.32,5,6,2,0,1,2,0,0,0,0,0,0,0,0,0,0,0,0,0,0,0,0,0,0
324,Anthony Peeler,MIN,200304240LAL,"Apr 24, 2003",LAL,6,5,0,5,54.55,60.0,-5.45,4,6,1,0,0,0,0,0,0,0,0,0,0,0,0,0,0,0,0,0,0,0,0,0
1887,Wally Szczerbiak,LAL,200304240LAL,"Apr 24, 2003",MIN,13,10,2,11,50.0,59.74,-9.74,6,8,4,3,0,0,0,0,0,0,0,0,0,0,0,0,0,0,0,0,0,0,1,2
1725,Rasho Nesterovic,MIN,200304240LAL,"Apr 24, 2003",LAL,6,4,0,4,75.0,75.0,0.0,4,6,0,0,0,0,0,0,0,0,0,0,0,0,0,0,0,0,0,0,0,0,0,0
965,Derek Fisher,LAL,200304240LAL,"Apr 24, 2003",MIN,23,14,3,15,57.5,75.07,-17.57,4,2,9,18,0,0,0,0,1,2,0,0,0,0,0,0,0,0,0,0,0,0,1,1
383,Kendall Gill,MIN,200304240LAL,"Apr 24, 2003",LAL,7,3,6,6,58.33,62.06,-3.73,3,2,0,0,3,5,0,0,0,0,0,0,0,0,0,0,0,0,0,0,0,0,0,0
109,Robert Horry,LAL,200304240LAL,"Apr 24, 2003",MIN,4,7,0,7,25.0,28.57,-3.57,5,4,2,0,0,0,0,0,0,0,0,0,0,0,0,0,0,0,0,0,0,0,0,0
393,Rod Strickland,MIN,200304240LAL,"Apr 24, 2003",LAL,6,4,0,4,75.0,75.0,0.0,4,6,0,0,0,0,0,0,0,0,0,0,0,0,0,0,0,0,0,0,0,0,0,0
1904,Devean George,LAL,200304240LAL,"Apr 24, 2003",MIN,7,7,1,7,36.84,47.04,-10.2,2,2,4,3,0,0,0,0,1,2,0,0,0,0,0,0,0,0,0,0,0,0,0,0
216,Brian Shaw,LAL,200304240LAL,"Apr 24, 2003",MIN,3,3,0,3,37.5,50.0,-12.5,1,0,2,3,0,0,0,0,0,0,0,0,0,0,0,0,0,0,0,0,0,0,0,0
2457,Jannero Pargo,MIN,200304240LAL,"Apr 24, 2003",LAL,5,3,2,4,50.0,64.43,-14.43,1,0,2,3,1,2,0,0,0,0,0,0,0,0,0,0,0,0,0,0,0,0,0,0
2058,Mark Madsen,LAL,200304240LAL,"Apr 24, 2003",MIN,2,3,2,4,25.0,25.77,-0.77,3,2,0,0,0,0,0,0,0,0,0,0,0,0,0,0,0,0,0,0,0,0,1,0
718,Gary Trent,MIN,200304240LAL,"Apr 24, 2003",LAL,2,1,2,2,50.0,53.19,-3.19,1,0,0,0,1,2,0,0,0,0,0,0,0,0,0,0,0,0,0,0,0,0,0,0
1531,Marc Jackson,MIN,200304240LAL,"Apr 24, 2003",LAL,12,9,5,11,50.0,53.57,-3.57,7,6,1,0,0,0,0,0,1,3,0,0,0,0,0,0,0,0,0,0,0,0,2,3
693,Joe Smith,MIN,200304240LAL,"Apr 24, 2003",LAL,2,1,0,1,100.0,100.0,0.0,1,2,0,0,0,0,0,0,0,0,0,0,0,0,0,0,0,0,0,0,0,0,0,0
1888,Richard Hamilton,DET,200304250ORL,"Apr 25, 2003",ORL,22,22,9,27,40.74,42.37,-1.63,21,14,1,0,2,4,0,0,0,0,0,0,1,1,0,0,0,0,0,0,0,0,2,3
1921,Gordan Giricek,ORL,200304250ORL,"Apr 25, 2003",DET,10,7,0,7,62.5,71.43,-8.93,5,4,2,6,0,0,0,0,0,0,0,0,0,0,0,0,0,0,0,0,0,0,0,0
361,Clifford Robinson,DET,200304250ORL,"Apr 25, 2003",ORL,12,12,2,13,38.71,46.58,-7.87,7,8,5,3,1,1,0,0,0,0,0,0,0,0,0,0,0,0,0,0,0,0,0,0
1521,Jacque Vaughn,ORL,200304250ORL,"Apr 25, 2003",DET,6,7,0,7,42.86,42.86,0.0,7,6,0,0,0,0,0,0,0,0,0,0,0,0,0,0,0,0,0,0,0,0,0,0
2400,Drew Gooden,ORL,200304250ORL,"Apr 25, 2003",DET,15,13,4,15,50.0,50.81,-0.81,13,14,0,0,2,1,0,0,0,0,0,0,0,0,0,0,0,0,0,0,0,0,0,0
1497,Chauncey Billups,DET,200304250ORL,"Apr 25, 2003",ORL,5,6,2,7,29.41,36.34,-6.93,3,4,3,0,0,0,0,0,0,0,0,0,0,0,0,0,0,0,0,0,0,0,1,1
2212,Steven Hunter,ORL,200304250ORL,"Apr 25, 2003",DET,2,2,2,3,33.33,34.72,-1.39,2,2,0,0,1,0,0,0,0,0,0,0,0,0,0,0,0,0,0,0,0,0,0,0
1503,Tracy McGrady,ORL,200304250ORL,"Apr 25, 2003",DET,29,20,10,24,51.79,59.43,-7.64,13,12,6,9,2,3,1,2,1,2,0,0,0,0,0,0,0,0,0,0,0,0,1,1
688,Michael Curry,ORL,200304250ORL,"Apr 25, 2003",DET,6,3,0,3,100.0,100.0,0.0,3,6,0,0,0,0,0,0,0,0,0,0,0,0,0,0,0,0,0,0,0,0,0,0
1112,Ben Wallace,ORL,200304250ORL,"Apr 25, 2003",DET,8,9,8,13,30.77,31.95,-1.18,9,4,0,0,3,3,0,0,0,0,0,0,0,0,1,1,0,0,0,0,0,0,0,0
353,Darrell Armstrong,ORL,200304250ORL,"Apr 25, 2003",DET,20,9,10,14,64.52,74.63,-10.11,5,6,3,3,0,0,0,0,1,3,0,0,1,1,0,0,0,0,0,0,0,0,4,7
43,Chris Whitney,ORL,200304250ORL,"Apr 25, 2003",DET,0,1,0,1,0.0,0.0,0.0,0,0,1,0,0,0,0,0,0,0,0,0,0,0,0,0,0,0,0,0,0,0,0,0
1727,Pat Garrity,ORL,200304250ORL,"Apr 25, 2003",DET,0,3,0,3,0.0,0.0,0.0,2,0,1,0,0,0,0,0,0,0,0,0,0,0,0,0,0,0,0,0,0,0,0,0
1088,Chucky Atkins,DET,200304250ORL,"Apr 25, 2003",ORL,8,6,2,7,50.0,58.14,-8.14,4,4,2,3,1,1,0,0,0,0,0,0,0,0,0,0,0,0,0,0,0,0,0,0
2419,Tayshaun Prince,DET,200304250ORL,"Apr 25, 2003",ORL,0,1,0,1,0.0,0.0,0.0,0,0,1,0,0,0,0,0,0,0,0,0,0,0,0,0,0,0,0,0,0,0,0,0
431,Shawn Kemp,ORL,200304250ORL,"Apr 25, 2003",DET,2,4,0,4,25.0,25.0,0.0,4,2,0,0,0,0,0,0,0,0,0,0,0,0,0,0,0,0,0,0,0,0,0,0
468,Jon Barry,DET,200304250ORL,"Apr 25, 2003",ORL,3,3,0,3,33.33,50.0,-16.67,0,0,3,3,0,0,0,0,0,0,0,0,0,0,0,0,0,0,0,0,0,0,0,0
722,Corliss Williamson,DET,200304250ORL,"Apr 25, 2003",ORL,16,12,6,15,53.33,54.64,-1.31,12,12,0,0,3,4,0,0,0,0,0,0,0,0,0,0,0,0,0,0,0,0,0,0
2469,Pat Burke,ORL,200304250ORL,"Apr 25, 2003",DET,5,3,2,4,62.5,64.43,-1.93,3,4,0,0,1,1,0,0,0,0,0,0,0,0,0,0,0,0,0,0,0,0,0,0
1477,Bruce Bowen,SAS,200304250PHO,"Apr 25, 2003",PHX,2,7,0,7,12.5,14.29,-1.79,5,2,2,0,0,0,0,0,0,0,0,0,0,0,0,0,0,0,0,0,0,0,0,0
358,Anfernee Hardaway,PHX,200304250PHO,"Apr 25, 2003",SAS,9,10,4,12,31.03,38.27,-7.24,5,4,5,3,2,2,0,0,0,0,0,0,0,0,0,0,0,0,0,0,0,0,0,0
2405,Amar'e Stoudemire,PHX,200304250PHO,"Apr 25, 2003",SAS,17,13,8,17,50.0,51.45,-1.45,13,12,0,0,2,2,0,0,0,0,0,0,0,0,0,0,0,0,0,0,0,0,2,3
764,David Robinson,SAS,200304250PHO,"Apr 25, 2003",PHX,8,5,2,6,66.67,68.03,-1.36,5,6,0,0,0,0,0,0,0,0,0,0,0,0,0,0,0,0,0,0,0,0,1,2
281,Scott Williams,PHX,200304250PHO,"Apr 25, 2003",SAS,4,3,0,3,66.67,66.67,0.0,3,4,0,0,0,0,0,0,0,0,0,0,0,0,0,0,0,0,0,0,0,0,0,0
2225,Tony Parker,SAS,200304250PHO,"Apr 25, 2003",PHX,29,21,5,24,58.0,62.5,-4.5,18,20,3,6,2,2,0,0,0,0,0,0,0,0,0,0,0,0,0,0,0,0,1,1
1536,Stephen Jackson,SAS,200304250PHO,"Apr 25, 2003",PHX,20,13,1,13,62.5,74.4,-11.9,7,8,5,9,0,0,0,0,1,3,0,0,0,0,0,0,0,0,0,0,0,0,0,0
950,Stephon Marbury,PHX,200304250PHO,"Apr 25, 2003",SAS,25,26,3,27,43.1,45.75,-2.65,22,22,3,0,1,1,0,0,1,2,0,0,0,0,0,0,0,0,0,0,0,0,0,0
1495,Tim Duncan,SAS,200304250PHO,"Apr 25, 2003",PHX,11,6,6,9,61.11,63.66,-2.55,6,6,0,0,2,3,0,0,0,0,0,0,0,0,0,0,0,0,0,0,0,0,1,2
1890,Shawn Marion,PHX,200304250PHO,"Apr 25, 2003",SAS,18,15,6,18,46.15,51.02,-4.87,12,8,3,6,2,3,0,0,0,0,0,0,0,0,0,0,0,0,0,0,0,0,1,1
2207,Joe Johnson,PHX,200304250PHO,"Apr 25, 2003",SAS,3,11,0,11,12.5,13.64,-1.14,9,0,2,3,0,0,0,0,0,0,0,0,0,0,0,0,0,0,0,0,0,0,0,0
1938,Manu Ginobili,SAS,200304250PHO,"Apr 25, 2003",PHX,12,12,4,14,37.5,43.6,-6.1,8,4,4,6,0,0,0,0,0,0,0,0,0,0,0,0,0,0,0,0,0,0,2,2
2063,Jake Voskuhl,PHX,200304250PHO,"Apr 25, 2003",SAS,10,5,4,7,71.43,73.96,-2.53,5,6,0,0,1,2,0,0,0,0,0,0,0,0,0,0,0,0,0,0,0,0,1,2
990,Malik Rose,SAS,200304250PHO,"Apr 25, 2003",PHX,15,9,11,14,51.72,54.19,-2.47,8,6,0,0,2,2,0,0,1,3,0,0,0,0,0,0,0,0,0,0,0,0,3,4
448,Bo Outlaw,PHX,200304250PHO,"Apr 25, 2003",SAS,0,1,0,1,0.0,0.0,0.0,1,0,0,0,0,0,0,0,0,0,0,0,0,0,0,0,0,0,0,0,0,0,0,0
2418,Casey Jacobsen,PHX,200304250PHO,"Apr 25, 2003",SAS,0,3,0,3,0.0,0.0,0.0,1,0,2,0,0,0,0,0,0,0,0,0,0,0,0,0,0,0,0,0,0,0,0,0
2049,Speedy Claxton,SAS,200304250PHO,"Apr 25, 2003",PHX,2,3,0,3,33.33,33.33,0.0,3,2,0,0,0,0,0,0,0,0,0,0,0,0,0,0,0,0,0,0,0,0,0,0
120,Steven Smith,SAS,200304250PHO,"Apr 25, 2003",PHX,0,3,0,3,0.0,0.0,0.0,2,0,1,0,0,0,0,0,0,0,0,0,0,0,0,0,0,0,0,0,0,0,0,0
1717,Dirk Nowitzki,DAL,200304250POR,"Apr 25, 2003",POR,42,20,9,24,76.36,87.65,-11.29,13,18,6,15,3,4,0,0,1,3,0,0,0,0,0,0,0,0,0,0,0,0,1,2
762,Shawn Bradley,DAL,200304250POR,"Apr 25, 2003",POR,4,4,0,4,50.0,50.0,0.0,4,4,0,0,0,0,0,0,0,0,0,0,0,0,0,0,0,0,0,0,0,0,0,0
1711,Raef LaFrentz,DAL,200304250POR,"Apr 25, 2003",POR,20,11,2,12,64.52,84.18,-19.66,4,6,7,12,1,2,0,0,0,0,0,0,0,0,0,0,0,0,0,0,0,0,0,0
739,Rasheed Wallace,POR,200304250POR,"Apr 25, 2003",DAL,11,10,2,11,42.31,50.55,-8.24,6,6,4,3,1,2,0,0,0,0,0,0,0,0,0,0,0,0,0,0,0,0,0,0
714,Michael Finley,DAL,200304250POR,"Apr 25, 2003",POR,10,12,0,12,34.48,41.67,-7.19,7,4,5,6,0,0,0,0,0,0,0,0,0,0,0,0,0,0,0,0,0,0,0,0
1498,Antonio Daniels,POR,200304250POR,"Apr 25, 2003",DAL,8,7,1,8,42.11,53.76,-11.65,3,2,4,6,0,0,0,0,0,0,0,0,1,0,0,0,0,0,0,0,0,0,0,0
757,Damon Stoudamire,POR,200304250POR,"Apr 25, 2003",DAL,15,11,0,11,57.69,68.18,-10.49,7,6,4,9,0,0,0,0,0,0,0,0,0,0,0,0,0,0,0,0,0,0,0,0
1719,Bonzi Wells,POR,200304250POR,"Apr 25, 2003",DAL,15,16,12,22,31.25,35.24,-3.99,12,6,4,0,5,7,0,0,0,0,0,0,0,0,0,0,0,0,0,0,0,0,1,2
905,Dale Davis,POR,200304250POR,"Apr 25, 2003",DAL,7,2,4,4,87.5,93.09,-5.59,2,4,0,0,1,1,0,0,0,0,0,0,0,0,0,0,0,0,0,0,0,0,1,2
959,Steve Nash,DAL,200304250POR,"Apr 25, 2003",POR,12,12,2,13,37.5,46.58,-9.08,6,4,6,6,1,2,0,0,0,0,0,0,0,0,0,0,0,0,0,0,0,0,0,0
1739,Ruben Patterson,POR,200304250POR,"Apr 25, 2003",DAL,19,12,9,16,57.58,59.52,-1.94,11,10,0,0,1,1,0,0,1,3,0,0,1,2,0,0,0,0,0,0,0,0,2,3
2216,Zach Randolph,POR,200304250POR,"Apr 25, 2003",DAL,8,8,2,9,44.44,45.05,-0.61,8,6,0,0,0,0,0,0,0,0,0,0,0,0,0,0,0,0,0,0,0,0,1,2
2059,Eduardo Najera,DAL,200304250POR,"Apr 25, 2003",POR,11,5,6,8,68.75,71.99,-3.24,5,6,0,0,3,5,0,0,0,0,0,0,0,0,0,0,0,0,0,0,0,0,0,0
976,Jeff McInnis,POR,200304250POR,"Apr 25, 2003",DAL,2,1,2,2,50.0,53.19,-3.19,1,0,0,0,0,0,0,0,0,0,0,0,0,0,0,0,0,0,0,0,0,0,1,2
89,Nick Van Exel,DAL,200304250POR,"Apr 25, 2003",POR,14,18,0,18,34.15,38.89,-4.74,13,14,5,0,0,0,0,0,0,0,0,0,0,0,0,0,0,0,0,0,0,0,0,0
717,Arvydas Sabonis,DAL,200304250POR,"Apr 25, 2003",POR,16,7,7,10,76.19,79.37,-3.18,6,8,0,0,2,4,0,0,1,3,0,0,0,0,0,0,0,0,0,0,0,0,1,1
1559,Adrian Griffin,DAL,200304250POR,"Apr 25, 2003",POR,2,1,2,2,50.0,53.19,-3.19,1,0,0,0,1,2,0,0,0,0,0,0,0,0,0,0,0,0,0,0,0,0,0,0
2417,Qyntel Woods,POR,200304250POR,"Apr 25, 2003",DAL,2,2,0,2,40.0,50.0,-10.0,1,2,1,0,0,0,0,0,0,0,0,0,0,0,0,0,0,0,0,0,0,0,0,0
208,Sam Cassell,MIL,200304260MIL,"Apr 26, 2003",NJN,21,19,4,21,42.0,50.58,-8.58,11,8,8,9,0,0,0,0,0,0,0,0,0,0,0,0,0,0,0,0,0,0,2,4
56,Gary Payton,MIL,200304260MIL,"Apr 26, 2003",NJN,20,22,5,24,39.22,41.32,-2.1,19,14,2,0,1,2,0,0,1,2,0,0,0,0,0,0,0,0,0,0,0,0,1,2
2210,Richard Jefferson,NJN,200304260MIL,"Apr 26, 2003",MIL,28,13,15,19,68.29,71.43,-3.14,10,12,0,0,2,3,0,0,3,9,0,0,0,0,0,0,0,0,0,0,0,0,4,4
2046,Desmond Mason,NJN,200304260MIL,"Apr 26, 2003",MIL,14,7,2,8,82.35,88.83,-6.48,6,12,1,0,0,0,0,0,0,0,0,0,0,0,0,0,0,0,0,0,0,0,1,2
1501,Tim Thomas,MIL,200304260MIL,"Apr 26, 2003",NJN,20,13,6,15,54.05,63.94,-9.89,6,2,5,9,1,1,0,0,2,6,0,0,0,0,0,0,0,0,0,0,0,0,1,2
2072,Michael Redd,MIL,200304260MIL,"Apr 26, 2003",NJN,9,10,2,11,37.5,41.36,-3.86,8,4,2,3,1,2,0,0,0,0,0,0,0,0,0,0,0,0,0,0,0,0,0,0
467,Jason Kidd,NJN,200304260MIL,"Apr 26, 2003",MIL,15,12,2,14,50.0,58.23,-8.23,8,10,4,3,0,0,0,0,0,0,0,0,2,2,0,0,0,0,0,0,0,0,0,0
2215,Jason Collins,NJN,200304260MIL,"Apr 26, 2003",MIL,6,4,6,7,42.86,45.18,-2.32,4,2,0,0,2,2,0,0,0,0,0,0,0,0,0,0,0,0,0,0,0,0,1,2
446,Lucious Harris,NJN,200304260MIL,"Apr 26, 2003",MIL,19,10,6,13,63.33,75.16,-11.83,6,8,4,6,2,3,0,0,0,0,0,0,0,0,0,0,0,0,0,0,0,0,1,2
2030,Kenyon Martin,NJN,200304260MIL,"Apr 26, 2003",MIL,30,21,14,27,51.72,55.23,-3.51,17,16,2,0,2,3,0,0,2,5,0,0,0,0,0,0,0,0,0,0,0,0,4,6
193,Anthony Mason,MIL,200304260MIL,"Apr 26, 2003",NJN,10,5,5,7,66.67,69.44,-2.77,4,4,0,0,2,3,0,0,1,3,0,0,0,0,0,0,0,0,0,0,0,0,0,0
954,Kerry Kittles,NJN,200304260MIL,"Apr 26, 2003",MIL,4,5,0,5,40.0,40.0,0.0,5,4,0,0,0,0,0,0,0,0,0,0,0,0,0,0,0,0,0,0,0,0,0,0
915,Rodney Rogers,NJN,200304260MIL,"Apr 26, 2003",MIL,2,2,0,2,50.0,50.0,0.0,2,2,0,0,0,0,0,0,0,0,0,0,0,0,0,0,0,0,0,0,0,0,0,0
389,Toni Kukoc,MIL,200304260MIL,"Apr 26, 2003",NJN,23,15,4,17,57.5,68.62,-11.12,9,8,6,12,2,3,0,0,0,0,0,0,0,0,0,0,0,0,0,0,0,0,0,0
1425,Aaron Williams,NJN,200304260MIL,"Apr 26, 2003",MIL,9,8,2,9,50.0,50.68,-0.68,8,8,0,0,1,1,0,0,0,0,0,0,0,0,0,0,0,0,0,0,0,0,0,0
911,Ervin Johnson,MIL,200304260MIL,"Apr 26, 2003",NJN,2,1,0,1,100.0,100.0,0.0,1,2,0,0,0,0,0,0,0,0,0,0,0,0,0,0,0,0,0,0,0,0,0,0
1533,Anthony Johnson,NJN,200304260MIL,"Apr 26, 2003",MIL,1,0,2,1,50.0,56.82,-6.82,0,0,0,0,1,1,0,0,0,0,0,0,0,0,0,0,0,0,0,0,0,0,0,0
1496,Keith Van Horn,PHI,200304260NOH,"Apr 26, 2003",NOP,12,8,5,10,52.17,58.82,-6.65,6,4,2,3,1,2,1,3,0,0,0,0,0,0,0,0,0,0,0,0,0,0,0,0
2048,Jamaal Magloire,NOP,200304260NOH,"Apr 26, 2003",PHI,18,10,6,13,69.23,71.2,-1.97,10,12,0,0,2,4,0,0,0,0,0,0,0,0,0,0,0,0,0,0,0,0,1,2
934,Derrick Coleman,PHI,200304260NOH,"Apr 26, 2003",NOP,12,6,6,9,63.16,69.44,-6.28,5,6,1,0,2,4,0,0,0,0,0,0,0,0,0,0,0,0,0,0,0,0,1,2
1884,Baron Davis,NOP,200304260NOH,"Apr 26, 2003",PHI,28,26,4,28,41.18,50.43,-9.25,14,14,12,12,2,2,0,0,0,0,0,0,0,0,0,0,0,0,0,0,0,0,0,0
136,P.J. Brown,NOP,200304260NOH,"Apr 26, 2003",PHI,17,7,10,12,70.83,74.56,-3.73,7,8,0,0,4,7,0,0,0,0,0,0,0,0,0,0,0,0,0,0,0,0,1,2
1903,Kenny Thomas,PHI,200304260NOH,"Apr 26, 2003",NOP,12,6,0,6,100.0,100.0,0.0,6,12,0,0,0,0,0,0,0,0,0,0,0,0,0,0,0,0,0,0,0,0,0,0
947,Allen Iverson,PHI,200304260NOH,"Apr 26, 2003",NOP,28,29,8,33,38.89,43.05,-4.16,23,18,6,3,2,4,0,0,0,0,0,0,0,0,0,0,0,0,0,0,0,0,2,3
248,George Lynch,NOP,200304260NOH,"Apr 26, 2003",PHI,7,10,0,10,29.17,35.0,-5.83,6,4,4,3,0,0,0,0,0,0,0,0,0,0,0,0,0,0,0,0,0,0,0,0
1761,Greg Buckner,PHI,200304260NOH,"Apr 26, 2003",NOP,2,4,0,4,20.0,25.0,-5.0,2,2,2,0,0,0,0,0,0,0,0,0,0,0,0,0,0,0,0,0,0,0,0,0
133,David Wesley,NOP,200304260NOH,"Apr 26, 2003",PHI,9,11,0,11,31.03,40.91,-9.88,4,0,7,9,0,0,0,0,0,0,0,0,0,0,0,0,0,0,0,0,0,0,0,0
42,Monty Williams,PHI,200304260NOH,"Apr 26, 2003",NOP,0,2,0,2,0.0,0.0,0.0,2,0,0,0,0,0,0,0,0,0,0,0,0,0,0,0,0,0,0,0,0,0,0,0
727,Eric Snow,PHI,200304260NOH,"Apr 26, 2003",NOP,10,8,4,10,47.62,51.23,-3.61,7,6,1,0,1,2,0,0,0,0,0,0,0,0,0,0,0,0,0,0,0,0,1,2
1714,Robert Traylor,NOP,200304260NOH,"Apr 26, 2003",PHI,0,1,0,1,0.0,0.0,0.0,1,0,0,0,0,0,0,0,0,0,0,0,0,0,0,0,0,0,0,0,0,0,0,0
243,Aaron McKie,PHI,200304260NOH,"Apr 26, 2003",NOP,5,4,1,4,50.0,56.31,-6.31,2,2,1,0,0,0,0,0,1,3,0,0,0,0,0,0,0,0,0,0,0,0,0,0
72,Kenny Anderson,NOP,200304260NOH,"Apr 26, 2003",PHI,7,7,3,8,41.18,42.07,-0.89,6,2,0,0,1,2,0,0,1,3,0,0,0,0,0,0,0,0,0,0,0,0,0,0
238,Tyrone Hill,PHI,200304260NOH,"Apr 26, 2003",NOP,2,1,0,1,100.0,100.0,0.0,1,2,0,0,0,0,0,0,0,0,0,0,0,0,0,0,0,0,0,0,0,0,0,0
123,Robert Pack,NOP,200304260NOH,"Apr 26, 2003",PHI,0,2,0,2,0.0,0.0,0.0,2,0,0,0,0,0,0,0,0,0,0,0,0,0,0,0,0,0,0,0,0,0,0,0
2042,Courtney Alexander,PHI,200304260NOH,"Apr 26, 2003",NOP,1,2,1,3,20.0,20.49,-0.49,2,0,0,0,0,0,0,0,0,0,0,0,1,1,0,0,0,0,0,0,0,0,0,0
2422,John Salmons,PHI,200304260NOH,"Apr 26, 2003",NOP,0,1,2,2,0.0,0.0,0.0,0,0,1,0,1,0,0,0,0,0,0,0,0,0,0,0,0,0,0,0,0,0,0,0
2040,Jerome Moiso,NOP,200304260NOH,"Apr 26, 2003",PHI,10,8,0,8,62.5,62.5,0.0,8,10,0,0,0,0,0,0,0,0,0,0,0,0,0,0,0,0,0,0,0,0,0,0
278,Stacey Augmon,NOP,200304260NOH,"Apr 26, 2003",PHI,2,3,0,3,33.33,33.33,0.0,3,2,0,0,0,0,0,0,0,0,0,0,0,0,0,0,0,0,0,0,0,0,0,0
1730,Brian Skinner,PHI,200304260NOH,"Apr 26, 2003",NOP,2,1,0,1,100.0,100.0,0.0,1,2,0,0,0,0,0,0,0,0,0,0,0,0,0,0,0,0,0,0,0,0,0,0
1710,Mike Bibby,SAC,200304260UTA,"Apr 26, 2003",UTA,23,13,8,17,58.97,69.61,-10.64,8,8,5,9,3,4,0,0,0,0,0,0,0,0,0,0,0,0,0,0,0,0,1,2
731,Greg Ostertag,UTA,200304260UTA,"Apr 26, 2003",SAC,22,15,14,22,50.0,51.98,-1.98,15,12,0,0,6,8,0,0,0,0,0,0,0,0,0,0,0,0,0,0,0,0,1,2
978,Peja Stojakovic,SAC,200304260UTA,"Apr 26, 2003",UTA,19,15,5,19,44.19,55.23,-11.04,7,6,8,9,0,0,0,0,0,0,0,0,3,2,0,0,0,0,0,0,0,0,1,2
57,Doug Christie,SAC,200304260UTA,"Apr 26, 2003",UTA,6,5,0,5,54.55,60.0,-5.45,4,6,1,0,0,0,0,0,0,0,0,0,0,0,0,0,0,0,0,0,0,0,0,0
1723,Matt Harpring,UTA,200304260UTA,"Apr 26, 2003",SAC,11,12,6,15,36.67,37.57,-0.9,12,6,0,0,2,3,0,0,0,0,0,0,0,0,0,0,0,0,0,0,0,0,1,2
185,Chris Webber,SAC,200304260UTA,"Apr 26, 2003",UTA,24,25,6,28,42.86,43.42,-0.56,25,20,0,0,3,4,0,0,0,0,0,0,0,0,0,0,0,0,0,0,0,0,0,0
252,Karl Malone,UTA,200304260UTA,"Apr 26, 2003",SAC,20,20,11,25,39.22,40.26,-1.04,19,12,0,0,3,3,0,0,1,3,0,0,0,0,0,0,0,0,0,0,0,0,2,2
124,Vlade Divac,SAC,200304260UTA,"Apr 26, 2003",UTA,6,3,2,4,75.0,77.32,-2.32,3,4,0,0,0,0,0,0,0,0,0,0,0,0,0,0,0,0,0,0,0,0,1,2
384,Calbert Cheaney,UTA,200304260UTA,"Apr 26, 2003",SAC,15,10,3,11,65.22,66.25,-1.03,9,12,0,0,0,0,0,0,1,3,0,0,0,0,0,0,0,0,0,0,0,0,1,0
304,John Stockton,UTA,200304260UTA,"Apr 26, 2003",SAC,15,6,9,11,71.43,75.3,-3.87,6,6,0,0,1,2,0,0,0,0,0,0,1,1,0,0,0,0,0,0,0,0,3,6
1905,Andrei Kirilenko,UTA,200304260UTA,"Apr 26, 2003",SAC,10,9,2,10,50.0,50.61,-0.61,9,8,0,0,1,2,0,0,0,0,0,0,0,0,0,0,0,0,0,0,0,0,0,0
349,Mark Jackson,UTA,200304260UTA,"Apr 26, 2003",SAC,8,4,0,4,72.73,100.0,-27.27,1,2,3,6,0,0,0,0,0,0,0,0,0,0,0,0,0,0,0,0,0,0,0,0
1517,Bobby Jackson,SAC,200304260UTA,"Apr 26, 2003",UTA,9,6,2,7,52.94,65.41,-12.47,3,4,3,3,1,2,0,0,0,0,0,0,0,0,0,0,0,0,0,0,0,0,0,0
754,Jim Jackson,SAC,200304260UTA,"Apr 26, 2003",UTA,9,8,4,10,39.13,46.11,-6.98,5,4,3,3,0,0,0,0,0,0,0,0,0,0,0,0,0,0,0,0,0,0,2,2
1513,Scot Pollard,SAC,200304260UTA,"Apr 26, 2003",UTA,4,5,1,6,36.36,36.76,-0.4,5,4,0,0,0,0,0,0,0,0,0,0,0,0,0,0,0,0,0,0,1,0,0,0
763,Tony Massenburg,UTA,200304260UTA,"Apr 26, 2003",SAC,2,0,4,2,50.0,56.82,-6.82,0,0,0,0,2,2,0,0,0,0,0,0,0,0,0,0,0,0,0,0,0,0,0,0
1721,Keon Clark,UTA,200304260UTA,"Apr 26, 2003",SAC,4,4,0,4,50.0,50.0,0.0,4,4,0,0,0,0,0,0,0,0,0,0,0,0,0,0,0,0,0,0,0,0,0,0
2052,DeShawn Stevenson,UTA,200304260UTA,"Apr 26, 2003",SAC,4,3,0,3,66.67,66.67,0.0,3,4,0,0,0,0,0,0,0,0,0,0,0,0,0,0,0,0,0,0,0,0,0,0
2224,Jamaal Tinsley,IND,200304270BOS,"Apr 27, 2003",BOS,11,7,2,8,68.75,69.8,-1.05,7,10,0,0,1,1,0,0,0,0,0,0,0,0,0,0,0,0,0,0,0,0,0,0
962,Walter McCarty,BOS,200304270BOS,"Apr 27, 2003",IND,13,8,4,10,52.0,66.6,-14.6,3,4,5,6,1,2,0,0,0,0,0,0,0,0,0,0,0,0,0,0,0,0,1,1
1499,Tony Battie,IND,200304270BOS,"Apr 27, 2003",BOS,4,4,2,5,40.0,40.98,-0.98,4,4,0,0,0,0,0,0,0,0,0,0,0,0,1,0,0,0,0,0,0,0,0,0
979,Jermaine O'Neal,IND,200304270BOS,"Apr 27, 2003",BOS,25,16,12,22,55.56,58.74,-3.18,15,14,1,0,5,9,0,0,0,0,0,0,0,0,0,0,0,0,0,0,0,0,1,2
1802,Brad Miller,IND,200304270BOS,"Apr 27, 2003",BOS,21,13,8,17,61.76,63.56,-1.8,13,16,0,0,4,5,0,0,0,0,0,0,0,0,0,0,0,0,0,0,0,0,0,0
952,Antoine Walker,BOS,200304270BOS,"Apr 27, 2003",IND,17,15,4,17,44.74,50.72,-5.98,11,10,4,6,1,1,0,0,0,0,0,0,0,0,0,0,0,0,0,0,0,0,1,0
960,Tony Delk,BOS,200304270BOS,"Apr 27, 2003",IND,21,13,5,15,53.85,69.08,-15.23,4,2,8,12,0,0,0,0,1,3,0,0,0,0,0,0,0,0,0,0,0,0,2,4
1718,Paul Pierce,BOS,200304270BOS,"Apr 27, 2003",IND,37,21,15,28,59.68,67.03,-7.35,14,10,5,9,2,4,0,0,2,6,0,0,1,1,0,0,0,0,0,0,0,0,4,7
1897,Metta World Peace,IND,200304270BOS,"Apr 27, 2003",BOS,9,11,2,12,30.0,37.88,-7.88,5,4,6,3,0,0,0,0,0,0,0,0,0,0,0,0,0,0,0,0,0,0,1,2
397,Reggie Miller,IND,200304270BOS,"Apr 27, 2003",BOS,3,3,0,3,42.86,50.0,-7.14,2,0,1,3,0,0,0,0,0,0,0,0,0,0,0,0,0,0,0,0,0,0,0,0
1548,Mark Blount,BOS,200304270BOS,"Apr 27, 2003",IND,0,1,0,1,0.0,0.0,0.0,1,0,0,0,0,0,0,0,0,0,0,0,0,0,0,0,0,0,0,0,0,0,0,0
1065,Erick Strickland,IND,200304270BOS,"Apr 27, 2003",BOS,4,2,0,2,100.0,100.0,0.0,2,4,0,0,0,0,0,0,0,0,0,0,0,0,0,0,0,0,0,0,0,0,0,0
2452,J.R. Bremer,BOS,200304270BOS,"Apr 27, 2003",IND,5,5,2,6,31.25,42.52,-11.27,1,0,4,3,0,0,0,0,0,0,0,0,0,0,0,0,0,0,0,0,0,0,1,2
677,Eric Williams,BOS,200304270BOS,"Apr 27, 2003",IND,5,6,2,7,33.33,36.34,-3.01,5,4,1,0,1,1,0,0,0,0,0,0,0,0,0,0,0,0,0,0,0,0,0,0
1500,Ron Mercer,IND,200304270BOS,"Apr 27, 2003",BOS,12,10,5,13,48.0,49.18,-1.18,10,8,0,0,2,3,0,0,0,0,0,0,1,1,0,0,0,0,0,0,0,0,0,0
1733,Al Harrington,IND,200304270BOS,"Apr 27, 2003",BOS,7,6,2,7,50.0,50.87,-0.87,6,6,0,0,0,0,0,0,0,0,0,0,0,0,0,0,0,0,0,0,0,0,1,1
1902,Jeff Foster,IND,200304270BOS,"Apr 27, 2003",BOS,0,1,0,1,0.0,0.0,0.0,1,0,0,0,0,0,0,0,0,0,0,0,0,0,0,0,0,0,0,0,0,0,0,0
109,Robert Horry,LAL,200304270LAL,"Apr 27, 2003",MIN,6,8,0,8,33.33,37.5,-4.17,6,6,2,0,0,0,0,0,0,0,0,0,0,0,0,0,0,0,0,0,0,0,0,0
708,Kevin Garnett,MIN,200304270LAL,"Apr 27, 2003",LAL,28,21,9,25,51.85,56.09,-4.24,17,16,3,3,2,2,0,0,1,3,0,0,0,0,0,0,0,0,0,0,0,0,2,4
406,Shaquille O'Neal,LAL,200304270LAL,"Apr 27, 2003",MIN,34,26,15,33,50.75,52.15,-1.4,25,24,0,0,6,6,0,0,1,3,0,0,0,0,0,0,0,0,0,0,0,0,1,1
965,Derek Fisher,MIN,200304270LAL,"Apr 27, 2003",LAL,5,8,1,9,22.73,29.62,-6.89,3,2,5,3,0,0,0,0,0,0,0,0,1,0,0,0,0,0,0,0,0,0,0,0
324,Anthony Peeler,LAL,200304270LAL,"Apr 27, 2003",MIN,8,8,2,9,34.78,45.05,-10.27,3,4,5,3,1,1,0,0,0,0,0,0,0,0,0,0,0,0,0,0,0,0,0,0
977,Kobe Bryant,LAL,200304270LAL,"Apr 27, 2003",MIN,32,25,17,33,45.71,49.26,-3.55,21,8,3,6,4,7,0,0,1,3,0,0,0,0,0,0,0,0,0,0,0,0,4,8
1725,Rasho Nesterovic,LAL,200304270LAL,"Apr 27, 2003",MIN,2,4,0,4,25.0,25.0,0.0,4,2,0,0,0,0,0,0,0,0,0,0,0,0,0,0,0,0,0,0,0,0,0,0
1607,Troy Hudson,MIN,200304270LAL,"Apr 27, 2003",LAL,28,18,5,21,53.85,69.31,-15.46,7,8,11,15,2,4,0,0,0,0,0,0,1,1,0,0,0,0,0,0,0,0,0,0
1887,Wally Szczerbiak,MIN,200304270LAL,"Apr 27, 2003",LAL,15,16,2,17,37.5,44.43,-6.93,10,10,6,3,0,0,0,0,0,0,0,0,0,0,0,0,0,0,0,0,0,0,1,2
1904,Devean George,LAL,200304270LAL,"Apr 27, 2003",MIN,9,9,0,9,40.91,50.0,-9.09,5,6,4,3,0,0,0,0,0,0,0,0,0,0,0,0,0,0,0,0,0,0,0,0
1531,Marc Jackson,MIN,200304270LAL,"Apr 27, 2003",LAL,2,2,0,2,50.0,50.0,0.0,2,2,0,0,0,0,0,0,0,0,0,0,0,0,0,0,0,0,0,0,0,0,0,0
383,Kendall Gill,MIN,200304270LAL,"Apr 27, 2003",LAL,4,5,2,6,28.57,34.01,-5.44,3,0,2,3,0,0,0,0,0,0,0,0,0,0,1,1,0,0,0,0,0,0,0,0
393,Rod Strickland,MIN,200304270LAL,"Apr 27, 2003",LAL,6,5,0,5,60.0,60.0,0.0,5,6,0,0,0,0,0,0,0,0,0,0,0,0,0,0,0,0,0,0,0,0,0,0
2058,Mark Madsen,LAL,200304270LAL,"Apr 27, 2003",MIN,4,2,2,3,66.67,69.44,-2.77,2,2,0,0,1,2,0,0,0,0,0,0,0,0,0,0,0,0,0,0,0,0,0,0
216,Brian Shaw,LAL,200304270LAL,"Apr 27, 2003",MIN,10,8,0,8,47.62,62.5,-14.88,3,4,5,6,0,0,0,0,0,0,0,0,0,0,0,0,0,0,0,0,0,0,0,0
2457,Jannero Pargo,LAL,200304270LAL,"Apr 27, 2003",MIN,0,1,0,1,0.0,0.0,0.0,0,0,1,0,0,0,0,0,0,0,0,0,0,0,0,0,0,0,0,0,0,0,0,0
718,Gary Trent,MIN,200304270LAL,"Apr 27, 2003",LAL,4,4,0,4,50.0,50.0,0.0,4,4,0,0,0,0,0,0,0,0,0,0,0,0,0,0,0,0,0,0,0,0,0,0
955,Samaki Walker,LAL,200304270LAL,"Apr 27, 2003",MIN,2,1,0,1,100.0,100.0,0.0,1,2,0,0,0,0,0,0,0,0,0,0,0,0,0,0,0,0,0,0,0,0,0,0
1921,Gordan Giricek,ORL,200304270ORL,"Apr 27, 2003",DET,10,5,4,7,66.67,73.96,-7.29,4,4,1,3,0,0,0,0,0,0,0,0,0,0,0,0,0,0,0,0,0,0,2,3
688,Michael Curry,DET,200304270ORL,"Apr 27, 2003",ORL,4,3,2,4,50.0,51.55,-1.55,3,2,0,0,1,2,0,0,0,0,0,0,0,0,0,0,0,0,0,0,0,0,0,0
1497,Chauncey Billups,DET,200304270ORL,"Apr 27, 2003",ORL,25,20,10,25,43.1,51.23,-8.13,12,6,8,9,4,8,0,0,0,0,0,0,0,0,0,0,0,0,0,0,0,0,1,2
1503,Tracy McGrady,ORL,200304270ORL,"Apr 27, 2003",DET,27,19,17,26,42.19,50.98,-8.79,9,8,9,6,4,4,2,4,1,3,0,0,0,0,0,0,0,0,0,0,0,0,1,2
361,Clifford Robinson,DET,200304270ORL,"Apr 27, 2003",ORL,14,11,2,12,51.85,58.92,-7.07,8,8,3,6,1,0,0,0,0,0,0,0,0,0,0,0,0,0,0,0,0,0,0,0
1888,Richard Hamilton,DET,200304270ORL,"Apr 27, 2003",ORL,5,11,1,11,21.74,21.85,-0.11,10,2,0,0,0,0,0,0,1,3,0,0,0,0,0,0,0,0,0,0,0,0,0,0
692,Andrew DeClercq,ORL,200304270ORL,"Apr 27, 2003",DET,9,6,2,7,64.29,65.41,-1.12,6,8,0,0,1,1,0,0,0,0,0,0,0,0,0,0,0,0,0,0,0,0,0,0
2400,Drew Gooden,ORL,200304270ORL,"Apr 27, 2003",DET,20,13,11,18,52.63,56.05,-3.42,11,10,1,0,2,4,0,0,1,2,0,0,0,0,0,0,0,0,0,0,0,0,3,4
1112,Ben Wallace,DET,200304270ORL,"Apr 27, 2003",ORL,12,8,2,9,66.67,67.57,-0.9,8,12,0,0,1,0,0,0,0,0,0,0,0,0,0,0,0,0,0,0,0,0,0,0
2212,Steven Hunter,ORL,200304270ORL,"Apr 27, 2003",DET,0,2,0,2,0.0,0.0,0.0,2,0,0,0,0,0,0,0,0,0,0,0,0,0,0,0,0,0,0,0,0,0,0,0
1442,Zeljko Rebraca,DET,200304270ORL,"Apr 27, 2003",ORL,8,7,3,8,47.06,48.08,-1.02,6,4,0,0,0,0,0,0,1,3,0,0,0,0,0,0,0,0,0,0,0,0,1,1
1521,Jacque Vaughn,ORL,200304270ORL,"Apr 27, 2003",DET,2,0,3,2,66.67,75.76,-9.09,0,0,0,0,1,1,0,0,0,0,0,0,1,1,0,0,0,0,0,0,0,0,0,0
353,Darrell Armstrong,ORL,200304270ORL,"Apr 27, 2003",DET,18,6,5,9,94.74,109.76,-15.02,4,8,2,6,1,1,0,0,0,0,0,0,1,1,0,0,0,0,0,0,0,0,1,2
43,Chris Whitney,ORL,200304270ORL,"Apr 27, 2003",DET,5,6,0,6,38.46,41.67,-3.21,5,2,1,3,0,0,0,0,0,0,0,0,0,0,0,0,0,0,0,0,0,0,0,0
1727,Pat Garrity,ORL,200304270ORL,"Apr 27, 2003",DET,5,5,0,5,41.67,50.0,-8.33,3,2,2,3,0,0,0,0,0,0,0,0,0,0,0,0,0,0,0,0,0,0,0,0
2246,Mehmet Okur,DET,200304270ORL,"Apr 27, 2003",ORL,9,7,0,7,60.0,64.29,-4.29,6,6,1,3,0,0,0,0,0,0,0,0,0,0,0,0,0,0,0,0,0,0,0,0
431,Shawn Kemp,ORL,200304270ORL,"Apr 27, 2003",DET,4,2,0,2,100.0,100.0,0.0,2,4,0,0,0,0,0,0,0,0,0,0,0,0,0,0,0,0,0,0,0,0,0,0
722,Corliss Williamson,DET,200304270ORL,"Apr 27, 2003",ORL,2,5,0,5,20.0,20.0,0.0,5,2,0,0,0,0,0,0,0,0,0,0,0,0,0,0,0,0,0,0,0,0,0,0
1088,Chucky Atkins,DET,200304270ORL,"Apr 27, 2003",ORL,3,1,0,1,100.0,150.0,-50.0,0,0,1,3,0,0,0,0,0,0,0,0,0,0,0,0,0,0,0,0,0,0,0,0
468,Jon Barry,DET,200304270ORL,"Apr 27, 2003",ORL,10,7,2,8,47.62,63.45,-15.83,2,2,5,6,1,2,0,0,0,0,0,0,0,0,0,0,0,0,0,0,0,0,0,0
762,Shawn Bradley,DAL,200304270POR,"Apr 27, 2003",POR,6,5,0,5,60.0,60.0,0.0,5,6,0,0,0,0,0,0,0,0,0,0,0,0,0,0,0,0,0,0,0,0,0,0
905,Dale Davis,POR,200304270POR,"Apr 27, 2003",DAL,12,4,13,10,57.14,61.73,-4.59,3,2,0,0,4,6,0,0,1,3,0,0,0,0,0,0,0,0,0,0,0,0,2,1
1711,Raef LaFrentz,POR,200304270POR,"Apr 27, 2003",DAL,4,7,0,7,25.0,28.57,-3.57,5,4,2,0,0,0,0,0,0,0,0,0,0,0,0,0,0,0,0,0,0,0,0,0
714,Michael Finley,DAL,200304270POR,"Apr 27, 2003",POR,7,12,0,12,24.14,29.17,-5.03,7,4,5,3,0,0,0,0,0,0,0,0,0,0,0,0,0,0,0,0,0,0,0,0
739,Rasheed Wallace,POR,200304270POR,"Apr 27, 2003",DAL,23,14,4,16,62.16,72.97,-10.81,9,10,5,9,1,2,0,0,0,0,0,0,0,0,0,0,0,0,0,0,0,0,1,2
959,Steve Nash,DAL,200304270POR,"Apr 27, 2003",POR,0,4,0,4,0.0,0.0,0.0,3,0,1,0,0,0,0,0,0,0,0,0,0,0,0,0,0,0,0,0,0,0,0,0
2216,Zach Randolph,POR,200304270POR,"Apr 27, 2003",DAL,25,17,10,22,56.82,58.41,-1.59,17,18,0,0,2,3,0,0,0,0,0,0,0,0,0,0,0,0,0,0,0,0,3,4
757,Damon Stoudamire,POR,200304270POR,"Apr 27, 2003",DAL,17,10,9,15,53.12,60.89,-7.77,6,4,3,3,2,3,0,0,1,3,0,0,2,2,0,0,0,0,0,0,0,0,1,2
1717,Dirk Nowitzki,POR,200304270POR,"Apr 27, 2003",DAL,26,20,5,22,54.17,58.56,-4.39,16,16,3,3,1,2,0,0,1,3,0,0,0,0,0,0,0,0,0,0,0,0,1,2
1719,Bonzi Wells,POR,200304270POR,"Apr 27, 2003",DAL,16,21,4,23,30.77,35.15,-4.38,15,8,6,6,2,2,0,0,0,0,0,0,0,0,0,0,0,0,0,0,0,0,0,0
2059,Eduardo Najera,DAL,200304270POR,"Apr 27, 2003",POR,7,3,4,5,70.0,73.53,-3.53,3,4,0,0,1,1,0,0,0,0,0,0,0,0,0,0,0,0,0,0,0,0,1,2
1739,Ruben Patterson,POR,200304270POR,"Apr 27, 2003",DAL,4,6,0,6,30.77,33.33,-2.56,5,4,1,0,0,0,0,0,0,0,0,0,0,0,0,0,0,0,0,0,0,0,0,0
89,Nick Van Exel,DAL,200304270POR,"Apr 27, 2003",POR,18,16,2,17,46.15,53.32,-7.17,11,10,5,6,1,2,0,0,0,0,0,0,0,0,0,0,0,0,0,0,0,0,0,0
1915,Evan Eschmeyer,DAL,200304270POR,"Apr 27, 2003",POR,0,2,0,2,0.0,0.0,0.0,2,0,0,0,0,0,0,0,0,0,0,0,0,0,0,0,0,0,0,0,0,0,0,0
1952,Raja Bell,DAL,200304270POR,"Apr 27, 2003",POR,2,4,0,4,22.22,25.0,-2.78,3,2,1,0,0,0,0,0,0,0,0,0,0,0,0,0,0,0,0,0,0,0,0,0
1498,Antonio Daniels,POR,200304270POR,"Apr 27, 2003",DAL,0,2,0,2,0.0,0.0,0.0,2,0,0,0,0,0,0,0,0,0,0,0,0,0,0,0,0,0,0,0,0,0,0,0
976,Jeff McInnis,POR,200304270POR,"Apr 27, 2003",DAL,0,1,0,1,0.0,0.0,0.0,1,0,0,0,0,0,0,0,0,0,0,0,0,0,0,0,0,0,0,0,0,0,0,0
1559,Adrian Griffin,DAL,200304270POR,"Apr 27, 2003",POR,2,3,0,3,33.33,33.33,0.0,3,2,0,0,0,0,0,0,0,0,0,0,0,0,0,0,0,0,0,0,0,0,0,0
1005,Walt Williams,DAL,200304270POR,"Apr 27, 2003",POR,3,3,0,3,33.33,50.0,-16.67,0,0,3,3,0,0,0,0,0,0,0,0,0,0,0,0,0,0,0,0,0,0,0,0
1505,Tariq Abdul-Wahad,DAL,200304270POR,"Apr 27, 2003",POR,4,4,2,5,40.0,40.98,-0.98,4,2,0,0,1,2,0,0,0,0,0,0,0,0,0,0,0,0,0,0,0,0,0,0
2417,Qyntel Woods,POR,200304270POR,"Apr 27, 2003",DAL,1,0,2,1,50.0,56.82,-6.82,0,0,0,0,1,1,0,0,0,0,0,0,0,0,0,0,0,0,0,0,0,0,0,0
1890,Shawn Marion,PHX,200304270PHO,"Apr 27, 2003",SAS,17,18,3,19,40.48,44.0,-3.52,14,12,3,0,1,2,0,0,1,3,0,0,0,0,0,0,0,0,0,0,0,0,0,0
1495,Tim Duncan,SAS,200304270PHO,"Apr 27, 2003",PHX,24,15,8,18,63.16,64.79,-1.63,13,14,0,0,2,3,0,0,2,6,0,0,0,0,0,0,0,0,0,0,0,0,1,1
281,Scott Williams,PHX,200304270PHO,"Apr 27, 2003",SAS,12,14,2,15,40.0,40.32,-0.32,14,10,0,0,1,2,0,0,0,0,0,0,0,0,0,0,0,0,0,0,0,0,0,0
764,David Robinson,SAS,200304270PHO,"Apr 27, 2003",PHX,6,4,4,6,50.0,52.08,-2.08,4,2,0,0,2,4,0,0,0,0,0,0,0,0,0,0,0,0,0,0,0,0,0,0
950,Stephon Marbury,PHX,200304270PHO,"Apr 27, 2003",SAS,18,18,7,21,39.13,42.69,-3.56,14,10,3,3,2,2,0,0,1,2,0,0,0,0,0,0,0,0,0,0,0,0,1,1
2225,Tony Parker,SAS,200304270PHO,"Apr 27, 2003",PHX,19,18,3,19,46.34,49.17,-2.83,15,14,2,0,1,2,0,0,1,3,0,0,0,0,0,0,0,0,0,0,0,0,0,0
358,Anfernee Hardaway,PHX,200304270PHO,"Apr 27, 2003",SAS,13,7,4,9,61.9,74.2,-12.3,4,4,3,6,1,1,0,0,0,0,0,0,0,0,0,0,0,0,0,0,0,0,1,2
2405,Amar'e Stoudemire,PHX,200304270PHO,"Apr 27, 2003",SAS,7,5,2,6,58.33,59.52,-1.19,5,6,0,0,1,1,0,0,0,0,0,0,0,0,0,0,0,0,0,0,0,0,0,0
1477,Bruce Bowen,SAS,200304270PHO,"Apr 27, 2003",PHX,19,8,0,8,86.36,118.75,-32.39,2,4,6,15,0,0,0,0,0,0,0,0,0,0,0,0,0,0,0,0,0,0,0,0
1536,Stephen Jackson,SAS,200304270PHO,"Apr 27, 2003",PHX,2,4,3,6,15.38,18.8,-3.42,2,0,2,0,1,1,0,0,0,0,0,0,1,1,0,0,0,0,0,0,0,0,0,0
448,Bo Outlaw,PHX,200304270PHO,"Apr 27, 2003",SAS,0,1,0,1,0.0,0.0,0.0,1,0,0,0,0,0,0,0,0,0,0,0,0,0,0,0,0,0,0,0,0,0,0,0
990,Malik Rose,SAS,200304270PHO,"Apr 27, 2003",PHX,10,11,6,14,35.71,36.66,-0.95,11,6,0,0,0,0,0,0,0,0,0,0,0,0,0,0,0,0,0,0,0,0,3,4
1938,Manu Ginobili,SAS,200304270PHO,"Apr 27, 2003",PHX,0,6,0,6,0.0,0.0,0.0,5,0,1,0,0,0,0,0,0,0,0,0,0,0,0,0,0,0,0,0,0,0,0,0
2063,Jake Voskuhl,PHX,200304270PHO,"Apr 27, 2003",SAS,7,2,3,3,100.0,105.42,-5.42,1,2,0,0,1,2,0,0,1,3,0,0,0,0,0,0,0,0,0,0,0,0,0,0
2207,Joe Johnson,PHX,200304270PHO,"Apr 27, 2003",SAS,8,9,3,10,33.33,38.76,-5.43,5,2,3,3,1,1,0,0,1,2,0,0,0,0,0,0,0,0,0,0,0,0,0,0
198,Danny Ferry,SAS,200304270PHO,"Apr 27, 2003",PHX,0,1,0,1,0.0,0.0,0.0,0,0,1,0,0,0,0,0,0,0,0,0,0,0,0,0,0,0,0,0,0,0,0,0
2049,Speedy Claxton,SAS,200304270PHO,"Apr 27, 2003",PHX,4,3,4,5,40.0,42.02,-2.02,3,0,0,0,1,2,0,0,0,0,0,0,0,0,0,0,0,0,0,0,0,0,1,2
339,Tom Gugliotta,PHX,200304270PHO,"Apr 27, 2003",SAS,4,4,0,4,50.0,50.0,0.0,4,4,0,0,0,0,0,0,0,0,0,0,0,0,0,0,0,0,0,0,0,0,0,0
2418,Casey Jacobsen,PHX,200304270PHO,"Apr 27, 2003",SAS,0,1,0,1,0.0,0.0,0.0,1,0,0,0,0,0,0,0,0,0,0,0,0,0,0,0,0,0,0,0,0,0,0,0
2048,Jamaal Magloire,NOP,200304280NOH,"Apr 28, 2003",PHI,7,7,6,10,35.0,36.31,-1.31,7,2,0,0,3,5,0,0,0,0,0,0,0,0,0,0,0,0,0,0,0,0,0,0
1496,Keith Van Horn,PHI,200304280NOH,"Apr 28, 2003",NOP,13,12,2,13,44.83,50.47,-5.64,9,8,3,3,0,0,0,0,0,0,0,0,0,0,0,0,0,0,0,0,0,0,1,2
248,George Lynch,PHI,200304280NOH,"Apr 28, 2003",NOP,5,11,0,11,17.86,22.73,-4.87,5,2,6,3,0,0,0,0,0,0,0,0,0,0,0,0,0,0,0,0,0,0,0,0
727,Eric Snow,PHI,200304280NOH,"Apr 28, 2003",NOP,17,8,9,12,68.0,71.07,-3.07,7,8,0,0,1,2,0,0,1,2,0,0,0,0,0,0,0,0,0,0,0,0,3,5
133,David Wesley,NOP,200304280NOH,"Apr 28, 2003",PHI,12,11,0,11,46.15,54.55,-8.4,7,6,4,6,0,0,0,0,0,0,0,0,0,0,0,0,0,0,0,0,0,0,0,0
1884,Baron Davis,NOP,200304280NOH,"Apr 28, 2003",PHI,34,19,6,22,65.38,78.56,-13.18,11,14,8,15,3,5,0,0,0,0,0,0,0,0,0,0,0,0,0,0,0,0,0,0
947,Allen Iverson,PHI,200304280NOH,"Apr 28, 2003",NOP,22,28,2,29,33.85,38.09,-4.24,21,12,7,9,0,0,0,0,0,0,0,0,0,0,0,0,0,0,0,0,0,0,1,1
136,P.J. Brown,NOP,200304280NOH,"Apr 28, 2003",PHI,11,9,4,11,50.0,51.12,-1.12,9,8,0,0,2,3,0,0,0,0,0,0,0,0,0,0,0,0,0,0,0,0,0,0
1903,Kenny Thomas,PHI,200304280NOH,"Apr 28, 2003",NOP,11,10,6,13,42.31,43.51,-1.2,10,8,0,0,3,3,0,0,0,0,0,0,0,0,0,0,0,0,0,0,0,0,0,0
934,Derrick Coleman,PHI,200304280NOH,"Apr 28, 2003",NOP,11,11,2,12,44.0,46.3,-2.3,10,6,1,3,1,2,0,0,0,0,0,0,0,0,0,0,0,0,0,0,0,0,0,0
72,Kenny Anderson,NOP,200304280NOH,"Apr 28, 2003",PHI,2,2,0,2,50.0,50.0,0.0,2,2,0,0,0,0,0,0,0,0,0,0,0,0,0,0,0,0,0,0,0,0,0,0
1714,Robert Traylor,NOP,200304280NOH,"Apr 28, 2003",PHI,0,2,0,2,0.0,0.0,0.0,2,0,0,0,0,0,0,0,0,0,0,0,0,0,0,0,0,0,0,0,0,0,0,0
243,Aaron McKie,PHI,200304280NOH,"Apr 28, 2003",NOP,11,6,4,8,61.11,70.88,-9.77,4,2,2,6,1,1,0,0,0,0,0,0,0,0,0,0,0,0,0,0,0,0,1,2
238,Tyrone Hill,PHI,200304280NOH,"Apr 28, 2003",NOP,4,3,0,3,66.67,66.67,0.0,3,4,0,0,0,0,0,0,0,0,0,0,0,0,0,0,0,0,0,0,0,0,0,0
2040,Jerome Moiso,NOP,200304280NOH,"Apr 28, 2003",PHI,4,3,0,3,66.67,66.67,0.0,3,4,0,0,0,0,0,0,0,0,0,0,0,0,0,0,0,0,0,0,0,0,0,0
42,Monty Williams,PHI,200304280NOH,"Apr 28, 2003",NOP,7,2,4,4,87.5,93.09,-5.59,2,4,0,0,0,0,0,0,0,0,0,0,0,0,0,0,0,0,0,0,0,0,2,3
278,Stacey Augmon,NOP,200304280NOH,"Apr 28, 2003",PHI,0,2,0,2,0.0,0.0,0.0,2,0,0,0,0,0,0,0,0,0,0,0,0,0,0,0,0,0,0,0,0,0,0,0
2042,Courtney Alexander,NOP,200304280NOH,"Apr 28, 2003",PHI,12,9,1,9,60.0,63.56,-3.56,7,6,1,3,0,0,0,0,1,3,0,0,0,0,0,0,0,0,0,0,0,0,0,0
252,Karl Malone,UTA,200304280UTA,"Apr 28, 2003",SAC,24,12,14,19,63.16,66.08,-2.92,12,12,0,0,6,10,0,0,0,0,0,0,1,2,0,0,0,0,0,0,0,0,0,0
1710,Mike Bibby,SAC,200304280UTA,"Apr 28, 2003",UTA,11,16,2,17,28.95,32.58,-3.63,12,10,4,0,1,1,0,0,0,0,0,0,0,0,0,0,0,0,0,0,0,0,0,0
57,Doug Christie,SAC,200304280UTA,"Apr 28, 2003",UTA,4,9,0,9,21.05,22.22,-1.17,8,4,1,0,0,0,0,0,0,0,0,0,0,0,0,0,0,0,0,0,0,0,0,0
185,Chris Webber,SAC,200304280UTA,"Apr 28, 2003",UTA,26,25,2,26,50.0,50.23,-0.23,25,26,0,0,0,0,0,0,0,0,0,0,0,0,0,0,0,0,0,0,0,0,1,0
304,John Stockton,UTA,200304280UTA,"Apr 28, 2003",SAC,12,9,6,14,50.0,51.55,-1.55,9,6,0,0,1,2,0,0,0,0,0,0,4,4,0,0,0,0,0,0,0,0,0,0
124,Vlade Divac,SAC,200304280UTA,"Apr 28, 2003",UTA,6,4,0,4,75.0,75.0,0.0,4,6,0,0,0,0,0,0,0,0,0,0,0,0,0,0,0,0,0,0,0,0,0,0
1723,Matt Harpring,UTA,200304280UTA,"Apr 28, 2003",SAC,18,11,3,12,72.0,73.05,-1.05,10,14,0,0,1,1,0,0,1,3,0,0,0,0,0,0,0,0,0,0,0,0,0,0
731,Greg Ostertag,SAC,200304280UTA,"Apr 28, 2003",UTA,0,6,0,6,0.0,0.0,0.0,6,0,0,0,0,0,0,0,0,0,0,0,0,0,0,0,0,0,0,0,0,0,0,0
978,Peja Stojakovic,SAC,200304280UTA,"Apr 28, 2003",UTA,27,16,3,18,67.5,77.94,-10.44,11,12,5,12,1,2,0,0,0,0,0,0,1,1,0,0,0,0,0,0,0,0,0,0
384,Calbert Cheaney,UTA,200304280UTA,"Apr 28, 2003",SAC,5,6,1,6,38.46,38.82,-0.36,5,2,0,0,0,0,0,0,1,3,0,0,0,0,0,0,0,0,0,0,0,0,0,0
349,Mark Jackson,UTA,200304280UTA,"Apr 28, 2003",SAC,5,5,0,5,45.45,50.0,-4.55,4,2,1,3,0,0,0,0,0,0,0,0,0,0,0,0,0,0,0,0,0,0,0,0
1905,Andrei Kirilenko,UTA,200304280UTA,"Apr 28, 2003",SAC,15,9,4,11,68.18,69.7,-1.52,9,12,0,0,2,3,0,0,0,0,0,0,0,0,0,0,0,0,0,0,0,0,0,0
1517,Bobby Jackson,SAC,200304280UTA,"Apr 28, 2003",UTA,9,10,0,10,39.13,45.0,-5.87,7,6,3,3,0,0,0,0,0,0,0,0,0,0,0,0,0,0,0,0,0,0,0,0
754,Jim Jackson,SAC,200304280UTA,"Apr 28, 2003",UTA,10,6,4,8,55.56,64.43,-8.87,4,4,2,3,1,1,0,0,0,0,0,0,0,0,0,0,0,0,0,0,0,0,1,2
1513,Scot Pollard,SAC,200304280UTA,"Apr 28, 2003",UTA,4,0,4,2,100.0,113.64,-13.64,0,0,0,0,2,4,0,0,0,0,0,0,0,0,0,0,0,0,0,0,0,0,0,0
763,Tony Massenburg,UTA,200304280UTA,"Apr 28, 2003",SAC,2,7,0,7,14.29,14.29,0.0,7,2,0,0,0,0,0,0,0,0,0,0,0,0,0,0,0,0,0,0,0,0,0,0
1721,Keon Clark,SAC,200304280UTA,"Apr 28, 2003",UTA,0,2,0,2,0.0,0.0,0.0,2,0,0,0,0,0,0,0,0,0,0,0,0,0,0,0,0,0,0,0,0,0,0,0
2052,DeShawn Stevenson,UTA,200304280UTA,"Apr 28, 2003",SAC,0,4,0,4,0.0,0.0,0.0,3,0,1,0,0,0,0,0,0,0,0,0,0,0,0,0,0,0,0,0,0,0,0,0
680,John Amaechi,UTA,200304280UTA,"Apr 28, 2003",SAC,1,0,2,1,50.0,56.82,-6.82,0,0,0,0,0,0,0,0,0,0,0,0,0,0,0,0,0,0,0,0,0,0,1,1
2306,Carlos Arroyo,UTA,200304280UTA,"Apr 28, 2003",SAC,0,2,0,2,0.0,0.0,0.0,2,0,0,0,0,0,0,0,0,0,0,0,0,0,0,0,0,0,0,0,0,0,0,0
1909,Scott Padgett,UTA,200304280UTA,"Apr 28, 2003",SAC,0,1,0,1,0.0,0.0,0.0,0,0,1,0,0,0,0,0,0,0,0,0,0,0,0,0,0,0,0,0,0,0,0,0
1444,Lawrence Funderburke,SAC,200304280UTA,"Apr 28, 2003",UTA,2,1,0,1,100.0,100.0,0.0,1,2,0,0,0,0,0,0,0,0,0,0,0,0,0,0,0,0,0,0,0,0,0,0
2222,Gerald Wallace,SAC,200304280UTA,"Apr 28, 2003",UTA,0,1,0,1,0.0,0.0,0.0,1,0,0,0,0,0,0,0,0,0,0,0,0,0,0,0,0,0,0,0,0,0,0,0
954,Kerry Kittles,NJN,200304290NJN,"Apr 29, 2003",MIL,15,16,2,17,37.5,44.43,-6.93,10,4,6,9,1,2,0,0,0,0,0,0,0,0,0,0,0,0,0,0,0,0,0,0
208,Sam Cassell,MIL,200304290NJN,"Apr 29, 2003",NJN,16,17,3,19,40.0,43.67,-3.67,14,10,3,3,1,2,0,0,0,0,0,0,1,1,0,0,0,0,0,0,0,0,0,0
2030,Kenyon Martin,NJN,200304290NJN,"Apr 29, 2003",MIL,9,11,4,13,33.33,35.27,-1.94,10,6,1,0,2,3,0,0,0,0,0,0,0,0,0,0,0,0,0,0,0,0,0,0
911,Ervin Johnson,MIL,200304290NJN,"Apr 29, 2003",NJN,0,1,0,1,0.0,0.0,0.0,1,0,0,0,0,0,0,0,0,0,0,0,0,0,0,0,0,0,0,0,0,0,0,0
2210,Richard Jefferson,MIL,200304290NJN,"Apr 29, 2003",NJN,17,14,3,15,54.84,55.48,-0.64,13,12,0,0,0,0,0,0,1,3,0,0,0,0,0,0,0,0,0,0,0,0,1,2
2215,Jason Collins,NJN,200304290NJN,"Apr 29, 2003",MIL,9,3,10,8,56.25,60.81,-4.56,3,0,0,0,2,4,0,0,0,0,0,0,0,0,0,0,0,0,0,0,0,0,3,5
2046,Desmond Mason,MIL,200304290NJN,"Apr 29, 2003",NJN,14,8,8,12,58.33,60.76,-2.43,8,6,0,0,4,8,0,0,0,0,0,0,0,0,0,0,0,0,0,0,0,0,0,0
467,Jason Kidd,NJN,200304290NJN,"Apr 29, 2003",MIL,19,16,11,23,41.3,45.59,-4.29,12,6,3,3,2,3,0,0,1,3,0,0,4,3,0,0,0,0,0,0,0,0,1,1
1501,Tim Thomas,MIL,200304290NJN,"Apr 29, 2003",NJN,9,11,3,12,33.33,36.53,-3.2,8,4,2,0,1,2,0,0,1,3,0,0,0,0,0,0,0,0,0,0,0,0,0,0
56,Gary Payton,MIL,200304290NJN,"Apr 29, 2003",NJN,16,20,4,22,32.65,36.76,-4.11,15,12,5,3,1,1,0,0,0,0,0,0,0,0,0,0,0,0,0,0,0,0,1,0
446,Lucious Harris,NJN,200304290NJN,"Apr 29, 2003",MIL,8,8,2,9,42.11,45.05,-2.94,7,6,1,0,0,0,0,0,0,0,0,0,1,2,0,0,0,0,0,0,0,0,0,0
389,Toni Kukoc,MIL,200304290NJN,"Apr 29, 2003",NJN,18,11,8,15,50.0,61.98,-11.98,5,6,6,6,2,3,0,0,0,0,0,0,0,0,0,0,0,0,0,0,0,0,2,3
915,Rodney Rogers,NJN,200304290NJN,"Apr 29, 2003",MIL,2,4,2,5,16.67,20.49,-3.82,2,0,2,0,1,2,0,0,0,0,0,0,0,0,0,0,0,0,0,0,0,0,0,0
1533,Anthony Johnson,NJN,200304290NJN,"Apr 29, 2003",MIL,4,4,2,5,36.36,40.98,-4.62,3,2,1,0,0,0,0,0,0,0,0,0,0,0,0,0,0,0,0,0,0,0,1,2
1425,Aaron Williams,NJN,200304290NJN,"Apr 29, 2003",MIL,6,4,2,5,60.0,61.48,-1.48,4,6,0,0,1,0,0,0,0,0,0,0,0,0,0,0,0,0,0,0,0,0,0,0
2072,Michael Redd,MIL,200304290NJN,"Apr 29, 2003",NJN,6,4,4,6,42.86,52.08,-9.22,2,2,2,0,1,2,0,0,0,0,0,0,0,0,0,0,0,0,0,0,0,0,1,2
193,Anthony Mason,MIL,200304290NJN,"Apr 29, 2003",NJN,3,4,2,5,30.0,30.74,-0.74,4,2,0,0,0,0,0,0,0,0,0,0,0,0,0,0,0,0,0,0,0,0,1,1
1890,Shawn Marion,PHX,200304290SAS,"Apr 29, 2003",SAS,22,20,7,24,43.14,47.66,-4.52,16,12,4,3,3,6,0,0,0,0,0,0,1,1,0,0,0,0,0,0,0,0,0,0
764,David Robinson,SAS,200304290SAS,"Apr 29, 2003",PHX,10,10,0,10,50.0,50.0,0.0,10,10,0,0,0,0,0,0,0,0,0,0,0,0,0,0,0,0,0,0,0,0,0,0
1477,Bruce Bowen,SAS,200304290SAS,"Apr 29, 2003",PHX,4,3,7,6,30.77,32.89,-2.12,3,2,0,0,2,0,1,2,0,0,0,0,0,0,0,0,0,0,0,0,0,0,0,0
950,Stephon Marbury,PHX,200304290SAS,"Apr 29, 2003",SAS,13,18,2,18,32.5,34.43,-1.93,14,4,2,3,0,0,0,0,2,6,0,0,0,0,0,0,0,0,0,0,0,0,0,0
1536,Stephen Jackson,SAS,200304290SAS,"Apr 29, 2003",PHX,8,6,4,8,44.44,51.55,-7.11,3,2,2,0,1,2,0,0,1,3,0,0,1,1,0,0,0,0,0,0,0,0,0,0
2405,Amar'e Stoudemire,PHX,200304290SAS,"Apr 29, 2003",SAS,14,10,7,13,51.85,53.52,-1.67,9,10,0,0,2,2,0,0,1,2,0,0,0,0,0,0,0,0,0,0,0,0,1,0
1495,Tim Duncan,SAS,200304290SAS,"Apr 29, 2003",PHX,23,13,13,19,58.97,61.43,-2.46,12,10,0,0,3,4,0,0,1,3,0,0,0,0,0,0,0,0,0,0,0,0,3,6
1742,Shammond Williams,SAS,200304290SAS,"Apr 29, 2003",PHX,0,1,0,1,0.0,0.0,0.0,1,0,0,0,0,0,0,0,0,0,0,0,0,0,0,0,0,0,0,0,0,0,0,0
2225,Tony Parker,SAS,200304290SAS,"Apr 29, 2003",PHX,7,9,2,10,33.33,35.43,-2.1,8,6,1,0,0,0,0,0,0,0,0,0,0,0,0,0,0,0,0,0,0,0,1,1
358,Anfernee Hardaway,PHX,200304290SAS,"Apr 29, 2003",SAS,16,16,1,16,44.44,48.66,-4.22,12,10,3,3,0,0,0,0,1,3,0,0,0,0,0,0,0,0,0,0,0,0,0,0
1938,Manu Ginobili,SAS,200304290SAS,"Apr 29, 2003",PHX,4,3,2,4,50.0,51.55,-1.55,3,2,0,0,0,0,0,0,0,0,0,0,0,0,0,0,0,0,0,0,0,0,1,2
990,Malik Rose,SAS,200304290SAS,"Apr 29, 2003",PHX,27,17,10,22,61.36,63.08,-1.72,17,18,0,0,4,7,0,0,0,0,0,0,0,0,0,0,0,0,0,0,0,0,1,2
2063,Jake Voskuhl,PHX,200304290SAS,"Apr 29, 2003",SAS,7,4,4,6,58.33,60.76,-2.43,4,4,0,0,2,3,0,0,0,0,0,0,0,0,0,0,0,0,0,0,0,0,0,0
448,Bo Outlaw,PHX,200304290SAS,"Apr 29, 2003",SAS,4,3,2,4,50.0,51.55,-1.55,3,2,0,0,1,2,0,0,0,0,0,0,0,0,0,0,0,0,0,0,0,0,0,0
2207,Joe Johnson,PHX,200304290SAS,"Apr 29, 2003",SAS,0,5,0,5,0.0,0.0,0.0,4,0,1,0,0,0,0,0,0,0,0,0,0,0,0,0,0,0,0,0,0,0,0,0
2049,Speedy Claxton,SAS,200304290SAS,"Apr 29, 2003",PHX,5,6,2,7,35.71,36.34,-0.63,6,4,0,0,1,1,0,0,0,0,0,0,0,0,0,0,0,0,0,0,0,0,0,0
2418,Casey Jacobsen,PHX,200304290SAS,"Apr 29, 2003",SAS,6,5,2,6,42.86,51.02,-8.16,3,0,2,6,0,0,0,0,0,0,0,0,0,0,0,0,0,0,0,0,0,0,1,0
120,Steven Smith,SAS,200304290SAS,"Apr 29, 2003",PHX,6,7,1,8,30.0,40.32,-10.32,2,2,5,3,0,0,0,0,0,0,0,0,1,1,0,0,0,0,0,0,0,0,0,0
397,Reggie Miller,IND,200304290IND,"Apr 29, 2003",BOS,8,10,2,11,32.0,36.76,-4.76,7,6,3,0,1,2,0,0,0,0,0,0,0,0,0,0,0,0,0,0,0,0,0,0
960,Tony Delk,BOS,200304290IND,"Apr 29, 2003",IND,19,10,1,11,76.0,91.0,-15.0,6,12,4,6,0,0,0,0,0,0,0,0,1,1,0,0,0,0,0,0,0,0,0,0
2224,Jamaal Tinsley,IND,200304290IND,"Apr 29, 2003",BOS,2,3,0,3,33.33,33.33,0.0,3,2,0,0,0,0,0,0,0,0,0,0,0,0,0,0,0,0,0,0,0,0,0,0
1499,Tony Battie,BOS,200304290IND,"Apr 29, 2003",IND,4,3,0,3,57.14,66.67,-9.53,2,4,1,0,0,0,0,0,0,0,0,0,0,0,0,0,0,0,0,0,0,0,0,0
962,Walter McCarty,BOS,200304290IND,"Apr 29, 2003",IND,13,11,0,11,43.33,59.09,-15.76,3,4,8,9,0,0,0,0,0,0,0,0,0,0,0,0,0,0,0,0,0,0,0,0
952,Antoine Walker,BOS,200304290IND,"Apr 29, 2003",IND,21,23,2,24,38.89,43.97,-5.08,17,18,6,3,1,0,0,0,0,0,0,0,0,0,0,0,0,0,0,0,0,0,0,0
979,Jermaine O'Neal,IND,200304290IND,"Apr 29, 2003",BOS,19,16,7,19,48.72,49.79,-1.07,15,12,0,0,3,5,0,0,1,2,0,0,0,0,0,0,0,0,0,0,0,0,0,0
1718,Paul Pierce,BOS,200304290IND,"Apr 29, 2003",IND,16,21,6,24,31.37,33.84,-2.47,18,8,3,3,3,5,0,0,0,0,0,0,0,0,0,0,0,0,0,0,0,0,0,0
1897,Metta World Peace,IND,200304290IND,"Apr 29, 2003",BOS,26,15,11,20,59.09,65.52,-6.43,11,8,3,6,4,7,0,0,1,3,0,0,0,0,0,0,0,0,0,0,0,0,1,2
1548,Mark Blount,BOS,200304290IND,"Apr 29, 2003",IND,5,3,1,4,71.43,72.67,-1.24,3,4,0,0,0,0,0,0,0,0,0,0,0,0,0,0,0,0,0,0,1,1,0,0
1802,Brad Miller,IND,200304290IND,"Apr 29, 2003",BOS,0,2,0,2,0.0,0.0,0.0,2,0,0,0,0,0,0,0,0,0,0,0,0,0,0,0,0,0,0,0,0,0,0,0
1733,Al Harrington,IND,200304290IND,"Apr 29, 2003",BOS,4,8,0,8,25.0,25.0,0.0,8,4,0,0,0,0,0,0,0,0,0,0,0,0,0,0,0,0,0,0,0,0,0,0
677,Eric Williams,BOS,200304290IND,"Apr 29, 2003",IND,5,9,1,9,26.32,26.48,-0.16,8,2,0,0,0,0,0,0,1,3,0,0,0,0,0,0,0,0,0,0,0,0,0,0
1500,Ron Mercer,IND,200304290IND,"Apr 29, 2003",BOS,13,18,1,19,35.14,35.25,-0.11,18,12,0,0,0,0,0,0,0,0,0,0,1,1,0,0,0,0,0,0,0,0,0,0
2452,J.R. Bremer,BOS,200304290IND,"Apr 29, 2003",IND,5,4,2,5,38.46,51.23,-12.77,1,0,3,3,1,2,0,0,0,0,0,0,0,0,0,0,0,0,0,0,0,0,0,0
896,Tim Hardaway,IND,200304290IND,"Apr 29, 2003",BOS,13,9,0,9,54.17,72.22,-18.05,3,4,6,9,0,0,0,0,0,0,0,0,0,0,0,0,0,0,0,0,0,0,0,0
1902,Jeff Foster,IND,200304290IND,"Apr 29, 2003",BOS,8,6,2,7,57.14,58.14,-1.0,6,6,0,0,1,2,0,0,0,0,0,0,0,0,0,0,0,0,0,0,0,0,0,0
708,Kevin Garnett,MIN,200304290MIN,"Apr 29, 2003",LAL,25,23,4,25,48.08,50.48,-2.4,21,20,2,3,2,2,0,0,0,0,0,0,0,0,0,0,0,0,0,0,0,0,0,0
965,Derek Fisher,LAL,200304290MIN,"Apr 29, 2003",MIN,24,10,4,12,77.42,102.04,-24.62,3,6,7,15,1,1,0,0,0,0,0,0,0,0,0,0,0,0,0,0,0,0,1,2
406,Shaquille O'Neal,LAL,200304290MIN,"Apr 29, 2003",MIN,27,18,10,23,58.7,60.27,-1.57,18,20,0,0,4,6,0,0,0,0,0,0,0,0,0,0,0,0,0,0,0,0,1,1
977,Kobe Bryant,LAL,200304290MIN,"Apr 29, 2003",MIN,32,21,8,25,59.26,65.25,-5.99,17,20,4,6,4,6,0,0,0,0,0,0,0,0,0,0,0,0,0,0,0,0,0,0
1904,Devean George,LAL,200304290MIN,"Apr 29, 2003",MIN,12,7,2,8,63.16,76.14,-12.98,4,4,3,6,1,2,0,0,0,0,0,0,0,0,0,0,0,0,0,0,0,0,0,0
1725,Rasho Nesterovic,MIN,200304290MIN,"Apr 29, 2003",LAL,13,9,4,10,59.09,60.41,-1.32,7,6,0,0,1,2,0,0,2,5,0,0,0,0,0,0,0,0,0,0,0,0,0,0
109,Robert Horry,LAL,200304290MIN,"Apr 29, 2003",MIN,12,12,0,12,42.86,50.0,-7.14,8,6,4,6,0,0,0,0,0,0,0,0,0,0,0,0,0,0,0,0,0,0,0,0
1887,Wally Szczerbiak,MIN,200304290MIN,"Apr 29, 2003",LAL,9,7,2,8,52.94,57.11,-4.17,6,4,1,3,1,2,0,0,0,0,0,0,0,0,0,0,0,0,0,0,0,0,0,0
1607,Troy Hudson,MIN,200304290MIN,"Apr 29, 2003",LAL,14,16,3,18,35.0,40.42,-5.42,11,6,5,6,1,2,0,0,0,0,0,0,1,0,0,0,0,0,0,0,0,0,0,0
324,Anthony Peeler,MIN,200304290MIN,"Apr 29, 2003",LAL,2,7,0,7,11.76,14.29,-2.53,4,2,3,0,0,0,0,0,0,0,0,0,0,0,0,0,0,0,0,0,0,0,0,0
383,Kendall Gill,MIN,200304290MIN,"Apr 29, 2003",LAL,10,7,2,8,58.82,63.45,-4.63,6,6,1,3,1,1,0,0,0,0,0,0,0,0,0,0,0,0,0,0,0,0,0,0
2058,Mark Madsen,LAL,200304290MIN,"Apr 29, 2003",MIN,4,4,2,5,40.0,40.98,-0.98,4,4,0,0,1,0,0,0,0,0,0,0,0,0,0,0,0,0,0,0,0,0,0,0
216,Brian Shaw,LAL,200304290MIN,"Apr 29, 2003",MIN,2,7,0,7,11.11,14.29,-3.18,3,2,4,0,0,0,0,0,0,0,0,0,0,0,0,0,0,0,0,0,0,0,0,0
1531,Marc Jackson,MIN,200304290MIN,"Apr 29, 2003",LAL,9,4,4,6,75.0,78.12,-3.12,4,6,0,0,1,1,0,0,0,0,0,0,0,0,0,0,0,0,0,0,0,0,1,2
955,Samaki Walker,LAL,200304290MIN,"Apr 29, 2003",MIN,2,1,0,1,100.0,100.0,0.0,1,2,0,0,0,0,0,0,0,0,0,0,0,0,0,0,0,0,0,0,0,0,0,0
393,Rod Strickland,LAL,200304290MIN,"Apr 29, 2003",MIN,0,4,0,4,0.0,0.0,0.0,4,0,0,0,0,0,0,0,0,0,0,0,0,0,0,0,0,0,0,0,0,0,0,0
718,Gary Trent,MIN,200304290MIN,"Apr 29, 2003",LAL,4,2,0,2,100.0,100.0,0.0,2,4,0,0,0,0,0,0,0,0,0,0,0,0,0,0,0,0,0,0,0,0,0,0
693,Joe Smith,MIN,200304290MIN,"Apr 29, 2003",LAL,2,1,0,1,100.0,100.0,0.0,1,2,0,0,0,0,0,0,0,0,0,0,0,0,0,0,0,0,0,0,0,0,0,0
2416,Kareem Rush,LAL,200304290MIN,"Apr 29, 2003",MIN,5,3,0,3,71.43,83.33,-11.9,2,2,1,3,0,0,0,0,0,0,0,0,0,0,0,0,0,0,0,0,0,0,0,0
2366,Mike Wilks,MIN,200304290MIN,"Apr 29, 2003",LAL,0,1,0,1,0.0,0.0,0.0,1,0,0,0,0,0,0,0,0,0,0,0,0,0,0,0,0,0,0,0,0,0,0,0
2254,Loren Woods,MIN,200304290MIN,"Apr 29, 2003",LAL,2,3,0,3,33.33,33.33,0.0,3,2,0,0,0,0,0,0,0,0,0,0,0,0,0,0,0,0,0,0,0,0,0,0
2048,Jamaal Magloire,NOP,200304300PHI,"Apr 30, 2003",PHI,17,11,11,16,51.52,53.66,-2.14,10,8,0,0,3,4,0,0,1,2,0,0,0,0,0,0,0,0,0,0,0,0,2,3
1884,Baron Davis,NOP,200304300PHI,"Apr 30, 2003",PHI,9,17,4,19,20.0,23.99,-3.99,10,6,7,0,1,1,0,0,0,0,0,0,0,0,0,0,0,0,0,0,0,0,1,2
136,P.J. Brown,NOP,200304300PHI,"Apr 30, 2003",PHI,11,9,5,11,47.83,49.11,-1.28,8,6,0,0,1,2,0,0,1,2,0,0,0,0,0,0,0,0,0,0,0,0,1,1
947,Allen Iverson,PHI,200304300PHI,"Apr 30, 2003",NOP,30,25,9,29,48.39,51.8,-3.41,21,18,3,3,2,2,0,0,1,3,0,0,0,0,0,0,0,0,0,0,0,0,2,4
469,Jamal Mashburn,NOP,200304300PHI,"Apr 30, 2003",PHI,21,20,6,24,42.86,46.38,-3.52,17,12,3,6,1,1,0,0,0,0,0,0,2,1,0,0,0,0,0,0,0,0,1,1
133,David Wesley,NOP,200304300PHI,"Apr 30, 2003",PHI,10,8,0,8,50.0,62.5,-12.5,4,4,4,6,0,0,0,0,0,0,0,0,0,0,0,0,0,0,0,0,0,0,0,0
1496,Keith Van Horn,PHI,200304300PHI,"Apr 30, 2003",NOP,21,15,8,19,48.84,56.7,-7.86,10,8,5,6,4,7,0,0,0,0,0,0,0,0,0,0,0,0,0,0,0,0,0,0
1903,Kenny Thomas,PHI,200304300PHI,"Apr 30, 2003",NOP,12,8,4,10,60.0,61.48,-1.48,8,8,0,0,1,2,0,0,0,0,0,0,0,0,0,0,0,0,0,0,0,0,1,2
727,Eric Snow,PHI,200304300PHI,"Apr 30, 2003",NOP,11,8,5,11,50.0,53.92,-3.92,7,6,1,0,2,4,0,0,0,0,0,0,1,1,0,0,0,0,0,0,0,0,0,0
934,Derrick Coleman,PHI,200304300PHI,"Apr 30, 2003",NOP,9,7,2,8,52.94,57.11,-4.17,6,4,1,3,0,0,0,0,0,0,0,0,0,0,0,0,0,0,0,0,0,0,1,2
123,Robert Pack,NOP,200304300PHI,"Apr 30, 2003",PHI,0,1,0,1,0.0,0.0,0.0,1,0,0,0,0,0,0,0,0,0,0,0,0,0,0,0,0,0,0,0,0,0,0,0
2042,Courtney Alexander,NOP,200304300PHI,"Apr 30, 2003",PHI,3,2,1,3,60.0,61.48,-1.48,2,2,0,0,0,0,0,0,0,0,0,0,1,1,0,0,0,0,0,0,0,0,0,0
243,Aaron McKie,PHI,200304300PHI,"Apr 30, 2003",NOP,4,4,0,4,50.0,50.0,0.0,4,4,0,0,0,0,0,0,0,0,0,0,0,0,0,0,0,0,0,0,0,0,0,0
42,Monty Williams,PHI,200304300PHI,"Apr 30, 2003",NOP,4,4,0,4,50.0,50.0,0.0,4,4,0,0,0,0,0,0,0,0,0,0,0,0,0,0,0,0,0,0,0,0,0,0
238,Tyrone Hill,PHI,200304300PHI,"Apr 30, 2003",NOP,0,1,0,1,0.0,0.0,0.0,1,0,0,0,0,0,0,0,0,0,0,0,0,0,0,0,0,0,0,0,0,0,0,0
248,George Lynch,NOP,200304300PHI,"Apr 30, 2003",PHI,16,9,0,9,76.19,88.89,-12.7,6,10,3,6,0,0,0,0,0,0,0,0,0,0,0,0,0,0,0,0,0,0,0,0
1714,Robert Traylor,NOP,200304300PHI,"Apr 30, 2003",PHI,2,4,0,4,25.0,25.0,0.0,4,2,0,0,0,0,0,0,0,0,0,0,0,0,0,0,0,0,0,0,0,0,0,0
2040,Jerome Moiso,NOP,200304300PHI,"Apr 30, 2003",PHI,4,2,2,3,66.67,69.44,-2.77,2,2,0,0,1,2,0,0,0,0,0,0,0,0,0,0,0,0,0,0,0,0,0,0
1730,Brian Skinner,PHI,200304300PHI,"Apr 30, 2003",NOP,0,1,0,1,0.0,0.0,0.0,1,0,0,0,0,0,0,0,0,0,0,0,0,0,0,0,0,0,0,0,0,0,0,0
688,Michael Curry,DET,200304300DET,"Apr 30, 2003",ORL,4,4,3,5,33.33,37.59,-4.26,3,2,1,0,0,0,1,2,0,0,0,0,0,0,0,0,0,0,0,0,0,0,0,0
1503,Tracy McGrady,ORL,200304300DET,"Apr 30, 2003",DET,19,20,3,21,39.58,44.56,-4.98,15,14,5,3,0,0,1,2,0,0,0,0,0,0,0,0,0,0,0,0,0,0,0,0
1497,Chauncey Billups,DET,200304300DET,"Apr 30, 2003",ORL,15,15,3,17,38.46,45.96,-7.5,9,12,6,0,1,2,0,0,0,0,0,0,1,1,0,0,0,0,0,0,0,0,0,0
1521,Jacque Vaughn,ORL,200304300DET,"Apr 30, 2003",DET,4,8,2,9,22.22,22.52,-0.3,8,2,0,0,1,2,0,0,0,0,0,0,0,0,0,0,0,0,0,0,0,0,0,0
2400,Drew Gooden,ORL,200304300DET,"Apr 30, 2003",DET,10,11,3,12,40.0,40.58,-0.58,10,6,0,0,1,1,0,0,1,3,0,0,0,0,0,0,0,0,0,0,0,0,0,0
361,Clifford Robinson,DET,200304300DET,"Apr 30, 2003",ORL,5,8,2,9,23.81,28.15,-4.34,5,0,3,3,0,0,0,0,0,0,0,0,0,0,0,0,0,0,0,0,0,0,1,2
1112,Ben Wallace,DET,200304300DET,"Apr 30, 2003",ORL,14,9,5,11,60.87,62.5,-1.63,8,10,0,0,2,2,0,0,1,2,0,0,0,0,0,0,0,0,0,0,0,0,0,0
692,Andrew DeClercq,ORL,200304300DET,"Apr 30, 2003",DET,2,2,0,2,50.0,50.0,0.0,2,2,0,0,0,0,0,0,0,0,0,0,0,0,0,0,0,0,0,0,0,0,0,0
1888,Richard Hamilton,DET,200304300DET,"Apr 30, 2003",ORL,24,16,6,19,63.16,64.38,-1.22,16,18,0,0,2,4,0,0,0,0,0,0,0,0,0,0,0,0,0,0,0,0,1,2
1727,Pat Garrity,ORL,200304300DET,"Apr 30, 2003",DET,5,6,1,6,35.71,38.82,-3.11,4,2,1,0,0,0,0,0,1,3,0,0,0,0,0,0,0,0,0,0,0,0,0,0
353,Darrell Armstrong,ORL,200304300DET,"Apr 30, 2003",DET,3,7,0,7,16.67,21.43,-4.76,3,0,4,3,0,0,0,0,0,0,0,0,0,0,0,0,0,0,0,0,0,0,0,0
431,Shawn Kemp,ORL,200304300DET,"Apr 30, 2003",DET,0,2,0,2,0.0,0.0,0.0,2,0,0,0,0,0,0,0,0,0,0,0,0,0,0,0,0,0,0,0,0,0,0,0
1921,Gordan Giricek,ORL,200304300DET,"Apr 30, 2003",DET,12,9,2,10,50.0,60.73,-10.73,5,8,4,3,1,1,0,0,0,0,0,0,0,0,0,0,0,0,0,0,0,0,0,0
2419,Tayshaun Prince,DET,200304300DET,"Apr 30, 2003",ORL,15,11,5,13,46.88,56.82,-9.94,5,6,5,3,2,3,0,0,1,3,0,0,0,0,0,0,0,0,0,0,0,0,0,0
2246,Mehmet Okur,DET,200304300DET,"Apr 30, 2003",ORL,11,6,2,7,68.75,79.94,-11.19,4,6,2,3,1,2,0,0,0,0,0,0,0,0,0,0,0,0,0,0,0,0,0,0
43,Chris Whitney,ORL,200304300DET,"Apr 30, 2003",DET,8,3,2,4,72.73,103.09,-30.36,0,0,3,6,0,0,0,0,0,0,0,0,0,0,0,0,0,0,0,0,0,0,1,2
2212,Steven Hunter,ORL,200304300DET,"Apr 30, 2003",DET,0,3,0,3,0.0,0.0,0.0,3,0,0,0,0,0,0,0,0,0,0,0,0,0,0,0,0,0,0,0,0,0,0,0
1088,Chucky Atkins,DET,200304300DET,"Apr 30, 2003",ORL,0,5,0,5,0.0,0.0,0.0,3,0,2,0,0,0,0,0,0,0,0,0,0,0,0,0,0,0,0,0,0,0,0,0
2469,Pat Burke,ORL,200304300DET,"Apr 30, 2003",DET,4,1,4,3,66.67,72.46,-5.79,1,0,0,0,1,2,0,0,0,0,0,0,0,0,0,0,0,0,0,0,0,0,1,2
468,Jon Barry,DET,200304300DET,"Apr 30, 2003",ORL,10,5,2,6,62.5,85.03,-22.53,1,2,4,6,1,2,0,0,0,0,0,0,0,0,0,0,0,0,0,0,0,0,0,0
2219,Jeryl Sasser,ORL,200304300DET,"Apr 30, 2003",DET,0,3,0,3,0.0,0.0,0.0,2,0,1,0,0,0,0,0,0,0,0,0,0,0,0,0,0,0,0,0,0,0,0,0
330,Danny Manning,DET,200304300DET,"Apr 30, 2003",ORL,0,1,0,1,0.0,0.0,0.0,1,0,0,0,0,0,0,0,0,0,0,0,0,0,0,0,0,0,0,0,0,0,0,0
714,Michael Finley,DAL,200304300DAL,"Apr 30, 2003",POR,15,11,2,12,55.56,63.13,-7.57,8,10,3,3,1,2,0,0,0,0,0,0,0,0,0,0,0,0,0,0,0,0,0,0
739,Rasheed Wallace,POR,200304300DAL,"Apr 30, 2003",DAL,14,14,3,15,36.84,45.69,-8.85,7,6,7,6,0,0,1,2,0,0,0,0,0,0,0,0,0,0,0,0,0,0,0,0
905,Dale Davis,POR,200304300DAL,"Apr 30, 2003",DAL,10,6,2,7,71.43,72.67,-1.24,6,8,0,0,1,2,0,0,0,0,0,0,0,0,0,0,0,0,0,0,0,0,0,0
1719,Bonzi Wells,POR,200304300DAL,"Apr 30, 2003",DAL,15,22,5,24,27.27,30.99,-3.72,15,4,6,6,2,3,0,0,1,2,0,0,0,0,0,0,0,0,0,0,0,0,0,0
959,Steve Nash,DAL,200304300DAL,"Apr 30, 2003",POR,7,11,4,14,25.93,27.43,-1.5,10,4,1,0,0,0,0,0,0,0,0,0,2,2,0,0,0,0,0,0,0,0,1,1
757,Damon Stoudamire,POR,200304300DAL,"Apr 30, 2003",DAL,19,15,1,16,48.72,61.53,-12.81,7,12,8,6,0,0,0,0,0,0,0,0,1,1,0,0,0,0,0,0,0,0,0,0
762,Shawn Bradley,DAL,200304300DAL,"Apr 30, 2003",POR,6,5,0,5,60.0,60.0,0.0,5,6,0,0,0,0,0,0,0,0,0,0,0,0,0,0,0,0,0,0,0,0,0,0
2216,Zach Randolph,POR,200304300DAL,"Apr 30, 2003",DAL,22,12,8,16,68.75,70.88,-2.13,12,14,0,0,3,6,0,0,0,0,0,0,0,0,0,0,0,0,0,0,0,0,1,2
1717,Dirk Nowitzki,DAL,200304300DAL,"Apr 30, 2003",POR,35,20,12,26,67.31,69.22,-1.91,20,24,0,0,6,11,0,0,0,0,0,0,0,0,0,0,0,0,0,0,0,0,0,0
1711,Raef LaFrentz,DAL,200304300DAL,"Apr 30, 2003",POR,3,3,2,4,30.0,38.66,-8.66,1,2,2,0,1,1,0,0,0,0,0,0,0,0,0,0,0,0,0,0,0,0,0,0
2059,Eduardo Najera,DAL,200304300DAL,"Apr 30, 2003",POR,8,5,3,6,61.54,63.29,-1.75,4,4,0,0,1,2,0,0,1,2,0,0,0,0,0,0,0,0,0,0,0,0,0,0
976,Jeff McInnis,POR,200304300DAL,"Apr 30, 2003",DAL,2,2,0,2,50.0,50.0,0.0,2,2,0,0,0,0,0,0,0,0,0,0,0,0,0,0,0,0,0,0,0,0,0,0
1739,Ruben Patterson,POR,200304300DAL,"Apr 30, 2003",DAL,9,8,2,9,45.0,50.68,-5.68,6,8,2,0,0,0,0,0,0,0,0,0,0,0,0,0,0,0,0,0,0,0,1,1
89,Nick Van Exel,DAL,200304300DAL,"Apr 30, 2003",POR,25,18,6,21,53.19,60.56,-7.37,13,14,5,6,1,2,0,0,0,0,0,0,0,0,0,0,0,0,0,0,0,0,2,3
717,Arvydas Sabonis,POR,200304300DAL,"Apr 30, 2003",DAL,3,1,2,2,75.0,79.79,-4.79,1,2,0,0,1,1,0,0,0,0,0,0,0,0,0,0,0,0,0,0,0,0,0,0
937,Scottie Pippen,POR,200304300DAL,"Apr 30, 2003",DAL,9,6,0,6,64.29,75.0,-10.71,4,6,2,3,0,0,0,0,0,0,0,0,0,0,0,0,0,0,0,0,0,0,0,0
252,Karl Malone,UTA,200304300SAC,"Apr 30, 2003",SAC,14,17,4,19,36.84,37.31,-0.47,17,10,0,0,2,4,0,0,0,0,0,0,0,0,0,0,0,0,0,0,0,0,0,0
124,Vlade Divac,SAC,200304300SAC,"Apr 30, 2003",UTA,16,7,5,9,84.21,86.96,-2.75,6,10,0,0,1,2,0,0,1,3,0,0,0,0,0,0,0,0,0,0,0,0,1,1
57,Doug Christie,SAC,200304300SAC,"Apr 30, 2003",UTA,2,5,0,5,20.0,20.0,0.0,5,2,0,0,0,0,0,0,0,0,0,0,0,0,0,0,0,0,0,0,0,0,0,0
1710,Mike Bibby,SAC,200304300SAC,"Apr 30, 2003",UTA,12,6,8,10,57.14,63.03,-5.89,5,6,1,0,2,4,0,0,0,0,0,0,0,0,0,0,0,0,0,0,0,0,2,2
1723,Matt Harpring,UTA,200304300SAC,"Apr 30, 2003",SAC,16,11,5,13,59.26,60.61,-1.35,10,10,0,0,1,1,0,0,1,3,0,0,0,0,0,0,0,0,0,0,0,0,1,2
978,Peja Stojakovic,SAC,200304300SAC,"Apr 30, 2003",UTA,22,11,7,15,70.97,78.12,-7.15,8,12,2,3,0,0,0,0,1,3,0,0,2,2,0,0,0,0,0,0,0,0,2,2
185,Chris Webber,SAC,200304300SAC,"Apr 30, 2003",UTA,26,21,10,25,49.06,51.18,-2.12,18,16,1,0,3,3,0,0,2,5,0,0,0,0,0,0,0,0,0,0,0,0,1,2
731,Greg Ostertag,UTA,200304300SAC,"Apr 30, 2003",SAC,2,1,0,1,100.0,100.0,0.0,1,2,0,0,0,0,0,0,0,0,0,0,0,0,0,0,0,0,0,0,0,0,0,0
384,Calbert Cheaney,UTA,200304300SAC,"Apr 30, 2003",SAC,0,2,0,2,0.0,0.0,0.0,2,0,0,0,0,0,0,0,0,0,0,0,0,0,0,0,0,0,0,0,0,0,0,0
763,Tony Massenburg,UTA,200304300SAC,"Apr 30, 2003",SAC,5,3,2,4,62.5,64.43,-1.93,3,4,0,0,1,1,0,0,0,0,0,0,0,0,0,0,0,0,0,0,0,0,0,0
304,John Stockton,UTA,200304300SAC,"Apr 30, 2003",SAC,8,7,2,8,50.0,50.76,-0.76,7,6,0,0,1,2,0,0,0,0,0,0,0,0,0,0,0,0,0,0,0,0,0,0
1909,Scott Padgett,UTA,200304300SAC,"Apr 30, 2003",SAC,16,12,2,13,57.14,62.11,-4.97,10,12,2,3,1,1,0,0,0,0,0,0,0,0,0,0,0,0,0,0,0,0,0,0
349,Mark Jackson,UTA,200304300SAC,"Apr 30, 2003",SAC,4,6,0,6,30.77,33.33,-2.56,5,4,1,0,0,0,0,0,0,0,0,0,0,0,0,0,0,0,0,0,0,0,0,0
1905,Andrei Kirilenko,UTA,200304300SAC,"Apr 30, 2003",SAC,6,9,2,10,27.27,30.36,-3.09,7,4,2,0,1,2,0,0,0,0,0,0,0,0,0,0,0,0,0,0,0,0,0,0
754,Jim Jackson,SAC,200304300SAC,"Apr 30, 2003",UTA,7,5,0,5,58.33,70.0,-11.67,3,4,2,3,0,0,0,0,0,0,0,0,0,0,0,0,0,0,0,0,0,0,0,0
1513,Scot Pollard,SAC,200304300SAC,"Apr 30, 2003",UTA,0,3,0,3,0.0,0.0,0.0,3,0,0,0,0,0,0,0,0,0,0,0,0,0,0,0,0,0,0,0,0,0,0,0
1517,Bobby Jackson,SAC,200304300SAC,"Apr 30, 2003",UTA,18,11,4,13,62.07,70.53,-8.46,8,8,3,6,2,4,0,0,0,0,0,0,0,0,0,0,0,0,0,0,0,0,0,0
1721,Keon Clark,SAC,200304300SAC,"Apr 30, 2003",UTA,4,1,2,2,100.0,106.38,-6.38,1,2,0,0,0,0,0,0,0,0,0,0,0,0,0,0,0,0,0,0,0,0,1,2
2052,DeShawn Stevenson,UTA,200304300SAC,"Apr 30, 2003",SAC,14,8,6,11,60.87,65.79,-4.92,7,8,1,0,3,6,0,0,0,0,0,0,0,0,0,0,0,0,0,0,0,0,0,0
2306,Carlos Arroyo,UTA,200304300SAC,"Apr 30, 2003",SAC,3,2,2,3,50.0,52.08,-2.08,2,2,0,0,1,1,0,0,0,0,0,0,0,0,0,0,0,0,0,0,0,0,0,0
680,John Amaechi,UTA,200304300SAC,"Apr 30, 2003",SAC,3,4,2,5,30.0,30.74,-0.74,4,2,0,0,0,0,0,0,0,0,0,0,0,0,0,0,0,0,0,0,0,0,1,1
2045,Hedo Turkoglu,SAC,200304300SAC,"Apr 30, 2003",UTA,2,1,2,2,40.0,53.19,-13.19,0,0,1,0,0,0,0,0,0,0,0,0,0,0,0,0,0,0,0,0,0,0,1,2
1444,Lawrence Funderburke,SAC,200304300SAC,"Apr 30, 2003",UTA,2,1,2,2,50.0,53.19,-3.19,1,0,0,0,1,2,0,0,0,0,0,0,0,0,0,0,0,0,0,0,0,0,0,0
397,Reggie Miller,IND,200305010BOS,"May 1, 2003",BOS,8,8,4,10,30.77,40.98,-10.21,2,2,6,3,1,1,0,0,0,0,0,0,0,0,0,0,0,0,0,0,0,0,1,2
1897,Metta World Peace,IND,200305010BOS,"May 1, 2003",BOS,20,18,6,21,38.46,48.45,-9.99,8,4,10,12,0,0,0,0,0,0,0,0,0,0,0,0,0,0,0,0,0,0,3,4
2224,Jamaal Tinsley,IND,200305010BOS,"May 1, 2003",BOS,2,4,0,4,22.22,25.0,-2.78,3,2,1,0,0,0,0,0,0,0,0,0,0,0,0,0,0,0,0,0,0,0,0,0
1499,Tony Battie,BOS,200305010BOS,"May 1, 2003",IND,5,3,2,4,62.5,64.43,-1.93,3,4,0,0,0,0,0,0,0,0,0,0,0,0,0,0,0,0,0,0,0,0,1,1
962,Walter McCarty,BOS,200305010BOS,"May 1, 2003",IND,13,6,2,7,72.22,94.48,-22.26,2,2,4,9,0,0,0,0,0,0,0,0,0,0,0,0,0,0,0,0,0,0,1,2
1718,Paul Pierce,IND,200305010BOS,"May 1, 2003",BOS,27,21,5,23,52.94,58.19,-5.25,15,14,4,6,1,0,0,0,2,6,0,0,1,1,0,0,0,0,0,0,0,0,0,0
952,Antoine Walker,BOS,200305010BOS,"May 1, 2003",IND,21,19,2,20,45.65,52.82,-7.17,13,14,6,6,0,0,0,0,0,0,0,0,0,0,0,0,0,0,0,0,0,0,1,1
1902,Jeff Foster,IND,200305010BOS,"May 1, 2003",BOS,4,3,0,3,66.67,66.67,0.0,3,4,0,0,0,0,0,0,0,0,0,0,0,0,0,0,0,0,0,0,0,0,0,0
979,Jermaine O'Neal,IND,200305010BOS,"May 1, 2003",BOS,25,15,16,23,53.19,56.72,-3.53,14,12,1,0,5,7,0,0,0,0,0,0,0,0,0,0,0,0,0,0,0,0,3,6
960,Tony Delk,IND,200305010BOS,"May 1, 2003",BOS,15,10,2,11,53.57,68.93,-15.36,4,4,6,9,0,0,0,0,0,0,0,0,0,0,0,0,0,0,0,0,0,0,1,2
1500,Ron Mercer,IND,200305010BOS,"May 1, 2003",BOS,0,5,0,5,0.0,0.0,0.0,5,0,0,0,0,0,0,0,0,0,0,0,0,0,0,0,0,0,0,0,0,0,0,0
1733,Al Harrington,IND,200305010BOS,"May 1, 2003",BOS,5,8,4,10,23.81,25.61,-1.8,7,2,1,0,1,2,0,0,0,0,0,0,0,0,0,0,0,0,0,0,0,0,1,1
1548,Mark Blount,BOS,200305010BOS,"May 1, 2003",IND,7,3,4,5,70.0,73.53,-3.53,3,4,0,0,2,3,0,0,0,0,0,0,0,0,0,0,0,0,0,0,0,0,0,0
677,Eric Williams,BOS,200305010BOS,"May 1, 2003",IND,10,9,6,12,40.0,42.96,-2.96,8,6,1,0,0,0,0,0,0,0,0,0,0,0,0,0,0,0,0,0,0,0,3,4
896,Tim Hardaway,IND,200305010BOS,"May 1, 2003",BOS,0,2,0,2,0.0,0.0,0.0,0,0,2,0,0,0,0,0,0,0,0,0,0,0,0,0,0,0,0,0,0,0,0,0
2452,J.R. Bremer,BOS,200305010BOS,"May 1, 2003",IND,12,11,3,13,41.38,48.7,-7.32,7,4,4,6,1,1,0,0,0,0,0,0,1,1,0,0,0,0,0,0,0,0,0,0
1802,Brad Miller,IND,200305010BOS,"May 1, 2003",BOS,2,4,2,5,20.0,20.49,-0.49,4,0,0,0,1,2,0,0,0,0,0,0,0,0,0,0,0,0,0,0,0,0,0,0
1886,Jonathan Bender,IND,200305010BOS,"May 1, 2003",BOS,12,8,2,9,52.17,67.57,-15.4,3,2,5,9,1,1,0,0,0,0,0,0,0,0,0,0,0,0,0,0,0,0,0,0
1065,Erick Strickland,IND,200305010BOS,"May 1, 2003",BOS,12,10,6,13,38.71,47.47,-8.76,5,4,5,3,1,2,0,0,0,0,0,0,0,0,0,0,0,0,0,0,0,0,2,3
3,Grant Long,BOS,200305010BOS,"May 1, 2003",IND,0,1,0,1,0.0,0.0,0.0,1,0,0,0,0,0,0,0,0,0,0,0,0,0,0,0,0,0,0,0,0,0,0,0
56,Gary Payton,MIL,200305010MIL,"May 1, 2003",NJN,24,19,5,21,54.55,56.6,-2.05,17,18,1,0,1,2,0,0,1,3,0,0,0,0,0,0,0,0,0,0,0,0,1,1
467,Jason Kidd,NJN,200305010MIL,"May 1, 2003",MIL,22,11,14,19,53.66,64.1,-10.44,6,8,5,3,3,5,0,0,0,0,0,0,2,2,0,0,0,0,0,0,0,0,3,4
2210,Richard Jefferson,NJN,200305010MIL,"May 1, 2003",MIL,16,11,0,11,72.73,72.73,0.0,11,16,0,0,0,0,0,0,0,0,0,0,0,0,0,0,0,0,0,0,0,0,0,0
1501,Tim Thomas,MIL,200305010MIL,"May 1, 2003",NJN,13,7,5,9,61.9,70.65,-8.75,5,2,1,3,1,2,0,0,0,0,1,4,0,0,0,0,0,0,0,0,0,0,1,2
2215,Jason Collins,NJN,200305010MIL,"May 1, 2003",MIL,6,4,4,6,50.0,52.08,-2.08,4,2,0,0,2,4,0,0,0,0,0,0,0,0,0,0,0,0,0,0,0,0,0,0
208,Sam Cassell,NJN,200305010MIL,"May 1, 2003",MIL,5,4,2,5,45.45,51.23,-5.78,3,4,1,0,0,0,0,0,0,0,0,0,0,0,0,0,0,0,0,0,0,0,1,1
2030,Kenyon Martin,NJN,200305010MIL,"May 1, 2003",MIL,29,21,8,25,58.0,59.14,-1.14,21,24,0,0,4,5,0,0,0,0,0,0,0,0,0,0,0,0,0,0,0,0,0,0
2046,Desmond Mason,MIL,200305010MIL,"May 1, 2003",NJN,15,13,3,14,50.0,52.37,-2.37,11,12,1,0,1,1,0,0,1,2,0,0,0,0,0,0,0,0,0,0,0,0,0,0
911,Ervin Johnson,MIL,200305010MIL,"May 1, 2003",NJN,2,1,0,1,100.0,100.0,0.0,1,2,0,0,0,0,0,0,0,0,0,0,0,0,0,0,0,0,0,0,0,0,0,0
954,Kerry Kittles,NJN,200305010MIL,"May 1, 2003",MIL,12,12,2,13,38.71,46.58,-7.87,7,4,5,6,1,2,0,0,0,0,0,0,0,0,0,0,0,0,0,0,0,0,0,0
389,Toni Kukoc,MIL,200305010MIL,"May 1, 2003",NJN,16,14,0,14,50.0,57.14,-7.14,10,10,4,6,0,0,0,0,0,0,0,0,0,0,0,0,0,0,0,0,0,0,0,0
2072,Michael Redd,MIL,200305010MIL,"May 1, 2003",NJN,20,11,7,14,68.97,71.02,-2.05,10,12,0,0,2,3,0,0,1,3,0,0,0,0,0,0,0,0,0,0,0,0,1,2
193,Anthony Mason,MIL,200305010MIL,"May 1, 2003",NJN,4,3,2,4,50.0,51.55,-1.55,3,2,0,0,1,2,0,0,0,0,0,0,0,0,0,0,0,0,0,0,0,0,0,0
915,Rodney Rogers,NJN,200305010MIL,"May 1, 2003",MIL,8,7,1,7,44.44,53.76,-9.32,4,2,2,3,0,0,0,0,0,0,1,3,0,0,0,0,0,0,0,0,0,0,0,0
1425,Aaron Williams,NJN,200305010MIL,"May 1, 2003",MIL,12,7,2,8,75.0,76.14,-1.14,7,10,0,0,1,2,0,0,0,0,0,0,0,0,0,0,0,0,0,0,0,0,0,0
446,Lucious Harris,NJN,200305010MIL,"May 1, 2003",MIL,8,8,4,10,34.78,40.98,-6.2,5,2,3,3,2,3,0,0,0,0,0,0,0,0,0,0,0,0,0,0,0,0,0,0
2409,Marcus Haislip,MIL,200305010MIL,"May 1, 2003",NJN,2,0,4,2,50.0,56.82,-6.82,0,0,0,0,1,1,0,0,0,0,0,0,0,0,0,0,0,0,0,0,0,0,1,1
2405,Amar'e Stoudemire,SAS,200305010PHO,"May 1, 2003",PHX,18,14,3,15,58.06,58.75,-0.69,13,14,0,0,1,1,0,0,1,3,0,0,0,0,0,0,0,0,0,0,0,0,0,0
1495,Tim Duncan,SAS,200305010PHO,"May 1, 2003",PHX,15,12,11,17,42.86,44.54,-1.68,11,6,0,0,3,4,0,0,1,3,0,0,0,0,0,0,0,0,0,0,0,0,2,2
950,Stephon Marbury,PHX,200305010PHO,"May 1, 2003",SAS,18,19,6,22,36.73,41.59,-4.86,14,6,5,6,1,2,0,0,0,0,0,0,0,0,0,0,0,0,0,0,0,0,2,4
1536,Stephen Jackson,SAS,200305010PHO,"May 1, 2003",PHX,21,14,7,18,47.73,61.48,-13.75,5,2,9,15,0,0,0,0,0,0,0,0,1,1,0,0,0,0,0,0,0,0,3,3
358,Anfernee Hardaway,PHX,200305010PHO,"May 1, 2003",SAS,10,13,0,13,33.33,38.46,-5.13,9,4,4,6,0,0,0,0,0,0,0,0,0,0,0,0,0,0,0,0,0,0,0,0
1890,Shawn Marion,PHX,200305010PHO,"May 1, 2003",SAS,24,21,3,22,45.28,53.76,-8.48,12,8,8,12,1,2,0,0,1,2,0,0,0,0,0,0,0,0,0,0,0,0,0,0
281,Scott Williams,PHX,200305010PHO,"May 1, 2003",SAS,2,5,0,5,20.0,20.0,0.0,5,2,0,0,0,0,0,0,0,0,0,0,0,0,0,0,0,0,0,0,0,0,0,0
1477,Bruce Bowen,PHX,200305010PHO,"May 1, 2003",SAS,0,3,0,3,0.0,0.0,0.0,0,0,3,0,0,0,0,0,0,0,0,0,0,0,0,0,0,0,0,0,0,0,0,0
2225,Tony Parker,SAS,200305010PHO,"May 1, 2003",PHX,17,15,4,17,45.95,50.72,-4.77,12,14,3,0,1,2,0,0,0,0,0,0,0,0,0,0,0,0,0,0,0,0,1,1
764,David Robinson,SAS,200305010PHO,"May 1, 2003",PHX,6,5,6,8,37.5,39.27,-1.77,5,4,0,0,2,1,0,0,0,0,0,0,0,0,0,0,0,0,0,0,0,0,1,1
990,Malik Rose,SAS,200305010PHO,"May 1, 2003",PHX,7,7,2,8,43.75,44.42,-0.67,7,6,0,0,1,1,0,0,0,0,0,0,0,0,0,0,0,0,0,0,0,0,0,0
1938,Manu Ginobili,SAS,200305010PHO,"May 1, 2003",PHX,12,10,0,10,44.44,60.0,-15.56,3,0,7,12,0,0,0,0,0,0,0,0,0,0,0,0,0,0,0,0,0,0,0,0
448,Bo Outlaw,PHX,200305010PHO,"May 1, 2003",SAS,0,1,0,1,0.0,0.0,0.0,1,0,0,0,0,0,0,0,0,0,0,0,0,0,0,0,0,0,0,0,0,0,0,0
2063,Jake Voskuhl,PHX,200305010PHO,"May 1, 2003",SAS,2,1,2,2,50.0,53.19,-3.19,1,0,0,0,0,0,0,0,0,0,0,0,0,0,0,0,0,0,0,0,0,0,1,2
120,Steven Smith,SAS,200305010PHO,"May 1, 2003",PHX,3,7,1,8,17.65,20.16,-2.51,5,2,2,0,0,0,0,0,0,0,0,0,1,1,0,0,0,0,0,0,0,0,0,0
2207,Joe Johnson,PHX,200305010PHO,"May 1, 2003",SAS,11,13,2,14,34.38,39.63,-5.25,9,10,4,0,1,1,0,0,0,0,0,0,0,0,0,0,0,0,0,0,0,0,0,0
2049,Speedy Claxton,SAS,200305010PHO,"May 1, 2003",PHX,6,3,4,5,60.0,63.03,-3.03,3,4,0,0,1,1,0,0,0,0,0,0,0,0,0,0,0,0,0,0,0,0,1,1
2418,Casey Jacobsen,PHX,200305010PHO,"May 1, 2003",SAS,0,1,0,1,0.0,0.0,0.0,0,0,1,0,0,0,0,0,0,0,0,0,0,0,0,0,0,0,0,0,0,0,0,0
1607,Troy Hudson,MIN,200305010LAL,"May 1, 2003",LAL,18,17,2,18,41.86,50.34,-8.48,10,10,7,6,1,2,0,0,0,0,0,0,0,0,0,0,0,0,0,0,0,0,0,0
406,Shaquille O'Neal,LAL,200305010LAL,"May 1, 2003",MIN,24,18,9,22,53.33,54.64,-1.31,17,18,0,0,4,3,0,0,1,3,0,0,0,0,0,0,0,0,0,0,0,0,0,0
109,Robert Horry,MIN,200305010LAL,"May 1, 2003",LAL,11,12,2,13,35.48,42.7,-7.22,7,10,5,0,0,0,0,0,0,0,0,0,0,0,0,0,0,0,0,0,0,0,1,1
708,Kevin Garnett,MIN,200305010LAL,"May 1, 2003",LAL,18,21,2,22,40.0,41.13,-1.13,20,18,1,0,1,0,0,0,0,0,0,0,0,0,0,0,0,0,0,0,0,0,0,0
1725,Rasho Nesterovic,MIN,200305010LAL,"May 1, 2003",LAL,8,9,0,9,44.44,44.44,0.0,9,8,0,0,0,0,0,0,0,0,0,0,0,0,0,0,0,0,0,0,0,0,0,0
1887,Wally Szczerbiak,MIN,200305010LAL,"May 1, 2003",LAL,14,8,7,11,60.87,63.18,-2.31,7,6,0,0,2,3,0,0,1,3,0,0,0,0,0,0,0,0,0,0,0,0,1,2
324,Anthony Peeler,LAL,200305010LAL,"May 1, 2003",MIN,2,6,0,6,13.33,16.67,-3.34,3,2,3,0,0,0,0,0,0,0,0,0,0,0,0,0,0,0,0,0,0,0,0,0
977,Kobe Bryant,LAL,200305010LAL,"May 1, 2003",MIN,31,26,2,27,50.82,57.66,-6.84,19,24,7,6,1,1,0,0,0,0,0,0,0,0,0,0,0,0,0,0,0,0,0,0
965,Derek Fisher,LAL,200305010LAL,"May 1, 2003",MIN,16,14,0,14,50.0,57.14,-7.14,10,10,4,6,0,0,0,0,0,0,0,0,0,0,0,0,0,0,0,0,0,0,0,0
1904,Devean George,LAL,200305010LAL,"May 1, 2003",MIN,12,12,2,13,42.86,46.58,-3.72,10,10,2,0,1,2,0,0,0,0,0,0,0,0,0,0,0,0,0,0,0,0,0,0
383,Kendall Gill,MIN,200305010LAL,"May 1, 2003",LAL,10,9,4,11,43.48,46.47,-2.99,8,8,1,0,1,0,0,0,0,0,0,0,0,0,0,0,0,0,0,0,0,0,1,2
1531,Marc Jackson,MIN,200305010LAL,"May 1, 2003",LAL,4,5,3,6,30.77,31.65,-0.88,4,0,0,0,1,1,0,0,1,3,0,0,0,0,0,0,0,0,0,0,0,0,0,0
2058,Mark Madsen,LAL,200305010LAL,"May 1, 2003",MIN,0,2,2,3,0.0,0.0,0.0,1,0,1,0,1,0,0,0,0,0,0,0,0,0,0,0,0,0,0,0,0,0,0,0
216,Brian Shaw,LAL,200305010LAL,"May 1, 2003",MIN,2,2,0,2,50.0,50.0,0.0,2,2,0,0,0,0,0,0,0,0,0,0,0,0,0,0,0,0,0,0,0,0,0,0
693,Joe Smith,MIN,200305010LAL,"May 1, 2003",LAL,8,3,6,6,66.67,70.92,-4.25,3,2,0,0,2,4,0,0,0,0,0,0,0,0,0,0,0,0,0,0,0,0,1,2
393,Rod Strickland,MIN,200305010LAL,"May 1, 2003",LAL,2,1,0,1,100.0,100.0,0.0,1,2,0,0,0,0,0,0,0,0,0,0,0,0,0,0,0,0,0,0,0,0,0,0
2416,Kareem Rush,LAL,200305010LAL,"May 1, 2003",MIN,2,2,0,2,40.0,50.0,-10.0,1,2,1,0,0,0,0,0,0,0,0,0,0,0,0,0,0,0,0,0,0,0,0,0
2098,Slava Medvedenko,LAL,200305010LAL,"May 1, 2003",MIN,2,2,0,2,50.0,50.0,0.0,2,2,0,0,0,0,0,0,0,0,0,0,0,0,0,0,0,0,0,0,0,0,0,0
2457,Jannero Pargo,LAL,200305010LAL,"May 1, 2003",MIN,1,1,2,2,25.0,26.6,-1.6,1,0,0,0,0,0,0,0,0,0,0,0,0,0,0,0,0,0,0,0,0,0,1,1
718,Gary Trent,MIN,200305010LAL,"May 1, 2003",LAL,1,1,2,2,25.0,26.6,-1.6,1,0,0,0,0,0,0,0,0,0,0,0,0,0,0,0,0,0,0,0,0,0,1,1
692,Andrew DeClercq,DET,200305020ORL,"May 2, 2003",ORL,4,4,0,4,50.0,50.0,0.0,4,4,0,0,0,0,0,0,0,0,0,0,0,0,0,0,0,0,0,0,0,0,0,0
1112,Ben Wallace,DET,200305020ORL,"May 2, 2003",ORL,20,11,22,22,45.45,48.36,-2.91,11,12,0,0,3,4,0,0,0,0,0,0,0,0,0,0,0,0,0,0,0,0,8,4
1921,Gordan Giricek,ORL,200305020ORL,"May 2, 2003",DET,12,10,0,10,57.14,60.0,-2.86,9,12,1,0,0,0,0,0,0,0,0,0,0,0,0,0,0,0,0,0,0,0,0,0
1497,Chauncey Billups,DET,200305020ORL,"May 2, 2003",ORL,40,23,12,30,55.56,70.72,-15.16,9,8,14,21,1,2,0,0,0,0,0,0,2,2,0,0,0,0,0,0,0,0,4,7
1521,Jacque Vaughn,ORL,200305020ORL,"May 2, 2003",DET,5,7,2,8,31.25,31.73,-0.48,7,4,0,0,1,1,0,0,0,0,0,0,0,0,0,0,0,0,0,0,0,0,0,0
688,Michael Curry,DET,200305020ORL,"May 2, 2003",ORL,5,5,1,5,41.67,45.96,-4.29,3,2,1,0,0,0,0,0,1,3,0,0,0,0,0,0,0,0,0,0,0,0,0,0
1888,Richard Hamilton,DET,200305020ORL,"May 2, 2003",ORL,22,22,4,24,42.31,46.3,-3.99,18,18,4,0,2,4,0,0,0,0,0,0,0,0,0,0,0,0,0,0,0,0,0,0
1503,Tracy McGrady,ORL,200305020ORL,"May 2, 2003",DET,37,28,17,36,46.84,52.14,-5.3,21,18,6,3,3,4,0,0,1,3,0,0,0,0,0,0,0,0,0,0,0,0,5,9
361,Clifford Robinson,DET,200305020ORL,"May 2, 2003",ORL,1,5,2,6,6.25,8.5,-2.25,1,0,4,0,1,1,0,0,0,0,0,0,0,0,0,0,0,0,0,0,0,0,0,0
2400,Drew Gooden,ORL,200305020ORL,"May 2, 2003",DET,11,12,3,13,39.29,41.29,-2.0,10,8,1,0,1,1,0,0,1,2,0,0,0,0,0,0,0,0,0,0,0,0,0,0
1727,Pat Garrity,ORL,200305020ORL,"May 2, 2003",DET,6,9,1,9,24.0,31.78,-7.78,2,0,6,3,0,0,0,0,1,3,0,0,0,0,0,0,0,0,0,0,0,0,0,0
353,Darrell Armstrong,ORL,200305020ORL,"May 2, 2003",DET,7,5,3,7,46.67,55.38,-8.71,3,4,2,0,0,0,0,0,0,0,0,0,1,1,0,0,0,0,0,0,0,0,1,2
43,Chris Whitney,ORL,200305020ORL,"May 2, 2003",DET,0,2,0,2,0.0,0.0,0.0,1,0,1,0,0,0,0,0,0,0,0,0,0,0,0,0,0,0,0,0,0,0,0,0
2246,Mehmet Okur,DET,200305020ORL,"May 2, 2003",ORL,2,0,4,2,50.0,56.82,-6.82,0,0,0,0,2,2,0,0,0,0,0,0,0,0,0,0,0,0,0,0,0,0,0,0
431,Shawn Kemp,ORL,200305020ORL,"May 2, 2003",DET,4,2,2,3,66.67,69.44,-2.77,2,2,0,0,1,2,0,0,0,0,0,0,0,0,0,0,0,0,0,0,0,0,0,0
2419,Tayshaun Prince,ORL,200305020ORL,"May 2, 2003",DET,5,3,4,5,50.0,52.52,-2.52,3,2,0,0,0,0,0,0,0,0,0,0,0,0,0,0,0,0,0,0,0,0,2,3
468,Jon Barry,DET,200305020ORL,"May 2, 2003",ORL,2,0,2,1,100.0,113.64,-13.64,0,0,0,0,0,0,0,0,0,0,0,0,0,0,0,0,0,0,0,0,0,0,1,2
2219,Jeryl Sasser,ORL,200305020ORL,"May 2, 2003",DET,0,1,0,1,0.0,0.0,0.0,0,0,1,0,0,0,0,0,0,0,0,0,0,0,0,0,0,0,0,0,0,0,0,0
2469,Pat Burke,ORL,200305020ORL,"May 2, 2003",DET,2,1,0,1,100.0,100.0,0.0,1,2,0,0,0,0,0,0,0,0,0,0,0,0,0,0,0,0,0,0,0,0,0,0
722,Corliss Williamson,DET,200305020ORL,"May 2, 2003",ORL,6,5,0,5,60.0,60.0,0.0,5,6,0,0,0,0,0,0,0,0,0,0,0,0,0,0,0,0,0,0,0,0,0,0
133,David Wesley,NOP,200305020NOH,"May 2, 2003",PHI,19,16,1,16,48.72,57.79,-9.07,9,10,6,6,0,0,0,0,1,3,0,0,0,0,0,0,0,0,0,0,0,0,0,0
1884,Baron Davis,NOP,200305020NOH,"May 2, 2003",PHI,21,13,4,15,61.76,71.14,-9.38,9,12,4,6,0,0,0,0,0,0,0,0,0,0,0,0,0,0,0,0,0,0,2,3
469,Jamal Mashburn,NOP,200305020NOH,"May 2, 2003",PHI,36,27,7,30,55.38,59.84,-4.46,22,20,4,9,1,2,0,0,1,3,0,0,0,0,0,0,0,0,0,0,0,0,2,2
2048,Jamaal Magloire,NOP,200305020NOH,"May 2, 2003",PHI,6,7,0,7,42.86,42.86,0.0,7,6,0,0,0,0,0,0,0,0,0,0,0,0,0,0,0,0,0,0,0,0,0,0
727,Eric Snow,PHI,200305020NOH,"May 2, 2003",NOP,8,10,4,12,29.63,34.01,-4.38,7,4,3,0,1,2,0,0,0,0,0,0,0,0,0,0,0,0,0,0,0,0,1,2
947,Allen Iverson,PHI,200305020NOH,"May 2, 2003",NOP,45,30,18,39,51.14,59.34,-8.2,20,20,10,12,6,8,0,0,0,0,0,0,0,0,0,0,0,0,0,0,0,0,3,5
1903,Kenny Thomas,PHI,200305020NOH,"May 2, 2003",NOP,10,7,0,7,71.43,71.43,0.0,7,10,0,0,0,0,0,0,0,0,0,0,0,0,0,0,0,0,0,0,0,0,0,0
136,P.J. Brown,NOP,200305020NOH,"May 2, 2003",PHI,7,6,4,8,43.75,45.1,-1.35,6,4,0,0,0,0,0,0,0,0,0,0,0,0,0,0,0,0,0,0,0,0,2,3
1496,Keith Van Horn,PHI,200305020NOH,"May 2, 2003",NOP,18,14,3,15,47.37,58.75,-11.38,6,4,7,9,1,2,0,0,1,3,0,0,0,0,0,0,0,0,0,0,0,0,0,0
123,Robert Pack,NOP,200305020NOH,"May 2, 2003",PHI,0,1,0,1,0.0,0.0,0.0,1,0,0,0,0,0,0,0,0,0,0,0,0,0,0,0,0,0,0,0,0,0,0,0
934,Derrick Coleman,PHI,200305020NOH,"May 2, 2003",NOP,16,11,5,13,59.26,60.61,-1.35,10,10,0,0,1,1,0,0,1,3,0,0,0,0,0,0,0,0,0,0,0,0,1,2
42,Monty Williams,PHI,200305020NOH,"May 2, 2003",NOP,4,3,0,3,66.67,66.67,0.0,3,4,0,0,0,0,0,0,0,0,0,0,0,0,0,0,0,0,0,0,0,0,0,0
243,Aaron McKie,PHI,200305020NOH,"May 2, 2003",NOP,6,4,2,5,60.0,61.48,-1.48,4,4,0,0,0,0,0,0,0,0,0,0,0,0,0,0,0,0,0,0,0,0,1,2
238,Tyrone Hill,PHI,200305020NOH,"May 2, 2003",NOP,0,1,0,1,0.0,0.0,0.0,1,0,0,0,0,0,0,0,0,0,0,0,0,0,0,0,0,0,0,0,0,0,0,0
2040,Jerome Moiso,NOP,200305020NOH,"May 2, 2003",PHI,5,3,2,4,62.5,64.43,-1.93,3,4,0,0,0,0,0,0,0,0,0,0,0,0,0,0,0,0,0,0,0,0,1,1
1714,Robert Traylor,NOP,200305020NOH,"May 2, 2003",PHI,6,5,2,6,50.0,51.02,-1.02,5,6,0,0,0,0,0,0,0,0,0,0,0,0,0,0,0,0,0,0,0,0,1,0
2042,Courtney Alexander,NOP,200305020NOH,"May 2, 2003",PHI,2,2,1,2,40.0,40.98,-0.98,1,0,0,0,0,0,0,0,1,2,0,0,0,0,0,0,0,0,0,0,0,0,0,0
248,George Lynch,NOP,200305020NOH,"May 2, 2003",PHI,1,3,2,4,10.0,12.89,-2.89,1,0,2,0,0,0,0,0,0,0,0,0,0,0,0,0,0,0,0,0,0,0,1,1
1711,Raef LaFrentz,DAL,200305020POR,"May 2, 2003",POR,4,7,0,7,26.67,28.57,-1.9,6,4,1,0,0,0,0,0,0,0,0,0,0,0,0,0,0,0,0,0,0,0,0,0
959,Steve Nash,DAL,200305020POR,"May 2, 2003",POR,21,14,6,18,53.85,63.1,-9.25,9,6,5,9,2,4,0,0,0,0,0,0,2,2,0,0,0,0,0,0,0,0,0,0
757,Damon Stoudamire,POR,200305020POR,"May 2, 2003",DAL,14,10,2,11,56.0,64.34,-8.34,7,6,3,6,0,0,0,0,0,0,0,0,0,0,0,0,0,0,0,0,0,0,1,2
762,Shawn Bradley,DAL,200305020POR,"May 2, 2003",POR,5,6,2,7,35.71,36.34,-0.63,6,4,0,0,1,1,0,0,0,0,0,0,0,0,0,0,0,0,0,0,0,0,0,0
1719,Bonzi Wells,POR,200305020POR,"May 2, 2003",DAL,18,14,0,14,62.07,64.29,-2.22,13,18,1,0,0,0,0,0,0,0,0,0,0,0,0,0,0,0,0,0,0,0,0,0
714,Michael Finley,DAL,200305020POR,"May 2, 2003",POR,20,16,3,18,50.0,57.74,-7.74,11,8,5,9,0,0,0,0,0,0,0,0,1,1,0,0,0,0,0,0,0,0,1,2
1717,Dirk Nowitzki,POR,200305020POR,"May 2, 2003",DAL,4,11,0,11,17.39,18.18,-0.79,10,4,1,0,0,0,0,0,0,0,0,0,0,0,0,0,0,0,0,0,0,0,0,0
2216,Zach Randolph,POR,200305020POR,"May 2, 2003",DAL,21,10,9,15,72.41,75.21,-2.8,10,12,0,0,3,6,0,0,0,0,0,0,1,1,0,0,0,0,0,0,0,0,1,2
739,Rasheed Wallace,DAL,200305020POR,"May 2, 2003",POR,13,7,3,8,61.9,78.12,-16.22,2,2,4,6,1,2,0,0,1,3,0,0,0,0,0,0,0,0,0,0,0,0,0,0
905,Dale Davis,POR,200305020POR,"May 2, 2003",DAL,4,3,0,3,66.67,66.67,0.0,3,4,0,0,0,0,0,0,0,0,0,0,0,0,0,0,0,0,0,0,0,0,0,0
717,Arvydas Sabonis,POR,200305020POR,"May 2, 2003",DAL,16,8,2,9,88.89,90.09,-1.2,8,14,0,0,0,0,0,0,0,0,0,0,0,0,0,0,0,0,0,0,0,0,1,2
2059,Eduardo Najera,DAL,200305020POR,"May 2, 2003",POR,8,6,4,8,50.0,51.55,-1.55,6,6,0,0,1,1,0,0,0,0,0,0,0,0,0,0,0,0,0,0,0,0,1,1
89,Nick Van Exel,DAL,200305020POR,"May 2, 2003",POR,4,3,2,4,50.0,51.55,-1.55,3,2,0,0,1,2,0,0,0,0,0,0,0,0,0,0,0,0,0,0,0,0,0,0
976,Jeff McInnis,POR,200305020POR,"May 2, 2003",DAL,7,8,2,9,36.84,39.41,-2.57,7,6,1,0,1,1,0,0,0,0,0,0,0,0,0,0,0,0,0,0,0,0,0,0
1739,Ruben Patterson,POR,200305020POR,"May 2, 2003",DAL,20,10,5,12,80.0,81.97,-1.97,9,14,0,0,1,2,0,0,1,3,0,0,0,0,0,0,0,0,0,0,0,0,1,1
1498,Antonio Daniels,POR,200305020POR,"May 2, 2003",DAL,4,3,0,3,66.67,66.67,0.0,3,4,0,0,0,0,0,0,0,0,0,0,0,0,0,0,0,0,0,0,0,0,0,0
1559,Adrian Griffin,DAL,200305020POR,"May 2, 2003",POR,4,7,0,7,28.57,28.57,0.0,7,4,0,0,0,0,0,0,0,0,0,0,0,0,0,0,0,0,0,0,0,0,0,0
1505,Tariq Abdul-Wahad,DAL,200305020POR,"May 2, 2003",POR,9,8,2,8,47.37,50.68,-3.31,5,4,1,0,0,0,0,0,2,5,0,0,0,0,0,0,0,0,0,0,0,0,0,0
1952,Raja Bell,DAL,200305020POR,"May 2, 2003",POR,11,5,2,6,78.57,93.54,-14.97,3,4,2,6,0,0,0,0,0,0,0,0,0,0,0,0,0,0,0,0,0,0,1,1
937,Scottie Pippen,POR,200305020POR,"May 2, 2003",DAL,4,2,2,3,66.67,69.44,-2.77,2,2,0,0,0,0,0,0,0,0,0,0,0,0,0,0,0,0,0,0,0,0,1,2
1915,Evan Eschmeyer,DAL,200305020POR,"May 2, 2003",POR,6,4,0,4,75.0,75.0,0.0,4,6,0,0,0,0,0,0,0,0,0,0,0,0,0,0,0,0,0,0,0,0,0,0
2417,Qyntel Woods,POR,200305020POR,"May 2, 2003",DAL,4,7,0,7,28.57,28.57,0.0,7,4,0,0,0,0,0,0,0,0,0,0,0,0,0,0,0,0,0,0,0,0,0,0
1005,Walt Williams,DAL,200305020POR,"May 2, 2003",POR,7,5,0,5,58.33,70.0,-11.67,3,4,2,3,0,0,0,0,0,0,0,0,0,0,0,0,0,0,0,0,0,0,0,0
361,Clifford Robinson,DET,200305040DET,"May 4, 2003",ORL,5,7,0,7,33.33,35.71,-2.38,6,2,1,3,0,0,0,0,0,0,0,0,0,0,0,0,0,0,0,0,0,0,0,0
1503,Tracy McGrady,ORL,200305040DET,"May 4, 2003",DET,21,24,5,26,35.59,40.08,-4.49,17,8,6,6,2,4,0,0,1,3,0,0,0,0,0,0,0,0,0,0,0,0,0,0
1112,Ben Wallace,DET,200305040DET,"May 4, 2003",ORL,7,8,6,11,31.82,32.89,-1.07,7,4,0,0,1,0,0,0,1,3,0,0,0,0,0,0,0,0,0,0,1,0,1,0
1727,Pat Garrity,DET,200305040DET,"May 4, 2003",ORL,10,8,0,8,50.0,62.5,-12.5,4,4,4,6,0,0,0,0,0,0,0,0,0,0,0,0,0,0,0,0,0,0,0,0
1921,Gordan Giricek,ORL,200305040DET,"May 4, 2003",DET,16,12,3,13,53.33,60.06,-6.73,8,8,3,3,1,2,0,0,1,3,0,0,0,0,0,0,0,0,0,0,0,0,0,0
1497,Chauncey Billups,DET,200305040DET,"May 4, 2003",ORL,37,19,12,24,64.91,76.19,-11.28,11,14,7,9,3,6,1,3,1,3,0,0,0,0,0,0,0,0,0,0,0,0,1,2
2400,Drew Gooden,ORL,200305040DET,"May 4, 2003",DET,20,16,9,20,47.62,50.1,-2.48,14,10,1,0,3,5,0,0,1,3,0,0,0,0,0,0,0,0,0,0,0,0,1,2
1888,Richard Hamilton,DET,200305040DET,"May 4, 2003",ORL,22,14,4,16,66.67,69.8,-3.13,13,18,1,0,1,2,0,0,0,0,0,0,0,0,0,0,0,0,0,0,0,0,1,2
353,Darrell Armstrong,ORL,200305040DET,"May 4, 2003",DET,8,6,1,7,50.0,62.11,-12.11,3,4,3,3,0,0,0,0,0,0,0,0,1,1,0,0,0,0,0,0,0,0,0,0
688,Michael Curry,ORL,200305040DET,"May 4, 2003",DET,5,4,0,4,50.0,62.5,-12.5,2,2,2,3,0,0,0,0,0,0,0,0,0,0,0,0,0,0,0,0,0,0,0,0
692,Andrew DeClercq,ORL,200305040DET,"May 4, 2003",DET,2,2,0,2,50.0,50.0,0.0,2,2,0,0,0,0,0,0,0,0,0,0,0,0,0,0,0,0,0,0,0,0,0,0
1521,Jacque Vaughn,ORL,200305040DET,"May 4, 2003",DET,9,4,4,6,75.0,78.12,-3.12,4,6,0,0,1,2,0,0,0,0,0,0,0,0,0,0,0,0,0,0,0,0,1,1
1088,Chucky Atkins,DET,200305040DET,"May 4, 2003",ORL,0,1,0,1,0.0,0.0,0.0,0,0,1,0,0,0,0,0,0,0,0,0,0,0,0,0,0,0,0,0,0,0,0,0
2246,Mehmet Okur,DET,200305040DET,"May 4, 2003",ORL,6,4,0,4,75.0,75.0,0.0,4,6,0,0,0,0,0,0,0,0,0,0,0,0,0,0,0,0,0,0,0,0,0,0
468,Jon Barry,DET,200305040DET,"May 4, 2003",ORL,4,5,0,5,33.33,40.0,-6.67,3,4,2,0,0,0,0,0,0,0,0,0,0,0,0,0,0,0,0,0,0,0,0,0
2419,Tayshaun Prince,DET,200305040DET,"May 4, 2003",ORL,20,10,4,12,68.97,85.03,-16.06,5,8,5,9,1,1,0,0,0,0,0,0,0,0,0,0,0,0,0,0,0,0,1,2
43,Chris Whitney,ORL,200305040DET,"May 4, 2003",DET,2,3,0,3,25.0,33.33,-8.33,1,2,2,0,0,0,0,0,0,0,0,0,0,0,0,0,0,0,0,0,0,0,0,0
2219,Jeryl Sasser,ORL,200305040DET,"May 4, 2003",DET,3,2,0,2,50.0,75.0,-25.0,0,0,2,3,0,0,0,0,0,0,0,0,0,0,0,0,0,0,0,0,0,0,0,0
2469,Pat Burke,ORL,200305040DET,"May 4, 2003",DET,2,1,0,1,100.0,100.0,0.0,1,2,0,0,0,0,0,0,0,0,0,0,0,0,0,0,0,0,0,0,0,0,0,0
2212,Steven Hunter,ORL,200305040DET,"May 4, 2003",DET,0,1,0,1,0.0,0.0,0.0,1,0,0,0,0,0,0,0,0,0,0,0,0,0,0,0,0,0,0,0,0,0,0,0
330,Danny Manning,DET,200305040DET,"May 4, 2003",ORL,2,1,0,1,100.0,100.0,0.0,1,2,0,0,0,0,0,0,0,0,0,0,0,0,0,0,0,0,0,0,0,0,0,0
959,Steve Nash,DAL,200305040DAL,"May 4, 2003",POR,21,19,2,20,46.67,52.82,-6.15,14,16,5,3,0,0,0,0,0,0,0,0,0,0,0,0,0,0,0,0,0,0,1,2
717,Arvydas Sabonis,POR,200305040DAL,"May 4, 2003",DAL,16,13,0,13,61.54,61.54,0.0,13,16,0,0,0,0,0,0,0,0,0,0,0,0,0,0,0,0,0,0,0,0,0,0
757,Damon Stoudamire,POR,200305040DAL,"May 4, 2003",DAL,17,16,0,16,42.5,53.12,-10.62,8,2,8,15,0,0,0,0,0,0,0,0,0,0,0,0,0,0,0,0,0,0,0,0
739,Rasheed Wallace,POR,200305040DAL,"May 4, 2003",DAL,17,13,4,15,50.0,57.59,-7.59,9,8,4,6,1,2,0,0,0,0,0,0,0,0,0,0,0,0,0,0,0,0,1,1
2216,Zach Randolph,POR,200305040DAL,"May 4, 2003",DAL,14,12,4,14,50.0,50.87,-0.87,12,10,0,0,1,2,0,0,0,0,0,0,0,0,0,0,0,0,0,0,0,0,1,2
1711,Raef LaFrentz,DAL,200305040DAL,"May 4, 2003",POR,4,5,0,5,40.0,40.0,0.0,5,4,0,0,0,0,0,0,0,0,0,0,0,0,0,0,0,0,0,0,0,0,0,0
1717,Dirk Nowitzki,DAL,200305040DAL,"May 4, 2003",POR,31,21,6,23,59.62,65.57,-5.95,15,18,4,3,2,4,0,0,2,6,0,0,0,0,0,0,0,0,0,0,0,0,0,0
1719,Bonzi Wells,POR,200305040DAL,"May 4, 2003",DAL,11,12,4,14,34.38,39.97,-5.59,8,8,4,0,2,3,0,0,0,0,0,0,0,0,0,0,0,0,0,0,0,0,0,0
714,Michael Finley,DAL,200305040DAL,"May 4, 2003",POR,14,14,4,16,36.84,44.42,-7.58,8,4,6,6,0,0,0,0,0,0,0,0,0,0,0,0,0,0,0,0,0,0,2,4
1739,Ruben Patterson,POR,200305040DAL,"May 4, 2003",DAL,12,6,7,9,63.16,66.08,-2.92,5,4,0,0,3,5,0,0,1,3,0,0,0,0,0,0,0,0,0,0,0,0,0,0
2059,Eduardo Najera,DAL,200305040DAL,"May 4, 2003",POR,7,5,8,9,38.89,41.08,-2.19,5,0,0,0,1,2,0,0,0,0,0,0,0,0,0,0,0,0,0,0,0,0,3,5
1559,Adrian Griffin,DAL,200305040DAL,"May 4, 2003",POR,0,1,0,1,0.0,0.0,0.0,1,0,0,0,0,0,0,0,0,0,0,0,0,0,0,0,0,0,0,0,0,0,0,0
762,Shawn Bradley,DAL,200305040DAL,"May 4, 2003",POR,4,3,2,4,50.0,51.55,-1.55,3,2,0,0,1,2,0,0,0,0,0,0,0,0,0,0,0,0,0,0,0,0,0,0
937,Scottie Pippen,POR,200305040DAL,"May 4, 2003",DAL,5,6,0,6,35.71,41.67,-5.96,4,2,2,3,0,0,0,0,0,0,0,0,0,0,0,0,0,0,0,0,0,0,0,0
89,Nick Van Exel,DAL,200305040DAL,"May 4, 2003",POR,26,15,4,17,66.67,77.57,-10.9,10,14,5,9,2,3,0,0,0,0,0,0,0,0,0,0,0,0,0,0,0,0,0,0
976,Jeff McInnis,POR,200305040DAL,"May 4, 2003",DAL,0,1,0,1,0.0,0.0,0.0,1,0,0,0,0,0,0,0,0,0,0,0,0,0,0,0,0,0,0,0,0,0,0,0
1498,Antonio Daniels,POR,200305040DAL,"May 4, 2003",DAL,3,3,0,3,42.86,50.0,-7.14,2,0,1,3,0,0,0,0,0,0,0,0,0,0,0,0,0,0,0,0,0,0,0,0
2215,Jason Collins,NJN,200305050NJN,"May 5, 2003",BOS,6,4,2,5,60.0,61.48,-1.48,4,4,0,0,0,0,0,0,0,0,0,0,0,0,0,0,0,0,0,0,0,0,1,2
2210,Richard Jefferson,NJN,200305050NJN,"May 5, 2003",BOS,13,12,2,13,50.0,50.47,-0.47,12,12,0,0,0,0,0,0,0,0,0,0,0,0,0,0,0,0,0,0,0,0,1,1
962,Walter McCarty,BOS,200305050NJN,"May 5, 2003",NJN,14,9,0,9,58.33,77.78,-19.45,3,2,6,12,0,0,0,0,0,0,0,0,0,0,0,0,0,0,0,0,0,0,0,0
954,Kerry Kittles,NJN,200305050NJN,"May 5, 2003",BOS,17,12,4,14,50.0,61.77,-11.77,6,2,6,12,2,3,0,0,0,0,0,0,0,0,0,0,0,0,0,0,0,0,0,0
467,Jason Kidd,NJN,200305050NJN,"May 5, 2003",BOS,15,13,6,16,42.86,47.95,-5.09,9,4,3,3,0,0,0,0,1,3,0,0,2,3,0,0,0,0,0,0,0,0,1,2
2030,Kenyon Martin,NJN,200305050NJN,"May 5, 2003",BOS,21,14,9,18,56.76,58.46,-1.7,13,12,0,0,2,3,0,0,1,3,0,0,0,0,0,0,0,0,0,0,0,0,2,3
952,Antoine Walker,BOS,200305050NJN,"May 5, 2003",NJN,14,20,2,21,28.57,33.52,-4.95,13,10,7,3,1,1,0,0,0,0,0,0,0,0,0,0,0,0,0,0,0,0,0,0
1499,Tony Battie,BOS,200305050NJN,"May 5, 2003",NJN,4,3,0,3,57.14,66.67,-9.53,2,4,1,0,0,0,0,0,0,0,0,0,0,0,0,0,0,0,0,0,0,0,0,0
1718,Paul Pierce,BOS,200305050NJN,"May 5, 2003",NJN,34,17,20,27,58.62,65.89,-7.27,12,14,4,3,8,14,0,0,1,2,0,0,1,0,0,0,0,0,0,0,0,0,1,1
960,Tony Delk,BOS,200305050NJN,"May 5, 2003",NJN,7,10,0,10,28.0,35.0,-7.0,5,4,5,3,0,0,0,0,0,0,0,0,0,0,0,0,0,0,0,0,0,0,0,0
915,Rodney Rogers,NJN,200305050NJN,"May 5, 2003",BOS,9,8,4,10,34.62,46.11,-11.49,2,2,6,3,2,4,0,0,0,0,0,0,0,0,0,0,0,0,0,0,0,0,0,0
1548,Mark Blount,BOS,200305050NJN,"May 5, 2003",NJN,2,3,0,3,33.33,33.33,0.0,3,2,0,0,0,0,0,0,0,0,0,0,0,0,0,0,0,0,0,0,0,0,0,0
677,Eric Williams,BOS,200305050NJN,"May 5, 2003",NJN,15,9,2,10,68.18,75.91,-7.73,7,10,2,3,1,2,0,0,0,0,0,0,0,0,0,0,0,0,0,0,0,0,0,0
1425,Aaron Williams,NJN,200305050NJN,"May 5, 2003",BOS,12,12,1,12,48.0,48.23,-0.23,11,10,0,0,0,0,0,0,1,2,0,0,0,0,0,0,0,0,0,0,0,0,0,0
446,Lucious Harris,NJN,200305050NJN,"May 5, 2003",BOS,4,6,0,6,26.67,33.33,-6.66,3,4,3,0,0,0,0,0,0,0,0,0,0,0,0,0,0,0,0,0,0,0,0,0
2452,J.R. Bremer,BOS,200305050NJN,"May 5, 2003",NJN,3,4,0,4,27.27,37.5,-10.23,1,0,3,3,0,0,0,0,0,0,0,0,0,0,0,0,0,0,0,0,0,0,0,0
406,Shaquille O'Neal,LAL,200305050SAS,"May 5, 2003",SAS,24,20,6,23,52.17,53.0,-0.83,20,20,0,0,2,3,0,0,0,0,0,0,0,0,0,0,0,0,0,0,0,0,1,1
1495,Tim Duncan,SAS,200305050SAS,"May 5, 2003",LAL,28,22,14,28,48.28,49.72,-1.44,20,16,0,0,5,7,0,0,2,4,0,0,0,0,0,0,0,0,0,0,0,0,1,1
764,David Robinson,SAS,200305050SAS,"May 5, 2003",LAL,14,10,6,13,53.85,55.38,-1.53,10,10,0,0,1,1,0,0,0,0,0,0,0,0,0,0,0,0,0,0,0,0,2,3
977,Kobe Bryant,LAL,200305050SAS,"May 5, 2003",SAS,37,38,2,38,45.12,47.58,-2.46,32,22,4,9,0,0,0,0,2,6,0,0,0,0,0,0,0,0,0,0,0,0,0,0
1477,Bruce Bowen,SAS,200305050SAS,"May 5, 2003",LAL,8,8,0,8,38.1,50.0,-11.9,3,2,5,6,0,0,0,0,0,0,0,0,0,0,0,0,0,0,0,0,0,0,0,0
1536,Stephen Jackson,SAS,200305050SAS,"May 5, 2003",LAL,0,6,0,6,0.0,0.0,0.0,3,0,3,0,0,0,0,0,0,0,0,0,0,0,0,0,0,0,0,0,0,0,0,0
965,Derek Fisher,LAL,200305050SAS,"May 5, 2003",SAS,10,7,2,8,52.63,63.45,-10.82,4,2,3,6,1,2,0,0,0,0,0,0,0,0,0,0,0,0,0,0,0,0,0,0
1904,Devean George,LAL,200305050SAS,"May 5, 2003",SAS,4,7,0,7,23.53,28.57,-5.04,4,4,3,0,0,0,0,0,0,0,0,0,0,0,0,0,0,0,0,0,0,0,0,0
2225,Tony Parker,SAS,200305050SAS,"May 5, 2003",LAL,9,10,5,13,34.62,36.89,-2.27,9,6,1,0,2,2,0,0,0,0,0,0,1,1,0,0,0,0,0,0,0,0,0,0
109,Robert Horry,LAL,200305050SAS,"May 5, 2003",SAS,3,6,2,7,17.65,21.8,-4.15,3,2,3,0,0,0,0,0,0,0,0,0,0,0,0,0,0,0,0,0,0,0,1,1
990,Malik Rose,SAS,200305050SAS,"May 5, 2003",LAL,4,6,0,6,33.33,33.33,0.0,6,4,0,0,0,0,0,0,0,0,0,0,0,0,0,0,0,0,0,0,0,0,0,0
1938,Manu Ginobili,SAS,200305050SAS,"May 5, 2003",LAL,15,9,8,13,51.72,59.9,-8.18,6,2,3,9,3,4,0,0,0,0,0,0,0,0,0,0,0,0,0,0,0,0,1,0
2058,Mark Madsen,LAL,200305050SAS,"May 5, 2003",SAS,2,2,0,2,50.0,50.0,0.0,2,2,0,0,0,0,0,0,0,0,0,0,0,0,0,0,0,0,0,0,0,0,0,0
216,Brian Shaw,LAL,200305050SAS,"May 5, 2003",SAS,2,4,0,4,20.0,25.0,-5.0,2,2,2,0,0,0,0,0,0,0,0,0,0,0,0,0,0,0,0,0,0,0,0,0
2049,Speedy Claxton,SAS,200305050SAS,"May 5, 2003",LAL,6,6,2,7,42.86,43.6,-0.74,6,4,0,0,1,2,0,0,0,0,0,0,0,0,0,0,0,0,0,0,0,0,0,0
198,Danny Ferry,SAS,200305050SAS,"May 5, 2003",LAL,0,2,0,2,0.0,0.0,0.0,1,0,1,0,0,0,0,0,0,0,0,0,0,0,0,0,0,0,0,0,0,0,0,0
955,Samaki Walker,LAL,200305050SAS,"May 5, 2003",SAS,0,2,0,2,0.0,0.0,0.0,2,0,0,0,0,0,0,0,0,0,0,0,0,0,0,0,0,0,0,0,0,0,0,0
788,Kevin Willis,SAS,200305050SAS,"May 5, 2003",LAL,3,1,0,1,100.0,150.0,-50.0,0,0,1,3,0,0,0,0,0,0,0,0,0,0,0,0,0,0,0,0,0,0,0,0
1888,Richard Hamilton,DET,200305060DET,"May 6, 2003",PHI,25,17,12,23,54.35,56.1,-1.75,17,14,0,0,1,2,0,0,0,0,0,0,0,0,0,0,0,0,0,0,0,0,5,9
1496,Keith Van Horn,PHI,200305060DET,"May 6, 2003",DET,9,7,6,10,40.91,46.68,-5.77,5,2,2,3,2,3,0,0,0,0,0,0,0,0,0,0,0,0,0,0,0,0,1,1
1903,Kenny Thomas,PHI,200305060DET,"May 6, 2003",DET,2,2,0,2,50.0,50.0,0.0,2,2,0,0,0,0,0,0,0,0,0,0,0,0,0,0,0,0,0,0,0,0,0,0
947,Allen Iverson,PHI,200305060DET,"May 6, 2003",DET,27,21,12,26,45.76,51.37,-5.61,14,10,5,3,2,3,0,0,2,6,0,0,0,0,0,0,0,0,0,0,0,0,3,5
361,Clifford Robinson,DET,200305060DET,"May 6, 2003",PHI,11,7,8,11,42.31,52.28,-9.97,3,0,4,6,3,4,0,0,0,0,0,0,0,0,0,0,0,0,0,0,0,0,1,1
727,Eric Snow,PHI,200305060DET,"May 6, 2003",DET,5,8,2,9,27.78,28.15,-0.37,8,4,0,0,1,1,0,0,0,0,0,0,0,0,0,0,0,0,0,0,0,0,0,0
1497,Chauncey Billups,DET,200305060DET,"May 6, 2003",PHI,24,13,6,16,63.16,76.73,-13.57,7,6,6,12,1,2,1,3,0,0,0,0,1,1,0,0,0,0,0,0,0,0,0,0
934,Derrick Coleman,PHI,200305060DET,"May 6, 2003",DET,21,15,4,17,60.0,62.65,-2.65,14,18,1,0,1,2,0,0,0,0,0,0,0,0,0,0,0,0,0,0,0,0,1,1
688,Michael Curry,DET,200305060DET,"May 6, 2003",PHI,3,2,0,2,60.0,75.0,-15.0,1,0,1,3,0,0,0,0,0,0,0,0,0,0,0,0,0,0,0,0,0,0,0,0
243,Aaron McKie,PHI,200305060DET,"May 6, 2003",DET,8,6,0,6,66.67,66.67,0.0,6,8,0,0,0,0,0,0,0,0,0,0,0,0,0,0,0,0,0,0,0,0,0,0
238,Tyrone Hill,PHI,200305060DET,"May 6, 2003",DET,4,2,0,2,100.0,100.0,0.0,2,4,0,0,0,0,0,0,0,0,0,0,0,0,0,0,0,0,0,0,0,0,0,0
2419,Tayshaun Prince,DET,200305060DET,"May 6, 2003",PHI,8,7,2,8,40.0,50.76,-10.76,3,6,4,0,0,0,0,0,0,0,0,0,0,0,0,0,0,0,0,0,0,0,1,2
1112,Ben Wallace,DET,200305060DET,"May 6, 2003",PHI,1,4,2,5,10.0,10.25,-0.25,4,0,0,0,1,1,0,0,0,0,0,0,0,0,0,0,0,0,0,0,0,0,0,0
1088,Chucky Atkins,DET,200305060DET,"May 6, 2003",PHI,2,6,0,6,11.76,16.67,-4.91,1,2,5,0,0,0,0,0,0,0,0,0,0,0,0,0,0,0,0,0,0,0,0,0
1730,Brian Skinner,PHI,200305060DET,"May 6, 2003",DET,0,1,0,1,0.0,0.0,0.0,1,0,0,0,0,0,0,0,0,0,0,0,0,0,0,0,0,0,0,0,0,0,0,0
1761,Greg Buckner,PHI,200305060DET,"May 6, 2003",DET,11,6,2,7,73.33,79.94,-6.61,5,6,1,3,1,2,0,0,0,0,0,0,0,0,0,0,0,0,0,0,0,0,0,0
2246,Mehmet Okur,DET,200305060DET,"May 6, 2003",PHI,16,7,2,8,94.12,101.52,-7.4,6,12,1,3,1,1,0,0,0,0,0,0,0,0,0,0,0,0,0,0,0,0,0,0
468,Jon Barry,DET,200305060DET,"May 6, 2003",PHI,0,3,0,3,0.0,0.0,0.0,0,0,3,0,0,0,0,0,0,0,0,0,0,0,0,0,0,0,0,0,0,0,0,0
722,Corliss Williamson,DET,200305060DET,"May 6, 2003",PHI,8,5,0,5,80.0,80.0,0.0,5,8,0,0,0,0,0,0,0,0,0,0,0,0,0,0,0,0,0,0,0,0,0,0
1711,Raef LaFrentz,DAL,200305060DAL,"May 6, 2003",SAC,2,7,0,7,12.5,14.29,-1.79,5,2,2,0,0,0,0,0,0,0,0,0,0,0,0,0,0,0,0,0,0,0,0,0
57,Doug Christie,SAC,200305060DAL,"May 6, 2003",DAL,13,5,4,7,86.67,96.15,-9.48,4,6,1,3,1,2,0,0,0,0,0,0,0,0,0,0,0,0,0,0,0,0,1,2
185,Chris Webber,SAC,200305060DAL,"May 6, 2003",DAL,24,15,9,19,60.0,63.29,-3.29,13,16,1,0,3,5,0,0,1,3,0,0,0,0,0,0,0,0,0,0,0,0,1,0
1717,Dirk Nowitzki,DAL,200305060DAL,"May 6, 2003",SAC,18,13,4,15,58.06,60.98,-2.92,12,14,1,0,2,4,0,0,0,0,0,0,0,0,0,0,0,0,0,0,0,0,0,0
2059,Eduardo Najera,SAC,200305060DAL,"May 6, 2003",DAL,8,6,1,6,61.54,62.11,-0.57,5,6,0,0,0,0,0,0,1,2,0,0,0,0,0,0,0,0,0,0,0,0,0,0
124,Vlade Divac,SAC,200305060DAL,"May 6, 2003",DAL,14,6,4,8,87.5,90.21,-2.71,6,10,0,0,1,2,0,0,0,0,0,0,0,0,0,0,0,0,0,0,0,0,1,2
959,Steve Nash,DAL,200305060DAL,"May 6, 2003",SAC,20,15,1,15,52.63,64.77,-12.14,7,8,7,9,0,0,0,0,1,3,0,0,0,0,0,0,0,0,0,0,0,0,0,0
978,Peja Stojakovic,SAC,200305060DAL,"May 6, 2003",DAL,26,18,3,20,56.52,67.29,-10.77,11,18,7,6,0,0,0,0,0,0,0,0,2,2,0,0,0,0,0,0,0,0,0,0
714,Michael Finley,DAL,200305060DAL,"May 6, 2003",SAC,20,17,3,18,46.51,54.59,-8.08,10,8,6,9,1,0,0,0,1,3,0,0,0,0,0,0,0,0,0,0,0,0,0,0
1710,Mike Bibby,SAC,200305060DAL,"May 6, 2003",DAL,7,5,2,6,46.67,59.52,-12.85,2,0,3,6,0,0,0,0,0,0,0,0,0,0,0,0,0,0,0,0,0,0,1,1
762,Shawn Bradley,DAL,200305060DAL,"May 6, 2003",SAC,2,2,0,2,50.0,50.0,0.0,2,2,0,0,0,0,0,0,0,0,0,0,0,0,0,0,0,0,0,0,0,0,0,0
89,Nick Van Exel,DAL,200305060DAL,"May 6, 2003",SAC,20,19,1,19,45.45,51.44,-5.99,13,14,5,3,0,0,0,0,1,3,0,0,0,0,0,0,0,0,0,0,0,0,0,0
1721,Keon Clark,SAC,200305060DAL,"May 6, 2003",DAL,11,7,3,8,64.71,66.11,-1.4,6,6,0,0,1,2,0,0,1,3,0,0,0,0,0,0,0,0,0,0,0,0,0,0
1005,Walt Williams,DAL,200305060DAL,"May 6, 2003",SAC,4,4,0,4,44.44,50.0,-5.56,3,4,1,0,0,0,0,0,0,0,0,0,0,0,0,0,0,0,0,0,0,0,0,0
1517,Bobby Jackson,SAC,200305060DAL,"May 6, 2003",DAL,23,15,4,17,57.5,68.62,-11.12,9,10,6,9,2,4,0,0,0,0,0,0,0,0,0,0,0,0,0,0,0,0,0,0
1559,Adrian Griffin,DAL,200305060DAL,"May 6, 2003",SAC,2,3,0,3,33.33,33.33,0.0,3,2,0,0,0,0,0,0,0,0,0,0,0,0,0,0,0,0,0,0,0,0,0,0
754,Jim Jackson,SAC,200305060DAL,"May 6, 2003",DAL,3,5,0,5,23.08,30.0,-6.92,2,0,3,3,0,0,0,0,0,0,0,0,0,0,0,0,0,0,0,0,0,0,0,0
2045,Hedo Turkoglu,SAC,200305060DAL,"May 6, 2003",DAL,2,2,2,3,33.33,34.72,-1.39,2,0,0,0,0,0,0,0,0,0,0,0,0,0,0,0,0,0,0,0,0,0,1,2
1505,Tariq Abdul-Wahad,DAL,200305060DAL,"May 6, 2003",SAC,10,7,4,9,55.56,57.08,-1.52,7,6,0,0,2,4,0,0,0,0,0,0,0,0,0,0,0,0,0,0,0,0,0,0
1952,Raja Bell,DAL,200305060DAL,"May 6, 2003",SAC,7,5,4,7,43.75,51.78,-8.03,3,2,2,3,2,2,0,0,0,0,0,0,0,0,0,0,0,0,0,0,0,0,0,0
1444,Lawrence Funderburke,SAC,200305060DAL,"May 6, 2003",DAL,1,1,2,2,25.0,26.6,-1.6,1,0,0,0,0,0,0,0,0,0,0,0,0,0,0,0,0,0,0,0,0,0,1,1
2222,Gerald Wallace,SAC,200305060DAL,"May 6, 2003",DAL,0,1,0,1,0.0,0.0,0.0,1,0,0,0,0,0,0,0,0,0,0,0,0,0,0,0,0,0,0,0,0,0,0,0
952,Antoine Walker,BOS,200305070NJN,"May 7, 2003",NJN,7,15,2,16,21.21,22.04,-0.83,14,6,1,0,1,1,0,0,0,0,0,0,0,0,0,0,0,0,0,0,0,0,0,0
954,Kerry Kittles,NJN,200305070NJN,"May 7, 2003",BOS,16,12,2,13,51.61,62.11,-10.5,7,6,5,9,0,0,0,0,0,0,0,0,0,0,0,0,0,0,0,0,0,0,1,1
962,Walter McCarty,BOS,200305070NJN,"May 7, 2003",NJN,4,5,0,5,30.77,40.0,-9.23,2,4,3,0,0,0,0,0,0,0,0,0,0,0,0,0,0,0,0,0,0,0,0,0
1499,Tony Battie,BOS,200305070NJN,"May 7, 2003",NJN,15,11,2,12,60.0,63.13,-3.13,10,14,1,0,1,1,0,0,0,0,0,0,0,0,0,0,0,0,0,0,0,0,0,0
2030,Kenyon Martin,NJN,200305070NJN,"May 7, 2003",BOS,14,15,4,17,41.18,41.77,-0.59,15,12,0,0,2,2,0,0,0,0,0,0,0,0,0,0,0,0,0,0,0,0,0,0
1718,Paul Pierce,BOS,200305070NJN,"May 7, 2003",NJN,32,17,15,24,61.54,67.8,-6.26,13,14,3,3,7,12,0,0,1,3,0,0,0,0,0,0,0,0,0,0,0,0,0,0
467,Jason Kidd,NJN,200305070NJN,"May 7, 2003",BOS,23,10,9,15,74.19,82.38,-8.19,8,8,2,6,2,3,0,0,0,0,0,0,0,0,0,0,0,0,0,0,0,0,3,6
2210,Richard Jefferson,NJN,200305070NJN,"May 7, 2003",BOS,25,18,6,21,59.52,60.56,-1.04,18,20,0,0,3,5,0,0,0,0,0,0,0,0,0,0,0,0,0,0,0,0,0,0
2215,Jason Collins,NJN,200305070NJN,"May 7, 2003",BOS,10,6,8,10,47.62,52.52,-4.9,5,4,1,0,2,3,0,0,0,0,0,0,0,0,0,0,0,0,0,0,0,0,2,3
1425,Aaron Williams,NJN,200305070NJN,"May 7, 2003",BOS,4,5,4,7,28.57,29.59,-1.02,5,0,0,0,2,4,0,0,0,0,0,0,0,0,0,0,0,0,0,0,0,0,0,0
960,Tony Delk,BOS,200305070NJN,"May 7, 2003",NJN,19,13,2,14,55.88,68.44,-12.56,7,8,6,9,1,2,0,0,0,0,0,0,0,0,0,0,0,0,0,0,0,0,0,0
677,Eric Williams,BOS,200305070NJN,"May 7, 2003",NJN,9,9,2,10,42.86,45.55,-2.69,8,8,1,0,1,1,0,0,0,0,0,0,0,0,0,0,0,0,0,0,0,0,0,0
446,Lucious Harris,NJN,200305070NJN,"May 7, 2003",BOS,3,6,0,6,23.08,25.0,-1.92,5,0,1,3,0,0,0,0,0,0,0,0,0,0,0,0,0,0,0,0,0,0,0,0
1548,Mark Blount,BOS,200305070NJN,"May 7, 2003",NJN,5,3,1,3,71.43,72.67,-1.24,2,2,0,0,0,0,0,0,1,3,0,0,0,0,0,0,0,0,0,0,0,0,0,0
2452,J.R. Bremer,BOS,200305070NJN,"May 7, 2003",NJN,4,4,1,5,30.77,45.05,-14.28,0,0,4,3,0,0,0,0,0,0,0,0,1,1,0,0,0,0,0,0,0,0,0,0
915,Rodney Rogers,NJN,200305070NJN,"May 7, 2003",BOS,5,4,0,4,55.56,62.5,-6.94,3,2,1,3,0,0,0,0,0,0,0,0,0,0,0,0,0,0,0,0,0,0,0,0
1533,Anthony Johnson,NJN,200305070NJN,"May 7, 2003",BOS,4,3,0,3,66.67,66.67,0.0,3,4,0,0,0,0,0,0,0,0,0,0,0,0,0,0,0,0,0,0,0,0,0,0
1495,Tim Duncan,SAS,200305070SAS,"May 7, 2003",LAL,12,10,2,11,54.55,55.15,-0.6,10,10,0,0,1,2,0,0,0,0,0,0,0,0,0,0,0,0,0,0,0,0,0,0
1477,Bruce Bowen,LAL,200305070SAS,"May 7, 2003",SAS,27,12,0,12,84.38,112.5,-28.12,4,6,8,21,0,0,0,0,0,0,0,0,0,0,0,0,0,0,0,0,0,0,0,0
977,Kobe Bryant,LAL,200305070SAS,"May 7, 2003",SAS,27,24,10,29,42.19,47.54,-5.35,18,14,6,6,4,5,0,0,0,0,0,0,0,0,0,0,0,0,0,0,0,0,1,2
406,Shaquille O'Neal,LAL,200305070SAS,"May 7, 2003",SAS,27,14,11,19,69.23,71.66,-2.43,13,18,0,0,5,6,0,0,1,3,0,0,0,0,0,0,0,0,0,0,0,0,0,0
109,Robert Horry,LAL,200305070SAS,"May 7, 2003",SAS,2,5,1,5,15.38,18.38,-3.0,2,0,2,0,0,0,0,0,1,2,0,0,0,0,0,0,0,0,0,0,0,0,0,0
2225,Tony Parker,SAS,200305070SAS,"May 7, 2003",LAL,16,9,6,12,66.67,68.73,-2.06,9,10,0,0,3,6,0,0,0,0,0,0,0,0,0,0,0,0,0,0,0,0,0,0
216,Brian Shaw,LAL,200305070SAS,"May 7, 2003",SAS,6,9,0,9,27.27,33.33,-6.06,5,6,4,0,0,0,0,0,0,0,0,0,0,0,0,0,0,0,0,0,0,0,0,0
965,Derek Fisher,LAL,200305070SAS,"May 7, 2003",SAS,5,4,0,4,55.56,62.5,-6.94,3,2,1,3,0,0,0,0,0,0,0,0,0,0,0,0,0,0,0,0,0,0,0,0
1536,Stephen Jackson,SAS,200305070SAS,"May 7, 2003",LAL,10,7,4,9,50.0,57.08,-7.08,5,6,2,0,2,4,0,0,0,0,0,0,0,0,0,0,0,0,0,0,0,0,0,0
764,David Robinson,SAS,200305070SAS,"May 7, 2003",LAL,4,3,0,3,66.67,66.67,0.0,3,4,0,0,0,0,0,0,0,0,0,0,0,0,0,0,0,0,0,0,0,0,0,0
1938,Manu Ginobili,SAS,200305070SAS,"May 7, 2003",LAL,17,7,8,11,77.27,80.8,-3.53,7,10,0,0,2,3,0,0,0,0,0,0,0,0,1,2,0,0,0,0,0,0,1,2
990,Malik Rose,SAS,200305070SAS,"May 7, 2003",LAL,0,4,2,5,0.0,0.0,0.0,4,0,0,0,0,0,0,0,0,0,0,0,0,0,0,0,0,0,0,0,0,0,1,0
2058,Mark Madsen,LAL,200305070SAS,"May 7, 2003",SAS,1,0,2,1,50.0,56.82,-6.82,0,0,0,0,1,1,0,0,0,0,0,0,0,0,0,0,0,0,0,0,0,0,0,0
2416,Kareem Rush,LAL,200305070SAS,"May 7, 2003",SAS,10,13,0,13,32.26,38.46,-6.2,8,4,5,6,0,0,0,0,0,0,0,0,0,0,0,0,0,0,0,0,0,0,0,0
198,Danny Ferry,SAS,200305070SAS,"May 7, 2003",LAL,5,6,0,6,35.71,41.67,-5.96,4,2,2,3,0,0,0,0,0,0,0,0,0,0,0,0,0,0,0,0,0,0,0,0
2049,Speedy Claxton,SAS,200305070SAS,"May 7, 2003",LAL,15,7,5,9,78.95,81.52,-2.57,6,10,0,0,0,0,0,0,1,2,0,0,0,0,0,0,0,0,0,0,0,0,2,3
2098,Slava Medvedenko,LAL,200305070SAS,"May 7, 2003",SAS,4,3,0,3,66.67,66.67,0.0,3,4,0,0,0,0,0,0,0,0,0,0,0,0,0,0,0,0,0,0,0,0,0,0
2457,Jannero Pargo,LAL,200305070SAS,"May 7, 2003",SAS,13,7,0,7,68.42,92.86,-24.44,2,4,5,9,0,0,0,0,0,0,0,0,0,0,0,0,0,0,0,0,0,0,0,0
788,Kevin Willis,SAS,200305070SAS,"May 7, 2003",LAL,8,7,0,7,57.14,57.14,0.0,7,8,0,0,0,0,0,0,0,0,0,0,0,0,0,0,0,0,0,0,0,0,0,0
955,Samaki Walker,LAL,200305070SAS,"May 7, 2003",SAS,0,1,0,1,0.0,0.0,0.0,1,0,0,0,0,0,0,0,0,0,0,0,0,0,0,0,0,0,0,0,0,0,0,0
120,Steven Smith,SAS,200305070SAS,"May 7, 2003",LAL,0,1,0,1,0.0,0.0,0.0,0,0,1,0,0,0,0,0,0,0,0,0,0,0,0,0,0,0,0,0,0,0,0,0
70,Steve Kerr,SAS,200305070SAS,"May 7, 2003",LAL,0,2,0,2,0.0,0.0,0.0,1,0,1,0,0,0,0,0,0,0,0,0,0,0,0,0,0,0,0,0,0,0,0,0
1112,Ben Wallace,DET,200305080DET,"May 8, 2003",PHI,7,3,4,5,70.0,73.53,-3.53,3,4,0,0,0,0,0,0,0,0,0,0,0,0,0,0,0,0,0,0,0,0,2,3
1903,Kenny Thomas,PHI,200305080DET,"May 8, 2003",DET,15,13,4,15,50.0,50.81,-0.81,13,12,0,0,2,3,0,0,0,0,0,0,0,0,0,0,0,0,0,0,0,0,0,0
361,Clifford Robinson,DET,200305080DET,"May 8, 2003",PHI,16,13,6,16,44.44,51.15,-6.71,9,10,4,3,3,3,0,0,0,0,0,0,0,0,0,0,0,0,0,0,0,0,0,0
934,Derrick Coleman,PHI,200305080DET,"May 8, 2003",DET,12,11,0,11,52.17,54.55,-2.38,10,12,1,0,0,0,0,0,0,0,0,0,0,0,0,0,0,0,0,0,0,0,0,0
1496,Keith Van Horn,PHI,200305080DET,"May 8, 2003",DET,9,4,2,5,81.82,92.21,-10.39,3,4,1,3,1,2,0,0,0,0,0,0,0,0,0,0,0,0,0,0,0,0,0,0
1888,Richard Hamilton,DET,200305080DET,"May 8, 2003",PHI,23,18,7,22,47.92,54.55,-6.63,13,12,5,6,2,2,0,0,0,0,0,0,1,1,0,0,0,0,0,0,0,0,1,2
947,Allen Iverson,PHI,200305080DET,"May 8, 2003",DET,31,29,11,34,41.89,45.8,-3.91,22,18,5,3,2,2,0,0,2,5,0,0,1,1,0,0,0,0,0,0,0,0,2,2
688,Michael Curry,DET,200305080DET,"May 8, 2003",PHI,2,3,0,3,33.33,33.33,0.0,3,2,0,0,0,0,0,0,0,0,0,0,0,0,0,0,0,0,0,0,0,0,0,0
1088,Chucky Atkins,DET,200305080DET,"May 8, 2003",PHI,23,15,6,18,53.49,65.19,-11.7,8,6,7,12,1,2,0,0,0,0,0,0,0,0,0,0,0,0,0,0,0,0,2,3
727,Eric Snow,PHI,200305080DET,"May 8, 2003",DET,14,11,2,12,56.0,58.92,-2.92,10,12,1,0,0,0,0,0,0,0,0,0,0,0,0,0,0,0,0,0,0,0,1,2
2419,Tayshaun Prince,DET,200305080DET,"May 8, 2003",PHI,20,13,4,15,60.61,67.75,-7.14,10,14,3,3,0,0,0,0,0,0,0,0,0,0,0,0,0,0,0,0,0,0,2,3
1761,Greg Buckner,PHI,200305080DET,"May 8, 2003",DET,2,6,0,6,15.38,16.67,-1.29,5,2,1,0,0,0,0,0,0,0,0,0,0,0,0,0,0,0,0,0,0,0,0,0
243,Aaron McKie,PHI,200305080DET,"May 8, 2003",DET,12,11,1,11,46.15,52.45,-6.3,7,6,3,3,0,0,0,0,1,3,0,0,0,0,0,0,0,0,0,0,0,0,0,0
238,Tyrone Hill,PHI,200305080DET,"May 8, 2003",DET,2,3,0,3,33.33,33.33,0.0,3,2,0,0,0,0,0,0,0,0,0,0,0,0,0,0,0,0,0,0,0,0,0,0
2246,Mehmet Okur,DET,200305080DET,"May 8, 2003",PHI,2,5,4,7,14.29,14.79,-0.5,5,2,0,0,2,0,0,0,0,0,0,0,0,0,0,0,0,0,0,0,0,0,0,0
722,Corliss Williamson,DET,200305080DET,"May 8, 2003",PHI,0,1,2,2,0.0,0.0,0.0,1,0,0,0,1,0,0,0,0,0,0,0,0,0,0,0,0,0,0,0,0,0,0,0
468,Jon Barry,DET,200305080DET,"May 8, 2003",PHI,11,4,2,5,84.62,112.7,-28.08,1,0,3,9,1,2,0,0,0,0,0,0,0,0,0,0,0,0,0,0,0,0,0,0
1559,Adrian Griffin,DAL,200305080DAL,"May 8, 2003",SAC,15,12,0,12,57.69,62.5,-4.81,10,12,2,3,0,0,0,0,0,0,0,0,0,0,0,0,0,0,0,0,0,0,0,0
978,Peja Stojakovic,SAC,200305080DAL,"May 8, 2003",DAL,24,15,4,17,60.0,71.6,-11.6,9,8,6,12,1,2,0,0,0,0,0,0,0,0,0,0,0,0,0,0,0,0,1,2
185,Chris Webber,SAC,200305080DAL,"May 8, 2003",DAL,31,19,14,25,58.49,61.61,-3.12,16,16,1,0,6,10,0,0,2,5,0,0,0,0,0,0,0,0,0,0,0,0,0,0
1710,Mike Bibby,SAC,200305080DAL,"May 8, 2003",DAL,9,10,2,11,32.14,41.36,-9.22,4,4,6,3,0,0,0,0,0,0,0,0,0,0,0,0,0,0,0,0,0,0,1,2
714,Michael Finley,DAL,200305080DAL,"May 8, 2003",SAC,24,22,4,24,40.0,50.51,-10.51,10,6,12,15,2,3,0,0,0,0,0,0,0,0,0,0,0,0,0,0,0,0,0,0
1717,Dirk Nowitzki,SAC,200305080DAL,"May 8, 2003",DAL,24,14,4,16,66.67,76.14,-9.47,10,8,3,9,1,2,0,0,0,0,1,4,1,1,0,0,0,0,0,0,0,0,0,0
959,Steve Nash,DAL,200305080DAL,"May 8, 2003",SAC,19,11,2,11,73.08,79.97,-6.89,7,8,2,6,0,0,0,0,2,5,0,0,0,0,0,0,0,0,0,0,0,0,0,0
124,Vlade Divac,DAL,200305080DAL,"May 8, 2003",SAC,2,2,0,2,50.0,50.0,0.0,2,2,0,0,0,0,0,0,0,0,0,0,0,0,0,0,0,0,0,0,0,0,0,0
2059,Eduardo Najera,DAL,200305080DAL,"May 8, 2003",SAC,6,4,2,5,60.0,61.48,-1.48,4,4,0,0,1,2,0,0,0,0,0,0,0,0,0,0,0,0,0,0,0,0,0,0
57,Doug Christie,SAC,200305080DAL,"May 8, 2003",DAL,6,6,2,7,37.5,43.6,-6.1,4,4,2,0,1,2,0,0,0,0,0,0,0,0,0,0,0,0,0,0,0,0,0,0
89,Nick Van Exel,DAL,200305080DAL,"May 8, 2003",SAC,36,19,6,22,69.23,83.18,-13.95,11,18,8,15,2,2,0,0,0,0,0,0,0,0,0,0,0,0,0,0,0,0,1,1
1721,Keon Clark,SAC,200305080DAL,"May 8, 2003",DAL,1,1,4,3,16.67,18.12,-1.45,1,0,0,0,2,1,0,0,0,0,0,0,0,0,0,0,0,0,0,0,0,0,0,0
1517,Bobby Jackson,SAC,200305080DAL,"May 8, 2003",DAL,9,10,0,10,37.5,45.0,-7.5,6,6,4,3,0,0,0,0,0,0,0,0,0,0,0,0,0,0,0,0,0,0,0,0
1952,Raja Bell,DAL,200305080DAL,"May 8, 2003",SAC,0,1,0,1,0.0,0.0,0.0,0,0,1,0,0,0,0,0,0,0,0,0,0,0,0,0,0,0,0,0,0,0,0,0
1711,Raef LaFrentz,DAL,200305080DAL,"May 8, 2003",SAC,8,5,0,5,80.0,80.0,0.0,5,8,0,0,0,0,0,0,0,0,0,0,0,0,0,0,0,0,0,0,0,0,0,0
754,Jim Jackson,SAC,200305080DAL,"May 8, 2003",DAL,12,6,2,7,75.0,87.21,-12.21,4,4,2,6,1,2,0,0,0,0,0,0,0,0,0,0,0,0,0,0,0,0,0,0
1505,Tariq Abdul-Wahad,DAL,200305080DAL,"May 8, 2003",SAC,0,5,0,5,0.0,0.0,0.0,4,0,1,0,0,0,0,0,0,0,0,0,0,0,0,0,0,0,0,0,0,0,0,0
2045,Hedo Turkoglu,SAC,200305080DAL,"May 8, 2003",DAL,6,4,2,5,54.55,61.48,-6.93,3,2,1,3,1,1,0,0,0,0,0,0,0,0,0,0,0,0,0,0,0,0,0,0
1513,Scot Pollard,SAC,200305080DAL,"May 8, 2003",DAL,4,1,2,2,100.0,106.38,-6.38,1,2,0,0,0,0,0,0,0,0,0,0,0,0,0,0,0,0,0,0,0,0,1,2
2222,Gerald Wallace,SAC,200305080DAL,"May 8, 2003",DAL,4,2,2,3,66.67,69.44,-2.77,2,2,0,0,1,2,0,0,0,0,0,0,0,0,0,0,0,0,0,0,0,0,0,0
1005,Walt Williams,DAL,200305080DAL,"May 8, 2003",SAC,0,4,0,4,0.0,0.0,0.0,2,0,2,0,0,0,0,0,0,0,0,0,0,0,0,0,0,0,0,0,0,0,0,0
762,Shawn Bradley,DAL,200305080DAL,"May 8, 2003",SAC,0,2,0,2,0.0,0.0,0.0,2,0,0,0,0,0,0,0,0,0,0,0,0,0,0,0,0,0,0,0,0,0,0,0
1444,Lawrence Funderburke,SAC,200305080DAL,"May 8, 2003",DAL,2,3,0,3,33.33,33.33,0.0,3,2,0,0,0,0,0,0,0,0,0,0,0,0,0,0,0,0,0,0,0,0,0,0
952,Antoine Walker,BOS,200305090BOS,"May 9, 2003",NJN,15,17,3,18,36.59,40.94,-4.35,12,8,4,3,1,2,0,0,1,2,0,0,0,0,0,0,0,0,0,0,0,0,0,0
467,Jason Kidd,NJN,200305090BOS,"May 9, 2003",BOS,9,15,1,16,26.47,29.15,-2.68,12,8,3,0,0,0,0,0,0,0,0,0,1,1,0,0,0,0,0,0,0,0,0,0
954,Kerry Kittles,NJN,200305090BOS,"May 9, 2003",BOS,8,5,5,7,47.06,55.56,-8.5,2,0,2,3,2,3,0,0,1,2,0,0,0,0,0,0,0,0,0,0,0,0,0,0
2215,Jason Collins,NJN,200305090BOS,"May 9, 2003",BOS,8,6,4,8,50.0,51.55,-1.55,6,6,0,0,1,1,0,0,0,0,0,0,0,0,0,0,0,0,0,0,0,0,1,1
1718,Paul Pierce,BOS,200305090BOS,"May 9, 2003",NJN,23,22,5,25,41.07,47.52,-6.45,15,12,7,6,2,4,0,0,0,0,0,0,1,1,0,0,0,0,0,0,0,0,0,0
2030,Kenyon Martin,NJN,200305090BOS,"May 9, 2003",BOS,25,12,8,16,75.76,80.54,-4.78,11,18,1,3,2,1,0,0,0,0,0,0,0,0,0,0,0,0,0,0,0,0,2,3
960,Tony Delk,BOS,200305090BOS,"May 9, 2003",NJN,16,13,4,15,48.48,54.2,-5.72,10,6,3,6,2,4,0,0,0,0,0,0,0,0,0,0,0,0,0,0,0,0,0,0
1499,Tony Battie,NJN,200305090BOS,"May 9, 2003",BOS,4,3,0,3,66.67,66.67,0.0,3,4,0,0,0,0,0,0,0,0,0,0,0,0,0,0,0,0,0,0,0,0,0,0
962,Walter McCarty,BOS,200305090BOS,"May 9, 2003",NJN,6,5,0,5,40.0,60.0,-20.0,0,0,5,6,0,0,0,0,0,0,0,0,0,0,0,0,0,0,0,0,0,0,0,0
2210,Richard Jefferson,NJN,200305090BOS,"May 9, 2003",BOS,20,9,12,15,66.67,70.03,-3.36,9,12,0,0,4,4,0,0,0,0,0,0,0,0,0,0,0,0,0,0,0,0,2,4
1548,Mark Blount,BOS,200305090BOS,"May 9, 2003",NJN,4,1,2,2,100.0,106.38,-6.38,1,2,0,0,1,2,0,0,0,0,0,0,0,0,0,0,0,0,0,0,0,0,0,0
677,Eric Williams,BOS,200305090BOS,"May 9, 2003",NJN,0,5,0,5,0.0,0.0,0.0,5,0,0,0,0,0,0,0,0,0,0,0,0,0,0,0,0,0,0,0,0,0,0,0
2452,J.R. Bremer,BOS,200305090BOS,"May 9, 2003",NJN,5,8,0,8,23.81,31.25,-7.44,3,2,5,3,0,0,0,0,0,0,0,0,0,0,0,0,0,0,0,0,0,0,0,0
446,Lucious Harris,NJN,200305090BOS,"May 9, 2003",BOS,6,7,2,8,33.33,38.07,-4.74,5,2,2,3,1,1,0,0,0,0,0,0,0,0,0,0,0,0,0,0,0,0,0,0
1425,Aaron Williams,NJN,200305090BOS,"May 9, 2003",BOS,8,6,2,7,57.14,58.14,-1.0,6,6,0,0,1,2,0,0,0,0,0,0,0,0,0,0,0,0,0,0,0,0,0,0
915,Rodney Rogers,NJN,200305090BOS,"May 9, 2003",BOS,4,2,2,3,50.0,69.44,-19.44,0,0,2,3,1,1,0,0,0,0,0,0,0,0,0,0,0,0,0,0,0,0,0,0
1533,Anthony Johnson,NJN,200305090BOS,"May 9, 2003",BOS,4,4,0,4,50.0,50.0,0.0,4,4,0,0,0,0,0,0,0,0,0,0,0,0,0,0,0,0,0,0,0,0,0,0
2243,Brian Scalabrine,NJN,200305090BOS,"May 9, 2003",BOS,2,2,0,2,40.0,50.0,-10.0,1,2,1,0,0,0,0,0,0,0,0,0,0,0,0,0,0,0,0,0,0,0,0,0
87,Dikembe Mutombo,NJN,200305090BOS,"May 9, 2003",BOS,0,1,0,1,0.0,0.0,0.0,1,0,0,0,0,0,0,0,0,0,0,0,0,0,0,0,0,0,0,0,0,0,0,0
2208,Kedrick Brown,BOS,200305090BOS,"May 9, 2003",NJN,3,3,2,4,37.5,38.66,-1.16,3,2,0,0,1,1,0,0,0,0,0,0,0,0,0,0,0,0,0,0,0,0,0,0
902,Bimbo Coles,BOS,200305090BOS,"May 9, 2003",NJN,0,1,0,1,0.0,0.0,0.0,1,0,0,0,0,0,0,0,0,0,0,0,0,0,0,0,0,0,0,0,0,0,0,0
977,Kobe Bryant,LAL,200305090LAL,"May 9, 2003",SAS,39,23,19,34,56.52,62.18,-5.66,19,16,4,6,5,9,0,0,0,0,0,0,3,3,0,0,0,0,0,0,0,0,3,5
1495,Tim Duncan,SAS,200305090LAL,"May 9, 2003",LAL,28,25,6,28,50.0,50.65,-0.65,25,24,0,0,3,4,0,0,0,0,0,0,0,0,0,0,0,0,0,0,0,0,0,0
1536,Stephen Jackson,SAS,200305090LAL,"May 9, 2003",LAL,9,12,4,14,29.03,32.7,-3.67,9,6,3,0,1,2,0,0,0,0,0,0,0,0,0,0,0,0,0,0,0,0,1,1
406,Shaquille O'Neal,LAL,200305090LAL,"May 9, 2003",SAS,21,16,3,17,60.0,60.62,-0.62,15,18,0,0,1,1,0,0,1,2,0,0,0,0,0,0,0,0,0,0,0,0,0,0
1904,Devean George,LAL,200305090LAL,"May 9, 2003",SAS,13,7,2,8,72.22,82.49,-10.27,5,8,2,3,1,2,0,0,0,0,0,0,0,0,0,0,0,0,0,0,0,0,0,0
109,Robert Horry,LAL,200305090LAL,"May 9, 2003",SAS,13,11,4,13,44.83,50.94,-6.11,8,10,3,0,1,2,0,0,0,0,0,0,0,0,0,0,0,0,0,0,0,0,1,1
965,Derek Fisher,LAL,200305090LAL,"May 9, 2003",SAS,14,6,6,9,66.67,81.02,-14.35,3,2,3,6,2,4,0,0,0,0,0,0,0,0,0,0,0,0,0,0,0,0,1,2
764,David Robinson,SAS,200305090LAL,"May 9, 2003",LAL,4,3,2,4,50.0,51.55,-1.55,3,2,0,0,0,0,0,0,0,0,0,0,0,0,0,0,0,0,0,0,0,0,1,2
1477,Bruce Bowen,LAL,200305090LAL,"May 9, 2003",SAS,3,7,0,7,16.67,21.43,-4.76,3,0,4,3,0,0,0,0,0,0,0,0,0,0,0,0,0,0,0,0,0,0,0,0
2225,Tony Parker,SAS,200305090LAL,"May 9, 2003",LAL,2,8,0,8,11.76,12.5,-0.74,7,2,1,0,0,0,0,0,0,0,0,0,0,0,0,0,0,0,0,0,0,0,0,0
1938,Manu Ginobili,SAS,200305090LAL,"May 9, 2003",LAL,8,4,4,6,57.14,69.44,-12.3,2,2,2,3,0,0,0,0,0,0,0,0,0,0,0,0,0,0,0,0,0,0,2,3
990,Malik Rose,SAS,200305090LAL,"May 9, 2003",LAL,15,8,3,10,78.95,80.47,-1.52,8,12,0,0,1,2,0,0,0,0,0,0,1,1,0,0,0,0,0,0,0,0,0,0
2049,Speedy Claxton,SAS,200305090LAL,"May 9, 2003",LAL,9,6,3,7,60.0,61.48,-1.48,5,4,0,0,0,0,0,0,1,3,0,0,0,0,0,0,0,0,0,0,0,0,1,2
2058,Mark Madsen,LAL,200305090LAL,"May 9, 2003",SAS,7,4,2,5,70.0,71.72,-1.72,4,6,0,0,1,1,0,0,0,0,0,0,0,0,0,0,0,0,0,0,0,0,0,0
216,Brian Shaw,LAL,200305090LAL,"May 9, 2003",SAS,1,2,2,3,14.29,17.36,-3.07,1,0,1,0,1,1,0,0,0,0,0,0,0,0,0,0,0,0,0,0,0,0,0,0
198,Danny Ferry,SAS,200305090LAL,"May 9, 2003",LAL,5,2,0,2,100.0,125.0,-25.0,1,2,1,3,0,0,0,0,0,0,0,0,0,0,0,0,0,0,0,0,0,0,0,0
2416,Kareem Rush,LAL,200305090LAL,"May 9, 2003",SAS,2,1,2,2,50.0,53.19,-3.19,1,0,0,0,0,0,0,0,0,0,0,0,0,0,0,0,0,0,0,0,0,0,1,2
120,Steven Smith,SAS,200305090LAL,"May 9, 2003",LAL,4,3,2,4,50.0,51.55,-1.55,3,2,0,0,1,2,0,0,0,0,0,0,0,0,0,0,0,0,0,0,0,0,0,0
788,Kevin Willis,SAS,200305090LAL,"May 9, 2003",LAL,8,7,0,7,57.14,57.14,0.0,7,8,0,0,0,0,0,0,0,0,0,0,0,0,0,0,0,0,0,0,0,0,0,0
2098,Slava Medvedenko,LAL,200305090LAL,"May 9, 2003",SAS,0,1,0,1,0.0,0.0,0.0,1,0,0,0,0,0,0,0,0,0,0,0,0,0,0,0,0,0,0,0,0,0,0,0
70,Steve Kerr,SAS,200305090LAL,"May 9, 2003",LAL,0,1,0,1,0.0,0.0,0.0,1,0,0,0,0,0,0,0,0,0,0,0,0,0,0,0,0,0,0,0,0,0,0,0
1888,Richard Hamilton,DET,200305100PHI,"May 10, 2003",PHI,24,19,8,23,48.0,53.29,-5.29,15,10,4,6,3,6,0,0,0,0,0,0,0,0,0,0,0,0,0,0,0,0,1,2
934,Derrick Coleman,PHI,200305100PHI,"May 10, 2003",DET,15,14,3,15,46.88,48.96,-2.08,12,10,1,0,0,0,0,0,1,3,0,0,0,0,0,0,0,0,0,0,0,0,1,2
727,Eric Snow,PHI,200305100PHI,"May 10, 2003",DET,11,7,5,10,55.0,59.78,-4.78,6,6,1,0,2,4,0,0,0,0,0,0,1,1,0,0,0,0,0,0,0,0,0,0
688,Michael Curry,DET,200305100PHI,"May 10, 2003",PHI,2,3,0,3,28.57,33.33,-4.76,2,2,1,0,0,0,0,0,0,0,0,0,0,0,0,0,0,0,0,0,0,0,0,0
1496,Keith Van Horn,PHI,200305100PHI,"May 10, 2003",DET,17,10,2,11,65.38,78.12,-12.74,6,6,4,9,0,0,0,0,0,0,0,0,0,0,0,0,0,0,0,0,0,0,1,2
361,Clifford Robinson,DET,200305100PHI,"May 10, 2003",PHI,2,6,0,6,14.29,16.67,-2.38,4,2,2,0,0,0,0,0,0,0,0,0,0,0,0,0,0,0,0,0,0,0,0,0
1903,Kenny Thomas,PHI,200305100PHI,"May 10, 2003",DET,10,6,4,8,62.5,64.43,-1.93,6,8,0,0,2,2,0,0,0,0,0,0,0,0,0,0,0,0,0,0,0,0,0,0
947,Allen Iverson,PHI,200305100PHI,"May 10, 2003",DET,25,23,8,27,45.45,47.13,-1.68,22,18,1,0,1,2,0,0,0,0,0,0,0,0,0,0,0,0,0,0,0,0,3,5
1088,Chucky Atkins,DET,200305100PHI,"May 10, 2003",PHI,13,11,2,12,43.33,54.71,-11.38,5,2,6,9,1,2,0,0,0,0,0,0,0,0,0,0,0,0,0,0,0,0,0,0
1112,Ben Wallace,DET,200305100PHI,"May 10, 2003",PHI,6,4,4,6,50.0,52.08,-2.08,4,4,0,0,1,1,0,0,0,0,0,0,0,0,0,0,0,0,0,0,0,0,1,1
243,Aaron McKie,PHI,200305100PHI,"May 10, 2003",DET,2,3,2,4,25.0,25.77,-0.77,3,0,0,0,0,0,0,0,0,0,0,0,0,0,0,0,0,0,0,0,0,0,1,2
238,Tyrone Hill,PHI,200305100PHI,"May 10, 2003",DET,9,4,3,5,81.82,84.59,-2.77,3,4,0,0,1,2,0,0,1,3,0,0,0,0,0,0,0,0,0,0,0,0,0,0
1761,Greg Buckner,PHI,200305100PHI,"May 10, 2003",DET,4,4,2,5,36.36,40.98,-4.62,3,2,1,0,1,2,0,0,0,0,0,0,0,0,0,0,0,0,0,0,0,0,0,0
2246,Mehmet Okur,DET,200305100PHI,"May 10, 2003",PHI,5,4,2,5,50.0,51.23,-1.23,4,4,0,0,1,1,0,0,0,0,0,0,0,0,0,0,0,0,0,0,0,0,0,0
2419,Tayshaun Prince,DET,200305100PHI,"May 10, 2003",PHI,17,13,4,15,48.57,57.59,-9.02,8,4,5,9,2,4,0,0,0,0,0,0,0,0,0,0,0,0,0,0,0,0,0,0
468,Jon Barry,DET,200305100PHI,"May 10, 2003",PHI,6,6,0,6,40.0,50.0,-10.0,3,0,3,6,0,0,0,0,0,0,0,0,0,0,0,0,0,0,0,0,0,0,0,0
722,Corliss Williamson,DET,200305100PHI,"May 10, 2003",PHI,1,2,2,3,16.67,17.36,-0.69,2,0,0,0,1,1,0,0,0,0,0,0,0,0,0,0,0,0,0,0,0,0,0,0
1442,Zeljko Rebraca,DET,200305100PHI,"May 10, 2003",PHI,7,4,4,6,58.33,60.76,-2.43,4,4,0,0,1,2,0,0,0,0,0,0,0,0,0,0,0,0,0,0,0,0,1,1
1730,Brian Skinner,PHI,200305100PHI,"May 10, 2003",DET,0,1,0,1,0.0,0.0,0.0,0,0,1,0,0,0,0,0,0,0,0,0,0,0,0,0,0,0,0,0,0,0,0,0
1710,Mike Bibby,SAC,200305100SAC,"May 10, 2003",DAL,16,13,1,13,51.61,59.52,-7.91,8,10,4,3,0,0,0,0,1,3,0,0,0,0,0,0,0,0,0,0,0,0,0,0
959,Steve Nash,DAL,200305100SAC,"May 10, 2003",SAC,31,20,2,21,59.62,74.23,-14.61,10,14,10,15,1,2,0,0,0,0,0,0,0,0,0,0,0,0,0,0,0,0,0,0
124,Vlade Divac,SAC,200305100SAC,"May 10, 2003",DAL,20,11,12,17,58.82,61.43,-2.61,11,14,0,0,3,3,0,0,0,0,0,0,1,1,0,0,0,0,0,0,0,0,2,2
2045,Hedo Turkoglu,SAC,200305100SAC,"May 10, 2003",DAL,5,8,4,10,22.73,25.61,-2.88,6,2,2,0,1,1,0,0,0,0,0,0,0,0,0,0,0,0,0,0,0,0,1,2
1559,Adrian Griffin,DAL,200305100SAC,"May 10, 2003",SAC,6,4,0,4,75.0,75.0,0.0,4,6,0,0,0,0,0,0,0,0,0,0,0,0,0,0,0,0,0,0,0,0,0,0
57,Doug Christie,SAC,200305100SAC,"May 10, 2003",DAL,18,14,4,16,50.0,57.11,-7.11,10,8,4,6,1,2,0,0,0,0,0,0,0,0,0,0,0,0,0,0,0,0,1,2
714,Michael Finley,DAL,200305100SAC,"May 10, 2003",SAC,20,18,2,19,41.67,52.97,-11.3,8,4,10,15,1,1,0,0,0,0,0,0,0,0,0,0,0,0,0,0,0,0,0,0
978,Peja Stojakovic,SAC,200305100SAC,"May 10, 2003",DAL,39,30,10,35,48.75,56.69,-7.94,19,16,10,15,3,4,0,0,1,2,0,0,1,1,0,0,0,0,0,0,0,0,1,1
1717,Dirk Nowitzki,DAL,200305100SAC,"May 10, 2003",SAC,25,21,6,24,49.02,52.88,-3.86,18,16,3,3,2,4,0,0,0,0,0,0,0,0,0,0,0,0,0,0,0,0,1,2
89,Nick Van Exel,DAL,200305100SAC,"May 10, 2003",SAC,40,26,7,29,56.34,68.78,-12.44,13,14,12,18,2,3,0,0,1,3,0,0,0,0,0,0,0,0,0,0,0,0,1,2
1721,Keon Clark,SAC,200305100SAC,"May 10, 2003",DAL,12,7,3,8,70.59,72.12,-1.53,6,8,0,0,0,0,0,0,1,3,0,0,0,0,0,0,0,0,0,0,0,0,1,1
1952,Raja Bell,DAL,200305100SAC,"May 10, 2003",SAC,1,2,2,3,14.29,17.36,-3.07,1,0,1,0,0,0,0,0,0,0,0,0,0,0,0,0,0,0,0,0,0,0,1,1
1517,Bobby Jackson,SAC,200305100SAC,"May 10, 2003",DAL,16,15,2,16,44.44,50.38,-5.94,11,14,4,0,1,2,0,0,0,0,0,0,0,0,0,0,0,0,0,0,0,0,0,0
1711,Raef LaFrentz,DAL,200305100SAC,"May 10, 2003",SAC,8,11,1,11,33.33,34.97,-1.64,9,6,1,0,0,0,0,0,1,2,0,0,0,0,0,0,0,0,0,0,0,0,0,0
754,Jim Jackson,SAC,200305100SAC,"May 10, 2003",DAL,11,10,0,10,50.0,55.0,-5.0,8,8,2,3,0,0,0,0,0,0,0,0,0,0,0,0,0,0,0,0,0,0,0,0
1005,Walt Williams,DAL,200305100SAC,"May 10, 2003",SAC,10,8,0,8,47.62,62.5,-14.88,3,4,5,6,0,0,0,0,0,0,0,0,0,0,0,0,0,0,0,0,0,0,0,0
2225,Tony Parker,SAS,200305110LAL,"May 11, 2003",LAL,14,17,2,18,35.9,39.15,-3.25,14,10,3,3,1,1,0,0,0,0,0,0,0,0,0,0,0,0,0,0,0,0,0,0
977,Kobe Bryant,LAL,200305110LAL,"May 11, 2003",SAS,35,24,17,32,50.72,55.59,-4.87,19,16,4,3,5,8,0,0,1,3,0,0,0,0,0,0,0,0,0,0,0,0,3,5
965,Derek Fisher,LAL,200305110LAL,"May 11, 2003",SAS,17,12,3,13,54.84,63.81,-8.97,7,6,4,6,1,2,0,0,1,3,0,0,0,0,0,0,0,0,0,0,0,0,0,0
764,David Robinson,SAS,200305110LAL,"May 11, 2003",LAL,0,1,0,1,0.0,0.0,0.0,1,0,0,0,0,0,0,0,0,0,0,0,0,0,0,0,0,0,0,0,0,0,0,0
1536,Stephen Jackson,SAS,200305110LAL,"May 11, 2003",LAL,15,16,0,16,39.47,46.88,-7.41,10,6,6,9,0,0,0,0,0,0,0,0,0,0,0,0,0,0,0,0,0,0,0,0
406,Shaquille O'Neal,LAL,200305110LAL,"May 11, 2003",SAS,29,17,23,27,50.88,53.47,-2.59,14,6,0,0,7,10,0,0,3,8,0,0,0,0,0,0,0,0,0,0,0,0,3,5
1495,Tim Duncan,SAS,200305110LAL,"May 11, 2003",LAL,36,17,20,26,64.29,69.77,-5.48,13,16,2,0,7,12,0,0,2,5,0,0,0,0,0,0,0,0,0,0,0,0,2,3
1477,Bruce Bowen,SAS,200305110LAL,"May 11, 2003",LAL,9,5,0,5,69.23,90.0,-20.77,2,0,3,9,0,0,0,0,0,0,0,0,0,0,0,0,0,0,0,0,0,0,0,0
788,Kevin Willis,SAS,200305110LAL,"May 11, 2003",LAL,6,4,0,4,75.0,75.0,0.0,4,6,0,0,0,0,0,0,0,0,0,0,0,0,0,0,0,0,0,0,0,0,0,0
1904,Devean George,LAL,200305110LAL,"May 11, 2003",SAS,9,5,0,5,64.29,90.0,-25.71,1,0,4,9,0,0,0,0,0,0,0,0,0,0,0,0,0,0,0,0,0,0,0,0
990,Malik Rose,SAS,200305110LAL,"May 11, 2003",LAL,2,4,0,4,25.0,25.0,0.0,4,2,0,0,0,0,0,0,0,0,0,0,0,0,0,0,0,0,0,0,0,0,0,0
1938,Manu Ginobili,SAS,200305110LAL,"May 11, 2003",LAL,13,9,4,11,50.0,60.41,-10.41,5,4,4,6,2,3,0,0,0,0,0,0,0,0,0,0,0,0,0,0,0,0,0,0
109,Robert Horry,LAL,200305110LAL,"May 11, 2003",SAS,0,4,0,4,0.0,0.0,0.0,3,0,1,0,0,0,0,0,0,0,0,0,0,0,0,0,0,0,0,0,0,0,0,0
2058,Mark Madsen,LAL,200305110LAL,"May 11, 2003",SAS,0,2,0,2,0.0,0.0,0.0,2,0,0,0,0,0,0,0,0,0,0,0,0,0,0,0,0,0,0,0,0,0,0,0
216,Brian Shaw,LAL,200305110LAL,"May 11, 2003",SAS,6,5,0,5,46.15,60.0,-13.85,2,0,3,6,0,0,0,0,0,0,0,0,0,0,0,0,0,0,0,0,0,0,0,0
2049,Speedy Claxton,SAS,200305110LAL,"May 11, 2003",LAL,0,1,0,1,0.0,0.0,0.0,1,0,0,0,0,0,0,0,0,0,0,0,0,0,0,0,0,0,0,0,0,0,0,0
2098,Slava Medvedenko,LAL,200305110LAL,"May 11, 2003",SAS,3,2,2,3,50.0,52.08,-2.08,2,2,0,0,1,1,0,0,0,0,0,0,0,0,0,0,0,0,0,0,0,0,0,0
1496,Keith Van Horn,PHI,200305110PHI,"May 11, 2003",DET,6,7,2,8,31.58,38.07,-6.49,4,4,3,0,1,2,0,0,0,0,0,0,0,0,0,0,0,0,0,0,0,0,0,0
361,Clifford Robinson,DET,200305110PHI,"May 11, 2003",PHI,5,9,2,10,21.74,25.3,-3.56,6,4,3,0,1,1,0,0,0,0,0,0,0,0,0,0,0,0,0,0,0,0,0,0
727,Eric Snow,PHI,200305110PHI,"May 11, 2003",DET,11,6,2,7,78.57,79.94,-1.37,6,10,0,0,0,0,0,0,0,0,0,0,0,0,0,0,0,0,0,0,0,0,1,1
1888,Richard Hamilton,DET,200305110PHI,"May 11, 2003",PHI,30,18,11,23,61.22,65.67,-4.45,15,16,2,3,4,6,0,0,1,3,0,0,0,0,0,0,0,0,0,0,0,0,1,2
947,Allen Iverson,PHI,200305110PHI,"May 11, 2003",DET,36,27,13,33,51.43,55.01,-3.58,23,22,3,3,4,5,0,0,1,3,0,0,0,0,0,0,0,0,0,0,0,0,2,3
934,Derrick Coleman,PHI,200305110PHI,"May 11, 2003",DET,14,11,2,12,56.0,58.92,-2.92,10,12,1,0,1,2,0,0,0,0,0,0,0,0,0,0,0,0,0,0,0,0,0,0
1112,Ben Wallace,DET,200305110PHI,"May 11, 2003",PHI,7,3,2,4,87.5,90.21,-2.71,3,6,0,0,1,1,0,0,0,0,0,0,0,0,0,0,0,0,0,0,0,0,0,0
688,Michael Curry,DET,200305110PHI,"May 11, 2003",PHI,2,3,0,3,28.57,33.33,-4.76,2,2,1,0,0,0,0,0,0,0,0,0,0,0,0,0,0,0,0,0,0,0,0,0
1497,Chauncey Billups,DET,200305110PHI,"May 11, 2003",PHI,3,6,0,6,18.75,25.0,-6.25,2,0,4,3,0,0,0,0,0,0,0,0,0,0,0,0,0,0,0,0,0,0,0,0
1903,Kenny Thomas,PHI,200305110PHI,"May 11, 2003",DET,14,11,4,13,53.85,54.86,-1.01,11,12,0,0,2,2,0,0,0,0,0,0,0,0,0,0,0,0,0,0,0,0,0,0
243,Aaron McKie,PHI,200305110PHI,"May 11, 2003",DET,12,6,4,8,70.59,77.32,-6.73,5,6,1,3,2,3,0,0,0,0,0,0,0,0,0,0,0,0,0,0,0,0,0,0
238,Tyrone Hill,PHI,200305110PHI,"May 11, 2003",DET,2,2,0,2,50.0,50.0,0.0,2,2,0,0,0,0,0,0,0,0,0,0,0,0,0,0,0,0,0,0,0,0,0,0
1761,Greg Buckner,PHI,200305110PHI,"May 11, 2003",DET,0,1,0,1,0.0,0.0,0.0,1,0,0,0,0,0,0,0,0,0,0,0,0,0,0,0,0,0,0,0,0,0,0,0
2419,Tayshaun Prince,DET,200305110PHI,"May 11, 2003",PHI,6,9,0,9,25.0,33.33,-8.33,3,0,6,6,0,0,0,0,0,0,0,0,0,0,0,0,0,0,0,0,0,0,0,0
2246,Mehmet Okur,DET,200305110PHI,"May 11, 2003",PHI,7,4,6,7,50.0,52.71,-2.71,4,2,0,0,2,4,0,0,0,0,0,0,0,0,0,0,0,0,0,0,0,0,1,1
1088,Chucky Atkins,PHI,200305110PHI,"May 11, 2003",DET,11,7,1,8,57.89,73.92,-16.03,3,4,4,6,0,0,0,0,0,0,0,0,1,1,0,0,0,0,0,0,0,0,0,0
468,Jon Barry,DET,200305110PHI,"May 11, 2003",PHI,2,2,0,2,40.0,50.0,-10.0,1,2,1,0,0,0,0,0,0,0,0,0,0,0,0,0,0,0,0,0,0,0,0,0
1442,Zeljko Rebraca,DET,200305110PHI,"May 11, 2003",PHI,2,4,0,4,25.0,25.0,0.0,4,2,0,0,0,0,0,0,0,0,0,0,0,0,0,0,0,0,0,0,0,0,0,0
722,Corliss Williamson,DET,200305110PHI,"May 11, 2003",PHI,7,3,1,3,100.0,101.74,-1.74,2,4,0,0,0,0,0,0,1,3,0,0,0,0,0,0,0,0,0,0,0,0,0,0
714,Michael Finley,DAL,200305110SAC,"May 11, 2003",SAC,16,18,2,19,37.21,42.37,-5.16,13,12,5,3,1,1,0,0,0,0,0,0,0,0,0,0,0,0,0,0,0,0,0,0
57,Doug Christie,SAC,200305110SAC,"May 11, 2003",DAL,13,15,1,15,36.11,42.1,-5.99,9,8,5,3,0,0,0,0,1,2,0,0,0,0,0,0,0,0,0,0,0,0,0,0
1710,Mike Bibby,SAC,200305110SAC,"May 11, 2003",DAL,12,14,0,14,38.71,42.86,-4.15,11,12,3,0,0,0,0,0,0,0,0,0,0,0,0,0,0,0,0,0,0,0,0,0
1952,Raja Bell,DAL,200305110SAC,"May 11, 2003",SAC,16,11,2,12,66.67,67.34,-0.67,11,14,0,0,1,2,0,0,0,0,0,0,0,0,0,0,0,0,0,0,0,0,0,0
2045,Hedo Turkoglu,SAC,200305110SAC,"May 11, 2003",DAL,17,12,2,13,60.71,65.99,-5.28,10,12,2,3,1,2,0,0,0,0,0,0,0,0,0,0,0,0,0,0,0,0,0,0
1717,Dirk Nowitzki,DAL,200305110SAC,"May 11, 2003",SAC,11,14,5,16,32.35,33.95,-1.6,12,6,1,0,2,3,0,0,1,2,0,0,0,0,0,0,0,0,0,0,0,0,0,0
978,Peja Stojakovic,SAC,200305110SAC,"May 11, 2003",DAL,15,15,6,18,36.59,42.52,-5.93,9,8,5,0,1,1,0,0,1,3,0,0,1,1,0,0,0,0,0,0,0,0,1,2
124,Vlade Divac,DAL,200305110SAC,"May 11, 2003",SAC,16,9,6,11,66.67,68.73,-2.06,7,8,0,0,1,1,0,0,2,6,0,0,1,1,0,0,0,0,0,0,0,0,0,0
959,Steve Nash,DAL,200305110SAC,"May 11, 2003",SAC,6,12,0,12,22.22,25.0,-2.78,9,6,3,0,0,0,0,0,0,0,0,0,0,0,0,0,0,0,0,0,0,0,0,0
1711,Raef LaFrentz,DAL,200305110SAC,"May 11, 2003",SAC,8,8,0,8,42.11,50.0,-7.89,5,8,3,0,0,0,0,0,0,0,0,0,0,0,0,0,0,0,0,0,0,0,0,0
89,Nick Van Exel,DAL,200305110SAC,"May 11, 2003",SAC,5,11,2,12,17.86,21.04,-3.18,7,2,4,3,1,0,0,0,0,0,0,0,0,0,0,0,0,0,0,0,0,0,0,0
754,Jim Jackson,SAC,200305110SAC,"May 11, 2003",DAL,8,9,1,10,38.1,42.37,-4.27,7,8,2,0,0,0,0,0,0,0,0,0,1,0,0,0,0,0,0,0,0,0,0,0
1517,Bobby Jackson,SAC,200305110SAC,"May 11, 2003",DAL,13,13,5,15,37.14,42.76,-5.62,8,4,4,3,2,3,0,0,1,3,0,0,0,0,0,0,0,0,0,0,0,0,0,0
762,Shawn Bradley,DAL,200305110SAC,"May 11, 2003",SAC,7,4,2,5,63.64,71.72,-8.08,3,6,1,0,0,0,0,0,0,0,0,0,0,0,0,0,0,0,0,0,0,0,1,1
1721,Keon Clark,SAC,200305110SAC,"May 11, 2003",DAL,5,2,2,3,83.33,86.81,-3.48,2,4,0,0,1,1,0,0,0,0,0,0,0,0,0,0,0,0,0,0,0,0,0,0
2059,Eduardo Najera,DAL,200305110SAC,"May 11, 2003",SAC,9,6,2,7,64.29,65.41,-1.12,6,8,0,0,0,0,0,0,0,0,0,0,0,0,0,0,0,0,0,0,0,0,1,1
1005,Walt Williams,DAL,200305110SAC,"May 11, 2003",SAC,5,7,0,7,29.41,35.71,-6.3,4,2,3,3,0,0,0,0,0,0,0,0,0,0,0,0,0,0,0,0,0,0,0,0
1505,Tariq Abdul-Wahad,DAL,200305110SAC,"May 11, 2003",SAC,0,4,0,4,0.0,0.0,0.0,4,0,0,0,0,0,0,0,0,0,0,0,0,0,0,0,0,0,0,0,0,0,0,0
1513,Scot Pollard,SAC,200305110SAC,"May 11, 2003",DAL,0,1,0,1,0.0,0.0,0.0,1,0,0,0,0,0,0,0,0,0,0,0,0,0,0,0,0,0,0,0,0,0,0,0
467,Jason Kidd,NJN,200305120BOS,"May 12, 2003",BOS,29,24,9,29,43.28,51.86,-8.58,14,8,10,15,2,3,0,0,0,0,0,0,0,0,0,0,1,1,0,0,0,0,2,2
960,Tony Delk,BOS,200305120BOS,"May 12, 2003",NJN,23,16,0,16,62.16,71.88,-9.72,11,14,5,9,0,0,0,0,0,0,0,0,0,0,0,0,0,0,0,0,0,0,0,0
2210,Richard Jefferson,NJN,200305120BOS,"May 12, 2003",BOS,15,12,8,16,45.45,48.32,-2.87,11,10,1,0,3,4,0,0,0,0,0,0,0,0,0,0,0,0,0,0,0,0,1,1
1718,Paul Pierce,BOS,200305120BOS,"May 12, 2003",NJN,27,24,14,31,40.91,44.76,-3.85,19,10,4,3,5,9,0,0,1,3,0,0,1,1,0,0,0,0,0,0,0,0,1,1
952,Antoine Walker,BOS,200305120BOS,"May 12, 2003",NJN,20,15,3,16,55.56,61.27,-5.71,11,12,3,3,0,0,0,0,1,3,0,0,0,0,0,0,0,0,0,0,0,0,1,2
2215,Jason Collins,NJN,200305120BOS,"May 12, 2003",BOS,6,5,4,7,42.86,44.38,-1.52,5,2,0,0,2,4,0,0,0,0,0,0,0,0,0,0,0,0,0,0,0,0,0,0
954,Kerry Kittles,NJN,200305120BOS,"May 12, 2003",BOS,14,12,0,12,51.85,58.33,-6.48,9,8,3,6,0,0,0,0,0,0,0,0,0,0,0,0,0,0,0,0,0,0,0,0
962,Walter McCarty,BOS,200305120BOS,"May 12, 2003",NJN,3,5,0,5,21.43,30.0,-8.57,1,0,4,3,0,0,0,0,0,0,0,0,0,0,0,0,0,0,0,0,0,0,0,0
1499,Tony Battie,BOS,200305120BOS,"May 12, 2003",NJN,6,6,0,6,50.0,50.0,0.0,6,6,0,0,0,0,0,0,0,0,0,0,0,0,0,0,0,0,0,0,0,0,0,0
2030,Kenyon Martin,NJN,200305120BOS,"May 12, 2003",BOS,22,23,3,24,44.9,45.23,-0.33,22,18,0,0,1,1,0,0,1,3,0,0,0,0,0,0,0,0,0,0,0,0,0,0
677,Eric Williams,BOS,200305120BOS,"May 12, 2003",NJN,18,13,9,17,47.37,53.07,-5.7,9,6,3,3,2,4,0,0,1,2,0,0,0,0,0,0,0,0,0,0,0,0,2,3
1548,Mark Blount,BOS,200305120BOS,"May 12, 2003",NJN,4,5,2,6,33.33,34.01,-0.68,5,4,0,0,1,0,0,0,0,0,0,0,0,0,0,0,0,0,0,0,0,0,0,0
1425,Aaron Williams,NJN,200305120BOS,"May 12, 2003",BOS,4,2,2,3,66.67,69.44,-2.77,2,2,0,0,1,2,0,0,0,0,0,0,0,0,0,0,0,0,0,0,0,0,0,0
2452,J.R. Bremer,BOS,200305120BOS,"May 12, 2003",NJN,0,3,0,3,0.0,0.0,0.0,1,0,2,0,0,0,0,0,0,0,0,0,0,0,0,0,0,0,0,0,0,0,0,0
446,Lucious Harris,NJN,200305120BOS,"May 12, 2003",BOS,6,7,0,7,35.29,42.86,-7.57,4,6,3,0,0,0,0,0,0,0,0,0,0,0,0,0,0,0,0,0,0,0,0,0
3,Grant Long,BOS,200305120BOS,"May 12, 2003",NJN,0,1,0,1,0.0,0.0,0.0,1,0,0,0,0,0,0,0,0,0,0,0,0,0,0,0,0,0,0,0,0,0,0,0
915,Rodney Rogers,NJN,200305120BOS,"May 12, 2003",BOS,12,7,0,7,63.16,85.71,-22.55,2,0,5,12,0,0,0,0,0,0,0,0,0,0,0,0,0,0,0,0,0,0,0,0
1533,Anthony Johnson,NJN,200305120BOS,"May 12, 2003",BOS,2,1,0,1,100.0,100.0,0.0,1,2,0,0,0,0,0,0,0,0,0,0,0,0,0,0,0,0,0,0,0,0,0,0
902,Bimbo Coles,BOS,200305120BOS,"May 12, 2003",NJN,0,2,0,2,0.0,0.0,0.0,0,0,2,0,0,0,0,0,0,0,0,0,0,0,0,0,0,0,0,0,0,0,0,0
124,Vlade Divac,SAC,200305130DAL,"May 13, 2003",DAL,5,5,3,6,38.46,39.56,-1.1,4,2,0,0,1,1,0,0,1,2,0,0,0,0,0,0,0,0,0,0,0,0,0,0
714,Michael Finley,DAL,200305130DAL,"May 13, 2003",SAC,16,16,2,17,40.0,47.39,-7.39,10,6,6,9,1,1,0,0,0,0,0,0,0,0,0,0,0,0,0,0,0,0,0,0
57,Doug Christie,SAC,200305130DAL,"May 13, 2003",DAL,21,16,3,17,55.26,60.62,-5.36,12,10,3,6,0,0,0,0,1,3,0,0,0,0,0,0,0,0,0,0,0,0,1,2
978,Peja Stojakovic,SAC,200305130DAL,"May 13, 2003",DAL,19,18,6,22,39.58,46.03,-6.45,12,10,6,3,2,4,0,0,0,0,0,0,2,2,0,0,0,0,0,0,0,0,0,0
1717,Dirk Nowitzki,DAL,200305130DAL,"May 13, 2003",SAC,16,15,6,17,38.1,45.35,-7.25,8,6,6,3,0,0,1,2,1,3,0,0,0,0,0,0,0,0,0,0,0,0,1,2
1711,Raef LaFrentz,DAL,200305130DAL,"May 13, 2003",SAC,14,9,2,10,63.64,70.85,-7.21,7,12,2,0,1,2,0,0,0,0,0,0,0,0,0,0,0,0,0,0,0,0,0,0
1710,Mike Bibby,SAC,200305130DAL,"May 13, 2003",DAL,13,12,3,13,41.94,48.8,-6.86,7,2,4,6,0,0,0,0,1,3,0,0,0,0,0,0,0,0,0,0,0,0,1,2
2045,Hedo Turkoglu,SAC,200305130DAL,"May 13, 2003",DAL,3,5,2,6,21.43,25.51,-4.08,3,2,2,0,1,1,0,0,0,0,0,0,0,0,0,0,0,0,0,0,0,0,0,0
1952,Raja Bell,DAL,200305130DAL,"May 13, 2003",SAC,13,7,1,7,76.47,87.37,-10.9,4,8,2,3,0,0,0,0,1,2,0,0,0,0,0,0,0,0,0,0,0,0,0,0
959,Steve Nash,DAL,200305130DAL,"May 13, 2003",SAC,25,12,16,19,60.98,65.65,-4.67,10,8,1,0,2,4,1,3,1,2,0,0,0,0,0,0,0,0,0,0,0,0,4,8
89,Nick Van Exel,DAL,200305130DAL,"May 13, 2003",SAC,18,17,4,19,40.91,47.97,-7.06,11,10,6,6,2,2,0,0,0,0,0,0,0,0,0,0,0,0,0,0,0,0,0,0
1721,Keon Clark,SAC,200305130DAL,"May 13, 2003",DAL,5,5,6,8,31.25,32.72,-1.47,5,0,0,0,2,3,0,0,0,0,0,0,0,0,0,0,0,0,0,0,0,0,1,2
2059,Eduardo Najera,DAL,200305130DAL,"May 13, 2003",SAC,8,9,3,10,38.1,38.76,-0.66,8,4,0,0,1,2,0,0,1,2,0,0,0,0,0,0,0,0,0,0,0,0,0,0
1517,Bobby Jackson,SAC,200305130DAL,"May 13, 2003",DAL,14,12,0,12,53.85,58.33,-4.48,10,8,2,6,0,0,0,0,0,0,0,0,0,0,0,0,0,0,0,0,0,0,0,0
1513,Scot Pollard,SAC,200305130DAL,"May 13, 2003",DAL,4,8,2,9,22.22,22.52,-0.3,8,4,0,0,1,0,0,0,0,0,0,0,0,0,0,0,0,0,0,0,0,0,0,0
762,Shawn Bradley,DAL,200305130DAL,"May 13, 2003",SAC,2,1,2,2,50.0,53.19,-3.19,1,0,0,0,0,0,0,0,0,0,0,0,0,0,0,0,0,0,0,0,0,0,1,2
754,Jim Jackson,SAC,200305130DAL,"May 13, 2003",DAL,9,10,2,11,39.13,41.36,-2.23,9,8,1,0,1,1,0,0,0,0,0,0,0,0,0,0,0,0,0,0,0,0,0,0
1444,Lawrence Funderburke,SAC,200305130DAL,"May 13, 2003",DAL,0,1,0,1,0.0,0.0,0.0,1,0,0,0,0,0,0,0,0,0,0,0,0,0,0,0,0,0,0,0,0,0,0,0
406,Shaquille O'Neal,LAL,200305130SAS,"May 13, 2003",SAS,20,14,7,17,57.14,58.55,-1.41,13,14,0,0,3,3,0,0,1,3,0,0,0,0,0,0,0,0,0,0,0,0,0,0
2225,Tony Parker,SAS,200305130SAS,"May 13, 2003",LAL,21,16,6,19,55.26,56.33,-1.07,16,16,0,0,3,5,0,0,0,0,0,0,0,0,0,0,0,0,0,0,0,0,0,0
764,David Robinson,SAS,200305130SAS,"May 13, 2003",LAL,6,7,0,7,42.86,42.86,0.0,7,6,0,0,0,0,0,0,0,0,0,0,0,0,0,0,0,0,0,0,0,0,0,0
1904,Devean George,LAL,200305130SAS,"May 13, 2003",SAS,2,7,2,8,11.76,12.69,-0.93,6,0,1,0,1,2,0,0,0,0,0,0,0,0,0,0,0,0,0,0,0,0,0,0
1495,Tim Duncan,SAS,200305130SAS,"May 13, 2003",LAL,27,22,8,26,51.92,52.9,-0.98,22,22,0,0,2,3,0,0,0,0,0,0,0,0,0,0,0,0,0,0,0,0,2,2
977,Kobe Bryant,LAL,200305130SAS,"May 13, 2003",SAS,36,31,2,32,48.0,56.46,-8.46,20,20,11,15,1,1,0,0,0,0,0,0,0,0,0,0,0,0,0,0,0,0,0,0
1536,Stephen Jackson,SAS,200305130SAS,"May 13, 2003",LAL,12,10,6,13,42.86,47.47,-4.61,7,6,2,0,1,2,0,0,1,2,0,0,1,1,0,0,0,0,0,0,0,0,1,1
109,Robert Horry,LAL,200305130SAS,"May 13, 2003",SAS,6,10,0,10,23.08,30.0,-6.92,4,6,6,0,0,0,0,0,0,0,0,0,0,0,0,0,0,0,0,0,0,0,0,0
1477,Bruce Bowen,SAS,200305130SAS,"May 13, 2003",LAL,12,6,4,8,60.0,77.32,-17.32,2,4,4,6,2,2,0,0,0,0,0,0,0,0,0,0,0,0,0,0,0,0,0,0
990,Malik Rose,SAS,200305130SAS,"May 13, 2003",LAL,4,6,0,6,33.33,33.33,0.0,6,4,0,0,0,0,0,0,0,0,0,0,0,0,0,0,0,0,0,0,0,0,0,0
965,Derek Fisher,LAL,200305130SAS,"May 13, 2003",SAS,8,3,2,4,100.0,103.09,-3.09,3,6,0,0,1,2,0,0,0,0,0,0,0,0,0,0,0,0,0,0,0,0,0,0
1938,Manu Ginobili,SAS,200305130SAS,"May 13, 2003",LAL,7,6,0,6,50.0,58.33,-8.33,4,4,2,3,0,0,0,0,0,0,0,0,0,0,0,0,0,0,0,0,0,0,0,0
216,Brian Shaw,LAL,200305130SAS,"May 13, 2003",SAS,5,7,0,7,27.78,35.71,-7.93,3,2,4,3,0,0,0,0,0,0,0,0,0,0,0,0,0,0,0,0,0,0,0,0
2049,Speedy Claxton,SAS,200305130SAS,"May 13, 2003",LAL,7,6,2,7,50.0,50.87,-0.87,6,6,0,0,1,1,0,0,0,0,0,0,0,0,0,0,0,0,0,0,0,0,0,0
2457,Jannero Pargo,LAL,200305130SAS,"May 13, 2003",SAS,2,1,0,1,100.0,100.0,0.0,1,2,0,0,0,0,0,0,0,0,0,0,0,0,0,0,0,0,0,0,0,0,0,0
2416,Kareem Rush,LAL,200305130SAS,"May 13, 2003",SAS,2,2,0,2,50.0,50.0,0.0,2,2,0,0,0,0,0,0,0,0,0,0,0,0,0,0,0,0,0,0,0,0,0,0
2098,Slava Medvedenko,LAL,200305130SAS,"May 13, 2003",SAS,13,6,4,8,81.25,83.76,-2.51,6,10,0,0,2,3,0,0,0,0,0,0,0,0,0,0,0,0,0,0,0,0,0,0
1088,Chucky Atkins,DET,200305140DET,"May 14, 2003",PHI,17,11,6,14,47.22,62.32,-15.1,3,4,8,9,3,4,0,0,0,0,0,0,0,0,0,0,0,0,0,0,0,0,0,0
934,Derrick Coleman,PHI,200305140DET,"May 14, 2003",DET,23,11,10,15,69.7,74.68,-4.98,8,8,1,3,4,6,0,0,2,6,0,0,0,0,0,0,0,0,0,0,0,0,0,0
727,Eric Snow,PHI,200305140DET,"May 14, 2003",DET,16,10,6,13,59.26,63.29,-4.03,9,8,1,3,2,3,0,0,0,0,0,0,0,0,0,0,0,0,0,0,0,0,1,2
1903,Kenny Thomas,PHI,200305140DET,"May 14, 2003",DET,8,12,0,12,33.33,33.33,0.0,12,8,0,0,0,0,0,0,0,0,0,0,0,0,0,0,0,0,0,0,0,0,0,0
947,Allen Iverson,PHI,200305140DET,"May 14, 2003",DET,14,25,4,27,23.73,26.16,-2.43,20,6,5,6,2,2,0,0,0,0,0,0,0,0,0,0,0,0,0,0,0,0,0,0
361,Clifford Robinson,DET,200305140DET,"May 14, 2003",PHI,2,6,0,6,15.38,16.67,-1.29,5,2,1,0,0,0,0,0,0,0,0,0,0,0,0,0,0,0,0,0,0,0,0,0
1496,Keith Van Horn,DET,200305140DET,"May 14, 2003",PHI,4,10,0,10,20.0,20.0,0.0,10,4,0,0,0,0,0,0,0,0,0,0,0,0,0,0,0,0,0,0,0,0,0,0
1888,Richard Hamilton,DET,200305140DET,"May 14, 2003",PHI,20,20,3,21,44.44,46.9,-2.46,17,12,2,3,1,2,0,0,1,3,0,0,0,0,0,0,0,0,0,0,0,0,0,0
688,Michael Curry,DET,200305140DET,"May 14, 2003",PHI,3,3,0,3,42.86,50.0,-7.14,2,0,1,3,0,0,0,0,0,0,0,0,0,0,0,0,0,0,0,0,0,0,0,0
1112,Ben Wallace,DET,200305140DET,"May 14, 2003",PHI,6,5,2,6,50.0,51.02,-1.02,5,4,0,0,1,2,0,0,0,0,0,0,0,0,0,0,0,0,0,0,0,0,0,0
243,Aaron McKie,PHI,200305140DET,"May 14, 2003",DET,10,9,0,9,55.56,55.56,0.0,9,10,0,0,0,0,0,0,0,0,0,0,0,0,0,0,0,0,0,0,0,0,0,0
2419,Tayshaun Prince,DET,200305140DET,"May 14, 2003",PHI,13,11,3,12,43.33,52.76,-9.43,5,6,5,3,0,0,0,0,1,3,0,0,0,0,0,0,0,0,0,0,0,0,1,1
2246,Mehmet Okur,DET,200305140DET,"May 14, 2003",PHI,9,11,2,12,34.62,37.88,-3.26,9,6,2,3,1,0,0,0,0,0,0,0,0,0,0,0,0,0,0,0,0,0,0,0
1761,Greg Buckner,PHI,200305140DET,"May 14, 2003",DET,2,1,0,1,100.0,100.0,0.0,1,2,0,0,0,0,0,0,0,0,0,0,0,0,0,0,0,0,0,0,0,0,0,0
468,Jon Barry,DET,200305140DET,"May 14, 2003",PHI,6,5,1,6,42.86,55.15,-12.29,2,2,3,3,0,0,0,0,0,0,0,0,1,1,0,0,0,0,0,0,0,0,0,0
1730,Brian Skinner,PHI,200305140DET,"May 14, 2003",DET,0,1,0,1,0.0,0.0,0.0,1,0,0,0,0,0,0,0,0,0,0,0,0,0,0,0,0,0,0,0,0,0,0,0
722,Corliss Williamson,DET,200305140DET,"May 14, 2003",PHI,2,2,0,2,50.0,50.0,0.0,2,2,0,0,0,0,0,0,0,0,0,0,0,0,0,0,0,0,0,0,0,0,0,0
406,Shaquille O'Neal,SAS,200305150LAL,"May 15, 2003",LAL,31,21,10,25,59.62,61.02,-1.4,19,22,0,0,3,3,0,0,2,6,0,0,0,0,0,0,0,0,0,0,0,0,1,0
764,David Robinson,SAS,200305150LAL,"May 15, 2003",LAL,7,6,2,7,50.0,50.87,-0.87,6,6,0,0,1,1,0,0,0,0,0,0,0,0,0,0,0,0,0,0,0,0,0,0
1495,Tim Duncan,SAS,200305150LAL,"May 15, 2003",LAL,37,25,7,28,64.91,65.88,-0.97,24,30,0,0,3,4,0,0,1,3,0,0,0,0,0,0,0,0,0,0,0,0,0,0
965,Derek Fisher,LAL,200305150LAL,"May 15, 2003",SAS,6,6,1,6,40.0,46.58,-6.58,4,2,1,0,0,0,0,0,0,0,1,4,0,0,0,0,0,0,0,0,0,0,0,0
1477,Bruce Bowen,SAS,200305150LAL,"May 15, 2003",LAL,8,5,0,5,66.67,80.0,-13.33,3,2,2,6,0,0,0,0,0,0,0,0,0,0,0,0,0,0,0,0,0,0,0,0
1536,Stephen Jackson,SAS,200305150LAL,"May 15, 2003",LAL,4,4,0,4,50.0,50.0,0.0,4,4,0,0,0,0,0,0,0,0,0,0,0,0,0,0,0,0,0,0,0,0,0,0
2225,Tony Parker,SAS,200305150LAL,"May 15, 2003",LAL,27,19,10,24,51.92,57.69,-5.77,15,14,4,6,4,5,0,0,0,0,0,0,0,0,0,0,0,0,0,0,0,0,1,2
109,Robert Horry,LAL,200305150LAL,"May 15, 2003",SAS,2,6,0,6,13.33,16.67,-3.34,3,2,3,0,0,0,0,0,0,0,0,0,0,0,0,0,0,0,0,0,0,0,0,0
977,Kobe Bryant,LAL,200305150LAL,"May 15, 2003",SAS,20,19,2,20,44.44,50.3,-5.86,14,14,5,6,1,0,0,0,0,0,0,0,0,0,0,0,0,0,0,0,0,0,0,0
990,Malik Rose,SAS,200305150LAL,"May 15, 2003",LAL,4,3,0,3,66.67,66.67,0.0,3,4,0,0,0,0,0,0,0,0,0,0,0,0,0,0,0,0,0,0,0,0,0,0
1938,Manu Ginobili,SAS,200305150LAL,"May 15, 2003",LAL,10,6,4,8,55.56,64.43,-8.87,4,4,2,3,0,0,0,0,0,0,0,0,0,0,0,0,0,0,0,0,0,0,2,3
1904,Devean George,LAL,200305150LAL,"May 15, 2003",SAS,7,7,0,7,38.89,50.0,-11.11,3,4,4,3,0,0,0,0,0,0,0,0,0,0,0,0,0,0,0,0,0,0,0,0
216,Brian Shaw,LAL,200305150LAL,"May 15, 2003",SAS,0,2,0,2,0.0,0.0,0.0,1,0,1,0,0,0,0,0,0,0,0,0,0,0,0,0,0,0,0,0,0,0,0,0
2049,Speedy Claxton,SAS,200305150LAL,"May 15, 2003",LAL,2,3,0,3,33.33,33.33,0.0,3,2,0,0,0,0,0,0,0,0,0,0,0,0,0,0,0,0,0,0,0,0,0,0
2457,Jannero Pargo,LAL,200305150LAL,"May 15, 2003",SAS,2,5,0,5,15.38,20.0,-4.62,2,2,3,0,0,0,0,0,0,0,0,0,0,0,0,0,0,0,0,0,0,0,0,0
2098,Slava Medvedenko,SAS,200305150LAL,"May 15, 2003",LAL,12,12,0,12,50.0,50.0,0.0,12,12,0,0,0,0,0,0,0,0,0,0,0,0,0,0,0,0,0,0,0,0,0,0
788,Kevin Willis,SAS,200305150LAL,"May 15, 2003",LAL,4,3,0,3,66.67,66.67,0.0,3,4,0,0,0,0,0,0,0,0,0,0,0,0,0,0,0,0,0,0,0,0,0,0
198,Danny Ferry,SAS,200305150LAL,"May 15, 2003",LAL,4,4,0,4,50.0,50.0,0.0,4,4,0,0,0,0,0,0,0,0,0,0,0,0,0,0,0,0,0,0,0,0,0,0
2416,Kareem Rush,LAL,200305150LAL,"May 15, 2003",SAS,2,2,0,2,50.0,50.0,0.0,2,2,0,0,0,0,0,0,0,0,0,0,0,0,0,0,0,0,0,0,0,0,0,0
120,Steven Smith,SAS,200305150LAL,"May 15, 2003",LAL,3,1,0,1,100.0,150.0,-50.0,0,0,1,3,0,0,0,0,0,0,0,0,0,0,0,0,0,0,0,0,0,0,0,0
1711,Raef LaFrentz,DAL,200305150SAC,"May 15, 2003",SAC,15,12,2,13,53.57,58.23,-4.66,10,10,2,3,1,2,0,0,0,0,0,0,0,0,0,0,0,0,0,0,0,0,0,0
124,Vlade Divac,SAC,200305150SAC,"May 15, 2003",DAL,21,17,3,18,56.76,57.31,-0.55,16,16,0,0,1,2,0,0,1,3,0,0,0,0,0,0,0,0,0,0,0,0,0,0
714,Michael Finley,DAL,200305150SAC,"May 15, 2003",SAC,21,15,6,18,50.0,59.52,-9.52,9,10,6,6,3,5,0,0,0,0,0,0,0,0,0,0,0,0,0,0,0,0,0,0
2045,Hedo Turkoglu,SAC,200305150SAC,"May 15, 2003",DAL,7,6,0,6,50.0,58.33,-8.33,4,4,2,3,0,0,0,0,0,0,0,0,0,0,0,0,0,0,0,0,0,0,0,0
978,Peja Stojakovic,SAC,200305150SAC,"May 15, 2003",DAL,24,20,8,24,46.15,51.02,-4.87,16,10,4,6,4,8,0,0,0,0,0,0,0,0,0,0,0,0,0,0,0,0,0,0
1717,Dirk Nowitzki,DAL,200305150SAC,"May 15, 2003",SAC,21,14,12,21,48.84,54.46,-5.62,11,10,3,0,4,8,0,0,0,0,0,0,2,1,0,0,0,0,0,0,0,0,1,2
959,Steve Nash,DAL,200305150SAC,"May 15, 2003",SAC,15,12,2,13,51.72,58.23,-6.51,9,8,3,6,1,1,0,0,0,0,0,0,0,0,0,0,0,0,0,0,0,0,0,0
1710,Mike Bibby,SAC,200305150SAC,"May 15, 2003",DAL,4,7,0,7,25.0,28.57,-3.57,5,4,2,0,0,0,0,0,0,0,0,0,0,0,0,0,0,0,0,0,0,0,0,0
1952,Raja Bell,DAL,200305150SAC,"May 15, 2003",SAC,2,2,0,2,50.0,50.0,0.0,2,2,0,0,0,0,0,0,0,0,0,0,0,0,0,0,0,0,0,0,0,0,0,0
57,Doug Christie,SAC,200305150SAC,"May 15, 2003",DAL,20,12,11,17,54.05,59.38,-5.33,9,8,2,0,3,6,0,0,1,3,0,0,0,0,0,0,0,0,0,0,0,0,2,3
89,Nick Van Exel,DAL,200305150SAC,"May 15, 2003",SAC,35,23,0,23,61.4,76.09,-14.69,12,20,11,15,0,0,0,0,0,0,0,0,0,0,0,0,0,0,0,0,0,0,0,0
1517,Bobby Jackson,SAC,200305150SAC,"May 15, 2003",DAL,21,17,4,19,48.84,55.97,-7.13,12,8,5,9,0,0,0,0,0,0,0,0,0,0,0,0,0,0,0,0,0,0,2,4
754,Jim Jackson,SAC,200305150SAC,"May 15, 2003",DAL,16,12,6,15,50.0,54.64,-4.64,10,10,2,0,1,2,0,0,0,0,0,0,0,0,0,0,0,0,0,0,0,0,2,4
2059,Eduardo Najera,DAL,200305150SAC,"May 15, 2003",SAC,0,2,0,2,0.0,0.0,0.0,2,0,0,0,0,0,0,0,0,0,0,0,0,0,0,0,0,0,0,0,0,0,0,0
1721,Keon Clark,SAC,200305150SAC,"May 15, 2003",DAL,2,3,0,3,33.33,33.33,0.0,3,2,0,0,0,0,0,0,0,0,0,0,0,0,0,0,0,0,0,0,0,0,0,0
762,Shawn Bradley,DAL,200305150SAC,"May 15, 2003",SAC,0,1,0,1,0.0,0.0,0.0,1,0,0,0,0,0,0,0,0,0,0,0,0,0,0,0,0,0,0,0,0,0,0,0
1005,Walt Williams,DAL,200305150SAC,"May 15, 2003",SAC,0,1,0,1,0.0,0.0,0.0,0,0,1,0,0,0,0,0,0,0,0,0,0,0,0,0,0,0,0,0,0,0,0,0
1112,Ben Wallace,DET,200305160PHI,"May 16, 2003",PHI,10,8,5,10,45.45,49.02,-3.57,6,6,1,0,1,0,0,0,1,2,0,0,0,0,0,0,0,0,0,0,0,0,1,2
1496,Keith Van Horn,PHI,200305160PHI,"May 16, 2003",DET,2,4,0,4,22.22,25.0,-2.78,3,2,1,0,0,0,0,0,0,0,0,0,0,0,0,0,0,0,0,0,0,0,0,0
361,Clifford Robinson,PHI,200305160PHI,"May 16, 2003",DET,3,5,0,5,25.0,30.0,-5.0,3,0,2,3,0,0,0,0,0,0,0,0,0,0,0,0,0,0,0,0,0,0,0,0
727,Eric Snow,PHI,200305160PHI,"May 16, 2003",DET,9,7,5,10,47.37,48.91,-1.54,7,6,0,0,1,1,0,0,0,0,0,0,1,0,0,0,0,0,0,0,0,0,1,2
1903,Kenny Thomas,PHI,200305160PHI,"May 16, 2003",DET,12,11,0,11,54.55,54.55,0.0,11,12,0,0,0,0,0,0,0,0,0,0,0,0,0,0,0,0,0,0,0,0,0,0
1888,Richard Hamilton,DET,200305160PHI,"May 16, 2003",PHI,19,19,8,23,39.58,42.18,-2.6,17,12,2,0,4,7,0,0,0,0,0,0,0,0,0,0,0,0,0,0,0,0,0,0
688,Michael Curry,PHI,200305160PHI,"May 16, 2003",DET,0,1,0,1,0.0,0.0,0.0,1,0,0,0,0,0,0,0,0,0,0,0,0,0,0,0,0,0,0,0,0,0,0,0
934,Derrick Coleman,PHI,200305160PHI,"May 16, 2003",DET,14,11,3,12,53.85,56.82,-2.97,9,6,1,3,1,2,0,0,1,3,0,0,0,0,0,0,0,0,0,0,0,0,0,0
1497,Chauncey Billups,DET,200305160PHI,"May 16, 2003",PHI,28,18,11,24,46.67,61.3,-14.63,5,2,13,15,3,6,0,0,0,0,0,0,1,1,0,0,0,0,0,0,0,0,2,4
947,Allen Iverson,PHI,200305160PHI,"May 16, 2003",DET,38,33,10,38,49.35,50.8,-1.45,32,26,1,3,4,7,0,0,0,0,0,0,0,0,0,0,0,0,0,0,0,0,1,2
243,Aaron McKie,PHI,200305160PHI,"May 16, 2003",DET,5,3,0,3,71.43,83.33,-11.9,2,2,1,3,0,0,0,0,0,0,0,0,0,0,0,0,0,0,0,0,0,0,0,0
722,Corliss Williamson,DET,200305160PHI,"May 16, 2003",PHI,17,8,11,13,62.96,66.2,-3.24,7,6,0,0,1,2,0,0,1,3,0,0,0,0,0,0,0,0,0,0,0,0,4,6
42,Monty Williams,PHI,200305160PHI,"May 16, 2003",DET,0,3,0,3,0.0,0.0,0.0,2,0,1,0,0,0,0,0,0,0,0,0,0,0,0,0,0,0,0,0,0,0,0,0
2246,Mehmet Okur,DET,200305160PHI,"May 16, 2003",PHI,0,5,0,5,0.0,0.0,0.0,3,0,2,0,0,0,0,0,0,0,0,0,0,0,0,0,0,0,0,0,0,0,0,0
1088,Chucky Atkins,DET,200305160PHI,"May 16, 2003",PHI,2,4,3,6,14.29,18.8,-4.51,1,0,3,0,0,0,0,0,0,0,0,0,1,1,0,0,0,0,0,0,0,0,1,1
2419,Tayshaun Prince,DET,200305160PHI,"May 16, 2003",PHI,14,11,0,11,50.0,63.64,-13.64,5,8,6,6,0,0,0,0,0,0,0,0,0,0,0,0,0,0,0,0,0,0,0,0
1730,Brian Skinner,PHI,200305160PHI,"May 16, 2003",DET,4,0,4,2,100.0,113.64,-13.64,0,0,0,0,2,4,0,0,0,0,0,0,0,0,0,0,0,0,0,0,0,0,0,0
1761,Greg Buckner,PHI,200305160PHI,"May 16, 2003",DET,5,7,0,7,27.78,35.71,-7.93,3,2,4,3,0,0,0,0,0,0,0,0,0,0,0,0,0,0,0,0,0,0,0,0
1717,Dirk Nowitzki,DAL,200305170DAL,"May 17, 2003",SAC,30,20,4,22,62.5,68.93,-6.43,16,18,4,9,1,1,0,0,0,0,0,0,0,0,0,0,0,0,0,0,0,0,1,2
2045,Hedo Turkoglu,SAC,200305170DAL,"May 17, 2003",DAL,6,7,2,7,35.29,38.07,-2.78,4,0,1,0,0,0,0,0,2,6,0,0,0,0,0,0,0,0,0,0,0,0,0,0
714,Michael Finley,DAL,200305170DAL,"May 17, 2003",SAC,18,16,3,17,46.15,51.96,-5.81,11,8,4,6,1,2,0,0,1,2,0,0,0,0,0,0,0,0,0,0,0,0,0,0
959,Steve Nash,DAL,200305170DAL,"May 17, 2003",SAC,18,15,3,16,50.0,55.15,-5.15,11,10,3,3,1,2,0,0,1,3,0,0,0,0,0,0,0,0,0,0,0,0,0,0
1711,Raef LaFrentz,SAC,200305170DAL,"May 17, 2003",DAL,2,4,0,4,22.22,25.0,-2.78,3,2,1,0,0,0,0,0,0,0,0,0,0,0,0,0,0,0,0,0,0,0,0,0
1710,Mike Bibby,SAC,200305170DAL,"May 17, 2003",DAL,25,20,4,22,51.02,57.44,-6.42,15,18,5,3,2,4,0,0,0,0,0,0,0,0,0,0,0,0,0,0,0,0,0,0
978,Peja Stojakovic,SAC,200305170DAL,"May 17, 2003",DAL,17,15,0,15,47.22,56.67,-9.45,9,8,6,9,0,0,0,0,0,0,0,0,0,0,0,0,0,0,0,0,0,0,0,0
124,Vlade Divac,SAC,200305170DAL,"May 17, 2003",DAL,11,12,8,16,34.38,35.44,-1.06,12,6,0,0,3,3,0,0,0,0,0,0,0,0,1,2,0,0,0,0,0,0,0,0
57,Doug Christie,SAC,200305170DAL,"May 17, 2003",DAL,4,6,4,8,21.05,25.77,-4.72,3,0,3,0,1,2,0,0,0,0,0,0,0,0,0,0,0,0,0,0,0,0,1,2
1952,Raja Bell,SAC,200305170DAL,"May 17, 2003",DAL,12,9,0,9,66.67,66.67,0.0,9,12,0,0,0,0,0,0,0,0,0,0,0,0,0,0,0,0,0,0,0,0,0,0
762,Shawn Bradley,DAL,200305170DAL,"May 17, 2003",SAC,4,5,0,5,40.0,40.0,0.0,5,4,0,0,0,0,0,0,0,0,0,0,0,0,0,0,0,0,0,0,0,0,0,0
1517,Bobby Jackson,SAC,200305170DAL,"May 17, 2003",DAL,12,13,4,15,32.43,40.65,-8.22,6,6,7,3,2,3,0,0,0,0,0,0,0,0,0,0,0,0,0,0,0,0,0,0
89,Nick Van Exel,DAL,200305170DAL,"May 17, 2003",SAC,23,18,6,21,46.94,55.72,-8.78,11,8,7,12,2,2,0,0,0,0,0,0,0,0,0,0,0,0,0,0,0,0,1,1
754,Jim Jackson,SAC,200305170DAL,"May 17, 2003",DAL,24,12,2,13,82.76,93.17,-10.41,9,14,3,9,1,1,0,0,0,0,0,0,0,0,0,0,0,0,0,0,0,0,0,0
1721,Keon Clark,SAC,200305170DAL,"May 17, 2003",DAL,0,1,0,1,0.0,0.0,0.0,1,0,0,0,0,0,0,0,0,0,0,0,0,0,0,0,0,0,0,0,0,0,0,0
2059,Eduardo Najera,DAL,200305170DAL,"May 17, 2003",SAC,0,1,0,1,0.0,0.0,0.0,1,0,0,0,0,0,0,0,0,0,0,0,0,0,0,0,0,0,0,0,0,0,0,0
1005,Walt Williams,DAL,200305170DAL,"May 17, 2003",SAC,5,3,0,3,71.43,83.33,-11.9,2,2,1,3,0,0,0,0,0,0,0,0,0,0,0,0,0,0,0,0,0,0,0,0
2030,Kenyon Martin,NJN,200305180DET,"May 18, 2003",DET,16,14,2,15,53.33,53.76,-0.43,14,16,0,0,0,0,0,0,0,0,0,0,0,0,0,0,0,0,0,0,0,0,1,0
1112,Ben Wallace,DET,200305180DET,"May 18, 2003",NJN,6,5,7,8,35.29,37.13,-1.84,4,2,0,0,3,2,0,0,1,2,0,0,0,0,0,0,0,0,0,0,0,0,0,0
1888,Richard Hamilton,DET,200305180DET,"May 18, 2003",NJN,24,16,6,18,61.54,64.38,-2.84,13,12,1,3,0,0,0,0,2,5,0,0,0,0,0,0,0,0,0,0,0,0,2,4
2210,Richard Jefferson,NJN,200305180DET,"May 18, 2003",DET,11,10,3,11,47.83,48.59,-0.76,9,8,0,0,1,1,0,0,1,2,0,0,0,0,0,0,0,0,0,0,0,0,0,0
1497,Chauncey Billups,DET,200305180DET,"May 18, 2003",NJN,11,12,5,14,34.38,38.73,-4.35,9,6,3,0,1,2,1,3,0,0,0,0,0,0,0,0,0,0,0,0,0,0,0,0
2215,Jason Collins,NJN,200305180DET,"May 18, 2003",DET,4,5,2,6,33.33,34.01,-0.68,5,2,0,0,1,2,0,0,0,0,0,0,0,0,0,0,0,0,0,0,0,0,0,0
954,Kerry Kittles,NJN,200305180DET,"May 18, 2003",DET,9,11,3,12,34.62,36.53,-1.91,9,6,1,0,0,0,0,0,1,2,0,0,0,0,0,0,0,0,0,0,0,0,1,1
361,Clifford Robinson,DET,200305180DET,"May 18, 2003",NJN,6,8,2,9,30.0,33.78,-3.78,6,6,2,0,1,0,0,0,0,0,0,0,0,0,0,0,0,0,0,0,0,0,0,0
467,Jason Kidd,NJN,200305180DET,"May 18, 2003",DET,15,19,3,21,32.61,36.91,-4.3,14,12,5,0,0,0,0,0,0,0,0,0,1,1,0,0,0,0,0,0,0,0,1,2
688,Michael Curry,DET,200305180DET,"May 18, 2003",NJN,0,2,0,2,0.0,0.0,0.0,1,0,1,0,0,0,0,0,0,0,0,0,0,0,0,0,0,0,0,0,0,0,0,0
2419,Tayshaun Prince,DET,200305180DET,"May 18, 2003",NJN,7,10,4,12,25.93,29.76,-3.83,7,2,3,3,1,1,0,0,0,0,0,0,0,0,0,0,0,0,0,0,0,0,1,1
1425,Aaron Williams,NJN,200305180DET,"May 18, 2003",DET,4,5,2,6,33.33,34.01,-0.68,5,2,0,0,1,2,0,0,0,0,0,0,0,0,0,0,0,0,0,0,0,0,0,0
446,Lucious Harris,NJN,200305180DET,"May 18, 2003",DET,8,8,2,9,42.11,45.05,-2.94,7,6,1,0,1,2,0,0,0,0,0,0,0,0,0,0,0,0,0,0,0,0,0,0
915,Rodney Rogers,NJN,200305180DET,"May 18, 2003",DET,7,4,2,5,58.33,71.72,-13.39,2,2,2,3,0,0,0,0,0,0,0,0,0,0,1,2,0,0,0,0,0,0,0,0
2246,Mehmet Okur,DET,200305180DET,"May 18, 2003",NJN,12,8,2,9,60.0,67.57,-7.57,6,4,2,6,1,2,0,0,0,0,0,0,0,0,0,0,0,0,0,0,0,0,0,0
722,Corliss Williamson,DET,200305180DET,"May 18, 2003",NJN,8,10,4,12,33.33,34.01,-0.68,10,4,0,0,1,2,0,0,0,0,0,0,0,0,0,0,0,0,0,0,0,0,1,2
1533,Anthony Johnson,NJN,200305180DET,"May 18, 2003",DET,2,2,0,2,40.0,50.0,-10.0,1,2,1,0,0,0,0,0,0,0,0,0,0,0,0,0,0,0,0,0,0,0,0,0
1711,Raef LaFrentz,DAL,200305190SAS,"May 19, 2003",SAS,2,5,0,5,20.0,20.0,0.0,5,2,0,0,0,0,0,0,0,0,0,0,0,0,0,0,0,0,0,0,0,0,0,0
1495,Tim Duncan,SAS,200305190SAS,"May 19, 2003",DAL,40,20,19,29,67.8,70.52,-2.72,19,26,0,0,6,7,0,0,1,3,0,0,0,0,0,0,0,0,0,0,0,0,3,4
1717,Dirk Nowitzki,DAL,200305190SAS,"May 19, 2003",SAS,38,19,17,27,64.41,71.75,-7.34,14,16,4,3,3,6,0,0,1,3,0,0,0,0,0,0,0,0,0,0,0,0,5,10
1477,Bruce Bowen,SAS,200305190SAS,"May 19, 2003",DAL,13,6,10,11,48.15,62.5,-14.35,1,2,5,6,1,0,0,0,0,0,0,0,0,0,0,0,0,0,0,0,0,0,4,5
714,Michael Finley,DAL,200305190SAS,"May 19, 2003",SAS,26,14,10,19,60.47,70.65,-10.18,9,10,5,6,2,4,0,0,0,0,0,0,0,0,0,0,0,0,0,0,0,0,3,6
1952,Raja Bell,SAS,200305190SAS,"May 19, 2003",DAL,0,2,0,2,0.0,0.0,0.0,2,0,0,0,0,0,0,0,0,0,0,0,0,0,0,0,0,0,0,0,0,0,0,0
2225,Tony Parker,SAS,200305190SAS,"May 19, 2003",DAL,18,18,2,19,41.86,47.67,-5.81,13,10,5,6,1,2,0,0,0,0,0,0,0,0,0,0,0,0,0,0,0,0,0,0
959,Steve Nash,DAL,200305190SAS,"May 19, 2003",SAS,22,15,6,19,55.0,62.36,-7.36,11,10,4,6,1,2,0,0,0,0,0,0,2,2,0,0,0,0,0,0,0,0,1,2
764,David Robinson,SAS,200305190SAS,"May 19, 2003",DAL,7,2,6,5,70.0,75.43,-5.43,2,4,0,0,3,3,0,0,0,0,0,0,0,0,0,0,0,0,0,0,0,0,0,0
89,Nick Van Exel,DAL,200305190SAS,"May 19, 2003",SAS,14,12,7,15,41.18,46.42,-5.24,9,4,3,3,1,2,1,3,0,0,0,0,0,0,0,0,0,0,0,0,0,0,1,2
1536,Stephen Jackson,SAS,200305190SAS,"May 19, 2003",DAL,8,9,3,11,32.0,38.76,-6.76,5,2,4,3,1,2,0,0,0,0,0,0,1,1,0,0,0,0,0,0,0,0,0,0
762,Shawn Bradley,DAL,200305190SAS,"May 19, 2003",SAS,0,1,0,1,0.0,0.0,0.0,1,0,0,0,0,0,0,0,0,0,0,0,0,0,0,0,0,0,0,0,0,0,0,0
990,Malik Rose,SAS,200305190SAS,"May 19, 2003",DAL,3,2,2,3,50.0,52.08,-2.08,2,2,0,0,0,0,0,0,0,0,0,0,0,0,0,0,0,0,0,0,0,0,1,1
1938,Manu Ginobili,SAS,200305190SAS,"May 19, 2003",DAL,12,8,5,10,46.15,58.82,-12.67,2,0,5,6,2,4,0,0,1,2,0,0,0,0,0,0,0,0,0,0,0,0,0,0
2059,Eduardo Najera,DAL,200305190SAS,"May 19, 2003",SAS,9,2,8,6,75.0,81.52,-6.52,2,2,0,0,2,3,0,0,0,0,0,0,0,0,0,0,0,0,0,0,0,0,2,4
2049,Speedy Claxton,SAS,200305190SAS,"May 19, 2003",DAL,0,2,0,2,0.0,0.0,0.0,2,0,0,0,0,0,0,0,0,0,0,0,0,0,0,0,0,0,0,0,0,0,0,0
1559,Adrian Griffin,DAL,200305190SAS,"May 19, 2003",SAS,0,1,0,1,0.0,0.0,0.0,1,0,0,0,0,0,0,0,0,0,0,0,0,0,0,0,0,0,0,0,0,0,0,0
198,Danny Ferry,SAS,200305190SAS,"May 19, 2003",DAL,0,1,0,1,0.0,0.0,0.0,0,0,1,0,0,0,0,0,0,0,0,0,0,0,0,0,0,0,0,0,0,0,0,0
1005,Walt Williams,DAL,200305190SAS,"May 19, 2003",SAS,2,1,2,2,50.0,53.19,-3.19,1,0,0,0,1,2,0,0,0,0,0,0,0,0,0,0,0,0,0,0,0,0,0,0
788,Kevin Willis,SAS,200305190SAS,"May 19, 2003",DAL,9,6,1,6,69.23,69.88,-0.65,5,6,0,0,0,0,0,0,1,3,0,0,0,0,0,0,0,0,0,0,0,0,0,0
2030,Kenyon Martin,NJN,200305200DET,"May 20, 2003",DET,25,19,6,21,56.82,57.76,-0.94,17,16,0,0,2,3,0,0,2,6,0,0,0,0,0,0,0,0,0,0,0,0,0,0
1497,Chauncey Billups,DET,200305200DET,"May 20, 2003",NJN,15,13,6,16,39.47,47.95,-8.48,7,6,6,3,2,4,0,0,0,0,0,0,0,0,0,0,0,0,0,0,0,0,1,2
954,Kerry Kittles,NJN,200305200DET,"May 20, 2003",DET,2,4,2,5,18.18,20.49,-2.31,3,0,1,0,1,2,0,0,0,0,0,0,0,0,0,0,0,0,0,0,0,0,0,0
1888,Richard Hamilton,DET,200305200DET,"May 20, 2003",NJN,24,20,2,21,57.14,57.47,-0.33,20,22,0,0,1,2,0,0,0,0,0,0,0,0,0,0,0,0,0,0,0,0,0,0
2215,Jason Collins,NJN,200305200DET,"May 20, 2003",DET,11,11,1,11,47.83,48.08,-0.25,10,8,0,0,0,0,0,0,1,3,0,0,0,0,0,0,0,0,0,0,0,0,0,0
467,Jason Kidd,NJN,200305200DET,"May 20, 2003",DET,20,21,3,22,40.0,44.8,-4.8,15,10,5,6,1,1,0,0,1,3,0,0,0,0,0,0,0,0,0,0,0,0,0,0
2210,Richard Jefferson,DET,200305200DET,"May 20, 2003",NJN,9,9,4,11,40.91,41.82,-0.91,9,6,0,0,2,3,0,0,0,0,0,0,0,0,0,0,0,0,0,0,0,0,0,0
2419,Tayshaun Prince,DET,200305200DET,"May 20, 2003",NJN,6,5,4,7,40.0,44.38,-4.38,4,4,1,0,1,1,0,0,0,0,0,0,0,0,0,0,0,0,0,0,0,0,1,1
1112,Ben Wallace,DET,200305200DET,"May 20, 2003",NJN,7,4,7,7,46.67,49.44,-2.77,3,2,0,0,2,2,0,0,1,3,0,0,0,0,0,0,0,0,0,0,0,0,1,0
361,Clifford Robinson,DET,200305200DET,"May 20, 2003",NJN,11,10,4,12,37.93,46.77,-8.84,5,2,5,6,1,1,0,0,0,0,0,0,0,0,0,0,0,0,0,0,0,0,1,2
915,Rodney Rogers,NJN,200305200DET,"May 20, 2003",DET,8,6,2,7,50.0,58.14,-8.14,4,4,2,3,1,1,0,0,0,0,0,0,0,0,0,0,0,0,0,0,0,0,0,0
1425,Aaron Williams,NJN,200305200DET,"May 20, 2003",DET,5,9,2,10,25.0,25.3,-0.3,9,4,0,0,1,1,0,0,0,0,0,0,0,0,0,0,0,0,0,0,0,0,0,0
2246,Mehmet Okur,DET,200305200DET,"May 20, 2003",NJN,5,5,2,6,41.67,42.52,-0.85,5,4,0,0,1,1,0,0,0,0,0,0,0,0,0,0,0,0,0,0,0,0,0,0
722,Corliss Williamson,DET,200305200DET,"May 20, 2003",NJN,10,8,7,11,43.48,45.13,-1.65,7,4,0,0,3,3,0,0,1,3,0,0,0,0,0,0,0,0,0,0,0,0,0,0
446,Lucious Harris,NJN,200305200DET,"May 20, 2003",DET,6,4,2,6,60.0,61.48,-1.48,4,4,0,0,0,0,0,0,0,0,0,0,2,2,0,0,0,0,0,0,0,0,0,0
1533,Anthony Johnson,NJN,200305200DET,"May 20, 2003",DET,2,1,2,2,50.0,53.19,-3.19,1,0,0,0,1,2,0,0,0,0,0,0,0,0,0,0,0,0,0,0,0,0,0,0
1088,Chucky Atkins,DET,200305200DET,"May 20, 2003",NJN,5,1,2,2,100.0,132.98,-32.98,0,0,1,3,1,2,0,0,0,0,0,0,0,0,0,0,0,0,0,0,0,0,0,0
468,Jon Barry,DET,200305200DET,"May 20, 2003",NJN,3,2,0,2,60.0,75.0,-15.0,1,0,1,3,0,0,0,0,0,0,0,0,0,0,0,0,0,0,0,0,0,0,0,0
764,David Robinson,SAS,200305210SAS,"May 21, 2003",DAL,7,5,4,7,50.0,51.78,-1.78,5,4,0,0,2,3,0,0,0,0,0,0,0,0,0,0,0,0,0,0,0,0,0,0
1952,Raja Bell,DAL,200305210SAS,"May 21, 2003",SAS,6,8,0,8,35.29,37.5,-2.21,7,6,1,0,0,0,0,0,0,0,0,0,0,0,0,0,0,0,0,0,0,0,0,0
714,Michael Finley,DAL,200305210SAS,"May 21, 2003",SAS,29,20,5,23,55.77,65.32,-9.55,13,12,7,12,2,4,0,0,0,0,0,0,1,1,0,0,0,0,0,0,0,0,0,0
1477,Bruce Bowen,SAS,200305210SAS,"May 21, 2003",DAL,6,7,0,7,33.33,42.86,-9.53,3,0,4,6,0,0,0,0,0,0,0,0,0,0,0,0,0,0,0,0,0,0,0,0
762,Shawn Bradley,DAL,200305210SAS,"May 21, 2003",SAS,0,2,0,2,0.0,0.0,0.0,2,0,0,0,0,0,0,0,0,0,0,0,0,0,0,0,0,0,0,0,0,0,0,0
2225,Tony Parker,SAS,200305210SAS,"May 21, 2003",DAL,19,11,8,15,63.33,65.43,-2.1,11,12,0,0,2,3,0,0,0,0,0,0,0,0,0,0,0,0,0,0,0,0,2,4
959,Steve Nash,DAL,200305210SAS,"May 21, 2003",SAS,12,11,3,13,42.86,48.7,-5.84,8,4,3,6,0,0,0,0,0,0,0,0,1,0,0,0,0,0,0,0,0,0,1,2
1495,Tim Duncan,SAS,200305210SAS,"May 21, 2003",DAL,32,21,13,27,58.18,59.88,-1.7,20,20,0,0,4,6,0,0,1,3,0,0,1,2,0,0,0,0,0,0,0,0,1,1
1717,Dirk Nowitzki,DAL,200305210SAS,"May 21, 2003",SAS,23,19,5,21,46.94,54.25,-7.31,12,10,6,6,2,4,0,0,1,3,0,0,0,0,0,0,0,0,0,0,0,0,0,0
1536,Stephen Jackson,SAS,200305210SAS,"May 21, 2003",DAL,17,14,2,16,50.0,57.12,-7.12,10,12,4,3,0,0,0,0,0,0,0,0,2,2,0,0,0,0,0,0,0,0,0,0
89,Nick Van Exel,DAL,200305210SAS,"May 21, 2003",SAS,13,16,1,16,33.33,39.54,-6.21,9,4,6,6,0,0,0,0,1,3,0,0,0,0,0,0,0,0,0,0,0,0,0,0
1711,Raef LaFrentz,DAL,200305210SAS,"May 21, 2003",SAS,15,8,5,10,62.5,73.53,-11.03,4,6,3,3,2,3,0,0,1,3,0,0,0,0,0,0,0,0,0,0,0,0,0,0
990,Malik Rose,SAS,200305210SAS,"May 21, 2003",DAL,25,11,18,22,62.5,66.07,-3.57,10,8,0,0,4,6,0,0,1,3,0,0,4,4,0,0,0,0,0,0,1,1,2,3
1938,Manu Ginobili,SAS,200305210SAS,"May 21, 2003",DAL,7,6,0,6,50.0,58.33,-8.33,4,4,2,3,0,0,0,0,0,0,0,0,0,0,0,0,0,0,0,0,0,0,0,0
1005,Walt Williams,DAL,200305210SAS,"May 21, 2003",SAS,8,6,3,7,42.11,54.64,-12.53,1,0,4,3,0,0,0,0,1,3,0,0,0,0,0,0,0,0,0,0,0,0,1,2
2049,Speedy Claxton,SAS,200305210SAS,"May 21, 2003",DAL,6,4,0,4,75.0,75.0,0.0,4,6,0,0,0,0,0,0,0,0,0,0,0,0,0,0,0,0,0,0,0,0,0,0
788,Kevin Willis,SAS,200305210SAS,"May 21, 2003",DAL,0,1,0,1,0.0,0.0,0.0,1,0,0,0,0,0,0,0,0,0,0,0,0,0,0,0,0,0,0,0,0,0,0,0
198,Danny Ferry,SAS,200305210SAS,"May 21, 2003",DAL,0,1,0,1,0.0,0.0,0.0,0,0,1,0,0,0,0,0,0,0,0,0,0,0,0,0,0,0,0,0,0,0,0,0
2030,Kenyon Martin,NJN,200305220NJN,"May 22, 2003",DET,19,12,11,17,54.29,56.41,-2.12,11,10,0,0,3,4,0,0,1,3,0,0,0,0,0,0,0,0,0,0,0,0,2,2
1888,Richard Hamilton,DET,200305220NJN,"May 22, 2003",NJN,21,17,5,20,53.85,54.69,-0.84,17,16,0,0,2,4,0,0,0,0,0,0,1,1,0,0,0,0,0,0,0,0,0,0
954,Kerry Kittles,NJN,200305220NJN,"May 22, 2003",DET,9,9,4,11,37.5,41.82,-4.32,7,6,2,0,2,3,0,0,0,0,0,0,0,0,0,0,0,0,0,0,0,0,0,0
467,Jason Kidd,NJN,200305220NJN,"May 22, 2003",DET,34,21,13,27,59.65,63.62,-3.97,18,18,2,3,4,7,0,0,1,3,0,0,0,0,0,0,0,0,0,0,0,0,2,3
361,Clifford Robinson,DET,200305220NJN,"May 22, 2003",NJN,15,8,2,9,62.5,84.46,-21.96,2,2,6,12,0,0,0,0,0,0,0,0,0,0,0,0,0,0,0,0,0,0,1,1
2419,Tayshaun Prince,DET,200305220NJN,"May 22, 2003",NJN,4,5,0,5,36.36,40.0,-3.64,4,4,1,0,0,0,0,0,0,0,0,0,0,0,0,0,0,0,0,0,0,0,0,0
2215,Jason Collins,NJN,200305220NJN,"May 22, 2003",DET,2,3,0,3,33.33,33.33,0.0,3,2,0,0,0,0,0,0,0,0,0,0,0,0,0,0,0,0,0,0,0,0,0,0
1112,Ben Wallace,DET,200305220NJN,"May 22, 2003",NJN,13,8,6,11,59.09,61.09,-2.0,8,10,0,0,2,3,0,0,0,0,0,0,0,0,0,0,0,0,0,0,0,0,1,0
1497,Chauncey Billups,DET,200305220NJN,"May 22, 2003",NJN,7,7,0,7,46.67,50.0,-3.33,6,4,1,3,0,0,0,0,0,0,0,0,0,0,0,0,0,0,0,0,0,0,0,0
2210,Richard Jefferson,NJN,200305220NJN,"May 22, 2003",DET,4,11,0,11,18.18,18.18,0.0,11,4,0,0,0,0,0,0,0,0,0,0,0,0,0,0,0,0,0,0,0,0,0,0
915,Rodney Rogers,NJN,200305220NJN,"May 22, 2003",DET,2,4,4,6,15.38,17.36,-1.98,3,0,1,0,2,2,0,0,0,0,0,0,0,0,0,0,0,0,0,0,0,0,0,0
446,Lucious Harris,NJN,200305220NJN,"May 22, 2003",DET,10,10,3,12,41.67,44.17,-2.5,9,6,1,3,1,0,0,0,0,0,0,0,1,1,0,0,0,0,0,0,0,0,0,0
2246,Mehmet Okur,DET,200305220NJN,"May 22, 2003",NJN,4,9,2,10,19.05,20.24,-1.19,8,2,1,0,0,0,0,0,0,0,0,0,0,0,0,0,0,0,0,0,0,0,1,2
1425,Aaron Williams,NJN,200305220NJN,"May 22, 2003",DET,7,5,2,6,58.33,59.52,-1.19,5,6,0,0,1,1,0,0,0,0,0,0,0,0,0,0,0,0,0,0,0,0,0,0
722,Corliss Williamson,DET,200305220NJN,"May 22, 2003",NJN,15,9,11,14,51.72,54.19,-2.47,8,4,0,0,2,3,0,0,1,2,0,0,0,0,0,0,0,0,0,0,0,0,3,6
1088,Chucky Atkins,DET,200305220NJN,"May 22, 2003",NJN,6,8,2,9,30.0,33.78,-3.78,6,4,2,0,0,0,0,0,0,0,0,0,0,0,0,0,0,0,0,0,0,0,1,2
1533,Anthony Johnson,NJN,200305220NJN,"May 22, 2003",DET,10,4,0,4,100.0,125.0,-25.0,2,4,2,6,0,0,0,0,0,0,0,0,0,0,0,0,0,0,0,0,0,0,0,0
688,Michael Curry,DET,200305220NJN,"May 22, 2003",NJN,0,2,0,2,0.0,0.0,0.0,2,0,0,0,0,0,0,0,0,0,0,0,0,0,0,0,0,0,0,0,0,0,0,0
2447,Tamar Slay,NJN,200305220NJN,"May 22, 2003",DET,0,3,0,3,0.0,0.0,0.0,3,0,0,0,0,0,0,0,0,0,0,0,0,0,0,0,0,0,0,0,0,0,0,0
764,David Robinson,SAS,200305230DAL,"May 23, 2003",DAL,4,6,2,7,28.57,29.07,-0.5,6,2,0,0,1,2,0,0,0,0,0,0,0,0,0,0,0,0,0,0,0,0,0,0
2225,Tony Parker,SAS,200305230DAL,"May 23, 2003",DAL,29,23,2,24,55.77,60.72,-4.95,19,24,4,3,0,0,0,0,0,0,0,0,0,0,0,0,0,0,0,0,0,0,1,2
1477,Bruce Bowen,SAS,200305230DAL,"May 23, 2003",DAL,13,9,6,12,48.15,55.84,-7.69,6,2,3,6,0,0,0,0,0,0,0,0,0,0,0,0,0,0,0,0,0,0,3,5
1717,Dirk Nowitzki,DAL,200305230DAL,"May 23, 2003",SAS,15,20,0,20,34.09,37.5,-3.41,16,12,4,3,0,0,0,0,0,0,0,0,0,0,0,0,0,0,0,0,0,0,0,0
1711,Raef LaFrentz,DAL,200305230DAL,"May 23, 2003",SAS,10,12,0,12,40.0,41.67,-1.67,11,10,1,0,0,0,0,0,0,0,0,0,0,0,0,0,0,0,0,0,0,0,0,0
1495,Tim Duncan,SAS,200305230DAL,"May 23, 2003",DAL,34,19,14,25,65.38,67.57,-2.19,17,20,0,0,5,7,0,0,2,6,0,0,0,0,0,0,0,0,0,0,0,0,1,1
714,Michael Finley,SAS,200305230DAL,"May 23, 2003",DAL,11,11,2,12,40.74,46.3,-5.56,8,6,3,3,1,2,0,0,0,0,0,0,0,0,0,0,0,0,0,0,0,0,0,0
1952,Raja Bell,DAL,200305230DAL,"May 23, 2003",SAS,14,10,2,11,58.33,64.34,-6.01,8,10,2,3,1,1,0,0,0,0,0,0,0,0,0,0,0,0,0,0,0,0,0,0
959,Steve Nash,SAS,200305230DAL,"May 23, 2003",DAL,10,9,0,9,50.0,55.56,-5.56,7,4,2,6,0,0,0,0,0,0,0,0,0,0,0,0,0,0,0,0,0,0,0,0
89,Nick Van Exel,DAL,200305230DAL,"May 23, 2003",SAS,16,15,2,16,42.11,50.38,-8.27,9,6,6,9,1,1,0,0,0,0,0,0,0,0,0,0,0,0,0,0,0,0,0,0
1938,Manu Ginobili,SAS,200305230DAL,"May 23, 2003",DAL,2,3,2,4,22.22,25.77,-3.55,2,2,1,0,1,0,0,0,0,0,0,0,0,0,0,0,0,0,0,0,0,0,0,0
990,Malik Rose,SAS,200305230DAL,"May 23, 2003",DAL,2,10,0,10,9.52,10.0,-0.48,9,2,1,0,0,0,0,0,0,0,0,0,0,0,0,0,0,0,0,0,0,0,0,0
1536,Stephen Jackson,SAS,200305230DAL,"May 23, 2003",DAL,12,9,0,9,52.17,66.67,-14.5,4,6,5,6,0,0,0,0,0,0,0,0,0,0,0,0,0,0,0,0,0,0,0,0
2049,Speedy Claxton,SAS,200305230DAL,"May 23, 2003",DAL,0,3,0,3,0.0,0.0,0.0,3,0,0,0,0,0,0,0,0,0,0,0,0,0,0,0,0,0,0,0,0,0,0,0
2059,Eduardo Najera,DAL,200305230DAL,"May 23, 2003",SAS,0,5,0,5,0.0,0.0,0.0,5,0,0,0,0,0,0,0,0,0,0,0,0,0,0,0,0,0,0,0,0,0,0,0
788,Kevin Willis,SAS,200305230DAL,"May 23, 2003",DAL,0,1,0,1,0.0,0.0,0.0,1,0,0,0,0,0,0,0,0,0,0,0,0,0,0,0,0,0,0,0,0,0,0,0
1005,Walt Williams,DAL,200305230DAL,"May 23, 2003",SAS,5,2,0,2,100.0,125.0,-25.0,1,2,1,3,0,0,0,0,0,0,0,0,0,0,0,0,0,0,0,0,0,0,0,0
1559,Adrian Griffin,DAL,200305230DAL,"May 23, 2003",SAS,2,2,0,2,50.0,50.0,0.0,2,2,0,0,0,0,0,0,0,0,0,0,0,0,0,0,0,0,0,0,0,0,0,0
1505,Tariq Abdul-Wahad,DAL,200305230DAL,"May 23, 2003",SAS,0,1,0,1,0.0,0.0,0.0,1,0,0,0,0,0,0,0,0,0,0,0,0,0,0,0,0,0,0,0,0,0,0,0
198,Danny Ferry,SAS,200305230DAL,"May 23, 2003",DAL,0,1,0,1,0.0,0.0,0.0,0,0,1,0,0,0,0,0,0,0,0,0,0,0,0,0,0,0,0,0,0,0,0,0
2030,Kenyon Martin,NJN,200305240NJN,"May 24, 2003",DET,14,13,2,14,48.28,50.43,-2.15,12,12,1,0,1,2,0,0,0,0,0,0,0,0,0,0,0,0,0,0,0,0,0,0
2210,Richard Jefferson,DET,200305240NJN,"May 24, 2003",NJN,14,12,0,12,58.33,58.33,0.0,12,14,0,0,0,0,0,0,0,0,0,0,0,0,0,0,0,0,0,0,0,0,0,0
1112,Ben Wallace,DET,200305240NJN,"May 24, 2003",NJN,10,10,4,12,41.67,42.52,-0.85,10,8,0,0,2,2,0,0,0,0,0,0,0,0,0,0,0,0,0,0,0,0,0,0
2215,Jason Collins,NJN,200305240NJN,"May 24, 2003",DET,10,7,4,9,55.56,57.08,-1.52,7,6,0,0,1,2,0,0,0,0,0,0,0,0,0,0,0,0,0,0,0,0,1,2
1888,Richard Hamilton,DET,200305240NJN,"May 24, 2003",NJN,20,21,6,24,40.0,42.3,-2.3,19,14,2,0,1,2,0,0,0,0,0,0,0,0,0,0,0,0,0,0,0,0,2,4
2419,Tayshaun Prince,DET,200305240NJN,"May 24, 2003",NJN,4,3,2,4,50.0,51.55,-1.55,3,2,0,0,1,2,0,0,0,0,0,0,0,0,0,0,0,0,0,0,0,0,0,0
467,Jason Kidd,NJN,200305240NJN,"May 24, 2003",DET,26,21,5,24,50.0,56.03,-6.03,16,18,5,3,0,0,0,0,0,0,0,0,1,1,0,0,0,0,0,0,0,0,2,4
1497,Chauncey Billups,DET,200305240NJN,"May 24, 2003",NJN,6,8,4,10,27.27,30.74,-3.47,6,2,2,0,1,2,0,0,0,0,0,0,0,0,0,0,0,0,0,0,0,0,1,2
954,Kerry Kittles,NJN,200305240NJN,"May 24, 2003",DET,9,7,0,7,60.0,64.29,-4.29,6,6,1,3,0,0,0,0,0,0,0,0,0,0,0,0,0,0,0,0,0,0,0,0
361,Clifford Robinson,NJN,200305240NJN,"May 24, 2003",DET,21,14,2,15,61.76,70.56,-8.8,10,10,4,9,1,2,0,0,0,0,0,0,0,0,0,0,0,0,0,0,0,0,0,0
915,Rodney Rogers,NJN,200305240NJN,"May 24, 2003",DET,10,6,5,8,55.56,60.98,-5.42,4,2,1,3,2,2,0,0,1,3,0,0,0,0,0,0,0,0,0,0,0,0,0,0
1425,Aaron Williams,NJN,200305240NJN,"May 24, 2003",DET,8,5,0,5,80.0,80.0,0.0,5,8,0,0,0,0,0,0,0,0,0,0,0,0,0,0,0,0,0,0,0,0,0,0
722,Corliss Williamson,DET,200305240NJN,"May 24, 2003",NJN,6,6,4,8,37.5,38.66,-1.16,6,4,0,0,2,2,0,0,0,0,0,0,0,0,0,0,0,0,0,0,0,0,0,0
446,Lucious Harris,NJN,200305240NJN,"May 24, 2003",DET,9,6,0,6,64.29,75.0,-10.71,4,6,2,3,0,0,0,0,0,0,0,0,0,0,0,0,0,0,0,0,0,0,0,0
2246,Mehmet Okur,DET,200305240NJN,"May 24, 2003",NJN,4,2,2,3,50.0,69.44,-19.44,0,0,2,3,0,0,0,0,0,0,0,0,0,0,0,0,0,0,0,0,0,0,1,1
468,Jon Barry,DET,200305240NJN,"May 24, 2003",NJN,8,6,0,6,57.14,66.67,-9.53,4,2,2,6,0,0,0,0,0,0,0,0,0,0,0,0,0,0,0,0,0,0,0,0
1533,Anthony Johnson,NJN,200305240NJN,"May 24, 2003",DET,0,1,0,1,0.0,0.0,0.0,1,0,0,0,0,0,0,0,0,0,0,0,0,0,0,0,0,0,0,0,0,0,0,0
1088,Chucky Atkins,DET,200305240NJN,"May 24, 2003",NJN,3,3,0,3,42.86,50.0,-7.14,2,0,1,3,0,0,0,0,0,0,0,0,0,0,0,0,0,0,0,0,0,0,0,0
2243,Brian Scalabrine,NJN,200305240NJN,"May 24, 2003",DET,2,1,0,1,100.0,100.0,0.0,1,2,0,0,0,0,0,0,0,0,0,0,0,0,0,0,0,0,0,0,0,0,0,0
330,Danny Manning,DET,200305240NJN,"May 24, 2003",NJN,0,1,0,1,0.0,0.0,0.0,0,0,1,0,0,0,0,0,0,0,0,0,0,0,0,0,0,0,0,0,0,0,0,0
89,Nick Van Exel,SAS,200305250DAL,"May 25, 2003",DAL,22,22,2,23,44.0,48.08,-4.08,18,18,4,3,1,1,0,0,0,0,0,0,0,0,0,0,0,0,0,0,0,0,0,0
1495,Tim Duncan,SAS,200305250DAL,"May 25, 2003",DAL,21,14,7,17,58.33,61.48,-3.15,12,14,1,0,2,2,0,0,1,3,0,0,0,0,0,0,0,0,0,0,0,0,1,2
959,Steve Nash,DAL,200305250DAL,"May 25, 2003",SAS,25,19,3,20,52.08,61.52,-9.44,12,8,6,12,1,2,0,0,0,0,1,3,0,0,0,0,0,0,0,0,0,0,0,0
1477,Bruce Bowen,SAS,200305250DAL,"May 25, 2003",DAL,4,8,2,9,17.39,22.52,-5.13,3,0,5,3,1,1,0,0,0,0,0,0,0,0,0,0,0,0,0,0,0,0,0,0
1711,Raef LaFrentz,DAL,200305250DAL,"May 25, 2003",SAS,7,8,0,8,35.0,43.75,-8.75,4,4,4,3,0,0,0,0,0,0,0,0,0,0,0,0,0,0,0,0,0,0,0,0
1536,Stephen Jackson,SAS,200305250DAL,"May 25, 2003",DAL,17,12,4,14,48.57,61.77,-13.2,5,10,7,3,0,0,0,0,0,0,0,0,0,0,0,0,0,0,0,0,0,0,2,4
1005,Walt Williams,DAL,200305250DAL,"May 25, 2003",SAS,7,9,2,10,25.93,35.43,-9.5,2,2,7,3,1,2,0,0,0,0,0,0,0,0,0,0,0,0,0,0,0,0,0,0
2225,Tony Parker,SAS,200305250DAL,"May 25, 2003",DAL,25,22,8,27,43.86,48.98,-5.12,17,16,5,3,3,5,0,0,0,0,0,0,2,1,0,0,0,0,0,0,0,0,0,0
764,David Robinson,SAS,200305250DAL,"May 25, 2003",DAL,2,2,0,2,50.0,50.0,0.0,2,2,0,0,0,0,0,0,0,0,0,0,0,0,0,0,0,0,0,0,0,0,0,0
1938,Manu Ginobili,SAS,200305250DAL,"May 25, 2003",DAL,21,12,2,13,67.74,81.52,-13.78,7,10,5,9,1,2,0,0,0,0,0,0,0,0,0,0,0,0,0,0,0,0,0,0
2049,Speedy Claxton,SAS,200305250DAL,"May 25, 2003",DAL,2,1,2,2,50.0,53.19,-3.19,1,0,0,0,1,2,0,0,0,0,0,0,0,0,0,0,0,0,0,0,0,0,0,0
990,Malik Rose,SAS,200305250DAL,"May 25, 2003",DAL,8,5,4,7,57.14,59.17,-2.03,5,4,0,0,1,2,0,0,0,0,0,0,0,0,0,0,0,0,0,0,0,0,1,2
2059,Eduardo Najera,DAL,200305250DAL,"May 25, 2003",SAS,4,3,2,4,50.0,51.55,-1.55,3,2,0,0,1,2,0,0,0,0,0,0,0,0,0,0,0,0,0,0,0,0,0,0
714,Michael Finley,DAL,200305250DAL,"May 25, 2003",SAS,25,19,1,19,52.08,64.3,-12.22,9,10,9,12,0,0,0,0,1,3,0,0,0,0,0,0,0,0,0,0,0,0,0,0
1559,Adrian Griffin,DAL,200305250DAL,"May 25, 2003",SAS,0,2,0,2,0.0,0.0,0.0,2,0,0,0,0,0,0,0,0,0,0,0,0,0,0,0,0,0,0,0,0,0,0,0
1952,Raja Bell,SAS,200305250DAL,"May 25, 2003",DAL,5,3,3,4,55.56,57.87,-2.31,2,2,0,0,0,0,0,0,1,2,0,0,0,0,0,0,0,0,0,0,0,0,1,1
70,Steve Kerr,SAS,200305250DAL,"May 25, 2003",DAL,2,0,2,1,100.0,113.64,-13.64,0,0,0,0,0,0,0,0,0,0,0,0,0,0,0,0,0,0,0,0,0,0,1,2
1711,Raef LaFrentz,DAL,200305270SAS,"May 27, 2003",SAS,9,12,0,12,32.14,37.5,-5.36,8,6,4,3,0,0,0,0,0,0,0,0,0,0,0,0,0,0,0,0,0,0,0,0
1495,Tim Duncan,SAS,200305270SAS,"May 27, 2003",DAL,23,15,12,21,53.49,56.71,-3.22,14,18,1,0,5,4,0,0,0,0,0,0,0,0,0,0,0,0,0,0,0,0,1,1
89,Nick Van Exel,DAL,200305270SAS,"May 27, 2003",SAS,21,20,5,22,41.18,47.3,-6.12,14,10,6,6,1,2,1,3,0,0,0,0,0,0,0,0,0,0,0,0,0,0,0,0
1005,Walt Williams,DAL,200305270SAS,"May 27, 2003",SAS,12,13,0,13,40.0,46.15,-6.15,9,6,4,6,0,0,0,0,0,0,0,0,0,0,0,0,0,0,0,0,0,0,0,0
2225,Tony Parker,SAS,200305270SAS,"May 27, 2003",DAL,7,11,2,12,26.92,29.46,-2.54,9,6,2,0,1,1,0,0,0,0,0,0,0,0,0,0,0,0,0,0,0,0,0,0
959,Steve Nash,DAL,200305270SAS,"May 27, 2003",SAS,14,11,3,13,50.0,56.82,-6.82,8,8,3,3,1,2,0,0,0,0,0,0,1,1,0,0,0,0,0,0,0,0,0,0
1477,Bruce Bowen,SAS,200305270SAS,"May 27, 2003",DAL,12,7,6,10,48.0,62.24,-14.24,2,2,5,6,0,0,0,0,0,0,0,0,0,0,0,0,0,0,0,0,0,0,3,4
1536,Stephen Jackson,SAS,200305270SAS,"May 27, 2003",DAL,20,13,4,15,54.05,67.75,-13.7,4,6,7,6,0,0,0,0,2,6,0,0,2,2,0,0,0,0,0,0,0,0,0,0
764,David Robinson,SAS,200305270SAS,"May 27, 2003",DAL,5,3,6,6,41.67,44.33,-2.66,3,2,0,0,2,1,0,0,0,0,0,0,0,0,0,0,0,0,0,0,0,0,1,2
1952,Raja Bell,DAL,200305270SAS,"May 27, 2003",SAS,3,3,0,3,42.86,50.0,-7.14,2,0,1,3,0,0,0,0,0,0,0,0,0,0,0,0,0,0,0,0,0,0,0,0
714,Michael Finley,DAL,200305270SAS,"May 27, 2003",SAS,31,14,12,20,72.09,80.39,-8.3,11,16,3,3,6,12,0,0,0,0,0,0,0,0,0,0,0,0,0,0,0,0,0,0
990,Malik Rose,SAS,200305270SAS,"May 27, 2003",DAL,14,9,4,11,63.64,65.06,-1.42,9,10,0,0,1,2,0,0,0,0,0,0,0,0,1,2,0,0,0,0,0,0,0,0
1938,Manu Ginobili,SAS,200305270SAS,"May 27, 2003",DAL,5,9,0,9,20.0,27.78,-7.78,2,2,7,3,0,0,0,0,0,0,0,0,0,0,0,0,0,0,0,0,0,0,0,0
1559,Adrian Griffin,DAL,200305270SAS,"May 27, 2003",SAS,0,1,0,1,0.0,0.0,0.0,0,0,1,0,0,0,0,0,0,0,0,0,0,0,0,0,0,0,0,0,0,0,0,0
2049,Speedy Claxton,SAS,200305270SAS,"May 27, 2003",DAL,5,3,4,5,50.0,52.52,-2.52,3,2,0,0,2,3,0,0,0,0,0,0,0,0,0,0,0,0,0,0,0,0,0,0
2059,Eduardo Najera,DAL,200305270SAS,"May 27, 2003",SAS,11,8,3,9,57.89,59.01,-1.12,7,6,0,0,1,2,0,0,1,3,0,0,0,0,0,0,0,0,0,0,0,0,0,0
1505,Tariq Abdul-Wahad,DAL,200305270SAS,"May 27, 2003",SAS,2,1,0,1,100.0,100.0,0.0,1,2,0,0,0,0,0,0,0,0,0,0,0,0,0,0,0,0,0,0,0,0,0,0
1536,Stephen Jackson,SAS,200305290DAL,"May 29, 2003",DAL,24,14,3,16,63.16,78.33,-15.17,7,6,7,15,1,2,0,0,0,0,0,0,1,1,0,0,0,0,0,0,0,0,0,0
89,Nick Van Exel,DAL,200305290DAL,"May 29, 2003",SAS,19,19,5,21,40.43,44.81,-4.38,14,12,4,3,1,1,0,0,1,2,0,0,0,0,0,0,0,0,0,0,0,0,1,1
1495,Tim Duncan,SAS,200305290DAL,"May 29, 2003",DAL,18,20,4,22,40.0,41.36,-1.36,19,16,1,0,1,1,0,0,0,0,0,0,0,0,0,0,0,0,0,0,0,0,1,1
764,David Robinson,SAS,200305290DAL,"May 29, 2003",DAL,7,2,4,4,87.5,93.09,-5.59,2,4,0,0,2,3,0,0,0,0,0,0,0,0,0,0,0,0,0,0,0,0,0,0
714,Michael Finley,DAL,200305290DAL,"May 29, 2003",SAS,13,12,2,13,43.33,50.47,-7.14,8,8,4,3,1,2,0,0,0,0,0,0,0,0,0,0,0,0,0,0,0,0,0,0
1711,Raef LaFrentz,DAL,200305290DAL,"May 29, 2003",SAS,12,13,0,13,42.86,46.15,-3.29,11,12,2,0,0,0,0,0,0,0,0,0,0,0,0,0,0,0,0,0,0,0,0,0
2225,Tony Parker,SAS,200305290DAL,"May 29, 2003",DAL,0,5,0,5,0.0,0.0,0.0,5,0,0,0,0,0,0,0,0,0,0,0,0,0,0,0,0,0,0,0,0,0,0,0
1005,Walt Williams,DAL,200305290DAL,"May 29, 2003",SAS,17,15,0,15,45.95,56.67,-10.72,8,8,7,9,0,0,0,0,0,0,0,0,0,0,0,0,0,0,0,0,0,0,0,0
959,Steve Nash,DAL,200305290DAL,"May 29, 2003",SAS,6,10,0,10,28.57,30.0,-1.43,9,6,1,0,0,0,0,0,0,0,0,0,0,0,0,0,0,0,0,0,0,0,0,0
1477,Bruce Bowen,SAS,200305290DAL,"May 29, 2003",DAL,0,3,0,3,0.0,0.0,0.0,1,0,2,0,0,0,0,0,0,0,0,0,0,0,0,0,0,0,0,0,0,0,0,0
2049,Speedy Claxton,SAS,200305290DAL,"May 29, 2003",DAL,6,8,0,8,37.5,37.5,0.0,8,6,0,0,0,0,0,0,0,0,0,0,0,0,0,0,0,0,0,0,0,0,0,0
1938,Manu Ginobili,SAS,200305290DAL,"May 29, 2003",DAL,11,9,4,11,42.31,51.12,-8.81,5,4,4,3,2,4,0,0,0,0,0,0,0,0,0,0,0,0,0,0,0,0,0,0
990,Malik Rose,SAS,200305290DAL,"May 29, 2003",DAL,12,9,6,11,50.0,51.55,-1.55,7,6,0,0,1,0,0,0,2,5,0,0,0,0,0,0,0,0,0,0,0,0,1,1
1559,Adrian Griffin,DAL,200305290DAL,"May 29, 2003",SAS,4,2,0,2,100.0,100.0,0.0,2,4,0,0,0,0,0,0,0,0,0,0,0,0,0,0,0,0,0,0,0,0,0,0
1952,Raja Bell,DAL,200305290DAL,"May 29, 2003",SAS,5,1,4,3,83.33,90.58,-7.25,1,2,0,0,2,3,0,0,0,0,0,0,0,0,0,0,0,0,0,0,0,0,0,0
2059,Eduardo Najera,DAL,200305290DAL,"May 29, 2003",SAS,2,6,0,6,16.67,16.67,0.0,6,2,0,0,0,0,0,0,0,0,0,0,0,0,0,0,0,0,0,0,0,0,0,0
788,Kevin Willis,SAS,200305290DAL,"May 29, 2003",DAL,0,1,0,1,0.0,0.0,0.0,1,0,0,0,0,0,0,0,0,0,0,0,0,0,0,0,0,0,0,0,0,0,0,0
70,Steve Kerr,SAS,200305290DAL,"May 29, 2003",DAL,12,4,0,4,100.0,150.0,-50.0,0,0,4,12,0,0,0,0,0,0,0,0,0,0,0,0,0,0,0,0,0,0,0,0
120,Steven Smith,SAS,200305290DAL,"May 29, 2003",DAL,0,1,0,1,0.0,0.0,0.0,0,0,1,0,0,0,0,0,0,0,0,0,0,0,0,0,0,0,0,0,0,0,0,0
467,Jason Kidd,NJN,200306040SAS,"Jun 4, 2003",SAS,10,17,2,18,24.39,27.96,-3.57,12,6,5,3,1,1,0,0,0,0,0,0,0,0,0,0,0,0,0,0,0,0,0,0
2215,Jason Collins,SAS,200306040SAS,"Jun 4, 2003",NJN,5,4,4,6,41.67,43.4,-1.73,4,2,0,0,2,3,0,0,0,0,0,0,0,0,0,0,0,0,0,0,0,0,0,0
2225,Tony Parker,SAS,200306040SAS,"Jun 4, 2003",NJN,16,14,4,16,47.06,50.76,-3.7,12,10,2,3,1,2,0,0,0,0,0,0,0,0,0,0,0,0,0,0,0,0,1,1
2210,Richard Jefferson,NJN,200306040SAS,"Jun 4, 2003",SAS,15,10,6,13,57.69,59.34,-1.65,10,10,0,0,3,5,0,0,0,0,0,0,0,0,0,0,0,0,0,0,0,0,0,0
1536,Stephen Jackson,SAS,200306040SAS,"Jun 4, 2003",NJN,12,15,5,18,30.77,34.88,-4.11,11,10,4,0,2,1,0,0,0,0,0,0,0,0,0,0,0,0,0,0,1,1,0,0
2030,Kenyon Martin,NJN,200306040SAS,"Jun 4, 2003",SAS,21,24,2,25,41.18,42.2,-1.02,23,20,1,0,1,1,0,0,0,0,0,0,0,0,0,0,0,0,0,0,0,0,0,0
954,Kerry Kittles,NJN,200306040SAS,"Jun 4, 2003",SAS,8,7,4,9,38.1,45.66,-7.56,4,2,3,3,2,3,0,0,0,0,0,0,0,0,0,0,0,0,0,0,0,0,0,0
1495,Tim Duncan,SAS,200306040SAS,"Jun 4, 2003",NJN,32,17,14,23,66.67,69.08,-2.41,15,18,0,0,4,6,0,0,2,5,0,0,0,0,0,0,0,0,0,0,0,0,2,3
1477,Bruce Bowen,SAS,200306040SAS,"Jun 4, 2003",NJN,6,3,0,3,75.0,100.0,-25.0,1,0,2,6,0,0,0,0,0,0,0,0,0,0,0,0,0,0,0,0,0,0,0,0
764,David Robinson,SAS,200306040SAS,"Jun 4, 2003",NJN,14,8,3,9,73.68,75.11,-1.43,7,10,0,0,1,1,0,0,1,3,0,0,0,0,0,0,0,0,0,0,0,0,0,0
990,Malik Rose,SAS,200306040SAS,"Jun 4, 2003",NJN,12,11,2,12,50.0,50.51,-0.51,11,10,0,0,1,2,0,0,0,0,0,0,0,0,0,0,0,0,0,0,0,0,0,0
1938,Manu Ginobili,SAS,200306040SAS,"Jun 4, 2003",NJN,7,8,0,8,38.89,43.75,-4.86,6,4,2,3,0,0,0,0,0,0,0,0,0,0,0,0,0,0,0,0,0,0,0,0
1425,Aaron Williams,NJN,200306040SAS,"Jun 4, 2003",SAS,4,5,0,5,40.0,40.0,0.0,5,4,0,0,0,0,0,0,0,0,0,0,0,0,0,0,0,0,0,0,0,0,0,0
915,Rodney Rogers,NJN,200306040SAS,"Jun 4, 2003",SAS,11,10,0,10,50.0,55.0,-5.0,8,8,2,3,0,0,0,0,0,0,0,0,0,0,0,0,0,0,0,0,0,0,0,0
446,Lucious Harris,NJN,200306040SAS,"Jun 4, 2003",SAS,15,10,7,13,51.72,57.34,-5.62,7,4,2,3,2,3,0,0,1,3,0,0,0,0,0,0,0,0,0,0,0,0,1,2
2049,Speedy Claxton,SAS,200306040SAS,"Jun 4, 2003",NJN,2,3,0,3,33.33,33.33,0.0,3,2,0,0,0,0,0,0,0,0,0,0,0,0,0,0,0,0,0,0,0,0,0,0
87,Dikembe Mutombo,NJN,200306040SAS,"Jun 4, 2003",SAS,0,1,0,1,0.0,0.0,0.0,1,0,0,0,0,0,0,0,0,0,0,0,0,0,0,0,0,0,0,0,0,0,0,0
1533,Anthony Johnson,SAS,200306040SAS,"Jun 4, 2003",NJN,0,1,0,1,0.0,0.0,0.0,1,0,0,0,0,0,0,0,0,0,0,0,0,0,0,0,0,0,0,0,0,0,0,0
954,Kerry Kittles,NJN,200306060SAS,"Jun 6, 2003",SAS,8,7,2,8,44.44,50.76,-6.32,5,4,2,3,1,1,0,0,0,0,0,0,0,0,0,0,0,0,0,0,0,0,0,0
1495,Tim Duncan,SAS,200306060SAS,"Jun 6, 2003",NJN,19,19,10,24,38.78,40.6,-1.82,18,16,1,0,5,3,0,0,0,0,0,0,0,0,0,0,0,0,0,0,0,0,0,0
1477,Bruce Bowen,SAS,200306060SAS,"Jun 6, 2003",NJN,3,2,0,2,60.0,75.0,-15.0,1,0,1,3,0,0,0,0,0,0,0,0,0,0,0,0,0,0,0,0,0,0,0,0
2030,Kenyon Martin,NJN,200306060SAS,"Jun 6, 2003",SAS,14,16,2,17,41.18,41.47,-0.29,16,12,0,0,1,2,0,0,0,0,0,0,0,0,0,0,0,0,0,0,0,0,0,0
1536,Stephen Jackson,SAS,200306060SAS,"Jun 6, 2003",NJN,16,10,0,10,59.26,80.0,-20.74,3,4,7,12,0,0,0,0,0,0,0,0,0,0,0,0,0,0,0,0,0,0,0,0
2210,Richard Jefferson,NJN,200306060SAS,"Jun 6, 2003",SAS,8,10,2,11,36.36,36.76,-0.4,10,6,0,0,1,2,0,0,0,0,0,0,0,0,0,0,0,0,0,0,0,0,0,0
2215,Jason Collins,NJN,200306060SAS,"Jun 6, 2003",SAS,6,6,0,6,46.15,50.0,-3.85,5,6,1,0,0,0,0,0,0,0,0,0,0,0,0,0,0,0,0,0,0,0,0,0
2225,Tony Parker,SAS,200306060SAS,"Jun 6, 2003",NJN,21,17,4,19,52.5,55.97,-3.47,15,18,2,0,2,3,0,0,0,0,0,0,0,0,0,0,0,0,0,0,0,0,0,0
467,Jason Kidd,NJN,200306060SAS,"Jun 6, 2003",SAS,30,24,8,28,50.0,54.51,-4.51,20,18,4,6,1,1,0,0,0,0,0,0,0,0,0,0,0,0,0,0,0,0,3,5
764,David Robinson,SAS,200306060SAS,"Jun 6, 2003",NJN,10,6,6,9,55.56,57.87,-2.31,6,6,0,0,3,4,0,0,0,0,0,0,0,0,0,0,0,0,0,0,0,0,0,0
990,Malik Rose,SAS,200306060SAS,"Jun 6, 2003",NJN,7,4,1,5,77.78,78.83,-1.05,4,6,0,0,0,0,0,0,0,0,0,0,1,1,0,0,0,0,0,0,0,0,0,0
1938,Manu Ginobili,SAS,200306060SAS,"Jun 6, 2003",NJN,4,6,2,7,25.0,29.07,-4.07,4,2,2,0,1,2,0,0,0,0,0,0,0,0,0,0,0,0,0,0,0,0,0,0
446,Lucious Harris,NJN,200306060SAS,"Jun 6, 2003",SAS,10,8,0,8,58.82,62.5,-3.68,7,10,1,0,0,0,0,0,0,0,0,0,0,0,0,0,0,0,0,0,0,0,0,0
915,Rodney Rogers,NJN,200306060SAS,"Jun 6, 2003",SAS,7,8,2,9,33.33,39.41,-6.08,5,2,3,3,1,2,0,0,0,0,0,0,0,0,0,0,0,0,0,0,0,0,0,0
2049,Speedy Claxton,SAS,200306060SAS,"Jun 6, 2003",NJN,5,2,2,3,83.33,86.81,-3.48,2,4,0,0,1,1,0,0,0,0,0,0,0,0,0,0,0,0,0,0,0,0,0,0
87,Dikembe Mutombo,NJN,200306060SAS,"Jun 6, 2003",SAS,4,3,0,3,66.67,66.67,0.0,3,4,0,0,0,0,0,0,0,0,0,0,0,0,0,0,0,0,0,0,0,0,0,0
1533,Anthony Johnson,NJN,200306060SAS,"Jun 6, 2003",SAS,0,1,0,1,0.0,0.0,0.0,1,0,0,0,0,0,0,0,0,0,0,0,0,0,0,0,0,0,0,0,0,0,0,0
788,Kevin Willis,SAS,200306060SAS,"Jun 6, 2003",NJN,0,1,0,1,0.0,0.0,0.0,1,0,0,0,0,0,0,0,0,0,0,0,0,0,0,0,0,0,0,0,0,0,0,0
70,Steve Kerr,SAS,200306060SAS,"Jun 6, 2003",NJN,0,1,0,1,0.0,0.0,0.0,1,0,0,0,0,0,0,0,0,0,0,0,0,0,0,0,0,0,0,0,0,0,0,0
467,Jason Kidd,NJN,200306080NJN,"Jun 8, 2003",SAS,12,19,0,19,27.91,31.58,-3.67,14,12,5,0,0,0,0,0,0,0,0,0,0,0,0,0,0,0,0,0,0,0,0,0
764,David Robinson,SAS,200306080NJN,"Jun 8, 2003",NJN,8,5,8,9,44.44,46.95,-2.51,5,2,0,0,3,5,0,0,0,0,0,0,0,0,0,0,0,0,0,0,0,0,1,1
1495,Tim Duncan,SAS,200306080NJN,"Jun 8, 2003",NJN,21,13,12,19,55.26,57.44,-2.18,13,12,0,0,5,7,0,0,0,0,0,0,0,0,0,0,0,0,0,0,0,0,1,2
1536,Stephen Jackson,SAS,200306080NJN,"Jun 8, 2003",NJN,7,7,4,9,35.0,39.95,-4.95,5,2,2,3,1,2,0,0,0,0,0,0,0,0,0,0,0,0,0,0,0,0,1,0
1477,Bruce Bowen,SAS,200306080NJN,"Jun 8, 2003",NJN,0,5,0,5,0.0,0.0,0.0,3,0,2,0,0,0,0,0,0,0,0,0,0,0,0,0,0,0,0,0,0,0,0,0
2215,Jason Collins,NJN,200306080NJN,"Jun 8, 2003",SAS,0,3,0,3,0.0,0.0,0.0,3,0,0,0,0,0,0,0,0,0,0,0,0,0,0,0,0,0,0,0,0,0,0,0
954,Kerry Kittles,NJN,200306080NJN,"Jun 8, 2003",SAS,21,16,3,17,52.5,60.62,-8.12,10,8,5,9,1,1,0,0,1,3,0,0,0,0,0,0,0,0,0,0,0,0,0,0
2030,Kenyon Martin,NJN,200306080NJN,"Jun 8, 2003",SAS,23,18,8,22,51.11,53.44,-2.33,17,16,1,0,3,5,0,0,0,0,0,0,0,0,0,0,0,0,0,0,0,0,1,2
2210,Richard Jefferson,SAS,200306080NJN,"Jun 8, 2003",NJN,6,11,0,11,27.27,27.27,0.0,11,6,0,0,0,0,0,0,0,0,0,0,0,0,0,0,0,0,0,0,0,0,0,0
2225,Tony Parker,SAS,200306080NJN,"Jun 8, 2003",NJN,26,21,8,25,46.43,53.02,-6.59,15,10,6,12,3,4,0,0,0,0,0,0,0,0,0,0,0,0,0,0,0,0,1,0
990,Malik Rose,SAS,200306080NJN,"Jun 8, 2003",NJN,8,7,0,7,57.14,57.14,0.0,7,8,0,0,0,0,0,0,0,0,0,0,0,0,0,0,0,0,0,0,0,0,0,0
1938,Manu Ginobili,SAS,200306080NJN,"Jun 8, 2003",NJN,8,6,3,7,53.33,54.64,-1.31,5,4,0,0,0,0,0,0,1,3,0,0,0,0,0,0,0,0,0,0,0,0,1,1
446,Lucious Harris,NJN,200306080NJN,"Jun 8, 2003",SAS,7,6,4,8,38.89,45.1,-6.21,4,0,2,3,2,4,0,0,0,0,0,0,0,0,0,0,0,0,0,0,0,0,0,0
915,Rodney Rogers,NJN,200306080NJN,"Jun 8, 2003",SAS,2,3,2,4,25.0,25.77,-0.77,3,0,0,0,1,2,0,0,0,0,0,0,0,0,0,0,0,0,0,0,0,0,0,0
87,Dikembe Mutombo,NJN,200306080NJN,"Jun 8, 2003",SAS,2,1,0,1,100.0,100.0,0.0,1,2,0,0,0,0,0,0,0,0,0,0,0,0,0,0,0,0,0,0,0,0,0,0
1533,Anthony Johnson,NJN,200306080NJN,"Jun 8, 2003",SAS,4,2,0,2,100.0,100.0,0.0,2,4,0,0,0,0,0,0,0,0,0,0,0,0,0,0,0,0,0,0,0,0,0,0
2049,Speedy Claxton,SAS,200306080NJN,"Jun 8, 2003",NJN,4,2,0,2,100.0,100.0,0.0,2,4,0,0,0,0,0,0,0,0,0,0,0,0,0,0,0,0,0,0,0,0,0,0
788,Kevin Willis,SAS,200306080NJN,"Jun 8, 2003",NJN,2,1,0,1,100.0,100.0,0.0,1,2,0,0,0,0,0,0,0,0,0,0,0,0,0,0,0,0,0,0,0,0,0,0
1425,Aaron Williams,NJN,200306080NJN,"Jun 8, 2003",SAS,2,2,0,2,50.0,50.0,0.0,2,2,0,0,0,0,0,0,0,0,0,0,0,0,0,0,0,0,0,0,0,0,0,0
1536,Stephen Jackson,SAS,200306110NJN,"Jun 11, 2003",NJN,5,9,3,11,20.0,24.22,-4.22,5,0,4,3,1,2,0,0,0,0,0,0,1,0,0,0,0,0,0,0,0,0,0,0
1495,Tim Duncan,SAS,200306110NJN,"Jun 11, 2003",NJN,23,23,3,24,46.94,47.29,-0.35,22,18,0,0,1,2,0,0,1,3,0,0,0,0,0,0,0,0,0,0,0,0,0,0
2210,Richard Jefferson,NJN,200306110NJN,"Jun 11, 2003",SAS,18,15,4,16,52.94,53.7,-0.76,13,12,0,0,1,0,0,0,2,6,0,0,0,0,0,0,0,0,0,0,0,0,0,0
2030,Kenyon Martin,NJN,200306110NJN,"Jun 11, 2003",SAS,20,16,12,21,45.45,46.99,-1.54,14,10,0,0,5,6,0,0,2,4,0,0,0,0,0,0,0,0,0,0,0,0,0,0
2225,Tony Parker,SAS,200306110NJN,"Jun 11, 2003",NJN,3,12,2,13,10.71,11.65,-0.94,10,2,2,0,0,0,0,0,0,0,0,0,0,0,0,0,0,0,0,0,0,0,1,1
467,Jason Kidd,NJN,200306110NJN,"Jun 11, 2003",SAS,16,18,6,21,34.78,38.76,-3.98,13,8,4,0,0,0,0,0,1,3,0,0,1,1,0,0,0,0,0,0,0,0,2,4
764,David Robinson,SAS,200306110NJN,"Jun 11, 2003",NJN,14,5,7,8,82.35,86.63,-4.28,4,6,0,0,3,6,0,0,1,2,0,0,0,0,0,0,0,0,0,0,0,0,0,0
87,Dikembe Mutombo,NJN,200306110NJN,"Jun 11, 2003",SAS,4,3,2,4,50.0,51.55,-1.55,3,2,0,0,1,2,0,0,0,0,0,0,0,0,0,0,0,0,0,0,0,0,0,0
954,Kerry Kittles,NJN,200306110NJN,"Jun 11, 2003",SAS,4,10,0,10,16.67,20.0,-3.33,6,4,4,0,0,0,0,0,0,0,0,0,0,0,0,0,0,0,0,0,0,0,0,0
990,Malik Rose,SAS,200306110NJN,"Jun 11, 2003",NJN,0,9,0,9,0.0,0.0,0.0,8,0,1,0,0,0,0,0,0,0,0,0,0,0,0,0,0,0,0,0,0,0,0,0
1938,Manu Ginobili,SAS,200306110NJN,"Jun 11, 2003",NJN,10,10,3,12,34.48,44.17,-9.69,4,2,6,6,1,2,0,0,0,0,0,0,1,0,0,0,0,0,0,0,0,0,0,0
446,Lucious Harris,NJN,200306110NJN,"Jun 11, 2003",SAS,0,4,0,4,0.0,0.0,0.0,4,0,0,0,0,0,0,0,0,0,0,0,0,0,0,0,0,0,0,0,0,0,0,0
2049,Speedy Claxton,SAS,200306110NJN,"Jun 11, 2003",NJN,10,6,4,8,62.5,64.43,-1.93,6,6,0,0,2,4,0,0,0,0,0,0,0,0,0,0,0,0,0,0,0,0,0,0
1477,Bruce Bowen,SAS,200306110NJN,"Jun 11, 2003",NJN,5,9,0,9,21.74,27.78,-6.04,4,2,5,3,0,0,0,0,0,0,0,0,0,0,0,0,0,0,0,0,0,0,0,0
915,Rodney Rogers,SAS,200306110NJN,"Jun 11, 2003",NJN,4,5,0,5,40.0,40.0,0.0,5,4,0,0,0,0,0,0,0,0,0,0,0,0,0,0,0,0,0,0,0,0,0,0
1533,Anthony Johnson,NJN,200306110NJN,"Jun 11, 2003",SAS,3,1,0,1,100.0,150.0,-50.0,0,0,1,3,0,0,0,0,0,0,0,0,0,0,0,0,0,0,0,0,0,0,0,0
1425,Aaron Williams,NJN,200306110NJN,"Jun 11, 2003",SAS,8,6,5,8,47.06,48.78,-1.72,5,2,0,0,2,3,0,0,1,3,0,0,0,0,0,0,0,0,0,0,0,0,0,0
788,Kevin Willis,SAS,200306110NJN,"Jun 11, 2003",NJN,6,7,2,8,37.5,38.07,-0.57,7,4,0,0,1,2,0,0,0,0,0,0,0,0,0,0,0,0,0,0,0,0,0,0
1536,Stephen Jackson,SAS,200306130NJN,"Jun 13, 2003",NJN,5,7,0,7,27.78,35.71,-7.93,3,2,4,3,0,0,0,0,0,0,0,0,0,0,0,0,0,0,0,0,0,0,0,0
2030,Kenyon Martin,NJN,200306130NJN,"Jun 13, 2003",SAS,4,8,0,8,23.53,25.0,-1.47,7,4,1,0,0,0,0,0,0,0,0,0,0,0,0,0,0,0,0,0,0,0,0,0
764,David Robinson,SAS,200306130NJN,"Jun 13, 2003",NJN,6,4,2,5,60.0,61.48,-1.48,4,4,0,0,1,2,0,0,0,0,0,0,0,0,0,0,0,0,0,0,0,0,0,0
2210,Richard Jefferson,NJN,200306130NJN,"Jun 13, 2003",SAS,19,11,11,16,57.58,59.97,-2.39,9,6,0,0,2,4,0,0,2,5,0,0,0,0,0,0,1,1,0,0,0,0,2,3
467,Jason Kidd,NJN,200306130NJN,"Jun 13, 2003",SAS,29,23,6,26,46.77,56.55,-9.78,13,12,10,12,3,5,0,0,0,0,0,0,0,0,0,0,0,0,0,0,0,0,0,0
1495,Tim Duncan,SAS,200306130NJN,"Jun 13, 2003",NJN,29,18,10,23,63.04,64.73,-1.69,18,20,0,0,4,7,0,0,0,0,0,0,0,0,0,0,0,0,0,0,0,0,1,2
2215,Jason Collins,NJN,200306130NJN,"Jun 13, 2003",SAS,7,3,6,6,58.33,62.06,-3.73,3,2,0,0,2,4,0,0,0,0,0,0,0,0,0,0,0,0,0,0,0,0,1,1
954,Kerry Kittles,NJN,200306130NJN,"Jun 13, 2003",SAS,8,9,2,10,34.78,40.49,-5.71,6,6,3,0,1,2,0,0,0,0,0,0,0,0,0,0,0,0,0,0,0,0,0,0
2225,Tony Parker,NJN,200306130NJN,"Jun 13, 2003",SAS,14,13,5,16,42.42,46.05,-3.63,11,8,2,3,0,0,0,0,0,0,0,0,1,0,1,2,0,0,0,0,0,0,1,1
87,Dikembe Mutombo,NJN,200306130NJN,"Jun 13, 2003",SAS,0,1,0,1,0.0,0.0,0.0,1,0,0,0,0,0,0,0,0,0,0,0,0,0,0,0,0,0,0,0,0,0,0,0
1938,Manu Ginobili,SAS,200306130NJN,"Jun 13, 2003",NJN,12,8,4,10,60.0,61.48,-1.48,8,8,0,0,1,2,0,0,0,0,0,0,0,0,0,0,0,0,0,0,0,0,1,2
990,Malik Rose,SAS,200306130NJN,"Jun 13, 2003",NJN,14,9,2,11,70.0,70.85,-0.85,9,12,0,0,0,0,0,0,0,0,0,0,2,2,0,0,0,0,0,0,0,0,0,0
446,Lucious Harris,NJN,200306130NJN,"Jun 13, 2003",SAS,5,7,4,9,27.78,28.54,-0.76,7,2,0,0,1,1,0,0,0,0,0,0,0,0,0,0,0,0,0,0,0,0,1,2
1477,Bruce Bowen,NJN,200306130NJN,"Jun 13, 2003",SAS,4,4,2,5,33.33,40.98,-7.65,2,2,2,0,1,2,0,0,0,0,0,0,0,0,0,0,0,0,0,0,0,0,0,0
2049,Speedy Claxton,SAS,200306130NJN,"Jun 13, 2003",NJN,3,4,2,5,30.0,30.74,-0.74,4,2,0,0,1,1,0,0,0,0,0,0,0,0,0,0,0,0,0,0,0,0,0,0
1425,Aaron Williams,NJN,200306130NJN,"Jun 13, 2003",SAS,10,9,3,10,47.62,48.45,-0.83,8,6,0,0,1,2,0,0,1,2,0,0,0,0,0,0,0,0,0,0,0,0,0,0
915,Rodney Rogers,NJN,200306130NJN,"Jun 13, 2003",SAS,1,3,2,4,10.0,12.89,-2.89,1,0,2,0,1,1,0,0,0,0,0,0,0,0,0,0,0,0,0,0,0,0,0,0
70,Steve Kerr,SAS,200306130NJN,"Jun 13, 2003",NJN,6,2,2,3,85.71,104.17,-18.46,1,2,1,3,0,0,0,0,0,0,0,0,0,0,0,0,0,0,0,0,0,0,1,1
2030,Kenyon Martin,NJN,200306150SAS,"Jun 15, 2003",SAS,6,23,0,23,12.5,13.04,-0.54,21,6,2,0,0,0,0,0,0,0,0,0,0,0,0,0,0,0,0,0,0,0,0,0
2210,Richard Jefferson,NJN,200306150SAS,"Jun 15, 2003",SAS,13,15,1,15,40.62,42.1,-1.48,13,10,1,0,0,0,0,0,1,3,0,0,0,0,0,0,0,0,0,0,0,0,0,0
1536,Stephen Jackson,SAS,200306150SAS,"Jun 15, 2003",NJN,17,13,0,13,51.52,65.38,-13.86,6,8,7,9,0,0,0,0,0,0,0,0,0,0,0,0,0,0,0,0,0,0,0,0
467,Jason Kidd,NJN,200306150SAS,"Jun 15, 2003",SAS,21,20,2,21,41.18,50.29,-9.11,11,10,9,9,1,2,0,0,0,0,0,0,0,0,0,0,0,0,0,0,0,0,0,0
954,Kerry Kittles,NJN,200306150SAS,"Jun 15, 2003",SAS,16,12,4,14,47.06,58.14,-11.08,6,6,6,6,2,4,0,0,0,0,0,0,0,0,0,0,0,0,0,0,0,0,0,0
764,David Robinson,SAS,200306150SAS,"Jun 15, 2003",NJN,13,8,4,10,65.0,66.6,-1.6,8,12,0,0,1,1,0,0,0,0,0,0,0,0,0,0,0,0,0,0,0,0,1,0
1477,Bruce Bowen,SAS,200306150SAS,"Jun 15, 2003",NJN,2,7,0,7,12.5,14.29,-1.79,5,2,2,0,0,0,0,0,0,0,0,0,0,0,0,0,0,0,0,0,0,0,0,0
1495,Tim Duncan,SAS,200306150SAS,"Jun 15, 2003",NJN,21,19,5,21,47.73,49.53,-1.8,17,16,1,0,1,1,0,0,1,3,0,0,0,0,0,0,0,0,0,0,0,0,1,1
2215,Jason Collins,NJN,200306150SAS,"Jun 15, 2003",SAS,4,5,0,5,40.0,40.0,0.0,5,4,0,0,0,0,0,0,0,0,0,0,0,0,0,0,0,0,0,0,0,0,0,0
1938,Manu Ginobili,SAS,200306150SAS,"Jun 15, 2003",NJN,11,8,9,13,37.93,45.99,-8.06,4,4,4,0,2,3,0,0,0,0,0,0,0,0,0,0,0,0,0,0,0,0,3,4
2225,Tony Parker,SAS,200306150SAS,"Jun 15, 2003",NJN,4,6,0,6,33.33,33.33,0.0,6,4,0,0,0,0,0,0,0,0,0,0,0,0,0,0,0,0,0,0,0,0,0,0
990,Malik Rose,SAS,200306150SAS,"Jun 15, 2003",NJN,5,3,3,5,55.56,57.87,-2.31,3,2,0,0,1,2,0,0,0,0,0,0,1,1,0,0,0,0,0,0,0,0,0,0
446,Lucious Harris,NJN,200306150SAS,"Jun 15, 2003",SAS,2,1,4,3,28.57,36.23,-7.66,0,0,1,0,2,2,0,0,0,0,0,0,0,0,0,0,0,0,0,0,0,0,0,0
1425,Aaron Williams,NJN,200306150SAS,"Jun 15, 2003",SAS,4,4,0,4,50.0,50.0,0.0,4,4,0,0,0,0,0,0,0,0,0,0,0,0,0,0,0,0,0,0,0,0,0,0
1533,Anthony Johnson,NJN,200306150SAS,"Jun 15, 2003",SAS,4,4,0,4,44.44,50.0,-5.56,3,4,1,0,0,0,0,0,0,0,0,0,0,0,0,0,0,0,0,0,0,0,0,0
2049,Speedy Claxton,SAS,200306150SAS,"Jun 15, 2003",NJN,13,8,4,10,65.0,66.6,-1.6,8,10,0,0,0,0,0,0,0,0,0,0,0,0,0,0,0,0,0,0,0,0,2,3
70,Steve Kerr,NJN,200306150SAS,"Jun 15, 2003",SAS,2,1,0,1,100.0,100.0,0.0,1,2,0,0,0,0,0,0,0,0,0,0,0,0,0,0,0,0,0,0,0,0,0,0
87,Dikembe Mutombo,NJN,200306150SAS,"Jun 15, 2003",SAS,4,1,2,2,100.0,106.38,-6.38,1,2,0,0,0,0,0,0,0,0,0,0,0,0,0,0,0,0,0,0,0,0,1,2
915,Rodney Rogers,NJN,200306150SAS,"Jun 15, 2003",SAS,3,2,0,2,60.0,75.0,-15.0,1,0,1,3,0,0,0,0,0,0,0,0,0,0,0,0,0,0,0,0,0,0,0,0
120,Steven Smith,SAS,200306150SAS,"Jun 15, 2003",NJN,0,1,0,1,0.0,0.0,0.0,0,0,1,0,0,0,0,0,0,0,0,0,0,0,0,0,0,0,0,0,0,0,0,0
