player_id,player_name,team_abbr,game_id,game_date,opponent,pts,fga,fta,scoring_poss,pure_ts_pct,standard_ts_pct,delta_pp,C1a_events,C1a_pts,C1b_events,C1b_pts,C2_events,C2_pts,C3_events,C3_pts,C4_events,C4_pts,C5_events,C5_pts,C6a_events,C6a_pts,C6b_events,C6b_pts,C6c_events,C6c_pts,C6d_events,C6d_pts,C6e_events,C6e_pts,C6f_events,C6f_pts
1630596,Evan Mobley,CLE,202604180CLE,"Apr 18, 2026",TOR,17,9,6,12,65.38,73.02,-7.64,7,10,2,3,3,4,0,0,0,0,0,0,0,0,0,0,0,0,0,0,0,0,0,0
1627742,Brandon Ingram,TOR,202604180CLE,"Apr 18, 2026",CLE,17,9,10,14,58.62,63.43,-4.81,8,10,1,0,3,5,0,0,0,0,0,0,0,0,0,0,0,0,0,0,0,0,2,2
1628378,Donovan Mitchell,CLE,202604180CLE,"Apr 18, 2026",TOR,32,20,7,23,59.26,69.32,-10.06,13,14,7,12,2,4,1,2,0,0,0,0,0,0,0,0,0,0,0,0,0,0,0,0
1630567,Scottie Barnes,TOR,202604180CLE,"Apr 18, 2026",CLE,21,14,9,18,51.22,58.46,-7.24,9,4,4,9,2,3,0,0,1,3,0,0,0,0,0,0,0,0,0,0,0,0,2,2
1628386,Jarrett Allen,CLE,202604180CLE,"Apr 18, 2026",TOR,10,7,2,8,62.5,63.45,-0.95,7,10,0,0,1,0,0,0,0,0,0,0,0,0,0,0,0,0,0,0,0,0,0,0
1629628,RJ Barrett,TOR,202604180CLE,"Apr 18, 2026",CLE,24,13,9,17,58.54,70.75,-12.21,6,6,6,9,4,6,0,0,1,3,0,0,0,0,0,0,0,0,0,0,0,0,0,0
1627751,Jakob Poeltl,TOR,202604180CLE,"Apr 18, 2026",CLE,4,2,2,3,66.67,69.44,-2.77,2,2,0,0,1,2,0,0,0,0,0,0,0,0,0,0,0,0,0,0,0,0,0,0
1629731,Dean Wade,CLE,202604180CLE,"Apr 18, 2026",TOR,5,3,0,3,62.5,83.33,-20.83,1,2,2,3,0,0,0,0,0,0,0,0,0,0,0,0,0,0,0,0,0,0,0,0
1642347,Jamal Shead,TOR,202604180CLE,"Apr 18, 2026",CLE,17,11,1,11,58.62,74.3,-15.68,4,0,6,15,0,0,0,0,1,2,0,0,0,0,0,0,0,0,0,0,0,0,0,0
201935,James Harden,CLE,202604180CLE,"Apr 18, 2026",TOR,22,18,2,19,48.89,58.26,-9.37,11,8,7,12,1,2,0,0,0,0,0,0,0,0,0,0,0,0,0,0,0,0,0,0
1642266,Ja'Kobe Walter,TOR,202604180CLE,"Apr 18, 2026",CLE,7,5,2,6,43.75,59.52,-15.77,1,2,4,3,0,0,0,0,0,0,0,0,0,0,0,0,0,0,0,0,0,0,1,2
1630241,Sam Merrill,CLE,202604180CLE,"Apr 18, 2026",TOR,7,4,4,6,46.67,60.76,-14.09,1,0,3,3,0,0,0,0,0,0,0,0,0,0,0,0,0,0,0,0,0,0,2,4
1642867,Collin Murray-Boyles,TOR,202604180CLE,"Apr 18, 2026",CLE,14,8,0,8,82.35,87.5,-5.15,7,14,1,0,0,0,0,0,0,0,0,0,0,0,0,0,0,0,0,0,0,0,0,0
1629622,Max Strus,CLE,202604180CLE,"Apr 18, 2026",TOR,24,10,4,12,80.0,102.04,-22.04,4,8,6,12,1,2,0,0,0,0,0,0,0,0,0,0,0,0,0,0,0,0,1,2
1630572,Sandro Mamukelashvili,TOR,202604180CLE,"Apr 18, 2026",CLE,3,3,0,3,37.5,50.0,-12.5,1,0,2,3,0,0,0,0,0,0,0,0,0,0,0,0,0,0,0,0,0,0,0,0
1642281,Jaylon Tyson,CLE,202604180CLE,"Apr 18, 2026",TOR,2,4,2,5,16.67,20.49,-3.82,2,0,2,0,1,2,0,0,0,0,0,0,0,0,0,0,0,0,0,0,0,0,0,0
1631165,Keon Ellis,CLE,202604180CLE,"Apr 18, 2026",TOR,3,1,1,1,75.0,104.17,-29.17,0,0,0,0,0,0,0,0,0,0,1,3,0,0,0,0,0,0,0,0,0,0,0,0
203471,Dennis Schröder,CLE,202604180CLE,"Apr 18, 2026",TOR,2,4,0,4,20.0,25.0,-5.0,2,2,2,0,0,0,0,0,0,0,0,0,0,0,0,0,0,0,0,0,0,0,0,0
1630639,A.J. Lawson,TOR,202604180CLE,"Apr 18, 2026",CLE,2,4,0,4,20.0,25.0,-5.0,2,2,2,0,0,0,0,0,0,0,0,0,0,0,0,0,0,0,0,0,0,0,0,0
1642419,Jamison Battle,TOR,202604180CLE,"Apr 18, 2026",CLE,0,1,0,1,0.0,0.0,0.0,0,0,1,0,0,0,0,0,0,0,0,0,0,0,0,0,0,0,0,0,0,0,0,0
1642367,Jonathan Mogbo,TOR,202604180CLE,"Apr 18, 2026",CLE,2,1,0,1,100.0,100.0,0.0,1,2,0,0,0,0,0,0,0,0,0,0,0,0,0,0,0,0,0,0,0,0,0,0
1641772,Nae'Qwan Tomlin,CLE,202604180CLE,"Apr 18, 2026",TOR,2,1,0,1,100.0,100.0,0.0,1,2,0,0,0,0,0,0,0,0,0,0,0,0,0,0,0,0,0,0,0,0,0,0
1631218,Trayce Jackson-Davis,TOR,202604180CLE,"Apr 18, 2026",CLE,2,0,2,1,100.0,113.64,-13.64,0,0,0,0,1,2,0,0,0,0,0,0,0,0,0,0,0,0,0,0,0,0,0,0
1630183,Jaden McDaniels,MIN,202604180DEN,"Apr 18, 2026",DEN,16,14,4,16,44.44,50.76,-6.32,10,12,4,0,2,4,0,0,0,0,0,0,0,0,0,0,0,0,0,0,0,0,0,0
1631128,Christian Braun,DEN,202604180DEN,"Apr 18, 2026",MIN,12,10,2,11,48.0,55.15,-7.15,7,4,3,6,1,2,0,0,0,0,0,0,0,0,0,0,0,0,0,0,0,0,0,0
203932,Aaron Gordon,DEN,202604180DEN,"Apr 18, 2026",MIN,17,10,8,14,51.52,62.87,-11.35,5,8,5,3,3,5,0,0,0,0,0,0,0,0,0,0,0,0,0,0,0,0,1,1
1628978,Donte DiVincenzo,DEN,202604180DEN,"Apr 18, 2026",MIN,12,9,0,9,48.0,66.67,-18.67,2,0,7,12,0,0,0,0,0,0,0,0,0,0,0,0,0,0,0,0,0,0,0,0
1630162,Anthony Edwards,MIN,202604180DEN,"Apr 18, 2026",DEN,22,19,7,22,40.74,49.82,-9.08,9,8,9,6,3,6,0,0,1,2,0,0,0,0,0,0,0,0,0,0,0,0,0,0
1629661,Cameron Johnson,DEN,202604180DEN,"Apr 18, 2026",MIN,12,12,0,12,38.71,50.0,-11.29,5,6,7,6,0,0,0,0,0,0,0,0,0,0,0,0,0,0,0,0,0,0,0,0
203944,Julius Randle,DEN,202604180DEN,"Apr 18, 2026",MIN,16,16,2,17,43.24,47.39,-4.15,13,14,3,0,1,2,0,0,0,0,0,0,0,0,0,0,0,0,0,0,0,0,0,0
1627750,Jamal Murray,DEN,202604180DEN,"Apr 18, 2026",MIN,30,22,16,30,44.12,51.65,-7.53,13,12,8,0,3,6,0,0,1,3,0,0,1,1,1,3,0,0,0,0,1,1,2,4
203497,Rudy Gobert,MIN,202604180DEN,"Apr 18, 2026",DEN,17,9,5,11,73.91,75.89,-1.98,8,14,0,0,2,1,0,0,1,2,0,0,0,0,0,0,0,0,0,0,0,0,0,0
203999,Nikola Jokić,DEN,202604180DEN,"Apr 18, 2026",MIN,25,19,1,19,54.35,64.3,-9.95,11,16,7,6,0,0,0,0,1,3,0,0,0,0,0,0,0,0,0,0,0,0,0,0
1629675,Naz Reid,MIN,202604180DEN,"Apr 18, 2026",DEN,5,6,0,6,35.71,41.67,-5.96,4,2,2,3,0,0,0,0,0,0,0,0,0,0,0,0,0,0,0,0,0,0,0,0
203501,Tim Hardaway Jr.,DEN,202604180DEN,"Apr 18, 2026",MIN,7,6,2,7,41.18,50.87,-9.69,3,2,3,3,0,0,0,0,0,0,0,0,0,0,0,0,0,0,0,0,0,0,1,2
1630245,Ayo Dosunmu,MIN,202604180DEN,"Apr 18, 2026",DEN,14,10,1,11,50.0,67.05,-17.05,3,4,7,9,0,0,0,0,0,0,0,0,1,1,0,0,0,0,0,0,0,0,0,0
201144,Mike Conley,MIN,202604180DEN,"Apr 18, 2026",DEN,3,1,0,1,100.0,150.0,-50.0,0,0,1,3,0,0,0,0,0,0,0,0,0,0,0,0,0,0,0,0,0,0,0,0
1630538,Bones Hyland,MIN,202604180DEN,"Apr 18, 2026",DEN,0,3,0,3,0.0,0.0,0.0,2,0,1,0,0,0,0,0,0,0,0,0,0,0,0,0,0,0,0,0,0,0,0,0
1628971,Bruce Brown,DEN,202604180DEN,"Apr 18, 2026",MIN,8,7,1,7,47.06,53.76,-6.7,4,2,2,3,0,0,0,0,1,3,0,0,0,0,0,0,0,0,0,0,0,0,0,0
1642461,Spencer Jones,DEN,202604180DEN,"Apr 18, 2026",MIN,5,1,3,2,83.33,107.76,-24.43,0,0,1,3,0,0,1,2,0,0,0,0,0,0,0,0,0,0,0,0,0,0,0,0
1628969,Mikal Bridges,NYK,202604180NYK,"Apr 18, 2026",ATL,11,9,0,9,50.0,61.11,-11.11,5,8,4,3,0,0,0,0,0,0,0,0,0,0,0,0,0,0,0,0,0,0,0,0
1630168,Onyeka Okongwu,ATL,202604180NYK,"Apr 18, 2026",NYK,19,9,4,11,67.86,88.29,-20.43,3,4,6,12,2,3,0,0,0,0,0,0,0,0,0,0,0,0,0,0,0,0,0,0
1630552,Jalen Johnson,ATL,202604180NYK,"Apr 18, 2026",NYK,23,19,4,21,46.94,55.39,-8.45,12,10,7,9,2,4,0,0,0,0,0,0,0,0,0,0,0,0,0,0,0,0,0,0
1628404,Josh Hart,NYK,202604180NYK,"Apr 18, 2026",ATL,11,8,4,10,52.38,56.35,-3.97,7,8,1,0,0,0,0,0,0,0,0,0,0,0,0,0,0,0,0,0,0,0,2,3
1628973,Jalen Brunson,NYK,202604180NYK,"Apr 18, 2026",ATL,28,22,8,26,50.0,54.86,-4.86,18,12,4,9,2,3,0,0,0,0,0,0,0,0,0,0,0,0,0,0,0,0,2,4
1630700,Dyson Daniels,ATL,202604180NYK,"Apr 18, 2026",NYK,4,7,0,7,25.0,28.57,-3.57,5,4,2,0,0,0,0,0,0,0,0,0,0,0,0,0,0,0,0,0,0,0,0,0
1629638,Nickeil Alexander-Walker,ATL,202604180NYK,"Apr 18, 2026",NYK,17,17,4,19,36.96,45.31,-8.35,9,6,8,9,1,2,0,0,0,0,0,0,0,0,0,0,0,0,0,0,0,0,1,0
1628384,OG Anunoby,NYK,202604180NYK,"Apr 18, 2026",ATL,18,9,4,11,72.0,83.64,-11.64,6,8,3,6,2,4,0,0,0,0,0,0,0,0,0,0,0,0,0,0,0,0,0,0
203468,CJ McCollum,ATL,202604180NYK,"Apr 18, 2026",NYK,26,20,2,21,50.98,62.26,-11.28,11,14,9,12,1,0,0,0,0,0,0,0,0,0,0,0,0,0,0,0,0,0,0,0
1626157,Karl-Anthony Towns,NYK,202604180NYK,"Apr 18, 2026",ATL,25,13,10,18,62.5,71.84,-9.34,8,4,4,9,4,8,0,0,1,3,0,0,1,1,0,0,0,0,0,0,0,0,0,0
1629216,Gabe Vincent,ATL,202604180NYK,"Apr 18, 2026",NYK,2,2,0,2,40.0,50.0,-10.0,1,2,1,0,0,0,0,0,0,0,0,0,0,0,0,0,0,0,0,0,0,0,0,0
1630228,Jonathan Kuminga,ATL,202604180NYK,"Apr 18, 2026",NYK,8,7,3,8,42.11,48.08,-5.97,4,4,2,0,1,1,0,0,1,3,0,0,0,0,0,0,0,0,0,0,0,0,0,0
1629011,Mitchell Robinson,NYK,202604180NYK,"Apr 18, 2026",ATL,3,1,4,3,50.0,54.35,-4.35,1,2,0,0,0,0,0,0,0,0,0,0,0,0,0,0,0,0,0,0,0,0,2,1
1630540,Miles McBride,NYK,202604180NYK,"Apr 18, 2026",ATL,6,6,0,6,37.5,50.0,-12.5,2,0,4,6,0,0,0,0,0,0,0,0,0,0,0,0,0,0,0,0,0,0,0,0
1629013,Landry Shamet,NYK,202604180NYK,"Apr 18, 2026",ATL,3,6,0,6,17.65,25.0,-7.35,1,0,5,3,0,0,0,0,0,0,0,0,0,0,0,0,0,0,0,0,0,0,0,0
1631243,Mouhamed Gueye,ATL,202604180NYK,"Apr 18, 2026",NYK,3,3,2,4,30.0,38.66,-8.66,1,2,2,0,0,0,0,0,0,0,0,0,0,0,0,0,0,0,0,0,0,0,1,1
1642258,Zaccharie Risacher,ATL,202604180NYK,"Apr 18, 2026",NYK,0,3,0,3,0.0,0.0,0.0,3,0,0,0,0,0,0,0,0,0,0,0,0,0,0,0,0,0,0,0,0,0,0,0
203903,Jordan Clarkson,ATL,202604180NYK,"Apr 18, 2026",NYK,8,6,0,6,66.67,66.67,0.0,6,8,0,0,0,0,0,0,0,0,0,0,0,0,0,0,0,0,0,0,0,0,0,0
203935,Marcus Smart,LAL,202604180LAL,"Apr 18, 2026",HOU,15,12,8,16,40.54,48.32,-7.78,7,8,5,3,3,3,0,0,0,0,0,0,0,0,0,0,0,0,0,0,0,0,1,1
1629006,Josh Okogie,HOU,202604180LAL,"Apr 18, 2026",LAL,7,4,2,5,58.33,71.72,-13.39,2,2,2,3,1,2,0,0,0,0,0,0,0,0,0,0,0,0,0,0,0,0,0,0
1629028,Deandre Ayton,LAL,202604180LAL,"Apr 18, 2026",HOU,19,10,3,11,82.61,83.92,-1.31,9,14,0,0,1,2,0,0,1,3,0,0,0,0,0,0,0,0,0,0,0,0,0,0
1641708,Amen Thompson,HOU,202604180LAL,"Apr 18, 2026",LAL,17,18,6,21,39.53,41.18,-1.65,17,14,1,0,3,3,0,0,0,0,0,0,0,0,0,0,0,0,0,0,0,0,0,0
1628379,Luke Kennard,LAL,202604180LAL,"Apr 18, 2026",HOU,27,13,6,18,72.97,86.32,-13.35,8,8,5,15,0,0,0,0,0,0,0,0,2,1,0,0,0,0,0,0,0,0,3,3
1629060,Rui Hachimura,LAL,202604180LAL,"Apr 18, 2026",HOU,14,10,0,10,58.33,70.0,-11.67,6,8,4,6,0,0,0,0,0,0,0,0,0,0,0,0,0,0,0,0,0,0,0,0
1642263,Reed Sheppard,HOU,202604180LAL,"Apr 18, 2026",LAL,17,20,0,20,31.48,42.5,-11.02,6,2,14,15,0,0,0,0,0,0,0,0,0,0,0,0,0,0,0,0,0,0,0,0
1631095,Jabari Smith Jr.,HOU,202604180LAL,"Apr 18, 2026",LAL,16,14,5,16,38.1,49.38,-11.28,5,4,9,9,1,1,1,2,0,0,0,0,0,0,0,0,0,0,0,0,0,0,0,0
2544,LeBron James,HOU,202604180LAL,"Apr 18, 2026",LAL,19,15,2,16,55.88,59.82,-3.94,13,16,2,3,1,0,0,0,0,0,0,0,0,0,0,0,0,0,0,0,0,0,0,0
1630578,Alperen Sengun,HOU,202604180LAL,"Apr 18, 2026",LAL,19,19,9,23,38.78,41.38,-2.6,16,10,2,0,2,3,0,0,1,3,0,0,0,0,0,0,0,0,0,0,0,0,2,3
203991,Clint Capela,HOU,202604180LAL,"Apr 18, 2026",LAL,2,2,0,2,50.0,50.0,0.0,2,2,0,0,0,0,0,0,0,0,0,0,0,0,0,0,0,0,0,0,0,0,0,0
1631222,Jake LaRavia,LAL,202604180LAL,"Apr 18, 2026",HOU,6,3,4,5,54.55,63.03,-8.48,2,2,1,0,0,0,0,0,0,0,0,0,0,0,0,0,0,0,0,0,0,0,2,4
1631106,Tari Eason,HOU,202604180LAL,"Apr 18, 2026",LAL,16,7,1,7,94.12,107.53,-13.41,4,8,2,6,0,0,0,0,1,2,0,0,0,0,0,0,0,0,0,0,0,0,0,0
1628988,Aaron Holiday,HOU,202604180LAL,"Apr 18, 2026",LAL,0,4,0,4,0.0,0.0,0.0,2,0,2,0,0,0,0,0,0,0,0,0,0,0,0,0,0,0,0,0,0,0,0,0
1630256,Jae'Sean Tate,HOU,202604180LAL,"Apr 18, 2026",LAL,4,5,2,6,30.77,34.01,-3.24,4,2,1,0,1,2,0,0,0,0,0,0,0,0,0,0,0,0,0,0,0,0,0,0
1629637,Jaxson Hayes,LAL,202604180LAL,"Apr 18, 2026",HOU,4,1,3,2,80.0,86.21,-6.21,0,0,0,0,0,0,0,0,1,2,0,0,0,0,0,0,0,0,0,0,0,0,1,2
1629020,Jarred Vanderbilt,LAL,202604180LAL,"Apr 18, 2026",HOU,3,2,0,2,50.0,75.0,-25.0,0,0,2,3,0,0,0,0,0,0,0,0,0,0,0,0,0,0,0,0,0,0,0,0
202331,Paul George,PHI,202604190BOS,"Apr 19, 2026",BOS,17,8,9,11,62.96,71.07,-8.11,4,2,2,3,2,4,1,2,2,6,0,0,0,0,0,0,0,0,0,0,0,0,0,0
1628369,Jayson Tatum,BOS,202604190BOS,"Apr 19, 2026",PHI,25,17,6,20,53.19,63.65,-10.46,10,16,7,3,1,2,0,0,0,0,0,0,0,0,0,0,0,0,0,0,0,0,2,4
1641737,Adem Bona,BOS,202604190BOS,"Apr 19, 2026",PHI,3,3,2,4,37.5,38.66,-1.16,3,2,0,0,0,0,0,0,0,0,0,0,0,0,0,0,0,0,0,0,0,0,1,1
1629674,Neemias Queta,BOS,202604190BOS,"Apr 19, 2026",PHI,13,5,4,7,92.86,96.15,-3.29,5,10,0,0,2,3,0,0,0,0,0,0,0,0,0,0,0,0,0,0,0,0,0,0
1626162,Kelly Oubre Jr.,PHI,202604190BOS,"Apr 19, 2026",BOS,10,14,1,14,29.41,34.63,-5.22,8,8,5,0,0,0,0,0,1,2,0,0,0,0,0,0,0,0,0,0,0,0,0,0
1642845,VJ Edgecombe,PHI,202604190BOS,"Apr 19, 2026",BOS,13,16,1,16,34.21,39.54,-5.33,10,10,5,0,0,0,0,0,1,3,0,0,0,0,0,0,0,0,0,0,0,0,0,0
1630573,Sam Hauser,BOS,202604190BOS,"Apr 19, 2026",PHI,12,6,0,6,66.67,100.0,-33.33,0,0,6,12,0,0,0,0,0,0,0,0,0,0,0,0,0,0,0,0,0,0,0,0
1630178,Tyrese Maxey,PHI,202604190BOS,"Apr 19, 2026",BOS,21,20,5,21,42.86,47.3,-4.44,13,8,4,3,1,1,0,0,3,9,0,0,0,0,0,0,0,0,0,0,0,0,0,0
1627759,Jaylen Brown,BOS,202604190BOS,"Apr 19, 2026",PHI,26,21,2,22,56.52,59.41,-2.89,19,18,2,6,1,2,0,0,0,0,0,0,0,0,0,0,0,0,0,0,0,0,0,0
203083,Andre Drummond,PHI,202604190BOS,"Apr 19, 2026",BOS,2,2,0,2,40.0,50.0,-10.0,1,2,1,0,0,0,0,0,0,0,0,0,0,0,0,0,0,0,0,0,0,0,0,0
202696,Nikola Vučević,BOS,202604190BOS,"Apr 19, 2026",PHI,3,3,0,3,37.5,50.0,-12.5,1,0,2,3,0,0,0,0,0,0,0,0,0,0,0,0,0,0,0,0,0,0,0,0
1628401,Derrick White,BOS,202604190BOS,"Apr 19, 2026",PHI,10,10,1,10,35.71,47.89,-12.18,2,2,7,6,0,0,0,0,1,2,0,0,0,0,0,0,0,0,0,0,0,0,0,0
1631230,Dominick Barlow,PHI,202604190BOS,"Apr 19, 2026",BOS,4,6,2,7,28.57,29.07,-0.5,6,2,0,0,1,2,0,0,0,0,0,0,0,0,0,0,0,0,0,0,0,0,0,0
1629656,Quentin Grimes,PHI,202604190BOS,"Apr 19, 2026",BOS,7,6,0,6,50.0,58.33,-8.33,4,4,2,3,0,0,0,0,0,0,0,0,0,0,0,0,0,0,0,0,0,0,0,0
1630202,Payton Pritchard,BOS,202604190BOS,"Apr 19, 2026",PHI,12,12,3,14,33.33,45.05,-11.72,3,4,9,6,1,1,0,0,0,0,0,0,1,1,0,0,0,0,0,0,0,0,0,0
1641775,Jordan Walsh,BOS,202604190BOS,"Apr 19, 2026",PHI,5,5,2,6,33.33,42.52,-9.19,2,2,3,3,1,0,0,0,0,0,0,0,0,0,0,0,0,0,0,0,0,0,0,0
1642348,Justin Edwards,PHI,202604190BOS,"Apr 19, 2026",BOS,7,9,1,9,31.82,37.08,-5.26,5,2,3,3,0,0,0,0,1,2,0,0,0,0,0,0,0,0,0,0,0,0,0,0
1630568,Luka Garza,BOS,202604190BOS,"Apr 19, 2026",PHI,7,4,4,6,43.75,60.76,-17.01,0,0,4,3,2,4,0,0,0,0,0,0,0,0,0,0,0,0,0,0,0,0,0,0
1631248,Baylor Scheierman,BOS,202604190BOS,"Apr 19, 2026",PHI,5,5,0,5,38.46,50.0,-11.54,2,2,3,3,0,0,0,0,0,0,0,0,0,0,0,0,0,0,0,0,0,0,0,0
1630570,Trendon Watford,PHI,202604190BOS,"Apr 19, 2026",BOS,6,4,0,4,75.0,75.0,0.0,4,6,0,0,0,0,0,0,0,0,0,0,0,0,0,0,0,0,0,0,0,0,0,0
1631207,Dalen Terry,PHI,202604190BOS,"Apr 19, 2026",BOS,1,2,2,3,14.29,17.36,-3.07,1,0,1,0,1,1,0,0,0,0,0,0,0,0,0,0,0,0,0,0,0,0,0,0
1631199,Ron Harper Jr.,BOS,202604190BOS,"Apr 19, 2026",PHI,5,2,0,2,100.0,125.0,-25.0,1,2,1,3,0,0,0,0,0,0,0,0,0,0,0,0,0,0,0,0,0,0,0,0
1628415,Dillon Brooks,PHX,202604190OKC,"Apr 19, 2026",OKC,18,22,3,23,31.58,38.59,-7.01,12,6,9,6,0,0,0,0,0,0,1,4,0,0,0,0,0,0,0,0,0,0,1,2
1628392,Isaiah Hartenstein,OKC,202604190OKC,"Apr 19, 2026",PHX,8,4,0,4,100.0,100.0,0.0,4,8,0,0,0,0,0,0,0,0,0,0,0,0,0,0,0,0,0,0,0,0,0,0
1631119,Jaylin Williams,OKC,202604190OKC,"Apr 19, 2026",PHX,22,15,2,16,59.46,69.27,-9.81,10,14,5,6,1,2,0,0,0,0,0,0,0,0,0,0,0,0,0,0,0,0,0,0
1630692,Jordan Goodwin,PHX,202604190OKC,"Apr 19, 2026",OKC,2,4,0,4,18.18,25.0,-6.82,1,2,3,0,0,0,0,0,0,0,0,0,0,0,0,0,0,0,0,0,0,0,0,0
1642345,Oso Ighodaro,PHX,202604190OKC,"Apr 19, 2026",OKC,0,3,0,3,0.0,0.0,0.0,3,0,0,0,0,0,0,0,0,0,0,0,0,0,0,0,0,0,0,0,0,0,0,0
1631096,Chet Holmgren,OKC,202604190OKC,"Apr 19, 2026",PHX,16,10,4,12,53.33,68.03,-14.7,4,6,6,6,0,0,0,0,0,0,0,0,0,0,1,2,0,0,0,0,0,0,1,2
1626164,Devin Booker,PHX,202604190OKC,"Apr 19, 2026",OKC,23,17,7,20,50.0,57.27,-7.27,11,10,5,6,2,4,0,0,1,2,0,0,0,0,0,0,0,0,0,0,0,0,1,1
1629652,Luguentz Dort,OKC,202604190OKC,"Apr 19, 2026",PHX,8,8,0,8,36.36,50.0,-13.64,2,2,6,6,0,0,0,0,0,0,0,0,0,0,0,0,0,0,0,0,0,0,0,0
1628983,Shai Gilgeous-Alexander,OKC,202604190OKC,"Apr 19, 2026",PHX,25,18,17,26,43.86,49.06,-5.2,13,8,4,0,6,10,0,0,1,3,0,0,0,0,0,0,0,0,0,0,0,0,2,4
1630224,Jalen Green,PHX,202604190OKC,"Apr 19, 2026",OKC,17,16,4,18,39.53,47.86,-8.33,9,8,7,6,1,2,0,0,0,0,0,0,0,0,0,0,0,0,0,0,0,0,1,1
1631221,Collin Gillespie,PHX,202604190OKC,"Apr 19, 2026",OKC,8,6,0,6,50.0,66.67,-16.67,2,2,4,6,0,0,0,0,0,0,0,0,0,0,0,0,0,0,0,0,0,0,0,0
1627936,Alex Caruso,OKC,202604190OKC,"Apr 19, 2026",PHX,2,3,0,3,28.57,33.33,-4.76,2,2,1,0,0,0,0,0,0,0,0,0,0,0,0,0,0,0,0,0,0,0,0,0
1629312,Haywood Highsmith,PHX,202604190OKC,"Apr 19, 2026",OKC,0,2,0,2,0.0,0.0,0.0,0,0,2,0,0,0,0,0,0,0,0,0,0,0,0,0,0,0,0,0,0,0,0,0
1642349,Ajay Mitchell,OKC,202604190OKC,"Apr 19, 2026",PHX,9,7,0,7,50.0,64.29,-14.29,3,0,4,9,0,0,0,0,0,0,0,0,0,0,0,0,0,0,0,0,0,0,0,0
1642346,Ryan Dunn,PHX,202604190OKC,"Apr 19, 2026",OKC,0,3,0,3,0.0,0.0,0.0,0,0,3,0,0,0,0,0,0,0,0,0,0,0,0,0,0,0,0,0,0,0,0,0
1626220,Royce O'Neale,PHX,202604190OKC,"Apr 19, 2026",OKC,4,2,2,3,50.0,69.44,-19.44,0,0,2,3,0,0,0,0,0,0,0,0,0,0,1,1,0,0,0,0,0,0,0,0
1641717,Cason Wallace,OKC,202604190OKC,"Apr 19, 2026",PHX,6,5,0,5,50.0,60.0,-10.0,3,6,2,0,0,0,0,0,0,0,0,0,0,0,0,0,0,0,0,0,0,0,0,0
1630198,Isaiah Joe,OKC,202604190OKC,"Apr 19, 2026",PHX,9,8,0,8,37.5,56.25,-18.75,0,0,8,9,0,0,0,0,0,0,0,0,0,0,0,0,0,0,0,0,0,0,0,0
1642272,Jared McCain,OKC,202604190OKC,"Apr 19, 2026",PHX,5,5,0,5,38.46,50.0,-11.54,2,2,3,3,0,0,0,0,0,0,0,0,0,0,0,0,0,0,0,0,0,0,0,0
1642863,Khaman Maluach,PHX,202604190OKC,"Apr 19, 2026",OKC,0,2,0,2,0.0,0.0,0.0,2,0,0,0,0,0,0,0,0,0,0,0,0,0,0,0,0,0,0,0,0,0,0,0
1631123,Jamaree Bouyea,PHX,202604190OKC,"Apr 19, 2026",OKC,3,3,2,4,37.5,38.66,-1.16,3,2,0,0,0,0,0,0,0,0,0,0,0,0,0,0,0,0,0,0,0,0,1,1
1642853,Rasheer Fleming,PHX,202604190OKC,"Apr 19, 2026",OKC,9,3,0,3,100.0,150.0,-50.0,0,0,3,9,0,0,0,0,0,0,0,0,0,0,0,0,0,0,0,0,0,0,0,0
1630598,Aaron Wiggins,OKC,202604190OKC,"Apr 19, 2026",PHX,2,2,0,2,40.0,50.0,-10.0,1,2,1,0,0,0,0,0,0,0,0,0,0,0,0,0,0,0,0,0,0,0,0,0
1629026,Kenrich Williams,OKC,202604190OKC,"Apr 19, 2026",PHX,2,3,0,3,25.0,33.33,-8.33,1,2,2,0,0,0,0,0,0,0,0,0,0,0,0,0,0,0,0,0,0,0,0,0
1630595,Cade Cunningham,DET,202604190DET,"Apr 19, 2026",ORL,39,27,11,33,53.42,61.24,-7.82,19,20,8,9,4,8,0,0,0,0,0,0,1,1,0,0,0,0,0,0,0,0,1,1
1631094,Paolo Banchero,ORL,202604190DET,"Apr 19, 2026",DET,23,15,7,19,56.1,63.61,-7.51,11,12,4,6,3,5,0,0,0,0,0,0,1,0,0,0,0,0,0,0,0,0,0,0
1630591,Jalen Suggs,ORL,202604190DET,"Apr 19, 2026",DET,16,16,1,16,37.21,48.66,-11.45,5,4,10,9,0,0,0,0,1,3,0,0,0,0,0,0,0,0,0,0,0,0,0,0
1641709,Ausar Thompson,DET,202604190DET,"Apr 19, 2026",ORL,8,7,2,8,50.0,50.76,-0.76,7,6,0,0,1,2,0,0,0,0,0,0,0,0,0,0,0,0,0,0,0,0,0,0
1630217,Desmond Bane,ORL,202604190DET,"Apr 19, 2026",DET,17,20,2,21,34.0,40.71,-6.71,12,12,8,3,1,2,0,0,0,0,0,0,0,0,0,0,0,0,0,0,0,0,0,0
1629130,Duncan Robinson,DET,202604190DET,"Apr 19, 2026",ORL,9,8,0,8,40.91,56.25,-15.34,2,0,6,9,0,0,0,0,0,0,0,0,0,0,0,0,0,0,0,0,0,0,0,0
202699,Tobias Harris,DET,202604190DET,"Apr 19, 2026",ORL,17,15,7,19,38.64,47.01,-8.37,8,8,7,3,3,5,0,0,0,0,0,0,0,0,0,0,0,0,0,0,1,1,0,0
1630532,Franz Wagner,ORL,202604190DET,"Apr 19, 2026",DET,19,13,5,15,57.58,62.5,-4.92,10,10,2,3,2,3,0,0,1,3,0,0,0,0,0,0,0,0,0,0,0,0,0,0
1628976,Wendell Carter Jr.,ORL,202604190DET,"Apr 19, 2026",DET,17,9,0,9,85.0,94.44,-9.44,7,14,2,3,0,0,0,0,0,0,0,0,0,0,0,0,0,0,0,0,0,0,0,0
1641710,Anthony Black,ORL,202604190DET,"Apr 19, 2026",DET,7,7,2,8,35.0,44.42,-9.42,3,4,4,3,1,0,0,0,0,0,0,0,0,0,0,0,0,0,0,0,0,0,0,0
1641783,Tristan da Silva,ORL,202604190DET,"Apr 19, 2026",DET,7,6,0,6,46.67,58.33,-11.66,3,4,3,3,0,0,0,0,0,0,0,0,0,0,0,0,0,0,0,0,0,0,0,0
1628989,Kevin Huerter,DET,202604190DET,"Apr 19, 2026",ORL,3,3,0,3,37.5,50.0,-12.5,1,0,2,3,0,0,0,0,0,0,0,0,0,0,0,0,0,0,0,0,0,0,0,0
1630191,Isaiah Stewart,DET,202604190DET,"Apr 19, 2026",ORL,3,2,4,4,33.33,39.89,-6.56,1,0,1,0,1,1,0,0,0,0,0,0,0,0,0,0,0,0,0,0,0,0,1,2
1631105,Jalen Duren,DET,202604190DET,"Apr 19, 2026",ORL,8,4,4,6,66.67,69.44,-2.77,4,6,0,0,1,1,0,0,0,0,0,0,0,0,0,0,0,0,0,0,0,0,1,1
1627747,Caris LeVert,DET,202604190DET,"Apr 19, 2026",ORL,3,1,0,1,100.0,150.0,-50.0,0,0,1,3,0,0,0,0,0,0,0,0,0,0,0,0,0,0,0,0,0,0,0,0
1629048,Goga Bitadze,ORL,202604190DET,"Apr 19, 2026",DET,4,2,2,3,66.67,69.44,-2.77,2,2,0,0,0,0,0,0,0,0,0,0,0,0,0,0,0,0,0,0,0,0,1,2
1641842,Ronald Holland II,DET,202604190DET,"Apr 19, 2026",ORL,2,2,0,2,50.0,50.0,0.0,2,2,0,0,0,0,0,0,0,0,0,0,0,0,0,0,0,0,0,0,0,0,0,0
1642450,Daniss Jenkins,DET,202604190DET,"Apr 19, 2026",ORL,6,7,6,10,23.08,31.12,-8.04,1,0,6,3,3,3,0,0,0,0,0,0,0,0,0,0,0,0,0,0,0,0,0,0
1631288,Jamal Cain,DET,202604190DET,"Apr 19, 2026",ORL,2,2,0,2,40.0,50.0,-10.0,1,2,1,0,0,0,0,0,0,0,0,0,0,0,0,0,0,0,0,0,0,0,0,0
1629750,Javonte Green,DET,202604190DET,"Apr 19, 2026",ORL,3,1,4,3,42.86,54.35,-11.49,0,0,1,0,2,3,0,0,0,0,0,0,0,0,0,0,0,0,0,0,0,0,0,0
1641705,Victor Wembanyama,SAS,202604190SAS,"Apr 19, 2026",POR,35,21,5,23,66.04,75.43,-9.39,14,14,6,15,2,4,0,0,1,2,0,0,0,0,0,0,0,0,0,0,0,0,0,0
1630166,Deni Avdija,POR,202604190SAS,"Apr 19, 2026",SAS,30,21,6,24,56.6,63.45,-6.85,15,18,5,6,1,1,0,0,1,3,0,0,1,0,0,0,0,0,0,0,0,0,1,2
1642264,Stephon Castle,SAS,202604190SAS,"Apr 19, 2026",POR,17,13,8,17,43.59,51.45,-7.86,8,6,5,3,4,8,0,0,0,0,0,0,0,0,0,0,0,0,0,0,0,0,0,0
1642270,Donovan Clingan,SAS,202604190SAS,"Apr 19, 2026",POR,4,7,0,7,23.53,28.57,-5.04,4,4,3,0,0,0,0,0,0,0,0,0,0,0,0,0,0,0,0,0,0,0,0,0
201950,Jrue Holiday,POR,202604190SAS,"Apr 19, 2026",SAS,9,15,0,15,24.32,30.0,-5.68,8,6,7,3,0,0,0,0,0,0,0,0,0,0,0,0,0,0,0,0,0,0,0,0
1630170,Devin Vassell,SAS,202604190SAS,"Apr 19, 2026",POR,15,13,2,14,40.54,54.03,-13.49,4,2,9,12,1,1,0,0,0,0,0,0,0,0,0,0,0,0,0,0,0,0,0,0
1628368,De'Aaron Fox,SAS,202604190SAS,"Apr 19, 2026",POR,17,15,2,16,45.95,53.53,-7.58,10,10,5,6,1,1,0,0,0,0,0,0,0,0,0,0,0,0,0,0,0,0,0,0
1641739,Toumani Camara,POR,202604190SAS,"Apr 19, 2026",SAS,8,7,2,8,38.1,50.76,-12.66,2,0,5,6,1,2,0,0,0,0,0,0,0,0,0,0,0,0,0,0,0,0,0,0
1630577,Julian Champagnie,SAS,202604190SAS,"Apr 19, 2026",POR,6,3,0,3,66.67,100.0,-33.33,0,0,3,6,0,0,0,0,0,0,0,0,0,0,0,0,0,0,0,0,0,0,0,0
1630703,Scoot Henderson,POR,202604190SAS,"Apr 19, 2026",SAS,18,11,2,12,64.29,75.76,-11.47,7,10,4,6,1,2,0,0,0,0,0,0,0,0,0,0,0,0,0,0,0,0,0,0
203924,Jerami Grant,POR,202604190SAS,"Apr 19, 2026",SAS,5,6,0,6,33.33,41.67,-8.34,3,2,3,3,0,0,0,0,0,0,0,0,0,0,0,0,0,0,0,0,0,0,0,0
1629680,Matisse Thybulle,POR,202604190SAS,"Apr 19, 2026",SAS,3,3,0,3,33.33,50.0,-16.67,0,0,3,3,0,0,0,0,0,0,0,0,0,0,0,0,0,0,0,0,0,0,0,0
1629057,Robert Williams III,POR,202604190SAS,"Apr 19, 2026",SAS,11,7,0,7,64.71,78.57,-13.86,4,8,3,3,0,0,0,0,0,0,0,0,0,0,0,0,0,0,0,0,0,0,0,0
1642844,Dylan Harper,SAS,202604190SAS,"Apr 19, 2026",POR,6,7,0,7,37.5,42.86,-5.36,5,6,2,0,0,0,0,0,0,0,0,0,0,0,0,0,0,0,0,0,0,0,0,0
1629640,Keldon Johnson,SAS,202604190SAS,"Apr 19, 2026",POR,3,4,0,4,30.0,37.5,-7.5,2,0,2,3,0,0,0,0,0,0,0,0,0,0,0,0,0,0,0,0,0,0,0,0
1631101,Shaedon Sharpe,POR,202604190SAS,"Apr 19, 2026",SAS,10,13,2,14,31.25,36.02,-4.77,9,8,4,0,0,0,0,0,0,0,0,0,0,0,0,0,0,0,0,0,0,0,1,2
1628436,Luke Kornet,SAS,202604190SAS,"Apr 19, 2026",POR,10,6,0,6,83.33,83.33,0.0,6,10,0,0,0,0,0,0,0,0,0,0,0,0,0,0,0,0,0,0,0,0,0,0
203084,Harrison Barnes,SAS,202604190SAS,"Apr 19, 2026",POR,2,2,2,3,28.57,34.72,-6.15,1,0,1,0,1,2,0,0,0,0,0,0,0,0,0,0,0,0,0,0,0,0,0,0
1631321,Sidy Cissoko,POR,202604190SAS,"Apr 19, 2026",SAS,0,1,0,1,0.0,0.0,0.0,0,0,1,0,0,0,0,0,0,0,0,0,0,0,0,0,0,0,0,0,0,0,0,0
1628386,Jarrett Allen,CLE,202604200CLE,"Apr 20, 2026",TOR,10,6,4,8,62.5,64.43,-1.93,6,8,0,0,1,2,0,0,0,0,0,0,0,0,0,0,0,0,0,0,0,0,1,0
1627742,Brandon Ingram,TOR,202604200CLE,"Apr 20, 2026",CLE,7,15,0,15,21.21,23.33,-2.12,12,4,3,3,0,0,0,0,0,0,0,0,0,0,0,0,0,0,0,0,0,0,0,0
1627751,Jakob Poeltl,TOR,202604200CLE,"Apr 20, 2026",CLE,2,2,0,2,50.0,50.0,0.0,2,2,0,0,0,0,0,0,0,0,0,0,0,0,0,0,0,0,0,0,0,0,0,0
1629731,Dean Wade,TOR,202604200CLE,"Apr 20, 2026",CLE,3,3,0,3,33.33,50.0,-16.67,0,0,3,3,0,0,0,0,0,0,0,0,0,0,0,0,0,0,0,0,0,0,0,0
1630567,Scottie Barnes,TOR,202604200CLE,"Apr 20, 2026",CLE,26,19,4,20,56.52,62.62,-6.1,13,16,4,3,1,2,0,0,2,5,0,0,0,0,0,0,0,0,0,0,0,0,0,0
1628378,Donovan Mitchell,CLE,202604200CLE,"Apr 20, 2026",TOR,30,23,1,23,52.63,63.99,-11.36,12,16,10,12,0,0,0,0,1,2,0,0,0,0,0,0,0,0,0,0,0,0,0,0
201935,James Harden,CLE,202604200CLE,"Apr 20, 2026",TOR,28,14,10,18,60.87,76.09,-15.22,6,12,8,9,0,0,2,4,0,0,0,0,0,0,0,0,0,0,0,0,0,0,2,3
1642347,Jamal Shead,TOR,202604200CLE,"Apr 20, 2026",CLE,3,5,0,5,20.0,30.0,-10.0,0,0,5,3,0,0,0,0,0,0,0,0,0,0,0,0,0,0,0,0,0,0,0,0
1629628,RJ Barrett,TOR,202604200CLE,"Apr 20, 2026",CLE,22,13,2,14,75.86,79.25,-3.39,12,20,1,0,1,2,0,0,0,0,0,0,0,0,0,0,0,0,0,0,0,0,0,0
1642266,Ja'Kobe Walter,TOR,202604200CLE,"Apr 20, 2026",CLE,14,9,1,9,53.85,74.15,-20.3,1,2,7,9,0,0,0,0,1,3,0,0,0,0,0,0,0,0,0,0,0,0,0,0
1630241,Sam Merrill,CLE,202604200CLE,"Apr 20, 2026",TOR,5,6,1,6,27.78,38.82,-11.04,0,0,5,3,0,0,0,0,1,2,0,0,0,0,0,0,0,0,0,0,0,0,0,0
1630572,Sandro Mamukelashvili,TOR,202604200CLE,"Apr 20, 2026",CLE,12,8,2,9,57.14,67.57,-10.43,5,8,3,3,1,1,0,0,0,0,0,0,0,0,0,0,0,0,0,0,0,0,0,0
1642867,Collin Murray-Boyles,TOR,202604200CLE,"Apr 20, 2026",CLE,17,10,6,13,60.71,67.25,-6.54,8,12,2,0,3,5,0,0,0,0,0,0,0,0,0,0,0,0,0,0,0,0,0,0
1629622,Max Strus,CLE,202604200CLE,"Apr 20, 2026",TOR,6,5,0,5,42.86,60.0,-17.14,1,0,4,6,0,0,0,0,0,0,0,0,0,0,0,0,0,0,0,0,0,0,0,0
1630596,Evan Mobley,CLE,202604200CLE,"Apr 20, 2026",TOR,25,13,3,14,80.65,87.29,-6.64,10,18,2,3,0,0,0,0,1,3,0,0,0,0,0,0,0,0,0,0,0,0,1,1
203471,Dennis Schröder,CLE,202604200CLE,"Apr 20, 2026",TOR,5,5,3,6,33.33,39.56,-6.23,2,0,2,0,0,0,0,0,1,3,0,0,0,0,0,0,0,0,0,0,0,0,1,2
1630639,A.J. Lawson,TOR,202604200CLE,"Apr 20, 2026",CLE,2,2,2,3,28.57,34.72,-6.15,1,0,1,0,1,2,0,0,0,0,0,0,0,0,0,0,0,0,0,0,0,0,0,0
1631165,Keon Ellis,CLE,202604200CLE,"Apr 20, 2026",TOR,0,4,0,4,0.0,0.0,0.0,0,0,4,0,0,0,0,0,0,0,0,0,0,0,0,0,0,0,0,0,0,0,0,0
1642281,Jaylon Tyson,CLE,202604200CLE,"Apr 20, 2026",TOR,3,4,0,4,30.0,37.5,-7.5,2,0,2,3,0,0,0,0,0,0,0,0,0,0,0,0,0,0,0,0,0,0,0,0
1630552,Jalen Johnson,ATL,202604200NYK,"Apr 20, 2026",NYK,17,12,5,14,53.12,59.86,-6.74,8,10,3,0,2,4,0,0,1,3,0,0,0,0,0,0,0,0,0,0,0,0,0,0
1628973,Jalen Brunson,NYK,202604200NYK,"Apr 20, 2026",ATL,29,26,7,29,42.03,49.86,-7.83,15,10,10,12,2,3,0,0,1,2,0,0,0,0,0,0,0,0,0,0,0,0,1,2
1628384,OG Anunoby,NYK,202604200NYK,"Apr 20, 2026",ATL,14,9,8,13,46.67,55.91,-9.24,5,4,4,6,4,4,0,0,0,0,0,0,0,0,0,0,0,0,0,0,0,0,0,0
1630168,Onyeka Okongwu,ATL,202604200NYK,"Apr 20, 2026",NYK,15,9,2,10,65.22,75.91,-10.69,6,8,3,6,1,1,0,0,0,0,0,0,0,0,0,0,0,0,0,0,0,0,0,0
1629638,Nickeil Alexander-Walker,ATL,202604200NYK,"Apr 20, 2026",NYK,9,12,1,13,30.0,36.17,-6.17,7,2,5,6,0,0,0,0,0,0,0,0,1,1,0,0,0,0,0,0,0,0,0,0
1626157,Karl-Anthony Towns,NYK,202604200NYK,"Apr 20, 2026",ATL,18,12,0,12,62.07,75.0,-12.93,7,12,5,6,0,0,0,0,0,0,0,0,0,0,0,0,0,0,0,0,0,0,0,0
1628404,Josh Hart,NYK,202604200NYK,"Apr 20, 2026",ATL,15,11,6,14,45.45,54.99,-9.54,6,8,5,3,0,0,0,0,0,0,0,0,0,0,0,0,0,0,0,0,0,0,3,4
203468,CJ McCollum,ATL,202604200NYK,"Apr 20, 2026",NYK,32,22,7,25,52.46,63.8,-11.34,11,16,10,9,1,2,0,0,1,3,0,0,0,0,0,0,0,0,0,0,0,0,2,2
1630700,Dyson Daniels,ATL,202604200NYK,"Apr 20, 2026",NYK,6,5,2,6,46.15,51.02,-4.87,4,4,1,0,1,2,0,0,0,0,0,0,0,0,0,0,0,0,0,0,0,0,0,0
1628969,Mikal Bridges,NYK,202604200NYK,"Apr 20, 2026",ATL,10,10,2,11,35.71,45.96,-10.25,4,2,6,6,1,2,0,0,0,0,0,0,0,0,0,0,0,0,0,0,0,0,0,0
1631243,Mouhamed Gueye,ATL,202604200NYK,"Apr 20, 2026",NYK,0,2,0,2,0.0,0.0,0.0,1,0,1,0,0,0,0,0,0,0,0,0,0,0,0,0,0,0,0,0,0,0,0,0
1630228,Jonathan Kuminga,ATL,202604200NYK,"Apr 20, 2026",NYK,19,12,6,14,55.88,64.89,-9.01,6,8,4,3,2,3,0,0,2,5,0,0,0,0,0,0,0,0,0,0,0,0,0,0
1629216,Gabe Vincent,ATL,202604200NYK,"Apr 20, 2026",NYK,3,2,0,2,50.0,75.0,-25.0,0,0,2,3,0,0,0,0,0,0,0,0,0,0,0,0,0,0,0,0,0,0,0,0
1629011,Mitchell Robinson,NYK,202604200NYK,"Apr 20, 2026",ATL,13,6,2,7,92.86,94.48,-1.62,6,12,0,0,1,1,0,0,0,0,0,0,0,0,0,0,0,0,0,0,0,0,0,0
1628396,Tony Bradley,ATL,202604200NYK,"Apr 20, 2026",NYK,2,2,0,2,50.0,50.0,0.0,2,2,0,0,0,0,0,0,0,0,0,0,0,0,0,0,0,0,0,0,0,0,0,0
1630540,Miles McBride,NYK,202604200NYK,"Apr 20, 2026",ATL,0,3,0,3,0.0,0.0,0.0,2,0,1,0,0,0,0,0,0,0,0,0,0,0,0,0,0,0,0,0,0,0,0,0
1629013,Landry Shamet,NYK,202604200NYK,"Apr 20, 2026",ATL,0,1,0,1,0.0,0.0,0.0,0,0,1,0,0,0,0,0,0,0,0,0,0,0,0,0,0,0,0,0,0,0,0,0
1630557,Corey Kispert,NYK,202604200NYK,"Apr 20, 2026",ATL,4,3,0,3,57.14,66.67,-9.53,2,4,1,0,0,0,0,0,0,0,0,0,0,0,0,0,0,0,0,0,0,0,0,0
203903,Jordan Clarkson,NYK,202604200NYK,"Apr 20, 2026",ATL,7,6,2,7,46.67,50.87,-4.2,5,6,1,0,1,1,0,0,0,0,0,0,0,0,0,0,0,0,0,0,0,0,0,0
1630631,Jose Alvarado,NYK,202604200NYK,"Apr 20, 2026",ATL,0,3,0,3,0.0,0.0,0.0,2,0,1,0,0,0,0,0,0,0,0,0,0,0,0,0,0,0,0,0,0,0,0,0
203944,Julius Randle,MIN,202604200DEN,"Apr 20, 2026",DEN,24,14,10,19,57.14,65.22,-8.08,10,10,4,6,4,6,0,0,0,0,0,0,0,0,0,0,0,0,0,0,0,0,1,2
1627750,Jamal Murray,DEN,202604200DEN,"Apr 20, 2026",MIN,30,25,2,25,45.45,57.96,-12.51,11,10,12,12,0,0,0,0,0,0,2,8,0,0,0,0,0,0,0,0,0,0,0,0
1630162,Anthony Edwards,MIN,202604200DEN,"Apr 20, 2026",DEN,30,25,9,29,42.86,51.8,-8.94,12,10,11,9,3,4,0,0,2,6,0,0,1,1,0,0,0,0,0,0,0,0,0,0
1629661,Cameron Johnson,DEN,202604200DEN,"Apr 20, 2026",MIN,13,10,2,11,46.43,59.74,-13.31,4,8,6,3,1,2,0,0,0,0,0,0,0,0,0,0,0,0,0,0,0,0,0,0
1631128,Christian Braun,DEN,202604200DEN,"Apr 20, 2026",MIN,16,9,7,12,57.14,66.23,-9.09,5,6,3,3,3,4,0,0,1,3,0,0,0,0,0,0,0,0,0,0,0,0,0,0
1628978,Donte DiVincenzo,MIN,202604200DEN,"Apr 20, 2026",DEN,16,9,2,10,59.26,80.97,-21.71,2,4,7,12,1,0,0,0,0,0,0,0,0,0,0,0,0,0,0,0,0,0,0,0
203932,Aaron Gordon,DEN,202604200DEN,"Apr 20, 2026",MIN,8,9,2,10,33.33,40.49,-7.16,5,4,4,3,1,1,0,0,0,0,0,0,0,0,0,0,0,0,0,0,0,0,0,0
203497,Rudy Gobert,MIN,202604200DEN,"Apr 20, 2026",DEN,2,4,2,5,20.0,20.49,-0.49,4,2,0,0,1,0,0,0,0,0,0,0,0,0,0,0,0,0,0,0,0,0,0,0
203999,Nikola Jokić,DEN,202604200DEN,"Apr 20, 2026",MIN,24,20,7,23,44.44,51.99,-7.55,12,12,7,3,2,4,0,0,1,3,0,0,0,0,0,0,0,0,0,0,0,0,1,2
1630183,Jaden McDaniels,MIN,202604200DEN,"Apr 20, 2026",DEN,14,15,1,15,41.18,45.34,-4.16,11,12,3,0,0,0,0,0,1,2,0,0,0,0,0,0,0,0,0,0,0,0,0,0
1629675,Naz Reid,MIN,202604200DEN,"Apr 20, 2026",DEN,11,9,4,10,44.0,51.12,-7.12,4,2,3,3,1,2,0,0,2,4,0,0,0,0,0,0,0,0,0,0,0,0,0,0
203501,Tim Hardaway Jr.,DEN,202604200DEN,"Apr 20, 2026",MIN,16,9,8,12,55.17,63.9,-8.73,6,2,2,6,1,2,1,1,0,0,1,4,0,0,0,0,0,0,0,0,0,0,1,1
1630245,Ayo Dosunmu,MIN,202604200DEN,"Apr 20, 2026",DEN,9,8,0,8,50.0,56.25,-6.25,6,6,2,3,0,0,0,0,0,0,0,0,0,0,0,0,0,0,0,0,0,0,0,0
1630538,Bones Hyland,MIN,202604200DEN,"Apr 20, 2026",DEN,13,5,2,6,81.25,110.54,-29.29,1,2,4,9,0,0,0,0,0,0,0,0,0,0,0,0,0,0,0,0,0,0,1,2
1628971,Bruce Brown,DEN,202604200DEN,"Apr 20, 2026",MIN,7,4,2,5,50.0,71.72,-21.72,0,0,4,6,1,1,0,0,0,0,0,0,0,0,0,0,0,0,0,0,0,0,0,0
203937,Kyle Anderson,MIN,202604200DEN,"Apr 20, 2026",DEN,0,1,0,1,0.0,0.0,0.0,1,0,0,0,0,0,0,0,0,0,0,0,0,0,0,0,0,0,0,0,0,0,0,0
1628369,Jayson Tatum,BOS,202604210BOS,"Apr 21, 2026",PHI,19,19,2,20,39.58,47.79,-8.21,11,12,8,6,1,1,0,0,0,0,0,0,0,0,0,0,0,0,0,0,0,0,0,0
202331,Paul George,PHI,202604210BOS,"Apr 21, 2026",BOS,19,13,6,16,51.35,60.74,-9.39,8,10,5,6,2,3,0,0,0,0,0,0,0,0,0,0,0,0,0,0,0,0,1,0
1628401,Derrick White,BOS,202604210BOS,"Apr 21, 2026",PHI,8,12,0,12,23.53,33.33,-9.8,2,2,10,6,0,0,0,0,0,0,0,0,0,0,0,0,0,0,0,0,0,0,0,0
1630573,Sam Hauser,BOS,202604210BOS,"Apr 21, 2026",PHI,6,8,0,8,25.0,37.5,-12.5,0,0,8,6,0,0,0,0,0,0,0,0,0,0,0,0,0,0,0,0,0,0,0,0
1626162,Kelly Oubre Jr.,PHI,202604210BOS,"Apr 21, 2026",BOS,12,10,1,10,44.44,57.47,-13.03,3,4,6,6,0,0,0,0,1,2,0,0,0,0,0,0,0,0,0,0,0,0,0,0
1642845,VJ Edgecombe,PHI,202604210BOS,"Apr 21, 2026",BOS,30,20,0,20,60.0,75.0,-15.0,10,12,10,18,0,0,0,0,0,0,0,0,0,0,0,0,0,0,0,0,0,0,0,0
1630178,Tyrese Maxey,BOS,202604210BOS,"Apr 21, 2026",PHI,29,28,2,29,41.43,50.21,-8.78,15,10,12,15,0,0,0,0,1,3,0,0,1,1,0,0,0,0,0,0,0,0,0,0
1627759,Jaylen Brown,BOS,202604210BOS,"Apr 21, 2026",PHI,36,24,12,29,50.0,61.48,-11.48,11,10,12,15,3,5,1,3,1,3,0,0,0,0,0,0,0,0,0,0,0,0,1,0
1641737,Adem Bona,PHI,202604210BOS,"Apr 21, 2026",BOS,0,4,0,4,0.0,0.0,0.0,4,0,0,0,0,0,0,0,0,0,0,0,0,0,0,0,0,0,0,0,0,0,0,0
1629674,Neemias Queta,BOS,202604210BOS,"Apr 21, 2026",PHI,8,4,2,5,80.0,81.97,-1.97,4,6,0,0,1,2,0,0,0,0,0,0,0,0,0,0,0,0,0,0,0,0,0,0
203083,Andre Drummond,PHI,202604210BOS,"Apr 21, 2026",BOS,10,4,2,5,90.91,102.46,-11.55,3,6,1,3,1,1,0,0,0,0,0,0,0,0,0,0,0,0,0,0,0,0,0,0
1629656,Quentin Grimes,PHI,202604210BOS,"Apr 21, 2026",BOS,6,6,0,6,40.0,50.0,-10.0,3,0,3,6,0,0,0,0,0,0,0,0,0,0,0,0,0,0,0,0,0,0,0,0
1630202,Payton Pritchard,BOS,202604210BOS,"Apr 21, 2026",PHI,4,8,0,8,20.0,25.0,-5.0,4,4,4,0,0,0,0,0,0,0,0,0,0,0,0,0,0,0,0,0,0,0,0,0
202696,Nikola Vučević,BOS,202604210BOS,"Apr 21, 2026",PHI,9,7,2,8,45.0,57.11,-12.11,3,4,4,3,1,2,0,0,0,0,0,0,0,0,0,0,0,0,0,0,0,0,0,0
1642348,Justin Edwards,PHI,202604210BOS,"Apr 21, 2026",BOS,5,5,0,5,41.67,50.0,-8.33,3,2,2,3,0,0,0,0,0,0,0,0,0,0,0,0,0,0,0,0,0,0,0,0
1641775,Jordan Walsh,BOS,202604210BOS,"Apr 21, 2026",PHI,0,1,0,1,0.0,0.0,0.0,1,0,0,0,0,0,0,0,0,0,0,0,0,0,0,0,0,0,0,0,0,0,0,0
1631248,Baylor Scheierman,BOS,202604210BOS,"Apr 21, 2026",PHI,5,2,0,2,100.0,125.0,-25.0,1,2,1,3,0,0,0,0,0,0,0,0,0,0,0,0,0,0,0,0,0,0,0,0
1630568,Luka Garza,BOS,202604210BOS,"Apr 21, 2026",PHI,2,2,0,2,40.0,50.0,-10.0,1,2,1,0,0,0,0,0,0,0,0,0,0,0,0,0,0,0,0,0,0,0,0,0
1631199,Ron Harper Jr.,BOS,202604210BOS,"Apr 21, 2026",PHI,0,1,0,1,0.0,0.0,0.0,0,0,1,0,0,0,0,0,0,0,0,0,0,0,0,0,0,0,0,0,0,0,0,0
1642917,Max Shulga,BOS,202604210BOS,"Apr 21, 2026",PHI,0,1,0,1,0.0,0.0,0.0,0,0,1,0,0,0,0,0,0,0,0,0,0,0,0,0,0,0,0,0,0,0,0,0
1642264,Stephon Castle,SAS,202604210SAS,"Apr 21, 2026",POR,18,20,5,22,35.29,40.54,-5.25,13,8,6,6,2,1,0,0,1,3,0,0,0,0,0,0,0,0,0,0,0,0,0,0
1630166,Deni Avdija,POR,202604210SAS,"Apr 21, 2026",SAS,14,13,5,15,42.42,46.05,-3.63,10,6,2,3,1,0,0,0,1,3,0,0,0,0,0,0,0,0,0,0,0,0,1,2
1630170,Devin Vassell,SAS,202604210SAS,"Apr 21, 2026",POR,16,16,5,19,38.1,43.96,-5.86,11,12,5,0,1,2,0,0,0,0,0,0,1,0,0,0,0,0,0,0,0,0,1,2
1642270,Donovan Clingan,POR,202604210SAS,"Apr 21, 2026",SAS,9,12,0,12,30.0,37.5,-7.5,6,6,6,3,0,0,0,0,0,0,0,0,0,0,0,0,0,0,0,0,0,0,0,0
1630703,Scoot Henderson,POR,202604210SAS,"Apr 21, 2026",SAS,31,17,6,20,63.27,78.92,-15.65,8,12,9,15,3,4,0,0,0,0,0,0,0,0,0,0,0,0,0,0,0,0,0,0
1641739,Toumani Camara,POR,202604210SAS,"Apr 21, 2026",SAS,10,7,2,8,47.62,63.45,-15.83,2,2,5,6,0,0,0,0,0,0,0,0,0,0,0,0,0,0,0,0,0,0,1,2
1630577,Julian Champagnie,SAS,202604210SAS,"Apr 21, 2026",POR,9,4,2,5,69.23,92.21,-22.98,1,2,3,6,0,0,0,0,0,0,0,0,0,0,0,0,0,0,0,0,0,0,1,1
1641705,Victor Wembanyama,SAS,202604210SAS,"Apr 21, 2026",POR,5,3,4,5,45.45,52.52,-7.07,2,2,1,0,2,3,0,0,0,0,0,0,0,0,0,0,0,0,0,0,0,0,0,0
201950,Jrue Holiday,POR,202604210SAS,"Apr 21, 2026",SAS,16,17,2,18,38.1,44.74,-6.64,11,8,6,6,1,2,0,0,0,0,0,0,0,0,0,0,0,0,0,0,0,0,0,0
1628368,De'Aaron Fox,SAS,202604210SAS,"Apr 21, 2026",POR,17,16,5,18,42.5,46.7,-4.2,12,8,3,3,2,3,0,0,1,3,0,0,0,0,0,0,0,0,0,0,0,0,0,0
1642844,Dylan Harper,SAS,202604210SAS,"Apr 21, 2026",POR,10,7,2,8,62.5,63.45,-0.95,7,8,0,0,1,2,0,0,0,0,0,0,0,0,0,0,0,0,0,0,0,0,0,0
1629640,Keldon Johnson,SAS,202604210SAS,"Apr 21, 2026",POR,7,7,0,7,41.18,50.0,-8.82,4,4,3,3,0,0,0,0,0,0,0,0,0,0,0,0,0,0,0,0,0,0,0,0
203924,Jerami Grant,POR,202604210SAS,"Apr 21, 2026",SAS,5,8,3,9,23.81,26.82,-3.01,5,0,2,0,1,2,0,0,1,3,0,0,0,0,0,0,0,0,0,0,0,0,0,0
1628436,Luke Kornet,SAS,202604210SAS,"Apr 21, 2026",POR,10,5,3,6,76.92,79.11,-2.19,4,6,0,0,1,1,0,0,1,3,0,0,0,0,0,0,0,0,0,0,0,0,0,0
1629680,Matisse Thybulle,POR,202604210SAS,"Apr 21, 2026",SAS,0,3,0,3,0.0,0.0,0.0,1,0,2,0,0,0,0,0,0,0,0,0,0,0,0,0,0,0,0,0,0,0,0,0
1629057,Robert Williams III,POR,202604210SAS,"Apr 21, 2026",SAS,11,6,1,6,73.33,85.4,-12.07,3,6,2,3,0,0,0,0,1,2,0,0,0,0,0,0,0,0,0,0,0,0,0,0
203084,Harrison Barnes,SAS,202604210SAS,"Apr 21, 2026",POR,4,3,2,4,44.44,51.55,-7.11,2,2,1,0,1,2,0,0,0,0,0,0,0,0,0,0,0,0,0,0,0,0,0,0
1631200,Kris Murray,POR,202604210SAS,"Apr 21, 2026",SAS,1,1,2,2,20.0,26.6,-6.6,0,0,1,0,1,1,0,0,0,0,0,0,0,0,0,0,0,0,0,0,0,0,0,0
1631101,Shaedon Sharpe,POR,202604210SAS,"Apr 21, 2026",SAS,9,5,2,6,60.0,76.53,-16.53,2,4,3,3,0,0,0,0,0,0,0,0,0,0,0,0,0,0,0,0,0,0,1,2
1642868,Carter Bryant,SAS,202604210SAS,"Apr 21, 2026",POR,7,5,0,5,58.33,70.0,-11.67,3,4,2,3,0,0,0,0,0,0,0,0,0,0,0,0,0,0,0,0,0,0,0,0
1628379,Luke Kennard,LAL,202604210LAL,"Apr 21, 2026",HOU,23,13,4,15,63.89,77.91,-14.02,7,10,6,9,1,2,0,0,0,0,0,0,0,0,0,0,0,0,0,0,0,0,1,2
1630578,Alperen Sengun,HOU,202604210LAL,"Apr 21, 2026",LAL,20,20,3,21,45.45,46.9,-1.45,18,16,1,0,0,0,0,0,1,3,0,0,0,0,0,0,0,0,0,0,0,0,1,1
1631095,Jabari Smith Jr.,HOU,202604210LAL,"Apr 21, 2026",LAL,18,16,2,17,43.9,53.32,-9.42,9,8,7,9,0,0,0,0,0,0,0,0,0,0,0,0,0,0,0,0,0,0,1,1
203935,Marcus Smart,LAL,202604210LAL,"Apr 21, 2026",HOU,25,13,5,15,65.79,82.24,-16.45,5,4,7,15,0,0,0,0,1,3,0,0,0,0,0,0,0,0,0,0,0,0,2,3
1629006,Josh Okogie,HOU,202604210LAL,"Apr 21, 2026",LAL,7,6,0,6,46.67,58.33,-11.66,3,4,3,3,0,0,0,0,0,0,0,0,0,0,0,0,0,0,0,0,0,0,0,0
201142,Kevin Durant,HOU,202604210LAL,"Apr 21, 2026",LAL,23,12,9,16,62.16,72.06,-9.9,7,10,4,3,3,5,0,0,1,3,0,0,0,0,0,0,0,0,0,0,0,0,1,2
2544,LeBron James,LAL,202604210LAL,"Apr 21, 2026",HOU,28,20,14,27,47.46,53.52,-6.06,15,12,5,6,5,6,0,0,0,0,0,0,0,0,0,0,0,0,0,0,0,0,2,4
1641708,Amen Thompson,HOU,202604210LAL,"Apr 21, 2026",LAL,16,10,5,12,61.54,65.57,-4.03,8,10,1,0,1,2,0,0,1,3,0,0,0,0,0,0,0,0,0,0,0,0,1,1
1629060,Rui Hachimura,LAL,202604210LAL,"Apr 21, 2026",HOU,13,10,0,10,50.0,65.0,-15.0,4,4,6,9,0,0,0,0,0,0,0,0,0,0,0,0,0,0,0,0,0,0,0,0
1629028,Deandre Ayton,LAL,202604210LAL,"Apr 21, 2026",HOU,6,8,0,8,37.5,37.5,0.0,8,6,0,0,0,0,0,0,0,0,0,0,0,0,0,0,0,0,0,0,0,0,0,0
1631106,Tari Eason,HOU,202604210LAL,"Apr 21, 2026",LAL,10,14,0,14,29.41,35.71,-6.3,8,4,6,6,0,0,0,0,0,0,0,0,0,0,0,0,0,0,0,0,0,0,0,0
203991,Clint Capela,HOU,202604210LAL,"Apr 21, 2026",LAL,0,3,0,3,0.0,0.0,0.0,3,0,0,0,0,0,0,0,0,0,0,0,0,0,0,0,0,0,0,0,0,0,0,0
1642263,Reed Sheppard,HOU,202604210LAL,"Apr 21, 2026",LAL,0,4,0,4,0.0,0.0,0.0,1,0,3,0,0,0,0,0,0,0,0,0,0,0,0,0,0,0,0,0,0,0,0,0
1629637,Jaxson Hayes,LAL,202604210LAL,"Apr 21, 2026",HOU,6,2,5,4,60.0,71.43,-11.43,0,0,1,0,2,3,0,0,1,3,0,0,0,0,0,0,0,0,0,0,0,0,0,0
1631222,Jake LaRavia,LAL,202604210LAL,"Apr 21, 2026",HOU,0,2,0,2,0.0,0.0,0.0,1,0,1,0,0,0,0,0,0,0,0,0,0,0,0,0,0,0,0,0,0,0,0,0
1629020,Jarred Vanderbilt,LAL,202604210LAL,"Apr 21, 2026",HOU,0,3,0,3,0.0,0.0,0.0,1,0,2,0,0,0,0,0,0,0,0,0,0,0,0,0,0,0,0,0,0,0,0,0
1630256,Jae'Sean Tate,LAL,202604210LAL,"Apr 21, 2026",HOU,0,1,0,1,0.0,0.0,0.0,0,0,1,0,0,0,0,0,0,0,0,0,0,0,0,0,0,0,0,0,0,0,0,0
1642355,Bronny James,LAL,202604210LAL,"Apr 21, 2026",HOU,0,1,0,1,0.0,0.0,0.0,1,0,0,0,0,0,0,0,0,0,0,0,0,0,0,0,0,0,0,0,0,0,0,0
1628988,Aaron Holiday,HOU,202604210LAL,"Apr 21, 2026",LAL,0,3,0,3,0.0,0.0,0.0,0,0,3,0,0,0,0,0,0,0,0,0,0,0,0,0,0,0,0,0,0,0,0,0
1631105,Jalen Duren,ORL,202604220DET,"Apr 22, 2026",DET,11,10,5,12,44.0,45.08,-1.08,9,6,0,0,0,0,0,0,1,3,0,0,0,0,1,1,0,0,0,0,0,0,1,1
1628976,Wendell Carter Jr.,ORL,202604220DET,"Apr 22, 2026",DET,3,6,2,7,18.75,21.8,-3.05,4,2,2,0,1,1,0,0,0,0,0,0,0,0,0,0,0,0,0,0,0,0,0,0
1630591,Jalen Suggs,ORL,202604220DET,"Apr 22, 2026",DET,19,18,2,19,39.58,50.32,-10.74,8,8,10,9,0,0,0,0,0,0,0,0,0,0,0,0,0,0,0,0,0,0,1,2
1630217,Desmond Bane,ORL,202604220DET,"Apr 22, 2026",DET,12,11,7,15,33.33,42.61,-9.28,4,0,7,6,2,3,0,0,0,0,0,0,0,0,0,0,0,0,0,0,1,1,1,2
1630595,Cade Cunningham,DET,202604220DET,"Apr 22, 2026",ORL,27,19,8,23,51.92,59.95,-8.03,12,18,6,3,3,3,0,0,1,3,0,0,1,0,0,0,0,0,0,0,0,0,0,0
1629130,Duncan Robinson,DET,202604220DET,"Apr 22, 2026",ORL,10,9,2,10,35.71,50.61,-14.9,1,0,8,9,0,0,0,0,0,0,0,0,1,1,0,0,0,0,0,0,0,0,0,0
202699,Tobias Harris,DET,202604220DET,"Apr 22, 2026",ORL,16,17,2,18,41.03,44.74,-3.71,14,14,3,0,1,2,0,0,0,0,0,0,0,0,0,0,0,0,0,0,0,0,0,0
1641709,Ausar Thompson,DET,202604220DET,"Apr 22, 2026",ORL,11,9,2,10,55.0,55.67,-0.67,9,10,0,0,0,0,0,0,0,0,0,0,0,0,0,0,0,0,0,0,0,0,1,1
1630532,Franz Wagner,ORL,202604220DET,"Apr 22, 2026",DET,12,11,4,13,42.86,47.02,-4.16,9,8,2,0,2,4,0,0,0,0,0,0,0,0,0,0,0,0,0,0,0,0,0,0
1631094,Paolo Banchero,ORL,202604220DET,"Apr 22, 2026",DET,18,17,8,20,40.91,43.86,-2.95,13,10,2,0,3,3,0,0,2,5,0,0,0,0,0,0,0,0,0,0,0,0,0,0
1641710,Anthony Black,ORL,202604220DET,"Apr 22, 2026",DET,5,6,4,8,29.41,32.22,-2.81,5,2,1,0,2,3,0,0,0,0,0,0,0,0,0,0,0,0,0,0,0,0,0,0
1641783,Tristan da Silva,ORL,202604220DET,"Apr 22, 2026",DET,3,3,0,3,37.5,50.0,-12.5,1,0,2,3,0,0,0,0,0,0,0,0,0,0,0,0,0,0,0,0,0,0,0,0
1628989,Kevin Huerter,DET,202604220DET,"Apr 22, 2026",ORL,3,2,0,2,50.0,75.0,-25.0,0,0,2,3,0,0,0,0,0,0,0,0,0,0,0,0,0,0,0,0,0,0,0,0
1627747,Caris LeVert,DET,202604220DET,"Apr 22, 2026",ORL,4,6,0,6,28.57,33.33,-4.76,4,4,2,0,0,0,0,0,0,0,0,0,0,0,0,0,0,0,0,0,0,0,0,0
1629048,Goga Bitadze,ORL,202604220DET,"Apr 22, 2026",DET,3,0,4,2,75.0,85.23,-10.23,0,0,0,0,2,3,0,0,0,0,0,0,0,0,0,0,0,0,0,0,0,0,0,0
1629750,Javonte Green,DET,202604220DET,"Apr 22, 2026",ORL,2,1,2,2,40.0,53.19,-13.19,0,0,1,0,0,0,0,0,0,0,0,0,0,0,0,0,0,0,0,0,0,0,1,2
1630191,Isaiah Stewart,DET,202604220DET,"Apr 22, 2026",ORL,10,4,1,4,100.0,112.61,-12.61,2,4,1,3,0,0,0,0,1,3,0,0,0,0,0,0,0,0,0,0,0,0,0,0
1642450,Daniss Jenkins,DET,202604220DET,"Apr 22, 2026",ORL,4,7,2,8,22.22,25.38,-3.16,5,4,2,0,0,0,0,0,0,0,0,0,0,0,0,0,0,0,0,0,0,0,1,0
1641842,Ronald Holland II,DET,202604220DET,"Apr 22, 2026",ORL,0,1,0,1,0.0,0.0,0.0,0,0,1,0,0,0,0,0,0,0,0,0,0,0,0,0,0,0,0,0,0,0,0,0
1631288,Jamal Cain,ORL,202604220DET,"Apr 22, 2026",DET,2,2,1,2,33.33,40.98,-7.65,0,0,1,0,0,0,0,0,1,2,0,0,0,0,0,0,0,0,0,0,0,0,0,0
1628975,Jevon Carter,ORL,202604220DET,"Apr 22, 2026",DET,0,1,0,1,0.0,0.0,0.0,0,0,1,0,0,0,0,0,0,0,0,0,0,0,0,0,0,0,0,0,0,0,0,0
1641724,Jett Howard,ORL,202604220DET,"Apr 22, 2026",DET,0,2,0,2,0.0,0.0,0.0,0,0,2,0,0,0,0,0,0,0,0,0,0,0,0,0,0,0,0,0,0,0,0,0
1642859,Jase Richardson,ORL,202604220DET,"Apr 22, 2026",DET,6,2,0,2,100.0,150.0,-50.0,0,0,2,6,0,0,0,0,0,0,0,0,0,0,0,0,0,0,0,0,0,0,0,0
1629021,Moritz Wagner,ORL,202604220DET,"Apr 22, 2026",DET,0,1,0,1,0.0,0.0,0.0,1,0,0,0,0,0,0,0,0,0,0,0,0,0,0,0,0,0,0,0,0,0,0,0
1628983,Shai Gilgeous-Alexander,OKC,202604220OKC,"Apr 22, 2026",PHX,37,25,9,30,57.81,63.88,-6.07,20,22,5,6,1,2,0,0,0,0,0,0,1,1,0,0,0,0,0,0,0,0,3,6
1628392,Isaiah Hartenstein,OKC,202604220OKC,"Apr 22, 2026",PHX,9,6,4,8,56.25,57.99,-1.74,6,6,0,0,2,3,0,0,0,0,0,0,0,0,0,0,0,0,0,0,0,0,0,0
1631096,Chet Holmgren,OKC,202604220OKC,"Apr 22, 2026",PHX,19,12,3,13,57.58,71.32,-13.74,5,6,6,9,1,1,0,0,1,3,0,0,0,0,0,0,0,0,0,0,0,0,0,0
1631221,Collin Gillespie,PHX,202604220OKC,"Apr 22, 2026",OKC,7,9,0,9,30.43,38.89,-8.46,4,4,5,3,0,0,0,0,0,0,0,0,0,0,0,0,0,0,0,0,0,0,0,0
1629652,Luguentz Dort,OKC,202604220OKC,"Apr 22, 2026",PHX,9,7,0,7,42.86,64.29,-21.43,0,0,7,9,0,0,0,0,0,0,0,0,0,0,0,0,0,0,0,0,0,0,0,0
1628415,Dillon Brooks,PHX,202604220OKC,"Apr 22, 2026",OKC,30,23,1,23,53.57,63.99,-10.42,13,12,9,15,0,0,0,0,1,3,0,0,0,0,0,0,0,0,0,0,0,0,0,0
1630224,Jalen Green,PHX,202604220OKC,"Apr 22, 2026",OKC,21,23,5,25,35.59,41.67,-6.08,14,12,8,3,2,3,0,0,1,3,0,0,0,0,0,0,0,0,0,0,0,0,0,0
1631119,Jaylin Williams,OKC,202604220OKC,"Apr 22, 2026",PHX,19,11,5,13,63.33,71.97,-8.64,7,8,3,6,2,2,0,0,1,3,0,0,0,0,0,0,0,0,0,0,0,0,0,0
1642345,Oso Ighodaro,PHX,202604220OKC,"Apr 22, 2026",OKC,7,8,2,9,38.89,39.41,-0.52,8,6,0,0,1,1,0,0,0,0,0,0,0,0,0,0,0,0,0,0,0,0,0,0
1626164,Devin Booker,PHX,202604220OKC,"Apr 22, 2026",OKC,22,14,10,19,53.66,59.78,-6.12,10,12,3,0,3,5,0,0,1,2,0,0,0,0,0,0,0,0,0,0,1,1,1,2
1626220,Royce O'Neale,PHX,202604220OKC,"Apr 22, 2026",OKC,16,5,4,7,84.21,118.34,-34.13,0,0,5,12,1,2,0,0,0,0,0,0,0,0,0,0,0,0,0,0,0,0,1,2
1627936,Alex Caruso,OKC,202604220OKC,"Apr 22, 2026",PHX,7,7,0,7,38.89,50.0,-11.11,3,4,4,3,0,0,0,0,0,0,0,0,0,0,0,0,0,0,0,0,0,0,0,0
1642349,Ajay Mitchell,OKC,202604220OKC,"Apr 22, 2026",PHX,14,12,4,14,42.42,50.87,-8.45,7,8,5,3,1,2,0,0,0,0,0,0,0,0,0,0,0,0,0,0,0,0,1,1
1642863,Khaman Maluach,PHX,202604220OKC,"Apr 22, 2026",OKC,4,3,0,3,57.14,66.67,-9.53,2,4,1,0,0,0,0,0,0,0,0,0,0,0,0,0,0,0,0,0,0,0,0,0
1641717,Cason Wallace,OKC,202604220OKC,"Apr 22, 2026",PHX,0,2,0,2,0.0,0.0,0.0,0,0,2,0,0,0,0,0,0,0,0,0,0,0,0,0,0,0,0,0,0,0,0,0
1630198,Isaiah Joe,OKC,202604220OKC,"Apr 22, 2026",PHX,6,7,0,7,28.57,42.86,-14.29,0,0,7,6,0,0,0,0,0,0,0,0,0,0,0,0,0,0,0,0,0,0,0,0
1628404,Josh Hart,NYK,202604230ATL,"Apr 23, 2026",ATL,2,9,0,9,9.09,11.11,-2.02,5,2,4,0,0,0,0,0,0,0,0,0,0,0,0,0,0,0,0,0,0,0,0,0
1630700,Dyson Daniels,ATL,202604230ATL,"Apr 23, 2026",NYK,8,7,2,8,44.44,50.76,-6.32,5,4,2,3,1,1,0,0,0,0,0,0,0,0,0,0,0,0,0,0,0,0,0,0
1626157,Karl-Anthony Towns,NYK,202604230ATL,"Apr 23, 2026",ATL,21,12,6,15,63.64,71.72,-8.08,9,12,3,3,2,4,0,0,0,0,0,0,0,0,0,0,0,0,0,0,0,0,1,2
1630168,Onyeka Okongwu,ATL,202604230ATL,"Apr 23, 2026",NYK,9,7,0,7,50.0,64.29,-14.29,3,6,4,3,0,0,0,0,0,0,0,0,0,0,0,0,0,0,0,0,0,0,0,0
1630552,Jalen Johnson,ATL,202604230ATL,"Apr 23, 2026",NYK,24,19,10,24,44.44,51.28,-6.84,13,12,6,6,5,6,0,0,0,0,0,0,0,0,0,0,0,0,0,0,0,0,0,0
1628973,Jalen Brunson,NYK,202604230ATL,"Apr 23, 2026",ATL,26,23,5,24,46.43,51.59,-5.16,15,16,5,0,1,2,0,0,3,8,0,0,0,0,0,0,0,0,0,0,0,0,0,0
203468,CJ McCollum,ATL,202604230ATL,"Apr 23, 2026",NYK,23,19,7,22,46.94,52.08,-5.14,15,12,4,6,2,3,1,2,0,0,0,0,0,0,0,0,0,0,0,0,0,0,0,0
1628384,OG Anunoby,NYK,202604230ATL,"Apr 23, 2026",ATL,29,16,7,19,61.7,76.0,-14.3,7,8,8,12,3,6,0,0,1,3,0,0,0,0,0,0,0,0,0,0,0,0,0,0
1629638,Nickeil Alexander-Walker,ATL,202604230ATL,"Apr 23, 2026",NYK,14,12,3,14,41.18,52.55,-11.37,5,2,7,9,0,0,0,0,0,0,0,0,0,0,0,0,0,0,0,0,0,0,2,3
1628969,Mikal Bridges,NYK,202604230ATL,"Apr 23, 2026",ATL,0,3,0,3,0.0,0.0,0.0,1,0,2,0,0,0,0,0,0,0,0,0,0,0,0,0,0,0,0,0,0,0,0,0
1630540,Miles McBride,NYK,202604230ATL,"Apr 23, 2026",ATL,15,14,0,14,39.47,53.57,-14.1,4,0,10,15,0,0,0,0,0,0,0,0,0,0,0,0,0,0,0,0,0,0,0,0
1629011,Mitchell Robinson,NYK,202604230ATL,"Apr 23, 2026",ATL,2,2,0,2,50.0,50.0,0.0,2,2,0,0,0,0,0,0,0,0,0,0,0,0,0,0,0,0,0,0,0,0,0,0
1629216,Gabe Vincent,ATL,202604230ATL,"Apr 23, 2026",NYK,5,3,2,4,45.45,64.43,-18.98,0,0,3,3,1,2,0,0,0,0,0,0,0,0,0,0,0,0,0,0,0,0,0,0
1630228,Jonathan Kuminga,ATL,202604230ATL,"Apr 23, 2026",NYK,21,14,2,15,61.76,70.56,-8.8,10,14,4,6,1,1,0,0,0,0,0,0,0,0,0,0,0,0,0,0,0,0,0,0
203903,Jordan Clarkson,NYK,202604230ATL,"Apr 23, 2026",ATL,8,11,1,11,32.0,34.97,-2.97,8,6,2,0,0,0,0,0,1,2,0,0,0,0,0,0,0,0,0,0,0,0,0,0
1631243,Mouhamed Gueye,ATL,202604230ATL,"Apr 23, 2026",NYK,5,4,0,4,45.45,62.5,-17.05,1,2,3,3,0,0,0,0,0,0,0,0,0,0,0,0,0,0,0,0,0,0,0,0
1630557,Corey Kispert,ATL,202604230ATL,"Apr 23, 2026",NYK,0,1,0,1,0.0,0.0,0.0,1,0,0,0,0,0,0,0,0,0,0,0,0,0,0,0,0,0,0,0,0,0,0,0
1630631,Jose Alvarado,ATL,202604230ATL,"Apr 23, 2026",NYK,5,3,1,3,62.5,72.67,-10.17,1,2,1,0,0,0,0,0,1,3,0,0,0,0,0,0,0,0,0,0,0,0,0,0
1628378,Donovan Mitchell,CLE,202604230TOR,"Apr 23, 2026",TOR,15,16,0,16,38.46,46.88,-8.42,9,12,7,3,0,0,0,0,0,0,0,0,0,0,0,0,0,0,0,0,0,0,0,0
1629628,RJ Barrett,TOR,202604230TOR,"Apr 23, 2026",CLE,33,19,7,22,62.26,74.73,-12.47,10,10,8,18,3,3,0,0,1,2,0,0,0,0,0,0,0,0,0,0,0,0,0,0
1630567,Scottie Barnes,TOR,202604230TOR,"Apr 23, 2026",CLE,33,17,10,22,67.35,77.1,-9.75,12,16,5,9,5,8,0,0,0,0,0,0,0,0,0,0,0,0,0,0,0,0,0,0
1630596,Evan Mobley,CLE,202604230TOR,"Apr 23, 2026",TOR,15,13,8,17,39.47,45.4,-5.93,9,8,4,0,4,7,0,0,0,0,0,0,0,0,0,0,0,0,0,0,0,0,0,0
1629731,Dean Wade,CLE,202604230TOR,"Apr 23, 2026",TOR,5,5,2,6,31.25,42.52,-11.27,1,2,4,3,1,0,0,0,0,0,0,0,0,0,0,0,0,0,0,0,0,0,0,0
1642266,Ja'Kobe Walter,CLE,202604230TOR,"Apr 23, 2026",TOR,0,6,0,6,0.0,0.0,0.0,3,0,3,0,0,0,0,0,0,0,0,0,0,0,0,0,0,0,0,0,0,0,0,0
201935,James Harden,CLE,202604230TOR,"Apr 23, 2026",TOR,18,13,6,15,42.86,57.54,-14.68,2,2,10,9,1,2,1,2,1,3,0,0,0,0,0,0,0,0,0,0,0,0,0,0
1642347,Jamal Shead,TOR,202604230TOR,"Apr 23, 2026",CLE,2,3,0,3,28.57,33.33,-4.76,2,2,1,0,0,0,0,0,0,0,0,0,0,0,0,0,0,0,0,0,0,0,0,0
1627742,Brandon Ingram,TOR,202604230TOR,"Apr 23, 2026",CLE,12,9,2,10,54.55,60.73,-6.18,7,8,2,3,0,0,0,0,0,0,0,0,0,0,0,0,0,0,0,0,0,0,1,1
1628386,Jarrett Allen,TOR,202604230TOR,"Apr 23, 2026",CLE,12,7,2,8,75.0,76.14,-1.14,7,10,0,0,1,2,0,0,0,0,0,0,0,0,0,0,0,0,0,0,0,0,0,0
1627751,Jakob Poeltl,CLE,202604230TOR,"Apr 23, 2026",TOR,8,6,0,6,66.67,66.67,0.0,6,8,0,0,0,0,0,0,0,0,0,0,0,0,0,0,0,0,0,0,0,0,0,0
1629622,Max Strus,CLE,202604230TOR,"Apr 23, 2026",TOR,15,10,2,11,50.0,68.93,-18.93,2,2,8,12,1,1,0,0,0,0,0,0,0,0,0,0,0,0,0,0,0,0,0,0
1630572,Sandro Mamukelashvili,TOR,202604230TOR,"Apr 23, 2026",CLE,0,3,2,4,0.0,0.0,0.0,3,0,0,0,1,0,0,0,0,0,0,0,0,0,0,0,0,0,0,0,0,0,0,0
1630241,Sam Merrill,CLE,202604230TOR,"Apr 23, 2026",TOR,3,2,0,2,50.0,75.0,-25.0,0,0,2,3,0,0,0,0,0,0,0,0,0,0,0,0,0,0,0,0,0,0,0,0
1642867,Collin Murray-Boyles,TOR,202604230TOR,"Apr 23, 2026",CLE,22,15,0,15,73.33,73.33,0.0,15,22,0,0,0,0,0,0,0,0,0,0,0,0,0,0,0,0,0,0,0,0,0,0
203471,Dennis Schröder,CLE,202604230TOR,"Apr 23, 2026",TOR,3,2,0,2,50.0,75.0,-25.0,0,0,2,3,0,0,0,0,0,0,0,0,0,0,0,0,0,0,0,0,0,0,0,0
1642419,Jamison Battle,TOR,202604230TOR,"Apr 23, 2026",CLE,14,5,0,5,100.0,140.0,-40.0,1,2,4,12,0,0,0,0,0,0,0,0,0,0,0,0,0,0,0,0,0,0,0,0
1642281,Jaylon Tyson,TOR,202604230TOR,"Apr 23, 2026",CLE,13,9,0,9,54.17,72.22,-18.05,3,4,6,9,0,0,0,0,0,0,0,0,0,0,0,0,0,0,0,0,0,0,0,0
1628418,Thomas Bryant,CLE,202604230TOR,"Apr 23, 2026",TOR,3,2,1,2,50.0,61.48,-11.48,0,0,1,0,0,0,0,0,1,3,0,0,0,0,0,0,0,0,0,0,0,0,0,0
1641854,Craig Porter Jr.,CLE,202604230TOR,"Apr 23, 2026",TOR,0,1,0,1,0.0,0.0,0.0,0,0,1,0,0,0,0,0,0,0,0,0,0,0,0,0,0,0,0,0,0,0,0,0
1642878,Tyrese Proctor,CLE,202604230TOR,"Apr 23, 2026",TOR,2,0,2,1,100.0,113.64,-13.64,0,0,0,0,1,2,0,0,0,0,0,0,0,0,0,0,0,0,0,0,0,0,0,0
1641772,Nae'Qwan Tomlin,CLE,202604230TOR,"Apr 23, 2026",TOR,0,1,0,1,0.0,0.0,0.0,1,0,0,0,0,0,0,0,0,0,0,0,0,0,0,0,0,0,0,0,0,0,0,0
1631218,Trayce Jackson-Davis,TOR,202604230TOR,"Apr 23, 2026",CLE,0,1,0,1,0.0,0.0,0.0,1,0,0,0,0,0,0,0,0,0,0,0,0,0,0,0,0,0,0,0,0,0,0,0
1630639,A.J. Lawson,TOR,202604230TOR,"Apr 23, 2026",CLE,0,1,0,1,0.0,0.0,0.0,1,0,0,0,0,0,0,0,0,0,0,0,0,0,0,0,0,0,0,0,0,0,0,0
1642367,Jonathan Mogbo,TOR,202604230TOR,"Apr 23, 2026",CLE,2,1,0,1,100.0,100.0,0.0,1,2,0,0,0,0,0,0,0,0,0,0,0,0,0,0,0,0,0,0,0,0,0,0
202066,Garrett Temple,TOR,202604230TOR,"Apr 23, 2026",CLE,0,1,0,1,0.0,0.0,0.0,1,0,0,0,0,0,0,0,0,0,0,0,0,0,0,0,0,0,0,0,0,0,0,0
203944,Julius Randle,MIN,202604230MIN,"Apr 23, 2026",DEN,15,15,6,18,38.46,42.52,-4.06,12,12,3,0,3,3,0,0,0,0,0,0,0,0,0,0,0,0,0,0,0,0,0,0
203999,Nikola Jokić,DEN,202604230MIN,"Apr 23, 2026",MIN,27,26,11,31,36.99,43.77,-6.78,16,10,10,6,3,6,1,3,0,0,0,0,0,0,0,0,0,0,0,0,0,0,1,2
1631128,Christian Braun,DEN,202604230MIN,"Apr 23, 2026",MIN,2,4,4,6,15.38,17.36,-1.98,3,0,1,0,2,2,0,0,0,0,0,0,0,0,0,0,0,0,0,0,0,0,0,0
1630162,Anthony Edwards,MIN,202604230MIN,"Apr 23, 2026",DEN,17,15,3,16,41.46,52.08,-10.62,6,6,8,6,1,2,0,0,1,3,0,0,0,0,0,0,0,0,0,0,0,0,0,0
1630183,Jaden McDaniels,MIN,202604230MIN,"Apr 23, 2026",DEN,20,13,1,13,66.67,74.4,-7.73,9,14,3,3,0,0,0,0,1,3,0,0,0,0,0,0,0,0,0,0,0,0,0,0
1627750,Jamal Murray,DEN,202604230MIN,"Apr 23, 2026",MIN,16,17,7,21,34.78,39.84,-5.06,12,10,5,0,2,3,0,0,0,0,0,0,1,1,0,0,0,0,0,0,0,0,1,2
1629661,Cameron Johnson,MIN,202604230MIN,"Apr 23, 2026",DEN,6,6,2,7,35.29,43.6,-8.31,3,4,3,0,1,2,0,0,0,0,0,0,0,0,0,0,0,0,0,0,0,0,0,0
1628978,Donte DiVincenzo,MIN,202604230MIN,"Apr 23, 2026",DEN,15,13,0,13,44.12,57.69,-13.57,5,6,8,9,0,0,0,0,0,0,0,0,0,0,0,0,0,0,0,0,0,0,0,0
203497,Rudy Gobert,MIN,202604230MIN,"Apr 23, 2026",DEN,10,7,5,9,52.63,54.35,-1.72,6,4,0,0,1,2,0,0,1,3,0,0,0,0,0,0,0,0,0,0,0,0,1,1
203501,Tim Hardaway Jr.,DEN,202604230MIN,"Apr 23, 2026",MIN,11,8,4,10,42.31,56.35,-14.04,2,2,6,6,2,3,0,0,0,0,0,0,0,0,0,0,0,0,0,0,0,0,0,0
1630245,Ayo Dosunmu,MIN,202604230MIN,"Apr 23, 2026",DEN,25,15,6,18,64.1,70.86,-6.76,12,20,3,0,3,5,0,0,0,0,0,0,0,0,0,0,0,0,0,0,0,0,0,0
1629675,Naz Reid,MIN,202604230MIN,"Apr 23, 2026",DEN,5,7,0,7,27.78,35.71,-7.93,3,2,4,3,0,0,0,0,0,0,0,0,0,0,0,0,0,0,0,0,0,0,0,0
1642461,Spencer Jones,MIN,202604230MIN,"Apr 23, 2026",DEN,6,3,0,3,75.0,100.0,-25.0,1,0,2,6,0,0,0,0,0,0,0,0,0,0,0,0,0,0,0,0,0,0,0,0
1630538,Bones Hyland,MIN,202604230MIN,"Apr 23, 2026",DEN,6,5,0,5,42.86,60.0,-17.14,1,0,4,6,0,0,0,0,0,0,0,0,0,0,0,0,0,0,0,0,0,0,0,0
1628971,Bruce Brown,DEN,202604230MIN,"Apr 23, 2026",MIN,9,7,2,8,56.25,57.11,-0.86,7,8,0,0,1,1,0,0,0,0,0,0,0,0,0,0,0,0,0,0,0,0,0,0
1631124,Julian Strawther,DEN,202604230MIN,"Apr 23, 2026",MIN,6,7,2,8,31.58,38.07,-6.49,4,2,3,3,0,0,0,0,0,0,0,0,0,0,0,0,0,0,0,0,0,0,1,1
1630192,Zeke Nnaji,DEN,202604230MIN,"Apr 23, 2026",MIN,10,2,6,5,90.91,107.76,-16.85,1,2,1,3,3,5,0,0,0,0,0,0,0,0,0,0,0,0,0,0,0,0,0,0
203937,Kyle Anderson,MIN,202604230MIN,"Apr 23, 2026",DEN,0,1,0,1,0.0,0.0,0.0,1,0,0,0,0,0,0,0,0,0,0,0,0,0,0,0,0,0,0,0,0,0,0,0
1626145,Tyus Jones,DEN,202604230MIN,"Apr 23, 2026",MIN,2,2,0,2,40.0,50.0,-10.0,1,2,1,0,0,0,0,0,0,0,0,0,0,0,0,0,0,0,0,0,0,0,0,0
1629618,Jalen Pickett,DEN,202604230MIN,"Apr 23, 2026",MIN,1,0,2,1,50.0,56.82,-6.82,0,0,0,0,1,1,0,0,0,0,0,0,0,0,0,0,0,0,0,0,0,0,0,0
1642866,Joan Beringer,MIN,202604230MIN,"Apr 23, 2026",DEN,0,1,0,1,0.0,0.0,0.0,1,0,0,0,0,0,0,0,0,0,0,0,0,0,0,0,0,0,0,0,0,0,0,0
201144,Mike Conley,MIN,202604230MIN,"Apr 23, 2026",DEN,0,1,0,1,0.0,0.0,0.0,0,0,1,0,0,0,0,0,0,0,0,0,0,0,0,0,0,0,0,0,0,0,0,0
1630178,Tyrese Maxey,PHI,202604240PHI,"Apr 24, 2026",BOS,31,31,2,32,40.26,48.62,-8.36,18,14,13,15,1,2,0,0,0,0,0,0,0,0,0,0,0,0,0,0,0,0,0,0
1630573,Sam Hauser,BOS,202604240PHI,"Apr 24, 2026",PHI,6,4,0,4,60.0,75.0,-15.0,2,0,2,6,0,0,0,0,0,0,0,0,0,0,0,0,0,0,0,0,0,0,0,0
1627759,Jaylen Brown,BOS,202604240PHI,"Apr 24, 2026",PHI,25,16,6,19,62.5,67.06,-4.56,14,16,2,3,3,6,0,0,0,0,0,0,0,0,0,0,0,0,0,0,0,0,0,0
1641737,Adem Bona,PHI,202604240PHI,"Apr 24, 2026",BOS,10,5,6,8,62.5,65.45,-2.95,5,6,0,0,3,4,0,0,0,0,0,0,0,0,0,0,0,0,0,0,0,0,0,0
1626162,Kelly Oubre Jr.,BOS,202604240PHI,"Apr 24, 2026",PHI,17,12,4,14,53.12,61.77,-8.65,8,10,4,3,1,2,0,0,0,0,0,0,0,0,0,0,0,0,0,0,0,0,1,2
1628401,Derrick White,BOS,202604240PHI,"Apr 24, 2026",PHI,11,12,4,14,30.56,39.97,-9.41,4,4,8,3,1,2,0,0,0,0,0,0,0,0,0,0,0,0,0,0,0,0,1,2
1642845,VJ Edgecombe,PHI,202604240PHI,"Apr 24, 2026",BOS,10,17,0,17,24.39,29.41,-5.02,10,10,7,0,0,0,0,0,0,0,0,0,0,0,0,0,0,0,0,0,0,0,0,0
1629674,Neemias Queta,BOS,202604240PHI,"Apr 24, 2026",PHI,6,1,4,3,100.0,108.7,-8.7,1,2,0,0,1,2,0,0,0,0,0,0,0,0,0,0,0,0,0,0,0,0,1,2
1628369,Jayson Tatum,BOS,202604240PHI,"Apr 24, 2026",PHI,25,17,3,19,54.35,68.23,-13.88,8,8,9,15,1,1,0,0,0,0,0,0,1,1,0,0,0,0,0,0,0,0,0,0
202696,Nikola Vučević,BOS,202604240PHI,"Apr 24, 2026",PHI,11,10,0,10,37.93,55.0,-17.07,1,2,9,9,0,0,0,0,0,0,0,0,0,0,0,0,0,0,0,0,0,0,0,0
1630202,Payton Pritchard,BOS,202604240PHI,"Apr 24, 2026",PHI,15,12,0,12,44.12,62.5,-18.38,2,0,10,15,0,0,0,0,0,0,0,0,0,0,0,0,0,0,0,0,0,0,0,0
1641775,Jordan Walsh,BOS,202604240PHI,"Apr 24, 2026",PHI,0,2,0,2,0.0,0.0,0.0,1,0,1,0,0,0,0,0,0,0,0,0,0,0,0,0,0,0,0,0,0,0,0,0
203083,Andre Drummond,PHI,202604240PHI,"Apr 24, 2026",BOS,12,6,2,7,75.0,87.21,-12.21,4,6,2,6,1,0,0,0,0,0,0,0,0,0,0,0,0,0,0,0,0,0,0,0
202331,Paul George,PHI,202604240PHI,"Apr 24, 2026",BOS,18,14,0,14,51.43,64.29,-12.86,7,6,7,12,0,0,0,0,0,0,0,0,0,0,0,0,0,0,0,0,0,0,0,0
1629656,Quentin Grimes,PHI,202604240PHI,"Apr 24, 2026",BOS,2,1,2,2,40.0,53.19,-13.19,0,0,1,0,1,2,0,0,0,0,0,0,0,0,0,0,0,0,0,0,0,0,0,0
1642348,Justin Edwards,PHI,202604240PHI,"Apr 24, 2026",BOS,0,1,0,1,0.0,0.0,0.0,0,0,1,0,0,0,0,0,0,0,0,0,0,0,0,0,0,0,0,0,0,0,0,0
1630568,Luka Garza,BOS,202604240PHI,"Apr 24, 2026",PHI,3,3,0,3,37.5,50.0,-12.5,1,0,2,3,0,0,0,0,0,0,0,0,0,0,0,0,0,0,0,0,0,0,0,0
1631248,Baylor Scheierman,BOS,202604240PHI,"Apr 24, 2026",PHI,6,4,0,4,50.0,75.0,-25.0,0,0,4,6,0,0,0,0,0,0,0,0,0,0,0,0,0,0,0,0,0,0,0,0
1629060,Rui Hachimura,LAL,202604240HOU,"Apr 24, 2026",HOU,22,14,4,16,56.41,69.8,-13.39,7,8,7,12,2,2,0,0,0,0,0,0,0,0,0,0,0,0,0,0,0,0,0,0
1642263,Reed Sheppard,HOU,202604240HOU,"Apr 24, 2026",LAL,17,21,2,22,29.82,38.85,-9.03,7,2,13,12,0,0,0,0,1,3,0,0,1,0,0,0,0,0,0,0,0,0,0,0
2544,LeBron James,LAL,202604240HOU,"Apr 24, 2026",HOU,29,22,6,25,49.15,58.85,-9.7,13,12,9,12,3,5,0,0,0,0,0,0,0,0,0,0,0,0,0,0,0,0,0,0
1631095,Jabari Smith Jr.,HOU,202604240HOU,"Apr 24, 2026",LAL,24,16,2,17,54.55,71.09,-16.54,6,4,10,18,0,0,0,0,0,0,0,0,0,0,0,0,0,0,0,0,0,0,1,2
1631106,Tari Eason,HOU,202604240HOU,"Apr 24, 2026",LAL,5,9,1,10,21.74,26.48,-4.74,5,4,4,0,0,0,0,0,0,0,0,0,0,0,0,0,0,0,0,0,0,0,1,1
1630578,Alperen Sengun,HOU,202604240HOU,"Apr 24, 2026",LAL,33,27,3,29,53.23,58.26,-5.03,21,26,5,3,0,0,0,0,1,3,0,0,0,0,0,0,0,0,0,0,0,0,2,1
1629028,Deandre Ayton,LAL,202604240HOU,"Apr 24, 2026",HOU,2,3,0,3,33.33,33.33,0.0,3,2,0,0,0,0,0,0,0,0,0,0,0,0,0,0,0,0,0,0,0,0,0,0
1641708,Amen Thompson,HOU,202604240HOU,"Apr 24, 2026",LAL,26,14,13,20,61.9,65.92,-4.02,12,14,1,0,6,9,0,0,1,3,0,0,0,0,0,0,0,0,0,0,0,0,0,0
203935,Marcus Smart,LAL,202604240HOU,"Apr 24, 2026",HOU,21,9,11,14,63.64,75.87,-12.23,5,6,4,6,2,4,1,2,0,0,0,0,0,0,0,0,0,0,0,0,0,0,2,3
1628379,Luke Kennard,LAL,202604240HOU,"Apr 24, 2026",HOU,14,12,6,16,38.89,47.81,-8.92,6,6,6,3,2,4,0,0,0,0,0,0,1,0,0,0,0,0,0,0,0,0,1,1
1631222,Jake LaRavia,LAL,202604240HOU,"Apr 24, 2026",HOU,2,4,0,4,25.0,25.0,0.0,4,2,0,0,0,0,0,0,0,0,0,0,0,0,0,0,0,0,0,0,0,0,0,0
1629006,Josh Okogie,HOU,202604240HOU,"Apr 24, 2026",LAL,0,1,0,1,0.0,0.0,0.0,1,0,0,0,0,0,0,0,0,0,0,0,0,0,0,0,0,0,0,0,0,0,0,0
1629637,Jaxson Hayes,LAL,202604240HOU,"Apr 24, 2026",HOU,12,8,3,9,63.16,64.38,-1.22,7,8,0,0,1,1,0,0,1,3,0,0,0,0,0,0,0,0,0,0,0,0,0,0
203991,Clint Capela,HOU,202604240HOU,"Apr 24, 2026",LAL,2,2,0,2,50.0,50.0,0.0,2,2,0,0,0,0,0,0,0,0,0,0,0,0,0,0,0,0,0,0,0,0,0,0
1627827,Dorian Finney-Smith,HOU,202604240HOU,"Apr 24, 2026",LAL,0,5,0,5,0.0,0.0,0.0,1,0,4,0,0,0,0,0,0,0,0,0,0,0,0,0,0,0,0,0,0,0,0,0
1628988,Aaron Holiday,HOU,202604240HOU,"Apr 24, 2026",LAL,0,1,0,1,0.0,0.0,0.0,0,0,1,0,0,0,0,0,0,0,0,0,0,0,0,0,0,0,0,0,0,0,0,0
1629020,Jarred Vanderbilt,LAL,202604240HOU,"Apr 24, 2026",HOU,5,5,2,6,35.71,42.52,-6.81,3,4,2,0,1,1,0,0,0,0,0,0,0,0,0,0,0,0,0,0,0,0,0,0
1642355,Bronny James,HOU,202604240HOU,"Apr 24, 2026",LAL,5,2,0,2,100.0,125.0,-25.0,1,2,1,3,0,0,0,0,0,0,0,0,0,0,0,0,0,0,0,0,0,0,0,0
1630256,Jae'Sean Tate,HOU,202604240HOU,"Apr 24, 2026",LAL,1,0,2,1,50.0,56.82,-6.82,0,0,0,0,0,0,0,0,0,0,0,0,0,0,0,0,0,0,0,0,0,0,1,1
201145,Jeff Green,HOU,202604240HOU,"Apr 24, 2026",LAL,0,2,0,2,0.0,0.0,0.0,1,0,1,0,0,0,0,0,0,0,0,0,0,0,0,0,0,0,0,0,0,0,0,0
1641739,Toumani Camara,POR,202604240POR,"Apr 24, 2026",SAS,2,6,0,6,12.5,16.67,-4.17,2,2,4,0,0,0,0,0,0,0,0,0,0,0,0,0,0,0,0,0,0,0,0,0
1630170,Devin Vassell,SAS,202604240POR,"Apr 24, 2026",POR,11,12,1,13,34.38,44.21,-9.83,5,2,7,9,0,0,0,0,0,0,0,0,0,0,0,0,0,0,0,0,1,0,0,0
1642270,Donovan Clingan,POR,202604240POR,"Apr 24, 2026",SAS,7,6,4,8,36.84,45.1,-8.26,3,2,3,3,2,2,0,0,0,0,0,0,0,0,0,0,0,0,0,0,0,0,0,0
1628436,Luke Kornet,SAS,202604240POR,"Apr 24, 2026",POR,14,9,2,10,66.67,70.85,-4.18,8,10,1,3,1,1,0,0,0,0,0,0,0,0,0,0,0,0,0,0,0,0,0,0
1642264,Stephon Castle,SAS,202604240POR,"Apr 24, 2026",POR,33,18,11,23,64.71,72.24,-7.53,13,12,4,9,5,9,0,0,1,3,0,0,0,0,0,0,0,0,0,0,0,0,0,0
1630703,Scoot Henderson,POR,202604240POR,"Apr 24, 2026",SAS,21,18,0,18,45.65,58.33,-12.68,8,6,10,15,0,0,0,0,0,0,0,0,0,0,0,0,0,0,0,0,0,0,0,0
1628368,De'Aaron Fox,SAS,202604240POR,"Apr 24, 2026",POR,18,16,5,18,41.86,49.45,-7.59,9,10,6,3,1,2,0,0,1,3,0,0,0,0,0,0,0,0,0,0,0,0,1,0
1630166,Deni Avdija,POR,202604240POR,"Apr 24, 2026",SAS,19,15,16,24,38.0,43.1,-5.1,11,4,4,3,6,9,0,0,0,0,0,0,2,2,0,0,0,0,0,0,0,0,1,1
1630577,Julian Champagnie,SAS,202604240POR,"Apr 24, 2026",POR,9,7,1,8,47.37,60.48,-13.11,3,2,4,6,0,0,0,0,0,0,0,0,1,1,0,0,0,0,0,0,0,0,0,0
201950,Jrue Holiday,POR,202604240POR,"Apr 24, 2026",SAS,29,18,0,18,64.44,80.56,-16.12,9,14,9,15,0,0,0,0,0,0,0,0,0,0,0,0,0,0,0,0,0,0,0,0
1629057,Robert Williams III,POR,202604240POR,"Apr 24, 2026",SAS,11,8,2,9,57.89,61.94,-4.05,7,10,1,0,0,0,0,0,0,0,0,0,0,0,0,0,0,0,0,0,0,0,1,1
1642868,Carter Bryant,SAS,202604240POR,"Apr 24, 2026",POR,3,5,0,5,21.43,30.0,-8.57,1,0,4,3,0,0,0,0,0,0,0,0,0,0,0,0,0,0,0,0,0,0,0,0
1642844,Dylan Harper,SAS,202604240POR,"Apr 24, 2026",POR,27,12,6,15,77.14,92.21,-15.07,7,10,5,12,2,3,0,0,0,0,0,0,0,0,0,0,0,0,0,0,0,0,1,2
1629640,Keldon Johnson,SAS,202604240POR,"Apr 24, 2026",POR,5,7,2,8,29.41,31.73,-2.32,6,0,1,3,1,2,0,0,0,0,0,0,0,0,0,0,0,0,0,0,0,0,0,0
203924,Jerami Grant,POR,202604240POR,"Apr 24, 2026",SAS,13,11,3,12,43.33,52.76,-9.43,5,2,5,6,1,2,0,0,1,3,0,0,0,0,0,0,0,0,0,0,0,0,0,0
1629680,Matisse Thybulle,POR,202604240POR,"Apr 24, 2026",SAS,2,2,2,3,28.57,34.72,-6.15,1,0,1,0,1,2,0,0,0,0,0,0,0,0,0,0,0,0,0,0,0,0,0,0
1631101,Shaedon Sharpe,SAS,202604240POR,"Apr 24, 2026",POR,4,5,2,6,33.33,34.01,-0.68,5,4,0,0,1,0,0,0,0,0,0,0,0,0,0,0,0,0,0,0,0,0,0,0
203084,Harrison Barnes,SAS,202604240POR,"Apr 24, 2026",POR,0,1,0,1,0.0,0.0,0.0,0,0,1,0,0,0,0,0,0,0,0,0,0,0,0,0,0,0,0,0,0,0,0,0
1630249,Vít Krejčí,POR,202604240POR,"Apr 24, 2026",SAS,0,1,0,1,0.0,0.0,0.0,0,0,1,0,0,0,0,0,0,0,0,0,0,0,0,0,0,0,0,0,0,0,0,0
1630217,Desmond Bane,ORL,202604250ORL,"Apr 25, 2026",DET,25,18,0,18,55.56,69.44,-13.88,9,4,9,21,0,0,0,0,0,0,0,0,0,0,0,0,0,0,0,0,0,0,0,0
1630595,Cade Cunningham,DET,202604250ORL,"Apr 25, 2026",ORL,27,23,9,26,41.54,50.07,-8.53,10,4,10,9,2,3,0,0,3,9,0,0,0,0,0,0,0,0,0,0,0,0,1,2
1628976,Wendell Carter Jr.,ORL,202604250ORL,"Apr 25, 2026",DET,14,9,5,11,53.85,62.5,-8.65,5,8,3,0,1,1,0,0,1,3,0,0,0,0,0,0,0,0,0,0,0,0,1,2
1631105,Jalen Duren,DET,202604250ORL,"Apr 25, 2026",ORL,8,10,2,11,36.36,36.76,-0.4,10,6,0,0,0,0,0,0,0,0,0,0,0,0,0,0,0,0,0,0,0,0,1,2
1629130,Duncan Robinson,DET,202604250ORL,"Apr 25, 2026",ORL,10,8,1,8,41.67,59.24,-17.57,1,0,6,6,0,0,0,0,0,0,1,4,0,0,0,0,0,0,0,0,0,0,0,0
1630532,Franz Wagner,ORL,202604250ORL,"Apr 25, 2026",DET,17,18,2,19,42.5,45.02,-2.52,16,12,2,3,0,0,0,0,0,0,0,0,0,0,0,0,0,0,0,0,0,0,1,2
202699,Tobias Harris,DET,202604250ORL,"Apr 25, 2026",ORL,23,16,5,18,53.49,63.19,-9.7,9,10,6,6,1,2,0,0,1,3,0,0,0,0,0,0,0,0,0,0,0,0,1,2
1631094,Paolo Banchero,ORL,202604250ORL,"Apr 25, 2026",DET,25,17,14,23,47.17,53.97,-6.8,11,6,5,6,4,6,1,2,1,3,0,0,0,0,0,0,0,0,0,0,0,0,1,2
1641710,Anthony Black,ORL,202604250ORL,"Apr 25, 2026",DET,8,6,8,10,34.78,42.02,-7.24,3,0,3,3,2,2,0,0,0,0,0,0,0,0,1,2,0,0,0,0,0,0,1,1
1630591,Jalen Suggs,ORL,202604250ORL,"Apr 25, 2026",DET,15,12,2,13,44.12,58.23,-14.11,4,4,8,9,0,0,0,0,0,0,0,0,0,0,1,2,0,0,0,0,0,0,0,0
1641709,Ausar Thompson,DET,202604250ORL,"Apr 25, 2026",ORL,17,10,5,12,65.38,69.67,-4.29,8,12,1,0,2,3,0,0,1,2,0,0,0,0,0,0,0,0,0,0,0,0,0,0
1641783,Tristan da Silva,ORL,202604250ORL,"Apr 25, 2026",DET,0,2,0,2,0.0,0.0,0.0,1,0,1,0,0,0,0,0,0,0,0,0,0,0,0,0,0,0,0,0,0,0,0,0
1628989,Kevin Huerter,DET,202604250ORL,"Apr 25, 2026",ORL,0,2,0,2,0.0,0.0,0.0,1,0,1,0,0,0,0,0,0,0,0,0,0,0,0,0,0,0,0,0,0,0,0,0
1627747,Caris LeVert,DET,202604250ORL,"Apr 25, 2026",ORL,2,1,0,1,100.0,100.0,0.0,1,2,0,0,0,0,0,0,0,0,0,0,0,0,0,0,0,0,0,0,0,0,0,0
1630191,Isaiah Stewart,DET,202604250ORL,"Apr 25, 2026",ORL,3,3,2,4,37.5,38.66,-1.16,3,2,0,0,0,0,0,0,0,0,0,0,0,0,0,0,0,0,0,0,0,0,1,1
1629048,Goga Bitadze,ORL,202604250ORL,"Apr 25, 2026",DET,2,3,0,3,33.33,33.33,0.0,3,2,0,0,0,0,0,0,0,0,0,0,0,0,0,0,0,0,0,0,0,0,0,0
1629750,Javonte Green,DET,202604250ORL,"Apr 25, 2026",ORL,6,6,0,6,33.33,50.0,-16.67,0,0,6,6,0,0,0,0,0,0,0,0,0,0,0,0,0,0,0,0,0,0,0,0
1631288,Jamal Cain,ORL,202604250ORL,"Apr 25, 2026",DET,7,4,2,5,58.33,71.72,-13.39,2,2,2,3,1,2,0,0,0,0,0,0,0,0,0,0,0,0,0,0,0,0,0,0
1642450,Daniss Jenkins,DET,202604250ORL,"Apr 25, 2026",ORL,5,3,0,3,71.43,83.33,-11.9,2,2,1,3,0,0,0,0,0,0,0,0,0,0,0,0,0,0,0,0,0,0,0,0
1630194,Paul Reed,DET,202604250ORL,"Apr 25, 2026",ORL,4,3,0,3,66.67,66.67,0.0,3,4,0,0,0,0,0,0,0,0,0,0,0,0,0,0,0,0,0,0,0,0,0,0
1629652,Luguentz Dort,OKC,202604250PHO,"Apr 25, 2026",PHX,9,8,0,8,39.13,56.25,-17.12,1,0,7,9,0,0,0,0,0,0,0,0,0,0,0,0,0,0,0,0,0,0,0,0
1631096,Chet Holmgren,PHX,202604250PHO,"Apr 25, 2026",OKC,10,6,0,6,76.92,83.33,-6.41,5,10,1,0,0,0,0,0,0,0,0,0,0,0,0,0,0,0,0,0,0,0,0,0
1628415,Dillon Brooks,PHX,202604250PHO,"Apr 25, 2026",OKC,33,21,7,24,56.9,68.52,-11.62,12,14,8,9,3,6,0,0,0,0,1,4,0,0,0,0,0,0,0,0,0,0,0,0
1628392,Isaiah Hartenstein,OKC,202604250PHO,"Apr 25, 2026",PHX,9,4,4,6,75.0,78.12,-3.12,4,6,0,0,1,1,0,0,0,0,0,0,0,0,0,0,0,0,0,0,0,0,1,2
1630224,Jalen Green,PHX,202604250PHO,"Apr 25, 2026",OKC,26,19,8,22,47.27,57.73,-10.46,9,8,8,6,2,3,0,0,1,3,1,4,0,0,0,0,0,0,0,0,0,0,1,2
1631221,Collin Gillespie,PHX,202604250PHO,"Apr 25, 2026",OKC,7,9,0,9,30.43,38.89,-8.46,4,4,5,3,0,0,0,0,0,0,0,0,0,0,0,0,0,0,0,0,0,0,0,0
1626164,Devin Booker,PHX,202604250PHO,"Apr 25, 2026",OKC,16,16,2,17,40.0,47.39,-7.39,10,8,6,6,0,0,0,0,0,0,0,0,0,0,0,0,0,0,0,0,0,0,1,2
1642349,Ajay Mitchell,OKC,202604250PHO,"Apr 25, 2026",PHX,15,20,4,22,30.61,34.47,-3.86,15,8,5,3,1,2,0,0,0,0,0,0,0,0,0,0,0,0,0,0,0,0,1,2
1642345,Oso Ighodaro,PHX,202604250PHO,"Apr 25, 2026",OKC,15,8,4,10,75.0,76.84,-1.84,8,12,0,0,2,3,0,0,0,0,0,0,0,0,0,0,0,0,0,0,0,0,0,0
1628983,Shai Gilgeous-Alexander,OKC,202604250PHO,"Apr 25, 2026",PHX,42,18,12,24,82.35,90.21,-7.86,15,28,3,3,2,3,0,0,0,0,0,0,0,0,0,0,0,0,0,0,0,0,4,8
1627936,Alex Caruso,OKC,202604250PHO,"Apr 25, 2026",PHX,13,9,0,9,54.17,72.22,-18.05,3,4,6,9,0,0,0,0,0,0,0,0,0,0,0,0,0,0,0,0,0,0,0,0
1630598,Aaron Wiggins,OKC,202604250PHO,"Apr 25, 2026",PHX,2,1,0,1,100.0,100.0,0.0,1,2,0,0,0,0,0,0,0,0,0,0,0,0,0,0,0,0,0,0,0,0,0,0
1641717,Cason Wallace,OKC,202604250PHO,"Apr 25, 2026",PHX,6,8,0,8,27.27,37.5,-10.23,2,0,6,6,0,0,0,0,0,0,0,0,0,0,0,0,0,0,0,0,0,0,0,0
1631119,Jaylin Williams,OKC,202604250PHO,"Apr 25, 2026",PHX,8,8,0,8,36.36,50.0,-13.64,2,2,6,6,0,0,0,0,0,0,0,0,0,0,0,0,0,0,0,0,0,0,0,0
1626220,Royce O'Neale,PHX,202604250PHO,"Apr 25, 2026",OKC,3,4,0,4,25.0,37.5,-12.5,0,0,4,3,0,0,0,0,0,0,0,0,0,0,0,0,0,0,0,0,0,0,0,0
1628960,Grayson Allen,PHX,202604250PHO,"Apr 25, 2026",OKC,7,8,2,9,26.92,39.41,-12.49,0,0,8,6,1,1,0,0,0,0,0,0,0,0,0,0,0,0,0,0,0,0,0,0
1642863,Khaman Maluach,PHX,202604250PHO,"Apr 25, 2026",OKC,2,2,0,2,50.0,50.0,0.0,2,2,0,0,0,0,0,0,0,0,0,0,0,0,0,0,0,0,0,0,0,0,0,0
1642272,Jared McCain,OKC,202604250PHO,"Apr 25, 2026",PHX,7,8,1,8,36.84,41.47,-4.63,5,4,2,0,0,0,0,0,1,3,0,0,0,0,0,0,0,0,0,0,0,0,0,0
1629026,Kenrich Williams,OKC,202604250PHO,"Apr 25, 2026",PHX,0,1,0,1,0.0,0.0,0.0,0,0,1,0,0,0,0,0,0,0,0,0,0,0,0,0,0,0,0,0,0,0,0,0
1628973,Jalen Brunson,NYK,202604250ATL,"Apr 25, 2026",ATL,19,18,2,19,42.22,50.32,-8.1,11,8,7,9,1,2,0,0,0,0,0,0,0,0,0,0,0,0,0,0,0,0,0,0
1630168,Onyeka Okongwu,ATL,202604250ATL,"Apr 25, 2026",NYK,12,7,4,9,57.14,68.49,-11.35,4,6,3,3,1,2,0,0,0,0,0,0,0,0,0,0,0,0,0,0,0,0,1,1
1630552,Jalen Johnson,ATL,202604250ATL,"Apr 25, 2026",NYK,14,12,5,14,41.18,49.3,-8.12,6,4,5,3,1,2,0,0,1,3,0,0,0,0,0,0,0,0,0,0,0,0,1,2
1626157,Karl-Anthony Towns,NYK,202604250ATL,"Apr 25, 2026",ATL,20,10,9,14,64.52,71.63,-7.11,7,8,2,3,3,4,0,0,1,3,0,0,0,0,0,0,0,0,0,0,0,0,1,2
203468,CJ McCollum,ATL,202604250ATL,"Apr 25, 2026",NYK,17,15,3,16,45.95,52.08,-6.13,10,14,4,0,1,1,0,0,1,2,0,0,0,0,0,0,0,0,0,0,0,0,0,0
1628404,Josh Hart,NYK,202604250ATL,"Apr 25, 2026",ATL,10,10,2,11,37.04,45.96,-8.92,5,6,5,3,1,1,0,0,0,0,0,0,0,0,0,0,0,0,0,0,0,0,0,0
1629638,Nickeil Alexander-Walker,ATL,202604250ATL,"Apr 25, 2026",NYK,15,11,0,11,46.88,68.18,-21.3,1,0,10,15,0,0,0,0,0,0,0,0,0,0,0,0,0,0,0,0,0,0,0,0
1628969,Mikal Bridges,NYK,202604250ATL,"Apr 25, 2026",ATL,8,4,2,5,80.0,81.97,-1.97,4,6,0,0,0,0,0,0,0,0,0,0,0,0,0,0,0,0,0,0,0,0,1,2
1630700,Dyson Daniels,ATL,202604250ATL,"Apr 25, 2026",NYK,6,7,0,7,37.5,42.86,-5.36,5,6,2,0,0,0,0,0,0,0,0,0,0,0,0,0,0,0,0,0,0,0,0,0
1628384,OG Anunoby,NYK,202604250ATL,"Apr 25, 2026",ATL,22,16,2,17,55.0,65.17,-10.17,10,12,6,9,1,1,0,0,0,0,0,0,0,0,0,0,0,0,0,0,0,0,0,0
1629216,Gabe Vincent,ATL,202604250ATL,"Apr 25, 2026",NYK,10,6,3,8,52.63,68.31,-15.68,2,2,4,6,0,0,0,0,0,0,0,0,1,0,0,0,0,0,0,0,0,0,1,2
1630631,Jose Alvarado,NYK,202604250ATL,"Apr 25, 2026",ATL,6,5,0,5,46.15,60.0,-13.85,2,0,3,6,0,0,0,0,0,0,0,0,0,0,0,0,0,0,0,0,0,0,0,0
203903,Jordan Clarkson,NYK,202604250ATL,"Apr 25, 2026",ATL,7,4,3,6,58.33,65.79,-7.46,3,4,1,0,1,2,0,0,0,0,0,0,1,1,0,0,0,0,0,0,0,0,0,0
1630540,Miles McBride,NYK,202604250ATL,"Apr 25, 2026",ATL,11,7,0,7,55.0,78.57,-23.57,1,2,6,9,0,0,0,0,0,0,0,0,0,0,0,0,0,0,0,0,0,0,0,0
1629011,Mitchell Robinson,NYK,202604250ATL,"Apr 25, 2026",ATL,6,3,3,5,66.67,69.44,-2.77,3,4,0,0,1,1,0,0,0,0,0,0,0,0,0,0,0,0,0,0,0,0,1,1
1631243,Mouhamed Gueye,ATL,202604250ATL,"Apr 25, 2026",NYK,0,1,0,1,0.0,0.0,0.0,0,0,1,0,0,0,0,0,0,0,0,0,0,0,0,0,0,0,0,0,0,0,0,0
1630228,Jonathan Kuminga,ATL,202604250ATL,"Apr 25, 2026",NYK,10,10,5,12,32.26,40.98,-8.72,3,4,6,0,2,3,0,0,1,3,0,0,0,0,0,0,0,0,0,0,0,0,0,0
1630557,Corey Kispert,NYK,202604250ATL,"Apr 25, 2026",ATL,3,7,1,8,16.67,20.16,-3.49,4,2,3,0,0,0,0,0,0,0,0,0,1,1,0,0,0,0,0,0,0,0,0,0
1628396,Tony Bradley,ATL,202604250ATL,"Apr 25, 2026",NYK,4,1,2,2,100.0,106.38,-6.38,1,2,0,0,0,0,0,0,0,0,0,0,0,0,0,0,0,0,0,0,0,0,1,2
1642854,Asa Newell,ATL,202604250ATL,"Apr 25, 2026",NYK,2,2,0,2,50.0,50.0,0.0,2,2,0,0,0,0,0,0,0,0,0,0,0,0,0,0,0,0,0,0,0,0,0,0
1642258,Zaccharie Risacher,ATL,202604250ATL,"Apr 25, 2026",NYK,3,2,0,2,50.0,75.0,-25.0,0,0,2,3,0,0,0,0,0,0,0,0,0,0,0,0,0,0,0,0,0,0,0,0
1630811,Keaton Wallace,ATL,202604250ATL,"Apr 25, 2026",NYK,2,2,2,3,28.57,34.72,-6.15,1,0,1,0,0,0,0,0,0,0,0,0,0,0,0,0,0,0,0,0,0,0,1,2
1642885,Mohamed Diawara,NYK,202604250ATL,"Apr 25, 2026",ATL,0,3,0,3,0.0,0.0,0.0,3,0,0,0,0,0,0,0,0,0,0,0,0,0,0,0,0,0,0,0,0,0,0,0
1630574,Ariel Hukporti,NYK,202604250ATL,"Apr 25, 2026",ATL,0,1,0,1,0.0,0.0,0.0,1,0,0,0,0,0,0,0,0,0,0,0,0,0,0,0,0,0,0,0,0,0,0,0
1642278,Tyler Kolek,NYK,202604250ATL,"Apr 25, 2026",ATL,2,1,0,1,100.0,100.0,0.0,1,2,0,0,0,0,0,0,0,0,0,0,0,0,0,0,0,0,0,0,0,0,0,0
1629013,Landry Shamet,NYK,202604250ATL,"Apr 25, 2026",ATL,3,1,0,1,100.0,150.0,-50.0,0,0,1,3,0,0,0,0,0,0,0,0,0,0,0,0,0,0,0,0,0,0,0,0
203944,Julius Randle,MIN,202604250MIN,"Apr 25, 2026",DEN,15,16,4,18,40.54,42.23,-1.69,15,12,1,0,2,3,0,0,0,0,0,0,0,0,0,0,0,0,0,0,0,0,0,0
1627750,Jamal Murray,DEN,202604250MIN,"Apr 25, 2026",MIN,30,25,7,29,46.88,53.42,-6.54,18,14,7,9,3,6,0,0,0,0,0,0,1,1,0,0,0,0,0,0,0,0,0,0
1630162,Anthony Edwards,MIN,202604250MIN,"Apr 25, 2026",DEN,5,8,2,9,23.81,28.15,-4.34,5,0,3,3,1,2,0,0,0,0,0,0,0,0,0,0,0,0,0,0,0,0,0,0
1628978,Donte DiVincenzo,MIN,202604250MIN,"Apr 25, 2026",DEN,0,1,0,1,0.0,0.0,0.0,0,0,1,0,0,0,0,0,0,0,0,0,0,0,0,0,0,0,0,0,0,0,0,0
1630245,Ayo Dosunmu,MIN,202604250MIN,"Apr 25, 2026",DEN,43,17,12,23,84.31,96.5,-12.19,12,16,5,15,3,6,0,0,0,0,0,0,0,0,0,0,0,0,0,0,0,0,3,6
203932,Aaron Gordon,DEN,202604250MIN,"Apr 25, 2026",MIN,9,11,0,11,33.33,40.91,-7.58,6,6,5,3,0,0,0,0,0,0,0,0,0,0,0,0,0,0,0,0,0,0,0,0
203999,Nikola Jokić,DEN,202604250MIN,"Apr 25, 2026",MIN,24,22,8,26,43.64,47.02,-3.38,19,16,3,0,0,0,0,0,0,0,0,0,0,0,0,0,0,0,0,0,0,0,4,8
1631128,Christian Braun,DEN,202604250MIN,"Apr 25, 2026",MIN,8,4,4,6,61.54,69.44,-7.9,3,2,1,3,2,3,0,0,0,0,0,0,0,0,0,0,0,0,0,0,0,0,0,0
1630183,Jaden McDaniels,MIN,202604250MIN,"Apr 25, 2026",DEN,12,11,4,13,44.44,47.02,-2.58,10,8,1,0,1,2,0,0,0,0,0,0,0,0,0,0,0,0,0,0,0,0,1,2
203497,Rudy Gobert,MIN,202604250MIN,"Apr 25, 2026",DEN,4,8,0,8,23.53,25.0,-1.47,7,4,1,0,0,0,0,0,0,0,0,0,0,0,0,0,0,0,0,0,0,0,0,0
203501,Tim Hardaway Jr.,DEN,202604250MIN,"Apr 25, 2026",MIN,10,10,5,12,32.26,40.98,-8.72,3,4,6,0,1,2,0,0,1,3,0,0,0,0,0,0,0,0,0,0,0,0,1,1
1642461,Spencer Jones,DEN,202604250MIN,"Apr 25, 2026",MIN,0,2,0,2,0.0,0.0,0.0,0,0,2,0,0,0,0,0,0,0,0,0,0,0,0,0,0,0,0,0,0,0,0,0
1629675,Naz Reid,MIN,202604250MIN,"Apr 25, 2026",DEN,17,13,2,14,51.52,61.24,-9.72,8,12,5,3,0,0,0,0,0,0,0,0,0,0,0,0,0,0,0,0,0,0,1,2
1630538,Bones Hyland,MIN,202604250MIN,"Apr 25, 2026",DEN,8,9,2,10,32.0,40.49,-8.49,4,6,5,0,0,0,0,0,0,0,0,0,0,0,0,0,0,0,0,0,0,0,1,2
1628971,Bruce Brown,DEN,202604250MIN,"Apr 25, 2026",MIN,6,7,0,7,37.5,42.86,-5.36,5,6,2,0,0,0,0,0,0,0,0,0,0,0,0,0,0,0,0,0,0,0,0,0
201144,Mike Conley,MIN,202604250MIN,"Apr 25, 2026",DEN,5,4,0,4,50.0,62.5,-12.5,2,2,2,3,0,0,0,0,0,0,0,0,0,0,0,0,0,0,0,0,0,0,0,0
203937,Kyle Anderson,MIN,202604250MIN,"Apr 25, 2026",DEN,0,1,0,1,0.0,0.0,0.0,1,0,0,0,0,0,0,0,0,0,0,0,0,0,0,0,0,0,0,0,0,0,0,0
1629661,Cameron Johnson,DEN,202604250MIN,"Apr 25, 2026",MIN,9,6,4,8,50.0,57.99,-7.99,4,4,2,3,2,2,0,0,0,0,0,0,0,0,0,0,0,0,0,0,0,0,0,0
1630545,Terrence Shannon Jr.,MIN,202604250MIN,"Apr 25, 2026",DEN,3,1,0,1,100.0,150.0,-50.0,0,0,1,3,0,0,0,0,0,0,0,0,0,0,0,0,0,0,0,0,0,0,0,0
1627742,Brandon Ingram,TOR,202604260TOR,"Apr 26, 2026",CLE,23,23,9,27,37.1,42.66,-5.56,16,6,7,9,2,4,1,2,0,0,0,0,0,0,0,0,0,0,0,0,0,0,1,2
1628378,Donovan Mitchell,CLE,202604260TOR,"Apr 26, 2026",TOR,20,24,4,26,31.25,38.82,-7.57,12,4,12,12,1,2,0,0,0,0,0,0,0,0,0,0,0,0,0,0,0,0,1,2
1629628,RJ Barrett,TOR,202604260TOR,"Apr 26, 2026",CLE,18,22,4,24,33.33,37.88,-4.55,16,14,6,3,1,0,0,0,0,0,0,0,0,0,0,0,0,0,0,0,0,0,1,1
1627751,Jakob Poeltl,TOR,202604260TOR,"Apr 26, 2026",CLE,10,7,2,7,62.5,63.45,-0.95,5,4,0,0,0,0,0,0,2,6,0,0,0,0,0,0,0,0,0,0,0,0,0,0
1629731,Dean Wade,CLE,202604260TOR,"Apr 26, 2026",TOR,7,5,0,5,53.85,70.0,-16.15,2,4,3,3,0,0,0,0,0,0,0,0,0,0,0,0,0,0,0,0,0,0,0,0
201935,James Harden,CLE,202604260TOR,"Apr 26, 2026",TOR,19,14,6,16,47.5,57.09,-9.59,6,4,6,6,1,2,0,0,2,5,0,0,1,2,0,0,0,0,0,0,0,0,0,0
1642266,Ja'Kobe Walter,TOR,202604260TOR,"Apr 26, 2026",CLE,0,9,0,9,0.0,0.0,0.0,1,0,8,0,0,0,0,0,0,0,0,0,0,0,0,0,0,0,0,0,0,0,0,0
1630567,Scottie Barnes,TOR,202604260TOR,"Apr 26, 2026",CLE,23,15,14,22,50.0,54.35,-4.35,13,12,2,0,4,6,0,0,0,0,0,0,0,0,0,0,0,0,0,0,0,0,3,5
1630596,Evan Mobley,CLE,202604260TOR,"Apr 26, 2026",TOR,8,11,0,11,32.0,36.36,-4.36,8,8,3,0,0,0,0,0,0,0,0,0,0,0,0,0,0,0,0,0,0,0,0,0
1628386,Jarrett Allen,CLE,202604260TOR,"Apr 26, 2026",TOR,3,5,4,7,21.43,22.19,-0.76,5,2,0,0,2,1,0,0,0,0,0,0,0,0,0,0,0,0,0,0,0,0,0,0
1629622,Max Strus,CLE,202604260TOR,"Apr 26, 2026",TOR,1,5,2,6,5.88,8.5,-2.62,0,0,5,0,1,1,0,0,0,0,0,0,0,0,0,0,0,0,0,0,0,0,0,0
1642281,Jaylon Tyson,CLE,202604260TOR,"Apr 26, 2026",TOR,9,6,6,9,47.37,52.08,-4.71,5,6,1,0,2,1,0,0,0,0,0,0,0,0,0,0,0,0,0,0,0,0,1,2
1642867,Collin Murray-Boyles,TOR,202604260TOR,"Apr 26, 2026",CLE,15,11,7,14,51.72,53.27,-1.55,10,8,0,0,1,1,0,0,1,3,0,0,0,0,1,1,0,0,0,0,0,0,1,2
1642347,Jamal Shead,TOR,202604260TOR,"Apr 26, 2026",CLE,2,6,0,6,11.76,16.67,-4.91,1,2,5,0,0,0,0,0,0,0,0,0,0,0,0,0,0,0,0,0,0,0,0,0
1630572,Sandro Mamukelashvili,TOR,202604260TOR,"Apr 26, 2026",CLE,2,3,0,3,28.57,33.33,-4.76,2,2,1,0,0,0,0,0,0,0,0,0,0,0,0,0,0,0,0,0,0,0,0,0
203471,Dennis Schröder,CLE,202604260TOR,"Apr 26, 2026",TOR,8,7,0,7,50.0,57.14,-7.14,5,8,2,0,0,0,0,0,0,0,0,0,0,0,0,0,0,0,0,0,0,0,0,0
1642419,Jamison Battle,TOR,202604260TOR,"Apr 26, 2026",CLE,0,1,0,1,0.0,0.0,0.0,0,0,1,0,0,0,0,0,0,0,0,0,0,0,0,0,0,0,0,0,0,0,0,0
1630241,Sam Merrill,TOR,202604260TOR,"Apr 26, 2026",CLE,14,9,1,9,53.85,74.15,-20.3,1,2,7,9,0,0,0,0,1,3,0,0,0,0,0,0,0,0,0,0,0,0,0,0
1631165,Keon Ellis,CLE,202604260TOR,"Apr 26, 2026",TOR,0,1,0,1,0.0,0.0,0.0,0,0,1,0,0,0,0,0,0,0,0,0,0,0,0,0,0,0,0,0,0,0,0,0
1641705,Victor Wembanyama,SAS,202604260POR,"Apr 26, 2026",POR,27,17,8,21,58.7,65.79,-7.09,13,16,4,3,2,4,0,0,0,0,0,0,0,0,0,0,0,0,0,0,0,0,2,4
201950,Jrue Holiday,POR,202604260POR,"Apr 26, 2026",SAS,20,13,6,16,52.63,63.94,-11.31,7,6,6,9,2,4,0,0,0,0,0,0,0,0,0,0,0,0,0,0,0,0,1,1
1630166,Deni Avdija,POR,202604260POR,"Apr 26, 2026",SAS,26,14,9,18,65.0,72.38,-7.38,10,10,3,6,2,3,0,0,1,3,0,0,0,0,0,0,0,0,0,0,0,0,2,4
1642270,Donovan Clingan,POR,202604260POR,"Apr 26, 2026",SAS,5,10,0,10,19.23,25.0,-5.77,4,2,6,3,0,0,0,0,0,0,0,0,0,0,0,0,0,0,0,0,0,0,0,0
1641739,Toumani Camara,POR,202604260POR,"Apr 26, 2026",SAS,8,8,0,8,36.36,50.0,-13.64,2,2,6,6,0,0,0,0,0,0,0,0,0,0,0,0,0,0,0,0,0,0,0,0
1642264,Stephon Castle,SAS,202604260POR,"Apr 26, 2026",POR,16,14,1,15,45.71,55.4,-9.69,8,6,6,9,0,0,0,0,0,0,0,0,1,1,0,0,0,0,0,0,0,0,0,0
1628368,De'Aaron Fox,SAS,202604260POR,"Apr 26, 2026",POR,28,17,4,19,60.87,74.63,-13.76,9,14,8,12,2,2,0,0,0,0,0,0,0,0,0,0,0,0,0,0,0,0,0,0
1630703,Scoot Henderson,POR,202604260POR,"Apr 26, 2026",SAS,0,7,0,7,0.0,0.0,0.0,4,0,3,0,0,0,0,0,0,0,0,0,0,0,0,0,0,0,0,0,0,0,0,0
1630577,Julian Champagnie,SAS,202604260POR,"Apr 26, 2026",POR,8,6,0,6,50.0,66.67,-16.67,2,2,4,6,0,0,0,0,0,0,0,0,0,0,0,0,0,0,0,0,0,0,0,0
1630170,Devin Vassell,SAS,202604260POR,"Apr 26, 2026",POR,11,9,0,9,52.38,61.11,-8.73,6,8,3,3,0,0,0,0,0,0,0,0,0,0,0,0,0,0,0,0,0,0,0,0
1628436,Luke Kornet,SAS,202604260POR,"Apr 26, 2026",POR,2,7,0,7,14.29,14.29,0.0,7,2,0,0,0,0,0,0,0,0,0,0,0,0,0,0,0,0,0,0,0,0,0,0
203924,Jerami Grant,POR,202604260POR,"Apr 26, 2026",SAS,17,12,4,14,54.84,61.77,-6.93,9,10,3,3,2,4,0,0,0,0,0,0,0,0,0,0,0,0,0,0,0,0,0,0
1642844,Dylan Harper,SAS,202604260POR,"Apr 26, 2026",POR,3,6,2,7,18.75,21.8,-3.05,4,2,2,0,1,1,0,0,0,0,0,0,0,0,0,0,0,0,0,0,0,0,0,0
1629640,Keldon Johnson,SAS,202604260POR,"Apr 26, 2026",POR,9,5,2,6,64.29,76.53,-12.24,3,4,2,3,1,2,0,0,0,0,0,0,0,0,0,0,0,0,0,0,0,0,0,0
1631101,Shaedon Sharpe,POR,202604260POR,"Apr 26, 2026",SAS,8,6,2,7,50.0,58.14,-8.14,4,4,2,3,1,1,0,0,0,0,0,0,0,0,0,0,0,0,0,0,0,0,0,0
1629057,Robert Williams III,POR,202604260POR,"Apr 26, 2026",SAS,4,4,0,4,50.0,50.0,0.0,4,4,0,0,0,0,0,0,0,0,0,0,0,0,0,0,0,0,0,0,0,0,0,0
1631200,Kris Murray,POR,202604260POR,"Apr 26, 2026",SAS,4,3,0,3,57.14,66.67,-9.53,2,4,1,0,0,0,0,0,0,0,0,0,0,0,0,0,0,0,0,0,0,0,0,0
1642868,Carter Bryant,SAS,202604260POR,"Apr 26, 2026",POR,6,3,0,3,66.67,100.0,-33.33,0,0,3,6,0,0,0,0,0,0,0,0,0,0,0,0,0,0,0,0,0,0,0,0
203084,Harrison Barnes,POR,202604260POR,"Apr 26, 2026",SAS,2,2,0,2,40.0,50.0,-10.0,1,2,1,0,0,0,0,0,0,0,0,0,0,0,0,0,0,0,0,0,0,0,0,0
1631321,Sidy Cissoko,POR,202604260POR,"Apr 26, 2026",SAS,0,3,0,3,0.0,0.0,0.0,2,0,1,0,0,0,0,0,0,0,0,0,0,0,0,0,0,0,0,0,0,0,0,0
1629162,Jordan McLaughlin,SAS,202604260POR,"Apr 26, 2026",POR,2,1,0,1,100.0,100.0,0.0,1,2,0,0,0,0,0,0,0,0,0,0,0,0,0,0,0,0,0,0,0,0,0,0
1631104,Blake Wesley,POR,202604260POR,"Apr 26, 2026",SAS,1,0,2,1,50.0,56.82,-6.82,0,0,0,0,0,0,0,0,0,0,0,0,0,0,0,0,0,0,0,0,0,0,1,1
1629674,Neemias Queta,BOS,202604260PHI,"Apr 26, 2026",PHI,9,3,4,5,90.0,94.54,-4.54,3,6,0,0,2,3,0,0,0,0,0,0,0,0,0,0,0,0,0,0,0,0,0,0
203954,Joel Embiid,PHI,202604260PHI,"Apr 26, 2026",BOS,26,21,9,25,45.61,52.08,-6.47,14,14,6,3,3,5,0,0,1,3,0,0,0,0,0,0,0,0,0,0,0,0,1,1
1630573,Sam Hauser,BOS,202604260PHI,"Apr 26, 2026",PHI,6,8,0,8,27.27,37.5,-10.23,2,0,6,6,0,0,0,0,0,0,0,0,0,0,0,0,0,0,0,0,0,0,0,0
1626162,Kelly Oubre Jr.,PHI,202604260PHI,"Apr 26, 2026",BOS,2,6,2,7,12.5,14.53,-2.03,4,0,2,0,1,2,0,0,0,0,0,0,0,0,0,0,0,0,0,0,0,0,0,0
1628369,Jayson Tatum,BOS,202604260PHI,"Apr 26, 2026",PHI,30,16,9,19,58.82,75.15,-16.33,5,4,9,12,2,4,1,3,1,3,1,4,0,0,0,0,0,0,0,0,0,0,0,0
1627759,Jaylen Brown,BOS,202604260PHI,"Apr 26, 2026",PHI,20,15,9,19,43.48,52.74,-9.26,7,4,7,9,2,1,0,0,1,3,0,0,0,0,1,1,0,0,0,0,0,0,1,2
1642845,VJ Edgecombe,PHI,202604260PHI,"Apr 26, 2026",BOS,6,9,2,10,25.0,30.36,-5.36,5,4,4,0,1,2,0,0,0,0,0,0,0,0,0,0,0,0,0,0,0,0,0,0
202331,Paul George,PHI,202604260PHI,"Apr 26, 2026",BOS,16,13,1,14,53.33,59.52,-6.19,10,6,3,9,0,0,0,0,0,0,0,0,1,1,0,0,0,0,0,0,0,0,0,0
202696,Nikola Vučević,BOS,202604260PHI,"Apr 26, 2026",PHI,4,6,2,7,25.0,29.07,-4.07,4,4,2,0,1,0,0,0,0,0,0,0,0,0,0,0,0,0,0,0,0,0,0,0
1628401,Derrick White,BOS,202604260PHI,"Apr 26, 2026",PHI,6,5,0,5,42.86,60.0,-17.14,1,0,4,6,0,0,0,0,0,0,0,0,0,0,0,0,0,0,0,0,0,0,0,0
1630202,Payton Pritchard,BOS,202604260PHI,"Apr 26, 2026",PHI,32,21,2,22,57.14,73.13,-15.99,9,12,12,18,1,2,0,0,0,0,0,0,0,0,0,0,0,0,0,0,0,0,0,0
1630568,Luka Garza,BOS,202604260PHI,"Apr 26, 2026",PHI,6,2,2,3,85.71,104.17,-18.46,1,2,1,3,1,1,0,0,0,0,0,0,0,0,0,0,0,0,0,0,0,0,0,0
203083,Andre Drummond,PHI,202604260PHI,"Apr 26, 2026",BOS,2,1,2,2,40.0,53.19,-13.19,0,0,1,0,0,0,0,0,0,0,0,0,0,0,0,0,0,0,0,0,0,0,1,2
1641775,Jordan Walsh,BOS,202604260PHI,"Apr 26, 2026",PHI,3,4,0,4,25.0,37.5,-12.5,0,0,4,3,0,0,0,0,0,0,0,0,0,0,0,0,0,0,0,0,0,0,0,0
1630178,Tyrese Maxey,PHI,202604260PHI,"Apr 26, 2026",BOS,22,14,4,16,56.41,69.8,-13.39,7,6,7,12,2,4,0,0,0,0,0,0,0,0,0,0,0,0,0,0,0,0,0,0
1631248,Baylor Scheierman,BOS,202604260PHI,"Apr 26, 2026",PHI,6,5,0,5,40.0,60.0,-20.0,0,0,5,6,0,0,0,0,0,0,0,0,0,0,0,0,0,0,0,0,0,0,0,0
1631230,Dominick Barlow,PHI,202604260PHI,"Apr 26, 2026",BOS,0,1,0,1,0.0,0.0,0.0,0,0,1,0,0,0,0,0,0,0,0,0,0,0,0,0,0,0,0,0,0,0,0,0
1629656,Quentin Grimes,PHI,202604260PHI,"Apr 26, 2026",BOS,12,7,2,8,63.16,76.14,-12.98,4,8,3,3,1,1,0,0,0,0,0,0,0,0,0,0,0,0,0,0,0,0,0,0
1641737,Adem Bona,PHI,202604260PHI,"Apr 26, 2026",BOS,4,2,0,2,100.0,100.0,0.0,2,4,0,0,0,0,0,0,0,0,0,0,0,0,0,0,0,0,0,0,0,0,0,0
1630570,Trendon Watford,PHI,202604260PHI,"Apr 26, 2026",BOS,4,1,2,2,100.0,106.38,-6.38,1,2,0,0,1,2,0,0,0,0,0,0,0,0,0,0,0,0,0,0,0,0,0,0
1631207,Dalen Terry,PHI,202604260PHI,"Apr 26, 2026",BOS,0,1,0,1,0.0,0.0,0.0,0,0,1,0,0,0,0,0,0,0,0,0,0,0,0,0,0,0,0,0,0,0,0,0
1631133,Jabari Walker,PHI,202604260PHI,"Apr 26, 2026",BOS,2,4,0,4,20.0,25.0,-5.0,2,2,2,0,0,0,0,0,0,0,0,0,0,0,0,0,0,0,0,0,0,0,0,0
1631199,Ron Harper Jr.,BOS,202604260PHI,"Apr 26, 2026",PHI,3,1,0,1,100.0,150.0,-50.0,0,0,1,3,0,0,0,0,0,0,0,0,0,0,0,0,0,0,0,0,0,0,0,0
1642917,Max Shulga,BOS,202604260PHI,"Apr 26, 2026",PHI,3,1,0,1,100.0,150.0,-50.0,0,0,1,3,0,0,0,0,0,0,0,0,0,0,0,0,0,0,0,0,0,0,0,0
1629060,Rui Hachimura,LAL,202604260HOU,"Apr 26, 2026",HOU,13,10,0,10,59.09,65.0,-5.91,8,10,2,3,0,0,0,0,0,0,0,0,0,0,0,0,0,0,0,0,0,0,0,0
1642263,Reed Sheppard,HOU,202604260HOU,"Apr 26, 2026",LAL,17,12,1,13,53.12,68.33,-15.21,5,4,7,12,0,0,0,0,0,0,0,0,1,1,0,0,0,0,0,0,0,0,0,0
203935,Marcus Smart,LAL,202604260HOU,"Apr 26, 2026",HOU,9,8,3,9,42.86,48.28,-5.42,5,4,2,0,0,0,0,0,1,3,0,0,0,0,0,0,0,0,0,0,0,0,1,2
1631095,Jabari Smith Jr.,HOU,202604260HOU,"Apr 26, 2026",LAL,16,15,6,18,34.78,45.35,-10.57,5,4,10,6,3,6,0,0,0,0,0,0,0,0,0,0,0,0,0,0,0,0,0,0
1641708,Amen Thompson,HOU,202604260HOU,"Apr 26, 2026",LAL,23,16,3,17,65.71,66.4,-0.69,15,18,0,0,1,2,0,0,1,3,0,0,0,0,0,0,0,0,0,0,0,0,0,0
1629028,Deandre Ayton,LAL,202604260HOU,"Apr 26, 2026",HOU,19,12,1,12,76.0,76.37,-0.37,11,16,0,0,0,0,0,0,1,3,0,0,0,0,0,0,0,0,0,0,0,0,0,0
1628379,Luke Kennard,LAL,202604260HOU,"Apr 26, 2026",HOU,7,8,1,9,35.0,41.47,-6.47,5,6,3,0,0,0,0,0,0,0,0,0,0,0,0,0,0,0,0,0,0,0,1,1
1630578,Alperen Sengun,HOU,202604260HOU,"Apr 26, 2026",LAL,19,12,13,18,51.35,53.61,-2.26,10,8,0,0,3,2,0,0,2,6,0,0,0,0,1,1,0,0,0,0,0,0,2,2
1631106,Tari Eason,HOU,202604260HOU,"Apr 26, 2026",LAL,20,10,4,12,68.97,85.03,-16.06,5,10,5,6,2,4,0,0,0,0,0,0,0,0,0,0,0,0,0,0,0,0,0,0
2544,LeBron James,LAL,202604260HOU,"Apr 26, 2026",HOU,10,9,6,12,37.04,42.96,-5.92,6,4,3,0,3,6,0,0,0,0,0,0,0,0,0,0,0,0,0,0,0,0,0,0
1629006,Josh Okogie,HOU,202604260HOU,"Apr 26, 2026",LAL,5,5,0,5,41.67,50.0,-8.33,3,2,2,3,0,0,0,0,0,0,0,0,0,0,0,0,0,0,0,0,0,0,0,0
1631222,Jake LaRavia,LAL,202604260HOU,"Apr 26, 2026",HOU,6,5,2,6,46.15,51.02,-4.87,4,4,1,0,1,2,0,0,0,0,0,0,0,0,0,0,0,0,0,0,0,0,0,0
1628988,Aaron Holiday,HOU,202604260HOU,"Apr 26, 2026",LAL,9,8,0,8,42.86,56.25,-13.39,3,0,5,9,0,0,0,0,0,0,0,0,0,0,0,0,0,0,0,0,0,0,0,0
1629637,Jaxson Hayes,LAL,202604260HOU,"Apr 26, 2026",HOU,2,2,2,3,33.33,34.72,-1.39,2,2,0,0,1,0,0,0,0,0,0,0,0,0,0,0,0,0,0,0,0,0,0,0
1629020,Jarred Vanderbilt,LAL,202604260HOU,"Apr 26, 2026",HOU,8,6,1,6,57.14,62.11,-4.97,4,6,1,0,0,0,0,0,1,2,0,0,0,0,0,0,0,0,0,0,0,0,0,0
1627827,Dorian Finney-Smith,HOU,202604260HOU,"Apr 26, 2026",LAL,2,2,2,3,28.57,34.72,-6.15,1,0,1,0,0,0,0,0,0,0,0,0,0,0,0,0,0,0,0,0,0,0,1,2
1642355,Bronny James,LAL,202604260HOU,"Apr 26, 2026",HOU,5,5,0,5,35.71,50.0,-14.29,1,2,4,3,0,0,0,0,0,0,0,0,0,0,0,0,0,0,0,0,0,0,0,0
1642261,Dalton Knecht,LAL,202604260HOU,"Apr 26, 2026",HOU,8,3,2,4,72.73,103.09,-30.36,0,0,3,6,1,2,0,0,0,0,0,0,0,0,0,0,0,0,0,0,0,0,0,0
1641733,Nick Smith Jr.,LAL,202604260HOU,"Apr 26, 2026",HOU,5,5,0,5,38.46,50.0,-11.54,2,2,3,3,0,0,0,0,0,0,0,0,0,0,0,0,0,0,0,0,0,0,0,0
1642876,Adou Thiero,LAL,202604260HOU,"Apr 26, 2026",HOU,3,1,1,1,100.0,104.17,-4.17,0,0,0,0,0,0,0,0,1,3,0,0,0,0,0,0,0,0,0,0,0,0,0,0
1628467,Maxi Kleber,LAL,202604260HOU,"Apr 26, 2026",HOU,1,0,2,1,50.0,56.82,-6.82,0,0,0,0,0,0,0,0,0,0,0,0,0,0,0,0,0,0,0,0,0,0,1,1
1631120,JD Davison,HOU,202604260HOU,"Apr 26, 2026",LAL,2,0,2,1,100.0,113.64,-13.64,0,0,0,0,1,2,0,0,0,0,0,0,0,0,0,0,0,0,0,0,0,0,0,0
1630256,Jae'Sean Tate,HOU,202604260HOU,"Apr 26, 2026",LAL,2,1,0,1,100.0,100.0,0.0,1,2,0,0,0,0,0,0,0,0,0,0,0,0,0,0,0,0,0,0,0,0,0,0
202699,Tobias Harris,DET,202604270ORL,"Apr 27, 2026",ORL,20,17,5,19,45.45,52.08,-6.63,10,12,5,0,1,1,0,0,2,6,0,0,1,1,0,0,0,0,0,0,0,0,0,0
1628976,Wendell Carter Jr.,ORL,202604270ORL,"Apr 27, 2026",DET,12,8,8,12,46.15,52.08,-5.93,6,4,2,3,1,1,0,0,0,0,0,0,0,0,0,0,0,0,0,0,0,0,3,4
1630595,Cade Cunningham,DET,202604270ORL,"Apr 27, 2026",ORL,25,23,10,28,37.31,45.62,-8.31,11,6,11,9,3,5,0,0,1,3,0,0,1,1,0,0,0,0,0,0,0,0,1,1
1631094,Paolo Banchero,ORL,202604270ORL,"Apr 27, 2026",DET,18,18,13,24,33.96,37.94,-3.98,13,6,4,0,6,9,0,0,1,3,0,0,0,0,0,0,0,0,0,0,0,0,0,0
1630217,Desmond Bane,ORL,202604270ORL,"Apr 27, 2026",DET,22,18,4,20,44.0,55.67,-11.67,8,4,10,15,2,3,0,0,0,0,0,0,0,0,0,0,0,0,0,0,0,0,0,0
1631105,Jalen Duren,DET,202604270ORL,"Apr 27, 2026",ORL,12,8,2,9,66.67,67.57,-0.9,8,10,0,0,1,2,0,0,0,0,0,0,0,0,0,0,0,0,0,0,0,0,0,0
1630532,Franz Wagner,ORL,202604270ORL,"Apr 27, 2026",DET,19,15,4,17,51.35,56.68,-5.33,12,12,3,3,2,4,0,0,0,0,0,0,0,0,0,0,0,0,0,0,0,0,0,0
1630591,Jalen Suggs,DET,202604270ORL,"Apr 27, 2026",ORL,5,13,2,14,12.82,18.01,-5.19,2,0,11,3,0,0,0,0,0,0,0,0,0,0,0,0,0,0,0,0,0,0,1,2
1629130,Duncan Robinson,ORL,202604270ORL,"Apr 27, 2026",DET,7,8,2,9,29.17,39.41,-10.24,2,2,6,3,0,0,0,0,0,0,0,0,0,0,0,0,0,0,0,0,0,0,1,2
1641709,Ausar Thompson,DET,202604270ORL,"Apr 27, 2026",ORL,6,8,4,10,30.0,30.74,-0.74,8,4,0,0,1,2,0,0,0,0,0,0,0,0,0,0,0,0,0,0,0,0,1,0
1641710,Anthony Black,ORL,202604270ORL,"Apr 27, 2026",DET,2,4,0,4,25.0,25.0,0.0,4,2,0,0,0,0,0,0,0,0,0,0,0,0,0,0,0,0,0,0,0,0,0,0
1641783,Tristan da Silva,ORL,202604270ORL,"Apr 27, 2026",DET,6,4,2,5,46.15,61.48,-15.33,1,2,3,3,0,0,0,0,0,0,0,0,0,0,0,0,0,0,0,0,0,0,1,1
1629750,Javonte Green,DET,202604270ORL,"Apr 27, 2026",ORL,5,4,0,4,45.45,62.5,-17.05,1,2,3,3,0,0,0,0,0,0,0,0,0,0,0,0,0,0,0,0,0,0,0,0
1627747,Caris LeVert,DET,202604270ORL,"Apr 27, 2026",ORL,2,4,0,4,22.22,25.0,-2.78,3,2,1,0,0,0,0,0,0,0,0,0,0,0,0,0,0,0,0,0,0,0,0,0
1642450,Daniss Jenkins,DET,202604270ORL,"Apr 27, 2026",ORL,3,6,2,7,17.65,21.8,-4.15,3,2,3,0,0,0,0,0,0,0,0,0,0,0,0,0,0,0,0,0,0,0,1,1
1630191,Isaiah Stewart,DET,202604270ORL,"Apr 27, 2026",ORL,8,4,3,5,66.67,75.19,-8.52,2,2,1,3,0,0,0,0,1,2,0,0,0,0,0,0,0,0,0,0,0,0,1,1
1629048,Goga Bitadze,ORL,202604270ORL,"Apr 27, 2026",DET,2,4,1,4,22.22,22.52,-0.3,3,0,0,0,0,0,0,0,1,2,0,0,0,0,0,0,0,0,0,0,0,0,0,0
1631288,Jamal Cain,ORL,202604270ORL,"Apr 27, 2026",DET,8,8,0,8,44.44,50.0,-5.56,6,8,2,0,0,0,0,0,0,0,0,0,0,0,0,0,0,0,0,0,0,0,0,0
1630224,Jalen Green,PHX,202604270PHO,"Apr 27, 2026",OKC,23,25,3,26,36.51,43.69,-7.18,14,16,10,3,1,2,0,0,1,2,0,0,0,0,0,0,0,0,0,0,0,0,0,0
1628415,Dillon Brooks,PHX,202604270PHO,"Apr 27, 2026",OKC,23,19,1,19,53.49,59.16,-5.67,14,14,4,6,0,0,0,0,1,3,0,0,0,0,0,0,0,0,0,0,0,0,0,0
1631221,Collin Gillespie,PHX,202604270PHO,"Apr 27, 2026",OKC,20,12,1,12,55.56,80.39,-24.83,0,0,11,18,0,0,0,0,1,2,0,0,0,0,0,0,0,0,0,0,0,0,0,0
1631096,Chet Holmgren,OKC,202604270PHO,"Apr 27, 2026",PHX,24,16,4,18,58.54,67.57,-9.03,11,14,5,6,2,4,0,0,0,0,0,0,0,0,0,0,0,0,0,0,0,0,0,0
1628392,Isaiah Hartenstein,OKC,202604270PHO,"Apr 27, 2026",PHX,18,7,9,11,78.26,82.12,-3.86,6,8,0,0,3,5,0,0,1,3,0,0,0,0,0,0,0,0,0,0,0,0,1,2
1626164,Devin Booker,PHX,202604270PHO,"Apr 27, 2026",OKC,24,16,9,20,51.06,60.12,-9.06,9,12,6,3,3,5,0,0,1,3,0,0,0,0,0,0,0,0,0,0,0,0,1,1
1629652,Luguentz Dort,OKC,202604270PHO,"Apr 27, 2026",PHX,1,2,2,3,12.5,17.36,-4.86,0,0,2,0,0,0,0,0,0,0,0,0,0,0,0,0,0,0,0,0,0,0,1,1
1628983,Shai Gilgeous-Alexander,OKC,202604270PHO,"Apr 27, 2026",PHX,31,17,11,22,63.27,70.97,-7.7,11,12,4,6,2,3,0,0,2,5,0,0,1,1,0,0,0,0,0,0,0,0,2,4
1642345,Oso Ighodaro,PHX,202604270PHO,"Apr 27, 2026",OKC,8,5,0,5,80.0,80.0,0.0,5,8,0,0,0,0,0,0,0,0,0,0,0,0,0,0,0,0,0,0,0,0,0,0
1642349,Ajay Mitchell,OKC,202604270PHO,"Apr 27, 2026",PHX,22,16,4,18,52.38,61.94,-9.56,10,6,6,12,2,4,0,0,0,0,0,0,0,0,0,0,0,0,0,0,0,0,0,0
1627936,Alex Caruso,OKC,202604270PHO,"Apr 27, 2026",PHX,14,7,0,7,70.0,100.0,-30.0,1,2,6,12,0,0,0,0,0,0,0,0,0,0,0,0,0,0,0,0,0,0,0,0
1630598,Aaron Wiggins,OKC,202604270PHO,"Apr 27, 2026",PHX,2,1,0,1,100.0,100.0,0.0,1,2,0,0,0,0,0,0,0,0,0,0,0,0,0,0,0,0,0,0,0,0,0,0
1642863,Khaman Maluach,PHX,202604270PHO,"Apr 27, 2026",OKC,2,1,0,1,100.0,100.0,0.0,1,2,0,0,0,0,0,0,0,0,0,0,0,0,0,0,0,0,0,0,0,0,0,0
1626220,Royce O'Neale,PHX,202604270PHO,"Apr 27, 2026",OKC,8,3,0,3,100.0,133.33,-33.33,1,2,2,6,0,0,0,0,0,0,0,0,0,0,0,0,0,0,0,0,0,0,0,0
1641717,Cason Wallace,OKC,202604270PHO,"Apr 27, 2026",PHX,10,7,0,7,58.82,71.43,-12.61,4,4,3,6,0,0,0,0,0,0,0,0,0,0,0,0,0,0,0,0,0,0,0,0
1628960,Grayson Allen,PHX,202604270PHO,"Apr 27, 2026",OKC,12,5,2,6,80.0,102.04,-22.04,2,4,3,6,0,0,0,0,0,0,0,0,0,0,0,0,0,0,0,0,0,0,1,2
1631119,Jaylin Williams,OKC,202604270PHO,"Apr 27, 2026",PHX,3,3,0,3,33.33,50.0,-16.67,0,0,3,3,0,0,0,0,0,0,0,0,0,0,0,0,0,0,0,0,0,0,0,0
1642272,Jared McCain,OKC,202604270PHO,"Apr 27, 2026",PHX,0,1,0,1,0.0,0.0,0.0,1,0,0,0,0,0,0,0,0,0,0,0,0,0,0,0,0,0,0,0,0,0,0,0
1630198,Isaiah Joe,OKC,202604270PHO,"Apr 27, 2026",PHX,6,5,0,5,40.0,60.0,-20.0,0,0,5,6,0,0,0,0,0,0,0,0,0,0,0,0,0,0,0,0,0,0,0,0
1642853,Rasheer Fleming,PHX,202604270PHO,"Apr 27, 2026",OKC,0,2,0,2,0.0,0.0,0.0,0,0,2,0,0,0,0,0,0,0,0,0,0,0,0,0,0,0,0,0,0,0,0,0
1631123,Jamaree Bouyea,PHX,202604270PHO,"Apr 27, 2026",OKC,2,1,0,1,100.0,100.0,0.0,1,2,0,0,0,0,0,0,0,0,0,0,0,0,0,0,0,0,0,0,0,0,0,0
1642346,Ryan Dunn,PHX,202604270PHO,"Apr 27, 2026",OKC,0,1,0,1,0.0,0.0,0.0,0,0,1,0,0,0,0,0,0,0,0,0,0,0,0,0,0,0,0,0,0,0,0,0
203944,Julius Randle,MIN,202604270DEN,"Apr 27, 2026",DEN,27,15,11,20,60.0,68.04,-8.04,10,10,4,6,5,8,0,0,1,3,0,0,0,0,0,0,0,0,0,0,0,0,0,0
1629661,Cameron Johnson,DEN,202604270DEN,"Apr 27, 2026",MIN,18,13,0,13,54.55,69.23,-14.68,6,12,7,6,0,0,0,0,0,0,0,0,0,0,0,0,0,0,0,0,0,0,0,0
1630183,Jaden McDaniels,MIN,202604270DEN,"Apr 27, 2026",DEN,13,11,5,14,43.33,49.24,-5.91,8,10,3,0,2,2,0,0,0,0,0,0,0,0,0,0,0,0,0,0,0,0,1,1
1631128,Christian Braun,DEN,202604270DEN,"Apr 27, 2026",MIN,9,5,2,6,64.29,76.53,-12.24,3,4,2,3,1,2,0,0,0,0,0,0,0,0,0,0,0,0,0,0,0,0,0,0
203999,Nikola Jokić,DEN,202604270DEN,"Apr 27, 2026",MIN,27,15,10,19,61.36,69.59,-8.23,9,12,4,3,2,3,0,0,2,6,0,0,0,0,0,0,0,0,0,0,0,0,2,3
1627750,Jamal Murray,DEN,202604270DEN,"Apr 27, 2026",MIN,24,23,4,24,42.86,48.47,-5.61,15,10,6,6,0,0,0,0,2,6,0,0,0,0,0,0,0,0,0,0,0,0,1,2
1630545,Terrence Shannon Jr.,MIN,202604270DEN,"Apr 27, 2026",DEN,15,10,1,10,60.0,71.84,-11.84,5,6,4,6,0,0,0,0,1,3,0,0,0,0,0,0,0,0,0,0,0,0,0,0
203497,Rudy Gobert,MIN,202604270DEN,"Apr 27, 2026",DEN,3,2,1,2,60.0,61.48,-1.48,1,0,0,0,0,0,0,0,1,3,0,0,0,0,0,0,0,0,0,0,0,0,0,0
1642461,Spencer Jones,DEN,202604270DEN,"Apr 27, 2026",MIN,20,9,2,10,80.0,101.21,-21.21,4,6,5,12,1,2,0,0,0,0,0,0,0,0,0,0,0,0,0,0,0,0,0,0
201144,Mike Conley,DEN,202604270DEN,"Apr 27, 2026",MIN,4,4,0,4,50.0,50.0,0.0,4,4,0,0,0,0,0,0,0,0,0,0,0,0,0,0,0,0,0,0,0,0,0,0
1630245,Ayo Dosunmu,MIN,202604270DEN,"Apr 27, 2026",DEN,18,14,1,14,52.94,62.33,-9.39,8,6,5,9,0,0,0,0,1,3,0,0,0,0,0,0,0,0,0,0,0,0,0,0
1630538,Bones Hyland,MIN,202604270DEN,"Apr 27, 2026",DEN,15,9,2,10,55.56,75.91,-20.35,1,2,7,9,0,0,0,0,1,3,0,0,1,1,0,0,0,0,0,0,0,0,0,0
1629675,Naz Reid,MIN,202604270DEN,"Apr 27, 2026",DEN,12,11,0,11,44.44,54.55,-10.11,6,6,5,6,0,0,0,0,0,0,0,0,0,0,0,0,0,0,0,0,0,0,0,0
203501,Tim Hardaway Jr.,DEN,202604270DEN,"Apr 27, 2026",MIN,8,5,1,5,57.14,73.53,-16.39,1,2,3,3,0,0,0,0,1,3,0,0,0,0,0,0,0,0,0,0,0,0,0,0
1628971,Bruce Brown,DEN,202604270DEN,"Apr 27, 2026",MIN,7,7,2,8,38.89,44.42,-5.53,5,6,2,0,0,0,0,0,0,0,0,0,0,0,0,0,0,0,0,0,0,0,1,1
203937,Kyle Anderson,MIN,202604270DEN,"Apr 27, 2026",DEN,4,4,0,4,50.0,50.0,0.0,4,4,0,0,0,0,0,0,0,0,0,0,0,0,0,0,0,0,0,0,0,0,0,0
202685,Jonas Valančiūnas,DEN,202604270DEN,"Apr 27, 2026",MIN,9,4,2,5,90.0,92.21,-2.21,4,8,0,0,1,1,0,0,0,0,0,0,0,0,0,0,0,0,0,0,0,0,0,0
1626145,Tyus Jones,DEN,202604270DEN,"Apr 27, 2026",MIN,3,2,2,3,50.0,52.08,-2.08,2,2,0,0,0,0,0,0,0,0,0,0,0,0,0,0,0,0,0,0,0,0,1,1
1641740,Jaylen Clark,MIN,202604270DEN,"Apr 27, 2026",DEN,0,1,0,1,0.0,0.0,0.0,1,0,0,0,0,0,0,0,0,0,0,0,0,0,0,0,0,0,0,0,0,0,0,0
1642866,Joan Beringer,MIN,202604270DEN,"Apr 27, 2026",DEN,2,0,2,1,100.0,113.64,-13.64,0,0,0,0,1,2,0,0,0,0,0,0,0,0,0,0,0,0,0,0,0,0,0,0
203954,Joel Embiid,PHI,202604280BOS,"Apr 28, 2026",BOS,33,23,10,28,54.1,60.22,-6.12,18,24,5,0,4,7,0,0,0,0,0,0,0,0,0,0,0,0,0,0,0,0,1,2
1628369,Jayson Tatum,BOS,202604280BOS,"Apr 28, 2026",PHI,24,19,7,23,42.11,54.35,-12.24,7,8,12,12,2,2,0,0,0,0,0,0,0,0,0,0,0,0,0,0,1,1,1,1
1628401,Derrick White,BOS,202604280BOS,"Apr 28, 2026",PHI,6,8,2,9,27.27,33.78,-6.51,4,4,4,0,1,2,0,0,0,0,0,0,0,0,0,0,0,0,0,0,0,0,0,0
1630178,Tyrese Maxey,PHI,202604280BOS,"Apr 28, 2026",BOS,25,18,2,19,52.08,66.21,-14.13,8,14,10,9,1,2,0,0,0,0,0,0,0,0,0,0,0,0,0,0,0,0,0,0
202331,Paul George,PHI,202604280BOS,"Apr 28, 2026",BOS,16,13,0,13,45.71,61.54,-15.83,4,4,9,12,0,0,0,0,0,0,0,0,0,0,0,0,0,0,0,0,0,0,0,0
1626162,Kelly Oubre Jr.,PHI,202604280BOS,"Apr 28, 2026",BOS,4,5,1,5,30.77,36.76,-5.99,2,2,2,0,0,0,0,0,1,2,0,0,0,0,0,0,0,0,0,0,0,0,0,0
1629674,Neemias Queta,BOS,202604280BOS,"Apr 28, 2026",PHI,8,8,2,8,44.44,45.05,-0.61,6,4,0,0,0,0,0,0,2,4,0,0,0,0,0,0,0,0,0,0,0,0,0,0
1627759,Jaylen Brown,BOS,202604280BOS,"Apr 28, 2026",PHI,22,23,5,25,40.0,43.65,-3.65,18,14,4,3,1,1,0,0,1,2,0,0,0,0,0,0,0,0,0,0,0,0,1,2
1642845,VJ Edgecombe,PHI,202604280BOS,"Apr 28, 2026",BOS,10,8,2,9,41.67,56.31,-14.64,2,0,6,9,1,1,0,0,0,0,0,0,0,0,0,0,0,0,0,0,0,0,0,0
1630573,Sam Hauser,BOS,202604280BOS,"Apr 28, 2026",PHI,8,7,0,7,42.11,57.14,-15.03,2,2,5,6,0,0,0,0,0,0,0,0,0,0,0,0,0,0,0,0,0,0,0,0
1630202,Payton Pritchard,BOS,202604280BOS,"Apr 28, 2026",PHI,12,10,1,10,46.15,57.47,-11.32,4,6,5,3,0,0,0,0,1,3,0,0,0,0,0,0,0,0,0,0,0,0,0,0
203083,Andre Drummond,PHI,202604280BOS,"Apr 28, 2026",BOS,5,1,2,2,100.0,132.98,-32.98,0,0,1,3,0,0,0,0,0,0,0,0,0,0,0,0,0,0,0,0,0,0,1,2
1629656,Quentin Grimes,PHI,202604280BOS,"Apr 28, 2026",BOS,18,8,4,9,66.67,92.21,-25.54,1,2,6,9,0,0,1,3,0,0,1,4,0,0,0,0,0,0,0,0,0,0,0,0
1631248,Baylor Scheierman,BOS,202604280BOS,"Apr 28, 2026",PHI,3,2,0,2,50.0,75.0,-25.0,0,0,2,3,0,0,0,0,0,0,0,0,0,0,0,0,0,0,0,0,0,0,0,0
202696,Nikola Vučević,BOS,202604280BOS,"Apr 28, 2026",PHI,8,6,0,6,47.06,66.67,-19.61,1,2,5,6,0,0,0,0,0,0,0,0,0,0,0,0,0,0,0,0,0,0,0,0
1641775,Jordan Walsh,BOS,202604280BOS,"Apr 28, 2026",PHI,1,2,2,3,14.29,17.36,-3.07,1,0,1,0,1,1,0,0,0,0,0,0,0,0,0,0,0,0,0,0,0,0,0,0
1631230,Dominick Barlow,PHI,202604280BOS,"Apr 28, 2026",BOS,2,0,2,1,100.0,113.64,-13.64,0,0,0,0,1,2,0,0,0,0,0,0,0,0,0,0,0,0,0,0,0,0,0,0
1630568,Luka Garza,BOS,202604280BOS,"Apr 28, 2026",PHI,4,2,2,3,57.14,69.44,-12.3,1,2,1,0,1,2,0,0,0,0,0,0,0,0,0,0,0,0,0,0,0,0,0,0
1631199,Ron Harper Jr.,BOS,202604280BOS,"Apr 28, 2026",PHI,0,1,0,1,0.0,0.0,0.0,1,0,0,0,0,0,0,0,0,0,0,0,0,0,0,0,0,0,0,0,0,0,0,0
1631133,Jabari Walker,PHI,202604280BOS,"Apr 28, 2026",BOS,0,2,0,2,0.0,0.0,0.0,0,0,2,0,0,0,0,0,0,0,0,0,0,0,0,0,0,0,0,0,0,0,0,0
1642873,Amari Williams,BOS,202604280BOS,"Apr 28, 2026",PHI,1,1,2,2,25.0,26.6,-1.6,1,0,0,0,1,1,0,0,0,0,0,0,0,0,0,0,0,0,0,0,0,0,0,0
1628973,Jalen Brunson,NYK,202604280NYK,"Apr 28, 2026",ATL,39,23,8,26,66.1,73.53,-7.43,17,22,5,9,1,2,1,2,1,3,0,0,0,0,0,0,0,0,0,0,0,0,1,1
203468,CJ McCollum,ATL,202604280NYK,"Apr 28, 2026",NYK,6,10,3,11,24.0,26.5,-2.5,7,4,2,0,0,0,0,0,1,2,0,0,0,0,0,0,0,0,0,0,0,0,1,0
1630700,Dyson Daniels,ATL,202604280NYK,"Apr 28, 2026",NYK,17,11,2,12,60.71,71.55,-10.84,7,10,4,6,0,0,0,0,0,0,0,0,0,0,0,0,0,0,0,0,0,0,1,1
1626157,Karl-Anthony Towns,NYK,202604280NYK,"Apr 28, 2026",ATL,16,7,6,9,69.57,82.99,-13.42,2,4,3,3,1,2,0,0,2,5,0,0,0,0,0,0,0,0,0,0,0,0,1,2
1630168,Onyeka Okongwu,ATL,202604280NYK,"Apr 28, 2026",NYK,16,10,2,11,61.54,73.53,-11.99,6,8,4,6,1,2,0,0,0,0,0,0,0,0,0,0,0,0,0,0,0,0,0,0
1628384,OG Anunoby,NYK,202604280NYK,"Apr 28, 2026",ATL,17,8,5,10,70.83,83.33,-12.5,5,6,3,6,0,0,1,3,0,0,0,0,0,0,0,0,0,0,0,0,0,0,1,2
1630552,Jalen Johnson,ATL,202604280NYK,"Apr 28, 2026",NYK,18,15,3,16,47.37,55.15,-7.78,9,10,5,3,1,2,0,0,1,3,0,0,0,0,0,0,0,0,0,0,0,0,0,0
1628969,Mikal Bridges,NYK,202604280NYK,"Apr 28, 2026",ATL,7,6,0,6,46.67,58.33,-11.66,3,4,3,3,0,0,0,0,0,0,0,0,0,0,0,0,0,0,0,0,0,0,0,0
1628404,Josh Hart,ATL,202604280NYK,"Apr 28, 2026",NYK,9,8,2,9,40.91,50.68,-9.77,4,4,4,3,1,2,0,0,0,0,0,0,0,0,0,0,0,0,0,0,0,0,0,0
1630228,Jonathan Kuminga,ATL,202604280NYK,"Apr 28, 2026",NYK,13,10,4,12,44.83,55.27,-10.44,5,6,5,3,1,2,0,0,0,0,0,0,0,0,0,0,0,0,0,0,0,0,1,2
1629216,Gabe Vincent,ATL,202604280NYK,"Apr 28, 2026",NYK,6,7,0,7,28.57,42.86,-14.29,0,0,7,6,0,0,0,0,0,0,0,0,0,0,0,0,0,0,0,0,0,0,0,0
1630540,Miles McBride,NYK,202604280NYK,"Apr 28, 2026",ATL,0,4,0,4,0.0,0.0,0.0,2,0,2,0,0,0,0,0,0,0,0,0,0,0,0,0,0,0,0,0,0,0,0,0
1629638,Nickeil Alexander-Walker,ATL,202604280NYK,"Apr 28, 2026",NYK,16,11,1,11,50.0,69.93,-19.93,1,2,9,12,0,0,0,0,1,2,0,0,0,0,0,0,0,0,0,0,0,0,0,0
1628396,Tony Bradley,ATL,202604280NYK,"Apr 28, 2026",NYK,0,0,2,1,0.0,0.0,0.0,0,0,0,0,1,0,0,0,0,0,0,0,0,0,0,0,0,0,0,0,0,0,0,0
1629011,Mitchell Robinson,NYK,202604280NYK,"Apr 28, 2026",ATL,7,3,4,5,70.0,73.53,-3.53,3,6,0,0,0,0,0,0,0,0,0,0,0,0,0,0,0,0,0,0,0,0,2,1
203903,Jordan Clarkson,NYK,202604280NYK,"Apr 28, 2026",ATL,9,7,3,8,50.0,54.09,-4.09,5,4,1,0,1,2,0,0,1,3,0,0,0,0,0,0,0,0,0,0,0,0,0,0
1630631,Jose Alvarado,NYK,202604280NYK,"Apr 28, 2026",ATL,12,7,2,8,63.16,76.14,-12.98,4,4,3,6,1,2,0,0,0,0,0,0,0,0,0,0,0,0,0,0,0,0,0,0
1630557,Corey Kispert,NYK,202604280NYK,"Apr 28, 2026",ATL,0,4,0,4,0.0,0.0,0.0,1,0,3,0,0,0,0,0,0,0,0,0,0,0,0,0,0,0,0,0,0,0,0,0
1631243,Mouhamed Gueye,ATL,202604280NYK,"Apr 28, 2026",NYK,0,1,0,1,0.0,0.0,0.0,0,0,1,0,0,0,0,0,0,0,0,0,0,0,0,0,0,0,0,0,0,0,0,0
1629013,Landry Shamet,NYK,202604280NYK,"Apr 28, 2026",ATL,0,1,0,1,0.0,0.0,0.0,0,0,1,0,0,0,0,0,0,0,0,0,0,0,0,0,0,0,0,0,0,0,0,0
1627741,Buddy Hield,ATL,202604280NYK,"Apr 28, 2026",NYK,5,3,0,3,71.43,83.33,-11.9,2,2,1,3,0,0,0,0,0,0,0,0,0,0,0,0,0,0,0,0,0,0,0,0
1630574,Ariel Hukporti,NYK,202604280NYK,"Apr 28, 2026",ATL,0,0,2,1,0.0,0.0,0.0,0,0,0,0,0,0,0,0,0,0,0,0,0,0,0,0,0,0,0,0,0,0,1,0
1642278,Tyler Kolek,NYK,202604280NYK,"Apr 28, 2026",ATL,0,1,0,1,0.0,0.0,0.0,1,0,0,0,0,0,0,0,0,0,0,0,0,0,0,0,0,0,0,0,0,0,0,0
1631110,Jeremy Sochan,NYK,202604280NYK,"Apr 28, 2026",ATL,10,4,2,5,90.91,102.46,-11.55,3,6,1,3,1,1,0,0,0,0,0,0,0,0,0,0,0,0,0,0,0,0,0,0
1630811,Keaton Wallace,ATL,202604280NYK,"Apr 28, 2026",NYK,0,1,0,1,0.0,0.0,0.0,0,0,1,0,0,0,0,0,0,0,0,0,0,0,0,0,0,0,0,0,0,0,0,0
1630170,Devin Vassell,SAS,202604280SAS,"Apr 28, 2026",POR,10,11,2,12,35.71,42.09,-6.38,7,8,4,0,1,2,0,0,0,0,0,0,0,0,0,0,0,0,0,0,0,0,0,0
201950,Jrue Holiday,POR,202604280SAS,"Apr 28, 2026",SAS,8,14,1,14,22.86,27.7,-4.84,7,2,6,3,0,0,0,0,1,3,0,0,0,0,0,0,0,0,0,0,0,0,0,0
1641705,Victor Wembanyama,SAS,202604280SAS,"Apr 28, 2026",POR,17,7,6,10,77.27,88.17,-10.9,4,6,2,3,1,2,0,0,1,3,0,0,1,1,0,0,0,0,0,0,0,0,1,2
1630577,Julian Champagnie,SAS,202604280SAS,"Apr 28, 2026",POR,19,9,3,10,67.86,92.05,-24.19,2,2,7,15,0,0,0,0,0,0,0,0,0,0,1,2,0,0,0,0,0,0,0,0
1641739,Toumani Camara,POR,202604280SAS,"Apr 28, 2026",SAS,7,10,2,11,24.14,32.17,-8.03,3,2,7,3,0,0,0,0,0,0,0,0,0,0,0,0,0,0,0,0,0,0,1,2
1630166,Deni Avdija,POR,202604280SAS,"Apr 28, 2026",SAS,22,15,11,21,46.81,55.44,-8.63,9,12,6,3,3,5,0,0,0,0,0,0,2,1,0,0,0,0,0,0,0,0,1,1
1642270,Donovan Clingan,POR,202604280SAS,"Apr 28, 2026",SAS,10,11,0,11,34.48,45.45,-10.97,4,4,7,6,0,0,0,0,0,0,0,0,0,0,0,0,0,0,0,0,0,0,0,0
1630703,Scoot Henderson,POR,202604280SAS,"Apr 28, 2026",SAS,5,6,0,6,35.71,41.67,-5.96,4,2,2,3,0,0,0,0,0,0,0,0,0,0,0,0,0,0,0,0,0,0,0,0
1642264,Stephon Castle,SAS,202604280SAS,"Apr 28, 2026",POR,15,11,2,12,50.0,63.13,-13.13,5,8,6,6,1,1,0,0,0,0,0,0,0,0,0,0,0,0,0,0,0,0,0,0
1628368,De'Aaron Fox,SAS,202604280SAS,"Apr 28, 2026",POR,21,14,4,16,56.76,66.62,-9.86,9,12,5,6,2,3,0,0,0,0,0,0,0,0,0,0,0,0,0,0,0,0,0,0
203924,Jerami Grant,POR,202604280SAS,"Apr 28, 2026",SAS,12,6,8,10,54.55,63.03,-8.48,4,2,2,3,4,7,0,0,0,0,0,0,0,0,0,0,0,0,0,0,0,0,0,0
1628436,Luke Kornet,SAS,202604280SAS,"Apr 28, 2026",POR,5,2,1,2,100.0,102.46,-2.46,1,2,0,0,0,0,0,0,1,3,0,0,0,0,0,0,0,0,0,0,0,0,0,0
1629680,Matisse Thybulle,POR,202604280SAS,"Apr 28, 2026",SAS,2,6,0,6,11.76,16.67,-4.91,1,2,5,0,0,0,0,0,0,0,0,0,0,0,0,0,0,0,0,0,0,0,0,0
1629057,Robert Williams III,POR,202604280SAS,"Apr 28, 2026",SAS,11,10,0,10,47.83,55.0,-7.17,7,8,3,3,0,0,0,0,0,0,0,0,0,0,0,0,0,0,0,0,0,0,0,0
1642844,Dylan Harper,SAS,202604280SAS,"Apr 28, 2026",POR,17,9,5,11,70.83,75.89,-5.06,7,8,1,3,1,2,0,0,1,3,0,0,0,0,0,0,0,0,0,0,0,0,1,1
1629640,Keldon Johnson,SAS,202604280SAS,"Apr 28, 2026",POR,7,8,2,9,35.0,39.41,-4.41,6,4,2,3,1,0,0,0,0,0,0,0,0,0,0,0,0,0,0,0,0,0,0,0
1631321,Sidy Cissoko,POR,202604280SAS,"Apr 28, 2026",SAS,11,6,1,6,68.75,85.4,-16.65,2,2,3,6,0,0,0,0,1,3,0,0,0,0,0,0,0,0,0,0,0,0,0,0
203084,Harrison Barnes,SAS,202604280SAS,"Apr 28, 2026",POR,3,3,2,4,30.0,38.66,-8.66,1,2,2,0,1,1,0,0,0,0,0,0,0,0,0,0,0,0,0,0,0,0,0,0
1631101,Shaedon Sharpe,POR,202604280SAS,"Apr 28, 2026",SAS,5,5,0,5,41.67,50.0,-8.33,3,2,2,3,0,0,0,0,0,0,0,0,0,0,0,0,0,0,0,0,0,0,0,0
1630249,Vít Krejčí,POR,202604280SAS,"Apr 28, 2026",SAS,2,3,0,3,25.0,33.33,-8.33,1,2,2,0,0,0,0,0,0,0,0,0,0,0,0,0,0,0,0,0,0,0,0,0
1642905,Yang Hansen,POR,202604280SAS,"Apr 28, 2026",SAS,0,2,0,2,0.0,0.0,0.0,0,0,2,0,0,0,0,0,0,0,0,0,0,0,0,0,0,0,0,0,0,0,0,0
203482,Kelly Olynyk,SAS,202604280SAS,"Apr 28, 2026",POR,0,0,2,1,0.0,0.0,0.0,0,0,0,0,0,0,0,0,0,0,0,0,0,0,0,0,0,0,0,0,0,0,1,0
1630322,Lindy Waters III,SAS,202604280SAS,"Apr 28, 2026",POR,0,1,0,1,0.0,0.0,0.0,0,0,1,0,0,0,0,0,0,0,0,0,0,0,0,0,0,0,0,0,0,0,0,0
1631105,Jalen Duren,DET,202604290DET,"Apr 29, 2026",ORL,12,6,4,7,75.0,77.32,-2.32,4,4,0,0,1,2,0,0,2,6,0,0,0,0,0,0,0,0,0,0,0,0,0,0
1628976,Wendell Carter Jr.,DET,202604290DET,"Apr 29, 2026",ORL,9,4,4,6,60.0,78.12,-18.12,1,2,3,3,1,2,0,0,0,0,0,0,0,0,0,0,0,0,0,0,0,0,1,2
1631094,Paolo Banchero,ORL,202604290DET,"Apr 29, 2026",DET,45,31,12,36,52.94,62.02,-9.08,18,18,11,18,5,5,0,0,2,4,0,0,0,0,0,0,0,0,0,0,0,0,0,0
1641709,Ausar Thompson,DET,202604290DET,"Apr 29, 2026",ORL,6,5,2,6,50.0,51.02,-1.02,5,6,0,0,1,0,0,0,0,0,0,0,0,0,0,0,0,0,0,0,0,0,0,0
202699,Tobias Harris,DET,202604290DET,"Apr 29, 2026",ORL,23,18,7,21,50.0,54.55,-4.55,14,14,3,3,1,0,0,0,1,2,0,0,0,0,0,0,0,0,0,0,0,0,2,4
1630217,Desmond Bane,ORL,202604290DET,"Apr 29, 2026",DET,18,15,2,16,42.86,56.68,-13.82,5,4,10,12,1,2,0,0,0,0,0,0,0,0,0,0,0,0,0,0,0,0,0,0
1630595,Cade Cunningham,DET,202604290DET,"Apr 29, 2026",ORL,45,23,14,30,66.18,77.16,-10.98,15,16,8,15,6,12,0,0,0,0,0,0,0,0,0,0,0,0,0,0,0,0,1,2
1630591,Jalen Suggs,ORL,202604290DET,"Apr 29, 2026",DET,10,9,1,9,41.67,52.97,-11.3,3,2,5,6,0,0,0,0,1,2,0,0,0,0,0,0,0,0,0,0,0,0,0,0
1629130,Duncan Robinson,DET,202604290DET,"Apr 29, 2026",ORL,12,8,2,9,50.0,67.57,-17.57,2,2,6,9,0,0,0,0,0,0,0,0,0,0,0,0,0,0,0,0,0,0,1,1
1641710,Anthony Black,ORL,202604290DET,"Apr 29, 2026",DET,19,12,2,13,59.38,73.76,-14.38,6,6,6,12,0,0,0,0,0,0,0,0,0,0,0,0,0,0,0,0,0,0,1,1
1641783,Tristan da Silva,ORL,202604290DET,"Apr 29, 2026",DET,3,4,2,5,25.0,30.74,-5.74,2,2,2,0,1,1,0,0,0,0,0,0,0,0,0,0,0,0,0,0,0,0,0,0
1642450,Daniss Jenkins,DET,202604290DET,"Apr 29, 2026",ORL,6,8,2,9,26.09,33.78,-7.69,3,4,5,0,1,2,0,0,0,0,0,0,0,0,0,0,0,0,0,0,0,0,0,0
1629048,Goga Bitadze,ORL,202604290DET,"Apr 29, 2026",DET,0,1,0,1,0.0,0.0,0.0,1,0,0,0,0,0,0,0,0,0,0,0,0,0,0,0,0,0,0,0,0,0,0,0
1630191,Isaiah Stewart,DET,202604290DET,"Apr 29, 2026",ORL,5,3,4,5,45.45,52.52,-7.07,2,2,1,0,1,2,0,0,0,0,0,0,0,0,0,0,0,0,0,0,0,0,1,1
1627747,Caris LeVert,DET,202604290DET,"Apr 29, 2026",ORL,2,4,0,4,22.22,25.0,-2.78,3,2,1,0,0,0,0,0,0,0,0,0,0,0,0,0,0,0,0,0,0,0,0,0
1631288,Jamal Cain,ORL,202604290DET,"Apr 29, 2026",DET,5,4,7,7,31.25,35.31,-4.06,3,2,1,0,1,1,1,2,0,0,0,0,0,0,1,0,0,0,0,0,0,0,0,0
1629750,Javonte Green,DET,202604290DET,"Apr 29, 2026",ORL,5,5,0,5,35.71,50.0,-14.29,1,2,4,3,0,0,0,0,0,0,0,0,0,0,0,0,0,0,0,0,0,0,0,0
1630596,Evan Mobley,CLE,202604290CLE,"Apr 29, 2026",TOR,23,13,8,17,62.16,69.61,-7.45,10,10,3,9,3,4,0,0,0,0,0,0,0,0,0,0,0,0,0,0,0,0,1,0
1627751,Jakob Poeltl,TOR,202604290CLE,"Apr 29, 2026",CLE,14,6,6,9,77.78,81.02,-3.24,6,10,0,0,2,2,0,0,0,0,0,0,0,0,0,0,0,0,0,0,0,0,1,2
1627742,Brandon Ingram,TOR,202604290CLE,"Apr 29, 2026",CLE,1,2,2,3,16.67,17.36,-0.69,2,0,0,0,1,1,0,0,0,0,0,0,0,0,0,0,0,0,0,0,0,0,0,0
1629622,Max Strus,CLE,202604290CLE,"Apr 29, 2026",TOR,8,4,4,6,57.14,69.44,-12.3,2,4,2,0,2,4,0,0,0,0,0,0,0,0,0,0,0,0,0,0,0,0,0,0
1629628,RJ Barrett,TOR,202604290CLE,"Apr 29, 2026",CLE,25,19,9,23,48.08,54.44,-6.36,13,12,5,6,4,4,0,0,1,3,0,0,0,0,0,0,0,0,0,0,0,0,0,0
1628378,Donovan Mitchell,CLE,202604290CLE,"Apr 29, 2026",TOR,19,17,2,18,46.34,53.13,-6.79,12,8,5,9,0,0,0,0,0,0,0,0,0,0,0,0,0,0,0,0,0,0,1,2
1642266,Ja'Kobe Walter,TOR,202604290CLE,"Apr 29, 2026",CLE,20,16,0,16,43.48,62.5,-19.02,2,2,14,18,0,0,0,0,0,0,0,0,0,0,0,0,0,0,0,0,0,0,0,0
201935,James Harden,CLE,202604290CLE,"Apr 29, 2026",TOR,23,13,6,15,57.5,73.53,-16.03,3,2,8,12,0,0,0,0,2,6,0,0,0,0,0,0,0,0,0,0,0,0,2,3
1628386,Jarrett Allen,CLE,202604290CLE,"Apr 29, 2026",TOR,9,5,2,6,75.0,76.53,-1.53,5,8,0,0,1,1,0,0,0,0,0,0,0,0,0,0,0,0,0,0,0,0,0,0
1630567,Scottie Barnes,TOR,202604290CLE,"Apr 29, 2026",CLE,17,16,6,19,41.46,45.6,-4.14,13,12,3,0,3,5,0,0,0,0,0,0,0,0,0,0,0,0,0,0,0,0,0,0
1642867,Collin Murray-Boyles,TOR,202604290CLE,"Apr 29, 2026",CLE,8,5,0,5,80.0,80.0,0.0,5,8,0,0,0,0,0,0,0,0,0,0,0,0,0,0,0,0,0,0,0,0,0,0
1630241,Sam Merrill,CLE,202604290CLE,"Apr 29, 2026",TOR,9,3,4,5,75.0,94.54,-19.54,1,0,2,6,1,2,0,0,0,0,0,0,0,0,0,0,0,0,0,0,0,0,1,1
1629731,Dean Wade,CLE,202604290CLE,"Apr 29, 2026",TOR,7,10,0,10,26.92,35.0,-8.08,4,4,6,3,0,0,0,0,0,0,0,0,0,0,0,0,0,0,0,0,0,0,0,0
1642347,Jamal Shead,TOR,202604290CLE,"Apr 29, 2026",CLE,18,15,0,15,45.0,60.0,-15.0,5,6,10,12,0,0,0,0,0,0,0,0,0,0,0,0,0,0,0,0,0,0,0,0
1630572,Sandro Mamukelashvili,TOR,202604290CLE,"Apr 29, 2026",CLE,10,9,2,10,40.0,50.61,-10.61,4,2,5,6,1,2,0,0,0,0,0,0,0,0,0,0,0,0,0,0,0,0,0,0
1642419,Jamison Battle,TOR,202604290CLE,"Apr 29, 2026",CLE,7,5,0,5,63.64,70.0,-6.36,4,4,1,3,0,0,0,0,0,0,0,0,0,0,0,0,0,0,0,0,0,0,0,0
203471,Dennis Schröder,CLE,202604290CLE,"Apr 29, 2026",TOR,19,11,2,12,63.33,79.97,-16.64,5,8,6,9,1,2,0,0,0,0,0,0,0,0,0,0,0,0,0,0,0,0,0,0
1642281,Jaylon Tyson,CLE,202604290CLE,"Apr 29, 2026",TOR,8,5,0,5,57.14,80.0,-22.86,1,2,4,6,0,0,0,0,0,0,0,0,0,0,0,0,0,0,0,0,0,0,0,0
1630639,A.J. Lawson,TOR,202604290CLE,"Apr 29, 2026",CLE,0,2,0,2,0.0,0.0,0.0,2,0,0,0,0,0,0,0,0,0,0,0,0,0,0,0,0,0,0,0,0,0,0,0
203935,Marcus Smart,LAL,202604290LAL,"Apr 29, 2026",HOU,11,7,2,8,47.83,69.8,-21.97,0,0,7,9,1,2,0,0,0,0,0,0,0,0,0,0,0,0,0,0,0,0,0,0
1631095,Jabari Smith Jr.,HOU,202604290LAL,"Apr 29, 2026",LAL,22,13,8,17,51.16,66.59,-15.43,4,4,9,12,3,4,0,0,0,0,0,0,0,0,0,0,0,0,0,0,0,0,1,2
1629028,Deandre Ayton,LAL,202604290LAL,"Apr 29, 2026",HOU,18,14,0,14,64.29,64.29,0.0,14,18,0,0,0,0,0,0,0,0,0,0,0,0,0,0,0,0,0,0,0,0,0,0
1631106,Tari Eason,HOU,202604290LAL,"Apr 29, 2026",LAL,18,11,5,13,54.55,68.18,-13.63,4,6,6,6,0,0,0,0,1,3,0,0,0,0,0,0,0,0,0,0,0,0,2,3
1628379,Luke Kennard,LAL,202604290LAL,"Apr 29, 2026",HOU,1,4,2,5,8.33,10.25,-1.92,2,0,2,0,0,0,0,0,0,0,0,0,0,0,0,0,0,0,0,0,0,0,1,1
1642263,Reed Sheppard,HOU,202604290LAL,"Apr 29, 2026",LAL,12,12,0,12,38.71,50.0,-11.29,5,6,7,6,0,0,0,0,0,0,0,0,0,0,0,0,0,0,0,0,0,0,0,0
1630578,Alperen Sengun,HOU,202604290LAL,"Apr 29, 2026",LAL,14,9,4,11,63.64,65.06,-1.42,9,10,0,0,1,2,0,0,0,0,0,0,0,0,0,0,0,0,0,0,0,0,1,2
1629060,Rui Hachimura,LAL,202604290LAL,"Apr 29, 2026",HOU,12,11,0,11,48.0,54.55,-6.55,8,6,3,6,0,0,0,0,0,0,0,0,0,0,0,0,0,0,0,0,0,0,0,0
2544,LeBron James,LAL,202604290LAL,"Apr 29, 2026",HOU,25,20,10,25,44.64,51.23,-6.59,14,18,6,0,4,5,0,0,0,0,0,0,0,0,0,0,0,0,0,0,0,0,1,2
1641708,Amen Thompson,HOU,202604290LAL,"Apr 29, 2026",LAL,15,14,8,18,36.59,42.81,-6.22,9,4,5,6,3,4,0,0,0,0,0,0,0,0,0,0,0,0,0,0,0,0,1,1
1629006,Josh Okogie,HOU,202604290LAL,"Apr 29, 2026",LAL,7,6,0,6,43.75,58.33,-14.58,2,4,4,3,0,0,0,0,0,0,0,0,0,0,0,0,0,0,0,0,0,0,0,0
1630559,Austin Reaves,LAL,202604290LAL,"Apr 29, 2026",HOU,22,16,13,22,41.51,50.64,-9.13,8,4,8,6,3,6,1,3,0,0,0,0,0,0,1,1,0,0,0,0,0,0,1,2
1631222,Jake LaRavia,LAL,202604290LAL,"Apr 29, 2026",HOU,2,1,0,1,100.0,100.0,0.0,1,2,0,0,0,0,0,0,0,0,0,0,0,0,0,0,0,0,0,0,0,0,0,0
1628988,Aaron Holiday,HOU,202604290LAL,"Apr 29, 2026",LAL,5,5,0,5,35.71,50.0,-14.29,1,2,4,3,0,0,0,0,0,0,0,0,0,0,0,0,0,0,0,0,0,0,0,0
1627827,Dorian Finney-Smith,HOU,202604290LAL,"Apr 29, 2026",LAL,6,5,0,5,40.0,60.0,-20.0,0,0,5,6,0,0,0,0,0,0,0,0,0,0,0,0,0,0,0,0,0,0,0,0
1629020,Jarred Vanderbilt,LAL,202604290LAL,"Apr 29, 2026",HOU,2,3,0,3,28.57,33.33,-4.76,2,2,1,0,0,0,0,0,0,0,0,0,0,0,0,0,0,0,0,0,0,0,0,0
1628973,Jalen Brunson,NYK,202604300ATL,"Apr 30, 2026",ATL,17,12,4,14,50.0,61.77,-11.77,6,10,6,3,0,0,0,0,0,0,0,0,0,0,0,0,0,0,0,0,0,0,2,4
1629638,Nickeil Alexander-Walker,ATL,202604300ATL,"Apr 30, 2026",NYK,11,8,6,11,42.31,51.69,-9.38,3,2,4,3,2,2,0,0,1,3,0,0,1,1,0,0,0,0,0,0,0,0,0,0
1630168,Onyeka Okongwu,ATL,202604300ATL,"Apr 30, 2026",NYK,4,6,0,6,28.57,33.33,-4.76,4,4,2,0,0,0,0,0,0,0,0,0,0,0,0,0,0,0,0,0,0,0,0,0
203468,CJ McCollum,ATL,202604300ATL,"Apr 30, 2026",NYK,11,13,2,14,34.38,39.63,-5.25,9,6,4,3,1,2,0,0,0,0,0,0,0,0,0,0,0,0,0,0,0,0,0,0
1628384,OG Anunoby,NYK,202604300ATL,"Apr 30, 2026",ATL,29,14,5,16,74.36,89.51,-15.15,7,12,6,12,2,2,0,0,1,3,0,0,0,0,0,0,0,0,0,0,0,0,0,0
1630552,Jalen Johnson,ATL,202604300ATL,"Apr 30, 2026",NYK,21,15,5,17,52.5,61.05,-8.55,9,8,5,6,2,4,0,0,1,3,0,0,0,0,0,0,0,0,0,0,0,0,0,0
1628404,Josh Hart,NYK,202604300ATL,"Apr 30, 2026",ATL,14,10,1,10,56.0,67.05,-11.05,5,6,4,6,0,0,0,0,1,2,0,0,0,0,0,0,0,0,0,0,0,0,0,0
1630700,Dyson Daniels,ATL,202604300ATL,"Apr 30, 2026",NYK,3,4,0,4,27.27,37.5,-10.23,1,0,3,3,0,0,0,0,0,0,0,0,0,0,0,0,0,0,0,0,0,0,0,0
1628969,Mikal Bridges,NYK,202604300ATL,"Apr 30, 2026",ATL,24,12,2,13,85.71,93.17,-7.46,10,16,2,6,1,2,0,0,0,0,0,0,0,0,0,0,0,0,0,0,0,0,0,0
1626157,Karl-Anthony Towns,NYK,202604300ATL,"Apr 30, 2026",ATL,12,4,10,10,63.16,71.43,-8.27,3,2,1,0,2,4,0,0,0,0,0,0,3,4,0,0,0,0,0,0,0,0,1,2
1631243,Mouhamed Gueye,ATL,202604300ATL,"Apr 30, 2026",NYK,2,3,0,3,25.0,33.33,-8.33,1,2,2,0,0,0,0,0,0,0,0,0,0,0,0,0,0,0,0,0,0,0,0,0
1629216,Gabe Vincent,ATL,202604300ATL,"Apr 30, 2026",NYK,0,2,0,2,0.0,0.0,0.0,1,0,1,0,0,0,0,0,0,0,0,0,0,0,0,0,0,0,0,0,0,0,0,0
1630540,Miles McBride,NYK,202604300ATL,"Apr 30, 2026",ATL,3,3,0,3,33.33,50.0,-16.67,0,0,3,3,0,0,0,0,0,0,0,0,0,0,0,0,0,0,0,0,0,0,0,0
1629011,Mitchell Robinson,NYK,202604300ATL,"Apr 30, 2026",ATL,6,3,0,3,100.0,100.0,0.0,3,6,0,0,0,0,0,0,0,0,0,0,0,0,0,0,0,0,0,0,0,0,0,0
1630228,Jonathan Kuminga,ATL,202604300ATL,"Apr 30, 2026",NYK,11,7,6,10,47.83,57.05,-9.22,4,4,3,3,3,4,0,0,0,0,0,0,0,0,0,0,0,0,0,0,0,0,0,0
203903,Jordan Clarkson,NYK,202604300ATL,"Apr 30, 2026",ATL,7,4,4,6,53.85,60.76,-6.91,3,4,1,0,2,3,0,0,0,0,0,0,0,0,0,0,0,0,0,0,0,0,0,0
1630631,Jose Alvarado,ATL,202604300ATL,"Apr 30, 2026",NYK,3,2,0,2,50.0,75.0,-25.0,0,0,2,3,0,0,0,0,0,0,0,0,0,0,0,0,0,0,0,0,0,0,0,0
1627741,Buddy Hield,ATL,202604300ATL,"Apr 30, 2026",NYK,5,2,0,2,100.0,125.0,-25.0,1,2,1,3,0,0,0,0,0,0,0,0,0,0,0,0,0,0,0,0,0,0,0,0
1630557,Corey Kispert,ATL,202604300ATL,"Apr 30, 2026",NYK,4,7,2,8,19.05,25.38,-6.33,2,0,5,3,0,0,0,0,0,0,0,0,0,0,0,0,0,0,0,0,0,0,1,1
1642258,Zaccharie Risacher,ATL,202604300ATL,"Apr 30, 2026",NYK,8,9,0,9,38.1,44.44,-6.34,6,8,3,0,0,0,0,0,0,0,0,0,0,0,0,0,0,0,0,0,0,0,0,0
1630574,Ariel Hukporti,NYK,202604300ATL,"Apr 30, 2026",ATL,3,0,6,3,50.0,56.82,-6.82,0,0,0,0,1,1,0,0,0,0,0,0,0,0,0,0,0,0,0,0,0,0,2,2
1629013,Landry Shamet,NYK,202604300ATL,"Apr 30, 2026",ATL,5,5,0,5,38.46,50.0,-11.54,2,2,3,3,0,0,0,0,0,0,0,0,0,0,0,0,0,0,0,0,0,0,0,0
1631110,Jeremy Sochan,ATL,202604300ATL,"Apr 30, 2026",NYK,4,3,0,3,57.14,66.67,-9.53,2,4,1,0,0,0,0,0,0,0,0,0,0,0,0,0,0,0,0,0,0,0,0,0
1642885,Mohamed Diawara,NYK,202604300ATL,"Apr 30, 2026",ATL,2,4,0,4,20.0,25.0,-5.0,2,2,2,0,0,0,0,0,0,0,0,0,0,0,0,0,0,0,0,0,0,0,0,0
1630811,Keaton Wallace,ATL,202604300ATL,"Apr 30, 2026",NYK,4,5,0,5,36.36,40.0,-3.64,4,4,1,0,0,0,0,0,0,0,0,0,0,0,0,0,0,0,0,0,0,0,0,0
1642278,Tyler Kolek,NYK,202604300ATL,"Apr 30, 2026",ATL,6,5,2,6,42.86,51.02,-8.16,3,4,2,0,1,2,0,0,0,0,0,0,0,0,0,0,0,0,0,0,0,0,0,0
1642359,Pacôme Dadiet,NYK,202604300ATL,"Apr 30, 2026",ATL,5,4,0,4,45.45,62.5,-17.05,1,2,3,3,0,0,0,0,0,0,0,0,0,0,0,0,0,0,0,0,0,0,0,0
1628396,Tony Bradley,ATL,202604300ATL,"Apr 30, 2026",NYK,5,1,2,2,100.0,132.98,-32.98,0,0,1,3,1,2,0,0,0,0,0,0,0,0,0,0,0,0,0,0,0,0,0,0
203954,Joel Embiid,PHI,202604300PHI,"Apr 30, 2026",BOS,19,18,7,21,39.58,45.07,-5.49,12,8,5,3,3,5,0,0,1,3,0,0,0,0,0,0,0,0,0,0,0,0,0,0
1630573,Sam Hauser,BOS,202604300PHI,"Apr 30, 2026",PHI,5,6,0,6,29.41,41.67,-12.26,1,2,5,3,0,0,0,0,0,0,0,0,0,0,0,0,0,0,0,0,0,0,0,0
1629674,Neemias Queta,BOS,202604300PHI,"Apr 30, 2026",PHI,4,5,0,5,40.0,40.0,0.0,5,4,0,0,0,0,0,0,0,0,0,0,0,0,0,0,0,0,0,0,0,0,0,0
1628401,Derrick White,BOS,202604300PHI,"Apr 30, 2026",PHI,11,8,2,9,45.83,61.94,-16.11,2,0,6,9,0,0,0,0,0,0,0,0,0,0,0,0,0,0,0,0,0,0,1,2
202331,Paul George,PHI,202604300PHI,"Apr 30, 2026",BOS,23,17,2,18,51.11,64.32,-13.21,8,6,9,15,1,2,0,0,0,0,0,0,0,0,0,0,0,0,0,0,0,0,0,0
1642845,VJ Edgecombe,PHI,202604300PHI,"Apr 30, 2026",BOS,14,11,3,12,45.16,56.82,-11.66,4,6,6,3,1,2,0,0,1,3,0,0,0,0,0,0,0,0,0,0,0,0,0,0
1627759,Jaylen Brown,BOS,202604300PHI,"Apr 30, 2026",PHI,18,17,6,20,39.13,45.82,-6.69,11,10,6,6,3,2,0,0,0,0,0,0,0,0,0,0,0,0,0,0,0,0,0,0
1630178,Tyrese Maxey,PHI,202604300PHI,"Apr 30, 2026",BOS,30,22,5,25,55.56,61.98,-6.42,17,16,5,9,1,2,0,0,0,0,0,0,2,3,0,0,0,0,0,0,0,0,0,0
1628369,Jayson Tatum,BOS,202604300PHI,"Apr 30, 2026",PHI,17,13,5,15,45.95,55.92,-9.97,6,6,6,6,2,3,0,0,1,2,0,0,0,0,0,0,0,0,0,0,0,0,0,0
1626162,Kelly Oubre Jr.,PHI,202604300PHI,"Apr 30, 2026",BOS,14,11,2,12,51.85,58.92,-7.07,8,10,3,3,1,1,0,0,0,0,0,0,0,0,0,0,0,0,0,0,0,0,0,0
1630202,Payton Pritchard,BOS,202604300PHI,"Apr 30, 2026",PHI,14,16,1,17,34.15,42.58,-8.43,8,10,8,3,0,0,0,0,0,0,0,0,1,1,0,0,0,0,0,0,0,0,0,0
202696,Nikola Vučević,BOS,202604300PHI,"Apr 30, 2026",PHI,2,5,0,5,16.67,20.0,-3.33,3,2,2,0,0,0,0,0,0,0,0,0,0,0,0,0,0,0,0,0,0,0,0,0
1629656,Quentin Grimes,PHI,202604300PHI,"Apr 30, 2026",BOS,2,6,0,6,13.33,16.67,-3.34,3,2,3,0,0,0,0,0,0,0,0,0,0,0,0,0,0,0,0,0,0,0,0,0
1641775,Jordan Walsh,BOS,202604300PHI,"Apr 30, 2026",PHI,3,3,2,4,33.33,38.66,-5.33,2,2,1,0,1,1,0,0,0,0,0,0,0,0,0,0,0,0,0,0,0,0,0,0
203083,Andre Drummond,PHI,202604300PHI,"Apr 30, 2026",BOS,2,1,0,1,100.0,100.0,0.0,1,2,0,0,0,0,0,0,0,0,0,0,0,0,0,0,0,0,0,0,0,0,0,0
1642348,Justin Edwards,PHI,202604300PHI,"Apr 30, 2026",BOS,2,3,0,3,25.0,33.33,-8.33,1,2,2,0,0,0,0,0,0,0,0,0,0,0,0,0,0,0,0,0,0,0,0,0
1630568,Luka Garza,PHI,202604300PHI,"Apr 30, 2026",BOS,9,5,0,5,75.0,90.0,-15.0,3,6,2,3,0,0,0,0,0,0,0,0,0,0,0,0,0,0,0,0,0,0,0,0
1631248,Baylor Scheierman,BOS,202604300PHI,"Apr 30, 2026",PHI,5,4,0,4,45.45,62.5,-17.05,1,2,3,3,0,0,0,0,0,0,0,0,0,0,0,0,0,0,0,0,0,0,0,0
1631199,Ron Harper Jr.,BOS,202604300PHI,"Apr 30, 2026",PHI,3,3,0,3,37.5,50.0,-12.5,1,0,2,3,0,0,0,0,0,0,0,0,0,0,0,0,0,0,0,0,0,0,0,0
1630625,Dalano Banton,BOS,202604300PHI,"Apr 30, 2026",PHI,2,1,0,1,100.0,100.0,0.0,1,2,0,0,0,0,0,0,0,0,0,0,0,0,0,0,0,0,0,0,0,0,0,0
1630545,Terrence Shannon Jr.,MIN,202604300MIN,"Apr 30, 2026",DEN,24,20,5,22,46.15,54.05,-7.9,12,14,7,3,1,2,0,0,1,3,0,0,0,0,0,0,0,0,0,0,0,0,1,2
203497,Rudy Gobert,MIN,202604300MIN,"Apr 30, 2026",DEN,10,6,4,8,62.5,64.43,-1.93,6,8,0,0,1,0,0,0,0,0,0,0,0,0,0,0,0,0,0,0,0,0,1,2
203999,Nikola Jokić,DEN,202604300MIN,"Apr 30, 2026",MIN,28,19,6,22,57.14,64.7,-7.56,14,20,5,3,3,5,0,0,0,0,0,0,0,0,0,0,0,0,0,0,0,0,0,0
203944,Julius Randle,MIN,202604300MIN,"Apr 30, 2026",DEN,18,17,6,20,40.0,45.82,-5.82,12,8,5,6,3,4,0,0,0,0,0,0,0,0,0,0,0,0,0,0,0,0,0,0
1630183,Jaden McDaniels,MIN,202604300MIN,"Apr 30, 2026",DEN,32,25,6,27,53.33,57.89,-4.56,19,20,4,3,0,0,0,0,2,5,0,0,0,0,0,0,0,0,0,0,0,0,2,4
1627750,Jamal Murray,DEN,202604300MIN,"Apr 30, 2026",MIN,12,17,4,19,30.0,31.98,-1.98,15,8,2,0,0,0,0,0,0,0,0,0,0,0,0,0,0,0,0,0,0,0,2,4
201144,Mike Conley,MIN,202604300MIN,"Apr 30, 2026",DEN,7,7,0,7,38.89,50.0,-11.11,3,4,4,3,0,0,0,0,0,0,0,0,0,0,0,0,0,0,0,0,0,0,0,0
1629661,Cameron Johnson,DEN,202604300MIN,"Apr 30, 2026",MIN,27,15,9,19,55.1,71.2,-16.1,4,4,10,15,3,4,0,0,1,3,0,0,0,0,0,0,0,0,0,0,0,0,1,1
1631128,Christian Braun,DEN,202604300MIN,"Apr 30, 2026",MIN,3,4,0,4,25.0,37.5,-12.5,0,0,4,3,0,0,0,0,0,0,0,0,0,0,0,0,0,0,0,0,0,0,0,0
203501,Tim Hardaway Jr.,DEN,202604300MIN,"Apr 30, 2026",MIN,13,7,4,9,65.0,74.2,-9.2,5,6,2,3,0,0,1,3,0,0,0,0,1,1,0,0,0,0,0,0,0,0,0,0
1630538,Bones Hyland,MIN,202604300MIN,"Apr 30, 2026",DEN,1,3,2,4,9.09,12.89,-3.8,0,0,3,0,1,1,0,0,0,0,0,0,0,0,0,0,0,0,0,0,0,0,0,0
1629675,Naz Reid,MIN,202604300MIN,"Apr 30, 2026",DEN,15,13,1,13,50.0,55.8,-5.8,9,10,3,3,0,0,0,0,1,2,0,0,0,0,0,0,0,0,0,0,0,0,0,0
1628971,Bruce Brown,DEN,202604300MIN,"Apr 30, 2026",MIN,1,2,2,3,14.29,17.36,-3.07,1,0,1,0,1,1,0,0,0,0,0,0,0,0,0,0,0,0,0,0,0,0,0,0
1642461,Spencer Jones,MIN,202604300MIN,"Apr 30, 2026",DEN,8,4,0,4,72.73,100.0,-27.27,1,2,3,6,0,0,0,0,0,0,0,0,0,0,0,0,0,0,0,0,0,0,0,0
1641740,Jaylen Clark,MIN,202604300MIN,"Apr 30, 2026",DEN,3,3,0,3,33.33,50.0,-16.67,0,0,3,3,0,0,0,0,0,0,0,0,0,0,0,0,0,0,0,0,0,0,0,0
1626145,Tyus Jones,DEN,202604300MIN,"Apr 30, 2026",MIN,4,4,0,4,50.0,50.0,0.0,4,4,0,0,0,0,0,0,0,0,0,0,0,0,0,0,0,0,0,0,0,0,0,0
202685,Jonas Valančiūnas,DEN,202604300MIN,"Apr 30, 2026",MIN,2,3,0,3,33.33,33.33,0.0,3,2,0,0,0,0,0,0,0,0,0,0,0,0,0,0,0,0,0,0,0,0,0,0
1630595,Cade Cunningham,DET,202605010ORL,"May 1, 2026",ORL,32,23,12,29,51.61,56.58,-4.97,18,14,4,6,2,3,0,0,1,2,0,0,0,0,0,0,0,0,0,0,1,1,3,6
1631094,Paolo Banchero,ORL,202605010ORL,"May 1, 2026",DET,17,20,12,26,27.87,33.62,-5.75,11,8,9,0,6,9,0,0,0,0,0,0,0,0,0,0,0,0,0,0,0,0,0,0
1630217,Desmond Bane,ORL,202605010ORL,"May 1, 2026",DET,17,18,0,18,37.78,47.22,-9.44,9,8,9,9,0,0,0,0,0,0,0,0,0,0,0,0,0,0,0,0,0,0,0,0
1630591,Jalen Suggs,ORL,202605010ORL,"May 1, 2026",DET,7,10,4,12,23.33,29.76,-6.43,4,0,6,3,1,2,0,0,0,0,0,0,0,0,0,0,0,0,0,0,0,0,1,2
1631105,Jalen Duren,DET,202605010ORL,"May 1, 2026",ORL,8,6,1,6,61.54,62.11,-0.57,5,6,0,0,0,0,0,0,1,2,0,0,0,0,0,0,0,0,0,0,0,0,0,0
1629130,Duncan Robinson,DET,202605010ORL,"May 1, 2026",ORL,14,11,0,11,45.16,63.64,-18.48,2,2,9,12,0,0,0,0,0,0,0,0,0,0,0,0,0,0,0,0,0,0,0,0
1631288,Jamal Cain,ORL,202605010ORL,"May 1, 2026",DET,3,3,0,3,37.5,50.0,-12.5,1,0,2,3,0,0,0,0,0,0,0,0,0,0,0,0,0,0,0,0,0,0,0,0
1628976,Wendell Carter Jr.,ORL,202605010ORL,"May 1, 2026",DET,9,5,4,7,56.25,66.57,-10.32,3,4,2,3,1,1,0,0,0,0,0,0,0,0,0,0,0,0,0,0,0,0,1,1
202699,Tobias Harris,DET,202605010ORL,"May 1, 2026",ORL,22,20,9,24,39.29,45.91,-6.62,13,10,7,6,2,3,1,1,0,0,0,0,0,0,0,0,0,0,0,0,0,0,1,2
1641709,Ausar Thompson,DET,202605010ORL,"May 1, 2026",ORL,4,7,0,7,28.57,28.57,0.0,7,4,0,0,0,0,0,0,0,0,0,0,0,0,0,0,0,0,0,0,0,0,0,0
1642450,Daniss Jenkins,DET,202605010ORL,"May 1, 2026",ORL,7,7,2,8,35.0,44.42,-9.42,3,2,4,3,1,2,0,0,0,0,0,0,0,0,0,0,0,0,0,0,0,0,0,0
1641710,Anthony Black,ORL,202605010ORL,"May 1, 2026",DET,8,7,1,7,42.11,53.76,-11.65,2,2,4,3,0,0,0,0,1,3,0,0,0,0,0,0,0,0,0,0,0,0,0,0
1629048,Goga Bitadze,ORL,202605010ORL,"May 1, 2026",DET,6,5,0,5,60.0,60.0,0.0,5,6,0,0,0,0,0,0,0,0,0,0,0,0,0,0,0,0,0,0,0,0,0,0
1628975,Jevon Carter,ORL,202605010ORL,"May 1, 2026",DET,2,1,0,1,100.0,100.0,0.0,1,2,0,0,0,0,0,0,0,0,0,0,0,0,0,0,0,0,0,0,0,0,0,0
1627747,Caris LeVert,DET,202605010ORL,"May 1, 2026",ORL,0,2,0,2,0.0,0.0,0.0,1,0,1,0,0,0,0,0,0,0,0,0,0,0,0,0,0,0,0,0,0,0,0,0
1641783,Tristan da Silva,ORL,202605010ORL,"May 1, 2026",DET,10,9,0,9,45.45,55.56,-10.11,5,4,4,6,0,0,0,0,0,0,0,0,0,0,0,0,0,0,0,0,0,0,0,0
1630194,Paul Reed,DET,202605010ORL,"May 1, 2026",ORL,6,4,2,5,50.0,61.48,-11.48,2,4,2,0,1,2,0,0,0,0,0,0,0,0,0,0,0,0,0,0,0,0,0,0
1628386,Jarrett Allen,CLE,202605010TOR,"May 1, 2026",TOR,14,8,6,11,63.64,65.79,-2.15,8,12,0,0,3,2,0,0,0,0,0,0,0,0,0,0,0,0,0,0,0,0,0,0
1642266,Ja'Kobe Walter,TOR,202605010TOR,"May 1, 2026",CLE,24,13,6,16,58.54,76.73,-18.19,4,6,9,12,3,6,0,0,0,0,0,0,0,0,0,0,0,0,0,0,0,0,0,0
1628378,Donovan Mitchell,CLE,202605010TOR,"May 1, 2026",TOR,24,26,0,26,38.71,46.15,-7.44,16,18,10,6,0,0,0,0,0,0,0,0,0,0,0,0,0,0,0,0,0,0,0,0
1629628,RJ Barrett,CLE,202605010TOR,"May 1, 2026",TOR,24,21,5,23,40.68,51.72,-11.04,8,6,12,12,1,2,0,0,1,3,0,0,0,0,0,0,0,0,0,0,0,0,1,1
1627751,Jakob Poeltl,CLE,202605010TOR,"May 1, 2026",TOR,2,3,0,3,33.33,33.33,0.0,3,2,0,0,0,0,0,0,0,0,0,0,0,0,0,0,0,0,0,0,0,0,0,0
1630596,Evan Mobley,CLE,202605010TOR,"May 1, 2026",TOR,26,15,8,19,57.78,70.19,-12.41,8,12,7,9,3,3,0,0,0,0,0,0,0,0,0,0,0,0,0,0,0,0,1,2
1642347,Jamal Shead,TOR,202605010TOR,"May 1, 2026",CLE,7,9,2,10,25.93,35.43,-9.5,2,0,7,6,1,1,0,0,0,0,0,0,0,0,0,0,0,0,0,0,0,0,0,0
201935,James Harden,CLE,202605010TOR,"May 1, 2026",TOR,16,14,5,16,43.24,49.38,-6.14,10,8,3,0,1,2,0,0,0,0,1,4,0,0,0,0,0,0,0,0,0,0,1,2
1630567,Scottie Barnes,TOR,202605010TOR,"May 1, 2026",CLE,25,21,4,23,52.08,54.92,-2.84,19,22,2,0,2,3,0,0,0,0,0,0,0,0,0,0,0,0,0,0,0,0,0,0
1629622,Max Strus,CLE,202605010TOR,"May 1, 2026",TOR,6,6,0,6,37.5,50.0,-12.5,2,0,4,6,0,0,0,0,0,0,0,0,0,0,0,0,0,0,0,0,0,0,0,0
1642419,Jamison Battle,TOR,202605010TOR,"May 1, 2026",CLE,5,4,0,4,50.0,62.5,-12.5,2,2,2,3,0,0,0,0,0,0,0,0,0,0,0,0,0,0,0,0,0,0,0,0
1642867,Collin Murray-Boyles,TOR,202605010TOR,"May 1, 2026",CLE,17,10,6,13,65.38,67.25,-1.87,10,12,0,0,2,3,0,0,0,0,0,0,0,0,0,0,0,0,0,0,0,0,1,2
1630241,Sam Merrill,CLE,202605010TOR,"May 1, 2026",TOR,2,5,0,5,15.38,20.0,-4.62,2,2,3,0,0,0,0,0,0,0,0,0,0,0,0,0,0,0,0,0,0,0,0,0
1629731,Dean Wade,CLE,202605010TOR,"May 1, 2026",TOR,10,8,0,8,45.45,62.5,-17.05,2,4,6,6,0,0,0,0,0,0,0,0,0,0,0,0,0,0,0,0,0,0,0,0
203471,Dennis Schröder,CLE,202605010TOR,"May 1, 2026",TOR,7,4,8,8,41.18,46.54,-5.36,3,0,1,0,3,6,0,0,0,0,0,0,0,0,0,0,0,0,0,0,0,0,1,1
1630572,Sandro Mamukelashvili,TOR,202605010TOR,"May 1, 2026",CLE,2,3,0,3,28.57,33.33,-4.76,2,2,1,0,0,0,0,0,0,0,0,0,0,0,0,0,0,0,0,0,0,0,0,0
1642281,Jaylon Tyson,CLE,202605010TOR,"May 1, 2026",TOR,5,6,0,6,29.41,41.67,-12.26,1,2,5,3,0,0,0,0,0,0,0,0,0,0,0,0,0,0,0,0,0,0,0,0
1628418,Thomas Bryant,CLE,202605010TOR,"May 1, 2026",TOR,0,1,0,1,0.0,0.0,0.0,0,0,1,0,0,0,0,0,0,0,0,0,0,0,0,0,0,0,0,0,0,0,0,0
1630639,A.J. Lawson,TOR,202605010TOR,"May 1, 2026",CLE,6,3,0,3,66.67,100.0,-33.33,0,0,3,6,0,0,0,0,0,0,0,0,0,0,0,0,0,0,0,0,0,0,0,0
1631106,Tari Eason,HOU,202605010HOU,"May 1, 2026",LAL,14,14,2,15,37.84,47.04,-9.2,7,6,7,6,1,2,0,0,0,0,0,0,0,0,0,0,0,0,0,0,0,0,0,0
2544,LeBron James,LAL,202605010HOU,"May 1, 2026",HOU,28,25,8,29,44.44,49.09,-4.65,20,16,5,6,3,4,0,0,0,0,0,0,0,0,0,0,0,0,0,0,0,0,1,2
1641708,Amen Thompson,HOU,202605010HOU,"May 1, 2026",LAL,18,14,6,16,52.94,54.09,-1.15,12,10,0,0,2,4,0,0,2,4,0,0,0,0,0,0,0,0,0,0,0,0,0,0
1630559,Austin Reaves,LAL,202605010HOU,"May 1, 2026",HOU,15,14,1,14,45.45,51.94,-6.49,9,12,4,0,0,0,0,0,1,3,0,0,0,0,0,0,0,0,0,0,0,0,0,0
1629060,Rui Hachimura,LAL,202605010HOU,"May 1, 2026",HOU,21,15,0,15,56.76,70.0,-13.24,8,6,7,15,0,0,0,0,0,0,0,0,0,0,0,0,0,0,0,0,0,0,0,0
1629028,Deandre Ayton,LAL,202605010HOU,"May 1, 2026",HOU,7,6,7,9,36.84,38.55,-1.71,5,2,0,0,3,3,0,0,1,2,0,0,0,0,0,0,0,0,0,0,0,0,0,0
1642263,Reed Sheppard,HOU,202605010HOU,"May 1, 2026",LAL,10,19,1,20,20.41,25.72,-5.31,9,6,10,3,0,0,0,0,0,0,0,0,1,1,0,0,0,0,0,0,0,0,0,0
203935,Marcus Smart,LAL,202605010HOU,"May 1, 2026",HOU,7,7,2,8,35.0,44.42,-9.42,3,0,4,6,1,1,0,0,0,0,0,0,0,0,0,0,0,0,0,0,0,0,0,0
1631095,Jabari Smith Jr.,LAL,202605010HOU,"May 1, 2026",HOU,9,11,3,12,29.03,36.53,-7.5,5,4,6,3,0,0,1,2,0,0,0,0,0,0,0,0,0,0,0,0,0,0,0,0
1630578,Alperen Sengun,HOU,202605010HOU,"May 1, 2026",LAL,17,12,10,17,50.0,51.83,-1.83,12,10,0,0,5,7,0,0,0,0,0,0,0,0,0,0,0,0,0,0,0,0,0,0
1628379,Luke Kennard,LAL,202605010HOU,"May 1, 2026",HOU,3,6,0,6,21.43,25.0,-3.57,4,0,2,3,0,0,0,0,0,0,0,0,0,0,0,0,0,0,0,0,0,0,0,0
1629006,Josh Okogie,HOU,202605010HOU,"May 1, 2026",LAL,3,3,0,3,37.5,50.0,-12.5,1,0,2,3,0,0,0,0,0,0,0,0,0,0,0,0,0,0,0,0,0,0,0,0
1629637,Jaxson Hayes,LAL,202605010HOU,"May 1, 2026",HOU,5,1,4,3,83.33,90.58,-7.25,1,2,0,0,2,3,0,0,0,0,0,0,0,0,0,0,0,0,0,0,0,0,0,0
1631222,Jake LaRavia,LAL,202605010HOU,"May 1, 2026",HOU,7,8,0,8,38.89,43.75,-4.86,6,4,2,3,0,0,0,0,0,0,0,0,0,0,0,0,0,0,0,0,0,0,0,0
1627827,Dorian Finney-Smith,HOU,202605010HOU,"May 1, 2026",LAL,0,2,0,2,0.0,0.0,0.0,1,0,1,0,0,0,0,0,0,0,0,0,0,0,0,0,0,0,0,0,0,0,0,0
1628988,Aaron Holiday,HOU,202605010HOU,"May 1, 2026",LAL,2,1,0,1,100.0,100.0,0.0,1,2,0,0,0,0,0,0,0,0,0,0,0,0,0,0,0,0,0,0,0,0,0,0
1630256,Jae'Sean Tate,HOU,202605010HOU,"May 1, 2026",LAL,3,3,2,4,30.0,38.66,-8.66,1,2,2,0,1,1,0,0,0,0,0,0,0,0,0,0,0,0,0,0,0,0,0,0
1642355,Bronny James,LAL,202605010HOU,"May 1, 2026",HOU,0,1,0,1,0.0,0.0,0.0,0,0,1,0,0,0,0,0,0,0,0,0,0,0,0,0,0,0,0,0,0,0,0,0
1642261,Dalton Knecht,LAL,202605010HOU,"May 1, 2026",HOU,0,1,0,1,0.0,0.0,0.0,0,0,1,0,0,0,0,0,0,0,0,0,0,0,0,0,0,0,0,0,0,0,0,0
1641733,Nick Smith Jr.,LAL,202605010HOU,"May 1, 2026",HOU,3,4,0,4,30.0,37.5,-7.5,2,0,2,3,0,0,0,0,0,0,0,0,0,0,0,0,0,0,0,0,0,0,0,0
1642876,Adou Thiero,LAL,202605010HOU,"May 1, 2026",HOU,2,1,2,2,50.0,53.19,-3.19,1,2,0,0,1,0,0,0,0,0,0,0,0,0,0,0,0,0,0,0,0,0,0,0
203991,Clint Capela,HOU,202605010HOU,"May 1, 2026",LAL,2,1,0,1,100.0,100.0,0.0,1,2,0,0,0,0,0,0,0,0,0,0,0,0,0,0,0,0,0,0,0,0,0,0
203954,Joel Embiid,PHI,202605020BOS,"May 2, 2026",BOS,34,26,11,31,50.75,55.12,-4.37,21,20,4,3,1,2,0,0,1,3,0,0,0,0,0,0,0,0,0,0,0,0,4,6
1627759,Jaylen Brown,BOS,202605020BOS,"May 2, 2026",PHI,33,27,6,29,47.83,55.67,-7.84,16,14,9,9,2,4,0,0,2,6,0,0,0,0,0,0,0,0,0,0,0,0,0,0
1642845,VJ Edgecombe,PHI,202605020BOS,"May 2, 2026",BOS,23,17,2,18,48.94,64.32,-15.38,6,6,11,15,0,0,0,0,0,0,0,0,0,0,0,0,0,0,0,0,0,0,1,2
1628401,Derrick White,BOS,202605020BOS,"May 2, 2026",PHI,26,26,4,28,36.11,46.83,-10.72,10,8,16,15,2,3,0,0,0,0,0,0,0,0,0,0,0,0,0,0,0,0,0,0
1626162,Kelly Oubre Jr.,PHI,202605020BOS,"May 2, 2026",BOS,6,6,2,7,35.29,43.6,-8.31,3,4,3,0,1,2,0,0,0,0,0,0,0,0,0,0,0,0,0,0,0,0,0,0
1630568,Luka Garza,PHI,202605020BOS,"May 2, 2026",BOS,0,2,0,2,0.0,0.0,0.0,0,0,2,0,0,0,0,0,0,0,0,0,0,0,0,0,0,0,0,0,0,0,0,0
202331,Paul George,PHI,202605020BOS,"May 2, 2026",BOS,13,10,0,10,52.0,65.0,-13.0,5,4,5,9,0,0,0,0,0,0,0,0,0,0,0,0,0,0,0,0,0,0,0,0
1630178,Tyrese Maxey,PHI,202605020BOS,"May 2, 2026",BOS,30,18,6,21,65.22,72.67,-7.45,14,18,4,6,1,2,0,0,0,0,0,0,0,0,0,0,0,0,0,0,0,0,2,4
1631199,Ron Harper Jr.,BOS,202605020BOS,"May 2, 2026",PHI,0,1,0,1,0.0,0.0,0.0,0,0,1,0,0,0,0,0,0,0,0,0,0,0,0,0,0,0,0,0,0,0,0,0
1630202,Payton Pritchard,BOS,202605020BOS,"May 2, 2026",PHI,13,13,1,14,38.24,48.36,-10.12,6,6,7,6,0,0,0,0,0,0,0,0,1,1,0,0,0,0,0,0,0,0,0,0
1629674,Neemias Queta,BOS,202605020BOS,"May 2, 2026",PHI,17,8,3,9,89.47,91.2,-1.73,7,12,0,0,0,0,0,0,1,3,0,0,0,0,0,0,0,0,0,0,0,0,1,2
1629656,Quentin Grimes,PHI,202605020BOS,"May 2, 2026",BOS,3,4,2,5,27.27,30.74,-3.47,3,2,1,0,1,1,0,0,0,0,0,0,0,0,0,0,0,0,0,0,0,0,0,0
1630573,Sam Hauser,BOS,202605020BOS,"May 2, 2026",PHI,11,7,0,7,55.0,78.57,-23.57,1,2,6,9,0,0,0,0,0,0,0,0,0,0,0,0,0,0,0,0,0,0,0,0
1641775,Jordan Walsh,BOS,202605020BOS,"May 2, 2026",PHI,0,2,0,2,0.0,0.0,0.0,0,0,2,0,0,0,0,0,0,0,0,0,0,0,0,0,0,0,0,0,0,0,0,0
1642348,Justin Edwards,BOS,202605020BOS,"May 2, 2026",PHI,0,1,0,1,0.0,0.0,0.0,1,0,0,0,0,0,0,0,0,0,0,0,0,0,0,0,0,0,0,0,0,0,0,0
gonzahu01,H. GonzÃ¡lez PeÃ±a,BOS,202605020BOS,"May 2, 2026",PHI,0,3,2,4,0.0,0.0,0.0,0,0,3,0,1,0,0,0,0,0,0,0,0,0,0,0,0,0,0,0,0,0,0,0
1631248,Baylor Scheierman,BOS,202605020BOS,"May 2, 2026",PHI,0,4,0,4,0.0,0.0,0.0,1,0,3,0,0,0,0,0,0,0,0,0,0,0,0,0,0,0,0,0,0,0,0,0
1631288,Jamal Cain,ORL,202605030DET,"May 3, 2026",DET,5,6,1,7,31.25,38.82,-7.57,3,2,3,3,0,0,0,0,0,0,0,0,0,0,0,0,0,0,0,0,0,0,1,0
1629130,Duncan Robinson,DET,202605030DET,"May 3, 2026",ORL,10,13,0,13,27.78,38.46,-10.68,3,4,10,6,0,0,0,0,0,0,0,0,0,0,0,0,0,0,0,0,0,0,0,0
1630595,Cade Cunningham,DET,202605030DET,"May 3, 2026",ORL,32,18,10,23,61.54,71.43,-9.89,12,12,6,12,5,8,0,0,0,0,0,0,0,0,0,0,0,0,0,0,0,0,0,0
1631094,Paolo Banchero,ORL,202605030DET,"May 3, 2026",DET,38,25,8,29,58.46,66.62,-8.16,17,18,7,12,2,3,0,0,1,3,0,0,1,0,0,0,0,0,0,0,0,0,1,2
202699,Tobias Harris,DET,202605030DET,"May 3, 2026",ORL,30,18,3,19,65.22,77.64,-12.42,10,10,7,15,1,2,0,0,1,3,0,0,0,0,0,0,0,0,0,0,0,0,0,0
1631105,Jalen Duren,DET,202605030DET,"May 3, 2026",ORL,15,9,6,12,62.5,64.43,-1.93,9,10,0,0,1,1,0,0,0,0,0,0,0,0,0,0,0,0,0,0,0,0,2,4
1630591,Jalen Suggs,ORL,202605030DET,"May 3, 2026",DET,6,9,2,10,25.0,30.36,-5.36,5,4,4,0,1,2,0,0,0,0,0,0,0,0,0,0,0,0,0,0,0,0,0,0
1628976,Wendell Carter Jr.,ORL,202605030DET,"May 3, 2026",DET,13,7,8,11,50.0,61.79,-11.79,3,4,4,3,2,2,0,0,0,0,0,0,0,0,0,0,0,0,0,0,0,0,2,4
1630217,Desmond Bane,ORL,202605030DET,"May 3, 2026",DET,16,10,5,12,53.33,65.57,-12.24,4,2,5,9,2,3,0,0,1,2,0,0,0,0,0,0,0,0,0,0,0,0,0,0
1641709,Ausar Thompson,DET,202605030DET,"May 3, 2026",ORL,8,5,1,5,72.73,73.53,-0.8,4,6,0,0,0,0,0,0,1,2,0,0,0,0,0,0,0,0,0,0,0,0,0,0
1641710,Anthony Black,ORL,202605030DET,"May 3, 2026",DET,11,12,4,14,34.38,39.97,-5.59,8,8,4,0,1,2,0,0,0,0,0,0,0,0,0,0,0,0,0,0,0,0,1,1
1642450,Daniss Jenkins,DET,202605030DET,"May 3, 2026",ORL,16,8,2,9,69.57,90.09,-20.52,3,2,5,12,1,2,0,0,0,0,0,0,0,0,0,0,0,0,0,0,0,0,0,0
1628975,Jevon Carter,ORL,202605030DET,"May 3, 2026",DET,0,2,0,2,0.0,0.0,0.0,1,0,1,0,0,0,0,0,0,0,0,0,0,0,0,0,0,0,0,0,0,0,0,0
1629750,Javonte Green,DET,202605030DET,"May 3, 2026",ORL,3,5,0,5,20.0,30.0,-10.0,0,0,5,3,0,0,0,0,0,0,0,0,0,0,0,0,0,0,0,0,0,0,0,0
1629021,Moritz Wagner,ORL,202605030DET,"May 3, 2026",DET,5,3,2,4,55.56,64.43,-8.87,2,0,1,3,0,0,0,0,0,0,0,0,0,0,0,0,0,0,0,0,0,0,1,2
1630191,Isaiah Stewart,DET,202605030DET,"May 3, 2026",ORL,0,2,0,2,0.0,0.0,0.0,2,0,0,0,0,0,0,0,0,0,0,0,0,0,0,0,0,0,0,0,0,0,0,0
1641783,Tristan da Silva,ORL,202605030DET,"May 3, 2026",DET,0,1,0,1,0.0,0.0,0.0,0,0,1,0,0,0,0,0,0,0,0,0,0,0,0,0,0,0,0,0,0,0,0,0
1630194,Paul Reed,DET,202605030DET,"May 3, 2026",ORL,0,1,0,1,0.0,0.0,0.0,1,0,0,0,0,0,0,0,0,0,0,0,0,0,0,0,0,0,0,0,0,0,0,0
1642404,Chaz Lanier,DET,202605030DET,"May 3, 2026",ORL,2,1,0,1,100.0,100.0,0.0,1,2,0,0,0,0,0,0,0,0,0,0,0,0,0,0,0,0,0,0,0,0,0,0
1627751,Jakob Poeltl,TOR,202605030CLE,"May 3, 2026",CLE,9,5,4,7,64.29,66.57,-2.28,5,8,0,0,1,1,0,0,0,0,0,0,0,0,0,0,0,0,0,0,0,0,1,0
1628386,Jarrett Allen,CLE,202605030CLE,"May 3, 2026",TOR,22,11,14,18,61.11,64.1,-2.99,11,14,0,0,6,7,0,0,0,0,0,0,0,0,0,0,0,0,0,0,0,0,1,1
1629628,RJ Barrett,TOR,202605030CLE,"May 3, 2026",CLE,23,25,5,27,37.7,42.28,-4.58,18,14,6,3,2,3,0,0,1,3,0,0,0,0,0,0,0,0,0,0,0,0,0,0
1630567,Scottie Barnes,TOR,202605030CLE,"May 3, 2026",CLE,24,14,7,17,66.67,70.26,-3.59,12,12,1,3,0,0,0,0,1,3,0,0,0,0,1,2,0,0,0,0,0,0,2,4
1630596,Evan Mobley,CLE,202605030CLE,"May 3, 2026",TOR,13,7,4,9,65.0,74.2,-9.2,5,8,2,3,2,2,0,0,0,0,0,0,0,0,0,0,0,0,0,0,0,0,0,0
1629731,Dean Wade,CLE,202605030CLE,"May 3, 2026",TOR,5,5,0,5,38.46,50.0,-11.54,2,2,3,3,0,0,0,0,0,0,0,0,0,0,0,0,0,0,0,0,0,0,0,0
1628378,Donovan Mitchell,CLE,202605030CLE,"May 3, 2026",TOR,22,20,2,21,43.14,52.68,-9.54,11,14,9,6,1,2,0,0,0,0,0,0,0,0,0,0,0,0,0,0,0,0,0,0
1642347,Jamal Shead,TOR,202605030CLE,"May 3, 2026",CLE,14,16,3,17,32.56,40.42,-7.86,7,4,8,6,1,2,0,0,1,2,0,0,0,0,0,0,0,0,0,0,0,0,0,0
201935,James Harden,CLE,202605030CLE,"May 3, 2026",TOR,18,9,13,15,50.0,61.14,-11.14,4,4,5,3,5,8,1,3,0,0,0,0,0,0,0,0,0,0,0,0,0,0,0,0
1642266,Ja'Kobe Walter,TOR,202605030CLE,"May 3, 2026",CLE,13,9,3,10,46.43,62.98,-16.55,1,0,7,9,0,0,0,0,1,2,0,0,0,0,1,2,0,0,0,0,0,0,0,0
1642867,Collin Murray-Boyles,TOR,202605030CLE,"May 3, 2026",CLE,8,5,3,6,61.54,63.29,-1.75,4,4,0,0,0,0,0,0,1,3,0,0,0,0,1,1,0,0,0,0,0,0,0,0
1642419,Jamison Battle,TOR,202605030CLE,"May 3, 2026",CLE,3,3,0,3,37.5,50.0,-12.5,1,0,2,3,0,0,0,0,0,0,0,0,0,0,0,0,0,0,0,0,0,0,0,0
1630241,Sam Merrill,CLE,202605030CLE,"May 3, 2026",TOR,13,8,2,9,52.0,73.2,-21.2,1,2,7,9,0,0,0,0,0,0,0,0,0,0,0,0,0,0,0,0,0,0,1,2
1629622,Max Strus,CLE,202605030CLE,"May 3, 2026",TOR,12,10,2,11,40.0,55.15,-15.15,2,4,8,6,0,0,0,0,0,0,0,0,0,0,0,0,0,0,0,0,0,0,1,2
1630572,Sandro Mamukelashvili,TOR,202605030CLE,"May 3, 2026",CLE,6,6,1,6,40.0,46.58,-6.58,3,4,2,0,0,0,0,0,1,2,0,0,0,0,0,0,0,0,0,0,0,0,0,0
1642281,Jaylon Tyson,CLE,202605030CLE,"May 3, 2026",TOR,7,8,0,8,36.84,43.75,-6.91,5,4,3,3,0,0,0,0,0,0,0,0,0,0,0,0,0,0,0,0,0,0,0,0
1630639,A.J. Lawson,TOR,202605030CLE,"May 3, 2026",CLE,2,4,0,4,20.0,25.0,-5.0,2,2,2,0,0,0,0,0,0,0,0,0,0,0,0,0,0,0,0,0,0,0,0,0
203471,Dennis Schröder,CLE,202605030CLE,"May 3, 2026",TOR,2,7,0,7,12.5,14.29,-1.79,5,2,2,0,0,0,0,0,0,0,0,0,0,0,0,0,0,0,0,0,0,0,0,0
203954,Joel Embiid,PHI,202605040NYK,"May 4, 2026",NYK,14,11,9,15,42.42,46.79,-4.37,9,6,2,0,2,4,1,2,0,0,0,0,0,0,0,0,0,0,0,0,0,0,1,2
1630178,Tyrese Maxey,PHI,202605040NYK,"May 4, 2026",NYK,13,9,7,12,46.43,53.81,-7.38,5,4,3,0,1,2,0,0,1,3,0,0,0,0,0,0,0,0,0,0,0,0,2,4
1628384,OG Anunoby,PHI,202605040NYK,"May 4, 2026",NYK,18,8,2,9,90.0,101.35,-11.35,6,10,2,6,1,2,0,0,0,0,0,0,0,0,0,0,0,0,0,0,0,0,0,0
202331,Paul George,PHI,202605040NYK,"May 4, 2026",NYK,17,11,1,11,58.62,74.3,-15.68,4,2,6,12,0,0,0,0,1,3,0,0,0,0,0,0,0,0,0,0,0,0,0,0
1628404,Josh Hart,NYK,202605040NYK,"May 4, 2026",PHI,8,7,2,8,44.44,50.76,-6.32,5,4,2,3,0,0,0,0,0,0,0,0,0,0,0,0,0,0,0,0,0,0,1,1
1628969,Mikal Bridges,NYK,202605040NYK,"May 4, 2026",PHI,17,10,0,10,68.0,85.0,-17.0,5,8,5,9,0,0,0,0,0,0,0,0,0,0,0,0,0,0,0,0,0,0,0,0
1642845,VJ Edgecombe,PHI,202605040NYK,"May 4, 2026",NYK,12,11,2,12,41.38,50.51,-9.13,6,6,5,6,1,0,0,0,0,0,0,0,0,0,0,0,0,0,0,0,0,0,0,0
1628973,Jalen Brunson,NYK,202605040NYK,"May 4, 2026",PHI,35,18,8,21,70.0,81.32,-11.32,11,16,6,9,1,2,1,3,1,3,0,0,0,0,0,0,0,0,0,0,0,0,1,2
1626157,Karl-Anthony Towns,PHI,202605040NYK,"May 4, 2026",NYK,17,11,0,11,62.96,77.27,-14.31,6,8,5,9,0,0,0,0,0,0,0,0,0,0,0,0,0,0,0,0,0,0,0,0
1626162,Kelly Oubre Jr.,PHI,202605040NYK,"May 4, 2026",NYK,12,8,1,8,63.16,71.09,-7.93,5,6,2,3,0,0,0,0,1,3,0,0,0,0,0,0,0,0,0,0,0,0,0,0
1629011,Mitchell Robinson,NYK,202605040NYK,"May 4, 2026",PHI,2,1,4,3,33.33,36.23,-2.9,1,2,0,0,0,0,0,0,0,0,0,0,0,0,0,0,0,0,0,0,0,0,2,0
1629656,Quentin Grimes,PHI,202605040NYK,"May 4, 2026",NYK,5,4,2,5,38.46,51.23,-12.77,1,0,3,3,0,0,0,0,0,0,0,0,0,0,0,0,0,0,0,0,0,0,1,2
203903,Jordan Clarkson,NYK,202605040NYK,"May 4, 2026",PHI,2,2,0,2,40.0,50.0,-10.0,1,2,1,0,0,0,0,0,0,0,0,0,0,0,0,0,0,0,0,0,0,0,0,0
1630540,Miles McBride,NYK,202605040NYK,"May 4, 2026",PHI,8,6,0,6,47.06,66.67,-19.61,1,2,5,6,0,0,0,0,0,0,0,0,0,0,0,0,0,0,0,0,0,0,0,0
1642348,Justin Edwards,PHI,202605040NYK,"May 4, 2026",NYK,8,4,4,6,50.0,69.44,-19.44,0,0,4,6,1,1,0,0,0,0,0,0,0,0,0,0,0,0,0,0,0,0,1,1
1630574,Ariel Hukporti,NYK,202605040NYK,"May 4, 2026",PHI,5,2,1,2,100.0,102.46,-2.46,1,2,0,0,0,0,0,0,1,3,0,0,0,0,0,0,0,0,0,0,0,0,0,0
1629013,Landry Shamet,NYK,202605040NYK,"May 4, 2026",PHI,3,4,0,4,27.27,37.5,-10.23,1,0,3,3,0,0,0,0,0,0,0,0,0,0,0,0,0,0,0,0,0,0,0,0
1630631,Jose Alvarado,NYK,202605040NYK,"May 4, 2026",PHI,5,4,0,4,45.45,62.5,-17.05,1,2,3,3,0,0,0,0,0,0,0,0,0,0,0,0,0,0,0,0,0,0,0,0
203083,Andre Drummond,PHI,202605040NYK,"May 4, 2026",NYK,0,1,0,1,0.0,0.0,0.0,0,0,1,0,0,0,0,0,0,0,0,0,0,0,0,0,0,0,0,0,0,0,0,0
1631230,Dominick Barlow,PHI,202605040NYK,"May 4, 2026",NYK,7,3,2,4,87.5,90.21,-2.71,3,6,0,0,1,1,0,0,0,0,0,0,0,0,0,0,0,0,0,0,0,0,0,0
1630570,Trendon Watford,PHI,202605040NYK,"May 4, 2026",NYK,5,4,4,6,38.46,43.4,-4.94,3,2,1,0,1,1,0,0,0,0,0,0,0,0,0,0,0,0,0,0,0,0,1,2
1631207,Dalen Terry,PHI,202605040NYK,"May 4, 2026",NYK,3,4,0,4,30.0,37.5,-7.5,2,0,2,3,0,0,0,0,0,0,0,0,0,0,0,0,0,0,0,0,0,0,0,0
1631133,Jabari Walker,PHI,202605040NYK,"May 4, 2026",NYK,2,2,2,3,33.33,34.72,-1.39,2,0,0,0,1,2,0,0,0,0,0,0,0,0,0,0,0,0,0,0,0,0,0,0
1642278,Tyler Kolek,NYK,202605040NYK,"May 4, 2026",PHI,8,5,0,5,66.67,80.0,-13.33,3,2,2,6,0,0,0,0,0,0,0,0,0,0,0,0,0,0,0,0,0,0,0,0
1642359,Pacôme Dadiet,NYK,202605040NYK,"May 4, 2026",PHI,4,3,0,3,57.14,66.67,-9.53,2,4,1,0,0,0,0,0,0,0,0,0,0,0,0,0,0,0,0,0,0,0,0,0
1642885,Mohamed Diawara,NYK,202605040NYK,"May 4, 2026",PHI,5,3,0,3,62.5,83.33,-20.83,1,2,2,3,0,0,0,0,0,0,0,0,0,0,0,0,0,0,0,0,0,0,0,0
1641780,Johni Broome,PHI,202605040NYK,"May 4, 2026",NYK,0,1,0,1,0.0,0.0,0.0,0,0,1,0,0,0,0,0,0,0,0,0,0,0,0,0,0,0,0,0,0,0,0,0
1630545,Terrence Shannon Jr.,MIN,202605040SAS,"May 4, 2026",SAS,16,13,8,17,45.71,48.43,-2.72,12,10,1,0,2,3,0,0,0,0,0,0,0,0,0,0,0,0,0,0,0,0,2,3
1641705,Victor Wembanyama,SAS,202605040SAS,"May 4, 2026",MIN,11,17,2,18,25.0,30.76,-5.76,9,10,8,0,1,1,0,0,0,0,0,0,0,0,0,0,0,0,0,0,0,0,0,0
1630577,Julian Champagnie,SAS,202605040SAS,"May 4, 2026",MIN,17,12,0,12,54.84,70.83,-15.99,5,8,7,9,0,0,0,0,0,0,0,0,0,0,0,0,0,0,0,0,0,0,0,0
203497,Rudy Gobert,MIN,202605040SAS,"May 4, 2026",SAS,7,7,5,9,36.84,38.04,-1.2,6,4,0,0,1,1,0,0,1,2,0,0,0,0,0,0,0,0,0,0,0,0,1,0
1628368,De'Aaron Fox,SAS,202605040SAS,"May 4, 2026",MIN,10,14,0,14,31.25,35.71,-4.46,10,10,4,0,0,0,0,0,0,0,0,0,0,0,0,0,0,0,0,0,0,0,0,0
1630170,Devin Vassell,SAS,202605040SAS,"May 4, 2026",MIN,14,11,1,12,48.28,61.19,-12.91,5,4,6,9,0,0,0,0,0,0,0,0,0,0,0,0,0,0,0,0,0,0,1,1
201144,Mike Conley,MIN,202605040SAS,"May 4, 2026",SAS,12,8,0,8,52.17,75.0,-22.83,1,0,7,12,0,0,0,0,0,0,0,0,0,0,0,0,0,0,0,0,0,0,0,0
1630183,Jaden McDaniels,MIN,202605040SAS,"May 4, 2026",SAS,16,14,2,15,50.0,53.76,-3.76,12,14,2,0,1,2,0,0,0,0,0,0,0,0,0,0,0,0,0,0,0,0,0,0
1642264,Stephon Castle,SAS,202605040SAS,"May 4, 2026",MIN,17,8,8,12,58.62,73.78,-15.16,3,2,5,9,4,6,0,0,0,0,0,0,0,0,0,0,0,0,0,0,0,0,0,0
203944,Julius Randle,MIN,202605040SAS,"May 4, 2026",SAS,21,20,6,23,40.38,46.38,-6.0,14,12,6,6,2,2,0,0,0,0,0,0,0,0,0,0,0,0,0,0,0,0,1,1
1630162,Anthony Edwards,MIN,202605040SAS,"May 4, 2026",SAS,18,13,0,13,62.07,69.23,-7.16,10,12,3,6,0,0,0,0,0,0,0,0,0,0,0,0,0,0,0,0,0,0,0,0
1642844,Dylan Harper,SAS,202605040SAS,"May 4, 2026",MIN,18,13,3,14,54.55,62.85,-8.3,8,10,4,3,1,2,0,0,1,3,0,0,0,0,0,0,0,0,0,0,0,0,0,0
1629640,Keldon Johnson,SAS,202605040SAS,"May 4, 2026",MIN,11,10,2,11,45.83,50.55,-4.72,8,10,2,0,1,1,0,0,0,0,0,0,0,0,0,0,0,0,0,0,0,0,0,0
1629675,Naz Reid,MIN,202605040SAS,"May 4, 2026",SAS,12,8,0,8,63.16,75.0,-11.84,5,6,3,6,0,0,0,0,0,0,0,0,0,0,0,0,0,0,0,0,0,0,0,0
1628436,Luke Kornet,SAS,202605040SAS,"May 4, 2026",MIN,2,1,2,2,50.0,53.19,-3.19,1,0,0,0,1,2,0,0,0,0,0,0,0,0,0,0,0,0,0,0,0,0,0,0
1641740,Jaylen Clark,MIN,202605040SAS,"May 4, 2026",SAS,2,1,0,1,100.0,100.0,0.0,1,2,0,0,0,0,0,0,0,0,0,0,0,0,0,0,0,0,0,0,0,0,0,0
1630538,Bones Hyland,MIN,202605040SAS,"May 4, 2026",SAS,0,6,0,6,0.0,0.0,0.0,2,0,4,0,0,0,0,0,0,0,0,0,0,0,0,0,0,0,0,0,0,0,0,0
203084,Harrison Barnes,SAS,202605040SAS,"May 4, 2026",MIN,2,1,0,1,100.0,100.0,0.0,1,2,0,0,0,0,0,0,0,0,0,0,0,0,0,0,0,0,0,0,0,0,0,0
1630596,Evan Mobley,CLE,202605050DET,"May 5, 2026",DET,14,11,0,11,51.85,63.64,-11.79,6,8,5,6,0,0,0,0,0,0,0,0,0,0,0,0,0,0,0,0,0,0,0,0
1630595,Cade Cunningham,DET,202605050DET,"May 5, 2026",CLE,23,19,11,24,42.59,48.24,-5.65,14,8,5,6,1,1,2,6,0,0,0,0,1,0,0,0,0,0,0,0,0,0,1,2
1628378,Donovan Mitchell,CLE,202605050DET,"May 5, 2026",DET,23,19,2,20,46.0,57.85,-11.85,9,10,10,12,1,1,0,0,0,0,0,0,0,0,0,0,0,0,0,0,0,0,0,0
1629130,Duncan Robinson,CLE,202605050DET,"May 5, 2026",DET,19,12,1,13,57.58,76.37,-18.79,4,4,8,15,0,0,0,0,0,0,0,0,1,0,0,0,0,0,0,0,0,0,0,0
201935,James Harden,CLE,202605050DET,"May 5, 2026",DET,22,15,9,19,47.83,58.02,-10.19,8,10,7,3,3,6,1,3,0,0,0,0,0,0,0,0,0,0,0,0,0,0,0,0
202699,Tobias Harris,DET,202605050DET,"May 5, 2026",CLE,20,14,8,18,48.78,57.08,-8.3,9,10,5,3,4,7,0,0,0,0,0,0,0,0,0,0,0,0,0,0,0,0,0,0
1628386,Jarrett Allen,CLE,202605050DET,"May 5, 2026",DET,2,4,0,4,25.0,25.0,0.0,4,2,0,0,0,0,0,0,0,0,0,0,0,0,0,0,0,0,0,0,0,0,0,0
1641709,Ausar Thompson,DET,202605050DET,"May 5, 2026",CLE,11,6,4,8,68.75,70.88,-2.13,6,8,0,0,2,3,0,0,0,0,0,0,0,0,0,0,0,0,0,0,0,0,0,0
1631105,Jalen Duren,DET,202605050DET,"May 5, 2026",CLE,11,11,4,13,42.31,43.1,-0.79,11,8,0,0,2,3,0,0,0,0,0,0,0,0,0,0,0,0,0,0,0,0,0,0
1629731,Dean Wade,CLE,202605050DET,"May 5, 2026",DET,5,3,0,3,62.5,83.33,-20.83,1,2,2,3,0,0,0,0,0,0,0,0,0,0,0,0,0,0,0,0,0,0,0,0
1629622,Max Strus,CLE,202605050DET,"May 5, 2026",DET,19,13,1,13,54.29,70.68,-16.39,4,4,8,12,0,0,0,0,1,3,0,0,0,0,0,0,0,0,0,0,0,0,0,0
1642450,Daniss Jenkins,DET,202605050DET,"May 5, 2026",CLE,12,13,2,14,38.71,43.23,-4.52,10,10,3,0,0,0,0,0,0,0,0,0,0,0,0,0,0,0,0,0,0,0,1,2
1627747,Caris LeVert,DET,202605050DET,"May 5, 2026",CLE,0,1,0,1,0.0,0.0,0.0,1,0,0,0,0,0,0,0,0,0,0,0,0,0,0,0,0,0,0,0,0,0,0,0
1630191,Isaiah Stewart,DET,202605050DET,"May 5, 2026",CLE,6,2,2,3,100.0,104.17,-4.17,2,4,0,0,0,0,0,0,0,0,0,0,0,0,0,0,0,0,0,0,0,0,1,2
203471,Dennis Schröder,CLE,202605050DET,"May 5, 2026",DET,9,6,2,7,60.0,65.41,-5.41,5,4,1,3,1,2,0,0,0,0,0,0,0,0,0,0,0,0,0,0,0,0,0,0
1641842,Ronald Holland II,DET,202605050DET,"May 5, 2026",CLE,6,3,3,4,54.55,69.44,-14.89,0,0,2,3,1,1,0,0,1,2,0,0,0,0,0,0,0,0,0,0,0,0,0,0
1629750,Javonte Green,DET,202605050DET,"May 5, 2026",CLE,3,3,0,3,33.33,50.0,-16.67,0,0,3,3,0,0,0,0,0,0,0,0,0,0,0,0,0,0,0,0,0,0,0,0
1628418,Thomas Bryant,CLE,202605050DET,"May 5, 2026",DET,4,4,2,5,33.33,40.98,-7.65,2,2,2,0,1,2,0,0,0,0,0,0,0,0,0,0,0,0,0,0,0,0,0,0
1642281,Jaylon Tyson,CLE,202605050DET,"May 5, 2026",DET,0,1,0,1,0.0,0.0,0.0,1,0,0,0,0,0,0,0,0,0,0,0,0,0,0,0,0,0,0,0,0,0,0,0
1631165,Keon Ellis,CLE,202605050DET,"May 5, 2026",DET,3,4,0,4,27.27,37.5,-10.23,1,0,3,3,0,0,0,0,0,0,0,0,0,0,0,0,0,0,0,0,0,0,0,0
2544,LeBron James,LAL,202605050OKC,"May 5, 2026",OKC,27,17,1,17,65.85,77.41,-11.56,10,16,6,9,0,0,0,0,1,2,0,0,0,0,0,0,0,0,0,0,0,0,0,0
1628392,Isaiah Hartenstein,LAL,202605050OKC,"May 5, 2026",OKC,8,3,2,4,100.0,103.09,-3.09,3,6,0,0,1,2,0,0,0,0,0,0,0,0,0,0,0,0,0,0,0,0,0,0
1631096,Chet Holmgren,OKC,202605050OKC,"May 5, 2026",LAL,24,17,4,19,60.0,63.97,-3.97,15,14,2,6,2,4,0,0,0,0,0,0,0,0,0,0,0,0,0,0,0,0,0,0
203935,Marcus Smart,LAL,202605050OKC,"May 5, 2026",OKC,12,15,2,16,30.0,37.78,-7.78,7,4,8,6,1,2,0,0,0,0,0,0,0,0,0,0,0,0,0,0,0,0,0,0
1629028,Deandre Ayton,LAL,202605050OKC,"May 5, 2026",OKC,10,12,0,12,41.67,41.67,0.0,12,10,0,0,0,0,0,0,0,0,0,0,0,0,0,0,0,0,0,0,0,0,0,0
1629652,Luguentz Dort,OKC,202605050OKC,"May 5, 2026",LAL,6,5,0,5,40.0,60.0,-20.0,0,0,5,6,0,0,0,0,0,0,0,0,0,0,0,0,0,0,0,0,0,0,0,0
1629060,Rui Hachimura,LAL,202605050OKC,"May 5, 2026",OKC,18,13,2,14,52.94,64.84,-11.9,7,8,6,9,1,1,0,0,0,0,0,0,0,0,0,0,0,0,0,0,0,0,0,0
1642349,Ajay Mitchell,OKC,202605050OKC,"May 5, 2026",LAL,18,16,3,17,45.0,51.96,-6.96,11,12,4,0,1,2,0,0,0,0,1,4,0,0,0,0,0,0,0,0,0,0,0,0
1628983,Shai Gilgeous-Alexander,OKC,202605050OKC,"May 5, 2026",LAL,18,15,3,16,52.94,55.15,-2.21,13,14,1,0,1,1,0,0,1,3,0,0,0,0,0,0,0,0,0,0,0,0,0,0
1630559,Austin Reaves,LAL,202605050OKC,"May 5, 2026",OKC,8,16,2,17,20.51,23.7,-3.19,11,6,5,0,1,2,0,0,0,0,0,0,0,0,0,0,0,0,0,0,0,0,0,0
1631119,Jaylin Williams,OKC,202605050OKC,"May 5, 2026",LAL,3,3,0,3,37.5,50.0,-12.5,1,0,2,3,0,0,0,0,0,0,0,0,0,0,0,0,0,0,0,0,0,0,0,0
1641717,Cason Wallace,OKC,202605050OKC,"May 5, 2026",LAL,5,6,0,6,33.33,41.67,-8.34,3,2,3,3,0,0,0,0,0,0,0,0,0,0,0,0,0,0,0,0,0,0,0,0
1628379,Luke Kennard,LAL,202605050OKC,"May 5, 2026",OKC,7,4,4,6,46.67,60.76,-14.09,1,0,3,3,0,0,1,3,0,0,0,0,1,1,0,0,0,0,0,0,0,0,0,0
1629637,Jaxson Hayes,LAL,202605050OKC,"May 5, 2026",OKC,3,3,2,4,37.5,38.66,-1.16,3,2,0,0,1,1,0,0,0,0,0,0,0,0,0,0,0,0,0,0,0,0,0,0
1631222,Jake LaRavia,LAL,202605050OKC,"May 5, 2026",OKC,3,2,0,2,60.0,75.0,-15.0,1,0,1,3,0,0,0,0,0,0,0,0,0,0,0,0,0,0,0,0,0,0,0,0
1627936,Alex Caruso,OKC,202605050OKC,"May 5, 2026",LAL,5,5,0,5,35.71,50.0,-14.29,1,2,4,3,0,0,0,0,0,0,0,0,0,0,0,0,0,0,0,0,0,0,0,0
1630198,Isaiah Joe,OKC,202605050OKC,"May 5, 2026",LAL,9,6,0,6,60.0,75.0,-15.0,3,6,3,3,0,0,0,0,0,0,0,0,0,0,0,0,0,0,0,0,0,0,0,0
1629020,Jarred Vanderbilt,LAL,202605050OKC,"May 5, 2026",OKC,2,2,0,2,40.0,50.0,-10.0,1,2,1,0,0,0,0,0,0,0,0,0,0,0,0,0,0,0,0,0,0,0,0,0
1642272,Jared McCain,OKC,202605050OKC,"May 5, 2026",LAL,12,7,0,7,63.16,85.71,-22.55,2,0,5,12,0,0,0,0,0,0,0,0,0,0,0,0,0,0,0,0,0,0,0,0
1630598,Aaron Wiggins,OKC,202605050OKC,"May 5, 2026",LAL,0,2,0,2,0.0,0.0,0.0,2,0,0,0,0,0,0,0,0,0,0,0,0,0,0,0,0,0,0,0,0,0,0,0
1642261,Dalton Knecht,LAL,202605050OKC,"May 5, 2026",OKC,0,1,0,1,0.0,0.0,0.0,1,0,0,0,0,0,0,0,0,0,0,0,0,0,0,0,0,0,0,0,0,0,0,0
1628404,Josh Hart,NYK,202605060NYK,"May 6, 2026",PHI,5,6,0,6,29.41,41.67,-12.26,1,2,5,3,0,0,0,0,0,0,0,0,0,0,0,0,0,0,0,0,0,0,0,0
203083,Andre Drummond,PHI,202605060NYK,"May 6, 2026",NYK,6,2,2,3,100.0,104.17,-4.17,2,4,0,0,0,0,0,0,0,0,0,0,0,0,0,0,0,0,0,0,0,0,1,2
1626162,Kelly Oubre Jr.,PHI,202605060NYK,"May 6, 2026",NYK,19,12,4,14,55.88,69.04,-13.16,6,6,6,9,2,4,0,0,0,0,0,0,0,0,0,0,0,0,0,0,0,0,0,0
1628969,Mikal Bridges,NYK,202605060NYK,"May 6, 2026",PHI,18,13,0,13,64.29,69.23,-4.94,11,18,2,0,0,0,0,0,0,0,0,0,0,0,0,0,0,0,0,0,0,0,0,0
202331,Paul George,PHI,202605060NYK,"May 6, 2026",NYK,19,18,1,18,38.0,51.52,-13.52,4,2,13,15,0,0,0,0,1,2,0,0,0,0,0,0,0,0,0,0,0,0,0,0
1628384,OG Anunoby,NYK,202605060NYK,"May 6, 2026",PHI,24,17,4,19,53.33,63.97,-10.64,10,14,7,6,1,2,0,0,0,0,0,0,0,0,0,0,0,0,0,0,0,0,1,2
1626157,Karl-Anthony Towns,NYK,202605060NYK,"May 6, 2026",PHI,20,8,9,12,76.92,83.61,-6.69,6,8,1,3,3,5,0,0,1,3,0,0,0,0,1,1,0,0,0,0,0,0,0,0
1630178,Tyrese Maxey,PHI,202605060NYK,"May 6, 2026",NYK,26,23,9,28,42.62,48.22,-5.6,17,16,6,3,4,6,0,0,0,0,0,0,1,1,0,0,0,0,0,0,0,0,0,0
1642845,VJ Edgecombe,PHI,202605060NYK,"May 6, 2026",NYK,17,13,4,15,45.95,57.59,-11.64,6,6,7,9,2,2,0,0,0,0,0,0,0,0,0,0,0,0,0,0,0,0,0,0
1628973,Jalen Brunson,NYK,202605060NYK,"May 6, 2026",PHI,26,21,8,25,47.27,53.02,-5.75,16,16,5,3,1,2,0,0,0,0,0,0,0,0,0,0,0,0,0,0,0,0,3,5
1641737,Adem Bona,PHI,202605060NYK,"May 6, 2026",NYK,2,0,4,2,50.0,56.82,-6.82,0,0,0,0,2,2,0,0,0,0,0,0,0,0,0,0,0,0,0,0,0,0,0,0
1629656,Quentin Grimes,PHI,202605060NYK,"May 6, 2026",NYK,7,4,4,6,50.0,60.76,-10.76,2,0,2,3,2,4,0,0,0,0,0,0,0,0,0,0,0,0,0,0,0,0,0,0
203903,Jordan Clarkson,NYK,202605060NYK,"May 6, 2026",PHI,6,4,2,5,54.55,61.48,-6.93,3,4,1,0,1,2,0,0,0,0,0,0,0,0,0,0,0,0,0,0,0,0,0,0
1630540,Miles McBride,NYK,202605060NYK,"May 6, 2026",PHI,4,5,2,6,25.0,34.01,-9.01,1,0,4,3,0,0,0,0,0,0,0,0,0,0,0,0,0,0,0,0,0,0,1,1
1630574,Ariel Hukporti,NYK,202605060NYK,"May 6, 2026",PHI,2,3,0,3,33.33,33.33,0.0,3,2,0,0,0,0,0,0,0,0,0,0,0,0,0,0,0,0,0,0,0,0,0,0
1630631,Jose Alvarado,NYK,202605060NYK,"May 6, 2026",PHI,3,2,0,2,60.0,75.0,-15.0,1,0,1,3,0,0,0,0,0,0,0,0,0,0,0,0,0,0,0,0,0,0,0,0
1631230,Dominick Barlow,PHI,202605060NYK,"May 6, 2026",NYK,6,3,0,3,100.0,100.0,0.0,3,6,0,0,0,0,0,0,0,0,0,0,0,0,0,0,0,0,0,0,0,0,0,0
1628368,De'Aaron Fox,SAS,202605060SAS,"May 6, 2026",MIN,16,10,5,12,59.26,65.57,-6.31,8,6,2,6,0,0,1,2,0,0,0,0,0,0,0,0,0,0,0,0,0,0,1,2
1630183,Jaden McDaniels,MIN,202605060SAS,"May 6, 2026",SAS,12,10,1,10,54.55,57.47,-2.92,8,10,1,0,0,0,0,0,1,2,0,0,0,0,0,0,0,0,0,0,0,0,0,0
1630577,Julian Champagnie,SAS,202605060SAS,"May 6, 2026",MIN,12,6,0,6,66.67,100.0,-33.33,0,0,6,12,0,0,0,0,0,0,0,0,0,0,0,0,0,0,0,0,0,0,0,0
203497,Rudy Gobert,MIN,202605060SAS,"May 6, 2026",SAS,5,4,9,9,29.41,31.41,-2.0,4,2,0,0,3,3,0,0,0,0,0,0,0,0,0,0,0,0,0,0,0,0,2,0
203944,Julius Randle,MIN,202605060SAS,"May 6, 2026",SAS,12,10,5,12,44.44,49.18,-4.74,7,6,2,0,1,2,0,0,1,2,0,0,0,0,0,0,0,0,0,0,0,0,1,2
1642264,Stephon Castle,SAS,202605060SAS,"May 6, 2026",MIN,21,10,9,14,70.0,75.21,-5.21,8,10,1,0,4,8,0,0,1,3,0,0,0,0,0,0,0,0,0,0,0,0,0,0
1641705,Victor Wembanyama,SAS,202605060SAS,"May 6, 2026",MIN,19,15,3,16,47.5,58.21,-10.71,7,8,7,6,1,2,0,0,1,3,0,0,0,0,0,0,0,0,0,0,0,0,0,0
201144,Mike Conley,MIN,202605060SAS,"May 6, 2026",SAS,3,4,0,4,27.27,37.5,-10.23,1,0,3,3,0,0,0,0,0,0,0,0,0,0,0,0,0,0,0,0,0,0,0,0
1630170,Devin Vassell,SAS,202605060SAS,"May 6, 2026",MIN,10,9,2,10,38.46,50.61,-12.15,3,2,5,3,0,0,0,0,0,0,1,4,1,1,0,0,0,0,0,0,0,0,0,0
1630545,Terrence Shannon Jr.,MIN,202605060SAS,"May 6, 2026",SAS,12,12,4,14,37.5,43.6,-6.1,8,8,4,0,1,2,0,0,0,0,0,0,0,0,0,0,0,0,0,0,0,0,1,2
1630245,Ayo Dosunmu,MIN,202605060SAS,"May 6, 2026",SAS,0,4,0,4,0.0,0.0,0.0,3,0,1,0,0,0,0,0,0,0,0,0,0,0,0,0,0,0,0,0,0,0,0,0
1642844,Dylan Harper,SAS,202605060SAS,"May 6, 2026",MIN,11,10,0,10,47.83,55.0,-7.17,7,8,3,3,0,0,0,0,0,0,0,0,0,0,0,0,0,0,0,0,0,0,0,0
1629640,Keldon Johnson,SAS,202605060SAS,"May 6, 2026",MIN,9,8,8,12,36.0,39.06,-3.06,7,4,1,0,4,5,0,0,0,0,0,0,0,0,0,0,0,0,0,0,0,0,0,0
1630162,Anthony Edwards,MIN,202605060SAS,"May 6, 2026",SAS,12,13,2,14,36.36,43.23,-6.87,8,8,5,3,1,1,0,0,0,0,0,0,0,0,0,0,0,0,0,0,0,0,0,0
1629675,Naz Reid,MIN,202605060SAS,"May 6, 2026",SAS,11,7,0,7,61.11,78.57,-17.46,3,2,4,9,0,0,0,0,0,0,0,0,0,0,0,0,0,0,0,0,0,0,0,0
1628436,Luke Kornet,SAS,202605060SAS,"May 6, 2026",MIN,4,1,2,2,100.0,106.38,-6.38,1,2,0,0,0,0,0,0,0,0,0,0,0,0,0,0,0,0,0,0,0,0,1,2
1642868,Carter Bryant,SAS,202605060SAS,"May 6, 2026",MIN,2,3,2,4,20.0,25.77,-5.77,1,2,2,0,1,0,0,0,0,0,0,0,0,0,0,0,0,0,0,0,0,0,0,0
203084,Harrison Barnes,SAS,202605060SAS,"May 6, 2026",MIN,12,7,2,8,57.14,76.14,-19.0,2,4,5,6,1,2,0,0,0,0,0,0,0,0,0,0,0,0,0,0,0,0,0,0
1641740,Jaylen Clark,MIN,202605060SAS,"May 6, 2026",SAS,3,5,0,5,21.43,30.0,-8.57,1,0,4,3,0,0,0,0,0,0,0,0,0,0,0,0,0,0,0,0,0,0,0,0
1630538,Bones Hyland,MIN,202605060SAS,"May 6, 2026",SAS,0,3,0,3,0.0,0.0,0.0,2,0,1,0,0,0,0,0,0,0,0,0,0,0,0,0,0,0,0,0,0,0,0,0
203937,Kyle Anderson,MIN,202605060SAS,"May 6, 2026",SAS,8,6,6,9,42.11,46.3,-4.19,5,6,1,0,3,2,0,0,0,0,0,0,0,0,0,0,0,0,0,0,0,0,0,0
204060,Joe Ingles,MIN,202605060SAS,"May 6, 2026",SAS,7,3,2,4,63.64,90.21,-26.57,0,0,3,6,0,0,0,0,0,0,0,0,0,0,0,0,0,0,0,0,0,0,1,1
1641763,Julian Phillips,MIN,202605060SAS,"May 6, 2026",SAS,3,3,0,3,42.86,50.0,-7.14,2,0,1,3,0,0,0,0,0,0,0,0,0,0,0,0,0,0,0,0,0,0,0,0
1629162,Jordan McLaughlin,SAS,202605060SAS,"May 6, 2026",MIN,2,1,0,1,100.0,100.0,0.0,1,2,0,0,0,0,0,0,0,0,0,0,0,0,0,0,0,0,0,0,0,0,0,0
203482,Kelly Olynyk,SAS,202605060SAS,"May 6, 2026",MIN,5,3,0,3,62.5,83.33,-20.83,1,2,2,3,0,0,0,0,0,0,0,0,0,0,0,0,0,0,0,0,0,0,0,0
1642866,Joan Beringer,MIN,202605060SAS,"May 6, 2026",SAS,7,4,2,5,70.0,71.72,-1.72,4,6,0,0,0,0,0,0,0,0,0,0,0,0,0,0,0,0,0,0,0,0,1,1
1630322,Lindy Waters III,SAS,202605060SAS,"May 6, 2026",MIN,8,5,0,5,57.14,80.0,-22.86,1,2,4,6,0,0,0,0,0,0,0,0,0,0,0,0,0,0,0,0,0,0,0,0
202687,Bismack Biyombo,SAS,202605060SAS,"May 6, 2026",MIN,2,2,0,2,50.0,50.0,0.0,2,2,0,0,0,0,0,0,0,0,0,0,0,0,0,0,0,0,0,0,0,0,0,0
1629731,Dean Wade,CLE,202605070DET,"May 7, 2026",DET,8,6,0,6,50.0,66.67,-16.67,2,2,4,6,0,0,0,0,0,0,0,0,0,0,0,0,0,0,0,0,0,0,0,0
202699,Tobias Harris,DET,202605070DET,"May 7, 2026",CLE,21,16,2,17,56.76,62.2,-5.44,13,14,3,6,1,1,0,0,0,0,0,0,0,0,0,0,0,0,0,0,0,0,0,0
1628386,Jarrett Allen,CLE,202605070DET,"May 7, 2026",DET,22,9,10,14,78.57,82.09,-3.52,9,14,0,0,4,6,0,0,0,0,0,0,0,0,0,0,0,0,0,0,0,0,1,2
1630595,Cade Cunningham,DET,202605070DET,"May 7, 2026",CLE,25,14,8,18,59.52,71.35,-11.83,8,8,6,9,3,6,0,0,0,0,0,0,0,0,0,0,0,0,0,0,0,0,1,2
1628378,Donovan Mitchell,CLE,202605070DET,"May 7, 2026",DET,31,24,9,29,46.97,55.44,-8.47,15,18,9,6,3,4,0,0,0,0,0,0,0,0,0,0,0,0,0,0,1,1,1,2
1641709,Ausar Thompson,DET,202605070DET,"May 7, 2026",CLE,10,8,2,9,55.56,56.31,-0.75,8,10,0,0,1,0,0,0,0,0,0,0,0,0,0,0,0,0,0,0,0,0,0,0
1630596,Evan Mobley,CLE,202605070DET,"May 7, 2026",DET,9,10,0,10,37.5,45.0,-7.5,6,6,4,3,0,0,0,0,0,0,0,0,0,0,0,0,0,0,0,0,0,0,0,0
1629130,Duncan Robinson,DET,202605070DET,"May 7, 2026",CLE,17,12,0,12,51.52,70.83,-19.31,3,2,9,15,0,0,0,0,0,0,0,0,0,0,0,0,0,0,0,0,0,0,0,0
201935,James Harden,CLE,202605070DET,"May 7, 2026",DET,10,13,4,15,29.41,33.88,-4.47,9,6,4,0,1,2,0,0,0,0,0,0,0,0,0,0,0,0,0,0,0,0,1,2
1631105,Jalen Duren,DET,202605070DET,"May 7, 2026",CLE,8,7,6,10,40.0,41.49,-1.49,7,4,0,0,2,2,0,0,0,0,0,0,0,0,0,0,0,0,0,0,0,0,1,2
203471,Dennis Schröder,CLE,202605070DET,"May 7, 2026",DET,4,5,2,6,28.57,34.01,-5.44,3,2,2,0,1,2,0,0,0,0,0,0,0,0,0,0,0,0,0,0,0,0,0,0
1629622,Max Strus,CLE,202605070DET,"May 7, 2026",DET,3,6,0,6,16.67,25.0,-8.33,0,0,6,3,0,0,0,0,0,0,0,0,0,0,0,0,0,0,0,0,0,0,0,0
1642450,Daniss Jenkins,DET,202605070DET,"May 7, 2026",CLE,14,14,0,14,42.42,50.0,-7.58,9,8,5,6,0,0,0,0,0,0,0,0,0,0,0,0,0,0,0,0,0,0,0,0
1630191,Isaiah Stewart,DET,202605070DET,"May 7, 2026",CLE,2,1,0,1,100.0,100.0,0.0,1,2,0,0,0,0,0,0,0,0,0,0,0,0,0,0,0,0,0,0,0,0,0,0
1642281,Jaylon Tyson,CLE,202605070DET,"May 7, 2026",DET,7,7,2,7,38.89,44.42,-5.53,3,2,2,0,0,0,0,0,2,5,0,0,0,0,0,0,0,0,0,0,0,0,0,0
1641842,Ronald Holland II,DET,202605070DET,"May 7, 2026",CLE,2,3,2,4,20.0,25.77,-5.77,1,0,2,0,1,2,0,0,0,0,0,0,0,0,0,0,0,0,0,0,0,0,0,0
1627747,Caris LeVert,DET,202605070DET,"May 7, 2026",CLE,8,5,0,5,61.54,80.0,-18.46,2,2,3,6,0,0,0,0,0,0,0,0,0,0,0,0,0,0,0,0,0,0,0,0
1631165,Keon Ellis,CLE,202605070DET,"May 7, 2026",DET,3,1,0,1,100.0,150.0,-50.0,0,0,1,3,0,0,0,0,0,0,0,0,0,0,0,0,0,0,0,0,0,0,0,0
203935,Marcus Smart,LAL,202605070OKC,"May 7, 2026",OKC,14,13,5,15,36.84,46.05,-9.21,5,4,7,3,1,2,0,0,1,3,0,0,0,0,0,0,0,0,0,0,0,0,1,2
1628392,Isaiah Hartenstein,OKC,202605070OKC,"May 7, 2026",LAL,10,6,0,6,83.33,83.33,0.0,6,10,0,0,0,0,0,0,0,0,0,0,0,0,0,0,0,0,0,0,0,0,0,0
1642349,Ajay Mitchell,OKC,202605070OKC,"May 7, 2026",LAL,20,12,7,15,58.82,66.31,-7.49,8,12,3,0,2,4,0,0,1,3,0,0,0,0,0,0,0,0,0,0,0,0,1,1
1629060,Rui Hachimura,LAL,202605070OKC,"May 7, 2026",OKC,16,10,0,10,59.26,80.0,-20.74,3,4,7,12,0,0,0,0,0,0,0,0,0,0,0,0,0,0,0,0,0,0,0,0
1630559,Austin Reaves,OKC,202605070OKC,"May 7, 2026",LAL,31,16,10,20,64.58,75.98,-11.4,8,10,6,9,1,2,1,1,2,6,0,0,1,1,1,2,0,0,0,0,0,0,0,0
1631096,Chet Holmgren,OKC,202605070OKC,"May 7, 2026",LAL,22,11,7,14,64.71,78.12,-13.41,5,6,5,9,2,3,0,0,1,3,0,0,0,0,0,0,0,0,0,0,0,0,1,1
1629028,Deandre Ayton,LAL,202605070OKC,"May 7, 2026",OKC,3,7,2,8,18.75,19.04,-0.29,7,2,0,0,1,1,0,0,0,0,0,0,0,0,0,0,0,0,0,0,0,0,0,0
1629652,Luguentz Dort,OKC,202605070OKC,"May 7, 2026",LAL,3,6,0,6,16.67,25.0,-8.33,0,0,6,3,0,0,0,0,0,0,0,0,0,0,0,0,0,0,0,0,0,0,0,0
1628983,Shai Gilgeous-Alexander,LAL,202605070OKC,"May 7, 2026",OKC,22,13,9,18,57.89,64.86,-6.97,10,12,3,3,4,6,0,0,0,0,0,0,1,1,0,0,0,0,0,0,0,0,0,0
2544,LeBron James,LAL,202605070OKC,"May 7, 2026",OKC,23,18,4,20,52.27,58.2,-5.93,14,16,4,3,2,4,0,0,0,0,0,0,0,0,0,0,0,0,0,0,0,0,0,0
1641717,Cason Wallace,OKC,202605070OKC,"May 7, 2026",LAL,12,7,2,8,63.16,76.14,-12.98,4,4,3,6,1,2,0,0,0,0,0,0,0,0,0,0,0,0,0,0,0,0,0,0
1631119,Jaylin Williams,OKC,202605070OKC,"May 7, 2026",LAL,7,4,1,4,53.85,78.83,-24.98,0,0,3,3,0,0,0,0,0,0,1,4,0,0,0,0,0,0,0,0,0,0,0,0
1629637,Jaxson Hayes,LAL,202605070OKC,"May 7, 2026",OKC,6,3,0,3,100.0,100.0,0.0,3,6,0,0,0,0,0,0,0,0,0,0,0,0,0,0,0,0,0,0,0,0,0,0
1628379,Luke Kennard,LAL,202605070OKC,"May 7, 2026",OKC,10,5,0,5,76.92,100.0,-23.08,2,4,3,6,0,0,0,0,0,0,0,0,0,0,0,0,0,0,0,0,0,0,0,0
1631222,Jake LaRavia,LAL,202605070OKC,"May 7, 2026",OKC,0,2,0,2,0.0,0.0,0.0,1,0,1,0,0,0,0,0,0,0,0,0,0,0,0,0,0,0,0,0,0,0,0,0
1627936,Alex Caruso,OKC,202605070OKC,"May 7, 2026",LAL,5,6,0,6,29.41,41.67,-12.26,1,2,5,3,0,0,0,0,0,0,0,0,0,0,0,0,0,0,0,0,0,0,0,0
1630198,Isaiah Joe,OKC,202605070OKC,"May 7, 2026",LAL,4,3,0,3,57.14,66.67,-9.53,2,4,1,0,0,0,0,0,0,0,0,0,0,0,0,0,0,0,0,0,0,0,0,0
1642272,Jared McCain,OKC,202605070OKC,"May 7, 2026",LAL,18,11,0,11,66.67,81.82,-15.15,6,6,5,12,0,0,0,0,0,0,0,0,0,0,0,0,0,0,0,0,0,0,0,0
1642261,Dalton Knecht,LAL,202605070OKC,"May 7, 2026",OKC,2,1,0,1,100.0,100.0,0.0,1,2,0,0,0,0,0,0,0,0,0,0,0,0,0,0,0,0,0,0,0,0,0,0
1641733,Nick Smith Jr.,LAL,202605070OKC,"May 7, 2026",OKC,2,3,0,3,28.57,33.33,-4.76,2,2,1,0,0,0,0,0,0,0,0,0,0,0,0,0,0,0,0,0,0,0,0,0
1629026,Kenrich Williams,OKC,202605070OKC,"May 7, 2026",LAL,0,1,0,1,0.0,0.0,0.0,0,0,1,0,0,0,0,0,0,0,0,0,0,0,0,0,0,0,0,0,0,0,0,0
1642260,Nikola Topić,OKC,202605070OKC,"May 7, 2026",LAL,2,1,0,1,100.0,100.0,0.0,1,2,0,0,0,0,0,0,0,0,0,0,0,0,0,0,0,0,0,0,0,0,0,0
1626162,Kelly Oubre Jr.,PHI,202605080PHI,"May 8, 2026",NYK,22,16,6,19,51.16,59.01,-7.85,11,10,5,6,2,4,0,0,0,0,0,0,0,0,0,0,0,0,0,0,0,0,1,2
1630540,Miles McBride,NYK,202605080PHI,"May 8, 2026",PHI,3,6,0,6,17.65,25.0,-7.35,1,0,5,3,0,0,0,0,0,0,0,0,0,0,0,0,0,0,0,0,0,0,0,0
203954,Joel Embiid,PHI,202605080PHI,"May 8, 2026",NYK,18,17,6,20,40.91,45.82,-4.91,13,14,4,0,2,3,0,0,0,0,0,0,0,0,0,0,0,0,0,0,0,0,1,1
202331,Paul George,PHI,202605080PHI,"May 8, 2026",NYK,15,18,0,18,34.09,41.67,-7.58,10,6,8,9,0,0,0,0,0,0,0,0,0,0,0,0,0,0,0,0,0,0,0,0
1628404,Josh Hart,NYK,202605080PHI,"May 8, 2026",PHI,12,12,2,13,40.0,46.58,-6.58,8,12,4,0,1,0,0,0,0,0,0,0,0,0,0,0,0,0,0,0,0,0,0,0
1628973,Jalen Brunson,PHI,202605080PHI,"May 8, 2026",NYK,33,22,9,26,54.1,63.56,-9.46,13,14,8,9,3,5,0,0,1,3,0,0,0,0,0,0,0,0,0,0,0,0,1,2
1642845,VJ Edgecombe,PHI,202605080PHI,"May 8, 2026",NYK,11,9,2,10,44.0,55.67,-11.67,4,6,5,3,1,2,0,0,0,0,0,0,0,0,0,0,0,0,0,0,0,0,0,0
1630178,Tyrese Maxey,PHI,202605080PHI,"May 8, 2026",NYK,17,12,0,12,62.96,70.83,-7.87,9,14,3,3,0,0,0,0,0,0,0,0,0,0,0,0,0,0,0,0,0,0,0,0
1626157,Karl-Anthony Towns,NYK,202605080PHI,"May 8, 2026",PHI,8,8,2,9,40.0,45.05,-5.05,6,6,2,0,1,2,0,0,0,0,0,0,0,0,0,0,0,0,0,0,0,0,0,0
1628970,Miles Bridges,PHI,202605080PHI,"May 8, 2026",NYK,23,14,5,16,62.16,70.99,-8.83,9,10,4,6,1,2,0,0,1,3,0,0,0,0,0,0,0,0,0,0,0,0,1,2
1629011,Mitchell Robinson,NYK,202605080PHI,"May 8, 2026",PHI,6,3,8,7,42.86,46.01,-3.15,3,2,0,0,2,1,0,0,0,0,0,0,0,0,0,0,0,0,0,0,0,0,2,3
203083,Andre Drummond,PHI,202605080PHI,"May 8, 2026",NYK,0,1,0,1,0.0,0.0,0.0,0,0,1,0,0,0,0,0,0,0,0,0,0,0,0,0,0,0,0,0,0,0,0,0
1629656,Quentin Grimes,PHI,202605080PHI,"May 8, 2026",NYK,6,6,0,6,35.29,50.0,-14.71,1,0,5,6,0,0,0,0,0,0,0,0,0,0,0,0,0,0,0,0,0,0,0,0
203903,Jordan Clarkson,NYK,202605080PHI,"May 8, 2026",PHI,4,3,0,3,66.67,66.67,0.0,3,4,0,0,0,0,0,0,0,0,0,0,0,0,0,0,0,0,0,0,0,0,0,0
1629013,Landry Shamet,NYK,202605080PHI,"May 8, 2026",PHI,15,6,4,8,78.95,96.65,-17.7,3,6,3,6,2,3,0,0,0,0,0,0,0,0,0,0,0,0,0,0,0,0,0,0
1631230,Dominick Barlow,PHI,202605080PHI,"May 8, 2026",NYK,2,1,0,1,100.0,100.0,0.0,1,2,0,0,0,0,0,0,0,0,0,0,0,0,0,0,0,0,0,0,0,0,0,0
1630631,Jose Alvarado,NYK,202605080PHI,"May 8, 2026",PHI,3,1,0,1,100.0,150.0,-50.0,0,0,1,3,0,0,0,0,0,0,0,0,0,0,0,0,0,0,0,0,0,0,0,0
1642278,Tyler Kolek,NYK,202605080PHI,"May 8, 2026",PHI,0,1,0,1,0.0,0.0,0.0,1,0,0,0,0,0,0,0,0,0,0,0,0,0,0,0,0,0,0,0,0,0,0,0
1631207,Dalen Terry,PHI,202605080PHI,"May 8, 2026",NYK,0,2,0,2,0.0,0.0,0.0,2,0,0,0,0,0,0,0,0,0,0,0,0,0,0,0,0,0,0,0,0,0,0,0
1631133,Jabari Walker,PHI,202605080PHI,"May 8, 2026",NYK,0,1,0,1,0.0,0.0,0.0,0,0,1,0,0,0,0,0,0,0,0,0,0,0,0,0,0,0,0,0,0,0,0,0
1630570,Trendon Watford,PHI,202605080PHI,"May 8, 2026",NYK,3,1,2,2,75.0,79.79,-4.79,1,2,0,0,0,0,0,0,0,0,0,0,0,0,0,0,0,0,0,0,0,0,1,1
1631110,Jeremy Sochan,NYK,202605080PHI,"May 8, 2026",PHI,1,0,2,1,50.0,56.82,-6.82,0,0,0,0,0,0,0,0,0,0,0,0,0,0,0,0,0,0,0,0,0,0,1,1
1641705,Victor Wembanyama,SAS,202605080MIN,"May 8, 2026",MIN,39,18,12,23,73.58,83.76,-10.18,11,16,5,9,4,6,0,0,2,6,0,0,0,0,0,0,0,0,0,0,0,0,1,2
201144,Mike Conley,MIN,202605080MIN,"May 8, 2026",SAS,0,1,0,1,0.0,0.0,0.0,0,0,1,0,0,0,0,0,0,0,0,0,0,0,0,0,0,0,0,0,0,0,0,0
1628368,De'Aaron Fox,SAS,202605080MIN,"May 8, 2026",MIN,17,19,3,20,36.96,41.83,-4.87,13,10,5,3,1,2,0,0,1,2,0,0,0,0,0,0,0,0,0,0,0,0,0,0
1630183,Jaden McDaniels,MIN,202605080MIN,"May 8, 2026",SAS,17,22,4,24,30.36,35.77,-5.41,14,4,8,9,2,4,0,0,0,0,0,0,0,0,0,0,0,0,0,0,0,0,0,0
1630162,Anthony Edwards,MIN,202605080MIN,"May 8, 2026",SAS,32,26,6,29,47.76,55.87,-8.11,17,18,9,9,2,3,0,0,0,0,0,0,0,0,0,0,0,0,0,0,0,0,1,2
1630577,Julian Champagnie,SAS,202605080MIN,"May 8, 2026",MIN,6,7,0,7,30.0,42.86,-12.86,1,0,6,6,0,0,0,0,0,0,0,0,0,0,0,0,0,0,0,0,0,0,0,0
1642264,Stephon Castle,SAS,202605080MIN,"May 8, 2026",MIN,13,11,8,15,39.39,44.77,-5.38,8,4,3,3,3,5,0,0,0,0,0,0,0,0,0,0,0,0,0,0,0,0,1,1
203944,Julius Randle,MIN,202605080MIN,"May 8, 2026",SAS,12,12,6,15,36.36,40.98,-4.62,9,6,3,0,2,4,0,0,0,0,0,0,0,0,0,0,0,0,0,0,0,0,1,2
1630170,Devin Vassell,SAS,202605080MIN,"May 8, 2026",MIN,13,14,0,14,38.24,46.43,-8.19,8,10,6,3,0,0,0,0,0,0,0,0,0,0,0,0,0,0,0,0,0,0,0,0
1630245,Ayo Dosunmu,MIN,202605080MIN,"May 8, 2026",SAS,11,12,0,12,34.38,45.83,-11.45,4,2,8,9,0,0,0,0,0,0,0,0,0,0,0,0,0,0,0,0,0,0,0,0
1629675,Naz Reid,MIN,202605080MIN,"May 8, 2026",SAS,18,13,4,15,47.37,60.98,-13.61,5,4,8,12,2,2,0,0,0,0,0,0,0,0,0,0,0,0,0,0,0,0,0,0
1642844,Dylan Harper,SAS,202605080MIN,"May 8, 2026",MIN,8,6,6,9,40.0,46.3,-6.3,4,4,2,0,2,2,0,0,0,0,0,0,0,0,0,0,0,0,0,0,0,0,1,2
1629640,Keldon Johnson,SAS,202605080MIN,"May 8, 2026",MIN,11,7,4,9,50.0,62.79,-12.79,3,2,4,6,2,3,0,0,0,0,0,0,0,0,0,0,0,0,0,0,0,0,0,0
1628436,Luke Kornet,SAS,202605080MIN,"May 8, 2026",MIN,2,1,0,1,100.0,100.0,0.0,1,2,0,0,0,0,0,0,0,0,0,0,0,0,0,0,0,0,0,0,0,0,0,0
203497,Rudy Gobert,MIN,202605080MIN,"May 8, 2026",SAS,13,7,1,7,86.67,87.37,-0.7,6,10,0,0,0,0,0,0,1,3,0,0,0,0,0,0,0,0,0,0,0,0,0,0
1630545,Terrence Shannon Jr.,MIN,202605080MIN,"May 8, 2026",SAS,5,6,0,6,33.33,41.67,-8.34,3,2,3,3,0,0,0,0,0,0,0,0,0,0,0,0,0,0,0,0,0,0,0,0
1642868,Carter Bryant,SAS,202605080MIN,"May 8, 2026",MIN,6,2,0,2,100.0,150.0,-50.0,0,0,2,6,0,0,0,0,0,0,0,0,0,0,0,0,0,0,0,0,0,0,0,0
1629130,Duncan Robinson,DET,202605090CLE,"May 9, 2026",CLE,15,9,2,10,55.56,75.91,-20.35,2,2,7,12,1,1,0,0,0,0,0,0,0,0,0,0,0,0,0,0,0,0,0,0
1630596,Evan Mobley,CLE,202605090CLE,"May 9, 2026",DET,13,6,10,11,54.17,62.5,-8.33,4,8,2,0,5,5,0,0,0,0,0,0,0,0,0,0,0,0,0,0,0,0,0,0
1641709,Ausar Thompson,DET,202605090CLE,"May 9, 2026",CLE,9,10,2,11,37.5,41.36,-3.86,8,8,2,0,1,1,0,0,0,0,0,0,0,0,0,0,0,0,0,0,0,0,0,0
1630595,Cade Cunningham,DET,202605090CLE,"May 9, 2026",CLE,27,27,6,30,40.91,45.55,-4.64,20,14,6,6,2,3,0,0,1,3,0,0,1,1,0,0,0,0,0,0,0,0,0,0
1628378,Donovan Mitchell,CLE,202605090CLE,"May 9, 2026",DET,35,24,8,28,54.69,63.59,-8.9,16,22,8,6,1,2,0,0,0,0,0,0,0,0,0,0,0,0,0,0,0,0,3,5
1631105,Jalen Duren,DET,202605090CLE,"May 9, 2026",CLE,11,8,2,9,61.11,61.94,-0.83,8,10,0,0,1,1,0,0,0,0,0,0,0,0,0,0,0,0,0,0,0,0,0,0
201935,James Harden,CLE,202605090CLE,"May 9, 2026",DET,19,14,1,14,52.78,65.79,-13.01,7,10,6,6,0,0,0,0,0,0,1,3,0,0,0,0,0,0,0,0,0,0,0,0
202699,Tobias Harris,DET,202605090CLE,"May 9, 2026",CLE,21,14,5,16,58.33,64.81,-6.48,10,8,3,6,2,4,0,0,1,3,0,0,0,0,0,0,0,0,0,0,0,0,0,0
1629731,Dean Wade,CLE,202605090CLE,"May 9, 2026",DET,3,2,0,2,50.0,75.0,-25.0,0,0,2,3,0,0,0,0,0,0,0,0,0,0,0,0,0,0,0,0,0,0,0,0
1628386,Jarrett Allen,CLE,202605090CLE,"May 9, 2026",DET,18,9,7,12,72.0,74.5,-2.5,8,12,0,0,2,2,0,0,1,3,0,0,0,0,0,0,0,0,0,0,0,0,1,1
1642450,Daniss Jenkins,DET,202605090CLE,"May 9, 2026",CLE,2,5,0,5,15.38,20.0,-4.62,2,2,3,0,0,0,0,0,0,0,0,0,0,0,0,0,0,0,0,0,0,0,0,0
203471,Dennis Schröder,CLE,202605090CLE,"May 9, 2026",DET,11,5,0,5,84.62,110.0,-25.38,2,2,3,9,0,0,0,0,0,0,0,0,0,0,0,0,0,0,0,0,0,0,0,0
1629622,Max Strus,CLE,202605090CLE,"May 9, 2026",DET,7,7,0,7,38.89,50.0,-11.11,3,4,4,3,0,0,0,0,0,0,0,0,0,0,0,0,0,0,0,0,0,0,0,0
1642281,Jaylon Tyson,CLE,202605090CLE,"May 9, 2026",DET,3,3,0,3,33.33,50.0,-16.67,0,0,3,3,0,0,0,0,0,0,0,0,0,0,0,0,0,0,0,0,0,0,0,0
1627747,Caris LeVert,DET,202605090CLE,"May 9, 2026",CLE,6,6,2,7,42.86,43.6,-0.74,6,4,0,0,1,2,0,0,0,0,0,0,0,0,0,0,0,0,0,0,0,0,0,0
1630191,Isaiah Stewart,DET,202605090CLE,"May 9, 2026",CLE,4,3,0,3,66.67,66.67,0.0,3,4,0,0,0,0,0,0,0,0,0,0,0,0,0,0,0,0,0,0,0,0,0,0
1629750,Javonte Green,DET,202605090CLE,"May 9, 2026",CLE,3,5,0,5,21.43,30.0,-8.57,1,0,4,3,0,0,0,0,0,0,0,0,0,0,0,0,0,0,0,0,0,0,0,0
1630241,Sam Merrill,DET,202605090CLE,"May 9, 2026",CLE,7,4,2,5,53.85,71.72,-17.87,1,2,3,3,1,2,0,0,0,0,0,0,0,0,0,0,0,0,0,0,0,0,0,0
1630194,Paul Reed,DET,202605090CLE,"May 9, 2026",CLE,11,4,3,5,100.0,103.38,-3.38,3,6,0,0,1,2,0,0,1,3,0,0,0,0,0,0,0,0,0,0,0,0,0,0
1629028,Deandre Ayton,LAL,202605090LAL,"May 9, 2026",OKC,10,9,0,9,55.56,55.56,0.0,9,10,0,0,0,0,0,0,0,0,0,0,0,0,0,0,0,0,0,0,0,0,0,0
1631096,Chet Holmgren,OKC,202605090LAL,"May 9, 2026",LAL,18,14,0,14,56.25,64.29,-8.04,10,18,4,0,0,0,0,0,0,0,0,0,0,0,0,0,0,0,0,0,0,0,0,0
1629060,Rui Hachimura,LAL,202605090LAL,"May 9, 2026",OKC,21,14,2,15,55.26,70.56,-15.3,6,4,8,15,1,2,0,0,0,0,0,0,0,0,0,0,0,0,0,0,0,0,0,0
1629652,Luguentz Dort,OKC,202605090LAL,"May 9, 2026",LAL,10,5,0,5,83.33,100.0,-16.67,3,4,2,6,0,0,0,0,0,0,0,0,0,0,0,0,0,0,0,0,0,0,0,0
1630559,Austin Reaves,LAL,202605090LAL,"May 9, 2026",OKC,17,13,8,16,43.59,51.45,-7.86,6,4,5,3,3,4,0,0,2,6,0,0,0,0,0,0,0,0,0,0,0,0,0,0
1628392,Isaiah Hartenstein,OKC,202605090LAL,"May 9, 2026",LAL,12,7,0,7,85.71,85.71,0.0,7,12,0,0,0,0,0,0,0,0,0,0,0,0,0,0,0,0,0,0,0,0,0,0
2544,LeBron James,LAL,202605090LAL,"May 9, 2026",OKC,19,19,4,21,39.58,45.76,-6.18,13,10,6,6,2,3,0,0,0,0,0,0,0,0,0,0,0,0,0,0,0,0,0,0
203935,Marcus Smart,LAL,202605090LAL,"May 9, 2026",OKC,10,7,4,9,50.0,57.08,-7.08,5,4,2,3,1,1,0,0,0,0,0,0,0,0,0,0,0,0,0,0,0,0,1,2
1642349,Ajay Mitchell,OKC,202605090LAL,"May 9, 2026",LAL,24,17,3,18,58.54,65.5,-6.96,12,14,4,6,1,2,0,0,1,2,0,0,0,0,0,0,0,0,0,0,0,0,0,0
1631119,Jaylin Williams,OKC,202605090LAL,"May 9, 2026",LAL,3,2,0,2,50.0,75.0,-25.0,0,0,2,3,0,0,0,0,0,0,0,0,0,0,0,0,0,0,0,0,0,0,0,0
1641717,Cason Wallace,OKC,202605090LAL,"May 9, 2026",LAL,16,10,0,10,61.54,80.0,-18.46,4,4,6,12,0,0,0,0,0,0,0,0,0,0,0,0,0,0,0,0,0,0,0,0
1628379,Luke Kennard,LAL,202605090LAL,"May 9, 2026",OKC,18,10,0,10,69.23,90.0,-20.77,4,6,6,12,0,0,0,0,0,0,0,0,0,0,0,0,0,0,0,0,0,0,0,0
1628983,Shai Gilgeous-Alexander,OKC,202605090LAL,"May 9, 2026",LAL,23,20,7,24,42.59,49.83,-7.24,13,8,7,9,3,5,0,0,0,0,0,0,1,1,0,0,0,0,0,0,0,0,0,0
1630198,Isaiah Joe,OKC,202605090LAL,"May 9, 2026",LAL,12,7,0,7,60.0,85.71,-25.71,1,0,6,12,0,0,0,0,0,0,0,0,0,0,0,0,0,0,0,0,0,0,0,0
1629637,Jaxson Hayes,LAL,202605090LAL,"May 9, 2026",OKC,1,0,2,1,50.0,56.82,-6.82,0,0,0,0,1,1,0,0,0,0,0,0,0,0,0,0,0,0,0,0,0,0,0,0
1627936,Alex Caruso,OKC,202605090LAL,"May 9, 2026",LAL,6,6,0,6,40.0,50.0,-10.0,3,6,3,0,0,0,0,0,0,0,0,0,0,0,0,0,0,0,0,0,0,0,0,0
1642876,Adou Thiero,LAL,202605090LAL,"May 9, 2026",OKC,4,3,3,4,40.0,46.3,-6.3,1,0,1,0,1,1,0,0,1,3,0,0,0,0,0,0,0,0,0,0,0,0,0,0
1628467,Maxi Kleber,LAL,202605090LAL,"May 9, 2026",OKC,0,1,0,1,0.0,0.0,0.0,1,0,0,0,0,0,0,0,0,0,0,0,0,0,0,0,0,0,0,0,0,0,0,0
1642272,Jared McCain,OKC,202605090LAL,"May 9, 2026",LAL,3,1,0,1,100.0,150.0,-50.0,0,0,1,3,0,0,0,0,0,0,0,0,0,0,0,0,0,0,0,0,0,0,0,0
1642355,Bronny James,LAL,202605090LAL,"May 9, 2026",OKC,2,1,0,1,100.0,100.0,0.0,1,2,0,0,0,0,0,0,0,0,0,0,0,0,0,0,0,0,0,0,0,0,0,0
1642261,Dalton Knecht,LAL,202605090LAL,"May 9, 2026",OKC,0,2,0,2,0.0,0.0,0.0,1,0,1,0,0,0,0,0,0,0,0,0,0,0,0,0,0,0,0,0,0,0,0,0
1641733,Nick Smith Jr.,LAL,202605090LAL,"May 9, 2026",OKC,6,2,2,3,85.71,104.17,-18.46,1,2,1,3,1,1,0,0,0,0,0,0,0,0,0,0,0,0,0,0,0,0,0,0
1630598,Aaron Wiggins,OKC,202605090LAL,"May 9, 2026",LAL,4,2,0,2,100.0,100.0,0.0,2,4,0,0,0,0,0,0,0,0,0,0,0,0,0,0,0,0,0,0,0,0,0,0
1629026,Kenrich Williams,OKC,202605090LAL,"May 9, 2026",LAL,0,2,0,2,0.0,0.0,0.0,0,0,2,0,0,0,0,0,0,0,0,0,0,0,0,0,0,0,0,0,0,0,0,0
1642260,Nikola Topić,OKC,202605090LAL,"May 9, 2026",LAL,0,1,0,1,0.0,0.0,0.0,0,0,1,0,0,0,0,0,0,0,0,0,0,0,0,0,0,0,0,0,0,0,0,0
1630178,Tyrese Maxey,PHI,202605100PHI,"May 10, 2026",NYK,17,16,6,19,37.78,45.6,-7.82,9,10,7,3,2,2,0,0,0,0,0,0,0,0,0,0,0,0,0,0,0,0,1,2
1628969,Mikal Bridges,NYK,202605100PHI,"May 10, 2026",PHI,12,10,0,10,54.55,60.0,-5.45,8,12,2,0,0,0,0,0,0,0,0,0,0,0,0,0,0,0,0,0,0,0,0,0
1642845,VJ Edgecombe,PHI,202605100PHI,"May 10, 2026",NYK,8,14,0,14,23.53,28.57,-5.04,8,8,6,0,0,0,0,0,0,0,0,0,0,0,0,0,0,0,0,0,0,0,0,0
1626157,Karl-Anthony Towns,NYK,202605100PHI,"May 10, 2026",PHI,17,7,6,10,73.91,88.17,-14.26,4,6,3,6,3,5,0,0,0,0,0,0,0,0,0,0,0,0,0,0,0,0,0,0
202331,Paul George,NYK,202605100PHI,"May 10, 2026",PHI,7,7,0,7,38.89,50.0,-11.11,3,4,4,3,0,0,0,0,0,0,0,0,0,0,0,0,0,0,0,0,0,0,0,0
1628973,Jalen Brunson,NYK,202605100PHI,"May 10, 2026",PHI,22,17,0,17,50.0,64.71,-14.71,7,4,10,18,0,0,0,0,0,0,0,0,0,0,0,0,0,0,0,0,0,0,0,0
203954,Joel Embiid,NYK,202605100PHI,"May 10, 2026",PHI,24,8,7,11,96.0,108.3,-12.3,5,10,2,6,2,3,0,0,1,3,0,0,0,0,0,0,0,0,0,0,0,0,1,2
1626162,Kelly Oubre Jr.,PHI,202605100PHI,"May 10, 2026",NYK,10,6,3,8,62.5,68.31,-5.81,5,8,1,0,2,2,0,0,0,0,0,0,0,0,0,0,0,0,0,0,0,0,0,0
1628404,Josh Hart,NYK,202605100PHI,"May 10, 2026",PHI,17,10,1,10,62.96,81.42,-18.46,3,2,6,12,0,0,0,0,1,3,0,0,0,0,0,0,0,0,0,0,0,0,0,0
1630540,Miles McBride,NYK,202605100PHI,"May 10, 2026",PHI,25,10,4,12,75.76,106.29,-30.53,1,0,9,21,0,0,0,0,0,0,0,0,0,0,0,0,0,0,0,0,0,0,2,4
1629011,Mitchell Robinson,NYK,202605100PHI,"May 10, 2026",PHI,6,4,4,6,50.0,52.08,-2.08,4,4,0,0,0,0,0,0,0,0,0,0,0,0,0,0,0,0,0,0,0,0,2,2
203903,Jordan Clarkson,NYK,202605100PHI,"May 10, 2026",PHI,7,3,4,5,70.0,73.53,-3.53,3,4,0,0,0,0,1,2,0,0,0,0,1,1,0,0,0,0,0,0,0,0,0,0
1629013,Landry Shamet,NYK,202605100PHI,"May 10, 2026",PHI,12,7,0,7,60.0,85.71,-25.71,1,0,6,12,0,0,0,0,0,0,0,0,0,0,0,0,0,0,0,0,0,0,0,0
203083,Andre Drummond,PHI,202605100PHI,"May 10, 2026",NYK,4,4,0,4,50.0,50.0,0.0,4,4,0,0,0,0,0,0,0,0,0,0,0,0,0,0,0,0,0,0,0,0,0,0
1642348,Justin Edwards,PHI,202605100PHI,"May 10, 2026",NYK,8,9,2,10,30.77,40.49,-9.72,3,6,6,0,1,2,0,0,0,0,0,0,0,0,0,0,0,0,0,0,0,0,0,0
1629656,Quentin Grimes,PHI,202605100PHI,"May 10, 2026",NYK,6,6,0,6,35.29,50.0,-14.71,1,0,5,6,0,0,0,0,0,0,0,0,0,0,0,0,0,0,0,0,0,0,0,0
1630631,Jose Alvarado,NYK,202605100PHI,"May 10, 2026",PHI,7,6,0,6,50.0,58.33,-8.33,4,4,2,3,0,0,0,0,0,0,0,0,0,0,0,0,0,0,0,0,0,0,0,0
1631230,Dominick Barlow,PHI,202605100PHI,"May 10, 2026",NYK,5,3,1,3,71.43,72.67,-1.24,2,2,0,0,0,0,0,0,1,3,0,0,0,0,0,0,0,0,0,0,0,0,0,0
1630574,Ariel Hukporti,NYK,202605100PHI,"May 10, 2026",PHI,5,4,6,7,33.33,37.65,-4.32,3,2,1,0,3,3,0,0,0,0,0,0,0,0,0,0,0,0,0,0,0,0,0,0
1641737,Adem Bona,PHI,202605100PHI,"May 10, 2026",NYK,7,2,4,4,87.5,93.09,-5.59,2,4,0,0,1,1,0,0,0,0,0,0,0,0,0,0,0,0,0,0,0,0,1,2
1642278,Tyler Kolek,NYK,202605100PHI,"May 10, 2026",PHI,4,5,0,5,33.33,40.0,-6.67,3,4,2,0,0,0,0,0,0,0,0,0,0,0,0,0,0,0,0,0,0,0,0,0
1631207,Dalen Terry,NYK,202605100PHI,"May 10, 2026",PHI,9,4,5,6,64.29,72.58,-8.29,2,2,1,3,2,2,0,0,1,2,0,0,0,0,0,0,0,0,0,0,0,0,0,0
1642359,Pacôme Dadiet,NYK,202605100PHI,"May 10, 2026",PHI,5,4,0,4,55.56,62.5,-6.94,3,2,1,3,0,0,0,0,0,0,0,0,0,0,0,0,0,0,0,0,0,0,0,0
1642885,Mohamed Diawara,NYK,202605100PHI,"May 10, 2026",PHI,0,3,0,3,0.0,0.0,0.0,1,0,2,0,0,0,0,0,0,0,0,0,0,0,0,0,0,0,0,0,0,0,0,0
1631110,Jeremy Sochan,NYK,202605100PHI,"May 10, 2026",PHI,5,1,4,3,83.33,90.58,-7.25,1,2,0,0,1,1,0,0,0,0,0,0,0,0,0,0,0,0,0,0,0,0,1,2
1630570,Trendon Watford,PHI,202605100PHI,"May 10, 2026",NYK,2,1,0,1,100.0,100.0,0.0,1,2,0,0,0,0,0,0,0,0,0,0,0,0,0,0,0,0,0,0,0,0,0,0
1631133,Jabari Walker,PHI,202605100PHI,"May 10, 2026",NYK,0,1,0,1,0.0,0.0,0.0,1,0,0,0,0,0,0,0,0,0,0,0,0,0,0,0,0,0,0,0,0,0,0,0
1641780,Johni Broome,PHI,202605100PHI,"May 10, 2026",NYK,7,5,0,5,53.85,70.0,-16.15,2,4,3,3,0,0,0,0,0,0,0,0,0,0,0,0,0,0,0,0,0,0,0,0
1641705,Victor Wembanyama,SAS,202605100MIN,"May 10, 2026",MIN,4,5,0,5,36.36,40.0,-3.64,4,4,1,0,0,0,0,0,0,0,0,0,0,0,0,0,0,0,0,0,0,0,0,0
203497,Rudy Gobert,MIN,202605100MIN,"May 10, 2026",SAS,11,7,4,8,57.89,62.79,-4.9,4,4,1,0,1,1,0,0,2,6,0,0,0,0,0,0,0,0,0,0,0,0,0,0
203944,Julius Randle,MIN,202605100MIN,"May 10, 2026",SAS,12,12,0,12,42.86,50.0,-7.14,8,6,4,6,0,0,0,0,0,0,0,0,0,0,0,0,0,0,0,0,0,0,0,0
1630577,Julian Champagnie,SAS,202605100MIN,"May 10, 2026",MIN,8,8,4,10,32.0,40.98,-8.98,3,4,5,0,1,2,0,0,0,0,0,0,0,0,0,0,0,0,0,0,0,0,1,2
1630170,Devin Vassell,SAS,202605100MIN,"May 10, 2026",MIN,14,10,0,10,56.0,70.0,-14.0,5,8,5,6,0,0,0,0,0,0,0,0,0,0,0,0,0,0,0,0,0,0,0,0
1630183,Jaden McDaniels,MIN,202605100MIN,"May 10, 2026",SAS,14,15,2,16,41.18,44.08,-2.9,13,12,2,0,1,2,0,0,0,0,0,0,0,0,0,0,0,0,0,0,0,0,0,0
1630162,Anthony Edwards,MIN,202605100MIN,"May 10, 2026",SAS,36,22,8,26,63.16,70.53,-7.37,17,20,5,9,4,7,0,0,0,0,0,0,0,0,0,0,0,0,0,0,0,0,0,0
1642264,Stephon Castle,SAS,202605100MIN,"May 10, 2026",MIN,20,17,3,18,46.51,54.59,-8.08,10,10,6,6,1,1,0,0,1,3,0,0,0,0,0,0,0,0,0,0,0,0,0,0
1630245,Ayo Dosunmu,SAS,202605100MIN,"May 10, 2026",MIN,10,12,3,13,32.26,37.54,-5.28,7,2,4,3,0,0,0,0,1,3,0,0,0,0,0,0,0,0,0,0,0,0,1,2
1628368,De'Aaron Fox,SAS,202605100MIN,"May 10, 2026",MIN,24,23,10,28,38.1,43.8,-5.7,16,14,7,3,4,5,0,0,0,0,0,0,0,0,0,0,0,0,0,0,0,0,1,2
1642844,Dylan Harper,SAS,202605100MIN,"May 10, 2026",MIN,24,11,7,14,80.0,85.23,-5.23,9,12,1,3,2,4,0,0,1,3,0,0,0,0,0,0,0,0,0,0,0,0,1,2
1629640,Keldon Johnson,SAS,202605100MIN,"May 10, 2026",MIN,4,4,1,4,44.44,45.05,-0.61,3,2,0,0,0,0,0,0,1,2,0,0,0,0,0,0,0,0,0,0,0,0,0,0
1629675,Naz Reid,MIN,202605100MIN,"May 10, 2026",SAS,15,12,3,13,48.39,56.31,-7.92,7,10,4,0,0,0,0,0,1,3,0,0,0,0,1,2,0,0,0,0,0,0,0,0
1630545,Terrence Shannon Jr.,MIN,202605100MIN,"May 10, 2026",SAS,8,12,0,12,27.59,33.33,-5.74,7,2,5,6,0,0,0,0,0,0,0,0,0,0,0,0,0,0,0,0,0,0,0,0
1628436,Luke Kornet,SAS,202605100MIN,"May 10, 2026",MIN,7,4,2,5,70.0,71.72,-1.72,4,6,0,0,1,1,0,0,0,0,0,0,0,0,0,0,0,0,0,0,0,0,0,0
201144,Mike Conley,MIN,202605100MIN,"May 10, 2026",SAS,8,2,2,3,100.0,138.89,-38.89,0,0,2,6,1,2,0,0,0,0,0,0,0,0,0,0,0,0,0,0,0,0,0,0
1642868,Carter Bryant,SAS,202605100MIN,"May 10, 2026",MIN,2,2,0,2,40.0,50.0,-10.0,1,2,1,0,0,0,0,0,0,0,0,0,0,0,0,0,0,0,0,0,0,0,0,0
203084,Harrison Barnes,SAS,202605100MIN,"May 10, 2026",MIN,2,2,0,2,50.0,50.0,0.0,2,2,0,0,0,0,0,0,0,0,0,0,0,0,0,0,0,0,0,0,0,0,0,0
1628386,Jarrett Allen,CLE,202605110CLE,"May 11, 2026",DET,9,6,4,8,56.25,57.99,-1.74,6,6,0,0,2,3,0,0,0,0,0,0,0,0,0,0,0,0,0,0,0,0,0,0
202699,Tobias Harris,DET,202605110CLE,"May 11, 2026",CLE,16,17,2,18,39.02,44.74,-5.72,12,8,5,6,1,2,0,0,0,0,0,0,0,0,0,0,0,0,0,0,0,0,0,0
1628378,Donovan Mitchell,CLE,202605110CLE,"May 11, 2026",DET,43,26,15,33,54.43,65.95,-11.52,13,16,12,12,5,9,0,0,1,3,0,0,0,0,0,0,0,0,0,0,0,0,2,3
1631105,Jalen Duren,DET,202605110CLE,"May 11, 2026",CLE,8,8,0,8,50.0,50.0,0.0,8,8,0,0,0,0,0,0,0,0,0,0,0,0,0,0,0,0,0,0,0,0,0,0
1630595,Cade Cunningham,DET,202605110CLE,"May 11, 2026",CLE,19,16,3,17,47.5,54.85,-7.35,10,8,5,6,0,0,0,0,1,3,0,0,0,0,0,0,0,0,0,0,0,0,1,2
201935,James Harden,CLE,202605110CLE,"May 11, 2026",DET,24,14,9,18,52.17,66.82,-14.65,5,0,9,15,3,6,1,3,0,0,0,0,0,0,0,0,0,0,0,0,0,0,0,0
1641709,Ausar Thompson,DET,202605110CLE,"May 11, 2026",CLE,4,3,0,3,66.67,66.67,0.0,3,4,0,0,0,0,0,0,0,0,0,0,0,0,0,0,0,0,0,0,0,0,0,0
1629130,Duncan Robinson,CLE,202605110CLE,"May 11, 2026",DET,4,2,2,3,50.0,69.44,-19.44,0,0,2,3,1,1,0,0,0,0,0,0,0,0,0,0,0,0,0,0,0,0,0,0
1630596,Evan Mobley,CLE,202605110CLE,"May 11, 2026",DET,17,11,4,13,56.67,66.61,-9.94,7,10,4,3,2,4,0,0,0,0,0,0,0,0,0,0,0,0,0,0,0,0,0,0
1627747,Caris LeVert,DET,202605110CLE,"May 11, 2026",CLE,24,16,1,16,61.54,72.99,-11.45,9,12,6,9,0,0,0,0,1,3,0,0,0,0,0,0,0,0,0,0,0,0,0,0
1642450,Daniss Jenkins,DET,202605110CLE,"May 11, 2026",CLE,2,4,2,5,20.0,20.49,-0.49,4,0,0,0,0,0,0,0,0,0,0,0,0,0,0,0,0,0,0,0,0,0,1,2
1630191,Isaiah Stewart,DET,202605110CLE,"May 11, 2026",CLE,4,3,0,3,66.67,66.67,0.0,3,4,0,0,0,0,0,0,0,0,0,0,0,0,0,0,0,0,0,0,0,0,0,0
203471,Dennis Schröder,CLE,202605110CLE,"May 11, 2026",DET,7,4,0,4,70.0,87.5,-17.5,2,4,2,3,0,0,0,0,0,0,0,0,0,0,0,0,0,0,0,0,0,0,0,0
1629622,Max Strus,CLE,202605110CLE,"May 11, 2026",DET,5,7,0,7,25.0,35.71,-10.71,1,2,6,3,0,0,0,0,0,0,0,0,0,0,0,0,0,0,0,0,0,0,0,0
1642281,Jaylon Tyson,CLE,202605110CLE,"May 11, 2026",DET,1,1,2,2,20.0,26.6,-6.6,0,0,1,0,0,0,0,0,0,0,0,0,0,0,0,0,0,0,0,0,0,0,1,1
1641842,Ronald Holland II,DET,202605110CLE,"May 11, 2026",CLE,0,1,0,1,0.0,0.0,0.0,0,0,1,0,0,0,0,0,0,0,0,0,0,0,0,0,0,0,0,0,0,0,0,0
1630241,Sam Merrill,DET,202605110CLE,"May 11, 2026",CLE,6,8,0,8,26.09,37.5,-11.41,1,0,7,6,0,0,0,0,0,0,0,0,0,0,0,0,0,0,0,0,0,0,0,0
1629731,Dean Wade,CLE,202605110CLE,"May 11, 2026",DET,0,1,0,1,0.0,0.0,0.0,1,0,0,0,0,0,0,0,0,0,0,0,0,0,0,0,0,0,0,0,0,0,0,0
1630194,Paul Reed,DET,202605110CLE,"May 11, 2026",CLE,15,9,2,10,68.18,75.91,-7.73,7,12,2,3,1,0,0,0,0,0,0,0,0,0,0,0,0,0,0,0,0,0,0,0
1631204,Marcus Sasser,DET,202605110CLE,"May 11, 2026",CLE,7,4,0,4,70.0,87.5,-17.5,2,4,2,3,0,0,0,0,0,0,0,0,0,0,0,0,0,0,0,0,0,0,0,0
2544,LeBron James,LAL,202605110LAL,"May 11, 2026",OKC,24,18,8,22,48.0,55.76,-7.76,12,12,6,6,4,6,0,0,0,0,0,0,0,0,0,0,0,0,0,0,0,0,0,0
1629028,Deandre Ayton,LAL,202605110LAL,"May 11, 2026",OKC,6,3,0,3,100.0,100.0,0.0,3,6,0,0,0,0,0,0,0,0,0,0,0,0,0,0,0,0,0,0,0,0,0,0
1629652,Luguentz Dort,OKC,202605110LAL,"May 11, 2026",LAL,6,6,0,6,35.29,50.0,-14.71,1,0,5,6,0,0,0,0,0,0,0,0,0,0,0,0,0,0,0,0,0,0,0,0
1628983,Shai Gilgeous-Alexander,OKC,202605110LAL,"May 11, 2026",LAL,35,22,15,29,55.56,61.19,-5.63,17,18,4,3,4,7,0,0,1,2,0,0,0,0,0,0,0,0,0,0,0,0,3,5
1642349,Ajay Mitchell,OKC,202605110LAL,"May 11, 2026",LAL,28,19,3,20,62.22,68.9,-6.68,14,20,4,3,0,0,0,0,1,3,0,0,0,0,0,0,0,0,0,0,0,0,1,2
203935,Marcus Smart,LAL,202605110LAL,"May 11, 2026",OKC,5,8,1,8,23.81,29.62,-5.81,3,2,4,0,0,0,0,0,1,3,0,0,0,0,0,0,0,0,0,0,0,0,0,0
1631096,Chet Holmgren,OKC,202605110LAL,"May 11, 2026",LAL,16,9,4,11,66.67,74.35,-7.68,7,12,2,0,2,4,0,0,0,0,0,0,0,0,0,0,0,0,0,0,0,0,0,0
1628392,Isaiah Hartenstein,OKC,202605110LAL,"May 11, 2026",LAL,5,4,2,5,50.0,51.23,-1.23,4,4,0,0,0,0,0,0,0,0,0,0,0,0,0,0,0,0,0,0,0,0,1,1
1629060,Rui Hachimura,LAL,202605110LAL,"May 11, 2026",OKC,25,15,3,16,60.98,76.59,-15.61,7,10,7,9,1,2,0,0,0,0,1,4,0,0,0,0,0,0,0,0,0,0,0,0
1630559,Austin Reaves,OKC,202605110LAL,"May 11, 2026",LAL,27,16,9,20,56.25,67.64,-11.39,9,10,7,9,2,4,1,3,0,0,0,0,0,0,0,0,0,0,0,0,0,0,1,1
1641717,Cason Wallace,OKC,202605110LAL,"May 11, 2026",LAL,3,2,0,2,60.0,75.0,-15.0,1,0,1,3,0,0,0,0,0,0,0,0,0,0,0,0,0,0,0,0,0,0,0,0
1628379,Luke Kennard,LAL,202605110LAL,"May 11, 2026",OKC,5,5,0,5,41.67,50.0,-8.33,3,2,2,3,0,0,0,0,0,0,0,0,0,0,0,0,0,0,0,0,0,0,0,0
1627936,Alex Caruso,OKC,202605110LAL,"May 11, 2026",LAL,9,7,0,7,47.37,64.29,-16.92,2,0,5,9,0,0,0,0,0,0,0,0,0,0,0,0,0,0,0,0,0,0,0,0
1629637,Jaxson Hayes,LAL,202605110LAL,"May 11, 2026",OKC,18,8,6,11,81.82,84.59,-2.77,8,12,0,0,1,2,0,0,0,0,0,0,0,0,0,0,0,0,0,0,0,0,2,4
1630198,Isaiah Joe,OKC,202605110LAL,"May 11, 2026",LAL,0,2,0,2,0.0,0.0,0.0,0,0,2,0,0,0,0,0,0,0,0,0,0,0,0,0,0,0,0,0,0,0,0,0
1642272,Jared McCain,OKC,202605110LAL,"May 11, 2026",LAL,13,10,0,10,46.43,65.0,-18.57,2,4,8,9,0,0,0,0,0,0,0,0,0,0,0,0,0,0,0,0,0,0,0,0
1629020,Jarred Vanderbilt,LAL,202605110LAL,"May 11, 2026",OKC,0,1,0,1,0.0,0.0,0.0,1,0,0,0,0,0,0,0,0,0,0,0,0,0,0,0,0,0,0,0,0,0,0,0
1642876,Adou Thiero,LAL,202605110LAL,"May 11, 2026",OKC,0,1,0,1,0.0,0.0,0.0,0,0,1,0,0,0,0,0,0,0,0,0,0,0,0,0,0,0,0,0,0,0,0,0
1628368,De'Aaron Fox,SAS,202605120SAS,"May 12, 2026",MIN,18,15,5,17,46.15,52.33,-6.18,10,8,4,3,2,4,0,0,1,3,0,0,0,0,0,0,0,0,0,0,0,0,0,0
203944,Julius Randle,SAS,202605120SAS,"May 12, 2026",MIN,17,17,7,20,37.78,42.33,-4.55,12,10,4,0,3,5,0,0,1,2,0,0,0,0,0,0,0,0,0,0,0,0,0,0
1630170,Devin Vassell,MIN,202605120SAS,"May 12, 2026",SAS,12,10,3,11,40.0,53.0,-13.0,3,4,7,6,0,0,1,2,0,0,0,0,0,0,0,0,0,0,0,0,0,0,0,0
1641705,Victor Wembanyama,SAS,202605120SAS,"May 12, 2026",MIN,27,16,9,20,58.7,67.64,-8.94,10,12,5,6,1,2,0,0,1,3,0,0,1,1,1,2,0,0,0,0,0,0,1,1
1630245,Ayo Dosunmu,MIN,202605120SAS,"May 12, 2026",SAS,16,14,2,15,47.06,53.76,-6.7,10,12,4,3,1,1,0,0,0,0,0,0,0,0,0,0,0,0,0,0,0,0,0,0
1630183,Jaden McDaniels,MIN,202605120SAS,"May 12, 2026",SAS,17,13,2,14,48.57,61.24,-12.67,6,6,7,9,1,2,0,0,0,0,0,0,0,0,0,0,0,0,0,0,0,0,0,0
1642264,Stephon Castle,MIN,202605120SAS,"May 12, 2026",SAS,17,11,3,12,65.38,68.99,-3.61,9,14,1,0,0,0,0,0,1,3,0,0,0,0,0,0,0,0,0,0,0,0,1,0
1630162,Anthony Edwards,MIN,202605120SAS,"May 12, 2026",SAS,20,13,7,16,55.56,62.19,-6.63,10,10,3,3,2,4,1,3,0,0,0,0,0,0,0,0,0,0,0,0,0,0,0,0
203497,Rudy Gobert,SAS,202605120SAS,"May 12, 2026",MIN,4,4,2,5,40.0,40.98,-0.98,4,2,0,0,1,2,0,0,0,0,0,0,0,0,0,0,0,0,0,0,0,0,0,0
1630577,Julian Champagnie,SAS,202605120SAS,"May 12, 2026",MIN,8,9,0,9,30.77,44.44,-13.67,1,2,8,6,0,0,0,0,0,0,0,0,0,0,0,0,0,0,0,0,0,0,0,0
201144,Mike Conley,MIN,202605120SAS,"May 12, 2026",SAS,5,3,0,3,62.5,83.33,-20.83,1,2,2,3,0,0,0,0,0,0,0,0,0,0,0,0,0,0,0,0,0,0,0,0
1629675,Naz Reid,MIN,202605120SAS,"May 12, 2026",SAS,12,10,2,11,41.38,55.15,-13.77,3,2,7,9,1,1,0,0,0,0,0,0,0,0,0,0,0,0,0,0,0,0,0,0
1630545,Terrence Shannon Jr.,MIN,202605120SAS,"May 12, 2026",SAS,2,5,2,6,12.5,17.01,-4.51,1,0,4,0,1,2,0,0,0,0,0,0,0,0,0,0,0,0,0,0,0,0,0,0
1642844,Dylan Harper,SAS,202605120SAS,"May 12, 2026",MIN,12,10,2,11,52.17,55.15,-2.98,9,10,1,0,1,2,0,0,0,0,0,0,0,0,0,0,0,0,0,0,0,0,0,0
1629640,Keldon Johnson,SAS,202605120SAS,"May 12, 2026",MIN,21,11,5,13,70.0,79.55,-9.55,7,12,3,3,1,2,0,0,1,2,0,0,0,0,0,0,0,0,0,0,0,0,1,2
1628436,Luke Kornet,SAS,202605120SAS,"May 12, 2026",MIN,0,1,0,1,0.0,0.0,0.0,1,0,0,0,0,0,0,0,0,0,0,0,0,0,0,0,0,0,0,0,0,0,0,0
1642868,Carter Bryant,SAS,202605120SAS,"May 12, 2026",MIN,3,1,0,1,100.0,150.0,-50.0,0,0,1,3,0,0,0,0,0,0,0,0,0,0,0,0,0,0,0,0,0,0,0,0
203937,Kyle Anderson,MIN,202605120SAS,"May 12, 2026",SAS,1,1,2,2,25.0,26.6,-1.6,1,0,0,0,1,1,0,0,0,0,0,0,0,0,0,0,0,0,0,0,0,0,0,0
1642866,Joan Beringer,MIN,202605120SAS,"May 12, 2026",SAS,3,1,4,3,50.0,54.35,-4.35,1,0,0,0,1,2,0,0,0,0,0,0,0,0,0,0,0,0,0,0,0,0,1,1
1630538,Bones Hyland,MIN,202605120SAS,"May 12, 2026",SAS,0,1,0,1,0.0,0.0,0.0,0,0,1,0,0,0,0,0,0,0,0,0,0,0,0,0,0,0,0,0,0,0,0,0
1641763,Julian Phillips,MIN,202605120SAS,"May 12, 2026",SAS,0,1,0,1,0.0,0.0,0.0,0,0,1,0,0,0,0,0,0,0,0,0,0,0,0,0,0,0,0,0,0,0,0,0
202687,Bismack Biyombo,SAS,202605120SAS,"May 12, 2026",MIN,2,2,0,2,50.0,50.0,0.0,2,2,0,0,0,0,0,0,0,0,0,0,0,0,0,0,0,0,0,0,0,0,0,0
203482,Kelly Olynyk,SAS,202605120SAS,"May 12, 2026",MIN,3,1,0,1,100.0,150.0,-50.0,0,0,1,3,0,0,0,0,0,0,0,0,0,0,0,0,0,0,0,0,0,0,0,0
1630322,Lindy Waters III,SAS,202605120SAS,"May 12, 2026",MIN,3,2,0,2,60.0,75.0,-15.0,1,0,1,3,0,0,0,0,0,0,0,0,0,0,0,0,0,0,0,0,0,0,0,0
1642450,Daniss Jenkins,DET,202605130DET,"May 13, 2026",CLE,19,17,1,17,44.19,54.47,-10.28,8,10,8,6,0,0,0,0,1,3,0,0,0,0,0,0,0,0,0,0,0,0,0,0
201935,James Harden,CLE,202605130DET,"May 13, 2026",DET,30,21,14,27,45.45,55.23,-9.78,10,8,10,9,1,1,2,6,1,3,0,0,1,1,0,0,0,0,0,0,0,0,2,2
202699,Tobias Harris,DET,202605130DET,"May 13, 2026",CLE,13,19,0,19,28.89,34.21,-5.32,12,10,7,3,0,0,0,0,0,0,0,0,0,0,0,0,0,0,0,0,0,0,0,0
1630596,Evan Mobley,CLE,202605130DET,"May 13, 2026",DET,19,13,6,16,54.29,60.74,-6.45,10,8,3,6,1,1,0,0,0,0,0,0,0,0,0,0,0,0,0,0,0,0,2,4
1631105,Jalen Duren,DET,202605130DET,"May 13, 2026",CLE,9,5,4,7,64.29,66.57,-2.28,5,6,0,0,1,2,0,0,0,0,0,0,0,0,0,0,0,0,0,0,0,0,1,1
1641709,Ausar Thompson,DET,202605130DET,"May 13, 2026",CLE,6,6,2,7,40.0,43.6,-3.6,5,4,1,0,1,2,0,0,0,0,0,0,0,0,0,0,0,0,0,0,0,0,0,0
1628378,Donovan Mitchell,CLE,202605130DET,"May 13, 2026",DET,21,18,6,21,42.0,50.87,-8.87,10,12,8,3,3,6,0,0,0,0,0,0,0,0,0,0,0,0,0,0,0,0,0,0
1630595,Cade Cunningham,DET,202605130DET,"May 13, 2026",CLE,39,27,8,32,54.17,63.89,-9.72,17,14,10,18,3,6,0,0,0,0,0,0,2,1,0,0,0,0,0,0,0,0,0,0
1628386,Jarrett Allen,CLE,202605130DET,"May 13, 2026",DET,16,10,5,12,64.0,65.57,-1.57,9,10,0,0,2,3,0,0,1,3,0,0,0,0,0,0,0,0,0,0,0,0,0,0
1629622,Max Strus,CLE,202605130DET,"May 13, 2026",DET,20,8,2,9,76.92,112.61,-35.69,0,0,8,18,0,0,0,0,0,0,0,0,0,0,0,0,0,0,0,0,0,0,1,2
1627747,Caris LeVert,DET,202605130DET,"May 13, 2026",CLE,7,7,3,8,35.0,42.07,-7.07,3,2,3,0,1,2,0,0,1,3,0,0,0,0,0,0,0,0,0,0,0,0,0,0
203471,Dennis Schröder,CLE,202605130DET,"May 13, 2026",DET,5,4,5,6,35.71,40.32,-4.61,2,0,1,0,1,1,0,0,1,3,0,0,0,0,0,0,0,0,0,0,0,0,1,1
1630241,Sam Merrill,CLE,202605130DET,"May 13, 2026",DET,6,5,0,5,40.0,60.0,-20.0,0,0,5,6,0,0,0,0,0,0,0,0,0,0,0,0,0,0,0,0,0,0,0,0
1631204,Marcus Sasser,DET,202605130DET,"May 13, 2026",CLE,2,2,0,2,40.0,50.0,-10.0,1,2,1,0,0,0,0,0,0,0,0,0,0,0,0,0,0,0,0,0,0,0,0,0
1630191,Isaiah Stewart,DET,202605130DET,"May 13, 2026",CLE,8,5,0,5,61.54,80.0,-18.46,2,2,3,6,0,0,0,0,0,0,0,0,0,0,0,0,0,0,0,0,0,0,0,0
1642281,Jaylon Tyson,CLE,202605130DET,"May 13, 2026",DET,0,1,0,1,0.0,0.0,0.0,1,0,0,0,0,0,0,0,0,0,0,0,0,0,0,0,0,0,0,0,0,0,0,0
1630194,Paul Reed,DET,202605130DET,"May 13, 2026",CLE,10,7,2,8,62.5,63.45,-0.95,7,8,0,0,1,2,0,0,0,0,0,0,0,0,0,0,0,0,0,0,0,0,0,0
1628378,Donovan Mitchell,CLE,202605150CLE,"May 15, 2026",DET,18,20,4,22,36.0,41.36,-5.36,14,8,6,6,2,4,0,0,0,0,0,0,0,0,0,0,0,0,0,0,0,0,0,0
202699,Tobias Harris,DET,202605150CLE,"May 15, 2026",CLE,6,7,2,8,33.33,38.07,-4.74,5,4,2,0,1,2,0,0,0,0,0,0,0,0,0,0,0,0,0,0,0,0,0,0
201935,James Harden,CLE,202605150CLE,"May 15, 2026",DET,23,13,10,18,52.27,66.09,-13.82,5,6,8,9,2,4,0,0,0,0,0,0,0,0,0,0,0,0,0,0,0,0,3,4
1630595,Cade Cunningham,DET,202605150CLE,"May 15, 2026",CLE,21,19,2,20,42.0,52.82,-10.82,9,4,10,15,1,2,0,0,0,0,0,0,0,0,0,0,0,0,0,0,0,0,0,0
1642450,Daniss Jenkins,DET,202605150CLE,"May 15, 2026",CLE,15,11,2,12,48.39,63.13,-14.74,4,4,7,9,1,2,0,0,0,0,0,0,0,0,0,0,0,0,0,0,0,0,0,0
1631105,Jalen Duren,DET,202605150CLE,"May 15, 2026",CLE,15,10,4,12,62.5,63.78,-1.28,10,14,0,0,0,0,0,0,0,0,0,0,0,0,0,0,0,0,0,0,0,0,2,1
1641709,Ausar Thompson,DET,202605150CLE,"May 15, 2026",CLE,10,6,3,7,62.5,68.31,-5.81,4,6,1,0,1,1,0,0,1,3,0,0,0,0,0,0,0,0,0,0,0,0,0,0
1630596,Evan Mobley,CLE,202605150CLE,"May 15, 2026",DET,18,14,8,18,43.9,51.37,-7.47,9,8,5,6,3,2,0,0,0,0,0,0,0,0,0,0,0,0,0,0,0,0,1,2
1628386,Jarrett Allen,CLE,202605150CLE,"May 15, 2026",DET,13,6,4,8,81.25,83.76,-2.51,6,10,0,0,1,1,0,0,0,0,0,0,0,0,0,0,0,0,0,0,0,0,1,2
1627747,Caris LeVert,DET,202605150CLE,"May 15, 2026",CLE,8,7,0,7,42.11,57.14,-15.03,2,2,5,6,0,0,0,0,0,0,0,0,0,0,0,0,0,0,0,0,0,0,0,0
1629622,Max Strus,CLE,202605150CLE,"May 15, 2026",DET,6,9,0,9,24.0,33.33,-9.33,2,0,7,6,0,0,0,0,0,0,0,0,0,0,0,0,0,0,0,0,0,0,0,0
1630241,Sam Merrill,CLE,202605150CLE,"May 15, 2026",DET,10,6,2,7,52.63,72.67,-20.04,1,2,5,6,0,0,0,0,0,0,0,0,0,0,1,2,0,0,0,0,0,0,0,0
203471,Dennis Schröder,CLE,202605150CLE,"May 15, 2026",DET,0,4,0,4,0.0,0.0,0.0,3,0,1,0,0,0,0,0,0,0,0,0,0,0,0,0,0,0,0,0,0,0,0,0
1629130,Duncan Robinson,DET,202605150CLE,"May 15, 2026",CLE,14,7,3,8,58.33,84.13,-25.8,0,0,7,12,0,0,1,2,0,0,0,0,0,0,0,0,0,0,0,0,0,0,0,0
1630191,Isaiah Stewart,DET,202605150CLE,"May 15, 2026",CLE,0,1,0,1,0.0,0.0,0.0,0,0,1,0,0,0,0,0,0,0,0,0,0,0,0,0,0,0,0,0,0,0,0,0
1631204,Marcus Sasser,DET,202605150CLE,"May 15, 2026",CLE,9,5,0,5,75.0,90.0,-15.0,3,6,2,3,0,0,0,0,0,0,0,0,0,0,0,0,0,0,0,0,0,0,0,0
1629731,Dean Wade,CLE,202605150CLE,"May 15, 2026",DET,3,2,0,2,50.0,75.0,-25.0,0,0,2,3,0,0,0,0,0,0,0,0,0,0,0,0,0,0,0,0,0,0,0,0
1630194,Paul Reed,DET,202605150CLE,"May 15, 2026",CLE,17,9,3,10,77.27,82.36,-5.09,7,10,1,3,1,1,0,0,1,3,0,0,0,0,0,0,0,0,0,0,0,0,0,0
1628418,Thomas Bryant,CLE,202605150CLE,"May 15, 2026",DET,0,2,0,2,0.0,0.0,0.0,1,0,1,0,0,0,0,0,0,0,0,0,0,0,0,0,0,0,0,0,0,0,0,0
1641772,Nae'Qwan Tomlin,CLE,202605150CLE,"May 15, 2026",DET,1,0,2,1,50.0,56.82,-6.82,0,0,0,0,1,1,0,0,0,0,0,0,0,0,0,0,0,0,0,0,0,0,0,0
1642281,Jaylon Tyson,CLE,202605150CLE,"May 15, 2026",DET,2,1,0,1,100.0,100.0,0.0,1,2,0,0,0,0,0,0,0,0,0,0,0,0,0,0,0,0,0,0,0,0,0,0
1642264,Stephon Castle,SAS,202605150MIN,"May 15, 2026",MIN,32,16,6,18,71.11,85.84,-14.73,7,8,7,15,2,3,0,0,2,6,0,0,0,0,0,0,0,0,0,0,0,0,0,0
203497,Rudy Gobert,MIN,202605150MIN,"May 15, 2026",SAS,0,4,0,4,0.0,0.0,0.0,4,0,0,0,0,0,0,0,0,0,0,0,0,0,0,0,0,0,0,0,0,0,0,0
1630162,Anthony Edwards,MIN,202605150MIN,"May 15, 2026",SAS,24,26,7,29,36.36,41.27,-4.91,18,12,7,6,2,2,0,0,1,3,0,0,0,0,0,0,0,0,0,0,0,0,1,1
1628368,De'Aaron Fox,SAS,202605150MIN,"May 15, 2026",MIN,21,10,2,11,84.0,96.51,-12.51,7,10,3,9,0,0,0,0,0,0,0,0,0,0,0,0,0,0,0,0,0,0,1,2
1630183,Jaden McDaniels,MIN,202605150MIN,"May 15, 2026",SAS,13,13,3,14,39.39,45.39,-6.0,8,2,4,6,0,0,0,0,1,3,0,0,0,0,0,0,0,0,0,0,0,0,1,2
1630577,Julian Champagnie,SAS,202605150MIN,"May 15, 2026",MIN,18,10,4,12,54.55,76.53,-21.98,1,2,9,12,1,2,0,0,0,0,0,0,0,0,0,0,0,0,0,0,0,0,1,2
203944,Julius Randle,SAS,202605150MIN,"May 15, 2026",MIN,3,8,2,9,15.0,16.89,-1.89,6,2,2,0,1,1,0,0,0,0,0,0,0,0,0,0,0,0,0,0,0,0,0,0
1641705,Victor Wembanyama,SAS,202605150MIN,"May 15, 2026",MIN,19,11,9,15,57.58,63.5,-5.92,8,10,2,0,1,2,0,0,1,3,0,0,0,0,0,0,0,0,0,0,0,0,3,4
1630245,Ayo Dosunmu,MIN,202605150MIN,"May 15, 2026",SAS,10,8,2,9,52.63,56.31,-3.68,7,8,1,0,1,2,0,0,0,0,0,0,0,0,0,0,0,0,0,0,0,0,0,0
1630170,Devin Vassell,SAS,202605150MIN,"May 15, 2026",MIN,11,10,0,10,40.74,55.0,-14.26,3,2,7,9,0,0,0,0,0,0,0,0,0,0,0,0,0,0,0,0,0,0,0,0
1642844,Dylan Harper,SAS,202605150MIN,"May 15, 2026",MIN,15,8,2,9,71.43,84.46,-13.03,5,10,3,3,0,0,0,0,0,0,0,0,0,0,0,0,0,0,0,0,0,0,1,2
1629640,Keldon Johnson,SAS,202605150MIN,"May 15, 2026",MIN,0,2,0,2,0.0,0.0,0.0,2,0,0,0,0,0,0,0,0,0,0,0,0,0,0,0,0,0,0,0,0,0,0,0
1629675,Naz Reid,MIN,202605150MIN,"May 15, 2026",SAS,18,13,1,13,52.94,66.96,-14.02,5,6,7,9,0,0,0,0,1,3,0,0,0,0,0,0,0,0,0,0,0,0,0,0
1630545,Terrence Shannon Jr.,MIN,202605150MIN,"May 15, 2026",SAS,21,15,4,16,56.76,62.65,-5.89,10,10,3,3,0,0,0,0,2,6,0,0,0,0,0,0,0,0,0,0,0,0,1,2
1628436,Luke Kornet,SAS,202605150MIN,"May 15, 2026",MIN,6,3,2,4,75.0,77.32,-2.32,3,4,0,0,1,2,0,0,0,0,0,0,0,0,0,0,0,0,0,0,0,0,0,0
201144,Mike Conley,MIN,202605150MIN,"May 15, 2026",SAS,6,3,0,3,66.67,100.0,-33.33,0,0,3,6,0,0,0,0,0,0,0,0,0,0,0,0,0,0,0,0,0,0,0,0
1642868,Carter Bryant,SAS,202605150MIN,"May 15, 2026",MIN,3,3,2,4,33.33,38.66,-5.33,2,2,1,0,1,1,0,0,0,0,0,0,0,0,0,0,0,0,0,0,0,0,0,0
203084,Harrison Barnes,SAS,202605150MIN,"May 15, 2026",MIN,3,3,0,3,33.33,50.0,-16.67,0,0,3,3,0,0,0,0,0,0,0,0,0,0,0,0,0,0,0,0,0,0,0,0
1629162,Jordan McLaughlin,SAS,202605150MIN,"May 15, 2026",MIN,2,1,0,1,100.0,100.0,0.0,1,2,0,0,0,0,0,0,0,0,0,0,0,0,0,0,0,0,0,0,0,0,0,0
203482,Kelly Olynyk,SAS,202605150MIN,"May 15, 2026",MIN,3,4,0,4,30.0,37.5,-7.5,2,0,2,3,0,0,0,0,0,0,0,0,0,0,0,0,0,0,0,0,0,0,0,0
1630322,Lindy Waters III,SAS,202605150MIN,"May 15, 2026",MIN,2,3,0,3,28.57,33.33,-4.76,2,2,1,0,0,0,0,0,0,0,0,0,0,0,0,0,0,0,0,0,0,0,0,0
203937,Kyle Anderson,MIN,202605150MIN,"May 15, 2026",SAS,2,3,0,3,33.33,33.33,0.0,3,2,0,0,0,0,0,0,0,0,0,0,0,0,0,0,0,0,0,0,0,0,0,0
1642866,Joan Beringer,MIN,202605150MIN,"May 15, 2026",SAS,4,3,0,3,66.67,66.67,0.0,3,4,0,0,0,0,0,0,0,0,0,0,0,0,0,0,0,0,0,0,0,0,0,0
1641740,Jaylen Clark,MIN,202605150MIN,"May 15, 2026",SAS,2,2,2,3,28.57,34.72,-6.15,1,0,1,0,1,2,0,0,0,0,0,0,0,0,0,0,0,0,0,0,0,0,0,0
1630538,Bones Hyland,MIN,202605150MIN,"May 15, 2026",SAS,3,6,0,6,18.75,25.0,-6.25,2,0,4,3,0,0,0,0,0,0,0,0,0,0,0,0,0,0,0,0,0,0,0,0
1641763,Julian Phillips,MIN,202605150MIN,"May 15, 2026",SAS,3,2,0,2,50.0,75.0,-25.0,0,0,2,3,0,0,0,0,0,0,0,0,0,0,0,0,0,0,0,0,0,0,0,0
202687,Bismack Biyombo,SAS,202605150MIN,"May 15, 2026",MIN,2,2,0,2,50.0,50.0,0.0,2,2,0,0,0,0,0,0,0,0,0,0,0,0,0,0,0,0,0,0,0,0,0,0
203486,Mason Plumlee,SAS,202605150MIN,"May 15, 2026",MIN,2,2,0,2,50.0,50.0,0.0,2,2,0,0,0,0,0,0,0,0,0,0,0,0,0,0,0,0,0,0,0,0,0,0
1630596,Evan Mobley,CLE,202605170DET,"May 17, 2026",DET,21,10,11,15,60.0,70.75,-10.75,5,10,4,3,5,6,0,0,1,2,0,0,0,0,0,0,0,0,0,0,0,0,0,0
1642450,Daniss Jenkins,DET,202605170DET,"May 17, 2026",CLE,17,12,8,16,43.59,54.77,-11.18,5,4,7,6,2,3,0,0,0,0,0,0,0,0,0,0,0,0,0,0,0,0,2,4
1630595,Cade Cunningham,DET,202605170DET,"May 17, 2026",CLE,13,16,3,18,30.95,37.53,-6.58,9,10,7,0,1,2,0,0,0,0,0,0,1,1,0,0,0,0,0,0,0,0,0,0
202699,Tobias Harris,DET,202605170DET,"May 17, 2026",CLE,5,6,6,9,25.0,28.94,-3.94,4,0,2,0,3,5,0,0,0,0,0,0,0,0,0,0,0,0,0,0,0,0,0,0
1629622,Max Strus,CLE,202605170DET,"May 17, 2026",DET,9,7,2,8,42.86,57.11,-14.25,2,4,5,3,0,0,0,0,0,0,0,0,0,0,0,0,0,0,0,0,0,0,1,2
1628386,Jarrett Allen,CLE,202605170DET,"May 17, 2026",DET,23,14,13,20,56.1,58.32,-2.22,12,12,0,0,4,5,0,0,2,5,0,0,0,0,0,0,0,0,0,0,0,0,2,1
1628378,Donovan Mitchell,CLE,202605170DET,"May 17, 2026",DET,26,22,6,25,46.43,52.76,-6.33,16,16,6,6,3,4,0,0,0,0,0,0,0,0,0,0,0,0,0,0,0,0,0,0
1641709,Ausar Thompson,DET,202605170DET,"May 17, 2026",CLE,5,7,2,8,27.78,31.73,-3.95,5,2,2,3,0,0,0,0,0,0,0,0,0,0,0,0,0,0,0,0,0,0,1,0
1631105,Jalen Duren,DET,202605170DET,"May 17, 2026",CLE,7,7,2,8,43.75,44.42,-0.67,7,6,0,0,0,0,0,0,0,0,0,0,0,0,0,0,0,0,0,0,0,0,1,1
201935,James Harden,CLE,202605170DET,"May 17, 2026",DET,9,10,8,14,26.47,33.28,-6.81,4,4,6,0,1,1,0,0,0,0,0,0,0,0,0,0,0,0,0,0,0,0,3,4
1630241,Sam Merrill,CLE,202605170DET,"May 17, 2026",DET,23,10,4,12,71.88,97.79,-25.91,2,4,7,12,0,0,0,0,0,0,1,4,1,1,0,0,0,0,0,0,0,0,1,2
1629731,Dean Wade,CLE,202605170DET,"May 17, 2026",DET,5,2,0,2,100.0,125.0,-25.0,1,2,1,3,0,0,0,0,0,0,0,0,0,0,0,0,0,0,0,0,0,0,0,0
1627747,Caris LeVert,DET,202605170DET,"May 17, 2026",CLE,11,5,4,7,61.11,81.36,-20.25,1,2,4,6,2,3,0,0,0,0,0,0,0,0,0,0,0,0,0,0,0,0,0,0
1629130,Duncan Robinson,DET,202605170DET,"May 17, 2026",CLE,13,7,3,8,59.09,78.12,-19.03,2,2,5,9,0,0,1,2,0,0,0,0,0,0,0,0,0,0,0,0,0,0,0,0
1630191,Isaiah Stewart,DET,202605170DET,"May 17, 2026",CLE,3,1,1,1,100.0,104.17,-4.17,0,0,0,0,0,0,0,0,1,3,0,0,0,0,0,0,0,0,0,0,0,0,0,0
1631204,Marcus Sasser,DET,202605170DET,"May 17, 2026",CLE,9,12,0,12,27.27,37.5,-10.23,3,0,9,9,0,0,0,0,0,0,0,0,0,0,0,0,0,0,0,0,0,0,0,0
203471,Dennis Schröder,CLE,202605170DET,"May 17, 2026",DET,2,1,0,1,100.0,100.0,0.0,1,2,0,0,0,0,0,0,0,0,0,0,0,0,0,0,0,0,0,0,0,0,0,0
1630194,Paul Reed,CLE,202605170DET,"May 17, 2026",DET,4,5,0,5,40.0,40.0,0.0,5,4,0,0,0,0,0,0,0,0,0,0,0,0,0,0,0,0,0,0,0,0,0,0
1641842,Ronald Holland II,DET,202605170DET,"May 17, 2026",CLE,3,3,0,3,37.5,50.0,-12.5,1,0,2,3,0,0,0,0,0,0,0,0,0,0,0,0,0,0,0,0,0,0,0,0
1642404,Chaz Lanier,DET,202605170DET,"May 17, 2026",CLE,0,2,0,2,0.0,0.0,0.0,1,0,1,0,0,0,0,0,0,0,0,0,0,0,0,0,0,0,0,0,0,0,0,0
1642449,Tolu Smith,DET,202605170DET,"May 17, 2026",CLE,4,2,0,2,100.0,100.0,0.0,2,4,0,0,0,0,0,0,0,0,0,0,0,0,0,0,0,0,0,0,0,0,0,0
1628418,Thomas Bryant,CLE,202605170DET,"May 17, 2026",DET,0,4,0,4,0.0,0.0,0.0,2,0,2,0,0,0,0,0,0,0,0,0,0,0,0,0,0,0,0,0,0,0,0,0
1631165,Keon Ellis,CLE,202605170DET,"May 17, 2026",DET,3,1,0,1,100.0,150.0,-50.0,0,0,1,3,0,0,0,0,0,0,0,0,0,0,0,0,0,0,0,0,0,0,0,0
1641854,Craig Porter Jr.,CLE,202605170DET,"May 17, 2026",DET,2,2,0,2,50.0,50.0,0.0,2,2,0,0,0,0,0,0,0,0,0,0,0,0,0,0,0,0,0,0,0,0,0,0
1641772,Nae'Qwan Tomlin,CLE,202605170DET,"May 17, 2026",DET,2,1,0,1,100.0,100.0,0.0,1,2,0,0,0,0,0,0,0,0,0,0,0,0,0,0,0,0,0,0,0,0,0,0
1642281,Jaylon Tyson,CLE,202605170DET,"May 17, 2026",DET,0,1,0,1,0.0,0.0,0.0,0,0,1,0,0,0,0,0,0,0,0,0,0,0,0,0,0,0,0,0,0,0,0,0
1642264,Stephon Castle,SAS,202605180OKC,"May 18, 2026",OKC,17,14,7,17,41.46,49.77,-8.31,7,6,6,3,3,6,0,0,1,2,0,0,0,0,0,0,0,0,0,0,0,0,0,0
1628392,Isaiah Hartenstein,OKC,202605180OKC,"May 18, 2026",SAS,2,1,2,2,50.0,53.19,-3.19,1,0,0,0,1,2,0,0,0,0,0,0,0,0,0,0,0,0,0,0,0,0,0,0
1630577,Julian Champagnie,SAS,202605180OKC,"May 18, 2026",OKC,11,12,0,12,31.43,45.83,-14.4,1,2,11,9,0,0,0,0,0,0,0,0,0,0,0,0,0,0,0,0,0,0,0,0
1629652,Luguentz Dort,SAS,202605180OKC,"May 18, 2026",OKC,5,6,0,6,29.41,41.67,-12.26,1,2,5,3,0,0,0,0,0,0,0,0,0,0,0,0,0,0,0,0,0,0,0,0
1641705,Victor Wembanyama,SAS,202605180OKC,"May 18, 2026",OKC,41,25,13,31,63.08,66.73,-3.65,22,24,2,3,5,9,0,0,1,3,0,0,0,0,0,0,0,0,0,0,0,0,1,2
1628983,Shai Gilgeous-Alexander,OKC,202605180OKC,"May 18, 2026",SAS,24,23,9,27,38.71,44.51,-5.8,15,8,7,6,4,8,0,0,1,2,0,0,0,0,0,0,0,0,0,0,0,0,0,0
1642844,Dylan Harper,SAS,202605180OKC,"May 18, 2026",OKC,24,20,7,23,44.44,51.99,-7.55,12,12,7,3,2,4,0,0,1,3,0,0,0,0,0,0,0,0,0,0,0,0,1,2
1631096,Chet Holmgren,SAS,202605180OKC,"May 18, 2026",OKC,8,7,2,8,40.0,50.76,-10.76,3,0,4,6,1,2,0,0,0,0,0,0,0,0,0,0,0,0,0,0,0,0,0,0
1627936,Alex Caruso,OKC,202605180OKC,"May 18, 2026",SAS,31,19,3,20,56.36,76.28,-19.92,5,6,14,24,0,0,1,1,0,0,0,0,0,0,0,0,0,0,0,0,0,0,0,0
1631119,Jaylin Williams,OKC,202605180OKC,"May 18, 2026",SAS,26,25,3,26,46.43,49.39,-2.96,21,18,3,3,1,2,0,0,1,3,0,0,0,0,0,0,0,0,0,0,0,0,0,0
1642349,Ajay Mitchell,OKC,202605180OKC,"May 18, 2026",SAS,4,5,0,5,36.36,40.0,-3.64,4,4,1,0,0,0,0,0,0,0,0,0,0,0,0,0,0,0,0,0,0,0,0,0
1629640,Keldon Johnson,SAS,202605180OKC,"May 18, 2026",OKC,13,9,2,10,50.0,65.79,-15.79,3,2,6,9,1,2,0,0,0,0,0,0,0,0,0,0,0,0,0,0,0,0,0,0
1630170,Devin Vassell,SAS,202605180OKC,"May 18, 2026",OKC,13,12,0,12,39.39,54.17,-14.78,3,4,9,9,0,0,0,0,0,0,0,0,0,0,0,0,0,0,0,0,0,0,0,0
203084,Harrison Barnes,SAS,202605180OKC,"May 18, 2026",OKC,0,1,0,1,0.0,0.0,0.0,1,0,0,0,0,0,0,0,0,0,0,0,0,0,0,0,0,0,0,0,0,0,0,0
1628436,Luke Kornet,SAS,202605180OKC,"May 18, 2026",OKC,0,1,0,1,0.0,0.0,0.0,1,0,0,0,0,0,0,0,0,0,0,0,0,0,0,0,0,0,0,0,0,0,0,0
1642272,Jared McCain,OKC,202605180OKC,"May 18, 2026",SAS,7,6,0,6,46.67,58.33,-11.66,3,4,3,3,0,0,0,0,0,0,0,0,0,0,0,0,0,0,0,0,0,0,0,0
1641717,Cason Wallace,OKC,202605180OKC,"May 18, 2026",SAS,8,6,0,6,47.06,66.67,-19.61,1,2,5,6,0,0,0,0,0,0,0,0,0,0,0,0,0,0,0,0,0,0,0,0
1642868,Carter Bryant,SAS,202605180OKC,"May 18, 2026",OKC,3,2,0,2,50.0,75.0,-25.0,0,0,2,3,0,0,0,0,0,0,0,0,0,0,0,0,0,0,0,0,0,0,0,0
1630598,Aaron Wiggins,OKC,202605180OKC,"May 18, 2026",SAS,0,3,0,3,0.0,0.0,0.0,0,0,3,0,0,0,0,0,0,0,0,0,0,0,0,0,0,0,0,0,0,0,0,0
1628384,OG Anunoby,NYK,202605190NYK,"May 19, 2026",CLE,13,9,10,14,38.24,48.51,-10.27,3,2,6,3,2,3,0,0,0,0,0,0,0,0,0,0,0,0,0,0,0,0,3,5
1630596,Evan Mobley,CLE,202605190NYK,"May 19, 2026",NYK,15,16,2,17,35.71,44.43,-8.72,8,8,8,6,1,1,0,0,0,0,0,0,0,0,0,0,0,0,0,0,0,0,0,0
1628386,Jarrett Allen,CLE,202605190NYK,"May 19, 2026",NYK,10,6,8,10,50.0,52.52,-2.52,6,6,0,0,4,4,0,0,0,0,0,0,0,0,0,0,0,0,0,0,0,0,0,0
1629731,Dean Wade,CLE,202605190NYK,"May 19, 2026",NYK,10,5,1,5,62.5,91.91,-29.41,0,0,4,6,0,0,0,0,0,0,1,4,0,0,0,0,0,0,0,0,0,0,0,0
201935,James Harden,CLE,202605190NYK,"May 19, 2026",NYK,15,16,6,19,32.61,40.24,-7.63,8,8,8,3,2,3,0,0,0,0,0,0,0,0,0,0,0,0,0,0,0,0,1,1
1626157,Karl-Anthony Towns,NYK,202605190NYK,"May 19, 2026",CLE,13,14,0,14,39.39,46.43,-7.04,9,10,5,3,0,0,0,0,0,0,0,0,0,0,0,0,0,0,0,0,0,0,0,0
1628970,Miles Bridges,CLE,202605190NYK,"May 19, 2026",NYK,18,11,2,12,64.29,75.76,-11.47,7,10,4,6,0,0,0,0,0,0,0,0,0,0,0,0,0,0,0,0,0,0,1,2
1628973,Jalen Brunson,NYK,202605190NYK,"May 19, 2026",CLE,38,29,10,34,51.35,56.89,-5.54,23,28,6,3,5,7,0,0,0,0,0,0,0,0,0,0,0,0,0,0,0,0,0,0
1628378,Donovan Mitchell,CLE,202605190NYK,"May 19, 2026",NYK,29,23,1,23,50.0,61.86,-11.86,12,16,10,9,0,0,0,0,0,0,1,4,0,0,0,0,0,0,0,0,0,0,0,0
1628404,Josh Hart,NYK,202605190NYK,"May 19, 2026",CLE,13,11,2,12,44.83,54.71,-9.88,6,8,5,3,1,2,0,0,0,0,0,0,0,0,0,0,0,0,0,0,0,0,0,0
1630241,Sam Merrill,CLE,202605190NYK,"May 19, 2026",NYK,12,9,1,9,44.44,63.56,-19.12,0,0,8,9,0,0,0,0,1,3,0,0,0,0,0,0,0,0,0,0,0,0,0,0
1629622,Max Strus,CLE,202605190NYK,"May 19, 2026",NYK,8,6,2,7,40.0,58.14,-18.14,0,0,6,6,0,0,0,0,0,0,0,0,0,0,0,0,0,0,0,0,0,0,1,2
203471,Dennis Schröder,CLE,202605190NYK,"May 19, 2026",NYK,3,9,0,9,13.64,16.67,-3.03,5,0,4,3,0,0,0,0,0,0,0,0,0,0,0,0,0,0,0,0,0,0,0,0
1630540,Miles McBride,NYK,202605190NYK,"May 19, 2026",CLE,0,1,0,1,0.0,0.0,0.0,0,0,1,0,0,0,0,0,0,0,0,0,0,0,0,0,0,0,0,0,0,0,0,0
1629011,Mitchell Robinson,NYK,202605190NYK,"May 19, 2026",CLE,4,3,8,7,28.57,30.67,-2.1,3,2,0,0,1,0,0,0,0,0,0,0,0,0,0,0,0,0,0,0,0,0,3,2
203903,Jordan Clarkson,NYK,202605190NYK,"May 19, 2026",CLE,3,3,0,3,42.86,50.0,-7.14,2,0,1,3,0,0,0,0,0,0,0,0,0,0,0,0,0,0,0,0,0,0,0,0
1630631,Jose Alvarado,NYK,202605190NYK,"May 19, 2026",CLE,4,3,0,3,57.14,66.67,-9.53,2,4,1,0,0,0,0,0,0,0,0,0,0,0,0,0,0,0,0,0,0,0,0,0
1631165,Keon Ellis,CLE,202605190NYK,"May 19, 2026",NYK,2,0,2,1,100.0,113.64,-13.64,0,0,0,0,1,2,0,0,0,0,0,0,0,0,0,0,0,0,0,0,0,0,0,0
1629013,Landry Shamet,NYK,202605190NYK,"May 19, 2026",CLE,9,4,0,4,81.82,112.5,-30.68,1,0,3,9,0,0,0,0,0,0,0,0,0,0,0,0,0,0,0,0,0,0,0,0
1630170,Devin Vassell,SAS,202605200OKC,"May 20, 2026",OKC,22,14,2,15,52.38,73.92,-21.54,2,2,12,18,1,2,0,0,0,0,0,0,0,0,0,0,0,0,0,0,0,0,0,0
1628392,Isaiah Hartenstein,OKC,202605200OKC,"May 20, 2026",SAS,10,8,4,10,50.0,51.23,-1.23,8,8,0,0,2,2,0,0,0,0,0,0,0,0,0,0,0,0,0,0,0,0,0,0
1629652,Luguentz Dort,OKC,202605200OKC,"May 20, 2026",SAS,8,4,2,5,66.67,81.97,-15.3,2,4,2,3,1,1,0,0,0,0,0,0,0,0,0,0,0,0,0,0,0,0,0,0
1631119,Jaylin Williams,OKC,202605200OKC,"May 20, 2026",SAS,4,4,0,4,50.0,50.0,0.0,4,4,0,0,0,0,0,0,0,0,0,0,0,0,0,0,0,0,0,0,0,0,0,0
1642844,Dylan Harper,OKC,202605200OKC,"May 20, 2026",SAS,12,10,2,11,54.55,55.15,-0.6,10,10,0,0,1,2,0,0,0,0,0,0,0,0,0,0,0,0,0,0,0,0,0,0
1630577,Julian Champagnie,SAS,202605200OKC,"May 20, 2026",OKC,8,8,4,10,29.63,40.98,-11.35,1,2,7,3,2,3,0,0,0,0,0,0,0,0,0,0,0,0,0,0,0,0,0,0
1628983,Shai Gilgeous-Alexander,OKC,202605200OKC,"May 20, 2026",SAS,30,24,6,26,52.63,56.31,-3.68,19,20,3,0,1,2,0,0,2,6,0,0,0,0,0,0,0,0,0,0,0,0,1,2
1641705,Victor Wembanyama,SAS,202605200OKC,"May 20, 2026",OKC,21,16,2,17,51.22,62.2,-10.98,9,10,7,9,0,0,0,0,0,0,0,0,0,0,0,0,0,0,0,0,0,0,1,2
1642264,Stephon Castle,SAS,202605200OKC,"May 20, 2026",OKC,25,17,4,19,56.82,66.63,-9.81,11,18,6,3,2,4,0,0,0,0,0,0,0,0,0,0,0,0,0,0,0,0,0,0
1629640,Keldon Johnson,SAS,202605200OKC,"May 20, 2026",OKC,10,12,1,12,34.48,40.19,-5.71,7,2,4,6,0,0,0,0,1,2,0,0,0,0,0,0,0,0,0,0,0,0,0,0
1628436,Luke Kornet,SAS,202605200OKC,"May 20, 2026",OKC,4,2,0,2,100.0,100.0,0.0,2,4,0,0,0,0,0,0,0,0,0,0,0,0,0,0,0,0,0,0,0,0,0,0
1627936,Alex Caruso,OKC,202605200OKC,"May 20, 2026",SAS,17,7,4,9,77.27,97.03,-19.76,3,4,4,9,2,4,0,0,0,0,0,0,0,0,0,0,0,0,0,0,0,0,0,0
1642272,Jared McCain,OKC,202605200OKC,"May 20, 2026",SAS,12,14,2,15,30.77,40.32,-9.55,5,2,9,9,1,1,0,0,0,0,0,0,0,0,0,0,0,0,0,0,0,0,0,0
1642349,Ajay Mitchell,OKC,202605200OKC,"May 20, 2026",SAS,10,8,2,9,50.0,56.31,-6.31,6,8,2,0,1,2,0,0,0,0,0,0,0,0,0,0,0,0,0,0,0,0,0,0
1641717,Cason Wallace,OKC,202605200OKC,"May 20, 2026",SAS,12,6,0,6,66.67,100.0,-33.33,0,0,6,12,0,0,0,0,0,0,0,0,0,0,0,0,0,0,0,0,0,0,0,0
1631096,Chet Holmgren,OKC,202605200OKC,"May 20, 2026",SAS,13,10,4,11,50.0,55.27,-5.27,6,6,2,0,0,0,0,0,2,6,0,0,0,0,0,0,0,0,0,0,0,0,1,1
1629162,Jordan McLaughlin,SAS,202605200OKC,"May 20, 2026",OKC,6,3,0,3,75.0,100.0,-25.0,1,0,2,6,0,0,0,0,0,0,0,0,0,0,0,0,0,0,0,0,0,0,0,0
1630198,Isaiah Joe,OKC,202605200OKC,"May 20, 2026",SAS,0,3,0,3,0.0,0.0,0.0,1,0,2,0,0,0,0,0,0,0,0,0,0,0,0,0,0,0,0,0,0,0,0,0
203084,Harrison Barnes,SAS,202605200OKC,"May 20, 2026",OKC,5,2,2,3,62.5,86.81,-24.31,0,0,2,3,1,2,0,0,0,0,0,0,0,0,0,0,0,0,0,0,0,0,0,0
1628973,Jalen Brunson,NYK,202605210NYK,"May 21, 2026",CLE,19,16,4,18,44.19,53.49,-9.3,9,12,7,3,0,0,0,0,0,0,0,0,0,0,0,0,0,0,0,0,0,0,2,4
1629731,Dean Wade,CLE,202605210NYK,"May 21, 2026",NYK,3,3,0,3,33.33,50.0,-16.67,0,0,3,3,0,0,0,0,0,0,0,0,0,0,0,0,0,0,0,0,0,0,0,0
1626157,Karl-Anthony Towns,NYK,202605210NYK,"May 21, 2026",CLE,18,12,2,13,58.06,69.88,-11.82,7,8,5,9,1,1,0,0,0,0,0,0,0,0,0,0,0,0,0,0,0,0,0,0
1630596,Evan Mobley,CLE,202605210NYK,"May 21, 2026",NYK,14,8,4,10,60.87,71.72,-10.85,5,6,3,6,2,2,0,0,0,0,0,0,0,0,0,0,0,0,0,0,0,0,0,0
1628404,Josh Hart,NYK,202605210NYK,"May 21, 2026",CLE,26,21,2,22,47.27,59.41,-12.14,10,10,11,15,1,1,0,0,0,0,0,0,0,0,0,0,0,0,0,0,0,0,0,0
1628386,Jarrett Allen,CLE,202605210NYK,"May 21, 2026",NYK,13,10,6,13,50.0,51.42,-1.42,10,10,0,0,3,3,0,0,0,0,0,0,0,0,0,0,0,0,0,0,0,0,0,0
1628384,OG Anunoby,NYK,202605210NYK,"May 21, 2026",CLE,14,8,2,9,63.64,78.83,-15.19,4,6,4,6,1,2,0,0,0,0,0,0,0,0,0,0,0,0,0,0,0,0,0,0
201935,James Harden,CLE,202605210NYK,"May 21, 2026",NYK,18,15,3,16,45.0,55.15,-10.15,7,4,7,9,1,2,0,0,1,3,0,0,0,0,0,0,0,0,0,0,0,0,0,0
1628969,Mikal Bridges,NYK,202605210NYK,"May 21, 2026",CLE,19,12,0,12,76.0,79.17,-3.17,11,16,1,3,0,0,0,0,0,0,0,0,0,0,0,0,0,0,0,0,0,0,0,0
1628378,Donovan Mitchell,CLE,202605210NYK,"May 21, 2026",NYK,26,18,9,22,50.0,59.2,-9.2,11,12,7,6,0,0,1,3,0,0,0,0,0,0,0,0,0,0,0,0,0,0,3,5
1630241,Sam Merrill,CLE,202605210NYK,"May 21, 2026",NYK,4,8,4,10,14.81,20.49,-5.68,1,2,7,0,2,2,0,0,0,0,0,0,0,0,0,0,0,0,0,0,0,0,0,0
1629622,Max Strus,CLE,202605210NYK,"May 21, 2026",NYK,5,7,2,8,25.0,31.73,-6.73,3,0,4,3,0,0,0,0,0,0,0,0,0,0,0,0,0,0,0,0,0,0,1,2
203471,Dennis Schröder,CLE,202605210NYK,"May 21, 2026",NYK,4,5,2,6,30.77,34.01,-3.24,4,4,1,0,0,0,0,0,0,0,0,0,0,0,0,0,0,0,0,0,0,0,1,0
1630540,Miles McBride,NYK,202605210NYK,"May 21, 2026",CLE,5,9,0,9,20.83,27.78,-6.95,3,2,6,3,0,0,0,0,0,0,0,0,0,0,0,0,0,0,0,0,0,0,0,0
1629011,Mitchell Robinson,NYK,202605210NYK,"May 21, 2026",CLE,4,2,4,4,50.0,53.19,-3.19,2,4,0,0,1,0,0,0,0,0,0,0,0,0,0,0,0,0,0,0,0,0,1,0
1629013,Landry Shamet,NYK,202605210NYK,"May 21, 2026",CLE,0,1,0,1,0.0,0.0,0.0,1,0,0,0,0,0,0,0,0,0,0,0,0,0,0,0,0,0,0,0,0,0,0,0
1630631,Jose Alvarado,NYK,202605210NYK,"May 21, 2026",CLE,0,1,0,1,0.0,0.0,0.0,0,0,1,0,0,0,0,0,0,0,0,0,0,0,0,0,0,0,0,0,0,0,0,0
1642281,Jaylon Tyson,CLE,202605210NYK,"May 21, 2026",NYK,4,4,2,5,30.77,40.98,-10.21,1,2,3,0,0,0,0,0,0,0,0,0,0,0,0,0,0,0,0,0,0,0,1,2
203903,Jordan Clarkson,NYK,202605210NYK,"May 21, 2026",CLE,4,2,0,2,100.0,100.0,0.0,2,4,0,0,0,0,0,0,0,0,0,0,0,0,0,0,0,0,0,0,0,0,0,0
1628418,Thomas Bryant,CLE,202605210NYK,"May 21, 2026",NYK,0,1,0,1,0.0,0.0,0.0,1,0,0,0,0,0,0,0,0,0,0,0,0,0,0,0,0,0,0,0,0,0,0,0
1641772,Nae'Qwan Tomlin,CLE,202605210NYK,"May 21, 2026",NYK,2,1,0,1,100.0,100.0,0.0,1,2,0,0,0,0,0,0,0,0,0,0,0,0,0,0,0,0,0,0,0,0,0,0
1642359,Pacôme Dadiet,NYK,202605210NYK,"May 21, 2026",CLE,0,1,0,1,0.0,0.0,0.0,0,0,1,0,0,0,0,0,0,0,0,0,0,0,0,0,0,0,0,0,0,0,0,0
1628368,De'Aaron Fox,SAS,202605220SAS,"May 22, 2026",OKC,15,14,0,14,44.12,53.57,-9.45,8,12,6,3,0,0,0,0,0,0,0,0,0,0,0,0,0,0,0,0,0,0,0,0
1631096,Chet Holmgren,OKC,202605220SAS,"May 22, 2026",SAS,14,7,4,9,70.0,79.91,-9.91,5,8,2,3,0,0,0,0,0,0,0,0,0,0,0,0,0,0,0,0,0,0,2,3
1641705,Victor Wembanyama,SAS,202605220SAS,"May 22, 2026",OKC,26,15,10,19,57.78,67.01,-9.23,8,8,5,6,2,2,0,0,2,6,0,0,0,0,0,0,0,0,0,0,0,0,2,4
1642349,Ajay Mitchell,OKC,202605220SAS,"May 22, 2026",SAS,2,5,0,5,18.18,20.0,-1.82,4,2,1,0,0,0,0,0,0,0,0,0,0,0,0,0,0,0,0,0,0,0,0,0
1630577,Julian Champagnie,SAS,202605220SAS,"May 22, 2026",OKC,10,10,0,10,35.71,50.0,-14.29,2,4,8,6,0,0,0,0,0,0,0,0,0,0,0,0,0,0,0,0,0,0,0,0
1642264,Stephon Castle,SAS,202605220SAS,"May 22, 2026",OKC,14,8,14,15,40.0,49.44,-9.44,3,0,5,3,6,9,0,0,0,0,0,0,0,0,1,2,0,0,0,0,0,0,0,0
1628983,Shai Gilgeous-Alexander,SAS,202605220SAS,"May 22, 2026",OKC,26,17,12,23,52.0,58.35,-6.35,13,8,4,6,3,6,1,3,0,0,0,0,0,0,0,0,0,0,0,0,1,1,1,2
1630170,Devin Vassell,SAS,202605220SAS,"May 22, 2026",OKC,20,12,5,14,57.14,70.42,-13.28,5,4,6,9,1,2,0,0,1,3,0,0,0,0,0,0,0,0,0,0,0,0,1,2
1629652,Luguentz Dort,OKC,202605220SAS,"May 22, 2026",SAS,0,1,0,1,0.0,0.0,0.0,0,0,1,0,0,0,0,0,0,0,0,0,0,0,0,0,0,0,0,0,0,0,0,0
1628392,Isaiah Hartenstein,OKC,202605220SAS,"May 22, 2026",SAS,5,4,2,5,45.45,51.23,-5.78,3,4,1,0,1,1,0,0,0,0,0,0,0,0,0,0,0,0,0,0,0,0,0,0
1627936,Alex Caruso,OKC,202605220SAS,"May 22, 2026",SAS,15,7,6,10,60.0,77.8,-17.8,2,2,5,9,2,3,0,0,0,0,0,0,0,0,0,0,0,0,0,0,0,0,1,1
1642272,Jared McCain,OKC,202605220SAS,"May 22, 2026",SAS,24,21,2,22,44.44,54.84,-10.4,11,16,10,6,0,0,0,0,0,0,0,0,0,0,0,0,0,0,0,0,0,0,1,2
1641717,Cason Wallace,OKC,202605220SAS,"May 22, 2026",SAS,11,8,4,10,42.31,56.35,-14.04,2,2,6,6,1,1,0,0,0,0,0,0,0,0,0,0,0,0,0,0,0,0,1,2
1631119,Jaylin Williams,OKC,202605220SAS,"May 22, 2026",SAS,18,7,3,8,78.26,108.17,-29.91,1,0,5,12,0,0,0,0,0,0,1,4,0,0,0,0,0,0,0,0,0,0,1,2
1642844,Dylan Harper,SAS,202605220SAS,"May 22, 2026",OKC,6,7,2,8,31.58,38.07,-6.49,4,2,3,3,1,1,0,0,0,0,0,0,0,0,0,0,0,0,0,0,0,0,0,0
1629640,Keldon Johnson,SAS,202605220SAS,"May 22, 2026",OKC,5,5,2,6,31.25,42.52,-11.27,1,0,4,3,1,2,0,0,0,0,0,0,0,0,0,0,0,0,0,0,0,0,0,0
1628436,Luke Kornet,SAS,202605220SAS,"May 22, 2026",OKC,4,3,0,3,66.67,66.67,0.0,3,4,0,0,0,0,0,0,0,0,0,0,0,0,0,0,0,0,0,0,0,0,0,0
1642868,Carter Bryant,SAS,202605220SAS,"May 22, 2026",OKC,3,3,0,3,37.5,50.0,-12.5,1,0,2,3,0,0,0,0,0,0,0,0,0,0,0,0,0,0,0,0,0,0,0,0
1630198,Isaiah Joe,OKC,202605220SAS,"May 22, 2026",SAS,3,1,0,1,100.0,150.0,-50.0,0,0,1,3,0,0,0,0,0,0,0,0,0,0,0,0,0,0,0,0,0,0,0,0
203084,Harrison Barnes,SAS,202605220SAS,"May 22, 2026",OKC,0,1,0,1,0.0,0.0,0.0,0,0,1,0,0,0,0,0,0,0,0,0,0,0,0,0,0,0,0,0,0,0,0,0
203482,Kelly Olynyk,SAS,202605220SAS,"May 22, 2026",OKC,3,1,0,1,100.0,150.0,-50.0,0,0,1,3,0,0,0,0,0,0,0,0,0,0,0,0,0,0,0,0,0,0,0,0
203486,Mason Plumlee,SAS,202605220SAS,"May 22, 2026",OKC,2,1,0,1,100.0,100.0,0.0,1,2,0,0,0,0,0,0,0,0,0,0,0,0,0,0,0,0,0,0,0,0,0,0
1642260,Nikola Topić,OKC,202605220SAS,"May 22, 2026",SAS,0,1,0,1,0.0,0.0,0.0,1,0,0,0,0,0,0,0,0,0,0,0,0,0,0,0,0,0,0,0,0,0,0,0
1629026,Kenrich Williams,OKC,202605220SAS,"May 22, 2026",SAS,5,2,0,2,100.0,125.0,-25.0,1,2,1,3,0,0,0,0,0,0,0,0,0,0,0,0,0,0,0,0,0,0,0,0
1630596,Evan Mobley,CLE,202605230CLE,"May 23, 2026",NYK,24,18,4,20,52.17,60.73,-8.56,12,18,6,3,2,3,0,0,0,0,0,0,0,0,0,0,0,0,0,0,0,0,0,0
1628384,OG Anunoby,NYK,202605230CLE,"May 23, 2026",CLE,21,10,6,13,70.0,83.07,-13.07,6,6,4,9,3,6,0,0,0,0,0,0,0,0,0,0,0,0,0,0,0,0,0,0
1626157,Karl-Anthony Towns,NYK,202605230CLE,"May 23, 2026",CLE,13,9,4,11,52.0,60.41,-8.41,6,6,3,3,2,4,0,0,0,0,0,0,0,0,0,0,0,0,0,0,0,0,0,0
201935,James Harden,CLE,202605230CLE,"May 23, 2026",NYK,19,15,3,16,47.5,58.21,-10.71,7,12,7,3,1,1,0,0,1,3,0,0,0,0,0,0,0,0,0,0,0,0,0,0
1628969,Mikal Bridges,NYK,202605230CLE,"May 23, 2026",CLE,22,15,0,15,70.97,73.33,-2.36,14,22,1,0,0,0,0,0,0,0,0,0,0,0,0,0,0,0,0,0,0,0,0,0
1628378,Donovan Mitchell,CLE,202605230CLE,"May 23, 2026",NYK,23,21,6,24,39.66,48.65,-8.99,11,12,10,9,3,2,0,0,0,0,0,0,0,0,0,0,0,0,0,0,0,0,0,0
1628973,Jalen Brunson,NYK,202605230CLE,"May 23, 2026",CLE,30,19,12,25,55.56,61.78,-6.22,15,20,4,0,4,7,0,0,0,0,0,0,0,0,0,0,0,0,0,0,0,0,2,3
1628404,Josh Hart,NYK,202605230CLE,"May 23, 2026",CLE,12,12,0,12,38.71,50.0,-11.29,5,6,7,6,0,0,0,0,0,0,0,0,0,0,0,0,0,0,0,0,0,0,0,0
1628386,Jarrett Allen,CLE,202605230CLE,"May 23, 2026",NYK,17,9,4,11,77.27,79.0,-1.73,9,14,0,0,2,3,0,0,0,0,0,0,0,0,0,0,0,0,0,0,0,0,0,0
1630241,Sam Merrill,CLE,202605230CLE,"May 23, 2026",NYK,6,5,0,5,42.86,60.0,-17.14,1,0,4,6,0,0,0,0,0,0,0,0,0,0,0,0,0,0,0,0,0,0,0,0
1629622,Max Strus,CLE,202605230CLE,"May 23, 2026",NYK,13,12,1,12,36.11,52.25,-16.14,1,0,10,9,0,0,0,0,0,0,1,4,0,0,0,0,0,0,0,0,0,0,0,0
1629731,Dean Wade,NYK,202605230CLE,"May 23, 2026",CLE,0,1,0,1,0.0,0.0,0.0,0,0,1,0,0,0,0,0,0,0,0,0,0,0,0,0,0,0,0,0,0,0,0,0
1630540,Miles McBride,NYK,202605230CLE,"May 23, 2026",CLE,5,3,2,4,50.0,64.43,-14.43,1,0,2,3,1,2,0,0,0,0,0,0,0,0,0,0,0,0,0,0,0,0,0,0
1629013,Landry Shamet,NYK,202605230CLE,"May 23, 2026",CLE,14,5,3,6,77.78,110.76,-32.98,0,0,5,12,0,0,1,2,0,0,0,0,0,0,0,0,0,0,0,0,0,0,0,0
203471,Dennis Schröder,CLE,202605230CLE,"May 23, 2026",NYK,3,1,0,1,100.0,150.0,-50.0,0,0,1,3,0,0,0,0,0,0,0,0,0,0,0,0,0,0,0,0,0,0,0,0
1629011,Mitchell Robinson,NYK,202605230CLE,"May 23, 2026",CLE,2,1,0,1,100.0,100.0,0.0,1,2,0,0,0,0,0,0,0,0,0,0,0,0,0,0,0,0,0,0,0,0,0,0
1642281,Jaylon Tyson,CLE,202605230CLE,"May 23, 2026",NYK,3,2,1,2,50.0,61.48,-11.48,0,0,1,0,0,0,0,0,1,3,0,0,0,0,0,0,0,0,0,0,0,0,0,0
1630631,Jose Alvarado,NYK,202605230CLE,"May 23, 2026",CLE,2,3,0,3,25.0,33.33,-8.33,1,2,2,0,0,0,0,0,0,0,0,0,0,0,0,0,0,0,0,0,0,0,0,0
1641705,Victor Wembanyama,SAS,202605240SAS,"May 24, 2026",OKC,33,22,9,26,55.0,63.56,-8.56,14,14,7,9,3,6,0,0,1,3,0,0,0,0,0,0,0,0,0,0,0,0,1,1
1628368,De'Aaron Fox,SAS,202605240SAS,"May 24, 2026",OKC,12,13,1,13,41.38,44.64,-3.26,10,6,2,3,0,0,0,0,1,3,0,0,0,0,0,0,0,0,0,0,0,0,0,0
1628392,Isaiah Hartenstein,OKC,202605240SAS,"May 24, 2026",SAS,12,11,0,11,54.55,54.55,0.0,11,12,0,0,0,0,0,0,0,0,0,0,0,0,0,0,0,0,0,0,0,0,0,0
1630577,Julian Champagnie,SAS,202605240SAS,"May 24, 2026",OKC,2,7,0,7,10.53,14.29,-3.76,2,2,5,0,0,0,0,0,0,0,0,0,0,0,0,0,0,0,0,0,0,0,0,0
1628983,Shai Gilgeous-Alexander,OKC,202605240SAS,"May 24, 2026",SAS,19,15,7,19,50.0,52.54,-2.54,14,12,1,0,3,6,0,0,0,0,0,0,0,0,0,0,0,0,0,0,0,0,1,1
1641717,Cason Wallace,OKC,202605240SAS,"May 24, 2026",SAS,5,8,0,8,26.32,31.25,-4.93,5,2,3,3,0,0,0,0,0,0,0,0,0,0,0,0,0,0,0,0,0,0,0,0
1631096,Chet Holmgren,OKC,202605240SAS,"May 24, 2026",SAS,10,8,6,11,43.48,46.99,-3.51,7,6,1,0,2,3,0,0,0,0,0,0,0,0,0,0,0,0,0,0,0,0,1,1
1629652,Luguentz Dort,OKC,202605240SAS,"May 24, 2026",SAS,2,2,0,2,40.0,50.0,-10.0,1,2,1,0,0,0,0,0,0,0,0,0,0,0,0,0,0,0,0,0,0,0,0,0
1642264,Stephon Castle,SAS,202605240SAS,"May 24, 2026",OKC,13,11,2,12,48.15,54.71,-6.56,8,8,3,3,1,2,0,0,0,0,0,0,0,0,0,0,0,0,0,0,0,0,0,0
1630170,Devin Vassell,SAS,202605240SAS,"May 24, 2026",OKC,13,7,6,10,54.17,67.43,-13.26,3,2,4,6,1,2,0,0,0,0,0,0,0,0,0,0,0,0,0,0,0,0,2,3
1627936,Alex Caruso,OKC,202605240SAS,"May 24, 2026",SAS,0,1,0,1,0.0,0.0,0.0,1,0,0,0,0,0,0,0,0,0,0,0,0,0,0,0,0,0,0,0,0,0,0,0
1642272,Jared McCain,OKC,202605240SAS,"May 24, 2026",SAS,4,10,2,11,14.81,18.38,-3.57,5,2,5,0,0,0,0,0,0,0,0,0,0,0,0,0,0,0,0,0,0,0,1,2
1631119,Jaylin Williams,OKC,202605240SAS,"May 24, 2026",SAS,3,7,0,7,14.29,21.43,-7.14,0,0,7,3,0,0,0,0,0,0,0,0,0,0,0,0,0,0,0,0,0,0,0,0
1642844,Dylan Harper,SAS,202605240SAS,"May 24, 2026",OKC,7,4,6,7,46.67,52.71,-6.04,3,4,1,0,2,1,0,0,0,0,0,0,0,0,0,0,0,0,0,0,0,0,1,2
1629640,Keldon Johnson,SAS,202605240SAS,"May 24, 2026",OKC,6,12,2,13,20.0,23.29,-3.29,8,6,4,0,0,0,0,0,0,0,0,0,0,0,0,0,0,0,0,0,0,0,1,0
1629026,Kenrich Williams,OKC,202605240SAS,"May 24, 2026",SAS,10,7,2,8,50.0,63.45,-13.45,3,2,4,6,1,2,0,0,0,0,0,0,0,0,0,0,0,0,0,0,0,0,0,0
1630598,Aaron Wiggins,OKC,202605240SAS,"May 24, 2026",SAS,4,11,0,11,15.38,18.18,-2.8,7,4,4,0,0,0,0,0,0,0,0,0,0,0,0,0,0,0,0,0,0,0,0,0
1628436,Luke Kornet,SAS,202605240SAS,"May 24, 2026",OKC,6,4,0,4,75.0,75.0,0.0,4,6,0,0,0,0,0,0,0,0,0,0,0,0,0,0,0,0,0,0,0,0,0,0
1642868,Carter Bryant,SAS,202605240SAS,"May 24, 2026",OKC,0,1,0,1,0.0,0.0,0.0,0,0,1,0,0,0,0,0,0,0,0,0,0,0,0,0,0,0,0,0,0,0,0,0
1630198,Isaiah Joe,OKC,202605240SAS,"May 24, 2026",SAS,11,9,1,9,42.31,58.26,-15.95,1,2,7,6,0,0,0,0,1,3,0,0,0,0,0,0,0,0,0,0,0,0,0,0
203084,Harrison Barnes,SAS,202605240SAS,"May 24, 2026",OKC,5,4,6,7,31.25,37.65,-6.4,2,0,2,0,2,4,0,0,0,0,0,0,0,0,0,0,0,0,0,0,0,0,1,1
1642260,Nikola Topić,OKC,202605240SAS,"May 24, 2026",SAS,2,2,0,2,50.0,50.0,0.0,2,2,0,0,0,0,0,0,0,0,0,0,0,0,0,0,0,0,0,0,0,0,0,0
1629162,Jordan McLaughlin,SAS,202605240SAS,"May 24, 2026",OKC,3,2,0,2,50.0,75.0,-25.0,0,0,2,3,0,0,0,0,0,0,0,0,0,0,0,0,0,0,0,0,0,0,0,0
203482,Kelly Olynyk,SAS,202605240SAS,"May 24, 2026",OKC,3,3,0,3,37.5,50.0,-12.5,1,0,2,3,0,0,0,0,0,0,0,0,0,0,0,0,0,0,0,0,0,0,0,0
1630596,Evan Mobley,CLE,202605250CLE,"May 25, 2026",NYK,15,15,1,15,42.86,48.58,-5.72,10,10,4,3,0,0,0,0,1,2,0,0,0,0,0,0,0,0,0,0,0,0,0,0
1628404,Josh Hart,NYK,202605250CLE,"May 25, 2026",CLE,6,5,2,6,40.0,51.02,-11.02,2,2,3,3,1,1,0,0,0,0,0,0,0,0,0,0,0,0,0,0,0,0,0,0
1628378,Donovan Mitchell,CLE,202605250CLE,"May 25, 2026",NYK,31,18,10,22,56.36,69.2,-12.84,8,6,9,15,2,3,1,3,1,2,0,0,0,0,0,0,0,0,0,0,0,0,1,2
1628969,Mikal Bridges,NYK,202605250CLE,"May 25, 2026",CLE,15,16,6,19,32.61,40.24,-7.63,8,6,8,3,2,4,0,0,0,0,0,0,0,0,0,0,0,0,0,0,0,0,1,2
1628386,Jarrett Allen,CLE,202605250CLE,"May 25, 2026",NYK,6,5,0,5,60.0,60.0,0.0,5,6,0,0,0,0,0,0,0,0,0,0,0,0,0,0,0,0,0,0,0,0,0,0
1629622,Max Strus,CLE,202605250CLE,"May 25, 2026",NYK,5,6,0,6,31.25,41.67,-10.42,2,2,4,3,0,0,0,0,0,0,0,0,0,0,0,0,0,0,0,0,0,0,0,0
1626157,Karl-Anthony Towns,NYK,202605250CLE,"May 25, 2026",CLE,19,11,0,11,76.0,86.36,-10.36,8,10,3,9,0,0,0,0,0,0,0,0,0,0,0,0,0,0,0,0,0,0,0,0
1628384,OG Anunoby,NYK,202605250CLE,"May 25, 2026",CLE,17,13,4,15,48.57,57.59,-9.02,8,10,5,3,2,4,0,0,0,0,0,0,0,0,0,0,0,0,0,0,0,0,0,0
1628973,Jalen Brunson,NYK,202605250CLE,"May 25, 2026",CLE,15,14,2,15,42.86,50.4,-7.54,9,8,5,6,1,1,0,0,0,0,0,0,0,0,0,0,0,0,0,0,0,0,0,0
201935,James Harden,CLE,202605250CLE,"May 25, 2026",NYK,12,8,9,12,38.71,50.17,-11.46,2,4,6,0,3,5,1,3,0,0,0,0,0,0,0,0,0,0,0,0,0,0,0,0
1630241,Sam Merrill,CLE,202605250CLE,"May 25, 2026",NYK,5,4,0,4,50.0,62.5,-12.5,2,2,2,3,0,0,0,0,0,0,0,0,0,0,0,0,0,0,0,0,0,0,0,0
1629731,Dean Wade,CLE,202605250CLE,"May 25, 2026",NYK,0,1,0,1,0.0,0.0,0.0,0,0,1,0,0,0,0,0,0,0,0,0,0,0,0,0,0,0,0,0,0,0,0,0
1630540,Miles McBride,NYK,202605250CLE,"May 25, 2026",CLE,11,6,0,6,64.71,91.67,-26.96,1,2,5,9,0,0,0,0,0,0,0,0,0,0,0,0,0,0,0,0,0,0,0,0
1629011,Mitchell Robinson,NYK,202605250CLE,"May 25, 2026",CLE,8,6,2,7,57.14,58.14,-1.0,6,8,0,0,0,0,0,0,0,0,0,0,0,0,0,0,0,0,0,0,0,0,1,0
1642281,Jaylon Tyson,CLE,202605250CLE,"May 25, 2026",NYK,2,6,0,6,12.5,16.67,-4.17,2,2,4,0,0,0,0,0,0,0,0,0,0,0,0,0,0,0,0,0,0,0,0,0
1629013,Landry Shamet,NYK,202605250CLE,"May 25, 2026",CLE,16,6,2,7,88.89,116.28,-27.39,2,2,4,12,0,0,0,0,0,0,0,0,0,0,0,0,0,0,0,0,0,0,1,2
1630631,Jose Alvarado,NYK,202605250CLE,"May 25, 2026",CLE,4,3,0,3,57.14,66.67,-9.53,2,4,1,0,0,0,0,0,0,0,0,0,0,0,0,0,0,0,0,0,0,0,0,0
1631165,Keon Ellis,CLE,202605250CLE,"May 25, 2026",NYK,5,3,2,4,45.45,64.43,-18.98,0,0,3,3,0,0,0,0,0,0,0,0,0,0,0,0,0,0,0,0,0,0,1,2
203903,Jordan Clarkson,NYK,202605250CLE,"May 25, 2026",CLE,3,6,0,6,18.75,25.0,-6.25,2,0,4,3,0,0,0,0,0,0,0,0,0,0,0,0,0,0,0,0,0,0,0,0
1628418,Thomas Bryant,CLE,202605250CLE,"May 25, 2026",NYK,10,7,0,7,52.63,71.43,-18.8,2,4,5,6,0,0,0,0,0,0,0,0,0,0,0,0,0,0,0,0,0,0,0,0
1642878,Tyrese Proctor,CLE,202605250CLE,"May 25, 2026",NYK,0,2,0,2,0.0,0.0,0.0,0,0,2,0,0,0,0,0,0,0,0,0,0,0,0,0,0,0,0,0,0,0,0,0
1630574,Ariel Hukporti,NYK,202605250CLE,"May 25, 2026",CLE,2,1,0,1,100.0,100.0,0.0,1,2,0,0,0,0,0,0,0,0,0,0,0,0,0,0,0,0,0,0,0,0,0,0
1642278,Tyler Kolek,NYK,202605250CLE,"May 25, 2026",CLE,8,7,0,7,47.06,57.14,-10.08,4,2,3,6,0,0,0,0,0,0,0,0,0,0,0,0,0,0,0,0,0,0,0,0
1642359,Pacôme Dadiet,NYK,202605250CLE,"May 25, 2026",CLE,6,4,2,5,50.0,61.48,-11.48,2,2,2,3,1,1,0,0,0,0,0,0,0,0,0,0,0,0,0,0,0,0,0,0
1641772,Nae'Qwan Tomlin,CLE,202605250CLE,"May 25, 2026",NYK,2,2,0,2,50.0,50.0,0.0,2,2,0,0,0,0,0,0,0,0,0,0,0,0,0,0,0,0,0,0,0,0,0,0
1628368,De'Aaron Fox,SAS,202605260OKC,"May 26, 2026",OKC,9,15,2,16,25.0,28.34,-3.34,11,8,4,0,1,1,0,0,0,0,0,0,0,0,0,0,0,0,0,0,0,0,0,0
1631096,Chet Holmgren,OKC,202605260OKC,"May 26, 2026",SAS,16,9,4,11,69.57,74.35,-4.78,8,12,1,0,2,4,0,0,0,0,0,0,0,0,0,0,0,0,0,0,0,0,0,0
1642272,Jared McCain,OKC,202605260OKC,"May 26, 2026",SAS,20,19,5,21,38.46,47.17,-8.71,9,6,9,9,1,2,0,0,1,2,0,0,0,0,1,1,0,0,0,0,0,0,0,0
1630577,Julian Champagnie,SAS,202605260OKC,"May 26, 2026",OKC,22,15,3,16,53.66,67.4,-13.74,6,6,8,12,0,0,0,0,1,3,0,0,0,0,0,0,0,0,0,0,0,0,1,1
1642264,Stephon Castle,SAS,202605260OKC,"May 26, 2026",OKC,24,11,8,15,68.57,82.64,-14.07,6,8,5,9,3,5,0,0,0,0,0,0,0,0,0,0,0,0,0,0,0,0,1,2
1629652,Luguentz Dort,OKC,202605260OKC,"May 26, 2026",SAS,7,7,0,7,38.89,50.0,-11.11,3,4,4,3,0,0,0,0,0,0,0,0,0,0,0,0,0,0,0,0,0,0,0,0
1630170,Devin Vassell,SAS,202605260OKC,"May 26, 2026",OKC,6,11,1,11,18.75,26.22,-7.47,2,0,8,3,0,0,0,0,0,0,1,3,0,0,0,0,0,0,0,0,0,0,0,0
1628983,Shai Gilgeous-Alexander,OKC,202605260OKC,"May 26, 2026",SAS,32,19,17,28,55.17,60.42,-5.25,16,10,3,6,2,4,0,0,0,0,0,0,2,3,0,0,0,0,0,0,0,0,5,9
1641705,Victor Wembanyama,SAS,202605260OKC,"May 26, 2026",OKC,20,15,12,21,42.55,49.31,-6.76,9,6,5,0,3,6,0,0,1,3,0,0,0,0,0,0,0,0,0,0,0,0,3,5
1628392,Isaiah Hartenstein,OKC,202605260OKC,"May 26, 2026",SAS,12,8,0,8,75.0,75.0,0.0,8,12,0,0,0,0,0,0,0,0,0,0,0,0,0,0,0,0,0,0,0,0,0,0
1631119,Jaylin Williams,OKC,202605260OKC,"May 26, 2026",SAS,3,3,2,4,30.0,38.66,-8.66,1,0,2,3,0,0,0,0,0,0,0,0,0,0,0,0,0,0,0,0,0,0,1,0
1642844,Dylan Harper,SAS,202605260OKC,"May 26, 2026",OKC,5,5,2,6,33.33,42.52,-9.19,2,0,3,3,1,2,0,0,0,0,0,0,0,0,0,0,0,0,0,0,0,0,0,0
1629640,Keldon Johnson,SAS,202605260OKC,"May 26, 2026",OKC,15,13,0,13,50.0,57.69,-7.69,9,12,4,3,0,0,0,0,0,0,0,0,0,0,0,0,0,0,0,0,0,0,0,0
1627936,Alex Caruso,OKC,202605260OKC,"May 26, 2026",SAS,22,10,8,14,61.11,81.36,-20.25,2,2,8,12,3,6,0,0,0,0,0,0,0,0,0,0,0,0,0,0,0,0,1,2
1641717,Cason Wallace,OKC,202605260OKC,"May 26, 2026",SAS,7,5,2,6,46.67,59.52,-12.85,2,2,3,3,1,2,0,0,0,0,0,0,0,0,0,0,0,0,0,0,0,0,0,0
1642868,Carter Bryant,SAS,202605260OKC,"May 26, 2026",OKC,7,5,0,5,53.85,70.0,-16.15,2,4,3,3,0,0,0,0,0,0,0,0,0,0,0,0,0,0,0,0,0,0,0,0
1628436,Luke Kornet,SAS,202605260OKC,"May 26, 2026",OKC,0,1,0,1,0.0,0.0,0.0,1,0,0,0,0,0,0,0,0,0,0,0,0,0,0,0,0,0,0,0,0,0,0,0
1629026,Kenrich Williams,OKC,202605260OKC,"May 26, 2026",SAS,8,3,0,3,100.0,133.33,-33.33,1,2,2,6,0,0,0,0,0,0,0,0,0,0,0,0,0,0,0,0,0,0,0,0
1629162,Jordan McLaughlin,SAS,202605260OKC,"May 26, 2026",OKC,4,1,2,2,100.0,106.38,-6.38,1,2,0,0,1,2,0,0,0,0,0,0,0,0,0,0,0,0,0,0,0,0,0,0
203482,Kelly Olynyk,SAS,202605260OKC,"May 26, 2026",OKC,2,0,2,1,100.0,113.64,-13.64,0,0,0,0,1,2,0,0,0,0,0,0,0,0,0,0,0,0,0,0,0,0,0,0
1630577,Julian Champagnie,SAS,202605280SAS,"May 28, 2026",OKC,10,8,0,8,45.45,62.5,-17.05,2,4,6,6,0,0,0,0,0,0,0,0,0,0,0,0,0,0,0,0,0,0,0,0
1628392,Isaiah Hartenstein,OKC,202605280SAS,"May 28, 2026",SAS,10,10,0,10,50.0,50.0,0.0,10,10,0,0,0,0,0,0,0,0,0,0,0,0,0,0,0,0,0,0,0,0,0,0
1641705,Victor Wembanyama,SAS,202605280SAS,"May 28, 2026",OKC,28,21,4,23,50.91,61.51,-10.6,12,12,9,12,1,2,0,0,0,0,0,0,0,0,0,0,0,0,0,0,0,0,1,2
1642272,Jared McCain,OKC,202605280SAS,"May 28, 2026",SAS,13,11,3,12,46.43,52.76,-6.33,7,2,3,6,1,2,0,0,1,3,0,0,0,0,0,0,0,0,0,0,0,0,0,0
1631096,Chet Holmgren,OKC,202605280SAS,"May 28, 2026",SAS,10,8,2,9,52.63,56.31,-3.68,7,8,1,0,1,2,0,0,0,0,0,0,0,0,0,0,0,0,0,0,0,0,0,0
1629652,Luguentz Dort,OKC,202605280SAS,"May 28, 2026",SAS,5,11,0,11,16.13,22.73,-6.6,2,2,9,3,0,0,0,0,0,0,0,0,0,0,0,0,0,0,0,0,0,0,0,0
1642264,Stephon Castle,SAS,202605280SAS,"May 28, 2026",OKC,17,10,8,13,56.67,62.87,-6.2,6,6,2,0,3,5,0,0,2,6,0,0,0,0,0,0,0,0,0,0,0,0,0,0
1630170,Devin Vassell,SAS,202605280SAS,"May 28, 2026",OKC,12,7,0,7,57.14,85.71,-28.57,0,0,7,12,0,0,0,0,0,0,0,0,0,0,0,0,0,0,0,0,0,0,0,0
1628368,De'Aaron Fox,SAS,202605280SAS,"May 28, 2026",OKC,5,9,4,11,20.0,23.23,-3.23,6,2,3,0,0,0,0,0,0,0,0,0,0,0,0,0,0,0,0,0,0,0,2,3
1642844,Dylan Harper,SAS,202605280SAS,"May 28, 2026",OKC,18,9,4,11,72.0,83.64,-11.64,6,8,3,6,2,4,0,0,0,0,0,0,0,0,0,0,0,0,0,0,0,0,0,0
1631119,Jaylin Williams,OKC,202605280SAS,"May 28, 2026",SAS,4,6,0,6,25.0,33.33,-8.33,2,4,4,0,0,0,0,0,0,0,0,0,0,0,0,0,0,0,0,0,0,0,0,0
1629640,Keldon Johnson,SAS,202605280SAS,"May 28, 2026",OKC,9,7,0,7,52.94,64.29,-11.35,4,6,3,3,0,0,0,0,0,0,0,0,0,0,0,0,0,0,0,0,0,0,0,0
1628983,Shai Gilgeous-Alexander,OKC,202605280SAS,"May 28, 2026",SAS,15,18,3,19,34.09,38.82,-4.73,12,10,5,0,0,0,0,0,1,3,0,0,0,0,0,0,0,0,0,0,0,0,1,2
1627936,Alex Caruso,OKC,202605280SAS,"May 28, 2026",SAS,7,7,0,7,41.18,50.0,-8.82,4,4,3,3,0,0,0,0,0,0,0,0,0,0,0,0,0,0,0,0,0,0,0,0
1628436,Luke Kornet,SAS,202605280SAS,"May 28, 2026",OKC,3,2,2,3,50.0,52.08,-2.08,2,2,0,0,1,1,0,0,0,0,0,0,0,0,0,0,0,0,0,0,0,0,0,0
1641717,Cason Wallace,OKC,202605280SAS,"May 28, 2026",SAS,11,6,0,6,68.75,91.67,-22.92,2,2,4,9,0,0,0,0,0,0,0,0,0,0,0,0,0,0,0,0,0,0,0,0
1629026,Kenrich Williams,OKC,202605280SAS,"May 28, 2026",SAS,7,8,2,9,31.82,39.41,-7.59,4,2,4,3,1,2,0,0,0,0,0,0,0,0,0,0,0,0,0,0,0,0,0,0
203084,Harrison Barnes,SAS,202605280SAS,"May 28, 2026",OKC,6,4,0,4,50.0,75.0,-25.0,0,0,4,6,0,0,0,0,0,0,0,0,0,0,0,0,0,0,0,0,0,0,0,0
1642868,Carter Bryant,SAS,202605280SAS,"May 28, 2026",OKC,2,3,0,3,25.0,33.33,-8.33,1,2,2,0,0,0,0,0,0,0,0,0,0,0,0,0,0,0,0,0,0,0,0,0
1630198,Isaiah Joe,OKC,202605280SAS,"May 28, 2026",SAS,3,4,0,4,25.0,37.5,-12.5,0,0,4,3,0,0,0,0,0,0,0,0,0,0,0,0,0,0,0,0,0,0,0,0
1630598,Aaron Wiggins,OKC,202605280SAS,"May 28, 2026",SAS,5,3,0,3,71.43,83.33,-11.9,2,2,1,3,0,0,0,0,0,0,0,0,0,0,0,0,0,0,0,0,0,0,0,0
1629162,Jordan McLaughlin,SAS,202605280SAS,"May 28, 2026",OKC,0,2,0,2,0.0,0.0,0.0,1,0,1,0,0,0,0,0,0,0,0,0,0,0,0,0,0,0,0,0,0,0,0,0
1642260,Nikola Topić,OKC,202605280SAS,"May 28, 2026",SAS,0,1,0,1,0.0,0.0,0.0,0,0,1,0,0,0,0,0,0,0,0,0,0,0,0,0,0,0,0,0,0,0,0,0
1630322,Lindy Waters III,SAS,202605280SAS,"May 28, 2026",OKC,2,2,0,2,40.0,50.0,-10.0,1,2,1,0,0,0,0,0,0,0,0,0,0,0,0,0,0,0,0,0,0,0,0,0
202687,Bismack Biyombo,SAS,202605280SAS,"May 28, 2026",OKC,0,1,0,1,0.0,0.0,0.0,1,0,0,0,0,0,0,0,0,0,0,0,0,0,0,0,0,0,0,0,0,0,0,0
203482,Kelly Olynyk,SAS,202605280SAS,"May 28, 2026",OKC,6,3,3,4,66.67,69.44,-2.77,2,2,0,0,0,0,0,0,1,3,0,0,0,0,0,0,0,0,0,0,0,0,1,1
1641705,Victor Wembanyama,SAS,202605300OKC,"May 30, 2026",OKC,22,15,7,19,52.38,60.84,-8.46,10,8,5,9,2,3,0,0,0,0,0,0,1,1,0,0,0,0,0,0,0,0,1,1
1631096,Chet Holmgren,OKC,202605300OKC,"May 30, 2026",SAS,4,2,4,4,50.0,53.19,-3.19,2,2,0,0,1,0,0,0,0,0,0,0,0,0,0,0,0,0,0,0,0,0,1,2
1629652,Luguentz Dort,SAS,202605300OKC,"May 30, 2026",OKC,3,4,0,4,27.27,37.5,-10.23,1,0,3,3,0,0,0,0,0,0,0,0,0,0,0,0,0,0,0,0,0,0,0,0
1630170,Devin Vassell,SAS,202605300OKC,"May 30, 2026",OKC,11,14,2,15,30.56,36.96,-6.4,8,6,6,3,1,2,0,0,0,0,0,0,0,0,0,0,0,0,0,0,0,0,0,0
1642264,Stephon Castle,SAS,202605300OKC,"May 30, 2026",OKC,16,15,3,16,44.44,49.02,-4.58,11,12,3,0,1,1,0,0,1,3,0,0,0,0,0,0,0,0,0,0,0,0,0,0
1628983,Shai Gilgeous-Alexander,OKC,202605300OKC,"May 30, 2026",SAS,35,21,11,26,60.34,67.72,-7.38,16,20,5,6,4,6,1,3,0,0,0,0,0,0,0,0,0,0,0,0,0,0,0,0
1641717,Cason Wallace,OKC,202605300OKC,"May 30, 2026",SAS,17,10,0,10,58.62,85.0,-26.38,1,2,9,15,0,0,0,0,0,0,0,0,0,0,0,0,0,0,0,0,0,0,0,0
1628392,Isaiah Hartenstein,OKC,202605300OKC,"May 30, 2026",SAS,7,7,1,7,46.67,47.04,-0.37,6,4,0,0,0,0,0,0,1,3,0,0,0,0,0,0,0,0,0,0,0,0,0,0
1627936,Alex Caruso,OKC,202605300OKC,"May 30, 2026",SAS,12,14,6,17,30.0,36.06,-6.06,8,4,6,3,2,3,0,0,0,0,0,0,0,0,0,0,0,0,0,0,0,0,1,2
1628368,De'Aaron Fox,SAS,202605300OKC,"May 30, 2026",OKC,15,12,0,12,48.39,62.5,-14.11,5,6,7,9,0,0,0,0,0,0,0,0,0,0,0,0,0,0,0,0,0,0,0,0
1630577,Julian Champagnie,SAS,202605300OKC,"May 30, 2026",OKC,20,11,3,12,57.14,81.17,-24.03,1,0,10,18,0,0,1,2,0,0,0,0,0,0,0,0,0,0,0,0,0,0,0,0
1642844,Dylan Harper,SAS,202605300OKC,"May 30, 2026",OKC,12,8,0,8,63.16,75.0,-11.84,5,6,3,6,0,0,0,0,0,0,0,0,0,0,0,0,0,0,0,0,0,0,0,0
1628436,Luke Kornet,SAS,202605300OKC,"May 30, 2026",OKC,2,3,2,4,25.0,25.77,-0.77,3,0,0,0,1,2,0,0,0,0,0,0,0,0,0,0,0,0,0,0,0,0,0,0
1642272,Jared McCain,OKC,202605300OKC,"May 30, 2026",SAS,12,12,0,12,38.71,50.0,-11.29,5,6,7,6,0,0,0,0,0,0,0,0,0,0,0,0,0,0,0,0,0,0,0,0
1629640,Keldon Johnson,SAS,202605300OKC,"May 30, 2026",OKC,11,8,2,9,47.83,61.94,-14.11,3,4,5,6,1,1,0,0,0,0,0,0,0,0,0,0,0,0,0,0,0,0,0,0
1631119,Jaylin Williams,OKC,202605300OKC,"May 30, 2026",SAS,11,9,0,9,52.38,61.11,-8.73,6,8,3,3,0,0,0,0,0,0,0,0,0,0,0,0,0,0,0,0,0,0,0,0
1629026,Kenrich Williams,OKC,202605300OKC,"May 30, 2026",SAS,2,4,0,4,20.0,25.0,-5.0,2,2,2,0,0,0,0,0,0,0,0,0,0,0,0,0,0,0,0,0,0,0,0,0
203084,Harrison Barnes,SAS,202605300OKC,"May 30, 2026",OKC,0,1,0,1,0.0,0.0,0.0,0,0,1,0,0,0,0,0,0,0,0,0,0,0,0,0,0,0,0,0,0,0,0,0
1642868,Carter Bryant,SAS,202605300OKC,"May 30, 2026",OKC,2,1,0,1,100.0,100.0,0.0,1,2,0,0,0,0,0,0,0,0,0,0,0,0,0,0,0,0,0,0,0,0,0,0
1628973,Jalen Brunson,NYK,202606030SAS,"Jun 3, 2026",SAS,30,31,4,33,40.0,45.79,-5.79,22,20,9,6,2,4,0,0,0,0,0,0,0,0,0,0,0,0,0,0,0,0,0,0
1641705,Victor Wembanyama,SAS,202606030SAS,"Jun 3, 2026",NYK,26,21,13,27,40.62,48.65,-8.03,11,6,9,6,5,9,0,0,1,3,0,0,0,0,0,0,0,0,0,0,0,0,1,2
1628404,Josh Hart,NYK,202606030SAS,"Jun 3, 2026",SAS,3,5,1,6,21.43,27.57,-6.14,2,2,3,0,0,0,0,0,0,0,0,0,0,0,0,0,0,0,0,0,0,0,1,1
1628384,OG Anunoby,NYK,202606030SAS,"Jun 3, 2026",SAS,17,12,4,14,50.0,61.77,-11.77,6,4,6,9,0,0,0,0,0,0,0,0,0,0,0,0,0,0,0,0,0,0,2,4
1630577,Julian Champagnie,SAS,202606030SAS,"Jun 3, 2026",NYK,16,11,2,12,47.06,67.34,-20.28,1,0,10,15,1,1,0,0,0,0,0,0,0,0,0,0,0,0,0,0,0,0,0,0
1630170,Devin Vassell,SAS,202606030SAS,"Jun 3, 2026",NYK,9,11,0,11,32.14,40.91,-8.77,5,6,6,3,0,0,0,0,0,0,0,0,0,0,0,0,0,0,0,0,0,0,0,0
1642264,Stephon Castle,SAS,202606030SAS,"Jun 3, 2026",NYK,17,16,2,17,43.59,50.36,-6.77,11,12,5,3,1,2,0,0,0,0,0,0,0,0,0,0,0,0,0,0,0,0,0,0
1626157,Karl-Anthony Towns,NYK,202606030SAS,"Jun 3, 2026",SAS,18,15,4,16,50.0,53.7,-3.7,11,10,2,0,0,0,0,0,2,6,0,0,0,0,0,0,0,0,0,0,0,0,1,2
1628969,Mikal Bridges,NYK,202606030SAS,"Jun 3, 2026",SAS,9,6,4,8,56.25,57.99,-1.74,6,6,0,0,2,3,0,0,0,0,0,0,0,0,0,0,0,0,0,0,0,0,0,0
1628368,De'Aaron Fox,SAS,202606030SAS,"Jun 3, 2026",NYK,7,13,2,14,21.88,25.22,-3.34,9,6,4,0,1,1,0,0,0,0,0,0,0,0,0,0,0,0,0,0,0,0,0,0
1642844,Dylan Harper,SAS,202606030SAS,"Jun 3, 2026",NYK,16,10,3,11,59.26,70.67,-11.41,5,8,4,3,1,2,0,0,1,3,0,0,0,0,0,0,0,0,0,0,0,0,0,0
1629640,Keldon Johnson,SAS,202606030SAS,"Jun 3, 2026",NYK,3,4,0,4,30.0,37.5,-7.5,2,0,2,3,0,0,0,0,0,0,0,0,0,0,0,0,0,0,0,0,0,0,0,0
1629013,Landry Shamet,NYK,202606030SAS,"Jun 3, 2026",SAS,13,9,0,9,54.17,72.22,-18.05,3,4,6,9,0,0,0,0,0,0,0,0,0,0,0,0,0,0,0,0,0,0,0,0
1630540,Miles McBride,NYK,202606030SAS,"Jun 3, 2026",SAS,6,7,0,7,30.0,42.86,-12.86,1,0,6,6,0,0,0,0,0,0,0,0,0,0,0,0,0,0,0,0,0,0,0,0
1629011,Mitchell Robinson,NYK,202606030SAS,"Jun 3, 2026",SAS,2,2,1,2,40.0,40.98,-0.98,1,0,0,0,0,0,0,0,1,2,0,0,0,0,0,0,0,0,0,0,0,0,0,0
203084,Harrison Barnes,SAS,202606030SAS,"Jun 3, 2026",NYK,0,2,1,3,0.0,0.0,0.0,0,0,2,0,0,0,0,0,0,0,0,0,0,0,0,0,0,0,0,0,0,0,1,0
1630631,Jose Alvarado,NYK,202606030SAS,"Jun 3, 2026",SAS,7,6,0,6,46.67,58.33,-11.66,3,4,3,3,0,0,0,0,0,0,0,0,0,0,0,0,0,0,0,0,0,0,0,0
203903,Jordan Clarkson,NYK,202606030SAS,"Jun 3, 2026",SAS,0,1,0,1,0.0,0.0,0.0,0,0,1,0,0,0,0,0,0,0,0,0,0,0,0,0,0,0,0,0,0,0,0,0
1642868,Carter Bryant,SAS,202606030SAS,"Jun 3, 2026",NYK,1,1,2,2,20.0,26.6,-6.6,0,0,1,0,0,0,0,0,0,0,0,0,0,0,0,0,0,0,0,0,0,0,1,1
1630170,Devin Vassell,SAS,202606050SAS,"Jun 5, 2026",NYK,14,9,3,10,50.0,67.83,-17.83,2,2,6,6,0,0,0,0,0,0,1,4,0,0,1,2,0,0,0,0,0,0,0,0
1628973,Jalen Brunson,NYK,202606050SAS,"Jun 5, 2026",SAS,20,25,5,27,31.75,36.76,-5.01,17,10,8,6,0,0,1,3,0,0,0,0,0,0,0,0,0,0,0,0,0,0,1,1
1628970,Miles Bridges,SAS,202606050SAS,"Jun 5, 2026",NYK,20,13,0,13,62.5,76.92,-14.42,7,8,6,12,0,0,0,0,0,0,0,0,0,0,0,0,0,0,0,0,0,0,0,0
1630577,Julian Champagnie,SAS,202606050SAS,"Jun 5, 2026",NYK,8,6,2,7,42.11,58.14,-16.03,1,0,5,6,1,2,0,0,0,0,0,0,0,0,0,0,0,0,0,0,0,0,0,0
1641705,Victor Wembanyama,SAS,202606050SAS,"Jun 5, 2026",NYK,29,21,8,25,51.79,59.14,-7.35,14,16,6,6,3,3,0,0,1,3,0,0,1,1,0,0,0,0,0,0,0,0,0,0
1628368,De'Aaron Fox,SAS,202606050SAS,"Jun 5, 2026",NYK,20,12,2,12,71.43,77.64,-6.21,8,8,2,6,0,0,0,0,2,6,0,0,0,0,0,0,0,0,0,0,0,0,0,0
1626157,Karl-Anthony Towns,NYK,202606050SAS,"Jun 5, 2026",SAS,21,12,2,13,67.74,81.52,-13.78,7,10,5,9,1,2,0,0,0,0,0,0,0,0,0,0,0,0,0,0,0,0,0,0
1642264,Stephon Castle,NYK,202606050SAS,"Jun 5, 2026",SAS,14,14,4,16,38.89,44.42,-5.53,10,6,4,6,2,2,0,0,0,0,0,0,0,0,0,0,0,0,0,0,0,0,0,0
1628404,Josh Hart,SAS,202606050SAS,"Jun 5, 2026",NYK,0,4,0,4,0.0,0.0,0.0,2,0,2,0,0,0,0,0,0,0,0,0,0,0,0,0,0,0,0,0,0,0,0,0
1628384,OG Anunoby,NYK,202606050SAS,"Jun 5, 2026",SAS,17,10,5,12,56.67,69.67,-13.0,5,6,5,6,1,2,1,3,0,0,0,0,0,0,0,0,0,0,0,0,0,0,0,0
1642844,Dylan Harper,SAS,202606050SAS,"Jun 5, 2026",NYK,15,12,4,14,48.39,54.51,-6.12,9,12,3,0,2,3,0,0,0,0,0,0,0,0,0,0,0,0,0,0,0,0,0,0
1629640,Keldon Johnson,SAS,202606050SAS,"Jun 5, 2026",NYK,3,4,2,5,25.0,30.74,-5.74,2,2,2,0,1,1,0,0,0,0,0,0,0,0,0,0,0,0,0,0,0,0,0,0
1630540,Miles McBride,NYK,202606050SAS,"Jun 5, 2026",SAS,5,7,0,7,29.41,35.71,-6.3,4,2,3,3,0,0,0,0,0,0,0,0,0,0,0,0,0,0,0,0,0,0,0,0
1629013,Landry Shamet,NYK,202606050SAS,"Jun 5, 2026",SAS,13,12,0,12,41.94,54.17,-12.23,5,4,7,9,0,0,0,0,0,0,0,0,0,0,0,0,0,0,0,0,0,0,0,0
1628436,Luke Kornet,SAS,202606050SAS,"Jun 5, 2026",NYK,1,0,2,1,50.0,56.82,-6.82,0,0,0,0,0,0,0,0,0,0,0,0,0,0,0,0,0,0,0,0,0,0,1,1
1629011,Mitchell Robinson,NYK,202606050SAS,"Jun 5, 2026",SAS,7,2,6,5,70.0,75.43,-5.43,2,4,0,0,0,0,0,0,0,0,0,0,0,0,0,0,0,0,0,0,0,0,3,3
1630631,Jose Alvarado,NYK,202606050SAS,"Jun 5, 2026",SAS,2,4,3,5,15.38,18.8,-3.42,2,0,2,0,0,0,1,2,0,0,0,0,0,0,0,0,0,0,0,0,0,0,0,0
1628368,De'Aaron Fox,SAS,202606080NYK,"Jun 8, 2026",NYK,12,14,4,16,32.43,38.07,-5.64,9,8,5,0,2,4,0,0,0,0,0,0,0,0,0,0,0,0,0,0,0,0,0,0
1628404,Josh Hart,NYK,202606080NYK,"Jun 8, 2026",SAS,16,10,0,10,59.26,80.0,-20.74,3,4,7,12,0,0,0,0,0,0,0,0,0,0,0,0,0,0,0,0,0,0,0,0
1628973,Jalen Brunson,NYK,202606080NYK,"Jun 8, 2026",SAS,32,25,8,28,50.79,56.1,-5.31,18,12,5,9,2,3,0,0,2,6,0,0,0,0,0,0,0,0,0,0,0,0,1,2
1641705,Victor Wembanyama,SAS,202606080NYK,"Jun 8, 2026",NYK,32,18,9,22,65.31,72.86,-7.55,13,16,4,6,2,3,0,0,1,3,0,0,0,0,0,0,0,0,0,0,0,0,2,4
1626157,Karl-Anthony Towns,NYK,202606080NYK,"Jun 8, 2026",SAS,11,10,3,12,44.0,48.59,-4.59,8,8,2,0,1,2,0,0,0,0,0,0,0,0,0,0,0,0,0,0,0,0,1,1
1628969,Mikal Bridges,NYK,202606080NYK,"Jun 8, 2026",SAS,2,5,0,5,15.38,20.0,-4.62,2,2,3,0,0,0,0,0,0,0,0,0,0,0,0,0,0,0,0,0,0,0,0,0
1642264,Stephon Castle,SAS,202606080NYK,"Jun 8, 2026",NYK,23,14,6,16,58.97,69.11,-10.14,7,8,5,6,1,2,0,0,2,5,0,0,0,0,0,0,0,0,0,0,0,0,1,2
1630170,Devin Vassell,SAS,202606080NYK,"Jun 8, 2026",NYK,11,4,3,6,73.33,103.38,-30.05,0,0,4,9,1,2,0,0,0,0,0,0,1,0,0,0,0,0,0,0,0,0,0,0
1629013,Landry Shamet,NYK,202606080NYK,"Jun 8, 2026",SAS,3,8,0,8,13.04,18.75,-5.71,1,0,7,3,0,0,0,0,0,0,0,0,0,0,0,0,0,0,0,0,0,0,0,0
1630577,Julian Champagnie,NYK,202606080NYK,"Jun 8, 2026",SAS,12,9,2,10,44.44,60.73,-16.29,2,2,7,9,0,0,0,0,0,0,0,0,0,0,1,1,0,0,0,0,0,0,0,0
1642844,Dylan Harper,SAS,202606080NYK,"Jun 8, 2026",NYK,13,18,2,19,28.26,34.43,-6.17,10,8,8,3,0,0,0,0,0,0,0,0,0,0,0,0,0,0,0,0,0,0,1,2
1629640,Keldon Johnson,SAS,202606080NYK,"Jun 8, 2026",NYK,7,5,4,7,50.0,51.78,-1.78,5,6,0,0,1,0,0,0,0,0,0,0,0,0,0,0,0,0,0,0,0,0,1,1
1628384,OG Anunoby,SAS,202606080NYK,"Jun 8, 2026",NYK,28,13,9,17,66.67,82.55,-15.88,6,12,7,9,2,3,1,3,0,0,0,0,0,0,0,0,0,0,0,0,0,0,1,1
1628436,Luke Kornet,SAS,202606080NYK,"Jun 8, 2026",NYK,2,1,2,2,50.0,53.19,-3.19,1,0,0,0,0,0,0,0,0,0,0,0,0,0,0,0,0,0,0,0,0,0,1,2
1630540,Miles McBride,NYK,202606080NYK,"Jun 8, 2026",SAS,0,2,0,2,0.0,0.0,0.0,0,0,2,0,0,0,0,0,0,0,0,0,0,0,0,0,0,0,0,0,0,0,0,0
1629011,Mitchell Robinson,NYK,202606080NYK,"Jun 8, 2026",SAS,5,3,2,4,62.5,64.43,-1.93,3,4,0,0,1,1,0,0,0,0,0,0,0,0,0,0,0,0,0,0,0,0,0,0
1630631,Jose Alvarado,NYK,202606080NYK,"Jun 8, 2026",SAS,4,5,0,5,33.33,40.0,-6.67,3,4,2,0,0,0,0,0,0,0,0,0,0,0,0,0,0,0,0,0,0,0,0,0
1642868,Carter Bryant,SAS,202606080NYK,"Jun 8, 2026",NYK,3,1,0,1,100.0,150.0,-50.0,0,0,1,3,0,0,0,0,0,0,0,0,0,0,0,0,0,0,0,0,0,0,0,0
203903,Jordan Clarkson,NYK,202606080NYK,"Jun 8, 2026",SAS,10,7,0,7,62.5,71.43,-8.93,5,4,2,6,0,0,0,0,0,0,0,0,0,0,0,0,0,0,0,0,0,0,0,0
1626157,Karl-Anthony Towns,SAS,202606100NYK,"Jun 10, 2026",NYK,13,5,4,7,86.67,96.15,-9.48,3,4,1,3,0,0,0,0,1,3,0,0,1,1,1,2,0,0,0,0,0,0,0,0
1628368,De'Aaron Fox,SAS,202606100NYK,"Jun 10, 2026",NYK,18,16,2,17,41.86,53.32,-11.46,7,4,9,12,1,2,0,0,0,0,0,0,0,0,0,0,0,0,0,0,0,0,0,0
1630170,Devin Vassell,SAS,202606100NYK,"Jun 10, 2026",NYK,18,9,1,10,66.67,95.34,-28.67,1,2,8,15,0,0,0,0,0,0,0,0,1,1,0,0,0,0,0,0,0,0,0,0
1629011,Mitchell Robinson,NYK,202606100NYK,"Jun 10, 2026",SAS,2,5,4,7,14.29,14.79,-0.5,5,2,0,0,1,0,0,0,0,0,0,0,0,0,0,0,0,0,0,0,0,0,1,0
1641705,Victor Wembanyama,SAS,202606100NYK,"Jun 10, 2026",NYK,24,25,7,29,36.92,42.74,-5.82,17,14,8,6,2,1,0,0,0,0,0,0,0,0,1,2,0,0,0,0,0,0,1,1
1642264,Stephon Castle,SAS,202606100NYK,"Jun 10, 2026",NYK,13,7,8,11,52.0,61.79,-9.79,4,2,3,3,3,6,0,0,0,0,0,0,0,0,0,0,0,0,0,0,0,0,1,2
1628404,Josh Hart,NYK,202606100NYK,"Jun 10, 2026",SAS,6,4,3,5,46.15,56.39,-10.24,1,0,2,3,0,0,0,0,1,3,0,0,0,0,0,0,0,0,0,0,0,0,1,0
1628384,OG Anunoby,NYK,202606100NYK,"Jun 10, 2026",SAS,33,15,6,18,73.33,93.54,-20.21,6,6,9,21,3,6,0,0,0,0,0,0,0,0,0,0,0,0,0,0,0,0,0,0
1628973,Jalen Brunson,NYK,202606100NYK,"Jun 10, 2026",SAS,36,25,11,30,52.94,60.32,-7.38,17,16,7,9,3,5,0,0,1,3,0,0,0,0,0,0,0,0,0,0,0,0,2,3
1630577,Julian Champagnie,SAS,202606100NYK,"Jun 10, 2026",NYK,5,9,0,9,20.0,27.78,-7.78,2,2,7,3,0,0,0,0,0,0,0,0,0,0,0,0,0,0,0,0,0,0,0,0
1642844,Dylan Harper,SAS,202606100NYK,"Jun 10, 2026",NYK,21,12,2,13,65.62,81.52,-15.9,6,10,6,9,1,2,0,0,0,0,0,0,0,0,0,0,0,0,0,0,0,0,0,0
1628969,Mikal Bridges,NYK,202606100NYK,"Jun 10, 2026",SAS,7,9,0,9,33.33,38.89,-5.56,6,4,3,3,0,0,0,0,0,0,0,0,0,0,0,0,0,0,0,0,0,0,0,0
1629640,Keldon Johnson,SAS,202606100NYK,"Jun 10, 2026",NYK,2,5,0,5,18.18,20.0,-1.82,4,2,1,0,0,0,0,0,0,0,0,0,0,0,0,0,0,0,0,0,0,0,0,0
1629013,Landry Shamet,NYK,202606100NYK,"Jun 10, 2026",SAS,0,3,0,3,0.0,0.0,0.0,1,0,2,0,0,0,0,0,0,0,0,0,0,0,0,0,0,0,0,0,0,0,0,0
1630631,Jose Alvarado,NYK,202606100NYK,"Jun 10, 2026",SAS,8,4,0,4,72.73,100.0,-27.27,1,2,3,6,0,0,0,0,0,0,0,0,0,0,0,0,0,0,0,0,0,0,0,0
1630540,Miles McBride,NYK,202606100NYK,"Jun 10, 2026",SAS,0,4,0,4,0.0,0.0,0.0,0,0,4,0,0,0,0,0,0,0,0,0,0,0,0,0,0,0,0,0,0,0,0,0
1631110,Jeremy Sochan,NYK,202606100NYK,"Jun 10, 2026",SAS,0,1,0,1,0.0,0.0,0.0,1,0,0,0,0,0,0,0,0,0,0,0,0,0,0,0,0,0,0,0,0,0,0,0
1642868,Carter Bryant,NYK,202606100NYK,"Jun 10, 2026",SAS,5,3,0,3,71.43,83.33,-11.9,2,2,1,3,0,0,0,0,0,0,0,0,0,0,0,0,0,0,0,0,0,0,0,0
203903,Jordan Clarkson,NYK,202606100NYK,"Jun 10, 2026",SAS,2,3,0,3,28.57,33.33,-4.76,2,2,1,0,0,0,0,0,0,0,0,0,0,0,0,0,0,0,0,0,0,0,0,0
1628973,Jalen Brunson,NYK,202606130SAS,"Jun 13, 2026",SAS,45,27,15,33,59.21,66.96,-7.75,20,20,7,12,2,3,3,8,0,0,0,0,0,0,0,0,0,0,0,0,0,0,1,2
1630577,Julian Champagnie,SAS,202606130SAS,"Jun 13, 2026",NYK,14,9,0,9,53.85,77.78,-23.93,1,2,8,12,0,0,0,0,0,0,0,0,0,0,0,0,0,0,0,0,0,0,0,0
1642264,Stephon Castle,SAS,202606130SAS,"Jun 13, 2026",NYK,6,10,6,13,20.69,23.73,-3.04,7,2,3,0,3,4,0,0,0,0,0,0,0,0,0,0,0,0,0,0,0,0,0,0
1628384,OG Anunoby,NYK,202606130SAS,"Jun 13, 2026",SAS,11,11,6,14,33.33,40.32,-6.99,6,4,5,3,1,2,0,0,0,0,0,0,0,0,0,0,0,0,0,0,0,0,2,2
1628404,Josh Hart,NYK,202606130SAS,"Jun 13, 2026",SAS,13,11,3,12,41.94,52.76,-10.82,4,0,6,9,0,0,0,0,1,3,0,0,0,0,0,0,0,0,0,0,0,0,1,1
1641705,Victor Wembanyama,SAS,202606130SAS,"Jun 13, 2026",NYK,19,19,5,21,38.78,44.81,-6.03,12,10,6,3,2,3,0,0,1,3,0,0,0,0,0,0,0,0,0,0,0,0,0,0
1628969,Mikal Bridges,NYK,202606130SAS,"Jun 13, 2026",SAS,14,10,2,11,48.28,64.34,-16.06,3,4,7,9,0,0,0,0,0,0,0,0,0,0,0,0,0,0,0,0,0,0,1,1
1626157,Karl-Anthony Towns,NYK,202606130SAS,"Jun 13, 2026",SAS,2,7,0,7,12.5,14.29,-1.79,5,2,2,0,0,0,0,0,0,0,0,0,0,0,0,0,0,0,0,0,0,0,0,0
1628368,De'Aaron Fox,SAS,202606130SAS,"Jun 13, 2026",NYK,7,15,0,15,18.42,23.33,-4.91,7,4,8,3,0,0,0,0,0,0,0,0,0,0,0,0,0,0,0,0,0,0,0,0
1630170,Devin Vassell,SAS,202606130SAS,"Jun 13, 2026",NYK,12,8,0,8,57.14,75.0,-17.86,3,6,5,6,0,0,0,0,0,0,0,0,0,0,0,0,0,0,0,0,0,0,0,0
1642844,Dylan Harper,SAS,202606130SAS,"Jun 13, 2026",NYK,25,19,6,22,52.08,57.76,-5.68,15,16,4,6,2,3,0,0,0,0,0,0,0,0,0,0,0,0,0,0,0,0,1,0
1629640,Keldon Johnson,SAS,202606130SAS,"Jun 13, 2026",NYK,7,5,2,6,46.67,59.52,-12.85,2,0,3,6,0,0,0,0,0,0,0,0,0,0,0,0,0,0,0,0,0,0,1,1
1629013,Landry Shamet,NYK,202606130SAS,"Jun 13, 2026",SAS,5,7,0,7,27.78,35.71,-7.93,3,2,4,3,0,0,0,0,0,0,0,0,0,0,0,0,0,0,0,0,0,0,0,0
1628436,Luke Kornet,SAS,202606130SAS,"Jun 13, 2026",NYK,0,1,0,1,0.0,0.0,0.0,1,0,0,0,0,0,0,0,0,0,0,0,0,0,0,0,0,0,0,0,0,0,0,0
1630631,Jose Alvarado,NYK,202606130SAS,"Jun 13, 2026",SAS,0,5,0,5,0.0,0.0,0.0,3,0,2,0,0,0,0,0,0,0,0,0,0,0,0,0,0,0,0,0,0,0,0,0
1629011,Mitchell Robinson,NYK,202606130SAS,"Jun 13, 2026",SAS,2,2,2,3,33.33,34.72,-1.39,2,2,0,0,1,0,0,0,0,0,0,0,0,0,0,0,0,0,0,0,0,0,0,0
1630540,Miles McBride,NYK,202606130SAS,"Jun 13, 2026",SAS,0,2,0,2,0.0,0.0,0.0,0,0,2,0,0,0,0,0,0,0,0,0,0,0,0,0,0,0,0,0,0,0,0,0
203903,Jordan Clarkson,NYK,202606130SAS,"Jun 13, 2026",SAS,2,5,0,5,16.67,20.0,-3.33,3,2,2,0,0,0,0,0,0,0,0,0,0,0,0,0,0,0,0,0,0,0,0,0
