player_id,player_name,team_abbr,game_id,game_date,opponent,pts,fga,fta,scoring_poss,pure_ts_pct,standard_ts_pct,delta_pp,C1a_events,C1a_pts,C1b_events,C1b_pts,C2_events,C2_pts,C3_events,C3_pts,C4_events,C4_pts,C5_events,C5_pts,C6a_events,C6a_pts,C6b_events,C6b_pts,C6c_events,C6c_pts,C6d_events,C6d_pts,C6e_events,C6e_pts,C6f_events,C6f_pts
1626167,Myles Turner,IND,202504190IND,"Apr 19, 2025",MIL,19,12,2,13,59.38,73.76,-14.38,6,6,6,12,1,1,0,0,0,0,0,0,0,0,0,0,0,0,0,0,0,0,0,0
1631157,Ryan Rollins,MIL,202504190IND,"Apr 19, 2025",IND,5,8,0,8,25.0,31.25,-6.25,4,2,4,3,0,0,0,0,0,0,0,0,0,0,0,0,0,0,0,0,0,0,0,0
1630174,Aaron Nesmith,IND,202504190IND,"Apr 19, 2025",MIL,7,7,0,7,41.18,50.0,-8.82,4,4,3,3,0,0,0,0,0,0,0,0,0,0,0,0,0,0,0,0,0,0,0,0
1629614,Andrew Nembhard,MIL,202504190IND,"Apr 19, 2025",IND,17,13,0,13,58.62,65.38,-6.76,10,14,3,3,0,0,0,0,0,0,0,0,0,0,0,0,0,0,0,0,0,0,0,0
203507,Giannis Antetokounmpo,MIL,202504190IND,"Apr 19, 2025",IND,36,23,15,30,57.14,60.81,-3.67,20,26,2,0,7,7,0,0,1,3,0,0,0,0,0,0,0,0,0,0,0,0,0,0
1627752,Taurean Prince,MIL,202504190IND,"Apr 19, 2025",IND,0,1,0,1,0.0,0.0,0.0,0,0,1,0,0,0,0,0,0,0,0,0,0,0,0,0,0,0,0,0,0,0,0,0
201572,Brook Lopez,MIL,202504190IND,"Apr 19, 2025",IND,9,6,3,7,52.94,61.48,-8.54,3,4,2,0,1,2,0,0,1,3,0,0,0,0,0,0,0,0,0,0,0,0,0,0
1627783,Pascal Siakam,IND,202504190IND,"Apr 19, 2025",MIL,25,15,2,16,67.57,78.72,-11.15,10,14,5,9,0,0,0,0,0,0,0,0,0,0,1,2,0,0,0,0,0,0,0,0
1630167,Obi Toppin,IND,202504190IND,"Apr 19, 2025",MIL,6,3,2,4,66.67,77.32,-10.65,2,2,1,3,1,1,0,0,0,0,0,0,0,0,0,0,0,0,0,0,0,0,0,0
1630169,Tyrese Haliburton,IND,202504190IND,"Apr 19, 2025",MIL,10,13,6,16,25.64,31.97,-6.33,6,6,7,0,2,2,0,0,0,0,0,0,1,2,0,0,0,0,0,0,0,0,0,0
1628398,Kyle Kuzma,MIL,202504190IND,"Apr 19, 2025",IND,0,5,2,6,0.0,0.0,0.0,3,0,2,0,1,0,0,0,0,0,0,0,0,0,0,0,0,0,0,0,0,0,0,0
1629645,Kevin Porter Jr.,MIL,202504190IND,"Apr 19, 2025",IND,12,7,8,11,50.0,57.03,-7.03,5,4,2,0,3,6,0,0,0,0,0,0,0,0,0,0,0,0,0,0,0,0,1,2
1626171,Bobby Portis,MIL,202504190IND,"Apr 19, 2025",IND,4,8,0,8,20.0,25.0,-5.0,4,4,4,0,0,0,0,0,0,0,0,0,0,0,0,0,0,0,0,0,0,0,0,0
1631097,Bennedict Mathurin,IND,202504190IND,"Apr 19, 2025",MIL,13,7,8,11,46.43,61.79,-15.36,1,2,6,3,3,6,0,0,0,0,0,0,0,0,0,0,0,0,0,0,0,0,1,2
204456,T.J. McConnell,IND,202504190IND,"Apr 19, 2025",MIL,11,7,2,8,68.75,69.8,-1.05,7,10,0,0,0,0,0,0,0,0,0,0,0,0,0,0,0,0,0,0,0,0,1,1
1631260,AJ Green,MIL,202504190IND,"Apr 19, 2025",IND,15,13,0,13,40.54,57.69,-17.15,2,0,11,15,0,0,0,0,0,0,0,0,0,0,0,0,0,0,0,0,0,0,0,0
1629018,Gary Trent Jr.,MIL,202504190IND,"Apr 19, 2025",IND,14,11,0,11,48.28,63.64,-15.36,4,8,7,6,0,0,0,0,0,0,0,0,0,0,0,0,0,0,0,0,0,0,0,0
1641716,Jarace Walker,IND,202504190IND,"Apr 19, 2025",MIL,3,2,0,2,60.0,75.0,-15.0,1,0,1,3,0,0,0,0,0,0,0,0,0,0,0,0,0,0,0,0,0,0,0,0
1628418,Thomas Bryant,IND,202504190IND,"Apr 19, 2025",MIL,6,2,4,4,60.0,79.79,-19.79,0,0,2,3,1,2,0,0,0,0,0,0,0,0,0,0,0,0,0,0,0,0,1,1
1626192,Pat Connaughton,MIL,202504190IND,"Apr 19, 2025",IND,3,1,0,1,100.0,150.0,-50.0,0,0,1,3,0,0,0,0,0,0,0,0,0,0,0,0,0,0,0,0,0,0,0,0
1641748,Andre Jackson Jr.,MIL,202504190IND,"Apr 19, 2025",IND,0,1,0,1,0.0,0.0,0.0,0,0,1,0,0,0,0,0,0,0,0,0,0,0,0,0,0,0,0,0,0,0,0,0
1627826,Ivica Zubac,LAC,202504190DEN,"Apr 19, 2025",DEN,21,15,4,17,61.76,62.65,-0.89,15,20,0,0,2,1,0,0,0,0,0,0,0,0,0,0,0,0,0,0,0,0,0,0
1629008,Michael Porter Jr.,DEN,202504190DEN,"Apr 19, 2025",LAC,3,4,0,4,30.0,37.5,-7.5,2,0,2,3,0,0,0,0,0,0,0,0,0,0,0,0,0,0,0,0,0,0,0,0
203999,Nikola Jokić,DEN,202504190DEN,"Apr 19, 2025",LAC,29,24,6,27,50.0,54.43,-4.43,20,22,4,3,0,0,0,0,0,0,0,0,0,0,0,0,0,0,0,0,0,0,3,4
1627750,Jamal Murray,DEN,202504190DEN,"Apr 19, 2025",LAC,21,20,5,22,40.38,47.3,-6.92,12,6,7,9,2,3,0,0,1,3,0,0,0,0,0,0,0,0,0,0,0,0,0,0
202695,Kawhi Leonard,LAC,202504190DEN,"Apr 19, 2025",DEN,22,15,3,16,61.11,67.4,-6.29,11,14,3,3,1,2,0,0,1,3,0,0,0,0,0,0,0,0,0,0,0,0,0,0
1626181,Norman Powell,LAC,202504190DEN,"Apr 19, 2025",DEN,12,12,1,13,38.71,48.23,-9.52,6,6,6,6,0,0,0,0,0,0,0,0,1,0,0,0,0,0,0,0,0,0,0,0
201935,James Harden,LAC,202504190DEN,"Apr 19, 2025",DEN,32,22,6,25,54.24,64.94,-10.7,12,12,9,12,1,2,0,0,1,3,0,0,1,1,0,0,0,0,0,0,0,0,1,2
203932,Aaron Gordon,DEN,202504190DEN,"Apr 19, 2025",LAC,25,14,10,19,60.98,67.93,-6.95,11,14,3,3,3,6,0,0,0,0,0,0,0,0,0,0,0,0,0,0,0,0,2,2
1627739,Kris Dunn,LAC,202504190DEN,"Apr 19, 2025",DEN,10,8,0,8,47.62,62.5,-14.88,3,4,5,6,0,0,0,0,0,0,0,0,0,0,0,0,0,0,0,0,0,0,0,0
1631128,Christian Braun,DEN,202504190DEN,"Apr 19, 2025",LAC,11,10,0,10,45.83,55.0,-9.17,6,8,4,3,0,0,0,0,0,0,0,0,0,0,0,0,0,0,0,0,0,0,0,0
201587,Nicolas Batum,LAC,202504190DEN,"Apr 19, 2025",DEN,9,6,0,6,50.0,75.0,-25.0,0,0,6,9,0,0,0,0,0,0,0,0,0,0,0,0,0,0,0,0,0,0,0,0
201566,Russell Westbrook,DEN,202504190DEN,"Apr 19, 2025",LAC,15,17,4,19,34.09,39.98,-5.89,11,6,6,6,2,3,0,0,0,0,0,0,0,0,0,0,0,0,0,0,0,0,0,0
1627884,Derrick Jones Jr.,LAC,202504190DEN,"Apr 19, 2025",DEN,4,4,2,5,36.36,40.98,-4.62,3,2,1,0,1,2,0,0,0,0,0,0,0,0,0,0,0,0,0,0,0,0,0,0
203992,Bogdan Bogdanović,LAC,202504190DEN,"Apr 19, 2025",DEN,0,3,0,3,0.0,0.0,0.0,0,0,3,0,0,0,0,0,0,0,0,0,0,0,0,0,0,0,0,0,0,0,0,0
1631212,Peyton Watson,DEN,202504190DEN,"Apr 19, 2025",LAC,6,4,2,5,54.55,61.48,-6.93,3,4,1,0,1,2,0,0,0,0,0,0,0,0,0,0,0,0,0,0,0,0,0,0
simmobe01,B. Simmons,LAC,202504190DEN,"Apr 19, 2025",DEN,0,1,0,1,0.0,0.0,0.0,1,0,0,0,0,0,0,0,0,0,0,0,0,0,0,0,0,0,0,0,0,0,0,0
1629618,Jalen Pickett,DEN,202504190DEN,"Apr 19, 2025",LAC,2,1,0,1,100.0,100.0,0.0,1,2,0,0,0,0,0,0,0,0,0,0,0,0,0,0,0,0,0,0,0,0,0,0
203501,Tim Hardaway Jr.,DET,202504190NYK,"Apr 19, 2025",NYK,19,13,3,14,51.35,66.34,-14.99,4,6,8,9,1,1,0,0,1,3,0,0,0,0,0,0,0,0,0,0,0,0,0,0
1626157,Karl-Anthony Towns,NYK,202504190NYK,"Apr 19, 2025",DET,23,14,2,16,69.7,77.28,-7.58,11,18,3,3,0,0,0,0,0,0,0,0,2,2,0,0,0,0,0,0,0,0,0,0
1628973,Jalen Brunson,NYK,202504190NYK,"Apr 19, 2025",DET,34,27,10,32,49.28,54.14,-4.86,21,18,5,6,3,6,0,0,1,2,0,0,1,1,0,0,0,0,0,0,0,0,1,1
202699,Tobias Harris,DET,202504190NYK,"Apr 19, 2025",NYK,25,13,5,15,69.44,82.24,-12.8,7,6,5,12,2,4,0,0,1,3,0,0,0,0,0,0,0,0,0,0,0,0,0,0
1628404,Josh Hart,DET,202504190NYK,"Apr 19, 2025",NYK,13,10,0,10,61.9,65.0,-3.1,9,10,1,3,0,0,0,0,0,0,0,0,0,0,0,0,0,0,0,0,0,0,0,0
1641709,Ausar Thompson,DET,202504190NYK,"Apr 19, 2025",NYK,10,8,3,9,52.63,53.65,-1.02,7,6,0,0,1,1,0,0,1,3,0,0,0,0,0,0,0,0,0,0,0,0,0,0
1628384,OG Anunoby,NYK,202504190NYK,"Apr 19, 2025",DET,23,18,4,20,47.92,58.2,-10.28,10,10,8,9,1,2,0,0,0,0,0,0,0,0,0,0,0,0,0,0,0,0,1,2
1631105,Jalen Duren,NYK,202504190NYK,"Apr 19, 2025",DET,7,4,2,5,70.0,71.72,-1.72,4,6,0,0,1,1,0,0,0,0,0,0,0,0,0,0,0,0,0,0,0,0,0,0
1630595,Cade Cunningham,DET,202504190NYK,"Apr 19, 2025",NYK,21,21,5,23,41.18,45.26,-4.08,16,12,4,3,1,2,0,0,1,3,0,0,0,0,0,0,0,0,0,0,0,0,1,1
beaslma01,M. Beasley,DET,202504190NYK,"Apr 19, 2025",NYK,20,16,0,16,45.45,62.5,-17.05,4,2,12,18,0,0,0,0,0,0,0,0,0,0,0,0,0,0,0,0,0,0,0,0
1628969,Mikal Bridges,NYK,202504190NYK,"Apr 19, 2025",DET,8,9,0,9,40.0,44.44,-4.44,7,8,2,0,0,0,0,0,0,0,0,0,0,0,0,0,0,0,0,0,0,0,0,0
1629013,Landry Shamet,NYK,202504190NYK,"Apr 19, 2025",DET,2,2,0,2,50.0,50.0,0.0,2,2,0,0,0,0,0,0,0,0,0,0,0,0,0,0,0,0,0,0,0,0,0,0
1630191,Isaiah Stewart,DET,202504190NYK,"Apr 19, 2025",NYK,2,2,0,2,50.0,50.0,0.0,2,2,0,0,0,0,0,0,0,0,0,0,0,0,0,0,0,0,0,0,0,0,0,0
203471,Dennis Schröder,DET,202504190NYK,"Apr 19, 2025",NYK,8,8,2,9,40.0,45.05,-5.05,6,4,2,3,1,1,0,0,0,0,0,0,0,0,0,0,0,0,0,0,0,0,0,0
1629011,Mitchell Robinson,NYK,202504190NYK,"Apr 19, 2025",DET,6,3,0,3,100.0,100.0,0.0,3,6,0,0,0,0,0,0,0,0,0,0,0,0,0,0,0,0,0,0,0,0,0,0
1630540,Miles McBride,NYK,202504190NYK,"Apr 19, 2025",DET,0,3,0,3,0.0,0.0,0.0,1,0,2,0,0,0,0,0,0,0,0,0,0,0,0,0,0,0,0,0,0,0,0,0
1641842,Ronald Holland II,DET,202504190NYK,"Apr 19, 2025",NYK,0,1,0,1,0.0,0.0,0.0,0,0,1,0,0,0,0,0,0,0,0,0,0,0,0,0,0,0,0,0,0,0,0,0
1626166,Cameron Payne,NYK,202504190NYK,"Apr 19, 2025",DET,14,7,1,7,70.0,94.09,-24.09,1,2,5,9,0,0,0,0,1,3,0,0,0,0,0,0,0,0,0,0,0,0,0,0
203497,Rudy Gobert,LAL,202504190LAL,"Apr 19, 2025",MIN,2,2,0,2,50.0,50.0,0.0,2,2,0,0,0,0,0,0,0,0,0,0,0,0,0,0,0,0,0,0,0,0,0,0
1629029,Luka Dončić,LAL,202504190LAL,"Apr 19, 2025",MIN,37,22,9,27,58.73,71.26,-12.53,12,14,10,15,4,7,0,0,0,0,0,0,1,1,0,0,0,0,0,0,0,0,0,0
201144,Mike Conley,MIN,202504190LAL,"Apr 19, 2025",LAL,9,5,1,6,64.29,82.72,-18.43,2,2,3,6,0,0,0,0,0,0,0,0,1,1,0,0,0,0,0,0,0,0,0,0
1629060,Rui Hachimura,LAL,202504190LAL,"Apr 19, 2025",MIN,9,9,0,9,36.0,50.0,-14.0,2,0,7,9,0,0,0,0,0,0,0,0,0,0,0,0,0,0,0,0,0,0,0,0
1629637,Jaxson Hayes,LAL,202504190LAL,"Apr 19, 2025",MIN,1,2,2,3,16.67,17.36,-0.69,2,0,0,0,1,1,0,0,0,0,0,0,0,0,0,0,0,0,0,0,0,0,0,0
1630162,Anthony Edwards,MIN,202504190LAL,"Apr 19, 2025",LAL,22,22,2,23,40.0,48.08,-8.08,13,8,9,12,1,2,0,0,0,0,0,0,0,0,0,0,0,0,0,0,0,0,0,0
2544,LeBron James,LAL,202504190LAL,"Apr 19, 2025",MIN,19,18,2,18,44.19,50.32,-6.13,11,10,5,3,0,0,0,0,2,6,0,0,0,0,0,0,0,0,0,0,0,0,0,0
203944,Julius Randle,MIN,202504190LAL,"Apr 19, 2025",LAL,16,11,1,11,55.17,69.93,-14.76,4,2,6,12,0,0,0,0,1,2,0,0,0,0,0,0,0,0,0,0,0,0,0,0
1630559,Austin Reaves,LAL,202504190LAL,"Apr 19, 2025",MIN,16,13,3,15,43.24,55.87,-12.63,5,4,8,9,1,2,0,0,0,0,0,0,1,1,0,0,0,0,0,0,0,0,0,0
1630183,Jaden McDaniels,MIN,202504190LAL,"Apr 19, 2025",LAL,25,13,0,13,86.21,96.15,-9.94,10,16,3,9,0,0,0,0,0,0,0,0,0,0,0,0,0,0,0,0,0,0,0,0
1627827,Dorian Finney-Smith,LAL,202504190LAL,"Apr 19, 2025",MIN,3,5,0,5,23.08,30.0,-6.92,2,0,3,3,0,0,0,0,0,0,0,0,0,0,0,0,0,0,0,0,0,0,0,0
1628978,Donte DiVincenzo,MIN,202504190LAL,"Apr 19, 2025",LAL,9,9,0,9,39.13,50.0,-10.87,4,6,5,3,0,0,0,0,0,0,0,0,0,0,0,0,0,0,0,0,0,0,0,0
1629675,Naz Reid,MIN,202504190LAL,"Apr 19, 2025",LAL,23,12,2,13,65.71,89.29,-23.58,3,4,9,18,1,1,0,0,0,0,0,0,0,0,0,0,0,0,0,0,0,0,0,0
1629216,Gabe Vincent,LAL,202504190LAL,"Apr 19, 2025",MIN,3,3,0,3,33.33,50.0,-16.67,0,0,3,3,0,0,0,0,0,0,0,0,0,0,0,0,0,0,0,0,0,0,0,0
1629638,Nickeil Alexander-Walker,MIN,202504190LAL,"Apr 19, 2025",LAL,7,9,2,10,26.92,35.43,-8.51,3,2,6,3,0,0,0,0,0,0,0,0,0,0,0,0,0,0,0,0,0,0,1,2
1629020,Jarred Vanderbilt,LAL,202504190LAL,"Apr 19, 2025",MIN,2,3,0,3,33.33,33.33,0.0,3,2,0,0,0,0,0,0,0,0,0,0,0,0,0,0,0,0,0,0,0,0,0,0
1641740,Jaylen Clark,MIN,202504190LAL,"Apr 19, 2025",LAL,2,0,2,1,100.0,113.64,-13.64,0,0,0,0,1,2,0,0,0,0,0,0,0,0,0,0,0,0,0,0,0,0,0,0
1631169,Josh Minott,MIN,202504190LAL,"Apr 19, 2025",LAL,0,1,0,1,0.0,0.0,0.0,0,0,1,0,0,0,0,0,0,0,0,0,0,0,0,0,0,0,0,0,0,0,0,0
1630545,Terrence Shannon Jr.,MIN,202504190LAL,"Apr 19, 2025",LAL,0,1,0,1,0.0,0.0,0.0,1,0,0,0,0,0,0,0,0,0,0,0,0,0,0,0,0,0,0,0,0,0,0,0
1642355,Bronny James,LAL,202504190LAL,"Apr 19, 2025",MIN,0,2,0,2,0.0,0.0,0.0,0,0,2,0,0,0,0,0,0,0,0,0,0,0,0,0,0,0,0,0,0,0,0,0
1642261,Dalton Knecht,LAL,202504190LAL,"Apr 19, 2025",MIN,5,4,0,4,45.45,62.5,-17.05,1,2,3,3,0,0,0,0,0,0,0,0,0,0,0,0,0,0,0,0,0,0,0,0
lenal01,A. Len,LAL,202504190LAL,"Apr 19, 2025",MIN,0,1,0,1,0.0,0.0,0.0,1,0,0,0,0,0,0,0,0,0,0,0,0,0,0,0,0,0,0,0,0,0,0,0
miltosh01,S. Milton,LAL,202504190LAL,"Apr 19, 2025",MIN,0,1,0,1,0.0,0.0,0.0,1,0,0,0,0,0,0,0,0,0,0,0,0,0,0,0,0,0,0,0,0,0,0,0
1630568,Luka Garza,MIN,202504190LAL,"Apr 19, 2025",LAL,2,1,0,1,100.0,100.0,0.0,1,2,0,0,0,0,0,0,0,0,0,0,0,0,0,0,0,0,0,0,0,0,0,0
1628991,Jaren Jackson Jr.,MEM,202504200OKC,"Apr 20, 2025",OKC,4,13,0,13,13.33,15.38,-2.05,9,4,4,0,0,0,0,0,0,0,0,0,0,0,0,0,0,0,0,0,0,0,0,0
1630217,Desmond Bane,MEM,202504200OKC,"Apr 20, 2025",OKC,9,12,2,13,28.12,34.94,-6.82,6,4,6,3,1,2,0,0,0,0,0,0,0,0,0,0,0,0,0,0,0,0,0,0
1631119,Jaylin Williams,OKC,202504200OKC,"Apr 20, 2025",MEM,20,16,0,16,55.56,62.5,-6.94,12,20,4,0,0,0,0,0,0,0,0,0,0,0,0,0,0,0,0,0,0,0,0,0
1641744,Zach Edey,MEM,202504200OKC,"Apr 20, 2025",OKC,4,5,1,6,36.36,36.76,-0.4,5,4,0,0,0,0,0,0,0,0,0,0,0,0,0,0,0,0,0,0,0,0,1,0
1630590,Scotty Pippen Jr.,MEM,202504200OKC,"Apr 20, 2025",OKC,2,9,0,9,9.09,11.11,-2.02,5,2,4,0,0,0,0,0,0,0,0,0,0,0,0,0,0,0,0,0,0,0,0,0
1628983,Shai Gilgeous-Alexander,OKC,202504200OKC,"Apr 20, 2025",MEM,15,13,7,16,37.5,46.64,-9.14,6,6,7,3,2,4,1,2,0,0,0,0,0,0,0,0,0,0,0,0,0,0,0,0
1629630,Ja Morant,MEM,202504200OKC,"Apr 20, 2025",OKC,17,17,5,19,37.78,44.27,-6.49,10,8,6,3,2,3,0,0,1,3,0,0,0,0,0,0,0,0,0,0,0,0,0,0
1631096,Chet Holmgren,OKC,202504200OKC,"Apr 20, 2025",MEM,19,11,6,14,59.38,69.65,-10.27,7,4,4,9,2,4,0,0,0,0,0,0,0,0,0,0,0,0,0,0,0,0,1,2
1628392,Isaiah Hartenstein,OKC,202504200OKC,"Apr 20, 2025",MEM,14,8,0,8,87.5,87.5,0.0,8,14,0,0,0,0,0,0,0,0,0,0,0,0,0,0,0,0,0,0,0,0,0,0
1629652,Luguentz Dort,OKC,202504200OKC,"Apr 20, 2025",MEM,12,8,0,8,50.0,75.0,-25.0,0,0,8,12,0,0,0,0,0,0,0,0,0,0,0,0,0,0,0,0,0,0,0,0
1630583,Santi Aldama,MEM,202504200OKC,"Apr 20, 2025",OKC,5,6,0,6,33.33,41.67,-8.34,3,2,3,3,0,0,0,0,0,0,0,0,0,0,0,0,0,0,0,0,0,0,0,0
1629723,John Konchar,MEM,202504200OKC,"Apr 20, 2025",OKC,2,4,0,4,20.0,25.0,-5.0,2,2,2,0,0,0,0,0,0,0,0,0,0,0,0,0,0,0,0,0,0,0,0,0
1630198,Isaiah Joe,OKC,202504200OKC,"Apr 20, 2025",MEM,6,5,0,5,40.0,60.0,-20.0,0,0,5,6,0,0,0,0,0,0,0,0,0,0,0,0,0,0,0,0,0,0,0,0
1628963,Marvin Bagley III,MEM,202504200OKC,"Apr 20, 2025",OKC,17,8,0,8,100.0,106.25,-6.25,7,14,1,3,0,0,0,0,0,0,0,0,0,0,0,0,0,0,0,0,0,0,0,0
1641717,Cason Wallace,OKC,202504200OKC,"Apr 20, 2025",MEM,2,1,0,1,100.0,100.0,0.0,1,2,0,0,0,0,0,0,0,0,0,0,0,0,0,0,0,0,0,0,0,0,0,0
1631246,Vince Williams Jr.,MEM,202504200OKC,"Apr 20, 2025",OKC,3,2,0,2,50.0,75.0,-25.0,0,0,2,3,0,0,0,0,0,0,0,0,0,0,0,0,0,0,0,0,0,0,0,0
1642349,Ajay Mitchell,OKC,202504200OKC,"Apr 20, 2025",MEM,5,6,0,6,31.25,41.67,-10.42,2,2,4,3,0,0,0,0,0,0,0,0,0,0,0,0,0,0,0,0,0,0,0,0
1630598,Aaron Wiggins,OKC,202504200OKC,"Apr 20, 2025",MEM,21,15,1,15,55.26,68.01,-12.75,7,6,7,12,0,0,0,0,1,3,0,0,0,0,0,0,0,0,0,0,0,0,0,0
1629026,Kenrich Williams,OKC,202504200OKC,"Apr 20, 2025",MEM,6,9,0,9,27.27,33.33,-6.06,5,6,4,0,0,0,0,0,0,0,0,0,0,0,0,0,0,0,0,0,0,0,0,0
1630643,Jay Huff,MEM,202504200OKC,"Apr 20, 2025",OKC,8,4,4,6,61.54,69.44,-7.9,3,4,1,0,2,4,0,0,0,0,0,0,0,0,0,0,0,0,0,0,0,0,0,0
stevela01,L. Stevens,MEM,202504200OKC,"Apr 20, 2025",OKC,4,9,0,9,19.05,22.22,-3.17,6,4,3,0,0,0,0,0,0,0,0,0,0,0,0,0,0,0,0,0,0,0,0,0
1628379,Luke Kennard,MEM,202504200OKC,"Apr 20, 2025",OKC,5,4,0,4,50.0,62.5,-12.5,2,2,2,3,0,0,0,0,0,0,0,0,0,0,0,0,0,0,0,0,0,0,0,0
1641794,Dillon Jones,OKC,202504200OKC,"Apr 20, 2025",MEM,2,2,0,2,40.0,50.0,-10.0,1,2,1,0,0,0,0,0,0,0,0,0,0,0,0,0,0,0,0,0,0,0,0,0
1627759,Jaylen Brown,BOS,202504200BOS,"Apr 20, 2025",ORL,16,14,4,16,47.06,50.76,-3.7,12,12,2,0,1,2,0,0,0,0,0,0,0,0,0,0,0,0,0,0,0,0,1,2
1628976,Wendell Carter Jr.,ORL,202504200BOS,"Apr 20, 2025",BOS,4,6,0,6,28.57,33.33,-4.76,4,4,2,0,0,0,0,0,0,0,0,0,0,0,0,0,0,0,0,0,0,0,0,0
1631094,Paolo Banchero,ORL,202504200BOS,"Apr 20, 2025",BOS,36,27,6,30,53.73,60.73,-7.0,20,20,7,12,3,4,0,0,0,0,0,0,0,0,0,0,0,0,0,0,0,0,0,0
204001,Kristaps Porziņģis,BOS,202504200BOS,"Apr 20, 2025",ORL,5,8,4,10,22.73,25.61,-2.88,6,2,2,0,2,3,0,0,0,0,0,0,0,0,0,0,0,0,0,0,0,0,0,0
1628369,Jayson Tatum,BOS,202504200BOS,"Apr 20, 2025",ORL,17,22,4,24,30.36,35.77,-5.41,14,14,8,3,1,0,0,0,0,0,0,0,0,0,1,0,0,0,0,0,0,0,0,0
1630532,Franz Wagner,ORL,202504200BOS,"Apr 20, 2025",BOS,23,24,2,25,41.07,46.22,-5.15,18,18,6,3,0,0,0,0,0,0,0,0,0,0,0,0,0,0,0,0,0,0,1,2
201950,Jrue Holiday,BOS,202504200BOS,"Apr 20, 2025",ORL,9,6,0,6,56.25,75.0,-18.75,2,0,4,9,0,0,0,0,0,0,0,0,0,0,0,0,0,0,0,0,0,0,0,0
1628401,Derrick White,BOS,202504200BOS,"Apr 20, 2025",ORL,30,18,3,19,58.82,77.64,-18.82,6,6,11,18,1,2,0,0,0,0,1,4,0,0,0,0,0,0,0,0,0,0,0,0
203484,Kentavious Caldwell-Pope,BOS,202504200BOS,"Apr 20, 2025",ORL,6,5,0,5,42.86,60.0,-17.14,1,0,4,6,0,0,0,0,0,0,0,0,0,0,0,0,0,0,0,0,0,0,0,0
josepco01,C. Joseph,BOS,202504200BOS,"Apr 20, 2025",ORL,0,1,0,1,0.0,0.0,0.0,0,0,1,0,0,0,0,0,0,0,0,0,0,0,0,0,0,0,0,0,0,0,0,0
1641710,Anthony Black,ORL,202504200BOS,"Apr 20, 2025",BOS,3,4,0,4,33.33,37.5,-4.17,3,0,1,3,0,0,0,0,0,0,0,0,0,0,0,0,0,0,0,0,0,0,0,0
1631216,Caleb Houstan,ORL,202504200BOS,"Apr 20, 2025",BOS,3,5,0,5,25.0,30.0,-5.0,3,0,2,3,0,0,0,0,0,0,0,0,0,0,0,0,0,0,0,0,0,0,0,0
1628371,Jonathan Isaac,ORL,202504200BOS,"Apr 20, 2025",BOS,7,4,1,4,70.0,78.83,-8.83,2,2,1,3,0,0,0,0,1,2,0,0,0,0,0,0,0,0,0,0,0,0,0,0
1630573,Sam Hauser,BOS,202504200BOS,"Apr 20, 2025",ORL,0,1,0,1,0.0,0.0,0.0,0,0,1,0,0,0,0,0,0,0,0,0,0,0,0,0,0,0,0,0,0,0,0,0
201143,Al Horford,BOS,202504200BOS,"Apr 20, 2025",ORL,5,3,0,3,71.43,83.33,-11.9,2,2,1,3,0,0,0,0,0,0,0,0,0,0,0,0,0,0,0,0,0,0,0,0
1628436,Luke Kornet,BOS,202504200BOS,"Apr 20, 2025",ORL,2,1,0,1,100.0,100.0,0.0,1,2,0,0,0,0,0,0,0,0,0,0,0,0,0,0,0,0,0,0,0,0,0,0
203914,Gary Harris,ORL,202504200BOS,"Apr 20, 2025",BOS,0,2,0,2,0.0,0.0,0.0,0,0,2,0,0,0,0,0,0,0,0,0,0,0,0,0,0,0,0,0,0,0,0,0
1630175,Cole Anthony,ORL,202504200BOS,"Apr 20, 2025",BOS,4,3,2,4,44.44,51.55,-7.11,2,2,1,0,1,2,0,0,0,0,0,0,0,0,0,0,0,0,0,0,0,0,0,0
1630202,Payton Pritchard,BOS,202504200BOS,"Apr 20, 2025",ORL,19,8,3,9,76.0,101.93,-25.93,2,4,6,12,0,0,1,3,0,0,0,0,0,0,0,0,0,0,0,0,0,0,0,0
1631120,JD Davison,BOS,202504200BOS,"Apr 20, 2025",ORL,0,1,0,1,0.0,0.0,0.0,0,0,1,0,0,0,0,0,0,0,0,0,0,0,0,0,0,0,0,0,0,0,0,0
1629622,Max Strus,CLE,202504200CLE,"Apr 20, 2025",MIA,9,5,0,5,60.0,90.0,-30.0,0,0,5,9,0,0,0,0,0,0,0,0,0,0,0,0,0,0,0,0,0,0,0,0
203952,Andrew Wiggins,MIA,202504200CLE,"Apr 20, 2025",CLE,14,11,2,12,46.67,58.92,-12.25,5,6,6,6,1,2,0,0,0,0,0,0,0,0,0,0,0,0,0,0,0,0,0,0
1629636,Darius Garland,CLE,202504200CLE,"Apr 20, 2025",MIA,27,17,2,18,60.0,75.5,-15.5,8,10,9,15,1,2,0,0,0,0,0,0,0,0,0,0,0,0,0,0,0,0,0,0
1629639,Tyler Herro,MIA,202504200CLE,"Apr 20, 2025",CLE,21,18,4,20,45.65,53.14,-7.49,12,8,6,9,2,4,0,0,0,0,0,0,0,0,0,0,0,0,0,0,0,0,0,0
1628386,Jarrett Allen,CLE,202504200CLE,"Apr 20, 2025",MIA,12,8,2,9,66.67,67.57,-0.9,8,10,0,0,0,0,0,0,0,0,0,0,0,0,0,0,0,0,0,0,0,0,1,2
1628378,Donovan Mitchell,CLE,202504200CLE,"Apr 20, 2025",MIA,30,19,7,22,55.56,67.93,-12.37,9,16,9,6,2,3,0,0,1,3,0,0,0,0,0,0,0,0,0,0,0,0,1,2
1628389,Bam Adebayo,MIA,202504200CLE,"Apr 20, 2025",CLE,24,22,6,25,43.64,48.7,-5.06,17,18,5,3,2,2,0,0,0,0,0,0,0,0,0,0,0,0,0,0,0,0,1,1
burksal01,A. Burks,MIA,202504200CLE,"Apr 20, 2025",CLE,6,3,0,3,66.67,100.0,-33.33,0,0,3,6,0,0,0,0,0,0,0,0,0,0,0,0,0,0,0,0,0,0,0,0
1630596,Evan Mobley,CLE,202504200CLE,"Apr 20, 2025",MIA,9,10,0,10,39.13,45.0,-5.87,7,6,3,3,0,0,0,0,0,0,0,0,0,0,0,0,0,0,0,0,0,0,0,0
1629631,De'Andre Hunter,CLE,202504200CLE,"Apr 20, 2025",MIA,0,4,0,4,0.0,0.0,0.0,4,0,0,0,0,0,0,0,0,0,0,0,0,0,0,0,0,0,0,0,0,0,0,0
1629660,Ty Jerome,CLE,202504200CLE,"Apr 20, 2025",MIA,28,15,5,17,65.12,81.4,-16.28,6,8,8,15,2,3,0,0,1,2,0,0,0,0,0,0,0,0,0,0,0,0,0,0
1630241,Sam Merrill,CLE,202504200CLE,"Apr 20, 2025",MIA,6,4,0,4,50.0,75.0,-25.0,0,0,4,6,0,0,0,0,0,0,0,0,0,0,0,0,0,0,0,0,0,0,0,0
1629312,Haywood Highsmith,MIA,202504200CLE,"Apr 20, 2025",CLE,7,4,0,4,70.0,87.5,-17.5,2,4,2,3,0,0,0,0,0,0,0,0,0,0,0,0,0,0,0,0,0,0,0,0
1642276,Kel'el Ware,CLE,202504200CLE,"Apr 20, 2025",MIA,2,2,0,2,40.0,50.0,-10.0,1,2,1,0,0,0,0,0,0,0,0,0,0,0,0,0,0,0,0,0,0,0,0,0
1629130,Duncan Robinson,MIA,202504200CLE,"Apr 20, 2025",CLE,8,5,0,5,61.54,80.0,-18.46,2,2,3,6,0,0,0,0,0,0,0,0,0,0,0,0,0,0,0,0,0,0,0,0
203937,Kyle Anderson,MIA,202504200CLE,"Apr 20, 2025",CLE,0,1,0,1,0.0,0.0,0.0,1,0,0,0,0,0,0,0,0,0,0,0,0,0,0,0,0,0,0,0,0,0,0,0
1630171,Isaac Okoro,CLE,202504200CLE,"Apr 20, 2025",MIA,0,4,0,4,0.0,0.0,0.0,0,0,4,0,0,0,0,0,0,0,0,0,0,0,0,0,0,0,0,0,0,0,0,0
1631170,Jaime Jaquez Jr.,MIA,202504200CLE,"Apr 20, 2025",CLE,0,1,0,1,0.0,0.0,0.0,0,0,1,0,0,0,0,0,0,0,0,0,0,0,0,0,0,0,0,0,0,0,0,0
1631107,Nikola Jović,MIA,202504200CLE,"Apr 20, 2025",CLE,0,1,0,1,0.0,0.0,0.0,0,0,1,0,0,0,0,0,0,0,0,0,0,0,0,0,0,0,0,0,0,0,0,0
1641854,Craig Porter Jr.,CLE,202504200CLE,"Apr 20, 2025",MIA,0,1,0,1,0.0,0.0,0.0,1,0,0,0,0,0,0,0,0,0,0,0,0,0,0,0,0,0,0,0,0,0,0,0
1642281,Jaylon Tyson,CLE,202504200CLE,"Apr 20, 2025",MIA,0,1,0,1,0.0,0.0,0.0,0,0,1,0,0,0,0,0,0,0,0,0,0,0,0,0,0,0,0,0,0,0,0,0
203110,Draymond Green,HOU,202504200HOU,"Apr 20, 2025",GSW,4,5,0,5,33.33,40.0,-6.67,3,4,2,0,0,0,0,0,0,0,0,0,0,0,0,0,0,0,0,0,0,0,0,0
1641708,Amen Thompson,HOU,202504200HOU,"Apr 20, 2025",GSW,8,9,4,11,36.36,37.17,-0.81,9,8,0,0,2,0,0,0,0,0,0,0,0,0,0,0,0,0,0,0,0,0,0,0
1630578,Alperen Sengun,HOU,202504200HOU,"Apr 20, 2025",GSW,26,18,4,20,61.9,65.79,-3.89,16,20,2,3,2,3,0,0,0,0,0,0,0,0,0,0,0,0,0,0,0,0,0,0
201939,Stephen Curry,GSW,202504200HOU,"Apr 20, 2025",HOU,31,19,2,20,63.27,77.97,-14.7,10,14,9,15,0,0,0,0,0,0,0,0,0,0,0,0,0,0,0,0,0,0,1,2
202710,Jimmy Butler III,GSW,202504200HOU,"Apr 20, 2025",HOU,25,19,6,22,54.35,57.76,-3.41,17,18,2,3,1,2,0,0,0,0,0,0,0,0,0,0,0,0,0,0,0,0,2,2
201145,Jeff Green,HOU,202504200HOU,"Apr 20, 2025",GSW,7,15,2,16,19.44,22.04,-2.6,11,6,4,0,1,1,0,0,0,0,0,0,0,0,0,0,0,0,0,0,0,0,0,0
1630541,Moses Moody,GSW,202504200HOU,"Apr 20, 2025",HOU,7,5,2,6,43.75,59.52,-15.77,1,2,4,3,1,2,0,0,0,0,0,0,0,0,0,0,0,0,0,0,0,0,0,0
1627832,Fred VanVleet,HOU,202504200HOU,"Apr 20, 2025",GSW,10,19,0,19,19.61,26.32,-6.71,6,4,13,6,0,0,0,0,0,0,0,0,0,0,0,0,0,0,0,0,0,0,0,0
1641764,Brandin Podziemski,GSW,202504200HOU,"Apr 20, 2025",HOU,14,13,2,14,38.89,50.43,-11.54,5,4,8,9,1,1,0,0,0,0,0,0,0,0,0,0,0,0,0,0,0,0,0,0
1628415,Dillon Brooks,HOU,202504200HOU,"Apr 20, 2025",GSW,11,9,4,11,40.74,51.12,-10.38,4,2,5,6,1,2,0,0,0,0,0,0,0,0,0,0,0,0,0,0,0,0,1,1
1627780,Gary Payton II,GSW,202504200HOU,"Apr 20, 2025",HOU,7,6,0,6,50.0,58.33,-8.33,4,4,2,3,0,0,0,0,0,0,0,0,0,0,0,0,0,0,0,0,0,0,0,0
1631106,Tari Eason,HOU,202504200HOU,"Apr 20, 2025",GSW,6,10,0,10,25.0,30.0,-5.0,6,6,4,0,0,0,0,0,0,0,0,0,0,0,0,0,0,0,0,0,0,0,0,0
1642366,Quinten Post,GSW,202504200HOU,"Apr 20, 2025",HOU,0,3,0,3,0.0,0.0,0.0,1,0,2,0,0,0,0,0,0,0,0,0,0,0,0,0,0,0,0,0,0,0,0,0
203500,Steven Adams,HOU,202504200HOU,"Apr 20, 2025",GSW,6,4,2,5,60.0,61.48,-1.48,4,6,0,0,1,0,0,0,0,0,0,0,0,0,0,0,0,0,0,0,0,0,0,0
1627741,Buddy Hield,GSW,202504200HOU,"Apr 20, 2025",HOU,2,4,0,4,20.0,25.0,-5.0,2,2,2,0,0,0,0,0,0,0,0,0,0,0,0,0,0,0,0,0,0,0,0,0
1631095,Jabari Smith Jr.,HOU,202504200HOU,"Apr 20, 2025",GSW,11,3,4,5,100.0,115.55,-15.55,2,4,1,3,1,2,0,0,0,0,0,0,0,0,0,0,0,0,0,0,0,0,1,2
1626172,Kevon Looney,GSW,202504200HOU,"Apr 20, 2025",HOU,0,1,0,1,0.0,0.0,0.0,1,0,0,0,0,0,0,0,0,0,0,0,0,0,0,0,0,0,0,0,0,0,0,0
1630611,Gui Santos,GSW,202504200HOU,"Apr 20, 2025",HOU,5,1,2,2,100.0,132.98,-32.98,0,0,1,3,1,2,0,0,0,0,0,0,0,0,0,0,0,0,0,0,0,0,0,0
1628973,Jalen Brunson,NYK,202504210NYK,"Apr 21, 2025",DET,37,27,11,32,48.05,58.1,-10.05,15,16,12,12,2,3,1,2,0,0,0,0,0,0,0,0,0,0,0,0,0,0,2,4
1630595,Cade Cunningham,DET,202504210NYK,"Apr 21, 2025",NYK,33,21,12,27,56.9,62.79,-5.89,17,20,4,3,5,9,0,0,0,0,0,0,0,0,0,0,0,0,0,0,0,0,1,1
203501,Tim Hardaway Jr.,DET,202504210NYK,"Apr 21, 2025",NYK,0,8,0,8,0.0,0.0,0.0,2,0,6,0,0,0,0,0,0,0,0,0,0,0,0,0,0,0,0,0,0,0,0,0
1631105,Jalen Duren,DET,202504210NYK,"Apr 21, 2025",NYK,12,4,6,7,85.71,90.36,-4.65,4,6,0,0,1,2,0,0,0,0,0,0,0,0,0,0,0,0,0,0,0,0,2,4
1628384,OG Anunoby,NYK,202504210NYK,"Apr 21, 2025",DET,10,10,2,11,38.46,45.96,-7.5,6,8,4,0,0,0,0,0,0,0,0,0,0,0,0,0,0,0,0,0,0,0,1,2
1641709,Ausar Thompson,DET,202504210NYK,"Apr 21, 2025",NYK,5,7,2,8,31.25,31.73,-0.48,7,4,0,0,1,1,0,0,0,0,0,0,0,0,0,0,0,0,0,0,0,0,0,0
1628969,Mikal Bridges,NYK,202504210NYK,"Apr 21, 2025",DET,19,18,0,18,40.43,52.78,-12.35,7,10,11,9,0,0,0,0,0,0,0,0,0,0,0,0,0,0,0,0,0,0,0,0
202699,Tobias Harris,DET,202504210NYK,"Apr 21, 2025",NYK,15,11,2,12,53.57,63.13,-9.56,7,10,4,3,1,2,0,0,0,0,0,0,0,0,0,0,0,0,0,0,0,0,0,0
1626157,Karl-Anthony Towns,NYK,202504210NYK,"Apr 21, 2025",DET,10,11,0,11,41.67,45.45,-3.78,9,10,2,0,0,0,0,0,0,0,0,0,0,0,0,0,0,0,0,0,0,0,0,0
1628404,Josh Hart,NYK,202504210NYK,"Apr 21, 2025",DET,10,6,6,9,50.0,57.87,-7.87,4,2,2,3,1,1,0,0,0,0,0,0,0,0,0,0,0,0,0,0,0,0,2,4
beaslma01,M. Beasley,DET,202504210NYK,"Apr 21, 2025",NYK,9,9,4,11,30.0,41.82,-11.82,1,2,8,3,2,4,0,0,0,0,0,0,0,0,0,0,0,0,0,0,0,0,0,0
1630194,Paul Reed,DET,202504210NYK,"Apr 21, 2025",NYK,6,4,0,4,75.0,75.0,0.0,4,6,0,0,0,0,0,0,0,0,0,0,0,0,0,0,0,0,0,0,0,0,0,0
203471,Dennis Schröder,DET,202504210NYK,"Apr 21, 2025",NYK,20,10,6,13,64.52,79.11,-14.59,5,6,5,9,1,2,0,0,0,0,0,0,0,0,0,0,0,0,0,0,0,0,2,3
1629011,Mitchell Robinson,NYK,202504210NYK,"Apr 21, 2025",DET,0,2,0,2,0.0,0.0,0.0,2,0,0,0,0,0,0,0,0,0,0,0,0,0,0,0,0,0,0,0,0,0,0,0
1630540,Miles McBride,NYK,202504210NYK,"Apr 21, 2025",DET,8,7,0,7,44.44,57.14,-12.7,3,2,4,6,0,0,0,0,0,0,0,0,0,0,0,0,0,0,0,0,0,0,0,0
203999,Nikola Jokić,DEN,202504210DEN,"Apr 21, 2025",LAC,26,16,10,21,52.0,63.73,-11.73,8,8,8,12,4,6,0,0,0,0,0,0,0,0,0,0,0,0,0,0,0,0,1,0
202695,Kawhi Leonard,LAC,202504210DEN,"Apr 21, 2025",DEN,39,19,5,21,78.0,91.98,-13.98,11,20,7,12,2,4,0,0,1,3,0,0,0,0,0,0,0,0,0,0,0,0,0,0
1627826,Ivica Zubac,LAC,202504210DEN,"Apr 21, 2025",DEN,16,10,5,12,64.0,65.57,-1.57,9,10,0,0,2,4,0,0,1,2,0,0,0,0,0,0,0,0,0,0,0,0,0,0
203932,Aaron Gordon,DEN,202504210DEN,"Apr 21, 2025",LAC,14,13,3,14,43.75,48.88,-5.13,9,6,3,3,1,2,0,0,1,3,0,0,0,0,0,0,0,0,0,0,0,0,0,0
1629008,Michael Porter Jr.,DEN,202504210DEN,"Apr 21, 2025",LAC,15,11,2,12,53.57,63.13,-9.56,7,8,4,6,1,1,0,0,0,0,0,0,0,0,0,0,0,0,0,0,0,0,0,0
1626181,Norman Powell,LAC,202504210DEN,"Apr 21, 2025",DEN,13,14,2,15,38.24,43.68,-5.44,10,6,4,6,1,1,0,0,0,0,0,0,0,0,0,0,0,0,0,0,0,0,0,0
1631128,Christian Braun,DEN,202504210DEN,"Apr 21, 2025",LAC,5,7,2,8,27.78,31.73,-3.95,5,4,2,0,1,1,0,0,0,0,0,0,0,0,0,0,0,0,0,0,0,0,0,0
1627739,Kris Dunn,LAC,202504210DEN,"Apr 21, 2025",DEN,5,7,0,7,27.78,35.71,-7.93,3,2,4,3,0,0,0,0,0,0,0,0,0,0,0,0,0,0,0,0,0,0,0,0
1627750,Jamal Murray,DEN,202504210DEN,"Apr 21, 2025",LAC,23,17,1,18,53.49,65.94,-12.45,9,10,8,12,0,0,0,0,0,0,0,0,1,1,0,0,0,0,0,0,0,0,0,0
201935,James Harden,LAC,202504210DEN,"Apr 21, 2025",DEN,18,17,0,17,40.0,52.94,-12.94,6,6,11,12,0,0,0,0,0,0,0,0,0,0,0,0,0,0,0,0,0,0,0,0
simmobe01,B. Simmons,LAC,202504210DEN,"Apr 21, 2025",DEN,2,1,0,1,100.0,100.0,0.0,1,2,0,0,0,0,0,0,0,0,0,0,0,0,0,0,0,0,0,0,0,0,0,0
201587,Nicolas Batum,LAC,202504210DEN,"Apr 21, 2025",DEN,6,5,0,5,40.0,60.0,-20.0,0,0,5,6,0,0,0,0,0,0,0,0,0,0,0,0,0,0,0,0,0,0,0,0
203992,Bogdan Bogdanović,LAC,202504210DEN,"Apr 21, 2025",DEN,0,5,0,5,0.0,0.0,0.0,4,0,1,0,0,0,0,0,0,0,0,0,0,0,0,0,0,0,0,0,0,0,0,0
1627884,Derrick Jones Jr.,LAC,202504210DEN,"Apr 21, 2025",DEN,6,7,0,7,37.5,42.86,-5.36,5,6,2,0,0,0,0,0,0,0,0,0,0,0,0,0,0,0,0,0,0,0,0,0
201566,Russell Westbrook,DEN,202504210DEN,"Apr 21, 2025",LAC,14,11,2,12,46.67,58.92,-12.25,5,4,6,9,1,1,0,0,0,0,0,0,0,0,0,0,0,0,0,0,0,0,0,0
1631212,Peyton Watson,DEN,202504210DEN,"Apr 21, 2025",LAC,3,2,2,3,50.0,52.08,-2.08,2,2,0,0,1,1,0,0,0,0,0,0,0,0,0,0,0,0,0,0,0,0,0,0
1629618,Jalen Pickett,DEN,202504210DEN,"Apr 21, 2025",LAC,2,2,0,2,40.0,50.0,-10.0,1,2,1,0,0,0,0,0,0,0,0,0,0,0,0,0,0,0,0,0,0,0,0,0
1628398,Kyle Kuzma,MIL,202504220IND,"Apr 22, 2025",IND,12,10,2,11,48.0,55.15,-7.15,7,10,3,0,1,2,0,0,0,0,0,0,0,0,0,0,0,0,0,0,0,0,0,0
1630169,Tyrese Haliburton,IND,202504220IND,"Apr 22, 2025",MIL,21,19,2,20,42.0,52.82,-10.82,9,10,10,9,1,2,0,0,0,0,0,0,0,0,0,0,0,0,0,0,0,0,0,0
1630174,Aaron Nesmith,IND,202504220IND,"Apr 22, 2025",MIL,16,9,2,10,64.0,80.97,-16.97,4,2,5,12,0,0,0,0,0,0,0,0,0,0,0,0,0,0,0,0,0,0,1,2
1627783,Pascal Siakam,IND,202504220IND,"Apr 22, 2025",MIL,24,16,6,19,55.81,64.38,-8.57,11,12,5,6,2,4,0,0,0,0,0,0,1,2,0,0,0,0,0,0,0,0,0,0
201572,Brook Lopez,MIL,202504220IND,"Apr 22, 2025",IND,8,6,0,6,50.0,66.67,-16.67,2,2,4,6,0,0,0,0,0,0,0,0,0,0,0,0,0,0,0,0,0,0,0,0
1626167,Myles Turner,IND,202504220IND,"Apr 22, 2025",MIL,15,10,2,11,60.0,68.93,-8.93,7,10,3,3,1,2,0,0,0,0,0,0,0,0,0,0,0,0,0,0,0,0,0,0
203507,Giannis Antetokounmpo,MIL,202504220IND,"Apr 22, 2025",IND,34,20,10,24,68.0,69.67,-1.67,18,24,0,0,4,6,0,0,2,4,0,0,0,0,0,0,0,0,0,0,0,0,0,0
1627752,Taurean Prince,MIL,202504220IND,"Apr 22, 2025",IND,6,4,0,4,54.55,75.0,-20.45,1,0,3,6,0,0,0,0,0,0,0,0,0,0,0,0,0,0,0,0,0,0,0,0
1629614,Andrew Nembhard,IND,202504220IND,"Apr 22, 2025",MIL,17,10,2,11,62.96,78.12,-15.16,5,6,5,9,1,2,0,0,0,0,0,0,0,0,0,0,0,0,0,0,0,0,0,0
203081,Damian Lillard,MIL,202504220IND,"Apr 22, 2025",IND,14,13,5,15,35.9,46.05,-10.15,5,4,8,6,0,0,1,3,0,0,0,0,0,0,0,0,0,0,0,0,0,0,1,1
1630167,Obi Toppin,IND,202504220IND,"Apr 22, 2025",MIL,7,4,0,4,70.0,87.5,-17.5,2,4,2,3,0,0,0,0,0,0,0,0,0,0,0,0,0,0,0,0,0,0,0,0
1626171,Bobby Portis,MIL,202504220IND,"Apr 22, 2025",IND,28,19,1,19,56.0,72.02,-16.02,7,8,11,18,0,0,0,0,1,2,0,0,0,0,0,0,0,0,0,0,0,0,0,0
1629018,Gary Trent Jr.,MIL,202504220IND,"Apr 22, 2025",IND,4,4,1,5,33.33,45.05,-11.72,1,0,3,3,0,0,0,0,0,0,0,0,0,0,0,0,0,0,0,0,0,0,1,1
1629645,Kevin Porter Jr.,MIL,202504220IND,"Apr 22, 2025",IND,9,9,0,9,45.0,50.0,-5.0,7,6,2,3,0,0,0,0,0,0,0,0,0,0,0,0,0,0,0,0,0,0,0,0
1631097,Bennedict Mathurin,IND,202504220IND,"Apr 22, 2025",MIL,14,10,5,13,48.28,57.38,-9.1,6,6,4,3,1,2,0,0,0,0,0,0,0,0,1,2,0,0,0,0,1,1,0,0
204456,T.J. McConnell,IND,202504220IND,"Apr 22, 2025",MIL,6,8,0,8,37.5,37.5,0.0,8,6,0,0,0,0,0,0,0,0,0,0,0,0,0,0,0,0,0,0,0,0,0,0
1641716,Jarace Walker,IND,202504220IND,"Apr 22, 2025",MIL,3,4,0,4,30.0,37.5,-7.5,2,0,2,3,0,0,0,0,0,0,0,0,0,0,0,0,0,0,0,0,0,0,0,0
1631260,AJ Green,MIL,202504220IND,"Apr 22, 2025",IND,0,2,0,2,0.0,0.0,0.0,1,0,1,0,0,0,0,0,0,0,0,0,0,0,0,0,0,0,0,0,0,0,0,0
1629652,Luguentz Dort,OKC,202504220OKC,"Apr 22, 2025",MEM,8,9,0,9,32.0,44.44,-12.44,2,2,7,6,0,0,0,0,0,0,0,0,0,0,0,0,0,0,0,0,0,0,0,0
1630217,Desmond Bane,MEM,202504220OKC,"Apr 22, 2025",OKC,19,17,3,19,43.18,51.86,-8.68,10,10,7,6,1,2,0,0,0,0,0,0,0,0,0,0,0,0,0,0,1,1,0,0
1631119,Jaylin Williams,OKC,202504220OKC,"Apr 22, 2025",MEM,24,19,3,21,51.06,59.06,-8.0,13,16,6,6,1,1,0,0,0,0,0,0,1,1,0,0,0,0,0,0,0,0,0,0
1629630,Ja Morant,MEM,202504220OKC,"Apr 22, 2025",OKC,23,25,2,26,39.66,44.44,-4.78,19,16,6,6,1,1,0,0,0,0,0,0,0,0,0,0,0,0,0,0,0,0,0,0
1631096,Chet Holmgren,OKC,202504220OKC,"Apr 22, 2025",MEM,20,14,6,17,47.62,60.1,-12.48,6,6,8,9,3,5,0,0,0,0,0,0,0,0,0,0,0,0,0,0,0,0,0,0
1630590,Scotty Pippen Jr.,MEM,202504220OKC,"Apr 22, 2025",OKC,13,12,3,13,38.24,48.8,-10.56,4,2,7,6,1,2,0,0,1,3,0,0,0,0,0,0,0,0,0,0,0,0,0,0
1628392,Isaiah Hartenstein,OKC,202504220OKC,"Apr 22, 2025",MEM,6,7,0,7,42.86,42.86,0.0,7,6,0,0,0,0,0,0,0,0,0,0,0,0,0,0,0,0,0,0,0,0,0,0
1628991,Jaren Jackson Jr.,MEM,202504220OKC,"Apr 22, 2025",OKC,26,17,6,20,60.47,66.19,-5.72,14,16,3,6,1,0,0,0,0,0,0,0,0,0,0,0,0,0,0,0,0,0,2,4
1641744,Zach Edey,MEM,202504220OKC,"Apr 22, 2025",OKC,4,3,0,3,66.67,66.67,0.0,3,4,0,0,0,0,0,0,0,0,0,0,0,0,0,0,0,0,0,0,0,0,0,0
1628983,Shai Gilgeous-Alexander,OKC,202504220OKC,"Apr 22, 2025",MEM,27,29,4,31,37.5,43.89,-6.39,19,14,10,9,2,4,0,0,0,0,0,0,0,0,0,0,0,0,0,0,0,0,0,0
1630583,Santi Aldama,MEM,202504220OKC,"Apr 22, 2025",OKC,10,11,0,11,35.71,45.45,-9.74,5,4,6,6,0,0,0,0,0,0,0,0,0,0,0,0,0,0,0,0,0,0,0,0
1628963,Marvin Bagley III,MEM,202504220OKC,"Apr 22, 2025",OKC,0,1,0,1,0.0,0.0,0.0,1,0,0,0,0,0,0,0,0,0,0,0,0,0,0,0,0,0,0,0,0,0,0,0
1629723,John Konchar,MEM,202504220OKC,"Apr 22, 2025",OKC,0,1,0,1,0.0,0.0,0.0,0,0,1,0,0,0,0,0,0,0,0,0,0,0,0,0,0,0,0,0,0,0,0,0
1630198,Isaiah Joe,OKC,202504220OKC,"Apr 22, 2025",MEM,7,6,2,7,36.84,50.87,-14.03,1,2,5,3,1,2,0,0,0,0,0,0,0,0,0,0,0,0,0,0,0,0,0,0
1641717,Cason Wallace,OKC,202504220OKC,"Apr 22, 2025",MEM,5,4,0,4,50.0,62.5,-12.5,2,2,2,3,0,0,0,0,0,0,0,0,0,0,0,0,0,0,0,0,0,0,0,0
1628379,Luke Kennard,MEM,202504220OKC,"Apr 22, 2025",OKC,4,4,0,4,44.44,50.0,-5.56,3,4,1,0,0,0,0,0,0,0,0,0,0,0,0,0,0,0,0,0,0,0,0,0
1627936,Alex Caruso,OKC,202504220OKC,"Apr 22, 2025",MEM,13,10,0,10,50.0,65.0,-15.0,4,4,6,9,0,0,0,0,0,0,0,0,0,0,0,0,0,0,0,0,0,0,0,0
1630598,Aaron Wiggins,OKC,202504220OKC,"Apr 22, 2025",MEM,8,6,1,6,57.14,62.11,-4.97,4,6,1,0,0,0,0,0,1,2,0,0,0,0,0,0,0,0,0,0,0,0,0,0
2544,LeBron James,LAL,202504220LAL,"Apr 22, 2025",MIN,21,19,4,21,44.68,50.58,-5.9,14,14,5,3,2,4,0,0,0,0,0,0,0,0,0,0,0,0,0,0,0,0,0,0
201144,Mike Conley,MIN,202504220LAL,"Apr 22, 2025",LAL,0,5,0,5,0.0,0.0,0.0,2,0,3,0,0,0,0,0,0,0,0,0,0,0,0,0,0,0,0,0,0,0,0,0
203944,Julius Randle,MIN,202504220LAL,"Apr 22, 2025",LAL,27,17,9,21,57.45,64.41,-6.96,12,12,4,6,4,6,0,0,1,3,0,0,0,0,0,0,0,0,0,0,0,0,0,0
1630183,Jaden McDaniels,MIN,202504220LAL,"Apr 22, 2025",LAL,8,11,2,12,29.63,33.67,-4.04,8,6,3,0,1,2,0,0,0,0,0,0,0,0,0,0,0,0,0,0,0,0,0,0
1629637,Jaxson Hayes,LAL,202504220LAL,"Apr 22, 2025",MIN,2,2,0,2,50.0,50.0,0.0,2,2,0,0,0,0,0,0,0,0,0,0,0,0,0,0,0,0,0,0,0,0,0,0
203497,Rudy Gobert,MIN,202504220LAL,"Apr 22, 2025",LAL,6,5,4,7,42.86,44.38,-1.52,5,4,0,0,1,0,0,0,0,0,0,0,0,0,0,0,0,0,0,0,0,0,1,2
1629029,Luka Dončić,LAL,202504220LAL,"Apr 22, 2025",MIN,31,20,11,26,52.54,62.4,-9.86,12,14,8,6,4,8,0,0,0,0,0,0,1,1,0,0,0,0,0,0,0,0,1,2
1630559,Austin Reaves,LAL,202504220LAL,"Apr 22, 2025",MIN,16,14,2,15,44.44,53.76,-9.32,8,14,6,0,1,2,0,0,0,0,0,0,0,0,0,0,0,0,0,0,0,0,0,0
1629060,Rui Hachimura,LAL,202504220LAL,"Apr 22, 2025",MIN,11,9,3,10,47.83,53.29,-5.46,6,6,2,0,1,2,0,0,1,3,0,0,0,0,0,0,0,0,0,0,0,0,0,0
1628978,Donte DiVincenzo,MIN,202504220LAL,"Apr 22, 2025",LAL,4,4,2,5,33.33,40.98,-7.65,2,2,2,0,0,0,0,0,0,0,0,0,0,0,0,0,0,0,0,0,0,0,1,2
1630162,Anthony Edwards,MIN,202504220LAL,"Apr 22, 2025",LAL,25,22,4,24,44.64,52.61,-7.97,14,16,8,6,2,3,0,0,0,0,0,0,0,0,0,0,0,0,0,0,0,0,0,0
1627827,Dorian Finney-Smith,LAL,202504220LAL,"Apr 22, 2025",MIN,7,6,0,6,46.67,58.33,-11.66,3,4,3,3,0,0,0,0,0,0,0,0,0,0,0,0,0,0,0,0,0,0,0,0
1629675,Naz Reid,MIN,202504220LAL,"Apr 22, 2025",LAL,9,8,2,9,42.86,50.68,-7.82,5,4,3,3,1,2,0,0,0,0,0,0,0,0,0,0,0,0,0,0,0,0,0,0
1629216,Gabe Vincent,LAL,202504220LAL,"Apr 22, 2025",MIN,6,4,0,4,50.0,75.0,-25.0,0,0,4,6,0,0,0,0,0,0,0,0,0,0,0,0,0,0,0,0,0,0,0,0
1629638,Nickeil Alexander-Walker,MIN,202504220LAL,"Apr 22, 2025",LAL,4,6,2,7,25.0,29.07,-4.07,4,2,2,0,1,2,0,0,0,0,0,0,0,0,0,0,0,0,0,0,0,0,0,0
1629020,Jarred Vanderbilt,LAL,202504220LAL,"Apr 22, 2025",MIN,0,1,0,1,0.0,0.0,0.0,0,0,1,0,0,0,0,0,0,0,0,0,0,0,0,0,0,0,0,0,0,0,0,0
1630545,Terrence Shannon Jr.,MIN,202504220LAL,"Apr 22, 2025",LAL,2,1,0,1,100.0,100.0,0.0,1,2,0,0,0,0,0,0,0,0,0,0,0,0,0,0,0,0,0,0,0,0,0,0
204001,Kristaps Porziņģis,BOS,202504230BOS,"Apr 23, 2025",ORL,20,14,14,21,42.55,49.6,-7.05,9,10,5,0,5,7,0,0,0,0,0,0,0,0,1,1,0,0,0,0,0,0,1,2
1631094,Paolo Banchero,ORL,202504230BOS,"Apr 23, 2025",BOS,32,25,11,30,47.76,53.62,-5.86,18,18,6,6,4,5,0,0,1,3,0,0,0,0,0,0,0,0,0,0,0,0,1,0
1630532,Franz Wagner,ORL,202504230BOS,"Apr 23, 2025",BOS,25,20,4,22,49.02,57.44,-8.42,12,16,7,3,1,2,0,0,1,3,0,0,1,1,0,0,0,0,0,0,0,0,0,0
1627759,Jaylen Brown,BOS,202504230BOS,"Apr 23, 2025",ORL,36,19,8,23,67.92,79.93,-12.01,12,14,7,15,4,7,0,0,0,0,0,0,0,0,0,0,0,0,0,0,0,0,0,0
201950,Jrue Holiday,BOS,202504230BOS,"Apr 23, 2025",ORL,11,9,3,10,45.83,53.29,-7.46,5,6,3,0,0,0,0,0,1,3,0,0,0,0,0,0,0,0,0,0,0,0,1,2
1628976,Wendell Carter Jr.,ORL,202504230BOS,"Apr 23, 2025",BOS,16,8,2,8,76.19,90.09,-13.9,3,2,3,9,0,0,0,0,2,5,0,0,0,0,0,0,0,0,0,0,0,0,0,0
201143,Al Horford,BOS,202504230BOS,"Apr 23, 2025",ORL,9,10,1,10,36.0,43.1,-7.1,5,4,4,3,0,0,0,0,1,2,0,0,0,0,0,0,0,0,0,0,0,0,0,0
1628401,Derrick White,BOS,202504230BOS,"Apr 23, 2025",ORL,17,14,2,15,42.5,57.12,-14.62,4,6,10,9,1,2,0,0,0,0,0,0,0,0,0,0,0,0,0,0,0,0,0,0
josepco01,C. Joseph,ORL,202504230BOS,"Apr 23, 2025",BOS,7,6,0,6,46.67,58.33,-11.66,3,4,3,3,0,0,0,0,0,0,0,0,0,0,0,0,0,0,0,0,0,0,0,0
203484,Kentavious Caldwell-Pope,ORL,202504230BOS,"Apr 23, 2025",BOS,3,9,2,10,11.54,15.18,-3.64,3,2,6,0,0,0,0,0,0,0,0,0,0,0,0,0,0,0,0,0,0,0,1,1
1631216,Caleb Houstan,ORL,202504230BOS,"Apr 23, 2025",BOS,0,2,0,2,0.0,0.0,0.0,0,0,2,0,0,0,0,0,0,0,0,0,0,0,0,0,0,0,0,0,0,0,0,0
1630202,Payton Pritchard,BOS,202504230BOS,"Apr 23, 2025",ORL,14,11,3,12,45.16,56.82,-11.66,4,2,6,9,1,1,0,0,1,2,0,0,0,0,0,0,0,0,0,0,0,0,0,0
1641710,Anthony Black,ORL,202504230BOS,"Apr 23, 2025",BOS,11,8,5,10,47.83,53.92,-6.09,5,6,2,0,1,1,0,0,1,3,0,0,0,0,0,0,0,0,0,0,0,0,1,1
1630573,Sam Hauser,BOS,202504230BOS,"Apr 23, 2025",ORL,0,2,0,2,0.0,0.0,0.0,0,0,2,0,0,0,0,0,0,0,0,0,0,0,0,0,0,0,0,0,0,0,0,0
1628436,Luke Kornet,BOS,202504230BOS,"Apr 23, 2025",ORL,2,1,2,2,50.0,53.19,-3.19,1,0,0,0,0,0,0,0,0,0,0,0,0,0,0,0,0,0,0,0,0,0,1,2
1630175,Cole Anthony,ORL,202504230BOS,"Apr 23, 2025",BOS,0,1,0,1,0.0,0.0,0.0,1,0,0,0,0,0,0,0,0,0,0,0,0,0,0,0,0,0,0,0,0,0,0,0
203914,Gary Harris,ORL,202504230BOS,"Apr 23, 2025",BOS,4,2,0,2,100.0,100.0,0.0,2,4,0,0,0,0,0,0,0,0,0,0,0,0,0,0,0,0,0,0,0,0,0,0
1629048,Goga Bitadze,ORL,202504230BOS,"Apr 23, 2025",BOS,2,1,0,1,100.0,100.0,0.0,1,2,0,0,0,0,0,0,0,0,0,0,0,0,0,0,0,0,0,0,0,0,0,0
1628386,Jarrett Allen,CLE,202504230CLE,"Apr 23, 2025",MIA,9,5,3,6,69.23,71.2,-1.97,4,4,0,0,1,2,0,0,1,3,0,0,0,0,0,0,0,0,0,0,0,0,0,0
1642276,Kel'el Ware,MIA,202504230CLE,"Apr 23, 2025",CLE,7,5,0,5,53.85,70.0,-16.15,2,4,3,3,0,0,0,0,0,0,0,0,0,0,0,0,0,0,0,0,0,0,0,0
1629622,Max Strus,CLE,202504230CLE,"Apr 23, 2025",MIA,14,8,2,9,53.85,78.83,-24.98,0,0,8,12,0,0,0,0,0,0,0,0,0,0,0,0,0,0,0,0,0,0,1,2
1628389,Bam Adebayo,MIA,202504230CLE,"Apr 23, 2025",CLE,11,9,4,11,40.74,51.12,-10.38,4,4,5,3,2,4,0,0,0,0,0,0,0,0,0,0,0,0,0,0,0,0,0,0
1629639,Tyler Herro,MIA,202504230CLE,"Apr 23, 2025",CLE,33,24,2,25,54.1,66.32,-12.22,13,20,11,12,1,1,0,0,0,0,0,0,0,0,0,0,0,0,0,0,0,0,0,0
1630596,Evan Mobley,CLE,202504230CLE,"Apr 23, 2025",MIA,20,10,3,11,68.97,88.34,-19.37,3,6,6,9,0,0,0,0,1,3,0,0,0,0,0,0,0,0,0,0,0,0,1,2
1628378,Donovan Mitchell,CLE,202504230CLE,"Apr 23, 2025",MIA,30,21,4,23,53.57,65.91,-12.34,11,6,10,21,1,1,0,0,0,0,0,0,0,0,0,0,0,0,0,0,0,0,1,2
1629636,Darius Garland,MIA,202504230CLE,"Apr 23, 2025",CLE,21,14,8,18,47.73,59.93,-12.2,6,8,8,6,2,3,0,0,0,0,0,0,0,0,0,0,0,0,0,0,0,0,2,4
203952,Andrew Wiggins,MIA,202504230CLE,"Apr 23, 2025",CLE,10,10,4,12,35.71,42.52,-6.81,6,4,4,3,2,3,0,0,0,0,0,0,0,0,0,0,0,0,0,0,0,0,0,0
1629631,De'Andre Hunter,CLE,202504230CLE,"Apr 23, 2025",MIA,12,10,2,11,46.15,55.15,-9.0,6,4,4,6,1,2,0,0,0,0,0,0,0,0,0,0,0,0,0,0,0,0,0,0
1629660,Ty Jerome,CLE,202504230CLE,"Apr 23, 2025",MIA,6,8,1,8,28.57,35.55,-6.98,3,0,4,3,0,0,0,0,1,3,0,0,0,0,0,0,0,0,0,0,0,0,0,0
1629312,Haywood Highsmith,MIA,202504230CLE,"Apr 23, 2025",CLE,17,7,0,7,85.0,121.43,-36.43,1,2,6,15,0,0,0,0,0,0,0,0,0,0,0,0,0,0,0,0,0,0,0,0
1641796,Pelle Larsson,MIA,202504230CLE,"Apr 23, 2025",CLE,2,2,0,2,40.0,50.0,-10.0,1,2,1,0,0,0,0,0,0,0,0,0,0,0,0,0,0,0,0,0,0,0,0,0
1630241,Sam Merrill,CLE,202504230CLE,"Apr 23, 2025",MIA,6,4,0,4,50.0,75.0,-25.0,0,0,4,6,0,0,0,0,0,0,0,0,0,0,0,0,0,0,0,0,0,0,0,0
1629130,Duncan Robinson,MIA,202504230CLE,"Apr 23, 2025",CLE,3,3,0,3,33.33,50.0,-16.67,0,0,3,3,0,0,0,0,0,0,0,0,0,0,0,0,0,0,0,0,0,0,0,0
1631107,Nikola Jović,MIA,202504230CLE,"Apr 23, 2025",CLE,11,12,2,13,32.35,42.7,-10.35,4,6,8,3,1,2,0,0,0,0,0,0,0,0,0,0,0,0,0,0,0,0,0,0
1630171,Isaac Okoro,CLE,202504230CLE,"Apr 23, 2025",MIA,3,2,0,2,60.0,75.0,-15.0,1,0,1,3,0,0,0,0,0,0,0,0,0,0,0,0,0,0,0,0,0,0,0,0
203110,Draymond Green,GSW,202504230HOU,"Apr 23, 2025",HOU,8,6,4,8,36.36,51.55,-15.19,0,0,6,6,1,1,0,0,0,0,0,0,0,0,1,1,0,0,0,0,0,0,0,0
1627832,Fred VanVleet,HOU,202504230HOU,"Apr 23, 2025",GSW,7,8,2,9,28.0,39.41,-11.41,1,2,7,3,1,2,0,0,0,0,0,0,0,0,0,0,0,0,0,0,0,0,0,0
1641708,Amen Thompson,HOU,202504230HOU,"Apr 23, 2025",GSW,11,7,4,9,57.89,62.79,-4.9,6,8,1,0,2,3,0,0,0,0,0,0,0,0,0,0,0,0,0,0,0,0,0,0
201939,Stephen Curry,GSW,202504230HOU,"Apr 23, 2025",HOU,20,15,4,18,46.51,59.67,-13.16,6,4,9,12,1,2,0,0,0,0,0,0,1,1,0,0,0,0,0,0,0,0,1,1
201145,Jeff Green,HOU,202504230HOU,"Apr 23, 2025",GSW,38,25,5,28,52.05,69.85,-17.8,7,10,18,24,2,4,0,0,0,0,0,0,1,0,0,0,0,0,0,0,0,0,0,0
1630541,Moses Moody,GSW,202504230HOU,"Apr 23, 2025",HOU,12,7,2,8,54.55,76.14,-21.59,1,2,6,9,1,1,0,0,0,0,0,0,0,0,0,0,0,0,0,0,0,0,0,0
202710,Jimmy Butler III,GSW,202504230HOU,"Apr 23, 2025",HOU,3,2,2,3,50.0,52.08,-2.08,2,2,0,0,0,0,0,0,0,0,0,0,0,0,0,0,0,0,0,0,0,0,1,1
1630578,Alperen Sengun,HOU,202504230HOU,"Apr 23, 2025",GSW,17,15,5,17,45.95,49.42,-3.47,12,8,2,3,2,3,0,0,1,3,0,0,0,0,0,0,0,0,0,0,0,0,0,0
1628415,Dillon Brooks,HOU,202504230HOU,"Apr 23, 2025",GSW,16,12,2,13,51.61,62.11,-10.5,7,8,5,6,1,2,0,0,0,0,0,0,0,0,0,0,0,0,0,0,0,0,0,0
1641764,Brandin Podziemski,GSW,202504230HOU,"Apr 23, 2025",HOU,0,5,0,5,0.0,0.0,0.0,3,0,2,0,0,0,0,0,0,0,0,0,0,0,0,0,0,0,0,0,0,0,0,0
1627780,Gary Payton II,GSW,202504230HOU,"Apr 23, 2025",HOU,0,3,0,3,0.0,0.0,0.0,2,0,1,0,0,0,0,0,0,0,0,0,0,0,0,0,0,0,0,0,0,0,0,0
1631106,Tari Eason,HOU,202504230HOU,"Apr 23, 2025",GSW,14,9,0,9,70.0,77.78,-7.78,7,8,2,6,0,0,0,0,0,0,0,0,0,0,0,0,0,0,0,0,0,0,0,0
1642366,Quinten Post,GSW,202504230HOU,"Apr 23, 2025",HOU,12,9,0,9,46.15,66.67,-20.52,1,0,8,12,0,0,0,0,0,0,0,0,0,0,0,0,0,0,0,0,0,0,0,0
1631095,Jabari Smith Jr.,HOU,202504230HOU,"Apr 23, 2025",GSW,5,4,0,4,45.45,62.5,-17.05,1,2,3,3,0,0,0,0,0,0,0,0,0,0,0,0,0,0,0,0,0,0,0,0
1627741,Buddy Hield,GSW,202504230HOU,"Apr 23, 2025",HOU,5,4,0,4,45.45,62.5,-17.05,1,2,3,3,0,0,0,0,0,0,0,0,0,0,0,0,0,0,0,0,0,0,0,0
203500,Steven Adams,HOU,202504230HOU,"Apr 23, 2025",GSW,1,0,2,1,50.0,56.82,-6.82,0,0,0,0,0,0,0,0,0,0,0,0,0,0,0,0,0,0,0,0,0,0,1,1
1626172,Kevon Looney,GSW,202504230HOU,"Apr 23, 2025",HOU,5,3,2,4,62.5,64.43,-1.93,3,4,0,0,1,1,0,0,0,0,0,0,0,0,0,0,0,0,0,0,0,0,0,0
1630611,Gui Santos,GSW,202504230HOU,"Apr 23, 2025",HOU,3,3,2,4,33.33,38.66,-5.33,2,2,1,0,1,1,0,0,0,0,0,0,0,0,0,0,0,0,0,0,0,0,0,0
1628988,Aaron Holiday,HOU,202504230HOU,"Apr 23, 2025",GSW,0,2,0,2,0.0,0.0,0.0,1,0,1,0,0,0,0,0,0,0,0,0,0,0,0,0,0,0,0,0,0,0,0,0
1630228,Jonathan Kuminga,GSW,202504230HOU,"Apr 23, 2025",HOU,11,12,2,13,35.48,42.7,-7.22,7,4,5,6,1,1,0,0,0,0,0,0,0,0,0,0,0,0,0,0,0,0,0,0
1630311,Pat Spencer,GSW,202504230HOU,"Apr 23, 2025",HOU,11,7,0,7,73.33,78.57,-5.24,6,8,1,3,0,0,0,0,0,0,0,0,0,0,0,0,0,0,0,0,0,0,0,0
1631218,Trayce Jackson-Davis,GSW,202504230HOU,"Apr 23, 2025",HOU,2,1,0,1,100.0,100.0,0.0,1,2,0,0,0,0,0,0,0,0,0,0,0,0,0,0,0,0,0,0,0,0,0,0
knoxke01,K. Knox,GSW,202504230HOU,"Apr 23, 2025",HOU,2,3,0,3,28.57,33.33,-4.76,2,2,1,0,0,0,0,0,0,0,0,0,0,0,0,0,0,0,0,0,0,0,0,0
1642263,Reed Sheppard,HOU,202504230HOU,"Apr 23, 2025",GSW,0,1,0,1,0.0,0.0,0.0,0,0,1,0,0,0,0,0,0,0,0,0,0,0,0,0,0,0,0,0,0,0,0,0
1641715,Cam Whitmore,HOU,202504230HOU,"Apr 23, 2025",GSW,0,1,0,1,0.0,0.0,0.0,1,0,0,0,0,0,0,0,0,0,0,0,0,0,0,0,0,0,0,0,0,0,0,0
203501,Tim Hardaway Jr.,DET,202504240DET,"Apr 24, 2025",NYK,24,13,3,14,58.54,83.8,-25.26,1,0,12,21,0,0,0,0,0,0,0,0,0,0,1,3,0,0,0,0,0,0,0,0
1628969,Mikal Bridges,NYK,202504240DET,"Apr 24, 2025",DET,20,13,3,14,57.14,69.83,-12.69,6,6,6,9,1,2,0,0,1,3,0,0,0,0,0,0,0,0,0,0,0,0,0,0
1626157,Karl-Anthony Towns,NYK,202504240DET,"Apr 24, 2025",DET,31,18,7,21,60.78,73.53,-12.75,9,10,8,12,2,4,0,0,1,3,0,0,0,0,0,0,0,0,0,0,0,0,1,2
1630595,Cade Cunningham,DET,202504240DET,"Apr 24, 2025",NYK,24,25,3,27,41.38,45.59,-4.21,20,16,5,6,1,2,0,0,0,0,0,0,1,0,0,0,0,0,0,0,0,0,0,0
202699,Tobias Harris,DET,202504240DET,"Apr 24, 2025",NYK,5,9,0,9,23.81,27.78,-3.97,6,2,3,3,0,0,0,0,0,0,0,0,0,0,0,0,0,0,0,0,0,0,0,0
1631105,Jalen Duren,DET,202504240DET,"Apr 24, 2025",NYK,16,10,2,11,72.73,73.53,-0.8,10,14,0,0,1,2,0,0,0,0,0,0,0,0,0,0,0,0,0,0,0,0,0,0
1628404,Josh Hart,NYK,202504240DET,"Apr 24, 2025",DET,6,7,0,7,40.0,42.86,-2.86,6,6,1,0,0,0,0,0,0,0,0,0,0,0,0,0,0,0,0,0,0,0,0,0
1628384,OG Anunoby,DET,202504240DET,"Apr 24, 2025",NYK,22,17,6,20,45.83,56.01,-10.18,9,8,8,9,3,5,0,0,0,0,0,0,0,0,0,0,0,0,0,0,0,0,0,0
1641709,Ausar Thompson,DET,202504240DET,"Apr 24, 2025",NYK,7,3,5,5,63.64,67.31,-3.67,2,2,0,0,1,1,0,0,1,3,0,0,0,0,0,0,0,0,0,0,0,0,1,1
1628973,Jalen Brunson,NYK,202504240DET,"Apr 24, 2025",DET,30,20,13,26,50.0,58.32,-8.32,12,14,7,3,0,0,0,0,1,3,0,0,0,0,0,0,0,0,0,0,0,0,6,10
1630540,Miles McBride,NYK,202504240DET,"Apr 24, 2025",DET,3,4,0,4,30.0,37.5,-7.5,2,0,2,3,0,0,0,0,0,0,0,0,0,0,0,0,0,0,0,0,0,0,0,0
beaslma01,M. Beasley,DET,202504240DET,"Apr 24, 2025",NYK,12,14,2,15,30.0,40.32,-10.32,4,4,10,6,0,0,0,0,0,0,0,0,0,0,0,0,0,0,0,0,0,0,1,2
1629011,Mitchell Robinson,NYK,202504240DET,"Apr 24, 2025",DET,2,3,0,3,33.33,33.33,0.0,3,2,0,0,0,0,0,0,0,0,0,0,0,0,0,0,0,0,0,0,0,0,0,0
1630194,Paul Reed,DET,202504240DET,"Apr 24, 2025",NYK,4,1,4,3,66.67,72.46,-5.79,1,2,0,0,2,2,0,0,0,0,0,0,0,0,0,0,0,0,0,0,0,0,0,0
203471,Dennis Schröder,DET,202504240DET,"Apr 24, 2025",NYK,18,9,2,10,69.23,91.09,-21.86,3,4,6,12,1,2,0,0,0,0,0,0,0,0,0,0,0,0,0,0,0,0,0,0
1626166,Cameron Payne,NYK,202504240DET,"Apr 24, 2025",DET,4,4,0,4,50.0,50.0,0.0,4,4,0,0,0,0,0,0,0,0,0,0,0,0,0,0,0,0,0,0,0,0,0,0
1641842,Ronald Holland II,DET,202504240DET,"Apr 24, 2025",NYK,6,2,6,5,54.55,64.66,-10.11,1,0,1,0,2,4,0,0,0,0,0,0,0,0,0,0,0,0,0,0,0,0,1,2
1630217,Desmond Bane,MEM,202504240MEM,"Apr 24, 2025",OKC,10,14,2,15,24.39,33.6,-9.21,3,2,11,6,1,2,0,0,0,0,0,0,0,0,0,0,0,0,0,0,0,0,0,0
1629652,Luguentz Dort,OKC,202504240MEM,"Apr 24, 2025",MEM,2,5,2,6,12.5,17.01,-4.51,1,2,4,0,0,0,0,0,0,0,0,0,0,0,0,0,0,0,0,0,0,0,1,0
1631096,Chet Holmgren,OKC,202504240MEM,"Apr 24, 2025",MEM,24,16,4,18,52.17,67.57,-15.4,6,6,10,15,1,1,0,0,0,0,0,0,0,0,0,0,0,0,0,0,0,0,1,2
1630590,Scotty Pippen Jr.,MEM,202504240MEM,"Apr 24, 2025",OKC,28,16,6,19,58.33,75.11,-16.78,6,4,10,18,1,2,0,0,0,0,0,0,0,0,0,0,0,0,0,0,0,0,2,4
1641744,Zach Edey,MEM,202504240MEM,"Apr 24, 2025",OKC,9,3,4,5,90.0,94.54,-4.54,3,6,0,0,2,3,0,0,0,0,0,0,0,0,0,0,0,0,0,0,0,0,0,0
1629630,Ja Morant,MEM,202504240MEM,"Apr 24, 2025",OKC,15,11,4,13,50.0,58.78,-8.78,7,10,4,3,2,2,0,0,0,0,0,0,0,0,0,0,0,0,0,0,0,0,0,0
1631119,Jaylin Williams,OKC,202504240MEM,"Apr 24, 2025",MEM,26,16,10,21,54.17,63.73,-9.56,10,14,6,6,5,6,0,0,0,0,0,0,0,0,0,0,0,0,0,0,0,0,0,0
1628983,Shai Gilgeous-Alexander,OKC,202504240MEM,"Apr 24, 2025",MEM,31,26,9,30,45.59,51.74,-6.15,19,16,7,6,3,6,1,3,0,0,0,0,0,0,0,0,0,0,0,0,0,0,0,0
1628991,Jaren Jackson Jr.,MEM,202504240MEM,"Apr 24, 2025",OKC,22,16,8,20,52.38,56.35,-3.97,14,12,2,3,1,2,0,0,0,0,0,0,0,0,0,0,0,0,0,0,0,0,3,5
1628392,Isaiah Hartenstein,OKC,202504240MEM,"Apr 24, 2025",MEM,5,3,4,5,50.0,52.52,-2.52,3,2,0,0,1,1,0,0,0,0,0,0,0,0,1,2,0,0,0,0,0,0,0,0
1630583,Santi Aldama,MEM,202504240MEM,"Apr 24, 2025",OKC,14,14,0,14,38.89,50.0,-11.11,6,8,8,6,0,0,0,0,0,0,0,0,0,0,0,0,0,0,0,0,0,0,0,0
1630198,Isaiah Joe,OKC,202504240MEM,"Apr 24, 2025",MEM,10,5,0,5,76.92,100.0,-23.08,2,4,3,6,0,0,0,0,0,0,0,0,0,0,0,0,0,0,0,0,0,0,0,0
1629723,John Konchar,MEM,202504240MEM,"Apr 24, 2025",OKC,5,3,2,4,45.45,64.43,-18.98,0,0,3,3,1,2,0,0,0,0,0,0,0,0,0,0,0,0,0,0,0,0,0,0
1628379,Luke Kennard,MEM,202504240MEM,"Apr 24, 2025",OKC,5,6,0,6,31.25,41.67,-10.42,2,2,4,3,0,0,0,0,0,0,0,0,0,0,0,0,0,0,0,0,0,0,0,0
1627936,Alex Caruso,OKC,202504240MEM,"Apr 24, 2025",MEM,10,7,2,8,52.63,63.45,-10.82,4,6,3,3,0,0,0,0,0,0,0,0,0,0,0,0,0,0,0,0,0,0,1,1
1641717,Cason Wallace,OKC,202504240MEM,"Apr 24, 2025",MEM,5,4,0,4,45.45,62.5,-17.05,1,2,3,3,0,0,0,0,0,0,0,0,0,0,0,0,0,0,0,0,0,0,0,0
1642349,Ajay Mitchell,OKC,202504240MEM,"Apr 24, 2025",MEM,1,0,2,1,50.0,56.82,-6.82,0,0,0,0,1,1,0,0,0,0,0,0,0,0,0,0,0,0,0,0,0,0,0,0
1630598,Aaron Wiggins,OKC,202504240MEM,"Apr 24, 2025",MEM,0,4,0,4,0.0,0.0,0.0,2,0,2,0,0,0,0,0,0,0,0,0,0,0,0,0,0,0,0,0,0,0,0,0
1627826,Ivica Zubac,LAC,202504240LAC,"Apr 24, 2025",DEN,19,12,6,15,63.33,64.89,-1.56,12,16,0,0,2,1,0,0,0,0,0,0,0,0,0,0,0,0,0,0,0,0,1,2
203999,Nikola Jokić,DEN,202504240LAC,"Apr 24, 2025",LAC,23,14,4,16,65.71,72.97,-7.26,11,14,3,6,1,2,0,0,0,0,0,0,0,0,0,0,0,0,0,0,0,0,1,1
203932,Aaron Gordon,DEN,202504240LAC,"Apr 24, 2025",LAC,15,16,1,16,40.54,45.62,-5.08,11,6,4,6,0,0,0,0,1,3,0,0,0,0,0,0,0,0,0,0,0,0,0,0
1627739,Kris Dunn,DEN,202504240LAC,"Apr 24, 2025",LAC,6,5,0,5,42.86,60.0,-17.14,1,0,4,6,0,0,0,0,0,0,0,0,0,0,0,0,0,0,0,0,0,0,0,0
202695,Kawhi Leonard,LAC,202504240LAC,"Apr 24, 2025",DEN,21,17,5,19,46.67,54.69,-8.02,10,6,6,9,2,4,0,0,1,2,0,0,0,0,0,0,0,0,0,0,0,0,0,0
1626181,Norman Powell,LAC,202504240LAC,"Apr 24, 2025",DEN,20,12,3,13,57.14,75.08,-17.94,3,6,8,9,1,2,0,0,1,3,0,0,0,0,0,0,0,0,0,0,0,0,0,0
1631128,Christian Braun,LAC,202504240LAC,"Apr 24, 2025",DEN,9,9,3,10,40.91,43.6,-2.69,7,6,1,0,1,1,0,0,1,2,0,0,0,0,0,0,0,0,0,0,0,0,0,0
201935,James Harden,LAC,202504240LAC,"Apr 24, 2025",DEN,20,14,6,16,47.62,60.1,-12.48,5,4,8,9,1,2,1,2,1,3,0,0,0,0,0,0,0,0,0,0,0,0,0,0
1629008,Michael Porter Jr.,DEN,202504240LAC,"Apr 24, 2025",LAC,7,9,2,10,26.92,35.43,-8.51,3,2,6,3,1,2,0,0,0,0,0,0,0,0,0,0,0,0,0,0,0,0,0,0
1627750,Jamal Murray,DEN,202504240LAC,"Apr 24, 2025",LAC,23,15,6,18,57.5,65.19,-7.69,11,14,4,3,3,6,0,0,0,0,0,0,0,0,0,0,0,0,0,0,0,0,0,0
simmobe01,B. Simmons,LAC,202504240LAC,"Apr 24, 2025",DEN,0,2,0,2,0.0,0.0,0.0,2,0,0,0,0,0,0,0,0,0,0,0,0,0,0,0,0,0,0,0,0,0,0,0
201566,Russell Westbrook,DEN,202504240LAC,"Apr 24, 2025",LAC,3,5,0,5,20.0,30.0,-10.0,0,0,5,3,0,0,0,0,0,0,0,0,0,0,0,0,0,0,0,0,0,0,0,0
201587,Nicolas Batum,LAC,202504240LAC,"Apr 24, 2025",DEN,12,6,0,6,66.67,100.0,-33.33,0,0,6,12,0,0,0,0,0,0,0,0,0,0,0,0,0,0,0,0,0,0,0,0
1627884,Derrick Jones Jr.,LAC,202504240LAC,"Apr 24, 2025",DEN,10,8,2,9,47.62,56.31,-8.69,5,4,3,6,1,0,0,0,0,0,0,0,0,0,0,0,0,0,0,0,0,0,0,0
1631212,Peyton Watson,DEN,202504240LAC,"Apr 24, 2025",LAC,2,4,0,4,25.0,25.0,0.0,4,2,0,0,0,0,0,0,0,0,0,0,0,0,0,0,0,0,0,0,0,0,0,0
1629618,Jalen Pickett,DEN,202504240LAC,"Apr 24, 2025",LAC,0,1,0,1,0.0,0.0,0.0,1,0,0,0,0,0,0,0,0,0,0,0,0,0,0,0,0,0,0,0,0,0,0,0
203992,Bogdan Bogdanović,LAC,202504240LAC,"Apr 24, 2025",DEN,2,3,0,3,25.0,33.33,-8.33,1,2,2,0,0,0,0,0,0,0,0,0,0,0,0,0,0,0,0,0,0,0,0,0
201599,DeAndre Jordan,DEN,202504240LAC,"Apr 24, 2025",LAC,0,0,2,1,0.0,0.0,0.0,0,0,0,0,1,0,0,0,0,0,0,0,0,0,0,0,0,0,0,0,0,0,0,0
1631124,Julian Strawther,DEN,202504240LAC,"Apr 24, 2025",LAC,0,1,0,1,0.0,0.0,0.0,1,0,0,0,0,0,0,0,0,0,0,0,0,0,0,0,0,0,0,0,0,0,0,0
1630192,Zeke Nnaji,DEN,202504240LAC,"Apr 24, 2025",LAC,1,2,2,3,12.5,17.36,-4.86,0,0,2,0,1,1,0,0,0,0,0,0,0,0,0,0,0,0,0,0,0,0,0,0
1641816,Hunter Tyson,DEN,202504240LAC,"Apr 24, 2025",LAC,0,1,0,1,0.0,0.0,0.0,0,0,1,0,0,0,0,0,0,0,0,0,0,0,0,0,0,0,0,0,0,0,0,0
1629234,Drew Eubanks,LAC,202504240LAC,"Apr 24, 2025",DEN,3,1,4,3,50.0,54.35,-4.35,1,0,0,0,1,2,0,0,0,0,0,0,0,0,0,0,0,0,0,0,0,0,1,1
1641757,Jordan Miller,LAC,202504240LAC,"Apr 24, 2025",DEN,1,1,2,2,20.0,26.6,-6.6,0,0,1,0,0,0,0,0,0,0,0,0,0,0,0,0,0,0,0,0,0,0,1,1
millspa02,P. Mills,LAC,202504240LAC,"Apr 24, 2025",DEN,3,2,0,2,60.0,75.0,-15.0,1,0,1,3,0,0,0,0,0,0,0,0,0,0,0,0,0,0,0,0,0,0,0,0
1627759,Jaylen Brown,BOS,202504250ORL,"Apr 25, 2025",ORL,19,14,5,16,54.29,58.64,-4.35,11,10,2,3,1,1,0,0,1,3,0,0,0,0,1,2,0,0,0,0,0,0,0,0
1628976,Wendell Carter Jr.,ORL,202504250ORL,"Apr 25, 2025",BOS,10,8,2,9,52.63,56.31,-3.68,7,8,1,0,1,2,0,0,0,0,0,0,0,0,0,0,0,0,0,0,0,0,0,0
1630532,Franz Wagner,ORL,202504250ORL,"Apr 25, 2025",BOS,32,27,12,33,40.51,49.57,-9.06,14,16,13,9,5,6,0,0,0,0,0,0,0,0,0,0,0,0,0,0,0,0,1,1
204001,Kristaps Porziņģis,BOS,202504250ORL,"Apr 25, 2025",ORL,7,10,3,11,26.92,30.92,-4.0,6,4,3,0,0,0,0,0,1,3,0,0,0,0,0,0,0,0,0,0,0,0,1,0
203484,Kentavious Caldwell-Pope,ORL,202504250ORL,"Apr 25, 2025",BOS,0,3,0,3,0.0,0.0,0.0,1,0,2,0,0,0,0,0,0,0,0,0,0,0,0,0,0,0,0,0,0,0,0,0
1631094,Paolo Banchero,BOS,202504250ORL,"Apr 25, 2025",ORL,29,25,8,29,46.77,50.84,-4.07,21,16,4,6,3,5,0,0,0,0,0,0,0,0,0,0,0,0,0,0,0,0,1,2
josepco01,C. Joseph,ORL,202504250ORL,"Apr 25, 2025",BOS,6,4,0,4,50.0,75.0,-25.0,0,0,4,6,0,0,0,0,0,0,0,0,0,0,0,0,0,0,0,0,0,0,0,0
1628369,Jayson Tatum,BOS,202504250ORL,"Apr 25, 2025",ORL,36,22,12,27,54.55,65.98,-11.43,11,10,10,12,1,2,2,6,1,3,0,0,0,0,0,0,0,0,0,0,1,1,1,2
201143,Al Horford,BOS,202504250ORL,"Apr 25, 2025",ORL,6,5,0,5,46.15,60.0,-13.85,2,0,3,6,0,0,0,0,0,0,0,0,0,0,0,0,0,0,0,0,0,0,0,0
1628401,Derrick White,BOS,202504250ORL,"Apr 25, 2025",ORL,16,14,0,14,44.44,57.14,-12.7,6,10,8,6,0,0,0,0,0,0,0,0,0,0,0,0,0,0,0,0,0,0,0,0
1630573,Sam Hauser,BOS,202504250ORL,"Apr 25, 2025",ORL,0,1,0,1,0.0,0.0,0.0,0,0,1,0,0,0,0,0,0,0,0,0,0,0,0,0,0,0,0,0,0,0,0,0
1630202,Payton Pritchard,BOS,202504250ORL,"Apr 25, 2025",ORL,3,2,2,3,50.0,52.08,-2.08,2,2,0,0,1,1,0,0,0,0,0,0,0,0,0,0,0,0,0,0,0,0,0,0
1630175,Cole Anthony,ORL,202504250ORL,"Apr 25, 2025",BOS,4,4,0,4,44.44,50.0,-5.56,3,4,1,0,0,0,0,0,0,0,0,0,0,0,0,0,0,0,0,0,0,0,0,0
1641710,Anthony Black,ORL,202504250ORL,"Apr 25, 2025",BOS,8,8,2,9,36.36,45.05,-8.69,4,6,4,0,1,2,0,0,0,0,0,0,0,0,0,0,0,0,0,0,0,0,0,0
203914,Gary Harris,ORL,202504250ORL,"Apr 25, 2025",BOS,0,2,0,2,0.0,0.0,0.0,0,0,2,0,0,0,0,0,0,0,0,0,0,0,0,0,0,0,0,0,0,0,0,0
1628371,Jonathan Isaac,ORL,202504250ORL,"Apr 25, 2025",BOS,2,1,0,1,100.0,100.0,0.0,1,2,0,0,0,0,0,0,0,0,0,0,0,0,0,0,0,0,0,0,0,0,0,0
1628436,Luke Kornet,BOS,202504250ORL,"Apr 25, 2025",ORL,6,6,0,6,50.0,50.0,0.0,6,6,0,0,0,0,0,0,0,0,0,0,0,0,0,0,0,0,0,0,0,0,0,0
1631216,Caleb Houstan,ORL,202504250ORL,"Apr 25, 2025",BOS,3,1,0,1,100.0,150.0,-50.0,0,0,1,3,0,0,0,0,0,0,0,0,0,0,0,0,0,0,0,0,0,0,0,0
203507,Giannis Antetokounmpo,IND,202504250MIL,"Apr 25, 2025",MIL,37,19,10,22,77.08,79.06,-1.98,15,20,0,0,3,6,0,0,4,11,0,0,0,0,0,0,0,0,0,0,0,0,0,0
1626167,Myles Turner,IND,202504250MIL,"Apr 25, 2025",MIL,6,9,4,11,21.43,27.88,-6.45,3,2,6,0,2,4,0,0,0,0,0,0,0,0,0,0,0,0,0,0,0,0,0,0
201572,Brook Lopez,MIL,202504250MIL,"Apr 25, 2025",IND,0,3,0,3,0.0,0.0,0.0,0,0,3,0,0,0,0,0,0,0,0,0,0,0,0,0,0,0,0,0,0,0,0,0
1627783,Pascal Siakam,IND,202504250MIL,"Apr 25, 2025",MIL,28,19,3,20,62.22,68.9,-6.68,14,16,4,9,1,1,0,0,1,2,0,0,0,0,0,0,0,0,0,0,0,0,0,0
1629614,Andrew Nembhard,IND,202504250MIL,"Apr 25, 2025",MIL,6,8,2,9,31.58,33.78,-2.2,7,4,1,0,1,2,0,0,0,0,0,0,0,0,0,0,0,0,0,0,0,0,0,0
1630174,Aaron Nesmith,MIL,202504250MIL,"Apr 25, 2025",IND,18,13,0,13,52.94,69.23,-16.29,5,6,8,12,0,0,0,0,0,0,0,0,0,0,0,0,0,0,0,0,0,0,0,0
1630169,Tyrese Haliburton,IND,202504250MIL,"Apr 25, 2025",MIL,14,11,0,11,45.16,63.64,-18.48,2,2,9,12,0,0,0,0,0,0,0,0,0,0,0,0,0,0,0,0,0,0,0,0
1628398,Kyle Kuzma,MIL,202504250MIL,"Apr 25, 2025",IND,9,9,0,9,45.0,50.0,-5.0,7,6,2,3,0,0,0,0,0,0,0,0,0,0,0,0,0,0,0,0,0,0,0,0
1629018,Gary Trent Jr.,MIL,202504250MIL,"Apr 25, 2025",IND,37,16,7,19,72.55,96.96,-24.41,3,2,12,27,1,2,1,2,1,3,0,0,1,1,0,0,0,0,0,0,0,0,0,0
1630167,Obi Toppin,IND,202504250MIL,"Apr 25, 2025",MIL,10,9,3,10,40.0,48.45,-8.45,4,6,4,0,1,1,0,0,1,3,0,0,0,0,0,0,0,0,0,0,0,0,0,0
1631260,AJ Green,MIL,202504250MIL,"Apr 25, 2025",IND,12,8,0,8,50.0,75.0,-25.0,0,0,8,12,0,0,0,0,0,0,0,0,0,0,0,0,0,0,0,0,0,0,0,0
1626171,Bobby Portis,MIL,202504250MIL,"Apr 25, 2025",IND,10,13,0,13,33.33,38.46,-5.13,9,10,4,0,0,0,0,0,0,0,0,0,0,0,0,0,0,0,0,0,0,0,0,0
1628418,Thomas Bryant,IND,202504250MIL,"Apr 25, 2025",MIL,3,2,0,2,60.0,75.0,-15.0,1,0,1,3,0,0,0,0,0,0,0,0,0,0,0,0,0,0,0,0,0,0,0,0
204456,T.J. McConnell,IND,202504250MIL,"Apr 25, 2025",MIL,0,4,0,4,0.0,0.0,0.0,4,0,0,0,0,0,0,0,0,0,0,0,0,0,0,0,0,0,0,0,0,0,0,0
1629645,Kevin Porter Jr.,MIL,202504250MIL,"Apr 25, 2025",IND,1,5,2,6,7.14,8.5,-1.36,3,0,2,0,0,0,0,0,0,0,0,0,0,0,0,0,0,0,0,0,0,0,1,1
1627752,Taurean Prince,MIL,202504250MIL,"Apr 25, 2025",IND,0,1,0,1,0.0,0.0,0.0,0,0,1,0,0,0,0,0,0,0,0,0,0,0,0,0,0,0,0,0,0,0,0,0
1631097,Bennedict Mathurin,IND,202504250MIL,"Apr 25, 2025",MIL,9,8,1,8,42.86,53.32,-10.46,3,6,4,0,0,0,0,0,1,3,0,0,0,0,0,0,0,0,0,0,0,0,0,0
1630579,Jericho Sims,MIL,202504250MIL,"Apr 25, 2025",IND,4,2,1,2,80.0,81.97,-1.97,1,2,0,0,0,0,0,0,1,2,0,0,0,0,0,0,0,0,0,0,0,0,0,0
203081,Damian Lillard,MIL,202504250MIL,"Apr 25, 2025",IND,7,12,2,13,20.59,27.17,-6.58,4,2,8,3,1,2,0,0,0,0,0,0,0,0,0,0,0,0,0,0,0,0,0,0
1641767,Ben Sheppard,IND,202504250MIL,"Apr 25, 2025",MIL,5,5,0,5,35.71,50.0,-14.29,1,2,4,3,0,0,0,0,0,0,0,0,0,0,0,0,0,0,0,0,0,0,0,0
1641716,Jarace Walker,IND,202504250MIL,"Apr 25, 2025",MIL,2,2,0,2,50.0,50.0,0.0,2,2,0,0,0,0,0,0,0,0,0,0,0,0,0,0,0,0,0,0,0,0,0,0
1631157,Ryan Rollins,MIL,202504250MIL,"Apr 25, 2025",IND,0,1,0,1,0.0,0.0,0.0,0,0,1,0,0,0,0,0,0,0,0,0,0,0,0,0,0,0,0,0,0,0,0,0
1629060,Rui Hachimura,LAL,202504250MIN,"Apr 25, 2025",MIN,8,7,0,7,44.44,57.14,-12.7,3,2,4,6,0,0,0,0,0,0,0,0,0,0,0,0,0,0,0,0,0,0,0,0
1630559,Austin Reaves,MIN,202504250MIN,"Apr 25, 2025",LAL,20,18,2,19,40.82,52.97,-12.15,7,4,11,15,0,0,0,0,0,0,0,0,0,0,0,0,0,0,0,0,0,0,1,1
203944,Julius Randle,MIN,202504250MIN,"Apr 25, 2025",LAL,22,13,10,17,55.0,63.22,-8.22,7,6,4,3,3,5,0,0,2,6,0,0,0,0,0,0,0,0,0,0,0,0,1,2
2544,LeBron James,LAL,202504250MIN,"Apr 25, 2025",MIN,38,21,10,25,62.3,74.8,-12.5,11,14,9,15,3,4,1,3,1,2,0,0,0,0,0,0,0,0,0,0,0,0,0,0
201144,Mike Conley,MIN,202504250MIN,"Apr 25, 2025",LAL,9,6,0,6,69.23,75.0,-5.77,5,6,1,3,0,0,0,0,0,0,0,0,0,0,0,0,0,0,0,0,0,0,0,0
1630183,Jaden McDaniels,MIN,202504250MIN,"Apr 25, 2025",LAL,30,22,4,23,56.6,63.13,-6.53,15,20,5,3,1,1,0,0,2,6,0,0,0,0,0,0,0,0,0,0,0,0,0,0
1629029,Luka Dončić,LAL,202504250MIN,"Apr 25, 2025",MIN,17,16,4,18,38.64,47.86,-9.22,8,8,8,6,2,3,0,0,0,0,0,0,0,0,0,0,0,0,0,0,0,0,0,0
1629637,Jaxson Hayes,MIN,202504250MIN,"Apr 25, 2025",LAL,2,2,0,2,50.0,50.0,0.0,2,2,0,0,0,0,0,0,0,0,0,0,0,0,0,0,0,0,0,0,0,0,0,0
1630162,Anthony Edwards,MIN,202504250MIN,"Apr 25, 2025",LAL,29,26,0,26,46.77,55.77,-9.0,16,14,10,15,0,0,0,0,0,0,0,0,0,0,0,0,0,0,0,0,0,0,0,0
203497,Rudy Gobert,LAL,202504250MIN,"Apr 25, 2025",MIN,1,0,4,2,25.0,28.41,-3.41,0,0,0,0,1,1,0,0,0,0,0,0,0,0,0,0,0,0,0,0,0,0,1,0
1627827,Dorian Finney-Smith,LAL,202504250MIN,"Apr 25, 2025",MIN,8,6,0,6,50.0,66.67,-16.67,2,2,4,6,0,0,0,0,0,0,0,0,0,0,0,0,0,0,0,0,0,0,0,0
1628978,Donte DiVincenzo,MIN,202504250MIN,"Apr 25, 2025",LAL,10,13,0,13,29.41,38.46,-9.05,5,4,8,6,0,0,0,0,0,0,0,0,0,0,0,0,0,0,0,0,0,0,0,0
1629675,Naz Reid,MIN,202504250MIN,"Apr 25, 2025",LAL,11,7,1,7,55.0,73.92,-18.92,1,2,5,6,0,0,0,0,1,3,0,0,0,0,0,0,0,0,0,0,0,0,0,0
1629216,Gabe Vincent,LAL,202504250MIN,"Apr 25, 2025",MIN,5,3,0,3,62.5,83.33,-20.83,1,2,2,3,0,0,0,0,0,0,0,0,0,0,0,0,0,0,0,0,0,0,0,0
1629638,Nickeil Alexander-Walker,MIN,202504250MIN,"Apr 25, 2025",LAL,4,4,2,5,30.77,40.98,-10.21,1,0,3,3,1,1,0,0,0,0,0,0,0,0,0,0,0,0,0,0,0,0,0,0
1629020,Jarred Vanderbilt,LAL,202504250MIN,"Apr 25, 2025",MIN,3,1,2,2,75.0,79.79,-4.79,1,2,0,0,0,0,0,0,0,0,0,0,0,0,0,0,0,0,0,0,0,0,1,1
1630692,Jordan Goodwin,LAL,202504250MIN,"Apr 25, 2025",MIN,3,3,2,4,33.33,38.66,-5.33,2,2,1,0,0,0,0,0,0,0,0,0,0,0,0,0,0,0,0,0,0,0,1,1
1642261,Dalton Knecht,LAL,202504250MIN,"Apr 25, 2025",MIN,0,1,0,1,0.0,0.0,0.0,0,0,1,0,0,0,0,0,0,0,0,0,0,0,0,0,0,0,0,0,0,0,0,0
1628389,Bam Adebayo,MIA,202504260MIA,"Apr 26, 2025",CLE,22,20,0,20,46.81,55.0,-8.19,13,10,7,12,0,0,0,0,0,0,0,0,0,0,0,0,0,0,0,0,0,0,0,0
1628386,Jarrett Allen,CLE,202504260MIA,"Apr 26, 2025",MIA,22,9,6,12,91.67,94.5,-2.83,9,16,0,0,3,6,0,0,0,0,0,0,0,0,0,0,0,0,0,0,0,0,0,0
1628378,Donovan Mitchell,CLE,202504260MIA,"Apr 26, 2025",MIA,13,14,5,17,31.71,40.12,-8.41,6,2,8,9,1,1,0,0,0,0,0,0,0,0,0,0,0,0,0,0,1,0,1,1
1629639,Tyler Herro,MIA,202504260MIA,"Apr 26, 2025",CLE,13,13,2,14,41.94,46.83,-4.89,10,8,3,3,1,2,0,0,0,0,0,0,0,0,0,0,0,0,0,0,0,0,0,0
1630596,Evan Mobley,CLE,202504260MIA,"Apr 26, 2025",MIA,19,13,1,13,61.29,70.68,-9.39,8,10,4,6,0,0,0,0,1,3,0,0,0,0,0,0,0,0,0,0,0,0,0,0
1630241,Sam Merrill,CLE,202504260MIA,"Apr 26, 2025",MIA,0,3,0,3,0.0,0.0,0.0,0,0,3,0,0,0,0,0,0,0,0,0,0,0,0,0,0,0,0,0,0,0,0,0
1642276,Kel'el Ware,MIA,202504260MIA,"Apr 26, 2025",CLE,8,5,0,5,61.54,80.0,-18.46,2,2,3,6,0,0,0,0,0,0,0,0,0,0,0,0,0,0,0,0,0,0,0,0
1629622,Max Strus,CLE,202504260MIA,"Apr 26, 2025",MIA,18,13,0,13,51.43,69.23,-17.8,4,6,9,12,0,0,0,0,0,0,0,0,0,0,0,0,0,0,0,0,0,0,0,0
203952,Andrew Wiggins,MIA,202504260MIA,"Apr 26, 2025",CLE,10,10,4,12,35.71,42.52,-6.81,6,2,4,6,1,0,0,0,0,0,0,0,0,0,0,0,0,0,0,0,0,0,1,2
1629631,De'Andre Hunter,CLE,202504260MIA,"Apr 26, 2025",MIA,21,8,6,11,77.78,98.68,-20.9,3,6,5,9,3,6,0,0,0,0,0,0,0,0,0,0,0,0,0,0,0,0,0,0
1629660,Ty Jerome,CLE,202504260MIA,"Apr 26, 2025",MIA,13,11,2,12,48.15,54.71,-6.56,8,8,3,3,1,2,0,0,0,0,0,0,0,0,0,0,0,0,0,0,0,0,0,0
1629731,Dean Wade,CLE,202504260MIA,"Apr 26, 2025",MIA,0,2,0,2,0.0,0.0,0.0,0,0,2,0,0,0,0,0,0,0,0,0,0,0,0,0,0,0,0,0,0,0,0,0
1629312,Haywood Highsmith,MIA,202504260MIA,"Apr 26, 2025",CLE,3,4,0,4,25.0,37.5,-12.5,0,0,4,3,0,0,0,0,0,0,0,0,0,0,0,0,0,0,0,0,0,0,0,0
1641796,Pelle Larsson,MIA,202504260MIA,"Apr 26, 2025",CLE,6,5,0,5,42.86,60.0,-17.14,1,0,4,6,0,0,0,0,0,0,0,0,0,0,0,0,0,0,0,0,0,0,0,0
1631107,Nikola Jović,MIA,202504260MIA,"Apr 26, 2025",CLE,3,7,0,7,15.0,21.43,-6.43,1,0,6,3,0,0,0,0,0,0,0,0,0,0,0,0,0,0,0,0,0,0,0,0
1629130,Duncan Robinson,MIA,202504260MIA,"Apr 26, 2025",CLE,6,1,3,3,100.0,129.31,-29.31,0,0,1,3,1,2,0,0,0,0,0,0,0,0,0,0,0,0,0,0,1,1,0,0
1630171,Isaac Okoro,CLE,202504260MIA,"Apr 26, 2025",MIA,9,6,0,6,60.0,75.0,-15.0,3,6,3,3,0,0,0,0,0,0,0,0,0,0,0,0,0,0,0,0,0,0,0,0
1629750,Javonte Green,CLE,202504260MIA,"Apr 26, 2025",MIA,2,3,0,3,25.0,33.33,-8.33,1,2,2,0,0,0,0,0,0,0,0,0,0,0,0,0,0,0,0,0,0,0,0,0
1642281,Jaylon Tyson,CLE,202504260MIA,"Apr 26, 2025",MIA,7,4,0,4,77.78,87.5,-9.72,3,4,1,3,0,0,0,0,0,0,0,0,0,0,0,0,0,0,0,0,0,0,0,0
1628991,Jaren Jackson Jr.,MEM,202504260MEM,"Apr 26, 2025",OKC,12,12,6,15,37.5,40.98,-3.48,10,6,2,0,3,6,0,0,0,0,0,0,0,0,0,0,0,0,0,0,0,0,0,0
1631119,Jaylin Williams,OKC,202504260MEM,"Apr 26, 2025",MEM,23,21,2,22,46.94,52.56,-5.62,16,16,5,6,0,0,0,0,0,0,0,0,0,0,0,0,0,0,0,0,0,0,1,1
1630217,Desmond Bane,MEM,202504260MEM,"Apr 26, 2025",OKC,23,20,8,24,41.07,48.89,-7.82,12,10,8,6,3,6,0,0,0,0,0,0,0,0,0,0,0,0,0,0,0,0,1,1
1630590,Scotty Pippen Jr.,MEM,202504260MEM,"Apr 26, 2025",OKC,30,21,10,26,50.85,59.06,-8.21,14,14,7,6,5,10,0,0,0,0,0,0,0,0,0,0,0,0,0,0,0,0,0,0
1631096,Chet Holmgren,OKC,202504260MEM,"Apr 26, 2025",MEM,11,9,6,12,39.29,47.25,-7.96,5,6,4,0,1,2,0,0,0,0,0,0,0,0,0,0,0,0,0,0,0,0,2,3
1630583,Santi Aldama,MEM,202504260MEM,"Apr 26, 2025",OKC,23,13,0,13,69.7,88.46,-18.76,6,8,7,15,0,0,0,0,0,0,0,0,0,0,0,0,0,0,0,0,0,0,0,0
1628392,Isaiah Hartenstein,OKC,202504260MEM,"Apr 26, 2025",MEM,11,7,2,8,68.75,69.8,-1.05,7,10,0,0,1,1,0,0,0,0,0,0,0,0,0,0,0,0,0,0,0,0,0,0
1641744,Zach Edey,MEM,202504260MEM,"Apr 26, 2025",OKC,8,4,2,5,80.0,81.97,-1.97,4,6,0,0,1,2,0,0,0,0,0,0,0,0,0,0,0,0,0,0,0,0,0,0
1628983,Shai Gilgeous-Alexander,OKC,202504260MEM,"Apr 26, 2025",MEM,38,24,13,29,58.46,63.93,-5.47,18,20,4,3,3,6,1,2,2,6,0,0,0,0,0,0,0,0,0,0,0,0,1,1
1629652,Luguentz Dort,OKC,202504260MEM,"Apr 26, 2025",MEM,4,4,4,6,25.0,34.72,-9.72,0,0,4,0,1,2,0,0,0,0,0,0,0,0,0,0,0,0,0,0,0,0,1,2
1630598,Aaron Wiggins,OKC,202504260MEM,"Apr 26, 2025",MEM,9,7,3,8,45.0,54.09,-9.09,3,4,3,0,1,2,0,0,1,3,0,0,0,0,0,0,0,0,0,0,0,0,0,0
1629723,John Konchar,MEM,202504260MEM,"Apr 26, 2025",OKC,4,1,2,2,100.0,106.38,-6.38,1,2,0,0,1,2,0,0,0,0,0,0,0,0,0,0,0,0,0,0,0,0,0,0
1627936,Alex Caruso,OKC,202504260MEM,"Apr 26, 2025",MEM,6,5,4,7,33.33,44.38,-11.05,1,0,4,3,0,0,0,0,0,0,0,0,0,0,1,1,0,0,0,0,0,0,1,2
1641717,Cason Wallace,OKC,202504260MEM,"Apr 26, 2025",MEM,4,8,1,8,20.0,23.7,-3.7,4,2,3,0,0,0,0,0,1,2,0,0,0,0,0,0,0,0,0,0,0,0,0,0
1629026,Kenrich Williams,OKC,202504260MEM,"Apr 26, 2025",MEM,0,1,0,1,0.0,0.0,0.0,0,0,1,0,0,0,0,0,0,0,0,0,0,0,0,0,0,0,0,0,0,0,0,0
1628379,Luke Kennard,MEM,202504260MEM,"Apr 26, 2025",OKC,4,4,0,4,40.0,50.0,-10.0,2,4,2,0,0,0,0,0,0,0,0,0,0,0,0,0,0,0,0,0,0,0,0,0
1631246,Vince Williams Jr.,MEM,202504260MEM,"Apr 26, 2025",OKC,11,5,2,6,64.71,93.54,-28.83,0,0,5,9,0,0,0,0,0,0,0,0,0,0,0,0,0,0,0,0,0,0,1,2
1630198,Isaiah Joe,OKC,202504260MEM,"Apr 26, 2025",MEM,11,7,0,7,55.0,78.57,-23.57,1,2,6,9,0,0,0,0,0,0,0,0,0,0,0,0,0,0,0,0,0,0,0,0
202695,Kawhi Leonard,LAC,202504260LAC,"Apr 26, 2025",DEN,24,22,3,23,46.15,51.46,-5.31,16,14,5,6,1,2,0,0,1,2,0,0,0,0,0,0,0,0,0,0,0,0,0,0
1627750,Jamal Murray,DEN,202504260LAC,"Apr 26, 2025",LAC,13,17,2,18,31.71,36.35,-4.64,12,8,5,3,1,2,0,0,0,0,0,0,0,0,0,0,0,0,0,0,0,0,0,0
1631128,Christian Braun,DEN,202504260LAC,"Apr 26, 2025",LAC,17,19,0,19,37.78,44.74,-6.96,12,14,7,3,0,0,0,0,0,0,0,0,0,0,0,0,0,0,0,0,0,0,0,0
1627739,Kris Dunn,LAC,202504260LAC,"Apr 26, 2025",DEN,3,9,0,9,12.5,16.67,-4.17,3,0,6,3,0,0,0,0,0,0,0,0,0,0,0,0,0,0,0,0,0,0,0,0
1629008,Michael Porter Jr.,DEN,202504260LAC,"Apr 26, 2025",LAC,17,11,2,12,54.84,71.55,-16.71,4,4,7,12,1,1,0,0,0,0,0,0,0,0,0,0,0,0,0,0,0,0,0,0
203999,Nikola Jokić,DEN,202504260LAC,"Apr 26, 2025",LAC,36,25,6,28,58.06,65.12,-7.06,19,22,6,9,2,4,0,0,0,0,0,0,0,0,0,0,0,0,0,0,0,0,1,1
1626181,Norman Powell,DEN,202504260LAC,"Apr 26, 2025",LAC,22,13,6,16,55.0,70.33,-15.33,5,6,8,12,2,3,0,0,0,0,0,0,0,0,0,0,0,0,0,0,0,0,1,1
203932,Aaron Gordon,DEN,202504260LAC,"Apr 26, 2025",LAC,14,9,4,11,56.0,65.06,-9.06,6,8,3,3,0,0,0,0,0,0,0,0,0,0,0,0,0,0,0,0,0,0,2,3
201935,James Harden,LAC,202504260LAC,"Apr 26, 2025",DEN,15,11,6,13,50.0,54.99,-4.99,8,6,2,3,1,1,1,2,1,3,0,0,0,0,0,0,0,0,0,0,0,0,0,0
1627826,Ivica Zubac,LAC,202504260LAC,"Apr 26, 2025",DEN,19,14,1,14,65.52,65.79,-0.27,13,16,0,0,0,0,0,0,1,3,0,0,0,0,0,0,0,0,0,0,0,0,0,0
1629618,Jalen Pickett,DEN,202504260LAC,"Apr 26, 2025",LAC,0,2,0,2,0.0,0.0,0.0,2,0,0,0,0,0,0,0,0,0,0,0,0,0,0,0,0,0,0,0,0,0,0,0
201587,Nicolas Batum,LAC,202504260LAC,"Apr 26, 2025",DEN,3,6,0,6,16.67,25.0,-8.33,0,0,6,3,0,0,0,0,0,0,0,0,0,0,0,0,0,0,0,0,0,0,0,0
1627884,Derrick Jones Jr.,LAC,202504260LAC,"Apr 26, 2025",DEN,4,5,0,5,36.36,40.0,-3.64,4,4,1,0,0,0,0,0,0,0,0,0,0,0,0,0,0,0,0,0,0,0,0,0
simmobe01,B. Simmons,LAC,202504260LAC,"Apr 26, 2025",DEN,2,1,0,1,100.0,100.0,0.0,1,2,0,0,0,0,0,0,0,0,0,0,0,0,0,0,0,0,0,0,0,0,0,0
203992,Bogdan Bogdanović,LAC,202504260LAC,"Apr 26, 2025",DEN,7,7,0,7,43.75,50.0,-6.25,5,4,2,3,0,0,0,0,0,0,0,0,0,0,0,0,0,0,0,0,0,0,0,0
201599,DeAndre Jordan,DEN,202504260LAC,"Apr 26, 2025",LAC,2,1,2,2,50.0,53.19,-3.19,1,2,0,0,1,0,0,0,0,0,0,0,0,0,0,0,0,0,0,0,0,0,0,0
1631212,Peyton Watson,DEN,202504260LAC,"Apr 26, 2025",LAC,2,3,0,3,28.57,33.33,-4.76,2,2,1,0,0,0,0,0,0,0,0,0,0,0,0,0,0,0,0,0,0,0,0,0
1628415,Dillon Brooks,GSW,202504260GSW,"Apr 26, 2025",HOU,13,8,2,9,59.09,73.2,-14.11,4,2,4,9,0,0,0,0,0,0,0,0,0,0,0,0,0,0,0,0,0,0,1,2
1641764,Brandin Podziemski,GSW,202504260GSW,"Apr 26, 2025",HOU,10,9,4,11,35.71,46.47,-10.76,3,4,6,3,2,3,0,0,0,0,0,0,0,0,0,0,0,0,0,0,0,0,0,0
1627832,Fred VanVleet,HOU,202504260GSW,"Apr 26, 2025",GSW,17,14,4,16,41.46,53.93,-12.47,4,2,9,9,1,2,0,0,1,3,0,0,1,1,0,0,0,0,0,0,0,0,0,0
203110,Draymond Green,GSW,202504260GSW,"Apr 26, 2025",HOU,7,11,1,11,25.93,30.59,-4.66,6,4,4,0,0,0,0,0,1,3,0,0,0,0,0,0,0,0,0,0,0,0,0,0
1630578,Alperen Sengun,HOU,202504260GSW,"Apr 26, 2025",GSW,15,18,6,21,35.71,36.34,-0.63,18,14,0,0,3,1,0,0,0,0,0,0,0,0,0,0,0,0,0,0,0,0,0,0
1630228,Jonathan Kuminga,GSW,202504260GSW,"Apr 26, 2025",HOU,7,7,2,8,43.75,44.42,-0.67,7,6,0,0,1,1,0,0,0,0,0,0,0,0,0,0,0,0,0,0,0,0,0,0
1642366,Quinten Post,GSW,202504260GSW,"Apr 26, 2025",HOU,2,7,0,7,11.76,14.29,-2.53,4,2,3,0,0,0,0,0,0,0,0,0,0,0,0,0,0,0,0,0,0,0,0,0
1641708,Amen Thompson,HOU,202504260GSW,"Apr 26, 2025",GSW,11,16,2,17,32.35,32.58,-0.23,16,10,0,0,1,1,0,0,0,0,0,0,0,0,0,0,0,0,0,0,0,0,0,0
201939,Stephen Curry,GSW,202504260GSW,"Apr 26, 2025",HOU,36,23,8,27,53.73,67.87,-14.14,9,12,13,15,0,0,0,0,1,2,0,0,1,1,0,0,0,0,0,0,0,0,3,6
201145,Jeff Green,HOU,202504260GSW,"Apr 26, 2025",GSW,9,11,0,11,33.33,40.91,-7.58,6,6,5,3,0,0,0,0,0,0,0,0,0,0,0,0,0,0,0,0,0,0,0,0
1626172,Kevon Looney,GSW,202504260GSW,"Apr 26, 2025",HOU,2,3,0,3,33.33,33.33,0.0,3,2,0,0,0,0,0,0,0,0,0,0,0,0,0,0,0,0,0,0,0,0,0,0
1630541,Moses Moody,GSW,202504260GSW,"Apr 26, 2025",HOU,7,8,0,8,33.33,43.75,-10.42,3,4,5,3,0,0,0,0,0,0,0,0,0,0,0,0,0,0,0,0,0,0,0,0
1627780,Gary Payton II,GSW,202504260GSW,"Apr 26, 2025",HOU,16,9,0,9,76.19,88.89,-12.7,6,10,3,6,0,0,0,0,0,0,0,0,0,0,0,0,0,0,0,0,0,0,0,0
1627741,Buddy Hield,GSW,202504260GSW,"Apr 26, 2025",HOU,17,13,0,13,45.95,65.38,-19.43,2,2,11,15,0,0,0,0,0,0,0,0,0,0,0,0,0,0,0,0,0,0,0,0
1631106,Tari Eason,HOU,202504260GSW,"Apr 26, 2025",GSW,8,9,2,10,32.0,40.49,-8.49,4,4,5,3,0,0,0,0,0,0,0,0,0,0,0,0,0,0,0,0,0,0,1,1
203500,Steven Adams,HOU,202504260GSW,"Apr 26, 2025",GSW,8,2,6,5,80.0,86.21,-6.21,2,4,0,0,1,2,0,0,0,0,0,0,0,0,0,0,0,0,0,0,0,0,2,2
1631095,Jabari Smith Jr.,HOU,202504260GSW,"Apr 26, 2025",GSW,12,8,2,9,52.17,67.57,-15.4,3,2,5,9,1,1,0,0,0,0,0,0,0,0,0,0,0,0,0,0,0,0,0,0
1626157,Karl-Anthony Towns,NYK,202504270DET,"Apr 27, 2025",DET,27,23,2,24,49.09,56.53,-7.44,16,10,7,15,1,2,0,0,0,0,0,0,0,0,0,0,0,0,0,0,0,0,0,0
202699,Tobias Harris,DET,202504270DET,"Apr 27, 2025",NYK,18,15,6,17,46.15,51.02,-4.87,10,8,3,0,2,4,0,0,2,6,0,0,0,0,0,0,0,0,0,0,0,0,0,0
1628404,Josh Hart,NYK,202504270DET,"Apr 27, 2025",DET,14,9,6,12,48.28,60.14,-11.86,4,2,5,9,3,3,0,0,0,0,0,0,0,0,0,0,0,0,0,0,0,0,0,0
1628384,OG Anunoby,NYK,202504270DET,"Apr 27, 2025",DET,8,13,2,14,25.81,28.82,-3.01,10,6,3,0,1,2,0,0,0,0,0,0,0,0,0,0,0,0,0,0,0,0,0,0
203501,Tim Hardaway Jr.,DET,202504270DET,"Apr 27, 2025",NYK,14,16,1,17,30.43,42.58,-12.15,3,2,13,12,0,0,0,0,0,0,0,0,0,0,0,0,0,0,0,0,0,0,1,0
1631105,Jalen Duren,DET,202504270DET,"Apr 27, 2025",NYK,6,5,0,5,60.0,60.0,0.0,5,6,0,0,0,0,0,0,0,0,0,0,0,0,0,0,0,0,0,0,0,0,0,0
1628969,Mikal Bridges,NYK,202504270DET,"Apr 27, 2025",DET,8,12,0,12,26.67,33.33,-6.66,6,2,6,6,0,0,0,0,0,0,0,0,0,0,0,0,0,0,0,0,0,0,0,0
1641709,Ausar Thompson,DET,202504270DET,"Apr 27, 2025",NYK,8,7,2,8,47.06,50.76,-3.7,6,6,1,0,1,2,0,0,0,0,0,0,0,0,0,0,0,0,0,0,0,0,0,0
1630595,Cade Cunningham,DET,202504270DET,"Apr 27, 2025",NYK,25,23,4,25,47.17,50.48,-3.31,20,22,3,0,2,3,0,0,0,0,0,0,0,0,0,0,0,0,0,0,0,0,0,0
beaslma01,M. Beasley,DET,202504270DET,"Apr 27, 2025",NYK,13,12,0,12,39.39,54.17,-14.78,3,4,9,9,0,0,0,0,0,0,0,0,0,0,0,0,0,0,0,0,0,0,0,0
1628973,Jalen Brunson,NYK,202504270DET,"Apr 27, 2025",DET,32,26,2,27,52.46,59.52,-7.06,19,18,7,12,0,0,0,0,0,0,0,0,0,0,0,0,0,0,0,0,0,0,1,2
203471,Dennis Schröder,DET,202504270DET,"Apr 27, 2025",NYK,6,4,2,5,60.0,61.48,-1.48,4,4,0,0,1,2,0,0,0,0,0,0,0,0,0,0,0,0,0,0,0,0,0,0
1630540,Miles McBride,NYK,202504270DET,"Apr 27, 2025",DET,5,5,2,6,29.41,42.52,-13.11,0,0,5,3,1,2,0,0,0,0,0,0,0,0,0,0,0,0,0,0,0,0,0,0
1629011,Mitchell Robinson,NYK,202504270DET,"Apr 27, 2025",DET,0,1,4,3,0.0,0.0,0.0,1,0,0,0,1,0,0,0,0,0,0,0,0,0,0,0,0,0,0,0,0,0,1,0
1630194,Paul Reed,DET,202504270DET,"Apr 27, 2025",NYK,2,2,0,2,50.0,50.0,0.0,2,2,0,0,0,0,0,0,0,0,0,0,0,0,0,0,0,0,0,0,0,0,0,0
1641842,Ronald Holland II,DET,202504270DET,"Apr 27, 2025",NYK,1,0,2,1,50.0,56.82,-6.82,0,0,0,0,1,1,0,0,0,0,0,0,0,0,0,0,0,0,0,0,0,0,0,0
1626166,Cameron Payne,NYK,202504270DET,"Apr 27, 2025",DET,0,2,0,2,0.0,0.0,0.0,2,0,0,0,0,0,0,0,0,0,0,0,0,0,0,0,0,0,0,0,0,0,0,0
203497,Rudy Gobert,MIN,202504270MIN,"Apr 27, 2025",LAL,5,6,4,8,31.25,32.22,-0.97,6,2,0,0,2,3,0,0,0,0,0,0,0,0,0,0,0,0,0,0,0,0,0,0
1629637,Jaxson Hayes,LAL,202504270MIN,"Apr 27, 2025",MIN,2,2,0,2,50.0,50.0,0.0,2,2,0,0,0,0,0,0,0,0,0,0,0,0,0,0,0,0,0,0,0,0,0,0
1629029,Luka Dončić,LAL,202504270MIN,"Apr 27, 2025",MIN,38,28,7,31,50.67,61.13,-10.46,16,16,12,15,2,4,1,3,0,0,0,0,0,0,0,0,0,0,0,0,0,0,0,0
203944,Julius Randle,MIN,202504270MIN,"Apr 27, 2025",LAL,25,22,4,24,44.64,52.61,-7.97,14,12,8,9,2,4,0,0,0,0,0,0,0,0,0,0,0,0,0,0,0,0,0,0
1630559,Austin Reaves,LAL,202504270MIN,"Apr 27, 2025",MIN,17,14,0,14,42.5,60.71,-18.21,2,2,12,15,0,0,0,0,0,0,0,0,0,0,0,0,0,0,0,0,0,0,0,0
1629060,Rui Hachimura,LAL,202504270MIN,"Apr 27, 2025",MIN,23,16,0,16,54.76,71.88,-17.12,6,8,10,15,0,0,0,0,0,0,0,0,0,0,0,0,0,0,0,0,0,0,0,0
1630183,Jaden McDaniels,MIN,202504270MIN,"Apr 27, 2025",LAL,16,11,3,12,57.14,64.94,-7.8,7,6,3,6,1,1,0,0,1,3,0,0,0,0,0,0,0,0,0,0,0,0,0,0
1630162,Anthony Edwards,MIN,202504270MIN,"Apr 27, 2025",LAL,43,23,17,30,58.9,70.54,-11.64,11,10,10,15,3,5,2,5,2,5,0,0,1,1,0,0,0,0,0,0,0,0,1,2
2544,LeBron James,LAL,202504270MIN,"Apr 27, 2025",MIN,27,9,18,18,67.5,79.79,-12.29,4,4,4,6,6,10,0,0,1,3,0,0,1,0,1,2,0,0,0,0,0,0,1,2
201144,Mike Conley,MIN,202504270MIN,"Apr 27, 2025",LAL,2,5,0,5,14.29,20.0,-5.71,1,2,4,0,0,0,0,0,0,0,0,0,0,0,0,0,0,0,0,0,0,0,0,0
1627827,Dorian Finney-Smith,LAL,202504270MIN,"Apr 27, 2025",MIN,6,7,0,7,30.0,42.86,-12.86,1,0,6,6,0,0,0,0,0,0,0,0,0,0,0,0,0,0,0,0,0,0,0,0
1628978,Donte DiVincenzo,MIN,202504270MIN,"Apr 27, 2025",LAL,8,11,1,11,29.63,34.97,-5.34,6,2,4,3,0,0,0,0,1,3,0,0,0,0,0,0,0,0,0,0,0,0,0,0
1629675,Naz Reid,MIN,202504270MIN,"Apr 27, 2025",LAL,12,7,4,9,54.55,68.49,-13.94,3,4,4,6,2,2,0,0,0,0,0,0,0,0,0,0,0,0,0,0,0,0,0,0
1629216,Gabe Vincent,LAL,202504270MIN,"Apr 27, 2025",MIN,0,2,0,2,0.0,0.0,0.0,0,0,2,0,0,0,0,0,0,0,0,0,0,0,0,0,0,0,0,0,0,0,0,0
1629638,Nickeil Alexander-Walker,MIN,202504270MIN,"Apr 27, 2025",LAL,5,4,0,4,45.45,62.5,-17.05,1,2,3,3,0,0,0,0,0,0,0,0,0,0,0,0,0,0,0,0,0,0,0,0
1630545,Terrence Shannon Jr.,MIN,202504270MIN,"Apr 27, 2025",LAL,0,1,0,1,0.0,0.0,0.0,1,0,0,0,0,0,0,0,0,0,0,0,0,0,0,0,0,0,0,0,0,0,0,0
1630692,Jordan Goodwin,LAL,202504270MIN,"Apr 27, 2025",MIN,0,2,0,2,0.0,0.0,0.0,1,0,1,0,0,0,0,0,0,0,0,0,0,0,0,0,0,0,0,0,0,0,0,0
1630532,Franz Wagner,ORL,202504270ORL,"Apr 27, 2025",BOS,24,22,3,23,44.44,51.46,-7.02,14,14,7,6,1,1,0,0,1,3,0,0,0,0,0,0,0,0,0,0,0,0,0,0
1628401,Derrick White,BOS,202504270ORL,"Apr 27, 2025",ORL,18,11,3,12,58.06,73.05,-14.99,4,8,6,6,1,1,0,0,1,3,0,0,0,0,0,0,0,0,0,0,0,0,0,0
josepco01,C. Joseph,ORL,202504270ORL,"Apr 27, 2025",BOS,12,8,0,8,60.0,75.0,-15.0,4,6,4,6,0,0,0,0,0,0,0,0,0,0,0,0,0,0,0,0,0,0,0,0
204001,Kristaps Porziņģis,BOS,202504270ORL,"Apr 27, 2025",ORL,19,14,3,15,54.29,62.01,-7.72,9,8,4,6,1,2,0,0,1,3,0,0,0,0,0,0,0,0,0,0,0,0,0,0
1628369,Jayson Tatum,BOS,202504270ORL,"Apr 27, 2025",ORL,37,25,14,31,50.0,59.37,-9.37,14,12,10,9,3,6,1,3,1,3,0,0,1,2,0,0,0,0,0,0,0,0,1,2
1627759,Jaylen Brown,BOS,202504270ORL,"Apr 27, 2025",ORL,21,16,10,21,46.67,51.47,-4.8,13,12,3,0,3,6,0,0,0,0,0,0,0,0,0,0,0,0,0,0,0,0,2,3
1631094,Paolo Banchero,ORL,202504270ORL,"Apr 27, 2025",BOS,31,32,9,36,39.24,43.1,-3.86,25,18,6,6,4,4,0,0,1,3,0,0,0,0,0,0,0,0,0,0,0,0,0,0
201143,Al Horford,BOS,202504270ORL,"Apr 27, 2025",ORL,6,7,2,8,31.58,38.07,-6.49,4,4,3,0,0,0,0,0,0,0,0,0,0,0,0,0,0,0,0,0,0,0,1,2
1628976,Wendell Carter Jr.,ORL,202504270ORL,"Apr 27, 2025",BOS,9,8,2,9,47.37,50.68,-3.31,7,8,1,0,1,1,0,0,0,0,0,0,0,0,0,0,0,0,0,0,0,0,0,0
1631216,Caleb Houstan,ORL,202504270ORL,"Apr 27, 2025",BOS,0,4,0,4,0.0,0.0,0.0,1,0,3,0,0,0,0,0,0,0,0,0,0,0,0,0,0,0,0,0,0,0,0,0
1630573,Sam Hauser,BOS,202504270ORL,"Apr 27, 2025",ORL,6,3,0,3,66.67,100.0,-33.33,0,0,3,6,0,0,0,0,0,0,0,0,0,0,0,0,0,0,0,0,0,0,0,0
1630202,Payton Pritchard,BOS,202504270ORL,"Apr 27, 2025",ORL,0,2,0,2,0.0,0.0,0.0,0,0,2,0,0,0,0,0,0,0,0,0,0,0,0,0,0,0,0,0,0,0,0,0
1641710,Anthony Black,ORL,202504270ORL,"Apr 27, 2025",BOS,10,7,2,8,52.63,63.45,-10.82,4,8,3,0,0,0,0,0,0,0,0,0,0,0,0,0,0,0,0,0,0,0,1,2
203914,Gary Harris,ORL,202504270ORL,"Apr 27, 2025",BOS,0,1,0,1,0.0,0.0,0.0,0,0,1,0,0,0,0,0,0,0,0,0,0,0,0,0,0,0,0,0,0,0,0,0
1628371,Jonathan Isaac,ORL,202504270ORL,"Apr 27, 2025",BOS,4,2,2,3,57.14,69.44,-12.3,1,2,1,0,0,0,0,0,0,0,0,0,0,0,0,0,0,0,0,0,0,0,1,2
203484,Kentavious Caldwell-Pope,ORL,202504270ORL,"Apr 27, 2025",BOS,8,4,2,6,57.14,81.97,-24.83,0,0,4,6,0,0,0,0,0,0,0,0,1,1,0,0,0,0,0,0,0,0,1,1
1627783,Pascal Siakam,IND,202504270MIL,"Apr 27, 2025",MIL,12,10,2,11,50.0,55.15,-5.15,8,10,2,0,1,2,0,0,0,0,0,0,0,0,0,0,0,0,0,0,0,0,0,0
1630169,Tyrese Haliburton,IND,202504270MIL,"Apr 27, 2025",MIL,17,11,4,13,54.84,66.61,-11.77,5,6,5,6,1,1,0,0,1,3,0,0,1,1,0,0,0,0,0,0,0,0,0,0
203507,Giannis Antetokounmpo,MIL,202504270MIL,"Apr 27, 2025",IND,28,20,11,25,53.85,56.36,-2.51,18,16,1,0,5,9,0,0,1,3,0,0,0,0,0,0,0,0,0,0,0,0,0,0
1630174,Aaron Nesmith,IND,202504270MIL,"Apr 27, 2025",MIL,14,8,2,9,60.87,78.83,-17.96,3,6,5,6,1,2,0,0,0,0,0,0,0,0,0,0,0,0,0,0,0,0,0,0
203081,Damian Lillard,MIL,202504270MIL,"Apr 27, 2025",IND,0,2,0,2,0.0,0.0,0.0,2,0,0,0,0,0,0,0,0,0,0,0,0,0,0,0,0,0,0,0,0,0,0,0
1626167,Myles Turner,IND,202504270MIL,"Apr 27, 2025",MIL,23,13,5,15,67.65,75.66,-8.01,9,14,3,3,2,3,0,0,1,3,0,0,0,0,0,0,0,0,0,0,0,0,0,0
1629018,Gary Trent Jr.,IND,202504270MIL,"Apr 27, 2025",MIL,6,6,0,6,35.29,50.0,-14.71,1,0,5,6,0,0,0,0,0,0,0,0,0,0,0,0,0,0,0,0,0,0,0,0
1628398,Kyle Kuzma,MIL,202504270MIL,"Apr 27, 2025",IND,3,6,2,7,20.0,21.8,-1.8,5,2,1,0,1,1,0,0,0,0,0,0,0,0,0,0,0,0,0,0,0,0,0,0
1629614,Andrew Nembhard,IND,202504270MIL,"Apr 27, 2025",MIL,20,14,0,14,55.56,71.43,-15.87,6,8,8,12,0,0,0,0,0,0,0,0,0,0,0,0,0,0,0,0,0,0,0,0
201572,Brook Lopez,MIL,202504270MIL,"Apr 27, 2025",IND,6,6,0,6,35.29,50.0,-14.71,1,0,5,6,0,0,0,0,0,0,0,0,0,0,0,0,0,0,0,0,0,0,0,0
1641716,Jarace Walker,IND,202504270MIL,"Apr 27, 2025",MIL,12,5,0,5,80.0,120.0,-40.0,0,0,5,12,0,0,0,0,0,0,0,0,0,0,0,0,0,0,0,0,0,0,0,0
1629645,Kevin Porter Jr.,MIL,202504270MIL,"Apr 27, 2025",IND,23,17,0,17,56.1,67.65,-11.55,10,8,7,15,0,0,0,0,0,0,0,0,0,0,0,0,0,0,0,0,0,0,0,0
1626171,Bobby Portis,MIL,202504270MIL,"Apr 27, 2025",IND,14,10,0,10,58.33,70.0,-11.67,6,8,4,6,0,0,0,0,0,0,0,0,0,0,0,0,0,0,0,0,0,0,0,0
204456,T.J. McConnell,IND,202504270MIL,"Apr 27, 2025",MIL,15,10,0,10,68.18,75.0,-6.82,8,12,2,3,0,0,0,0,0,0,0,0,0,0,0,0,0,0,0,0,0,0,0,0
1630167,Obi Toppin,IND,202504270MIL,"Apr 27, 2025",MIL,13,7,0,7,72.22,92.86,-20.64,3,4,4,9,0,0,0,0,0,0,0,0,0,0,0,0,0,0,0,0,0,0,0,0
1631260,AJ Green,MIL,202504270MIL,"Apr 27, 2025",IND,9,5,0,5,60.0,90.0,-30.0,0,0,5,9,0,0,0,0,0,0,0,0,0,0,0,0,0,0,0,0,0,0,0,0
1641767,Ben Sheppard,IND,202504270MIL,"Apr 27, 2025",MIL,3,4,0,4,25.0,37.5,-12.5,0,0,4,3,0,0,0,0,0,0,0,0,0,0,0,0,0,0,0,0,0,0,0,0
1627752,Taurean Prince,MIL,202504270MIL,"Apr 27, 2025",IND,0,3,0,3,0.0,0.0,0.0,0,0,3,0,0,0,0,0,0,0,0,0,0,0,0,0,0,0,0,0,0,0,0,0
1630579,Jericho Sims,MIL,202504270MIL,"Apr 27, 2025",IND,6,2,2,3,100.0,104.17,-4.17,2,4,0,0,1,2,0,0,0,0,0,0,0,0,0,0,0,0,0,0,0,0,0,0
1628418,Thomas Bryant,IND,202504270MIL,"Apr 27, 2025",MIL,0,1,0,1,0.0,0.0,0.0,0,0,1,0,0,0,0,0,0,0,0,0,0,0,0,0,0,0,0,0,0,0,0,0
1631157,Ryan Rollins,MIL,202504270MIL,"Apr 27, 2025",IND,5,4,0,4,50.0,62.5,-12.5,2,2,2,3,0,0,0,0,0,0,0,0,0,0,0,0,0,0,0,0,0,0,0,0
1626192,Pat Connaughton,MIL,202504270MIL,"Apr 27, 2025",IND,3,7,2,8,15.79,19.04,-3.25,4,2,3,0,1,1,0,0,0,0,0,0,0,0,0,0,0,0,0,0,0,0,0,0
1641753,Chris Livingston,MIL,202504270MIL,"Apr 27, 2025",IND,0,1,0,1,0.0,0.0,0.0,0,0,1,0,0,0,0,0,0,0,0,0,0,0,0,0,0,0,0,0,0,0,0,0
1630558,Davion Mitchell,MIA,202504280MIA,"Apr 28, 2025",CLE,8,9,2,10,32.0,40.49,-8.49,4,4,5,3,1,1,0,0,0,0,0,0,0,0,0,0,0,0,0,0,0,0,0,0
1628386,Jarrett Allen,CLE,202504280MIA,"Apr 28, 2025",MIA,14,5,4,7,100.0,103.55,-3.55,5,10,0,0,2,4,0,0,0,0,0,0,0,0,0,0,0,0,0,0,0,0,0,0
1630596,Evan Mobley,CLE,202504280MIA,"Apr 28, 2025",MIA,17,9,4,11,65.38,79.0,-13.62,5,8,4,6,2,3,0,0,0,0,0,0,0,0,0,0,0,0,0,0,0,0,0,0
1642276,Kel'el Ware,MIA,202504280MIA,"Apr 28, 2025",CLE,2,6,0,6,12.5,16.67,-4.17,2,2,4,0,0,0,0,0,0,0,0,0,0,0,0,0,0,0,0,0,0,0,0,0
1629639,Tyler Herro,MIA,202504280MIA,"Apr 28, 2025",CLE,4,10,2,11,12.9,18.38,-5.48,1,0,9,3,1,1,0,0,0,0,0,0,0,0,0,0,0,0,0,0,0,0,0,0
1630241,Sam Merrill,CLE,202504280MIA,"Apr 28, 2025",MIA,9,7,0,7,42.86,64.29,-21.43,0,0,7,9,0,0,0,0,0,0,0,0,0,0,0,0,0,0,0,0,0,0,0,0
1629622,Max Strus,CLE,202504280MIA,"Apr 28, 2025",MIA,3,6,0,6,18.75,25.0,-6.25,2,0,4,3,0,0,0,0,0,0,0,0,0,0,0,0,0,0,0,0,0,0,0,0
1629312,Haywood Highsmith,MIA,202504280MIA,"Apr 28, 2025",CLE,2,4,0,4,18.18,25.0,-6.82,1,2,3,0,0,0,0,0,0,0,0,0,0,0,0,0,0,0,0,0,0,0,0,0
203952,Andrew Wiggins,MIA,202504280MIA,"Apr 28, 2025",CLE,12,12,0,12,40.0,50.0,-10.0,6,6,6,6,0,0,0,0,0,0,0,0,0,0,0,0,0,0,0,0,0,0,0,0
1629631,De'Andre Hunter,CLE,202504280MIA,"Apr 28, 2025",MIA,19,11,5,13,61.29,71.97,-10.68,6,4,4,9,1,1,0,0,1,3,0,0,0,0,0,0,0,0,0,0,0,0,1,2
1629660,Ty Jerome,CLE,202504280MIA,"Apr 28, 2025",MIA,18,8,5,10,69.23,88.24,-19.01,3,4,5,9,1,2,1,3,0,0,0,0,0,0,0,0,0,0,0,0,0,0,0,0
1628389,Bam Adebayo,MIA,202504280MIA,"Apr 28, 2025",CLE,13,13,1,13,41.94,48.36,-6.42,8,8,4,3,0,0,0,0,1,2,0,0,0,0,0,0,0,0,0,0,0,0,0,0
1629731,Dean Wade,CLE,202504280MIA,"Apr 28, 2025",MIA,5,3,0,3,62.5,83.33,-20.83,1,2,2,3,0,0,0,0,0,0,0,0,0,0,0,0,0,0,0,0,0,0,0,0
1641796,Pelle Larsson,MIA,202504280MIA,"Apr 28, 2025",CLE,12,8,3,9,54.55,64.38,-9.83,4,6,3,3,1,1,0,0,1,2,0,0,0,0,0,0,0,0,0,0,0,0,0,0
203937,Kyle Anderson,MIA,202504280MIA,"Apr 28, 2025",CLE,0,1,0,1,0.0,0.0,0.0,1,0,0,0,0,0,0,0,0,0,0,0,0,0,0,0,0,0,0,0,0,0,0,0
1631107,Nikola Jović,MIA,202504280MIA,"Apr 28, 2025",CLE,24,15,4,17,55.81,71.6,-15.79,6,8,9,12,2,4,0,0,0,0,0,0,0,0,0,0,0,0,0,0,0,0,0,0
1630171,Isaac Okoro,CLE,202504280MIA,"Apr 28, 2025",MIA,6,3,0,3,66.67,100.0,-33.33,0,0,3,6,0,0,0,0,0,0,0,0,0,0,0,0,0,0,0,0,0,0,0,0
1629750,Javonte Green,CLE,202504280MIA,"Apr 28, 2025",MIA,11,4,4,6,78.57,95.49,-16.92,2,4,2,3,1,2,0,0,0,0,0,0,0,0,0,0,0,0,0,0,0,0,1,2
1629130,Duncan Robinson,MIA,202504280MIA,"Apr 28, 2025",CLE,0,5,1,6,0.0,0.0,0.0,0,0,5,0,0,0,0,0,0,0,0,0,1,0,0,0,0,0,0,0,0,0,0,0
1631170,Jaime Jaquez Jr.,MIA,202504280MIA,"Apr 28, 2025",CLE,4,5,2,6,30.77,34.01,-3.24,4,2,1,0,1,2,0,0,0,0,0,0,0,0,0,0,0,0,0,0,0,0,0,0
1641854,Craig Porter Jr.,MIA,202504280MIA,"Apr 28, 2025",CLE,4,4,0,4,44.44,50.0,-5.56,3,4,1,0,0,0,0,0,0,0,0,0,0,0,0,0,0,0,0,0,0,0,0,0
thomptr01,T. Thompson,CLE,202504280MIA,"Apr 28, 2025",MIA,4,4,1,4,44.44,45.05,-0.61,3,2,0,0,0,0,0,0,1,2,0,0,0,0,0,0,0,0,0,0,0,0,0,0
1642281,Jaylon Tyson,CLE,202504280MIA,"Apr 28, 2025",MIA,6,4,0,4,50.0,75.0,-25.0,0,0,4,6,0,0,0,0,0,0,0,0,0,0,0,0,0,0,0,0,0,0,0,0
okekech01,C. Okeke,CLE,202504280MIA,"Apr 28, 2025",MIA,0,3,0,3,0.0,0.0,0.0,0,0,3,0,0,0,0,0,0,0,0,0,0,0,0,0,0,0,0,0,0,0,0,0
1642352,Keshad Johnson,MIA,202504280MIA,"Apr 28, 2025",CLE,2,1,0,1,100.0,100.0,0.0,1,2,0,0,0,0,0,0,0,0,0,0,0,0,0,0,0,0,0,0,0,0,0,0
1630578,Alperen Sengun,HOU,202504280GSW,"Apr 28, 2025",GSW,31,28,10,33,46.27,47.84,-1.57,27,24,1,0,3,5,0,0,0,0,0,0,0,0,0,0,0,0,0,0,0,0,2,2
203110,Draymond Green,GSW,202504280GSW,"Apr 28, 2025",HOU,6,7,0,7,31.58,42.86,-11.28,2,0,5,6,0,0,0,0,0,0,0,0,0,0,0,0,0,0,0,0,0,0,0,0
1641708,Amen Thompson,HOU,202504280GSW,"Apr 28, 2025",GSW,17,12,5,14,58.62,59.86,-1.24,11,12,0,0,2,2,0,0,1,3,0,0,0,0,0,0,0,0,0,0,0,0,0,0
201145,Jeff Green,HOU,202504280GSW,"Apr 28, 2025",GSW,8,8,3,10,33.33,42.92,-9.59,3,4,5,3,1,1,0,0,0,0,0,0,1,0,0,0,0,0,0,0,0,0,0,0
1627741,Buddy Hield,GSW,202504280GSW,"Apr 28, 2025",HOU,15,15,0,15,38.46,50.0,-11.54,6,6,9,9,0,0,0,0,0,0,0,0,0,0,0,0,0,0,0,0,0,0,0,0
202710,Jimmy Butler III,GSW,202504280GSW,"Apr 28, 2025",HOU,27,12,12,17,71.05,78.12,-7.07,9,10,2,3,1,2,1,3,1,3,0,0,0,0,0,0,0,0,0,0,0,0,3,6
1628415,Dillon Brooks,HOU,202504280GSW,"Apr 28, 2025",GSW,11,7,4,9,55.0,62.79,-7.79,5,6,2,3,2,2,0,0,0,0,0,0,0,0,0,0,0,0,0,0,0,0,0,0
1641764,Brandin Podziemski,GSW,202504280GSW,"Apr 28, 2025",HOU,26,18,3,19,52.0,67.29,-15.29,6,4,11,18,1,2,0,0,1,2,0,0,0,0,0,0,0,0,0,0,0,0,0,0
1627780,Gary Payton II,GSW,202504280GSW,"Apr 28, 2025",HOU,2,3,0,3,33.33,33.33,0.0,3,2,0,0,0,0,0,0,0,0,0,0,0,0,0,0,0,0,0,0,0,0,0,0
1642366,Quinten Post,GSW,202504280GSW,"Apr 28, 2025",HOU,13,11,4,13,39.39,50.94,-11.55,4,4,7,6,2,3,0,0,0,0,0,0,0,0,0,0,0,0,0,0,0,0,0,0
203500,Steven Adams,HOU,202504280GSW,"Apr 28, 2025",GSW,5,4,2,5,50.0,51.23,-1.23,4,4,0,0,0,0,0,0,0,0,0,0,0,0,0,0,0,0,0,0,0,0,1,1
1631106,Tari Eason,HOU,202504280GSW,"Apr 28, 2025",GSW,3,1,4,3,42.86,54.35,-11.49,0,0,1,0,0,0,0,0,0,0,0,0,0,0,1,1,0,0,0,0,0,0,1,2
201939,Stephen Curry,GSW,202504280GSW,"Apr 28, 2025",HOU,17,13,3,15,45.95,59.36,-13.41,5,8,8,6,1,2,0,0,0,0,0,0,1,1,0,0,0,0,0,0,0,0,0,0
1631095,Jabari Smith Jr.,HOU,202504280GSW,"Apr 28, 2025",GSW,6,4,2,5,50.0,61.48,-11.48,2,2,2,3,1,1,0,0,0,0,0,0,0,0,0,0,0,0,0,0,0,0,0,0
1630541,Moses Moody,GSW,202504280GSW,"Apr 28, 2025",HOU,3,6,0,6,18.75,25.0,-6.25,2,0,4,3,0,0,0,0,0,0,0,0,0,0,0,0,0,0,0,0,0,0,0,0
1627832,Fred VanVleet,HOU,202504280GSW,"Apr 28, 2025",GSW,25,13,1,14,64.1,93.01,-28.91,1,0,12,24,0,0,0,0,0,0,0,0,1,1,0,0,0,0,0,0,0,0,0,0
1631218,Trayce Jackson-Davis,GSW,202504280GSW,"Apr 28, 2025",HOU,0,1,0,1,0.0,0.0,0.0,1,0,0,0,0,0,0,0,0,0,0,0,0,0,0,0,0,0,0,0,0,0,0,0
203507,Giannis Antetokounmpo,MIL,202504290IND,"Apr 29, 2025",IND,30,17,17,25,56.6,61.27,-4.67,14,14,2,3,7,9,0,0,1,2,0,0,0,0,0,0,0,0,0,0,0,0,1,2
1629614,Andrew Nembhard,IND,202504290IND,"Apr 29, 2025",MIL,15,14,2,15,42.86,50.4,-7.54,9,4,5,9,1,2,0,0,0,0,0,0,0,0,0,0,0,0,0,0,0,0,0,0
1627783,Pascal Siakam,IND,202504290IND,"Apr 29, 2025",MIL,10,12,2,13,35.71,38.82,-3.11,10,10,2,0,1,0,0,0,0,0,0,0,0,0,0,0,0,0,0,0,0,0,0,0
1629645,Kevin Porter Jr.,MIL,202504290IND,"Apr 29, 2025",IND,11,10,3,11,44.0,48.59,-4.59,8,6,2,3,0,0,1,2,0,0,0,0,0,0,0,0,0,0,0,0,0,0,0,0
1631260,AJ Green,MIL,202504290IND,"Apr 29, 2025",IND,19,11,2,12,55.88,79.97,-24.09,1,0,10,18,0,0,0,0,0,0,0,0,0,0,0,0,0,0,0,0,0,0,1,1
1626171,Bobby Portis,IND,202504290IND,"Apr 29, 2025",MIL,14,18,0,18,34.15,38.89,-4.74,13,8,5,6,0,0,0,0,0,0,0,0,0,0,0,0,0,0,0,0,0,0,0,0
1626167,Myles Turner,IND,202504290IND,"Apr 29, 2025",MIL,21,11,10,16,55.26,68.18,-12.92,5,4,6,9,5,8,0,0,0,0,0,0,0,0,0,0,0,0,0,0,0,0,0,0
1630174,Aaron Nesmith,IND,202504290IND,"Apr 29, 2025",MIL,19,15,0,15,52.78,63.33,-10.55,9,10,6,9,0,0,0,0,0,0,0,0,0,0,0,0,0,0,0,0,0,0,0,0
1629018,Gary Trent Jr.,MIL,202504290IND,"Apr 29, 2025",IND,33,25,2,26,47.83,63.76,-15.93,8,8,17,24,1,1,0,0,0,0,0,0,0,0,0,0,0,0,0,0,0,0,0,0
1630169,Tyrese Haliburton,MIL,202504290IND,"Apr 29, 2025",IND,26,22,4,24,44.83,54.71,-9.88,11,14,10,6,1,2,0,0,1,3,0,0,1,1,0,0,0,0,0,0,0,0,0,0
1641716,Jarace Walker,IND,202504290IND,"Apr 29, 2025",MIL,0,2,0,2,0.0,0.0,0.0,0,0,2,0,0,0,0,0,0,0,0,0,0,0,0,0,0,0,0,0,0,0,0,0
1630579,Jericho Sims,MIL,202504290IND,"Apr 29, 2025",IND,4,2,0,2,100.0,100.0,0.0,2,4,0,0,0,0,0,0,0,0,0,0,0,0,0,0,0,0,0,0,0,0,0,0
1631097,Bennedict Mathurin,IND,202504290IND,"Apr 29, 2025",MIL,5,3,4,5,45.45,52.52,-7.07,2,4,1,0,2,1,0,0,0,0,0,0,0,0,0,0,0,0,0,0,0,0,0,0
204456,T.J. McConnell,IND,202504290IND,"Apr 29, 2025",MIL,18,11,4,13,69.23,70.53,-1.3,11,14,0,0,2,4,0,0,0,0,0,0,0,0,0,0,0,0,0,0,0,0,0,0
1630167,Obi Toppin,IND,202504290IND,"Apr 29, 2025",MIL,5,3,2,4,55.56,64.43,-8.87,2,0,1,3,1,2,0,0,0,0,0,0,0,0,0,0,0,0,0,0,0,0,0,0
1628398,Kyle Kuzma,MIL,202504290IND,"Apr 29, 2025",IND,5,5,0,5,41.67,50.0,-8.33,3,2,2,3,0,0,0,0,0,0,0,0,0,0,0,0,0,0,0,0,0,0,0,0
201572,Brook Lopez,MIL,202504290IND,"Apr 29, 2025",IND,2,1,2,2,40.0,53.19,-13.19,0,0,1,0,1,2,0,0,0,0,0,0,0,0,0,0,0,0,0,0,0,0,0,0
1627752,Taurean Prince,MIL,202504290IND,"Apr 29, 2025",IND,0,1,0,1,0.0,0.0,0.0,0,0,1,0,0,0,0,0,0,0,0,0,0,0,0,0,0,0,0,0,0,0,0,0
1630595,Cade Cunningham,DET,202504290NYK,"Apr 29, 2025",NYK,24,17,12,23,48.0,53.86,-5.86,12,8,4,3,4,7,0,0,1,3,0,0,1,1,0,0,0,0,0,0,0,0,1,2
1626157,Karl-Anthony Towns,NYK,202504290NYK,"Apr 29, 2025",DET,17,14,6,17,44.74,51.08,-6.34,9,4,4,6,0,0,0,0,1,3,0,0,2,3,0,0,0,0,0,0,0,0,1,1
1628404,Josh Hart,NYK,202504290NYK,"Apr 29, 2025",DET,15,13,0,13,50.0,57.69,-7.69,9,12,4,3,0,0,0,0,0,0,0,0,0,0,0,0,0,0,0,0,0,0,0,0
1641709,Ausar Thompson,DET,202504290NYK,"Apr 29, 2025",NYK,22,10,12,16,66.67,71.99,-5.32,9,16,1,0,4,5,0,0,0,0,0,0,0,0,0,0,0,0,0,0,0,0,2,1
1628973,Jalen Brunson,NYK,202504290NYK,"Apr 29, 2025",DET,16,16,10,21,34.78,39.22,-4.44,11,4,4,3,3,4,0,0,1,3,0,0,1,0,0,0,0,0,0,0,0,0,1,2
1628384,OG Anunoby,NYK,202504290NYK,"Apr 29, 2025",DET,19,13,0,13,63.33,73.08,-9.75,9,10,4,9,0,0,0,0,0,0,0,0,0,0,0,0,0,0,0,0,0,0,0,0
203501,Tim Hardaway Jr.,DET,202504290NYK,"Apr 29, 2025",NYK,8,10,3,11,26.67,35.34,-8.67,2,0,7,3,0,0,0,0,1,3,0,0,0,0,0,0,0,0,0,0,0,0,1,2
1631105,Jalen Duren,DET,202504290NYK,"Apr 29, 2025",NYK,9,8,3,9,47.37,48.28,-0.91,7,6,0,0,1,1,0,0,1,2,0,0,0,0,0,0,0,0,0,0,0,0,0,0
202699,Tobias Harris,DET,202504290NYK,"Apr 29, 2025",NYK,17,13,2,14,51.52,61.24,-9.72,8,6,5,9,1,2,0,0,0,0,0,0,0,0,0,0,0,0,0,0,0,0,0,0
1628969,Mikal Bridges,NYK,202504290NYK,"Apr 29, 2025",DET,17,16,2,17,43.59,50.36,-6.77,11,10,5,6,1,1,0,0,0,0,0,0,0,0,0,0,0,0,0,0,0,0,0,0
1630540,Miles McBride,NYK,202504290NYK,"Apr 29, 2025",DET,4,7,2,8,21.05,25.38,-4.33,4,4,3,0,0,0,0,0,0,0,0,0,0,0,0,0,0,0,0,0,0,0,1,0
1629011,Mitchell Robinson,NYK,202504290NYK,"Apr 29, 2025",DET,13,8,7,11,56.52,58.66,-2.14,7,8,0,0,2,2,0,0,1,2,0,0,0,0,0,0,0,0,0,0,0,0,1,1
beaslma01,M. Beasley,DET,202504290NYK,"Apr 29, 2025",NYK,10,11,0,11,34.48,45.45,-10.97,4,4,7,6,0,0,0,0,0,0,0,0,0,0,0,0,0,0,0,0,0,0,0,0
1630194,Paul Reed,DET,202504290NYK,"Apr 29, 2025",NYK,0,1,0,1,0.0,0.0,0.0,1,0,0,0,0,0,0,0,0,0,0,0,0,0,0,0,0,0,0,0,0,0,0,0
203471,Dennis Schröder,DET,202504290NYK,"Apr 29, 2025",NYK,14,13,2,14,43.75,50.43,-6.68,9,10,4,3,0,0,0,0,0,0,0,0,0,0,0,0,0,0,0,0,0,0,1,1
1641842,Ronald Holland II,DET,202504290NYK,"Apr 29, 2025",NYK,2,2,2,3,28.57,34.72,-6.15,1,0,1,0,1,2,0,0,0,0,0,0,0,0,0,0,0,0,0,0,0,0,0,0
1626166,Cameron Payne,DET,202504290NYK,"Apr 29, 2025",NYK,2,3,0,3,28.57,33.33,-4.76,2,2,1,0,0,0,0,0,0,0,0,0,0,0,0,0,0,0,0,0,0,0,0,0
1627759,Jaylen Brown,BOS,202504290BOS,"Apr 29, 2025",ORL,23,18,5,20,51.11,56.93,-5.82,13,12,4,6,2,2,0,0,1,3,0,0,0,0,0,0,0,0,0,0,0,0,0,0
josepco01,C. Joseph,ORL,202504290BOS,"Apr 29, 2025",BOS,0,5,0,5,0.0,0.0,0.0,1,0,4,0,0,0,0,0,0,0,0,0,0,0,0,0,0,0,0,0,0,0,0,0
1628369,Jayson Tatum,BOS,202504290BOS,"Apr 29, 2025",ORL,35,16,11,21,72.92,83.97,-11.05,11,12,4,9,2,4,0,0,0,0,1,4,0,0,0,0,0,0,0,0,0,0,3,6
201143,Al Horford,BOS,202504290BOS,"Apr 29, 2025",ORL,9,5,0,5,81.82,90.0,-8.18,4,6,1,3,0,0,0,0,0,0,0,0,0,0,0,0,0,0,0,0,0,0,0,0
1630532,Franz Wagner,ORL,202504290BOS,"Apr 29, 2025",BOS,25,22,5,24,47.17,51.65,-4.48,17,18,4,0,2,4,0,0,1,3,0,0,0,0,0,0,0,0,0,0,0,0,0,0
1631094,Paolo Banchero,ORL,202504290BOS,"Apr 29, 2025",BOS,19,15,7,18,46.34,52.54,-6.2,10,6,4,6,3,4,0,0,1,3,0,0,0,0,0,0,0,0,0,0,0,0,0,0
204001,Kristaps Porziņģis,BOS,202504290BOS,"Apr 29, 2025",ORL,9,8,4,9,39.13,46.11,-6.98,3,2,3,0,0,0,0,0,2,5,0,0,0,0,0,0,0,0,0,0,0,0,1,2
203484,Kentavious Caldwell-Pope,ORL,202504290BOS,"Apr 29, 2025",BOS,8,9,0,9,32.0,44.44,-12.44,2,2,7,6,0,0,0,0,0,0,0,0,0,0,0,0,0,0,0,0,0,0,0,0
1628976,Wendell Carter Jr.,ORL,202504290BOS,"Apr 29, 2025",BOS,12,10,4,12,42.86,51.02,-8.16,6,10,4,0,1,1,0,0,0,0,0,0,0,0,0,0,0,0,0,0,0,0,1,1
1628401,Derrick White,ORL,202504290BOS,"Apr 29, 2025",BOS,5,6,1,6,31.25,38.82,-7.57,2,2,3,0,0,0,0,0,1,3,0,0,0,0,0,0,0,0,0,0,0,0,0,0
1630573,Sam Hauser,BOS,202504290BOS,"Apr 29, 2025",ORL,10,4,0,4,100.0,125.0,-25.0,2,4,2,6,0,0,0,0,0,0,0,0,0,0,0,0,0,0,0,0,0,0,0,0
1628436,Luke Kornet,BOS,202504290BOS,"Apr 29, 2025",ORL,9,3,3,4,100.0,104.17,-4.17,2,4,0,0,1,2,0,0,1,3,0,0,0,0,0,0,0,0,0,0,0,0,0,0
1630202,Payton Pritchard,BOS,202504290BOS,"Apr 29, 2025",ORL,10,8,0,8,50.0,62.5,-12.5,4,4,4,6,0,0,0,0,0,0,0,0,0,0,0,0,0,0,0,0,0,0,0,0
1630175,Cole Anthony,ORL,202504290BOS,"Apr 29, 2025",BOS,3,6,2,7,16.67,21.8,-5.13,2,2,4,0,1,1,0,0,0,0,0,0,0,0,0,0,0,0,0,0,0,0,0,0
1641710,Anthony Black,ORL,202504290BOS,"Apr 29, 2025",BOS,8,10,2,11,32.0,36.76,-4.76,7,4,3,3,1,1,0,0,0,0,0,0,0,0,0,0,0,0,0,0,0,0,0,0
203914,Gary Harris,ORL,202504290BOS,"Apr 29, 2025",BOS,3,1,0,1,100.0,150.0,-50.0,0,0,1,3,0,0,0,0,0,0,0,0,0,0,0,0,0,0,0,0,0,0,0,0
1628371,Jonathan Isaac,ORL,202504290BOS,"Apr 29, 2025",BOS,5,5,2,6,35.71,42.52,-6.81,3,4,2,0,1,1,0,0,0,0,0,0,0,0,0,0,0,0,0,0,0,0,0,0
1631216,Caleb Houstan,ORL,202504290BOS,"Apr 29, 2025",BOS,0,2,0,2,0.0,0.0,0.0,0,0,2,0,0,0,0,0,0,0,0,0,0,0,0,0,0,0,0,0,0,0,0,0
craigto01,T. Craig,BOS,202504290BOS,"Apr 29, 2025",ORL,3,1,0,1,100.0,150.0,-50.0,0,0,1,3,0,0,0,0,0,0,0,0,0,0,0,0,0,0,0,0,0,0,0,0
1641783,Tristan da Silva,ORL,202504290BOS,"Apr 29, 2025",BOS,0,1,0,1,0.0,0.0,0.0,0,0,1,0,0,0,0,0,0,0,0,0,0,0,0,0,0,0,0,0,0,0,0,0
1641724,Jett Howard,ORL,202504290BOS,"Apr 29, 2025",BOS,6,2,0,2,100.0,150.0,-50.0,0,0,2,6,0,0,0,0,0,0,0,0,0,0,0,0,0,0,0,0,0,0,0,0
1631120,JD Davison,BOS,202504290BOS,"Apr 29, 2025",ORL,0,3,0,3,0.0,0.0,0.0,3,0,0,0,0,0,0,0,0,0,0,0,0,0,0,0,0,0,0,0,0,0,0,0
1629674,Neemias Queta,BOS,202504290BOS,"Apr 29, 2025",ORL,4,2,0,2,100.0,100.0,0.0,2,4,0,0,0,0,0,0,0,0,0,0,0,0,0,0,0,0,0,0,0,0,0,0
1631248,Baylor Scheierman,BOS,202504290BOS,"Apr 29, 2025",ORL,3,2,0,2,60.0,75.0,-15.0,1,0,1,3,0,0,0,0,0,0,0,0,0,0,0,0,0,0,0,0,0,0,0,0
1627750,Jamal Murray,DEN,202504290DEN,"Apr 29, 2025",LAC,43,26,1,27,64.18,81.32,-17.14,12,18,14,24,0,0,0,0,0,0,0,0,0,0,0,0,0,0,0,0,0,0,1,1
1631128,Christian Braun,DEN,202504290DEN,"Apr 29, 2025",LAC,11,8,2,9,55.0,61.94,-6.94,6,8,2,3,1,0,0,0,0,0,0,0,0,0,0,0,0,0,0,0,0,0,0,0
1627739,Kris Dunn,DEN,202504290DEN,"Apr 29, 2025",LAC,15,7,0,7,83.33,107.14,-23.81,3,6,4,9,0,0,0,0,0,0,0,0,0,0,0,0,0,0,0,0,0,0,0,0
203932,Aaron Gordon,DEN,202504290DEN,"Apr 29, 2025",LAC,23,11,9,15,69.7,76.87,-7.17,8,10,2,3,4,7,0,0,1,3,0,0,0,0,0,0,0,0,0,0,0,0,0,0
1627826,Ivica Zubac,LAC,202504290DEN,"Apr 29, 2025",DEN,27,15,8,19,71.05,72.89,-1.84,15,22,0,0,4,5,0,0,0,0,0,0,0,0,0,0,0,0,0,0,0,0,0,0
203999,Nikola Jokić,DEN,202504290DEN,"Apr 29, 2025",LAC,13,13,5,15,37.14,42.76,-5.62,9,6,4,3,0,0,1,3,0,0,0,0,0,0,0,0,0,0,0,0,0,0,1,1
202695,Kawhi Leonard,LAC,202504290DEN,"Apr 29, 2025",DEN,20,15,7,18,48.78,55.31,-6.53,10,12,4,3,3,3,0,0,1,2,0,0,0,0,0,0,0,0,0,0,0,0,0,0
1626181,Norman Powell,LAC,202504290DEN,"Apr 29, 2025",DEN,12,12,1,12,40.0,48.23,-8.23,6,6,5,3,0,0,0,0,1,3,0,0,0,0,0,0,0,0,0,0,0,0,0,0
1629008,Michael Porter Jr.,DEN,202504290DEN,"Apr 29, 2025",LAC,14,10,1,10,53.85,67.05,-13.2,4,2,5,9,0,0,0,0,1,3,0,0,0,0,0,0,0,0,0,0,0,0,0,0
201935,James Harden,LAC,202504290DEN,"Apr 29, 2025",DEN,11,9,8,13,39.29,43.93,-4.64,7,6,2,0,4,5,0,0,0,0,0,0,0,0,0,0,0,0,0,0,0,0,0,0
201587,Nicolas Batum,LAC,202504290DEN,"Apr 29, 2025",DEN,0,2,0,2,0.0,0.0,0.0,0,0,2,0,0,0,0,0,0,0,0,0,0,0,0,0,0,0,0,0,0,0,0,0
simmobe01,B. Simmons,LAC,202504290DEN,"Apr 29, 2025",DEN,0,1,0,1,0.0,0.0,0.0,1,0,0,0,0,0,0,0,0,0,0,0,0,0,0,0,0,0,0,0,0,0,0,0
201566,Russell Westbrook,DEN,202504290DEN,"Apr 29, 2025",LAC,21,15,2,15,55.26,66.12,-10.86,7,6,6,9,0,0,0,0,2,6,0,0,0,0,0,0,0,0,0,0,0,0,0,0
1627884,Derrick Jones Jr.,LAC,202504290DEN,"Apr 29, 2025",DEN,7,6,0,6,46.67,58.33,-11.66,3,4,3,3,0,0,0,0,0,0,0,0,0,0,0,0,0,0,0,0,0,0,0,0
1631212,Peyton Watson,DEN,202504290DEN,"Apr 29, 2025",LAC,2,2,0,2,50.0,50.0,0.0,2,2,0,0,0,0,0,0,0,0,0,0,0,0,0,0,0,0,0,0,0,0,0,0
203992,Bogdan Bogdanović,LAC,202504290DEN,"Apr 29, 2025",DEN,18,11,4,13,52.94,70.53,-17.59,3,2,8,12,0,0,0,0,0,0,0,0,1,2,0,0,0,0,0,0,0,0,1,2
1641738,Kobe Brown,LAC,202504290DEN,"Apr 29, 2025",DEN,3,1,0,1,100.0,150.0,-50.0,0,0,1,3,0,0,0,0,0,0,0,0,0,0,0,0,0,0,0,0,0,0,0,0
1641757,Jordan Miller,LAC,202504290DEN,"Apr 29, 2025",DEN,2,3,0,3,33.33,33.33,0.0,3,2,0,0,0,0,0,0,0,0,0,0,0,0,0,0,0,0,0,0,0,0,0,0
1630192,Zeke Nnaji,DEN,202504290DEN,"Apr 29, 2025",LAC,2,0,3,1,66.67,75.76,-9.09,0,0,0,0,0,0,1,2,0,0,0,0,0,0,0,0,0,0,0,0,0,0,0,0
1641816,Hunter Tyson,DEN,202504290DEN,"Apr 29, 2025",LAC,2,1,0,1,100.0,100.0,0.0,1,2,0,0,0,0,0,0,0,0,0,0,0,0,0,0,0,0,0,0,0,0,0,0
203110,Draymond Green,GSW,202504300HOU,"Apr 30, 2025",HOU,7,4,0,4,70.0,87.5,-17.5,2,4,2,3,0,0,0,0,0,0,0,0,0,0,0,0,0,0,0,0,0,0,0,0
1641708,Amen Thompson,HOU,202504300HOU,"Apr 30, 2025",GSW,25,12,9,15,73.53,78.32,-4.79,8,8,1,3,2,3,0,0,3,9,0,0,0,0,0,0,0,0,0,0,0,0,1,2
1627741,Buddy Hield,GSW,202504300HOU,"Apr 30, 2025",HOU,4,6,0,6,28.57,33.33,-4.76,4,4,2,0,0,0,0,0,0,0,0,0,0,0,0,0,0,0,0,0,0,0,0,0
201145,Jeff Green,HOU,202504300HOU,"Apr 30, 2025",GSW,11,8,5,10,44.0,53.92,-9.92,3,0,4,6,1,1,0,0,1,3,0,0,0,0,0,0,0,0,0,0,0,0,1,1
201939,Stephen Curry,HOU,202504300HOU,"Apr 30, 2025",GSW,13,12,3,13,36.11,48.8,-12.69,3,2,9,9,0,0,1,2,0,0,0,0,0,0,0,0,0,0,0,0,0,0,0,0
1641764,Brandin Podziemski,GSW,202504300HOU,"Apr 30, 2025",HOU,8,7,0,7,44.44,57.14,-12.7,3,2,4,6,0,0,0,0,0,0,0,0,0,0,0,0,0,0,0,0,0,0,0,0
1630578,Alperen Sengun,HOU,202504300HOU,"Apr 30, 2025",GSW,15,9,4,11,68.18,69.7,-1.52,9,12,0,0,2,3,0,0,0,0,0,0,0,0,0,0,0,0,0,0,0,0,0,0
202710,Jimmy Butler III,HOU,202504300HOU,"Apr 30, 2025",GSW,8,10,5,12,28.57,32.79,-4.22,6,2,3,0,2,3,0,0,1,3,0,0,0,0,0,0,0,0,0,0,0,0,0,0
1628415,Dillon Brooks,HOU,202504300HOU,"Apr 30, 2025",GSW,24,13,8,17,58.54,72.64,-14.1,6,10,7,6,3,6,0,0,0,0,0,0,1,2,0,0,0,0,0,0,0,0,0,0
1627832,Fred VanVleet,HOU,202504300HOU,"Apr 30, 2025",GSW,26,13,6,17,68.42,83.12,-14.7,7,8,6,12,1,2,0,0,0,0,0,0,2,2,0,0,0,0,0,0,0,0,1,2
1627780,Gary Payton II,GSW,202504300HOU,"Apr 30, 2025",HOU,8,6,0,6,47.06,66.67,-19.61,1,2,5,6,0,0,0,0,0,0,0,0,0,0,0,0,0,0,0,0,0,0,0,0
1642366,Quinten Post,GSW,202504300HOU,"Apr 30, 2025",HOU,5,4,0,4,50.0,62.5,-12.5,2,2,2,3,0,0,0,0,0,0,0,0,0,0,0,0,0,0,0,0,0,0,0,0
203500,Steven Adams,HOU,202504300HOU,"Apr 30, 2025",GSW,0,2,0,2,0.0,0.0,0.0,2,0,0,0,0,0,0,0,0,0,0,0,0,0,0,0,0,0,0,0,0,0,0,0
1631106,Tari Eason,HOU,202504300HOU,"Apr 30, 2025",GSW,9,5,0,5,75.0,90.0,-15.0,3,6,2,3,0,0,0,0,0,0,0,0,0,0,0,0,0,0,0,0,0,0,0,0
1628988,Aaron Holiday,HOU,202504300HOU,"Apr 30, 2025",GSW,9,6,4,8,47.37,57.99,-10.62,3,4,3,3,0,0,0,0,0,0,0,0,0,0,0,0,0,0,0,0,0,0,2,2
1630611,Gui Santos,GSW,202504300HOU,"Apr 30, 2025",HOU,7,4,2,5,50.0,71.72,-21.72,0,0,4,6,1,1,0,0,0,0,0,0,0,0,0,0,0,0,0,0,0,0,0,0
1631095,Jabari Smith Jr.,HOU,202504300HOU,"Apr 30, 2025",GSW,7,6,2,7,36.84,50.87,-14.03,1,2,5,3,1,2,0,0,0,0,0,0,0,0,0,0,0,0,0,0,0,0,0,0
1630541,Moses Moody,GSW,202504300HOU,"Apr 30, 2025",HOU,25,18,4,20,53.19,63.26,-10.07,11,12,7,9,1,2,0,0,0,0,0,0,0,0,0,0,0,0,0,0,0,0,1,2
1626172,Kevon Looney,GSW,202504300HOU,"Apr 30, 2025",HOU,2,3,0,3,33.33,33.33,0.0,3,2,0,0,0,0,0,0,0,0,0,0,0,0,0,0,0,0,0,0,0,0,0,0
knoxke01,K. Knox,GSW,202504300HOU,"Apr 30, 2025",HOU,14,13,3,14,42.42,48.88,-6.46,8,6,4,3,1,2,0,0,1,3,0,0,0,0,0,0,0,0,0,0,0,0,0,0
1630311,Pat Spencer,GSW,202504300HOU,"Apr 30, 2025",HOU,11,7,1,7,68.75,73.92,-5.17,5,8,1,0,0,0,0,0,1,3,0,0,0,0,0,0,0,0,0,0,0,0,0,0
1629111,Jock Landale,HOU,202504300HOU,"Apr 30, 2025",GSW,2,2,0,2,50.0,50.0,0.0,2,2,0,0,0,0,0,0,0,0,0,0,0,0,0,0,0,0,0,0,0,0,0,0
1631218,Trayce Jackson-Davis,GSW,202504300HOU,"Apr 30, 2025",HOU,4,2,4,4,50.0,53.19,-3.19,2,4,0,0,2,0,0,0,0,0,0,0,0,0,0,0,0,0,0,0,0,0,0,0
keybr01,B. Key,HOU,202504300HOU,"Apr 30, 2025",GSW,0,7,0,7,0.0,0.0,0.0,6,0,1,0,0,0,0,0,0,0,0,0,0,0,0,0,0,0,0,0,0,0,0,0
1631466,Nate Williams,HOU,202504300HOU,"Apr 30, 2025",GSW,0,1,0,1,0.0,0.0,0.0,0,0,1,0,0,0,0,0,0,0,0,0,0,0,0,0,0,0,0,0,0,0,0,0
203944,Julius Randle,MIN,202504300LAL,"Apr 30, 2025",LAL,23,16,7,19,51.11,60.27,-9.16,9,12,6,3,1,2,0,0,1,3,0,0,0,0,0,0,0,0,0,0,0,0,2,3
1629029,Luka Dončić,LAL,202504300LAL,"Apr 30, 2025",MIN,28,18,15,25,47.46,56.91,-9.45,10,10,8,6,5,8,1,3,0,0,0,0,0,0,0,0,0,0,0,0,0,0,1,1
203497,Rudy Gobert,MIN,202504300LAL,"Apr 30, 2025",LAL,27,15,6,18,75.0,76.53,-1.53,15,24,0,0,3,3,0,0,0,0,0,0,0,0,0,0,0,0,0,0,0,0,0,0
1630162,Anthony Edwards,MIN,202504300LAL,"Apr 30, 2025",LAL,15,19,8,23,26.32,33.3,-6.98,7,8,11,0,1,2,0,0,1,2,0,0,0,0,0,0,0,0,0,0,0,0,3,3
1630559,Austin Reaves,LAL,202504300LAL,"Apr 30, 2025",MIN,12,14,0,14,31.58,42.86,-11.28,4,6,10,6,0,0,0,0,0,0,0,0,0,0,0,0,0,0,0,0,0,0,0,0
1630183,Jaden McDaniels,LAL,202504300LAL,"Apr 30, 2025",MIN,8,4,4,6,57.14,69.44,-12.3,2,4,2,0,1,2,0,0,0,0,0,0,0,0,0,0,0,0,0,0,0,0,1,2
201144,Mike Conley,MIN,202504300LAL,"Apr 30, 2025",LAL,8,7,2,8,36.36,50.76,-14.4,1,0,6,6,1,2,0,0,0,0,0,0,0,0,0,0,0,0,0,0,0,0,0,0
2544,LeBron James,LAL,202504300LAL,"Apr 30, 2025",MIN,22,21,6,23,41.51,46.53,-5.02,14,12,5,3,1,1,0,0,2,5,0,0,0,0,0,0,0,0,0,0,0,0,1,1
1629060,Rui Hachimura,LAL,202504300LAL,"Apr 30, 2025",MIN,23,16,0,16,57.5,71.88,-14.38,8,8,8,15,0,0,0,0,0,0,0,0,0,0,0,0,0,0,0,0,0,0,0,0
1628978,Donte DiVincenzo,MIN,202504300LAL,"Apr 30, 2025",LAL,9,13,2,14,22.5,32.42,-9.92,1,2,12,6,1,1,0,0,0,0,0,0,0,0,0,0,0,0,0,0,0,0,0,0
1627827,Dorian Finney-Smith,LAL,202504300LAL,"Apr 30, 2025",MIN,7,5,0,5,53.85,70.0,-16.15,2,4,3,3,0,0,0,0,0,0,0,0,0,0,0,0,0,0,0,0,0,0,0,0
1629638,Nickeil Alexander-Walker,MIN,202504300LAL,"Apr 30, 2025",LAL,10,11,2,12,30.3,42.09,-11.79,2,2,9,6,1,2,0,0,0,0,0,0,0,0,0,0,0,0,0,0,0,0,0,0
1629675,Naz Reid,MIN,202504300LAL,"Apr 30, 2025",LAL,3,4,2,5,27.27,30.74,-3.47,3,2,1,0,1,1,0,0,0,0,0,0,0,0,0,0,0,0,0,0,0,0,0,0
1629020,Jarred Vanderbilt,LAL,202504300LAL,"Apr 30, 2025",MIN,2,1,2,2,50.0,53.19,-3.19,1,0,0,0,1,2,0,0,0,0,0,0,0,0,0,0,0,0,0,0,0,0,0,0
1629216,Gabe Vincent,LAL,202504300LAL,"Apr 30, 2025",MIN,0,2,0,2,0.0,0.0,0.0,0,0,2,0,0,0,0,0,0,0,0,0,0,0,0,0,0,0,0,0,0,0,0,0
1628467,Maxi Kleber,LAL,202504300LAL,"Apr 30, 2025",MIN,2,1,2,2,40.0,53.19,-13.19,0,0,1,0,0,0,0,0,0,0,0,0,0,0,0,0,0,0,0,0,0,0,1,2
1628973,Jalen Brunson,NYK,202505010DET,"May 1, 2025",DET,40,33,8,37,47.62,54.76,-7.14,22,22,10,9,2,4,0,0,1,3,0,0,1,1,0,0,0,0,0,0,0,0,1,1
1630595,Cade Cunningham,DET,202505010DET,"May 1, 2025",NYK,23,22,6,25,39.66,46.67,-7.01,14,18,8,0,3,5,0,0,0,0,0,0,0,0,0,0,0,0,0,0,0,0,0,0
1628969,Mikal Bridges,NYK,202505010DET,"May 1, 2025",DET,25,16,2,17,65.79,74.05,-8.26,12,20,4,3,1,2,0,0,0,0,0,0,0,0,0,0,0,0,0,0,0,0,0,0
1626157,Karl-Anthony Towns,NYK,202505010DET,"May 1, 2025",DET,10,10,3,12,41.67,44.17,-2.5,9,8,1,0,1,1,0,0,0,0,0,0,1,1,0,0,0,0,0,0,0,0,0,0
203501,Tim Hardaway Jr.,DET,202505010DET,"May 1, 2025",NYK,7,11,0,11,25.0,31.82,-6.82,5,4,6,3,0,0,0,0,0,0,0,0,0,0,0,0,0,0,0,0,0,0,0,0
1628384,OG Anunoby,NYK,202505010DET,"May 1, 2025",DET,22,14,7,17,48.89,64.4,-15.51,3,2,10,12,3,5,0,0,1,3,0,0,0,0,0,0,0,0,0,0,0,0,0,0
1631105,Jalen Duren,DET,202505010DET,"May 1, 2025",NYK,21,9,10,13,75.0,78.36,-3.36,7,8,0,0,3,5,0,0,2,6,0,0,0,0,0,0,0,0,0,0,0,0,1,2
1641708,Amen Thompson,NYK,202505010DET,"May 1, 2025",DET,17,7,10,12,70.83,74.56,-3.73,7,10,0,0,4,6,0,0,0,0,0,0,0,0,0,0,0,0,0,0,0,0,1,1
202699,Tobias Harris,DET,202505010DET,"May 1, 2025",NYK,14,10,1,10,58.33,67.05,-8.72,6,8,3,3,0,0,0,0,1,3,0,0,0,0,0,0,0,0,0,0,0,0,0,0
1628404,Josh Hart,NYK,202505010DET,"May 1, 2025",DET,13,5,6,8,76.47,85.08,-8.61,4,4,1,3,3,6,0,0,0,0,0,0,0,0,0,0,0,0,0,0,0,0,0,0
203471,Dennis Schröder,DET,202505010DET,"May 1, 2025",NYK,9,9,2,10,37.5,45.55,-8.05,5,4,4,3,0,0,0,0,0,0,0,0,0,0,0,0,0,0,0,0,0,0,1,2
1629011,Mitchell Robinson,NYK,202505010DET,"May 1, 2025",DET,1,1,4,3,16.67,18.12,-1.45,1,0,0,0,0,0,0,0,0,0,0,0,0,0,0,0,0,0,0,0,0,0,2,1
beaslma01,M. Beasley,DET,202505010DET,"May 1, 2025",NYK,20,13,2,14,48.78,72.05,-23.27,0,0,13,18,0,0,0,0,0,0,0,0,0,0,0,0,0,0,0,0,0,0,1,2
1630540,Miles McBride,NYK,202505010DET,"May 1, 2025",DET,3,4,0,4,27.27,37.5,-10.23,1,0,3,3,0,0,0,0,0,0,0,0,0,0,0,0,0,0,0,0,0,0,0,0
1626166,Cameron Payne,NYK,202505010DET,"May 1, 2025",DET,2,3,0,3,28.57,33.33,-4.76,2,2,1,0,0,0,0,0,0,0,0,0,0,0,0,0,0,0,0,0,0,0,0,0
1630194,Paul Reed,NYK,202505010DET,"May 1, 2025",DET,2,0,2,1,100.0,113.64,-13.64,0,0,0,0,1,2,0,0,0,0,0,0,0,0,0,0,0,0,0,0,0,0,0,0
1627739,Kris Dunn,LAC,202505010LAC,"May 1, 2025",DEN,2,4,0,4,18.18,25.0,-6.82,1,2,3,0,0,0,0,0,0,0,0,0,0,0,0,0,0,0,0,0,0,0,0,0
1627750,Jamal Murray,DEN,202505010LAC,"May 1, 2025",LAC,21,19,1,19,46.67,54.01,-7.34,12,12,6,6,0,0,0,0,1,3,0,0,0,0,0,0,0,0,0,0,0,0,0,0
201935,James Harden,LAC,202505010LAC,"May 1, 2025",DEN,28,20,5,22,52.83,63.06,-10.23,12,14,8,9,1,2,1,3,0,0,0,0,0,0,0,0,0,0,0,0,0,0,0,0
202695,Kawhi Leonard,LAC,202505010LAC,"May 1, 2025",DEN,27,22,4,24,48.21,56.82,-8.61,14,18,8,6,1,2,0,0,0,0,0,0,0,0,0,0,0,0,0,0,0,0,1,1
203932,Aaron Gordon,DEN,202505010LAC,"May 1, 2025",LAC,19,16,0,16,50.0,59.38,-9.38,10,16,6,3,0,0,0,0,0,0,0,0,0,0,0,0,0,0,0,0,0,0,0,0
1626181,Norman Powell,LAC,202505010LAC,"May 1, 2025",DEN,24,15,4,17,60.0,71.6,-11.6,9,14,6,6,2,4,0,0,0,0,0,0,0,0,0,0,0,0,0,0,0,0,0,0
203999,Nikola Jokić,DEN,202505010LAC,"May 1, 2025",LAC,25,22,2,23,50.0,54.63,-4.63,18,18,4,6,1,1,0,0,0,0,0,0,0,0,0,0,0,0,0,0,0,0,0,0
1627826,Ivica Zubac,LAC,202505010LAC,"May 1, 2025",DEN,10,6,0,6,83.33,83.33,0.0,6,10,0,0,0,0,0,0,0,0,0,0,0,0,0,0,0,0,0,0,0,0,0,0
1629008,Michael Porter Jr.,DEN,202505010LAC,"May 1, 2025",LAC,5,5,1,5,38.46,45.96,-7.5,2,0,2,3,0,0,0,0,1,2,0,0,0,0,0,0,0,0,0,0,0,0,0,0
1631128,Christian Braun,DEN,202505010LAC,"May 1, 2025",LAC,14,7,2,8,70.0,88.83,-18.83,3,6,4,6,1,2,0,0,0,0,0,0,0,0,0,0,0,0,0,0,0,0,0,0
201587,Nicolas Batum,LAC,202505010LAC,"May 1, 2025",DEN,6,5,0,5,40.0,60.0,-20.0,0,0,5,6,0,0,0,0,0,0,0,0,0,0,0,0,0,0,0,0,0,0,0,0
201566,Russell Westbrook,DEN,202505010LAC,"May 1, 2025",LAC,14,10,3,11,51.85,61.84,-9.99,5,4,4,6,1,1,0,0,1,3,0,0,0,0,0,0,0,0,0,0,0,0,0,0
203992,Bogdan Bogdanović,LAC,202505010LAC,"May 1, 2025",DEN,6,6,2,7,35.29,43.6,-8.31,3,2,3,3,1,1,0,0,0,0,0,0,0,0,0,0,0,0,0,0,0,0,0,0
1627884,Derrick Jones Jr.,LAC,202505010LAC,"May 1, 2025",DEN,8,8,0,8,36.36,50.0,-13.64,2,2,6,6,0,0,0,0,0,0,0,0,0,0,0,0,0,0,0,0,0,0,0,0
1631212,Peyton Watson,DEN,202505010LAC,"May 1, 2025",LAC,7,5,0,5,63.64,70.0,-6.36,4,4,1,3,0,0,0,0,0,0,0,0,0,0,0,0,0,0,0,0,0,0,0,0
201939,Stephen Curry,HOU,202505020GSW,"May 2, 2025",GSW,29,23,6,25,42.65,56.55,-13.9,6,4,16,18,1,2,1,2,1,3,0,0,0,0,0,0,0,0,0,0,0,0,0,0
1630578,Alperen Sengun,HOU,202505020GSW,"May 2, 2025",GSW,21,20,7,23,42.86,45.49,-2.63,17,14,2,0,0,0,0,0,1,2,0,0,0,0,0,0,0,0,0,0,0,0,3,5
1627780,Gary Payton II,GSW,202505020GSW,"May 2, 2025",HOU,5,5,0,5,35.71,50.0,-14.29,1,2,4,3,0,0,0,0,0,0,0,0,0,0,0,0,0,0,0,0,0,0,0,0
1641708,Amen Thompson,HOU,202505020GSW,"May 2, 2025",GSW,14,13,6,16,42.42,44.76,-2.34,12,10,1,0,2,3,0,0,0,0,0,0,0,0,0,0,0,0,0,0,0,0,1,1
202710,Jimmy Butler III,GSW,202505020GSW,"May 2, 2025",HOU,27,17,14,23,50.0,58.29,-8.29,9,8,6,3,5,9,0,0,2,5,0,0,0,0,1,2,0,0,0,0,0,0,0,0
201145,Jeff Green,HOU,202505020GSW,"May 2, 2025",GSW,12,11,6,14,35.29,43.99,-8.7,5,4,6,3,1,2,0,0,0,0,0,0,0,0,1,2,0,0,0,0,0,0,1,1
203110,Draymond Green,GSW,202505020GSW,"May 2, 2025",HOU,8,8,2,9,36.36,45.05,-8.69,4,4,4,3,1,1,0,0,0,0,0,0,0,0,0,0,0,0,0,0,0,0,0,0
1628415,Dillon Brooks,HOU,202505020GSW,"May 2, 2025",GSW,3,5,2,6,20.0,25.51,-5.51,2,2,3,0,1,1,0,0,0,0,0,0,0,0,0,0,0,0,0,0,0,0,0,0
1627832,Fred VanVleet,HOU,202505020GSW,"May 2, 2025",GSW,29,13,9,17,65.91,85.5,-19.59,4,2,8,15,3,6,0,0,0,0,1,4,0,0,0,0,0,0,0,0,0,0,1,2
1627741,Buddy Hield,GSW,202505020GSW,"May 2, 2025",HOU,0,4,0,4,0.0,0.0,0.0,0,0,4,0,0,0,0,0,0,0,0,0,0,0,0,0,0,0,0,0,0,0,0,0
1641764,Brandin Podziemski,GSW,202505020GSW,"May 2, 2025",HOU,10,9,0,9,41.67,55.56,-13.89,3,4,6,6,0,0,0,0,0,0,0,0,0,0,0,0,0,0,0,0,0,0,0,0
203500,Steven Adams,HOU,202505020GSW,"May 2, 2025",GSW,17,4,16,12,70.83,76.99,-6.16,4,8,0,0,0,0,0,0,0,0,0,0,0,0,0,0,0,0,0,0,0,0,8,9
1631106,Tari Eason,HOU,202505020GSW,"May 2, 2025",GSW,8,4,0,4,72.73,100.0,-27.27,1,2,3,6,0,0,0,0,0,0,0,0,0,0,0,0,0,0,0,0,0,0,0,0
1630541,Moses Moody,GSW,202505020GSW,"May 2, 2025",HOU,13,13,0,13,41.94,50.0,-8.06,8,4,5,9,0,0,0,0,0,0,0,0,0,0,0,0,0,0,0,0,0,0,0,0
1642366,Quinten Post,GSW,202505020GSW,"May 2, 2025",HOU,5,6,0,6,31.25,41.67,-10.42,2,2,4,3,0,0,0,0,0,0,0,0,0,0,0,0,0,0,0,0,0,0,0,0
1631095,Jabari Smith Jr.,HOU,202505020GSW,"May 2, 2025",GSW,8,4,0,4,72.73,100.0,-27.27,1,2,3,6,0,0,0,0,0,0,0,0,0,0,0,0,0,0,0,0,0,0,0,0
1628988,Aaron Holiday,GSW,202505020GSW,"May 2, 2025",HOU,3,2,0,2,60.0,75.0,-15.0,1,0,1,3,0,0,0,0,0,0,0,0,0,0,0,0,0,0,0,0,0,0,0,0
1631218,Trayce Jackson-Davis,GSW,202505020GSW,"May 2, 2025",HOU,2,1,0,1,100.0,100.0,0.0,1,2,0,0,0,0,0,0,0,0,0,0,0,0,0,0,0,0,0,0,0,0,0,0
1630611,Gui Santos,GSW,202505020GSW,"May 2, 2025",HOU,2,1,0,1,100.0,100.0,0.0,1,2,0,0,0,0,0,0,0,0,0,0,0,0,0,0,0,0,0,0,0,0,0,0
1630311,Pat Spencer,GSW,202505020GSW,"May 2, 2025",HOU,6,3,0,3,100.0,100.0,0.0,3,6,0,0,0,0,0,0,0,0,0,0,0,0,0,0,0,0,0,0,0,0,0,0
1641715,Cam Whitmore,HOU,202505020GSW,"May 2, 2025",GSW,0,1,0,1,0.0,0.0,0.0,0,0,1,0,0,0,0,0,0,0,0,0,0,0,0,0,0,0,0,0,0,0,0,0
1642263,Reed Sheppard,HOU,202505020GSW,"May 2, 2025",GSW,0,1,0,1,0.0,0.0,0.0,0,0,1,0,0,0,0,0,0,0,0,0,0,0,0,0,0,0,0,0,0,0,0,0
1627750,Jamal Murray,DEN,202505030DEN,"May 3, 2025",LAC,16,15,3,17,44.44,49.02,-4.58,12,14,3,0,1,1,0,0,0,0,0,0,0,0,0,0,0,0,0,0,1,1,0,0
1627826,Ivica Zubac,LAC,202505030DEN,"May 3, 2025",DEN,10,10,2,11,45.45,45.96,-0.51,10,10,0,0,1,0,0,0,0,0,0,0,0,0,0,0,0,0,0,0,0,0,0,0
203999,Nikola Jokić,DEN,202505030DEN,"May 3, 2025",LAC,16,14,4,15,47.06,50.76,-3.7,10,6,2,3,1,2,0,0,2,5,0,0,0,0,0,0,0,0,0,0,0,0,0,0
201935,James Harden,LAC,202505030DEN,"May 3, 2025",DEN,7,8,2,9,31.82,39.41,-7.59,4,2,4,3,1,2,0,0,0,0,0,0,0,0,0,0,0,0,0,0,0,0,0,0
1626181,Norman Powell,LAC,202505030DEN,"May 3, 2025",DEN,9,11,1,12,34.62,39.34,-4.72,8,8,3,0,0,0,0,0,0,0,0,0,1,1,0,0,0,0,0,0,0,0,0,0
1629008,Michael Porter Jr.,DEN,202505030DEN,"May 3, 2025",LAC,15,11,0,11,50.0,68.18,-18.18,3,6,8,9,0,0,0,0,0,0,0,0,0,0,0,0,0,0,0,0,0,0,0,0
1627884,Derrick Jones Jr.,LAC,202505030DEN,"May 3, 2025",DEN,12,10,4,12,42.86,51.02,-8.16,6,8,4,3,1,0,0,0,0,0,0,0,0,0,0,0,0,0,0,0,0,0,1,1
1631128,Christian Braun,DEN,202505030DEN,"May 3, 2025",LAC,21,15,4,17,53.85,62.65,-8.8,10,10,5,9,2,2,0,0,0,0,0,0,0,0,0,0,0,0,0,0,0,0,0,0
202695,Kawhi Leonard,LAC,202505030DEN,"May 3, 2025",DEN,22,13,9,17,56.41,64.86,-8.45,8,6,4,6,3,6,0,0,1,3,0,0,0,0,0,0,0,0,0,0,0,0,1,1
203932,Aaron Gordon,DEN,202505030DEN,"May 3, 2025",LAC,22,16,4,18,56.41,61.94,-5.53,13,18,3,0,0,0,0,0,0,0,0,0,0,0,0,0,0,0,0,0,0,0,2,4
201587,Nicolas Batum,LAC,202505030DEN,"May 3, 2025",DEN,3,3,0,3,33.33,50.0,-16.67,0,0,3,3,0,0,0,0,0,0,0,0,0,0,0,0,0,0,0,0,0,0,0,0
203992,Bogdan Bogdanović,LAC,202505030DEN,"May 3, 2025",DEN,12,9,1,9,50.0,63.56,-13.56,3,6,5,3,0,0,0,0,1,3,0,0,0,0,0,0,0,0,0,0,0,0,0,0
1627739,Kris Dunn,LAC,202505030DEN,"May 3, 2025",DEN,3,4,0,4,30.0,37.5,-7.5,2,0,2,3,0,0,0,0,0,0,0,0,0,0,0,0,0,0,0,0,0,0,0,0
1631212,Peyton Watson,DEN,202505030DEN,"May 3, 2025",LAC,9,4,0,4,100.0,112.5,-12.5,3,6,1,3,0,0,0,0,0,0,0,0,0,0,0,0,0,0,0,0,0,0,0,0
201566,Russell Westbrook,DEN,202505030DEN,"May 3, 2025",LAC,16,9,6,12,57.14,68.73,-11.59,5,6,4,6,3,4,0,0,0,0,0,0,0,0,0,0,0,0,0,0,0,0,0,0
201599,DeAndre Jordan,DEN,202505030DEN,"May 3, 2025",LAC,2,1,0,1,100.0,100.0,0.0,1,2,0,0,0,0,0,0,0,0,0,0,0,0,0,0,0,0,0,0,0,0,0,0
1641738,Kobe Brown,LAC,202505030DEN,"May 3, 2025",DEN,13,7,1,7,86.67,87.37,-0.7,6,10,0,0,0,0,0,0,1,3,0,0,0,0,0,0,0,0,0,0,0,0,0,0
1629234,Drew Eubanks,LAC,202505030DEN,"May 3, 2025",DEN,1,1,2,2,25.0,26.6,-1.6,1,0,0,0,0,0,0,0,0,0,0,0,0,0,0,0,0,0,0,0,0,0,1,1
1641757,Jordan Miller,LAC,202505030DEN,"May 3, 2025",DEN,4,3,0,3,66.67,66.67,0.0,3,4,0,0,0,0,0,0,0,0,0,0,0,0,0,0,0,0,0,0,0,0,0,0
1642353,Cam Christie,LAC,202505030DEN,"May 3, 2025",DEN,5,3,0,3,62.5,83.33,-20.83,1,2,2,3,0,0,0,0,0,0,0,0,0,0,0,0,0,0,0,0,0,0,0,0
1629618,Jalen Pickett,DEN,202505030DEN,"May 3, 2025",LAC,0,1,0,1,0.0,0.0,0.0,0,0,1,0,0,0,0,0,0,0,0,0,0,0,0,0,0,0,0,0,0,0,0,0
1631124,Julian Strawther,DEN,202505030DEN,"May 3, 2025",LAC,3,3,0,3,42.86,50.0,-7.14,2,0,1,3,0,0,0,0,0,0,0,0,0,0,0,0,0,0,0,0,0,0,0,0
1641816,Hunter Tyson,DEN,202505030DEN,"May 3, 2025",LAC,0,1,0,1,0.0,0.0,0.0,0,0,1,0,0,0,0,0,0,0,0,0,0,0,0,0,0,0,0,0,0,0,0,0
1627783,Pascal Siakam,IND,202505040CLE,"May 4, 2025",CLE,17,15,3,16,44.74,52.08,-7.34,9,6,5,6,1,2,0,0,1,3,0,0,0,0,0,0,0,0,0,0,0,0,0,0
1629622,Max Strus,CLE,202505040CLE,"May 4, 2025",IND,7,9,2,10,25.0,35.43,-10.43,1,0,8,6,1,1,0,0,0,0,0,0,0,0,0,0,0,0,0,0,0,0,0,0
1630596,Evan Mobley,CLE,202505040CLE,"May 4, 2025",IND,20,13,0,13,64.52,76.92,-12.4,8,14,5,6,0,0,0,0,0,0,0,0,0,0,0,0,0,0,0,0,0,0,0,0
1630174,Aaron Nesmith,IND,202505040CLE,"May 4, 2025",CLE,17,8,4,10,65.38,87.09,-21.71,2,2,6,12,1,2,0,0,0,0,0,0,0,0,0,0,0,0,0,0,0,0,1,1
1628378,Donovan Mitchell,CLE,202505040CLE,"May 4, 2025",IND,33,30,9,34,41.25,48.59,-7.34,18,22,11,3,4,6,0,0,1,2,0,0,0,0,0,0,0,0,0,0,0,0,0,0
1626167,Myles Turner,IND,202505040CLE,"May 4, 2025",CLE,13,9,2,10,56.52,65.79,-9.27,6,8,3,3,1,2,0,0,0,0,0,0,0,0,0,0,0,0,0,0,0,0,0,0
1630241,Sam Merrill,CLE,202505040CLE,"May 4, 2025",IND,6,5,0,5,40.0,60.0,-20.0,0,0,5,6,0,0,0,0,0,0,0,0,0,0,0,0,0,0,0,0,0,0,0,0
1628386,Jarrett Allen,IND,202505040CLE,"May 4, 2025",CLE,12,7,0,7,85.71,85.71,0.0,7,12,0,0,0,0,0,0,0,0,0,0,0,0,0,0,0,0,0,0,0,0,0,0
1630169,Tyrese Haliburton,IND,202505040CLE,"May 4, 2025",CLE,22,15,2,16,57.89,69.27,-11.38,9,14,6,6,0,0,0,0,0,0,0,0,0,0,0,0,0,0,0,0,0,0,1,2
1631097,Bennedict Mathurin,IND,202505040CLE,"May 4, 2025",CLE,11,10,0,10,44.0,55.0,-11.0,5,2,5,9,0,0,0,0,0,0,0,0,0,0,0,0,0,0,0,0,0,0,0,0
1641716,Jarace Walker,IND,202505040CLE,"May 4, 2025",CLE,2,2,0,2,50.0,50.0,0.0,2,2,0,0,0,0,0,0,0,0,0,0,0,0,0,0,0,0,0,0,0,0,0,0
1629631,De'Andre Hunter,CLE,202505040CLE,"May 4, 2025",IND,11,8,2,9,55.0,61.94,-6.94,6,6,2,3,1,2,0,0,0,0,0,0,0,0,0,0,0,0,0,0,0,0,0,0
1629660,Ty Jerome,CLE,202505040CLE,"May 4, 2025",IND,21,20,5,22,42.86,47.3,-4.44,15,12,4,3,1,2,0,0,1,3,0,0,0,0,0,0,0,0,0,0,0,0,1,1
1629614,Andrew Nembhard,IND,202505040CLE,"May 4, 2025",CLE,23,10,4,12,76.67,97.79,-21.12,4,4,6,15,1,2,0,0,0,0,0,0,0,0,0,0,0,0,0,0,0,0,1,2
204456,T.J. McConnell,IND,202505040CLE,"May 4, 2025",CLE,7,5,0,5,63.64,70.0,-6.36,4,4,1,3,0,0,0,0,0,0,0,0,0,0,0,0,0,0,0,0,0,0,0,0
1629731,Dean Wade,CLE,202505040CLE,"May 4, 2025",IND,0,2,0,2,0.0,0.0,0.0,1,0,1,0,0,0,0,0,0,0,0,0,0,0,0,0,0,0,0,0,0,0,0,0
1630167,Obi Toppin,IND,202505040CLE,"May 4, 2025",CLE,7,6,0,6,50.0,58.33,-8.33,4,4,2,3,0,0,0,0,0,0,0,0,0,0,0,0,0,0,0,0,0,0,0,0
1630171,Isaac Okoro,CLE,202505040CLE,"May 4, 2025",IND,2,4,0,4,20.0,25.0,-5.0,2,2,2,0,0,0,0,0,0,0,0,0,0,0,0,0,0,0,0,0,0,0,0,0
1641767,Ben Sheppard,IND,202505040CLE,"May 4, 2025",CLE,0,1,0,1,0.0,0.0,0.0,0,0,1,0,0,0,0,0,0,0,0,0,0,0,0,0,0,0,0,0,0,0,0,0
1628418,Thomas Bryant,IND,202505040CLE,"May 4, 2025",CLE,2,2,0,2,40.0,50.0,-10.0,1,2,1,0,0,0,0,0,0,0,0,0,0,0,0,0,0,0,0,0,0,0,0,0
1630578,Alperen Sengun,HOU,202505040HOU,"May 4, 2025",GSW,21,23,4,25,41.18,42.41,-1.23,22,16,1,3,2,2,0,0,0,0,0,0,0,0,0,0,0,0,0,0,0,0,0,0
203110,Draymond Green,GSW,202505040HOU,"May 4, 2025",HOU,16,15,0,15,42.11,53.33,-11.22,7,10,8,6,0,0,0,0,0,0,0,0,0,0,0,0,0,0,0,0,0,0,0,0
201145,Jeff Green,HOU,202505040HOU,"May 4, 2025",GSW,8,8,3,9,38.1,42.92,-4.82,5,4,2,0,1,2,0,0,1,2,0,0,0,0,0,0,0,0,0,0,0,0,0,0
201939,Stephen Curry,GSW,202505040HOU,"May 4, 2025",HOU,22,16,2,17,50.0,65.17,-15.17,6,8,10,12,0,0,0,0,0,0,0,0,0,0,0,0,0,0,0,0,0,0,1,2
1627832,Fred VanVleet,HOU,202505040HOU,"May 4, 2025",GSW,17,13,2,15,50.0,61.24,-11.24,7,6,6,9,0,0,0,0,0,0,0,0,1,1,0,0,0,0,0,0,0,0,1,1
1641764,Brandin Podziemski,GSW,202505040HOU,"May 4, 2025",HOU,9,12,0,12,29.03,37.5,-8.47,5,6,7,3,0,0,0,0,0,0,0,0,0,0,0,0,0,0,0,0,0,0,0,0
1628415,Dillon Brooks,HOU,202505040HOU,"May 4, 2025",GSW,8,9,2,10,34.78,40.49,-5.71,6,6,3,0,1,2,0,0,0,0,0,0,0,0,0,0,0,0,0,0,0,0,0,0
1627741,Buddy Hield,GSW,202505040HOU,"May 4, 2025",HOU,33,15,0,15,80.49,110.0,-29.51,4,6,11,27,0,0,0,0,0,0,0,0,0,0,0,0,0,0,0,0,0,0,0,0
1641708,Amen Thompson,HOU,202505040HOU,"May 4, 2025",GSW,24,16,6,19,61.54,64.38,-2.84,15,18,1,0,3,6,0,0,0,0,0,0,0,0,0,0,0,0,0,0,0,0,0,0
202710,Jimmy Butler III,GSW,202505040HOU,"May 4, 2025",HOU,18,13,3,14,56.25,62.85,-6.6,9,8,3,6,1,1,0,0,1,3,0,0,0,0,0,0,0,0,0,0,0,0,0,0
1630228,Jonathan Kuminga,GSW,202505040HOU,"May 4, 2025",HOU,0,4,0,4,0.0,0.0,0.0,3,0,1,0,0,0,0,0,0,0,0,0,0,0,0,0,0,0,0,0,0,0,0,0
203500,Steven Adams,HOU,202505040HOU,"May 4, 2025",GSW,3,4,2,5,30.0,30.74,-0.74,4,2,0,0,1,1,0,0,0,0,0,0,0,0,0,0,0,0,0,0,0,0,0,0
1626172,Kevon Looney,GSW,202505040HOU,"May 4, 2025",HOU,3,2,2,3,50.0,52.08,-2.08,2,2,0,0,1,1,0,0,0,0,0,0,0,0,0,0,0,0,0,0,0,0,0,0
1630541,Moses Moody,GSW,202505040HOU,"May 4, 2025",HOU,0,5,0,5,0.0,0.0,0.0,2,0,3,0,0,0,0,0,0,0,0,0,0,0,0,0,0,0,0,0,0,0,0,0
1631106,Tari Eason,HOU,202505040HOU,"May 4, 2025",GSW,5,6,2,7,31.25,36.34,-5.09,4,2,2,3,1,0,0,0,0,0,0,0,0,0,0,0,0,0,0,0,0,0,0,0
1631095,Jabari Smith Jr.,HOU,202505040HOU,"May 4, 2025",GSW,3,5,0,5,23.08,30.0,-6.92,2,0,3,3,0,0,0,0,0,0,0,0,0,0,0,0,0,0,0,0,0,0,0,0
1627759,Jaylen Brown,BOS,202505050BOS,"May 5, 2025",NYK,23,20,10,25,38.33,47.13,-8.8,10,12,10,3,5,8,0,0,0,0,0,0,0,0,0,0,0,0,0,0,0,0,0,0
1626157,Karl-Anthony Towns,NYK,202505050BOS,"May 5, 2025",BOS,14,13,2,14,48.28,50.43,-2.15,12,12,1,0,1,2,0,0,0,0,0,0,0,0,0,0,0,0,0,0,0,0,0,0
1628969,Mikal Bridges,NYK,202505050BOS,"May 5, 2025",BOS,8,13,0,13,25.81,30.77,-4.96,8,2,5,6,0,0,0,0,0,0,0,0,0,0,0,0,0,0,0,0,0,0,0,0
1628404,Josh Hart,NYK,202505050BOS,"May 5, 2025",BOS,14,9,6,12,48.28,60.14,-11.86,4,8,5,3,2,2,0,0,0,0,0,0,0,0,0,0,0,0,0,0,0,0,1,1
204001,Kristaps Porziņģis,BOS,202505050BOS,"May 5, 2025",NYK,0,4,0,4,0.0,0.0,0.0,4,0,0,0,0,0,0,0,0,0,0,0,0,0,0,0,0,0,0,0,0,0,0,0
1628401,Derrick White,BOS,202505050BOS,"May 5, 2025",NYK,19,18,2,19,35.19,50.32,-15.13,2,2,16,15,1,2,0,0,0,0,0,0,0,0,0,0,0,0,0,0,0,0,0,0
1628973,Jalen Brunson,BOS,202505050BOS,"May 5, 2025",NYK,29,23,7,26,46.77,55.6,-8.83,14,8,9,15,2,4,1,2,0,0,0,0,0,0,0,0,0,0,0,0,0,0,0,0
1628369,Jayson Tatum,BOS,202505050BOS,"May 5, 2025",NYK,23,23,7,26,33.82,44.1,-10.28,8,6,15,12,2,3,1,2,0,0,0,0,0,0,0,0,0,0,0,0,0,0,0,0
201950,Jrue Holiday,BOS,202505050BOS,"May 5, 2025",NYK,16,14,0,14,45.71,57.14,-11.43,7,10,7,6,0,0,0,0,0,0,0,0,0,0,0,0,0,0,0,0,0,0,0,0
1630540,Miles McBride,NYK,202505050BOS,"May 5, 2025",BOS,11,8,0,8,50.0,68.75,-18.75,2,2,6,9,0,0,0,0,0,0,0,0,0,0,0,0,0,0,0,0,0,0,0,0
1629011,Mitchell Robinson,NYK,202505050BOS,"May 5, 2025",BOS,3,0,10,5,30.0,34.09,-4.09,0,0,0,0,2,2,0,0,0,0,0,0,0,0,0,0,0,0,0,0,0,0,3,1
201143,Al Horford,BOS,202505050BOS,"May 5, 2025",NYK,7,6,2,7,36.84,50.87,-14.03,1,2,5,3,1,2,0,0,0,0,0,0,0,0,0,0,0,0,0,0,0,0,0,0
1628384,OG Anunoby,NYK,202505050BOS,"May 5, 2025",BOS,29,20,4,21,52.73,66.64,-13.91,8,6,11,18,0,0,1,2,1,3,0,0,0,0,0,0,0,0,0,0,0,0,0,0
1626166,Cameron Payne,NYK,202505050BOS,"May 5, 2025",BOS,0,0,2,1,0.0,0.0,0.0,0,0,0,0,1,0,0,0,0,0,0,0,0,0,0,0,0,0,0,0,0,0,0,0
1628436,Luke Kornet,BOS,202505050BOS,"May 5, 2025",NYK,4,4,0,4,50.0,50.0,0.0,4,4,0,0,0,0,0,0,0,0,0,0,0,0,0,0,0,0,0,0,0,0,0,0
1630202,Payton Pritchard,BOS,202505050BOS,"May 5, 2025",NYK,13,6,5,9,59.09,79.27,-20.18,1,2,5,6,0,0,0,0,0,0,0,0,0,0,0,0,0,0,0,0,0,0,3,5
1630173,Precious Achiuwa,NYK,202505050BOS,"May 5, 2025",BOS,0,1,0,1,0.0,0.0,0.0,1,0,0,0,0,0,0,0,0,0,0,0,0,0,0,0,0,0,0,0,0,0,0,0
1630573,Sam Hauser,BOS,202505050BOS,"May 5, 2025",NYK,0,2,0,2,0.0,0.0,0.0,0,0,2,0,0,0,0,0,0,0,0,0,0,0,0,0,0,0,0,0,0,0,0,0
1628392,Isaiah Hartenstein,OKC,202505050OKC,"May 5, 2025",DEN,12,12,0,12,50.0,50.0,0.0,12,12,0,0,0,0,0,0,0,0,0,0,0,0,0,0,0,0,0,0,0,0,0,0
1631096,Chet Holmgren,OKC,202505050OKC,"May 5, 2025",DEN,12,11,4,13,41.38,47.02,-5.64,8,10,3,0,1,2,0,0,0,0,0,0,0,0,0,0,0,0,0,0,0,0,1,0
1629652,Luguentz Dort,OKC,202505050OKC,"May 5, 2025",DEN,14,9,2,10,48.28,70.85,-22.57,0,0,9,12,0,0,0,0,0,0,0,0,0,0,1,2,0,0,0,0,0,0,0,0
1631128,Christian Braun,DEN,202505050OKC,"May 5, 2025",OKC,11,8,2,9,50.0,61.94,-11.94,4,6,4,3,1,2,0,0,0,0,0,0,0,0,0,0,0,0,0,0,0,0,0,0
203999,Nikola Jokić,DEN,202505050OKC,"May 5, 2025",OKC,42,29,13,35,54.55,60.48,-5.93,22,24,6,6,3,5,0,0,1,2,0,0,0,0,0,0,0,0,0,0,0,0,3,5
1631119,Jaylin Williams,OKC,202505050OKC,"May 5, 2025",DEN,16,20,6,23,29.09,35.34,-6.25,11,6,9,6,3,4,0,0,0,0,0,0,0,0,0,0,0,0,0,0,0,0,0,0
203932,Aaron Gordon,DEN,202505050OKC,"May 5, 2025",OKC,22,15,5,17,53.66,63.95,-10.29,8,6,6,9,1,2,0,0,1,3,0,0,0,0,0,0,0,0,0,0,0,0,1,2
1627750,Jamal Murray,DEN,202505050OKC,"May 5, 2025",OKC,21,16,8,20,44.68,53.79,-9.11,9,8,7,6,3,6,0,0,0,0,0,0,0,0,0,0,0,0,0,0,0,0,1,1
1629008,Michael Porter Jr.,DEN,202505050OKC,"May 5, 2025",OKC,2,8,0,8,10.53,12.5,-1.97,5,2,3,0,0,0,0,0,0,0,0,0,0,0,0,0,0,0,0,0,0,0,0,0
1628983,Shai Gilgeous-Alexander,OKC,202505050OKC,"May 5, 2025",DEN,33,26,9,30,49.25,55.07,-5.82,20,20,5,3,3,5,0,0,0,0,1,3,0,0,0,0,0,0,0,0,0,0,1,2
1630198,Isaiah Joe,OKC,202505050OKC,"May 5, 2025",DEN,0,4,0,4,0.0,0.0,0.0,0,0,4,0,0,0,0,0,0,0,0,0,0,0,0,0,0,0,0,0,0,0,0,0
201566,Russell Westbrook,DEN,202505050OKC,"May 5, 2025",OKC,18,13,5,15,50.0,59.21,-9.21,7,10,5,3,1,1,0,0,1,3,0,0,0,0,0,0,0,0,0,0,0,0,1,1
1627936,Alex Caruso,OKC,202505050OKC,"May 5, 2025",DEN,20,12,2,13,57.14,77.64,-20.5,3,4,9,15,1,1,0,0,0,0,0,0,0,0,0,0,0,0,0,0,0,0,0,0
1641717,Cason Wallace,OKC,202505050OKC,"May 5, 2025",DEN,3,4,1,4,30.0,33.78,-3.78,2,0,1,0,0,0,0,0,1,3,0,0,0,0,0,0,0,0,0,0,0,0,0,0
1631212,Peyton Watson,DEN,202505050OKC,"May 5, 2025",OKC,3,5,0,5,27.27,30.0,-2.73,4,0,1,3,0,0,0,0,0,0,0,0,0,0,0,0,0,0,0,0,0,0,0,0
1630598,Aaron Wiggins,OKC,202505050OKC,"May 5, 2025",DEN,5,1,2,2,100.0,132.98,-32.98,0,0,1,3,1,2,0,0,0,0,0,0,0,0,0,0,0,0,0,0,0,0,0,0
1631124,Julian Strawther,OKC,202505050OKC,"May 5, 2025",DEN,2,1,0,1,100.0,100.0,0.0,1,2,0,0,0,0,0,0,0,0,0,0,0,0,0,0,0,0,0,0,0,0,0,0
1630169,Tyrese Haliburton,IND,202505060CLE,"May 6, 2025",CLE,19,11,5,13,65.52,71.97,-6.45,8,8,2,6,2,2,0,0,1,3,0,0,0,0,0,0,0,0,0,0,0,0,0,0
1628378,Donovan Mitchell,CLE,202505060CLE,"May 6, 2025",IND,48,30,21,39,54.55,61.16,-6.61,19,20,7,3,6,10,0,0,4,11,0,0,1,1,0,0,0,0,0,0,0,0,2,3
1626167,Myles Turner,IND,202505060CLE,"May 6, 2025",CLE,23,17,6,20,51.11,58.55,-7.44,12,12,5,6,2,4,0,0,0,0,0,0,0,0,0,0,0,0,0,0,0,0,1,1
1629614,Andrew Nembhard,IND,202505060CLE,"May 6, 2025",CLE,13,13,5,15,37.14,42.76,-5.62,8,8,4,0,2,2,0,0,1,3,0,0,0,0,0,0,0,0,0,0,0,0,0,0
1627783,Pascal Siakam,IND,202505060CLE,"May 6, 2025",CLE,12,8,5,10,57.14,58.82,-1.68,7,8,0,0,2,2,0,0,1,2,0,0,0,0,0,0,0,0,0,0,0,0,0,0
1629622,Max Strus,CLE,202505060CLE,"May 6, 2025",IND,23,18,2,19,46.0,60.91,-14.91,6,6,12,15,1,2,0,0,0,0,0,0,0,0,0,0,0,0,0,0,0,0,0,0
1628386,Jarrett Allen,CLE,202505060CLE,"May 6, 2025",IND,22,9,8,13,84.62,87.86,-3.24,9,14,0,0,3,6,0,0,0,0,0,0,0,0,0,0,0,0,0,0,0,0,1,2
1630174,Aaron Nesmith,IND,202505060CLE,"May 6, 2025",CLE,23,13,2,14,63.89,82.85,-18.96,5,6,8,15,1,2,0,0,0,0,0,0,0,0,0,0,0,0,0,0,0,0,0,0
1629731,Dean Wade,CLE,202505060CLE,"May 6, 2025",IND,3,4,0,4,25.0,37.5,-12.5,0,0,4,3,0,0,0,0,0,0,0,0,0,0,0,0,0,0,0,0,0,0,0,0
1629660,Ty Jerome,CLE,202505060CLE,"May 6, 2025",IND,2,14,0,14,6.25,7.14,-0.89,10,2,4,0,0,0,0,0,0,0,0,0,0,0,0,0,0,0,0,0,0,0,0,0
1631097,Bennedict Mathurin,IND,202505060CLE,"May 6, 2025",CLE,19,10,6,13,65.52,75.16,-9.64,7,10,3,3,1,2,1,3,0,0,0,0,1,1,0,0,0,0,0,0,0,0,0,0
204456,T.J. McConnell,IND,202505060CLE,"May 6, 2025",CLE,4,5,0,5,36.36,40.0,-3.64,4,4,1,0,0,0,0,0,0,0,0,0,0,0,0,0,0,0,0,0,0,0,0,0
1630167,Obi Toppin,IND,202505060CLE,"May 6, 2025",CLE,7,6,0,6,46.67,58.33,-11.66,3,4,3,3,0,0,0,0,0,0,0,0,0,0,0,0,0,0,0,0,0,0,0,0
1630241,Sam Merrill,CLE,202505060CLE,"May 6, 2025",IND,14,10,0,10,48.28,70.0,-21.72,1,2,9,12,0,0,0,0,0,0,0,0,0,0,0,0,0,0,0,0,0,0,0,0
1630171,Isaac Okoro,CLE,202505060CLE,"May 6, 2025",IND,5,2,4,4,55.56,66.49,-10.93,1,2,1,0,1,1,0,0,0,0,0,0,0,0,0,0,0,0,0,0,0,0,1,2
1629750,Javonte Green,CLE,202505060CLE,"May 6, 2025",IND,0,1,0,1,0.0,0.0,0.0,0,0,1,0,0,0,0,0,0,0,0,0,0,0,0,0,0,0,0,0,0,0,0,0
1641716,Jarace Walker,IND,202505060CLE,"May 6, 2025",CLE,0,2,0,2,0.0,0.0,0.0,0,0,2,0,0,0,0,0,0,0,0,0,0,0,0,0,0,0,0,0,0,0,0,0
1641854,Craig Porter Jr.,CLE,202505060CLE,"May 6, 2025",IND,2,2,0,2,40.0,50.0,-10.0,1,2,1,0,0,0,0,0,0,0,0,0,0,0,0,0,0,0,0,0,0,0,0,0
203110,Draymond Green,GSW,202505060MIN,"May 6, 2025",MIN,18,13,2,14,47.37,64.84,-17.47,3,4,10,12,0,0,0,0,0,0,0,0,0,0,0,0,0,0,0,0,0,0,1,2
201144,Mike Conley,MIN,202505060MIN,"May 6, 2025",GSW,0,5,0,5,0.0,0.0,0.0,3,0,2,0,0,0,0,0,0,0,0,0,0,0,0,0,0,0,0,0,0,0,0,0
203497,Rudy Gobert,MIN,202505060MIN,"May 6, 2025",GSW,9,7,2,8,56.25,57.11,-0.86,7,8,0,0,0,0,0,0,0,0,0,0,0,0,0,0,0,0,0,0,0,0,1,1
1627741,Buddy Hield,GSW,202505060MIN,"May 6, 2025",MIN,24,19,5,21,47.06,56.6,-9.54,10,2,8,15,0,0,0,0,1,3,0,0,0,0,0,0,0,0,0,0,0,0,2,4
202710,Jimmy Butler III,GSW,202505060MIN,"May 6, 2025",MIN,20,20,6,23,37.04,44.17,-7.13,12,10,8,6,3,4,0,0,0,0,0,0,0,0,0,0,0,0,0,0,0,0,0,0
203944,Julius Randle,MIN,202505060MIN,"May 6, 2025",GSW,18,11,10,16,51.43,58.44,-7.01,8,8,3,0,4,8,0,0,0,0,0,0,0,0,0,0,0,0,0,0,0,0,1,2
201939,Stephen Curry,GSW,202505060MIN,"May 6, 2025",MIN,13,9,0,9,54.17,72.22,-18.05,3,4,6,9,0,0,0,0,0,0,0,0,0,0,0,0,0,0,0,0,0,0,0,0
1630162,Anthony Edwards,MIN,202505060MIN,"May 6, 2025",GSW,23,22,5,23,42.59,47.52,-4.93,14,10,5,3,1,1,0,0,3,9,0,0,0,0,0,0,0,0,0,0,0,0,0,0
1641764,Brandin Podziemski,GSW,202505060MIN,"May 6, 2025",MIN,3,7,0,7,15.79,21.43,-5.64,2,0,5,3,0,0,0,0,0,0,0,0,0,0,0,0,0,0,0,0,0,0,0,0
1630183,Jaden McDaniels,MIN,202505060MIN,"May 6, 2025",GSW,12,12,0,12,44.44,50.0,-5.56,9,12,3,0,0,0,0,0,0,0,0,0,0,0,0,0,0,0,0,0,0,0,0,0
1630541,Moses Moody,GSW,202505060MIN,"May 6, 2025",MIN,0,4,0,4,0.0,0.0,0.0,3,0,1,0,0,0,0,0,0,0,0,0,0,0,0,0,0,0,0,0,0,0,0,0
1627780,Gary Payton II,GSW,202505060MIN,"May 6, 2025",MIN,8,4,0,4,72.73,100.0,-27.27,1,2,3,6,0,0,0,0,0,0,0,0,0,0,0,0,0,0,0,0,0,0,0,0
1628978,Donte DiVincenzo,MIN,202505060MIN,"May 6, 2025",GSW,7,11,0,11,24.14,31.82,-7.68,4,4,7,3,0,0,0,0,0,0,0,0,0,0,0,0,0,0,0,0,0,0,0,0
1629675,Naz Reid,MIN,202505060MIN,"May 6, 2025",GSW,19,14,0,14,54.29,67.86,-13.57,7,10,7,9,0,0,0,0,0,0,0,0,0,0,0,0,0,0,0,0,0,0,0,0
1626172,Kevon Looney,GSW,202505060MIN,"May 6, 2025",MIN,2,2,0,2,50.0,50.0,0.0,2,2,0,0,0,0,0,0,0,0,0,0,0,0,0,0,0,0,0,0,0,0,0,0
1629638,Nickeil Alexander-Walker,MIN,202505060MIN,"May 6, 2025",GSW,0,3,0,3,0.0,0.0,0.0,1,0,2,0,0,0,0,0,0,0,0,0,0,0,0,0,0,0,0,0,0,0,0,0
1630228,Jonathan Kuminga,GSW,202505060MIN,"May 6, 2025",MIN,7,5,2,6,53.85,59.52,-5.67,4,2,1,3,1,2,0,0,0,0,0,0,0,0,0,0,0,0,0,0,0,0,0,0
1630311,Pat Spencer,GSW,202505060MIN,"May 6, 2025",MIN,4,4,0,4,50.0,50.0,0.0,4,4,0,0,0,0,0,0,0,0,0,0,0,0,0,0,0,0,0,0,0,0,0,0
1630545,Terrence Shannon Jr.,MIN,202505060MIN,"May 6, 2025",GSW,0,1,0,1,0.0,0.0,0.0,1,0,0,0,0,0,0,0,0,0,0,0,0,0,0,0,0,0,0,0,0,0,0,0
201950,Jrue Holiday,BOS,202505070BOS,"May 7, 2025",NYK,9,6,1,6,60.0,69.88,-9.88,3,6,2,0,0,0,0,0,1,3,0,0,0,0,0,0,0,0,0,0,0,0,0,0
1628969,Mikal Bridges,NYK,202505070BOS,"May 7, 2025",BOS,14,18,0,18,31.82,38.89,-7.07,10,8,8,6,0,0,0,0,0,0,0,0,0,0,0,0,0,0,0,0,0,0,0,0
1628369,Jayson Tatum,BOS,202505070BOS,"May 7, 2025",NYK,13,19,2,20,28.89,32.7,-3.81,14,8,5,3,1,2,0,0,0,0,0,0,0,0,0,0,0,0,0,0,0,0,0,0
1627759,Jaylen Brown,BOS,202505070BOS,"May 7, 2025",NYK,20,23,4,24,35.09,40.39,-5.3,14,8,7,6,1,1,0,0,2,5,0,0,0,0,0,0,0,0,0,0,0,0,0,0
1628401,Derrick White,BOS,202505070BOS,"May 7, 2025",NYK,20,17,5,19,40.0,52.08,-12.08,6,6,11,9,1,2,1,3,0,0,0,0,0,0,0,0,0,0,0,0,0,0,0,0
201143,Al Horford,BOS,202505070BOS,"May 7, 2025",NYK,4,11,0,11,14.81,18.18,-3.37,6,4,5,0,0,0,0,0,0,0,0,0,0,0,0,0,0,0,0,0,0,0,0,0
1626157,Karl-Anthony Towns,NYK,202505070BOS,"May 7, 2025",BOS,21,16,3,16,58.33,60.62,-2.29,12,12,1,0,0,0,0,0,3,9,0,0,0,0,0,0,0,0,0,0,0,0,0,0
1628973,Jalen Brunson,NYK,202505070BOS,"May 7, 2025",BOS,17,19,4,21,33.33,40.94,-7.61,10,8,9,6,2,3,0,0,0,0,0,0,0,0,0,0,0,0,0,0,0,0,0,0
1628384,OG Anunoby,NYK,202505070BOS,"May 7, 2025",BOS,5,9,0,9,22.73,27.78,-5.05,5,2,4,3,0,0,0,0,0,0,0,0,0,0,0,0,0,0,0,0,0,0,0,0
1628404,Josh Hart,NYK,202505070BOS,"May 7, 2025",BOS,23,15,2,16,60.53,72.42,-11.89,9,12,6,9,0,0,0,0,0,0,0,0,0,0,0,0,0,0,0,0,0,0,1,2
1628436,Luke Kornet,BOS,202505070BOS,"May 7, 2025",NYK,6,4,0,4,75.0,75.0,0.0,4,6,0,0,0,0,0,0,0,0,0,0,0,0,0,0,0,0,0,0,0,0,0,0
1630202,Payton Pritchard,BOS,202505070BOS,"May 7, 2025",NYK,9,9,0,9,33.33,50.0,-16.67,0,0,9,9,0,0,0,0,0,0,0,0,0,0,0,0,0,0,0,0,0,0,0,0
1629011,Mitchell Robinson,NYK,202505070BOS,"May 7, 2025",BOS,6,5,1,5,54.55,55.15,-0.6,4,4,0,0,0,0,0,0,1,2,0,0,0,0,0,0,0,0,0,0,0,0,0,0
1630540,Miles McBride,NYK,202505070BOS,"May 7, 2025",BOS,5,3,0,3,62.5,83.33,-20.83,1,2,2,3,0,0,0,0,0,0,0,0,0,0,0,0,0,0,0,0,0,0,0,0
204001,Kristaps Porziņģis,BOS,202505070BOS,"May 7, 2025",NYK,8,5,1,5,66.67,73.53,-6.86,3,2,1,3,0,0,0,0,1,3,0,0,0,0,0,0,0,0,0,0,0,0,0,0
1626166,Cameron Payne,NYK,202505070BOS,"May 7, 2025",BOS,0,1,0,1,0.0,0.0,0.0,0,0,1,0,0,0,0,0,0,0,0,0,0,0,0,0,0,0,0,0,0,0,0,0
1629652,Luguentz Dort,OKC,202505070OKC,"May 7, 2025",DEN,12,13,2,14,32.43,43.23,-10.8,4,4,9,6,1,2,0,0,0,0,0,0,0,0,0,0,0,0,0,0,0,0,0,0
1629008,Michael Porter Jr.,DEN,202505070OKC,"May 7, 2025",OKC,8,10,2,11,26.67,36.76,-10.09,2,0,8,6,1,2,0,0,0,0,0,0,0,0,0,0,0,0,0,0,0,0,0,0
1627750,Jamal Murray,DEN,202505070OKC,"May 7, 2025",OKC,14,9,4,11,51.85,65.06,-13.21,4,2,5,9,1,2,0,0,0,0,0,0,0,0,0,0,0,0,0,0,0,0,1,1
1628392,Isaiah Hartenstein,OKC,202505070OKC,"May 7, 2025",DEN,14,7,2,8,87.5,88.83,-1.33,7,12,0,0,1,2,0,0,0,0,0,0,0,0,0,0,0,0,0,0,0,0,0,0
1631096,Chet Holmgren,OKC,202505070OKC,"May 7, 2025",DEN,15,8,7,11,57.69,67.69,-10.0,4,0,3,6,2,4,0,0,1,3,0,0,0,0,0,0,0,0,0,0,0,0,1,2
203999,Nikola Jokić,DEN,202505070OKC,"May 7, 2025",OKC,17,16,5,19,41.46,46.7,-5.24,12,8,4,6,1,1,0,0,0,0,0,0,1,0,0,0,0,0,0,0,0,0,1,2
1631119,Jaylin Williams,OKC,202505070OKC,"May 7, 2025",DEN,17,11,6,14,54.84,62.32,-7.48,8,12,3,0,3,5,0,0,0,0,0,0,0,0,0,0,0,0,0,0,0,0,0,0
1628983,Shai Gilgeous-Alexander,OKC,202505070OKC,"May 7, 2025",DEN,34,13,11,19,87.18,95.29,-8.11,11,20,2,3,4,8,0,0,0,0,0,0,1,1,0,0,0,0,0,0,0,0,1,2
203932,Aaron Gordon,OKC,202505070OKC,"May 7, 2025",DEN,10,12,2,13,34.48,38.82,-4.34,9,2,3,6,1,2,0,0,0,0,0,0,0,0,0,0,0,0,0,0,0,0,0,0
1631128,Christian Braun,DEN,202505070OKC,"May 7, 2025",OKC,3,6,0,6,18.75,25.0,-6.25,2,0,4,3,0,0,0,0,0,0,0,0,0,0,0,0,0,0,0,0,0,0,0,0
201566,Russell Westbrook,DEN,202505070OKC,"May 7, 2025",OKC,19,11,10,16,52.78,61.69,-8.91,7,8,4,3,2,4,0,0,0,0,0,0,0,0,0,0,0,0,0,0,0,0,3,4
1641717,Cason Wallace,OKC,202505070OKC,"May 7, 2025",DEN,8,4,0,4,72.73,100.0,-27.27,1,2,3,6,0,0,0,0,0,0,0,0,0,0,0,0,0,0,0,0,0,0,0,0
1631212,Peyton Watson,DEN,202505070OKC,"May 7, 2025",OKC,9,4,0,4,100.0,112.5,-12.5,3,6,1,3,0,0,0,0,0,0,0,0,0,0,0,0,0,0,0,0,0,0,0,0
1630198,Isaiah Joe,OKC,202505070OKC,"May 7, 2025",DEN,14,5,0,5,100.0,140.0,-40.0,1,2,4,12,0,0,0,0,0,0,0,0,0,0,0,0,0,0,0,0,0,0,0,0
1627936,Alex Caruso,OKC,202505070OKC,"May 7, 2025",DEN,2,3,0,3,25.0,33.33,-8.33,1,2,2,0,0,0,0,0,0,0,0,0,0,0,0,0,0,0,0,0,0,0,0,0
201599,DeAndre Jordan,DEN,202505070OKC,"May 7, 2025",OKC,2,1,0,1,100.0,100.0,0.0,1,2,0,0,0,0,0,0,0,0,0,0,0,0,0,0,0,0,0,0,0,0,0,0
203952,Andrew Wiggins,DEN,202505070OKC,"May 7, 2025",OKC,10,8,0,8,50.0,62.5,-12.5,4,4,4,6,0,0,0,0,0,0,0,0,0,0,0,0,0,0,0,0,0,0,0,0
1631124,Julian Strawther,DEN,202505070OKC,"May 7, 2025",OKC,9,7,3,8,45.0,54.09,-9.09,3,2,3,3,0,0,0,0,1,3,0,0,0,0,0,0,0,0,0,0,0,0,1,1
1630192,Zeke Nnaji,DEN,202505070OKC,"May 7, 2025",OKC,4,4,2,5,33.33,40.98,-7.65,2,0,2,3,1,1,0,0,0,0,0,0,0,0,0,0,0,0,0,0,0,0,0,0
1642349,Ajay Mitchell,OKC,202505070OKC,"May 7, 2025",DEN,10,7,0,7,62.5,71.43,-8.93,5,4,2,6,0,0,0,0,0,0,0,0,0,0,0,0,0,0,0,0,0,0,0,0
1629618,Jalen Pickett,DEN,202505070OKC,"May 7, 2025",OKC,3,3,0,3,37.5,50.0,-12.5,1,0,2,3,0,0,0,0,0,0,0,0,0,0,0,0,0,0,0,0,0,0,0,0
1629026,Kenrich Williams,OKC,202505070OKC,"May 7, 2025",DEN,4,4,2,5,36.36,40.98,-4.62,3,2,1,0,1,2,0,0,0,0,0,0,0,0,0,0,0,0,0,0,0,0,0,0
1641816,Hunter Tyson,DEN,202505070OKC,"May 7, 2025",OKC,8,4,4,6,61.54,69.44,-7.9,3,4,1,0,1,2,0,0,0,0,0,0,0,0,0,0,0,0,0,0,0,0,1,2
1631172,Ousmane Dieng,OKC,202505070OKC,"May 7, 2025",DEN,2,3,2,4,22.22,25.77,-3.55,2,0,1,0,1,2,0,0,0,0,0,0,0,0,0,0,0,0,0,0,0,0,0,0
1641794,Dillon Jones,OKC,202505070OKC,"May 7, 2025",DEN,4,1,2,2,100.0,106.38,-6.38,1,2,0,0,1,2,0,0,0,0,0,0,0,0,0,0,0,0,0,0,0,0,0,0
1630183,Jaden McDaniels,MIN,202505080MIN,"May 8, 2025",GSW,16,10,2,11,66.67,73.53,-6.86,8,12,2,3,1,1,0,0,0,0,0,0,0,0,0,0,0,0,0,0,0,0,0,0
1641764,Brandin Podziemski,GSW,202505080MIN,"May 8, 2025",MIN,11,9,2,10,45.83,55.67,-9.84,5,6,4,3,1,2,0,0,0,0,0,0,0,0,0,0,0,0,0,0,0,0,0,0
203497,Rudy Gobert,MIN,202505080MIN,"May 8, 2025",GSW,5,4,4,6,41.67,43.4,-1.73,4,4,0,0,2,1,0,0,0,0,0,0,0,0,0,0,0,0,0,0,0,0,0,0
201144,Mike Conley,MIN,202505080MIN,"May 8, 2025",GSW,6,5,1,6,40.0,55.15,-15.15,1,0,4,6,0,0,0,0,0,0,0,0,1,0,0,0,0,0,0,0,0,0,0,0
1627741,Buddy Hield,GSW,202505080MIN,"May 8, 2025",MIN,15,14,1,15,39.47,51.94,-12.47,5,2,9,12,0,0,0,0,0,0,0,0,0,0,0,0,0,0,0,0,0,0,1,1
203944,Julius Randle,MIN,202505080MIN,"May 8, 2025",GSW,24,17,3,18,58.54,65.5,-6.96,12,16,4,3,1,2,0,0,1,3,0,0,0,0,0,0,0,0,0,0,0,0,0,0
202710,Jimmy Butler III,GSW,202505080MIN,"May 8, 2025",MIN,17,13,5,15,48.57,55.92,-7.35,8,6,4,6,2,2,0,0,1,3,0,0,0,0,0,0,0,0,0,0,0,0,0,0
1630162,Anthony Edwards,MIN,202505080MIN,"May 8, 2025",GSW,20,13,8,17,52.63,60.53,-7.9,9,8,4,6,4,6,0,0,0,0,0,0,0,0,0,0,0,0,0,0,0,0,0,0
1630541,Moses Moody,GSW,202505080MIN,"May 8, 2025",MIN,3,5,4,7,16.67,22.19,-5.52,1,0,4,0,0,0,0,0,0,0,0,0,0,0,0,0,0,0,0,0,0,0,2,3
1627780,Gary Payton II,GSW,202505080MIN,"May 8, 2025",MIN,0,2,0,2,0.0,0.0,0.0,1,0,1,0,0,0,0,0,0,0,0,0,0,0,0,0,0,0,0,0,0,0,0,0
203110,Draymond Green,GSW,202505080MIN,"May 8, 2025",MIN,9,10,2,11,32.14,41.36,-9.22,4,4,6,3,0,0,0,0,0,0,0,0,0,0,0,0,0,0,0,0,0,0,1,2
1630228,Jonathan Kuminga,GSW,202505080MIN,"May 8, 2025",MIN,18,11,4,13,62.07,70.53,-8.46,8,14,3,3,1,0,0,0,0,0,0,0,0,0,0,0,0,0,0,0,0,0,1,1
1630311,Pat Spencer,GSW,202505080MIN,"May 8, 2025",MIN,0,2,0,2,0.0,0.0,0.0,2,0,0,0,0,0,0,0,0,0,0,0,0,0,0,0,0,0,0,0,0,0,0,0
1628978,Donte DiVincenzo,MIN,202505080MIN,"May 8, 2025",GSW,9,9,0,9,34.62,50.0,-15.38,1,0,8,9,0,0,0,0,0,0,0,0,0,0,0,0,0,0,0,0,0,0,0,0
1629675,Naz Reid,MIN,202505080MIN,"May 8, 2025",GSW,11,10,0,10,39.29,55.0,-15.71,2,2,8,9,0,0,0,0,0,0,0,0,0,0,0,0,0,0,0,0,0,0,0,0
1629638,Nickeil Alexander-Walker,MIN,202505080MIN,"May 8, 2025",GSW,20,13,2,14,58.82,72.05,-13.23,7,6,6,12,0,0,0,0,0,0,0,0,0,0,0,0,0,0,0,0,0,0,1,2
knoxke01,K. Knox,GSW,202505080MIN,"May 8, 2025",MIN,3,3,2,4,33.33,38.66,-5.33,2,2,1,0,1,1,0,0,0,0,0,0,0,0,0,0,0,0,0,0,0,0,0,0
1631218,Trayce Jackson-Davis,GSW,202505080MIN,"May 8, 2025",MIN,15,6,5,8,88.24,91.46,-3.22,5,10,0,0,1,2,0,0,1,3,0,0,0,0,0,0,0,0,0,0,0,0,1,0
keybr01,B. Key,GSW,202505080MIN,"May 8, 2025",MIN,2,1,0,1,100.0,100.0,0.0,1,2,0,0,0,0,0,0,0,0,0,0,0,0,0,0,0,0,0,0,0,0,0,0
1631169,Josh Minott,MIN,202505080MIN,"May 8, 2025",GSW,2,2,0,2,40.0,50.0,-10.0,1,2,1,0,0,0,0,0,0,0,0,0,0,0,0,0,0,0,0,0,0,0,0,0
1630545,Terrence Shannon Jr.,MIN,202505080MIN,"May 8, 2025",GSW,2,2,0,2,50.0,50.0,0.0,2,2,0,0,0,0,0,0,0,0,0,0,0,0,0,0,0,0,0,0,0,0,0,0
1631159,Leonard Miller,MIN,202505080MIN,"May 8, 2025",GSW,2,2,0,2,50.0,50.0,0.0,2,2,0,0,0,0,0,0,0,0,0,0,0,0,0,0,0,0,0,0,0,0,0,0
1629622,Max Strus,CLE,202505090IND,"May 9, 2025",IND,20,12,0,12,62.5,83.33,-20.83,4,8,8,12,0,0,0,0,0,0,0,0,0,0,0,0,0,0,0,0,0,0,0,0
1630169,Tyrese Haliburton,IND,202505090IND,"May 9, 2025",CLE,4,8,0,8,23.53,25.0,-1.47,7,4,1,0,0,0,0,0,0,0,0,0,0,0,0,0,0,0,0,0,0,0,0,0
1629636,Darius Garland,CLE,202505090IND,"May 9, 2025",IND,10,11,2,12,32.26,42.09,-9.83,4,2,7,6,1,2,0,0,0,0,0,0,0,0,0,0,0,0,0,0,0,0,0,0
1628378,Donovan Mitchell,CLE,202505090IND,"May 9, 2025",IND,43,29,14,38,50.59,61.15,-10.56,14,14,13,15,3,5,0,0,2,6,0,0,4,3,0,0,0,0,0,0,1,0,1,0
1627783,Pascal Siakam,IND,202505090IND,"May 9, 2025",CLE,18,14,3,15,51.43,58.75,-7.32,9,12,4,3,1,0,0,0,1,3,0,0,0,0,0,0,0,0,0,0,0,0,0,0
1628386,Jarrett Allen,CLE,202505090IND,"May 9, 2025",IND,19,11,8,15,63.33,65.43,-2.1,11,12,0,0,3,5,0,0,0,0,0,0,0,0,0,0,0,0,0,0,0,0,1,2
1630596,Evan Mobley,CLE,202505090IND,"May 9, 2025",IND,18,13,6,16,51.43,57.54,-6.11,10,10,3,3,2,3,0,0,0,0,0,0,0,0,0,0,0,0,0,0,0,0,1,2
1629614,Andrew Nembhard,IND,202505090IND,"May 9, 2025",CLE,10,9,0,9,45.45,55.56,-10.11,5,4,4,6,0,0,0,0,0,0,0,0,0,0,0,0,0,0,0,0,0,0,0,0
1626167,Myles Turner,IND,202505090IND,"May 9, 2025",CLE,15,7,8,11,62.5,71.29,-8.79,5,6,2,3,4,6,0,0,0,0,0,0,0,0,0,0,0,0,0,0,0,0,0,0
1629631,De'Andre Hunter,CLE,202505090IND,"May 9, 2025",IND,8,6,4,8,38.1,51.55,-13.45,1,2,5,3,2,3,0,0,0,0,0,0,0,0,0,0,0,0,0,0,0,0,0,0
1629660,Ty Jerome,CLE,202505090IND,"May 9, 2025",IND,2,8,0,8,10.0,12.5,-2.5,4,2,4,0,0,0,0,0,0,0,0,0,0,0,0,0,0,0,0,0,0,0,0,0
204456,T.J. McConnell,IND,202505090IND,"May 9, 2025",CLE,12,9,4,11,54.55,55.76,-1.21,9,8,0,0,1,2,0,0,0,0,0,0,0,0,0,0,0,0,0,0,0,0,1,2
1630167,Obi Toppin,IND,202505090IND,"May 9, 2025",CLE,5,7,4,9,22.73,28.54,-5.81,3,2,4,0,1,1,0,0,0,0,0,0,0,0,0,0,0,0,0,0,0,0,1,2
1630174,Aaron Nesmith,IND,202505090IND,"May 9, 2025",CLE,7,7,0,7,38.89,50.0,-11.11,3,4,4,3,0,0,0,0,0,0,0,0,0,0,0,0,0,0,0,0,0,0,0,0
1631097,Bennedict Mathurin,IND,202505090IND,"May 9, 2025",CLE,21,11,7,14,56.76,74.57,-17.81,2,4,8,9,2,3,0,0,1,3,0,0,1,2,0,0,0,0,0,0,0,0,0,0
1629731,Dean Wade,CLE,202505090IND,"May 9, 2025",IND,0,2,0,2,0.0,0.0,0.0,0,0,2,0,0,0,0,0,0,0,0,0,0,0,0,0,0,0,0,0,0,0,0,0
1628418,Thomas Bryant,IND,202505090IND,"May 9, 2025",CLE,2,2,0,2,50.0,50.0,0.0,2,2,0,0,0,0,0,0,0,0,0,0,0,0,0,0,0,0,0,0,0,0,0,0
1641767,Ben Sheppard,IND,202505090IND,"May 9, 2025",CLE,3,1,0,1,100.0,150.0,-50.0,0,0,1,3,0,0,0,0,0,0,0,0,0,0,0,0,0,0,0,0,0,0,0,0
1630241,Sam Merrill,CLE,202505090IND,"May 9, 2025",IND,3,5,1,6,18.75,27.57,-8.82,0,0,5,3,0,0,0,0,0,0,0,0,1,0,0,0,0,0,0,0,0,0,0,0
1630552,Jalen Johnson,IND,202505090IND,"May 9, 2025",CLE,3,1,2,2,75.0,79.79,-4.79,1,2,0,0,1,1,0,0,0,0,0,0,0,0,0,0,0,0,0,0,0,0,0,0
1641716,Jarace Walker,IND,202505090IND,"May 9, 2025",CLE,2,2,4,4,22.22,26.6,-4.38,1,0,1,0,2,2,0,0,0,0,0,0,0,0,0,0,0,0,0,0,0,0,0,0
1630171,Isaac Okoro,CLE,202505090IND,"May 9, 2025",IND,1,1,2,2,25.0,26.6,-1.6,1,0,0,0,1,1,0,0,0,0,0,0,0,0,0,0,0,0,0,0,0,0,0,0
1642277,Johnny Furphy,IND,202505090IND,"May 9, 2025",CLE,0,1,0,1,0.0,0.0,0.0,0,0,1,0,0,0,0,0,0,0,0,0,0,0,0,0,0,0,0,0,0,0,0,0
1629750,Javonte Green,CLE,202505090IND,"May 9, 2025",IND,0,1,0,1,0.0,0.0,0.0,1,0,0,0,0,0,0,0,0,0,0,0,0,0,0,0,0,0,0,0,0,0,0,0
1641854,Craig Porter Jr.,CLE,202505090IND,"May 9, 2025",IND,2,1,0,1,100.0,100.0,0.0,1,2,0,0,0,0,0,0,0,0,0,0,0,0,0,0,0,0,0,0,0,0,0,0
1628396,Tony Bradley,IND,202505090IND,"May 9, 2025",CLE,0,1,0,1,0.0,0.0,0.0,1,0,0,0,0,0,0,0,0,0,0,0,0,0,0,0,0,0,0,0,0,0,0,0
1631119,Jaylin Williams,OKC,202505090DEN,"May 9, 2025",DEN,32,21,8,25,56.14,65.25,-9.11,14,16,7,9,3,5,0,0,0,0,0,0,0,0,0,0,0,0,0,0,0,0,1,2
203932,Aaron Gordon,DEN,202505090DEN,"May 9, 2025",OKC,22,11,4,13,68.75,86.21,-17.46,5,6,6,12,2,4,0,0,0,0,0,0,0,0,0,0,0,0,0,0,0,0,0,0
1629652,Luguentz Dort,OKC,202505090DEN,"May 9, 2025",DEN,3,6,2,7,16.67,21.8,-5.13,2,2,4,0,1,1,0,0,0,0,0,0,0,0,0,0,0,0,0,0,0,0,0,0
1628392,Isaiah Hartenstein,OKC,202505090DEN,"May 9, 2025",DEN,10,14,1,14,34.48,34.63,-0.15,13,8,0,0,0,0,0,0,1,2,0,0,0,0,0,0,0,0,0,0,0,0,0,0
1627750,Jamal Murray,DEN,202505090DEN,"May 9, 2025",OKC,27,19,8,23,52.94,59.95,-7.01,14,14,5,6,4,7,0,0,0,0,0,0,0,0,0,0,0,0,0,0,0,0,0,0
1631096,Chet Holmgren,OKC,202505090DEN,"May 9, 2025",DEN,18,19,4,21,37.5,43.35,-5.85,13,12,6,3,2,3,0,0,0,0,0,0,0,0,0,0,0,0,0,0,0,0,0,0
203999,Nikola Jokić,DEN,202505090DEN,"May 9, 2025",OKC,20,25,4,27,31.25,37.37,-6.12,15,16,10,0,0,0,1,3,0,0,0,0,1,1,0,0,0,0,0,0,0,0,0,0
1628983,Shai Gilgeous-Alexander,OKC,202505090DEN,"May 9, 2025",DEN,18,22,5,25,32.73,37.19,-4.46,16,12,6,3,2,2,0,0,0,0,0,0,1,1,0,0,0,0,0,0,0,0,0,0
1629008,Michael Porter Jr.,DEN,202505090DEN,"May 9, 2025",OKC,21,10,2,11,75.0,96.51,-21.51,4,4,6,15,1,2,0,0,0,0,0,0,0,0,0,0,0,0,0,0,0,0,0,0
1631128,Christian Braun,DEN,202505090DEN,"May 9, 2025",OKC,8,8,0,8,36.36,50.0,-13.64,2,2,6,6,0,0,0,0,0,0,0,0,0,0,0,0,0,0,0,0,0,0,0,0
1627936,Alex Caruso,OKC,202505090DEN,"May 9, 2025",DEN,7,9,2,10,28.0,35.43,-7.43,4,0,5,6,1,1,0,0,0,0,0,0,0,0,0,0,0,0,0,0,0,0,0,0
1641717,Cason Wallace,OKC,202505090DEN,"May 9, 2025",DEN,2,3,0,3,25.0,33.33,-8.33,1,2,2,0,0,0,0,0,0,0,0,0,0,0,0,0,0,0,0,0,0,0,0,0
201566,Russell Westbrook,DEN,202505090DEN,"May 9, 2025",OKC,8,8,2,9,36.36,45.05,-8.69,4,4,4,3,1,1,0,0,0,0,0,0,0,0,0,0,0,0,0,0,0,0,0,0
1630198,Isaiah Joe,OKC,202505090DEN,"May 9, 2025",DEN,2,2,0,2,40.0,50.0,-10.0,1,2,1,0,0,0,0,0,0,0,0,0,0,0,0,0,0,0,0,0,0,0,0,0
1631212,Peyton Watson,DEN,202505090DEN,"May 9, 2025",OKC,7,4,4,6,46.67,60.76,-14.09,1,0,3,6,2,1,0,0,0,0,0,0,0,0,0,0,0,0,0,0,0,0,0,0
203952,Andrew Wiggins,DEN,202505090DEN,"May 9, 2025",OKC,7,5,0,5,53.85,70.0,-16.15,2,4,3,3,0,0,0,0,0,0,0,0,0,0,0,0,0,0,0,0,0,0,0,0
1628969,Mikal Bridges,NYK,202505100NYK,"May 10, 2025",BOS,12,10,0,10,54.55,60.0,-5.45,8,12,2,0,0,0,0,0,0,0,0,0,0,0,0,0,0,0,0,0,0,0,0,0
1628973,Jalen Brunson,NYK,202505100NYK,"May 10, 2025",BOS,27,21,7,24,47.37,56.06,-8.69,12,10,8,9,3,5,0,0,1,3,0,0,0,0,0,0,0,0,0,0,0,0,0,0
1628369,Jayson Tatum,BOS,202505100NYK,"May 10, 2025",NYK,22,20,1,20,44.0,53.82,-9.82,10,4,9,15,0,0,0,0,1,3,0,0,0,0,0,0,0,0,0,0,0,0,0,0
1628401,Derrick White,BOS,202505100NYK,"May 10, 2025",NYK,17,10,2,11,60.71,78.12,-17.41,4,6,6,9,1,2,0,0,0,0,0,0,0,0,0,0,0,0,0,0,0,0,0,0
1627759,Jaylen Brown,BOS,202505100NYK,"May 10, 2025",NYK,19,18,4,20,41.3,48.08,-6.78,12,10,6,6,2,3,0,0,0,0,0,0,0,0,0,0,0,0,0,0,0,0,0,0
201143,Al Horford,BOS,202505100NYK,"May 10, 2025",NYK,15,9,0,9,68.18,83.33,-15.15,5,6,4,9,0,0,0,0,0,0,0,0,0,0,0,0,0,0,0,0,0,0,0,0
1628384,OG Anunoby,NYK,202505100NYK,"May 10, 2025",BOS,2,6,0,6,14.29,16.67,-2.38,4,2,2,0,0,0,0,0,0,0,0,0,0,0,0,0,0,0,0,0,0,0,0,0
201950,Jrue Holiday,BOS,202505100NYK,"May 10, 2025",NYK,8,4,0,4,72.73,100.0,-27.27,1,2,3,6,0,0,0,0,0,0,0,0,0,0,0,0,0,0,0,0,0,0,0,0
1626157,Karl-Anthony Towns,NYK,202505100NYK,"May 10, 2025",BOS,21,18,11,23,40.38,45.97,-5.59,12,6,5,3,5,9,0,0,1,3,0,0,0,0,0,0,0,0,0,0,0,0,0,0
1628404,Josh Hart,NYK,202505100NYK,"May 10, 2025",BOS,10,9,4,11,40.0,46.47,-6.47,6,6,3,0,0,0,0,0,0,0,0,0,0,0,0,0,0,0,0,0,0,0,2,4
1630202,Payton Pritchard,BOS,202505100NYK,"May 10, 2025",NYK,23,16,2,17,52.27,68.13,-15.86,6,6,10,15,1,2,0,0,0,0,0,0,0,0,0,0,0,0,0,0,0,0,0,0
204001,Kristaps Porziņģis,BOS,202505100NYK,"May 10, 2025",NYK,5,3,6,6,35.71,44.33,-8.62,1,0,2,0,2,3,0,0,0,0,0,0,0,0,0,0,0,0,0,0,0,0,1,2
1629011,Mitchell Robinson,NYK,202505100NYK,"May 10, 2025",BOS,6,4,12,10,30.0,32.33,-2.33,4,2,0,0,1,1,0,0,0,0,0,0,0,0,0,0,0,0,0,0,0,0,5,3
1630540,Miles McBride,NYK,202505100NYK,"May 10, 2025",BOS,5,3,0,3,62.5,83.33,-20.83,1,2,2,3,0,0,0,0,0,0,0,0,0,0,0,0,0,0,0,0,0,0,0,0
1630173,Precious Achiuwa,NYK,202505100NYK,"May 10, 2025",BOS,6,4,1,4,66.67,67.57,-0.9,3,4,0,0,0,0,0,0,1,2,0,0,0,0,0,0,0,0,0,0,0,0,0,0
1628436,Luke Kornet,BOS,202505100NYK,"May 10, 2025",NYK,6,2,2,3,100.0,104.17,-4.17,2,4,0,0,1,2,0,0,0,0,0,0,0,0,0,0,0,0,0,0,0,0,0,0
1626166,Cameron Payne,NYK,202505100NYK,"May 10, 2025",BOS,2,3,0,3,25.0,33.33,-8.33,1,2,2,0,0,0,0,0,0,0,0,0,0,0,0,0,0,0,0,0,0,0,0,0
1629013,Landry Shamet,NYK,202505100NYK,"May 10, 2025",BOS,0,1,0,1,0.0,0.0,0.0,0,0,1,0,0,0,0,0,0,0,0,0,0,0,0,0,0,0,0,0,0,0,0,0
1631248,Baylor Scheierman,BOS,202505100NYK,"May 10, 2025",NYK,0,1,0,1,0.0,0.0,0.0,1,0,0,0,0,0,0,0,0,0,0,0,0,0,0,0,0,0,0,0,0,0,0,0
1630574,Ariel Hukporti,NYK,202505100NYK,"May 10, 2025",BOS,2,1,0,1,100.0,100.0,0.0,1,2,0,0,0,0,0,0,0,0,0,0,0,0,0,0,0,0,0,0,0,0,0,0
202710,Jimmy Butler III,GSW,202505100GSW,"May 10, 2025",MIN,33,26,9,30,50.77,55.07,-4.3,21,18,4,6,4,6,0,0,1,3,0,0,0,0,0,0,0,0,0,0,0,0,0,0
1631218,Trayce Jackson-Davis,GSW,202505100GSW,"May 10, 2025",MIN,7,4,2,5,70.0,71.72,-1.72,4,6,0,0,1,1,0,0,0,0,0,0,0,0,0,0,0,0,0,0,0,0,0,0
203944,Julius Randle,MIN,202505100GSW,"May 10, 2025",GSW,24,23,3,24,43.64,49.34,-5.7,16,16,6,3,1,2,0,0,1,3,0,0,0,0,0,0,0,0,0,0,0,0,0,0
203110,Draymond Green,GSW,202505100GSW,"May 10, 2025",MIN,2,4,0,4,22.22,25.0,-2.78,3,2,1,0,0,0,0,0,0,0,0,0,0,0,0,0,0,0,0,0,0,0,0,0
1641764,Brandin Podziemski,GSW,202505100GSW,"May 10, 2025",MIN,5,10,2,11,19.23,22.98,-3.75,6,0,4,3,1,2,0,0,0,0,0,0,0,0,0,0,0,0,0,0,0,0,0,0
201144,Mike Conley,MIN,202505100GSW,"May 10, 2025",GSW,7,9,0,9,31.82,38.89,-7.07,5,4,4,3,0,0,0,0,0,0,0,0,0,0,0,0,0,0,0,0,0,0,0,0
1630162,Anthony Edwards,MIN,202505100GSW,"May 10, 2025",GSW,36,28,8,32,46.15,57.11,-10.96,14,16,14,15,4,5,0,0,0,0,0,0,0,0,0,0,0,0,0,0,0,0,0,0
1627741,Buddy Hield,GSW,202505100GSW,"May 10, 2025",MIN,14,11,0,11,46.67,63.64,-16.97,3,2,8,12,0,0,0,0,0,0,0,0,0,0,0,0,0,0,0,0,0,0,0,0
203497,Rudy Gobert,MIN,202505100GSW,"May 10, 2025",GSW,9,4,6,7,64.29,67.77,-3.48,3,2,0,0,1,1,0,0,1,3,0,0,0,0,0,0,0,0,0,0,0,0,2,3
1627780,Gary Payton II,GSW,202505100GSW,"May 10, 2025",MIN,2,4,0,4,20.0,25.0,-5.0,2,2,2,0,0,0,0,0,0,0,0,0,0,0,0,0,0,0,0,0,0,0,0,0
1628978,Donte DiVincenzo,MIN,202505100GSW,"May 10, 2025",GSW,2,3,0,3,25.0,33.33,-8.33,1,2,2,0,0,0,0,0,0,0,0,0,0,0,0,0,0,0,0,0,0,0,0,0
1629675,Naz Reid,MIN,202505100GSW,"May 10, 2025",GSW,9,4,0,4,81.82,112.5,-30.68,1,0,3,9,0,0,0,0,0,0,0,0,0,0,0,0,0,0,0,0,0,0,0,0
1630228,Jonathan Kuminga,GSW,202505100GSW,"May 10, 2025",MIN,30,18,6,20,65.22,72.67,-7.45,12,12,4,9,2,3,0,0,2,6,0,0,0,0,0,0,0,0,0,0,0,0,0,0
1630183,Jaden McDaniels,MIN,202505100GSW,"May 10, 2025",GSW,15,7,4,9,68.18,85.62,-17.44,3,2,4,9,1,2,0,0,0,0,0,0,0,0,0,0,0,0,0,0,0,0,1,2
1629638,Nickeil Alexander-Walker,MIN,202505100GSW,"May 10, 2025",GSW,0,4,0,4,0.0,0.0,0.0,3,0,1,0,0,0,0,0,0,0,0,0,0,0,0,0,0,0,0,0,0,0,0,0
1626172,Kevon Looney,GSW,202505100GSW,"May 10, 2025",MIN,4,4,2,5,40.0,40.98,-0.98,4,2,0,0,1,2,0,0,0,0,0,0,0,0,0,0,0,0,0,0,0,0,0,0
1627750,Jamal Murray,DEN,202505110DEN,"May 11, 2025",OKC,17,15,6,18,41.46,48.19,-6.73,10,6,5,6,3,5,0,0,0,0,0,0,0,0,0,0,0,0,0,0,0,0,0,0
1631096,Chet Holmgren,OKC,202505110DEN,"May 11, 2025",DEN,8,10,0,10,34.78,40.0,-5.22,7,8,3,0,0,0,0,0,0,0,0,0,0,0,0,0,0,0,0,0,0,0,0,0
1631119,Jaylin Williams,OKC,202505110DEN,"May 11, 2025",DEN,10,13,6,16,27.03,31.97,-4.94,8,4,5,0,2,4,0,0,0,0,0,0,0,0,0,0,0,0,0,0,0,0,1,2
203932,Aaron Gordon,DEN,202505110DEN,"May 11, 2025",OKC,15,10,4,12,48.39,63.78,-15.39,3,4,7,9,1,1,1,1,0,0,0,0,0,0,0,0,0,0,0,0,0,0,0,0
1629008,Michael Porter Jr.,DEN,202505110DEN,"May 11, 2025",OKC,3,7,2,8,14.29,19.04,-4.75,2,2,5,0,1,1,0,0,0,0,0,0,0,0,0,0,0,0,0,0,0,0,0,0
1628392,Isaiah Hartenstein,OKC,202505110DEN,"May 11, 2025",DEN,8,7,3,8,47.06,48.08,-1.02,6,4,0,0,0,0,0,0,1,3,0,0,0,0,0,0,0,0,0,0,0,0,1,1
1628983,Shai Gilgeous-Alexander,OKC,202505110DEN,"May 11, 2025",DEN,25,19,12,25,45.45,51.48,-6.03,13,14,5,0,4,5,0,0,1,3,0,0,1,1,0,0,0,0,0,0,0,0,1,2
203999,Nikola Jokić,OKC,202505110DEN,"May 11, 2025",DEN,27,22,14,29,40.91,47.94,-7.03,14,10,8,6,4,5,0,0,0,0,0,0,0,0,0,0,0,0,0,0,0,0,3,6
1629652,Luguentz Dort,OKC,202505110DEN,"May 11, 2025",DEN,6,10,0,10,20.0,30.0,-10.0,0,0,10,6,0,0,0,0,0,0,0,0,0,0,0,0,0,0,0,0,0,0,0,0
1631128,Christian Braun,DEN,202505110DEN,"May 11, 2025",OKC,17,11,8,15,43.59,58.54,-14.95,2,4,9,6,3,5,0,0,0,0,0,0,0,0,0,0,0,0,0,0,0,0,1,2
1627936,Alex Caruso,OKC,202505110DEN,"May 11, 2025",DEN,10,7,3,9,45.45,60.1,-14.65,2,2,5,6,1,1,0,0,0,0,0,0,0,0,0,0,0,0,0,0,0,0,1,1
1630598,Aaron Wiggins,OKC,202505110DEN,"May 11, 2025",DEN,11,8,0,8,50.0,68.75,-18.75,2,2,6,9,0,0,0,0,0,0,0,0,0,0,0,0,0,0,0,0,0,0,0,0
201566,Russell Westbrook,DEN,202505110DEN,"May 11, 2025",OKC,6,12,0,12,18.18,25.0,-6.82,3,0,9,6,0,0,0,0,0,0,0,0,0,0,0,0,0,0,0,0,0,0,0,0
1641717,Cason Wallace,OKC,202505110DEN,"May 11, 2025",DEN,11,7,0,7,64.71,78.57,-13.86,4,2,3,9,0,0,0,0,0,0,0,0,0,0,0,0,0,0,0,0,0,0,0,0
1631212,Peyton Watson,DEN,202505110DEN,"May 11, 2025",OKC,2,3,2,4,20.0,25.77,-5.77,1,2,2,0,0,0,0,0,0,0,0,0,0,0,0,0,0,0,0,0,0,0,1,0
1630198,Isaiah Joe,OKC,202505110DEN,"May 11, 2025",DEN,1,4,2,5,7.69,10.25,-2.56,1,0,3,0,1,1,0,0,0,0,0,0,0,0,0,0,0,0,0,0,0,0,0,0
1629636,Darius Garland,CLE,202505110IND,"May 11, 2025",IND,21,11,8,15,60.0,72.31,-12.31,6,10,5,3,4,8,0,0,0,0,0,0,0,0,0,0,0,0,0,0,0,0,0,0
1630169,Tyrese Haliburton,IND,202505110IND,"May 11, 2025",CLE,11,8,5,11,42.31,53.92,-11.61,3,4,5,3,0,0,0,0,0,0,0,0,1,1,0,0,0,0,0,0,0,0,2,3
1629622,Max Strus,CLE,202505110IND,"May 11, 2025",IND,11,9,0,9,44.0,61.11,-17.11,2,2,7,9,0,0,0,0,0,0,0,0,0,0,0,0,0,0,0,0,0,0,0,0
1630174,Aaron Nesmith,IND,202505110IND,"May 11, 2025",CLE,12,8,2,9,54.55,67.57,-13.02,4,4,4,6,1,2,0,0,0,0,0,0,0,0,0,0,0,0,0,0,0,0,0,0
1630596,Evan Mobley,CLE,202505110IND,"May 11, 2025",IND,10,7,2,8,50.0,63.45,-13.45,3,2,4,6,1,2,0,0,0,0,0,0,0,0,0,0,0,0,0,0,0,0,0,0
1628378,Donovan Mitchell,CLE,202505110IND,"May 11, 2025",IND,12,11,6,14,36.36,43.99,-7.63,5,2,5,3,1,2,0,0,1,3,0,0,0,0,0,0,0,0,0,0,1,1,1,1
1629614,Andrew Nembhard,IND,202505110IND,"May 11, 2025",CLE,7,7,0,7,43.75,50.0,-6.25,5,4,2,3,0,0,0,0,0,0,0,0,0,0,0,0,0,0,0,0,0,0,0,0
1627783,Pascal Siakam,IND,202505110IND,"May 11, 2025",CLE,21,10,1,10,91.3,100.57,-9.27,7,12,2,6,0,0,0,0,1,3,0,0,0,0,0,0,0,0,0,0,0,0,0,0
1628386,Jarrett Allen,CLE,202505110IND,"May 11, 2025",IND,2,1,2,2,50.0,53.19,-3.19,1,0,0,0,1,2,0,0,0,0,0,0,0,0,0,0,0,0,0,0,0,0,0,0
1626167,Myles Turner,IND,202505110IND,"May 11, 2025",CLE,20,13,3,14,60.61,69.83,-9.22,8,4,4,12,1,2,0,0,1,2,0,0,0,0,0,0,0,0,0,0,0,0,0,0
1630167,Obi Toppin,IND,202505110IND,"May 11, 2025",CLE,20,14,3,15,57.14,65.27,-8.13,9,14,4,3,1,1,0,0,1,2,0,0,0,0,0,0,0,0,0,0,0,0,0,0
1629631,De'Andre Hunter,CLE,202505110IND,"May 11, 2025",IND,5,4,6,7,31.25,37.65,-6.4,2,0,2,0,0,0,0,0,0,0,0,0,0,0,1,1,0,0,0,0,0,0,2,4
1629660,Ty Jerome,CLE,202505110IND,"May 11, 2025",IND,7,3,2,4,77.78,90.21,-12.43,2,2,1,3,0,0,0,0,0,0,0,0,0,0,0,0,0,0,0,0,0,0,1,2
1630241,Sam Merrill,CLE,202505110IND,"May 11, 2025",IND,2,2,2,3,25.0,34.72,-9.72,0,0,2,0,1,2,0,0,0,0,0,0,0,0,0,0,0,0,0,0,0,0,0,0
204456,T.J. McConnell,IND,202505110IND,"May 11, 2025",CLE,13,9,2,10,59.09,65.79,-6.7,7,8,2,3,0,0,0,0,0,0,0,0,0,0,0,0,0,0,0,0,0,0,1,2
1628418,Thomas Bryant,IND,202505110IND,"May 11, 2025",CLE,5,2,2,3,71.43,86.81,-15.38,1,0,1,3,1,2,0,0,0,0,0,0,0,0,0,0,0,0,0,0,0,0,0,0
1641767,Ben Sheppard,IND,202505110IND,"May 11, 2025",CLE,14,10,2,11,50.0,64.34,-14.34,4,6,6,6,0,0,0,0,0,0,0,0,0,0,0,0,0,0,0,0,0,0,1,2
1629731,Dean Wade,CLE,202505110IND,"May 11, 2025",IND,3,2,0,2,50.0,75.0,-25.0,0,0,2,3,0,0,0,0,0,0,0,0,0,0,0,0,0,0,0,0,0,0,0,0
1630171,Isaac Okoro,CLE,202505110IND,"May 11, 2025",IND,13,6,2,7,81.25,94.48,-13.23,4,6,2,6,0,0,0,0,0,0,0,0,0,0,0,0,0,0,0,0,0,0,1,1
1641716,Jarace Walker,IND,202505110IND,"May 11, 2025",CLE,4,8,0,8,21.05,25.0,-3.95,5,4,3,0,0,0,0,0,0,0,0,0,0,0,0,0,0,0,0,0,0,0,0,0
1629750,Javonte Green,CLE,202505110IND,"May 11, 2025",IND,2,1,2,2,50.0,53.19,-3.19,1,0,0,0,1,2,0,0,0,0,0,0,0,0,0,0,0,0,0,0,0,0,0,0
1642281,Jaylon Tyson,CLE,202505110IND,"May 11, 2025",IND,11,6,6,9,52.38,63.66,-11.28,3,0,3,6,3,5,0,0,0,0,0,0,0,0,0,0,0,0,0,0,0,0,0,0
thomptr01,T. Thompson,CLE,202505110IND,"May 11, 2025",IND,3,2,2,3,50.0,52.08,-2.08,2,2,0,0,0,0,0,0,0,0,0,0,0,0,0,0,0,0,0,0,0,0,1,1
1642277,Johnny Furphy,IND,202505110IND,"May 11, 2025",CLE,0,2,0,2,0.0,0.0,0.0,1,0,1,0,0,0,0,0,0,0,0,0,0,0,0,0,0,0,0,0,0,0,0,0
1641854,Craig Porter Jr.,CLE,202505110IND,"May 11, 2025",IND,4,4,0,4,44.44,50.0,-5.56,3,4,1,0,0,0,0,0,0,0,0,0,0,0,0,0,0,0,0,0,0,0,0,0
1630552,Jalen Johnson,IND,202505110IND,"May 11, 2025",CLE,2,2,0,2,40.0,50.0,-10.0,1,2,1,0,0,0,0,0,0,0,0,0,0,0,0,0,0,0,0,0,0,0,0,0
okekech01,C. Okeke,CLE,202505110IND,"May 11, 2025",IND,3,1,0,1,100.0,150.0,-50.0,0,0,1,3,0,0,0,0,0,0,0,0,0,0,0,0,0,0,0,0,0,0,0,0
1628973,Jalen Brunson,NYK,202505120NYK,"May 12, 2025",BOS,39,25,9,29,58.21,67.33,-9.12,17,20,8,12,1,2,0,0,0,0,0,0,0,0,1,2,0,0,0,0,0,0,2,3
1628369,Jayson Tatum,BOS,202505120NYK,"May 12, 2025",NYK,42,28,3,29,56.0,71.62,-15.62,11,16,16,21,1,2,0,0,1,3,0,0,0,0,0,0,0,0,0,0,0,0,0,0
1628401,Derrick White,BOS,202505120NYK,"May 12, 2025",NYK,23,12,7,15,54.76,76.26,-21.5,1,0,11,18,1,1,1,2,0,0,0,0,0,0,0,0,0,0,0,0,0,0,1,2
1626157,Karl-Anthony Towns,NYK,202505120NYK,"May 12, 2025",BOS,23,15,1,15,67.65,74.48,-6.83,11,20,3,0,0,0,0,0,1,3,0,0,0,0,0,0,0,0,0,0,0,0,0,0
1627759,Jaylen Brown,BOS,202505120NYK,"May 12, 2025",NYK,20,16,6,19,43.48,53.65,-10.17,8,10,8,6,3,4,0,0,0,0,0,0,0,0,0,0,0,0,0,0,0,0,0,0
1628384,OG Anunoby,NYK,202505120NYK,"May 12, 2025",BOS,20,14,0,14,55.56,71.43,-15.87,6,8,8,12,0,0,0,0,0,0,0,0,0,0,0,0,0,0,0,0,0,0,0,0
1628404,Josh Hart,NYK,202505120NYK,"May 12, 2025",BOS,6,7,2,8,31.58,38.07,-6.49,4,2,3,3,1,1,0,0,0,0,0,0,0,0,0,0,0,0,0,0,0,0,0,0
1628969,Mikal Bridges,NYK,202505120NYK,"May 12, 2025",BOS,23,21,0,21,47.92,54.76,-6.84,15,20,6,3,0,0,0,0,0,0,0,0,0,0,0,0,0,0,0,0,0,0,0,0
201143,Al Horford,BOS,202505120NYK,"May 12, 2025",NYK,5,2,2,3,62.5,86.81,-24.31,0,0,2,3,0,0,0,0,0,0,0,0,0,0,0,0,0,0,0,0,0,0,1,2
204001,Kristaps Porziņģis,BOS,202505120NYK,"May 12, 2025",NYK,7,6,6,9,35.0,40.51,-5.51,4,4,2,0,2,3,0,0,0,0,0,0,0,0,0,0,0,0,0,0,0,0,1,0
201950,Jrue Holiday,BOS,202505120NYK,"May 12, 2025",NYK,4,5,0,5,33.33,40.0,-6.67,3,4,2,0,0,0,0,0,0,0,0,0,0,0,0,0,0,0,0,0,0,0,0,0
1630202,Payton Pritchard,BOS,202505120NYK,"May 12, 2025",NYK,12,10,2,11,41.38,55.15,-13.77,3,4,7,6,1,2,0,0,0,0,0,0,0,0,0,0,0,0,0,0,0,0,0,0
1630540,Miles McBride,NYK,202505120NYK,"May 12, 2025",BOS,6,4,0,4,54.55,75.0,-20.45,1,0,3,6,0,0,0,0,0,0,0,0,0,0,0,0,0,0,0,0,0,0,0,0
1629011,Mitchell Robinson,NYK,202505120NYK,"May 12, 2025",BOS,4,2,0,2,100.0,100.0,0.0,2,4,0,0,0,0,0,0,0,0,0,0,0,0,0,0,0,0,0,0,0,0,0,0
1626166,Cameron Payne,NYK,202505120NYK,"May 12, 2025",BOS,0,3,0,3,0.0,0.0,0.0,0,0,3,0,0,0,0,0,0,0,0,0,0,0,0,0,0,0,0,0,0,0,0,0
1630173,Precious Achiuwa,NYK,202505120NYK,"May 12, 2025",BOS,0,1,0,1,0.0,0.0,0.0,1,0,0,0,0,0,0,0,0,0,0,0,0,0,0,0,0,0,0,0,0,0,0,0
1630162,Anthony Edwards,MIN,202505120GSW,"May 12, 2025",GSW,30,21,3,22,53.57,67.2,-13.63,9,8,11,18,1,1,0,0,1,3,0,0,0,0,0,0,0,0,0,0,0,0,0,0
203110,Draymond Green,GSW,202505120GSW,"May 12, 2025",MIN,14,14,0,14,41.18,50.0,-8.82,8,8,6,6,0,0,0,0,0,0,0,0,0,0,0,0,0,0,0,0,0,0,0,0
1630183,Jaden McDaniels,MIN,202505120GSW,"May 12, 2025",GSW,10,8,2,9,52.63,56.31,-3.68,7,8,1,0,1,2,0,0,0,0,0,0,0,0,0,0,0,0,0,0,0,0,0,0
1631218,Trayce Jackson-Davis,GSW,202505120GSW,"May 12, 2025",MIN,5,2,2,3,83.33,86.81,-3.48,2,4,0,0,1,1,0,0,0,0,0,0,0,0,0,0,0,0,0,0,0,0,0,0
202710,Jimmy Butler III,GSW,202505120GSW,"May 12, 2025",MIN,14,9,5,11,58.33,62.5,-4.17,7,8,1,0,1,1,0,0,1,3,0,0,0,0,0,0,0,0,0,0,0,0,1,2
203944,Julius Randle,MIN,202505120GSW,"May 12, 2025",GSW,31,21,6,24,55.36,65.57,-10.21,13,14,8,12,2,3,0,0,0,0,0,0,0,0,0,0,0,0,0,0,0,0,1,2
1641764,Brandin Podziemski,GSW,202505120GSW,"May 12, 2025",MIN,11,14,6,17,28.95,33.05,-4.1,10,6,4,0,3,5,0,0,0,0,0,0,0,0,0,0,0,0,0,0,0,0,0,0
201144,Mike Conley,GSW,202505120GSW,"May 12, 2025",MIN,11,9,5,11,37.93,49.11,-11.18,3,0,6,6,0,0,1,3,0,0,0,0,0,0,0,0,0,0,0,0,0,0,1,2
1627741,Buddy Hield,GSW,202505120GSW,"May 12, 2025",MIN,13,11,4,13,40.62,50.94,-10.32,5,4,6,6,2,3,0,0,0,0,0,0,0,0,0,0,0,0,0,0,0,0,0,0
203497,Rudy Gobert,MIN,202505120GSW,"May 12, 2025",GSW,8,4,4,6,66.67,69.44,-2.77,4,4,0,0,2,4,0,0,0,0,0,0,0,0,0,0,0,0,0,0,0,0,0,0
1627780,Gary Payton II,GSW,202505120GSW,"May 12, 2025",MIN,3,5,0,5,25.0,30.0,-5.0,3,0,2,3,0,0,0,0,0,0,0,0,0,0,0,0,0,0,0,0,0,0,0,0
1628978,Donte DiVincenzo,MIN,202505120GSW,"May 12, 2025",GSW,9,7,4,9,40.91,51.37,-10.46,3,0,4,6,0,0,0,0,0,0,0,0,0,0,0,0,0,0,0,0,0,0,2,3
1629675,Naz Reid,MIN,202505120GSW,"May 12, 2025",GSW,5,4,0,4,45.45,62.5,-17.05,1,2,3,3,0,0,0,0,0,0,0,0,0,0,0,0,0,0,0,0,0,0,0,0
1630228,Jonathan Kuminga,GSW,202505120GSW,"May 12, 2025",MIN,23,13,12,19,57.5,62.91,-5.41,11,12,2,0,6,11,0,0,0,0,0,0,0,0,0,0,0,0,0,0,0,0,0,0
1629638,Nickeil Alexander-Walker,MIN,202505120GSW,"May 12, 2025",GSW,13,5,2,6,100.0,110.54,-10.54,4,8,1,3,0,0,0,0,0,0,0,0,0,0,0,0,0,0,0,0,0,0,1,2
1626172,Kevon Looney,GSW,202505120GSW,"May 12, 2025",MIN,8,5,2,6,66.67,68.03,-1.36,5,6,0,0,1,2,0,0,0,0,0,0,0,0,0,0,0,0,0,0,0,0,0,0
1630541,Moses Moody,GSW,202505120GSW,"May 12, 2025",MIN,3,3,0,3,33.33,50.0,-16.67,0,0,3,3,0,0,0,0,0,0,0,0,0,0,0,0,0,0,0,0,0,0,0,0
knoxke01,K. Knox,GSW,202505120GSW,"May 12, 2025",MIN,2,1,0,1,100.0,100.0,0.0,1,2,0,0,0,0,0,0,0,0,0,0,0,0,0,0,0,0,0,0,0,0,0,0
1642366,Quinten Post,GSW,202505120GSW,"May 12, 2025",MIN,5,4,0,4,50.0,62.5,-12.5,2,2,2,3,0,0,0,0,0,0,0,0,0,0,0,0,0,0,0,0,0,0,0,0
1630611,Gui Santos,GSW,202505120GSW,"May 12, 2025",MIN,7,4,0,4,77.78,87.5,-9.72,3,4,1,3,0,0,0,0,0,0,0,0,0,0,0,0,0,0,0,0,0,0,0,0
1630311,Pat Spencer,GSW,202505120GSW,"May 12, 2025",MIN,2,0,2,1,100.0,113.64,-13.64,0,0,0,0,1,2,0,0,0,0,0,0,0,0,0,0,0,0,0,0,0,0,0,0
1629636,Darius Garland,CLE,202505130CLE,"May 13, 2025",IND,11,16,4,18,26.19,30.97,-4.78,10,8,6,0,2,3,0,0,0,0,0,0,0,0,0,0,0,0,0,0,0,0,0,0
1629614,Andrew Nembhard,IND,202505130CLE,"May 13, 2025",CLE,18,11,1,11,62.07,78.67,-16.6,4,6,6,9,0,0,0,0,1,3,0,0,0,0,0,0,0,0,0,0,0,0,0,0
1628386,Jarrett Allen,CLE,202505130CLE,"May 13, 2025",IND,9,6,2,7,64.29,65.41,-1.12,6,8,0,0,0,0,0,0,0,0,0,0,0,0,0,0,0,0,0,0,0,0,1,1
1629622,Max Strus,CLE,202505130CLE,"May 13, 2025",IND,0,9,0,9,0.0,0.0,0.0,3,0,6,0,0,0,0,0,0,0,0,0,0,0,0,0,0,0,0,0,0,0,0,0
1630596,Evan Mobley,CLE,202505130CLE,"May 13, 2025",IND,24,12,9,16,68.57,75.19,-6.62,9,12,2,3,4,7,0,0,1,2,0,0,0,0,0,0,0,0,0,0,0,0,0,0
1630169,Tyrese Haliburton,IND,202505130CLE,"May 13, 2025",CLE,31,15,6,17,67.39,87.87,-20.48,4,6,10,18,0,0,1,2,1,3,0,0,0,0,0,0,0,0,0,0,0,0,1,2
1627783,Pascal Siakam,IND,202505130CLE,"May 13, 2025",CLE,21,20,5,22,42.0,47.3,-5.3,14,10,5,6,1,1,0,0,1,2,0,0,0,0,0,0,0,0,0,0,0,0,1,2
1626167,Myles Turner,IND,202505130CLE,"May 13, 2025",CLE,10,7,4,9,50.0,57.08,-7.08,5,4,2,3,1,1,0,0,0,0,0,0,0,0,0,0,0,0,0,0,0,0,1,2
1628378,Donovan Mitchell,CLE,202505130CLE,"May 13, 2025",IND,35,25,21,33,41.67,51.11,-9.44,9,2,13,12,5,9,2,3,3,8,0,0,0,0,0,0,0,0,0,0,0,0,1,1
1630174,Aaron Nesmith,IND,202505130CLE,"May 13, 2025",CLE,13,14,3,15,34.21,42.43,-8.22,7,8,7,3,0,0,1,2,0,0,0,0,0,0,0,0,0,0,0,0,0,0,0,0
1631097,Bennedict Mathurin,IND,202505130CLE,"May 13, 2025",CLE,4,4,0,4,44.44,50.0,-5.56,3,4,1,0,0,0,0,0,0,0,0,0,0,0,0,0,0,0,0,0,0,0,0,0
1628418,Thomas Bryant,IND,202505130CLE,"May 13, 2025",CLE,9,6,0,6,69.23,75.0,-5.77,5,6,1,3,0,0,0,0,0,0,0,0,0,0,0,0,0,0,0,0,0,0,0,0
204456,T.J. McConnell,IND,202505130CLE,"May 13, 2025",CLE,0,1,0,1,0.0,0.0,0.0,1,0,0,0,0,0,0,0,0,0,0,0,0,0,0,0,0,0,0,0,0,0,0,0
1630167,Obi Toppin,IND,202505130CLE,"May 13, 2025",CLE,5,3,3,4,45.45,57.87,-12.42,0,0,2,0,1,2,0,0,1,3,0,0,0,0,0,0,0,0,0,0,0,0,0,0
1629631,De'Andre Hunter,CLE,202505130CLE,"May 13, 2025",IND,12,12,1,12,41.38,48.23,-6.85,8,6,3,3,0,0,0,0,0,0,1,3,0,0,0,0,0,0,0,0,0,0,0,0
1629731,Dean Wade,CLE,202505130CLE,"May 13, 2025",IND,4,3,0,3,57.14,66.67,-9.53,2,4,1,0,0,0,0,0,0,0,0,0,0,0,0,0,0,0,0,0,0,0,0,0
1630171,Isaac Okoro,CLE,202505130CLE,"May 13, 2025",IND,2,2,0,2,50.0,50.0,0.0,2,2,0,0,0,0,0,0,0,0,0,0,0,0,0,0,0,0,0,0,0,0,0,0
1641767,Ben Sheppard,IND,202505130CLE,"May 13, 2025",CLE,3,1,0,1,100.0,150.0,-50.0,0,0,1,3,0,0,0,0,0,0,0,0,0,0,0,0,0,0,0,0,0,0,0,0
1629660,Ty Jerome,CLE,202505130CLE,"May 13, 2025",IND,8,5,0,5,61.54,80.0,-18.46,2,2,3,6,0,0,0,0,0,0,0,0,0,0,0,0,0,0,0,0,0,0,0,0
1631096,Chet Holmgren,OKC,202505130OKC,"May 13, 2025",DEN,14,9,3,10,60.87,67.83,-6.96,6,8,2,3,1,1,0,0,1,2,0,0,0,0,0,0,0,0,0,0,0,0,0,0
203932,Aaron Gordon,DEN,202505130OKC,"May 13, 2025",OKC,13,13,1,13,40.62,48.36,-7.74,7,8,5,3,0,0,0,0,1,2,0,0,0,0,0,0,0,0,0,0,0,0,0,0
1629652,Luguentz Dort,OKC,202505130OKC,"May 13, 2025",DEN,12,8,0,8,50.0,75.0,-25.0,0,0,8,12,0,0,0,0,0,0,0,0,0,0,0,0,0,0,0,0,0,0,0,0
1628983,Shai Gilgeous-Alexander,OKC,202505130OKC,"May 13, 2025",DEN,31,23,6,25,56.36,60.45,-4.09,18,18,3,3,1,2,0,0,2,6,0,0,0,0,0,0,0,0,0,0,0,0,1,2
1631128,Christian Braun,DEN,202505130OKC,"May 13, 2025",OKC,8,12,0,12,25.0,33.33,-8.33,4,2,8,6,0,0,0,0,0,0,0,0,0,0,0,0,0,0,0,0,0,0,0,0
1627750,Jamal Murray,DEN,202505130OKC,"May 13, 2025",OKC,28,27,5,29,38.89,47.95,-9.06,13,12,13,9,2,4,0,0,1,3,0,0,0,0,0,0,0,0,0,0,0,0,0,0
203999,Nikola Jokić,DEN,202505130OKC,"May 13, 2025",OKC,44,25,5,27,70.97,80.88,-9.91,17,22,7,15,1,2,0,0,1,3,0,0,0,0,0,0,0,0,0,0,0,0,1,2
1631119,Jaylin Williams,OKC,202505130OKC,"May 13, 2025",DEN,18,14,8,18,43.9,51.37,-7.47,9,6,5,6,3,5,0,0,0,0,0,0,0,0,0,0,0,0,0,0,0,0,1,1
1629008,Michael Porter Jr.,DEN,202505130OKC,"May 13, 2025",OKC,2,7,0,7,10.53,14.29,-3.76,2,2,5,0,0,0,0,0,0,0,0,0,0,0,0,0,0,0,0,0,0,0,0,0
1628392,Isaiah Hartenstein,OKC,202505130OKC,"May 13, 2025",DEN,15,10,1,10,71.43,71.84,-0.41,9,12,0,0,0,0,0,0,1,3,0,0,0,0,0,0,0,0,0,0,0,0,0,0
1627936,Alex Caruso,OKC,202505130OKC,"May 13, 2025",DEN,13,10,2,11,46.43,59.74,-13.31,4,2,6,9,1,2,0,0,0,0,0,0,0,0,0,0,0,0,0,0,0,0,0,0
201566,Russell Westbrook,DEN,202505130OKC,"May 13, 2025",OKC,4,7,2,8,21.05,25.38,-4.33,4,2,3,0,1,2,0,0,0,0,0,0,0,0,0,0,0,0,0,0,0,0,0,0
1641717,Cason Wallace,OKC,202505130OKC,"May 13, 2025",DEN,4,2,3,3,50.0,60.24,-10.24,0,0,1,0,1,2,0,0,1,2,0,0,0,0,0,0,0,0,0,0,0,0,0,0
1630598,Aaron Wiggins,OKC,202505130OKC,"May 13, 2025",DEN,3,4,0,4,27.27,37.5,-10.23,1,0,3,3,0,0,0,0,0,0,0,0,0,0,0,0,0,0,0,0,0,0,0,0
1631212,Peyton Watson,DEN,202505130OKC,"May 13, 2025",OKC,3,4,0,4,27.27,37.5,-10.23,1,0,3,3,0,0,0,0,0,0,0,0,0,0,0,0,0,0,0,0,0,0,0,0
1631124,Julian Strawther,DEN,202505130OKC,"May 13, 2025",OKC,3,2,0,2,50.0,75.0,-25.0,0,0,2,3,0,0,0,0,0,0,0,0,0,0,0,0,0,0,0,0,0,0,0,0
201143,Al Horford,BOS,202505140BOS,"May 14, 2025",NYK,12,7,0,7,70.59,85.71,-15.12,4,6,3,6,0,0,0,0,0,0,0,0,0,0,0,0,0,0,0,0,0,0,0,0
1626157,Karl-Anthony Towns,NYK,202505140BOS,"May 14, 2025",BOS,19,11,9,16,55.88,63.5,-7.62,8,8,3,3,4,7,0,0,0,0,0,0,1,1,0,0,0,0,0,0,0,0,0,0
1628969,Mikal Bridges,NYK,202505140BOS,"May 14, 2025",BOS,9,14,0,14,29.03,32.14,-3.11,11,6,3,3,0,0,0,0,0,0,0,0,0,0,0,0,0,0,0,0,0,0,0,0
1628401,Derrick White,BOS,202505140BOS,"May 14, 2025",NYK,34,16,11,21,60.71,81.57,-20.86,3,4,13,21,4,6,1,3,0,0,0,0,0,0,0,0,0,0,0,0,0,0,0,0
1628973,Jalen Brunson,NYK,202505140BOS,"May 14, 2025",BOS,22,17,9,21,46.81,52.48,-5.67,12,10,4,3,3,5,0,0,1,2,0,0,0,0,0,0,0,0,0,0,0,0,1,2
1627759,Jaylen Brown,BOS,202505140BOS,"May 14, 2025",NYK,26,17,8,21,55.32,63.35,-8.03,12,12,5,9,2,3,0,0,0,0,0,0,0,0,0,0,0,0,0,0,0,0,2,2
201950,Jrue Holiday,NYK,202505140BOS,"May 14, 2025",BOS,14,8,5,10,58.33,68.63,-10.3,4,4,3,6,1,1,0,0,1,2,0,0,0,0,0,0,0,0,0,0,0,0,1,1
204001,Kristaps Porziņģis,BOS,202505140BOS,"May 14, 2025",NYK,1,3,2,4,10.0,12.89,-2.89,1,0,2,0,1,1,0,0,0,0,0,0,0,0,0,0,0,0,0,0,0,0,0,0
1628404,Josh Hart,NYK,202505140BOS,"May 14, 2025",BOS,24,15,6,18,53.33,68.03,-14.7,6,4,9,15,3,5,0,0,0,0,0,0,0,0,0,0,0,0,0,0,0,0,0,0
1628384,OG Anunoby,NYK,202505140BOS,"May 14, 2025",BOS,6,12,4,14,18.18,21.8,-3.62,7,0,5,3,2,3,0,0,0,0,0,0,0,0,0,0,0,0,0,0,0,0,0,0
1630202,Payton Pritchard,BOS,202505140BOS,"May 14, 2025",NYK,17,17,0,17,35.42,50.0,-14.58,3,2,14,15,0,0,0,0,0,0,0,0,0,0,0,0,0,0,0,0,0,0,0,0
1628436,Luke Kornet,BOS,202505140BOS,"May 14, 2025",NYK,10,5,0,5,100.0,100.0,0.0,5,10,0,0,0,0,0,0,0,0,0,0,0,0,0,0,0,0,0,0,0,0,0,0
1629011,Mitchell Robinson,NYK,202505140BOS,"May 14, 2025",BOS,8,3,6,6,66.67,70.92,-4.25,3,2,0,0,0,0,0,0,0,0,0,0,0,0,0,0,0,0,0,0,0,0,3,6
craigto01,T. Craig,BOS,202505140BOS,"May 14, 2025",NYK,0,1,0,1,0.0,0.0,0.0,0,0,1,0,0,0,0,0,0,0,0,0,0,0,0,0,0,0,0,0,0,0,0,0
1630573,Sam Hauser,BOS,202505140BOS,"May 14, 2025",NYK,6,5,0,5,40.0,60.0,-20.0,0,0,5,6,0,0,0,0,0,0,0,0,0,0,0,0,0,0,0,0,0,0,0,0
1630540,Miles McBride,NYK,202505140BOS,"May 14, 2025",BOS,11,8,2,9,45.83,61.94,-16.11,2,0,6,9,1,2,0,0,0,0,0,0,0,0,0,0,0,0,0,0,0,0,0,0
1642359,Pacôme Dadiet,NYK,202505140BOS,"May 14, 2025",BOS,2,1,0,1,100.0,100.0,0.0,1,2,0,0,0,0,0,0,0,0,0,0,0,0,0,0,0,0,0,0,0,0,0,0
1629013,Landry Shamet,NYK,202505140BOS,"May 14, 2025",BOS,1,0,4,2,25.0,28.41,-3.41,0,0,0,0,0,0,0,0,0,0,0,0,0,0,0,0,0,0,0,0,0,0,2,1
1631120,JD Davison,BOS,202505140BOS,"May 14, 2025",NYK,3,1,0,1,100.0,150.0,-50.0,0,0,1,3,0,0,0,0,0,0,0,0,0,0,0,0,0,0,0,0,0,0,0,0
1629674,Neemias Queta,BOS,202505140BOS,"May 14, 2025",NYK,4,2,0,2,100.0,100.0,0.0,2,4,0,0,0,0,0,0,0,0,0,0,0,0,0,0,0,0,0,0,0,0,0,0
1631248,Baylor Scheierman,BOS,202505140BOS,"May 14, 2025",NYK,0,1,0,1,0.0,0.0,0.0,0,0,1,0,0,0,0,0,0,0,0,0,0,0,0,0,0,0,0,0,0,0,0,0
1641775,Jordan Walsh,BOS,202505140BOS,"May 14, 2025",NYK,0,1,0,1,0.0,0.0,0.0,0,0,1,0,0,0,0,0,0,0,0,0,0,0,0,0,0,0,0,0,0,0,0,0
1627741,Buddy Hield,GSW,202505140MIN,"May 14, 2025",MIN,8,9,4,11,30.77,37.17,-6.4,5,4,4,0,1,2,0,0,0,0,0,0,0,0,0,0,0,0,0,0,0,0,1,2
203497,Rudy Gobert,MIN,202505140MIN,"May 14, 2025",GSW,17,9,4,11,77.27,79.0,-1.73,9,16,0,0,2,1,0,0,0,0,0,0,0,0,0,0,0,0,0,0,0,0,0,0
1641764,Brandin Podziemski,GSW,202505140MIN,"May 14, 2025",MIN,28,19,5,21,57.14,66.04,-8.9,12,12,6,12,2,2,0,0,1,2,0,0,0,0,0,0,0,0,0,0,0,0,0,0
1630183,Jaden McDaniels,MIN,202505140MIN,"May 14, 2025",GSW,14,14,2,15,42.42,47.04,-4.62,11,12,3,0,0,0,0,0,0,0,0,0,0,0,0,0,0,0,0,0,0,0,1,2
203944,Julius Randle,MIN,202505140MIN,"May 14, 2025",GSW,29,18,1,18,67.44,78.63,-11.19,11,20,6,6,0,0,0,0,1,3,0,0,0,0,0,0,0,0,0,0,0,0,0,0
1631218,Trayce Jackson-Davis,GSW,202505140MIN,"May 14, 2025",MIN,2,1,0,1,100.0,100.0,0.0,1,2,0,0,0,0,0,0,0,0,0,0,0,0,0,0,0,0,0,0,0,0,0,0
201144,Mike Conley,MIN,202505140MIN,"May 14, 2025",GSW,16,7,2,8,72.73,101.52,-28.79,1,2,6,12,0,0,0,0,0,0,0,0,0,0,0,0,0,0,0,0,0,0,1,2
203110,Draymond Green,GSW,202505140MIN,"May 14, 2025",MIN,10,11,2,12,33.33,42.09,-8.76,5,6,6,3,1,1,0,0,0,0,0,0,0,0,0,0,0,0,0,0,0,0,0,0
202710,Jimmy Butler III,GSW,202505140MIN,"May 14, 2025",MIN,17,11,11,16,47.22,53.66,-6.44,7,6,3,0,5,8,0,0,1,3,0,0,0,0,0,0,0,0,0,0,0,0,0,0
1630228,Jonathan Kuminga,GSW,202505140MIN,"May 14, 2025",MIN,26,23,3,25,44.83,53.45,-8.62,14,16,9,9,1,0,0,0,0,0,0,0,0,0,0,0,0,0,0,0,0,0,1,1
1630162,Anthony Edwards,MIN,202505140MIN,"May 14, 2025",GSW,22,15,2,16,53.66,69.27,-15.61,6,6,9,15,1,1,0,0,0,0,0,0,0,0,0,0,0,0,0,0,0,0,0,0
1628978,Donte DiVincenzo,MIN,202505140MIN,"May 14, 2025",GSW,13,7,2,8,65.0,82.49,-17.49,3,6,4,6,0,0,0,0,0,0,0,0,0,0,0,0,0,0,0,0,0,0,1,1
1629675,Naz Reid,MIN,202505140MIN,"May 14, 2025",GSW,8,5,2,6,57.14,68.03,-10.89,3,6,2,0,1,2,0,0,0,0,0,0,0,0,0,0,0,0,0,0,0,0,0,0
1630611,Gui Santos,GSW,202505140MIN,"May 14, 2025",MIN,2,4,0,4,18.18,25.0,-6.82,1,2,3,0,0,0,0,0,0,0,0,0,0,0,0,0,0,0,0,0,0,0,0,0
1629638,Nickeil Alexander-Walker,MIN,202505140MIN,"May 14, 2025",GSW,2,3,0,3,28.57,33.33,-4.76,2,2,1,0,0,0,0,0,0,0,0,0,0,0,0,0,0,0,0,0,0,0,0,0
1642366,Quinten Post,GSW,202505140MIN,"May 14, 2025",MIN,3,4,0,4,25.0,37.5,-12.5,0,0,4,3,0,0,0,0,0,0,0,0,0,0,0,0,0,0,0,0,0,0,0,0
1630311,Pat Spencer,GSW,202505140MIN,"May 14, 2025",MIN,2,2,0,2,40.0,50.0,-10.0,1,2,1,0,0,0,0,0,0,0,0,0,0,0,0,0,0,0,0,0,0,0,0,0
1630541,Moses Moody,GSW,202505140MIN,"May 14, 2025",MIN,12,6,5,8,60.0,73.17,-13.17,2,0,3,6,2,3,0,0,1,3,0,0,0,0,0,0,0,0,0,0,0,0,0,0
203932,Aaron Gordon,DEN,202505150DEN,"May 15, 2025",OKC,5,7,0,7,27.78,35.71,-7.93,3,2,4,3,0,0,0,0,0,0,0,0,0,0,0,0,0,0,0,0,0,0,0,0
1631119,Jaylin Williams,OKC,202505150DEN,"May 15, 2025",DEN,6,16,0,16,16.67,18.75,-2.08,12,6,4,0,0,0,0,0,0,0,0,0,0,0,0,0,0,0,0,0,0,0,0,0
1628392,Isaiah Hartenstein,OKC,202505150DEN,"May 15, 2025",DEN,8,4,0,4,100.0,100.0,0.0,4,8,0,0,0,0,0,0,0,0,0,0,0,0,0,0,0,0,0,0,0,0,0,0
1629008,Michael Porter Jr.,DEN,202505150DEN,"May 15, 2025",OKC,10,9,0,9,43.48,55.56,-12.08,4,4,5,6,0,0,0,0,0,0,0,0,0,0,0,0,0,0,0,0,0,0,0,0
1629652,Luguentz Dort,OKC,202505150DEN,"May 15, 2025",DEN,10,9,0,9,40.0,55.56,-15.56,2,4,7,6,0,0,0,0,0,0,0,0,0,0,0,0,0,0,0,0,0,0,0,0
1627750,Jamal Murray,DEN,202505150DEN,"May 15, 2025",OKC,25,19,6,21,50.0,57.76,-7.76,12,12,5,3,2,3,0,0,1,3,1,4,0,0,0,0,0,0,0,0,0,0,0,0
1631128,Christian Braun,DEN,202505150DEN,"May 15, 2025",OKC,23,14,4,16,60.53,72.97,-12.44,8,10,6,9,1,2,0,0,0,0,0,0,0,0,0,0,0,0,0,0,0,0,1,2
203999,Nikola Jokić,DEN,202505150DEN,"May 15, 2025",OKC,29,14,12,20,67.44,75.21,-7.77,11,16,3,3,1,0,0,0,0,0,0,0,0,0,0,0,0,0,0,0,0,0,5,10
1628983,Shai Gilgeous-Alexander,OKC,202505150DEN,"May 15, 2025",DEN,32,16,11,21,68.09,76.78,-8.69,11,16,4,6,4,6,0,0,1,3,0,0,0,0,0,0,0,0,0,0,0,0,1,1
1627936,Alex Caruso,OKC,202505150DEN,"May 15, 2025",DEN,10,9,0,9,43.48,55.56,-12.08,4,4,5,6,0,0,0,0,0,0,0,0,0,0,0,0,0,0,0,0,0,0,0,0
1641717,Cason Wallace,OKC,202505150DEN,"May 15, 2025",DEN,10,9,0,9,43.48,55.56,-12.08,4,4,5,6,0,0,0,0,0,0,0,0,0,0,0,0,0,0,0,0,0,0,0,0
1631096,Chet Holmgren,OKC,202505150DEN,"May 15, 2025",DEN,19,14,3,15,50.0,62.01,-12.01,6,10,7,6,1,0,0,0,1,3,0,0,0,0,0,0,0,0,0,0,0,0,0,0
1630598,Aaron Wiggins,OKC,202505150DEN,"May 15, 2025",DEN,2,6,0,6,12.5,16.67,-4.17,2,2,4,0,0,0,0,0,0,0,0,0,0,0,0,0,0,0,0,0,0,0,0,0
1631124,Julian Strawther,DEN,202505150DEN,"May 15, 2025",OKC,15,8,4,10,62.5,76.84,-14.34,4,2,4,9,1,2,0,0,0,0,0,0,0,0,0,0,0,0,0,0,0,0,1,2
1631212,Peyton Watson,DEN,202505150DEN,"May 15, 2025",OKC,4,7,2,8,22.22,25.38,-3.16,5,2,2,0,1,2,0,0,0,0,0,0,0,0,0,0,0,0,0,0,0,0,0,0
201566,Russell Westbrook,DEN,202505150DEN,"May 15, 2025",OKC,8,8,4,10,36.36,40.98,-4.62,6,6,2,0,2,2,0,0,0,0,0,0,0,0,0,0,0,0,0,0,0,0,0,0
1630198,Isaiah Joe,OKC,202505150DEN,"May 15, 2025",DEN,2,3,0,3,25.0,33.33,-8.33,1,2,2,0,0,0,0,0,0,0,0,0,0,0,0,0,0,0,0,0,0,0,0,0
1642349,Ajay Mitchell,OKC,202505150DEN,"May 15, 2025",DEN,0,1,0,1,0.0,0.0,0.0,1,0,0,0,0,0,0,0,0,0,0,0,0,0,0,0,0,0,0,0,0,0,0,0
201950,Jrue Holiday,BOS,202505160NYK,"May 16, 2025",NYK,4,8,2,9,20.0,22.52,-2.52,6,2,2,0,1,2,0,0,0,0,0,0,0,0,0,0,0,0,0,0,0,0,0,0
1628404,Josh Hart,NYK,202505160NYK,"May 16, 2025",BOS,10,8,4,9,43.48,51.23,-7.75,3,0,3,3,1,2,0,0,2,5,0,0,0,0,0,0,0,0,0,0,0,0,0,0
1626157,Karl-Anthony Towns,NYK,202505160NYK,"May 16, 2025",BOS,21,20,4,21,42.0,48.25,-6.25,12,10,6,3,1,2,0,0,2,6,0,0,0,0,0,0,0,0,0,0,0,0,0,0
1627759,Jaylen Brown,BOS,202505160NYK,"May 16, 2025",NYK,20,20,2,20,39.22,47.89,-8.67,9,6,9,9,0,0,0,0,2,5,0,0,0,0,0,0,0,0,0,0,0,0,0,0
1628384,OG Anunoby,NYK,202505160NYK,"May 16, 2025",BOS,23,18,5,20,42.59,56.93,-14.34,4,4,13,12,2,4,0,0,1,3,0,0,0,0,0,0,0,0,0,0,0,0,0,0
1628973,Jalen Brunson,NYK,202505160NYK,"May 16, 2025",BOS,23,14,4,16,57.5,72.97,-15.47,6,10,8,9,2,4,0,0,0,0,0,0,0,0,0,0,0,0,0,0,0,0,0,0
1628969,Mikal Bridges,NYK,202505160NYK,"May 16, 2025",BOS,22,15,0,15,61.11,73.33,-12.22,9,10,6,12,0,0,0,0,0,0,0,0,0,0,0,0,0,0,0,0,0,0,0,0
1628401,Derrick White,BOS,202505160NYK,"May 16, 2025",NYK,8,11,0,11,26.67,36.36,-9.69,3,2,8,6,0,0,0,0,0,0,0,0,0,0,0,0,0,0,0,0,0,0,0,0
1628436,Luke Kornet,BOS,202505160NYK,"May 16, 2025",NYK,5,3,1,3,71.43,72.67,-1.24,2,2,0,0,0,0,0,0,1,3,0,0,0,0,0,0,0,0,0,0,0,0,0,0
1630573,Sam Hauser,BOS,202505160NYK,"May 16, 2025",NYK,6,6,1,6,33.33,46.58,-13.25,1,2,4,0,0,0,0,0,0,0,1,4,0,0,0,0,0,0,0,0,0,0,0,0
204001,Kristaps Porziņģis,BOS,202505160NYK,"May 16, 2025",NYK,4,4,2,5,33.33,40.98,-7.65,2,0,2,3,1,1,0,0,0,0,0,0,0,0,0,0,0,0,0,0,0,0,0,0
1630202,Payton Pritchard,BOS,202505160NYK,"May 16, 2025",NYK,11,10,0,10,45.83,55.0,-9.17,6,8,4,3,0,0,0,0,0,0,0,0,0,0,0,0,0,0,0,0,0,0,0,0
1630540,Miles McBride,NYK,202505160NYK,"May 16, 2025",BOS,10,7,0,7,52.63,71.43,-18.8,2,4,5,6,0,0,0,0,0,0,0,0,0,0,0,0,0,0,0,0,0,0,0,0
1629011,Mitchell Robinson,NYK,202505160NYK,"May 16, 2025",BOS,1,0,2,1,50.0,56.82,-6.82,0,0,0,0,0,0,0,0,0,0,0,0,0,0,0,0,0,0,0,0,0,0,1,1
201143,Al Horford,BOS,202505160NYK,"May 16, 2025",NYK,10,7,0,7,55.56,71.43,-15.87,3,4,4,6,0,0,0,0,0,0,0,0,0,0,0,0,0,0,0,0,0,0,0,0
1630173,Precious Achiuwa,NYK,202505160NYK,"May 16, 2025",BOS,6,6,2,7,40.0,43.6,-3.6,5,4,1,0,1,2,0,0,0,0,0,0,0,0,0,0,0,0,0,0,0,0,0,0
craigto01,T. Craig,BOS,202505160NYK,"May 16, 2025",NYK,3,2,0,2,60.0,75.0,-15.0,1,0,1,3,0,0,0,0,0,0,0,0,0,0,0,0,0,0,0,0,0,0,0,0
1631248,Baylor Scheierman,BOS,202505160NYK,"May 16, 2025",NYK,5,6,0,6,33.33,41.67,-8.34,3,2,3,3,0,0,0,0,0,0,0,0,0,0,0,0,0,0,0,0,0,0,0,0
1630214,Xavier Tillman,BOS,202505160NYK,"May 16, 2025",NYK,2,4,0,4,20.0,25.0,-5.0,2,2,2,0,0,0,0,0,0,0,0,0,0,0,0,0,0,0,0,0,0,0,0,0
1631120,JD Davison,BOS,202505160NYK,"May 16, 2025",NYK,1,3,2,4,12.5,12.89,-0.39,3,0,0,0,0,0,0,0,0,0,0,0,0,0,0,0,0,0,0,0,0,0,1,1
1629013,Landry Shamet,NYK,202505160NYK,"May 16, 2025",BOS,0,1,0,1,0.0,0.0,0.0,0,0,1,0,0,0,0,0,0,0,0,0,0,0,0,0,0,0,0,0,0,0,0,0
1629674,Neemias Queta,BOS,202505160NYK,"May 16, 2025",NYK,2,2,0,2,50.0,50.0,0.0,2,2,0,0,0,0,0,0,0,0,0,0,0,0,0,0,0,0,0,0,0,0,0,0
1626166,Cameron Payne,NYK,202505160NYK,"May 16, 2025",BOS,0,1,0,1,0.0,0.0,0.0,0,0,1,0,0,0,0,0,0,0,0,0,0,0,0,0,0,0,0,0,0,0,0,0
1642278,Tyler Kolek,NYK,202505160NYK,"May 16, 2025",BOS,3,1,0,1,100.0,150.0,-50.0,0,0,1,3,0,0,0,0,0,0,0,0,0,0,0,0,0,0,0,0,0,0,0,0
1631128,Christian Braun,DEN,202505180OKC,"May 18, 2025",OKC,19,14,4,16,46.34,60.28,-13.94,5,10,9,6,2,3,0,0,0,0,0,0,0,0,0,0,0,0,0,0,0,0,0,0
1629008,Michael Porter Jr.,OKC,202505180OKC,"May 18, 2025",DEN,6,8,0,8,30.0,37.5,-7.5,4,6,4,0,0,0,0,0,0,0,0,0,0,0,0,0,0,0,0,0,0,0,0,0
1631096,Chet Holmgren,OKC,202505180OKC,"May 18, 2025",DEN,13,9,6,12,48.15,55.84,-7.69,6,8,3,0,3,5,0,0,0,0,0,0,0,0,0,0,0,0,0,0,0,0,0,0
1631119,Jaylin Williams,OKC,202505180OKC,"May 18, 2025",DEN,24,17,3,18,57.14,65.5,-8.36,11,14,5,6,1,2,0,0,1,2,0,0,0,0,0,0,0,0,0,0,0,0,0,0
1628392,Isaiah Hartenstein,OKC,202505180OKC,"May 18, 2025",DEN,10,7,0,7,71.43,71.43,0.0,7,10,0,0,0,0,0,0,0,0,0,0,0,0,0,0,0,0,0,0,0,0,0,0
203999,Nikola Jokić,DEN,202505180OKC,"May 18, 2025",OKC,20,9,11,14,64.52,72.25,-7.73,6,6,2,3,4,6,0,0,1,3,0,0,0,0,0,0,0,0,0,0,0,0,1,2
1629652,Luguentz Dort,OKC,202505180OKC,"May 18, 2025",DEN,6,7,2,8,28.57,38.07,-9.5,2,2,5,3,1,1,0,0,0,0,0,0,0,0,0,0,0,0,0,0,0,0,0,0
203932,Aaron Gordon,DEN,202505180OKC,"May 18, 2025",OKC,8,4,3,5,57.14,75.19,-18.05,0,0,3,3,1,2,0,0,1,3,0,0,0,0,0,0,0,0,0,0,0,0,0,0
1628983,Shai Gilgeous-Alexander,OKC,202505180OKC,"May 18, 2025",DEN,35,19,9,23,68.63,76.22,-7.59,14,16,4,9,2,3,0,0,1,3,0,0,0,0,1,2,0,0,0,0,0,0,1,2
1627750,Jamal Murray,DEN,202505180OKC,"May 18, 2025",OKC,13,16,0,16,32.5,40.62,-8.12,8,10,8,3,0,0,0,0,0,0,0,0,0,0,0,0,0,0,0,0,0,0,0,0
1641717,Cason Wallace,OKC,202505180OKC,"May 18, 2025",DEN,7,10,0,10,26.92,35.0,-8.08,4,4,6,3,0,0,0,0,0,0,0,0,0,0,0,0,0,0,0,0,0,0,0,0
1627936,Alex Caruso,OKC,202505180OKC,"May 18, 2025",DEN,11,7,0,7,64.71,78.57,-13.86,4,8,3,3,0,0,0,0,0,0,0,0,0,0,0,0,0,0,0,0,0,0,0,0
201566,Russell Westbrook,DEN,202505180OKC,"May 18, 2025",OKC,6,7,0,7,31.58,42.86,-11.28,2,0,5,6,0,0,0,0,0,0,0,0,0,0,0,0,0,0,0,0,0,0,0,0
1630598,Aaron Wiggins,OKC,202505180OKC,"May 18, 2025",DEN,8,11,0,11,26.67,36.36,-9.69,3,2,8,6,0,0,0,0,0,0,0,0,0,0,0,0,0,0,0,0,0,0,0,0
1631212,Peyton Watson,DEN,202505180OKC,"May 18, 2025",OKC,4,8,4,10,17.39,20.49,-3.1,5,2,3,0,2,2,0,0,0,0,0,0,0,0,0,0,0,0,0,0,0,0,0,0
1631124,Julian Strawther,DEN,202505180OKC,"May 18, 2025",OKC,6,8,0,8,33.33,37.5,-4.17,6,6,2,0,0,0,0,0,0,0,0,0,0,0,0,0,0,0,0,0,0,0,0,0
1630192,Zeke Nnaji,DEN,202505180OKC,"May 18, 2025",OKC,0,2,0,2,0.0,0.0,0.0,0,0,2,0,0,0,0,0,0,0,0,0,0,0,0,0,0,0,0,0,0,0,0,0
1629618,Jalen Pickett,DEN,202505180OKC,"May 18, 2025",OKC,6,5,0,5,40.0,60.0,-20.0,0,0,5,6,0,0,0,0,0,0,0,0,0,0,0,0,0,0,0,0,0,0,0,0
1641816,Hunter Tyson,DEN,202505180OKC,"May 18, 2025",OKC,5,3,0,3,62.5,83.33,-20.83,1,2,2,3,0,0,0,0,0,0,0,0,0,0,0,0,0,0,0,0,0,0,0,0
1630198,Isaiah Joe,OKC,202505180OKC,"May 18, 2025",DEN,5,1,2,2,100.0,132.98,-32.98,0,0,1,3,1,2,0,0,0,0,0,0,0,0,0,0,0,0,0,0,0,0,0,0
1642349,Ajay Mitchell,OKC,202505180OKC,"May 18, 2025",DEN,5,2,0,2,100.0,125.0,-25.0,1,2,1,3,0,0,0,0,0,0,0,0,0,0,0,0,0,0,0,0,0,0,0,0
1629026,Kenrich Williams,OKC,202505180OKC,"May 18, 2025",DEN,1,3,2,4,10.0,12.89,-2.89,1,0,2,0,1,1,0,0,0,0,0,0,0,0,0,0,0,0,0,0,0,0,0,0
1630183,Jaden McDaniels,MIN,202505200OKC,"May 20, 2025",OKC,7,5,0,5,53.85,70.0,-16.15,2,4,3,3,0,0,0,0,0,0,0,0,0,0,0,0,0,0,0,0,0,0,0,0
1628392,Isaiah Hartenstein,OKC,202505200OKC,"May 20, 2025",MIN,12,8,0,8,75.0,75.0,0.0,8,12,0,0,0,0,0,0,0,0,0,0,0,0,0,0,0,0,0,0,0,0,0,0
1628983,Shai Gilgeous-Alexander,OKC,202505200OKC,"May 20, 2025",MIN,31,27,14,33,43.06,46.74,-3.68,20,14,4,0,3,3,0,0,3,9,0,0,2,3,0,0,0,0,0,0,0,0,1,2
1630162,Anthony Edwards,MIN,202505200OKC,"May 20, 2025",OKC,18,13,7,17,43.9,55.97,-12.07,5,4,8,9,3,4,0,0,0,0,0,0,1,1,0,0,0,0,0,0,0,0,0,0
203497,Rudy Gobert,OKC,202505200OKC,"May 20, 2025",MIN,2,3,2,4,25.0,25.77,-0.77,3,2,0,0,1,0,0,0,0,0,0,0,0,0,0,0,0,0,0,0,0,0,0,0
1629675,Naz Reid,MIN,202505200OKC,"May 20, 2025",OKC,4,11,2,12,12.9,16.84,-3.94,4,2,7,0,1,2,0,0,0,0,0,0,0,0,0,0,0,0,0,0,0,0,0,0
203944,Julius Randle,MIN,202505200OKC,"May 20, 2025",OKC,28,13,6,16,73.68,89.51,-15.83,7,8,6,15,3,5,0,0,0,0,0,0,0,0,0,0,0,0,0,0,0,0,0,0
1631119,Jaylin Williams,OKC,202505200OKC,"May 20, 2025",MIN,19,18,4,20,45.24,48.08,-2.84,16,12,2,3,2,4,0,0,0,0,0,0,0,0,0,0,0,0,0,0,0,0,0,0
201144,Mike Conley,OKC,202505200OKC,"May 20, 2025",MIN,7,8,2,9,30.43,39.41,-8.98,3,2,5,3,1,2,0,0,0,0,0,0,0,0,0,0,0,0,0,0,0,0,0,0
1629652,Luguentz Dort,MIN,202505200OKC,"May 20, 2025",OKC,5,4,0,4,45.45,62.5,-17.05,1,2,3,3,0,0,0,0,0,0,0,0,0,0,0,0,0,0,0,0,0,0,0,0
1641717,Cason Wallace,OKC,202505200OKC,"May 20, 2025",MIN,3,3,0,3,33.33,50.0,-16.67,0,0,3,3,0,0,0,0,0,0,0,0,0,0,0,0,0,0,0,0,0,0,0,0
1628978,Donte DiVincenzo,MIN,202505200OKC,"May 20, 2025",OKC,9,14,0,14,22.5,32.14,-9.64,2,0,12,9,0,0,0,0,0,0,0,0,0,0,0,0,0,0,0,0,0,0,0,0
1631096,Chet Holmgren,OKC,202505200OKC,"May 20, 2025",MIN,15,9,4,11,65.22,69.7,-4.48,8,10,1,3,1,2,0,0,0,0,0,0,0,0,0,0,0,0,0,0,0,0,1,0
1629638,Nickeil Alexander-Walker,MIN,202505200OKC,"May 20, 2025",OKC,8,11,0,11,25.81,36.36,-10.55,2,2,9,6,0,0,0,0,0,0,0,0,0,0,0,0,0,0,0,0,0,0,0,0
1630198,Isaiah Joe,OKC,202505200OKC,"May 20, 2025",MIN,7,2,4,4,70.0,93.09,-23.09,0,0,2,3,2,4,0,0,0,0,0,0,0,0,0,0,0,0,0,0,0,0,0,0
1641740,Jaylen Clark,MIN,202505200OKC,"May 20, 2025",OKC,3,2,2,3,42.86,52.08,-9.22,1,2,1,0,1,1,0,0,0,0,0,0,0,0,0,0,0,0,0,0,0,0,0,0
1627936,Alex Caruso,OKC,202505200OKC,"May 20, 2025",MIN,9,4,0,4,81.82,112.5,-30.68,1,0,3,9,0,0,0,0,0,0,0,0,0,0,0,0,0,0,0,0,0,0,0,0
1629026,Kenrich Williams,OKC,202505200OKC,"May 20, 2025",MIN,8,3,0,3,100.0,133.33,-33.33,1,2,2,6,0,0,0,0,0,0,0,0,0,0,0,0,0,0,0,0,0,0,0,0
1630598,Aaron Wiggins,OKC,202505200OKC,"May 20, 2025",MIN,2,3,0,3,33.33,33.33,0.0,3,2,0,0,0,0,0,0,0,0,0,0,0,0,0,0,0,0,0,0,0,0,0,0
1642265,Rob Dillingham,MIN,202505200OKC,"May 20, 2025",OKC,0,1,0,1,0.0,0.0,0.0,1,0,0,0,0,0,0,0,0,0,0,0,0,0,0,0,0,0,0,0,0,0,0,0
1630545,Terrence Shannon Jr.,MIN,202505200OKC,"May 20, 2025",OKC,2,2,0,2,50.0,50.0,0.0,2,2,0,0,0,0,0,0,0,0,0,0,0,0,0,0,0,0,0,0,0,0,0,0
1641794,Dillon Jones,OKC,202505200OKC,"May 20, 2025",MIN,3,1,0,1,100.0,150.0,-50.0,0,0,1,3,0,0,0,0,0,0,0,0,0,0,0,0,0,0,0,0,0,0,0,0
1629614,Andrew Nembhard,IND,202505210NYK,"May 21, 2025",NYK,15,10,2,11,60.0,68.93,-8.93,7,8,3,6,1,1,0,0,0,0,0,0,0,0,0,0,0,0,0,0,0,0,0,0
1628969,Mikal Bridges,NYK,202505210NYK,"May 21, 2025",IND,16,16,2,17,45.71,47.39,-1.68,15,16,1,0,1,0,0,0,0,0,0,0,0,0,0,0,0,0,0,0,0,0,0,0
1626167,Myles Turner,IND,202505210NYK,"May 21, 2025",NYK,14,11,2,12,50.0,58.92,-8.92,7,10,4,3,1,1,0,0,0,0,0,0,0,0,0,0,0,0,0,0,0,0,0,0
1628973,Jalen Brunson,NYK,202505210NYK,"May 21, 2025",IND,43,25,14,31,61.43,69.0,-7.57,17,24,6,3,5,8,0,0,2,6,0,0,0,0,0,0,0,0,0,0,0,0,1,2
1630174,Aaron Nesmith,IND,202505210NYK,"May 21, 2025",NYK,30,13,4,15,76.92,101.63,-24.71,4,2,9,24,1,2,0,0,0,0,0,0,0,0,0,0,0,0,0,0,0,0,1,2
1626157,Karl-Anthony Towns,NYK,202505210NYK,"May 21, 2025",IND,35,17,11,22,66.04,80.13,-14.09,9,14,8,12,3,5,1,3,0,0,0,0,0,0,0,0,0,0,0,0,0,0,1,1
1630169,Tyrese Haliburton,IND,202505210NYK,"May 21, 2025",NYK,31,23,4,25,50.0,62.6,-12.6,11,16,12,12,1,2,0,0,0,0,0,0,0,0,0,0,0,0,0,0,0,0,1,1
1628404,Josh Hart,NYK,202505210NYK,"May 21, 2025",IND,8,6,2,7,47.06,58.14,-11.08,3,4,3,3,1,1,0,0,0,0,0,0,0,0,0,0,0,0,0,0,0,0,0,0
1627783,Pascal Siakam,IND,202505210NYK,"May 21, 2025",NYK,17,16,5,18,43.59,46.7,-3.11,13,12,2,0,1,2,0,0,1,2,0,0,0,0,0,0,0,0,0,0,0,0,1,1
1631097,Bennedict Mathurin,IND,202505210NYK,"May 21, 2025",NYK,9,5,5,7,56.25,62.5,-6.25,3,2,1,0,2,4,0,0,1,3,0,0,0,0,0,0,0,0,0,0,0,0,0,0
1629011,Mitchell Robinson,NYK,202505210NYK,"May 21, 2025",IND,2,1,2,2,50.0,53.19,-3.19,1,2,0,0,1,0,0,0,0,0,0,0,0,0,0,0,0,0,0,0,0,0,0,0
1630167,Obi Toppin,IND,202505210NYK,"May 21, 2025",NYK,8,9,0,9,38.1,44.44,-6.34,6,8,3,0,0,0,0,0,0,0,0,0,0,0,0,0,0,0,0,0,0,0,0,0
1630540,Miles McBride,NYK,202505210NYK,"May 21, 2025",IND,9,7,5,9,40.91,48.91,-8.0,4,2,3,3,1,2,1,2,0,0,0,0,0,0,0,0,0,0,0,0,0,0,0,0
1628418,Thomas Bryant,IND,202505210NYK,"May 21, 2025",NYK,4,3,2,4,44.44,51.55,-7.11,2,2,1,0,1,2,0,0,0,0,0,0,0,0,0,0,0,0,0,0,0,0,0,0
204456,T.J. McConnell,IND,202505210NYK,"May 21, 2025",NYK,10,9,4,11,43.48,46.47,-2.99,8,8,1,0,2,2,0,0,0,0,0,0,0,0,0,0,0,0,0,0,0,0,0,0
1628384,OG Anunoby,NYK,202505210NYK,"May 21, 2025",IND,16,15,4,17,38.1,47.73,-9.63,7,8,8,6,0,0,0,0,0,0,0,0,0,0,0,0,0,0,0,0,0,0,2,2
1626166,Cameron Payne,IND,202505210NYK,"May 21, 2025",NYK,6,7,0,7,31.58,42.86,-11.28,2,0,5,6,0,0,0,0,0,0,0,0,0,0,0,0,0,0,0,0,0,0,0,0
1641767,Ben Sheppard,IND,202505210NYK,"May 21, 2025",NYK,0,1,0,1,0.0,0.0,0.0,0,0,1,0,0,0,0,0,0,0,0,0,0,0,0,0,0,0,0,0,0,0,0,0
203944,Julius Randle,MIN,202505220OKC,"May 22, 2025",OKC,6,11,2,12,22.22,25.25,-3.03,8,4,3,0,1,2,0,0,0,0,0,0,0,0,0,0,0,0,0,0,0,0,0,0
1631119,Jaylin Williams,OKC,202505220OKC,"May 22, 2025",MIN,26,20,1,20,55.32,63.6,-8.28,13,18,6,6,0,0,0,0,1,2,0,0,0,0,0,0,0,0,0,0,0,0,0,0
1631096,Chet Holmgren,OKC,202505220OKC,"May 22, 2025",MIN,22,17,6,20,47.83,56.01,-8.18,11,14,6,3,3,5,0,0,0,0,0,0,0,0,0,0,0,0,0,0,0,0,0,0
1630162,Anthony Edwards,MIN,202505220OKC,"May 22, 2025",OKC,32,26,10,31,45.07,52.63,-7.56,16,20,9,3,2,3,0,0,1,3,0,0,1,0,0,0,0,0,0,0,0,0,2,3
201144,Mike Conley,MIN,202505220OKC,"May 22, 2025",OKC,3,6,0,6,18.75,25.0,-6.25,2,0,4,3,0,0,0,0,0,0,0,0,0,0,0,0,0,0,0,0,0,0,0,0
1628392,Isaiah Hartenstein,OKC,202505220OKC,"May 22, 2025",MIN,6,5,0,5,60.0,60.0,0.0,5,6,0,0,0,0,0,0,0,0,0,0,0,0,0,0,0,0,0,0,0,0,0,0
1630183,Jaden McDaniels,MIN,202505220OKC,"May 22, 2025",OKC,22,15,2,16,55.0,69.27,-14.27,7,8,8,12,1,2,0,0,0,0,0,0,0,0,0,0,0,0,0,0,0,0,0,0
1629652,Luguentz Dort,OKC,202505220OKC,"May 22, 2025",MIN,9,9,2,10,33.33,45.55,-12.22,2,2,7,6,1,1,0,0,0,0,0,0,0,0,0,0,0,0,0,0,0,0,0,0
203497,Rudy Gobert,MIN,202505220OKC,"May 22, 2025",OKC,5,5,2,6,41.67,42.52,-0.85,5,4,0,0,1,1,0,0,0,0,0,0,0,0,0,0,0,0,0,0,0,0,0,0
1628983,Shai Gilgeous-Alexander,OKC,202505220OKC,"May 22, 2025",MIN,38,21,15,28,64.41,68.84,-4.43,18,20,2,3,5,9,0,0,1,3,0,0,0,0,1,1,0,0,0,0,0,0,1,2
1641717,Cason Wallace,OKC,202505220OKC,"May 22, 2025",MIN,8,7,0,7,40.0,57.14,-17.14,1,2,6,6,0,0,0,0,0,0,0,0,0,0,0,0,0,0,0,0,0,0,0,0
1628978,Donte DiVincenzo,MIN,202505220OKC,"May 22, 2025",OKC,8,8,0,8,36.36,50.0,-13.64,2,2,6,6,0,0,0,0,0,0,0,0,0,0,0,0,0,0,0,0,0,0,0,0
1629675,Naz Reid,MIN,202505220OKC,"May 22, 2025",OKC,10,8,6,11,37.04,46.99,-9.95,3,6,5,0,2,3,0,0,0,0,0,0,0,0,0,0,0,0,0,0,0,0,1,1
1630198,Isaiah Joe,OKC,202505220OKC,"May 22, 2025",MIN,0,1,0,1,0.0,0.0,0.0,0,0,1,0,0,0,0,0,0,0,0,0,0,0,0,0,0,0,0,0,0,0,0,0
1629638,Nickeil Alexander-Walker,MIN,202505220OKC,"May 22, 2025",OKC,17,8,4,10,70.83,87.09,-16.26,4,4,4,9,0,0,0,0,0,0,0,0,0,0,0,0,0,0,0,0,0,0,2,4
1627936,Alex Caruso,OKC,202505220OKC,"May 22, 2025",MIN,9,7,0,7,52.94,64.29,-11.35,4,6,3,3,0,0,0,0,0,0,0,0,0,0,0,0,0,0,0,0,0,0,0,0
1629026,Kenrich Williams,OKC,202505220OKC,"May 22, 2025",MIN,0,1,0,1,0.0,0.0,0.0,0,0,1,0,0,0,0,0,0,0,0,0,0,0,0,0,0,0,0,0,0,0,0,0
1630598,Aaron Wiggins,OKC,202505220OKC,"May 22, 2025",MIN,0,2,0,2,0.0,0.0,0.0,1,0,1,0,0,0,0,0,0,0,0,0,0,0,0,0,0,0,0,0,0,0,0,0
1628384,OG Anunoby,NYK,202505230NYK,"May 23, 2025",IND,16,11,2,12,53.33,67.34,-14.01,5,8,6,6,0,0,0,0,0,0,0,0,0,0,0,0,0,0,0,0,0,0,1,2
1630169,Tyrese Haliburton,IND,202505230NYK,"May 23, 2025",NYK,14,16,2,17,31.82,41.47,-9.65,6,4,10,9,1,1,0,0,0,0,0,0,0,0,0,0,0,0,0,0,0,0,0,0
1627783,Pascal Siakam,IND,202505230NYK,"May 23, 2025",NYK,39,23,8,25,66.1,73.53,-7.43,15,18,5,9,0,0,1,3,3,7,0,0,0,0,0,0,0,0,0,0,0,0,1,2
1628973,Jalen Brunson,NYK,202505230NYK,"May 23, 2025",IND,36,27,5,30,50.7,61.64,-10.94,15,16,12,15,1,2,0,0,0,0,0,0,1,1,0,0,0,0,0,0,0,0,1,2
1626157,Karl-Anthony Towns,NYK,202505230NYK,"May 23, 2025",IND,20,14,6,16,51.28,60.1,-8.82,7,4,5,6,2,4,0,0,2,6,0,0,0,0,0,0,0,0,0,0,0,0,0,0
1628969,Mikal Bridges,NYK,202505230NYK,"May 23, 2025",IND,20,18,2,19,48.78,52.97,-4.19,15,16,3,3,1,1,0,0,0,0,0,0,0,0,0,0,0,0,0,0,0,0,0,0
1626167,Myles Turner,NYK,202505230NYK,"May 23, 2025",IND,16,10,7,13,51.61,61.16,-9.55,5,6,4,3,2,2,0,0,1,3,0,0,0,0,0,0,0,0,0,0,0,0,1,2
1628404,Josh Hart,NYK,202505230NYK,"May 23, 2025",IND,6,3,2,4,75.0,77.32,-2.32,3,4,0,0,0,0,0,0,0,0,0,0,0,0,0,0,0,0,0,0,0,0,1,2
1630174,Aaron Nesmith,IND,202505230NYK,"May 23, 2025",NYK,12,7,2,8,63.16,76.14,-12.98,4,4,3,6,0,0,0,0,0,0,0,0,0,0,0,0,0,0,0,0,0,0,1,2
1629614,Andrew Nembhard,IND,202505230NYK,"May 23, 2025",NYK,12,8,0,8,66.67,75.0,-8.33,6,6,2,6,0,0,0,0,0,0,0,0,0,0,0,0,0,0,0,0,0,0,0,0
1631097,Bennedict Mathurin,IND,202505230NYK,"May 23, 2025",NYK,0,2,0,2,0.0,0.0,0.0,2,0,0,0,0,0,0,0,0,0,0,0,0,0,0,0,0,0,0,0,0,0,0,0
1630167,Obi Toppin,IND,202505230NYK,"May 23, 2025",NYK,4,6,0,6,30.77,33.33,-2.56,5,4,1,0,0,0,0,0,0,0,0,0,0,0,0,0,0,0,0,0,0,0,0,0
1629011,Mitchell Robinson,NYK,202505230NYK,"May 23, 2025",IND,6,3,4,5,60.0,63.03,-3.03,3,4,0,0,1,1,0,0,0,0,0,0,0,0,0,0,0,0,0,0,0,0,1,1
1630540,Miles McBride,NYK,202505230NYK,"May 23, 2025",IND,5,5,0,5,35.71,50.0,-14.29,1,2,4,3,0,0,0,0,0,0,0,0,0,0,0,0,0,0,0,0,0,0,0,0
204456,T.J. McConnell,IND,202505230NYK,"May 23, 2025",NYK,10,8,0,8,55.56,62.5,-6.94,6,10,2,0,0,0,0,0,0,0,0,0,0,0,0,0,0,0,0,0,0,0,0,0
1626166,Cameron Payne,NYK,202505230NYK,"May 23, 2025",IND,0,3,0,3,0.0,0.0,0.0,1,0,2,0,0,0,0,0,0,0,0,0,0,0,0,0,0,0,0,0,0,0,0,0
1628396,Tony Bradley,IND,202505230NYK,"May 23, 2025",NYK,1,0,2,1,50.0,56.82,-6.82,0,0,0,0,1,1,0,0,0,0,0,0,0,0,0,0,0,0,0,0,0,0,0,0
1641767,Ben Sheppard,IND,202505230NYK,"May 23, 2025",NYK,6,3,0,3,66.67,100.0,-33.33,0,0,3,6,0,0,0,0,0,0,0,0,0,0,0,0,0,0,0,0,0,0,0,0
1628392,Isaiah Hartenstein,OKC,202505240MIN,"May 24, 2025",MIN,6,6,1,6,46.15,46.58,-0.43,5,4,0,0,0,0,0,0,1,2,0,0,0,0,0,0,0,0,0,0,0,0,0,0
1630162,Anthony Edwards,MIN,202505240MIN,"May 24, 2025",OKC,30,17,2,18,68.18,83.89,-15.71,9,14,8,15,0,0,0,0,0,0,0,0,0,0,0,0,0,0,0,0,0,0,1,1
203497,Rudy Gobert,MIN,202505240MIN,"May 24, 2025",OKC,7,6,2,7,50.0,50.87,-0.87,6,6,0,0,1,1,0,0,0,0,0,0,0,0,0,0,0,0,0,0,0,0,0,0
1631096,Chet Holmgren,OKC,202505240MIN,"May 24, 2025",MIN,10,7,3,8,47.62,60.1,-12.48,2,2,4,3,1,2,0,0,1,3,0,0,0,0,0,0,0,0,0,0,0,0,0,0
1631119,Jaylin Williams,OKC,202505240MIN,"May 24, 2025",MIN,13,9,6,12,44.83,55.84,-11.01,4,2,5,6,3,5,0,0,0,0,0,0,0,0,0,0,0,0,0,0,0,0,0,0
203944,Julius Randle,MIN,202505240MIN,"May 24, 2025",OKC,24,15,4,17,61.54,71.6,-10.06,10,14,5,6,1,2,0,0,0,0,0,0,0,0,0,0,0,0,0,0,0,0,1,2
1629652,Luguentz Dort,OKC,202505240MIN,"May 24, 2025",MIN,6,4,0,4,50.0,75.0,-25.0,0,0,4,6,0,0,0,0,0,0,0,0,0,0,0,0,0,0,0,0,0,0,0,0
1630183,Jaden McDaniels,MIN,202505240MIN,"May 24, 2025",OKC,10,9,2,10,41.67,50.61,-8.94,5,2,4,6,1,2,0,0,0,0,0,0,0,0,0,0,0,0,0,0,0,0,0,0
201144,Mike Conley,MIN,202505240MIN,"May 24, 2025",OKC,6,8,0,8,27.27,37.5,-10.23,2,0,6,6,0,0,0,0,0,0,0,0,0,0,0,0,0,0,0,0,0,0,0,0
1628983,Shai Gilgeous-Alexander,OKC,202505240MIN,"May 24, 2025",MIN,14,13,4,15,40.0,47.43,-7.43,8,4,5,6,2,4,0,0,0,0,0,0,0,0,0,0,0,0,0,0,0,0,0,0
1641717,Cason Wallace,OKC,202505240MIN,"May 24, 2025",MIN,2,0,2,1,100.0,113.64,-13.64,0,0,0,0,0,0,0,0,0,0,0,0,0,0,0,0,0,0,0,0,0,0,1,2
1628978,Donte DiVincenzo,MIN,202505240MIN,"May 24, 2025",OKC,6,2,0,2,100.0,150.0,-50.0,0,0,2,6,0,0,0,0,0,0,0,0,0,0,0,0,0,0,0,0,0,0,0,0
1627936,Alex Caruso,OKC,202505240MIN,"May 24, 2025",MIN,3,5,0,5,23.08,30.0,-6.92,2,0,3,3,0,0,0,0,0,0,0,0,0,0,0,0,0,0,0,0,0,0,0,0
1629675,Naz Reid,MIN,202505240MIN,"May 24, 2025",OKC,10,6,0,6,66.67,83.33,-16.66,3,4,3,6,0,0,0,0,0,0,0,0,0,0,0,0,0,0,0,0,0,0,0,0
1630198,Isaiah Joe,OKC,202505240MIN,"May 24, 2025",MIN,2,7,0,7,10.53,14.29,-3.76,2,2,5,0,0,0,0,0,0,0,0,0,0,0,0,0,0,0,0,0,0,0,0,0
1629638,Nickeil Alexander-Walker,MIN,202505240MIN,"May 24, 2025",OKC,12,9,1,9,52.17,63.56,-11.39,4,4,4,6,0,0,0,0,1,2,0,0,0,0,0,0,0,0,0,0,0,0,0,0
1630545,Terrence Shannon Jr.,MIN,202505240MIN,"May 24, 2025",OKC,15,8,4,9,65.22,76.84,-11.62,3,4,3,3,1,2,0,0,2,6,0,0,0,0,0,0,0,0,0,0,0,0,0,0
203952,Andrew Wiggins,MIN,202505240MIN,"May 24, 2025",OKC,5,5,0,5,38.46,50.0,-11.54,2,2,3,3,0,0,0,0,0,0,0,0,0,0,0,0,0,0,0,0,0,0,0,0
1642349,Ajay Mitchell,OKC,202505240MIN,"May 24, 2025",MIN,14,11,1,11,51.85,61.19,-9.34,6,8,4,3,0,0,0,0,1,3,0,0,0,0,0,0,0,0,0,0,0,0,0,0
1629026,Kenrich Williams,OKC,202505240MIN,"May 24, 2025",MIN,8,6,0,6,61.54,66.67,-5.13,5,8,1,0,0,0,0,0,0,0,0,0,0,0,0,0,0,0,0,0,0,0,0,0
1641794,Dillon Jones,OKC,202505240MIN,"May 24, 2025",MIN,10,5,0,5,83.33,100.0,-16.67,3,4,2,6,0,0,0,0,0,0,0,0,0,0,0,0,0,0,0,0,0,0,0,0
1641740,Jaylen Clark,MIN,202505240MIN,"May 24, 2025",OKC,4,2,0,2,100.0,100.0,0.0,2,4,0,0,0,0,0,0,0,0,0,0,0,0,0,0,0,0,0,0,0,0,0,0
1642265,Rob Dillingham,MIN,202505240MIN,"May 24, 2025",OKC,1,2,2,3,14.29,17.36,-3.07,1,0,1,0,1,1,0,0,0,0,0,0,0,0,0,0,0,0,0,0,0,0,0,0
1631159,Leonard Miller,MIN,202505240MIN,"May 24, 2025",OKC,11,6,0,6,84.62,91.67,-7.05,5,8,1,3,0,0,0,0,0,0,0,0,0,0,0,0,0,0,0,0,0,0,0,0
1631169,Josh Minott,MIN,202505240MIN,"May 24, 2025",OKC,0,3,0,3,0.0,0.0,0.0,1,0,2,0,0,0,0,0,0,0,0,0,0,0,0,0,0,0,0,0,0,0,0,0
1631172,Ousmane Dieng,OKC,202505240MIN,"May 24, 2025",MIN,6,2,0,2,100.0,150.0,-50.0,0,0,2,6,0,0,0,0,0,0,0,0,0,0,0,0,0,0,0,0,0,0,0,0
1630568,Luka Garza,MIN,202505240MIN,"May 24, 2025",OKC,7,3,0,3,100.0,116.67,-16.67,2,4,1,3,0,0,0,0,0,0,0,0,0,0,0,0,0,0,0,0,0,0,0,0
1628973,Jalen Brunson,NYK,202505250IND,"May 25, 2025",IND,23,18,10,23,45.1,51.34,-6.24,13,10,5,3,4,8,0,0,0,0,0,0,0,0,0,0,0,0,0,0,0,0,1,2
1629614,Andrew Nembhard,IND,202505250IND,"May 25, 2025",NYK,9,9,6,12,33.33,38.66,-5.33,6,4,3,0,1,1,0,0,0,0,0,0,0,0,0,0,0,0,0,0,0,0,2,4
1626157,Karl-Anthony Towns,NYK,202505250IND,"May 25, 2025",IND,24,17,6,19,51.06,61.1,-10.04,8,6,7,9,2,4,0,0,2,5,0,0,0,0,0,0,0,0,0,0,0,0,0,0
1628969,Mikal Bridges,NYK,202505250IND,"May 25, 2025",IND,15,18,2,19,34.09,39.72,-5.63,12,10,6,3,0,0,0,0,0,0,0,0,0,0,0,0,0,0,0,0,0,0,1,2
1626167,Myles Turner,IND,202505250IND,"May 25, 2025",NYK,19,12,8,16,50.0,61.21,-11.21,6,10,6,3,3,4,0,0,0,0,0,0,0,0,0,0,0,0,0,0,0,0,1,2
1627783,Pascal Siakam,IND,202505250IND,"May 25, 2025",NYK,17,14,5,16,50.0,52.47,-2.47,12,12,1,0,2,3,0,0,1,2,0,0,0,0,0,0,0,0,0,0,0,0,0,0
1630169,Tyrese Haliburton,IND,202505250IND,"May 25, 2025",NYK,20,15,4,17,47.62,59.67,-12.05,7,10,8,6,1,2,0,0,0,0,0,0,0,0,0,0,0,0,0,0,0,0,1,2
1629011,Mitchell Robinson,NYK,202505250IND,"May 25, 2025",IND,6,4,0,4,75.0,75.0,0.0,4,6,0,0,0,0,0,0,0,0,0,0,0,0,0,0,0,0,0,0,0,0,0,0
1628384,OG Anunoby,NYK,202505250IND,"May 25, 2025",IND,16,9,2,10,61.54,80.97,-19.43,3,4,6,12,1,0,0,0,0,0,0,0,0,0,0,0,0,0,0,0,0,0,0,0
1630174,Aaron Nesmith,IND,202505250IND,"May 25, 2025",NYK,8,8,4,10,34.78,40.98,-6.2,5,2,3,3,2,3,0,0,0,0,0,0,0,0,0,0,0,0,0,0,0,0,0,0
1628404,Josh Hart,NYK,202505250IND,"May 25, 2025",IND,8,3,6,6,57.14,70.92,-13.78,1,2,2,0,1,2,0,0,0,0,0,0,0,0,0,0,0,0,0,0,0,0,2,4
1641767,Ben Sheppard,IND,202505250IND,"May 25, 2025",NYK,3,1,0,1,100.0,150.0,-50.0,0,0,1,3,0,0,0,0,0,0,0,0,0,0,0,0,0,0,0,0,0,0,0,0
1630167,Obi Toppin,IND,202505250IND,"May 25, 2025",NYK,8,6,2,7,53.33,58.14,-4.81,5,6,1,0,0,0,0,0,0,0,0,0,0,0,0,0,0,0,0,0,0,0,1,2
1630540,Miles McBride,NYK,202505250IND,"May 25, 2025",IND,9,6,4,8,45.0,57.99,-12.99,2,2,4,3,2,4,0,0,0,0,0,0,0,0,0,0,0,0,0,0,0,0,0,0
1628396,Tony Bradley,IND,202505250IND,"May 25, 2025",NYK,2,2,0,2,40.0,50.0,-10.0,1,2,1,0,0,0,0,0,0,0,0,0,0,0,0,0,0,0,0,0,0,0,0,0
204456,T.J. McConnell,IND,202505250IND,"May 25, 2025",NYK,12,9,2,10,57.14,60.73,-3.59,8,10,1,0,0,0,0,0,0,0,0,0,0,0,0,0,0,0,0,0,0,0,1,2
wrighde01,D. Wright,NYK,202505250IND,"May 25, 2025",IND,2,1,0,1,100.0,100.0,0.0,1,2,0,0,0,0,0,0,0,0,0,0,0,0,0,0,0,0,0,0,0,0,0,0
1631097,Bennedict Mathurin,IND,202505250IND,"May 25, 2025",NYK,2,1,2,2,50.0,53.19,-3.19,1,0,0,0,1,2,0,0,0,0,0,0,0,0,0,0,0,0,0,0,0,0,0,0
1629013,Landry Shamet,NYK,202505250IND,"May 25, 2025",IND,3,2,0,2,50.0,75.0,-25.0,0,0,2,3,0,0,0,0,0,0,0,0,0,0,0,0,0,0,0,0,0,0,0,0
203497,Rudy Gobert,MIN,202505260MIN,"May 26, 2025",OKC,13,8,6,11,59.09,61.09,-2.0,8,10,0,0,3,3,0,0,0,0,0,0,0,0,0,0,0,0,0,0,0,0,0,0
1628983,Shai Gilgeous-Alexander,OKC,202505260MIN,"May 26, 2025",MIN,40,30,14,37,49.38,55.31,-5.93,23,22,7,6,3,5,0,0,0,0,0,0,0,0,0,0,0,0,0,0,0,0,4,7
1631119,Jaylin Williams,OKC,202505260MIN,"May 26, 2025",MIN,34,24,2,25,57.63,68.33,-10.7,15,14,9,18,1,2,0,0,0,0,0,0,0,0,0,0,0,0,0,0,0,0,0,0
203944,Julius Randle,MIN,202505260MIN,"May 26, 2025",OKC,5,7,4,9,23.81,28.54,-4.73,4,2,3,0,1,2,0,0,0,0,0,0,0,0,0,0,0,0,0,0,0,0,1,1
1630183,Jaden McDaniels,MIN,202505260MIN,"May 26, 2025",OKC,22,15,1,15,59.46,71.24,-11.78,8,10,6,9,0,0,0,0,1,3,0,0,0,0,0,0,0,0,0,0,0,0,0,0
201144,Mike Conley,MIN,202505260MIN,"May 26, 2025",OKC,6,8,0,8,28.57,37.5,-8.93,3,0,5,6,0,0,0,0,0,0,0,0,0,0,0,0,0,0,0,0,0,0,0,0
1628392,Isaiah Hartenstein,OKC,202505260MIN,"May 26, 2025",MIN,2,1,0,1,100.0,100.0,0.0,1,2,0,0,0,0,0,0,0,0,0,0,0,0,0,0,0,0,0,0,0,0,0,0
1631096,Chet Holmgren,OKC,202505260MIN,"May 26, 2025",MIN,21,14,2,15,61.76,70.56,-8.8,10,14,4,6,0,0,0,0,0,0,0,0,0,0,0,0,0,0,0,0,0,0,1,1
1629652,Luguentz Dort,OKC,202505260MIN,"May 26, 2025",MIN,4,3,2,4,36.36,51.55,-15.19,0,0,3,3,1,1,0,0,0,0,0,0,0,0,0,0,0,0,0,0,0,0,0,0
1627936,Alex Caruso,OKC,202505260MIN,"May 26, 2025",MIN,10,7,0,7,52.63,71.43,-18.8,2,4,5,6,0,0,0,0,0,0,0,0,0,0,0,0,0,0,0,0,0,0,0,0
1628978,Donte DiVincenzo,MIN,202505260MIN,"May 26, 2025",OKC,21,11,2,12,65.62,88.38,-22.76,3,4,8,15,0,0,0,0,0,0,0,0,0,0,0,0,0,0,0,0,0,0,1,2
1629675,Naz Reid,MIN,202505260MIN,"May 26, 2025",OKC,11,4,4,6,78.57,95.49,-16.92,2,4,2,3,1,2,0,0,0,0,0,0,0,0,0,0,0,0,0,0,0,0,1,2
1629026,Kenrich Williams,OKC,202505260MIN,"May 26, 2025",MIN,5,3,0,3,62.5,83.33,-20.83,1,2,2,3,0,0,0,0,0,0,0,0,0,0,0,0,0,0,0,0,0,0,0,0
1641717,Cason Wallace,OKC,202505260MIN,"May 26, 2025",MIN,7,9,0,9,30.43,38.89,-8.46,4,4,5,3,0,0,0,0,0,0,0,0,0,0,0,0,0,0,0,0,0,0,0,0
1629638,Nickeil Alexander-Walker,MIN,202505260MIN,"May 26, 2025",OKC,23,15,0,15,60.53,76.67,-16.14,7,8,8,15,0,0,0,0,0,0,0,0,0,0,0,0,0,0,0,0,0,0,0,0
1630198,Isaiah Joe,OKC,202505260MIN,"May 26, 2025",MIN,5,4,1,4,45.45,56.31,-10.86,1,0,2,3,0,0,0,0,1,2,0,0,0,0,0,0,0,0,0,0,0,0,0,0
1630162,Anthony Edwards,MIN,202505260MIN,"May 26, 2025",OKC,16,13,7,16,40.0,49.75,-9.75,5,6,7,3,2,4,0,0,1,2,0,0,0,0,0,0,0,0,0,0,0,0,1,1
1630545,Terrence Shannon Jr.,MIN,202505260MIN,"May 26, 2025",OKC,9,3,4,5,75.0,94.54,-19.54,1,2,2,3,2,4,0,0,0,0,0,0,0,0,0,0,0,0,0,0,0,0,0,0
1628384,OG Anunoby,NYK,202505270IND,"May 27, 2025",IND,22,16,9,20,45.83,55.11,-9.28,8,10,7,3,4,6,0,0,1,3,0,0,0,0,0,0,0,0,0,0,0,0,0,0
1626167,Myles Turner,IND,202505270IND,"May 27, 2025",NYK,13,8,3,9,59.09,69.74,-10.65,4,6,3,3,1,1,0,0,1,3,0,0,0,0,0,0,0,0,0,0,0,0,0,0
1628969,Mikal Bridges,IND,202505270IND,"May 27, 2025",NYK,17,15,1,15,47.22,55.05,-7.83,9,2,5,12,0,0,0,0,1,3,0,0,0,0,0,0,0,0,0,0,0,0,0,0
1627783,Pascal Siakam,IND,202505270IND,"May 27, 2025",NYK,30,21,6,24,57.69,63.45,-5.76,17,16,4,9,1,2,0,0,0,0,0,0,0,0,0,0,0,0,0,0,0,0,2,3
1626157,Karl-Anthony Towns,NYK,202505270IND,"May 27, 2025",IND,24,15,9,19,58.54,63.29,-4.75,12,12,2,3,3,4,0,0,1,3,0,0,0,0,0,0,0,0,0,0,0,0,1,2
1630169,Tyrese Haliburton,IND,202505270IND,"May 27, 2025",NYK,32,23,6,26,50.0,62.4,-12.4,11,12,12,15,2,3,0,0,0,0,0,0,0,0,0,0,0,0,0,0,0,0,1,2
1630174,Aaron Nesmith,IND,202505270IND,"May 27, 2025",NYK,16,9,4,11,57.14,74.35,-17.21,3,6,6,6,2,4,0,0,0,0,0,0,0,0,0,0,0,0,0,0,0,0,0,0
1628973,Jalen Brunson,NYK,202505270IND,"May 27, 2025",IND,31,19,12,24,55.36,63.84,-8.48,11,10,6,6,3,5,0,0,2,6,0,0,0,0,0,0,0,0,0,0,0,0,2,4
1629011,Mitchell Robinson,NYK,202505270IND,"May 27, 2025",IND,6,3,2,4,75.0,77.32,-2.32,3,4,0,0,1,2,0,0,0,0,0,0,0,0,0,0,0,0,0,0,0,0,0,0
1628404,Josh Hart,NYK,202505270IND,"May 27, 2025",IND,12,5,6,8,66.67,78.53,-11.86,3,4,2,3,3,5,0,0,0,0,0,0,0,0,0,0,0,0,0,0,0,0,0,0
1641767,Ben Sheppard,IND,202505270IND,"May 27, 2025",NYK,2,2,0,2,40.0,50.0,-10.0,1,2,1,0,0,0,0,0,0,0,0,0,0,0,0,0,0,0,0,0,0,0,0,0
1629614,Andrew Nembhard,IND,202505270IND,"May 27, 2025",NYK,3,9,0,9,15.0,16.67,-1.67,7,0,2,3,0,0,0,0,0,0,0,0,0,0,0,0,0,0,0,0,0,0,0,0
1630167,Obi Toppin,IND,202505270IND,"May 27, 2025",NYK,5,3,0,3,62.5,83.33,-20.83,1,2,2,3,0,0,0,0,0,0,0,0,0,0,0,0,0,0,0,0,0,0,0,0
1630540,Miles McBride,NYK,202505270IND,"May 27, 2025",IND,3,3,0,3,33.33,50.0,-16.67,0,0,3,3,0,0,0,0,0,0,0,0,0,0,0,0,0,0,0,0,0,0,0,0
204456,T.J. McConnell,IND,202505270IND,"May 27, 2025",NYK,6,4,0,4,75.0,75.0,0.0,4,6,0,0,0,0,0,0,0,0,0,0,0,0,0,0,0,0,0,0,0,0,0,0
1628396,Tony Bradley,IND,202505270IND,"May 27, 2025",NYK,3,1,2,2,75.0,79.79,-4.79,1,2,0,0,0,0,0,0,0,0,0,0,0,0,0,0,0,0,0,0,0,0,1,1
1631097,Bennedict Mathurin,IND,202505270IND,"May 27, 2025",NYK,20,8,11,13,68.97,77.88,-8.91,5,8,2,0,2,4,0,0,1,3,0,0,0,0,0,0,0,0,0,0,0,0,3,5
1629013,Landry Shamet,NYK,202505270IND,"May 27, 2025",IND,3,4,0,4,30.0,37.5,-7.5,2,0,2,3,0,0,0,0,0,0,0,0,0,0,0,0,0,0,0,0,0,0,0,0
wrighde01,D. Wright,NYK,202505270IND,"May 27, 2025",IND,3,2,0,2,60.0,75.0,-15.0,1,0,1,3,0,0,0,0,0,0,0,0,0,0,0,0,0,0,0,0,0,0,0,0
1630183,Jaden McDaniels,MIN,202505280OKC,"May 28, 2025",OKC,5,13,0,13,16.13,19.23,-3.1,8,2,5,3,0,0,0,0,0,0,0,0,0,0,0,0,0,0,0,0,0,0,0,0
203497,Rudy Gobert,MIN,202505280OKC,"May 28, 2025",OKC,2,1,0,1,100.0,100.0,0.0,1,2,0,0,0,0,0,0,0,0,0,0,0,0,0,0,0,0,0,0,0,0,0,0
203944,Julius Randle,MIN,202505280OKC,"May 28, 2025",OKC,24,14,5,16,61.54,74.07,-12.53,7,6,6,12,2,3,0,0,1,3,0,0,0,0,0,0,0,0,0,0,0,0,0,0
1631096,Chet Holmgren,OKC,202505280OKC,"May 28, 2025",MIN,22,13,6,16,61.11,70.33,-9.22,9,12,4,6,2,3,0,0,0,0,0,0,0,0,0,0,0,0,0,0,0,0,1,1
1631119,Jaylin Williams,OKC,202505280OKC,"May 28, 2025",MIN,19,14,5,16,51.35,58.64,-7.29,9,10,4,3,2,4,0,0,1,2,0,0,0,0,0,0,0,0,0,0,0,0,0,0
1629652,Luguentz Dort,OKC,202505280OKC,"May 28, 2025",MIN,12,11,0,11,37.5,54.55,-17.05,1,0,10,12,0,0,0,0,0,0,0,0,0,0,0,0,0,0,0,0,0,0,0,0
1628983,Shai Gilgeous-Alexander,OKC,202505280OKC,"May 28, 2025",MIN,34,25,4,27,58.62,63.53,-4.91,20,22,4,6,1,2,0,0,1,3,0,0,1,1,0,0,0,0,0,0,0,0,0,0
1628392,Isaiah Hartenstein,OKC,202505280OKC,"May 28, 2025",MIN,8,5,0,5,80.0,80.0,0.0,5,8,0,0,0,0,0,0,0,0,0,0,0,0,0,0,0,0,0,0,0,0,0,0
201144,Mike Conley,MIN,202505280OKC,"May 28, 2025",OKC,0,3,0,3,0.0,0.0,0.0,2,0,1,0,0,0,0,0,0,0,0,0,0,0,0,0,0,0,0,0,0,0,0,0
1627936,Alex Caruso,OKC,202505280OKC,"May 28, 2025",MIN,8,5,6,8,42.11,52.36,-10.25,2,2,3,0,2,4,0,0,0,0,0,0,0,0,0,0,0,0,0,0,0,0,1,2
1630162,Anthony Edwards,MIN,202505280OKC,"May 28, 2025",OKC,19,18,6,21,38.78,46.03,-7.25,11,12,7,3,3,4,0,0,0,0,0,0,0,0,0,0,0,0,0,0,0,0,0,0
1629638,Nickeil Alexander-Walker,MIN,202505280OKC,"May 28, 2025",OKC,0,8,0,8,0.0,0.0,0.0,4,0,4,0,0,0,0,0,0,0,0,0,0,0,0,0,0,0,0,0,0,0,0,0
1628978,Donte DiVincenzo,MIN,202505280OKC,"May 28, 2025",OKC,6,4,0,4,50.0,75.0,-25.0,0,0,4,6,0,0,0,0,0,0,0,0,0,0,0,0,0,0,0,0,0,0,0,0
1629675,Naz Reid,MIN,202505280OKC,"May 28, 2025",OKC,11,6,0,6,84.62,91.67,-7.05,5,8,1,3,0,0,0,0,0,0,0,0,0,0,0,0,0,0,0,0,0,0,0,0
1641717,Cason Wallace,OKC,202505280OKC,"May 28, 2025",MIN,5,6,0,6,33.33,41.67,-8.34,3,2,3,3,0,0,0,0,0,0,0,0,0,0,0,0,0,0,0,0,0,0,0,0
1630598,Aaron Wiggins,OKC,202505280OKC,"May 28, 2025",MIN,0,1,0,1,0.0,0.0,0.0,0,0,1,0,0,0,0,0,0,0,0,0,0,0,0,0,0,0,0,0,0,0,0,0
1630545,Terrence Shannon Jr.,MIN,202505280OKC,"May 28, 2025",OKC,11,8,4,10,47.83,56.35,-8.52,5,4,3,3,2,4,0,0,0,0,0,0,0,0,0,0,0,0,0,0,0,0,0,0
1630198,Isaiah Joe,OKC,202505280OKC,"May 28, 2025",MIN,11,4,0,4,100.0,137.5,-37.5,1,2,3,9,0,0,0,0,0,0,0,0,0,0,0,0,0,0,0,0,0,0,0,0
1641740,Jaylen Clark,MIN,202505280OKC,"May 28, 2025",OKC,2,1,0,1,100.0,100.0,0.0,1,2,0,0,0,0,0,0,0,0,0,0,0,0,0,0,0,0,0,0,0,0,0,0
1642265,Rob Dillingham,MIN,202505280OKC,"May 28, 2025",OKC,7,5,0,5,63.64,70.0,-6.36,4,4,1,3,0,0,0,0,0,0,0,0,0,0,0,0,0,0,0,0,0,0,0,0
1630568,Luka Garza,MIN,202505280OKC,"May 28, 2025",OKC,4,2,0,2,100.0,100.0,0.0,2,4,0,0,0,0,0,0,0,0,0,0,0,0,0,0,0,0,0,0,0,0,0,0
1631169,Josh Minott,MIN,202505280OKC,"May 28, 2025",OKC,3,2,0,2,50.0,75.0,-25.0,0,0,2,3,0,0,0,0,0,0,0,0,0,0,0,0,0,0,0,0,0,0,0,0
1642349,Ajay Mitchell,OKC,202505280OKC,"May 28, 2025",MIN,2,1,0,1,100.0,100.0,0.0,1,2,0,0,0,0,0,0,0,0,0,0,0,0,0,0,0,0,0,0,0,0,0,0
1631172,Ousmane Dieng,OKC,202505280OKC,"May 28, 2025",MIN,3,2,0,2,50.0,75.0,-25.0,0,0,2,3,0,0,0,0,0,0,0,0,0,0,0,0,0,0,0,0,0,0,0,0
1628973,Jalen Brunson,NYK,202505290NYK,"May 29, 2025",IND,32,18,4,19,68.09,80.97,-12.88,10,14,6,9,1,2,0,0,1,3,1,4,0,0,0,0,0,0,0,0,0,0,0,0
1626167,Myles Turner,IND,202505290NYK,"May 29, 2025",NYK,5,3,0,3,62.5,83.33,-20.83,1,2,2,3,0,0,0,0,0,0,0,0,0,0,0,0,0,0,0,0,0,0,0,0
1627783,Pascal Siakam,IND,202505290NYK,"May 29, 2025",NYK,15,13,8,17,40.54,45.4,-4.86,10,8,3,3,4,4,0,0,0,0,0,0,0,0,0,0,0,0,0,0,0,0,0,0
1626157,Karl-Anthony Towns,NYK,202505290NYK,"May 29, 2025",IND,24,20,5,21,48.98,54.05,-5.07,13,12,4,3,1,1,0,0,3,8,0,0,0,0,0,0,0,0,0,0,0,0,0,0
1629011,Mitchell Robinson,NYK,202505290NYK,"May 29, 2025",IND,6,3,2,4,75.0,77.32,-2.32,3,6,0,0,0,0,0,0,0,0,0,0,0,0,0,0,0,0,0,0,0,0,1,0
1629614,Andrew Nembhard,NYK,202505290NYK,"May 29, 2025",IND,6,8,0,8,35.29,37.5,-2.21,7,6,1,0,0,0,0,0,0,0,0,0,0,0,0,0,0,0,0,0,0,0,0,0
1628384,OG Anunoby,NYK,202505290NYK,"May 29, 2025",IND,11,14,4,16,28.21,34.9,-6.69,7,4,7,3,2,4,0,0,0,0,0,0,0,0,0,0,0,0,0,0,0,0,0,0
1630174,Aaron Nesmith,IND,202505290NYK,"May 29, 2025",NYK,3,8,0,8,14.29,18.75,-4.46,3,0,5,3,0,0,0,0,0,0,0,0,0,0,0,0,0,0,0,0,0,0,0,0
1641767,Ben Sheppard,IND,202505290NYK,"May 29, 2025",NYK,8,3,2,4,80.0,103.09,-23.09,1,0,2,6,0,0,0,0,0,0,0,0,0,0,0,0,0,0,0,0,0,0,1,2
1628969,Mikal Bridges,NYK,202505290NYK,"May 29, 2025",IND,12,12,0,12,44.44,50.0,-5.56,9,12,3,0,0,0,0,0,0,0,0,0,0,0,0,0,0,0,0,0,0,0,0,0
1630169,Tyrese Haliburton,IND,202505290NYK,"May 29, 2025",NYK,8,7,5,9,38.1,43.48,-5.38,5,4,2,0,1,2,1,2,0,0,0,0,0,0,0,0,0,0,0,0,0,0,0,0
1630167,Obi Toppin,IND,202505290NYK,"May 29, 2025",NYK,11,10,3,11,40.74,48.59,-7.85,5,6,4,0,1,2,0,0,1,3,0,0,0,0,0,0,0,0,0,0,0,0,0,0
1628396,Tony Bradley,IND,202505290NYK,"May 29, 2025",NYK,2,1,2,2,50.0,53.19,-3.19,1,0,0,0,1,2,0,0,0,0,0,0,0,0,0,0,0,0,0,0,0,0,0,0
204456,T.J. McConnell,IND,202505290NYK,"May 29, 2025",NYK,7,5,0,5,58.33,70.0,-11.67,3,4,2,3,0,0,0,0,0,0,0,0,0,0,0,0,0,0,0,0,0,0,0,0
1628404,Josh Hart,NYK,202505290NYK,"May 29, 2025",IND,12,8,6,10,50.0,56.39,-6.39,4,4,2,0,1,1,0,0,2,5,0,0,0,0,0,0,0,0,0,0,0,0,1,2
1630540,Miles McBride,NYK,202505290NYK,"May 29, 2025",IND,5,4,0,4,55.56,62.5,-6.94,3,2,1,3,0,0,0,0,0,0,0,0,0,0,0,0,0,0,0,0,0,0,0,0
1631097,Bennedict Mathurin,IND,202505290NYK,"May 29, 2025",NYK,23,10,9,14,69.7,82.38,-12.68,5,6,4,6,3,6,0,0,1,3,0,0,0,0,0,0,0,0,0,0,0,0,1,2
wrighde01,D. Wright,NYK,202505290NYK,"May 29, 2025",IND,0,4,0,4,0.0,0.0,0.0,1,0,3,0,0,0,0,0,0,0,0,0,0,0,0,0,0,0,0,0,0,0,0,0
1629013,Landry Shamet,NYK,202505290NYK,"May 29, 2025",IND,5,3,0,3,62.5,83.33,-20.83,1,2,2,3,0,0,0,0,0,0,0,0,0,0,0,0,0,0,0,0,0,0,0,0
1641716,Jarace Walker,IND,202505290NYK,"May 29, 2025",NYK,6,4,0,4,50.0,75.0,-25.0,0,0,4,6,0,0,0,0,0,0,0,0,0,0,0,0,0,0,0,0,0,0,0,0
1628418,Thomas Bryant,IND,202505290NYK,"May 29, 2025",NYK,0,2,0,2,0.0,0.0,0.0,1,0,1,0,0,0,0,0,0,0,0,0,0,0,0,0,0,0,0,0,0,0,0,0
1630173,Precious Achiuwa,NYK,202505290NYK,"May 29, 2025",IND,2,2,1,2,40.0,40.98,-0.98,1,0,0,0,0,0,0,0,1,2,0,0,0,0,0,0,0,0,0,0,0,0,0,0
1630574,Ariel Hukporti,NYK,202505290NYK,"May 29, 2025",IND,2,1,0,1,100.0,100.0,0.0,1,2,0,0,0,0,0,0,0,0,0,0,0,0,0,0,0,0,0,0,0,0,0,0
1628973,Jalen Brunson,NYK,202505310IND,"May 31, 2025",IND,19,18,2,19,42.22,50.32,-8.1,11,12,7,6,0,0,0,0,0,0,0,0,0,0,0,0,0,0,0,0,0,0,1,1
1630174,Aaron Nesmith,IND,202505310IND,"May 31, 2025",NYK,10,8,0,8,50.0,62.5,-12.5,4,4,4,6,0,0,0,0,0,0,0,0,0,0,0,0,0,0,0,0,0,0,0,0
1627783,Pascal Siakam,IND,202505310IND,"May 31, 2025",NYK,31,18,11,23,59.62,67.86,-8.24,12,12,5,9,3,4,0,0,1,3,0,0,0,0,0,0,0,0,0,0,0,0,2,3
1628384,OG Anunoby,NYK,202505310IND,"May 31, 2025",IND,24,18,3,19,52.17,62.11,-9.94,10,14,7,6,1,2,0,0,1,2,0,0,0,0,0,0,0,0,0,0,0,0,0,0
1628969,Mikal Bridges,NYK,202505310IND,"May 31, 2025",IND,15,9,2,10,68.18,75.91,-7.73,7,10,2,3,0,0,0,0,0,0,0,0,0,0,0,0,0,0,0,0,0,0,1,2
1626167,Myles Turner,IND,202505310IND,"May 31, 2025",NYK,11,6,1,6,68.75,85.4,-16.65,2,2,3,6,0,0,0,0,1,3,0,0,0,0,0,0,0,0,0,0,0,0,0,0
1629614,Andrew Nembhard,IND,202505310IND,"May 31, 2025",NYK,14,12,0,12,48.28,58.33,-10.05,7,8,5,6,0,0,0,0,0,0,0,0,0,0,0,0,0,0,0,0,0,0,0,0
1629011,Mitchell Robinson,NYK,202505310IND,"May 31, 2025",IND,8,5,0,5,80.0,80.0,0.0,5,8,0,0,0,0,0,0,0,0,0,0,0,0,0,0,0,0,0,0,0,0,0,0
1626157,Karl-Anthony Towns,NYK,202505310IND,"May 31, 2025",IND,22,19,10,24,42.31,47.01,-4.7,15,16,4,0,5,6,0,0,0,0,0,0,0,0,0,0,0,0,0,0,0,0,0,0
1630169,Tyrese Haliburton,IND,202505310IND,"May 31, 2025",NYK,21,17,1,18,52.5,60.21,-7.71,12,14,5,6,0,0,0,0,0,0,0,0,0,0,0,0,0,0,0,0,1,1,0,0
1631097,Bennedict Mathurin,IND,202505310IND,"May 31, 2025",NYK,4,2,2,3,66.67,69.44,-2.77,2,2,0,0,1,2,0,0,0,0,0,0,0,0,0,0,0,0,0,0,0,0,0,0
1630167,Obi Toppin,IND,202505310IND,"May 31, 2025",NYK,18,11,2,12,64.29,75.76,-11.47,7,10,4,6,1,2,0,0,0,0,0,0,0,0,0,0,0,0,0,0,0,0,0,0
1628404,Josh Hart,NYK,202505310IND,"May 31, 2025",IND,4,6,3,7,23.53,27.32,-3.79,3,0,2,0,1,2,0,0,1,2,0,0,0,0,0,0,0,0,0,0,0,0,0,0
1630540,Miles McBride,NYK,202505310IND,"May 31, 2025",IND,2,2,2,3,28.57,34.72,-6.15,1,0,1,0,1,2,0,0,0,0,0,0,0,0,0,0,0,0,0,0,0,0,0,0
1629013,Landry Shamet,NYK,202505310IND,"May 31, 2025",IND,12,7,0,7,57.14,85.71,-28.57,0,0,7,12,0,0,0,0,0,0,0,0,0,0,0,0,0,0,0,0,0,0,0,0
wrighde01,D. Wright,NYK,202505310IND,"May 31, 2025",IND,2,2,2,3,25.0,34.72,-9.72,0,0,2,0,1,2,0,0,0,0,0,0,0,0,0,0,0,0,0,0,0,0,0,0
1628418,Thomas Bryant,IND,202505310IND,"May 31, 2025",NYK,11,5,2,6,68.75,93.54,-24.79,1,0,4,9,1,2,0,0,0,0,0,0,0,0,0,0,0,0,0,0,0,0,0,0
204456,T.J. McConnell,IND,202505310IND,"May 31, 2025",NYK,3,4,0,4,30.0,37.5,-7.5,2,0,2,3,0,0,0,0,0,0,0,0,0,0,0,0,0,0,0,0,0,0,0,0
1641767,Ben Sheppard,IND,202505310IND,"May 31, 2025",NYK,0,1,0,1,0.0,0.0,0.0,0,0,1,0,0,0,0,0,0,0,0,0,0,0,0,0,0,0,0,0,0,0,0,0
1641716,Jarace Walker,IND,202505310IND,"May 31, 2025",NYK,2,1,0,1,100.0,100.0,0.0,1,2,0,0,0,0,0,0,0,0,0,0,0,0,0,0,0,0,0,0,0,0,0,0
1630574,Ariel Hukporti,NYK,202505310IND,"May 31, 2025",IND,0,0,2,1,0.0,0.0,0.0,0,0,0,0,1,0,0,0,0,0,0,0,0,0,0,0,0,0,0,0,0,0,0,0
1629652,Luguentz Dort,OKC,202506050OKC,"Jun 5, 2025",IND,15,10,0,10,51.72,75.0,-23.28,1,0,9,15,0,0,0,0,0,0,0,0,0,0,0,0,0,0,0,0,0,0,0,0
1630174,Aaron Nesmith,IND,202506050OKC,"Jun 5, 2025",OKC,10,9,2,10,37.04,50.61,-13.57,2,0,7,9,0,0,0,0,0,0,0,0,0,0,0,0,0,0,0,0,0,0,1,1
1626167,Myles Turner,IND,202506050OKC,"Jun 5, 2025",OKC,15,10,4,12,51.72,63.78,-12.06,5,6,5,6,2,3,0,0,0,0,0,0,0,0,0,0,0,0,0,0,0,0,0,0
1628983,Shai Gilgeous-Alexander,OKC,202506050OKC,"Jun 5, 2025",IND,38,30,8,34,51.35,56.68,-5.33,24,22,6,9,2,4,0,0,0,0,0,0,0,0,0,0,0,0,0,0,0,0,2,3
1629614,Andrew Nembhard,IND,202506050OKC,"Jun 5, 2025",OKC,14,11,5,13,42.42,53.03,-10.61,4,2,6,6,1,1,0,0,1,3,0,0,0,0,0,0,0,0,0,0,0,0,1,2
1631096,Chet Holmgren,OKC,202506050OKC,"Jun 5, 2025",IND,6,9,2,10,28.57,30.36,-1.79,8,4,1,0,1,2,0,0,0,0,0,0,0,0,0,0,0,0,0,0,0,0,0,0
1630169,Tyrese Haliburton,IND,202506050OKC,"Jun 5, 2025",OKC,14,13,0,13,42.42,53.85,-11.43,6,8,7,6,0,0,0,0,0,0,0,0,0,0,0,0,0,0,0,0,0,0,0,0
1631119,Jaylin Williams,OKC,202506050OKC,"Jun 5, 2025",IND,17,19,4,21,36.96,40.94,-3.98,15,10,4,3,2,4,0,0,0,0,0,0,0,0,0,0,0,0,0,0,0,0,0,0
1627783,Pascal Siakam,IND,202506050OKC,"Jun 5, 2025",OKC,19,15,6,18,50.0,53.85,-3.85,13,12,2,3,3,4,0,0,0,0,0,0,0,0,0,0,0,0,0,0,0,0,0,0
1641767,Ben Sheppard,IND,202506050OKC,"Jun 5, 2025",OKC,3,2,0,2,50.0,75.0,-25.0,0,0,2,3,0,0,0,0,0,0,0,0,0,0,0,0,0,0,0,0,0,0,0,0
1630167,Obi Toppin,IND,202506050OKC,"Jun 5, 2025",OKC,17,9,0,9,65.38,94.44,-29.06,1,2,8,15,0,0,0,0,0,0,0,0,0,0,0,0,0,0,0,0,0,0,0,0
1641717,Cason Wallace,OKC,202506050OKC,"Jun 5, 2025",IND,6,9,0,9,28.57,33.33,-4.76,6,6,3,0,0,0,0,0,0,0,0,0,0,0,0,0,0,0,0,0,0,0,0,0
1627936,Alex Caruso,OKC,202506050OKC,"Jun 5, 2025",IND,11,8,5,10,44.0,53.92,-9.92,3,2,4,3,2,4,0,0,1,2,0,0,0,0,0,0,0,0,0,0,0,0,0,0
1628392,Isaiah Hartenstein,OKC,202506050OKC,"Jun 5, 2025",IND,9,5,3,6,69.23,71.2,-1.97,4,4,0,0,1,2,0,0,1,3,0,0,0,0,0,0,0,0,0,0,0,0,0,0
204456,T.J. McConnell,IND,202506050OKC,"Jun 5, 2025",OKC,9,6,0,6,69.23,75.0,-5.77,5,6,1,3,0,0,0,0,0,0,0,0,0,0,0,0,0,0,0,0,0,0,0,0
1630198,Isaiah Joe,OKC,202506050OKC,"Jun 5, 2025",IND,5,3,0,3,71.43,83.33,-11.9,2,2,1,3,0,0,0,0,0,0,0,0,0,0,0,0,0,0,0,0,0,0,0,0
1631097,Bennedict Mathurin,IND,202506050OKC,"Jun 5, 2025",OKC,5,5,4,7,35.71,36.98,-1.27,5,2,0,0,1,1,0,0,0,0,0,0,0,0,0,0,0,0,0,0,0,0,1,2
1630598,Aaron Wiggins,OKC,202506050OKC,"Jun 5, 2025",IND,3,2,2,3,42.86,52.08,-9.22,1,2,1,0,1,1,0,0,0,0,0,0,0,0,0,0,0,0,0,0,0,0,0,0
1628418,Thomas Bryant,IND,202506050OKC,"Jun 5, 2025",OKC,5,2,0,2,100.0,125.0,-25.0,1,2,1,3,0,0,0,0,0,0,0,0,0,0,0,0,0,0,0,0,0,0,0,0
1642349,Ajay Mitchell,OKC,202506050OKC,"Jun 5, 2025",IND,0,3,0,3,0.0,0.0,0.0,2,0,1,0,0,0,0,0,0,0,0,0,0,0,0,0,0,0,0,0,0,0,0,0
1641717,Cason Wallace,OKC,202506080OKC,"Jun 8, 2025",IND,4,4,0,4,40.0,50.0,-10.0,2,4,2,0,0,0,0,0,0,0,0,0,0,0,0,0,0,0,0,0,0,0,0,0
1627783,Pascal Siakam,IND,202506080OKC,"Jun 8, 2025",OKC,15,11,9,15,42.86,50.13,-7.27,6,2,4,3,3,5,0,0,1,3,0,0,0,0,0,0,0,0,0,0,0,0,1,2
1631096,Chet Holmgren,OKC,202506080OKC,"Jun 8, 2025",IND,15,11,2,12,55.56,63.13,-7.57,8,10,3,3,0,0,0,0,0,0,0,0,0,0,0,0,0,0,0,0,0,0,1,2
1630174,Aaron Nesmith,IND,202506080OKC,"Jun 8, 2025",OKC,14,12,0,12,43.75,58.33,-14.58,4,2,8,12,0,0,0,0,0,0,0,0,0,0,0,0,0,0,0,0,0,0,0,0
1631119,Jaylin Williams,OKC,202506080OKC,"Jun 8, 2025",IND,19,14,9,18,45.24,52.9,-7.66,8,6,5,3,3,5,0,0,1,3,0,0,0,0,0,0,0,0,0,0,0,0,1,2
1629652,Luguentz Dort,OKC,202506080OKC,"Jun 8, 2025",IND,3,3,0,3,33.33,50.0,-16.67,0,0,3,3,0,0,0,0,0,0,0,0,0,0,0,0,0,0,0,0,0,0,0,0
1629614,Andrew Nembhard,IND,202506080OKC,"Jun 8, 2025",OKC,11,8,4,10,45.83,56.35,-10.52,4,6,4,3,2,2,0,0,0,0,0,0,0,0,0,0,0,0,0,0,0,0,0,0
1628983,Shai Gilgeous-Alexander,OKC,202506080OKC,"Jun 8, 2025",IND,34,21,12,26,58.62,64.69,-6.07,15,16,4,3,3,5,0,0,2,6,0,0,0,0,0,0,0,0,0,0,0,0,2,4
1626167,Myles Turner,IND,202506080OKC,"Jun 8, 2025",OKC,16,12,4,14,48.48,58.14,-9.66,7,10,5,3,2,3,0,0,0,0,0,0,0,0,0,0,0,0,0,0,0,0,0,0
1630169,Tyrese Haliburton,IND,202506080OKC,"Jun 8, 2025",OKC,17,13,0,13,50.0,65.38,-15.38,5,8,8,9,0,0,0,0,0,0,0,0,0,0,0,0,0,0,0,0,0,0,0,0
1631097,Bennedict Mathurin,IND,202506080OKC,"Jun 8, 2025",OKC,14,7,7,10,60.87,69.44,-8.57,5,6,2,3,2,3,1,2,0,0,0,0,0,0,0,0,0,0,0,0,0,0,0,0
1630167,Obi Toppin,IND,202506080OKC,"Jun 8, 2025",OKC,3,8,0,8,14.29,18.75,-4.46,3,0,5,3,0,0,0,0,0,0,0,0,0,0,0,0,0,0,0,0,0,0,0,0
1628392,Isaiah Hartenstein,OKC,202506080OKC,"Jun 8, 2025",IND,3,2,2,3,50.0,52.08,-2.08,2,2,0,0,1,1,0,0,0,0,0,0,0,0,0,0,0,0,0,0,0,0,0,0
1627936,Alex Caruso,OKC,202506080OKC,"Jun 8, 2025",IND,20,11,4,13,58.82,78.37,-19.55,3,4,8,12,1,2,0,0,0,0,0,0,0,0,0,0,0,0,0,0,0,0,1,2
1628418,Thomas Bryant,IND,202506080OKC,"Jun 8, 2025",OKC,1,1,2,2,20.0,26.6,-6.6,0,0,1,0,1,1,0,0,0,0,0,0,0,0,0,0,0,0,0,0,0,0,0,0
1630198,Isaiah Joe,OKC,202506080OKC,"Jun 8, 2025",IND,2,3,0,3,25.0,33.33,-8.33,1,2,2,0,0,0,0,0,0,0,0,0,0,0,0,0,0,0,0,0,0,0,0,0
204456,T.J. McConnell,IND,202506080OKC,"Jun 8, 2025",OKC,11,7,0,7,73.33,78.57,-5.24,6,8,1,3,0,0,0,0,0,0,0,0,0,0,0,0,0,0,0,0,0,0,0,0
1630598,Aaron Wiggins,OKC,202506080OKC,"Jun 8, 2025",IND,18,11,2,12,56.25,75.76,-19.51,3,2,8,15,1,1,0,0,0,0,0,0,0,0,0,0,0,0,0,0,0,0,0,0
1629026,Kenrich Williams,OKC,202506080OKC,"Jun 8, 2025",IND,0,1,0,1,0.0,0.0,0.0,1,0,0,0,0,0,0,0,0,0,0,0,0,0,0,0,0,0,0,0,0,0,0,0
1641767,Ben Sheppard,IND,202506080OKC,"Jun 8, 2025",OKC,3,2,0,2,50.0,75.0,-25.0,0,0,2,3,0,0,0,0,0,0,0,0,0,0,0,0,0,0,0,0,0,0,0,0
1630552,Jalen Johnson,IND,202506080OKC,"Jun 8, 2025",OKC,2,1,0,1,100.0,100.0,0.0,1,2,0,0,0,0,0,0,0,0,0,0,0,0,0,0,0,0,0,0,0,0,0,0
1642349,Ajay Mitchell,OKC,202506080OKC,"Jun 8, 2025",IND,2,0,2,1,100.0,113.64,-13.64,0,0,0,0,0,0,0,0,0,0,0,0,0,0,0,0,0,0,0,0,0,0,1,2
1628983,Shai Gilgeous-Alexander,OKC,202506110IND,"Jun 11, 2025",IND,24,20,6,23,48.98,53.0,-4.02,17,16,3,3,2,3,0,0,0,0,0,0,0,0,0,0,0,0,0,0,0,0,1,2
1629652,Luguentz Dort,IND,202506110IND,"Jun 11, 2025",OKC,12,8,0,8,57.14,75.0,-17.86,3,0,5,12,0,0,0,0,0,0,0,0,0,0,0,0,0,0,0,0,0,0,0,0
1629614,Andrew Nembhard,IND,202506110IND,"Jun 11, 2025",OKC,8,5,2,6,57.14,68.03,-10.89,3,4,2,3,1,1,0,0,0,0,0,0,0,0,0,0,0,0,0,0,0,0,0,0
1630174,Aaron Nesmith,IND,202506110IND,"Jun 11, 2025",OKC,7,5,0,5,58.33,70.0,-11.67,3,4,2,3,0,0,0,0,0,0,0,0,0,0,0,0,0,0,0,0,0,0,0,0
1626167,Myles Turner,IND,202506110IND,"Jun 11, 2025",OKC,9,11,2,12,32.14,37.88,-5.74,7,4,4,3,1,2,0,0,0,0,0,0,0,0,0,0,0,0,0,0,0,0,0,0
1631096,Chet Holmgren,OKC,202506110IND,"Jun 11, 2025",IND,20,15,9,19,44.44,52.74,-8.3,8,10,6,0,3,6,0,0,1,3,0,0,0,0,0,0,0,0,0,0,0,0,1,1
1641717,Cason Wallace,OKC,202506110IND,"Jun 11, 2025",IND,7,5,2,6,53.85,59.52,-5.67,4,6,1,0,0,0,0,0,0,0,0,0,0,0,0,0,0,0,0,0,0,0,1,1
1631119,Jaylin Williams,OKC,202506110IND,"Jun 11, 2025",IND,26,18,11,23,53.06,56.92,-3.86,15,14,2,3,4,5,0,0,1,3,0,0,0,0,0,0,0,0,0,0,0,0,1,1
1627783,Pascal Siakam,IND,202506110IND,"Jun 11, 2025",OKC,21,14,6,17,58.33,63.1,-4.77,12,16,2,0,2,4,0,0,0,0,0,0,0,0,0,0,0,0,0,0,0,0,1,1
1641767,Ben Sheppard,IND,202506110IND,"Jun 11, 2025",OKC,4,5,0,5,33.33,40.0,-6.67,3,4,2,0,0,0,0,0,0,0,0,0,0,0,0,0,0,0,0,0,0,0,0,0
1630167,Obi Toppin,IND,202506110IND,"Jun 11, 2025",OKC,8,8,0,8,42.11,50.0,-7.89,5,8,3,0,0,0,0,0,0,0,0,0,0,0,0,0,0,0,0,0,0,0,0,0
1627936,Alex Caruso,OKC,202506110IND,"Jun 11, 2025",IND,8,5,2,6,57.14,68.03,-10.89,3,0,2,6,1,2,0,0,0,0,0,0,0,0,0,0,0,0,0,0,0,0,0,0
1630169,Tyrese Haliburton,IND,202506110IND,"Jun 11, 2025",OKC,22,17,0,17,52.38,64.71,-12.33,9,10,8,12,0,0,0,0,0,0,0,0,0,0,0,0,0,0,0,0,0,0,0,0
1628392,Isaiah Hartenstein,OKC,202506110IND,"Jun 11, 2025",IND,4,3,0,3,66.67,66.67,0.0,3,4,0,0,0,0,0,0,0,0,0,0,0,0,0,0,0,0,0,0,0,0,0,0
1630598,Aaron Wiggins,OKC,202506110IND,"Jun 11, 2025",IND,0,2,0,2,0.0,0.0,0.0,2,0,0,0,0,0,0,0,0,0,0,0,0,0,0,0,0,0,0,0,0,0,0,0
1630198,Isaiah Joe,OKC,202506110IND,"Jun 11, 2025",IND,6,2,0,2,100.0,150.0,-50.0,0,0,2,6,0,0,0,0,0,0,0,0,0,0,0,0,0,0,0,0,0,0,0,0
204456,T.J. McConnell,IND,202506110IND,"Jun 11, 2025",OKC,10,8,4,10,47.62,51.23,-3.61,7,6,1,0,1,2,0,0,0,0,0,0,0,0,0,0,0,0,0,0,0,0,1,2
1629026,Kenrich Williams,OKC,202506110IND,"Jun 11, 2025",IND,0,1,0,1,0.0,0.0,0.0,0,0,1,0,0,0,0,0,0,0,0,0,0,0,0,0,0,0,0,0,0,0,0,0
1631097,Bennedict Mathurin,IND,202506110IND,"Jun 11, 2025",OKC,27,12,8,15,77.14,86.98,-9.84,7,10,3,6,2,3,0,0,2,6,0,0,0,0,0,0,0,0,0,0,0,0,1,2
1629652,Luguentz Dort,OKC,202506130IND,"Jun 13, 2025",IND,6,2,2,3,85.71,104.17,-18.46,1,2,1,3,1,1,0,0,0,0,0,0,0,0,0,0,0,0,0,0,0,0,0,0
1626167,Myles Turner,IND,202506130IND,"Jun 13, 2025",OKC,12,10,6,13,37.5,47.47,-9.97,4,6,6,0,2,4,0,0,0,0,0,0,0,0,0,0,0,0,0,0,0,0,1,2
1631096,Chet Holmgren,OKC,202506130IND,"Jun 13, 2025",IND,14,9,6,12,56.0,60.14,-4.14,8,8,1,0,3,6,0,0,0,0,0,0,0,0,0,0,0,0,0,0,0,0,0,0
1627783,Pascal Siakam,IND,202506130IND,"Jun 13, 2025",OKC,20,15,8,19,45.45,54.0,-8.55,9,8,6,6,4,6,0,0,0,0,0,0,0,0,0,0,0,0,0,0,0,0,0,0
1628392,Isaiah Hartenstein,OKC,202506130IND,"Jun 13, 2025",IND,2,3,0,3,33.33,33.33,0.0,3,2,0,0,0,0,0,0,0,0,0,0,0,0,0,0,0,0,0,0,0,0,0,0
1630174,Aaron Nesmith,IND,202506130IND,"Jun 13, 2025",OKC,8,9,2,10,32.0,40.49,-8.49,4,0,5,6,0,0,0,0,0,0,0,0,0,0,0,0,0,0,0,0,0,0,1,2
1628983,Shai Gilgeous-Alexander,OKC,202506130IND,"Jun 13, 2025",IND,35,24,10,30,56.45,61.62,-5.17,20,22,4,3,3,6,0,0,0,0,0,0,0,0,0,0,0,0,0,0,2,2,1,2
1631119,Jaylin Williams,OKC,202506130IND,"Jun 13, 2025",IND,27,18,11,23,54.0,59.11,-5.11,14,14,3,0,4,8,0,0,1,3,0,0,0,0,0,0,0,0,0,0,0,0,1,2
1630169,Tyrese Haliburton,IND,202506130IND,"Jun 13, 2025",OKC,18,15,3,16,45.0,55.15,-10.15,7,10,7,3,1,2,0,0,1,3,0,0,0,0,0,0,0,0,0,0,0,0,0,0
1629614,Andrew Nembhard,OKC,202506130IND,"Jun 13, 2025",IND,10,9,0,9,45.45,55.56,-10.11,5,4,4,6,0,0,0,0,0,0,0,0,0,0,0,0,0,0,0,0,0,0,0,0
1627936,Alex Caruso,OKC,202506130IND,"Jun 13, 2025",IND,20,9,7,12,74.07,82.78,-8.71,6,10,2,3,1,1,0,0,1,3,0,0,0,0,1,2,0,0,0,0,0,0,1,1
1641767,Ben Sheppard,IND,202506130IND,"Jun 13, 2025",OKC,3,1,0,1,100.0,150.0,-50.0,0,0,1,3,0,0,0,0,0,0,0,0,0,0,0,0,0,0,0,0,0,0,0,0
1630167,Obi Toppin,IND,202506130IND,"Jun 13, 2025",OKC,17,12,4,14,51.52,61.77,-10.25,7,10,5,6,0,0,0,0,0,0,0,0,0,0,1,1,0,0,0,0,0,0,1,0
1630598,Aaron Wiggins,OKC,202506130IND,"Jun 13, 2025",IND,1,3,2,4,11.11,12.89,-1.78,2,0,1,0,1,1,0,0,0,0,0,0,0,0,0,0,0,0,0,0,0,0,0,0
204456,T.J. McConnell,IND,202506130IND,"Jun 13, 2025",OKC,8,7,2,8,50.0,50.76,-0.76,7,6,0,0,1,2,0,0,0,0,0,0,0,0,0,0,0,0,0,0,0,0,0,0
1631097,Bennedict Mathurin,IND,202506130IND,"Jun 13, 2025",OKC,8,2,8,6,57.14,72.46,-15.32,0,0,2,3,2,3,0,0,0,0,0,0,0,0,0,0,0,0,0,0,0,0,2,2
1641717,Cason Wallace,OKC,202506130IND,"Jun 13, 2025",IND,2,5,0,5,16.67,20.0,-3.33,3,2,2,0,0,0,0,0,0,0,0,0,0,0,0,0,0,0,0,0,0,0,0,0
1630198,Isaiah Joe,OKC,202506130IND,"Jun 13, 2025",IND,0,1,0,1,0.0,0.0,0.0,0,0,1,0,0,0,0,0,0,0,0,0,0,0,0,0,0,0,0,0,0,0,0,0
1629026,Kenrich Williams,OKC,202506130IND,"Jun 13, 2025",IND,4,4,0,4,44.44,50.0,-5.56,3,4,1,0,0,0,0,0,0,0,0,0,0,0,0,0,0,0,0,0,0,0,0,0
1630174,Aaron Nesmith,IND,202506160OKC,"Jun 16, 2025",OKC,14,9,0,9,60.87,77.78,-16.91,4,2,5,12,0,0,0,0,0,0,0,0,0,0,0,0,0,0,0,0,0,0,0,0
1629652,Luguentz Dort,OKC,202506160OKC,"Jun 16, 2025",IND,9,7,0,7,45.0,64.29,-19.29,1,0,6,9,0,0,0,0,0,0,0,0,0,0,0,0,0,0,0,0,0,0,0,0
1628392,Isaiah Hartenstein,OKC,202506160OKC,"Jun 16, 2025",IND,4,2,4,4,50.0,53.19,-3.19,2,2,0,0,2,2,0,0,0,0,0,0,0,0,0,0,0,0,0,0,0,0,0,0
1629614,Andrew Nembhard,IND,202506160OKC,"Jun 16, 2025",OKC,7,8,1,8,36.84,41.47,-4.63,5,4,2,0,0,0,0,0,1,3,0,0,0,0,0,0,0,0,0,0,0,0,0,0
1628983,Shai Gilgeous-Alexander,OKC,202506160OKC,"Jun 16, 2025",IND,31,21,14,28,52.54,57.07,-4.53,17,16,3,0,4,8,0,0,1,3,0,0,1,1,0,0,0,0,0,0,0,0,2,3
1627783,Pascal Siakam,IND,202506160OKC,"Jun 16, 2025",OKC,28,15,8,19,63.64,75.59,-11.95,9,12,6,9,4,7,0,0,0,0,0,0,0,0,0,0,0,0,0,0,0,0,0,0
1631096,Chet Holmgren,OKC,202506160OKC,"Jun 16, 2025",IND,9,15,0,15,27.27,30.0,-2.73,12,6,3,3,0,0,0,0,0,0,0,0,0,0,0,0,0,0,0,0,0,0,0,0
1631119,Jaylin Williams,OKC,202506160OKC,"Jun 16, 2025",IND,40,25,12,30,59.7,66.05,-6.35,18,18,5,9,4,6,0,0,2,6,0,0,0,0,0,0,0,0,0,0,0,0,1,1
1626167,Myles Turner,IND,202506160OKC,"Jun 16, 2025",OKC,13,5,7,8,68.42,80.45,-12.03,2,2,2,3,3,6,0,0,1,2,0,0,0,0,0,0,0,0,0,0,0,0,0,0
1630169,Tyrese Haliburton,IND,202506160OKC,"Jun 16, 2025",OKC,4,6,4,8,20.0,25.77,-5.77,2,0,4,0,2,4,0,0,0,0,0,0,0,0,0,0,0,0,0,0,0,0,0,0
1630167,Obi Toppin,IND,202506160OKC,"Jun 16, 2025",OKC,12,11,2,12,41.38,50.51,-9.13,6,8,5,3,1,1,0,0,0,0,0,0,0,0,0,0,0,0,0,0,0,0,0,0
1627936,Alex Caruso,OKC,202506160OKC,"Jun 16, 2025",IND,2,8,0,8,10.53,12.5,-1.97,5,2,3,0,0,0,0,0,0,0,0,0,0,0,0,0,0,0,0,0,0,0,0,0
1630598,Aaron Wiggins,OKC,202506160OKC,"Jun 16, 2025",IND,14,10,2,11,48.28,64.34,-16.06,3,0,7,12,1,2,0,0,0,0,0,0,0,0,0,0,0,0,0,0,0,0,0,0
1631097,Bennedict Mathurin,IND,202506160OKC,"Jun 16, 2025",OKC,7,11,4,13,23.33,27.43,-4.1,7,2,4,3,2,2,0,0,0,0,0,0,0,0,0,0,0,0,0,0,0,0,0,0
204456,T.J. McConnell,IND,202506160OKC,"Jun 16, 2025",OKC,18,14,1,14,58.06,62.33,-4.27,11,12,2,3,0,0,0,0,1,3,0,0,0,0,0,0,0,0,0,0,0,0,0,0
1628396,Tony Bradley,IND,202506160OKC,"Jun 16, 2025",OKC,4,2,2,3,66.67,69.44,-2.77,2,2,0,0,1,2,0,0,0,0,0,0,0,0,0,0,0,0,0,0,0,0,0,0
1641717,Cason Wallace,OKC,202506160OKC,"Jun 16, 2025",IND,11,5,0,5,78.57,110.0,-31.43,1,2,4,9,0,0,0,0,0,0,0,0,0,0,0,0,0,0,0,0,0,0,0,0
1629026,Kenrich Williams,OKC,202506160OKC,"Jun 16, 2025",IND,0,1,0,1,0.0,0.0,0.0,0,0,1,0,0,0,0,0,0,0,0,0,0,0,0,0,0,0,0,0,0,0,0,0
1642277,Johnny Furphy,IND,202506160OKC,"Jun 16, 2025",OKC,2,1,1,1,66.67,69.44,-2.77,0,0,0,0,0,0,0,0,1,2,0,0,0,0,0,0,0,0,0,0,0,0,0,0
1631096,Chet Holmgren,OKC,202506190IND,"Jun 19, 2025",IND,4,9,0,9,19.05,22.22,-3.17,6,4,3,0,0,0,0,0,0,0,0,0,0,0,0,0,0,0,0,0,0,0,0,0
1628392,Isaiah Hartenstein,OKC,202506190IND,"Jun 19, 2025",IND,10,4,4,6,83.33,86.81,-3.48,4,6,0,0,2,4,0,0,0,0,0,0,0,0,0,0,0,0,0,0,0,0,0,0
1630169,Tyrese Haliburton,IND,202506190IND,"Jun 19, 2025",OKC,14,12,1,13,43.75,56.27,-12.52,5,4,7,9,0,0,0,0,0,0,0,0,0,0,0,0,0,0,0,0,1,1,0,0
1626167,Myles Turner,IND,202506190IND,"Jun 19, 2025",OKC,3,9,2,10,13.04,15.18,-2.14,6,2,3,0,1,1,0,0,0,0,0,0,0,0,0,0,0,0,0,0,0,0,0,0
1628983,Shai Gilgeous-Alexander,OKC,202506190IND,"Jun 19, 2025",IND,21,15,8,19,53.85,56.7,-2.85,13,12,1,0,2,3,0,0,1,3,0,0,1,1,0,0,0,0,0,0,0,0,1,2
1631119,Jaylin Williams,OKC,202506190IND,"Jun 19, 2025",IND,16,13,5,15,45.71,52.63,-6.92,8,10,4,0,2,3,0,0,1,3,0,0,0,0,0,0,0,0,0,0,0,0,0,0
1630174,Aaron Nesmith,IND,202506190IND,"Jun 19, 2025",OKC,10,8,3,9,40.0,53.65,-13.65,1,0,6,6,1,1,0,0,1,3,0,0,0,0,0,0,0,0,0,0,0,0,0,0
1627783,Pascal Siakam,IND,202506190IND,"Jun 19, 2025",OKC,16,14,3,15,47.06,52.22,-5.16,10,8,3,3,1,2,0,0,1,3,0,0,0,0,0,0,0,0,0,0,0,0,0,0
1629652,Luguentz Dort,IND,202506190IND,"Jun 19, 2025",OKC,3,5,0,5,20.0,30.0,-10.0,0,0,5,3,0,0,0,0,0,0,0,0,0,0,0,0,0,0,0,0,0,0,0,0
1627936,Alex Caruso,OKC,202506190IND,"Jun 19, 2025",IND,0,2,0,2,0.0,0.0,0.0,1,0,1,0,0,0,0,0,0,0,0,0,0,0,0,0,0,0,0,0,0,0,0,0
1629614,Andrew Nembhard,IND,202506190IND,"Jun 19, 2025",OKC,17,7,4,9,73.91,97.03,-23.12,2,4,5,9,2,4,0,0,0,0,0,0,0,0,0,0,0,0,0,0,0,0,0,0
1630598,Aaron Wiggins,OKC,202506190IND,"Jun 19, 2025",IND,5,4,2,5,35.71,51.23,-15.52,0,0,4,3,1,2,0,0,0,0,0,0,0,0,0,0,0,0,0,0,0,0,0,0
204456,T.J. McConnell,IND,202506190IND,"Jun 19, 2025",OKC,12,12,2,13,46.15,46.58,-0.43,12,12,0,0,1,0,0,0,0,0,0,0,0,0,0,0,0,0,0,0,0,0,0,0
1641767,Ben Sheppard,IND,202506190IND,"Jun 19, 2025",OKC,7,7,0,7,38.89,50.0,-11.11,3,4,4,3,0,0,0,0,0,0,0,0,0,0,0,0,0,0,0,0,0,0,0,0
1630167,Obi Toppin,IND,202506190IND,"Jun 19, 2025",OKC,20,12,6,15,54.05,68.31,-14.26,5,4,7,12,2,2,0,0,0,0,0,0,0,0,0,0,0,0,0,0,0,0,1,2
1641717,Cason Wallace,OKC,202506190IND,"Jun 19, 2025",IND,2,4,0,4,22.22,25.0,-2.78,3,2,1,0,0,0,0,0,0,0,0,0,0,0,0,0,0,0,0,0,0,0,0,0
1631097,Bennedict Mathurin,IND,202506190IND,"Jun 19, 2025",OKC,2,6,0,6,11.76,16.67,-4.91,1,2,5,0,0,0,0,0,0,0,0,0,0,0,0,0,0,0,0,0,0,0,0,0
1629026,Kenrich Williams,OKC,202506190IND,"Jun 19, 2025",IND,3,2,2,3,37.5,52.08,-14.58,0,0,2,3,1,0,0,0,0,0,0,0,0,0,0,0,0,0,0,0,0,0,0,0
1628396,Tony Bradley,IND,202506190IND,"Jun 19, 2025",OKC,3,2,2,3,50.0,52.08,-2.08,2,2,0,0,1,1,0,0,0,0,0,0,0,0,0,0,0,0,0,0,0,0,0,0
1630198,Isaiah Joe,OKC,202506190IND,"Jun 19, 2025",IND,11,4,3,6,78.57,103.38,-24.81,1,2,3,6,1,2,0,0,0,0,0,0,1,1,0,0,0,0,0,0,0,0,0,0
1641794,Dillon Jones,OKC,202506190IND,"Jun 19, 2025",IND,4,2,0,2,100.0,100.0,0.0,2,4,0,0,0,0,0,0,0,0,0,0,0,0,0,0,0,0,0,0,0,0,0,0
1628418,Thomas Bryant,IND,202506190IND,"Jun 19, 2025",OKC,4,2,2,3,50.0,69.44,-19.44,0,0,2,3,1,1,0,0,0,0,0,0,0,0,0,0,0,0,0,0,0,0,0,0
1642349,Ajay Mitchell,OKC,202506190IND,"Jun 19, 2025",IND,2,4,0,4,22.22,25.0,-2.78,3,2,1,0,0,0,0,0,0,0,0,0,0,0,0,0,0,0,0,0,0,0,0,0
1631172,Ousmane Dieng,OKC,202506190IND,"Jun 19, 2025",IND,3,3,0,3,37.5,50.0,-12.5,1,0,2,3,0,0,0,0,0,0,0,0,0,0,0,0,0,0,0,0,0,0,0,0
1630552,Jalen Johnson,IND,202506190IND,"Jun 19, 2025",OKC,0,1,0,1,0.0,0.0,0.0,1,0,0,0,0,0,0,0,0,0,0,0,0,0,0,0,0,0,0,0,0,0,0,0
1629614,Andrew Nembhard,IND,202506220OKC,"Jun 22, 2025",OKC,15,10,6,13,51.72,59.34,-7.62,7,4,3,6,2,4,0,0,0,0,0,0,0,0,0,0,0,0,0,0,0,0,1,1
1631119,Jaylin Williams,OKC,202506220OKC,"Jun 22, 2025",IND,20,20,6,23,37.74,44.17,-6.43,13,10,7,6,1,1,0,0,0,0,0,0,0,0,0,0,0,0,0,0,0,0,2,3
1630174,Aaron Nesmith,IND,202506220OKC,"Jun 22, 2025",OKC,3,5,0,5,23.08,30.0,-6.92,2,0,3,3,0,0,0,0,0,0,0,0,0,0,0,0,0,0,0,0,0,0,0,0
1629652,Luguentz Dort,IND,202506220OKC,"Jun 22, 2025",OKC,9,10,2,11,29.03,41.36,-12.33,1,2,9,6,1,1,0,0,0,0,0,0,0,0,0,0,0,0,0,0,0,0,0,0
1626167,Myles Turner,IND,202506220OKC,"Jun 22, 2025",OKC,6,4,4,6,40.0,52.08,-12.08,1,2,3,3,2,1,0,0,0,0,0,0,0,0,0,0,0,0,0,0,0,0,0,0
1631096,Chet Holmgren,OKC,202506220OKC,"Jun 22, 2025",IND,18,8,8,12,69.23,78.12,-8.89,6,10,2,3,2,2,0,0,0,0,0,0,0,0,0,0,0,0,0,0,0,0,2,3
1628983,Shai Gilgeous-Alexander,OKC,202506220OKC,"Jun 22, 2025",IND,29,27,12,33,37.18,44.92,-7.74,15,12,12,6,4,7,0,0,0,0,0,0,0,0,0,0,0,0,0,0,0,0,2,4
1627783,Pascal Siakam,IND,202506220OKC,"Jun 22, 2025",OKC,16,13,7,16,42.11,49.75,-7.64,7,4,5,6,2,2,0,0,1,2,0,0,0,0,0,0,0,0,0,0,0,0,1,2
1630169,Tyrese Haliburton,IND,202506220OKC,"Jun 22, 2025",OKC,9,5,0,5,64.29,90.0,-25.71,1,0,4,9,0,0,0,0,0,0,0,0,0,0,0,0,0,0,0,0,0,0,0,0
1631097,Bennedict Mathurin,IND,202506220OKC,"Jun 22, 2025",OKC,24,14,10,19,55.81,65.22,-9.41,9,8,5,6,5,10,0,0,0,0,0,0,0,0,0,0,0,0,0,0,0,0,0,0
1627936,Alex Caruso,OKC,202506220OKC,"Jun 22, 2025",IND,10,10,0,10,40.0,50.0,-10.0,5,4,5,6,0,0,0,0,0,0,0,0,0,0,0,0,0,0,0,0,0,0,0,0
1630167,Obi Toppin,IND,202506220OKC,"Jun 22, 2025",OKC,0,4,0,4,0.0,0.0,0.0,1,0,3,0,0,0,0,0,0,0,0,0,0,0,0,0,0,0,0,0,0,0,0,0
1628392,Isaiah Hartenstein,OKC,202506220OKC,"Jun 22, 2025",IND,7,4,3,5,63.64,65.79,-2.15,3,4,0,0,1,0,0,0,1,3,0,0,0,0,0,0,0,0,0,0,0,0,0,0
1641767,Ben Sheppard,IND,202506220OKC,"Jun 22, 2025",OKC,0,1,0,1,0.0,0.0,0.0,0,0,1,0,0,0,0,0,0,0,0,0,0,0,0,0,0,0,0,0,0,0,0,0
1641717,Cason Wallace,OKC,202506220OKC,"Jun 22, 2025",IND,10,6,0,6,66.67,83.33,-16.66,3,4,3,6,0,0,0,0,0,0,0,0,0,0,0,0,0,0,0,0,0,0,0,0
204456,T.J. McConnell,IND,202506220OKC,"Jun 22, 2025",OKC,16,13,0,13,61.54,61.54,0.0,13,16,0,0,0,0,0,0,0,0,0,0,0,0,0,0,0,0,0,0,0,0,0,0
1629026,Kenrich Williams,OKC,202506220OKC,"Jun 22, 2025",IND,0,1,0,1,0.0,0.0,0.0,0,0,1,0,0,0,0,0,0,0,0,0,0,0,0,0,0,0,0,0,0,0,0,0
1630598,Aaron Wiggins,OKC,202506220OKC,"Jun 22, 2025",IND,0,1,0,1,0.0,0.0,0.0,0,0,1,0,0,0,0,0,0,0,0,0,0,0,0,0,0,0,0,0,0,0,0,0
1628396,Tony Bradley,IND,202506220OKC,"Jun 22, 2025",OKC,2,0,2,1,100.0,113.64,-13.64,0,0,0,0,1,2,0,0,0,0,0,0,0,0,0,0,0,0,0,0,0,0,0,0
1628418,Thomas Bryant,IND,202506220OKC,"Jun 22, 2025",OKC,0,1,0,1,0.0,0.0,0.0,0,0,1,0,0,0,0,0,0,0,0,0,0,0,0,0,0,0,0,0,0,0,0,0
