player_id,player_name,team_abbr,game_id,game_date,opponent,pts,fga,fta,scoring_poss,pure_ts_pct,standard_ts_pct,delta_pp,C1a_events,C1a_pts,C1b_events,C1b_pts,C2_events,C2_pts,C3_events,C3_pts,C4_events,C4_pts,C5_events,C5_pts,C6a_events,C6a_pts,C6b_events,C6b_pts,C6c_events,C6c_pts,C6d_events,C6d_pts,C6e_events,C6e_pts,C6f_events,C6f_pts
165,Hakeem Olajuwon,HOU,199704240HOU,"Apr 24, 1997",MIN,18,13,5,15,58.06,59.21,-1.15,12,12,0,0,2,4,0,0,1,2,0,0,0,0,0,0,0,0,0,0,0,0,0,0
708,Kevin Garnett,MIN,199704240HOU,"Apr 24, 1997",HOU,21,21,0,21,48.84,50.0,-1.16,20,18,1,3,0,0,0,0,0,0,0,0,0,0,0,0,0,0,0,0,0,0,0,0
339,Tom Gugliotta,MIN,199704240HOU,"Apr 24, 1997",HOU,11,12,2,13,42.31,42.7,-0.39,11,8,0,0,0,0,0,0,1,2,0,0,1,1,0,0,0,0,0,0,0,0,0,0
17,Clyde Drexler,HOU,199704240HOU,"Apr 24, 1997",MIN,8,13,0,13,26.67,30.77,-4.1,9,8,4,0,0,0,0,0,0,0,0,0,0,0,0,0,0,0,0,0,0,0,0,0
787,Charles Barkley,HOU,199704240HOU,"Apr 24, 1997",MIN,15,7,10,12,60.0,65.79,-5.79,6,6,1,3,3,3,0,0,0,0,0,0,0,0,0,0,0,0,0,0,0,0,2,3
950,Stephon Marbury,MIN,199704240HOU,"Apr 24, 1997",HOU,28,19,6,22,52.83,64.7,-11.87,10,12,9,12,2,3,0,0,0,0,0,0,0,0,0,0,0,0,0,0,0,0,1,1
28,Doug West,HOU,199704240HOU,"Apr 24, 1997",MIN,4,4,2,5,40.0,40.98,-0.98,4,2,0,0,1,2,0,0,0,0,0,0,0,0,0,0,0,0,0,0,0,0,0,0
1074,Matt Maloney,HOU,199704240HOU,"Apr 24, 1997",MIN,14,11,0,11,48.28,63.64,-15.36,4,2,7,12,0,0,0,0,0,0,0,0,0,0,0,0,0,0,0,0,0,0,0,0
1051,Dean Garrett,MIN,199704240HOU,"Apr 24, 1997",HOU,8,7,3,8,47.06,48.08,-1.02,6,4,0,0,1,1,0,0,1,3,0,0,0,0,0,0,0,0,0,0,0,0,0,0
53,Mario Elie,HOU,199704240HOU,"Apr 24, 1997",MIN,21,13,3,14,58.33,73.32,-14.99,5,4,7,12,0,0,0,0,1,3,0,0,0,0,0,0,0,0,0,0,0,0,1,2
788,Kevin Willis,HOU,199704240HOU,"Apr 24, 1997",MIN,15,9,8,12,57.69,59.9,-2.21,7,6,0,0,1,1,0,0,2,4,0,0,0,0,0,0,0,0,0,0,0,0,2,4
9,Sedale Threatt,HOU,199704240HOU,"Apr 24, 1997",MIN,0,1,0,1,0.0,0.0,0.0,0,0,1,0,0,0,0,0,0,0,0,0,0,0,0,0,0,0,0,0,0,0,0,0
698,Eddie Johnson,HOU,199704240HOU,"Apr 24, 1997",MIN,13,15,3,16,34.21,39.83,-5.62,9,8,5,0,1,2,0,0,1,3,0,0,0,0,0,0,0,0,0,0,0,0,0,0
685,Cherokee Parks,MIN,199704240HOU,"Apr 24, 1997",HOU,4,3,0,3,66.67,66.67,0.0,3,4,0,0,0,0,0,0,0,0,0,0,0,0,0,0,0,0,0,0,0,0,0,0
417,Sam Mitchell,MIN,199704240HOU,"Apr 24, 1997",HOU,7,5,5,7,46.67,48.61,-1.94,4,2,0,0,2,3,0,0,1,2,0,0,0,0,0,0,0,0,0,0,0,0,0,0
988,Randy Livingston,HOU,199704240HOU,"Apr 24, 1997",MIN,3,2,0,2,60.0,75.0,-15.0,1,0,1,3,0,0,0,0,0,0,0,0,0,0,0,0,0,0,0,0,0,0,0,0
381,James Robinson,MIN,199704240HOU,"Apr 24, 1997",HOU,3,5,0,5,21.43,30.0,-8.57,1,0,4,3,0,0,0,0,0,0,0,0,0,0,0,0,0,0,0,0,0,0,0,0
345,Terry Porter,MIN,199704240HOU,"Apr 24, 1997",HOU,3,3,0,3,37.5,50.0,-12.5,1,0,2,3,0,0,0,0,0,0,0,0,0,0,0,0,0,0,0,0,0,0,0,0
713,Chris Carr,MIN,199704240HOU,"Apr 24, 1997",HOU,0,2,0,2,0.0,0.0,0.0,0,0,2,0,0,0,0,0,0,0,0,0,0,0,0,0,0,0,0,0,0,0,0,0
1037,Stojko Vrankovic,MIN,199704240HOU,"Apr 24, 1997",HOU,0,2,0,2,0.0,0.0,0.0,2,0,0,0,0,0,0,0,0,0,0,0,0,0,0,0,0,0,0,0,0,0,0,0
672,Matt Bullard,HOU,199704240HOU,"Apr 24, 1997",MIN,3,1,0,1,100.0,150.0,-50.0,0,0,1,3,0,0,0,0,0,0,0,0,0,0,0,0,0,0,0,0,0,0,0,0
970,Othella Harrington,HOU,199704240HOU,"Apr 24, 1997",MIN,2,0,2,1,100.0,113.64,-13.64,0,0,0,0,0,0,0,0,0,0,0,0,0,0,0,0,0,0,0,0,0,0,1,2
1049,Shane Heal,MIN,199704240HOU,"Apr 24, 1997",HOU,6,2,0,2,100.0,150.0,-50.0,0,0,2,6,0,0,0,0,0,0,0,0,0,0,0,0,0,0,0,0,0,0,0,0
702,Voshon Lenard,MIA,199704240MIA,"Apr 24, 1997",ORL,24,13,2,14,64.86,86.46,-21.6,4,4,9,18,1,2,0,0,0,0,0,0,0,0,0,0,0,0,0,0,0,0,0,0
896,Tim Hardaway,MIA,199704240MIA,"Apr 24, 1997",ORL,13,13,2,14,38.24,46.83,-8.59,7,8,6,3,1,2,0,0,0,0,0,0,0,0,0,0,0,0,0,0,0,0,0,0
400,Derek Strong,MIA,199704240MIA,"Apr 24, 1997",ORL,15,14,4,16,46.88,47.59,-0.71,14,12,0,0,2,3,0,0,0,0,0,0,0,0,0,0,0,0,0,0,0,0,0,0
938,Rony Seikaly,ORL,199704240MIA,"Apr 24, 1997",MIA,7,12,5,14,24.14,24.65,-0.51,11,2,0,0,2,2,0,0,1,3,0,0,0,0,0,0,0,0,0,0,0,0,0,0
136,P.J. Brown,MIA,199704240MIA,"Apr 24, 1997",ORL,4,5,0,5,40.0,40.0,0.0,5,4,0,0,0,0,0,0,0,0,0,0,0,0,0,0,0,0,0,0,0,0,0,0
297,Alonzo Mourning,MIA,199704240MIA,"Apr 24, 1997",ORL,12,13,0,13,46.15,46.15,0.0,13,12,0,0,0,0,0,0,0,0,0,0,0,0,0,0,0,0,0,0,0,0,0,0
98,Nick Anderson,ORL,199704240MIA,"Apr 24, 1997",MIA,8,12,0,12,32.0,33.33,-1.33,11,8,1,0,0,0,0,0,0,0,0,0,0,0,0,0,0,0,0,0,0,0,0,0
358,Anfernee Hardaway,ORL,199704240MIA,"Apr 24, 1997",MIA,13,16,3,17,34.21,37.53,-3.32,12,8,3,3,1,0,0,0,1,2,0,0,0,0,0,0,0,0,0,0,0,0,0,0
469,Jamal Mashburn,ORL,199704240MIA,"Apr 24, 1997",MIA,9,11,2,12,32.14,37.88,-5.74,7,4,4,3,1,2,0,0,0,0,0,0,0,0,0,0,0,0,0,0,0,0,0,0
173,Keith Askins,MIA,199704240MIA,"Apr 24, 1997",ORL,5,5,0,5,41.67,50.0,-8.33,3,2,2,3,0,0,0,0,0,0,0,0,0,0,0,0,0,0,0,0,0,0,0,0
192,Dennis Scott,ORL,199704240MIA,"Apr 24, 1997",MIA,5,5,0,5,41.67,50.0,-8.33,3,2,2,3,0,0,0,0,0,0,0,0,0,0,0,0,0,0,0,0,0,0,0,0
7,Dan Schayes,ORL,199704240MIA,"Apr 24, 1997",MIA,0,4,0,4,0.0,0.0,0.0,4,0,0,0,0,0,0,0,0,0,0,0,0,0,0,0,0,0,0,0,0,0,0,0
216,Brian Shaw,ORL,199704240MIA,"Apr 24, 1997",MIA,1,6,2,7,6.25,7.27,-1.02,4,0,2,0,1,1,0,0,0,0,0,0,0,0,0,0,0,0,0,0,0,0,0,0
786,Gerald Wilkins,ORL,199704240MIA,"Apr 24, 1997",MIA,9,10,2,11,36.0,41.36,-5.36,7,4,3,3,1,2,0,0,0,0,0,0,0,0,0,0,0,0,0,0,0,0,0,0
105,Dan Majerle,MIA,199704240MIA,"Apr 24, 1997",ORL,15,12,0,12,46.88,62.5,-15.62,4,6,8,9,0,0,0,0,0,0,0,0,0,0,0,0,0,0,0,0,0,0,0,0
1134,Ike Austin,MIA,199704240MIA,"Apr 24, 1997",ORL,8,6,2,7,57.14,58.14,-1.0,6,6,0,0,1,2,0,0,0,0,0,0,0,0,0,0,0,0,0,0,0,0,0,0
180,John Crotty,MIA,199704240MIA,"Apr 24, 1997",ORL,5,3,0,3,62.5,83.33,-20.83,1,2,2,3,0,0,0,0,0,0,0,0,0,0,0,0,0,0,0,0,0,0,0,0
1110,Mark Strickland,MIA,199704240MIA,"Apr 24, 1997",ORL,0,2,2,3,0.0,0.0,0.0,2,0,0,0,1,0,0,0,0,0,0,0,0,0,0,0,0,0,0,0,0,0,0,0
353,Darrell Armstrong,ORL,199704240MIA,"Apr 24, 1997",MIA,2,3,0,3,28.57,33.33,-4.76,2,2,1,0,0,0,0,0,0,0,0,0,0,0,0,0,0,0,0,0,0,0,0,0
335,Willie Anderson,MIA,199704240MIA,"Apr 24, 1997",ORL,2,2,0,2,50.0,50.0,0.0,2,2,0,0,0,0,0,0,0,0,0,0,0,0,0,0,0,0,0,0,0,0,0,0
291,Ed Pinckney,MIA,199704240MIA,"Apr 24, 1997",ORL,2,2,0,2,50.0,50.0,0.0,2,2,0,0,0,0,0,0,0,0,0,0,0,0,0,0,0,0,0,0,0,0,0,0
967,Brian Evans,ORL,199704240MIA,"Apr 24, 1997",MIA,2,1,0,1,100.0,100.0,0.0,1,2,0,0,0,0,0,0,0,0,0,0,0,0,0,0,0,0,0,0,0,0,0,0
1043,Amal McCaskill,ORL,199704240MIA,"Apr 24, 1997",MIA,2,2,1,2,40.0,40.98,-0.98,1,0,0,0,0,0,0,0,1,2,0,0,0,0,0,0,0,0,0,0,0,0,0,0
275,Allan Houston,NYK,199704240NYK,"Apr 24, 1997",CHA,25,17,1,17,59.52,71.67,-12.15,9,10,7,12,0,0,0,0,1,3,0,0,0,0,0,0,0,0,0,0,0,0,0,0
779,Glen Rice,CHA,199704240NYK,"Apr 24, 1997",NYK,22,17,2,18,55.0,61.52,-6.52,13,14,4,6,0,0,0,0,0,0,0,0,0,0,0,0,0,0,0,0,0,0,1,2
124,Vlade Divac,CHA,199704240NYK,"Apr 24, 1997",NYK,27,18,6,21,62.79,65.41,-2.62,17,22,1,0,2,4,0,0,0,0,0,0,0,0,0,0,0,0,0,0,0,0,1,1
913,Larry Johnson,NYK,199704240NYK,"Apr 24, 1997",CHA,20,13,2,13,62.5,72.05,-9.55,7,8,4,6,0,0,0,0,2,6,0,0,0,0,0,0,0,0,0,0,0,0,0,0
164,Chris Childs,NYK,199704240NYK,"Apr 24, 1997",CHA,14,9,4,11,58.33,65.06,-6.73,7,10,2,0,0,0,0,0,0,0,0,0,0,0,0,0,0,0,0,0,0,0,2,4
193,Anthony Mason,CHA,199704240NYK,"Apr 24, 1997",NYK,12,12,2,13,46.15,46.58,-0.43,12,10,0,0,0,0,0,0,0,0,0,0,0,0,0,0,0,0,0,0,0,0,1,2
177,Muggsy Bogues,CHA,199704240NYK,"Apr 24, 1997",NYK,13,6,2,7,76.47,94.48,-18.01,3,2,3,9,0,0,0,0,0,0,0,0,0,0,0,0,0,0,0,0,0,0,1,2
121,Patrick Ewing,NYK,199704240NYK,"Apr 24, 1997",CHA,15,11,4,13,57.69,58.78,-1.09,11,14,0,0,2,1,0,0,0,0,0,0,0,0,0,0,0,0,0,0,0,0,0,0
891,Charles Oakley,CHA,199704240NYK,"Apr 24, 1997",NYK,9,9,3,10,42.86,43.6,-0.74,8,6,0,0,1,1,0,0,1,2,0,0,0,0,0,0,0,0,0,0,0,0,0,0
209,Dell Curry,CHA,199704240NYK,"Apr 24, 1997",NYK,4,8,2,9,19.05,22.52,-3.47,5,2,3,0,0,0,0,0,0,0,0,0,0,0,0,0,0,0,0,0,0,0,1,2
317,John Starks,NYK,199704240NYK,"Apr 24, 1997",CHA,19,14,0,14,55.88,67.86,-11.98,8,10,6,9,0,0,0,0,0,0,0,0,0,0,0,0,0,0,0,0,0,0,0,0
433,Buck Williams,NYK,199704240NYK,"Apr 24, 1997",CHA,2,1,0,1,100.0,100.0,0.0,1,2,0,0,0,0,0,0,0,0,0,0,0,0,0,0,0,0,0,0,0,0,0,0
960,Tony Delk,CHA,199704240NYK,"Apr 24, 1997",NYK,13,9,0,9,56.52,72.22,-15.7,4,4,5,9,0,0,0,0,0,0,0,0,0,0,0,0,0,0,0,0,0,0,0,0
990,Malik Rose,CHA,199704240NYK,"Apr 24, 1997",NYK,2,1,0,1,100.0,100.0,0.0,1,2,0,0,0,0,0,0,0,0,0,0,0,0,0,0,0,0,0,0,0,0,0,0
369,Charlie Ward,NYK,199704240NYK,"Apr 24, 1997",CHA,5,3,0,3,62.5,83.33,-20.83,1,2,2,3,0,0,0,0,0,0,0,0,0,0,0,0,0,0,0,0,0,0,0,0
761,Matt Geiger,CHA,199704240NYK,"Apr 24, 1997",NYK,4,2,2,3,66.67,69.44,-2.77,2,2,0,0,1,2,0,0,0,0,0,0,0,0,0,0,0,0,0,0,0,0,0,0
894,Ricky Pierce,CHA,199704240NYK,"Apr 24, 1997",NYK,2,5,0,5,15.38,20.0,-4.62,2,2,3,0,0,0,0,0,0,0,0,0,0,0,0,0,0,0,0,0,0,0,0,0
304,John Stockton,UTA,199704240UTA,"Apr 24, 1997",LAC,13,9,2,10,56.52,65.79,-9.27,6,6,3,6,1,1,0,0,0,0,0,0,0,0,0,0,0,0,0,0,0,0,0,0
919,Loy Vaught,LAC,199704240UTA,"Apr 24, 1997",UTA,20,15,2,16,62.5,62.97,-0.47,15,18,0,0,1,2,0,0,0,0,0,0,0,0,0,0,0,0,0,0,0,0,0,0
239,Darrick Martin,LAC,199704240UTA,"Apr 24, 1997",UTA,11,6,0,6,64.71,91.67,-26.96,1,2,5,9,0,0,0,0,0,0,0,0,0,0,0,0,0,0,0,0,0,0,0,0
252,Karl Malone,UTA,199704240UTA,"Apr 24, 1997",LAC,27,27,6,30,45.0,45.55,-0.55,27,26,0,0,2,1,0,0,0,0,0,0,0,0,0,0,0,0,0,0,0,0,1,0
935,Bryon Russell,UTA,199704240UTA,"Apr 24, 1997",LAC,16,8,4,9,72.73,81.97,-9.24,4,6,2,3,0,0,0,0,2,5,0,0,0,0,0,0,0,0,0,0,0,0,1,2
915,Rodney Rogers,UTA,199704240UTA,"Apr 24, 1997",LAC,5,8,1,8,26.32,29.62,-3.3,5,2,2,0,0,0,0,0,1,3,0,0,0,0,0,0,0,0,0,0,0,0,0,0
907,Malik Sealy,UTA,199704240UTA,"Apr 24, 1997",LAC,12,11,6,14,41.38,43.99,-2.61,10,8,1,0,3,4,0,0,0,0,0,0,0,0,0,0,0,0,0,0,0,0,0,0
953,Lorenzen Wright,LAC,199704240UTA,"Apr 24, 1997",UTA,6,13,0,13,23.08,23.08,0.0,13,6,0,0,0,0,0,0,0,0,0,0,0,0,0,0,0,0,0,0,0,0,0,0
204,Jeff Hornacek,UTA,199704240UTA,"Apr 24, 1997",LAC,12,8,8,12,46.15,52.08,-5.93,6,4,2,0,2,4,0,0,0,0,0,0,0,0,0,0,0,0,0,0,0,0,2,4
441,Lamond Murray,LAC,199704240UTA,"Apr 24, 1997",UTA,2,5,0,5,16.67,20.0,-3.33,3,2,2,0,0,0,0,0,0,0,0,0,0,0,0,0,0,0,0,0,0,0,0,0
731,Greg Ostertag,UTA,199704240UTA,"Apr 24, 1997",LAC,2,2,0,2,50.0,50.0,0.0,2,2,0,0,0,0,0,0,0,0,0,0,0,0,0,0,0,0,0,0,0,0,0,0
458,Howard Eisley,UTA,199704240UTA,"Apr 24, 1997",LAC,10,3,5,5,83.33,96.15,-12.82,1,0,1,3,1,2,0,0,1,3,0,0,0,0,0,0,0,0,0,0,0,0,1,2
323,Greg Foster,UTA,199704240UTA,"Apr 24, 1997",LAC,4,5,0,5,40.0,40.0,0.0,5,4,0,0,0,0,0,0,0,0,0,0,0,0,0,0,0,0,0,0,0,0,0,0
699,Brent Barry,LAC,199704240UTA,"Apr 24, 1997",UTA,5,6,1,7,31.25,38.82,-7.57,3,4,3,0,0,0,0,0,0,0,0,0,1,1,0,0,0,0,0,0,0,0,0,0
228,Adam Keefe,UTA,199704240UTA,"Apr 24, 1997",LAC,0,1,0,1,0.0,0.0,0.0,1,0,0,0,0,0,0,0,0,0,0,0,0,0,0,0,0,0,0,0,0,0,0,0
156,Antoine Carr,UTA,199704240UTA,"Apr 24, 1997",LAC,12,4,4,6,100.0,104.17,-4.17,4,8,0,0,2,4,0,0,0,0,0,0,0,0,0,0,0,0,0,0,0,0,0,0
1000,Shandon Anderson,UTA,199704240UTA,"Apr 24, 1997",LAC,10,6,2,7,71.43,72.67,-1.24,6,8,0,0,0,0,0,0,0,0,0,0,0,0,0,0,0,0,0,0,0,0,1,2
448,Bo Outlaw,LAC,199704240UTA,"Apr 24, 1997",UTA,13,8,6,11,56.52,61.09,-4.57,7,10,1,0,1,1,0,0,0,0,0,0,0,0,0,0,0,0,0,0,0,0,2,2
15,Eric Piatkowski,LAC,199704240UTA,"Apr 24, 1997",UTA,8,5,1,6,61.54,73.53,-11.99,3,4,2,3,0,0,0,0,0,0,0,0,1,1,0,0,0,0,0,0,0,0,0,0
71,Pooh Richardson,LAC,199704240UTA,"Apr 24, 1997",UTA,2,3,1,3,25.0,29.07,-4.07,1,0,1,0,0,0,0,0,1,2,0,0,0,0,0,0,0,0,0,0,0,0,0,0
143,Terry Dehere,LAC,199704240UTA,"Apr 24, 1997",UTA,0,1,0,1,0.0,0.0,0.0,0,0,1,0,0,0,0,0,0,0,0,0,0,0,0,0,0,0,0,0,0,0,0,0
316,Richard Manning,LAC,199704240UTA,"Apr 24, 1997",UTA,2,0,2,1,100.0,113.64,-13.64,0,0,0,0,0,0,0,0,0,0,0,0,0,0,0,0,0,0,0,0,0,0,1,2
87,Dikembe Mutombo,ATL,199704250ATL,"Apr 25, 1997",DET,26,14,6,16,76.47,78.12,-1.65,12,16,0,0,0,0,0,0,2,6,0,0,0,0,0,0,0,0,0,0,0,0,2,4
247,Joe Dumars,DET,199704250ATL,"Apr 25, 1997",ATL,17,16,3,18,41.46,49.08,-7.62,10,12,6,3,1,1,0,0,0,0,0,0,1,1,0,0,0,0,0,0,0,0,0,0
363,Christian Laettner,ATL,199704250ATL,"Apr 25, 1997",DET,18,13,8,16,51.43,54.48,-3.05,10,6,1,0,2,4,0,0,2,6,0,0,0,0,0,0,0,0,0,0,0,0,1,2
901,Otis Thorpe,DET,199704250ATL,"Apr 25, 1997",ATL,9,13,2,14,32.14,32.42,-0.28,13,8,0,0,1,1,0,0,0,0,0,0,0,0,0,0,0,0,0,0,0,0,0,0
255,Grant Hill,DET,199704250ATL,"Apr 25, 1997",ATL,20,19,5,21,46.51,47.17,-0.66,18,14,0,0,2,4,0,0,1,2,0,0,0,0,0,0,0,0,0,0,0,0,0,0
120,Steven Smith,ATL,199704250ATL,"Apr 25, 1997",DET,17,13,4,16,50.0,57.59,-7.59,9,10,4,3,0,0,0,0,0,0,0,0,2,2,0,0,0,0,0,0,0,0,1,2
302,Mookie Blaylock,ATL,199704250ATL,"Apr 25, 1997",DET,13,14,2,14,37.14,43.68,-6.54,7,2,5,6,0,0,0,0,2,5,0,0,0,0,0,0,0,0,0,0,0,0,0,0
283,Lindsey Hunter,ATL,199704250ATL,"Apr 25, 1997",DET,9,9,2,10,34.62,45.55,-10.93,3,2,6,6,0,0,0,0,0,0,0,0,0,0,0,0,0,0,0,0,0,0,1,1
371,Terry Mills,DET,199704250ATL,"Apr 25, 1997",ATL,11,10,4,12,40.74,46.77,-6.03,7,6,3,3,1,0,0,0,0,0,0,0,0,0,0,0,0,0,0,0,0,0,1,2
895,Tyrone Corbin,ATL,199704250ATL,"Apr 25, 1997",DET,11,9,4,11,42.31,51.12,-8.81,5,4,4,3,1,2,0,0,0,0,0,0,0,0,1,2,0,0,0,0,0,0,0,0
673,Alan Henderson,ATL,199704250ATL,"Apr 25, 1997",DET,4,3,0,3,66.67,66.67,0.0,3,4,0,0,0,0,0,0,0,0,0,0,0,0,0,0,0,0,0,0,0,0,0,0
3,Grant Long,DET,199704250ATL,"Apr 25, 1997",ATL,4,4,0,4,44.44,50.0,-5.56,3,4,1,0,0,0,0,0,0,0,0,0,0,0,0,0,0,0,0,0,0,0,0,0
243,Aaron McKie,DET,199704250ATL,"Apr 25, 1997",ATL,4,3,0,3,57.14,66.67,-9.53,2,4,1,0,0,0,0,0,0,0,0,0,0,0,0,0,0,0,0,0,0,0,0,0
689,Theo Ratliff,DET,199704250ATL,"Apr 25, 1997",ATL,1,0,2,1,50.0,56.82,-6.82,0,0,0,0,1,1,0,0,0,0,0,0,0,0,0,0,0,0,0,0,0,0,0,0
241,Darrin Hancock,ATL,199704250ATL,"Apr 25, 1997",DET,0,1,0,1,0.0,0.0,0.0,1,0,0,0,0,0,0,0,0,0,0,0,0,0,0,0,0,0,0,0,0,0,0,0
1080,Henry James,ATL,199704250ATL,"Apr 25, 1997",DET,0,1,0,1,0.0,0.0,0.0,0,0,1,0,0,0,0,0,0,0,0,0,0,0,0,0,0,0,0,0,0,0,0,0
49,Gheorghe Muresan,WAS,199704250CHI,"Apr 25, 1997",CHI,12,5,4,7,85.71,88.76,-3.05,5,8,0,0,1,2,0,0,0,0,0,0,0,0,0,0,0,0,0,0,0,0,1,2
185,Chris Webber,CHI,199704250CHI,"Apr 25, 1997",WAS,8,7,0,7,44.44,57.14,-12.7,3,2,4,6,0,0,0,0,0,0,0,0,0,0,0,0,0,0,0,0,0,0,0,0
679,Jason Caffey,CHI,199704250CHI,"Apr 25, 1997",WAS,7,6,4,8,43.75,45.1,-1.35,6,4,0,0,2,3,0,0,0,0,0,0,0,0,0,0,0,0,0,0,0,0,0,0
26,Luc Longley,CHI,199704250CHI,"Apr 25, 1997",WAS,9,10,2,11,40.91,41.36,-0.45,10,8,0,0,1,1,0,0,0,0,0,0,0,0,0,0,0,0,0,0,0,0,0,0
393,Rod Strickland,WAS,199704250CHI,"Apr 25, 1997",CHI,19,16,6,19,50.0,50.97,-0.97,16,16,0,0,1,2,0,0,0,0,0,0,0,0,0,0,0,0,0,0,0,0,2,1
384,Calbert Cheaney,WAS,199704250CHI,"Apr 25, 1997",CHI,11,14,2,15,36.67,36.96,-0.29,14,10,0,0,0,0,0,0,0,0,0,0,0,0,0,0,0,0,0,0,0,0,1,1
893,Michael Jordan,CHI,199704250CHI,"Apr 25, 1997",WAS,29,25,5,28,51.79,53.31,-1.52,24,24,1,0,1,2,0,0,0,0,0,0,1,1,0,0,0,0,0,0,0,0,1,2
937,Scottie Pippen,CHI,199704250CHI,"Apr 25, 1997",WAS,16,16,5,18,38.1,43.96,-5.86,11,8,5,3,0,0,1,3,0,0,0,0,0,0,0,0,0,0,0,0,0,0,1,2
436,Juwan Howard,WAS,199704250CHI,"Apr 25, 1997",CHI,21,15,9,19,53.85,55.38,-1.53,13,10,0,0,2,3,0,0,2,6,0,0,1,0,0,0,0,0,0,0,0,0,1,2
166,Ron Harper,CHI,199704250CHI,"Apr 25, 1997",WAS,8,9,2,10,32.0,40.49,-8.49,4,4,5,3,1,1,0,0,0,0,0,0,0,0,0,0,0,0,0,0,0,0,0,0
265,Harvey Grant,WAS,199704250CHI,"Apr 25, 1997",CHI,0,1,0,1,0.0,0.0,0.0,1,0,0,0,0,0,0,0,0,0,0,0,0,0,0,0,0,0,0,0,0,0,0,0
23,Dennis Rodman,CHI,199704250CHI,"Apr 25, 1997",WAS,1,3,2,4,12.5,12.89,-0.39,3,0,0,0,0,0,0,0,0,0,0,0,0,0,0,0,0,0,0,0,0,0,1,1
389,Toni Kukoc,CHI,199704250CHI,"Apr 25, 1997",WAS,7,10,6,13,23.33,27.69,-4.36,6,2,4,0,3,5,0,0,0,0,0,0,0,0,0,0,0,0,0,0,0,0,0,0
145,Tracy Murray,WAS,199704250CHI,"Apr 25, 1997",CHI,13,5,4,7,72.22,96.15,-23.93,1,0,4,9,0,0,1,3,0,0,0,0,1,1,0,0,0,0,0,0,0,0,0,0
753,Randy Brown,CHI,199704250CHI,"Apr 25, 1997",WAS,0,1,0,1,0.0,0.0,0.0,1,0,0,0,0,0,0,0,0,0,0,0,0,0,0,0,0,0,0,0,0,0,0,0
100,Tim Legler,WAS,199704250CHI,"Apr 25, 1997",CHI,1,2,2,3,14.29,17.36,-3.07,1,0,1,0,1,1,0,0,0,0,0,0,0,0,0,0,0,0,0,0,0,0,0,0
70,Steve Kerr,CHI,199704250CHI,"Apr 25, 1997",WAS,13,5,2,6,86.67,110.54,-23.87,2,2,3,9,1,2,0,0,0,0,0,0,0,0,0,0,0,0,0,0,0,0,0,0
183,Bison Dele,CHI,199704250CHI,"Apr 25, 1997",WAS,8,7,1,7,53.33,53.76,-0.43,6,6,0,0,0,0,0,0,1,2,0,0,0,0,0,0,0,0,0,0,0,0,0,0
43,Chris Whitney,WAS,199704250CHI,"Apr 25, 1997",CHI,1,2,1,3,16.67,20.49,-3.82,1,0,1,0,0,0,0,0,0,0,0,0,1,1,0,0,0,0,0,0,0,0,0,0
1114,Jaren Jackson,WAS,199704250CHI,"Apr 25, 1997",CHI,0,0,2,1,0.0,0.0,0.0,0,0,0,0,1,0,0,0,0,0,0,0,0,0,0,0,0,0,0,0,0,0,0,0
739,Rasheed Wallace,LAL,199704250LAL,"Apr 25, 1997",POR,18,15,9,19,45.0,47.47,-2.47,13,12,1,0,3,2,0,0,1,3,0,0,0,0,1,1,0,0,0,0,0,0,0,0
406,Shaquille O'Neal,LAL,199704250LAL,"Apr 25, 1997",POR,46,27,18,36,63.89,65.86,-1.97,27,34,0,0,8,10,0,0,0,0,0,0,0,0,0,0,0,0,0,0,0,0,1,2
375,Isaiah Rider,POR,199704250LAL,"Apr 25, 1997",LAL,7,4,2,5,58.33,71.72,-13.39,2,2,2,3,0,0,0,0,0,0,0,0,0,0,0,0,0,0,0,0,0,0,1,2
922,Elden Campbell,POR,199704250LAL,"Apr 25, 1997",LAL,20,18,2,19,51.28,52.97,-1.69,17,16,1,3,1,1,0,0,0,0,0,0,0,0,0,0,0,0,0,0,0,0,0,0
72,Kenny Anderson,POR,199704250LAL,"Apr 25, 1997",LAL,14,12,3,13,42.42,52.55,-10.13,5,6,6,3,1,2,0,0,1,3,0,0,0,0,0,0,0,0,0,0,0,0,0,0
224,Eddie Jones,LAL,199704250LAL,"Apr 25, 1997",POR,5,3,4,5,50.0,52.52,-2.52,3,4,0,0,1,0,0,0,0,0,0,0,0,0,0,0,0,0,0,0,0,0,1,1
717,Arvydas Sabonis,LAL,199704250LAL,"Apr 25, 1997",POR,18,14,6,17,47.37,54.09,-6.72,10,10,4,3,2,3,0,0,0,0,0,0,0,0,0,0,0,0,0,0,0,0,1,2
361,Clifford Robinson,POR,199704250LAL,"Apr 25, 1997",LAL,6,12,2,13,20.0,23.29,-3.29,8,6,4,0,1,0,0,0,0,0,0,0,0,0,0,0,0,0,0,0,0,0,0,0
399,Sean Rooks,LAL,199704250LAL,"Apr 25, 1997",POR,1,2,2,3,16.67,17.36,-0.69,2,0,0,0,1,1,0,0,0,0,0,0,0,0,0,0,0,0,0,0,0,0,0,0
89,Nick Van Exel,LAL,199704250LAL,"Apr 25, 1997",POR,10,12,0,12,34.48,41.67,-7.19,7,4,5,6,0,0,0,0,0,0,0,0,0,0,0,0,0,0,0,0,0,0,0,0
109,Robert Horry,LAL,199704250LAL,"Apr 25, 1997",POR,0,1,0,1,0.0,0.0,0.0,0,0,1,0,0,0,0,0,0,0,0,0,0,0,0,0,0,0,0,0,0,0,0,0
965,Derek Fisher,LAL,199704250LAL,"Apr 25, 1997",POR,0,4,0,4,0.0,0.0,0.0,2,0,2,0,0,0,0,0,0,0,0,0,0,0,0,0,0,0,0,0,0,0,0,0
760,Jerome Kersey,LAL,199704250LAL,"Apr 25, 1997",POR,5,4,2,5,50.0,51.23,-1.23,4,4,0,0,0,0,0,0,0,0,0,0,0,0,0,0,0,0,0,0,0,0,1,1
201,Chris Dudley,POR,199704250LAL,"Apr 25, 1997",LAL,2,2,4,4,25.0,26.6,-1.6,2,2,0,0,0,0,0,0,0,0,0,0,0,0,0,0,0,0,0,0,0,0,2,0
969,Travis Knight,LAL,199704250LAL,"Apr 25, 1997",POR,2,0,2,1,100.0,113.64,-13.64,0,0,0,0,1,2,0,0,0,0,0,0,0,0,0,0,0,0,0,0,0,0,0,0
2,Byron Scott,LAL,199704250LAL,"Apr 25, 1997",POR,4,3,0,3,66.67,66.67,0.0,3,4,0,0,0,0,0,0,0,0,0,0,0,0,0,0,0,0,0,0,0,0,0,0
718,Gary Trent,POR,199704250LAL,"Apr 25, 1997",LAL,10,10,0,10,50.0,50.0,0.0,10,10,0,0,0,0,0,0,0,0,0,0,0,0,0,0,0,0,0,0,0,0,0,0
716,Rumeal Robinson,POR,199704250LAL,"Apr 25, 1997",LAL,2,2,0,2,40.0,50.0,-10.0,1,2,1,0,0,0,0,0,0,0,0,0,0,0,0,0,0,0,0,0,0,0,0,0
977,Kobe Bryant,LAL,199704250LAL,"Apr 25, 1997",POR,2,1,0,1,100.0,100.0,0.0,1,2,0,0,0,0,0,0,0,0,0,0,0,0,0,0,0,0,0,0,0,0,0,0
979,Jermaine O'Neal,POR,199704250LAL,"Apr 25, 1997",LAL,0,1,0,1,0.0,0.0,0.0,1,0,0,0,0,0,0,0,0,0,0,0,0,0,0,0,0,0,0,0,0,0,0,0
348,Mitchell Butler,POR,199704250LAL,"Apr 25, 1997",LAL,0,1,0,1,0.0,0.0,0.0,1,0,0,0,0,0,0,0,0,0,0,0,0,0,0,0,0,0,0,0,0,0,0,0
364,Rex Chapman,PHX,199704250SEA,"Apr 25, 1997",SEA,42,22,12,28,57.53,76.98,-19.45,5,6,17,27,3,4,0,0,0,0,0,0,0,0,0,0,0,0,0,0,0,0,3,5
56,Gary Payton,SEA,199704250SEA,"Apr 25, 1997",PHX,23,23,2,24,44.23,48.16,-3.93,19,18,4,3,1,2,0,0,0,0,0,0,0,0,0,0,0,0,0,0,0,0,0,0
431,Shawn Kemp,SEA,199704250SEA,"Apr 25, 1997",PHX,19,21,3,22,41.3,42.56,-1.26,19,14,1,0,1,2,0,0,1,3,0,0,0,0,0,0,0,0,0,0,0,0,0,0
187,Terry Cummings,SEA,199704250SEA,"Apr 25, 1997",PHX,11,8,4,10,55.0,56.35,-1.35,8,8,0,0,2,3,0,0,0,0,0,0,0,0,0,0,0,0,0,0,0,0,0,0
134,Kevin Johnson,PHX,199704250SEA,"Apr 25, 1997",SEA,13,13,5,16,38.24,42.76,-4.52,10,6,3,3,0,0,0,0,0,0,0,0,1,1,0,0,0,0,0,0,0,0,2,3
73,Hot Rod Williams,SEA,199704250SEA,"Apr 25, 1997",PHX,5,4,3,5,45.45,46.99,-1.54,3,2,0,0,0,0,0,0,1,3,0,0,0,0,0,0,0,0,0,0,0,0,1,0
765,Hersey Hawkins,SEA,199704250SEA,"Apr 25, 1997",PHX,20,11,2,12,76.92,84.18,-7.26,9,12,2,6,1,2,0,0,0,0,0,0,0,0,0,0,0,0,0,0,0,0,0,0
47,Wayman Tisdale,PHX,199704250SEA,"Apr 25, 1997",SEA,4,6,0,6,33.33,33.33,0.0,6,4,0,0,0,0,0,0,0,0,0,0,0,0,0,0,0,0,0,0,0,0,0,0
467,Jason Kidd,PHX,199704250SEA,"Apr 25, 1997",SEA,11,11,6,14,31.43,40.32,-8.89,4,2,7,6,2,2,0,0,0,0,0,0,0,0,0,0,0,0,0,0,0,0,1,1
64,Sam Perkins,SEA,199704250SEA,"Apr 25, 1997",PHX,8,8,0,8,38.1,50.0,-11.9,3,2,5,6,0,0,0,0,0,0,0,0,0,0,0,0,0,0,0,0,0,0,0,0
330,Danny Manning,PHX,199704250SEA,"Apr 25, 1997",SEA,14,10,2,11,60.87,64.34,-3.47,9,12,1,0,1,2,0,0,0,0,0,0,0,0,0,0,0,0,0,0,0,0,0,0
96,Detlef Schrempf,SEA,199704250SEA,"Apr 25, 1997",PHX,17,14,8,18,44.74,48.52,-3.78,12,4,2,6,4,7,0,0,0,0,0,0,0,0,0,0,0,0,0,0,0,0,0,0
445,Wesley Person,PHX,199704250SEA,"Apr 25, 1997",SEA,10,4,6,7,58.82,75.3,-16.48,1,2,3,3,2,4,0,0,0,0,0,0,0,0,0,0,0,0,0,0,0,0,1,1
95,Mark Bryant,PHX,199704250SEA,"Apr 25, 1997",SEA,5,2,1,2,100.0,102.46,-2.46,1,2,0,0,0,0,0,0,1,3,0,0,0,0,0,0,0,0,0,0,0,0,0,0
766,David Wingate,SEA,199704250SEA,"Apr 25, 1997",PHX,3,3,0,3,37.5,50.0,-12.5,1,0,2,3,0,0,0,0,0,0,0,0,0,0,0,0,0,0,0,0,0,0,0,0
1479,Mike Brown,PHX,199704250SEA,"Apr 25, 1997",SEA,2,0,2,1,100.0,113.64,-13.64,0,0,0,0,1,2,0,0,0,0,0,0,0,0,0,0,0,0,0,0,0,0,0,0
17,Clyde Drexler,HOU,199704260HOU,"Apr 26, 1997",MIN,17,17,0,17,37.78,50.0,-12.22,6,2,11,15,0,0,0,0,0,0,0,0,0,0,0,0,0,0,0,0,0,0,0,0
28,Doug West,MIN,199704260HOU,"Apr 26, 1997",HOU,13,10,1,10,56.52,62.26,-5.74,7,10,2,0,0,0,0,0,1,3,0,0,0,0,0,0,0,0,0,0,0,0,0,0
1051,Dean Garrett,MIN,199704260HOU,"Apr 26, 1997",HOU,4,5,2,6,33.33,34.01,-0.68,5,2,0,0,1,2,0,0,0,0,0,0,0,0,0,0,0,0,0,0,0,0,0,0
53,Mario Elie,HOU,199704260HOU,"Apr 26, 1997",MIN,12,3,8,7,85.71,92.02,-6.31,1,0,0,0,2,4,0,0,2,6,0,0,2,2,0,0,0,0,0,0,0,0,0,0
165,Hakeem Olajuwon,HOU,199704260HOU,"Apr 26, 1997",MIN,18,12,0,12,72.0,75.0,-3.0,11,18,1,0,0,0,0,0,0,0,0,0,0,0,0,0,0,0,0,0,0,0,0,0
787,Charles Barkley,HOU,199704260HOU,"Apr 26, 1997",MIN,20,13,13,19,50.0,53.42,-3.42,11,10,1,0,5,6,0,0,1,3,0,0,0,0,0,0,0,0,0,0,0,0,1,1
708,Kevin Garnett,MIN,199704260HOU,"Apr 26, 1997",HOU,14,14,0,14,50.0,50.0,0.0,14,14,0,0,0,0,0,0,0,0,0,0,0,0,0,0,0,0,0,0,0,0,0,0
950,Stephon Marbury,MIN,199704260HOU,"Apr 26, 1997",HOU,22,25,2,26,37.29,42.5,-5.21,18,16,7,6,0,0,0,0,0,0,0,0,0,0,0,0,0,0,0,0,0,0,1,0
1074,Matt Maloney,HOU,199704260HOU,"Apr 26, 1997",MIN,12,8,4,10,46.15,61.48,-15.33,2,2,6,6,0,0,0,0,0,0,0,0,0,0,0,0,0,0,0,0,0,0,2,4
339,Tom Gugliotta,MIN,199704260HOU,"Apr 26, 1997",HOU,17,21,2,22,38.64,38.85,-0.21,21,16,0,0,0,0,0,0,0,0,0,0,0,0,0,0,0,0,0,0,0,0,1,1
788,Kevin Willis,HOU,199704260HOU,"Apr 26, 1997",MIN,9,8,4,10,45.0,46.11,-1.11,8,6,0,0,0,0,0,0,0,0,0,0,0,0,1,2,0,0,0,0,0,0,1,1
9,Sedale Threatt,HOU,199704260HOU,"Apr 26, 1997",MIN,8,6,0,6,47.06,66.67,-19.61,1,2,5,6,0,0,0,0,0,0,0,0,0,0,0,0,0,0,0,0,0,0,0,0
698,Eddie Johnson,HOU,199704260HOU,"Apr 26, 1997",MIN,0,6,0,6,0.0,0.0,0.0,4,0,2,0,0,0,0,0,0,0,0,0,0,0,0,0,0,0,0,0,0,0,0,0
417,Sam Mitchell,MIN,199704260HOU,"Apr 26, 1997",HOU,1,2,2,3,16.67,17.36,-0.69,2,0,0,0,0,0,0,0,0,0,0,0,0,0,0,0,0,0,0,0,0,0,1,1
345,Terry Porter,MIN,199704260HOU,"Apr 26, 1997",HOU,13,8,4,10,50.0,66.6,-16.6,2,4,6,6,2,3,0,0,0,0,0,0,0,0,0,0,0,0,0,0,0,0,0,0
121,Patrick Ewing,NYK,199704260NYK,"Apr 26, 1997",CHA,30,21,3,22,66.67,67.2,-0.53,20,28,0,0,1,0,0,0,1,2,0,0,0,0,0,0,0,0,0,0,0,0,0,0
124,Vlade Divac,NYK,199704260NYK,"Apr 26, 1997",CHA,14,17,2,18,36.84,39.15,-2.31,15,12,2,0,1,2,0,0,0,0,0,0,0,0,0,0,0,0,0,0,0,0,0,0
193,Anthony Mason,CHA,199704260NYK,"Apr 26, 1997",NYK,13,11,9,15,41.94,43.45,-1.51,10,6,0,0,3,4,0,0,1,2,0,0,0,0,0,0,0,0,0,0,0,0,1,1
779,Glen Rice,CHA,199704260NYK,"Apr 26, 1997",NYK,39,23,17,31,56.52,63.98,-7.46,15,14,6,6,5,9,0,0,2,6,0,0,2,3,0,0,0,0,0,0,0,0,1,1
913,Larry Johnson,NYK,199704260NYK,"Apr 26, 1997",CHA,11,7,4,9,52.38,62.79,-10.41,4,8,3,0,2,3,0,0,0,0,0,0,0,0,0,0,0,0,0,0,0,0,0,0
164,Chris Childs,NYK,199704260NYK,"Apr 26, 1997",CHA,17,14,0,14,51.52,60.71,-9.19,9,8,5,9,0,0,0,0,0,0,0,0,0,0,0,0,0,0,0,0,0,0,0,0
891,Charles Oakley,NYK,199704260NYK,"Apr 26, 1997",CHA,8,6,2,7,57.14,58.14,-1.0,6,8,0,0,0,0,0,0,0,0,0,0,0,0,0,0,0,0,0,0,0,0,1,0
894,Ricky Pierce,CHA,199704260NYK,"Apr 26, 1997",NYK,10,8,0,8,55.56,62.5,-6.94,6,10,2,0,0,0,0,0,0,0,0,0,0,0,0,0,0,0,0,0,0,0,0,0
275,Allan Houston,NYK,199704260NYK,"Apr 26, 1997",CHA,12,12,0,12,42.86,50.0,-7.14,8,6,4,6,0,0,0,0,0,0,0,0,0,0,0,0,0,0,0,0,0,0,0,0
317,John Starks,NYK,199704260NYK,"Apr 26, 1997",CHA,14,13,2,14,41.18,50.43,-9.25,7,8,6,6,0,0,0,0,0,0,0,0,0,0,0,0,0,0,0,0,0,0,1,0
380,Tony Smith,CHA,199704260NYK,"Apr 26, 1997",NYK,1,1,2,2,20.0,26.6,-6.6,0,0,1,0,0,0,0,0,0,0,0,0,0,0,0,0,0,0,0,0,0,0,1,1
369,Charlie Ward,NYK,199704260NYK,"Apr 26, 1997",CHA,2,3,0,3,28.57,33.33,-4.76,2,2,1,0,0,0,0,0,0,0,0,0,0,0,0,0,0,0,0,0,0,0,0,0
209,Dell Curry,CHA,199704260NYK,"Apr 26, 1997",NYK,1,2,1,3,20.0,20.49,-0.49,2,0,0,0,0,0,0,0,0,0,0,0,1,1,0,0,0,0,0,0,0,0,0,0
433,Buck Williams,NYK,199704260NYK,"Apr 26, 1997",CHA,6,2,2,3,100.0,104.17,-4.17,2,4,0,0,1,2,0,0,0,0,0,0,0,0,0,0,0,0,0,0,0,0,0,0
960,Tony Delk,CHA,199704260NYK,"Apr 26, 1997",NYK,15,15,0,15,42.86,50.0,-7.14,10,12,5,3,0,0,0,0,0,0,0,0,0,0,0,0,0,0,0,0,0,0,0,0
204,Jeff Hornacek,UTA,199704260UTA,"Apr 26, 1997",LAC,11,10,4,12,39.29,46.77,-7.48,6,4,4,3,1,2,0,0,0,0,0,0,0,0,0,0,0,0,0,0,0,0,1,2
239,Darrick Martin,UTA,199704260UTA,"Apr 26, 1997",LAC,16,12,7,15,48.48,53.05,-4.57,10,8,2,3,0,0,1,2,0,0,0,0,0,0,0,0,0,0,0,0,0,0,2,3
907,Malik Sealy,LAC,199704260UTA,"Apr 26, 1997",UTA,11,7,1,8,68.75,73.92,-5.17,6,10,1,0,0,0,0,0,0,0,0,0,1,1,0,0,0,0,0,0,0,0,0,0
304,John Stockton,UTA,199704260UTA,"Apr 26, 1997",LAC,18,11,2,12,64.29,75.76,-11.47,7,10,4,6,0,0,0,0,0,0,0,0,0,0,0,0,0,0,0,0,0,0,1,2
919,Loy Vaught,LAC,199704260UTA,"Apr 26, 1997",UTA,5,3,4,5,45.45,52.52,-7.07,2,2,1,0,0,0,0,0,0,0,0,0,0,0,0,0,0,0,0,0,0,0,2,3
915,Rodney Rogers,UTA,199704260UTA,"Apr 26, 1997",LAC,12,6,7,9,52.17,66.08,-13.91,1,2,4,3,1,1,0,0,1,2,0,0,0,0,0,0,0,0,0,0,0,0,2,4
953,Lorenzen Wright,LAC,199704260UTA,"Apr 26, 1997",UTA,17,11,5,13,62.96,64.39,-1.43,10,10,0,0,2,4,0,0,1,3,0,0,0,0,0,0,0,0,0,0,0,0,0,0
731,Greg Ostertag,LAC,199704260UTA,"Apr 26, 1997",UTA,0,3,0,3,0.0,0.0,0.0,3,0,0,0,0,0,0,0,0,0,0,0,0,0,0,0,0,0,0,0,0,0,0,0
935,Bryon Russell,UTA,199704260UTA,"Apr 26, 1997",LAC,6,5,3,6,40.0,47.47,-7.47,2,2,2,0,1,2,0,0,1,2,0,0,0,0,0,0,0,0,0,0,0,0,0,0
252,Karl Malone,UTA,199704260UTA,"Apr 26, 1997",LAC,39,25,19,34,56.52,58.45,-1.93,24,22,0,0,6,9,0,0,1,2,0,0,0,0,0,0,0,0,0,0,0,0,3,6
458,Howard Eisley,UTA,199704260UTA,"Apr 26, 1997",LAC,10,5,1,5,76.92,91.91,-14.99,2,4,2,3,0,0,0,0,1,3,0,0,0,0,0,0,0,0,0,0,0,0,0,0
441,Lamond Murray,LAC,199704260UTA,"Apr 26, 1997",UTA,15,10,5,12,51.72,61.48,-9.76,5,2,4,6,2,4,0,0,1,3,0,0,0,0,0,0,0,0,0,0,0,0,0,0
323,Greg Foster,UTA,199704260UTA,"Apr 26, 1997",LAC,6,4,6,7,42.86,45.18,-2.32,4,2,0,0,1,0,0,0,0,0,0,0,0,0,0,0,0,0,0,0,0,0,2,4
448,Bo Outlaw,LAC,199704260UTA,"Apr 26, 1997",UTA,0,2,0,2,0.0,0.0,0.0,2,0,0,0,0,0,0,0,0,0,0,0,0,0,0,0,0,0,0,0,0,0,0,0
316,Richard Manning,LAC,199704260UTA,"Apr 26, 1997",UTA,5,6,4,8,31.25,32.22,-0.97,6,2,0,0,0,0,0,0,0,0,0,0,0,0,0,0,0,0,0,0,0,0,2,3
1000,Shandon Anderson,LAC,199704260UTA,"Apr 26, 1997",UTA,4,1,2,2,100.0,106.38,-6.38,1,2,0,0,1,2,0,0,0,0,0,0,0,0,0,0,0,0,0,0,0,0,0,0
156,Antoine Carr,UTA,199704260UTA,"Apr 26, 1997",LAC,11,4,4,6,91.67,95.49,-3.82,4,8,0,0,2,3,0,0,0,0,0,0,0,0,0,0,0,0,0,0,0,0,0,0
699,Brent Barry,LAC,199704260UTA,"Apr 26, 1997",UTA,13,11,0,11,50.0,59.09,-9.09,7,4,4,9,0,0,0,0,0,0,0,0,0,0,0,0,0,0,0,0,0,0,0,0
356,Chris Morris,UTA,199704260UTA,"Apr 26, 1997",LAC,0,2,0,2,0.0,0.0,0.0,0,0,2,0,0,0,0,0,0,0,0,0,0,0,0,0,0,0,0,0,0,0,0,0
15,Eric Piatkowski,LAC,199704260UTA,"Apr 26, 1997",UTA,5,3,6,6,38.46,44.33,-5.87,2,0,1,0,2,4,0,0,0,0,0,0,0,0,1,1,0,0,0,0,0,0,0,0
363,Christian Laettner,ATL,199704270ATL,"Apr 27, 1997",DET,18,13,2,14,62.07,64.84,-2.77,12,16,1,0,0,0,0,0,0,0,0,0,0,0,0,0,0,0,0,0,0,0,1,2
371,Terry Mills,DET,199704270ATL,"Apr 27, 1997",ATL,7,8,0,8,33.33,43.75,-10.42,3,4,5,3,0,0,0,0,0,0,0,0,0,0,0,0,0,0,0,0,0,0,0,0
302,Mookie Blaylock,ATL,199704270ATL,"Apr 27, 1997",DET,7,12,0,12,23.33,29.17,-5.84,6,4,6,3,0,0,0,0,0,0,0,0,0,0,0,0,0,0,0,0,0,0,0,0
87,Dikembe Mutombo,ATL,199704270ATL,"Apr 27, 1997",DET,17,9,8,13,65.38,67.89,-2.51,9,10,0,0,2,3,0,0,0,0,0,0,0,0,0,0,0,0,0,0,0,0,2,4
247,Joe Dumars,DET,199704270ATL,"Apr 27, 1997",ATL,12,13,1,14,38.71,44.64,-5.93,9,8,4,3,0,0,0,0,0,0,0,0,1,1,0,0,0,0,0,0,0,0,0,0
255,Grant Hill,ATL,199704270ATL,"Apr 27, 1997",DET,25,19,13,24,49.02,50.57,-1.55,16,8,0,0,4,6,0,0,3,9,0,0,0,0,0,0,0,0,0,0,0,0,1,2
283,Lindsey Hunter,DET,199704270ATL,"Apr 27, 1997",ATL,13,10,0,10,52.0,65.0,-13.0,5,4,5,9,0,0,0,0,0,0,0,0,0,0,0,0,0,0,0,0,0,0,0,0
673,Alan Henderson,ATL,199704270ATL,"Apr 27, 1997",DET,2,1,2,2,50.0,53.19,-3.19,1,0,0,0,1,2,0,0,0,0,0,0,0,0,0,0,0,0,0,0,0,0,0,0
901,Otis Thorpe,DET,199704270ATL,"Apr 27, 1997",ATL,12,9,2,10,60.0,60.73,-0.73,9,10,0,0,1,2,0,0,0,0,0,0,0,0,0,0,0,0,0,0,0,0,0,0
895,Tyrone Corbin,ATL,199704270ATL,"Apr 27, 1997",DET,14,11,0,11,43.75,63.64,-19.89,1,2,10,12,0,0,0,0,0,0,0,0,0,0,0,0,0,0,0,0,0,0,0,0
120,Steven Smith,ATL,199704270ATL,"Apr 27, 1997",DET,22,19,3,20,48.89,54.13,-5.24,14,16,4,3,1,1,0,0,1,2,0,0,0,0,0,0,0,0,0,0,0,0,0,0
243,Aaron McKie,DET,199704270ATL,"Apr 27, 1997",ATL,7,5,0,5,63.64,70.0,-6.36,4,4,1,3,0,0,0,0,0,0,0,0,0,0,0,0,0,0,0,0,0,0,0,0
3,Grant Long,DET,199704270ATL,"Apr 27, 1997",ATL,17,7,9,11,70.83,77.55,-6.72,5,6,1,0,3,6,0,0,1,3,0,0,0,0,0,0,0,0,0,0,0,0,1,2
695,Eldridge Recasner,ATL,199704270ATL,"Apr 27, 1997",DET,0,3,0,3,0.0,0.0,0.0,1,0,2,0,0,0,0,0,0,0,0,0,0,0,0,0,0,0,0,0,0,0,0,0
968,Priest Lauderdale,ATL,199704270ATL,"Apr 27, 1997",DET,0,1,0,1,0.0,0.0,0.0,1,0,0,0,0,0,0,0,0,0,0,0,0,0,0,0,0,0,0,0,0,0,0,0
1080,Henry James,ATL,199704270ATL,"Apr 27, 1997",DET,0,1,0,1,0.0,0.0,0.0,1,0,0,0,0,0,0,0,0,0,0,0,0,0,0,0,0,0,0,0,0,0,0,0
393,Rod Strickland,WAS,199704270CHI,"Apr 27, 1997",CHI,16,18,6,21,37.21,38.76,-1.55,17,10,1,0,0,0,0,0,0,0,0,0,0,0,0,0,0,0,0,0,0,0,3,6
679,Jason Caffey,CHI,199704270CHI,"Apr 27, 1997",WAS,8,3,8,7,57.14,61.35,-4.21,3,2,0,0,3,5,0,0,0,0,0,0,0,0,0,0,0,0,0,0,0,0,1,1
893,Michael Jordan,CHI,199704270CHI,"Apr 27, 1997",WAS,55,35,10,40,67.07,69.8,-2.73,33,42,2,3,3,6,0,0,0,0,0,0,0,0,0,0,0,0,0,0,0,0,2,4
49,Gheorghe Muresan,WAS,199704270CHI,"Apr 27, 1997",CHI,1,2,2,3,16.67,17.36,-0.69,2,0,0,0,1,1,0,0,0,0,0,0,0,0,0,0,0,0,0,0,0,0,0,0
185,Chris Webber,CHI,199704270CHI,"Apr 27, 1997",WAS,21,13,6,16,56.76,67.14,-10.38,8,10,5,9,3,2,0,0,0,0,0,0,0,0,0,0,0,0,0,0,0,0,0,0
937,Scottie Pippen,CHI,199704270CHI,"Apr 27, 1997",WAS,14,10,6,13,45.16,55.38,-10.22,5,6,5,3,1,2,0,0,0,0,0,0,0,0,0,0,0,0,0,0,0,0,2,3
436,Juwan Howard,WAS,199704270CHI,"Apr 27, 1997",CHI,18,14,6,17,52.94,54.09,-1.15,14,12,0,0,1,2,0,0,0,0,0,0,0,0,0,0,0,0,0,0,0,0,2,4
26,Luc Longley,CHI,199704270CHI,"Apr 27, 1997",WAS,6,8,0,8,37.5,37.5,0.0,8,6,0,0,0,0,0,0,0,0,0,0,0,0,0,0,0,0,0,0,0,0,0,0
384,Calbert Cheaney,WAS,199704270CHI,"Apr 27, 1997",CHI,26,18,6,20,59.09,62.98,-3.89,14,16,2,0,1,2,0,0,2,6,0,0,0,0,0,0,0,0,0,0,0,0,1,2
265,Harvey Grant,WAS,199704270CHI,"Apr 27, 1997",CHI,0,2,0,2,0.0,0.0,0.0,1,0,1,0,0,0,0,0,0,0,0,0,0,0,0,0,0,0,0,0,0,0,0,0
166,Ron Harper,CHI,199704270CHI,"Apr 27, 1997",WAS,10,7,0,7,62.5,71.43,-8.93,5,4,2,6,0,0,0,0,0,0,0,0,0,0,0,0,0,0,0,0,0,0,0,0
389,Toni Kukoc,CHI,199704270CHI,"Apr 27, 1997",WAS,6,5,3,6,46.15,47.47,-1.32,4,2,0,0,1,1,0,0,1,3,0,0,0,0,0,0,0,0,0,0,0,0,0,0
23,Dennis Rodman,CHI,199704270CHI,"Apr 27, 1997",WAS,4,3,0,3,66.67,66.67,0.0,3,4,0,0,0,0,0,0,0,0,0,0,0,0,0,0,0,0,0,0,0,0,0,0
145,Tracy Murray,WAS,199704270CHI,"Apr 27, 1997",CHI,22,14,11,19,52.38,58.39,-6.01,9,8,3,0,1,2,1,3,2,6,0,0,2,1,0,0,0,0,0,0,0,0,1,2
183,Bison Dele,CHI,199704270CHI,"Apr 27, 1997",WAS,2,3,0,3,33.33,33.33,0.0,3,2,0,0,0,0,0,0,0,0,0,0,0,0,0,0,0,0,0,0,0,0,0,0
70,Steve Kerr,CHI,199704270CHI,"Apr 27, 1997",WAS,2,2,0,2,50.0,50.0,0.0,2,2,0,0,0,0,0,0,0,0,0,0,0,0,0,0,0,0,0,0,0,0,0,0
146,Jud Buechler,CHI,199704270CHI,"Apr 27, 1997",WAS,0,1,0,1,0.0,0.0,0.0,0,0,1,0,0,0,0,0,0,0,0,0,0,0,0,0,0,0,0,0,0,0,0,0
753,Randy Brown,CHI,199704270CHI,"Apr 27, 1997",WAS,2,1,0,1,100.0,100.0,0.0,1,2,0,0,0,0,0,0,0,0,0,0,0,0,0,0,0,0,0,0,0,0,0,0
739,Rasheed Wallace,POR,199704270LAL,"Apr 27, 1997",LAL,20,14,3,15,62.5,65.27,-2.77,12,16,1,0,1,1,0,0,1,3,0,0,0,0,0,0,0,0,0,0,0,0,0,0
406,Shaquille O'Neal,LAL,199704270LAL,"Apr 27, 1997",POR,30,21,14,27,53.57,55.23,-1.66,19,18,0,0,4,5,0,0,2,5,0,0,0,0,0,0,0,0,0,0,0,0,2,2
717,Arvydas Sabonis,POR,199704270LAL,"Apr 27, 1997",LAL,4,5,0,5,36.36,40.0,-3.64,4,4,1,0,0,0,0,0,0,0,0,0,0,0,0,0,0,0,0,0,0,0,0,0
922,Elden Campbell,LAL,199704270LAL,"Apr 27, 1997",POR,16,7,6,10,80.0,82.99,-2.99,7,10,0,0,3,6,0,0,0,0,0,0,0,0,0,0,0,0,0,0,0,0,0,0
109,Robert Horry,LAL,199704270LAL,"Apr 27, 1997",POR,8,5,0,5,57.14,80.0,-22.86,1,2,4,6,0,0,0,0,0,0,0,0,0,0,0,0,0,0,0,0,0,0,0,0
72,Kenny Anderson,POR,199704270LAL,"Apr 27, 1997",LAL,18,15,3,16,47.37,55.15,-7.78,9,10,5,3,1,2,0,0,1,3,0,0,0,0,0,0,0,0,0,0,0,0,0,0
224,Eddie Jones,LAL,199704270LAL,"Apr 27, 1997",POR,19,7,4,9,95.0,108.45,-13.45,5,10,2,6,2,3,0,0,0,0,0,0,0,0,0,0,0,0,0,0,0,0,0,0
361,Clifford Robinson,POR,199704270LAL,"Apr 27, 1997",LAL,12,11,4,13,38.71,47.02,-8.31,6,6,5,3,1,1,0,0,0,0,0,0,0,0,0,0,0,0,0,0,0,0,1,2
89,Nick Van Exel,LAL,199704270LAL,"Apr 27, 1997",POR,13,9,4,11,50.0,60.41,-10.41,5,4,4,6,1,1,0,0,0,0,0,0,0,0,0,0,0,0,0,0,0,0,1,2
375,Isaiah Rider,LAL,199704270LAL,"Apr 27, 1997",POR,18,14,4,17,50.0,57.11,-7.11,10,8,4,6,0,0,0,0,0,0,0,0,2,2,0,0,0,0,0,0,0,0,1,2
965,Derek Fisher,LAL,199704270LAL,"Apr 27, 1997",POR,4,2,2,3,57.14,69.44,-12.3,1,2,1,0,1,2,0,0,0,0,0,0,0,0,0,0,0,0,0,0,0,0,0,0
969,Travis Knight,LAL,199704270LAL,"Apr 27, 1997",POR,2,1,0,1,100.0,100.0,0.0,1,2,0,0,0,0,0,0,0,0,0,0,0,0,0,0,0,0,0,0,0,0,0,0
201,Chris Dudley,POR,199704270LAL,"Apr 27, 1997",LAL,8,4,0,4,100.0,100.0,0.0,4,8,0,0,0,0,0,0,0,0,0,0,0,0,0,0,0,0,0,0,0,0,0,0
760,Jerome Kersey,LAL,199704270LAL,"Apr 27, 1997",POR,4,3,0,3,66.67,66.67,0.0,3,4,0,0,0,0,0,0,0,0,0,0,0,0,0,0,0,0,0,0,0,0,0,0
718,Gary Trent,POR,199704270LAL,"Apr 27, 1997",LAL,4,5,1,5,36.36,36.76,-0.4,4,2,0,0,0,0,0,0,1,2,0,0,0,0,0,0,0,0,0,0,0,0,0,0
399,Sean Rooks,LAL,199704270LAL,"Apr 27, 1997",POR,2,2,0,2,50.0,50.0,0.0,2,2,0,0,0,0,0,0,0,0,0,0,0,0,0,0,0,0,0,0,0,0,0,0
2,Byron Scott,LAL,199704270LAL,"Apr 27, 1997",POR,2,2,2,3,28.57,34.72,-6.15,1,0,1,0,1,2,0,0,0,0,0,0,0,0,0,0,0,0,0,0,0,0,0,0
278,Stacey Augmon,POR,199704270LAL,"Apr 27, 1997",LAL,3,2,2,3,50.0,52.08,-2.08,2,2,0,0,0,0,0,0,0,0,0,0,0,0,0,0,0,0,0,0,0,0,1,1
716,Rumeal Robinson,POR,199704270LAL,"Apr 27, 1997",LAL,0,1,0,1,0.0,0.0,0.0,0,0,1,0,0,0,0,0,0,0,0,0,0,0,0,0,0,0,0,0,0,0,0,0
112,Dontonio Wingfield,POR,199704270LAL,"Apr 27, 1997",LAL,4,2,0,2,100.0,100.0,0.0,2,4,0,0,0,0,0,0,0,0,0,0,0,0,0,0,0,0,0,0,0,0,0,0
977,Kobe Bryant,LAL,199704270LAL,"Apr 27, 1997",POR,6,3,4,5,54.55,63.03,-8.48,2,2,1,0,2,4,0,0,0,0,0,0,0,0,0,0,0,0,0,0,0,0,0,0
348,Mitchell Butler,POR,199704270LAL,"Apr 27, 1997",LAL,2,1,0,1,100.0,100.0,0.0,1,2,0,0,0,0,0,0,0,0,0,0,0,0,0,0,0,0,0,0,0,0,0,0
979,Jermaine O'Neal,POR,199704270LAL,"Apr 27, 1997",LAL,0,1,2,2,0.0,0.0,0.0,0,0,1,0,1,0,0,0,0,0,0,0,0,0,0,0,0,0,0,0,0,0,0,0
916,Corie Blount,LAL,199704270LAL,"Apr 27, 1997",POR,1,0,2,1,50.0,56.82,-6.82,0,0,0,0,0,0,0,0,0,0,0,0,0,0,0,0,0,0,0,0,0,0,1,1
216,Brian Shaw,ORL,199704270MIA,"Apr 27, 1997",MIA,7,5,2,6,50.0,59.52,-9.52,3,0,2,6,1,1,0,0,0,0,0,0,0,0,0,0,0,0,0,0,0,0,0,0
136,P.J. Brown,MIA,199704270MIA,"Apr 27, 1997",ORL,17,8,5,10,80.95,83.33,-2.38,7,10,0,0,2,4,0,0,1,3,0,0,0,0,0,0,0,0,0,0,0,0,0,0
98,Nick Anderson,ORL,199704270MIA,"Apr 27, 1997",MIA,5,6,2,7,31.25,36.34,-5.09,4,2,2,3,1,0,0,0,0,0,0,0,0,0,0,0,0,0,0,0,0,0,0,0
702,Voshon Lenard,MIA,199704270MIA,"Apr 27, 1997",ORL,11,9,0,9,47.83,61.11,-13.28,4,2,5,9,0,0,0,0,0,0,0,0,0,0,0,0,0,0,0,0,0,0,0,0
938,Rony Seikaly,ORL,199704270MIA,"Apr 27, 1997",MIA,10,7,2,8,62.5,63.45,-0.95,7,8,0,0,0,0,0,0,0,0,0,0,0,0,0,0,0,0,0,0,0,0,1,2
358,Anfernee Hardaway,ORL,199704270MIA,"Apr 27, 1997",MIA,26,20,8,24,49.06,55.27,-6.21,14,16,5,3,3,4,0,0,1,3,0,0,1,0,0,0,0,0,0,0,0,0,0,0
400,Derek Strong,ORL,199704270MIA,"Apr 27, 1997",MIA,18,10,7,13,64.29,68.81,-4.52,8,10,1,0,3,5,0,0,1,3,0,0,0,0,0,0,0,0,0,0,0,0,0,0
896,Tim Hardaway,MIA,199704270MIA,"Apr 27, 1997",ORL,20,16,7,20,42.55,52.41,-9.86,7,6,8,6,0,0,0,0,1,3,0,0,2,2,0,0,0,0,0,0,0,0,2,3
297,Alonzo Mourning,MIA,199704270MIA,"Apr 27, 1997",ORL,17,8,11,13,62.96,66.2,-3.24,7,8,0,0,3,3,0,0,1,2,0,0,0,0,0,0,0,0,0,0,0,0,2,4
469,Jamal Mashburn,MIA,199704270MIA,"Apr 27, 1997",ORL,8,8,2,9,36.36,45.05,-8.69,4,4,4,3,1,1,0,0,0,0,0,0,0,0,0,0,0,0,0,0,0,0,0,0
7,Dan Schayes,ORL,199704270MIA,"Apr 27, 1997",MIA,2,4,0,4,25.0,25.0,0.0,4,2,0,0,0,0,0,0,0,0,0,0,0,0,0,0,0,0,0,0,0,0,0,0
173,Keith Askins,MIA,199704270MIA,"Apr 27, 1997",ORL,3,2,0,2,50.0,75.0,-25.0,0,0,2,3,0,0,0,0,0,0,0,0,0,0,0,0,0,0,0,0,0,0,0,0
786,Gerald Wilkins,ORL,199704270MIA,"Apr 27, 1997",MIA,6,6,2,7,42.86,43.6,-0.74,6,4,0,0,1,2,0,0,0,0,0,0,0,0,0,0,0,0,0,0,0,0,0,0
1134,Ike Austin,MIA,199704270MIA,"Apr 27, 1997",ORL,8,2,8,6,66.67,72.46,-5.79,2,2,0,0,2,3,0,0,0,0,0,0,0,0,0,0,0,0,0,0,0,0,2,3
192,Dennis Scott,ORL,199704270MIA,"Apr 27, 1997",MIA,0,2,0,2,0.0,0.0,0.0,2,0,0,0,0,0,0,0,0,0,0,0,0,0,0,0,0,0,0,0,0,0,0,0
105,Dan Majerle,MIA,199704270MIA,"Apr 27, 1997",ORL,14,9,0,9,63.64,77.78,-14.14,5,8,4,6,0,0,0,0,0,0,0,0,0,0,0,0,0,0,0,0,0,0,0,0
353,Darrell Armstrong,ORL,199704270MIA,"Apr 27, 1997",MIA,10,5,5,8,58.82,69.44,-10.62,3,4,2,3,2,2,0,0,0,0,0,0,1,1,0,0,0,0,0,0,0,0,0,0
180,John Crotty,MIA,199704270MIA,"Apr 27, 1997",ORL,2,1,0,1,100.0,100.0,0.0,1,2,0,0,0,0,0,0,0,0,0,0,0,0,0,0,0,0,0,0,0,0,0,0
1110,Mark Strickland,MIA,199704270MIA,"Apr 27, 1997",ORL,2,1,0,1,100.0,100.0,0.0,1,2,0,0,0,0,0,0,0,0,0,0,0,0,0,0,0,0,0,0,0,0,0,0
335,Willie Anderson,MIA,199704270MIA,"Apr 27, 1997",ORL,0,1,0,1,0.0,0.0,0.0,1,0,0,0,0,0,0,0,0,0,0,0,0,0,0,0,0,0,0,0,0,0,0,0
1043,Amal McCaskill,ORL,199704270MIA,"Apr 27, 1997",MIA,3,1,2,2,75.0,79.79,-4.79,1,2,0,0,1,1,0,0,0,0,0,0,0,0,0,0,0,0,0,0,0,0,0,0
291,Ed Pinckney,MIA,199704270MIA,"Apr 27, 1997",ORL,2,1,0,1,100.0,100.0,0.0,1,2,0,0,0,0,0,0,0,0,0,0,0,0,0,0,0,0,0,0,0,0,0,0
431,Shawn Kemp,SEA,199704270SEA,"Apr 27, 1997",PHX,23,12,9,16,67.65,72.06,-4.41,10,12,1,3,3,5,0,0,1,2,0,0,0,0,0,0,0,0,0,0,0,0,1,1
96,Detlef Schrempf,SEA,199704270SEA,"Apr 27, 1997",PHX,13,11,0,11,54.17,59.09,-4.92,9,10,2,3,0,0,0,0,0,0,0,0,0,0,0,0,0,0,0,0,0,0,0,0
56,Gary Payton,PHX,199704270SEA,"Apr 27, 1997",SEA,23,24,3,25,41.07,45.42,-4.35,18,16,5,3,0,0,0,0,1,2,0,0,0,0,0,0,0,0,0,0,0,0,1,2
467,Jason Kidd,PHX,199704270SEA,"Apr 27, 1997",SEA,2,7,4,9,8.33,11.42,-3.09,1,0,6,0,1,1,0,0,0,0,0,0,0,0,0,0,0,0,0,0,0,0,1,1
364,Rex Chapman,PHX,199704270SEA,"Apr 27, 1997",SEA,18,12,4,14,56.25,65.41,-9.16,8,8,4,6,0,0,0,0,0,0,0,0,0,0,0,0,0,0,0,0,0,0,2,4
134,Kevin Johnson,PHX,199704270SEA,"Apr 27, 1997",SEA,6,12,4,14,18.75,21.8,-3.05,8,2,4,0,0,0,0,0,0,0,0,0,0,0,0,0,0,0,0,0,0,0,2,4
765,Hersey Hawkins,SEA,199704270SEA,"Apr 27, 1997",PHX,19,8,4,11,76.0,97.34,-21.34,3,6,5,9,1,2,0,0,0,0,0,0,2,2,0,0,0,0,0,0,0,0,0,0
187,Terry Cummings,SEA,199704270SEA,"Apr 27, 1997",PHX,8,7,2,8,50.0,50.76,-0.76,7,6,0,0,1,2,0,0,0,0,0,0,0,0,0,0,0,0,0,0,0,0,0,0
47,Wayman Tisdale,PHX,199704270SEA,"Apr 27, 1997",SEA,2,2,0,2,50.0,50.0,0.0,2,2,0,0,0,0,0,0,0,0,0,0,0,0,0,0,0,0,0,0,0,0,0,0
73,Hot Rod Williams,PHX,199704270SEA,"Apr 27, 1997",SEA,1,2,4,4,12.5,13.3,-0.8,2,0,0,0,2,1,0,0,0,0,0,0,0,0,0,0,0,0,0,0,0,0,0,0
330,Danny Manning,PHX,199704270SEA,"Apr 27, 1997",SEA,14,6,8,10,70.0,73.53,-3.53,6,6,0,0,3,6,0,0,0,0,0,0,0,0,0,0,0,0,0,0,0,0,1,2
95,Mark Bryant,PHX,199704270SEA,"Apr 27, 1997",SEA,4,4,2,5,40.0,40.98,-0.98,4,2,0,0,0,0,0,0,0,0,0,0,0,0,0,0,0,0,0,0,0,0,1,2
76,Cedric Ceballos,PHX,199704270SEA,"Apr 27, 1997",SEA,11,10,4,12,40.74,46.77,-6.03,7,4,3,3,2,4,0,0,0,0,0,0,0,0,0,0,0,0,0,0,0,0,0,0
64,Sam Perkins,SEA,199704270SEA,"Apr 27, 1997",PHX,2,6,2,7,11.11,14.53,-3.42,2,0,4,0,1,2,0,0,0,0,0,0,0,0,0,0,0,0,0,0,0,0,0,0
203,Nate McMillan,SEA,199704270SEA,"Apr 27, 1997",PHX,0,2,0,2,0.0,0.0,0.0,0,0,2,0,0,0,0,0,0,0,0,0,0,0,0,0,0,0,0,0,0,0,0,0
766,David Wingate,SEA,199704270SEA,"Apr 27, 1997",PHX,8,7,2,8,40.0,50.76,-10.76,3,4,4,3,0,0,0,0,0,0,0,0,0,0,0,0,0,0,0,0,0,0,1,1
445,Wesley Person,PHX,199704270SEA,"Apr 27, 1997",SEA,11,11,2,12,36.67,46.3,-9.63,5,4,6,6,0,0,0,0,0,0,0,0,0,0,0,0,0,0,0,0,0,0,1,1
684,Loren Meyer,PHX,199704270SEA,"Apr 27, 1997",SEA,0,4,0,4,0.0,0.0,0.0,3,0,1,0,0,0,0,0,0,0,0,0,0,0,0,0,0,0,0,0,0,0,0,0
1479,Mike Brown,PHX,199704270SEA,"Apr 27, 1997",SEA,9,4,6,7,64.29,67.77,-3.48,4,4,0,0,1,2,0,0,0,0,0,0,0,0,0,0,0,0,0,0,0,0,2,3
37,Greg Graham,SEA,199704270SEA,"Apr 27, 1997",PHX,7,7,2,8,36.84,44.42,-7.58,4,2,3,3,0,0,0,0,0,0,0,0,0,0,0,0,0,0,0,0,0,0,1,2
959,Steve Nash,PHX,199704270SEA,"Apr 27, 1997",SEA,0,4,0,4,0.0,0.0,0.0,4,0,0,0,0,0,0,0,0,0,0,0,0,0,0,0,0,0,0,0,0,0,0,0
1125,Larry Stewart,SEA,199704270SEA,"Apr 27, 1997",PHX,6,3,2,4,66.67,77.32,-10.65,2,4,1,0,0,0,0,0,0,0,0,0,0,0,1,2,0,0,0,0,0,0,0,0
727,Eric Snow,SEA,199704270SEA,"Apr 27, 1997",PHX,6,2,2,3,85.71,104.17,-18.46,1,2,1,3,0,0,0,0,0,0,0,0,0,0,0,0,0,0,0,0,0,0,1,1
29,Jim McIlvaine,SEA,199704270SEA,"Apr 27, 1997",PHX,7,3,2,4,87.5,90.21,-2.71,3,6,0,0,0,0,0,0,0,0,0,0,0,0,0,0,0,0,0,0,0,0,1,1
177,Muggsy Bogues,CHA,199704280CHH,"Apr 28, 1997",NYK,19,13,2,14,59.38,68.44,-9.06,9,8,4,9,0,0,0,0,0,0,0,0,0,0,0,0,0,0,0,0,0,0,1,2
913,Larry Johnson,NYK,199704280CHH,"Apr 28, 1997",CHA,22,12,2,13,73.33,85.4,-12.07,8,14,4,6,1,2,0,0,0,0,0,0,0,0,0,0,0,0,0,0,0,0,0,0
164,Chris Childs,NYK,199704280CHH,"Apr 28, 1997",CHA,10,8,2,9,45.45,56.31,-10.86,4,2,4,6,0,0,0,0,0,0,0,0,0,0,0,0,0,0,0,0,0,0,1,2
193,Anthony Mason,CHA,199704280CHH,"Apr 28, 1997",NYK,14,15,2,16,43.75,44.08,-0.33,15,14,0,0,0,0,0,0,0,0,0,0,0,0,0,0,0,0,0,0,0,0,1,0
779,Glen Rice,CHA,199704280CHH,"Apr 28, 1997",NYK,22,17,4,19,50.0,58.64,-8.64,11,12,6,6,2,4,0,0,0,0,0,0,0,0,0,0,0,0,0,0,0,0,0,0
275,Allan Houston,NYK,199704280CHH,"Apr 28, 1997",CHA,20,11,3,12,62.5,81.17,-18.67,3,4,7,12,1,2,0,0,1,2,0,0,0,0,0,0,0,0,0,0,0,0,0,0
209,Dell Curry,CHA,199704280CHH,"Apr 28, 1997",NYK,9,7,0,7,60.0,64.29,-4.29,6,6,1,3,0,0,0,0,0,0,0,0,0,0,0,0,0,0,0,0,0,0,0,0
124,Vlade Divac,NYK,199704280CHH,"Apr 28, 1997",CHA,13,11,7,14,44.83,46.16,-1.33,10,6,0,0,3,5,0,0,1,2,0,0,0,0,0,0,0,0,0,0,0,0,0,0
891,Charles Oakley,CHA,199704280CHH,"Apr 28, 1997",NYK,10,5,2,6,83.33,85.03,-1.7,5,8,0,0,1,2,0,0,0,0,0,0,0,0,0,0,0,0,0,0,0,0,0,0
121,Patrick Ewing,NYK,199704280CHH,"Apr 28, 1997",CHA,16,12,6,15,53.33,54.64,-1.31,12,12,0,0,2,3,0,0,0,0,0,0,0,0,0,0,0,0,0,0,0,0,1,1
894,Ricky Pierce,CHA,199704280CHH,"Apr 28, 1997",NYK,11,11,0,11,45.83,50.0,-4.17,9,8,2,3,0,0,0,0,0,0,0,0,0,0,0,0,0,0,0,0,0,0,0,0
960,Tony Delk,CHA,199704280CHH,"Apr 28, 1997",NYK,3,7,0,7,17.65,21.43,-3.78,4,0,3,3,0,0,0,0,0,0,0,0,0,0,0,0,0,0,0,0,0,0,0,0
140,Donald Royal,CHA,199704280CHH,"Apr 28, 1997",NYK,0,1,0,1,0.0,0.0,0.0,1,0,0,0,0,0,0,0,0,0,0,0,0,0,0,0,0,0,0,0,0,0,0,0
317,John Starks,NYK,199704280CHH,"Apr 28, 1997",CHA,16,8,8,12,61.54,69.44,-7.9,6,6,2,3,1,2,0,0,0,0,0,0,0,0,0,0,0,0,0,0,0,0,3,5
433,Buck Williams,NYK,199704280CHH,"Apr 28, 1997",CHA,10,8,2,9,55.56,56.31,-0.75,8,8,0,0,1,2,0,0,0,0,0,0,0,0,0,0,0,0,0,0,0,0,0,0
761,Matt Geiger,CHA,199704280CHH,"Apr 28, 1997",NYK,2,1,0,1,100.0,100.0,0.0,1,2,0,0,0,0,0,0,0,0,0,0,0,0,0,0,0,0,0,0,0,0,0,0
369,Charlie Ward,NYK,199704280CHH,"Apr 28, 1997",CHA,0,2,0,2,0.0,0.0,0.0,2,0,0,0,0,0,0,0,0,0,0,0,0,0,0,0,0,0,0,0,0,0,0,0
990,Malik Rose,CHA,199704280CHH,"Apr 28, 1997",NYK,2,3,0,3,33.33,33.33,0.0,3,2,0,0,0,0,0,0,0,0,0,0,0,0,0,0,0,0,0,0,0,0,0,0
919,Loy Vaught,LAC,199704280LAC,"Apr 28, 1997",UTA,20,13,3,14,64.52,69.83,-5.31,10,14,2,3,0,0,0,0,1,2,0,0,0,0,0,0,0,0,0,0,0,0,1,1
731,Greg Ostertag,UTA,199704280LAC,"Apr 28, 1997",LAC,4,3,0,3,66.67,66.67,0.0,3,4,0,0,0,0,0,0,0,0,0,0,0,0,0,0,0,0,0,0,0,0,0,0
252,Karl Malone,UTA,199704280LAC,"Apr 28, 1997",LAC,26,16,10,21,61.9,63.73,-1.83,16,16,0,0,4,8,0,0,0,0,0,0,0,0,0,0,0,0,0,0,0,0,1,2
935,Bryon Russell,UTA,199704280LAC,"Apr 28, 1997",LAC,9,7,5,9,42.86,48.91,-6.05,4,6,2,0,1,0,0,0,1,2,0,0,0,0,0,0,0,0,0,0,0,0,1,1
915,Rodney Rogers,LAC,199704280LAC,"Apr 28, 1997",UTA,15,15,0,15,44.12,50.0,-5.88,11,12,4,3,0,0,0,0,0,0,0,0,0,0,0,0,0,0,0,0,0,0,0,0
239,Darrick Martin,LAC,199704280LAC,"Apr 28, 1997",UTA,6,7,2,8,33.33,38.07,-4.74,5,2,2,3,0,0,0,0,0,0,0,0,0,0,0,0,0,0,0,0,0,0,1,1
204,Jeff Hornacek,UTA,199704280LAC,"Apr 28, 1997",LAC,28,12,8,16,77.78,90.21,-12.43,8,12,4,9,2,3,0,0,0,0,0,0,0,0,0,0,0,0,0,0,0,0,2,4
907,Malik Sealy,LAC,199704280LAC,"Apr 28, 1997",UTA,13,6,8,9,56.52,68.28,-11.76,2,2,3,3,2,3,1,3,1,2,0,0,0,0,0,0,0,0,0,0,0,0,0,0
304,John Stockton,UTA,199704280LAC,"Apr 28, 1997",LAC,12,10,4,12,44.44,51.02,-6.58,7,8,3,0,0,0,0,0,0,0,0,0,0,0,0,0,0,0,0,0,0,0,2,4
953,Lorenzen Wright,LAC,199704280LAC,"Apr 28, 1997",UTA,8,8,0,8,50.0,50.0,0.0,8,8,0,0,0,0,0,0,0,0,0,0,0,0,0,0,0,0,0,0,0,0,0,0
458,Howard Eisley,UTA,199704280LAC,"Apr 28, 1997",LAC,8,4,1,4,80.0,90.09,-10.09,2,2,1,3,0,0,0,0,1,3,0,0,0,0,0,0,0,0,0,0,0,0,0,0
699,Brent Barry,LAC,199704280LAC,"Apr 28, 1997",UTA,17,10,8,14,53.12,62.87,-9.75,6,4,4,6,2,3,0,0,0,0,0,0,0,0,0,0,0,0,0,0,0,0,2,4
323,Greg Foster,UTA,199704280LAC,"Apr 28, 1997",LAC,2,3,0,3,33.33,33.33,0.0,3,2,0,0,0,0,0,0,0,0,0,0,0,0,0,0,0,0,0,0,0,0,0,0
1000,Shandon Anderson,UTA,199704280LAC,"Apr 28, 1997",LAC,0,2,2,3,0.0,0.0,0.0,1,0,1,0,1,0,0,0,0,0,0,0,0,0,0,0,0,0,0,0,0,0,0,0
448,Bo Outlaw,LAC,199704280LAC,"Apr 28, 1997",UTA,2,1,4,3,33.33,36.23,-2.9,1,2,0,0,2,0,0,0,0,0,0,0,0,0,0,0,0,0,0,0,0,0,0,0
441,Lamond Murray,LAC,199704280LAC,"Apr 28, 1997",UTA,4,5,2,6,28.57,34.01,-5.44,3,2,2,0,1,2,0,0,0,0,0,0,0,0,0,0,0,0,0,0,0,0,0,0
356,Chris Morris,UTA,199704280LAC,"Apr 28, 1997",LAC,8,6,2,7,50.0,58.14,-8.14,4,4,2,3,1,1,0,0,0,0,0,0,0,0,0,0,0,0,0,0,0,0,0,0
156,Antoine Carr,UTA,199704280LAC,"Apr 28, 1997",LAC,7,5,2,6,58.33,59.52,-1.19,5,6,0,0,0,0,0,0,0,0,0,0,0,0,0,0,0,0,0,0,0,0,1,1
15,Eric Piatkowski,LAC,199704280LAC,"Apr 28, 1997",UTA,3,3,0,3,37.5,50.0,-12.5,1,0,2,3,0,0,0,0,0,0,0,0,0,0,0,0,0,0,0,0,0,0,0,0
316,Richard Manning,LAC,199704280LAC,"Apr 28, 1997",UTA,2,3,0,3,33.33,33.33,0.0,3,2,0,0,0,0,0,0,0,0,0,0,0,0,0,0,0,0,0,0,0,0,0,0
71,Pooh Richardson,LAC,199704280LAC,"Apr 28, 1997",UTA,2,1,0,1,100.0,100.0,0.0,1,2,0,0,0,0,0,0,0,0,0,0,0,0,0,0,0,0,0,0,0,0,0,0
371,Terry Mills,DET,199704290DET,"Apr 29, 1997",ATL,17,14,0,14,50.0,60.71,-10.71,8,8,6,9,0,0,0,0,0,0,0,0,0,0,0,0,0,0,0,0,0,0,0,0
895,Tyrone Corbin,ATL,199704290DET,"Apr 29, 1997",DET,12,12,2,13,40.0,46.58,-6.58,8,10,4,0,1,2,0,0,0,0,0,0,0,0,0,0,0,0,0,0,0,0,0,0
247,Joe Dumars,DET,199704290DET,"Apr 29, 1997",ATL,10,8,7,12,38.46,45.13,-6.67,5,0,3,3,1,2,0,0,0,0,0,0,1,1,0,0,0,0,0,0,0,0,2,4
363,Christian Laettner,ATL,199704290DET,"Apr 29, 1997",DET,25,18,6,21,54.35,60.56,-6.21,14,16,4,3,3,6,0,0,0,0,0,0,0,0,0,0,0,0,0,0,0,0,0,0
120,Steven Smith,ATL,199704290DET,"Apr 29, 1997",DET,21,14,8,19,51.22,59.93,-8.71,9,12,5,3,3,4,0,0,0,0,0,0,2,2,0,0,0,0,0,0,0,0,0,0
901,Otis Thorpe,ATL,199704290DET,"Apr 29, 1997",DET,16,9,3,10,76.19,77.52,-1.33,8,12,0,0,1,1,0,0,1,3,0,0,0,0,0,0,0,0,0,0,0,0,0,0
255,Grant Hill,DET,199704290DET,"Apr 29, 1997",ATL,24,19,7,22,53.33,54.35,-1.02,18,18,0,0,1,1,0,0,1,2,0,0,0,0,0,0,0,0,0,0,0,0,2,3
302,Mookie Blaylock,ATL,199704290DET,"Apr 29, 1997",DET,16,13,5,15,39.02,52.63,-13.61,3,4,9,6,0,0,0,0,0,0,1,4,0,0,0,0,0,0,0,0,0,0,2,2
283,Lindsey Hunter,DET,199704290DET,"Apr 29, 1997",ATL,26,17,0,17,66.67,76.47,-9.8,12,14,5,12,0,0,0,0,0,0,0,0,0,0,0,0,0,0,0,0,0,0,0,0
87,Dikembe Mutombo,ATL,199704290DET,"Apr 29, 1997",DET,15,7,4,9,83.33,85.62,-2.29,7,12,0,0,1,2,0,0,0,0,0,0,0,0,0,0,0,0,0,0,0,0,1,1
243,Aaron McKie,DET,199704290DET,"Apr 29, 1997",ATL,2,3,0,3,33.33,33.33,0.0,3,2,0,0,0,0,0,0,0,0,0,0,0,0,0,0,0,0,0,0,0,0,0,0
3,Grant Long,DET,199704290DET,"Apr 29, 1997",ATL,2,3,0,3,33.33,33.33,0.0,3,2,0,0,0,0,0,0,0,0,0,0,0,0,0,0,0,0,0,0,0,0,0,0
673,Alan Henderson,ATL,199704290DET,"Apr 29, 1997",DET,2,2,0,2,50.0,50.0,0.0,2,2,0,0,0,0,0,0,0,0,0,0,0,0,0,0,0,0,0,0,0,0,0,0
689,Theo Ratliff,DET,199704290DET,"Apr 29, 1997",ATL,2,1,0,1,100.0,100.0,0.0,1,2,0,0,0,0,0,0,0,0,0,0,0,0,0,0,0,0,0,0,0,0,0,0
165,Hakeem Olajuwon,HOU,199704290MIN,"Apr 29, 1997",MIN,19,15,2,16,59.38,59.82,-0.44,15,18,0,0,1,1,0,0,0,0,0,0,0,0,0,0,0,0,0,0,0,0,0,0
950,Stephon Marbury,MIN,199704290MIN,"Apr 29, 1997",HOU,14,21,2,22,29.17,31.99,-2.82,17,12,4,0,0,0,0,0,0,0,0,0,0,0,0,0,0,0,0,0,0,0,1,2
787,Charles Barkley,HOU,199704290MIN,"Apr 29, 1997",MIN,20,9,11,14,64.52,72.25,-7.73,6,6,2,3,4,7,0,0,1,3,0,0,0,0,0,0,0,0,0,0,0,0,1,1
17,Clyde Drexler,MIN,199704290MIN,"Apr 29, 1997",HOU,17,11,5,13,54.84,64.39,-9.55,6,8,4,3,1,2,0,0,1,3,0,0,0,0,0,0,0,0,0,0,0,0,1,1
28,Doug West,MIN,199704290MIN,"Apr 29, 1997",HOU,16,8,6,11,72.73,75.19,-2.46,8,10,0,0,3,6,0,0,0,0,0,0,0,0,0,0,0,0,0,0,0,0,0,0
1051,Dean Garrett,MIN,199704290MIN,"Apr 29, 1997",HOU,26,17,5,19,66.67,67.71,-1.04,16,20,0,0,1,1,0,0,1,3,0,0,0,0,0,0,0,0,0,0,0,0,1,2
53,Mario Elie,HOU,199704290MIN,"Apr 29, 1997",MIN,21,8,7,12,75.0,94.77,-19.77,3,4,5,12,1,2,0,0,0,0,0,0,1,0,0,0,0,0,0,0,0,0,2,3
339,Tom Gugliotta,MIN,199704290MIN,"Apr 29, 1997",HOU,27,19,6,24,56.25,62.38,-6.13,15,14,4,9,0,0,0,0,0,0,0,0,4,3,0,0,0,0,0,0,0,0,1,1
708,Kevin Garnett,MIN,199704290MIN,"Apr 29, 1997",HOU,17,16,3,17,48.57,49.08,-0.51,15,12,0,0,1,2,0,0,1,3,0,0,0,0,0,0,0,0,0,0,0,0,0,0
1074,Matt Maloney,HOU,199704290MIN,"Apr 29, 1997",MIN,26,11,3,12,78.79,105.52,-26.73,2,4,8,18,0,0,0,0,1,2,0,0,0,0,0,0,0,0,0,0,0,0,1,2
788,Kevin Willis,HOU,199704290MIN,"Apr 29, 1997",MIN,5,6,2,7,35.71,36.34,-0.63,6,4,0,0,1,1,0,0,0,0,0,0,0,0,0,0,0,0,0,0,0,0,0,0
698,Eddie Johnson,HOU,199704290MIN,"Apr 29, 1997",MIN,12,9,0,9,50.0,66.67,-16.67,3,6,6,6,0,0,0,0,0,0,0,0,0,0,0,0,0,0,0,0,0,0,0,0
9,Sedale Threatt,HOU,199704290MIN,"Apr 29, 1997",MIN,5,4,0,4,45.45,62.5,-17.05,1,2,3,3,0,0,0,0,0,0,0,0,0,0,0,0,0,0,0,0,0,0,0,0
345,Terry Porter,MIN,199704290MIN,"Apr 29, 1997",HOU,0,2,0,2,0.0,0.0,0.0,1,0,1,0,0,0,0,0,0,0,0,0,0,0,0,0,0,0,0,0,0,0,0,0
381,James Robinson,MIN,199704290MIN,"Apr 29, 1997",HOU,11,7,0,7,55.0,78.57,-23.57,1,2,6,9,0,0,0,0,0,0,0,0,0,0,0,0,0,0,0,0,0,0,0,0
417,Sam Mitchell,MIN,199704290MIN,"Apr 29, 1997",HOU,9,6,1,6,69.23,69.88,-0.65,5,6,0,0,0,0,0,0,1,3,0,0,0,0,0,0,0,0,0,0,0,0,0,0
297,Alonzo Mourning,MIA,199704290ORL,"Apr 29, 1997",ORL,17,12,6,14,56.67,58.06,-1.39,10,12,0,0,1,1,0,0,2,4,0,0,0,0,0,0,0,0,0,0,0,0,1,0
938,Rony Seikaly,MIA,199704290ORL,"Apr 29, 1997",ORL,2,3,0,3,33.33,33.33,0.0,3,2,0,0,0,0,0,0,0,0,0,0,0,0,0,0,0,0,0,0,0,0,0,0
98,Nick Anderson,ORL,199704290ORL,"Apr 29, 1997",MIA,2,7,0,7,10.53,14.29,-3.76,2,2,5,0,0,0,0,0,0,0,0,0,0,0,0,0,0,0,0,0,0,0,0,0
358,Anfernee Hardaway,ORL,199704290ORL,"Apr 29, 1997",MIA,42,30,10,34,56.76,61.05,-4.29,24,26,4,3,4,7,0,0,2,6,0,0,0,0,0,0,0,0,0,0,0,0,0,0
469,Jamal Mashburn,MIA,199704290ORL,"Apr 29, 1997",ORL,9,12,2,13,31.03,34.94,-3.91,9,6,3,3,1,0,0,0,0,0,0,0,0,0,0,0,0,0,0,0,0,0,0,0
216,Brian Shaw,ORL,199704290ORL,"Apr 29, 1997",MIA,2,5,0,5,16.67,20.0,-3.33,3,2,2,0,0,0,0,0,0,0,0,0,0,0,0,0,0,0,0,0,0,0,0,0
136,P.J. Brown,MIA,199704290ORL,"Apr 29, 1997",ORL,7,5,4,7,50.0,51.78,-1.78,5,4,0,0,2,3,0,0,0,0,0,0,0,0,0,0,0,0,0,0,0,0,0,0
400,Derek Strong,ORL,199704290ORL,"Apr 29, 1997",MIA,0,1,0,1,0.0,0.0,0.0,1,0,0,0,0,0,0,0,0,0,0,0,0,0,0,0,0,0,0,0,0,0,0,0
896,Tim Hardaway,MIA,199704290ORL,"Apr 29, 1997",ORL,12,16,2,17,27.27,35.55,-8.28,6,2,10,9,1,1,0,0,0,0,0,0,0,0,0,0,0,0,0,0,0,0,0,0
702,Voshon Lenard,MIA,199704290ORL,"Apr 29, 1997",ORL,14,13,2,14,38.89,50.43,-11.54,5,6,8,6,0,0,0,0,0,0,0,0,0,0,0,0,0,0,0,0,0,0,1,2
173,Keith Askins,MIA,199704290ORL,"Apr 29, 1997",ORL,7,5,2,6,50.0,59.52,-9.52,3,2,2,3,0,0,0,0,0,0,0,0,0,0,0,0,0,0,0,0,0,0,1,2
192,Dennis Scott,ORL,199704290ORL,"Apr 29, 1997",MIA,0,3,0,3,0.0,0.0,0.0,2,0,1,0,0,0,0,0,0,0,0,0,0,0,0,0,0,0,0,0,0,0,0,0
353,Darrell Armstrong,ORL,199704290ORL,"Apr 29, 1997",MIA,21,11,7,14,61.76,74.57,-12.81,6,8,4,3,3,6,0,0,0,0,1,4,0,0,0,0,0,0,0,0,0,0,0,0
105,Dan Majerle,MIA,199704290ORL,"Apr 29, 1997",ORL,5,8,0,8,23.81,31.25,-7.44,3,2,5,3,0,0,0,0,0,0,0,0,0,0,0,0,0,0,0,0,0,0,0,0
1134,Ike Austin,MIA,199704290ORL,"Apr 29, 1997",ORL,4,7,0,7,28.57,28.57,0.0,7,4,0,0,0,0,0,0,0,0,0,0,0,0,0,0,0,0,0,0,0,0,0,0
180,John Crotty,MIA,199704290ORL,"Apr 29, 1997",ORL,0,2,0,2,0.0,0.0,0.0,0,0,2,0,0,0,0,0,0,0,0,0,0,0,0,0,0,0,0,0,0,0,0,0
786,Gerald Wilkins,ORL,199704290ORL,"Apr 29, 1997",MIA,11,9,2,10,50.0,55.67,-5.67,7,6,2,3,1,2,0,0,0,0,0,0,0,0,0,0,0,0,0,0,0,0,0,0
7,Dan Schayes,ORL,199704290ORL,"Apr 29, 1997",MIA,8,4,4,6,66.67,69.44,-2.77,4,4,0,0,1,2,0,0,0,0,0,0,0,0,0,0,0,0,0,0,0,0,1,2
47,Wayman Tisdale,PHX,199704290PHO,"Apr 29, 1997",SEA,4,4,0,4,50.0,50.0,0.0,4,4,0,0,0,0,0,0,0,0,0,0,0,0,0,0,0,0,0,0,0,0,0,0
364,Rex Chapman,SEA,199704290PHO,"Apr 29, 1997",PHX,23,14,6,17,54.76,69.11,-14.35,6,8,8,12,2,2,0,0,0,0,0,0,0,0,0,0,0,0,0,0,0,0,1,1
56,Gary Payton,SEA,199704290PHO,"Apr 29, 1997",PHX,34,24,4,26,51.52,65.99,-14.47,10,8,14,24,2,2,0,0,0,0,0,0,0,0,0,0,0,0,0,0,0,0,0,0
73,Hot Rod Williams,PHX,199704290PHO,"Apr 29, 1997",SEA,8,4,0,4,100.0,100.0,0.0,4,8,0,0,0,0,0,0,0,0,0,0,0,0,0,0,0,0,0,0,0,0,0,0
134,Kevin Johnson,PHX,199704290PHO,"Apr 29, 1997",SEA,22,17,12,23,41.51,49.37,-7.86,10,12,7,0,5,8,0,0,0,0,0,0,0,0,0,0,0,0,0,0,0,0,1,2
431,Shawn Kemp,SEA,199704290PHO,"Apr 29, 1997",PHX,24,15,11,20,57.14,60.48,-3.34,13,12,1,0,4,7,0,0,1,3,0,0,0,0,0,0,0,0,0,0,0,0,1,2
187,Terry Cummings,SEA,199704290PHO,"Apr 29, 1997",PHX,10,8,2,9,55.56,56.31,-0.75,8,8,0,0,1,2,0,0,0,0,0,0,0,0,0,0,0,0,0,0,0,0,0,0
765,Hersey Hawkins,SEA,199704290PHO,"Apr 29, 1997",PHX,14,15,1,16,36.84,45.34,-8.5,8,4,7,9,0,0,0,0,0,0,0,0,1,1,0,0,0,0,0,0,0,0,0,0
467,Jason Kidd,PHX,199704290PHO,"Apr 29, 1997",SEA,7,6,2,7,43.75,50.87,-7.12,4,2,2,3,1,2,0,0,0,0,0,0,0,0,0,0,0,0,0,0,0,0,0,0
96,Detlef Schrempf,SEA,199704290PHO,"Apr 29, 1997",PHX,8,10,2,11,32.0,36.76,-4.76,7,6,3,0,1,2,0,0,0,0,0,0,0,0,0,0,0,0,0,0,0,0,0,0
95,Mark Bryant,PHX,199704290PHO,"Apr 29, 1997",SEA,0,2,0,2,0.0,0.0,0.0,2,0,0,0,0,0,0,0,0,0,0,0,0,0,0,0,0,0,0,0,0,0,0,0
330,Danny Manning,PHX,199704290PHO,"Apr 29, 1997",SEA,11,8,2,9,61.11,61.94,-0.83,8,10,0,0,1,1,0,0,0,0,0,0,0,0,0,0,0,0,0,0,0,0,0,0
445,Wesley Person,PHX,199704290PHO,"Apr 29, 1997",SEA,29,14,8,18,63.04,82.76,-19.72,4,4,10,18,2,3,0,0,0,0,0,0,0,0,0,0,0,0,0,0,0,0,2,4
37,Greg Graham,SEA,199704290PHO,"Apr 29, 1997",PHX,2,1,0,1,100.0,100.0,0.0,1,2,0,0,0,0,0,0,0,0,0,0,0,0,0,0,0,0,0,0,0,0,0,0
64,Sam Perkins,SEA,199704290PHO,"Apr 29, 1997",PHX,3,5,2,6,21.43,25.51,-4.08,3,2,2,0,1,1,0,0,0,0,0,0,0,0,0,0,0,0,0,0,0,0,0,0
766,David Wingate,SEA,199704290PHO,"Apr 29, 1997",PHX,8,5,4,7,47.06,59.17,-12.11,2,2,3,3,1,2,0,0,0,0,0,0,0,0,0,0,0,0,0,0,0,0,1,1
76,Cedric Ceballos,SEA,199704290PHO,"Apr 29, 1997",PHX,6,9,2,10,28.57,30.36,-1.79,8,4,1,0,1,2,0,0,0,0,0,0,0,0,0,0,0,0,0,0,0,0,0,0
959,Steve Nash,PHX,199704290PHO,"Apr 29, 1997",SEA,0,1,0,1,0.0,0.0,0.0,0,0,1,0,0,0,0,0,0,0,0,0,0,0,0,0,0,0,0,0,0,0,0,0
717,Arvydas Sabonis,POR,199704300POR,"Apr 30, 1997",LAL,0,7,0,7,0.0,0.0,0.0,7,0,0,0,0,0,0,0,0,0,0,0,0,0,0,0,0,0,0,0,0,0,0,0
361,Clifford Robinson,POR,199704300POR,"Apr 30, 1997",LAL,18,11,8,15,54.55,61.98,-7.43,7,6,3,3,2,3,0,0,1,3,0,0,0,0,0,0,0,0,0,0,0,0,2,3
72,Kenny Anderson,LAL,199704300POR,"Apr 30, 1997",POR,30,11,10,16,83.33,97.4,-14.07,7,12,4,9,3,5,0,0,0,0,0,0,0,0,0,0,0,0,0,0,0,0,2,4
89,Nick Van Exel,LAL,199704300POR,"Apr 30, 1997",POR,0,6,2,7,0.0,0.0,0.0,3,0,3,0,1,0,0,0,0,0,0,0,0,0,0,0,0,0,0,0,0,0,0,0
224,Eddie Jones,LAL,199704300POR,"Apr 30, 1997",POR,11,9,3,10,42.31,53.29,-10.98,3,4,5,3,1,1,0,0,1,3,0,0,0,0,0,0,0,0,0,0,0,0,0,0
406,Shaquille O'Neal,LAL,199704300POR,"Apr 30, 1997",POR,29,21,16,27,50.0,51.71,-1.71,17,12,0,0,4,5,0,0,4,11,0,0,0,0,1,1,0,0,0,0,0,0,1,0
201,Chris Dudley,POR,199704300POR,"Apr 30, 1997",LAL,0,3,0,3,0.0,0.0,0.0,3,0,0,0,0,0,0,0,0,0,0,0,0,0,0,0,0,0,0,0,0,0,0,0
109,Robert Horry,POR,199704300POR,"Apr 30, 1997",LAL,0,2,0,2,0.0,0.0,0.0,1,0,1,0,0,0,0,0,0,0,0,0,0,0,0,0,0,0,0,0,0,0,0,0
375,Isaiah Rider,POR,199704300POR,"Apr 30, 1997",LAL,12,15,4,18,29.27,35.8,-6.53,8,4,7,6,1,2,0,0,0,0,0,0,2,0,0,0,0,0,0,0,0,0,0,0
922,Elden Campbell,LAL,199704300POR,"Apr 30, 1997",POR,4,5,4,7,28.57,29.59,-1.02,5,2,0,0,2,2,0,0,0,0,0,0,0,0,0,0,0,0,0,0,0,0,0,0
739,Rasheed Wallace,POR,199704300POR,"Apr 30, 1997",LAL,20,13,8,16,55.56,60.53,-4.97,9,8,2,3,2,2,0,0,2,5,0,0,0,0,0,0,0,0,0,0,0,0,1,2
760,Jerome Kersey,LAL,199704300POR,"Apr 30, 1997",POR,8,4,5,6,57.14,64.52,-7.38,2,2,1,0,1,2,0,0,1,3,0,0,0,0,0,0,0,0,0,0,0,0,1,1
969,Travis Knight,LAL,199704300POR,"Apr 30, 1997",POR,9,5,2,6,75.0,76.53,-1.53,5,8,0,0,0,0,0,0,0,0,0,0,0,0,0,0,0,0,0,0,0,0,1,1
718,Gary Trent,POR,199704300POR,"Apr 30, 1997",LAL,9,8,3,9,47.37,48.28,-0.91,7,6,0,0,1,0,0,0,1,3,0,0,0,0,0,0,0,0,0,0,0,0,0,0
977,Kobe Bryant,LAL,199704300POR,"Apr 30, 1997",POR,22,13,8,17,59.46,66.59,-7.13,10,10,3,6,2,3,0,0,0,0,0,0,0,0,0,0,0,0,0,0,0,0,2,3
965,Derek Fisher,LAL,199704300POR,"Apr 30, 1997",POR,0,1,0,1,0.0,0.0,0.0,0,0,1,0,0,0,0,0,0,0,0,0,0,0,0,0,0,0,0,0,0,0,0,0
278,Stacey Augmon,POR,199704300POR,"Apr 30, 1997",LAL,2,1,2,2,50.0,53.19,-3.19,1,0,0,0,1,2,0,0,0,0,0,0,0,0,0,0,0,0,0,0,0,0,0,0
716,Rumeal Robinson,POR,199704300POR,"Apr 30, 1997",LAL,3,3,1,3,42.86,43.6,-0.74,2,0,0,0,0,0,0,0,1,3,0,0,0,0,0,0,0,0,0,0,0,0,0,0
2,Byron Scott,LAL,199704300POR,"Apr 30, 1997",POR,7,6,2,8,43.75,50.87,-7.12,4,2,2,3,0,0,0,0,0,0,0,0,2,2,0,0,0,0,0,0,0,0,0,0
112,Dontonio Wingfield,POR,199704300POR,"Apr 30, 1997",LAL,4,0,4,2,100.0,113.64,-13.64,0,0,0,0,0,0,0,0,0,0,0,0,0,0,0,0,0,0,0,0,0,0,2,4
893,Michael Jordan,CHI,199704300WSB,"Apr 30, 1997",WAS,28,24,0,24,52.83,58.33,-5.5,19,28,5,0,0,0,0,0,0,0,0,0,0,0,0,0,0,0,0,0,0,0,0,0
384,Calbert Cheaney,WAS,199704300WSB,"Apr 30, 1997",CHI,8,8,4,10,40.0,40.98,-0.98,8,6,0,0,1,0,0,0,0,0,0,0,0,0,0,0,0,0,0,0,0,0,1,2
49,Gheorghe Muresan,WAS,199704300WSB,"Apr 30, 1997",CHI,2,2,2,3,33.33,34.72,-1.39,2,0,0,0,1,2,0,0,0,0,0,0,0,0,0,0,0,0,0,0,0,0,0,0
393,Rod Strickland,WAS,199704300WSB,"Apr 30, 1997",CHI,24,18,7,21,54.55,56.93,-2.38,16,14,1,3,2,3,0,0,1,3,0,0,0,0,0,0,0,0,0,0,0,0,1,1
26,Luc Longley,CHI,199704300WSB,"Apr 30, 1997",WAS,4,4,1,5,44.44,45.05,-0.61,4,4,0,0,1,0,0,0,0,0,0,0,0,0,0,0,0,0,0,0,0,0,0,0
23,Dennis Rodman,CHI,199704300WSB,"Apr 30, 1997",WAS,14,8,3,9,73.68,75.11,-1.43,7,10,0,0,1,1,0,0,1,3,0,0,0,0,0,0,0,0,0,0,0,0,0,0
436,Juwan Howard,WAS,199704300WSB,"Apr 30, 1997",CHI,17,15,3,16,51.52,52.08,-0.56,14,12,0,0,0,0,0,0,1,3,0,0,0,0,0,0,0,0,0,0,0,0,1,2
937,Scottie Pippen,CHI,199704300WSB,"Apr 30, 1997",WAS,20,18,3,19,43.48,51.76,-8.28,10,10,7,6,0,0,0,0,1,2,0,0,0,0,0,0,0,0,0,0,0,0,1,2
166,Ron Harper,CHI,199704300WSB,"Apr 30, 1997",WAS,5,5,2,6,33.33,42.52,-9.19,2,0,3,3,1,2,0,0,0,0,0,0,0,0,0,0,0,0,0,0,0,0,0,0
185,Chris Webber,WAS,199704300WSB,"Apr 30, 1997",CHI,18,10,2,11,75.0,82.72,-7.72,8,16,2,0,1,2,0,0,0,0,0,0,0,0,0,0,0,0,0,0,0,0,0,0
753,Randy Brown,CHI,199704300WSB,"Apr 30, 1997",WAS,0,3,0,3,0.0,0.0,0.0,3,0,0,0,0,0,0,0,0,0,0,0,0,0,0,0,0,0,0,0,0,0,0,0
145,Tracy Murray,WAS,199704300WSB,"Apr 30, 1997",CHI,20,11,2,11,74.07,84.18,-10.11,6,8,3,6,0,0,0,0,2,6,0,0,0,0,0,0,0,0,0,0,0,0,0,0
389,Toni Kukoc,CHI,199704300WSB,"Apr 30, 1997",WAS,16,7,6,10,66.67,82.99,-16.32,3,4,4,6,2,4,0,0,0,0,0,0,0,0,0,0,0,0,0,0,0,0,1,2
70,Steve Kerr,CHI,199704300WSB,"Apr 30, 1997",WAS,7,6,0,6,50.0,58.33,-8.33,4,4,2,3,0,0,0,0,0,0,0,0,0,0,0,0,0,0,0,0,0,0,0,0
183,Bison Dele,CHI,199704300WSB,"Apr 30, 1997",WAS,2,3,0,3,33.33,33.33,0.0,3,2,0,0,0,0,0,0,0,0,0,0,0,0,0,0,0,0,0,0,0,0,0,0
679,Jason Caffey,CHI,199704300WSB,"Apr 30, 1997",WAS,0,1,0,1,0.0,0.0,0.0,1,0,0,0,0,0,0,0,0,0,0,0,0,0,0,0,0,0,0,0,0,0,0,0
43,Chris Whitney,WAS,199704300WSB,"Apr 30, 1997",CHI,6,3,0,3,66.67,100.0,-33.33,0,0,3,6,0,0,0,0,0,0,0,0,0,0,0,0,0,0,0,0,0,0,0,0
765,Hersey Hawkins,SEA,199705010PHO,"May 1, 1997",PHX,17,15,0,15,43.59,56.67,-13.08,6,2,9,15,0,0,0,0,0,0,0,0,0,0,0,0,0,0,0,0,0,0,0,0
47,Wayman Tisdale,PHX,199705010PHO,"May 1, 1997",SEA,2,3,0,3,33.33,33.33,0.0,3,2,0,0,0,0,0,0,0,0,0,0,0,0,0,0,0,0,0,0,0,0,0,0
431,Shawn Kemp,SEA,199705010PHO,"May 1, 1997",PHX,24,12,16,20,57.14,63.03,-5.89,10,8,2,3,5,7,0,0,0,0,0,0,0,0,0,0,0,0,0,0,0,0,3,6
134,Kevin Johnson,SEA,199705010PHO,"May 1, 1997",PHX,23,19,9,23,46.0,50.09,-4.09,14,8,3,3,3,5,0,0,2,6,0,0,1,1,0,0,0,0,0,0,0,0,0,0
364,Rex Chapman,PHX,199705010PHO,"May 1, 1997",SEA,22,22,1,22,38.6,49.02,-10.42,9,8,12,12,0,0,0,0,1,2,0,0,0,0,0,0,0,0,0,0,0,0,0,0
73,Hot Rod Williams,PHX,199705010PHO,"May 1, 1997",SEA,3,3,1,3,42.86,43.6,-0.74,2,0,0,0,0,0,0,0,1,3,0,0,0,0,0,0,0,0,0,0,0,0,0,0
56,Gary Payton,SEA,199705010PHO,"May 1, 1997",PHX,28,20,6,23,49.12,61.84,-12.72,9,8,11,15,2,3,0,0,0,0,0,0,0,0,0,0,0,0,0,0,0,0,1,2
187,Terry Cummings,SEA,199705010PHO,"May 1, 1997",PHX,8,6,0,6,66.67,66.67,0.0,6,8,0,0,0,0,0,0,0,0,0,0,0,0,0,0,0,0,0,0,0,0,0,0
96,Detlef Schrempf,SEA,199705010PHO,"May 1, 1997",PHX,26,17,11,22,52.0,59.52,-7.52,11,6,5,9,3,6,0,0,1,3,0,0,0,0,0,0,0,0,0,0,0,0,2,2
467,Jason Kidd,PHX,199705010PHO,"May 1, 1997",SEA,23,17,7,20,53.49,57.27,-3.78,14,12,2,6,2,1,0,0,1,3,0,0,0,0,0,0,0,0,0,0,0,0,1,1
76,Cedric Ceballos,PHX,199705010PHO,"May 1, 1997",SEA,16,12,2,13,50.0,62.11,-12.11,6,8,6,6,1,2,0,0,0,0,0,0,0,0,0,0,0,0,0,0,0,0,0,0
64,Sam Perkins,SEA,199705010PHO,"May 1, 1997",PHX,16,11,3,12,57.14,64.94,-7.8,7,8,3,3,0,0,0,0,1,3,0,0,0,0,0,0,0,0,0,0,0,0,1,2
37,Greg Graham,SEA,199705010PHO,"May 1, 1997",PHX,0,1,0,1,0.0,0.0,0.0,1,0,0,0,0,0,0,0,0,0,0,0,0,0,0,0,0,0,0,0,0,0,0,0
330,Danny Manning,PHX,199705010PHO,"May 1, 1997",SEA,19,13,3,14,63.33,66.34,-3.01,11,14,1,0,1,2,0,0,1,3,0,0,0,0,0,0,0,0,0,0,0,0,0,0
445,Wesley Person,PHX,199705010PHO,"May 1, 1997",SEA,2,5,0,5,14.29,20.0,-5.71,1,2,4,0,0,0,0,0,0,0,0,0,0,0,0,0,0,0,0,0,0,0,0,0
766,David Wingate,SEA,199705010PHO,"May 1, 1997",PHX,3,7,0,7,17.65,21.43,-3.78,4,0,3,3,0,0,0,0,0,0,0,0,0,0,0,0,0,0,0,0,0,0,0,0
959,Steve Nash,PHX,199705010PHO,"May 1, 1997",SEA,5,3,0,3,62.5,83.33,-20.83,1,2,2,3,0,0,0,0,0,0,0,0,0,0,0,0,0,0,0,0,0,0,0,0
216,Brian Shaw,ORL,199705010ORL,"May 1, 1997",MIA,0,2,0,2,0.0,0.0,0.0,2,0,0,0,0,0,0,0,0,0,0,0,0,0,0,0,0,0,0,0,0,0,0,0
469,Jamal Mashburn,MIA,199705010ORL,"May 1, 1997",ORL,19,13,2,14,55.88,68.44,-12.56,7,4,6,15,1,0,0,0,0,0,0,0,0,0,0,0,0,0,0,0,0,0,0,0
358,Anfernee Hardaway,ORL,199705010ORL,"May 1, 1997",MIA,41,23,16,29,58.57,68.24,-9.67,12,10,8,12,3,4,1,2,3,9,0,0,0,0,0,0,0,0,0,0,0,0,2,4
136,P.J. Brown,MIA,199705010ORL,"May 1, 1997",ORL,20,11,10,16,62.5,64.94,-2.44,11,12,0,0,5,8,0,0,0,0,0,0,0,0,0,0,0,0,0,0,0,0,0,0
297,Alonzo Mourning,MIA,199705010ORL,"May 1, 1997",ORL,23,18,11,23,48.94,50.35,-1.41,17,16,0,0,3,3,0,0,1,2,0,0,0,0,0,0,0,0,0,0,0,0,2,2
98,Nick Anderson,ORL,199705010ORL,"May 1, 1997",MIA,2,4,0,4,22.22,25.0,-2.78,3,2,1,0,0,0,0,0,0,0,0,0,0,0,0,0,0,0,0,0,0,0,0,0
702,Voshon Lenard,MIA,199705010ORL,"May 1, 1997",ORL,5,8,0,8,26.32,31.25,-4.93,5,2,3,3,0,0,0,0,0,0,0,0,0,0,0,0,0,0,0,0,0,0,0,0
896,Tim Hardaway,MIA,199705010ORL,"May 1, 1997",ORL,16,18,3,20,33.33,41.41,-8.08,9,4,9,9,0,0,0,0,0,0,0,0,1,1,0,0,0,0,0,0,0,0,1,2
7,Dan Schayes,ORL,199705010ORL,"May 1, 1997",MIA,10,6,0,6,83.33,83.33,0.0,6,10,0,0,0,0,0,0,0,0,0,0,0,0,0,0,0,0,0,0,0,0,0,0
400,Derek Strong,ORL,199705010ORL,"May 1, 1997",MIA,15,9,5,11,65.22,66.96,-1.74,8,10,0,0,1,1,0,0,1,3,0,0,0,0,0,0,0,0,0,0,0,0,1,1
173,Keith Askins,MIA,199705010ORL,"May 1, 1997",ORL,2,3,0,3,33.33,33.33,0.0,3,2,0,0,0,0,0,0,0,0,0,0,0,0,0,0,0,0,0,0,0,0,0,0
353,Darrell Armstrong,ORL,199705010ORL,"May 1, 1997",MIA,12,11,1,12,44.44,52.45,-8.01,7,8,4,3,0,0,0,0,0,0,0,0,1,1,0,0,0,0,0,0,0,0,0,0
786,Gerald Wilkins,ORL,199705010ORL,"May 1, 1997",MIA,11,10,6,13,39.29,43.51,-4.22,8,6,2,0,3,5,0,0,0,0,0,0,0,0,0,0,0,0,0,0,0,0,0,0
105,Dan Majerle,MIA,199705010ORL,"May 1, 1997",ORL,6,5,0,5,50.0,60.0,-10.0,3,6,2,0,0,0,0,0,0,0,0,0,0,0,0,0,0,0,0,0,0,0,0,0
192,Dennis Scott,ORL,199705010ORL,"May 1, 1997",MIA,8,9,0,9,33.33,44.44,-11.11,3,2,6,6,0,0,0,0,0,0,0,0,0,0,0,0,0,0,0,0,0,0,0,0
922,Elden Campbell,LAL,199705020POR,"May 2, 1997",POR,27,16,12,22,61.36,63.44,-2.08,16,16,0,0,5,9,0,0,0,0,0,0,0,0,0,0,0,0,0,0,0,0,1,2
361,Clifford Robinson,POR,199705020POR,"May 2, 1997",LAL,12,13,2,14,37.5,43.23,-5.73,9,8,4,3,1,1,0,0,0,0,0,0,0,0,0,0,0,0,0,0,0,0,0,0
89,Nick Van Exel,LAL,199705020POR,"May 2, 1997",POR,11,13,4,15,33.33,37.26,-3.93,10,8,3,0,0,0,0,0,0,0,0,0,0,0,0,0,0,0,0,0,0,0,2,3
717,Arvydas Sabonis,POR,199705020POR,"May 2, 1997",LAL,23,16,2,17,62.16,68.13,-5.97,13,18,3,3,1,2,0,0,0,0,0,0,0,0,0,0,0,0,0,0,0,0,0,0
72,Kenny Anderson,POR,199705020POR,"May 2, 1997",LAL,6,8,4,11,25.0,30.74,-5.74,4,2,4,0,1,2,0,0,0,0,0,0,2,2,0,0,0,0,0,0,0,0,0,0
375,Isaiah Rider,LAL,199705020POR,"May 2, 1997",POR,16,10,7,14,53.33,61.16,-7.83,6,4,3,3,0,0,0,0,1,3,0,0,2,2,0,0,0,0,0,0,0,0,2,4
224,Eddie Jones,LAL,199705020POR,"May 2, 1997",POR,15,8,10,13,50.0,60.48,-10.48,4,4,4,3,3,5,0,0,0,0,0,0,0,0,0,0,0,0,0,0,0,0,2,3
406,Shaquille O'Neal,LAL,199705020POR,"May 2, 1997",POR,27,19,11,24,55.1,56.63,-1.53,18,16,0,0,5,8,0,0,1,3,0,0,0,0,0,0,0,0,0,0,0,0,0,0
109,Robert Horry,LAL,199705020POR,"May 2, 1997",POR,6,6,4,8,31.58,38.66,-7.08,3,2,3,0,0,0,0,0,0,0,0,0,0,0,0,0,0,0,0,0,0,0,2,4
739,Rasheed Wallace,POR,199705020POR,"May 2, 1997",LAL,21,14,0,14,72.41,75.0,-2.59,13,18,1,3,0,0,0,0,0,0,0,0,0,0,0,0,0,0,0,0,0,0,0,0
969,Travis Knight,LAL,199705020POR,"May 2, 1997",POR,2,1,0,1,100.0,100.0,0.0,1,2,0,0,0,0,0,0,0,0,0,0,0,0,0,0,0,0,0,0,0,0,0,0
201,Chris Dudley,POR,199705020POR,"May 2, 1997",LAL,2,2,2,3,33.33,34.72,-1.39,2,0,0,0,0,0,0,0,0,0,0,0,0,0,0,0,0,0,0,0,0,0,1,2
718,Gary Trent,POR,199705020POR,"May 2, 1997",LAL,9,6,7,9,45.0,49.56,-4.56,4,2,1,0,3,5,0,0,1,2,0,0,0,0,0,0,0,0,0,0,0,0,0,0
760,Jerome Kersey,LAL,199705020POR,"May 2, 1997",POR,7,5,3,6,53.85,55.38,-1.53,4,2,0,0,1,2,0,0,1,3,0,0,0,0,0,0,0,0,0,0,0,0,0,0
278,Stacey Augmon,POR,199705020POR,"May 2, 1997",LAL,2,3,0,3,33.33,33.33,0.0,3,2,0,0,0,0,0,0,0,0,0,0,0,0,0,0,0,0,0,0,0,0,0,0
2,Byron Scott,LAL,199705020POR,"May 2, 1997",POR,0,1,0,1,0.0,0.0,0.0,0,0,1,0,0,0,0,0,0,0,0,0,0,0,0,0,0,0,0,0,0,0,0,0
120,Steven Smith,ATL,199705020DET,"May 2, 1997",DET,28,12,10,17,70.0,85.37,-15.37,6,4,6,15,4,8,0,0,0,0,0,0,0,0,0,0,0,0,0,0,0,0,1,1
371,Terry Mills,DET,199705020DET,"May 2, 1997",ATL,11,10,0,10,47.83,55.0,-7.17,7,8,3,3,0,0,0,0,0,0,0,0,0,0,0,0,0,0,0,0,0,0,0,0
283,Lindsey Hunter,DET,199705020DET,"May 2, 1997",ATL,10,13,4,15,28.57,33.88,-5.31,8,4,5,3,2,3,0,0,0,0,0,0,0,0,0,0,0,0,0,0,0,0,0,0
255,Grant Hill,DET,199705020DET,"May 2, 1997",ATL,28,22,8,26,53.85,54.86,-1.01,22,22,0,0,4,6,0,0,0,0,0,0,0,0,0,0,0,0,0,0,0,0,0,0
363,Christian Laettner,ATL,199705020DET,"May 2, 1997",DET,11,19,2,19,25.58,27.67,-2.09,14,6,3,0,0,0,0,0,2,5,0,0,0,0,0,0,0,0,0,0,0,0,0,0
302,Mookie Blaylock,ATL,199705020DET,"May 2, 1997",DET,10,14,0,14,29.41,35.71,-6.3,8,10,6,0,0,0,0,0,0,0,0,0,0,0,0,0,0,0,0,0,0,0,0,0
247,Joe Dumars,DET,199705020DET,"May 2, 1997",ATL,14,13,6,16,37.84,44.76,-6.92,8,2,5,6,1,2,1,3,0,0,0,0,1,1,0,0,0,0,0,0,0,0,0,0
895,Tyrone Corbin,ATL,199705020DET,"May 2, 1997",DET,12,10,1,10,50.0,57.47,-7.47,6,6,3,3,0,0,0,0,1,3,0,0,0,0,0,0,0,0,0,0,0,0,0,0
87,Dikembe Mutombo,ATL,199705020DET,"May 2, 1997",DET,16,6,6,9,88.89,92.59,-3.7,6,10,0,0,2,4,0,0,0,0,0,0,0,0,0,0,0,0,0,0,0,0,1,2
901,Otis Thorpe,DET,199705020DET,"May 2, 1997",ATL,2,3,0,3,33.33,33.33,0.0,3,2,0,0,0,0,0,0,0,0,0,0,0,0,0,0,0,0,0,0,0,0,0,0
243,Aaron McKie,DET,199705020DET,"May 2, 1997",ATL,2,4,0,4,22.22,25.0,-2.78,3,2,1,0,0,0,0,0,0,0,0,0,0,0,0,0,0,0,0,0,0,0,0,0
468,Jon Barry,ATL,199705020DET,"May 2, 1997",DET,0,3,0,3,0.0,0.0,0.0,0,0,3,0,0,0,0,0,0,0,0,0,0,0,0,0,0,0,0,0,0,0,0,0
3,Grant Long,DET,199705020DET,"May 2, 1997",ATL,0,2,2,3,0.0,0.0,0.0,2,0,0,0,1,0,0,0,0,0,0,0,0,0,0,0,0,0,0,0,0,0,0,0
689,Theo Ratliff,DET,199705020DET,"May 2, 1997",ATL,5,3,2,4,62.5,64.43,-1.93,3,4,0,0,1,1,0,0,0,0,0,0,0,0,0,0,0,0,0,0,0,0,0,0
673,Alan Henderson,ATL,199705020DET,"May 2, 1997",DET,9,3,6,5,75.0,79.79,-4.79,1,2,0,0,2,2,0,0,2,5,0,0,0,0,0,0,0,0,0,0,0,0,0,0
695,Eldridge Recasner,ATL,199705020DET,"May 2, 1997",DET,3,3,0,3,33.33,50.0,-16.67,0,0,3,3,0,0,0,0,0,0,0,0,0,0,0,0,0,0,0,0,0,0,0,0
241,Darrin Hancock,ATL,199705020DET,"May 2, 1997",DET,2,1,0,1,100.0,100.0,0.0,1,2,0,0,0,0,0,0,0,0,0,0,0,0,0,0,0,0,0,0,0,0,0,0
688,Michael Curry,DET,199705020DET,"May 2, 1997",ATL,2,2,1,2,40.0,40.98,-0.98,1,0,0,0,0,0,0,0,1,2,0,0,0,0,0,0,0,0,0,0,0,0,0,0
966,Jerome Williams,DET,199705020DET,"May 2, 1997",ATL,4,2,0,2,100.0,100.0,0.0,2,4,0,0,0,0,0,0,0,0,0,0,0,0,0,0,0,0,0,0,0,0,0,0
690,Don Reid,DET,199705020DET,"May 2, 1997",ATL,4,0,4,2,100.0,113.64,-13.64,0,0,0,0,1,2,0,0,0,0,0,0,0,0,0,0,0,0,0,0,0,0,1,2
968,Priest Lauderdale,ATL,199705020DET,"May 2, 1997",DET,0,2,0,2,0.0,0.0,0.0,2,0,0,0,0,0,0,0,0,0,0,0,0,0,0,0,0,0,0,0,0,0,0,0
1080,Henry James,ATL,199705020DET,"May 2, 1997",DET,3,2,0,2,50.0,75.0,-25.0,0,0,2,3,0,0,0,0,0,0,0,0,0,0,0,0,0,0,0,0,0,0,0,0
445,Wesley Person,PHX,199705030SEA,"May 3, 1997",SEA,26,19,2,20,52.0,65.39,-13.39,9,10,10,15,1,1,0,0,0,0,0,0,0,0,0,0,0,0,0,0,0,0,0,0
431,Shawn Kemp,SEA,199705030SEA,"May 3, 1997",PHX,21,12,11,17,58.33,62.35,-4.02,10,10,1,0,4,8,0,0,1,2,0,0,0,0,0,0,0,0,0,0,0,0,1,1
187,Terry Cummings,SEA,199705030SEA,"May 3, 1997",PHX,6,3,2,4,75.0,77.32,-2.32,3,4,0,0,1,2,0,0,0,0,0,0,0,0,0,0,0,0,0,0,0,0,0,0
56,Gary Payton,SEA,199705030SEA,"May 3, 1997",PHX,19,26,4,28,29.23,34.22,-4.99,17,12,9,3,1,2,0,0,0,0,0,0,0,0,0,0,0,0,0,0,0,0,1,2
134,Kevin Johnson,PHX,199705030SEA,"May 3, 1997",SEA,20,27,3,28,32.26,35.31,-3.05,21,12,5,3,1,2,0,0,1,3,0,0,0,0,0,0,0,0,0,0,0,0,0,0
73,Hot Rod Williams,PHX,199705030SEA,"May 3, 1997",SEA,3,2,2,3,50.0,52.08,-2.08,2,2,0,0,0,0,0,0,0,0,0,0,0,0,0,0,0,0,0,0,0,0,1,1
765,Hersey Hawkins,SEA,199705030SEA,"May 3, 1997",PHX,9,9,1,9,39.13,47.67,-8.54,4,6,4,0,0,0,0,0,1,3,0,0,0,0,0,0,0,0,0,0,0,0,0,0
467,Jason Kidd,PHX,199705030SEA,"May 3, 1997",SEA,17,12,0,12,58.62,70.83,-12.21,7,8,5,9,0,0,0,0,0,0,0,0,0,0,0,0,0,0,0,0,0,0,0,0
96,Detlef Schrempf,SEA,199705030SEA,"May 3, 1997",PHX,24,14,2,15,66.67,80.65,-13.98,8,10,6,12,0,0,0,0,0,0,0,0,0,0,0,0,0,0,0,0,0,0,1,2
364,Rex Chapman,PHX,199705030SEA,"May 3, 1997",SEA,16,13,2,14,45.71,57.64,-11.93,6,6,7,9,0,0,0,0,0,0,0,0,0,0,0,0,0,0,0,0,0,0,1,1
64,Sam Perkins,SEA,199705030SEA,"May 3, 1997",PHX,15,9,3,10,65.22,72.67,-7.45,6,8,2,3,1,2,0,0,1,2,0,0,0,0,0,0,0,0,0,0,0,0,0,0
76,Cedric Ceballos,PHX,199705030SEA,"May 3, 1997",SEA,0,2,0,2,0.0,0.0,0.0,0,0,2,0,0,0,0,0,0,0,0,0,0,0,0,0,0,0,0,0,0,0,0,0
766,David Wingate,SEA,199705030SEA,"May 3, 1997",PHX,19,7,6,10,82.61,98.55,-15.94,4,6,3,9,0,0,0,0,0,0,0,0,0,0,0,0,0,0,0,0,0,0,3,4
95,Mark Bryant,PHX,199705030SEA,"May 3, 1997",SEA,2,2,0,2,50.0,50.0,0.0,2,2,0,0,0,0,0,0,0,0,0,0,0,0,0,0,0,0,0,0,0,0,0,0
330,Danny Manning,PHX,199705030SEA,"May 3, 1997",SEA,8,8,0,8,47.06,50.0,-2.94,7,8,1,0,0,0,0,0,0,0,0,0,0,0,0,0,0,0,0,0,0,0,0,0
37,Greg Graham,SEA,199705030SEA,"May 3, 1997",PHX,1,1,2,2,25.0,26.6,-1.6,1,0,0,0,1,1,0,0,0,0,0,0,0,0,0,0,0,0,0,0,0,0,0,0
959,Steve Nash,PHX,199705030SEA,"May 3, 1997",SEA,0,1,0,1,0.0,0.0,0.0,0,0,1,0,0,0,0,0,0,0,0,0,0,0,0,0,0,0,0,0,0,0,0,0
1125,Larry Stewart,SEA,199705030SEA,"May 3, 1997",PHX,2,1,0,1,100.0,100.0,0.0,1,2,0,0,0,0,0,0,0,0,0,0,0,0,0,0,0,0,0,0,0,0,0,0
1479,Mike Brown,PHX,199705030SEA,"May 3, 1997",SEA,0,1,0,1,0.0,0.0,0.0,1,0,0,0,0,0,0,0,0,0,0,0,0,0,0,0,0,0,0,0,0,0,0,0
87,Dikembe Mutombo,ATL,199705040ATL,"May 4, 1997",DET,17,11,8,15,56.67,58.54,-1.87,11,14,0,0,2,3,0,0,0,0,0,0,0,0,0,0,0,0,0,0,0,0,2,0
901,Otis Thorpe,DET,199705040ATL,"May 4, 1997",ATL,10,7,2,8,62.5,63.45,-0.95,7,8,0,0,1,2,0,0,0,0,0,0,0,0,0,0,0,0,0,0,0,0,0,0
895,Tyrone Corbin,ATL,199705040ATL,"May 4, 1997",DET,11,10,0,10,52.38,55.0,-2.62,9,8,1,3,0,0,0,0,0,0,0,0,0,0,0,0,0,0,0,0,0,0,0,0
247,Joe Dumars,DET,199705040ATL,"May 4, 1997",ATL,16,11,3,12,53.33,64.94,-11.61,5,8,5,3,1,2,0,0,1,3,0,0,0,0,0,0,0,0,0,0,0,0,0,0
302,Mookie Blaylock,ATL,199705040ATL,"May 4, 1997",DET,15,17,4,19,30.0,39.98,-9.98,5,4,12,9,1,1,0,0,0,0,0,0,0,0,0,0,0,0,0,0,0,0,1,1
363,Christian Laettner,ATL,199705040ATL,"May 4, 1997",DET,23,17,4,18,57.5,61.3,-3.8,13,12,2,3,1,2,0,0,2,6,0,0,0,0,0,0,0,0,0,0,0,0,0,0
371,Terry Mills,DET,199705040ATL,"May 4, 1997",ATL,13,13,0,13,37.14,50.0,-12.86,4,4,9,9,0,0,0,0,0,0,0,0,0,0,0,0,0,0,0,0,0,0,0,0
120,Steven Smith,ATL,199705040ATL,"May 4, 1997",DET,13,9,9,14,38.24,50.15,-11.91,2,2,7,3,2,4,0,0,0,0,0,0,1,0,0,0,0,0,0,0,0,0,2,4
255,Grant Hill,DET,199705040ATL,"May 4, 1997",ATL,21,24,6,26,38.89,39.41,-0.52,22,14,0,0,0,0,0,0,2,6,0,0,0,0,0,0,0,0,0,0,0,0,2,1
283,Lindsey Hunter,DET,199705040ATL,"May 4, 1997",ATL,17,17,1,17,39.53,48.74,-9.21,8,8,8,6,0,0,0,0,1,3,0,0,0,0,0,0,0,0,0,0,0,0,0,0
243,Aaron McKie,DET,199705040ATL,"May 4, 1997",ATL,0,5,0,5,0.0,0.0,0.0,3,0,2,0,0,0,0,0,0,0,0,0,0,0,0,0,0,0,0,0,0,0,0,0
3,Grant Long,DET,199705040ATL,"May 4, 1997",ATL,2,2,0,2,50.0,50.0,0.0,2,2,0,0,0,0,0,0,0,0,0,0,0,0,0,0,0,0,0,0,0,0,0,0
695,Eldridge Recasner,ATL,199705040ATL,"May 4, 1997",DET,3,2,1,3,50.0,61.48,-11.48,1,2,1,0,0,0,0,0,0,0,0,0,1,1,0,0,0,0,0,0,0,0,0,0
673,Alan Henderson,ATL,199705040ATL,"May 4, 1997",DET,2,1,2,2,50.0,53.19,-3.19,1,0,0,0,1,2,0,0,0,0,0,0,0,0,0,0,0,0,0,0,0,0,0,0
328,Rick Mahorn,DET,199705040ATL,"May 4, 1997",ATL,0,2,0,2,0.0,0.0,0.0,2,0,0,0,0,0,0,0,0,0,0,0,0,0,0,0,0,0,0,0,0,0,0,0
297,Alonzo Mourning,MIA,199705040MIA,"May 4, 1997",ORL,22,17,7,20,53.66,54.78,-1.12,16,16,0,0,2,2,0,0,1,2,0,0,0,0,0,0,0,0,0,0,0,0,1,2
358,Anfernee Hardaway,ORL,199705040MIA,"May 4, 1997",MIA,33,22,17,30,46.48,55.97,-9.49,12,8,10,12,7,11,1,2,0,0,0,0,0,0,0,0,0,0,0,0,0,0,0,0
896,Tim Hardaway,MIA,199705040MIA,"May 4, 1997",ORL,11,20,0,20,23.4,27.5,-4.1,13,8,7,3,0,0,0,0,0,0,0,0,0,0,0,0,0,0,0,0,0,0,0,0
400,Derek Strong,ORL,199705040MIA,"May 4, 1997",MIA,13,6,9,10,61.9,65.26,-3.36,5,4,0,0,4,7,0,0,1,2,0,0,0,0,0,0,0,0,0,0,0,0,0,0
98,Nick Anderson,MIA,199705040MIA,"May 4, 1997",ORL,11,7,0,7,55.0,78.57,-23.57,1,2,6,9,0,0,0,0,0,0,0,0,0,0,0,0,0,0,0,0,0,0,0,0
136,P.J. Brown,MIA,199705040MIA,"May 4, 1997",ORL,12,10,6,13,46.15,47.47,-1.32,10,6,0,0,3,6,0,0,0,0,0,0,0,0,0,0,0,0,0,0,0,0,0,0
7,Dan Schayes,ORL,199705040MIA,"May 4, 1997",MIA,2,5,0,5,20.0,20.0,0.0,5,2,0,0,0,0,0,0,0,0,0,0,0,0,0,0,0,0,0,0,0,0,0,0
469,Jamal Mashburn,MIA,199705040MIA,"May 4, 1997",ORL,8,6,4,8,47.06,51.55,-4.49,5,4,1,0,2,4,0,0,0,0,0,0,0,0,0,0,0,0,0,0,0,0,0,0
216,Brian Shaw,ORL,199705040MIA,"May 4, 1997",MIA,0,1,0,1,0.0,0.0,0.0,1,0,0,0,0,0,0,0,0,0,0,0,0,0,0,0,0,0,0,0,0,0,0,0
702,Voshon Lenard,MIA,199705040MIA,"May 4, 1997",ORL,19,13,4,15,48.72,64.36,-15.64,4,4,9,12,2,3,0,0,0,0,0,0,0,0,0,0,0,0,0,0,0,0,0,0
786,Gerald Wilkins,ORL,199705040MIA,"May 4, 1997",MIA,10,10,2,11,41.67,45.96,-4.29,8,6,2,3,0,0,0,0,0,0,0,0,0,0,0,0,0,0,0,0,0,0,1,1
353,Darrell Armstrong,ORL,199705040MIA,"May 4, 1997",MIA,12,12,0,12,40.0,50.0,-10.0,6,6,6,6,0,0,0,0,0,0,0,0,0,0,0,0,0,0,0,0,0,0,0,0
192,Dennis Scott,ORL,199705040MIA,"May 4, 1997",MIA,2,4,0,4,20.0,25.0,-5.0,2,2,2,0,0,0,0,0,0,0,0,0,0,0,0,0,0,0,0,0,0,0,0,0
173,Keith Askins,MIA,199705040MIA,"May 4, 1997",ORL,5,1,2,2,100.0,132.98,-32.98,0,0,1,3,1,2,0,0,0,0,0,0,0,0,0,0,0,0,0,0,0,0,0,0
105,Dan Majerle,MIA,199705040MIA,"May 4, 1997",ORL,11,9,1,9,45.83,58.26,-12.43,3,2,5,6,0,0,0,0,1,3,0,0,0,0,0,0,0,0,0,0,0,0,0,0
180,John Crotty,MIA,199705040MIA,"May 4, 1997",ORL,3,1,0,1,100.0,150.0,-50.0,0,0,1,3,0,0,0,0,0,0,0,0,0,0,0,0,0,0,0,0,0,0,0,0
304,John Stockton,UTA,199705040UTA,"May 4, 1997",LAL,10,5,6,8,52.63,65.45,-12.82,2,2,3,3,1,2,0,0,0,0,0,0,0,0,0,0,0,0,0,0,0,0,2,3
406,Shaquille O'Neal,LAL,199705040UTA,"May 4, 1997",UTA,17,16,8,20,42.5,43.55,-1.05,16,12,0,0,4,5,0,0,0,0,0,0,0,0,0,0,0,0,0,0,0,0,0,0
731,Greg Ostertag,UTA,199705040UTA,"May 4, 1997",LAL,8,5,0,5,80.0,80.0,0.0,5,8,0,0,0,0,0,0,0,0,0,0,0,0,0,0,0,0,0,0,0,0,0,0
935,Bryon Russell,UTA,199705040UTA,"May 4, 1997",LAL,9,11,4,13,28.12,35.27,-7.15,5,2,6,6,2,1,0,0,0,0,0,0,0,0,0,0,0,0,0,0,0,0,0,0
922,Elden Campbell,UTA,199705040UTA,"May 4, 1997",LAL,9,13,2,14,32.14,32.42,-0.28,13,8,0,0,1,1,0,0,0,0,0,0,0,0,0,0,0,0,0,0,0,0,0,0
252,Karl Malone,UTA,199705040UTA,"May 4, 1997",LAL,23,21,10,26,44.23,45.28,-1.05,21,18,0,0,3,4,0,0,0,0,0,0,0,0,0,0,0,0,0,0,0,0,2,1
109,Robert Horry,LAL,199705040UTA,"May 4, 1997",UTA,2,2,2,3,28.57,34.72,-6.15,1,0,1,0,0,0,0,0,0,0,0,0,0,0,0,0,0,0,0,0,0,0,1,2
224,Eddie Jones,LAL,199705040UTA,"May 4, 1997",UTA,17,15,2,16,44.74,53.53,-8.79,9,6,6,9,1,2,0,0,0,0,0,0,0,0,0,0,0,0,0,0,0,0,0,0
204,Jeff Hornacek,UTA,199705040UTA,"May 4, 1997",LAL,10,10,2,11,41.67,45.96,-4.29,8,6,2,3,1,1,0,0,0,0,0,0,0,0,0,0,0,0,0,0,0,0,0,0
89,Nick Van Exel,LAL,199705040UTA,"May 4, 1997",UTA,23,19,5,22,44.23,54.25,-10.02,10,6,9,12,1,2,0,0,0,0,0,0,1,1,0,0,0,0,0,0,0,0,1,2
458,Howard Eisley,UTA,199705040UTA,"May 4, 1997",LAL,8,3,4,5,80.0,84.03,-4.03,3,4,0,0,0,0,0,0,0,0,0,0,0,0,0,0,0,0,0,0,0,0,2,4
323,Greg Foster,UTA,199705040UTA,"May 4, 1997",LAL,2,1,0,1,100.0,100.0,0.0,1,2,0,0,0,0,0,0,0,0,0,0,0,0,0,0,0,0,0,0,0,0,0,0
760,Jerome Kersey,LAL,199705040UTA,"May 4, 1997",UTA,4,4,0,4,50.0,50.0,0.0,4,4,0,0,0,0,0,0,0,0,0,0,0,0,0,0,0,0,0,0,0,0,0,0
977,Kobe Bryant,LAL,199705040UTA,"May 4, 1997",UTA,3,7,1,8,15.0,20.16,-5.16,2,0,5,3,0,0,0,0,0,0,0,0,1,0,0,0,0,0,0,0,0,0,0,0
1000,Shandon Anderson,UTA,199705040UTA,"May 4, 1997",LAL,8,4,4,6,61.54,69.44,-7.9,3,2,1,3,1,2,0,0,0,0,0,0,0,0,0,0,0,0,0,0,0,0,1,1
156,Antoine Carr,UTA,199705040UTA,"May 4, 1997",LAL,6,5,2,6,50.0,51.02,-1.02,5,6,0,0,1,0,0,0,0,0,0,0,0,0,0,0,0,0,0,0,0,0,0,0
356,Chris Morris,UTA,199705040UTA,"May 4, 1997",LAL,9,7,2,8,45.0,57.11,-12.11,3,2,4,6,1,1,0,0,0,0,0,0,0,0,0,0,0,0,0,0,0,0,0,0
2,Byron Scott,LAL,199705040UTA,"May 4, 1997",UTA,0,2,0,2,0.0,0.0,0.0,2,0,0,0,0,0,0,0,0,0,0,0,0,0,0,0,0,0,0,0,0,0,0,0
965,Derek Fisher,LAL,199705040UTA,"May 4, 1997",UTA,2,1,1,1,66.67,69.44,-2.77,0,0,0,0,0,0,0,0,1,2,0,0,0,0,0,0,0,0,0,0,0,0,0,0
165,Hakeem Olajuwon,HOU,199705050HOU,"May 5, 1997",SEA,15,11,4,13,57.69,58.78,-1.09,11,12,0,0,1,2,0,0,0,0,0,0,0,0,0,0,0,0,0,0,0,0,1,1
187,Terry Cummings,SEA,199705050HOU,"May 5, 1997",HOU,14,13,0,13,53.85,53.85,0.0,13,14,0,0,0,0,0,0,0,0,0,0,0,0,0,0,0,0,0,0,0,0,0,0
765,Hersey Hawkins,SEA,199705050HOU,"May 5, 1997",HOU,12,10,0,10,44.44,60.0,-15.56,3,0,7,12,0,0,0,0,0,0,0,0,0,0,0,0,0,0,0,0,0,0,0,0
53,Mario Elie,HOU,199705050HOU,"May 5, 1997",SEA,20,8,1,9,90.91,118.48,-27.57,3,4,5,15,0,0,0,0,0,0,0,0,1,1,0,0,0,0,0,0,0,0,0,0
431,Shawn Kemp,SEA,199705050HOU,"May 5, 1997",HOU,24,15,2,16,72.73,75.57,-2.84,14,22,1,0,1,2,0,0,0,0,0,0,0,0,0,0,0,0,0,0,0,0,0,0
17,Clyde Drexler,HOU,199705050HOU,"May 5, 1997",SEA,22,15,4,17,55.0,65.63,-10.63,9,10,6,9,2,3,0,0,0,0,0,0,0,0,0,0,0,0,0,0,0,0,0,0
96,Detlef Schrempf,SEA,199705050HOU,"May 5, 1997",HOU,15,8,3,10,71.43,80.47,-9.04,6,6,2,6,1,2,0,0,0,0,0,0,1,1,0,0,0,0,0,0,0,0,0,0
787,Charles Barkley,HOU,199705050HOU,"May 5, 1997",SEA,19,14,5,16,50.0,58.64,-8.64,8,8,5,6,0,0,0,0,1,2,0,0,0,0,0,0,0,0,0,0,0,0,2,3
1074,Matt Maloney,HOU,199705050HOU,"May 5, 1997",SEA,17,10,1,11,58.62,81.42,-22.8,2,4,8,12,0,0,0,0,0,0,0,0,1,1,0,0,0,0,0,0,0,0,0,0
56,Gary Payton,SEA,199705050HOU,"May 5, 1997",HOU,19,16,6,19,45.24,50.97,-5.73,11,10,4,3,2,3,0,0,1,2,0,0,1,1,0,0,0,0,0,0,0,0,0,0
64,Sam Perkins,SEA,199705050HOU,"May 5, 1997",HOU,8,8,2,9,38.1,45.05,-6.95,5,4,3,3,0,0,0,0,0,0,0,0,0,0,0,0,0,0,0,0,0,0,1,1
766,David Wingate,SEA,199705050HOU,"May 5, 1997",HOU,3,7,0,7,18.75,21.43,-2.68,5,0,2,3,0,0,0,0,0,0,0,0,0,0,0,0,0,0,0,0,0,0,0,0
788,Kevin Willis,HOU,199705050HOU,"May 5, 1997",SEA,6,7,0,7,42.86,42.86,0.0,7,6,0,0,0,0,0,0,0,0,0,0,0,0,0,0,0,0,0,0,0,0,0,0
9,Sedale Threatt,HOU,199705050HOU,"May 5, 1997",SEA,5,4,0,4,45.45,62.5,-17.05,1,2,3,3,0,0,0,0,0,0,0,0,0,0,0,0,0,0,0,0,0,0,0,0
37,Greg Graham,SEA,199705050HOU,"May 5, 1997",HOU,2,3,0,3,28.57,33.33,-4.76,2,2,1,0,0,0,0,0,0,0,0,0,0,0,0,0,0,0,0,0,0,0,0,0
698,Eddie Johnson,HOU,199705050HOU,"May 5, 1997",SEA,4,4,0,4,44.44,50.0,-5.56,3,4,1,0,0,0,0,0,0,0,0,0,0,0,0,0,0,0,0,0,0,0,0,0
29,Jim McIlvaine,SEA,199705050HOU,"May 5, 1997",HOU,0,1,0,1,0.0,0.0,0.0,1,0,0,0,0,0,0,0,0,0,0,0,0,0,0,0,0,0,0,0,0,0,0,0
727,Eric Snow,SEA,199705050HOU,"May 5, 1997",HOU,5,4,0,4,50.0,62.5,-12.5,2,2,2,3,0,0,0,0,0,0,0,0,0,0,0,0,0,0,0,0,0,0,0,0
970,Othella Harrington,HOU,199705050HOU,"May 5, 1997",SEA,4,0,4,2,100.0,113.64,-13.64,0,0,0,0,1,2,0,0,0,0,0,0,0,0,0,0,0,0,0,0,0,0,1,2
937,Scottie Pippen,CHI,199705060CHI,"May 6, 1997",ATL,29,24,3,26,47.54,57.27,-9.73,14,10,10,18,2,1,0,0,0,0,0,0,0,0,0,0,0,0,0,0,0,0,0,0
302,Mookie Blaylock,ATL,199705060CHI,"May 6, 1997",CHI,31,25,5,27,44.29,56.99,-12.7,10,12,15,15,1,1,1,3,0,0,0,0,0,0,0,0,0,0,0,0,0,0,0,0
87,Dikembe Mutombo,ATL,199705060CHI,"May 6, 1997",CHI,10,7,6,10,50.0,51.87,-1.87,7,6,0,0,2,3,0,0,0,0,0,0,0,0,0,0,0,0,0,0,0,0,1,1
166,Ron Harper,CHI,199705060CHI,"May 6, 1997",ATL,11,9,2,10,45.83,55.67,-9.84,5,6,4,3,1,2,0,0,0,0,0,0,0,0,0,0,0,0,0,0,0,0,0,0
895,Tyrone Corbin,ATL,199705060CHI,"May 6, 1997",CHI,14,12,0,12,48.28,58.33,-10.05,7,8,5,6,0,0,0,0,0,0,0,0,0,0,0,0,0,0,0,0,0,0,0,0
23,Dennis Rodman,CHI,199705060CHI,"May 6, 1997",ATL,0,1,0,1,0.0,0.0,0.0,0,0,1,0,0,0,0,0,0,0,0,0,0,0,0,0,0,0,0,0,0,0,0,0
120,Steven Smith,ATL,199705060CHI,"May 6, 1997",CHI,19,13,11,20,47.5,53.25,-5.75,10,6,3,3,2,4,0,0,0,0,0,0,3,2,0,0,0,0,0,0,0,0,2,4
893,Michael Jordan,CHI,199705060CHI,"May 6, 1997",ATL,34,25,10,30,53.97,57.82,-3.85,21,22,3,3,3,5,0,0,1,2,0,0,0,0,0,0,0,0,0,0,0,0,2,2
363,Christian Laettner,ATL,199705060CHI,"May 6, 1997",CHI,6,7,0,7,40.0,42.86,-2.86,6,6,1,0,0,0,0,0,0,0,0,0,0,0,0,0,0,0,0,0,0,0,0,0
26,Luc Longley,ATL,199705060CHI,"May 6, 1997",CHI,8,7,4,9,44.44,45.66,-1.22,7,6,0,0,1,2,0,0,0,0,0,0,0,0,0,0,0,0,0,0,0,0,1,0
389,Toni Kukoc,CHI,199705060CHI,"May 6, 1997",ATL,7,5,6,8,35.0,45.81,-10.81,1,2,4,3,3,2,0,0,0,0,0,0,0,0,0,0,0,0,0,0,0,0,0,0
753,Randy Brown,CHI,199705060CHI,"May 6, 1997",ATL,2,3,0,3,33.33,33.33,0.0,3,2,0,0,0,0,0,0,0,0,0,0,0,0,0,0,0,0,0,0,0,0,0,0
673,Alan Henderson,ATL,199705060CHI,"May 6, 1997",CHI,13,8,6,11,59.09,61.09,-2.0,8,8,0,0,3,5,0,0,0,0,0,0,0,0,0,0,0,0,0,0,0,0,0,0
1080,Henry James,ATL,199705060CHI,"May 6, 1997",CHI,2,4,0,4,25.0,25.0,0.0,4,2,0,0,0,0,0,0,0,0,0,0,0,0,0,0,0,0,0,0,0,0,0,0
679,Jason Caffey,ATL,199705060CHI,"May 6, 1997",CHI,2,1,0,1,100.0,100.0,0.0,1,2,0,0,0,0,0,0,0,0,0,0,0,0,0,0,0,0,0,0,0,0,0,0
695,Eldridge Recasner,ATL,199705060CHI,"May 6, 1997",CHI,2,1,0,1,100.0,100.0,0.0,1,2,0,0,0,0,0,0,0,0,0,0,0,0,0,0,0,0,0,0,0,0,0,0
70,Steve Kerr,CHI,199705060CHI,"May 6, 1997",ATL,3,3,0,3,33.33,50.0,-16.67,0,0,3,3,0,0,0,0,0,0,0,0,0,0,0,0,0,0,0,0,0,0,0,0
183,Bison Dele,CHI,199705060CHI,"May 6, 1997",ATL,4,1,4,3,66.67,72.46,-5.79,1,2,0,0,2,2,0,0,0,0,0,0,0,0,0,0,0,0,0,0,0,0,0,0
89,Nick Van Exel,LAL,199705060UTA,"May 6, 1997",UTA,15,17,3,19,34.88,40.94,-6.06,11,10,6,3,0,0,0,0,0,0,0,0,1,1,0,0,0,0,0,0,0,0,1,1
922,Elden Campbell,LAL,199705060UTA,"May 6, 1997",UTA,7,5,4,7,50.0,51.78,-1.78,5,4,0,0,1,1,0,0,0,0,0,0,0,0,0,0,0,0,0,0,0,0,1,2
252,Karl Malone,UTA,199705060UTA,"May 6, 1997",LAL,31,26,9,30,50.82,51.74,-0.92,25,22,0,0,1,1,0,0,1,3,0,0,0,0,0,0,0,0,0,0,0,0,3,5
406,Shaquille O'Neal,LAL,199705060UTA,"May 6, 1997",UTA,25,25,10,29,41.67,42.52,-0.85,23,16,0,0,3,2,0,0,2,5,0,0,0,0,0,0,0,0,0,0,0,0,1,2
935,Bryon Russell,UTA,199705060UTA,"May 6, 1997",LAL,14,7,2,8,70.0,88.83,-18.83,3,6,4,6,1,2,0,0,0,0,0,0,0,0,0,0,0,0,0,0,0,0,0,0
731,Greg Ostertag,UTA,199705060UTA,"May 6, 1997",LAL,4,1,2,2,100.0,106.38,-6.38,1,2,0,0,1,2,0,0,0,0,0,0,0,0,0,0,0,0,0,0,0,0,0,0
109,Robert Horry,LAL,199705060UTA,"May 6, 1997",UTA,21,7,0,7,100.0,150.0,-50.0,0,0,7,21,0,0,0,0,0,0,0,0,0,0,0,0,0,0,0,0,0,0,0,0
304,John Stockton,UTA,199705060UTA,"May 6, 1997",LAL,16,9,8,14,55.17,63.9,-8.73,6,10,3,0,2,4,0,0,0,0,0,0,2,1,0,0,0,0,0,0,0,0,1,1
204,Jeff Hornacek,UTA,199705060UTA,"May 6, 1997",LAL,21,11,9,17,60.0,70.19,-10.19,7,6,4,6,2,4,0,0,0,0,0,0,3,3,0,0,0,0,0,0,0,0,1,2
323,Greg Foster,UTA,199705060UTA,"May 6, 1997",LAL,9,4,4,6,75.0,78.12,-3.12,4,6,0,0,1,1,0,0,0,0,0,0,0,0,0,0,0,0,0,0,0,0,1,2
458,Howard Eisley,UTA,199705060UTA,"May 6, 1997",LAL,4,2,2,3,66.67,69.44,-2.77,2,2,0,0,1,2,0,0,0,0,0,0,0,0,0,0,0,0,0,0,0,0,0,0
760,Jerome Kersey,LAL,199705060UTA,"May 6, 1997",UTA,5,3,2,4,62.5,64.43,-1.93,3,4,0,0,1,1,0,0,0,0,0,0,0,0,0,0,0,0,0,0,0,0,0,0
356,Chris Morris,UTA,199705060UTA,"May 6, 1997",LAL,2,4,0,4,20.0,25.0,-5.0,2,2,2,0,0,0,0,0,0,0,0,0,0,0,0,0,0,0,0,0,0,0,0,0
2,Byron Scott,LAL,199705060UTA,"May 6, 1997",UTA,24,11,7,14,70.59,85.23,-14.64,4,4,5,9,1,2,0,0,2,6,0,0,1,1,0,0,0,0,0,0,0,0,1,2
977,Kobe Bryant,LAL,199705060UTA,"May 6, 1997",UTA,2,1,0,1,100.0,100.0,0.0,1,2,0,0,0,0,0,0,0,0,0,0,0,0,0,0,0,0,0,0,0,0,0,0
156,Antoine Carr,UTA,199705060UTA,"May 6, 1997",LAL,2,1,2,2,50.0,53.19,-3.19,1,0,0,0,1,2,0,0,0,0,0,0,0,0,0,0,0,0,0,0,0,0,0,0
224,Eddie Jones,LAL,199705060UTA,"May 6, 1997",UTA,0,3,0,3,0.0,0.0,0.0,3,0,0,0,0,0,0,0,0,0,0,0,0,0,0,0,0,0,0,0,0,0,0,0
969,Travis Knight,LAL,199705060UTA,"May 6, 1997",UTA,2,1,0,1,100.0,100.0,0.0,1,2,0,0,0,0,0,0,0,0,0,0,0,0,0,0,0,0,0,0,0,0,0,0
1074,Matt Maloney,HOU,199705070HOU,"May 7, 1997",SEA,5,8,0,8,21.74,31.25,-9.51,1,2,7,3,0,0,0,0,0,0,0,0,0,0,0,0,0,0,0,0,0,0,0,0
787,Charles Barkley,HOU,199705070HOU,"May 7, 1997",SEA,21,14,8,18,52.5,59.93,-7.43,10,8,4,6,2,3,0,0,0,0,0,0,0,0,0,0,0,0,0,0,0,0,2,4
56,Gary Payton,SEA,199705070HOU,"May 7, 1997",HOU,17,20,4,21,33.33,39.06,-5.73,11,6,7,3,1,2,0,0,2,6,0,0,0,0,0,0,0,0,0,0,0,0,0,0
165,Hakeem Olajuwon,HOU,199705070HOU,"May 7, 1997",SEA,19,15,6,17,52.78,53.85,-1.07,13,10,0,0,1,2,0,0,2,6,0,0,0,0,0,0,0,0,0,0,0,0,1,1
431,Shawn Kemp,SEA,199705070HOU,"May 7, 1997",HOU,22,12,9,16,66.67,68.92,-2.25,11,12,0,0,2,4,0,0,1,3,0,0,0,0,0,0,0,0,0,0,0,0,2,3
17,Clyde Drexler,HOU,199705070HOU,"May 7, 1997",SEA,25,16,3,17,60.98,72.17,-11.19,9,12,6,9,1,2,0,0,1,2,0,0,0,0,0,0,0,0,0,0,0,0,0,0
765,Hersey Hawkins,SEA,199705070HOU,"May 7, 1997",HOU,21,13,6,17,55.26,67.14,-11.88,7,6,6,9,0,0,0,0,0,0,0,0,2,2,0,0,0,0,0,0,0,0,2,4
96,Detlef Schrempf,SEA,199705070HOU,"May 7, 1997",HOU,17,7,10,12,65.38,74.56,-9.18,5,8,2,0,2,3,0,0,0,0,0,0,0,0,0,0,0,0,0,0,0,0,3,6
64,Sam Perkins,SEA,199705070HOU,"May 7, 1997",HOU,18,11,4,13,51.43,70.53,-19.1,2,2,9,12,1,2,0,0,0,0,0,0,0,0,0,0,0,0,0,0,0,0,1,2
53,Mario Elie,HOU,199705070HOU,"May 7, 1997",SEA,8,4,5,7,50.0,64.52,-14.52,1,0,3,6,1,1,0,0,0,0,0,0,1,1,0,0,0,0,0,0,0,0,1,0
187,Terry Cummings,SEA,199705070HOU,"May 7, 1997",HOU,6,8,0,8,37.5,37.5,0.0,8,6,0,0,0,0,0,0,0,0,0,0,0,0,0,0,0,0,0,0,0,0,0,0
788,Kevin Willis,HOU,199705070HOU,"May 7, 1997",SEA,12,9,2,10,60.0,60.73,-0.73,9,12,0,0,1,0,0,0,0,0,0,0,0,0,0,0,0,0,0,0,0,0,0,0
9,Sedale Threatt,HOU,199705070HOU,"May 7, 1997",SEA,3,5,2,6,17.65,25.51,-7.86,0,0,5,3,0,0,0,0,0,0,0,0,0,0,0,0,0,0,0,0,0,0,1,0
766,David Wingate,SEA,199705070HOU,"May 7, 1997",HOU,5,5,0,5,38.46,50.0,-11.54,2,2,3,3,0,0,0,0,0,0,0,0,0,0,0,0,0,0,0,0,0,0,0,0
698,Eddie Johnson,HOU,199705070HOU,"May 7, 1997",SEA,8,6,6,9,40.0,46.3,-6.3,4,2,2,0,1,2,1,3,0,0,0,0,1,1,0,0,0,0,0,0,0,0,0,0
164,Chris Childs,NYK,199705070MIA,"May 7, 1997",MIA,4,5,2,6,28.57,34.01,-5.44,3,0,2,3,1,1,0,0,0,0,0,0,0,0,0,0,0,0,0,0,0,0,0,0
136,P.J. Brown,MIA,199705070MIA,"May 7, 1997",NYK,6,7,2,8,37.5,38.07,-0.57,7,4,0,0,0,0,0,0,0,0,0,0,0,0,0,0,0,0,0,0,0,0,1,2
891,Charles Oakley,NYK,199705070MIA,"May 7, 1997",MIA,11,7,5,9,57.89,59.78,-1.89,6,4,0,0,1,2,0,0,1,3,0,0,0,0,0,0,0,0,0,0,0,0,1,2
297,Alonzo Mourning,MIA,199705070MIA,"May 7, 1997",NYK,20,16,13,22,43.48,46.04,-2.56,14,12,1,0,5,5,0,0,1,2,0,0,0,0,0,0,0,0,0,0,0,0,1,1
913,Larry Johnson,NYK,199705070MIA,"May 7, 1997",MIA,14,8,6,11,60.87,65.79,-4.92,7,8,1,0,2,4,0,0,0,0,0,0,0,0,0,0,0,0,0,0,0,0,1,2
469,Jamal Mashburn,MIA,199705070MIA,"May 7, 1997",NYK,14,14,2,15,37.84,47.04,-9.2,7,4,7,9,0,0,0,0,0,0,0,0,0,0,0,0,0,0,0,0,0,0,1,1
121,Patrick Ewing,NYK,199705070MIA,"May 7, 1997",MIA,24,23,8,27,44.44,45.25,-0.81,22,14,0,0,3,6,0,0,1,3,0,0,0,0,0,0,0,0,0,0,0,0,1,1
275,Allan Houston,NYK,199705070MIA,"May 7, 1997",MIA,27,19,7,23,51.92,61.14,-9.22,12,6,7,15,0,0,0,0,0,0,0,0,1,1,0,0,0,0,0,0,0,0,3,5
896,Tim Hardaway,MIA,199705070MIA,"May 7, 1997",NYK,21,17,8,21,43.75,51.17,-7.42,11,12,6,3,4,6,0,0,0,0,0,0,0,0,0,0,0,0,0,0,0,0,0,0
702,Voshon Lenard,MIA,199705070MIA,"May 7, 1997",NYK,2,6,2,7,10.53,14.53,-4.0,1,0,5,0,1,2,0,0,0,0,0,0,0,0,0,0,0,0,0,0,0,0,0,0
1134,Ike Austin,MIA,199705070MIA,"May 7, 1997",NYK,4,5,0,5,40.0,40.0,0.0,5,4,0,0,0,0,0,0,0,0,0,0,0,0,0,0,0,0,0,0,0,0,0,0
105,Dan Majerle,MIA,199705070MIA,"May 7, 1997",NYK,4,6,2,7,23.53,29.07,-5.54,3,4,3,0,0,0,0,0,0,0,0,0,0,0,0,0,0,0,0,0,0,0,1,0
317,John Starks,NYK,199705070MIA,"May 7, 1997",MIA,4,8,2,9,18.18,22.52,-4.34,4,2,4,0,1,2,0,0,0,0,0,0,0,0,0,0,0,0,0,0,0,0,0,0
180,John Crotty,MIA,199705070MIA,"May 7, 1997",NYK,5,3,2,4,55.56,64.43,-8.87,2,4,1,0,0,0,0,0,0,0,0,0,0,0,0,0,0,0,0,0,0,0,1,1
433,Buck Williams,NYK,199705070MIA,"May 7, 1997",MIA,0,1,0,1,0.0,0.0,0.0,1,0,0,0,0,0,0,0,0,0,0,0,0,0,0,0,0,0,0,0,0,0,0,0
173,Keith Askins,MIA,199705070MIA,"May 7, 1997",NYK,3,2,0,2,50.0,75.0,-25.0,0,0,2,3,0,0,0,0,0,0,0,0,0,0,0,0,0,0,0,0,0,0,0,0
369,Charlie Ward,MIA,199705070MIA,"May 7, 1997",NYK,4,2,2,3,66.67,69.44,-2.77,2,2,0,0,0,0,0,0,0,0,0,0,0,0,0,0,0,0,0,0,0,0,1,2
87,Dikembe Mutombo,ATL,199705080CHI,"May 8, 1997",CHI,19,11,6,13,67.86,69.65,-1.79,9,12,0,0,1,0,0,0,2,5,0,0,0,0,0,0,0,0,0,0,0,0,1,2
23,Dennis Rodman,CHI,199705080CHI,"May 8, 1997",ATL,2,5,0,5,20.0,20.0,0.0,5,2,0,0,0,0,0,0,0,0,0,0,0,0,0,0,0,0,0,0,0,0,0,0
937,Scottie Pippen,CHI,199705080CHI,"May 8, 1997",ATL,24,18,2,19,52.17,63.56,-11.39,10,10,8,12,1,2,0,0,0,0,0,0,0,0,0,0,0,0,0,0,0,0,0,0
120,Steven Smith,ATL,199705080CHI,"May 8, 1997",CHI,27,19,11,25,50.94,56.63,-5.69,15,16,4,3,2,3,0,0,0,0,0,0,1,0,0,0,0,0,0,0,0,0,3,5
166,Ron Harper,CHI,199705080CHI,"May 8, 1997",ATL,15,9,0,9,65.22,83.33,-18.11,4,6,5,9,0,0,0,0,0,0,0,0,0,0,0,0,0,0,0,0,0,0,0,0
893,Michael Jordan,CHI,199705080CHI,"May 8, 1997",ATL,27,29,3,30,40.3,44.53,-4.23,22,22,6,0,1,2,0,0,1,3,0,0,0,0,0,0,0,0,0,0,0,0,0,0
363,Christian Laettner,ATL,199705080CHI,"May 8, 1997",CHI,18,16,9,20,42.86,45.09,-2.23,14,10,1,0,2,3,0,0,1,3,0,0,0,0,0,0,0,0,0,0,0,0,2,2
302,Mookie Blaylock,ATL,199705080CHI,"May 8, 1997",CHI,26,13,0,13,74.29,100.0,-25.71,4,2,9,24,0,0,0,0,0,0,0,0,0,0,0,0,0,0,0,0,0,0,0,0
26,Luc Longley,CHI,199705080CHI,"May 8, 1997",ATL,4,3,0,3,66.67,66.67,0.0,3,4,0,0,0,0,0,0,0,0,0,0,0,0,0,0,0,0,0,0,0,0,0,0
895,Tyrone Corbin,CHI,199705080CHI,"May 8, 1997",ATL,4,4,2,5,40.0,40.98,-0.98,4,2,0,0,1,2,0,0,0,0,0,0,0,0,0,0,0,0,0,0,0,0,0,0
389,Toni Kukoc,CHI,199705080CHI,"May 8, 1997",ATL,15,12,6,15,40.54,51.23,-10.69,5,6,7,6,2,2,0,0,0,0,0,0,0,0,0,0,0,0,0,0,0,0,1,1
753,Randy Brown,CHI,199705080CHI,"May 8, 1997",ATL,0,2,0,2,0.0,0.0,0.0,2,0,0,0,0,0,0,0,0,0,0,0,0,0,0,0,0,0,0,0,0,0,0,0
673,Alan Henderson,ATL,199705080CHI,"May 8, 1997",CHI,3,2,2,3,50.0,52.08,-2.08,2,2,0,0,1,1,0,0,0,0,0,0,0,0,0,0,0,0,0,0,0,0,0,0
183,Bison Dele,CHI,199705080CHI,"May 8, 1997",ATL,0,4,0,4,0.0,0.0,0.0,4,0,0,0,0,0,0,0,0,0,0,0,0,0,0,0,0,0,0,0,0,0,0,0
241,Darrin Hancock,ATL,199705080CHI,"May 8, 1997",CHI,0,0,2,1,0.0,0.0,0.0,0,0,0,0,1,0,0,0,0,0,0,0,0,0,0,0,0,0,0,0,0,0,0,0
70,Steve Kerr,CHI,199705080CHI,"May 8, 1997",ATL,3,3,0,3,33.33,50.0,-16.67,0,0,3,3,0,0,0,0,0,0,0,0,0,0,0,0,0,0,0,0,0,0,0,0
695,Eldridge Recasner,ATL,199705080CHI,"May 8, 1997",CHI,6,5,2,6,50.0,51.02,-1.02,5,6,0,0,1,0,0,0,0,0,0,0,0,0,0,0,0,0,0,0,0,0,0,0
679,Jason Caffey,CHI,199705080CHI,"May 8, 1997",ATL,0,2,0,2,0.0,0.0,0.0,2,0,0,0,0,0,0,0,0,0,0,0,0,0,0,0,0,0,0,0,0,0,0,0
1080,Henry James,ATL,199705080CHI,"May 8, 1997",CHI,0,1,0,1,0.0,0.0,0.0,0,0,1,0,0,0,0,0,0,0,0,0,0,0,0,0,0,0,0,0,0,0,0,0
146,Jud Buechler,CHI,199705080CHI,"May 8, 1997",ATL,3,1,0,1,100.0,150.0,-50.0,0,0,1,3,0,0,0,0,0,0,0,0,0,0,0,0,0,0,0,0,0,0,0,0
305,Robert Parish,CHI,199705080CHI,"May 8, 1997",ATL,2,4,0,4,25.0,25.0,0.0,4,2,0,0,0,0,0,0,0,0,0,0,0,0,0,0,0,0,0,0,0,0,0,0
224,Eddie Jones,LAL,199705080LAL,"May 8, 1997",UTA,8,5,4,6,53.33,59.17,-5.84,2,0,1,0,0,0,0,0,2,6,0,0,0,0,0,0,0,0,0,0,0,0,1,2
252,Karl Malone,UTA,199705080LAL,"May 8, 1997",LAL,15,20,12,26,28.85,29.67,-0.82,20,4,0,0,5,9,0,0,0,0,0,0,0,0,0,0,0,0,0,0,0,0,1,2
304,John Stockton,UTA,199705080LAL,"May 8, 1997",LAL,5,6,6,10,25.0,28.94,-3.94,4,0,2,0,0,0,0,0,0,0,0,0,2,2,2,3,0,0,0,0,0,0,0,0
935,Bryon Russell,UTA,199705080LAL,"May 8, 1997",LAL,7,11,2,12,23.33,29.46,-6.13,5,2,6,3,1,2,0,0,0,0,0,0,0,0,0,0,0,0,0,0,0,0,0,0
731,Greg Ostertag,UTA,199705080LAL,"May 8, 1997",LAL,1,3,2,4,12.5,12.89,-0.39,3,0,0,0,1,1,0,0,0,0,0,0,0,0,0,0,0,0,0,0,0,0,0,0
109,Robert Horry,LAL,199705080LAL,"May 8, 1997",UTA,7,6,6,8,33.33,40.51,-7.18,2,2,3,0,0,0,1,2,1,3,0,0,0,0,0,0,0,0,0,0,0,0,1,0
204,Jeff Hornacek,UTA,199705080LAL,"May 8, 1997",LAL,26,14,7,18,68.42,76.11,-7.69,11,16,3,3,0,0,0,0,0,0,0,0,1,1,0,0,0,0,0,0,0,0,3,6
922,Elden Campbell,LAL,199705080LAL,"May 8, 1997",UTA,14,12,2,13,53.85,54.35,-0.5,12,12,0,0,1,2,0,0,0,0,0,0,0,0,0,0,0,0,0,0,0,0,0,0
406,Shaquille O'Neal,LAL,199705080LAL,"May 8, 1997",UTA,11,8,4,9,55.0,56.35,-1.35,6,6,0,0,1,0,0,0,2,5,0,0,0,0,0,0,0,0,0,0,0,0,0,0
89,Nick Van Exel,LAL,199705080LAL,"May 8, 1997",UTA,17,14,4,16,47.22,53.93,-6.71,10,14,4,0,2,3,0,0,0,0,0,0,0,0,0,0,0,0,0,0,0,0,0,0
323,Greg Foster,UTA,199705080LAL,"May 8, 1997",LAL,0,4,0,4,0.0,0.0,0.0,4,0,0,0,0,0,0,0,0,0,0,0,0,0,0,0,0,0,0,0,0,0,0,0
969,Travis Knight,LAL,199705080LAL,"May 8, 1997",UTA,2,2,0,2,50.0,50.0,0.0,2,2,0,0,0,0,0,0,0,0,0,0,0,0,0,0,0,0,0,0,0,0,0,0
458,Howard Eisley,UTA,199705080LAL,"May 8, 1997",LAL,0,1,0,1,0.0,0.0,0.0,0,0,1,0,0,0,0,0,0,0,0,0,0,0,0,0,0,0,0,0,0,0,0,0
399,Sean Rooks,LAL,199705080LAL,"May 8, 1997",UTA,8,4,4,6,66.67,69.44,-2.77,4,4,0,0,2,4,0,0,0,0,0,0,0,0,0,0,0,0,0,0,0,0,0,0
760,Jerome Kersey,LAL,199705080LAL,"May 8, 1997",UTA,4,4,0,4,50.0,50.0,0.0,4,4,0,0,0,0,0,0,0,0,0,0,0,0,0,0,0,0,0,0,0,0,0,0
2,Byron Scott,LAL,199705080LAL,"May 8, 1997",UTA,10,6,4,8,58.82,64.43,-5.61,5,6,1,0,1,2,0,0,0,0,0,0,0,0,0,0,0,0,0,0,0,0,1,2
977,Kobe Bryant,LAL,199705080LAL,"May 8, 1997",UTA,19,7,14,14,63.33,72.19,-8.86,5,6,2,0,4,7,0,0,0,0,0,0,0,0,0,0,0,0,0,0,0,0,3,6
156,Antoine Carr,UTA,199705080LAL,"May 8, 1997",LAL,4,7,0,7,28.57,28.57,0.0,7,4,0,0,0,0,0,0,0,0,0,0,0,0,0,0,0,0,0,0,0,0,0,0
356,Chris Morris,UTA,199705080LAL,"May 8, 1997",LAL,5,3,4,5,41.67,52.52,-10.85,1,2,2,0,1,1,0,0,0,0,0,0,0,0,0,0,0,0,0,0,0,0,1,2
1000,Shandon Anderson,LAL,199705080LAL,"May 8, 1997",UTA,7,5,2,6,50.0,59.52,-9.52,3,4,2,3,0,0,0,0,0,0,0,0,0,0,0,0,0,0,0,0,0,0,1,0
228,Adam Keefe,UTA,199705080LAL,"May 8, 1997",LAL,5,2,4,4,62.5,66.49,-3.99,2,2,0,0,1,1,0,0,0,0,0,0,0,0,0,0,0,0,0,0,0,0,1,2
1128,Stephen Howard,UTA,199705080LAL,"May 8, 1997",LAL,9,4,4,5,75.0,78.12,-3.12,2,2,0,0,1,1,0,0,2,6,0,0,0,0,0,0,0,0,0,0,0,0,0,0
965,Derek Fisher,LAL,199705080LAL,"May 8, 1997",UTA,2,3,0,3,28.57,33.33,-4.76,2,2,1,0,0,0,0,0,0,0,0,0,0,0,0,0,0,0,0,0,0,0,0,0
916,Corie Blount,LAL,199705080LAL,"May 8, 1997",UTA,2,1,0,1,100.0,100.0,0.0,1,2,0,0,0,0,0,0,0,0,0,0,0,0,0,0,0,0,0,0,0,0,0,0
136,P.J. Brown,MIA,199705090MIA,"May 9, 1997",NYK,1,3,2,4,12.5,12.89,-0.39,3,0,0,0,1,1,0,0,0,0,0,0,0,0,0,0,0,0,0,0,0,0,0,0
297,Alonzo Mourning,MIA,199705090MIA,"May 9, 1997",NYK,24,14,13,20,58.54,60.85,-2.31,13,14,0,0,5,7,0,0,1,2,0,0,0,0,0,0,0,0,0,0,0,0,1,1
275,Allan Houston,NYK,199705090MIA,"May 9, 1997",MIA,19,14,7,18,51.35,55.62,-4.27,12,10,2,3,3,5,0,0,0,0,0,0,1,1,0,0,0,0,0,0,0,0,0,0
121,Patrick Ewing,NYK,199705090MIA,"May 9, 1997",MIA,17,20,6,23,36.96,37.54,-0.58,20,12,0,0,2,3,0,0,0,0,0,0,0,0,0,0,0,0,0,0,0,0,1,2
896,Tim Hardaway,MIA,199705090MIA,"May 9, 1997",NYK,34,24,7,28,53.97,62.78,-8.81,15,10,8,15,0,0,0,0,1,3,0,0,2,2,0,0,0,0,0,0,0,0,2,4
164,Chris Childs,MIA,199705090MIA,"May 9, 1997",NYK,16,11,4,13,55.17,62.7,-7.53,8,10,3,3,2,3,0,0,0,0,0,0,0,0,0,0,0,0,0,0,0,0,0,0
702,Voshon Lenard,NYK,199705090MIA,"May 9, 1997",MIA,2,5,0,5,15.38,20.0,-4.62,2,2,3,0,0,0,0,0,0,0,0,0,0,0,0,0,0,0,0,0,0,0,0,0
891,Charles Oakley,MIA,199705090MIA,"May 9, 1997",NYK,12,10,5,13,48.0,49.18,-1.18,10,8,0,0,2,3,0,0,0,0,0,0,1,1,0,0,0,0,0,0,0,0,0,0
913,Larry Johnson,NYK,199705090MIA,"May 9, 1997",MIA,11,6,3,7,73.33,75.14,-1.81,5,6,0,0,1,2,0,0,1,3,0,0,0,0,0,0,0,0,0,0,0,0,0,0
469,Jamal Mashburn,NYK,199705090MIA,"May 9, 1997",MIA,6,4,1,4,60.0,67.57,-7.57,2,0,1,3,0,0,0,0,1,3,0,0,0,0,0,0,0,0,0,0,0,0,0,0
1134,Ike Austin,MIA,199705090MIA,"May 9, 1997",NYK,8,6,2,7,57.14,58.14,-1.0,6,6,0,0,0,0,0,0,0,0,0,0,0,0,0,0,0,0,0,0,0,0,1,2
433,Buck Williams,NYK,199705090MIA,"May 9, 1997",MIA,4,7,3,8,23.53,24.04,-0.51,6,2,0,0,0,0,0,0,1,2,0,0,0,0,0,0,0,0,0,0,0,0,1,0
105,Dan Majerle,MIA,199705090MIA,"May 9, 1997",NYK,5,5,2,6,35.71,42.52,-6.81,3,0,2,3,0,0,0,0,0,0,0,0,0,0,0,0,0,0,0,0,0,0,1,2
317,John Starks,NYK,199705090MIA,"May 9, 1997",MIA,5,7,2,8,25.0,31.73,-6.73,3,0,4,3,1,2,0,0,0,0,0,0,0,0,0,0,0,0,0,0,0,0,0,0
369,Charlie Ward,NYK,199705090MIA,"May 9, 1997",MIA,0,2,0,2,0.0,0.0,0.0,2,0,0,0,0,0,0,0,0,0,0,0,0,0,0,0,0,0,0,0,0,0,0,0
180,John Crotty,MIA,199705090MIA,"May 9, 1997",NYK,8,6,3,8,47.06,54.64,-7.58,4,2,2,3,0,0,0,0,0,0,0,0,1,1,0,0,0,0,0,0,0,0,1,2
765,Hersey Hawkins,SEA,199705090SEA,"May 9, 1997",HOU,3,4,1,5,30.0,33.78,-3.78,3,2,1,0,0,0,0,0,0,0,0,0,1,1,0,0,0,0,0,0,0,0,0,0
1074,Matt Maloney,HOU,199705090SEA,"May 9, 1997",SEA,19,16,2,17,45.24,56.28,-11.04,8,4,8,15,0,0,0,0,0,0,0,0,0,0,0,0,0,0,0,0,0,0,1,0
431,Shawn Kemp,SEA,199705090SEA,"May 9, 1997",HOU,28,20,16,28,50.0,51.78,-1.78,20,14,0,0,7,12,0,0,0,0,0,0,0,0,0,0,0,0,0,0,0,0,1,2
165,Hakeem Olajuwon,HOU,199705090SEA,"May 9, 1997",SEA,24,12,8,15,75.0,77.32,-2.32,10,12,0,0,3,6,0,0,2,6,0,0,0,0,0,0,0,0,0,0,0,0,0,0
53,Mario Elie,SEA,199705090SEA,"May 9, 1997",HOU,4,3,4,5,30.77,42.02,-11.25,0,0,3,0,2,4,0,0,0,0,0,0,0,0,0,0,0,0,0,0,0,0,0,0
96,Detlef Schrempf,SEA,199705090SEA,"May 9, 1997",HOU,20,14,6,17,55.56,60.1,-4.54,12,10,2,6,2,2,0,0,0,0,0,0,0,0,0,0,0,0,0,0,0,0,1,2
787,Charles Barkley,HOU,199705090SEA,"May 9, 1997",SEA,11,11,8,15,34.38,37.88,-3.5,9,4,2,0,2,3,0,0,0,0,0,0,0,0,0,0,0,0,0,0,0,0,2,4
17,Clyde Drexler,HOU,199705090SEA,"May 9, 1997",SEA,19,16,2,17,50.0,56.28,-6.28,12,12,4,6,1,1,0,0,0,0,0,0,0,0,0,0,0,0,0,0,0,0,0,0
64,Sam Perkins,SEA,199705090SEA,"May 9, 1997",HOU,0,6,0,6,0.0,0.0,0.0,3,0,3,0,0,0,0,0,0,0,0,0,0,0,0,0,0,0,0,0,0,0,0,0
56,Gary Payton,SEA,199705090SEA,"May 9, 1997",HOU,28,25,5,27,47.46,51.47,-4.01,20,18,4,3,2,4,0,0,1,3,0,0,0,0,0,0,0,0,0,0,0,0,0,0
766,David Wingate,SEA,199705090SEA,"May 9, 1997",HOU,8,4,0,4,72.73,100.0,-27.27,1,2,3,6,0,0,0,0,0,0,0,0,0,0,0,0,0,0,0,0,0,0,0,0
187,Terry Cummings,SEA,199705090SEA,"May 9, 1997",HOU,6,8,2,9,33.33,33.78,-0.45,8,6,0,0,1,0,0,0,0,0,0,0,0,0,0,0,0,0,0,0,0,0,0,0
698,Eddie Johnson,HOU,199705090SEA,"May 9, 1997",SEA,7,9,1,9,33.33,37.08,-3.75,6,4,2,0,0,0,0,0,1,3,0,0,0,0,0,0,0,0,0,0,0,0,0,0
788,Kevin Willis,HOU,199705090SEA,"May 9, 1997",SEA,5,5,2,6,41.67,42.52,-0.85,5,4,0,0,0,0,0,0,0,0,0,0,0,0,0,0,0,0,0,0,0,0,1,1
9,Sedale Threatt,HOU,199705090SEA,"May 9, 1997",SEA,8,5,2,6,57.14,68.03,-10.89,3,6,2,0,1,2,0,0,0,0,0,0,0,0,0,0,0,0,0,0,0,0,0,0
302,Mookie Blaylock,ATL,199705100ATL,"May 10, 1997",CHI,10,10,4,12,33.33,42.52,-9.19,4,4,6,3,2,3,0,0,0,0,0,0,0,0,0,0,0,0,0,0,0,0,0,0
937,Scottie Pippen,CHI,199705100ATL,"May 10, 1997",ATL,17,20,2,21,35.42,40.71,-5.29,14,16,6,0,0,0,0,0,0,0,0,0,0,0,0,0,0,0,0,0,0,0,1,1
895,Tyrone Corbin,ATL,199705100ATL,"May 10, 1997",CHI,9,8,0,8,45.0,56.25,-11.25,4,6,4,3,0,0,0,0,0,0,0,0,0,0,0,0,0,0,0,0,0,0,0,0
120,Steven Smith,ATL,199705100ATL,"May 10, 1997",CHI,13,13,5,16,32.5,42.76,-10.26,4,0,9,9,2,3,0,0,0,0,0,0,1,1,0,0,0,0,0,0,0,0,0,0
893,Michael Jordan,CHI,199705100ATL,"May 10, 1997",ATL,21,20,5,23,45.65,47.3,-1.65,19,16,1,0,2,4,0,0,0,0,0,0,1,1,0,0,0,0,0,0,0,0,0,0
679,Jason Caffey,ATL,199705100ATL,"May 10, 1997",CHI,10,8,0,8,62.5,62.5,0.0,8,10,0,0,0,0,0,0,0,0,0,0,0,0,0,0,0,0,0,0,0,0,0,0
87,Dikembe Mutombo,ATL,199705100ATL,"May 10, 1997",CHI,16,10,11,15,51.61,53.91,-2.3,9,6,0,0,3,6,0,0,1,3,0,0,0,0,0,0,0,0,0,0,0,0,2,1
363,Christian Laettner,ATL,199705100ATL,"May 10, 1997",CHI,13,11,7,14,43.33,46.16,-2.83,9,4,1,0,2,4,0,0,1,3,0,0,0,0,0,0,0,0,0,0,0,0,1,2
166,Ron Harper,CHI,199705100ATL,"May 10, 1997",ATL,10,6,2,7,55.56,72.67,-17.11,2,2,4,6,0,0,0,0,0,0,0,0,0,0,0,0,0,0,0,0,0,0,1,2
241,Darrin Hancock,ATL,199705100ATL,"May 10, 1997",CHI,2,2,1,3,33.33,40.98,-7.65,1,2,1,0,0,0,0,0,0,0,0,0,0,0,0,0,0,0,0,0,0,0,1,0
26,Luc Longley,CHI,199705100ATL,"May 10, 1997",ATL,5,2,6,5,50.0,53.88,-3.88,2,4,0,0,2,0,0,0,0,0,0,0,0,0,0,0,0,0,0,0,0,0,1,1
389,Toni Kukoc,CHI,199705100ATL,"May 10, 1997",ATL,16,12,2,13,53.33,62.11,-8.78,8,8,4,6,0,0,0,0,0,0,0,0,0,0,0,0,0,0,0,0,0,0,1,2
23,Dennis Rodman,CHI,199705100ATL,"May 10, 1997",ATL,2,1,0,1,100.0,100.0,0.0,1,2,0,0,0,0,0,0,0,0,0,0,0,0,0,0,0,0,0,0,0,0,0,0
673,Alan Henderson,ATL,199705100ATL,"May 10, 1997",CHI,13,8,4,10,65.0,66.6,-1.6,8,10,0,0,1,1,0,0,0,0,0,0,0,0,0,0,0,0,0,0,0,0,1,2
695,Eldridge Recasner,ATL,199705100ATL,"May 10, 1997",CHI,4,3,1,4,50.0,58.14,-8.14,2,0,1,3,0,0,0,0,0,0,0,0,1,1,0,0,0,0,0,0,0,0,0,0
753,Randy Brown,CHI,199705100ATL,"May 10, 1997",ATL,0,1,0,1,0.0,0.0,0.0,1,0,0,0,0,0,0,0,0,0,0,0,0,0,0,0,0,0,0,0,0,0,0,0
183,Bison Dele,CHI,199705100ATL,"May 10, 1997",ATL,14,11,1,11,60.87,61.19,-0.32,10,12,0,0,0,0,0,0,1,2,0,0,0,0,0,0,0,0,0,0,0,0,0,0
70,Steve Kerr,CHI,199705100ATL,"May 10, 1997",ATL,5,6,0,6,31.25,41.67,-10.42,2,2,4,3,0,0,0,0,0,0,0,0,0,0,0,0,0,0,0,0,0,0,0,0
146,Jud Buechler,CHI,199705100ATL,"May 10, 1997",ATL,0,2,0,2,0.0,0.0,0.0,2,0,0,0,0,0,0,0,0,0,0,0,0,0,0,0,0,0,0,0,0,0,0,0
1080,Henry James,ATL,199705100ATL,"May 10, 1997",CHI,0,1,0,1,0.0,0.0,0.0,1,0,0,0,0,0,0,0,0,0,0,0,0,0,0,0,0,0,0,0,0,0,0,0
89,Nick Van Exel,LAL,199705100LAL,"May 10, 1997",UTA,15,12,6,15,45.45,51.23,-5.78,9,6,3,3,2,4,0,0,0,0,0,0,0,0,0,0,0,0,0,0,0,0,1,2
922,Elden Campbell,LAL,199705100LAL,"May 10, 1997",UTA,3,4,2,5,30.0,30.74,-0.74,4,2,0,0,1,1,0,0,0,0,0,0,0,0,0,0,0,0,0,0,0,0,0,0
252,Karl Malone,UTA,199705100LAL,"May 10, 1997",LAL,42,27,18,36,58.33,60.14,-1.81,27,24,0,0,7,14,0,0,0,0,0,0,0,0,0,0,0,0,0,0,0,0,2,4
224,Eddie Jones,LAL,199705100LAL,"May 10, 1997",UTA,15,8,6,10,65.22,70.49,-5.27,5,4,1,3,1,1,0,0,2,6,0,0,0,0,0,0,0,0,0,0,0,0,1,1
935,Bryon Russell,UTA,199705100LAL,"May 10, 1997",LAL,29,20,1,20,58.0,70.94,-12.94,10,14,9,12,0,0,0,0,1,3,0,0,0,0,0,0,0,0,0,0,0,0,0,0
304,John Stockton,UTA,199705100LAL,"May 10, 1997",LAL,11,12,1,12,40.74,44.21,-3.47,9,6,2,3,0,0,0,0,1,2,0,0,0,0,0,0,0,0,0,0,0,0,0,0
406,Shaquille O'Neal,LAL,199705100LAL,"May 10, 1997",UTA,34,19,15,26,64.15,66.41,-2.26,18,22,0,0,7,10,0,0,1,2,0,0,0,0,0,0,0,0,0,0,0,0,0,0
204,Jeff Hornacek,LAL,199705100LAL,"May 10, 1997",UTA,14,8,8,12,51.85,60.76,-8.91,5,4,3,3,1,2,0,0,0,0,0,0,0,0,0,0,0,0,0,0,0,0,3,5
977,Kobe Bryant,LAL,199705100LAL,"May 10, 1997",UTA,9,9,0,9,37.5,50.0,-12.5,3,0,6,9,0,0,0,0,0,0,0,0,0,0,0,0,0,0,0,0,0,0,0,0
731,Greg Ostertag,UTA,199705100LAL,"May 10, 1997",LAL,2,3,2,4,25.0,25.77,-0.77,3,0,0,0,1,2,0,0,0,0,0,0,0,0,0,0,0,0,0,0,0,0,0,0
109,Robert Horry,LAL,199705100LAL,"May 10, 1997",UTA,13,8,6,11,44.83,61.09,-16.26,1,2,7,6,1,1,0,0,0,0,0,0,0,0,0,0,0,0,0,0,0,0,2,4
760,Jerome Kersey,LAL,199705100LAL,"May 10, 1997",UTA,2,2,2,3,33.33,34.72,-1.39,2,0,0,0,1,2,0,0,0,0,0,0,0,0,0,0,0,0,0,0,0,0,0,0
323,Greg Foster,UTA,199705100LAL,"May 10, 1997",LAL,0,2,0,2,0.0,0.0,0.0,2,0,0,0,0,0,0,0,0,0,0,0,0,0,0,0,0,0,0,0,0,0,0,0
2,Byron Scott,LAL,199705100LAL,"May 10, 1997",UTA,4,2,4,5,44.44,53.19,-8.75,1,2,1,0,1,2,0,0,0,0,0,0,2,0,0,0,0,0,0,0,0,0,0,0
458,Howard Eisley,UTA,199705100LAL,"May 10, 1997",LAL,0,1,0,1,0.0,0.0,0.0,0,0,1,0,0,0,0,0,0,0,0,0,0,0,0,0,0,0,0,0,0,0,0,0
356,Chris Morris,UTA,199705100LAL,"May 10, 1997",LAL,3,2,2,4,50.0,52.08,-2.08,2,2,0,0,0,0,0,0,0,0,0,0,0,0,0,0,0,0,0,0,0,0,2,1
1000,Shandon Anderson,UTA,199705100LAL,"May 10, 1997",LAL,6,3,0,3,100.0,100.0,0.0,3,6,0,0,0,0,0,0,0,0,0,0,0,0,0,0,0,0,0,0,0,0,0,0
156,Antoine Carr,UTA,199705100LAL,"May 10, 1997",LAL,3,4,2,5,30.0,30.74,-0.74,4,2,0,0,0,0,0,0,0,0,0,0,0,0,0,0,0,0,0,0,0,0,1,1
787,Charles Barkley,HOU,199705110SEA,"May 11, 1997",SEA,26,19,10,23,50.0,55.56,-5.56,13,12,4,3,3,5,0,0,2,6,0,0,0,0,0,0,0,0,0,0,0,0,1,0
56,Gary Payton,SEA,199705110SEA,"May 11, 1997",HOU,27,22,8,26,47.37,52.9,-5.53,17,16,5,3,4,8,0,0,0,0,0,0,0,0,0,0,0,0,0,0,0,0,0,0
96,Detlef Schrempf,SEA,199705110SEA,"May 11, 1997",HOU,19,14,6,17,55.88,57.09,-1.21,14,14,0,0,2,3,0,0,0,0,0,0,0,0,0,0,0,0,0,0,0,0,1,2
165,Hakeem Olajuwon,HOU,199705110SEA,"May 11, 1997",SEA,11,10,3,11,47.83,48.59,-0.76,9,8,0,0,0,0,0,0,1,2,0,0,0,0,0,0,0,0,0,0,0,0,1,1
431,Shawn Kemp,SEA,199705110SEA,"May 11, 1997",HOU,11,11,2,12,45.83,46.3,-0.47,11,10,0,0,1,1,0,0,0,0,0,0,0,0,0,0,0,0,0,0,0,0,0,0
17,Clyde Drexler,HOU,199705110SEA,"May 11, 1997",SEA,16,19,3,20,32.65,39.37,-6.72,10,2,8,9,0,0,0,0,1,3,0,0,0,0,0,0,0,0,0,0,0,0,1,2
1074,Matt Maloney,HOU,199705110SEA,"May 11, 1997",SEA,26,19,0,19,50.98,68.42,-17.44,6,2,13,24,0,0,0,0,0,0,0,0,0,0,0,0,0,0,0,0,0,0,0,0
765,Hersey Hawkins,SEA,199705110SEA,"May 11, 1997",HOU,17,12,4,15,53.12,61.77,-8.65,8,8,4,6,0,0,0,0,0,0,0,0,2,2,0,0,0,0,0,0,0,0,1,1
187,Terry Cummings,SEA,199705110SEA,"May 11, 1997",HOU,13,11,4,13,50.0,50.94,-0.94,11,12,0,0,1,1,0,0,0,0,0,0,0,0,0,0,0,0,0,0,0,0,1,0
788,Kevin Willis,HOU,199705110SEA,"May 11, 1997",SEA,12,12,5,14,40.0,42.25,-2.25,10,6,1,0,2,3,0,0,1,3,0,0,0,0,0,0,0,0,0,0,0,0,0,0
766,David Wingate,SEA,199705110SEA,"May 11, 1997",HOU,4,6,0,6,26.67,33.33,-6.66,3,4,3,0,0,0,0,0,0,0,0,0,0,0,0,0,0,0,0,0,0,0,0,0
53,Mario Elie,HOU,199705110SEA,"May 11, 1997",SEA,12,10,2,11,48.0,55.15,-7.15,7,4,3,6,0,0,0,0,0,0,0,0,0,0,0,0,0,0,0,0,0,0,1,2
9,Sedale Threatt,HOU,199705110SEA,"May 11, 1997",SEA,0,1,0,1,0.0,0.0,0.0,0,0,1,0,0,0,0,0,0,0,0,0,0,0,0,0,0,0,0,0,0,0,0,0
727,Eric Snow,SEA,199705110SEA,"May 11, 1997",HOU,0,1,0,1,0.0,0.0,0.0,1,0,0,0,0,0,0,0,0,0,0,0,0,0,0,0,0,0,0,0,0,0,0,0
698,Eddie Johnson,HOU,199705110SEA,"May 11, 1997",SEA,7,5,1,6,63.64,64.34,-0.7,5,6,0,0,0,0,0,0,0,0,0,0,1,1,0,0,0,0,0,0,0,0,0,0
64,Sam Perkins,SEA,199705110SEA,"May 11, 1997",HOU,13,9,7,13,40.62,53.81,-13.19,2,0,7,6,1,2,0,0,0,0,0,0,1,1,0,0,0,0,0,0,0,0,2,4
29,Jim McIlvaine,SEA,199705110SEA,"May 11, 1997",HOU,2,2,0,2,50.0,50.0,0.0,2,2,0,0,0,0,0,0,0,0,0,0,0,0,0,0,0,0,0,0,0,0,0,0
302,Mookie Blaylock,ATL,199705110ATL,"May 11, 1997",CHI,16,19,0,19,34.78,42.11,-7.33,11,10,8,6,0,0,0,0,0,0,0,0,0,0,0,0,0,0,0,0,0,0,0,0
937,Scottie Pippen,CHI,199705110ATL,"May 11, 1997",ATL,26,17,8,21,53.06,63.35,-10.29,10,8,7,12,3,5,0,0,0,0,0,0,0,0,0,0,0,0,0,0,0,0,1,1
363,Christian Laettner,ATL,199705110ATL,"May 11, 1997",CHI,21,25,6,28,35.0,37.99,-2.99,21,14,4,3,3,4,0,0,0,0,0,0,0,0,0,0,0,0,0,0,0,0,0,0
679,Jason Caffey,CHI,199705110ATL,"May 11, 1997",ATL,8,6,0,6,66.67,66.67,0.0,6,8,0,0,0,0,0,0,0,0,0,0,0,0,0,0,0,0,0,0,0,0,0,0
120,Steven Smith,ATL,199705110ATL,"May 11, 1997",CHI,16,13,11,20,38.1,44.84,-6.74,8,0,5,6,2,3,0,0,0,0,0,0,3,3,0,0,0,0,0,0,0,0,2,4
895,Tyrone Corbin,ATL,199705110ATL,"May 11, 1997",CHI,0,5,0,5,0.0,0.0,0.0,4,0,1,0,0,0,0,0,0,0,0,0,0,0,0,0,0,0,0,0,0,0,0,0
893,Michael Jordan,CHI,199705110ATL,"May 11, 1997",ATL,27,22,5,24,52.94,55.79,-2.85,19,22,2,0,2,3,0,0,1,2,0,0,0,0,0,0,0,0,0,0,0,0,0,0
166,Ron Harper,CHI,199705110ATL,"May 11, 1997",ATL,2,3,2,4,20.0,25.77,-5.77,1,0,2,0,0,0,0,0,0,0,0,0,0,0,0,0,0,0,0,0,0,0,1,2
87,Dikembe Mutombo,ATL,199705110ATL,"May 11, 1997",CHI,7,3,6,6,58.33,62.06,-3.73,3,4,0,0,2,2,0,0,0,0,0,0,0,0,0,0,0,0,0,0,0,0,1,1
26,Luc Longley,ATL,199705110ATL,"May 11, 1997",CHI,6,3,0,3,100.0,100.0,0.0,3,6,0,0,0,0,0,0,0,0,0,0,0,0,0,0,0,0,0,0,0,0,0,0
70,Steve Kerr,CHI,199705110ATL,"May 11, 1997",ATL,4,6,0,6,30.77,33.33,-2.56,5,4,1,0,0,0,0,0,0,0,0,0,0,0,0,0,0,0,0,0,0,0,0,0
183,Bison Dele,CHI,199705110ATL,"May 11, 1997",ATL,7,3,2,4,87.5,90.21,-2.71,3,6,0,0,1,1,0,0,0,0,0,0,0,0,0,0,0,0,0,0,0,0,0,0
241,Darrin Hancock,ATL,199705110ATL,"May 11, 1997",CHI,0,1,0,1,0.0,0.0,0.0,1,0,0,0,0,0,0,0,0,0,0,0,0,0,0,0,0,0,0,0,0,0,0,0
673,Alan Henderson,ATL,199705110ATL,"May 11, 1997",CHI,6,5,2,6,50.0,51.02,-1.02,5,4,0,0,0,0,0,0,0,0,0,0,0,0,0,0,0,0,0,0,0,0,1,2
1080,Henry James,ATL,199705110ATL,"May 11, 1997",CHI,3,3,0,3,37.5,50.0,-12.5,1,0,2,3,0,0,0,0,0,0,0,0,0,0,0,0,0,0,0,0,0,0,0,0
389,Toni Kukoc,CHI,199705110ATL,"May 11, 1997",ATL,9,5,5,7,52.94,62.5,-9.56,3,4,2,0,1,2,1,3,0,0,0,0,0,0,0,0,0,0,0,0,0,0,0,0
146,Jud Buechler,CHI,199705110ATL,"May 11, 1997",ATL,0,1,0,1,0.0,0.0,0.0,0,0,1,0,0,0,0,0,0,0,0,0,0,0,0,0,0,0,0,0,0,0,0,0
23,Dennis Rodman,CHI,199705110ATL,"May 11, 1997",ATL,0,1,2,2,0.0,0.0,0.0,1,0,0,0,0,0,0,0,0,0,0,0,0,0,0,0,0,0,0,0,0,0,1,0
695,Eldridge Recasner,ATL,199705110ATL,"May 11, 1997",CHI,11,7,4,9,52.38,62.79,-10.41,4,2,3,6,1,1,0,0,0,0,0,0,0,0,0,0,0,0,0,0,0,0,1,2
305,Robert Parish,CHI,199705110ATL,"May 11, 1997",ATL,0,3,0,3,0.0,0.0,0.0,3,0,0,0,0,0,0,0,0,0,0,0,0,0,0,0,0,0,0,0,0,0,0,0
896,Tim Hardaway,MIA,199705110NYK,"May 11, 1997",NYK,17,22,3,25,30.36,36.45,-6.09,13,6,9,9,0,0,0,0,0,0,0,0,3,2,0,0,0,0,0,0,0,0,0,0
469,Jamal Mashburn,NYK,199705110NYK,"May 11, 1997",MIA,8,9,0,9,36.36,44.44,-8.08,5,2,4,6,0,0,0,0,0,0,0,0,0,0,0,0,0,0,0,0,0,0,0,0
275,Allan Houston,NYK,199705110NYK,"May 11, 1997",MIA,13,13,4,15,38.24,44.04,-5.8,9,6,4,3,1,2,0,0,0,0,0,0,0,0,0,0,0,0,0,0,0,0,1,2
136,P.J. Brown,MIA,199705110NYK,"May 11, 1997",NYK,9,7,4,9,50.0,51.37,-1.37,7,6,0,0,2,3,0,0,0,0,0,0,0,0,0,0,0,0,0,0,0,0,0,0
121,Patrick Ewing,NYK,199705110NYK,"May 11, 1997",MIA,25,21,2,22,56.82,57.13,-0.31,21,24,0,0,0,0,0,0,0,0,0,0,0,0,0,0,0,0,0,0,0,0,1,1
891,Charles Oakley,NYK,199705110NYK,"May 11, 1997",MIA,10,13,5,15,32.26,32.89,-0.63,12,4,0,0,2,3,0,0,1,3,0,0,0,0,0,0,0,0,0,0,0,0,0,0
297,Alonzo Mourning,MIA,199705110NYK,"May 11, 1997",NYK,14,13,2,14,48.28,50.43,-2.15,12,14,1,0,1,0,0,0,0,0,0,0,0,0,0,0,0,0,0,0,0,0,0,0
913,Larry Johnson,NYK,199705110NYK,"May 11, 1997",MIA,8,5,6,8,50.0,52.36,-2.36,5,4,0,0,3,4,0,0,0,0,0,0,0,0,0,0,0,0,0,0,0,0,0,0
164,Chris Childs,MIA,199705110NYK,"May 11, 1997",NYK,6,2,4,4,75.0,79.79,-4.79,2,2,0,0,1,2,0,0,0,0,0,0,0,0,0,0,0,0,0,0,0,0,1,2
702,Voshon Lenard,MIA,199705110NYK,"May 11, 1997",NYK,22,15,4,17,51.16,65.63,-14.47,6,4,9,15,2,3,0,0,0,0,0,0,0,0,0,0,0,0,0,0,0,0,0,0
1134,Ike Austin,MIA,199705110NYK,"May 11, 1997",NYK,1,2,2,3,16.67,17.36,-0.69,2,0,0,0,1,1,0,0,0,0,0,0,0,0,0,0,0,0,0,0,0,0,0,0
317,John Starks,NYK,199705110NYK,"May 11, 1997",MIA,11,9,5,11,44.0,49.11,-5.11,7,6,2,0,0,0,1,3,0,0,0,0,0,0,0,0,0,0,0,0,0,0,1,2
105,Dan Majerle,MIA,199705110NYK,"May 11, 1997",NYK,2,3,2,4,18.18,25.77,-7.59,0,0,3,0,1,2,0,0,0,0,0,0,0,0,0,0,0,0,0,0,0,0,0,0
180,John Crotty,MIA,199705110NYK,"May 11, 1997",NYK,0,1,0,1,0.0,0.0,0.0,1,0,0,0,0,0,0,0,0,0,0,0,0,0,0,0,0,0,0,0,0,0,0,0
433,Buck Williams,NYK,199705110NYK,"May 11, 1997",MIA,2,2,2,3,33.33,34.72,-1.39,2,2,0,0,1,0,0,0,0,0,0,0,0,0,0,0,0,0,0,0,0,0,0,0
369,Charlie Ward,NYK,199705110NYK,"May 11, 1997",MIA,2,2,0,2,50.0,50.0,0.0,2,2,0,0,0,0,0,0,0,0,0,0,0,0,0,0,0,0,0,0,0,0,0,0
297,Alonzo Mourning,MIA,199705120NYK,"May 12, 1997",NYK,13,16,8,20,32.5,33.3,-0.8,16,10,0,0,2,2,0,0,0,0,0,0,0,0,0,0,0,0,0,0,0,0,2,1
275,Allan Houston,NYK,199705120NYK,"May 12, 1997",MIA,17,14,7,17,42.5,49.77,-7.27,8,2,5,6,2,4,0,0,1,3,0,0,0,0,0,0,0,0,0,0,0,0,1,2
913,Larry Johnson,NYK,199705120NYK,"May 12, 1997",MIA,15,10,2,11,57.69,68.93,-11.24,6,8,4,6,1,1,0,0,0,0,0,0,0,0,0,0,0,0,0,0,0,0,0,0
136,P.J. Brown,MIA,199705120NYK,"May 12, 1997",NYK,10,7,6,10,50.0,51.87,-1.87,7,8,0,0,2,2,0,0,0,0,0,0,0,0,0,0,0,0,0,0,0,0,1,0
891,Charles Oakley,NYK,199705120NYK,"May 12, 1997",MIA,6,8,0,8,37.5,37.5,0.0,8,6,0,0,0,0,0,0,0,0,0,0,0,0,0,0,0,0,0,0,0,0,0,0
469,Jamal Mashburn,MIA,199705120NYK,"May 12, 1997",NYK,12,12,6,15,35.29,40.98,-5.69,8,8,4,0,3,4,0,0,0,0,0,0,0,0,0,0,0,0,0,0,0,0,0,0
896,Tim Hardaway,MIA,199705120NYK,"May 12, 1997",NYK,14,10,8,15,43.75,51.78,-8.03,6,6,4,3,0,0,0,0,0,0,0,0,2,1,0,0,0,0,0,0,0,0,3,4
164,Chris Childs,NYK,199705120NYK,"May 12, 1997",MIA,5,6,2,7,29.41,36.34,-6.93,3,4,3,0,0,0,0,0,0,0,0,0,0,0,0,0,0,0,0,0,0,0,1,1
702,Voshon Lenard,MIA,199705120NYK,"May 12, 1997",NYK,4,5,0,5,33.33,40.0,-6.67,3,4,2,0,0,0,0,0,0,0,0,0,0,0,0,0,0,0,0,0,0,0,0,0
121,Patrick Ewing,NYK,199705120NYK,"May 12, 1997",MIA,20,13,6,16,62.5,63.94,-1.44,13,16,0,0,2,2,0,0,0,0,0,0,0,0,0,0,0,0,0,0,0,0,1,2
317,John Starks,NYK,199705120NYK,"May 12, 1997",MIA,21,12,2,13,70.0,81.52,-11.52,8,14,4,6,1,1,0,0,0,0,0,0,0,0,0,0,0,0,0,0,0,0,0,0
433,Buck Williams,NYK,199705120NYK,"May 12, 1997",MIA,3,1,2,2,75.0,79.79,-4.79,1,2,0,0,1,1,0,0,0,0,0,0,0,0,0,0,0,0,0,0,0,0,0,0
1134,Ike Austin,MIA,199705120NYK,"May 12, 1997",NYK,0,3,0,3,0.0,0.0,0.0,3,0,0,0,0,0,0,0,0,0,0,0,0,0,0,0,0,0,0,0,0,0,0,0
369,Charlie Ward,NYK,199705120NYK,"May 12, 1997",MIA,0,1,0,1,0.0,0.0,0.0,0,0,1,0,0,0,0,0,0,0,0,0,0,0,0,0,0,0,0,0,0,0,0,0
180,John Crotty,MIA,199705120NYK,"May 12, 1997",NYK,8,6,0,6,53.33,66.67,-13.34,3,2,3,6,0,0,0,0,0,0,0,0,0,0,0,0,0,0,0,0,0,0,0,0
335,Willie Anderson,MIA,199705120NYK,"May 12, 1997",NYK,4,5,2,6,28.57,34.01,-5.44,3,2,2,0,1,2,0,0,0,0,0,0,0,0,0,0,0,0,0,0,0,0,0,0
105,Dan Majerle,MIA,199705120NYK,"May 12, 1997",NYK,11,4,2,5,84.62,112.7,-28.08,1,0,3,9,1,2,0,0,0,0,0,0,0,0,0,0,0,0,0,0,0,0,0,0
962,Walter McCarty,NYK,199705120NYK,"May 12, 1997",MIA,2,1,0,1,100.0,100.0,0.0,1,2,0,0,0,0,0,0,0,0,0,0,0,0,0,0,0,0,0,0,0,0,0,0
961,John Wallace,NYK,199705120NYK,"May 12, 1997",MIA,0,1,0,1,0.0,0.0,0.0,1,0,0,0,0,0,0,0,0,0,0,0,0,0,0,0,0,0,0,0,0,0,0,0
935,Bryon Russell,UTA,199705120UTA,"May 12, 1997",LAL,22,13,6,15,57.89,70.33,-12.44,5,6,6,6,0,0,0,0,2,6,0,0,0,0,0,0,0,0,0,0,0,0,2,4
406,Shaquille O'Neal,UTA,199705120UTA,"May 12, 1997",LAL,23,17,9,21,53.49,54.87,-1.38,16,16,0,0,2,1,0,0,1,3,0,0,0,0,0,0,0,0,0,0,0,0,2,3
922,Elden Campbell,LAL,199705120UTA,"May 12, 1997",UTA,6,13,4,15,20.0,20.33,-0.33,13,2,0,0,2,4,0,0,0,0,0,0,0,0,0,0,0,0,0,0,0,0,0,0
252,Karl Malone,UTA,199705120UTA,"May 12, 1997",LAL,32,21,18,30,53.33,55.33,-2.0,21,18,0,0,5,8,0,0,0,0,0,0,0,0,1,2,0,0,0,0,0,0,3,4
304,John Stockton,UTA,199705120UTA,"May 12, 1997",LAL,24,13,2,14,80.0,86.46,-6.46,11,20,2,3,1,1,0,0,0,0,0,0,0,0,0,0,0,0,0,0,0,0,0,0
224,Eddie Jones,LAL,199705120UTA,"May 12, 1997",UTA,11,14,2,15,31.43,36.96,-5.53,9,6,5,3,1,2,0,0,0,0,0,0,0,0,0,0,0,0,0,0,0,0,0,0
204,Jeff Hornacek,UTA,199705120UTA,"May 12, 1997",LAL,9,10,7,14,29.03,34.4,-5.37,5,2,4,0,1,0,0,0,1,3,0,0,2,2,0,0,0,0,0,0,0,0,1,2
731,Greg Ostertag,UTA,199705120UTA,"May 12, 1997",LAL,0,4,0,4,0.0,0.0,0.0,4,0,0,0,0,0,0,0,0,0,0,0,0,0,0,0,0,0,0,0,0,0,0,0
89,Nick Van Exel,LAL,199705120UTA,"May 12, 1997",UTA,26,17,6,20,55.32,66.19,-10.87,9,12,7,6,0,0,0,0,1,3,0,0,1,1,0,0,0,0,0,0,0,0,2,4
109,Robert Horry,LAL,199705120UTA,"May 12, 1997",UTA,3,1,0,1,100.0,150.0,-50.0,0,0,1,3,0,0,0,0,0,0,0,0,0,0,0,0,0,0,0,0,0,0,0,0
760,Jerome Kersey,LAL,199705120UTA,"May 12, 1997",UTA,10,6,5,8,58.82,60.98,-2.16,5,4,0,0,2,3,0,0,1,3,0,0,0,0,0,0,0,0,0,0,0,0,0,0
458,Howard Eisley,UTA,199705120UTA,"May 12, 1997",LAL,3,5,0,5,27.27,30.0,-2.73,4,0,1,3,0,0,0,0,0,0,0,0,0,0,0,0,0,0,0,0,0,0,0,0
399,Sean Rooks,LAL,199705120UTA,"May 12, 1997",UTA,3,1,2,2,75.0,79.79,-4.79,1,2,0,0,1,1,0,0,0,0,0,0,0,0,0,0,0,0,0,0,0,0,0,0
977,Kobe Bryant,LAL,199705120UTA,"May 12, 1997",UTA,11,14,3,15,29.73,35.9,-6.17,7,6,6,0,0,0,0,0,1,3,0,0,0,0,0,0,0,0,0,0,0,0,1,2
323,Greg Foster,UTA,199705120UTA,"May 12, 1997",LAL,0,1,0,1,0.0,0.0,0.0,1,0,0,0,0,0,0,0,0,0,0,0,0,0,0,0,0,0,0,0,0,0,0,0
156,Antoine Carr,UTA,199705120UTA,"May 12, 1997",LAL,4,5,0,5,40.0,40.0,0.0,5,4,0,0,0,0,0,0,0,0,0,0,0,0,0,0,0,0,0,0,0,0,0,0
356,Chris Morris,LAL,199705120UTA,"May 12, 1997",UTA,2,0,2,1,100.0,113.64,-13.64,0,0,0,0,1,2,0,0,0,0,0,0,0,0,0,0,0,0,0,0,0,0,0,0
1000,Shandon Anderson,UTA,199705120UTA,"May 12, 1997",LAL,2,0,2,1,100.0,113.64,-13.64,0,0,0,0,1,2,0,0,0,0,0,0,0,0,0,0,0,0,0,0,0,0,0,0
893,Michael Jordan,CHI,199705130CHI,"May 13, 1997",ATL,24,23,5,24,42.86,47.62,-4.76,15,10,5,3,1,2,0,0,3,9,0,0,0,0,0,0,0,0,0,0,0,0,0,0
87,Dikembe Mutombo,ATL,199705130CHI,"May 13, 1997",CHI,11,8,3,9,57.89,59.01,-1.12,7,6,0,0,1,2,0,0,1,3,0,0,0,0,0,0,0,0,0,0,0,0,0,0
363,Christian Laettner,ATL,199705130CHI,"May 13, 1997",CHI,23,14,12,20,53.49,59.65,-6.16,11,10,3,3,2,3,0,0,0,0,0,0,0,0,0,0,0,0,0,0,0,0,4,7
679,Jason Caffey,CHI,199705130CHI,"May 13, 1997",ATL,2,3,0,3,33.33,33.33,0.0,3,2,0,0,0,0,0,0,0,0,0,0,0,0,0,0,0,0,0,0,0,0,0,0
895,Tyrone Corbin,ATL,199705130CHI,"May 13, 1997",CHI,19,11,0,11,70.37,86.36,-15.99,6,10,5,9,0,0,0,0,0,0,0,0,0,0,0,0,0,0,0,0,0,0,0,0
302,Mookie Blaylock,ATL,199705130CHI,"May 13, 1997",CHI,20,17,1,17,46.51,57.34,-10.83,8,8,8,9,0,0,0,0,1,3,0,0,0,0,0,0,0,0,0,0,0,0,0,0
26,Luc Longley,CHI,199705130CHI,"May 13, 1997",ATL,6,8,0,8,37.5,37.5,0.0,8,6,0,0,0,0,0,0,0,0,0,0,0,0,0,0,0,0,0,0,0,0,0,0
166,Ron Harper,CHI,199705130CHI,"May 13, 1997",ATL,11,9,1,9,42.31,58.26,-15.95,1,2,7,6,0,0,0,0,1,3,0,0,0,0,0,0,0,0,0,0,0,0,0,0
120,Steven Smith,ATL,199705130CHI,"May 13, 1997",CHI,13,14,2,16,34.21,43.68,-9.47,6,6,8,6,0,0,0,0,0,0,0,0,2,1,0,0,0,0,0,0,0,0,0,0
937,Scottie Pippen,CHI,199705130CHI,"May 13, 1997",ATL,15,19,3,20,31.91,36.91,-5.0,13,12,6,0,0,0,1,3,0,0,0,0,0,0,0,0,0,0,0,0,0,0,0,0
23,Dennis Rodman,CHI,199705130CHI,"May 13, 1997",ATL,12,10,2,11,48.0,55.15,-7.15,7,4,3,6,1,2,0,0,0,0,0,0,0,0,0,0,0,0,0,0,0,0,0,0
695,Eldridge Recasner,ATL,199705130CHI,"May 13, 1997",CHI,2,2,0,2,40.0,50.0,-10.0,1,2,1,0,0,0,0,0,0,0,0,0,0,0,0,0,0,0,0,0,0,0,0,0
183,Bison Dele,CHI,199705130CHI,"May 13, 1997",ATL,12,11,3,12,48.0,48.7,-0.7,10,8,0,0,1,1,0,0,1,3,0,0,0,0,0,0,0,0,0,0,0,0,0,0
70,Steve Kerr,ATL,199705130CHI,"May 13, 1997",CHI,15,6,2,7,83.33,109.01,-25.68,2,4,4,9,0,0,0,0,0,0,0,0,0,0,0,0,0,0,0,0,0,0,1,2
673,Alan Henderson,ATL,199705130CHI,"May 13, 1997",CHI,4,1,2,2,100.0,106.38,-6.38,1,2,0,0,1,2,0,0,0,0,0,0,0,0,0,0,0,0,0,0,0,0,0,0
389,Toni Kukoc,CHI,199705130CHI,"May 13, 1997",ATL,7,5,4,7,41.18,51.78,-10.6,2,2,3,3,2,2,0,0,0,0,0,0,0,0,0,0,0,0,0,0,0,0,0,0
146,Jud Buechler,CHI,199705130CHI,"May 13, 1997",ATL,3,2,0,2,60.0,75.0,-15.0,1,0,1,3,0,0,0,0,0,0,0,0,0,0,0,0,0,0,0,0,0,0,0,0
431,Shawn Kemp,SEA,199705130HOU,"May 13, 1997",HOU,20,15,4,17,58.82,59.67,-0.85,15,16,0,0,2,4,0,0,0,0,0,0,0,0,0,0,0,0,0,0,0,0,0,0
64,Sam Perkins,HOU,199705130HOU,"May 13, 1997",SEA,8,6,6,9,36.36,46.3,-9.94,2,0,4,3,2,3,0,0,0,0,0,0,0,0,0,0,0,0,0,0,0,0,1,2
165,Hakeem Olajuwon,HOU,199705130HOU,"May 13, 1997",SEA,31,18,10,22,65.96,69.2,-3.24,15,20,1,0,3,5,0,0,2,5,0,0,0,0,0,0,0,0,0,0,0,0,1,1
765,Hersey Hawkins,SEA,199705130HOU,"May 13, 1997",HOU,23,15,3,16,57.5,70.47,-12.97,7,6,7,12,1,2,0,0,1,3,0,0,0,0,0,0,0,0,0,0,0,0,0,0
17,Clyde Drexler,HOU,199705130HOU,"May 13, 1997",SEA,26,16,8,20,55.32,66.6,-11.28,9,12,7,9,3,3,0,0,0,0,0,0,0,0,0,0,0,0,0,0,0,0,1,2
53,Mario Elie,HOU,199705130HOU,"May 13, 1997",SEA,2,8,3,10,8.33,10.73,-2.4,3,0,5,0,0,0,0,0,0,0,0,0,1,1,0,0,0,0,0,0,0,0,1,1
96,Detlef Schrempf,SEA,199705130HOU,"May 13, 1997",HOU,15,11,5,13,51.72,56.82,-5.1,8,10,2,0,2,2,0,0,1,3,0,0,0,0,0,0,0,0,0,0,0,0,0,0
1074,Matt Maloney,HOU,199705130HOU,"May 13, 1997",SEA,2,7,0,7,10.0,14.29,-4.29,1,2,6,0,0,0,0,0,0,0,0,0,0,0,0,0,0,0,0,0,0,0,0,0
787,Charles Barkley,HOU,199705130HOU,"May 13, 1997",SEA,17,18,6,21,36.96,41.18,-4.22,14,12,4,0,1,2,0,0,0,0,0,0,0,0,0,0,0,0,0,0,0,0,2,3
56,Gary Payton,SEA,199705130HOU,"May 13, 1997",HOU,21,17,8,21,48.84,51.17,-2.33,16,16,1,0,2,3,0,0,0,0,0,0,0,0,0,0,0,0,0,0,0,0,2,2
187,Terry Cummings,SEA,199705130HOU,"May 13, 1997",HOU,5,1,4,3,83.33,90.58,-7.25,1,2,0,0,1,1,0,0,0,0,0,0,0,0,0,0,0,0,0,0,0,0,1,2
788,Kevin Willis,HOU,199705130HOU,"May 13, 1997",SEA,1,3,2,4,12.5,12.89,-0.39,3,0,0,0,1,1,0,0,0,0,0,0,0,0,0,0,0,0,0,0,0,0,0,0
766,David Wingate,SEA,199705130HOU,"May 13, 1997",HOU,3,4,1,4,25.0,33.78,-8.78,0,0,3,0,0,0,0,0,1,3,0,0,0,0,0,0,0,0,0,0,0,0,0,0
29,Jim McIlvaine,SEA,199705130HOU,"May 13, 1997",HOU,0,1,0,1,0.0,0.0,0.0,1,0,0,0,0,0,0,0,0,0,0,0,0,0,0,0,0,0,0,0,0,0,0,0
9,Sedale Threatt,HOU,199705130HOU,"May 13, 1997",SEA,0,3,0,3,0.0,0.0,0.0,2,0,1,0,0,0,0,0,0,0,0,0,0,0,0,0,0,0,0,0,0,0,0,0
727,Eric Snow,SEA,199705130HOU,"May 13, 1997",HOU,0,1,0,1,0.0,0.0,0.0,1,0,0,0,0,0,0,0,0,0,0,0,0,0,0,0,0,0,0,0,0,0,0,0
698,Eddie Johnson,HOU,199705130HOU,"May 13, 1997",SEA,15,5,9,9,68.18,83.71,-15.53,2,0,3,6,2,4,1,3,0,0,0,0,0,0,0,0,0,0,0,0,0,0,1,2
1125,Larry Stewart,SEA,199705130HOU,"May 13, 1997",HOU,5,2,0,2,100.0,125.0,-25.0,1,2,1,3,0,0,0,0,0,0,0,0,0,0,0,0,0,0,0,0,0,0,0,0
164,Chris Childs,MIA,199705140MIA,"May 14, 1997",NYK,4,6,0,6,30.77,33.33,-2.56,5,4,1,0,0,0,0,0,0,0,0,0,0,0,0,0,0,0,0,0,0,0,0,0
297,Alonzo Mourning,MIA,199705140MIA,"May 14, 1997",NYK,13,12,8,16,40.62,41.88,-1.26,12,8,0,0,3,3,0,0,0,0,0,0,0,0,0,0,0,0,0,0,0,0,1,2
891,Charles Oakley,NYK,199705140MIA,"May 14, 1997",MIA,8,7,2,8,50.0,50.76,-0.76,7,6,0,0,0,0,0,0,0,0,0,0,0,0,0,0,0,0,0,0,0,0,1,2
121,Patrick Ewing,NYK,199705140MIA,"May 14, 1997",MIA,19,19,4,21,45.24,45.76,-0.52,19,18,0,0,2,1,0,0,0,0,0,0,0,0,0,0,0,0,0,0,0,0,0,0
896,Tim Hardaway,MIA,199705140MIA,"May 14, 1997",NYK,16,17,9,23,32.0,38.17,-6.17,10,2,7,6,0,0,0,0,0,0,0,0,3,3,0,0,0,0,0,0,0,0,3,5
913,Larry Johnson,NYK,199705140MIA,"May 14, 1997",MIA,3,4,4,6,23.08,26.04,-2.96,3,0,1,0,2,3,0,0,0,0,0,0,0,0,0,0,0,0,0,0,0,0,0,0
469,Jamal Mashburn,MIA,199705140MIA,"May 14, 1997",NYK,3,2,2,3,50.0,52.08,-2.08,2,2,0,0,1,1,0,0,0,0,0,0,0,0,0,0,0,0,0,0,0,0,0,0
136,P.J. Brown,MIA,199705140MIA,"May 14, 1997",NYK,18,10,8,14,64.29,66.57,-2.28,10,12,0,0,2,3,0,0,0,0,0,0,0,0,0,0,0,0,0,0,0,0,2,3
275,Allan Houston,NYK,199705140MIA,"May 14, 1997",MIA,15,11,4,14,48.39,58.78,-10.39,6,6,5,6,0,0,0,0,0,0,0,0,2,2,0,0,0,0,0,0,0,0,1,1
702,Voshon Lenard,MIA,199705140MIA,"May 14, 1997",NYK,21,11,3,12,75.0,85.23,-10.23,7,10,3,6,0,0,0,0,1,3,0,0,0,0,0,0,0,0,0,0,0,0,1,2
105,Dan Majerle,MIA,199705140MIA,"May 14, 1997",NYK,12,8,4,10,44.44,61.48,-17.04,1,0,7,9,0,0,0,0,0,0,0,0,0,0,0,0,0,0,0,0,0,0,2,3
317,John Starks,NYK,199705140MIA,"May 14, 1997",MIA,21,12,10,16,53.85,64.02,-10.17,7,10,5,3,0,0,2,5,0,0,0,0,0,0,0,0,0,0,0,0,0,0,2,3
433,Buck Williams,NYK,199705140MIA,"May 14, 1997",MIA,4,3,0,3,66.67,66.67,0.0,3,4,0,0,0,0,0,0,0,0,0,0,0,0,0,0,0,0,0,0,0,0,0,0
1134,Ike Austin,MIA,199705140MIA,"May 14, 1997",NYK,2,3,0,3,33.33,33.33,0.0,3,2,0,0,0,0,0,0,0,0,0,0,0,0,0,0,0,0,0,0,0,0,0,0
335,Willie Anderson,MIA,199705140MIA,"May 14, 1997",NYK,9,5,0,5,81.82,90.0,-8.18,4,6,1,3,0,0,0,0,0,0,0,0,0,0,0,0,0,0,0,0,0,0,0,0
369,Charlie Ward,NYK,199705140MIA,"May 14, 1997",MIA,0,4,0,4,0.0,0.0,0.0,3,0,1,0,0,0,0,0,0,0,0,0,0,0,0,0,0,0,0,0,0,0,0,0
180,John Crotty,MIA,199705140MIA,"May 14, 1997",NYK,2,4,0,4,22.22,25.0,-2.78,3,2,1,0,0,0,0,0,0,0,0,0,0,0,0,0,0,0,0,0,0,0,0,0
961,John Wallace,NYK,199705140MIA,"May 14, 1997",MIA,2,2,0,2,40.0,50.0,-10.0,1,2,1,0,0,0,0,0,0,0,0,0,0,0,0,0,0,0,0,0,0,0,0,0
962,Walter McCarty,NYK,199705140MIA,"May 14, 1997",MIA,2,1,0,1,100.0,100.0,0.0,1,2,0,0,0,0,0,0,0,0,0,0,0,0,0,0,0,0,0,0,0,0,0,0
418,Scott Brooks,NYK,199705140MIA,"May 14, 1997",MIA,3,1,1,1,100.0,104.17,-4.17,0,0,0,0,0,0,0,0,1,3,0,0,0,0,0,0,0,0,0,0,0,0,0,0
17,Clyde Drexler,HOU,199705150SEA,"May 15, 1997",SEA,9,14,2,16,23.68,30.24,-6.56,6,4,8,3,0,0,0,0,0,0,0,0,0,0,0,0,0,0,0,0,0,0,2,2
431,Shawn Kemp,SEA,199705150SEA,"May 15, 1997",HOU,22,14,14,22,51.16,54.56,-3.4,13,12,1,0,0,0,0,0,0,0,0,0,0,0,0,0,0,0,0,0,0,0,8,10
787,Charles Barkley,HOU,199705150SEA,"May 15, 1997",SEA,20,17,7,21,45.45,49.8,-4.35,13,10,3,3,0,0,0,0,1,3,0,0,0,0,0,0,0,0,0,0,0,0,4,4
165,Hakeem Olajuwon,HOU,199705150SEA,"May 15, 1997",SEA,30,21,7,26,60.0,62.29,-2.29,20,24,1,0,1,2,0,0,0,0,0,0,0,0,0,0,0,0,0,0,0,0,4,4
56,Gary Payton,SEA,199705150SEA,"May 15, 1997",HOU,19,16,5,19,46.34,52.2,-5.86,12,12,4,3,0,0,0,0,0,0,0,0,0,0,0,0,0,0,0,0,0,0,3,4
53,Mario Elie,HOU,199705150SEA,"May 15, 1997",SEA,18,9,3,12,75.0,87.21,-12.21,6,10,3,6,0,0,0,0,0,0,0,0,3,2,0,0,0,0,0,0,0,0,0,0
765,Hersey Hawkins,SEA,199705150SEA,"May 15, 1997",HOU,16,10,8,15,48.48,59.17,-10.69,5,6,5,3,0,0,0,0,0,0,0,0,2,2,0,0,0,0,0,0,0,0,3,5
1074,Matt Maloney,HOU,199705150SEA,"May 15, 1997",SEA,4,5,2,7,25.0,34.01,-9.01,1,0,4,3,0,0,0,0,0,0,0,0,0,0,0,0,0,0,0,0,0,0,2,1
96,Detlef Schrempf,SEA,199705150SEA,"May 15, 1997",HOU,14,12,4,14,50.0,50.87,-0.87,11,8,0,0,0,0,0,0,1,3,0,0,1,2,0,0,0,0,0,0,0,0,1,1
64,Sam Perkins,SEA,199705150SEA,"May 15, 1997",HOU,6,5,0,5,50.0,60.0,-10.0,3,0,2,6,0,0,0,0,0,0,0,0,0,0,0,0,0,0,0,0,0,0,0,0
187,Terry Cummings,SEA,199705150SEA,"May 15, 1997",HOU,14,13,2,15,50.0,50.43,-0.43,13,12,0,0,0,0,0,0,0,0,0,0,0,0,0,0,0,0,0,0,0,0,2,2
9,Sedale Threatt,HOU,199705150SEA,"May 15, 1997",SEA,7,5,2,7,50.0,59.52,-9.52,3,2,2,3,0,0,0,0,0,0,0,0,0,0,0,0,0,0,0,0,0,0,2,2
788,Kevin Willis,HOU,199705150SEA,"May 15, 1997",SEA,8,7,4,10,44.44,45.66,-1.22,7,4,0,0,0,0,0,0,0,0,0,0,0,0,0,0,0,0,0,0,0,0,3,4
766,David Wingate,SEA,199705150SEA,"May 15, 1997",HOU,6,4,0,4,75.0,75.0,0.0,4,6,0,0,0,0,0,0,0,0,0,0,0,0,0,0,0,0,0,0,0,0,0,0
727,Eric Snow,SEA,199705150SEA,"May 15, 1997",HOU,2,2,0,2,50.0,50.0,0.0,2,2,0,0,0,0,0,0,0,0,0,0,0,0,0,0,0,0,0,0,0,0,0,0
698,Eddie Johnson,HOU,199705150SEA,"May 15, 1997",SEA,0,3,0,3,0.0,0.0,0.0,1,0,2,0,0,0,0,0,0,0,0,0,0,0,0,0,0,0,0,0,0,0,0,0
913,Larry Johnson,NYK,199705160NYK,"May 16, 1997",MIA,20,12,9,16,60.61,62.66,-2.05,11,10,0,0,4,7,0,0,1,3,0,0,0,0,0,0,0,0,0,0,0,0,0,0
469,Jamal Mashburn,MIA,199705160NYK,"May 16, 1997",NYK,7,8,2,9,33.33,39.41,-6.08,5,2,3,3,1,2,0,0,0,0,0,0,0,0,0,0,0,0,0,0,0,0,0,0
105,Dan Majerle,MIA,199705160NYK,"May 16, 1997",NYK,18,12,0,12,56.25,75.0,-18.75,4,6,8,12,0,0,0,0,0,0,0,0,0,0,0,0,0,0,0,0,0,0,0,0
317,John Starks,NYK,199705160NYK,"May 16, 1997",MIA,15,16,0,16,37.5,46.88,-9.38,8,6,8,9,0,0,0,0,0,0,0,0,0,0,0,0,0,0,0,0,0,0,0,0
433,Buck Williams,MIA,199705160NYK,"May 16, 1997",NYK,7,8,4,10,35.0,35.86,-0.86,8,4,0,0,2,3,0,0,0,0,0,0,0,0,0,0,0,0,0,0,0,0,0,0
702,Voshon Lenard,MIA,199705160NYK,"May 16, 1997",NYK,8,8,4,10,36.36,40.98,-4.62,6,4,2,0,0,0,0,0,0,0,0,0,0,0,0,0,0,0,0,0,0,0,2,4
164,Chris Childs,NYK,199705160NYK,"May 16, 1997",MIA,22,17,3,18,55.0,60.04,-5.04,13,14,3,3,0,0,0,0,1,3,0,0,0,0,0,0,0,0,0,0,0,0,1,2
896,Tim Hardaway,MIA,199705160NYK,"May 16, 1997",NYK,20,17,4,19,43.48,53.3,-9.82,9,10,8,9,0,0,0,0,0,0,0,0,0,0,0,0,0,0,0,0,0,0,2,1
891,Charles Oakley,NYK,199705160NYK,"May 16, 1997",MIA,18,14,5,17,52.94,55.56,-2.62,13,14,1,0,2,3,0,0,0,0,0,0,1,1,0,0,0,0,0,0,0,0,0,0
297,Alonzo Mourning,MIA,199705160NYK,"May 16, 1997",NYK,28,18,14,25,53.85,57.95,-4.1,16,18,2,3,3,3,0,0,0,0,0,0,0,0,0,0,0,0,0,0,0,0,4,4
1006,Herb Williams,NYK,199705160NYK,"May 16, 1997",MIA,4,5,0,5,40.0,40.0,0.0,5,4,0,0,0,0,0,0,0,0,0,0,0,0,0,0,0,0,0,0,0,0,0,0
1134,Ike Austin,MIA,199705160NYK,"May 16, 1997",NYK,12,9,2,9,60.0,60.73,-0.73,7,6,0,0,0,0,0,0,2,6,0,0,0,0,0,0,0,0,0,0,0,0,0,0
335,Willie Anderson,MIA,199705160NYK,"May 16, 1997",NYK,2,1,0,1,100.0,100.0,0.0,1,2,0,0,0,0,0,0,0,0,0,0,0,0,0,0,0,0,0,0,0,0,0,0
961,John Wallace,NYK,199705160NYK,"May 16, 1997",MIA,4,8,0,8,25.0,25.0,0.0,8,4,0,0,0,0,0,0,0,0,0,0,0,0,0,0,0,0,0,0,0,0,0,0
180,John Crotty,MIA,199705160NYK,"May 16, 1997",NYK,0,2,0,2,0.0,0.0,0.0,2,0,0,0,0,0,0,0,0,0,0,0,0,0,0,0,0,0,0,0,0,0,0,0
165,Hakeem Olajuwon,HOU,199705170HOU,"May 17, 1997",SEA,22,19,3,20,53.66,54.13,-0.47,18,20,0,0,1,0,0,0,1,2,0,0,0,0,0,0,0,0,0,0,0,0,0,0
787,Charles Barkley,HOU,199705170HOU,"May 17, 1997",SEA,20,13,6,15,60.61,63.94,-3.33,10,10,1,0,2,4,0,0,2,6,0,0,0,0,0,0,0,0,0,0,0,0,0,0
431,Shawn Kemp,HOU,199705170HOU,"May 17, 1997",SEA,21,16,8,19,50.0,53.79,-3.79,12,10,2,0,2,3,0,0,2,6,0,0,0,0,0,0,0,0,0,0,0,0,1,2
96,Detlef Schrempf,SEA,199705170HOU,"May 17, 1997",HOU,15,10,8,15,48.39,55.47,-7.08,7,4,3,6,2,2,0,0,0,0,0,0,2,1,0,0,0,0,0,0,0,0,1,2
56,Gary Payton,SEA,199705170HOU,"May 17, 1997",HOU,27,22,6,25,47.37,54.79,-7.42,15,10,7,12,3,5,0,0,0,0,0,0,0,0,0,0,0,0,0,0,0,0,0,0
17,Clyde Drexler,SEA,199705170HOU,"May 17, 1997",HOU,24,19,7,22,45.28,54.35,-9.07,10,12,8,6,0,0,0,0,1,3,0,0,0,0,0,0,0,0,0,0,0,0,3,3
765,Hersey Hawkins,SEA,199705170HOU,"May 17, 1997",HOU,12,10,5,13,44.44,49.18,-4.74,8,8,2,0,1,2,0,0,0,0,0,0,1,0,0,0,0,0,0,0,0,0,1,2
64,Sam Perkins,HOU,199705170HOU,"May 17, 1997",SEA,4,8,0,8,23.53,25.0,-1.47,7,4,1,0,0,0,0,0,0,0,0,0,0,0,0,0,0,0,0,0,0,0,0,0
766,David Wingate,SEA,199705170HOU,"May 17, 1997",HOU,7,7,0,7,43.75,50.0,-6.25,5,4,2,3,0,0,0,0,0,0,0,0,0,0,0,0,0,0,0,0,0,0,0,0
1074,Matt Maloney,HOU,199705170HOU,"May 17, 1997",SEA,15,11,4,13,44.12,58.78,-14.66,3,4,8,9,1,0,0,0,0,0,0,0,0,0,0,0,0,0,0,0,0,0,1,2
187,Terry Cummings,SEA,199705170HOU,"May 17, 1997",HOU,5,6,2,7,35.71,36.34,-0.63,6,4,0,0,0,0,0,0,0,0,0,0,0,0,0,0,0,0,0,0,0,0,1,1
53,Mario Elie,SEA,199705170HOU,"May 17, 1997",HOU,9,5,4,7,50.0,66.57,-16.57,1,2,4,3,1,2,0,0,0,0,0,0,0,0,0,0,0,0,0,0,0,0,1,2
9,Sedale Threatt,HOU,199705170HOU,"May 17, 1997",SEA,0,2,0,2,0.0,0.0,0.0,1,0,1,0,0,0,0,0,0,0,0,0,0,0,0,0,0,0,0,0,0,0,0,0
788,Kevin Willis,HOU,199705170HOU,"May 17, 1997",SEA,2,4,0,4,25.0,25.0,0.0,4,2,0,0,0,0,0,0,0,0,0,0,0,0,0,0,0,0,0,0,0,0,0,0
727,Eric Snow,SEA,199705170HOU,"May 17, 1997",HOU,0,1,0,1,0.0,0.0,0.0,0,0,1,0,0,0,0,0,0,0,0,0,0,0,0,0,0,0,0,0,0,0,0,0
698,Eddie Johnson,HOU,199705170HOU,"May 17, 1997",SEA,4,6,0,6,28.57,33.33,-4.76,4,4,2,0,0,0,0,0,0,0,0,0,0,0,0,0,0,0,0,0,0,0,0,0
37,Greg Graham,SEA,199705170HOU,"May 17, 1997",HOU,0,1,0,1,0.0,0.0,0.0,1,0,0,0,0,0,0,0,0,0,0,0,0,0,0,0,0,0,0,0,0,0,0,0
121,Patrick Ewing,NYK,199705180MIA,"May 18, 1997",MIA,37,27,3,28,63.79,65.32,-1.53,25,32,1,0,1,2,0,0,1,3,0,0,0,0,0,0,0,0,0,0,0,0,0,0
702,Voshon Lenard,MIA,199705180MIA,"May 18, 1997",NYK,13,9,9,14,39.39,50.15,-10.76,3,2,6,3,1,2,0,0,0,0,0,0,1,1,0,0,0,0,0,0,0,0,3,5
891,Charles Oakley,NYK,199705180MIA,"May 18, 1997",MIA,6,7,0,7,42.86,42.86,0.0,7,6,0,0,0,0,0,0,0,0,0,0,0,0,0,0,0,0,0,0,0,0,0,0
164,Chris Childs,NYK,199705180MIA,"May 18, 1997",MIA,6,9,2,10,26.09,30.36,-4.27,6,2,3,3,1,1,0,0,0,0,0,0,0,0,0,0,0,0,0,0,0,0,0,0
297,Alonzo Mourning,MIA,199705180MIA,"May 18, 1997",NYK,22,14,11,19,53.66,58.39,-4.73,11,10,2,3,2,3,0,0,1,2,0,0,0,0,0,0,0,0,0,0,0,0,3,4
105,Dan Majerle,MIA,199705180MIA,"May 18, 1997",NYK,7,6,8,10,30.43,36.76,-6.33,3,0,3,3,2,2,0,0,0,0,0,0,0,0,0,0,0,0,0,0,0,0,2,2
896,Tim Hardaway,NYK,199705180MIA,"May 18, 1997",MIA,38,20,10,25,63.33,77.87,-14.54,10,12,10,18,2,3,0,0,0,0,0,0,0,0,0,0,0,0,0,0,0,0,3,5
469,Jamal Mashburn,MIA,199705180MIA,"May 18, 1997",NYK,11,9,2,10,50.0,55.67,-5.67,7,6,2,3,1,2,0,0,0,0,0,0,0,0,0,0,0,0,0,0,0,0,0,0
961,John Wallace,NYK,199705180MIA,"May 18, 1997",MIA,4,4,2,5,40.0,40.98,-0.98,4,2,0,0,1,2,0,0,0,0,0,0,0,0,0,0,0,0,0,0,0,0,0,0
275,Allan Houston,NYK,199705180MIA,"May 18, 1997",MIA,25,22,2,24,43.86,54.63,-10.77,11,8,11,15,0,0,0,0,0,0,0,0,2,2,0,0,0,0,0,0,0,0,0,0
433,Buck Williams,NYK,199705180MIA,"May 18, 1997",MIA,5,2,2,3,83.33,86.81,-3.48,2,4,0,0,1,1,0,0,0,0,0,0,0,0,0,0,0,0,0,0,0,0,0,0
369,Charlie Ward,NYK,199705180MIA,"May 18, 1997",MIA,7,8,2,9,31.82,39.41,-7.59,4,6,4,0,0,0,0,0,0,0,0,0,0,0,1,1,0,0,0,0,0,0,0,0
1134,Ike Austin,MIA,199705180MIA,"May 18, 1997",NYK,10,9,2,10,47.62,50.61,-2.99,8,6,1,3,1,1,0,0,0,0,0,0,0,0,0,0,0,0,0,0,0,0,0,0
335,Willie Anderson,MIA,199705180MIA,"May 18, 1997",NYK,0,2,0,2,0.0,0.0,0.0,2,0,0,0,0,0,0,0,0,0,0,0,0,0,0,0,0,0,0,0,0,0,0,0
418,Scott Brooks,NYK,199705180MIA,"May 18, 1997",MIA,0,1,0,1,0.0,0.0,0.0,1,0,0,0,0,0,0,0,0,0,0,0,0,0,0,0,0,0,0,0,0,0,0,0
731,Greg Ostertag,UTA,199705190UTA,"May 19, 1997",HOU,8,7,0,7,57.14,57.14,0.0,7,8,0,0,0,0,0,0,0,0,0,0,0,0,0,0,0,0,0,0,0,0,0,0
165,Hakeem Olajuwon,HOU,199705190UTA,"May 19, 1997",UTA,30,14,17,22,66.67,69.83,-3.16,13,16,0,0,3,2,0,0,1,3,0,0,0,0,0,0,0,0,0,0,0,0,5,9
304,John Stockton,UTA,199705190UTA,"May 19, 1997",HOU,16,13,5,16,48.48,52.63,-4.15,11,6,2,6,1,2,0,0,0,0,0,0,1,0,0,0,0,0,0,0,0,0,1,2
53,Mario Elie,HOU,199705190UTA,"May 19, 1997",UTA,10,9,5,11,37.04,44.64,-7.6,4,0,4,3,2,4,0,0,1,3,0,0,0,0,0,0,0,0,0,0,0,0,0,0
204,Jeff Hornacek,UTA,199705190UTA,"May 19, 1997",HOU,19,12,7,17,55.88,63.0,-7.12,9,10,3,3,2,4,0,0,0,0,0,0,3,2,0,0,0,0,0,0,0,0,0,0
1074,Matt Maloney,HOU,199705190UTA,"May 19, 1997",UTA,6,9,2,10,22.22,30.36,-8.14,2,2,7,3,0,0,0,0,0,0,0,0,0,0,0,0,0,0,0,0,0,0,1,1
252,Karl Malone,UTA,199705190UTA,"May 19, 1997",HOU,21,16,11,21,48.84,50.38,-1.54,15,10,0,0,4,6,0,0,1,3,0,0,0,0,0,0,0,0,0,0,0,0,1,2
935,Bryon Russell,UTA,199705190UTA,"May 19, 1997",HOU,6,10,0,10,25.0,30.0,-5.0,6,6,4,0,0,0,0,0,0,0,0,0,0,0,0,0,0,0,0,0,0,0,0,0
787,Charles Barkley,HOU,199705190UTA,"May 19, 1997",UTA,12,10,6,13,42.86,47.47,-4.61,8,6,2,0,3,6,0,0,0,0,0,0,0,0,0,0,0,0,0,0,0,0,0,0
17,Clyde Drexler,HOU,199705190UTA,"May 19, 1997",UTA,13,13,0,13,38.24,50.0,-11.76,5,4,8,9,0,0,0,0,0,0,0,0,0,0,0,0,0,0,0,0,0,0,0,0
458,Howard Eisley,UTA,199705190UTA,"May 19, 1997",HOU,4,7,0,7,25.0,28.57,-3.57,5,4,2,0,0,0,0,0,0,0,0,0,0,0,0,0,0,0,0,0,0,0,0,0
788,Kevin Willis,HOU,199705190UTA,"May 19, 1997",UTA,3,4,2,5,30.0,30.74,-0.74,4,2,0,0,1,1,0,0,0,0,0,0,0,0,0,0,0,0,0,0,0,0,0,0
9,Sedale Threatt,HOU,199705190UTA,"May 19, 1997",UTA,0,1,0,1,0.0,0.0,0.0,1,0,0,0,0,0,0,0,0,0,0,0,0,0,0,0,0,0,0,0,0,0,0,0
323,Greg Foster,UTA,199705190UTA,"May 19, 1997",HOU,9,5,2,6,64.29,76.53,-12.24,3,4,2,3,1,2,0,0,0,0,0,0,0,0,0,0,0,0,0,0,0,0,0,0
1000,Shandon Anderson,HOU,199705190UTA,"May 19, 1997",UTA,11,7,0,7,73.33,78.57,-5.24,6,8,1,3,0,0,0,0,0,0,0,0,0,0,0,0,0,0,0,0,0,0,0,0
356,Chris Morris,UTA,199705190UTA,"May 19, 1997",HOU,2,1,0,1,100.0,100.0,0.0,1,2,0,0,0,0,0,0,0,0,0,0,0,0,0,0,0,0,0,0,0,0,0,0
156,Antoine Carr,HOU,199705190UTA,"May 19, 1997",UTA,5,5,2,6,41.67,42.52,-0.85,5,4,0,0,0,0,0,0,0,0,0,0,0,0,0,0,0,0,0,0,0,0,1,1
698,Eddie Johnson,HOU,199705190UTA,"May 19, 1997",UTA,7,6,0,6,50.0,58.33,-8.33,4,4,2,3,0,0,0,0,0,0,0,0,0,0,0,0,0,0,0,0,0,0,0,0
1128,Stephen Howard,UTA,199705190UTA,"May 19, 1997",HOU,0,1,0,1,0.0,0.0,0.0,1,0,0,0,0,0,0,0,0,0,0,0,0,0,0,0,0,0,0,0,0,0,0,0
970,Othella Harrington,HOU,199705190UTA,"May 19, 1997",UTA,2,2,2,3,33.33,34.72,-1.39,2,2,0,0,0,0,0,0,0,0,0,0,0,0,0,0,0,0,0,0,0,0,1,0
988,Randy Livingston,HOU,199705190UTA,"May 19, 1997",UTA,0,2,0,2,0.0,0.0,0.0,2,0,0,0,0,0,0,0,0,0,0,0,0,0,0,0,0,0,0,0,0,0,0,0
672,Matt Bullard,HOU,199705190UTA,"May 19, 1997",UTA,3,1,0,1,100.0,150.0,-50.0,0,0,1,3,0,0,0,0,0,0,0,0,0,0,0,0,0,0,0,0,0,0,0,0
26,Luc Longley,MIA,199705200CHI,"May 20, 1997",CHI,6,4,2,5,60.0,61.48,-1.48,4,4,0,0,0,0,0,0,0,0,0,0,0,0,0,0,0,0,0,0,0,0,1,2
297,Alonzo Mourning,MIA,199705200CHI,"May 20, 1997",CHI,21,13,15,20,50.0,53.57,-3.57,11,12,1,0,5,6,0,0,1,2,0,0,0,0,0,0,0,0,0,0,0,0,2,1
893,Michael Jordan,CHI,199705200CHI,"May 20, 1997",MIA,37,31,10,36,50.0,52.26,-2.26,29,30,2,0,3,5,0,0,0,0,0,0,0,0,0,0,0,0,0,0,0,0,2,2
469,Jamal Mashburn,MIA,199705200CHI,"May 20, 1997",CHI,10,12,2,13,32.26,38.82,-6.56,7,6,5,3,1,1,0,0,0,0,0,0,0,0,0,0,0,0,0,0,0,0,0,0
702,Voshon Lenard,MIA,199705200CHI,"May 20, 1997",CHI,12,5,1,6,80.0,110.29,-30.29,1,0,4,12,0,0,0,0,0,0,0,0,1,0,0,0,0,0,0,0,0,0,0,0
136,P.J. Brown,MIA,199705200CHI,"May 20, 1997",CHI,3,5,2,6,25.0,25.51,-0.51,5,2,0,0,0,0,0,0,0,0,0,0,0,0,1,1,0,0,0,0,0,0,0,0
23,Dennis Rodman,CHI,199705200CHI,"May 20, 1997",MIA,4,5,0,5,40.0,40.0,0.0,5,4,0,0,0,0,0,0,0,0,0,0,0,0,0,0,0,0,0,0,0,0,0,0
937,Scottie Pippen,CHI,199705200CHI,"May 20, 1997",MIA,24,18,5,20,51.06,59.41,-8.35,11,6,6,12,2,4,0,0,1,2,0,0,0,0,0,0,0,0,0,0,0,0,0,0
183,Bison Dele,CHI,199705200CHI,"May 20, 1997",MIA,2,7,0,7,14.29,14.29,0.0,7,2,0,0,0,0,0,0,0,0,0,0,0,0,0,0,0,0,0,0,0,0,0,0
896,Tim Hardaway,MIA,199705200CHI,"May 20, 1997",CHI,13,14,6,18,30.95,39.06,-8.11,6,4,8,6,0,0,0,0,0,0,0,0,2,0,0,0,0,0,0,0,0,0,2,3
166,Ron Harper,CHI,199705200CHI,"May 20, 1997",MIA,6,9,0,9,27.27,33.33,-6.06,5,0,4,6,0,0,0,0,0,0,0,0,0,0,0,0,0,0,0,0,0,0,0,0
389,Toni Kukoc,CHI,199705200CHI,"May 20, 1997",MIA,2,8,2,9,11.11,11.26,-0.15,8,2,0,0,1,0,0,0,0,0,0,0,0,0,0,0,0,0,0,0,0,0,0,0
70,Steve Kerr,CHI,199705200CHI,"May 20, 1997",MIA,3,4,0,4,30.0,37.5,-7.5,2,0,2,3,0,0,0,0,0,0,0,0,0,0,0,0,0,0,0,0,0,0,0,0
105,Dan Majerle,MIA,199705200CHI,"May 20, 1997",CHI,5,6,0,6,33.33,41.67,-8.34,3,2,3,3,0,0,0,0,0,0,0,0,0,0,0,0,0,0,0,0,0,0,0,0
1134,Ike Austin,MIA,199705200CHI,"May 20, 1997",CHI,4,4,0,4,44.44,50.0,-5.56,3,4,1,0,0,0,0,0,0,0,0,0,0,0,0,0,0,0,0,0,0,0,0,0
173,Keith Askins,MIA,199705200CHI,"May 20, 1997",CHI,3,2,0,2,50.0,75.0,-25.0,0,0,2,3,0,0,0,0,0,0,0,0,0,0,0,0,0,0,0,0,0,0,0,0
679,Jason Caffey,CHI,199705200CHI,"May 20, 1997",MIA,0,2,0,2,0.0,0.0,0.0,2,0,0,0,0,0,0,0,0,0,0,0,0,0,0,0,0,0,0,0,0,0,0,0
335,Willie Anderson,MIA,199705200CHI,"May 20, 1997",CHI,6,3,4,5,50.0,63.03,-13.03,1,0,2,3,2,3,0,0,0,0,0,0,0,0,0,0,0,0,0,0,0,0,0,0
146,Jud Buechler,CHI,199705200CHI,"May 20, 1997",MIA,0,1,0,1,0.0,0.0,0.0,1,0,0,0,0,0,0,0,0,0,0,0,0,0,0,0,0,0,0,0,0,0,0,0
304,John Stockton,UTA,199705210UTA,"May 21, 1997",HOU,26,14,12,20,65.0,67.43,-2.43,14,14,0,0,3,6,0,0,0,0,0,0,0,0,1,2,0,0,0,0,0,0,2,4
53,Mario Elie,HOU,199705210UTA,"May 21, 1997",UTA,12,8,8,13,42.86,52.08,-9.22,4,2,4,3,3,5,0,0,0,0,0,0,2,2,0,0,0,0,0,0,0,0,0,0
252,Karl Malone,UTA,199705210UTA,"May 21, 1997",HOU,24,21,10,26,46.15,47.24,-1.09,21,18,0,0,5,6,0,0,0,0,0,0,0,0,0,0,0,0,0,0,0,0,0,0
787,Charles Barkley,HOU,199705210UTA,"May 21, 1997",UTA,16,12,10,16,44.44,48.78,-4.34,8,6,2,0,3,3,0,0,2,6,0,0,0,0,0,0,0,0,0,0,0,0,1,1
1074,Matt Maloney,HOU,199705210UTA,"May 21, 1997",UTA,8,9,3,10,33.33,38.76,-5.43,6,2,3,3,0,0,1,3,0,0,0,0,0,0,0,0,0,0,0,0,0,0,0,0
165,Hakeem Olajuwon,HOU,199705210UTA,"May 21, 1997",UTA,30,22,9,26,56.6,57.78,-1.18,21,22,0,0,3,4,0,0,1,3,0,0,0,0,0,0,0,0,0,0,0,0,1,1
204,Jeff Hornacek,UTA,199705210UTA,"May 21, 1997",HOU,17,9,5,12,68.0,75.89,-7.89,7,10,2,3,2,4,0,0,0,0,0,0,1,0,0,0,0,0,0,0,0,0,0,0
731,Greg Ostertag,UTA,199705210UTA,"May 21, 1997",HOU,2,5,2,6,16.67,17.01,-0.34,5,0,0,0,1,2,0,0,0,0,0,0,0,0,0,0,0,0,0,0,0,0,0,0
788,Kevin Willis,HOU,199705210UTA,"May 21, 1997",UTA,6,7,2,8,37.5,38.07,-0.57,7,4,0,0,1,2,0,0,0,0,0,0,0,0,0,0,0,0,0,0,0,0,0,0
323,Greg Foster,UTA,199705210UTA,"May 21, 1997",HOU,6,5,0,5,54.55,60.0,-5.45,4,6,1,0,0,0,0,0,0,0,0,0,0,0,0,0,0,0,0,0,0,0,0,0
17,Clyde Drexler,HOU,199705210UTA,"May 21, 1997",UTA,15,18,0,18,35.71,41.67,-5.96,12,6,6,9,0,0,0,0,0,0,0,0,0,0,0,0,0,0,0,0,0,0,0,0
935,Bryon Russell,UTA,199705210UTA,"May 21, 1997",HOU,12,9,2,10,50.0,60.73,-10.73,5,8,4,3,0,0,0,0,0,0,0,0,0,0,0,0,0,0,0,0,0,0,1,1
458,Howard Eisley,UTA,199705210UTA,"May 21, 1997",HOU,7,3,2,4,70.0,90.21,-20.21,1,2,2,3,1,2,0,0,0,0,0,0,0,0,0,0,0,0,0,0,0,0,0,0
9,Sedale Threatt,HOU,199705210UTA,"May 21, 1997",UTA,4,6,0,6,33.33,33.33,0.0,6,4,0,0,0,0,0,0,0,0,0,0,0,0,0,0,0,0,0,0,0,0,0,0
156,Antoine Carr,HOU,199705210UTA,"May 21, 1997",UTA,4,4,2,5,40.0,40.98,-0.98,4,2,0,0,1,2,0,0,0,0,0,0,0,0,0,0,0,0,0,0,0,0,0,0
698,Eddie Johnson,HOU,199705210UTA,"May 21, 1997",UTA,0,3,0,3,0.0,0.0,0.0,2,0,1,0,0,0,0,0,0,0,0,0,0,0,0,0,0,0,0,0,0,0,0,0
356,Chris Morris,UTA,199705210UTA,"May 21, 1997",HOU,4,6,0,6,30.77,33.33,-2.56,5,4,1,0,0,0,0,0,0,0,0,0,0,0,0,0,0,0,0,0,0,0,0,0
1000,Shandon Anderson,UTA,199705210UTA,"May 21, 1997",HOU,2,1,2,2,50.0,53.19,-3.19,1,0,0,0,1,2,0,0,0,0,0,0,0,0,0,0,0,0,0,0,0,0,0,0
970,Othella Harrington,HOU,199705210UTA,"May 21, 1997",UTA,1,0,2,1,50.0,56.82,-6.82,0,0,0,0,0,0,0,0,0,0,0,0,0,0,0,0,0,0,0,0,0,0,1,1
1128,Stephen Howard,UTA,199705210UTA,"May 21, 1997",HOU,0,1,0,1,0.0,0.0,0.0,1,0,0,0,0,0,0,0,0,0,0,0,0,0,0,0,0,0,0,0,0,0,0,0
297,Alonzo Mourning,MIA,199705220CHI,"May 22, 1997",CHI,14,13,6,16,43.75,44.76,-1.01,13,10,0,0,2,4,0,0,0,0,0,0,0,0,0,0,0,0,0,0,0,0,1,0
937,Scottie Pippen,CHI,199705220CHI,"May 22, 1997",MIA,23,21,3,22,43.4,51.52,-8.12,12,10,8,9,0,0,0,0,1,2,0,0,0,0,0,0,0,0,0,0,0,0,1,2
702,Voshon Lenard,MIA,199705220CHI,"May 22, 1997",CHI,5,8,0,8,22.73,31.25,-8.52,2,2,6,3,0,0,0,0,0,0,0,0,0,0,0,0,0,0,0,0,0,0,0,0
26,Luc Longley,CHI,199705220CHI,"May 22, 1997",MIA,8,8,0,8,50.0,50.0,0.0,8,8,0,0,0,0,0,0,0,0,0,0,0,0,0,0,0,0,0,0,0,0,0,0
896,Tim Hardaway,MIA,199705220CHI,"May 22, 1997",CHI,15,16,6,20,34.88,40.24,-5.36,11,10,5,0,1,2,0,0,0,0,0,0,2,2,0,0,0,0,0,0,0,0,1,1
23,Dennis Rodman,CHI,199705220CHI,"May 22, 1997",MIA,1,2,2,3,14.29,17.36,-3.07,1,0,1,0,0,0,0,0,0,0,0,0,0,0,0,0,0,0,0,0,0,0,1,1
893,Michael Jordan,CHI,199705220CHI,"May 22, 1997",MIA,23,15,16,23,48.94,52.18,-3.24,14,8,1,0,3,5,0,0,0,0,0,0,0,0,0,0,0,0,0,0,0,0,5,10
469,Jamal Mashburn,MIA,199705220CHI,"May 22, 1997",CHI,10,15,0,15,28.57,33.33,-4.76,10,10,5,0,0,0,0,0,0,0,0,0,0,0,0,0,0,0,0,0,0,0,0,0
166,Ron Harper,CHI,199705220CHI,"May 22, 1997",MIA,11,5,6,8,55.0,71.99,-16.99,1,2,4,6,1,2,0,0,0,0,0,0,0,0,0,0,0,0,0,0,0,0,2,1
136,P.J. Brown,MIA,199705220CHI,"May 22, 1997",CHI,0,1,0,1,0.0,0.0,0.0,1,0,0,0,0,0,0,0,0,0,0,0,0,0,0,0,0,0,0,0,0,0,0,0
1134,Ike Austin,MIA,199705220CHI,"May 22, 1997",CHI,12,7,2,8,75.0,76.14,-1.14,7,10,0,0,1,2,0,0,0,0,0,0,0,0,0,0,0,0,0,0,0,0,0,0
335,Willie Anderson,MIA,199705220CHI,"May 22, 1997",CHI,4,5,2,6,26.67,34.01,-7.34,2,2,3,0,0,0,0,0,0,0,0,0,0,0,0,0,0,0,0,0,0,0,1,2
105,Dan Majerle,MIA,199705220CHI,"May 22, 1997",CHI,8,8,2,9,32.0,45.05,-13.05,1,0,7,6,1,2,0,0,0,0,0,0,0,0,0,0,0,0,0,0,0,0,0,0
389,Toni Kukoc,CHI,199705220CHI,"May 22, 1997",MIA,0,3,0,3,0.0,0.0,0.0,1,0,2,0,0,0,0,0,0,0,0,0,0,0,0,0,0,0,0,0,0,0,0,0
753,Randy Brown,CHI,199705220CHI,"May 22, 1997",MIA,0,1,0,1,0.0,0.0,0.0,1,0,0,0,0,0,0,0,0,0,0,0,0,0,0,0,0,0,0,0,0,0,0,0
183,Bison Dele,CHI,199705220CHI,"May 22, 1997",MIA,1,3,2,4,12.5,12.89,-0.39,3,0,0,0,1,1,0,0,0,0,0,0,0,0,0,0,0,0,0,0,0,0,0,0
180,John Crotty,MIA,199705220CHI,"May 22, 1997",CHI,0,1,0,1,0.0,0.0,0.0,1,0,0,0,0,0,0,0,0,0,0,0,0,0,0,0,0,0,0,0,0,0,0,0
70,Steve Kerr,CHI,199705220CHI,"May 22, 1997",MIA,3,2,2,4,42.86,52.08,-9.22,1,2,1,0,0,0,0,0,0,0,0,0,2,1,0,0,0,0,0,0,0,0,0,0
146,Jud Buechler,CHI,199705220CHI,"May 22, 1997",MIA,5,4,1,4,55.56,56.31,-0.75,3,2,0,0,0,0,0,0,1,3,0,0,0,0,0,0,0,0,0,0,0,0,0,0
165,Hakeem Olajuwon,HOU,199705230HOU,"May 23, 1997",UTA,27,19,5,21,62.79,63.68,-0.89,18,22,0,0,1,1,0,0,1,3,0,0,0,0,0,0,0,0,0,0,0,0,1,1
731,Greg Ostertag,UTA,199705230HOU,"May 23, 1997",HOU,15,10,7,13,55.56,57.34,-1.78,9,6,0,0,2,4,0,0,1,3,0,0,0,0,0,0,0,0,0,0,0,0,1,2
787,Charles Barkley,HOU,199705230HOU,"May 23, 1997",UTA,19,11,6,14,63.33,69.65,-6.32,9,10,2,3,2,4,0,0,0,0,0,0,0,0,0,0,0,0,0,0,0,0,1,2
935,Bryon Russell,UTA,199705230HOU,"May 23, 1997",HOU,10,8,0,8,47.62,62.5,-14.88,3,4,5,6,0,0,0,0,0,0,0,0,0,0,0,0,0,0,0,0,0,0,0,0
1074,Matt Maloney,HOU,199705230HOU,"May 23, 1997",UTA,3,6,0,6,17.65,25.0,-7.35,1,0,5,3,0,0,0,0,0,0,0,0,0,0,0,0,0,0,0,0,0,0,0,0
252,Karl Malone,UTA,199705230HOU,"May 23, 1997",HOU,21,14,5,17,61.76,64.81,-3.05,13,16,1,3,0,0,0,0,0,0,0,0,0,0,1,1,0,0,0,0,0,0,2,1
304,John Stockton,UTA,199705230HOU,"May 23, 1997",HOU,17,19,1,19,40.48,43.72,-3.24,15,14,3,0,0,0,0,0,1,3,0,0,0,0,0,0,0,0,0,0,0,0,0,0
53,Mario Elie,HOU,199705230HOU,"May 23, 1997",UTA,7,3,4,7,63.64,73.53,-9.89,2,4,1,0,0,0,0,0,0,0,0,0,4,3,0,0,0,0,0,0,0,0,0,0
204,Jeff Hornacek,UTA,199705230HOU,"May 23, 1997",HOU,9,10,2,12,39.13,41.36,-2.23,9,8,1,0,0,0,0,0,0,0,0,0,2,1,0,0,0,0,0,0,0,0,0,0
17,Clyde Drexler,HOU,199705230HOU,"May 23, 1997",UTA,15,9,2,10,57.69,75.91,-18.22,3,4,6,9,1,2,0,0,0,0,0,0,0,0,0,0,0,0,0,0,0,0,0,0
458,Howard Eisley,UTA,199705230HOU,"May 23, 1997",HOU,10,7,0,7,58.82,71.43,-12.61,4,4,3,6,0,0,0,0,0,0,0,0,0,0,0,0,0,0,0,0,0,0,0,0
9,Sedale Threatt,HOU,199705230HOU,"May 23, 1997",UTA,6,4,0,4,54.55,75.0,-20.45,1,0,3,6,0,0,0,0,0,0,0,0,0,0,0,0,0,0,0,0,0,0,0,0
788,Kevin Willis,HOU,199705230HOU,"May 23, 1997",UTA,10,6,3,7,66.67,68.31,-1.64,5,6,0,0,1,1,0,0,1,3,0,0,0,0,0,0,0,0,0,0,0,0,0,0
698,Eddie Johnson,HOU,199705230HOU,"May 23, 1997",UTA,31,17,2,19,70.45,86.69,-16.24,9,14,8,15,0,0,0,0,0,0,0,0,2,2,0,0,0,0,0,0,0,0,0,0
1000,Shandon Anderson,UTA,199705230HOU,"May 23, 1997",HOU,5,5,0,5,41.67,50.0,-8.33,3,2,2,3,0,0,0,0,0,0,0,0,0,0,0,0,0,0,0,0,0,0,0,0
323,Greg Foster,UTA,199705230HOU,"May 23, 1997",HOU,7,6,3,7,43.75,47.81,-4.06,4,2,1,0,1,2,0,0,1,3,0,0,0,0,0,0,0,0,0,0,0,0,0,0
156,Antoine Carr,UTA,199705230HOU,"May 23, 1997",HOU,6,3,2,4,75.0,77.32,-2.32,3,4,0,0,1,2,0,0,0,0,0,0,0,0,0,0,0,0,0,0,0,0,0,0
297,Alonzo Mourning,MIA,199705240MIA,"May 24, 1997",CHI,12,4,12,10,60.0,64.66,-4.66,4,2,0,0,4,6,0,0,0,0,0,0,0,0,1,2,0,0,0,0,0,0,1,2
702,Voshon Lenard,CHI,199705240MIA,"May 24, 1997",MIA,14,7,4,9,60.87,79.91,-19.04,2,2,5,9,1,2,0,0,0,0,0,0,0,0,0,0,0,0,0,0,0,0,1,1
166,Ron Harper,CHI,199705240MIA,"May 24, 1997",MIA,5,4,3,5,41.67,46.99,-5.32,2,0,1,0,1,2,0,0,1,3,0,0,0,0,0,0,0,0,0,0,0,0,0,0
896,Tim Hardaway,MIA,199705240MIA,"May 24, 1997",CHI,6,9,2,10,25.0,30.36,-5.36,5,4,4,0,1,2,0,0,0,0,0,0,0,0,0,0,0,0,0,0,0,0,0,0
893,Michael Jordan,CHI,199705240MIA,"May 24, 1997",MIA,34,25,5,27,59.65,62.5,-2.85,22,24,2,3,2,4,0,0,1,3,0,0,0,0,0,0,0,0,0,0,0,0,0,0
23,Dennis Rodman,CHI,199705240MIA,"May 24, 1997",MIA,3,2,4,4,30.0,39.89,-9.89,0,0,2,0,2,3,0,0,0,0,0,0,0,0,0,0,0,0,0,0,0,0,0,0
26,Luc Longley,CHI,199705240MIA,"May 24, 1997",MIA,0,2,0,2,0.0,0.0,0.0,2,0,0,0,0,0,0,0,0,0,0,0,0,0,0,0,0,0,0,0,0,0,0,0
136,P.J. Brown,MIA,199705240MIA,"May 24, 1997",CHI,5,7,4,9,27.78,28.54,-0.76,7,4,0,0,1,0,0,0,0,0,0,0,0,0,0,0,0,0,0,0,0,0,1,1
937,Scottie Pippen,CHI,199705240MIA,"May 24, 1997",MIA,21,16,6,19,50.0,56.33,-6.33,12,16,4,0,2,4,0,0,0,0,0,0,0,0,1,1,0,0,0,0,0,0,0,0
469,Jamal Mashburn,MIA,199705240MIA,"May 24, 1997",CHI,5,7,2,8,23.81,31.73,-7.92,2,2,5,3,1,0,0,0,0,0,0,0,0,0,0,0,0,0,0,0,0,0,0,0
753,Randy Brown,CHI,199705240MIA,"May 24, 1997",MIA,9,10,3,11,39.13,39.75,-0.62,9,6,0,0,0,0,0,0,1,2,0,0,0,0,0,0,0,0,0,0,0,0,1,1
173,Keith Askins,MIA,199705240MIA,"May 24, 1997",CHI,2,2,0,2,40.0,50.0,-10.0,1,2,1,0,0,0,0,0,0,0,0,0,0,0,0,0,0,0,0,0,0,0,0,0
183,Bison Dele,CHI,199705240MIA,"May 24, 1997",MIA,6,4,0,4,75.0,75.0,0.0,4,6,0,0,0,0,0,0,0,0,0,0,0,0,0,0,0,0,0,0,0,0,0,0
105,Dan Majerle,MIA,199705240MIA,"May 24, 1997",CHI,5,2,5,4,50.0,59.52,-9.52,1,2,1,0,1,2,1,1,0,0,0,0,0,0,0,0,0,0,0,0,0,0,0,0
389,Toni Kukoc,CHI,199705240MIA,"May 24, 1997",MIA,9,5,6,8,52.94,58.9,-5.96,4,4,1,0,2,3,0,0,0,0,0,0,0,0,0,0,0,0,0,0,0,0,1,2
1134,Ike Austin,MIA,199705240MIA,"May 24, 1997",CHI,9,4,6,7,60.0,67.77,-7.77,3,4,1,0,1,2,0,0,0,0,0,0,0,0,0,0,0,0,0,0,0,0,2,3
70,Steve Kerr,CHI,199705240MIA,"May 24, 1997",MIA,3,5,3,7,21.43,23.73,-2.3,4,0,1,0,0,0,0,0,0,0,0,0,1,1,0,0,0,0,0,0,0,0,1,2
146,Jud Buechler,CHI,199705240MIA,"May 24, 1997",MIA,6,5,0,5,50.0,60.0,-10.0,3,6,2,0,0,0,0,0,0,0,0,0,0,0,0,0,0,0,0,0,0,0,0,0
679,Jason Caffey,CHI,199705240MIA,"May 24, 1997",MIA,2,0,2,1,100.0,113.64,-13.64,0,0,0,0,1,2,0,0,0,0,0,0,0,0,0,0,0,0,0,0,0,0,0,0
180,John Crotty,MIA,199705240MIA,"May 24, 1997",CHI,4,2,2,3,66.67,69.44,-2.77,2,2,0,0,0,0,0,0,0,0,0,0,0,0,1,2,0,0,0,0,0,0,0,0
335,Willie Anderson,MIA,199705240MIA,"May 24, 1997",CHI,6,6,2,7,42.86,43.6,-0.74,6,4,0,0,1,2,0,0,0,0,0,0,0,0,0,0,0,0,0,0,0,0,0,0
1110,Mark Strickland,MIA,199705240MIA,"May 24, 1997",CHI,6,5,0,5,60.0,60.0,0.0,5,6,0,0,0,0,0,0,0,0,0,0,0,0,0,0,0,0,0,0,0,0,0,0
304,John Stockton,UTA,199705250HOU,"May 25, 1997",HOU,22,12,5,15,73.33,77.46,-4.13,11,18,1,0,0,0,0,0,0,0,0,0,1,1,0,0,0,0,0,0,0,0,2,3
165,Hakeem Olajuwon,HOU,199705250HOU,"May 25, 1997",UTA,27,18,12,24,56.25,57.99,-1.74,18,18,0,0,4,6,0,0,0,0,0,0,0,0,0,0,0,0,0,0,0,0,2,3
731,Greg Ostertag,UTA,199705250HOU,"May 25, 1997",HOU,2,2,2,3,33.33,34.72,-1.39,2,0,0,0,1,2,0,0,0,0,0,0,0,0,0,0,0,0,0,0,0,0,0,0
252,Karl Malone,UTA,199705250HOU,"May 25, 1997",HOU,22,28,2,29,37.93,38.09,-0.16,28,20,0,0,1,2,0,0,0,0,0,0,0,0,0,0,0,0,0,0,0,0,0,0
17,Clyde Drexler,HOU,199705250HOU,"May 25, 1997",UTA,16,15,4,17,42.11,47.73,-5.62,11,10,4,3,2,3,0,0,0,0,0,0,0,0,0,0,0,0,0,0,0,0,0,0
204,Jeff Hornacek,UTA,199705250HOU,"May 25, 1997",HOU,14,12,5,16,48.28,49.3,-1.02,12,10,0,0,0,0,0,0,0,0,0,0,4,4,0,0,0,0,0,0,0,0,0,0
788,Kevin Willis,HOU,199705250HOU,"May 25, 1997",UTA,4,3,0,3,66.67,66.67,0.0,3,4,0,0,0,0,0,0,0,0,0,0,0,0,0,0,0,0,0,0,0,0,0,0
787,Charles Barkley,HOU,199705250HOU,"May 25, 1997",UTA,20,11,11,16,58.82,63.13,-4.31,9,8,1,0,4,7,0,0,1,3,0,0,0,0,0,0,0,0,0,0,0,0,1,2
1074,Matt Maloney,HOU,199705250HOU,"May 25, 1997",UTA,8,8,0,8,36.36,50.0,-13.64,2,2,6,6,0,0,0,0,0,0,0,0,0,0,0,0,0,0,0,0,0,0,0,0
53,Mario Elie,HOU,199705250HOU,"May 25, 1997",UTA,11,10,0,10,44.0,55.0,-11.0,5,8,5,3,0,0,0,0,0,0,0,0,0,0,0,0,0,0,0,0,0,0,0,0
323,Greg Foster,UTA,199705250HOU,"May 25, 1997",HOU,4,6,2,7,26.67,29.07,-2.4,5,2,1,0,0,0,0,0,0,0,0,0,0,0,0,0,0,0,0,0,0,0,1,2
458,Howard Eisley,UTA,199705250HOU,"May 25, 1997",HOU,4,4,0,4,50.0,50.0,0.0,4,4,0,0,0,0,0,0,0,0,0,0,0,0,0,0,0,0,0,0,0,0,0,0
156,Antoine Carr,UTA,199705250HOU,"May 25, 1997",HOU,6,6,0,6,50.0,50.0,0.0,6,6,0,0,0,0,0,0,0,0,0,0,0,0,0,0,0,0,0,0,0,0,0,0
9,Sedale Threatt,HOU,199705250HOU,"May 25, 1997",UTA,2,2,0,2,50.0,50.0,0.0,2,2,0,0,0,0,0,0,0,0,0,0,0,0,0,0,0,0,0,0,0,0,0,0
698,Eddie Johnson,HOU,199705250HOU,"May 25, 1997",UTA,7,5,1,6,50.0,64.34,-14.34,2,0,3,6,0,0,0,0,0,0,0,0,1,1,0,0,0,0,0,0,0,0,0,0
935,Bryon Russell,UTA,199705250HOU,"May 25, 1997",HOU,9,6,2,7,47.37,65.41,-18.04,1,2,5,6,0,0,0,0,0,0,0,0,0,0,0,0,0,0,0,0,0,0,1,1
1000,Shandon Anderson,UTA,199705250HOU,"May 25, 1997",HOU,8,7,4,9,42.11,45.66,-3.55,6,4,1,0,2,4,0,0,0,0,0,0,0,0,0,0,0,0,0,0,0,0,0,0
356,Chris Morris,UTA,199705250HOU,"May 25, 1997",HOU,1,0,3,2,33.33,37.88,-4.55,0,0,0,0,1,1,0,0,0,0,0,0,0,0,0,0,0,0,0,0,1,0,0,0
136,P.J. Brown,MIA,199705260MIA,"May 26, 1997",CHI,2,5,0,5,20.0,20.0,0.0,5,2,0,0,0,0,0,0,0,0,0,0,0,0,0,0,0,0,0,0,0,0,0,0
23,Dennis Rodman,CHI,199705260MIA,"May 26, 1997",MIA,13,13,1,13,44.83,48.36,-3.53,10,10,2,0,0,0,0,0,1,3,0,0,0,0,0,0,0,0,0,0,0,0,0,0
937,Scottie Pippen,CHI,199705260MIA,"May 26, 1997",MIA,14,17,2,18,31.11,39.15,-8.04,8,6,9,6,1,2,0,0,0,0,0,0,0,0,0,0,0,0,0,0,0,0,0,0
297,Alonzo Mourning,MIA,199705260MIA,"May 26, 1997",CHI,18,13,6,16,56.25,57.54,-1.29,13,16,0,0,2,2,0,0,0,0,0,0,0,0,0,0,0,0,0,0,0,0,1,0
893,Michael Jordan,CHI,199705260MIA,"May 26, 1997",MIA,29,35,13,42,31.87,35.61,-3.74,27,18,8,0,3,5,0,0,0,0,0,0,1,0,0,0,0,0,0,0,0,0,3,6
469,Jamal Mashburn,MIA,199705260MIA,"May 26, 1997",CHI,17,12,2,13,56.67,65.99,-9.32,8,10,4,6,1,1,0,0,0,0,0,0,0,0,0,0,0,0,0,0,0,0,0,0
166,Ron Harper,CHI,199705260MIA,"May 26, 1997",MIA,5,9,0,9,20.0,27.78,-7.78,2,2,7,3,0,0,0,0,0,0,0,0,0,0,0,0,0,0,0,0,0,0,0,0
896,Tim Hardaway,MIA,199705260MIA,"May 26, 1997",CHI,25,19,2,20,47.17,62.88,-15.71,6,8,13,15,0,0,0,0,0,0,0,0,0,0,0,0,0,0,0,0,0,0,1,2
702,Voshon Lenard,MIA,199705260MIA,"May 26, 1997",CHI,13,11,2,12,43.33,54.71,-11.38,5,2,6,9,0,0,0,0,0,0,0,0,0,0,0,0,0,0,0,0,0,0,1,2
26,Luc Longley,CHI,199705260MIA,"May 26, 1997",MIA,7,4,2,5,70.0,71.72,-1.72,4,6,0,0,1,1,0,0,0,0,0,0,0,0,0,0,0,0,0,0,0,0,0,0
183,Bison Dele,CHI,199705260MIA,"May 26, 1997",MIA,7,4,2,5,70.0,71.72,-1.72,4,6,0,0,1,1,0,0,0,0,0,0,0,0,0,0,0,0,0,0,0,0,0,0
105,Dan Majerle,MIA,199705260MIA,"May 26, 1997",CHI,0,6,0,6,0.0,0.0,0.0,3,0,3,0,0,0,0,0,0,0,0,0,0,0,0,0,0,0,0,0,0,0,0,0
70,Steve Kerr,CHI,199705260MIA,"May 26, 1997",MIA,2,1,0,1,100.0,100.0,0.0,1,2,0,0,0,0,0,0,0,0,0,0,0,0,0,0,0,0,0,0,0,0,0,0
1134,Ike Austin,MIA,199705260MIA,"May 26, 1997",CHI,12,9,5,11,50.0,53.57,-3.57,7,6,1,0,1,2,0,0,1,3,0,0,0,0,0,0,0,0,0,0,0,0,1,1
389,Toni Kukoc,CHI,199705260MIA,"May 26, 1997",MIA,0,1,0,1,0.0,0.0,0.0,1,0,0,0,0,0,0,0,0,0,0,0,0,0,0,0,0,0,0,0,0,0,0,0
173,Keith Askins,MIA,199705260MIA,"May 26, 1997",CHI,0,1,0,1,0.0,0.0,0.0,1,0,0,0,0,0,0,0,0,0,0,0,0,0,0,0,0,0,0,0,0,0,0,0
146,Jud Buechler,CHI,199705260MIA,"May 26, 1997",MIA,3,1,0,1,100.0,150.0,-50.0,0,0,1,3,0,0,0,0,0,0,0,0,0,0,0,0,0,0,0,0,0,0,0,0
304,John Stockton,HOU,199705270UTA,"May 27, 1997",UTA,17,7,4,9,89.47,97.03,-7.56,6,10,1,3,2,4,0,0,0,0,0,0,0,0,0,0,0,0,0,0,0,0,0,0
165,Hakeem Olajuwon,HOU,199705270UTA,"May 27, 1997",UTA,33,18,13,24,67.35,69.56,-2.21,17,20,0,0,5,8,0,0,1,3,0,0,0,0,0,0,0,0,0,0,0,0,1,2
731,Greg Ostertag,UTA,199705270UTA,"May 27, 1997",HOU,4,4,2,5,40.0,40.98,-0.98,4,4,0,0,1,0,0,0,0,0,0,0,0,0,0,0,0,0,0,0,0,0,0,0
17,Clyde Drexler,HOU,199705270UTA,"May 27, 1997",UTA,15,15,6,18,36.59,42.52,-5.93,10,10,5,0,2,3,0,0,0,0,0,0,0,0,0,0,0,0,0,0,0,0,1,2
252,Karl Malone,UTA,199705270UTA,"May 27, 1997",HOU,29,22,8,26,55.77,56.82,-1.05,22,22,0,0,3,5,0,0,0,0,0,0,0,0,0,0,0,0,0,0,0,0,1,2
1074,Matt Maloney,UTA,199705270UTA,"May 27, 1997",HOU,14,9,0,9,58.33,77.78,-19.45,3,2,6,12,0,0,0,0,0,0,0,0,0,0,0,0,0,0,0,0,0,0,0,0
935,Bryon Russell,UTA,199705270UTA,"May 27, 1997",HOU,13,11,4,13,39.39,50.94,-11.55,4,6,7,3,1,2,0,0,0,0,0,0,0,0,0,0,0,0,0,0,0,0,1,2
204,Jeff Hornacek,UTA,199705270UTA,"May 27, 1997",HOU,11,9,5,12,44.0,49.11,-5.11,7,6,2,0,2,4,0,0,0,0,0,0,1,1,0,0,0,0,0,0,0,0,0,0
787,Charles Barkley,HOU,199705270UTA,"May 27, 1997",UTA,10,6,4,8,52.63,64.43,-11.8,3,2,3,6,1,1,0,0,0,0,0,0,0,0,0,0,0,0,0,0,0,0,1,1
53,Mario Elie,HOU,199705270UTA,"May 27, 1997",UTA,6,6,5,9,28.57,36.59,-8.02,2,2,4,0,1,1,0,0,0,0,0,0,1,1,0,0,0,0,0,0,0,0,1,2
458,Howard Eisley,UTA,199705270UTA,"May 27, 1997",HOU,10,6,3,7,58.82,68.31,-9.49,3,2,2,3,0,0,0,0,1,3,0,0,0,0,0,0,0,0,0,0,0,0,1,2
9,Sedale Threatt,HOU,199705270UTA,"May 27, 1997",UTA,9,5,2,6,64.29,76.53,-12.24,3,4,2,3,0,0,0,0,0,0,0,0,0,0,0,0,0,0,0,0,0,0,1,2
698,Eddie Johnson,HOU,199705270UTA,"May 27, 1997",UTA,4,7,1,8,21.05,26.88,-5.83,3,4,4,0,0,0,0,0,0,0,0,0,1,0,0,0,0,0,0,0,0,0,0,0
788,Kevin Willis,HOU,199705270UTA,"May 27, 1997",UTA,0,1,0,1,0.0,0.0,0.0,1,0,0,0,0,0,0,0,0,0,0,0,0,0,0,0,0,0,0,0,0,0,0,0
323,Greg Foster,UTA,199705270UTA,"May 27, 1997",HOU,2,2,0,2,50.0,50.0,0.0,2,2,0,0,0,0,0,0,0,0,0,0,0,0,0,0,0,0,0,0,0,0,0,0
1000,Shandon Anderson,UTA,199705270UTA,"May 27, 1997",HOU,0,2,0,2,0.0,0.0,0.0,2,0,0,0,0,0,0,0,0,0,0,0,0,0,0,0,0,0,0,0,0,0,0,0
156,Antoine Carr,UTA,199705270UTA,"May 27, 1997",HOU,10,5,2,6,83.33,85.03,-1.7,5,8,0,0,0,0,0,0,0,0,0,0,0,0,0,0,0,0,0,0,0,0,1,2
356,Chris Morris,UTA,199705270UTA,"May 27, 1997",HOU,0,1,0,1,0.0,0.0,0.0,0,0,1,0,0,0,0,0,0,0,0,0,0,0,0,0,0,0,0,0,0,0,0,0
896,Tim Hardaway,MIA,199705280CHI,"May 28, 1997",CHI,27,19,9,24,45.76,58.8,-13.04,6,4,12,12,1,2,0,0,1,3,0,0,2,2,0,0,0,0,0,0,0,0,2,4
893,Michael Jordan,CHI,199705280CHI,"May 28, 1997",MIA,28,31,6,34,38.89,41.62,-2.73,27,20,4,3,2,3,0,0,0,0,0,0,0,0,0,0,0,0,0,0,1,2,0,0
166,Ron Harper,CHI,199705280CHI,"May 28, 1997",MIA,14,9,2,10,63.64,70.85,-7.21,7,10,2,3,0,0,0,0,0,0,0,0,0,0,0,0,0,0,0,0,0,0,1,1
297,Alonzo Mourning,MIA,199705280CHI,"May 28, 1997",CHI,13,4,12,10,61.9,70.04,-8.14,3,0,1,3,2,3,0,0,0,0,0,0,0,0,0,0,0,0,0,0,0,0,4,7
469,Jamal Mashburn,MIA,199705280CHI,"May 28, 1997",CHI,22,14,7,17,56.41,64.4,-7.99,9,8,4,6,2,4,0,0,1,3,0,0,0,0,0,0,0,0,0,0,0,0,1,1
702,Voshon Lenard,MIA,199705280CHI,"May 28, 1997",CHI,5,9,0,9,20.83,27.78,-6.95,3,2,6,3,0,0,0,0,0,0,0,0,0,0,0,0,0,0,0,0,0,0,0,0
23,Dennis Rodman,CHI,199705280CHI,"May 28, 1997",MIA,9,7,2,8,52.94,57.11,-4.17,6,4,1,3,1,2,0,0,0,0,0,0,0,0,0,0,0,0,0,0,0,0,0,0
26,Luc Longley,MIA,199705280CHI,"May 28, 1997",CHI,14,8,4,10,70.0,71.72,-1.72,8,12,0,0,0,0,0,0,0,0,0,0,0,0,0,0,0,0,0,0,0,0,2,2
136,P.J. Brown,MIA,199705280CHI,"May 28, 1997",CHI,8,12,0,12,33.33,33.33,0.0,12,8,0,0,0,0,0,0,0,0,0,0,0,0,0,0,0,0,0,0,0,0,0,0
937,Scottie Pippen,CHI,199705280CHI,"May 28, 1997",MIA,2,0,2,1,100.0,113.64,-13.64,0,0,0,0,1,2,0,0,0,0,0,0,0,0,0,0,0,0,0,0,0,0,0,0
105,Dan Majerle,MIA,199705280CHI,"May 28, 1997",CHI,8,8,0,8,34.78,50.0,-15.22,1,2,7,6,0,0,0,0,0,0,0,0,0,0,0,0,0,0,0,0,0,0,0,0
183,Bison Dele,CHI,199705280CHI,"May 28, 1997",MIA,10,7,3,8,58.82,60.1,-1.28,6,6,0,0,0,0,0,0,1,2,0,0,0,0,0,0,0,0,0,0,0,0,1,2
389,Toni Kukoc,CHI,199705280CHI,"May 28, 1997",MIA,8,10,2,11,30.77,36.76,-5.99,6,4,4,3,1,1,0,0,0,0,0,0,0,0,0,0,0,0,0,0,0,0,0,0
1134,Ike Austin,MIA,199705280CHI,"May 28, 1997",CHI,4,5,0,5,40.0,40.0,0.0,5,4,0,0,0,0,0,0,0,0,0,0,0,0,0,0,0,0,0,0,0,0,0,0
679,Jason Caffey,CHI,199705280CHI,"May 28, 1997",MIA,2,1,0,1,100.0,100.0,0.0,1,2,0,0,0,0,0,0,0,0,0,0,0,0,0,0,0,0,0,0,0,0,0,0
70,Steve Kerr,CHI,199705280CHI,"May 28, 1997",MIA,6,3,1,4,66.67,87.21,-20.54,1,2,2,3,0,0,0,0,0,0,0,0,1,1,0,0,0,0,0,0,0,0,0,0
753,Randy Brown,CHI,199705280CHI,"May 28, 1997",MIA,4,3,0,3,66.67,66.67,0.0,3,4,0,0,0,0,0,0,0,0,0,0,0,0,0,0,0,0,0,0,0,0,0,0
146,Jud Buechler,CHI,199705280CHI,"May 28, 1997",MIA,3,5,2,6,23.08,25.51,-2.43,4,2,1,0,0,0,0,0,0,0,0,0,0,0,0,0,0,0,0,0,0,0,1,1
180,John Crotty,MIA,199705280CHI,"May 28, 1997",CHI,0,1,0,1,0.0,0.0,0.0,1,0,0,0,0,0,0,0,0,0,0,0,0,0,0,0,0,0,0,0,0,0,0,0
204,Jeff Hornacek,UTA,199705290HOU,"May 29, 1997",HOU,18,15,2,16,51.43,56.68,-5.25,12,10,3,6,0,0,0,0,0,0,0,0,0,0,0,0,0,0,0,0,0,0,1,2
731,Greg Ostertag,UTA,199705290HOU,"May 29, 1997",HOU,16,6,4,8,100.0,103.09,-3.09,6,12,0,0,2,4,0,0,0,0,0,0,0,0,0,0,0,0,0,0,0,0,0,0
165,Hakeem Olajuwon,HOU,199705290HOU,"May 29, 1997",UTA,16,12,0,12,66.67,66.67,0.0,12,16,0,0,0,0,0,0,0,0,0,0,0,0,0,0,0,0,0,0,0,0,0,0
17,Clyde Drexler,HOU,199705290HOU,"May 29, 1997",UTA,33,15,8,19,73.33,89.09,-15.76,8,10,7,15,2,4,0,0,0,0,0,0,0,0,0,0,0,0,0,0,0,0,2,4
252,Karl Malone,UTA,199705290HOU,"May 29, 1997",HOU,24,24,4,26,46.15,46.58,-0.43,24,22,0,0,2,2,0,0,0,0,0,0,0,0,0,0,0,0,0,0,0,0,0,0
787,Charles Barkley,HOU,199705290HOU,"May 29, 1997",UTA,20,13,13,19,50.0,53.42,-3.42,11,8,1,0,6,10,0,0,1,2,0,0,0,0,0,0,0,0,0,0,0,0,0,0
53,Mario Elie,HOU,199705290HOU,"May 29, 1997",UTA,11,9,0,9,50.0,61.11,-11.11,5,8,4,3,0,0,0,0,0,0,0,0,0,0,0,0,0,0,0,0,0,0,0,0
304,John Stockton,UTA,199705290HOU,"May 29, 1997",HOU,25,15,6,18,59.52,70.86,-11.34,9,10,6,9,2,4,0,0,0,0,0,0,0,0,0,0,0,0,0,0,0,0,1,2
935,Bryon Russell,HOU,199705290HOU,"May 29, 1997",UTA,15,8,0,8,71.43,93.75,-22.32,3,6,5,9,0,0,0,0,0,0,0,0,0,0,0,0,0,0,0,0,0,0,0,0
1074,Matt Maloney,HOU,199705290HOU,"May 29, 1997",UTA,0,6,0,6,0.0,0.0,0.0,0,0,6,0,0,0,0,0,0,0,0,0,0,0,0,0,0,0,0,0,0,0,0,0
458,Howard Eisley,UTA,199705290HOU,"May 29, 1997",HOU,2,3,0,3,28.57,33.33,-4.76,2,2,1,0,0,0,0,0,0,0,0,0,0,0,0,0,0,0,0,0,0,0,0,0
698,Eddie Johnson,HOU,199705290HOU,"May 29, 1997",UTA,14,11,0,11,53.85,63.64,-9.79,7,8,4,6,0,0,0,0,0,0,0,0,0,0,0,0,0,0,0,0,0,0,0,0
788,Kevin Willis,HOU,199705290HOU,"May 29, 1997",UTA,4,4,2,5,40.0,40.98,-0.98,4,2,0,0,0,0,0,0,0,0,0,0,0,0,0,0,0,0,0,0,0,0,1,2
323,Greg Foster,UTA,199705290HOU,"May 29, 1997",HOU,0,3,0,3,0.0,0.0,0.0,3,0,0,0,0,0,0,0,0,0,0,0,0,0,0,0,0,0,0,0,0,0,0,0
9,Sedale Threatt,HOU,199705290HOU,"May 29, 1997",UTA,2,2,0,2,40.0,50.0,-10.0,1,2,1,0,0,0,0,0,0,0,0,0,0,0,0,0,0,0,0,0,0,0,0,0
156,Antoine Carr,UTA,199705290HOU,"May 29, 1997",HOU,0,3,0,3,0.0,0.0,0.0,3,0,0,0,0,0,0,0,0,0,0,0,0,0,0,0,0,0,0,0,0,0,0,0
1000,Shandon Anderson,UTA,199705290HOU,"May 29, 1997",HOU,3,4,2,5,30.0,30.74,-0.74,4,2,0,0,1,1,0,0,0,0,0,0,0,0,0,0,0,0,0,0,0,0,0,0
356,Chris Morris,UTA,199705290HOU,"May 29, 1997",HOU,0,1,0,1,0.0,0.0,0.0,0,0,1,0,0,0,0,0,0,0,0,0,0,0,0,0,0,0,0,0,0,0,0,0
893,Michael Jordan,CHI,199706010CHI,"Jun 1, 1997",UTA,31,27,7,30,50.82,51.53,-0.71,26,24,0,0,2,3,0,0,1,3,0,0,0,0,0,0,0,0,0,0,0,0,1,1
935,Bryon Russell,UTA,199706010CHI,"Jun 1, 1997",CHI,7,9,2,10,30.43,35.43,-5.0,6,2,3,3,1,2,0,0,0,0,0,0,0,0,0,0,0,0,0,0,0,0,0,0
304,John Stockton,UTA,199706010CHI,"Jun 1, 1997",CHI,16,10,3,12,59.26,70.67,-11.41,6,8,4,6,1,1,0,0,0,0,0,0,1,1,0,0,0,0,0,0,0,0,0,0
26,Luc Longley,CHI,199706010CHI,"Jun 1, 1997",UTA,6,6,0,6,50.0,50.0,0.0,6,6,0,0,0,0,0,0,0,0,0,0,0,0,0,0,0,0,0,0,0,0,0,0
252,Karl Malone,UTA,199706010CHI,"Jun 1, 1997",CHI,23,22,6,25,46.0,46.67,-0.67,22,20,0,0,1,1,0,0,0,0,0,0,0,0,0,0,0,0,0,0,0,0,2,2
937,Scottie Pippen,CHI,199706010CHI,"Jun 1, 1997",UTA,27,19,2,20,57.45,67.91,-10.46,12,16,7,9,0,0,0,0,0,0,0,0,0,0,0,0,0,0,0,0,0,0,1,2
166,Ron Harper,CHI,199706010CHI,"Jun 1, 1997",UTA,4,6,2,7,23.53,29.07,-5.54,3,0,3,3,1,1,0,0,0,0,0,0,0,0,0,0,0,0,0,0,0,0,0,0
731,Greg Ostertag,UTA,199706010CHI,"Jun 1, 1997",CHI,2,4,0,4,25.0,25.0,0.0,4,2,0,0,0,0,0,0,0,0,0,0,0,0,0,0,0,0,0,0,0,0,0,0
204,Jeff Hornacek,UTA,199706010CHI,"Jun 1, 1997",CHI,11,9,0,9,57.89,61.11,-3.22,8,8,1,3,0,0,0,0,0,0,0,0,0,0,0,0,0,0,0,0,0,0,0,0
23,Dennis Rodman,CHI,199706010CHI,"Jun 1, 1997",UTA,4,7,2,8,22.22,25.38,-3.16,5,4,2,0,1,0,0,0,0,0,0,0,0,0,0,0,0,0,0,0,0,0,0,0
458,Howard Eisley,UTA,199706010CHI,"Jun 1, 1997",CHI,9,5,0,5,81.82,90.0,-8.18,4,6,1,3,0,0,0,0,0,0,0,0,0,0,0,0,0,0,0,0,0,0,0,0
389,Toni Kukoc,CHI,199706010CHI,"Jun 1, 1997",UTA,6,6,0,6,40.0,50.0,-10.0,3,0,3,6,0,0,0,0,0,0,0,0,0,0,0,0,0,0,0,0,0,0,0,0
323,Greg Foster,UTA,199706010CHI,"Jun 1, 1997",CHI,6,4,0,4,66.67,75.0,-8.33,3,6,1,0,0,0,0,0,0,0,0,0,0,0,0,0,0,0,0,0,0,0,0,0
146,Jud Buechler,CHI,199706010CHI,"Jun 1, 1997",UTA,2,2,0,2,40.0,50.0,-10.0,1,2,1,0,0,0,0,0,0,0,0,0,0,0,0,0,0,0,0,0,0,0,0,0
1000,Shandon Anderson,UTA,199706010CHI,"Jun 1, 1997",CHI,2,3,0,3,28.57,33.33,-4.76,2,2,1,0,0,0,0,0,0,0,0,0,0,0,0,0,0,0,0,0,0,0,0,0
753,Randy Brown,CHI,199706010CHI,"Jun 1, 1997",UTA,4,3,2,4,50.0,51.55,-1.55,3,2,0,0,1,2,0,0,0,0,0,0,0,0,0,0,0,0,0,0,0,0,0,0
156,Antoine Carr,UTA,199706010CHI,"Jun 1, 1997",CHI,6,8,0,8,37.5,37.5,0.0,8,6,0,0,0,0,0,0,0,0,0,0,0,0,0,0,0,0,0,0,0,0,0,0
356,Chris Morris,UTA,199706010CHI,"Jun 1, 1997",CHI,0,2,0,2,0.0,0.0,0.0,2,0,0,0,0,0,0,0,0,0,0,0,0,0,0,0,0,0,0,0,0,0,0,0
935,Bryon Russell,UTA,199706040CHI,"Jun 4, 1997",CHI,11,10,2,11,39.29,50.55,-11.26,4,4,6,6,1,1,0,0,0,0,0,0,0,0,0,0,0,0,0,0,0,0,0,0
23,Dennis Rodman,CHI,199706040CHI,"Jun 4, 1997",UTA,7,3,2,4,77.78,90.21,-12.43,2,2,1,3,1,2,0,0,0,0,0,0,0,0,0,0,0,0,0,0,0,0,0,0
893,Michael Jordan,CHI,199706040CHI,"Jun 4, 1997",UTA,38,20,21,31,60.32,64.98,-4.66,18,20,2,3,4,6,0,0,0,0,0,0,1,0,0,0,0,0,0,0,0,0,6,9
937,Scottie Pippen,CHI,199706040CHI,"Jun 4, 1997",UTA,10,13,2,14,32.26,36.02,-3.76,10,8,3,0,0,0,0,0,0,0,0,0,0,0,0,0,0,0,0,0,0,0,1,2
252,Karl Malone,UTA,199706040CHI,"Jun 4, 1997",CHI,20,20,12,26,38.46,39.56,-1.1,20,12,0,0,3,3,0,0,0,0,0,0,0,0,0,0,0,0,0,0,0,0,3,5
26,Luc Longley,CHI,199706040CHI,"Jun 4, 1997",UTA,8,5,0,5,80.0,80.0,0.0,5,8,0,0,0,0,0,0,0,0,0,0,0,0,0,0,0,0,0,0,0,0,0,0
166,Ron Harper,CHI,199706040CHI,"Jun 4, 1997",UTA,13,10,2,11,54.17,59.74,-5.57,8,8,2,3,1,2,0,0,0,0,0,0,0,0,0,0,0,0,0,0,0,0,0,0
204,Jeff Hornacek,UTA,199706040CHI,"Jun 4, 1997",CHI,19,9,9,14,65.52,73.3,-7.78,7,8,2,3,1,2,1,3,0,0,0,0,2,2,0,0,0,0,0,0,0,0,1,1
183,Bison Dele,CHI,199706040CHI,"Jun 4, 1997",UTA,4,5,0,5,40.0,40.0,0.0,5,4,0,0,0,0,0,0,0,0,0,0,0,0,0,0,0,0,0,0,0,0,0,0
731,Greg Ostertag,UTA,199706040CHI,"Jun 4, 1997",CHI,1,1,2,2,25.0,26.6,-1.6,1,0,0,0,1,1,0,0,0,0,0,0,0,0,0,0,0,0,0,0,0,0,0,0
304,John Stockton,UTA,199706040CHI,"Jun 4, 1997",CHI,14,12,6,15,43.75,47.81,-4.06,10,6,2,3,2,3,0,0,0,0,0,0,0,0,0,0,0,0,0,0,0,0,1,2
70,Steve Kerr,CHI,199706040CHI,"Jun 4, 1997",UTA,8,6,2,7,42.11,58.14,-16.03,1,0,5,6,0,0,0,0,0,0,0,0,0,0,0,0,0,0,0,0,0,0,1,2
458,Howard Eisley,UTA,199706040CHI,"Jun 4, 1997",CHI,5,3,2,4,62.5,64.43,-1.93,3,4,0,0,1,1,0,0,0,0,0,0,0,0,0,0,0,0,0,0,0,0,0,0
323,Greg Foster,UTA,199706040CHI,"Jun 4, 1997",CHI,0,1,0,1,0.0,0.0,0.0,1,0,0,0,0,0,0,0,0,0,0,0,0,0,0,0,0,0,0,0,0,0,0,0
389,Toni Kukoc,CHI,199706040CHI,"Jun 4, 1997",UTA,7,5,4,7,43.75,51.78,-8.03,3,0,2,3,1,2,0,0,0,0,0,0,0,0,0,0,0,0,0,0,0,0,1,2
156,Antoine Carr,UTA,199706040CHI,"Jun 4, 1997",CHI,4,4,0,4,50.0,50.0,0.0,4,4,0,0,0,0,0,0,0,0,0,0,0,0,0,0,0,0,0,0,0,0,0,0
356,Chris Morris,CHI,199706040CHI,"Jun 4, 1997",UTA,3,1,0,1,100.0,150.0,-50.0,0,0,1,3,0,0,0,0,0,0,0,0,0,0,0,0,0,0,0,0,0,0,0,0
146,Jud Buechler,CHI,199706040CHI,"Jun 4, 1997",UTA,2,2,0,2,40.0,50.0,-10.0,1,2,1,0,0,0,0,0,0,0,0,0,0,0,0,0,0,0,0,0,0,0,0,0
1000,Shandon Anderson,UTA,199706040CHI,"Jun 4, 1997",CHI,5,4,0,4,50.0,62.5,-12.5,2,2,2,3,0,0,0,0,0,0,0,0,0,0,0,0,0,0,0,0,0,0,0,0
228,Adam Keefe,UTA,199706040CHI,"Jun 4, 1997",CHI,3,2,2,3,50.0,52.08,-2.08,2,2,0,0,1,1,0,0,0,0,0,0,0,0,0,0,0,0,0,0,0,0,0,0
893,Michael Jordan,CHI,199706060UTA,"Jun 6, 1997",UTA,26,22,5,24,44.07,53.72,-9.65,11,8,10,12,2,3,0,0,1,3,0,0,0,0,0,0,0,0,0,0,0,0,0,0
252,Karl Malone,UTA,199706060UTA,"Jun 6, 1997",CHI,37,29,10,33,54.41,55.39,-0.98,27,26,0,0,2,1,0,0,2,6,0,0,0,0,0,0,0,0,0,0,0,0,2,4
935,Bryon Russell,UTA,199706060UTA,"Jun 6, 1997",CHI,14,8,2,9,63.64,78.83,-15.19,4,6,4,6,0,0,0,0,0,0,0,0,0,0,0,0,0,0,0,0,0,0,1,2
26,Luc Longley,CHI,199706060UTA,"Jun 6, 1997",UTA,4,5,0,5,40.0,40.0,0.0,5,4,0,0,0,0,0,0,0,0,0,0,0,0,0,0,0,0,0,0,0,0,0,0
204,Jeff Hornacek,UTA,199706060UTA,"Jun 6, 1997",CHI,4,9,2,11,17.39,20.24,-2.85,6,2,3,0,0,0,0,0,0,0,0,0,2,2,0,0,0,0,0,0,0,0,0,0
937,Scottie Pippen,CHI,199706060UTA,"Jun 6, 1997",UTA,27,13,9,17,58.7,79.6,-20.9,2,0,11,21,2,3,1,1,0,0,0,0,0,0,0,0,0,0,0,0,0,0,1,2
166,Ron Harper,CHI,199706060UTA,"Jun 6, 1997",UTA,2,4,0,4,20.0,25.0,-5.0,2,2,2,0,0,0,0,0,0,0,0,0,0,0,0,0,0,0,0,0,0,0,0,0
304,John Stockton,CHI,199706060UTA,"Jun 6, 1997",UTA,17,10,7,14,60.71,64.98,-4.27,9,10,1,0,0,0,0,0,0,0,0,0,0,0,0,0,0,0,0,0,0,0,4,7
23,Dennis Rodman,CHI,199706060UTA,"Jun 6, 1997",UTA,0,1,0,1,0.0,0.0,0.0,0,0,1,0,0,0,0,0,0,0,0,0,0,0,0,0,0,0,0,0,0,0,0,0
731,Greg Ostertag,CHI,199706060UTA,"Jun 6, 1997",UTA,4,6,0,6,33.33,33.33,0.0,6,4,0,0,0,0,0,0,0,0,0,0,0,0,0,0,0,0,0,0,0,0,0,0
183,Bison Dele,CHI,199706060UTA,"Jun 6, 1997",UTA,16,12,3,13,59.26,60.06,-0.8,11,12,0,0,0,0,0,0,1,2,0,0,0,0,0,0,0,0,0,0,0,0,1,2
458,Howard Eisley,UTA,199706060UTA,"Jun 6, 1997",CHI,4,3,2,4,44.44,51.55,-7.11,2,2,1,0,0,0,0,0,0,0,0,0,0,0,0,0,0,0,0,0,0,0,1,2
70,Steve Kerr,CHI,199706060UTA,"Jun 6, 1997",UTA,7,6,0,6,46.67,58.33,-11.66,3,4,3,3,0,0,0,0,0,0,0,0,0,0,0,0,0,0,0,0,0,0,0,0
356,Chris Morris,UTA,199706060UTA,"Jun 6, 1997",CHI,7,5,0,5,53.85,70.0,-16.15,2,4,3,3,0,0,0,0,0,0,0,0,0,0,0,0,0,0,0,0,0,0,0,0
389,Toni Kukoc,CHI,199706060UTA,"Jun 6, 1997",UTA,8,8,2,9,36.36,45.05,-8.69,4,6,4,0,1,2,0,0,0,0,0,0,0,0,0,0,0,0,0,0,0,0,0,0
323,Greg Foster,UTA,199706060UTA,"Jun 6, 1997",CHI,17,10,7,13,58.62,64.98,-6.36,7,6,2,3,1,2,0,0,1,3,0,0,0,0,0,0,0,0,0,0,0,0,2,3
146,Jud Buechler,CHI,199706060UTA,"Jun 6, 1997",UTA,3,3,2,4,33.33,38.66,-5.33,2,2,1,0,1,1,0,0,0,0,0,0,0,0,0,0,0,0,0,0,0,0,0,0
156,Antoine Carr,UTA,199706060UTA,"Jun 6, 1997",CHI,0,2,0,2,0.0,0.0,0.0,2,0,0,0,0,0,0,0,0,0,0,0,0,0,0,0,0,0,0,0,0,0,0,0
228,Adam Keefe,UTA,199706060UTA,"Jun 6, 1997",CHI,0,1,0,1,0.0,0.0,0.0,1,0,0,0,0,0,0,0,0,0,0,0,0,0,0,0,0,0,0,0,0,0,0,0
753,Randy Brown,CHI,199706060UTA,"Jun 6, 1997",UTA,0,1,0,1,0.0,0.0,0.0,1,0,0,0,0,0,0,0,0,0,0,0,0,0,0,0,0,0,0,0,0,0,0,0
252,Karl Malone,UTA,199706080UTA,"Jun 8, 1997",CHI,23,19,6,22,52.27,53.14,-0.87,19,18,0,0,1,1,0,0,0,0,0,0,0,0,0,0,0,0,0,0,0,0,2,4
935,Bryon Russell,UTA,199706080UTA,"Jun 8, 1997",CHI,8,12,0,12,25.0,33.33,-8.33,4,2,8,6,0,0,0,0,0,0,0,0,0,0,0,0,0,0,0,0,0,0,0,0
166,Ron Harper,CHI,199706080UTA,"Jun 8, 1997",UTA,3,4,2,5,25.0,30.74,-5.74,2,2,2,0,1,1,0,0,0,0,0,0,0,0,0,0,0,0,0,0,0,0,0,0
731,Greg Ostertag,CHI,199706080UTA,"Jun 8, 1997",UTA,5,4,4,6,41.67,43.4,-1.73,4,4,0,0,2,1,0,0,0,0,0,0,0,0,0,0,0,0,0,0,0,0,0,0
26,Luc Longley,CHI,199706080UTA,"Jun 8, 1997",UTA,11,6,4,8,68.75,70.88,-2.13,6,10,0,0,2,1,0,0,0,0,0,0,0,0,0,0,0,0,0,0,0,0,0,0
204,Jeff Hornacek,UTA,199706080UTA,"Jun 8, 1997",CHI,13,11,3,13,48.15,52.76,-4.61,9,8,2,3,1,1,0,0,0,0,0,0,1,1,0,0,0,0,0,0,0,0,0,0
893,Michael Jordan,CHI,199706080UTA,"Jun 8, 1997",UTA,22,27,0,27,37.93,40.74,-2.81,23,22,4,0,0,0,0,0,0,0,0,0,0,0,0,0,0,0,0,0,0,0,0,0
23,Dennis Rodman,CHI,199706080UTA,"Jun 8, 1997",UTA,0,4,0,4,0.0,0.0,0.0,3,0,1,0,0,0,0,0,0,0,0,0,0,0,0,0,0,0,0,0,0,0,0,0
304,John Stockton,UTA,199706080UTA,"Jun 8, 1997",CHI,17,11,4,13,58.62,66.61,-7.99,8,8,3,6,1,1,0,0,0,0,0,0,0,0,0,0,0,0,0,0,0,0,1,2
937,Scottie Pippen,CHI,199706080UTA,"Jun 8, 1997",UTA,16,16,2,17,42.11,47.39,-5.28,12,12,4,3,1,1,0,0,0,0,0,0,0,0,0,0,0,0,0,0,0,0,0,0
458,Howard Eisley,UTA,199706080UTA,"Jun 8, 1997",CHI,6,3,4,5,60.0,63.03,-3.03,3,2,0,0,1,2,0,0,0,0,0,0,0,0,0,0,0,0,0,0,0,0,1,2
753,Randy Brown,CHI,199706080UTA,"Jun 8, 1997",UTA,0,1,0,1,0.0,0.0,0.0,1,0,0,0,0,0,0,0,0,0,0,0,0,0,0,0,0,0,0,0,0,0,0,0
323,Greg Foster,UTA,199706080UTA,"Jun 8, 1997",CHI,4,2,0,2,100.0,100.0,0.0,2,4,0,0,0,0,0,0,0,0,0,0,0,0,0,0,0,0,0,0,0,0,0,0
183,Bison Dele,CHI,199706080UTA,"Jun 8, 1997",UTA,10,6,4,8,62.5,64.43,-1.93,6,8,0,0,2,2,0,0,0,0,0,0,0,0,0,0,0,0,0,0,0,0,0,0
70,Steve Kerr,UTA,199706080UTA,"Jun 8, 1997",CHI,2,5,0,5,14.29,20.0,-5.71,1,2,4,0,0,0,0,0,0,0,0,0,0,0,0,0,0,0,0,0,0,0,0,0
156,Antoine Carr,UTA,199706080UTA,"Jun 8, 1997",CHI,2,2,0,2,50.0,50.0,0.0,2,2,0,0,0,0,0,0,0,0,0,0,0,0,0,0,0,0,0,0,0,0,0,0
389,Toni Kukoc,CHI,199706080UTA,"Jun 8, 1997",UTA,9,7,0,7,50.0,64.29,-14.29,3,0,4,9,0,0,0,0,0,0,0,0,0,0,0,0,0,0,0,0,0,0,0,0
731,Greg Ostertag,UTA,199706110UTA,"Jun 11, 1997",CHI,13,8,4,10,65.0,66.6,-1.6,8,10,0,0,1,1,0,0,0,0,0,0,0,0,0,0,0,0,0,0,0,0,1,2
204,Jeff Hornacek,CHI,199706110UTA,"Jun 11, 1997",UTA,7,11,3,13,24.14,28.41,-4.27,7,2,4,3,1,1,0,0,0,0,0,0,1,1,0,0,0,0,0,0,0,0,0,0
1000,Shandon Anderson,UTA,199706110UTA,"Jun 11, 1997",CHI,2,2,0,2,50.0,50.0,0.0,2,2,0,0,0,0,0,0,0,0,0,0,0,0,0,0,0,0,0,0,0,0,0,0
937,Scottie Pippen,CHI,199706110UTA,"Jun 11, 1997",UTA,17,17,9,21,36.96,40.55,-3.59,13,8,3,0,2,4,0,0,1,3,0,0,0,0,0,0,0,0,0,0,0,0,2,2
252,Karl Malone,UTA,199706110UTA,"Jun 11, 1997",CHI,19,17,9,21,43.18,45.32,-2.14,15,12,1,0,2,1,0,0,1,3,0,0,0,0,0,0,0,0,0,0,0,0,2,3
893,Michael Jordan,CHI,199706110UTA,"Jun 11, 1997",UTA,38,27,12,33,53.52,58.86,-5.34,22,22,5,6,3,5,0,0,0,0,0,0,0,0,0,0,0,0,0,0,0,0,3,5
166,Ron Harper,CHI,199706110UTA,"Jun 11, 1997",UTA,5,4,0,4,55.56,62.5,-6.94,3,2,1,3,0,0,0,0,0,0,0,0,0,0,0,0,0,0,0,0,0,0,0,0
304,John Stockton,UTA,199706110UTA,"Jun 11, 1997",CHI,13,10,3,12,48.15,57.42,-9.27,6,8,4,3,0,0,0,0,0,0,0,0,0,0,0,0,0,0,0,0,0,0,2,2
935,Bryon Russell,UTA,199706110UTA,"Jun 11, 1997",CHI,11,10,0,10,44.0,55.0,-11.0,5,2,5,9,0,0,0,0,0,0,0,0,0,0,0,0,0,0,0,0,0,0,0,0
23,Dennis Rodman,CHI,199706110UTA,"Jun 11, 1997",UTA,2,1,2,2,50.0,53.19,-3.19,1,2,0,0,0,0,0,0,0,0,0,0,0,0,0,0,0,0,0,0,0,0,1,0
183,Bison Dele,CHI,199706110UTA,"Jun 11, 1997",UTA,7,8,6,11,31.82,32.89,-1.07,8,4,0,0,2,2,0,0,0,0,0,0,0,0,0,0,0,0,0,0,0,0,1,1
70,Steve Kerr,CHI,199706110UTA,"Jun 11, 1997",UTA,0,3,0,3,0.0,0.0,0.0,1,0,2,0,0,0,0,0,0,0,0,0,0,0,0,0,0,0,0,0,0,0,0,0
458,Howard Eisley,UTA,199706110UTA,"Jun 11, 1997",CHI,2,3,0,3,33.33,33.33,0.0,3,2,0,0,0,0,0,0,0,0,0,0,0,0,0,0,0,0,0,0,0,0,0,0
356,Chris Morris,UTA,199706110UTA,"Jun 11, 1997",CHI,11,7,0,7,57.89,78.57,-20.68,2,2,5,9,0,0,0,0,0,0,0,0,0,0,0,0,0,0,0,0,0,0,0,0
389,Toni Kukoc,CHI,199706110UTA,"Jun 11, 1997",UTA,9,5,0,5,64.29,90.0,-25.71,1,0,4,9,0,0,0,0,0,0,0,0,0,0,0,0,0,0,0,0,0,0,0,0
323,Greg Foster,UTA,199706110UTA,"Jun 11, 1997",CHI,6,3,6,6,50.0,53.19,-3.19,3,0,0,0,2,4,0,0,0,0,0,0,0,0,0,0,0,0,0,0,0,0,1,2
156,Antoine Carr,UTA,199706110UTA,"Jun 11, 1997",CHI,4,4,0,4,50.0,50.0,0.0,4,4,0,0,0,0,0,0,0,0,0,0,0,0,0,0,0,0,0,0,0,0,0,0
26,Luc Longley,CHI,199706110UTA,"Jun 11, 1997",UTA,12,7,1,7,80.0,80.65,-0.65,6,10,0,0,0,0,0,0,1,2,0,0,0,0,0,0,0,0,0,0,0,0,0,0
252,Karl Malone,UTA,199706130CHI,"Jun 13, 1997",CHI,21,15,15,22,46.67,48.61,-1.94,14,12,0,0,6,6,0,0,1,2,0,0,0,0,0,0,0,0,0,0,0,0,1,1
937,Scottie Pippen,CHI,199706130CHI,"Jun 13, 1997",UTA,23,17,12,22,46.0,51.62,-5.62,11,6,4,3,4,8,0,0,2,5,0,0,0,0,1,1,0,0,0,0,0,0,0,0
166,Ron Harper,CHI,199706130CHI,"Jun 13, 1997",UTA,2,4,0,4,22.22,25.0,-2.78,3,2,1,0,0,0,0,0,0,0,0,0,0,0,0,0,0,0,0,0,0,0,0,0
731,Greg Ostertag,UTA,199706130CHI,"Jun 13, 1997",CHI,1,2,2,3,16.67,17.36,-0.69,2,0,0,0,0,0,0,0,0,0,0,0,0,0,0,0,0,0,0,0,0,0,1,1
26,Luc Longley,CHI,199706130CHI,"Jun 13, 1997",UTA,0,4,0,4,0.0,0.0,0.0,4,0,0,0,0,0,0,0,0,0,0,0,0,0,0,0,0,0,0,0,0,0,0,0
304,John Stockton,UTA,199706130CHI,"Jun 13, 1997",CHI,13,9,3,11,59.09,62.98,-3.89,8,10,1,0,1,2,0,0,0,0,0,0,1,1,0,0,0,0,0,0,0,0,0,0
204,Jeff Hornacek,CHI,199706130CHI,"Jun 13, 1997",UTA,18,9,9,14,58.06,69.44,-11.38,5,4,4,6,1,2,0,0,0,0,0,0,1,1,0,0,0,0,0,0,0,0,3,5
893,Michael Jordan,CHI,199706130CHI,"Jun 13, 1997",UTA,39,35,10,40,46.43,49.49,-3.06,31,28,4,3,3,5,0,0,0,0,0,0,0,0,0,0,0,0,0,0,0,0,2,3
935,Bryon Russell,UTA,199706130CHI,"Jun 13, 1997",CHI,17,10,2,11,56.67,78.12,-21.45,2,0,8,15,0,0,0,0,0,0,0,0,0,0,0,0,0,0,0,0,0,0,1,2
23,Dennis Rodman,CHI,199706130CHI,"Jun 13, 1997",UTA,1,4,2,5,9.09,10.25,-1.16,3,0,1,0,0,0,0,0,0,0,0,0,0,0,0,0,0,0,0,0,0,0,1,1
458,Howard Eisley,UTA,199706130CHI,"Jun 13, 1997",CHI,6,5,2,6,50.0,51.02,-1.02,5,4,0,0,0,0,0,0,0,0,0,0,0,0,0,0,0,0,0,0,0,0,1,2
183,Bison Dele,CHI,199706130CHI,"Jun 13, 1997",UTA,4,5,0,5,40.0,40.0,0.0,5,4,0,0,0,0,0,0,0,0,0,0,0,0,0,0,0,0,0,0,0,0,0,0
323,Greg Foster,UTA,199706130CHI,"Jun 13, 1997",CHI,0,1,0,1,0.0,0.0,0.0,1,0,0,0,0,0,0,0,0,0,0,0,0,0,0,0,0,0,0,0,0,0,0,0
389,Toni Kukoc,CHI,199706130CHI,"Jun 13, 1997",UTA,9,6,4,8,52.94,57.99,-5.05,5,4,1,3,1,1,0,0,0,0,0,0,0,0,0,0,0,0,0,0,0,0,1,1
70,Steve Kerr,CHI,199706130CHI,"Jun 13, 1997",UTA,9,5,2,6,64.29,76.53,-12.24,3,4,2,3,1,2,0,0,0,0,0,0,0,0,0,0,0,0,0,0,0,0,0,0
156,Antoine Carr,UTA,199706130CHI,"Jun 13, 1997",CHI,2,2,0,2,50.0,50.0,0.0,2,2,0,0,0,0,0,0,0,0,0,0,0,0,0,0,0,0,0,0,0,0,0,0
1000,Shandon Anderson,UTA,199706130CHI,"Jun 13, 1997",CHI,8,10,6,13,29.63,31.65,-2.02,9,4,1,0,2,3,0,0,0,0,0,0,0,0,0,0,0,0,0,0,0,0,1,1
356,Chris Morris,UTA,199706130CHI,"Jun 13, 1997",CHI,0,2,0,2,0.0,0.0,0.0,1,0,1,0,0,0,0,0,0,0,0,0,0,0,0,0,0,0,0,0,0,0,0,0
146,Jud Buechler,CHI,199706130CHI,"Jun 13, 1997",UTA,3,1,0,1,100.0,150.0,-50.0,0,0,1,3,0,0,0,0,0,0,0,0,0,0,0,0,0,0,0,0,0,0,0,0
