player_id,player_name,team_abbr,game_id,game_date,opponent,pts,fga,fta,scoring_poss,pure_ts_pct,standard_ts_pct,delta_pp,C1a_events,C1a_pts,C1b_events,C1b_pts,C2_events,C2_pts,C3_events,C3_pts,C4_events,C4_pts,C5_events,C5_pts,C6a_events,C6a_pts,C6b_events,C6b_pts,C6c_events,C6c_pts,C6d_events,C6d_pts,C6e_events,C6e_pts,C6f_events,C6f_pts
203954,Joel Embiid,PHI,202008170BOS,"Aug 17, 2020",BOS,26,15,12,21,56.52,64.1,-7.58,11,14,4,3,5,8,0,0,0,0,0,0,0,0,0,0,0,0,0,0,0,0,1,1
1628464,Daniel Theis,BOS,202008170BOS,"Aug 17, 2020",PHI,9,9,1,9,37.5,47.67,-10.17,3,4,5,3,0,0,0,0,1,2,0,0,0,0,0,0,0,0,0,0,0,0,0,0
201143,Al Horford,PHI,202008170BOS,"Aug 17, 2020",BOS,6,7,0,7,40.0,42.86,-2.86,6,6,1,0,0,0,0,0,0,0,0,0,0,0,0,0,0,0,0,0,0,0,0,0
202689,Kemba Walker,BOS,202008170BOS,"Aug 17, 2020",PHI,19,16,6,18,45.24,50.97,-5.73,10,10,4,0,0,0,0,0,2,5,0,0,0,0,0,0,0,0,0,0,0,0,2,4
202699,Tobias Harris,PHI,202008170BOS,"Aug 17, 2020",BOS,15,15,3,16,41.67,45.96,-4.29,11,10,3,0,1,2,0,0,1,3,0,0,0,0,0,0,0,0,0,0,0,0,0,0
1628369,Jayson Tatum,BOS,202008170BOS,"Aug 17, 2020",PHI,32,21,11,26,55.17,61.92,-6.75,15,14,5,6,4,7,0,0,1,3,0,0,0,0,0,0,0,0,0,0,0,0,1,2
1627759,Jaylen Brown,BOS,202008170BOS,"Aug 17, 2020",PHI,29,16,6,19,63.04,77.79,-14.75,8,8,8,15,2,4,0,0,0,0,0,0,0,0,1,2,0,0,0,0,0,0,0,0
1629003,Shake Milton,PHI,202008170BOS,"Aug 17, 2020",BOS,13,7,0,7,68.42,92.86,-24.44,2,4,5,9,0,0,0,0,0,0,0,0,0,0,0,0,0,0,0,0,0,0,0,0
202330,Gordon Hayward,BOS,202008170BOS,"Aug 17, 2020",PHI,12,13,0,13,37.5,46.15,-8.65,7,6,6,6,0,0,0,0,0,0,0,0,0,0,0,0,0,0,0,0,0,0,0,0
1626196,Josh Richardson,PHI,202008170BOS,"Aug 17, 2020",BOS,18,17,1,17,40.91,51.61,-10.7,7,6,9,9,0,0,0,0,1,3,0,0,0,0,0,0,0,0,0,0,0,0,0,0
1629680,Matisse Thybulle,PHI,202008170BOS,"Aug 17, 2020",BOS,5,3,0,3,62.5,83.33,-20.83,1,2,2,3,0,0,0,0,0,0,0,0,0,0,0,0,0,0,0,0,0,0,0,0
203935,Marcus Smart,BOS,202008170BOS,"Aug 17, 2020",PHI,2,5,2,6,13.33,17.01,-3.68,2,0,3,0,1,2,0,0,0,0,0,0,0,0,0,0,0,0,0,0,0,0,0,0
202692,Alec Burks,PHI,202008170BOS,"Aug 17, 2020",BOS,18,15,7,18,45.0,49.78,-4.78,11,8,3,3,3,4,0,0,1,3,0,0,0,0,0,0,0,0,0,0,0,0,0,0
202683,Enes Freedom,BOS,202008170BOS,"Aug 17, 2020",PHI,0,3,0,3,0.0,0.0,0.0,3,0,0,0,0,0,0,0,0,0,0,0,0,0,0,0,0,0,0,0,0,0,0,0
203118,Mike Scott,PHI,202008170BOS,"Aug 17, 2020",BOS,0,1,0,1,0.0,0.0,0.0,1,0,0,0,0,0,0,0,0,0,0,0,0,0,0,0,0,0,0,0,0,0,0,0
202954,Brad Wanamaker,BOS,202008170BOS,"Aug 17, 2020",PHI,4,3,0,3,66.67,66.67,0.0,3,4,0,0,0,0,0,0,0,0,0,0,0,0,0,0,0,0,0,0,0,0,0,0
1629057,Robert Williams III,BOS,202008170BOS,"Aug 17, 2020",PHI,2,4,0,4,25.0,25.0,0.0,4,2,0,0,0,0,0,0,0,0,0,0,0,0,0,0,0,0,0,0,0,0,0,0
1628470,Torrey Craig,DEN,202008170DEN,"Aug 17, 2020",UTA,11,7,0,7,57.89,78.57,-20.68,2,2,5,9,0,0,0,0,0,0,0,0,0,0,0,0,0,0,0,0,0,0,0,0
1629752,Juwan Morgan,UTA,202008170DEN,"Aug 17, 2020",DEN,3,5,0,5,21.43,30.0,-8.57,1,0,4,3,0,0,0,0,0,0,0,0,0,0,0,0,0,0,0,0,0,0,0,0
1628378,Donovan Mitchell,UTA,202008170DEN,"Aug 17, 2020",DEN,57,33,13,39,60.64,73.61,-12.97,17,24,15,18,6,12,0,0,1,3,0,0,0,0,0,0,0,0,0,0,0,0,0,0
203999,Nikola Jokić,DEN,202008170DEN,"Aug 17, 2020",UTA,29,21,3,22,55.77,64.96,-9.19,13,12,7,12,1,2,0,0,1,3,0,0,0,0,0,0,0,0,0,0,0,0,0,0
1626220,Royce O'Neale,UTA,202008170DEN,"Aug 17, 2020",DEN,3,6,0,6,20.0,25.0,-5.0,3,0,3,3,0,0,0,0,0,0,0,0,0,0,0,0,0,0,0,0,0,0,0,0
203497,Rudy Gobert,UTA,202008170DEN,"Aug 17, 2020",DEN,17,11,6,14,60.71,62.32,-1.61,11,16,0,0,2,1,0,0,0,0,0,0,0,0,0,0,0,0,0,0,0,0,1,0
1629008,Michael Porter Jr.,DEN,202008170DEN,"Aug 17, 2020",UTA,13,13,0,13,39.39,50.0,-10.61,6,4,7,9,0,0,0,0,0,0,0,0,0,0,0,0,0,0,0,0,0,0,0,0
204060,Joe Ingles,UTA,202008170DEN,"Aug 17, 2020",DEN,19,14,2,15,45.24,63.84,-18.6,2,2,12,15,1,2,0,0,0,0,0,0,0,0,0,0,0,0,0,0,0,0,0,0
1627750,Jamal Murray,DEN,202008170DEN,"Aug 17, 2020",UTA,36,20,4,23,67.92,82.72,-14.8,11,14,9,18,1,2,0,0,0,0,0,0,2,2,0,0,0,0,0,0,0,0,0,0
200794,Paul Millsap,DEN,202008170DEN,"Aug 17, 2020",UTA,8,10,2,11,32.0,36.76,-4.76,7,4,3,3,1,1,0,0,0,0,0,0,0,0,0,0,0,0,0,0,0,0,0,0
203903,Jordan Clarkson,UTA,202008170DEN,"Aug 17, 2020",DEN,18,17,0,17,41.86,52.94,-11.08,8,12,9,6,0,0,0,0,0,0,0,0,0,0,0,0,0,0,0,0,0,0,0,0
1627777,Georges Niang,UTA,202008170DEN,"Aug 17, 2020",DEN,7,6,0,6,43.75,58.33,-14.58,2,4,4,3,0,0,0,0,0,0,0,0,0,0,0,0,0,0,0,0,0,0,0,0
203924,Jerami Grant,DEN,202008170DEN,"Aug 17, 2020",UTA,19,11,8,15,54.29,65.43,-11.14,6,6,5,6,2,3,0,0,0,0,0,0,0,0,0,0,0,0,0,0,0,0,2,4
1628420,Monte Morris,DEN,202008170DEN,"Aug 17, 2020",UTA,14,9,1,9,63.64,74.15,-10.51,5,6,3,6,0,0,0,0,1,2,0,0,0,0,0,0,0,0,0,0,0,0,0,0
1628396,Tony Bradley,UTA,202008170DEN,"Aug 17, 2020",DEN,0,3,0,3,0.0,0.0,0.0,3,0,0,0,0,0,0,0,0,0,0,0,0,0,0,0,0,0,0,0,0,0,0,0
1626144,Emmanuel Mudiay,UTA,202008170DEN,"Aug 17, 2020",DEN,1,2,2,3,16.67,17.36,-0.69,2,0,0,0,1,1,0,0,0,0,0,0,0,0,0,0,0,0,0,0,0,0,0,0
1628408,PJ Dozier,DEN,202008170DEN,"Aug 17, 2020",UTA,3,3,0,3,37.5,50.0,-12.5,1,0,2,3,0,0,0,0,0,0,0,0,0,0,0,0,0,0,0,0,0,0,0,0
203486,Mason Plumlee,DEN,202008170DEN,"Aug 17, 2020",UTA,2,1,0,1,100.0,100.0,0.0,1,2,0,0,0,0,0,0,0,0,0,0,0,0,0,0,0,0,0,0,0,0,0,0
1628467,Maxi Kleber,DAL,202008170LAC,"Aug 17, 2020",LAC,3,5,0,5,20.0,30.0,-10.0,0,0,5,3,0,0,0,0,0,0,0,0,0,0,0,0,0,0,0,0,0,0,0,0
201976,Patrick Beverley,LAC,202008170LAC,"Aug 17, 2020",DAL,8,6,2,7,42.11,58.14,-16.03,1,2,5,6,0,0,0,0,0,0,0,0,0,0,0,0,0,0,0,0,0,0,1,0
1629029,Luka Dončić,DAL,202008170LAC,"Aug 17, 2020",LAC,42,21,15,28,66.67,76.09,-9.42,15,22,6,6,2,4,1,2,0,0,0,0,0,0,0,0,0,0,0,0,0,0,4,8
202695,Kawhi Leonard,LAC,202008170LAC,"Aug 17, 2020",DAL,29,21,6,24,52.73,61.34,-8.61,14,20,7,3,1,2,0,0,0,0,0,0,0,0,0,0,0,0,0,0,0,0,2,4
1627826,Ivica Zubac,LAC,202008170LAC,"Aug 17, 2020",DAL,10,9,0,9,55.56,55.56,0.0,9,10,0,0,0,0,0,0,0,0,0,0,0,0,0,0,0,0,0,0,0,0,0,0
204001,Kristaps Porziņģis,DAL,202008170LAC,"Aug 17, 2020",LAC,14,9,8,13,46.67,55.91,-9.24,4,2,4,3,1,2,0,0,1,3,0,0,1,1,0,0,0,0,0,0,0,0,2,3
202331,Paul George,LAC,202008170LAC,"Aug 17, 2020",DAL,27,22,3,24,46.55,57.89,-11.34,11,12,11,12,0,0,0,0,0,0,0,0,2,3,0,0,0,0,0,0,0,0,0,0
203501,Tim Hardaway Jr.,LAC,202008170LAC,"Aug 17, 2020",DAL,18,16,0,16,41.86,56.25,-14.39,5,6,11,12,0,0,0,0,0,0,0,0,0,0,0,0,0,0,0,0,0,0,0,0
202694,Marcus Morris Sr.,LAC,202008170LAC,"Aug 17, 2020",DAL,19,13,0,13,59.38,73.08,-13.7,7,10,6,9,0,0,0,0,0,0,0,0,0,0,0,0,0,0,0,0,0,0,0,0
101150,Lou Williams,LAC,202008170LAC,"Aug 17, 2020",DAL,14,10,5,12,46.67,57.38,-10.71,4,2,5,6,1,2,0,0,1,3,0,0,0,0,0,0,0,0,0,0,0,0,1,1
1627827,Dorian Finney-Smith,DAL,202008170LAC,"Aug 17, 2020",LAC,9,9,0,9,39.13,50.0,-10.87,4,6,5,3,0,0,0,0,0,0,0,0,0,0,0,0,0,0,0,0,0,0,0,0
203504,Trey Burke,DAL,202008170LAC,"Aug 17, 2020",LAC,2,5,0,5,18.18,20.0,-1.82,4,2,1,0,0,0,0,0,0,0,0,0,0,0,0,0,0,0,0,0,0,0,0,0
203552,Seth Curry,DAL,202008170LAC,"Aug 17, 2020",LAC,14,11,0,11,46.67,63.64,-16.97,3,2,8,12,0,0,0,0,0,0,0,0,0,0,0,0,0,0,0,0,0,0,0,0
1626149,Montrezl Harrell,LAC,202008170LAC,"Aug 17, 2020",DAL,6,5,4,7,42.86,44.38,-1.52,5,4,0,0,2,2,0,0,0,0,0,0,0,0,0,0,0,0,0,0,0,0,0,0
202704,Reggie Jackson,LAC,202008170LAC,"Aug 17, 2020",DAL,0,5,0,5,0.0,0.0,0.0,4,0,1,0,0,0,0,0,0,0,0,0,0,0,0,0,0,0,0,0,0,0,0,0
203210,JaMychal Green,LAC,202008170LAC,"Aug 17, 2020",DAL,5,3,0,3,62.5,83.33,-20.83,1,2,2,3,0,0,0,0,0,0,0,0,0,0,0,0,0,0,0,0,0,0,0,0
1626246,Boban Marjanovic,DAL,202008170LAC,"Aug 17, 2020",LAC,2,2,1,2,40.0,40.98,-0.98,1,0,0,0,0,0,0,0,1,2,0,0,0,0,0,0,0,0,0,0,0,0,0,0
203077,Michael Kidd-Gilchrist,DAL,202008170LAC,"Aug 17, 2020",LAC,6,3,0,3,66.67,100.0,-33.33,0,0,3,6,0,0,0,0,0,0,0,0,0,0,0,0,0,0,0,0,0,0,0,0
1629013,Landry Shamet,LAC,202008170LAC,"Aug 17, 2020",DAL,0,1,0,1,0.0,0.0,0.0,0,0,1,0,0,0,0,0,0,0,0,0,0,0,0,0,0,0,0,0,0,0,0,0
201188,Marc Gasol,TOR,202008170TOR,"Aug 17, 2020",BKN,13,8,4,9,54.17,66.6,-12.43,2,2,4,3,0,0,0,0,2,6,0,0,0,0,0,0,0,0,0,0,0,0,1,2
203925,Joe Harris,BKN,202008170TOR,"Aug 17, 2020",TOR,19,14,0,14,57.58,67.86,-10.28,9,10,5,9,0,0,0,0,0,0,0,0,0,0,0,0,0,0,0,0,0,0,0,0
1628386,Jarrett Allen,BKN,202008170TOR,"Aug 17, 2020",TOR,15,10,4,12,62.5,63.78,-1.28,10,12,0,0,2,3,0,0,0,0,0,0,0,0,0,0,0,0,0,0,0,0,0,0
1627783,Pascal Siakam,TOR,202008170TOR,"Aug 17, 2020",BKN,18,13,9,17,46.15,53.07,-6.92,8,4,4,3,2,4,0,0,1,3,0,0,0,0,0,0,0,0,0,0,0,0,2,4
1627747,Caris LeVert,BKN,202008170TOR,"Aug 17, 2020",TOR,15,14,6,16,41.67,45.07,-3.4,10,6,2,0,1,2,0,0,2,5,0,0,0,0,0,0,0,0,0,0,0,0,1,2
200768,Kyle Lowry,TOR,202008170TOR,"Aug 17, 2020",BKN,16,14,7,17,35.56,46.84,-11.28,4,0,10,9,2,4,1,3,0,0,0,0,0,0,0,0,0,0,0,0,0,0,0,0
1629066,Rodions Kurucs,BKN,202008170TOR,"Aug 17, 2020",TOR,6,5,0,5,50.0,60.0,-10.0,3,6,2,0,0,0,0,0,0,0,0,0,0,0,0,0,0,0,0,0,0,0,0,0
202066,Garrett Temple,BKN,202008170TOR,"Aug 17, 2020",TOR,12,15,1,15,29.27,38.86,-9.59,4,6,10,3,0,0,0,0,1,3,0,0,0,0,0,0,0,0,0,0,0,0,0,0
1628384,OG Anunoby,TOR,202008170TOR,"Aug 17, 2020",BKN,12,8,1,8,54.55,71.09,-16.54,2,0,5,9,0,0,0,0,1,3,0,0,0,0,0,0,0,0,0,0,0,0,0,0
1627832,Fred VanVleet,TOR,202008170TOR,"Aug 17, 2020",BKN,30,15,1,15,73.17,97.15,-23.98,4,4,10,24,0,0,0,0,1,2,0,0,0,0,0,0,0,0,0,0,0,0,0,0
1627789,Timothe Luwawu-Cabarrot,BKN,202008170TOR,"Aug 17, 2020",TOR,26,13,3,15,68.42,90.78,-22.36,4,6,9,18,1,1,0,0,0,0,0,0,0,0,0,0,0,0,0,0,1,1,0,0
201586,Serge Ibaka,TOR,202008170TOR,"Aug 17, 2020",BKN,22,14,4,16,61.11,69.8,-8.69,10,12,4,6,2,4,0,0,0,0,0,0,0,0,0,0,0,0,0,0,0,0,0,0
1626181,Norman Powell,TOR,202008170TOR,"Aug 17, 2020",BKN,6,4,0,4,54.55,75.0,-20.45,1,0,3,6,0,0,0,0,0,0,0,0,0,0,0,0,0,0,0,0,0,0,0,0
1629185,Chris Chiozza,BKN,202008170TOR,"Aug 17, 2020",TOR,0,3,0,3,0.0,0.0,0.0,0,0,3,0,0,0,0,0,0,0,0,0,0,0,0,0,0,0,0,0,0,0,0,0
204020,Tyler Johnson,BKN,202008170TOR,"Aug 17, 2020",TOR,7,8,0,8,31.82,43.75,-11.93,2,4,6,3,0,0,0,0,0,0,0,0,0,0,0,0,0,0,0,0,0,0,0,0
1629743,Donta Hall,BKN,202008170TOR,"Aug 17, 2020",TOR,2,3,2,4,25.0,25.77,-0.77,3,2,0,0,1,0,0,0,0,0,0,0,0,0,0,0,0,0,0,0,0,0,0,0
1626178,Rondae Hollis-Jefferson,TOR,202008170TOR,"Aug 17, 2020",BKN,6,3,4,5,60.0,63.03,-3.03,3,2,0,0,1,2,0,0,0,0,0,0,0,0,0,0,0,0,0,0,0,0,1,2
1629744,Matt Thomas,TOR,202008170TOR,"Aug 17, 2020",BKN,0,1,0,1,0.0,0.0,0.0,0,0,1,0,0,0,0,0,0,0,0,0,0,0,0,0,0,0,0,0,0,0,0,0
1629056,Terence Davis,TOR,202008170TOR,"Aug 17, 2020",BKN,11,4,3,5,84.62,103.38,-18.76,1,0,2,6,1,2,0,0,1,3,0,0,0,0,0,0,0,0,0,0,0,0,0,0
1629725,Jeremiah Martin,BKN,202008170TOR,"Aug 17, 2020",TOR,5,4,0,4,50.0,62.5,-12.5,2,2,2,3,0,0,0,0,0,0,0,0,0,0,0,0,0,0,0,0,0,0,0,0
1626147,Justin Anderson,BKN,202008170TOR,"Aug 17, 2020",TOR,3,2,0,2,50.0,75.0,-25.0,0,0,2,3,0,0,0,0,0,0,0,0,0,0,0,0,0,0,0,0,0,0,0,0
202498,Lance Thomas,BKN,202008170TOR,"Aug 17, 2020",TOR,0,1,0,1,0.0,0.0,0.0,0,0,1,0,0,0,0,0,0,0,0,0,0,0,0,0,0,0,0,0,0,0,0,0
1628449,Chris Boucher,TOR,202008170TOR,"Aug 17, 2020",BKN,0,1,0,1,0.0,0.0,0.0,0,0,1,0,0,0,0,0,0,0,0,0,0,0,0,0,0,0,0,0,0,0,0,0
1628983,Shai Gilgeous-Alexander,OKC,202008180HOU,"Aug 18, 2020",HOU,9,8,4,10,39.13,46.11,-6.98,5,2,3,3,2,4,0,0,0,0,0,0,0,0,0,0,0,0,0,0,0,0,0,0
200782,P.J. Tucker,HOU,202008180HOU,"Aug 18, 2020",OKC,11,9,0,9,42.31,61.11,-18.8,1,2,8,9,0,0,0,0,0,0,0,0,0,0,0,0,0,0,0,0,0,0,0,0
1628390,Terrance Ferguson,HOU,202008180HOU,"Aug 18, 2020",OKC,6,3,0,3,66.67,100.0,-33.33,0,0,3,6,0,0,0,0,0,0,0,0,0,0,0,0,0,0,0,0,0,0,0,0
201935,James Harden,HOU,202008180HOU,"Aug 18, 2020",OKC,37,22,8,25,56.92,72.49,-15.57,7,8,13,18,1,2,1,2,2,6,0,0,1,1,0,0,0,0,0,0,0,0,0,0
201568,Danilo Gallinari,OKC,202008180HOU,"Aug 18, 2020",HOU,29,17,9,21,60.42,69.18,-8.76,12,14,5,6,3,6,1,3,0,0,0,0,0,0,0,0,0,0,0,0,0,0,0,0
1627863,Danuel House Jr.,OKC,202008180HOU,"Aug 18, 2020",HOU,9,8,0,8,45.0,56.25,-11.25,4,6,4,3,0,0,0,0,0,0,0,0,0,0,0,0,0,0,0,0,0,0,0,0
201569,Eric Gordon,OKC,202008180HOU,"Aug 18, 2020",HOU,21,17,5,19,46.67,54.69,-8.02,10,8,6,6,1,2,0,0,1,3,0,0,0,0,0,0,0,0,0,0,0,0,1,2
203500,Steven Adams,OKC,202008180HOU,"Aug 18, 2020",HOU,17,13,6,15,51.52,54.35,-2.83,10,10,1,0,0,0,0,0,2,5,0,0,0,0,0,0,0,0,0,0,0,0,2,2
101108,Chris Paul,OKC,202008180HOU,"Aug 18, 2020",HOU,20,14,4,16,50.0,63.45,-13.45,6,8,8,9,2,3,0,0,0,0,0,0,0,0,0,0,0,0,0,0,0,0,0,0
203496,Robert Covington,HOU,202008180HOU,"Aug 18, 2020",OKC,3,6,0,6,17.65,25.0,-7.35,1,0,5,3,0,0,0,0,0,0,0,0,0,0,0,0,0,0,0,0,0,0,0,0
203471,Dennis Schröder,OKC,202008180HOU,"Aug 18, 2020",HOU,6,12,0,12,20.69,25.0,-4.31,7,6,5,0,0,0,0,0,0,0,0,0,0,0,0,0,0,0,0,0,0,0,0,0
203463,Ben McLemore,HOU,202008180HOU,"Aug 18, 2020",OKC,14,8,0,8,60.87,87.5,-26.63,1,2,7,12,0,0,0,0,0,0,0,0,0,0,0,0,0,0,0,0,0,0,0,0
201145,Jeff Green,HOU,202008180HOU,"Aug 18, 2020",OKC,22,12,4,13,62.86,79.94,-17.08,3,6,7,9,1,2,0,0,2,5,0,0,0,0,0,0,0,0,0,0,0,0,0,0
203457,Nerlens Noel,OKC,202008180HOU,"Aug 18, 2020",HOU,2,3,0,3,33.33,33.33,0.0,3,2,0,0,0,0,0,0,0,0,0,0,0,0,0,0,0,0,0,0,0,0,0,0
203085,Austin Rivers,HOU,202008180HOU,"Aug 18, 2020",OKC,4,5,2,6,28.57,34.01,-5.44,3,2,2,0,1,2,0,0,0,0,0,0,0,0,0,0,0,0,0,0,0,0,0,0
1628977,Hamidou Diallo,OKC,202008180HOU,"Aug 18, 2020",HOU,7,6,2,7,38.89,50.87,-11.98,2,2,4,3,1,2,0,0,0,0,0,0,0,0,0,0,0,0,0,0,0,0,0,0
1629647,Darius Bazley,OKC,202008180HOU,"Aug 18, 2020",HOU,9,5,0,5,64.29,90.0,-25.71,1,0,4,9,0,0,0,0,0,0,0,0,0,0,0,0,0,0,0,0,0,0,0,0
203488,Mike Muscala,OKC,202008180HOU,"Aug 18, 2020",HOU,3,1,0,1,100.0,150.0,-50.0,0,0,1,3,0,0,0,0,0,0,0,0,0,0,0,0,0,0,0,0,0,0,0,0
203460,Andre Roberson,OKC,202008180HOU,"Aug 18, 2020",HOU,0,1,0,1,0.0,0.0,0.0,0,0,1,0,0,0,0,0,0,0,0,0,0,0,0,0,0,0,0,0,0,0,0,0
1627846,Abdel Nader,OKC,202008180HOU,"Aug 18, 2020",HOU,0,1,0,1,0.0,0.0,0.0,1,0,0,0,0,0,0,0,0,0,0,0,0,0,0,0,0,0,0,0,0,0,0,0
203998,Bruno Caboclo,HOU,202008180HOU,"Aug 18, 2020",OKC,2,1,0,1,100.0,100.0,0.0,1,2,0,0,0,0,0,0,0,0,0,0,0,0,0,0,0,0,0,0,0,0,0,0
201960,DeMarre Carroll,HOU,202008180HOU,"Aug 18, 2020",OKC,0,1,0,1,0.0,0.0,0.0,1,0,0,0,0,0,0,0,0,0,0,0,0,0,0,0,0,0,0,0,0,0,0,0
203109,Jae Crowder,MIA,202008180IND,"Aug 18, 2020",IND,8,6,0,6,47.06,66.67,-19.61,1,2,5,6,0,0,0,0,0,0,0,0,0,0,0,0,0,0,0,0,0,0,0,0
203506,Victor Oladipo,IND,202008180IND,"Aug 18, 2020",MIA,4,2,4,4,44.44,53.19,-8.75,1,0,1,0,1,2,0,0,0,0,0,0,0,0,0,0,0,0,0,0,0,0,1,2
201609,Goran Dragic,MIA,202008180IND,"Aug 18, 2020",IND,24,19,2,20,48.98,60.36,-11.38,10,10,9,12,1,2,0,0,0,0,0,0,0,0,0,0,0,0,0,0,0,0,0,0
202710,Jimmy Butler III,MIA,202008180IND,"Aug 18, 2020",IND,28,15,12,20,63.64,69.03,-5.39,11,8,2,6,4,8,0,0,2,4,0,0,0,0,0,0,0,0,0,0,0,0,1,2
1628988,Aaron Holiday,MIA,202008180IND,"Aug 18, 2020",IND,9,5,2,6,64.29,76.53,-12.24,3,4,2,3,0,0,0,0,0,0,0,0,0,0,0,0,0,0,0,0,0,0,1,2
203933,T.J. Warren,IND,202008180IND,"Aug 18, 2020",MIA,22,18,0,18,53.66,61.11,-7.45,13,10,5,12,0,0,0,0,0,0,0,0,0,0,0,0,0,0,0,0,0,0,0,0
1628389,Bam Adebayo,MIA,202008180IND,"Aug 18, 2020",IND,17,14,4,16,53.12,53.93,-0.81,14,14,0,0,2,3,0,0,0,0,0,0,0,0,0,0,0,0,0,0,0,0,0,0
1629130,Duncan Robinson,MIA,202008180IND,"Aug 18, 2020",IND,6,8,1,8,24.0,35.55,-11.55,0,0,7,3,0,0,0,0,0,0,1,3,0,0,0,0,0,0,0,0,0,0,0,0
1627763,Malcolm Brogdon,IND,202008180IND,"Aug 18, 2020",MIA,22,18,10,23,42.31,49.11,-6.8,12,10,6,3,5,9,0,0,0,0,0,0,0,0,0,0,0,0,0,0,0,0,0,0
1626167,Myles Turner,IND,202008180IND,"Aug 18, 2020",MIA,9,11,2,12,33.33,37.88,-4.55,8,8,3,0,1,1,0,0,0,0,0,0,0,0,0,0,0,0,0,0,0,0,0,0
1628410,Edmond Sumner,IND,202008180IND,"Aug 18, 2020",MIA,6,4,2,5,54.55,61.48,-6.93,3,4,1,0,0,0,0,0,0,0,0,0,0,0,0,0,0,0,0,0,0,0,1,2
1629639,Tyler Herro,MIA,202008180IND,"Aug 18, 2020",IND,15,9,4,11,55.56,69.7,-14.14,4,8,5,3,2,4,0,0,0,0,0,0,0,0,0,0,0,0,0,0,0,0,0,0
2738,Andre Iguodala,MIA,202008180IND,"Aug 18, 2020",IND,4,3,0,3,57.14,66.67,-9.53,2,4,1,0,0,0,0,0,0,0,0,0,0,0,0,0,0,0,0,0,0,0,0,0
1627884,Derrick Jones Jr.,MIA,202008180IND,"Aug 18, 2020",IND,6,3,2,4,60.0,77.32,-17.32,1,2,2,3,1,1,0,0,0,0,0,0,0,0,0,0,0,0,0,0,0,0,0,0
203200,Justin Holiday,IND,202008180IND,"Aug 18, 2020",MIA,11,4,0,4,100.0,137.5,-37.5,1,2,3,9,0,0,0,0,0,0,0,0,0,0,0,0,0,0,0,0,0,0,0,0
203482,Kelly Olynyk,MIA,202008180IND,"Aug 18, 2020",IND,5,4,0,4,45.45,62.5,-17.05,1,2,3,3,0,0,0,0,0,0,0,0,0,0,0,0,0,0,0,0,0,0,0,0
203960,JaKarr Sampson,IND,202008180IND,"Aug 18, 2020",MIA,10,6,0,6,83.33,83.33,0.0,6,10,0,0,0,0,0,0,0,0,0,0,0,0,0,0,0,0,0,0,0,0,0,0
204456,T.J. McConnell,IND,202008180IND,"Aug 18, 2020",MIA,5,4,2,5,50.0,51.23,-1.23,4,4,0,0,1,1,0,0,0,0,0,0,0,0,0,0,0,0,0,0,0,0,0,0
203926,Doug McDermott,IND,202008180IND,"Aug 18, 2020",MIA,3,4,0,4,27.27,37.5,-10.23,1,0,3,3,0,0,0,0,0,0,0,0,0,0,0,0,0,0,0,0,0,0,0,0
203076,Anthony Davis,LAL,202008180LAL,"Aug 18, 2020",POR,28,24,17,32,40.0,44.47,-4.47,18,14,5,0,6,8,0,0,1,3,0,0,0,0,0,0,0,0,0,0,0,0,2,3
203994,Jusuf Nurkić,POR,202008180LAL,"Aug 18, 2020",LAL,16,11,9,15,48.48,53.48,-5.0,8,4,2,3,1,2,0,0,1,3,0,0,0,0,0,0,0,0,0,0,0,0,3,4
1629117,Wenyen Gabriel,POR,202008180LAL,"Aug 18, 2020",LAL,4,2,0,2,100.0,100.0,0.0,2,4,0,0,0,0,0,0,0,0,0,0,0,0,0,0,0,0,0,0,0,0,0,0
201980,Danny Green,LAL,202008180LAL,"Aug 18, 2020",POR,10,12,0,12,31.25,41.67,-10.42,4,4,8,6,0,0,0,0,0,0,0,0,0,0,0,0,0,0,0,0,0,0,0,0
201580,JaVale McGee,LAL,202008180LAL,"Aug 18, 2020",POR,6,5,0,5,60.0,60.0,0.0,5,6,0,0,0,0,0,0,0,0,0,0,0,0,0,0,0,0,0,0,0,0,0,0
203468,CJ McCollum,POR,202008180LAL,"Aug 18, 2020",LAL,21,20,4,22,40.38,48.25,-7.87,12,10,8,9,2,2,0,0,0,0,0,0,0,0,0,0,0,0,0,0,0,0,0,0
2544,LeBron James,LAL,202008180LAL,"Aug 18, 2020",POR,23,20,7,23,44.23,49.83,-5.6,14,14,5,3,2,2,0,0,1,2,0,0,0,0,0,0,0,0,0,0,0,0,1,2
2546,Carmelo Anthony,POR,202008180LAL,"Aug 18, 2020",LAL,11,11,4,13,35.48,43.1,-7.62,6,2,5,6,2,3,0,0,0,0,0,0,0,0,0,0,0,0,0,0,0,0,0,0
203081,Damian Lillard,POR,202008180LAL,"Aug 18, 2020",LAL,34,21,10,25,52.31,66.93,-14.62,8,6,13,18,1,2,2,6,0,0,0,0,0,0,0,0,0,0,0,0,0,0,1,2
203484,Kentavious Caldwell-Pope,LAL,202008180LAL,"Aug 18, 2020",POR,1,9,2,10,4.0,5.06,-1.06,4,0,5,0,1,1,0,0,0,0,0,0,0,0,0,0,0,0,0,0,0,0,0,0
202355,Hassan Whiteside,POR,202008180LAL,"Aug 18, 2020",LAL,7,4,4,6,58.33,60.76,-2.43,4,6,0,0,2,1,0,0,0,0,0,0,0,0,0,0,0,0,0,0,0,0,0,0
1629018,Gary Trent Jr.,POR,202008180LAL,"Aug 18, 2020",LAL,5,8,0,8,25.0,31.25,-6.25,4,2,4,3,0,0,0,0,0,0,0,0,0,0,0,0,0,0,0,0,0,0,0,0
1628398,Kyle Kuzma,LAL,202008180LAL,"Aug 18, 2020",POR,14,14,4,16,37.84,44.42,-6.58,9,8,5,3,2,3,0,0,0,0,0,0,0,0,0,0,0,0,0,0,0,0,0,0
1627936,Alex Caruso,LAL,202008180LAL,"Aug 18, 2020",POR,2,6,0,6,13.33,16.67,-3.34,3,2,3,0,0,0,0,0,0,0,0,0,0,0,0,0,0,0,0,0,0,0,0,0
202693,Markieff Morris,LAL,202008180LAL,"Aug 18, 2020",POR,5,2,1,2,83.33,102.46,-19.13,0,0,1,3,0,0,0,0,1,2,0,0,0,0,0,0,0,0,0,0,0,0,0,0
1626209,Mario Hezonja,POR,202008180LAL,"Aug 18, 2020",LAL,2,2,2,3,25.0,34.72,-9.72,0,0,2,0,1,2,0,0,0,0,0,0,0,0,0,0,0,0,0,0,0,0,0,0
2730,Dwight Howard,LAL,202008180LAL,"Aug 18, 2020",POR,4,5,0,5,40.0,40.0,0.0,5,4,0,0,0,0,0,0,0,0,0,0,0,0,0,0,0,0,0,0,0,0,0,0
203114,Khris Middleton,MIL,202008180MIL,"Aug 18, 2020",ORL,14,12,6,14,38.89,47.81,-8.92,5,2,6,6,0,0,1,2,1,2,0,0,0,0,0,0,0,0,0,0,0,0,1,2
1629109,Gary Clark,ORL,202008180MIL,"Aug 18, 2020",MIL,15,12,3,13,38.46,56.31,-17.85,0,0,12,12,0,0,0,0,0,0,0,0,0,0,1,3,0,0,0,0,0,0,0,0
203507,Giannis Antetokounmpo,MIL,202008180MIL,"Aug 18, 2020",ORL,31,25,9,29,46.97,53.52,-6.55,17,16,7,9,3,2,0,0,1,3,0,0,0,0,0,0,0,0,0,0,0,0,1,1
1628365,Markelle Fultz,ORL,202008180MIL,"Aug 18, 2020",MIL,15,11,2,12,53.57,63.13,-9.56,7,10,4,3,1,2,0,0,0,0,0,0,0,0,0,0,0,0,0,0,0,0,0,0
202339,Eric Bledsoe,MIL,202008180MIL,"Aug 18, 2020",ORL,15,11,5,13,46.88,56.82,-9.94,5,6,5,3,2,3,0,0,1,3,0,0,0,0,0,0,0,0,0,0,0,0,0,0
202696,Nikola Vučević,ORL,202008180MIL,"Aug 18, 2020",MIL,35,24,0,24,62.5,72.92,-10.42,16,20,8,15,0,0,0,0,0,0,0,0,0,0,0,0,0,0,0,0,0,0,0,0
201572,Brook Lopez,MIL,202008180MIL,"Aug 18, 2020",ORL,5,9,2,10,20.83,25.3,-4.47,5,4,4,0,0,0,0,0,0,0,0,0,0,0,0,0,0,0,0,0,0,0,1,1
203516,James Ennis III,ORL,202008180MIL,"Aug 18, 2020",MIL,11,5,3,6,68.75,87.03,-18.28,1,0,3,6,0,0,0,0,1,3,0,0,0,0,0,0,0,0,0,0,0,0,1,2
202083,Wesley Matthews,MIL,202008180MIL,"Aug 18, 2020",ORL,10,6,0,6,62.5,83.33,-20.83,2,4,4,6,0,0,0,0,0,0,0,0,0,0,0,0,0,0,0,0,0,0,0,0
203095,Evan Fournier,ORL,202008180MIL,"Aug 18, 2020",MIL,9,8,0,8,39.13,56.25,-17.12,1,0,7,9,0,0,0,0,0,0,0,0,0,0,0,0,0,0,0,0,0,0,0,0
1628978,Donte DiVincenzo,MIL,202008180MIL,"Aug 18, 2020",ORL,2,6,0,6,14.29,16.67,-2.38,4,2,2,0,0,0,0,0,0,0,0,0,0,0,0,0,0,0,0,0,0,0,0,0
201588,George Hill,MIL,202008180MIL,"Aug 18, 2020",ORL,16,9,5,11,59.26,71.43,-12.17,4,4,4,6,1,2,0,0,1,2,0,0,0,0,0,0,0,0,0,0,0,0,1,2
101107,Marvin Williams,MIL,202008180MIL,"Aug 18, 2020",ORL,6,4,0,4,50.0,75.0,-25.0,0,0,4,6,0,0,0,0,0,0,0,0,0,0,0,0,0,0,0,0,0,0,0,0
203082,Terrence Ross,ORL,202008180MIL,"Aug 18, 2020",MIL,18,13,4,14,54.55,60.98,-6.43,9,12,3,0,0,0,1,3,1,3,0,0,0,0,0,0,0,0,0,0,0,0,0,0
1626192,Pat Connaughton,MIL,202008180MIL,"Aug 18, 2020",ORL,3,4,0,4,25.0,37.5,-12.5,0,0,4,3,0,0,0,0,0,0,0,0,0,0,0,0,0,0,0,0,0,0,0,0
201577,Robin Lopez,MIL,202008180MIL,"Aug 18, 2020",ORL,2,1,0,1,100.0,100.0,0.0,1,2,0,0,0,0,0,0,0,0,0,0,0,0,0,0,0,0,0,0,0,0,0,0
201571,D.J. Augustin,ORL,202008180MIL,"Aug 18, 2020",MIL,11,11,4,13,36.67,43.1,-6.43,7,4,4,3,1,2,0,0,0,0,0,0,0,0,0,0,0,0,0,0,0,0,1,2
203920,Khem Birch,ORL,202008180MIL,"Aug 18, 2020",MIL,4,2,2,3,66.67,69.44,-2.77,2,2,0,0,1,2,0,0,0,0,0,0,0,0,0,0,0,0,0,0,0,0,0,0
1628411,Wes Iwundu,ORL,202008180MIL,"Aug 18, 2020",MIL,4,3,1,3,57.14,58.14,-1.0,2,2,0,0,0,0,0,0,1,2,0,0,0,0,0,0,0,0,0,0,0,0,0,0
2594,Kyle Korver,MIL,202008180MIL,"Aug 18, 2020",ORL,6,3,1,3,66.67,87.21,-20.54,1,2,1,0,0,0,0,0,0,0,1,4,0,0,0,0,0,0,0,0,0,0,0,0
1628464,Daniel Theis,BOS,202008190BOS,"Aug 19, 2020",PHI,2,5,0,5,16.67,20.0,-3.33,3,2,2,0,0,0,0,0,0,0,0,0,0,0,0,0,0,0,0,0,0,0,0,0
1628369,Jayson Tatum,BOS,202008190BOS,"Aug 19, 2020",PHI,33,20,2,21,61.11,79.02,-17.91,8,8,12,24,1,1,0,0,0,0,0,0,0,0,0,0,0,0,0,0,0,0,0,0
1626196,Josh Richardson,PHI,202008190BOS,"Aug 19, 2020",BOS,18,12,4,14,58.06,65.41,-7.35,9,8,3,6,2,4,0,0,0,0,0,0,0,0,0,0,0,0,0,0,0,0,0,0
1627759,Jaylen Brown,BOS,202008190BOS,"Aug 19, 2020",PHI,20,13,6,16,51.28,63.94,-12.66,6,8,7,6,3,6,0,0,0,0,0,0,0,0,0,0,0,0,0,0,0,0,0,0
203954,Joel Embiid,PHI,202008190BOS,"Aug 19, 2020",BOS,34,21,13,27,59.65,63.62,-3.97,18,20,2,0,5,9,0,0,1,3,0,0,0,0,0,0,0,0,0,0,0,0,1,2
202689,Kemba Walker,BOS,202008190BOS,"Aug 19, 2020",PHI,22,16,5,18,51.16,60.44,-9.28,9,12,6,3,2,4,0,0,1,3,0,0,0,0,0,0,0,0,0,0,0,0,0,0
203935,Marcus Smart,BOS,202008190BOS,"Aug 19, 2020",PHI,10,11,3,12,31.25,40.58,-9.33,3,2,7,3,1,2,0,0,1,3,0,0,0,0,0,0,0,0,0,0,0,0,0,0
202699,Tobias Harris,PHI,202008190BOS,"Aug 19, 2020",BOS,13,14,8,18,34.21,37.1,-2.89,12,8,2,0,3,4,0,0,0,0,0,0,0,0,0,0,0,0,0,0,0,0,1,1
1629680,Matisse Thybulle,PHI,202008190BOS,"Aug 19, 2020",BOS,2,2,0,2,40.0,50.0,-10.0,1,2,1,0,0,0,0,0,0,0,0,0,0,0,0,0,0,0,0,0,0,0,0,0
1629003,Shake Milton,PHI,202008190BOS,"Aug 19, 2020",BOS,14,8,3,9,58.33,75.11,-16.78,2,4,5,6,1,1,0,0,1,3,0,0,0,0,0,0,0,0,0,0,0,0,0,0
201143,Al Horford,PHI,202008190BOS,"Aug 19, 2020",BOS,4,3,0,3,66.67,66.67,0.0,3,4,0,0,0,0,0,0,0,0,0,0,0,0,0,0,0,0,0,0,0,0,0,0
1628400,Semi Ojeleye,BOS,202008190BOS,"Aug 19, 2020",PHI,3,1,0,1,100.0,150.0,-50.0,0,0,1,3,0,0,0,0,0,0,0,0,0,0,0,0,0,0,0,0,0,0,0,0
203526,Raul Neto,PHI,202008190BOS,"Aug 19, 2020",BOS,5,5,0,5,41.67,50.0,-8.33,3,2,2,3,0,0,0,0,0,0,0,0,0,0,0,0,0,0,0,0,0,0,0,0
1629684,Grant Williams,BOS,202008190BOS,"Aug 19, 2020",PHI,9,2,4,4,90.0,119.68,-29.68,0,0,2,6,0,0,0,0,0,0,0,0,0,0,0,0,0,0,0,0,0,0,2,3
202683,Enes Freedom,BOS,202008190BOS,"Aug 19, 2020",PHI,10,7,5,9,50.0,54.35,-4.35,5,4,1,3,2,1,0,0,1,2,0,0,0,0,0,0,0,0,0,0,0,0,0,0
202954,Brad Wanamaker,BOS,202008190BOS,"Aug 19, 2020",PHI,7,3,0,3,100.0,116.67,-16.67,2,4,1,3,0,0,0,0,0,0,0,0,0,0,0,0,0,0,0,0,0,0,0,0
202692,Alec Burks,PHI,202008190BOS,"Aug 19, 2020",BOS,2,8,0,8,11.11,12.5,-1.39,6,2,2,0,0,0,0,0,0,0,0,0,0,0,0,0,0,0,0,0,0,0,0,0
1627788,Furkan Korkmaz,PHI,202008190BOS,"Aug 19, 2020",BOS,3,3,5,5,21.43,28.85,-7.42,0,0,3,0,1,2,1,1,0,0,0,0,0,0,0,0,0,0,0,0,0,0,0,0
1629641,Romeo Langford,BOS,202008190BOS,"Aug 19, 2020",PHI,6,4,2,5,54.55,61.48,-6.93,3,2,1,3,0,0,0,0,0,0,0,0,0,0,0,0,0,0,0,0,0,0,1,1
1629057,Robert Williams III,BOS,202008190BOS,"Aug 19, 2020",PHI,0,1,0,1,0.0,0.0,0.0,0,0,1,0,0,0,0,0,0,0,0,0,0,0,0,0,0,0,0,0,0,0,0,0
203118,Mike Scott,PHI,202008190BOS,"Aug 19, 2020",BOS,6,3,4,5,54.55,63.03,-8.48,2,2,1,0,1,2,0,0,0,0,0,0,0,0,0,0,0,0,0,0,0,0,1,2
1629750,Javonte Green,BOS,202008190BOS,"Aug 19, 2020",PHI,3,2,0,2,50.0,75.0,-25.0,0,0,2,3,0,0,0,0,0,0,0,0,0,0,0,0,0,0,0,0,0,0,0,0
1629605,Tacko Fall,BOS,202008190BOS,"Aug 19, 2020",PHI,3,1,2,2,75.0,79.79,-4.79,1,2,0,0,0,0,0,0,0,0,0,0,0,0,0,0,0,0,0,0,0,0,1,1
1626220,Royce O'Neale,UTA,202008190DEN,"Aug 19, 2020",DEN,9,4,0,4,75.0,112.5,-37.5,0,0,4,9,0,0,0,0,0,0,0,0,0,0,0,0,0,0,0,0,0,0,0,0
200794,Paul Millsap,DEN,202008190DEN,"Aug 19, 2020",UTA,5,5,1,5,41.67,45.96,-4.29,3,2,1,0,0,0,0,0,1,3,0,0,0,0,0,0,0,0,0,0,0,0,0,0
1629752,Juwan Morgan,UTA,202008190DEN,"Aug 19, 2020",DEN,5,4,0,4,45.45,62.5,-17.05,1,2,3,3,0,0,0,0,0,0,0,0,0,0,0,0,0,0,0,0,0,0,0,0
1628470,Torrey Craig,DEN,202008190DEN,"Aug 19, 2020",UTA,0,2,0,2,0.0,0.0,0.0,1,0,1,0,0,0,0,0,0,0,0,0,0,0,0,0,0,0,0,0,0,0,0,0
1628378,Donovan Mitchell,UTA,202008190DEN,"Aug 19, 2020",DEN,30,14,4,15,76.92,95.18,-18.26,6,6,7,18,0,0,1,3,1,3,0,0,0,0,0,0,0,0,0,0,0,0,0,0
203999,Nikola Jokić,DEN,202008190DEN,"Aug 19, 2020",UTA,28,21,10,26,51.85,55.12,-3.27,19,18,2,3,5,7,0,0,0,0,0,0,0,0,0,0,0,0,0,0,0,0,0,0
204060,Joe Ingles,UTA,202008190DEN,"Aug 19, 2020",DEN,18,12,0,12,54.55,75.0,-20.45,3,6,9,12,0,0,0,0,0,0,0,0,0,0,0,0,0,0,0,0,0,0,0,0
203497,Rudy Gobert,UTA,202008190DEN,"Aug 19, 2020",DEN,19,10,8,13,67.86,70.27,-2.41,8,10,0,0,2,3,0,0,2,5,0,0,0,0,0,0,0,0,0,0,0,0,1,1
1627750,Jamal Murray,DEN,202008190DEN,"Aug 19, 2020",UTA,14,13,1,13,48.28,52.08,-3.8,10,8,2,3,0,0,0,0,1,3,0,0,0,0,0,0,0,0,0,0,0,0,0,0
203903,Jordan Clarkson,UTA,202008190DEN,"Aug 19, 2020",DEN,26,18,4,20,53.06,65.79,-12.73,9,10,9,12,1,2,0,0,0,0,0,0,0,0,0,0,0,0,0,0,0,0,1,2
1627777,Georges Niang,UTA,202008190DEN,"Aug 19, 2020",DEN,7,10,0,10,26.92,35.0,-8.08,4,4,6,3,0,0,0,0,0,0,0,0,0,0,0,0,0,0,0,0,0,0,0,0
203924,Jerami Grant,DEN,202008190DEN,"Aug 19, 2020",UTA,8,8,0,8,34.78,50.0,-15.22,1,2,7,6,0,0,0,0,0,0,0,0,0,0,0,0,0,0,0,0,0,0,0,0
1628420,Monte Morris,DEN,202008190DEN,"Aug 19, 2020",UTA,10,6,2,7,55.56,72.67,-17.11,2,2,4,6,0,0,0,0,0,0,0,0,0,0,0,0,0,0,0,0,0,0,1,2
1626144,Emmanuel Mudiay,UTA,202008190DEN,"Aug 19, 2020",DEN,5,7,0,7,31.25,35.71,-4.46,5,2,2,3,0,0,0,0,0,0,0,0,0,0,0,0,0,0,0,0,0,0,0,0
1628408,PJ Dozier,DEN,202008190DEN,"Aug 19, 2020",UTA,5,3,4,5,50.0,52.52,-2.52,3,2,0,0,2,3,0,0,0,0,0,0,0,0,0,0,0,0,0,0,0,0,0,0
1628396,Tony Bradley,UTA,202008190DEN,"Aug 19, 2020",DEN,3,2,1,2,60.0,61.48,-1.48,1,0,0,0,0,0,0,0,1,3,0,0,0,0,0,0,0,0,0,0,0,0,0,0
203486,Mason Plumlee,DEN,202008190DEN,"Aug 19, 2020",UTA,0,3,0,3,0.0,0.0,0.0,3,0,0,0,0,0,0,0,0,0,0,0,0,0,0,0,0,0,0,0,0,0,0,0
1629008,Michael Porter Jr.,DEN,202008190DEN,"Aug 19, 2020",UTA,28,17,3,18,60.87,76.42,-15.55,7,6,9,18,1,2,0,0,1,2,0,0,0,0,0,0,0,0,0,0,0,0,0,0
203584,Troy Daniels,DEN,202008190DEN,"Aug 19, 2020",UTA,5,3,0,3,71.43,83.33,-11.9,2,2,1,3,0,0,0,0,0,0,0,0,0,0,0,0,0,0,0,0,0,0,0,0
1629714,Jarrell Brantley,UTA,202008190DEN,"Aug 19, 2020",DEN,0,3,0,3,0.0,0.0,0.0,1,0,2,0,0,0,0,0,0,0,0,0,0,0,0,0,0,0,0,0,0,0,0,0
1629671,Miye Oni,UTA,202008190DEN,"Aug 19, 2020",DEN,2,3,0,3,25.0,33.33,-8.33,1,2,2,0,0,0,0,0,0,0,0,0,0,0,0,0,0,0,0,0,0,0,0,0
1629626,Bol Bol,DEN,202008190DEN,"Aug 19, 2020",UTA,2,0,2,1,100.0,113.64,-13.64,0,0,0,0,1,2,0,0,0,0,0,0,0,0,0,0,0,0,0,0,0,0,0,0
1628467,Maxi Kleber,DAL,202008190LAC,"Aug 19, 2020",LAC,4,5,0,5,33.33,40.0,-6.67,3,4,2,0,0,0,0,0,0,0,0,0,0,0,0,0,0,0,0,0,0,0,0,0
1627826,Ivica Zubac,LAC,202008190LAC,"Aug 19, 2020",DAL,3,2,2,3,50.0,52.08,-2.08,2,2,0,0,1,1,0,0,0,0,0,0,0,0,0,0,0,0,0,0,0,0,0,0
1629029,Luka Dončić,DAL,202008190LAC,"Aug 19, 2020",LAC,28,17,12,23,52.83,62.84,-10.01,10,8,7,12,3,5,0,0,0,0,0,0,0,0,0,0,0,0,0,0,0,0,3,3
202695,Kawhi Leonard,LAC,202008190LAC,"Aug 19, 2020",DAL,35,21,14,28,56.45,64.43,-7.98,15,16,6,6,5,9,0,0,0,0,0,0,0,0,0,0,0,0,0,0,0,0,2,4
202694,Marcus Morris Sr.,LAC,202008190LAC,"Aug 19, 2020",DAL,14,11,3,12,48.28,56.82,-8.54,6,6,4,3,1,2,0,0,1,3,0,0,0,0,0,0,0,0,0,0,0,0,0,0
204001,Kristaps Porziņģis,DAL,202008190LAC,"Aug 19, 2020",LAC,23,13,8,17,60.53,69.61,-9.08,9,8,4,9,1,1,1,3,0,0,0,0,1,1,0,0,0,0,0,0,0,0,1,1
202331,Paul George,LAC,202008190LAC,"Aug 19, 2020",DAL,14,17,4,19,29.17,37.31,-8.14,7,4,10,6,0,0,0,0,0,0,0,0,0,0,0,0,0,0,0,0,0,0,2,4
202704,Reggie Jackson,LAC,202008190LAC,"Aug 19, 2020",DAL,11,9,0,9,47.83,61.11,-13.28,4,2,5,9,0,0,0,0,0,0,0,0,0,0,0,0,0,0,0,0,0,0,0,0
203501,Tim Hardaway Jr.,DAL,202008190LAC,"Aug 19, 2020",LAC,17,13,6,16,43.59,54.35,-10.76,6,4,7,9,2,3,0,0,0,0,0,0,0,0,0,0,0,0,0,0,0,0,1,1
101150,Lou Williams,LAC,202008190LAC,"Aug 19, 2020",DAL,23,13,6,15,62.16,73.53,-11.37,6,8,5,6,1,2,0,0,2,5,0,0,0,0,0,0,0,0,0,0,0,0,1,2
1626149,Montrezl Harrell,LAC,202008190LAC,"Aug 19, 2020",DAL,10,4,10,8,55.56,59.52,-3.96,2,2,0,0,3,3,0,0,2,5,0,0,0,0,0,0,0,0,0,0,0,0,1,0
203504,Trey Burke,DAL,202008190LAC,"Aug 19, 2020",LAC,16,11,4,13,59.26,62.7,-3.44,10,14,1,0,1,1,0,0,0,0,0,0,0,0,0,0,0,0,0,0,0,0,1,1
203077,Michael Kidd-Gilchrist,DAL,202008190LAC,"Aug 19, 2020",LAC,0,1,0,1,0.0,0.0,0.0,1,0,0,0,0,0,0,0,0,0,0,0,0,0,0,0,0,0,0,0,0,0,0,0
203552,Seth Curry,DAL,202008190LAC,"Aug 19, 2020",LAC,15,9,2,10,65.22,75.91,-10.69,6,10,3,3,1,2,0,0,0,0,0,0,0,0,0,0,0,0,0,0,0,0,0,0
1627827,Dorian Finney-Smith,LAC,202008190LAC,"Aug 19, 2020",DAL,8,9,0,9,36.36,44.44,-8.08,5,2,4,6,0,0,0,0,0,0,0,0,0,0,0,0,0,0,0,0,0,0,0,0
1629013,Landry Shamet,LAC,202008190LAC,"Aug 19, 2020",DAL,2,2,0,2,40.0,50.0,-10.0,1,2,1,0,0,0,0,0,0,0,0,0,0,0,0,0,0,0,0,0,0,0,0,0
1626246,Boban Marjanovic,DAL,202008190LAC,"Aug 19, 2020",LAC,13,8,1,8,76.47,77.01,-0.54,7,10,0,0,0,0,0,0,1,3,0,0,0,0,0,0,0,0,0,0,0,0,0,0
203210,JaMychal Green,LAC,202008190LAC,"Aug 19, 2020",DAL,2,5,0,5,15.38,20.0,-4.62,2,2,3,0,0,0,0,0,0,0,0,0,0,0,0,0,0,0,0,0,0,0,0,0
1626153,Delon Wright,DAL,202008190LAC,"Aug 19, 2020",LAC,3,2,4,4,33.33,39.89,-6.56,1,0,1,0,1,2,0,0,0,0,0,0,0,0,0,0,0,0,0,0,0,0,1,1
202066,Garrett Temple,BKN,202008190TOR,"Aug 19, 2020",TOR,21,13,4,15,51.22,71.14,-19.92,2,2,11,15,2,4,0,0,0,0,0,0,0,0,0,0,0,0,0,0,0,0,0,0
200768,Kyle Lowry,TOR,202008190TOR,"Aug 19, 2020",BKN,21,14,6,17,52.5,63.1,-10.6,7,6,6,9,1,2,0,0,1,3,0,0,1,1,0,0,0,0,0,0,0,0,1,0
1628386,Jarrett Allen,BKN,202008190TOR,"Aug 19, 2020",TOR,14,9,6,12,58.33,60.14,-1.81,9,10,0,0,2,3,0,0,0,0,0,0,0,0,0,0,0,0,0,0,0,0,1,1
1628384,OG Anunoby,TOR,202008190TOR,"Aug 19, 2020",BKN,6,8,4,10,26.09,30.74,-4.65,5,4,3,0,2,2,0,0,0,0,0,0,0,0,0,0,0,0,0,0,0,0,0,0
1627747,Caris LeVert,BKN,202008190TOR,"Aug 19, 2020",TOR,16,22,9,26,28.07,30.82,-2.75,17,8,4,0,4,6,0,0,1,2,0,0,0,0,0,0,0,0,0,0,0,0,0,0
201188,Marc Gasol,TOR,202008190TOR,"Aug 19, 2020",BKN,0,2,0,2,0.0,0.0,0.0,1,0,1,0,0,0,0,0,0,0,0,0,0,0,0,0,0,0,0,0,0,0,0,0
1627789,Timothe Luwawu-Cabarrot,BKN,202008190TOR,"Aug 19, 2020",TOR,17,16,2,18,38.64,50.36,-11.72,6,6,10,9,0,0,0,0,0,0,0,0,1,1,0,0,0,0,0,0,1,1,0,0
203925,Joe Harris,BKN,202008190TOR,"Aug 19, 2020",TOR,14,9,4,11,48.28,65.06,-16.78,2,0,7,12,2,2,0,0,0,0,0,0,0,0,0,0,0,0,0,0,0,0,0,0
1627832,Fred VanVleet,BKN,202008190TOR,"Aug 19, 2020",TOR,24,22,5,24,40.0,49.59,-9.59,10,8,11,9,2,4,0,0,1,3,0,0,0,0,0,0,0,0,0,0,0,0,0,0
1627783,Pascal Siakam,TOR,202008190TOR,"Aug 19, 2020",BKN,19,14,9,18,46.34,52.9,-6.56,9,6,4,6,3,4,0,0,1,3,0,0,0,0,0,0,0,0,0,0,0,0,1,0
1626181,Norman Powell,TOR,202008190TOR,"Aug 19, 2020",BKN,24,17,2,18,57.14,67.11,-9.97,11,20,6,3,0,0,0,0,0,0,0,0,0,0,0,0,0,0,0,0,0,0,1,1
1629066,Rodions Kurucs,BKN,202008190TOR,"Aug 19, 2020",TOR,2,4,0,4,18.18,25.0,-6.82,1,2,3,0,0,0,0,0,0,0,0,0,0,0,0,0,0,0,0,0,0,0,0,0
201586,Serge Ibaka,TOR,202008190TOR,"Aug 19, 2020",BKN,8,9,2,10,33.33,40.49,-7.16,5,6,4,0,1,2,0,0,0,0,0,0,0,0,0,0,0,0,0,0,0,0,0,0
204020,Tyler Johnson,BKN,202008190TOR,"Aug 19, 2020",TOR,12,10,0,10,48.0,60.0,-12.0,5,6,5,6,0,0,0,0,0,0,0,0,0,0,0,0,0,0,0,0,0,0,0,0
1629185,Chris Chiozza,BKN,202008190TOR,"Aug 19, 2020",TOR,3,2,2,3,42.86,52.08,-9.22,1,2,1,0,1,1,0,0,0,0,0,0,0,0,0,0,0,0,0,0,0,0,0,0
1629744,Matt Thomas,TOR,202008190TOR,"Aug 19, 2020",BKN,2,1,0,1,100.0,100.0,0.0,1,2,0,0,0,0,0,0,0,0,0,0,0,0,0,0,0,0,0,0,0,0,0,0
201568,Danilo Gallinari,OKC,202008200HOU,"Aug 20, 2020",HOU,17,12,6,15,51.52,58.06,-6.54,9,8,3,3,2,4,0,0,0,0,0,0,0,0,0,0,0,0,0,0,0,0,1,2
1627863,Danuel House Jr.,HOU,202008200HOU,"Aug 20, 2020",OKC,19,13,4,15,50.0,64.36,-14.36,5,6,8,9,2,4,0,0,0,0,0,0,0,0,0,0,0,0,0,0,0,0,0,0
201569,Eric Gordon,HOU,202008200HOU,"Aug 20, 2020",OKC,15,20,5,22,27.27,33.78,-6.51,9,10,10,0,2,3,0,0,1,2,0,0,0,0,0,0,0,0,0,0,0,0,0,0
203500,Steven Adams,OKC,202008200HOU,"Aug 20, 2020",HOU,8,4,0,4,100.0,100.0,0.0,4,8,0,0,0,0,0,0,0,0,0,0,0,0,0,0,0,0,0,0,0,0,0,0
1629652,Luguentz Dort,OKC,202008200HOU,"Aug 20, 2020",HOU,8,10,0,10,28.57,40.0,-11.43,2,2,8,6,0,0,0,0,0,0,0,0,0,0,0,0,0,0,0,0,0,0,0,0
1628983,Shai Gilgeous-Alexander,OKC,202008200HOU,"Aug 20, 2020",HOU,31,17,11,22,59.62,70.97,-11.35,9,10,7,9,4,8,0,0,1,3,0,0,0,0,0,0,0,0,0,0,0,0,1,1
201935,James Harden,HOU,202008200HOU,"Aug 20, 2020",OKC,21,16,9,20,40.38,52.61,-12.23,4,4,11,6,3,6,0,0,1,3,0,0,0,0,0,0,0,0,0,0,0,0,1,2
101108,Chris Paul,OKC,202008200HOU,"Aug 20, 2020",HOU,14,15,0,15,37.84,46.67,-8.83,8,8,7,6,0,0,0,0,0,0,0,0,0,0,0,0,0,0,0,0,0,0,0,0
200782,P.J. Tucker,HOU,202008200HOU,"Aug 20, 2020",OKC,14,7,0,7,77.78,100.0,-22.22,3,2,4,12,0,0,0,0,0,0,0,0,0,0,0,0,0,0,0,0,0,0,0,0
203496,Robert Covington,HOU,202008200HOU,"Aug 20, 2020",OKC,10,7,0,7,52.63,71.43,-18.8,2,4,5,6,0,0,0,0,0,0,0,0,0,0,0,0,0,0,0,0,0,0,0,0
201145,Jeff Green,HOU,202008200HOU,"Aug 20, 2020",OKC,15,11,0,11,53.57,68.18,-14.61,5,6,6,9,0,0,0,0,0,0,0,0,0,0,0,0,0,0,0,0,0,0,0,0
203457,Nerlens Noel,OKC,202008200HOU,"Aug 20, 2020",HOU,4,4,0,4,50.0,50.0,0.0,4,4,0,0,0,0,0,0,0,0,0,0,0,0,0,0,0,0,0,0,0,0,0,0
203463,Ben McLemore,HOU,202008200HOU,"Aug 20, 2020",OKC,6,7,0,7,30.0,42.86,-12.86,1,0,6,6,0,0,0,0,0,0,0,0,0,0,0,0,0,0,0,0,0,0,0,0
203085,Austin Rivers,HOU,202008200HOU,"Aug 20, 2020",OKC,11,10,0,10,42.31,55.0,-12.69,4,2,6,9,0,0,0,0,0,0,0,0,0,0,0,0,0,0,0,0,0,0,0,0
203471,Dennis Schröder,OKC,202008200HOU,"Aug 20, 2020",HOU,13,12,2,13,43.33,50.47,-7.14,8,6,4,6,1,1,0,0,0,0,0,0,0,0,0,0,0,0,0,0,0,0,0,0
1628977,Hamidou Diallo,OKC,202008200HOU,"Aug 20, 2020",HOU,0,1,0,1,0.0,0.0,0.0,1,0,0,0,0,0,0,0,0,0,0,0,0,0,0,0,0,0,0,0,0,0,0,0
1629647,Darius Bazley,OKC,202008200HOU,"Aug 20, 2020",HOU,3,4,0,4,27.27,37.5,-10.23,1,0,3,3,0,0,0,0,0,0,0,0,0,0,0,0,0,0,0,0,0,0,0,0
1629130,Duncan Robinson,MIA,202008200IND,"Aug 20, 2020",IND,24,8,3,9,88.89,128.76,-39.87,0,0,8,21,0,0,1,3,0,0,0,0,0,0,0,0,0,0,0,0,0,0,0,0
1628988,Aaron Holiday,IND,202008200IND,"Aug 20, 2020",MIA,12,9,0,9,57.14,66.67,-9.53,6,6,3,6,0,0,0,0,0,0,0,0,0,0,0,0,0,0,0,0,0,0,0,0
201609,Goran Dragic,MIA,202008200IND,"Aug 20, 2020",IND,20,18,1,18,48.78,54.23,-5.45,13,12,4,6,0,0,0,0,1,2,0,0,0,0,0,0,0,0,0,0,0,0,0,0
203109,Jae Crowder,MIA,202008200IND,"Aug 20, 2020",IND,10,7,4,9,41.67,57.08,-15.41,1,2,6,6,2,2,0,0,0,0,0,0,0,0,0,0,0,0,0,0,0,0,0,0
203506,Victor Oladipo,IND,202008200IND,"Aug 20, 2020",MIA,22,14,8,18,46.81,62.79,-15.98,3,2,11,12,3,6,0,0,0,0,0,0,0,0,0,0,0,0,0,0,0,0,1,2
202710,Jimmy Butler III,MIA,202008200IND,"Aug 20, 2020",IND,18,13,8,17,48.65,54.48,-5.83,9,4,3,6,3,6,0,0,1,2,0,0,1,0,0,0,0,0,0,0,0,0,0,0
1627763,Malcolm Brogdon,IND,202008200IND,"Aug 20, 2020",MIA,17,14,9,18,39.53,47.33,-7.8,7,2,6,6,4,6,0,0,1,3,0,0,0,0,0,0,0,0,0,0,0,0,0,0
203933,T.J. Warren,IND,202008200IND,"Aug 20, 2020",MIA,14,15,0,15,40.0,46.67,-6.67,10,14,5,0,0,0,0,0,0,0,0,0,0,0,0,0,0,0,0,0,0,0,0,0
203200,Justin Holiday,IND,202008200IND,"Aug 20, 2020",MIA,6,4,3,5,46.15,56.39,-10.24,2,2,2,3,0,0,1,1,0,0,0,0,0,0,0,0,0,0,0,0,0,0,0,0
1628389,Bam Adebayo,IND,202008200IND,"Aug 20, 2020",MIA,7,7,2,8,43.75,44.42,-0.67,7,6,0,0,0,0,0,0,0,0,0,0,0,0,0,0,0,0,0,0,0,0,1,1
1627884,Derrick Jones Jr.,MIA,202008200IND,"Aug 20, 2020",IND,1,1,2,2,20.0,26.6,-6.6,0,0,1,0,1,1,0,0,0,0,0,0,0,0,0,0,0,0,0,0,0,0,0,0
1626167,Myles Turner,IND,202008200IND,"Aug 20, 2020",MIA,17,8,0,8,89.47,106.25,-16.78,5,8,3,9,0,0,0,0,0,0,0,0,0,0,0,0,0,0,0,0,0,0,0,0
1629639,Tyler Herro,MIA,202008200IND,"Aug 20, 2020",IND,15,14,6,17,35.71,45.07,-9.36,6,2,8,9,1,2,0,0,0,0,0,0,0,0,0,0,0,0,0,0,0,0,2,2
203960,JaKarr Sampson,IND,202008200IND,"Aug 20, 2020",MIA,8,6,0,6,66.67,66.67,0.0,6,8,0,0,0,0,0,0,0,0,0,0,0,0,0,0,0,0,0,0,0,0,0,0
2738,Andre Iguodala,MIA,202008200IND,"Aug 20, 2020",IND,7,4,0,4,70.0,87.5,-17.5,2,4,2,3,0,0,0,0,0,0,0,0,0,0,0,0,0,0,0,0,0,0,0,0
203482,Kelly Olynyk,MIA,202008200IND,"Aug 20, 2020",IND,7,4,2,5,53.85,71.72,-17.87,1,2,3,3,1,2,0,0,0,0,0,0,0,0,0,0,0,0,0,0,0,0,0,0
204456,T.J. McConnell,IND,202008200IND,"Aug 20, 2020",MIA,2,4,0,4,25.0,25.0,0.0,4,2,0,0,0,0,0,0,0,0,0,0,0,0,0,0,0,0,0,0,0,0,0,0
203926,Doug McDermott,IND,202008200IND,"Aug 20, 2020",MIA,2,4,0,4,20.0,25.0,-5.0,2,2,2,0,0,0,0,0,0,0,0,0,0,0,0,0,0,0,0,0,0,0,0,0
1628410,Edmond Sumner,IND,202008200IND,"Aug 20, 2020",MIA,0,3,0,3,0.0,0.0,0.0,1,0,2,0,0,0,0,0,0,0,0,0,0,0,0,0,0,0,0,0,0,0,0,0
203468,CJ McCollum,POR,202008200LAL,"Aug 20, 2020",LAL,13,16,2,17,33.33,38.51,-5.18,11,10,5,3,1,0,0,0,0,0,0,0,0,0,0,0,0,0,0,0,0,0,0,0
201580,JaVale McGee,LAL,202008200LAL,"Aug 20, 2020",POR,10,6,0,6,83.33,83.33,0.0,6,10,0,0,0,0,0,0,0,0,0,0,0,0,0,0,0,0,0,0,0,0,0,0
203994,Jusuf Nurkić,POR,202008200LAL,"Aug 20, 2020",LAL,9,10,0,10,39.13,45.0,-5.87,7,6,3,3,0,0,0,0,0,0,0,0,0,0,0,0,0,0,0,0,0,0,0,0
203081,Damian Lillard,POR,202008200LAL,"Aug 20, 2020",LAL,18,14,5,16,45.0,55.56,-10.56,6,8,7,3,2,4,0,0,1,3,0,0,0,0,0,0,0,0,0,0,0,0,0,0
201980,Danny Green,LAL,202008200LAL,"Aug 20, 2020",POR,3,6,0,6,18.75,25.0,-6.25,2,0,4,3,0,0,0,0,0,0,0,0,0,0,0,0,0,0,0,0,0,0,0,0
203076,Anthony Davis,LAL,202008200LAL,"Aug 20, 2020",POR,31,21,2,21,64.58,70.84,-6.26,15,16,4,9,0,0,0,0,2,6,0,0,0,0,0,0,0,0,0,0,0,0,0,0
1629117,Wenyen Gabriel,POR,202008200LAL,"Aug 20, 2020",LAL,7,8,0,8,35.0,43.75,-8.75,4,4,4,3,0,0,0,0,0,0,0,0,0,0,0,0,0,0,0,0,0,0,0,0
2544,LeBron James,POR,202008200LAL,"Aug 20, 2020",LAL,10,11,2,12,37.04,42.09,-5.05,8,8,3,0,1,2,0,0,0,0,0,0,0,0,0,0,0,0,0,0,0,0,0,0
2546,Carmelo Anthony,POR,202008200LAL,"Aug 20, 2020",LAL,2,6,0,6,15.38,16.67,-1.29,5,2,1,0,0,0,0,0,0,0,0,0,0,0,0,0,0,0,0,0,0,0,0,0
203484,Kentavious Caldwell-Pope,LAL,202008200LAL,"Aug 20, 2020",POR,16,8,2,9,66.67,90.09,-23.42,2,2,6,12,1,2,0,0,0,0,0,0,0,0,0,0,0,0,0,0,0,0,0,0
202355,Hassan Whiteside,POR,202008200LAL,"Aug 20, 2020",LAL,6,3,6,6,50.0,53.19,-3.19,3,2,0,0,3,4,0,0,0,0,0,0,0,0,0,0,0,0,0,0,0,0,0,0
1629018,Gary Trent Jr.,POR,202008200LAL,"Aug 20, 2020",LAL,8,7,0,7,44.44,57.14,-12.7,3,2,4,6,0,0,0,0,0,0,0,0,0,0,0,0,0,0,0,0,0,0,0,0
1627936,Alex Caruso,LAL,202008200LAL,"Aug 20, 2020",POR,3,4,0,4,25.0,37.5,-12.5,0,0,4,3,0,0,0,0,0,0,0,0,0,0,0,0,0,0,0,0,0,0,0,0
1628398,Kyle Kuzma,LAL,202008200LAL,"Aug 20, 2020",POR,7,6,2,7,43.75,50.87,-7.12,4,2,2,3,1,2,0,0,0,0,0,0,0,0,0,0,0,0,0,0,0,0,0,0
202693,Markieff Morris,LAL,202008200LAL,"Aug 20, 2020",POR,2,5,0,5,14.29,20.0,-5.71,1,2,4,0,0,0,0,0,0,0,0,0,0,0,0,0,0,0,0,0,0,0,0,0
1626209,Mario Hezonja,POR,202008200LAL,"Aug 20, 2020",LAL,4,6,0,6,33.33,33.33,0.0,6,4,0,0,0,0,0,0,0,0,0,0,0,0,0,0,0,0,0,0,0,0,0,0
2747,JR Smith,LAL,202008200LAL,"Aug 20, 2020",POR,11,12,0,12,33.33,45.83,-12.5,3,2,9,9,0,0,0,0,0,0,0,0,0,0,0,0,0,0,0,0,0,0,0,0
2730,Dwight Howard,LAL,202008200LAL,"Aug 20, 2020",POR,9,5,2,6,75.0,76.53,-1.53,5,8,0,0,1,1,0,0,0,0,0,0,0,0,0,0,0,0,0,0,0,0,0,0
1629014,Anfernee Simons,POR,202008200LAL,"Aug 20, 2020",LAL,11,7,3,8,55.0,66.11,-11.11,4,2,2,3,1,2,0,0,0,0,1,4,0,0,0,0,0,0,0,0,0,0,0,0
203079,Dion Waiters,LAL,202008200LAL,"Aug 20, 2020",POR,4,3,0,3,66.67,66.67,0.0,3,4,0,0,0,0,0,0,0,0,0,0,0,0,0,0,0,0,0,0,0,0,0,0
adamsja01,J. Adams,POR,202008200LAL,"Aug 20, 2020",LAL,4,4,0,4,40.0,50.0,-10.0,2,4,2,0,0,0,0,0,0,0,0,0,0,0,0,0,0,0,0,0,0,0,0,0
1626188,Quinn Cook,LAL,202008200LAL,"Aug 20, 2020",POR,5,3,0,3,71.43,83.33,-11.9,2,2,1,3,0,0,0,0,0,0,0,0,0,0,0,0,0,0,0,0,0,0,0,0
201162,Jared Dudley,LAL,202008200LAL,"Aug 20, 2020",POR,0,2,0,2,0.0,0.0,0.0,1,0,1,0,0,0,0,0,0,0,0,0,0,0,0,0,0,0,0,0,0,0,0,0
1629658,Jaylen Hoard,POR,202008200LAL,"Aug 20, 2020",LAL,6,4,0,4,75.0,75.0,0.0,4,6,0,0,0,0,0,0,0,0,0,0,0,0,0,0,0,0,0,0,0,0,0,0
203114,Khris Middleton,MIL,202008200MIL,"Aug 20, 2020",ORL,2,8,0,8,10.0,12.5,-2.5,4,2,4,0,0,0,0,0,0,0,0,0,0,0,0,0,0,0,0,0,0,0,0,0
203516,James Ennis III,ORL,202008200MIL,"Aug 20, 2020",MIL,8,9,2,10,34.78,40.49,-5.71,6,6,3,0,1,2,0,0,0,0,0,0,0,0,0,0,0,0,0,0,0,0,0,0
1629109,Gary Clark,ORL,202008200MIL,"Aug 20, 2020",MIL,3,5,0,5,20.0,30.0,-10.0,0,0,5,3,0,0,0,0,0,0,0,0,0,0,0,0,0,0,0,0,0,0,0,0
203507,Giannis Antetokounmpo,MIL,202008200MIL,"Aug 20, 2020",ORL,28,23,8,27,47.46,52.79,-5.33,18,18,5,3,4,7,0,0,0,0,0,0,0,0,0,0,0,0,0,0,0,0,0,0
1628365,Markelle Fultz,ORL,202008200MIL,"Aug 20, 2020",MIL,11,11,2,12,44.0,46.3,-2.3,10,6,1,3,1,2,0,0,0,0,0,0,0,0,0,0,0,0,0,0,0,0,0,0
202083,Wesley Matthews,MIL,202008200MIL,"Aug 20, 2020",ORL,7,5,2,6,41.18,59.52,-18.34,0,0,5,6,1,1,0,0,0,0,0,0,0,0,0,0,0,0,0,0,0,0,0,0
202696,Nikola Vučević,ORL,202008200MIL,"Aug 20, 2020",MIL,32,23,4,25,55.17,64.62,-9.45,15,22,8,6,2,4,0,0,0,0,0,0,0,0,0,0,0,0,0,0,0,0,0,0
201572,Brook Lopez,MIL,202008200MIL,"Aug 20, 2020",ORL,20,12,0,12,62.5,83.33,-20.83,4,8,8,12,0,0,0,0,0,0,0,0,0,0,0,0,0,0,0,0,0,0,0,0
202339,Eric Bledsoe,MIL,202008200MIL,"Aug 20, 2020",ORL,13,12,1,12,46.43,52.25,-5.82,8,10,3,0,0,0,0,0,1,3,0,0,0,0,0,0,0,0,0,0,0,0,0,0
203095,Evan Fournier,ORL,202008200MIL,"Aug 20, 2020",MIL,12,13,4,15,33.33,40.65,-7.32,7,6,6,3,2,3,0,0,0,0,0,0,0,0,0,0,0,0,0,0,0,0,0,0
203920,Khem Birch,ORL,202008200MIL,"Aug 20, 2020",MIL,5,3,2,4,62.5,64.43,-1.93,3,4,0,0,1,1,0,0,0,0,0,0,0,0,0,0,0,0,0,0,0,0,0,0
1628978,Donte DiVincenzo,MIL,202008200MIL,"Aug 20, 2020",ORL,11,9,4,11,45.83,51.12,-5.29,7,6,2,3,2,2,0,0,0,0,0,0,0,0,0,0,0,0,0,0,0,0,0,0
101107,Marvin Williams,MIL,202008200MIL,"Aug 20, 2020",ORL,2,3,0,3,25.0,33.33,-8.33,1,2,2,0,0,0,0,0,0,0,0,0,0,0,0,0,0,0,0,0,0,0,0,0
201571,D.J. Augustin,ORL,202008200MIL,"Aug 20, 2020",MIL,10,5,10,10,47.62,53.19,-5.57,4,0,1,0,3,6,0,0,0,0,0,0,0,0,0,0,0,0,0,0,0,0,2,4
203082,Terrence Ross,ORL,202008200MIL,"Aug 20, 2020",MIL,12,14,3,15,31.58,39.16,-7.58,6,2,7,6,1,1,0,0,1,3,0,0,0,0,0,0,0,0,0,0,0,0,0,0
201588,George Hill,MIL,202008200MIL,"Aug 20, 2020",ORL,2,2,0,2,50.0,50.0,0.0,2,2,0,0,0,0,0,0,0,0,0,0,0,0,0,0,0,0,0,0,0,0,0,0
201577,Robin Lopez,MIL,202008200MIL,"Aug 20, 2020",ORL,2,1,0,1,100.0,100.0,0.0,1,2,0,0,0,0,0,0,0,0,0,0,0,0,0,0,0,0,0,0,0,0,0,0
1626192,Pat Connaughton,MIL,202008200MIL,"Aug 20, 2020",ORL,15,8,0,8,62.5,93.75,-31.25,0,0,8,15,0,0,0,0,0,0,0,0,0,0,0,0,0,0,0,0,0,0,0,0
1628411,Wes Iwundu,ORL,202008200MIL,"Aug 20, 2020",MIL,3,6,4,8,16.67,19.33,-2.66,4,0,2,0,2,3,0,0,0,0,0,0,0,0,0,0,0,0,0,0,0,0,0,0
2594,Kyle Korver,MIL,202008200MIL,"Aug 20, 2020",ORL,9,6,1,6,52.94,69.88,-16.94,1,0,4,6,0,0,0,0,1,3,0,0,0,0,0,0,0,0,0,0,0,0,0,0
1627832,Fred VanVleet,TOR,202008210BRK,"Aug 21, 2020",BKN,22,13,0,13,61.11,84.62,-23.51,3,4,10,18,0,0,0,0,0,0,0,0,0,0,0,0,0,0,0,0,0,0,0,0
204020,Tyler Johnson,BKN,202008210BRK,"Aug 21, 2020",TOR,23,15,2,16,56.1,72.42,-16.32,6,6,9,15,1,2,0,0,0,0,0,0,0,0,0,0,0,0,0,0,0,0,0,0
202066,Garrett Temple,TOR,202008210BRK,"Aug 21, 2020",BKN,5,12,0,12,15.15,20.83,-5.68,3,2,9,3,0,0,0,0,0,0,0,0,0,0,0,0,0,0,0,0,0,0,0,0
200768,Kyle Lowry,TOR,202008210BRK,"Aug 21, 2020",BKN,11,7,4,10,47.83,62.79,-14.96,2,2,5,6,1,2,0,0,0,0,0,0,2,1,0,0,0,0,0,0,0,0,0,0
1627789,Timothe Luwawu-Cabarrot,BKN,202008210BRK,"Aug 21, 2020",TOR,10,18,2,19,20.41,26.48,-6.07,7,2,11,6,1,2,0,0,0,0,0,0,0,0,0,0,0,0,0,0,0,0,0,0
201188,Marc Gasol,TOR,202008210BRK,"Aug 21, 2020",BKN,3,7,0,7,16.67,21.43,-4.76,3,0,4,3,0,0,0,0,0,0,0,0,0,0,0,0,0,0,0,0,0,0,0,0
1628386,Jarrett Allen,BKN,202008210BRK,"Aug 21, 2020",TOR,4,0,4,2,100.0,113.64,-13.64,0,0,0,0,2,4,0,0,0,0,0,0,0,0,0,0,0,0,0,0,0,0,0,0
1627747,Caris LeVert,BKN,202008210BRK,"Aug 21, 2020",TOR,15,14,0,14,44.12,53.57,-9.45,8,6,6,9,0,0,0,0,0,0,0,0,0,0,0,0,0,0,0,0,0,0,0,0
1627783,Pascal Siakam,TOR,202008210BRK,"Aug 21, 2020",BKN,26,23,4,25,46.43,52.5,-6.07,17,18,6,6,2,2,0,0,0,0,0,0,0,0,0,0,0,0,0,0,0,0,0,0
1628384,OG Anunoby,TOR,202008210BRK,"Aug 21, 2020",BKN,8,7,0,7,50.0,57.14,-7.14,5,8,2,0,0,0,0,0,0,0,0,0,0,0,0,0,0,0,0,0,0,0,0,0
1629185,Chris Chiozza,BKN,202008210BRK,"Aug 21, 2020",TOR,14,10,2,11,51.85,64.34,-12.49,5,4,5,9,1,1,0,0,0,0,0,0,0,0,0,0,0,0,0,0,0,0,0,0
201586,Serge Ibaka,TOR,202008210BRK,"Aug 21, 2020",BKN,20,12,1,12,71.43,80.39,-8.96,8,8,3,9,0,0,0,0,1,3,0,0,0,0,0,0,0,0,0,0,0,0,0,0
1626181,Norman Powell,TOR,202008210BRK,"Aug 21, 2020",BKN,11,8,2,9,50.0,61.94,-11.94,4,4,4,6,1,1,0,0,0,0,0,0,0,0,0,0,0,0,0,0,0,0,0,0
1626147,Justin Anderson,BKN,202008210BRK,"Aug 21, 2020",TOR,7,4,4,6,43.75,60.76,-17.01,0,0,4,3,1,2,0,0,0,0,0,0,0,0,0,0,0,0,0,0,0,0,1,2
1629066,Rodions Kurucs,BKN,202008210BRK,"Aug 21, 2020",TOR,6,4,0,4,66.67,75.0,-8.33,3,6,1,0,0,0,0,0,0,0,0,0,0,0,0,0,0,0,0,0,0,0,0,0
1629056,Terence Davis,TOR,202008210BRK,"Aug 21, 2020",BKN,9,5,0,5,75.0,90.0,-15.0,3,6,2,3,0,0,0,0,0,0,0,0,0,0,0,0,0,0,0,0,0,0,0,0
1629058,Dzanan Musa,BKN,202008210BRK,"Aug 21, 2020",TOR,2,4,4,6,13.33,17.36,-4.03,1,0,3,0,2,2,0,0,0,0,0,0,0,0,0,0,0,0,0,0,0,0,0,0
1629743,Donta Hall,BKN,202008210BRK,"Aug 21, 2020",TOR,3,1,2,2,75.0,79.79,-4.79,1,2,0,0,1,1,0,0,0,0,0,0,0,0,0,0,0,0,0,0,0,0,0,0
1629725,Jeremiah Martin,BKN,202008210BRK,"Aug 21, 2020",TOR,3,6,0,6,21.43,25.0,-3.57,4,0,2,3,0,0,0,0,0,0,0,0,0,0,0,0,0,0,0,0,0,0,0,0
202498,Lance Thomas,BKN,202008210BRK,"Aug 21, 2020",TOR,0,2,2,3,0.0,0.0,0.0,1,0,1,0,1,0,0,0,0,0,0,0,0,0,0,0,0,0,0,0,0,0,0,0
1626259,Malcolm Miller,TOR,202008210BRK,"Aug 21, 2020",BKN,3,3,0,3,42.86,50.0,-7.14,2,0,1,3,0,0,0,0,0,0,0,0,0,0,0,0,0,0,0,0,0,0,0,0
1629744,Matt Thomas,TOR,202008210BRK,"Aug 21, 2020",BKN,2,2,0,2,50.0,50.0,0.0,2,2,0,0,0,0,0,0,0,0,0,0,0,0,0,0,0,0,0,0,0,0,0,0
1626169,Stanley Johnson,TOR,202008210BRK,"Aug 21, 2020",BKN,2,3,0,3,28.57,33.33,-4.76,2,2,1,0,0,0,0,0,0,0,0,0,0,0,0,0,0,0,0,0,0,0,0,0
1628778,Paul Watson,TOR,202008210BRK,"Aug 21, 2020",BKN,0,1,0,1,0.0,0.0,0.0,1,0,0,0,0,0,0,0,0,0,0,0,0,0,0,0,0,0,0,0,0,0,0,0
204001,Kristaps Porziņģis,DAL,202008210DAL,"Aug 21, 2020",LAC,34,18,7,21,65.38,80.65,-15.27,9,12,9,15,2,4,1,3,0,0,0,0,0,0,0,0,0,0,0,0,0,0,0,0
202694,Marcus Morris Sr.,LAC,202008210DAL,"Aug 21, 2020",DAL,14,8,0,8,66.67,87.5,-20.83,3,2,5,12,0,0,0,0,0,0,0,0,0,0,0,0,0,0,0,0,0,0,0,0
202331,Paul George,LAC,202008210DAL,"Aug 21, 2020",DAL,11,16,4,18,25.0,30.97,-5.97,8,4,8,3,2,4,0,0,0,0,0,0,0,0,0,0,0,0,0,0,0,0,0,0
203501,Tim Hardaway Jr.,DAL,202008210DAL,"Aug 21, 2020",LAC,22,19,0,19,45.83,57.89,-12.06,9,10,10,12,0,0,0,0,0,0,0,0,0,0,0,0,0,0,0,0,0,0,0,0
1629013,Landry Shamet,LAC,202008210DAL,"Aug 21, 2020",DAL,18,13,1,13,52.94,66.96,-14.02,5,6,7,9,0,0,0,0,1,3,0,0,0,0,0,0,0,0,0,0,0,0,0,0
1627826,Ivica Zubac,LAC,202008210DAL,"Aug 21, 2020",DAL,15,8,4,10,75.0,76.84,-1.84,8,12,0,0,1,2,0,0,0,0,0,0,0,0,0,0,0,0,0,0,0,0,1,1
1629029,Luka Dončić,DAL,202008210DAL,"Aug 21, 2020",LAC,13,14,10,18,29.55,35.33,-5.78,7,4,6,3,2,2,1,1,1,2,0,0,0,0,0,0,0,0,0,0,0,0,1,1
1627827,Dorian Finney-Smith,DAL,202008210DAL,"Aug 21, 2020",LAC,11,8,2,9,47.83,61.94,-14.11,3,6,5,3,1,2,0,0,0,0,0,0,0,0,0,0,0,0,0,0,0,0,0,0
1628467,Maxi Kleber,LAC,202008210DAL,"Aug 21, 2020",DAL,5,5,4,7,27.78,36.98,-9.2,1,2,4,0,0,0,0,0,0,0,0,0,0,0,0,0,0,0,0,0,0,0,2,3
202695,Kawhi Leonard,DAL,202008210DAL,"Aug 21, 2020",LAC,36,24,10,28,58.06,63.38,-5.32,18,20,4,3,1,2,0,0,2,5,0,0,0,0,0,0,0,0,0,0,0,0,3,6
1626149,Montrezl Harrell,LAC,202008210DAL,"Aug 21, 2020",DAL,13,5,8,9,72.22,76.29,-4.07,5,8,0,0,4,5,0,0,0,0,0,0,0,0,0,0,0,0,0,0,0,0,0,0
101150,Lou Williams,LAC,202008210DAL,"Aug 21, 2020",DAL,10,8,0,8,47.62,62.5,-14.88,3,4,5,6,0,0,0,0,0,0,0,0,0,0,0,0,0,0,0,0,0,0,0,0
203504,Trey Burke,DAL,202008210DAL,"Aug 21, 2020",LAC,10,8,0,8,47.62,62.5,-14.88,3,4,5,6,0,0,0,0,0,0,0,0,0,0,0,0,0,0,0,0,0,0,0,0
202704,Reggie Jackson,LAC,202008210DAL,"Aug 21, 2020",DAL,6,4,0,4,50.0,75.0,-25.0,0,0,4,6,0,0,0,0,0,0,0,0,0,0,0,0,0,0,0,0,0,0,0,0
203552,Seth Curry,DAL,202008210DAL,"Aug 21, 2020",LAC,22,11,0,11,84.62,100.0,-15.38,7,10,4,12,0,0,0,0,0,0,0,0,0,0,0,0,0,0,0,0,0,0,0,0
203210,JaMychal Green,LAC,202008210DAL,"Aug 21, 2020",DAL,7,4,0,4,77.78,87.5,-9.72,3,4,1,3,0,0,0,0,0,0,0,0,0,0,0,0,0,0,0,0,0,0,0,0
1626246,Boban Marjanovic,DAL,202008210DAL,"Aug 21, 2020",LAC,3,3,1,3,42.86,43.6,-0.74,2,0,0,0,0,0,0,0,1,3,0,0,0,0,0,0,0,0,0,0,0,0,0,0
1626153,Delon Wright,DAL,202008210DAL,"Aug 21, 2020",LAC,2,1,0,1,100.0,100.0,0.0,1,2,0,0,0,0,0,0,0,0,0,0,0,0,0,0,0,0,0,0,0,0,0,0
1627759,Jaylen Brown,BOS,202008210PHI,"Aug 21, 2020",PHI,21,16,9,19,45.65,52.61,-6.96,10,8,5,3,1,1,2,6,1,3,0,0,0,0,0,0,0,0,0,0,0,0,0,0
202699,Tobias Harris,PHI,202008210PHI,"Aug 21, 2020",BOS,15,19,4,21,31.91,36.13,-4.22,14,12,5,0,2,3,0,0,0,0,0,0,0,0,0,0,0,0,0,0,0,0,0,0
203935,Marcus Smart,BOS,202008210PHI,"Aug 21, 2020",PHI,14,8,6,10,56.0,65.79,-9.79,3,4,3,0,1,2,0,0,2,6,0,0,0,0,0,0,0,0,0,0,0,0,1,2
1628464,Daniel Theis,BOS,202008210PHI,"Aug 21, 2020",PHI,8,8,2,9,38.1,45.05,-6.95,5,6,3,0,1,2,0,0,0,0,0,0,0,0,0,0,0,0,0,0,0,0,0,0
1626196,Josh Richardson,PHI,202008210PHI,"Aug 21, 2020",BOS,17,17,4,18,34.69,45.31,-10.62,5,2,11,9,0,0,1,3,1,3,0,0,0,0,0,0,0,0,0,0,0,0,0,0
202689,Kemba Walker,BOS,202008210PHI,"Aug 21, 2020",PHI,24,20,1,20,48.98,58.71,-9.73,11,12,8,9,0,0,0,0,1,3,0,0,0,0,0,0,0,0,0,0,0,0,0,0
1628369,Jayson Tatum,PHI,202008210PHI,"Aug 21, 2020",BOS,14,19,0,19,29.79,36.84,-7.05,10,8,9,6,0,0,0,0,0,0,0,0,0,0,0,0,0,0,0,0,0,0,0,0
201143,Al Horford,PHI,202008210PHI,"Aug 21, 2020",BOS,6,5,6,8,33.33,39.27,-5.94,3,2,2,0,2,3,0,0,0,0,0,0,0,0,0,0,0,0,0,0,0,0,1,1
203954,Joel Embiid,PHI,202008210PHI,"Aug 21, 2020",BOS,30,20,16,27,49.18,55.47,-6.29,13,6,5,6,5,8,0,0,2,6,0,0,0,0,0,0,0,0,0,0,0,0,2,4
1629003,Shake Milton,PHI,202008210PHI,"Aug 21, 2020",BOS,17,18,2,19,36.17,45.02,-8.85,9,6,9,9,1,2,0,0,0,0,0,0,0,0,0,0,0,0,0,0,0,0,0,0
1629684,Grant Williams,BOS,202008210PHI,"Aug 21, 2020",PHI,7,3,2,4,77.78,90.21,-12.43,2,2,1,3,0,0,0,0,0,0,0,0,0,0,0,0,0,0,0,0,0,0,1,2
1629641,Romeo Langford,BOS,202008210PHI,"Aug 21, 2020",PHI,2,3,0,3,33.33,33.33,0.0,3,2,0,0,0,0,0,0,0,0,0,0,0,0,0,0,0,0,0,0,0,0,0,0
1627788,Furkan Korkmaz,PHI,202008210PHI,"Aug 21, 2020",BOS,0,4,0,4,0.0,0.0,0.0,1,0,3,0,0,0,0,0,0,0,0,0,0,0,0,0,0,0,0,0,0,0,0,0
202683,Enes Freedom,BOS,202008210PHI,"Aug 21, 2020",PHI,6,6,0,6,50.0,50.0,0.0,6,6,0,0,0,0,0,0,0,0,0,0,0,0,0,0,0,0,0,0,0,0,0,0
202954,Brad Wanamaker,BOS,202008210PHI,"Aug 21, 2020",PHI,5,3,2,4,55.56,64.43,-8.87,2,0,1,3,1,2,0,0,0,0,0,0,0,0,0,0,0,0,0,0,0,0,0,0
202692,Alec Burks,PHI,202008210PHI,"Aug 21, 2020",BOS,9,10,2,11,36.0,41.36,-5.36,7,4,3,3,1,2,0,0,0,0,0,0,0,0,0,0,0,0,0,0,0,0,0,0
1628400,Semi Ojeleye,BOS,202008210PHI,"Aug 21, 2020",PHI,0,1,0,1,0.0,0.0,0.0,0,0,1,0,0,0,0,0,0,0,0,0,0,0,0,0,0,0,0,0,0,0,0,0
1629680,Matisse Thybulle,PHI,202008210PHI,"Aug 21, 2020",BOS,0,1,0,1,0.0,0.0,0.0,1,0,0,0,0,0,0,0,0,0,0,0,0,0,0,0,0,0,0,0,0,0,0,0
203118,Mike Scott,PHI,202008210PHI,"Aug 21, 2020",BOS,0,1,0,1,0.0,0.0,0.0,0,0,1,0,0,0,0,0,0,0,0,0,0,0,0,0,0,0,0,0,0,0,0,0
203497,Rudy Gobert,UTA,202008210UTA,"Aug 21, 2020",DEN,24,15,5,17,68.57,69.77,-1.2,14,20,0,0,1,1,0,0,1,2,0,0,0,0,0,0,0,0,0,0,0,0,1,1
1627750,Jamal Murray,DEN,202008210UTA,"Aug 21, 2020",UTA,12,16,0,16,30.0,37.5,-7.5,8,6,8,6,0,0,0,0,0,0,0,0,0,0,0,0,0,0,0,0,0,0,0,0
1629008,Michael Porter Jr.,UTA,202008210UTA,"Aug 21, 2020",DEN,7,6,0,6,50.0,58.33,-8.33,4,4,2,3,0,0,0,0,0,0,0,0,0,0,0,0,0,0,0,0,0,0,0,0
1628378,Donovan Mitchell,UTA,202008210UTA,"Aug 21, 2020",DEN,20,13,9,17,48.78,58.96,-10.18,7,6,6,6,2,3,1,3,0,0,0,0,0,0,0,0,0,0,0,0,0,0,1,2
204060,Joe Ingles,UTA,202008210UTA,"Aug 21, 2020",DEN,2,2,2,3,28.57,34.72,-6.15,1,0,1,0,0,0,0,0,0,0,0,0,0,0,0,0,0,0,0,0,0,0,1,2
201144,Mike Conley,DEN,202008210UTA,"Aug 21, 2020",UTA,27,13,2,14,75.0,97.26,-22.26,5,4,8,21,1,2,0,0,0,0,0,0,0,0,0,0,0,0,0,0,0,0,0,0
1628470,Torrey Craig,DEN,202008210UTA,"Aug 21, 2020",UTA,8,5,0,5,61.54,80.0,-18.46,2,2,3,6,0,0,0,0,0,0,0,0,0,0,0,0,0,0,0,0,0,0,0,0
1626220,Royce O'Neale,UTA,202008210UTA,"Aug 21, 2020",DEN,3,3,0,3,37.5,50.0,-12.5,1,0,2,3,0,0,0,0,0,0,0,0,0,0,0,0,0,0,0,0,0,0,0,0
200794,Paul Millsap,DEN,202008210UTA,"Aug 21, 2020",UTA,8,5,0,5,66.67,80.0,-13.33,3,2,2,6,0,0,0,0,0,0,0,0,0,0,0,0,0,0,0,0,0,0,0,0
203924,Jerami Grant,DEN,202008210UTA,"Aug 21, 2020",UTA,6,7,0,7,31.58,42.86,-11.28,2,0,5,6,0,0,0,0,0,0,0,0,0,0,0,0,0,0,0,0,0,0,0,0
203903,Jordan Clarkson,UTA,202008210UTA,"Aug 21, 2020",DEN,11,12,2,13,34.38,42.7,-8.32,6,6,6,3,1,2,0,0,0,0,0,0,0,0,0,0,0,0,0,0,0,0,0,0
203999,Nikola Jokić,DEN,202008210UTA,"Aug 21, 2020",UTA,15,13,2,14,44.12,54.03,-9.91,7,8,6,6,1,1,0,0,0,0,0,0,0,0,0,0,0,0,0,0,0,0,0,0
1628420,Monte Morris,DEN,202008210UTA,"Aug 21, 2020",UTA,4,7,0,7,23.53,28.57,-5.04,4,4,3,0,0,0,0,0,0,0,0,0,0,0,0,0,0,0,0,0,0,0,0,0
1628408,PJ Dozier,DEN,202008210UTA,"Aug 21, 2020",UTA,7,9,3,10,28.0,33.91,-5.91,4,2,4,0,1,2,0,0,1,3,0,0,0,0,0,0,0,0,0,0,0,0,0,0
1627777,Georges Niang,UTA,202008210UTA,"Aug 21, 2020",DEN,16,9,0,9,66.67,88.89,-22.22,3,4,6,12,0,0,0,0,0,0,0,0,0,0,0,0,0,0,0,0,0,0,0,0
1629752,Juwan Morgan,UTA,202008210UTA,"Aug 21, 2020",DEN,1,1,2,2,20.0,26.6,-6.6,0,0,1,0,1,1,0,0,0,0,0,0,0,0,0,0,0,0,0,0,0,0,0,0
203486,Mason Plumlee,DEN,202008210UTA,"Aug 21, 2020",UTA,6,4,0,4,75.0,75.0,0.0,4,6,0,0,0,0,0,0,0,0,0,0,0,0,0,0,0,0,0,0,0,0,0,0
1628396,Tony Bradley,UTA,202008210UTA,"Aug 21, 2020",DEN,2,1,2,2,50.0,53.19,-3.19,1,0,0,0,1,2,0,0,0,0,0,0,0,0,0,0,0,0,0,0,0,0,0,0
203584,Troy Daniels,DEN,202008210UTA,"Aug 21, 2020",UTA,1,4,2,5,7.69,10.25,-2.56,1,0,3,0,0,0,0,0,0,0,0,0,0,0,0,0,0,0,0,0,0,0,1,1
1626144,Emmanuel Mudiay,UTA,202008210UTA,"Aug 21, 2020",DEN,7,5,0,5,63.64,70.0,-6.36,4,4,1,3,0,0,0,0,0,0,0,0,0,0,0,0,0,0,0,0,0,0,0,0
1629671,Miye Oni,UTA,202008210UTA,"Aug 21, 2020",DEN,5,3,0,3,62.5,83.33,-20.83,1,2,2,3,0,0,0,0,0,0,0,0,0,0,0,0,0,0,0,0,0,0,0,0
1628966,Keita Bates-Diop,DEN,202008210UTA,"Aug 21, 2020",UTA,2,4,0,4,25.0,25.0,0.0,4,2,0,0,0,0,0,0,0,0,0,0,0,0,0,0,0,0,0,0,0,0,0,0
1629626,Bol Bol,DEN,202008210UTA,"Aug 21, 2020",UTA,11,7,4,9,55.0,62.79,-7.79,5,4,2,3,2,4,0,0,0,0,0,0,0,0,0,0,0,0,0,0,0,0,0,0
1629714,Jarrell Brantley,UTA,202008210UTA,"Aug 21, 2020",DEN,1,2,2,3,14.29,17.36,-3.07,1,0,1,0,1,1,0,0,0,0,0,0,0,0,0,0,0,0,0,0,0,0,0,0
1629730,Rayjon Tucker,UTA,202008210UTA,"Aug 21, 2020",DEN,5,5,0,5,38.46,50.0,-11.54,2,2,3,3,0,0,0,0,0,0,0,0,0,0,0,0,0,0,0,0,0,0,0,0
203943,Noah Vonleh,DEN,202008210UTA,"Aug 21, 2020",UTA,0,1,0,1,0.0,0.0,0.0,1,0,0,0,0,0,0,0,0,0,0,0,0,0,0,0,0,0,0,0,0,0,0,0
1629130,Duncan Robinson,MIA,202008220MIA,"Aug 22, 2020",IND,15,7,6,9,62.5,77.8,-15.3,3,4,4,6,0,0,2,5,0,0,0,0,0,0,0,0,0,0,0,0,0,0,0,0
203200,Justin Holiday,IND,202008220MIA,"Aug 22, 2020",MIA,9,8,0,8,39.13,56.25,-17.12,1,0,7,9,0,0,0,0,0,0,0,0,0,0,0,0,0,0,0,0,0,0,0,0
203109,Jae Crowder,IND,202008220MIA,"Aug 22, 2020",MIA,11,8,6,11,36.67,51.69,-15.02,0,0,8,6,0,0,0,0,0,0,0,0,0,0,0,0,0,0,0,0,0,0,3,5
1627763,Malcolm Brogdon,IND,202008220MIA,"Aug 22, 2020",MIA,34,17,8,21,69.39,82.85,-13.46,10,14,7,12,4,8,0,0,0,0,0,0,0,0,0,0,0,0,0,0,0,0,0,0
1628389,Bam Adebayo,MIA,202008220MIA,"Aug 22, 2020",IND,22,11,9,15,70.97,73.53,-2.56,10,12,0,0,3,6,0,0,1,3,0,0,0,0,0,0,0,0,0,0,0,0,1,1
203506,Victor Oladipo,IND,202008220MIA,"Aug 22, 2020",MIA,20,21,2,22,37.04,45.7,-8.66,11,10,10,9,1,1,0,0,0,0,0,0,0,0,0,0,0,0,0,0,0,0,0,0
202710,Jimmy Butler III,MIA,202008220MIA,"Aug 22, 2020",IND,27,16,20,26,50.0,54.44,-4.44,14,10,2,0,6,10,0,0,0,0,0,0,0,0,0,0,0,0,0,0,0,0,4,7
1626167,Myles Turner,IND,202008220MIA,"Aug 22, 2020",MIA,15,9,8,13,53.57,59.9,-6.33,7,8,2,3,2,2,0,0,0,0,0,0,0,0,0,0,0,0,0,0,0,0,2,2
203933,T.J. Warren,IND,202008220MIA,"Aug 22, 2020",MIA,23,18,7,21,50.0,54.55,-4.55,14,14,3,0,3,6,0,0,1,3,0,0,0,0,0,0,0,0,0,0,0,0,0,0
201609,Goran Dragic,MIA,202008220MIA,"Aug 22, 2020",IND,24,17,5,20,48.98,62.5,-13.52,7,6,10,15,0,0,0,0,0,0,0,0,1,0,0,0,0,0,0,0,0,0,2,3
1628988,Aaron Holiday,IND,202008220MIA,"Aug 22, 2020",MIA,10,5,3,6,66.67,79.11,-12.44,2,4,2,3,0,0,0,0,1,2,0,0,0,0,0,0,0,0,0,0,0,0,1,1
1629639,Tyler Herro,MIA,202008220MIA,"Aug 22, 2020",IND,20,12,5,14,57.14,70.42,-13.28,6,6,6,9,1,2,1,3,0,0,0,0,0,0,0,0,0,0,0,0,0,0,0,0
203960,JaKarr Sampson,IND,202008220MIA,"Aug 22, 2020",MIA,2,3,0,3,33.33,33.33,0.0,3,2,0,0,0,0,0,0,0,0,0,0,0,0,0,0,0,0,0,0,0,0,0,0
203482,Kelly Olynyk,MIA,202008220MIA,"Aug 22, 2020",IND,2,2,0,2,40.0,50.0,-10.0,1,2,1,0,0,0,0,0,0,0,0,0,0,0,0,0,0,0,0,0,0,0,0,0
2738,Andre Iguodala,MIA,202008220MIA,"Aug 22, 2020",IND,3,2,0,2,50.0,75.0,-25.0,0,0,2,3,0,0,0,0,0,0,0,0,0,0,0,0,0,0,0,0,0,0,0,0
203926,Doug McDermott,IND,202008220MIA,"Aug 22, 2020",MIA,2,3,0,3,25.0,33.33,-8.33,1,2,2,0,0,0,0,0,0,0,0,0,0,0,0,0,0,0,0,0,0,0,0,0
1627884,Derrick Jones Jr.,MIA,202008220MIA,"Aug 22, 2020",IND,0,0,1,1,0.0,0.0,0.0,0,0,0,0,0,0,0,0,0,0,0,0,0,0,0,0,0,0,0,0,0,0,1,0
201568,Danilo Gallinari,OKC,202008220OKC,"Aug 22, 2020",HOU,20,12,8,16,46.51,64.43,-17.92,1,0,11,12,2,4,1,3,0,0,0,0,1,1,0,0,0,0,0,0,0,0,0,0
203496,Robert Covington,HOU,202008220OKC,"Aug 22, 2020",OKC,5,2,2,3,62.5,86.81,-24.31,0,0,2,3,1,2,0,0,0,0,0,0,0,0,0,0,0,0,0,0,0,0,0,0
201935,James Harden,HOU,202008220OKC,"Aug 22, 2020",OKC,38,27,15,35,46.34,56.55,-10.21,13,16,13,9,6,10,0,0,1,2,0,0,1,0,0,0,0,0,0,0,1,1,0,0
101108,Chris Paul,OKC,202008220OKC,"Aug 22, 2020",HOU,26,20,1,20,55.32,63.6,-8.28,13,12,6,12,0,0,0,0,1,2,0,0,0,0,0,0,0,0,0,0,0,0,0,0
1627863,Danuel House Jr.,HOU,202008220OKC,"Aug 22, 2020",OKC,15,10,4,12,50.0,63.78,-13.78,4,4,6,9,1,1,0,0,0,0,0,0,0,0,0,0,0,0,0,0,0,0,1,1
203500,Steven Adams,OKC,202008220OKC,"Aug 22, 2020",HOU,6,7,3,8,35.29,36.06,-0.77,6,4,0,0,1,0,0,0,1,2,0,0,0,0,0,0,0,0,0,0,0,0,0,0
1628983,Shai Gilgeous-Alexander,OKC,202008220OKC,"Aug 22, 2020",HOU,23,18,2,19,51.11,60.91,-9.8,11,12,7,9,0,0,0,0,0,0,0,0,0,0,0,0,0,0,0,0,0,0,1,2
1629652,Luguentz Dort,HOU,202008220OKC,"Aug 22, 2020",OKC,9,10,5,12,29.03,36.89,-7.86,3,4,6,0,2,2,0,0,1,3,0,0,0,0,0,0,0,0,0,0,0,0,0,0
201569,Eric Gordon,HOU,202008220OKC,"Aug 22, 2020",OKC,18,24,0,24,31.03,37.5,-6.47,14,12,10,6,0,0,0,0,0,0,0,0,0,0,0,0,0,0,0,0,0,0,0,0
200782,P.J. Tucker,OKC,202008220OKC,"Aug 22, 2020",HOU,5,7,0,7,26.32,35.71,-9.39,2,2,5,3,0,0,0,0,0,0,0,0,0,0,0,0,0,0,0,0,0,0,0,0
201145,Jeff Green,HOU,202008220OKC,"Aug 22, 2020",OKC,22,13,2,14,61.11,79.25,-18.14,5,6,8,15,0,0,0,0,0,0,0,0,0,0,0,0,0,0,0,0,0,0,1,1
203463,Ben McLemore,HOU,202008220OKC,"Aug 22, 2020",OKC,0,2,0,2,0.0,0.0,0.0,0,0,2,0,0,0,0,0,0,0,0,0,0,0,0,0,0,0,0,0,0,0,0,0
203085,Austin Rivers,HOU,202008220OKC,"Aug 22, 2020",OKC,4,7,0,7,22.22,28.57,-6.35,3,4,4,0,0,0,0,0,0,0,0,0,0,0,0,0,0,0,0,0,0,0,0,0
203457,Nerlens Noel,OKC,202008220OKC,"Aug 22, 2020",HOU,3,0,6,3,50.0,56.82,-6.82,0,0,0,0,1,2,0,0,0,0,0,0,0,0,0,0,0,0,0,0,0,0,2,1
203471,Dennis Schröder,OKC,202008220OKC,"Aug 22, 2020",HOU,29,23,9,27,44.62,53.78,-9.16,12,14,10,6,4,7,0,0,1,2,0,0,0,0,0,0,0,0,0,0,0,0,0,0
1629647,Darius Bazley,OKC,202008220OKC,"Aug 22, 2020",HOU,3,2,0,2,60.0,75.0,-15.0,1,0,1,3,0,0,0,0,0,0,0,0,0,0,0,0,0,0,0,0,0,0,0,0
201572,Brook Lopez,MIL,202008220ORL,"Aug 22, 2020",ORL,16,10,0,10,66.67,80.0,-13.33,6,10,4,6,0,0,0,0,0,0,0,0,0,0,0,0,0,0,0,0,0,0,0,0
1629109,Gary Clark,ORL,202008220ORL,"Aug 22, 2020",MIL,6,4,0,4,50.0,75.0,-25.0,0,0,4,6,0,0,0,0,0,0,0,0,0,0,0,0,0,0,0,0,0,0,0,0
202696,Nikola Vučević,ORL,202008220ORL,"Aug 22, 2020",MIL,20,19,2,20,41.67,50.3,-8.63,11,12,8,6,1,2,0,0,0,0,0,0,0,0,0,0,0,0,0,0,0,0,0,0
202083,Wesley Matthews,MIL,202008220ORL,"Aug 22, 2020",ORL,9,6,0,6,50.0,75.0,-25.0,0,0,6,9,0,0,0,0,0,0,0,0,0,0,0,0,0,0,0,0,0,0,0,0
1628365,Markelle Fultz,ORL,202008220ORL,"Aug 22, 2020",MIL,5,9,0,9,25.0,27.78,-2.78,7,2,2,3,0,0,0,0,0,0,0,0,0,0,0,0,0,0,0,0,0,0,0,0
203507,Giannis Antetokounmpo,MIL,202008220ORL,"Aug 22, 2020",ORL,35,14,12,19,81.4,90.77,-9.37,9,16,3,6,5,7,0,0,2,6,0,0,0,0,0,0,0,0,0,0,0,0,0,0
203095,Evan Fournier,ORL,202008220ORL,"Aug 22, 2020",MIL,13,10,3,12,44.83,57.42,-12.59,4,4,6,6,0,0,0,0,0,0,0,0,1,1,0,0,0,0,0,0,0,0,1,2
202339,Eric Bledsoe,MIL,202008220ORL,"Aug 22, 2020",ORL,14,9,2,10,60.87,70.85,-9.98,6,6,3,6,1,2,0,0,0,0,0,0,0,0,0,0,0,0,0,0,0,0,0,0
203114,Khris Middleton,MIL,202008220ORL,"Aug 22, 2020",ORL,17,17,1,17,40.48,48.74,-8.26,9,6,7,9,0,0,0,0,1,2,0,0,0,0,0,0,0,0,0,0,0,0,0,0
203516,James Ennis III,ORL,202008220ORL,"Aug 22, 2020",MIL,1,2,2,3,16.67,17.36,-0.69,2,0,0,0,1,1,0,0,0,0,0,0,0,0,0,0,0,0,0,0,0,0,0,0
101107,Marvin Williams,MIL,202008220ORL,"Aug 22, 2020",ORL,0,1,0,1,0.0,0.0,0.0,1,0,0,0,0,0,0,0,0,0,0,0,0,0,0,0,0,0,0,0,0,0,0,0
203920,Khem Birch,ORL,202008220ORL,"Aug 22, 2020",MIL,6,5,2,6,50.0,51.02,-1.02,5,4,0,0,1,2,0,0,0,0,0,0,0,0,0,0,0,0,0,0,0,0,0,0
1628978,Donte DiVincenzo,MIL,202008220ORL,"Aug 22, 2020",ORL,6,6,0,6,42.86,50.0,-7.14,4,6,2,0,0,0,0,0,0,0,0,0,0,0,0,0,0,0,0,0,0,0,0,0
201588,George Hill,MIL,202008220ORL,"Aug 22, 2020",ORL,8,6,2,7,47.06,58.14,-11.08,3,4,3,3,1,1,0,0,0,0,0,0,0,0,0,0,0,0,0,0,0,0,0,0
1628411,Wes Iwundu,ORL,202008220ORL,"Aug 22, 2020",MIL,6,7,0,7,35.29,42.86,-7.57,4,0,3,6,0,0,0,0,0,0,0,0,0,0,0,0,0,0,0,0,0,0,0,0
203082,Terrence Ross,ORL,202008220ORL,"Aug 22, 2020",MIL,20,13,1,13,58.82,74.4,-15.58,6,8,6,9,0,0,0,0,0,0,1,3,0,0,0,0,0,0,0,0,0,0,0,0
1626192,Pat Connaughton,MIL,202008220ORL,"Aug 22, 2020",ORL,5,2,0,2,100.0,125.0,-25.0,1,2,1,3,0,0,0,0,0,0,0,0,0,0,0,0,0,0,0,0,0,0,0,0
201577,Robin Lopez,MIL,202008220ORL,"Aug 22, 2020",ORL,2,2,0,2,50.0,50.0,0.0,2,2,0,0,0,0,0,0,0,0,0,0,0,0,0,0,0,0,0,0,0,0,0,0
201571,D.J. Augustin,ORL,202008220ORL,"Aug 22, 2020",MIL,24,12,4,14,68.57,87.21,-18.64,5,8,7,12,2,4,0,0,0,0,0,0,0,0,0,0,0,0,0,0,0,0,0,0
2594,Kyle Korver,MIL,202008220ORL,"Aug 22, 2020",ORL,9,8,0,8,39.13,56.25,-17.12,1,0,7,9,0,0,0,0,0,0,0,0,0,0,0,0,0,0,0,0,0,0,0,0
1628425,Sterling Brown,MIL,202008220ORL,"Aug 22, 2020",ORL,0,1,0,1,0.0,0.0,0.0,0,0,1,0,0,0,0,0,0,0,0,0,0,0,0,0,0,0,0,0,0,0,0,0
1629168,BJ Johnson,ORL,202008220ORL,"Aug 22, 2020",MIL,3,2,0,2,60.0,75.0,-15.0,1,0,1,3,0,0,0,0,0,0,0,0,0,0,0,0,0,0,0,0,0,0,0,0
1629724,Vic Law,ORL,202008220ORL,"Aug 22, 2020",MIL,3,1,0,1,100.0,150.0,-50.0,0,0,1,3,0,0,0,0,0,0,0,0,0,0,0,0,0,0,0,0,0,0,0,0
203468,CJ McCollum,POR,202008220POR,"Aug 22, 2020",LAL,28,25,0,25,45.16,56.0,-10.84,13,16,12,12,0,0,0,0,0,0,0,0,0,0,0,0,0,0,0,0,0,0,0,0
203076,Anthony Davis,LAL,202008220POR,"Aug 22, 2020",POR,29,18,14,24,55.77,60.02,-4.25,15,20,2,0,4,3,1,1,1,3,0,0,0,0,0,0,0,0,0,0,0,0,1,2
2544,LeBron James,LAL,202008220POR,"Aug 22, 2020",POR,38,18,17,25,62.3,74.57,-12.27,8,10,8,12,4,3,1,3,2,6,0,0,0,0,0,0,0,0,0,0,0,0,2,4
202355,Hassan Whiteside,POR,202008220POR,"Aug 22, 2020",LAL,8,5,2,6,66.67,68.03,-1.36,5,6,0,0,1,2,0,0,0,0,0,0,0,0,0,0,0,0,0,0,0,0,0,0
2546,Carmelo Anthony,POR,202008220POR,"Aug 22, 2020",LAL,20,20,0,20,46.51,50.0,-3.49,17,14,3,6,0,0,0,0,0,0,0,0,0,0,0,0,0,0,0,0,0,0,0,0
201980,Danny Green,LAL,202008220POR,"Aug 22, 2020",POR,8,8,0,8,40.0,50.0,-10.0,4,2,4,6,0,0,0,0,0,0,0,0,0,0,0,0,0,0,0,0,0,0,0,0
203994,Jusuf Nurkić,POR,202008220POR,"Aug 22, 2020",LAL,10,10,2,11,43.48,45.96,-2.48,9,8,1,0,1,2,0,0,0,0,0,0,0,0,0,0,0,0,0,0,0,0,0,0
203081,Damian Lillard,POR,202008220POR,"Aug 22, 2020",LAL,34,20,14,25,52.31,64.98,-12.67,8,4,11,15,2,4,3,8,1,3,0,0,0,0,0,0,0,0,0,0,0,0,0,0
203484,Kentavious Caldwell-Pope,LAL,202008220POR,"Aug 22, 2020",POR,13,13,2,14,36.11,46.83,-10.72,5,2,8,9,0,0,0,0,0,0,0,0,0,0,0,0,0,0,0,0,0,0,1,2
201580,JaVale McGee,LAL,202008220POR,"Aug 22, 2020",POR,4,2,0,2,100.0,100.0,0.0,2,4,0,0,0,0,0,0,0,0,0,0,0,0,0,0,0,0,0,0,0,0,0,0
1627936,Alex Caruso,LAL,202008220POR,"Aug 22, 2020",POR,10,5,4,7,62.5,73.96,-11.46,3,4,2,3,0,0,0,0,0,0,0,0,0,0,0,0,0,0,0,0,0,0,2,3
1628398,Kyle Kuzma,LAL,202008220POR,"Aug 22, 2020",POR,7,6,4,8,36.84,45.1,-8.26,3,4,3,0,2,3,0,0,0,0,0,0,0,0,0,0,0,0,0,0,0,0,0,0
1626209,Mario Hezonja,POR,202008220POR,"Aug 22, 2020",LAL,2,5,0,5,16.67,20.0,-3.33,3,2,2,0,0,0,0,0,0,0,0,0,0,0,0,0,0,0,0,0,0,0,0,0
1629018,Gary Trent Jr.,POR,202008220POR,"Aug 22, 2020",LAL,6,6,1,6,37.5,46.58,-9.08,2,0,3,3,0,0,0,0,1,3,0,0,0,0,0,0,0,0,0,0,0,0,0,0
202693,Markieff Morris,LAL,202008220POR,"Aug 22, 2020",POR,2,2,0,2,40.0,50.0,-10.0,1,2,1,0,0,0,0,0,0,0,0,0,0,0,0,0,0,0,0,0,0,0,0,0
1629014,Anfernee Simons,POR,202008220POR,"Aug 22, 2020",LAL,0,4,0,4,0.0,0.0,0.0,1,0,3,0,0,0,0,0,0,0,0,0,0,0,0,0,0,0,0,0,0,0,0,0
2747,JR Smith,LAL,202008220POR,"Aug 22, 2020",POR,0,3,0,3,0.0,0.0,0.0,1,0,2,0,0,0,0,0,0,0,0,0,0,0,0,0,0,0,0,0,0,0,0,0
2730,Dwight Howard,LAL,202008220POR,"Aug 22, 2020",POR,5,3,2,4,62.5,64.43,-1.93,3,4,0,0,1,1,0,0,0,0,0,0,0,0,0,0,0,0,0,0,0,0,0,0
202066,Garrett Temple,BKN,202008230BRK,"Aug 23, 2020",TOR,10,9,1,9,40.0,52.97,-12.97,2,2,6,6,0,0,0,0,1,2,0,0,0,0,0,0,0,0,0,0,0,0,0,0
200768,Kyle Lowry,TOR,202008230BRK,"Aug 23, 2020",BKN,2,3,0,3,25.0,33.33,-8.33,1,2,2,0,0,0,0,0,0,0,0,0,0,0,0,0,0,0,0,0,0,0,0,0
1628384,OG Anunoby,TOR,202008230BRK,"Aug 23, 2020",BKN,10,7,4,9,47.62,57.08,-9.46,4,4,3,3,2,3,0,0,0,0,0,0,0,0,0,0,0,0,0,0,0,0,0,0
1627747,Caris LeVert,BKN,202008230BRK,"Aug 23, 2020",TOR,35,23,10,27,53.85,63.87,-10.02,12,6,9,18,2,3,0,0,2,5,0,0,0,0,0,0,0,0,0,0,0,0,2,3
1627783,Pascal Siakam,TOR,202008230BRK,"Aug 23, 2020",BKN,20,22,2,23,37.74,43.71,-5.97,15,16,7,3,1,1,0,0,0,0,0,0,0,0,0,0,0,0,0,0,0,0,0,0
1627789,Timothe Luwawu-Cabarrot,TOR,202008230BRK,"Aug 23, 2020",BKN,11,12,5,14,28.95,38.73,-9.78,3,0,9,6,0,0,1,3,0,0,0,0,0,0,0,0,0,0,0,0,0,0,1,2
201188,Marc Gasol,TOR,202008230BRK,"Aug 23, 2020",BKN,9,4,3,5,69.23,84.59,-15.36,1,2,2,3,0,0,0,0,1,2,0,0,0,0,0,0,0,0,0,0,0,0,1,2
1628386,Jarrett Allen,TOR,202008230BRK,"Aug 23, 2020",BKN,8,5,2,6,66.67,68.03,-1.36,5,6,0,0,0,0,0,0,0,0,0,0,0,0,0,0,0,0,0,0,0,0,1,2
204020,Tyler Johnson,BKN,202008230BRK,"Aug 23, 2020",TOR,13,13,0,13,38.24,50.0,-11.76,5,4,8,9,0,0,0,0,0,0,0,0,0,0,0,0,0,0,0,0,0,0,0,0
1627832,Fred VanVleet,TOR,202008230BRK,"Aug 23, 2020",BKN,9,5,4,7,52.94,66.57,-13.63,2,0,3,6,2,3,0,0,0,0,0,0,0,0,0,0,0,0,0,0,0,0,0,0
1626181,Norman Powell,TOR,202008230BRK,"Aug 23, 2020",BKN,29,14,6,17,67.44,87.14,-19.7,5,8,9,15,2,4,0,0,0,0,0,0,0,0,0,0,0,0,0,0,0,0,1,2
1629185,Chris Chiozza,BKN,202008230BRK,"Aug 23, 2020",TOR,6,9,0,9,24.0,33.33,-9.33,2,0,7,6,0,0,0,0,0,0,0,0,0,0,0,0,0,0,0,0,0,0,0,0
201586,Serge Ibaka,TOR,202008230BRK,"Aug 23, 2020",BKN,27,14,0,14,87.1,96.43,-9.33,11,18,3,9,0,0,0,0,0,0,0,0,0,0,0,0,0,0,0,0,0,0,0,0
1629058,Dzanan Musa,BKN,202008230BRK,"Aug 23, 2020",TOR,12,7,10,11,44.44,52.63,-8.19,2,0,3,0,0,0,0,0,2,6,0,0,0,0,1,0,0,0,0,0,0,0,3,6
1629056,Terence Davis,TOR,202008230BRK,"Aug 23, 2020",BKN,14,10,0,10,50.0,70.0,-20.0,2,2,8,12,0,0,0,0,0,0,0,0,0,0,0,0,0,0,0,0,0,0,0,0
1629744,Matt Thomas,TOR,202008230BRK,"Aug 23, 2020",BKN,12,6,0,6,80.0,100.0,-20.0,3,6,3,6,0,0,0,0,0,0,0,0,0,0,0,0,0,0,0,0,0,0,0,0
1629066,Rodions Kurucs,BKN,202008230BRK,"Aug 23, 2020",TOR,8,7,2,8,44.44,50.76,-6.32,5,8,2,0,1,0,0,0,0,0,0,0,0,0,0,0,0,0,0,0,0,0,0,0
1629725,Jeremiah Martin,BKN,202008230BRK,"Aug 23, 2020",TOR,4,4,1,4,40.0,45.05,-5.05,3,0,0,0,0,0,0,0,0,0,1,4,0,0,0,0,0,0,0,0,0,0,0,0
1626169,Stanley Johnson,TOR,202008230BRK,"Aug 23, 2020",BKN,9,7,1,7,47.37,60.48,-13.11,2,0,4,6,0,0,0,0,1,3,0,0,0,0,0,0,0,0,0,0,0,0,0,0
1626178,Rondae Hollis-Jefferson,BKN,202008230BRK,"Aug 23, 2020",TOR,4,5,2,6,30.77,34.01,-3.24,4,4,1,0,1,0,0,0,0,0,0,0,0,0,0,0,0,0,0,0,0,0,0,0
1628449,Chris Boucher,TOR,202008230BRK,"Aug 23, 2020",BKN,3,3,0,3,37.5,50.0,-12.5,1,0,2,3,0,0,0,0,0,0,0,0,0,0,0,0,0,0,0,0,0,0,0,0
1626147,Justin Anderson,BKN,202008230BRK,"Aug 23, 2020",TOR,9,6,0,6,52.94,75.0,-22.06,1,0,5,9,0,0,0,0,0,0,0,0,0,0,0,0,0,0,0,0,0,0,0,0
202498,Lance Thomas,BKN,202008230BRK,"Aug 23, 2020",TOR,4,2,2,3,66.67,69.44,-2.77,2,2,0,0,1,2,0,0,0,0,0,0,0,0,0,0,0,0,0,0,0,0,0,0
1628778,Paul Watson,TOR,202008230BRK,"Aug 23, 2020",BKN,2,1,0,1,100.0,100.0,0.0,1,2,0,0,0,0,0,0,0,0,0,0,0,0,0,0,0,0,0,0,0,0,0,0
1629743,Donta Hall,BKN,202008230BRK,"Aug 23, 2020",TOR,2,1,0,1,100.0,100.0,0.0,1,2,0,0,0,0,0,0,0,0,0,0,0,0,0,0,0,0,0,0,0,0,0,0
202694,Marcus Morris Sr.,LAC,202008230DAL,"Aug 23, 2020",DAL,9,9,2,10,37.5,45.55,-8.05,5,4,4,3,0,0,0,0,0,0,0,0,0,0,0,0,0,0,0,0,0,0,1,2
1628467,Maxi Kleber,DAL,202008230DAL,"Aug 23, 2020",LAC,7,8,4,10,28.0,35.86,-7.86,3,4,5,0,1,2,0,0,0,0,0,0,0,0,0,0,0,0,0,0,0,0,1,1
203504,Trey Burke,DAL,202008230DAL,"Aug 23, 2020",LAC,25,14,2,15,71.43,84.01,-12.58,9,12,5,12,1,1,0,0,0,0,0,0,0,0,0,0,0,0,0,0,0,0,0,0
202331,Paul George,LAC,202008230DAL,"Aug 23, 2020",DAL,9,14,2,15,24.32,30.24,-5.92,7,4,7,3,1,2,0,0,0,0,0,0,0,0,0,0,0,0,0,0,0,0,0,0
1629029,Luka Dončić,DAL,202008230DAL,"Aug 23, 2020",LAC,43,31,5,32,55.84,64.76,-8.92,18,22,10,12,0,0,0,0,3,8,0,0,0,0,0,0,0,0,0,0,0,0,1,1
1629013,Landry Shamet,LAC,202008230DAL,"Aug 23, 2020",DAL,8,8,0,8,36.36,50.0,-13.64,2,2,6,6,0,0,0,0,0,0,0,0,0,0,0,0,0,0,0,0,0,0,0,0
1627826,Ivica Zubac,LAC,202008230DAL,"Aug 23, 2020",DAL,15,9,5,11,65.22,66.96,-1.74,8,8,0,0,2,4,0,0,1,3,0,0,0,0,0,0,0,0,0,0,0,0,0,0
203501,Tim Hardaway Jr.,DAL,202008230DAL,"Aug 23, 2020",LAC,21,18,3,19,44.68,54.35,-9.67,10,10,8,9,0,0,1,2,0,0,0,0,0,0,0,0,0,0,0,0,0,0,0,0
202695,Kawhi Leonard,LAC,202008230DAL,"Aug 23, 2020",DAL,32,22,10,27,50.79,60.61,-9.82,12,12,9,9,2,4,0,0,1,2,0,0,1,1,0,0,0,0,0,0,0,0,2,4
1627827,Dorian Finney-Smith,DAL,202008230DAL,"Aug 23, 2020",LAC,8,9,0,9,34.78,44.44,-9.66,4,2,5,6,0,0,0,0,0,0,0,0,0,0,0,0,0,0,0,0,0,0,0,0
203552,Seth Curry,DAL,202008230DAL,"Aug 23, 2020",LAC,15,9,3,10,68.18,72.67,-4.49,7,10,1,0,1,2,0,0,1,3,0,0,0,0,0,0,0,0,0,0,0,0,0,0
203077,Michael Kidd-Gilchrist,DAL,202008230DAL,"Aug 23, 2020",LAC,3,3,4,5,25.0,31.51,-6.51,1,0,2,0,2,3,0,0,0,0,0,0,0,0,0,0,0,0,0,0,0,0,0,0
1626149,Montrezl Harrell,LAC,202008230DAL,"Aug 23, 2020",DAL,2,2,0,2,50.0,50.0,0.0,2,2,0,0,0,0,0,0,0,0,0,0,0,0,0,0,0,0,0,0,0,0,0,0
101150,Lou Williams,LAC,202008230DAL,"Aug 23, 2020",DAL,36,20,9,23,67.92,75.13,-7.21,14,18,4,6,2,4,1,2,2,6,0,0,0,0,0,0,0,0,0,0,0,0,0,0
1626246,Boban Marjanovic,DAL,202008230DAL,"Aug 23, 2020",LAC,10,9,0,9,55.56,55.56,0.0,9,10,0,0,0,0,0,0,0,0,0,0,0,0,0,0,0,0,0,0,0,0,0,0
202704,Reggie Jackson,LAC,202008230DAL,"Aug 23, 2020",DAL,14,9,0,9,56.0,77.78,-21.78,2,2,7,12,0,0,0,0,0,0,0,0,0,0,0,0,0,0,0,0,0,0,0,0
203210,JaMychal Green,LAC,202008230DAL,"Aug 23, 2020",DAL,8,4,4,6,61.54,69.44,-7.9,3,2,1,3,2,3,0,0,0,0,0,0,0,0,0,0,0,0,0,0,0,0,0,0
200826,J.J. Barea,DAL,202008230DAL,"Aug 23, 2020",LAC,3,1,3,3,60.0,64.66,-4.66,1,0,0,0,1,2,0,0,0,0,0,0,1,1,0,0,0,0,0,0,0,0,0,0
1628382,Justin Jackson,DAL,202008230DAL,"Aug 23, 2020",LAC,0,2,0,2,0.0,0.0,0.0,2,0,0,0,0,0,0,0,0,0,0,0,0,0,0,0,0,0,0,0,0,0,0,0
202689,Kemba Walker,PHI,202008230PHI,"Aug 23, 2020",BOS,32,15,13,23,61.54,77.22,-15.68,6,8,9,12,3,6,0,0,0,0,0,0,3,3,0,0,0,0,0,0,1,1,1,2
1629003,Shake Milton,PHI,202008230PHI,"Aug 23, 2020",BOS,14,11,2,12,46.67,58.92,-12.25,5,6,6,6,1,2,0,0,0,0,0,0,0,0,0,0,0,0,0,0,0,0,0,0
1628464,Daniel Theis,BOS,202008230PHI,"Aug 23, 2020",PHI,15,12,1,12,50.0,60.29,-10.29,6,6,5,6,0,0,0,0,1,3,0,0,0,0,0,0,0,0,0,0,0,0,0,0
1626196,Josh Richardson,PHI,202008230PHI,"Aug 23, 2020",BOS,14,10,9,15,41.18,50.14,-8.96,5,0,5,6,1,2,0,0,0,0,0,0,1,1,0,0,0,0,0,0,0,0,3,5
202683,Enes Freedom,BOS,202008230PHI,"Aug 23, 2020",PHI,6,6,0,6,50.0,50.0,0.0,6,6,0,0,0,0,0,0,0,0,0,0,0,0,0,0,0,0,0,0,0,0,0,0
1627759,Jaylen Brown,BOS,202008230PHI,"Aug 23, 2020",PHI,16,15,3,16,38.1,49.02,-10.92,5,6,9,6,1,2,0,0,1,2,0,0,0,0,0,0,0,0,0,0,0,0,0,0
202699,Tobias Harris,PHI,202008230PHI,"Aug 23, 2020",BOS,20,12,4,14,60.61,72.67,-12.06,7,10,5,6,2,4,0,0,0,0,0,0,0,0,0,0,0,0,0,0,0,0,0,0
203954,Joel Embiid,PHI,202008230PHI,"Aug 23, 2020",BOS,30,18,18,27,50.85,57.87,-7.02,13,14,5,3,6,9,0,0,0,0,0,0,0,0,0,0,0,0,0,0,0,0,3,4
203935,Marcus Smart,BOS,202008230PHI,"Aug 23, 2020",PHI,8,6,2,7,50.0,58.14,-8.14,4,4,2,3,1,1,0,0,0,0,0,0,0,0,0,0,0,0,0,0,0,0,0,0
1628369,Jayson Tatum,BOS,202008230PHI,"Aug 23, 2020",PHI,28,18,10,23,54.9,62.5,-7.6,12,14,5,6,3,4,0,0,1,2,0,0,2,2,0,0,0,0,0,0,0,0,0,0
201143,Al Horford,PHI,202008230PHI,"Aug 23, 2020",BOS,12,10,1,10,54.55,57.47,-2.92,8,10,1,0,0,0,0,0,1,2,0,0,0,0,0,0,0,0,0,0,0,0,0,0
202954,Brad Wanamaker,BOS,202008230PHI,"Aug 23, 2020",PHI,2,6,0,6,15.38,16.67,-1.29,5,2,1,0,0,0,0,0,0,0,0,0,0,0,0,0,0,0,0,0,0,0,0,0
1629684,Grant Williams,BOS,202008230PHI,"Aug 23, 2020",PHI,3,1,0,1,100.0,150.0,-50.0,0,0,1,3,0,0,0,0,0,0,0,0,0,0,0,0,0,0,0,0,0,0,0,0
202692,Alec Burks,PHI,202008230PHI,"Aug 23, 2020",BOS,13,16,0,16,32.5,40.62,-8.12,8,10,8,3,0,0,0,0,0,0,0,0,0,0,0,0,0,0,0,0,0,0,0,0
1628400,Semi Ojeleye,BOS,202008230PHI,"Aug 23, 2020",PHI,0,3,0,3,0.0,0.0,0.0,0,0,3,0,0,0,0,0,0,0,0,0,0,0,0,0,0,0,0,0,0,0,0,0
1629680,Matisse Thybulle,PHI,202008230PHI,"Aug 23, 2020",BOS,0,1,0,1,0.0,0.0,0.0,0,0,1,0,0,0,0,0,0,0,0,0,0,0,0,0,0,0,0,0,0,0,0,0
203526,Raul Neto,PHI,202008230PHI,"Aug 23, 2020",BOS,3,4,0,4,27.27,37.5,-10.23,1,0,3,3,0,0,0,0,0,0,0,0,0,0,0,0,0,0,0,0,0,0,0,0
201144,Mike Conley,UTA,202008230UTA,"Aug 23, 2020",DEN,26,13,6,16,65.0,83.12,-18.12,5,8,8,12,2,4,0,0,0,0,0,0,0,0,0,0,0,0,0,0,0,0,1,2
1628420,Monte Morris,DEN,202008230UTA,"Aug 23, 2020",UTA,7,10,2,11,26.92,32.17,-5.25,6,6,4,0,1,1,0,0,0,0,0,0,0,0,0,0,0,0,0,0,0,0,0,0
200794,Paul Millsap,DEN,202008230UTA,"Aug 23, 2020",UTA,16,13,2,14,47.06,57.64,-10.58,7,8,6,6,1,2,0,0,0,0,0,0,0,0,0,0,0,0,0,0,0,0,0,0
1627750,Jamal Murray,DEN,202008230UTA,"Aug 23, 2020",UTA,50,31,5,33,60.98,75.3,-14.32,15,16,15,27,1,2,0,0,1,3,0,0,0,0,0,0,0,0,0,0,0,0,1,2
203999,Nikola Jokić,DEN,202008230UTA,"Aug 23, 2020",UTA,29,24,2,25,48.33,58.28,-9.95,14,18,10,9,0,0,0,0,0,0,0,0,0,0,0,0,0,0,0,0,0,0,1,2
1626220,Royce O'Neale,UTA,202008230UTA,"Aug 23, 2020",DEN,4,3,2,4,40.0,51.55,-11.55,1,0,2,3,1,1,0,0,0,0,0,0,0,0,0,0,0,0,0,0,0,0,0,0
203497,Rudy Gobert,UTA,202008230UTA,"Aug 23, 2020",DEN,17,8,4,10,85.0,87.09,-2.09,8,14,0,0,1,1,0,0,0,0,0,0,0,0,0,0,0,0,0,0,0,0,1,2
1628378,Donovan Mitchell,UTA,202008230UTA,"Aug 23, 2020",DEN,49,27,16,35,63.64,71.97,-8.33,20,22,7,12,4,8,0,0,0,0,0,0,0,0,0,0,0,0,0,0,0,0,4,7
203924,Jerami Grant,DEN,202008230UTA,"Aug 23, 2020",UTA,12,8,2,9,54.55,67.57,-13.02,4,4,4,6,0,0,0,0,0,0,0,0,0,0,0,0,0,0,0,0,0,0,1,2
203903,Jordan Clarkson,UTA,202008230UTA,"Aug 23, 2020",DEN,24,13,2,13,68.57,86.46,-17.89,4,6,7,12,0,0,0,0,2,6,0,0,0,0,0,0,0,0,0,0,0,0,0,0
204060,Joe Ingles,UTA,202008230UTA,"Aug 23, 2020",DEN,0,4,0,4,0.0,0.0,0.0,1,0,3,0,0,0,0,0,0,0,0,0,0,0,0,0,0,0,0,0,0,0,0,0
1628470,Torrey Craig,DEN,202008230UTA,"Aug 23, 2020",UTA,2,4,0,4,20.0,25.0,-5.0,2,2,2,0,0,0,0,0,0,0,0,0,0,0,0,0,0,0,0,0,0,0,0,0
1629008,Michael Porter Jr.,DEN,202008230UTA,"Aug 23, 2020",UTA,9,8,0,8,47.37,56.25,-8.88,5,6,3,3,0,0,0,0,0,0,0,0,0,0,0,0,0,0,0,0,0,0,0,0
1627777,Georges Niang,UTA,202008230UTA,"Aug 23, 2020",DEN,5,4,0,4,50.0,62.5,-12.5,2,2,2,3,0,0,0,0,0,0,0,0,0,0,0,0,0,0,0,0,0,0,0,0
203486,Mason Plumlee,DEN,202008230UTA,"Aug 23, 2020",UTA,2,2,0,2,50.0,50.0,0.0,2,2,0,0,0,0,0,0,0,0,0,0,0,0,0,0,0,0,0,0,0,0,0,0
1628396,Tony Bradley,UTA,202008230UTA,"Aug 23, 2020",DEN,2,1,4,3,33.33,36.23,-2.9,1,0,0,0,2,2,0,0,0,0,0,0,0,0,0,0,0,0,0,0,0,0,0,0
203506,Victor Oladipo,IND,202008240MIA,"Aug 24, 2020",MIA,25,19,2,20,49.02,62.88,-13.86,8,8,11,15,1,2,0,0,0,0,0,0,0,0,0,0,0,0,0,0,0,0,0,0
203109,Jae Crowder,MIA,202008240MIA,"Aug 24, 2020",IND,10,9,0,9,43.48,55.56,-12.08,4,4,5,6,0,0,0,0,0,0,0,0,0,0,0,0,0,0,0,0,0,0,0,0
1626167,Myles Turner,IND,202008240MIA,"Aug 24, 2020",MIA,22,16,6,19,50.0,59.01,-9.01,10,14,6,6,3,2,0,0,0,0,0,0,0,0,0,0,0,0,0,0,0,0,0,0
1629130,Duncan Robinson,MIA,202008240MIA,"Aug 24, 2020",IND,5,9,0,9,20.0,27.78,-7.78,2,2,7,3,0,0,0,0,0,0,0,0,0,0,0,0,0,0,0,0,0,0,0,0
202710,Jimmy Butler III,MIA,202008240MIA,"Aug 24, 2020",IND,6,5,2,6,50.0,51.02,-1.02,5,4,0,0,1,2,0,0,0,0,0,0,0,0,0,0,0,0,0,0,0,0,0,0
1627763,Malcolm Brogdon,IND,202008240MIA,"Aug 24, 2020",MIA,13,16,1,16,34.21,39.54,-5.33,11,6,4,3,0,0,0,0,0,0,1,4,0,0,0,0,0,0,0,0,0,0,0,0
201609,Goran Dragic,MIA,202008240MIA,"Aug 24, 2020",IND,23,21,4,23,44.23,50.53,-6.3,15,18,6,3,0,0,0,0,0,0,0,0,0,0,0,0,0,0,0,0,0,0,2,2
203933,T.J. Warren,IND,202008240MIA,"Aug 24, 2020",MIA,21,17,2,17,50.0,58.72,-8.72,10,8,5,6,0,0,0,0,1,3,1,4,0,0,0,0,0,0,0,0,0,0,0,0
1628389,Bam Adebayo,MIA,202008240MIA,"Aug 24, 2020",IND,14,16,2,17,41.18,41.47,-0.29,16,12,0,0,1,2,0,0,0,0,0,0,0,0,0,0,0,0,0,0,0,0,0,0
203200,Justin Holiday,IND,202008240MIA,"Aug 24, 2020",MIA,3,5,0,5,21.43,30.0,-8.57,1,0,4,3,0,0,0,0,0,0,0,0,0,0,0,0,0,0,0,0,0,0,0,0
2738,Andre Iguodala,MIA,202008240MIA,"Aug 24, 2020",IND,5,2,2,3,62.5,86.81,-24.31,0,0,2,3,0,0,0,0,0,0,0,0,0,0,0,0,0,0,0,0,0,0,1,2
203960,JaKarr Sampson,IND,202008240MIA,"Aug 24, 2020",MIA,0,1,0,1,0.0,0.0,0.0,1,0,0,0,0,0,0,0,0,0,0,0,0,0,0,0,0,0,0,0,0,0,0,0
1629639,Tyler Herro,MIA,202008240MIA,"Aug 24, 2020",IND,16,13,2,14,51.61,57.64,-6.03,10,12,3,3,0,0,0,0,0,0,0,0,0,0,0,0,0,0,0,0,0,0,1,1
1628988,Aaron Holiday,IND,202008240MIA,"Aug 24, 2020",MIA,0,2,0,2,0.0,0.0,0.0,0,0,2,0,0,0,0,0,0,0,0,0,0,0,0,0,0,0,0,0,0,0,0,0
1627884,Derrick Jones Jr.,MIA,202008240MIA,"Aug 24, 2020",IND,2,2,0,2,50.0,50.0,0.0,2,2,0,0,0,0,0,0,0,0,0,0,0,0,0,0,0,0,0,0,0,0,0,0
203482,Kelly Olynyk,MIA,202008240MIA,"Aug 24, 2020",IND,11,9,0,9,50.0,61.11,-11.11,5,8,4,3,0,0,0,0,0,0,0,0,0,0,0,0,0,0,0,0,0,0,0,0
203926,Doug McDermott,IND,202008240MIA,"Aug 24, 2020",MIA,3,4,0,4,27.27,37.5,-10.23,1,0,3,3,0,0,0,0,0,0,0,0,0,0,0,0,0,0,0,0,0,0,0,0
1629134,Kendrick Nunn,MIA,202008240MIA,"Aug 24, 2020",IND,7,5,2,6,46.67,59.52,-12.85,2,2,3,3,1,2,0,0,0,0,0,0,0,0,0,0,0,0,0,0,0,0,0,0
201568,Danilo Gallinari,OKC,202008240OKC,"Aug 24, 2020",HOU,9,10,2,11,36.0,41.36,-5.36,7,4,3,3,1,2,0,0,0,0,0,0,0,0,0,0,0,0,0,0,0,0,0,0
1628983,Shai Gilgeous-Alexander,HOU,202008240OKC,"Aug 24, 2020",OKC,18,17,2,18,43.9,50.34,-6.44,12,10,5,6,1,2,0,0,0,0,0,0,0,0,0,0,0,0,0,0,0,0,0,0
201569,Eric Gordon,HOU,202008240OKC,"Aug 24, 2020",OKC,23,15,4,17,54.76,68.62,-13.86,7,10,8,9,0,0,1,3,0,0,0,0,1,1,0,0,0,0,0,0,0,0,0,0
1627863,Danuel House Jr.,OKC,202008240OKC,"Aug 24, 2020",HOU,21,15,1,15,51.22,68.01,-16.79,4,6,10,12,0,0,0,0,1,3,0,0,0,0,0,0,0,0,0,0,0,0,0,0
203500,Steven Adams,OKC,202008240OKC,"Aug 24, 2020",HOU,12,5,6,8,75.0,78.53,-3.53,5,8,0,0,2,2,0,0,0,0,0,0,0,0,0,0,0,0,0,0,0,0,1,2
200782,P.J. Tucker,HOU,202008240OKC,"Aug 24, 2020",OKC,11,10,0,10,39.29,55.0,-15.71,2,2,8,9,0,0,0,0,0,0,0,0,0,0,0,0,0,0,0,0,0,0,0,0
1629652,Luguentz Dort,OKC,202008240OKC,"Aug 24, 2020",HOU,9,10,2,11,29.03,41.36,-12.33,1,0,9,9,1,0,0,0,0,0,0,0,0,0,0,0,0,0,0,0,0,0,0,0
203496,Robert Covington,HOU,202008240OKC,"Aug 24, 2020",OKC,14,11,0,11,46.67,63.64,-16.97,3,2,8,12,0,0,0,0,0,0,0,0,0,0,0,0,0,0,0,0,0,0,0,0
201935,James Harden,HOU,202008240OKC,"Aug 24, 2020",OKC,32,25,5,27,45.71,58.82,-13.11,10,10,15,18,1,2,1,2,0,0,0,0,0,0,0,0,0,0,0,0,0,0,0,0
203463,Ben McLemore,HOU,202008240OKC,"Aug 24, 2020",OKC,3,3,0,3,37.5,50.0,-12.5,1,0,2,3,0,0,0,0,0,0,0,0,0,0,0,0,0,0,0,0,0,0,0,0
101108,Chris Paul,OKC,202008240OKC,"Aug 24, 2020",HOU,26,19,6,21,53.06,60.07,-7.01,12,16,5,0,0,0,0,0,2,6,0,0,0,0,0,0,0,0,0,0,0,0,2,4
201145,Jeff Green,HOU,202008240OKC,"Aug 24, 2020",OKC,10,10,0,10,38.46,50.0,-11.54,4,4,6,6,0,0,0,0,0,0,0,0,0,0,0,0,0,0,0,0,0,0,0,0
203471,Dennis Schröder,OKC,202008240OKC,"Aug 24, 2020",HOU,30,16,7,19,65.22,78.62,-13.4,8,10,7,12,1,1,0,0,1,3,0,0,0,0,1,2,0,0,0,0,0,0,1,2
203457,Nerlens Noel,OKC,202008240OKC,"Aug 24, 2020",HOU,6,3,3,5,66.67,69.44,-2.77,3,4,0,0,1,1,0,0,0,0,0,0,0,0,0,0,0,0,0,0,0,0,1,1
203085,Austin Rivers,HOU,202008240OKC,"Aug 24, 2020",OKC,0,2,0,2,0.0,0.0,0.0,1,0,1,0,0,0,0,0,0,0,0,0,0,0,0,0,0,0,0,0,0,0,0,0
1629647,Darius Bazley,OKC,202008240OKC,"Aug 24, 2020",HOU,7,5,0,5,58.33,70.0,-11.67,3,4,2,3,0,0,0,0,0,0,0,0,0,0,0,0,0,0,0,0,0,0,0,0
1628390,Terrance Ferguson,OKC,202008240OKC,"Aug 24, 2020",HOU,0,1,0,1,0.0,0.0,0.0,0,0,1,0,0,0,0,0,0,0,0,0,0,0,0,0,0,0,0,0,0,0,0,0
203114,Khris Middleton,MIL,202008240ORL,"Aug 24, 2020",ORL,21,19,5,21,42.0,49.53,-7.53,12,6,6,9,1,1,0,0,0,0,1,3,0,0,0,0,0,0,0,0,0,0,1,2
202339,Eric Bledsoe,MIL,202008240ORL,"Aug 24, 2020",ORL,6,11,0,11,25.0,27.27,-2.27,9,6,2,0,0,0,0,0,0,0,0,0,0,0,0,0,0,0,0,0,0,0,0,0
201572,Brook Lopez,MIL,202008240ORL,"Aug 24, 2020",ORL,10,9,0,9,43.48,55.56,-12.08,4,4,5,6,0,0,0,0,0,0,0,0,0,0,0,0,0,0,0,0,0,0,0,0
203516,James Ennis III,ORL,202008240ORL,"Aug 24, 2020",MIL,6,8,2,9,26.09,33.78,-7.69,3,2,5,3,1,1,0,0,0,0,0,0,0,0,0,0,0,0,0,0,0,0,0,0
202696,Nikola Vučević,ORL,202008240ORL,"Aug 24, 2020",MIL,31,20,3,21,58.49,72.7,-14.21,9,8,10,18,1,2,0,0,1,3,0,0,0,0,0,0,0,0,0,0,0,0,0,0
202083,Wesley Matthews,MIL,202008240ORL,"Aug 24, 2020",ORL,12,6,0,6,66.67,100.0,-33.33,0,0,6,12,0,0,0,0,0,0,0,0,0,0,0,0,0,0,0,0,0,0,0,0
1628365,Markelle Fultz,ORL,202008240ORL,"Aug 24, 2020",MIL,15,15,1,15,42.86,48.58,-5.72,10,6,4,6,0,0,0,0,1,3,0,0,0,0,0,0,0,0,0,0,0,0,0,0
1629109,Gary Clark,ORL,202008240ORL,"Aug 24, 2020",MIL,12,8,0,8,50.0,75.0,-25.0,0,0,8,12,0,0,0,0,0,0,0,0,0,0,0,0,0,0,0,0,0,0,0,0
203507,Giannis Antetokounmpo,MIL,202008240ORL,"Aug 24, 2020",ORL,31,21,6,24,58.49,65.57,-7.08,15,24,5,3,1,2,0,0,1,2,0,0,0,0,0,0,0,0,0,0,1,0,1,0
203095,Evan Fournier,ORL,202008240ORL,"Aug 24, 2020",MIL,12,14,3,15,30.0,39.16,-9.16,5,2,9,9,0,0,1,1,0,0,0,0,0,0,0,0,0,0,0,0,0,0,0,0
101107,Marvin Williams,MIL,202008240ORL,"Aug 24, 2020",ORL,8,3,0,3,100.0,133.33,-33.33,1,2,2,6,0,0,0,0,0,0,0,0,0,0,0,0,0,0,0,0,0,0,0,0
203920,Khem Birch,ORL,202008240ORL,"Aug 24, 2020",MIL,5,3,3,4,55.56,57.87,-2.31,2,0,0,0,1,2,0,0,1,3,0,0,0,0,0,0,0,0,0,0,0,0,0,0
1628978,Donte DiVincenzo,MIL,202008240ORL,"Aug 24, 2020",ORL,5,2,4,4,55.56,66.49,-10.93,1,2,1,0,0,0,0,0,0,0,0,0,0,0,0,0,0,0,0,0,0,0,2,3
201588,George Hill,MIL,202008240ORL,"Aug 24, 2020",ORL,9,5,4,7,52.94,66.57,-13.63,2,2,3,3,0,0,0,0,0,0,0,0,0,0,0,0,0,0,0,0,0,0,2,4
101141,Ersan Ilyasova,MIL,202008240ORL,"Aug 24, 2020",ORL,5,4,0,4,45.45,62.5,-17.05,1,2,3,3,0,0,0,0,0,0,0,0,0,0,0,0,0,0,0,0,0,0,0,0
203082,Terrence Ross,ORL,202008240ORL,"Aug 24, 2020",MIL,19,13,6,15,47.5,60.74,-13.24,5,10,8,3,0,0,2,6,0,0,0,0,0,0,0,0,0,0,0,0,0,0,0,0
1626192,Pat Connaughton,MIL,202008240ORL,"Aug 24, 2020",ORL,4,4,0,4,44.44,50.0,-5.56,3,4,1,0,0,0,0,0,0,0,0,0,0,0,0,0,0,0,0,0,0,0,0,0
201571,D.J. Augustin,ORL,202008240ORL,"Aug 24, 2020",MIL,6,6,2,7,40.0,43.6,-3.6,5,2,1,3,1,1,0,0,0,0,0,0,0,0,0,0,0,0,0,0,0,0,0,0
2594,Kyle Korver,MIL,202008240ORL,"Aug 24, 2020",ORL,10,7,2,8,45.45,63.45,-18.0,1,2,6,6,0,0,0,0,0,0,0,0,0,0,0,0,0,0,0,0,0,0,1,2
203484,Kentavious Caldwell-Pope,LAL,202008240POR,"Aug 24, 2020",POR,12,8,1,8,57.14,71.09,-13.95,3,4,4,6,0,0,0,0,1,2,0,0,0,0,0,0,0,0,0,0,0,0,0,0
203994,Jusuf Nurkić,POR,202008240POR,"Aug 24, 2020",LAL,20,10,8,14,68.97,73.96,-4.99,9,14,1,0,3,4,0,0,0,0,0,0,0,0,0,0,0,0,0,0,0,0,1,2
203468,CJ McCollum,POR,202008240POR,"Aug 24, 2020",LAL,18,13,8,17,48.65,54.48,-5.83,10,6,2,3,3,4,0,0,0,0,1,4,1,1,0,0,0,0,0,0,0,0,0,0
2544,LeBron James,LAL,202008240POR,"Aug 24, 2020",POR,30,12,8,16,81.08,96.65,-15.57,7,12,5,12,3,4,0,0,0,0,0,0,0,0,0,0,0,0,0,0,0,0,1,2
201580,JaVale McGee,LAL,202008240POR,"Aug 24, 2020",POR,8,6,0,6,66.67,66.67,0.0,6,8,0,0,0,0,0,0,0,0,0,0,0,0,0,0,0,0,0,0,0,0,0,0
203076,Anthony Davis,LAL,202008240POR,"Aug 24, 2020",POR,18,8,10,13,66.67,72.58,-5.91,6,8,1,0,2,4,0,0,1,3,0,0,1,0,1,2,0,0,0,0,0,0,1,1
2546,Carmelo Anthony,POR,202008240POR,"Aug 24, 2020",LAL,16,15,3,16,41.03,49.02,-7.99,9,10,5,0,1,2,0,0,0,0,1,4,0,0,0,0,0,0,0,0,0,0,0,0
201980,Danny Green,LAL,202008240POR,"Aug 24, 2020",POR,14,8,3,9,60.87,75.11,-14.24,3,2,4,9,1,1,0,0,1,2,0,0,0,0,0,0,0,0,0,0,0,0,0,0
202355,Hassan Whiteside,POR,202008240POR,"Aug 24, 2020",LAL,11,7,2,8,64.71,69.8,-5.09,6,8,1,3,1,0,0,0,0,0,0,0,0,0,0,0,0,0,0,0,0,0,0,0
203081,Damian Lillard,POR,202008240POR,"Aug 24, 2020",LAL,11,9,4,11,45.83,51.12,-5.29,7,4,2,3,2,4,0,0,0,0,0,0,0,0,0,0,0,0,0,0,0,0,0,0
1629018,Gary Trent Jr.,POR,202008240POR,"Aug 24, 2020",LAL,13,11,2,12,43.33,54.71,-11.38,5,2,6,9,0,0,0,0,0,0,0,0,0,0,0,0,0,0,0,0,0,0,1,2
1627936,Alex Caruso,LAL,202008240POR,"Aug 24, 2020",POR,5,7,0,7,27.78,35.71,-7.93,3,2,4,3,0,0,0,0,0,0,0,0,0,0,0,0,0,0,0,0,0,0,0,0
1628398,Kyle Kuzma,LAL,202008240POR,"Aug 24, 2020",POR,18,12,1,13,52.94,72.35,-19.41,3,2,9,15,0,0,0,0,0,0,0,0,1,1,0,0,0,0,0,0,0,0,0,0
202693,Markieff Morris,LAL,202008240POR,"Aug 24, 2020",POR,5,5,0,5,35.71,50.0,-14.29,1,2,4,3,0,0,0,0,0,0,0,0,0,0,0,0,0,0,0,0,0,0,0,0
1626209,Mario Hezonja,POR,202008240POR,"Aug 24, 2020",LAL,11,6,2,7,68.75,79.94,-11.19,4,4,2,6,0,0,0,0,0,0,0,0,0,0,0,0,0,0,0,0,0,0,1,1
1629014,Anfernee Simons,POR,202008240POR,"Aug 24, 2020",LAL,3,8,0,8,15.0,18.75,-3.75,4,0,4,3,0,0,0,0,0,0,0,0,0,0,0,0,0,0,0,0,0,0,0,0
2747,JR Smith,LAL,202008240POR,"Aug 24, 2020",POR,3,5,0,5,20.0,30.0,-10.0,0,0,5,3,0,0,0,0,0,0,0,0,0,0,0,0,0,0,0,0,0,0,0,0
2730,Dwight Howard,POR,202008240POR,"Aug 24, 2020",LAL,13,7,6,10,61.9,67.43,-5.53,6,10,1,0,1,1,0,0,0,0,0,0,0,0,0,0,0,0,0,0,0,0,2,2
203079,Dion Waiters,LAL,202008240POR,"Aug 24, 2020",POR,4,5,0,5,36.36,40.0,-3.64,4,4,1,0,0,0,0,0,0,0,0,0,0,0,0,0,0,0,0,0,0,0,0,0
1629117,Wenyen Gabriel,POR,202008240POR,"Aug 24, 2020",LAL,10,5,2,6,76.92,85.03,-8.11,4,6,1,3,1,1,0,0,0,0,0,0,0,0,0,0,0,0,0,0,0,0,0,0
1626188,Quinn Cook,LAL,202008240POR,"Aug 24, 2020",POR,5,4,1,5,50.0,56.31,-6.31,3,4,1,0,0,0,0,0,0,0,0,0,1,1,0,0,0,0,0,0,0,0,0,0
adamsja01,J. Adams,POR,202008240POR,"Aug 24, 2020",LAL,0,3,0,3,0.0,0.0,0.0,1,0,2,0,0,0,0,0,0,0,0,0,0,0,0,0,0,0,0,0,0,0,0,0
1629658,Jaylen Hoard,POR,202008240POR,"Aug 24, 2020",LAL,2,2,0,2,50.0,50.0,0.0,2,2,0,0,0,0,0,0,0,0,0,0,0,0,0,0,0,0,0,0,0,0,0,0
1627750,Jamal Murray,DEN,202008250DEN,"Aug 25, 2020",UTA,42,26,4,28,65.62,75.65,-10.03,18,26,8,12,2,4,0,0,0,0,0,0,0,0,0,0,0,0,0,0,0,0,0,0
204060,Joe Ingles,UTA,202008250DEN,"Aug 25, 2020",DEN,13,8,0,8,59.09,81.25,-22.16,2,4,6,9,0,0,0,0,0,0,0,0,0,0,0,0,0,0,0,0,0,0,0,0
203497,Rudy Gobert,UTA,202008250DEN,"Aug 25, 2020",DEN,11,9,4,11,50.0,51.12,-1.12,9,8,0,0,1,2,0,0,0,0,0,0,0,0,0,0,0,0,0,0,0,0,1,1
1628378,Donovan Mitchell,DEN,202008250DEN,"Aug 25, 2020",UTA,30,23,5,25,50.85,59.52,-8.67,14,12,8,12,1,2,0,0,1,3,0,0,0,0,0,0,0,0,0,0,0,0,1,1
200794,Paul Millsap,DEN,202008250DEN,"Aug 25, 2020",UTA,4,4,2,5,36.36,40.98,-4.62,3,2,1,0,1,2,0,0,0,0,0,0,0,0,0,0,0,0,0,0,0,0,0,0
201144,Mike Conley,UTA,202008250DEN,"Aug 25, 2020",DEN,17,12,6,14,47.22,58.06,-10.84,5,4,6,6,1,2,1,3,1,2,0,0,0,0,0,0,0,0,0,0,0,0,0,0
203999,Nikola Jokić,DEN,202008250DEN,"Aug 25, 2020",UTA,31,19,0,19,63.27,81.58,-18.31,8,10,11,21,0,0,0,0,0,0,0,0,0,0,0,0,0,0,0,0,0,0,0,0
1626220,Royce O'Neale,UTA,202008250DEN,"Aug 25, 2020",DEN,10,6,0,6,62.5,83.33,-20.83,2,4,4,6,0,0,0,0,0,0,0,0,0,0,0,0,0,0,0,0,0,0,0,0
1628420,Monte Morris,DEN,202008250DEN,"Aug 25, 2020",UTA,4,5,2,6,28.57,34.01,-5.44,3,2,2,0,1,2,0,0,0,0,0,0,0,0,0,0,0,0,0,0,0,0,0,0
203924,Jerami Grant,DEN,202008250DEN,"Aug 25, 2020",UTA,11,12,2,13,37.93,42.7,-4.77,9,6,3,3,0,0,0,0,0,0,0,0,0,0,0,0,0,0,0,0,0,0,1,2
203903,Jordan Clarkson,UTA,202008250DEN,"Aug 25, 2020",DEN,17,14,1,14,47.22,58.86,-11.64,6,2,7,12,0,0,0,0,1,3,0,0,0,0,0,0,0,0,0,0,0,0,0,0
1628470,Torrey Craig,DEN,202008250DEN,"Aug 25, 2020",UTA,5,6,0,6,33.33,41.67,-8.34,3,2,3,3,0,0,0,0,0,0,0,0,0,0,0,0,0,0,0,0,0,0,0,0
1627777,Georges Niang,UTA,202008250DEN,"Aug 25, 2020",DEN,7,5,0,5,53.85,70.0,-16.15,2,4,3,3,0,0,0,0,0,0,0,0,0,0,0,0,0,0,0,0,0,0,0,0
1629008,Michael Porter Jr.,DEN,202008250DEN,"Aug 25, 2020",UTA,15,11,2,12,48.39,63.13,-14.74,4,4,7,9,1,2,0,0,0,0,0,0,0,0,0,0,0,0,0,0,0,0,0,0
1628408,PJ Dozier,DEN,202008250DEN,"Aug 25, 2020",UTA,3,1,2,2,75.0,79.79,-4.79,1,2,0,0,1,1,0,0,0,0,0,0,0,0,0,0,0,0,0,0,0,0,0,0
1628396,Tony Bradley,UTA,202008250DEN,"Aug 25, 2020",DEN,2,1,0,1,100.0,100.0,0.0,1,2,0,0,0,0,0,0,0,0,0,0,0,0,0,0,0,0,0,0,0,0,0,0
203486,Mason Plumlee,DEN,202008250DEN,"Aug 25, 2020",UTA,0,1,0,1,0.0,0.0,0.0,1,0,0,0,0,0,0,0,0,0,0,0,0,0,0,0,0,0,0,0,0,0,0,0
203501,Tim Hardaway Jr.,DAL,202008250LAC,"Aug 25, 2020",LAC,19,14,2,16,51.35,63.84,-12.49,7,8,7,9,0,0,0,0,0,0,0,0,2,2,0,0,0,0,0,0,0,0,0,0
202331,Paul George,LAC,202008250LAC,"Aug 25, 2020",DAL,35,18,7,21,68.63,83.02,-14.39,9,14,8,12,2,4,0,0,1,3,0,0,0,0,1,2,0,0,0,0,0,0,0,0
1627827,Dorian Finney-Smith,DAL,202008250LAC,"Aug 25, 2020",LAC,9,6,0,6,50.0,75.0,-25.0,0,0,6,9,0,0,0,0,0,0,0,0,0,0,0,0,0,0,0,0,0,0,0,0
202694,Marcus Morris Sr.,LAC,202008250LAC,"Aug 25, 2020",DAL,12,8,0,8,54.55,75.0,-20.45,2,0,6,12,0,0,0,0,0,0,0,0,0,0,0,0,0,0,0,0,0,0,0,0
1629029,Luka Dončić,DAL,202008250LAC,"Aug 25, 2020",LAC,22,17,14,24,40.74,47.5,-6.76,11,10,6,3,4,6,0,0,0,0,0,0,0,0,0,0,0,0,0,0,0,0,3,3
1629013,Landry Shamet,LAC,202008250LAC,"Aug 25, 2020",DAL,11,4,2,5,84.62,112.7,-28.08,1,0,3,9,1,2,0,0,0,0,0,0,0,0,0,0,0,0,0,0,0,0,0,0
203504,Trey Burke,LAC,202008250LAC,"Aug 25, 2020",DAL,15,11,2,12,55.56,63.13,-7.57,8,8,3,6,1,1,0,0,0,0,0,0,0,0,0,0,0,0,0,0,0,0,0,0
1627826,Ivica Zubac,LAC,202008250LAC,"Aug 25, 2020",DAL,9,2,6,5,90.0,96.98,-6.98,2,4,0,0,3,5,0,0,0,0,0,0,0,0,0,0,0,0,0,0,0,0,0,0
1628467,Maxi Kleber,DAL,202008250LAC,"Aug 25, 2020",LAC,12,6,2,7,66.67,87.21,-20.54,2,4,4,6,0,0,0,0,0,0,0,0,0,0,0,0,0,0,0,0,0,0,1,2
202695,Kawhi Leonard,LAC,202008250LAC,"Aug 25, 2020",DAL,32,19,11,25,60.38,67.11,-6.73,13,16,4,6,2,2,0,0,2,5,0,0,3,1,0,0,0,0,0,0,0,0,1,2
203552,Seth Curry,DAL,202008250LAC,"Aug 25, 2020",LAC,4,6,0,6,28.57,33.33,-4.76,4,4,2,0,0,0,0,0,0,0,0,0,0,0,0,0,0,0,0,0,0,0,0,0
203077,Michael Kidd-Gilchrist,DAL,202008250LAC,"Aug 25, 2020",LAC,3,6,2,7,16.67,21.8,-5.13,2,2,4,0,1,1,0,0,0,0,0,0,0,0,0,0,0,0,0,0,0,0,0,0
202704,Reggie Jackson,LAC,202008250LAC,"Aug 25, 2020",DAL,11,7,0,7,61.11,78.57,-17.46,3,2,4,9,0,0,0,0,0,0,0,0,0,0,0,0,0,0,0,0,0,0,0,0
101150,Lou Williams,LAC,202008250LAC,"Aug 25, 2020",DAL,8,7,1,7,50.0,53.76,-3.76,5,6,1,0,0,0,0,0,1,2,0,0,0,0,0,0,0,0,0,0,0,0,0,0
1626246,Boban Marjanovic,DAL,202008250LAC,"Aug 25, 2020",LAC,5,1,6,4,55.56,68.68,-13.12,0,0,1,0,3,5,0,0,0,0,0,0,0,0,0,0,0,0,0,0,0,0,0,0
1626149,Montrezl Harrell,LAC,202008250LAC,"Aug 25, 2020",DAL,19,11,5,13,65.52,71.97,-6.45,8,10,2,3,2,3,0,0,1,3,0,0,0,0,0,0,0,0,0,0,0,0,0,0
1626153,Delon Wright,DAL,202008250LAC,"Aug 25, 2020",LAC,11,7,1,7,68.75,73.92,-5.17,5,6,1,3,0,0,0,0,1,2,0,0,0,0,0,0,0,0,0,0,0,0,0,0
201145,Jeff Green,DAL,202008250LAC,"Aug 25, 2020",LAC,0,1,0,1,0.0,0.0,0.0,1,0,0,0,0,0,0,0,0,0,0,0,0,0,0,0,0,0,0,0,0,0,0,0
1628382,Justin Jackson,DAL,202008250LAC,"Aug 25, 2020",LAC,3,3,2,4,30.0,38.66,-8.66,1,2,2,0,1,1,0,0,0,0,0,0,0,0,0,0,0,0,0,0,0,0,0,0
1628499,Antonius Cleveland,DAL,202008250LAC,"Aug 25, 2020",LAC,4,5,0,5,40.0,40.0,0.0,5,4,0,0,0,0,0,0,0,0,0,0,0,0,0,0,0,0,0,0,0,0,0,0
1629729,Josh Reaves,DAL,202008250LAC,"Aug 25, 2020",LAC,4,3,2,4,44.44,51.55,-7.11,2,2,1,0,0,0,0,0,0,0,0,0,0,0,0,0,0,0,0,0,0,0,1,2
203585,Rodney McGruder,LAC,202008250LAC,"Aug 25, 2020",DAL,6,3,0,3,66.67,100.0,-33.33,0,0,3,6,0,0,0,0,0,0,0,0,0,0,0,0,0,0,0,0,0,0,0,0
1629599,Amir Coffey,LAC,202008250LAC,"Aug 25, 2020",DAL,2,1,2,2,40.0,53.19,-13.19,0,0,1,0,0,0,0,0,0,0,0,0,0,0,0,0,0,0,0,0,0,0,1,2
202335,Patrick Patterson,LAC,202008250LAC,"Aug 25, 2020",DAL,9,3,0,3,100.0,150.0,-50.0,0,0,3,9,0,0,0,0,0,0,0,0,0,0,0,0,0,0,0,0,0,0,0,0
203500,Steven Adams,OKC,202008290HOU,"Aug 29, 2020",HOU,12,8,2,9,66.67,67.57,-0.9,8,12,0,0,1,0,0,0,0,0,0,0,0,0,0,0,0,0,0,0,0,0,0,0
200782,P.J. Tucker,OKC,202008290HOU,"Aug 29, 2020",HOU,5,5,0,5,35.71,50.0,-14.29,1,2,4,3,0,0,0,0,0,0,0,0,0,0,0,0,0,0,0,0,0,0,0,0
201935,James Harden,HOU,202008290HOU,"Aug 29, 2020",OKC,31,15,6,18,70.45,87.87,-17.42,7,14,8,12,3,5,0,0,0,0,0,0,0,0,0,0,0,0,0,0,0,0,0,0
201569,Eric Gordon,HOU,202008290HOU,"Aug 29, 2020",OKC,20,17,2,18,51.28,55.93,-4.65,14,18,3,0,1,2,0,0,0,0,0,0,0,0,0,0,0,0,0,0,0,0,0,0
201568,Danilo Gallinari,OKC,202008290HOU,"Aug 29, 2020",HOU,1,5,1,6,7.14,9.19,-2.05,2,0,3,0,0,0,0,0,0,0,0,0,1,1,0,0,0,0,0,0,0,0,0,0
1629652,Luguentz Dort,OKC,202008290HOU,"Aug 29, 2020",HOU,6,16,0,16,14.63,18.75,-4.12,7,6,9,0,0,0,0,0,0,0,0,0,0,0,0,0,0,0,0,0,0,0,0,0
201566,Russell Westbrook,HOU,202008290HOU,"Aug 29, 2020",OKC,7,13,2,14,23.33,25.22,-1.89,11,6,2,0,1,1,0,0,0,0,0,0,0,0,0,0,0,0,0,0,0,0,0,0
1628983,Shai Gilgeous-Alexander,OKC,202008290HOU,"Aug 29, 2020",HOU,4,8,0,8,20.0,25.0,-5.0,4,4,4,0,0,0,0,0,0,0,0,0,0,0,0,0,0,0,0,0,0,0,0,0
203496,Robert Covington,HOU,202008290HOU,"Aug 29, 2020",OKC,22,14,0,14,56.41,78.57,-22.16,3,4,11,18,0,0,0,0,0,0,0,0,0,0,0,0,0,0,0,0,0,0,0,0
101108,Chris Paul,OKC,202008290HOU,"Aug 29, 2020",HOU,16,13,4,15,45.71,54.2,-8.49,8,10,5,3,0,0,0,0,0,0,0,0,0,0,0,0,0,0,0,0,0,0,2,3
1627863,Danuel House Jr.,HOU,202008290HOU,"Aug 29, 2020",OKC,7,10,2,11,25.0,32.17,-7.17,4,0,6,6,1,1,0,0,0,0,0,0,0,0,0,0,0,0,0,0,0,0,0,0
201145,Jeff Green,HOU,202008290HOU,"Aug 29, 2020",OKC,9,11,0,11,31.03,40.91,-9.88,4,0,7,9,0,0,0,0,0,0,0,0,0,0,0,0,0,0,0,0,0,0,0,0
203463,Ben McLemore,HOU,202008290HOU,"Aug 29, 2020",OKC,3,4,0,4,27.27,37.5,-10.23,1,0,3,3,0,0,0,0,0,0,0,0,0,0,0,0,0,0,0,0,0,0,0,0
203457,Nerlens Noel,OKC,202008290HOU,"Aug 29, 2020",HOU,2,4,0,4,22.22,25.0,-2.78,3,2,1,0,0,0,0,0,0,0,0,0,0,0,0,0,0,0,0,0,0,0,0,0
203471,Dennis Schröder,OKC,202008290HOU,"Aug 29, 2020",HOU,19,13,5,15,48.72,62.5,-13.78,4,4,8,9,2,3,0,0,1,3,0,0,0,0,0,0,0,0,0,0,0,0,0,0
1629647,Darius Bazley,OKC,202008290HOU,"Aug 29, 2020",HOU,10,10,4,12,32.26,42.52,-10.26,3,0,7,6,2,4,0,0,0,0,0,0,0,0,0,0,0,0,0,0,0,0,0,0
203085,Austin Rivers,HOU,202008290HOU,"Aug 29, 2020",OKC,5,7,0,7,29.41,35.71,-6.3,4,2,3,3,0,0,0,0,0,0,0,0,0,0,0,0,0,0,0,0,0,0,0,0
1628390,Terrance Ferguson,OKC,202008290HOU,"Aug 29, 2020",HOU,0,4,0,4,0.0,0.0,0.0,1,0,3,0,0,0,0,0,0,0,0,0,0,0,0,0,0,0,0,0,0,0,0,0
2199,Tyson Chandler,HOU,202008290HOU,"Aug 29, 2020",OKC,0,0,2,1,0.0,0.0,0.0,0,0,0,0,0,0,0,0,0,0,0,0,0,0,1,0,0,0,0,0,0,0,0,0
1627846,Abdel Nader,OKC,202008290HOU,"Aug 29, 2020",HOU,4,6,2,7,21.05,29.07,-8.02,1,0,5,3,1,1,0,0,0,0,0,0,0,0,0,0,0,0,0,0,0,0,0,0
1628977,Hamidou Diallo,OKC,202008290HOU,"Aug 29, 2020",HOU,6,4,5,6,42.86,48.39,-5.53,2,2,1,0,1,1,0,0,1,2,0,0,0,0,0,0,0,0,0,0,0,0,1,1
203488,Mike Muscala,OKC,202008290HOU,"Aug 29, 2020",HOU,0,1,0,1,0.0,0.0,0.0,1,0,0,0,0,0,0,0,0,0,0,0,0,0,0,0,0,0,0,0,0,0,0,0
201960,DeMarre Carroll,HOU,202008290HOU,"Aug 29, 2020",OKC,2,1,0,1,100.0,100.0,0.0,1,2,0,0,0,0,0,0,0,0,0,0,0,0,0,0,0,0,0,0,0,0,0,0
1626187,Michael Frazier II,HOU,202008290HOU,"Aug 29, 2020",OKC,3,3,0,3,42.86,50.0,-7.14,2,0,1,3,0,0,0,0,0,0,0,0,0,0,0,0,0,0,0,0,0,0,0,0
202355,Hassan Whiteside,POR,202008290LAL,"Aug 29, 2020",LAL,2,5,0,5,20.0,20.0,0.0,5,2,0,0,0,0,0,0,0,0,0,0,0,0,0,0,0,0,0,0,0,0,0,0
203076,Anthony Davis,LAL,202008290LAL,"Aug 29, 2020",POR,43,18,13,23,78.18,90.64,-12.46,9,14,6,12,3,5,0,0,3,9,0,0,0,0,0,0,0,0,0,0,0,0,2,3
203994,Jusuf Nurkić,POR,202008290LAL,"Aug 29, 2020",LAL,16,16,4,17,40.0,45.05,-5.05,10,6,4,3,1,1,0,0,2,6,0,0,0,0,0,0,0,0,0,0,0,0,0,0
203484,Kentavious Caldwell-Pope,LAL,202008290LAL,"Aug 29, 2020",POR,14,12,0,12,42.42,58.33,-15.91,3,2,9,12,0,0,0,0,0,0,0,0,0,0,0,0,0,0,0,0,0,0,0,0
2546,Carmelo Anthony,POR,202008290LAL,"Aug 29, 2020",LAL,27,16,7,19,62.79,70.75,-7.96,11,10,4,9,3,5,0,0,1,3,0,0,0,0,0,0,0,0,0,0,0,0,0,0
201580,JaVale McGee,LAL,202008290LAL,"Aug 29, 2020",POR,2,2,0,2,50.0,50.0,0.0,2,2,0,0,0,0,0,0,0,0,0,0,0,0,0,0,0,0,0,0,0,0,0,0
203468,CJ McCollum,POR,202008290LAL,"Aug 29, 2020",LAL,36,25,8,29,55.38,63.11,-7.73,18,20,7,9,4,7,0,0,0,0,0,0,0,0,0,0,0,0,0,0,0,0,0,0
2544,LeBron James,LAL,202008290LAL,"Aug 29, 2020",POR,36,19,4,20,73.47,86.71,-13.24,10,16,7,12,1,2,0,0,2,6,0,0,0,0,0,0,0,0,0,0,0,0,0,0
201980,Danny Green,LAL,202008290LAL,"Aug 29, 2020",POR,5,8,0,8,22.73,31.25,-8.52,2,2,6,3,0,0,0,0,0,0,0,0,0,0,0,0,0,0,0,0,0,0,0,0
1629018,Gary Trent Jr.,POR,202008290LAL,"Aug 29, 2020",LAL,16,13,4,15,43.24,54.2,-10.96,6,4,7,9,2,3,0,0,0,0,0,0,0,0,0,0,0,0,0,0,0,0,0,0
1627936,Alex Caruso,LAL,202008290LAL,"Aug 29, 2020",POR,7,5,2,6,50.0,59.52,-9.52,3,6,2,0,1,1,0,0,0,0,0,0,0,0,0,0,0,0,0,0,0,0,0,0
1629014,Anfernee Simons,POR,202008290LAL,"Aug 29, 2020",LAL,13,7,3,8,61.9,78.12,-16.22,3,2,3,6,1,1,0,0,0,0,1,4,0,0,0,0,0,0,0,0,0,0,0,0
1628398,Kyle Kuzma,LAL,202008290LAL,"Aug 29, 2020",POR,8,12,4,14,25.0,29.07,-4.07,8,6,4,0,2,2,0,0,0,0,0,0,0,0,0,0,0,0,0,0,0,0,0,0
202693,Markieff Morris,LAL,202008290LAL,"Aug 29, 2020",POR,5,3,2,4,50.0,64.43,-14.43,1,0,2,3,0,0,0,0,0,0,0,0,0,0,0,0,0,0,0,0,0,0,1,2
1626209,Mario Hezonja,POR,202008290LAL,"Aug 29, 2020",LAL,4,3,0,3,57.14,66.67,-9.53,2,4,1,0,0,0,0,0,0,0,0,0,0,0,0,0,0,0,0,0,0,0,0,0
1629658,Jaylen Hoard,POR,202008290LAL,"Aug 29, 2020",LAL,6,6,0,6,50.0,50.0,0.0,6,6,0,0,0,0,0,0,0,0,0,0,0,0,0,0,0,0,0,0,0,0,0,0
2730,Dwight Howard,LAL,202008290LAL,"Aug 29, 2020",POR,11,9,1,9,57.89,58.26,-0.37,8,8,0,0,0,0,0,0,1,3,0,0,0,0,0,0,0,0,0,0,0,0,0,0
adamsja01,J. Adams,POR,202008290LAL,"Aug 29, 2020",LAL,2,2,0,2,50.0,50.0,0.0,2,2,0,0,0,0,0,0,0,0,0,0,0,0,0,0,0,0,0,0,0,0,0,0
202083,Wesley Matthews,MIL,202008290MIL,"Aug 29, 2020",ORL,3,9,0,9,12.0,16.67,-4.67,2,0,7,3,0,0,0,0,0,0,0,0,0,0,0,0,0,0,0,0,0,0,0,0
1629109,Gary Clark,ORL,202008290MIL,"Aug 29, 2020",MIL,1,4,2,5,7.69,10.25,-2.56,1,0,3,0,1,1,0,0,0,0,0,0,0,0,0,0,0,0,0,0,0,0,0,0
202696,Nikola Vučević,ORL,202008290MIL,"Aug 29, 2020",MIL,22,25,2,26,35.48,42.5,-7.02,15,12,10,9,0,0,0,0,0,0,0,0,0,0,0,0,0,0,0,0,0,0,1,1
203114,Khris Middleton,MIL,202008290MIL,"Aug 29, 2020",ORL,21,16,5,18,46.67,57.69,-11.02,8,8,7,6,1,1,0,0,0,0,1,4,0,0,1,2,0,0,0,0,0,0,0,0
203507,Giannis Antetokounmpo,MIL,202008290MIL,"Aug 29, 2020",ORL,28,17,5,19,62.22,72.92,-10.7,10,14,6,9,2,2,0,0,1,3,0,0,0,0,0,0,0,0,0,0,0,0,0,0
201572,Brook Lopez,MIL,202008290MIL,"Aug 29, 2020",ORL,16,12,1,12,55.17,64.31,-9.14,7,10,4,3,0,0,0,0,1,3,0,0,0,0,0,0,0,0,0,0,0,0,0,0
203095,Evan Fournier,ORL,202008290MIL,"Aug 29, 2020",MIL,18,12,7,15,47.37,59.68,-12.31,5,4,6,6,1,2,1,2,0,0,1,3,1,1,0,0,0,0,0,0,0,0,0,0
1628365,Markelle Fultz,ORL,202008290MIL,"Aug 29, 2020",MIL,14,14,2,15,40.0,47.04,-7.04,9,10,5,3,1,1,0,0,0,0,0,0,0,0,0,0,0,0,0,0,0,0,0,0
203516,James Ennis III,ORL,202008290MIL,"Aug 29, 2020",MIL,9,11,0,11,33.33,40.91,-7.58,6,6,5,3,0,0,0,0,0,0,0,0,0,0,0,0,0,0,0,0,0,0,0,0
202339,Eric Bledsoe,MIL,202008290MIL,"Aug 29, 2020",ORL,10,7,2,8,47.62,63.45,-15.83,2,2,5,6,1,2,0,0,0,0,0,0,0,0,0,0,0,0,0,0,0,0,0,0
203920,Khem Birch,ORL,202008290MIL,"Aug 29, 2020",MIL,4,1,2,2,100.0,106.38,-6.38,1,2,0,0,1,2,0,0,0,0,0,0,0,0,0,0,0,0,0,0,0,0,0,0
1628978,Donte DiVincenzo,MIL,202008290MIL,"Aug 29, 2020",ORL,4,2,2,3,57.14,69.44,-12.3,1,0,1,3,0,0,0,0,0,0,0,0,0,0,0,0,0,0,0,0,0,0,1,1
101107,Marvin Williams,MIL,202008290MIL,"Aug 29, 2020",ORL,12,8,0,8,57.14,75.0,-17.86,3,0,5,12,0,0,0,0,0,0,0,0,0,0,0,0,0,0,0,0,0,0,0,0
1628411,Wes Iwundu,ORL,202008290MIL,"Aug 29, 2020",MIL,8,4,3,5,61.54,75.19,-13.65,2,0,1,3,1,2,0,0,0,0,1,3,0,0,0,0,0,0,0,0,0,0,0,0
1626192,Pat Connaughton,MIL,202008290MIL,"Aug 29, 2020",ORL,4,3,2,4,40.0,51.55,-11.55,1,2,2,0,0,0,0,0,0,0,0,0,0,0,0,0,0,0,0,0,0,0,1,2
201588,George Hill,MIL,202008290MIL,"Aug 29, 2020",ORL,11,3,8,7,78.57,84.36,-5.79,3,4,0,0,1,2,0,0,0,0,0,0,0,0,0,0,0,0,0,0,0,0,3,5
101141,Ersan Ilyasova,MIL,202008290MIL,"Aug 29, 2020",ORL,4,5,2,6,28.57,34.01,-5.44,3,2,2,0,0,0,0,0,0,0,0,0,0,0,0,0,0,0,0,0,0,0,1,2
201571,D.J. Augustin,ORL,202008290MIL,"Aug 29, 2020",MIL,15,12,3,13,48.39,56.31,-7.92,8,6,4,6,0,0,1,3,0,0,0,0,0,0,0,0,0,0,0,0,0,0,0,0
203082,Terrence Ross,ORL,202008290MIL,"Aug 29, 2020",MIL,13,11,0,11,48.15,59.09,-10.94,6,4,5,9,0,0,0,0,0,0,0,0,0,0,0,0,0,0,0,0,0,0,0,0
2594,Kyle Korver,MIL,202008290MIL,"Aug 29, 2020",ORL,5,6,0,6,29.41,41.67,-12.26,1,2,5,3,0,0,0,0,0,0,0,0,0,0,0,0,0,0,0,0,0,0,0,0
202331,Paul George,LAC,202008300DAL,"Aug 30, 2020",DAL,15,19,2,20,31.91,37.73,-5.82,11,6,7,6,0,0,0,0,1,2,0,0,1,1,0,0,0,0,0,0,0,0,0,0
203501,Tim Hardaway Jr.,DAL,202008300DAL,"Aug 30, 2020",LAC,10,15,0,15,24.39,33.33,-8.94,4,4,11,6,0,0,0,0,0,0,0,0,0,0,0,0,0,0,0,0,0,0,0,0
202695,Kawhi Leonard,LAC,202008300DAL,"Aug 30, 2020",DAL,33,23,4,24,61.11,66.64,-5.53,17,22,4,3,1,2,0,0,2,6,0,0,0,0,0,0,0,0,0,0,0,0,0,0
203504,Trey Burke,DAL,202008300DAL,"Aug 30, 2020",LAC,6,10,2,11,25.0,27.57,-2.57,8,4,2,0,1,2,0,0,0,0,0,0,0,0,0,0,0,0,0,0,0,0,0,0
1629029,Luka Dončić,DAL,202008300DAL,"Aug 30, 2020",LAC,38,28,8,30,52.05,60.28,-8.23,15,14,9,12,0,0,0,0,4,10,0,0,0,0,2,2,0,0,0,0,0,0,0,0
202694,Marcus Morris Sr.,LAC,202008300DAL,"Aug 30, 2020",DAL,9,5,0,5,81.82,90.0,-8.18,4,6,1,3,0,0,0,0,0,0,0,0,0,0,0,0,0,0,0,0,0,0,0,0
1627826,Ivica Zubac,LAC,202008300DAL,"Aug 30, 2020",DAL,15,8,3,9,78.95,80.47,-1.52,7,10,0,0,1,2,0,0,1,3,0,0,0,0,0,0,0,0,0,0,0,0,0,0
1627827,Dorian Finney-Smith,DAL,202008300DAL,"Aug 30, 2020",LAC,16,11,3,12,53.33,64.94,-11.61,5,6,5,6,1,1,0,0,1,3,0,0,0,0,0,0,0,0,0,0,0,0,0,0
1629013,Landry Shamet,LAC,202008300DAL,"Aug 30, 2020",DAL,9,7,0,7,45.0,64.29,-19.29,1,0,6,9,0,0,0,0,0,0,0,0,0,0,0,0,0,0,0,0,0,0,0,0
1628467,Maxi Kleber,DAL,202008300DAL,"Aug 30, 2020",LAC,9,10,2,11,32.14,41.36,-9.22,4,2,6,6,1,1,0,0,0,0,0,0,0,0,0,0,0,0,0,0,0,0,0,0
203552,Seth Curry,DAL,202008300DAL,"Aug 30, 2020",LAC,7,7,0,7,41.18,50.0,-8.82,4,4,3,3,0,0,0,0,0,0,0,0,0,0,0,0,0,0,0,0,0,0,0,0
203077,Michael Kidd-Gilchrist,DAL,202008300DAL,"Aug 30, 2020",LAC,2,1,0,1,100.0,100.0,0.0,1,2,0,0,0,0,0,0,0,0,0,0,0,0,0,0,0,0,0,0,0,0,0,0
1626149,Montrezl Harrell,LAC,202008300DAL,"Aug 30, 2020",DAL,4,4,0,4,50.0,50.0,0.0,4,4,0,0,0,0,0,0,0,0,0,0,0,0,0,0,0,0,0,0,0,0,0,0
101150,Lou Williams,LAC,202008300DAL,"Aug 30, 2020",DAL,5,9,3,10,20.0,24.22,-4.22,4,0,4,0,1,2,0,0,1,3,0,0,0,0,0,0,0,0,0,0,0,0,0,0
202704,Reggie Jackson,LAC,202008300DAL,"Aug 30, 2020",DAL,14,9,0,9,56.0,77.78,-21.78,2,2,7,12,0,0,0,0,0,0,0,0,0,0,0,0,0,0,0,0,0,0,0,0
1626246,Boban Marjanovic,DAL,202008300DAL,"Aug 30, 2020",LAC,8,7,0,7,57.14,57.14,0.0,7,8,0,0,0,0,0,0,0,0,0,0,0,0,0,0,0,0,0,0,0,0,0,0
203210,JaMychal Green,LAC,202008300DAL,"Aug 30, 2020",DAL,7,5,1,5,63.64,64.34,-0.7,4,4,0,0,0,0,0,0,1,3,0,0,0,0,0,0,0,0,0,0,0,0,0,0
1628382,Justin Jackson,DAL,202008300DAL,"Aug 30, 2020",LAC,1,1,2,2,20.0,26.6,-6.6,0,0,1,0,1,1,0,0,0,0,0,0,0,0,0,0,0,0,0,0,0,0,0,0
1629599,Amir Coffey,LAC,202008300DAL,"Aug 30, 2020",DAL,0,2,0,2,0.0,0.0,0.0,2,0,0,0,0,0,0,0,0,0,0,0,0,0,0,0,0,0,0,0,0,0,0,0
1627832,Fred VanVleet,TOR,202008300TOR,"Aug 30, 2020",BOS,11,16,4,18,23.4,30.97,-7.57,5,2,11,6,2,3,0,0,0,0,0,0,0,0,0,0,0,0,0,0,0,0,0,0
1628464,Daniel Theis,BOS,202008300TOR,"Aug 30, 2020",TOR,13,8,7,11,52.0,58.66,-6.66,5,4,2,0,1,2,0,0,1,3,0,0,0,0,1,2,0,0,0,0,0,0,1,2
203935,Marcus Smart,BOS,202008300TOR,"Aug 30, 2020",TOR,21,10,4,12,63.64,89.29,-25.65,1,2,9,15,1,2,0,0,0,0,0,0,0,0,0,0,0,0,0,0,0,0,1,2
200768,Kyle Lowry,TOR,202008300TOR,"Aug 30, 2020",BOS,17,12,9,16,44.74,53.26,-8.52,6,6,5,3,4,5,0,0,1,3,0,0,0,0,0,0,0,0,0,0,0,0,0,0
1627759,Jaylen Brown,BOS,202008300TOR,"Aug 30, 2020",TOR,17,18,3,20,35.42,44.0,-8.58,8,4,9,9,0,0,0,0,1,3,0,0,2,1,0,0,0,0,0,0,0,0,0,0
1627783,Pascal Siakam,TOR,202008300TOR,"Aug 30, 2020",BOS,13,16,4,17,33.33,36.6,-3.27,11,6,3,0,1,1,0,0,2,6,0,0,0,0,0,0,0,0,0,0,0,0,0,0
1628369,Jayson Tatum,BOS,202008300TOR,"Aug 30, 2020",TOR,21,18,1,18,50.0,56.94,-6.94,12,12,5,6,0,0,0,0,1,3,0,0,0,0,0,0,0,0,0,0,0,0,0,0
1628384,OG Anunoby,TOR,202008300TOR,"Aug 30, 2020",BOS,12,6,4,8,63.16,77.32,-14.16,3,6,3,3,2,3,0,0,0,0,0,0,0,0,0,0,0,0,0,0,0,0,0,0
201188,Marc Gasol,TOR,202008300TOR,"Aug 30, 2020",BOS,7,7,2,8,36.84,44.42,-7.58,4,6,3,0,1,1,0,0,0,0,0,0,0,0,0,0,0,0,0,0,0,0,0,0
201586,Serge Ibaka,TOR,202008300TOR,"Aug 30, 2020",BOS,15,10,4,12,48.39,63.78,-15.39,3,2,7,9,2,4,0,0,0,0,0,0,0,0,0,0,0,0,0,0,0,0,0,0
1629057,Robert Williams III,BOS,202008300TOR,"Aug 30, 2020",TOR,10,5,2,6,83.33,85.03,-1.7,5,10,0,0,0,0,0,0,0,0,0,0,0,0,0,0,0,0,0,0,0,0,1,0
202689,Kemba Walker,BOS,202008300TOR,"Aug 30, 2020",TOR,18,11,2,12,58.06,75.76,-17.7,4,4,7,12,0,0,0,0,0,0,0,0,0,0,0,0,0,0,0,0,0,0,1,2
202954,Brad Wanamaker,BOS,202008300TOR,"Aug 30, 2020",TOR,7,6,2,7,38.89,50.87,-11.98,2,0,4,6,0,0,0,0,0,0,0,0,0,0,0,0,0,0,0,0,0,0,1,1
1626181,Norman Powell,TOR,202008300TOR,"Aug 30, 2020",BOS,10,12,0,12,34.48,41.67,-7.19,7,4,5,6,0,0,0,0,0,0,0,0,0,0,0,0,0,0,0,0,0,0,0,0
1629056,Terence Davis,TOR,202008300TOR,"Aug 30, 2020",BOS,7,4,2,5,53.85,71.72,-17.87,1,2,3,3,0,0,0,0,0,0,0,0,0,0,0,0,0,0,0,0,0,0,1,2
1628400,Semi Ojeleye,BOS,202008300TOR,"Aug 30, 2020",TOR,3,5,0,5,23.08,30.0,-6.92,2,0,3,3,0,0,0,0,0,0,0,0,0,0,0,0,0,0,0,0,0,0,0,0
1629641,Romeo Langford,BOS,202008300TOR,"Aug 30, 2020",TOR,2,2,0,2,50.0,50.0,0.0,2,2,0,0,0,0,0,0,0,0,0,0,0,0,0,0,0,0,0,0,0,0,0,0
1628449,Chris Boucher,TOR,202008300TOR,"Aug 30, 2020",BOS,2,1,0,1,100.0,100.0,0.0,1,2,0,0,0,0,0,0,0,0,0,0,0,0,0,0,0,0,0,0,0,0,0,0
203497,Rudy Gobert,UTA,202008300UTA,"Aug 30, 2020",DEN,11,8,11,13,40.74,42.83,-2.09,7,4,0,0,3,2,0,0,1,3,0,0,0,0,0,0,0,0,0,0,0,0,2,2
1627750,Jamal Murray,DEN,202008300UTA,"Aug 30, 2020",UTA,50,24,9,28,72.46,89.41,-16.95,11,14,12,27,2,3,0,0,1,2,0,0,0,0,0,0,0,0,0,0,0,0,2,4
1628378,Donovan Mitchell,UTA,202008300UTA,"Aug 30, 2020",DEN,44,25,7,28,62.86,78.35,-15.49,11,8,13,27,3,6,0,0,1,3,0,0,0,0,0,0,0,0,0,0,0,0,0,0
200794,Paul Millsap,DEN,202008300UTA,"Aug 30, 2020",UTA,5,3,2,4,50.0,64.43,-14.43,1,0,2,3,1,2,0,0,0,0,0,0,0,0,0,0,0,0,0,0,0,0,0,0
203924,Jerami Grant,DEN,202008300UTA,"Aug 30, 2020",UTA,18,9,2,10,66.67,91.09,-24.42,2,4,7,12,0,0,0,0,0,0,0,0,0,0,0,0,0,0,0,0,0,0,1,2
201144,Mike Conley,UTA,202008300UTA,"Aug 30, 2020",DEN,21,13,4,15,58.33,71.14,-12.81,7,6,6,12,1,1,0,0,0,0,0,0,0,0,0,0,0,0,0,0,0,0,1,2
1628420,Monte Morris,DEN,202008300UTA,"Aug 30, 2020",UTA,10,6,2,7,66.67,72.67,-6.0,5,8,1,0,1,2,0,0,0,0,0,0,0,0,0,0,0,0,0,0,0,0,0,0
203999,Nikola Jokić,DEN,202008300UTA,"Aug 30, 2020",UTA,22,15,5,18,55.0,63.95,-8.95,10,8,5,9,1,2,0,0,0,0,0,0,1,1,0,0,0,0,0,0,0,0,1,2
203903,Jordan Clarkson,UTA,202008300UTA,"Aug 30, 2020",DEN,11,14,0,14,32.35,39.29,-6.94,8,8,6,3,0,0,0,0,0,0,0,0,0,0,0,0,0,0,0,0,0,0,0,0
204060,Joe Ingles,UTA,202008300UTA,"Aug 30, 2020",DEN,5,4,2,5,35.71,51.23,-15.52,0,0,4,3,1,2,0,0,0,0,0,0,0,0,0,0,0,0,0,0,0,0,0,0
1626220,Royce O'Neale,UTA,202008300UTA,"Aug 30, 2020",DEN,5,4,4,6,33.33,43.4,-10.07,1,0,3,3,2,2,0,0,0,0,0,0,0,0,0,0,0,0,0,0,0,0,0,0
203914,Gary Harris,DEN,202008300UTA,"Aug 30, 2020",UTA,4,4,2,5,33.33,40.98,-7.65,2,2,2,0,1,2,0,0,0,0,0,0,0,0,0,0,0,0,0,0,0,0,0,0
1629008,Michael Porter Jr.,DEN,202008300UTA,"Aug 30, 2020",UTA,2,7,0,7,10.53,14.29,-3.76,2,2,5,0,0,0,0,0,0,0,0,0,0,0,0,0,0,0,0,0,0,0,0,0
1627777,Georges Niang,UTA,202008300UTA,"Aug 30, 2020",DEN,10,6,2,7,55.56,72.67,-17.11,2,2,4,6,1,2,0,0,0,0,0,0,0,0,0,0,0,0,0,0,0,0,0,0
1628470,Torrey Craig,DEN,202008300UTA,"Aug 30, 2020",UTA,8,3,4,5,66.67,84.03,-17.36,1,2,2,3,1,1,0,0,0,0,0,0,0,0,0,0,0,0,0,0,0,0,1,2
1628396,Tony Bradley,UTA,202008300UTA,"Aug 30, 2020",DEN,0,1,0,1,0.0,0.0,0.0,1,0,0,0,0,0,0,0,0,0,0,0,0,0,0,0,0,0,0,0,0,0,0,0
203114,Khris Middleton,MIL,202008310MIL,"Aug 31, 2020",MIA,28,24,0,24,50.0,58.33,-8.33,16,16,8,12,0,0,0,0,0,0,0,0,0,0,0,0,0,0,0,0,0,0,0,0
201609,Goran Dragic,MIA,202008310MIL,"Aug 31, 2020",MIL,27,15,7,18,64.29,74.67,-10.38,10,14,5,6,1,2,1,3,0,0,0,0,0,0,0,0,0,0,0,0,0,0,1,2
1628389,Bam Adebayo,MIA,202008310MIL,"Aug 31, 2020",MIL,12,12,2,13,46.15,46.58,-0.43,12,10,0,0,1,2,0,0,0,0,0,0,0,0,0,0,0,0,0,0,0,0,0,0
202710,Jimmy Butler III,MIA,202008310MIL,"Aug 31, 2020",MIL,40,20,13,26,72.73,77.76,-5.03,17,20,2,6,5,9,0,0,1,3,0,0,0,0,0,0,0,0,0,0,0,0,1,2
202083,Wesley Matthews,MIL,202008310MIL,"Aug 31, 2020",MIA,7,4,2,5,53.85,71.72,-17.87,1,0,3,6,1,1,0,0,0,0,0,0,0,0,0,0,0,0,0,0,0,0,0,0
203109,Jae Crowder,MIA,202008310MIL,"Aug 31, 2020",MIL,9,8,0,8,39.13,56.25,-17.12,1,0,7,9,0,0,0,0,0,0,0,0,0,0,0,0,0,0,0,0,0,0,0,0
203507,Giannis Antetokounmpo,MIL,202008310MIL,"Aug 31, 2020",MIA,18,12,12,18,43.9,52.08,-8.18,7,8,5,6,5,4,0,0,0,0,0,0,0,0,0,0,0,0,0,0,0,0,1,0
1629130,Duncan Robinson,MIA,202008310MIL,"Aug 31, 2020",MIL,4,4,1,5,30.77,45.05,-14.28,0,0,4,3,0,0,0,0,0,0,0,0,1,1,0,0,0,0,0,0,0,0,0,0
201572,Brook Lopez,MIL,202008310MIL,"Aug 31, 2020",MIA,24,10,4,11,80.0,102.04,-22.04,3,6,6,12,0,0,1,3,1,3,0,0,0,0,0,0,0,0,0,0,0,0,0,0
201588,George Hill,MIA,202008310MIL,"Aug 31, 2020",MIL,8,5,5,7,44.44,55.56,-11.12,2,2,3,3,1,1,1,2,0,0,0,0,0,0,0,0,0,0,0,0,0,0,0,0
1626192,Pat Connaughton,MIL,202008310MIL,"Aug 31, 2020",MIA,2,5,0,5,15.38,20.0,-4.62,2,2,3,0,0,0,0,0,0,0,0,0,0,0,0,0,0,0,0,0,0,0,0,0
203482,Kelly Olynyk,MIA,202008310MIL,"Aug 31, 2020",MIL,4,1,2,2,80.0,106.38,-26.38,0,0,1,3,1,1,0,0,0,0,0,0,0,0,0,0,0,0,0,0,0,0,0,0
101107,Marvin Williams,MIL,202008310MIL,"Aug 31, 2020",MIA,5,5,1,5,45.45,45.96,-0.51,4,2,0,0,0,0,0,0,1,3,0,0,0,0,0,0,0,0,0,0,0,0,0,0
1629639,Tyler Herro,MIA,202008310MIL,"Aug 31, 2020",MIL,11,11,2,12,36.67,46.3,-9.63,5,0,6,9,1,2,0,0,0,0,0,0,0,0,0,0,0,0,0,0,0,0,0,0
1628978,Donte DiVincenzo,MIL,202008310MIL,"Aug 31, 2020",MIA,1,1,2,2,25.0,26.6,-1.6,1,0,0,0,1,1,0,0,0,0,0,0,0,0,0,0,0,0,0,0,0,0,0,0
2738,Andre Iguodala,MIA,202008310MIL,"Aug 31, 2020",MIL,2,4,0,4,18.18,25.0,-6.82,1,2,3,0,0,0,0,0,0,0,0,0,0,0,0,0,0,0,0,0,0,0,0,0
1629134,Kendrick Nunn,MIA,202008310MIL,"Aug 31, 2020",MIL,6,9,0,9,28.57,33.33,-4.76,6,6,3,0,0,0,0,0,0,0,0,0,0,0,0,0,0,0,0,0,0,0,0,0
2594,Kyle Korver,MIL,202008310MIL,"Aug 31, 2020",MIA,11,9,0,9,44.0,61.11,-17.11,2,2,7,9,0,0,0,0,0,0,0,0,0,0,0,0,0,0,0,0,0,0,0,0
201568,Danilo Gallinari,OKC,202008310OKC,"Aug 31, 2020",HOU,25,17,3,19,54.35,68.23,-13.88,8,10,9,12,0,0,0,0,0,0,0,0,1,1,0,0,0,0,0,0,0,0,1,2
201935,James Harden,HOU,202008310OKC,"Aug 31, 2020",OKC,32,22,8,26,50.79,62.7,-11.91,10,14,11,9,3,5,0,0,1,3,0,0,1,1,0,0,0,0,0,0,0,0,0,0
201569,Eric Gordon,HOU,202008310OKC,"Aug 31, 2020",OKC,9,12,2,13,28.12,34.94,-6.82,6,4,6,3,1,2,0,0,0,0,0,0,0,0,0,0,0,0,0,0,0,0,0,0
1629652,Luguentz Dort,OKC,202008310OKC,"Aug 31, 2020",HOU,13,9,2,10,50.0,65.79,-15.79,3,6,6,6,1,1,0,0,0,0,0,0,0,0,0,0,0,0,0,0,0,0,0,0
1628983,Shai Gilgeous-Alexander,HOU,202008310OKC,"Aug 31, 2020",OKC,10,11,0,11,37.04,45.45,-8.41,6,4,5,6,0,0,0,0,0,0,0,0,0,0,0,0,0,0,0,0,0,0,0,0
200782,P.J. Tucker,HOU,202008310OKC,"Aug 31, 2020",OKC,9,8,0,8,39.13,56.25,-17.12,1,0,7,9,0,0,0,0,0,0,0,0,0,0,0,0,0,0,0,0,0,0,0,0
203500,Steven Adams,OKC,202008310OKC,"Aug 31, 2020",HOU,6,9,0,9,33.33,33.33,0.0,9,6,0,0,0,0,0,0,0,0,0,0,0,0,0,0,0,0,0,0,0,0,0,0
201566,Russell Westbrook,HOU,202008310OKC,"Aug 31, 2020",OKC,17,15,2,15,50.0,53.53,-3.53,11,10,2,3,0,0,0,0,2,4,0,0,0,0,0,0,0,0,0,0,0,0,0,0
101108,Chris Paul,HOU,202008310OKC,"Aug 31, 2020",OKC,28,20,5,22,54.9,63.06,-8.16,14,14,6,9,1,2,1,3,0,0,0,0,0,0,0,0,0,0,0,0,0,0,0,0
203496,Robert Covington,HOU,202008310OKC,"Aug 31, 2020",OKC,18,11,0,11,64.29,81.82,-17.53,5,6,6,12,0,0,0,0,0,0,0,0,0,0,0,0,0,0,0,0,0,0,0,0
1627863,Danuel House Jr.,HOU,202008310OKC,"Aug 31, 2020",OKC,12,9,0,9,50.0,66.67,-16.67,3,6,6,6,0,0,0,0,0,0,0,0,0,0,0,0,0,0,0,0,0,0,0,0
201145,Jeff Green,HOU,202008310OKC,"Aug 31, 2020",OKC,3,5,0,5,20.0,30.0,-10.0,0,0,5,3,0,0,0,0,0,0,0,0,0,0,0,0,0,0,0,0,0,0,0,0
203471,Dennis Schröder,OKC,202008310OKC,"Aug 31, 2020",HOU,12,16,2,17,30.77,35.55,-4.78,11,10,5,0,1,2,0,0,0,0,0,0,0,0,0,0,0,0,0,0,0,0,0,0
203457,Nerlens Noel,OKC,202008310OKC,"Aug 31, 2020",HOU,2,2,0,2,50.0,50.0,0.0,2,2,0,0,0,0,0,0,0,0,0,0,0,0,0,0,0,0,0,0,0,0,0,0
203085,Austin Rivers,HOU,202008310OKC,"Aug 31, 2020",OKC,0,2,0,2,0.0,0.0,0.0,1,0,1,0,0,0,0,0,0,0,0,0,0,0,0,0,0,0,0,0,0,0,0,0
1629647,Darius Bazley,OKC,202008310OKC,"Aug 31, 2020",HOU,8,2,6,5,66.67,86.21,-19.54,0,0,2,3,3,5,0,0,0,0,0,0,0,0,0,0,0,0,0,0,0,0,0,0
1628390,Terrance Ferguson,OKC,202008310OKC,"Aug 31, 2020",HOU,0,3,0,3,0.0,0.0,0.0,0,0,3,0,0,0,0,0,0,0,0,0,0,0,0,0,0,0,0,0,0,0,0,0
204060,Joe Ingles,UTA,202009010DEN,"Sep 1, 2020",DEN,7,10,0,10,28.0,35.0,-7.0,5,4,5,3,0,0,0,0,0,0,0,0,0,0,0,0,0,0,0,0,0,0,0,0
1627750,Jamal Murray,DEN,202009010DEN,"Sep 1, 2020",UTA,17,21,2,22,34.0,38.85,-4.85,15,12,6,3,0,0,0,0,0,0,0,0,0,0,0,0,0,0,0,0,0,0,1,2
203999,Nikola Jokić,DEN,202009010DEN,"Sep 1, 2020",UTA,30,23,4,25,54.55,60.58,-6.03,18,20,5,6,2,4,0,0,0,0,0,0,0,0,0,0,0,0,0,0,0,0,0,0
201144,Mike Conley,UTA,202009010DEN,"Sep 1, 2020",DEN,8,13,4,15,22.22,27.1,-4.88,7,2,6,3,0,0,0,0,0,0,0,0,0,0,0,0,0,0,0,0,0,0,2,3
203924,Jerami Grant,DEN,202009010DEN,"Sep 1, 2020",UTA,3,5,0,5,23.08,30.0,-6.92,2,0,3,3,0,0,0,0,0,0,0,0,0,0,0,0,0,0,0,0,0,0,0,0
1628420,Monte Morris,DEN,202009010DEN,"Sep 1, 2020",UTA,7,8,0,8,35.0,43.75,-8.75,4,4,4,3,0,0,0,0,0,0,0,0,0,0,0,0,0,0,0,0,0,0,0,0
203497,Rudy Gobert,UTA,202009010DEN,"Sep 1, 2020",DEN,19,13,4,14,63.33,64.36,-1.03,11,12,0,0,1,2,0,0,2,5,0,0,0,0,0,0,0,0,0,0,0,0,0,0
1628378,Donovan Mitchell,UTA,202009010DEN,"Sep 1, 2020",DEN,22,22,2,23,40.74,48.08,-7.34,14,14,8,6,1,2,0,0,0,0,0,0,0,0,0,0,0,0,0,0,0,0,0,0
200794,Paul Millsap,DEN,202009010DEN,"Sep 1, 2020",UTA,2,1,0,1,100.0,100.0,0.0,1,2,0,0,0,0,0,0,0,0,0,0,0,0,0,0,0,0,0,0,0,0,0,0
203903,Jordan Clarkson,UTA,202009010DEN,"Sep 1, 2020",DEN,10,9,1,9,41.67,52.97,-11.3,3,4,5,3,0,0,0,0,1,3,0,0,0,0,0,0,0,0,0,0,0,0,0,0
1626220,Royce O'Neale,DEN,202009010DEN,"Sep 1, 2020",UTA,5,6,0,6,31.25,41.67,-10.42,2,2,4,3,0,0,0,0,0,0,0,0,0,0,0,0,0,0,0,0,0,0,0,0
1627777,Georges Niang,UTA,202009010DEN,"Sep 1, 2020",DEN,6,4,0,4,50.0,75.0,-25.0,0,0,4,6,0,0,0,0,0,0,0,0,0,0,0,0,0,0,0,0,0,0,0,0
1628470,Torrey Craig,DEN,202009010DEN,"Sep 1, 2020",UTA,7,9,0,9,30.43,38.89,-8.46,4,4,5,3,0,0,0,0,0,0,0,0,0,0,0,0,0,0,0,0,0,0,0,0
1629008,Michael Porter Jr.,DEN,202009010DEN,"Sep 1, 2020",UTA,10,7,5,9,45.45,54.35,-8.9,3,2,3,3,2,2,0,0,1,3,0,0,0,0,0,0,0,0,0,0,0,0,0,0
203914,Gary Harris,DEN,202009010DEN,"Sep 1, 2020",UTA,4,9,2,10,16.0,20.24,-4.24,4,0,5,3,1,1,0,0,0,0,0,0,0,0,0,0,0,0,0,0,0,0,0,0
1629752,Juwan Morgan,UTA,202009010DEN,"Sep 1, 2020",DEN,1,2,4,4,10.0,13.3,-3.3,0,0,2,0,2,1,0,0,0,0,0,0,0,0,0,0,0,0,0,0,0,0,0,0
200768,Kyle Lowry,TOR,202009010TOR,"Sep 1, 2020",BOS,16,16,8,20,34.04,40.98,-6.94,8,8,7,0,1,2,0,0,1,3,0,0,1,1,0,0,0,0,0,0,0,0,2,2
203935,Marcus Smart,BOS,202009010TOR,"Sep 1, 2020",TOR,19,13,1,13,50.0,70.68,-20.68,2,0,10,15,0,0,0,0,0,0,1,4,0,0,0,0,0,0,0,0,0,0,0,0
202689,Kemba Walker,BOS,202009010TOR,"Sep 1, 2020",TOR,17,18,5,20,34.69,42.08,-7.39,10,10,8,3,1,2,1,2,0,0,0,0,0,0,0,0,0,0,0,0,0,0,0,0
1627783,Pascal Siakam,TOR,202009010TOR,"Sep 1, 2020",BOS,17,16,4,18,42.5,47.86,-5.36,11,8,4,3,1,2,0,0,1,3,0,0,0,0,0,0,0,0,0,0,0,0,1,1
201188,Marc Gasol,TOR,202009010TOR,"Sep 1, 2020",BOS,6,4,2,5,50.0,61.48,-11.48,2,4,2,0,1,2,0,0,0,0,0,0,0,0,0,0,0,0,0,0,0,0,0,0
1627832,Fred VanVleet,TOR,202009010TOR,"Sep 1, 2020",BOS,19,22,0,22,33.93,43.18,-9.25,10,10,12,9,0,0,0,0,0,0,0,0,0,0,0,0,0,0,0,0,0,0,0,0
1627759,Jaylen Brown,BOS,202009010TOR,"Sep 1, 2020",TOR,16,13,3,14,43.24,55.87,-12.63,5,4,8,9,0,0,1,3,0,0,0,0,0,0,0,0,0,0,0,0,0,0,0,0
1628369,Jayson Tatum,BOS,202009010TOR,"Sep 1, 2020",TOR,34,17,14,24,61.82,73.4,-11.58,10,8,7,12,6,12,0,0,0,0,0,0,0,0,0,0,0,0,0,0,0,0,1,2
1628464,Daniel Theis,BOS,202009010TOR,"Sep 1, 2020",TOR,3,5,0,5,27.27,30.0,-2.73,4,0,1,3,0,0,0,0,0,0,0,0,0,0,0,0,0,0,0,0,0,0,0,0
1628384,OG Anunoby,TOR,202009010TOR,"Sep 1, 2020",BOS,20,12,3,13,60.61,75.08,-14.47,5,4,6,12,1,1,0,0,1,3,0,0,0,0,0,0,0,0,0,0,0,0,0,0
1629057,Robert Williams III,BOS,202009010TOR,"Sep 1, 2020",TOR,11,5,2,6,91.67,93.54,-1.87,5,10,0,0,1,1,0,0,0,0,0,0,0,0,0,0,0,0,0,0,0,0,0,0
1628400,Semi Ojeleye,BOS,202009010TOR,"Sep 1, 2020",TOR,0,3,0,3,0.0,0.0,0.0,0,0,3,0,0,0,0,0,0,0,0,0,0,0,0,0,0,0,0,0,0,0,0,0
201586,Serge Ibaka,TOR,202009010TOR,"Sep 1, 2020",BOS,17,12,0,12,58.62,70.83,-12.21,7,8,5,9,0,0,0,0,0,0,0,0,0,0,0,0,0,0,0,0,0,0,0,0
1626181,Norman Powell,TOR,202009010TOR,"Sep 1, 2020",BOS,4,5,2,6,28.57,34.01,-5.44,3,2,2,0,1,2,0,0,0,0,0,0,0,0,0,0,0,0,0,0,0,0,0,0
1629056,Terence Davis,TOR,202009010TOR,"Sep 1, 2020",BOS,0,2,0,2,0.0,0.0,0.0,1,0,1,0,0,0,0,0,0,0,0,0,0,0,0,0,0,0,0,0,0,0,0,0
1628449,Chris Boucher,TOR,202009010TOR,"Sep 1, 2020",BOS,0,1,0,1,0.0,0.0,0.0,0,0,1,0,0,0,0,0,0,0,0,0,0,0,0,0,0,0,0,0,0,0,0,0
1629684,Grant Williams,BOS,202009010TOR,"Sep 1, 2020",TOR,2,2,0,2,50.0,50.0,0.0,2,2,0,0,0,0,0,0,0,0,0,0,0,0,0,0,0,0,0,0,0,0,0,0
201568,Danilo Gallinari,OKC,202009020HOU,"Sep 2, 2020",HOU,4,6,1,7,25.0,31.06,-6.06,3,4,3,0,0,0,0,0,0,0,0,0,0,0,0,0,0,0,0,0,0,0,1,0
203500,Steven Adams,OKC,202009020HOU,"Sep 2, 2020",HOU,10,6,3,7,66.67,68.31,-1.64,5,6,0,0,1,1,0,0,1,3,0,0,0,0,0,0,0,0,0,0,0,0,0,0
201566,Russell Westbrook,HOU,202009020HOU,"Sep 2, 2020",OKC,20,20,2,21,45.45,47.89,-2.44,18,18,2,0,1,2,0,0,0,0,0,0,0,0,0,0,0,0,0,0,0,0,0,0
1628983,Shai Gilgeous-Alexander,OKC,202009020HOU,"Sep 2, 2020",HOU,19,11,4,13,63.33,74.45,-11.12,7,6,4,9,2,4,0,0,0,0,0,0,0,0,0,0,0,0,0,0,0,0,0,0
200782,P.J. Tucker,HOU,202009020HOU,"Sep 2, 2020",OKC,5,8,0,8,21.74,31.25,-9.51,1,2,7,3,0,0,0,0,0,0,0,0,0,0,0,0,0,0,0,0,0,0,0,0
101108,Chris Paul,OKC,202009020HOU,"Sep 2, 2020",HOU,19,11,6,14,55.88,69.65,-13.77,5,4,6,9,2,4,0,0,0,0,0,0,0,0,0,0,0,0,0,0,0,0,1,2
201935,James Harden,HOU,202009020HOU,"Sep 2, 2020",OKC,17,15,9,20,35.42,44.83,-9.41,6,6,9,3,3,6,0,0,0,0,0,0,1,1,0,0,0,0,0,0,0,0,1,1
203496,Robert Covington,HOU,202009020HOU,"Sep 2, 2020",OKC,21,15,2,16,48.84,66.12,-17.28,4,2,11,18,0,0,0,0,0,0,0,0,0,0,0,0,0,0,0,0,0,0,1,1
1629652,Luguentz Dort,OKC,202009020HOU,"Sep 2, 2020",HOU,30,21,6,24,50.0,63.45,-13.45,9,8,12,18,3,4,0,0,0,0,0,0,0,0,0,0,0,0,0,0,0,0,0,0
201569,Eric Gordon,HOU,202009020HOU,"Sep 2, 2020",OKC,21,11,4,13,60.0,82.29,-22.29,2,2,9,15,2,4,0,0,0,0,0,0,0,0,0,0,0,0,0,0,0,0,0,0
203457,Nerlens Noel,OKC,202009020HOU,"Sep 2, 2020",HOU,2,1,1,1,66.67,69.44,-2.77,0,0,0,0,0,0,0,0,1,2,0,0,0,0,0,0,0,0,0,0,0,0,0,0
203471,Dennis Schröder,OKC,202009020HOU,"Sep 2, 2020",HOU,12,17,0,17,30.0,35.29,-5.29,11,6,6,6,0,0,0,0,0,0,0,0,0,0,0,0,0,0,0,0,0,0,0,0
201145,Jeff Green,HOU,202009020HOU,"Sep 2, 2020",OKC,13,7,0,7,72.22,92.86,-20.64,3,4,4,9,0,0,0,0,0,0,0,0,0,0,0,0,0,0,0,0,0,0,0,0
1627863,Danuel House Jr.,HOU,202009020HOU,"Sep 2, 2020",OKC,7,7,2,8,36.84,44.42,-7.58,4,2,3,3,1,2,0,0,0,0,0,0,0,0,0,0,0,0,0,0,0,0,0,0
203085,Austin Rivers,HOU,202009020HOU,"Sep 2, 2020",OKC,0,5,0,5,0.0,0.0,0.0,1,0,4,0,0,0,0,0,0,0,0,0,0,0,0,0,0,0,0,0,0,0,0,0
1629647,Darius Bazley,OKC,202009020HOU,"Sep 2, 2020",HOU,6,3,0,3,66.67,100.0,-33.33,0,0,3,6,0,0,0,0,0,0,0,0,0,0,0,0,0,0,0,0,0,0,0,0
203507,Giannis Antetokounmpo,MIL,202009020MIL,"Sep 2, 2020",MIA,29,18,13,24,58.0,61.13,-3.13,16,18,1,0,4,4,0,0,1,3,0,0,0,0,0,0,0,0,0,0,0,0,2,4
202083,Wesley Matthews,MIL,202009020MIL,"Sep 2, 2020",MIA,4,8,0,8,22.22,25.0,-2.78,6,4,2,0,0,0,0,0,0,0,0,0,0,0,0,0,0,0,0,0,0,0,0,0
201609,Goran Dragic,MIA,202009020MIL,"Sep 2, 2020",MIL,23,18,4,20,47.92,58.2,-10.28,10,8,8,12,1,2,0,0,0,0,0,0,0,0,0,0,0,0,0,0,0,0,1,1
202710,Jimmy Butler III,MIA,202009020MIL,"Sep 2, 2020",MIL,13,8,8,12,50.0,56.42,-6.42,6,6,2,0,3,6,0,0,0,0,0,0,0,0,0,0,0,0,0,0,0,0,1,1
202339,Eric Bledsoe,MIL,202009020MIL,"Sep 2, 2020",MIA,16,14,3,15,50.0,52.22,-2.22,12,8,1,3,1,2,0,0,1,3,0,0,0,0,0,0,0,0,0,0,0,0,0,0
1629130,Duncan Robinson,MIA,202009020MIL,"Sep 2, 2020",MIL,13,9,3,10,44.83,62.98,-18.15,1,2,8,9,0,0,1,2,0,0,0,0,0,0,0,0,0,0,0,0,0,0,0,0
203114,Khris Middleton,MIL,202009020MIL,"Sep 2, 2020",MIA,23,15,12,20,51.11,56.71,-5.6,11,10,3,0,1,2,2,5,1,3,0,0,1,1,1,2,0,0,0,0,0,0,0,0
201572,Brook Lopez,MIL,202009020MIL,"Sep 2, 2020",MIA,16,8,4,9,64.0,81.97,-17.97,3,4,4,6,0,0,1,2,0,0,1,4,0,0,0,0,0,0,0,0,0,0,0,0
1628389,Bam Adebayo,MIL,202009020MIL,"Sep 2, 2020",MIA,15,8,8,12,62.5,65.1,-2.6,8,8,0,0,3,6,0,0,0,0,0,0,0,0,0,0,0,0,0,0,0,0,1,1
203109,Jae Crowder,MIA,202009020MIL,"Sep 2, 2020",MIL,16,13,4,15,38.1,54.2,-16.1,1,2,12,12,2,2,0,0,0,0,0,0,0,0,0,0,0,0,0,0,0,0,0,0
1626192,Pat Connaughton,MIL,202009020MIL,"Sep 2, 2020",MIA,2,4,0,4,20.0,25.0,-5.0,2,2,2,0,0,0,0,0,0,0,0,0,0,0,0,0,0,0,0,0,0,0,0,0
203482,Kelly Olynyk,MIA,202009020MIL,"Sep 2, 2020",MIL,11,6,0,6,68.75,91.67,-22.92,2,2,4,9,0,0,0,0,0,0,0,0,0,0,0,0,0,0,0,0,0,0,0,0
101107,Marvin Williams,MIL,202009020MIL,"Sep 2, 2020",MIA,4,6,2,7,22.22,29.07,-6.85,2,2,4,0,1,2,0,0,0,0,0,0,0,0,0,0,0,0,0,0,0,0,0,0
1629639,Tyler Herro,MIA,202009020MIL,"Sep 2, 2020",MIL,17,13,2,14,47.22,61.24,-14.02,5,6,8,9,1,2,0,0,0,0,0,0,0,0,0,0,0,0,0,0,0,0,0,0
201588,George Hill,MIL,202009020MIL,"Sep 2, 2020",MIA,14,9,2,10,58.33,70.85,-12.52,5,6,4,6,1,2,0,0,0,0,0,0,0,0,0,0,0,0,0,0,0,0,0,0
1629134,Kendrick Nunn,MIA,202009020MIL,"Sep 2, 2020",MIL,2,2,0,2,40.0,50.0,-10.0,1,2,1,0,0,0,0,0,0,0,0,0,0,0,0,0,0,0,0,0,0,0,0,0
1628978,Donte DiVincenzo,MIL,202009020MIL,"Sep 2, 2020",MIA,0,1,0,1,0.0,0.0,0.0,0,0,1,0,0,0,0,0,0,0,0,0,0,0,0,0,0,0,0,0,0,0,0,0
2738,Andre Iguodala,MIA,202009020MIL,"Sep 2, 2020",MIL,4,2,3,3,50.0,60.24,-10.24,1,2,1,0,0,0,0,0,0,0,0,0,0,0,1,2,0,0,0,0,0,0,0,0
2594,Kyle Korver,MIL,202009020MIL,"Sep 2, 2020",MIA,6,2,3,3,66.67,90.36,-23.69,0,0,2,3,0,0,1,3,0,0,0,0,0,0,0,0,0,0,0,0,0,0,0,0
1627884,Derrick Jones Jr.,MIA,202009020MIL,"Sep 2, 2020",MIL,2,2,0,2,40.0,50.0,-10.0,1,2,1,0,0,0,0,0,0,0,0,0,0,0,0,0,0,0,0,0,0,0,0,0
200768,Kyle Lowry,TOR,202009030BOS,"Sep 3, 2020",BOS,31,23,4,24,53.45,62.6,-9.15,13,18,8,6,0,0,0,0,2,6,0,0,0,0,1,1,0,0,0,0,0,0,0,0
203935,Marcus Smart,TOR,202009030BOS,"Sep 3, 2020",BOS,11,15,2,16,26.83,34.63,-7.8,6,4,9,6,1,1,0,0,0,0,0,0,0,0,0,0,0,0,0,0,0,0,0,0
202689,Kemba Walker,BOS,202009030BOS,"Sep 3, 2020",TOR,29,15,7,18,65.91,80.2,-14.29,6,6,7,12,1,2,0,0,2,6,0,0,1,1,0,0,0,0,0,0,0,0,1,2
1628464,Daniel Theis,BOS,202009030BOS,"Sep 3, 2020",TOR,9,7,2,8,50.0,57.11,-7.11,5,8,2,0,1,1,0,0,0,0,0,0,0,0,0,0,0,0,0,0,0,0,0,0
201188,Marc Gasol,TOR,202009030BOS,"Sep 3, 2020",BOS,10,9,1,9,45.45,52.97,-7.52,5,8,3,0,0,0,0,0,1,2,0,0,0,0,0,0,0,0,0,0,0,0,0,0
1627759,Jaylen Brown,BOS,202009030BOS,"Sep 3, 2020",TOR,19,15,2,16,55.88,59.82,-3.94,13,18,2,0,1,1,0,0,0,0,0,0,0,0,0,0,0,0,0,0,0,0,0,0
1628369,Jayson Tatum,BOS,202009030BOS,"Sep 3, 2020",TOR,15,18,6,21,32.61,36.34,-3.73,14,8,4,3,3,4,0,0,0,0,0,0,0,0,0,0,0,0,0,0,0,0,0,0
1628384,OG Anunoby,TOR,202009030BOS,"Sep 3, 2020",BOS,12,8,2,9,52.17,67.57,-15.4,3,2,5,9,1,1,0,0,0,0,0,0,0,0,0,0,0,0,0,0,0,0,0,0
1627832,Fred VanVleet,TOR,202009030BOS,"Sep 3, 2020",BOS,25,22,2,23,42.37,54.63,-12.26,9,8,13,15,1,2,0,0,0,0,0,0,0,0,0,0,0,0,0,0,0,0,0,0
1627783,Pascal Siakam,BOS,202009030BOS,"Sep 3, 2020",TOR,16,15,4,17,42.11,47.73,-5.62,11,10,4,3,2,3,0,0,0,0,0,0,0,0,0,0,0,0,0,0,0,0,0,0
1626181,Norman Powell,TOR,202009030BOS,"Sep 3, 2020",BOS,8,4,3,5,57.14,75.19,-18.05,0,0,3,6,0,0,0,0,1,2,0,0,0,0,0,0,0,0,0,0,0,0,1,0
1628400,Semi Ojeleye,BOS,202009030BOS,"Sep 3, 2020",TOR,3,1,0,1,100.0,150.0,-50.0,0,0,1,3,0,0,0,0,0,0,0,0,0,0,0,0,0,0,0,0,0,0,0,0
201586,Serge Ibaka,TOR,202009030BOS,"Sep 3, 2020",BOS,2,6,0,6,13.33,16.67,-3.34,3,2,3,0,0,0,0,0,0,0,0,0,0,0,0,0,0,0,0,0,0,0,0,0
1629057,Robert Williams III,BOS,202009030BOS,"Sep 3, 2020",TOR,3,2,1,2,60.0,61.48,-1.48,1,0,0,0,0,0,0,0,1,3,0,0,0,0,0,0,0,0,0,0,0,0,0,0
202954,Brad Wanamaker,BOS,202009030BOS,"Sep 3, 2020",TOR,5,3,1,3,62.5,72.67,-10.17,1,2,1,0,0,0,0,0,1,3,0,0,0,0,0,0,0,0,0,0,0,0,0,0
1629684,Grant Williams,BOS,202009030BOS,"Sep 3, 2020",TOR,5,5,0,5,38.46,50.0,-11.54,2,2,3,3,0,0,0,0,0,0,0,0,0,0,0,0,0,0,0,0,0,0,0,0
1629744,Matt Thomas,TOR,202009030BOS,"Sep 3, 2020",BOS,0,1,0,1,0.0,0.0,0.0,0,0,1,0,0,0,0,0,0,0,0,0,0,0,0,0,0,0,0,0,0,0,0,0
202683,Enes Freedom,BOS,202009030BOS,"Sep 3, 2020",TOR,4,2,0,2,100.0,100.0,0.0,2,4,0,0,0,0,0,0,0,0,0,0,0,0,0,0,0,0,0,0,0,0,0,0
202331,Paul George,LAC,202009030LAC,"Sep 3, 2020",DEN,19,13,7,16,47.5,59.08,-11.58,5,6,7,6,3,4,0,0,1,3,0,0,0,0,0,0,0,0,0,0,0,0,0,0
200794,Paul Millsap,DEN,202009030LAC,"Sep 3, 2020",LAC,13,6,8,9,56.52,68.28,-11.76,2,2,3,3,1,2,1,2,1,2,0,0,0,0,0,0,0,0,0,0,0,0,1,2
1627750,Jamal Murray,DEN,202009030LAC,"Sep 3, 2020",LAC,12,15,0,15,31.58,40.0,-8.42,7,6,8,6,0,0,0,0,0,0,0,0,0,0,0,0,0,0,0,0,0,0,0,0
202694,Marcus Morris Sr.,LAC,202009030LAC,"Sep 3, 2020",DEN,18,10,0,10,72.0,90.0,-18.0,5,6,5,12,0,0,0,0,0,0,0,0,0,0,0,0,0,0,0,0,0,0,0,0
203914,Gary Harris,DEN,202009030LAC,"Sep 3, 2020",LAC,5,5,0,5,35.71,50.0,-14.29,1,2,4,3,0,0,0,0,0,0,0,0,0,0,0,0,0,0,0,0,0,0,0,0
1627826,Ivica Zubac,LAC,202009030LAC,"Sep 3, 2020",DEN,4,3,0,3,66.67,66.67,0.0,3,4,0,0,0,0,0,0,0,0,0,0,0,0,0,0,0,0,0,0,0,0,0,0
203999,Nikola Jokić,DEN,202009030LAC,"Sep 3, 2020",LAC,15,14,4,16,44.12,47.59,-3.47,12,12,2,0,1,1,0,0,0,0,0,0,0,0,0,0,0,0,0,0,0,0,1,2
201976,Patrick Beverley,LAC,202009030LAC,"Sep 3, 2020",DEN,8,5,0,5,61.54,80.0,-18.46,2,2,3,6,0,0,0,0,0,0,0,0,0,0,0,0,0,0,0,0,0,0,0,0
203924,Jerami Grant,DEN,202009030LAC,"Sep 3, 2020",LAC,12,8,2,9,50.0,67.57,-17.57,2,2,6,9,1,1,0,0,0,0,0,0,0,0,0,0,0,0,0,0,0,0,0,0
202695,Kawhi Leonard,LAC,202009030LAC,"Sep 3, 2020",DEN,29,16,4,18,76.32,81.64,-5.32,14,22,2,3,2,4,0,0,0,0,0,0,0,0,0,0,0,0,0,0,0,0,0,0
1629013,Landry Shamet,LAC,202009030LAC,"Sep 3, 2020",DEN,4,6,0,6,28.57,33.33,-4.76,4,4,2,0,0,0,0,0,0,0,0,0,0,0,0,0,0,0,0,0,0,0,0,0
1628470,Torrey Craig,DEN,202009030LAC,"Sep 3, 2020",LAC,6,3,2,4,60.0,77.32,-17.32,1,2,2,3,1,1,0,0,0,0,0,0,0,0,0,0,0,0,0,0,0,0,0,0
101150,Lou Williams,LAC,202009030LAC,"Sep 3, 2020",DEN,10,9,0,9,50.0,55.56,-5.56,7,10,2,0,0,0,0,0,0,0,0,0,0,0,0,0,0,0,0,0,0,0,0,0
1629008,Michael Porter Jr.,DEN,202009030LAC,"Sep 3, 2020",LAC,5,9,1,10,20.0,26.48,-6.48,3,4,6,0,0,0,0,0,0,0,0,0,1,1,0,0,0,0,0,0,0,0,0,0
1626149,Montrezl Harrell,LAC,202009030LAC,"Sep 3, 2020",DEN,15,11,6,14,53.57,54.99,-1.42,11,10,0,0,3,5,0,0,0,0,0,0,0,0,0,0,0,0,0,0,0,0,0,0
203210,JaMychal Green,LAC,202009030LAC,"Sep 3, 2020",DEN,7,6,0,6,46.67,58.33,-11.66,3,4,3,3,0,0,0,0,0,0,0,0,0,0,0,0,0,0,0,0,0,0,0,0
203486,Mason Plumlee,LAC,202009030LAC,"Sep 3, 2020",DEN,4,2,4,4,50.0,53.19,-3.19,2,2,0,0,2,2,0,0,0,0,0,0,0,0,0,0,0,0,0,0,0,0,0,0
1628408,PJ Dozier,DEN,202009030LAC,"Sep 3, 2020",LAC,6,6,0,6,46.15,50.0,-3.85,5,6,1,0,0,0,0,0,0,0,0,0,0,0,0,0,0,0,0,0,0,0,0,0
1628966,Keita Bates-Diop,DEN,202009030LAC,"Sep 3, 2020",LAC,1,1,2,2,25.0,26.6,-1.6,1,0,0,0,0,0,0,0,0,0,0,0,0,0,0,0,0,0,0,0,0,0,1,1
203584,Troy Daniels,DEN,202009030LAC,"Sep 3, 2020",LAC,2,2,0,2,50.0,50.0,0.0,2,2,0,0,0,0,0,0,0,0,0,0,0,0,0,0,0,0,0,0,0,0,0,0
1629626,Bol Bol,DEN,202009030LAC,"Sep 3, 2020",LAC,4,1,2,2,80.0,106.38,-26.38,0,0,1,3,1,1,0,0,0,0,0,0,0,0,0,0,0,0,0,0,0,0,0,0
1629611,Terance Mann,LAC,202009030LAC,"Sep 3, 2020",DEN,4,3,0,3,66.67,66.67,0.0,3,4,0,0,0,0,0,0,0,0,0,0,0,0,0,0,0,0,0,0,0,0,0,0
203585,Rodney McGruder,LAC,202009030LAC,"Sep 3, 2020",DEN,2,2,0,2,50.0,50.0,0.0,2,2,0,0,0,0,0,0,0,0,0,0,0,0,0,0,0,0,0,0,0,0,0,0
201980,Danny Green,LAL,202009040LAL,"Sep 4, 2020",HOU,10,12,0,12,32.26,41.67,-9.41,5,4,7,6,0,0,0,0,0,0,0,0,0,0,0,0,0,0,0,0,0,0,0,0
201935,James Harden,HOU,202009040LAL,"Sep 4, 2020",LAL,36,20,12,24,62.07,71.2,-9.13,11,12,6,9,2,4,1,3,3,7,0,0,0,0,0,0,0,0,0,0,0,0,1,1
203076,Anthony Davis,LAL,202009040LAL,"Sep 4, 2020",HOU,25,16,4,18,65.79,70.38,-4.59,13,16,2,3,1,2,0,0,1,3,0,0,1,1,0,0,0,0,0,0,0,0,0,0
203484,Kentavious Caldwell-Pope,LAL,202009040LAL,"Sep 4, 2020",HOU,5,8,0,8,23.81,31.25,-7.44,3,2,5,3,0,0,0,0,0,0,0,0,0,0,0,0,0,0,0,0,0,0,0,0
201566,Russell Westbrook,HOU,202009040LAL,"Sep 4, 2020",LAL,24,24,6,27,40.68,45.05,-4.37,19,18,5,3,3,3,0,0,0,0,0,0,0,0,0,0,0,0,0,0,0,0,0,0
2544,LeBron James,LAL,202009040LAL,"Sep 4, 2020",HOU,20,15,5,16,47.62,58.14,-10.52,5,4,7,6,1,2,0,0,3,8,0,0,0,0,0,0,0,0,0,0,0,0,0,0
201569,Eric Gordon,HOU,202009040LAL,"Sep 4, 2020",LAL,23,14,6,17,54.76,69.11,-14.35,6,8,8,9,2,4,0,0,0,0,0,0,0,0,0,0,0,0,0,0,0,0,1,2
201580,JaVale McGee,LAL,202009040LAL,"Sep 4, 2020",HOU,4,2,0,2,100.0,100.0,0.0,2,4,0,0,0,0,0,0,0,0,0,0,0,0,0,0,0,0,0,0,0,0,0,0
203496,Robert Covington,LAL,202009040LAL,"Sep 4, 2020",HOU,6,3,0,3,66.67,100.0,-33.33,0,0,3,6,0,0,0,0,0,0,0,0,0,0,0,0,0,0,0,0,0,0,0,0
200782,P.J. Tucker,HOU,202009040LAL,"Sep 4, 2020",LAL,6,7,0,7,28.57,42.86,-14.29,0,0,7,6,0,0,0,0,0,0,0,0,0,0,0,0,0,0,0,0,0,0,0,0
1627863,Danuel House Jr.,HOU,202009040LAL,"Sep 4, 2020",LAL,0,3,0,3,0.0,0.0,0.0,0,0,3,0,0,0,0,0,0,0,0,0,0,0,0,0,0,0,0,0,0,0,0,0
201145,Jeff Green,HOU,202009040LAL,"Sep 4, 2020",LAL,7,5,0,5,53.85,70.0,-16.15,2,4,3,3,0,0,0,0,0,0,0,0,0,0,0,0,0,0,0,0,0,0,0,0
203463,Ben McLemore,HOU,202009040LAL,"Sep 4, 2020",LAL,0,1,0,1,0.0,0.0,0.0,0,0,1,0,0,0,0,0,0,0,0,0,0,0,0,0,0,0,0,0,0,0,0,0
1628398,Kyle Kuzma,LAL,202009040LAL,"Sep 4, 2020",HOU,8,9,2,10,33.33,40.49,-7.16,5,4,4,3,1,1,0,0,0,0,0,0,0,0,0,0,0,0,0,0,0,0,0,0
200765,Rajon Rondo,LAL,202009040LAL,"Sep 4, 2020",HOU,8,9,0,9,34.78,44.44,-9.66,4,2,5,6,0,0,0,0,0,0,0,0,0,0,0,0,0,0,0,0,0,0,0,0
203085,Austin Rivers,HOU,202009040LAL,"Sep 4, 2020",LAL,10,4,3,5,71.43,93.98,-22.55,0,0,3,6,1,1,0,0,1,3,0,0,0,0,0,0,0,0,0,0,0,0,0,0
1627936,Alex Caruso,LAL,202009040LAL,"Sep 4, 2020",HOU,14,7,4,9,60.87,79.91,-19.04,2,4,5,6,1,2,0,0,0,0,0,0,0,0,0,0,0,0,0,0,0,0,1,2
2730,Dwight Howard,LAL,202009040LAL,"Sep 4, 2020",HOU,1,1,2,2,25.0,26.6,-1.6,1,0,0,0,1,1,0,0,0,0,0,0,0,0,0,0,0,0,0,0,0,0,0,0
202693,Markieff Morris,LAL,202009040LAL,"Sep 4, 2020",HOU,0,1,0,1,0.0,0.0,0.0,0,0,1,0,0,0,0,0,0,0,0,0,0,0,0,0,0,0,0,0,0,0,0,0
203079,Dion Waiters,LAL,202009040LAL,"Sep 4, 2020",HOU,2,3,2,4,20.0,25.77,-5.77,1,0,2,0,1,2,0,0,0,0,0,0,0,0,0,0,0,0,0,0,0,0,0,0
203507,Giannis Antetokounmpo,MIL,202009040MIA,"Sep 4, 2020",MIA,21,21,12,27,34.43,39.95,-5.52,14,14,7,0,5,5,0,0,0,0,0,0,0,0,0,0,0,0,0,0,0,0,1,2
202710,Jimmy Butler III,MIA,202009040MIA,"Sep 4, 2020",MIL,30,13,19,23,60.0,70.22,-10.22,8,10,5,6,7,9,0,0,0,0,0,0,1,1,0,0,0,0,0,0,0,0,2,4
201609,Goran Dragic,MIA,202009040MIA,"Sep 4, 2020",MIL,15,15,0,15,40.54,50.0,-9.46,8,6,7,9,0,0,0,0,0,0,0,0,0,0,0,0,0,0,0,0,0,0,0,0
203114,Khris Middleton,MIL,202009040MIA,"Sep 4, 2020",MIA,18,16,2,17,45.0,53.32,-8.32,10,10,6,6,0,0,0,0,0,0,0,0,0,0,1,2,0,0,0,0,0,0,0,0
202339,Eric Bledsoe,MIL,202009040MIA,"Sep 4, 2020",MIA,8,9,4,11,32.0,37.17,-5.17,6,2,3,3,2,3,0,0,0,0,0,0,0,0,0,0,0,0,0,0,0,0,0,0
1628389,Bam Adebayo,MIA,202009040MIA,"Sep 4, 2020",MIL,20,8,7,12,86.96,90.25,-3.29,8,14,0,0,1,2,0,0,0,0,0,0,0,0,0,0,0,0,0,0,0,0,3,4
203109,Jae Crowder,MIA,202009040MIA,"Sep 4, 2020",MIL,17,11,2,12,48.57,71.55,-22.98,0,0,11,15,0,0,0,0,0,0,0,0,0,0,0,0,0,0,0,0,0,0,1,2
1629130,Duncan Robinson,MIA,202009040MIA,"Sep 4, 2020",MIL,6,8,0,8,25.0,37.5,-12.5,0,0,8,6,0,0,0,0,0,0,0,0,0,0,0,0,0,0,0,0,0,0,0,0
201572,Brook Lopez,MIL,202009040MIA,"Sep 4, 2020",MIA,22,17,3,18,47.83,60.04,-12.21,7,8,9,9,1,2,0,0,1,3,0,0,0,0,0,0,0,0,0,0,0,0,0,0
201588,George Hill,MIL,202009040MIA,"Sep 4, 2020",MIA,13,9,0,9,61.9,72.22,-10.32,6,10,3,3,0,0,0,0,0,0,0,0,0,0,0,0,0,0,0,0,0,0,0,0
1628978,Donte DiVincenzo,MIL,202009040MIA,"Sep 4, 2020",MIA,10,8,0,8,50.0,62.5,-12.5,4,4,4,6,0,0,0,0,0,0,0,0,0,0,0,0,0,0,0,0,0,0,0,0
101107,Marvin Williams,MIL,202009040MIA,"Sep 4, 2020",MIA,2,4,0,4,22.22,25.0,-2.78,3,2,1,0,0,0,0,0,0,0,0,0,0,0,0,0,0,0,0,0,0,0,0,0
1629639,Tyler Herro,MIA,202009040MIA,"Sep 4, 2020",MIL,13,11,6,14,38.24,47.65,-9.41,5,2,6,6,1,2,0,0,0,0,0,0,0,0,0,0,0,0,0,0,0,0,2,3
203086,Meyers Leonard,MIA,202009040MIA,"Sep 4, 2020",MIL,0,2,0,2,0.0,0.0,0.0,0,0,2,0,0,0,0,0,0,0,0,0,0,0,0,0,0,0,0,0,0,0,0,0
2738,Andre Iguodala,MIA,202009040MIA,"Sep 4, 2020",MIL,6,2,0,2,100.0,150.0,-50.0,0,0,2,6,0,0,0,0,0,0,0,0,0,0,0,0,0,0,0,0,0,0,0,0
1629134,Kendrick Nunn,MIA,202009040MIA,"Sep 4, 2020",MIL,2,6,0,6,12.5,16.67,-4.17,2,2,4,0,0,0,0,0,0,0,0,0,0,0,0,0,0,0,0,0,0,0,0,0
2594,Kyle Korver,MIL,202009040MIA,"Sep 4, 2020",MIA,0,1,0,1,0.0,0.0,0.0,0,0,1,0,0,0,0,0,0,0,0,0,0,0,0,0,0,0,0,0,0,0,0,0
1627884,Derrick Jones Jr.,MIA,202009040MIA,"Sep 4, 2020",MIL,6,2,0,2,100.0,150.0,-50.0,0,0,2,6,0,0,0,0,0,0,0,0,0,0,0,0,0,0,0,0,0,0,0,0
202083,Wesley Matthews,MIL,202009040MIA,"Sep 4, 2020",MIA,6,3,0,3,66.67,100.0,-33.33,0,0,3,6,0,0,0,0,0,0,0,0,0,0,0,0,0,0,0,0,0,0,0,0
1628369,Jayson Tatum,BOS,202009050BOS,"Sep 5, 2020",TOR,24,18,5,20,51.06,59.41,-8.35,11,16,6,3,1,2,0,0,1,3,0,0,0,0,0,0,0,0,0,0,0,0,1,0
1627783,Pascal Siakam,TOR,202009050BOS,"Sep 5, 2020",BOS,23,23,2,24,37.7,48.16,-10.46,10,16,13,6,1,1,0,0,0,0,0,0,0,0,0,0,0,0,0,0,0,0,0,0
1628464,Daniel Theis,BOS,202009050BOS,"Sep 5, 2020",TOR,8,7,2,8,50.0,50.76,-0.76,7,8,0,0,0,0,0,0,0,0,0,0,0,0,0,0,0,0,0,0,0,0,1,0
201188,Marc Gasol,TOR,202009050BOS,"Sep 5, 2020",BOS,4,5,1,5,33.33,36.76,-3.43,3,2,1,0,0,0,0,0,1,2,0,0,0,0,0,0,0,0,0,0,0,0,0,0
200768,Kyle Lowry,TOR,202009050BOS,"Sep 5, 2020",BOS,22,16,8,20,44.0,56.35,-12.35,6,2,10,12,4,8,0,0,0,0,0,0,0,0,0,0,0,0,0,0,0,0,0,0
1628384,OG Anunoby,BOS,202009050BOS,"Sep 5, 2020",TOR,11,7,4,9,50.0,62.79,-12.79,3,2,4,6,1,1,0,0,0,0,0,0,0,0,0,0,0,0,0,0,0,0,1,2
1627759,Jaylen Brown,BOS,202009050BOS,"Sep 5, 2020",TOR,14,18,4,20,27.45,35.43,-7.98,7,4,11,6,2,4,0,0,0,0,0,0,0,0,0,0,0,0,0,0,0,0,0,0
1627832,Fred VanVleet,TOR,202009050BOS,"Sep 5, 2020",BOS,17,19,1,20,34.0,43.72,-9.72,8,2,11,15,0,0,0,0,0,0,0,0,0,0,0,0,0,0,0,0,1,0,0,0
203935,Marcus Smart,BOS,202009050BOS,"Sep 5, 2020",TOR,8,8,5,10,29.63,39.22,-9.59,1,0,6,3,2,2,0,0,1,3,0,0,0,0,0,0,0,0,0,0,0,0,0,0
1629057,Robert Williams III,BOS,202009050BOS,"Sep 5, 2020",TOR,6,4,0,4,75.0,75.0,0.0,4,6,0,0,0,0,0,0,0,0,0,0,0,0,0,0,0,0,0,0,0,0,0,0
202689,Kemba Walker,BOS,202009050BOS,"Sep 5, 2020",TOR,15,9,7,12,48.39,62.09,-13.7,3,6,6,3,1,2,1,2,0,0,0,0,0,0,0,0,0,0,0,0,0,0,1,2
1629684,Grant Williams,BOS,202009050BOS,"Sep 5, 2020",TOR,4,2,2,3,57.14,69.44,-12.3,1,2,1,0,1,2,0,0,0,0,0,0,0,0,0,0,0,0,0,0,0,0,0,0
201586,Serge Ibaka,TOR,202009050BOS,"Sep 5, 2020",BOS,18,9,0,9,81.82,100.0,-18.18,5,6,4,12,0,0,0,0,0,0,0,0,0,0,0,0,0,0,0,0,0,0,0,0
1626181,Norman Powell,TOR,202009050BOS,"Sep 5, 2020",BOS,5,6,3,7,33.33,34.15,-0.82,6,2,0,0,0,0,1,3,0,0,0,0,0,0,0,0,0,0,0,0,0,0,0,0
202954,Brad Wanamaker,BOS,202009050BOS,"Sep 5, 2020",TOR,7,5,0,5,58.33,70.0,-11.67,3,4,2,3,0,0,0,0,0,0,0,0,0,0,0,0,0,0,0,0,0,0,0,0
1629744,Matt Thomas,TOR,202009050BOS,"Sep 5, 2020",BOS,0,1,0,1,0.0,0.0,0.0,0,0,1,0,0,0,0,0,0,0,0,0,0,0,0,0,0,0,0,0,0,0,0,0
1628400,Semi Ojeleye,BOS,202009050BOS,"Sep 5, 2020",TOR,7,4,2,5,53.85,71.72,-17.87,1,2,3,3,1,2,0,0,0,0,0,0,0,0,0,0,0,0,0,0,0,0,0,0
203914,Gary Harris,DEN,202009050LAC,"Sep 5, 2020",LAC,13,8,2,9,52.0,73.2,-21.2,1,0,7,12,1,1,0,0,0,0,0,0,0,0,0,0,0,0,0,0,0,0,0,0
202331,Paul George,LAC,202009050LAC,"Sep 5, 2020",DEN,22,19,5,21,41.51,51.89,-10.38,8,4,10,12,2,3,0,0,1,3,0,0,0,0,0,0,0,0,0,0,0,0,0,0
203999,Nikola Jokić,DEN,202009050LAC,"Sep 5, 2020",LAC,26,17,2,18,63.41,72.71,-9.3,12,12,5,12,1,2,0,0,0,0,0,0,0,0,0,0,0,0,0,0,0,0,0,0
1627750,Jamal Murray,DEN,202009050LAC,"Sep 5, 2020",LAC,27,21,5,24,49.09,58.19,-9.1,12,12,8,9,1,2,0,0,1,2,0,0,2,2,0,0,0,0,0,0,0,0,0,0
1627826,Ivica Zubac,LAC,202009050LAC,"Sep 5, 2020",DEN,15,8,4,10,75.0,76.84,-1.84,8,12,0,0,2,3,0,0,0,0,0,0,0,0,0,0,0,0,0,0,0,0,0,0
201976,Patrick Beverley,LAC,202009050LAC,"Sep 5, 2020",DEN,2,2,0,2,40.0,50.0,-10.0,1,2,1,0,0,0,0,0,0,0,0,0,0,0,0,0,0,0,0,0,0,0,0,0
203924,Jerami Grant,DEN,202009050LAC,"Sep 5, 2020",LAC,5,9,4,11,18.52,23.23,-4.71,4,2,5,0,1,2,0,0,0,0,0,0,1,1,0,0,0,0,0,0,0,0,0,0
200794,Paul Millsap,DEN,202009050LAC,"Sep 5, 2020",LAC,13,11,1,11,46.43,56.82,-10.39,5,4,5,6,0,0,0,0,1,3,0,0,0,0,0,0,0,0,0,0,0,0,0,0
202695,Kawhi Leonard,LAC,202009050LAC,"Sep 5, 2020",DEN,13,17,7,20,29.55,32.37,-2.82,13,6,3,0,3,4,0,0,1,3,0,0,0,0,0,0,0,0,0,0,0,0,0,0
1629013,Landry Shamet,LAC,202009050LAC,"Sep 5, 2020",DEN,2,2,0,2,40.0,50.0,-10.0,1,2,1,0,0,0,0,0,0,0,0,0,0,0,0,0,0,0,0,0,0,0,0,0
1628420,Monte Morris,DEN,202009050LAC,"Sep 5, 2020",LAC,11,9,4,11,40.74,51.12,-10.38,4,2,5,6,2,3,0,0,0,0,0,0,0,0,0,0,0,0,0,0,0,0,0,0
101150,Lou Williams,LAC,202009050LAC,"Sep 5, 2020",DEN,13,16,1,16,33.33,39.54,-6.21,9,10,6,0,0,0,0,0,1,3,0,0,0,0,0,0,0,0,0,0,0,0,0,0
1628470,Torrey Craig,DEN,202009050LAC,"Sep 5, 2020",LAC,3,4,2,5,25.0,30.74,-5.74,2,2,2,0,1,1,0,0,0,0,0,0,0,0,0,0,0,0,0,0,0,0,0,0
1629008,Michael Porter Jr.,DEN,202009050LAC,"Sep 5, 2020",LAC,11,10,0,10,44.0,55.0,-11.0,5,8,5,3,0,0,0,0,0,0,0,0,0,0,0,0,0,0,0,0,0,0,0,0
1626149,Montrezl Harrell,LAC,202009050LAC,"Sep 5, 2020",DEN,10,6,8,10,50.0,52.52,-2.52,6,6,0,0,3,4,0,0,0,0,0,0,0,0,0,0,0,0,0,0,0,0,1,0
202704,Reggie Jackson,LAC,202009050LAC,"Sep 5, 2020",DEN,3,3,0,3,33.33,50.0,-16.67,0,0,3,3,0,0,0,0,0,0,0,0,0,0,0,0,0,0,0,0,0,0,0,0
203210,JaMychal Green,LAC,202009050LAC,"Sep 5, 2020",DEN,10,6,0,6,66.67,83.33,-16.66,3,4,3,6,0,0,0,0,0,0,0,0,0,0,0,0,0,0,0,0,0,0,0,0
203486,Mason Plumlee,DEN,202009050LAC,"Sep 5, 2020",LAC,2,2,0,2,50.0,50.0,0.0,2,2,0,0,0,0,0,0,0,0,0,0,0,0,0,0,0,0,0,0,0,0,0,0
200782,P.J. Tucker,LAL,202009060LAL,"Sep 6, 2020",HOU,18,10,0,10,66.67,90.0,-23.33,3,6,7,12,0,0,0,0,0,0,0,0,0,0,0,0,0,0,0,0,0,0,0,0
201580,JaVale McGee,LAL,202009060LAL,"Sep 6, 2020",HOU,0,1,0,1,0.0,0.0,0.0,1,0,0,0,0,0,0,0,0,0,0,0,0,0,0,0,0,0,0,0,0,0,0,0
201566,Russell Westbrook,HOU,202009060LAL,"Sep 6, 2020",LAL,10,15,3,16,25.0,30.64,-5.64,7,4,7,3,0,0,0,0,1,2,0,0,0,0,0,0,0,0,0,0,0,0,1,1
203076,Anthony Davis,LAL,202009060LAL,"Sep 6, 2020",HOU,34,24,6,26,61.82,63.81,-1.99,21,24,1,3,1,1,0,0,2,5,0,0,0,0,0,0,0,0,0,0,0,0,1,1
203496,Robert Covington,HOU,202009060LAL,"Sep 6, 2020",LAL,17,10,3,11,54.84,75.09,-20.25,2,2,7,9,1,2,0,0,0,0,1,4,0,0,0,0,0,0,0,0,0,0,0,0
2544,LeBron James,LAL,202009060LAL,"Sep 6, 2020",HOU,28,17,10,21,57.14,65.42,-8.28,11,16,5,3,2,4,1,1,1,3,0,0,0,0,0,0,0,0,0,0,0,0,1,1
201980,Danny Green,HOU,202009060LAL,"Sep 6, 2020",LAL,9,6,0,6,52.94,75.0,-22.06,1,0,5,9,0,0,0,0,0,0,0,0,0,0,0,0,0,0,0,0,0,0,0,0
201935,James Harden,HOU,202009060LAL,"Sep 6, 2020",LAL,27,12,13,18,60.0,76.19,-16.19,3,2,8,12,6,10,0,0,1,3,0,0,0,0,0,0,0,0,0,0,0,0,0,0
201569,Eric Gordon,HOU,202009060LAL,"Sep 6, 2020",LAL,24,16,4,18,50.0,67.57,-17.57,4,4,12,18,0,0,1,1,0,0,0,0,1,1,0,0,0,0,0,0,0,0,0,0
203484,Kentavious Caldwell-Pope,LAL,202009060LAL,"Sep 6, 2020",HOU,5,5,0,5,41.67,50.0,-8.33,3,2,2,3,0,0,0,0,0,0,0,0,0,0,0,0,0,0,0,0,0,0,0,0
201145,Jeff Green,HOU,202009060LAL,"Sep 6, 2020",LAL,0,2,0,2,0.0,0.0,0.0,1,0,1,0,0,0,0,0,0,0,0,0,0,0,0,0,0,0,0,0,0,0,0,0
1627863,Danuel House Jr.,HOU,202009060LAL,"Sep 6, 2020",LAL,13,10,0,10,48.15,65.0,-16.85,3,4,7,9,0,0,0,0,0,0,0,0,0,0,0,0,0,0,0,0,0,0,0,0
203085,Austin Rivers,HOU,202009060LAL,"Sep 6, 2020",LAL,0,2,0,2,0.0,0.0,0.0,0,0,2,0,0,0,0,0,0,0,0,0,0,0,0,0,0,0,0,0,0,0,0,0
1628398,Kyle Kuzma,LAL,202009060LAL,"Sep 6, 2020",HOU,13,7,0,7,86.67,92.86,-6.19,6,10,1,3,0,0,0,0,0,0,0,0,0,0,0,0,0,0,0,0,0,0,0,0
200765,Rajon Rondo,LAL,202009060LAL,"Sep 6, 2020",HOU,10,9,2,10,40.0,50.61,-10.61,4,6,5,3,0,0,0,0,0,0,0,0,0,0,0,0,0,0,0,0,0,0,1,1
1627936,Alex Caruso,LAL,202009060LAL,"Sep 6, 2020",HOU,2,5,0,5,16.67,20.0,-3.33,3,2,2,0,0,0,0,0,0,0,0,0,0,0,0,0,0,0,0,0,0,0,0,0
202693,Markieff Morris,LAL,202009060LAL,"Sep 6, 2020",HOU,16,8,0,8,76.19,100.0,-23.81,3,4,5,12,0,0,0,0,0,0,0,0,0,0,0,0,0,0,0,0,0,0,0,0
203079,Dion Waiters,LAL,202009060LAL,"Sep 6, 2020",HOU,0,1,0,1,0.0,0.0,0.0,0,0,1,0,0,0,0,0,0,0,0,0,0,0,0,0,0,0,0,0,0,0,0,0
203463,Ben McLemore,HOU,202009060LAL,"Sep 6, 2020",LAL,0,1,0,1,0.0,0.0,0.0,0,0,1,0,0,0,0,0,0,0,0,0,0,0,0,0,0,0,0,0,0,0,0,0
1629130,Duncan Robinson,MIA,202009060MIA,"Sep 6, 2020",MIL,20,13,0,13,52.63,76.92,-24.29,1,2,12,18,0,0,0,0,0,0,0,0,0,0,0,0,0,0,0,0,0,0,0,0
202339,Eric Bledsoe,MIL,202009060MIA,"Sep 6, 2020",MIA,14,13,3,14,40.0,48.88,-8.88,6,10,6,0,1,2,0,0,1,2,0,0,0,0,0,0,0,0,0,0,0,0,0,0
203109,Jae Crowder,MIL,202009060MIA,"Sep 6, 2020",MIA,18,12,0,12,50.0,75.0,-25.0,0,0,12,18,0,0,0,0,0,0,0,0,0,0,0,0,0,0,0,0,0,0,0,0
202083,Wesley Matthews,MIL,202009060MIA,"Sep 6, 2020",MIA,3,4,0,4,25.0,37.5,-12.5,0,0,4,3,0,0,0,0,0,0,0,0,0,0,0,0,0,0,0,0,0,0,0,0
1628389,Bam Adebayo,MIA,202009060MIA,"Sep 6, 2020",MIL,26,13,6,16,81.25,83.12,-1.87,13,20,0,0,2,4,0,0,0,0,0,0,0,0,0,0,0,0,0,0,0,0,1,2
201609,Goran Dragic,MIA,202009060MIA,"Sep 6, 2020",MIL,17,17,7,20,34.0,42.33,-8.33,8,8,9,3,1,2,1,2,0,0,0,0,0,0,0,0,0,0,0,0,0,0,1,2
202710,Jimmy Butler III,MIA,202009060MIA,"Sep 6, 2020",MIL,17,15,6,18,45.95,48.19,-2.24,14,12,1,0,3,5,0,0,0,0,0,0,0,0,0,0,0,0,0,0,0,0,0,0
203507,Giannis Antetokounmpo,MIL,202009060MIA,"Sep 6, 2020",MIA,19,10,4,12,76.0,80.78,-4.78,9,14,1,3,2,2,0,0,0,0,0,0,0,0,0,0,0,0,0,0,0,0,0,0
203114,Khris Middleton,MIL,202009060MIA,"Sep 6, 2020",MIA,36,28,9,32,50.0,56.32,-6.32,20,16,7,9,3,6,0,0,1,3,0,0,0,0,0,0,0,0,0,0,0,0,1,2
201572,Brook Lopez,MIL,202009060MIA,"Sep 6, 2020",MIA,14,11,3,12,46.67,56.82,-10.15,5,4,5,6,1,2,0,0,1,2,0,0,0,0,0,0,0,0,0,0,0,0,0,0
201588,George Hill,MIL,202009060MIA,"Sep 6, 2020",MIA,12,11,0,11,44.44,54.55,-10.11,6,6,5,6,0,0,0,0,0,0,0,0,0,0,0,0,0,0,0,0,0,0,0,0
101107,Marvin Williams,MIL,202009060MIA,"Sep 6, 2020",MIA,5,3,0,3,62.5,83.33,-20.83,1,2,2,3,0,0,0,0,0,0,0,0,0,0,0,0,0,0,0,0,0,0,0,0
2738,Andre Iguodala,MIA,202009060MIA,"Sep 6, 2020",MIL,0,2,0,2,0.0,0.0,0.0,0,0,2,0,0,0,0,0,0,0,0,0,0,0,0,0,0,0,0,0,0,0,0,0
1629639,Tyler Herro,MIA,202009060MIA,"Sep 6, 2020",MIL,11,11,0,11,39.29,50.0,-10.71,5,2,6,9,0,0,0,0,0,0,0,0,0,0,0,0,0,0,0,0,0,0,0,0
1628978,Donte DiVincenzo,MIL,202009060MIA,"Sep 6, 2020",MIA,10,7,3,8,52.63,60.1,-7.47,4,6,2,0,1,1,0,0,1,3,0,0,0,0,0,0,0,0,0,0,0,0,0,0
203482,Kelly Olynyk,MIA,202009060MIA,"Sep 6, 2020",MIL,3,3,1,3,33.33,43.6,-10.27,0,0,2,0,0,0,0,0,1,3,0,0,0,0,0,0,0,0,0,0,0,0,0,0
2594,Kyle Korver,MIL,202009060MIA,"Sep 6, 2020",MIA,3,3,0,3,37.5,50.0,-12.5,1,0,2,3,0,0,0,0,0,0,0,0,0,0,0,0,0,0,0,0,0,0,0,0
1629134,Kendrick Nunn,MIA,202009060MIA,"Sep 6, 2020",MIL,3,4,0,4,27.27,37.5,-10.23,1,0,3,3,0,0,0,0,0,0,0,0,0,0,0,0,0,0,0,0,0,0,0,0
1626192,Pat Connaughton,MIL,202009060MIA,"Sep 6, 2020",MIA,2,2,0,2,40.0,50.0,-10.0,1,2,1,0,0,0,0,0,0,0,0,0,0,0,0,0,0,0,0,0,0,0,0,0
202694,Marcus Morris Sr.,LAC,202009070DEN,"Sep 7, 2020",DEN,12,8,0,8,66.67,75.0,-8.33,6,12,2,0,0,0,0,0,0,0,0,0,0,0,0,0,0,0,0,0,0,0,0,0
203999,Nikola Jokić,DEN,202009070DEN,"Sep 7, 2020",LAC,32,24,4,26,53.33,62.11,-8.78,16,20,8,9,0,0,0,0,0,0,0,0,0,0,0,0,0,0,0,0,0,0,2,3
202331,Paul George,LAC,202009070DEN,"Sep 7, 2020",DEN,32,18,3,19,69.57,82.82,-13.25,10,12,7,15,1,2,0,0,1,3,0,0,0,0,0,0,0,0,0,0,0,0,0,0
200794,Paul Millsap,DEN,202009070DEN,"Sep 7, 2020",LAC,11,7,2,8,68.75,69.8,-1.05,7,10,0,0,1,1,0,0,0,0,0,0,0,0,0,0,0,0,0,0,0,0,0,0
201976,Patrick Beverley,LAC,202009070DEN,"Sep 7, 2020",DEN,7,6,0,6,43.75,58.33,-14.58,2,4,4,3,0,0,0,0,0,0,0,0,0,0,0,0,0,0,0,0,0,0,0,0
1627826,Ivica Zubac,DEN,202009070DEN,"Sep 7, 2020",LAC,8,1,7,4,88.89,98.04,-9.15,0,0,0,0,2,3,0,0,1,3,0,0,0,0,0,0,0,0,0,0,0,0,1,2
203914,Gary Harris,DEN,202009070DEN,"Sep 7, 2020",LAC,10,6,2,7,55.56,72.67,-17.11,2,2,4,6,1,2,0,0,0,0,0,0,0,0,0,0,0,0,0,0,0,0,0,0
202695,Kawhi Leonard,LAC,202009070DEN,"Sep 7, 2020",DEN,23,19,6,22,46.0,53.14,-7.14,13,16,6,3,1,1,0,0,0,0,0,0,0,0,0,0,0,0,0,0,0,0,2,3
203924,Jerami Grant,LAC,202009070DEN,"Sep 7, 2020",DEN,11,14,0,14,32.35,39.29,-6.94,8,8,6,3,0,0,0,0,0,0,0,0,0,0,0,0,0,0,0,0,0,0,0,0
203210,JaMychal Green,LAC,202009070DEN,"Sep 7, 2020",DEN,7,4,0,4,70.0,87.5,-17.5,2,4,2,3,0,0,0,0,0,0,0,0,0,0,0,0,0,0,0,0,0,0,0,0
1627750,Jamal Murray,DEN,202009070DEN,"Sep 7, 2020",LAC,14,17,2,18,32.56,39.15,-6.59,10,6,7,6,1,2,0,0,0,0,0,0,0,0,0,0,0,0,0,0,0,0,0,0
101150,Lou Williams,LAC,202009070DEN,"Sep 7, 2020",DEN,10,11,0,11,37.04,45.45,-8.41,6,4,5,6,0,0,0,0,0,0,0,0,0,0,0,0,0,0,0,0,0,0,0,0
1626149,Montrezl Harrell,LAC,202009070DEN,"Sep 7, 2020",DEN,11,3,10,8,68.75,74.32,-5.57,3,4,0,0,5,7,0,0,0,0,0,0,0,0,0,0,0,0,0,0,0,0,0,0
1628470,Torrey Craig,DEN,202009070DEN,"Sep 7, 2020",LAC,0,2,0,2,0.0,0.0,0.0,0,0,2,0,0,0,0,0,0,0,0,0,0,0,0,0,0,0,0,0,0,0,0,0
1629008,Michael Porter Jr.,DEN,202009070DEN,"Sep 7, 2020",LAC,18,17,0,17,45.0,52.94,-7.94,11,12,6,6,0,0,0,0,0,0,0,0,0,0,0,0,0,0,0,0,0,0,0,0
1629013,Landry Shamet,LAC,202009070DEN,"Sep 7, 2020",DEN,3,3,0,3,33.33,50.0,-16.67,0,0,3,3,0,0,0,0,0,0,0,0,0,0,0,0,0,0,0,0,0,0,0,0
1629611,Terance Mann,LAC,202009070DEN,"Sep 7, 2020",DEN,0,2,0,2,0.0,0.0,0.0,0,0,2,0,0,0,0,0,0,0,0,0,0,0,0,0,0,0,0,0,0,0,0,0
203486,Mason Plumlee,DEN,202009070DEN,"Sep 7, 2020",LAC,2,2,0,2,50.0,50.0,0.0,2,2,0,0,0,0,0,0,0,0,0,0,0,0,0,0,0,0,0,0,0,0,0,0
1627759,Jaylen Brown,BOS,202009070TOR,"Sep 7, 2020",TOR,27,18,4,20,57.45,68.32,-10.87,11,14,7,9,2,4,0,0,0,0,0,0,0,0,0,0,0,0,0,0,0,0,0,0
201188,Marc Gasol,TOR,202009070TOR,"Sep 7, 2020",BOS,0,4,0,4,0.0,0.0,0.0,3,0,1,0,0,0,0,0,0,0,0,0,0,0,0,0,0,0,0,0,0,0,0,0
1628369,Jayson Tatum,BOS,202009070TOR,"Sep 7, 2020",TOR,18,15,8,19,41.86,48.6,-6.74,10,8,5,3,0,0,1,3,0,0,0,0,1,1,0,0,0,0,0,0,0,0,2,3
1627783,Pascal Siakam,TOR,202009070TOR,"Sep 7, 2020",BOS,10,9,0,9,50.0,55.56,-5.56,7,10,2,0,0,0,0,0,0,0,0,0,0,0,0,0,0,0,0,0,0,0,0,0
203935,Marcus Smart,BOS,202009070TOR,"Sep 7, 2020",TOR,12,8,2,9,52.17,67.57,-15.4,3,4,5,6,1,2,0,0,0,0,0,0,0,0,0,0,0,0,0,0,0,0,0,0
202689,Kemba Walker,BOS,202009070TOR,"Sep 7, 2020",TOR,21,15,5,18,51.22,61.05,-9.83,9,14,6,3,1,1,0,0,0,0,0,0,1,1,0,0,0,0,0,0,0,0,1,2
1628384,OG Anunoby,TOR,202009070TOR,"Sep 7, 2020",BOS,7,11,0,11,25.93,31.82,-5.89,6,4,5,3,0,0,0,0,0,0,0,0,0,0,0,0,0,0,0,0,0,0,0,0
200768,Kyle Lowry,TOR,202009070TOR,"Sep 7, 2020",BOS,10,8,4,10,43.48,51.23,-7.75,5,4,3,3,1,2,0,0,0,0,0,0,0,0,0,0,0,0,0,0,0,0,1,1
1627832,Fred VanVleet,BOS,202009070TOR,"Sep 7, 2020",TOR,18,14,4,16,46.15,57.11,-10.96,7,8,7,6,2,4,0,0,0,0,0,0,0,0,0,0,0,0,0,0,0,0,0,0
1628464,Daniel Theis,BOS,202009070TOR,"Sep 7, 2020",TOR,15,5,6,8,93.75,98.17,-4.42,5,10,0,0,1,2,0,0,0,0,0,0,0,0,0,0,0,0,0,0,0,0,2,3
1626181,Norman Powell,TOR,202009070TOR,"Sep 7, 2020",BOS,16,15,0,15,39.02,53.33,-14.31,4,4,11,12,0,0,0,0,0,0,0,0,0,0,0,0,0,0,0,0,0,0,0,0
202954,Brad Wanamaker,BOS,202009070TOR,"Sep 7, 2020",TOR,15,9,2,10,60.0,75.91,-15.91,4,4,5,9,1,2,0,0,0,0,0,0,0,0,0,0,0,0,0,0,0,0,0,0
201586,Serge Ibaka,TOR,202009070TOR,"Sep 7, 2020",BOS,7,6,0,6,46.67,58.33,-11.66,3,4,3,3,0,0,0,0,0,0,0,0,0,0,0,0,0,0,0,0,0,0,0,0
1628400,Semi Ojeleye,BOS,202009070TOR,"Sep 7, 2020",TOR,0,2,0,2,0.0,0.0,0.0,0,0,2,0,0,0,0,0,0,0,0,0,0,0,0,0,0,0,0,0,0,0,0,0
1628449,Chris Boucher,TOR,202009070TOR,"Sep 7, 2020",BOS,3,5,1,6,25.0,27.57,-2.57,4,0,1,3,0,0,0,0,0,0,0,0,0,0,0,0,0,0,0,0,1,0,0,0
1629684,Grant Williams,BOS,202009070TOR,"Sep 7, 2020",TOR,3,2,0,2,50.0,75.0,-25.0,0,0,2,3,0,0,0,0,0,0,0,0,0,0,0,0,0,0,0,0,0,0,0,0
1629744,Matt Thomas,TOR,202009070TOR,"Sep 7, 2020",BOS,10,6,0,6,62.5,83.33,-20.83,2,4,4,6,0,0,0,0,0,0,0,0,0,0,0,0,0,0,0,0,0,0,0,0
1629056,Terence Davis,TOR,202009070TOR,"Sep 7, 2020",BOS,2,4,2,5,15.38,20.49,-5.11,1,0,3,0,1,2,0,0,0,0,0,0,0,0,0,0,0,0,0,0,0,0,0,0
1626178,Rondae Hollis-Jefferson,TOR,202009070TOR,"Sep 7, 2020",BOS,4,2,2,3,66.67,69.44,-2.77,2,2,0,0,0,0,0,0,0,0,0,0,0,0,0,0,0,0,0,0,0,0,1,2
1626169,Stanley Johnson,TOR,202009070TOR,"Sep 7, 2020",BOS,2,1,0,1,100.0,100.0,0.0,1,2,0,0,0,0,0,0,0,0,0,0,0,0,0,0,0,0,0,0,0,0,0,0
202683,Enes Freedom,BOS,202009070TOR,"Sep 7, 2020",TOR,0,1,0,1,0.0,0.0,0.0,1,0,0,0,0,0,0,0,0,0,0,0,0,0,0,0,0,0,0,0,0,0,0,0
1629641,Romeo Langford,BOS,202009070TOR,"Sep 7, 2020",TOR,0,1,0,1,0.0,0.0,0.0,0,0,1,0,0,0,0,0,0,0,0,0,0,0,0,0,0,0,0,0,0,0,0,0
1629682,Tremont Waters,BOS,202009070TOR,"Sep 7, 2020",TOR,0,1,0,1,0.0,0.0,0.0,0,0,1,0,0,0,0,0,0,0,0,0,0,0,0,0,0,0,0,0,0,0,0,0
2544,LeBron James,LAL,202009080HOU,"Sep 8, 2020",HOU,36,23,10,28,55.38,65.69,-10.31,13,16,9,12,4,4,0,0,1,3,0,0,0,0,0,0,0,0,0,0,0,0,1,1
201566,Russell Westbrook,HOU,202009080HOU,"Sep 8, 2020",LAL,30,24,2,25,55.56,60.29,-4.73,20,22,4,6,1,2,0,0,0,0,0,0,0,0,0,0,0,0,0,0,0,0,0,0
201980,Danny Green,LAL,202009080HOU,"Sep 8, 2020",HOU,2,5,0,5,15.38,20.0,-4.62,2,2,3,0,0,0,0,0,0,0,0,0,0,0,0,0,0,0,0,0,0,0,0,0
203076,Anthony Davis,LAL,202009080HOU,"Sep 8, 2020",HOU,26,13,11,18,70.27,72.87,-2.6,12,16,0,0,5,7,0,0,1,3,0,0,0,0,0,0,0,0,0,0,0,0,0,0
201935,James Harden,HOU,202009080HOU,"Sep 8, 2020",LAL,33,23,7,26,53.23,63.27,-10.04,14,14,9,12,2,4,1,3,0,0,0,0,0,0,0,0,0,0,0,0,0,0,0,0
200782,P.J. Tucker,LAL,202009080HOU,"Sep 8, 2020",HOU,3,3,0,3,37.5,50.0,-12.5,1,0,2,3,0,0,0,0,0,0,0,0,0,0,0,0,0,0,0,0,0,0,0,0
203496,Robert Covington,HOU,202009080HOU,"Sep 8, 2020",LAL,10,7,0,7,55.56,71.43,-15.87,3,4,4,6,0,0,0,0,0,0,0,0,0,0,0,0,0,0,0,0,0,0,0,0
203484,Kentavious Caldwell-Pope,LAL,202009080HOU,"Sep 8, 2020",HOU,6,8,0,8,27.27,37.5,-10.23,2,0,6,6,0,0,0,0,0,0,0,0,0,0,0,0,0,0,0,0,0,0,0,0
201569,Eric Gordon,HOU,202009080HOU,"Sep 8, 2020",LAL,10,9,4,11,35.71,46.47,-10.76,3,0,6,6,2,4,0,0,0,0,0,0,0,0,0,0,0,0,0,0,0,0,0,0
1628398,Kyle Kuzma,LAL,202009080HOU,"Sep 8, 2020",HOU,14,10,0,10,63.64,70.0,-6.36,8,14,2,0,0,0,0,0,0,0,0,0,0,0,0,0,0,0,0,0,0,0,0,0
200765,Rajon Rondo,LAL,202009080HOU,"Sep 8, 2020",HOU,21,11,2,12,72.41,88.38,-15.97,6,10,5,9,0,0,0,0,0,0,0,0,0,0,0,0,0,0,0,0,0,0,1,2
201145,Jeff Green,HOU,202009080HOU,"Sep 8, 2020",LAL,16,11,1,11,64.0,69.93,-5.93,8,10,2,3,0,0,0,0,1,3,0,0,0,0,0,0,0,0,0,0,0,0,0,0
203085,Austin Rivers,HOU,202009080HOU,"Sep 8, 2020",LAL,0,2,0,2,0.0,0.0,0.0,1,0,1,0,0,0,0,0,0,0,0,0,0,0,0,0,0,0,0,0,0,0,0,0
203463,Ben McLemore,HOU,202009080HOU,"Sep 8, 2020",LAL,0,2,0,2,0.0,0.0,0.0,0,0,2,0,0,0,0,0,0,0,0,0,0,0,0,0,0,0,0,0,0,0,0,0
1627936,Alex Caruso,LAL,202009080HOU,"Sep 8, 2020",HOU,5,2,0,2,100.0,125.0,-25.0,1,2,1,3,0,0,0,0,0,0,0,0,0,0,0,0,0,0,0,0,0,0,0,0
202693,Markieff Morris,LAL,202009080HOU,"Sep 8, 2020",HOU,2,6,0,6,12.5,16.67,-4.17,2,2,4,0,0,0,0,0,0,0,0,0,0,0,0,0,0,0,0,0,0,0,0,0
203109,Jae Crowder,MIA,202009080MIL,"Sep 8, 2020",MIL,16,9,4,11,51.61,74.35,-22.74,0,0,9,12,1,2,0,0,0,0,0,0,0,0,0,0,0,0,0,0,0,0,1,2
1629130,Duncan Robinson,MIL,202009080MIL,"Sep 8, 2020",MIA,2,3,0,3,25.0,33.33,-8.33,1,2,2,0,0,0,0,0,0,0,0,0,0,0,0,0,0,0,0,0,0,0,0,0
202083,Wesley Matthews,MIL,202009080MIL,"Sep 8, 2020",MIA,11,6,6,9,52.38,63.66,-11.28,3,6,3,0,2,3,0,0,0,0,0,0,0,0,0,0,0,0,0,0,0,0,1,2
1628389,Bam Adebayo,MIA,202009080MIL,"Sep 8, 2020",MIL,13,9,6,12,54.17,55.84,-1.67,9,8,0,0,1,2,0,0,0,0,0,0,0,0,0,0,0,0,0,0,0,0,2,3
203114,Khris Middleton,MIL,202009080MIL,"Sep 8, 2020",MIA,23,25,6,28,35.38,41.61,-6.23,15,10,9,6,2,4,0,0,1,2,0,0,1,1,0,0,0,0,0,0,0,0,0,0
201609,Goran Dragic,MIA,202009080MIL,"Sep 8, 2020",MIL,17,15,2,16,45.95,53.53,-7.58,10,10,5,6,0,0,0,0,0,0,0,0,0,0,0,0,0,0,0,0,0,0,1,1
201572,Brook Lopez,MIL,202009080MIL,"Sep 8, 2020",MIA,15,16,3,17,39.47,43.3,-3.83,12,12,3,0,1,1,0,0,1,2,0,0,0,0,0,0,0,0,0,0,0,0,0,0
1628978,Donte DiVincenzo,MIL,202009080MIL,"Sep 8, 2020",MIA,17,9,5,11,58.62,75.89,-17.27,3,4,6,9,1,2,1,2,0,0,0,0,0,0,0,0,0,0,0,0,0,0,0,0
202339,Eric Bledsoe,MIL,202009080MIL,"Sep 8, 2020",MIA,9,12,6,15,26.47,30.74,-4.27,8,2,4,3,2,4,0,0,0,0,0,0,0,0,0,0,0,0,0,0,0,0,1,0
202710,Jimmy Butler III,MIA,202009080MIL,"Sep 8, 2020",MIL,17,6,8,10,80.95,89.29,-8.34,5,6,1,3,3,6,0,0,0,0,0,0,0,0,0,0,0,0,0,0,0,0,1,2
1629639,Tyler Herro,MIA,202009080MIL,"Sep 8, 2020",MIL,14,10,1,10,50.0,67.05,-17.05,2,2,7,9,0,0,0,0,1,3,0,0,0,0,0,0,0,0,0,0,0,0,0,0
1626192,Pat Connaughton,MIL,202009080MIL,"Sep 8, 2020",MIA,3,3,0,3,42.86,50.0,-7.14,2,0,1,3,0,0,0,0,0,0,0,0,0,0,0,0,0,0,0,0,0,0,0,0
201588,George Hill,MIL,202009080MIL,"Sep 8, 2020",MIA,2,8,0,8,10.53,12.5,-1.97,5,2,3,0,0,0,0,0,0,0,0,0,0,0,0,0,0,0,0,0,0,0,0,0
101107,Marvin Williams,MIL,202009080MIL,"Sep 8, 2020",MIA,11,10,0,10,47.83,55.0,-7.17,7,8,3,3,0,0,0,0,0,0,0,0,0,0,0,0,0,0,0,0,0,0,0,0
2738,Andre Iguodala,MIA,202009080MIL,"Sep 8, 2020",MIL,6,7,0,7,37.5,42.86,-5.36,5,6,2,0,0,0,0,0,0,0,0,0,0,0,0,0,0,0,0,0,0,0,0,0
2594,Kyle Korver,MIL,202009080MIL,"Sep 8, 2020",MIA,3,2,0,2,60.0,75.0,-15.0,1,0,1,3,0,0,0,0,0,0,0,0,0,0,0,0,0,0,0,0,0,0,0,0
1629134,Kendrick Nunn,MIA,202009080MIL,"Sep 8, 2020",MIL,6,7,0,7,40.0,42.86,-2.86,6,6,1,0,0,0,0,0,0,0,0,0,0,0,0,0,0,0,0,0,0,0,0,0
203482,Kelly Olynyk,MIA,202009080MIL,"Sep 8, 2020",MIL,12,7,3,8,57.14,72.12,-14.98,3,6,4,3,0,0,1,3,0,0,0,0,0,0,0,0,0,0,0,0,0,0,0,0
1627759,Jaylen Brown,TOR,202009090BOS,"Sep 9, 2020",BOS,31,30,5,32,39.74,48.14,-8.4,16,12,13,12,2,4,0,0,1,3,0,0,0,0,0,0,0,0,0,0,0,0,0,0
1627783,Pascal Siakam,TOR,202009090BOS,"Sep 9, 2020",BOS,12,19,4,20,25.53,28.9,-3.37,12,6,5,0,1,1,0,0,2,5,0,0,0,0,0,0,0,0,0,0,0,0,0,0
200768,Kyle Lowry,TOR,202009090BOS,"Sep 9, 2020",BOS,33,20,4,22,61.11,75.83,-14.72,10,12,9,15,0,0,0,0,0,0,1,4,0,0,0,0,0,0,0,0,1,0,1,2
1628369,Jayson Tatum,BOS,202009090BOS,"Sep 9, 2020",TOR,29,21,10,26,48.33,57.09,-8.76,13,10,8,12,2,4,0,0,0,0,0,0,0,0,0,0,0,0,0,0,0,0,3,3
201188,Marc Gasol,TOR,202009090BOS,"Sep 9, 2020",BOS,8,7,0,7,44.44,57.14,-12.7,3,2,4,6,0,0,0,0,0,0,0,0,0,0,0,0,0,0,0,0,0,0,0,0
203935,Marcus Smart,BOS,202009090BOS,"Sep 9, 2020",TOR,23,15,3,16,52.27,70.47,-18.2,3,0,11,18,1,2,0,0,1,3,0,0,0,0,0,0,0,0,0,0,0,0,0,0
202689,Kemba Walker,BOS,202009090BOS,"Sep 9, 2020",TOR,5,11,0,11,17.86,22.73,-4.87,5,2,6,3,0,0,0,0,0,0,0,0,0,0,0,0,0,0,0,0,0,0,0,0
1628384,OG Anunoby,TOR,202009090BOS,"Sep 9, 2020",BOS,13,11,4,13,44.83,50.94,-6.11,8,6,3,6,2,1,0,0,0,0,0,0,0,0,0,0,0,0,0,0,0,0,0,0
1628464,Daniel Theis,BOS,202009090BOS,"Sep 9, 2020",TOR,18,11,0,11,78.26,81.82,-3.56,10,18,1,0,0,0,0,0,0,0,0,0,0,0,0,0,0,0,0,0,0,0,0,0
1627832,Fred VanVleet,TOR,202009090BOS,"Sep 9, 2020",BOS,21,22,4,24,34.43,44.19,-9.76,9,8,13,9,0,0,0,0,0,0,0,0,1,1,1,3,0,0,0,0,0,0,0,0
201586,Serge Ibaka,TOR,202009090BOS,"Sep 9, 2020",BOS,13,9,0,9,56.52,72.22,-15.7,4,4,5,9,0,0,0,0,0,0,0,0,0,0,0,0,0,0,0,0,0,0,0,0
1626181,Norman Powell,TOR,202009090BOS,"Sep 9, 2020",BOS,23,11,9,15,62.16,76.87,-14.71,4,4,6,9,3,5,0,0,1,3,0,0,0,0,0,0,0,0,0,0,0,0,1,2
202954,Brad Wanamaker,BOS,202009090BOS,"Sep 9, 2020",TOR,6,7,0,7,33.33,42.86,-9.53,3,0,4,6,0,0,0,0,0,0,0,0,0,0,0,0,0,0,0,0,0,0,0,0
1628400,Semi Ojeleye,BOS,202009090BOS,"Sep 9, 2020",TOR,0,1,0,1,0.0,0.0,0.0,0,0,1,0,0,0,0,0,0,0,0,0,0,0,0,0,0,0,0,0,0,0,0,0
1629057,Robert Williams III,BOS,202009090BOS,"Sep 9, 2020",TOR,4,2,0,2,100.0,100.0,0.0,2,4,0,0,0,0,0,0,0,0,0,0,0,0,0,0,0,0,0,0,0,0,0,0
1629744,Matt Thomas,TOR,202009090BOS,"Sep 9, 2020",BOS,2,2,0,2,40.0,50.0,-10.0,1,2,1,0,0,0,0,0,0,0,0,0,0,0,0,0,0,0,0,0,0,0,0,0
1629684,Grant Williams,BOS,202009090BOS,"Sep 9, 2020",TOR,6,2,0,2,100.0,150.0,-50.0,0,0,2,6,0,0,0,0,0,0,0,0,0,0,0,0,0,0,0,0,0,0,0,0
203914,Gary Harris,DEN,202009090DEN,"Sep 9, 2020",LAC,10,5,6,8,50.0,65.45,-15.45,1,2,4,3,3,5,0,0,0,0,0,0,0,0,0,0,0,0,0,0,0,0,0,0
202331,Paul George,LAC,202009090DEN,"Sep 9, 2020",DEN,10,10,0,10,38.46,50.0,-11.54,4,4,6,6,0,0,0,0,0,0,0,0,0,0,0,0,0,0,0,0,0,0,0,0
1627826,Ivica Zubac,LAC,202009090DEN,"Sep 9, 2020",DEN,11,9,4,11,50.0,51.12,-1.12,9,8,0,0,2,3,0,0,0,0,0,0,0,0,0,0,0,0,0,0,0,0,0,0
203999,Nikola Jokić,DEN,202009090DEN,"Sep 9, 2020",LAC,26,23,2,24,47.27,54.44,-7.17,16,18,7,6,1,2,0,0,0,0,0,0,0,0,0,0,0,0,0,0,0,0,0,0
1627750,Jamal Murray,DEN,202009090DEN,"Sep 9, 2020",LAC,18,15,4,17,48.65,53.7,-5.05,12,8,3,6,1,2,0,0,0,0,0,0,0,0,0,0,0,0,0,0,0,0,1,2
201976,Patrick Beverley,LAC,202009090DEN,"Sep 9, 2020",DEN,2,3,0,3,28.57,33.33,-4.76,2,2,1,0,0,0,0,0,0,0,0,0,0,0,0,0,0,0,0,0,0,0,0,0
202695,Kawhi Leonard,LAC,202009090DEN,"Sep 9, 2020",DEN,30,22,8,26,53.57,58.78,-5.21,18,16,4,6,3,6,0,0,0,0,0,0,0,0,0,0,0,0,0,0,0,0,1,2
200794,Paul Millsap,DEN,202009090DEN,"Sep 9, 2020",LAC,3,1,4,3,50.0,54.35,-4.35,1,0,0,0,1,1,0,0,0,0,0,0,0,0,0,0,0,0,0,0,0,0,1,2
202694,Marcus Morris Sr.,LAC,202009090DEN,"Sep 9, 2020",DEN,11,6,0,6,64.71,91.67,-26.96,1,2,5,9,0,0,0,0,0,0,0,0,0,0,0,0,0,0,0,0,0,0,0,0
203924,Jerami Grant,DEN,202009090DEN,"Sep 9, 2020",LAC,7,7,2,8,31.82,44.42,-12.6,1,2,6,3,1,2,0,0,0,0,0,0,0,0,0,0,0,0,0,0,0,0,0,0
1629013,Landry Shamet,LAC,202009090DEN,"Sep 9, 2020",DEN,4,7,2,8,18.18,25.38,-7.2,1,0,6,3,0,0,0,0,0,0,0,0,0,0,0,0,0,0,0,0,0,0,1,1
101150,Lou Williams,LAC,202009090DEN,"Sep 9, 2020",DEN,12,11,9,15,35.29,40.11,-4.82,7,4,3,0,3,4,0,0,1,2,0,0,0,0,0,0,0,0,0,0,0,0,1,2
1628470,Torrey Craig,DEN,202009090DEN,"Sep 9, 2020",LAC,1,3,2,4,10.0,12.89,-2.89,1,0,2,0,1,1,0,0,0,0,0,0,0,0,0,0,0,0,0,0,0,0,0,0
1629008,Michael Porter Jr.,DEN,202009090DEN,"Sep 9, 2020",LAC,15,8,2,9,68.18,84.46,-16.28,4,4,4,9,1,2,0,0,0,0,0,0,0,0,0,0,0,0,0,0,0,0,0,0
203210,JaMychal Green,LAC,202009090DEN,"Sep 9, 2020",DEN,1,1,2,2,20.0,26.6,-6.6,0,0,1,0,1,1,0,0,0,0,0,0,0,0,0,0,0,0,0,0,0,0,0,0
1626149,Montrezl Harrell,LAC,202009090DEN,"Sep 9, 2020",DEN,15,10,5,12,55.56,61.48,-5.92,7,10,2,0,2,2,0,0,1,3,0,0,0,0,0,0,0,0,0,0,0,0,0,0
202693,Markieff Morris,LAL,202009100HOU,"Sep 10, 2020",HOU,9,10,0,10,37.5,45.0,-7.5,6,6,4,3,0,0,0,0,0,0,0,0,0,0,0,0,0,0,0,0,0,0,0,0
203496,Robert Covington,HOU,202009100HOU,"Sep 10, 2020",LAL,3,2,0,2,60.0,75.0,-15.0,1,0,1,3,0,0,0,0,0,0,0,0,0,0,0,0,0,0,0,0,0,0,0,0
201935,James Harden,HOU,202009100HOU,"Sep 10, 2020",LAL,21,11,20,21,43.75,53.03,-9.28,5,2,6,3,7,11,0,0,0,0,0,0,0,0,0,0,0,0,0,0,0,0,3,5
2544,LeBron James,LAL,202009100HOU,"Sep 10, 2020",HOU,16,17,3,18,38.1,43.67,-5.57,11,12,5,0,1,1,0,0,1,3,0,0,0,0,0,0,0,0,0,0,0,0,0,0
203076,Anthony Davis,LAL,202009100HOU,"Sep 10, 2020",HOU,29,18,9,22,61.7,66.03,-4.33,15,18,2,0,2,4,0,0,1,3,0,0,0,0,0,0,0,0,0,0,0,0,2,4
200782,P.J. Tucker,HOU,202009100HOU,"Sep 10, 2020",LAL,0,4,0,4,0.0,0.0,0.0,2,0,2,0,0,0,0,0,0,0,0,0,0,0,0,0,0,0,0,0,0,0,0,0
201980,Danny Green,LAL,202009100HOU,"Sep 10, 2020",HOU,10,9,0,9,43.48,55.56,-12.08,4,4,5,6,0,0,0,0,0,0,0,0,0,0,0,0,0,0,0,0,0,0,0,0
201566,Russell Westbrook,HOU,202009100HOU,"Sep 10, 2020",LAL,25,16,9,20,51.02,62.63,-11.61,7,8,8,9,3,4,0,0,1,2,0,0,0,0,0,0,0,0,0,0,0,0,1,2
203484,Kentavious Caldwell-Pope,LAL,202009100HOU,"Sep 10, 2020",HOU,10,6,0,6,66.67,83.33,-16.66,3,4,3,6,0,0,0,0,0,0,0,0,0,0,0,0,0,0,0,0,0,0,0,0
201569,Eric Gordon,HOU,202009100HOU,"Sep 10, 2020",LAL,19,14,4,16,47.5,60.28,-12.78,6,4,8,12,2,3,0,0,0,0,0,0,0,0,0,0,0,0,0,0,0,0,0,0
203463,Ben McLemore,HOU,202009100HOU,"Sep 10, 2020",LAL,9,3,0,3,100.0,150.0,-50.0,0,0,3,9,0,0,0,0,0,0,0,0,0,0,0,0,0,0,0,0,0,0,0,0
201145,Jeff Green,HOU,202009100HOU,"Sep 10, 2020",LAL,9,7,4,9,45.0,51.37,-6.37,5,6,2,0,2,3,0,0,0,0,0,0,0,0,0,0,0,0,0,0,0,0,0,0
1628398,Kyle Kuzma,LAL,202009100HOU,"Sep 10, 2020",HOU,4,6,0,6,30.77,33.33,-2.56,5,4,1,0,0,0,0,0,0,0,0,0,0,0,0,0,0,0,0,0,0,0,0,0
200765,Rajon Rondo,LAL,202009100HOU,"Sep 10, 2020",HOU,11,8,0,8,61.11,68.75,-7.64,6,8,2,3,0,0,0,0,0,0,0,0,0,0,0,0,0,0,0,0,0,0,0,0
203085,Austin Rivers,HOU,202009100HOU,"Sep 10, 2020",LAL,14,8,2,9,66.67,78.83,-12.16,5,6,3,6,1,2,0,0,0,0,0,0,0,0,0,0,0,0,0,0,0,0,0,0
1627936,Alex Caruso,LAL,202009100HOU,"Sep 10, 2020",HOU,16,9,4,11,59.26,74.35,-15.09,4,6,5,6,2,4,0,0,0,0,0,0,0,0,0,0,0,0,0,0,0,0,0,0
1629659,Talen Horton-Tucker,LAL,202009100HOU,"Sep 10, 2020",HOU,5,5,0,5,38.46,50.0,-11.54,2,2,3,3,0,0,0,0,0,0,0,0,0,0,0,0,0,0,0,0,0,0,0,0
202331,Paul George,LAC,202009110LAC,"Sep 11, 2020",DEN,26,18,6,21,50.0,62.98,-12.98,8,8,10,12,3,6,0,0,0,0,0,0,0,0,0,0,0,0,0,0,0,0,0,0
203999,Nikola Jokić,DEN,202009110LAC,"Sep 11, 2020",LAC,22,17,4,19,50.0,58.64,-8.64,11,14,6,6,1,1,0,0,0,0,0,0,0,0,0,0,0,0,0,0,0,0,1,1
203924,Jerami Grant,DEN,202009110LAC,"Sep 11, 2020",LAC,10,7,2,8,47.62,63.45,-15.83,2,2,5,6,1,2,0,0,0,0,0,0,0,0,0,0,0,0,0,0,0,0,0,0
202695,Kawhi Leonard,LAC,202009110LAC,"Sep 11, 2020",DEN,36,24,7,27,53.73,66.47,-12.74,11,12,12,15,1,2,0,0,1,3,0,0,0,0,0,0,0,0,0,0,0,0,2,4
200794,Paul Millsap,DEN,202009110LAC,"Sep 11, 2020",LAC,17,11,8,15,51.52,58.54,-7.02,8,8,3,3,3,5,0,0,0,0,0,0,0,0,0,0,0,0,0,0,0,0,1,1
201976,Patrick Beverley,LAC,202009110LAC,"Sep 11, 2020",DEN,10,8,0,8,45.45,62.5,-17.05,2,4,6,6,0,0,0,0,0,0,0,0,0,0,0,0,0,0,0,0,0,0,0,0
1627750,Jamal Murray,DEN,202009110LAC,"Sep 11, 2020",LAC,26,25,3,27,43.33,49.39,-6.06,18,8,7,15,0,0,0,0,0,0,0,0,1,1,0,0,0,0,0,0,0,0,1,2
1627826,Ivica Zubac,LAC,202009110LAC,"Sep 11, 2020",DEN,5,8,2,9,27.78,28.15,-0.37,8,4,0,0,1,1,0,0,0,0,0,0,0,0,0,0,0,0,0,0,0,0,0,0
202694,Marcus Morris Sr.,LAC,202009110LAC,"Sep 11, 2020",DEN,12,10,1,10,44.44,57.47,-13.03,3,0,6,9,0,0,0,0,1,3,0,0,0,0,0,0,0,0,0,0,0,0,0,0
1629013,Landry Shamet,LAC,202009110LAC,"Sep 11, 2020",DEN,3,2,0,2,50.0,75.0,-25.0,0,0,2,3,0,0,0,0,0,0,0,0,0,0,0,0,0,0,0,0,0,0,0,0
203914,Gary Harris,DEN,202009110LAC,"Sep 11, 2020",LAC,7,4,0,4,70.0,87.5,-17.5,2,4,2,3,0,0,0,0,0,0,0,0,0,0,0,0,0,0,0,0,0,0,0,0
1628470,Torrey Craig,DEN,202009110LAC,"Sep 11, 2020",LAC,4,3,0,3,57.14,66.67,-9.53,2,4,1,0,0,0,0,0,0,0,0,0,0,0,0,0,0,0,0,0,0,0,0,0
1629008,Michael Porter Jr.,DEN,202009110LAC,"Sep 11, 2020",LAC,7,3,4,5,58.33,73.53,-15.2,1,0,2,3,1,2,0,0,0,0,0,0,0,0,0,0,0,0,0,0,0,0,1,2
101150,Lou Williams,LAC,202009110LAC,"Sep 11, 2020",DEN,4,10,0,10,16.0,20.0,-4.0,5,4,5,0,0,0,0,0,0,0,0,0,0,0,0,0,0,0,0,0,0,0,0,0
203486,Mason Plumlee,DEN,202009110LAC,"Sep 11, 2020",LAC,6,3,2,4,66.67,77.32,-10.65,2,4,1,0,1,2,0,0,0,0,0,0,0,0,0,0,0,0,0,0,0,0,0,0
203210,JaMychal Green,LAC,202009110LAC,"Sep 11, 2020",DEN,3,1,0,1,100.0,150.0,-50.0,0,0,1,3,0,0,0,0,0,0,0,0,0,0,0,0,0,0,0,0,0,0,0,0
1626149,Montrezl Harrell,LAC,202009110LAC,"Sep 11, 2020",DEN,6,7,1,7,40.0,40.32,-0.32,6,4,0,0,0,0,0,0,1,2,0,0,0,0,0,0,0,0,0,0,0,0,0,0
1627759,Jaylen Brown,BOS,202009110TOR,"Sep 11, 2020",TOR,21,17,1,17,50.0,60.21,-10.21,9,16,7,3,0,0,0,0,1,2,0,0,0,0,0,0,0,0,0,0,0,0,0,0
201188,Marc Gasol,TOR,202009110TOR,"Sep 11, 2020",BOS,6,7,2,8,33.33,38.07,-4.74,5,4,2,0,1,2,0,0,0,0,0,0,0,0,0,0,0,0,0,0,0,0,0,0
200768,Kyle Lowry,TOR,202009110TOR,"Sep 11, 2020",BOS,16,15,6,17,38.1,45.35,-7.25,7,4,6,3,2,4,0,0,2,5,0,0,0,0,0,0,0,0,0,0,0,0,0,0
1628369,Jayson Tatum,BOS,202009110TOR,"Sep 11, 2020",TOR,29,23,10,28,45.31,52.92,-7.61,15,10,8,12,4,6,0,0,0,0,0,0,0,0,0,0,0,0,0,0,0,0,1,1
1627783,Pascal Siakam,TOR,202009110TOR,"Sep 11, 2020",BOS,13,12,4,14,44.83,47.24,-2.41,11,10,1,0,2,3,0,0,0,0,0,0,0,0,0,0,0,0,0,0,0,0,0,0
202689,Kemba Walker,BOS,202009110TOR,"Sep 11, 2020",TOR,14,16,5,18,31.82,38.46,-6.64,8,6,7,3,1,0,0,0,1,3,0,0,0,0,0,0,0,0,0,0,0,0,1,2
203935,Marcus Smart,BOS,202009110TOR,"Sep 11, 2020",TOR,16,15,3,16,37.21,49.02,-11.81,4,6,10,6,1,1,0,0,1,3,0,0,0,0,0,0,0,0,0,0,0,0,0,0
1628384,OG Anunoby,TOR,202009110TOR,"Sep 11, 2020",BOS,4,3,2,4,40.0,51.55,-11.55,1,2,2,0,1,2,0,0,0,0,0,0,0,0,0,0,0,0,0,0,0,0,0,0
1627832,Fred VanVleet,TOR,202009110TOR,"Sep 11, 2020",BOS,20,20,0,20,40.82,50.0,-9.18,11,8,9,12,0,0,0,0,0,0,0,0,0,0,0,0,0,0,0,0,0,0,0,0
1628464,Daniel Theis,BOS,202009110TOR,"Sep 11, 2020",TOR,5,8,2,9,26.32,28.15,-1.83,7,4,1,0,1,1,0,0,0,0,0,0,0,0,0,0,0,0,0,0,0,0,0,0
1629057,Robert Williams III,BOS,202009110TOR,"Sep 11, 2020",TOR,4,2,0,2,100.0,100.0,0.0,2,4,0,0,0,0,0,0,0,0,0,0,0,0,0,0,0,0,0,0,0,0,0,0
202954,Brad Wanamaker,BOS,202009110TOR,"Sep 11, 2020",TOR,0,2,0,2,0.0,0.0,0.0,0,0,2,0,0,0,0,0,0,0,0,0,0,0,0,0,0,0,0,0,0,0,0,0
201586,Serge Ibaka,TOR,202009110TOR,"Sep 11, 2020",BOS,14,9,3,10,56.0,67.83,-11.83,5,8,4,3,0,0,1,3,0,0,0,0,0,0,0,0,0,0,0,0,0,0,0,0
1626181,Norman Powell,TOR,202009110TOR,"Sep 11, 2020",BOS,11,8,2,9,52.38,61.94,-9.56,5,6,3,3,1,2,0,0,0,0,0,0,0,0,0,0,0,0,0,0,0,0,0,0
1628400,Semi Ojeleye,BOS,202009110TOR,"Sep 11, 2020",TOR,3,3,0,3,33.33,50.0,-16.67,0,0,3,3,0,0,0,0,0,0,0,0,0,0,0,0,0,0,0,0,0,0,0,0
1629744,Matt Thomas,TOR,202009110TOR,"Sep 11, 2020",BOS,3,1,0,1,100.0,150.0,-50.0,0,0,1,3,0,0,0,0,0,0,0,0,0,0,0,0,0,0,0,0,0,0,0,0
1629684,Grant Williams,BOS,202009110TOR,"Sep 11, 2020",TOR,0,0,2,1,0.0,0.0,0.0,0,0,0,0,1,0,0,0,0,0,0,0,0,0,0,0,0,0,0,0,0,0,0,0
203076,Anthony Davis,LAL,202009120LAL,"Sep 12, 2020",HOU,13,9,6,12,54.17,55.84,-1.67,9,8,0,0,3,5,0,0,0,0,0,0,0,0,0,0,0,0,0,0,0,0,0,0
201566,Russell Westbrook,HOU,202009120LAL,"Sep 12, 2020",LAL,10,13,6,16,28.57,31.97,-3.4,10,8,3,0,2,1,0,0,0,0,0,0,0,0,0,0,0,0,0,0,0,0,1,1
203484,Kentavious Caldwell-Pope,LAL,202009120LAL,"Sep 12, 2020",HOU,10,5,0,5,76.92,100.0,-23.08,2,4,3,6,0,0,0,0,0,0,0,0,0,0,0,0,0,0,0,0,0,0,0,0
200782,P.J. Tucker,HOU,202009120LAL,"Sep 12, 2020",LAL,8,10,0,10,30.77,40.0,-9.23,4,2,6,6,0,0,0,0,0,0,0,0,0,0,0,0,0,0,0,0,0,0,0,0
201980,Danny Green,LAL,202009120LAL,"Sep 12, 2020",HOU,14,6,3,7,66.67,95.63,-28.96,0,0,6,12,0,0,1,2,0,0,0,0,0,0,0,0,0,0,0,0,0,0,0,0
203496,Robert Covington,HOU,202009120LAL,"Sep 12, 2020",LAL,5,7,0,7,27.78,35.71,-7.93,3,2,4,3,0,0,0,0,0,0,0,0,0,0,0,0,0,0,0,0,0,0,0,0
201935,James Harden,HOU,202009120LAL,"Sep 12, 2020",LAL,30,20,4,23,57.69,68.93,-11.24,12,20,8,6,1,2,0,0,0,0,0,0,2,2,0,0,0,0,0,0,0,0,0,0
202693,Markieff Morris,LAL,202009120LAL,"Sep 12, 2020",HOU,16,7,0,7,88.89,114.29,-25.4,3,4,4,12,0,0,0,0,0,0,0,0,0,0,0,0,0,0,0,0,0,0,0,0
2544,LeBron James,LAL,202009120LAL,"Sep 12, 2020",HOU,29,18,10,23,53.7,64.73,-11.03,10,12,8,9,3,5,0,0,0,0,0,0,0,0,0,0,0,0,0,0,0,0,2,3
201569,Eric Gordon,HOU,202009120LAL,"Sep 12, 2020",LAL,5,7,0,7,27.78,35.71,-7.93,3,2,4,3,0,0,0,0,0,0,0,0,0,0,0,0,0,0,0,0,0,0,0,0
201145,Jeff Green,HOU,202009120LAL,"Sep 12, 2020",LAL,13,9,6,12,48.15,55.84,-7.69,6,4,3,3,2,4,0,0,0,0,0,0,0,0,0,0,0,0,0,0,0,0,1,2
203085,Austin Rivers,HOU,202009120LAL,"Sep 12, 2020",LAL,9,7,6,10,36.0,46.68,-10.68,2,2,5,3,1,0,0,0,0,0,0,0,0,0,0,0,0,0,0,0,0,0,2,4
203463,Ben McLemore,HOU,202009120LAL,"Sep 12, 2020",LAL,9,9,0,9,33.33,50.0,-16.67,0,0,9,9,0,0,0,0,0,0,0,0,0,0,0,0,0,0,0,0,0,0,0,0
1628398,Kyle Kuzma,LAL,202009120LAL,"Sep 12, 2020",HOU,17,9,4,11,60.71,79.0,-18.29,3,4,6,9,1,2,0,0,0,0,0,0,0,0,0,0,0,0,0,0,0,0,1,2
200765,Rajon Rondo,LAL,202009120LAL,"Sep 12, 2020",HOU,3,4,0,4,33.33,37.5,-4.17,3,0,1,3,0,0,0,0,0,0,0,0,0,0,0,0,0,0,0,0,0,0,0,0
1627936,Alex Caruso,LAL,202009120LAL,"Sep 12, 2020",HOU,5,6,0,6,31.25,41.67,-10.42,2,2,4,3,0,0,0,0,0,0,0,0,0,0,0,0,0,0,0,0,0,0,0,0
1629659,Talen Horton-Tucker,LAL,202009120LAL,"Sep 12, 2020",HOU,9,7,0,7,56.25,64.29,-8.04,5,6,2,3,0,0,0,0,0,0,0,0,0,0,0,0,0,0,0,0,0,0,0,0
201162,Jared Dudley,LAL,202009120LAL,"Sep 12, 2020",HOU,0,1,0,1,0.0,0.0,0.0,0,0,1,0,0,0,0,0,0,0,0,0,0,0,0,0,0,0,0,0,0,0,0,0
203998,Bruno Caboclo,HOU,202009120LAL,"Sep 12, 2020",LAL,0,1,0,1,0.0,0.0,0.0,0,0,1,0,0,0,0,0,0,0,0,0,0,0,0,0,0,0,0,0,0,0,0,0
1629598,Chris Clemons,HOU,202009120LAL,"Sep 12, 2020",LAL,7,5,2,6,41.18,59.52,-18.34,0,0,5,6,0,0,0,0,0,0,0,0,0,0,0,0,0,0,0,0,0,0,1,1
1626187,Michael Frazier II,HOU,202009120LAL,"Sep 12, 2020",LAL,0,1,0,1,0.0,0.0,0.0,0,0,1,0,0,0,0,0,0,0,0,0,0,0,0,0,0,0,0,0,0,0,0,0
2730,Dwight Howard,LAL,202009120LAL,"Sep 12, 2020",HOU,3,0,6,3,50.0,56.82,-6.82,0,0,0,0,0,0,0,0,0,0,0,0,0,0,0,0,0,0,0,0,0,0,3,3
2747,JR Smith,LAL,202009120LAL,"Sep 12, 2020",HOU,0,1,0,1,0.0,0.0,0.0,0,0,1,0,0,0,0,0,0,0,0,0,0,0,0,0,0,0,0,0,0,0,0,0
201580,JaVale McGee,LAL,202009120LAL,"Sep 12, 2020",HOU,0,1,0,1,0.0,0.0,0.0,0,0,1,0,0,0,0,0,0,0,0,0,0,0,0,0,0,0,0,0,0,0,0,0
202331,Paul George,LAC,202009130DEN,"Sep 13, 2020",DEN,33,21,11,26,53.23,63.85,-10.62,11,8,9,12,3,6,1,3,1,3,0,0,1,1,0,0,0,0,0,0,0,0,0,0
201976,Patrick Beverley,DEN,202009130DEN,"Sep 13, 2020",LAC,2,2,0,2,50.0,50.0,0.0,2,2,0,0,0,0,0,0,0,0,0,0,0,0,0,0,0,0,0,0,0,0,0,0
1627750,Jamal Murray,DEN,202009130DEN,"Sep 13, 2020",LAC,21,13,3,14,67.74,73.32,-5.58,10,14,2,3,1,1,0,0,1,3,0,0,0,0,0,0,0,0,0,0,0,0,0,0
202694,Marcus Morris Sr.,LAC,202009130DEN,"Sep 13, 2020",DEN,5,5,2,6,31.25,42.52,-11.27,1,0,4,3,1,2,0,0,0,0,0,0,0,0,0,0,0,0,0,0,0,0,0,0
203999,Nikola Jokić,DEN,202009130DEN,"Sep 13, 2020",LAC,34,22,5,24,61.82,70.25,-8.43,15,16,6,12,2,3,0,0,1,3,0,0,0,0,0,0,0,0,0,0,0,0,0,0
200794,Paul Millsap,LAC,202009130DEN,"Sep 13, 2020",DEN,6,5,4,7,37.5,44.38,-6.88,3,4,2,0,1,0,0,0,0,0,0,0,0,0,0,0,0,0,0,0,0,0,1,2
202695,Kawhi Leonard,LAC,202009130DEN,"Sep 13, 2020",DEN,25,18,7,22,52.08,59.3,-7.22,13,10,5,9,2,4,0,0,0,0,0,0,1,1,0,0,0,0,0,0,0,0,1,1
203914,Gary Harris,DEN,202009130DEN,"Sep 13, 2020",LAC,16,11,6,14,50.0,58.65,-8.65,7,6,4,6,3,4,0,0,0,0,0,0,0,0,0,0,0,0,0,0,0,0,0,0
203924,Jerami Grant,DEN,202009130DEN,"Sep 13, 2020",LAC,4,3,4,5,36.36,42.02,-5.66,2,0,1,0,2,4,0,0,0,0,0,0,0,0,0,0,0,0,0,0,0,0,0,0
1627826,Ivica Zubac,LAC,202009130DEN,"Sep 13, 2020",DEN,2,6,0,6,16.67,16.67,0.0,6,2,0,0,0,0,0,0,0,0,0,0,0,0,0,0,0,0,0,0,0,0,0,0
1629013,Landry Shamet,LAC,202009130DEN,"Sep 13, 2020",DEN,1,3,2,4,9.09,12.89,-3.8,0,0,3,0,1,1,0,0,0,0,0,0,0,0,0,0,0,0,0,0,0,0,0,0
101150,Lou Williams,LAC,202009130DEN,"Sep 13, 2020",DEN,14,11,3,12,51.85,56.82,-4.97,8,6,2,3,1,2,0,0,1,3,0,0,0,0,0,0,0,0,0,0,0,0,0,0
1629008,Michael Porter Jr.,DEN,202009130DEN,"Sep 13, 2020",LAC,13,7,4,9,54.17,74.2,-20.03,1,2,6,9,1,1,0,0,0,0,0,0,0,0,0,0,0,0,0,0,0,0,1,1
203210,JaMychal Green,LAC,202009130DEN,"Sep 13, 2020",DEN,11,8,0,8,57.89,68.75,-10.86,5,8,3,3,0,0,0,0,0,0,0,0,0,0,0,0,0,0,0,0,0,0,0,0
1628470,Torrey Craig,DEN,202009130DEN,"Sep 13, 2020",LAC,7,4,0,4,70.0,87.5,-17.5,2,4,2,3,0,0,0,0,0,0,0,0,0,0,0,0,0,0,0,0,0,0,0,0
1626149,Montrezl Harrell,LAC,202009130DEN,"Sep 13, 2020",DEN,5,4,2,5,45.45,51.23,-5.78,3,4,1,0,1,1,0,0,0,0,0,0,0,0,0,0,0,0,0,0,0,0,0,0
203486,Mason Plumlee,DEN,202009130DEN,"Sep 13, 2020",LAC,0,1,0,1,0.0,0.0,0.0,1,0,0,0,0,0,0,0,0,0,0,0,0,0,0,0,0,0,0,0,0,0,0,0
1628408,PJ Dozier,DEN,202009130DEN,"Sep 13, 2020",LAC,0,1,0,1,0.0,0.0,0.0,1,0,0,0,0,0,0,0,0,0,0,0,0,0,0,0,0,0,0,0,0,0,0,0
1629130,Duncan Robinson,MIA,202009150BOS,"Sep 15, 2020",BOS,6,7,0,7,28.57,42.86,-14.29,0,0,7,6,0,0,0,0,0,0,0,0,0,0,0,0,0,0,0,0,0,0,0,0
202689,Kemba Walker,BOS,202009150BOS,"Sep 15, 2020",MIA,19,19,7,22,35.19,43.03,-7.84,10,10,9,3,2,3,1,3,0,0,0,0,0,0,0,0,0,0,0,0,0,0,0,0
203935,Marcus Smart,BOS,202009150BOS,"Sep 15, 2020",MIA,26,18,3,19,50.0,67.29,-17.29,4,4,13,18,1,1,0,0,1,3,0,0,0,0,0,0,0,0,0,0,0,0,0,0
203109,Jae Crowder,MIA,202009150BOS,"Sep 15, 2020",BOS,22,11,5,13,61.11,83.33,-22.22,2,4,9,15,1,2,1,1,0,0,0,0,0,0,0,0,0,0,0,0,0,0,0,0
1628464,Daniel Theis,BOS,202009150BOS,"Sep 15, 2020",MIA,4,3,0,3,66.67,66.67,0.0,3,4,0,0,0,0,0,0,0,0,0,0,0,0,0,0,0,0,0,0,0,0,0,0
202710,Jimmy Butler III,MIA,202009150BOS,"Sep 15, 2020",BOS,20,14,6,16,54.05,60.1,-6.05,9,6,3,6,2,3,0,0,2,5,0,0,0,0,0,0,0,0,0,0,0,0,0,0
1628369,Jayson Tatum,BOS,202009150BOS,"Sep 15, 2020",MIA,30,24,6,28,45.45,56.31,-10.86,12,12,12,12,1,2,0,0,0,0,0,0,2,3,0,0,0,0,0,0,1,1,0,0
201609,Goran Dragic,MIA,202009150BOS,"Sep 15, 2020",BOS,29,19,4,21,60.42,69.85,-9.43,13,16,6,9,1,2,0,0,0,0,0,0,0,0,0,0,0,0,0,0,0,0,1,2
1627759,Jaylen Brown,BOS,202009150BOS,"Sep 15, 2020",MIA,17,14,2,15,50.0,57.12,-7.12,10,6,4,9,1,2,0,0,0,0,0,0,0,0,0,0,0,0,0,0,0,0,0,0
1629639,Tyler Herro,MIA,202009150BOS,"Sep 15, 2020",BOS,12,10,0,10,48.0,60.0,-12.0,5,6,5,6,0,0,0,0,0,0,0,0,0,0,0,0,0,0,0,0,0,0,0,0
1628389,Bam Adebayo,MIA,202009150BOS,"Sep 15, 2020",BOS,18,12,11,17,51.43,53.44,-2.01,11,8,0,0,1,2,0,0,1,3,0,0,0,0,0,0,0,0,0,0,0,0,4,5
1629134,Kendrick Nunn,MIA,202009150BOS,"Sep 15, 2020",BOS,3,5,0,5,21.43,30.0,-8.57,1,0,4,3,0,0,0,0,0,0,0,0,0,0,0,0,0,0,0,0,0,0,0,0
1628400,Semi Ojeleye,BOS,202009150BOS,"Sep 15, 2020",MIA,2,2,0,2,40.0,50.0,-10.0,1,2,1,0,0,0,0,0,0,0,0,0,0,0,0,0,0,0,0,0,0,0,0,0
1629057,Robert Williams III,BOS,202009150BOS,"Sep 15, 2020",MIA,2,1,0,1,100.0,100.0,0.0,1,2,0,0,0,0,0,0,0,0,0,0,0,0,0,0,0,0,0,0,0,0,0,0
2738,Andre Iguodala,MIA,202009150BOS,"Sep 15, 2020",BOS,3,3,0,3,37.5,50.0,-12.5,1,0,2,3,0,0,0,0,0,0,0,0,0,0,0,0,0,0,0,0,0,0,0,0
203482,Kelly Olynyk,MIA,202009150BOS,"Sep 15, 2020",BOS,4,3,2,4,50.0,51.55,-1.55,3,2,0,0,1,2,0,0,0,0,0,0,0,0,0,0,0,0,0,0,0,0,0,0
1627884,Derrick Jones Jr.,MIA,202009150BOS,"Sep 15, 2020",BOS,0,1,0,1,0.0,0.0,0.0,1,0,0,0,0,0,0,0,0,0,0,0,0,0,0,0,0,0,0,0,0,0,0,0
202954,Brad Wanamaker,BOS,202009150BOS,"Sep 15, 2020",MIA,11,5,5,7,68.75,76.39,-7.64,3,4,1,0,2,4,0,0,1,3,0,0,0,0,0,0,0,0,0,0,0,0,0,0
1629684,Grant Williams,BOS,202009150BOS,"Sep 15, 2020",MIA,3,2,0,2,50.0,75.0,-25.0,0,0,2,3,0,0,0,0,0,0,0,0,0,0,0,0,0,0,0,0,0,0,0,0
203914,Gary Harris,DEN,202009150LAC,"Sep 15, 2020",LAC,14,11,0,11,50.0,63.64,-13.64,5,8,6,6,0,0,0,0,0,0,0,0,0,0,0,0,0,0,0,0,0,0,0,0
202694,Marcus Morris Sr.,LAC,202009150LAC,"Sep 15, 2020",DEN,7,9,2,10,26.92,35.43,-8.51,3,2,6,3,1,2,0,0,0,0,0,0,0,0,0,0,0,0,0,0,0,0,0,0
201976,Patrick Beverley,LAC,202009150LAC,"Sep 15, 2020",DEN,11,7,2,8,61.11,69.8,-8.69,5,6,2,3,0,0,0,0,0,0,0,0,0,0,0,0,0,0,0,0,0,0,1,2
200794,Paul Millsap,DEN,202009150LAC,"Sep 15, 2020",LAC,6,6,0,6,37.5,50.0,-12.5,2,0,4,6,0,0,0,0,0,0,0,0,0,0,0,0,0,0,0,0,0,0,0,0
1627750,Jamal Murray,DEN,202009150LAC,"Sep 15, 2020",LAC,40,26,4,28,57.97,72.05,-14.08,13,18,13,18,2,4,0,0,0,0,0,0,0,0,0,0,0,0,0,0,0,0,0,0
202695,Kawhi Leonard,LAC,202009150LAC,"Sep 15, 2020",DEN,14,22,0,22,27.45,31.82,-4.37,15,8,7,6,0,0,0,0,0,0,0,0,0,0,0,0,0,0,0,0,0,0,0,0
203999,Nikola Jokić,DEN,202009150LAC,"Sep 15, 2020",LAC,16,13,6,16,44.44,51.15,-6.71,9,10,4,0,1,2,0,0,0,0,0,0,0,0,0,0,0,0,0,0,0,0,2,4
202331,Paul George,LAC,202009150LAC,"Sep 15, 2020",DEN,10,16,1,16,22.73,30.41,-7.68,4,2,11,6,0,0,0,0,1,2,0,0,0,0,0,0,0,0,0,0,0,0,0,0
203924,Jerami Grant,DEN,202009150LAC,"Sep 15, 2020",LAC,14,10,2,11,50.0,64.34,-14.34,4,6,6,6,1,2,0,0,0,0,0,0,0,0,0,0,0,0,0,0,0,0,0,0
1627826,Ivica Zubac,LAC,202009150LAC,"Sep 15, 2020",DEN,6,5,0,5,60.0,60.0,0.0,5,6,0,0,0,0,0,0,0,0,0,0,0,0,0,0,0,0,0,0,0,0,0,0
1629013,Landry Shamet,LAC,202009150LAC,"Sep 15, 2020",DEN,3,1,0,1,100.0,150.0,-50.0,0,0,1,3,0,0,0,0,0,0,0,0,0,0,0,0,0,0,0,0,0,0,0,0
1628470,Torrey Craig,DEN,202009150LAC,"Sep 15, 2020",LAC,6,6,0,6,46.15,50.0,-3.85,5,6,1,0,0,0,0,0,0,0,0,0,0,0,0,0,0,0,0,0,0,0,0,0
1626149,Montrezl Harrell,LAC,202009150LAC,"Sep 15, 2020",DEN,20,10,9,14,68.97,71.63,-2.66,9,12,0,0,4,5,0,0,1,3,0,0,0,0,0,0,0,0,0,0,0,0,0,0
1629008,Michael Porter Jr.,DEN,202009150LAC,"Sep 15, 2020",LAC,2,2,2,3,25.0,34.72,-9.72,0,0,2,0,1,2,0,0,0,0,0,0,0,0,0,0,0,0,0,0,0,0,0,0
101150,Lou Williams,LAC,202009150LAC,"Sep 15, 2020",DEN,7,11,0,11,26.92,31.82,-4.9,7,4,4,3,0,0,0,0,0,0,0,0,0,0,0,0,0,0,0,0,0,0,0,0
203210,JaMychal Green,LAC,202009150LAC,"Sep 15, 2020",DEN,11,7,2,8,57.89,69.8,-11.91,4,6,3,3,1,2,0,0,0,0,0,0,0,0,0,0,0,0,0,0,0,0,0,0
203486,Mason Plumlee,DEN,202009150LAC,"Sep 15, 2020",LAC,1,0,2,1,50.0,56.82,-6.82,0,0,0,0,1,1,0,0,0,0,0,0,0,0,0,0,0,0,0,0,0,0,0,0
202704,Reggie Jackson,LAC,202009150LAC,"Sep 15, 2020",DEN,0,2,0,2,0.0,0.0,0.0,1,0,1,0,0,0,0,0,0,0,0,0,0,0,0,0,0,0,0,0,0,0,0,0
202689,Kemba Walker,BOS,202009170BOS,"Sep 17, 2020",MIA,23,19,2,20,45.1,57.85,-12.75,8,10,11,12,1,1,0,0,0,0,0,0,0,0,0,0,0,0,0,0,0,0,0,0
1628389,Bam Adebayo,MIA,202009170BOS,"Sep 17, 2020",BOS,21,16,2,16,61.76,62.2,-0.44,14,16,0,0,0,0,0,0,2,5,0,0,0,0,0,0,0,0,0,0,0,0,0,0
1628369,Jayson Tatum,BOS,202009170BOS,"Sep 17, 2020",MIA,21,12,11,17,56.76,62.35,-5.59,9,10,2,0,3,5,1,2,1,3,0,0,1,1,0,0,0,0,0,0,0,0,0,0
1629130,Duncan Robinson,MIA,202009170BOS,"Sep 17, 2020",BOS,18,12,0,12,50.0,75.0,-25.0,0,0,12,18,0,0,0,0,0,0,0,0,0,0,0,0,0,0,0,0,0,0,0,0
1628464,Daniel Theis,BOS,202009170BOS,"Sep 17, 2020",MIA,6,5,2,6,46.15,51.02,-4.87,4,4,1,0,1,2,0,0,0,0,0,0,0,0,0,0,0,0,0,0,0,0,0,0
1627759,Jaylen Brown,BOS,202009170BOS,"Sep 17, 2020",MIA,21,14,4,16,58.33,66.62,-8.29,10,12,4,6,2,3,0,0,0,0,0,0,0,0,0,0,0,0,0,0,0,0,0,0
203109,Jae Crowder,MIA,202009170BOS,"Sep 17, 2020",BOS,12,12,1,12,34.29,48.23,-13.94,2,2,9,6,0,0,0,0,0,0,1,4,0,0,0,0,0,0,0,0,0,0,0,0
203935,Marcus Smart,MIA,202009170BOS,"Sep 17, 2020",BOS,14,13,2,14,41.18,50.43,-9.25,7,6,6,6,1,2,0,0,0,0,0,0,0,0,0,0,0,0,0,0,0,0,0,0
202710,Jimmy Butler III,MIA,202009170BOS,"Sep 17, 2020",BOS,14,11,6,14,48.28,51.32,-3.04,10,8,1,0,2,4,0,0,0,0,0,0,0,0,0,0,0,0,0,0,0,0,1,2
201609,Goran Dragic,MIA,202009170BOS,"Sep 17, 2020",BOS,25,19,2,20,53.19,62.88,-9.69,12,14,7,9,1,2,0,0,0,0,0,0,0,0,0,0,0,0,0,0,0,0,0,0
202683,Enes Freedom,BOS,202009170BOS,"Sep 17, 2020",MIA,9,4,1,4,100.0,101.35,-1.35,3,6,0,0,0,0,0,0,1,3,0,0,0,0,0,0,0,0,0,0,0,0,0,0
1629639,Tyler Herro,MIA,202009170BOS,"Sep 17, 2020",BOS,11,12,2,13,32.35,42.7,-10.35,4,6,8,3,1,2,0,0,0,0,0,0,0,0,0,0,0,0,0,0,0,0,0,0
1628400,Semi Ojeleye,BOS,202009170BOS,"Sep 17, 2020",MIA,0,2,0,2,0.0,0.0,0.0,1,0,1,0,0,0,0,0,0,0,0,0,0,0,0,0,0,0,0,0,0,0,0,0
203482,Kelly Olynyk,MIA,202009170BOS,"Sep 17, 2020",BOS,5,6,1,6,29.41,38.82,-9.41,1,0,4,3,0,0,0,0,1,2,0,0,0,0,0,0,0,0,0,0,0,0,0,0
202954,Brad Wanamaker,BOS,202009170BOS,"Sep 17, 2020",MIA,7,3,2,4,63.64,90.21,-26.57,0,0,3,6,0,0,0,0,0,0,0,0,0,0,0,0,0,0,0,0,0,0,1,1
1629134,Kendrick Nunn,MIA,202009170BOS,"Sep 17, 2020",BOS,0,2,0,2,0.0,0.0,0.0,1,0,1,0,0,0,0,0,0,0,0,0,0,0,0,0,0,0,0,0,0,0,0,0
203999,Nikola Jokić,DEN,202009180LAL,"Sep 18, 2020",LAL,21,14,7,17,60.0,61.48,-1.48,13,14,0,0,2,3,0,0,1,3,0,0,0,0,0,0,0,0,0,0,0,0,1,1
2544,LeBron James,LAL,202009180LAL,"Sep 18, 2020",DEN,15,11,4,12,53.57,58.78,-5.21,7,8,2,0,1,1,0,0,2,6,0,0,0,0,0,0,0,0,0,0,0,0,0,0
203076,Anthony Davis,LAL,202009180LAL,"Sep 18, 2020",DEN,37,21,15,28,61.67,67.03,-5.36,18,22,3,3,6,9,1,3,0,0,0,0,0,0,0,0,0,0,0,0,0,0,0,0
203924,Jerami Grant,DEN,202009180LAL,"Sep 18, 2020",LAL,9,11,2,12,30.0,37.88,-7.88,5,4,6,3,0,0,0,0,0,0,0,0,0,0,0,0,0,0,0,0,0,0,1,2
201980,Danny Green,LAL,202009180LAL,"Sep 18, 2020",DEN,8,10,1,11,32.0,38.31,-6.31,6,4,4,3,0,0,0,0,0,0,0,0,1,1,0,0,0,0,0,0,0,0,0,0
201580,JaVale McGee,DEN,202009180LAL,"Sep 18, 2020",LAL,0,1,0,1,0.0,0.0,0.0,0,0,1,0,0,0,0,0,0,0,0,0,0,0,0,0,0,0,0,0,0,0,0,0
203484,Kentavious Caldwell-Pope,LAL,202009180LAL,"Sep 18, 2020",DEN,18,10,4,12,62.07,76.53,-14.46,5,6,5,9,1,2,0,0,0,0,0,0,0,0,0,0,0,0,0,0,0,0,1,1
200794,Paul Millsap,DEN,202009180LAL,"Sep 18, 2020",LAL,5,5,0,5,45.45,50.0,-4.55,4,2,1,3,0,0,0,0,0,0,0,0,0,0,0,0,0,0,0,0,0,0,0,0
1627750,Jamal Murray,DEN,202009180LAL,"Sep 18, 2020",LAL,21,12,4,14,63.64,76.31,-12.67,7,8,5,9,2,4,0,0,0,0,0,0,0,0,0,0,0,0,0,0,0,0,0,0
1628398,Kyle Kuzma,LAL,202009180LAL,"Sep 18, 2020",DEN,11,8,0,8,61.11,68.75,-7.64,6,8,2,3,0,0,0,0,0,0,0,0,0,0,0,0,0,0,0,0,0,0,0,0
1627936,Alex Caruso,LAL,202009180LAL,"Sep 18, 2020",DEN,5,3,5,5,38.46,48.08,-9.62,0,0,2,0,1,2,0,0,1,3,0,0,0,0,0,0,0,0,0,0,0,0,1,0
1628420,Monte Morris,DEN,202009180LAL,"Sep 18, 2020",LAL,8,6,4,8,50.0,51.55,-1.55,6,6,0,0,1,1,0,0,0,0,0,0,0,0,0,0,0,0,0,0,0,0,1,1
200765,Rajon Rondo,LAL,202009180LAL,"Sep 18, 2020",DEN,7,7,0,7,46.67,50.0,-3.33,6,4,1,3,0,0,0,0,0,0,0,0,0,0,0,0,0,0,0,0,0,0,0,0
1628470,Torrey Craig,DEN,202009180LAL,"Sep 18, 2020",LAL,6,4,2,5,50.0,61.48,-11.48,2,4,2,0,1,2,0,0,0,0,0,0,0,0,0,0,0,0,0,0,0,0,0,0
1629008,Michael Porter Jr.,DEN,202009180LAL,"Sep 18, 2020",LAL,14,9,8,13,43.75,55.91,-12.16,3,4,6,3,2,3,0,0,0,0,0,0,0,0,0,0,0,0,0,0,0,0,2,4
203486,Mason Plumlee,DEN,202009180LAL,"Sep 18, 2020",LAL,9,6,1,7,69.23,69.88,-0.65,6,8,0,0,1,1,0,0,0,0,0,0,0,0,0,0,0,0,0,0,0,0,0,0
203914,Gary Harris,DEN,202009180LAL,"Sep 18, 2020",LAL,5,7,0,7,27.78,35.71,-7.93,3,2,4,3,0,0,0,0,0,0,0,0,0,0,0,0,0,0,0,0,0,0,0,0
2730,Dwight Howard,LAL,202009180LAL,"Sep 18, 2020",DEN,13,5,8,9,72.22,76.29,-4.07,5,8,0,0,1,0,0,0,0,0,0,0,0,0,0,0,0,0,0,0,0,0,3,5
1628408,PJ Dozier,DEN,202009180LAL,"Sep 18, 2020",LAL,6,5,0,5,60.0,60.0,0.0,5,6,0,0,0,0,0,0,0,0,0,0,0,0,0,0,0,0,0,0,0,0,0,0
203584,Troy Daniels,DEN,202009180LAL,"Sep 18, 2020",LAL,8,3,0,3,100.0,133.33,-33.33,1,2,2,6,0,0,0,0,0,0,0,0,0,0,0,0,0,0,0,0,0,0,0,0
1629626,Bol Bol,DEN,202009180LAL,"Sep 18, 2020",LAL,2,1,0,1,100.0,100.0,0.0,1,2,0,0,0,0,0,0,0,0,0,0,0,0,0,0,0,0,0,0,0,0,0,0
2747,JR Smith,LAL,202009180LAL,"Sep 18, 2020",DEN,3,2,0,2,50.0,75.0,-25.0,0,0,2,3,0,0,0,0,0,0,0,0,0,0,0,0,0,0,0,0,0,0,0,0
1626188,Quinn Cook,LAL,202009180LAL,"Sep 18, 2020",DEN,0,1,0,1,0.0,0.0,0.0,1,0,0,0,0,0,0,0,0,0,0,0,0,0,0,0,0,0,0,0,0,0,0,0
203109,Jae Crowder,MIA,202009190MIA,"Sep 19, 2020",BOS,10,10,4,12,29.41,42.52,-13.11,0,0,10,6,1,2,0,0,0,0,0,0,0,0,0,0,0,0,0,0,0,0,1,2
1628369,Jayson Tatum,BOS,202009190MIA,"Sep 19, 2020",MIA,25,20,5,22,48.08,56.31,-8.23,12,12,7,6,1,2,0,0,1,3,0,0,0,0,0,0,0,0,0,0,0,0,1,2
203935,Marcus Smart,BOS,202009190MIA,"Sep 19, 2020",MIA,20,10,10,14,62.5,69.44,-6.94,6,6,2,0,1,2,0,0,2,6,0,0,0,0,0,0,0,0,0,0,0,0,3,6
1628389,Bam Adebayo,MIA,202009190MIA,"Sep 19, 2020",BOS,27,14,9,18,72.97,75.17,-2.2,13,18,0,0,3,5,0,0,1,2,0,0,0,0,0,0,0,0,0,0,0,0,1,2
1627759,Jaylen Brown,BOS,202009190MIA,"Sep 19, 2020",MIA,26,17,5,19,63.41,67.71,-4.3,14,18,2,3,2,3,0,0,1,2,0,0,0,0,0,0,0,0,0,0,0,0,0,0
201609,Goran Dragic,MIA,202009190MIA,"Sep 19, 2020",BOS,11,10,7,14,34.38,42.05,-7.67,5,2,5,3,1,2,0,0,0,0,0,0,1,1,0,0,0,0,0,0,0,0,2,3
202689,Kemba Walker,MIA,202009190MIA,"Sep 19, 2020",BOS,21,16,2,17,50.0,62.2,-12.2,8,8,8,12,1,1,0,0,0,0,0,0,0,0,0,0,0,0,0,0,0,0,0,0
1629130,Duncan Robinson,BOS,202009190MIA,"Sep 19, 2020",MIA,13,8,2,9,50.0,73.2,-23.2,0,0,8,12,0,0,0,0,0,0,0,0,0,0,1,1,0,0,0,0,0,0,0,0
202710,Jimmy Butler III,MIA,202009190MIA,"Sep 19, 2020",BOS,17,13,6,15,51.52,54.35,-2.83,10,8,1,0,2,3,0,0,2,6,0,0,0,0,0,0,0,0,0,0,0,0,0,0
1628464,Daniel Theis,MIA,202009190MIA,"Sep 19, 2020",BOS,8,6,2,7,53.33,58.14,-4.81,5,6,1,0,1,2,0,0,0,0,0,0,0,0,0,0,0,0,0,0,0,0,0,0
202330,Gordon Hayward,BOS,202009190MIA,"Sep 19, 2020",MIA,6,7,2,8,31.58,38.07,-6.49,4,2,3,3,0,0,0,0,0,0,0,0,0,0,0,0,0,0,0,0,0,0,1,1
1629639,Tyler Herro,MIA,202009190MIA,"Sep 19, 2020",BOS,22,18,2,19,44.0,58.26,-14.26,6,8,12,12,0,0,0,0,0,0,0,0,0,0,0,0,0,0,0,0,0,0,1,2
203482,Kelly Olynyk,MIA,202009190MIA,"Sep 19, 2020",BOS,3,6,4,8,15.0,19.33,-4.33,2,0,4,0,1,2,0,0,0,0,0,0,0,0,0,0,0,0,0,0,0,0,1,1
202683,Enes Freedom,BOS,202009190MIA,"Sep 19, 2020",MIA,4,4,2,5,40.0,40.98,-0.98,4,2,0,0,1,2,0,0,0,0,0,0,0,0,0,0,0,0,0,0,0,0,0,0
2738,Andre Iguodala,MIA,202009190MIA,"Sep 19, 2020",BOS,0,1,0,1,0.0,0.0,0.0,0,0,1,0,0,0,0,0,0,0,0,0,0,0,0,0,0,0,0,0,0,0,0,0
202954,Brad Wanamaker,BOS,202009190MIA,"Sep 19, 2020",MIA,2,1,2,2,40.0,53.19,-13.19,0,0,1,0,1,2,0,0,0,0,0,0,0,0,0,0,0,0,0,0,0,0,0,0
1627884,Derrick Jones Jr.,MIA,202009190MIA,"Sep 19, 2020",BOS,3,4,0,4,27.27,37.5,-10.23,1,0,3,3,0,0,0,0,0,0,0,0,0,0,0,0,0,0,0,0,0,0,0,0
1629684,Grant Williams,BOS,202009190MIA,"Sep 19, 2020",MIA,5,4,0,4,50.0,62.5,-12.5,2,2,2,3,0,0,0,0,0,0,0,0,0,0,0,0,0,0,0,0,0,0,0,0
1629134,Kendrick Nunn,MIA,202009190MIA,"Sep 19, 2020",BOS,0,1,0,1,0.0,0.0,0.0,1,0,0,0,0,0,0,0,0,0,0,0,0,0,0,0,0,0,0,0,0,0,0,0
203999,Nikola Jokić,DEN,202009200LAL,"Sep 20, 2020",LAL,30,20,12,26,53.57,59.34,-5.77,16,16,4,3,3,5,0,0,0,0,0,0,0,0,0,0,0,0,0,0,0,0,3,6
2544,LeBron James,LAL,202009200LAL,"Sep 20, 2020",DEN,26,20,4,21,50.0,59.74,-9.74,10,10,8,9,1,2,0,0,2,5,0,0,0,0,0,0,0,0,0,0,0,0,0,0
201580,JaVale McGee,LAL,202009200LAL,"Sep 20, 2020",DEN,3,3,1,3,42.86,43.6,-0.74,2,0,0,0,0,0,0,0,1,3,0,0,0,0,0,0,0,0,0,0,0,0,0,0
201980,Danny Green,LAL,202009200LAL,"Sep 20, 2020",DEN,11,14,0,14,28.95,39.29,-10.34,4,2,10,9,0,0,0,0,0,0,0,0,0,0,0,0,0,0,0,0,0,0,0,0
1627750,Jamal Murray,DEN,202009200LAL,"Sep 20, 2020",LAL,25,19,8,24,45.45,55.51,-10.06,10,12,9,6,2,3,0,0,0,0,0,0,2,2,0,0,0,0,0,0,0,0,1,2
203484,Kentavious Caldwell-Pope,LAL,202009200LAL,"Sep 20, 2020",DEN,11,6,2,7,57.89,79.94,-22.05,1,0,5,9,1,2,0,0,0,0,0,0,0,0,0,0,0,0,0,0,0,0,0,0
200794,Paul Millsap,DEN,202009200LAL,"Sep 20, 2020",LAL,6,6,3,7,37.5,40.98,-3.48,4,2,1,0,1,1,0,0,1,3,0,0,0,0,0,0,0,0,0,0,0,0,0,0
203914,Gary Harris,DEN,202009200LAL,"Sep 20, 2020",LAL,3,6,0,6,20.0,25.0,-5.0,3,0,3,3,0,0,0,0,0,0,0,0,0,0,0,0,0,0,0,0,0,0,0,0
203076,Anthony Davis,LAL,202009200LAL,"Sep 20, 2020",DEN,31,23,7,27,54.39,59.43,-5.04,19,18,4,6,3,6,0,0,0,0,0,0,1,1,0,0,0,0,0,0,0,0,0,0
203924,Jerami Grant,DEN,202009200LAL,"Sep 20, 2020",LAL,7,4,0,4,77.78,87.5,-9.72,3,4,1,3,0,0,0,0,0,0,0,0,0,0,0,0,0,0,0,0,0,0,0,0
1628470,Torrey Craig,DEN,202009200LAL,"Sep 20, 2020",LAL,3,2,1,2,50.0,61.48,-11.48,0,0,1,0,0,0,0,0,1,3,0,0,0,0,0,0,0,0,0,0,0,0,0,0
1628398,Kyle Kuzma,LAL,202009200LAL,"Sep 20, 2020",DEN,8,7,2,8,42.11,50.76,-8.65,4,6,3,0,1,2,0,0,0,0,0,0,0,0,0,0,0,0,0,0,0,0,0,0
200765,Rajon Rondo,LAL,202009200LAL,"Sep 20, 2020",DEN,3,3,0,3,37.5,50.0,-12.5,1,0,2,3,0,0,0,0,0,0,0,0,0,0,0,0,0,0,0,0,0,0,0,0
1629008,Michael Porter Jr.,DEN,202009200LAL,"Sep 20, 2020",LAL,15,9,2,10,62.5,75.91,-13.41,5,8,4,6,1,1,0,0,0,0,0,0,0,0,0,0,0,0,0,0,0,0,0,0
1627936,Alex Caruso,LAL,202009200LAL,"Sep 20, 2020",DEN,9,6,2,7,50.0,65.41,-15.41,2,4,4,3,1,2,0,0,0,0,0,0,0,0,0,0,0,0,0,0,0,0,0,0
1628420,Monte Morris,DEN,202009200LAL,"Sep 20, 2020",LAL,9,4,2,5,81.82,92.21,-10.39,3,4,1,3,0,0,0,0,0,0,0,0,0,0,0,0,0,0,0,0,0,0,1,2
203486,Mason Plumlee,DEN,202009200LAL,"Sep 20, 2020",LAL,2,2,0,2,50.0,50.0,0.0,2,2,0,0,0,0,0,0,0,0,0,0,0,0,0,0,0,0,0,0,0,0,0,0
2730,Dwight Howard,LAL,202009200LAL,"Sep 20, 2020",DEN,3,1,1,2,100.0,104.17,-4.17,1,2,0,0,0,0,0,0,0,0,0,0,0,0,0,0,0,0,0,0,1,1,0,0
1628408,PJ Dozier,DEN,202009200LAL,"Sep 20, 2020",LAL,3,2,5,4,33.33,35.71,-2.38,1,0,0,0,2,1,0,0,1,2,0,0,0,0,0,0,0,0,0,0,0,0,0,0
203076,Anthony Davis,LAL,202009220DEN,"Sep 22, 2020",DEN,27,17,10,21,56.25,63.08,-6.83,12,16,4,0,3,5,1,3,1,3,0,0,0,0,0,0,0,0,0,0,0,0,0,0
200794,Paul Millsap,DEN,202009220DEN,"Sep 22, 2020",LAL,6,8,2,9,28.57,33.78,-5.21,5,4,3,0,1,2,0,0,0,0,0,0,0,0,0,0,0,0,0,0,0,0,0,0
203924,Jerami Grant,DEN,202009220DEN,"Sep 22, 2020",LAL,26,11,12,17,66.67,79.85,-13.18,6,10,5,6,5,9,0,0,0,0,0,0,0,0,0,0,0,0,0,0,0,0,1,1
201980,Danny Green,LAL,202009220DEN,"Sep 22, 2020",DEN,4,4,2,5,30.77,40.98,-10.21,1,0,3,3,1,1,0,0,0,0,0,0,0,0,0,0,0,0,0,0,0,0,0,0
203999,Nikola Jokić,DEN,202009220DEN,"Sep 22, 2020",LAL,22,14,4,16,62.86,69.8,-6.94,11,16,3,3,2,3,0,0,0,0,0,0,0,0,0,0,0,0,0,0,0,0,0,0
2544,LeBron James,LAL,202009220DEN,"Sep 22, 2020",DEN,30,23,2,24,57.69,62.81,-5.12,19,26,4,3,0,0,0,0,0,0,0,0,0,0,1,1,0,0,0,0,0,0,0,0
201580,JaVale McGee,DEN,202009220DEN,"Sep 22, 2020",LAL,4,2,1,2,80.0,81.97,-1.97,1,2,0,0,0,0,0,0,1,2,0,0,0,0,0,0,0,0,0,0,0,0,0,0
1627750,Jamal Murray,DEN,202009220DEN,"Sep 22, 2020",LAL,28,17,7,21,57.14,69.72,-12.58,9,12,8,12,2,2,0,0,0,0,0,0,1,0,0,0,0,0,0,0,0,0,1,2
203484,Kentavious Caldwell-Pope,LAL,202009220DEN,"Sep 22, 2020",DEN,12,8,0,8,57.14,75.0,-17.86,3,6,5,6,0,0,0,0,0,0,0,0,0,0,0,0,0,0,0,0,0,0,0,0
203914,Gary Harris,DEN,202009220DEN,"Sep 22, 2020",LAL,7,5,2,6,50.0,59.52,-9.52,3,2,2,3,0,0,0,0,0,0,0,0,0,0,0,0,0,0,0,0,0,0,1,2
1628398,Kyle Kuzma,LAL,202009220DEN,"Sep 22, 2020",DEN,11,7,3,8,57.89,66.11,-8.22,4,4,2,3,1,1,0,0,1,3,0,0,0,0,0,0,0,0,0,0,0,0,0,0
200765,Rajon Rondo,LAL,202009220DEN,"Sep 22, 2020",DEN,9,10,3,11,34.62,39.75,-5.13,6,6,3,0,1,1,0,0,1,2,0,0,0,0,0,0,0,0,0,0,0,0,0,0
1627936,Alex Caruso,LAL,202009220DEN,"Sep 22, 2020",DEN,2,7,0,7,11.11,14.29,-3.18,3,2,4,0,0,0,0,0,0,0,0,0,0,0,0,0,0,0,0,0,0,0,0,0
1629008,Michael Porter Jr.,DEN,202009220DEN,"Sep 22, 2020",LAL,9,6,0,6,64.29,75.0,-10.71,4,6,2,3,0,0,0,0,0,0,0,0,0,0,0,0,0,0,0,0,0,0,0,0
1628420,Monte Morris,DEN,202009220DEN,"Sep 22, 2020",LAL,14,7,2,8,70.0,88.83,-18.83,3,6,4,6,0,0,0,0,0,0,0,0,0,0,0,0,0,0,0,0,0,0,1,2
1628470,Torrey Craig,DEN,202009220DEN,"Sep 22, 2020",LAL,2,4,0,4,20.0,25.0,-5.0,2,2,2,0,0,0,0,0,0,0,0,0,0,0,0,0,0,0,0,0,0,0,0,0
203486,Mason Plumlee,DEN,202009220DEN,"Sep 22, 2020",LAL,0,1,0,1,0.0,0.0,0.0,1,0,0,0,0,0,0,0,0,0,0,0,0,0,0,0,0,0,0,0,0,0,0,0
2730,Dwight Howard,LAL,202009220DEN,"Sep 22, 2020",DEN,4,3,1,3,57.14,58.14,-1.0,2,2,0,0,0,0,0,0,1,2,0,0,0,0,0,0,0,0,0,0,0,0,0,0
202710,Jimmy Butler III,MIA,202009230MIA,"Sep 23, 2020",BOS,24,20,9,24,47.06,50.08,-3.02,17,14,2,0,2,4,0,0,1,3,0,0,0,0,0,0,0,0,0,0,0,0,2,3
203935,Marcus Smart,BOS,202009230MIA,"Sep 23, 2020",MIA,10,12,4,14,27.78,36.34,-8.56,4,4,8,3,1,2,0,0,0,0,0,0,0,0,0,0,0,0,0,0,0,0,1,1
1628389,Bam Adebayo,MIA,202009230MIA,"Sep 23, 2020",BOS,20,11,8,15,64.52,68.87,-4.35,10,14,1,0,2,3,0,0,0,0,0,0,0,0,0,0,0,0,0,0,0,0,2,3
1628369,Jayson Tatum,BOS,202009230MIA,"Sep 23, 2020",MIA,28,22,4,23,47.46,58.92,-11.46,9,8,11,12,1,2,0,0,2,6,0,0,0,0,0,0,0,0,0,0,0,0,0,0
201609,Goran Dragic,MIA,202009230MIA,"Sep 23, 2020",BOS,22,21,3,22,40.74,49.28,-8.54,12,10,8,6,1,2,0,0,0,0,1,4,0,0,0,0,0,0,0,0,0,0,0,0
203109,Jae Crowder,MIA,202009230MIA,"Sep 23, 2020",BOS,3,9,0,9,12.0,16.67,-4.67,2,0,7,3,0,0,0,0,0,0,0,0,0,0,0,0,0,0,0,0,0,0,0,0
1627759,Jaylen Brown,BOS,202009230MIA,"Sep 23, 2020",MIA,21,14,2,15,56.76,70.56,-13.8,7,8,7,12,1,1,0,0,0,0,0,0,0,0,0,0,0,0,0,0,0,0,0,0
1628464,Daniel Theis,BOS,202009230MIA,"Sep 23, 2020",MIA,8,5,0,5,80.0,80.0,0.0,5,8,0,0,0,0,0,0,0,0,0,0,0,0,0,0,0,0,0,0,0,0,0,0
202689,Kemba Walker,BOS,202009230MIA,"Sep 23, 2020",MIA,20,14,6,16,47.62,60.1,-12.48,6,6,8,9,0,0,2,5,0,0,0,0,0,0,0,0,0,0,0,0,0,0,0,0
1629130,Duncan Robinson,MIA,202009230MIA,"Sep 23, 2020",BOS,3,5,3,6,17.65,23.73,-6.08,1,0,4,0,0,0,1,3,0,0,0,0,0,0,0,0,0,0,0,0,0,0,0,0
202330,Gordon Hayward,BOS,202009230MIA,"Sep 23, 2020",MIA,14,9,4,11,50.0,65.06,-15.06,3,4,6,6,2,4,0,0,0,0,0,0,0,0,0,0,0,0,0,0,0,0,0,0
1629057,Robert Williams III,BOS,202009230MIA,"Sep 23, 2020",MIA,4,4,1,4,44.44,45.05,-0.61,3,2,0,0,0,0,0,0,1,2,0,0,0,0,0,0,0,0,0,0,0,0,0,0
1629639,Tyler Herro,MIA,202009230MIA,"Sep 23, 2020",BOS,37,21,4,23,66.07,81.28,-15.21,11,18,10,15,1,2,0,0,0,0,0,0,0,0,0,0,0,0,0,0,0,0,1,2
2738,Andre Iguodala,MIA,202009230MIA,"Sep 23, 2020",BOS,3,4,0,4,25.0,37.5,-12.5,0,0,4,3,0,0,0,0,0,0,0,0,0,0,0,0,0,0,0,0,0,0,0,0
202954,Brad Wanamaker,BOS,202009230MIA,"Sep 23, 2020",MIA,4,2,0,2,100.0,100.0,0.0,2,4,0,0,0,0,0,0,0,0,0,0,0,0,0,0,0,0,0,0,0,0,0,0
1627750,Jamal Murray,DEN,202009240DEN,"Sep 24, 2020",LAL,32,20,8,24,62.75,68.03,-5.28,17,24,3,0,3,6,0,0,0,0,0,0,0,0,0,0,0,0,0,0,0,0,1,2
203484,Kentavious Caldwell-Pope,LAL,202009240DEN,"Sep 24, 2020",DEN,13,12,0,12,39.39,54.17,-14.78,3,4,9,9,0,0,0,0,0,0,0,0,0,0,0,0,0,0,0,0,0,0,0,0
201980,Danny Green,LAL,202009240DEN,"Sep 24, 2020",DEN,3,6,0,6,18.75,25.0,-6.25,2,0,4,3,0,0,0,0,0,0,0,0,0,0,0,0,0,0,0,0,0,0,0,0
203914,Gary Harris,DEN,202009240DEN,"Sep 24, 2020",LAL,3,5,0,5,25.0,30.0,-5.0,3,0,2,3,0,0,0,0,0,0,0,0,0,0,0,0,0,0,0,0,0,0,0,0
203999,Nikola Jokić,DEN,202009240DEN,"Sep 24, 2020",LAL,16,13,2,14,51.61,57.64,-6.03,10,8,3,6,1,2,0,0,0,0,0,0,0,0,0,0,0,0,0,0,0,0,0,0
2544,LeBron James,LAL,202009240DEN,"Sep 24, 2020",DEN,26,18,14,25,49.06,53.81,-4.75,15,12,3,3,4,6,0,0,0,0,0,0,0,0,0,0,0,0,0,0,0,0,3,5
200794,Paul Millsap,DEN,202009240DEN,"Sep 24, 2020",LAL,5,3,2,4,50.0,64.43,-14.43,1,0,2,3,1,2,0,0,0,0,0,0,0,0,0,0,0,0,0,0,0,0,0,0
2730,Dwight Howard,DEN,202009240DEN,"Sep 24, 2020",LAL,12,6,3,7,80.0,81.97,-1.97,5,8,0,0,1,1,0,0,1,3,0,0,0,0,0,0,0,0,0,0,0,0,0,0
203924,Jerami Grant,DEN,202009240DEN,"Sep 24, 2020",LAL,17,13,4,15,47.22,57.59,-10.37,7,8,6,6,2,3,0,0,0,0,0,0,0,0,0,0,0,0,0,0,0,0,0,0
203076,Anthony Davis,LAL,202009240DEN,"Sep 24, 2020",DEN,34,15,14,21,72.34,80.34,-8.0,11,16,3,3,3,5,1,3,1,3,0,0,0,0,0,0,0,0,0,0,0,0,2,4
1628470,Torrey Craig,DEN,202009240DEN,"Sep 24, 2020",LAL,7,6,0,6,43.75,58.33,-14.58,2,4,4,3,0,0,0,0,0,0,0,0,0,0,0,0,0,0,0,0,0,0,0,0
1628420,Monte Morris,DEN,202009240DEN,"Sep 24, 2020",LAL,12,7,5,9,57.14,65.22,-8.08,4,6,2,0,2,3,0,0,1,3,0,0,0,0,0,0,0,0,0,0,0,0,0,0
1628398,Kyle Kuzma,LAL,202009240DEN,"Sep 24, 2020",DEN,10,11,0,11,34.48,45.45,-10.97,4,4,7,6,0,0,0,0,0,0,0,0,0,0,0,0,0,0,0,0,0,0,0,0
200765,Rajon Rondo,LAL,202009240DEN,"Sep 24, 2020",DEN,11,6,4,8,64.71,70.88,-6.17,5,6,1,3,1,1,0,0,0,0,0,0,0,0,0,0,0,0,0,0,0,0,1,1
1627936,Alex Caruso,LAL,202009240DEN,"Sep 24, 2020",DEN,3,4,0,4,30.0,37.5,-7.5,2,0,2,3,0,0,0,0,0,0,0,0,0,0,0,0,0,0,0,0,0,0,0,0
203486,Mason Plumlee,DEN,202009240DEN,"Sep 24, 2020",LAL,3,2,2,3,50.0,52.08,-2.08,2,2,0,0,1,1,0,0,0,0,0,0,0,0,0,0,0,0,0,0,0,0,0,0
1629008,Michael Porter Jr.,DEN,202009240DEN,"Sep 24, 2020",LAL,13,8,0,8,59.09,81.25,-22.16,2,4,6,9,0,0,0,0,0,0,0,0,0,0,0,0,0,0,0,0,0,0,0,0
1629130,Duncan Robinson,MIA,202009250BOS,"Sep 25, 2020",BOS,20,15,4,16,44.44,59.67,-15.23,3,6,11,9,0,0,1,2,1,3,0,0,0,0,0,0,0,0,0,0,0,0,0,0
1628464,Daniel Theis,BOS,202009250BOS,"Sep 25, 2020",MIA,15,10,4,11,57.69,63.78,-6.09,6,8,2,0,0,0,0,0,2,5,0,0,0,0,0,0,0,0,0,0,0,0,1,2
201609,Goran Dragic,MIA,202009250BOS,"Sep 25, 2020",BOS,23,17,7,19,47.92,57.27,-9.35,8,10,7,3,1,1,1,3,2,6,0,0,0,0,0,0,0,0,0,0,0,0,0,0
203109,Jae Crowder,MIA,202009250BOS,"Sep 25, 2020",BOS,14,12,6,14,38.89,47.81,-8.92,5,8,6,0,1,1,1,2,1,3,0,0,0,0,0,0,0,0,0,0,0,0,0,0
203935,Marcus Smart,BOS,202009250BOS,"Sep 25, 2020",MIA,12,9,4,11,44.44,55.76,-11.32,4,2,5,6,1,2,0,0,0,0,0,0,0,0,0,0,0,0,0,0,0,0,1,2
1627759,Jaylen Brown,BOS,202009250BOS,"Sep 25, 2020",MIA,28,23,1,23,49.12,59.73,-10.61,12,14,10,12,0,0,0,0,1,2,0,0,0,0,0,0,0,0,0,0,0,0,0,0
202689,Kemba Walker,BOS,202009250BOS,"Sep 25, 2020",MIA,15,11,4,13,46.88,58.78,-11.9,5,2,6,9,2,4,0,0,0,0,0,0,0,0,0,0,0,0,0,0,0,0,0,0
202710,Jimmy Butler III,MIA,202009250BOS,"Sep 25, 2020",BOS,17,11,8,15,53.12,58.54,-5.42,9,10,2,0,4,7,0,0,0,0,0,0,0,0,0,0,0,0,0,0,0,0,0,0
1628389,Bam Adebayo,MIA,202009250BOS,"Sep 25, 2020",BOS,13,11,4,13,50.0,50.94,-0.94,11,10,0,0,1,2,0,0,0,0,0,0,0,0,0,0,0,0,0,0,0,0,1,1
1628369,Jayson Tatum,BOS,202009250BOS,"Sep 25, 2020",MIA,31,22,14,29,45.59,55.04,-9.45,11,8,10,9,6,10,0,0,1,3,0,0,1,1,0,0,0,0,0,0,0,0,0,0
202330,Gordon Hayward,BOS,202009250BOS,"Sep 25, 2020",MIA,10,9,2,10,41.67,50.61,-8.94,5,8,4,0,1,2,0,0,0,0,0,0,0,0,0,0,0,0,0,0,0,0,0,0
1629639,Tyler Herro,MIA,202009250BOS,"Sep 25, 2020",BOS,14,12,0,12,48.28,58.33,-10.05,7,8,5,6,0,0,0,0,0,0,0,0,0,0,0,0,0,0,0,0,0,0,0,0
2738,Andre Iguodala,MIA,202009250BOS,"Sep 25, 2020",BOS,2,5,0,5,15.38,20.0,-4.62,2,2,3,0,0,0,0,0,0,0,0,0,0,0,0,0,0,0,0,0,0,0,0,0
1629684,Grant Williams,BOS,202009250BOS,"Sep 25, 2020",MIA,0,1,0,1,0.0,0.0,0.0,0,0,1,0,0,0,0,0,0,0,0,0,0,0,0,0,0,0,0,0,0,0,0,0
203482,Kelly Olynyk,MIA,202009250BOS,"Sep 25, 2020",BOS,5,3,0,3,62.5,83.33,-20.83,1,2,2,3,0,0,0,0,0,0,0,0,0,0,0,0,0,0,0,0,0,0,0,0
202954,Brad Wanamaker,MIA,202009250BOS,"Sep 25, 2020",BOS,2,1,0,1,100.0,100.0,0.0,1,2,0,0,0,0,0,0,0,0,0,0,0,0,0,0,0,0,0,0,0,0,0,0
202683,Enes Freedom,BOS,202009250BOS,"Sep 25, 2020",MIA,8,7,0,7,57.14,57.14,0.0,7,8,0,0,0,0,0,0,0,0,0,0,0,0,0,0,0,0,0,0,0,0,0,0
2544,LeBron James,LAL,202009260LAL,"Sep 26, 2020",DEN,38,25,8,28,61.29,66.62,-5.33,19,24,4,3,3,6,0,0,2,5,0,0,0,0,0,0,0,0,0,0,0,0,0,0
203999,Nikola Jokić,DEN,202009260LAL,"Sep 26, 2020",LAL,20,16,1,16,54.05,60.83,-6.78,11,14,4,3,0,0,0,0,1,3,0,0,0,0,0,0,0,0,0,0,0,0,0,0
2730,Dwight Howard,LAL,202009260LAL,"Sep 26, 2020",DEN,9,4,6,7,64.29,67.77,-3.48,4,6,0,0,3,3,0,0,0,0,0,0,0,0,0,0,0,0,0,0,0,0,0,0
201980,Danny Green,LAL,202009260LAL,"Sep 26, 2020",DEN,11,7,4,9,50.0,62.79,-12.79,3,2,4,6,2,3,0,0,0,0,0,0,0,0,0,0,0,0,0,0,0,0,0,0
203484,Kentavious Caldwell-Pope,DEN,202009260LAL,"Sep 26, 2020",LAL,2,2,0,2,40.0,50.0,-10.0,1,2,1,0,0,0,0,0,0,0,0,0,0,0,0,0,0,0,0,0,0,0,0,0
203924,Jerami Grant,DEN,202009260LAL,"Sep 26, 2020",LAL,20,18,4,20,41.67,50.61,-8.94,10,10,8,6,1,2,0,0,0,0,0,0,0,0,0,0,0,0,0,0,0,0,1,2
1627750,Jamal Murray,DEN,202009260LAL,"Sep 26, 2020",LAL,19,17,5,19,44.19,49.48,-5.29,12,12,4,0,2,4,0,0,1,3,0,0,0,0,0,0,0,0,0,0,0,0,0,0
200794,Paul Millsap,DEN,202009260LAL,"Sep 26, 2020",LAL,15,9,11,14,44.12,54.19,-10.07,3,0,5,3,3,5,0,0,1,3,0,0,0,0,0,0,0,0,0,0,0,0,2,4
203914,Gary Harris,DEN,202009260LAL,"Sep 26, 2020",LAL,3,4,0,4,27.27,37.5,-10.23,1,0,3,3,0,0,0,0,0,0,0,0,0,0,0,0,0,0,0,0,0,0,0,0
203076,Anthony Davis,LAL,202009260LAL,"Sep 26, 2020",DEN,27,16,9,20,60.0,67.64,-7.64,11,10,4,6,3,6,0,0,1,3,0,0,0,0,0,0,0,0,0,0,0,0,1,2
1628420,Monte Morris,DEN,202009260LAL,"Sep 26, 2020",LAL,10,9,2,10,47.62,50.61,-2.99,8,8,1,0,1,2,0,0,0,0,0,0,0,0,0,0,0,0,0,0,0,0,0,0
203486,Mason Plumlee,DEN,202009260LAL,"Sep 26, 2020",LAL,7,7,1,7,46.67,47.04,-0.37,6,4,0,0,0,0,0,0,1,3,0,0,0,0,0,0,0,0,0,0,0,0,0,0
1629008,Michael Porter Jr.,DEN,202009260LAL,"Sep 26, 2020",LAL,10,7,2,8,50.0,63.45,-13.45,3,4,4,6,1,0,0,0,0,0,0,0,0,0,0,0,0,0,0,0,0,0,0,0
200765,Rajon Rondo,LAL,202009260LAL,"Sep 26, 2020",DEN,8,5,0,5,57.14,80.0,-22.86,1,2,4,6,0,0,0,0,0,0,0,0,0,0,0,0,0,0,0,0,0,0,0,0
1627936,Alex Caruso,LAL,202009260LAL,"Sep 26, 2020",DEN,11,7,1,7,68.75,73.92,-5.17,5,8,1,0,0,0,0,0,1,3,0,0,0,0,0,0,0,0,0,0,0,0,0,0
1628398,Kyle Kuzma,LAL,202009260LAL,"Sep 26, 2020",DEN,8,7,1,7,44.44,53.76,-9.32,3,2,3,3,0,0,0,0,1,3,0,0,0,0,0,0,0,0,0,0,0,0,0,0
1628470,Torrey Craig,DEN,202009260LAL,"Sep 26, 2020",LAL,0,1,0,1,0.0,0.0,0.0,1,0,0,0,0,0,0,0,0,0,0,0,0,0,0,0,0,0,0,0,0,0,0,0
201580,JaVale McGee,LAL,202009260LAL,"Sep 26, 2020",DEN,0,1,0,1,0.0,0.0,0.0,1,0,0,0,0,0,0,0,0,0,0,0,0,0,0,0,0,0,0,0,0,0,0,0
1628408,PJ Dozier,DEN,202009260LAL,"Sep 26, 2020",LAL,5,3,0,3,71.43,83.33,-11.9,2,2,1,3,0,0,0,0,0,0,0,0,0,0,0,0,0,0,0,0,0,0,0,0
203109,Jae Crowder,MIA,202009270MIA,"Sep 27, 2020",BOS,9,9,0,9,39.13,50.0,-10.87,4,6,5,3,0,0,0,0,0,0,0,0,0,0,0,0,0,0,0,0,0,0,0,0
1627759,Jaylen Brown,BOS,202009270MIA,"Sep 27, 2020",MIA,26,17,3,18,59.09,70.96,-11.87,9,12,7,9,1,2,0,0,1,3,0,0,0,0,0,0,0,0,0,0,0,0,0,0
1628369,Jayson Tatum,BOS,202009270MIA,"Sep 27, 2020",MIA,24,26,4,29,36.36,43.23,-6.87,16,12,10,9,1,2,0,0,0,0,0,0,2,1,0,0,0,0,0,0,0,0,0,0
1628464,Daniel Theis,MIA,202009270MIA,"Sep 27, 2020",BOS,6,3,2,4,75.0,77.32,-2.32,3,4,0,0,1,2,0,0,0,0,0,0,0,0,0,0,0,0,0,0,0,0,0,0
1628389,Bam Adebayo,MIA,202009270MIA,"Sep 27, 2020",BOS,32,15,11,20,78.05,80.65,-2.6,14,20,0,0,5,9,0,0,1,3,0,0,0,0,0,0,0,0,0,0,0,0,0,0
1629130,Duncan Robinson,MIA,202009270MIA,"Sep 27, 2020",BOS,15,8,0,8,65.22,93.75,-28.53,1,0,7,15,0,0,0,0,0,0,0,0,0,0,0,0,0,0,0,0,0,0,0,0
202689,Kemba Walker,MIA,202009270MIA,"Sep 27, 2020",BOS,20,15,4,17,45.45,59.67,-14.22,5,8,10,9,2,3,0,0,0,0,0,0,0,0,0,0,0,0,0,0,0,0,0,0
202710,Jimmy Butler III,MIA,202009270MIA,"Sep 27, 2020",BOS,22,19,7,22,45.83,49.82,-3.99,15,14,3,0,2,3,0,0,1,3,0,0,0,0,0,0,0,0,0,0,0,0,1,2
203935,Marcus Smart,BOS,202009270MIA,"Sep 27, 2020",MIA,20,22,0,22,35.09,45.45,-10.36,9,8,13,12,0,0,0,0,0,0,0,0,0,0,0,0,0,0,0,0,0,0,0,0
201609,Goran Dragic,MIA,202009270MIA,"Sep 27, 2020",BOS,13,11,4,13,41.94,50.94,-9.0,6,4,5,6,1,2,0,0,0,0,0,0,0,0,0,0,0,0,0,0,0,0,1,1
202330,Gordon Hayward,BOS,202009270MIA,"Sep 27, 2020",MIA,12,12,0,12,41.38,50.0,-8.62,7,6,5,6,0,0,0,0,0,0,0,0,0,0,0,0,0,0,0,0,0,0,0,0
202683,Enes Freedom,BOS,202009270MIA,"Sep 27, 2020",MIA,3,2,2,3,50.0,52.08,-2.08,2,2,0,0,1,1,0,0,0,0,0,0,0,0,0,0,0,0,0,0,0,0,0,0
1629639,Tyler Herro,MIA,202009270MIA,"Sep 27, 2020",BOS,19,13,2,14,61.29,68.44,-7.15,10,14,3,3,0,0,0,0,0,0,0,0,0,0,0,0,0,0,0,0,0,0,1,2
2738,Andre Iguodala,MIA,202009270MIA,"Sep 27, 2020",BOS,15,5,2,6,93.75,127.55,-33.8,1,2,4,12,0,0,0,0,0,0,0,0,0,0,0,0,0,0,0,0,0,0,1,1
202954,Brad Wanamaker,BOS,202009270MIA,"Sep 27, 2020",MIA,0,1,0,1,0.0,0.0,0.0,0,0,1,0,0,0,0,0,0,0,0,0,0,0,0,0,0,0,0,0,0,0,0,0
1629057,Robert Williams III,BOS,202009270MIA,"Sep 27, 2020",MIA,2,1,0,1,100.0,100.0,0.0,1,2,0,0,0,0,0,0,0,0,0,0,0,0,0,0,0,0,0,0,0,0,0,0
203076,Anthony Davis,LAL,202009300LAL,"Sep 30, 2020",MIA,34,21,10,26,60.71,66.93,-6.22,17,18,4,6,4,8,0,0,0,0,0,0,0,0,0,0,0,0,0,0,0,0,1,2
1628389,Bam Adebayo,MIA,202009300LAL,"Sep 30, 2020",LAL,8,8,6,11,36.36,37.59,-1.23,8,4,0,0,3,4,0,0,0,0,0,0,0,0,0,0,0,0,0,0,0,0,0,0
2730,Dwight Howard,LAL,202009300LAL,"Sep 30, 2020",MIA,2,0,2,1,100.0,113.64,-13.64,0,0,0,0,0,0,0,0,0,0,0,0,0,0,0,0,0,0,0,0,0,0,1,2
201980,Danny Green,LAL,202009300LAL,"Sep 30, 2020",MIA,11,9,0,9,42.31,61.11,-18.8,1,2,8,9,0,0,0,0,0,0,0,0,0,0,0,0,0,0,0,0,0,0,0,0
203109,Jae Crowder,MIA,202009300LAL,"Sep 30, 2020",LAL,12,8,0,8,52.17,75.0,-22.83,1,0,7,12,0,0,0,0,0,0,0,0,0,0,0,0,0,0,0,0,0,0,0,0
202710,Jimmy Butler III,MIA,202009300LAL,"Sep 30, 2020",LAL,23,13,5,15,65.71,75.66,-9.95,8,10,4,6,1,2,0,0,1,3,0,0,0,0,0,0,0,0,0,0,0,0,1,2
203484,Kentavious Caldwell-Pope,LAL,202009300LAL,"Sep 30, 2020",MIA,13,10,5,12,41.94,53.28,-11.34,4,2,6,6,1,2,1,3,0,0,0,0,0,0,0,0,0,0,0,0,0,0,0,0
2544,LeBron James,LAL,202009300LAL,"Sep 30, 2020",MIA,25,17,6,20,56.82,63.65,-6.83,13,14,4,6,3,5,0,0,0,0,0,0,0,0,0,0,0,0,0,0,0,0,0,0
201609,Goran Dragic,MIA,202009300LAL,"Sep 30, 2020",LAL,6,8,0,8,35.29,37.5,-2.21,7,6,1,0,0,0,0,0,0,0,0,0,0,0,0,0,0,0,0,0,0,0,0,0
1629130,Duncan Robinson,MIA,202009300LAL,"Sep 30, 2020",LAL,0,3,0,3,0.0,0.0,0.0,0,0,3,0,0,0,0,0,0,0,0,0,0,0,0,0,0,0,0,0,0,0,0,0
1629639,Tyler Herro,MIA,202009300LAL,"Sep 30, 2020",LAL,14,18,1,18,31.11,37.96,-6.85,9,6,8,6,0,0,0,0,1,2,0,0,0,0,0,0,0,0,0,0,0,0,0,0
2738,Andre Iguodala,MIA,202009300LAL,"Sep 30, 2020",LAL,7,7,0,7,43.75,50.0,-6.25,5,4,2,3,0,0,0,0,0,0,0,0,0,0,0,0,0,0,0,0,0,0,0,0
1628398,Kyle Kuzma,LAL,202009300LAL,"Sep 30, 2020",MIA,3,7,0,7,16.67,21.43,-4.76,3,0,4,3,0,0,0,0,0,0,0,0,0,0,0,0,0,0,0,0,0,0,0,0
200765,Rajon Rondo,LAL,202009300LAL,"Sep 30, 2020",MIA,7,7,2,8,33.33,44.42,-11.09,2,2,5,3,1,2,0,0,0,0,0,0,0,0,0,0,0,0,0,0,0,0,0,0
1627936,Alex Caruso,LAL,202009300LAL,"Sep 30, 2020",MIA,10,6,2,7,58.82,72.67,-13.85,3,6,3,3,1,1,0,0,0,0,0,0,0,0,0,0,0,0,0,0,0,0,0,0
203524,Solomon Hill,MIA,202009300LAL,"Sep 30, 2020",LAL,4,6,0,6,25.0,33.33,-8.33,2,4,4,0,0,0,0,0,0,0,0,0,0,0,0,0,0,0,0,0,0,0,0,0
1627884,Derrick Jones Jr.,MIA,202009300LAL,"Sep 30, 2020",LAL,2,2,0,2,50.0,50.0,0.0,2,2,0,0,0,0,0,0,0,0,0,0,0,0,0,0,0,0,0,0,0,0,0,0
202693,Markieff Morris,LAL,202009300LAL,"Sep 30, 2020",MIA,8,6,0,6,53.33,66.67,-13.34,3,2,3,6,0,0,0,0,0,0,0,0,0,0,0,0,0,0,0,0,0,0,0,0
1629134,Kendrick Nunn,MIA,202009300LAL,"Sep 30, 2020",LAL,18,11,0,11,69.23,81.82,-12.59,7,12,4,6,0,0,0,0,0,0,0,0,0,0,0,0,0,0,0,0,0,0,0,0
203482,Kelly Olynyk,MIA,202009300LAL,"Sep 30, 2020",LAL,4,5,2,6,28.57,34.01,-5.44,3,2,2,0,1,2,0,0,0,0,0,0,0,0,0,0,0,0,0,0,0,0,0,0
1626188,Quinn Cook,LAL,202009300LAL,"Sep 30, 2020",MIA,3,1,0,1,100.0,150.0,-50.0,0,0,1,3,0,0,0,0,0,0,0,0,0,0,0,0,0,0,0,0,0,0,0,0
