player_id,player_name,team_abbr,game_id,game_date,opponent,pts,fga,fta,scoring_poss,pure_ts_pct,standard_ts_pct,delta_pp,C1a_events,C1a_pts,C1b_events,C1b_pts,C2_events,C2_pts,C3_events,C3_pts,C4_events,C4_pts,C5_events,C5_pts,C6a_events,C6a_pts,C6b_events,C6b_pts,C6c_events,C6c_pts,C6d_events,C6d_pts,C6e_events,C6e_pts,C6f_events,C6f_pts
302,Mookie Blaylock,ATL,199804230CHH,"Apr 23, 1998",CHA,19,16,4,18,42.22,53.49,-11.27,7,10,9,9,1,0,0,0,0,0,0,0,0,0,0,0,0,0,0,0,0,0,1,0
133,David Wesley,CHA,199804230CHH,"Apr 23, 1998",ATL,12,10,2,11,48.0,55.15,-7.15,7,4,3,6,1,2,0,0,0,0,0,0,0,0,0,0,0,0,0,0,0,0,0,0
120,Steven Smith,ATL,199804230CHH,"Apr 23, 1998",CHA,35,22,6,25,60.34,71.02,-10.68,14,16,8,15,3,4,0,0,0,0,0,0,0,0,0,0,0,0,0,0,0,0,0,0
193,Anthony Mason,CHA,199804230CHH,"Apr 23, 1998",ATL,10,8,2,9,55.56,56.31,-0.75,8,8,0,0,0,0,0,0,0,0,0,0,0,0,0,0,0,0,0,0,0,0,1,2
124,Vlade Divac,CHA,199804230CHH,"Apr 23, 1998",ATL,12,11,2,12,50.0,50.51,-0.51,11,12,0,0,1,0,0,0,0,0,0,0,0,0,0,0,0,0,0,0,0,0,0,0
673,Alan Henderson,ATL,199804230CHH,"Apr 23, 1998",CHA,7,7,4,9,38.89,39.95,-1.06,7,6,0,0,2,1,0,0,0,0,0,0,0,0,0,0,0,0,0,0,0,0,0,0
895,Tyrone Corbin,ATL,199804230CHH,"Apr 23, 1998",CHA,0,5,0,5,0.0,0.0,0.0,4,0,1,0,0,0,0,0,0,0,0,0,0,0,0,0,0,0,0,0,0,0,0,0
184,Bobby Phills,CHA,199804230CHH,"Apr 23, 1998",ATL,9,8,1,8,47.37,53.32,-5.95,5,4,2,3,0,0,0,0,1,2,0,0,0,0,0,0,0,0,0,0,0,0,0,0
779,Glen Rice,CHA,199804230CHH,"Apr 23, 1998",ATL,34,19,6,22,75.56,78.56,-3.0,17,26,1,3,1,1,0,0,1,2,0,0,1,1,0,0,0,0,0,0,0,0,1,1
87,Dikembe Mutombo,ATL,199804230CHH,"Apr 23, 1998",CHA,10,7,4,9,55.56,57.08,-1.52,7,8,0,0,1,1,0,0,0,0,0,0,0,0,0,0,0,0,0,0,0,0,1,1
363,Christian Laettner,ATL,199804230CHH,"Apr 23, 1998",CHA,10,12,3,13,34.48,37.54,-3.06,9,6,2,0,1,2,0,0,1,2,0,0,0,0,0,0,0,0,0,0,0,0,0,0
209,Dell Curry,CHA,199804230CHH,"Apr 23, 1998",ATL,9,6,1,7,60.0,69.88,-9.88,4,2,2,6,0,0,0,0,0,0,0,0,1,1,0,0,0,0,0,0,0,0,0,0
359,Chucky Brown,ATL,199804230CHH,"Apr 23, 1998",CHA,0,1,0,1,0.0,0.0,0.0,1,0,0,0,0,0,0,0,0,0,0,0,0,0,0,0,0,0,0,0,0,0,0,0
695,Eldridge Recasner,ATL,199804230CHH,"Apr 23, 1998",CHA,4,6,0,6,28.57,33.33,-4.76,4,4,2,0,0,0,0,0,0,0,0,0,0,0,0,0,0,0,0,0,0,0,0,0
769,B.J. Armstrong,CHA,199804230CHH,"Apr 23, 1998",ATL,2,2,0,2,50.0,50.0,0.0,2,2,0,0,0,0,0,0,0,0,0,0,0,0,0,0,0,0,0,0,0,0,0,0
462,J.R. Reid,CHA,199804230CHH,"Apr 23, 1998",ATL,9,4,3,5,81.82,84.59,-2.77,3,4,0,0,0,0,0,0,1,3,0,0,0,0,0,0,0,0,0,0,0,0,1,2
292,Anthony Miller,ATL,199804230CHH,"Apr 23, 1998",CHA,2,1,0,1,100.0,100.0,0.0,1,2,0,0,0,0,0,0,0,0,0,0,0,0,0,0,0,0,0,0,0,0,0,0
980,Zydrunas Ilgauskas,CLE,199804230IND,"Apr 23, 1998",IND,16,11,4,13,61.54,62.7,-1.16,11,14,0,0,1,1,0,0,0,0,0,0,0,0,0,0,0,0,0,0,0,0,1,1
349,Mark Jackson,IND,199804230IND,"Apr 23, 1998",CLE,9,4,5,6,64.29,72.58,-8.29,2,4,1,0,1,1,0,0,1,3,0,0,0,0,0,0,0,0,0,0,0,0,1,1
431,Shawn Kemp,CLE,199804230IND,"Apr 23, 1998",IND,25,22,7,25,49.02,49.84,-0.82,21,16,0,0,3,6,0,0,1,3,0,0,0,0,0,0,0,0,0,0,0,0,0,0
904,Chris Mullin,IND,199804230IND,"Apr 23, 1998",CLE,20,9,0,9,86.96,111.11,-24.15,4,8,5,12,0,0,0,0,0,0,0,0,0,0,0,0,0,0,0,0,0,0,0,0
905,Dale Davis,IND,199804230IND,"Apr 23, 1998",CLE,12,7,5,8,63.16,65.22,-2.06,4,2,0,0,1,2,0,0,3,8,0,0,0,0,0,0,0,0,0,0,0,0,0,0
1538,Cedric Henderson,IND,199804230IND,"Apr 23, 1998",CLE,8,9,2,10,38.1,40.49,-2.39,8,6,1,0,1,2,0,0,0,0,0,0,0,0,0,0,0,0,0,0,0,0,0,0
22,Rik Smits,CLE,199804230IND,"Apr 23, 1998",IND,10,11,2,12,41.67,42.09,-0.42,11,8,0,0,1,2,0,0,0,0,0,0,0,0,0,0,0,0,0,0,0,0,0,0
1510,Brevin Knight,CLE,199804230IND,"Apr 23, 1998",IND,3,3,1,3,42.86,43.6,-0.74,2,0,0,0,0,0,0,0,1,3,0,0,0,0,0,0,0,0,0,0,0,0,0,0
397,Reggie Miller,IND,199804230IND,"Apr 23, 1998",CLE,19,9,11,15,54.29,68.64,-14.35,2,2,6,6,3,5,0,0,1,3,0,0,2,1,0,0,0,0,0,0,0,0,1,2
445,Wesley Person,CLE,199804230IND,"Apr 23, 1998",IND,0,4,0,4,0.0,0.0,0.0,2,0,2,0,0,0,0,0,0,0,0,0,0,0,0,0,0,0,0,0,0,0,0,0
682,Bob Sura,CLE,199804230IND,"Apr 23, 1998",IND,4,4,3,5,33.33,37.59,-4.26,3,2,1,0,0,0,1,2,0,0,0,0,0,0,0,0,0,0,0,0,0,0,0,0
1507,Derek Anderson,CLE,199804230IND,"Apr 23, 1998",IND,10,6,6,9,55.56,57.87,-2.31,6,4,0,0,1,2,0,0,0,0,0,0,0,0,0,0,0,0,0,0,0,0,2,4
213,Antonio Davis,IND,199804230IND,"Apr 23, 1998",CLE,9,6,9,11,42.86,45.18,-2.32,6,2,0,0,3,5,0,0,0,0,0,0,0,0,1,0,0,0,0,0,0,0,1,2
365,Derrick McKey,IND,199804230IND,"Apr 23, 1998",CLE,5,3,0,3,71.43,83.33,-11.9,2,2,1,3,0,0,0,0,0,0,0,0,0,0,0,0,0,0,0,0,0,0,0,0
958,Vitaly Potapenko,CLE,199804230IND,"Apr 23, 1998",IND,5,3,8,7,35.71,38.34,-2.63,3,2,0,0,3,2,0,0,0,0,0,0,0,0,0,0,0,0,0,0,0,0,1,1
147,Jalen Rose,IND,199804230IND,"Apr 23, 1998",CLE,7,9,3,10,31.82,33.91,-2.09,7,4,1,0,0,0,0,0,1,2,0,0,0,0,0,0,0,0,0,0,0,0,1,1
1063,Carl Thomas,CLE,199804230IND,"Apr 23, 1998",IND,2,1,3,2,40.0,43.1,-3.1,1,0,0,0,0,0,1,2,0,0,0,0,0,0,0,0,0,0,0,0,0,0,0,0
696,Travis Best,CLE,199804230IND,"Apr 23, 1998",IND,7,4,4,6,53.85,60.76,-6.91,3,4,1,0,1,1,0,0,0,0,0,0,0,0,0,0,0,0,0,0,0,0,1,2
418,Scott Brooks,CLE,199804230IND,"Apr 23, 1998",IND,2,1,2,2,50.0,53.19,-3.19,1,0,0,0,1,2,0,0,0,0,0,0,0,0,0,0,0,0,0,0,0,0,0,0
198,Danny Ferry,CLE,199804230IND,"Apr 23, 1998",IND,0,1,0,1,0.0,0.0,0.0,0,0,1,0,0,0,0,0,0,0,0,0,0,0,0,0,0,0,0,0,0,0,0,0
998,Mark Pope,IND,199804230IND,"Apr 23, 1998",CLE,5,3,1,3,62.5,72.67,-10.17,1,2,1,0,0,0,0,0,1,3,0,0,0,0,0,0,0,0,0,0,0,0,0,0
697,Fred Hoiberg,IND,199804230IND,"Apr 23, 1998",CLE,3,1,0,1,100.0,150.0,-50.0,0,0,1,3,0,0,0,0,0,0,0,0,0,0,0,0,0,0,0,0,0,0,0,0
770,Mark West,IND,199804230IND,"Apr 23, 1998",CLE,0,1,0,1,0.0,0.0,0.0,1,0,0,0,0,0,0,0,0,0,0,0,0,0,0,0,0,0,0,0,0,0,0,0
1035,Shawnelle Scott,CLE,199804230IND,"Apr 23, 1998",IND,2,2,0,2,50.0,50.0,0.0,2,2,0,0,0,0,0,0,0,0,0,0,0,0,0,0,0,0,0,0,0,0,0,0
361,Clifford Robinson,PHX,199804230PHO,"Apr 23, 1998",SAS,8,11,2,12,33.33,33.67,-0.34,11,6,0,0,0,0,0,0,0,0,0,0,0,0,0,0,0,0,0,0,0,0,1,2
781,Will Perdue,SAS,199804230PHO,"Apr 23, 1998",PHX,7,3,3,4,77.78,81.02,-3.24,2,2,0,0,1,2,0,0,1,3,0,0,0,0,0,0,0,0,0,0,0,0,0,0
422,Avery Johnson,SAS,199804230PHO,"Apr 23, 1998",PHX,22,11,8,14,73.33,75.76,-2.43,9,12,0,0,2,4,0,0,2,5,0,0,0,0,0,0,0,0,0,0,0,0,1,1
134,Kevin Johnson,SAS,199804230PHO,"Apr 23, 1998",PHX,18,14,5,17,51.43,55.56,-4.13,12,16,2,0,1,0,0,0,0,0,0,0,1,0,0,0,0,0,0,0,0,0,1,2
467,Jason Kidd,PHX,199804230PHO,"Apr 23, 1998",SAS,17,19,4,21,36.96,40.94,-3.98,15,14,4,0,2,3,0,0,0,0,0,0,0,0,0,0,0,0,0,0,0,0,0,0
686,Antonio McDyess,PHX,199804230PHO,"Apr 23, 1998",SAS,14,14,0,14,50.0,50.0,0.0,14,14,0,0,0,0,0,0,0,0,0,0,0,0,0,0,0,0,0,0,0,0,0,0
764,David Robinson,SAS,199804230PHO,"Apr 23, 1998",PHX,26,15,16,23,56.52,58.98,-2.46,15,18,0,0,5,6,0,0,0,0,0,0,0,0,0,0,0,0,0,0,0,0,3,2
45,George McCloud,SAS,199804230PHO,"Apr 23, 1998",PHX,8,6,2,7,50.0,58.14,-8.14,4,4,2,3,0,0,0,0,0,0,0,0,0,0,0,0,0,0,0,0,0,0,1,1
1114,Jaren Jackson,SAS,199804230PHO,"Apr 23, 1998",PHX,9,8,0,8,39.13,56.25,-17.12,1,0,7,9,0,0,0,0,0,0,0,0,0,0,0,0,0,0,0,0,0,0,0,0
1495,Tim Duncan,SAS,199804230PHO,"Apr 23, 1998",PHX,32,21,14,28,57.14,58.91,-1.77,21,24,0,0,4,5,0,0,0,0,0,0,0,0,0,0,0,0,0,0,0,0,3,3
219,Vinny Del Negro,SAS,199804230PHO,"Apr 23, 1998",PHX,4,5,2,6,30.77,34.01,-3.24,4,2,1,0,0,0,0,0,0,0,0,0,0,0,0,0,0,0,0,0,0,0,1,2
456,Chuck Person,SAS,199804230PHO,"Apr 23, 1998",PHX,0,4,0,4,0.0,0.0,0.0,0,0,4,0,0,0,0,0,0,0,0,0,0,0,0,0,0,0,0,0,0,0,0,0
95,Mark Bryant,PHX,199804230PHO,"Apr 23, 1998",SAS,15,10,2,11,68.18,68.93,-0.75,10,14,0,0,0,0,0,0,0,0,0,0,0,0,0,0,0,0,0,0,0,0,1,1
73,Hot Rod Williams,PHX,199804230PHO,"Apr 23, 1998",SAS,6,5,3,6,46.15,47.47,-1.32,4,2,0,0,1,2,0,0,1,2,0,0,0,0,0,0,0,0,0,0,0,0,0,0
192,Dennis Scott,PHX,199804230PHO,"Apr 23, 1998",SAS,10,8,0,8,52.63,62.5,-9.87,5,4,3,6,0,0,0,0,0,0,0,0,0,0,0,0,0,0,0,0,0,0,0,0
42,Monty Williams,SAS,199804230PHO,"Apr 23, 1998",PHX,2,1,0,1,100.0,100.0,0.0,1,2,0,0,0,0,0,0,0,0,0,0,0,0,0,0,0,0,0,0,0,0,0,0
323,Greg Foster,UTA,199804230UTA,"Apr 23, 1998",HOU,8,5,2,6,66.67,68.03,-1.36,5,6,0,0,1,2,0,0,0,0,0,0,0,0,0,0,0,0,0,0,0,0,0,0
1074,Matt Maloney,HOU,199804230UTA,"Apr 23, 1998",UTA,6,5,0,5,42.86,60.0,-17.14,1,0,4,6,0,0,0,0,0,0,0,0,0,0,0,0,0,0,0,0,0,0,0,0
228,Adam Keefe,UTA,199804230UTA,"Apr 23, 1998",HOU,3,1,2,2,75.0,79.79,-4.79,1,2,0,0,1,1,0,0,0,0,0,0,0,0,0,0,0,0,0,0,0,0,0,0
788,Kevin Willis,HOU,199804230UTA,"Apr 23, 1998",UTA,18,13,6,16,56.25,57.54,-1.29,13,14,0,0,2,2,0,0,0,0,0,0,0,0,0,0,0,0,0,0,0,0,1,2
165,Hakeem Olajuwon,HOU,199804230UTA,"Apr 23, 1998",UTA,16,14,4,16,50.0,50.76,-0.76,14,12,0,0,1,2,0,0,0,0,0,0,0,0,0,0,0,0,0,0,0,0,1,2
204,Jeff Hornacek,UTA,199804230UTA,"Apr 23, 1998",HOU,12,8,4,10,57.14,61.48,-4.34,7,6,1,3,0,0,1,2,0,0,0,0,1,1,0,0,0,0,0,0,0,0,0,0
252,Karl Malone,UTA,199804230UTA,"Apr 23, 1998",HOU,25,23,5,25,49.02,49.6,-0.58,22,18,0,0,2,4,0,0,1,3,0,0,0,0,0,0,0,0,0,0,0,0,0,0
17,Clyde Drexler,HOU,199804230UTA,"Apr 23, 1998",UTA,22,15,11,20,45.83,55.44,-9.61,7,6,7,6,4,5,0,0,1,3,0,0,0,0,1,2,0,0,0,0,0,0,0,0
304,John Stockton,HOU,199804230UTA,"Apr 23, 1998",UTA,12,9,7,12,44.44,49.67,-5.23,6,6,2,0,1,2,0,0,1,2,0,0,0,0,0,0,0,0,0,0,0,0,2,2
672,Matt Bullard,HOU,199804230UTA,"Apr 23, 1998",UTA,0,1,0,1,0.0,0.0,0.0,0,0,1,0,0,0,0,0,0,0,0,0,0,0,0,0,0,0,0,0,0,0,0,0
458,Howard Eisley,UTA,199804230UTA,"Apr 23, 1998",HOU,2,6,0,6,16.67,16.67,0.0,6,2,0,0,0,0,0,0,0,0,0,0,0,0,0,0,0,0,0,0,0,0,0,0
787,Charles Barkley,HOU,199804230UTA,"Apr 23, 1998",UTA,12,6,10,10,54.55,57.69,-3.14,4,2,0,0,2,3,0,0,2,5,0,0,0,0,0,0,0,0,0,0,0,0,2,2
935,Bryon Russell,UTA,199804230UTA,"Apr 23, 1998",HOU,9,9,5,11,33.33,40.18,-6.85,4,4,4,0,1,1,0,0,1,3,0,0,0,0,0,0,0,0,0,0,0,0,1,1
731,Greg Ostertag,UTA,199804230UTA,"Apr 23, 1998",HOU,4,2,2,3,66.67,69.44,-2.77,2,4,0,0,1,0,0,0,0,0,0,0,0,0,0,0,0,0,0,0,0,0,0,0
53,Mario Elie,HOU,199804230UTA,"Apr 23, 1998",UTA,12,7,3,8,60.0,72.12,-12.12,3,4,3,3,1,2,0,0,1,3,0,0,0,0,0,0,0,0,0,0,0,0,0,0
85,Brent Price,HOU,199804230UTA,"Apr 23, 1998",UTA,12,7,0,7,60.0,85.71,-25.71,1,0,6,12,0,0,0,0,0,0,0,0,0,0,0,0,0,0,0,0,0,0,0,0
156,Antoine Carr,UTA,199804230UTA,"Apr 23, 1998",HOU,9,8,1,8,52.94,53.32,-0.38,7,6,0,0,0,0,0,0,1,3,0,0,0,0,0,0,0,0,0,0,0,0,0,0
1000,Shandon Anderson,UTA,199804230UTA,"Apr 23, 1998",HOU,5,6,2,7,31.25,36.34,-5.09,4,2,2,3,1,0,0,0,0,0,0,0,0,0,0,0,0,0,0,0,0,0,0,0
698,Eddie Johnson,HOU,199804230UTA,"Apr 23, 1998",UTA,5,3,2,4,55.56,64.43,-8.87,2,0,1,3,1,2,0,0,0,0,0,0,0,0,0,0,0,0,0,0,0,0,0,0
356,Chris Morris,UTA,199804230UTA,"Apr 23, 1998",HOU,1,1,2,2,25.0,26.6,-1.6,1,0,0,0,1,1,0,0,0,0,0,0,0,0,0,0,0,0,0,0,0,0,0,0
893,Michael Jordan,CHI,199804240CHI,"Apr 24, 1998",NJN,39,27,23,39,49.37,52.53,-3.16,23,18,2,0,5,7,0,0,2,6,0,0,2,2,0,0,0,0,0,0,1,1,4,5
23,Dennis Rodman,CHI,199804240CHI,"Apr 24, 1998",NJN,0,2,0,2,0.0,0.0,0.0,2,0,0,0,0,0,0,0,0,0,0,0,0,0,0,0,0,0,0,0,0,0,0,0
166,Ron Harper,CHI,199804240CHI,"Apr 24, 1998",NJN,13,11,2,12,54.17,54.71,-0.54,11,12,0,0,1,1,0,0,0,0,0,0,0,0,0,0,0,0,0,0,0,0,0,0
1496,Keith Van Horn,NJN,199804240CHI,"Apr 24, 1998",CHI,10,8,2,9,50.0,56.31,-6.31,6,8,2,0,1,2,0,0,0,0,0,0,0,0,0,0,0,0,0,0,0,0,0,0
954,Kerry Kittles,CHI,199804240CHI,"Apr 24, 1998",NJN,10,17,4,19,24.39,26.65,-2.26,14,6,3,0,1,2,0,0,0,0,0,0,0,0,0,0,0,0,0,0,0,0,1,2
937,Scottie Pippen,CHI,199804240CHI,"Apr 24, 1998",NJN,24,13,11,18,63.16,67.26,-4.1,11,14,1,3,4,3,0,0,1,3,0,0,0,0,0,0,0,0,0,0,0,0,1,1
423,Chris Gatling,NJN,199804240CHI,"Apr 24, 1998",CHI,24,18,6,21,57.14,58.14,-1.0,18,20,0,0,1,1,0,0,0,0,0,0,0,0,0,0,0,0,0,0,0,0,2,3
208,Sam Cassell,NJN,199804240CHI,"Apr 24, 1998",CHI,4,6,0,6,33.33,33.33,0.0,6,4,0,0,0,0,0,0,0,0,0,0,0,0,0,0,0,0,0,0,0,0,0,0
420,Jayson Williams,NJN,199804240CHI,"Apr 24, 1998",CHI,8,9,2,10,40.0,40.49,-0.49,9,8,0,0,1,0,0,0,0,0,0,0,0,0,0,0,0,0,0,0,0,0,0,0
389,Toni Kukoc,CHI,199804240CHI,"Apr 24, 1998",NJN,13,10,2,11,46.43,59.74,-13.31,4,4,6,9,1,0,0,0,0,0,0,0,0,0,0,0,0,0,0,0,0,0,0,0
383,Kendall Gill,NJN,199804240CHI,"Apr 24, 1998",CHI,14,14,4,16,43.75,44.42,-0.67,14,10,0,0,0,0,0,0,0,0,0,0,0,0,0,0,0,0,0,0,0,0,2,4
428,Sherman Douglas,NJN,199804240CHI,"Apr 24, 1998",CHI,16,11,4,13,59.26,62.7,-3.44,10,14,1,0,1,1,0,0,0,0,0,0,0,0,0,0,0,0,0,0,0,0,1,1
446,Lucious Harris,NJN,199804240CHI,"Apr 24, 1998",CHI,3,1,4,3,50.0,54.35,-4.35,1,0,0,0,0,0,0,0,0,0,0,0,0,0,0,0,0,0,0,0,0,0,2,3
753,Randy Brown,CHI,199804240CHI,"Apr 24, 1998",NJN,0,1,0,1,0.0,0.0,0.0,1,0,0,0,0,0,0,0,0,0,0,0,0,0,0,0,0,0,0,0,0,0,0,0
197,Scott Burrell,CHI,199804240CHI,"Apr 24, 1998",NJN,0,2,0,2,0.0,0.0,0.0,2,0,0,0,0,0,0,0,0,0,0,0,0,0,0,0,0,0,0,0,0,0,0,0
54,Dickey Simpkins,CHI,199804240CHI,"Apr 24, 1998",NJN,5,5,1,5,45.45,45.96,-0.51,4,2,0,0,0,0,0,0,1,3,0,0,0,0,0,0,0,0,0,0,0,0,0,0
70,Steve Kerr,CHI,199804240CHI,"Apr 24, 1998",NJN,2,2,0,2,50.0,50.0,0.0,2,2,0,0,0,0,0,0,0,0,0,0,0,0,0,0,0,0,0,0,0,0,0,0
938,Rony Seikaly,NJN,199804240CHI,"Apr 24, 1998",CHI,4,2,3,3,57.14,60.24,-3.1,1,0,0,0,0,0,0,0,1,3,0,0,0,0,0,0,0,0,0,0,0,0,1,1
965,Derek Fisher,LAL,199804240LAL,"Apr 24, 1998",POR,4,4,0,4,50.0,50.0,0.0,4,4,0,0,0,0,0,0,0,0,0,0,0,0,0,0,0,0,0,0,0,0,0,0
717,Arvydas Sabonis,POR,199804240LAL,"Apr 24, 1998",LAL,15,11,6,14,53.57,54.99,-1.42,11,10,0,0,1,2,0,0,0,0,0,0,0,0,0,0,0,0,0,0,0,0,2,3
375,Isaiah Rider,POR,199804240LAL,"Apr 24, 1998",LAL,25,19,7,22,54.35,56.61,-2.26,17,18,1,0,3,5,0,0,1,2,0,0,0,0,0,0,0,0,0,0,0,0,0,0
296,Rick Fox,POR,199804240LAL,"Apr 24, 1998",LAL,9,7,2,8,47.37,57.11,-9.74,4,4,3,3,1,2,0,0,0,0,0,0,0,0,0,0,0,0,0,0,0,0,0,0
739,Rasheed Wallace,POR,199804240LAL,"Apr 24, 1998",LAL,18,12,7,15,58.06,59.68,-1.62,11,10,0,0,2,4,0,0,1,3,0,0,0,0,0,0,0,0,0,0,0,0,1,1
757,Damon Stoudamire,POR,199804240LAL,"Apr 24, 1998",LAL,12,14,2,15,33.33,40.32,-6.99,8,4,6,6,0,0,0,0,0,0,0,0,0,0,0,0,0,0,0,0,0,0,1,2
406,Shaquille O'Neal,LAL,199804240LAL,"Apr 24, 1998",POR,30,20,10,24,60.0,61.48,-1.48,18,22,0,0,3,2,0,0,2,5,0,0,0,0,0,0,0,0,0,0,0,0,1,1
258,Brian Grant,POR,199804240LAL,"Apr 24, 1998",LAL,7,6,5,8,41.18,42.68,-1.5,5,2,0,0,1,1,0,0,1,3,0,0,0,0,0,0,0,0,0,0,0,0,1,1
224,Eddie Jones,LAL,199804240LAL,"Apr 24, 1998",POR,14,9,10,14,42.42,52.24,-9.82,4,4,5,0,3,6,0,0,0,0,0,0,0,0,0,0,0,0,0,0,0,0,2,4
109,Robert Horry,LAL,199804240LAL,"Apr 24, 1998",POR,4,3,2,4,44.44,51.55,-7.11,2,2,1,0,1,2,0,0,0,0,0,0,0,0,0,0,0,0,0,0,0,0,0,0
977,Kobe Bryant,LAL,199804240LAL,"Apr 24, 1998",POR,15,9,9,13,53.57,57.87,-4.3,7,4,1,3,3,4,0,0,1,2,0,0,0,0,0,0,0,0,0,0,0,0,1,2
89,Nick Van Exel,LAL,199804240LAL,"Apr 24, 1998",POR,14,13,5,16,36.84,46.05,-9.21,6,2,7,9,0,0,0,0,0,0,0,0,1,0,0,0,0,0,0,0,0,0,2,3
278,Stacey Augmon,POR,199804240LAL,"Apr 24, 1998",LAL,2,1,0,1,100.0,100.0,0.0,1,2,0,0,0,0,0,0,0,0,0,0,0,0,0,0,0,0,0,0,0,0,0,0
922,Elden Campbell,LAL,199804240LAL,"Apr 24, 1998",POR,14,6,5,8,82.35,85.37,-3.02,5,8,0,0,2,3,0,0,1,3,0,0,0,0,0,0,0,0,0,0,0,0,0,0
1005,Walt Williams,POR,199804240LAL,"Apr 24, 1998",LAL,14,5,4,6,82.35,103.55,-21.2,1,2,3,6,0,0,1,3,1,3,0,0,0,0,0,0,0,0,0,0,0,0,0,0
1509,Kelvin Cato,POR,199804240LAL,"Apr 24, 1998",LAL,2,3,0,3,28.57,33.33,-4.76,2,2,1,0,0,0,0,0,0,0,0,0,0,0,0,0,0,0,0,0,0,0,0,0
202,Gary Grant,POR,199804240LAL,"Apr 24, 1998",LAL,5,2,0,2,100.0,125.0,-25.0,1,2,1,3,0,0,0,0,0,0,0,0,0,0,0,0,0,0,0,0,0,0,0,0
175,Alton Lister,POR,199804240LAL,"Apr 24, 1998",LAL,2,1,0,1,100.0,100.0,0.0,1,2,0,0,0,0,0,0,0,0,0,0,0,0,0,0,0,0,0,0,0,0,0,0
896,Tim Hardaway,MIA,199804240MIA,"Apr 24, 1998",NYK,34,21,8,27,57.63,69.33,-11.7,12,8,9,18,1,2,0,0,0,0,0,0,4,4,0,0,0,0,0,0,0,0,1,2
275,Allan Houston,NYK,199804240MIA,"Apr 24, 1998",MIA,17,18,7,22,38.64,40.32,-1.68,17,10,1,0,2,4,0,0,0,0,0,0,1,1,0,0,0,0,0,0,0,0,1,2
369,Charlie Ward,NYK,199804240MIA,"Apr 24, 1998",MIA,9,8,4,10,40.91,46.11,-5.2,6,4,2,3,0,0,0,0,0,0,0,0,0,0,0,0,0,0,0,0,0,0,2,2
105,Dan Majerle,MIA,199804240MIA,"Apr 24, 1998",NYK,8,6,0,6,50.0,66.67,-16.67,2,2,4,6,0,0,0,0,0,0,0,0,0,0,0,0,0,0,0,0,0,0,0,0
136,P.J. Brown,MIA,199804240MIA,"Apr 24, 1998",NYK,12,10,2,11,54.55,55.15,-0.6,10,10,0,0,1,2,0,0,0,0,0,0,0,0,0,0,0,0,0,0,0,0,0,0
297,Alonzo Mourning,MIA,199804240MIA,"Apr 24, 1998",NYK,11,11,6,14,39.29,40.32,-1.03,11,8,0,0,2,2,0,0,0,0,0,0,0,0,0,0,0,0,0,0,0,0,1,1
891,Charles Oakley,NYK,199804240MIA,"Apr 24, 1998",MIA,10,4,8,8,62.5,66.49,-3.99,4,2,0,0,2,4,0,0,0,0,0,0,0,0,0,0,0,0,0,0,0,0,2,4
913,Larry Johnson,NYK,199804240MIA,"Apr 24, 1998",MIA,21,14,5,16,63.64,64.81,-1.17,13,14,0,0,2,4,0,0,1,3,0,0,0,0,0,0,0,0,0,0,0,0,0,0
168,Chris Mills,NYK,199804240MIA,"Apr 24, 1998",MIA,4,7,2,8,25.0,25.38,-0.38,7,2,0,0,0,0,0,0,0,0,0,0,0,0,0,0,0,0,0,0,0,0,1,2
702,Voshon Lenard,MIA,199804240MIA,"Apr 24, 1998",NYK,10,8,2,9,43.48,56.31,-12.83,3,2,5,6,1,2,0,0,0,0,0,0,0,0,0,0,0,0,0,0,0,0,0,0
469,Jamal Mashburn,MIA,199804240MIA,"Apr 24, 1998",NYK,3,8,0,8,15.79,18.75,-2.96,5,0,3,3,0,0,0,0,0,0,0,0,0,0,0,0,0,0,0,0,0,0,0,0
164,Chris Childs,NYK,199804240MIA,"Apr 24, 1998",MIA,2,4,0,4,25.0,25.0,0.0,4,2,0,0,0,0,0,0,0,0,0,0,0,0,0,0,0,0,0,0,0,0,0,0
317,John Starks,NYK,199804240MIA,"Apr 24, 1998",MIA,14,12,3,13,48.28,52.55,-4.27,9,10,2,0,0,0,0,0,1,3,0,0,0,0,0,0,0,0,0,0,0,0,1,1
785,Eric Murdock,MIA,199804240MIA,"Apr 24, 1998",NYK,16,12,8,15,45.71,51.55,-5.84,7,6,3,0,1,2,0,0,2,6,0,0,0,0,0,0,0,0,0,0,0,0,2,2
433,Buck Williams,NYK,199804240MIA,"Apr 24, 1998",MIA,0,1,0,1,0.0,0.0,0.0,1,0,0,0,0,0,0,0,0,0,0,0,0,0,0,0,0,0,0,0,0,0,0,0
173,Keith Askins,MIA,199804240MIA,"Apr 24, 1998",NYK,0,2,0,2,0.0,0.0,0.0,0,0,2,0,0,0,0,0,0,0,0,0,0,0,0,0,0,0,0,0,0,0,0,0
194,Anthony Bowie,NYK,199804240MIA,"Apr 24, 1998",MIA,0,1,0,1,0.0,0.0,0.0,1,0,0,0,0,0,0,0,0,0,0,0,0,0,0,0,0,0,0,0,0,0,0,0
201,Chris Dudley,NYK,199804240MIA,"Apr 24, 1998",MIA,2,2,0,2,50.0,50.0,0.0,2,2,0,0,0,0,0,0,0,0,0,0,0,0,0,0,0,0,0,0,0,0,0,0
452,Vin Baker,SEA,199804240SEA,"Apr 24, 1998",MIN,25,19,4,20,59.52,60.21,-0.69,17,18,0,0,1,2,0,0,2,5,0,0,0,0,0,0,0,0,0,0,0,0,0,0
324,Anthony Peeler,MIN,199804240SEA,"Apr 24, 1998",SEA,6,18,0,18,14.29,16.67,-2.38,12,6,6,0,0,0,0,0,0,0,0,0,0,0,0,0,0,0,0,0,0,0,0,0
760,Jerome Kersey,SEA,199804240SEA,"Apr 24, 1998",MIN,11,8,1,8,64.71,65.17,-0.46,7,8,0,0,0,0,0,0,1,3,0,0,0,0,0,0,0,0,0,0,0,0,0,0
67,Tom Hammonds,SEA,199804240SEA,"Apr 24, 1998",MIN,12,11,2,12,50.0,50.51,-0.51,11,10,0,0,1,2,0,0,0,0,0,0,0,0,0,0,0,0,0,0,0,0,0,0
765,Hersey Hawkins,SEA,199804240SEA,"Apr 24, 1998",MIN,12,8,5,10,50.0,58.82,-8.82,4,6,3,0,2,4,0,0,1,2,0,0,0,0,0,0,0,0,0,0,0,0,0,0
417,Sam Mitchell,MIN,199804240SEA,"Apr 24, 1998",SEA,9,8,6,11,40.91,42.29,-1.38,8,4,0,0,3,5,0,0,0,0,0,0,0,0,0,0,0,0,0,0,0,0,0,0
96,Detlef Schrempf,SEA,199804240SEA,"Apr 24, 1998",MIN,17,11,5,13,62.96,64.39,-1.43,10,12,0,0,2,2,0,0,1,3,0,0,0,0,0,0,0,0,0,0,0,0,0,0
950,Stephon Marbury,MIN,199804240SEA,"Apr 24, 1998",SEA,13,14,3,15,35.14,42.43,-7.29,7,2,6,6,1,2,0,0,1,3,0,0,0,0,0,0,0,0,0,0,0,0,0,0
708,Kevin Garnett,MIN,199804240SEA,"Apr 24, 1998",SEA,18,18,2,18,47.37,47.67,-0.3,16,12,0,0,0,0,0,0,2,6,0,0,0,0,0,0,0,0,0,0,0,0,0,0
56,Gary Payton,SEA,199804240SEA,"Apr 24, 1998",MIN,19,18,2,19,42.22,50.32,-8.1,11,8,7,9,1,2,0,0,0,0,0,0,0,0,0,0,0,0,0,0,0,0,0,0
107,Dale Ellis,SEA,199804240SEA,"Apr 24, 1998",MIN,9,7,1,7,47.37,60.48,-13.11,2,0,4,6,0,0,0,0,1,3,0,0,0,0,0,0,0,0,0,0,0,0,0,0
64,Sam Perkins,SEA,199804240SEA,"Apr 24, 1998",MIN,6,4,2,5,50.0,61.48,-11.48,2,4,2,0,1,2,0,0,0,0,0,0,0,0,0,0,0,0,0,0,0,0,0,0
203,Nate McMillan,SEA,199804240SEA,"Apr 24, 1998",MIN,0,2,0,2,0.0,0.0,0.0,0,0,2,0,0,0,0,0,0,0,0,0,0,0,0,0,0,0,0,0,0,0,0,0
345,Terry Porter,MIN,199804240SEA,"Apr 24, 1998",SEA,13,11,4,13,43.33,50.94,-7.61,7,6,4,3,2,4,0,0,0,0,0,0,0,0,0,0,0,0,0,0,0,0,0,0
21,Greg Anthony,SEA,199804240SEA,"Apr 24, 1998",MIN,3,7,2,8,15.79,19.04,-3.25,4,2,3,0,0,0,0,0,0,0,0,0,0,0,0,0,0,0,0,0,0,0,1,1
674,Reggie Jordan,MIN,199804240SEA,"Apr 24, 1998",SEA,5,4,2,5,50.0,51.23,-1.23,4,4,0,0,1,1,0,0,0,0,0,0,0,0,0,0,0,0,0,0,0,0,0,0
914,Stanley Roberts,MIN,199804240SEA,"Apr 24, 1998",SEA,1,1,2,2,25.0,26.6,-1.6,1,0,0,0,1,1,0,0,0,0,0,0,0,0,0,0,0,0,0,0,0,0,0,0
52,Micheal Williams,MIN,199804240SEA,"Apr 24, 1998",SEA,4,5,0,5,40.0,40.0,0.0,5,4,0,0,0,0,0,0,0,0,0,0,0,0,0,0,0,0,0,0,0,0,0,0
766,David Wingate,SEA,199804240SEA,"Apr 24, 1998",MIN,6,4,2,5,60.0,61.48,-1.48,4,4,0,0,1,2,0,0,0,0,0,0,0,0,0,0,0,0,0,0,0,0,0,0
29,Jim McIlvaine,SEA,199804240SEA,"Apr 24, 1998",MIN,0,2,0,2,0.0,0.0,0.0,2,0,0,0,0,0,0,0,0,0,0,0,0,0,0,0,0,0,0,0,0,0,0,0
1545,DeJuan Wheat,MIN,199804240SEA,"Apr 24, 1998",SEA,2,2,0,2,50.0,50.0,0.0,2,2,0,0,0,0,0,0,0,0,0,0,0,0,0,0,0,0,0,0,0,0,0,0
1425,Aaron Williams,SEA,199804240SEA,"Apr 24, 1998",MIN,0,1,0,1,0.0,0.0,0.0,1,0,0,0,0,0,0,0,0,0,0,0,0,0,0,0,0,0,0,0,0,0,0,0
124,Vlade Divac,ATL,199804250CHH,"Apr 25, 1998",CHA,14,9,4,11,63.64,65.06,-1.42,9,12,0,0,0,0,0,0,0,0,0,0,0,0,0,0,0,0,0,0,0,0,2,2
87,Dikembe Mutombo,ATL,199804250CHH,"Apr 25, 1998",CHA,4,6,4,8,25.0,25.77,-0.77,6,2,0,0,1,1,0,0,0,0,0,0,0,0,0,0,0,0,0,0,0,0,1,1
779,Glen Rice,CHA,199804250CHH,"Apr 25, 1998",ATL,24,16,8,20,55.81,61.48,-5.67,13,16,3,0,1,2,0,0,0,0,0,0,0,0,0,0,0,0,0,0,0,0,3,6
895,Tyrone Corbin,CHA,199804250CHH,"Apr 25, 1998",ATL,6,7,0,7,40.0,42.86,-2.86,6,6,1,0,0,0,0,0,0,0,0,0,0,0,0,0,0,0,0,0,0,0,0,0
193,Anthony Mason,CHA,199804250CHH,"Apr 25, 1998",ATL,25,13,10,17,69.44,71.84,-2.4,11,16,0,0,3,3,0,0,2,5,0,0,0,0,0,0,0,0,0,0,0,0,1,1
302,Mookie Blaylock,ATL,199804250CHH,"Apr 25, 1998",CHA,7,12,4,14,20.0,25.44,-5.44,5,4,7,0,0,0,0,0,0,0,0,0,0,0,0,0,0,0,0,0,0,0,2,3
133,David Wesley,CHA,199804250CHH,"Apr 25, 1998",ATL,18,14,8,18,47.37,51.37,-4.0,12,6,2,6,0,0,0,0,0,0,0,0,0,0,0,0,0,0,0,0,0,0,4,6
673,Alan Henderson,ATL,199804250CHH,"Apr 25, 1998",CHA,22,15,6,18,59.46,62.36,-2.9,14,18,1,0,3,4,0,0,0,0,0,0,0,0,0,0,0,0,0,0,0,0,0,0
184,Bobby Phills,ATL,199804250CHH,"Apr 25, 1998",CHA,7,7,2,8,43.75,44.42,-0.67,7,6,0,0,0,0,0,0,0,0,0,0,0,0,0,0,0,0,0,0,0,0,1,1
120,Steven Smith,ATL,199804250CHH,"Apr 25, 1998",CHA,22,17,2,18,53.66,61.52,-7.86,12,14,5,6,1,2,0,0,0,0,0,0,0,0,0,0,0,0,0,0,0,0,0,0
462,J.R. Reid,CHA,199804250CHH,"Apr 25, 1998",ATL,0,2,0,2,0.0,0.0,0.0,2,0,0,0,0,0,0,0,0,0,0,0,0,0,0,0,0,0,0,0,0,0,0,0
363,Christian Laettner,ATL,199804250CHH,"Apr 25, 1998",CHA,8,7,2,8,50.0,50.76,-0.76,7,6,0,0,0,0,0,0,0,0,0,0,0,0,0,0,0,0,0,0,0,0,1,2
209,Dell Curry,CHA,199804250CHH,"Apr 25, 1998",ATL,2,4,0,4,25.0,25.0,0.0,4,2,0,0,0,0,0,0,0,0,0,0,0,0,0,0,0,0,0,0,0,0,0,0
292,Anthony Miller,ATL,199804250CHH,"Apr 25, 1998",CHA,0,2,0,2,0.0,0.0,0.0,2,0,0,0,0,0,0,0,0,0,0,0,0,0,0,0,0,0,0,0,0,0,0,0
140,Donald Royal,CHA,199804250CHH,"Apr 25, 1998",ATL,0,1,0,1,0.0,0.0,0.0,1,0,0,0,0,0,0,0,0,0,0,0,0,0,0,0,0,0,0,0,0,0,0,0
769,B.J. Armstrong,CHA,199804250CHH,"Apr 25, 1998",ATL,2,3,0,3,33.33,33.33,0.0,3,2,0,0,0,0,0,0,0,0,0,0,0,0,0,0,0,0,0,0,0,0,0,0
359,Chucky Brown,ATL,199804250CHH,"Apr 25, 1998",CHA,4,4,0,4,50.0,50.0,0.0,4,4,0,0,0,0,0,0,0,0,0,0,0,0,0,0,0,0,0,0,0,0,0,0
695,Eldridge Recasner,ATL,199804250CHH,"Apr 25, 1998",CHA,12,9,0,9,52.17,66.67,-14.5,4,0,5,12,0,0,0,0,0,0,0,0,0,0,0,0,0,0,0,0,0,0,0,0
980,Zydrunas Ilgauskas,CLE,199804250IND,"Apr 25, 1998",IND,25,14,8,17,69.44,71.35,-1.91,12,16,0,0,3,4,0,0,2,5,0,0,0,0,0,0,0,0,0,0,0,0,0,0
905,Dale Davis,CLE,199804250IND,"Apr 25, 1998",IND,17,9,4,11,77.27,79.0,-1.73,9,16,0,0,1,1,0,0,0,0,0,0,0,0,0,0,0,0,0,0,0,0,1,0
1538,Cedric Henderson,IND,199804250IND,"Apr 25, 1998",CLE,8,7,0,7,57.14,57.14,0.0,7,8,0,0,0,0,0,0,0,0,0,0,0,0,0,0,0,0,0,0,0,0,0,0
349,Mark Jackson,IND,199804250IND,"Apr 25, 1998",CLE,12,11,0,11,46.15,54.55,-8.4,7,6,4,6,0,0,0,0,0,0,0,0,0,0,0,0,0,0,0,0,0,0,0,0
431,Shawn Kemp,CLE,199804250IND,"Apr 25, 1998",IND,27,12,16,20,67.5,70.9,-3.4,12,14,0,0,4,6,0,0,0,0,0,0,0,0,0,0,0,0,0,0,0,0,4,7
22,Rik Smits,IND,199804250IND,"Apr 25, 1998",CLE,14,15,2,16,43.75,44.08,-0.33,15,12,0,0,1,2,0,0,0,0,0,0,0,0,0,0,0,0,0,0,0,0,0,0
445,Wesley Person,CLE,199804250IND,"Apr 25, 1998",IND,10,10,0,10,40.0,50.0,-10.0,5,4,5,6,0,0,0,0,0,0,0,0,0,0,0,0,0,0,0,0,0,0,0,0
397,Reggie Miller,IND,199804250IND,"Apr 25, 1998",CLE,18,16,6,18,41.86,48.28,-6.42,10,4,5,6,1,2,1,3,1,3,0,0,0,0,0,0,0,0,0,0,0,0,0,0
1510,Brevin Knight,CLE,199804250IND,"Apr 25, 1998",IND,4,6,2,7,28.57,29.07,-0.5,6,2,0,0,0,0,0,0,0,0,0,0,0,0,0,0,0,0,0,0,0,0,1,2
904,Chris Mullin,IND,199804250IND,"Apr 25, 1998",CLE,4,6,1,7,25.0,31.06,-6.06,3,0,3,3,0,0,0,0,0,0,0,0,1,1,0,0,0,0,0,0,0,0,0,0
213,Antonio Davis,IND,199804250IND,"Apr 25, 1998",CLE,10,8,0,8,62.5,62.5,0.0,8,10,0,0,0,0,0,0,0,0,0,0,0,0,0,0,0,0,0,0,0,0,0,0
365,Derrick McKey,IND,199804250IND,"Apr 25, 1998",CLE,0,4,0,4,0.0,0.0,0.0,3,0,1,0,0,0,0,0,0,0,0,0,0,0,0,0,0,0,0,0,0,0,0,0
1507,Derek Anderson,CLE,199804250IND,"Apr 25, 1998",IND,4,4,2,5,40.0,40.98,-0.98,4,2,0,0,0,0,0,0,0,0,0,0,0,0,0,0,0,0,0,0,0,0,1,2
958,Vitaly Potapenko,CLE,199804250IND,"Apr 25, 1998",IND,8,5,2,6,66.67,68.03,-1.36,5,6,0,0,1,2,0,0,0,0,0,0,0,0,0,0,0,0,0,0,0,0,0,0
147,Jalen Rose,IND,199804250IND,"Apr 25, 1998",CLE,17,8,4,10,85.0,87.09,-2.09,8,14,0,0,0,0,0,0,0,0,0,0,0,0,0,0,0,0,0,0,0,0,2,3
696,Travis Best,IND,199804250IND,"Apr 25, 1998",CLE,0,1,0,1,0.0,0.0,0.0,1,0,0,0,0,0,0,0,0,0,0,0,0,0,0,0,0,0,0,0,0,0,0,0
198,Danny Ferry,CLE,199804250IND,"Apr 25, 1998",IND,0,1,0,1,0.0,0.0,0.0,0,0,1,0,0,0,0,0,0,0,0,0,0,0,0,0,0,0,0,0,0,0,0,0
361,Clifford Robinson,PHX,199804250PHO,"Apr 25, 1998",SAS,15,9,7,12,57.69,62.09,-4.4,7,8,1,0,2,3,0,0,1,3,0,0,0,0,0,0,0,0,0,0,0,0,1,1
686,Antonio McDyess,PHX,199804250PHO,"Apr 25, 1998",SAS,21,14,7,17,60.0,61.48,-1.48,13,14,0,0,2,3,0,0,1,3,0,0,0,0,0,0,0,0,0,0,0,0,1,1
467,Jason Kidd,PHX,199804250PHO,"Apr 25, 1998",SAS,12,10,2,11,54.55,55.15,-0.6,10,10,0,0,1,2,0,0,0,0,0,0,0,0,0,0,0,0,0,0,0,0,0,0
1495,Tim Duncan,SAS,199804250PHO,"Apr 25, 1998",PHX,16,11,6,13,57.14,58.65,-1.51,9,8,0,0,2,3,0,0,2,5,0,0,0,0,0,0,0,0,0,0,0,0,0,0
364,Rex Chapman,PHX,199804250PHO,"Apr 25, 1998",SAS,16,14,7,18,44.44,46.84,-2.4,13,10,1,0,2,4,0,0,0,0,0,0,1,1,0,0,0,0,0,0,0,0,1,1
45,George McCloud,PHX,199804250PHO,"Apr 25, 1998",SAS,22,12,0,12,70.97,91.67,-20.7,5,4,7,18,0,0,0,0,0,0,0,0,0,0,0,0,0,0,0,0,0,0,0,0
764,David Robinson,SAS,199804250PHO,"Apr 25, 1998",PHX,23,13,8,16,67.65,69.61,-1.96,11,12,0,0,1,2,0,0,2,6,0,0,0,0,0,0,0,0,0,0,0,0,2,3
754,Jim Jackson,PHX,199804250PHO,"Apr 25, 1998",SAS,13,14,2,15,31.71,43.68,-11.97,3,2,11,9,1,2,0,0,0,0,0,0,0,0,0,0,0,0,0,0,0,0,0,0
781,Will Perdue,SAS,199804250PHO,"Apr 25, 1998",PHX,10,5,2,6,83.33,85.03,-1.7,5,8,0,0,1,2,0,0,0,0,0,0,0,0,0,0,0,0,0,0,0,0,0,0
219,Vinny Del Negro,SAS,199804250PHO,"Apr 25, 1998",PHX,12,11,1,12,46.15,52.45,-6.3,8,8,3,3,0,0,0,0,0,0,0,0,1,1,0,0,0,0,0,0,0,0,0,0
422,Avery Johnson,SAS,199804250PHO,"Apr 25, 1998",PHX,20,15,7,18,54.05,55.31,-1.26,14,16,0,0,3,1,0,0,1,3,0,0,0,0,0,0,0,0,0,0,0,0,0,0
456,Chuck Person,SAS,199804250PHO,"Apr 25, 1998",PHX,7,6,2,7,41.18,50.87,-9.69,3,2,3,3,0,0,0,0,0,0,0,0,0,0,0,0,0,0,0,0,0,0,1,2
134,Kevin Johnson,PHX,199804250PHO,"Apr 25, 1998",SAS,4,6,0,6,33.33,33.33,0.0,6,4,0,0,0,0,0,0,0,0,0,0,0,0,0,0,0,0,0,0,0,0,0,0
959,Steve Nash,PHX,199804250PHO,"Apr 25, 1998",SAS,4,3,0,3,57.14,66.67,-9.53,2,4,1,0,0,0,0,0,0,0,0,0,0,0,0,0,0,0,0,0,0,0,0,0
95,Mark Bryant,PHX,199804250PHO,"Apr 25, 1998",SAS,14,12,6,15,46.67,47.81,-1.14,12,10,0,0,0,0,0,0,0,0,0,0,0,0,0,0,0,0,0,0,0,0,3,4
192,Dennis Scott,PHX,199804250PHO,"Apr 25, 1998",SAS,0,2,0,2,0.0,0.0,0.0,1,0,1,0,0,0,0,0,0,0,0,0,0,0,0,0,0,0,0,0,0,0,0,0
304,John Stockton,UTA,199804250UTA,"Apr 25, 1998",HOU,17,14,4,16,51.52,53.93,-2.41,13,16,1,0,0,0,0,0,0,0,0,0,0,0,1,0,0,0,0,0,0,0,1,1
323,Greg Foster,HOU,199804250UTA,"Apr 25, 1998",UTA,7,5,2,6,58.33,59.52,-1.19,5,6,0,0,1,1,0,0,0,0,0,0,0,0,0,0,0,0,0,0,0,0,0,0
672,Matt Bullard,HOU,199804250UTA,"Apr 25, 1998",UTA,5,7,2,8,26.32,31.73,-5.41,4,0,3,3,1,2,0,0,0,0,0,0,0,0,0,0,0,0,0,0,0,0,0,0
17,Clyde Drexler,HOU,199804250UTA,"Apr 25, 1998",UTA,14,11,5,13,42.42,53.03,-10.61,4,4,6,3,0,0,0,0,1,3,0,0,0,0,0,0,0,0,0,0,0,0,2,4
165,Hakeem Olajuwon,HOU,199804250UTA,"Apr 25, 1998",UTA,16,11,8,15,53.33,55.1,-1.77,11,12,0,0,2,2,0,0,0,0,0,0,0,0,0,0,0,0,0,0,0,0,2,2
788,Kevin Willis,HOU,199804250UTA,"Apr 25, 1998",UTA,10,10,4,12,41.67,42.52,-0.85,10,6,0,0,2,4,0,0,0,0,0,0,0,0,0,0,0,0,0,0,0,0,0,0
252,Karl Malone,UTA,199804250UTA,"Apr 25, 1998",HOU,29,19,16,27,53.7,55.68,-1.98,19,16,0,0,4,7,0,0,0,0,0,0,1,1,0,0,0,0,0,0,0,0,3,5
1074,Matt Maloney,UTA,199804250UTA,"Apr 25, 1998",HOU,4,6,2,7,23.53,29.07,-5.54,3,2,3,0,0,0,0,0,0,0,0,0,0,0,0,0,0,0,0,0,0,0,1,2
204,Jeff Hornacek,UTA,199804250UTA,"Apr 25, 1998",HOU,14,10,4,14,56.0,59.52,-3.52,9,8,1,3,0,0,0,0,0,0,0,0,4,3,0,0,0,0,0,0,0,0,0,0
85,Brent Price,HOU,199804250UTA,"Apr 25, 1998",UTA,5,5,0,5,35.71,50.0,-14.29,1,2,4,3,0,0,0,0,0,0,0,0,0,0,0,0,0,0,0,0,0,0,0,0
228,Adam Keefe,HOU,199804250UTA,"Apr 25, 1998",UTA,3,1,2,2,75.0,79.79,-4.79,1,2,0,0,1,1,0,0,0,0,0,0,0,0,0,0,0,0,0,0,0,0,0,0
935,Bryon Russell,UTA,199804250UTA,"Apr 25, 1998",HOU,10,4,8,8,52.63,66.49,-13.86,1,0,3,6,0,0,0,0,0,0,0,0,0,0,0,0,0,0,0,0,0,0,4,4
458,Howard Eisley,UTA,199804250UTA,"Apr 25, 1998",HOU,7,8,4,10,33.33,35.86,-2.53,7,4,1,0,0,0,0,0,0,0,0,0,0,0,0,0,0,0,0,0,0,0,2,3
53,Mario Elie,HOU,199804250UTA,"Apr 25, 1998",UTA,6,2,4,4,66.67,79.79,-13.12,1,0,1,3,0,0,0,0,0,0,0,0,0,0,0,0,0,0,0,0,0,0,2,3
698,Eddie Johnson,HOU,199804250UTA,"Apr 25, 1998",UTA,10,7,6,11,45.45,51.87,-6.42,5,2,2,3,2,3,0,0,0,0,0,0,2,2,0,0,0,0,0,0,0,0,0,0
787,Charles Barkley,HOU,199804250UTA,"Apr 25, 1998",UTA,8,7,6,10,38.1,41.49,-3.39,6,4,1,0,2,3,0,0,0,0,0,0,0,0,0,0,0,0,0,0,0,0,1,1
731,Greg Ostertag,UTA,199804250UTA,"Apr 25, 1998",HOU,3,3,2,4,37.5,38.66,-1.16,3,2,0,0,1,1,0,0,0,0,0,0,0,0,0,0,0,0,0,0,0,0,0,0
156,Antoine Carr,UTA,199804250UTA,"Apr 25, 1998",HOU,0,2,0,2,0.0,0.0,0.0,2,0,0,0,0,0,0,0,0,0,0,0,0,0,0,0,0,0,0,0,0,0,0,0
1000,Shandon Anderson,UTA,199804250UTA,"Apr 25, 1998",HOU,10,6,2,7,62.5,72.67,-10.17,4,6,2,3,1,1,0,0,0,0,0,0,0,0,0,0,0,0,0,0,0,0,0,0
970,Othella Harrington,HOU,199804250UTA,"Apr 25, 1998",UTA,6,3,2,4,66.67,77.32,-10.65,2,4,1,0,0,0,0,0,0,0,0,0,0,0,0,0,0,0,0,0,0,0,1,2
279,Charles Jones,HOU,199804250UTA,"Apr 25, 1998",UTA,2,0,2,1,100.0,113.64,-13.64,0,0,0,0,0,0,0,0,0,0,0,0,0,0,0,0,0,0,0,0,0,0,1,2
1518,Rodrick Rhodes,HOU,199804250UTA,"Apr 25, 1998",UTA,4,2,2,3,66.67,69.44,-2.77,2,2,0,0,0,0,0,0,0,0,0,0,0,0,0,0,0,0,0,0,0,0,1,2
1521,Jacque Vaughn,UTA,199804250UTA,"Apr 25, 1998",HOU,5,1,2,2,100.0,132.98,-32.98,0,0,1,3,0,0,0,0,0,0,0,0,0,0,0,0,0,0,0,0,0,0,1,2
1496,Keith Van Horn,NJN,199804260CHI,"Apr 26, 1998",CHI,10,12,2,13,38.46,38.82,-0.36,12,8,0,0,1,2,0,0,0,0,0,0,0,0,0,0,0,0,0,0,0,0,0,0
937,Scottie Pippen,CHI,199804260CHI,"Apr 26, 1998",NJN,17,14,6,17,43.59,51.08,-7.49,9,10,5,3,1,2,0,0,0,0,0,0,0,0,0,0,0,0,0,0,0,0,2,2
893,Michael Jordan,CHI,199804260CHI,"Apr 26, 1998",NJN,32,19,17,27,58.18,60.42,-2.24,18,16,0,0,5,9,0,0,1,3,0,0,0,0,0,0,0,0,0,0,0,0,3,4
383,Kendall Gill,NJN,199804260CHI,"Apr 26, 1998",CHI,12,13,2,14,42.86,43.23,-0.37,13,10,0,0,1,2,0,0,0,0,0,0,0,0,0,0,0,0,0,0,0,0,0,0
389,Toni Kukoc,CHI,199804260CHI,"Apr 26, 1998",NJN,19,17,9,21,41.3,45.32,-4.02,13,12,3,0,0,0,0,0,1,2,0,0,0,0,1,2,0,0,0,0,0,0,3,3
166,Ron Harper,CHI,199804260CHI,"Apr 26, 1998",NJN,3,3,0,3,37.5,50.0,-12.5,1,0,2,3,0,0,0,0,0,0,0,0,0,0,0,0,0,0,0,0,0,0,0,0
23,Dennis Rodman,CHI,199804260CHI,"Apr 26, 1998",NJN,3,10,2,11,13.64,13.79,-0.15,10,2,0,0,0,0,0,0,0,0,0,0,0,0,0,0,0,0,0,0,0,0,1,1
954,Kerry Kittles,NJN,199804260CHI,"Apr 26, 1998",CHI,23,15,3,16,60.53,70.47,-9.94,9,10,5,9,0,0,0,0,1,3,0,0,0,0,0,0,0,0,0,0,0,0,1,1
428,Sherman Douglas,NJN,199804260CHI,"Apr 26, 1998",CHI,20,18,6,21,45.45,48.45,-3.0,16,12,2,3,3,5,0,0,0,0,0,0,0,0,0,0,0,0,0,0,0,0,0,0
420,Jayson Williams,NJN,199804260CHI,"Apr 26, 1998",CHI,10,9,2,10,50.0,50.61,-0.61,9,8,0,0,1,2,0,0,0,0,0,0,0,0,0,0,0,0,0,0,0,0,0,0
446,Lucious Harris,NJN,199804260CHI,"Apr 26, 1998",CHI,2,2,2,3,28.57,34.72,-6.15,1,0,1,0,1,2,0,0,0,0,0,0,0,0,0,0,0,0,0,0,0,0,0,0
208,Sam Cassell,NJN,199804260CHI,"Apr 26, 1998",CHI,0,2,0,2,0.0,0.0,0.0,2,0,0,0,0,0,0,0,0,0,0,0,0,0,0,0,0,0,0,0,0,0,0,0
197,Scott Burrell,CHI,199804260CHI,"Apr 26, 1998",NJN,4,7,0,7,26.67,28.57,-1.9,6,4,1,0,0,0,0,0,0,0,0,0,0,0,0,0,0,0,0,0,0,0,0,0
423,Chris Gatling,NJN,199804260CHI,"Apr 26, 1998",CHI,4,8,0,8,25.0,25.0,0.0,8,4,0,0,0,0,0,0,0,0,0,0,0,0,0,0,0,0,0,0,0,0,0,0
54,Dickey Simpkins,CHI,199804260CHI,"Apr 26, 1998",NJN,1,0,2,1,50.0,56.82,-6.82,0,0,0,0,1,1,0,0,0,0,0,0,0,0,0,0,0,0,0,0,0,0,0,0
70,Steve Kerr,CHI,199804260CHI,"Apr 26, 1998",NJN,10,6,1,7,62.5,77.64,-15.14,3,4,3,6,0,0,0,0,0,0,0,0,1,0,0,0,0,0,0,0,0,0,0,0
938,Rony Seikaly,NJN,199804260CHI,"Apr 26, 1998",CHI,10,6,0,6,83.33,83.33,0.0,6,10,0,0,0,0,0,0,0,0,0,0,0,0,0,0,0,0,0,0,0,0,0,0
82,Bill Wennington,CHI,199804260CHI,"Apr 26, 1998",NJN,7,5,2,6,58.33,59.52,-1.19,5,6,0,0,1,1,0,0,0,0,0,0,0,0,0,0,0,0,0,0,0,0,0,0
375,Isaiah Rider,POR,199804260LAL,"Apr 26, 1998",LAL,24,15,9,19,54.55,63.29,-8.74,10,14,5,3,1,1,1,3,0,0,0,0,0,0,0,0,0,0,0,0,0,0,2,3
717,Arvydas Sabonis,LAL,199804260LAL,"Apr 26, 1998",POR,6,5,2,6,50.0,51.02,-1.02,5,4,0,0,1,2,0,0,0,0,0,0,0,0,0,0,0,0,0,0,0,0,0,0
224,Eddie Jones,LAL,199804260LAL,"Apr 26, 1998",POR,21,6,14,14,72.41,86.35,-13.94,3,4,3,9,6,8,0,0,0,0,0,0,2,0,0,0,0,0,0,0,0,0,0,0
757,Damon Stoudamire,POR,199804260LAL,"Apr 26, 1998",LAL,17,17,2,18,42.5,47.54,-5.04,13,12,4,3,0,0,0,0,0,0,0,0,0,0,0,0,0,0,0,0,0,0,1,2
406,Shaquille O'Neal,LAL,199804260LAL,"Apr 26, 1998",POR,19,15,11,20,46.34,47.88,-1.54,14,12,0,0,2,1,0,0,1,3,0,0,0,0,0,0,0,0,0,0,0,0,3,3
258,Brian Grant,POR,199804260LAL,"Apr 26, 1998",LAL,15,10,2,11,68.18,68.93,-0.75,10,14,0,0,1,1,0,0,0,0,0,0,0,0,0,0,0,0,0,0,0,0,0,0
296,Rick Fox,LAL,199804260LAL,"Apr 26, 1998",POR,24,14,7,18,58.54,70.26,-11.72,8,12,6,6,1,1,0,0,0,0,0,0,2,3,0,0,0,0,0,0,0,0,1,2
175,Alton Lister,POR,199804260LAL,"Apr 26, 1998",LAL,0,2,0,2,0.0,0.0,0.0,2,0,0,0,0,0,0,0,0,0,0,0,0,0,0,0,0,0,0,0,0,0,0,0
965,Derek Fisher,LAL,199804260LAL,"Apr 26, 1998",POR,10,3,6,6,76.92,88.65,-11.73,2,2,1,3,1,2,0,0,0,0,0,0,0,0,0,0,0,0,0,0,0,0,2,3
739,Rasheed Wallace,POR,199804260LAL,"Apr 26, 1998",LAL,12,11,0,11,52.17,54.55,-2.38,10,12,1,0,0,0,0,0,0,0,0,0,0,0,0,0,0,0,0,0,0,0,0,0
109,Robert Horry,LAL,199804260LAL,"Apr 26, 1998",POR,15,8,6,11,60.0,70.49,-10.49,5,8,3,3,2,2,0,0,0,0,0,0,0,0,0,0,0,0,0,0,0,0,1,2
1509,Kelvin Cato,POR,199804260LAL,"Apr 26, 1998",LAL,10,6,5,8,58.82,60.98,-2.16,5,4,0,0,2,3,0,0,1,3,0,0,0,0,0,0,0,0,0,0,0,0,0,0
89,Nick Van Exel,LAL,199804260LAL,"Apr 26, 1998",POR,5,9,0,9,23.81,27.78,-3.97,6,2,3,3,0,0,0,0,0,0,0,0,0,0,0,0,0,0,0,0,0,0,0,0
977,Kobe Bryant,LAL,199804260LAL,"Apr 26, 1998",POR,4,7,0,7,28.57,28.57,0.0,7,4,0,0,0,0,0,0,0,0,0,0,0,0,0,0,0,0,0,0,0,0,0,0
922,Elden Campbell,LAL,199804260LAL,"Apr 26, 1998",POR,10,4,8,8,62.5,66.49,-3.99,4,4,0,0,3,5,0,0,0,0,0,0,0,0,0,0,0,0,0,0,0,0,1,1
1005,Walt Williams,POR,199804260LAL,"Apr 26, 1998",LAL,15,7,1,7,75.0,100.81,-25.81,1,0,5,12,0,0,0,0,1,3,0,0,0,0,0,0,0,0,0,0,0,0,0,0
202,Gary Grant,POR,199804260LAL,"Apr 26, 1998",LAL,0,1,0,1,0.0,0.0,0.0,1,0,0,0,0,0,0,0,0,0,0,0,0,0,0,0,0,0,0,0,0,0,0,0
468,Jon Barry,LAL,199804260LAL,"Apr 26, 1998",POR,0,1,0,1,0.0,0.0,0.0,0,0,1,0,0,0,0,0,0,0,0,0,0,0,0,0,0,0,0,0,0,0,0,0
896,Tim Hardaway,MIA,199804260MIA,"Apr 26, 1998",NYK,15,15,9,19,34.09,39.56,-5.47,10,6,5,3,0,0,1,1,0,0,0,0,0,0,0,0,0,0,0,0,0,0,3,5
913,Larry Johnson,NYK,199804260MIA,"Apr 26, 1998",MIA,22,20,5,21,48.89,49.55,-0.66,17,14,0,0,0,0,0,0,3,7,0,0,0,0,0,0,0,0,0,0,0,0,1,1
168,Chris Mills,NYK,199804260MIA,"Apr 26, 1998",MIA,2,3,0,3,33.33,33.33,0.0,3,2,0,0,0,0,0,0,0,0,0,0,0,0,0,0,0,0,0,0,0,0,0,0
136,P.J. Brown,MIA,199804260MIA,"Apr 26, 1998",NYK,5,6,3,7,33.33,34.15,-0.82,5,2,0,0,1,1,0,0,1,2,0,0,0,0,0,0,0,0,0,0,0,0,0,0
369,Charlie Ward,MIA,199804260MIA,"Apr 26, 1998",NYK,6,5,3,6,40.0,47.47,-7.47,2,2,2,0,1,1,0,0,1,3,0,0,0,0,0,0,0,0,0,0,0,0,0,0
275,Allan Houston,MIA,199804260MIA,"Apr 26, 1998",NYK,24,18,6,21,51.06,58.14,-7.08,13,12,5,6,3,6,0,0,0,0,0,0,0,0,0,0,0,0,0,0,0,0,0,0
702,Voshon Lenard,MIA,199804260MIA,"Apr 26, 1998",NYK,25,17,6,21,52.08,63.65,-11.57,9,10,8,9,2,4,0,0,0,0,0,0,2,2,0,0,0,0,0,0,0,0,0,0
297,Alonzo Mourning,MIA,199804260MIA,"Apr 26, 1998",NYK,30,18,10,23,65.22,66.96,-1.74,18,22,0,0,4,7,0,0,0,0,0,0,1,1,0,0,0,0,0,0,0,0,0,0
105,Dan Majerle,MIA,199804260MIA,"Apr 26, 1998",NYK,1,2,2,3,12.5,17.36,-4.86,0,0,2,0,1,1,0,0,0,0,0,0,0,0,0,0,0,0,0,0,0,0,0,0
891,Charles Oakley,NYK,199804260MIA,"Apr 26, 1998",MIA,6,11,2,12,25.0,25.25,-0.25,11,4,0,0,1,2,0,0,0,0,0,0,0,0,0,0,0,0,0,0,0,0,0,0
173,Keith Askins,MIA,199804260MIA,"Apr 26, 1998",NYK,3,3,0,3,33.33,50.0,-16.67,0,0,3,3,0,0,0,0,0,0,0,0,0,0,0,0,0,0,0,0,0,0,0,0
164,Chris Childs,NYK,199804260MIA,"Apr 26, 1998",MIA,7,6,0,6,50.0,58.33,-8.33,4,4,2,3,0,0,0,0,0,0,0,0,0,0,0,0,0,0,0,0,0,0,0,0
317,John Starks,NYK,199804260MIA,"Apr 26, 1998",MIA,25,11,7,14,71.43,88.78,-17.35,4,4,6,12,0,0,0,0,1,3,0,0,0,0,0,0,0,0,0,0,0,0,3,6
469,Jamal Mashburn,MIA,199804260MIA,"Apr 26, 1998",NYK,2,5,0,5,20.0,20.0,0.0,5,2,0,0,0,0,0,0,0,0,0,0,0,0,0,0,0,0,0,0,0,0,0,0
187,Terry Cummings,NYK,199804260MIA,"Apr 26, 1998",MIA,4,6,1,6,30.77,31.06,-0.29,5,2,0,0,0,0,0,0,1,2,0,0,0,0,0,0,0,0,0,0,0,0,0,0
785,Eric Murdock,MIA,199804260MIA,"Apr 26, 1998",NYK,5,4,4,6,38.46,43.4,-4.94,3,2,1,0,2,3,0,0,0,0,0,0,0,0,0,0,0,0,0,0,0,0,0,0
56,Gary Payton,SEA,199804260SEA,"Apr 26, 1998",MIN,32,25,7,28,50.79,56.98,-6.19,18,18,6,6,1,1,0,0,1,3,0,0,0,0,0,0,0,0,0,0,0,0,2,4
324,Anthony Peeler,MIN,199804260SEA,"Apr 26, 1998",SEA,8,14,0,14,26.67,28.57,-1.9,12,8,2,0,0,0,0,0,0,0,0,0,0,0,0,0,0,0,0,0,0,0,0,0
950,Stephon Marbury,MIN,199804260SEA,"Apr 26, 1998",SEA,25,21,7,24,48.08,51.91,-3.83,17,14,3,3,2,3,0,0,1,3,0,0,0,0,0,0,0,0,0,0,0,0,1,2
452,Vin Baker,SEA,199804260SEA,"Apr 26, 1998",MIN,8,6,4,8,50.0,51.55,-1.55,6,6,0,0,0,0,0,0,0,0,0,0,0,0,0,0,0,0,0,0,0,0,2,2
760,Jerome Kersey,SEA,199804260SEA,"Apr 26, 1998",MIN,4,3,0,3,66.67,66.67,0.0,3,4,0,0,0,0,0,0,0,0,0,0,0,0,0,0,0,0,0,0,0,0,0,0
345,Terry Porter,MIN,199804260SEA,"Apr 26, 1998",SEA,21,15,6,18,50.0,59.52,-9.52,9,10,6,6,1,2,0,0,0,0,0,0,0,0,0,0,0,0,0,0,0,0,2,3
417,Sam Mitchell,MIN,199804260SEA,"Apr 26, 1998",SEA,18,11,4,13,62.07,70.53,-8.46,8,8,3,6,1,2,0,0,0,0,0,0,0,0,0,0,0,0,0,0,0,0,1,2
708,Kevin Garnett,MIN,199804260SEA,"Apr 26, 1998",SEA,15,14,1,14,51.72,51.94,-0.22,13,12,0,0,0,0,0,0,1,3,0,0,0,0,0,0,0,0,0,0,0,0,0,0
96,Detlef Schrempf,SEA,199804260SEA,"Apr 26, 1998",MIN,15,12,4,14,50.0,54.51,-4.51,10,12,2,0,2,3,0,0,0,0,0,0,0,0,0,0,0,0,0,0,0,0,0,0
765,Hersey Hawkins,SEA,199804260SEA,"Apr 26, 1998",MIN,10,9,3,11,41.67,48.45,-6.78,6,4,3,3,1,2,0,0,0,0,0,0,1,1,0,0,0,0,0,0,0,0,0,0
203,Nate McMillan,SEA,199804260SEA,"Apr 26, 1998",MIN,7,6,0,6,46.67,58.33,-11.66,3,4,3,3,0,0,0,0,0,0,0,0,0,0,0,0,0,0,0,0,0,0,0,0
52,Micheal Williams,MIN,199804260SEA,"Apr 26, 1998",SEA,0,3,0,3,0.0,0.0,0.0,3,0,0,0,0,0,0,0,0,0,0,0,0,0,0,0,0,0,0,0,0,0,0,0
67,Tom Hammonds,MIN,199804260SEA,"Apr 26, 1998",SEA,11,8,5,10,52.38,53.92,-1.54,7,6,0,0,2,3,0,0,1,2,0,0,0,0,0,0,0,0,0,0,0,0,0,0
107,Dale Ellis,SEA,199804260SEA,"Apr 26, 1998",MIN,3,4,0,4,25.0,37.5,-12.5,0,0,4,3,0,0,0,0,0,0,0,0,0,0,0,0,0,0,0,0,0,0,0,0
64,Sam Perkins,SEA,199804260SEA,"Apr 26, 1998",MIN,1,1,2,2,25.0,26.6,-1.6,1,0,0,0,1,1,0,0,0,0,0,0,0,0,0,0,0,0,0,0,0,0,0,0
21,Greg Anthony,SEA,199804260SEA,"Apr 26, 1998",MIN,13,10,1,10,46.43,62.26,-15.83,2,2,7,9,0,0,0,0,1,2,0,0,0,0,0,0,0,0,0,0,0,0,0,0
431,Shawn Kemp,CLE,199804270CLE,"Apr 27, 1998",IND,31,21,10,26,59.62,61.02,-1.4,21,22,0,0,2,3,0,0,0,0,0,0,0,0,0,0,0,0,0,0,0,0,3,6
22,Rik Smits,IND,199804270CLE,"Apr 27, 1998",CLE,26,17,4,19,68.42,69.3,-0.88,17,22,0,0,2,4,0,0,0,0,0,0,0,0,0,0,0,0,0,0,0,0,0,0
1538,Cedric Henderson,CLE,199804270CLE,"Apr 27, 1998",IND,9,9,3,10,42.86,43.6,-0.74,8,6,0,0,1,1,0,0,1,2,0,0,0,0,0,0,0,0,0,0,0,0,0,0
445,Wesley Person,CLE,199804270CLE,"Apr 27, 1998",IND,7,5,2,6,43.75,59.52,-15.77,1,2,4,3,0,0,0,0,0,0,0,0,0,0,0,0,0,0,0,0,0,0,1,2
1510,Brevin Knight,CLE,199804270CLE,"Apr 27, 1998",IND,11,8,6,11,50.0,51.69,-1.69,8,8,0,0,0,0,0,0,0,0,0,0,0,0,0,0,0,0,0,0,0,0,3,3
980,Zydrunas Ilgauskas,IND,199804270CLE,"Apr 27, 1998",CLE,13,12,8,16,40.62,41.88,-1.26,12,10,0,0,4,3,0,0,0,0,0,0,0,0,0,0,0,0,0,0,0,0,0,0
904,Chris Mullin,IND,199804270CLE,"Apr 27, 1998",CLE,6,5,1,6,42.86,55.15,-12.29,2,2,3,3,0,0,0,0,0,0,0,0,1,1,0,0,0,0,0,0,0,0,0,0
397,Reggie Miller,IND,199804270CLE,"Apr 27, 1998",CLE,18,16,2,17,42.86,53.32,-10.46,8,10,8,6,0,0,0,0,0,0,0,0,0,0,0,0,0,0,0,0,0,0,1,2
905,Dale Davis,IND,199804270CLE,"Apr 27, 1998",CLE,11,5,4,7,78.57,81.36,-2.79,5,8,0,0,1,1,0,0,0,0,0,0,0,0,0,0,0,0,0,0,0,0,1,2
349,Mark Jackson,IND,199804270CLE,"Apr 27, 1998",CLE,3,6,2,7,17.65,21.8,-4.15,3,2,3,0,0,0,0,0,0,0,0,0,0,0,0,0,0,0,0,0,0,0,1,1
1507,Derek Anderson,CLE,199804270CLE,"Apr 27, 1998",IND,11,4,8,8,68.75,73.14,-4.39,4,4,0,0,2,4,0,0,0,0,0,0,0,0,0,0,0,0,0,0,0,0,2,3
213,Antonio Davis,IND,199804270CLE,"Apr 27, 1998",CLE,2,4,2,5,20.0,20.49,-0.49,4,0,0,0,1,2,0,0,0,0,0,0,0,0,0,0,0,0,0,0,0,0,0,0
147,Jalen Rose,IND,199804270CLE,"Apr 27, 1998",CLE,7,10,0,10,30.43,35.0,-4.57,7,4,3,3,0,0,0,0,0,0,0,0,0,0,0,0,0,0,0,0,0,0,0,0
958,Vitaly Potapenko,CLE,199804270CLE,"Apr 27, 1998",IND,4,4,0,4,50.0,50.0,0.0,4,4,0,0,0,0,0,0,0,0,0,0,0,0,0,0,0,0,0,0,0,0,0,0
365,Derrick McKey,IND,199804270CLE,"Apr 27, 1998",CLE,4,5,0,5,40.0,40.0,0.0,5,4,0,0,0,0,0,0,0,0,0,0,0,0,0,0,0,0,0,0,0,0,0,0
696,Travis Best,IND,199804270CLE,"Apr 27, 1998",CLE,0,1,0,1,0.0,0.0,0.0,1,0,0,0,0,0,0,0,0,0,0,0,0,0,0,0,0,0,0,0,0,0,0,0
682,Bob Sura,CLE,199804270CLE,"Apr 27, 1998",IND,0,1,0,1,0.0,0.0,0.0,0,0,1,0,0,0,0,0,0,0,0,0,0,0,0,0,0,0,0,0,0,0,0,0
219,Vinny Del Negro,SAS,199804270SAS,"Apr 27, 1998",PHX,18,13,4,15,58.06,60.98,-2.92,12,14,1,0,0,0,0,0,0,0,0,0,0,0,0,0,0,0,0,0,0,0,2,4
686,Antonio McDyess,PHX,199804270SAS,"Apr 27, 1998",SAS,26,23,7,26,49.06,49.85,-0.79,22,20,0,0,3,4,0,0,1,2,0,0,0,0,0,0,0,0,0,0,0,0,0,0
364,Rex Chapman,PHX,199804270SAS,"Apr 27, 1998",SAS,2,9,0,9,9.09,11.11,-2.02,5,2,4,0,0,0,0,0,0,0,0,0,0,0,0,0,0,0,0,0,0,0,0,0
764,David Robinson,SAS,199804270SAS,"Apr 27, 1998",PHX,17,18,9,22,37.78,38.71,-0.93,17,12,0,0,3,2,0,0,1,2,0,0,0,0,0,0,0,0,0,0,0,0,1,1
1114,Jaren Jackson,SAS,199804270SAS,"Apr 27, 1998",PHX,18,8,3,10,75.0,96.57,-21.57,3,4,5,12,0,0,0,0,0,0,0,0,1,0,0,0,0,0,0,0,0,0,1,2
422,Avery Johnson,SAS,199804270SAS,"Apr 27, 1998",PHX,10,10,0,10,50.0,50.0,0.0,10,10,0,0,0,0,0,0,0,0,0,0,0,0,0,0,0,0,0,0,0,0,0,0
45,George McCloud,PHX,199804270SAS,"Apr 27, 1998",SAS,18,13,2,14,58.06,64.84,-6.78,10,10,3,6,0,0,0,0,0,0,0,0,0,0,0,0,0,0,0,0,0,0,1,2
361,Clifford Robinson,SAS,199804270SAS,"Apr 27, 1998",PHX,2,7,0,7,14.29,14.29,0.0,7,2,0,0,0,0,0,0,0,0,0,0,0,0,0,0,0,0,0,0,0,0,0,0
1495,Tim Duncan,SAS,199804270SAS,"Apr 27, 1998",PHX,22,21,0,21,52.38,52.38,0.0,21,22,0,0,0,0,0,0,0,0,0,0,0,0,0,0,0,0,0,0,0,0,0,0
467,Jason Kidd,PHX,199804270SAS,"Apr 27, 1998",SAS,16,13,5,15,48.48,52.63,-4.15,10,10,2,0,1,2,0,0,1,2,0,0,0,0,0,0,0,0,0,0,0,0,1,2
134,Kevin Johnson,PHX,199804270SAS,"Apr 27, 1998",SAS,15,9,5,11,65.22,66.96,-1.74,8,8,0,0,0,0,0,0,1,3,0,0,0,0,0,0,0,0,0,0,0,0,2,4
192,Dennis Scott,PHX,199804270SAS,"Apr 27, 1998",SAS,2,4,0,4,20.0,25.0,-5.0,2,2,2,0,0,0,0,0,0,0,0,0,0,0,0,0,0,0,0,0,0,0,0,0
456,Chuck Person,SAS,199804270SAS,"Apr 27, 1998",PHX,9,8,0,8,39.13,56.25,-17.12,1,0,7,9,0,0,0,0,0,0,0,0,0,0,0,0,0,0,0,0,0,0,0,0
95,Mark Bryant,PHX,199804270SAS,"Apr 27, 1998",SAS,2,3,0,3,33.33,33.33,0.0,3,2,0,0,0,0,0,0,0,0,0,0,0,0,0,0,0,0,0,0,0,0,0,0
gearyre01,R. Geary,SAS,199804270SAS,"Apr 27, 1998",PHX,4,1,4,3,66.67,72.46,-5.79,1,2,0,0,0,0,0,0,0,0,0,0,0,0,0,0,0,0,0,0,0,0,2,2
781,Will Perdue,SAS,199804270SAS,"Apr 27, 1998",PHX,0,1,0,1,0.0,0.0,0.0,1,0,0,0,0,0,0,0,0,0,0,0,0,0,0,0,0,0,0,0,0,0,0,0
990,Malik Rose,SAS,199804270SAS,"Apr 27, 1998",PHX,2,2,0,2,50.0,50.0,0.0,2,2,0,0,0,0,0,0,0,0,0,0,0,0,0,0,0,0,0,0,0,0,0,0
959,Steve Nash,PHX,199804270SAS,"Apr 27, 1998",SAS,5,2,2,3,83.33,86.81,-3.48,2,4,0,0,0,0,0,0,0,0,0,0,0,0,0,0,0,0,0,0,0,0,1,1
73,Hot Rod Williams,PHX,199804270SAS,"Apr 27, 1998",SAS,0,1,0,1,0.0,0.0,0.0,1,0,0,0,0,0,0,0,0,0,0,0,0,0,0,0,0,0,0,0,0,0,0,0
61,Carl Herrera,SAS,199804270SAS,"Apr 27, 1998",PHX,0,1,0,1,0.0,0.0,0.0,1,0,0,0,0,0,0,0,0,0,0,0,0,0,0,0,0,0,0,0,0,0,0,0
milicma01,M. MiliÄ,PHX,199804270SAS,"Apr 27, 1998",SAS,0,1,0,1,0.0,0.0,0.0,1,0,0,0,0,0,0,0,0,0,0,0,0,0,0,0,0,0,0,0,0,0,0,0
120,Steven Smith,ATL,199804280ATL,"Apr 28, 1998",CHA,15,11,4,13,55.56,58.78,-3.22,10,10,1,3,1,1,0,0,0,0,0,0,0,0,0,0,0,0,0,0,0,0,1,1
193,Anthony Mason,CHA,199804280ATL,"Apr 28, 1998",ATL,12,11,4,13,46.15,47.02,-0.87,11,10,0,0,2,2,0,0,0,0,0,0,0,0,0,0,0,0,0,0,0,0,0,0
87,Dikembe Mutombo,ATL,199804280ATL,"Apr 28, 1998",CHA,10,6,4,8,62.5,64.43,-1.93,6,6,0,0,1,2,0,0,0,0,0,0,0,0,0,0,0,0,0,0,0,0,1,2
673,Alan Henderson,ATL,199804280ATL,"Apr 28, 1998",CHA,11,9,4,11,50.0,51.12,-1.12,9,8,0,0,2,3,0,0,0,0,0,0,0,0,0,0,0,0,0,0,0,0,0,0
779,Glen Rice,CHA,199804280ATL,"Apr 28, 1998",ATL,8,13,0,13,25.81,30.77,-4.96,8,2,5,6,0,0,0,0,0,0,0,0,0,0,0,0,0,0,0,0,0,0,0,0
133,David Wesley,CHA,199804280ATL,"Apr 28, 1998",ATL,5,8,0,8,26.32,31.25,-4.93,5,2,3,3,0,0,0,0,0,0,0,0,0,0,0,0,0,0,0,0,0,0,0,0
302,Mookie Blaylock,ATL,199804280ATL,"Apr 28, 1998",CHA,16,7,2,8,88.89,101.52,-12.63,5,8,2,6,1,2,0,0,0,0,0,0,0,0,0,0,0,0,0,0,0,0,0,0
184,Bobby Phills,CHA,199804280ATL,"Apr 28, 1998",ATL,9,9,0,9,45.0,50.0,-5.0,7,6,2,3,0,0,0,0,0,0,0,0,0,0,0,0,0,0,0,0,0,0,0,0
895,Tyrone Corbin,ATL,199804280ATL,"Apr 28, 1998",CHA,9,9,0,9,40.91,50.0,-9.09,5,6,4,3,0,0,0,0,0,0,0,0,0,0,0,0,0,0,0,0,0,0,0,0
363,Christian Laettner,ATL,199804280ATL,"Apr 28, 1998",CHA,11,8,8,12,45.83,47.74,-1.91,8,4,0,0,4,7,0,0,0,0,0,0,0,0,0,0,0,0,0,0,0,0,0,0
124,Vlade Divac,CHA,199804280ATL,"Apr 28, 1998",ATL,11,7,4,9,61.11,62.79,-1.68,7,8,0,0,2,3,0,0,0,0,0,0,0,0,0,0,0,0,0,0,0,0,0,0
695,Eldridge Recasner,ATL,199804280ATL,"Apr 28, 1998",CHA,8,4,2,5,66.67,81.97,-15.3,2,0,2,6,1,2,0,0,0,0,0,0,0,0,0,0,0,0,0,0,0,0,0,0
462,J.R. Reid,CHA,199804280ATL,"Apr 28, 1998",ATL,4,7,4,9,21.05,22.83,-1.78,6,2,1,0,1,1,0,0,0,0,0,0,0,0,0,0,0,0,0,0,0,0,1,1
209,Dell Curry,CHA,199804280ATL,"Apr 28, 1998",ATL,8,8,0,8,44.44,50.0,-5.56,6,8,2,0,0,0,0,0,0,0,0,0,0,0,0,0,0,0,0,0,0,0,0,0
292,Anthony Miller,ATL,199804280ATL,"Apr 28, 1998",CHA,4,5,0,5,40.0,40.0,0.0,5,4,0,0,0,0,0,0,0,0,0,0,0,0,0,0,0,0,0,0,0,0,0,0
359,Chucky Brown,ATL,199804280ATL,"Apr 28, 1998",CHA,10,6,2,7,62.5,72.67,-10.17,4,6,2,3,1,1,0,0,0,0,0,0,0,0,0,0,0,0,0,0,0,0,0,0
769,B.J. Armstrong,CHA,199804280ATL,"Apr 28, 1998",ATL,0,4,0,4,0.0,0.0,0.0,3,0,1,0,0,0,0,0,0,0,0,0,0,0,0,0,0,0,0,0,0,0,0,0
1576,Travis Williams,CHA,199804280ATL,"Apr 28, 1998",ATL,1,1,2,2,25.0,26.6,-1.6,1,0,0,0,1,1,0,0,0,0,0,0,0,0,0,0,0,0,0,0,0,0,0,0
140,Donald Royal,CHA,199804280ATL,"Apr 28, 1998",ATL,2,2,2,3,33.33,34.72,-1.39,2,0,0,0,1,2,0,0,0,0,0,0,0,0,0,0,0,0,0,0,0,0,0,0
1544,Chris Crawford,ATL,199804280ATL,"Apr 28, 1998",CHA,2,0,2,1,100.0,113.64,-13.64,0,0,0,0,1,2,0,0,0,0,0,0,0,0,0,0,0,0,0,0,0,0,0,0
246,Greg Anderson,ATL,199804280ATL,"Apr 28, 1998",CHA,0,0,2,1,0.0,0.0,0.0,0,0,0,0,1,0,0,0,0,0,0,0,0,0,0,0,0,0,0,0,0,0,0,0
1003,Drew Barry,ATL,199804280ATL,"Apr 28, 1998",CHA,0,1,0,1,0.0,0.0,0.0,0,0,1,0,0,0,0,0,0,0,0,0,0,0,0,0,0,0,0,0,0,0,0,0
1133,Corey Beck,CHA,199804280ATL,"Apr 28, 1998",ATL,4,3,0,3,57.14,66.67,-9.53,2,4,1,0,0,0,0,0,0,0,0,0,0,0,0,0,0,0,0,0,0,0,0,0
96,Detlef Schrempf,SEA,199804280MIN,"Apr 28, 1998",MIN,16,13,4,15,50.0,54.2,-4.2,11,12,2,0,1,2,0,0,0,0,0,0,0,0,0,0,0,0,0,0,0,0,1,2
950,Stephon Marbury,MIN,199804280MIN,"Apr 28, 1998",SEA,14,11,8,15,40.0,48.21,-8.21,6,2,5,6,3,5,0,0,0,0,0,0,0,0,0,0,0,0,0,0,0,0,1,1
417,Sam Mitchell,MIN,199804280MIN,"Apr 28, 1998",SEA,19,12,5,14,57.58,66.9,-9.32,7,10,4,3,1,2,0,0,1,3,0,0,0,0,0,0,0,0,0,0,0,0,1,1
765,Hersey Hawkins,SEA,199804280MIN,"Apr 28, 1998",MIN,9,9,0,9,39.13,50.0,-10.87,4,6,5,3,0,0,0,0,0,0,0,0,0,0,0,0,0,0,0,0,0,0,0,0
708,Kevin Garnett,MIN,199804280MIN,"Apr 28, 1998",SEA,19,18,2,19,50.0,50.32,-0.32,18,18,0,0,0,0,0,0,0,0,0,0,0,0,0,0,0,0,0,0,0,0,1,1
56,Gary Payton,SEA,199804280MIN,"Apr 28, 1998",MIN,26,18,7,21,55.32,61.67,-6.35,13,12,4,6,2,3,0,0,1,3,0,0,0,0,0,0,0,0,0,0,0,0,1,2
760,Jerome Kersey,SEA,199804280MIN,"Apr 28, 1998",MIN,12,13,2,14,40.0,43.23,-3.23,11,10,2,0,1,2,0,0,0,0,0,0,0,0,0,0,0,0,0,0,0,0,0,0
452,Vin Baker,SEA,199804280MIN,"Apr 28, 1998",MIN,17,13,2,14,60.71,61.24,-0.53,13,16,0,0,1,1,0,0,0,0,0,0,0,0,0,0,0,0,0,0,0,0,0,0
324,Anthony Peeler,MIN,199804280MIN,"Apr 28, 1998",SEA,20,15,2,16,51.28,62.97,-11.69,8,6,7,12,0,0,0,0,0,0,0,0,0,0,0,0,0,0,0,0,0,0,1,2
345,Terry Porter,MIN,199804280MIN,"Apr 28, 1998",SEA,18,12,1,12,60.0,72.35,-12.35,6,6,5,9,0,0,0,0,1,3,0,0,0,0,0,0,0,0,0,0,0,0,0,0
64,Sam Perkins,SEA,199804280MIN,"Apr 28, 1998",MIN,6,6,2,7,35.29,43.6,-8.31,3,2,3,3,1,1,0,0,0,0,0,0,0,0,0,0,0,0,0,0,0,0,0,0
107,Dale Ellis,SEA,199804280MIN,"Apr 28, 1998",MIN,2,3,0,3,28.57,33.33,-4.76,2,2,1,0,0,0,0,0,0,0,0,0,0,0,0,0,0,0,0,0,0,0,0,0
67,Tom Hammonds,MIN,199804280MIN,"Apr 28, 1998",SEA,1,1,2,2,25.0,26.6,-1.6,1,0,0,0,0,0,0,0,0,0,0,0,0,0,0,0,0,0,0,0,0,0,1,1
203,Nate McMillan,SEA,199804280MIN,"Apr 28, 1998",MIN,2,2,0,2,40.0,50.0,-10.0,1,2,1,0,0,0,0,0,0,0,0,0,0,0,0,0,0,0,0,0,0,0,0,0
52,Micheal Williams,MIN,199804280MIN,"Apr 28, 1998",SEA,7,2,6,5,70.0,75.43,-5.43,2,2,0,0,3,5,0,0,0,0,0,0,0,0,0,0,0,0,0,0,0,0,0,0
21,Greg Anthony,SEA,199804280MIN,"Apr 28, 1998",MIN,0,1,0,1,0.0,0.0,0.0,0,0,1,0,0,0,0,0,0,0,0,0,0,0,0,0,0,0,0,0,0,0,0,0
201,Chris Dudley,NYK,199804280NYK,"Apr 28, 1998",MIA,1,1,2,2,25.0,26.6,-1.6,1,0,0,0,1,1,0,0,0,0,0,0,0,0,0,0,0,0,0,0,0,0,0,0
702,Voshon Lenard,MIA,199804280NYK,"Apr 28, 1998",NYK,28,15,7,19,65.12,77.43,-12.31,9,14,6,9,2,4,0,0,0,0,0,0,1,1,0,0,0,0,0,0,0,0,1,0
297,Alonzo Mourning,MIA,199804280NYK,"Apr 28, 1998",NYK,7,13,2,14,25.0,25.22,-0.22,13,6,0,0,0,0,0,0,0,0,0,0,0,0,0,0,0,0,0,0,0,0,1,1
275,Allan Houston,NYK,199804280NYK,"Apr 28, 1998",MIA,27,18,8,22,56.25,62.73,-6.48,14,14,4,6,1,2,0,0,0,0,0,0,0,0,0,0,0,0,0,0,0,0,3,5
469,Jamal Mashburn,MIA,199804280NYK,"Apr 28, 1998",NYK,9,5,0,5,81.82,90.0,-8.18,4,6,1,3,0,0,0,0,0,0,0,0,0,0,0,0,0,0,0,0,0,0,0,0
136,P.J. Brown,MIA,199804280NYK,"Apr 28, 1998",NYK,5,6,6,9,27.78,28.94,-1.16,6,4,0,0,1,1,0,0,0,0,0,0,0,0,1,0,0,0,0,0,0,0,1,0
891,Charles Oakley,NYK,199804280NYK,"Apr 28, 1998",MIA,6,4,0,4,75.0,75.0,0.0,4,6,0,0,0,0,0,0,0,0,0,0,0,0,0,0,0,0,0,0,0,0,0,0
913,Larry Johnson,NYK,199804280NYK,"Apr 28, 1998",MIA,22,12,13,17,59.46,62.08,-2.62,9,6,0,0,4,6,0,0,3,9,0,0,0,0,0,0,0,0,0,0,0,0,1,1
896,Tim Hardaway,MIA,199804280NYK,"Apr 28, 1998",NYK,27,17,13,23,52.94,59.42,-6.48,13,12,4,6,1,1,1,3,0,0,0,0,0,0,0,0,0,0,0,0,0,0,4,5
369,Charlie Ward,NYK,199804280NYK,"Apr 28, 1998",MIA,5,7,3,8,25.0,30.05,-5.05,3,2,3,0,0,0,0,0,1,2,0,0,0,0,0,0,0,0,0,0,0,0,1,1
317,John Starks,NYK,199804280NYK,"Apr 28, 1998",MIA,6,7,2,8,37.5,38.07,-0.57,7,4,0,0,1,2,0,0,0,0,0,0,0,0,0,0,0,0,0,0,0,0,0,0
55,Marty Conlon,MIA,199804280NYK,"Apr 28, 1998",NYK,4,3,0,3,66.67,66.67,0.0,3,4,0,0,0,0,0,0,0,0,0,0,0,0,0,0,0,0,0,0,0,0,0,0
164,Chris Childs,NYK,199804280NYK,"Apr 28, 1998",MIA,10,7,4,9,47.62,57.08,-9.46,4,4,3,3,1,1,0,0,0,0,0,0,0,0,0,0,0,0,0,0,0,0,1,2
187,Terry Cummings,NYK,199804280NYK,"Apr 28, 1998",MIA,0,3,2,4,0.0,0.0,0.0,3,0,0,0,0,0,0,0,0,0,0,0,0,0,0,0,0,0,0,0,0,0,1,0
785,Eric Murdock,MIA,199804280NYK,"Apr 28, 1998",NYK,11,4,6,7,68.75,82.83,-14.08,2,2,2,3,1,2,0,0,0,0,0,0,0,0,0,0,0,0,0,0,0,0,2,4
371,Terry Mills,MIA,199804280NYK,"Apr 28, 1998",NYK,0,3,0,3,0.0,0.0,0.0,1,0,2,0,0,0,0,0,0,0,0,0,0,0,0,0,0,0,0,0,0,0,0,0
168,Chris Mills,NYK,199804280NYK,"Apr 28, 1998",MIA,8,5,0,5,61.54,80.0,-18.46,2,2,3,6,0,0,0,0,0,0,0,0,0,0,0,0,0,0,0,0,0,0,0,0
757,Damon Stoudamire,POR,199804280POR,"Apr 28, 1998",LAL,18,10,7,13,60.0,68.81,-8.81,6,6,3,3,1,2,0,0,1,3,0,0,0,0,0,0,0,0,0,0,0,0,2,4
224,Eddie Jones,LAL,199804280POR,"Apr 28, 1998",POR,12,11,8,15,35.29,41.32,-6.03,7,6,4,0,2,3,0,0,0,0,0,0,0,0,0,0,0,0,0,0,0,0,2,3
375,Isaiah Rider,POR,199804280POR,"Apr 28, 1998",LAL,18,19,8,22,36.73,39.96,-3.23,15,10,3,0,0,0,1,2,1,2,0,0,0,0,0,0,0,0,0,0,0,0,2,4
258,Brian Grant,POR,199804280POR,"Apr 28, 1998",LAL,13,10,3,11,56.52,57.42,-0.9,9,8,0,0,1,2,0,0,1,3,0,0,0,0,0,0,0,0,0,0,0,0,0,0
406,Shaquille O'Neal,LAL,199804280POR,"Apr 28, 1998",POR,36,23,12,29,62.07,63.65,-1.58,23,32,0,0,6,4,0,0,0,0,0,0,0,0,0,0,0,0,0,0,0,0,0,0
109,Robert Horry,LAL,199804280POR,"Apr 28, 1998",POR,6,6,0,6,46.15,50.0,-3.85,5,6,1,0,0,0,0,0,0,0,0,0,0,0,0,0,0,0,0,0,0,0,0,0
965,Derek Fisher,LAL,199804280POR,"Apr 28, 1998",POR,13,9,6,12,44.83,55.84,-11.01,4,4,5,6,1,1,0,0,0,0,0,0,0,0,0,0,0,0,0,0,0,0,2,2
739,Rasheed Wallace,LAL,199804280POR,"Apr 28, 1998",POR,11,11,2,12,44.0,46.3,-2.3,10,8,1,3,0,0,0,0,0,0,0,0,0,0,0,0,0,0,0,0,0,0,1,0
717,Arvydas Sabonis,POR,199804280POR,"Apr 28, 1998",LAL,13,9,4,11,59.09,60.41,-1.32,9,10,0,0,2,3,0,0,0,0,0,0,0,0,0,0,0,0,0,0,0,0,0,0
296,Rick Fox,LAL,199804280POR,"Apr 28, 1998",POR,15,12,2,13,48.39,58.23,-9.84,6,8,5,3,0,0,0,0,1,3,0,0,1,1,0,0,0,0,0,0,0,0,0,0
977,Kobe Bryant,LAL,199804280POR,"Apr 28, 1998",POR,4,6,2,7,25.0,29.07,-4.07,4,2,2,0,1,2,0,0,0,0,0,0,0,0,0,0,0,0,0,0,0,0,0,0
89,Nick Van Exel,LAL,199804280POR,"Apr 28, 1998",POR,2,6,2,7,11.76,14.53,-2.77,3,2,3,0,1,0,0,0,0,0,0,0,0,0,0,0,0,0,0,0,0,0,0,0
922,Elden Campbell,LAL,199804280POR,"Apr 28, 1998",POR,4,6,3,7,26.67,27.32,-0.65,5,0,0,0,1,1,0,0,1,3,0,0,0,0,0,0,0,0,0,0,0,0,0,0
1005,Walt Williams,POR,199804280POR,"Apr 28, 1998",LAL,17,12,6,15,50.0,58.06,-8.06,8,10,4,3,0,0,0,0,0,0,0,0,0,0,0,0,0,0,0,0,0,0,3,4
202,Gary Grant,POR,199804280POR,"Apr 28, 1998",LAL,0,2,0,2,0.0,0.0,0.0,0,0,2,0,0,0,0,0,0,0,0,0,0,0,0,0,0,0,0,0,0,0,0,0
1509,Kelvin Cato,POR,199804280POR,"Apr 28, 1998",LAL,7,3,4,5,70.0,73.53,-3.53,3,4,0,0,2,3,0,0,0,0,0,0,0,0,0,0,0,0,0,0,0,0,0,0
916,Corie Blount,LAL,199804280POR,"Apr 28, 1998",POR,2,1,0,1,100.0,100.0,0.0,1,2,0,0,0,0,0,0,0,0,0,0,0,0,0,0,0,0,0,0,0,0,0,0
278,Stacey Augmon,POR,199804280POR,"Apr 28, 1998",LAL,2,3,0,3,33.33,33.33,0.0,3,2,0,0,0,0,0,0,0,0,0,0,0,0,0,0,0,0,0,0,0,0,0,0
204,Jeff Hornacek,UTA,199804290HOU,"Apr 29, 1998",HOU,9,10,5,15,33.33,36.89,-3.56,8,2,2,3,0,0,0,0,0,0,0,0,5,4,0,0,0,0,0,0,0,0,0,0
788,Kevin Willis,HOU,199804290HOU,"Apr 29, 1998",UTA,4,6,0,6,33.33,33.33,0.0,6,4,0,0,0,0,0,0,0,0,0,0,0,0,0,0,0,0,0,0,0,0,0,0
17,Clyde Drexler,HOU,199804290HOU,"Apr 29, 1998",UTA,22,18,4,20,47.83,55.67,-7.84,12,12,6,6,1,2,0,0,0,0,0,0,0,0,0,0,0,0,0,0,0,0,1,2
228,Adam Keefe,UTA,199804290HOU,"Apr 29, 1998",HOU,3,3,1,3,42.86,43.6,-0.74,2,0,0,0,0,0,0,0,1,3,0,0,0,0,0,0,0,0,0,0,0,0,0,0
304,John Stockton,UTA,199804290HOU,"Apr 29, 1998",HOU,15,14,4,16,44.12,47.59,-3.47,12,12,2,0,2,3,0,0,0,0,0,0,0,0,0,0,0,0,0,0,0,0,0,0
252,Karl Malone,UTA,199804290HOU,"Apr 29, 1998",HOU,19,16,9,20,45.24,47.6,-2.36,14,10,1,0,4,6,0,0,1,3,0,0,0,0,0,0,0,0,0,0,0,0,0,0
731,Greg Ostertag,UTA,199804290HOU,"Apr 29, 1998",HOU,4,2,0,2,100.0,100.0,0.0,2,4,0,0,0,0,0,0,0,0,0,0,0,0,0,0,0,0,0,0,0,0,0,0
165,Hakeem Olajuwon,HOU,199804290HOU,"Apr 29, 1998",UTA,28,26,8,30,45.9,47.43,-1.53,25,20,1,0,3,6,0,0,0,0,0,0,0,0,0,0,0,0,0,0,0,0,1,2
672,Matt Bullard,HOU,199804290HOU,"Apr 29, 1998",UTA,7,5,0,5,53.85,70.0,-16.15,2,4,3,3,0,0,0,0,0,0,0,0,0,0,0,0,0,0,0,0,0,0,0,0
1074,Matt Maloney,HOU,199804290HOU,"Apr 29, 1998",UTA,11,8,6,13,37.93,51.69,-13.76,1,0,7,6,0,0,0,0,0,0,0,0,4,4,0,0,0,0,0,0,0,0,1,1
935,Bryon Russell,UTA,199804290HOU,"Apr 29, 1998",HOU,19,10,2,11,67.86,87.32,-19.46,4,8,6,9,1,2,0,0,0,0,0,0,0,0,0,0,0,0,0,0,0,0,0,0
53,Mario Elie,HOU,199804290HOU,"Apr 29, 1998",UTA,7,6,1,7,50.0,54.35,-4.35,5,4,1,3,0,0,0,0,0,0,0,0,1,0,0,0,0,0,0,0,0,0,0,0
458,Howard Eisley,UTA,199804290HOU,"Apr 29, 1998",HOU,10,11,1,12,41.67,43.71,-2.04,10,6,1,3,0,0,0,0,0,0,0,0,1,1,0,0,0,0,0,0,0,0,0,0
787,Charles Barkley,HOU,199804290HOU,"Apr 29, 1998",UTA,8,5,5,7,50.0,55.56,-5.56,3,4,1,0,2,2,0,0,1,2,0,0,0,0,0,0,0,0,0,0,0,0,0,0
85,Brent Price,HOU,199804290HOU,"Apr 29, 1998",UTA,2,3,3,5,16.67,23.15,-6.48,0,0,3,0,1,2,0,0,0,0,0,0,1,0,0,0,0,0,0,0,0,0,0,0
156,Antoine Carr,UTA,199804290HOU,"Apr 29, 1998",HOU,2,2,0,2,50.0,50.0,0.0,2,2,0,0,0,0,0,0,0,0,0,0,0,0,0,0,0,0,0,0,0,0,0,0
1000,Shandon Anderson,UTA,199804290HOU,"Apr 29, 1998",HOU,4,5,0,5,36.36,40.0,-3.64,4,4,1,0,0,0,0,0,0,0,0,0,0,0,0,0,0,0,0,0,0,0,0,0
23,Dennis Rodman,CHI,199804290NJN,"Apr 29, 1998",NJN,11,13,0,13,40.74,42.31,-1.57,12,8,1,3,0,0,0,0,0,0,0,0,0,0,0,0,0,0,0,0,0,0,0,0
954,Kerry Kittles,NJN,199804290NJN,"Apr 29, 1998",CHI,16,8,4,10,64.0,81.97,-17.97,3,6,5,6,2,4,0,0,0,0,0,0,0,0,0,0,0,0,0,0,0,0,0,0
383,Kendall Gill,NJN,199804290NJN,"Apr 29, 1998",CHI,17,13,2,14,60.71,61.24,-0.53,13,16,0,0,1,1,0,0,0,0,0,0,0,0,0,0,0,0,0,0,0,0,0,0
389,Toni Kukoc,CHI,199804290NJN,"Apr 29, 1998",NJN,13,10,0,10,59.09,65.0,-5.91,8,10,2,3,0,0,0,0,0,0,0,0,0,0,0,0,0,0,0,0,0,0,0,0
1496,Keith Van Horn,NJN,199804290NJN,"Apr 29, 1998",CHI,18,9,11,14,62.07,65.03,-2.96,8,8,0,0,3,5,0,0,1,2,0,0,0,0,0,0,0,0,0,0,0,0,2,3
893,Michael Jordan,CHI,199804290NJN,"Apr 29, 1998",NJN,38,22,5,25,74.51,78.51,-4.0,20,28,2,6,2,3,0,0,0,0,0,0,1,1,0,0,0,0,0,0,0,0,0,0
166,Ron Harper,CHI,199804290NJN,"Apr 29, 1998",NJN,12,6,0,6,85.71,100.0,-14.29,4,6,2,6,0,0,0,0,0,0,0,0,0,0,0,0,0,0,0,0,0,0,0,0
428,Sherman Douglas,NJN,199804290NJN,"Apr 29, 1998",CHI,19,15,0,15,59.38,63.33,-3.95,13,16,2,3,0,0,0,0,0,0,0,0,0,0,0,0,0,0,0,0,0,0,0,0
937,Scottie Pippen,CHI,199804290NJN,"Apr 29, 1998",NJN,13,12,10,17,37.14,39.63,-2.49,11,4,1,0,5,9,0,0,0,0,0,0,0,0,0,0,0,0,0,0,0,0,0,0
446,Lucious Harris,NJN,199804290NJN,"Apr 29, 1998",CHI,4,3,0,3,57.14,66.67,-9.53,2,4,1,0,0,0,0,0,0,0,0,0,0,0,0,0,0,0,0,0,0,0,0,0
420,Jayson Williams,NJN,199804290NJN,"Apr 29, 1998",CHI,3,3,2,4,37.5,38.66,-1.16,3,2,0,0,1,1,0,0,0,0,0,0,0,0,0,0,0,0,0,0,0,0,0,0
423,Chris Gatling,NJN,199804290NJN,"Apr 29, 1998",CHI,18,12,6,15,60.0,61.48,-1.48,12,14,0,0,2,3,0,0,0,0,0,0,0,0,0,0,0,0,0,0,0,0,1,1
197,Scott Burrell,CHI,199804290NJN,"Apr 29, 1998",NJN,23,11,2,12,79.31,96.8,-17.49,6,12,5,9,0,0,0,0,0,0,0,0,0,0,0,0,0,0,0,0,0,0,1,2
70,Steve Kerr,CHI,199804290NJN,"Apr 29, 1998",NJN,4,5,0,5,30.77,40.0,-9.23,2,4,3,0,0,0,0,0,0,0,0,0,0,0,0,0,0,0,0,0,0,0,0,0
938,Rony Seikaly,NJN,199804290NJN,"Apr 29, 1998",CHI,4,1,3,2,80.0,86.21,-6.21,0,0,0,0,0,0,0,0,1,3,0,0,0,0,0,0,0,0,0,0,0,0,1,1
82,Bill Wennington,CHI,199804290NJN,"Apr 29, 1998",NJN,2,1,0,1,100.0,100.0,0.0,1,2,0,0,0,0,0,0,0,0,0,0,0,0,0,0,0,0,0,0,0,0,0,0
54,Dickey Simpkins,CHI,199804290NJN,"Apr 29, 1998",NJN,0,1,0,1,0.0,0.0,0.0,1,0,0,0,0,0,0,0,0,0,0,0,0,0,0,0,0,0,0,0,0,0,0,0
753,Randy Brown,CHI,199804290NJN,"Apr 29, 1998",NJN,0,1,0,1,0.0,0.0,0.0,1,0,0,0,0,0,0,0,0,0,0,0,0,0,0,0,0,0,0,0,0,0,0,0
208,Sam Cassell,NJN,199804290NJN,"Apr 29, 1998",CHI,2,1,0,1,100.0,100.0,0.0,1,2,0,0,0,0,0,0,0,0,0,0,0,0,0,0,0,0,0,0,0,0,0,0
1114,Jaren Jackson,SAS,199804290SAS,"Apr 29, 1998",PHX,8,10,6,13,22.86,31.65,-8.79,1,2,9,3,2,3,0,0,0,0,0,0,0,0,0,0,0,0,0,0,0,0,1,0
95,Mark Bryant,PHX,199804290SAS,"Apr 29, 1998",SAS,9,9,4,11,40.91,41.82,-0.91,9,8,0,0,2,1,0,0,0,0,0,0,0,0,0,0,0,0,0,0,0,0,0,0
467,Jason Kidd,PHX,199804290SAS,"Apr 29, 1998",SAS,12,16,5,18,31.58,32.97,-1.39,14,6,1,0,2,3,0,0,1,3,0,0,0,0,0,0,0,0,0,0,0,0,0,0
422,Avery Johnson,SAS,199804290SAS,"Apr 29, 1998",PHX,30,15,11,21,73.17,75.6,-2.43,15,22,0,0,1,0,0,0,0,0,0,0,0,0,2,2,0,0,0,0,0,0,3,6
219,Vinny Del Negro,SAS,199804290SAS,"Apr 29, 1998",PHX,6,9,4,12,25.0,27.88,-2.88,7,2,2,0,1,2,0,0,0,0,0,0,2,2,0,0,0,0,0,0,0,0,0,0
686,Antonio McDyess,PHX,199804290SAS,"Apr 29, 1998",SAS,10,14,0,14,35.71,35.71,0.0,14,10,0,0,0,0,0,0,0,0,0,0,0,0,0,0,0,0,0,0,0,0,0,0
361,Clifford Robinson,PHX,199804290SAS,"Apr 29, 1998",SAS,0,6,0,6,0.0,0.0,0.0,6,0,0,0,0,0,0,0,0,0,0,0,0,0,0,0,0,0,0,0,0,0,0,0
1495,Tim Duncan,SAS,199804290SAS,"Apr 29, 1998",PHX,11,8,2,9,61.11,61.94,-0.83,8,10,0,0,1,1,0,0,0,0,0,0,0,0,0,0,0,0,0,0,0,0,0,0
959,Steve Nash,PHX,199804290SAS,"Apr 29, 1998",SAS,13,13,6,17,36.11,41.56,-5.45,9,6,4,3,1,2,0,0,0,0,0,0,2,1,0,0,0,0,0,0,0,0,1,1
764,David Robinson,SAS,199804290SAS,"Apr 29, 1998",PHX,15,12,12,18,41.67,43.4,-1.73,12,6,0,0,2,4,0,0,0,0,0,0,0,0,0,0,0,0,0,0,0,0,4,5
456,Chuck Person,SAS,199804290SAS,"Apr 29, 1998",PHX,18,11,0,11,60.0,81.82,-21.82,3,0,8,18,0,0,0,0,0,0,0,0,0,0,0,0,0,0,0,0,0,0,0,0
781,Will Perdue,SAS,199804290SAS,"Apr 29, 1998",PHX,1,2,2,3,16.67,17.36,-0.69,2,0,0,0,1,1,0,0,0,0,0,0,0,0,0,0,0,0,0,0,0,0,0,0
45,George McCloud,PHX,199804290SAS,"Apr 29, 1998",SAS,9,10,0,10,31.03,45.0,-13.97,1,0,9,9,0,0,0,0,0,0,0,0,0,0,0,0,0,0,0,0,0,0,0,0
134,Kevin Johnson,PHX,199804290SAS,"Apr 29, 1998",SAS,18,13,2,14,60.0,64.84,-4.84,11,14,2,3,1,1,0,0,0,0,0,0,0,0,0,0,0,0,0,0,0,0,0,0
73,Hot Rod Williams,PHX,199804290SAS,"Apr 29, 1998",SAS,0,1,0,1,0.0,0.0,0.0,1,0,0,0,0,0,0,0,0,0,0,0,0,0,0,0,0,0,0,0,0,0,0,0
192,Dennis Scott,PHX,199804290SAS,"Apr 29, 1998",SAS,5,3,0,3,62.5,83.33,-20.83,1,2,2,3,0,0,0,0,0,0,0,0,0,0,0,0,0,0,0,0,0,0,0,0
42,Monty Williams,SAS,199804290SAS,"Apr 29, 1998",PHX,6,3,3,4,66.67,69.44,-2.77,2,2,0,0,0,0,0,0,1,3,0,0,0,0,0,0,0,0,0,0,0,0,1,1
990,Malik Rose,SAS,199804290SAS,"Apr 29, 1998",PHX,4,2,0,2,100.0,100.0,0.0,2,4,0,0,0,0,0,0,0,0,0,0,0,0,0,0,0,0,0,0,0,0,0,0
milicma01,M. MiliÄ,PHX,199804290SAS,"Apr 29, 1998",SAS,4,2,0,2,100.0,100.0,0.0,2,4,0,0,0,0,0,0,0,0,0,0,0,0,0,0,0,0,0,0,0,0,0,0
22,Rik Smits,CLE,199804300CLE,"Apr 30, 1998",IND,17,15,4,17,48.57,50.72,-2.15,14,14,1,0,2,3,0,0,0,0,0,0,0,0,0,0,0,0,0,0,0,0,0,0
1510,Brevin Knight,CLE,199804300CLE,"Apr 30, 1998",IND,0,4,1,5,0.0,0.0,0.0,4,0,0,0,0,0,0,0,0,0,0,0,1,0,0,0,0,0,0,0,0,0,0,0
905,Dale Davis,IND,199804300CLE,"Apr 30, 1998",CLE,4,2,0,2,100.0,100.0,0.0,2,4,0,0,0,0,0,0,0,0,0,0,0,0,0,0,0,0,0,0,0,0,0,0
431,Shawn Kemp,CLE,199804300CLE,"Apr 30, 1998",IND,21,16,12,22,47.73,49.34,-1.61,16,12,0,0,5,7,0,0,0,0,0,0,0,0,0,0,0,0,0,0,0,0,1,2
349,Mark Jackson,IND,199804300CLE,"Apr 30, 1998",CLE,2,5,0,5,18.18,20.0,-1.82,4,2,1,0,0,0,0,0,0,0,0,0,0,0,0,0,0,0,0,0,0,0,0,0
980,Zydrunas Ilgauskas,CLE,199804300CLE,"Apr 30, 1998",IND,15,12,5,13,51.72,52.82,-1.1,9,6,0,0,1,0,0,0,3,9,0,0,0,0,0,0,0,0,0,0,0,0,0,0
445,Wesley Person,CLE,199804300CLE,"Apr 30, 1998",IND,15,10,2,11,50.0,68.93,-18.93,2,2,8,12,0,0,0,0,0,0,0,0,0,0,0,0,0,0,0,0,0,0,1,1
1538,Cedric Henderson,CLE,199804300CLE,"Apr 30, 1998",IND,5,3,8,7,35.71,38.34,-2.63,3,0,0,0,4,5,0,0,0,0,0,0,0,0,0,0,0,0,0,0,0,0,0,0
397,Reggie Miller,IND,199804300CLE,"Apr 30, 1998",CLE,19,16,4,18,46.34,53.49,-7.15,11,10,5,6,0,0,0,0,0,0,0,0,0,0,0,0,0,0,0,0,0,0,2,3
904,Chris Mullin,IND,199804300CLE,"Apr 30, 1998",CLE,12,6,1,6,85.71,93.17,-7.46,4,6,1,3,0,0,0,0,1,3,0,0,0,0,0,0,0,0,0,0,0,0,0,0
1507,Derek Anderson,CLE,199804300CLE,"Apr 30, 1998",IND,18,8,10,14,69.23,72.58,-3.35,8,10,0,0,2,3,0,0,0,0,0,0,2,2,0,0,0,0,0,0,0,0,2,3
696,Travis Best,IND,199804300CLE,"Apr 30, 1998",CLE,6,5,0,5,46.15,60.0,-13.85,2,0,3,6,0,0,0,0,0,0,0,0,0,0,0,0,0,0,0,0,0,0,0,0
213,Antonio Davis,IND,199804300CLE,"Apr 30, 1998",CLE,11,7,5,9,57.89,59.78,-1.89,6,4,0,0,1,2,0,0,1,3,0,0,0,0,0,0,0,0,0,0,0,0,1,2
147,Jalen Rose,IND,199804300CLE,"Apr 30, 1998",CLE,4,5,0,5,36.36,40.0,-3.64,4,4,1,0,0,0,0,0,0,0,0,0,0,0,0,0,0,0,0,0,0,0,0,0
958,Vitaly Potapenko,CLE,199804300CLE,"Apr 30, 1998",IND,0,3,0,3,0.0,0.0,0.0,3,0,0,0,0,0,0,0,0,0,0,0,0,0,0,0,0,0,0,0,0,0,0,0
365,Derrick McKey,IND,199804300CLE,"Apr 30, 1998",CLE,4,1,2,2,100.0,106.38,-6.38,1,2,0,0,1,2,0,0,0,0,0,0,0,0,0,0,0,0,0,0,0,0,0,0
770,Mark West,IND,199804300CLE,"Apr 30, 1998",CLE,1,0,2,1,50.0,56.82,-6.82,0,0,0,0,1,1,0,0,0,0,0,0,0,0,0,0,0,0,0,0,0,0,0,0
765,Hersey Hawkins,SEA,199804300MIN,"Apr 30, 1998",MIN,24,12,9,17,58.54,75.19,-16.65,4,4,8,12,0,0,0,0,0,0,0,0,1,1,0,0,0,0,0,0,0,0,4,7
708,Kevin Garnett,MIN,199804300MIN,"Apr 30, 1998",SEA,20,14,2,15,66.67,67.2,-0.53,14,18,0,0,0,0,0,0,0,0,0,0,0,0,0,0,0,0,0,0,0,0,1,2
96,Detlef Schrempf,SEA,199804300MIN,"Apr 30, 1998",MIN,12,10,0,10,54.55,60.0,-5.45,8,12,2,0,0,0,0,0,0,0,0,0,0,0,0,0,0,0,0,0,0,0,0,0
324,Anthony Peeler,MIN,199804300MIN,"Apr 30, 1998",SEA,19,15,0,15,50.0,63.33,-13.33,7,4,8,15,0,0,0,0,0,0,0,0,0,0,0,0,0,0,0,0,0,0,0,0
760,Jerome Kersey,SEA,199804300MIN,"Apr 30, 1998",MIN,6,5,0,5,54.55,60.0,-5.45,4,6,1,0,0,0,0,0,0,0,0,0,0,0,0,0,0,0,0,0,0,0,0,0
452,Vin Baker,SEA,199804300MIN,"Apr 30, 1998",MIN,13,11,8,15,43.33,44.77,-1.44,11,12,0,0,2,1,0,0,0,0,0,0,0,0,0,0,0,0,0,0,0,0,2,0
56,Gary Payton,SEA,199804300MIN,"Apr 30, 1998",MIN,24,18,3,19,57.14,62.11,-4.97,14,16,3,3,0,0,0,0,1,3,0,0,1,2,0,0,0,0,0,0,0,0,0,0
417,Sam Mitchell,MIN,199804300MIN,"Apr 30, 1998",SEA,10,13,2,14,31.25,36.02,-4.77,9,8,4,0,1,2,0,0,0,0,0,0,0,0,0,0,0,0,0,0,0,0,0,0
950,Stephon Marbury,MIN,199804300MIN,"Apr 30, 1998",SEA,10,16,1,16,27.03,30.41,-3.38,11,4,4,3,0,0,0,0,1,3,0,0,0,0,0,0,0,0,0,0,0,0,0,0
345,Terry Porter,MIN,199804300MIN,"Apr 30, 1998",SEA,13,12,4,14,40.62,47.24,-6.62,8,8,4,3,2,2,0,0,0,0,0,0,0,0,0,0,0,0,0,0,0,0,0,0
107,Dale Ellis,SEA,199804300MIN,"Apr 30, 1998",MIN,5,7,0,7,27.78,35.71,-7.93,3,2,4,3,0,0,0,0,0,0,0,0,0,0,0,0,0,0,0,0,0,0,0,0
67,Tom Hammonds,MIN,199804300MIN,"Apr 30, 1998",SEA,7,3,6,6,58.33,62.06,-3.73,3,2,0,0,2,3,0,0,0,0,0,0,0,0,0,0,0,0,0,0,0,0,1,2
52,Micheal Williams,MIN,199804300MIN,"Apr 30, 1998",SEA,9,5,3,7,60.0,71.2,-11.2,3,4,2,3,1,2,0,0,0,0,0,0,1,0,0,0,0,0,0,0,0,0,0,0
64,Sam Perkins,SEA,199804300MIN,"Apr 30, 1998",MIN,3,5,0,5,21.43,30.0,-8.57,1,0,4,3,0,0,0,0,0,0,0,0,0,0,0,0,0,0,0,0,0,0,0,0
21,Greg Anthony,SEA,199804300MIN,"Apr 30, 1998",MIN,3,2,2,3,42.86,52.08,-9.22,1,2,1,0,0,0,0,0,0,0,0,0,0,0,0,0,0,0,0,0,0,0,1,1
203,Nate McMillan,MIN,199804300MIN,"Apr 30, 1998",SEA,2,2,0,2,50.0,50.0,0.0,2,2,0,0,0,0,0,0,0,0,0,0,0,0,0,0,0,0,0,0,0,0,0,0
297,Alonzo Mourning,MIA,199804300NYK,"Apr 30, 1998",NYK,29,14,11,19,74.36,76.96,-2.6,13,20,0,0,4,6,0,0,1,2,0,0,0,0,0,0,0,0,0,0,0,0,1,1
369,Charlie Ward,NYK,199804300NYK,"Apr 30, 1998",MIA,2,2,0,2,50.0,50.0,0.0,2,2,0,0,0,0,0,0,0,0,0,0,0,0,0,0,0,0,0,0,0,0,0,0
891,Charles Oakley,NYK,199804300NYK,"Apr 30, 1998",MIA,10,10,4,12,41.67,42.52,-0.85,10,6,0,0,1,2,0,0,0,0,0,0,0,0,0,0,0,0,0,0,0,0,1,2
702,Voshon Lenard,MIA,199804300NYK,"Apr 30, 1998",NYK,2,6,2,7,11.76,14.53,-2.77,3,2,3,0,0,0,0,0,0,0,0,0,0,0,0,0,0,0,0,0,0,0,1,0
913,Larry Johnson,MIA,199804300NYK,"Apr 30, 1998",NYK,18,15,9,19,45.0,47.47,-2.47,13,8,1,0,3,5,0,0,1,3,0,0,0,0,0,0,0,0,0,0,0,0,1,2
136,P.J. Brown,NYK,199804300NYK,"Apr 30, 1998",MIA,6,4,4,6,50.0,52.08,-2.08,4,4,0,0,1,2,0,0,0,0,0,0,0,0,0,0,0,0,0,0,0,0,1,0
896,Tim Hardaway,MIA,199804300NYK,"Apr 30, 1998",NYK,33,21,4,23,57.89,72.5,-14.61,10,14,11,15,1,2,0,0,0,0,0,0,0,0,0,0,0,0,0,0,0,0,1,2
469,Jamal Mashburn,MIA,199804300NYK,"Apr 30, 1998",NYK,3,9,0,9,13.64,16.67,-3.03,5,0,4,3,0,0,0,0,0,0,0,0,0,0,0,0,0,0,0,0,0,0,0,0
275,Allan Houston,NYK,199804300NYK,"Apr 30, 1998",MIA,18,14,9,18,47.37,50.11,-2.74,12,10,1,0,4,5,0,0,1,3,0,0,0,0,0,0,0,0,0,0,0,0,0,0
55,Marty Conlon,MIA,199804300NYK,"Apr 30, 1998",NYK,1,3,2,4,12.5,12.89,-0.39,3,0,0,0,1,1,0,0,0,0,0,0,0,0,0,0,0,0,0,0,0,0,0,0
168,Chris Mills,NYK,199804300NYK,"Apr 30, 1998",MIA,8,4,1,4,72.73,90.09,-17.36,1,2,2,3,0,0,0,0,1,3,0,0,0,0,0,0,0,0,0,0,0,0,0,0
317,John Starks,NYK,199804300NYK,"Apr 30, 1998",MIA,17,10,6,13,53.12,67.25,-14.13,4,6,6,6,1,1,0,0,0,0,0,0,0,0,0,0,0,0,0,0,0,0,2,4
164,Chris Childs,NYK,199804300NYK,"Apr 30, 1998",MIA,10,8,6,11,40.0,46.99,-6.99,5,4,3,3,2,2,0,0,0,0,0,0,0,0,0,0,0,0,0,0,0,0,1,1
785,Eric Murdock,MIA,199804300NYK,"Apr 30, 1998",NYK,9,5,6,8,56.25,58.9,-2.65,5,4,0,0,1,1,0,0,0,0,0,0,0,0,0,0,0,0,0,0,0,0,2,4
187,Terry Cummings,MIA,199804300NYK,"Apr 30, 1998",NYK,2,2,0,2,50.0,50.0,0.0,2,2,0,0,0,0,0,0,0,0,0,0,0,0,0,0,0,0,0,0,0,0,0,0
173,Keith Askins,MIA,199804300NYK,"Apr 30, 1998",NYK,2,2,0,2,50.0,50.0,0.0,2,2,0,0,0,0,0,0,0,0,0,0,0,0,0,0,0,0,0,0,0,0,0,0
201,Chris Dudley,NYK,199804300NYK,"Apr 30, 1998",MIA,5,4,2,5,50.0,51.23,-1.23,4,4,0,0,1,1,0,0,0,0,0,0,0,0,0,0,0,0,0,0,0,0,0,0
109,Robert Horry,LAL,199804300POR,"Apr 30, 1998",POR,8,5,4,7,53.33,59.17,-5.84,4,6,1,0,0,0,0,0,0,0,0,0,0,0,0,0,0,0,0,0,0,0,2,2
258,Brian Grant,POR,199804300POR,"Apr 30, 1998",LAL,18,10,8,14,64.29,66.57,-2.28,10,10,0,0,3,6,0,0,0,0,0,0,0,0,0,0,0,0,0,0,0,0,1,2
717,Arvydas Sabonis,POR,199804300POR,"Apr 30, 1998",LAL,15,15,2,16,44.12,47.23,-3.11,13,10,2,3,1,2,0,0,0,0,0,0,0,0,0,0,0,0,0,0,0,0,0,0
224,Eddie Jones,LAL,199804300POR,"Apr 30, 1998",POR,4,3,2,4,50.0,51.55,-1.55,3,2,0,0,0,0,0,0,0,0,0,0,0,0,0,0,0,0,0,0,0,0,1,2
406,Shaquille O'Neal,LAL,199804300POR,"Apr 30, 1998",POR,31,17,9,20,72.09,73.95,-1.86,14,20,0,0,3,4,0,0,3,7,0,0,0,0,0,0,0,0,0,0,0,0,0,0
296,Rick Fox,LAL,199804300POR,"Apr 30, 1998",POR,16,13,2,14,55.17,57.64,-2.47,12,12,1,3,1,1,0,0,0,0,0,0,0,0,0,0,0,0,0,0,0,0,0,0
757,Damon Stoudamire,POR,199804300POR,"Apr 30, 1998",LAL,24,22,2,23,43.64,52.45,-8.81,13,10,9,12,1,2,0,0,0,0,0,0,0,0,0,0,0,0,0,0,0,0,0,0
965,Derek Fisher,LAL,199804300POR,"Apr 30, 1998",POR,3,2,4,4,37.5,39.89,-2.39,2,0,0,0,0,0,0,0,0,0,0,0,0,0,0,0,0,0,0,0,0,0,2,3
739,Rasheed Wallace,POR,199804300POR,"Apr 30, 1998",LAL,17,13,7,16,47.22,52.86,-5.64,9,4,3,9,3,2,0,0,1,2,0,0,0,0,0,0,0,0,0,0,0,0,0,0
977,Kobe Bryant,LAL,199804300POR,"Apr 30, 1998",POR,22,16,4,18,59.46,61.94,-2.48,15,16,1,3,0,0,0,0,0,0,0,0,0,0,0,0,0,0,0,0,0,0,2,3
1005,Walt Williams,POR,199804300POR,"Apr 30, 1998",LAL,7,7,3,8,35.0,42.07,-7.07,3,0,3,3,1,2,0,0,1,2,0,0,0,0,0,0,0,0,0,0,0,0,0,0
1509,Kelvin Cato,POR,199804300POR,"Apr 30, 1998",LAL,7,5,2,6,58.33,59.52,-1.19,5,6,0,0,1,1,0,0,0,0,0,0,0,0,0,0,0,0,0,0,0,0,0,0
375,Isaiah Rider,POR,199804300POR,"Apr 30, 1998",LAL,10,14,2,15,31.25,33.6,-2.35,12,8,2,0,0,0,0,0,0,0,0,0,0,0,0,0,0,0,0,0,0,0,1,2
89,Nick Van Exel,LAL,199804300POR,"Apr 30, 1998",POR,14,13,5,15,41.18,46.05,-4.87,9,8,3,0,1,1,0,0,1,3,0,0,0,0,0,0,0,0,0,0,0,0,1,2
916,Corie Blount,LAL,199804300POR,"Apr 30, 1998",POR,6,3,0,3,100.0,100.0,0.0,3,6,0,0,0,0,0,0,0,0,0,0,0,0,0,0,0,0,0,0,0,0,0,0
922,Elden Campbell,LAL,199804300POR,"Apr 30, 1998",POR,6,2,2,3,100.0,104.17,-4.17,2,4,0,0,1,2,0,0,0,0,0,0,0,0,0,0,0,0,0,0,0,0,0,0
202,Gary Grant,POR,199804300POR,"Apr 30, 1998",LAL,0,2,0,2,0.0,0.0,0.0,1,0,1,0,0,0,0,0,0,0,0,0,0,0,0,0,0,0,0,0,0,0,0,0
278,Stacey Augmon,POR,199804300POR,"Apr 30, 1998",LAL,1,0,2,1,50.0,56.82,-6.82,0,0,0,0,1,1,0,0,0,0,0,0,0,0,0,0,0,0,0,0,0,0,0,0
979,Jermaine O'Neal,POR,199804300POR,"Apr 30, 1998",LAL,0,3,0,3,0.0,0.0,0.0,2,0,1,0,0,0,0,0,0,0,0,0,0,0,0,0,0,0,0,0,0,0,0,0
165,Hakeem Olajuwon,HOU,199805010HOU,"May 1, 1998",UTA,27,29,9,33,40.3,40.96,-0.66,28,18,0,0,2,4,0,0,1,3,0,0,0,0,0,0,0,0,0,0,0,0,2,2
252,Karl Malone,UTA,199805010HOU,"May 1, 1998",HOU,29,22,8,26,55.77,56.82,-1.05,22,22,0,0,1,2,0,0,0,0,0,0,0,0,0,0,0,0,0,0,0,0,3,5
228,Adam Keefe,UTA,199805010HOU,"May 1, 1998",HOU,0,2,0,2,0.0,0.0,0.0,2,0,0,0,0,0,0,0,0,0,0,0,0,0,0,0,0,0,0,0,0,0,0,0
323,Greg Foster,UTA,199805010HOU,"May 1, 1998",HOU,0,4,0,4,0.0,0.0,0.0,4,0,0,0,0,0,0,0,0,0,0,0,0,0,0,0,0,0,0,0,0,0,0,0
672,Matt Bullard,HOU,199805010HOU,"May 1, 1998",UTA,3,4,0,4,27.27,37.5,-10.23,1,0,3,3,0,0,0,0,0,0,0,0,0,0,0,0,0,0,0,0,0,0,0,0
304,John Stockton,UTA,199805010HOU,"May 1, 1998",HOU,14,8,2,9,70.0,78.83,-8.83,6,6,2,6,0,0,0,0,0,0,0,0,0,0,0,0,0,0,0,0,0,0,1,2
17,Clyde Drexler,HOU,199805010HOU,"May 1, 1998",UTA,11,11,7,15,34.38,39.06,-4.68,8,4,3,0,1,2,0,0,0,0,0,0,1,1,0,0,0,0,0,0,0,0,2,4
204,Jeff Hornacek,UTA,199805010HOU,"May 1, 1998",HOU,6,5,2,6,50.0,51.02,-1.02,5,4,0,0,0,0,0,0,0,0,0,0,0,0,0,0,0,0,0,0,0,0,1,2
1074,Matt Maloney,HOU,199805010HOU,"May 1, 1998",UTA,5,4,1,4,45.45,56.31,-10.86,1,2,2,0,0,0,0,0,1,3,0,0,0,0,0,0,0,0,0,0,0,0,0,0
788,Kevin Willis,HOU,199805010HOU,"May 1, 1998",UTA,8,13,4,15,25.81,27.1,-1.29,12,6,1,0,1,1,0,0,0,0,0,0,0,0,0,0,0,0,0,0,0,0,1,1
458,Howard Eisley,UTA,199805010HOU,"May 1, 1998",HOU,4,6,0,6,33.33,33.33,0.0,6,4,0,0,0,0,0,0,0,0,0,0,0,0,0,0,0,0,0,0,0,0,0,0
731,Greg Ostertag,UTA,199805010HOU,"May 1, 1998",HOU,5,2,2,3,83.33,86.81,-3.48,2,4,0,0,1,1,0,0,0,0,0,0,0,0,0,0,0,0,0,0,0,0,0,0
935,Bryon Russell,UTA,199805010HOU,"May 1, 1998",HOU,15,9,5,11,57.69,66.96,-9.27,5,6,3,3,1,1,0,0,1,3,0,0,0,0,0,0,0,0,0,0,0,0,1,2
787,Charles Barkley,HOU,199805010HOU,"May 1, 1998",UTA,8,5,0,5,80.0,80.0,0.0,5,8,0,0,0,0,0,0,0,0,0,0,0,0,0,0,0,0,0,0,0,0,0,0
1000,Shandon Anderson,UTA,199805010HOU,"May 1, 1998",HOU,15,9,8,13,57.69,59.9,-2.21,9,10,0,0,4,5,0,0,0,0,0,0,0,0,0,0,0,0,0,0,0,0,0,0
698,Eddie Johnson,HOU,199805010HOU,"May 1, 1998",UTA,5,7,0,7,29.41,35.71,-6.3,4,2,3,3,0,0,0,0,0,0,0,0,0,0,0,0,0,0,0,0,0,0,0,0
156,Antoine Carr,UTA,199805010HOU,"May 1, 1998",HOU,4,3,0,3,66.67,66.67,0.0,3,4,0,0,0,0,0,0,0,0,0,0,0,0,0,0,0,0,0,0,0,0,0,0
53,Mario Elie,HOU,199805010HOU,"May 1, 1998",UTA,2,5,1,6,14.29,18.38,-4.09,2,2,3,0,0,0,0,0,0,0,0,0,1,0,0,0,0,0,0,0,0,0,0,0
356,Chris Morris,UTA,199805010HOU,"May 1, 1998",HOU,1,1,2,2,25.0,26.6,-1.6,1,0,0,0,1,1,0,0,0,0,0,0,0,0,0,0,0,0,0,0,0,0,0,0
970,Othella Harrington,HOU,199805010HOU,"May 1, 1998",UTA,0,1,0,1,0.0,0.0,0.0,1,0,0,0,0,0,0,0,0,0,0,0,0,0,0,0,0,0,0,0,0,0,0,0
1518,Rodrick Rhodes,HOU,199805010HOU,"May 1, 1998",UTA,2,1,2,2,50.0,53.19,-3.19,1,2,0,0,1,0,0,0,0,0,0,0,0,0,0,0,0,0,0,0,0,0,0,0
302,Mookie Blaylock,ATL,199805010ATL,"May 1, 1998",CHA,17,18,2,19,36.17,45.02,-8.85,9,6,9,9,1,2,0,0,0,0,0,0,0,0,0,0,0,0,0,0,0,0,0,0
87,Dikembe Mutombo,ATL,199805010ATL,"May 1, 1998",CHA,8,5,4,7,57.14,59.17,-2.03,5,6,0,0,2,2,0,0,0,0,0,0,0,0,0,0,0,0,0,0,0,0,0,0
184,Bobby Phills,CHA,199805010ATL,"May 1, 1998",ATL,2,5,3,6,15.38,15.82,-0.44,4,0,0,0,1,0,0,0,1,2,0,0,0,0,0,0,0,0,0,0,0,0,0,0
120,Steven Smith,ATL,199805010ATL,"May 1, 1998",CHA,27,18,4,20,58.7,68.32,-9.62,11,16,6,6,0,0,0,0,1,3,0,0,1,1,0,0,0,0,0,0,0,0,1,1
193,Anthony Mason,CHA,199805010ATL,"May 1, 1998",ATL,29,18,8,22,65.91,67.38,-1.47,18,26,0,0,3,2,0,0,0,0,0,0,0,0,0,0,0,0,0,0,0,0,1,1
133,David Wesley,CHA,199805010ATL,"May 1, 1998",ATL,13,10,7,13,44.83,49.69,-4.86,7,4,2,3,1,2,0,0,1,3,0,0,0,0,0,0,0,0,0,0,0,0,2,1
673,Alan Henderson,ATL,199805010ATL,"May 1, 1998",CHA,11,7,4,9,61.11,62.79,-1.68,7,8,0,0,2,3,0,0,0,0,0,0,0,0,0,0,0,0,0,0,0,0,0,0
779,Glen Rice,CHA,199805010ATL,"May 1, 1998",ATL,26,23,5,26,48.15,51.59,-3.44,20,20,3,3,0,0,0,0,0,0,0,0,1,1,0,0,0,0,0,0,0,0,2,2
124,Vlade Divac,CHA,199805010ATL,"May 1, 1998",ATL,11,8,1,8,64.71,65.17,-0.46,7,8,0,0,0,0,0,0,1,3,0,0,0,0,0,0,0,0,0,0,0,0,0,0
895,Tyrone Corbin,ATL,199805010ATL,"May 1, 1998",CHA,0,4,0,4,0.0,0.0,0.0,4,0,0,0,0,0,0,0,0,0,0,0,0,0,0,0,0,0,0,0,0,0,0,0
209,Dell Curry,CHA,199805010ATL,"May 1, 1998",ATL,8,7,0,7,50.0,57.14,-7.14,5,8,2,0,0,0,0,0,0,0,0,0,0,0,0,0,0,0,0,0,0,0,0,0
363,Christian Laettner,ATL,199805010ATL,"May 1, 1998",CHA,10,8,4,10,47.62,51.23,-3.61,7,6,1,0,1,2,0,0,0,0,0,0,0,0,0,0,0,0,0,0,0,0,1,2
462,J.R. Reid,CHA,199805010ATL,"May 1, 1998",ATL,2,3,0,3,33.33,33.33,0.0,3,2,0,0,0,0,0,0,0,0,0,0,0,0,0,0,0,0,0,0,0,0,0,0
359,Chucky Brown,ATL,199805010ATL,"May 1, 1998",CHA,2,4,0,4,25.0,25.0,0.0,4,2,0,0,0,0,0,0,0,0,0,0,0,0,0,0,0,0,0,0,0,0,0,0
695,Eldridge Recasner,ATL,199805010ATL,"May 1, 1998",CHA,5,6,0,6,33.33,41.67,-8.34,3,2,3,3,0,0,0,0,0,0,0,0,0,0,0,0,0,0,0,0,0,0,0,0
292,Anthony Miller,ATL,199805010ATL,"May 1, 1998",CHA,2,0,2,1,100.0,113.64,-13.64,0,0,0,0,1,2,0,0,0,0,0,0,0,0,0,0,0,0,0,0,0,0,0,0
765,Hersey Hawkins,SEA,199805020SEA,"May 2, 1998",MIN,24,13,6,16,61.54,76.73,-15.19,6,6,7,12,2,4,0,0,0,0,0,0,0,0,0,0,0,0,0,0,0,0,1,2
760,Jerome Kersey,SEA,199805020SEA,"May 2, 1998",MIN,6,4,4,6,50.0,52.08,-2.08,4,2,0,0,2,4,0,0,0,0,0,0,0,0,0,0,0,0,0,0,0,0,0,0
324,Anthony Peeler,MIN,199805020SEA,"May 2, 1998",SEA,28,15,2,16,70.0,88.16,-18.16,7,8,8,18,0,0,0,0,0,0,0,0,0,0,0,0,0,0,0,0,0,0,1,2
708,Kevin Garnett,MIN,199805020SEA,"May 2, 1998",SEA,7,11,2,12,29.17,29.46,-0.29,11,6,0,0,1,1,0,0,0,0,0,0,0,0,0,0,0,0,0,0,0,0,0,0
96,Detlef Schrempf,SEA,199805020SEA,"May 2, 1998",MIN,16,12,6,15,51.61,54.64,-3.03,11,10,1,0,2,4,0,0,0,0,0,0,0,0,0,0,0,0,0,0,0,0,1,2
452,Vin Baker,SEA,199805020SEA,"May 2, 1998",MIN,11,8,2,9,61.11,61.94,-0.83,8,10,0,0,1,1,0,0,0,0,0,0,0,0,0,0,0,0,0,0,0,0,0,0
417,Sam Mitchell,MIN,199805020SEA,"May 2, 1998",SEA,16,14,2,15,48.48,53.76,-5.28,11,14,3,0,1,2,0,0,0,0,0,0,0,0,0,0,0,0,0,0,0,0,0,0
345,Terry Porter,MIN,199805020SEA,"May 2, 1998",SEA,14,13,3,14,40.0,48.88,-8.88,6,0,6,9,0,0,0,0,1,3,0,0,0,0,0,0,0,0,0,0,0,0,1,2
56,Gary Payton,SEA,199805020SEA,"May 2, 1998",MIN,29,17,8,21,64.44,70.66,-6.22,14,16,3,6,3,5,0,0,0,0,0,0,0,0,0,0,0,0,0,0,0,0,1,2
950,Stephon Marbury,MIN,199805020SEA,"May 2, 1998",SEA,7,10,4,12,22.58,29.76,-7.18,3,2,7,3,2,2,0,0,0,0,0,0,0,0,0,0,0,0,0,0,0,0,0,0
107,Dale Ellis,SEA,199805020SEA,"May 2, 1998",MIN,4,4,1,5,36.36,45.05,-8.69,2,0,2,3,0,0,0,0,0,0,0,0,1,1,0,0,0,0,0,0,0,0,0,0
64,Sam Perkins,SEA,199805020SEA,"May 2, 1998",MIN,2,4,0,4,20.0,25.0,-5.0,2,2,2,0,0,0,0,0,0,0,0,0,0,0,0,0,0,0,0,0,0,0,0,0
67,Tom Hammonds,MIN,199805020SEA,"May 2, 1998",SEA,5,5,1,5,45.45,45.96,-0.51,4,2,0,0,0,0,0,0,1,3,0,0,0,0,0,0,0,0,0,0,0,0,0,0
203,Nate McMillan,SEA,199805020SEA,"May 2, 1998",MIN,2,1,2,2,40.0,53.19,-13.19,0,0,1,0,0,0,0,0,0,0,0,0,0,0,0,0,0,0,0,0,0,0,1,2
674,Reggie Jordan,MIN,199805020SEA,"May 2, 1998",SEA,7,4,0,4,77.78,87.5,-9.72,3,4,1,3,0,0,0,0,0,0,0,0,0,0,0,0,0,0,0,0,0,0,0,0
21,Greg Anthony,SEA,199805020SEA,"May 2, 1998",MIN,3,3,0,3,37.5,50.0,-12.5,1,0,2,3,0,0,0,0,0,0,0,0,0,0,0,0,0,0,0,0,0,0,0,0
124,Vlade Divac,CHA,199805030CHI,"May 3, 1998",CHI,12,8,4,10,60.0,61.48,-1.48,8,10,0,0,1,1,0,0,0,0,0,0,0,0,0,0,0,0,0,0,0,0,1,1
389,Toni Kukoc,CHI,199805030CHI,"May 3, 1998",CHA,5,4,2,5,45.45,51.23,-5.78,3,4,1,0,0,0,0,0,0,0,0,0,0,0,0,0,0,0,0,0,0,0,1,1
193,Anthony Mason,CHA,199805030CHI,"May 3, 1998",CHI,6,5,8,9,33.33,35.21,-1.88,5,2,0,0,3,3,0,0,0,0,0,0,0,0,0,0,0,0,0,0,0,0,1,1
779,Glen Rice,CHA,199805030CHI,"May 3, 1998",CHI,25,25,6,29,40.32,45.22,-4.9,19,16,6,3,2,4,0,0,0,0,0,0,2,2,0,0,0,0,0,0,0,0,0,0
893,Michael Jordan,CHI,199805030CHI,"May 3, 1998",CHA,35,26,14,32,50.72,54.42,-3.7,21,16,3,3,6,10,0,0,2,6,0,0,0,0,0,0,0,0,0,0,0,0,0,0
184,Bobby Phills,CHA,199805030CHI,"May 3, 1998",CHI,8,8,0,8,38.1,50.0,-11.9,3,2,5,6,0,0,0,0,0,0,0,0,0,0,0,0,0,0,0,0,0,0,0,0
937,Scottie Pippen,CHI,199805030CHI,"May 3, 1998",CHA,25,17,7,20,54.35,62.25,-7.9,11,14,5,3,3,5,0,0,1,3,0,0,0,0,0,0,0,0,0,0,0,0,0,0
133,David Wesley,CHA,199805030CHI,"May 3, 1998",CHI,11,9,2,10,47.83,55.67,-7.84,6,6,3,3,0,0,0,0,0,0,0,0,0,0,0,0,0,0,0,0,0,0,1,2
166,Ron Harper,CHI,199805030CHI,"May 3, 1998",CHA,0,4,0,4,0.0,0.0,0.0,3,0,1,0,0,0,0,0,0,0,0,0,0,0,0,0,0,0,0,0,0,0,0,0
23,Dennis Rodman,CHI,199805030CHI,"May 3, 1998",CHA,7,7,2,8,41.18,44.42,-3.24,6,6,1,0,0,0,0,0,0,0,0,0,0,0,0,0,0,0,0,0,0,0,1,1
26,Luc Longley,CHI,199805030CHI,"May 3, 1998",CHA,0,1,0,1,0.0,0.0,0.0,1,0,0,0,0,0,0,0,0,0,0,0,0,0,0,0,0,0,0,0,0,0,0,0
70,Steve Kerr,CHI,199805030CHI,"May 3, 1998",CHA,6,6,0,6,35.29,50.0,-14.71,1,0,5,6,0,0,0,0,0,0,0,0,0,0,0,0,0,0,0,0,0,0,0,0
769,B.J. Armstrong,CHA,199805030CHI,"May 3, 1998",CHI,2,4,0,4,22.22,25.0,-2.78,3,2,1,0,0,0,0,0,0,0,0,0,0,0,0,0,0,0,0,0,0,0,0,0
197,Scott Burrell,CHI,199805030CHI,"May 3, 1998",CHA,5,5,0,5,38.46,50.0,-11.54,2,2,3,3,0,0,0,0,0,0,0,0,0,0,0,0,0,0,0,0,0,0,0,0
209,Dell Curry,CHA,199805030CHI,"May 3, 1998",CHI,3,7,0,7,17.65,21.43,-3.78,4,0,3,3,0,0,0,0,0,0,0,0,0,0,0,0,0,0,0,0,0,0,0,0
462,J.R. Reid,CHA,199805030CHI,"May 3, 1998",CHI,3,1,3,3,60.0,64.66,-4.66,1,0,0,0,1,2,0,0,0,0,0,0,0,0,0,0,0,0,0,0,1,1,0,0
54,Dickey Simpkins,CHI,199805030CHI,"May 3, 1998",CHA,0,0,2,1,0.0,0.0,0.0,0,0,0,0,1,0,0,0,0,0,0,0,0,0,0,0,0,0,0,0,0,0,0,0
896,Tim Hardaway,MIA,199805030MIA,"May 3, 1998",NYK,21,20,3,21,39.62,49.25,-9.63,9,8,10,9,1,1,0,0,1,3,0,0,0,0,0,0,0,0,0,0,0,0,0,0
187,Terry Cummings,NYK,199805030MIA,"May 3, 1998",MIA,5,4,2,5,50.0,51.23,-1.23,4,4,0,0,1,1,0,0,0,0,0,0,0,0,0,0,0,0,0,0,0,0,0,0
369,Charlie Ward,NYK,199805030MIA,"May 3, 1998",MIA,7,4,0,4,70.0,87.5,-17.5,2,4,2,3,0,0,0,0,0,0,0,0,0,0,0,0,0,0,0,0,0,0,0,0
469,Jamal Mashburn,MIA,199805030MIA,"May 3, 1998",NYK,14,18,4,20,32.56,35.43,-2.87,15,8,3,3,1,2,0,0,0,0,0,0,0,0,0,0,0,0,0,0,0,0,1,1
275,Allan Houston,NYK,199805030MIA,"May 3, 1998",MIA,30,23,9,28,51.72,55.64,-3.92,20,22,3,0,1,2,0,0,0,0,0,0,1,1,0,0,0,0,0,0,0,0,3,5
136,P.J. Brown,MIA,199805030MIA,"May 3, 1998",NYK,18,11,7,14,62.07,63.92,-1.85,10,14,0,0,3,2,0,0,1,2,0,0,0,0,0,0,0,0,0,0,0,0,0,0
702,Voshon Lenard,MIA,199805030MIA,"May 3, 1998",NYK,7,6,3,8,36.84,47.81,-10.97,2,2,4,3,0,0,0,0,0,0,0,0,1,1,0,0,0,0,0,0,0,0,1,1
317,John Starks,NYK,199805030MIA,"May 3, 1998",MIA,22,15,2,16,53.66,69.27,-15.61,6,6,9,15,1,1,0,0,0,0,0,0,0,0,0,0,0,0,0,0,0,0,0,0
891,Charles Oakley,NYK,199805030MIA,"May 3, 1998",MIA,18,13,3,15,62.07,62.85,-0.78,13,16,0,0,0,0,0,0,0,0,0,0,0,0,1,1,0,0,0,0,0,0,1,1
785,Eric Murdock,MIA,199805030MIA,"May 3, 1998",NYK,6,7,4,9,28.57,34.25,-5.68,4,0,3,3,2,3,0,0,0,0,0,0,0,0,0,0,0,0,0,0,0,0,0,0
433,Buck Williams,NYK,199805030MIA,"May 3, 1998",MIA,12,7,6,10,60.0,62.24,-2.24,7,6,0,0,2,4,0,0,0,0,0,0,0,0,0,0,0,0,0,0,0,0,1,2
164,Chris Childs,NYK,199805030MIA,"May 3, 1998",MIA,2,7,0,7,13.33,14.29,-0.96,6,2,1,0,0,0,0,0,0,0,0,0,0,0,0,0,0,0,0,0,0,0,0,0
194,Anthony Bowie,NYK,199805030MIA,"May 3, 1998",MIA,2,1,0,1,100.0,100.0,0.0,1,2,0,0,0,0,0,0,0,0,0,0,0,0,0,0,0,0,0,0,0,0,0,0
55,Marty Conlon,MIA,199805030MIA,"May 3, 1998",NYK,2,1,0,1,100.0,100.0,0.0,1,2,0,0,0,0,0,0,0,0,0,0,0,0,0,0,0,0,0,0,0,0,0,0
371,Terry Mills,MIA,199805030MIA,"May 3, 1998",NYK,4,2,2,3,50.0,69.44,-19.44,0,0,2,3,0,0,0,0,0,0,0,0,0,0,0,0,0,0,0,0,0,0,1,1
1110,Mark Strickland,MIA,199805030MIA,"May 3, 1998",NYK,9,5,2,6,75.0,76.53,-1.53,5,8,0,0,0,0,0,0,0,0,0,0,0,0,0,0,0,0,0,0,0,0,1,1
165,Hakeem Olajuwon,HOU,199805030UTA,"May 3, 1998",UTA,15,19,4,21,35.71,36.13,-0.42,19,14,0,0,1,0,0,0,0,0,0,0,0,0,0,0,0,0,0,0,0,0,1,1
252,Karl Malone,UTA,199805030UTA,"May 3, 1998",HOU,31,22,9,26,58.49,59.71,-1.22,21,22,0,0,2,3,0,0,1,3,0,0,0,0,0,0,0,0,0,0,0,0,2,3
323,Greg Foster,UTA,199805030UTA,"May 3, 1998",HOU,6,6,0,6,50.0,50.0,0.0,6,6,0,0,0,0,0,0,0,0,0,0,0,0,0,0,0,0,0,0,0,0,0,0
53,Mario Elie,HOU,199805030UTA,"May 3, 1998",UTA,6,7,0,7,40.0,42.86,-2.86,6,6,1,0,0,0,0,0,0,0,0,0,0,0,0,0,0,0,0,0,0,0,0,0
17,Clyde Drexler,HOU,199805030UTA,"May 3, 1998",UTA,6,13,10,18,15.0,17.24,-2.24,9,2,4,0,4,4,0,0,0,0,0,0,0,0,0,0,0,0,0,0,0,0,1,0
1074,Matt Maloney,HOU,199805030UTA,"May 3, 1998",UTA,7,7,0,7,38.89,50.0,-11.11,3,4,4,3,0,0,0,0,0,0,0,0,0,0,0,0,0,0,0,0,0,0,0,0
204,Jeff Hornacek,UTA,199805030UTA,"May 3, 1998",HOU,15,9,0,9,75.0,83.33,-8.33,7,12,2,3,0,0,0,0,0,0,0,0,0,0,0,0,0,0,0,0,0,0,0,0
935,Bryon Russell,UTA,199805030UTA,"May 3, 1998",HOU,10,11,2,12,35.71,42.09,-6.38,7,6,4,3,0,0,0,0,0,0,0,0,0,0,0,0,0,0,0,0,0,0,1,1
304,John Stockton,UTA,199805030UTA,"May 3, 1998",HOU,4,5,4,7,28.57,29.59,-1.02,5,0,0,0,1,2,0,0,0,0,0,0,0,0,0,0,0,0,0,0,0,0,1,2
788,Kevin Willis,UTA,199805030UTA,"May 3, 1998",HOU,16,13,2,14,57.14,57.64,-0.5,13,14,0,0,1,2,0,0,0,0,0,0,0,0,0,0,0,0,0,0,0,0,0,0
458,Howard Eisley,UTA,199805030UTA,"May 3, 1998",HOU,8,10,0,10,36.36,40.0,-3.64,8,8,2,0,0,0,0,0,0,0,0,0,0,0,0,0,0,0,0,0,0,0,0,0
731,Greg Ostertag,UTA,199805030UTA,"May 3, 1998",HOU,6,3,6,6,50.0,53.19,-3.19,3,4,0,0,1,1,0,0,0,0,0,0,0,0,0,0,0,0,0,0,0,0,2,1
156,Antoine Carr,UTA,199805030UTA,"May 3, 1998",HOU,0,3,0,3,0.0,0.0,0.0,3,0,0,0,0,0,0,0,0,0,0,0,0,0,0,0,0,0,0,0,0,0,0,0
970,Othella Harrington,HOU,199805030UTA,"May 3, 1998",UTA,10,8,3,9,52.63,53.65,-1.02,7,6,0,0,1,1,0,0,1,3,0,0,0,0,0,0,0,0,0,0,0,0,0,0
356,Chris Morris,UTA,199805030UTA,"May 3, 1998",HOU,2,2,0,2,50.0,50.0,0.0,2,2,0,0,0,0,0,0,0,0,0,0,0,0,0,0,0,0,0,0,0,0,0,0
1000,Shandon Anderson,UTA,199805030UTA,"May 3, 1998",HOU,2,2,0,2,40.0,50.0,-10.0,1,2,1,0,0,0,0,0,0,0,0,0,0,0,0,0,0,0,0,0,0,0,0,0
698,Eddie Johnson,HOU,199805030UTA,"May 3, 1998",UTA,8,10,0,10,33.33,40.0,-6.67,6,8,4,0,0,0,0,0,0,0,0,0,0,0,0,0,0,0,0,0,0,0,0,0
672,Matt Bullard,HOU,199805030UTA,"May 3, 1998",UTA,2,1,0,1,100.0,100.0,0.0,1,2,0,0,0,0,0,0,0,0,0,0,0,0,0,0,0,0,0,0,0,0,0,0
56,Gary Payton,SEA,199805040SEA,"May 4, 1998",LAL,25,19,6,22,50.0,57.76,-7.76,13,10,6,9,2,4,0,0,0,0,0,0,0,0,0,0,0,0,0,0,0,0,1,2
29,Jim McIlvaine,SEA,199805040SEA,"May 4, 1998",LAL,4,6,0,6,30.77,33.33,-2.56,5,4,1,0,0,0,0,0,0,0,0,0,0,0,0,0,0,0,0,0,0,0,0,0
765,Hersey Hawkins,SEA,199805040SEA,"May 4, 1998",LAL,20,7,7,10,76.92,99.21,-22.29,2,4,4,6,2,4,0,0,0,0,1,4,0,0,0,0,0,0,0,0,0,0,1,2
96,Detlef Schrempf,SEA,199805040SEA,"May 4, 1998",LAL,19,12,6,15,59.38,64.89,-5.51,10,10,2,3,0,0,0,0,0,0,0,0,0,0,0,0,0,0,0,0,0,0,3,6
406,Shaquille O'Neal,LAL,199805040SEA,"May 4, 1998",SEA,27,20,12,26,51.92,53.4,-1.48,20,22,0,0,5,4,0,0,0,0,0,0,0,0,0,0,0,0,0,0,0,0,1,1
452,Vin Baker,SEA,199805040SEA,"May 4, 1998",LAL,11,12,2,13,42.31,42.7,-0.39,12,10,0,0,1,1,0,0,0,0,0,0,0,0,0,0,0,0,0,0,0,0,0,0
224,Eddie Jones,LAL,199805040SEA,"May 4, 1998",SEA,9,10,2,11,39.13,41.36,-2.23,9,4,1,3,1,2,0,0,0,0,0,0,0,0,0,0,0,0,0,0,0,0,0,0
965,Derek Fisher,LAL,199805040SEA,"May 4, 1998",SEA,6,4,0,4,66.67,75.0,-8.33,3,6,1,0,0,0,0,0,0,0,0,0,0,0,0,0,0,0,0,0,0,0,0,0
109,Robert Horry,LAL,199805040SEA,"May 4, 1998",SEA,7,5,1,5,58.33,64.34,-6.01,3,4,1,0,0,0,0,0,1,3,0,0,0,0,0,0,0,0,0,0,0,0,0,0
296,Rick Fox,LAL,199805040SEA,"May 4, 1998",SEA,14,13,0,13,48.28,53.85,-5.57,10,8,3,6,0,0,0,0,0,0,0,0,0,0,0,0,0,0,0,0,0,0,0,0
89,Nick Van Exel,LAL,199805040SEA,"May 4, 1998",SEA,14,15,0,15,38.89,46.67,-7.78,9,8,6,6,0,0,0,0,0,0,0,0,0,0,0,0,0,0,0,0,0,0,0,0
64,Sam Perkins,SEA,199805040SEA,"May 4, 1998",LAL,9,4,0,4,75.0,112.5,-37.5,0,0,4,9,0,0,0,0,0,0,0,0,0,0,0,0,0,0,0,0,0,0,0,0
977,Kobe Bryant,LAL,199805040SEA,"May 4, 1998",SEA,4,5,4,7,25.0,29.59,-4.59,3,2,2,0,1,1,0,0,0,0,0,0,0,0,0,0,0,0,0,0,0,0,1,1
916,Corie Blount,LAL,199805040SEA,"May 4, 1998",SEA,0,1,0,1,0.0,0.0,0.0,1,0,0,0,0,0,0,0,0,0,0,0,0,0,0,0,0,0,0,0,0,0,0,0
922,Elden Campbell,LAL,199805040SEA,"May 4, 1998",SEA,11,5,1,5,100.0,101.1,-1.1,4,8,0,0,0,0,0,0,1,3,0,0,0,0,0,0,0,0,0,0,0,0,0,0
107,Dale Ellis,SEA,199805040SEA,"May 4, 1998",LAL,5,6,0,6,35.71,41.67,-5.96,4,2,2,3,0,0,0,0,0,0,0,0,0,0,0,0,0,0,0,0,0,0,0,0
760,Jerome Kersey,SEA,199805040SEA,"May 4, 1998",LAL,12,7,2,8,75.0,76.14,-1.14,7,10,0,0,0,0,0,0,0,0,0,0,0,0,0,0,0,0,0,0,0,0,1,2
21,Greg Anthony,SEA,199805040SEA,"May 4, 1998",LAL,0,4,2,5,0.0,0.0,0.0,3,0,1,0,1,0,0,0,0,0,0,0,0,0,0,0,0,0,0,0,0,0,0,0
766,David Wingate,SEA,199805040SEA,"May 4, 1998",LAL,1,0,2,1,50.0,56.82,-6.82,0,0,0,0,0,0,0,0,0,0,0,0,0,0,0,0,0,0,0,0,0,0,1,1
317,John Starks,NYK,199805050IND,"May 5, 1998",IND,17,18,0,18,37.78,47.22,-9.44,9,8,9,9,0,0,0,0,0,0,0,0,0,0,0,0,0,0,0,0,0,0,0,0
905,Dale Davis,IND,199805050IND,"May 5, 1998",NYK,4,3,4,5,40.0,42.02,-2.02,3,2,0,0,1,2,0,0,0,0,0,0,0,0,0,0,0,0,0,0,0,0,1,0
22,Rik Smits,IND,199805050IND,"May 5, 1998",NYK,8,19,2,20,20.0,20.12,-0.12,19,6,0,0,1,2,0,0,0,0,0,0,0,0,0,0,0,0,0,0,0,0,0,0
201,Chris Dudley,NYK,199805050IND,"May 5, 1998",IND,0,2,0,2,0.0,0.0,0.0,2,0,0,0,0,0,0,0,0,0,0,0,0,0,0,0,0,0,0,0,0,0,0,0
891,Charles Oakley,NYK,199805050IND,"May 5, 1998",IND,15,11,4,13,57.69,58.78,-1.09,11,12,0,0,1,1,0,0,0,0,0,0,0,0,0,0,0,0,0,0,0,0,1,2
397,Reggie Miller,IND,199805050IND,"May 5, 1998",NYK,17,13,2,14,53.12,61.24,-8.12,9,6,4,9,0,0,0,0,0,0,0,0,0,0,0,0,0,0,0,0,0,0,1,2
275,Allan Houston,NYK,199805050IND,"May 5, 1998",IND,16,16,2,17,47.06,47.39,-0.33,16,14,0,0,0,0,0,0,0,0,0,0,0,0,1,2,0,0,0,0,0,0,0,0
349,Mark Jackson,IND,199805050IND,"May 5, 1998",NYK,3,4,2,5,25.0,30.74,-5.74,2,2,2,0,1,1,0,0,0,0,0,0,0,0,0,0,0,0,0,0,0,0,0,0
369,Charlie Ward,NYK,199805050IND,"May 5, 1998",IND,15,9,4,11,60.0,69.7,-9.7,6,2,3,9,2,4,0,0,0,0,0,0,0,0,0,0,0,0,0,0,0,0,0,0
904,Chris Mullin,IND,199805050IND,"May 5, 1998",NYK,5,5,0,5,35.71,50.0,-14.29,1,2,4,3,0,0,0,0,0,0,0,0,0,0,0,0,0,0,0,0,0,0,0,0
187,Terry Cummings,NYK,199805050IND,"May 5, 1998",IND,13,10,2,11,59.09,59.74,-0.65,10,12,0,0,1,1,0,0,0,0,0,0,0,0,0,0,0,0,0,0,0,0,0,0
168,Chris Mills,NYK,199805050IND,"May 5, 1998",IND,1,4,2,5,9.09,10.25,-1.16,3,0,1,0,1,1,0,0,0,0,0,0,0,0,0,0,0,0,0,0,0,0,0,0
213,Antonio Davis,IND,199805050IND,"May 5, 1998",NYK,14,9,6,12,58.33,60.14,-1.81,9,10,0,0,3,4,0,0,0,0,0,0,0,0,0,0,0,0,0,0,0,0,0,0
696,Travis Best,IND,199805050IND,"May 5, 1998",NYK,18,8,10,13,66.67,72.58,-5.91,7,8,1,0,4,8,0,0,0,0,0,0,0,0,0,0,0,0,0,0,0,0,1,2
365,Derrick McKey,IND,199805050IND,"May 5, 1998",NYK,6,5,2,6,50.0,51.02,-1.02,5,4,0,0,0,0,0,0,0,0,0,0,0,0,0,0,0,0,0,0,0,0,1,2
147,Jalen Rose,IND,199805050IND,"May 5, 1998",NYK,18,8,5,10,81.82,88.24,-6.42,6,8,1,3,1,2,0,0,1,3,0,0,0,0,1,2,0,0,0,0,0,0,0,0
164,Chris Childs,NYK,199805050IND,"May 5, 1998",IND,2,2,0,2,40.0,50.0,-10.0,1,2,1,0,0,0,0,0,0,0,0,0,0,0,0,0,0,0,0,0,0,0,0,0
433,Buck Williams,NYK,199805050IND,"May 5, 1998",IND,2,1,2,2,50.0,53.19,-3.19,1,2,0,0,1,0,0,0,0,0,0,0,0,0,0,0,0,0,0,0,0,0,0,0
194,Anthony Bowie,NYK,199805050IND,"May 5, 1998",IND,2,2,0,2,50.0,50.0,0.0,2,2,0,0,0,0,0,0,0,0,0,0,0,0,0,0,0,0,0,0,0,0,0,0
764,David Robinson,SAS,199805050UTA,"May 5, 1998",UTA,16,17,11,22,35.56,36.63,-1.07,16,8,0,0,4,4,0,0,1,3,0,0,0,0,0,0,0,0,0,0,0,0,1,1
304,John Stockton,UTA,199805050UTA,"May 5, 1998",SAS,15,11,3,12,55.56,60.88,-5.32,8,8,2,3,0,0,0,0,1,2,0,0,0,0,0,0,0,0,0,0,0,0,1,2
422,Avery Johnson,SAS,199805050UTA,"May 5, 1998",UTA,14,11,4,13,53.85,54.86,-1.01,11,12,0,0,1,1,0,0,0,0,0,0,0,0,0,0,0,0,0,0,0,0,1,1
1495,Tim Duncan,SAS,199805050UTA,"May 5, 1998",UTA,33,22,8,26,63.46,64.66,-1.2,22,26,0,0,4,7,0,0,0,0,0,0,0,0,0,0,0,0,0,0,0,0,0,0
204,Jeff Hornacek,UTA,199805050UTA,"May 5, 1998",SAS,13,13,2,13,43.33,46.83,-3.5,10,6,1,0,0,0,0,0,1,3,1,4,0,0,0,0,0,0,0,0,0,0,0,0
252,Karl Malone,SAS,199805050UTA,"May 5, 1998",UTA,25,22,7,25,48.08,49.84,-1.76,20,18,1,0,3,5,0,0,1,2,0,0,0,0,0,0,0,0,0,0,0,0,0,0
219,Vinny Del Negro,SAS,199805050UTA,"May 5, 1998",UTA,8,7,2,8,47.06,50.76,-3.7,6,6,1,0,1,2,0,0,0,0,0,0,0,0,0,0,0,0,0,0,0,0,0,0
228,Adam Keefe,UTA,199805050UTA,"May 5, 1998",SAS,0,1,0,1,0.0,0.0,0.0,1,0,0,0,0,0,0,0,0,0,0,0,0,0,0,0,0,0,0,0,0,0,0,0
781,Will Perdue,SAS,199805050UTA,"May 5, 1998",UTA,8,1,6,4,100.0,109.89,-9.89,1,2,0,0,3,6,0,0,0,0,0,0,0,0,0,0,0,0,0,0,0,0,0,0
323,Greg Foster,UTA,199805050UTA,"May 5, 1998",SAS,4,10,0,10,20.0,20.0,0.0,10,4,0,0,0,0,0,0,0,0,0,0,0,0,0,0,0,0,0,0,0,0,0,0
458,Howard Eisley,UTA,199805050UTA,"May 5, 1998",SAS,2,5,0,5,18.18,20.0,-1.82,4,2,1,0,0,0,0,0,0,0,0,0,0,0,0,0,0,0,0,0,0,0,0,0
1114,Jaren Jackson,SAS,199805050UTA,"May 5, 1998",UTA,3,3,0,3,37.5,50.0,-12.5,1,0,2,3,0,0,0,0,0,0,0,0,0,0,0,0,0,0,0,0,0,0,0,0
935,Bryon Russell,UTA,199805050UTA,"May 5, 1998",SAS,9,7,2,8,52.94,57.11,-4.17,6,8,1,0,1,1,0,0,0,0,0,0,0,0,0,0,0,0,0,0,0,0,0,0
456,Chuck Person,SAS,199805050UTA,"May 5, 1998",UTA,0,3,0,3,0.0,0.0,0.0,1,0,2,0,0,0,0,0,0,0,0,0,0,0,0,0,0,0,0,0,0,0,0,0
731,Greg Ostertag,UTA,199805050UTA,"May 5, 1998",SAS,0,2,0,2,0.0,0.0,0.0,2,0,0,0,0,0,0,0,0,0,0,0,0,0,0,0,0,0,0,0,0,0,0,0
156,Antoine Carr,SAS,199805050UTA,"May 5, 1998",UTA,6,7,0,7,42.86,42.86,0.0,7,6,0,0,0,0,0,0,0,0,0,0,0,0,0,0,0,0,0,0,0,0,0,0
1000,Shandon Anderson,SAS,199805050UTA,"May 5, 1998",UTA,6,3,2,4,75.0,77.32,-2.32,3,4,0,0,1,2,0,0,0,0,0,0,0,0,0,0,0,0,0,0,0,0,0,0
356,Chris Morris,UTA,199805050UTA,"May 5, 1998",SAS,3,3,0,3,37.5,50.0,-12.5,1,0,2,3,0,0,0,0,0,0,0,0,0,0,0,0,0,0,0,0,0,0,0,0
406,Shaquille O'Neal,LAL,199805060SEA,"May 6, 1998",SEA,26,17,6,20,65.0,66.19,-1.19,17,20,0,0,3,6,0,0,0,0,0,0,0,0,0,0,0,0,0,0,0,0,0,0
765,Hersey Hawkins,SEA,199805060SEA,"May 6, 1998",LAL,10,8,4,10,41.67,51.23,-9.56,3,2,4,3,1,2,0,0,1,3,0,0,1,0,0,0,0,0,0,0,0,0,0,0
56,Gary Payton,SEA,199805060SEA,"May 6, 1998",LAL,12,17,0,17,31.58,35.29,-3.71,13,12,4,0,0,0,0,0,0,0,0,0,0,0,0,0,0,0,0,0,0,0,0,0
29,Jim McIlvaine,SEA,199805060SEA,"May 6, 1998",LAL,8,7,0,7,57.14,57.14,0.0,7,8,0,0,0,0,0,0,0,0,0,0,0,0,0,0,0,0,0,0,0,0,0,0
224,Eddie Jones,LAL,199805060SEA,"May 6, 1998",SEA,23,13,8,18,58.97,69.61,-10.64,8,8,5,9,3,5,0,0,0,0,0,0,2,1,0,0,0,0,0,0,0,0,0,0
452,Vin Baker,LAL,199805060SEA,"May 6, 1998",SEA,13,12,4,14,46.43,47.24,-0.81,12,10,0,0,2,3,0,0,0,0,0,0,0,0,0,0,0,0,0,0,0,0,0,0
296,Rick Fox,LAL,199805060SEA,"May 6, 1998",SEA,2,4,0,4,20.0,25.0,-5.0,2,2,2,0,0,0,0,0,0,0,0,0,0,0,0,0,0,0,0,0,0,0,0,0
96,Detlef Schrempf,SEA,199805060SEA,"May 6, 1998",LAL,1,6,2,7,7.14,7.27,-0.13,6,0,0,0,0,0,0,0,0,0,0,0,0,0,0,0,0,0,0,0,0,0,1,1
109,Robert Horry,LAL,199805060SEA,"May 6, 1998",SEA,9,9,3,10,39.13,43.6,-4.47,6,4,2,0,1,2,0,0,1,3,0,0,0,0,0,0,0,0,0,0,0,0,0,0
965,Derek Fisher,LAL,199805060SEA,"May 6, 1998",SEA,6,9,2,10,25.0,30.36,-5.36,5,2,4,3,0,0,0,0,0,0,0,0,0,0,0,0,0,0,0,0,0,0,1,1
89,Nick Van Exel,LAL,199805060SEA,"May 6, 1998",SEA,16,13,2,14,47.06,57.64,-10.58,7,6,6,9,0,0,0,0,0,0,0,0,0,0,0,0,0,0,0,0,0,0,1,1
64,Sam Perkins,SEA,199805060SEA,"May 6, 1998",LAL,12,6,4,8,60.0,77.32,-17.32,2,2,4,9,1,0,0,0,0,0,0,0,0,0,0,0,0,0,0,0,0,0,1,1
916,Corie Blount,LAL,199805060SEA,"May 6, 1998",SEA,2,2,2,3,33.33,34.72,-1.39,2,0,0,0,1,2,0,0,0,0,0,0,0,0,0,0,0,0,0,0,0,0,0,0
922,Elden Campbell,LAL,199805060SEA,"May 6, 1998",SEA,2,4,0,4,25.0,25.0,0.0,4,2,0,0,0,0,0,0,0,0,0,0,0,0,0,0,0,0,0,0,0,0,0,0
107,Dale Ellis,SEA,199805060SEA,"May 6, 1998",LAL,0,6,0,6,0.0,0.0,0.0,4,0,2,0,0,0,0,0,0,0,0,0,0,0,0,0,0,0,0,0,0,0,0,0
760,Jerome Kersey,SEA,199805060SEA,"May 6, 1998",LAL,7,7,4,9,38.89,39.95,-1.06,6,2,0,0,1,2,0,0,1,3,0,0,0,0,0,0,0,0,0,0,0,0,1,0
203,Nate McMillan,SEA,199805060SEA,"May 6, 1998",LAL,0,2,0,2,0.0,0.0,0.0,0,0,2,0,0,0,0,0,0,0,0,0,0,0,0,0,0,0,0,0,0,0,0,0
21,Greg Anthony,SEA,199805060SEA,"May 6, 1998",LAL,2,2,0,2,50.0,50.0,0.0,2,2,0,0,0,0,0,0,0,0,0,0,0,0,0,0,0,0,0,0,0,0,0,0
712,Mario Bennett,LAL,199805060SEA,"May 6, 1998",SEA,2,0,2,1,100.0,113.64,-13.64,0,0,0,0,0,0,0,0,0,0,0,0,0,0,0,0,0,0,0,0,0,0,1,2
399,Sean Rooks,LAL,199805060SEA,"May 6, 1998",SEA,4,2,0,2,100.0,100.0,0.0,2,4,0,0,0,0,0,0,0,0,0,0,0,0,0,0,0,0,0,0,0,0,0,0
766,David Wingate,SEA,199805060SEA,"May 6, 1998",LAL,1,1,2,2,25.0,26.6,-1.6,1,0,0,0,1,1,0,0,0,0,0,0,0,0,0,0,0,0,0,0,0,0,0,0
468,Jon Barry,LAL,199805060SEA,"May 6, 1998",SEA,0,1,0,1,0.0,0.0,0.0,1,0,0,0,0,0,0,0,0,0,0,0,0,0,0,0,0,0,0,0,0,0,0,0
1425,Aaron Williams,SEA,199805060SEA,"May 6, 1998",LAL,2,2,2,3,33.33,34.72,-1.39,2,0,0,0,1,2,0,0,0,0,0,0,0,0,0,0,0,0,0,0,0,0,0,0
193,Anthony Mason,CHA,199805060CHI,"May 6, 1998",CHI,15,12,6,16,50.0,51.23,-1.23,12,10,0,0,1,2,0,0,0,0,0,0,0,0,0,0,0,0,0,0,0,0,3,3
23,Dennis Rodman,CHI,199805060CHI,"May 6, 1998",CHA,2,8,0,8,12.5,12.5,0.0,8,2,0,0,0,0,0,0,0,0,0,0,0,0,0,0,0,0,0,0,0,0,0,0
893,Michael Jordan,CHI,199805060CHI,"May 6, 1998",CHA,22,21,3,22,45.83,49.28,-3.45,17,18,3,0,0,0,0,0,1,3,0,0,0,0,0,0,0,0,0,0,0,0,1,1
124,Vlade Divac,CHA,199805060CHI,"May 6, 1998",CHI,7,12,2,14,26.92,27.17,-0.25,12,6,0,0,0,0,0,0,0,0,0,0,0,0,0,0,0,0,0,0,0,0,2,1
184,Bobby Phills,CHA,199805060CHI,"May 6, 1998",CHI,2,8,0,8,10.53,12.5,-1.97,5,2,3,0,0,0,0,0,0,0,0,0,0,0,0,0,0,0,0,0,0,0,0,0
937,Scottie Pippen,CHI,199805060CHI,"May 6, 1998",CHA,13,16,4,19,30.95,36.6,-5.65,10,6,6,3,0,0,0,0,0,0,0,0,0,0,0,0,0,0,0,0,0,0,3,4
389,Toni Kukoc,CHI,199805060CHI,"May 6, 1998",CHA,9,12,0,12,34.62,37.5,-2.88,10,6,2,3,0,0,0,0,0,0,0,0,0,0,0,0,0,0,0,0,0,0,0,0
166,Ron Harper,CHI,199805060CHI,"May 6, 1998",CHA,2,4,0,4,25.0,25.0,0.0,4,2,0,0,0,0,0,0,0,0,0,0,0,0,0,0,0,0,0,0,0,0,0,0
779,Glen Rice,CHA,199805060CHI,"May 6, 1998",CHI,14,13,4,16,42.42,47.43,-5.01,10,4,3,6,0,0,0,0,0,0,0,0,0,0,0,0,0,0,0,0,0,0,3,4
133,David Wesley,CHA,199805060CHI,"May 6, 1998",CHI,4,4,0,4,44.44,50.0,-5.56,3,4,1,0,0,0,0,0,0,0,0,0,0,0,0,0,0,0,0,0,0,0,0,0
462,J.R. Reid,CHA,199805060CHI,"May 6, 1998",CHI,4,4,0,4,50.0,50.0,0.0,4,4,0,0,0,0,0,0,0,0,0,0,0,0,0,0,0,0,0,0,0,0,0,0
197,Scott Burrell,CHI,199805060CHI,"May 6, 1998",CHA,5,6,0,6,35.71,41.67,-5.96,4,2,2,3,0,0,0,0,0,0,0,0,0,0,0,0,0,0,0,0,0,0,0,0
70,Steve Kerr,CHI,199805060CHI,"May 6, 1998",CHA,7,3,0,3,100.0,116.67,-16.67,2,4,1,3,0,0,0,0,0,0,0,0,0,0,0,0,0,0,0,0,0,0,0,0
769,B.J. Armstrong,CHA,199805060CHI,"May 6, 1998",CHI,10,8,2,10,55.56,56.31,-0.75,8,8,0,0,0,0,0,0,0,0,0,0,0,0,0,0,0,0,0,0,0,0,2,2
26,Luc Longley,CHI,199805060CHI,"May 6, 1998",CHA,15,13,3,14,51.72,52.37,-0.65,12,10,0,0,0,0,0,0,1,4,0,0,0,0,0,0,0,0,0,0,0,0,1,1
1133,Corey Beck,CHA,199805060CHI,"May 6, 1998",CHI,0,2,0,2,0.0,0.0,0.0,2,0,0,0,0,0,0,0,0,0,0,0,0,0,0,0,0,0,0,0,0,0,0,0
140,Donald Royal,CHA,199805060CHI,"May 6, 1998",CHI,7,3,2,5,87.5,90.21,-2.71,3,6,0,0,0,0,0,0,0,0,0,0,0,0,0,0,0,0,0,0,0,0,2,1
753,Randy Brown,CHI,199805060CHI,"May 6, 1998",CHA,0,1,0,1,0.0,0.0,0.0,1,0,0,0,0,0,0,0,0,0,0,0,0,0,0,0,0,0,0,0,0,0,0,0
82,Bill Wennington,CHI,199805060CHI,"May 6, 1998",CHA,1,1,2,3,25.0,26.6,-1.6,1,0,0,0,0,0,0,0,0,0,0,0,0,0,0,0,0,0,0,0,0,0,2,1
209,Dell Curry,CHA,199805060CHI,"May 6, 1998",CHI,15,8,2,10,75.0,84.46,-9.46,6,10,2,3,0,0,0,0,0,0,0,0,0,0,0,0,0,0,0,0,0,0,2,2
761,Matt Geiger,CHA,199805060CHI,"May 6, 1998",CHI,0,1,0,1,0.0,0.0,0.0,1,0,0,0,0,0,0,0,0,0,0,0,0,0,0,0,0,0,0,0,0,0,0,0
22,Rik Smits,IND,199805070IND,"May 7, 1998",NYK,22,18,6,21,52.38,53.29,-0.91,18,16,0,0,1,2,0,0,0,0,0,0,0,0,0,0,0,0,0,0,0,0,2,4
891,Charles Oakley,NYK,199805070IND,"May 7, 1998",IND,4,9,0,9,22.22,22.22,0.0,9,4,0,0,0,0,0,0,0,0,0,0,0,0,0,0,0,0,0,0,0,0,0,0
349,Mark Jackson,IND,199805070IND,"May 7, 1998",NYK,2,3,2,4,22.22,25.77,-3.55,2,0,1,0,1,2,0,0,0,0,0,0,0,0,0,0,0,0,0,0,0,0,0,0
121,Patrick Ewing,NYK,199805070IND,"May 7, 1998",IND,10,11,5,13,37.04,37.88,-0.84,10,4,0,0,2,3,0,0,1,3,0,0,0,0,0,0,0,0,0,0,0,0,0,0
904,Chris Mullin,IND,199805070IND,"May 7, 1998",NYK,8,10,0,10,32.0,40.0,-8.0,5,2,5,6,0,0,0,0,0,0,0,0,0,0,0,0,0,0,0,0,0,0,0,0
913,Larry Johnson,NYK,199805070IND,"May 7, 1998",IND,15,10,4,12,60.0,63.78,-3.78,9,10,1,3,2,2,0,0,0,0,0,0,0,0,0,0,0,0,0,0,0,0,0,0
397,Reggie Miller,IND,199805070IND,"May 7, 1998",NYK,21,18,4,20,46.67,53.14,-6.47,13,12,5,6,0,0,0,0,0,0,0,0,0,0,0,0,0,0,0,0,0,0,2,3
369,Charlie Ward,IND,199805070IND,"May 7, 1998",NYK,0,3,0,3,0.0,0.0,0.0,1,0,2,0,0,0,0,0,0,0,0,0,0,0,0,0,0,0,0,0,0,0,0,0
275,Allan Houston,NYK,199805070IND,"May 7, 1998",IND,16,13,6,16,47.06,51.15,-4.09,11,12,2,0,3,4,0,0,0,0,0,0,0,0,0,0,0,0,0,0,0,0,0,0
164,Chris Childs,NYK,199805070IND,"May 7, 1998",IND,7,8,1,8,38.89,41.47,-2.58,6,4,1,0,0,0,0,0,1,3,0,0,0,0,0,0,0,0,0,0,0,0,0,0
365,Derrick McKey,IND,199805070IND,"May 7, 1998",NYK,8,6,2,7,53.33,58.14,-4.81,5,6,1,0,1,2,0,0,0,0,0,0,0,0,0,0,0,0,0,0,0,0,0,0
213,Antonio Davis,IND,199805070IND,"May 7, 1998",NYK,9,3,9,7,60.0,64.66,-4.66,2,2,0,0,2,2,0,0,1,3,0,0,0,0,0,0,0,0,0,0,0,0,2,2
317,John Starks,NYK,199805070IND,"May 7, 1998",IND,20,13,2,14,60.61,72.05,-11.44,8,6,5,12,1,2,0,0,0,0,0,0,0,0,0,0,0,0,0,0,0,0,0,0
187,Terry Cummings,NYK,199805070IND,"May 7, 1998",IND,2,2,1,2,40.0,40.98,-0.98,1,0,0,0,0,0,0,0,1,2,0,0,0,0,0,0,0,0,0,0,0,0,0,0
696,Travis Best,IND,199805070IND,"May 7, 1998",NYK,4,3,2,4,50.0,51.55,-1.55,3,2,0,0,0,0,0,0,0,0,0,0,0,0,0,0,0,0,0,0,0,0,1,2
905,Dale Davis,IND,199805070IND,"May 7, 1998",NYK,4,4,0,4,50.0,50.0,0.0,4,4,0,0,0,0,0,0,0,0,0,0,0,0,0,0,0,0,0,0,0,0,0,0
147,Jalen Rose,IND,199805070IND,"May 7, 1998",NYK,7,6,3,7,43.75,47.81,-4.06,4,2,1,0,0,0,0,0,1,3,0,0,0,0,0,0,0,0,0,0,0,0,1,2
168,Chris Mills,NYK,199805070IND,"May 7, 1998",IND,3,3,1,3,33.33,43.6,-10.27,0,0,2,0,0,0,0,0,1,3,0,0,0,0,0,0,0,0,0,0,0,0,0,0
204,Jeff Hornacek,UTA,199805070UTA,"May 7, 1998",SAS,21,14,6,17,56.76,63.1,-6.34,10,8,3,6,0,0,0,0,1,3,0,0,1,1,0,0,0,0,0,0,0,0,2,3
764,David Robinson,SAS,199805070UTA,"May 7, 1998",UTA,21,16,5,18,56.76,57.69,-0.93,15,16,0,0,2,2,0,0,1,3,0,0,0,0,0,0,0,0,0,0,0,0,0,0
252,Karl Malone,UTA,199805070UTA,"May 7, 1998",SAS,22,26,4,27,39.29,39.63,-0.34,24,16,0,0,1,1,0,0,2,5,0,0,0,0,0,0,0,0,0,0,0,0,0,0
1495,Tim Duncan,SAS,199805070UTA,"May 7, 1998",UTA,26,17,15,24,52.0,55.08,-3.08,15,14,1,0,5,5,0,0,1,3,0,0,0,0,0,0,0,0,0,0,0,0,2,4
1114,Jaren Jackson,SAS,199805070UTA,"May 7, 1998",UTA,13,11,2,12,41.94,54.71,-12.77,4,2,7,9,1,2,0,0,0,0,0,0,0,0,0,0,0,0,0,0,0,0,0,0
304,John Stockton,SAS,199805070UTA,"May 7, 1998",UTA,18,13,3,15,58.06,62.85,-4.79,11,14,2,3,1,0,0,0,0,0,0,0,1,1,0,0,0,0,0,0,0,0,0,0
422,Avery Johnson,SAS,199805070UTA,"May 7, 1998",UTA,21,14,1,14,70.0,72.71,-2.71,12,18,1,0,0,0,0,0,1,3,0,0,0,0,0,0,0,0,0,0,0,0,0,0
781,Will Perdue,SAS,199805070UTA,"May 7, 1998",UTA,5,2,2,3,83.33,86.81,-3.48,2,4,0,0,1,1,0,0,0,0,0,0,0,0,0,0,0,0,0,0,0,0,0,0
323,Greg Foster,UTA,199805070UTA,"May 7, 1998",SAS,6,4,0,4,75.0,75.0,0.0,4,6,0,0,0,0,0,0,0,0,0,0,0,0,0,0,0,0,0,0,0,0,0,0
219,Vinny Del Negro,SAS,199805070UTA,"May 7, 1998",UTA,10,9,0,9,52.63,55.56,-2.93,8,10,1,0,0,0,0,0,0,0,0,0,0,0,0,0,0,0,0,0,0,0,0,0
458,Howard Eisley,UTA,199805070UTA,"May 7, 1998",SAS,3,4,1,5,30.0,33.78,-3.78,3,2,1,0,0,0,0,0,0,0,0,0,1,1,0,0,0,0,0,0,0,0,0,0
456,Chuck Person,SAS,199805070UTA,"May 7, 1998",UTA,5,5,0,5,35.71,50.0,-14.29,1,2,4,3,0,0,0,0,0,0,0,0,0,0,0,0,0,0,0,0,0,0,0,0
gearyre01,R. Geary,SAS,199805070UTA,"May 7, 1998",UTA,3,2,0,2,50.0,75.0,-25.0,0,0,2,3,0,0,0,0,0,0,0,0,0,0,0,0,0,0,0,0,0,0,0,0
935,Bryon Russell,UTA,199805070UTA,"May 7, 1998",SAS,16,6,10,11,61.54,76.92,-15.38,2,4,4,3,2,4,0,0,0,0,0,0,0,0,0,0,0,0,0,0,0,0,3,5
731,Greg Ostertag,UTA,199805070UTA,"May 7, 1998",SAS,4,2,4,4,50.0,53.19,-3.19,2,2,0,0,2,2,0,0,0,0,0,0,0,0,0,0,0,0,0,0,0,0,0,0
61,Carl Herrera,SAS,199805070UTA,"May 7, 1998",UTA,2,1,0,1,100.0,100.0,0.0,1,2,0,0,0,0,0,0,0,0,0,0,0,0,0,0,0,0,0,0,0,0,0,0
156,Antoine Carr,UTA,199805070UTA,"May 7, 1998",SAS,15,11,1,11,65.22,65.56,-0.34,10,12,0,0,0,0,0,0,1,3,0,0,0,0,0,0,0,0,0,0,0,0,0,0
1000,Shandon Anderson,UTA,199805070UTA,"May 7, 1998",SAS,4,2,0,2,100.0,100.0,0.0,2,4,0,0,0,0,0,0,0,0,0,0,0,0,0,0,0,0,0,0,0,0,0,0
193,Anthony Mason,CHA,199805080CHH,"May 8, 1998",CHI,16,13,0,13,59.26,61.54,-2.28,12,16,1,0,0,0,0,0,0,0,0,0,0,0,0,0,0,0,0,0,0,0,0,0
166,Ron Harper,CHI,199805080CHH,"May 8, 1998",CHA,8,8,0,8,47.06,50.0,-2.94,7,8,1,0,0,0,0,0,0,0,0,0,0,0,0,0,0,0,0,0,0,0,0,0
26,Luc Longley,CHI,199805080CHH,"May 8, 1998",CHA,11,8,4,10,55.0,56.35,-1.35,8,8,0,0,2,3,0,0,0,0,0,0,0,0,0,0,0,0,0,0,0,0,0,0
124,Vlade Divac,CHA,199805080CHH,"May 8, 1998",CHI,13,11,5,12,46.43,49.24,-2.81,7,4,1,0,0,0,0,0,3,7,0,0,0,0,0,0,0,0,0,0,0,0,1,2
937,Scottie Pippen,CHI,199805080CHH,"May 8, 1998",CHA,18,9,7,12,69.23,74.5,-5.27,7,8,1,3,2,3,0,0,1,2,0,0,0,0,0,0,0,0,0,0,0,0,1,2
893,Michael Jordan,CHI,199805080CHH,"May 8, 1998",CHA,27,20,10,25,52.94,55.33,-2.39,19,18,1,0,3,5,0,0,0,0,0,0,0,0,0,0,0,0,0,0,0,0,2,4
779,Glen Rice,CHA,199805080CHH,"May 8, 1998",CHI,31,26,5,29,49.21,54.96,-5.75,19,22,6,3,0,0,0,0,1,3,0,0,2,2,0,0,0,0,0,0,0,0,1,1
133,David Wesley,CHA,199805080CHH,"May 8, 1998",CHI,7,8,2,9,35.0,39.41,-4.41,6,6,2,0,0,0,0,0,0,0,0,0,0,0,0,0,0,0,0,0,0,0,1,1
184,Bobby Phills,CHI,199805080CHH,"May 8, 1998",CHA,9,6,2,7,56.25,65.41,-9.16,4,8,2,0,0,0,0,0,0,0,0,0,0,0,0,0,0,0,0,0,0,0,1,1
23,Dennis Rodman,CHI,199805080CHH,"May 8, 1998",CHA,10,4,8,8,62.5,66.49,-3.99,4,4,0,0,1,2,0,0,0,0,0,0,0,0,1,1,0,0,0,0,0,0,2,3
389,Toni Kukoc,CHI,199805080CHH,"May 8, 1998",CHA,6,7,2,8,35.29,38.07,-2.78,6,4,1,0,1,2,0,0,0,0,0,0,0,0,0,0,0,0,0,0,0,0,0,0
82,Bill Wennington,CHI,199805080CHH,"May 8, 1998",CHA,4,2,0,2,100.0,100.0,0.0,2,4,0,0,0,0,0,0,0,0,0,0,0,0,0,0,0,0,0,0,0,0,0,0
769,B.J. Armstrong,CHA,199805080CHH,"May 8, 1998",CHI,2,7,0,7,14.29,14.29,0.0,7,2,0,0,0,0,0,0,0,0,0,0,0,0,0,0,0,0,0,0,0,0,0,0
209,Dell Curry,CHA,199805080CHH,"May 8, 1998",CHI,0,3,0,3,0.0,0.0,0.0,1,0,2,0,0,0,0,0,0,0,0,0,0,0,0,0,0,0,0,0,0,0,0,0
462,J.R. Reid,CHA,199805080CHH,"May 8, 1998",CHI,2,4,0,4,25.0,25.0,0.0,4,2,0,0,0,0,0,0,0,0,0,0,0,0,0,0,0,0,0,0,0,0,0,0
70,Steve Kerr,CHI,199805080CHH,"May 8, 1998",CHA,8,5,2,6,53.33,68.03,-14.7,2,0,3,6,0,0,0,0,0,0,0,0,0,0,0,0,0,0,0,0,0,0,1,2
197,Scott Burrell,CHI,199805080CHH,"May 8, 1998",CHA,6,3,2,4,75.0,77.32,-2.32,3,4,0,0,0,0,0,0,0,0,0,0,0,0,0,0,0,0,0,0,0,0,1,2
761,Matt Geiger,CHA,199805080CHH,"May 8, 1998",CHI,2,4,0,4,25.0,25.0,0.0,4,2,0,0,0,0,0,0,0,0,0,0,0,0,0,0,0,0,0,0,0,0,0,0
140,Donald Royal,CHA,199805080CHH,"May 8, 1998",CHI,0,1,0,1,0.0,0.0,0.0,1,0,0,0,0,0,0,0,0,0,0,0,0,0,0,0,0,0,0,0,0,0,0,0
1133,Corey Beck,CHA,199805080CHH,"May 8, 1998",CHI,5,1,2,2,100.0,132.98,-32.98,0,0,1,3,1,2,0,0,0,0,0,0,0,0,0,0,0,0,0,0,0,0,0,0
146,Jud Buechler,CHI,199805080CHH,"May 8, 1998",CHA,3,1,0,1,100.0,150.0,-50.0,0,0,1,3,0,0,0,0,0,0,0,0,0,0,0,0,0,0,0,0,0,0,0,0
1576,Travis Williams,CHA,199805080CHH,"May 8, 1998",CHI,2,0,2,1,100.0,113.64,-13.64,0,0,0,0,1,2,0,0,0,0,0,0,0,0,0,0,0,0,0,0,0,0,0,0
54,Dickey Simpkins,CHI,199805080CHH,"May 8, 1998",CHA,2,1,0,1,100.0,100.0,0.0,1,2,0,0,0,0,0,0,0,0,0,0,0,0,0,0,0,0,0,0,0,0,0,0
452,Vin Baker,SEA,199805080LAL,"May 8, 1998",LAL,20,19,5,21,46.51,47.17,-0.66,18,18,0,0,2,0,0,0,1,2,0,0,0,0,0,0,0,0,0,0,0,0,0,0
29,Jim McIlvaine,LAL,199805080LAL,"May 8, 1998",SEA,1,3,2,4,12.5,12.89,-0.39,3,0,0,0,1,1,0,0,0,0,0,0,0,0,0,0,0,0,0,0,0,0,0,0
406,Shaquille O'Neal,LAL,199805080LAL,"May 8, 1998",SEA,30,18,20,26,53.57,55.97,-2.4,14,12,0,0,6,4,0,0,4,11,0,0,0,0,0,0,0,0,0,0,0,0,2,3
109,Robert Horry,LAL,199805080LAL,"May 8, 1998",SEA,19,7,6,10,90.48,98.55,-8.07,6,12,1,3,0,0,0,0,0,0,0,0,0,0,0,0,0,0,0,0,0,0,3,4
965,Derek Fisher,LAL,199805080LAL,"May 8, 1998",SEA,5,5,2,6,41.67,42.52,-0.85,5,4,0,0,1,1,0,0,0,0,0,0,0,0,0,0,0,0,0,0,0,0,0,0
765,Hersey Hawkins,SEA,199805080LAL,"May 8, 1998",LAL,5,6,1,7,33.33,38.82,-5.49,4,4,2,0,0,0,0,0,0,0,0,0,1,1,0,0,0,0,0,0,0,0,0,0
296,Rick Fox,LAL,199805080LAL,"May 8, 1998",SEA,6,4,2,5,50.0,61.48,-11.48,2,4,2,0,1,2,0,0,0,0,0,0,0,0,0,0,0,0,0,0,0,0,0,0
56,Gary Payton,SEA,199805080LAL,"May 8, 1998",LAL,22,17,6,20,50.0,56.01,-6.01,13,16,4,0,2,4,0,0,0,0,0,0,0,0,0,0,0,0,0,0,0,0,1,2
96,Detlef Schrempf,SEA,199805080LAL,"May 8, 1998",LAL,26,20,2,21,56.52,62.26,-5.74,16,22,4,3,1,1,0,0,0,0,0,0,0,0,0,0,0,0,0,0,0,0,0,0
224,Eddie Jones,LAL,199805080LAL,"May 8, 1998",SEA,29,17,1,17,69.05,83.14,-14.09,9,14,7,12,0,0,0,0,1,3,0,0,0,0,0,0,0,0,0,0,0,0,0,0
64,Sam Perkins,SEA,199805080LAL,"May 8, 1998",LAL,4,4,6,7,28.57,30.12,-1.55,4,0,0,0,2,2,0,0,0,0,0,0,0,0,0,0,0,0,0,0,0,0,1,2
107,Dale Ellis,SEA,199805080LAL,"May 8, 1998",LAL,16,8,0,8,72.73,100.0,-27.27,2,4,6,12,0,0,0,0,0,0,0,0,0,0,0,0,0,0,0,0,0,0,0,0
916,Corie Blount,LAL,199805080LAL,"May 8, 1998",SEA,4,4,2,5,40.0,40.98,-0.98,4,2,0,0,0,0,0,0,0,0,0,0,0,0,0,0,0,0,0,0,0,0,1,2
89,Nick Van Exel,LAL,199805080LAL,"May 8, 1998",SEA,22,17,4,19,48.89,58.64,-9.75,10,12,7,6,1,2,0,0,0,0,0,0,0,0,0,0,0,0,0,0,0,0,1,2
922,Elden Campbell,LAL,199805080LAL,"May 8, 1998",SEA,2,4,2,5,20.0,20.49,-0.49,4,2,0,0,1,0,0,0,0,0,0,0,0,0,0,0,0,0,0,0,0,0,0,0
760,Jerome Kersey,SEA,199805080LAL,"May 8, 1998",LAL,4,7,2,8,25.0,25.38,-0.38,7,2,0,0,1,2,0,0,0,0,0,0,0,0,0,0,0,0,0,0,0,0,0,0
21,Greg Anthony,SEA,199805080LAL,"May 8, 1998",LAL,5,5,0,5,41.67,50.0,-8.33,3,2,2,3,0,0,0,0,0,0,0,0,0,0,0,0,0,0,0,0,0,0,0,0
712,Mario Bennett,LAL,199805080LAL,"May 8, 1998",SEA,2,1,0,1,100.0,100.0,0.0,1,2,0,0,0,0,0,0,0,0,0,0,0,0,0,0,0,0,0,0,0,0,0,0
121,Patrick Ewing,NYK,199805090NYK,"May 9, 1998",IND,19,16,6,19,50.0,50.97,-0.97,16,14,0,0,3,5,0,0,0,0,0,0,0,0,0,0,0,0,0,0,0,0,0,0
349,Mark Jackson,IND,199805090NYK,"May 9, 1998",NYK,8,9,2,10,38.1,40.49,-2.39,8,6,1,0,0,0,0,0,0,0,0,0,0,0,0,0,0,0,0,0,0,0,1,2
891,Charles Oakley,NYK,199805090NYK,"May 9, 1998",IND,2,0,2,1,100.0,113.64,-13.64,0,0,0,0,1,2,0,0,0,0,0,0,0,0,0,0,0,0,0,0,0,0,0,0
913,Larry Johnson,NYK,199805090NYK,"May 9, 1998",IND,10,8,6,11,41.67,46.99,-5.32,6,6,2,0,2,4,0,0,0,0,0,0,0,0,0,0,0,0,0,0,0,0,1,0
22,Rik Smits,IND,199805090NYK,"May 9, 1998",NYK,9,7,2,8,56.25,57.11,-0.86,7,8,0,0,1,1,0,0,0,0,0,0,0,0,0,0,0,0,0,0,0,0,0,0
904,Chris Mullin,IND,199805090NYK,"May 9, 1998",NYK,16,9,4,11,59.26,74.35,-15.09,4,6,5,6,1,2,0,0,0,0,0,0,0,0,0,0,0,0,0,0,0,0,1,2
275,Allan Houston,NYK,199805090NYK,"May 9, 1998",IND,11,14,3,16,34.38,35.9,-1.52,13,8,1,0,0,0,0,0,0,0,0,0,1,1,0,0,0,0,0,0,0,0,1,2
905,Dale Davis,IND,199805090NYK,"May 9, 1998",NYK,6,5,10,10,30.0,31.91,-1.91,5,4,0,0,4,2,0,0,0,0,0,0,0,0,0,0,0,0,0,0,0,0,1,0
397,Reggie Miller,IND,199805090NYK,"May 9, 1998",NYK,23,13,9,18,57.5,67.81,-10.31,8,12,5,3,2,3,0,0,0,0,0,0,0,0,0,0,0,0,0,0,1,1,2,4
369,Charlie Ward,NYK,199805090NYK,"May 9, 1998",IND,4,3,2,4,44.44,51.55,-7.11,2,2,1,0,1,2,0,0,0,0,0,0,0,0,0,0,0,0,0,0,0,0,0,0
317,John Starks,NYK,199805090NYK,"May 9, 1998",IND,12,12,0,12,38.71,50.0,-11.29,5,6,7,6,0,0,0,0,0,0,0,0,0,0,0,0,0,0,0,0,0,0,0,0
213,Antonio Davis,IND,199805090NYK,"May 9, 1998",NYK,5,4,4,6,41.67,43.4,-1.73,4,4,0,0,2,1,0,0,0,0,0,0,0,0,0,0,0,0,0,0,0,0,0,0
147,Jalen Rose,IND,199805090NYK,"May 9, 1998",NYK,7,8,1,8,36.84,41.47,-4.63,5,4,2,0,0,0,0,0,1,3,0,0,0,0,0,0,0,0,0,0,0,0,0,0
187,Terry Cummings,NYK,199805090NYK,"May 9, 1998",IND,4,4,0,4,50.0,50.0,0.0,4,4,0,0,0,0,0,0,0,0,0,0,0,0,0,0,0,0,0,0,0,0,0,0
696,Travis Best,IND,199805090NYK,"May 9, 1998",NYK,2,3,0,3,33.33,33.33,0.0,3,2,0,0,0,0,0,0,0,0,0,0,0,0,0,0,0,0,0,0,0,0,0,0
164,Chris Childs,NYK,199805090NYK,"May 9, 1998",IND,10,7,2,8,62.5,63.45,-0.95,7,8,0,0,0,0,0,0,0,0,0,0,0,0,0,0,0,0,0,0,0,0,1,2
365,Derrick McKey,IND,199805090NYK,"May 9, 1998",NYK,0,3,0,3,0.0,0.0,0.0,3,0,0,0,0,0,0,0,0,0,0,0,0,0,0,0,0,0,0,0,0,0,0,0
168,Chris Mills,NYK,199805090NYK,"May 9, 1998",IND,11,6,4,8,61.11,70.88,-9.77,4,4,2,3,0,0,0,0,0,0,0,0,0,0,0,0,0,0,0,0,0,0,2,4
1114,Jaren Jackson,SAS,199805090SAS,"May 9, 1998",UTA,14,10,4,12,46.67,59.52,-12.85,4,4,6,6,1,2,0,0,0,0,0,0,0,0,0,0,0,0,0,0,0,0,1,2
252,Karl Malone,UTA,199805090SAS,"May 9, 1998",SAS,18,21,9,25,35.29,36.06,-0.77,20,10,0,0,4,6,0,0,1,2,0,0,0,0,0,0,0,0,0,0,0,0,0,0
228,Adam Keefe,UTA,199805090SAS,"May 9, 1998",SAS,1,5,2,6,8.33,8.5,-0.17,5,0,0,0,0,0,0,0,0,0,0,0,0,0,0,0,0,0,0,0,0,0,1,1
781,Will Perdue,SAS,199805090SAS,"May 9, 1998",UTA,5,4,6,7,35.71,37.65,-1.94,4,0,0,0,2,3,0,0,0,0,0,0,0,0,0,0,0,0,0,0,0,0,1,2
1495,Tim Duncan,SAS,199805090SAS,"May 9, 1998",UTA,10,12,0,12,41.67,41.67,0.0,12,10,0,0,0,0,0,0,0,0,0,0,0,0,0,0,0,0,0,0,0,0,0,0
204,Jeff Hornacek,UTA,199805090SAS,"May 9, 1998",SAS,3,8,3,10,15.0,16.09,-1.09,7,2,1,0,0,0,0,0,0,0,0,0,1,0,0,0,0,0,0,0,0,0,1,1
764,David Robinson,SAS,199805090SAS,"May 9, 1998",UTA,21,14,12,20,52.5,54.46,-1.96,14,12,0,0,3,4,0,0,0,0,0,0,0,0,0,0,0,0,0,0,0,0,3,5
422,Avery Johnson,SAS,199805090SAS,"May 9, 1998",UTA,13,8,8,12,54.17,56.42,-2.25,8,6,0,0,1,1,0,0,0,0,0,0,0,0,0,0,0,0,0,0,0,0,3,6
304,John Stockton,UTA,199805090SAS,"May 9, 1998",SAS,2,2,2,3,28.57,34.72,-6.15,1,0,1,0,1,2,0,0,0,0,0,0,0,0,0,0,0,0,0,0,0,0,0,0
323,Greg Foster,UTA,199805090SAS,"May 9, 1998",SAS,4,4,0,4,50.0,50.0,0.0,4,4,0,0,0,0,0,0,0,0,0,0,0,0,0,0,0,0,0,0,0,0,0,0
935,Bryon Russell,UTA,199805090SAS,"May 9, 1998",SAS,6,5,2,6,40.0,51.02,-11.02,2,2,3,3,1,1,0,0,0,0,0,0,0,0,0,0,0,0,0,0,0,0,0,0
458,Howard Eisley,UTA,199805090SAS,"May 9, 1998",SAS,7,9,1,10,29.17,37.08,-7.91,4,0,5,6,0,0,0,0,0,0,0,0,1,1,0,0,0,0,0,0,0,0,0,0
456,Chuck Person,SAS,199805090SAS,"May 9, 1998",UTA,6,7,0,7,30.0,42.86,-12.86,1,0,6,6,0,0,0,0,0,0,0,0,0,0,0,0,0,0,0,0,0,0,0,0
219,Vinny Del Negro,SAS,199805090SAS,"May 9, 1998",UTA,9,4,1,5,100.0,101.35,-1.35,4,8,0,0,0,0,0,0,0,0,0,0,1,1,0,0,0,0,0,0,0,0,0,0
156,Antoine Carr,UTA,199805090SAS,"May 9, 1998",SAS,2,3,0,3,33.33,33.33,0.0,3,2,0,0,0,0,0,0,0,0,0,0,0,0,0,0,0,0,0,0,0,0,0,0
1000,Shandon Anderson,UTA,199805090SAS,"May 9, 1998",SAS,6,7,2,8,37.5,38.07,-0.57,7,4,0,0,0,0,0,0,0,0,0,0,0,0,0,0,0,0,0,0,0,0,1,2
356,Chris Morris,UTA,199805090SAS,"May 9, 1998",SAS,9,6,2,7,52.94,65.41,-12.47,3,4,3,3,1,2,0,0,0,0,0,0,0,0,0,0,0,0,0,0,0,0,0,0
731,Greg Ostertag,UTA,199805090SAS,"May 9, 1998",SAS,6,5,2,6,50.0,51.02,-1.02,5,6,0,0,1,0,0,0,0,0,0,0,0,0,0,0,0,0,0,0,0,0,0,0
gearyre01,R. Geary,UTA,199805090SAS,"May 9, 1998",SAS,0,2,0,2,0.0,0.0,0.0,1,0,1,0,0,0,0,0,0,0,0,0,0,0,0,0,0,0,0,0,0,0,0,0
990,Malik Rose,SAS,199805090SAS,"May 9, 1998",UTA,4,2,4,4,50.0,53.19,-3.19,2,2,0,0,1,0,0,0,0,0,0,0,0,0,0,0,0,0,0,0,0,0,1,2
1521,Jacque Vaughn,UTA,199805090SAS,"May 9, 1998",SAS,0,2,0,2,0.0,0.0,0.0,1,0,1,0,0,0,0,0,0,0,0,0,0,0,0,0,0,0,0,0,0,0,0,0
42,Monty Williams,SAS,199805090SAS,"May 9, 1998",UTA,4,4,0,4,50.0,50.0,0.0,4,4,0,0,0,0,0,0,0,0,0,0,0,0,0,0,0,0,0,0,0,0,0,0
38,Brad Lohaus,SAS,199805090SAS,"May 9, 1998",UTA,0,1,0,1,0.0,0.0,0.0,1,0,0,0,0,0,0,0,0,0,0,0,0,0,0,0,0,0,0,0,0,0,0,0
1114,Jaren Jackson,SAS,199805100SAS,"May 10, 1998",UTA,8,15,2,16,20.51,25.19,-4.68,8,4,7,3,0,0,0,0,0,0,0,0,0,0,0,0,0,0,0,0,0,0,1,1
781,Will Perdue,SAS,199805100SAS,"May 10, 1998",UTA,0,4,0,4,0.0,0.0,0.0,4,0,0,0,0,0,0,0,0,0,0,0,0,0,0,0,0,0,0,0,0,0,0,0
764,David Robinson,SAS,199805100SAS,"May 10, 1998",UTA,15,13,8,17,44.12,45.4,-1.28,13,10,0,0,3,4,0,0,0,0,0,0,0,0,0,0,0,0,0,0,0,0,1,1
1495,Tim Duncan,SAS,199805100SAS,"May 10, 1998",UTA,22,18,9,22,48.89,50.09,-1.2,17,14,0,0,3,3,0,0,1,3,0,0,0,0,0,0,0,0,0,0,0,0,1,2
252,Karl Malone,UTA,199805100SAS,"May 10, 1998",SAS,34,28,0,28,60.71,60.71,0.0,28,34,0,0,0,0,0,0,0,0,0,0,0,0,0,0,0,0,0,0,0,0,0,0
304,John Stockton,UTA,199805100SAS,"May 10, 1998",SAS,7,7,0,7,46.67,50.0,-3.33,6,4,1,3,0,0,0,0,0,0,0,0,0,0,0,0,0,0,0,0,0,0,0,0
323,Greg Foster,UTA,199805100SAS,"May 10, 1998",SAS,13,9,0,9,68.42,72.22,-3.8,8,10,1,3,0,0,0,0,0,0,0,0,0,0,0,0,0,0,0,0,0,0,0,0
422,Avery Johnson,SAS,199805100SAS,"May 10, 1998",UTA,13,6,5,8,76.47,79.27,-2.8,5,8,0,0,1,2,0,0,1,2,0,0,0,0,0,0,0,0,0,0,0,0,1,1
456,Chuck Person,SAS,199805100SAS,"May 10, 1998",UTA,3,4,0,4,30.0,37.5,-7.5,2,0,2,3,0,0,0,0,0,0,0,0,0,0,0,0,0,0,0,0,0,0,0,0
458,Howard Eisley,UTA,199805100SAS,"May 10, 1998",SAS,2,4,0,4,22.22,25.0,-2.78,3,2,1,0,0,0,0,0,0,0,0,0,0,0,0,0,0,0,0,0,0,0,0,0
204,Jeff Hornacek,UTA,199805100SAS,"May 10, 1998",SAS,5,3,4,5,45.45,52.52,-7.07,2,2,1,0,1,1,0,0,0,0,0,0,0,0,0,0,0,0,0,0,0,0,1,2
219,Vinny Del Negro,SAS,199805100SAS,"May 10, 1998",UTA,12,9,2,10,60.0,60.73,-0.73,9,10,0,0,0,0,0,0,0,0,0,0,0,0,0,0,0,0,0,0,0,0,1,2
731,Greg Ostertag,UTA,199805100SAS,"May 10, 1998",SAS,2,0,2,1,100.0,113.64,-13.64,0,0,0,0,1,2,0,0,0,0,0,0,0,0,0,0,0,0,0,0,0,0,0,0
935,Bryon Russell,UTA,199805100SAS,"May 10, 1998",SAS,12,7,6,10,46.15,62.24,-16.09,1,2,6,6,1,1,0,0,0,0,0,0,0,0,0,0,0,0,0,0,0,0,2,3
156,Antoine Carr,UTA,199805100SAS,"May 10, 1998",SAS,4,4,0,4,50.0,50.0,0.0,4,4,0,0,0,0,0,0,0,0,0,0,0,0,0,0,0,0,0,0,0,0,0,0
1000,Shandon Anderson,UTA,199805100SAS,"May 10, 1998",SAS,3,3,2,4,37.5,38.66,-1.16,3,2,0,0,1,1,0,0,0,0,0,0,0,0,0,0,0,0,0,0,0,0,0,0
356,Chris Morris,UTA,199805100SAS,"May 10, 1998",SAS,0,1,0,1,0.0,0.0,0.0,1,0,0,0,0,0,0,0,0,0,0,0,0,0,0,0,0,0,0,0,0,0,0,0
452,Vin Baker,SEA,199805100LAL,"May 10, 1998",LAL,12,15,0,15,40.0,40.0,0.0,15,12,0,0,0,0,0,0,0,0,0,0,0,0,0,0,0,0,0,0,0,0,0,0
406,Shaquille O'Neal,LAL,199805100LAL,"May 10, 1998",SEA,39,20,12,25,75.0,77.14,-2.14,18,26,0,0,3,4,0,0,2,6,0,0,0,0,0,0,0,0,0,0,0,0,2,3
296,Rick Fox,LAL,199805100LAL,"May 10, 1998",SEA,0,5,0,5,0.0,0.0,0.0,2,0,3,0,0,0,0,0,0,0,0,0,0,0,0,0,0,0,0,0,0,0,0,0
29,Jim McIlvaine,SEA,199805100LAL,"May 10, 1998",LAL,0,1,0,1,0.0,0.0,0.0,1,0,0,0,0,0,0,0,0,0,0,0,0,0,0,0,0,0,0,0,0,0,0,0
224,Eddie Jones,LAL,199805100LAL,"May 10, 1998",SEA,32,21,7,25,58.18,66.45,-8.27,15,18,6,9,2,2,0,0,0,0,0,0,1,1,0,0,0,0,0,0,0,0,1,2
965,Derek Fisher,SEA,199805100LAL,"May 10, 1998",LAL,7,6,0,6,50.0,58.33,-8.33,4,4,2,3,0,0,0,0,0,0,0,0,0,0,0,0,0,0,0,0,0,0,0,0
765,Hersey Hawkins,SEA,199805100LAL,"May 10, 1998",LAL,15,8,4,10,68.18,76.84,-8.66,6,6,2,6,2,3,0,0,0,0,0,0,0,0,0,0,0,0,0,0,0,0,0,0
96,Detlef Schrempf,SEA,199805100LAL,"May 10, 1998",LAL,25,16,7,19,64.1,65.51,-1.41,15,18,0,0,2,4,0,0,1,3,0,0,0,0,0,0,0,0,0,0,0,0,1,0
56,Gary Payton,SEA,199805100LAL,"May 10, 1998",LAL,31,18,3,19,68.89,80.23,-11.34,11,14,6,12,1,2,0,0,1,3,0,0,0,0,0,0,0,0,0,0,0,0,0,0
109,Robert Horry,LAL,199805100LAL,"May 10, 1998",SEA,13,9,4,11,52.0,60.41,-8.41,6,6,3,6,0,0,0,0,0,0,0,0,0,0,1,1,0,0,0,0,0,0,1,0
64,Sam Perkins,SEA,199805100LAL,"May 10, 1998",LAL,6,4,2,5,50.0,61.48,-11.48,2,2,2,3,1,1,0,0,0,0,0,0,0,0,0,0,0,0,0,0,0,0,0,0
107,Dale Ellis,SEA,199805100LAL,"May 10, 1998",LAL,5,4,0,4,55.56,62.5,-6.94,3,2,1,3,0,0,0,0,0,0,0,0,0,0,0,0,0,0,0,0,0,0,0,0
89,Nick Van Exel,LAL,199805100LAL,"May 10, 1998",SEA,13,10,2,11,48.15,59.74,-11.59,5,2,5,9,1,2,0,0,0,0,0,0,0,0,0,0,0,0,0,0,0,0,0,0
916,Corie Blount,LAL,199805100LAL,"May 10, 1998",SEA,6,5,3,6,46.15,47.47,-1.32,4,4,0,0,0,0,0,0,1,2,0,0,0,0,0,0,0,0,0,0,0,0,1,0
922,Elden Campbell,LAL,199805100LAL,"May 10, 1998",SEA,2,4,0,4,25.0,25.0,0.0,4,2,0,0,0,0,0,0,0,0,0,0,0,0,0,0,0,0,0,0,0,0,0,0
760,Jerome Kersey,SEA,199805100LAL,"May 10, 1998",LAL,3,6,2,7,21.43,21.8,-0.37,6,2,0,0,1,1,0,0,0,0,0,0,0,0,0,0,0,0,0,0,0,0,0,0
21,Greg Anthony,SEA,199805100LAL,"May 10, 1998",LAL,3,6,1,6,20.0,23.29,-3.29,3,0,2,0,0,0,0,0,1,3,0,0,0,0,0,0,0,0,0,0,0,0,0,0
133,David Wesley,CHA,199805100CHH,"May 10, 1998",CHI,4,8,0,8,22.22,25.0,-2.78,6,4,2,0,0,0,0,0,0,0,0,0,0,0,0,0,0,0,0,0,0,0,0,0
893,Michael Jordan,CHI,199805100CHH,"May 10, 1998",CHA,31,31,3,32,46.97,47.96,-0.99,29,26,1,0,1,2,0,0,1,3,0,0,0,0,0,0,0,0,0,0,0,0,0,0
937,Scottie Pippen,CHI,199805100CHH,"May 10, 1998",CHA,17,12,4,14,53.12,61.77,-8.65,8,12,4,3,1,2,0,0,0,0,0,0,0,0,0,0,0,0,0,0,0,0,1,0
124,Vlade Divac,CHA,199805100CHH,"May 10, 1998",CHI,15,11,7,14,51.72,53.27,-1.55,10,8,0,0,3,4,0,0,1,3,0,0,0,0,0,0,0,0,0,0,0,0,0,0
779,Glen Rice,CHA,199805100CHH,"May 10, 1998",CHI,13,17,0,17,34.21,38.24,-4.03,13,10,4,3,0,0,0,0,0,0,0,0,0,0,0,0,0,0,0,0,0,0,0,0
26,Luc Longley,CHA,199805100CHH,"May 10, 1998",CHI,10,9,0,9,55.56,55.56,0.0,9,10,0,0,0,0,0,0,0,0,0,0,0,0,0,0,0,0,0,0,0,0,0,0
23,Dennis Rodman,CHI,199805100CHH,"May 10, 1998",CHA,8,6,0,6,66.67,66.67,0.0,6,8,0,0,0,0,0,0,0,0,0,0,0,0,0,0,0,0,0,0,0,0,0,0
184,Bobby Phills,CHA,199805100CHH,"May 10, 1998",CHI,11,10,0,10,52.38,55.0,-2.62,9,8,1,3,0,0,0,0,0,0,0,0,0,0,0,0,0,0,0,0,0,0,0,0
193,Anthony Mason,CHA,199805100CHH,"May 10, 1998",CHI,10,6,2,7,71.43,72.67,-1.24,6,8,0,0,1,2,0,0,0,0,0,0,0,0,0,0,0,0,0,0,0,0,0,0
166,Ron Harper,CHI,199805100CHH,"May 10, 1998",CHA,6,4,0,4,75.0,75.0,0.0,4,6,0,0,0,0,0,0,0,0,0,0,0,0,0,0,0,0,0,0,0,0,0,0
70,Steve Kerr,CHI,199805100CHH,"May 10, 1998",CHA,2,1,4,3,33.33,36.23,-2.9,1,0,0,0,0,0,1,2,0,0,0,0,1,0,0,0,0,0,0,0,0,0,0,0
389,Toni Kukoc,CHI,199805100CHH,"May 10, 1998",CHA,15,10,5,12,51.72,61.48,-9.76,5,4,4,6,1,1,0,0,1,2,0,0,0,0,0,0,0,0,0,0,0,0,1,2
769,B.J. Armstrong,CHA,199805100CHH,"May 10, 1998",CHI,14,9,2,10,63.64,70.85,-7.21,7,10,2,3,1,1,0,0,0,0,0,0,0,0,0,0,0,0,0,0,0,0,0,0
462,J.R. Reid,CHA,199805100CHH,"May 10, 1998",CHI,6,3,0,3,100.0,100.0,0.0,3,6,0,0,0,0,0,0,0,0,0,0,0,0,0,0,0,0,0,0,0,0,0,0
197,Scott Burrell,CHI,199805100CHH,"May 10, 1998",CHA,2,2,0,2,40.0,50.0,-10.0,1,2,1,0,0,0,0,0,0,0,0,0,0,0,0,0,0,0,0,0,0,0,0,0
761,Matt Geiger,CHA,199805100CHH,"May 10, 1998",CHI,0,1,0,1,0.0,0.0,0.0,1,0,0,0,0,0,0,0,0,0,0,0,0,0,0,0,0,0,0,0,0,0,0,0
209,Dell Curry,CHA,199805100CHH,"May 10, 1998",CHI,5,7,2,8,27.78,31.73,-3.95,5,4,2,0,1,1,0,0,0,0,0,0,0,0,0,0,0,0,0,0,0,0,0,0
753,Randy Brown,CHI,199805100CHH,"May 10, 1998",CHA,1,0,2,1,50.0,56.82,-6.82,0,0,0,0,0,0,0,0,0,0,0,0,0,0,0,0,0,0,0,0,0,0,1,1
1576,Travis Williams,CHA,199805100CHH,"May 10, 1998",CHI,2,2,0,2,50.0,50.0,0.0,2,2,0,0,0,0,0,0,0,0,0,0,0,0,0,0,0,0,0,0,0,0,0,0
54,Dickey Simpkins,CHI,199805100CHH,"May 10, 1998",CHA,2,3,0,3,33.33,33.33,0.0,3,2,0,0,0,0,0,0,0,0,0,0,0,0,0,0,0,0,0,0,0,0,0,0
1133,Corey Beck,CHA,199805100CHH,"May 10, 1998",CHI,0,1,0,1,0.0,0.0,0.0,1,0,0,0,0,0,0,0,0,0,0,0,0,0,0,0,0,0,0,0,0,0,0,0
397,Reggie Miller,IND,199805100NYK,"May 10, 1998",NYK,38,26,14,34,48.1,59.08,-10.98,13,10,13,15,3,6,0,0,0,0,0,0,2,2,1,2,0,0,0,0,0,0,2,3
905,Dale Davis,IND,199805100NYK,"May 10, 1998",NYK,5,4,2,5,50.0,51.23,-1.23,4,4,0,0,1,1,0,0,0,0,0,0,0,0,0,0,0,0,0,0,0,0,0,0
891,Charles Oakley,IND,199805100NYK,"May 10, 1998",NYK,8,5,2,6,66.67,68.03,-1.36,5,6,0,0,1,2,0,0,0,0,0,0,0,0,0,0,0,0,0,0,0,0,0,0
275,Allan Houston,NYK,199805100NYK,"May 10, 1998",IND,19,16,6,19,47.5,50.97,-3.47,14,8,2,6,3,5,0,0,0,0,0,0,0,0,0,0,0,0,0,0,0,0,0,0
121,Patrick Ewing,NYK,199805100NYK,"May 10, 1998",IND,17,16,8,20,42.5,43.55,-1.05,16,12,0,0,3,4,0,0,0,0,0,0,0,0,0,0,0,0,0,0,0,0,1,1
22,Rik Smits,IND,199805100NYK,"May 10, 1998",NYK,23,18,2,19,60.53,60.91,-0.38,18,22,0,0,1,1,0,0,0,0,0,0,0,0,0,0,0,0,0,0,0,0,0,0
904,Chris Mullin,IND,199805100NYK,"May 10, 1998",NYK,18,12,4,14,52.94,65.41,-12.47,6,10,6,6,2,2,0,0,0,0,0,0,0,0,0,0,0,0,0,0,0,0,0,0
369,Charlie Ward,NYK,199805100NYK,"May 10, 1998",IND,13,8,0,8,68.42,81.25,-12.83,5,4,3,9,0,0,0,0,0,0,0,0,0,0,0,0,0,0,0,0,0,0,0,0
913,Larry Johnson,NYK,199805100NYK,"May 10, 1998",IND,18,15,3,16,50.0,55.15,-5.15,11,14,3,0,1,1,0,0,1,3,0,0,0,0,0,0,0,0,0,0,0,0,0,0
349,Mark Jackson,IND,199805100NYK,"May 10, 1998",NYK,16,10,2,11,64.0,73.53,-9.53,7,6,3,9,1,1,0,0,0,0,0,0,0,0,0,0,0,0,0,0,0,0,0,0
317,John Starks,NYK,199805100NYK,"May 10, 1998",IND,19,11,2,12,65.52,79.97,-14.45,6,8,5,9,0,0,0,0,0,0,0,0,0,0,0,0,0,0,0,0,0,0,1,2
187,Terry Cummings,NYK,199805100NYK,"May 10, 1998",IND,2,3,0,3,33.33,33.33,0.0,3,2,0,0,0,0,0,0,0,0,0,0,0,0,0,0,0,0,0,0,0,0,0,0
213,Antonio Davis,IND,199805100NYK,"May 10, 1998",NYK,6,6,4,8,37.5,38.66,-1.16,6,2,0,0,2,4,0,0,0,0,0,0,0,0,0,0,0,0,0,0,0,0,0,0
998,Mark Pope,IND,199805100NYK,"May 10, 1998",NYK,2,2,0,2,50.0,50.0,0.0,2,2,0,0,0,0,0,0,0,0,0,0,0,0,0,0,0,0,0,0,0,0,0,0
696,Travis Best,IND,199805100NYK,"May 10, 1998",NYK,4,1,2,2,100.0,106.38,-6.38,1,2,0,0,0,0,0,0,0,0,0,0,0,0,0,0,0,0,0,0,0,0,1,2
164,Chris Childs,NYK,199805100NYK,"May 10, 1998",IND,9,5,2,6,69.23,76.53,-7.3,4,4,1,3,1,2,0,0,0,0,0,0,0,0,0,0,0,0,0,0,0,0,0,0
168,Chris Mills,NYK,199805100NYK,"May 10, 1998",IND,2,1,0,1,100.0,100.0,0.0,1,2,0,0,0,0,0,0,0,0,0,0,0,0,0,0,0,0,0,0,0,0,0,0
147,Jalen Rose,IND,199805100NYK,"May 10, 1998",NYK,6,5,2,6,46.15,51.02,-4.87,4,4,1,0,0,0,0,0,0,0,0,0,0,0,0,0,0,0,0,0,0,0,1,2
406,Shaquille O'Neal,LAL,199805120SEA,"May 12, 1998",SEA,31,17,12,21,67.39,69.57,-2.18,13,16,0,0,4,4,0,0,4,11,0,0,0,0,0,0,0,0,0,0,0,0,0,0
452,Vin Baker,SEA,199805120SEA,"May 12, 1998",LAL,28,19,7,22,62.22,63.41,-1.19,18,22,0,0,3,4,0,0,1,2,0,0,0,0,0,0,0,0,0,0,0,0,0,0
109,Robert Horry,LAL,199805120SEA,"May 12, 1998",SEA,13,7,3,8,68.42,78.12,-9.7,4,6,2,3,1,2,0,0,1,2,0,0,0,0,0,0,0,0,0,0,0,0,0,0
96,Detlef Schrempf,LAL,199805120SEA,"May 12, 1998",SEA,14,13,2,14,48.28,50.43,-2.15,12,12,1,0,1,2,0,0,0,0,0,0,0,0,0,0,0,0,0,0,0,0,0,0
965,Derek Fisher,LAL,199805120SEA,"May 12, 1998",SEA,2,3,0,3,28.57,33.33,-4.76,2,2,1,0,0,0,0,0,0,0,0,0,0,0,0,0,0,0,0,0,0,0,0,0
56,Gary Payton,SEA,199805120SEA,"May 12, 1998",LAL,20,16,8,20,42.55,51.23,-8.68,9,6,7,6,1,2,0,0,0,0,0,0,0,0,0,0,0,0,0,0,0,0,3,6
765,Hersey Hawkins,SEA,199805120SEA,"May 12, 1998",LAL,5,8,1,9,23.81,29.62,-5.81,4,2,4,3,0,0,0,0,0,0,0,0,1,0,0,0,0,0,0,0,0,0,0,0
64,Sam Perkins,SEA,199805120SEA,"May 12, 1998",LAL,5,4,2,5,38.46,51.23,-12.77,1,0,3,3,0,0,0,0,0,0,0,0,0,0,0,0,0,0,0,0,0,0,1,2
296,Rick Fox,LAL,199805120SEA,"May 12, 1998",SEA,17,10,2,11,56.67,78.12,-21.45,2,0,8,15,1,2,0,0,0,0,0,0,0,0,0,0,0,0,0,0,0,0,0,0
224,Eddie Jones,LAL,199805120SEA,"May 12, 1998",SEA,17,7,9,12,65.38,77.55,-12.17,4,2,3,6,1,2,0,0,0,0,0,0,2,3,0,0,0,0,0,0,0,0,2,4
29,Jim McIlvaine,SEA,199805120SEA,"May 12, 1998",LAL,0,1,0,1,0.0,0.0,0.0,1,0,0,0,0,0,0,0,0,0,0,0,0,0,0,0,0,0,0,0,0,0,0,0
107,Dale Ellis,SEA,199805120SEA,"May 12, 1998",LAL,7,4,4,6,58.33,60.76,-2.43,4,4,0,0,1,1,0,0,0,0,0,0,0,0,0,0,0,0,0,0,0,0,1,2
203,Nate McMillan,SEA,199805120SEA,"May 12, 1998",LAL,3,3,0,3,33.33,50.0,-16.67,0,0,3,3,0,0,0,0,0,0,0,0,0,0,0,0,0,0,0,0,0,0,0,0
89,Nick Van Exel,LAL,199805120SEA,"May 12, 1998",SEA,15,13,4,15,38.46,50.81,-12.35,4,0,9,12,1,1,0,0,0,0,0,0,0,0,0,0,0,0,0,0,0,0,1,2
922,Elden Campbell,LAL,199805120SEA,"May 12, 1998",SEA,6,2,5,4,66.67,71.43,-4.76,1,2,0,0,1,1,0,0,1,2,0,0,0,0,0,0,0,0,0,0,0,0,1,1
760,Jerome Kersey,SEA,199805120SEA,"May 12, 1998",LAL,13,12,2,13,50.0,50.47,-0.47,12,12,0,0,1,1,0,0,0,0,0,0,0,0,0,0,0,0,0,0,0,0,0,0
916,Corie Blount,LAL,199805120SEA,"May 12, 1998",SEA,2,2,0,2,50.0,50.0,0.0,2,2,0,0,0,0,0,0,0,0,0,0,0,0,0,0,0,0,0,0,0,0,0,0
977,Kobe Bryant,LAL,199805120SEA,"May 12, 1998",SEA,7,3,0,3,100.0,116.67,-16.67,2,4,1,3,0,0,0,0,0,0,0,0,0,0,0,0,0,0,0,0,0,0,0,0
422,Avery Johnson,SAS,199805120UTA,"May 12, 1998",UTA,13,11,6,14,44.83,47.65,-2.82,10,8,1,0,3,5,0,0,0,0,0,0,0,0,0,0,0,0,0,0,0,0,0,0
252,Karl Malone,UTA,199805120UTA,"May 12, 1998",SAS,24,21,14,28,42.86,44.18,-1.32,21,14,0,0,5,8,0,0,0,0,0,0,0,0,0,0,0,0,0,0,0,0,2,2
1495,Tim Duncan,SAS,199805120UTA,"May 12, 1998",UTA,14,10,6,13,53.85,55.38,-1.53,10,10,0,0,2,3,0,0,0,0,0,0,0,0,0,0,0,0,0,0,0,0,1,1
1114,Jaren Jackson,SAS,199805120UTA,"May 12, 1998",UTA,6,9,0,9,26.09,33.33,-7.24,4,6,5,0,0,0,0,0,0,0,0,0,0,0,0,0,0,0,0,0,0,0,0,0
323,Greg Foster,UTA,199805120UTA,"May 12, 1998",SAS,4,7,0,7,28.57,28.57,0.0,7,4,0,0,0,0,0,0,0,0,0,0,0,0,0,0,0,0,0,0,0,0,0,0
204,Jeff Hornacek,UTA,199805120UTA,"May 12, 1998",SAS,19,14,1,15,59.38,65.79,-6.41,11,12,3,6,0,0,0,0,0,0,0,0,1,1,0,0,0,0,0,0,0,0,0,0
764,David Robinson,SAS,199805120UTA,"May 12, 1998",UTA,21,16,15,23,44.68,46.46,-1.78,15,8,0,0,5,6,0,0,1,3,0,0,0,0,0,0,0,0,0,0,0,0,2,4
304,John Stockton,UTA,199805120UTA,"May 12, 1998",SAS,12,6,10,11,52.17,57.69,-5.52,5,4,1,0,0,0,0,0,0,0,0,0,0,0,0,0,0,0,0,0,0,0,5,8
935,Bryon Russell,UTA,199805120UTA,"May 12, 1998",SAS,15,8,4,10,62.5,76.84,-14.34,4,2,4,9,2,4,0,0,0,0,0,0,0,0,0,0,0,0,0,0,0,0,0,0
781,Will Perdue,SAS,199805120UTA,"May 12, 1998",UTA,0,5,0,5,0.0,0.0,0.0,5,0,0,0,0,0,0,0,0,0,0,0,0,0,0,0,0,0,0,0,0,0,0,0
458,Howard Eisley,UTA,199805120UTA,"May 12, 1998",SAS,8,6,2,7,57.14,58.14,-1.0,6,6,0,0,1,2,0,0,0,0,0,0,0,0,0,0,0,0,0,0,0,0,0,0
219,Vinny Del Negro,SAS,199805120UTA,"May 12, 1998",UTA,17,14,1,15,56.67,58.86,-2.19,13,14,1,3,0,0,0,0,0,0,0,0,1,0,0,0,0,0,0,0,0,0,0,0
456,Chuck Person,SAS,199805120UTA,"May 12, 1998",UTA,4,5,0,5,30.77,40.0,-9.23,2,4,3,0,0,0,0,0,0,0,0,0,0,0,0,0,0,0,0,0,0,0,0,0
731,Greg Ostertag,UTA,199805120UTA,"May 12, 1998",SAS,0,1,0,1,0.0,0.0,0.0,1,0,0,0,0,0,0,0,0,0,0,0,0,0,0,0,0,0,0,0,0,0,0,0
gearyre01,R. Geary,SAS,199805120UTA,"May 12, 1998",UTA,2,2,0,2,40.0,50.0,-10.0,1,2,1,0,0,0,0,0,0,0,0,0,0,0,0,0,0,0,0,0,0,0,0,0
1000,Shandon Anderson,UTA,199805120UTA,"May 12, 1998",SAS,2,2,0,2,50.0,50.0,0.0,2,2,0,0,0,0,0,0,0,0,0,0,0,0,0,0,0,0,0,0,0,0,0,0
156,Antoine Carr,UTA,199805120UTA,"May 12, 1998",SAS,3,4,2,5,30.0,30.74,-0.74,4,2,0,0,1,1,0,0,0,0,0,0,0,0,0,0,0,0,0,0,0,0,0,0
61,Carl Herrera,SAS,199805120UTA,"May 12, 1998",UTA,0,1,0,1,0.0,0.0,0.0,1,0,0,0,0,0,0,0,0,0,0,0,0,0,0,0,0,0,0,0,0,0,0,0
356,Chris Morris,UTA,199805120UTA,"May 12, 1998",SAS,0,2,0,2,0.0,0.0,0.0,1,0,1,0,0,0,0,0,0,0,0,0,0,0,0,0,0,0,0,0,0,0,0,0
893,Michael Jordan,CHI,199805130CHI,"May 13, 1998",CHA,33,29,4,31,50.77,53.64,-2.87,26,30,3,0,0,0,0,0,0,0,0,0,0,0,0,0,0,0,0,0,0,0,2,3
124,Vlade Divac,CHA,199805130CHI,"May 13, 1998",CHI,9,10,4,12,37.5,38.27,-0.77,10,6,0,0,2,3,0,0,0,0,0,0,0,0,0,0,0,0,0,0,0,0,0,0
23,Dennis Rodman,CHI,199805130CHI,"May 13, 1998",CHA,8,8,0,8,50.0,50.0,0.0,8,8,0,0,0,0,0,0,0,0,0,0,0,0,0,0,0,0,0,0,0,0,0,0
779,Glen Rice,CHA,199805130CHI,"May 13, 1998",CHI,30,21,2,22,61.22,68.56,-7.34,16,22,5,6,0,0,0,0,0,0,0,0,0,0,0,0,0,0,0,0,0,0,1,2
133,David Wesley,CHA,199805130CHI,"May 13, 1998",CHI,16,12,0,12,59.26,66.67,-7.41,9,10,3,6,0,0,0,0,0,0,0,0,0,0,0,0,0,0,0,0,0,0,0,0
166,Ron Harper,CHI,199805130CHI,"May 13, 1998",CHA,4,5,0,5,33.33,40.0,-6.67,3,4,2,0,0,0,0,0,0,0,0,0,0,0,0,0,0,0,0,0,0,0,0,0
193,Anthony Mason,CHA,199805130CHI,"May 13, 1998",CHI,16,13,2,14,57.14,57.64,-0.5,13,14,0,0,1,2,0,0,0,0,0,0,0,0,0,0,0,0,0,0,0,0,0,0
937,Scottie Pippen,CHI,199805130CHI,"May 13, 1998",CHA,16,16,8,20,35.56,40.98,-5.42,11,8,5,3,2,3,0,0,0,0,0,0,0,0,0,0,0,0,0,0,0,0,2,2
26,Luc Longley,CHI,199805130CHI,"May 13, 1998",CHA,13,9,8,13,50.0,51.92,-1.92,9,6,0,0,1,2,0,0,0,0,0,0,0,0,0,0,0,0,0,0,0,0,3,5
184,Bobby Phills,CHA,199805130CHI,"May 13, 1998",CHI,0,3,0,3,0.0,0.0,0.0,1,0,2,0,0,0,0,0,0,0,0,0,0,0,0,0,0,0,0,0,0,0,0,0
1133,Corey Beck,CHA,199805130CHI,"May 13, 1998",CHI,6,5,0,5,60.0,60.0,0.0,5,6,0,0,0,0,0,0,0,0,0,0,0,0,0,0,0,0,0,0,0,0,0,0
389,Toni Kukoc,CHI,199805130CHI,"May 13, 1998",CHA,2,2,0,2,50.0,50.0,0.0,2,2,0,0,0,0,0,0,0,0,0,0,0,0,0,0,0,0,0,0,0,0,0,0
769,B.J. Armstrong,CHA,199805130CHI,"May 13, 1998",CHI,5,5,0,5,45.45,50.0,-4.55,4,2,1,3,0,0,0,0,0,0,0,0,0,0,0,0,0,0,0,0,0,0,0,0
209,Dell Curry,CHA,199805130CHI,"May 13, 1998",CHI,2,2,2,3,28.57,34.72,-6.15,1,0,1,0,1,2,0,0,0,0,0,0,0,0,0,0,0,0,0,0,0,0,0,0
70,Steve Kerr,CHI,199805130CHI,"May 13, 1998",CHA,15,9,4,12,65.22,69.7,-4.48,8,8,1,3,1,2,0,0,0,0,0,0,2,2,0,0,0,0,0,0,0,0,0,0
753,Randy Brown,CHI,199805130CHI,"May 13, 1998",CHA,0,2,0,2,0.0,0.0,0.0,2,0,0,0,0,0,0,0,0,0,0,0,0,0,0,0,0,0,0,0,0,0,0,0
82,Bill Wennington,CHI,199805130CHI,"May 13, 1998",CHA,2,3,0,3,33.33,33.33,0.0,3,2,0,0,0,0,0,0,0,0,0,0,0,0,0,0,0,0,0,0,0,0,0,0
904,Chris Mullin,NYK,199805130IND,"May 13, 1998",IND,8,9,0,9,36.36,44.44,-8.08,5,2,4,6,0,0,0,0,0,0,0,0,0,0,0,0,0,0,0,0,0,0,0,0
275,Allan Houston,NYK,199805130IND,"May 13, 1998",IND,33,25,2,26,58.93,63.76,-4.83,21,22,4,9,1,2,0,0,0,0,0,0,0,0,0,0,0,0,0,0,0,0,0,0
22,Rik Smits,IND,199805130IND,"May 13, 1998",NYK,22,15,2,16,68.75,69.27,-0.52,15,20,0,0,1,2,0,0,0,0,0,0,0,0,0,0,0,0,0,0,0,0,0,0
121,Patrick Ewing,NYK,199805130IND,"May 13, 1998",IND,10,13,8,17,29.41,30.27,-0.86,13,8,0,0,4,2,0,0,0,0,0,0,0,0,0,0,0,0,0,0,0,0,0,0
913,Larry Johnson,NYK,199805130IND,"May 13, 1998",IND,17,13,5,15,50.0,55.92,-5.92,9,8,3,3,2,3,0,0,1,3,0,0,0,0,0,0,0,0,0,0,0,0,0,0
349,Mark Jackson,IND,199805130IND,"May 13, 1998",NYK,22,12,10,17,61.11,67.07,-5.96,10,12,2,0,0,0,0,0,0,0,0,0,0,0,0,0,0,0,0,0,0,0,5,10
397,Reggie Miller,IND,199805130IND,"May 13, 1998",NYK,24,14,8,18,58.54,68.49,-9.95,9,10,5,6,1,2,0,0,0,0,0,0,0,0,0,0,0,0,0,0,0,0,3,6
905,Dale Davis,NYK,199805130IND,"May 13, 1998",IND,5,5,2,6,41.67,42.52,-0.85,5,4,0,0,1,1,0,0,0,0,0,0,0,0,0,0,0,0,0,0,0,0,0,0
891,Charles Oakley,NYK,199805130IND,"May 13, 1998",IND,2,4,0,4,25.0,25.0,0.0,4,2,0,0,0,0,0,0,0,0,0,0,0,0,0,0,0,0,0,0,0,0,0,0
365,Derrick McKey,IND,199805130IND,"May 13, 1998",NYK,2,7,0,7,13.33,14.29,-0.96,6,2,1,0,0,0,0,0,0,0,0,0,0,0,0,0,0,0,0,0,0,0,0,0
369,Charlie Ward,NYK,199805130IND,"May 13, 1998",IND,5,6,0,6,33.33,41.67,-8.34,3,2,3,3,0,0,0,0,0,0,0,0,0,0,0,0,0,0,0,0,0,0,0,0
213,Antonio Davis,IND,199805130IND,"May 13, 1998",NYK,12,5,12,11,54.55,58.37,-3.82,5,4,0,0,4,4,0,0,0,0,0,0,0,0,0,0,0,0,0,0,0,0,2,4
164,Chris Childs,NYK,199805130IND,"May 13, 1998",IND,4,4,0,4,44.44,50.0,-5.56,3,4,1,0,0,0,0,0,0,0,0,0,0,0,0,0,0,0,0,0,0,0,0,0
317,John Starks,NYK,199805130IND,"May 13, 1998",IND,12,16,0,16,28.57,37.5,-8.93,6,6,10,6,0,0,0,0,0,0,0,0,0,0,0,0,0,0,0,0,0,0,0,0
696,Travis Best,IND,199805130IND,"May 13, 1998",NYK,2,3,0,3,28.57,33.33,-4.76,2,2,1,0,0,0,0,0,0,0,0,0,0,0,0,0,0,0,0,0,0,0,0,0
168,Chris Mills,NYK,199805130IND,"May 13, 1998",IND,5,2,2,3,83.33,86.81,-3.48,2,4,0,0,1,1,0,0,0,0,0,0,0,0,0,0,0,0,0,0,0,0,0,0
147,Jalen Rose,IND,199805130IND,"May 13, 1998",NYK,2,1,0,1,100.0,100.0,0.0,1,2,0,0,0,0,0,0,0,0,0,0,0,0,0,0,0,0,0,0,0,0,0,0
406,Shaquille O'Neal,LAL,199805160UTA,"May 16, 1998",UTA,19,16,16,23,39.58,41.23,-1.65,14,8,0,0,5,4,0,0,2,5,0,0,0,0,0,0,0,0,0,0,0,0,2,2
304,John Stockton,UTA,199805160UTA,"May 16, 1998",LAL,9,5,4,7,64.29,66.57,-2.28,5,6,0,0,0,0,0,0,0,0,0,0,0,0,1,1,0,0,0,0,0,0,1,2
296,Rick Fox,UTA,199805160UTA,"May 16, 1998",LAL,15,9,2,10,60.0,75.91,-15.91,4,4,5,9,1,2,0,0,0,0,0,0,0,0,0,0,0,0,0,0,0,0,0,0
323,Greg Foster,UTA,199805160UTA,"May 16, 1998",LAL,10,7,0,7,71.43,71.43,0.0,7,10,0,0,0,0,0,0,0,0,0,0,0,0,0,0,0,0,0,0,0,0,0,0
109,Robert Horry,LAL,199805160UTA,"May 16, 1998",UTA,7,4,2,5,63.64,71.72,-8.08,3,2,1,3,1,2,0,0,0,0,0,0,0,0,0,0,0,0,0,0,0,0,0,0
252,Karl Malone,UTA,199805160UTA,"May 16, 1998",LAL,29,21,8,24,58.0,59.14,-1.14,19,18,0,0,2,3,0,0,2,6,0,0,0,0,0,0,0,0,0,0,0,0,1,2
935,Bryon Russell,UTA,199805160UTA,"May 16, 1998",LAL,10,7,3,8,58.82,60.1,-1.28,6,6,0,0,1,1,0,0,1,3,0,0,0,0,0,0,0,0,0,0,0,0,0,0
965,Derek Fisher,LAL,199805160UTA,"May 16, 1998",UTA,3,3,4,5,27.27,31.51,-4.24,2,2,1,0,2,1,0,0,0,0,0,0,0,0,0,0,0,0,0,0,0,0,0,0
204,Jeff Hornacek,UTA,199805160UTA,"May 16, 1998",LAL,1,3,1,4,14.29,14.53,-0.24,3,0,0,0,0,0,0,0,0,0,0,0,1,1,0,0,0,0,0,0,0,0,0,0
224,Eddie Jones,UTA,199805160UTA,"May 16, 1998",LAL,6,6,2,7,37.5,43.6,-6.1,4,4,2,0,0,0,0,0,0,0,0,0,0,0,0,0,0,0,0,0,0,0,1,2
89,Nick Van Exel,LAL,199805160UTA,"May 16, 1998",UTA,6,9,6,12,20.69,25.77,-5.08,4,2,5,0,1,2,0,0,0,0,0,0,0,0,0,0,0,0,0,0,0,0,2,2
458,Howard Eisley,UTA,199805160UTA,"May 16, 1998",LAL,14,8,1,9,77.78,82.94,-5.16,7,10,1,3,0,0,0,0,0,0,0,0,1,1,0,0,0,0,0,0,0,0,0,0
977,Kobe Bryant,LAL,199805160UTA,"May 16, 1998",UTA,16,14,12,20,35.56,41.49,-5.93,9,8,5,0,4,6,0,0,0,0,0,0,0,0,0,0,0,0,0,0,0,0,2,2
731,Greg Ostertag,UTA,199805160UTA,"May 16, 1998",LAL,2,2,0,2,50.0,50.0,0.0,2,2,0,0,0,0,0,0,0,0,0,0,0,0,0,0,0,0,0,0,0,0,0,0
356,Chris Morris,UTA,199805160UTA,"May 16, 1998",LAL,10,6,3,7,58.82,68.31,-9.49,3,0,2,6,1,1,0,0,1,3,0,0,0,0,0,0,0,0,0,0,0,0,0,0
916,Corie Blount,LAL,199805160UTA,"May 16, 1998",UTA,2,2,0,2,50.0,50.0,0.0,2,2,0,0,0,0,0,0,0,0,0,0,0,0,0,0,0,0,0,0,0,0,0,0
922,Elden Campbell,LAL,199805160UTA,"May 16, 1998",UTA,3,4,2,5,30.0,30.74,-0.74,4,2,0,0,1,1,0,0,0,0,0,0,0,0,0,0,0,0,0,0,0,0,0,0
156,Antoine Carr,UTA,199805160UTA,"May 16, 1998",LAL,10,10,0,10,50.0,50.0,0.0,10,10,0,0,0,0,0,0,0,0,0,0,0,0,0,0,0,0,0,0,0,0,0,0
1000,Shandon Anderson,UTA,199805160UTA,"May 16, 1998",LAL,10,8,6,11,43.48,46.99,-3.51,7,6,1,0,3,4,0,0,0,0,0,0,0,0,0,0,0,0,0,0,0,0,0,0
228,Adam Keefe,UTA,199805160UTA,"May 16, 1998",LAL,5,2,4,4,62.5,66.49,-3.99,2,2,0,0,1,1,0,0,0,0,0,0,0,0,1,2,0,0,0,0,0,0,0,0
1521,Jacque Vaughn,UTA,199805160UTA,"May 16, 1998",LAL,2,1,0,1,100.0,100.0,0.0,1,2,0,0,0,0,0,0,0,0,0,0,0,0,0,0,0,0,0,0,0,0,0,0
468,Jon Barry,LAL,199805160UTA,"May 16, 1998",UTA,0,6,0,6,0.0,0.0,0.0,2,0,4,0,0,0,0,0,0,0,0,0,0,0,0,0,0,0,0,0,0,0,0,0
399,Sean Rooks,LAL,199805160UTA,"May 16, 1998",UTA,0,4,0,4,0.0,0.0,0.0,4,0,0,0,0,0,0,0,0,0,0,0,0,0,0,0,0,0,0,0,0,0,0,0
712,Mario Bennett,LAL,199805160UTA,"May 16, 1998",UTA,0,1,0,1,0.0,0.0,0.0,1,0,0,0,0,0,0,0,0,0,0,0,0,0,0,0,0,0,0,0,0,0,0,0
26,Luc Longley,IND,199805170CHI,"May 17, 1998",CHI,12,10,4,12,50.0,51.02,-1.02,10,8,0,0,2,4,0,0,0,0,0,0,0,0,0,0,0,0,0,0,0,0,0,0
397,Reggie Miller,IND,199805170CHI,"May 17, 1998",CHI,16,14,5,17,41.03,49.38,-8.35,8,6,6,6,0,0,0,0,0,0,0,0,1,1,0,0,0,0,0,0,0,0,2,3
389,Toni Kukoc,CHI,199805170CHI,"May 17, 1998",IND,4,11,0,11,16.67,18.18,-1.51,9,4,2,0,0,0,0,0,0,0,0,0,0,0,0,0,0,0,0,0,0,0,0,0
349,Mark Jackson,IND,199805170CHI,"May 17, 1998",CHI,12,12,2,13,42.86,46.58,-3.72,10,10,2,0,1,2,0,0,0,0,0,0,0,0,0,0,0,0,0,0,0,0,0,0
22,Rik Smits,IND,199805170CHI,"May 17, 1998",CHI,9,10,2,11,40.91,41.36,-0.45,10,8,0,0,0,0,0,0,0,0,0,0,0,0,0,0,0,0,0,0,0,0,1,1
937,Scottie Pippen,CHI,199805170CHI,"May 17, 1998",IND,4,9,4,11,16.67,18.59,-1.92,7,2,2,0,2,2,0,0,0,0,0,0,0,0,0,0,0,0,0,0,0,0,0,0
905,Dale Davis,IND,199805170CHI,"May 17, 1998",CHI,10,6,2,7,71.43,72.67,-1.24,6,10,0,0,1,0,0,0,0,0,0,0,0,0,0,0,0,0,0,0,0,0,0,0
166,Ron Harper,CHI,199805170CHI,"May 17, 1998",IND,15,9,5,11,65.22,66.96,-1.74,8,10,0,0,1,1,0,0,1,2,0,0,0,0,0,0,0,0,0,0,0,0,1,2
82,Bill Wennington,CHI,199805170CHI,"May 17, 1998",IND,2,3,0,3,33.33,33.33,0.0,3,2,0,0,0,0,0,0,0,0,0,0,0,0,0,0,0,0,0,0,0,0,0,0
893,Michael Jordan,CHI,199805170CHI,"May 17, 1998",IND,31,28,10,32,46.97,47.84,-0.87,26,18,0,0,3,6,0,0,2,5,0,0,0,0,0,0,0,0,0,0,0,0,1,2
904,Chris Mullin,IND,199805170CHI,"May 17, 1998",CHI,2,4,0,4,20.0,25.0,-5.0,2,2,2,0,0,0,0,0,0,0,0,0,0,0,0,0,0,0,0,0,0,0,0,0
23,Dennis Rodman,CHI,199805170CHI,"May 17, 1998",IND,11,6,10,11,50.0,52.88,-2.88,6,6,0,0,5,5,0,0,0,0,0,0,0,0,0,0,0,0,0,0,0,0,0,0
365,Derrick McKey,IND,199805170CHI,"May 17, 1998",CHI,4,3,4,5,40.0,42.02,-2.02,3,2,0,0,0,0,0,0,0,0,0,0,0,0,0,0,0,0,0,0,0,0,2,2
213,Antonio Davis,IND,199805170CHI,"May 17, 1998",CHI,12,3,8,7,85.71,92.02,-6.31,3,6,0,0,2,2,0,0,0,0,0,0,0,0,0,0,0,0,0,0,0,0,2,4
147,Jalen Rose,IND,199805170CHI,"May 17, 1998",CHI,7,8,0,8,41.18,43.75,-2.57,7,4,1,3,0,0,0,0,0,0,0,0,0,0,0,0,0,0,0,0,0,0,0,0
696,Travis Best,IND,199805170CHI,"May 17, 1998",CHI,7,6,2,7,46.67,50.87,-4.2,5,6,1,0,1,1,0,0,0,0,0,0,0,0,0,0,0,0,0,0,0,0,0,0
197,Scott Burrell,CHI,199805170CHI,"May 17, 1998",IND,2,3,0,3,28.57,33.33,-4.76,2,2,1,0,0,0,0,0,0,0,0,0,0,0,0,0,0,0,0,0,0,0,0,0
753,Randy Brown,CHI,199805170CHI,"May 17, 1998",IND,4,1,4,3,66.67,72.46,-5.79,1,0,0,0,1,2,0,0,0,0,0,0,0,0,0,0,0,0,0,0,0,0,1,2
70,Steve Kerr,CHI,199805170CHI,"May 17, 1998",IND,0,1,0,1,0.0,0.0,0.0,0,0,1,0,0,0,0,0,0,0,0,0,0,0,0,0,0,0,0,0,0,0,0,0
965,Derek Fisher,LAL,199805180UTA,"May 18, 1998",UTA,12,9,5,11,46.15,53.57,-7.42,5,6,3,0,1,2,0,0,1,3,0,0,0,0,0,0,0,0,0,0,0,0,1,1
252,Karl Malone,UTA,199805180UTA,"May 18, 1998",LAL,33,18,15,25,64.71,67.07,-2.36,17,22,0,0,4,5,0,0,1,3,0,0,0,0,0,0,0,0,0,0,0,0,3,3
406,Shaquille O'Neal,LAL,199805180UTA,"May 18, 1998",UTA,31,21,8,24,62.0,63.21,-1.21,19,24,0,0,3,1,0,0,2,6,0,0,0,0,0,0,0,0,0,0,0,0,0,0
304,John Stockton,UTA,199805180UTA,"May 18, 1998",LAL,22,12,5,15,73.33,77.46,-4.13,11,16,1,3,1,1,0,0,0,0,0,0,1,1,0,0,0,0,0,0,0,0,1,1
296,Rick Fox,LAL,199805180UTA,"May 18, 1998",UTA,7,7,2,9,31.82,44.42,-12.6,1,0,6,6,0,0,0,0,0,0,0,0,2,1,0,0,0,0,0,0,0,0,0,0
323,Greg Foster,UTA,199805180UTA,"May 18, 1998",LAL,6,4,0,4,75.0,75.0,0.0,4,6,0,0,0,0,0,0,0,0,0,0,0,0,0,0,0,0,0,0,0,0,0,0
109,Robert Horry,UTA,199805180UTA,"May 18, 1998",LAL,1,2,2,3,16.67,17.36,-0.69,2,0,0,0,0,0,0,0,0,0,0,0,0,0,0,0,0,0,0,0,0,0,1,1
224,Eddie Jones,UTA,199805180UTA,"May 18, 1998",LAL,19,10,9,15,61.29,68.05,-6.76,8,8,2,3,1,2,0,0,0,0,0,0,0,0,0,0,0,0,0,0,0,0,4,6
916,Corie Blount,LAL,199805180UTA,"May 18, 1998",UTA,7,2,4,4,87.5,93.09,-5.59,2,4,0,0,2,3,0,0,0,0,0,0,0,0,0,0,0,0,0,0,0,0,0,0
935,Bryon Russell,UTA,199805180UTA,"May 18, 1998",LAL,10,6,8,10,47.62,52.52,-4.9,5,4,1,0,2,3,0,0,0,0,0,0,0,0,0,0,0,0,0,0,0,0,2,3
977,Kobe Bryant,LAL,199805180UTA,"May 18, 1998",UTA,9,10,4,12,36.0,38.27,-2.27,9,6,1,0,1,1,0,0,0,0,0,0,0,0,0,0,0,0,0,0,0,0,1,2
204,Jeff Hornacek,UTA,199805180UTA,"May 18, 1998",LAL,11,7,6,10,47.83,57.05,-9.22,4,2,3,3,2,4,0,0,0,0,0,0,0,0,0,0,0,0,0,0,0,0,1,2
458,Howard Eisley,UTA,199805180UTA,"May 18, 1998",LAL,0,4,0,4,0.0,0.0,0.0,2,0,2,0,0,0,0,0,0,0,0,0,0,0,0,0,0,0,0,0,0,0,0,0
731,Greg Ostertag,UTA,199805180UTA,"May 18, 1998",LAL,0,1,0,1,0.0,0.0,0.0,1,0,0,0,0,0,0,0,0,0,0,0,0,0,0,0,0,0,0,0,0,0,0,0
89,Nick Van Exel,LAL,199805180UTA,"May 18, 1998",UTA,9,12,0,12,32.14,37.5,-5.36,8,6,4,3,0,0,0,0,0,0,0,0,0,0,0,0,0,0,0,0,0,0,0,0
922,Elden Campbell,LAL,199805180UTA,"May 18, 1998",UTA,0,1,0,1,0.0,0.0,0.0,1,0,0,0,0,0,0,0,0,0,0,0,0,0,0,0,0,0,0,0,0,0,0,0
356,Chris Morris,UTA,199805180UTA,"May 18, 1998",LAL,5,6,2,7,31.25,36.34,-5.09,4,4,2,0,1,1,0,0,0,0,0,0,0,0,0,0,0,0,0,0,0,0,0,0
1000,Shandon Anderson,UTA,199805180UTA,"May 18, 1998",LAL,8,6,0,6,66.67,66.67,0.0,6,8,0,0,0,0,0,0,0,0,0,0,0,0,0,0,0,0,0,0,0,0,0,0
156,Antoine Carr,UTA,199805180UTA,"May 18, 1998",LAL,2,4,0,4,25.0,25.0,0.0,4,2,0,0,0,0,0,0,0,0,0,0,0,0,0,0,0,0,0,0,0,0,0,0
228,Adam Keefe,UTA,199805180UTA,"May 18, 1998",LAL,2,0,2,1,100.0,113.64,-13.64,0,0,0,0,1,2,0,0,0,0,0,0,0,0,0,0,0,0,0,0,0,0,0,0
349,Mark Jackson,IND,199805190CHI,"May 19, 1998",CHI,8,9,0,9,42.11,44.44,-2.33,8,8,1,0,0,0,0,0,0,0,0,0,0,0,0,0,0,0,0,0,0,0,0,0
905,Dale Davis,IND,199805190CHI,"May 19, 1998",CHI,9,4,5,6,69.23,72.58,-3.35,3,4,0,0,2,3,0,0,1,2,0,0,0,0,0,0,0,0,0,0,0,0,0,0
397,Reggie Miller,IND,199805190CHI,"May 19, 1998",CHI,19,13,11,18,47.5,53.25,-5.75,10,6,3,3,2,4,1,3,0,0,0,0,0,0,0,0,0,0,0,0,0,0,2,3
26,Luc Longley,CHI,199805190CHI,"May 19, 1998",IND,6,7,0,7,42.86,42.86,0.0,7,6,0,0,0,0,0,0,0,0,0,0,0,0,0,0,0,0,0,0,0,0,0,0
893,Michael Jordan,CHI,199805190CHI,"May 19, 1998",IND,41,22,18,31,65.08,68.52,-3.44,21,26,1,0,7,11,0,0,0,0,0,0,0,0,0,0,0,0,0,0,0,0,2,4
904,Chris Mullin,IND,199805190CHI,"May 19, 1998",CHI,18,10,5,14,60.0,73.77,-13.77,5,10,5,3,1,2,0,0,0,0,0,0,3,3,0,0,0,0,0,0,0,0,0,0
22,Rik Smits,CHI,199805190CHI,"May 19, 1998",IND,17,11,4,13,65.38,66.61,-1.23,11,14,0,0,2,3,0,0,0,0,0,0,0,0,0,0,0,0,0,0,0,0,0,0
389,Toni Kukoc,CHI,199805190CHI,"May 19, 1998",IND,16,12,7,15,45.71,53.05,-7.34,7,6,4,3,3,5,0,0,1,2,0,0,0,0,0,0,0,0,0,0,0,0,0,0
937,Scottie Pippen,CHI,199805190CHI,"May 19, 1998",IND,21,18,10,23,40.38,46.88,-6.5,12,8,6,6,1,2,0,0,0,0,0,0,0,0,0,0,0,0,0,0,0,0,4,5
166,Ron Harper,CHI,199805190CHI,"May 19, 1998",IND,7,6,2,7,46.67,50.87,-4.2,5,6,1,0,1,1,0,0,0,0,0,0,0,0,0,0,0,0,0,0,0,0,0,0
213,Antonio Davis,IND,199805190CHI,"May 19, 1998",CHI,14,9,5,11,60.87,62.5,-1.63,8,8,0,0,1,1,0,0,1,3,0,0,0,0,0,0,0,0,0,0,0,0,1,2
23,Dennis Rodman,CHI,199805190CHI,"May 19, 1998",IND,2,5,0,5,18.18,20.0,-1.82,4,2,1,0,0,0,0,0,0,0,0,0,0,0,0,0,0,0,0,0,0,0,0,0
365,Derrick McKey,IND,199805190CHI,"May 19, 1998",CHI,9,7,2,8,50.0,57.11,-7.11,5,4,2,3,0,0,0,0,0,0,0,0,0,0,0,0,0,0,0,0,0,0,1,2
147,Jalen Rose,IND,199805190CHI,"May 19, 1998",CHI,2,2,0,2,50.0,50.0,0.0,2,2,0,0,0,0,0,0,0,0,0,0,0,0,0,0,0,0,0,0,0,0,0,0
82,Bill Wennington,CHI,199805190CHI,"May 19, 1998",IND,6,4,0,4,75.0,75.0,0.0,4,6,0,0,0,0,0,0,0,0,0,0,0,0,0,0,0,0,0,0,0,0,0,0
696,Travis Best,CHI,199805190CHI,"May 19, 1998",IND,2,4,0,4,22.22,25.0,-2.78,3,2,1,0,0,0,0,0,0,0,0,0,0,0,0,0,0,0,0,0,0,0,0,0
197,Scott Burrell,CHI,199805190CHI,"May 19, 1998",IND,2,1,2,2,40.0,53.19,-13.19,0,0,1,0,1,2,0,0,0,0,0,0,0,0,0,0,0,0,0,0,0,0,0,0
753,Randy Brown,CHI,199805190CHI,"May 19, 1998",IND,0,1,0,1,0.0,0.0,0.0,1,0,0,0,0,0,0,0,0,0,0,0,0,0,0,0,0,0,0,0,0,0,0,0
70,Steve Kerr,CHI,199805190CHI,"May 19, 1998",IND,3,3,0,3,37.5,50.0,-12.5,1,0,2,3,0,0,0,0,0,0,0,0,0,0,0,0,0,0,0,0,0,0,0,0
204,Jeff Hornacek,UTA,199805220LAL,"May 22, 1998",LAL,9,7,4,9,47.37,51.37,-4.0,6,2,1,3,2,4,0,0,0,0,0,0,0,0,0,0,0,0,0,0,0,0,0,0
224,Eddie Jones,LAL,199805220LAL,"May 22, 1998",UTA,16,19,2,20,35.56,40.24,-4.68,14,8,5,6,0,0,0,0,0,0,0,0,0,0,0,0,0,0,0,0,0,0,1,2
296,Rick Fox,LAL,199805220LAL,"May 22, 1998",UTA,9,7,2,8,45.0,57.11,-12.11,3,2,4,6,1,1,0,0,0,0,0,0,0,0,0,0,0,0,0,0,0,0,0,0
323,Greg Foster,UTA,199805220LAL,"May 22, 1998",LAL,2,3,0,3,33.33,33.33,0.0,3,2,0,0,0,0,0,0,0,0,0,0,0,0,0,0,0,0,0,0,0,0,0,0
406,Shaquille O'Neal,LAL,199805220LAL,"May 22, 1998",UTA,39,30,13,35,53.42,54.59,-1.17,27,28,0,0,3,3,0,0,3,7,0,0,0,0,0,0,0,0,0,0,0,0,2,1
304,John Stockton,LAL,199805220LAL,"May 22, 1998",UTA,9,5,6,8,50.0,58.9,-8.9,3,2,2,3,0,0,0,0,0,0,0,0,0,0,0,0,0,0,0,0,0,0,3,4
965,Derek Fisher,UTA,199805220LAL,"May 22, 1998",LAL,4,4,0,4,50.0,50.0,0.0,4,4,0,0,0,0,0,0,0,0,0,0,0,0,0,0,0,0,0,0,0,0,0,0
252,Karl Malone,LAL,199805220LAL,"May 22, 1998",UTA,26,22,8,26,50.0,50.94,-0.94,22,18,0,0,2,4,0,0,0,0,0,0,0,0,0,0,0,0,0,0,0,0,2,4
935,Bryon Russell,UTA,199805220LAL,"May 22, 1998",LAL,17,6,4,8,89.47,109.54,-20.07,3,6,3,9,2,2,0,0,0,0,0,0,0,0,0,0,0,0,0,0,0,0,0,0
109,Robert Horry,LAL,199805220LAL,"May 22, 1998",UTA,8,4,6,7,53.33,60.24,-6.91,3,4,1,0,1,2,0,0,0,0,0,0,0,0,0,0,0,0,0,0,0,0,2,2
89,Nick Van Exel,LAL,199805220LAL,"May 22, 1998",UTA,10,13,6,16,25.0,31.97,-6.97,5,2,8,3,2,4,0,0,0,0,0,0,0,0,0,0,0,0,0,0,0,0,1,1
916,Corie Blount,LAL,199805220LAL,"May 22, 1998",UTA,0,2,0,2,0.0,0.0,0.0,2,0,0,0,0,0,0,0,0,0,0,0,0,0,0,0,0,0,0,0,0,0,0,0
458,Howard Eisley,UTA,199805220LAL,"May 22, 1998",LAL,8,7,0,7,53.33,57.14,-3.81,6,8,1,0,0,0,0,0,0,0,0,0,0,0,0,0,0,0,0,0,0,0,0,0
731,Greg Ostertag,UTA,199805220LAL,"May 22, 1998",LAL,6,2,2,3,100.0,104.17,-4.17,2,4,0,0,1,2,0,0,0,0,0,0,0,0,0,0,0,0,0,0,0,0,0,0
922,Elden Campbell,LAL,199805220LAL,"May 22, 1998",UTA,3,2,2,3,50.0,52.08,-2.08,2,2,0,0,1,1,0,0,0,0,0,0,0,0,0,0,0,0,0,0,0,0,0,0
977,Kobe Bryant,LAL,199805220LAL,"May 22, 1998",UTA,9,4,7,7,56.25,63.56,-7.31,2,2,1,0,1,1,0,0,1,3,0,0,0,0,0,0,0,0,0,0,0,0,2,3
156,Antoine Carr,UTA,199805220LAL,"May 22, 1998",LAL,4,4,0,4,50.0,50.0,0.0,4,4,0,0,0,0,0,0,0,0,0,0,0,0,0,0,0,0,0,0,0,0,0,0
356,Chris Morris,UTA,199805220LAL,"May 22, 1998",LAL,15,10,3,11,57.69,66.25,-8.56,6,4,3,6,1,2,0,0,1,3,0,0,0,0,0,0,0,0,0,0,0,0,0,0
1000,Shandon Anderson,UTA,199805220LAL,"May 22, 1998",LAL,13,9,2,9,61.9,65.79,-3.89,6,8,1,0,0,0,0,0,2,5,0,0,0,0,0,0,0,0,0,0,0,0,0,0
349,Mark Jackson,IND,199805230IND,"May 23, 1998",CHI,13,8,0,8,72.22,81.25,-9.03,6,10,2,3,0,0,0,0,0,0,0,0,0,0,0,0,0,0,0,0,0,0,0,0
893,Michael Jordan,CHI,199805230IND,"May 23, 1998",IND,30,22,12,28,50.85,54.99,-4.14,19,14,3,6,5,9,0,0,0,0,0,0,0,0,0,0,0,0,0,0,0,0,1,1
905,Dale Davis,IND,199805230IND,"May 23, 1998",CHI,6,4,2,5,60.0,61.48,-1.48,4,4,0,0,1,2,0,0,0,0,0,0,0,0,0,0,0,0,0,0,0,0,0,0
397,Reggie Miller,IND,199805230IND,"May 23, 1998",CHI,28,15,6,18,65.12,79.37,-14.25,8,10,7,12,1,2,0,0,0,0,0,0,0,0,0,0,0,0,0,0,0,0,2,4
937,Scottie Pippen,CHI,199805230IND,"May 23, 1998",IND,23,17,7,20,50.0,57.27,-7.27,11,12,5,6,2,2,0,0,1,2,0,0,0,0,0,0,0,0,0,0,0,0,1,1
166,Ron Harper,IND,199805230IND,"May 23, 1998",CHI,9,5,2,6,64.29,76.53,-12.24,3,4,2,3,1,2,0,0,0,0,0,0,0,0,0,0,0,0,0,0,0,0,0,0
22,Rik Smits,IND,199805230IND,"May 23, 1998",CHI,12,6,7,9,63.16,66.08,-2.92,5,4,0,0,1,2,0,0,1,3,0,0,0,0,0,0,0,0,0,0,0,0,2,3
26,Luc Longley,CHI,199805230IND,"May 23, 1998",IND,12,7,6,10,60.0,62.24,-2.24,7,6,0,0,1,2,0,0,0,0,0,0,0,0,0,0,0,0,0,0,0,0,2,4
23,Dennis Rodman,CHI,199805230IND,"May 23, 1998",IND,6,7,0,7,42.86,42.86,0.0,7,6,0,0,0,0,0,0,0,0,0,0,0,0,0,0,0,0,0,0,0,0,0,0
213,Antonio Davis,IND,199805230IND,"May 23, 1998",CHI,10,5,6,8,62.5,65.45,-2.95,5,6,0,0,2,2,0,0,0,0,0,0,0,0,0,0,0,0,0,0,0,0,1,2
904,Chris Mullin,IND,199805230IND,"May 23, 1998",CHI,5,4,1,5,50.0,56.31,-6.31,3,2,1,3,0,0,0,0,0,0,0,0,1,0,0,0,0,0,0,0,0,0,0,0
696,Travis Best,IND,199805230IND,"May 23, 1998",CHI,11,6,8,10,52.38,57.77,-5.39,5,4,1,0,3,5,0,0,0,0,0,0,0,0,0,0,0,0,0,0,0,0,1,2
753,Randy Brown,CHI,199805230IND,"May 23, 1998",IND,2,2,0,2,50.0,50.0,0.0,2,2,0,0,0,0,0,0,0,0,0,0,0,0,0,0,0,0,0,0,0,0,0,0
365,Derrick McKey,IND,199805230IND,"May 23, 1998",CHI,5,7,2,8,31.25,31.73,-0.48,7,4,0,0,0,0,0,0,0,0,0,0,0,0,0,0,0,0,0,0,0,0,1,1
389,Toni Kukoc,CHI,199805230IND,"May 23, 1998",IND,14,6,9,10,58.33,70.28,-11.95,3,2,3,6,1,1,1,1,0,0,0,0,0,0,0,0,0,0,0,0,0,0,2,4
998,Mark Pope,IND,199805230IND,"May 23, 1998",CHI,2,1,0,1,100.0,100.0,0.0,1,2,0,0,0,0,0,0,0,0,0,0,0,0,0,0,0,0,0,0,0,0,0,0
197,Scott Burrell,CHI,199805230IND,"May 23, 1998",IND,0,1,0,1,0.0,0.0,0.0,0,0,1,0,0,0,0,0,0,0,0,0,0,0,0,0,0,0,0,0,0,0,0,0
147,Jalen Rose,IND,199805230IND,"May 23, 1998",CHI,15,11,2,12,60.0,63.13,-3.13,10,10,1,3,1,2,0,0,0,0,0,0,0,0,0,0,0,0,0,0,0,0,0,0
70,Steve Kerr,CHI,199805230IND,"May 23, 1998",IND,5,3,3,4,45.45,57.87,-12.42,1,0,2,3,0,0,1,2,0,0,0,0,0,0,0,0,0,0,0,0,0,0,0,0
82,Bill Wennington,CHI,199805230IND,"May 23, 1998",IND,4,4,0,4,50.0,50.0,0.0,4,4,0,0,0,0,0,0,0,0,0,0,0,0,0,0,0,0,0,0,0,0,0,0
323,Greg Foster,LAL,199805240LAL,"May 24, 1998",UTA,4,3,1,3,57.14,58.14,-1.0,2,2,0,0,0,0,0,0,1,2,0,0,0,0,0,0,0,0,0,0,0,0,0,0
406,Shaquille O'Neal,LAL,199805240LAL,"May 24, 1998",UTA,38,24,18,32,57.58,59.52,-1.94,22,24,0,0,3,3,0,0,2,6,0,0,0,0,1,1,0,0,0,0,0,0,4,4
252,Karl Malone,UTA,199805240LAL,"May 24, 1998",LAL,32,20,15,27,58.18,60.15,-1.97,19,16,0,0,5,9,0,0,1,3,0,0,0,0,1,2,0,0,0,0,0,0,1,2
965,Derek Fisher,LAL,199805240LAL,"May 24, 1998",UTA,3,7,0,7,18.75,21.43,-2.68,5,0,2,3,0,0,0,0,0,0,0,0,0,0,0,0,0,0,0,0,0,0,0,0
204,Jeff Hornacek,UTA,199805240LAL,"May 24, 1998",LAL,15,11,5,14,53.57,56.82,-3.25,10,10,1,0,1,2,0,0,0,0,0,0,1,1,0,0,0,0,0,0,0,0,1,2
935,Bryon Russell,UTA,199805240LAL,"May 24, 1998",LAL,8,8,4,10,40.0,40.98,-0.98,8,4,0,0,1,2,0,0,0,0,0,0,0,0,0,0,0,0,0,0,0,0,1,2
296,Rick Fox,LAL,199805240LAL,"May 24, 1998",UTA,8,9,0,9,34.78,44.44,-9.66,4,2,5,6,0,0,0,0,0,0,0,0,0,0,0,0,0,0,0,0,0,0,0,0
224,Eddie Jones,LAL,199805240LAL,"May 24, 1998",UTA,19,16,2,17,48.72,56.28,-7.56,11,14,5,3,1,2,0,0,0,0,0,0,0,0,0,0,0,0,0,0,0,0,0,0
109,Robert Horry,UTA,199805240LAL,"May 24, 1998",LAL,2,1,2,2,50.0,53.19,-3.19,1,0,0,0,1,2,0,0,0,0,0,0,0,0,0,0,0,0,0,0,0,0,0,0
731,Greg Ostertag,UTA,199805240LAL,"May 24, 1998",LAL,11,7,2,8,68.75,69.8,-1.05,7,10,0,0,1,1,0,0,0,0,0,0,0,0,0,0,0,0,0,0,0,0,0,0
304,John Stockton,UTA,199805240LAL,"May 24, 1998",LAL,8,4,6,7,57.14,60.24,-3.1,4,2,0,0,0,0,0,0,0,0,0,0,0,0,0,0,0,0,0,0,0,0,3,6
458,Howard Eisley,UTA,199805240LAL,"May 24, 1998",LAL,9,5,0,5,64.29,90.0,-25.71,1,0,4,9,0,0,0,0,0,0,0,0,0,0,0,0,0,0,0,0,0,0,0,0
89,Nick Van Exel,LAL,199805240LAL,"May 24, 1998",UTA,11,8,4,10,45.83,56.35,-10.52,4,2,4,6,1,2,0,0,0,0,0,0,0,0,0,0,0,0,0,0,0,0,1,1
922,Elden Campbell,LAL,199805240LAL,"May 24, 1998",UTA,5,7,4,9,27.78,28.54,-0.76,7,2,0,0,2,3,0,0,0,0,0,0,0,0,0,0,0,0,0,0,0,0,0,0
977,Kobe Bryant,LAL,199805240LAL,"May 24, 1998",UTA,6,2,3,3,85.71,90.36,-4.65,1,2,0,0,1,1,0,0,1,3,0,0,0,0,0,0,0,0,0,0,0,0,0,0
1000,Shandon Anderson,UTA,199805240LAL,"May 24, 1998",LAL,2,1,0,1,100.0,100.0,0.0,1,2,0,0,0,0,0,0,0,0,0,0,0,0,0,0,0,0,0,0,0,0,0,0
156,Antoine Carr,UTA,199805240LAL,"May 24, 1998",LAL,2,3,0,3,33.33,33.33,0.0,3,2,0,0,0,0,0,0,0,0,0,0,0,0,0,0,0,0,0,0,0,0,0,0
356,Chris Morris,LAL,199805240LAL,"May 24, 1998",UTA,5,3,0,3,71.43,83.33,-11.9,2,2,1,3,0,0,0,0,0,0,0,0,0,0,0,0,0,0,0,0,0,0,0,0
904,Chris Mullin,IND,199805250IND,"May 25, 1998",CHI,3,10,0,10,13.04,15.0,-1.96,7,0,3,3,0,0,0,0,0,0,0,0,0,0,0,0,0,0,0,0,0,0,0,0
166,Ron Harper,CHI,199805250IND,"May 25, 1998",IND,13,6,6,9,68.42,75.23,-6.81,5,8,1,0,3,5,0,0,0,0,0,0,0,0,0,0,0,0,0,0,0,0,0,0
389,Toni Kukoc,CHI,199805250IND,"May 25, 1998",IND,18,10,1,10,75.0,86.21,-11.21,6,10,3,6,0,0,0,0,1,2,0,0,0,0,0,0,0,0,0,0,0,0,0,0
349,Mark Jackson,IND,199805250IND,"May 25, 1998",CHI,8,9,0,9,40.0,44.44,-4.44,7,2,2,6,0,0,0,0,0,0,0,0,0,0,0,0,0,0,0,0,0,0,0,0
893,Michael Jordan,CHI,199805250IND,"May 25, 1998",IND,28,27,4,29,45.9,48.68,-2.78,24,22,3,3,1,2,0,0,0,0,0,0,0,0,0,0,0,0,0,0,0,0,1,1
22,Rik Smits,IND,199805250IND,"May 25, 1998",CHI,26,17,7,20,63.41,64.74,-1.33,16,18,0,0,2,4,0,0,1,3,0,0,0,0,0,0,0,0,0,0,0,0,1,1
937,Scottie Pippen,CHI,199805250IND,"May 25, 1998",IND,12,10,7,13,42.86,45.87,-3.01,8,8,1,0,2,1,0,0,1,3,0,0,0,0,0,0,0,0,0,0,0,0,1,0
26,Luc Longley,CHI,199805250IND,"May 25, 1998",IND,10,8,0,8,62.5,62.5,0.0,8,10,0,0,0,0,0,0,0,0,0,0,0,0,0,0,0,0,0,0,0,0,0,0
905,Dale Davis,IND,199805250IND,"May 25, 1998",CHI,12,8,0,8,75.0,75.0,0.0,8,12,0,0,0,0,0,0,0,0,0,0,0,0,0,0,0,0,0,0,0,0,0,0
397,Reggie Miller,IND,199805250IND,"May 25, 1998",CHI,15,11,2,12,51.72,63.13,-11.41,6,4,5,9,0,0,0,0,0,0,0,0,0,0,0,0,0,0,0,0,0,0,1,2
82,Bill Wennington,CHI,199805250IND,"May 25, 1998",IND,4,1,2,2,100.0,106.38,-6.38,1,2,0,0,1,2,0,0,0,0,0,0,0,0,0,0,0,0,0,0,0,0,0,0
23,Dennis Rodman,CHI,199805250IND,"May 25, 1998",IND,4,5,0,5,40.0,40.0,0.0,5,4,0,0,0,0,0,0,0,0,0,0,0,0,0,0,0,0,0,0,0,0,0,0
147,Jalen Rose,IND,199805250IND,"May 25, 1998",CHI,8,5,0,5,66.67,80.0,-13.33,3,2,2,6,0,0,0,0,0,0,0,0,0,0,0,0,0,0,0,0,0,0,0,0
365,Derrick McKey,IND,199805250IND,"May 25, 1998",CHI,6,6,1,6,40.0,46.58,-6.58,3,0,2,3,0,0,0,0,1,3,0,0,0,0,0,0,0,0,0,0,0,0,0,0
213,Antonio Davis,IND,199805250IND,"May 25, 1998",CHI,8,7,2,8,50.0,50.76,-0.76,7,8,0,0,1,0,0,0,0,0,0,0,0,0,0,0,0,0,0,0,0,0,0,0
197,Scott Burrell,CHI,199805250IND,"May 25, 1998",IND,2,2,0,2,50.0,50.0,0.0,2,2,0,0,0,0,0,0,0,0,0,0,0,0,0,0,0,0,0,0,0,0,0,0
696,Travis Best,IND,199805250IND,"May 25, 1998",CHI,10,8,0,8,50.0,62.5,-12.5,4,4,4,6,0,0,0,0,0,0,0,0,0,0,0,0,0,0,0,0,0,0,0,0
70,Steve Kerr,CHI,199805250IND,"May 25, 1998",IND,3,1,0,1,100.0,150.0,-50.0,0,0,1,3,0,0,0,0,0,0,0,0,0,0,0,0,0,0,0,0,0,0,0,0
22,Rik Smits,CHI,199805270CHI,"May 27, 1998",IND,12,11,6,14,42.86,43.99,-1.13,11,6,0,0,2,4,0,0,0,0,0,0,0,0,0,0,0,0,0,0,0,0,1,2
365,Derrick McKey,IND,199805270CHI,"May 27, 1998",CHI,6,5,2,6,50.0,51.02,-1.02,5,4,0,0,1,2,0,0,0,0,0,0,0,0,0,0,0,0,0,0,0,0,0,0
937,Scottie Pippen,CHI,199805270CHI,"May 27, 1998",IND,20,12,9,16,58.82,62.66,-3.84,10,12,1,0,2,2,0,0,1,3,0,0,0,0,0,0,0,0,0,0,0,0,2,3
905,Dale Davis,IND,199805270CHI,"May 27, 1998",CHI,8,5,4,7,57.14,59.17,-2.03,5,6,0,0,2,2,0,0,0,0,0,0,0,0,0,0,0,0,0,0,0,0,0,0
389,Toni Kukoc,CHI,199805270CHI,"May 27, 1998",IND,19,13,2,14,63.33,68.44,-5.11,11,14,2,3,0,0,0,0,0,0,0,0,0,0,1,2,0,0,0,0,0,0,0,0
893,Michael Jordan,CHI,199805270CHI,"May 27, 1998",IND,29,20,4,22,60.42,66.64,-6.22,15,18,4,6,1,2,0,0,1,2,0,0,1,1,0,0,0,0,0,0,0,0,0,0
349,Mark Jackson,IND,199805270CHI,"May 27, 1998",CHI,5,7,1,7,29.41,33.6,-4.19,4,0,2,3,0,0,0,0,1,2,0,0,0,0,0,0,0,0,0,0,0,0,0,0
26,Luc Longley,IND,199805270CHI,"May 27, 1998",CHI,7,6,1,6,53.85,54.35,-0.5,5,4,0,0,0,0,0,0,1,3,0,0,0,0,0,0,0,0,0,0,0,0,0,0
397,Reggie Miller,IND,199805270CHI,"May 27, 1998",CHI,14,10,3,12,51.85,61.84,-9.99,6,6,4,6,1,2,0,0,0,0,0,0,1,0,0,0,0,0,0,0,0,0,0,0
166,Ron Harper,CHI,199805270CHI,"May 27, 1998",IND,9,6,4,7,56.25,57.99,-1.74,4,2,0,0,0,0,0,0,2,5,0,0,0,0,0,0,0,0,0,0,0,0,1,2
213,Antonio Davis,IND,199805270CHI,"May 27, 1998",CHI,12,7,11,12,48.0,50.68,-2.68,6,2,0,0,4,6,0,0,1,3,0,0,0,0,0,0,0,0,0,0,0,0,1,1
23,Dennis Rodman,CHI,199805270CHI,"May 27, 1998",IND,2,2,0,2,50.0,50.0,0.0,2,2,0,0,0,0,0,0,0,0,0,0,0,0,0,0,0,0,0,0,0,0,0,0
904,Chris Mullin,IND,199805270CHI,"May 27, 1998",CHI,8,6,3,8,47.06,54.64,-7.58,4,2,2,3,0,0,0,0,0,0,0,0,1,1,0,0,0,0,0,0,0,0,1,2
696,Travis Best,IND,199805270CHI,"May 27, 1998",CHI,14,8,12,14,46.67,52.71,-6.04,6,0,2,3,4,7,0,0,0,0,0,0,0,0,0,0,0,0,0,0,0,0,2,4
197,Scott Burrell,CHI,199805270CHI,"May 27, 1998",IND,4,4,2,5,40.0,40.98,-0.98,4,2,0,0,0,0,0,0,0,0,0,0,0,0,1,2,0,0,0,0,0,0,0,0
697,Fred Hoiberg,IND,199805270CHI,"May 27, 1998",CHI,6,7,2,8,35.29,38.07,-2.78,6,4,1,0,1,2,0,0,0,0,0,0,0,0,0,0,0,0,0,0,0,0,0,0
70,Steve Kerr,CHI,199805270CHI,"May 27, 1998",IND,4,3,2,4,44.44,51.55,-7.11,2,2,1,0,1,2,0,0,0,0,0,0,0,0,0,0,0,0,0,0,0,0,0,0
146,Jud Buechler,CHI,199805270CHI,"May 27, 1998",IND,0,4,0,4,0.0,0.0,0.0,3,0,1,0,0,0,0,0,0,0,0,0,0,0,0,0,0,0,0,0,0,0,0,0
82,Bill Wennington,IND,199805270CHI,"May 27, 1998",CHI,8,8,2,9,44.44,45.05,-0.61,8,8,0,0,1,0,0,0,0,0,0,0,0,0,0,0,0,0,0,0,0,0,0,0
54,Dickey Simpkins,CHI,199805270CHI,"May 27, 1998",IND,4,4,2,5,40.0,40.98,-0.98,4,2,0,0,1,2,0,0,0,0,0,0,0,0,0,0,0,0,0,0,0,0,0,0
770,Mark West,IND,199805270CHI,"May 27, 1998",CHI,2,1,1,1,66.67,69.44,-2.77,0,0,0,0,0,0,0,0,1,2,0,0,0,0,0,0,0,0,0,0,0,0,0,0
22,Rik Smits,IND,199805290IND,"May 29, 1998",CHI,25,12,4,14,89.29,90.84,-1.55,12,22,0,0,2,3,0,0,0,0,0,0,0,0,0,0,0,0,0,0,0,0,0,0
937,Scottie Pippen,CHI,199805290IND,"May 29, 1998",IND,19,18,7,21,39.58,45.07,-5.49,12,8,5,3,1,2,0,0,1,3,0,0,0,0,0,0,0,0,0,0,0,0,2,3
905,Dale Davis,IND,199805290IND,"May 29, 1998",CHI,19,9,10,14,67.86,70.9,-3.04,9,14,0,0,3,3,0,0,0,0,0,0,0,0,0,0,0,0,0,0,0,0,2,2
26,Luc Longley,CHI,199805290IND,"May 29, 1998",IND,13,10,3,11,56.52,57.42,-0.9,9,8,0,0,1,2,0,0,1,3,0,0,0,0,0,0,0,0,0,0,0,0,0,0
904,Chris Mullin,IND,199805290IND,"May 29, 1998",CHI,2,3,0,3,25.0,33.33,-8.33,1,2,2,0,0,0,0,0,0,0,0,0,0,0,0,0,0,0,0,0,0,0,0,0
397,Reggie Miller,IND,199805290IND,"May 29, 1998",CHI,8,13,3,15,22.22,27.93,-5.71,6,2,7,3,1,2,0,0,0,0,0,0,1,1,0,0,0,0,0,0,0,0,0,0
389,Toni Kukoc,CHI,199805290IND,"May 29, 1998",IND,10,7,5,9,50.0,54.35,-4.35,6,6,1,0,1,1,1,3,0,0,0,0,0,0,0,0,0,0,0,0,0,0,0,0
166,Ron Harper,CHI,199805290IND,"May 29, 1998",IND,4,8,0,8,23.53,25.0,-1.47,7,4,1,0,0,0,0,0,0,0,0,0,0,0,0,0,0,0,0,0,0,0,0,0
349,Mark Jackson,IND,199805290IND,"May 29, 1998",CHI,13,10,2,11,46.43,59.74,-13.31,4,2,6,9,1,2,0,0,0,0,0,0,0,0,0,0,0,0,0,0,0,0,0,0
893,Michael Jordan,CHI,199805290IND,"May 29, 1998",IND,35,23,11,28,57.38,62.86,-5.48,18,20,4,3,5,9,0,0,1,3,0,0,0,0,0,0,0,0,0,0,0,0,0,0
696,Travis Best,IND,199805290IND,"May 29, 1998",CHI,6,6,2,7,40.0,43.6,-3.6,5,4,1,0,0,0,0,0,0,0,0,0,0,0,0,0,0,0,0,0,0,0,1,2
365,Derrick McKey,IND,199805290IND,"May 29, 1998",CHI,5,3,4,5,50.0,52.52,-2.52,3,2,0,0,0,0,0,0,0,0,0,0,0,0,0,0,0,0,0,0,0,0,2,3
213,Antonio Davis,IND,199805290IND,"May 29, 1998",CHI,6,4,6,7,42.86,45.18,-2.32,4,4,0,0,2,2,0,0,0,0,0,0,0,0,0,0,0,0,0,0,0,0,1,0
23,Dennis Rodman,CHI,199805290IND,"May 29, 1998",IND,6,5,2,6,50.0,51.02,-1.02,5,4,0,0,0,0,0,0,0,0,0,0,0,0,0,0,0,0,0,0,0,0,1,2
82,Bill Wennington,CHI,199805290IND,"May 29, 1998",IND,0,1,0,1,0.0,0.0,0.0,1,0,0,0,0,0,0,0,0,0,0,0,0,0,0,0,0,0,0,0,0,0,0,0
147,Jalen Rose,IND,199805290IND,"May 29, 1998",CHI,8,10,4,12,30.77,34.01,-3.24,8,6,2,0,2,2,0,0,0,0,0,0,0,0,0,0,0,0,0,0,0,0,0,0
70,Steve Kerr,CHI,199805290IND,"May 29, 1998",IND,0,1,0,1,0.0,0.0,0.0,1,0,0,0,0,0,0,0,0,0,0,0,0,0,0,0,0,0,0,0,0,0,0,0
197,Scott Burrell,CHI,199805290IND,"May 29, 1998",IND,2,3,0,3,28.57,33.33,-4.76,2,2,1,0,0,0,0,0,0,0,0,0,0,0,0,0,0,0,0,0,0,0,0,0
937,Scottie Pippen,CHI,199805310CHI,"May 31, 1998",IND,17,18,9,22,34.0,38.71,-4.71,12,10,5,0,3,4,0,0,1,2,0,0,0,0,0,0,0,0,0,0,0,0,1,1
349,Mark Jackson,IND,199805310CHI,"May 31, 1998",CHI,11,8,4,10,45.83,56.35,-10.52,4,2,4,6,1,1,0,0,0,0,0,0,0,0,0,0,0,0,0,0,0,0,1,2
905,Dale Davis,IND,199805310CHI,"May 31, 1998",CHI,9,6,10,11,40.91,43.27,-2.36,6,6,0,0,3,1,0,0,0,0,0,0,0,0,0,0,0,0,0,0,0,0,2,2
389,Toni Kukoc,CHI,199805310CHI,"May 31, 1998",IND,21,11,5,13,67.74,79.55,-11.81,6,6,4,9,1,1,0,0,1,3,0,0,0,0,0,0,0,0,0,0,0,0,1,2
893,Michael Jordan,CHI,199805310CHI,"May 31, 1998",IND,28,25,15,32,43.08,44.3,-1.22,24,16,0,0,5,6,0,0,1,3,0,0,0,0,0,0,0,0,0,0,0,0,2,3
26,Luc Longley,IND,199805310CHI,"May 31, 1998",CHI,3,5,2,6,25.0,25.51,-0.51,5,2,0,0,1,1,0,0,0,0,0,0,0,0,0,0,0,0,0,0,0,0,0,0
22,Rik Smits,IND,199805310CHI,"May 31, 1998",CHI,13,7,8,10,59.09,61.79,-2.7,5,2,0,0,1,2,0,0,2,6,0,0,0,0,0,0,0,0,0,0,0,0,2,3
397,Reggie Miller,IND,199805310CHI,"May 31, 1998",CHI,22,13,4,15,59.46,74.53,-15.07,6,6,7,12,1,2,0,0,0,0,0,0,0,0,0,0,0,0,0,0,0,0,1,2
166,Ron Harper,CHI,199805310CHI,"May 31, 1998",IND,4,4,6,7,28.57,30.12,-1.55,4,2,0,0,1,0,0,0,0,0,0,0,0,0,0,0,0,0,0,0,0,0,2,2
904,Chris Mullin,IND,199805310CHI,"May 31, 1998",CHI,7,5,1,6,58.33,64.34,-6.01,4,6,1,0,0,0,0,0,0,0,0,0,1,1,0,0,0,0,0,0,0,0,0,0
23,Dennis Rodman,CHI,199805310CHI,"May 31, 1998",IND,2,4,2,5,18.18,20.49,-2.31,3,2,1,0,1,0,0,0,0,0,0,0,0,0,0,0,0,0,0,0,0,0,0,0
213,Antonio Davis,IND,199805310CHI,"May 31, 1998",CHI,7,4,4,6,58.33,60.76,-2.43,4,4,0,0,1,2,0,0,0,0,0,0,0,0,0,0,0,0,0,0,0,0,1,1
365,Derrick McKey,IND,199805310CHI,"May 31, 1998",CHI,3,4,2,5,25.0,30.74,-5.74,2,2,2,0,0,0,0,0,0,0,0,0,0,0,0,0,0,0,0,0,0,0,1,1
147,Jalen Rose,IND,199805310CHI,"May 31, 1998",CHI,7,4,3,5,63.64,65.79,-2.15,3,4,0,0,1,1,0,0,1,2,0,0,0,0,0,0,0,0,0,0,0,0,0,0
197,Scott Burrell,CHI,199805310CHI,"May 31, 1998",IND,2,1,0,1,100.0,100.0,0.0,1,2,0,0,0,0,0,0,0,0,0,0,0,0,0,0,0,0,0,0,0,0,0,0
696,Travis Best,IND,199805310CHI,"May 31, 1998",CHI,4,5,1,5,30.77,36.76,-5.99,2,2,2,0,0,0,0,0,1,2,0,0,0,0,0,0,0,0,0,0,0,0,0,0
146,Jud Buechler,CHI,199805310CHI,"May 31, 1998",IND,0,1,0,1,0.0,0.0,0.0,1,0,0,0,0,0,0,0,0,0,0,0,0,0,0,0,0,0,0,0,0,0,0,0
70,Steve Kerr,CHI,199805310CHI,"May 31, 1998",IND,11,7,2,8,52.38,69.8,-17.42,2,0,5,9,0,0,0,0,0,0,0,0,0,0,0,0,0,0,0,0,0,0,1,2
893,Michael Jordan,CHI,199806030UTA,"Jun 3, 1998",UTA,33,29,8,32,48.53,50.74,-2.21,25,20,2,3,3,4,0,0,2,6,0,0,0,0,0,0,0,0,0,0,0,0,0,0
26,Luc Longley,CHI,199806030UTA,"Jun 3, 1998",UTA,10,7,2,8,62.5,63.45,-0.95,7,8,0,0,1,2,0,0,0,0,0,0,0,0,0,0,0,0,0,0,0,0,0,0
389,Toni Kukoc,CHI,199806030UTA,"Jun 3, 1998",UTA,9,12,0,12,31.03,37.5,-6.47,7,6,5,3,0,0,0,0,0,0,0,0,0,0,0,0,0,0,0,0,0,0,0,0
252,Karl Malone,UTA,199806030UTA,"Jun 3, 1998",CHI,21,25,4,27,38.89,39.24,-0.35,25,18,0,0,2,3,0,0,0,0,0,0,0,0,0,0,0,0,0,0,0,0,0,0
323,Greg Foster,UTA,199806030UTA,"Jun 3, 1998",CHI,2,5,0,5,20.0,20.0,0.0,5,2,0,0,0,0,0,0,0,0,0,0,0,0,0,0,0,0,0,0,0,0,0,0
304,John Stockton,UTA,199806030UTA,"Jun 3, 1998",CHI,24,12,7,15,77.42,79.58,-2.16,11,16,0,0,1,2,0,0,1,3,0,0,0,0,0,0,0,0,0,0,0,0,2,3
935,Bryon Russell,UTA,199806030UTA,"Jun 3, 1998",CHI,15,12,4,14,46.88,54.51,-7.63,8,12,4,0,1,2,0,0,0,0,0,0,1,1,0,0,0,0,0,0,0,0,0,0
166,Ron Harper,CHI,199806030UTA,"Jun 3, 1998",UTA,4,4,0,4,44.44,50.0,-5.56,3,4,1,0,0,0,0,0,0,0,0,0,0,0,0,0,0,0,0,0,0,0,0,0
204,Jeff Hornacek,UTA,199806030UTA,"Jun 3, 1998",CHI,4,10,0,10,19.05,20.0,-0.95,9,4,1,0,0,0,0,0,0,0,0,0,0,0,0,0,0,0,0,0,0,0,0,0
937,Scottie Pippen,CHI,199806030UTA,"Jun 3, 1998",UTA,21,19,6,22,41.18,48.52,-7.34,12,12,7,3,2,4,0,0,0,0,0,0,0,0,0,0,0,0,0,0,0,0,1,2
458,Howard Eisley,UTA,199806030UTA,"Jun 3, 1998",CHI,8,6,0,6,61.54,66.67,-5.13,5,8,1,0,0,0,0,0,0,0,0,0,0,0,0,0,0,0,0,0,0,0,0,0
356,Chris Morris,UTA,199806030UTA,"Jun 3, 1998",CHI,6,6,0,6,42.86,50.0,-7.14,4,6,2,0,0,0,0,0,0,0,0,0,0,0,0,0,0,0,0,0,0,0,0,0
197,Scott Burrell,CHI,199806030UTA,"Jun 3, 1998",UTA,4,5,0,5,36.36,40.0,-3.64,4,4,1,0,0,0,0,0,0,0,0,0,0,0,0,0,0,0,0,0,0,0,0,0
156,Antoine Carr,UTA,199806030UTA,"Jun 3, 1998",CHI,0,3,0,3,0.0,0.0,0.0,3,0,0,0,0,0,0,0,0,0,0,0,0,0,0,0,0,0,0,0,0,0,0,0
146,Jud Buechler,UTA,199806030UTA,"Jun 3, 1998",CHI,0,1,0,1,0.0,0.0,0.0,1,0,0,0,0,0,0,0,0,0,0,0,0,0,0,0,0,0,0,0,0,0,0,0
1000,Shandon Anderson,UTA,199806030UTA,"Jun 3, 1998",CHI,6,5,0,5,60.0,60.0,0.0,5,6,0,0,0,0,0,0,0,0,0,0,0,0,0,0,0,0,0,0,0,0,0,0
70,Steve Kerr,CHI,199806030UTA,"Jun 3, 1998",UTA,4,3,0,3,66.67,66.67,0.0,3,4,0,0,0,0,0,0,0,0,0,0,0,0,0,0,0,0,0,0,0,0,0,0
23,Dennis Rodman,CHI,199806030UTA,"Jun 3, 1998",UTA,0,2,0,2,0.0,0.0,0.0,2,0,0,0,0,0,0,0,0,0,0,0,0,0,0,0,0,0,0,0,0,0,0,0
731,Greg Ostertag,UTA,199806030UTA,"Jun 3, 1998",CHI,2,1,0,1,100.0,100.0,0.0,1,2,0,0,0,0,0,0,0,0,0,0,0,0,0,0,0,0,0,0,0,0,0,0
252,Karl Malone,UTA,199806050UTA,"Jun 5, 1998",CHI,16,16,9,20,39.02,40.08,-1.06,15,8,0,0,4,5,0,0,1,3,0,0,0,0,0,0,0,0,0,0,0,0,0,0
166,Ron Harper,CHI,199806050UTA,"Jun 5, 1998",UTA,3,4,2,5,27.27,30.74,-3.47,3,2,1,0,1,1,0,0,0,0,0,0,0,0,0,0,0,0,0,0,0,0,0,0
937,Scottie Pippen,CHI,199806050UTA,"Jun 5, 1998",UTA,21,13,7,16,61.76,65.3,-3.54,11,12,1,0,1,2,0,0,1,3,0,0,0,0,0,0,0,0,0,0,0,0,2,4
304,John Stockton,UTA,199806050UTA,"Jun 5, 1998",CHI,9,5,0,5,75.0,90.0,-15.0,3,6,2,3,0,0,0,0,0,0,0,0,0,0,0,0,0,0,0,0,0,0,0,0
893,Michael Jordan,CHI,199806050UTA,"Jun 5, 1998",UTA,37,33,10,37,47.44,49.47,-2.03,29,24,2,0,1,2,0,0,2,6,0,0,0,0,0,0,0,0,0,0,0,0,3,5
204,Jeff Hornacek,UTA,199806050UTA,"Jun 5, 1998",CHI,20,11,4,13,68.97,78.37,-9.4,7,8,3,6,1,2,0,0,1,3,0,0,0,0,0,0,0,0,0,0,0,0,1,1
26,Luc Longley,CHI,199806050UTA,"Jun 5, 1998",UTA,4,2,0,2,100.0,100.0,0.0,2,4,0,0,0,0,0,0,0,0,0,0,0,0,0,0,0,0,0,0,0,0,0,0
389,Toni Kukoc,CHI,199806050UTA,"Jun 5, 1998",UTA,13,16,2,17,32.5,38.51,-6.01,10,10,6,3,0,0,0,0,0,0,0,0,0,0,0,0,0,0,0,0,0,0,1,0
323,Greg Foster,UTA,199806050UTA,"Jun 5, 1998",CHI,0,1,0,1,0.0,0.0,0.0,1,0,0,0,0,0,0,0,0,0,0,0,0,0,0,0,0,0,0,0,0,0,0,0
935,Bryon Russell,UTA,199806050UTA,"Jun 5, 1998",CHI,11,7,0,7,57.89,78.57,-20.68,2,2,5,9,0,0,0,0,0,0,0,0,0,0,0,0,0,0,0,0,0,0,0,0
23,Dennis Rodman,CHI,199806050UTA,"Jun 5, 1998",UTA,3,1,2,2,75.0,79.79,-4.79,1,2,0,0,0,0,0,0,0,0,0,0,0,0,0,0,0,0,0,0,0,0,1,1
458,Howard Eisley,UTA,199806050UTA,"Jun 5, 1998",CHI,9,10,0,10,40.91,45.0,-4.09,8,6,2,3,0,0,0,0,0,0,0,0,0,0,0,0,0,0,0,0,0,0,0,0
356,Chris Morris,UTA,199806050UTA,"Jun 5, 1998",CHI,2,2,0,2,50.0,50.0,0.0,2,2,0,0,0,0,0,0,0,0,0,0,0,0,0,0,0,0,0,0,0,0,0,0
70,Steve Kerr,CHI,199806050UTA,"Jun 5, 1998",UTA,7,5,4,7,38.89,51.78,-12.89,1,0,4,3,0,0,0,0,0,0,0,0,0,0,0,0,0,0,0,0,0,0,2,4
1000,Shandon Anderson,UTA,199806050UTA,"Jun 5, 1998",CHI,12,7,5,9,60.0,65.22,-5.22,5,6,1,0,2,4,0,0,1,2,0,0,0,0,0,0,0,0,0,0,0,0,0,0
197,Scott Burrell,CHI,199806050UTA,"Jun 5, 1998",UTA,5,5,0,5,41.67,50.0,-8.33,3,2,2,3,0,0,0,0,0,0,0,0,0,0,0,0,0,0,0,0,0,0,0,0
156,Antoine Carr,UTA,199806050UTA,"Jun 5, 1998",CHI,2,2,0,2,50.0,50.0,0.0,2,2,0,0,0,0,0,0,0,0,0,0,0,0,0,0,0,0,0,0,0,0,0,0
731,Greg Ostertag,UTA,199806050UTA,"Jun 5, 1998",CHI,7,4,1,4,77.78,78.83,-1.05,3,4,0,0,0,0,0,0,1,3,0,0,0,0,0,0,0,0,0,0,0,0,0,0
228,Adam Keefe,UTA,199806050UTA,"Jun 5, 1998",CHI,0,2,0,2,0.0,0.0,0.0,2,0,0,0,0,0,0,0,0,0,0,0,0,0,0,0,0,0,0,0,0,0,0,0
82,Bill Wennington,CHI,199806050UTA,"Jun 5, 1998",UTA,0,1,0,1,0.0,0.0,0.0,1,0,0,0,0,0,0,0,0,0,0,0,0,0,0,0,0,0,0,0,0,0,0,0
389,Toni Kukoc,CHI,199806070CHI,"Jun 7, 1998",UTA,16,12,2,13,57.14,62.11,-4.97,10,14,2,0,0,0,0,0,0,0,0,0,0,0,0,0,0,0,0,0,0,0,1,2
935,Bryon Russell,UTA,199806070CHI,"Jun 7, 1998",CHI,5,7,4,9,25.0,28.54,-3.54,5,2,2,0,1,1,0,0,0,0,0,0,0,0,0,0,0,0,0,0,0,0,1,2
252,Karl Malone,UTA,199806070CHI,"Jun 7, 1998",CHI,22,11,6,14,78.57,80.65,-2.08,11,16,0,0,2,4,0,0,0,0,0,0,0,0,0,0,0,0,0,0,0,0,1,2
893,Michael Jordan,CHI,199806070CHI,"Jun 7, 1998",UTA,24,14,11,19,61.54,63.69,-2.15,13,12,0,0,5,9,0,0,1,3,0,0,0,0,0,0,0,0,0,0,0,0,0,0
26,Luc Longley,CHI,199806070CHI,"Jun 7, 1998",UTA,8,8,4,10,40.0,40.98,-0.98,8,6,0,0,2,2,0,0,0,0,0,0,0,0,0,0,0,0,0,0,0,0,0,0
731,Greg Ostertag,UTA,199806070CHI,"Jun 7, 1998",CHI,2,7,0,7,14.29,14.29,0.0,7,2,0,0,0,0,0,0,0,0,0,0,0,0,0,0,0,0,0,0,0,0,0,0
937,Scottie Pippen,UTA,199806070CHI,"Jun 7, 1998",CHI,10,10,1,10,45.45,47.89,-2.44,8,8,1,0,0,0,0,0,1,2,0,0,0,0,0,0,0,0,0,0,0,0,0,0
304,John Stockton,UTA,199806070CHI,"Jun 7, 1998",CHI,2,4,0,4,25.0,25.0,0.0,4,2,0,0,0,0,0,0,0,0,0,0,0,0,0,0,0,0,0,0,0,0,0,0
166,Ron Harper,CHI,199806070CHI,"Jun 7, 1998",UTA,8,8,4,10,38.1,40.98,-2.88,7,6,1,0,2,2,0,0,0,0,0,0,0,0,0,0,0,0,0,0,0,0,0,0
204,Jeff Hornacek,UTA,199806070CHI,"Jun 7, 1998",CHI,6,8,0,8,35.29,37.5,-2.21,7,6,1,0,0,0,0,0,0,0,0,0,0,0,0,0,0,0,0,0,0,0,0,0
23,Dennis Rodman,CHI,199806070CHI,"Jun 7, 1998",UTA,2,3,0,3,33.33,33.33,0.0,3,2,0,0,0,0,0,0,0,0,0,0,0,0,0,0,0,0,0,0,0,0,0,0
458,Howard Eisley,UTA,199806070CHI,"Jun 7, 1998",CHI,0,6,0,6,0.0,0.0,0.0,4,0,2,0,0,0,0,0,0,0,0,0,0,0,0,0,0,0,0,0,0,0,0,0
323,Greg Foster,UTA,199806070CHI,"Jun 7, 1998",CHI,0,2,0,2,0.0,0.0,0.0,2,0,0,0,0,0,0,0,0,0,0,0,0,0,0,0,0,0,0,0,0,0,0,0
197,Scott Burrell,CHI,199806070CHI,"Jun 7, 1998",UTA,10,5,2,6,83.33,85.03,-1.7,5,8,0,0,0,0,0,0,0,0,0,0,0,0,0,0,0,0,0,0,0,0,1,2
356,Chris Morris,UTA,199806070CHI,"Jun 7, 1998",CHI,5,9,2,10,21.74,25.3,-3.56,6,4,3,0,1,1,0,0,0,0,0,0,0,0,0,0,0,0,0,0,0,0,0,0
156,Antoine Carr,UTA,199806070CHI,"Jun 7, 1998",CHI,0,2,0,2,0.0,0.0,0.0,2,0,0,0,0,0,0,0,0,0,0,0,0,0,0,0,0,0,0,0,0,0,0,0
1000,Shandon Anderson,UTA,199806070CHI,"Jun 7, 1998",CHI,8,6,2,7,53.33,58.14,-4.81,5,4,1,3,1,1,0,0,0,0,0,0,0,0,0,0,0,0,0,0,0,0,0,0
70,Steve Kerr,CHI,199806070CHI,"Jun 7, 1998",UTA,6,5,0,5,42.86,60.0,-17.14,1,0,4,6,0,0,0,0,0,0,0,0,0,0,0,0,0,0,0,0,0,0,0,0
228,Adam Keefe,UTA,199806070CHI,"Jun 7, 1998",CHI,4,2,0,2,100.0,100.0,0.0,2,4,0,0,0,0,0,0,0,0,0,0,0,0,0,0,0,0,0,0,0,0,0,0
146,Jud Buechler,CHI,199806070CHI,"Jun 7, 1998",UTA,6,3,0,3,66.67,100.0,-33.33,0,0,3,6,0,0,0,0,0,0,0,0,0,0,0,0,0,0,0,0,0,0,0,0
1521,Jacque Vaughn,UTA,199806070CHI,"Jun 7, 1998",CHI,0,6,0,6,0.0,0.0,0.0,6,0,0,0,0,0,0,0,0,0,0,0,0,0,0,0,0,0,0,0,0,0,0,0
753,Randy Brown,CHI,199806070CHI,"Jun 7, 1998",UTA,2,3,0,3,33.33,33.33,0.0,3,2,0,0,0,0,0,0,0,0,0,0,0,0,0,0,0,0,0,0,0,0,0,0
54,Dickey Simpkins,CHI,199806070CHI,"Jun 7, 1998",UTA,2,2,2,3,33.33,34.72,-1.39,2,2,0,0,1,0,0,0,0,0,0,0,0,0,0,0,0,0,0,0,0,0,0,0
82,Bill Wennington,CHI,199806070CHI,"Jun 7, 1998",UTA,2,3,0,3,33.33,33.33,0.0,3,2,0,0,0,0,0,0,0,0,0,0,0,0,0,0,0,0,0,0,0,0,0,0
252,Karl Malone,UTA,199806100CHI,"Jun 10, 1998",CHI,21,21,2,22,47.73,47.99,-0.26,21,20,0,0,1,1,0,0,0,0,0,0,0,0,0,0,0,0,0,0,0,0,0,0
166,Ron Harper,CHI,199806100CHI,"Jun 10, 1998",UTA,6,7,4,9,31.58,34.25,-2.67,6,4,1,0,0,0,0,0,0,0,0,0,0,0,0,0,0,0,0,0,0,0,2,2
937,Scottie Pippen,CHI,199806100CHI,"Jun 10, 1998",UTA,28,18,8,22,51.85,65.06,-13.21,8,8,10,15,3,4,0,0,0,0,0,0,0,0,0,0,0,0,0,0,0,0,1,1
389,Toni Kukoc,CHI,199806100CHI,"Jun 10, 1998",UTA,8,9,2,10,36.36,40.49,-4.13,7,6,2,0,0,0,0,0,0,0,0,0,0,0,0,0,0,0,0,0,0,0,1,2
304,John Stockton,UTA,199806100CHI,"Jun 10, 1998",CHI,7,11,2,12,25.93,29.46,-3.53,8,6,3,0,0,0,0,0,0,0,0,0,0,0,0,0,0,0,0,0,0,0,1,1
26,Luc Longley,CHI,199806100CHI,"Jun 10, 1998",UTA,2,1,2,2,50.0,53.19,-3.19,1,0,0,0,1,2,0,0,0,0,0,0,0,0,0,0,0,0,0,0,0,0,0,0
228,Adam Keefe,CHI,199806100CHI,"Jun 10, 1998",UTA,6,4,4,6,50.0,52.08,-2.08,4,4,0,0,1,1,0,0,0,0,0,0,0,0,0,0,0,0,0,0,0,0,1,1
893,Michael Jordan,CHI,199806100CHI,"Jun 10, 1998",UTA,34,27,15,35,49.28,50.6,-1.32,27,24,0,0,4,4,0,0,0,0,0,0,1,1,0,0,0,0,0,0,0,0,3,5
204,Jeff Hornacek,UTA,199806100CHI,"Jun 10, 1998",CHI,8,8,2,9,44.44,45.05,-0.61,8,6,0,0,0,0,0,0,0,0,0,0,0,0,0,0,0,0,0,0,0,0,1,2
323,Greg Foster,UTA,199806100CHI,"Jun 10, 1998",CHI,4,5,0,5,36.36,40.0,-3.64,4,4,1,0,0,0,0,0,0,0,0,0,0,0,0,0,0,0,0,0,0,0,0,0
458,Howard Eisley,UTA,199806100CHI,"Jun 10, 1998",CHI,8,8,2,9,40.0,45.05,-5.05,6,6,2,0,1,2,0,0,0,0,0,0,0,0,0,0,0,0,0,0,0,0,0,0
23,Dennis Rodman,CHI,199806100CHI,"Jun 10, 1998",UTA,6,3,8,7,42.86,46.01,-3.15,3,0,0,0,1,1,0,0,0,0,0,0,0,0,0,0,0,0,0,0,0,0,3,5
935,Bryon Russell,UTA,199806100CHI,"Jun 10, 1998",CHI,10,7,4,9,43.48,57.08,-13.6,2,2,5,6,2,2,0,0,0,0,0,0,0,0,0,0,0,0,0,0,0,0,0,0
356,Chris Morris,UTA,199806100CHI,"Jun 10, 1998",CHI,9,7,2,8,47.37,57.11,-9.74,4,8,3,0,1,1,0,0,0,0,0,0,0,0,0,0,0,0,0,0,0,0,0,0
197,Scott Burrell,CHI,199806100CHI,"Jun 10, 1998",UTA,2,5,1,5,18.18,18.38,-0.2,4,0,0,0,0,0,0,0,1,2,0,0,0,0,0,0,0,0,0,0,0,0,0,0
70,Steve Kerr,CHI,199806100CHI,"Jun 10, 1998",UTA,0,3,0,3,0.0,0.0,0.0,1,0,2,0,0,0,0,0,0,0,0,0,0,0,0,0,0,0,0,0,0,0,0,0
156,Antoine Carr,UTA,199806100CHI,"Jun 10, 1998",CHI,2,2,0,2,50.0,50.0,0.0,2,2,0,0,0,0,0,0,0,0,0,0,0,0,0,0,0,0,0,0,0,0,0,0
1000,Shandon Anderson,UTA,199806100CHI,"Jun 10, 1998",CHI,7,5,3,6,50.0,55.38,-5.38,3,2,1,0,1,2,0,0,1,3,0,0,0,0,0,0,0,0,0,0,0,0,0,0
166,Ron Harper,CHI,199806120CHI,"Jun 12, 1998",UTA,3,6,0,6,23.08,25.0,-1.92,5,0,1,3,0,0,0,0,0,0,0,0,0,0,0,0,0,0,0,0,0,0,0,0
204,Jeff Hornacek,UTA,199806120CHI,"Jun 12, 1998",CHI,9,7,8,11,39.13,42.78,-3.65,6,4,1,0,1,2,0,0,0,0,0,0,0,0,0,0,0,0,0,0,0,0,3,3
252,Karl Malone,UTA,199806120CHI,"Jun 12, 1998",CHI,39,27,6,29,63.93,65.79,-1.86,24,30,1,0,0,0,0,0,2,6,0,0,0,0,0,0,0,0,0,0,0,0,2,3
893,Michael Jordan,CHI,199806120CHI,"Jun 12, 1998",UTA,28,26,11,31,43.08,45.4,-2.32,22,14,2,0,2,4,0,0,2,6,0,0,1,1,0,0,0,0,0,0,0,0,2,3
304,John Stockton,UTA,199806120CHI,"Jun 12, 1998",CHI,6,7,0,7,42.86,42.86,0.0,7,6,0,0,0,0,0,0,0,0,0,0,0,0,0,0,0,0,0,0,0,0,0,0
228,Adam Keefe,UTA,199806120CHI,"Jun 12, 1998",CHI,2,3,0,3,33.33,33.33,0.0,3,2,0,0,0,0,0,0,0,0,0,0,0,0,0,0,0,0,0,0,0,0,0,0
389,Toni Kukoc,CHI,199806120CHI,"Jun 12, 1998",UTA,30,13,7,15,76.92,93.28,-16.36,5,10,6,12,1,0,1,2,2,6,0,0,0,0,0,0,0,0,0,0,0,0,0,0
935,Bryon Russell,UTA,199806120CHI,"Jun 12, 1998",CHI,5,6,0,6,33.33,41.67,-8.34,3,2,3,3,0,0,0,0,0,0,0,0,0,0,0,0,0,0,0,0,0,0,0,0
26,Luc Longley,CHI,199806120CHI,"Jun 12, 1998",UTA,6,8,0,8,37.5,37.5,0.0,8,6,0,0,0,0,0,0,0,0,0,0,0,0,0,0,0,0,0,0,0,0,0,0
323,Greg Foster,UTA,199806120CHI,"Jun 12, 1998",CHI,2,2,0,2,50.0,50.0,0.0,2,2,0,0,0,0,0,0,0,0,0,0,0,0,0,0,0,0,0,0,0,0,0,0
937,Scottie Pippen,CHI,199806120CHI,"Jun 12, 1998",UTA,6,16,2,17,14.63,17.77,-3.14,9,4,7,0,1,2,0,0,0,0,0,0,0,0,0,0,0,0,0,0,0,0,0,0
458,Howard Eisley,UTA,199806120CHI,"Jun 12, 1998",CHI,0,1,0,1,0.0,0.0,0.0,1,0,0,0,0,0,0,0,0,0,0,0,0,0,0,0,0,0,0,0,0,0,0,0
23,Dennis Rodman,CHI,199806120CHI,"Jun 12, 1998",UTA,2,1,0,1,100.0,100.0,0.0,1,2,0,0,0,0,0,0,0,0,0,0,0,0,0,0,0,0,0,0,0,0,0,0
356,Chris Morris,UTA,199806120CHI,"Jun 12, 1998",CHI,2,1,2,2,50.0,53.19,-3.19,1,0,0,0,1,2,0,0,0,0,0,0,0,0,0,0,0,0,0,0,0,0,0,0
70,Steve Kerr,CHI,199806120CHI,"Jun 12, 1998",UTA,6,4,0,4,54.55,75.0,-20.45,1,0,3,6,0,0,0,0,0,0,0,0,0,0,0,0,0,0,0,0,0,0,0,0
1000,Shandon Anderson,UTA,199806120CHI,"Jun 12, 1998",CHI,6,7,0,7,42.86,42.86,0.0,7,6,0,0,0,0,0,0,0,0,0,0,0,0,0,0,0,0,0,0,0,0,0,0
197,Scott Burrell,CHI,199806120CHI,"Jun 12, 1998",UTA,0,1,0,1,0.0,0.0,0.0,0,0,1,0,0,0,0,0,0,0,0,0,0,0,0,0,0,0,0,0,0,0,0,0
156,Antoine Carr,UTA,199806120CHI,"Jun 12, 1998",CHI,12,6,2,7,85.71,87.21,-1.5,6,10,0,0,0,0,0,0,0,0,0,0,0,0,0,0,0,0,0,0,0,0,1,2
937,Scottie Pippen,CHI,199806140UTA,"Jun 14, 1998",UTA,8,7,0,7,57.14,57.14,0.0,7,8,0,0,0,0,0,0,0,0,0,0,0,0,0,0,0,0,0,0,0,0,0,0
252,Karl Malone,UTA,199806140UTA,"Jun 14, 1998",CHI,31,19,11,24,63.27,65.02,-1.75,18,20,0,0,3,6,0,0,1,3,0,0,0,0,0,0,0,0,0,0,0,0,2,2
893,Michael Jordan,CHI,199806140UTA,"Jun 14, 1998",UTA,45,35,15,43,48.91,54.09,-5.18,28,24,7,9,5,7,0,0,0,0,0,0,1,1,0,0,0,0,0,0,0,0,2,4
935,Bryon Russell,UTA,199806140UTA,"Jun 14, 1998",CHI,7,5,4,7,43.75,51.78,-8.03,3,4,2,0,1,2,0,0,0,0,0,0,0,0,0,0,0,0,0,0,0,0,1,1
389,Toni Kukoc,CHI,199806140UTA,"Jun 14, 1998",UTA,15,14,0,14,50.0,53.57,-3.57,12,12,2,3,0,0,0,0,0,0,0,0,0,0,0,0,0,0,0,0,0,0,0,0
204,Jeff Hornacek,UTA,199806140UTA,"Jun 14, 1998",CHI,17,12,4,15,54.84,61.77,-6.93,9,10,3,3,1,2,0,0,0,0,0,0,2,2,0,0,0,0,0,0,0,0,0,0
26,Luc Longley,UTA,199806140UTA,"Jun 14, 1998",CHI,0,1,0,1,0.0,0.0,0.0,1,0,0,0,0,0,0,0,0,0,0,0,0,0,0,0,0,0,0,0,0,0,0,0
304,John Stockton,CHI,199806140UTA,"Jun 14, 1998",UTA,10,10,2,11,38.46,45.96,-7.5,6,6,4,3,0,0,0,0,0,0,0,0,0,0,0,0,0,0,0,0,0,0,1,1
166,Ron Harper,CHI,199806140UTA,"Jun 14, 1998",UTA,8,4,2,5,72.73,81.97,-9.24,3,6,1,0,1,2,0,0,0,0,0,0,0,0,0,0,0,0,0,0,0,0,0,0
23,Dennis Rodman,CHI,199806140UTA,"Jun 14, 1998",UTA,7,3,2,4,87.5,90.21,-2.71,3,6,0,0,0,0,0,0,0,0,0,0,0,0,0,0,0,0,0,0,0,0,1,1
228,Adam Keefe,CHI,199806140UTA,"Jun 14, 1998",UTA,2,3,0,3,33.33,33.33,0.0,3,2,0,0,0,0,0,0,0,0,0,0,0,0,0,0,0,0,0,0,0,0,0,0
156,Antoine Carr,UTA,199806140UTA,"Jun 14, 1998",CHI,9,7,2,8,56.25,57.11,-0.86,7,8,0,0,1,1,0,0,0,0,0,0,0,0,0,0,0,0,0,0,0,0,0,0
458,Howard Eisley,UTA,199806140UTA,"Jun 14, 1998",CHI,3,1,1,2,100.0,104.17,-4.17,1,2,0,0,0,0,0,0,0,0,0,0,1,1,0,0,0,0,0,0,0,0,0,0
197,Scott Burrell,CHI,199806140UTA,"Jun 14, 1998",UTA,0,1,0,1,0.0,0.0,0.0,1,0,0,0,0,0,0,0,0,0,0,0,0,0,0,0,0,0,0,0,0,0,0,0
82,Bill Wennington,CHI,199806140UTA,"Jun 14, 1998",UTA,2,1,0,1,100.0,100.0,0.0,1,2,0,0,0,0,0,0,0,0,0,0,0,0,0,0,0,0,0,0,0,0,0,0
356,Chris Morris,UTA,199806140UTA,"Jun 14, 1998",CHI,2,3,0,3,28.57,33.33,-4.76,2,2,1,0,0,0,0,0,0,0,0,0,0,0,0,0,0,0,0,0,0,0,0,0
1000,Shandon Anderson,UTA,199806140UTA,"Jun 14, 1998",CHI,5,4,1,4,55.56,56.31,-0.75,3,2,0,0,0,0,0,0,1,3,0,0,0,0,0,0,0,0,0,0,0,0,0,0
146,Jud Buechler,UTA,199806140UTA,"Jun 14, 1998",CHI,2,1,0,1,100.0,100.0,0.0,1,2,0,0,0,0,0,0,0,0,0,0,0,0,0,0,0,0,0,0,0,0,0,0
