player_id,player_name,team_abbr,game_id,game_date,opponent,pts,fga,fta,scoring_poss,pure_ts_pct,standard_ts_pct,delta_pp,C1a_events,C1a_pts,C1b_events,C1b_pts,C2_events,C2_pts,C3_events,C3_pts,C4_events,C4_pts,C5_events,C5_pts,C6a_events,C6a_pts,C6b_events,C6b_pts,C6c_events,C6c_pts,C6d_events,C6d_pts,C6e_events,C6e_pts,C6f_events,C6f_pts
255,Grant Hill,DET,199905080ATL,"May 8, 1999",ATL,26,18,7,21,60.47,61.67,-1.2,17,18,0,0,3,6,0,0,1,2,0,0,0,0,0,0,0,0,0,0,0,0,0,0
302,Mookie Blaylock,ATL,199905080ATL,"May 8, 1999",DET,18,17,2,18,42.86,50.34,-7.48,11,8,6,9,0,0,0,0,0,0,0,0,0,0,0,0,0,0,0,0,0,0,1,1
1715,Jason Williams,ATL,199905080ATL,"May 8, 1999",DET,7,6,1,6,53.85,54.35,-0.5,5,4,0,0,0,0,0,0,1,3,0,0,0,0,0,0,0,0,0,0,0,0,0,0
87,Dikembe Mutombo,ATL,199905080ATL,"May 8, 1999",DET,17,12,5,13,58.62,59.86,-1.24,9,8,0,0,0,0,0,0,3,8,0,0,0,0,0,0,0,0,0,0,0,0,1,1
283,Lindsey Hunter,DET,199905080ATL,"May 8, 1999",ATL,7,9,2,10,31.82,35.43,-3.61,7,2,2,3,1,2,0,0,0,0,0,0,0,0,0,0,0,0,0,0,0,0,0,0
247,Joe Dumars,DET,199905080ATL,"May 8, 1999",ATL,3,5,1,5,25.0,27.57,-2.57,3,0,1,0,0,0,0,0,1,3,0,0,0,0,0,0,0,0,0,0,0,0,0,0
1544,Chris Crawford,ATL,199905080ATL,"May 8, 1999",DET,9,9,0,9,42.86,50.0,-7.14,6,6,3,3,0,0,0,0,0,0,0,0,0,0,0,0,0,0,0,0,0,0,0,0
363,Christian Laettner,DET,199905080ATL,"May 8, 1999",ATL,9,11,2,12,37.5,37.88,-0.38,11,8,0,0,1,1,0,0,0,0,0,0,0,0,0,0,0,0,0,0,0,0,0,0
120,Steven Smith,ATL,199905080ATL,"May 8, 1999",DET,19,15,4,17,52.78,56.68,-3.9,12,10,2,3,1,2,0,0,1,3,0,0,1,1,0,0,0,0,0,0,0,0,0,0
3,Grant Long,ATL,199905080ATL,"May 8, 1999",DET,14,8,4,10,70.0,71.72,-1.72,8,10,0,0,2,4,0,0,0,0,0,0,0,0,0,0,0,0,0,0,0,0,0,0
183,Bison Dele,DET,199905080ATL,"May 8, 1999",ATL,7,10,2,11,31.82,32.17,-0.35,10,6,0,0,1,1,0,0,0,0,0,0,0,0,0,0,0,0,0,0,0,0,0,0
376,Eric Montross,DET,199905080ATL,"May 8, 1999",ATL,2,2,0,2,50.0,50.0,0.0,2,2,0,0,0,0,0,0,0,0,0,0,0,0,0,0,0,0,0,0,0,0,0,0
711,Jerry Stackhouse,DET,199905080ATL,"May 8, 1999",ATL,7,9,1,9,33.33,37.08,-3.75,6,4,2,0,0,0,0,0,1,3,0,0,0,0,0,0,0,0,0,0,0,0,0,0
895,Tyrone Corbin,ATL,199905080ATL,"May 8, 1999",DET,13,10,0,10,59.09,65.0,-5.91,8,10,2,3,0,0,0,0,0,0,0,0,0,0,0,0,0,0,0,0,0,0,0,0
770,Mark West,ATL,199905080ATL,"May 8, 1999",DET,0,2,0,2,0.0,0.0,0.0,2,0,0,0,0,0,0,0,0,0,0,0,0,0,0,0,0,0,0,0,0,0,0,0
1533,Anthony Johnson,ATL,199905080ATL,"May 8, 1999",DET,0,1,0,1,0.0,0.0,0.0,1,0,0,0,0,0,0,0,0,0,0,0,0,0,0,0,0,0,0,0,0,0,0,0
146,Jud Buechler,DET,199905080ATL,"May 8, 1999",ATL,2,4,0,4,22.22,25.0,-2.78,3,2,1,0,0,0,0,0,0,0,0,0,0,0,0,0,0,0,0,0,0,0,0,0
obannch01,C. O'Bannon,DET,199905080ATL,"May 8, 1999",ATL,0,1,0,1,0.0,0.0,0.0,1,0,0,0,0,0,0,0,0,0,0,0,0,0,0,0,0,0,0,0,0,0,0,0
1516,Ed Gray,ATL,199905080ATL,"May 8, 1999",DET,0,1,0,1,0.0,0.0,0.0,0,0,1,0,0,0,0,0,0,0,0,0,0,0,0,0,0,0,0,0,0,0,0,0
1728,Roshown McLeod,ATL,199905080ATL,"May 8, 1999",DET,0,1,0,1,0.0,0.0,0.0,1,0,0,0,0,0,0,0,0,0,0,0,0,0,0,0,0,0,0,0,0,0,0,0
1852,Jeff Sheppard,ATL,199905080ATL,"May 8, 1999",DET,0,1,0,1,0.0,0.0,0.0,1,0,0,0,0,0,0,0,0,0,0,0,0,0,0,0,0,0,0,0,0,0,0,0
703,Kurt Thomas,NYK,199905080MIA,"May 8, 1999",MIA,6,5,0,5,60.0,60.0,0.0,5,6,0,0,0,0,0,0,0,0,0,0,0,0,0,0,0,0,0,0,0,0,0,0
297,Alonzo Mourning,MIA,199905080MIA,"May 8, 1999",NYK,27,16,8,20,67.5,69.16,-1.66,16,20,0,0,3,5,0,0,0,0,0,0,0,0,0,0,0,0,0,0,0,0,1,2
121,Patrick Ewing,NYK,199905080MIA,"May 8, 1999",MIA,9,12,1,12,36.0,36.17,-0.17,11,6,0,0,0,0,0,0,1,3,0,0,0,0,0,0,0,0,0,0,0,0,0,0
369,Charlie Ward,NYK,199905080MIA,"May 8, 1999",MIA,3,5,0,5,21.43,30.0,-8.57,1,0,4,3,0,0,0,0,0,0,0,0,0,0,0,0,0,0,0,0,0,0,0,0
469,Jamal Mashburn,MIA,199905080MIA,"May 8, 1999",NYK,7,12,0,12,24.14,29.17,-5.03,7,4,5,3,0,0,0,0,0,0,0,0,0,0,0,0,0,0,0,0,0,0,0,0
275,Allan Houston,NYK,199905080MIA,"May 8, 1999",MIA,22,13,4,16,73.33,74.53,-1.2,13,18,0,0,1,2,0,0,0,0,0,0,2,2,0,0,0,0,0,0,0,0,0,0
896,Tim Hardaway,MIA,199905080MIA,"May 8, 1999",NYK,10,19,1,20,21.74,25.72,-3.98,12,6,7,3,0,0,0,0,0,0,0,0,1,1,0,0,0,0,0,0,0,0,0,0
105,Dan Majerle,MIA,199905080MIA,"May 8, 1999",NYK,1,6,2,7,5.56,7.27,-1.71,2,0,4,0,0,0,0,0,0,0,0,0,0,0,0,0,0,0,0,0,0,0,1,1
136,P.J. Brown,MIA,199905080MIA,"May 8, 1999",NYK,8,8,1,8,47.06,47.39,-0.33,7,6,0,0,0,0,0,0,1,2,0,0,0,0,0,0,0,0,0,0,0,0,0,0
913,Larry Johnson,NYK,199905080MIA,"May 8, 1999",MIA,15,11,0,11,57.69,68.18,-10.49,7,6,4,9,0,0,0,0,0,0,0,0,0,0,0,0,0,0,0,0,0,0,0,0
84,Latrell Sprewell,NYK,199905080MIA,"May 8, 1999",MIA,22,16,5,18,57.89,60.44,-2.55,14,16,1,0,1,2,0,0,1,3,0,0,0,0,0,0,0,0,0,0,0,0,1,1
345,Terry Porter,MIA,199905080MIA,"May 8, 1999",NYK,3,4,4,6,20.0,26.04,-6.04,1,0,3,0,1,1,0,0,0,0,0,0,0,0,0,0,0,0,0,0,1,2,0,0
948,Marcus Camby,NYK,199905080MIA,"May 8, 1999",MIA,11,6,5,8,64.71,67.07,-2.36,5,6,0,0,1,1,0,0,1,3,0,0,0,0,0,0,0,0,0,0,0,0,1,1
221,Clar. Weatherspoon,MIA,199905080MIA,"May 8, 1999",NYK,2,4,2,5,20.0,20.49,-0.49,4,2,0,0,1,0,0,0,0,0,0,0,0,0,0,0,0,0,0,0,0,0,0,0
702,Voshon Lenard,MIA,199905080MIA,"May 8, 1999",NYK,11,7,2,8,52.38,69.8,-17.42,2,0,5,9,0,0,0,0,0,0,0,0,0,0,0,0,0,0,0,0,0,0,1,2
164,Chris Childs,NYK,199905080MIA,"May 8, 1999",MIA,5,2,0,2,100.0,125.0,-25.0,1,2,1,3,0,0,0,0,0,0,0,0,0,0,0,0,0,0,0,0,0,0,0,0
201,Chris Dudley,NYK,199905080MIA,"May 8, 1999",MIA,2,2,0,2,50.0,50.0,0.0,2,2,0,0,0,0,0,0,0,0,0,0,0,0,0,0,0,0,0,0,0,0,0,0
190,Duane Causwell,MIA,199905080MIA,"May 8, 1999",NYK,2,1,2,2,50.0,53.19,-3.19,1,2,0,0,1,0,0,0,0,0,0,0,0,0,0,0,0,0,0,0,0,0,0,0
1594,Rick Brunson,NYK,199905080MIA,"May 8, 1999",MIA,0,1,0,1,0.0,0.0,0.0,1,0,0,0,0,0,0,0,0,0,0,0,0,0,0,0,0,0,0,0,0,0,0,0
1006,Herb Williams,NYK,199905080MIA,"May 8, 1999",MIA,0,1,0,1,0.0,0.0,0.0,1,0,0,0,0,0,0,0,0,0,0,0,0,0,0,0,0,0,0,0,0,0,0,0
1110,Mark Strickland,MIA,199905080MIA,"May 8, 1999",NYK,4,1,2,2,100.0,106.38,-6.38,1,2,0,0,0,0,0,0,0,0,0,0,0,0,0,0,0,0,0,0,0,0,1,2
26,Luc Longley,PHX,199905080POR,"May 8, 1999",POR,2,6,0,6,16.67,16.67,0.0,6,2,0,0,0,0,0,0,0,0,0,0,0,0,0,0,0,0,0,0,0,0,0,0
339,Tom Gugliotta,PHX,199905080POR,"May 8, 1999",POR,12,13,2,14,42.86,43.23,-0.37,13,10,0,0,1,2,0,0,0,0,0,0,0,0,0,0,0,0,0,0,0,0,0,0
375,Isaiah Rider,POR,199905080POR,"May 8, 1999",PHX,25,17,5,19,62.5,65.1,-2.6,15,18,1,0,0,0,0,0,1,3,0,0,0,0,0,0,0,0,0,0,0,0,2,4
364,Rex Chapman,PHX,199905080POR,"May 8, 1999",POR,9,12,3,14,29.03,33.78,-4.75,8,6,4,0,1,2,0,0,0,0,0,0,1,1,0,0,0,0,0,0,0,0,0,0
717,Arvydas Sabonis,POR,199905080POR,"May 8, 1999",PHX,12,6,4,8,75.0,77.32,-2.32,6,8,0,0,2,4,0,0,0,0,0,0,0,0,0,0,0,0,0,0,0,0,0,0
361,Clifford Robinson,PHX,199905080POR,"May 8, 1999",POR,9,9,2,10,39.13,45.55,-6.42,6,8,3,0,0,0,0,0,0,0,0,0,0,0,0,0,0,0,0,0,0,0,1,1
467,Jason Kidd,POR,199905080POR,"May 8, 1999",PHX,17,15,1,15,44.74,55.05,-10.31,7,8,7,6,0,0,0,0,1,3,0,0,0,0,0,0,0,0,0,0,0,0,0,0
258,Brian Grant,POR,199905080POR,"May 8, 1999",PHX,16,7,10,12,66.67,70.18,-3.51,7,10,0,0,3,4,0,0,0,0,0,0,0,0,0,0,0,0,0,0,0,0,2,2
739,Rasheed Wallace,POR,199905080POR,"May 8, 1999",PHX,7,10,2,11,30.43,32.17,-1.74,9,6,1,0,1,1,0,0,0,0,0,0,0,0,0,0,0,0,0,0,0,0,0,0
757,Damon Stoudamire,POR,199905080POR,"May 8, 1999",PHX,8,7,2,8,47.06,50.76,-3.7,6,4,1,3,1,1,0,0,0,0,0,0,0,0,0,0,0,0,0,0,0,0,0,0
278,Stacey Augmon,POR,199905080POR,"May 8, 1999",PHX,2,3,0,3,28.57,33.33,-4.76,2,2,1,0,0,0,0,0,0,0,0,0,0,0,0,0,0,0,0,0,0,0,0,0
45,George McCloud,PHX,199905080POR,"May 8, 1999",POR,15,10,3,11,50.0,66.25,-16.25,2,2,7,9,1,1,0,0,1,3,0,0,0,0,0,0,0,0,0,0,0,0,0,0
21,Greg Anthony,PHX,199905080POR,"May 8, 1999",POR,2,4,2,5,16.67,20.49,-3.82,2,0,2,0,0,0,0,0,0,0,0,0,0,0,0,0,0,0,0,0,0,0,1,2
1727,Pat Garrity,POR,199905080POR,"May 8, 1999",PHX,5,3,3,4,55.56,57.87,-2.31,2,0,0,0,0,0,0,0,1,3,0,0,0,0,0,0,0,0,0,0,0,0,1,2
988,Randy Livingston,POR,199905080POR,"May 8, 1999",PHX,2,3,0,3,33.33,33.33,0.0,3,2,0,0,0,0,0,0,0,0,0,0,0,0,0,0,0,0,0,0,0,0,0,0
330,Danny Manning,PHX,199905080POR,"May 8, 1999",POR,14,8,4,10,70.0,71.72,-1.72,8,10,0,0,0,0,0,0,0,0,0,0,0,0,0,0,0,0,0,0,0,0,2,4
754,Jim Jackson,POR,199905080POR,"May 8, 1999",PHX,12,5,6,8,66.67,78.53,-11.86,3,4,2,3,0,0,0,0,0,0,0,0,0,0,0,0,0,0,0,0,0,0,3,5
1509,Kelvin Cato,POR,199905080POR,"May 8, 1999",PHX,4,4,2,5,40.0,40.98,-0.98,4,2,0,0,1,2,0,0,0,0,0,0,0,0,0,0,0,0,0,0,0,0,0,0
1005,Walt Williams,POR,199905080POR,"May 8, 1999",PHX,7,6,2,7,46.67,50.87,-4.2,5,4,1,3,0,0,0,0,0,0,0,0,0,0,0,0,0,0,0,0,0,0,1,0
252,Karl Malone,UTA,199905080UTA,"May 8, 1999",SAC,21,17,8,21,50.0,51.17,-1.17,17,14,0,0,4,7,0,0,0,0,0,0,0,0,0,0,0,0,0,0,0,0,0,0
1715,Jason Williams,SAC,199905080UTA,"May 8, 1999",UTA,11,10,2,11,36.67,50.55,-13.88,2,0,8,9,0,0,0,0,0,0,0,0,0,0,0,0,0,0,0,0,0,0,1,2
935,Bryon Russell,UTA,199905080UTA,"May 8, 1999",SAC,4,5,0,5,36.36,40.0,-3.64,4,4,1,0,0,0,0,0,0,0,0,0,0,0,0,0,0,0,0,0,0,0,0,0
124,Vlade Divac,SAC,199905080UTA,"May 8, 1999",UTA,12,9,2,10,60.0,60.73,-0.73,9,10,0,0,1,2,0,0,0,0,0,0,0,0,0,0,0,0,0,0,0,0,0,0
204,Jeff Hornacek,UTA,199905080UTA,"May 8, 1999",SAC,18,11,1,12,75.0,78.67,-3.67,10,14,1,3,0,0,0,0,0,0,0,0,1,1,0,0,0,0,0,0,0,0,0,0
185,Chris Webber,UTA,199905080UTA,"May 8, 1999",SAC,14,18,2,19,33.33,37.08,-3.75,14,10,4,3,1,1,0,0,0,0,0,0,0,0,0,0,0,0,0,0,0,0,0,0
722,Corliss Williamson,SAC,199905080UTA,"May 8, 1999",UTA,6,5,2,6,50.0,51.02,-1.02,5,4,0,0,1,2,0,0,0,0,0,0,0,0,0,0,0,0,0,0,0,0,0,0
304,John Stockton,UTA,199905080UTA,"May 8, 1999",SAC,17,11,5,14,60.71,64.39,-3.68,10,12,1,3,0,0,0,0,0,0,0,0,1,0,0,0,0,0,0,0,0,0,2,2
1505,Tariq Abdul-Wahad,SAC,199905080UTA,"May 8, 1999",UTA,2,4,0,4,25.0,25.0,0.0,4,2,0,0,0,0,0,0,0,0,0,0,0,0,0,0,0,0,0,0,0,0,0,0
731,Greg Ostertag,UTA,199905080UTA,"May 8, 1999",SAC,16,9,2,10,80.0,80.97,-0.97,9,14,0,0,1,2,0,0,0,0,0,0,0,0,0,0,0,0,0,0,0,0,0,0
1513,Scot Pollard,SAC,199905080UTA,"May 8, 1999",UTA,8,4,3,4,72.73,75.19,-2.46,1,0,0,0,0,0,0,0,3,8,0,0,0,0,0,0,0,0,0,0,0,0,0,0
978,Peja Stojakovic,SAC,199905080UTA,"May 8, 1999",UTA,9,9,0,9,42.86,50.0,-7.14,6,6,3,3,0,0,0,0,0,0,0,0,0,0,0,0,0,0,0,0,0,0,0,0
468,Jon Barry,SAC,199905080UTA,"May 8, 1999",UTA,7,4,5,7,50.0,56.45,-6.45,3,2,1,0,0,0,0,0,0,0,0,0,1,1,0,0,0,0,0,0,0,0,2,4
137,Vernon Maxwell,SAC,199905080UTA,"May 8, 1999",UTA,3,8,2,9,14.29,16.89,-2.6,5,0,3,3,1,0,0,0,0,0,0,0,0,0,0,0,0,0,0,0,0,0,0,0
458,Howard Eisley,UTA,199905080UTA,"May 8, 1999",SAC,14,7,4,9,66.67,79.91,-13.24,4,4,3,6,0,0,0,0,0,0,0,0,0,0,0,0,0,0,0,0,0,0,2,4
1444,Lawrence Funderburke,SAC,199905080UTA,"May 8, 1999",UTA,8,11,0,11,36.36,36.36,0.0,11,8,0,0,0,0,0,0,0,0,0,0,0,0,0,0,0,0,0,0,0,0,0,0
1847,Thurl Bailey,UTA,199905080UTA,"May 8, 1999",SAC,2,2,0,2,50.0,50.0,0.0,2,2,0,0,0,0,0,0,0,0,0,0,0,0,0,0,0,0,0,0,0,0,0,0
1000,Shandon Anderson,UTA,199905080UTA,"May 8, 1999",SAC,2,6,0,6,16.67,16.67,0.0,6,2,0,0,0,0,0,0,0,0,0,0,0,0,0,0,0,0,0,0,0,0,0,0
323,Greg Foster,UTA,199905080UTA,"May 8, 1999",SAC,4,3,0,3,66.67,66.67,0.0,3,4,0,0,0,0,0,0,0,0,0,0,0,0,0,0,0,0,0,0,0,0,0,0
228,Adam Keefe,UTA,199905080UTA,"May 8, 1999",SAC,13,9,1,9,68.42,68.86,-0.44,8,10,0,0,0,0,0,0,1,3,0,0,0,0,0,0,0,0,0,0,0,0,0,0
1138,Michael Hawkins,SAC,199905080UTA,"May 8, 1999",UTA,2,1,2,2,40.0,53.19,-13.19,0,0,1,0,1,2,0,0,0,0,0,0,0,0,0,0,0,0,0,0,0,0,0,0
957,Todd Fuller,UTA,199905080UTA,"May 8, 1999",SAC,6,4,0,4,75.0,75.0,0.0,4,6,0,0,0,0,0,0,0,0,0,0,0,0,0,0,0,0,0,0,0,0,0,0
1521,Jacque Vaughn,UTA,199905080UTA,"May 8, 1999",SAC,0,1,0,1,0.0,0.0,0.0,1,0,0,0,0,0,0,0,0,0,0,0,0,0,0,0,0,0,0,0,0,0,0,0
1744,Jerome James,SAC,199905080UTA,"May 8, 1999",UTA,5,2,4,4,62.5,66.49,-3.99,2,2,0,0,1,2,0,0,0,0,0,0,0,0,0,0,0,0,0,0,0,0,1,1
324,Anthony Peeler,MIN,199905090SAS,"May 9, 1999",SAS,7,9,0,9,33.33,38.89,-5.56,6,4,3,3,0,0,0,0,0,0,0,0,0,0,0,0,0,0,0,0,0,0,0,0
251,Sean Elliott,SAS,199905090SAS,"May 9, 1999",MIN,14,14,4,16,41.18,44.42,-3.24,12,8,2,3,2,3,0,0,0,0,0,0,0,0,0,0,0,0,0,0,0,0,0,0
693,Joe Smith,MIN,199905090SAS,"May 9, 1999",SAS,7,6,3,7,46.67,47.81,-1.14,5,4,0,0,1,1,0,0,1,2,0,0,0,0,0,0,0,0,0,0,0,0,0,0
53,Mario Elie,SAS,199905090SAS,"May 9, 1999",MIN,5,4,0,4,55.56,62.5,-6.94,3,2,1,3,0,0,0,0,0,0,0,0,0,0,0,0,0,0,0,0,0,0,0,0
764,David Robinson,SAS,199905090SAS,"May 9, 1999",MIN,12,11,2,11,50.0,50.51,-0.51,9,8,0,0,0,0,0,0,2,4,0,0,0,0,0,0,0,0,0,0,0,0,0,0
708,Kevin Garnett,MIN,199905090SAS,"May 9, 1999",SAS,21,18,3,19,53.85,54.35,-0.5,17,16,0,0,1,2,0,0,1,3,0,0,0,0,0,0,0,0,0,0,0,0,0,0
210,Terrell Brandon,MIN,199905090SAS,"May 9, 1999",SAS,16,18,4,20,40.0,40.49,-0.49,18,12,0,0,2,4,0,0,0,0,0,0,0,0,0,0,0,0,0,0,0,0,0,0
1495,Tim Duncan,SAS,199905090SAS,"May 9, 1999",MIN,26,16,8,20,63.41,66.6,-3.19,15,18,1,0,3,6,0,0,0,0,0,0,0,0,0,0,0,0,0,0,0,0,1,2
422,Avery Johnson,SAS,199905090SAS,"May 9, 1999",MIN,21,15,6,18,58.33,59.52,-1.19,15,16,0,0,3,5,0,0,0,0,0,0,0,0,0,0,0,0,0,0,0,0,0,0
417,Sam Mitchell,MIN,199905090SAS,"May 9, 1999",SAS,19,11,4,13,70.37,74.45,-4.08,9,10,1,3,1,2,0,0,1,3,0,0,1,1,0,0,0,0,0,0,0,0,0,0
1051,Dean Garrett,MIN,199905090SAS,"May 9, 1999",SAS,7,4,2,5,70.0,71.72,-1.72,4,6,0,0,1,1,0,0,0,0,0,0,0,0,0,0,0,0,0,0,0,0,0,0
781,Will Perdue,SAS,199905090SAS,"May 9, 1999",MIN,2,1,0,1,100.0,100.0,0.0,1,2,0,0,0,0,0,0,0,0,0,0,0,0,0,0,0,0,0,0,0,0,0,0
760,Jerome Kersey,SAS,199905090SAS,"May 9, 1999",MIN,4,5,0,5,40.0,40.0,0.0,5,4,0,0,0,0,0,0,0,0,0,0,0,0,0,0,0,0,0,0,0,0,0,0
1114,Jaren Jackson,SAS,199905090SAS,"May 9, 1999",MIN,10,7,2,9,55.56,63.45,-7.89,5,6,2,3,0,0,0,0,0,0,0,0,2,1,0,0,0,0,0,0,0,0,0,0
1725,Rasho Nesterovic,MIN,199905090SAS,"May 9, 1999",SAS,2,1,0,1,100.0,100.0,0.0,1,2,0,0,0,0,0,0,0,0,0,0,0,0,0,0,0,0,0,0,0,0,0,0
907,Malik Sealy,MIN,199905090SAS,"May 9, 1999",SAS,5,2,3,3,71.43,75.3,-3.87,1,0,0,0,1,2,0,0,1,3,0,0,0,0,0,0,0,0,0,0,0,0,0,0
1498,Antonio Daniels,SAS,199905090SAS,"May 9, 1999",MIN,5,6,0,6,38.46,41.67,-3.21,5,2,1,3,0,0,0,0,0,0,0,0,0,0,0,0,0,0,0,0,0,0,0,0
381,James Robinson,MIN,199905090SAS,"May 9, 1999",SAS,0,1,0,1,0.0,0.0,0.0,0,0,1,0,0,0,0,0,0,0,0,0,0,0,0,0,0,0,0,0,0,0,0,0
67,Tom Hammonds,MIN,199905090SAS,"May 9, 1999",SAS,2,0,2,1,100.0,113.64,-13.64,0,0,0,0,0,0,0,0,0,0,0,0,0,0,0,0,0,0,0,0,0,0,1,2
1517,Bobby Jackson,MIN,199905090SAS,"May 9, 1999",SAS,0,2,0,2,0.0,0.0,0.0,2,0,0,0,0,0,0,0,0,0,0,0,0,0,0,0,0,0,0,0,0,0,0,0
70,Steve Kerr,SAS,199905090SAS,"May 9, 1999",MIN,0,2,0,2,0.0,0.0,0.0,2,0,0,0,0,0,0,0,0,0,0,0,0,0,0,0,0,0,0,0,0,0,0,0
779,Glen Rice,LAL,199905090LAL,"May 9, 1999",HOU,29,17,3,18,72.5,79.15,-6.65,13,18,3,6,1,2,0,0,1,3,0,0,0,0,0,0,0,0,0,0,0,0,0,0
406,Shaquille O'Neal,LAL,199905090LAL,"May 9, 1999",HOU,27,23,14,30,45.0,46.3,-1.3,23,22,0,0,3,2,0,0,0,0,0,0,0,0,0,0,0,0,0,0,0,0,4,3
787,Charles Barkley,HOU,199905090LAL,"May 9, 1999",LAL,25,19,5,21,56.82,58.96,-2.14,17,20,1,0,2,2,0,0,1,3,0,0,0,0,0,0,0,0,0,0,0,0,0,0
965,Derek Fisher,LAL,199905090LAL,"May 9, 1999",HOU,20,13,4,15,55.56,67.75,-12.19,7,4,6,12,1,2,0,0,0,0,0,0,0,0,0,0,0,0,0,0,0,0,1,2
165,Hakeem Olajuwon,HOU,199905090LAL,"May 9, 1999",LAL,22,13,3,14,75.86,76.82,-0.96,12,18,0,0,1,1,0,0,1,3,0,0,0,0,0,0,0,0,0,0,0,0,0,0
462,J.R. Reid,HOU,199905090LAL,"May 9, 1999",LAL,3,3,2,4,37.5,38.66,-1.16,3,2,0,0,1,1,0,0,0,0,0,0,0,0,0,0,0,0,0,0,0,0,0,0
977,Kobe Bryant,LAL,199905090LAL,"May 9, 1999",HOU,17,9,6,12,68.0,73.02,-5.02,8,8,1,3,1,2,0,0,0,0,0,0,0,0,0,0,0,0,0,0,0,0,2,4
1722,Michael Dickerson,LAL,199905090LAL,"May 9, 1999",HOU,11,9,2,10,50.0,55.67,-5.67,7,4,2,6,1,1,0,0,0,0,0,0,0,0,0,0,0,0,0,0,0,0,0,0
1749,Cuttino Mobley,HOU,199905090LAL,"May 9, 1999",LAL,13,5,7,9,72.22,80.45,-8.23,4,4,1,3,2,4,0,0,0,0,0,0,2,2,0,0,0,0,0,0,0,0,0,0
694,Sam Mack,HOU,199905090LAL,"May 9, 1999",LAL,13,8,2,9,56.52,73.2,-16.68,3,2,5,9,1,2,0,0,0,0,0,0,0,0,0,0,0,0,0,0,0,0,0,0
109,Robert Horry,LAL,199905090LAL,"May 9, 1999",HOU,2,3,0,3,33.33,33.33,0.0,3,2,0,0,0,0,0,0,0,0,0,0,0,0,0,0,0,0,0,0,0,0,0,0
937,Scottie Pippen,HOU,199905090LAL,"May 9, 1999",LAL,14,13,4,15,42.42,47.43,-5.01,10,10,3,0,2,4,0,0,0,0,0,0,0,0,0,0,0,0,0,0,0,0,0,0
157,Derek Harper,LAL,199905090LAL,"May 9, 1999",HOU,0,5,0,5,0.0,0.0,0.0,3,0,2,0,0,0,0,0,0,0,0,0,0,0,0,0,0,0,0,0,0,0,0,0
296,Rick Fox,LAL,199905090LAL,"May 9, 1999",HOU,3,5,1,5,25.0,27.57,-2.57,3,0,1,0,0,0,0,0,1,3,0,0,0,0,0,0,0,0,0,0,0,0,0,0
914,Stanley Roberts,HOU,199905090LAL,"May 9, 1999",LAL,0,2,0,2,0.0,0.0,0.0,2,0,0,0,0,0,0,0,0,0,0,0,0,0,0,0,0,0,0,0,0,0,0,0
85,Brent Price,HOU,199905090LAL,"May 9, 1999",LAL,0,3,0,3,0.0,0.0,0.0,1,0,2,0,0,0,0,0,0,0,0,0,0,0,0,0,0,0,0,0,0,0,0,0
672,Matt Bullard,HOU,199905090LAL,"May 9, 1999",LAL,2,1,0,1,100.0,100.0,0.0,1,2,0,0,0,0,0,0,0,0,0,0,0,0,0,0,0,0,0,0,0,0,0,0
951,Ray Allen,IND,199905090IND,"May 9, 1999",MIL,22,16,3,17,53.66,63.51,-9.85,9,12,6,6,1,1,0,0,1,3,0,0,0,0,0,0,0,0,0,0,0,0,0,0
397,Reggie Miller,IND,199905090IND,"May 9, 1999",MIL,16,15,6,18,37.21,45.35,-8.14,8,4,7,6,1,2,0,0,0,0,0,0,0,0,0,0,0,0,0,0,0,0,2,4
299,Glenn Robinson,MIL,199905090IND,"May 9, 1999",IND,16,16,4,18,43.24,45.05,-1.81,15,12,1,0,1,2,0,0,0,0,0,0,0,0,0,0,0,0,0,0,0,0,1,2
22,Rik Smits,IND,199905090IND,"May 9, 1999",MIL,8,8,0,8,50.0,50.0,0.0,8,8,0,0,0,0,0,0,0,0,0,0,0,0,0,0,0,0,0,0,0,0,0,0
1501,Tim Thomas,MIL,199905090IND,"May 9, 1999",IND,9,7,6,10,42.86,46.68,-3.82,6,6,1,0,3,3,0,0,0,0,0,0,0,0,0,0,0,0,0,0,0,0,0,0
1714,Robert Traylor,MIL,199905090IND,"May 9, 1999",IND,3,2,2,3,50.0,52.08,-2.08,2,2,0,0,0,0,0,0,0,0,0,0,0,0,0,0,0,0,0,0,0,0,1,1
208,Sam Cassell,MIL,199905090IND,"May 9, 1999",IND,19,16,3,17,52.78,54.85,-2.07,14,14,1,0,1,2,0,0,1,3,0,0,0,0,0,0,0,0,0,0,0,0,0,0
905,Dale Davis,IND,199905090IND,"May 9, 1999",MIL,16,11,5,13,59.26,60.61,-1.35,10,12,0,0,2,2,0,0,1,2,0,0,0,0,0,0,0,0,0,0,0,0,0,0
904,Chris Mullin,IND,199905090IND,"May 9, 1999",MIL,15,9,2,10,60.0,75.91,-15.91,4,4,5,9,1,2,0,0,0,0,0,0,0,0,0,0,0,0,0,0,0,0,0,0
349,Mark Jackson,IND,199905090IND,"May 9, 1999",MIL,0,1,0,1,0.0,0.0,0.0,0,0,1,0,0,0,0,0,0,0,0,0,0,0,0,0,0,0,0,0,0,0,0,0
911,Ervin Johnson,MIL,199905090IND,"May 9, 1999",IND,4,3,0,3,66.67,66.67,0.0,3,4,0,0,0,0,0,0,0,0,0,0,0,0,0,0,0,0,0,0,0,0,0,0
213,Antonio Davis,IND,199905090IND,"May 9, 1999",MIL,9,8,6,11,40.91,42.29,-1.38,8,4,0,0,2,4,0,0,0,0,0,0,0,0,0,0,0,0,0,0,0,0,1,1
209,Dell Curry,MIL,199905090IND,"May 9, 1999",IND,2,8,0,8,10.53,12.5,-1.97,5,2,3,0,0,0,0,0,0,0,0,0,0,0,0,0,0,0,0,0,0,0,0,0
688,Michael Curry,MIL,199905090IND,"May 9, 1999",IND,2,1,0,1,100.0,100.0,0.0,1,2,0,0,0,0,0,0,0,0,0,0,0,0,0,0,0,0,0,0,0,0,0,0
906,Haywoode Workman,MIL,199905090IND,"May 9, 1999",IND,2,3,2,4,20.0,25.77,-5.77,1,0,2,0,0,0,0,0,0,0,0,0,0,0,0,0,0,0,0,0,0,0,1,2
696,Travis Best,IND,199905090IND,"May 9, 1999",MIL,2,4,0,4,22.22,25.0,-2.78,3,2,1,0,0,0,0,0,0,0,0,0,0,0,0,0,0,0,0,0,0,0,0,0
365,Derrick McKey,IND,199905090IND,"May 9, 1999",MIL,11,8,1,8,61.11,65.17,-4.06,6,8,1,0,0,0,0,0,1,3,0,0,0,0,0,0,0,0,0,0,0,0,0,0
147,Jalen Rose,IND,199905090IND,"May 9, 1999",MIL,24,10,3,11,92.31,106.01,-13.7,6,10,3,9,1,2,0,0,1,3,0,0,0,0,0,0,0,0,0,0,0,0,0,0
288,Armen Gilliam,MIL,199905090IND,"May 9, 1999",IND,9,6,5,8,52.94,54.88,-1.94,5,2,0,0,1,2,0,0,1,3,0,0,0,0,0,0,0,0,0,0,0,0,1,2
64,Sam Perkins,IND,199905090IND,"May 9, 1999",MIL,5,3,2,4,50.0,64.43,-14.43,1,0,2,3,0,0,0,0,0,0,0,0,0,0,0,0,0,0,0,0,0,0,1,2
423,Chris Gatling,MIL,199905090IND,"May 9, 1999",IND,0,2,2,3,0.0,0.0,0.0,2,0,0,0,1,0,0,0,0,0,0,0,0,0,0,0,0,0,0,0,0,0,0,0
1506,Austin Croshere,IND,199905090IND,"May 9, 1999",MIL,2,1,2,2,50.0,53.19,-3.19,1,0,0,0,0,0,0,0,0,0,0,0,0,0,1,2,0,0,0,0,0,0,0,0
697,Fred Hoiberg,IND,199905090IND,"May 9, 1999",MIL,2,1,0,1,100.0,100.0,0.0,1,2,0,0,0,0,0,0,0,0,0,0,0,0,0,0,0,0,0,0,0,0,0,0
947,Allen Iverson,PHI,199905090ORL,"May 9, 1999",ORL,30,29,7,32,41.67,46.76,-5.09,21,18,7,6,3,3,0,0,1,3,0,0,0,0,0,0,0,0,0,0,0,0,0,0
248,George Lynch,PHI,199905090ORL,"May 9, 1999",ORL,15,9,4,11,62.5,69.7,-7.2,7,8,2,3,2,4,0,0,0,0,0,0,0,0,0,0,0,0,0,0,0,0,0,0
98,Nick Anderson,ORL,199905090ORL,"May 9, 1999",PHI,18,22,6,25,29.03,36.53,-7.5,10,8,12,6,2,4,0,0,0,0,0,0,0,0,0,0,0,0,0,0,0,0,1,0
761,Matt Geiger,PHI,199905090ORL,"May 9, 1999",ORL,23,18,6,20,54.76,55.72,-0.96,16,14,0,0,0,0,0,0,2,5,0,0,0,0,0,0,0,0,0,0,0,0,2,4
270,Horace Grant,ORL,199905090ORL,"May 9, 1999",PHI,4,7,0,7,28.57,28.57,0.0,7,4,0,0,0,0,0,0,0,0,0,0,0,0,0,0,0,0,0,0,0,0,0,0
1134,Ike Austin,ORL,199905090ORL,"May 9, 1999",PHI,8,6,6,9,44.44,46.3,-1.86,6,4,0,0,1,2,0,0,0,0,0,0,0,0,0,0,0,0,0,0,0,0,2,2
727,Eric Snow,PHI,199905090ORL,"May 9, 1999",ORL,7,5,9,9,33.33,39.06,-5.73,2,0,2,0,3,3,0,0,1,2,0,0,0,0,0,0,0,0,0,0,0,0,1,2
353,Darrell Armstrong,ORL,199905090ORL,"May 9, 1999",PHI,18,14,2,16,47.37,60.48,-13.11,6,4,8,12,0,0,0,0,0,0,0,0,2,2,0,0,0,0,0,0,0,0,0,0
358,Anfernee Hardaway,ORL,199905090ORL,"May 9, 1999",PHI,19,13,16,21,44.19,47.41,-3.22,12,8,1,0,5,7,0,0,0,0,0,0,0,0,0,0,0,0,0,0,0,0,3,4
689,Theo Ratliff,ORL,199905090ORL,"May 9, 1999",PHI,7,3,4,5,70.0,73.53,-3.53,3,4,0,0,0,0,0,0,0,0,0,0,0,0,0,0,0,0,0,0,0,0,2,3
238,Tyrone Hill,PHI,199905090ORL,"May 9, 1999",ORL,8,5,3,6,61.54,63.29,-1.75,4,4,0,0,0,0,0,0,1,3,0,0,0,0,0,0,0,0,0,0,0,0,1,1
1723,Matt Harpring,ORL,199905090ORL,"May 9, 1999",PHI,4,3,0,3,66.67,66.67,0.0,3,4,0,0,0,0,0,0,0,0,0,0,0,0,0,0,0,0,0,0,0,0,0,0
1716,Larry Hughes,PHI,199905090ORL,"May 9, 1999",ORL,11,9,2,10,55.0,55.67,-0.67,9,10,0,0,0,0,0,0,0,0,0,0,0,0,0,0,0,0,0,0,0,0,1,1
243,Aaron McKie,PHI,199905090ORL,"May 9, 1999",ORL,1,3,2,4,12.5,12.89,-0.39,3,0,0,0,0,0,0,0,0,0,0,0,0,0,0,0,0,0,0,0,0,0,1,1
400,Derek Strong,ORL,199905090ORL,"May 9, 1999",PHI,4,2,2,3,66.67,69.44,-2.77,2,2,0,0,1,2,0,0,0,0,0,0,0,0,0,0,0,0,0,0,0,0,0,0
448,Bo Outlaw,ORL,199905090ORL,"May 9, 1999",PHI,4,1,4,3,66.67,72.46,-5.79,1,2,0,0,2,2,0,0,0,0,0,0,0,0,0,0,0,0,0,0,0,0,0,0
1532,Jerald Honeycutt,PHI,199905090ORL,"May 9, 1999",ORL,2,4,0,4,20.0,25.0,-5.0,2,2,2,0,0,0,0,0,0,0,0,0,0,0,0,0,0,0,0,0,0,0,0,0
1720,Michael Doleac,ORL,199905090ORL,"May 9, 1999",PHI,11,9,3,10,52.38,53.29,-0.91,8,6,0,0,0,0,0,0,1,3,0,0,0,0,0,0,0,0,0,0,0,0,1,2
769,B.J. Armstrong,ORL,199905090ORL,"May 9, 1999",PHI,0,1,0,1,0.0,0.0,0.0,1,0,0,0,0,0,0,0,0,0,0,0,0,0,0,0,0,0,0,0,0,0,0,0
120,Steven Smith,ATL,199905100ATL,"May 10, 1999",DET,21,20,6,23,41.18,46.38,-5.2,14,8,5,6,2,4,0,0,1,2,0,0,1,1,0,0,0,0,0,0,0,0,0,0
255,Grant Hill,DET,199905100ATL,"May 10, 1999",ATL,15,16,6,19,39.47,40.24,-0.77,16,10,0,0,2,3,0,0,0,0,0,0,0,0,0,0,0,0,0,0,0,0,1,2
966,Jerome Williams,DET,199905100ATL,"May 10, 1999",ATL,11,8,2,9,61.11,61.94,-0.83,8,10,0,0,1,1,0,0,0,0,0,0,0,0,0,0,0,0,0,0,0,0,0,0
1544,Chris Crawford,ATL,199905100ATL,"May 10, 1999",DET,6,2,2,3,100.0,104.17,-4.17,2,4,0,0,1,2,0,0,0,0,0,0,0,0,0,0,0,0,0,0,0,0,0,0
247,Joe Dumars,DET,199905100ATL,"May 10, 1999",ATL,14,9,0,9,63.64,77.78,-14.14,5,8,4,6,0,0,0,0,0,0,0,0,0,0,0,0,0,0,0,0,0,0,0,0
283,Lindsey Hunter,DET,199905100ATL,"May 10, 1999",ATL,2,11,0,11,8.7,9.09,-0.39,10,2,1,0,0,0,0,0,0,0,0,0,0,0,0,0,0,0,0,0,0,0,0,0
87,Dikembe Mutombo,ATL,199905100ATL,"May 10, 1999",DET,28,14,3,15,90.32,91.38,-1.06,13,24,0,0,1,1,0,0,1,3,0,0,0,0,0,0,0,0,0,0,0,0,0,0
376,Eric Montross,DET,199905100ATL,"May 10, 1999",ATL,0,1,0,1,0.0,0.0,0.0,1,0,0,0,0,0,0,0,0,0,0,0,0,0,0,0,0,0,0,0,0,0,0,0
3,Grant Long,ATL,199905100ATL,"May 10, 1999",DET,10,12,2,13,38.46,38.82,-0.36,12,8,0,0,1,2,0,0,0,0,0,0,0,0,0,0,0,0,0,0,0,0,0,0
302,Mookie Blaylock,ATL,199905100ATL,"May 10, 1999",DET,12,16,0,16,32.43,37.5,-5.07,11,6,5,6,0,0,0,0,0,0,0,0,0,0,0,0,0,0,0,0,0,0,0,0
895,Tyrone Corbin,ATL,199905100ATL,"May 10, 1999",DET,10,8,0,8,55.56,62.5,-6.94,6,10,2,0,0,0,0,0,0,0,0,0,0,0,0,0,0,0,0,0,0,0,0,0
711,Jerry Stackhouse,DET,199905100ATL,"May 10, 1999",ATL,10,12,1,12,38.46,40.19,-1.73,10,8,1,0,0,0,0,0,1,2,0,0,0,0,0,0,0,0,0,0,0,0,0,0
363,Christian Laettner,DET,199905100ATL,"May 10, 1999",ATL,11,8,6,11,50.0,51.69,-1.69,8,6,0,0,3,5,0,0,0,0,0,0,0,0,0,0,0,0,0,0,0,0,0,0
1533,Anthony Johnson,ATL,199905100ATL,"May 10, 1999",DET,0,2,0,2,0.0,0.0,0.0,2,0,0,0,0,0,0,0,0,0,0,0,0,0,0,0,0,0,0,0,0,0,0,0
919,Loy Vaught,DET,199905100ATL,"May 10, 1999",ATL,4,3,0,3,66.67,66.67,0.0,3,4,0,0,0,0,0,0,0,0,0,0,0,0,0,0,0,0,0,0,0,0,0,0
146,Jud Buechler,DET,199905100ATL,"May 10, 1999",ATL,0,3,0,3,0.0,0.0,0.0,2,0,1,0,0,0,0,0,0,0,0,0,0,0,0,0,0,0,0,0,0,0,0,0
770,Mark West,ATL,199905100ATL,"May 10, 1999",DET,0,2,0,2,0.0,0.0,0.0,2,0,0,0,0,0,0,0,0,0,0,0,0,0,0,0,0,0,0,0,0,0,0,0
1728,Roshown McLeod,ATL,199905100ATL,"May 10, 1999",DET,2,2,0,2,50.0,50.0,0.0,2,2,0,0,0,0,0,0,0,0,0,0,0,0,0,0,0,0,0,0,0,0,0,0
obannch01,C. O'Bannon,DET,199905100ATL,"May 10, 1999",ATL,2,1,0,1,100.0,100.0,0.0,1,2,0,0,0,0,0,0,0,0,0,0,0,0,0,0,0,0,0,0,0,0,0,0
1852,Jeff Sheppard,ATL,199905100ATL,"May 10, 1999",DET,0,1,0,1,0.0,0.0,0.0,1,0,0,0,0,0,0,0,0,0,0,0,0,0,0,0,0,0,0,0,0,0,0,0
297,Alonzo Mourning,MIA,199905100MIA,"May 10, 1999",NYK,26,16,10,21,61.9,63.73,-1.83,16,20,0,0,2,3,0,0,0,0,0,0,0,0,0,0,0,0,0,0,0,0,3,3
275,Allan Houston,NYK,199905100MIA,"May 10, 1999",MIA,12,13,4,15,38.71,40.65,-1.94,12,6,1,3,1,1,0,0,0,0,0,0,0,0,0,0,0,0,0,0,0,0,1,2
121,Patrick Ewing,NYK,199905100MIA,"May 10, 1999",MIA,16,14,4,16,50.0,50.76,-0.76,14,14,0,0,2,2,0,0,0,0,0,0,0,0,0,0,0,0,0,0,0,0,0,0
136,P.J. Brown,MIA,199905100MIA,"May 10, 1999",NYK,12,10,0,10,60.0,60.0,0.0,10,12,0,0,0,0,0,0,0,0,0,0,0,0,0,0,0,0,0,0,0,0,0,0
913,Larry Johnson,NYK,199905100MIA,"May 10, 1999",MIA,13,13,0,13,40.62,50.0,-9.38,7,10,6,3,0,0,0,0,0,0,0,0,0,0,0,0,0,0,0,0,0,0,0,0
703,Kurt Thomas,MIA,199905100MIA,"May 10, 1999",NYK,0,4,0,4,0.0,0.0,0.0,4,0,0,0,0,0,0,0,0,0,0,0,0,0,0,0,0,0,0,0,0,0,0,0
469,Jamal Mashburn,MIA,199905100MIA,"May 10, 1999",NYK,11,10,2,11,45.83,50.55,-4.72,8,4,2,6,0,0,0,0,0,0,0,0,0,0,0,0,0,0,0,0,0,0,1,1
105,Dan Majerle,MIA,199905100MIA,"May 10, 1999",NYK,7,4,2,5,53.85,71.72,-17.87,1,0,3,6,1,1,0,0,0,0,0,0,0,0,0,0,0,0,0,0,0,0,0,0
896,Tim Hardaway,MIA,199905100MIA,"May 10, 1999",NYK,7,5,8,9,35.0,41.08,-6.08,3,2,2,0,3,4,0,0,0,0,0,0,0,0,0,0,0,0,0,0,0,0,1,1
84,Latrell Sprewell,NYK,199905100MIA,"May 10, 1999",MIA,15,9,8,13,51.72,59.9,-8.18,6,6,3,3,4,6,0,0,0,0,0,0,0,0,0,0,0,0,0,0,0,0,0,0
369,Charlie Ward,MIA,199905100MIA,"May 10, 1999",NYK,8,6,0,6,47.06,66.67,-19.61,1,2,5,6,0,0,0,0,0,0,0,0,0,0,0,0,0,0,0,0,0,0,0,0
173,Keith Askins,MIA,199905100MIA,"May 10, 1999",NYK,0,2,0,2,0.0,0.0,0.0,0,0,2,0,0,0,0,0,0,0,0,0,0,0,0,0,0,0,0,0,0,0,0,0
201,Chris Dudley,NYK,199905100MIA,"May 10, 1999",MIA,4,1,2,2,100.0,106.38,-6.38,1,2,0,0,0,0,0,0,0,0,0,0,0,0,0,0,0,0,0,0,0,0,1,2
164,Chris Childs,NYK,199905100MIA,"May 10, 1999",MIA,0,5,0,5,0.0,0.0,0.0,3,0,2,0,0,0,0,0,0,0,0,0,0,0,0,0,0,0,0,0,0,0,0,0
221,Clar. Weatherspoon,MIA,199905100MIA,"May 10, 1999",NYK,9,4,5,6,69.23,72.58,-3.35,3,2,0,0,2,4,0,0,1,3,0,0,0,0,0,0,0,0,0,0,0,0,0,0
345,Terry Porter,MIA,199905100MIA,"May 10, 1999",NYK,11,8,0,8,64.71,68.75,-4.04,7,8,1,3,0,0,0,0,0,0,0,0,0,0,0,0,0,0,0,0,0,0,0,0
948,Marcus Camby,MIA,199905100MIA,"May 10, 1999",NYK,5,4,2,5,50.0,51.23,-1.23,4,4,0,0,1,1,0,0,0,0,0,0,0,0,0,0,0,0,0,0,0,0,0,0
757,Damon Stoudamire,POR,199905100POR,"May 10, 1999",PHX,22,12,8,16,61.11,70.88,-9.77,8,6,4,9,2,3,0,0,0,0,0,0,0,0,0,0,0,0,0,0,0,0,2,4
339,Tom Gugliotta,PHX,199905100POR,"May 10, 1999",POR,8,10,4,12,33.33,34.01,-0.68,10,6,0,0,1,1,0,0,0,0,0,0,0,0,0,0,0,0,0,0,0,0,1,1
375,Isaiah Rider,POR,199905100POR,"May 10, 1999",PHX,17,11,4,13,58.62,66.61,-7.99,8,10,3,3,1,2,0,0,0,0,0,0,0,0,0,0,0,0,0,0,0,0,1,2
739,Rasheed Wallace,POR,199905100POR,"May 10, 1999",PHX,21,10,8,14,75.0,77.66,-2.66,10,16,0,0,3,4,0,0,0,0,0,0,0,0,0,0,0,0,0,0,0,0,1,1
364,Rex Chapman,PHX,199905100POR,"May 10, 1999",POR,3,2,0,2,60.0,75.0,-15.0,1,0,1,3,0,0,0,0,0,0,0,0,0,0,0,0,0,0,0,0,0,0,0,0
258,Brian Grant,POR,199905100POR,"May 10, 1999",PHX,22,13,6,16,68.75,70.33,-1.58,13,20,0,0,2,1,0,0,0,0,0,0,0,0,0,0,0,0,0,0,0,0,1,1
26,Luc Longley,PHX,199905100POR,"May 10, 1999",POR,0,4,0,4,0.0,0.0,0.0,4,0,0,0,0,0,0,0,0,0,0,0,0,0,0,0,0,0,0,0,0,0,0,0
717,Arvydas Sabonis,POR,199905100POR,"May 10, 1999",PHX,2,6,0,6,15.38,16.67,-1.29,5,2,1,0,0,0,0,0,0,0,0,0,0,0,0,0,0,0,0,0,0,0,0,0
361,Clifford Robinson,PHX,199905100POR,"May 10, 1999",POR,14,12,4,14,46.67,50.87,-4.2,10,10,2,0,1,2,0,0,0,0,0,0,0,0,0,0,0,0,0,0,0,0,1,2
467,Jason Kidd,PHX,199905100POR,"May 10, 1999",POR,12,16,2,17,30.77,35.55,-4.78,11,8,5,3,1,1,0,0,0,0,0,0,0,0,0,0,0,0,0,0,0,0,0,0
170,Joe Kleine,PHX,199905100POR,"May 10, 1999",POR,2,2,0,2,50.0,50.0,0.0,2,2,0,0,0,0,0,0,0,0,0,0,0,0,0,0,0,0,0,0,0,0,0,0
1727,Pat Garrity,PHX,199905100POR,"May 10, 1999",POR,15,11,1,11,60.0,65.56,-5.56,8,6,2,6,0,0,0,0,1,3,0,0,0,0,0,0,0,0,0,0,0,0,0,0
754,Jim Jackson,POR,199905100POR,"May 10, 1999",PHX,12,7,5,10,60.0,65.22,-5.22,6,4,1,3,1,2,0,0,0,0,0,0,1,1,0,0,0,0,0,0,0,0,1,2
330,Danny Manning,PHX,199905100POR,"May 10, 1999",POR,11,6,5,8,64.71,67.07,-2.36,5,6,0,0,2,2,0,0,1,3,0,0,0,0,0,0,0,0,0,0,0,0,0,0
45,George McCloud,PHX,199905100POR,"May 10, 1999",POR,15,10,4,12,48.39,63.78,-15.39,3,0,7,12,2,3,0,0,0,0,0,0,0,0,0,0,0,0,0,0,0,0,0,0
21,Greg Anthony,POR,199905100POR,"May 10, 1999",PHX,2,1,0,1,100.0,100.0,0.0,1,2,0,0,0,0,0,0,0,0,0,0,0,0,0,0,0,0,0,0,0,0,0,0
1005,Walt Williams,PHX,199905100POR,"May 10, 1999",POR,3,3,0,3,33.33,50.0,-16.67,0,0,3,3,0,0,0,0,0,0,0,0,0,0,0,0,0,0,0,0,0,0,0,0
278,Stacey Augmon,POR,199905100POR,"May 10, 1999",PHX,9,5,4,6,64.29,66.57,-2.28,3,2,0,0,1,1,0,0,2,6,0,0,0,0,0,0,0,0,0,0,0,0,0,0
356,Chris Morris,PHX,199905100POR,"May 10, 1999",POR,5,2,2,3,71.43,86.81,-15.38,1,2,1,3,1,0,0,0,0,0,0,0,0,0,0,0,0,0,0,0,0,0,0,0
988,Randy Livingston,PHX,199905100POR,"May 10, 1999",POR,12,6,4,8,75.0,77.32,-2.32,6,8,0,0,1,2,0,0,0,0,0,0,0,0,0,0,0,0,0,0,0,0,1,2
1871,Gerald Brown,PHX,199905100POR,"May 10, 1999",POR,2,1,0,1,100.0,100.0,0.0,1,2,0,0,0,0,0,0,0,0,0,0,0,0,0,0,0,0,0,0,0,0,0,0
185,Chris Webber,UTA,199905100UTA,"May 10, 1999",SAC,20,16,6,19,51.28,53.65,-2.37,15,16,1,3,1,0,0,0,0,0,0,0,0,0,0,0,0,0,0,0,0,0,2,1
304,John Stockton,UTA,199905100UTA,"May 10, 1999",SAC,13,11,6,14,41.94,47.65,-5.71,8,6,3,3,1,1,0,0,0,0,0,0,1,1,1,2,0,0,0,0,0,0,0,0
124,Vlade Divac,SAC,199905100UTA,"May 10, 1999",UTA,18,11,5,13,66.67,68.18,-1.51,10,12,0,0,2,3,0,0,1,3,0,0,0,0,0,0,0,0,0,0,0,0,0,0
1715,Jason Williams,SAC,199905100UTA,"May 10, 1999",UTA,18,10,3,12,64.29,79.51,-15.22,5,6,5,9,0,0,0,0,0,0,0,0,1,1,0,0,0,0,0,0,0,0,1,2
252,Karl Malone,UTA,199905100UTA,"May 10, 1999",SAC,33,27,8,31,52.38,54.06,-1.68,26,26,1,0,4,7,0,0,0,0,0,0,0,0,0,0,0,0,0,0,0,0,0,0
204,Jeff Hornacek,UTA,199905100UTA,"May 10, 1999",SAC,6,12,0,12,23.08,25.0,-1.92,10,6,2,0,0,0,0,0,0,0,0,0,0,0,0,0,0,0,0,0,0,0,0,0
1505,Tariq Abdul-Wahad,SAC,199905100UTA,"May 10, 1999",UTA,8,6,4,8,50.0,51.55,-1.55,6,4,0,0,2,4,0,0,0,0,0,0,0,0,0,0,0,0,0,0,0,0,0,0
722,Corliss Williamson,SAC,199905100UTA,"May 10, 1999",UTA,9,7,1,7,60.0,60.48,-0.48,6,6,0,0,0,0,0,0,1,3,0,0,0,0,0,0,0,0,0,0,0,0,0,0
935,Bryon Russell,UTA,199905100UTA,"May 10, 1999",SAC,12,10,4,12,48.0,51.02,-3.02,9,8,1,0,1,2,0,0,0,0,0,0,0,0,0,0,0,0,0,0,0,0,1,2
731,Greg Ostertag,UTA,199905100UTA,"May 10, 1999",SAC,2,3,0,3,33.33,33.33,0.0,3,2,0,0,0,0,0,0,0,0,0,0,0,0,0,0,0,0,0,0,0,0,0,0
458,Howard Eisley,UTA,199905100UTA,"May 10, 1999",SAC,7,6,3,8,38.89,47.81,-8.92,3,4,3,0,0,0,0,0,0,0,0,0,1,1,0,0,0,0,0,0,0,0,1,2
1513,Scot Pollard,SAC,199905100UTA,"May 10, 1999",UTA,4,3,0,3,66.67,66.67,0.0,3,4,0,0,0,0,0,0,0,0,0,0,0,0,0,0,0,0,0,0,0,0,0,0
323,Greg Foster,UTA,199905100UTA,"May 10, 1999",SAC,4,4,0,4,50.0,50.0,0.0,4,4,0,0,0,0,0,0,0,0,0,0,0,0,0,0,0,0,0,0,0,0,0,0
1847,Thurl Bailey,UTA,199905100UTA,"May 10, 1999",SAC,5,5,2,6,41.67,42.52,-0.85,5,4,0,0,1,1,0,0,0,0,0,0,0,0,0,0,0,0,0,0,0,0,0,0
468,Jon Barry,SAC,199905100UTA,"May 10, 1999",UTA,11,7,6,11,45.83,57.05,-11.22,3,0,4,6,0,0,0,0,0,0,0,0,1,1,1,1,0,0,0,0,0,0,2,3
137,Vernon Maxwell,SAC,199905100UTA,"May 10, 1999",UTA,12,11,2,12,41.38,50.51,-9.13,6,4,5,6,1,2,0,0,0,0,0,0,0,0,0,0,0,0,0,0,0,0,0,0
957,Todd Fuller,UTA,199905100UTA,"May 10, 1999",SAC,0,1,0,1,0.0,0.0,0.0,1,0,0,0,0,0,0,0,0,0,0,0,0,0,0,0,0,0,0,0,0,0,0,0
1000,Shandon Anderson,UTA,199905100UTA,"May 10, 1999",SAC,8,4,6,7,53.33,60.24,-6.91,3,4,1,0,3,4,0,0,0,0,0,0,0,0,0,0,0,0,0,0,0,0,0,0
978,Peja Stojakovic,SAC,199905100UTA,"May 10, 1999",UTA,0,1,0,1,0.0,0.0,0.0,1,0,0,0,0,0,0,0,0,0,0,0,0,0,0,0,0,0,0,0,0,0,0,0
1501,Tim Thomas,MIL,199905110IND,"May 11, 1999",IND,2,2,0,2,40.0,50.0,-10.0,1,2,1,0,0,0,0,0,0,0,0,0,0,0,0,0,0,0,0,0,0,0,0,0
397,Reggie Miller,IND,199905110IND,"May 11, 1999",MIL,30,25,9,30,40.0,51.8,-11.8,9,12,16,9,2,4,0,0,0,0,0,0,1,1,0,0,0,0,0,0,0,0,2,4
208,Sam Cassell,MIL,199905110IND,"May 11, 1999",IND,17,9,8,13,65.38,67.89,-2.51,9,10,0,0,2,3,0,0,0,0,0,0,0,0,0,0,0,0,0,0,0,0,2,4
951,Ray Allen,MIL,199905110IND,"May 11, 1999",IND,25,17,4,19,53.19,66.63,-13.44,8,8,9,15,2,2,0,0,0,0,0,0,0,0,0,0,0,0,0,0,0,0,0,0
22,Rik Smits,IND,199905110IND,"May 11, 1999",MIL,6,7,0,7,42.86,42.86,0.0,7,6,0,0,0,0,0,0,0,0,0,0,0,0,0,0,0,0,0,0,0,0,0,0
904,Chris Mullin,IND,199905110IND,"May 11, 1999",MIL,6,7,0,7,28.57,42.86,-14.29,0,0,7,6,0,0,0,0,0,0,0,0,0,0,0,0,0,0,0,0,0,0,0,0
905,Dale Davis,IND,199905110IND,"May 11, 1999",MIL,7,6,2,7,50.0,50.87,-0.87,6,6,0,0,1,1,0,0,0,0,0,0,0,0,0,0,0,0,0,0,0,0,0,0
299,Glenn Robinson,MIL,199905110IND,"May 11, 1999",IND,23,19,8,23,46.94,51.07,-4.13,16,10,3,6,3,5,0,0,0,0,0,0,0,0,0,0,0,0,0,0,0,0,1,2
911,Ervin Johnson,MIL,199905110IND,"May 11, 1999",IND,9,9,2,9,45.0,45.55,-0.55,7,4,0,0,0,0,0,0,2,5,0,0,0,0,0,0,0,0,0,0,0,0,0,0
349,Mark Jackson,MIL,199905110IND,"May 11, 1999",IND,13,9,6,12,48.15,55.84,-7.69,6,2,3,6,3,5,0,0,0,0,0,0,0,0,0,0,0,0,0,0,0,0,0,0
1714,Robert Traylor,MIL,199905110IND,"May 11, 1999",IND,10,6,0,6,83.33,83.33,0.0,6,10,0,0,0,0,0,0,0,0,0,0,0,0,0,0,0,0,0,0,0,0,0,0
906,Haywoode Workman,MIL,199905110IND,"May 11, 1999",IND,9,5,4,6,64.29,66.57,-2.28,3,2,0,0,1,1,0,0,2,6,0,0,0,0,0,0,0,0,0,0,0,0,0,0
696,Travis Best,IND,199905110IND,"May 11, 1999",MIL,2,1,2,2,40.0,53.19,-13.19,0,0,1,0,0,0,0,0,0,0,0,0,0,0,0,0,0,0,0,0,0,0,1,2
213,Antonio Davis,IND,199905110IND,"May 11, 1999",MIL,9,3,4,4,90.0,94.54,-4.54,1,2,0,0,0,0,0,0,2,5,0,0,0,0,0,0,0,0,0,0,0,0,1,2
147,Jalen Rose,IND,199905110IND,"May 11, 1999",MIL,14,11,4,13,51.85,54.86,-3.01,10,8,1,3,0,0,0,0,0,0,0,0,0,0,0,0,0,0,0,0,0,0,2,3
365,Derrick McKey,IND,199905110IND,"May 11, 1999",MIL,7,1,10,6,58.33,64.81,-6.48,1,0,0,0,2,2,0,0,0,0,0,0,0,0,0,0,0,0,0,0,0,0,3,5
209,Dell Curry,MIL,199905110IND,"May 11, 1999",IND,0,3,0,3,0.0,0.0,0.0,2,0,1,0,0,0,0,0,0,0,0,0,0,0,0,0,0,0,0,0,0,0,0,0
688,Michael Curry,MIL,199905110IND,"May 11, 1999",IND,10,6,2,7,66.67,72.67,-6.0,5,8,1,0,1,2,0,0,0,0,0,0,0,0,0,0,0,0,0,0,0,0,0,0
64,Sam Perkins,IND,199905110IND,"May 11, 1999",MIL,14,6,3,7,73.68,95.63,-21.95,1,2,4,9,1,1,0,0,1,2,0,0,0,0,0,0,0,0,0,0,0,0,0,0
697,Fred Hoiberg,IND,199905110IND,"May 11, 1999",MIL,0,1,0,1,0.0,0.0,0.0,1,0,0,0,0,0,0,0,0,0,0,0,0,0,0,0,0,0,0,0,0,0,0,0
288,Armen Gilliam,MIL,199905110IND,"May 11, 1999",IND,2,2,0,2,50.0,50.0,0.0,2,2,0,0,0,0,0,0,0,0,0,0,0,0,0,0,0,0,0,0,0,0,0,0
1722,Michael Dickerson,HOU,199905110LAL,"May 11, 1999",LAL,0,8,0,8,0.0,0.0,0.0,6,0,2,0,0,0,0,0,0,0,0,0,0,0,0,0,0,0,0,0,0,0,0,0
462,J.R. Reid,LAL,199905110LAL,"May 11, 1999",HOU,4,4,0,4,50.0,50.0,0.0,4,4,0,0,0,0,0,0,0,0,0,0,0,0,0,0,0,0,0,0,0,0,0,0
406,Shaquille O'Neal,LAL,199905110LAL,"May 11, 1999",HOU,28,21,9,25,54.9,56.09,-1.19,20,22,0,0,3,3,0,0,1,2,0,0,0,0,0,0,0,0,0,0,0,0,1,1
787,Charles Barkley,HOU,199905110LAL,"May 11, 1999",LAL,19,13,8,17,51.35,57.51,-6.16,10,8,3,6,3,4,0,0,0,0,0,0,0,0,0,0,0,0,0,0,0,0,1,1
977,Kobe Bryant,LAL,199905110LAL,"May 11, 1999",HOU,19,15,2,16,54.29,59.82,-5.53,12,14,3,3,1,2,0,0,0,0,0,0,0,0,0,0,0,0,0,0,0,0,0,0
165,Hakeem Olajuwon,LAL,199905110LAL,"May 11, 1999",HOU,8,10,2,11,36.36,36.76,-0.4,10,6,0,0,1,2,0,0,0,0,0,0,0,0,0,0,0,0,0,0,0,0,0,0
937,Scottie Pippen,HOU,199905110LAL,"May 11, 1999",LAL,3,7,4,9,14.29,17.12,-2.83,4,0,3,0,2,3,0,0,0,0,0,0,0,0,0,0,0,0,0,0,0,0,0,0
779,Glen Rice,LAL,199905110LAL,"May 11, 1999",HOU,14,12,0,12,50.0,58.33,-8.33,8,8,4,6,0,0,0,0,0,0,0,0,0,0,0,0,0,0,0,0,0,0,0,0
965,Derek Fisher,LAL,199905110LAL,"May 11, 1999",HOU,16,11,0,11,57.14,72.73,-15.59,5,4,6,12,0,0,0,0,0,0,0,0,0,0,0,0,0,0,0,0,0,0,0,0
109,Robert Horry,LAL,199905110LAL,"May 11, 1999",HOU,6,3,2,4,66.67,77.32,-10.65,2,2,1,3,1,1,0,0,0,0,0,0,0,0,0,0,0,0,0,0,0,0,0,0
1749,Cuttino Mobley,HOU,199905110LAL,"May 11, 1999",LAL,6,3,0,3,66.67,100.0,-33.33,0,0,3,6,0,0,0,0,0,0,0,0,0,0,0,0,0,0,0,0,0,0,0,0
914,Stanley Roberts,HOU,199905110LAL,"May 11, 1999",LAL,1,4,2,5,10.0,10.25,-0.25,4,0,0,0,1,1,0,0,0,0,0,0,0,0,0,0,0,0,0,0,0,0,0,0
399,Sean Rooks,LAL,199905110LAL,"May 11, 1999",HOU,5,2,4,4,62.5,66.49,-3.99,2,2,0,0,1,1,0,0,0,0,0,0,0,0,0,0,0,0,0,0,0,0,1,2
156,Antoine Carr,HOU,199905110LAL,"May 11, 1999",LAL,4,3,0,3,66.67,66.67,0.0,3,4,0,0,0,0,0,0,0,0,0,0,0,0,0,0,0,0,0,0,0,0,0,0
296,Rick Fox,LAL,199905110LAL,"May 11, 1999",HOU,9,8,0,8,50.0,56.25,-6.25,6,6,2,3,0,0,0,0,0,0,0,0,0,0,0,0,0,0,0,0,0,0,0,0
694,Sam Mack,HOU,199905110LAL,"May 11, 1999",LAL,20,13,6,16,47.62,63.94,-16.32,3,2,10,12,0,0,0,0,0,0,0,0,0,0,0,0,0,0,0,0,0,0,3,6
157,Derek Harper,LAL,199905110LAL,"May 11, 1999",HOU,7,4,0,4,70.0,87.5,-17.5,2,4,2,3,0,0,0,0,0,0,0,0,0,0,0,0,0,0,0,0,0,0,0,0
970,Othella Harrington,HOU,199905110LAL,"May 11, 1999",LAL,12,6,2,7,85.71,87.21,-1.5,6,10,0,0,1,2,0,0,0,0,0,0,0,0,0,0,0,0,0,0,0,0,0,0
85,Brent Price,HOU,199905110LAL,"May 11, 1999",LAL,18,9,4,11,69.23,83.64,-14.41,5,8,4,6,1,2,0,0,0,0,0,0,0,0,0,0,0,0,0,0,0,0,1,2
672,Matt Bullard,HOU,199905110LAL,"May 11, 1999",LAL,5,1,2,2,100.0,132.98,-32.98,0,0,1,3,1,2,0,0,0,0,0,0,0,0,0,0,0,0,0,0,0,0,0,0
1724,Bryce Drew,HOU,199905110LAL,"May 11, 1999",LAL,2,1,2,2,50.0,53.19,-3.19,1,2,0,0,0,0,0,0,0,0,0,0,0,0,0,0,0,0,0,0,0,0,1,0
1731,Tyronn Lue,LAL,199905110LAL,"May 11, 1999",HOU,2,1,0,1,100.0,100.0,0.0,1,2,0,0,0,0,0,0,0,0,0,0,0,0,0,0,0,0,0,0,0,0,0,0
969,Travis Knight,LAL,199905110LAL,"May 11, 1999",HOU,0,1,0,1,0.0,0.0,0.0,1,0,0,0,0,0,0,0,0,0,0,0,0,0,0,0,0,0,0,0,0,0,0,0
1739,Ruben Patterson,LAL,199905110LAL,"May 11, 1999",HOU,0,1,0,1,0.0,0.0,0.0,1,0,0,0,0,0,0,0,0,0,0,0,0,0,0,0,0,0,0,0,0,0,0,0
270,Horace Grant,ORL,199905110ORL,"May 11, 1999",PHI,7,7,4,9,38.89,39.95,-1.06,7,6,0,0,1,0,0,0,0,0,0,0,0,0,0,0,0,0,0,0,0,0,1,1
689,Theo Ratliff,PHI,199905110ORL,"May 11, 1999",ORL,7,7,2,8,43.75,44.42,-0.67,7,6,0,0,1,1,0,0,0,0,0,0,0,0,0,0,0,0,0,0,0,0,0,0
727,Eric Snow,PHI,199905110ORL,"May 11, 1999",ORL,12,10,0,10,57.14,60.0,-2.86,9,12,1,0,0,0,0,0,0,0,0,0,0,0,0,0,0,0,0,0,0,0,0,0
947,Allen Iverson,PHI,199905110ORL,"May 11, 1999",ORL,13,15,6,18,30.23,36.85,-6.62,8,6,7,3,1,1,0,0,0,0,0,0,0,0,0,0,0,0,0,0,0,0,2,3
1134,Ike Austin,ORL,199905110ORL,"May 11, 1999",PHI,8,9,0,9,44.44,44.44,0.0,9,8,0,0,0,0,0,0,0,0,0,0,0,0,0,0,0,0,0,0,0,0,0,0
761,Matt Geiger,ORL,199905110ORL,"May 11, 1999",PHI,7,15,2,16,21.21,22.04,-0.83,14,6,1,0,1,1,0,0,0,0,0,0,0,0,0,0,0,0,0,0,0,0,0,0
98,Nick Anderson,ORL,199905110ORL,"May 11, 1999",PHI,13,12,2,13,40.62,50.47,-9.85,6,8,6,3,0,0,0,0,0,0,0,0,0,0,0,0,0,0,0,0,0,0,1,2
248,George Lynch,PHI,199905110ORL,"May 11, 1999",ORL,6,9,0,9,31.58,33.33,-1.75,8,6,1,0,0,0,0,0,0,0,0,0,0,0,0,0,0,0,0,0,0,0,0,0
353,Darrell Armstrong,ORL,199905110ORL,"May 11, 1999",PHI,12,8,6,11,48.0,56.39,-8.39,5,6,3,0,1,2,0,0,0,0,0,0,0,0,0,0,0,0,0,0,0,0,2,4
358,Anfernee Hardaway,ORL,199905110ORL,"May 11, 1999",PHI,22,15,9,19,53.66,58.02,-4.36,12,12,2,0,1,2,0,0,1,3,0,0,0,0,0,0,0,0,0,0,0,0,3,5
243,Aaron McKie,PHI,199905110ORL,"May 11, 1999",ORL,11,8,3,9,57.89,59.01,-1.12,7,6,0,0,1,2,0,0,1,3,0,0,0,0,0,0,0,0,0,0,0,0,0,0
1723,Matt Harpring,ORL,199905110ORL,"May 11, 1999",PHI,10,11,2,12,37.04,42.09,-5.05,8,6,3,3,0,0,0,0,0,0,0,0,0,0,0,0,0,0,0,0,0,0,1,1
448,Bo Outlaw,ORL,199905110ORL,"May 11, 1999",PHI,5,3,2,4,62.5,64.43,-1.93,3,4,0,0,1,1,0,0,0,0,0,0,0,0,0,0,0,0,0,0,0,0,0,0
1720,Michael Doleac,ORL,199905110ORL,"May 11, 1999",PHI,2,5,2,6,15.38,17.01,-1.63,4,0,1,0,1,2,0,0,0,0,0,0,0,0,0,0,0,0,0,0,0,0,0,0
1716,Larry Hughes,PHI,199905110ORL,"May 11, 1999",ORL,12,10,4,12,48.0,51.02,-3.02,9,8,1,0,1,2,0,0,0,0,0,0,0,0,0,0,0,0,0,0,0,0,1,2
251,Sean Elliott,SAS,199905110SAS,"May 11, 1999",MIN,13,10,6,13,48.15,51.42,-3.27,9,8,1,0,2,3,0,0,0,0,0,0,0,0,0,0,0,0,0,0,0,0,1,2
1051,Dean Garrett,MIN,199905110SAS,"May 11, 1999",SAS,7,8,3,9,36.84,37.55,-0.71,7,4,0,0,1,0,0,0,1,3,0,0,0,0,0,0,0,0,0,0,0,0,0,0
210,Terrell Brandon,MIN,199905110SAS,"May 11, 1999",SAS,18,17,5,20,46.15,46.88,-0.73,17,14,0,0,0,0,0,0,0,0,0,0,1,1,0,0,0,0,0,0,0,0,2,3
708,Kevin Garnett,MIN,199905110SAS,"May 11, 1999",SAS,23,22,2,23,50.0,50.26,-0.26,22,22,0,0,0,0,0,0,0,0,0,0,0,0,0,0,0,0,0,0,0,0,1,1
422,Avery Johnson,SAS,199905110SAS,"May 11, 1999",MIN,16,11,8,15,53.33,55.1,-1.77,11,12,0,0,2,3,0,0,0,0,0,0,0,0,1,0,0,0,0,0,0,0,1,1
324,Anthony Peeler,MIN,199905110SAS,"May 11, 1999",SAS,11,13,0,13,34.38,42.31,-7.93,7,2,6,9,0,0,0,0,0,0,0,0,0,0,0,0,0,0,0,0,0,0,0,0
693,Joe Smith,SAS,199905110SAS,"May 11, 1999",MIN,4,8,2,9,22.22,22.52,-0.3,8,2,0,0,1,2,0,0,0,0,0,0,0,0,0,0,0,0,0,0,0,0,0,0
764,David Robinson,SAS,199905110SAS,"May 11, 1999",MIN,11,6,6,9,61.11,63.66,-2.55,6,6,0,0,2,4,0,0,0,0,0,0,0,0,0,0,0,0,0,0,0,0,1,1
1495,Tim Duncan,SAS,199905110SAS,"May 11, 1999",MIN,18,15,2,16,56.25,56.68,-0.43,15,18,0,0,1,0,0,0,0,0,0,0,0,0,0,0,0,0,0,0,0,0,0,0
53,Mario Elie,SAS,199905110SAS,"May 11, 1999",MIN,6,12,2,13,20.69,23.29,-2.6,9,4,3,0,1,2,0,0,0,0,0,0,0,0,0,0,0,0,0,0,0,0,0,0
417,Sam Mitchell,MIN,199905110SAS,"May 11, 1999",SAS,9,10,2,11,37.5,41.36,-3.86,8,8,2,0,1,1,0,0,0,0,0,0,0,0,0,0,0,0,0,0,0,0,0,0
907,Malik Sealy,MIN,199905110SAS,"May 11, 1999",SAS,8,8,0,8,50.0,50.0,0.0,8,8,0,0,0,0,0,0,0,0,0,0,0,0,0,0,0,0,0,0,0,0,0,0
760,Jerome Kersey,SAS,199905110SAS,"May 11, 1999",MIN,0,2,0,2,0.0,0.0,0.0,2,0,0,0,0,0,0,0,0,0,0,0,0,0,0,0,0,0,0,0,0,0,0,0
990,Malik Rose,SAS,199905110SAS,"May 11, 1999",MIN,3,1,4,3,50.0,54.35,-4.35,1,2,0,0,2,1,0,0,0,0,0,0,0,0,0,0,0,0,0,0,0,0,0,0
754,Jim Jackson,MIN,199905110SAS,"May 11, 1999",SAS,0,1,0,1,0.0,0.0,0.0,0,0,1,0,0,0,0,0,0,0,0,0,0,0,0,0,0,0,0,0,0,0,0,0
70,Steve Kerr,SAS,199905110SAS,"May 11, 1999",MIN,4,5,4,7,23.53,29.59,-6.06,2,0,3,0,0,0,0,0,0,0,0,0,0,0,0,0,0,0,0,0,0,0,2,4
304,John Stockton,UTA,199905120SAC,"May 12, 1999",SAC,5,9,2,10,22.73,25.3,-2.57,7,0,2,3,0,0,0,0,0,0,0,0,0,0,0,0,0,0,0,0,0,0,1,2
1505,Tariq Abdul-Wahad,SAC,199905120SAC,"May 12, 1999",UTA,6,6,0,6,50.0,50.0,0.0,6,6,0,0,0,0,0,0,0,0,0,0,0,0,0,0,0,0,0,0,0,0,0,0
935,Bryon Russell,UTA,199905120SAC,"May 12, 1999",SAC,5,6,2,7,35.71,36.34,-0.63,6,4,0,0,0,0,0,0,0,0,0,0,0,0,0,0,0,0,0,0,0,0,1,1
1715,Jason Williams,SAC,199905120SAC,"May 12, 1999",UTA,12,13,0,13,35.29,46.15,-10.86,5,6,8,6,0,0,0,0,0,0,0,0,0,0,0,0,0,0,0,0,0,0,0,0
185,Chris Webber,SAC,199905120SAC,"May 12, 1999",UTA,10,14,6,17,29.41,30.05,-0.64,14,8,0,0,1,0,0,0,0,0,0,0,0,0,0,0,0,0,0,0,0,0,2,2
722,Corliss Williamson,SAC,199905120SAC,"May 12, 1999",UTA,18,11,2,12,75.0,75.76,-0.76,11,16,0,0,1,2,0,0,0,0,0,0,0,0,0,0,0,0,0,0,0,0,0,0
124,Vlade Divac,SAC,199905120SAC,"May 12, 1999",UTA,22,16,8,20,51.16,56.35,-5.19,13,12,3,3,3,5,0,0,0,0,0,0,0,0,0,0,0,0,0,0,0,0,1,2
731,Greg Ostertag,UTA,199905120SAC,"May 12, 1999",SAC,3,1,6,4,37.5,41.21,-3.71,1,0,0,0,3,3,0,0,0,0,0,0,0,0,0,0,0,0,0,0,0,0,0,0
204,Jeff Hornacek,UTA,199905120SAC,"May 12, 1999",SAC,4,6,3,8,25.0,27.32,-2.32,5,2,1,0,1,2,0,0,0,0,0,0,1,0,0,0,0,0,0,0,0,0,0,0
252,Karl Malone,SAC,199905120SAC,"May 12, 1999",UTA,22,22,6,25,44.0,44.64,-0.64,22,16,0,0,3,6,0,0,0,0,0,0,0,0,0,0,0,0,0,0,0,0,0,0
1847,Thurl Bailey,UTA,199905120SAC,"May 12, 1999",SAC,4,3,0,3,66.67,66.67,0.0,3,4,0,0,0,0,0,0,0,0,0,0,0,0,0,0,0,0,0,0,0,0,0,0
1444,Lawrence Funderburke,SAC,199905120SAC,"May 12, 1999",UTA,2,1,0,1,100.0,100.0,0.0,1,2,0,0,0,0,0,0,0,0,0,0,0,0,0,0,0,0,0,0,0,0,0,0
458,Howard Eisley,UTA,199905120SAC,"May 12, 1999",SAC,21,15,2,16,58.33,66.12,-7.79,11,16,4,3,1,2,0,0,0,0,0,0,0,0,0,0,0,0,0,0,0,0,0,0
323,Greg Foster,UTA,199905120SAC,"May 12, 1999",SAC,0,1,0,1,0.0,0.0,0.0,1,0,0,0,0,0,0,0,0,0,0,0,0,0,0,0,0,0,0,0,0,0,0,0
137,Vernon Maxwell,SAC,199905120SAC,"May 12, 1999",UTA,6,12,0,12,19.35,25.0,-5.65,5,0,7,6,0,0,0,0,0,0,0,0,0,0,0,0,0,0,0,0,0,0,0,0
468,Jon Barry,SAC,199905120SAC,"May 12, 1999",UTA,0,3,0,3,0.0,0.0,0.0,0,0,3,0,0,0,0,0,0,0,0,0,0,0,0,0,0,0,0,0,0,0,0,0
1513,Scot Pollard,SAC,199905120SAC,"May 12, 1999",UTA,3,2,2,3,50.0,52.08,-2.08,2,2,0,0,0,0,0,0,0,0,0,0,0,0,0,0,0,0,0,0,0,0,1,1
1000,Shandon Anderson,UTA,199905120SAC,"May 12, 1999",SAC,17,8,8,12,65.38,73.78,-8.4,6,8,2,3,1,1,0,0,0,0,0,0,0,0,1,2,0,0,0,0,0,0,2,3
978,Peja Stojakovic,SAC,199905120SAC,"May 12, 1999",UTA,5,5,2,6,31.25,42.52,-11.27,1,0,4,3,1,2,0,0,0,0,0,0,0,0,0,0,0,0,0,0,0,0,0,0
957,Todd Fuller,UTA,199905120SAC,"May 12, 1999",SAC,0,3,2,4,0.0,0.0,0.0,3,0,0,0,1,0,0,0,0,0,0,0,0,0,0,0,0,0,0,0,0,0,0,0
757,Damon Stoudamire,POR,199905120PHO,"May 12, 1999",PHX,9,9,4,11,36.0,41.82,-5.82,5,4,3,0,1,1,0,0,1,3,0,0,1,1,0,0,0,0,0,0,0,0,0,0
330,Danny Manning,PHX,199905120PHO,"May 12, 1999",POR,13,10,4,12,54.17,55.27,-1.1,10,10,0,0,2,3,0,0,0,0,0,0,0,0,0,0,0,0,0,0,0,0,0,0
739,Rasheed Wallace,POR,199905120PHO,"May 12, 1999",PHX,13,7,3,8,76.47,78.12,-1.65,6,8,0,0,0,0,0,0,1,3,0,0,0,0,0,0,0,0,0,0,0,0,1,2
361,Clifford Robinson,PHX,199905120PHO,"May 12, 1999",POR,24,19,5,21,51.06,56.6,-5.54,14,14,4,6,2,1,0,0,1,3,0,0,0,0,0,0,0,0,0,0,0,0,0,0
717,Arvydas Sabonis,POR,199905120PHO,"May 12, 1999",PHX,14,9,6,12,58.33,60.14,-1.81,9,8,0,0,3,6,0,0,0,0,0,0,0,0,0,0,0,0,0,0,0,0,0,0
339,Tom Gugliotta,PHX,199905120PHO,"May 12, 1999",POR,12,12,2,13,46.15,46.58,-0.43,12,10,0,0,1,2,0,0,0,0,0,0,0,0,0,0,0,0,0,0,0,0,0,0
258,Brian Grant,POR,199905120PHO,"May 12, 1999",PHX,20,12,4,14,71.43,72.67,-1.24,12,16,0,0,2,4,0,0,0,0,0,0,0,0,0,0,0,0,0,0,0,0,0,0
364,Rex Chapman,PHX,199905120PHO,"May 12, 1999",POR,5,7,1,8,31.25,33.6,-2.35,6,2,1,3,0,0,0,0,0,0,0,0,1,0,0,0,0,0,0,0,0,0,0,0
375,Isaiah Rider,POR,199905120PHO,"May 12, 1999",PHX,18,13,8,17,50.0,54.48,-4.48,11,10,2,3,1,1,0,0,0,0,0,0,0,0,1,1,0,0,0,0,0,0,2,3
979,Jermaine O'Neal,POR,199905120PHO,"May 12, 1999",PHX,5,3,4,5,50.0,52.52,-2.52,3,4,0,0,2,1,0,0,0,0,0,0,0,0,0,0,0,0,0,0,0,0,0,0
467,Jason Kidd,PHX,199905120PHO,"May 12, 1999",POR,16,12,4,14,50.0,58.14,-8.14,8,10,4,3,1,2,0,0,0,0,0,0,0,0,0,0,0,0,0,0,0,0,1,1
1727,Pat Garrity,PHX,199905120PHO,"May 12, 1999",POR,7,3,2,4,77.78,90.21,-12.43,2,2,1,3,1,2,0,0,0,0,0,0,0,0,0,0,0,0,0,0,0,0,0,0
45,George McCloud,PHX,199905120PHO,"May 12, 1999",POR,12,10,3,12,41.38,53.0,-11.62,4,4,6,6,1,1,0,0,0,0,0,0,1,1,0,0,0,0,0,0,0,0,0,0
26,Luc Longley,PHX,199905120PHO,"May 12, 1999",POR,2,2,0,2,50.0,50.0,0.0,2,2,0,0,0,0,0,0,0,0,0,0,0,0,0,0,0,0,0,0,0,0,0,0
278,Stacey Augmon,POR,199905120PHO,"May 12, 1999",PHX,0,1,0,1,0.0,0.0,0.0,1,0,0,0,0,0,0,0,0,0,0,0,0,0,0,0,0,0,0,0,0,0,0,0
988,Randy Livingston,PHX,199905120PHO,"May 12, 1999",POR,2,6,0,6,15.38,16.67,-1.29,5,2,1,0,0,0,0,0,0,0,0,0,0,0,0,0,0,0,0,0,0,0,0,0
21,Greg Anthony,POR,199905120PHO,"May 12, 1999",PHX,8,3,6,6,57.14,70.92,-13.78,1,2,2,3,1,0,0,0,0,0,0,0,0,0,0,0,0,0,0,0,0,0,2,3
1005,Walt Williams,POR,199905120PHO,"May 12, 1999",PHX,3,1,0,1,100.0,150.0,-50.0,0,0,1,3,0,0,0,0,0,0,0,0,0,0,0,0,0,0,0,0,0,0,0,0
754,Jim Jackson,POR,199905120PHO,"May 12, 1999",PHX,13,4,9,9,72.22,81.66,-9.44,3,4,1,0,2,4,0,0,0,0,0,0,1,1,0,0,0,0,0,0,0,0,2,4
703,Kurt Thomas,NYK,199905120NYK,"May 12, 1999",MIA,6,5,2,6,50.0,51.02,-1.02,5,4,0,0,0,0,0,0,0,0,0,0,0,0,0,0,0,0,0,0,0,0,1,2
297,Alonzo Mourning,MIA,199905120NYK,"May 12, 1999",NYK,18,14,8,18,50.0,51.37,-1.37,14,14,0,0,2,2,0,0,0,0,0,0,0,0,0,0,0,0,0,0,0,0,2,2
369,Charlie Ward,NYK,199905120NYK,"May 12, 1999",MIA,5,8,0,8,23.81,31.25,-7.44,3,2,5,3,0,0,0,0,0,0,0,0,0,0,0,0,0,0,0,0,0,0,0,0
121,Patrick Ewing,NYK,199905120NYK,"May 12, 1999",MIA,15,13,4,15,50.0,50.81,-0.81,13,12,0,0,0,0,0,0,0,0,0,0,0,0,0,0,0,0,0,0,0,0,2,3
896,Tim Hardaway,MIA,199905120NYK,"May 12, 1999",NYK,5,8,4,10,20.0,25.61,-5.61,3,2,5,0,0,0,1,2,0,0,0,0,1,1,0,0,0,0,0,0,0,0,0,0
136,P.J. Brown,MIA,199905120NYK,"May 12, 1999",NYK,9,9,5,11,37.5,40.18,-2.68,7,2,1,0,1,2,0,0,1,3,0,0,0,0,0,0,0,0,0,0,0,0,1,2
913,Larry Johnson,MIA,199905120NYK,"May 12, 1999",NYK,8,9,1,9,32.0,42.37,-10.37,2,0,6,6,0,0,0,0,1,2,0,0,0,0,0,0,0,0,0,0,0,0,0,0
105,Dan Majerle,MIA,199905120NYK,"May 12, 1999",NYK,0,5,0,5,0.0,0.0,0.0,0,0,5,0,0,0,0,0,0,0,0,0,0,0,0,0,0,0,0,0,0,0,0,0
275,Allan Houston,NYK,199905120NYK,"May 12, 1999",MIA,18,10,8,14,64.29,66.57,-2.28,9,8,0,0,2,4,0,0,1,3,0,0,1,1,0,0,0,0,0,0,0,0,1,2
469,Jamal Mashburn,MIA,199905120NYK,"May 12, 1999",NYK,14,14,1,14,42.42,48.48,-6.06,9,8,4,3,0,0,0,0,1,3,0,0,0,0,0,0,0,0,0,0,0,0,0,0
84,Latrell Sprewell,NYK,199905120NYK,"May 12, 1999",MIA,20,14,8,18,54.05,57.08,-3.03,13,10,1,3,4,7,0,0,0,0,0,0,0,0,0,0,0,0,0,0,0,0,0,0
201,Chris Dudley,NYK,199905120NYK,"May 12, 1999",MIA,2,1,0,1,100.0,100.0,0.0,1,2,0,0,0,0,0,0,0,0,0,0,0,0,0,0,0,0,0,0,0,0,0,0
345,Terry Porter,MIA,199905120NYK,"May 12, 1999",NYK,8,5,3,7,53.33,63.29,-9.96,3,6,2,0,1,2,0,0,0,0,0,0,1,0,0,0,0,0,0,0,0,0,0,0
173,Keith Askins,MIA,199905120NYK,"May 12, 1999",NYK,0,2,0,2,0.0,0.0,0.0,1,0,1,0,0,0,0,0,0,0,0,0,0,0,0,0,0,0,0,0,0,0,0,0
221,Clar. Weatherspoon,MIA,199905120NYK,"May 12, 1999",NYK,2,5,0,5,20.0,20.0,0.0,5,2,0,0,0,0,0,0,0,0,0,0,0,0,0,0,0,0,0,0,0,0,0,0
948,Marcus Camby,NYK,199905120NYK,"May 12, 1999",MIA,13,8,2,9,72.22,73.2,-0.98,8,12,0,0,1,1,0,0,0,0,0,0,0,0,0,0,0,0,0,0,0,0,0,0
164,Chris Childs,MIA,199905120NYK,"May 12, 1999",NYK,6,3,5,6,46.15,57.69,-11.54,1,2,2,0,1,1,0,0,0,0,0,0,1,1,0,0,0,0,0,0,0,0,1,2
702,Voshon Lenard,MIA,199905120NYK,"May 12, 1999",NYK,13,5,2,6,86.67,110.54,-23.87,2,2,3,9,0,0,0,0,0,0,0,0,0,0,0,0,0,0,0,0,0,0,1,2
190,Duane Causwell,MIA,199905120NYK,"May 12, 1999",NYK,4,0,4,2,100.0,113.64,-13.64,0,0,0,0,2,4,0,0,0,0,0,0,0,0,0,0,0,0,0,0,0,0,0,0
1594,Rick Brunson,NYK,199905120NYK,"May 12, 1999",MIA,4,2,0,2,100.0,100.0,0.0,2,4,0,0,0,0,0,0,0,0,0,0,0,0,0,0,0,0,0,0,0,0,0,0
777,Rex Walters,MIA,199905120NYK,"May 12, 1999",NYK,0,2,0,2,0.0,0.0,0.0,0,0,2,0,0,0,0,0,0,0,0,0,0,0,0,0,0,0,0,0,0,0,0,0
1110,Mark Strickland,MIA,199905120NYK,"May 12, 1999",NYK,0,1,0,1,0.0,0.0,0.0,1,0,0,0,0,0,0,0,0,0,0,0,0,0,0,0,0,0,0,0,0,0,0,0
3,Grant Long,ATL,199905120DET,"May 12, 1999",DET,10,7,7,10,47.62,49.6,-1.98,6,6,0,0,2,2,0,0,1,2,0,0,0,0,0,0,0,0,0,0,0,0,1,0
183,Bison Dele,DET,199905120DET,"May 12, 1999",ATL,12,12,0,12,50.0,50.0,0.0,12,12,0,0,0,0,0,0,0,0,0,0,0,0,0,0,0,0,0,0,0,0,0,0
302,Mookie Blaylock,ATL,199905120DET,"May 12, 1999",DET,8,14,0,14,22.86,28.57,-5.71,7,2,7,6,0,0,0,0,0,0,0,0,0,0,0,0,0,0,0,0,0,0,0,0
283,Lindsey Hunter,DET,199905120DET,"May 12, 1999",ATL,13,13,3,14,41.94,45.39,-3.45,10,8,2,0,1,2,0,0,1,3,0,0,0,0,0,0,0,0,0,0,0,0,0,0
895,Tyrone Corbin,ATL,199905120DET,"May 12, 1999",DET,16,15,0,15,44.44,53.33,-8.89,9,10,6,6,0,0,0,0,0,0,0,0,0,0,0,0,0,0,0,0,0,0,0,0
966,Jerome Williams,DET,199905120DET,"May 12, 1999",ATL,3,7,2,8,18.75,19.04,-0.29,7,2,0,0,0,0,0,0,0,0,0,0,0,0,0,0,0,0,0,0,0,0,1,1
120,Steven Smith,ATL,199905120DET,"May 12, 1999",DET,15,17,0,17,40.54,44.12,-3.58,14,12,3,3,0,0,0,0,0,0,0,0,0,0,0,0,0,0,0,0,0,0,0,0
255,Grant Hill,DET,199905120DET,"May 12, 1999",ATL,12,13,0,13,46.15,46.15,0.0,13,12,0,0,0,0,0,0,0,0,0,0,0,0,0,0,0,0,0,0,0,0,0,0
87,Dikembe Mutombo,ATL,199905120DET,"May 12, 1999",DET,8,4,8,8,50.0,53.19,-3.19,4,2,0,0,2,2,0,0,0,0,0,0,0,0,0,0,0,0,0,0,0,0,2,4
247,Joe Dumars,DET,199905120DET,"May 12, 1999",ATL,11,5,0,5,78.57,110.0,-31.43,1,2,4,9,0,0,0,0,0,0,0,0,0,0,0,0,0,0,0,0,0,0,0,0
146,Jud Buechler,DET,199905120DET,"May 12, 1999",ATL,3,5,0,5,23.08,30.0,-6.92,2,0,3,3,0,0,0,0,0,0,0,0,0,0,0,0,0,0,0,0,0,0,0,0
711,Jerry Stackhouse,DET,199905120DET,"May 12, 1999",ATL,9,11,6,14,30.0,32.99,-2.99,9,4,2,0,3,5,0,0,0,0,0,0,0,0,0,0,0,0,0,0,0,0,0,0
1533,Anthony Johnson,ATL,199905120DET,"May 12, 1999",DET,2,4,0,4,22.22,25.0,-2.78,3,2,1,0,0,0,0,0,0,0,0,0,0,0,0,0,0,0,0,0,0,0,0,0
376,Eric Montross,DET,199905120DET,"May 12, 1999",ATL,1,0,2,1,50.0,56.82,-6.82,0,0,0,0,1,1,0,0,0,0,0,0,0,0,0,0,0,0,0,0,0,0,0,0
363,Christian Laettner,DET,199905120DET,"May 12, 1999",ATL,15,10,4,12,62.5,63.78,-1.28,10,12,0,0,1,1,0,0,0,0,0,0,0,0,0,0,0,0,0,0,0,0,1,2
770,Mark West,ATL,199905120DET,"May 12, 1999",DET,0,1,0,1,0.0,0.0,0.0,1,0,0,0,0,0,0,0,0,0,0,0,0,0,0,0,0,0,0,0,0,0,0,0
1728,Roshown McLeod,ATL,199905120DET,"May 12, 1999",DET,4,2,2,3,66.67,69.44,-2.77,2,2,0,0,1,2,0,0,0,0,0,0,0,0,0,0,0,0,0,0,0,0,0,0
787,Charles Barkley,HOU,199905130HOU,"May 13, 1999",LAL,30,23,8,27,54.55,56.56,-2.01,22,24,1,0,4,6,0,0,0,0,0,0,0,0,0,0,0,0,0,0,0,0,0,0
965,Derek Fisher,LAL,199905130HOU,"May 13, 1999",HOU,7,8,3,9,29.17,37.55,-8.38,2,4,5,0,0,0,0,0,1,2,0,0,0,0,1,1,0,0,0,0,0,0,0,0
462,J.R. Reid,LAL,199905130HOU,"May 13, 1999",HOU,8,3,4,5,80.0,84.03,-4.03,3,4,0,0,2,4,0,0,0,0,0,0,0,0,0,0,0,0,0,0,0,0,0,0
937,Scottie Pippen,HOU,199905130HOU,"May 13, 1999",LAL,37,27,12,33,52.11,57.31,-5.2,22,18,5,9,4,6,0,0,0,0,0,0,0,0,0,0,0,0,0,0,0,0,2,4
977,Kobe Bryant,LAL,199905130HOU,"May 13, 1999",HOU,13,17,2,18,32.5,36.35,-3.85,13,8,4,3,1,2,0,0,0,0,0,0,0,0,0,0,0,0,0,0,0,0,0,0
1749,Cuttino Mobley,HOU,199905130HOU,"May 13, 1999",LAL,5,2,2,3,71.43,86.81,-15.38,1,0,1,3,0,0,0,0,0,0,0,0,0,0,0,0,0,0,0,0,0,0,1,2
165,Hakeem Olajuwon,HOU,199905130HOU,"May 13, 1999",LAL,5,12,1,12,20.0,20.1,-0.1,11,2,0,0,0,0,0,0,1,3,0,0,0,0,0,0,0,0,0,0,0,0,0,0
406,Shaquille O'Neal,LAL,199905130HOU,"May 13, 1999",HOU,26,22,16,29,43.33,44.77,-1.44,20,14,0,0,4,4,0,0,2,5,0,0,0,0,0,0,0,0,0,0,0,0,3,3
779,Glen Rice,LAL,199905130HOU,"May 13, 1999",HOU,13,13,2,14,38.24,46.83,-8.59,6,6,6,3,0,0,0,0,1,3,0,0,1,1,0,0,0,0,0,0,0,0,0,0
156,Antoine Carr,HOU,199905130HOU,"May 13, 1999",LAL,2,6,0,6,16.67,16.67,0.0,6,2,0,0,0,0,0,0,0,0,0,0,0,0,0,0,0,0,0,0,0,0,0,0
296,Rick Fox,LAL,199905130HOU,"May 13, 1999",HOU,5,7,0,7,29.41,35.71,-6.3,4,2,3,3,0,0,0,0,0,0,0,0,0,0,0,0,0,0,0,0,0,0,0,0
694,Sam Mack,HOU,199905130HOU,"May 13, 1999",LAL,6,7,5,10,26.09,32.61,-6.52,3,0,4,3,1,1,0,0,0,0,0,0,1,1,0,0,0,0,0,0,0,0,1,1
157,Derek Harper,LAL,199905130HOU,"May 13, 1999",HOU,8,7,0,7,53.33,57.14,-3.81,6,8,1,0,0,0,0,0,0,0,0,0,0,0,0,0,0,0,0,0,0,0,0,0
109,Robert Horry,LAL,199905130HOU,"May 13, 1999",HOU,8,5,6,8,42.11,52.36,-10.25,2,0,3,3,2,4,0,0,0,0,0,0,0,0,0,0,0,0,0,0,0,0,1,1
970,Othella Harrington,HOU,199905130HOU,"May 13, 1999",LAL,7,4,2,5,70.0,71.72,-1.72,4,6,0,0,1,1,0,0,0,0,0,0,0,0,0,0,0,0,0,0,0,0,0,0
85,Brent Price,HOU,199905130HOU,"May 13, 1999",LAL,10,6,2,7,55.56,72.67,-17.11,2,2,4,6,0,0,0,0,0,0,0,0,0,0,0,0,0,0,0,0,0,0,1,2
905,Dale Davis,IND,199905130MIL,"May 13, 1999",MIL,4,2,0,2,100.0,100.0,0.0,2,4,0,0,0,0,0,0,0,0,0,0,0,0,0,0,0,0,0,0,0,0,0,0
951,Ray Allen,MIL,199905130MIL,"May 13, 1999",IND,20,14,6,17,52.63,60.1,-7.47,10,10,4,6,2,3,0,0,0,0,0,0,0,0,0,0,0,0,0,0,0,0,1,1
208,Sam Cassell,IND,199905130MIL,"May 13, 1999",MIL,10,7,5,9,52.63,54.35,-1.72,6,4,0,0,1,2,0,0,1,3,0,0,0,0,0,0,0,0,0,0,0,0,1,1
904,Chris Mullin,IND,199905130MIL,"May 13, 1999",MIL,13,10,0,10,48.15,65.0,-16.85,3,4,7,9,0,0,0,0,0,0,0,0,0,0,0,0,0,0,0,0,0,0,0,0
349,Mark Jackson,IND,199905130MIL,"May 13, 1999",MIL,16,9,2,10,69.57,80.97,-11.4,6,8,3,6,0,0,0,0,0,0,0,0,0,0,0,0,0,0,0,0,0,0,1,2
911,Ervin Johnson,MIL,199905130MIL,"May 13, 1999",IND,0,1,0,1,0.0,0.0,0.0,1,0,0,0,0,0,0,0,0,0,0,0,0,0,0,0,0,0,0,0,0,0,0,0
397,Reggie Miller,IND,199905130MIL,"May 13, 1999",MIL,33,19,14,26,51.56,65.58,-14.02,7,6,12,15,2,3,1,3,0,0,0,0,1,1,0,0,0,0,0,0,0,0,3,5
299,Glenn Robinson,MIL,199905130MIL,"May 13, 1999",IND,23,16,6,19,54.76,61.7,-6.94,12,12,4,6,1,2,0,0,0,0,0,0,0,0,0,0,0,0,0,0,0,0,2,3
22,Rik Smits,MIL,199905130MIL,"May 13, 1999",IND,8,10,0,10,40.0,40.0,0.0,10,8,0,0,0,0,0,0,0,0,0,0,0,0,0,0,0,0,0,0,0,0,0,0
1501,Tim Thomas,MIL,199905130MIL,"May 13, 1999",IND,12,9,6,12,50.0,51.55,-1.55,9,8,0,0,2,3,0,0,0,0,0,0,0,0,0,0,0,0,0,0,0,0,1,1
209,Dell Curry,MIL,199905130MIL,"May 13, 1999",IND,7,4,4,6,43.75,60.76,-17.01,0,0,4,3,0,0,0,0,0,0,0,0,0,0,0,0,0,0,0,0,0,0,2,4
1714,Robert Traylor,MIL,199905130MIL,"May 13, 1999",IND,3,1,2,2,75.0,79.79,-4.79,1,2,0,0,1,1,0,0,0,0,0,0,0,0,0,0,0,0,0,0,0,0,0,0
696,Travis Best,IND,199905130MIL,"May 13, 1999",MIL,3,9,1,9,13.04,15.89,-2.85,4,0,4,0,0,0,0,0,1,3,0,0,0,0,0,0,0,0,0,0,0,0,0,0
688,Michael Curry,MIL,199905130MIL,"May 13, 1999",IND,8,5,4,7,57.14,59.17,-2.03,5,4,0,0,1,2,0,0,0,0,0,0,0,0,0,0,0,0,0,0,0,0,1,2
147,Jalen Rose,IND,199905130MIL,"May 13, 1999",MIL,7,10,0,10,29.17,35.0,-5.83,6,4,4,3,0,0,0,0,0,0,0,0,0,0,0,0,0,0,0,0,0,0,0,0
213,Antonio Davis,IND,199905130MIL,"May 13, 1999",MIL,4,8,2,9,22.22,22.52,-0.3,8,2,0,0,1,2,0,0,0,0,0,0,0,0,0,0,0,0,0,0,0,0,0,0
365,Derrick McKey,IND,199905130MIL,"May 13, 1999",MIL,3,4,2,5,27.27,30.74,-3.47,3,2,1,0,0,0,0,0,0,0,0,0,0,0,0,0,0,0,0,0,0,0,1,1
906,Haywoode Workman,MIL,199905130MIL,"May 13, 1999",IND,2,3,0,3,28.57,33.33,-4.76,2,2,1,0,0,0,0,0,0,0,0,0,0,0,0,0,0,0,0,0,0,0,0,0
288,Armen Gilliam,MIL,199905130MIL,"May 13, 1999",IND,6,7,0,7,42.86,42.86,0.0,7,6,0,0,0,0,0,0,0,0,0,0,0,0,0,0,0,0,0,0,0,0,0,0
64,Sam Perkins,IND,199905130MIL,"May 13, 1999",MIL,8,2,2,3,100.0,138.89,-38.89,0,0,2,6,0,0,0,0,0,0,0,0,0,0,0,0,0,0,0,0,0,0,1,2
764,David Robinson,SAS,199905130MIN,"May 13, 1999",MIN,17,12,4,14,60.71,61.77,-1.06,12,14,0,0,1,2,0,0,0,0,0,0,0,0,0,0,0,0,0,0,0,0,1,1
708,Kevin Garnett,MIN,199905130MIN,"May 13, 1999",SAS,23,19,6,22,52.27,53.14,-0.87,19,18,0,0,3,5,0,0,0,0,0,0,0,0,0,0,0,0,0,0,0,0,0,0
1051,Dean Garrett,MIN,199905130MIN,"May 13, 1999",SAS,6,4,0,4,75.0,75.0,0.0,4,6,0,0,0,0,0,0,0,0,0,0,0,0,0,0,0,0,0,0,0,0,0,0
210,Terrell Brandon,MIN,199905130MIN,"May 13, 1999",SAS,16,17,0,17,47.06,47.06,0.0,17,16,0,0,0,0,0,0,0,0,0,0,0,0,0,0,0,0,0,0,0,0,0,0
53,Mario Elie,SAS,199905130MIN,"May 13, 1999",MIN,9,9,2,10,39.13,45.55,-6.42,6,4,3,3,1,2,0,0,0,0,0,0,0,0,0,0,0,0,0,0,0,0,0,0
422,Avery Johnson,SAS,199905130MIN,"May 13, 1999",MIN,24,15,0,15,80.0,80.0,0.0,15,24,0,0,0,0,0,0,0,0,0,0,0,0,0,0,0,0,0,0,0,0,0,0
324,Anthony Peeler,MIN,199905130MIN,"May 13, 1999",SAS,5,7,0,7,33.33,35.71,-2.38,6,2,1,3,0,0,0,0,0,0,0,0,0,0,0,0,0,0,0,0,0,0,0,0
693,Joe Smith,MIN,199905130MIN,"May 13, 1999",SAS,7,9,4,11,31.82,32.53,-0.71,9,4,0,0,2,3,0,0,0,0,0,0,0,0,0,0,0,0,0,0,0,0,0,0
1495,Tim Duncan,SAS,199905130MIN,"May 13, 1999",MIN,15,17,3,18,40.54,40.94,-0.4,16,10,0,0,1,2,0,0,1,3,0,0,0,0,0,0,0,0,0,0,0,0,0,0
251,Sean Elliott,SAS,199905130MIN,"May 13, 1999",MIN,7,7,0,7,46.67,50.0,-3.33,6,4,1,3,0,0,0,0,0,0,0,0,0,0,0,0,0,0,0,0,0,0,0,0
907,Malik Sealy,MIN,199905130MIN,"May 13, 1999",SAS,1,8,2,9,5.56,5.63,-0.07,8,0,0,0,1,1,0,0,0,0,0,0,0,0,0,0,0,0,0,0,0,0,0,0
417,Sam Mitchell,MIN,199905130MIN,"May 13, 1999",SAS,4,7,4,9,20.0,22.83,-2.83,5,2,2,0,2,2,0,0,0,0,0,0,0,0,0,0,0,0,0,0,0,0,0,0
760,Jerome Kersey,SAS,199905130MIN,"May 13, 1999",MIN,4,6,0,6,30.77,33.33,-2.56,5,4,1,0,0,0,0,0,0,0,0,0,0,0,0,0,0,0,0,0,0,0,0,0
990,Malik Rose,SAS,199905130MIN,"May 13, 1999",MIN,2,3,2,4,25.0,25.77,-0.77,3,2,0,0,0,0,0,0,0,0,0,0,0,0,0,0,0,0,0,0,0,0,1,0
1498,Antonio Daniels,SAS,199905130MIN,"May 13, 1999",MIN,2,0,2,1,100.0,113.64,-13.64,0,0,0,0,1,2,0,0,0,0,0,0,0,0,0,0,0,0,0,0,0,0,0,0
1114,Jaren Jackson,SAS,199905130MIN,"May 13, 1999",MIN,3,5,0,5,21.43,30.0,-8.57,1,0,4,3,0,0,0,0,0,0,0,0,0,0,0,0,0,0,0,0,0,0,0,0
1517,Bobby Jackson,MIN,199905130MIN,"May 13, 1999",SAS,2,4,0,4,22.22,25.0,-2.78,3,2,1,0,0,0,0,0,0,0,0,0,0,0,0,0,0,0,0,0,0,0,0,0
67,Tom Hammonds,MIN,199905130MIN,"May 13, 1999",SAS,2,0,2,1,100.0,113.64,-13.64,0,0,0,0,0,0,0,0,0,0,0,0,0,0,0,0,0,0,0,0,0,0,1,2
1725,Rasho Nesterovic,MIN,199905130MIN,"May 13, 1999",SAS,2,2,0,2,50.0,50.0,0.0,2,2,0,0,0,0,0,0,0,0,0,0,0,0,0,0,0,0,0,0,0,0,0,0
381,James Robinson,MIN,199905130MIN,"May 13, 1999",SAS,3,3,0,3,37.5,50.0,-12.5,1,0,2,3,0,0,0,0,0,0,0,0,0,0,0,0,0,0,0,0,0,0,0,0
1562,Gerard King,SAS,199905130MIN,"May 13, 1999",MIN,2,2,0,2,50.0,50.0,0.0,2,2,0,0,0,0,0,0,0,0,0,0,0,0,0,0,0,0,0,0,0,0,0,0
270,Horace Grant,ORL,199905130PHI,"May 13, 1999",PHI,4,6,0,6,33.33,33.33,0.0,6,4,0,0,0,0,0,0,0,0,0,0,0,0,0,0,0,0,0,0,0,0,0,0
761,Matt Geiger,PHI,199905130PHI,"May 13, 1999",ORL,4,6,0,6,33.33,33.33,0.0,6,4,0,0,0,0,0,0,0,0,0,0,0,0,0,0,0,0,0,0,0,0,0,0
947,Allen Iverson,PHI,199905130PHI,"May 13, 1999",ORL,33,28,6,31,47.14,53.85,-6.71,20,22,8,9,3,2,0,0,0,0,0,0,0,0,0,0,0,0,0,0,0,0,0,0
353,Darrell Armstrong,ORL,199905130PHI,"May 13, 1999",PHI,15,14,6,17,37.5,45.07,-7.57,8,6,6,3,2,4,0,0,0,0,0,0,0,0,0,0,0,0,0,0,0,0,1,2
248,George Lynch,PHI,199905130PHI,"May 13, 1999",ORL,17,10,3,11,73.91,75.09,-1.18,9,12,0,0,0,0,0,0,1,3,0,0,0,0,0,0,0,0,0,0,0,0,1,2
1134,Ike Austin,ORL,199905130PHI,"May 13, 1999",PHI,4,5,0,5,36.36,40.0,-3.64,4,4,1,0,0,0,0,0,0,0,0,0,0,0,0,0,0,0,0,0,0,0,0,0
689,Theo Ratliff,PHI,199905130PHI,"May 13, 1999",ORL,4,6,4,8,25.0,25.77,-0.77,6,2,0,0,2,2,0,0,0,0,0,0,0,0,0,0,0,0,0,0,0,0,0,0
358,Anfernee Hardaway,ORL,199905130PHI,"May 13, 1999",PHI,18,12,2,13,56.25,69.88,-13.63,6,4,6,12,0,0,0,0,0,0,0,0,0,0,0,0,0,0,0,0,0,0,1,2
727,Eric Snow,PHI,199905130PHI,"May 13, 1999",ORL,13,12,4,14,46.43,47.24,-0.81,12,10,0,0,1,1,0,0,0,0,0,0,0,0,0,0,0,0,0,0,0,0,1,2
98,Nick Anderson,ORL,199905130PHI,"May 13, 1999",PHI,23,19,4,21,43.4,55.39,-11.99,8,8,11,12,2,3,0,0,0,0,0,0,0,0,0,0,0,0,0,0,0,0,0,0
448,Bo Outlaw,ORL,199905130PHI,"May 13, 1999",PHI,7,4,5,6,53.85,56.45,-2.6,3,2,0,0,1,1,0,0,1,3,0,0,0,0,0,0,0,0,0,0,0,0,1,1
1723,Matt Harpring,ORL,199905130PHI,"May 13, 1999",PHI,10,7,7,10,45.45,49.6,-4.15,5,2,1,0,3,5,0,0,1,3,0,0,0,0,0,0,0,0,0,0,0,0,0,0
238,Tyrone Hill,PHI,199905130PHI,"May 13, 1999",ORL,11,9,2,10,55.0,55.67,-0.67,9,10,0,0,1,1,0,0,0,0,0,0,0,0,0,0,0,0,0,0,0,0,0,0
1716,Larry Hughes,PHI,199905130PHI,"May 13, 1999",ORL,13,12,4,14,46.43,47.24,-0.81,12,10,0,0,1,2,0,0,0,0,0,0,0,0,0,0,0,0,0,0,0,0,1,1
1720,Michael Doleac,ORL,199905130PHI,"May 13, 1999",PHI,2,1,4,3,33.33,36.23,-2.9,1,0,0,0,2,2,0,0,0,0,0,0,0,0,0,0,0,0,0,0,0,0,0,0
243,Aaron McKie,PHI,199905130PHI,"May 13, 1999",ORL,2,5,0,5,20.0,20.0,0.0,5,2,0,0,0,0,0,0,0,0,0,0,0,0,0,0,0,0,0,0,0,0,0,0
1122,Dominique Wilkins,ORL,199905130PHI,"May 13, 1999",PHI,2,2,0,2,50.0,50.0,0.0,2,2,0,0,0,0,0,0,0,0,0,0,0,0,0,0,0,0,0,0,0,0,0,0
7,Dan Schayes,ORL,199905130PHI,"May 13, 1999",PHI,0,1,0,1,0.0,0.0,0.0,1,0,0,0,0,0,0,0,0,0,0,0,0,0,0,0,0,0,0,0,0,0,0,0
328,Rick Mahorn,PHI,199905130PHI,"May 13, 1999",ORL,0,1,0,1,0.0,0.0,0.0,1,0,0,0,0,0,0,0,0,0,0,0,0,0,0,0,0,0,0,0,0,0,0,0
255,Grant Hill,DET,199905140DET,"May 14, 1999",ATL,23,18,1,18,62.16,62.36,-0.2,17,20,0,0,0,0,0,0,1,3,0,0,0,0,0,0,0,0,0,0,0,0,0,0
302,Mookie Blaylock,ATL,199905140DET,"May 14, 1999",DET,7,8,3,10,31.82,37.55,-5.73,5,2,3,3,0,0,0,0,0,0,0,0,1,0,0,0,0,0,0,0,0,0,1,2
87,Dikembe Mutombo,ATL,199905140DET,"May 14, 1999",DET,8,4,3,5,72.73,75.19,-2.46,3,4,0,0,0,0,0,0,1,3,0,0,0,0,0,0,0,0,0,0,0,0,1,1
183,Bison Dele,ATL,199905140DET,"May 14, 1999",DET,17,8,4,10,85.0,87.09,-2.09,8,14,0,0,1,2,0,0,0,0,0,0,0,0,0,0,0,0,0,0,0,0,1,1
3,Grant Long,ATL,199905140DET,"May 14, 1999",DET,13,7,5,9,61.9,70.65,-8.75,4,4,2,3,2,3,0,0,1,3,0,0,0,0,0,0,0,0,0,0,0,0,0,0
1715,Jason Williams,ATL,199905140DET,"May 14, 1999",DET,6,4,2,5,60.0,61.48,-1.48,4,4,0,0,0,0,0,0,0,0,0,0,0,0,1,2,0,0,0,0,0,0,0,0
770,Mark West,ATL,199905140DET,"May 14, 1999",DET,0,1,0,1,0.0,0.0,0.0,1,0,0,0,0,0,0,0,0,0,0,0,0,0,0,0,0,0,0,0,0,0,0,0
895,Tyrone Corbin,DET,199905140DET,"May 14, 1999",ATL,7,8,2,9,33.33,39.41,-6.08,5,0,3,6,1,1,0,0,0,0,0,0,0,0,0,0,0,0,0,0,0,0,0,0
120,Steven Smith,ATL,199905140DET,"May 14, 1999",DET,21,13,6,15,56.76,67.14,-10.38,7,8,5,6,0,0,0,0,1,3,0,0,0,0,0,0,0,0,0,0,0,0,2,4
283,Lindsey Hunter,DET,199905140DET,"May 14, 1999",ATL,7,11,0,11,28.0,31.82,-3.82,8,4,3,3,0,0,0,0,0,0,0,0,0,0,0,0,0,0,0,0,0,0,0,0
376,Eric Montross,DET,199905140DET,"May 14, 1999",ATL,4,3,0,3,66.67,66.67,0.0,3,4,0,0,0,0,0,0,0,0,0,0,0,0,0,0,0,0,0,0,0,0,0,0
1728,Roshown McLeod,ATL,199905140DET,"May 14, 1999",DET,8,9,0,9,44.44,44.44,0.0,9,8,0,0,0,0,0,0,0,0,0,0,0,0,0,0,0,0,0,0,0,0,0,0
363,Christian Laettner,DET,199905140DET,"May 14, 1999",ATL,8,9,0,9,44.44,44.44,0.0,9,8,0,0,0,0,0,0,0,0,0,0,0,0,0,0,0,0,0,0,0,0,0,0
711,Jerry Stackhouse,DET,199905140DET,"May 14, 1999",ATL,13,8,2,9,65.0,73.2,-8.2,6,8,2,3,0,0,0,0,0,0,0,0,0,0,0,0,0,0,0,0,0,0,1,2
146,Jud Buechler,DET,199905140DET,"May 14, 1999",ATL,3,2,0,2,50.0,75.0,-25.0,0,0,2,3,0,0,0,0,0,0,0,0,0,0,0,0,0,0,0,0,0,0,0,0
1533,Anthony Johnson,ATL,199905140DET,"May 14, 1999",DET,5,7,2,8,31.25,31.73,-0.48,7,4,0,0,1,1,0,0,0,0,0,0,0,0,0,0,0,0,0,0,0,0,0,0
247,Joe Dumars,DET,199905140DET,"May 14, 1999",ATL,20,14,2,16,55.56,67.2,-11.64,8,6,6,12,0,0,0,0,0,0,0,0,2,2,0,0,0,0,0,0,0,0,0,0
1516,Ed Gray,ATL,199905140DET,"May 14, 1999",DET,13,8,2,9,54.17,73.2,-19.03,2,2,6,9,1,2,0,0,0,0,0,0,0,0,0,0,0,0,0,0,0,0,0,0
1852,Jeff Sheppard,ATL,199905140DET,"May 14, 1999",DET,0,1,0,1,0.0,0.0,0.0,1,0,0,0,0,0,0,0,0,0,0,0,0,0,0,0,0,0,0,0,0,0,0,0
919,Loy Vaught,DET,199905140DET,"May 14, 1999",ATL,0,1,0,1,0.0,0.0,0.0,1,0,0,0,0,0,0,0,0,0,0,0,0,0,0,0,0,0,0,0,0,0,0,0
obannch01,C. O'Bannon,DET,199905140DET,"May 14, 1999",ATL,2,1,0,1,100.0,100.0,0.0,1,2,0,0,0,0,0,0,0,0,0,0,0,0,0,0,0,0,0,0,0,0,0,0
369,Charlie Ward,NYK,199905140NYK,"May 14, 1999",MIA,12,6,4,8,60.0,77.32,-17.32,2,0,4,9,2,3,0,0,0,0,0,0,0,0,0,0,0,0,0,0,0,0,0,0
896,Tim Hardaway,MIA,199905140NYK,"May 14, 1999",NYK,14,14,0,14,38.89,50.0,-11.11,6,2,8,12,0,0,0,0,0,0,0,0,0,0,0,0,0,0,0,0,0,0,0,0
703,Kurt Thomas,NYK,199905140NYK,"May 14, 1999",MIA,6,7,0,7,42.86,42.86,0.0,7,6,0,0,0,0,0,0,0,0,0,0,0,0,0,0,0,0,0,0,0,0,0,0
105,Dan Majerle,MIA,199905140NYK,"May 14, 1999",NYK,9,5,3,6,52.94,71.2,-18.26,1,0,3,3,0,0,0,0,0,0,1,4,0,0,0,0,0,0,0,0,0,0,1,2
297,Alonzo Mourning,NYK,199905140NYK,"May 14, 1999",MIA,16,13,13,19,41.03,42.74,-1.71,12,8,0,0,6,6,0,0,1,2,0,0,0,0,0,0,0,0,0,0,0,0,0,0
121,Patrick Ewing,NYK,199905140NYK,"May 14, 1999",MIA,11,10,6,13,42.31,43.51,-1.2,10,8,0,0,2,2,0,0,0,0,0,0,0,0,0,0,0,0,0,0,0,0,1,1
136,P.J. Brown,MIA,199905140NYK,"May 14, 1999",NYK,6,9,0,9,33.33,33.33,0.0,9,6,0,0,0,0,0,0,0,0,0,0,0,0,0,0,0,0,0,0,0,0,0,0
469,Jamal Mashburn,MIA,199905140NYK,"May 14, 1999",NYK,2,4,0,4,22.22,25.0,-2.78,3,2,1,0,0,0,0,0,0,0,0,0,0,0,0,0,0,0,0,0,0,0,0,0
275,Allan Houston,NYK,199905140NYK,"May 14, 1999",MIA,12,9,4,11,50.0,55.76,-5.76,7,8,2,0,0,0,0,0,0,0,0,0,0,0,0,0,0,0,0,0,0,0,2,4
913,Larry Johnson,NYK,199905140NYK,"May 14, 1999",MIA,11,15,2,16,26.19,34.63,-8.44,5,2,10,9,1,0,0,0,0,0,0,0,0,0,0,0,0,0,0,0,0,0,0,0
221,Clar. Weatherspoon,MIA,199905140NYK,"May 14, 1999",NYK,14,10,4,12,58.33,59.52,-1.19,10,10,0,0,1,2,0,0,0,0,0,0,0,0,0,0,0,0,0,0,0,0,1,2
164,Chris Childs,NYK,199905140NYK,"May 14, 1999",MIA,4,5,2,6,28.57,34.01,-5.44,3,0,2,3,1,1,0,0,0,0,0,0,0,0,0,0,0,0,0,0,0,0,0,0
84,Latrell Sprewell,NYK,199905140NYK,"May 14, 1999",MIA,10,11,2,12,40.0,42.09,-2.09,10,8,1,0,1,2,0,0,0,0,0,0,0,0,0,0,0,0,0,0,0,0,0,0
190,Duane Causwell,MIA,199905140NYK,"May 14, 1999",NYK,0,1,0,1,0.0,0.0,0.0,1,0,0,0,0,0,0,0,0,0,0,0,0,0,0,0,0,0,0,0,0,0,0,0
345,Terry Porter,MIA,199905140NYK,"May 14, 1999",NYK,16,6,6,9,84.21,92.59,-8.38,5,8,1,3,0,0,0,0,0,0,0,0,0,0,1,2,0,0,0,0,0,0,2,3
948,Marcus Camby,NYK,199905140NYK,"May 14, 1999",MIA,4,2,2,3,66.67,69.44,-2.77,2,2,0,0,1,2,0,0,0,0,0,0,0,0,0,0,0,0,0,0,0,0,0,0
702,Voshon Lenard,MIA,199905140NYK,"May 14, 1999",NYK,10,7,0,7,55.56,71.43,-15.87,3,4,4,6,0,0,0,0,0,0,0,0,0,0,0,0,0,0,0,0,0,0,0,0
1594,Rick Brunson,NYK,199905140NYK,"May 14, 1999",MIA,2,0,2,1,100.0,113.64,-13.64,0,0,0,0,0,0,0,0,0,0,0,0,0,0,0,0,0,0,0,0,0,0,1,2
1006,Herb Williams,NYK,199905140NYK,"May 14, 1999",MIA,0,1,0,1,0.0,0.0,0.0,1,0,0,0,0,0,0,0,0,0,0,0,0,0,0,0,0,0,0,0,0,0,0,0
777,Rex Walters,MIA,199905140NYK,"May 14, 1999",NYK,0,1,0,1,0.0,0.0,0.0,1,0,0,0,0,0,0,0,0,0,0,0,0,0,0,0,0,0,0,0,0,0,0,0
1715,Jason Williams,SAC,199905140SAC,"May 14, 1999",UTA,7,6,4,9,35.0,45.1,-10.1,2,0,4,3,0,0,0,0,0,0,0,0,2,2,0,0,0,0,0,0,0,0,1,2
731,Greg Ostertag,UTA,199905140SAC,"May 14, 1999",SAC,4,2,2,3,66.67,69.44,-2.77,2,2,0,0,1,2,0,0,0,0,0,0,0,0,0,0,0,0,0,0,0,0,0,0
252,Karl Malone,UTA,199905140SAC,"May 14, 1999",SAC,23,21,5,23,48.94,49.57,-0.63,20,16,0,0,2,4,0,0,1,3,0,0,0,0,0,0,0,0,0,0,0,0,0,0
1505,Tariq Abdul-Wahad,SAC,199905140SAC,"May 14, 1999",UTA,16,9,6,12,66.67,68.73,-2.06,9,10,0,0,2,4,0,0,0,0,0,0,0,0,0,0,0,0,0,0,0,0,1,2
935,Bryon Russell,UTA,199905140SAC,"May 14, 1999",SAC,8,10,2,11,32.0,36.76,-4.76,7,6,3,0,1,2,0,0,0,0,0,0,0,0,0,0,0,0,0,0,0,0,0,0
304,John Stockton,UTA,199905140SAC,"May 14, 1999",SAC,12,11,0,11,54.55,54.55,0.0,11,12,0,0,0,0,0,0,0,0,0,0,0,0,0,0,0,0,0,0,0,0,0,0
204,Jeff Hornacek,UTA,199905140SAC,"May 14, 1999",SAC,9,9,0,9,42.86,50.0,-7.14,6,6,3,3,0,0,0,0,0,0,0,0,0,0,0,0,0,0,0,0,0,0,0,0
722,Corliss Williamson,UTA,199905140SAC,"May 14, 1999",SAC,12,11,1,11,52.17,52.45,-0.28,10,10,0,0,0,0,0,0,1,2,0,0,0,0,0,0,0,0,0,0,0,0,0,0
124,Vlade Divac,SAC,199905140SAC,"May 14, 1999",UTA,14,9,11,14,46.67,50.58,-3.91,7,2,1,0,5,9,0,0,1,3,0,0,0,0,0,0,0,0,0,0,0,0,0,0
185,Chris Webber,SAC,199905140SAC,"May 14, 1999",UTA,18,15,6,18,50.0,51.02,-1.02,15,14,0,0,2,3,0,0,0,0,0,0,0,0,0,0,0,0,0,0,0,0,1,1
323,Greg Foster,UTA,199905140SAC,"May 14, 1999",SAC,2,4,0,4,25.0,25.0,0.0,4,2,0,0,0,0,0,0,0,0,0,0,0,0,0,0,0,0,0,0,0,0,0,0
458,Howard Eisley,UTA,199905140SAC,"May 14, 1999",SAC,8,8,0,8,44.44,50.0,-5.56,6,8,2,0,0,0,0,0,0,0,0,0,0,0,0,0,0,0,0,0,0,0,0,0
1000,Shandon Anderson,UTA,199905140SAC,"May 14, 1999",SAC,16,9,1,9,72.73,84.75,-12.02,5,8,3,6,0,0,0,0,1,2,0,0,0,0,0,0,0,0,0,0,0,0,0,0
1847,Thurl Bailey,UTA,199905140SAC,"May 14, 1999",SAC,4,4,0,4,50.0,50.0,0.0,4,4,0,0,0,0,0,0,0,0,0,0,0,0,0,0,0,0,0,0,0,0,0,0
468,Jon Barry,SAC,199905140SAC,"May 14, 1999",UTA,7,8,0,8,36.84,43.75,-6.91,5,4,3,3,0,0,0,0,0,0,0,0,0,0,0,0,0,0,0,0,0,0,0,0
978,Peja Stojakovic,SAC,199905140SAC,"May 14, 1999",UTA,2,4,0,4,18.18,25.0,-6.82,1,2,3,0,0,0,0,0,0,0,0,0,0,0,0,0,0,0,0,0,0,0,0,0
228,Adam Keefe,UTA,199905140SAC,"May 14, 1999",SAC,2,1,0,1,100.0,100.0,0.0,1,2,0,0,0,0,0,0,0,0,0,0,0,0,0,0,0,0,0,0,0,0,0,0
137,Vernon Maxwell,SAC,199905140SAC,"May 14, 1999",UTA,13,14,2,15,31.71,43.68,-11.97,3,2,11,9,1,2,0,0,0,0,0,0,0,0,0,0,0,0,0,0,0,0,0,0
957,Todd Fuller,UTA,199905140SAC,"May 14, 1999",SAC,2,3,0,3,33.33,33.33,0.0,3,2,0,0,0,0,0,0,0,0,0,0,0,0,0,0,0,0,0,0,0,0,0,0
462,J.R. Reid,HOU,199905150HOU,"May 15, 1999",LAL,0,1,0,1,0.0,0.0,0.0,1,0,0,0,0,0,0,0,0,0,0,0,0,0,0,0,0,0,0,0,0,0,0,0
937,Scottie Pippen,HOU,199905150HOU,"May 15, 1999",LAL,19,23,6,26,30.16,37.05,-6.89,12,6,11,9,1,2,0,0,0,0,0,0,0,0,1,1,0,0,0,0,0,0,1,1
977,Kobe Bryant,LAL,199905150HOU,"May 15, 1999",HOU,24,25,6,28,40.68,43.42,-2.74,22,16,3,3,1,2,0,0,0,0,0,0,0,0,1,2,0,0,0,0,0,0,1,1
965,Derek Fisher,LAL,199905150HOU,"May 15, 1999",HOU,2,4,0,4,22.22,25.0,-2.78,3,2,1,0,0,0,0,0,0,0,0,0,0,0,0,0,0,0,0,0,0,0,0,0
296,Rick Fox,LAL,199905150HOU,"May 15, 1999",HOU,9,10,0,10,37.5,45.0,-7.5,6,6,4,3,0,0,0,0,0,0,0,0,0,0,0,0,0,0,0,0,0,0,0,0
787,Charles Barkley,HOU,199905150HOU,"May 15, 1999",LAL,20,13,9,17,54.05,58.96,-4.91,10,12,2,0,4,5,0,0,1,3,0,0,0,0,0,0,0,0,0,0,0,0,0,0
1722,Michael Dickerson,HOU,199905150HOU,"May 15, 1999",LAL,6,5,2,6,37.5,51.02,-13.52,1,2,4,3,1,1,0,0,0,0,0,0,0,0,0,0,0,0,0,0,0,0,0,0
406,Shaquille O'Neal,LAL,199905150HOU,"May 15, 1999",HOU,37,22,18,29,59.68,61.83,-2.15,18,20,0,0,4,5,0,0,4,9,0,0,0,0,0,0,0,0,0,0,0,0,3,3
165,Hakeem Olajuwon,HOU,199905150HOU,"May 15, 1999",LAL,18,19,2,20,45.0,45.27,-0.27,19,16,0,0,1,2,0,0,0,0,0,0,0,0,0,0,0,0,0,0,0,0,0,0
1749,Cuttino Mobley,HOU,199905150HOU,"May 15, 1999",LAL,4,5,2,6,28.57,34.01,-5.44,3,2,2,0,1,2,0,0,0,0,0,0,0,0,0,0,0,0,0,0,0,0,0,0
85,Brent Price,HOU,199905150HOU,"May 15, 1999",LAL,5,6,0,6,31.25,41.67,-10.42,2,2,4,3,0,0,0,0,0,0,0,0,0,0,0,0,0,0,0,0,0,0,0,0
970,Othella Harrington,HOU,199905150HOU,"May 15, 1999",LAL,3,4,2,5,30.0,30.74,-0.74,4,2,0,0,1,1,0,0,0,0,0,0,0,0,0,0,0,0,0,0,0,0,0,0
109,Robert Horry,LAL,199905150HOU,"May 15, 1999",HOU,12,7,0,7,66.67,85.71,-19.04,3,6,4,6,0,0,0,0,0,0,0,0,0,0,0,0,0,0,0,0,0,0,0,0
399,Sean Rooks,LAL,199905150HOU,"May 15, 1999",HOU,0,1,0,1,0.0,0.0,0.0,1,0,0,0,0,0,0,0,0,0,0,0,0,0,0,0,0,0,0,0,0,0,0,0
156,Antoine Carr,HOU,199905150HOU,"May 15, 1999",LAL,2,2,0,2,50.0,50.0,0.0,2,2,0,0,0,0,0,0,0,0,0,0,0,0,0,0,0,0,0,0,0,0,0,0
694,Sam Mack,HOU,199905150HOU,"May 15, 1999",LAL,11,10,4,12,35.48,46.77,-11.29,3,2,7,6,2,3,0,0,0,0,0,0,0,0,0,0,0,0,0,0,0,0,0,0
157,Derek Harper,LAL,199905150HOU,"May 15, 1999",HOU,13,9,4,11,56.52,60.41,-3.89,8,10,1,0,0,0,0,0,0,0,0,0,0,0,0,0,0,0,0,0,0,0,2,3
969,Travis Knight,LAL,199905150HOU,"May 15, 1999",HOU,1,0,2,1,50.0,56.82,-6.82,0,0,0,0,0,0,0,0,0,0,0,0,0,0,0,0,0,0,0,0,0,0,1,1
693,Joe Smith,MIN,199905150MIN,"May 15, 1999",SAS,12,14,2,15,40.0,40.32,-0.32,14,10,0,0,1,2,0,0,0,0,0,0,0,0,0,0,0,0,0,0,0,0,0,0
764,David Robinson,SAS,199905150MIN,"May 15, 1999",MIN,19,13,14,19,47.5,49.58,-2.08,11,6,0,0,3,4,0,0,2,5,0,0,0,0,0,0,0,0,0,0,0,0,3,4
1495,Tim Duncan,SAS,199905150MIN,"May 15, 1999",MIN,16,15,9,19,41.03,42.19,-1.16,14,8,0,0,2,3,0,0,1,3,0,0,0,0,0,0,0,0,0,0,0,0,2,2
210,Terrell Brandon,MIN,199905150MIN,"May 15, 1999",SAS,27,17,4,19,62.79,71.96,-9.17,12,14,5,9,1,2,0,0,0,0,0,0,0,0,0,0,0,0,0,0,0,0,1,2
251,Sean Elliott,SAS,199905150MIN,"May 15, 1999",MIN,14,8,2,9,63.64,78.83,-15.19,4,6,4,6,0,0,0,0,0,0,0,0,0,0,0,0,0,0,0,0,0,0,1,2
1051,Dean Garrett,MIN,199905150MIN,"May 15, 1999",SAS,2,2,0,2,50.0,50.0,0.0,2,2,0,0,0,0,0,0,0,0,0,0,0,0,0,0,0,0,0,0,0,0,0,0
53,Mario Elie,SAS,199905150MIN,"May 15, 1999",MIN,6,5,4,7,37.5,44.38,-6.88,3,2,2,0,1,2,0,0,0,0,0,0,0,0,0,0,0,0,0,0,0,0,1,2
422,Avery Johnson,SAS,199905150MIN,"May 15, 1999",MIN,17,13,5,15,54.84,55.92,-1.08,12,10,0,0,1,2,0,0,1,3,0,0,0,0,0,0,0,0,0,0,0,0,1,2
708,Kevin Garnett,MIN,199905150MIN,"May 15, 1999",SAS,20,20,12,26,37.04,39.56,-2.52,18,12,2,0,4,5,0,0,0,0,0,0,0,0,1,1,0,0,0,0,0,0,1,2
324,Anthony Peeler,MIN,199905150MIN,"May 15, 1999",SAS,4,6,0,6,26.67,33.33,-6.66,3,4,3,0,0,0,0,0,0,0,0,0,0,0,0,0,0,0,0,0,0,0,0,0
417,Sam Mitchell,MIN,199905150MIN,"May 15, 1999",SAS,8,12,2,13,29.63,31.06,-1.43,11,6,1,0,1,2,0,0,0,0,0,0,0,0,0,0,0,0,0,0,0,0,0,0
1725,Rasho Nesterovic,MIN,199905150MIN,"May 15, 1999",SAS,4,5,0,5,40.0,40.0,0.0,5,4,0,0,0,0,0,0,0,0,0,0,0,0,0,0,0,0,0,0,0,0,0,0
1114,Jaren Jackson,SAS,199905150MIN,"May 15, 1999",MIN,10,11,4,13,30.3,39.18,-8.88,4,4,7,3,1,1,0,0,0,0,0,0,0,0,1,2,0,0,0,0,0,0,0,0
907,Malik Sealy,MIN,199905150MIN,"May 15, 1999",SAS,6,5,0,5,60.0,60.0,0.0,5,6,0,0,0,0,0,0,0,0,0,0,0,0,0,0,0,0,0,0,0,0,0,0
760,Jerome Kersey,SAS,199905150MIN,"May 15, 1999",MIN,2,2,0,2,40.0,50.0,-10.0,1,2,1,0,0,0,0,0,0,0,0,0,0,0,0,0,0,0,0,0,0,0,0,0
1517,Bobby Jackson,MIN,199905150MIN,"May 15, 1999",SAS,2,4,0,4,20.0,25.0,-5.0,2,2,2,0,0,0,0,0,0,0,0,0,0,0,0,0,0,0,0,0,0,0,0,0
1498,Antonio Daniels,SAS,199905150MIN,"May 15, 1999",MIN,4,1,2,2,80.0,106.38,-26.38,0,0,1,3,1,1,0,0,0,0,0,0,0,0,0,0,0,0,0,0,0,0,0,0
990,Malik Rose,SAS,199905150MIN,"May 15, 1999",MIN,4,3,2,4,50.0,51.55,-1.55,3,2,0,0,1,2,0,0,0,0,0,0,0,0,0,0,0,0,0,0,0,0,0,0
270,Horace Grant,ORL,199905150PHI,"May 15, 1999",PHI,12,10,4,12,50.0,51.02,-1.02,10,8,0,0,1,2,0,0,0,0,0,0,0,0,0,0,0,0,0,0,0,0,1,2
947,Allen Iverson,PHI,199905150PHI,"May 15, 1999",ORL,37,27,6,30,56.06,62.42,-6.36,21,20,6,12,2,3,0,0,0,0,0,0,0,0,0,0,0,0,0,0,0,0,1,2
761,Matt Geiger,PHI,199905150PHI,"May 15, 1999",ORL,6,4,4,6,50.0,52.08,-2.08,4,2,0,0,2,4,0,0,0,0,0,0,0,0,0,0,0,0,0,0,0,0,0,0
98,Nick Anderson,ORL,199905150PHI,"May 15, 1999",PHI,29,26,7,29,40.28,49.86,-9.58,12,10,13,12,2,2,0,0,1,3,0,0,0,0,0,0,0,0,0,0,0,0,1,2
358,Anfernee Hardaway,ORL,199905150PHI,"May 15, 1999",PHI,17,17,12,23,34.0,38.15,-4.15,13,2,4,6,6,9,0,0,0,0,0,0,0,0,0,0,0,0,0,0,0,0,0,0
727,Eric Snow,PHI,199905150PHI,"May 15, 1999",ORL,20,13,6,16,57.14,63.94,-6.8,10,8,3,6,3,6,0,0,0,0,0,0,0,0,0,0,0,0,0,0,0,0,0,0
689,Theo Ratliff,PHI,199905150PHI,"May 15, 1999",ORL,5,5,5,7,33.33,34.72,-1.39,4,0,0,0,1,1,0,0,1,2,0,0,0,0,0,0,0,0,0,0,0,0,1,2
248,George Lynch,PHI,199905150PHI,"May 15, 1999",ORL,8,8,2,9,44.44,45.05,-0.61,8,6,0,0,1,2,0,0,0,0,0,0,0,0,0,0,0,0,0,0,0,0,0,0
1134,Ike Austin,ORL,199905150PHI,"May 15, 1999",PHI,6,3,6,6,46.15,53.19,-7.04,2,2,1,0,1,0,0,0,0,0,0,0,0,0,0,0,0,0,0,0,0,0,2,4
353,Darrell Armstrong,ORL,199905150PHI,"May 15, 1999",PHI,14,10,2,11,48.28,64.34,-16.06,3,0,7,12,1,2,0,0,0,0,0,0,0,0,0,0,0,0,0,0,0,0,0,0
238,Tyrone Hill,PHI,199905150PHI,"May 15, 1999",ORL,9,6,2,7,64.29,65.41,-1.12,6,8,0,0,1,1,0,0,0,0,0,0,0,0,0,0,0,0,0,0,0,0,0,0
448,Bo Outlaw,ORL,199905150PHI,"May 15, 1999",PHI,2,2,2,3,33.33,34.72,-1.39,2,2,0,0,1,0,0,0,0,0,0,0,0,0,0,0,0,0,0,0,0,0,0,0
1716,Larry Hughes,PHI,199905150PHI,"May 15, 1999",ORL,14,9,6,12,53.85,60.14,-6.29,7,8,2,0,2,4,0,0,0,0,0,0,0,0,0,0,0,0,0,0,0,0,1,2
1720,Michael Doleac,ORL,199905150PHI,"May 15, 1999",PHI,2,3,0,3,33.33,33.33,0.0,3,2,0,0,0,0,0,0,0,0,0,0,0,0,0,0,0,0,0,0,0,0,0,0
1723,Matt Harpring,ORL,199905150PHI,"May 15, 1999",PHI,9,5,2,6,69.23,76.53,-7.3,4,8,1,0,1,1,0,0,0,0,0,0,0,0,0,0,0,0,0,0,0,0,0,0
1532,Jerald Honeycutt,PHI,199905150PHI,"May 15, 1999",ORL,0,1,0,1,0.0,0.0,0.0,0,0,1,0,0,0,0,0,0,0,0,0,0,0,0,0,0,0,0,0,0,0,0,0
3,Grant Long,ATL,199905160ATL,"May 16, 1999",DET,26,14,14,21,61.9,64.48,-2.58,14,14,0,0,5,8,0,0,0,0,0,0,0,0,0,0,0,0,0,0,0,0,2,4
283,Lindsey Hunter,DET,199905160ATL,"May 16, 1999",ATL,7,9,0,9,33.33,38.89,-5.56,6,4,3,3,0,0,0,0,0,0,0,0,0,0,0,0,0,0,0,0,0,0,0,0
255,Grant Hill,DET,199905160ATL,"May 16, 1999",ATL,21,27,2,28,36.84,37.66,-0.82,26,20,1,0,1,1,0,0,0,0,0,0,0,0,0,0,0,0,0,0,0,0,0,0
183,Bison Dele,ATL,199905160ATL,"May 16, 1999",DET,17,10,3,11,73.91,75.09,-1.18,9,14,0,0,1,1,0,0,1,2,0,0,0,0,0,0,0,0,0,0,0,0,0,0
895,Tyrone Corbin,ATL,199905160ATL,"May 16, 1999",DET,15,14,0,14,46.88,53.57,-6.69,10,12,4,3,0,0,0,0,0,0,0,0,0,0,0,0,0,0,0,0,0,0,0,0
120,Steven Smith,ATL,199905160ATL,"May 16, 1999",DET,15,14,3,15,44.12,48.96,-4.84,11,12,3,0,0,0,1,3,0,0,0,0,0,0,0,0,0,0,0,0,0,0,0,0
302,Mookie Blaylock,ATL,199905160ATL,"May 16, 1999",DET,17,14,4,16,45.95,53.93,-7.98,9,6,5,9,1,2,0,0,0,0,0,0,0,0,0,0,0,0,0,0,0,0,1,0
87,Dikembe Mutombo,ATL,199905160ATL,"May 16, 1999",DET,12,6,6,9,66.67,69.44,-2.77,6,8,0,0,2,2,0,0,0,0,0,0,0,0,0,0,0,0,0,0,0,0,1,2
966,Jerome Williams,DET,199905160ATL,"May 16, 1999",ATL,4,2,2,3,66.67,69.44,-2.77,2,2,0,0,1,2,0,0,0,0,0,0,0,0,0,0,0,0,0,0,0,0,0,0
247,Joe Dumars,DET,199905160ATL,"May 16, 1999",ATL,3,6,0,6,18.75,25.0,-6.25,2,0,4,3,0,0,0,0,0,0,0,0,0,0,0,0,0,0,0,0,0,0,0,0
711,Jerry Stackhouse,DET,199905160ATL,"May 16, 1999",ATL,11,6,4,8,64.71,70.88,-6.17,5,4,1,3,0,0,0,0,0,0,0,0,0,0,0,0,0,0,0,0,0,0,2,4
363,Christian Laettner,DET,199905160ATL,"May 16, 1999",ATL,8,9,2,10,40.0,40.49,-0.49,9,6,0,0,1,2,0,0,0,0,0,0,0,0,0,0,0,0,0,0,0,0,0,0
690,Don Reid,DET,199905160ATL,"May 16, 1999",ATL,4,3,0,3,66.67,66.67,0.0,3,4,0,0,0,0,0,0,0,0,0,0,0,0,0,0,0,0,0,0,0,0,0,0
146,Jud Buechler,DET,199905160ATL,"May 16, 1999",ATL,0,1,0,1,0.0,0.0,0.0,0,0,1,0,0,0,0,0,0,0,0,0,0,0,0,0,0,0,0,0,0,0,0,0
1533,Anthony Johnson,ATL,199905160ATL,"May 16, 1999",DET,2,3,2,4,25.0,25.77,-0.77,3,2,0,0,0,0,0,0,0,0,0,0,0,0,0,0,0,0,0,0,0,0,1,0
252,Karl Malone,UTA,199905160UTA,"May 16, 1999",SAC,20,19,9,23,42.55,43.55,-1.0,18,10,0,0,3,6,0,0,1,2,0,0,0,0,0,0,0,0,0,0,0,0,1,2
1505,Tariq Abdul-Wahad,SAC,199905160UTA,"May 16, 1999",UTA,11,8,6,11,47.83,51.69,-3.86,7,8,1,0,2,3,0,0,0,0,0,0,0,0,0,0,0,0,0,0,0,0,1,0
304,John Stockton,UTA,199905160UTA,"May 16, 1999",SAC,12,12,11,18,34.29,35.63,-1.34,12,2,0,0,1,1,0,0,0,0,0,0,2,3,0,0,0,0,0,0,0,0,3,6
185,Chris Webber,SAC,199905160UTA,"May 16, 1999",UTA,12,17,5,19,29.27,31.25,-1.98,14,8,2,0,1,0,0,0,1,3,0,0,0,0,0,0,0,0,0,0,0,0,1,1
1715,Jason Williams,SAC,199905160UTA,"May 16, 1999",UTA,2,6,0,6,12.5,16.67,-4.17,2,2,4,0,0,0,0,0,0,0,0,0,0,0,0,0,0,0,0,0,0,0,0,0
722,Corliss Williamson,UTA,199905160UTA,"May 16, 1999",SAC,8,6,4,8,50.0,51.55,-1.55,6,6,0,0,2,2,0,0,0,0,0,0,0,0,0,0,0,0,0,0,0,0,0,0
935,Bryon Russell,UTA,199905160UTA,"May 16, 1999",SAC,16,13,0,13,53.33,61.54,-8.21,9,10,4,6,0,0,0,0,0,0,0,0,0,0,0,0,0,0,0,0,0,0,0,0
204,Jeff Hornacek,UTA,199905160UTA,"May 16, 1999",SAC,18,12,8,17,54.55,57.99,-3.44,11,10,1,0,1,2,0,0,0,0,0,0,2,2,0,0,0,0,0,0,0,0,2,4
323,Greg Foster,UTA,199905160UTA,"May 16, 1999",SAC,6,6,0,6,50.0,50.0,0.0,6,6,0,0,0,0,0,0,0,0,0,0,0,0,0,0,0,0,0,0,0,0,0,0
124,Vlade Divac,SAC,199905160UTA,"May 16, 1999",UTA,15,11,10,16,45.45,48.7,-3.25,10,8,1,0,4,5,0,0,0,0,0,0,0,0,0,0,0,0,0,0,0,0,1,2
468,Jon Barry,SAC,199905160UTA,"May 16, 1999",UTA,14,12,0,12,43.75,58.33,-14.58,4,8,8,6,0,0,0,0,0,0,0,0,0,0,0,0,0,0,0,0,0,0,0,0
137,Vernon Maxwell,SAC,199905160UTA,"May 16, 1999",UTA,22,15,4,17,51.16,65.63,-14.47,6,10,9,9,1,1,0,0,0,0,0,0,0,0,0,0,0,0,0,0,0,0,1,2
458,Howard Eisley,UTA,199905160UTA,"May 16, 1999",SAC,4,5,2,6,33.33,34.01,-0.68,5,2,0,0,0,0,0,0,0,0,0,0,0,0,0,0,0,0,0,0,0,0,1,2
1000,Shandon Anderson,UTA,199905160UTA,"May 16, 1999",SAC,16,10,2,11,69.57,73.53,-3.96,9,14,1,0,1,2,0,0,0,0,0,0,0,0,0,0,0,0,0,0,0,0,0,0
978,Peja Stojakovic,SAC,199905160UTA,"May 16, 1999",UTA,8,7,1,8,42.11,53.76,-11.65,3,4,4,3,0,0,0,0,0,0,0,0,1,1,0,0,0,0,0,0,0,0,0,0
1847,Thurl Bailey,UTA,199905160UTA,"May 16, 1999",SAC,4,3,0,3,66.67,66.67,0.0,3,4,0,0,0,0,0,0,0,0,0,0,0,0,0,0,0,0,0,0,0,0,0,0
957,Todd Fuller,UTA,199905160UTA,"May 16, 1999",SAC,3,4,2,5,30.0,30.74,-0.74,4,2,0,0,1,1,0,0,0,0,0,0,0,0,0,0,0,0,0,0,0,0,0,0
297,Alonzo Mourning,MIA,199905160MIA,"May 16, 1999",NYK,21,14,10,18,55.26,57.07,-1.81,12,8,0,0,3,6,0,0,2,6,0,0,0,0,0,0,0,0,0,0,0,0,1,1
121,Patrick Ewing,NYK,199905160MIA,"May 16, 1999",MIA,22,19,5,21,51.16,51.89,-0.73,18,16,0,0,2,4,0,0,1,2,0,0,0,0,0,0,0,0,0,0,0,0,0,0
136,P.J. Brown,MIA,199905160MIA,"May 16, 1999",NYK,16,9,4,11,72.73,74.35,-1.62,9,12,0,0,2,4,0,0,0,0,0,0,0,0,0,0,0,0,0,0,0,0,0,0
703,Kurt Thomas,NYK,199905160MIA,"May 16, 1999",MIA,2,4,0,4,25.0,25.0,0.0,4,2,0,0,0,0,0,0,0,0,0,0,0,0,0,0,0,0,0,0,0,0,0,0
469,Jamal Mashburn,NYK,199905160MIA,"May 16, 1999",MIA,16,9,6,12,61.54,68.73,-7.19,7,6,2,6,2,2,0,0,0,0,0,0,0,0,0,0,0,0,0,0,0,0,1,2
913,Larry Johnson,NYK,199905160MIA,"May 16, 1999",MIA,13,13,2,14,43.33,46.83,-3.5,11,12,2,0,1,1,0,0,0,0,0,0,0,0,0,0,0,0,0,0,0,0,0,0
275,Allan Houston,MIA,199905160MIA,"May 16, 1999",NYK,12,13,2,14,40.0,43.23,-3.23,11,8,2,3,1,1,0,0,0,0,0,0,0,0,0,0,0,0,0,0,0,0,0,0
896,Tim Hardaway,MIA,199905160MIA,"May 16, 1999",NYK,9,10,3,11,34.62,39.75,-5.13,7,8,3,0,0,0,1,1,0,0,0,0,0,0,0,0,0,0,0,0,0,0,0,0
105,Dan Majerle,MIA,199905160MIA,"May 16, 1999",NYK,3,6,0,6,16.67,25.0,-8.33,0,0,6,3,0,0,0,0,0,0,0,0,0,0,0,0,0,0,0,0,0,0,0,0
369,Charlie Ward,NYK,199905160MIA,"May 16, 1999",MIA,4,5,2,6,25.0,34.01,-9.01,1,2,4,0,1,2,0,0,0,0,0,0,0,0,0,0,0,0,0,0,0,0,0,0
84,Latrell Sprewell,NYK,199905160MIA,"May 16, 1999",MIA,14,16,3,17,38.89,40.42,-1.53,14,10,1,0,1,1,0,0,1,3,0,0,0,0,0,0,0,0,0,0,0,0,0,0
345,Terry Porter,MIA,199905160MIA,"May 16, 1999",NYK,7,9,2,10,28.0,35.43,-7.43,4,2,5,3,0,0,0,0,0,0,0,0,0,0,0,0,0,0,0,0,0,0,1,2
164,Chris Childs,NYK,199905160MIA,"May 16, 1999",MIA,7,2,2,3,100.0,121.53,-21.53,1,2,1,3,1,2,0,0,0,0,0,0,0,0,0,0,0,0,0,0,0,0,0,0
702,Voshon Lenard,MIA,199905160MIA,"May 16, 1999",NYK,3,3,0,3,37.5,50.0,-12.5,1,0,2,3,0,0,0,0,0,0,0,0,0,0,0,0,0,0,0,0,0,0,0,0
221,Clar. Weatherspoon,MIA,199905160MIA,"May 16, 1999",NYK,2,3,6,6,16.67,17.73,-1.06,3,0,0,0,2,0,0,0,0,0,0,0,0,0,0,0,0,0,0,0,0,0,1,2
948,Marcus Camby,NYK,199905160MIA,"May 16, 1999",MIA,4,2,0,2,100.0,100.0,0.0,2,4,0,0,0,0,0,0,0,0,0,0,0,0,0,0,0,0,0,0,0,0,0,0
947,Allen Iverson,PHI,199905170IND,"May 17, 1999",IND,35,26,9,30,52.24,58.41,-6.17,19,22,6,3,2,4,0,0,1,2,0,0,0,0,0,0,0,0,0,0,0,0,2,4
689,Theo Ratliff,PHI,199905170IND,"May 17, 1999",IND,6,4,0,4,75.0,75.0,0.0,4,6,0,0,0,0,0,0,0,0,0,0,0,0,0,0,0,0,0,0,0,0,0,0
22,Rik Smits,PHI,199905170IND,"May 17, 1999",IND,12,16,0,16,37.5,37.5,0.0,16,12,0,0,0,0,0,0,0,0,0,0,0,0,0,0,0,0,0,0,0,0,0,0
761,Matt Geiger,PHI,199905170IND,"May 17, 1999",IND,16,9,4,11,72.73,74.35,-1.62,9,12,0,0,2,4,0,0,0,0,0,0,0,0,0,0,0,0,0,0,0,0,0,0
904,Chris Mullin,IND,199905170IND,"May 17, 1999",PHI,1,5,2,6,6.67,8.5,-1.83,2,0,3,0,1,1,0,0,0,0,0,0,0,0,0,0,0,0,0,0,0,0,0,0
349,Mark Jackson,PHI,199905170IND,"May 17, 1999",IND,14,8,2,9,66.67,78.83,-12.16,5,6,3,6,0,0,0,0,0,0,0,0,0,0,0,0,0,0,0,0,0,0,1,2
905,Dale Davis,IND,199905170IND,"May 17, 1999",PHI,7,4,2,5,70.0,71.72,-1.72,4,6,0,0,0,0,0,0,0,0,0,0,0,0,0,0,0,0,0,0,0,0,1,1
248,George Lynch,PHI,199905170IND,"May 17, 1999",IND,6,8,2,9,33.33,33.78,-0.45,8,6,0,0,1,0,0,0,0,0,0,0,0,0,0,0,0,0,0,0,0,0,0,0
727,Eric Snow,IND,199905170IND,"May 17, 1999",PHI,10,13,2,14,34.48,36.02,-1.54,12,8,1,0,0,0,0,0,0,0,0,0,0,0,0,0,0,0,0,0,0,0,1,2
238,Tyrone Hill,PHI,199905170IND,"May 17, 1999",IND,5,6,6,9,27.78,28.94,-1.16,6,4,0,0,2,1,0,0,0,0,0,0,0,0,0,0,0,0,0,0,0,0,1,0
397,Reggie Miller,IND,199905170IND,"May 17, 1999",PHI,18,10,7,14,64.29,68.81,-4.52,9,8,1,3,2,4,0,0,0,0,0,0,1,1,0,0,0,0,0,0,0,0,1,2
213,Antonio Davis,IND,199905170IND,"May 17, 1999",PHI,8,6,5,8,47.06,48.78,-1.72,5,4,0,0,1,1,0,0,1,2,0,0,0,0,0,0,0,0,0,0,0,0,1,1
696,Travis Best,IND,199905170IND,"May 17, 1999",PHI,2,1,2,2,50.0,53.19,-3.19,1,0,0,0,1,2,0,0,0,0,0,0,0,0,0,0,0,0,0,0,0,0,0,0
147,Jalen Rose,IND,199905170IND,"May 17, 1999",PHI,27,16,10,21,61.36,66.18,-4.82,14,18,2,0,4,7,0,0,0,0,0,0,0,0,0,0,0,0,0,0,0,0,1,2
1716,Larry Hughes,PHI,199905170IND,"May 17, 1999",IND,10,11,0,11,41.67,45.45,-3.78,9,10,2,0,0,0,0,0,0,0,0,0,0,0,0,0,0,0,0,0,0,0,0,0
328,Rick Mahorn,PHI,199905170IND,"May 17, 1999",IND,2,2,0,2,50.0,50.0,0.0,2,2,0,0,0,0,0,0,0,0,0,0,0,0,0,0,0,0,0,0,0,0,0,0
64,Sam Perkins,IND,199905170IND,"May 17, 1999",PHI,3,3,0,3,33.33,50.0,-16.67,0,0,3,3,0,0,0,0,0,0,0,0,0,0,0,0,0,0,0,0,0,0,0,0
365,Derrick McKey,IND,199905170IND,"May 17, 1999",PHI,2,3,2,4,25.0,25.77,-0.77,3,0,0,0,0,0,0,0,0,0,0,0,0,0,0,0,0,0,0,0,0,0,1,2
406,Shaquille O'Neal,LAL,199905170SAS,"May 17, 1999",SAS,21,19,14,26,40.38,41.73,-1.35,19,12,0,0,7,9,0,0,0,0,0,0,0,0,0,0,0,0,0,0,0,0,0,0
422,Avery Johnson,SAS,199905170SAS,"May 17, 1999",LAL,12,11,4,13,46.15,47.02,-0.87,11,10,0,0,1,1,0,0,0,0,0,0,0,0,0,0,0,0,0,0,0,0,1,1
1495,Tim Duncan,SAS,199905170SAS,"May 17, 1999",LAL,25,24,4,26,48.08,48.52,-0.44,24,22,0,0,1,2,0,0,0,0,0,0,0,0,1,1,0,0,0,0,0,0,0,0
764,David Robinson,LAL,199905170SAS,"May 17, 1999",SAS,15,7,14,14,53.57,56.99,-3.42,7,6,0,0,6,8,0,0,0,0,0,0,0,0,0,0,0,0,0,0,0,0,1,1
977,Kobe Bryant,LAL,199905170SAS,"May 17, 1999",SAS,21,17,6,20,51.22,53.46,-2.24,16,16,1,0,2,3,0,0,0,0,0,0,0,0,0,0,0,0,0,0,0,0,1,2
53,Mario Elie,SAS,199905170SAS,"May 17, 1999",LAL,8,6,7,10,42.11,44.05,-1.94,6,4,0,0,1,1,0,0,0,0,0,0,1,1,0,0,0,0,0,0,0,0,2,2
965,Derek Fisher,LAL,199905170SAS,"May 17, 1999",SAS,13,10,0,10,59.09,65.0,-5.91,8,10,2,3,0,0,0,0,0,0,0,0,0,0,0,0,0,0,0,0,0,0,0,0
251,Sean Elliott,SAS,199905170SAS,"May 17, 1999",LAL,10,9,5,11,40.0,44.64,-4.64,6,4,2,0,0,0,0,0,1,3,0,0,0,0,0,0,0,0,0,0,0,0,2,3
779,Glen Rice,LAL,199905170SAS,"May 17, 1999",SAS,21,17,4,19,53.85,55.97,-2.12,16,14,1,3,1,2,0,0,0,0,0,0,0,0,0,0,0,0,0,0,0,0,1,2
462,J.R. Reid,LAL,199905170SAS,"May 17, 1999",SAS,3,4,2,5,30.0,30.74,-0.74,4,2,0,0,0,0,0,0,0,0,0,0,0,0,0,0,0,0,0,0,0,0,1,1
781,Will Perdue,SAS,199905170SAS,"May 17, 1999",LAL,6,6,0,6,50.0,50.0,0.0,6,6,0,0,0,0,0,0,0,0,0,0,0,0,0,0,0,0,0,0,0,0,0,0
1114,Jaren Jackson,SAS,199905170SAS,"May 17, 1999",LAL,6,5,0,5,42.86,60.0,-17.14,1,0,4,6,0,0,0,0,0,0,0,0,0,0,0,0,0,0,0,0,0,0,0,0
157,Derek Harper,LAL,199905170SAS,"May 17, 1999",SAS,0,1,0,1,0.0,0.0,0.0,1,0,0,0,0,0,0,0,0,0,0,0,0,0,0,0,0,0,0,0,0,0,0,0
296,Rick Fox,LAL,199905170SAS,"May 17, 1999",SAS,0,5,0,5,0.0,0.0,0.0,1,0,4,0,0,0,0,0,0,0,0,0,0,0,0,0,0,0,0,0,0,0,0,0
399,Sean Rooks,LAL,199905170SAS,"May 17, 1999",SAS,2,3,0,3,33.33,33.33,0.0,3,2,0,0,0,0,0,0,0,0,0,0,0,0,0,0,0,0,0,0,0,0,0,0
1498,Antonio Daniels,SAS,199905170SAS,"May 17, 1999",LAL,2,1,0,1,100.0,100.0,0.0,1,2,0,0,0,0,0,0,0,0,0,0,0,0,0,0,0,0,0,0,0,0,0,0
760,Jerome Kersey,SAS,199905170SAS,"May 17, 1999",LAL,3,5,0,5,27.27,30.0,-2.73,4,0,1,3,0,0,0,0,0,0,0,0,0,0,0,0,0,0,0,0,0,0,0,0
109,Robert Horry,LAL,199905170SAS,"May 17, 1999",SAS,0,3,0,3,0.0,0.0,0.0,2,0,1,0,0,0,0,0,0,0,0,0,0,0,0,0,0,0,0,0,0,0,0,0
120,Steven Smith,ATL,199905180ATL,"May 18, 1999",NYK,25,17,14,25,49.02,53.97,-4.95,13,8,3,3,2,3,0,0,1,3,0,0,3,3,0,0,0,0,0,0,0,0,3,5
121,Patrick Ewing,NYK,199905180ATL,"May 18, 1999",ATL,12,7,0,7,85.71,85.71,0.0,7,12,0,0,0,0,0,0,0,0,0,0,0,0,0,0,0,0,0,0,0,0,0,0
302,Mookie Blaylock,ATL,199905180ATL,"May 18, 1999",NYK,16,16,0,16,38.1,50.0,-11.9,6,4,10,12,0,0,0,0,0,0,0,0,0,0,0,0,0,0,0,0,0,0,0,0
369,Charlie Ward,NYK,199905180ATL,"May 18, 1999",ATL,3,4,0,4,25.0,37.5,-12.5,0,0,4,3,0,0,0,0,0,0,0,0,0,0,0,0,0,0,0,0,0,0,0,0
87,Dikembe Mutombo,ATL,199905180ATL,"May 18, 1999",NYK,14,8,10,13,53.85,56.45,-2.6,8,8,0,0,3,2,0,0,0,0,0,0,0,0,0,0,0,0,0,0,0,0,2,4
275,Allan Houston,NYK,199905180ATL,"May 18, 1999",ATL,34,20,8,24,66.67,72.28,-5.61,16,24,3,0,0,0,0,0,1,3,0,0,1,1,0,0,0,0,0,0,0,0,3,6
703,Kurt Thomas,ATL,199905180ATL,"May 18, 1999",NYK,4,6,0,6,33.33,33.33,0.0,6,4,0,0,0,0,0,0,0,0,0,0,0,0,0,0,0,0,0,0,0,0,0,0
913,Larry Johnson,NYK,199905180ATL,"May 18, 1999",ATL,9,8,3,10,36.0,48.28,-12.28,2,4,6,3,2,2,0,0,0,0,0,0,0,0,0,0,0,0,0,0,0,0,0,0
895,Tyrone Corbin,ATL,199905180ATL,"May 18, 1999",NYK,2,6,0,6,14.29,16.67,-2.38,4,2,2,0,0,0,0,0,0,0,0,0,0,0,0,0,0,0,0,0,0,0,0,0
164,Chris Childs,NYK,199905180ATL,"May 18, 1999",ATL,5,4,1,5,50.0,56.31,-6.31,3,4,1,0,0,0,0,0,0,0,0,0,1,1,0,0,0,0,0,0,0,0,0,0
84,Latrell Sprewell,NYK,199905180ATL,"May 18, 1999",ATL,31,21,9,25,58.49,62.1,-3.61,18,20,2,0,0,0,0,0,1,3,0,0,0,0,0,0,0,0,0,0,0,0,4,8
3,Grant Long,ATL,199905180ATL,"May 18, 1999",NYK,0,6,0,6,0.0,0.0,0.0,6,0,0,0,0,0,0,0,0,0,0,0,0,0,0,0,0,0,0,0,0,0,0,0
1544,Chris Crawford,ATL,199905180ATL,"May 18, 1999",NYK,26,14,11,19,59.09,69.0,-9.91,8,6,5,9,3,5,0,0,1,3,0,0,0,0,1,1,0,0,0,0,0,0,1,2
201,Chris Dudley,NYK,199905180ATL,"May 18, 1999",ATL,0,3,0,3,0.0,0.0,0.0,3,0,0,0,0,0,0,0,0,0,0,0,0,0,0,0,0,0,0,0,0,0,0,0
1533,Anthony Johnson,ATL,199905180ATL,"May 18, 1999",NYK,7,5,2,6,53.85,59.52,-5.67,4,2,1,3,0,0,0,0,0,0,0,0,0,0,0,0,0,0,0,0,0,0,1,2
948,Marcus Camby,NYK,199905180ATL,"May 18, 1999",ATL,2,4,0,4,25.0,25.0,0.0,4,2,0,0,0,0,0,0,0,0,0,0,0,0,0,0,0,0,0,0,0,0,0,0
1516,Ed Gray,ATL,199905180ATL,"May 18, 1999",NYK,2,2,0,2,40.0,50.0,-10.0,1,2,1,0,0,0,0,0,0,0,0,0,0,0,0,0,0,0,0,0,0,0,0,0
204,Jeff Hornacek,UTA,199905180UTA,"May 18, 1999",POR,8,6,1,6,57.14,62.11,-4.97,4,2,1,3,0,0,0,0,1,3,0,0,0,0,0,0,0,0,0,0,0,0,0,0
252,Karl Malone,UTA,199905180UTA,"May 18, 1999",POR,25,15,17,23,53.19,55.6,-2.41,14,10,0,0,4,5,0,0,1,3,0,0,0,0,0,0,0,0,0,0,0,0,4,7
757,Damon Stoudamire,POR,199905180UTA,"May 18, 1999",UTA,15,14,1,14,46.88,51.94,-5.06,10,10,3,3,0,0,0,0,1,2,0,0,0,0,0,0,0,0,0,0,0,0,0,0
258,Brian Grant,POR,199905180UTA,"May 18, 1999",UTA,19,13,4,14,63.33,64.36,-1.03,11,12,0,0,0,0,0,0,2,5,0,0,0,0,0,0,0,0,0,0,0,0,1,2
304,John Stockton,UTA,199905180UTA,"May 18, 1999",POR,10,10,5,12,38.46,40.98,-2.52,8,6,1,0,0,0,0,0,1,3,0,0,0,0,0,0,0,0,0,0,0,0,2,1
739,Rasheed Wallace,POR,199905180UTA,"May 18, 1999",UTA,10,8,5,10,47.62,49.02,-1.4,7,4,0,0,2,3,0,0,1,3,0,0,0,0,0,0,0,0,0,0,0,0,0,0
717,Arvydas Sabonis,POR,199905180UTA,"May 18, 1999",UTA,9,9,4,11,39.13,41.82,-2.69,8,6,1,0,2,3,0,0,0,0,0,0,0,0,0,0,0,0,0,0,0,0,0,0
935,Bryon Russell,UTA,199905180UTA,"May 18, 1999",POR,18,13,6,16,46.15,57.54,-11.39,6,10,7,6,1,1,0,0,0,0,0,0,2,1,0,0,0,0,0,0,0,0,0,0
731,Greg Ostertag,POR,199905180UTA,"May 18, 1999",UTA,6,3,2,4,75.0,77.32,-2.32,3,4,0,0,1,2,0,0,0,0,0,0,0,0,0,0,0,0,0,0,0,0,0,0
278,Stacey Augmon,POR,199905180UTA,"May 18, 1999",UTA,4,3,0,3,66.67,66.67,0.0,3,4,0,0,0,0,0,0,0,0,0,0,0,0,0,0,0,0,0,0,0,0,0,0
1509,Kelvin Cato,POR,199905180UTA,"May 18, 1999",UTA,1,0,4,2,25.0,28.41,-3.41,0,0,0,0,2,1,0,0,0,0,0,0,0,0,0,0,0,0,0,0,0,0,0,0
375,Isaiah Rider,POR,199905180UTA,"May 18, 1999",UTA,12,14,0,14,40.0,42.86,-2.86,12,12,2,0,0,0,0,0,0,0,0,0,0,0,0,0,0,0,0,0,0,0,0,0
458,Howard Eisley,UTA,199905180UTA,"May 18, 1999",POR,5,7,3,9,27.78,30.05,-2.27,6,2,1,0,0,0,0,0,0,0,0,0,1,1,0,0,0,0,0,0,0,0,1,2
1847,Thurl Bailey,UTA,199905180UTA,"May 18, 1999",POR,4,2,0,2,100.0,100.0,0.0,2,4,0,0,0,0,0,0,0,0,0,0,0,0,0,0,0,0,0,0,0,0,0,0
1000,Shandon Anderson,UTA,199905180UTA,"May 18, 1999",POR,8,6,4,8,47.06,51.55,-4.49,5,4,1,0,2,4,0,0,0,0,0,0,0,0,0,0,0,0,0,0,0,0,0,0
21,Greg Anthony,POR,199905180UTA,"May 18, 1999",UTA,6,7,3,8,31.58,36.06,-4.48,4,2,2,0,0,0,0,0,1,3,0,0,0,0,0,0,0,0,0,0,0,0,1,1
754,Jim Jackson,POR,199905180UTA,"May 18, 1999",UTA,3,4,2,5,27.27,30.74,-3.47,3,2,1,0,1,1,0,0,0,0,0,0,0,0,0,0,0,0,0,0,0,0,0,0
228,Adam Keefe,UTA,199905180UTA,"May 18, 1999",POR,2,1,0,1,100.0,100.0,0.0,1,2,0,0,0,0,0,0,0,0,0,0,0,0,0,0,0,0,0,0,0,0,0,0
1005,Walt Williams,POR,199905180UTA,"May 18, 1999",UTA,4,3,2,4,40.0,51.55,-11.55,1,0,2,3,0,0,0,0,0,0,0,0,0,0,0,0,0,0,0,0,0,0,1,1
957,Todd Fuller,UTA,199905180UTA,"May 18, 1999",POR,7,3,4,5,70.0,73.53,-3.53,3,4,0,0,2,3,0,0,0,0,0,0,0,0,0,0,0,0,0,0,0,0,0,0
727,Eric Snow,PHI,199905190IND,"May 19, 1999",IND,8,7,0,7,53.33,57.14,-3.81,6,8,1,0,0,0,0,0,0,0,0,0,0,0,0,0,0,0,0,0,0,0,0,0
349,Mark Jackson,IND,199905190IND,"May 19, 1999",PHI,6,5,4,7,42.86,44.38,-1.52,5,4,0,0,0,0,0,0,0,0,0,0,0,0,0,0,0,0,0,0,0,0,2,2
22,Rik Smits,IND,199905190IND,"May 19, 1999",PHI,25,23,1,23,53.19,53.33,-0.14,22,22,0,0,0,0,0,0,1,3,0,0,0,0,0,0,0,0,0,0,0,0,0,0
761,Matt Geiger,PHI,199905190IND,"May 19, 1999",IND,18,17,8,21,42.86,43.86,-1.0,17,12,0,0,3,5,0,0,0,0,0,0,0,0,1,1,0,0,0,0,0,0,0,0
905,Dale Davis,IND,199905190IND,"May 19, 1999",PHI,7,4,5,6,53.85,56.45,-2.6,3,2,0,0,0,0,0,0,1,2,0,0,0,0,0,0,0,0,0,0,0,0,2,3
689,Theo Ratliff,PHI,199905190IND,"May 19, 1999",IND,12,10,0,10,60.0,60.0,0.0,10,12,0,0,0,0,0,0,0,0,0,0,0,0,0,0,0,0,0,0,0,0,0,0
947,Allen Iverson,PHI,199905190IND,"May 19, 1999",IND,23,28,10,33,33.33,35.49,-2.16,25,14,3,0,4,7,0,0,0,0,0,0,0,0,0,0,0,0,0,0,0,0,1,2
397,Reggie Miller,IND,199905190IND,"May 19, 1999",PHI,17,19,0,19,35.42,44.74,-9.32,9,8,10,9,0,0,0,0,0,0,0,0,0,0,0,0,0,0,0,0,0,0,0,0
904,Chris Mullin,IND,199905190IND,"May 19, 1999",PHI,8,9,2,10,30.77,40.49,-9.72,3,0,6,6,1,2,0,0,0,0,0,0,0,0,0,0,0,0,0,0,0,0,0,0
1716,Larry Hughes,PHI,199905190IND,"May 19, 1999",IND,8,8,0,8,47.06,50.0,-2.94,7,8,1,0,0,0,0,0,0,0,0,0,0,0,0,0,0,0,0,0,0,0,0,0
238,Tyrone Hill,PHI,199905190IND,"May 19, 1999",IND,6,2,4,4,75.0,79.79,-4.79,2,4,0,0,2,2,0,0,0,0,0,0,0,0,0,0,0,0,0,0,0,0,0,0
696,Travis Best,IND,199905190IND,"May 19, 1999",PHI,7,5,2,6,58.33,59.52,-1.19,5,6,0,0,1,1,0,0,0,0,0,0,0,0,0,0,0,0,0,0,0,0,0,0
213,Antonio Davis,IND,199905190IND,"May 19, 1999",PHI,4,3,4,5,40.0,42.02,-2.02,3,2,0,0,2,2,0,0,0,0,0,0,0,0,0,0,0,0,0,0,0,0,0,0
248,George Lynch,PHI,199905190IND,"May 19, 1999",IND,5,6,0,6,35.71,41.67,-5.96,4,2,2,3,0,0,0,0,0,0,0,0,0,0,0,0,0,0,0,0,0,0,0,0
147,Jalen Rose,IND,199905190IND,"May 19, 1999",PHI,7,9,4,11,28.0,32.53,-4.53,6,4,3,0,1,2,0,0,0,0,0,0,0,0,0,0,0,0,0,0,0,0,1,1
243,Aaron McKie,PHI,199905190IND,"May 19, 1999",IND,0,1,0,1,0.0,0.0,0.0,0,0,1,0,0,0,0,0,0,0,0,0,0,0,0,0,0,0,0,0,0,0,0,0
365,Derrick McKey,IND,199905190IND,"May 19, 1999",PHI,1,2,2,3,16.67,17.36,-0.69,2,0,0,0,0,0,0,0,0,0,0,0,0,0,0,0,0,0,0,0,0,0,1,1
64,Sam Perkins,IND,199905190IND,"May 19, 1999",PHI,3,2,0,2,50.0,75.0,-25.0,0,0,2,3,0,0,0,0,0,0,0,0,0,0,0,0,0,0,0,0,0,0,0,0
328,Rick Mahorn,PHI,199905190IND,"May 19, 1999",IND,2,1,0,1,100.0,100.0,0.0,1,2,0,0,0,0,0,0,0,0,0,0,0,0,0,0,0,0,0,0,0,0,0,0
965,Derek Fisher,LAL,199905190SAS,"May 19, 1999",SAS,2,3,2,4,20.0,25.77,-5.77,1,0,2,0,0,0,0,0,0,0,0,0,0,0,0,0,0,0,0,0,0,0,1,2
1495,Tim Duncan,SAS,199905190SAS,"May 19, 1999",LAL,21,19,6,22,47.73,48.52,-0.79,19,16,0,0,2,4,0,0,0,0,0,0,0,0,0,0,0,0,0,0,0,0,1,1
977,Kobe Bryant,LAL,199905190SAS,"May 19, 1999",SAS,28,25,5,27,48.28,51.47,-3.19,21,20,3,3,0,0,0,0,1,3,0,0,0,0,0,0,0,0,0,0,0,0,2,2
764,David Robinson,SAS,199905190SAS,"May 19, 1999",LAL,16,14,2,15,53.33,53.76,-0.43,14,14,0,0,1,2,0,0,0,0,0,0,0,0,0,0,0,0,0,0,0,0,0,0
406,Shaquille O'Neal,LAL,199905190SAS,"May 19, 1999",SAS,16,11,10,16,50.0,51.95,-1.95,11,14,0,0,4,2,0,0,0,0,0,0,0,0,0,0,0,0,0,0,0,0,1,0
251,Sean Elliott,SAS,199905190SAS,"May 19, 1999",LAL,19,15,3,16,51.35,58.21,-6.86,10,8,4,6,0,0,0,0,1,3,0,0,0,0,0,0,0,0,0,0,0,0,1,2
462,J.R. Reid,LAL,199905190SAS,"May 19, 1999",SAS,4,6,0,6,33.33,33.33,0.0,6,4,0,0,0,0,0,0,0,0,0,0,0,0,0,0,0,0,0,0,0,0,0,0
422,Avery Johnson,SAS,199905190SAS,"May 19, 1999",LAL,4,5,0,5,40.0,40.0,0.0,5,4,0,0,0,0,0,0,0,0,0,0,0,0,0,0,0,0,0,0,0,0,0,0
53,Mario Elie,SAS,199905190SAS,"May 19, 1999",LAL,5,6,1,7,38.46,38.82,-0.36,6,4,0,0,0,0,0,0,0,0,0,0,1,1,0,0,0,0,0,0,0,0,0,0
779,Glen Rice,LAL,199905190SAS,"May 19, 1999",SAS,16,13,7,16,42.11,49.75,-7.64,8,4,5,6,2,4,1,2,0,0,0,0,0,0,0,0,0,0,0,0,0,0,0,0
399,Sean Rooks,LAL,199905190SAS,"May 19, 1999",SAS,2,0,2,1,100.0,113.64,-13.64,0,0,0,0,1,2,0,0,0,0,0,0,0,0,0,0,0,0,0,0,0,0,0,0
990,Malik Rose,SAS,199905190SAS,"May 19, 1999",LAL,13,4,5,6,100.0,104.84,-4.84,3,6,0,0,1,2,0,0,1,3,0,0,0,0,0,0,0,0,0,0,0,0,1,2
1498,Antonio Daniels,SAS,199905190SAS,"May 19, 1999",LAL,0,1,0,1,0.0,0.0,0.0,0,0,1,0,0,0,0,0,0,0,0,0,0,0,0,0,0,0,0,0,0,0,0,0
157,Derek Harper,LAL,199905190SAS,"May 19, 1999",SAS,2,4,0,4,18.18,25.0,-6.82,1,2,3,0,0,0,0,0,0,0,0,0,0,0,0,0,0,0,0,0,0,0,0,0
1114,Jaren Jackson,SAS,199905190SAS,"May 19, 1999",LAL,1,3,1,4,11.11,14.53,-3.42,1,0,2,0,0,0,0,0,0,0,0,0,1,1,0,0,0,0,0,0,0,0,0,0
760,Jerome Kersey,SAS,199905190SAS,"May 19, 1999",LAL,0,2,0,2,0.0,0.0,0.0,1,0,1,0,0,0,0,0,0,0,0,0,0,0,0,0,0,0,0,0,0,0,0,0
296,Rick Fox,LAL,199905190SAS,"May 19, 1999",SAS,6,7,0,7,40.0,42.86,-2.86,6,6,1,0,0,0,0,0,0,0,0,0,0,0,0,0,0,0,0,0,0,0,0,0
913,Larry Johnson,NYK,199905200ATL,"May 20, 1999",ATL,11,5,4,7,68.75,81.36,-12.61,3,2,2,6,1,2,0,0,0,0,0,0,0,0,0,0,0,0,0,0,0,0,1,1
87,Dikembe Mutombo,ATL,199905200ATL,"May 20, 1999",NYK,8,10,2,11,36.36,36.76,-0.4,10,6,0,0,0,0,0,0,0,0,0,0,0,0,0,0,0,0,0,0,0,0,1,2
369,Charlie Ward,ATL,199905200ATL,"May 20, 1999",NYK,5,4,0,4,50.0,62.5,-12.5,2,2,2,3,0,0,0,0,0,0,0,0,0,0,0,0,0,0,0,0,0,0,0,0
302,Mookie Blaylock,ATL,199905200ATL,"May 20, 1999",NYK,17,20,6,23,32.69,37.54,-4.85,14,12,6,3,3,2,0,0,0,0,0,0,0,0,0,0,0,0,0,0,0,0,0,0
121,Patrick Ewing,NYK,199905200ATL,"May 20, 1999",ATL,12,14,0,14,42.86,42.86,0.0,14,12,0,0,0,0,0,0,0,0,0,0,0,0,0,0,0,0,0,0,0,0,0,0
703,Kurt Thomas,NYK,199905200ATL,"May 20, 1999",ATL,1,6,2,7,7.14,7.27,-0.13,6,0,0,0,1,1,0,0,0,0,0,0,0,0,0,0,0,0,0,0,0,0,0,0
3,Grant Long,ATL,199905200ATL,"May 20, 1999",NYK,7,9,2,10,33.33,35.43,-2.1,8,6,1,0,1,1,0,0,0,0,0,0,0,0,0,0,0,0,0,0,0,0,0,0
164,Chris Childs,NYK,199905200ATL,"May 20, 1999",ATL,4,6,2,7,23.53,29.07,-5.54,3,2,3,0,1,2,0,0,0,0,0,0,0,0,0,0,0,0,0,0,0,0,0,0
1544,Chris Crawford,ATL,199905200ATL,"May 20, 1999",NYK,10,8,9,12,34.48,41.81,-7.33,3,0,4,0,3,5,0,0,1,3,0,0,0,0,0,0,0,0,0,0,0,0,1,2
120,Steven Smith,ATL,199905200ATL,"May 20, 1999",NYK,9,16,5,19,21.43,24.73,-3.3,11,4,5,0,1,2,0,0,0,0,0,0,1,1,0,0,0,0,0,0,0,0,1,2
84,Latrell Sprewell,NYK,199905200ATL,"May 20, 1999",ATL,31,16,19,24,58.49,63.63,-5.14,11,10,2,0,4,7,0,0,3,8,0,0,0,0,0,0,0,0,0,0,0,0,4,6
275,Allan Houston,NYK,199905200ATL,"May 20, 1999",ATL,2,8,0,8,12.5,12.5,0.0,8,2,0,0,0,0,0,0,0,0,0,0,0,0,0,0,0,0,0,0,0,0,0,0
895,Tyrone Corbin,ATL,199905200ATL,"May 20, 1999",NYK,2,4,0,4,20.0,25.0,-5.0,2,2,2,0,0,0,0,0,0,0,0,0,0,0,0,0,0,0,0,0,0,0,0,0
1533,Anthony Johnson,ATL,199905200ATL,"May 20, 1999",NYK,4,3,2,4,50.0,51.55,-1.55,3,2,0,0,1,2,0,0,0,0,0,0,0,0,0,0,0,0,0,0,0,0,0,0
948,Marcus Camby,NYK,199905200ATL,"May 20, 1999",ATL,11,7,2,8,64.71,69.8,-5.09,6,10,1,0,1,1,0,0,0,0,0,0,0,0,0,0,0,0,0,0,0,0,0,0
201,Chris Dudley,NYK,199905200ATL,"May 20, 1999",ATL,0,1,2,2,0.0,0.0,0.0,1,0,0,0,1,0,0,0,0,0,0,0,0,0,0,0,0,0,0,0,0,0,0,0
770,Mark West,ATL,199905200ATL,"May 20, 1999",NYK,0,0,2,1,0.0,0.0,0.0,0,0,0,0,1,0,0,0,0,0,0,0,0,0,0,0,0,0,0,0,0,0,0,0
1516,Ed Gray,ATL,199905200ATL,"May 20, 1999",NYK,13,11,1,11,54.17,56.82,-2.65,9,8,1,3,0,0,0,0,1,2,0,0,0,0,0,0,0,0,0,0,0,0,0,0
258,Brian Grant,POR,199905200UTA,"May 20, 1999",UTA,23,12,13,18,62.16,64.9,-2.74,11,12,0,0,5,6,0,0,1,3,0,0,0,0,0,0,0,0,0,0,0,0,1,2
252,Karl Malone,UTA,199905200UTA,"May 20, 1999",POR,23,14,12,19,57.5,59.65,-2.15,12,10,0,0,4,6,0,0,2,6,0,0,0,0,0,0,0,0,0,0,0,0,1,1
717,Arvydas Sabonis,POR,199905200UTA,"May 20, 1999",UTA,10,13,1,13,37.04,37.2,-0.16,12,8,0,0,0,0,0,0,1,2,0,0,0,0,0,0,0,0,0,0,0,0,0,0
739,Rasheed Wallace,POR,199905200UTA,"May 20, 1999",UTA,11,10,0,10,50.0,55.0,-5.0,8,8,2,3,0,0,0,0,0,0,0,0,0,0,0,0,0,0,0,0,0,0,0,0
757,Damon Stoudamire,POR,199905200UTA,"May 20, 1999",UTA,2,5,0,5,18.18,20.0,-1.82,4,2,1,0,0,0,0,0,0,0,0,0,0,0,0,0,0,0,0,0,0,0,0,0
731,Greg Ostertag,UTA,199905200UTA,"May 20, 1999",POR,4,2,6,5,40.0,43.1,-3.1,2,0,0,0,2,3,0,0,0,0,0,0,0,0,0,0,0,0,0,0,0,0,1,1
304,John Stockton,UTA,199905200UTA,"May 20, 1999",POR,8,9,1,9,40.0,42.37,-2.37,7,2,1,3,0,0,0,0,1,3,0,0,0,0,0,0,0,0,0,0,0,0,0,0
935,Bryon Russell,POR,199905200UTA,"May 20, 1999",UTA,9,13,1,13,29.03,33.48,-4.45,8,4,4,3,0,0,0,0,1,2,0,0,0,0,0,0,0,0,0,0,0,0,0,0
204,Jeff Hornacek,POR,199905200UTA,"May 20, 1999",UTA,19,16,3,17,50.0,54.85,-4.85,12,12,3,3,0,0,0,0,1,3,0,0,0,0,1,1,0,0,0,0,0,0,0,0
1847,Thurl Bailey,UTA,199905200UTA,"May 20, 1999",POR,0,2,0,2,0.0,0.0,0.0,2,0,0,0,0,0,0,0,0,0,0,0,0,0,0,0,0,0,0,0,0,0,0,0
278,Stacey Augmon,POR,199905200UTA,"May 20, 1999",UTA,0,1,0,1,0.0,0.0,0.0,1,0,0,0,0,0,0,0,0,0,0,0,0,0,0,0,0,0,0,0,0,0,0,0
375,Isaiah Rider,POR,199905200UTA,"May 20, 1999",UTA,27,19,6,22,54.0,62.38,-8.38,13,10,6,12,1,2,0,0,0,0,0,0,0,0,0,0,0,0,0,0,0,0,2,3
458,Howard Eisley,UTA,199905200UTA,"May 20, 1999",POR,0,3,0,3,0.0,0.0,0.0,2,0,1,0,0,0,0,0,0,0,0,0,0,0,0,0,0,0,0,0,0,0,0,0
1000,Shandon Anderson,UTA,199905200UTA,"May 20, 1999",POR,16,13,3,14,48.48,55.87,-7.39,8,6,4,6,0,0,0,0,1,3,0,0,0,0,0,0,0,0,0,0,0,0,1,1
21,Greg Anthony,POR,199905200UTA,"May 20, 1999",UTA,3,1,6,4,33.33,41.21,-7.88,0,0,1,0,0,0,0,0,0,0,0,0,0,0,0,0,0,0,0,0,0,0,3,3
957,Todd Fuller,UTA,199905200UTA,"May 20, 1999",POR,2,3,0,3,33.33,33.33,0.0,3,2,0,0,0,0,0,0,0,0,0,0,0,0,0,0,0,0,0,0,0,0,0,0
1005,Walt Williams,POR,199905200UTA,"May 20, 1999",UTA,0,3,0,3,0.0,0.0,0.0,3,0,0,0,0,0,0,0,0,0,0,0,0,0,0,0,0,0,0,0,0,0,0,0
754,Jim Jackson,POR,199905200UTA,"May 20, 1999",UTA,8,10,2,11,34.78,36.76,-1.98,9,6,1,0,0,0,0,0,0,0,0,0,0,0,0,0,0,0,0,0,0,0,1,2
22,Rik Smits,IND,199905210PHI,"May 21, 1999",PHI,4,4,0,4,50.0,50.0,0.0,4,4,0,0,0,0,0,0,0,0,0,0,0,0,0,0,0,0,0,0,0,0,0,0
947,Allen Iverson,PHI,199905210PHI,"May 21, 1999",IND,32,33,7,36,38.55,44.35,-5.8,22,20,10,6,3,3,0,0,1,3,0,0,0,0,0,0,0,0,0,0,0,0,0,0
904,Chris Mullin,IND,199905210PHI,"May 21, 1999",PHI,15,10,2,11,50.0,68.93,-18.93,2,4,8,9,1,2,0,0,0,0,0,0,0,0,0,0,0,0,0,0,0,0,0,0
349,Mark Jackson,IND,199905210PHI,"May 21, 1999",PHI,11,10,0,10,45.83,55.0,-9.17,6,8,4,3,0,0,0,0,0,0,0,0,0,0,0,0,0,0,0,0,0,0,0,0
761,Matt Geiger,PHI,199905210PHI,"May 21, 1999",IND,11,11,2,12,45.83,46.3,-0.47,11,10,0,0,1,1,0,0,0,0,0,0,0,0,0,0,0,0,0,0,0,0,0,0
689,Theo Ratliff,PHI,199905210PHI,"May 21, 1999",IND,10,8,4,10,50.0,51.23,-1.23,8,8,0,0,2,2,0,0,0,0,0,0,0,0,0,0,0,0,0,0,0,0,0,0
905,Dale Davis,IND,199905210PHI,"May 21, 1999",PHI,10,7,6,10,50.0,51.87,-1.87,7,8,0,0,2,1,0,0,0,0,0,0,0,0,0,0,0,0,0,0,0,0,1,1
1716,Larry Hughes,IND,199905210PHI,"May 21, 1999",PHI,11,11,6,14,37.93,40.32,-2.39,10,6,1,0,3,5,0,0,0,0,0,0,0,0,0,0,0,0,0,0,0,0,0,0
727,Eric Snow,PHI,199905210PHI,"May 21, 1999",IND,16,11,3,12,57.14,64.94,-7.8,7,8,3,3,1,2,0,0,1,3,0,0,0,0,0,0,0,0,0,0,0,0,0,0
397,Reggie Miller,IND,199905210PHI,"May 21, 1999",PHI,29,14,7,17,70.73,84.89,-14.16,7,8,6,12,0,0,0,0,1,3,0,0,0,0,0,0,0,0,0,0,0,0,3,6
238,Tyrone Hill,PHI,199905210PHI,"May 21, 1999",IND,0,5,2,6,0.0,0.0,0.0,5,0,0,0,1,0,0,0,0,0,0,0,0,0,0,0,0,0,0,0,0,0,0,0
213,Antonio Davis,IND,199905210PHI,"May 21, 1999",PHI,6,6,1,6,46.15,46.58,-0.43,5,4,0,0,0,0,0,0,1,2,0,0,0,0,0,0,0,0,0,0,0,0,0,0
248,George Lynch,PHI,199905210PHI,"May 21, 1999",IND,4,6,4,8,23.53,25.77,-2.24,5,2,1,0,0,0,0,0,0,0,0,0,0,0,0,0,0,0,0,0,0,0,2,2
696,Travis Best,IND,199905210PHI,"May 21, 1999",PHI,6,4,2,5,60.0,61.48,-1.48,4,4,0,0,0,0,0,0,0,0,0,0,0,0,0,0,0,0,0,0,0,0,1,2
147,Jalen Rose,IND,199905210PHI,"May 21, 1999",PHI,10,11,1,11,41.67,43.71,-2.04,9,8,1,0,0,0,0,0,1,2,0,0,0,0,0,0,0,0,0,0,0,0,0,0
243,Aaron McKie,PHI,199905210PHI,"May 21, 1999",IND,2,3,0,3,33.33,33.33,0.0,3,2,0,0,0,0,0,0,0,0,0,0,0,0,0,0,0,0,0,0,0,0,0,0
64,Sam Perkins,IND,199905210PHI,"May 21, 1999",PHI,0,5,0,5,0.0,0.0,0.0,0,0,5,0,0,0,0,0,0,0,0,0,0,0,0,0,0,0,0,0,0,0,0,0
365,Derrick McKey,IND,199905210PHI,"May 21, 1999",PHI,6,5,0,5,60.0,60.0,0.0,5,6,0,0,0,0,0,0,0,0,0,0,0,0,0,0,0,0,0,0,0,0,0,0
935,Bryon Russell,POR,199905220POR,"May 22, 1999",UTA,5,8,7,12,19.23,22.56,-3.33,5,0,3,0,2,4,0,0,0,0,0,0,2,1,0,0,0,0,0,0,0,0,0,0
739,Rasheed Wallace,POR,199905220POR,"May 22, 1999",UTA,20,11,13,17,55.56,59.81,-4.25,9,10,1,0,5,5,0,0,1,3,0,0,0,0,0,0,0,0,0,0,0,0,1,2
717,Arvydas Sabonis,POR,199905220POR,"May 22, 1999",UTA,15,12,6,15,50.0,51.23,-1.23,12,10,0,0,1,1,0,0,0,0,0,0,0,0,0,0,0,0,0,0,0,0,2,4
252,Karl Malone,UTA,199905220POR,"May 22, 1999",POR,25,19,12,25,50.0,51.48,-1.48,19,16,0,0,4,7,0,0,0,0,0,0,0,0,0,0,0,0,0,0,0,0,2,2
731,Greg Ostertag,UTA,199905220POR,"May 22, 1999",POR,2,3,2,4,25.0,25.77,-0.77,3,0,0,0,1,2,0,0,0,0,0,0,0,0,0,0,0,0,0,0,0,0,0,0
204,Jeff Hornacek,UTA,199905220POR,"May 22, 1999",POR,12,10,2,11,52.17,55.15,-2.98,9,10,1,0,1,2,0,0,0,0,0,0,0,0,0,0,0,0,0,0,0,0,0,0
304,John Stockton,POR,199905220POR,"May 22, 1999",UTA,9,7,2,8,52.94,57.11,-4.17,6,8,1,0,1,1,0,0,0,0,0,0,0,0,0,0,0,0,0,0,0,0,0,0
278,Stacey Augmon,POR,199905220POR,"May 22, 1999",UTA,2,2,0,2,50.0,50.0,0.0,2,2,0,0,0,0,0,0,0,0,0,0,0,0,0,0,0,0,0,0,0,0,0,0
258,Brian Grant,POR,199905220POR,"May 22, 1999",UTA,16,11,6,14,57.14,58.65,-1.51,11,12,0,0,3,4,0,0,0,0,0,0,0,0,0,0,0,0,0,0,0,0,0,0
375,Isaiah Rider,POR,199905220POR,"May 22, 1999",UTA,13,7,10,13,48.15,57.02,-8.87,4,2,3,3,1,1,0,0,0,0,0,0,2,2,0,0,0,0,0,0,0,0,3,5
757,Damon Stoudamire,POR,199905220POR,"May 22, 1999",UTA,11,7,6,10,52.38,57.05,-4.67,6,4,1,3,0,0,0,0,0,0,0,0,0,0,0,0,0,0,0,0,0,0,3,4
458,Howard Eisley,UTA,199905220POR,"May 22, 1999",POR,8,5,5,8,44.44,55.56,-11.12,2,0,3,3,0,0,0,0,0,0,0,0,1,1,0,0,0,0,0,0,0,0,2,4
1000,Shandon Anderson,UTA,199905220POR,"May 22, 1999",POR,3,5,2,6,25.0,25.51,-0.51,5,2,0,0,1,1,0,0,0,0,0,0,0,0,0,0,0,0,0,0,0,0,0,0
957,Todd Fuller,UTA,199905220POR,"May 22, 1999",POR,6,2,2,3,100.0,104.17,-4.17,2,4,0,0,1,2,0,0,0,0,0,0,0,0,0,0,0,0,0,0,0,0,0,0
1005,Walt Williams,POR,199905220POR,"May 22, 1999",UTA,9,6,0,6,50.0,75.0,-25.0,0,0,6,9,0,0,0,0,0,0,0,0,0,0,0,0,0,0,0,0,0,0,0,0
21,Greg Anthony,POR,199905220POR,"May 22, 1999",UTA,10,6,7,9,45.45,55.07,-9.62,2,0,3,3,1,2,0,0,1,2,0,0,0,0,0,0,0,0,0,0,0,0,2,3
323,Greg Foster,UTA,199905220POR,"May 22, 1999",POR,0,1,0,1,0.0,0.0,0.0,1,0,0,0,0,0,0,0,0,0,0,0,0,0,0,0,0,0,0,0,0,0,0,0
754,Jim Jackson,POR,199905220POR,"May 22, 1999",UTA,1,4,2,5,9.09,10.25,-1.16,3,0,1,0,0,0,0,0,0,0,0,0,0,0,0,0,0,0,0,0,0,0,1,1
1847,Thurl Bailey,UTA,199905220POR,"May 22, 1999",POR,4,4,0,4,50.0,50.0,0.0,4,4,0,0,0,0,0,0,0,0,0,0,0,0,0,0,0,0,0,0,0,0,0,0
228,Adam Keefe,UTA,199905220POR,"May 22, 1999",POR,10,7,2,8,62.5,63.45,-0.95,7,8,0,0,0,0,0,0,0,0,0,0,0,0,0,0,0,0,0,0,0,0,1,2
1521,Jacque Vaughn,UTA,199905220POR,"May 22, 1999",POR,3,1,0,1,100.0,150.0,-50.0,0,0,1,3,0,0,0,0,0,0,0,0,0,0,0,0,0,0,0,0,0,0,0,0
406,Shaquille O'Neal,LAL,199905220LAL,"May 22, 1999",SAS,22,14,14,20,52.38,54.56,-2.18,12,12,0,0,4,4,0,0,2,5,0,0,0,0,0,0,0,0,0,0,0,0,2,1
1495,Tim Duncan,SAS,199905220LAL,"May 22, 1999",LAL,37,19,23,29,60.66,63.53,-2.87,16,12,0,0,6,10,0,0,3,8,0,0,0,0,0,0,0,0,0,0,0,0,4,7
779,Glen Rice,LAL,199905220LAL,"May 22, 1999",SAS,24,19,10,24,44.44,51.28,-6.84,13,8,6,6,3,6,0,0,0,0,0,0,0,0,0,0,0,0,0,0,0,0,2,4
462,J.R. Reid,LAL,199905220LAL,"May 22, 1999",SAS,2,5,0,5,20.0,20.0,0.0,5,2,0,0,0,0,0,0,0,0,0,0,0,0,0,0,0,0,0,0,0,0,0,0
251,Sean Elliott,SAS,199905220LAL,"May 22, 1999",LAL,12,9,2,10,50.0,60.73,-10.73,5,4,4,6,0,0,0,0,0,0,0,0,0,0,0,0,0,0,0,0,0,0,1,2
764,David Robinson,SAS,199905220LAL,"May 22, 1999",LAL,10,6,4,8,62.5,64.43,-1.93,6,6,0,0,0,0,0,0,0,0,0,0,0,0,2,4,0,0,0,0,0,0,0,0
977,Kobe Bryant,SAS,199905220LAL,"May 22, 1999",LAL,20,18,6,21,42.55,48.45,-5.9,13,10,5,6,3,4,0,0,0,0,0,0,0,0,0,0,0,0,0,0,0,0,0,0
422,Avery Johnson,SAS,199905220LAL,"May 22, 1999",LAL,8,8,2,9,44.44,45.05,-0.61,8,8,0,0,0,0,0,0,0,0,0,0,0,0,0,0,0,0,0,0,0,0,1,0
53,Mario Elie,SAS,199905220LAL,"May 22, 1999",LAL,8,9,0,9,40.0,44.44,-4.44,7,8,2,0,0,0,0,0,0,0,0,0,0,0,0,0,0,0,0,0,0,0,0,0
965,Derek Fisher,LAL,199905220LAL,"May 22, 1999",SAS,13,11,2,11,44.83,54.71,-9.88,4,4,5,3,0,0,0,0,2,6,0,0,0,0,0,0,0,0,0,0,0,0,0,0
781,Will Perdue,SAS,199905220LAL,"May 22, 1999",LAL,2,1,0,1,100.0,100.0,0.0,1,2,0,0,0,0,0,0,0,0,0,0,0,0,0,0,0,0,0,0,0,0,0,0
1114,Jaren Jackson,SAS,199905220LAL,"May 22, 1999",LAL,22,15,2,16,57.89,69.27,-11.38,9,14,6,6,0,0,0,0,0,0,0,0,0,0,0,0,0,0,0,0,0,0,1,2
109,Robert Horry,LAL,199905220LAL,"May 22, 1999",SAS,6,3,2,4,60.0,77.32,-17.32,1,2,2,3,1,1,0,0,0,0,0,0,0,0,0,0,0,0,0,0,0,0,0,0
157,Derek Harper,LAL,199905220LAL,"May 22, 1999",SAS,0,1,2,2,0.0,0.0,0.0,0,0,1,0,0,0,0,0,0,0,0,0,0,0,0,0,0,0,0,0,0,0,1,0
1498,Antonio Daniels,SAS,199905220LAL,"May 22, 1999",LAL,2,4,0,4,22.22,25.0,-2.78,3,2,1,0,0,0,0,0,0,0,0,0,0,0,0,0,0,0,0,0,0,0,0,0
296,Rick Fox,LAL,199905220LAL,"May 22, 1999",SAS,4,4,0,4,50.0,50.0,0.0,4,4,0,0,0,0,0,0,0,0,0,0,0,0,0,0,0,0,0,0,0,0,0,0
760,Jerome Kersey,SAS,199905220LAL,"May 22, 1999",LAL,2,3,0,3,33.33,33.33,0.0,3,2,0,0,0,0,0,0,0,0,0,0,0,0,0,0,0,0,0,0,0,0,0,0
990,Malik Rose,SAS,199905220LAL,"May 22, 1999",LAL,0,4,0,4,0.0,0.0,0.0,4,0,0,0,0,0,0,0,0,0,0,0,0,0,0,0,0,0,0,0,0,0,0,0
1495,Tim Duncan,SAS,199905230LAL,"May 23, 1999",LAL,33,14,14,20,78.57,81.85,-3.28,12,18,0,0,2,4,0,0,2,6,0,0,0,0,0,0,0,0,0,0,0,0,4,5
779,Glen Rice,LAL,199905230LAL,"May 23, 1999",SAS,11,10,3,11,42.31,48.59,-6.28,6,6,3,0,1,2,0,0,1,3,0,0,0,0,0,0,0,0,0,0,0,0,0,0
422,Avery Johnson,SAS,199905230LAL,"May 23, 1999",LAL,19,15,7,18,50.0,52.54,-2.54,13,8,1,3,3,5,0,0,1,3,0,0,0,0,0,0,0,0,0,0,0,0,0,0
965,Derek Fisher,LAL,199905230LAL,"May 23, 1999",SAS,5,7,4,9,25.0,28.54,-3.54,5,2,2,0,1,2,0,0,0,0,0,0,0,0,0,0,0,0,0,0,0,0,1,1
764,David Robinson,SAS,199905230LAL,"May 23, 1999",LAL,12,7,6,10,60.0,62.24,-2.24,7,8,0,0,3,4,0,0,0,0,0,0,0,0,0,0,0,0,0,0,0,0,0,0
53,Mario Elie,SAS,199905230LAL,"May 23, 1999",LAL,3,0,4,2,75.0,85.23,-10.23,0,0,0,0,2,3,0,0,0,0,0,0,0,0,0,0,0,0,0,0,0,0,0,0
977,Kobe Bryant,LAL,199905230LAL,"May 23, 1999",SAS,16,16,2,17,43.24,47.39,-4.15,13,12,3,3,1,1,0,0,0,0,0,0,0,0,0,0,0,0,0,0,0,0,0,0
406,Shaquille O'Neal,LAL,199905230LAL,"May 23, 1999",SAS,36,23,23,34,52.17,54.35,-2.18,22,22,0,0,7,10,0,0,1,2,0,0,0,0,0,0,0,0,0,0,0,0,4,2
462,J.R. Reid,SAS,199905230LAL,"May 23, 1999",LAL,2,2,0,2,50.0,50.0,0.0,2,2,0,0,0,0,0,0,0,0,0,0,0,0,0,0,0,0,0,0,0,0,0,0
1114,Jaren Jackson,SAS,199905230LAL,"May 23, 1999",LAL,20,12,2,14,54.05,77.64,-23.59,1,2,11,18,0,0,0,0,0,0,0,0,2,0,0,0,0,0,0,0,0,0,0,0
251,Sean Elliott,SAS,199905230LAL,"May 23, 1999",LAL,14,3,15,10,66.67,72.92,-6.25,3,4,0,0,0,0,1,2,0,0,0,0,0,0,0,0,0,0,0,0,0,0,6,8
1731,Tyronn Lue,LAL,199905230LAL,"May 23, 1999",SAS,12,16,0,16,35.29,37.5,-2.21,14,12,2,0,0,0,0,0,0,0,0,0,0,0,0,0,0,0,0,0,0,0,0,0
109,Robert Horry,LAL,199905230LAL,"May 23, 1999",SAS,6,2,4,4,66.67,79.79,-13.12,1,2,1,0,1,2,0,0,0,0,0,0,0,0,0,0,0,0,0,0,0,0,1,2
781,Will Perdue,SAS,199905230LAL,"May 23, 1999",LAL,0,1,0,1,0.0,0.0,0.0,1,0,0,0,0,0,0,0,0,0,0,0,0,0,0,0,0,0,0,0,0,0,0,0
990,Malik Rose,SAS,199905230LAL,"May 23, 1999",LAL,8,2,5,4,88.89,95.24,-6.35,1,2,0,0,1,2,0,0,1,2,0,0,0,0,0,0,0,0,0,0,0,0,1,2
1498,Antonio Daniels,SAS,199905230LAL,"May 23, 1999",LAL,0,1,0,1,0.0,0.0,0.0,1,0,0,0,0,0,0,0,0,0,0,0,0,0,0,0,0,0,0,0,0,0,0,0
296,Rick Fox,LAL,199905230LAL,"May 23, 1999",SAS,17,14,0,14,50.0,60.71,-10.71,8,14,6,3,0,0,0,0,0,0,0,0,0,0,0,0,0,0,0,0,0,0,0,0
969,Travis Knight,LAL,199905230LAL,"May 23, 1999",SAS,2,2,0,2,50.0,50.0,0.0,2,2,0,0,0,0,0,0,0,0,0,0,0,0,0,0,0,0,0,0,0,0,0,0
760,Jerome Kersey,SAS,199905230LAL,"May 23, 1999",LAL,9,5,1,5,81.82,82.72,-0.9,4,6,0,0,0,0,0,0,1,3,0,0,0,0,0,0,0,0,0,0,0,0,0,0
121,Patrick Ewing,NYK,199905230NYK,"May 23, 1999",ATL,4,12,0,12,16.67,16.67,0.0,12,4,0,0,0,0,0,0,0,0,0,0,0,0,0,0,0,0,0,0,0,0,0,0
120,Steven Smith,ATL,199905230NYK,"May 23, 1999",NYK,17,21,2,22,35.42,38.85,-3.43,17,12,4,3,0,0,0,0,0,0,0,0,0,0,0,0,0,0,0,0,0,0,1,2
3,Grant Long,ATL,199905230NYK,"May 23, 1999",NYK,17,15,6,18,45.95,48.19,-2.24,14,12,1,0,2,3,0,0,0,0,0,0,0,0,0,0,0,0,0,0,0,0,1,2
1544,Chris Crawford,ATL,199905230NYK,"May 23, 1999",NYK,4,9,4,11,18.18,18.59,-0.41,9,0,0,0,1,2,0,0,0,0,0,0,0,0,0,0,0,0,0,0,0,0,1,2
87,Dikembe Mutombo,ATL,199905230NYK,"May 23, 1999",NYK,7,7,4,9,38.89,39.95,-1.06,7,4,0,0,2,3,0,0,0,0,0,0,0,0,0,0,0,0,0,0,0,0,0,0
913,Larry Johnson,NYK,199905230NYK,"May 23, 1999",ATL,12,7,3,8,60.0,72.12,-12.12,3,4,3,3,1,2,0,0,1,3,0,0,0,0,0,0,0,0,0,0,0,0,0,0
275,Allan Houston,NYK,199905230NYK,"May 23, 1999",ATL,17,14,2,15,53.12,57.12,-4.0,12,12,2,3,0,0,0,0,0,0,0,0,0,0,0,0,0,0,0,0,0,0,1,2
703,Kurt Thomas,NYK,199905230NYK,"May 23, 1999",ATL,5,4,1,4,55.56,56.31,-0.75,3,2,0,0,0,0,0,0,1,3,0,0,0,0,0,0,0,0,0,0,0,0,0,0
302,Mookie Blaylock,NYK,199905230NYK,"May 23, 1999",ATL,11,15,0,15,32.35,36.67,-4.32,11,8,4,3,0,0,0,0,0,0,0,0,0,0,0,0,0,0,0,0,0,0,0,0
369,Charlie Ward,NYK,199905230NYK,"May 23, 1999",ATL,6,5,0,5,42.86,60.0,-17.14,1,0,4,6,0,0,0,0,0,0,0,0,0,0,0,0,0,0,0,0,0,0,0,0
84,Latrell Sprewell,NYK,199905230NYK,"May 23, 1999",ATL,17,16,5,18,44.74,46.7,-1.96,14,12,1,0,1,2,0,0,1,2,0,0,0,0,0,0,0,0,0,0,0,0,1,1
201,Chris Dudley,NYK,199905230NYK,"May 23, 1999",ATL,14,7,4,9,77.78,79.91,-2.13,7,12,0,0,1,1,0,0,0,0,0,0,0,0,0,0,0,0,0,0,0,0,1,1
948,Marcus Camby,NYK,199905230NYK,"May 23, 1999",ATL,15,13,2,14,53.57,54.03,-0.46,13,14,0,0,1,1,0,0,0,0,0,0,0,0,0,0,0,0,0,0,0,0,0,0
895,Tyrone Corbin,ATL,199905230NYK,"May 23, 1999",NYK,4,5,2,6,30.77,34.01,-3.24,4,2,1,0,1,2,0,0,0,0,0,0,0,0,0,0,0,0,0,0,0,0,0,0
1516,Ed Gray,ATL,199905230NYK,"May 23, 1999",NYK,10,11,4,13,37.04,39.18,-2.14,10,6,1,0,1,2,0,0,0,0,0,0,0,0,0,0,0,0,0,0,0,0,1,2
164,Chris Childs,NYK,199905230NYK,"May 23, 1999",ATL,0,2,0,2,0.0,0.0,0.0,1,0,1,0,0,0,0,0,0,0,0,0,0,0,0,0,0,0,0,0,0,0,0,0
1533,Anthony Johnson,ATL,199905230NYK,"May 23, 1999",NYK,4,1,2,2,100.0,106.38,-6.38,1,2,0,0,1,2,0,0,0,0,0,0,0,0,0,0,0,0,0,0,0,0,0,0
770,Mark West,ATL,199905230NYK,"May 23, 1999",NYK,2,2,0,2,50.0,50.0,0.0,2,2,0,0,0,0,0,0,0,0,0,0,0,0,0,0,0,0,0,0,0,0,0,0
1728,Roshown McLeod,ATL,199905230NYK,"May 23, 1999",NYK,2,1,0,1,100.0,100.0,0.0,1,2,0,0,0,0,0,0,0,0,0,0,0,0,0,0,0,0,0,0,0,0,0,0
1594,Rick Brunson,NYK,199905230NYK,"May 23, 1999",ATL,0,1,0,1,0.0,0.0,0.0,1,0,0,0,0,0,0,0,0,0,0,0,0,0,0,0,0,0,0,0,0,0,0,0
1006,Herb Williams,NYK,199905230NYK,"May 23, 1999",ATL,0,1,0,1,0.0,0.0,0.0,1,0,0,0,0,0,0,0,0,0,0,0,0,0,0,0,0,0,0,0,0,0,0,0
22,Rik Smits,IND,199905230PHI,"May 23, 1999",PHI,15,12,4,14,53.57,54.51,-0.94,12,12,0,0,1,1,0,0,0,0,0,0,0,0,0,0,0,0,0,0,0,0,1,2
238,Tyrone Hill,PHI,199905230PHI,"May 23, 1999",IND,6,6,0,6,50.0,50.0,0.0,6,6,0,0,0,0,0,0,0,0,0,0,0,0,0,0,0,0,0,0,0,0,0,0
727,Eric Snow,PHI,199905230PHI,"May 23, 1999",IND,13,17,3,18,33.33,35.48,-2.15,14,8,2,0,1,2,0,0,1,3,0,0,0,0,0,0,0,0,0,0,0,0,0,0
905,Dale Davis,IND,199905230PHI,"May 23, 1999",PHI,10,4,8,8,62.5,66.49,-3.99,4,4,0,0,3,4,0,0,0,0,0,0,0,0,0,0,0,0,0,0,0,0,1,2
761,Matt Geiger,PHI,199905230PHI,"May 23, 1999",IND,23,16,3,17,65.71,66.4,-0.69,15,18,0,0,1,2,0,0,1,3,0,0,0,0,0,0,0,0,0,0,0,0,0,0
397,Reggie Miller,IND,199905230PHI,"May 23, 1999",PHI,23,17,7,20,46.94,57.27,-10.33,8,10,8,6,1,2,0,0,1,3,0,0,1,1,0,0,0,0,0,0,0,0,1,1
947,Allen Iverson,PHI,199905230PHI,"May 23, 1999",IND,25,28,1,28,39.68,43.95,-4.27,21,16,6,6,0,0,0,0,1,3,0,0,0,0,0,0,0,0,0,0,0,0,0,0
349,Mark Jackson,IND,199905230PHI,"May 23, 1999",PHI,14,9,2,10,58.33,70.85,-12.52,5,6,4,6,0,0,0,0,0,0,0,0,0,0,0,0,0,0,0,0,0,0,1,2
248,George Lynch,PHI,199905230PHI,"May 23, 1999",IND,11,9,2,10,55.0,55.67,-0.67,9,10,0,0,0,0,0,0,0,0,0,0,0,0,0,0,0,0,0,0,0,0,1,1
904,Chris Mullin,IND,199905230PHI,"May 23, 1999",PHI,16,9,2,10,59.26,80.97,-21.71,2,2,7,12,0,0,0,0,0,0,0,0,0,0,0,0,0,0,0,0,0,0,1,2
213,Antonio Davis,IND,199905230PHI,"May 23, 1999",PHI,6,1,6,4,75.0,82.42,-7.42,1,0,0,0,3,6,0,0,0,0,0,0,0,0,0,0,0,0,0,0,0,0,0,0
243,Aaron McKie,PHI,199905230PHI,"May 23, 1999",IND,4,3,2,4,50.0,51.55,-1.55,3,2,0,0,1,2,0,0,0,0,0,0,0,0,0,0,0,0,0,0,0,0,0,0
1716,Larry Hughes,PHI,199905230PHI,"May 23, 1999",IND,3,7,2,8,18.75,19.04,-0.29,7,2,0,0,1,1,0,0,0,0,0,0,0,0,0,0,0,0,0,0,0,0,0,0
147,Jalen Rose,IND,199905230PHI,"May 23, 1999",PHI,5,11,4,13,18.52,19.59,-1.07,10,2,1,0,1,2,0,0,0,0,0,0,0,0,0,0,0,0,0,0,0,0,1,1
328,Rick Mahorn,PHI,199905230PHI,"May 23, 1999",IND,1,2,2,3,16.67,17.36,-0.69,2,0,0,0,0,0,0,0,0,0,0,0,0,0,0,0,0,0,0,0,0,0,1,1
365,Derrick McKey,IND,199905230PHI,"May 23, 1999",PHI,0,2,0,2,0.0,0.0,0.0,2,0,0,0,0,0,0,0,0,0,0,0,0,0,0,0,0,0,0,0,0,0,0,0
696,Travis Best,PHI,199905230PHI,"May 23, 1999",IND,0,2,0,2,0.0,0.0,0.0,2,0,0,0,0,0,0,0,0,0,0,0,0,0,0,0,0,0,0,0,0,0,0,0
258,Brian Grant,POR,199905230POR,"May 23, 1999",UTA,7,9,5,10,30.43,31.25,-0.82,6,0,0,0,1,0,0,0,3,7,0,0,0,0,0,0,0,0,0,0,0,0,0,0
252,Karl Malone,UTA,199905230POR,"May 23, 1999",POR,17,15,4,16,50.0,50.72,-0.72,13,12,0,0,1,1,0,0,2,4,0,0,0,0,0,0,0,0,0,0,0,0,0,0
731,Greg Ostertag,UTA,199905230POR,"May 23, 1999",POR,0,3,2,4,0.0,0.0,0.0,3,0,0,0,1,0,0,0,0,0,0,0,0,0,0,0,0,0,0,0,0,0,0,0
739,Rasheed Wallace,POR,199905230POR,"May 23, 1999",UTA,2,5,0,5,20.0,20.0,0.0,5,2,0,0,0,0,0,0,0,0,0,0,0,0,0,0,0,0,0,0,0,0,0,0
375,Isaiah Rider,POR,199905230POR,"May 23, 1999",UTA,24,18,12,25,47.06,51.55,-4.49,15,8,3,6,1,2,0,0,0,0,0,0,2,1,0,0,0,0,0,0,0,0,4,7
204,Jeff Hornacek,UTA,199905230POR,"May 23, 1999",POR,5,5,2,6,41.67,42.52,-0.85,5,4,0,0,0,0,0,0,0,0,0,0,0,0,0,0,0,0,0,0,0,0,1,1
304,John Stockton,UTA,199905230POR,"May 23, 1999",POR,16,13,3,15,53.33,55.87,-2.54,11,12,1,0,0,0,0,0,1,3,0,0,2,1,0,0,0,0,0,0,0,0,0,0
717,Arvydas Sabonis,POR,199905230POR,"May 23, 1999",UTA,14,8,4,10,70.0,71.72,-1.72,8,10,0,0,0,0,0,0,0,0,0,0,0,0,0,0,0,0,0,0,0,0,2,4
757,Damon Stoudamire,POR,199905230POR,"May 23, 1999",UTA,10,7,6,10,47.62,51.87,-4.25,6,2,1,3,3,5,0,0,0,0,0,0,0,0,0,0,0,0,0,0,0,0,0,0
935,Bryon Russell,UTA,199905230POR,"May 23, 1999",POR,17,12,7,15,47.22,56.37,-9.15,6,6,5,3,3,5,0,0,1,3,0,0,0,0,0,0,0,0,0,0,0,0,0,0
458,Howard Eisley,UTA,199905230POR,"May 23, 1999",POR,7,5,4,7,46.67,51.78,-5.11,3,2,1,0,1,2,0,0,1,2,0,0,1,1,0,0,0,0,0,0,0,0,0,0
278,Stacey Augmon,POR,199905230POR,"May 23, 1999",UTA,4,1,6,4,50.0,54.95,-4.95,1,0,0,0,2,2,0,0,0,0,0,0,0,0,0,0,0,0,0,0,0,0,1,2
1000,Shandon Anderson,UTA,199905230POR,"May 23, 1999",POR,5,8,2,9,26.32,28.15,-1.83,7,4,1,0,1,1,0,0,0,0,0,0,0,0,0,0,0,0,0,0,0,0,0,0
754,Jim Jackson,POR,199905230POR,"May 23, 1999",UTA,9,9,3,10,39.13,43.6,-4.47,6,4,2,0,0,0,0,0,1,3,0,0,0,0,0,0,0,0,0,0,0,0,1,2
957,Todd Fuller,UTA,199905230POR,"May 23, 1999",POR,0,3,0,3,0.0,0.0,0.0,3,0,0,0,0,0,0,0,0,0,0,0,0,0,0,0,0,0,0,0,0,0,0,0
21,Greg Anthony,POR,199905230POR,"May 23, 1999",UTA,5,4,0,4,50.0,62.5,-12.5,2,2,2,3,0,0,0,0,0,0,0,0,0,0,0,0,0,0,0,0,0,0,0,0
1847,Thurl Bailey,UTA,199905230POR,"May 23, 1999",POR,0,1,0,1,0.0,0.0,0.0,1,0,0,0,0,0,0,0,0,0,0,0,0,0,0,0,0,0,0,0,0,0,0,0
1005,Walt Williams,POR,199905230POR,"May 23, 1999",UTA,4,3,4,5,33.33,42.02,-8.69,1,0,2,0,2,4,0,0,0,0,0,0,0,0,0,0,0,0,0,0,0,0,0,0
228,Adam Keefe,UTA,199905230POR,"May 23, 1999",POR,8,5,2,6,66.67,68.03,-1.36,5,6,0,0,1,2,0,0,0,0,0,0,0,0,0,0,0,0,0,0,0,0,0,0
979,Jermaine O'Neal,POR,199905230POR,"May 23, 1999",UTA,2,0,2,1,100.0,113.64,-13.64,0,0,0,0,0,0,0,0,0,0,0,0,0,0,0,0,0,0,0,0,0,0,1,2
302,Mookie Blaylock,ATL,199905240NYK,"May 24, 1999",NYK,7,15,0,15,20.0,23.33,-3.33,10,4,5,3,0,0,0,0,0,0,0,0,0,0,0,0,0,0,0,0,0,0,0,0
369,Charlie Ward,NYK,199905240NYK,"May 24, 1999",ATL,5,4,0,4,45.45,62.5,-17.05,1,2,3,3,0,0,0,0,0,0,0,0,0,0,0,0,0,0,0,0,0,0,0,0
121,Patrick Ewing,NYK,199905240NYK,"May 24, 1999",ATL,17,14,2,15,56.67,57.12,-0.45,14,16,0,0,0,0,0,0,0,0,0,0,0,0,0,0,0,0,0,0,0,0,1,1
3,Grant Long,ATL,199905240NYK,"May 24, 1999",NYK,8,10,4,12,33.33,34.01,-0.68,10,6,0,0,2,2,0,0,0,0,0,0,0,0,0,0,0,0,0,0,0,0,0,0
87,Dikembe Mutombo,ATL,199905240NYK,"May 24, 1999",NYK,11,6,6,9,61.11,63.66,-2.55,6,6,0,0,2,3,0,0,0,0,0,0,0,0,0,0,0,0,0,0,0,0,1,2
275,Allan Houston,NYK,199905240NYK,"May 24, 1999",ATL,19,15,6,18,48.72,53.85,-5.13,12,12,3,3,3,4,0,0,0,0,0,0,0,0,0,0,0,0,0,0,0,0,0,0
703,Kurt Thomas,NYK,199905240NYK,"May 24, 1999",ATL,8,9,2,10,40.0,40.49,-0.49,9,6,0,0,1,2,0,0,0,0,0,0,0,0,0,0,0,0,0,0,0,0,0,0
120,Steven Smith,ATL,199905240NYK,"May 24, 1999",NYK,14,20,3,22,30.43,32.83,-2.4,17,8,3,3,1,2,0,0,0,0,0,0,1,1,0,0,0,0,0,0,0,0,0,0
1544,Chris Crawford,ATL,199905240NYK,"May 24, 1999",NYK,4,6,0,6,28.57,33.33,-4.76,4,4,2,0,0,0,0,0,0,0,0,0,0,0,0,0,0,0,0,0,0,0,0,0
913,Larry Johnson,NYK,199905240NYK,"May 24, 1999",ATL,0,3,0,3,0.0,0.0,0.0,1,0,2,0,0,0,0,0,0,0,0,0,0,0,0,0,0,0,0,0,0,0,0,0
84,Latrell Sprewell,NYK,199905240NYK,"May 24, 1999",ATL,11,9,6,12,45.83,47.25,-1.42,9,6,0,0,2,3,0,0,0,0,0,0,0,0,0,0,0,0,0,0,0,0,1,2
770,Mark West,ATL,199905240NYK,"May 24, 1999",NYK,6,2,2,3,100.0,104.17,-4.17,2,4,0,0,1,2,0,0,0,0,0,0,0,0,0,0,0,0,0,0,0,0,0,0
948,Marcus Camby,NYK,199905240NYK,"May 24, 1999",ATL,8,3,8,7,57.14,61.35,-4.21,3,4,0,0,3,2,0,0,0,0,0,0,0,0,1,2,0,0,0,0,0,0,0,0
1516,Ed Gray,ATL,199905240NYK,"May 24, 1999",NYK,6,8,4,10,28.57,30.74,-2.17,7,2,1,0,0,0,0,0,0,0,0,0,0,0,0,0,0,0,0,0,0,0,2,4
201,Chris Dudley,NYK,199905240NYK,"May 24, 1999",ATL,3,2,2,3,50.0,52.08,-2.08,2,2,0,0,1,1,0,0,0,0,0,0,0,0,0,0,0,0,0,0,0,0,0,0
1533,Anthony Johnson,ATL,199905240NYK,"May 24, 1999",NYK,0,3,0,3,0.0,0.0,0.0,3,0,0,0,0,0,0,0,0,0,0,0,0,0,0,0,0,0,0,0,0,0,0,0
895,Tyrone Corbin,ATL,199905240NYK,"May 24, 1999",NYK,0,2,0,2,0.0,0.0,0.0,1,0,1,0,0,0,0,0,0,0,0,0,0,0,0,0,0,0,0,0,0,0,0,0
164,Chris Childs,NYK,199905240NYK,"May 24, 1999",ATL,6,4,0,4,75.0,75.0,0.0,4,6,0,0,0,0,0,0,0,0,0,0,0,0,0,0,0,0,0,0,0,0,0,0
1728,Roshown McLeod,ATL,199905240NYK,"May 24, 1999",NYK,10,6,2,7,71.43,72.67,-1.24,6,8,0,0,1,2,0,0,0,0,0,0,0,0,0,0,0,0,0,0,0,0,0,0
1594,Rick Brunson,NYK,199905240NYK,"May 24, 1999",ATL,0,1,0,1,0.0,0.0,0.0,1,0,0,0,0,0,0,0,0,0,0,0,0,0,0,0,0,0,0,0,0,0,0,0
1006,Herb Williams,NYK,199905240NYK,"May 24, 1999",ATL,2,1,0,1,100.0,100.0,0.0,1,2,0,0,0,0,0,0,0,0,0,0,0,0,0,0,0,0,0,0,0,0,0,0
252,Karl Malone,UTA,199905250UTA,"May 25, 1999",POR,23,21,2,22,52.27,52.56,-0.29,21,22,0,0,0,0,0,0,0,0,0,0,0,0,0,0,0,0,0,0,0,0,1,1
757,Damon Stoudamire,POR,199905250UTA,"May 25, 1999",UTA,12,14,2,15,37.5,40.32,-2.82,12,10,2,0,0,0,0,0,0,0,0,0,0,0,0,0,0,0,0,0,0,0,1,2
739,Rasheed Wallace,POR,199905250UTA,"May 25, 1999",UTA,15,13,2,13,50.0,54.03,-4.03,9,10,2,0,0,0,0,0,2,5,0,0,0,0,0,0,0,0,0,0,0,0,0,0
204,Jeff Hornacek,UTA,199905250UTA,"May 25, 1999",POR,14,9,3,11,63.64,67.83,-4.19,8,8,1,3,1,2,0,0,0,0,0,0,1,1,0,0,0,0,0,0,0,0,0,0
717,Arvydas Sabonis,UTA,199905250UTA,"May 25, 1999",POR,2,4,2,5,20.0,20.49,-0.49,4,0,0,0,1,2,0,0,0,0,0,0,0,0,0,0,0,0,0,0,0,0,0,0
258,Brian Grant,POR,199905250UTA,"May 25, 1999",UTA,8,7,10,12,33.33,35.09,-1.76,7,2,0,0,4,5,0,0,0,0,0,0,0,0,0,0,0,0,0,0,0,0,1,1
304,John Stockton,UTA,199905250UTA,"May 25, 1999",POR,6,3,4,5,60.0,63.03,-3.03,3,2,0,0,2,4,0,0,0,0,0,0,0,0,0,0,0,0,0,0,0,0,0,0
935,Bryon Russell,UTA,199905250UTA,"May 25, 1999",POR,22,13,3,14,68.75,76.82,-8.07,9,12,3,6,1,1,0,0,1,3,0,0,0,0,0,0,0,0,0,0,0,0,0,0
375,Isaiah Rider,POR,199905250UTA,"May 25, 1999",UTA,16,11,5,14,53.33,60.61,-7.28,8,8,3,3,1,2,0,0,0,0,0,0,1,1,0,0,0,0,0,0,0,0,1,2
731,Greg Ostertag,UTA,199905250UTA,"May 25, 1999",POR,4,6,4,8,25.0,25.77,-0.77,6,2,0,0,1,1,0,0,0,0,0,0,0,0,0,0,0,0,0,0,0,0,1,1
754,Jim Jackson,POR,199905250UTA,"May 25, 1999",UTA,6,5,3,7,42.86,47.47,-4.61,4,4,1,0,1,2,0,0,0,0,0,0,1,0,0,0,0,0,0,0,0,0,0,0
458,Howard Eisley,UTA,199905250UTA,"May 25, 1999",POR,4,5,4,8,23.53,29.59,-6.06,2,0,3,3,0,0,0,0,0,0,0,0,2,0,0,0,0,0,0,0,0,0,1,1
1000,Shandon Anderson,UTA,199905250UTA,"May 25, 1999",POR,11,5,6,8,64.71,71.99,-7.28,4,4,1,3,3,4,0,0,0,0,0,0,0,0,0,0,0,0,0,0,0,0,0,0
1509,Kelvin Cato,POR,199905250UTA,"May 25, 1999",UTA,0,2,0,2,0.0,0.0,0.0,2,0,0,0,0,0,0,0,0,0,0,0,0,0,0,0,0,0,0,0,0,0,0,0
979,Jermaine O'Neal,POR,199905250UTA,"May 25, 1999",UTA,0,1,0,1,0.0,0.0,0.0,1,0,0,0,0,0,0,0,0,0,0,0,0,0,0,0,0,0,0,0,0,0,0,0
1847,Thurl Bailey,UTA,199905250UTA,"May 25, 1999",POR,2,2,0,2,50.0,50.0,0.0,2,2,0,0,0,0,0,0,0,0,0,0,0,0,0,0,0,0,0,0,0,0,0,0
1005,Walt Williams,POR,199905250UTA,"May 25, 1999",UTA,7,6,2,7,38.89,50.87,-11.98,2,2,4,3,1,2,0,0,0,0,0,0,0,0,0,0,0,0,0,0,0,0,0,0
228,Adam Keefe,UTA,199905250UTA,"May 25, 1999",POR,2,2,0,2,50.0,50.0,0.0,2,2,0,0,0,0,0,0,0,0,0,0,0,0,0,0,0,0,0,0,0,0,0,0
21,Greg Anthony,POR,199905250UTA,"May 25, 1999",UTA,5,4,4,6,35.71,43.4,-7.69,2,2,2,0,0,0,0,0,0,0,0,0,0,0,1,1,0,0,0,0,0,0,1,2
757,Damon Stoudamire,POR,199905270POR,"May 27, 1999",UTA,3,8,3,9,15.0,16.09,-1.09,6,0,1,0,0,0,0,0,1,2,0,0,0,0,0,0,0,0,0,0,0,0,1,1
204,Jeff Hornacek,UTA,199905270POR,"May 27, 1999",POR,21,10,10,15,61.76,72.92,-11.16,6,6,4,6,3,5,0,0,0,0,0,0,0,0,0,0,0,0,0,0,0,0,2,4
304,John Stockton,UTA,199905270POR,"May 27, 1999",POR,14,9,7,13,51.85,57.95,-6.1,7,8,2,0,0,0,0,0,0,0,0,0,1,0,0,0,0,0,0,0,0,0,3,6
739,Rasheed Wallace,POR,199905270POR,"May 27, 1999",UTA,14,13,0,13,53.85,53.85,0.0,13,14,0,0,0,0,0,0,0,0,0,0,0,0,0,0,0,0,0,0,0,0,0,0
717,Arvydas Sabonis,POR,199905270POR,"May 27, 1999",UTA,14,7,3,8,77.78,84.13,-6.35,5,6,1,3,0,0,0,0,1,3,0,0,0,0,0,0,0,0,0,0,0,0,1,2
252,Karl Malone,UTA,199905270POR,"May 27, 1999",POR,8,16,3,17,22.86,23.09,-0.23,15,4,0,0,1,1,0,0,1,3,0,0,0,0,0,0,0,0,0,0,0,0,0,0
375,Isaiah Rider,POR,199905270POR,"May 27, 1999",UTA,24,11,14,18,64.86,69.93,-5.07,9,8,1,0,2,4,0,0,1,3,0,0,1,1,0,0,0,0,0,0,0,0,4,8
731,Greg Ostertag,UTA,199905270POR,"May 27, 1999",POR,3,3,2,4,37.5,38.66,-1.16,3,2,0,0,1,1,0,0,0,0,0,0,0,0,0,0,0,0,0,0,0,0,0,0
935,Bryon Russell,POR,199905270POR,"May 27, 1999",UTA,17,12,4,14,51.52,61.77,-10.25,7,10,5,3,0,0,0,0,0,0,0,0,0,0,1,2,0,0,0,0,0,0,1,2
278,Stacey Augmon,POR,199905270POR,"May 27, 1999",UTA,2,2,2,3,33.33,34.72,-1.39,2,0,0,0,1,2,0,0,0,0,0,0,0,0,0,0,0,0,0,0,0,0,0,0
258,Brian Grant,POR,199905270POR,"May 27, 1999",UTA,7,5,4,7,50.0,51.78,-1.78,5,4,0,0,0,0,0,0,0,0,0,0,0,0,0,0,0,0,0,0,0,0,2,3
458,Howard Eisley,UTA,199905270POR,"May 27, 1999",POR,3,5,2,6,20.0,25.51,-5.51,2,2,3,0,1,1,0,0,0,0,0,0,0,0,0,0,0,0,0,0,0,0,0,0
1005,Walt Williams,POR,199905270POR,"May 27, 1999",UTA,8,7,0,7,44.44,57.14,-12.7,3,2,4,6,0,0,0,0,0,0,0,0,0,0,0,0,0,0,0,0,0,0,0,0
1847,Thurl Bailey,UTA,199905270POR,"May 27, 1999",POR,8,5,2,6,66.67,68.03,-1.36,5,6,0,0,1,2,0,0,0,0,0,0,0,0,0,0,0,0,0,0,0,0,0,0
1000,Shandon Anderson,UTA,199905270POR,"May 27, 1999",POR,2,3,0,3,33.33,33.33,0.0,3,2,0,0,0,0,0,0,0,0,0,0,0,0,0,0,0,0,0,0,0,0,0,0
979,Jermaine O'Neal,POR,199905270POR,"May 27, 1999",UTA,0,1,0,1,0.0,0.0,0.0,1,0,0,0,0,0,0,0,0,0,0,0,0,0,0,0,0,0,0,0,0,0,0,0
228,Adam Keefe,UTA,199905270POR,"May 27, 1999",POR,4,5,0,5,40.0,40.0,0.0,5,4,0,0,0,0,0,0,0,0,0,0,0,0,0,0,0,0,0,0,0,0,0,0
21,Greg Anthony,POR,199905270POR,"May 27, 1999",UTA,3,8,0,8,13.64,18.75,-5.11,2,0,6,3,0,0,0,0,0,0,0,0,0,0,0,0,0,0,0,0,0,0,0,0
754,Jim Jackson,POR,199905270POR,"May 27, 1999",UTA,17,7,8,11,70.83,80.8,-9.97,5,6,2,3,2,4,0,0,0,0,0,0,0,0,0,0,0,0,0,0,0,0,2,4
251,Sean Elliott,SAS,199905290SAS,"May 29, 1999",POR,12,11,4,13,40.0,47.02,-7.02,7,8,4,0,2,4,0,0,0,0,0,0,0,0,0,0,0,0,0,0,0,0,0,0
757,Damon Stoudamire,POR,199905290SAS,"May 29, 1999",SAS,2,6,0,6,16.67,16.67,0.0,6,2,0,0,0,0,0,0,0,0,0,0,0,0,0,0,0,0,0,0,0,0,0,0
717,Arvydas Sabonis,POR,199905290SAS,"May 29, 1999",SAS,5,7,2,8,29.41,31.73,-2.32,6,4,1,0,1,1,0,0,0,0,0,0,0,0,0,0,0,0,0,0,0,0,0,0
764,David Robinson,SAS,199905290SAS,"May 29, 1999",POR,21,16,3,17,60.0,60.62,-0.62,15,16,0,0,1,2,0,0,1,3,0,0,0,0,0,0,0,0,0,0,0,0,0,0
53,Mario Elie,POR,199905290SAS,"May 29, 1999",SAS,8,6,4,9,44.44,51.55,-7.11,4,2,2,3,0,0,0,0,0,0,0,0,2,1,0,0,0,0,0,0,0,0,1,2
375,Isaiah Rider,POR,199905290SAS,"May 29, 1999",SAS,13,14,1,14,44.83,45.01,-0.18,13,10,0,0,0,0,0,0,1,3,0,0,0,0,0,0,0,0,0,0,0,0,0,0
1495,Tim Duncan,SAS,199905290SAS,"May 29, 1999",POR,21,15,9,19,53.85,55.38,-1.53,14,14,0,0,3,4,0,0,1,3,0,0,0,0,0,0,0,0,0,0,0,0,1,0
422,Avery Johnson,SAS,199905290SAS,"May 29, 1999",POR,9,12,1,12,34.62,36.17,-1.55,10,6,1,0,0,0,0,0,1,3,0,0,0,0,0,0,0,0,0,0,0,0,0,0
278,Stacey Augmon,POR,199905290SAS,"May 29, 1999",SAS,0,3,0,3,0.0,0.0,0.0,3,0,0,0,0,0,0,0,0,0,0,0,0,0,0,0,0,0,0,0,0,0,0,0
739,Rasheed Wallace,POR,199905290SAS,"May 29, 1999",SAS,28,20,4,22,62.22,64.34,-2.12,19,24,1,0,2,4,0,0,0,0,0,0,0,0,0,0,0,0,0,0,0,0,0,0
258,Brian Grant,POR,199905290SAS,"May 29, 1999",SAS,8,9,0,9,44.44,44.44,0.0,9,8,0,0,0,0,0,0,0,0,0,0,0,0,0,0,0,0,0,0,0,0,0,0
1498,Antonio Daniels,SAS,199905290SAS,"May 29, 1999",POR,0,2,0,2,0.0,0.0,0.0,2,0,0,0,0,0,0,0,0,0,0,0,0,0,0,0,0,0,0,0,0,0,0,0
990,Malik Rose,SAS,199905290SAS,"May 29, 1999",POR,4,3,0,3,66.67,66.67,0.0,3,4,0,0,0,0,0,0,0,0,0,0,0,0,0,0,0,0,0,0,0,0,0,0
1114,Jaren Jackson,SAS,199905290SAS,"May 29, 1999",POR,5,7,1,8,27.78,33.6,-5.82,4,4,3,0,0,0,0,0,0,0,0,0,1,1,0,0,0,0,0,0,0,0,0,0
21,Greg Anthony,POR,199905290SAS,"May 29, 1999",SAS,10,3,2,4,100.0,128.87,-28.87,1,2,2,6,1,2,0,0,0,0,0,0,0,0,0,0,0,0,0,0,0,0,0,0
1005,Walt Williams,POR,199905290SAS,"May 29, 1999",SAS,8,3,0,3,100.0,133.33,-33.33,1,2,2,6,0,0,0,0,0,0,0,0,0,0,0,0,0,0,0,0,0,0,0,0
781,Will Perdue,SAS,199905290SAS,"May 29, 1999",POR,0,1,0,1,0.0,0.0,0.0,1,0,0,0,0,0,0,0,0,0,0,0,0,0,0,0,0,0,0,0,0,0,0,0
760,Jerome Kersey,SAS,199905290SAS,"May 29, 1999",POR,0,3,0,3,0.0,0.0,0.0,3,0,0,0,0,0,0,0,0,0,0,0,0,0,0,0,0,0,0,0,0,0,0,0
121,Patrick Ewing,NYK,199905300IND,"May 30, 1999",IND,16,13,8,17,47.06,48.43,-1.37,13,8,0,0,3,6,0,0,0,0,0,0,0,0,0,0,0,0,0,0,0,0,1,2
349,Mark Jackson,IND,199905300IND,"May 30, 1999",NYK,6,8,7,11,24.0,27.08,-3.08,5,0,2,0,0,0,0,0,1,3,0,0,0,0,0,0,0,0,0,0,0,0,3,3
905,Dale Davis,IND,199905300IND,"May 30, 1999",NYK,10,7,0,7,71.43,71.43,0.0,7,10,0,0,0,0,0,0,0,0,0,0,0,0,0,0,0,0,0,0,0,0,0,0
275,Allan Houston,NYK,199905300IND,"May 30, 1999",IND,19,15,6,18,50.0,53.85,-3.85,13,8,2,6,2,4,0,0,0,0,0,0,0,0,0,0,0,0,0,0,0,0,1,1
22,Rik Smits,IND,199905300IND,"May 30, 1999",NYK,12,12,4,14,42.86,43.6,-0.74,12,8,0,0,1,2,0,0,0,0,0,0,0,0,0,0,0,0,0,0,0,0,1,2
369,Charlie Ward,NYK,199905300IND,"May 30, 1999",IND,3,3,0,3,33.33,50.0,-16.67,0,0,3,3,0,0,0,0,0,0,0,0,0,0,0,0,0,0,0,0,0,0,0,0
397,Reggie Miller,IND,199905300IND,"May 30, 1999",NYK,19,13,4,15,55.88,64.36,-8.48,9,12,4,3,1,2,0,0,0,0,0,0,0,0,0,0,0,0,0,0,0,0,1,2
913,Larry Johnson,NYK,199905300IND,"May 30, 1999",IND,15,13,2,14,45.45,54.03,-8.58,8,8,5,6,1,1,0,0,0,0,0,0,0,0,0,0,0,0,0,0,0,0,0,0
703,Kurt Thomas,NYK,199905300IND,"May 30, 1999",IND,8,5,0,5,80.0,80.0,0.0,5,8,0,0,0,0,0,0,0,0,0,0,0,0,0,0,0,0,0,0,0,0,0,0
147,Jalen Rose,IND,199905300IND,"May 30, 1999",NYK,8,12,0,12,33.33,33.33,0.0,12,8,0,0,0,0,0,0,0,0,0,0,0,0,0,0,0,0,0,0,0,0,0,0
84,Latrell Sprewell,NYK,199905300IND,"May 30, 1999",IND,16,16,4,18,43.24,45.05,-1.81,15,12,1,0,1,2,0,0,0,0,0,0,0,0,0,0,0,0,0,0,0,0,1,2
164,Chris Childs,NYK,199905300IND,"May 30, 1999",IND,8,3,4,5,72.73,84.03,-11.3,2,2,1,3,0,0,0,0,0,0,0,0,0,0,0,0,0,0,0,0,0,0,2,3
213,Antonio Davis,IND,199905300IND,"May 30, 1999",NYK,17,8,11,13,62.96,66.2,-3.24,7,6,0,0,3,5,0,0,1,3,0,0,0,0,0,0,0,0,0,0,0,0,2,3
948,Marcus Camby,NYK,199905300IND,"May 30, 1999",IND,7,4,5,6,53.85,56.45,-2.6,3,2,0,0,2,2,0,0,1,3,0,0,0,0,0,0,0,0,0,0,0,0,0,0
696,Travis Best,IND,199905300IND,"May 30, 1999",NYK,2,2,0,2,50.0,50.0,0.0,2,2,0,0,0,0,0,0,0,0,0,0,0,0,0,0,0,0,0,0,0,0,0,0
365,Derrick McKey,IND,199905300IND,"May 30, 1999",NYK,2,3,1,3,28.57,29.07,-0.5,2,0,0,0,0,0,0,0,1,2,0,0,0,0,0,0,0,0,0,0,0,0,0,0
64,Sam Perkins,IND,199905300IND,"May 30, 1999",NYK,7,6,0,6,50.0,58.33,-8.33,4,4,2,3,0,0,0,0,0,0,0,0,0,0,0,0,0,0,0,0,0,0,0,0
201,Chris Dudley,NYK,199905300IND,"May 30, 1999",IND,1,0,2,1,50.0,56.82,-6.82,0,0,0,0,0,0,0,0,0,0,0,0,0,0,0,0,0,0,0,0,0,0,1,1
904,Chris Mullin,IND,199905300IND,"May 30, 1999",NYK,7,4,0,4,77.78,87.5,-9.72,3,4,1,3,0,0,0,0,0,0,0,0,0,0,0,0,0,0,0,0,0,0,0,0
717,Arvydas Sabonis,POR,199905310SAS,"May 31, 1999",SAS,17,14,7,17,48.57,49.77,-1.2,13,8,0,0,2,4,0,0,1,3,0,0,0,0,0,0,0,0,0,0,0,0,1,2
258,Brian Grant,POR,199905310SAS,"May 31, 1999",SAS,10,9,0,9,55.56,55.56,0.0,9,10,0,0,0,0,0,0,0,0,0,0,0,0,0,0,0,0,0,0,0,0,0,0
739,Rasheed Wallace,POR,199905310SAS,"May 31, 1999",SAS,13,15,2,16,39.39,40.93,-1.54,14,12,1,0,1,1,0,0,0,0,0,0,0,0,0,0,0,0,0,0,0,0,0,0
53,Mario Elie,SAS,199905310SAS,"May 31, 1999",POR,11,7,2,8,57.89,69.8,-11.91,4,6,3,3,1,2,0,0,0,0,0,0,0,0,0,0,0,0,0,0,0,0,0,0
757,Damon Stoudamire,POR,199905310SAS,"May 31, 1999",SAS,15,15,2,16,45.45,47.23,-1.78,14,14,1,0,0,0,0,0,0,0,0,0,0,0,0,0,0,0,0,0,0,0,1,1
251,Sean Elliott,SAS,199905310SAS,"May 31, 1999",POR,22,10,0,10,81.48,110.0,-28.52,3,4,7,18,0,0,0,0,0,0,0,0,0,0,0,0,0,0,0,0,0,0,0,0
422,Avery Johnson,SAS,199905310SAS,"May 31, 1999",POR,10,17,0,17,29.41,29.41,0.0,17,10,0,0,0,0,0,0,0,0,0,0,0,0,0,0,0,0,0,0,0,0,0,0
764,David Robinson,SAS,199905310SAS,"May 31, 1999",POR,14,10,4,11,58.33,59.52,-1.19,8,8,0,0,1,2,0,0,2,4,0,0,0,0,0,0,0,0,0,0,0,0,0,0
1495,Tim Duncan,SAS,199905310SAS,"May 31, 1999",POR,23,11,13,17,65.71,68.78,-3.07,10,14,0,0,3,4,0,0,1,3,0,0,0,0,0,0,0,0,0,0,0,0,3,2
375,Isaiah Rider,POR,199905310SAS,"May 31, 1999",SAS,3,4,1,4,33.33,33.78,-0.45,3,0,0,0,0,0,0,0,1,3,0,0,0,0,0,0,0,0,0,0,0,0,0,0
1114,Jaren Jackson,SAS,199905310SAS,"May 31, 1999",POR,0,5,0,5,0.0,0.0,0.0,2,0,3,0,0,0,0,0,0,0,0,0,0,0,0,0,0,0,0,0,0,0,0,0
70,Steve Kerr,SAS,199905310SAS,"May 31, 1999",POR,0,5,0,5,0.0,0.0,0.0,2,0,3,0,0,0,0,0,0,0,0,0,0,0,0,0,0,0,0,0,0,0,0,0
21,Greg Anthony,POR,199905310SAS,"May 31, 1999",SAS,4,1,2,2,80.0,106.38,-26.38,0,0,1,3,1,1,0,0,0,0,0,0,0,0,0,0,0,0,0,0,0,0,0,0
278,Stacey Augmon,POR,199905310SAS,"May 31, 1999",SAS,8,3,4,5,80.0,84.03,-4.03,3,4,0,0,2,4,0,0,0,0,0,0,0,0,0,0,0,0,0,0,0,0,0,0
1509,Kelvin Cato,POR,199905310SAS,"May 31, 1999",SAS,0,1,2,2,0.0,0.0,0.0,1,0,0,0,1,0,0,0,0,0,0,0,0,0,0,0,0,0,0,0,0,0,0,0
760,Jerome Kersey,SAS,199905310SAS,"May 31, 1999",POR,4,4,4,6,33.33,34.72,-1.39,4,2,0,0,2,2,0,0,0,0,0,0,0,0,0,0,0,0,0,0,0,0,0,0
990,Malik Rose,SAS,199905310SAS,"May 31, 1999",POR,2,1,2,2,50.0,53.19,-3.19,1,0,0,0,0,0,0,0,0,0,0,0,0,0,0,0,0,0,0,0,0,0,1,2
1005,Walt Williams,POR,199905310SAS,"May 31, 1999",SAS,3,7,2,8,15.79,19.04,-3.25,4,2,3,0,0,0,0,0,0,0,0,0,0,0,0,0,0,0,0,0,0,0,1,1
979,Jermaine O'Neal,POR,199905310SAS,"May 31, 1999",SAS,5,1,6,4,62.5,68.68,-6.18,1,2,0,0,3,3,0,0,0,0,0,0,0,0,0,0,0,0,0,0,0,0,0,0
397,Reggie Miller,IND,199906010IND,"Jun 1, 1999",NYK,16,11,12,18,42.11,49.14,-7.03,7,4,4,3,4,6,0,0,0,0,0,0,2,1,0,0,0,0,0,0,0,0,1,2
703,Kurt Thomas,NYK,199906010IND,"Jun 1, 1999",IND,6,1,6,4,75.0,82.42,-7.42,1,2,0,0,3,4,0,0,0,0,0,0,0,0,0,0,0,0,0,0,0,0,0,0
913,Larry Johnson,IND,199906010IND,"Jun 1, 1999",NYK,22,12,5,14,70.97,77.46,-6.49,9,14,2,3,0,0,0,0,1,3,0,0,0,0,0,0,0,0,0,0,0,0,2,2
905,Dale Davis,IND,199906010IND,"Jun 1, 1999",NYK,15,11,7,14,51.72,53.27,-1.55,10,10,0,0,2,0,0,0,1,3,0,0,0,0,0,0,0,0,0,0,0,0,1,2
275,Allan Houston,NYK,199906010IND,"Jun 1, 1999",IND,15,12,10,17,42.86,45.73,-2.87,11,6,1,0,1,1,0,0,0,0,0,0,0,0,0,0,0,0,0,0,0,0,4,8
22,Rik Smits,NYK,199906010IND,"Jun 1, 1999",IND,6,7,0,7,42.86,42.86,0.0,7,6,0,0,0,0,0,0,0,0,0,0,0,0,0,0,0,0,0,0,0,0,0,0
121,Patrick Ewing,NYK,199906010IND,"Jun 1, 1999",IND,10,7,6,10,50.0,51.87,-1.87,7,4,0,0,3,6,0,0,0,0,0,0,0,0,0,0,0,0,0,0,0,0,0,0
904,Chris Mullin,IND,199906010IND,"Jun 1, 1999",NYK,4,6,2,7,25.0,29.07,-4.07,4,2,2,0,0,0,0,0,0,0,0,0,0,0,0,0,0,0,0,0,0,0,1,2
369,Charlie Ward,NYK,199906010IND,"Jun 1, 1999",IND,2,3,0,3,25.0,33.33,-8.33,1,2,2,0,0,0,0,0,0,0,0,0,0,0,0,0,0,0,0,0,0,0,0,0
349,Mark Jackson,IND,199906010IND,"Jun 1, 1999",NYK,17,6,11,11,70.83,78.41,-7.58,4,8,1,0,1,1,0,0,1,3,0,0,0,0,0,0,0,0,0,0,0,0,4,5
201,Chris Dudley,NYK,199906010IND,"Jun 1, 1999",IND,5,2,4,4,62.5,66.49,-3.99,2,4,0,0,1,1,0,0,0,0,0,0,0,0,0,0,0,0,0,0,0,0,1,0
164,Chris Childs,NYK,199906010IND,"Jun 1, 1999",IND,7,6,2,7,46.67,50.87,-4.2,5,2,1,3,0,0,0,0,0,0,0,0,0,0,1,2,0,0,0,0,0,0,0,0
84,Latrell Sprewell,NYK,199906010IND,"Jun 1, 1999",IND,15,14,4,16,44.12,47.59,-3.47,12,12,2,0,1,1,0,0,0,0,0,0,0,0,0,0,0,0,0,0,0,0,1,2
213,Antonio Davis,IND,199906010IND,"Jun 1, 1999",NYK,9,7,9,11,39.13,41.06,-1.93,6,4,0,0,2,2,0,0,1,2,0,0,0,0,0,0,0,0,0,0,0,0,2,1
948,Marcus Camby,NYK,199906010IND,"Jun 1, 1999",IND,4,5,0,5,40.0,40.0,0.0,5,4,0,0,0,0,0,0,0,0,0,0,0,0,0,0,0,0,0,0,0,0,0,0
147,Jalen Rose,IND,199906010IND,"Jun 1, 1999",NYK,13,10,4,12,48.15,55.27,-7.12,7,4,3,6,1,1,0,0,0,0,0,0,0,0,0,0,0,0,0,0,0,0,1,2
365,Derrick McKey,IND,199906010IND,"Jun 1, 1999",NYK,0,2,0,2,0.0,0.0,0.0,1,0,1,0,0,0,0,0,0,0,0,0,0,0,0,0,0,0,0,0,0,0,0,0
696,Travis Best,NYK,199906010IND,"Jun 1, 1999",IND,8,7,2,8,50.0,50.76,-0.76,7,6,0,0,1,2,0,0,0,0,0,0,0,0,0,0,0,0,0,0,0,0,0,0
64,Sam Perkins,IND,199906010IND,"Jun 1, 1999",NYK,0,1,0,1,0.0,0.0,0.0,0,0,1,0,0,0,0,0,0,0,0,0,0,0,0,0,0,0,0,0,0,0,0,0
739,Rasheed Wallace,POR,199906040POR,"Jun 4, 1999",SAS,22,11,10,16,68.75,71.43,-2.68,11,14,0,0,4,7,0,0,0,0,0,0,0,0,0,0,0,0,0,0,0,0,1,1
53,Mario Elie,SAS,199906040POR,"Jun 4, 1999",POR,6,7,0,7,40.0,42.86,-2.86,6,6,1,0,0,0,0,0,0,0,0,0,0,0,0,0,0,0,0,0,0,0,0,0
757,Damon Stoudamire,POR,199906040POR,"Jun 4, 1999",SAS,2,12,0,12,8.0,8.33,-0.33,11,2,1,0,0,0,0,0,0,0,0,0,0,0,0,0,0,0,0,0,0,0,0,0
375,Isaiah Rider,POR,199906040POR,"Jun 4, 1999",SAS,10,11,3,13,37.04,40.58,-3.54,9,4,2,3,1,2,0,0,0,0,0,0,1,1,0,0,0,0,0,0,0,0,0,0
258,Brian Grant,SAS,199906040POR,"Jun 4, 1999",POR,5,5,8,9,27.78,29.34,-1.56,5,0,0,0,2,2,0,0,0,0,0,0,0,0,0,0,0,0,0,0,0,0,2,3
251,Sean Elliott,POR,199906040POR,"Jun 4, 1999",SAS,10,5,4,7,58.82,73.96,-15.14,2,4,3,3,1,1,0,0,0,0,0,0,0,0,0,0,0,0,0,0,0,0,1,2
422,Avery Johnson,SAS,199906040POR,"Jun 4, 1999",POR,14,13,0,13,53.85,53.85,0.0,13,14,0,0,0,0,0,0,0,0,0,0,0,0,0,0,0,0,0,0,0,0,0,0
717,Arvydas Sabonis,POR,199906040POR,"Jun 4, 1999",SAS,6,9,2,10,30.0,30.36,-0.36,9,4,0,0,0,0,0,0,0,0,0,0,0,0,0,0,0,0,0,0,0,0,1,2
1495,Tim Duncan,SAS,199906040POR,"Jun 4, 1999",POR,5,7,2,7,31.25,31.73,-0.48,5,0,0,0,0,0,0,0,2,5,0,0,0,0,0,0,0,0,0,0,0,0,0,0
764,David Robinson,SAS,199906040POR,"Jun 4, 1999",POR,15,7,10,12,62.5,65.79,-3.29,7,6,0,0,2,3,0,0,0,0,0,0,0,0,0,0,0,0,0,0,0,0,3,6
760,Jerome Kersey,SAS,199906040POR,"Jun 4, 1999",POR,4,2,2,3,66.67,69.44,-2.77,2,2,0,0,1,2,0,0,0,0,0,0,0,0,0,0,0,0,0,0,0,0,0,0
278,Stacey Augmon,POR,199906040POR,"Jun 4, 1999",SAS,4,4,2,5,40.0,40.98,-0.98,4,2,0,0,1,2,0,0,0,0,0,0,0,0,0,0,0,0,0,0,0,0,0,0
781,Will Perdue,SAS,199906040POR,"Jun 4, 1999",POR,3,1,2,2,75.0,79.79,-4.79,1,2,0,0,0,0,0,0,0,0,0,0,0,0,0,0,0,0,0,0,0,0,1,1
70,Steve Kerr,SAS,199906040POR,"Jun 4, 1999",POR,5,5,0,5,38.46,50.0,-11.54,2,2,3,3,0,0,0,0,0,0,0,0,0,0,0,0,0,0,0,0,0,0,0,0
21,Greg Anthony,POR,199906040POR,"Jun 4, 1999",SAS,5,8,0,8,23.81,31.25,-7.44,3,2,5,3,0,0,0,0,0,0,0,0,0,0,0,0,0,0,0,0,0,0,0,0
1114,Jaren Jackson,SAS,199906040POR,"Jun 4, 1999",POR,19,14,1,15,47.5,65.79,-18.29,3,0,11,18,0,0,0,0,0,0,0,0,1,1,0,0,0,0,0,0,0,0,0,0
990,Malik Rose,SAS,199906040POR,"Jun 4, 1999",POR,2,5,2,6,16.67,17.01,-0.34,5,0,0,0,1,2,0,0,0,0,0,0,0,0,0,0,0,0,0,0,0,0,0,0
979,Jermaine O'Neal,POR,199906040POR,"Jun 4, 1999",SAS,2,3,0,3,33.33,33.33,0.0,3,2,0,0,0,0,0,0,0,0,0,0,0,0,0,0,0,0,0,0,0,0,0,0
1005,Walt Williams,POR,199906040POR,"Jun 4, 1999",SAS,2,6,2,7,11.76,14.53,-2.77,3,2,3,0,1,0,0,0,0,0,0,0,0,0,0,0,0,0,0,0,0,0,0,0
1509,Kelvin Cato,POR,199906040POR,"Jun 4, 1999",SAS,0,2,0,2,0.0,0.0,0.0,2,0,0,0,0,0,0,0,0,0,0,0,0,0,0,0,0,0,0,0,0,0,0,0
1562,Gerard King,SAS,199906040POR,"Jun 4, 1999",POR,2,2,0,2,50.0,50.0,0.0,2,2,0,0,0,0,0,0,0,0,0,0,0,0,0,0,0,0,0,0,0,0,0,0
913,Larry Johnson,NYK,199906050NYK,"Jun 5, 1999",IND,26,18,4,19,56.52,65.79,-9.27,11,12,5,6,1,2,0,0,1,2,1,4,0,0,0,0,0,0,0,0,0,0,0,0
22,Rik Smits,IND,199906050NYK,"Jun 5, 1999",NYK,25,13,9,17,71.43,73.7,-2.27,12,14,0,0,0,0,0,0,1,3,0,0,0,0,0,0,0,0,0,0,0,0,4,8
904,Chris Mullin,IND,199906050NYK,"Jun 5, 1999",NYK,7,6,2,7,36.84,50.87,-14.03,1,0,5,6,1,1,0,0,0,0,0,0,0,0,0,0,0,0,0,0,0,0,0,0
369,Charlie Ward,NYK,199906050NYK,"Jun 5, 1999",IND,0,2,0,2,0.0,0.0,0.0,2,0,0,0,0,0,0,0,0,0,0,0,0,0,0,0,0,0,0,0,0,0,0,0
275,Allan Houston,NYK,199906050NYK,"Jun 5, 1999",IND,15,17,3,19,39.47,40.94,-1.47,16,12,1,0,1,2,0,0,0,0,0,0,1,1,0,0,0,0,0,0,0,0,0,0
703,Kurt Thomas,NYK,199906050NYK,"Jun 5, 1999",IND,2,5,0,5,20.0,20.0,0.0,5,2,0,0,0,0,0,0,0,0,0,0,0,0,0,0,0,0,0,0,0,0,0,0
905,Dale Davis,NYK,199906050NYK,"Jun 5, 1999",IND,2,3,0,3,33.33,33.33,0.0,3,2,0,0,0,0,0,0,0,0,0,0,0,0,0,0,0,0,0,0,0,0,0,0
201,Chris Dudley,IND,199906050NYK,"Jun 5, 1999",NYK,5,5,2,6,41.67,42.52,-0.85,5,4,0,0,0,0,0,0,0,0,0,0,0,0,1,1,0,0,0,0,0,0,0,0
397,Reggie Miller,IND,199906050NYK,"Jun 5, 1999",NYK,12,9,2,10,52.17,60.73,-8.56,6,4,3,6,0,0,0,0,0,0,0,0,0,0,0,0,0,0,0,0,0,0,1,2
349,Mark Jackson,IND,199906050NYK,"Jun 5, 1999",NYK,13,10,4,12,48.15,55.27,-7.12,7,6,3,3,0,0,0,0,0,0,0,0,0,0,0,0,0,0,0,0,0,0,2,4
84,Latrell Sprewell,NYK,199906050NYK,"Jun 5, 1999",IND,14,19,2,20,35.0,35.21,-0.21,19,12,0,0,1,2,0,0,0,0,0,0,0,0,0,0,0,0,0,0,0,0,0,0
213,Antonio Davis,IND,199906050NYK,"Jun 5, 1999",NYK,7,6,4,8,43.75,45.1,-1.35,6,4,0,0,2,3,0,0,0,0,0,0,0,0,0,0,0,0,0,0,0,0,0,0
164,Chris Childs,NYK,199906050NYK,"Jun 5, 1999",IND,9,7,2,8,50.0,57.11,-7.11,5,6,2,3,0,0,0,0,0,0,0,0,0,0,0,0,0,0,0,0,0,0,1,0
147,Jalen Rose,IND,199906050NYK,"Jun 5, 1999",NYK,2,3,0,3,28.57,33.33,-4.76,2,2,1,0,0,0,0,0,0,0,0,0,0,0,0,0,0,0,0,0,0,0,0,0
365,Derrick McKey,IND,199906050NYK,"Jun 5, 1999",NYK,9,7,2,8,56.25,57.11,-0.86,7,8,0,0,0,0,0,0,0,0,0,0,0,0,0,0,0,0,0,0,0,0,1,1
948,Marcus Camby,NYK,199906050NYK,"Jun 5, 1999",IND,21,13,5,15,67.74,69.08,-1.34,12,16,0,0,2,3,0,0,1,2,0,0,0,0,0,0,0,0,0,0,0,0,0,0
64,Sam Perkins,IND,199906050NYK,"Jun 5, 1999",NYK,7,3,0,3,100.0,116.67,-16.67,2,4,1,3,0,0,0,0,0,0,0,0,0,0,0,0,0,0,0,0,0,0,0,0
696,Travis Best,IND,199906050NYK,"Jun 5, 1999",NYK,7,5,2,6,50.0,59.52,-9.52,3,2,2,3,0,0,0,0,0,0,0,0,0,0,0,0,0,0,0,0,0,0,1,2
375,Isaiah Rider,POR,199906060POR,"Jun 6, 1999",SAS,12,13,2,14,42.86,43.23,-0.37,13,10,0,0,1,2,0,0,0,0,0,0,0,0,0,0,0,0,0,0,0,0,0,0
764,David Robinson,SAS,199906060POR,"Jun 6, 1999",POR,20,12,9,16,60.61,62.66,-2.05,11,10,0,0,4,7,0,0,1,3,0,0,0,0,0,0,0,0,0,0,0,0,0,0
717,Arvydas Sabonis,POR,199906060POR,"Jun 6, 1999",SAS,10,9,2,10,47.62,50.61,-2.99,8,8,1,0,0,0,0,0,0,0,0,0,0,0,0,0,0,0,0,0,0,0,1,2
739,Rasheed Wallace,POR,199906060POR,"Jun 6, 1999",SAS,17,13,9,17,47.22,50.12,-2.9,11,8,1,0,2,3,0,0,1,3,0,0,0,0,0,0,0,0,0,0,0,0,2,3
258,Brian Grant,SAS,199906060POR,"Jun 6, 1999",POR,10,7,2,8,62.5,63.45,-0.95,7,8,0,0,0,0,0,0,0,0,0,0,0,0,0,0,0,0,0,0,0,0,1,2
53,Mario Elie,SAS,199906060POR,"Jun 6, 1999",POR,2,3,0,3,33.33,33.33,0.0,3,2,0,0,0,0,0,0,0,0,0,0,0,0,0,0,0,0,0,0,0,0,0,0
1495,Tim Duncan,SAS,199906060POR,"Jun 6, 1999",POR,18,15,6,17,50.0,51.02,-1.02,13,10,0,0,1,2,0,0,2,6,0,0,0,0,0,0,0,0,0,0,0,0,1,0
251,Sean Elliott,SAS,199906060POR,"Jun 6, 1999",POR,16,10,3,11,57.14,70.67,-13.53,4,6,5,6,0,0,0,0,1,3,0,0,0,0,0,0,0,0,0,0,0,0,1,1
422,Avery Johnson,SAS,199906060POR,"Jun 6, 1999",POR,15,12,4,14,53.57,54.51,-0.94,12,12,0,0,2,3,0,0,0,0,0,0,0,0,0,0,0,0,0,0,0,0,0,0
757,Damon Stoudamire,POR,199906060POR,"Jun 6, 1999",SAS,21,13,0,13,72.41,80.77,-8.36,10,12,3,9,0,0,0,0,0,0,0,0,0,0,0,0,0,0,0,0,0,0,0,0
1005,Walt Williams,POR,199906060POR,"Jun 6, 1999",SAS,5,4,0,4,55.56,62.5,-6.94,3,2,1,3,0,0,0,0,0,0,0,0,0,0,0,0,0,0,0,0,0,0,0,0
1114,Jaren Jackson,SAS,199906060POR,"Jun 6, 1999",POR,11,9,0,9,42.31,61.11,-18.8,1,2,8,9,0,0,0,0,0,0,0,0,0,0,0,0,0,0,0,0,0,0,0,0
70,Steve Kerr,SAS,199906060POR,"Jun 6, 1999",POR,6,3,1,4,66.67,87.21,-20.54,1,2,2,3,0,0,0,0,0,0,0,0,1,1,0,0,0,0,0,0,0,0,0,0
979,Jermaine O'Neal,POR,199906060POR,"Jun 6, 1999",SAS,0,1,0,1,0.0,0.0,0.0,1,0,0,0,0,0,0,0,0,0,0,0,0,0,0,0,0,0,0,0,0,0,0,0
21,Greg Anthony,POR,199906060POR,"Jun 6, 1999",SAS,4,5,2,6,26.67,34.01,-7.34,2,2,3,0,0,0,0,0,0,0,0,0,0,0,0,0,0,0,0,0,0,0,1,2
990,Malik Rose,SAS,199906060POR,"Jun 6, 1999",POR,2,2,0,2,50.0,50.0,0.0,2,2,0,0,0,0,0,0,0,0,0,0,0,0,0,0,0,0,0,0,0,0,0,0
760,Jerome Kersey,SAS,199906060POR,"Jun 6, 1999",POR,2,3,0,3,33.33,33.33,0.0,3,2,0,0,0,0,0,0,0,0,0,0,0,0,0,0,0,0,0,0,0,0,0,0
1509,Kelvin Cato,POR,199906060POR,"Jun 6, 1999",SAS,1,0,2,1,50.0,56.82,-6.82,0,0,0,0,1,1,0,0,0,0,0,0,0,0,0,0,0,0,0,0,0,0,0,0
1498,Antonio Daniels,SAS,199906060POR,"Jun 6, 1999",POR,2,0,2,1,100.0,113.64,-13.64,0,0,0,0,0,0,0,0,0,0,0,0,0,0,0,0,0,0,0,0,0,0,1,2
905,Dale Davis,IND,199906070NYK,"Jun 7, 1999",NYK,10,7,5,9,52.63,54.35,-1.72,6,4,0,0,1,2,0,0,1,3,0,0,0,0,0,0,0,0,0,0,0,0,1,1
22,Rik Smits,IND,199906070NYK,"Jun 7, 1999",NYK,4,3,0,3,66.67,66.67,0.0,3,4,0,0,0,0,0,0,0,0,0,0,0,0,0,0,0,0,0,0,0,0,0,0
275,Allan Houston,NYK,199906070NYK,"Jun 7, 1999",IND,14,16,4,18,36.84,39.41,-2.57,14,10,2,0,1,2,0,0,0,0,0,0,0,0,0,0,0,0,0,0,0,0,1,2
213,Antonio Davis,IND,199906070NYK,"Jun 7, 1999",NYK,16,11,6,13,57.14,58.65,-1.51,9,8,0,0,1,1,0,0,2,6,0,0,0,0,0,0,0,0,0,0,0,0,1,1
349,Mark Jackson,IND,199906070NYK,"Jun 7, 1999",NYK,6,6,0,6,46.15,50.0,-3.85,5,6,1,0,0,0,0,0,0,0,0,0,0,0,0,0,0,0,0,0,0,0,0,0
201,Chris Dudley,NYK,199906070NYK,"Jun 7, 1999",IND,1,2,2,3,16.67,17.36,-0.69,2,0,0,0,0,0,0,0,0,0,0,0,0,0,0,0,0,0,0,0,0,0,1,1
84,Latrell Sprewell,NYK,199906070NYK,"Jun 7, 1999",IND,12,14,0,14,42.86,42.86,0.0,14,12,0,0,0,0,0,0,0,0,0,0,0,0,0,0,0,0,0,0,0,0,0,0
397,Reggie Miller,IND,199906070NYK,"Jun 7, 1999",NYK,12,10,6,12,44.44,47.47,-3.03,8,2,1,3,1,2,1,2,1,3,0,0,0,0,0,0,0,0,0,0,0,0,0,0
904,Chris Mullin,IND,199906070NYK,"Jun 7, 1999",NYK,18,13,4,14,58.06,60.98,-2.92,11,10,1,3,0,0,1,3,1,2,0,0,0,0,0,0,0,0,0,0,0,0,0,0
369,Charlie Ward,NYK,199906070NYK,"Jun 7, 1999",IND,5,5,0,5,45.45,50.0,-4.55,4,2,1,3,0,0,0,0,0,0,0,0,0,0,0,0,0,0,0,0,0,0,0,0
913,Larry Johnson,NYK,199906070NYK,"Jun 7, 1999",IND,11,15,0,15,29.73,36.67,-6.94,8,8,7,3,0,0,0,0,0,0,0,0,0,0,0,0,0,0,0,0,0,0,0,0
948,Marcus Camby,NYK,199906070NYK,"Jun 7, 1999",IND,18,15,8,19,47.37,48.6,-1.23,15,14,0,0,3,3,0,0,0,0,0,0,0,0,0,0,0,0,0,0,0,0,1,1
147,Jalen Rose,IND,199906070NYK,"Jun 7, 1999",NYK,19,14,3,15,61.29,62.01,-0.72,13,14,0,0,0,0,0,0,1,3,0,0,0,0,0,0,0,0,0,0,0,0,1,2
703,Kurt Thomas,NYK,199906070NYK,"Jun 7, 1999",IND,8,7,0,7,57.14,57.14,0.0,7,8,0,0,0,0,0,0,0,0,0,0,0,0,0,0,0,0,0,0,0,0,0,0
164,Chris Childs,NYK,199906070NYK,"Jun 7, 1999",IND,9,6,0,6,64.29,75.0,-10.71,4,6,2,3,0,0,0,0,0,0,0,0,0,0,0,0,0,0,0,0,0,0,0,0
697,Fred Hoiberg,IND,199906070NYK,"Jun 7, 1999",NYK,2,1,0,1,100.0,100.0,0.0,1,2,0,0,0,0,0,0,0,0,0,0,0,0,0,0,0,0,0,0,0,0,0,0
365,Derrick McKey,NYK,199906070NYK,"Jun 7, 1999",IND,2,0,4,2,50.0,56.82,-6.82,0,0,0,0,0,0,0,0,0,0,0,0,0,0,0,0,0,0,0,0,0,0,2,2
64,Sam Perkins,IND,199906070NYK,"Jun 7, 1999",NYK,1,1,2,2,25.0,26.6,-1.6,1,0,0,0,1,1,0,0,0,0,0,0,0,0,0,0,0,0,0,0,0,0,0,0
905,Dale Davis,IND,199906090IND,"Jun 9, 1999",NYK,12,7,8,11,54.55,57.03,-2.48,7,8,0,0,1,2,0,0,0,0,0,0,0,0,0,0,0,0,0,0,0,0,3,2
913,Larry Johnson,NYK,199906090IND,"Jun 9, 1999",IND,17,8,3,9,80.95,91.2,-10.25,5,6,2,6,1,2,0,0,1,3,0,0,0,0,0,0,0,0,0,0,0,0,0,0
275,Allan Houston,NYK,199906090IND,"Jun 9, 1999",IND,19,17,6,20,44.19,48.37,-4.18,14,12,3,3,1,2,0,0,0,0,0,0,0,0,0,0,0,0,0,0,0,0,2,2
22,Rik Smits,IND,199906090IND,"Jun 9, 1999",NYK,8,14,0,14,28.57,28.57,0.0,14,8,0,0,0,0,0,0,0,0,0,0,0,0,0,0,0,0,0,0,0,0,0,0
349,Mark Jackson,IND,199906090IND,"Jun 9, 1999",NYK,16,14,4,16,43.24,50.76,-7.52,9,8,5,6,0,0,0,0,0,0,0,0,0,0,0,0,0,0,0,0,0,0,2,2
201,Chris Dudley,NYK,199906090IND,"Jun 9, 1999",IND,0,0,2,1,0.0,0.0,0.0,0,0,0,0,1,0,0,0,0,0,0,0,0,0,0,0,0,0,0,0,0,0,0,0
84,Latrell Sprewell,NYK,199906090IND,"Jun 9, 1999",IND,29,19,14,26,54.72,57.63,-2.91,18,16,1,0,2,4,0,0,0,0,0,0,0,0,0,0,0,0,0,0,0,0,5,9
703,Kurt Thomas,NYK,199906090IND,"Jun 9, 1999",IND,10,9,0,9,55.56,55.56,0.0,9,10,0,0,0,0,0,0,0,0,0,0,0,0,0,0,0,0,0,0,0,0,0,0
369,Charlie Ward,NYK,199906090IND,"Jun 9, 1999",IND,2,6,0,6,14.29,16.67,-2.38,4,2,2,0,0,0,0,0,0,0,0,0,0,0,0,0,0,0,0,0,0,0,0,0
397,Reggie Miller,IND,199906090IND,"Jun 9, 1999",NYK,30,19,11,24,56.6,62.92,-6.32,14,12,4,6,3,5,0,0,1,3,0,0,0,0,0,0,0,0,0,0,0,0,2,4
213,Antonio Davis,IND,199906090IND,"Jun 9, 1999",NYK,4,4,4,6,33.33,34.72,-1.39,4,2,0,0,2,2,0,0,0,0,0,0,0,0,0,0,0,0,0,0,0,0,0,0
948,Marcus Camby,NYK,199906090IND,"Jun 9, 1999",IND,21,9,13,15,67.74,71.33,-3.59,8,10,0,0,5,7,0,0,1,3,0,0,0,0,0,0,0,0,0,0,0,0,1,1
904,Chris Mullin,IND,199906090IND,"Jun 9, 1999",NYK,13,9,4,11,54.17,60.41,-6.24,7,6,2,3,2,4,0,0,0,0,0,0,0,0,0,0,0,0,0,0,0,0,0,0
164,Chris Childs,NYK,199906090IND,"Jun 9, 1999",IND,3,7,2,8,17.65,19.04,-1.39,6,2,1,0,1,1,0,0,0,0,0,0,0,0,0,0,0,0,0,0,0,0,0,0
147,Jalen Rose,IND,199906090IND,"Jun 9, 1999",NYK,6,6,0,6,50.0,50.0,0.0,6,6,0,0,0,0,0,0,0,0,0,0,0,0,0,0,0,0,0,0,0,0,0,0
365,Derrick McKey,IND,199906090IND,"Jun 9, 1999",NYK,0,2,0,2,0.0,0.0,0.0,1,0,1,0,0,0,0,0,0,0,0,0,0,0,0,0,0,0,0,0,0,0,0,0
64,Sam Perkins,IND,199906090IND,"Jun 9, 1999",NYK,5,3,0,3,62.5,83.33,-20.83,1,2,2,3,0,0,0,0,0,0,0,0,0,0,0,0,0,0,0,0,0,0,0,0
697,Fred Hoiberg,IND,199906090IND,"Jun 9, 1999",NYK,0,1,0,1,0.0,0.0,0.0,1,0,0,0,0,0,0,0,0,0,0,0,0,0,0,0,0,0,0,0,0,0,0,0
904,Chris Mullin,IND,199906110NYK,"Jun 11, 1999",NYK,1,3,1,4,12.5,14.53,-2.03,2,0,1,0,0,0,0,0,0,0,0,0,1,1,0,0,0,0,0,0,0,0,0,0
201,Chris Dudley,NYK,199906110NYK,"Jun 11, 1999",IND,0,4,0,4,0.0,0.0,0.0,4,0,0,0,0,0,0,0,0,0,0,0,0,0,0,0,0,0,0,0,0,0,0,0
913,Larry Johnson,NYK,199906110NYK,"Jun 11, 1999",IND,8,5,4,7,53.33,59.17,-5.84,4,4,1,0,2,4,0,0,0,0,0,0,0,0,0,0,0,0,0,0,0,0,0,0
905,Dale Davis,IND,199906110NYK,"Jun 11, 1999",NYK,8,4,2,5,80.0,81.97,-1.97,4,6,0,0,1,2,0,0,0,0,0,0,0,0,0,0,0,0,0,0,0,0,0,0
22,Rik Smits,IND,199906110NYK,"Jun 11, 1999",NYK,20,18,2,18,52.63,52.97,-0.34,16,14,0,0,0,0,0,0,2,6,0,0,0,0,0,0,0,0,0,0,0,0,0,0
369,Charlie Ward,NYK,199906110NYK,"Jun 11, 1999",IND,0,1,0,1,0.0,0.0,0.0,0,0,1,0,0,0,0,0,0,0,0,0,0,0,0,0,0,0,0,0,0,0,0,0
84,Latrell Sprewell,NYK,199906110NYK,"Jun 11, 1999",IND,20,19,6,22,43.48,46.21,-2.73,17,14,2,0,1,2,0,0,0,0,0,0,0,0,0,0,0,0,0,0,0,0,2,4
397,Reggie Miller,IND,199906110NYK,"Jun 11, 1999",NYK,8,18,1,19,17.78,21.69,-3.91,10,4,8,3,0,0,0,0,0,0,0,0,1,1,0,0,0,0,0,0,0,0,0,0
349,Mark Jackson,IND,199906110NYK,"Jun 11, 1999",NYK,14,8,0,8,70.0,87.5,-17.5,4,8,4,6,0,0,0,0,0,0,0,0,0,0,0,0,0,0,0,0,0,0,0,0
703,Kurt Thomas,NYK,199906110NYK,"Jun 11, 1999",IND,6,9,0,9,33.33,33.33,0.0,9,6,0,0,0,0,0,0,0,0,0,0,0,0,0,0,0,0,0,0,0,0,0,0
275,Allan Houston,NYK,199906110NYK,"Jun 11, 1999",IND,32,17,10,22,69.57,74.77,-5.2,13,20,2,0,2,4,0,0,2,6,0,0,2,1,0,0,0,0,0,0,0,0,1,1
948,Marcus Camby,NYK,199906110NYK,"Jun 11, 1999",IND,15,6,11,11,65.22,69.19,-3.97,5,6,0,0,4,4,0,0,1,3,0,0,0,0,0,0,0,0,0,0,0,0,1,2
164,Chris Childs,NYK,199906110NYK,"Jun 11, 1999",IND,9,9,2,10,39.13,45.55,-6.42,6,4,3,3,0,0,0,0,0,0,0,0,0,0,0,0,0,0,0,0,0,0,1,2
213,Antonio Davis,IND,199906110NYK,"Jun 11, 1999",NYK,4,4,0,4,50.0,50.0,0.0,4,4,0,0,0,0,0,0,0,0,0,0,0,0,0,0,0,0,0,0,0,0,0,0
147,Jalen Rose,IND,199906110NYK,"Jun 11, 1999",NYK,16,15,1,15,45.71,51.81,-6.1,10,10,4,3,0,0,0,0,1,3,0,0,0,0,0,0,0,0,0,0,0,0,0,0
365,Derrick McKey,IND,199906110NYK,"Jun 11, 1999",NYK,4,1,2,2,100.0,106.38,-6.38,1,2,0,0,1,2,0,0,0,0,0,0,0,0,0,0,0,0,0,0,0,0,0,0
696,Travis Best,IND,199906110NYK,"Jun 11, 1999",NYK,7,6,0,6,50.0,58.33,-8.33,4,4,2,3,0,0,0,0,0,0,0,0,0,0,0,0,0,0,0,0,0,0,0,0
1495,Tim Duncan,SAS,199906160SAS,"Jun 16, 1999",NYK,33,21,10,26,63.46,64.96,-1.5,21,26,0,0,2,4,0,0,0,0,0,0,0,0,0,0,0,0,0,0,0,0,3,3
275,Allan Houston,NYK,199906160SAS,"Jun 16, 1999",SAS,19,17,5,20,46.34,49.48,-3.14,15,14,2,0,1,2,0,0,0,0,0,0,1,1,0,0,0,0,0,0,0,0,1,2
53,Mario Elie,SAS,199906160SAS,"Jun 16, 1999",NYK,9,7,4,9,45.0,51.37,-6.37,4,4,2,0,1,1,0,0,1,3,0,0,1,1,0,0,0,0,0,0,0,0,0,0
764,David Robinson,NYK,199906160SAS,"Jun 16, 1999",SAS,13,10,12,16,40.62,42.54,-1.92,10,6,0,0,4,4,0,0,0,0,0,0,0,0,0,0,0,0,0,0,0,0,2,3
201,Chris Dudley,NYK,199906160SAS,"Jun 16, 1999",SAS,2,3,6,6,16.67,17.73,-1.06,3,0,0,0,1,1,0,0,0,0,0,0,0,0,0,0,0,0,0,0,0,0,2,1
369,Charlie Ward,NYK,199906160SAS,"Jun 16, 1999",SAS,7,6,0,6,46.67,58.33,-11.66,3,4,3,3,0,0,0,0,0,0,0,0,0,0,0,0,0,0,0,0,0,0,0,0
84,Latrell Sprewell,NYK,199906160SAS,"Jun 16, 1999",SAS,19,24,0,24,38.0,39.58,-1.58,22,16,2,3,0,0,0,0,0,0,0,0,0,0,0,0,0,0,0,0,0,0,0,0
913,Larry Johnson,SAS,199906160SAS,"Jun 16, 1999",NYK,5,3,4,5,50.0,52.52,-2.52,3,2,0,0,1,2,0,0,0,0,0,0,0,0,0,0,0,0,0,0,0,0,1,1
703,Kurt Thomas,NYK,199906160SAS,"Jun 16, 1999",SAS,13,11,4,13,50.0,50.94,-0.94,11,10,0,0,1,1,0,0,0,0,0,0,0,0,1,2,0,0,0,0,0,0,0,0
251,Sean Elliott,SAS,199906160SAS,"Jun 16, 1999",NYK,7,6,0,6,50.0,58.33,-8.33,4,4,2,3,0,0,0,0,0,0,0,0,0,0,0,0,0,0,0,0,0,0,0,0
422,Avery Johnson,SAS,199906160SAS,"Jun 16, 1999",NYK,6,3,4,5,60.0,63.03,-3.03,3,4,0,0,1,2,0,0,0,0,0,0,0,0,0,0,0,0,0,0,0,0,1,0
1114,Jaren Jackson,SAS,199906160SAS,"Jun 16, 1999",NYK,17,13,0,13,47.22,65.38,-18.16,3,2,10,15,0,0,0,0,0,0,0,0,0,0,0,0,0,0,0,0,0,0,0,0
948,Marcus Camby,NYK,199906160SAS,"Jun 16, 1999",SAS,10,8,0,8,62.5,62.5,0.0,8,10,0,0,0,0,0,0,0,0,0,0,0,0,0,0,0,0,0,0,0,0,0,0
990,Malik Rose,SAS,199906160SAS,"Jun 16, 1999",NYK,2,3,0,3,33.33,33.33,0.0,3,2,0,0,0,0,0,0,0,0,0,0,0,0,0,0,0,0,0,0,0,0,0,0
164,Chris Childs,NYK,199906160SAS,"Jun 16, 1999",SAS,2,8,0,8,11.76,12.5,-0.74,7,2,1,0,0,0,0,0,0,0,0,0,0,0,0,0,0,0,0,0,0,0,0,0
70,Steve Kerr,SAS,199906160SAS,"Jun 16, 1999",NYK,0,2,1,3,0.0,0.0,0.0,1,0,1,0,0,0,0,0,0,0,0,0,1,0,0,0,0,0,0,0,0,0,0,0
1006,Herb Williams,NYK,199906160SAS,"Jun 16, 1999",SAS,0,1,0,1,0.0,0.0,0.0,1,0,0,0,0,0,0,0,0,0,0,0,0,0,0,0,0,0,0,0,0,0,0,0
1498,Antonio Daniels,SAS,199906160SAS,"Jun 16, 1999",NYK,2,2,0,2,50.0,50.0,0.0,2,2,0,0,0,0,0,0,0,0,0,0,0,0,0,0,0,0,0,0,0,0,0,0
1495,Tim Duncan,SAS,199906180SAS,"Jun 18, 1999",NYK,25,17,9,21,58.14,59.64,-1.5,16,16,0,0,4,6,0,0,1,3,0,0,0,0,0,0,0,0,0,0,0,0,0,0
913,Larry Johnson,NYK,199906180SAS,"Jun 18, 1999",SAS,5,12,1,12,15.62,20.1,-4.48,4,0,7,3,0,0,0,0,1,2,0,0,0,0,0,0,0,0,0,0,0,0,0,0
251,Sean Elliott,SAS,199906180SAS,"Jun 18, 1999",NYK,10,12,5,14,30.3,35.21,-4.91,7,4,4,3,0,0,0,0,1,2,0,0,0,0,0,0,0,0,0,0,0,0,2,1
201,Chris Dudley,NYK,199906180SAS,"Jun 18, 1999",SAS,0,2,0,2,0.0,0.0,0.0,2,0,0,0,0,0,0,0,0,0,0,0,0,0,0,0,0,0,0,0,0,0,0,0
84,Latrell Sprewell,NYK,199906180SAS,"Jun 18, 1999",SAS,26,22,10,27,46.43,49.24,-2.81,20,16,2,0,3,6,0,0,0,0,0,0,0,0,0,0,0,0,0,0,0,0,2,4
53,Mario Elie,SAS,199906180SAS,"Jun 18, 1999",NYK,15,10,8,14,48.39,55.47,-7.08,7,8,3,0,3,5,0,0,0,0,0,0,0,0,0,0,0,0,0,0,0,0,1,2
369,Charlie Ward,SAS,199906180SAS,"Jun 18, 1999",NYK,5,3,0,3,71.43,83.33,-11.9,2,2,1,3,0,0,0,0,0,0,0,0,0,0,0,0,0,0,0,0,0,0,0,0
764,David Robinson,SAS,199906180SAS,"Jun 18, 1999",NYK,16,8,9,12,64.0,66.89,-2.89,7,8,0,0,4,5,0,0,1,3,0,0,0,0,0,0,0,0,0,0,0,0,0,0
422,Avery Johnson,SAS,199906180SAS,"Jun 18, 1999",NYK,8,8,2,9,44.44,45.05,-0.61,8,6,0,0,0,0,0,0,0,0,0,0,0,0,0,0,0,0,0,0,0,0,1,2
275,Allan Houston,NYK,199906180SAS,"Jun 18, 1999",SAS,19,20,1,21,44.19,46.48,-2.29,18,18,2,0,0,0,0,0,0,0,0,0,1,1,0,0,0,0,0,0,0,0,0,0
703,Kurt Thomas,NYK,199906180SAS,"Jun 18, 1999",SAS,2,6,0,6,16.67,16.67,0.0,6,2,0,0,0,0,0,0,0,0,0,0,0,0,0,0,0,0,0,0,0,0,0,0
1114,Jaren Jackson,SAS,199906180SAS,"Jun 18, 1999",NYK,3,5,0,5,20.0,30.0,-10.0,0,0,5,3,0,0,0,0,0,0,0,0,0,0,0,0,0,0,0,0,0,0,0,0
990,Malik Rose,SAS,199906180SAS,"Jun 18, 1999",NYK,1,1,2,2,25.0,26.6,-1.6,1,0,0,0,0,0,0,0,0,0,0,0,0,0,0,0,0,0,0,0,0,0,1,1
948,Marcus Camby,NYK,199906180SAS,"Jun 18, 1999",SAS,6,9,0,9,33.33,33.33,0.0,9,6,0,0,0,0,0,0,0,0,0,0,0,0,0,0,0,0,0,0,0,0,0,0
164,Chris Childs,NYK,199906180SAS,"Jun 18, 1999",SAS,4,8,0,8,22.22,25.0,-2.78,6,4,2,0,0,0,0,0,0,0,0,0,0,0,0,0,0,0,0,0,0,0,0,0
70,Steve Kerr,SAS,199906180SAS,"Jun 18, 1999",NYK,2,2,0,2,50.0,50.0,0.0,2,2,0,0,0,0,0,0,0,0,0,0,0,0,0,0,0,0,0,0,0,0,0,0
764,David Robinson,SAS,199906210NYK,"Jun 21, 1999",NYK,25,12,17,20,60.98,64.17,-3.19,11,10,0,0,6,9,0,0,1,3,0,0,0,0,0,0,0,0,0,0,0,0,2,3
275,Allan Houston,NYK,199906210NYK,"Jun 21, 1999",SAS,34,24,12,31,53.12,58.06,-4.94,19,14,4,6,3,6,0,0,1,3,0,0,3,3,0,0,0,0,0,0,0,0,1,2
1495,Tim Duncan,SAS,199906210NYK,"Jun 21, 1999",NYK,20,16,4,17,54.05,56.31,-2.26,13,12,1,0,1,2,0,0,2,6,0,0,0,0,0,0,0,0,0,0,0,0,0,0
53,Mario Elie,SAS,199906210NYK,"Jun 21, 1999",NYK,6,6,1,6,37.5,46.58,-9.08,2,0,3,3,0,0,0,0,1,3,0,0,0,0,0,0,0,0,0,0,0,0,0,0
913,Larry Johnson,NYK,199906210NYK,"Jun 21, 1999",SAS,16,16,4,18,39.02,45.05,-6.03,11,10,5,3,1,2,0,0,0,0,0,0,0,0,0,0,0,0,0,0,0,0,1,1
422,Avery Johnson,SAS,199906210NYK,"Jun 21, 1999",NYK,10,9,0,9,55.56,55.56,0.0,9,10,0,0,0,0,0,0,0,0,0,0,0,0,0,0,0,0,0,0,0,0,0,0
1114,Jaren Jackson,SAS,199906210NYK,"Jun 21, 1999",NYK,0,3,0,3,0.0,0.0,0.0,2,0,1,0,0,0,0,0,0,0,0,0,0,0,0,0,0,0,0,0,0,0,0,0
84,Latrell Sprewell,NYK,199906210NYK,"Jun 21, 1999",SAS,24,22,10,27,43.64,45.45,-1.81,21,18,1,0,4,5,0,0,0,0,0,0,0,0,0,0,0,0,0,0,0,0,1,1
948,Marcus Camby,NYK,199906210NYK,"Jun 21, 1999",SAS,5,4,2,5,50.0,51.23,-1.23,4,4,0,0,1,1,0,0,0,0,0,0,0,0,0,0,0,0,0,0,0,0,0,0
251,Sean Elliott,SAS,199906210NYK,"Jun 21, 1999",NYK,7,9,0,9,30.43,38.89,-8.46,4,4,5,3,0,0,0,0,0,0,0,0,0,0,0,0,0,0,0,0,0,0,0,0
703,Kurt Thomas,NYK,199906210NYK,"Jun 21, 1999",SAS,2,4,0,4,25.0,25.0,0.0,4,2,0,0,0,0,0,0,0,0,0,0,0,0,0,0,0,0,0,0,0,0,0,0
1498,Antonio Daniels,SAS,199906210NYK,"Jun 21, 1999",NYK,8,3,0,3,100.0,133.33,-33.33,1,2,2,6,0,0,0,0,0,0,0,0,0,0,0,0,0,0,0,0,0,0,0,0
369,Charlie Ward,NYK,199906210NYK,"Jun 21, 1999",SAS,2,4,0,4,20.0,25.0,-5.0,2,2,2,0,0,0,0,0,0,0,0,0,0,0,0,0,0,0,0,0,0,0,0,0
201,Chris Dudley,NYK,199906210NYK,"Jun 21, 1999",SAS,2,2,0,2,50.0,50.0,0.0,2,2,0,0,0,0,0,0,0,0,0,0,0,0,0,0,0,0,0,0,0,0,0,0
164,Chris Childs,NYK,199906210NYK,"Jun 21, 1999",SAS,4,2,2,3,57.14,69.44,-12.3,1,0,1,3,0,0,0,0,0,0,0,0,0,0,0,0,0,0,0,0,0,0,1,1
70,Steve Kerr,SAS,199906210NYK,"Jun 21, 1999",NYK,5,4,0,4,55.56,62.5,-6.94,3,2,1,3,0,0,0,0,0,0,0,0,0,0,0,0,0,0,0,0,0,0,0,0
990,Malik Rose,NYK,199906210NYK,"Jun 21, 1999",SAS,0,3,0,3,0.0,0.0,0.0,3,0,0,0,0,0,0,0,0,0,0,0,0,0,0,0,0,0,0,0,0,0,0,0
913,Larry Johnson,NYK,199906230NYK,"Jun 23, 1999",SAS,5,8,2,9,23.81,28.15,-4.34,5,4,3,0,0,0,0,0,0,0,0,0,0,0,0,0,0,0,0,0,0,0,1,1
422,Avery Johnson,SAS,199906230NYK,"Jun 23, 1999",NYK,14,10,4,12,58.33,59.52,-1.19,10,12,0,0,1,2,0,0,0,0,0,0,0,0,0,0,0,0,0,0,0,0,1,0
84,Latrell Sprewell,NYK,199906230NYK,"Jun 23, 1999",SAS,26,22,8,26,49.06,50.94,-1.88,21,18,1,0,4,8,0,0,0,0,0,0,0,0,0,0,0,0,0,0,0,0,0,0
948,Marcus Camby,NYK,199906230NYK,"Jun 23, 1999",SAS,20,15,5,17,57.14,58.14,-1.0,14,14,0,0,2,3,0,0,1,3,0,0,0,0,0,0,0,0,0,0,0,0,0,0
53,Mario Elie,NYK,199906230NYK,"Jun 23, 1999",SAS,18,9,6,11,69.23,77.32,-8.09,5,6,2,3,1,1,0,0,2,6,0,0,0,0,0,0,0,0,0,0,0,0,1,2
275,Allan Houston,NYK,199906230NYK,"Jun 23, 1999",SAS,20,18,7,22,45.45,47.44,-1.99,16,12,1,0,1,2,0,0,1,3,0,0,2,2,0,0,0,0,0,0,0,0,1,1
1495,Tim Duncan,SAS,199906230NYK,"Jun 23, 1999",NYK,28,19,12,25,56.0,57.66,-1.66,19,18,0,0,4,7,0,0,0,0,0,0,0,0,0,0,0,0,0,0,0,0,2,3
369,Charlie Ward,NYK,199906230NYK,"Jun 23, 1999",SAS,11,9,2,10,44.0,55.67,-11.67,4,4,5,6,0,0,0,0,0,0,0,0,0,0,0,0,0,0,0,0,0,0,1,1
251,Sean Elliott,SAS,199906230NYK,"Jun 23, 1999",NYK,14,11,4,13,45.16,54.86,-9.7,6,4,5,6,0,0,0,0,0,0,0,0,0,0,0,0,0,0,0,0,0,0,2,4
764,David Robinson,NYK,199906230NYK,"Jun 23, 1999",SAS,14,15,2,16,43.75,44.08,-0.33,15,12,0,0,0,0,0,0,0,0,0,0,0,0,0,0,0,0,0,0,0,0,1,2
70,Steve Kerr,SAS,199906230NYK,"Jun 23, 1999",NYK,2,1,0,1,100.0,100.0,0.0,1,2,0,0,0,0,0,0,0,0,0,0,0,0,0,0,0,0,0,0,0,0,0,0
703,Kurt Thomas,NYK,199906230NYK,"Jun 23, 1999",SAS,5,7,4,9,27.78,28.54,-0.76,7,4,0,0,2,1,0,0,0,0,0,0,0,0,0,0,0,0,0,0,0,0,0,0
990,Malik Rose,SAS,199906230NYK,"Jun 23, 1999",NYK,2,2,0,2,50.0,50.0,0.0,2,2,0,0,0,0,0,0,0,0,0,0,0,0,0,0,0,0,0,0,0,0,0,0
1114,Jaren Jackson,SAS,199906230NYK,"Jun 23, 1999",NYK,2,7,0,7,12.5,14.29,-1.79,5,2,2,0,0,0,0,0,0,0,0,0,0,0,0,0,0,0,0,0,0,0,0,0
760,Jerome Kersey,SAS,199906230NYK,"Jun 23, 1999",NYK,2,1,0,1,100.0,100.0,0.0,1,2,0,0,0,0,0,0,0,0,0,0,0,0,0,0,0,0,0,0,0,0,0,0
201,Chris Dudley,NYK,199906230NYK,"Jun 23, 1999",SAS,2,1,0,1,100.0,100.0,0.0,1,2,0,0,0,0,0,0,0,0,0,0,0,0,0,0,0,0,0,0,0,0,0,0
422,Avery Johnson,SAS,199906250NYK,"Jun 25, 1999",NYK,8,10,0,10,38.1,40.0,-1.9,9,8,1,0,0,0,0,0,0,0,0,0,0,0,0,0,0,0,0,0,0,0,0,0
84,Latrell Sprewell,NYK,199906250NYK,"Jun 25, 1999",SAS,35,27,10,31,53.85,55.73,-1.88,24,20,1,3,4,6,0,0,2,6,0,0,0,0,0,0,0,0,0,0,0,0,0,0
913,Larry Johnson,NYK,199906250NYK,"Jun 25, 1999",SAS,7,10,2,11,28.0,32.17,-4.17,7,6,3,0,1,1,0,0,0,0,0,0,0,0,0,0,0,0,0,0,0,0,0,0
1495,Tim Duncan,SAS,199906250NYK,"Jun 25, 1999",NYK,31,22,9,26,57.41,59.71,-2.3,20,22,1,0,2,3,0,0,1,3,0,0,0,0,0,0,0,0,0,0,0,0,2,3
764,David Robinson,SAS,199906250NYK,"Jun 25, 1999",NYK,15,14,8,17,41.67,42.81,-1.14,12,6,0,0,2,3,0,0,2,5,0,0,0,0,0,0,0,0,0,0,0,0,1,1
369,Charlie Ward,SAS,199906250NYK,"Jun 25, 1999",NYK,4,4,0,4,44.44,50.0,-5.56,3,4,1,0,0,0,0,0,0,0,0,0,0,0,0,0,0,0,0,0,0,0,0,0
251,Sean Elliott,SAS,199906250NYK,"Jun 25, 1999",NYK,2,4,2,5,16.67,20.49,-3.82,2,0,2,0,1,2,0,0,0,0,0,0,0,0,0,0,0,0,0,0,0,0,0,0
948,Marcus Camby,NYK,199906250NYK,"Jun 25, 1999",SAS,7,6,1,6,53.85,54.35,-0.5,5,4,0,0,0,0,0,0,1,3,0,0,0,0,0,0,0,0,0,0,0,0,0,0
275,Allan Houston,NYK,199906250NYK,"Jun 25, 1999",SAS,16,17,1,18,42.11,45.87,-3.76,14,16,3,0,0,0,0,0,0,0,0,0,1,0,0,0,0,0,0,0,0,0,0,0
53,Mario Elie,SAS,199906250NYK,"Jun 25, 1999",NYK,10,6,4,8,52.63,64.43,-11.8,3,0,3,6,2,4,0,0,0,0,0,0,0,0,0,0,0,0,0,0,0,0,0,0
703,Kurt Thomas,NYK,199906250NYK,"Jun 25, 1999",SAS,6,4,2,5,60.0,61.48,-1.48,4,4,0,0,1,2,0,0,0,0,0,0,0,0,0,0,0,0,0,0,0,0,0,0
1114,Jaren Jackson,SAS,199906250NYK,"Jun 25, 1999",NYK,11,9,0,9,45.83,61.11,-15.28,3,2,6,9,0,0,0,0,0,0,0,0,0,0,0,0,0,0,0,0,0,0,0,0
990,Malik Rose,SAS,199906250NYK,"Jun 25, 1999",NYK,1,1,2,2,25.0,26.6,-1.6,1,0,0,0,0,0,0,0,0,0,0,0,0,0,0,0,0,0,0,0,0,0,1,1
164,Chris Childs,NYK,199906250NYK,"Jun 25, 1999",SAS,2,4,0,4,22.22,25.0,-2.78,3,2,1,0,0,0,0,0,0,0,0,0,0,0,0,0,0,0,0,0,0,0,0,0
70,Steve Kerr,SAS,199906250NYK,"Jun 25, 1999",NYK,0,1,0,1,0.0,0.0,0.0,1,0,0,0,0,0,0,0,0,0,0,0,0,0,0,0,0,0,0,0,0,0,0,0
