player_id,player_name,team_abbr,game_id,game_date,opponent,pts,fga,fta,scoring_poss,pure_ts_pct,standard_ts_pct,delta_pp,C1a_events,C1a_pts,C1b_events,C1b_pts,C2_events,C2_pts,C3_events,C3_pts,C4_events,C4_pts,C5_events,C5_pts,C6a_events,C6a_pts,C6b_events,C6b_pts,C6c_events,C6c_pts,C6d_events,C6d_pts,C6e_events,C6e_pts,C6f_events,C6f_pts
727,Eric Snow,CLE,200604220CLE,"Apr 22, 2006",WAS,14,7,5,9,73.68,76.09,-2.41,6,8,0,0,0,0,0,0,1,3,0,0,0,0,0,0,0,0,0,0,0,0,2,3
2406,Caron Butler,WAS,200604220CLE,"Apr 22, 2006",CLE,11,14,4,16,31.43,34.9,-3.47,11,8,3,0,1,2,0,0,0,0,0,0,0,0,0,0,0,0,0,0,0,0,1,1
1712,Antawn Jamison,WAS,200604220CLE,"Apr 22, 2006",CLE,11,13,4,15,31.43,37.26,-5.83,8,6,5,3,2,2,0,0,0,0,0,0,0,0,0,0,0,0,0,0,0,0,0,0
980,Zydrunas Ilgauskas,WAS,200604220CLE,"Apr 22, 2006",CLE,10,7,2,8,62.5,63.45,-0.95,7,8,0,0,1,2,0,0,0,0,0,0,0,0,0,0,0,0,0,0,0,0,0,0
2217,Brendan Haywood,WAS,200604220CLE,"Apr 22, 2006",CLE,7,3,6,6,58.33,62.06,-3.73,3,4,0,0,2,1,0,0,0,0,0,0,0,0,0,0,0,0,0,0,0,0,1,2
2400,Drew Gooden,CLE,200604220CLE,"Apr 22, 2006",WAS,7,9,1,9,36.84,37.08,-0.24,8,4,0,0,0,0,0,0,1,3,0,0,0,0,0,0,0,0,0,0,0,0,0,0
1716,Larry Hughes,CLE,200604220CLE,"Apr 22, 2006",WAS,2,9,0,9,11.11,11.11,0.0,9,2,0,0,0,0,0,0,0,0,0,0,0,0,0,0,0,0,0,0,0,0,0,0
2240,Gilbert Arenas,WAS,200604220CLE,"Apr 22, 2006",CLE,26,20,13,25,43.33,50.54,-7.21,11,8,7,3,4,8,1,2,2,5,0,0,0,0,0,0,0,0,0,0,0,0,0,0
2407,Jared Jeffries,WAS,200604220CLE,"Apr 22, 2006",CLE,15,7,4,9,71.43,85.62,-14.19,4,8,3,3,2,4,0,0,0,0,0,0,0,0,0,0,0,0,0,0,0,0,0,0
2544,LeBron James,CLE,200604220CLE,"Apr 22, 2006",WAS,32,27,11,31,46.38,50.25,-3.87,20,16,4,3,2,2,0,0,3,8,0,0,0,0,0,0,0,0,0,0,0,0,2,3
murraro01,R. Murray,CLE,200604220CLE,"Apr 22, 2006",WAS,10,9,1,9,45.45,52.97,-7.52,5,4,3,3,0,0,0,0,1,3,0,0,0,0,0,0,0,0,0,0,0,0,0,0
923,Donyell Marshall,CLE,200604220CLE,"Apr 22, 2006",WAS,19,18,0,18,44.19,52.78,-8.59,11,10,7,9,0,0,0,0,0,0,0,0,0,0,0,0,0,0,0,0,0,0,0,0
1498,Antonio Daniels,WAS,200604220CLE,"Apr 22, 2006",CLE,14,6,3,7,93.33,95.63,-2.3,5,10,0,0,1,1,0,0,1,3,0,0,0,0,0,0,0,0,0,0,0,0,0,0
2760,Anderson Varejao,CLE,200604220CLE,"Apr 22, 2006",WAS,3,1,2,2,75.0,79.79,-4.79,1,2,0,0,0,0,0,0,0,0,0,0,0,0,0,0,0,0,0,0,0,0,1,1
2873,Billy Thomas,WAS,200604220CLE,"Apr 22, 2006",CLE,0,5,0,5,0.0,0.0,0.0,2,0,3,0,0,0,0,0,0,0,0,0,0,0,0,0,0,0,0,0,0,0,0,0
2041,Etan Thomas,WAS,200604220CLE,"Apr 22, 2006",CLE,2,2,2,3,33.33,34.72,-1.39,2,2,0,0,1,0,0,0,0,0,0,0,0,0,0,0,0,0,0,0,0,0,0,0
101182,Donell Taylor,WAS,200604220CLE,"Apr 22, 2006",CLE,0,1,0,1,0.0,0.0,0.0,0,0,1,0,0,0,0,0,0,0,0,0,0,0,0,0,0,0,0,0,0,0,0,0
1938,Manu Ginobili,SAS,200604220SAS,"Apr 22, 2006",SAC,10,10,0,10,47.62,50.0,-2.38,9,10,1,0,0,0,0,0,0,0,0,0,0,0,0,0,0,0,0,0,0,0,0,0
1903,Kenny Thomas,SAC,200604220SAS,"Apr 22, 2006",SAS,7,6,2,7,50.0,50.87,-0.87,6,6,0,0,1,1,0,0,0,0,0,0,0,0,0,0,0,0,0,0,0,0,0,0
2225,Tony Parker,SAS,200604220SAS,"Apr 22, 2006",SAC,25,15,7,18,65.79,69.14,-3.35,13,16,1,0,2,4,0,0,1,3,0,0,0,0,0,0,0,0,0,0,0,0,1,2
1737,Nazr Mohammed,SAS,200604220SAS,"Apr 22, 2006",SAC,18,6,6,9,94.74,104.17,-9.43,5,10,1,3,2,4,0,0,0,0,0,0,0,0,0,0,0,0,0,0,0,0,1,1
1477,Bruce Bowen,SAS,200604220SAS,"Apr 22, 2006",SAC,6,2,0,2,100.0,150.0,-50.0,0,0,2,6,0,0,0,0,0,0,0,0,0,0,0,0,0,0,0,0,0,0,0,0
1710,Mike Bibby,SAC,200604220SAS,"Apr 22, 2006",SAS,17,12,4,14,54.84,61.77,-6.93,9,8,3,6,1,2,0,0,0,0,0,0,0,0,0,0,0,0,0,0,0,0,1,1
1495,Tim Duncan,SAS,200604220SAS,"Apr 22, 2006",SAC,11,6,7,9,57.89,60.57,-2.68,5,4,0,0,2,3,0,0,1,3,0,0,0,0,0,0,0,0,0,0,0,0,1,1
1897,Metta World Peace,SAC,200604220SAS,"Apr 22, 2006",SAS,16,21,1,21,32.65,37.31,-4.66,14,8,6,6,0,0,0,0,1,2,0,0,0,0,0,0,0,0,0,0,0,0,0,0
1719,Bonzi Wells,SAC,200604220SAS,"Apr 22, 2006",SAS,12,9,4,11,54.55,55.76,-1.21,9,8,0,0,1,2,0,0,0,0,0,0,0,0,0,0,0,0,0,0,0,0,1,2
714,Michael Finley,SAS,200604220SAS,"Apr 22, 2006",SAC,10,6,2,7,58.82,72.67,-13.85,3,2,3,6,1,2,0,0,0,0,0,0,0,0,0,0,0,0,0,0,0,0,0,0
1802,Brad Miller,SAC,200604220SAS,"Apr 22, 2006",SAS,4,8,0,8,23.53,25.0,-1.47,7,4,1,0,0,0,0,0,0,0,0,0,0,0,0,0,0,0,0,0,0,0,0,0
109,Robert Horry,SAS,200604220SAS,"Apr 22, 2006",SAC,8,3,4,5,72.73,84.03,-11.3,2,2,1,3,1,1,0,0,0,0,0,0,0,0,0,0,0,0,0,0,0,0,1,2
2755,Kevin Martin,SAC,200604220SAS,"Apr 22, 2006",SAS,7,7,2,8,36.84,44.42,-7.58,4,2,3,3,1,2,0,0,0,0,0,0,0,0,0,0,0,0,0,0,0,0,0,0
949,Shareef Abdur-Rahim,SAC,200604220SAS,"Apr 22, 2006",SAS,6,6,0,6,50.0,50.0,0.0,6,6,0,0,0,0,0,0,0,0,0,0,0,0,0,0,0,0,0,0,0,0,0,0
89,Nick Van Exel,SAS,200604220SAS,"Apr 22, 2006",SAC,11,8,2,9,50.0,61.94,-11.94,4,0,4,9,0,0,0,0,0,0,0,0,0,0,0,0,0,0,0,0,0,0,1,2
2078,Jason Hart,SAC,200604220SAS,"Apr 22, 2006",SAS,4,4,2,5,40.0,40.98,-0.98,4,2,0,0,1,2,0,0,0,0,0,0,0,0,0,0,0,0,0,0,0,0,0,0
699,Brent Barry,SAS,200604220SAS,"Apr 22, 2006",SAC,6,6,0,6,37.5,50.0,-12.5,2,0,4,6,0,0,0,0,0,0,0,0,0,0,0,0,0,0,0,0,0,0,0,0
1725,Rasho Nesterovic,SAS,200604220SAS,"Apr 22, 2006",SAC,10,6,2,7,71.43,72.67,-1.24,6,8,0,0,1,2,0,0,0,0,0,0,0,0,0,0,0,0,0,0,0,0,0,0
101128,Francisco Garcia,SAC,200604220SAS,"Apr 22, 2006",SAS,8,5,2,6,61.54,68.03,-6.49,4,6,1,0,0,0,0,0,0,0,0,0,0,0,0,0,0,0,0,0,0,0,1,2
722,Corliss Williamson,SAC,200604220SAS,"Apr 22, 2006",SAS,5,3,3,4,55.56,57.87,-2.31,2,0,0,0,1,2,0,0,1,3,0,0,0,0,0,0,0,0,0,0,0,0,0,0
101177,Fabricio Oberto,SAS,200604220SAS,"Apr 22, 2006",SAC,3,1,2,2,75.0,79.79,-4.79,1,2,0,0,1,1,0,0,0,0,0,0,0,0,0,0,0,0,0,0,0,0,0,0
2757,Beno Udrih,SAS,200604220SAS,"Apr 22, 2006",SAC,4,4,0,4,50.0,50.0,0.0,4,4,0,0,0,0,0,0,0,0,0,0,0,0,0,0,0,0,0,0,0,0,0,0
958,Vitaly Potapenko,SAC,200604220SAS,"Apr 22, 2006",SAS,2,2,0,2,50.0,50.0,0.0,2,2,0,0,0,0,0,0,0,0,0,0,0,0,0,0,0,0,0,0,0,0,0,0
101179,Ronnie Price,SAC,200604220SAS,"Apr 22, 2006",SAS,0,1,0,1,0.0,0.0,0.0,1,0,0,0,0,0,0,0,0,0,0,0,0,0,0,0,0,0,0,0,0,0,0,0
1715,Jason Williams,MIA,200604220MIA,"Apr 22, 2006",CHI,17,9,7,13,53.12,70.36,-17.24,2,4,7,6,2,4,0,0,0,0,0,0,1,1,0,0,0,0,0,0,0,0,1,2
2552,Michael Sweetney,CHI,200604220MIA,"Apr 22, 2006",MIA,4,9,0,9,22.22,22.22,0.0,9,4,0,0,0,0,0,0,0,0,0,0,0,0,0,0,0,0,0,0,0,0,0,0
2617,Udonis Haslem,MIA,200604220MIA,"Apr 22, 2006",CHI,5,3,1,3,71.43,72.67,-1.24,2,2,0,0,0,0,0,0,1,3,0,0,0,0,0,0,0,0,0,0,0,0,0,0
406,Shaquille O'Neal,MIA,200604220MIA,"Apr 22, 2006",CHI,27,16,8,20,67.5,69.16,-1.66,16,22,0,0,2,3,0,0,0,0,0,0,0,0,0,0,0,0,0,0,0,0,2,2
2124,Malik Allen,CHI,200604220MIA,"Apr 22, 2006",MIA,10,8,1,8,58.82,59.24,-0.42,7,8,0,0,0,0,0,0,1,2,0,0,0,0,0,0,0,0,0,0,0,0,0,0
2550,Kirk Hinrich,MIA,200604220MIA,"Apr 22, 2006",CHI,19,14,4,16,51.35,60.28,-8.93,9,6,5,9,2,4,0,0,0,0,0,0,0,0,0,0,0,0,0,0,0,0,0,0
2804,Andres Nocioni,CHI,200604220MIA,"Apr 22, 2006",MIA,18,20,0,20,40.0,45.0,-5.0,15,12,5,6,0,0,0,0,0,0,0,0,0,0,0,0,0,0,0,0,0,0,0,0
2732,Ben Gordon,CHI,200604220MIA,"Apr 22, 2006",MIA,35,23,7,27,55.56,67.1,-11.54,13,14,10,15,2,4,0,0,0,0,0,0,1,0,0,0,0,0,0,0,0,0,1,2
952,Antoine Walker,MIA,200604220MIA,"Apr 22, 2006",CHI,10,13,3,14,30.3,34.92,-4.62,8,6,4,0,0,0,0,0,1,3,0,0,0,0,0,0,0,0,0,0,0,0,1,1
2548,Dwyane Wade,MIA,200604220MIA,"Apr 22, 2006",CHI,30,21,16,28,50.85,53.5,-2.65,18,12,1,0,3,6,0,0,2,5,0,0,0,0,0,0,0,0,0,0,0,0,4,7
2768,Chris Duhon,CHI,200604220MIA,"Apr 22, 2006",MIA,6,5,0,5,46.15,60.0,-13.85,2,0,3,6,0,0,0,0,0,0,0,0,0,0,0,0,0,0,0,0,0,0,0,0
2199,Tyson Chandler,CHI,200604220MIA,"Apr 22, 2006",MIA,5,3,1,3,71.43,72.67,-1.24,2,2,0,0,0,0,0,0,1,3,0,0,0,0,0,0,0,0,0,0,0,0,0,0
56,Gary Payton,MIA,200604220MIA,"Apr 22, 2006",CHI,6,6,0,6,46.15,50.0,-3.85,5,6,1,0,0,0,0,0,0,0,0,0,0,0,0,0,0,0,0,0,0,0,0,0
2736,Luol Deng,CHI,200604220MIA,"Apr 22, 2006",MIA,6,4,4,6,42.86,52.08,-9.22,2,4,2,0,1,2,0,0,0,0,0,0,0,0,0,0,0,0,0,0,0,0,1,0
1899,James Posey,MIA,200604220MIA,"Apr 22, 2006",CHI,10,6,2,7,50.0,72.67,-22.67,0,0,6,9,0,0,0,0,0,0,0,0,0,0,0,0,0,0,0,0,0,0,1,1
1720,Michael Doleac,MIA,200604220MIA,"Apr 22, 2006",CHI,4,2,0,2,100.0,100.0,0.0,2,4,0,0,0,0,0,0,0,0,0,0,0,0,0,0,0,0,0,0,0,0,0,0
970,Othella Harrington,CHI,200604220MIA,"Apr 22, 2006",MIA,0,1,0,1,0.0,0.0,0.0,1,0,0,0,0,0,0,0,0,0,0,0,0,0,0,0,0,0,0,0,0,0,0,0
1000,Shandon Anderson,MIA,200604220MIA,"Apr 22, 2006",CHI,2,1,2,2,50.0,53.19,-3.19,1,0,0,0,1,2,0,0,0,0,0,0,0,0,0,0,0,0,0,0,0,0,0,0
15,Eric Piatkowski,CHI,200604220MIA,"Apr 22, 2006",MIA,3,1,0,1,100.0,150.0,-50.0,0,0,1,3,0,0,0,0,0,0,0,0,0,0,0,0,0,0,0,0,0,0,0,0
2546,Carmelo Anthony,DEN,200604220LAC,"Apr 22, 2006",LAC,25,26,9,31,40.32,41.72,-1.4,25,18,1,0,3,5,0,0,0,0,0,0,1,0,0,0,0,0,0,0,0,0,1,2
2549,Chris Kaman,LAC,200604220LAC,"Apr 22, 2006",DEN,15,12,5,14,51.72,52.82,-1.1,11,8,0,0,1,2,0,0,1,3,0,0,0,0,0,0,0,0,0,0,0,0,1,2
208,Sam Cassell,LAC,200604220LAC,"Apr 22, 2006",DEN,19,11,7,15,57.58,67.47,-9.89,7,10,4,3,2,3,0,0,0,0,0,0,1,1,0,0,0,0,0,0,0,0,1,2
948,Marcus Camby,DEN,200604220LAC,"Apr 22, 2006",LAC,9,12,3,13,33.33,33.78,-0.45,11,6,0,0,1,1,0,0,1,2,0,0,0,0,0,0,0,0,0,0,0,0,0,0
1889,Andre Miller,DEN,200604220LAC,"Apr 22, 2006",LAC,25,21,3,22,55.56,56.0,-0.44,20,20,0,0,0,0,0,0,1,3,0,0,0,0,0,0,0,0,0,0,0,0,1,2
1749,Cuttino Mobley,LAC,200604220LAC,"Apr 22, 2006",DEN,17,10,2,11,65.38,78.12,-12.74,6,6,4,9,1,2,0,0,0,0,0,0,0,0,0,0,0,0,0,0,0,0,0,0
1882,Elton Brand,LAC,200604220LAC,"Apr 22, 2006",DEN,21,16,8,20,52.5,53.79,-1.29,16,16,0,0,4,5,0,0,0,0,0,0,0,0,0,0,0,0,0,0,0,0,0,0
1761,Greg Buckner,DEN,200604220LAC,"Apr 22, 2006",LAC,5,7,0,7,27.78,35.71,-7.93,3,2,4,3,0,0,0,0,0,0,0,0,0,0,0,0,0,0,0,0,0,0,0,0
2624,Quinton Ross,DEN,200604220LAC,"Apr 22, 2006",LAC,0,2,0,2,0.0,0.0,0.0,2,0,0,0,0,0,0,0,0,0,0,0,0,0,0,0,0,0,0,0,0,0,0,0
2030,Kenyon Martin,DEN,200604220LAC,"Apr 22, 2006",LAC,9,11,2,12,37.5,37.88,-0.38,11,8,0,0,1,1,0,0,0,0,0,0,0,0,0,0,0,0,0,0,0,0,0,0
2209,Vladimir Radmanovic,LAC,200604220LAC,"Apr 22, 2006",DEN,5,3,2,4,50.0,64.43,-14.43,1,0,2,3,1,2,0,0,0,0,0,0,0,0,0,0,0,0,0,0,0,0,0,0
1739,Ruben Patterson,DEN,200604220LAC,"Apr 22, 2006",LAC,4,4,1,4,44.44,45.05,-0.61,3,2,0,0,0,0,0,0,1,2,0,0,0,0,0,0,0,0,0,0,0,0,0,0
1894,Corey Maggette,LAC,200604220LAC,"Apr 22, 2006",DEN,8,8,4,10,36.36,40.98,-4.62,6,2,2,3,1,2,0,0,0,0,0,0,0,0,0,0,0,0,0,0,0,0,1,1
1442,Zeljko Rebraca,LAC,200604220LAC,"Apr 22, 2006",DEN,2,2,0,2,50.0,50.0,0.0,2,2,0,0,0,0,0,0,0,0,0,0,0,0,0,0,0,0,0,0,0,0,0,0
2733,Shaun Livingston,LAC,200604220LAC,"Apr 22, 2006",DEN,2,4,2,5,20.0,20.49,-0.49,4,2,0,0,1,0,0,0,0,0,0,0,0,0,0,0,0,0,0,0,0,0,0,0
1863,Earl Boykins,DEN,200604220LAC,"Apr 22, 2006",LAC,6,8,2,9,31.58,33.78,-2.2,7,4,1,0,1,2,0,0,0,0,0,0,0,0,0,0,0,0,0,0,0,0,0,0
2501,Reggie Evans,DEN,200604220LAC,"Apr 22, 2006",LAC,4,2,2,3,66.67,69.44,-2.77,2,2,0,0,1,2,0,0,0,0,0,0,0,0,0,0,0,0,0,0,0,0,0,0
979,Jermaine O'Neal,IND,200604230NJN,"Apr 23, 2006",NJN,15,10,7,13,55.56,57.34,-1.78,9,8,0,0,3,5,0,0,1,2,0,0,0,0,0,0,0,0,0,0,0,0,0,0
2420,Nenad Krstic,NJN,200604230NJN,"Apr 23, 2006",IND,22,15,7,18,59.46,60.84,-1.38,14,16,0,0,3,4,0,0,1,2,0,0,0,0,0,0,0,0,0,0,0,0,0,0
978,Peja Stojakovic,NJN,200604230NJN,"Apr 23, 2006",IND,12,11,2,13,46.15,50.51,-4.36,9,10,2,0,0,0,0,0,0,0,0,0,2,2,0,0,0,0,0,0,0,0,0,0
2210,Richard Jefferson,NJN,200604230NJN,"Apr 23, 2006",IND,19,11,8,15,61.29,65.43,-4.14,10,12,1,0,3,5,0,0,0,0,0,0,0,0,0,0,0,0,0,0,0,0,1,2
1713,Vince Carter,NJN,200604230NJN,"Apr 23, 2006",IND,31,33,8,36,37.8,42.44,-4.64,23,18,8,3,2,4,0,0,2,4,0,0,0,0,0,0,0,0,0,0,0,0,1,2
1533,Anthony Johnson,IND,200604230NJN,"Apr 23, 2006",NJN,12,10,8,14,41.38,44.38,-3.0,9,6,1,0,3,4,0,0,0,0,0,0,0,0,0,0,0,0,0,0,0,0,1,2
1536,Stephen Jackson,IND,200604230NJN,"Apr 23, 2006",NJN,18,15,1,15,54.55,58.29,-3.74,12,12,2,3,0,0,0,0,1,3,0,0,0,0,0,0,0,0,0,0,0,0,0,0
467,Jason Kidd,NJN,200604230NJN,"Apr 23, 2006",IND,5,11,2,12,18.52,21.04,-2.52,8,4,3,0,1,1,0,0,0,0,0,0,0,0,0,0,0,0,0,0,0,0,0,0
1902,Jeff Foster,NJN,200604230NJN,"Apr 23, 2006",IND,5,2,4,4,62.5,66.49,-3.99,2,2,0,0,1,2,0,0,0,0,0,0,0,0,0,0,0,0,0,0,0,0,1,1
2260,Jarron Collins,IND,200604230NJN,"Apr 23, 2006",NJN,2,1,0,1,100.0,100.0,0.0,1,2,0,0,0,0,0,0,0,0,0,0,0,0,0,0,0,0,0,0,0,0,0,0
1506,Austin Croshere,IND,200604230NJN,"Apr 23, 2006",NJN,9,6,4,8,50.0,57.99,-7.99,4,2,2,3,1,2,0,0,0,0,0,0,0,0,0,0,0,0,0,0,0,0,1,2
2410,Fred Jones,IND,200604230NJN,"Apr 23, 2006",NJN,15,7,4,9,68.18,85.62,-17.44,3,2,4,9,1,2,0,0,0,0,0,0,0,0,0,0,0,0,0,0,0,0,1,2
361,Clifford Robinson,NJN,200604230NJN,"Apr 23, 2006",IND,7,6,1,6,46.67,54.35,-7.68,3,4,2,0,0,0,0,0,1,3,0,0,0,0,0,0,0,0,0,0,0,0,0,0
1521,Jacque Vaughn,NJN,200604230NJN,"Apr 23, 2006",IND,2,2,0,2,50.0,50.0,0.0,2,2,0,0,0,0,0,0,0,0,0,0,0,0,0,0,0,0,0,0,0,0,0,0
2758,David Harrison,IND,200604230NJN,"Apr 23, 2006",NJN,2,1,0,1,100.0,100.0,0.0,1,2,0,0,0,0,0,0,0,0,0,0,0,0,0,0,0,0,0,0,0,0,0,0
101180,Sarunas Jasikevicius,IND,200604230NJN,"Apr 23, 2006",NJN,2,1,0,1,100.0,100.0,0.0,1,2,0,0,0,0,0,0,0,0,0,0,0,0,0,0,0,0,0,0,0,0,0,0
441,Lamond Murray,NJN,200604230NJN,"Apr 23, 2006",IND,0,1,0,1,0.0,0.0,0.0,0,0,1,0,0,0,0,0,0,0,0,0,0,0,0,0,0,0,0,0,0,0,0,0
101122,Danny Granger,IND,200604230NJN,"Apr 23, 2006",NJN,0,1,0,1,0.0,0.0,0.0,0,0,1,0,0,0,0,0,0,0,0,0,0,0,0,0,0,0,0,0,0,0,0,0
959,Steve Nash,PHX,200604230PHO,"Apr 23, 2006",LAL,20,12,8,16,54.05,64.43,-10.38,7,6,5,6,2,4,0,0,0,0,0,0,0,0,0,0,0,0,0,0,0,0,2,4
977,Kobe Bryant,LAL,200604230PHO,"Apr 23, 2006",PHX,22,21,8,25,39.29,44.86,-5.57,15,12,6,3,1,1,0,0,0,0,0,0,0,0,0,0,0,0,0,0,0,0,3,6
2575,Luke Walton,LAL,200604230PHO,"Apr 23, 2006",PHX,19,16,0,16,55.88,59.38,-3.5,14,16,2,3,0,0,0,0,0,0,0,0,0,0,0,0,0,0,0,0,0,0,0,0
1501,Tim Thomas,PHX,200604230PHO,"Apr 23, 2006",LAL,22,10,3,11,78.57,97.17,-18.6,4,6,5,12,0,0,0,0,1,3,0,0,0,0,0,0,0,0,0,0,0,0,1,1
2198,Kwame Brown,LAL,200604230PHO,"Apr 23, 2006",PHX,14,12,5,14,48.28,49.3,-1.02,11,8,0,0,2,3,0,0,1,3,0,0,0,0,0,0,0,0,0,0,0,0,0,0
2564,Boris Diaw,LAL,200604230PHO,"Apr 23, 2006",PHX,15,16,4,18,40.54,42.23,-1.69,15,12,1,0,2,3,0,0,0,0,0,0,0,0,0,0,0,0,0,0,0,0,0,0
1885,Lamar Odom,LAL,200604230PHO,"Apr 23, 2006",PHX,21,15,8,19,50.0,56.7,-6.7,11,14,4,3,4,4,0,0,0,0,0,0,0,0,0,0,0,0,0,0,0,0,0,0
2470,Smush Parker,LAL,200604230PHO,"Apr 23, 2006",PHX,15,13,4,15,42.86,50.81,-7.95,8,8,5,3,2,4,0,0,0,0,0,0,0,0,0,0,0,0,0,0,0,0,0,0
1890,Shawn Marion,PHX,200604230PHO,"Apr 23, 2006",LAL,19,15,2,16,54.29,59.82,-5.53,12,14,3,3,0,0,0,0,0,0,0,0,0,0,0,0,0,0,0,0,0,0,1,2
2571,Leandro Barbosa,PHX,200604230PHO,"Apr 23, 2006",LAL,15,7,8,11,62.5,71.29,-8.79,5,4,2,3,2,4,0,0,0,0,0,0,0,0,0,0,0,0,0,0,0,0,2,4
1952,Raja Bell,PHX,200604230PHO,"Apr 23, 2006",LAL,8,7,6,10,34.78,41.49,-6.71,4,0,3,3,1,2,0,0,0,0,0,0,0,0,0,0,0,0,0,0,0,0,2,3
2567,Brian Cook,LAL,200604230PHO,"Apr 23, 2006",PHX,6,7,2,8,33.33,38.07,-4.74,5,4,2,0,1,2,0,0,0,0,0,0,0,0,0,0,0,0,0,0,0,0,0,0
2592,James Jones,PHX,200604230PHO,"Apr 23, 2006",LAL,4,1,4,3,57.14,72.46,-15.32,0,0,1,0,1,2,0,0,0,0,0,0,0,0,0,0,0,0,0,0,0,0,1,2
2067,Eddie House,PHX,200604230PHO,"Apr 23, 2006",LAL,4,5,0,5,40.0,40.0,0.0,5,4,0,0,0,0,0,0,0,0,0,0,0,0,0,0,0,0,0,0,0,0,0,0
1904,Devean George,LAL,200604230PHO,"Apr 23, 2006",PHX,0,1,0,1,0.0,0.0,0.0,1,0,0,0,0,0,0,0,0,0,0,0,0,0,0,0,0,0,0,0,0,0,0,0
2756,Sasha Vujacic,LAL,200604230PHO,"Apr 23, 2006",PHX,3,3,0,3,37.5,50.0,-12.5,1,0,2,3,0,0,0,0,0,0,0,0,0,0,0,0,0,0,0,0,0,0,0,0
754,Jim Jackson,LAL,200604230PHO,"Apr 23, 2006",PHX,2,2,0,2,50.0,50.0,0.0,2,2,0,0,0,0,0,0,0,0,0,0,0,0,0,0,0,0,0,0,0,0,0,0
2072,Michael Redd,MIL,200604230DET,"Apr 23, 2006",DET,11,15,3,17,32.35,33.7,-1.35,14,8,1,0,1,2,0,0,0,0,0,0,1,1,0,0,0,0,0,0,0,0,0,0
739,Rasheed Wallace,DET,200604230DET,"Apr 23, 2006",MIL,22,14,0,14,64.71,78.57,-13.86,8,10,6,12,0,0,0,0,0,0,0,0,0,0,0,0,0,0,0,0,0,0,0,0
2250,Bobby Simmons,MIL,200604230DET,"Apr 23, 2006",DET,6,8,0,8,30.0,37.5,-7.5,4,0,4,6,0,0,0,0,0,0,0,0,0,0,0,0,0,0,0,0,0,0,0,0
2048,Jamaal Magloire,DET,200604230DET,"Apr 23, 2006",MIL,11,8,4,10,55.0,56.35,-1.35,8,8,0,0,2,3,0,0,0,0,0,0,0,0,0,0,0,0,0,0,0,0,0,0
1497,Chauncey Billups,DET,200604230DET,"Apr 23, 2006",MIL,14,11,8,16,40.0,48.21,-8.21,6,6,5,3,2,2,0,0,0,0,0,0,2,1,0,0,0,0,0,0,0,0,1,2
101106,Andrew Bogut,MIL,200604230DET,"Apr 23, 2006",DET,10,13,0,13,38.46,38.46,0.0,13,10,0,0,0,0,0,0,0,0,0,0,0,0,0,0,0,0,0,0,0,0,0,0
1888,Richard Hamilton,DET,200604230DET,"Apr 23, 2006",MIL,21,18,13,24,41.18,44.27,-3.09,15,8,2,0,4,7,0,0,1,2,0,0,0,0,0,0,0,0,0,0,0,0,2,4
1112,Ben Wallace,DET,200604230DET,"Apr 23, 2006",MIL,4,3,4,5,36.36,42.02,-5.66,2,2,1,0,0,0,0,0,0,0,0,0,0,0,0,0,0,0,0,0,0,0,2,2
2419,Tayshaun Prince,DET,200604230DET,"Apr 23, 2006",MIL,15,12,5,14,48.39,52.82,-4.43,9,6,2,3,2,3,0,0,1,3,0,0,0,0,0,0,0,0,0,0,0,0,0,0
2551,T.J. Ford,MIL,200604230DET,"Apr 23, 2006",DET,8,14,0,14,27.59,28.57,-0.98,13,8,1,0,0,0,0,0,0,0,0,0,0,0,0,0,0,0,0,0,0,0,0,0
693,Joe Smith,MIL,200604230DET,"Apr 23, 2006",DET,9,11,2,12,37.5,37.88,-0.38,11,8,0,0,1,1,0,0,0,0,0,0,0,0,0,0,0,0,0,0,0,0,0,0
2590,Mo Williams,MIL,200604230DET,"Apr 23, 2006",DET,2,3,0,3,28.57,33.33,-4.76,2,2,1,0,0,0,0,0,0,0,0,0,0,0,0,0,0,0,0,0,0,0,0,0
686,Antonio McDyess,DET,200604230DET,"Apr 23, 2006",MIL,9,9,2,10,45.0,45.55,-0.55,9,8,0,0,0,0,0,0,0,0,0,0,0,0,0,0,0,0,0,0,0,0,1,1
283,Lindsey Hunter,DET,200604230DET,"Apr 23, 2006",MIL,0,4,0,4,0.0,0.0,0.0,2,0,2,0,0,0,0,0,0,0,0,0,0,0,0,0,0,0,0,0,0,0,0,0
960,Tony Delk,DET,200604230DET,"Apr 23, 2006",MIL,5,3,2,4,62.5,64.43,-1.93,3,4,0,0,0,0,0,0,0,0,0,0,0,0,0,0,0,0,0,0,0,0,1,1
2294,Charlie Bell,MIL,200604230DET,"Apr 23, 2006",DET,13,12,1,12,41.94,52.25,-10.31,5,4,6,6,0,0,0,0,1,3,0,0,0,0,0,0,0,0,0,0,0,0,0,0
1983,Jermaine Jackson,MIL,200604230DET,"Apr 23, 2006",DET,0,1,0,1,0.0,0.0,0.0,1,0,0,0,0,0,0,0,0,0,0,0,0,0,0,0,0,0,0,0,0,0,0,0
2429,Dan Gadzuric,MIL,200604230DET,"Apr 23, 2006",DET,4,2,0,2,100.0,100.0,0.0,2,4,0,0,0,0,0,0,0,0,0,0,0,0,0,0,0,0,0,0,0,0,0,0
2230,Maurice Evans,DET,200604230DET,"Apr 23, 2006",MIL,2,1,0,1,100.0,100.0,0.0,1,2,0,0,0,0,0,0,0,0,0,0,0,0,0,0,0,0,0,0,0,0,0,0
2572,Josh Howard,DAL,200604230DAL,"Apr 23, 2006",MEM,8,7,0,7,50.0,57.14,-7.14,5,2,2,6,0,0,0,0,0,0,0,0,0,0,0,0,0,0,0,0,0,0,0,0
1088,Chucky Atkins,DAL,200604230DAL,"Apr 23, 2006",MEM,4,5,0,5,33.33,40.0,-6.67,3,4,2,0,0,0,0,0,0,0,0,0,0,0,0,0,0,0,0,0,0,0,0,0
1717,Dirk Nowitzki,DAL,200604230DAL,"Apr 23, 2006",MEM,31,18,15,25,57.41,63.01,-5.6,14,16,3,0,5,9,0,0,1,2,0,0,0,0,0,0,0,0,0,0,0,0,2,4
2054,Jake Tsakalidis,MEM,200604230DAL,"Apr 23, 2006",DAL,11,8,2,9,61.11,61.94,-0.83,8,10,0,0,1,1,0,0,0,0,0,0,0,0,0,0,0,0,0,0,0,0,0,0
1891,Jason Terry,DAL,200604230DAL,"Apr 23, 2006",MEM,20,15,6,18,50.0,56.69,-6.69,11,12,4,3,1,2,0,0,0,0,0,0,0,0,0,0,0,0,0,0,0,0,2,3
224,Eddie Jones,MEM,200604230DAL,"Apr 23, 2006",DAL,16,8,6,11,64.0,75.19,-11.19,5,6,3,6,2,2,0,0,0,0,0,0,0,0,0,0,0,0,0,0,0,0,1,2
1559,Adrian Griffin,DAL,200604230DAL,"Apr 23, 2006",MEM,5,5,1,5,45.45,45.96,-0.51,4,2,0,0,0,0,0,0,1,3,0,0,0,0,0,0,0,0,0,0,0,0,0,0
2200,Pau Gasol,MEM,200604230DAL,"Apr 23, 2006",DAL,24,18,11,23,50.0,52.54,-2.54,16,14,1,0,4,6,0,0,1,2,0,0,0,0,0,0,0,0,0,0,0,0,1,2
2734,Devin Harris,DAL,200604230DAL,"Apr 23, 2006",MEM,0,2,0,2,0.0,0.0,0.0,2,0,0,0,0,0,0,0,0,0,0,0,0,0,0,0,0,0,0,0,0,0,0,0
1517,Bobby Jackson,MEM,200604230DAL,"Apr 23, 2006",DAL,11,8,4,10,44.0,56.35,-12.35,3,2,5,6,2,3,0,0,0,0,0,0,0,0,0,0,0,0,0,0,0,0,0,0
711,Jerry Stackhouse,DAL,200604230DAL,"Apr 23, 2006",MEM,14,11,9,16,41.18,46.79,-5.61,8,4,3,3,1,2,0,0,0,0,0,0,2,2,0,0,0,0,0,0,0,0,2,3
2034,Mike Miller,MEM,200604230DAL,"Apr 23, 2006",DAL,9,5,2,6,69.23,76.53,-7.3,4,4,1,3,1,2,0,0,0,0,0,0,0,0,0,0,0,0,0,0,0,0,0,0
956,Erick Dampier,DAL,200604230DAL,"Apr 23, 2006",MEM,12,7,4,8,66.67,68.49,-1.82,5,4,0,0,1,2,0,0,2,6,0,0,0,0,0,0,0,0,0,0,0,0,0,0
2605,Marquis Daniels,DAL,200604230DAL,"Apr 23, 2006",MEM,13,9,0,9,68.42,72.22,-3.8,8,10,1,3,0,0,0,0,0,0,0,0,0,0,0,0,0,0,0,0,0,0,0,0
953,Lorenzen Wright,MEM,200604230DAL,"Apr 23, 2006",DAL,7,4,2,5,70.0,71.72,-1.72,4,6,0,0,1,1,0,0,0,0,0,0,0,0,0,0,0,0,0,0,0,0,0,0
2203,Shane Battier,MEM,200604230DAL,"Apr 23, 2006",DAL,6,4,0,4,75.0,75.0,0.0,4,6,0,0,0,0,0,0,0,0,0,0,0,0,0,0,0,0,0,0,0,0,0,0
2563,Dahntay Jones,MEM,200604230DAL,"Apr 23, 2006",DAL,2,0,2,1,100.0,113.64,-13.64,0,0,0,0,1,2,0,0,0,0,0,0,0,0,0,0,0,0,0,0,0,0,0,0
2073,Brian Cardinal,MEM,200604230DAL,"Apr 23, 2006",DAL,3,2,0,2,50.0,75.0,-25.0,0,0,2,3,0,0,0,0,0,0,0,0,0,0,0,0,0,0,0,0,0,0,0,0
406,Shaquille O'Neal,MIA,200604240MIA,"Apr 24, 2006",CHI,22,14,7,17,62.86,64.4,-1.54,13,14,0,0,3,5,0,0,1,3,0,0,0,0,0,0,0,0,0,0,0,0,0,0
2552,Michael Sweetney,CHI,200604240MIA,"Apr 24, 2006",MIA,4,4,2,5,40.0,40.98,-0.98,4,2,0,0,0,0,0,0,0,0,0,0,0,0,0,0,0,0,0,0,0,0,1,2
1899,James Posey,MIA,200604240MIA,"Apr 24, 2006",CHI,12,8,1,8,52.17,71.09,-18.92,1,0,6,9,0,0,0,0,1,3,0,0,0,0,0,0,0,0,0,0,0,0,0,0
1715,Jason Williams,MIA,200604240MIA,"Apr 24, 2006",CHI,22,11,6,14,62.86,80.65,-17.79,4,8,7,9,0,0,0,0,0,0,0,0,0,0,0,0,0,0,0,0,0,0,3,5
2732,Ben Gordon,CHI,200604240MIA,"Apr 24, 2006",MIA,13,16,6,19,31.71,34.87,-3.16,12,8,3,0,0,0,0,0,1,2,0,0,1,1,0,0,0,0,0,0,0,0,2,2
2550,Kirk Hinrich,CHI,200604240MIA,"Apr 24, 2006",MIA,29,18,8,22,63.04,67.38,-4.34,16,16,2,6,4,7,0,0,0,0,0,0,0,0,0,0,0,0,0,0,0,0,0,0
2804,Andres Nocioni,CHI,200604240MIA,"Apr 24, 2006",MIA,30,15,1,15,88.24,97.15,-8.91,11,18,3,9,0,0,0,0,1,3,0,0,0,0,0,0,0,0,0,0,0,0,0,0
2548,Dwyane Wade,MIA,200604240MIA,"Apr 24, 2006",CHI,21,20,1,20,50.0,51.37,-1.37,18,18,1,0,0,0,0,0,1,3,0,0,0,0,0,0,0,0,0,0,0,0,0,0
2199,Tyson Chandler,CHI,200604240MIA,"Apr 24, 2006",MIA,3,1,4,3,50.0,54.35,-4.35,1,2,0,0,1,0,0,0,0,0,0,0,0,0,0,0,0,0,0,0,0,0,1,1
2768,Chris Duhon,CHI,200604240MIA,"Apr 24, 2006",MIA,6,5,0,5,40.0,60.0,-20.0,0,0,5,6,0,0,0,0,0,0,0,0,0,0,0,0,0,0,0,0,0,0,0,0
952,Antoine Walker,MIA,200604240MIA,"Apr 24, 2006",CHI,17,15,4,17,42.5,50.72,-8.22,9,10,6,6,2,1,0,0,0,0,0,0,0,0,0,0,0,0,0,0,0,0,0,0
2124,Malik Allen,CHI,200604240MIA,"Apr 24, 2006",MIA,4,4,0,4,50.0,50.0,0.0,4,4,0,0,0,0,0,0,0,0,0,0,0,0,0,0,0,0,0,0,0,0,0,0
2736,Luol Deng,CHI,200604240MIA,"Apr 24, 2006",MIA,14,12,5,15,48.28,49.3,-1.02,12,10,0,0,2,3,0,0,0,0,0,0,0,0,0,0,1,1,0,0,0,0,0,0
1720,Michael Doleac,MIA,200604240MIA,"Apr 24, 2006",CHI,8,6,2,7,57.14,58.14,-1.0,6,6,0,0,0,0,0,0,0,0,0,0,0,0,0,0,0,0,0,0,0,0,1,2
56,Gary Payton,MIA,200604240MIA,"Apr 24, 2006",CHI,11,8,4,10,47.83,56.35,-8.52,5,6,3,3,0,0,0,0,0,0,0,0,0,0,0,0,0,0,0,0,0,0,2,2
1000,Shandon Anderson,MIA,200604240MIA,"Apr 24, 2006",CHI,2,2,0,2,40.0,50.0,-10.0,1,2,1,0,0,0,0,0,0,0,0,0,0,0,0,0,0,0,0,0,0,0,0,0
15,Eric Piatkowski,CHI,200604240MIA,"Apr 24, 2006",MIA,5,2,0,2,100.0,125.0,-25.0,1,2,1,3,0,0,0,0,0,0,0,0,0,0,0,0,0,0,0,0,0,0,0,0
948,Marcus Camby,DEN,200604240LAC,"Apr 24, 2006",LAC,16,14,4,16,50.0,50.76,-0.76,14,14,0,0,1,1,0,0,0,0,0,0,0,0,0,0,0,0,0,0,0,0,1,1
1739,Ruben Patterson,LAC,200604240LAC,"Apr 24, 2006",DEN,2,3,4,5,20.0,21.01,-1.01,3,0,0,0,0,0,0,0,0,0,0,0,0,0,0,0,0,0,0,0,0,0,2,2
208,Sam Cassell,LAC,200604240LAC,"Apr 24, 2006",DEN,13,15,4,18,34.21,38.78,-4.57,11,6,4,3,1,2,0,0,0,0,0,0,2,2,0,0,0,0,0,0,0,0,0,0
2546,Carmelo Anthony,DEN,200604240LAC,"Apr 24, 2006",LAC,16,15,8,19,42.11,43.2,-1.09,15,10,0,0,3,4,0,0,0,0,0,0,0,0,0,0,0,0,0,0,0,0,1,2
1882,Elton Brand,LAC,200604240LAC,"Apr 24, 2006",DEN,19,14,5,16,57.58,58.64,-1.06,13,14,0,0,0,0,0,0,1,2,0,0,0,0,0,0,0,0,0,0,0,0,2,3
2549,Chris Kaman,LAC,200604240LAC,"Apr 24, 2006",DEN,10,6,4,8,62.5,64.43,-1.93,6,8,0,0,2,2,0,0,0,0,0,0,0,0,0,0,0,0,0,0,0,0,0,0
1889,Andre Miller,DEN,200604240LAC,"Apr 24, 2006",LAC,14,11,8,15,46.67,48.21,-1.54,11,6,0,0,4,8,0,0,0,0,0,0,0,0,0,0,0,0,0,0,0,0,0,0
1749,Cuttino Mobley,LAC,200604240LAC,"Apr 24, 2006",DEN,21,18,2,19,47.73,55.61,-7.88,12,14,6,6,1,1,0,0,0,0,0,0,0,0,0,0,0,0,0,0,0,0,0,0
2624,Quinton Ross,LAC,200604240LAC,"Apr 24, 2006",DEN,10,8,0,8,62.5,62.5,0.0,8,10,0,0,0,0,0,0,0,0,0,0,0,0,0,0,0,0,0,0,0,0,0,0
1863,Earl Boykins,DEN,200604240LAC,"Apr 24, 2006",LAC,14,17,3,18,32.56,38.21,-5.65,11,8,6,3,0,0,1,3,0,0,0,0,0,0,0,0,0,0,0,0,0,0,0,0
1761,Greg Buckner,DEN,200604240LAC,"Apr 24, 2006",LAC,14,10,0,10,50.0,70.0,-20.0,2,2,8,12,0,0,0,0,0,0,0,0,0,0,0,0,0,0,0,0,0,0,0,0
2030,Kenyon Martin,DEN,200604240LAC,"Apr 24, 2006",LAC,0,2,0,2,0.0,0.0,0.0,2,0,0,0,0,0,0,0,0,0,0,0,0,0,0,0,0,0,0,0,0,0,0,0
2733,Shaun Livingston,LAC,200604240LAC,"Apr 24, 2006",DEN,5,3,1,3,71.43,72.67,-1.24,2,2,0,0,0,0,0,0,1,3,0,0,0,0,0,0,0,0,0,0,0,0,0,0
2035,DerMarr Johnson,DEN,200604240LAC,"Apr 24, 2006",LAC,2,5,0,5,15.38,20.0,-4.62,2,2,3,0,0,0,0,0,0,0,0,0,0,0,0,0,0,0,0,0,0,0,0,0
1894,Corey Maggette,LAC,200604240LAC,"Apr 24, 2006",DEN,12,9,4,11,52.17,55.76,-3.59,8,8,1,0,2,4,0,0,0,0,0,0,0,0,0,0,0,0,0,0,0,0,0,0
2059,Eduardo Najera,DEN,200604240LAC,"Apr 24, 2006",LAC,2,2,0,2,50.0,50.0,0.0,2,2,0,0,0,0,0,0,0,0,0,0,0,0,0,0,0,0,0,0,0,0,0,0
2209,Vladimir Radmanovic,DEN,200604240LAC,"Apr 24, 2006",LAC,8,5,5,7,42.11,55.56,-13.45,0,0,4,3,2,2,0,0,1,3,0,0,0,0,0,0,0,0,0,0,0,0,0,0
2501,Reggie Evans,DEN,200604240LAC,"Apr 24, 2006",LAC,7,0,10,5,70.0,79.55,-9.55,0,0,0,0,3,4,0,0,0,0,0,0,0,0,0,0,0,0,0,0,0,0,2,3
101189,James Singleton,LAC,200604240LAC,"Apr 24, 2006",DEN,0,2,0,2,0.0,0.0,0.0,0,0,2,0,0,0,0,0,0,0,0,0,0,0,0,0,0,0,0,0,0,0,0,0
980,Zydrunas Ilgauskas,CLE,200604250CLE,"Apr 25, 2006",WAS,9,13,4,15,30.0,30.49,-0.49,13,6,0,0,2,3,0,0,0,0,0,0,0,0,0,0,0,0,0,0,0,0,0,0
2406,Caron Butler,WAS,200604250CLE,"Apr 25, 2006",CLE,21,19,2,20,46.67,52.82,-6.15,14,14,5,6,1,1,0,0,0,0,0,0,0,0,0,0,0,0,0,0,0,0,0,0
2400,Drew Gooden,CLE,200604250CLE,"Apr 25, 2006",WAS,24,12,2,13,92.31,93.17,-0.86,12,22,0,0,0,0,0,0,0,0,0,0,0,0,0,0,0,0,0,0,0,0,1,2
1712,Antawn Jamison,WAS,200604250CLE,"Apr 25, 2006",CLE,21,14,5,16,56.76,64.81,-8.05,10,8,3,6,1,1,0,0,0,0,1,4,0,0,0,0,0,0,0,0,0,0,1,2
727,Eric Snow,CLE,200604250CLE,"Apr 25, 2006",WAS,4,6,0,6,33.33,33.33,0.0,6,4,0,0,0,0,0,0,0,0,0,0,0,0,0,0,0,0,0,0,0,0,0,0
1716,Larry Hughes,CLE,200604250CLE,"Apr 25, 2006",WAS,16,16,8,20,37.21,40.98,-3.77,13,8,3,3,1,1,0,0,0,0,0,0,0,0,0,0,0,0,0,0,0,0,3,4
2544,LeBron James,CLE,200604250CLE,"Apr 25, 2006",WAS,26,25,15,32,36.62,41.14,-4.52,17,8,6,3,4,7,0,0,2,5,0,0,1,0,0,0,0,0,0,0,0,0,2,3
2240,Gilbert Arenas,WAS,200604250CLE,"Apr 25, 2006",CLE,30,24,11,29,44.78,52.01,-7.23,15,12,8,9,4,4,0,0,1,3,0,0,0,0,0,0,0,0,0,0,0,0,1,2
2407,Jared Jeffries,WAS,200604250CLE,"Apr 25, 2006",CLE,4,11,0,11,17.39,18.18,-0.79,10,4,1,0,0,0,0,0,0,0,0,0,0,0,0,0,0,0,0,0,0,0,0,0
1498,Antonio Daniels,WAS,200604250CLE,"Apr 25, 2006",CLE,6,7,3,8,33.33,36.06,-2.73,5,2,1,0,1,1,0,0,1,3,0,0,0,0,0,0,0,0,0,0,0,0,0,0
923,Donyell Marshall,CLE,200604250CLE,"Apr 25, 2006",WAS,3,3,0,3,37.5,50.0,-12.5,1,0,2,3,0,0,0,0,0,0,0,0,0,0,0,0,0,0,0,0,0,0,0,0
murraro01,R. Murray,CLE,200604250CLE,"Apr 25, 2006",WAS,2,8,0,8,11.76,12.5,-0.74,7,2,1,0,0,0,0,0,0,0,0,0,0,0,0,0,0,0,0,0,0,0,0,0
2217,Brendan Haywood,WAS,200604250CLE,"Apr 25, 2006",CLE,5,1,4,3,83.33,90.58,-7.25,1,2,0,0,2,3,0,0,0,0,0,0,0,0,0,0,0,0,0,0,0,0,0,0
2873,Billy Thomas,WAS,200604250CLE,"Apr 25, 2006",CLE,2,2,4,4,22.22,26.6,-4.38,1,0,1,0,0,0,0,0,0,0,0,0,0,0,0,0,0,0,0,0,0,0,2,2
979,Jermaine O'Neal,IND,200604250NJN,"Apr 25, 2006",NJN,12,12,6,15,38.71,40.98,-2.27,11,6,1,0,3,6,0,0,0,0,0,0,0,0,0,0,0,0,0,0,0,0,0,0
1902,Jeff Foster,IND,200604250NJN,"Apr 25, 2006",NJN,4,5,0,5,40.0,40.0,0.0,5,4,0,0,0,0,0,0,0,0,0,0,0,0,0,0,0,0,0,0,0,0,0,0
2210,Richard Jefferson,NJN,200604250NJN,"Apr 25, 2006",IND,21,17,8,21,47.73,51.17,-3.44,15,14,2,0,4,7,0,0,0,0,0,0,0,0,0,0,0,0,0,0,0,0,0,0
1533,Anthony Johnson,IND,200604250NJN,"Apr 25, 2006",NJN,17,17,1,18,43.59,48.74,-5.15,13,14,4,3,0,0,0,0,0,0,0,0,1,0,0,0,0,0,0,0,0,0,0,0
467,Jason Kidd,NJN,200604250NJN,"Apr 25, 2006",IND,6,10,0,10,27.27,30.0,-2.73,8,6,2,0,0,0,0,0,0,0,0,0,0,0,0,0,0,0,0,0,0,0,0,0
1536,Stephen Jackson,IND,200604250NJN,"Apr 25, 2006",NJN,10,14,3,16,28.57,32.64,-4.07,10,6,4,3,1,1,0,0,0,0,0,0,1,0,0,0,0,0,0,0,0,0,0,0
1713,Vince Carter,NJN,200604250NJN,"Apr 25, 2006",IND,33,20,9,24,60.0,68.86,-8.86,12,18,6,3,2,4,0,0,2,5,0,0,1,1,0,0,0,0,0,0,0,0,1,2
2215,Jason Collins,NJN,200604250NJN,"Apr 25, 2006",IND,1,2,2,3,16.67,17.36,-0.69,2,0,0,0,1,1,0,0,0,0,0,0,0,0,0,0,0,0,0,0,0,0,0,0
101122,Danny Granger,NJN,200604250NJN,"Apr 25, 2006",IND,11,8,2,9,47.83,61.94,-14.11,3,0,5,9,0,0,0,0,0,0,0,0,0,0,0,0,0,0,0,0,0,0,1,2
2420,Nenad Krstic,NJN,200604250NJN,"Apr 25, 2006",IND,20,13,7,16,60.61,62.19,-1.58,12,12,0,0,3,5,0,0,1,3,0,0,0,0,0,0,0,0,0,0,0,0,0,0
2410,Fred Jones,IND,200604250NJN,"Apr 25, 2006",NJN,13,10,3,12,48.15,57.42,-9.27,6,8,4,3,1,2,0,0,0,0,0,0,1,0,0,0,0,0,0,0,0,0,0,0
361,Clifford Robinson,NJN,200604250NJN,"Apr 25, 2006",IND,0,3,0,3,0.0,0.0,0.0,0,0,3,0,0,0,0,0,0,0,0,0,0,0,0,0,0,0,0,0,0,0,0,0
1506,Austin Croshere,IND,200604250NJN,"Apr 25, 2006",NJN,2,6,0,6,13.33,16.67,-3.34,3,2,3,0,0,0,0,0,0,0,0,0,0,0,0,0,0,0,0,0,0,0,0,0
1521,Jacque Vaughn,NJN,200604250NJN,"Apr 25, 2006",IND,6,4,0,4,75.0,75.0,0.0,4,6,0,0,0,0,0,0,0,0,0,0,0,0,0,0,0,0,0,0,0,0,0,0
2224,Jamaal Tinsley,IND,200604250NJN,"Apr 25, 2006",NJN,2,3,0,3,25.0,33.33,-8.33,1,2,2,0,0,0,0,0,0,0,0,0,0,0,0,0,0,0,0,0,0,0,0,0
2758,David Harrison,IND,200604250NJN,"Apr 25, 2006",NJN,1,1,2,2,25.0,26.6,-1.6,1,0,0,0,0,0,0,0,0,0,0,0,0,0,0,0,0,0,0,0,0,0,1,1
441,Lamond Murray,NJN,200604250NJN,"Apr 25, 2006",IND,3,2,0,2,50.0,75.0,-25.0,0,0,2,3,0,0,0,0,0,0,0,0,0,0,0,0,0,0,0,0,0,0,0,0
101180,Sarunas Jasikevicius,IND,200604250NJN,"Apr 25, 2006",NJN,3,3,0,3,37.5,50.0,-12.5,1,0,2,3,0,0,0,0,0,0,0,0,0,0,0,0,0,0,0,0,0,0,0,0
2565,Zoran Planinic,NJN,200604250NJN,"Apr 25, 2006",IND,0,0,2,1,0.0,0.0,0.0,0,0,0,0,1,0,0,0,0,0,0,0,0,0,0,0,0,0,0,0,0,0,0,0
2755,Kevin Martin,SAC,200604250SAS,"Apr 25, 2006",SAS,26,15,10,20,59.09,67.01,-7.92,11,10,4,6,2,4,0,0,0,0,0,0,0,0,0,0,0,0,0,0,0,0,3,6
1495,Tim Duncan,SAS,200604250SAS,"Apr 25, 2006",SAC,14,10,8,14,50.0,51.78,-1.78,10,8,0,0,4,6,0,0,0,0,0,0,0,0,0,0,0,0,0,0,0,0,0,0
1719,Bonzi Wells,SAC,200604250SAS,"Apr 25, 2006",SAS,28,17,8,21,66.67,68.23,-1.56,17,24,0,0,3,3,0,0,0,0,0,0,0,0,0,0,0,0,0,0,0,0,1,1
1477,Bruce Bowen,SAC,200604250SAS,"Apr 25, 2006",SAS,2,2,0,2,50.0,50.0,0.0,2,2,0,0,0,0,0,0,0,0,0,0,0,0,0,0,0,0,0,0,0,0,0,0
1903,Kenny Thomas,SAC,200604250SAS,"Apr 25, 2006",SAS,12,8,4,10,60.0,61.48,-1.48,8,8,0,0,2,4,0,0,0,0,0,0,0,0,0,0,0,0,0,0,0,0,0,0
1938,Manu Ginobili,SAS,200604250SAS,"Apr 25, 2006",SAC,32,20,12,24,53.33,63.29,-9.96,9,8,8,9,2,2,1,3,3,9,0,0,0,0,0,0,0,0,0,0,0,0,1,1
1710,Mike Bibby,SAC,200604250SAS,"Apr 25, 2006",SAS,15,16,11,21,31.91,35.99,-4.08,12,6,4,0,4,7,1,2,0,0,0,0,0,0,0,0,0,0,0,0,0,0,0,0
1802,Brad Miller,SAC,200604250SAS,"Apr 25, 2006",SAS,7,8,2,9,36.84,39.41,-2.57,7,2,1,3,1,2,0,0,0,0,0,0,0,0,0,0,0,0,0,0,0,0,0,0
2225,Tony Parker,SAS,200604250SAS,"Apr 25, 2006",SAC,22,16,7,19,55.0,57.65,-2.65,14,14,1,0,0,0,0,0,1,2,0,0,0,0,0,0,0,0,0,0,0,0,3,6
714,Michael Finley,SAS,200604250SAS,"Apr 25, 2006",SAC,12,8,2,9,54.55,67.57,-13.02,4,4,4,6,0,0,0,0,0,0,0,0,0,0,0,0,0,0,0,0,0,0,1,2
2078,Jason Hart,SAC,200604250SAS,"Apr 25, 2006",SAS,4,4,0,4,50.0,50.0,0.0,4,4,0,0,0,0,0,0,0,0,0,0,0,0,0,0,0,0,0,0,0,0,0,0
109,Robert Horry,SAS,200604250SAS,"Apr 25, 2006",SAC,11,5,2,6,68.75,93.54,-24.79,1,0,4,9,0,0,0,0,0,0,0,0,0,0,0,0,0,0,0,0,0,0,1,2
1725,Rasho Nesterovic,SAS,200604250SAS,"Apr 25, 2006",SAC,4,2,0,2,100.0,100.0,0.0,2,4,0,0,0,0,0,0,0,0,0,0,0,0,0,0,0,0,0,0,0,0,0,0
949,Shareef Abdur-Rahim,SAC,200604250SAS,"Apr 25, 2006",SAS,27,19,3,20,64.29,66.44,-2.15,17,22,1,0,1,2,0,0,1,3,0,0,0,0,0,0,0,0,0,0,0,0,0,0
89,Nick Van Exel,SAS,200604250SAS,"Apr 25, 2006",SAC,3,5,3,6,20.0,23.73,-3.73,3,0,2,0,0,0,1,3,0,0,0,0,0,0,0,0,0,0,0,0,0,0,0,0
1737,Nazr Mohammed,SAS,200604250SAS,"Apr 25, 2006",SAC,6,4,0,4,75.0,75.0,0.0,4,6,0,0,0,0,0,0,0,0,0,0,0,0,0,0,0,0,0,0,0,0,0,0
699,Brent Barry,SAS,200604250SAS,"Apr 25, 2006",SAC,22,12,2,13,66.67,85.4,-18.73,5,8,7,12,1,2,0,0,0,0,0,0,0,0,0,0,0,0,0,0,0,0,0,0
2048,Jamaal Magloire,MIL,200604260DET,"Apr 26, 2006",DET,8,9,5,11,34.78,35.71,-0.93,8,4,0,0,2,1,0,0,1,3,0,0,0,0,0,0,0,0,0,0,0,0,0,0
739,Rasheed Wallace,DET,200604260DET,"Apr 26, 2006",MIL,12,13,4,15,34.29,40.65,-6.36,8,6,5,3,2,3,0,0,0,0,0,0,0,0,0,0,0,0,0,0,0,0,0,0
2419,Tayshaun Prince,DET,200604260DET,"Apr 26, 2006",MIL,22,14,3,15,66.67,71.8,-5.13,11,14,2,3,1,2,0,0,1,3,0,0,0,0,0,0,0,0,0,0,0,0,0,0
2072,Michael Redd,MIL,200604260DET,"Apr 26, 2006",DET,29,18,7,20,63.04,68.79,-5.75,12,10,3,6,1,2,0,0,3,9,0,0,0,0,0,0,0,0,0,0,0,0,1,2
101106,Andrew Bogut,MIL,200604260DET,"Apr 26, 2006",DET,8,10,2,11,36.36,36.76,-0.4,10,6,0,0,1,2,0,0,0,0,0,0,0,0,0,0,0,0,0,0,0,0,0,0
2551,T.J. Ford,MIL,200604260DET,"Apr 26, 2006",DET,17,10,6,13,60.71,67.25,-6.54,8,8,2,3,2,4,0,0,0,0,0,0,0,0,0,0,0,0,0,0,0,0,1,2
2250,Bobby Simmons,DET,200604260DET,"Apr 26, 2006",MIL,10,11,0,11,41.67,45.45,-3.78,9,10,2,0,0,0,0,0,0,0,0,0,0,0,0,0,0,0,0,0,0,0,0,0
1888,Richard Hamilton,DET,200604260DET,"Apr 26, 2006",MIL,18,12,6,15,58.06,61.48,-3.42,11,14,1,0,2,3,0,0,0,0,0,0,0,0,0,0,0,0,0,0,0,0,1,1
1497,Chauncey Billups,MIL,200604260DET,"Apr 26, 2006",DET,20,15,0,15,51.28,66.67,-15.39,6,8,9,12,0,0,0,0,0,0,0,0,0,0,0,0,0,0,0,0,0,0,0,0
1112,Ben Wallace,DET,200604260DET,"Apr 26, 2006",MIL,4,7,0,7,28.57,28.57,0.0,7,4,0,0,0,0,0,0,0,0,0,0,0,0,0,0,0,0,0,0,0,0,0,0
693,Joe Smith,MIL,200604260DET,"Apr 26, 2006",DET,6,6,2,7,42.86,43.6,-0.74,6,6,0,0,1,0,0,0,0,0,0,0,0,0,0,0,0,0,0,0,0,0,0,0
283,Lindsey Hunter,DET,200604260DET,"Apr 26, 2006",MIL,10,6,2,7,58.82,72.67,-13.85,3,2,3,6,0,0,0,0,0,0,0,0,0,0,0,0,0,0,0,0,0,0,1,2
960,Tony Delk,DET,200604260DET,"Apr 26, 2006",MIL,2,4,0,4,20.0,25.0,-5.0,2,2,2,0,0,0,0,0,0,0,0,0,0,0,0,0,0,0,0,0,0,0,0,0
2590,Mo Williams,MIL,200604260DET,"Apr 26, 2006",DET,6,6,0,6,46.15,50.0,-3.85,5,6,1,0,0,0,0,0,0,0,0,0,0,0,0,0,0,0,0,0,0,0,0,0
2294,Charlie Bell,MIL,200604260DET,"Apr 26, 2006",DET,11,13,0,13,36.67,42.31,-5.64,9,2,4,9,0,0,0,0,0,0,0,0,0,0,0,0,0,0,0,0,0,0,0,0
686,Antonio McDyess,DET,200604260DET,"Apr 26, 2006",MIL,13,8,2,9,72.22,73.2,-0.98,8,12,0,0,1,1,0,0,0,0,0,0,0,0,0,0,0,0,0,0,0,0,0,0
2230,Maurice Evans,DET,200604260DET,"Apr 26, 2006",MIL,8,4,2,5,61.54,81.97,-20.43,1,0,3,6,1,2,0,0,0,0,0,0,0,0,0,0,0,0,0,0,0,0,0,0
1983,Jermaine Jackson,MIL,200604260DET,"Apr 26, 2006",DET,0,1,0,1,0.0,0.0,0.0,1,0,0,0,0,0,0,0,0,0,0,0,0,0,0,0,0,0,0,0,0,0,0,0
2412,Jiri Welsch,MIL,200604260DET,"Apr 26, 2006",DET,3,1,2,2,75.0,79.79,-4.79,1,2,0,0,0,0,0,0,0,0,0,0,0,0,0,0,0,0,0,0,0,0,1,1
2203,Shane Battier,MEM,200604260DAL,"Apr 26, 2006",DAL,3,3,0,3,37.5,50.0,-12.5,1,0,2,3,0,0,0,0,0,0,0,0,0,0,0,0,0,0,0,0,0,0,0,0
1891,Jason Terry,DAL,200604260DAL,"Apr 26, 2006",MEM,16,14,1,14,45.71,55.4,-9.69,7,4,6,9,0,0,0,0,1,3,0,0,0,0,0,0,0,0,0,0,0,0,0,0
224,Eddie Jones,DAL,200604260DAL,"Apr 26, 2006",MEM,11,10,2,11,45.83,50.55,-4.72,8,8,2,3,1,0,0,0,0,0,0,0,0,0,0,0,0,0,0,0,0,0,0,0
2200,Pau Gasol,MEM,200604260DAL,"Apr 26, 2006",DAL,16,13,5,16,51.61,52.63,-1.02,13,12,0,0,3,4,0,0,0,0,0,0,0,0,0,0,0,0,0,0,0,0,0,0
2572,Josh Howard,DAL,200604260DAL,"Apr 26, 2006",MEM,17,10,8,14,54.84,62.87,-8.03,7,10,3,0,4,7,0,0,0,0,0,0,0,0,0,0,0,0,0,0,0,0,0,0
1559,Adrian Griffin,DAL,200604260DAL,"Apr 26, 2006",MEM,6,3,0,3,100.0,100.0,0.0,3,6,0,0,0,0,0,0,0,0,0,0,0,0,0,0,0,0,0,0,0,0,0,0
2205,DeSagana Diop,DAL,200604260DAL,"Apr 26, 2006",MEM,3,1,2,2,75.0,79.79,-4.79,1,2,0,0,1,1,0,0,0,0,0,0,0,0,0,0,0,0,0,0,0,0,0,0
1717,Dirk Nowitzki,DAL,200604260DAL,"Apr 26, 2006",MEM,31,19,14,26,56.36,61.61,-5.25,15,14,3,3,6,11,0,0,1,2,0,0,1,1,0,0,0,0,0,0,0,0,0,0
1088,Chucky Atkins,MEM,200604260DAL,"Apr 26, 2006",DAL,7,8,4,10,30.43,35.86,-5.43,5,2,3,3,1,1,0,0,0,0,0,0,0,0,0,0,0,0,0,0,0,0,1,1
2734,Devin Harris,DAL,200604260DAL,"Apr 26, 2006",MEM,7,4,3,5,63.64,65.79,-2.15,3,4,0,0,1,1,0,0,1,2,0,0,0,0,0,0,0,0,0,0,0,0,0,0
956,Erick Dampier,DAL,200604260DAL,"Apr 26, 2006",MEM,8,8,6,11,36.36,37.59,-1.23,8,4,0,0,2,3,0,0,0,0,0,0,0,0,0,0,0,0,0,0,0,0,1,1
711,Jerry Stackhouse,DAL,200604260DAL,"Apr 26, 2006",MEM,4,7,0,7,26.67,28.57,-1.9,6,4,1,0,0,0,0,0,0,0,0,0,0,0,0,0,0,0,0,0,0,0,0,0
2034,Mike Miller,MEM,200604260DAL,"Apr 26, 2006",DAL,9,7,5,9,40.91,48.91,-8.0,2,0,3,0,0,0,0,0,2,6,0,0,1,1,0,0,0,0,0,0,0,0,1,2
1517,Bobby Jackson,MEM,200604260DAL,"Apr 26, 2006",DAL,12,11,0,11,46.15,54.55,-8.4,7,6,4,6,0,0,0,0,0,0,0,0,0,0,0,0,0,0,0,0,0,0,0,0
953,Lorenzen Wright,MEM,200604260DAL,"Apr 26, 2006",DAL,8,3,4,5,80.0,84.03,-4.03,3,6,0,0,2,2,0,0,0,0,0,0,0,0,0,0,0,0,0,0,0,0,0,0
2605,Marquis Daniels,MEM,200604260DAL,"Apr 26, 2006",DAL,0,1,0,1,0.0,0.0,0.0,1,0,0,0,0,0,0,0,0,0,0,0,0,0,0,0,0,0,0,0,0,0,0,0
2563,Dahntay Jones,MEM,200604260DAL,"Apr 26, 2006",DAL,8,3,2,4,100.0,103.09,-3.09,3,6,0,0,1,2,0,0,0,0,0,0,0,0,0,0,0,0,0,0,0,0,0,0
mbengdj01,D. Ilunga-Mbenga,DAL,200604260DAL,"Apr 26, 2006",MEM,2,1,2,2,50.0,53.19,-3.19,1,0,0,0,1,2,0,0,0,0,0,0,0,0,0,0,0,0,0,0,0,0,0,0
101124,Hakim Warrick,DAL,200604260DAL,"Apr 26, 2006",MEM,5,3,4,5,50.0,52.52,-2.52,3,2,0,0,2,3,0,0,0,0,0,0,0,0,0,0,0,0,0,0,0,0,0,0
353,Darrell Armstrong,DAL,200604260DAL,"Apr 26, 2006",MEM,0,1,0,1,0.0,0.0,0.0,0,0,1,0,0,0,0,0,0,0,0,0,0,0,0,0,0,0,0,0,0,0,0,0
1952,Raja Bell,PHX,200604260PHO,"Apr 26, 2006",LAL,23,15,4,17,58.97,68.62,-9.65,10,10,5,9,1,2,0,0,0,0,0,0,0,0,0,0,0,0,0,0,0,0,1,2
977,Kobe Bryant,LAL,200604260PHO,"Apr 26, 2006",PHX,29,24,6,27,52.73,54.43,-1.7,22,20,1,3,0,0,0,0,1,2,0,0,1,1,0,0,0,0,0,0,0,0,2,3
959,Steve Nash,PHX,200604260PHO,"Apr 26, 2006",LAL,29,17,7,20,60.42,72.21,-11.79,9,14,7,6,1,2,0,0,1,3,0,0,1,2,0,0,0,0,0,0,0,0,1,2
2564,Boris Diaw,PHX,200604260PHO,"Apr 26, 2006",LAL,13,10,3,11,56.52,57.42,-0.9,9,8,0,0,1,2,0,0,1,3,0,0,0,0,0,0,0,0,0,0,0,0,0,0
1501,Tim Thomas,LAL,200604260PHO,"Apr 26, 2006",PHX,11,12,0,12,34.38,45.83,-11.45,4,2,8,9,0,0,0,0,0,0,0,0,0,0,0,0,0,0,0,0,0,0,0,0
2198,Kwame Brown,LAL,200604260PHO,"Apr 26, 2006",PHX,12,8,7,11,52.17,54.15,-1.98,7,6,0,0,2,2,0,0,1,3,0,0,0,0,0,0,0,0,0,0,0,0,1,1
2470,Smush Parker,LAL,200604260PHO,"Apr 26, 2006",PHX,8,6,2,7,53.33,58.14,-4.81,5,6,1,0,0,0,0,0,0,0,0,0,0,0,1,2,0,0,0,0,0,0,0,0
2575,Luke Walton,LAL,200604260PHO,"Apr 26, 2006",PHX,8,8,2,9,42.11,45.05,-2.94,7,6,1,0,0,0,0,0,0,0,0,0,0,0,0,0,0,0,0,0,0,0,1,2
1890,Shawn Marion,PHX,200604260PHO,"Apr 26, 2006",LAL,13,15,2,16,36.11,40.93,-4.82,11,8,4,3,1,2,0,0,0,0,0,0,0,0,0,0,0,0,0,0,0,0,0,0
2756,Sasha Vujacic,LAL,200604260PHO,"Apr 26, 2006",PHX,11,6,2,7,61.11,79.94,-18.83,2,0,4,9,1,2,0,0,0,0,0,0,0,0,0,0,0,0,0,0,0,0,0,0
1885,Lamar Odom,LAL,200604260PHO,"Apr 26, 2006",PHX,21,12,0,12,72.41,87.5,-15.09,7,12,5,9,0,0,0,0,0,0,0,0,0,0,0,0,0,0,0,0,0,0,0,0
2571,Leandro Barbosa,PHX,200604260PHO,"Apr 26, 2006",LAL,0,5,0,5,0.0,0.0,0.0,3,0,2,0,0,0,0,0,0,0,0,0,0,0,0,0,0,0,0,0,0,0,0,0
1904,Devean George,LAL,200604260PHO,"Apr 26, 2006",PHX,3,4,0,4,27.27,37.5,-10.23,1,0,3,3,0,0,0,0,0,0,0,0,0,0,0,0,0,0,0,0,0,0,0,0
2067,Eddie House,PHX,200604260PHO,"Apr 26, 2006",LAL,2,3,0,3,33.33,33.33,0.0,3,2,0,0,0,0,0,0,0,0,0,0,0,0,0,0,0,0,0,0,0,0,0,0
2567,Brian Cook,LAL,200604260PHO,"Apr 26, 2006",PHX,5,4,0,4,55.56,62.5,-6.94,3,2,1,3,0,0,0,0,0,0,0,0,0,0,0,0,0,0,0,0,0,0,0,0
2592,James Jones,PHX,200604260PHO,"Apr 26, 2006",LAL,2,1,2,2,40.0,53.19,-13.19,0,0,1,0,0,0,0,0,0,0,0,0,0,0,0,0,0,0,0,0,0,0,1,2
754,Jim Jackson,LAL,200604260PHO,"Apr 26, 2006",PHX,2,3,0,3,33.33,33.33,0.0,3,2,0,0,0,0,0,0,0,0,0,0,0,0,0,0,0,0,0,0,0,0,0,0
2420,Nenad Krstic,NJN,200604270IND,"Apr 27, 2006",IND,9,9,4,11,40.91,41.82,-0.91,9,6,0,0,2,3,0,0,0,0,0,0,0,0,0,0,0,0,0,0,0,0,0,0
978,Peja Stojakovic,IND,200604270IND,"Apr 27, 2006",NJN,10,7,5,10,50.0,54.35,-4.35,6,6,1,0,1,2,0,0,0,0,0,0,1,1,0,0,0,0,0,0,0,0,1,1
1533,Anthony Johnson,IND,200604270IND,"Apr 27, 2006",NJN,25,13,9,17,65.79,73.7,-7.91,9,10,3,6,2,3,0,0,1,3,0,0,0,0,0,0,0,0,0,0,0,0,2,3
979,Jermaine O'Neal,IND,200604270IND,"Apr 27, 2006",NJN,37,15,14,21,84.09,87.43,-3.34,13,20,0,0,5,9,0,0,2,6,0,0,0,0,0,0,0,0,0,0,0,0,1,2
2210,Richard Jefferson,NJN,200604270IND,"Apr 27, 2006",IND,25,13,14,21,60.98,65.24,-4.26,12,12,1,0,5,9,0,0,0,0,0,0,2,2,0,0,0,0,0,0,0,0,1,2
467,Jason Kidd,NJN,200604270IND,"Apr 27, 2006",IND,14,12,2,13,45.16,54.35,-9.19,7,4,5,9,0,0,0,0,0,0,0,0,0,0,0,0,0,0,0,0,0,0,1,1
1902,Jeff Foster,IND,200604270IND,"Apr 27, 2006",NJN,2,2,0,2,50.0,50.0,0.0,2,2,0,0,0,0,0,0,0,0,0,0,0,0,0,0,0,0,0,0,0,0,0,0
2215,Jason Collins,NJN,200604270IND,"Apr 27, 2006",IND,0,4,0,4,0.0,0.0,0.0,4,0,0,0,0,0,0,0,0,0,0,0,0,0,0,0,0,0,0,0,0,0,0,0
1536,Stephen Jackson,IND,200604270IND,"Apr 27, 2006",NJN,17,13,4,15,47.22,57.59,-10.37,7,8,6,6,2,3,0,0,0,0,0,0,0,0,0,0,0,0,0,0,0,0,0,0
1713,Vince Carter,NJN,200604270IND,"Apr 27, 2006",IND,25,21,9,25,43.86,50.08,-6.22,14,10,6,6,3,4,0,0,1,3,0,0,0,0,0,0,0,0,0,0,0,0,1,2
361,Clifford Robinson,NJN,200604270IND,"Apr 27, 2006",IND,8,5,2,6,53.33,68.03,-14.7,2,0,3,6,0,0,0,0,0,0,0,0,0,0,0,0,0,0,0,0,0,0,1,2
1506,Austin Croshere,IND,200604270IND,"Apr 27, 2006",NJN,5,3,6,6,38.46,44.33,-5.87,2,0,1,0,1,1,1,3,0,0,0,0,1,1,0,0,0,0,0,0,0,0,0,0
2410,Fred Jones,IND,200604270IND,"Apr 27, 2006",NJN,2,3,2,4,20.0,25.77,-5.77,1,0,2,0,1,2,0,0,0,0,0,0,0,0,0,0,0,0,0,0,0,0,0,0
1521,Jacque Vaughn,NJN,200604270IND,"Apr 27, 2006",IND,6,4,2,5,60.0,61.48,-1.48,4,4,0,0,0,0,0,0,0,0,0,0,0,0,0,0,0,0,0,0,0,0,1,2
2758,David Harrison,IND,200604270IND,"Apr 27, 2006",NJN,0,1,0,1,0.0,0.0,0.0,1,0,0,0,0,0,0,0,0,0,0,0,0,0,0,0,0,0,0,0,0,0,0,0
441,Lamond Murray,NJN,200604270IND,"Apr 27, 2006",IND,0,1,0,1,0.0,0.0,0.0,1,0,0,0,0,0,0,0,0,0,0,0,0,0,0,0,0,0,0,0,0,0,0,0
1519,John Thomas,NJN,200604270IND,"Apr 27, 2006",IND,4,2,0,2,100.0,100.0,0.0,2,4,0,0,0,0,0,0,0,0,0,0,0,0,0,0,0,0,0,0,0,0,0,0
101180,Sarunas Jasikevicius,IND,200604270IND,"Apr 27, 2006",NJN,3,4,2,5,27.27,30.74,-3.47,3,2,1,0,1,1,0,0,0,0,0,0,0,0,0,0,0,0,0,0,0,0,0,0
101122,Danny Granger,IND,200604270IND,"Apr 27, 2006",NJN,6,4,0,4,66.67,75.0,-8.33,3,6,1,0,0,0,0,0,0,0,0,0,0,0,0,0,0,0,0,0,0,0,0,0
1909,Scott Padgett,NJN,200604270IND,"Apr 27, 2006",IND,0,1,0,1,0.0,0.0,0.0,0,0,1,0,0,0,0,0,0,0,0,0,0,0,0,0,0,0,0,0,0,0,0,0
101120,Antoine Wright,NJN,200604270IND,"Apr 27, 2006",IND,4,2,3,3,57.14,60.24,-3.1,1,0,0,0,0,0,0,0,1,2,0,0,0,0,0,0,0,0,0,0,0,0,1,2
2565,Zoran Planinic,NJN,200604270IND,"Apr 27, 2006",IND,0,1,0,1,0.0,0.0,0.0,1,0,0,0,0,0,0,0,0,0,0,0,0,0,0,0,0,0,0,0,0,0,0,0
406,Shaquille O'Neal,MIA,200604270CHI,"Apr 27, 2006",CHI,8,8,6,11,36.36,37.59,-1.23,7,6,0,0,2,0,0,0,1,2,0,0,0,0,0,0,0,0,0,0,1,0,0,0
2552,Michael Sweetney,CHI,200604270CHI,"Apr 27, 2006",MIA,10,5,6,8,62.5,65.45,-2.95,4,6,0,0,1,0,0,0,1,2,0,0,0,0,0,0,0,0,0,0,1,1,1,1
2548,Dwyane Wade,MIA,200604270CHI,"Apr 27, 2006",CHI,26,22,9,26,47.27,50.08,-2.81,19,16,2,0,3,5,0,0,1,3,0,0,0,0,0,0,0,0,0,0,0,0,1,2
2804,Andres Nocioni,CHI,200604270CHI,"Apr 27, 2006",MIA,19,11,10,15,55.88,61.69,-5.81,8,8,2,0,2,3,1,3,1,3,0,0,0,0,0,0,0,0,0,0,0,0,1,2
2617,Udonis Haslem,MIA,200604270CHI,"Apr 27, 2006",CHI,10,5,10,10,50.0,53.19,-3.19,5,4,0,0,5,6,0,0,0,0,0,0,0,0,0,0,0,0,0,0,0,0,0,0
952,Antoine Walker,MIA,200604270CHI,"Apr 27, 2006",CHI,11,11,2,12,36.67,46.3,-9.63,5,4,6,6,1,1,0,0,0,0,0,0,0,0,0,0,0,0,0,0,0,0,0,0
2550,Kirk Hinrich,CHI,200604270CHI,"Apr 27, 2006",MIA,22,17,9,22,44.9,52.48,-7.58,11,8,6,6,2,4,0,0,0,0,0,0,1,1,1,1,0,0,0,0,0,0,1,2
1715,Jason Williams,MIA,200604270CHI,"Apr 27, 2006",CHI,17,9,4,11,62.96,79.0,-16.04,4,4,5,9,2,4,0,0,0,0,0,0,0,0,0,0,0,0,0,0,0,0,0,0
2732,Ben Gordon,CHI,200604270CHI,"Apr 27, 2006",MIA,24,18,8,22,48.0,55.76,-7.76,12,10,6,9,2,2,1,3,0,0,0,0,1,0,0,0,0,0,0,0,0,0,0,0
2124,Malik Allen,MIA,200604270CHI,"Apr 27, 2006",CHI,2,1,0,1,100.0,100.0,0.0,1,2,0,0,0,0,0,0,0,0,0,0,0,0,0,0,0,0,0,0,0,0,0,0
2736,Luol Deng,CHI,200604270CHI,"Apr 27, 2006",MIA,21,16,8,20,52.5,53.79,-1.29,16,16,0,0,3,3,0,0,0,0,0,0,0,0,0,0,0,0,0,0,0,0,1,2
1899,James Posey,MIA,200604270CHI,"Apr 27, 2006",CHI,7,6,2,7,38.89,50.87,-11.98,2,2,4,3,1,2,0,0,0,0,0,0,0,0,0,0,0,0,0,0,0,0,0,0
2199,Tyson Chandler,CHI,200604270CHI,"Apr 27, 2006",MIA,2,1,1,1,66.67,69.44,-2.77,0,0,0,0,0,0,0,0,1,2,0,0,0,0,0,0,0,0,0,0,0,0,0,0
56,Gary Payton,MIA,200604270CHI,"Apr 27, 2006",CHI,3,2,0,2,60.0,75.0,-15.0,1,0,1,3,0,0,0,0,0,0,0,0,0,0,0,0,0,0,0,0,0,0,0,0
2768,Chris Duhon,CHI,200604270CHI,"Apr 27, 2006",MIA,3,3,4,5,25.0,31.51,-6.51,1,0,2,0,1,1,0,0,0,0,0,0,0,0,0,0,0,0,0,0,0,0,1,2
101195,Luke Schenscher,CHI,200604270CHI,"Apr 27, 2006",MIA,2,1,0,1,100.0,100.0,0.0,1,2,0,0,0,0,0,0,0,0,0,0,0,0,0,0,0,0,0,0,0,0,0,0
970,Othella Harrington,CHI,200604270CHI,"Apr 27, 2006",MIA,0,1,0,1,0.0,0.0,0.0,1,0,0,0,0,0,0,0,0,0,0,0,0,0,0,0,0,0,0,0,0,0,0,0
1507,Derek Anderson,MIA,200604270CHI,"Apr 27, 2006",CHI,8,6,0,6,50.0,66.67,-16.67,2,2,4,6,0,0,0,0,0,0,0,0,0,0,0,0,0,0,0,0,0,0,0,0
1720,Michael Doleac,MIA,200604270CHI,"Apr 27, 2006",CHI,0,1,0,1,0.0,0.0,0.0,1,0,0,0,0,0,0,0,0,0,0,0,0,0,0,0,0,0,0,0,0,0,0,0
2457,Jannero Pargo,CHI,200604270CHI,"Apr 27, 2006",MIA,4,4,0,4,50.0,50.0,0.0,4,4,0,0,0,0,0,0,0,0,0,0,0,0,0,0,0,0,0,0,0,0,0,0
101134,Wayne Simien,MIA,200604270CHI,"Apr 27, 2006",CHI,0,2,0,2,0.0,0.0,0.0,2,0,0,0,0,0,0,0,0,0,0,0,0,0,0,0,0,0,0,0,0,0,0,0
1889,Andre Miller,DEN,200604270DEN,"Apr 27, 2006",LAC,14,14,4,16,43.75,44.42,-0.67,14,12,0,0,2,2,0,0,0,0,0,0,0,0,0,0,0,0,0,0,0,0,0,0
1882,Elton Brand,LAC,200604270DEN,"Apr 27, 2006",DEN,17,15,6,18,47.22,48.19,-0.97,15,12,0,0,1,2,0,0,0,0,0,0,0,0,0,0,0,0,0,0,0,0,2,3
2059,Eduardo Najera,DEN,200604270DEN,"Apr 27, 2006",LAC,5,5,2,6,41.67,42.52,-0.85,5,4,0,0,0,0,0,0,0,0,0,0,0,0,0,0,0,0,0,0,0,0,1,1
948,Marcus Camby,LAC,200604270DEN,"Apr 27, 2006",DEN,12,12,2,13,46.15,46.58,-0.43,12,10,0,0,1,2,0,0,0,0,0,0,0,0,0,0,0,0,0,0,0,0,0,0
208,Sam Cassell,LAC,200604270DEN,"Apr 27, 2006",DEN,20,13,9,17,50.0,58.96,-8.96,8,10,5,3,2,3,1,3,0,0,0,0,0,0,0,0,0,0,0,0,0,0,1,1
2624,Quinton Ross,LAC,200604270DEN,"Apr 27, 2006",DEN,2,3,2,4,25.0,25.77,-0.77,3,0,0,0,1,2,0,0,0,0,0,0,0,0,0,0,0,0,0,0,0,0,0,0
2549,Chris Kaman,LAC,200604270DEN,"Apr 27, 2006",DEN,2,6,0,6,16.67,16.67,0.0,6,2,0,0,0,0,0,0,0,0,0,0,0,0,0,0,0,0,0,0,0,0,0,0
1761,Greg Buckner,DEN,200604270DEN,"Apr 27, 2006",LAC,13,12,8,16,32.5,41.88,-9.38,4,6,8,0,2,3,0,0,0,0,0,0,0,0,0,0,0,0,0,0,0,0,2,4
1749,Cuttino Mobley,LAC,200604270DEN,"Apr 27, 2006",DEN,8,8,0,8,44.44,50.0,-5.56,6,2,2,6,0,0,0,0,0,0,0,0,0,0,0,0,0,0,0,0,0,0,0,0
2546,Carmelo Anthony,DEN,200604270DEN,"Apr 27, 2006",LAC,24,17,19,27,45.28,47.32,-2.04,17,12,0,0,4,5,0,0,0,0,0,0,1,1,0,0,0,0,0,0,0,0,5,6
2733,Shaun Livingston,LAC,200604270DEN,"Apr 27, 2006",DEN,7,7,2,8,43.75,44.42,-0.67,7,6,0,0,1,1,0,0,0,0,0,0,0,0,0,0,0,0,0,0,0,0,0,0
2501,Reggie Evans,DEN,200604270DEN,"Apr 27, 2006",LAC,5,2,4,4,55.56,66.49,-10.93,1,2,1,0,1,2,0,0,0,0,0,0,0,0,0,0,0,0,0,0,0,0,1,1
1739,Ruben Patterson,DEN,200604270DEN,"Apr 27, 2006",LAC,8,6,0,6,66.67,66.67,0.0,6,8,0,0,0,0,0,0,0,0,0,0,0,0,0,0,0,0,0,0,0,0,0,0
1894,Corey Maggette,LAC,200604270DEN,"Apr 27, 2006",DEN,23,13,8,16,62.16,69.61,-7.45,9,12,3,3,2,3,1,2,1,3,0,0,0,0,0,0,0,0,0,0,0,0,0,0
1922,Francisco Elson,DEN,200604270DEN,"Apr 27, 2006",LAC,0,1,0,1,0.0,0.0,0.0,1,0,0,0,0,0,0,0,0,0,0,0,0,0,0,0,0,0,0,0,0,0,0,0
1863,Earl Boykins,DEN,200604270DEN,"Apr 27, 2006",LAC,13,13,7,17,37.14,40.42,-3.28,11,8,2,0,1,1,0,0,0,0,0,0,1,1,0,0,0,0,0,0,0,0,2,3
1442,Zeljko Rebraca,LAC,200604270DEN,"Apr 27, 2006",DEN,0,1,0,1,0.0,0.0,0.0,1,0,0,0,0,0,0,0,0,0,0,0,0,0,0,0,0,0,0,0,0,0,0,0
2209,Vladimir Radmanovic,DEN,200604270DEN,"Apr 27, 2006",LAC,8,6,4,8,40.0,51.55,-11.55,2,2,4,3,0,0,0,0,0,0,0,0,0,0,0,0,0,0,0,0,0,0,2,3
980,Zydrunas Ilgauskas,CLE,200604280WAS,"Apr 28, 2006",WAS,15,12,8,16,46.88,48.32,-1.44,12,8,0,0,3,5,0,0,0,0,0,0,0,0,0,0,0,0,0,0,0,0,1,2
1712,Antawn Jamison,WAS,200604280WAS,"Apr 28, 2006",CLE,14,13,6,16,38.89,44.76,-5.87,9,8,4,0,1,2,0,0,0,0,0,0,0,0,1,2,0,0,0,0,0,0,1,2
2217,Brendan Haywood,CLE,200604280WAS,"Apr 28, 2006",WAS,6,4,6,7,42.86,45.18,-2.32,4,4,0,0,2,2,0,0,0,0,0,0,0,0,0,0,0,0,0,0,0,0,1,0
2407,Jared Jeffries,WAS,200604280WAS,"Apr 28, 2006",CLE,9,6,1,6,69.23,69.88,-0.65,5,6,0,0,0,0,0,0,1,3,0,0,0,0,0,0,0,0,0,0,0,0,0,0
727,Eric Snow,CLE,200604280WAS,"Apr 28, 2006",WAS,4,3,2,4,50.0,51.55,-1.55,3,2,0,0,1,2,0,0,0,0,0,0,0,0,0,0,0,0,0,0,0,0,0,0
2406,Caron Butler,WAS,200604280WAS,"Apr 28, 2006",CLE,20,16,4,18,52.63,56.31,-3.68,14,16,2,0,2,4,0,0,0,0,0,0,0,0,0,0,0,0,0,0,0,0,0,0
2544,LeBron James,CLE,200604280WAS,"Apr 28, 2006",WAS,41,28,9,31,58.57,64.14,-5.57,20,20,5,9,3,4,0,0,3,8,0,0,0,0,0,0,0,0,0,0,0,0,0,0
2240,Gilbert Arenas,WAS,200604280WAS,"Apr 28, 2006",CLE,34,25,11,30,50.0,56.97,-6.97,16,16,7,6,3,4,0,0,2,6,0,0,1,1,0,0,0,0,0,0,0,0,1,1
2400,Drew Gooden,CLE,200604280WAS,"Apr 28, 2006",WAS,8,8,2,9,44.44,45.05,-0.61,8,6,0,0,1,2,0,0,0,0,0,0,0,0,0,0,0,0,0,0,0,0,0,0
1716,Larry Hughes,CLE,200604280WAS,"Apr 28, 2006",WAS,16,15,4,16,44.44,47.73,-3.29,11,6,2,3,1,1,0,0,2,6,0,0,0,0,0,0,0,0,0,0,0,0,0,0
2760,Anderson Varejao,CLE,200604280WAS,"Apr 28, 2006",WAS,4,4,0,4,50.0,50.0,0.0,4,4,0,0,0,0,0,0,0,0,0,0,0,0,0,0,0,0,0,0,0,0,0,0
1913,Michael Ruffin,WAS,200604280WAS,"Apr 28, 2006",CLE,2,2,0,2,50.0,50.0,0.0,2,2,0,0,0,0,0,0,0,0,0,0,0,0,0,0,0,0,0,0,0,0,0,0
murraro01,R. Murray,CLE,200604280WAS,"Apr 28, 2006",WAS,2,6,0,6,13.33,16.67,-3.34,3,2,3,0,0,0,0,0,0,0,0,0,0,0,0,0,0,0,0,0,0,0,0,0
1498,Antonio Daniels,WAS,200604280WAS,"Apr 28, 2006",CLE,11,5,5,7,73.33,76.39,-3.06,4,4,0,0,1,2,0,0,1,3,0,0,0,0,0,0,0,0,0,0,0,0,1,2
923,Donyell Marshall,CLE,200604280WAS,"Apr 28, 2006",WAS,4,8,2,9,19.05,22.52,-3.47,5,2,3,0,0,0,0,0,0,0,0,0,0,0,0,0,0,0,0,0,0,0,1,2
1800,Damon Jones,CLE,200604280WAS,"Apr 28, 2006",WAS,3,1,0,1,100.0,150.0,-50.0,0,0,1,3,0,0,0,0,0,0,0,0,0,0,0,0,0,0,0,0,0,0,0,0
2225,Tony Parker,SAC,200604280SAC,"Apr 28, 2006",SAS,12,13,4,15,40.0,40.65,-0.65,13,8,0,0,1,2,0,0,0,0,0,0,0,0,0,0,0,0,0,0,0,0,1,2
1897,Metta World Peace,SAC,200604280SAC,"Apr 28, 2006",SAS,22,15,10,19,50.0,56.7,-6.7,9,10,4,3,3,2,0,0,2,5,0,0,0,0,0,0,0,0,0,0,0,0,1,2
1938,Manu Ginobili,SAS,200604280SAC,"Apr 28, 2006",SAC,8,9,3,10,33.33,38.76,-5.43,5,4,3,0,1,1,0,0,1,3,0,0,0,0,0,0,0,0,0,0,0,0,0,0
1495,Tim Duncan,SAS,200604280SAC,"Apr 28, 2006",SAC,29,20,8,24,60.42,61.65,-1.23,20,24,0,0,4,5,0,0,0,0,0,0,0,0,0,0,0,0,0,0,0,0,0,0
1477,Bruce Bowen,SAC,200604280SAC,"Apr 28, 2006",SAS,2,2,0,2,40.0,50.0,-10.0,1,2,1,0,0,0,0,0,0,0,0,0,0,0,0,0,0,0,0,0,0,0,0,0
1719,Bonzi Wells,SAC,200604280SAC,"Apr 28, 2006",SAS,19,21,2,22,42.22,43.42,-1.2,20,18,1,0,1,1,0,0,0,0,0,0,0,0,0,0,0,0,0,0,0,0,0,0
1903,Kenny Thomas,SAS,200604280SAC,"Apr 28, 2006",SAC,4,1,4,3,66.67,72.46,-5.79,1,2,0,0,2,2,0,0,0,0,0,0,0,0,0,0,0,0,0,0,0,0,0,0
1710,Mike Bibby,SAC,200604280SAC,"Apr 28, 2006",SAS,25,17,9,21,52.08,59.64,-7.56,11,8,5,6,3,6,0,0,1,3,0,0,0,0,0,0,0,0,0,0,0,0,1,2
1802,Brad Miller,SAC,200604280SAC,"Apr 28, 2006",SAS,12,10,4,12,50.0,51.02,-1.02,10,8,0,0,2,4,0,0,0,0,0,0,0,0,0,0,0,0,0,0,0,0,0,0
1737,Nazr Mohammed,SAS,200604280SAC,"Apr 28, 2006",SAC,2,2,0,2,50.0,50.0,0.0,2,2,0,0,0,0,0,0,0,0,0,0,0,0,0,0,0,0,0,0,0,0,0,0
1725,Rasho Nesterovic,SAS,200604280SAC,"Apr 28, 2006",SAC,5,4,0,4,55.56,62.5,-6.94,3,2,1,3,0,0,0,0,0,0,0,0,0,0,0,0,0,0,0,0,0,0,0,0
714,Michael Finley,SAS,200604280SAC,"Apr 28, 2006",SAC,17,8,3,10,65.38,91.2,-25.82,1,2,7,12,0,0,0,0,0,0,0,0,1,1,0,0,0,0,0,0,0,0,1,2
949,Shareef Abdur-Rahim,SAC,200604280SAC,"Apr 28, 2006",SAS,2,4,0,4,25.0,25.0,0.0,4,2,0,0,0,0,0,0,0,0,0,0,0,0,0,0,0,0,0,0,0,0,0,0
2755,Kevin Martin,SAC,200604280SAC,"Apr 28, 2006",SAS,10,7,4,9,50.0,57.08,-7.08,5,6,2,0,2,4,0,0,0,0,0,0,0,0,0,0,0,0,0,0,0,0,0,0
109,Robert Horry,SAS,200604280SAC,"Apr 28, 2006",SAC,3,1,4,3,42.86,54.35,-11.49,0,0,1,0,1,1,0,0,0,0,0,0,0,0,0,0,0,0,0,0,0,0,1,2
89,Nick Van Exel,SAS,200604280SAC,"Apr 28, 2006",SAC,0,3,0,3,0.0,0.0,0.0,2,0,1,0,0,0,0,0,0,0,0,0,0,0,0,0,0,0,0,0,0,0,0,0
699,Brent Barry,SAS,200604280SAC,"Apr 28, 2006",SAC,9,6,1,7,56.25,69.88,-13.63,3,6,3,3,0,0,0,0,0,0,0,0,1,0,0,0,0,0,0,0,0,0,0,0
101128,Francisco Garcia,SAC,200604280SAC,"Apr 28, 2006",SAS,0,2,0,2,0.0,0.0,0.0,0,0,2,0,0,0,0,0,0,0,0,0,0,0,0,0,0,0,0,0,0,0,0,0
2757,Beno Udrih,SAS,200604280SAC,"Apr 28, 2006",SAC,6,8,0,8,31.58,37.5,-5.92,5,6,3,0,0,0,0,0,0,0,0,0,0,0,0,0,0,0,0,0,0,0,0,0
2575,Luke Walton,LAL,200604280LAL,"Apr 28, 2006",PHX,17,19,1,19,41.46,43.72,-2.26,16,14,2,0,0,0,0,0,1,3,0,0,0,0,0,0,0,0,0,0,0,0,0,0
1501,Tim Thomas,PHX,200604280LAL,"Apr 28, 2006",LAL,18,10,4,12,58.06,76.53,-18.47,3,2,7,12,0,0,0,0,0,0,0,0,0,0,1,2,0,0,0,0,0,0,1,2
1885,Lamar Odom,LAL,200604280LAL,"Apr 28, 2006",PHX,15,14,8,18,35.71,42.81,-7.1,8,8,6,3,1,1,0,0,0,0,0,0,0,0,0,0,0,0,0,0,0,0,3,3
977,Kobe Bryant,LAL,200604280LAL,"Apr 28, 2006",PHX,17,18,6,23,37.78,41.18,-3.4,15,12,3,0,0,0,0,0,0,0,0,0,4,3,0,0,0,0,0,0,0,0,1,2
2564,Boris Diaw,PHX,200604280LAL,"Apr 28, 2006",LAL,14,11,3,12,56.0,56.82,-0.82,10,10,0,0,1,1,0,0,1,3,0,0,0,0,0,0,0,0,0,0,0,0,0,0
1890,Shawn Marion,PHX,200604280LAL,"Apr 28, 2006",LAL,20,19,5,21,44.44,47.17,-2.73,16,14,2,0,2,3,0,0,1,3,0,0,0,0,0,0,0,0,0,0,0,0,0,0
2198,Kwame Brown,LAL,200604280LAL,"Apr 28, 2006",PHX,13,8,4,9,65.0,66.6,-1.6,6,6,0,0,1,2,0,0,2,5,0,0,0,0,0,0,0,0,0,0,0,0,0,0
2470,Smush Parker,LAL,200604280LAL,"Apr 28, 2006",PHX,18,16,0,16,50.0,56.25,-6.25,12,18,4,0,0,0,0,0,0,0,0,0,0,0,0,0,0,0,0,0,0,0,0,0
959,Steve Nash,PHX,200604280LAL,"Apr 28, 2006",LAL,17,16,1,17,43.59,51.7,-8.11,10,8,6,9,0,0,0,0,0,0,0,0,1,0,0,0,0,0,0,0,0,0,0,0
1952,Raja Bell,PHX,200604280LAL,"Apr 28, 2006",LAL,10,9,2,10,40.0,50.61,-10.61,4,2,5,6,0,0,0,0,0,0,0,0,0,0,0,0,0,0,0,0,0,0,1,2
2571,Leandro Barbosa,PHX,200604280LAL,"Apr 28, 2006",LAL,9,7,2,8,47.37,57.11,-9.74,4,4,3,3,1,2,0,0,0,0,0,0,0,0,0,0,0,0,0,0,0,0,0,0
2567,Brian Cook,LAL,200604280LAL,"Apr 28, 2006",PHX,9,11,2,12,36.0,37.88,-1.88,10,4,1,3,0,0,0,0,0,0,0,0,0,0,0,0,0,0,0,0,0,0,1,2
1904,Devean George,LAL,200604280LAL,"Apr 28, 2006",PHX,4,4,2,5,30.77,40.98,-10.21,1,0,3,3,0,0,0,0,0,0,0,0,0,0,0,0,0,0,0,0,0,0,1,1
2067,Eddie House,PHX,200604280LAL,"Apr 28, 2006",LAL,2,3,0,3,33.33,33.33,0.0,3,2,0,0,0,0,0,0,0,0,0,0,0,0,0,0,0,0,0,0,0,0,0,0
2592,James Jones,PHX,200604280LAL,"Apr 28, 2006",LAL,2,3,0,3,33.33,33.33,0.0,3,2,0,0,0,0,0,0,0,0,0,0,0,0,0,0,0,0,0,0,0,0,0,0
2756,Sasha Vujacic,LAL,200604280LAL,"Apr 28, 2006",PHX,6,4,0,4,60.0,75.0,-15.0,2,0,2,6,0,0,0,0,0,0,0,0,0,0,0,0,0,0,0,0,0,0,0,0
2260,Jarron Collins,IND,200604290IND,"Apr 29, 2006",NJN,6,4,5,6,46.15,48.39,-2.24,3,0,0,0,1,2,0,0,1,3,0,0,0,0,0,0,0,0,0,0,0,0,1,1
979,Jermaine O'Neal,IND,200604290IND,"Apr 29, 2006",NJN,22,15,9,19,56.41,58.02,-1.61,14,14,0,0,1,2,0,0,1,2,0,0,0,0,1,2,0,0,0,0,0,0,2,2
467,Jason Kidd,NJN,200604290IND,"Apr 29, 2006",IND,10,14,2,15,29.41,33.6,-4.19,10,8,4,0,1,2,0,0,0,0,0,0,0,0,0,0,0,0,0,0,0,0,0,0
2420,Nenad Krstic,NJN,200604290IND,"Apr 29, 2006",IND,21,16,2,17,61.76,62.2,-0.44,16,20,0,0,1,1,0,0,0,0,0,0,0,0,0,0,0,0,0,0,0,0,0,0
1536,Stephen Jackson,IND,200604290IND,"Apr 29, 2006",NJN,13,14,5,16,35.14,40.12,-4.98,9,4,4,3,2,3,0,0,1,3,0,0,0,0,0,0,0,0,0,0,0,0,0,0
1902,Jeff Foster,IND,200604290IND,"Apr 29, 2006",NJN,0,2,0,2,0.0,0.0,0.0,2,0,0,0,0,0,0,0,0,0,0,0,0,0,0,0,0,0,0,0,0,0,0,0
2210,Richard Jefferson,NJN,200604290IND,"Apr 29, 2006",IND,22,17,4,19,52.38,58.64,-6.26,12,14,4,3,1,1,0,0,1,3,0,0,1,1,0,0,0,0,0,0,0,0,0,0
1533,Anthony Johnson,IND,200604290IND,"Apr 29, 2006",NJN,12,9,2,10,52.17,60.73,-8.56,6,8,3,3,0,0,0,0,0,0,0,0,0,0,0,0,0,0,0,0,0,0,1,1
1506,Austin Croshere,IND,200604290IND,"Apr 29, 2006",NJN,15,7,4,10,62.5,85.62,-23.12,1,0,6,12,1,2,0,0,0,0,0,0,2,1,0,0,0,0,0,0,0,0,0,0
1713,Vince Carter,IND,200604290IND,"Apr 29, 2006",NJN,28,15,12,20,63.64,69.03,-5.39,11,12,2,3,4,6,0,0,2,6,0,0,0,0,0,0,0,0,0,0,0,0,1,1
2410,Fred Jones,IND,200604290IND,"Apr 29, 2006",NJN,3,3,0,3,37.5,50.0,-12.5,1,0,2,3,0,0,0,0,0,0,0,0,0,0,0,0,0,0,0,0,0,0,0,0
1513,Scot Pollard,IND,200604290IND,"Apr 29, 2006",NJN,0,1,0,1,0.0,0.0,0.0,1,0,0,0,0,0,0,0,0,0,0,0,0,0,0,0,0,0,0,0,0,0,0,0
361,Clifford Robinson,NJN,200604290IND,"Apr 29, 2006",IND,5,5,0,5,41.67,50.0,-8.33,3,2,2,3,0,0,0,0,0,0,0,0,0,0,0,0,0,0,0,0,0,0,0,0
2758,David Harrison,IND,200604290IND,"Apr 29, 2006",NJN,10,3,10,8,62.5,67.57,-5.07,3,4,0,0,3,4,0,0,0,0,0,0,0,0,0,0,0,0,0,0,0,0,2,2
1521,Jacque Vaughn,NJN,200604290IND,"Apr 29, 2006",IND,2,4,0,4,25.0,25.0,0.0,4,2,0,0,0,0,0,0,0,0,0,0,0,0,0,0,0,0,0,0,0,0,0,0
101122,Danny Granger,IND,200604290IND,"Apr 29, 2006",NJN,10,5,2,6,71.43,85.03,-13.6,3,2,2,6,0,0,0,0,0,0,0,0,0,0,0,0,0,0,0,0,0,0,1,2
101180,Sarunas Jasikevicius,IND,200604290IND,"Apr 29, 2006",NJN,3,4,0,4,25.0,37.5,-12.5,0,0,4,3,0,0,0,0,0,0,0,0,0,0,0,0,0,0,0,0,0,0,0,0
441,Lamond Murray,NJN,200604290IND,"Apr 29, 2006",IND,3,1,0,1,100.0,150.0,-50.0,0,0,1,3,0,0,0,0,0,0,0,0,0,0,0,0,0,0,0,0,0,0,0,0
2200,Pau Gasol,MEM,200604290MEM,"Apr 29, 2006",DAL,16,17,6,20,40.0,40.73,-0.73,17,12,0,0,2,3,0,0,0,0,0,0,0,0,1,1,0,0,0,0,0,0,0,0
1088,Chucky Atkins,DAL,200604290MEM,"Apr 29, 2006",MEM,20,16,2,17,51.28,59.24,-7.96,11,10,5,9,1,1,0,0,0,0,0,0,0,0,0,0,0,0,0,0,0,0,0,0
2572,Josh Howard,DAL,200604290MEM,"Apr 29, 2006",MEM,16,13,4,15,48.48,54.2,-5.72,10,10,3,3,2,3,0,0,0,0,0,0,0,0,0,0,0,0,0,0,0,0,0,0
1559,Adrian Griffin,DAL,200604290MEM,"Apr 29, 2006",MEM,4,4,0,4,50.0,50.0,0.0,4,4,0,0,0,0,0,0,0,0,0,0,0,0,0,0,0,0,0,0,0,0,0,0
1717,Dirk Nowitzki,DAL,200604290MEM,"Apr 29, 2006",MEM,36,25,9,29,52.17,62.15,-9.98,14,14,10,12,3,6,0,0,1,3,0,0,0,0,0,0,0,0,0,0,0,0,1,1
2054,Jake Tsakalidis,MEM,200604290MEM,"Apr 29, 2006",DAL,0,1,0,1,0.0,0.0,0.0,1,0,0,0,0,0,0,0,0,0,0,0,0,0,0,0,0,0,0,0,0,0,0,0
1891,Jason Terry,DAL,200604290MEM,"Apr 29, 2006",MEM,22,22,5,24,40.74,45.45,-4.71,16,16,5,0,1,1,0,0,1,3,0,0,0,0,0,0,0,0,0,0,0,0,1,2
224,Eddie Jones,MEM,200604290MEM,"Apr 29, 2006",DAL,14,11,7,14,45.16,49.72,-4.56,9,8,2,0,0,0,1,3,0,0,0,0,0,0,0,0,0,0,0,0,0,0,2,3
711,Jerry Stackhouse,DAL,200604290MEM,"Apr 29, 2006",MEM,10,12,2,13,35.71,38.82,-3.11,10,8,2,0,0,0,0,0,0,0,0,0,0,0,0,0,0,0,0,0,0,0,1,2
953,Lorenzen Wright,MEM,200604290MEM,"Apr 29, 2006",DAL,10,6,4,8,62.5,64.43,-1.93,6,6,0,0,2,4,0,0,0,0,0,0,0,0,0,0,0,0,0,0,0,0,0,0
2203,Shane Battier,MEM,200604290MEM,"Apr 29, 2006",DAL,10,8,3,9,45.45,53.65,-8.2,4,4,3,3,1,1,0,0,1,2,0,0,0,0,0,0,0,0,0,0,0,0,0,0
2605,Marquis Daniels,DAL,200604290MEM,"Apr 29, 2006",MEM,0,2,0,2,0.0,0.0,0.0,2,0,0,0,0,0,0,0,0,0,0,0,0,0,0,0,0,0,0,0,0,0,0,0
2734,Devin Harris,DAL,200604290MEM,"Apr 29, 2006",MEM,4,4,2,5,40.0,40.98,-0.98,4,2,0,0,1,2,0,0,0,0,0,0,0,0,0,0,0,0,0,0,0,0,0,0
956,Erick Dampier,DAL,200604290MEM,"Apr 29, 2006",MEM,2,3,0,3,33.33,33.33,0.0,3,2,0,0,0,0,0,0,0,0,0,0,0,0,0,0,0,0,0,0,0,0,0,0
2034,Mike Miller,MEM,200604290MEM,"Apr 29, 2006",DAL,6,7,0,7,37.5,42.86,-5.36,5,6,2,0,0,0,0,0,0,0,0,0,0,0,0,0,0,0,0,0,0,0,0,0
1517,Bobby Jackson,MEM,200604290MEM,"Apr 29, 2006",DAL,2,3,0,3,28.57,33.33,-4.76,2,2,1,0,0,0,0,0,0,0,0,0,0,0,0,0,0,0,0,0,0,0,0,0
101124,Hakim Warrick,MEM,200604290MEM,"Apr 29, 2006",DAL,11,7,8,11,50.0,52.28,-2.28,7,4,0,0,2,3,0,0,0,0,0,0,0,0,0,0,0,0,0,0,0,0,2,4
2250,Bobby Simmons,MIL,200604290MIL,"Apr 29, 2006",DET,10,11,0,11,38.46,45.45,-6.99,7,4,4,6,0,0,0,0,0,0,0,0,0,0,0,0,0,0,0,0,0,0,0,0
2048,Jamaal Magloire,DET,200604290MIL,"Apr 29, 2006",MIL,12,8,4,9,60.0,61.48,-1.48,6,6,0,0,1,2,0,0,2,4,0,0,0,0,0,0,0,0,0,0,0,0,0,0
1497,Chauncey Billups,DET,200604290MIL,"Apr 29, 2006",MIL,26,16,11,22,52.0,62.38,-10.38,9,10,7,6,3,5,0,0,0,0,0,0,1,1,0,0,0,0,0,0,0,0,2,4
1112,Ben Wallace,DET,200604290MIL,"Apr 29, 2006",MIL,1,1,4,3,16.67,18.12,-1.45,1,0,0,0,2,1,0,0,0,0,0,0,0,0,0,0,0,0,0,0,0,0,0,0
739,Rasheed Wallace,DET,200604290MIL,"Apr 29, 2006",MIL,18,11,6,14,52.94,65.98,-13.04,5,8,6,9,2,0,0,0,0,0,0,0,0,0,0,0,0,0,0,0,0,0,1,1
101106,Andrew Bogut,MIL,200604290MIL,"Apr 29, 2006",DET,8,9,0,9,44.44,44.44,0.0,9,8,0,0,0,0,0,0,0,0,0,0,0,0,0,0,0,0,0,0,0,0,0,0
2551,T.J. Ford,MIL,200604290MIL,"Apr 29, 2006",DET,7,5,3,6,53.85,55.38,-1.53,4,2,0,0,1,2,0,0,1,3,0,0,0,0,0,0,0,0,0,0,0,0,0,0
1888,Richard Hamilton,DET,200604290MIL,"Apr 29, 2006",MIL,10,14,0,14,31.25,35.71,-4.46,10,4,4,6,0,0,0,0,0,0,0,0,0,0,0,0,0,0,0,0,0,0,0,0
2072,Michael Redd,MIL,200604290MIL,"Apr 29, 2006",DET,40,21,8,25,72.73,81.57,-8.84,15,18,5,12,1,2,0,0,1,3,0,0,2,3,1,2,0,0,0,0,0,0,0,0
2419,Tayshaun Prince,DET,200604290MIL,"Apr 29, 2006",MIL,6,7,2,8,33.33,38.07,-4.74,5,4,2,0,1,2,0,0,0,0,0,0,0,0,0,0,0,0,0,0,0,0,0,0
686,Antonio McDyess,DET,200604290MIL,"Apr 29, 2006",MIL,13,5,6,8,81.25,85.08,-3.83,5,8,0,0,1,2,0,0,0,0,0,0,0,0,0,0,0,0,0,0,0,0,2,3
2230,Maurice Evans,DET,200604290MIL,"Apr 29, 2006",MIL,10,5,2,6,76.92,85.03,-8.11,4,6,1,3,1,1,0,0,0,0,0,0,0,0,0,0,0,0,0,0,0,0,0,0
693,Joe Smith,MIL,200604290MIL,"Apr 29, 2006",DET,13,5,5,7,86.67,90.28,-3.61,4,6,0,0,1,2,0,0,1,3,0,0,0,0,0,0,0,0,0,0,0,0,1,2
2294,Charlie Bell,MIL,200604290MIL,"Apr 29, 2006",DET,2,3,0,3,28.57,33.33,-4.76,2,2,1,0,0,0,0,0,0,0,0,0,0,0,0,0,0,0,0,0,0,0,0,0
283,Lindsey Hunter,DET,200604290MIL,"Apr 29, 2006",MIL,14,8,4,10,53.85,71.72,-17.87,2,4,6,6,0,0,0,0,0,0,0,0,0,0,0,0,0,0,0,0,0,0,2,4
389,Toni Kukoc,MIL,200604290MIL,"Apr 29, 2006",DET,10,4,2,5,71.43,102.46,-31.03,0,0,4,9,0,0,0,0,0,0,0,0,0,0,0,0,0,0,0,0,0,0,1,1
960,Tony Delk,DET,200604290MIL,"Apr 29, 2006",MIL,6,3,2,4,60.0,77.32,-17.32,1,2,2,3,1,1,0,0,0,0,0,0,0,0,0,0,0,0,0,0,0,0,0,0
2590,Mo Williams,MIL,200604290MIL,"Apr 29, 2006",DET,20,10,0,10,86.96,100.0,-13.04,7,14,3,6,0,0,0,0,0,0,0,0,0,0,0,0,0,0,0,0,0,0,0,0
911,Ervin Johnson,MIL,200604290MIL,"Apr 29, 2006",DET,0,1,0,1,0.0,0.0,0.0,1,0,0,0,0,0,0,0,0,0,0,0,0,0,0,0,0,0,0,0,0,0,0,0
2412,Jiri Welsch,MIL,200604290MIL,"Apr 29, 2006",DET,2,1,0,1,100.0,100.0,0.0,1,2,0,0,0,0,0,0,0,0,0,0,0,0,0,0,0,0,0,0,0,0,0,0
2546,Carmelo Anthony,DEN,200604290DEN,"Apr 29, 2006",LAC,17,17,8,20,38.64,41.42,-2.78,13,6,2,0,2,3,0,0,2,6,0,0,0,0,0,0,0,0,0,0,0,0,1,2
1882,Elton Brand,LAC,200604290DEN,"Apr 29, 2006",DEN,11,14,1,14,37.93,38.09,-0.16,13,8,0,0,0,0,0,0,1,3,0,0,0,0,0,0,0,0,0,0,0,0,0,0
948,Marcus Camby,DEN,200604290DEN,"Apr 29, 2006",LAC,14,14,0,14,50.0,50.0,0.0,14,14,0,0,0,0,0,0,0,0,0,0,0,0,0,0,0,0,0,0,0,0,0,0
1749,Cuttino Mobley,LAC,200604290DEN,"Apr 29, 2006",DEN,11,11,6,14,36.67,40.32,-3.65,9,6,2,0,0,0,0,0,0,0,0,0,0,0,0,0,0,0,0,0,0,0,3,5
1761,Greg Buckner,DEN,200604290DEN,"Apr 29, 2006",LAC,11,13,0,13,33.33,42.31,-8.98,6,8,7,3,0,0,0,0,0,0,0,0,0,0,0,0,0,0,0,0,0,0,0,0
2624,Quinton Ross,LAC,200604290DEN,"Apr 29, 2006",DEN,6,5,0,5,60.0,60.0,0.0,5,6,0,0,0,0,0,0,0,0,0,0,0,0,0,0,0,0,0,0,0,0,0,0
208,Sam Cassell,DEN,200604290DEN,"Apr 29, 2006",LAC,11,11,3,13,42.31,44.64,-2.33,9,4,1,3,0,0,0,0,1,3,0,0,2,1,0,0,0,0,0,0,0,0,0,0
2209,Vladimir Radmanovic,LAC,200604290DEN,"Apr 29, 2006",DEN,14,7,0,7,73.68,100.0,-26.32,2,2,5,12,0,0,0,0,0,0,0,0,0,0,0,0,0,0,0,0,0,0,0,0
1889,Andre Miller,DEN,200604290DEN,"Apr 29, 2006",LAC,14,13,0,13,53.85,53.85,0.0,13,14,0,0,0,0,0,0,0,0,0,0,0,0,0,0,0,0,0,0,0,0,0,0
2549,Chris Kaman,LAC,200604290DEN,"Apr 29, 2006",DEN,12,9,0,9,66.67,66.67,0.0,9,12,0,0,0,0,0,0,0,0,0,0,0,0,0,0,0,0,0,0,0,0,0,0
2059,Eduardo Najera,DEN,200604290DEN,"Apr 29, 2006",LAC,1,1,2,2,25.0,26.6,-1.6,1,0,0,0,1,1,0,0,0,0,0,0,0,0,0,0,0,0,0,0,0,0,0,0
1863,Earl Boykins,DEN,200604290DEN,"Apr 29, 2006",LAC,11,11,0,11,37.93,50.0,-12.07,4,2,7,9,0,0,0,0,0,0,0,0,0,0,0,0,0,0,0,0,0,0,0,0
2501,Reggie Evans,DEN,200604290DEN,"Apr 29, 2006",LAC,1,2,2,3,14.29,17.36,-3.07,1,0,1,0,0,0,0,0,0,0,0,0,0,0,1,1,0,0,0,0,0,0,0,0
1894,Corey Maggette,LAC,200604290DEN,"Apr 29, 2006",DEN,19,9,12,16,61.29,66.53,-5.24,7,6,1,0,1,1,0,0,1,3,0,0,3,3,0,0,0,0,0,0,0,0,3,6
2733,Shaun Livingston,LAC,200604290DEN,"Apr 29, 2006",DEN,16,10,2,11,72.73,73.53,-0.8,10,14,0,0,1,2,0,0,0,0,0,0,0,0,0,0,0,0,0,0,0,0,0,0
1739,Ruben Patterson,DEN,200604290DEN,"Apr 29, 2006",LAC,6,4,0,4,75.0,75.0,0.0,4,6,0,0,0,0,0,0,0,0,0,0,0,0,0,0,0,0,0,0,0,0,0,0
1922,Francisco Elson,DEN,200604290DEN,"Apr 29, 2006",LAC,4,2,0,2,100.0,100.0,0.0,2,4,0,0,0,0,0,0,0,0,0,0,0,0,0,0,0,0,0,0,0,0,0,0
2035,DerMarr Johnson,DEN,200604290DEN,"Apr 29, 2006",LAC,5,5,0,5,35.71,50.0,-14.29,1,2,4,3,0,0,0,0,0,0,0,0,0,0,0,0,0,0,0,0,0,0,0,0
101132,Linas Kleiza,DEN,200604290DEN,"Apr 29, 2006",LAC,2,3,0,3,28.57,33.33,-4.76,2,2,1,0,0,0,0,0,0,0,0,0,0,0,0,0,0,0,0,0,0,0,0,0
2552,Michael Sweetney,CHI,200604300CHI,"Apr 30, 2006",MIA,9,6,5,8,52.94,54.88,-1.94,5,2,0,0,1,2,0,0,1,3,0,0,0,0,0,0,0,0,0,0,0,0,1,2
406,Shaquille O'Neal,MIA,200604300CHI,"Apr 30, 2006",CHI,16,13,1,13,59.26,59.52,-0.26,12,14,0,0,0,0,0,0,1,2,0,0,0,0,0,0,0,0,0,0,0,0,0,0
2124,Malik Allen,CHI,200604300CHI,"Apr 30, 2006",MIA,4,5,0,5,40.0,40.0,0.0,5,4,0,0,0,0,0,0,0,0,0,0,0,0,0,0,0,0,0,0,0,0,0,0
2550,Kirk Hinrich,MIA,200604300CHI,"Apr 30, 2006",CHI,21,15,8,19,50.0,56.7,-6.7,11,12,4,3,2,3,0,0,0,0,0,0,0,0,0,0,0,0,0,0,0,0,2,3
1715,Jason Williams,MIA,200604300CHI,"Apr 30, 2006",CHI,2,9,0,9,9.09,11.11,-2.02,5,2,4,0,0,0,0,0,0,0,0,0,0,0,0,0,0,0,0,0,0,0,0,0
952,Antoine Walker,MIA,200604300CHI,"Apr 30, 2006",CHI,21,19,0,19,42.0,55.26,-13.26,7,6,12,15,0,0,0,0,0,0,0,0,0,0,0,0,0,0,0,0,0,0,0,0
2732,Ben Gordon,CHI,200604300CHI,"Apr 30, 2006",MIA,23,15,4,17,53.49,68.62,-15.13,6,8,9,12,0,0,0,0,0,0,0,0,0,0,0,0,0,0,0,0,0,0,2,3
2617,Udonis Haslem,MIA,200604300CHI,"Apr 30, 2006",CHI,12,10,0,10,60.0,60.0,0.0,10,12,0,0,0,0,0,0,0,0,0,0,0,0,0,0,0,0,0,0,0,0,0,0
2548,Dwyane Wade,MIA,200604300CHI,"Apr 30, 2006",CHI,20,23,4,25,39.22,40.39,-1.17,22,16,1,0,2,4,0,0,0,0,0,0,0,0,0,0,0,0,0,0,0,0,0,0
2804,Andres Nocioni,CHI,200604300CHI,"Apr 30, 2006",MIA,24,17,8,21,53.33,58.48,-5.15,14,14,3,3,3,5,0,0,0,0,0,0,0,0,0,0,0,0,0,0,0,0,1,2
2199,Tyson Chandler,CHI,200604300CHI,"Apr 30, 2006",MIA,1,0,4,2,25.0,28.41,-3.41,0,0,0,0,1,0,0,0,0,0,0,0,0,0,0,0,0,0,0,0,0,0,1,1
2736,Luol Deng,CHI,200604300CHI,"Apr 30, 2006",MIA,4,6,0,6,33.33,33.33,0.0,6,4,0,0,0,0,0,0,0,0,0,0,0,0,0,0,0,0,0,0,0,0,0,0
56,Gary Payton,MIA,200604300CHI,"Apr 30, 2006",CHI,6,5,0,5,40.0,60.0,-20.0,0,0,5,6,0,0,0,0,0,0,0,0,0,0,0,0,0,0,0,0,0,0,0,0
1000,Shandon Anderson,MIA,200604300CHI,"Apr 30, 2006",CHI,0,2,0,2,0.0,0.0,0.0,2,0,0,0,0,0,0,0,0,0,0,0,0,0,0,0,0,0,0,0,0,0,0,0
297,Alonzo Mourning,MIA,200604300CHI,"Apr 30, 2006",CHI,2,2,0,2,50.0,50.0,0.0,2,2,0,0,0,0,0,0,0,0,0,0,0,0,0,0,0,0,0,0,0,0,0,0
2768,Chris Duhon,CHI,200604300CHI,"Apr 30, 2006",MIA,7,4,2,5,63.64,71.72,-8.08,3,2,1,3,0,0,0,0,0,0,0,0,0,0,0,0,0,0,0,0,0,0,1,2
1507,Derek Anderson,MIA,200604300CHI,"Apr 30, 2006",CHI,6,4,0,4,50.0,75.0,-25.0,0,0,4,6,0,0,0,0,0,0,0,0,0,0,0,0,0,0,0,0,0,0,0,0
1720,Michael Doleac,MIA,200604300CHI,"Apr 30, 2006",CHI,2,2,0,2,50.0,50.0,0.0,2,2,0,0,0,0,0,0,0,0,0,0,0,0,0,0,0,0,0,0,0,0,0,0
977,Kobe Bryant,LAL,200604300LAL,"Apr 30, 2006",PHX,24,14,8,18,64.86,68.49,-3.63,13,18,1,0,2,4,0,0,0,0,0,0,0,0,0,0,0,0,0,0,0,0,2,2
1952,Raja Bell,PHX,200604300LAL,"Apr 30, 2006",LAL,7,7,0,7,41.18,50.0,-8.82,4,4,3,3,0,0,0,0,0,0,0,0,0,0,0,0,0,0,0,0,0,0,0,0
2198,Kwame Brown,LAL,200604300LAL,"Apr 30, 2006",PHX,12,12,6,15,40.0,40.98,-0.98,12,8,0,0,3,4,0,0,0,0,0,0,0,0,0,0,0,0,0,0,0,0,0,0
1885,Lamar Odom,LAL,200604300LAL,"Apr 30, 2006",PHX,25,16,14,21,50.0,56.41,-6.41,8,6,4,0,4,5,0,0,4,12,0,0,0,0,0,0,0,0,0,0,0,0,1,2
2564,Boris Diaw,PHX,200604300LAL,"Apr 30, 2006",LAL,21,16,4,18,58.33,59.12,-0.79,16,18,0,0,1,2,0,0,0,0,0,0,0,0,0,0,0,0,0,0,0,0,1,1
2575,Luke Walton,LAL,200604300LAL,"Apr 30, 2006",PHX,6,5,0,5,60.0,60.0,0.0,5,6,0,0,0,0,0,0,0,0,0,0,0,0,0,0,0,0,0,0,0,0,0,0
959,Steve Nash,PHX,200604300LAL,"Apr 30, 2006",LAL,22,22,2,23,40.74,48.08,-7.34,14,12,8,9,1,1,0,0,0,0,0,0,0,0,0,0,0,0,0,0,0,0,0,0
2592,James Jones,PHX,200604300LAL,"Apr 30, 2006",LAL,8,10,1,10,33.33,38.31,-4.98,6,2,3,3,0,0,0,0,1,3,0,0,0,0,0,0,0,0,0,0,0,0,0,0
1890,Shawn Marion,PHX,200604300LAL,"Apr 30, 2006",LAL,20,13,6,16,60.61,63.94,-3.33,12,14,1,0,2,4,0,0,0,0,0,0,0,0,0,0,0,0,0,0,0,0,1,2
2571,Leandro Barbosa,PHX,200604300LAL,"Apr 30, 2006",LAL,6,7,2,8,35.29,38.07,-2.78,6,4,1,0,1,2,0,0,0,0,0,0,0,0,0,0,0,0,0,0,0,0,0,0
1501,Tim Thomas,PHX,200604300LAL,"Apr 30, 2006",LAL,12,10,0,10,52.17,60.0,-7.83,7,6,3,6,0,0,0,0,0,0,0,0,0,0,0,0,0,0,0,0,0,0,0,0
2470,Smush Parker,LAL,200604300LAL,"Apr 30, 2006",PHX,5,12,0,12,17.24,20.83,-3.59,7,2,5,3,0,0,0,0,0,0,0,0,0,0,0,0,0,0,0,0,0,0,0,0
2756,Sasha Vujacic,LAL,200604300LAL,"Apr 30, 2006",PHX,9,3,3,5,75.0,104.17,-29.17,0,0,3,6,1,2,0,0,0,0,0,0,1,1,0,0,0,0,0,0,0,0,0,0
2067,Eddie House,PHX,200604300LAL,"Apr 30, 2006",LAL,2,4,0,4,22.22,25.0,-2.78,3,2,1,0,0,0,0,0,0,0,0,0,0,0,0,0,0,0,0,0,0,0,0,0
1904,Devean George,LAL,200604300LAL,"Apr 30, 2006",PHX,11,7,0,7,57.89,78.57,-20.68,2,2,5,9,0,0,0,0,0,0,0,0,0,0,0,0,0,0,0,0,0,0,0,0
2567,Brian Cook,LAL,200604300LAL,"Apr 30, 2006",PHX,7,8,0,8,36.84,43.75,-6.91,5,4,3,3,0,0,0,0,0,0,0,0,0,0,0,0,0,0,0,0,0,0,0,0
980,Zydrunas Ilgauskas,CLE,200604300WAS,"Apr 30, 2006",WAS,13,7,6,10,65.0,67.43,-2.43,7,10,0,0,3,3,0,0,0,0,0,0,0,0,0,0,0,0,0,0,0,0,0,0
2240,Gilbert Arenas,WAS,200604300WAS,"Apr 30, 2006",CLE,34,20,17,28,53.12,61.86,-8.74,12,6,7,12,5,7,0,0,1,3,0,0,0,0,0,0,0,0,0,0,0,0,3,6
2217,Brendan Haywood,WAS,200604300WAS,"Apr 30, 2006",CLE,7,5,2,6,58.33,59.52,-1.19,5,6,0,0,1,1,0,0,0,0,0,0,0,0,0,0,0,0,0,0,0,0,0,0
727,Eric Snow,CLE,200604300WAS,"Apr 30, 2006",WAS,4,5,4,7,28.57,29.59,-1.02,5,0,0,0,0,0,0,0,0,0,0,0,0,0,0,0,0,0,0,0,0,0,2,4
2407,Jared Jeffries,CLE,200604300WAS,"Apr 30, 2006",WAS,9,9,8,13,32.14,35.94,-3.8,7,4,2,0,3,3,0,0,0,0,0,0,0,0,0,0,0,0,0,0,0,0,1,2
2544,LeBron James,CLE,200604300WAS,"Apr 30, 2006",WAS,38,23,7,26,58.46,72.85,-14.39,10,10,12,21,3,5,0,0,1,2,0,0,0,0,0,0,0,0,0,0,0,0,0,0
1712,Antawn Jamison,WAS,200604300WAS,"Apr 30, 2006",CLE,22,18,4,20,47.83,55.67,-7.84,12,12,6,6,2,4,0,0,0,0,0,0,0,0,0,0,0,0,0,0,0,0,0,0
1716,Larry Hughes,CLE,200604300WAS,"Apr 30, 2006",WAS,7,7,1,8,38.89,47.04,-8.15,4,6,3,0,1,1,0,0,0,0,0,0,0,0,0,0,0,0,0,0,0,0,0,0
2400,Drew Gooden,CLE,200604300WAS,"Apr 30, 2006",WAS,6,3,2,4,75.0,77.32,-2.32,3,4,0,0,1,2,0,0,0,0,0,0,0,0,0,0,0,0,0,0,0,0,0,0
2406,Caron Butler,CLE,200604300WAS,"Apr 30, 2006",WAS,21,18,5,21,48.84,51.98,-3.14,16,14,2,3,1,1,0,0,0,0,0,0,1,1,0,0,0,0,0,0,0,0,1,2
923,Donyell Marshall,CLE,200604300WAS,"Apr 30, 2006",WAS,3,6,0,6,20.0,25.0,-5.0,3,0,3,3,0,0,0,0,0,0,0,0,0,0,0,0,0,0,0,0,0,0,0,0
2760,Anderson Varejao,CLE,200604300WAS,"Apr 30, 2006",WAS,6,3,0,3,100.0,100.0,0.0,3,6,0,0,0,0,0,0,0,0,0,0,0,0,0,0,0,0,0,0,0,0,0,0
murraro01,R. Murray,CLE,200604300WAS,"Apr 30, 2006",WAS,19,13,5,15,55.88,62.5,-6.62,9,10,3,3,2,3,0,0,1,3,0,0,0,0,0,0,0,0,0,0,0,0,0,0
1498,Antonio Daniels,WAS,200604300WAS,"Apr 30, 2006",CLE,13,8,4,10,56.52,66.6,-10.08,5,6,3,3,1,2,0,0,0,0,0,0,0,0,0,0,0,0,0,0,0,0,1,2
1800,Damon Jones,CLE,200604300WAS,"Apr 30, 2006",WAS,0,1,0,1,0.0,0.0,0.0,0,0,1,0,0,0,0,0,0,0,0,0,0,0,0,0,0,0,0,0,0,0,0,0
1897,Metta World Peace,SAC,200604300SAC,"Apr 30, 2006",SAS,14,13,0,13,45.16,53.85,-8.69,8,8,5,6,0,0,0,0,0,0,0,0,0,0,0,0,0,0,0,0,0,0,0,0
1495,Tim Duncan,SAS,200604300SAC,"Apr 30, 2006",SAC,17,11,6,13,60.71,62.32,-1.61,9,10,0,0,2,2,0,0,2,5,0,0,0,0,0,0,0,0,0,0,0,0,0,0
1719,Bonzi Wells,SAC,200604300SAC,"Apr 30, 2006",SAS,25,11,11,16,73.53,78.91,-5.38,9,14,1,3,3,4,0,0,1,3,0,0,0,0,0,0,0,0,0,0,0,0,2,1
1710,Mike Bibby,SAC,200604300SAC,"Apr 30, 2006",SAS,16,17,2,18,38.1,44.74,-6.64,11,8,6,6,0,0,0,0,0,0,0,0,0,0,0,0,0,0,0,0,0,0,1,2
1938,Manu Ginobili,SAS,200604300SAC,"Apr 30, 2006",SAC,3,4,1,5,27.27,33.78,-6.51,2,2,2,0,0,0,0,0,0,0,0,0,1,1,0,0,0,0,0,0,0,0,0,0
2755,Kevin Martin,SAC,200604300SAC,"Apr 30, 2006",SAS,14,9,7,12,48.28,57.95,-9.67,4,2,4,3,2,4,0,0,1,3,0,0,0,0,0,0,0,0,0,0,0,0,1,2
1725,Rasho Nesterovic,SAC,200604300SAC,"Apr 30, 2006",SAS,6,4,0,4,75.0,75.0,0.0,4,6,0,0,0,0,0,0,0,0,0,0,0,0,0,0,0,0,0,0,0,0,0,0
1477,Bruce Bowen,SAS,200604300SAC,"Apr 30, 2006",SAC,5,6,0,6,33.33,41.67,-8.34,3,2,3,3,0,0,0,0,0,0,0,0,0,0,0,0,0,0,0,0,0,0,0,0
1802,Brad Miller,SAC,200604300SAC,"Apr 30, 2006",SAS,19,11,3,12,73.08,77.11,-4.03,9,14,1,0,0,0,0,0,1,3,0,0,0,0,0,0,0,0,0,0,0,0,1,2
2225,Tony Parker,SAS,200604300SAC,"Apr 30, 2006",SAC,22,20,2,21,51.16,52.68,-1.52,19,20,1,0,1,2,0,0,0,0,0,0,0,0,0,0,0,0,0,0,0,0,0,0
1903,Kenny Thomas,SAC,200604300SAC,"Apr 30, 2006",SAS,4,4,0,4,50.0,50.0,0.0,4,4,0,0,0,0,0,0,0,0,0,0,0,0,0,0,0,0,0,0,0,0,0,0
714,Michael Finley,SAS,200604300SAC,"Apr 30, 2006",SAC,3,7,3,9,15.0,18.03,-3.03,4,2,3,0,1,0,0,0,0,0,0,0,1,1,0,0,0,0,0,0,0,0,0,0
1737,Nazr Mohammed,SAS,200604300SAC,"Apr 30, 2006",SAC,8,3,8,7,57.14,61.35,-4.21,3,2,0,0,4,6,0,0,0,0,0,0,0,0,0,0,0,0,0,0,0,0,0,0
109,Robert Horry,SAS,200604300SAC,"Apr 30, 2006",SAC,4,2,0,2,100.0,100.0,0.0,2,4,0,0,0,0,0,0,0,0,0,0,0,0,0,0,0,0,0,0,0,0,0,0
949,Shareef Abdur-Rahim,SAC,200604300SAC,"Apr 30, 2006",SAS,6,6,4,8,35.29,38.66,-3.37,5,4,1,0,2,2,0,0,0,0,0,0,0,0,0,0,0,0,0,0,0,0,0,0
2757,Beno Udrih,SAS,200604300SAC,"Apr 30, 2006",SAC,8,10,1,10,34.78,38.31,-3.53,7,2,2,3,0,0,0,0,1,3,0,0,0,0,0,0,0,0,0,0,0,0,0,0
699,Brent Barry,SAS,200604300SAC,"Apr 30, 2006",SAC,8,3,6,6,57.14,70.92,-13.78,1,2,2,3,2,1,0,0,0,0,0,0,0,0,0,0,0,0,0,0,0,0,1,2
101177,Fabricio Oberto,SAS,200604300SAC,"Apr 30, 2006",SAC,0,1,0,1,0.0,0.0,0.0,1,0,0,0,0,0,0,0,0,0,0,0,0,0,0,0,0,0,0,0,0,0,0,0
101128,Francisco Garcia,SAC,200604300SAC,"Apr 30, 2006",SAS,2,2,0,2,50.0,50.0,0.0,2,2,0,0,0,0,0,0,0,0,0,0,0,0,0,0,0,0,0,0,0,0,0,0
958,Vitaly Potapenko,SAC,200604300SAC,"Apr 30, 2006",SAS,0,1,0,1,0.0,0.0,0.0,1,0,0,0,0,0,0,0,0,0,0,0,0,0,0,0,0,0,0,0,0,0,0,0
101179,Ronnie Price,SAC,200604300SAC,"Apr 30, 2006",SAS,0,1,0,1,0.0,0.0,0.0,1,0,0,0,0,0,0,0,0,0,0,0,0,0,0,0,0,0,0,0,0,0,0,0
722,Corliss Williamson,SAC,200604300SAC,"Apr 30, 2006",SAS,2,1,0,1,100.0,100.0,0.0,1,2,0,0,0,0,0,0,0,0,0,0,0,0,0,0,0,0,0,0,0,0,0,0
1891,Jason Terry,DAL,200605010MEM,"May 1, 2006",MEM,12,11,4,13,42.86,47.02,-4.16,9,8,2,0,2,4,0,0,0,0,0,0,0,0,0,0,0,0,0,0,0,0,0,0
2203,Shane Battier,MEM,200605010MEM,"May 1, 2006",DAL,5,5,3,6,33.33,39.56,-6.23,2,2,2,0,1,1,0,0,1,2,0,0,0,0,0,0,0,0,0,0,0,0,0,0
2200,Pau Gasol,MEM,200605010MEM,"May 1, 2006",DAL,25,19,8,23,54.35,55.51,-1.16,19,18,0,0,2,3,0,0,0,0,0,0,0,0,0,0,0,0,0,0,0,0,2,4
1559,Adrian Griffin,MEM,200605010MEM,"May 1, 2006",DAL,6,6,0,6,50.0,50.0,0.0,6,6,0,0,0,0,0,0,0,0,0,0,0,0,0,0,0,0,0,0,0,0,0,0
1717,Dirk Nowitzki,DAL,200605010MEM,"May 1, 2006",MEM,27,21,0,21,60.0,64.29,-4.29,18,18,3,9,0,0,0,0,0,0,0,0,0,0,0,0,0,0,0,0,0,0,0,0
2572,Josh Howard,DAL,200605010MEM,"May 1, 2006",MEM,24,17,3,18,58.54,65.5,-6.96,13,12,4,9,0,0,1,3,0,0,0,0,0,0,0,0,0,0,0,0,0,0,0,0
2034,Mike Miller,MEM,200605010MEM,"May 1, 2006",DAL,10,11,2,12,38.46,42.09,-3.63,9,8,2,0,1,2,0,0,0,0,0,0,0,0,0,0,0,0,0,0,0,0,0,0
1088,Chucky Atkins,MEM,200605010MEM,"May 1, 2006",DAL,8,8,2,9,42.11,45.05,-2.94,7,6,1,0,0,0,0,0,0,0,0,0,0,0,0,0,0,0,0,0,0,0,1,2
101124,Hakim Warrick,DAL,200605010MEM,"May 1, 2006",MEM,4,6,2,7,26.67,29.07,-2.4,5,2,1,0,1,2,0,0,0,0,0,0,0,0,0,0,0,0,0,0,0,0,0,0
953,Lorenzen Wright,MEM,200605010MEM,"May 1, 2006",DAL,4,5,0,5,40.0,40.0,0.0,5,4,0,0,0,0,0,0,0,0,0,0,0,0,0,0,0,0,0,0,0,0,0,0
2205,DeSagana Diop,DAL,200605010MEM,"May 1, 2006",MEM,0,1,0,1,0.0,0.0,0.0,1,0,0,0,0,0,0,0,0,0,0,0,0,0,0,0,0,0,0,0,0,0,0,0
711,Jerry Stackhouse,DAL,200605010MEM,"May 1, 2006",MEM,19,12,6,15,57.58,64.89,-7.31,9,10,3,3,1,2,0,0,0,0,0,0,0,0,0,0,0,0,0,0,0,0,2,4
2734,Devin Harris,DAL,200605010MEM,"May 1, 2006",MEM,6,3,0,3,100.0,100.0,0.0,3,6,0,0,0,0,0,0,0,0,0,0,0,0,0,0,0,0,0,0,0,0,0,0
956,Erick Dampier,DAL,200605010MEM,"May 1, 2006",MEM,4,5,2,6,33.33,34.01,-0.68,5,2,0,0,1,2,0,0,0,0,0,0,0,0,0,0,0,0,0,0,0,0,0,0
2694,Josh Powell,DAL,200605010MEM,"May 1, 2006",MEM,0,1,0,1,0.0,0.0,0.0,1,0,0,0,0,0,0,0,0,0,0,0,0,0,0,0,0,0,0,0,0,0,0,0
1517,Bobby Jackson,MEM,200605010MEM,"May 1, 2006",DAL,8,7,3,8,44.44,48.08,-3.64,5,4,1,0,1,1,0,0,1,3,0,0,0,0,0,0,0,0,0,0,0,0,0,0
2563,Dahntay Jones,MEM,200605010MEM,"May 1, 2006",DAL,7,4,6,7,50.0,52.71,-2.71,4,4,0,0,3,3,0,0,0,0,0,0,0,0,0,0,0,0,0,0,0,0,0,0
2054,Jake Tsakalidis,MEM,200605010MEM,"May 1, 2006",DAL,2,1,0,1,100.0,100.0,0.0,1,2,0,0,0,0,0,0,0,0,0,0,0,0,0,0,0,0,0,0,0,0,0,0
2766,Antonio Burks,MEM,200605010MEM,"May 1, 2006",DAL,3,1,2,2,75.0,79.79,-4.79,1,2,0,0,0,0,0,0,0,0,0,0,0,0,0,0,0,0,0,0,0,0,1,1
353,Darrell Armstrong,DAL,200605010MEM,"May 1, 2006",MEM,2,1,2,2,50.0,53.19,-3.19,1,0,0,0,1,2,0,0,0,0,0,0,0,0,0,0,0,0,0,0,0,0,0,0
mbengdj01,D. Ilunga-Mbenga,DAL,200605010MEM,"May 1, 2006",MEM,2,1,0,1,100.0,100.0,0.0,1,2,0,0,0,0,0,0,0,0,0,0,0,0,0,0,0,0,0,0,0,0,0,0
739,Rasheed Wallace,DET,200605010MIL,"May 1, 2006",MIL,12,14,2,15,37.5,40.32,-2.82,12,8,2,3,1,1,0,0,0,0,0,0,0,0,0,0,0,0,0,0,0,0,0,0
1497,Chauncey Billups,DET,200605010MIL,"May 1, 2006",MIL,34,18,16,26,57.63,67.89,-10.26,11,12,7,6,4,8,0,0,0,0,0,0,0,0,0,0,0,0,0,0,0,0,4,8
2250,Bobby Simmons,DET,200605010MIL,"May 1, 2006",MIL,3,5,0,5,27.27,30.0,-2.73,4,0,1,3,0,0,0,0,0,0,0,0,0,0,0,0,0,0,0,0,0,0,0,0
1112,Ben Wallace,DET,200605010MIL,"May 1, 2006",MIL,1,2,4,4,12.5,13.3,-0.8,2,0,0,0,2,1,0,0,0,0,0,0,0,0,0,0,0,0,0,0,0,0,0,0
2048,Jamaal Magloire,MIL,200605010MIL,"May 1, 2006",DET,6,4,0,4,75.0,75.0,0.0,4,6,0,0,0,0,0,0,0,0,0,0,0,0,0,0,0,0,0,0,0,0,0,0
2072,Michael Redd,MIL,200605010MIL,"May 1, 2006",DET,33,17,15,25,61.11,69.92,-8.81,11,16,5,3,4,7,0,0,1,2,0,0,2,2,0,0,0,0,0,0,0,0,2,3
2419,Tayshaun Prince,DET,200605010MIL,"May 1, 2006",MIL,18,11,5,13,60.0,68.18,-8.18,7,10,3,3,2,2,0,0,1,3,0,0,0,0,0,0,0,0,0,0,0,0,0,0
101106,Andrew Bogut,MIL,200605010MIL,"May 1, 2006",DET,7,5,6,8,43.75,45.81,-2.06,5,6,0,0,1,1,0,0,0,0,0,0,0,0,0,0,0,0,0,0,0,0,2,0
2294,Charlie Bell,MIL,200605010MIL,"May 1, 2006",DET,12,7,4,9,66.67,68.49,-1.82,7,8,0,0,2,4,0,0,0,0,0,0,0,0,0,0,0,0,0,0,0,0,0,0
2551,T.J. Ford,MIL,200605010MIL,"May 1, 2006",DET,21,14,3,15,63.64,68.54,-4.9,11,14,2,3,1,1,0,0,1,3,0,0,0,0,0,0,0,0,0,0,0,0,0,0
686,Antonio McDyess,DET,200605010MIL,"May 1, 2006",MIL,11,8,4,10,55.0,56.35,-1.35,8,10,0,0,1,1,0,0,0,0,0,0,0,0,0,0,0,0,0,0,0,0,1,0
693,Joe Smith,MIL,200605010MIL,"May 1, 2006",DET,8,6,0,6,66.67,66.67,0.0,6,8,0,0,0,0,0,0,0,0,0,0,0,0,0,0,0,0,0,0,0,0,0,0
1888,Richard Hamilton,DET,200605010MIL,"May 1, 2006",MIL,18,14,10,19,45.0,48.91,-3.91,12,6,2,3,2,3,0,0,0,0,0,0,0,0,0,0,0,0,0,0,0,0,3,6
2590,Mo Williams,MIL,200605010MIL,"May 1, 2006",DET,4,7,0,7,26.67,28.57,-1.9,6,4,1,0,0,0,0,0,0,0,0,0,0,0,0,0,0,0,0,0,0,0,0,0
389,Toni Kukoc,MIL,200605010MIL,"May 1, 2006",DET,5,4,0,4,55.56,62.5,-6.94,3,2,1,3,0,0,0,0,0,0,0,0,0,0,0,0,0,0,0,0,0,0,0,0
283,Lindsey Hunter,DET,200605010MIL,"May 1, 2006",MIL,7,4,0,4,77.78,87.5,-9.72,3,4,1,3,0,0,0,0,0,0,0,0,0,0,0,0,0,0,0,0,0,0,0,0
960,Tony Delk,DET,200605010MIL,"May 1, 2006",MIL,5,2,0,2,100.0,125.0,-25.0,1,2,1,3,0,0,0,0,0,0,0,0,0,0,0,0,0,0,0,0,0,0,0,0
2230,Maurice Evans,DET,200605010MIL,"May 1, 2006",MIL,3,1,0,1,100.0,150.0,-50.0,0,0,1,3,0,0,0,0,0,0,0,0,0,0,0,0,0,0,0,0,0,0,0,0
1889,Andre Miller,LAC,200605010LAC,"May 1, 2006",DEN,15,18,2,19,39.47,39.72,-0.25,18,14,0,0,1,1,0,0,0,0,0,0,0,0,0,0,0,0,0,0,0,0,0,0
2624,Quinton Ross,LAC,200605010LAC,"May 1, 2006",DEN,5,2,4,4,62.5,66.49,-3.99,2,2,0,0,2,3,0,0,0,0,0,0,0,0,0,0,0,0,0,0,0,0,0,0
208,Sam Cassell,LAC,200605010LAC,"May 1, 2006",DEN,10,10,2,11,41.67,45.96,-4.29,8,8,2,0,1,2,0,0,0,0,0,0,0,0,0,0,0,0,0,0,0,0,0,0
1749,Cuttino Mobley,LAC,200605010LAC,"May 1, 2006",DEN,23,15,6,18,57.5,65.19,-7.69,11,14,4,3,1,2,0,0,0,0,0,0,0,0,0,0,0,0,0,0,0,0,2,4
2546,Carmelo Anthony,DEN,200605010LAC,"May 1, 2006",LAC,23,24,8,28,40.35,41.79,-1.44,23,16,1,0,4,7,0,0,0,0,0,0,0,0,0,0,0,0,0,0,0,0,0,0
1882,Elton Brand,LAC,200605010LAC,"May 1, 2006",DEN,21,17,4,19,55.26,55.97,-0.71,17,18,0,0,2,3,0,0,0,0,0,0,0,0,0,0,0,0,0,0,0,0,0,0
2549,Chris Kaman,LAC,200605010LAC,"May 1, 2006",DEN,10,6,0,6,83.33,83.33,0.0,6,10,0,0,0,0,0,0,0,0,0,0,0,0,0,0,0,0,0,0,0,0,0,0
2059,Eduardo Najera,LAC,200605010LAC,"May 1, 2006",DEN,0,6,0,6,0.0,0.0,0.0,6,0,0,0,0,0,0,0,0,0,0,0,0,0,0,0,0,0,0,0,0,0,0,0
948,Marcus Camby,DEN,200605010LAC,"May 1, 2006",LAC,6,10,0,10,30.0,30.0,0.0,10,6,0,0,0,0,0,0,0,0,0,0,0,0,0,0,0,0,0,0,0,0,0,0
1761,Greg Buckner,DEN,200605010LAC,"May 1, 2006",LAC,20,13,0,13,64.52,76.92,-12.4,8,8,5,12,0,0,0,0,0,0,0,0,0,0,0,0,0,0,0,0,0,0,0,0
1922,Francisco Elson,DEN,200605010LAC,"May 1, 2006",LAC,2,2,0,2,50.0,50.0,0.0,2,2,0,0,0,0,0,0,0,0,0,0,0,0,0,0,0,0,0,0,0,0,0,0
1863,Earl Boykins,DEN,200605010LAC,"May 1, 2006",LAC,11,10,5,12,39.29,45.08,-5.79,6,6,3,0,0,0,0,0,1,2,0,0,0,0,0,0,0,0,0,0,0,0,2,3
2733,Shaun Livingston,LAC,200605010LAC,"May 1, 2006",DEN,8,3,4,5,80.0,84.03,-4.03,3,4,0,0,2,4,0,0,0,0,0,0,0,0,0,0,0,0,0,0,0,0,0,0
2209,Vladimir Radmanovic,LAC,200605010LAC,"May 1, 2006",DEN,1,4,2,5,7.69,10.25,-2.56,1,0,3,0,0,0,0,0,0,0,0,0,0,0,1,1,0,0,0,0,0,0,0,0
2035,DerMarr Johnson,DEN,200605010LAC,"May 1, 2006",LAC,0,3,0,3,0.0,0.0,0.0,0,0,3,0,0,0,0,0,0,0,0,0,0,0,0,0,0,0,0,0,0,0,0,0
1894,Corey Maggette,LAC,200605010LAC,"May 1, 2006",DEN,23,17,5,20,54.76,59.9,-5.14,14,12,3,6,1,2,0,0,0,0,0,0,1,1,1,2,0,0,0,0,0,0,0,0
2501,Reggie Evans,DEN,200605010LAC,"May 1, 2006",LAC,2,1,0,1,100.0,100.0,0.0,1,2,0,0,0,0,0,0,0,0,0,0,0,0,0,0,0,0,0,0,0,0,0,0
101132,Linas Kleiza,DEN,200605010LAC,"May 1, 2006",LAC,4,5,0,5,40.0,40.0,0.0,5,4,0,0,0,0,0,0,0,0,0,0,0,0,0,0,0,0,0,0,0,0,0,0
979,Jermaine O'Neal,IND,200605020NJN,"May 2, 2006",NJN,19,18,8,22,42.22,44.14,-1.92,17,16,1,0,4,3,0,0,0,0,0,0,0,0,0,0,0,0,0,0,0,0,0,0
1713,Vince Carter,NJN,200605020NJN,"May 2, 2006",IND,34,24,7,27,57.63,62.78,-5.15,19,22,4,3,2,4,0,0,1,3,0,0,0,0,0,0,0,0,0,0,0,0,1,2
1506,Austin Croshere,IND,200605020NJN,"May 2, 2006",NJN,11,8,2,9,44.0,61.94,-17.94,1,0,7,9,1,2,0,0,0,0,0,0,0,0,0,0,0,0,0,0,0,0,0,0
2215,Jason Collins,NJN,200605020NJN,"May 2, 2006",IND,2,2,0,2,50.0,50.0,0.0,2,2,0,0,0,0,0,0,0,0,0,0,0,0,0,0,0,0,0,0,0,0,0,0
1533,Anthony Johnson,IND,200605020NJN,"May 2, 2006",NJN,14,15,4,17,36.84,41.77,-4.93,11,8,4,3,1,2,0,0,0,0,0,0,0,0,0,0,0,0,0,0,0,0,1,1
467,Jason Kidd,NJN,200605020NJN,"May 2, 2006",IND,5,6,2,7,31.25,36.34,-5.09,4,4,2,0,0,0,0,0,0,0,0,0,0,0,0,0,0,0,0,0,0,0,1,1
101122,Danny Granger,IND,200605020NJN,"May 2, 2006",NJN,9,8,0,8,47.37,56.25,-8.88,5,6,3,3,0,0,0,0,0,0,0,0,0,0,0,0,0,0,0,0,0,0,0,0
2420,Nenad Krstic,NJN,200605020NJN,"May 2, 2006",IND,19,14,6,17,55.88,57.09,-1.21,14,14,0,0,1,2,0,0,0,0,0,0,0,0,0,0,0,0,0,0,0,0,2,3
2210,Richard Jefferson,NJN,200605020NJN,"May 2, 2006",IND,24,19,5,21,52.17,56.6,-4.43,15,16,3,3,2,2,0,0,1,3,0,0,0,0,0,0,0,0,0,0,0,0,0,0
1536,Stephen Jackson,IND,200605020NJN,"May 2, 2006",NJN,13,16,0,16,33.33,40.62,-7.29,9,10,7,3,0,0,0,0,0,0,0,0,0,0,0,0,0,0,0,0,0,0,0,0
2410,Fred Jones,IND,200605020NJN,"May 2, 2006",NJN,14,9,3,10,60.87,67.83,-6.96,6,6,2,3,0,0,0,0,1,3,0,0,0,0,0,0,0,0,0,0,0,0,1,2
361,Clifford Robinson,NJN,200605020NJN,"May 2, 2006",IND,3,6,0,6,20.0,25.0,-5.0,3,0,3,3,0,0,0,0,0,0,0,0,0,0,0,0,0,0,0,0,0,0,0,0
1521,Jacque Vaughn,NJN,200605020NJN,"May 2, 2006",IND,2,2,0,2,40.0,50.0,-10.0,1,2,1,0,0,0,0,0,0,0,0,0,0,0,0,0,0,0,0,0,0,0,0,0
2758,David Harrison,IND,200605020NJN,"May 2, 2006",NJN,0,2,0,2,0.0,0.0,0.0,2,0,0,0,0,0,0,0,0,0,0,0,0,0,0,0,0,0,0,0,0,0,0,0
441,Lamond Murray,NJN,200605020NJN,"May 2, 2006",IND,3,5,0,5,23.08,30.0,-6.92,2,0,3,3,0,0,0,0,0,0,0,0,0,0,0,0,0,0,0,0,0,0,0,0
101180,Sarunas Jasikevicius,IND,200605020NJN,"May 2, 2006",NJN,6,5,0,5,54.55,60.0,-5.45,4,6,1,0,0,0,0,0,0,0,0,0,0,0,0,0,0,0,0,0,0,0,0,0
2552,Michael Sweetney,CHI,200605020MIA,"May 2, 2006",MIA,16,9,6,12,66.67,68.73,-2.06,9,10,0,0,1,2,0,0,0,0,0,0,0,0,0,0,0,0,0,0,0,0,2,4
2548,Dwyane Wade,MIA,200605020MIA,"May 2, 2006",CHI,28,18,10,23,59.57,62.5,-2.93,17,16,1,3,4,7,0,0,0,0,0,0,0,0,0,0,0,0,0,0,0,0,1,2
952,Antoine Walker,MIA,200605020MIA,"May 2, 2006",CHI,17,16,13,22,32.08,39.13,-7.05,7,6,8,3,5,5,0,0,1,2,0,0,0,0,0,0,0,0,0,0,0,0,1,1
2124,Malik Allen,CHI,200605020MIA,"May 2, 2006",MIA,6,8,0,8,37.5,37.5,0.0,8,6,0,0,0,0,0,0,0,0,0,0,0,0,0,0,0,0,0,0,0,0,0,0
2732,Ben Gordon,CHI,200605020MIA,"May 2, 2006",MIA,10,16,3,17,23.81,28.87,-5.06,8,2,7,3,1,2,0,0,1,3,0,0,0,0,0,0,0,0,0,0,0,0,0,0
406,Shaquille O'Neal,MIA,200605020MIA,"May 2, 2006",CHI,16,9,12,15,53.33,56.02,-2.69,9,14,0,0,5,2,0,0,0,0,0,0,0,0,0,0,0,0,0,0,0,0,1,0
2617,Udonis Haslem,MIA,200605020MIA,"May 2, 2006",CHI,2,3,0,3,33.33,33.33,0.0,3,2,0,0,0,0,0,0,0,0,0,0,0,0,0,0,0,0,0,0,0,0,0,0
2804,Andres Nocioni,CHI,200605020MIA,"May 2, 2006",MIA,23,11,11,16,63.89,72.6,-8.71,7,6,3,6,4,6,0,0,1,3,0,0,0,0,0,0,0,0,0,0,0,0,1,2
2550,Kirk Hinrich,CHI,200605020MIA,"May 2, 2006",MIA,9,13,4,15,26.47,30.49,-4.02,9,6,4,0,2,3,0,0,0,0,0,0,0,0,0,0,0,0,0,0,0,0,0,0
2768,Chris Duhon,CHI,200605020MIA,"May 2, 2006",MIA,2,3,0,3,28.57,33.33,-4.76,2,2,1,0,0,0,0,0,0,0,0,0,0,0,0,0,0,0,0,0,0,0,0,0
1715,Jason Williams,MIA,200605020MIA,"May 2, 2006",CHI,4,5,2,6,26.67,34.01,-7.34,2,2,3,0,1,2,0,0,0,0,0,0,0,0,0,0,0,0,0,0,0,0,0,0
2736,Luol Deng,CHI,200605020MIA,"May 2, 2006",MIA,4,8,2,9,22.22,22.52,-0.3,8,4,0,0,1,0,0,0,0,0,0,0,0,0,0,0,0,0,0,0,0,0,0,0
1899,James Posey,MIA,200605020MIA,"May 2, 2006",CHI,12,11,1,11,40.0,52.45,-12.45,3,4,7,6,0,0,0,0,1,2,0,0,0,0,0,0,0,0,0,0,0,0,0,0
56,Gary Payton,MIA,200605020MIA,"May 2, 2006",CHI,9,7,3,9,45.0,54.09,-9.09,4,6,3,0,0,0,0,0,0,0,0,0,1,1,0,0,0,0,0,0,0,0,1,2
970,Othella Harrington,CHI,200605020MIA,"May 2, 2006",MIA,0,1,0,1,0.0,0.0,0.0,1,0,0,0,0,0,0,0,0,0,0,0,0,0,0,0,0,0,0,0,0,0,0,0
297,Alonzo Mourning,MIA,200605020MIA,"May 2, 2006",CHI,4,2,0,2,100.0,100.0,0.0,2,4,0,0,0,0,0,0,0,0,0,0,0,0,0,0,0,0,0,0,0,0,0,0
101195,Luke Schenscher,CHI,200605020MIA,"May 2, 2006",MIA,5,1,4,3,83.33,90.58,-7.25,1,2,0,0,2,3,0,0,0,0,0,0,0,0,0,0,0,0,0,0,0,0,0,0
1507,Derek Anderson,MIA,200605020MIA,"May 2, 2006",CHI,0,2,0,2,0.0,0.0,0.0,1,0,1,0,0,0,0,0,0,0,0,0,0,0,0,0,0,0,0,0,0,0,0,0
2457,Jannero Pargo,CHI,200605020MIA,"May 2, 2006",MIA,3,2,0,2,60.0,75.0,-15.0,1,0,1,3,0,0,0,0,0,0,0,0,0,0,0,0,0,0,0,0,0,0,0,0
1897,Metta World Peace,SAC,200605020SAS,"May 2, 2006",SAS,24,21,4,23,44.44,52.72,-8.28,13,8,8,12,1,2,0,0,0,0,0,0,0,0,0,0,0,0,0,0,0,0,1,2
1938,Manu Ginobili,SAS,200605020SAS,"May 2, 2006",SAC,27,14,8,18,71.05,77.05,-6.0,12,16,2,3,1,2,0,0,0,0,0,0,0,0,0,0,0,0,0,0,0,0,3,6
2225,Tony Parker,SAS,200605020SAS,"May 2, 2006",SAC,21,14,6,17,58.33,63.1,-4.77,12,14,2,3,3,4,0,0,0,0,0,0,0,0,0,0,0,0,0,0,0,0,0,0
1903,Kenny Thomas,SAC,200605020SAS,"May 2, 2006",SAS,2,3,0,3,33.33,33.33,0.0,3,2,0,0,0,0,0,0,0,0,0,0,0,0,0,0,0,0,0,0,0,0,0,0
109,Robert Horry,SAC,200605020SAS,"May 2, 2006",SAS,2,3,0,3,28.57,33.33,-4.76,2,2,1,0,0,0,0,0,0,0,0,0,0,0,0,0,0,0,0,0,0,0,0,0
1802,Brad Miller,SAC,200605020SAS,"May 2, 2006",SAS,10,9,3,10,41.67,48.45,-6.78,5,6,3,0,1,1,0,0,1,3,0,0,0,0,0,0,0,0,0,0,0,0,0,0
1710,Mike Bibby,SAC,200605020SAS,"May 2, 2006",SAS,8,12,0,12,27.59,33.33,-5.74,7,2,5,6,0,0,0,0,0,0,0,0,0,0,0,0,0,0,0,0,0,0,0,0
1495,Tim Duncan,SAS,200605020SAS,"May 2, 2006",SAC,24,12,7,15,77.42,79.58,-2.16,11,16,0,0,3,5,0,0,1,3,0,0,0,0,0,0,0,0,0,0,0,0,0,0
1719,Bonzi Wells,SAC,200605020SAS,"May 2, 2006",SAS,38,20,12,26,69.09,75.16,-6.07,17,20,3,9,6,9,0,0,0,0,0,0,0,0,0,0,0,0,0,0,0,0,0,0
1477,Bruce Bowen,SAS,200605020SAS,"May 2, 2006",SAC,16,9,0,9,72.73,88.89,-16.16,5,10,4,6,0,0,0,0,0,0,0,0,0,0,0,0,0,0,0,0,0,0,0,0
2755,Kevin Martin,SAC,200605020SAS,"May 2, 2006",SAS,11,7,4,9,52.38,62.79,-10.41,4,4,3,3,2,4,0,0,0,0,0,0,0,0,0,0,0,0,0,0,0,0,0,0
714,Michael Finley,SAS,200605020SAS,"May 2, 2006",SAC,10,9,2,10,40.0,50.61,-10.61,4,2,5,6,0,0,0,0,0,0,0,0,0,0,0,0,0,0,0,0,0,0,1,2
699,Brent Barry,SAS,200605020SAS,"May 2, 2006",SAC,7,4,2,5,58.33,71.72,-13.39,2,2,2,3,1,2,0,0,0,0,0,0,0,0,0,0,0,0,0,0,0,0,0,0
1725,Rasho Nesterovic,SAS,200605020SAS,"May 2, 2006",SAC,0,1,0,1,0.0,0.0,0.0,1,0,0,0,0,0,0,0,0,0,0,0,0,0,0,0,0,0,0,0,0,0,0,0
949,Shareef Abdur-Rahim,SAC,200605020SAS,"May 2, 2006",SAS,5,3,2,4,62.5,64.43,-1.93,3,4,0,0,1,1,0,0,0,0,0,0,0,0,0,0,0,0,0,0,0,0,0,0
89,Nick Van Exel,SAS,200605020SAS,"May 2, 2006",SAC,2,2,2,3,33.33,34.72,-1.39,2,0,0,0,1,2,0,0,0,0,0,0,0,0,0,0,0,0,0,0,0,0,0,0
2078,Jason Hart,SAC,200605020SAS,"May 2, 2006",SAS,0,2,0,2,0.0,0.0,0.0,2,0,0,0,0,0,0,0,0,0,0,0,0,0,0,0,0,0,0,0,0,0,0,0
2592,James Jones,PHX,200605020PHO,"May 2, 2006",LAL,9,10,0,10,39.13,45.0,-5.87,7,6,3,3,0,0,0,0,0,0,0,0,0,0,0,0,0,0,0,0,0,0,0,0
2470,Smush Parker,LAL,200605020PHO,"May 2, 2006",PHX,5,7,2,8,26.32,31.73,-5.41,4,0,3,3,1,2,0,0,0,0,0,0,0,0,0,0,0,0,0,0,0,0,0,0
2564,Boris Diaw,PHX,200605020PHO,"May 2, 2006",LAL,25,12,11,18,71.43,74.23,-2.8,12,14,0,0,4,8,0,0,0,0,0,0,2,3,0,0,0,0,0,0,0,0,0,0
959,Steve Nash,PHX,200605020PHO,"May 2, 2006",LAL,22,13,6,17,64.71,70.33,-5.62,11,14,2,3,2,3,0,0,0,0,0,0,2,2,0,0,0,0,0,0,0,0,0,0
2198,Kwame Brown,LAL,200605020PHO,"May 2, 2006",PHX,14,6,4,8,87.5,90.21,-2.71,6,12,0,0,2,2,0,0,0,0,0,0,0,0,0,0,0,0,0,0,0,0,0,0
1952,Raja Bell,LAL,200605020PHO,"May 2, 2006",PHX,11,9,1,9,45.83,58.26,-12.43,3,2,5,6,0,0,0,0,1,3,0,0,0,0,0,0,0,0,0,0,0,0,0,0
1885,Lamar Odom,LAL,200605020PHO,"May 2, 2006",PHX,18,14,5,16,51.43,55.56,-4.13,11,12,2,0,2,3,0,0,1,3,0,0,0,0,0,0,0,0,0,0,0,0,0,0
977,Kobe Bryant,LAL,200605020PHO,"May 2, 2006",PHX,29,17,9,23,56.86,69.18,-12.32,8,12,8,9,1,2,0,0,1,3,0,0,3,2,1,0,0,0,0,0,0,0,1,1
2575,Luke Walton,LAL,200605020PHO,"May 2, 2006",PHX,9,11,0,11,37.5,40.91,-3.41,9,6,2,3,0,0,0,0,0,0,0,0,0,0,0,0,0,0,0,0,0,0,0,0
1890,Shawn Marion,PHX,200605020PHO,"May 2, 2006",LAL,21,22,1,22,42.0,46.79,-4.79,16,12,5,6,0,0,0,0,1,3,0,0,0,0,0,0,0,0,0,0,0,0,0,0
1501,Tim Thomas,PHX,200605020PHO,"May 2, 2006",LAL,13,8,4,9,56.52,66.6,-10.08,3,4,3,3,1,1,0,0,2,5,0,0,0,0,0,0,0,0,0,0,0,0,0,0
2571,Leandro Barbosa,PHX,200605020PHO,"May 2, 2006",LAL,11,9,2,10,45.83,55.67,-9.84,5,6,4,3,0,0,0,0,0,0,0,0,0,0,0,0,0,0,0,0,0,0,1,2
2067,Eddie House,PHX,200605020PHO,"May 2, 2006",LAL,0,1,0,1,0.0,0.0,0.0,1,0,0,0,0,0,0,0,0,0,0,0,0,0,0,0,0,0,0,0,0,0,0,0
2756,Sasha Vujacic,LAL,200605020PHO,"May 2, 2006",PHX,0,1,0,1,0.0,0.0,0.0,0,0,1,0,0,0,0,0,0,0,0,0,0,0,0,0,0,0,0,0,0,0,0,0
2567,Brian Cook,LAL,200605020PHO,"May 2, 2006",PHX,9,5,0,5,81.82,90.0,-8.18,4,6,1,3,0,0,0,0,0,0,0,0,0,0,0,0,0,0,0,0,0,0,0,0
1904,Devean George,LAL,200605020PHO,"May 2, 2006",PHX,5,6,0,6,33.33,41.67,-8.34,3,2,3,3,0,0,0,0,0,0,0,0,0,0,0,0,0,0,0,0,0,0,0,0
101142,Ronny Turiaf,LAL,200605020PHO,"May 2, 2006",PHX,8,2,4,3,100.0,106.38,-6.38,0,0,0,0,0,0,0,0,2,6,0,0,0,0,0,0,0,0,0,0,0,0,1,2
754,Jim Jackson,PHX,200605020PHO,"May 2, 2006",LAL,0,1,0,1,0.0,0.0,0.0,0,0,1,0,0,0,0,0,0,0,0,0,0,0,0,0,0,0,0,0,0,0,0,0
2469,Pat Burke,PHX,200605020PHO,"May 2, 2006",LAL,2,1,1,2,66.67,69.44,-2.77,1,2,0,0,1,0,0,0,0,0,0,0,0,0,0,0,0,0,0,0,0,0,0,0
2401,Nikoloz Tskitishvili,PHX,200605020PHO,"May 2, 2006",LAL,0,1,0,1,0.0,0.0,0.0,0,0,1,0,0,0,0,0,0,0,0,0,0,0,0,0,0,0,0,0,0,0,0,0
1888,Richard Hamilton,DET,200605030DET,"May 3, 2006",MIL,40,23,9,27,70.18,74.18,-4.0,20,24,2,6,2,4,0,0,1,3,0,0,0,0,0,0,0,0,0,0,0,0,2,3
101106,Andrew Bogut,MIL,200605030DET,"May 3, 2006",DET,10,9,0,9,55.56,55.56,0.0,9,10,0,0,0,0,0,0,0,0,0,0,0,0,0,0,0,0,0,0,0,0,0,0
2072,Michael Redd,MIL,200605030DET,"May 3, 2006",DET,23,13,13,19,57.5,61.43,-3.93,11,10,1,0,5,8,0,0,1,3,0,0,0,0,0,0,0,0,0,0,0,0,1,2
739,Rasheed Wallace,DET,200605030DET,"May 3, 2006",MIL,22,11,4,13,70.97,86.21,-15.24,6,8,5,12,2,2,0,0,0,0,0,0,0,0,0,0,0,0,0,0,0,0,0,0
2048,Jamaal Magloire,MIL,200605030DET,"May 3, 2006",DET,8,9,2,10,40.0,40.49,-0.49,9,6,0,0,1,2,0,0,0,0,0,0,0,0,0,0,0,0,0,0,0,0,0,0
2551,T.J. Ford,MIL,200605030DET,"May 3, 2006",DET,10,8,0,8,62.5,62.5,0.0,8,10,0,0,0,0,0,0,0,0,0,0,0,0,0,0,0,0,0,0,0,0,0,0
1112,Ben Wallace,DET,200605030DET,"May 3, 2006",MIL,2,3,2,4,25.0,25.77,-0.77,3,2,0,0,1,0,0,0,0,0,0,0,0,0,0,0,0,0,0,0,0,0,0,0
2250,Bobby Simmons,MIL,200605030DET,"May 3, 2006",DET,4,7,0,7,26.67,28.57,-1.9,6,4,1,0,0,0,0,0,0,0,0,0,0,0,0,0,0,0,0,0,0,0,0,0
2419,Tayshaun Prince,DET,200605030DET,"May 3, 2006",MIL,12,8,6,11,50.0,56.39,-6.39,6,4,2,3,3,5,0,0,0,0,0,0,0,0,0,0,0,0,0,0,0,0,0,0
1497,Chauncey Billups,DET,200605030DET,"May 3, 2006",MIL,17,5,8,9,80.95,99.77,-18.82,2,0,3,9,2,4,0,0,0,0,0,0,0,0,0,0,0,0,0,0,0,0,2,4
389,Toni Kukoc,MIL,200605030DET,"May 3, 2006",DET,7,6,0,6,46.67,58.33,-11.66,3,4,3,3,0,0,0,0,0,0,0,0,0,0,0,0,0,0,0,0,0,0,0,0
693,Joe Smith,MIL,200605030DET,"May 3, 2006",DET,2,5,0,5,20.0,20.0,0.0,5,2,0,0,0,0,0,0,0,0,0,0,0,0,0,0,0,0,0,0,0,0,0,0
2590,Mo Williams,MIL,200605030DET,"May 3, 2006",DET,4,8,0,8,19.05,25.0,-5.95,3,4,5,0,0,0,0,0,0,0,0,0,0,0,0,0,0,0,0,0,0,0,0,0
686,Antonio McDyess,DET,200605030DET,"May 3, 2006",MIL,11,8,2,9,61.11,61.94,-0.83,8,10,0,0,1,1,0,0,0,0,0,0,0,0,0,0,0,0,0,0,0,0,0,0
2230,Maurice Evans,DET,200605030DET,"May 3, 2006",MIL,6,2,4,4,75.0,79.79,-4.79,2,2,0,0,2,4,0,0,0,0,0,0,0,0,0,0,0,0,0,0,0,0,0,0
283,Lindsey Hunter,MIL,200605030DET,"May 3, 2006",DET,0,2,0,2,0.0,0.0,0.0,1,0,1,0,0,0,0,0,0,0,0,0,0,0,0,0,0,0,0,0,0,0,0,0
2294,Charlie Bell,MIL,200605030DET,"May 3, 2006",DET,8,8,2,9,44.44,45.05,-0.61,8,6,0,0,0,0,0,0,0,0,0,0,0,0,0,0,0,0,0,0,0,0,1,2
960,Tony Delk,DET,200605030DET,"May 3, 2006",MIL,8,7,2,8,42.11,50.76,-8.65,4,6,3,0,0,0,0,0,0,0,0,0,0,0,0,0,0,0,0,0,0,0,1,2
2429,Dan Gadzuric,DET,200605030DET,"May 3, 2006",MIL,13,7,2,7,81.25,82.49,-1.24,5,8,0,0,0,0,0,0,2,5,0,0,0,0,0,0,0,0,0,0,0,0,0,0
2412,Jiri Welsch,MIL,200605030DET,"May 3, 2006",DET,2,2,2,3,33.33,34.72,-1.39,2,0,0,0,1,2,0,0,0,0,0,0,0,0,0,0,0,0,0,0,0,0,0,0
905,Dale Davis,DET,200605030DET,"May 3, 2006",MIL,0,1,0,1,0.0,0.0,0.0,1,0,0,0,0,0,0,0,0,0,0,0,0,0,0,0,0,0,0,0,0,0,0,0
2568,Carlos Delfino,DET,200605030DET,"May 3, 2006",MIL,2,2,2,3,28.57,34.72,-6.15,1,0,1,0,1,2,0,0,0,0,0,0,0,0,0,0,0,0,0,0,0,0,0,0
911,Ervin Johnson,MIL,200605030DET,"May 3, 2006",DET,2,0,2,1,100.0,113.64,-13.64,0,0,0,0,0,0,0,0,0,0,0,0,0,0,0,0,0,0,0,0,0,0,1,2
1509,Kelvin Cato,DET,200605030DET,"May 3, 2006",MIL,2,2,0,2,50.0,50.0,0.0,2,2,0,0,0,0,0,0,0,0,0,0,0,0,0,0,0,0,0,0,0,0,0,0
727,Eric Snow,CLE,200605030CLE,"May 3, 2006",WAS,18,12,3,13,66.67,67.57,-0.9,11,14,0,0,1,1,0,0,1,3,0,0,0,0,0,0,0,0,0,0,0,0,0,0
2406,Caron Butler,WAS,200605030CLE,"May 3, 2006",CLE,20,16,6,18,52.63,53.65,-1.02,14,12,0,0,2,3,0,0,2,5,0,0,0,0,0,0,0,0,0,0,0,0,0,0
980,Zydrunas Ilgauskas,CLE,200605030CLE,"May 3, 2006",WAS,6,6,2,7,42.86,43.6,-0.74,6,6,0,0,1,0,0,0,0,0,0,0,0,0,0,0,0,0,0,0,0,0,0,0
1712,Antawn Jamison,WAS,200605030CLE,"May 3, 2006",CLE,32,24,6,27,52.46,60.06,-7.6,17,20,7,9,3,3,0,0,0,0,0,0,0,0,0,0,0,0,0,0,0,0,0,0
2407,Jared Jeffries,WAS,200605030CLE,"May 3, 2006",CLE,8,7,0,7,53.33,57.14,-3.81,6,8,1,0,0,0,0,0,0,0,0,0,0,0,0,0,0,0,0,0,0,0,0,0
2217,Brendan Haywood,CLE,200605030CLE,"May 3, 2006",WAS,1,1,2,2,25.0,26.6,-1.6,1,0,0,0,1,1,0,0,0,0,0,0,0,0,0,0,0,0,0,0,0,0,0,0
2544,LeBron James,CLE,200605030CLE,"May 3, 2006",WAS,45,23,18,31,69.23,72.77,-3.54,20,24,1,0,5,10,0,0,2,5,0,0,0,0,0,0,0,0,0,0,0,0,3,6
1716,Larry Hughes,CLE,200605030CLE,"May 3, 2006",WAS,24,19,10,24,47.06,51.28,-4.22,16,14,3,3,4,6,0,0,0,0,0,0,0,0,1,1,0,0,0,0,0,0,0,0
2240,Gilbert Arenas,WAS,200605030CLE,"May 3, 2006",CLE,44,24,10,29,65.67,77.46,-11.79,14,14,9,18,3,6,0,0,1,3,0,0,1,1,0,0,0,0,0,0,0,0,1,2
2400,Drew Gooden,CLE,200605030CLE,"May 3, 2006",WAS,6,7,0,7,42.86,42.86,0.0,7,6,0,0,0,0,0,0,0,0,0,0,0,0,0,0,0,0,0,0,0,0,0,0
2041,Etan Thomas,WAS,200605030CLE,"May 3, 2006",CLE,2,1,2,2,50.0,53.19,-3.19,1,0,0,0,0,0,0,0,0,0,0,0,0,0,0,0,0,0,0,0,0,0,1,2
923,Donyell Marshall,CLE,200605030CLE,"May 3, 2006",WAS,6,3,2,4,75.0,77.32,-2.32,3,4,0,0,1,2,0,0,0,0,0,0,0,0,0,0,0,0,0,0,0,0,0,0
murraro01,R. Murray,CLE,200605030CLE,"May 3, 2006",WAS,12,9,2,10,57.14,60.73,-3.59,8,10,1,0,1,2,0,0,0,0,0,0,0,0,0,0,0,0,0,0,0,0,0,0
2760,Anderson Varejao,CLE,200605030CLE,"May 3, 2006",WAS,4,2,6,5,40.0,43.1,-3.1,2,2,0,0,2,2,0,0,0,0,0,0,0,0,0,0,0,0,0,0,0,0,1,0
1498,Antonio Daniels,WAS,200605030CLE,"May 3, 2006",CLE,13,11,3,12,46.43,52.76,-6.33,7,8,3,0,1,2,0,0,1,3,0,0,0,0,0,0,0,0,0,0,0,0,0,0
2420,Nenad Krstic,NJN,200605040IND,"May 4, 2006",IND,17,11,3,12,68.0,68.99,-0.99,10,12,0,0,0,0,0,0,1,3,0,0,0,0,0,0,0,0,0,0,0,0,1,2
1533,Anthony Johnson,IND,200605040IND,"May 4, 2006",NJN,40,23,9,26,66.67,74.18,-7.51,15,20,5,9,1,1,0,0,3,8,0,0,0,0,0,0,0,0,0,0,0,0,2,2
1713,Vince Carter,IND,200605040IND,"May 4, 2006",NJN,24,18,10,23,45.28,53.57,-8.29,11,6,7,9,5,9,0,0,0,0,0,0,0,0,0,0,0,0,0,0,0,0,0,0
979,Jermaine O'Neal,IND,200605040IND,"May 4, 2006",NJN,21,14,9,18,56.76,58.46,-1.7,13,14,0,0,3,3,0,0,1,2,0,0,0,0,0,0,0,0,0,0,0,0,1,2
467,Jason Kidd,NJN,200605040IND,"May 4, 2006",IND,8,12,0,12,26.67,33.33,-6.66,6,2,6,6,0,0,0,0,0,0,0,0,0,0,0,0,0,0,0,0,0,0,0,0
101122,Danny Granger,IND,200605040IND,"May 4, 2006",NJN,13,8,0,8,65.0,81.25,-16.25,4,4,4,9,0,0,0,0,0,0,0,0,0,0,0,0,0,0,0,0,0,0,0,0
2210,Richard Jefferson,NJN,200605040IND,"May 4, 2006",IND,30,13,9,17,76.92,88.44,-11.52,8,14,4,6,1,2,0,0,1,3,0,0,0,0,0,0,0,0,0,0,0,0,3,5
1536,Stephen Jackson,IND,200605040IND,"May 4, 2006",NJN,9,10,5,13,32.14,36.89,-4.75,7,4,3,0,2,4,0,0,0,0,0,0,1,1,0,0,0,0,0,0,0,0,0,0
1506,Austin Croshere,IND,200605040IND,"May 4, 2006",NJN,7,8,2,9,31.82,39.41,-7.59,4,2,4,3,1,2,0,0,0,0,0,0,0,0,0,0,0,0,0,0,0,0,0,0
361,Clifford Robinson,NJN,200605040IND,"May 4, 2006",IND,7,8,0,8,38.89,43.75,-4.86,6,4,2,3,0,0,0,0,0,0,0,0,0,0,0,0,0,0,0,0,0,0,0,0
1521,Jacque Vaughn,NJN,200605040IND,"May 4, 2006",IND,2,5,1,5,18.18,18.38,-0.2,4,0,0,0,0,0,0,0,1,2,0,0,0,0,0,0,0,0,0,0,0,0,0,0
2410,Fred Jones,IND,200605040IND,"May 4, 2006",NJN,0,4,0,4,0.0,0.0,0.0,2,0,2,0,0,0,0,0,0,0,0,0,0,0,0,0,0,0,0,0,0,0,0,0
2758,David Harrison,IND,200605040IND,"May 4, 2006",NJN,0,1,0,1,0.0,0.0,0.0,1,0,0,0,0,0,0,0,0,0,0,0,0,0,0,0,0,0,0,0,0,0,0,0
101180,Sarunas Jasikevicius,IND,200605040IND,"May 4, 2006",NJN,0,2,0,2,0.0,0.0,0.0,1,0,1,0,0,0,0,0,0,0,0,0,0,0,0,0,0,0,0,0,0,0,0,0
441,Lamond Murray,NJN,200605040IND,"May 4, 2006",IND,8,4,0,4,72.73,100.0,-27.27,1,2,3,6,0,0,0,0,0,0,0,0,0,0,0,0,0,0,0,0,0,0,0,0
1715,Jason Williams,MIA,200605040CHI,"May 4, 2006",CHI,0,6,1,7,0.0,0.0,0.0,4,0,2,0,0,0,0,0,0,0,0,0,0,0,0,0,1,0,0,0,0,0,0,0
2552,Michael Sweetney,CHI,200605040CHI,"May 4, 2006",MIA,0,1,0,1,0.0,0.0,0.0,1,0,0,0,0,0,0,0,0,0,0,0,0,0,0,0,0,0,0,0,0,0,0,0
406,Shaquille O'Neal,MIA,200605040CHI,"May 4, 2006",CHI,30,24,8,27,53.57,54.51,-0.94,22,22,0,0,2,1,0,0,2,5,0,0,0,0,0,0,0,0,0,0,0,0,1,2
2732,Ben Gordon,CHI,200605040CHI,"May 4, 2006",MIA,21,18,9,22,41.18,47.81,-6.63,11,8,6,6,4,4,0,0,1,3,0,0,0,0,0,0,0,0,0,0,0,0,0,0
952,Antoine Walker,MIA,200605040CHI,"May 4, 2006",CHI,12,11,2,12,36.36,50.51,-14.15,2,2,9,9,1,1,0,0,0,0,0,0,0,0,0,0,0,0,0,0,0,0,0,0
2804,Andres Nocioni,CHI,200605040CHI,"May 4, 2006",MIA,20,10,5,12,66.67,81.97,-15.3,4,8,5,6,2,3,0,0,1,3,0,0,0,0,0,0,0,0,0,0,0,0,0,0
2124,Malik Allen,CHI,200605040CHI,"May 4, 2006",MIA,2,4,0,4,25.0,25.0,0.0,4,2,0,0,0,0,0,0,0,0,0,0,0,0,0,0,0,0,0,0,0,0,0,0
2550,Kirk Hinrich,CHI,200605040CHI,"May 4, 2006",MIA,23,17,9,21,47.92,54.87,-6.95,10,8,5,3,2,4,0,0,2,6,0,0,1,1,0,0,0,0,0,0,0,0,1,1
2199,Tyson Chandler,CHI,200605040CHI,"May 4, 2006",MIA,0,1,0,1,0.0,0.0,0.0,1,0,0,0,0,0,0,0,0,0,0,0,0,0,0,0,0,0,0,0,0,0,0,0
2617,Udonis Haslem,MIA,200605040CHI,"May 4, 2006",CHI,17,7,9,11,73.91,77.55,-3.64,6,6,0,0,3,6,0,0,1,3,0,0,0,0,0,0,0,0,0,0,0,0,1,2
2548,Dwyane Wade,MIA,200605040CHI,"May 4, 2006",CHI,23,12,8,16,65.71,74.1,-8.39,9,10,3,6,4,7,0,0,0,0,0,0,0,0,0,0,0,0,0,0,0,0,0,0
2736,Luol Deng,CHI,200605040CHI,"May 4, 2006",MIA,12,10,2,11,48.0,55.15,-7.15,7,8,3,3,1,1,0,0,0,0,0,0,0,0,0,0,0,0,0,0,0,0,0,0
1899,James Posey,MIA,200605040CHI,"May 4, 2006",CHI,18,10,2,11,62.07,82.72,-20.65,3,2,7,15,0,0,0,0,0,0,0,0,0,0,0,0,0,0,0,0,0,0,1,1
56,Gary Payton,MIA,200605040CHI,"May 4, 2006",CHI,9,6,2,7,50.0,65.41,-15.41,2,4,4,3,0,0,0,0,0,0,0,0,0,0,0,0,0,0,0,0,0,0,1,2
297,Alonzo Mourning,MIA,200605040CHI,"May 4, 2006",CHI,4,1,2,2,100.0,106.38,-6.38,1,2,0,0,1,2,0,0,0,0,0,0,0,0,0,0,0,0,0,0,0,0,0,0
2768,Chris Duhon,CHI,200605040CHI,"May 4, 2006",MIA,6,5,0,5,42.86,60.0,-17.14,1,0,4,6,0,0,0,0,0,0,0,0,0,0,0,0,0,0,0,0,0,0,0,0
15,Eric Piatkowski,CHI,200605040CHI,"May 4, 2006",MIA,2,3,2,4,18.18,25.77,-7.59,0,0,3,0,0,0,0,0,0,0,0,0,0,0,0,0,0,0,0,0,0,0,1,2
2457,Jannero Pargo,CHI,200605040CHI,"May 4, 2006",MIA,10,6,5,8,47.62,60.98,-13.36,2,0,4,6,1,2,1,2,0,0,0,0,0,0,0,0,0,0,0,0,0,0,0,0
977,Kobe Bryant,LAL,200605040LAL,"May 4, 2006",PHX,50,35,6,38,59.52,66.42,-6.9,27,30,8,15,2,4,0,0,0,0,0,0,0,0,0,0,0,0,0,0,0,0,1,1
2592,James Jones,PHX,200605040LAL,"May 4, 2006",LAL,10,6,0,6,66.67,83.33,-16.66,3,4,3,6,0,0,0,0,0,0,0,0,0,0,0,0,0,0,0,0,0,0,0,0
1890,Shawn Marion,PHX,200605040LAL,"May 4, 2006",LAL,20,20,0,20,45.45,50.0,-4.55,16,14,4,6,0,0,0,0,0,0,0,0,0,0,0,0,0,0,0,0,0,0,0,0
2564,Boris Diaw,PHX,200605040LAL,"May 4, 2006",LAL,19,14,2,15,63.33,63.84,-0.51,14,18,0,0,0,0,0,0,0,0,0,0,0,0,0,0,0,0,0,0,0,0,1,1
2575,Luke Walton,LAL,200605040LAL,"May 4, 2006",PHX,10,11,0,11,43.48,45.45,-1.97,10,10,1,0,0,0,0,0,0,0,0,0,0,0,0,0,0,0,0,0,0,0,0,0
2571,Leandro Barbosa,PHX,200605040LAL,"May 4, 2006",LAL,22,9,7,12,75.86,91.06,-15.2,4,8,4,6,2,4,0,0,1,3,0,0,0,0,0,0,0,0,0,0,0,0,1,1
2198,Kwame Brown,LAL,200605040LAL,"May 4, 2006",PHX,17,9,1,9,89.47,90.04,-0.57,8,14,0,0,0,0,0,0,1,3,0,0,0,0,0,0,0,0,0,0,0,0,0,0
1885,Lamar Odom,LAL,200605040LAL,"May 4, 2006",PHX,22,14,8,17,53.66,62.79,-9.13,7,10,5,3,3,4,0,0,2,5,0,0,0,0,0,0,0,0,0,0,0,0,0,0
959,Steve Nash,PHX,200605040LAL,"May 4, 2006",LAL,32,14,13,20,72.73,81.14,-8.41,10,14,3,3,1,2,0,0,1,3,0,0,0,0,0,0,0,0,0,0,0,0,5,10
2470,Smush Parker,LAL,200605040LAL,"May 4, 2006",PHX,2,5,2,6,14.29,17.01,-2.72,3,0,2,0,1,2,0,0,0,0,0,0,0,0,0,0,0,0,0,0,0,0,0,0
1501,Tim Thomas,PHX,200605040LAL,"May 4, 2006",LAL,21,15,5,17,52.5,61.05,-8.55,9,8,5,6,1,2,0,0,1,3,0,0,0,0,0,0,0,0,0,0,0,0,1,2
1904,Devean George,LAL,200605040LAL,"May 4, 2006",PHX,14,8,3,9,58.33,75.11,-16.78,3,4,5,9,0,0,1,1,0,0,0,0,0,0,0,0,0,0,0,0,0,0,0,0
2756,Sasha Vujacic,LAL,200605040LAL,"May 4, 2006",PHX,2,3,0,3,25.0,33.33,-8.33,1,2,2,0,0,0,0,0,0,0,0,0,0,0,0,0,0,0,0,0,0,0,0,0
2067,Eddie House,PHX,200605040LAL,"May 4, 2006",LAL,2,3,0,3,28.57,33.33,-4.76,2,2,1,0,0,0,0,0,0,0,0,0,0,0,0,0,0,0,0,0,0,0,0,0
101142,Ronny Turiaf,LAL,200605040LAL,"May 4, 2006",PHX,1,0,2,1,50.0,56.82,-6.82,0,0,0,0,0,0,0,0,0,0,0,0,0,0,0,0,0,0,0,0,0,0,1,1
258,Brian Grant,PHX,200605040LAL,"May 4, 2006",LAL,0,0,2,1,0.0,0.0,0.0,0,0,0,0,1,0,0,0,0,0,0,0,0,0,0,0,0,0,0,0,0,0,0,0
2544,LeBron James,CLE,200605050WAS,"May 5, 2006",WAS,32,25,3,26,54.24,60.79,-6.55,18,26,6,3,1,0,0,0,1,3,0,0,0,0,0,0,0,0,0,0,0,0,0,0
2240,Gilbert Arenas,WAS,200605050WAS,"May 5, 2006",CLE,36,27,8,29,51.43,58.98,-7.55,15,12,8,12,1,2,0,0,4,10,0,0,0,0,0,0,0,0,0,0,0,0,1,0
980,Zydrunas Ilgauskas,CLE,200605050WAS,"May 5, 2006",WAS,6,4,2,5,60.0,61.48,-1.48,4,4,0,0,0,0,0,0,0,0,0,0,0,0,0,0,0,0,0,0,0,0,1,2
2406,Caron Butler,WAS,200605050WAS,"May 5, 2006",CLE,18,18,8,22,39.13,41.82,-2.69,16,10,2,0,3,6,0,0,0,0,0,0,0,0,0,0,0,0,0,0,0,0,1,2
2217,Brendan Haywood,WAS,200605050WAS,"May 5, 2006",CLE,17,8,5,9,80.95,83.33,-2.38,5,8,0,0,1,0,0,0,3,9,0,0,0,0,0,0,0,0,0,0,0,0,0,0
1712,Antawn Jamison,CLE,200605050WAS,"May 5, 2006",WAS,15,17,2,18,35.71,41.95,-6.24,11,10,6,3,1,2,0,0,0,0,0,0,0,0,0,0,0,0,0,0,0,0,0,0
2407,Jared Jeffries,WAS,200605050WAS,"May 5, 2006",CLE,3,3,4,5,30.0,31.51,-1.51,3,0,0,0,2,3,0,0,0,0,0,0,0,0,0,0,0,0,0,0,0,0,0,0
1716,Larry Hughes,CLE,200605050WAS,"May 5, 2006",WAS,9,17,2,18,22.5,25.17,-2.67,13,4,4,3,1,2,0,0,0,0,0,0,0,0,0,0,0,0,0,0,0,0,0,0
727,Eric Snow,CLE,200605050WAS,"May 5, 2006",WAS,8,8,4,10,38.1,40.98,-2.88,7,4,1,0,1,2,0,0,0,0,0,0,0,0,0,0,0,0,0,0,0,0,1,2
2400,Drew Gooden,CLE,200605050WAS,"May 5, 2006",WAS,2,1,2,2,50.0,53.19,-3.19,1,0,0,0,1,2,0,0,0,0,0,0,0,0,0,0,0,0,0,0,0,0,0,0
2760,Anderson Varejao,CLE,200605050WAS,"May 5, 2006",WAS,6,2,3,3,85.71,90.36,-4.65,1,2,0,0,0,0,0,0,1,3,0,0,0,0,0,0,0,0,0,0,0,0,1,1
923,Donyell Marshall,CLE,200605050WAS,"May 5, 2006",WAS,28,15,4,18,68.29,83.53,-15.24,8,14,7,12,1,1,0,0,0,0,0,0,2,1,0,0,0,0,0,0,0,0,0,0
murraro01,R. Murray,CLE,200605050WAS,"May 5, 2006",WAS,21,12,6,15,67.74,71.72,-3.98,11,12,1,3,2,4,0,0,0,0,0,0,0,0,0,0,0,0,0,0,0,0,1,2
1498,Antonio Daniels,WAS,200605050WAS,"May 5, 2006",CLE,22,15,4,17,57.89,65.63,-7.74,11,12,4,6,1,2,0,0,0,0,0,0,0,0,0,0,0,0,0,0,0,0,1,2
1913,Michael Ruffin,WAS,200605050WAS,"May 5, 2006",CLE,0,0,2,1,0.0,0.0,0.0,0,0,0,0,1,0,0,0,0,0,0,0,0,0,0,0,0,0,0,0,0,0,0,0
2041,Etan Thomas,WAS,200605050WAS,"May 5, 2006",CLE,2,2,0,2,50.0,50.0,0.0,2,2,0,0,0,0,0,0,0,0,0,0,0,0,0,0,0,0,0,0,0,0,0,0
1800,Damon Jones,CLE,200605050WAS,"May 5, 2006",WAS,2,1,0,1,100.0,100.0,0.0,1,2,0,0,0,0,0,0,0,0,0,0,0,0,0,0,0,0,0,0,0,0,0,0
1897,Metta World Peace,SAC,200605050SAC,"May 5, 2006",SAS,11,11,8,15,32.35,37.88,-5.53,7,4,4,0,2,3,0,0,0,0,0,0,0,0,0,0,0,0,0,0,0,0,2,4
109,Robert Horry,SAS,200605050SAC,"May 5, 2006",SAC,8,7,1,7,44.44,53.76,-9.32,3,2,3,3,0,0,0,0,1,3,0,0,0,0,0,0,0,0,0,0,0,0,0,0
2225,Tony Parker,SAS,200605050SAC,"May 5, 2006",SAC,31,20,9,24,62.0,64.69,-2.69,18,18,1,3,2,4,0,0,1,3,0,0,0,0,0,0,0,0,0,0,0,0,2,3
1903,Kenny Thomas,SAC,200605050SAC,"May 5, 2006",SAS,6,2,3,3,85.71,90.36,-4.65,1,2,0,0,1,1,0,0,1,3,0,0,0,0,0,0,0,0,0,0,0,0,0,0
1495,Tim Duncan,SAS,200605050SAC,"May 5, 2006",SAC,15,8,5,10,71.43,73.53,-2.1,7,10,0,0,2,2,0,0,1,3,0,0,0,0,0,0,0,0,0,0,0,0,0,0
1477,Bruce Bowen,SAC,200605050SAC,"May 5, 2006",SAS,16,10,0,10,64.0,80.0,-16.0,5,4,5,12,0,0,0,0,0,0,0,0,0,0,0,0,0,0,0,0,0,0,0,0
1719,Bonzi Wells,SAC,200605050SAC,"May 5, 2006",SAS,17,9,6,12,62.96,73.02,-10.06,6,10,3,3,3,4,0,0,0,0,0,0,0,0,0,0,0,0,0,0,0,0,0,0
1802,Brad Miller,SAC,200605050SAC,"May 5, 2006",SAS,3,6,1,6,21.43,23.29,-1.86,4,0,1,0,0,0,0,0,1,3,0,0,0,0,0,0,0,0,0,0,0,0,0,0
1710,Mike Bibby,SAC,200605050SAC,"May 5, 2006",SAS,19,18,4,20,44.19,48.08,-3.89,15,12,3,3,2,4,0,0,0,0,0,0,0,0,0,0,0,0,0,0,0,0,0,0
1938,Manu Ginobili,SAS,200605050SAC,"May 5, 2006",SAC,10,10,3,11,37.04,44.17,-7.13,5,4,4,3,0,0,0,0,1,2,0,0,0,0,1,1,0,0,0,0,0,0,0,0
1725,Rasho Nesterovic,SAS,200605050SAC,"May 5, 2006",SAC,0,2,0,2,0.0,0.0,0.0,2,0,0,0,0,0,0,0,0,0,0,0,0,0,0,0,0,0,0,0,0,0,0,0
714,Michael Finley,SAS,200605050SAC,"May 5, 2006",SAC,10,11,0,11,40.0,45.45,-5.45,8,10,3,0,0,0,0,0,0,0,0,0,0,0,0,0,0,0,0,0,0,0,0,0
2755,Kevin Martin,SAC,200605050SAC,"May 5, 2006",SAS,11,9,2,10,47.83,55.67,-7.84,6,6,3,3,1,2,0,0,0,0,0,0,0,0,0,0,0,0,0,0,0,0,0,0
949,Shareef Abdur-Rahim,SAC,200605050SAC,"May 5, 2006",SAS,9,5,6,8,52.94,58.9,-5.96,4,6,1,0,1,1,0,0,0,0,0,0,0,0,0,0,0,0,0,0,0,0,2,2
101128,Francisco Garcia,SAC,200605050SAC,"May 5, 2006",SAS,3,2,0,2,60.0,75.0,-15.0,1,0,1,3,0,0,0,0,0,0,0,0,0,0,0,0,0,0,0,0,0,0,0,0
89,Nick Van Exel,SAS,200605050SAC,"May 5, 2006",SAC,2,2,2,3,28.57,34.72,-6.15,1,0,1,0,1,2,0,0,0,0,0,0,0,0,0,0,0,0,0,0,0,0,0,0
2078,Jason Hart,SAC,200605050SAC,"May 5, 2006",SAS,2,3,0,3,33.33,33.33,0.0,3,2,0,0,0,0,0,0,0,0,0,0,0,0,0,0,0,0,0,0,0,0,0,0
699,Brent Barry,SAS,200605050SAC,"May 5, 2006",SAC,12,6,2,7,75.0,87.21,-12.21,4,4,2,6,1,2,0,0,0,0,0,0,0,0,0,0,0,0,0,0,0,0,0,0
722,Corliss Williamson,SAC,200605050SAC,"May 5, 2006",SAS,0,1,0,1,0.0,0.0,0.0,1,0,0,0,0,0,0,0,0,0,0,0,0,0,0,0,0,0,0,0,0,0,0,0
101179,Ronnie Price,SAC,200605050SAC,"May 5, 2006",SAS,0,1,0,1,0.0,0.0,0.0,1,0,0,0,0,0,0,0,0,0,0,0,0,0,0,0,0,0,0,0,0,0,0,0
958,Vitaly Potapenko,SAC,200605050SAC,"May 5, 2006",SAS,2,1,0,1,100.0,100.0,0.0,1,2,0,0,0,0,0,0,0,0,0,0,0,0,0,0,0,0,0,0,0,0,0,0
101177,Fabricio Oberto,SAS,200605050SAC,"May 5, 2006",SAC,0,1,0,1,0.0,0.0,0.0,1,0,0,0,0,0,0,0,0,0,0,0,0,0,0,0,0,0,0,0,0,0,0,0
1737,Nazr Mohammed,SAS,200605050SAC,"May 5, 2006",SAC,1,0,2,1,50.0,56.82,-6.82,0,0,0,0,1,1,0,0,0,0,0,0,0,0,0,0,0,0,0,0,0,0,0,0
2198,Kwame Brown,LAL,200605060PHO,"May 6, 2006",PHX,8,10,4,12,33.33,34.01,-0.68,10,4,0,0,2,4,0,0,0,0,0,0,0,0,0,0,0,0,0,0,0,0,0,0
1890,Shawn Marion,PHX,200605060PHO,"May 6, 2006",LAL,14,13,2,14,48.28,50.43,-2.15,12,12,1,0,0,0,0,0,0,0,0,0,0,0,0,0,0,0,0,0,0,0,1,2
2575,Luke Walton,LAL,200605060PHO,"May 6, 2006",PHX,16,13,2,14,51.61,57.64,-6.03,10,8,3,6,0,0,0,0,0,0,0,0,0,0,0,0,0,0,0,0,0,0,1,2
2564,Boris Diaw,PHX,200605060PHO,"May 6, 2006",LAL,21,14,5,16,63.64,64.81,-1.17,13,14,0,0,2,4,0,0,1,3,0,0,0,0,0,0,0,0,0,0,0,0,0,0
977,Kobe Bryant,LAL,200605060PHO,"May 6, 2006",PHX,24,16,5,20,53.33,65.93,-12.6,8,8,8,12,1,1,0,0,0,0,0,0,3,3,0,0,0,0,0,0,0,0,0,0
959,Steve Nash,PHX,200605060PHO,"May 6, 2006",LAL,13,12,0,12,44.83,54.17,-9.34,7,10,5,3,0,0,0,0,0,0,0,0,0,0,0,0,0,0,0,0,0,0,0,0
2592,James Jones,PHX,200605060PHO,"May 6, 2006",LAL,10,4,4,6,66.67,86.81,-20.14,1,0,3,6,2,4,0,0,0,0,0,0,0,0,0,0,0,0,0,0,0,0,0,0
2470,Smush Parker,LAL,200605060PHO,"May 6, 2006",PHX,9,13,0,13,28.12,34.62,-6.5,7,6,6,3,0,0,0,0,0,0,0,0,0,0,0,0,0,0,0,0,0,0,0,0
1885,Lamar Odom,LAL,200605060PHO,"May 6, 2006",PHX,12,14,2,15,35.29,40.32,-5.03,10,10,4,0,1,2,0,0,0,0,0,0,0,0,0,0,0,0,0,0,0,0,0,0
1952,Raja Bell,LAL,200605060PHO,"May 6, 2006",PHX,13,7,0,7,68.42,92.86,-24.44,2,4,5,9,0,0,0,0,0,0,0,0,0,0,0,0,0,0,0,0,0,0,0,0
1501,Tim Thomas,PHX,200605060PHO,"May 6, 2006",LAL,12,10,0,10,52.17,60.0,-7.83,7,12,3,0,0,0,0,0,0,0,0,0,0,0,0,0,0,0,0,0,0,0,0,0
2571,Leandro Barbosa,PHX,200605060PHO,"May 6, 2006",LAL,26,12,5,14,86.67,91.55,-4.88,11,18,1,3,1,2,1,3,0,0,0,0,0,0,0,0,0,0,0,0,0,0,0,0
1904,Devean George,LAL,200605060PHO,"May 6, 2006",PHX,0,4,0,4,0.0,0.0,0.0,2,0,2,0,0,0,0,0,0,0,0,0,0,0,0,0,0,0,0,0,0,0,0,0
2567,Brian Cook,LAL,200605060PHO,"May 6, 2006",PHX,8,11,0,11,32.0,36.36,-4.36,8,8,3,0,0,0,0,0,0,0,0,0,0,0,0,0,0,0,0,0,0,0,0,0
2067,Eddie House,PHX,200605060PHO,"May 6, 2006",LAL,9,4,2,5,75.0,92.21,-17.21,2,2,2,6,1,1,0,0,0,0,0,0,0,0,0,0,0,0,0,0,0,0,0,0
2756,Sasha Vujacic,LAL,200605060PHO,"May 6, 2006",PHX,11,6,6,9,57.89,63.66,-5.77,5,2,1,3,2,4,0,0,0,0,0,0,0,0,0,0,0,0,0,0,0,0,1,2
101142,Ronny Turiaf,LAL,200605060PHO,"May 6, 2006",PHX,2,3,0,3,33.33,33.33,0.0,3,2,0,0,0,0,0,0,0,0,0,0,0,0,0,0,0,0,0,0,0,0,0,0
101115,Andrew Bynum,LAL,200605060PHO,"May 6, 2006",PHX,0,1,0,1,0.0,0.0,0.0,1,0,0,0,0,0,0,0,0,0,0,0,0,0,0,0,0,0,0,0,0,0,0,0
2469,Pat Burke,PHX,200605060PHO,"May 6, 2006",LAL,3,1,0,1,100.0,150.0,-50.0,0,0,1,3,0,0,0,0,0,0,0,0,0,0,0,0,0,0,0,0,0,0,0,0
1938,Manu Ginobili,SAS,200605070SAS,"May 7, 2006",DAL,15,14,6,17,41.67,45.07,-3.4,12,10,2,0,2,3,0,0,0,0,0,0,0,0,0,0,0,0,0,0,0,0,1,2
2572,Josh Howard,DAL,200605070SAS,"May 7, 2006",SAS,17,10,8,14,60.71,62.87,-2.16,10,10,0,0,3,6,0,0,0,0,0,0,0,0,0,0,0,0,0,0,0,0,1,1
109,Robert Horry,SAS,200605070SAS,"May 7, 2006",DAL,5,4,2,5,35.71,51.23,-15.52,0,0,4,3,1,2,0,0,0,0,0,0,0,0,0,0,0,0,0,0,0,0,0,0
1891,Jason Terry,DAL,200605070SAS,"May 7, 2006",SAS,14,18,2,19,34.15,37.08,-2.93,15,10,3,3,1,1,0,0,0,0,0,0,0,0,0,0,0,0,0,0,0,0,0,0
2225,Tony Parker,SAS,200605070SAS,"May 7, 2006",DAL,19,18,6,21,45.24,46.03,-0.79,18,14,0,0,1,2,0,0,0,0,0,0,0,0,0,0,0,0,0,0,0,0,2,3
1717,Dirk Nowitzki,DAL,200605070SAS,"May 7, 2006",SAS,20,20,6,23,42.55,44.17,-1.62,19,16,1,0,2,2,0,0,0,0,0,0,0,0,0,0,0,0,0,0,0,0,1,2
1477,Bruce Bowen,DAL,200605070SAS,"May 7, 2006",SAS,6,5,2,6,40.0,51.02,-11.02,2,2,3,3,1,1,0,0,0,0,0,0,0,0,0,0,0,0,0,0,0,0,0,0
2205,DeSagana Diop,SAS,200605070SAS,"May 7, 2006",DAL,2,3,0,3,33.33,33.33,0.0,3,2,0,0,0,0,0,0,0,0,0,0,0,0,0,0,0,0,0,0,0,0,0,0
1495,Tim Duncan,SAS,200605070SAS,"May 7, 2006",DAL,31,24,12,28,51.67,52.94,-1.27,20,16,0,0,3,3,0,0,4,10,0,0,0,0,0,0,0,0,0,0,0,0,1,2
956,Erick Dampier,DAL,200605070SAS,"May 7, 2006",SAS,2,2,4,4,25.0,26.6,-1.6,2,0,0,0,1,1,0,0,0,0,0,0,0,0,0,0,0,0,0,0,0,0,1,1
2734,Devin Harris,DAL,200605070SAS,"May 7, 2006",SAS,3,1,2,2,75.0,79.79,-4.79,1,2,0,0,1,1,0,0,0,0,0,0,0,0,0,0,0,0,0,0,0,0,0,0
714,Michael Finley,SAS,200605070SAS,"May 7, 2006",DAL,7,6,0,6,46.67,58.33,-11.66,3,4,3,3,0,0,0,0,0,0,0,0,0,0,0,0,0,0,0,0,0,0,0,0
711,Jerry Stackhouse,DAL,200605070SAS,"May 7, 2006",SAS,24,21,4,23,48.98,52.72,-3.74,18,18,3,3,2,3,0,0,0,0,0,0,0,0,0,0,0,0,0,0,0,0,0,0
699,Brent Barry,SAS,200605070SAS,"May 7, 2006",DAL,2,2,2,3,28.57,34.72,-6.15,1,0,1,0,0,0,0,0,0,0,0,0,0,0,0,0,0,0,0,0,0,0,1,2
2605,Marquis Daniels,DAL,200605070SAS,"May 7, 2006",SAS,0,1,0,1,0.0,0.0,0.0,1,0,0,0,0,0,0,0,0,0,0,0,0,0,0,0,0,0,0,0,0,0,0,0
1559,Adrian Griffin,DAL,200605070SAS,"May 7, 2006",SAS,3,1,2,2,75.0,79.79,-4.79,1,2,0,0,1,1,0,0,0,0,0,0,0,0,0,0,0,0,0,0,0,0,0,0
89,Nick Van Exel,SAS,200605070SAS,"May 7, 2006",DAL,2,2,0,2,50.0,50.0,0.0,2,2,0,0,0,0,0,0,0,0,0,0,0,0,0,0,0,0,0,0,0,0,0,0
727,Eric Snow,CLE,200605070DET,"May 7, 2006",DET,6,3,0,3,100.0,100.0,0.0,3,6,0,0,0,0,0,0,0,0,0,0,0,0,0,0,0,0,0,0,0,0,0,0
739,Rasheed Wallace,DET,200605070DET,"May 7, 2006",CLE,10,8,0,8,55.56,62.5,-6.94,6,4,2,6,0,0,0,0,0,0,0,0,0,0,0,0,0,0,0,0,0,0,0,0
980,Zydrunas Ilgauskas,CLE,200605070DET,"May 7, 2006",DET,14,14,6,17,41.18,42.07,-0.89,14,10,0,0,3,4,0,0,0,0,0,0,0,0,0,0,0,0,0,0,0,0,0,0
1888,Richard Hamilton,DET,200605070DET,"May 7, 2006",CLE,20,18,2,19,51.28,52.97,-1.69,17,18,1,0,1,2,0,0,0,0,0,0,0,0,0,0,0,0,0,0,0,0,0,0
2544,LeBron James,CLE,200605070DET,"May 7, 2006",DET,22,18,2,19,51.16,58.26,-7.1,13,14,5,6,1,2,0,0,0,0,0,0,0,0,0,0,0,0,0,0,0,0,0,0
2400,Drew Gooden,CLE,200605070DET,"May 7, 2006",DET,4,7,0,7,28.57,28.57,0.0,7,4,0,0,0,0,0,0,0,0,0,0,0,0,0,0,0,0,0,0,0,0,0,0
2419,Tayshaun Prince,DET,200605070DET,"May 7, 2006",CLE,24,16,6,19,57.14,64.38,-7.24,12,8,4,12,2,3,0,0,0,0,0,0,0,0,0,0,0,0,0,0,0,0,1,1
1497,Chauncey Billups,DET,200605070DET,"May 7, 2006",CLE,14,5,6,8,77.78,91.62,-13.84,3,2,2,6,3,6,0,0,0,0,0,0,0,0,0,0,0,0,0,0,0,0,0,0
1112,Ben Wallace,DET,200605070DET,"May 7, 2006",CLE,2,4,2,5,20.0,20.49,-0.49,4,2,0,0,1,0,0,0,0,0,0,0,0,0,0,0,0,0,0,0,0,0,0,0
1716,Larry Hughes,DET,200605070DET,"May 7, 2006",CLE,8,13,0,13,29.63,30.77,-1.14,12,8,1,0,0,0,0,0,0,0,0,0,0,0,0,0,0,0,0,0,0,0,0,0
923,Donyell Marshall,CLE,200605070DET,"May 7, 2006",DET,8,6,0,6,66.67,66.67,0.0,6,8,0,0,0,0,0,0,0,0,0,0,0,0,0,0,0,0,0,0,0,0,0,0
2760,Anderson Varejao,CLE,200605070DET,"May 7, 2006",DET,11,5,3,6,84.62,87.03,-2.41,4,6,0,0,1,2,0,0,1,3,0,0,0,0,0,0,0,0,0,0,0,0,0,0
murraro01,R. Murray,CLE,200605070DET,"May 7, 2006",DET,3,7,4,9,15.79,17.12,-1.33,6,0,1,0,1,1,0,0,0,0,0,0,0,0,0,0,0,0,0,0,0,0,1,2
686,Antonio McDyess,DET,200605070DET,"May 7, 2006",CLE,12,7,2,8,75.0,76.14,-1.14,7,10,0,0,1,2,0,0,0,0,0,0,0,0,0,0,0,0,0,0,0,0,0,0
2230,Maurice Evans,DET,200605070DET,"May 7, 2006",CLE,7,4,0,4,70.0,87.5,-17.5,2,4,2,3,0,0,0,0,0,0,0,0,0,0,0,0,0,0,0,0,0,0,0,0
960,Tony Delk,DET,200605070DET,"May 7, 2006",CLE,5,5,0,5,38.46,50.0,-11.54,2,2,3,3,0,0,0,0,0,0,0,0,0,0,0,0,0,0,0,0,0,0,0,0
283,Lindsey Hunter,DET,200605070DET,"May 7, 2006",CLE,12,7,0,7,57.14,85.71,-28.57,0,0,7,12,0,0,0,0,0,0,0,0,0,0,0,0,0,0,0,0,0,0,0,0
1800,Damon Jones,CLE,200605070DET,"May 7, 2006",DET,3,2,3,3,37.5,45.18,-7.68,1,0,1,0,0,0,1,3,0,0,0,0,0,0,0,0,0,0,0,0,0,0,0,0
673,Alan Henderson,CLE,200605070DET,"May 7, 2006",DET,0,2,0,2,0.0,0.0,0.0,2,0,0,0,0,0,0,0,0,0,0,0,0,0,0,0,0,0,0,0,0,0,0,0
1956,Ira Newble,CLE,200605070DET,"May 7, 2006",DET,7,3,0,3,100.0,116.67,-16.67,2,4,1,3,0,0,0,0,0,0,0,0,0,0,0,0,0,0,0,0,0,0,0,0
905,Dale Davis,DET,200605070DET,"May 7, 2006",CLE,0,3,0,3,0.0,0.0,0.0,3,0,0,0,0,0,0,0,0,0,0,0,0,0,0,0,0,0,0,0,0,0,0,0
2568,Carlos Delfino,DET,200605070DET,"May 7, 2006",CLE,3,1,0,1,100.0,150.0,-50.0,0,0,1,3,0,0,0,0,0,0,0,0,0,0,0,0,0,0,0,0,0,0,0,0
1509,Kelvin Cato,DET,200605070DET,"May 7, 2006",CLE,4,3,0,3,66.67,66.67,0.0,3,4,0,0,0,0,0,0,0,0,0,0,0,0,0,0,0,0,0,0,0,0,0,0
2562,Sasha Pavlovic,CLE,200605070DET,"May 7, 2006",DET,0,2,0,2,0.0,0.0,0.0,1,0,1,0,0,0,0,0,0,0,0,0,0,0,0,0,0,0,0,0,0,0,0,0
1715,Jason Williams,MIA,200605080MIA,"May 8, 2006",NJN,12,13,0,13,36.36,46.15,-9.79,6,6,7,6,0,0,0,0,0,0,0,0,0,0,0,0,0,0,0,0,0,0,0,0
2210,Richard Jefferson,NJN,200605080MIA,"May 8, 2006",MIA,20,11,5,13,66.67,75.76,-9.09,7,8,3,6,2,3,0,0,1,3,0,0,0,0,0,0,0,0,0,0,0,0,0,0
406,Shaquille O'Neal,MIA,200605080MIA,"May 8, 2006",NJN,20,12,14,18,52.63,55.07,-2.44,10,8,0,0,4,3,0,0,2,6,0,0,0,0,0,0,0,0,0,0,0,0,2,3
952,Antoine Walker,MIA,200605080MIA,"May 8, 2006",NJN,4,7,0,7,22.22,28.57,-6.35,3,4,4,0,0,0,0,0,0,0,0,0,0,0,0,0,0,0,0,0,0,0,0,0
1713,Vince Carter,NJN,200605080MIA,"May 8, 2006",MIA,27,15,19,24,51.92,57.79,-5.87,11,10,3,0,4,6,0,0,1,3,0,0,0,0,0,0,0,0,0,0,0,0,5,8
2617,Udonis Haslem,NJN,200605080MIA,"May 8, 2006",MIA,10,3,6,6,83.33,88.65,-5.32,3,4,0,0,3,6,0,0,0,0,0,0,0,0,0,0,0,0,0,0,0,0,0,0
467,Jason Kidd,NJN,200605080MIA,"May 8, 2006",MIA,22,17,0,17,55.0,64.71,-9.71,11,10,6,12,0,0,0,0,0,0,0,0,0,0,0,0,0,0,0,0,0,0,0,0
2420,Nenad Krstic,NJN,200605080MIA,"May 8, 2006",MIA,11,8,2,9,61.11,61.94,-0.83,8,10,0,0,1,1,0,0,0,0,0,0,0,0,0,0,0,0,0,0,0,0,0,0
2260,Jarron Collins,MIA,200605080MIA,"May 8, 2006",NJN,5,2,2,3,83.33,86.81,-3.48,2,4,0,0,0,0,0,0,0,0,0,0,0,0,0,0,0,0,0,0,0,0,1,1
1899,James Posey,MIA,200605080MIA,"May 8, 2006",NJN,3,5,0,5,21.43,30.0,-8.57,1,0,4,3,0,0,0,0,0,0,0,0,0,0,0,0,0,0,0,0,0,0,0,0
2548,Dwyane Wade,MIA,200605080MIA,"May 8, 2006",NJN,25,19,15,26,45.45,48.83,-3.38,17,16,2,0,3,5,1,1,0,0,0,0,0,0,0,0,0,0,0,0,0,0,3,3
297,Alonzo Mourning,MIA,200605080MIA,"May 8, 2006",NJN,2,1,0,1,100.0,100.0,0.0,1,2,0,0,0,0,0,0,0,0,0,0,0,0,0,0,0,0,0,0,0,0,0,0
361,Clifford Robinson,NJN,200605080MIA,"May 8, 2006",MIA,3,2,0,2,50.0,75.0,-25.0,0,0,2,3,0,0,0,0,0,0,0,0,0,0,0,0,0,0,0,0,0,0,0,0
56,Gary Payton,MIA,200605080MIA,"May 8, 2006",NJN,5,6,0,6,33.33,41.67,-8.34,3,2,3,3,0,0,0,0,0,0,0,0,0,0,0,0,0,0,0,0,0,0,0,0
1521,Jacque Vaughn,NJN,200605080MIA,"May 8, 2006",MIA,2,4,0,4,25.0,25.0,0.0,4,2,0,0,0,0,0,0,0,0,0,0,0,0,0,0,0,0,0,0,0,0,0,0
441,Lamond Murray,NJN,200605080MIA,"May 8, 2006",MIA,8,10,2,11,26.67,36.76,-10.09,2,0,8,6,1,2,0,0,0,0,0,0,0,0,0,0,0,0,0,0,0,0,0,0
1507,Derek Anderson,MIA,200605080MIA,"May 8, 2006",NJN,7,3,8,7,43.75,53.68,-9.93,1,0,2,0,1,1,0,0,0,0,0,0,0,0,0,0,0,0,0,0,0,0,3,6
1519,John Thomas,NJN,200605080MIA,"May 8, 2006",MIA,2,1,0,1,100.0,100.0,0.0,1,2,0,0,0,0,0,0,0,0,0,0,0,0,0,0,0,0,0,0,0,0,0,0
1890,Shawn Marion,PHX,200605080PHO,"May 8, 2006",LAC,20,13,10,18,50.0,57.47,-7.47,9,10,4,0,3,6,0,0,0,0,0,0,0,0,0,0,0,0,0,0,0,0,2,4
2549,Chris Kaman,LAC,200605080PHO,"May 8, 2006",PHX,8,7,2,8,50.0,50.76,-0.76,7,6,0,0,1,2,0,0,0,0,0,0,0,0,0,0,0,0,0,0,0,0,0,0
1952,Raja Bell,PHX,200605080PHO,"May 8, 2006",LAC,22,15,2,16,55.0,69.27,-14.27,7,8,8,12,1,2,0,0,0,0,0,0,0,0,0,0,0,0,0,0,0,0,0,0
959,Steve Nash,PHX,200605080PHO,"May 8, 2006",LAC,31,15,9,20,70.45,81.75,-11.3,9,12,5,9,2,4,0,0,1,2,0,0,2,2,0,0,0,0,0,0,0,0,1,2
2592,James Jones,PHX,200605080PHO,"May 8, 2006",LAC,9,5,1,6,81.82,82.72,-0.9,5,8,0,0,0,0,0,0,0,0,0,0,0,0,0,0,0,0,0,0,1,1,0,0
2624,Quinton Ross,LAC,200605080PHO,"May 8, 2006",PHX,9,5,4,7,64.29,66.57,-2.28,5,6,0,0,2,3,0,0,0,0,0,0,0,0,0,0,0,0,0,0,0,0,0,0
2564,Boris Diaw,PHX,200605080PHO,"May 8, 2006",LAC,19,16,0,16,57.58,59.38,-1.8,15,16,1,3,0,0,0,0,0,0,0,0,0,0,0,0,0,0,0,0,0,0,0,0
1749,Cuttino Mobley,LAC,200605080PHO,"May 8, 2006",PHX,3,6,1,7,21.43,23.29,-1.86,5,2,1,0,0,0,0,0,0,0,0,0,1,1,0,0,0,0,0,0,0,0,0,0
1882,Elton Brand,LAC,200605080PHO,"May 8, 2006",PHX,40,22,6,25,80.0,81.17,-1.17,22,36,0,0,3,4,0,0,0,0,0,0,0,0,0,0,0,0,0,0,0,0,0,0
208,Sam Cassell,LAC,200605080PHO,"May 8, 2006",PHX,28,19,8,22,57.14,62.17,-5.03,14,14,3,3,1,1,0,0,2,6,0,0,0,0,0,0,0,0,0,0,0,0,2,4
2571,Leandro Barbosa,PHX,200605080PHO,"May 8, 2006",LAC,17,12,3,13,54.84,63.81,-8.97,7,6,4,6,1,2,0,0,1,3,0,0,0,0,0,0,0,0,0,0,0,0,0,0
1501,Tim Thomas,PHX,200605080PHO,"May 8, 2006",LAC,12,8,0,8,57.14,75.0,-17.86,3,6,5,6,0,0,0,0,0,0,0,0,0,0,0,0,0,0,0,0,0,0,0,0
2209,Vladimir Radmanovic,LAC,200605080PHO,"May 8, 2006",PHX,5,3,3,4,41.67,57.87,-16.2,0,0,3,3,0,0,1,2,0,0,0,0,0,0,0,0,0,0,0,0,0,0,0,0
2733,Shaun Livingston,LAC,200605080PHO,"May 8, 2006",PHX,10,8,0,8,62.5,62.5,0.0,8,10,0,0,0,0,0,0,0,0,0,0,0,0,0,0,0,0,0,0,0,0,0,0
2067,Eddie House,PHX,200605080PHO,"May 8, 2006",LAC,0,2,0,2,0.0,0.0,0.0,2,0,0,0,0,0,0,0,0,0,0,0,0,0,0,0,0,0,0,0,0,0,0,0
1894,Corey Maggette,LAC,200605080PHO,"May 8, 2006",PHX,20,11,5,13,62.5,75.76,-13.26,5,8,5,6,2,3,0,0,1,3,0,0,0,0,0,0,0,0,0,0,0,0,0,0
980,Zydrunas Ilgauskas,CLE,200605090DET,"May 9, 2006",DET,10,9,2,10,50.0,50.61,-0.61,9,8,0,0,1,2,0,0,0,0,0,0,0,0,0,0,0,0,0,0,0,0,0,0
727,Eric Snow,CLE,200605090DET,"May 9, 2006",DET,2,5,2,6,16.67,17.01,-0.34,5,2,0,0,1,0,0,0,0,0,0,0,0,0,0,0,0,0,0,0,0,0,0,0
739,Rasheed Wallace,DET,200605090DET,"May 9, 2006",CLE,29,17,9,21,56.86,69.18,-12.32,8,8,8,15,3,2,0,0,1,3,0,0,0,0,0,0,0,0,0,0,0,0,1,1
2544,LeBron James,CLE,200605090DET,"May 9, 2006",DET,30,23,8,26,50.85,56.56,-5.71,16,14,5,6,2,3,0,0,2,5,0,0,0,0,0,0,0,0,0,0,0,0,1,2
2400,Drew Gooden,DET,200605090DET,"May 9, 2006",CLE,17,9,3,10,80.95,82.36,-1.41,8,12,0,0,1,2,0,0,1,3,0,0,0,0,0,0,0,0,0,0,0,0,0,0
1716,Larry Hughes,CLE,200605090DET,"May 9, 2006",DET,8,11,0,11,34.78,36.36,-1.58,10,8,1,0,0,0,0,0,0,0,0,0,0,0,0,0,0,0,0,0,0,0,0,0
1888,Richard Hamilton,DET,200605090DET,"May 9, 2006",CLE,17,7,18,16,50.0,56.97,-6.97,4,0,2,0,4,6,0,0,1,3,0,0,1,1,0,0,0,0,0,0,0,0,4,7
1112,Ben Wallace,DET,200605090DET,"May 9, 2006",CLE,10,7,4,9,55.56,57.08,-1.52,7,8,0,0,0,0,0,0,0,0,0,0,0,0,0,0,0,0,0,0,0,0,2,2
1497,Chauncey Billups,DET,200605090DET,"May 9, 2006",CLE,15,13,4,15,39.47,50.81,-11.34,5,2,8,9,0,0,1,3,0,0,0,0,1,1,0,0,0,0,0,0,0,0,0,0
2419,Tayshaun Prince,DET,200605090DET,"May 9, 2006",CLE,20,15,7,18,47.62,55.31,-7.69,9,6,5,6,3,5,0,0,1,3,0,0,0,0,0,0,0,0,0,0,0,0,0,0
923,Donyell Marshall,CLE,200605090DET,"May 9, 2006",DET,9,8,0,8,40.91,56.25,-15.34,2,0,6,9,0,0,0,0,0,0,0,0,0,0,0,0,0,0,0,0,0,0,0,0
murraro01,R. Murray,CLE,200605090DET,"May 9, 2006",DET,2,4,4,6,16.67,17.36,-0.69,4,0,0,0,2,2,0,0,0,0,0,0,0,0,0,0,0,0,0,0,0,0,0,0
2760,Anderson Varejao,CLE,200605090DET,"May 9, 2006",DET,10,8,3,9,52.63,53.65,-1.02,7,6,0,0,1,2,0,0,1,2,0,0,0,0,0,0,0,0,0,0,0,0,0,0
686,Antonio McDyess,DET,200605090DET,"May 9, 2006",CLE,2,2,0,2,50.0,50.0,0.0,2,2,0,0,0,0,0,0,0,0,0,0,0,0,0,0,0,0,0,0,0,0,0,0
2230,Maurice Evans,DET,200605090DET,"May 9, 2006",CLE,2,2,0,2,50.0,50.0,0.0,2,2,0,0,0,0,0,0,0,0,0,0,0,0,0,0,0,0,0,0,0,0,0,0
283,Lindsey Hunter,DET,200605090DET,"May 9, 2006",CLE,0,3,0,3,0.0,0.0,0.0,1,0,2,0,0,0,0,0,0,0,0,0,0,0,0,0,0,0,0,0,0,0,0,0
1800,Damon Jones,CLE,200605090DET,"May 9, 2006",DET,3,2,0,2,50.0,75.0,-25.0,0,0,2,3,0,0,0,0,0,0,0,0,0,0,0,0,0,0,0,0,0,0,0,0
960,Tony Delk,DET,200605090DET,"May 9, 2006",CLE,2,2,0,2,50.0,50.0,0.0,2,2,0,0,0,0,0,0,0,0,0,0,0,0,0,0,0,0,0,0,0,0,0,0
1717,Dirk Nowitzki,SAS,200605090SAS,"May 9, 2006",DAL,21,11,7,16,67.74,74.57,-6.83,9,14,2,0,2,4,0,0,0,0,0,0,3,3,0,0,0,0,0,0,0,0,0,0
1495,Tim Duncan,SAS,200605090SAS,"May 9, 2006",DAL,28,10,14,17,82.35,86.63,-4.28,10,16,0,0,5,9,0,0,0,0,0,0,0,0,0,0,0,0,0,0,0,0,2,3
2225,Tony Parker,SAS,200605090SAS,"May 9, 2006",DAL,15,14,6,17,44.12,45.07,-0.95,14,12,0,0,3,3,0,0,0,0,0,0,0,0,0,0,0,0,0,0,0,0,0,0
2572,Josh Howard,DAL,200605090SAS,"May 9, 2006",SAS,27,17,11,22,55.1,61.81,-6.71,12,8,4,6,3,6,0,0,1,3,0,0,0,0,0,0,0,0,0,0,0,0,2,4
109,Robert Horry,SAS,200605090SAS,"May 9, 2006",DAL,2,2,1,2,40.0,40.98,-0.98,1,0,0,0,0,0,0,0,1,2,0,0,0,0,0,0,0,0,0,0,0,0,0,0
1938,Manu Ginobili,SAS,200605090SAS,"May 9, 2006",DAL,13,11,7,15,40.62,46.16,-5.54,8,8,3,0,1,2,0,0,0,0,0,0,1,1,0,0,0,0,0,0,0,0,2,2
2734,Devin Harris,DAL,200605090SAS,"May 9, 2006",SAS,20,12,9,16,58.82,62.66,-3.84,10,12,1,0,3,5,0,0,1,2,0,0,0,0,0,0,0,0,0,0,0,0,1,1
2205,DeSagana Diop,SAS,200605090SAS,"May 9, 2006",DAL,3,2,2,3,50.0,52.08,-2.08,2,2,0,0,1,1,0,0,0,0,0,0,0,0,0,0,0,0,0,0,0,0,0,0
1891,Jason Terry,SAS,200605090SAS,"May 9, 2006",DAL,11,13,0,13,39.29,42.31,-3.02,11,8,2,3,0,0,0,0,0,0,0,0,0,0,0,0,0,0,0,0,0,0,0,0
1477,Bruce Bowen,SAS,200605090SAS,"May 9, 2006",DAL,6,4,0,4,54.55,75.0,-20.45,1,0,3,6,0,0,0,0,0,0,0,0,0,0,0,0,0,0,0,0,0,0,0,0
956,Erick Dampier,DAL,200605090SAS,"May 9, 2006",SAS,0,1,2,2,0.0,0.0,0.0,1,0,0,0,0,0,0,0,0,0,0,0,0,0,0,0,0,0,0,0,0,0,1,0
699,Brent Barry,SAS,200605090SAS,"May 9, 2006",DAL,12,8,2,9,54.55,67.57,-13.02,4,4,4,6,0,0,0,0,0,0,0,0,0,0,0,0,0,0,0,0,0,0,1,2
711,Jerry Stackhouse,DAL,200605090SAS,"May 9, 2006",SAS,19,12,6,15,55.88,64.89,-9.01,8,6,4,9,2,3,0,0,0,0,0,0,0,0,0,0,0,0,0,0,0,0,1,1
1737,Nazr Mohammed,SAS,200605090SAS,"May 9, 2006",DAL,1,0,2,1,50.0,56.82,-6.82,0,0,0,0,1,1,0,0,0,0,0,0,0,0,0,0,0,0,0,0,0,0,0,0
714,Michael Finley,SAS,200605090SAS,"May 9, 2006",DAL,7,7,1,8,43.75,47.04,-3.29,6,6,1,0,0,0,0,0,0,0,0,0,1,1,0,0,0,0,0,0,0,0,0,0
2605,Marquis Daniels,DAL,200605090SAS,"May 9, 2006",SAS,8,6,4,8,50.0,51.55,-1.55,6,4,0,0,1,2,0,0,0,0,0,0,0,0,0,0,0,0,0,0,0,0,1,2
89,Nick Van Exel,SAS,200605090SAS,"May 9, 2006",DAL,0,1,0,1,0.0,0.0,0.0,0,0,1,0,0,0,0,0,0,0,0,0,0,0,0,0,0,0,0,0,0,0,0,0
1559,Adrian Griffin,DAL,200605090SAS,"May 9, 2006",SAS,2,1,2,2,50.0,53.19,-3.19,1,0,0,0,0,0,0,0,0,0,0,0,0,0,0,0,0,0,0,0,0,0,1,2
2757,Beno Udrih,SAS,200605090SAS,"May 9, 2006",DAL,7,8,4,10,33.33,35.86,-2.53,7,4,1,0,2,3,0,0,0,0,0,0,0,0,0,0,0,0,0,0,0,0,0,0
101177,Fabricio Oberto,SAS,200605090SAS,"May 9, 2006",DAL,0,1,0,1,0.0,0.0,0.0,1,0,0,0,0,0,0,0,0,0,0,0,0,0,0,0,0,0,0,0,0,0,0,0
2694,Josh Powell,DAL,200605090SAS,"May 9, 2006",SAS,0,1,0,1,0.0,0.0,0.0,1,0,0,0,0,0,0,0,0,0,0,0,0,0,0,0,0,0,0,0,0,0,0,0
353,Darrell Armstrong,DAL,200605090SAS,"May 9, 2006",SAS,2,1,0,1,100.0,100.0,0.0,1,2,0,0,0,0,0,0,0,0,0,0,0,0,0,0,0,0,0,0,0,0,0,0
mbengdj01,D. Ilunga-Mbenga,DAL,200605090SAS,"May 9, 2006",SAS,0,1,0,1,0.0,0.0,0.0,1,0,0,0,0,0,0,0,0,0,0,0,0,0,0,0,0,0,0,0,0,0,0,0
467,Jason Kidd,MIA,200605100MIA,"May 10, 2006",NJN,15,11,3,12,48.39,60.88,-12.49,4,4,6,6,0,0,0,0,1,3,0,0,0,0,0,0,0,0,0,0,0,0,1,2
1715,Jason Williams,MIA,200605100MIA,"May 10, 2006",NJN,14,9,6,13,50.0,60.14,-10.14,5,6,4,3,2,3,0,0,0,0,0,0,2,2,0,0,0,0,0,0,0,0,0,0
2210,Richard Jefferson,NJN,200605100MIA,"May 10, 2006",MIA,16,16,0,16,47.06,50.0,-2.94,14,16,2,0,0,0,0,0,0,0,0,0,0,0,0,0,0,0,0,0,0,0,0,0
952,Antoine Walker,MIA,200605100MIA,"May 10, 2006",NJN,6,6,0,6,37.5,50.0,-12.5,2,0,4,6,0,0,0,0,0,0,0,0,0,0,0,0,0,0,0,0,0,0,0,0
406,Shaquille O'Neal,MIA,200605100MIA,"May 10, 2006",NJN,21,17,10,21,47.73,49.07,-1.34,15,14,0,0,3,2,0,0,2,5,0,0,0,0,0,0,0,0,0,0,0,0,1,0
2548,Dwyane Wade,MIA,200605100MIA,"May 10, 2006",NJN,31,19,4,21,68.89,74.66,-5.77,16,18,3,9,2,4,0,0,0,0,0,0,0,0,0,0,0,0,0,0,0,0,0,0
2420,Nenad Krstic,NJN,200605100MIA,"May 10, 2006",MIA,14,10,8,14,50.0,51.78,-1.78,10,8,0,0,3,5,0,0,0,0,0,0,0,0,0,0,0,0,0,0,0,0,1,1
1713,Vince Carter,NJN,200605100MIA,"May 10, 2006",MIA,22,11,12,17,61.11,67.57,-6.46,9,8,2,3,2,3,0,0,0,0,0,0,0,0,0,0,0,0,0,0,0,0,4,8
2617,Udonis Haslem,MIA,200605100MIA,"May 10, 2006",NJN,11,7,3,8,64.71,66.11,-1.4,6,6,0,0,0,0,0,0,1,3,0,0,0,0,0,0,0,0,0,0,0,0,1,2
2215,Jason Collins,NJN,200605100MIA,"May 10, 2006",MIA,5,3,3,4,55.56,57.87,-2.31,2,2,0,0,1,1,0,0,1,2,0,0,0,0,0,0,0,0,0,0,0,0,0,0
361,Clifford Robinson,NJN,200605100MIA,"May 10, 2006",MIA,3,4,2,5,25.0,30.74,-5.74,2,2,2,0,1,1,0,0,0,0,0,0,0,0,0,0,0,0,0,0,0,0,0,0
297,Alonzo Mourning,MIA,200605100MIA,"May 10, 2006",NJN,7,2,6,5,70.0,75.43,-5.43,2,2,0,0,2,3,0,0,0,0,0,0,0,0,0,0,0,0,0,0,0,0,1,2
1899,James Posey,MIA,200605100MIA,"May 10, 2006",NJN,5,4,2,5,35.71,51.23,-15.52,0,0,4,3,1,2,0,0,0,0,0,0,0,0,0,0,0,0,0,0,0,0,0,0
1519,John Thomas,NJN,200605100MIA,"May 10, 2006",MIA,0,1,0,1,0.0,0.0,0.0,1,0,0,0,0,0,0,0,0,0,0,0,0,0,0,0,0,0,0,0,0,0,0,0
1521,Jacque Vaughn,NJN,200605100MIA,"May 10, 2006",MIA,0,5,0,5,0.0,0.0,0.0,5,0,0,0,0,0,0,0,0,0,0,0,0,0,0,0,0,0,0,0,0,0,0,0
441,Lamond Murray,NJN,200605100MIA,"May 10, 2006",MIA,11,6,5,8,52.38,67.07,-14.69,2,0,4,6,0,0,1,3,0,0,0,0,0,0,0,0,0,0,0,0,0,0,1,2
56,Gary Payton,MIA,200605100MIA,"May 10, 2006",NJN,11,4,0,4,100.0,137.5,-37.5,1,2,3,9,0,0,0,0,0,0,0,0,0,0,0,0,0,0,0,0,0,0,0,0
1507,Derek Anderson,MIA,200605100MIA,"May 10, 2006",NJN,3,3,0,3,37.5,50.0,-12.5,1,0,2,3,0,0,0,0,0,0,0,0,0,0,0,0,0,0,0,0,0,0,0,0
101120,Antoine Wright,NJN,200605100MIA,"May 10, 2006",MIA,0,2,0,2,0.0,0.0,0.0,2,0,0,0,0,0,0,0,0,0,0,0,0,0,0,0,0,0,0,0,0,0,0,0
1909,Scott Padgett,NJN,200605100MIA,"May 10, 2006",MIA,3,1,2,2,75.0,79.79,-4.79,1,2,0,0,0,0,0,0,0,0,0,0,0,0,0,0,0,0,0,0,0,0,1,1
1720,Michael Doleac,MIA,200605100MIA,"May 10, 2006",NJN,2,2,0,2,50.0,50.0,0.0,2,2,0,0,0,0,0,0,0,0,0,0,0,0,0,0,0,0,0,0,0,0,0,0
101134,Wayne Simien,MIA,200605100MIA,"May 10, 2006",NJN,0,1,0,1,0.0,0.0,0.0,1,0,0,0,0,0,0,0,0,0,0,0,0,0,0,0,0,0,0,0,0,0,0,0
1890,Shawn Marion,PHX,200605100PHO,"May 10, 2006",LAC,13,12,6,14,40.62,44.4,-3.78,8,6,2,0,2,3,0,0,2,4,0,0,0,0,0,0,0,0,0,0,0,0,0,0
1882,Elton Brand,LAC,200605100PHO,"May 10, 2006",PHX,27,16,10,21,64.29,66.18,-1.89,16,20,0,0,3,5,0,0,0,0,0,0,0,0,0,0,0,0,0,0,0,0,2,2
2549,Chris Kaman,PHX,200605100PHO,"May 10, 2006",LAC,14,8,2,9,77.78,78.83,-1.05,8,12,0,0,1,2,0,0,0,0,0,0,0,0,0,0,0,0,0,0,0,0,0,0
1952,Raja Bell,PHX,200605100PHO,"May 10, 2006",LAC,20,15,2,16,51.28,62.97,-11.69,8,6,7,12,1,2,0,0,0,0,0,0,0,0,0,0,0,0,0,0,0,0,0,0
2624,Quinton Ross,LAC,200605100PHO,"May 10, 2006",PHX,11,10,1,10,52.38,52.68,-0.3,9,8,0,0,0,0,0,0,1,3,0,0,0,0,0,0,0,0,0,0,0,0,0,0
208,Sam Cassell,LAC,200605100PHO,"May 10, 2006",PHX,23,12,7,15,69.7,76.26,-6.56,9,10,2,6,2,3,0,0,1,3,0,0,0,0,0,0,0,0,0,0,0,0,1,1
1749,Cuttino Mobley,LAC,200605100PHO,"May 10, 2006",PHX,23,16,4,18,60.53,64.75,-4.22,14,16,2,3,2,4,0,0,0,0,0,0,0,0,0,0,0,0,0,0,0,0,0,0
2592,James Jones,PHX,200605100PHO,"May 10, 2006",LAC,0,4,0,4,0.0,0.0,0.0,2,0,2,0,0,0,0,0,0,0,0,0,0,0,0,0,0,0,0,0,0,0,0,0
2564,Boris Diaw,PHX,200605100PHO,"May 10, 2006",LAC,14,8,3,9,73.68,75.11,-1.43,7,10,0,0,0,0,0,0,1,3,0,0,0,0,0,0,0,0,0,0,0,0,1,1
959,Steve Nash,PHX,200605100PHO,"May 10, 2006",LAC,14,12,3,14,48.28,52.55,-4.27,10,12,2,0,0,0,0,0,0,0,0,0,1,1,0,0,0,0,0,0,0,0,1,1
2209,Vladimir Radmanovic,LAC,200605100PHO,"May 10, 2006",PHX,10,12,1,12,35.71,40.19,-4.48,8,4,3,3,0,0,0,0,1,3,0,0,0,0,0,0,0,0,0,0,0,0,0,0
1501,Tim Thomas,PHX,200605100PHO,"May 10, 2006",LAC,15,9,2,10,60.0,75.91,-15.91,4,4,5,9,0,0,0,0,0,0,0,0,0,0,0,0,0,0,0,0,0,0,1,2
2571,Leandro Barbosa,PHX,200605100PHO,"May 10, 2006",LAC,18,13,5,15,48.65,59.21,-10.56,6,6,6,6,2,3,0,0,1,3,0,0,0,0,0,0,0,0,0,0,0,0,0,0
2067,Eddie House,PHX,200605100PHO,"May 10, 2006",LAC,0,3,0,3,0.0,0.0,0.0,1,0,2,0,0,0,0,0,0,0,0,0,0,0,0,0,0,0,0,0,0,0,0,0
2733,Shaun Livingston,LAC,200605100PHO,"May 10, 2006",PHX,8,8,0,8,50.0,50.0,0.0,8,8,0,0,0,0,0,0,0,0,0,0,0,0,0,0,0,0,0,0,0,0,0,0
1894,Corey Maggette,LAC,200605100PHO,"May 10, 2006",PHX,2,4,0,4,22.22,25.0,-2.78,3,2,1,0,0,0,0,0,0,0,0,0,0,0,0,0,0,0,0,0,0,0,0,0
962,Walter McCarty,LAC,200605100PHO,"May 10, 2006",PHX,0,2,0,2,0.0,0.0,0.0,1,0,1,0,0,0,0,0,0,0,0,0,0,0,0,0,0,0,0,0,0,0,0,0
258,Brian Grant,PHX,200605100PHO,"May 10, 2006",LAC,2,1,0,1,100.0,100.0,0.0,1,2,0,0,0,0,0,0,0,0,0,0,0,0,0,0,0,0,0,0,0,0,0,0
2401,Nikoloz Tskitishvili,PHX,200605100PHO,"May 10, 2006",LAC,1,2,2,3,16.67,17.36,-0.69,2,0,0,0,0,0,0,0,0,0,0,0,0,0,0,0,0,0,0,0,0,0,1,1
101137,Daniel Ewing,LAC,200605100PHO,"May 10, 2006",PHX,2,1,0,1,100.0,100.0,0.0,1,2,0,0,0,0,0,0,0,0,0,0,0,0,0,0,0,0,0,0,0,0,0,0
101189,James Singleton,LAC,200605100PHO,"May 10, 2006",PHX,2,1,0,1,100.0,100.0,0.0,1,2,0,0,0,0,0,0,0,0,0,0,0,0,0,0,0,0,0,0,0,0,0,0
406,Shaquille O'Neal,MIA,200605120NJN,"May 12, 2006",NJN,19,15,5,17,54.29,55.23,-0.94,14,14,0,0,1,0,0,0,1,3,0,0,0,0,0,0,0,0,0,0,0,0,1,2
1713,Vince Carter,NJN,200605120NJN,"May 12, 2006",MIA,43,34,9,39,51.81,56.64,-4.83,28,28,6,9,2,2,0,0,0,0,0,0,1,1,0,0,0,0,0,0,0,0,2,3
2617,Udonis Haslem,MIA,200605120NJN,"May 12, 2006",NJN,9,4,5,6,69.23,72.58,-3.35,3,2,0,0,1,2,0,0,1,3,0,0,0,0,0,0,0,0,0,0,0,0,1,2
952,Antoine Walker,MIA,200605120NJN,"May 12, 2006",NJN,16,11,2,12,48.48,67.34,-18.86,2,2,9,12,0,0,0,0,0,0,0,0,0,0,0,0,0,0,0,0,0,0,1,2
2210,Richard Jefferson,NJN,200605120NJN,"May 12, 2006",MIA,17,13,3,15,54.84,59.36,-4.52,11,12,2,3,1,1,0,0,0,0,0,0,1,1,0,0,0,0,0,0,0,0,0,0
2420,Nenad Krstic,NJN,200605120NJN,"May 12, 2006",MIA,8,14,2,15,26.67,26.88,-0.21,14,8,0,0,1,0,0,0,0,0,0,0,0,0,0,0,0,0,0,0,0,0,0,0
1715,Jason Williams,MIA,200605120NJN,"May 12, 2006",NJN,7,7,5,10,31.82,38.04,-6.22,4,2,3,0,0,0,0,0,0,0,0,0,1,1,0,0,0,0,0,0,0,0,2,4
2215,Jason Collins,NJN,200605120NJN,"May 12, 2006",MIA,2,3,2,4,25.0,25.77,-0.77,3,0,0,0,1,2,0,0,0,0,0,0,0,0,0,0,0,0,0,0,0,0,0,0
2548,Dwyane Wade,MIA,200605120NJN,"May 12, 2006",NJN,30,16,15,23,60.0,66.37,-6.37,12,8,3,6,2,3,0,0,1,3,0,0,0,0,0,0,0,0,0,0,0,0,5,10
467,Jason Kidd,NJN,200605120NJN,"May 12, 2006",MIA,10,12,2,13,31.25,38.82,-7.57,6,6,6,3,1,1,0,0,0,0,0,0,0,0,0,0,0,0,0,0,0,0,0,0
1899,James Posey,MIA,200605120NJN,"May 12, 2006",NJN,8,4,0,4,72.73,100.0,-27.27,1,2,3,6,0,0,0,0,0,0,0,0,0,0,0,0,0,0,0,0,0,0,0,0
56,Gary Payton,MIA,200605120NJN,"May 12, 2006",NJN,7,8,0,8,33.33,43.75,-10.42,3,4,5,3,0,0,0,0,0,0,0,0,0,0,0,0,0,0,0,0,0,0,0,0
1521,Jacque Vaughn,NJN,200605120NJN,"May 12, 2006",MIA,3,1,2,2,75.0,79.79,-4.79,1,2,0,0,1,1,0,0,0,0,0,0,0,0,0,0,0,0,0,0,0,0,0,0
441,Lamond Murray,NJN,200605120NJN,"May 12, 2006",MIA,9,8,0,8,45.0,56.25,-11.25,4,6,4,3,0,0,0,0,0,0,0,0,0,0,0,0,0,0,0,0,0,0,0,0
297,Alonzo Mourning,MIA,200605120NJN,"May 12, 2006",NJN,7,2,8,6,58.33,63.41,-5.08,2,2,0,0,3,5,0,0,0,0,0,0,0,0,0,0,0,0,0,0,0,0,1,0
2549,Chris Kaman,LAC,200605120LAC,"May 12, 2006",PHX,11,11,3,12,44.0,44.64,-0.64,10,8,0,0,1,1,0,0,1,2,0,0,0,0,0,0,0,0,0,0,0,0,0,0
2564,Boris Diaw,PHX,200605120LAC,"May 12, 2006",LAC,11,13,5,15,35.48,36.18,-0.7,12,6,0,0,2,3,0,0,1,2,0,0,0,0,0,0,0,0,0,0,0,0,0,0
2624,Quinton Ross,LAC,200605120LAC,"May 12, 2006",PHX,10,7,2,8,62.5,63.45,-0.95,7,8,0,0,0,0,0,0,0,0,0,0,0,0,0,0,0,0,0,0,0,0,1,2
1501,Tim Thomas,PHX,200605120LAC,"May 12, 2006",LAC,19,18,3,19,41.3,49.17,-7.87,10,8,7,6,1,2,0,0,1,3,0,0,0,0,0,0,0,0,0,0,0,0,0,0
959,Steve Nash,PHX,200605120LAC,"May 12, 2006",LAC,12,9,6,12,42.86,51.55,-8.69,5,6,4,0,1,2,0,0,0,0,0,0,0,0,0,0,0,0,0,0,0,0,2,4
1882,Elton Brand,LAC,200605120LAC,"May 12, 2006",PHX,20,17,7,20,48.78,49.8,-1.02,16,12,0,0,3,5,0,0,1,3,0,0,0,0,0,0,0,0,0,0,0,0,0,0
1749,Cuttino Mobley,LAC,200605120LAC,"May 12, 2006",PHX,14,14,0,14,46.67,50.0,-3.33,12,8,2,6,0,0,0,0,0,0,0,0,0,0,0,0,0,0,0,0,0,0,0,0
1952,Raja Bell,PHX,200605120LAC,"May 12, 2006",LAC,14,9,5,11,50.0,62.5,-12.5,3,2,5,6,1,1,0,0,1,3,0,0,0,0,0,0,0,0,0,0,0,0,1,2
1890,Shawn Marion,PHX,200605120LAC,"May 12, 2006",LAC,32,24,5,26,53.33,61.07,-7.74,16,16,7,9,1,2,0,0,1,3,0,0,0,0,0,0,0,0,0,0,0,0,1,2
208,Sam Cassell,LAC,200605120LAC,"May 12, 2006",PHX,6,10,2,11,23.08,27.57,-4.49,6,4,4,0,1,2,0,0,0,0,0,0,0,0,0,0,0,0,0,0,0,0,0,0
2733,Shaun Livingston,LAC,200605120LAC,"May 12, 2006",PHX,3,5,2,6,25.0,25.51,-0.51,5,2,0,0,1,1,0,0,0,0,0,0,0,0,0,0,0,0,0,0,0,0,0,0
258,Brian Grant,PHX,200605120LAC,"May 12, 2006",LAC,0,2,0,2,0.0,0.0,0.0,2,0,0,0,0,0,0,0,0,0,0,0,0,0,0,0,0,0,0,0,0,0,0,0
2571,Leandro Barbosa,PHX,200605120LAC,"May 12, 2006",LAC,6,8,2,9,28.57,33.78,-5.21,5,4,3,0,0,0,0,0,0,0,0,0,0,0,0,0,0,0,0,0,0,0,1,2
2592,James Jones,PHX,200605120LAC,"May 12, 2006",LAC,0,3,0,3,0.0,0.0,0.0,2,0,1,0,0,0,0,0,0,0,0,0,0,0,0,0,0,0,0,0,0,0,0,0
1894,Corey Maggette,LAC,200605120LAC,"May 12, 2006",PHX,7,10,2,11,30.43,32.17,-1.74,9,6,1,0,1,1,0,0,0,0,0,0,0,0,0,0,0,0,0,0,0,0,0,0
2209,Vladimir Radmanovic,LAC,200605120LAC,"May 12, 2006",PHX,18,8,2,9,75.0,101.35,-26.35,2,2,6,15,1,1,0,0,0,0,0,0,0,0,0,0,0,0,0,0,0,0,0,0
962,Walter McCarty,LAC,200605120LAC,"May 12, 2006",PHX,2,1,0,1,100.0,100.0,0.0,1,2,0,0,0,0,0,0,0,0,0,0,0,0,0,0,0,0,0,0,0,0,0,0
739,Rasheed Wallace,DET,200605130CLE,"May 13, 2006",CLE,11,11,4,13,35.48,43.1,-7.62,6,4,5,3,2,4,0,0,0,0,0,0,0,0,0,0,0,0,0,0,0,0,0,0
murraro01,R. Murray,CLE,200605130CLE,"May 13, 2006",DET,13,13,4,15,38.24,44.04,-5.8,9,6,4,3,1,2,0,0,0,0,0,0,0,0,0,0,0,0,0,0,0,0,1,2
980,Zydrunas Ilgauskas,CLE,200605130CLE,"May 13, 2006",DET,8,6,0,6,66.67,66.67,0.0,6,8,0,0,0,0,0,0,0,0,0,0,0,0,0,0,0,0,0,0,0,0,0,0
1497,Chauncey Billups,DET,200605130CLE,"May 13, 2006",CLE,20,15,5,17,48.78,58.14,-9.36,8,4,6,9,2,4,0,0,1,3,0,0,0,0,0,0,0,0,0,0,0,0,0,0
2544,LeBron James,CLE,200605130CLE,"May 13, 2006",DET,21,18,2,19,50.0,55.61,-5.61,14,16,4,3,0,0,0,0,0,0,0,0,0,0,0,0,0,0,0,0,0,0,1,2
2419,Tayshaun Prince,DET,200605130CLE,"May 13, 2006",CLE,10,10,2,11,41.67,45.96,-4.29,8,8,2,0,1,2,0,0,0,0,0,0,0,0,0,0,0,0,0,0,0,0,0,0
1112,Ben Wallace,DET,200605130CLE,"May 13, 2006",CLE,5,4,3,5,45.45,46.99,-1.54,3,2,0,0,1,1,0,0,1,2,0,0,0,0,0,0,0,0,0,0,0,0,0,0
1888,Richard Hamilton,DET,200605130CLE,"May 13, 2006",CLE,22,18,2,19,55.0,58.26,-3.26,15,12,2,6,0,0,0,0,1,3,0,0,1,1,0,0,0,0,0,0,0,0,0,0
2400,Drew Gooden,CLE,200605130CLE,"May 13, 2006",DET,8,6,0,6,66.67,66.67,0.0,6,8,0,0,0,0,0,0,0,0,0,0,0,0,0,0,0,0,0,0,0,0,0,0
727,Eric Snow,CLE,200605130CLE,"May 13, 2006",DET,8,7,2,8,50.0,50.76,-0.76,7,6,0,0,1,2,0,0,0,0,0,0,0,0,0,0,0,0,0,0,0,0,0,0
923,Donyell Marshall,CLE,200605130CLE,"May 13, 2006",DET,9,8,3,9,40.91,48.28,-7.37,4,4,3,0,1,2,0,0,1,3,0,0,0,0,0,0,0,0,0,0,0,0,0,0
686,Antonio McDyess,DET,200605130CLE,"May 13, 2006",CLE,6,6,0,6,50.0,50.0,0.0,6,6,0,0,0,0,0,0,0,0,0,0,0,0,0,0,0,0,0,0,0,0,0,0
283,Lindsey Hunter,DET,200605130CLE,"May 13, 2006",CLE,3,3,0,3,37.5,50.0,-12.5,1,0,2,3,0,0,0,0,0,0,0,0,0,0,0,0,0,0,0,0,0,0,0,0
1800,Damon Jones,CLE,200605130CLE,"May 13, 2006",DET,3,3,0,3,33.33,50.0,-16.67,0,0,3,3,0,0,0,0,0,0,0,0,0,0,0,0,0,0,0,0,0,0,0,0
2760,Anderson Varejao,CLE,200605130CLE,"May 13, 2006",DET,16,7,5,9,84.21,86.96,-2.75,6,10,0,0,2,3,0,0,1,3,0,0,0,0,0,0,0,0,0,0,0,0,0,0
2230,Maurice Evans,DET,200605130CLE,"May 13, 2006",CLE,0,2,0,2,0.0,0.0,0.0,1,0,1,0,0,0,0,0,0,0,0,0,0,0,0,0,0,0,0,0,0,0,0,0
960,Tony Delk,DET,200605130CLE,"May 13, 2006",CLE,0,2,0,2,0.0,0.0,0.0,2,0,0,0,0,0,0,0,0,0,0,0,0,0,0,0,0,0,0,0,0,0,0,0
1891,Jason Terry,DAL,200605130DAL,"May 13, 2006",SAS,19,15,2,16,55.88,59.82,-3.94,13,14,2,3,1,2,0,0,0,0,0,0,0,0,0,0,0,0,0,0,0,0,0,0
1495,Tim Duncan,SAS,200605130DAL,"May 13, 2006",DAL,35,23,8,26,63.64,65.99,-2.35,20,26,1,0,3,4,0,0,2,5,0,0,0,0,0,0,0,0,0,0,0,0,0,0
1717,Dirk Nowitzki,DAL,200605130DAL,"May 13, 2006",SAS,27,9,24,20,64.29,69.02,-4.73,8,4,0,0,6,10,1,3,1,3,0,0,0,0,0,0,0,0,0,0,0,0,4,7
699,Brent Barry,SAS,200605130DAL,"May 13, 2006",DAL,8,4,3,6,53.33,75.19,-21.86,0,0,4,6,0,0,0,0,0,0,0,0,1,1,0,0,0,0,0,0,0,0,1,1
2205,DeSagana Diop,SAS,200605130DAL,"May 13, 2006",DAL,3,2,1,2,60.0,61.48,-1.48,1,0,0,0,0,0,0,0,1,3,0,0,0,0,0,0,0,0,0,0,0,0,0,0
2225,Tony Parker,SAS,200605130DAL,"May 13, 2006",DAL,15,16,4,18,41.67,42.23,-0.56,16,12,0,0,2,3,0,0,0,0,0,0,0,0,0,0,0,0,0,0,0,0,0,0
2572,Josh Howard,DAL,200605130DAL,"May 13, 2006",SAS,12,10,6,13,44.44,47.47,-3.03,9,8,1,0,2,3,0,0,0,0,0,0,0,0,0,0,0,0,0,0,0,0,1,1
2734,Devin Harris,DAL,200605130DAL,"May 13, 2006",SAS,24,14,11,18,60.0,63.69,-3.69,10,8,1,0,2,4,0,0,3,8,0,0,0,0,0,0,0,0,0,0,0,0,2,4
1477,Bruce Bowen,SAS,200605130DAL,"May 13, 2006",DAL,7,5,0,5,63.64,70.0,-6.36,4,4,1,3,0,0,0,0,0,0,0,0,0,0,0,0,0,0,0,0,0,0,0,0
109,Robert Horry,SAS,200605130DAL,"May 13, 2006",DAL,2,5,4,7,13.33,14.79,-1.46,4,0,1,0,2,2,0,0,0,0,0,0,0,0,0,0,0,0,0,0,0,0,0,0
101177,Fabricio Oberto,SAS,200605130DAL,"May 13, 2006",DAL,4,5,2,6,33.33,34.01,-0.68,5,4,0,0,0,0,0,0,0,0,0,0,0,0,0,0,0,0,0,0,0,0,1,0
1938,Manu Ginobili,SAS,200605130DAL,"May 13, 2006",DAL,24,16,11,21,53.33,57.58,-4.25,13,12,2,0,4,7,0,0,1,3,0,0,0,0,0,0,0,0,0,0,0,0,1,2
711,Jerry Stackhouse,DAL,200605130DAL,"May 13, 2006",SAS,10,11,2,12,40.0,42.09,-2.09,10,10,1,0,0,0,0,0,0,0,0,0,0,0,0,0,0,0,0,0,0,0,1,0
956,Erick Dampier,DAL,200605130DAL,"May 13, 2006",SAS,5,2,2,3,83.33,86.81,-3.48,2,4,0,0,1,1,0,0,0,0,0,0,0,0,0,0,0,0,0,0,0,0,0,0
714,Michael Finley,SAS,200605130DAL,"May 13, 2006",DAL,6,7,0,7,40.0,42.86,-2.86,6,6,1,0,0,0,0,0,0,0,0,0,0,0,0,0,0,0,0,0,0,0,0,0
89,Nick Van Exel,SAS,200605130DAL,"May 13, 2006",DAL,2,1,0,1,100.0,100.0,0.0,1,2,0,0,0,0,0,0,0,0,0,0,0,0,0,0,0,0,0,0,0,0,0,0
2605,Marquis Daniels,DAL,200605130DAL,"May 13, 2006",SAS,4,3,2,4,50.0,51.55,-1.55,3,4,0,0,1,0,0,0,0,0,0,0,0,0,0,0,0,0,0,0,0,0,0,0
2617,Udonis Haslem,MIA,200605140NJN,"May 14, 2006",NJN,20,11,5,13,74.07,75.76,-1.69,10,14,0,0,1,2,0,0,1,2,0,0,0,0,0,0,0,0,0,0,0,0,1,2
2210,Richard Jefferson,NJN,200605140NJN,"May 14, 2006",MIA,17,13,2,14,54.84,61.24,-6.4,10,10,3,6,1,1,0,0,0,0,0,0,0,0,0,0,0,0,0,0,0,0,0,0
2548,Dwyane Wade,MIA,200605140NJN,"May 14, 2006",NJN,31,19,10,24,64.58,66.24,-1.66,19,22,0,0,2,3,0,0,0,0,0,0,0,0,0,0,0,0,0,0,0,0,3,6
406,Shaquille O'Neal,MIA,200605140NJN,"May 14, 2006",NJN,16,13,8,16,47.06,48.43,-1.37,11,10,0,0,2,2,0,0,2,4,0,0,0,0,0,0,0,0,0,0,0,0,1,0
1713,Vince Carter,NJN,200605140NJN,"May 14, 2006",MIA,26,28,4,30,38.81,43.68,-4.87,21,24,7,0,2,2,0,0,0,0,0,0,0,0,0,0,0,0,0,0,0,0,0,0
2420,Nenad Krstic,NJN,200605140NJN,"May 14, 2006",MIA,20,16,2,17,58.82,59.24,-0.42,16,18,0,0,0,0,0,0,0,0,0,0,1,2,0,0,0,0,0,0,0,0,0,0
467,Jason Kidd,NJN,200605140NJN,"May 14, 2006",MIA,17,16,6,19,38.64,45.6,-6.96,10,8,6,3,1,2,1,3,0,0,0,0,1,1,0,0,0,0,0,0,0,0,0,0
2215,Jason Collins,NJN,200605140NJN,"May 14, 2006",MIA,7,3,6,6,58.33,62.06,-3.73,3,4,0,0,3,3,0,0,0,0,0,0,0,0,0,0,0,0,0,0,0,0,0,0
1715,Jason Williams,MIA,200605140NJN,"May 14, 2006",NJN,3,6,0,6,18.75,25.0,-6.25,2,0,4,3,0,0,0,0,0,0,0,0,0,0,0,0,0,0,0,0,0,0,0,0
952,Antoine Walker,MIA,200605140NJN,"May 14, 2006",NJN,20,11,2,12,62.5,84.18,-21.68,3,4,8,15,0,0,0,0,0,0,0,0,0,0,0,0,0,0,0,0,0,0,1,1
297,Alonzo Mourning,MIA,200605140NJN,"May 14, 2006",NJN,2,2,0,2,50.0,50.0,0.0,2,2,0,0,0,0,0,0,0,0,0,0,0,0,0,0,0,0,0,0,0,0,0,0
1519,John Thomas,NJN,200605140NJN,"May 14, 2006",MIA,1,2,2,3,16.67,17.36,-0.69,2,0,0,0,1,1,0,0,0,0,0,0,0,0,0,0,0,0,0,0,0,0,0,0
1521,Jacque Vaughn,NJN,200605140NJN,"May 14, 2006",MIA,0,1,0,1,0.0,0.0,0.0,1,0,0,0,0,0,0,0,0,0,0,0,0,0,0,0,0,0,0,0,0,0,0,0
56,Gary Payton,MIA,200605140NJN,"May 14, 2006",NJN,3,4,0,4,25.0,37.5,-12.5,0,0,4,3,0,0,0,0,0,0,0,0,0,0,0,0,0,0,0,0,0,0,0,0
1899,James Posey,MIA,200605140NJN,"May 14, 2006",NJN,7,4,6,7,41.18,52.71,-11.53,1,0,3,3,0,0,0,0,0,0,0,0,0,0,0,0,0,0,0,0,0,0,3,4
441,Lamond Murray,NJN,200605140NJN,"May 14, 2006",MIA,4,5,2,6,25.0,34.01,-9.01,1,0,4,3,0,0,0,0,0,0,0,0,0,0,0,0,0,0,0,0,0,0,1,1
1952,Raja Bell,PHX,200605140LAC,"May 14, 2006",LAC,33,20,0,20,63.46,82.5,-19.04,8,12,12,21,0,0,0,0,0,0,0,0,0,0,0,0,0,0,0,0,0,0,0,0
1749,Cuttino Mobley,LAC,200605140LAC,"May 14, 2006",PHX,10,10,2,11,38.46,45.96,-7.5,6,8,4,0,0,0,0,0,0,0,0,0,0,0,0,0,0,0,0,0,0,0,1,2
2564,Boris Diaw,PHX,200605140LAC,"May 14, 2006",LAC,21,14,7,17,60.0,61.48,-1.48,13,14,0,0,3,4,0,0,1,3,0,0,0,0,0,0,0,0,0,0,0,0,0,0
1882,Elton Brand,LAC,200605140LAC,"May 14, 2006",PHX,30,24,5,25,55.56,57.25,-1.69,20,20,1,0,1,1,0,0,3,9,0,0,0,0,0,0,0,0,0,0,0,0,0,0
1501,Tim Thomas,PHX,200605140LAC,"May 14, 2006",LAC,13,12,6,15,32.5,44.4,-11.9,2,2,10,6,2,3,0,0,0,0,0,0,0,0,0,0,0,0,0,0,0,0,1,2
208,Sam Cassell,LAC,200605140LAC,"May 14, 2006",PHX,28,20,10,25,50.91,57.38,-6.47,15,12,5,9,3,5,0,0,0,0,0,0,0,0,0,0,0,0,0,0,0,0,2,2
1890,Shawn Marion,PHX,200605140LAC,"May 14, 2006",LAC,14,11,4,13,46.67,54.86,-8.19,7,10,4,0,2,4,0,0,0,0,0,0,0,0,0,0,0,0,0,0,0,0,0,0
959,Steve Nash,LAC,200605140LAC,"May 14, 2006",PHX,8,11,3,12,29.63,32.47,-2.84,8,4,2,0,1,2,0,0,1,2,0,0,0,0,0,0,0,0,0,0,0,0,0,0
2209,Vladimir Radmanovic,LAC,200605140LAC,"May 14, 2006",PHX,13,10,2,11,50.0,59.74,-9.74,6,8,4,3,0,0,0,0,0,0,0,0,0,0,0,0,0,0,0,0,0,0,1,2
1894,Corey Maggette,LAC,200605140LAC,"May 14, 2006",PHX,18,9,8,13,66.67,71.88,-5.21,8,10,1,0,4,8,0,0,0,0,0,0,0,0,0,0,0,0,0,0,0,0,0,0
2571,Leandro Barbosa,PHX,200605140LAC,"May 14, 2006",LAC,15,15,0,15,41.67,50.0,-8.33,9,12,6,3,0,0,0,0,0,0,0,0,0,0,0,0,0,0,0,0,0,0,0,0
2733,Shaun Livingston,LAC,200605140LAC,"May 14, 2006",PHX,11,10,2,11,47.83,50.55,-2.72,9,6,1,3,1,2,0,0,0,0,0,0,0,0,0,0,0,0,0,0,0,0,0,0
2592,James Jones,PHX,200605140LAC,"May 14, 2006",LAC,3,5,2,6,21.43,25.51,-4.08,3,2,2,0,1,1,0,0,0,0,0,0,0,0,0,0,0,0,0,0,0,0,0,0
2624,Quinton Ross,LAC,200605140LAC,"May 14, 2006",PHX,4,3,0,3,66.67,66.67,0.0,3,4,0,0,0,0,0,0,0,0,0,0,0,0,0,0,0,0,0,0,0,0,0,0
739,Rasheed Wallace,DET,200605150CLE,"May 15, 2006",CLE,7,13,2,14,23.33,25.22,-1.89,11,6,2,0,1,1,0,0,0,0,0,0,0,0,0,0,0,0,0,0,0,0,0,0
980,Zydrunas Ilgauskas,CLE,200605150CLE,"May 15, 2006",DET,6,9,0,9,33.33,33.33,0.0,9,6,0,0,0,0,0,0,0,0,0,0,0,0,0,0,0,0,0,0,0,0,0,0
2400,Drew Gooden,CLE,200605150CLE,"May 15, 2006",DET,6,3,2,4,75.0,77.32,-2.32,3,4,0,0,1,2,0,0,0,0,0,0,0,0,0,0,0,0,0,0,0,0,0,0
1112,Ben Wallace,DET,200605150CLE,"May 15, 2006",CLE,1,2,2,3,16.67,17.36,-0.69,2,0,0,0,1,1,0,0,0,0,0,0,0,0,0,0,0,0,0,0,0,0,0,0
murraro01,R. Murray,CLE,200605150CLE,"May 15, 2006",DET,7,7,0,7,41.18,50.0,-8.82,4,4,3,3,0,0,0,0,0,0,0,0,0,0,0,0,0,0,0,0,0,0,0,0
2419,Tayshaun Prince,DET,200605150CLE,"May 15, 2006",CLE,16,15,4,17,44.44,47.73,-3.29,13,10,2,3,2,3,0,0,0,0,0,0,0,0,0,0,0,0,0,0,0,0,0,0
2544,LeBron James,CLE,200605150CLE,"May 15, 2006",DET,22,23,10,28,37.93,40.15,-2.22,21,14,2,3,3,3,0,0,0,0,0,0,0,0,0,0,0,0,0,0,0,0,2,2
1888,Richard Hamilton,DET,200605150CLE,"May 15, 2006",CLE,30,25,7,28,50.0,53.42,-3.42,21,18,3,3,1,2,0,0,1,3,0,0,0,0,0,0,0,0,0,0,0,0,2,4
727,Eric Snow,DET,200605150CLE,"May 15, 2006",CLE,12,7,3,8,70.59,72.12,-1.53,6,8,0,0,0,0,0,0,1,2,0,0,0,0,0,0,0,0,0,0,0,0,1,2
2760,Anderson Varejao,CLE,200605150CLE,"May 15, 2006",DET,10,7,2,8,62.5,63.45,-0.95,7,8,0,0,1,2,0,0,0,0,0,0,0,0,0,0,0,0,0,0,0,0,0,0
1497,Chauncey Billups,DET,200605150CLE,"May 15, 2006",CLE,11,10,4,13,37.93,46.77,-8.84,5,2,5,6,1,2,0,0,0,0,0,0,2,1,0,0,0,0,0,0,0,0,0,0
686,Antonio McDyess,DET,200605150CLE,"May 15, 2006",CLE,0,2,0,2,0.0,0.0,0.0,2,0,0,0,0,0,0,0,0,0,0,0,0,0,0,0,0,0,0,0,0,0,0,0
923,Donyell Marshall,CLE,200605150CLE,"May 15, 2006",DET,9,9,0,9,37.5,50.0,-12.5,3,0,6,9,0,0,0,0,0,0,0,0,0,0,0,0,0,0,0,0,0,0,0,0
960,Tony Delk,DET,200605150CLE,"May 15, 2006",CLE,4,5,0,5,33.33,40.0,-6.67,3,4,2,0,0,0,0,0,0,0,0,0,0,0,0,0,0,0,0,0,0,0,0,0
1800,Damon Jones,CLE,200605150CLE,"May 15, 2006",DET,2,3,0,3,33.33,33.33,0.0,3,2,0,0,0,0,0,0,0,0,0,0,0,0,0,0,0,0,0,0,0,0,0,0
283,Lindsey Hunter,DET,200605150CLE,"May 15, 2006",CLE,0,2,0,2,0.0,0.0,0.0,1,0,1,0,0,0,0,0,0,0,0,0,0,0,0,0,0,0,0,0,0,0,0,0
2230,Maurice Evans,DET,200605150CLE,"May 15, 2006",CLE,3,1,4,3,50.0,54.35,-4.35,1,0,0,0,0,0,0,0,0,0,0,0,0,0,1,1,0,0,0,0,0,0,1,2
2225,Tony Parker,SAS,200605150DAL,"May 15, 2006",DAL,33,23,14,30,54.1,56.58,-2.48,22,24,1,0,6,8,0,0,0,0,0,0,0,0,0,0,0,0,0,0,0,0,1,1
2734,Devin Harris,DAL,200605150DAL,"May 15, 2006",SAS,18,10,6,12,69.23,71.2,-1.97,8,10,0,0,1,2,0,0,2,5,0,0,0,0,0,0,0,0,0,0,0,0,1,1
699,Brent Barry,SAS,200605150DAL,"May 15, 2006",DAL,5,4,0,4,50.0,62.5,-12.5,2,2,2,3,0,0,0,0,0,0,0,0,0,0,0,0,0,0,0,0,0,0,0,0
1477,Bruce Bowen,SAS,200605150DAL,"May 15, 2006",DAL,5,6,0,6,33.33,41.67,-8.34,3,2,3,3,0,0,0,0,0,0,0,0,0,0,0,0,0,0,0,0,0,0,0,0
1717,Dirk Nowitzki,DAL,200605150DAL,"May 15, 2006",SAS,28,12,15,21,70.0,75.27,-5.27,11,14,1,0,2,4,0,0,0,0,0,0,3,4,0,0,0,0,0,0,1,0,3,6
2572,Josh Howard,DAL,200605150DAL,"May 15, 2006",SAS,8,13,0,13,29.63,30.77,-1.14,12,8,1,0,0,0,0,0,0,0,0,0,0,0,0,0,0,0,0,0,0,0,0,0
1495,Tim Duncan,SAS,200605150DAL,"May 15, 2006",DAL,31,23,8,26,57.41,58.45,-1.04,21,20,0,0,3,5,0,0,2,6,0,0,0,0,0,0,0,0,0,0,0,0,0,0
714,Michael Finley,SAS,200605150DAL,"May 15, 2006",DAL,14,10,2,11,53.85,64.34,-10.49,6,6,4,6,1,2,0,0,0,0,0,0,0,0,0,0,0,0,0,0,0,0,0,0
1891,Jason Terry,DAL,200605150DAL,"May 15, 2006",SAS,32,25,6,28,51.61,57.89,-6.28,19,20,6,6,3,6,0,0,0,0,0,0,0,0,0,0,0,0,0,0,0,0,0,0
2205,DeSagana Diop,DAL,200605150DAL,"May 15, 2006",SAS,0,1,0,1,0.0,0.0,0.0,1,0,0,0,0,0,0,0,0,0,0,0,0,0,0,0,0,0,0,0,0,0,0,0
1938,Manu Ginobili,SAS,200605150DAL,"May 15, 2006",DAL,26,11,6,14,81.25,95.31,-14.06,7,8,4,12,1,2,0,0,0,0,0,0,0,0,0,0,0,0,0,0,0,0,2,4
956,Erick Dampier,DAL,200605150DAL,"May 15, 2006",SAS,8,6,0,6,66.67,66.67,0.0,6,8,0,0,0,0,0,0,0,0,0,0,0,0,0,0,0,0,0,0,0,0,0,0
711,Jerry Stackhouse,DAL,200605150DAL,"May 15, 2006",SAS,26,19,4,21,57.78,62.62,-4.84,16,14,3,9,1,2,0,0,0,0,0,0,0,0,0,0,0,0,0,0,0,0,1,1
109,Robert Horry,SAS,200605150DAL,"May 15, 2006",DAL,2,0,2,1,100.0,113.64,-13.64,0,0,0,0,1,2,0,0,0,0,0,0,0,0,0,0,0,0,0,0,0,0,0,0
2605,Marquis Daniels,DAL,200605150DAL,"May 15, 2006",SAS,3,4,1,4,30.0,33.78,-3.78,2,0,1,0,0,0,0,0,1,3,0,0,0,0,0,0,0,0,0,0,0,0,0,0
89,Nick Van Exel,SAS,200605150DAL,"May 15, 2006",DAL,2,2,0,2,50.0,50.0,0.0,2,2,0,0,0,0,0,0,0,0,0,0,0,0,0,0,0,0,0,0,0,0,0,0
1715,Jason Williams,MIA,200605160MIA,"May 16, 2006",NJN,12,9,2,10,54.55,60.73,-6.18,7,10,2,0,1,2,0,0,0,0,0,0,0,0,0,0,0,0,0,0,0,0,0,0
1713,Vince Carter,NJN,200605160MIA,"May 16, 2006",MIA,33,25,9,28,50.0,56.98,-6.98,15,18,7,3,2,3,0,0,3,8,0,0,0,0,0,0,0,0,0,0,0,0,1,1
2548,Dwyane Wade,MIA,200605160MIA,"May 16, 2006",NJN,21,19,9,23,43.75,45.73,-1.98,17,10,1,3,3,4,0,0,1,3,0,0,0,0,0,0,0,0,0,0,0,0,1,1
406,Shaquille O'Neal,NJN,200605160MIA,"May 16, 2006",MIA,17,10,7,13,62.96,64.98,-2.02,9,14,0,0,1,1,0,0,1,2,0,0,0,0,0,0,0,0,0,0,0,0,2,0
2260,Jarron Collins,MIA,200605160MIA,"May 16, 2006",NJN,1,1,2,2,25.0,26.6,-1.6,1,0,0,0,0,0,0,0,0,0,0,0,0,0,0,0,0,0,0,0,0,0,1,1
2210,Richard Jefferson,NJN,200605160MIA,"May 16, 2006",MIA,33,22,5,25,62.26,68.18,-5.92,18,20,4,9,2,3,0,0,0,0,0,0,1,1,0,0,0,0,0,0,0,0,0,0
467,Jason Kidd,NJN,200605160MIA,"May 16, 2006",MIA,20,11,4,13,66.67,78.37,-11.7,7,10,4,6,2,4,0,0,0,0,0,0,0,0,0,0,0,0,0,0,0,0,0,0
2420,Nenad Krstic,NJN,200605160MIA,"May 16, 2006",MIA,1,3,2,4,12.5,12.89,-0.39,3,0,0,0,1,1,0,0,0,0,0,0,0,0,0,0,0,0,0,0,0,0,0,0
952,Antoine Walker,MIA,200605160MIA,"May 16, 2006",NJN,23,17,2,18,51.11,64.32,-13.21,8,10,9,12,1,1,0,0,0,0,0,0,0,0,0,0,0,0,0,0,0,0,0,0
441,Lamond Murray,NJN,200605160MIA,"May 16, 2006",MIA,14,11,2,12,50.0,58.92,-8.92,7,10,4,3,1,1,0,0,0,0,0,0,0,0,0,0,0,0,0,0,0,0,0,0
2617,Udonis Haslem,NJN,200605160MIA,"May 16, 2006",MIA,8,6,2,7,57.14,58.14,-1.0,6,8,0,0,1,0,0,0,0,0,0,0,0,0,0,0,0,0,0,0,0,0,0,0
56,Gary Payton,MIA,200605160MIA,"May 16, 2006",NJN,10,7,1,7,58.82,67.2,-8.38,4,4,2,3,0,0,0,0,1,3,0,0,0,0,0,0,0,0,0,0,0,0,0,0
1899,James Posey,MIA,200605160MIA,"May 16, 2006",NJN,4,3,2,4,40.0,51.55,-11.55,1,0,2,3,0,0,0,0,0,0,0,0,0,0,0,0,0,0,0,0,0,0,1,1
1521,Jacque Vaughn,NJN,200605160MIA,"May 16, 2006",MIA,3,1,2,2,75.0,79.79,-4.79,1,2,0,0,1,1,0,0,0,0,0,0,0,0,0,0,0,0,0,0,0,0,0,0
297,Alonzo Mourning,MIA,200605160MIA,"May 16, 2006",NJN,11,4,4,6,91.67,95.49,-3.82,4,8,0,0,0,0,0,0,0,0,0,0,0,0,0,0,0,0,0,0,0,0,2,3
1882,Elton Brand,LAC,200605160PHO,"May 16, 2006",PHX,33,23,17,31,52.38,54.13,-1.75,22,18,0,0,5,6,0,0,1,3,0,0,0,0,0,0,0,0,0,0,0,0,3,6
1890,Shawn Marion,PHX,200605160PHO,"May 16, 2006",LAC,36,33,6,36,46.75,50.51,-3.76,28,32,5,0,3,4,0,0,0,0,0,0,0,0,0,0,0,0,0,0,0,0,0,0
1894,Corey Maggette,LAC,200605160PHO,"May 16, 2006",PHX,8,11,2,12,33.33,33.67,-0.34,11,6,0,0,1,2,0,0,0,0,0,0,0,0,0,0,0,0,0,0,0,0,0,0
2549,Chris Kaman,LAC,200605160PHO,"May 16, 2006",PHX,11,9,2,10,55.0,55.67,-0.67,9,10,0,0,1,1,0,0,0,0,0,0,0,0,0,0,0,0,0,0,0,0,0,0
1952,Raja Bell,PHX,200605160PHO,"May 16, 2006",LAC,22,13,2,14,62.86,79.25,-16.39,6,6,7,15,1,1,0,0,0,0,0,0,0,0,0,0,0,0,0,0,0,0,0,0
959,Steve Nash,PHX,200605160PHO,"May 16, 2006",LAC,17,17,3,18,40.48,46.4,-5.92,11,12,5,0,0,0,0,0,1,3,0,0,0,0,0,0,0,0,0,0,0,0,1,2
2564,Boris Diaw,PHX,200605160PHO,"May 16, 2006",LAC,8,10,2,11,36.36,36.76,-0.4,10,8,0,0,1,0,0,0,0,0,0,0,0,0,0,0,0,0,0,0,0,0,0,0
208,Sam Cassell,LAC,200605160PHO,"May 16, 2006",PHX,32,24,6,27,47.76,60.06,-12.3,11,12,13,15,2,3,0,0,0,0,0,0,0,0,0,0,0,0,0,0,0,0,1,2
1749,Cuttino Mobley,LAC,200605160PHO,"May 16, 2006",PHX,10,17,0,17,29.41,29.41,0.0,17,10,0,0,0,0,0,0,0,0,0,0,0,0,0,0,0,0,0,0,0,0,0,0
1501,Tim Thomas,PHX,200605160PHO,"May 16, 2006",LAC,25,17,0,17,59.52,73.53,-14.01,9,10,8,15,0,0,0,0,0,0,0,0,0,0,0,0,0,0,0,0,0,0,0,0
2571,Leandro Barbosa,PHX,200605160PHO,"May 16, 2006",LAC,15,12,6,15,45.45,51.23,-5.78,9,6,3,3,2,4,0,0,0,0,0,0,0,0,0,0,0,0,0,0,0,0,1,2
2209,Vladimir Radmanovic,LAC,200605160PHO,"May 16, 2006",PHX,13,7,2,8,56.52,82.49,-25.97,0,0,7,12,1,1,0,0,0,0,0,0,0,0,0,0,0,0,0,0,0,0,0,0
2733,Shaun Livingston,LAC,200605160PHO,"May 16, 2006",PHX,2,5,0,5,20.0,20.0,0.0,5,2,0,0,0,0,0,0,0,0,0,0,0,0,0,0,0,0,0,0,0,0,0,0
2592,James Jones,PHX,200605160PHO,"May 16, 2006",LAC,2,5,2,6,15.38,17.01,-1.63,4,0,1,0,1,2,0,0,0,0,0,0,0,0,0,0,0,0,0,0,0,0,0,0
2624,Quinton Ross,LAC,200605160PHO,"May 16, 2006",PHX,9,7,3,8,52.94,54.09,-1.15,6,4,0,0,1,2,0,0,1,3,0,0,0,0,0,0,0,0,0,0,0,0,0,0
murraro01,R. Murray,CLE,200605170DET,"May 17, 2006",DET,8,10,6,13,29.63,31.65,-2.02,9,4,1,0,3,4,0,0,0,0,0,0,0,0,0,0,0,0,0,0,0,0,0,0
2419,Tayshaun Prince,DET,200605170DET,"May 17, 2006",CLE,21,13,6,16,63.64,67.14,-3.5,12,12,1,3,2,4,0,0,0,0,0,0,0,0,0,0,0,0,0,0,0,0,1,2
2400,Drew Gooden,DET,200605170DET,"May 17, 2006",CLE,4,5,0,5,40.0,40.0,0.0,5,4,0,0,0,0,0,0,0,0,0,0,0,0,0,0,0,0,0,0,0,0,0,0
980,Zydrunas Ilgauskas,CLE,200605170DET,"May 17, 2006",DET,14,13,2,13,50.0,50.43,-0.43,11,8,0,0,0,0,0,0,2,6,0,0,0,0,0,0,0,0,0,0,0,0,0,0
1112,Ben Wallace,DET,200605170DET,"May 17, 2006",CLE,8,9,7,13,32.0,33.11,-1.11,9,8,0,0,4,0,0,0,0,0,0,0,0,0,0,0,0,0,0,0,0,0,0,0
1888,Richard Hamilton,DET,200605170DET,"May 17, 2006",CLE,15,16,7,19,37.5,39.31,-1.81,13,6,1,0,1,1,0,0,2,5,0,0,1,1,0,0,0,0,0,0,0,0,1,2
727,Eric Snow,CLE,200605170DET,"May 17, 2006",DET,0,5,0,5,0.0,0.0,0.0,5,0,0,0,0,0,0,0,0,0,0,0,0,0,0,0,0,0,0,0,0,0,0,0
739,Rasheed Wallace,DET,200605170DET,"May 17, 2006",CLE,10,9,0,9,52.63,55.56,-2.93,8,10,1,0,0,0,0,0,0,0,0,0,0,0,0,0,0,0,0,0,0,0,0,0
2544,LeBron James,CLE,200605170DET,"May 17, 2006",DET,32,30,7,33,45.07,48.37,-3.3,25,22,4,3,1,2,0,0,1,2,0,0,0,0,0,0,0,0,0,0,0,0,2,3
1497,Chauncey Billups,DET,200605170DET,"May 17, 2006",CLE,17,16,4,17,40.48,47.86,-7.38,8,6,6,3,1,2,0,0,2,6,0,0,0,0,0,0,0,0,0,0,0,0,0,0
923,Donyell Marshall,CLE,200605170DET,"May 17, 2006",DET,14,9,2,11,58.33,70.85,-12.52,5,6,4,6,0,0,0,0,0,0,0,0,2,2,0,0,0,0,0,0,0,0,0,0
2760,Anderson Varejao,CLE,200605170DET,"May 17, 2006",DET,6,4,8,8,37.5,39.89,-2.39,4,0,0,0,4,6,0,0,0,0,0,0,0,0,0,0,0,0,0,0,0,0,0,0
283,Lindsey Hunter,DET,200605170DET,"May 17, 2006",CLE,0,2,0,2,0.0,0.0,0.0,1,0,1,0,0,0,0,0,0,0,0,0,0,0,0,0,0,0,0,0,0,0,0,0
1800,Damon Jones,CLE,200605170DET,"May 17, 2006",DET,8,5,1,5,53.33,73.53,-20.2,1,2,3,3,0,0,0,0,0,0,1,3,0,0,0,0,0,0,0,0,0,0,0,0
686,Antonio McDyess,DET,200605170DET,"May 17, 2006",CLE,11,9,2,10,55.0,55.67,-0.67,9,10,0,0,0,0,0,0,0,0,0,0,0,0,0,0,0,0,0,0,0,0,1,1
2230,Maurice Evans,DET,200605170DET,"May 17, 2006",CLE,2,1,2,2,50.0,53.19,-3.19,1,0,0,0,1,2,0,0,0,0,0,0,0,0,0,0,0,0,0,0,0,0,0,0
714,Michael Finley,SAS,200605170SAS,"May 17, 2006",DAL,12,8,2,9,57.14,67.57,-10.43,5,10,3,0,1,2,0,0,0,0,0,0,0,0,0,0,0,0,0,0,0,0,0,0
1717,Dirk Nowitzki,DAL,200605170SAS,"May 17, 2006",SAS,31,22,4,24,62.0,65.24,-3.24,20,24,2,3,1,2,0,0,0,0,0,0,0,0,0,0,0,0,0,0,0,0,1,2
1495,Tim Duncan,SAS,200605170SAS,"May 17, 2006",DAL,36,19,15,24,67.92,70.31,-2.39,14,16,0,0,2,3,0,0,5,14,0,0,0,0,0,0,0,0,0,0,0,0,3,3
2205,DeSagana Diop,DAL,200605170SAS,"May 17, 2006",SAS,8,3,2,4,100.0,103.09,-3.09,3,6,0,0,1,2,0,0,0,0,0,0,0,0,0,0,0,0,0,0,0,0,0,0
436,Juwan Howard,SAS,200605170SAS,"May 17, 2006",DAL,16,12,3,13,55.17,60.06,-4.89,9,10,2,3,1,1,0,0,1,2,0,0,0,0,0,0,0,0,0,0,0,0,0,0
1938,Manu Ginobili,SAS,200605170SAS,"May 17, 2006",DAL,18,13,8,17,48.65,54.48,-5.83,10,10,3,3,2,3,0,0,0,0,0,0,0,0,0,0,0,0,0,0,0,0,2,2
2734,Devin Harris,DAL,200605170SAS,"May 17, 2006",SAS,15,12,6,15,50.0,51.23,-1.23,12,10,0,0,3,5,0,0,0,0,0,0,0,0,0,0,0,0,0,0,0,0,0,0
2225,Tony Parker,SAS,200605170SAS,"May 17, 2006",DAL,27,24,6,26,50.0,50.68,-0.68,22,18,0,0,1,2,0,0,2,5,0,0,0,0,0,0,0,0,0,0,0,0,1,2
1891,Jason Terry,DAL,200605170SAS,"May 17, 2006",SAS,15,14,2,15,44.12,50.4,-6.28,10,10,4,3,0,0,0,0,0,0,0,0,0,0,0,0,0,0,0,0,0,0,1,2
699,Brent Barry,SAS,200605170SAS,"May 17, 2006",DAL,5,2,0,2,100.0,125.0,-25.0,1,2,1,3,0,0,0,0,0,0,0,0,0,0,0,0,0,0,0,0,0,0,0,0
711,Jerry Stackhouse,DAL,200605170SAS,"May 17, 2006",SAS,10,12,2,13,34.48,38.82,-4.34,9,8,3,0,1,2,0,0,0,0,0,0,0,0,0,0,0,0,0,0,0,0,0,0
956,Erick Dampier,DAL,200605170SAS,"May 17, 2006",SAS,0,1,0,1,0.0,0.0,0.0,0,0,1,0,0,0,0,0,0,0,0,0,0,0,0,0,0,0,0,0,0,0,0,0
109,Robert Horry,SAS,200605170SAS,"May 17, 2006",DAL,0,1,0,1,0.0,0.0,0.0,0,0,1,0,0,0,0,0,0,0,0,0,0,0,0,0,0,0,0,0,0,0,0,0
2605,Marquis Daniels,DAL,200605170SAS,"May 17, 2006",SAS,2,1,0,1,100.0,100.0,0.0,1,2,0,0,0,0,0,0,0,0,0,0,0,0,0,0,0,0,0,0,0,0,0,0
89,Nick Van Exel,SAS,200605170SAS,"May 17, 2006",DAL,0,2,0,2,0.0,0.0,0.0,1,0,1,0,0,0,0,0,0,0,0,0,0,0,0,0,0,0,0,0,0,0,0,0
2624,Quinton Ross,LAC,200605180LAC,"May 18, 2006",PHX,18,14,0,14,64.29,64.29,0.0,14,18,0,0,0,0,0,0,0,0,0,0,0,0,0,0,0,0,0,0,0,0,0,0
1890,Shawn Marion,PHX,200605180LAC,"May 18, 2006",LAC,34,22,4,24,61.82,71.55,-9.73,15,18,7,12,2,4,0,0,0,0,0,0,0,0,0,0,0,0,0,0,0,0,0,0
1882,Elton Brand,LAC,200605180LAC,"May 18, 2006",PHX,30,21,3,22,66.67,67.2,-0.53,20,26,0,0,1,1,0,0,1,3,0,0,0,0,0,0,0,0,0,0,0,0,0,0
959,Steve Nash,PHX,200605180LAC,"May 18, 2006",LAC,17,16,3,17,42.5,49.08,-6.58,10,6,5,6,0,0,0,0,1,3,0,0,0,0,0,0,0,0,0,0,0,0,1,2
1749,Cuttino Mobley,LAC,200605180LAC,"May 18, 2006",PHX,9,8,4,10,40.91,46.11,-5.2,6,6,2,0,2,3,0,0,0,0,0,0,0,0,0,0,0,0,0,0,0,0,0,0
1501,Tim Thomas,PHX,200605180LAC,"May 18, 2006",LAC,3,6,0,6,18.75,25.0,-6.25,2,0,4,3,0,0,0,0,0,0,0,0,0,0,0,0,0,0,0,0,0,0,0,0
2564,Boris Diaw,PHX,200605180LAC,"May 18, 2006",LAC,14,12,3,13,50.0,52.55,-2.55,10,8,1,3,1,1,0,0,1,2,0,0,0,0,0,0,0,0,0,0,0,0,0,0
1952,Raja Bell,PHX,200605180LAC,"May 18, 2006",LAC,13,9,10,14,38.24,48.51,-10.27,3,2,6,3,3,5,0,0,0,0,0,0,0,0,0,0,0,0,0,0,0,0,2,3
2549,Chris Kaman,LAC,200605180LAC,"May 18, 2006",PHX,15,8,1,8,88.24,88.86,-0.62,7,12,0,0,0,0,0,0,1,3,0,0,0,0,0,0,0,0,0,0,0,0,0,0
208,Sam Cassell,LAC,200605180LAC,"May 18, 2006",PHX,15,11,6,14,53.57,54.99,-1.42,11,10,0,0,2,3,0,0,0,0,0,0,0,0,0,0,0,0,0,0,0,0,1,2
1894,Corey Maggette,LAC,200605180LAC,"May 18, 2006",PHX,25,8,9,11,89.29,104.52,-15.23,2,4,3,6,3,6,0,0,3,9,0,0,0,0,0,0,0,0,0,0,0,0,0,0
2733,Shaun Livingston,LAC,200605180LAC,"May 18, 2006",PHX,4,7,0,7,28.57,28.57,0.0,7,4,0,0,0,0,0,0,0,0,0,0,0,0,0,0,0,0,0,0,0,0,0,0
2571,Leandro Barbosa,PHX,200605180LAC,"May 18, 2006",LAC,25,20,3,21,49.02,58.63,-9.61,11,10,8,12,1,0,0,0,1,3,0,0,0,0,0,0,0,0,0,0,0,0,0,0
2209,Vladimir Radmanovic,LAC,200605180LAC,"May 18, 2006",PHX,2,1,0,1,100.0,100.0,0.0,1,2,0,0,0,0,0,0,0,0,0,0,0,0,0,0,0,0,0,0,0,0,0,0
2592,James Jones,PHX,200605180LAC,"May 18, 2006",LAC,0,2,0,2,0.0,0.0,0.0,2,0,0,0,0,0,0,0,0,0,0,0,0,0,0,0,0,0,0,0,0,0,0,0
1888,Richard Hamilton,CLE,200605190CLE,"May 19, 2006",DET,17,16,0,16,51.52,53.12,-1.6,15,14,1,3,0,0,0,0,0,0,0,0,0,0,0,0,0,0,0,0,0,0,0,0
2400,Drew Gooden,CLE,200605190CLE,"May 19, 2006",DET,13,11,2,12,54.17,54.71,-0.54,11,12,0,0,1,1,0,0,0,0,0,0,0,0,0,0,0,0,0,0,0,0,0,0
1497,Chauncey Billups,DET,200605190CLE,"May 19, 2006",CLE,15,8,9,12,51.72,62.71,-10.99,3,2,4,3,1,2,0,0,1,3,0,0,0,0,0,0,0,0,0,0,0,0,3,5
2544,LeBron James,CLE,200605190CLE,"May 19, 2006",DET,32,20,18,29,50.79,57.31,-6.52,15,14,5,3,7,12,0,0,0,0,0,0,0,0,0,0,0,0,0,0,0,0,2,3
739,Rasheed Wallace,DET,200605190CLE,"May 19, 2006",CLE,24,17,7,20,48.98,59.76,-10.78,8,8,8,12,1,0,0,0,1,3,0,0,0,0,0,0,0,0,0,0,0,0,2,1
murraro01,R. Murray,CLE,200605190CLE,"May 19, 2006",DET,4,10,0,10,18.18,20.0,-1.82,8,4,2,0,0,0,0,0,0,0,0,0,0,0,0,0,0,0,0,0,0,0,0,0
1112,Ben Wallace,DET,200605190CLE,"May 19, 2006",CLE,4,4,6,7,28.57,30.12,-1.55,4,2,0,0,2,1,0,0,0,0,0,0,0,0,0,0,0,0,0,0,0,0,1,1
980,Zydrunas Ilgauskas,CLE,200605190CLE,"May 19, 2006",DET,16,11,0,11,72.73,72.73,0.0,11,16,0,0,0,0,0,0,0,0,0,0,0,0,0,0,0,0,0,0,0,0,0,0
727,Eric Snow,CLE,200605190CLE,"May 19, 2006",DET,2,3,0,3,33.33,33.33,0.0,3,2,0,0,0,0,0,0,0,0,0,0,0,0,0,0,0,0,0,0,0,0,0,0
2419,Tayshaun Prince,DET,200605190CLE,"May 19, 2006",CLE,15,12,4,14,53.57,54.51,-0.94,11,10,0,0,1,1,0,0,1,3,0,0,1,1,0,0,0,0,0,0,0,0,0,0
923,Donyell Marshall,CLE,200605190CLE,"May 19, 2006",DET,9,6,2,7,56.25,65.41,-9.16,4,4,2,3,1,2,0,0,0,0,0,0,0,0,0,0,0,0,0,0,0,0,0,0
2760,Anderson Varejao,CLE,200605190CLE,"May 19, 2006",DET,6,3,2,4,75.0,77.32,-2.32,3,4,0,0,0,0,0,0,0,0,0,0,0,0,0,0,0,0,0,0,0,0,1,2
283,Lindsey Hunter,DET,200605190CLE,"May 19, 2006",CLE,2,4,0,4,22.22,25.0,-2.78,3,2,1,0,0,0,0,0,0,0,0,0,0,0,0,0,0,0,0,0,0,0,0,0
1800,Damon Jones,CLE,200605190CLE,"May 19, 2006",DET,0,3,0,3,0.0,0.0,0.0,0,0,3,0,0,0,0,0,0,0,0,0,0,0,0,0,0,0,0,0,0,0,0,0
960,Tony Delk,DET,200605190CLE,"May 19, 2006",CLE,0,1,0,1,0.0,0.0,0.0,1,0,0,0,0,0,0,0,0,0,0,0,0,0,0,0,0,0,0,0,0,0,0,0
686,Antonio McDyess,DET,200605190CLE,"May 19, 2006",CLE,7,6,2,7,50.0,50.87,-0.87,6,6,0,0,1,1,0,0,0,0,0,0,0,0,0,0,0,0,0,0,0,0,0,0
2205,DeSagana Diop,SAS,200605190DAL,"May 19, 2006",DAL,2,2,0,2,50.0,50.0,0.0,2,2,0,0,0,0,0,0,0,0,0,0,0,0,0,0,0,0,0,0,0,0,0,0
2225,Tony Parker,SAS,200605190DAL,"May 19, 2006",DAL,8,15,2,16,23.53,25.19,-1.66,13,6,2,0,0,0,0,0,0,0,0,0,0,0,0,0,0,0,0,0,0,0,1,2
2572,Josh Howard,DAL,200605190DAL,"May 19, 2006",SAS,17,17,2,18,44.74,47.54,-2.8,15,12,2,3,1,2,0,0,0,0,0,0,0,0,0,0,0,0,0,0,0,0,0,0
1495,Tim Duncan,SAS,200605190DAL,"May 19, 2006",DAL,24,21,10,25,46.15,47.24,-1.09,19,12,0,0,3,4,0,0,2,6,0,0,0,0,0,0,0,0,0,0,0,0,1,2
1717,Dirk Nowitzki,DAL,200605190DAL,"May 19, 2006",SAS,26,16,8,19,63.41,66.6,-3.19,13,14,1,0,3,6,0,0,2,6,0,0,0,0,0,0,0,0,0,0,0,0,0,0
1477,Bruce Bowen,DAL,200605190DAL,"May 19, 2006",SAS,0,1,0,1,0.0,0.0,0.0,1,0,0,0,0,0,0,0,0,0,0,0,0,0,0,0,0,0,0,0,0,0,0,0
2734,Devin Harris,SAS,200605190DAL,"May 19, 2006",DAL,7,14,2,15,22.58,23.52,-0.94,13,6,1,0,1,1,0,0,0,0,0,0,0,0,0,0,0,0,0,0,0,0,0,0
711,Jerry Stackhouse,DAL,200605190DAL,"May 19, 2006",SAS,10,15,2,16,26.32,31.49,-5.17,9,4,6,6,0,0,0,0,0,0,0,0,0,0,0,0,0,0,0,0,0,0,1,0
1938,Manu Ginobili,SAS,200605190DAL,"May 19, 2006",DAL,30,14,13,20,65.22,76.06,-10.84,8,10,5,6,4,8,0,0,1,3,0,0,0,0,0,0,0,0,0,0,0,0,2,3
699,Brent Barry,SAS,200605190DAL,"May 19, 2006",DAL,5,2,1,2,100.0,102.46,-2.46,1,2,0,0,0,0,0,0,1,3,0,0,0,0,0,0,0,0,0,0,0,0,0,0
714,Michael Finley,SAS,200605190DAL,"May 19, 2006",DAL,16,10,2,11,64.0,73.53,-9.53,7,8,3,6,0,0,0,0,0,0,0,0,0,0,0,0,0,0,0,0,0,0,1,2
956,Erick Dampier,DAL,200605190DAL,"May 19, 2006",SAS,6,4,2,5,60.0,61.48,-1.48,4,4,0,0,1,2,0,0,0,0,0,0,0,0,0,0,0,0,0,0,0,0,0,0
109,Robert Horry,SAS,200605190DAL,"May 19, 2006",DAL,6,2,6,5,60.0,64.66,-4.66,2,2,0,0,2,2,0,0,0,0,0,0,0,0,0,0,0,0,0,0,0,0,1,2
2605,Marquis Daniels,DAL,200605190DAL,"May 19, 2006",SAS,8,7,2,8,50.0,50.76,-0.76,7,6,0,0,0,0,0,0,0,0,0,0,0,0,0,0,0,0,0,0,0,0,1,2
1559,Adrian Griffin,DAL,200605190DAL,"May 19, 2006",SAS,0,1,0,1,0.0,0.0,0.0,1,0,0,0,0,0,0,0,0,0,0,0,0,0,0,0,0,0,0,0,0,0,0,0
89,Nick Van Exel,SAS,200605190DAL,"May 19, 2006",DAL,2,2,0,2,50.0,50.0,0.0,2,2,0,0,0,0,0,0,0,0,0,0,0,0,0,0,0,0,0,0,0,0,0,0
1496,Keith Van Horn,DAL,200605190DAL,"May 19, 2006",SAS,10,7,2,8,50.0,63.45,-13.45,3,2,4,6,0,0,0,0,0,0,0,0,0,0,0,0,0,0,0,0,0,0,1,2
murraro01,R. Murray,CLE,200605210DET,"May 21, 2006",DET,2,4,0,4,22.22,25.0,-2.78,3,2,1,0,0,0,0,0,0,0,0,0,0,0,0,0,0,0,0,0,0,0,0,0
1497,Chauncey Billups,DET,200605210DET,"May 21, 2006",CLE,12,10,4,12,41.38,51.02,-9.64,5,6,5,3,0,0,0,0,0,0,0,0,0,0,0,0,0,0,0,0,0,0,2,3
2419,Tayshaun Prince,DET,200605210DET,"May 21, 2006",CLE,20,16,6,19,51.28,53.65,-2.37,15,12,1,3,3,5,0,0,0,0,0,0,0,0,0,0,0,0,0,0,0,0,0,0
727,Eric Snow,CLE,200605210DET,"May 21, 2006",DET,4,5,4,7,28.57,29.59,-1.02,5,2,0,0,2,2,0,0,0,0,0,0,0,0,0,0,0,0,0,0,0,0,0,0
1888,Richard Hamilton,DET,200605210DET,"May 21, 2006",CLE,15,10,8,14,50.0,55.47,-5.47,8,10,2,0,1,1,0,0,0,0,0,0,0,0,0,0,0,0,0,0,0,0,3,4
739,Rasheed Wallace,CLE,200605210DET,"May 21, 2006",DET,13,16,8,20,30.95,33.3,-2.35,14,8,2,0,3,4,0,0,0,0,0,0,0,0,0,0,0,0,0,0,0,0,1,1
2544,LeBron James,CLE,200605210DET,"May 21, 2006",DET,27,24,8,28,45.0,49.06,-4.06,19,20,4,0,3,4,0,0,1,3,0,0,1,0,0,0,0,0,0,0,0,0,0,0
2400,Drew Gooden,CLE,200605210DET,"May 21, 2006",DET,2,4,2,5,20.0,20.49,-0.49,4,0,0,0,1,2,0,0,0,0,0,0,0,0,0,0,0,0,0,0,0,0,0,0
980,Zydrunas Ilgauskas,CLE,200605210DET,"May 21, 2006",DET,8,8,2,9,44.44,45.05,-0.61,8,6,0,0,0,0,0,0,0,0,0,0,0,0,0,0,0,0,0,0,0,0,1,2
1112,Ben Wallace,DET,200605210DET,"May 21, 2006",CLE,6,4,4,6,50.0,52.08,-2.08,4,6,0,0,1,0,0,0,0,0,0,0,0,0,0,0,0,0,0,0,0,0,1,0
923,Donyell Marshall,CLE,200605210DET,"May 21, 2006",DET,2,5,2,6,13.33,17.01,-3.68,2,0,3,0,0,0,0,0,0,0,0,0,0,0,0,0,0,0,0,0,0,0,1,2
1800,Damon Jones,CLE,200605210DET,"May 21, 2006",DET,0,5,0,5,0.0,0.0,0.0,2,0,3,0,0,0,0,0,0,0,0,0,0,0,0,0,0,0,0,0,0,0,0,0
1716,Larry Hughes,CLE,200605210DET,"May 21, 2006",DET,10,6,6,9,52.63,57.87,-5.24,5,2,1,3,2,3,0,0,0,0,0,0,0,0,0,0,0,0,0,0,0,0,1,2
2760,Anderson Varejao,CLE,200605210DET,"May 21, 2006",DET,6,4,3,5,54.55,56.39,-1.84,3,2,0,0,0,0,0,0,1,2,0,0,0,0,0,0,0,0,0,0,0,0,1,2
283,Lindsey Hunter,DET,200605210DET,"May 21, 2006",CLE,7,5,0,5,53.85,70.0,-16.15,2,4,3,3,0,0,0,0,0,0,0,0,0,0,0,0,0,0,0,0,0,0,0,0
686,Antonio McDyess,DET,200605210DET,"May 21, 2006",CLE,6,4,2,5,60.0,61.48,-1.48,4,6,0,0,1,0,0,0,0,0,0,0,0,0,0,0,0,0,0,0,0,0,0,0
960,Tony Delk,DET,200605210DET,"May 21, 2006",CLE,0,2,0,2,0.0,0.0,0.0,2,0,0,0,0,0,0,0,0,0,0,0,0,0,0,0,0,0,0,0,0,0,0,0
2230,Maurice Evans,DET,200605210DET,"May 21, 2006",CLE,0,1,0,1,0.0,0.0,0.0,1,0,0,0,0,0,0,0,0,0,0,0,0,0,0,0,0,0,0,0,0,0,0,0
1717,Dirk Nowitzki,DAL,200605220SAS,"May 22, 2006",SAS,37,20,16,27,64.91,68.42,-3.51,17,18,1,0,3,6,0,0,2,6,0,0,0,0,0,0,0,0,0,0,0,0,4,7
1938,Manu Ginobili,SAS,200605220SAS,"May 22, 2006",DAL,23,11,9,15,67.65,76.87,-9.22,8,8,3,6,3,6,1,3,0,0,0,0,0,0,0,0,0,0,0,0,0,0,0,0
2572,Josh Howard,DAL,200605220SAS,"May 22, 2006",SAS,18,12,4,14,58.06,65.41,-7.35,9,12,3,3,2,3,0,0,0,0,0,0,0,0,0,0,0,0,0,0,0,0,0,0
1477,Bruce Bowen,SAS,200605220SAS,"May 22, 2006",DAL,9,9,0,9,39.13,50.0,-10.87,4,6,5,3,0,0,0,0,0,0,0,0,0,0,0,0,0,0,0,0,0,0,0,0
2225,Tony Parker,SAS,200605220SAS,"May 22, 2006",DAL,24,18,6,21,57.14,58.14,-1.0,18,18,0,0,2,4,0,0,0,0,0,0,0,0,0,0,0,0,0,0,0,0,1,2
956,Erick Dampier,SAS,200605220SAS,"May 22, 2006",DAL,6,2,2,3,100.0,104.17,-4.17,2,4,0,0,1,2,0,0,0,0,0,0,0,0,0,0,0,0,0,0,0,0,0,0
1495,Tim Duncan,SAS,200605220SAS,"May 22, 2006",DAL,41,24,23,34,56.94,60.08,-3.14,20,18,1,0,7,10,0,0,3,8,0,0,0,0,0,0,0,0,0,0,0,0,3,5
714,Michael Finley,SAS,200605220SAS,"May 22, 2006",DAL,12,8,1,9,50.0,71.09,-21.09,1,2,7,9,0,0,0,0,0,0,0,0,0,0,0,0,0,0,0,0,1,1,0,0
1891,Jason Terry,DAL,200605220SAS,"May 22, 2006",SAS,27,20,6,23,51.92,59.63,-7.71,14,12,6,9,2,4,0,0,0,0,0,0,0,0,0,0,0,0,0,0,0,0,1,2
699,Brent Barry,SAS,200605220SAS,"May 22, 2006",DAL,0,2,0,2,0.0,0.0,0.0,0,0,2,0,0,0,0,0,0,0,0,0,0,0,0,0,0,0,0,0,0,0,0,0
711,Jerry Stackhouse,DAL,200605220SAS,"May 22, 2006",SAS,13,13,1,13,44.83,48.36,-3.53,10,10,2,0,0,0,0,0,1,3,0,0,0,0,0,0,0,0,0,0,0,0,0,0
1496,Keith Van Horn,DAL,200605220SAS,"May 22, 2006",SAS,9,7,0,7,47.37,64.29,-16.92,2,0,5,9,0,0,0,0,0,0,0,0,0,0,0,0,0,0,0,0,0,0,0,0
353,Darrell Armstrong,DAL,200605220SAS,"May 22, 2006",SAS,0,1,0,1,0.0,0.0,0.0,1,0,0,0,0,0,0,0,0,0,0,0,0,0,0,0,0,0,0,0,0,0,0,0
109,Robert Horry,SAS,200605220SAS,"May 22, 2006",DAL,2,2,0,2,40.0,50.0,-10.0,1,2,1,0,0,0,0,0,0,0,0,0,0,0,0,0,0,0,0,0,0,0,0,0
2734,Devin Harris,DAL,200605220SAS,"May 22, 2006",SAS,2,3,0,3,33.33,33.33,0.0,3,2,0,0,0,0,0,0,0,0,0,0,0,0,0,0,0,0,0,0,0,0,0,0
89,Nick Van Exel,SAS,200605220SAS,"May 22, 2006",DAL,0,2,0,2,0.0,0.0,0.0,2,0,0,0,0,0,0,0,0,0,0,0,0,0,0,0,0,0,0,0,0,0,0,0
2205,DeSagana Diop,DAL,200605220SAS,"May 22, 2006",SAS,7,3,2,4,87.5,90.21,-2.71,3,6,0,0,0,0,0,0,0,0,0,0,0,0,0,0,0,0,0,0,0,0,1,1
1749,Cuttino Mobley,LAC,200605220PHO,"May 22, 2006",PHX,10,10,2,11,43.48,45.96,-2.48,9,8,1,0,1,2,0,0,0,0,0,0,0,0,0,0,0,0,0,0,0,0,0,0
2564,Boris Diaw,PHX,200605220PHO,"May 22, 2006",LAC,14,10,2,11,63.64,64.34,-0.7,10,12,0,0,1,2,0,0,0,0,0,0,0,0,0,0,0,0,0,0,0,0,0,0
2549,Chris Kaman,LAC,200605220PHO,"May 22, 2006",PHX,10,4,2,5,100.0,102.46,-2.46,4,8,0,0,1,2,0,0,0,0,0,0,0,0,0,0,0,0,0,0,0,0,0,0
1952,Raja Bell,PHX,200605220PHO,"May 22, 2006",LAC,10,7,4,9,50.0,57.08,-7.08,5,4,2,3,2,3,0,0,0,0,0,0,0,0,0,0,0,0,0,0,0,0,0,0
1890,Shawn Marion,PHX,200605220PHO,"May 22, 2006",LAC,30,20,1,20,60.0,73.39,-13.39,10,12,9,15,0,0,0,0,1,3,0,0,0,0,0,0,0,0,0,0,0,0,0,0
959,Steve Nash,PHX,200605220PHO,"May 22, 2006",LAC,29,16,4,19,70.73,81.64,-10.91,11,14,5,12,0,0,0,0,0,0,0,0,3,3,0,0,0,0,0,0,0,0,0,0
2624,Quinton Ross,LAC,200605220PHO,"May 22, 2006",PHX,8,7,0,7,57.14,57.14,0.0,7,8,0,0,0,0,0,0,0,0,0,0,0,0,0,0,0,0,0,0,0,0,0,0
1501,Tim Thomas,PHX,200605220PHO,"May 22, 2006",LAC,16,11,4,13,50.0,62.7,-12.7,5,6,6,6,2,4,0,0,0,0,0,0,0,0,0,0,0,0,0,0,0,0,0,0
1882,Elton Brand,LAC,200605220PHO,"May 22, 2006",PHX,36,26,4,28,64.29,64.84,-0.55,26,32,0,0,1,2,0,0,0,0,0,0,0,0,0,0,0,0,0,0,0,0,1,2
208,Sam Cassell,LAC,200605220PHO,"May 22, 2006",PHX,11,11,4,13,42.31,43.1,-0.79,11,8,0,0,1,1,0,0,0,0,0,0,0,0,0,0,0,0,0,0,0,0,1,2
2571,Leandro Barbosa,PHX,200605220PHO,"May 22, 2006",LAC,18,10,0,10,81.82,90.0,-8.18,8,12,2,6,0,0,0,0,0,0,0,0,0,0,0,0,0,0,0,0,0,0,0,0
1894,Corey Maggette,LAC,200605220PHO,"May 22, 2006",PHX,18,13,8,17,48.65,54.48,-5.83,10,10,3,0,3,6,0,0,0,0,0,0,0,0,0,0,0,0,0,0,0,0,1,2
2733,Shaun Livingston,LAC,200605220PHO,"May 22, 2006",PHX,14,6,6,9,77.78,81.02,-3.24,6,8,0,0,3,6,0,0,0,0,0,0,0,0,0,0,0,0,0,0,0,0,0,0
2592,James Jones,PHX,200605220PHO,"May 22, 2006",LAC,10,6,4,8,52.63,64.43,-11.8,3,4,3,3,1,1,0,0,0,0,0,0,0,0,0,0,0,0,0,0,0,0,1,2
962,Walter McCarty,LAC,200605220PHO,"May 22, 2006",PHX,0,1,0,1,0.0,0.0,0.0,1,0,0,0,0,0,0,0,0,0,0,0,0,0,0,0,0,0,0,0,0,0,0,0
406,Shaquille O'Neal,MIA,200605230DET,"May 23, 2006",DET,14,12,4,14,50.0,50.87,-0.87,12,12,0,0,2,2,0,0,0,0,0,0,0,0,0,0,0,0,0,0,0,0,0,0
739,Rasheed Wallace,DET,200605230DET,"May 23, 2006",MIA,7,10,0,10,29.17,35.0,-5.83,6,4,4,3,0,0,0,0,0,0,0,0,0,0,0,0,0,0,0,0,0,0,0,0
952,Antoine Walker,MIA,200605230DET,"May 23, 2006",DET,17,12,6,15,47.22,58.06,-10.84,6,8,6,6,2,2,0,0,0,0,0,0,0,0,0,0,0,0,0,0,0,0,1,1
2617,Udonis Haslem,MIA,200605230DET,"May 23, 2006",DET,0,7,0,7,0.0,0.0,0.0,7,0,0,0,0,0,0,0,0,0,0,0,0,0,0,0,0,0,0,0,0,0,0,0
2419,Tayshaun Prince,DET,200605230DET,"May 23, 2006",MIA,16,13,6,16,45.71,51.15,-5.44,10,8,3,3,3,5,0,0,0,0,0,0,0,0,0,0,0,0,0,0,0,0,0,0
2548,Dwyane Wade,MIA,200605230DET,"May 23, 2006",DET,25,11,9,15,80.65,83.56,-2.91,10,16,0,0,2,3,0,0,1,3,0,0,0,0,0,0,0,0,0,0,0,0,2,3
1497,Chauncey Billups,DET,200605230DET,"May 23, 2006",MIA,19,19,5,22,37.25,44.81,-7.56,11,8,8,6,1,2,0,0,0,0,0,0,1,1,0,0,0,0,0,0,0,0,1,2
1715,Jason Williams,MIA,200605230DET,"May 23, 2006",DET,10,7,0,7,62.5,71.43,-8.93,5,10,2,0,0,0,0,0,0,0,0,0,0,0,0,0,0,0,0,0,0,0,0,0
1888,Richard Hamilton,DET,200605230DET,"May 23, 2006",MIA,22,22,3,24,44.0,47.17,-3.17,19,16,3,3,1,2,0,0,0,0,0,0,1,1,0,0,0,0,0,0,0,0,0,0
1112,Ben Wallace,DET,200605230DET,"May 23, 2006",MIA,6,3,2,4,75.0,77.32,-2.32,3,6,0,0,0,0,0,0,0,0,0,0,0,0,0,0,0,0,0,0,0,0,1,0
56,Gary Payton,MIA,200605230DET,"May 23, 2006",DET,14,8,0,8,73.68,87.5,-13.82,5,8,3,6,0,0,0,0,0,0,0,0,0,0,0,0,0,0,0,0,0,0,0,0
686,Antonio McDyess,DET,200605230DET,"May 23, 2006",MIA,10,7,4,9,55.56,57.08,-1.52,7,6,0,0,1,2,0,0,0,0,0,0,0,0,1,2,0,0,0,0,0,0,0,0
297,Alonzo Mourning,MIA,200605230DET,"May 23, 2006",DET,6,3,0,3,100.0,100.0,0.0,3,6,0,0,0,0,0,0,0,0,0,0,0,0,0,0,0,0,0,0,0,0,0,0
283,Lindsey Hunter,DET,200605230DET,"May 23, 2006",MIA,4,7,2,8,21.05,25.38,-4.33,4,2,3,0,0,0,0,0,0,0,0,0,0,0,0,0,0,0,0,0,0,0,1,2
1899,James Posey,MIA,200605230DET,"May 23, 2006",DET,5,3,2,4,50.0,64.43,-14.43,1,0,2,3,0,0,0,0,0,0,0,0,0,0,0,0,0,0,0,0,0,0,1,2
2230,Maurice Evans,DET,200605230DET,"May 23, 2006",MIA,2,1,0,1,100.0,100.0,0.0,1,2,0,0,0,0,0,0,0,0,0,0,0,0,0,0,0,0,0,0,0,0,0,0
1507,Derek Anderson,MIA,200605230DET,"May 23, 2006",DET,0,1,0,1,0.0,0.0,0.0,0,0,1,0,0,0,0,0,0,0,0,0,0,0,0,0,0,0,0,0,0,0,0,0
1717,Dirk Nowitzki,DAL,200605240DAL,"May 24, 2006",PHX,25,18,10,22,54.35,55.8,-1.45,16,12,0,0,2,4,0,0,2,6,0,0,0,0,0,0,0,0,0,0,0,0,2,3
1890,Shawn Marion,PHX,200605240DAL,"May 24, 2006",DAL,24,15,4,17,68.57,71.6,-3.03,14,20,1,0,2,4,0,0,0,0,0,0,0,0,0,0,0,0,0,0,0,0,0,0
956,Erick Dampier,DAL,200605240DAL,"May 24, 2006",PHX,6,4,0,4,75.0,75.0,0.0,4,6,0,0,0,0,0,0,0,0,0,0,0,0,0,0,0,0,0,0,0,0,0,0
2564,Boris Diaw,PHX,200605240DAL,"May 24, 2006",DAL,34,23,10,26,60.71,62.04,-1.33,19,18,0,0,3,6,0,0,4,10,0,0,0,0,0,0,0,0,0,0,0,0,0,0
2572,Josh Howard,DAL,200605240DAL,"May 24, 2006",PHX,6,4,0,4,66.67,75.0,-8.33,3,6,1,0,0,0,0,0,0,0,0,0,0,0,0,0,0,0,0,0,0,0,0,0
1501,Tim Thomas,DAL,200605240DAL,"May 24, 2006",PHX,17,11,6,14,54.84,62.32,-7.48,8,6,3,6,2,3,0,0,0,0,0,0,0,0,0,0,0,0,0,0,0,0,1,2
1891,Jason Terry,DAL,200605240DAL,"May 24, 2006",PHX,15,17,2,18,36.59,41.95,-5.36,12,10,5,3,1,2,0,0,0,0,0,0,0,0,0,0,0,0,0,0,0,0,0,0
1952,Raja Bell,DAL,200605240DAL,"May 24, 2006",PHX,8,5,2,6,61.54,68.03,-6.49,4,4,1,3,0,0,0,0,0,0,0,0,0,0,0,0,0,0,0,0,0,0,1,1
959,Steve Nash,PHX,200605240DAL,"May 24, 2006",DAL,27,18,3,19,61.36,69.88,-8.52,12,16,5,6,1,2,0,0,1,3,0,0,0,0,0,0,0,0,0,0,0,0,0,0
2734,Devin Harris,DAL,200605240DAL,"May 24, 2006",PHX,30,17,7,19,73.17,74.7,-1.53,14,18,0,0,0,0,0,0,3,8,0,0,0,0,0,0,0,0,0,0,0,0,2,4
1559,Adrian Griffin,DAL,200605240DAL,"May 24, 2006",PHX,4,3,0,3,66.67,66.67,0.0,3,4,0,0,0,0,0,0,0,0,0,0,0,0,0,0,0,0,0,0,0,0,0,0
711,Jerry Stackhouse,DAL,200605240DAL,"May 24, 2006",PHX,16,13,1,13,55.17,59.52,-4.35,10,10,2,3,0,0,0,0,1,3,0,0,0,0,0,0,0,0,0,0,0,0,0,0
2592,James Jones,PHX,200605240DAL,"May 24, 2006",DAL,2,1,0,1,100.0,100.0,0.0,1,2,0,0,0,0,0,0,0,0,0,0,0,0,0,0,0,0,0,0,0,0,0,0
1496,Keith Van Horn,DAL,200605240DAL,"May 24, 2006",PHX,7,11,0,11,24.14,31.82,-7.68,4,4,7,3,0,0,0,0,0,0,0,0,0,0,0,0,0,0,0,0,0,0,0,0
2571,Leandro Barbosa,PHX,200605240DAL,"May 24, 2006",DAL,3,7,4,9,14.29,17.12,-2.83,4,2,3,0,1,0,0,0,0,0,0,0,0,0,0,0,0,0,0,0,0,0,1,1
2605,Marquis Daniels,DAL,200605240DAL,"May 24, 2006",PHX,9,4,3,5,81.82,84.59,-2.77,3,4,0,0,1,2,0,0,1,3,0,0,0,0,0,0,0,0,0,0,0,0,0,0
2067,Eddie House,PHX,200605240DAL,"May 24, 2006",DAL,6,5,0,5,50.0,60.0,-10.0,3,6,2,0,0,0,0,0,0,0,0,0,0,0,0,0,0,0,0,0,0,0,0,0
353,Darrell Armstrong,DAL,200605240DAL,"May 24, 2006",PHX,0,2,0,2,0.0,0.0,0.0,1,0,1,0,0,0,0,0,0,0,0,0,0,0,0,0,0,0,0,0,0,0,0,0
406,Shaquille O'Neal,MIA,200605250DET,"May 25, 2006",DET,21,16,5,18,56.76,57.69,-0.93,15,16,0,0,2,2,0,0,1,3,0,0,0,0,0,0,0,0,0,0,0,0,0,0
1497,Chauncey Billups,DET,200605250DET,"May 25, 2006",MIA,18,13,7,17,47.37,55.97,-8.6,8,8,5,3,1,2,0,0,0,0,0,0,1,1,0,0,0,0,0,0,0,0,2,4
952,Antoine Walker,MIA,200605250DET,"May 25, 2006",DET,11,12,4,14,31.43,39.97,-8.54,5,4,7,3,2,4,0,0,0,0,0,0,0,0,0,0,0,0,0,0,0,0,0,0
1715,Jason Williams,MIA,200605250DET,"May 25, 2006",DET,7,8,0,8,33.33,43.75,-10.42,3,4,5,3,0,0,0,0,0,0,0,0,0,0,0,0,0,0,0,0,0,0,0,0
1888,Richard Hamilton,DET,200605250DET,"May 25, 2006",MIA,22,18,7,22,46.81,52.18,-5.37,14,10,4,6,1,2,0,0,0,0,0,0,2,2,0,0,0,0,0,0,0,0,1,2
1112,Ben Wallace,DET,200605250DET,"May 25, 2006",MIA,9,4,2,4,90.0,92.21,-2.21,2,4,0,0,0,0,0,0,2,5,0,0,0,0,0,0,0,0,0,0,0,0,0,0
2617,Udonis Haslem,MIA,200605250DET,"May 25, 2006",DET,2,5,0,5,20.0,20.0,0.0,5,2,0,0,0,0,0,0,0,0,0,0,0,0,0,0,0,0,0,0,0,0,0,0
739,Rasheed Wallace,DET,200605250DET,"May 25, 2006",MIA,16,12,2,13,50.0,62.11,-12.11,6,8,6,6,0,0,0,0,0,0,0,0,0,0,0,0,0,0,0,0,0,0,1,2
2419,Tayshaun Prince,DET,200605250DET,"May 25, 2006",MIA,24,20,5,22,48.98,54.05,-5.07,15,16,4,3,1,1,0,0,1,3,0,0,0,0,0,0,0,0,0,0,0,0,1,1
2548,Dwyane Wade,MIA,200605250DET,"May 25, 2006",DET,32,20,8,24,61.54,68.03,-6.49,16,18,4,6,2,4,0,0,0,0,0,0,0,0,0,0,0,0,0,0,0,0,2,4
1899,James Posey,MIA,200605250DET,"May 25, 2006",DET,6,4,0,4,54.55,75.0,-20.45,1,0,3,6,0,0,0,0,0,0,0,0,0,0,0,0,0,0,0,0,0,0,0,0
56,Gary Payton,MIA,200605250DET,"May 25, 2006",DET,7,6,6,9,33.33,40.51,-7.18,3,2,3,0,2,3,0,0,0,0,0,0,0,0,0,0,0,0,0,0,0,0,1,2
2568,Carlos Delfino,DET,200605250DET,"May 25, 2006",MIA,0,1,0,1,0.0,0.0,0.0,1,0,0,0,0,0,0,0,0,0,0,0,0,0,0,0,0,0,0,0,0,0,0,0
686,Antonio McDyess,DET,200605250DET,"May 25, 2006",MIA,3,4,4,6,25.0,26.04,-1.04,4,2,0,0,1,0,0,0,0,0,0,0,0,0,0,0,0,0,0,0,0,0,1,1
297,Alonzo Mourning,MIA,200605250DET,"May 25, 2006",DET,2,2,0,2,50.0,50.0,0.0,2,2,0,0,0,0,0,0,0,0,0,0,0,0,0,0,0,0,0,0,0,0,0,0
283,Lindsey Hunter,DET,200605250DET,"May 25, 2006",MIA,0,3,0,3,0.0,0.0,0.0,0,0,3,0,0,0,0,0,0,0,0,0,0,0,0,0,0,0,0,0,0,0,0,0
1890,Shawn Marion,PHX,200605260DAL,"May 26, 2006",DAL,19,20,0,20,44.19,47.5,-3.31,17,16,3,3,0,0,0,0,0,0,0,0,0,0,0,0,0,0,0,0,0,0,0,0
2564,Boris Diaw,DAL,200605260DAL,"May 26, 2006",PHX,25,17,6,19,62.5,63.65,-1.15,15,16,0,0,2,4,0,0,2,5,0,0,0,0,0,0,0,0,0,0,0,0,0,0
2572,Josh Howard,DAL,200605260DAL,"May 26, 2006",PHX,29,19,10,24,54.72,61.97,-7.25,14,14,5,9,5,6,0,0,0,0,0,0,0,0,0,0,0,0,0,0,0,0,0,0
1501,Tim Thomas,PHX,200605260DAL,"May 26, 2006",DAL,20,18,0,18,43.48,55.56,-12.08,8,8,10,12,0,0,0,0,0,0,0,0,0,0,0,0,0,0,0,0,0,0,0,0
2571,Leandro Barbosa,PHX,200605260DAL,"May 26, 2006",DAL,8,15,0,15,22.22,26.67,-4.45,9,2,6,6,0,0,0,0,0,0,0,0,0,0,0,0,0,0,0,0,0,0,0,0
1717,Dirk Nowitzki,DAL,200605260DAL,"May 26, 2006",PHX,30,21,8,25,60.0,61.17,-1.17,20,22,0,0,0,0,0,0,1,3,0,0,1,1,0,0,0,0,0,0,0,0,3,4
1891,Jason Terry,DAL,200605260DAL,"May 26, 2006",PHX,18,15,7,18,47.37,49.78,-2.41,13,10,1,0,3,5,0,0,1,3,0,0,0,0,0,0,0,0,0,0,0,0,0,0
2734,Devin Harris,DAL,200605260DAL,"May 26, 2006",PHX,9,7,4,9,47.37,51.37,-4.0,6,8,1,0,2,1,0,0,0,0,0,0,0,0,0,0,0,0,0,0,0,0,0,0
959,Steve Nash,PHX,200605260DAL,"May 26, 2006",DAL,16,10,3,12,64.0,70.67,-6.67,8,8,2,6,1,2,0,0,0,0,0,0,1,0,0,0,0,0,0,0,0,0,0,0
711,Jerry Stackhouse,DAL,200605260DAL,"May 26, 2006",PHX,11,7,5,9,52.38,59.78,-7.4,4,2,2,3,0,0,0,0,1,3,0,0,0,0,0,0,0,0,0,0,0,0,2,3
2205,DeSagana Diop,DAL,200605260DAL,"May 26, 2006",PHX,4,3,0,3,66.67,66.67,0.0,3,4,0,0,0,0,0,0,0,0,0,0,0,0,0,0,0,0,0,0,0,0,0,0
2592,James Jones,PHX,200605260DAL,"May 26, 2006",DAL,3,2,2,3,50.0,52.08,-2.08,2,2,0,0,1,1,0,0,0,0,0,0,0,0,0,0,0,0,0,0,0,0,0,0
2067,Eddie House,PHX,200605260DAL,"May 26, 2006",DAL,7,7,0,7,43.75,50.0,-6.25,5,4,2,3,0,0,0,0,0,0,0,0,0,0,0,0,0,0,0,0,0,0,0,0
1559,Adrian Griffin,DAL,200605260DAL,"May 26, 2006",PHX,2,2,2,3,33.33,34.72,-1.39,2,0,0,0,1,2,0,0,0,0,0,0,0,0,0,0,0,0,0,0,0,0,0,0
2605,Marquis Daniels,DAL,200605260DAL,"May 26, 2006",PHX,0,2,0,2,0.0,0.0,0.0,2,0,0,0,0,0,0,0,0,0,0,0,0,0,0,0,0,0,0,0,0,0,0,0
1496,Keith Van Horn,DAL,200605260DAL,"May 26, 2006",PHX,2,4,0,4,20.0,25.0,-5.0,2,2,2,0,0,0,0,0,0,0,0,0,0,0,0,0,0,0,0,0,0,0,0,0
952,Antoine Walker,MIA,200605270MIA,"May 27, 2006",DET,11,11,0,11,44.0,50.0,-6.0,8,8,3,3,0,0,0,0,0,0,0,0,0,0,0,0,0,0,0,0,0,0,0,0
2419,Tayshaun Prince,DET,200605270MIA,"May 27, 2006",MIA,3,7,0,7,20.0,21.43,-1.43,6,0,1,3,0,0,0,0,0,0,0,0,0,0,0,0,0,0,0,0,0,0,0,0
406,Shaquille O'Neal,MIA,200605270MIA,"May 27, 2006",DET,27,15,10,20,67.5,69.59,-2.09,15,22,0,0,3,3,0,0,0,0,0,0,0,0,0,0,0,0,0,0,0,0,2,2
739,Rasheed Wallace,DET,200605270MIA,"May 27, 2006",MIA,11,11,3,12,36.67,44.64,-7.97,5,4,5,3,1,1,0,0,1,3,0,0,0,0,0,0,0,0,0,0,0,0,0,0
2617,Udonis Haslem,MIA,200605270MIA,"May 27, 2006",DET,10,10,0,10,50.0,50.0,0.0,10,10,0,0,0,0,0,0,0,0,0,0,0,0,0,0,0,0,0,0,0,0,0,0
1715,Jason Williams,DET,200605270MIA,"May 27, 2006",MIA,7,4,0,4,70.0,87.5,-17.5,2,4,2,3,0,0,0,0,0,0,0,0,0,0,0,0,0,0,0,0,0,0,0,0
1497,Chauncey Billups,DET,200605270MIA,"May 27, 2006",MIA,31,17,6,20,68.89,78.92,-10.03,12,14,5,12,1,2,0,0,0,0,0,0,0,0,0,0,0,0,0,0,0,0,2,3
2548,Dwyane Wade,MIA,200605270MIA,"May 27, 2006",DET,35,17,11,21,77.78,80.13,-2.35,14,20,0,0,3,4,0,0,3,9,0,0,0,0,0,0,0,0,0,0,0,0,1,2
1112,Ben Wallace,DET,200605270MIA,"May 27, 2006",MIA,2,1,10,6,16.67,18.52,-1.85,1,0,0,0,1,0,0,0,0,0,0,0,0,0,0,0,0,0,0,0,0,0,4,2
1888,Richard Hamilton,DET,200605270MIA,"May 27, 2006",MIA,20,15,8,19,50.0,54.0,-4.0,12,10,2,0,1,2,0,0,1,3,0,0,1,1,0,0,0,0,0,0,0,0,2,4
686,Antonio McDyess,DET,200605270MIA,"May 27, 2006",MIA,9,6,4,8,52.94,57.99,-5.05,5,6,1,0,2,3,0,0,0,0,0,0,0,0,0,0,0,0,0,0,0,0,0,0
56,Gary Payton,MIA,200605270MIA,"May 27, 2006",DET,4,7,2,8,21.05,25.38,-4.33,4,2,3,0,1,2,0,0,0,0,0,0,0,0,0,0,0,0,0,0,0,0,0,0
2568,Carlos Delfino,DET,200605270MIA,"May 27, 2006",MIA,0,2,0,2,0.0,0.0,0.0,2,0,0,0,0,0,0,0,0,0,0,0,0,0,0,0,0,0,0,0,0,0,0,0
1899,James Posey,MIA,200605270MIA,"May 27, 2006",DET,4,2,2,3,57.14,69.44,-12.3,1,2,1,0,1,2,0,0,0,0,0,0,0,0,0,0,0,0,0,0,0,0,0,0
283,Lindsey Hunter,DET,200605270MIA,"May 27, 2006",MIA,3,1,0,1,100.0,150.0,-50.0,0,0,1,3,0,0,0,0,0,0,0,0,0,0,0,0,0,0,0,0,0,0,0,0
960,Tony Delk,DET,200605270MIA,"May 27, 2006",MIA,4,4,2,5,36.36,40.98,-4.62,3,2,1,0,0,0,0,0,0,0,0,0,0,0,0,0,0,0,0,0,0,0,1,2
1507,Derek Anderson,MIA,200605270MIA,"May 27, 2006",DET,0,1,0,1,0.0,0.0,0.0,1,0,0,0,0,0,0,0,0,0,0,0,0,0,0,0,0,0,0,0,0,0,0,0
2571,Leandro Barbosa,DAL,200605280PHO,"May 28, 2006",PHX,17,14,5,16,50.0,52.47,-2.47,12,8,1,3,0,0,0,0,1,2,0,0,0,0,0,0,0,0,0,0,0,0,2,4
1891,Jason Terry,DAL,200605280PHO,"May 28, 2006",PHX,19,20,1,20,43.18,46.48,-3.3,16,16,3,0,0,0,0,0,1,3,0,0,0,0,0,0,0,0,0,0,0,0,0,0
2564,Boris Diaw,PHX,200605280PHO,"May 28, 2006",DAL,20,22,0,22,44.44,45.45,-1.01,21,20,1,0,0,0,0,0,0,0,0,0,0,0,0,0,0,0,0,0,0,0,0,0
1496,Keith Van Horn,DAL,200605280PHO,"May 28, 2006",PHX,5,7,1,7,31.25,33.6,-2.35,5,2,1,0,0,0,0,0,1,3,0,0,0,0,0,0,0,0,0,0,0,0,0,0
1717,Dirk Nowitzki,DAL,200605280PHO,"May 28, 2006",PHX,28,23,6,26,50.0,54.6,-4.6,19,16,4,6,2,4,0,0,0,0,0,0,0,0,0,0,0,0,0,0,0,0,1,2
2572,Josh Howard,DAL,200605280PHO,"May 28, 2006",PHX,22,22,2,23,43.14,48.08,-4.94,17,14,5,6,1,2,0,0,0,0,0,0,0,0,0,0,0,0,0,0,0,0,0,0
1890,Shawn Marion,DAL,200605280PHO,"May 28, 2006",PHX,10,12,2,13,35.71,38.82,-3.11,10,8,2,0,1,2,0,0,0,0,0,0,0,0,0,0,0,0,0,0,0,0,0,0
959,Steve Nash,PHX,200605280PHO,"May 28, 2006",DAL,21,18,0,18,48.84,58.33,-9.49,11,12,7,9,0,0,0,0,0,0,0,0,0,0,0,0,0,0,0,0,0,0,0,0
2734,Devin Harris,PHX,200605280PHO,"May 28, 2006",DAL,6,7,1,7,40.0,40.32,-0.32,6,4,0,0,0,0,0,0,1,2,0,0,0,0,0,0,0,0,0,0,0,0,0,0
1501,Tim Thomas,PHX,200605280PHO,"May 28, 2006",DAL,14,8,4,10,56.0,71.72,-15.72,3,2,5,9,1,1,0,0,0,0,0,0,0,0,1,2,0,0,0,0,0,0,0,0
1559,Adrian Griffin,DAL,200605280PHO,"May 28, 2006",PHX,2,2,0,2,50.0,50.0,0.0,2,2,0,0,0,0,0,0,0,0,0,0,0,0,0,0,0,0,0,0,0,0,0,0
2592,James Jones,PHX,200605280PHO,"May 28, 2006",DAL,4,5,2,6,30.77,34.01,-3.24,4,2,1,0,1,2,0,0,0,0,0,0,0,0,0,0,0,0,0,0,0,0,0,0
711,Jerry Stackhouse,DAL,200605280PHO,"May 28, 2006",PHX,7,8,6,11,30.43,32.89,-2.46,7,4,1,0,0,0,0,0,0,0,0,0,0,0,0,0,0,0,0,0,0,0,3,3
2067,Eddie House,PHX,200605280PHO,"May 28, 2006",DAL,2,3,0,3,25.0,33.33,-8.33,1,2,2,0,0,0,0,0,0,0,0,0,0,0,0,0,0,0,0,0,0,0,0,0
353,Darrell Armstrong,DAL,200605280PHO,"May 28, 2006",PHX,2,2,0,2,40.0,50.0,-10.0,1,2,1,0,0,0,0,0,0,0,0,0,0,0,0,0,0,0,0,0,0,0,0,0
2205,DeSagana Diop,DAL,200605280PHO,"May 28, 2006",PHX,4,4,0,4,50.0,50.0,0.0,4,4,0,0,0,0,0,0,0,0,0,0,0,0,0,0,0,0,0,0,0,0,0,0
1497,Chauncey Billups,MIA,200605290MIA,"May 29, 2006",DET,14,12,4,14,46.67,50.87,-4.2,10,12,2,0,2,2,0,0,0,0,0,0,0,0,0,0,0,0,0,0,0,0,0,0
2548,Dwyane Wade,MIA,200605290MIA,"May 29, 2006",DET,31,11,19,20,75.61,80.06,-4.45,10,14,0,0,5,8,0,0,1,3,0,0,0,0,1,2,0,0,0,0,0,0,3,4
1888,Richard Hamilton,DET,200605290MIA,"May 29, 2006",MIA,11,15,4,17,31.43,32.82,-1.39,14,8,1,0,1,1,0,0,0,0,0,0,0,0,0,0,0,0,0,0,0,0,1,2
952,Antoine Walker,MIA,200605290MIA,"May 29, 2006",DET,7,5,3,6,41.18,55.38,-14.2,0,0,4,3,1,2,0,0,1,2,0,0,0,0,0,0,0,0,0,0,0,0,0,0
1715,Jason Williams,DET,200605290MIA,"May 29, 2006",MIA,0,4,0,4,0.0,0.0,0.0,1,0,3,0,0,0,0,0,0,0,0,0,0,0,0,0,0,0,0,0,0,0,0,0
406,Shaquille O'Neal,MIA,200605290MIA,"May 29, 2006",DET,21,12,15,19,53.85,56.45,-2.6,11,14,0,0,5,3,0,0,1,3,0,0,0,0,0,0,0,0,0,0,0,0,2,1
739,Rasheed Wallace,DET,200605290MIA,"May 29, 2006",MIA,12,13,2,14,38.71,43.23,-4.52,10,8,3,3,1,1,0,0,0,0,0,0,0,0,0,0,0,0,0,0,0,0,0,0
2617,Udonis Haslem,MIA,200605290MIA,"May 29, 2006",DET,16,10,6,13,61.54,63.29,-1.75,10,12,0,0,2,3,0,0,0,0,0,0,0,0,0,0,0,0,0,0,0,0,1,1
1112,Ben Wallace,DET,200605290MIA,"May 29, 2006",MIA,4,4,2,5,40.0,40.98,-0.98,4,4,0,0,1,0,0,0,0,0,0,0,0,0,0,0,0,0,0,0,0,0,0,0
2419,Tayshaun Prince,DET,200605290MIA,"May 29, 2006",MIA,15,16,2,17,40.54,44.43,-3.89,13,10,3,3,1,2,0,0,0,0,0,0,0,0,0,0,0,0,0,0,0,0,0,0
686,Antonio McDyess,DET,200605290MIA,"May 29, 2006",MIA,2,3,2,4,25.0,25.77,-0.77,3,2,0,0,0,0,0,0,0,0,0,0,0,0,0,0,0,0,0,0,0,0,1,0
56,Gary Payton,MIA,200605290MIA,"May 29, 2006",DET,6,5,0,5,42.86,60.0,-17.14,1,0,4,6,0,0,0,0,0,0,0,0,0,0,0,0,0,0,0,0,0,0,0,0
1899,James Posey,MIA,200605290MIA,"May 29, 2006",DET,7,4,2,5,50.0,71.72,-21.72,0,0,4,6,0,0,0,0,0,0,0,0,0,0,0,0,0,0,0,0,0,0,1,1
283,Lindsey Hunter,DET,200605290MIA,"May 29, 2006",MIA,10,8,0,8,50.0,62.5,-12.5,4,4,4,6,0,0,0,0,0,0,0,0,0,0,0,0,0,0,0,0,0,0,0,0
905,Dale Davis,DET,200605290MIA,"May 29, 2006",MIA,2,2,4,4,25.0,26.6,-1.6,2,0,0,0,1,0,0,0,0,0,0,0,0,0,0,0,0,0,0,0,0,0,1,2
297,Alonzo Mourning,MIA,200605290MIA,"May 29, 2006",DET,1,0,2,1,50.0,56.82,-6.82,0,0,0,0,1,1,0,0,0,0,0,0,0,0,0,0,0,0,0,0,0,0,0,0
2230,Maurice Evans,DET,200605290MIA,"May 29, 2006",MIA,8,4,2,5,61.54,81.97,-20.43,1,0,3,6,0,0,0,0,0,0,0,0,0,0,0,0,0,0,0,0,0,0,1,2
2734,Devin Harris,DAL,200605300PHO,"May 30, 2006",PHX,10,9,4,11,43.48,46.47,-2.99,8,8,1,0,2,2,0,0,0,0,0,0,0,0,0,0,0,0,0,0,0,0,0,0
1717,Dirk Nowitzki,PHX,200605300PHO,"May 30, 2006",DAL,11,13,5,16,34.38,36.18,-1.8,12,4,1,3,2,4,0,0,0,0,0,0,1,0,0,0,0,0,0,0,0,0,0,0
1890,Shawn Marion,PHX,200605300PHO,"May 30, 2006",DAL,15,11,4,13,55.56,58.78,-3.22,10,10,1,3,2,2,0,0,0,0,0,0,0,0,0,0,0,0,0,0,0,0,0,0
1496,Keith Van Horn,DAL,200605300PHO,"May 30, 2006",PHX,7,7,0,7,43.75,50.0,-6.25,5,4,2,3,0,0,0,0,0,0,0,0,0,0,0,0,0,0,0,0,0,0,0,0
2572,Josh Howard,DAL,200605300PHO,"May 30, 2006",PHX,16,15,2,15,48.48,50.38,-1.9,12,10,1,0,0,0,0,0,2,6,0,0,0,0,0,0,0,0,0,0,0,0,0,0
1952,Raja Bell,PHX,200605300PHO,"May 30, 2006",DAL,9,7,1,7,52.94,60.48,-7.54,4,6,2,0,0,0,0,0,1,3,0,0,0,0,0,0,0,0,0,0,0,0,0,0
2564,Boris Diaw,PHX,200605300PHO,"May 30, 2006",DAL,20,21,4,22,41.67,43.94,-2.27,17,14,2,0,0,0,0,0,2,5,0,0,0,0,0,0,0,0,0,0,0,0,1,1
959,Steve Nash,PHX,200605300PHO,"May 30, 2006",DAL,21,13,4,16,67.74,71.14,-3.4,12,14,1,3,0,0,0,0,0,0,0,0,2,2,0,0,0,0,0,0,0,0,1,2
1501,Tim Thomas,DAL,200605300PHO,"May 30, 2006",PHX,5,2,4,4,62.5,66.49,-3.99,2,4,0,0,2,1,0,0,0,0,0,0,0,0,0,0,0,0,0,0,0,0,0,0
1891,Jason Terry,DAL,200605300PHO,"May 30, 2006",PHX,13,11,4,13,43.33,50.94,-7.61,7,4,4,6,1,2,0,0,0,0,0,0,0,0,0,0,0,0,0,0,0,0,1,1
2571,Leandro Barbosa,PHX,200605300PHO,"May 30, 2006",DAL,24,13,0,13,75.0,92.31,-17.31,7,12,6,12,0,0,0,0,0,0,0,0,0,0,0,0,0,0,0,0,0,0,0,0
2592,James Jones,PHX,200605300PHO,"May 30, 2006",DAL,3,4,0,4,30.0,37.5,-7.5,2,0,2,3,0,0,0,0,0,0,0,0,0,0,0,0,0,0,0,0,0,0,0,0
2205,DeSagana Diop,DAL,200605300PHO,"May 30, 2006",PHX,2,1,0,1,100.0,100.0,0.0,1,2,0,0,0,0,0,0,0,0,0,0,0,0,0,0,0,0,0,0,0,0,0,0
711,Jerry Stackhouse,DAL,200605300PHO,"May 30, 2006",PHX,10,10,2,11,41.67,45.96,-4.29,8,8,2,0,1,2,0,0,0,0,0,0,0,0,0,0,0,0,0,0,0,0,0,0
1559,Adrian Griffin,DAL,200605300PHO,"May 30, 2006",PHX,13,8,1,8,76.47,77.01,-0.54,7,10,0,0,0,0,0,0,1,3,0,0,0,0,0,0,0,0,0,0,0,0,0,0
2067,Eddie House,PHX,200605300PHO,"May 30, 2006",DAL,8,6,2,7,57.14,58.14,-1.0,6,6,0,0,0,0,0,0,0,0,0,0,0,0,0,0,0,0,0,0,0,0,1,2
956,Erick Dampier,DAL,200605300PHO,"May 30, 2006",PHX,2,0,4,2,50.0,56.82,-6.82,0,0,0,0,1,2,0,0,0,0,0,0,0,0,0,0,0,0,0,0,0,0,1,0
2605,Marquis Daniels,DAL,200605300PHO,"May 30, 2006",PHX,0,1,0,1,0.0,0.0,0.0,1,0,0,0,0,0,0,0,0,0,0,0,0,0,0,0,0,0,0,0,0,0,0,0
353,Darrell Armstrong,DAL,200605300PHO,"May 30, 2006",PHX,2,4,0,4,20.0,25.0,-5.0,2,2,2,0,0,0,0,0,0,0,0,0,0,0,0,0,0,0,0,0,0,0,0,0
703,Kurt Thomas,PHX,200605300PHO,"May 30, 2006",DAL,1,0,2,1,50.0,56.82,-6.82,0,0,0,0,0,0,0,0,0,0,0,0,0,0,0,0,0,0,0,0,0,0,1,1
2469,Pat Burke,PHX,200605300PHO,"May 30, 2006",DAL,0,2,0,2,0.0,0.0,0.0,1,0,1,0,0,0,0,0,0,0,0,0,0,0,0,0,0,0,0,0,0,0,0,0
1715,Jason Williams,MIA,200605310DET,"May 31, 2006",DET,6,7,1,8,31.58,40.32,-8.74,3,2,4,3,0,0,0,0,0,0,0,0,1,1,0,0,0,0,0,0,0,0,0,0
1888,Richard Hamilton,DET,200605310DET,"May 31, 2006",MIA,16,21,2,22,36.36,36.56,-0.2,21,14,0,0,1,2,0,0,0,0,0,0,0,0,0,0,0,0,0,0,0,0,0,0
1497,Chauncey Billups,DET,200605310DET,"May 31, 2006",MIA,17,12,11,18,43.59,50.48,-6.89,8,6,4,0,3,6,0,0,0,0,0,0,1,1,0,0,0,0,0,0,0,0,2,4
406,Shaquille O'Neal,MIA,200605310DET,"May 31, 2006",DET,19,15,5,17,54.29,55.23,-0.94,14,16,0,0,1,1,0,0,1,2,0,0,0,0,0,0,0,0,0,0,0,0,1,0
952,Antoine Walker,MIA,200605310DET,"May 31, 2006",DET,10,12,0,12,32.26,41.67,-9.41,5,4,7,6,0,0,0,0,0,0,0,0,0,0,0,0,0,0,0,0,0,0,0,0
739,Rasheed Wallace,DET,200605310DET,"May 31, 2006",MIA,7,11,2,12,25.0,29.46,-4.46,7,6,4,0,1,1,0,0,0,0,0,0,0,0,0,0,0,0,0,0,0,0,0,0
1112,Ben Wallace,DET,200605310DET,"May 31, 2006",MIA,8,4,4,5,66.67,69.44,-2.77,2,2,0,0,1,1,0,0,2,5,0,0,0,0,0,0,0,0,0,0,0,0,0,0
2617,Udonis Haslem,MIA,200605310DET,"May 31, 2006",DET,10,14,3,15,31.25,32.64,-1.39,12,8,1,0,1,0,0,0,1,2,0,0,0,0,0,0,0,0,0,0,0,0,0,0
2548,Dwyane Wade,MIA,200605310DET,"May 31, 2006",DET,23,20,3,21,50.0,53.94,-3.94,16,20,3,0,1,0,0,0,1,3,0,0,0,0,0,0,0,0,0,0,0,0,0,0
297,Alonzo Mourning,MIA,200605310DET,"May 31, 2006",DET,5,2,6,5,50.0,53.88,-3.88,2,2,0,0,3,3,0,0,0,0,0,0,0,0,0,0,0,0,0,0,0,0,0,0
2419,Tayshaun Prince,DET,200605310DET,"May 31, 2006",MIA,29,17,5,19,65.91,75.52,-9.61,11,16,5,6,0,0,0,0,1,3,0,0,0,0,0,0,0,0,0,0,0,0,2,4
1899,James Posey,MIA,200605310DET,"May 31, 2006",DET,5,4,0,4,50.0,62.5,-12.5,2,2,2,3,0,0,0,0,0,0,0,0,0,0,0,0,0,0,0,0,0,0,0,0
283,Lindsey Hunter,DET,200605310DET,"May 31, 2006",MIA,2,6,0,6,14.29,16.67,-2.38,4,2,2,0,0,0,0,0,0,0,0,0,0,0,0,0,0,0,0,0,0,0,0,0
686,Antonio McDyess,DET,200605310DET,"May 31, 2006",MIA,12,5,2,6,100.0,102.04,-2.04,5,10,0,0,0,0,0,0,0,0,0,0,0,0,0,0,0,0,0,0,0,0,1,2
56,Gary Payton,MIA,200605310DET,"May 31, 2006",DET,0,3,2,4,0.0,0.0,0.0,1,0,2,0,0,0,0,0,0,0,0,0,0,0,0,0,0,0,0,0,0,0,1,0
2230,Maurice Evans,DET,200605310DET,"May 31, 2006",MIA,0,1,0,1,0.0,0.0,0.0,1,0,0,0,0,0,0,0,0,0,0,0,0,0,0,0,0,0,0,0,0,0,0,0
1717,Dirk Nowitzki,DAL,200606010DAL,"Jun 1, 2006",PHX,50,26,18,36,65.79,73.7,-7.91,19,16,6,15,4,8,0,0,1,3,0,0,3,2,0,0,0,0,0,0,0,0,3,6
1890,Shawn Marion,PHX,200606010DAL,"Jun 1, 2006",DAL,20,13,1,13,66.67,74.4,-7.73,9,14,3,3,0,0,0,0,1,3,0,0,0,0,0,0,0,0,0,0,0,0,0,0
2564,Boris Diaw,PHX,200606010DAL,"Jun 1, 2006",DAL,16,14,4,15,48.48,50.76,-2.28,11,6,1,3,0,0,0,0,2,5,0,0,0,0,0,0,0,0,0,0,0,0,1,2
2205,DeSagana Diop,DAL,200606010DAL,"Jun 1, 2006",PHX,7,5,1,5,63.64,64.34,-0.7,4,4,0,0,0,0,0,0,1,3,0,0,0,0,0,0,0,0,0,0,0,0,0,0
2572,Josh Howard,DAL,200606010DAL,"Jun 1, 2006",PHX,23,15,4,16,58.97,68.62,-9.65,8,10,5,6,1,2,0,0,2,5,0,0,0,0,0,0,0,0,0,0,0,0,0,0
959,Steve Nash,PHX,200606010DAL,"Jun 1, 2006",DAL,20,17,9,22,40.82,47.71,-6.89,11,8,6,3,2,4,0,0,0,0,0,0,2,3,0,0,0,0,0,0,0,0,1,2
1891,Jason Terry,DAL,200606010DAL,"Jun 1, 2006",PHX,14,13,2,14,46.67,50.43,-3.76,11,10,2,3,1,1,0,0,0,0,0,0,0,0,0,0,0,0,0,0,0,0,0,0
2734,Devin Harris,PHX,200606010DAL,"Jun 1, 2006",DAL,3,3,1,3,42.86,43.6,-0.74,2,0,0,0,0,0,0,0,1,3,0,0,0,0,0,0,0,0,0,0,0,0,0,0
1952,Raja Bell,PHX,200606010DAL,"Jun 1, 2006",DAL,3,5,0,5,21.43,30.0,-8.57,1,0,4,3,0,0,0,0,0,0,0,0,0,0,0,0,0,0,0,0,0,0,0,0
1501,Tim Thomas,PHX,200606010DAL,"Jun 1, 2006",DAL,26,14,2,14,68.42,87.37,-18.95,4,2,8,18,0,0,0,0,2,6,0,0,0,0,0,0,0,0,0,0,0,0,0,0
711,Jerry Stackhouse,DAL,200606010DAL,"Jun 1, 2006",PHX,16,18,2,19,39.02,42.37,-3.35,15,12,3,3,0,0,0,0,0,0,0,0,0,0,0,0,0,0,0,0,0,0,1,1
2571,Leandro Barbosa,PHX,200606010DAL,"Jun 1, 2006",DAL,14,12,4,14,50.0,50.87,-0.87,12,10,0,0,1,2,0,0,0,0,0,0,0,0,0,0,0,0,0,0,0,0,1,2
2592,James Jones,PHX,200606010DAL,"Jun 1, 2006",DAL,2,1,0,1,100.0,100.0,0.0,1,2,0,0,0,0,0,0,0,0,0,0,0,0,0,0,0,0,0,0,0,0,0,0
1559,Adrian Griffin,DAL,200606010DAL,"Jun 1, 2006",PHX,0,3,0,3,0.0,0.0,0.0,3,0,0,0,0,0,0,0,0,0,0,0,0,0,0,0,0,0,0,0,0,0,0,0
1496,Keith Van Horn,DAL,200606010DAL,"Jun 1, 2006",PHX,4,4,0,4,50.0,50.0,0.0,4,4,0,0,0,0,0,0,0,0,0,0,0,0,0,0,0,0,0,0,0,0,0,0
2067,Eddie House,PHX,200606010DAL,"Jun 1, 2006",DAL,0,3,0,3,0.0,0.0,0.0,1,0,2,0,0,0,0,0,0,0,0,0,0,0,0,0,0,0,0,0,0,0,0,0
353,Darrell Armstrong,DAL,200606010DAL,"Jun 1, 2006",PHX,0,1,0,1,0.0,0.0,0.0,0,0,1,0,0,0,0,0,0,0,0,0,0,0,0,0,0,0,0,0,0,0,0,0
2694,Josh Powell,DAL,200606010DAL,"Jun 1, 2006",PHX,0,1,0,1,0.0,0.0,0.0,1,0,0,0,0,0,0,0,0,0,0,0,0,0,0,0,0,0,0,0,0,0,0,0
2617,Udonis Haslem,MIA,200606020MIA,"Jun 2, 2006",DET,8,9,0,9,44.44,44.44,0.0,9,8,0,0,0,0,0,0,0,0,0,0,0,0,0,0,0,0,0,0,0,0,0,0
1112,Ben Wallace,DET,200606020MIA,"Jun 2, 2006",MIA,7,5,4,7,50.0,51.78,-1.78,5,4,0,0,2,3,0,0,0,0,0,0,0,0,0,0,0,0,0,0,0,0,0,0
1497,Chauncey Billups,DET,200606020MIA,"Jun 2, 2006",MIA,9,14,4,17,25.71,28.55,-2.84,11,6,3,0,1,2,0,0,0,0,0,0,2,1,0,0,0,0,0,0,0,0,0,0
406,Shaquille O'Neal,MIA,200606020MIA,"Jun 2, 2006",DET,28,14,9,18,75.68,77.95,-2.27,13,22,0,0,3,3,0,0,1,2,0,0,0,0,0,0,0,0,0,0,0,0,1,1
1715,Jason Williams,MIA,200606020MIA,"Jun 2, 2006",DET,21,12,0,12,80.77,87.5,-6.73,10,18,2,3,0,0,0,0,0,0,0,0,0,0,0,0,0,0,0,0,0,0,0,0
1888,Richard Hamilton,DET,200606020MIA,"Jun 2, 2006",MIA,33,28,8,32,46.48,52.35,-5.87,20,18,7,6,2,3,0,0,1,3,0,0,1,1,0,0,0,0,0,0,0,0,1,2
2548,Dwyane Wade,MIA,200606020MIA,"Jun 2, 2006",DET,14,15,2,16,42.42,44.08,-1.66,14,12,1,0,1,2,0,0,0,0,0,0,0,0,0,0,0,0,0,0,0,0,0,0
739,Rasheed Wallace,DET,200606020MIA,"Jun 2, 2006",MIA,10,12,0,12,34.48,41.67,-7.19,7,4,5,6,0,0,0,0,0,0,0,0,0,0,0,0,0,0,0,0,0,0,0,0
2419,Tayshaun Prince,DET,200606020MIA,"Jun 2, 2006",MIA,10,9,2,10,41.67,50.61,-8.94,5,2,4,6,1,2,0,0,0,0,0,0,0,0,0,0,0,0,0,0,0,0,0,0
952,Antoine Walker,MIA,200606020MIA,"Jun 2, 2006",DET,11,7,2,8,52.38,69.8,-17.42,2,0,5,9,1,2,0,0,0,0,0,0,0,0,0,0,0,0,0,0,0,0,0,0
686,Antonio McDyess,DET,200606020MIA,"Jun 2, 2006",MIA,0,3,2,4,0.0,0.0,0.0,3,0,0,0,0,0,0,0,0,0,0,0,0,0,0,0,0,0,0,0,0,0,1,0
297,Alonzo Mourning,MIA,200606020MIA,"Jun 2, 2006",DET,1,1,2,2,25.0,26.6,-1.6,1,0,0,0,1,1,0,0,0,0,0,0,0,0,0,0,0,0,0,0,0,0,0,0
1899,James Posey,MIA,200606020MIA,"Jun 2, 2006",DET,3,5,0,5,20.0,30.0,-10.0,0,0,5,3,0,0,0,0,0,0,0,0,0,0,0,0,0,0,0,0,0,0,0,0
283,Lindsey Hunter,DET,200606020MIA,"Jun 2, 2006",MIA,2,3,2,4,22.22,25.77,-3.55,2,0,1,0,0,0,0,0,0,0,0,0,0,0,0,0,0,0,0,0,0,0,1,2
56,Gary Payton,MIA,200606020MIA,"Jun 2, 2006",DET,6,5,2,6,42.86,51.02,-8.16,3,4,2,0,0,0,0,0,0,0,0,0,0,0,0,0,0,0,0,0,0,0,1,2
1000,Shandon Anderson,MIA,200606020MIA,"Jun 2, 2006",DET,3,2,0,2,60.0,75.0,-15.0,1,0,1,3,0,0,0,0,0,0,0,0,0,0,0,0,0,0,0,0,0,0,0,0
960,Tony Delk,DET,200606020MIA,"Jun 2, 2006",MIA,7,7,2,8,41.18,44.42,-3.24,6,6,1,0,0,0,0,0,0,0,0,0,0,0,0,0,0,0,0,0,0,0,1,1
2205,DeSagana Diop,DAL,200606030PHO,"Jun 3, 2006",PHX,4,2,0,2,100.0,100.0,0.0,2,4,0,0,0,0,0,0,0,0,0,0,0,0,0,0,0,0,0,0,0,0,0,0
1890,Shawn Marion,PHX,200606030PHO,"Jun 3, 2006",DAL,13,10,2,11,54.17,59.74,-5.57,8,8,2,3,1,2,0,0,0,0,0,0,0,0,0,0,0,0,0,0,0,0,0,0
1501,Tim Thomas,DAL,200606030PHO,"Jun 3, 2006",PHX,8,11,2,12,29.63,33.67,-4.04,8,8,3,0,1,0,0,0,0,0,0,0,0,0,0,0,0,0,0,0,0,0,0,0
1891,Jason Terry,DAL,200606030PHO,"Jun 3, 2006",PHX,17,13,6,16,45.95,54.35,-8.4,8,10,5,3,2,3,0,0,0,0,0,0,0,0,0,0,0,0,0,0,0,0,1,1
2572,Josh Howard,DAL,200606030PHO,"Jun 3, 2006",PHX,20,16,6,19,47.62,53.65,-6.03,12,12,4,3,3,5,0,0,0,0,0,0,0,0,0,0,0,0,0,0,0,0,0,0
959,Steve Nash,PHX,200606030PHO,"Jun 3, 2006",DAL,19,13,4,15,59.38,64.36,-4.98,11,12,2,3,1,2,0,0,0,0,0,0,0,0,0,0,0,0,0,0,0,0,1,2
2734,Devin Harris,DAL,200606030PHO,"Jun 3, 2006",PHX,8,5,0,5,80.0,80.0,0.0,5,8,0,0,0,0,0,0,0,0,0,0,0,0,0,0,0,0,0,0,0,0,0,0
1952,Raja Bell,PHX,200606030PHO,"Jun 3, 2006",DAL,6,6,0,6,33.33,50.0,-16.67,0,0,6,6,0,0,0,0,0,0,0,0,0,0,0,0,0,0,0,0,0,0,0,0
1717,Dirk Nowitzki,DAL,200606030PHO,"Jun 3, 2006",PHX,24,20,9,23,44.44,50.08,-5.64,11,8,5,0,1,2,0,0,4,11,0,0,1,1,0,0,0,0,0,0,0,0,1,2
711,Jerry Stackhouse,DAL,200606030PHO,"Jun 3, 2006",PHX,19,13,6,16,51.35,60.74,-9.39,8,10,5,3,0,0,0,0,0,0,0,0,0,0,0,0,0,0,0,0,0,0,3,6
2564,Boris Diaw,PHX,200606030PHO,"Jun 3, 2006",DAL,30,16,10,20,71.43,73.53,-2.1,14,18,0,0,3,5,0,0,2,5,0,0,0,0,0,0,0,0,0,0,0,0,1,2
1559,Adrian Griffin,DAL,200606030PHO,"Jun 3, 2006",PHX,6,4,0,4,75.0,75.0,0.0,4,6,0,0,0,0,0,0,0,0,0,0,0,0,0,0,0,0,0,0,0,0,0,0
2571,Leandro Barbosa,PHX,200606030PHO,"Jun 3, 2006",DAL,14,12,0,12,50.0,58.33,-8.33,8,8,4,6,0,0,0,0,0,0,0,0,0,0,0,0,0,0,0,0,0,0,0,0
1496,Keith Van Horn,DAL,200606030PHO,"Jun 3, 2006",PHX,0,1,0,1,0.0,0.0,0.0,0,0,1,0,0,0,0,0,0,0,0,0,0,0,0,0,0,0,0,0,0,0,0,0
2592,James Jones,PHX,200606030PHO,"Jun 3, 2006",DAL,3,4,2,5,30.0,30.74,-0.74,4,2,0,0,1,1,0,0,0,0,0,0,0,0,0,0,0,0,0,0,0,0,0,0
2605,Marquis Daniels,DAL,200606030PHO,"Jun 3, 2006",PHX,4,4,4,6,33.33,34.72,-1.39,4,2,0,0,1,1,0,0,0,0,0,0,0,0,0,0,0,0,0,0,0,0,1,1
1559,Adrian Griffin,DAL,200606080DAL,"Jun 8, 2006",MIA,8,6,0,6,66.67,66.67,0.0,6,8,0,0,0,0,0,0,0,0,0,0,0,0,0,0,0,0,0,0,0,0,0,0
2617,Udonis Haslem,MIA,200606080DAL,"Jun 8, 2006",DAL,4,4,0,4,50.0,50.0,0.0,4,4,0,0,0,0,0,0,0,0,0,0,0,0,0,0,0,0,0,0,0,0,0,0
1717,Dirk Nowitzki,DAL,200606080DAL,"Jun 8, 2006",MIA,16,14,6,17,42.11,48.08,-5.97,10,4,4,6,3,6,0,0,0,0,0,0,0,0,0,0,0,0,0,0,0,0,0,0
2572,Josh Howard,DAL,200606080DAL,"Jun 8, 2006",MIA,10,14,6,17,26.32,30.05,-3.73,10,6,4,0,2,3,0,0,0,0,0,0,0,0,0,0,0,0,0,0,0,0,1,1
952,Antoine Walker,MIA,200606080DAL,"Jun 8, 2006",DAL,17,19,0,19,36.17,44.74,-8.57,10,8,9,9,0,0,0,0,0,0,0,0,0,0,0,0,0,0,0,0,0,0,0,0
1891,Jason Terry,DAL,200606080DAL,"Jun 8, 2006",MIA,32,18,2,19,71.11,84.75,-13.64,11,18,7,12,0,0,0,0,0,0,0,0,0,0,0,0,0,0,0,0,0,0,1,2
2548,Dwyane Wade,MIA,200606080DAL,"Jun 8, 2006",DAL,28,25,10,30,45.16,47.62,-2.46,23,22,2,0,5,6,0,0,0,0,0,0,0,0,0,0,0,0,0,0,0,0,0,0
406,Shaquille O'Neal,MIA,200606080DAL,"Jun 8, 2006",DAL,17,11,9,15,54.84,56.82,-1.98,10,14,0,0,4,1,0,0,1,2,0,0,0,0,0,0,0,0,0,0,0,0,0,0
956,Erick Dampier,DAL,200606080DAL,"Jun 8, 2006",MIA,8,4,4,6,66.67,69.44,-2.77,4,6,0,0,0,0,0,0,0,0,0,0,0,0,0,0,0,0,0,0,0,0,2,2
711,Jerry Stackhouse,DAL,200606080DAL,"Jun 8, 2006",MIA,13,11,6,14,43.33,47.65,-4.32,9,8,2,0,2,3,0,0,0,0,0,0,0,0,0,0,0,0,0,0,0,0,1,2
1715,Jason Williams,MIA,200606080DAL,"Jun 8, 2006",DAL,12,11,0,11,44.44,54.55,-10.11,6,6,5,6,0,0,0,0,0,0,0,0,0,0,0,0,0,0,0,0,0,0,0,0
2734,Devin Harris,DAL,200606080DAL,"Jun 8, 2006",MIA,1,3,2,4,11.11,12.89,-1.78,2,0,1,0,1,1,0,0,0,0,0,0,0,0,0,0,0,0,0,0,0,0,0,0
56,Gary Payton,MIA,200606080DAL,"Jun 8, 2006",DAL,0,4,0,4,0.0,0.0,0.0,1,0,3,0,0,0,0,0,0,0,0,0,0,0,0,0,0,0,0,0,0,0,0,0
297,Alonzo Mourning,MIA,200606080DAL,"Jun 8, 2006",DAL,0,1,0,1,0.0,0.0,0.0,1,0,0,0,0,0,0,0,0,0,0,0,0,0,0,0,0,0,0,0,0,0,0,0
1496,Keith Van Horn,DAL,200606080DAL,"Jun 8, 2006",MIA,2,2,0,2,50.0,50.0,0.0,2,2,0,0,0,0,0,0,0,0,0,0,0,0,0,0,0,0,0,0,0,0,0,0
1899,James Posey,MIA,200606080DAL,"Jun 8, 2006",DAL,2,3,0,3,28.57,33.33,-4.76,2,2,1,0,0,0,0,0,0,0,0,0,0,0,0,0,0,0,0,0,0,0,0,0
406,Shaquille O'Neal,MIA,200606110DAL,"Jun 11, 2006",DAL,5,5,7,8,29.41,30.94,-1.53,4,2,0,0,2,1,0,0,1,2,0,0,0,0,0,0,0,0,0,0,0,0,1,0
2205,DeSagana Diop,MIA,200606110DAL,"Jun 11, 2006",DAL,1,0,2,1,50.0,56.82,-6.82,0,0,0,0,0,0,0,0,0,0,0,0,0,0,0,0,0,0,0,0,0,0,1,1
2572,Josh Howard,DAL,200606110DAL,"Jun 11, 2006",MIA,15,12,1,12,53.57,60.29,-6.72,9,8,2,3,0,0,0,0,0,0,1,4,0,0,0,0,0,0,0,0,0,0,0,0
1717,Dirk Nowitzki,DAL,200606110DAL,"Jun 11, 2006",MIA,26,16,11,22,57.78,62.38,-4.6,13,14,2,0,3,6,0,0,1,3,0,0,2,1,0,0,0,0,0,0,0,0,1,2
1715,Jason Williams,MIA,200606110DAL,"Jun 11, 2006",DAL,11,10,5,13,37.93,45.08,-7.15,6,4,4,3,2,3,0,0,0,0,0,0,1,1,0,0,0,0,0,0,0,0,0,0
2548,Dwyane Wade,MIA,200606110DAL,"Jun 11, 2006",DAL,23,19,14,26,44.23,45.71,-1.48,19,12,0,0,7,11,0,0,0,0,0,0,0,0,0,0,0,0,0,0,0,0,0,0
1891,Jason Terry,MIA,200606110DAL,"Jun 11, 2006",DAL,16,15,5,17,39.02,46.51,-7.49,8,8,6,3,2,2,0,0,1,3,0,0,0,0,0,0,0,0,0,0,0,0,0,0
956,Erick Dampier,DAL,200606110DAL,"Jun 11, 2006",MIA,6,3,3,5,66.67,69.44,-2.77,3,4,0,0,1,2,0,0,0,0,0,0,0,0,0,0,0,0,0,0,1,0,0,0
711,Jerry Stackhouse,DAL,200606110DAL,"Jun 11, 2006",MIA,19,11,3,12,63.33,77.11,-13.78,6,4,4,9,0,0,0,0,0,0,1,4,0,0,0,0,0,0,0,0,0,0,1,2
2617,Udonis Haslem,MIA,200606110DAL,"Jun 11, 2006",DAL,6,6,0,6,50.0,50.0,0.0,6,6,0,0,0,0,0,0,0,0,0,0,0,0,0,0,0,0,0,0,0,0,0,0
952,Antoine Walker,MIA,200606110DAL,"Jun 11, 2006",DAL,20,16,0,16,51.28,62.5,-11.22,9,8,7,12,0,0,0,0,0,0,0,0,0,0,0,0,0,0,0,0,0,0,0,0
2734,Devin Harris,DAL,200606110DAL,"Jun 11, 2006",MIA,11,10,3,11,45.83,48.59,-2.76,8,6,1,0,0,0,0,0,1,3,0,0,0,0,0,0,0,0,0,0,0,0,1,2
1899,James Posey,MIA,200606110DAL,"Jun 11, 2006",DAL,7,6,1,7,41.18,54.35,-13.17,2,0,4,6,0,0,0,0,0,0,0,0,1,1,0,0,0,0,0,0,0,0,0,0
1496,Keith Van Horn,DAL,200606110DAL,"Jun 11, 2006",MIA,5,3,0,3,62.5,83.33,-20.83,1,2,2,3,0,0,0,0,0,0,0,0,0,0,0,0,0,0,0,0,0,0,0,0
56,Gary Payton,MIA,200606110DAL,"Jun 11, 2006",DAL,2,4,0,4,20.0,25.0,-5.0,2,2,2,0,0,0,0,0,0,0,0,0,0,0,0,0,0,0,0,0,0,0,0,0
297,Alonzo Mourning,MIA,200606110DAL,"Jun 11, 2006",DAL,11,4,5,6,84.62,88.71,-4.09,3,6,0,0,2,3,0,0,1,2,0,0,0,0,0,0,0,0,0,0,0,0,0,0
406,Shaquille O'Neal,MIA,200606130MIA,"Jun 13, 2006",DAL,16,9,6,12,66.67,68.73,-2.06,9,12,0,0,2,4,0,0,0,0,0,0,0,0,0,0,0,0,0,0,0,0,1,0
1717,Dirk Nowitzki,DAL,200606130MIA,"Jun 13, 2006",MIA,30,20,12,27,50.85,59.34,-8.49,13,14,7,6,4,5,0,0,0,0,0,0,2,3,0,0,0,0,0,0,0,0,1,2
2572,Josh Howard,DAL,200606130MIA,"Jun 13, 2006",MIA,21,13,2,14,67.74,75.65,-7.91,10,10,3,9,1,2,0,0,0,0,0,0,0,0,0,0,0,0,0,0,0,0,0,0
2548,Dwyane Wade,MIA,200606130MIA,"Jun 13, 2006",DAL,42,26,18,34,58.33,61.91,-3.58,22,22,2,3,6,9,0,0,2,5,0,0,0,0,0,0,0,0,0,0,0,0,2,3
952,Antoine Walker,MIA,200606130MIA,"Jun 13, 2006",DAL,12,17,2,18,29.27,33.56,-4.29,12,12,5,0,1,0,0,0,0,0,0,0,0,0,0,0,0,0,0,0,0,0,0,0
1559,Adrian Griffin,DAL,200606130MIA,"Jun 13, 2006",MIA,2,3,0,3,33.33,33.33,0.0,3,2,0,0,0,0,0,0,0,0,0,0,0,0,0,0,0,0,0,0,0,0,0,0
2617,Udonis Haslem,MIA,200606130MIA,"Jun 13, 2006",DAL,8,8,6,11,36.36,37.59,-1.23,8,6,0,0,1,2,0,0,0,0,0,0,0,0,0,0,0,0,0,0,0,0,2,0
1891,Jason Terry,DAL,200606130MIA,"Jun 13, 2006",MIA,16,14,2,15,48.48,53.76,-5.28,11,12,3,3,1,1,0,0,0,0,0,0,0,0,0,0,0,0,0,0,0,0,0,0
956,Erick Dampier,DAL,200606130MIA,"Jun 13, 2006",MIA,14,7,5,9,73.68,76.09,-2.41,6,10,0,0,2,1,0,0,1,3,0,0,0,0,0,0,0,0,0,0,0,0,0,0
1715,Jason Williams,MIA,200606130MIA,"Jun 13, 2006",DAL,12,11,0,11,44.44,54.55,-10.11,6,6,5,6,0,0,0,0,0,0,0,0,0,0,0,0,0,0,0,0,0,0,0,0
711,Jerry Stackhouse,DAL,200606130MIA,"Jun 13, 2006",MIA,4,9,2,10,19.05,20.24,-1.19,8,2,1,0,1,2,0,0,0,0,0,0,0,0,0,0,0,0,0,0,0,0,0,0
2734,Devin Harris,DAL,200606130MIA,"Jun 13, 2006",MIA,9,7,3,8,52.94,54.09,-1.15,6,6,0,0,0,0,0,0,1,2,0,0,0,0,0,0,0,0,0,0,0,0,1,1
56,Gary Payton,MIA,200606130MIA,"Jun 13, 2006",DAL,2,1,0,1,100.0,100.0,0.0,1,2,0,0,0,0,0,0,0,0,0,0,0,0,0,0,0,0,0,0,0,0,0,0
1496,Keith Van Horn,DAL,200606130MIA,"Jun 13, 2006",MIA,0,2,0,2,0.0,0.0,0.0,0,0,2,0,0,0,0,0,0,0,0,0,0,0,0,0,0,0,0,0,0,0,0,0
297,Alonzo Mourning,MIA,200606130MIA,"Jun 13, 2006",DAL,2,2,0,2,50.0,50.0,0.0,2,2,0,0,0,0,0,0,0,0,0,0,0,0,0,0,0,0,0,0,0,0,0,0
1899,James Posey,MIA,200606130MIA,"Jun 13, 2006",DAL,4,2,2,3,50.0,69.44,-19.44,0,0,2,3,0,0,0,0,0,0,0,0,0,0,0,0,0,0,0,0,0,0,1,1
406,Shaquille O'Neal,MIA,200606150MIA,"Jun 15, 2006",DAL,17,8,10,12,65.38,68.55,-3.17,6,8,0,0,2,2,0,0,2,5,0,0,0,0,1,2,0,0,0,0,0,0,1,0
2205,DeSagana Diop,MIA,200606150MIA,"Jun 15, 2006",DAL,5,1,5,3,71.43,78.12,-6.69,0,0,0,0,2,3,0,0,1,2,0,0,0,0,0,0,0,0,0,0,0,0,0,0
1717,Dirk Nowitzki,DAL,200606150MIA,"Jun 15, 2006",MIA,16,14,13,22,34.78,40.57,-5.79,9,2,5,3,4,6,0,0,0,0,0,0,3,3,0,0,0,0,0,0,0,0,1,2
2548,Dwyane Wade,MIA,200606150MIA,"Jun 15, 2006",DAL,36,23,9,27,60.0,66.77,-6.77,17,20,5,6,4,7,0,0,1,3,0,0,0,0,0,0,0,0,0,0,0,0,0,0
2734,Devin Harris,MIA,200606150MIA,"Jun 15, 2006",DAL,11,8,3,9,57.89,59.01,-1.12,7,6,0,0,1,2,0,0,1,3,0,0,0,0,0,0,0,0,0,0,0,0,0,0
1715,Jason Williams,MIA,200606150MIA,"Jun 15, 2006",DAL,6,5,5,8,33.33,41.67,-8.34,2,0,3,3,1,1,0,0,0,0,0,0,1,0,0,0,0,0,0,0,0,0,1,2
1891,Jason Terry,DAL,200606150MIA,"Jun 15, 2006",MIA,17,18,1,18,40.48,46.1,-5.62,12,12,5,3,0,0,0,0,1,2,0,0,0,0,0,0,0,0,0,0,0,0,0,0
2617,Udonis Haslem,MIA,200606150MIA,"Jun 15, 2006",DAL,2,2,0,2,50.0,50.0,0.0,2,2,0,0,0,0,0,0,0,0,0,0,0,0,0,0,0,0,0,0,0,0,0,0
2572,Josh Howard,DAL,200606150MIA,"Jun 15, 2006",MIA,3,8,2,9,13.64,16.89,-3.25,4,2,4,0,1,1,0,0,0,0,0,0,0,0,0,0,0,0,0,0,0,0,0,0
952,Antoine Walker,MIA,200606150MIA,"Jun 15, 2006",DAL,14,11,2,12,46.67,58.92,-12.25,5,6,6,6,1,2,0,0,0,0,0,0,0,0,0,0,0,0,0,0,0,0,0,0
297,Alonzo Mourning,MIA,200606150MIA,"Jun 15, 2006",DAL,4,2,2,3,66.67,69.44,-2.77,2,2,0,0,1,2,0,0,0,0,0,0,0,0,0,0,0,0,0,0,0,0,0,0
711,Jerry Stackhouse,DAL,200606150MIA,"Jun 15, 2006",MIA,16,18,3,20,36.36,41.41,-5.05,13,10,5,3,0,0,0,0,0,0,0,0,1,1,0,0,0,0,0,0,0,0,1,2
1899,James Posey,MIA,200606150MIA,"Jun 15, 2006",DAL,15,9,4,11,57.69,69.7,-12.01,5,6,4,6,1,2,0,0,0,0,0,0,0,0,0,0,0,0,0,0,0,0,1,1
956,Erick Dampier,DAL,200606150MIA,"Jun 15, 2006",MIA,0,1,0,1,0.0,0.0,0.0,1,0,0,0,0,0,0,0,0,0,0,0,0,0,0,0,0,0,0,0,0,0,0,0
1559,Adrian Griffin,DAL,200606150MIA,"Jun 15, 2006",MIA,6,3,0,3,100.0,100.0,0.0,3,6,0,0,0,0,0,0,0,0,0,0,0,0,0,0,0,0,0,0,0,0,0,0
56,Gary Payton,MIA,200606150MIA,"Jun 15, 2006",DAL,2,2,2,3,33.33,34.72,-1.39,2,2,0,0,0,0,0,0,0,0,0,0,0,0,0,0,0,0,0,0,0,0,1,0
1000,Shandon Anderson,MIA,200606150MIA,"Jun 15, 2006",DAL,2,4,2,5,18.18,20.49,-2.31,3,2,1,0,0,0,0,0,0,0,0,0,0,0,0,0,0,0,0,0,0,0,1,0
353,Darrell Armstrong,DAL,200606150MIA,"Jun 15, 2006",MIA,0,2,0,2,0.0,0.0,0.0,1,0,1,0,0,0,0,0,0,0,0,0,0,0,0,0,0,0,0,0,0,0,0,0
2605,Marquis Daniels,DAL,200606150MIA,"Jun 15, 2006",MIA,0,2,0,2,0.0,0.0,0.0,1,0,1,0,0,0,0,0,0,0,0,0,0,0,0,0,0,0,0,0,0,0,0,0
1496,Keith Van Horn,DAL,200606150MIA,"Jun 15, 2006",MIA,0,3,0,3,0.0,0.0,0.0,2,0,1,0,0,0,0,0,0,0,0,0,0,0,0,0,0,0,0,0,0,0,0,0
2694,Josh Powell,DAL,200606150MIA,"Jun 15, 2006",MIA,0,1,0,1,0.0,0.0,0.0,1,0,0,0,0,0,0,0,0,0,0,0,0,0,0,0,0,0,0,0,0,0,0,0
952,Antoine Walker,MIA,200606180MIA,"Jun 18, 2006",DAL,6,7,2,8,30.0,38.07,-8.07,3,2,4,3,1,1,0,0,0,0,0,0,0,0,0,0,0,0,0,0,0,0,0,0
2572,Josh Howard,DAL,200606180MIA,"Jun 18, 2006",MIA,25,17,11,22,52.08,57.23,-5.15,13,14,3,0,4,6,0,0,1,3,0,0,0,0,0,0,0,0,0,0,0,0,1,2
2617,Udonis Haslem,MIA,200606180MIA,"Jun 18, 2006",DAL,2,3,0,3,33.33,33.33,0.0,3,2,0,0,0,0,0,0,0,0,0,0,0,0,0,0,0,0,0,0,0,0,0,0
2205,DeSagana Diop,DAL,200606180MIA,"Jun 18, 2006",MIA,2,2,0,2,50.0,50.0,0.0,2,2,0,0,0,0,0,0,0,0,0,0,0,0,0,0,0,0,0,0,0,0,0,0
2548,Dwyane Wade,MIA,200606180MIA,"Jun 18, 2006",DAL,43,28,25,40,51.81,55.13,-3.32,25,20,2,0,9,15,0,0,1,3,0,0,0,0,0,0,0,0,0,0,0,0,3,5
1891,Jason Terry,DAL,200606180MIA,"Jun 18, 2006",MIA,35,23,5,25,58.33,69.44,-11.11,13,16,9,12,2,4,0,0,1,3,0,0,0,0,0,0,0,0,0,0,0,0,0,0
1717,Dirk Nowitzki,DAL,200606180MIA,"Jun 18, 2006",MIA,20,19,5,22,42.55,47.17,-4.62,15,16,4,0,1,1,0,0,0,0,0,0,1,1,0,0,0,0,0,0,0,0,1,2
406,Shaquille O'Neal,MIA,200606180MIA,"Jun 18, 2006",DAL,18,12,12,17,50.0,52.08,-2.08,10,12,0,0,1,0,0,0,2,5,0,0,0,0,0,0,0,0,0,0,0,0,4,1
2734,Devin Harris,DAL,200606180MIA,"Jun 18, 2006",MIA,6,12,2,13,22.22,23.29,-1.07,11,4,1,0,1,2,0,0,0,0,0,0,0,0,0,0,0,0,0,0,0,0,0,0
1899,James Posey,MIA,200606180MIA,"Jun 18, 2006",DAL,10,6,4,8,47.62,64.43,-16.81,1,0,5,6,0,0,0,0,0,0,0,0,0,0,0,0,0,0,0,0,0,0,2,4
956,Erick Dampier,DAL,200606180MIA,"Jun 18, 2006",MIA,5,2,2,3,83.33,86.81,-3.48,2,4,0,0,1,1,0,0,0,0,0,0,0,0,0,0,0,0,0,0,0,0,0,0
1559,Adrian Griffin,DAL,200606180MIA,"Jun 18, 2006",MIA,2,2,0,2,50.0,50.0,0.0,2,2,0,0,0,0,0,0,0,0,0,0,0,0,0,0,0,0,0,0,0,0,0,0
1000,Shandon Anderson,MIA,200606180MIA,"Jun 18, 2006",DAL,4,2,2,3,66.67,69.44,-2.77,2,2,0,0,1,2,0,0,0,0,0,0,0,0,0,0,0,0,0,0,0,0,0,0
1715,Jason Williams,MIA,200606180MIA,"Jun 18, 2006",DAL,9,6,1,7,50.0,69.88,-19.88,1,0,5,9,0,0,0,0,0,0,0,0,1,0,0,0,0,0,0,0,0,0,0,0
56,Gary Payton,MIA,200606180MIA,"Jun 18, 2006",DAL,8,5,1,5,66.67,73.53,-6.86,3,2,1,3,0,0,0,0,1,3,0,0,0,0,0,0,0,0,0,0,0,0,0,0
297,Alonzo Mourning,MIA,200606180MIA,"Jun 18, 2006",DAL,1,0,2,1,50.0,56.82,-6.82,0,0,0,0,0,0,0,0,0,0,0,0,0,0,0,0,0,0,0,0,0,0,1,1
1496,Keith Van Horn,DAL,200606180MIA,"Jun 18, 2006",MIA,0,1,0,1,0.0,0.0,0.0,0,0,1,0,0,0,0,0,0,0,0,0,0,0,0,0,0,0,0,0,0,0,0,0
2605,Marquis Daniels,DAL,200606180MIA,"Jun 18, 2006",MIA,5,3,0,3,71.43,83.33,-11.9,2,2,1,3,0,0,0,0,0,0,0,0,0,0,0,0,0,0,0,0,0,0,0,0
1717,Dirk Nowitzki,DAL,200606200DAL,"Jun 20, 2006",MIA,29,22,8,26,53.7,56.82,-3.12,20,18,2,3,3,6,0,0,0,0,0,0,0,0,0,0,0,0,0,0,0,0,1,2
406,Shaquille O'Neal,MIA,200606200DAL,"Jun 20, 2006",DAL,9,11,4,13,34.62,35.27,-0.65,11,8,0,0,2,1,0,0,0,0,0,0,0,0,0,0,0,0,0,0,0,0,0,0
1891,Jason Terry,DAL,200606200DAL,"Jun 20, 2006",MIA,16,25,0,25,26.23,32.0,-5.77,14,10,11,6,0,0,0,0,0,0,0,0,0,0,0,0,0,0,0,0,0,0,0,0
952,Antoine Walker,MIA,200606200DAL,"Jun 20, 2006",DAL,14,17,3,18,32.56,38.21,-5.65,10,10,6,0,1,2,0,0,1,2,0,0,0,0,0,0,0,0,0,0,0,0,0,0
2205,DeSagana Diop,MIA,200606200DAL,"Jun 20, 2006",DAL,2,3,1,3,28.57,29.07,-0.5,2,0,0,0,0,0,0,0,1,2,0,0,0,0,0,0,0,0,0,0,0,0,0,0
2617,Udonis Haslem,MIA,200606200DAL,"Jun 20, 2006",DAL,17,13,4,15,56.67,57.59,-0.92,13,16,0,0,2,1,0,0,0,0,0,0,0,0,0,0,0,0,0,0,0,0,0,0
2548,Dwyane Wade,MIA,200606200DAL,"Jun 20, 2006",DAL,36,18,21,28,63.16,66.08,-2.92,16,16,0,0,5,8,0,0,2,6,0,0,1,1,0,0,0,0,0,0,0,0,4,5
2734,Devin Harris,DAL,200606200DAL,"Jun 20, 2006",MIA,6,4,3,6,54.55,56.39,-1.84,4,4,0,0,1,2,0,0,0,0,0,0,0,0,0,0,0,0,0,0,1,0,0,0
2572,Josh Howard,DAL,200606200DAL,"Jun 20, 2006",MIA,14,16,4,18,36.84,39.41,-2.57,14,10,2,0,0,0,0,0,0,0,0,0,0,0,0,0,0,0,0,0,0,0,2,4
711,Jerry Stackhouse,DAL,200606200DAL,"Jun 20, 2006",MIA,12,13,0,13,37.5,46.15,-8.65,7,6,6,6,0,0,0,0,0,0,0,0,0,0,0,0,0,0,0,0,0,0,0,0
956,Erick Dampier,DAL,200606200DAL,"Jun 20, 2006",MIA,1,1,2,2,25.0,26.6,-1.6,1,0,0,0,0,0,0,0,0,0,0,0,0,0,0,0,0,0,0,0,0,0,1,1
1715,Jason Williams,MIA,200606200DAL,"Jun 20, 2006",DAL,3,7,0,7,14.29,21.43,-7.14,0,0,7,3,0,0,0,0,0,0,0,0,0,0,0,0,0,0,0,0,0,0,0,0
1899,James Posey,MIA,200606200DAL,"Jun 20, 2006",DAL,6,5,2,6,37.5,51.02,-13.52,1,2,4,3,1,1,0,0,0,0,0,0,0,0,0,0,0,0,0,0,0,0,0,0
56,Gary Payton,MIA,200606200DAL,"Jun 20, 2006",DAL,2,3,0,3,28.57,33.33,-4.76,2,2,1,0,0,0,0,0,0,0,0,0,0,0,0,0,0,0,0,0,0,0,0,0
297,Alonzo Mourning,MIA,200606200DAL,"Jun 20, 2006",DAL,8,4,3,5,72.73,75.19,-2.46,3,4,0,0,1,2,0,0,1,2,0,0,0,0,0,0,0,0,0,0,0,0,0,0
2605,Marquis Daniels,DAL,200606200DAL,"Jun 20, 2006",MIA,12,6,5,8,66.67,73.17,-6.5,4,6,1,0,1,2,0,0,1,3,0,0,0,0,0,0,0,0,0,0,0,0,1,1
1559,Adrian Griffin,DAL,200606200DAL,"Jun 20, 2006",MIA,0,2,0,2,0.0,0.0,0.0,2,0,0,0,0,0,0,0,0,0,0,0,0,0,0,0,0,0,0,0,0,0,0,0
