player_id,player_name,team_abbr,game_id,game_date,opponent,pts,fga,fta,scoring_poss,pure_ts_pct,standard_ts_pct,delta_pp,C1a_events,C1a_pts,C1b_events,C1b_pts,C2_events,C2_pts,C3_events,C3_pts,C4_events,C4_pts,C5_events,C5_pts,C6a_events,C6a_pts,C6b_events,C6b_pts,C6c_events,C6c_pts,C6d_events,C6d_pts,C6e_events,C6e_pts,C6f_events,C6f_pts
1629130,Duncan Robinson,MIA,202105220MIL,"May 22, 2021",MIL,24,13,3,14,57.14,83.8,-26.66,0,0,13,21,0,0,1,3,0,0,0,0,0,0,0,0,0,0,0,0,0,0,0,0
1628978,Donte DiVincenzo,MIL,202105220MIL,"May 22, 2021",MIA,3,5,0,5,21.43,30.0,-8.57,1,0,4,3,0,0,0,0,0,0,0,0,0,0,0,0,0,0,0,0,0,0,0,0
2772,Trevor Ariza,MIA,202105220MIL,"May 22, 2021",MIL,8,8,0,8,36.36,50.0,-13.64,2,2,6,6,0,0,0,0,0,0,0,0,0,0,0,0,0,0,0,0,0,0,0,0
1628389,Bam Adebayo,MIA,202105220MIL,"May 22, 2021",MIL,9,15,1,15,29.03,29.15,-0.12,14,6,0,0,0,0,0,0,1,3,0,0,0,0,0,0,0,0,0,0,0,0,0,0
201950,Jrue Holiday,MIL,202105220MIL,"May 22, 2021",MIA,20,18,4,20,44.44,50.61,-6.17,13,18,5,0,2,2,0,0,0,0,0,0,0,0,0,0,0,0,0,0,0,0,0,0
1629134,Kendrick Nunn,MIA,202105220MIL,"May 22, 2021",MIL,10,10,0,10,38.46,50.0,-11.54,4,4,6,6,0,0,0,0,0,0,0,0,0,0,0,0,0,0,0,0,0,0,0,0
203114,Khris Middleton,MIL,202105220MIL,"May 22, 2021",MIA,27,22,6,25,45.76,54.79,-9.03,13,14,9,9,2,3,0,0,0,0,0,0,0,0,1,1,0,0,0,0,0,0,0,0
202710,Jimmy Butler III,MIA,202105220MIL,"May 22, 2021",MIL,17,22,10,27,26.98,32.2,-5.22,13,4,9,6,4,6,0,0,0,0,0,0,0,0,0,0,0,0,0,0,0,0,1,1
203507,Giannis Antetokounmpo,MIL,202105220MIL,"May 22, 2021",MIA,26,27,13,33,37.14,39.73,-2.59,23,18,3,0,4,5,0,0,1,2,0,0,0,0,0,0,0,0,0,0,0,0,2,1
201572,Brook Lopez,MIL,202105220MIL,"May 22, 2021",MIA,18,10,8,14,56.25,66.57,-10.32,6,8,4,3,4,7,0,0,0,0,0,0,0,0,0,0,0,0,0,0,0,0,0,0
1627854,Bryn Forbes,MIL,202105220MIL,"May 22, 2021",MIA,5,5,1,5,35.71,45.96,-10.25,1,2,3,0,0,0,0,0,1,3,0,0,0,0,0,0,0,0,0,0,0,0,0,0
203473,Dewayne Dedmon,MIA,202105220MIL,"May 22, 2021",MIL,2,2,1,2,40.0,40.98,-0.98,1,0,0,0,0,0,0,0,1,2,0,0,0,0,0,0,0,0,0,0,0,0,0,0
201609,Goran Dragic,MIA,202105220MIL,"May 22, 2021",MIL,25,17,0,17,56.82,73.53,-16.71,7,10,10,15,0,0,0,0,0,0,0,0,0,0,0,0,0,0,0,0,0,0,0,0
200782,P.J. Tucker,MIL,202105220MIL,"May 22, 2021",MIA,0,1,0,1,0.0,0.0,0.0,0,0,1,0,0,0,0,0,0,0,0,0,0,0,0,0,0,0,0,0,0,0,0,0
1629639,Tyler Herro,MIA,202105220MIL,"May 22, 2021",MIL,10,10,4,12,34.48,42.52,-8.04,5,0,5,6,1,2,0,0,0,0,0,0,0,0,0,0,0,0,0,0,0,0,1,2
1626171,Bobby Portis,MIL,202105220MIL,"May 22, 2021",MIA,8,6,1,7,57.14,62.11,-4.97,5,8,1,0,0,0,0,0,0,0,0,0,0,0,0,0,0,0,0,0,0,0,1,0
2738,Andre Iguodala,MIA,202105220MIL,"May 22, 2021",MIL,2,2,0,2,40.0,50.0,-10.0,1,2,1,0,0,0,0,0,0,0,0,0,0,0,0,0,0,0,0,0,0,0,0,0
1626192,Pat Connaughton,MIL,202105220MIL,"May 22, 2021",MIA,2,2,0,2,40.0,50.0,-10.0,1,2,1,0,0,0,0,0,0,0,0,0,0,0,0,0,0,0,0,0,0,0,0,0
204001,Kristaps Porziņģis,DAL,202105220LAC,"May 22, 2021",LAC,14,13,6,16,37.84,44.76,-6.92,8,6,5,3,3,5,0,0,0,0,0,0,0,0,0,0,0,0,0,0,0,0,0,0
202695,Kawhi Leonard,LAC,202105220LAC,"May 22, 2021",DAL,26,22,9,26,44.07,50.08,-6.01,15,14,6,3,3,5,0,0,1,2,0,0,0,0,0,0,0,0,0,0,0,0,1,2
1629029,Luka Dončić,DAL,202105220LAC,"May 22, 2021",LAC,31,24,7,27,46.97,57.24,-10.27,12,10,11,15,3,3,0,0,1,3,0,0,0,0,0,0,0,0,0,0,0,0,0,0
1627826,Ivica Zubac,DAL,202105220LAC,"May 22, 2021",LAC,8,5,0,5,80.0,80.0,0.0,5,8,0,0,0,0,0,0,0,0,0,0,0,0,0,0,0,0,0,0,0,0,0,0
1628467,Maxi Kleber,DAL,202105220LAC,"May 22, 2021",LAC,6,3,4,5,50.0,63.03,-13.03,1,0,2,3,1,1,0,0,0,0,0,0,0,0,0,0,0,0,0,0,0,0,1,2
202694,Marcus Morris Sr.,LAC,202105220LAC,"May 22, 2021",DAL,4,8,2,9,16.67,22.52,-5.85,2,4,6,0,1,0,0,0,0,0,0,0,0,0,0,0,0,0,0,0,0,0,0,0
201976,Patrick Beverley,LAC,202105220LAC,"May 22, 2021",DAL,10,6,0,6,62.5,83.33,-20.83,2,4,4,6,0,0,0,0,0,0,0,0,0,0,0,0,0,0,0,0,0,0,0,0
203501,Tim Hardaway Jr.,DAL,202105220LAC,"May 22, 2021",LAC,21,13,0,13,60.0,80.77,-20.77,4,6,9,15,0,0,0,0,0,0,0,0,0,0,0,0,0,0,0,0,0,0,0,0
202331,Paul George,LAC,202105220LAC,"May 22, 2021",DAL,23,18,5,21,46.94,56.93,-9.99,10,12,8,6,2,4,0,0,0,0,0,0,1,1,0,0,0,0,0,0,0,0,0,0
1627827,Dorian Finney-Smith,DAL,202105220LAC,"May 22, 2021",LAC,18,9,0,9,78.26,100.0,-21.74,4,6,5,12,0,0,0,0,0,0,0,0,0,0,0,0,0,0,0,0,0,0,0,0
202704,Reggie Jackson,LAC,202105220LAC,"May 22, 2021",DAL,2,6,0,6,13.33,16.67,-3.34,3,2,3,0,0,0,0,0,0,0,0,0,0,0,0,0,0,0,0,0,0,0,0,0
201587,Nicolas Batum,LAC,202105220LAC,"May 22, 2021",DAL,11,8,0,8,47.83,68.75,-20.92,1,2,7,9,0,0,0,0,0,0,0,0,0,0,0,0,0,0,0,0,0,0,0,0
201586,Serge Ibaka,LAC,202105220LAC,"May 22, 2021",DAL,8,5,4,7,50.0,59.17,-9.17,3,4,2,0,1,2,0,0,0,0,0,0,0,0,0,0,0,0,0,0,0,0,1,2
1628973,Jalen Brunson,DAL,202105220LAC,"May 22, 2021",LAC,15,7,8,10,65.22,71.29,-6.07,4,4,1,0,1,2,0,0,2,5,0,0,0,0,0,0,0,0,0,0,0,0,2,4
1626196,Josh Richardson,DAL,202105220LAC,"May 22, 2021",LAC,8,5,1,6,57.14,73.53,-16.39,2,4,3,3,0,0,0,0,0,0,0,0,1,1,0,0,0,0,0,0,0,0,0,0
200765,Rajon Rondo,LAC,202105220LAC,"May 22, 2021",DAL,11,6,4,8,55.0,70.88,-15.88,2,0,4,9,2,2,0,0,0,0,0,0,0,0,0,0,0,0,0,0,0,0,0,0
mellini01,N. Melli,DAL,202105220LAC,"May 22, 2021",LAC,0,1,0,1,0.0,0.0,0.0,1,0,0,0,0,0,0,0,0,0,0,0,0,0,0,0,0,0,0,0,0,0,0,0
203939,Dwight Powell,DAL,202105220LAC,"May 22, 2021",LAC,0,1,0,1,0.0,0.0,0.0,1,0,0,0,0,0,0,0,0,0,0,0,0,0,0,0,0,0,0,0,0,0,0,0
202681,Kyrie Irving,BKN,202105220BRK,"May 22, 2021",BOS,29,20,5,22,54.72,65.32,-10.6,11,16,8,6,1,2,0,0,1,3,0,0,0,0,0,0,0,0,0,0,0,0,1,2
202689,Kemba Walker,BOS,202105220BRK,"May 22, 2021",BKN,15,16,2,17,36.59,44.43,-7.84,9,4,7,9,0,0,0,0,0,0,0,0,0,0,0,0,0,0,0,0,0,0,1,2
201935,James Harden,BKN,202105220BRK,"May 22, 2021",BOS,21,13,10,18,47.73,60.34,-12.61,5,6,8,6,4,8,0,0,0,0,0,0,0,0,0,0,0,0,0,0,0,0,1,1
1628369,Jayson Tatum,BOS,202105220BRK,"May 22, 2021",BKN,22,20,11,25,40.0,44.28,-4.28,16,10,4,3,3,4,0,0,0,0,0,0,0,0,1,3,0,0,0,0,0,0,1,2
203935,Marcus Smart,BOS,202105220BRK,"May 22, 2021",BKN,17,13,4,15,44.74,57.59,-12.85,5,6,8,9,2,2,0,0,0,0,0,0,0,0,0,0,0,0,0,0,0,0,0,0
203095,Evan Fournier,BOS,202105220BRK,"May 22, 2021",BKN,10,10,2,11,38.46,45.96,-7.5,6,2,4,6,1,2,0,0,0,0,0,0,0,0,0,0,0,0,0,0,0,0,0,0
201142,Kevin Durant,BKN,202105220BRK,"May 22, 2021",BOS,32,25,12,31,45.71,52.84,-7.13,17,18,8,3,5,9,0,0,0,0,0,0,0,0,0,0,0,0,0,0,0,0,1,2
203925,Joe Harris,BKN,202105220BRK,"May 22, 2021",BOS,10,11,0,11,35.71,45.45,-9.74,5,4,6,6,0,0,0,0,0,0,0,0,0,0,0,0,0,0,0,0,0,0,0,0
201933,Blake Griffin,BKN,202105220BRK,"May 22, 2021",BOS,1,0,2,1,50.0,56.82,-6.82,0,0,0,0,1,1,0,0,0,0,0,0,0,0,0,0,0,0,0,0,0,0,0,0
202684,Tristan Thompson,BOS,202105220BRK,"May 22, 2021",BKN,4,4,1,4,44.44,45.05,-0.61,3,2,0,0,0,0,0,0,1,2,0,0,0,0,0,0,0,0,0,0,0,0,0,0
1630174,Aaron Nesmith,BOS,202105220BRK,"May 22, 2021",BKN,5,5,2,6,33.33,42.52,-9.19,2,0,3,3,1,2,0,0,0,0,0,0,0,0,0,0,0,0,0,0,0,0,0,0
1628971,Bruce Brown,BKN,202105220BRK,"May 22, 2021",BOS,2,4,0,4,25.0,25.0,0.0,4,2,0,0,0,0,0,0,0,0,0,0,0,0,0,0,0,0,0,0,0,0,0,0
201145,Jeff Green,BKN,202105220BRK,"May 22, 2021",BOS,3,4,0,4,27.27,37.5,-10.23,1,0,3,3,0,0,0,0,0,0,0,0,0,0,0,0,0,0,0,0,0,0,0,0
1629057,Robert Williams III,BOS,202105220BRK,"May 22, 2021",BKN,11,8,2,9,61.11,61.94,-0.83,8,10,0,0,1,1,0,0,0,0,0,0,0,0,0,0,0,0,0,0,0,0,0,0
203953,Jabari Parker,BOS,202105220BRK,"May 22, 2021",BKN,9,6,2,7,56.25,65.41,-9.16,4,4,2,3,1,2,0,0,0,0,0,0,0,0,0,0,0,0,0,0,0,0,0,0
1629013,Landry Shamet,BKN,202105220BRK,"May 22, 2021",BOS,0,1,0,1,0.0,0.0,0.0,0,0,1,0,0,0,0,0,0,0,0,0,0,0,0,0,0,0,0,0,0,0,0,0
1629651,Nic Claxton,BKN,202105220BRK,"May 22, 2021",BOS,6,6,0,6,50.0,50.0,0.0,6,6,0,0,0,0,0,0,0,0,0,0,0,0,0,0,0,0,0,0,0,0,0,0
1630202,Payton Pritchard,BOS,202105220BRK,"May 22, 2021",BKN,0,1,0,1,0.0,0.0,0.0,0,0,1,0,0,0,0,0,0,0,0,0,0,0,0,0,0,0,0,0,0,0,0,0
1629682,Tremont Waters,BOS,202105220BRK,"May 22, 2021",BKN,0,1,0,1,0.0,0.0,0.0,0,0,1,0,0,0,0,0,0,0,0,0,0,0,0,0,0,0,0,0,0,0,0,0
203999,Nikola Jokić,DEN,202105220DEN,"May 22, 2021",POR,34,27,4,29,52.31,59.11,-6.8,20,22,7,9,2,3,0,0,0,0,0,0,0,0,0,0,0,0,0,0,0,0,0,0
203932,Aaron Gordon,DEN,202105220DEN,"May 22, 2021",POR,16,16,2,17,42.11,47.39,-5.28,12,10,4,6,1,0,0,0,0,0,0,0,0,0,0,0,0,0,0,0,0,0,0,0
203081,Damian Lillard,POR,202105220DEN,"May 22, 2021",DEN,34,25,9,29,47.89,58.7,-10.81,13,10,12,15,3,6,1,3,0,0,0,0,0,0,0,0,0,0,0,0,0,0,0,0
203468,CJ McCollum,POR,202105220DEN,"May 22, 2021",DEN,21,20,2,21,42.86,50.29,-7.43,13,10,7,9,0,0,0,0,0,0,0,0,0,0,0,0,0,0,0,0,0,0,1,2
203085,Austin Rivers,DEN,202105220DEN,"May 22, 2021",POR,6,6,2,7,31.58,43.6,-12.02,1,2,5,3,1,1,0,0,0,0,0,0,0,0,0,0,0,0,0,0,0,0,0,0
203994,Jusuf Nurkić,POR,202105220DEN,"May 22, 2021",DEN,16,10,3,10,69.57,70.67,-1.1,7,8,0,0,0,0,0,0,3,8,0,0,0,0,0,0,0,0,0,0,0,0,0,0
203496,Robert Covington,POR,202105220DEN,"May 22, 2021",DEN,8,5,0,5,57.14,80.0,-22.86,1,2,4,6,0,0,0,0,0,0,0,0,0,0,0,0,0,0,0,0,0,0,0,0
1629008,Michael Porter Jr.,DEN,202105220DEN,"May 22, 2021",POR,25,21,0,21,48.08,59.52,-11.44,11,22,10,3,0,0,0,0,0,0,0,0,0,0,0,0,0,0,0,0,0,0,0,0
1626181,Norman Powell,DEN,202105220DEN,"May 22, 2021",POR,10,11,3,12,34.48,40.58,-6.1,6,2,4,3,1,2,0,0,1,3,0,0,0,0,0,0,0,0,0,0,0,0,0,0
1630267,Facundo Campazzo,DEN,202105220DEN,"May 22, 2021",POR,8,4,0,4,72.73,100.0,-27.27,1,2,3,6,0,0,0,0,0,0,0,0,0,0,0,0,0,0,0,0,0,0,0,0
1628420,Monte Morris,DEN,202105220DEN,"May 22, 2021",POR,10,10,0,10,47.62,50.0,-2.38,9,10,1,0,0,0,0,0,0,0,0,0,0,0,0,0,0,0,0,0,0,0,0,0
2546,Carmelo Anthony,POR,202105220DEN,"May 22, 2021",DEN,18,12,2,12,52.94,69.88,-16.94,2,0,8,12,0,0,0,0,2,6,0,0,0,0,0,0,0,0,0,0,0,0,0,0
1629014,Anfernee Simons,POR,202105220DEN,"May 22, 2021",DEN,14,6,0,6,82.35,116.67,-34.32,1,2,5,12,0,0,0,0,0,0,0,0,0,0,0,0,0,0,0,0,0,0,0,0
203210,JaMychal Green,DEN,202105220DEN,"May 22, 2021",POR,0,1,0,1,0.0,0.0,0.0,0,0,1,0,0,0,0,0,0,0,0,0,0,0,0,0,0,0,0,0,0,0,0,0
1630210,Markus Howard,DEN,202105220DEN,"May 22, 2021",POR,7,5,0,5,53.85,70.0,-16.15,2,4,3,3,0,0,0,0,0,0,0,0,0,0,0,0,0,0,0,0,0,0,0,0
202683,Enes Freedom,POR,202105220DEN,"May 22, 2021",DEN,2,2,0,2,50.0,50.0,0.0,2,2,0,0,0,0,0,0,0,0,0,0,0,0,0,0,0,0,0,0,0,0,0,0
200794,Paul Millsap,DEN,202105220DEN,"May 22, 2021",POR,3,3,0,3,37.5,50.0,-12.5,1,0,2,3,0,0,0,0,0,0,0,0,0,0,0,0,0,0,0,0,0,0,0,0
203954,Joel Embiid,PHI,202105230PHI,"May 23, 2021",WAS,30,16,13,22,62.5,69.06,-6.56,12,16,3,0,4,8,0,0,1,3,0,0,0,0,0,0,0,0,0,0,0,0,2,3
203458,Alex Len,WAS,202105230PHI,"May 23, 2021",PHI,12,6,7,9,63.16,66.08,-2.92,5,6,0,0,3,3,0,0,1,3,0,0,0,0,0,0,0,0,0,0,0,0,0,0
1627732,Ben Simmons,PHI,202105230PHI,"May 23, 2021",WAS,6,9,6,12,24.0,25.77,-1.77,8,6,1,0,2,0,0,0,0,0,0,0,0,0,0,0,0,0,0,0,0,0,1,0
202699,Tobias Harris,PHI,202105230PHI,"May 23, 2021",WAS,37,29,5,32,54.41,59.29,-4.88,24,26,5,6,1,2,0,0,0,0,0,0,1,1,0,0,0,0,0,0,0,0,1,2
203078,Bradley Beal,WAS,202105230PHI,"May 23, 2021",PHI,33,23,6,26,56.9,64.35,-7.45,17,24,6,3,1,2,0,0,0,0,0,0,0,0,0,0,0,0,0,0,0,0,2,4
203552,Seth Curry,PHI,202105230PHI,"May 23, 2021",WAS,15,13,0,13,42.86,57.69,-14.83,4,6,9,9,0,0,0,0,0,0,0,0,0,0,0,0,0,0,0,0,0,0,0,0
1629060,Rui Hachimura,WAS,202105230PHI,"May 23, 2021",PHI,12,8,0,8,66.67,75.0,-8.33,6,6,2,6,0,0,0,0,0,0,0,0,0,0,0,0,0,0,0,0,0,0,0,0
201980,Danny Green,PHI,202105230PHI,"May 23, 2021",WAS,11,6,0,6,68.75,91.67,-22.92,2,2,4,9,0,0,0,0,0,0,0,0,0,0,0,0,0,0,0,0,0,0,0,0
201566,Russell Westbrook,WAS,202105230PHI,"May 23, 2021",PHI,16,17,2,18,42.11,44.74,-2.63,15,14,2,0,1,2,0,0,0,0,0,0,0,0,0,0,0,0,0,0,0,0,0,0
203526,Raul Neto,WAS,202105230PHI,"May 23, 2021",PHI,7,5,0,5,58.33,70.0,-11.67,3,4,2,3,0,0,0,0,0,0,0,0,0,0,0,0,0,0,0,0,0,0,0,0
202397,Ish Smith,WAS,202105230PHI,"May 23, 2021",PHI,6,9,0,9,33.33,33.33,0.0,9,6,0,0,0,0,0,0,0,0,0,0,0,0,0,0,0,0,0,0,0,0,0,0
2730,Dwight Howard,PHI,202105230PHI,"May 23, 2021",WAS,7,3,6,5,58.33,62.06,-3.73,1,0,0,0,2,1,0,0,2,6,0,0,0,0,0,0,0,0,0,0,0,0,0,0
202722,Davis Bertans,WAS,202105230PHI,"May 23, 2021",PHI,14,10,0,10,50.0,70.0,-20.0,2,2,8,12,0,0,0,0,0,0,0,0,0,0,0,0,0,0,0,0,0,0,0,0
1629655,Daniel Gafford,WAS,202105230PHI,"May 23, 2021",PHI,12,6,0,6,100.0,100.0,0.0,6,12,0,0,0,0,0,0,0,0,0,0,0,0,0,0,0,0,0,0,0,0,0,0
1629680,Matisse Thybulle,PHI,202105230PHI,"May 23, 2021",WAS,0,2,0,2,0.0,0.0,0.0,0,0,2,0,0,0,0,0,0,0,0,0,0,0,0,0,0,0,0,0,0,0,0,0
201588,George Hill,PHI,202105230PHI,"May 23, 2021",WAS,11,8,0,8,57.89,68.75,-10.86,5,8,3,3,0,0,0,0,0,0,0,0,0,0,0,0,0,0,0,0,0,0,0,0
1629003,Shake Milton,PHI,202105230PHI,"May 23, 2021",WAS,5,3,2,4,50.0,64.43,-14.43,1,0,2,3,1,2,0,0,0,0,0,0,0,0,0,0,0,0,0,0,0,0,0,0
201577,Robin Lopez,WAS,202105230PHI,"May 23, 2021",PHI,6,4,0,4,75.0,75.0,0.0,4,6,0,0,0,0,0,0,0,0,0,0,0,0,0,0,0,0,0,0,0,0,0,0
1627788,Furkan Korkmaz,PHI,202105230PHI,"May 23, 2021",WAS,0,3,0,3,0.0,0.0,0.0,0,0,3,0,0,0,0,0,0,0,0,0,0,0,0,0,0,0,0,0,0,0,0,0
1630178,Tyrese Maxey,PHI,202105230PHI,"May 23, 2021",WAS,3,1,1,1,100.0,104.17,-4.17,0,0,0,0,0,0,0,0,1,3,0,0,0,0,0,0,0,0,0,0,0,0,0,0
203109,Jae Crowder,PHX,202105230PHO,"May 23, 2021",LAL,8,10,2,11,27.59,36.76,-9.17,3,6,7,0,1,2,0,0,0,0,0,0,0,0,0,0,0,0,0,0,0,0,0,0
101108,Chris Paul,PHX,202105230PHO,"May 23, 2021",LAL,7,8,0,8,41.18,43.75,-2.57,7,4,1,3,0,0,0,0,0,0,0,0,0,0,0,0,0,0,0,0,0,0,0,0
1626164,Devin Booker,PHX,202105230PHO,"May 23, 2021",LAL,34,26,6,29,52.31,59.36,-7.05,19,20,7,9,1,2,0,0,0,0,0,0,0,0,0,0,0,0,0,0,0,0,2,3
203083,Andre Drummond,LAL,202105230PHO,"May 23, 2021",PHX,12,7,4,9,66.67,68.49,-1.82,7,10,0,0,2,2,0,0,0,0,0,0,0,0,0,0,0,0,0,0,0,0,0,0
203484,Kentavious Caldwell-Pope,LAL,202105230PHO,"May 23, 2021",PHX,7,9,2,10,25.93,35.43,-9.5,2,2,7,3,0,0,0,0,0,0,0,0,0,0,0,0,0,0,0,0,0,0,1,2
203471,Dennis Schröder,LAL,202105230PHO,"May 23, 2021",PHX,14,7,6,10,63.64,72.61,-8.97,5,8,2,3,3,3,0,0,0,0,0,0,0,0,0,0,0,0,0,0,0,0,0,0
1629028,Deandre Ayton,PHX,202105230PHO,"May 23, 2021",LAL,21,11,2,12,87.5,88.38,-0.88,11,20,0,0,1,1,0,0,0,0,0,0,0,0,0,0,0,0,0,0,0,0,0,0
1628969,Mikal Bridges,PHX,202105230PHO,"May 23, 2021",LAL,10,12,0,12,34.48,41.67,-7.19,7,4,5,6,0,0,0,0,0,0,0,0,0,0,0,0,0,0,0,0,0,0,0,0
2544,LeBron James,LAL,202105230PHO,"May 23, 2021",PHX,18,13,6,15,46.15,57.54,-11.39,5,4,7,9,1,2,1,1,1,2,0,0,0,0,0,0,0,0,0,0,0,0,0,0
1628398,Kyle Kuzma,LAL,202105230PHO,"May 23, 2021",PHX,0,2,0,2,0.0,0.0,0.0,1,0,1,0,0,0,0,0,0,0,0,0,0,0,0,0,0,0,0,0,0,0,0,0
203076,Anthony Davis,LAL,202105230PHO,"May 23, 2021",PHX,13,16,5,18,33.33,35.71,-2.38,13,8,2,0,0,0,0,0,1,3,0,0,0,0,0,0,0,0,0,0,0,0,2,2
1626149,Montrezl Harrell,LAL,202105230PHO,"May 23, 2021",PHX,12,5,5,7,80.0,83.33,-3.33,4,6,0,0,2,3,0,0,1,3,0,0,0,0,0,0,0,0,0,0,0,0,0,0
johnsca02,C. Johnson,PHX,202105230PHO,"May 23, 2021",LAL,10,7,2,8,47.62,63.45,-15.83,2,2,5,6,1,2,0,0,0,0,0,0,0,0,0,0,0,0,0,0,0,0,0,0
1626166,Cameron Payne,PHX,202105230PHO,"May 23, 2021",LAL,5,8,0,8,26.32,31.25,-4.93,5,2,3,3,0,0,0,0,0,0,0,0,0,0,0,0,0,0,0,0,0,0,0,0
1627936,Alex Caruso,LAL,202105230PHO,"May 23, 2021",PHX,10,9,0,9,45.45,55.56,-10.11,5,4,4,6,0,0,0,0,0,0,0,0,0,0,0,0,0,0,0,0,0,0,0,0
1629659,Talen Horton-Tucker,LAL,202105230PHO,"May 23, 2021",PHX,2,4,0,4,25.0,25.0,0.0,4,2,0,0,0,0,0,0,0,0,0,0,0,0,0,0,0,0,0,0,0,0,0,0
203967,Dario Saric,PHX,202105230PHO,"May 23, 2021",LAL,4,4,0,4,50.0,50.0,0.0,4,4,0,0,0,0,0,0,0,0,0,0,0,0,0,0,0,0,0,0,0,0,0,0
202083,Wesley Matthews,LAL,202105230PHO,"May 23, 2021",PHX,2,4,0,4,18.18,25.0,-6.82,1,2,3,0,0,0,0,0,0,0,0,0,0,0,0,0,0,0,0,0,0,0,0,0
1628381,John Collins,ATL,202105230NYK,"May 23, 2021",NYK,12,9,0,9,54.55,66.67,-12.12,5,6,4,6,0,0,0,0,0,0,0,0,0,0,0,0,0,0,0,0,0,0,0,0
1629628,RJ Barrett,NYK,202105230NYK,"May 23, 2021",ATL,14,15,2,16,36.84,44.08,-7.24,9,10,6,3,1,1,0,0,0,0,0,0,0,0,0,0,0,0,0,0,0,0,0,0
1629027,Trae Young,ATL,202105230NYK,"May 23, 2021",NYK,32,23,9,27,55.17,59.35,-4.18,19,18,3,3,3,6,0,0,1,3,0,0,0,0,0,0,0,0,0,0,0,0,1,2
203944,Julius Randle,NYK,202105230NYK,"May 23, 2021",ATL,15,23,2,24,27.78,31.41,-3.63,17,8,6,6,1,1,0,0,0,0,0,0,0,0,0,0,0,0,0,0,0,0,0,0
203493,Reggie Bullock Jr.,NYK,202105230NYK,"May 23, 2021",ATL,6,9,0,9,26.09,33.33,-7.24,4,6,5,0,0,0,0,0,0,0,0,0,0,0,0,0,0,0,0,0,0,0,0,0
203992,Bogdan Bogdanović,ATL,202105230NYK,"May 23, 2021",NYK,18,15,0,15,46.15,60.0,-13.85,6,6,9,12,0,0,0,0,0,0,0,0,0,0,0,0,0,0,0,0,0,0,0,0
203991,Clint Capela,ATL,202105230NYK,"May 23, 2021",NYK,9,7,2,8,56.25,57.11,-0.86,7,8,0,0,1,1,0,0,0,0,0,0,0,0,0,0,0,0,0,0,0,0,0,0
1629631,De'Andre Hunter,ATL,202105230NYK,"May 23, 2021",NYK,5,6,0,6,31.25,41.67,-10.42,2,2,4,3,0,0,0,0,0,0,0,0,0,0,0,0,0,0,0,0,0,0,0,0
203901,Elfrid Payton,NYK,202105230NYK,"May 23, 2021",ATL,0,3,0,3,0.0,0.0,0.0,3,0,0,0,0,0,0,0,0,0,0,0,0,0,0,0,0,0,0,0,0,0,0,0
201565,Derrick Rose,NYK,202105230NYK,"May 23, 2021",ATL,17,16,0,16,47.22,53.12,-5.9,12,14,4,3,0,0,0,0,0,0,0,0,0,0,0,0,0,0,0,0,0,0,0,0
203457,Nerlens Noel,NYK,202105230NYK,"May 23, 2021",ATL,6,3,2,4,75.0,77.32,-2.32,3,4,0,0,1,2,0,0,0,0,0,0,0,0,0,0,0,0,0,0,0,0,0,0
201568,Danilo Gallinari,ATL,202105230NYK,"May 23, 2021",NYK,7,11,0,11,24.14,31.82,-7.68,4,4,7,3,0,0,0,0,0,0,0,0,0,0,0,0,0,0,0,0,0,0,0,0
1628989,Kevin Huerter,ATL,202105230NYK,"May 23, 2021",NYK,8,7,1,7,42.11,53.76,-11.65,2,2,4,3,0,0,0,0,1,3,0,0,0,0,0,0,0,0,0,0,0,0,0,0
201959,Taj Gibson,NYK,202105230NYK,"May 23, 2021",ATL,5,2,1,2,100.0,102.46,-2.46,1,2,0,0,0,0,0,0,1,3,0,0,0,0,0,0,0,0,0,0,0,0,0,0
203503,Tony Snell,ATL,202105230NYK,"May 23, 2021",NYK,3,3,0,3,37.5,50.0,-12.5,1,0,2,3,0,0,0,0,0,0,0,0,0,0,0,0,0,0,0,0,0,0,0,0
101150,Lou Williams,ATL,202105230NYK,"May 23, 2021",NYK,13,9,0,9,68.42,72.22,-3.8,8,10,1,3,0,0,0,0,0,0,0,0,0,0,0,0,0,0,0,0,0,0,0,0
202692,Alec Burks,NYK,202105230NYK,"May 23, 2021",ATL,27,13,8,16,69.23,81.72,-12.49,7,10,5,9,1,2,1,3,1,2,0,0,0,0,0,0,0,0,0,0,0,0,1,1
1630193,Immanuel Quickley,NYK,202105230NYK,"May 23, 2021",ATL,10,7,0,7,62.5,71.43,-8.93,5,4,2,6,0,0,0,0,0,0,0,0,0,0,0,0,0,0,0,0,0,0,0,0
1630167,Obi Toppin,NYK,202105230NYK,"May 23, 2021",ATL,5,3,0,3,62.5,83.33,-20.83,1,2,2,3,0,0,0,0,0,0,0,0,0,0,0,0,0,0,0,0,0,0,0,0
202685,Jonas Valančiūnas,MEM,202105230UTA,"May 23, 2021",UTA,15,14,2,15,50.0,50.4,-0.4,14,14,0,0,1,1,0,0,0,0,0,0,0,0,0,0,0,0,0,0,0,0,0,0
204060,Joe Ingles,UTA,202105230UTA,"May 23, 2021",MEM,11,8,0,8,47.83,68.75,-20.92,1,2,7,9,0,0,0,0,0,0,0,0,0,0,0,0,0,0,0,0,0,0,0,0
1628415,Dillon Brooks,MEM,202105230UTA,"May 23, 2021",UTA,31,26,6,28,49.21,54.12,-4.91,18,16,5,6,1,1,0,0,3,7,0,0,1,1,0,0,0,0,0,0,0,0,0,0
1626220,Royce O'Neale,UTA,202105230UTA,"May 23, 2021",MEM,3,6,0,6,20.0,25.0,-5.0,3,0,3,3,0,0,0,0,0,0,0,0,0,0,0,0,0,0,0,0,0,0,0,0
203937,Kyle Anderson,MEM,202105230UTA,"May 23, 2021",UTA,14,10,4,12,53.85,59.52,-5.67,8,8,2,3,1,1,0,0,0,0,0,0,0,0,1,2,0,0,0,0,0,0,0,0
201144,Mike Conley,UTA,202105230UTA,"May 23, 2021",MEM,22,18,7,21,40.74,52.18,-11.44,7,6,11,9,0,0,1,3,0,0,0,0,0,0,0,0,0,0,0,0,0,0,2,4
1629630,Ja Morant,MEM,202105230UTA,"May 23, 2021",UTA,26,21,4,23,55.32,57.12,-1.8,20,22,1,0,0,0,0,0,0,0,0,0,0,0,0,0,0,0,0,0,0,0,2,4
203497,Rudy Gobert,MEM,202105230UTA,"May 23, 2021",UTA,11,4,6,7,78.57,82.83,-4.26,4,8,0,0,3,3,0,0,0,0,0,0,0,0,0,0,0,0,0,0,0,0,0,0
202711,Bojan Bogdanovic,UTA,202105230UTA,"May 23, 2021",MEM,29,16,9,20,55.77,72.65,-16.88,5,8,11,12,2,4,1,3,0,0,0,0,0,0,0,0,0,0,0,0,0,0,1,2
1628991,Jaren Jackson Jr.,MEM,202105230UTA,"May 23, 2021",UTA,7,8,2,9,30.43,39.41,-8.98,3,2,5,3,1,2,0,0,0,0,0,0,0,0,0,0,0,0,0,0,0,0,0,0
202324,Derrick Favors,UTA,202105230UTA,"May 23, 2021",MEM,12,5,5,7,80.0,83.33,-3.33,4,6,0,0,2,3,0,0,1,3,0,0,0,0,0,0,0,0,0,0,0,0,0,0
1630217,Desmond Bane,MEM,202105230UTA,"May 23, 2021",UTA,8,4,0,4,72.73,100.0,-27.27,1,2,3,6,0,0,0,0,0,0,0,0,0,0,0,0,0,0,0,0,0,0,0,0
203903,Jordan Clarkson,UTA,202105230UTA,"May 23, 2021",MEM,14,16,4,18,31.82,39.41,-7.59,8,10,8,0,0,0,1,3,0,0,0,0,1,1,0,0,0,0,0,0,0,0,0,0
1628960,Grayson Allen,MEM,202105230UTA,"May 23, 2021",UTA,5,4,1,5,45.45,56.31,-10.86,2,2,2,3,0,0,0,0,0,0,0,0,1,0,0,0,0,0,0,0,0,0,0,0
1627777,Georges Niang,UTA,202105230UTA,"May 23, 2021",MEM,7,7,2,8,31.82,44.42,-12.6,1,2,6,3,1,2,0,0,0,0,0,0,0,0,0,0,0,0,0,0,0,0,0,0
1629671,Miye Oni,UTA,202105230UTA,"May 23, 2021",MEM,0,1,0,1,0.0,0.0,0.0,0,0,1,0,0,0,0,0,0,0,0,0,0,0,0,0,0,0,0,0,0,0,0,0
1629001,De'Anthony Melton,MEM,202105230UTA,"May 23, 2021",UTA,0,4,0,4,0.0,0.0,0.0,2,0,2,0,0,0,0,0,0,0,0,0,0,0,0,0,0,0,0,0,0,0,0,0
1626145,Tyus Jones,MEM,202105230UTA,"May 23, 2021",UTA,6,6,2,7,42.86,43.6,-0.74,6,4,0,0,1,2,0,0,0,0,0,0,0,0,0,0,0,0,0,0,0,0,0,0
1630214,Xavier Tillman,MEM,202105230UTA,"May 23, 2021",UTA,0,3,0,3,0.0,0.0,0.0,3,0,0,0,0,0,0,0,0,0,0,0,0,0,0,0,0,0,0,0,0,0,0,0
203114,Khris Middleton,MIL,202105240MIL,"May 24, 2021",MIA,17,5,6,8,89.47,111.26,-21.79,2,2,3,9,0,0,0,0,0,0,0,0,1,1,1,3,0,0,0,0,0,0,1,2
1628389,Bam Adebayo,MIA,202105240MIL,"May 24, 2021",MIL,16,11,9,15,51.61,53.48,-1.87,10,8,0,0,3,4,0,0,1,3,0,0,0,0,0,0,0,0,0,0,0,0,1,1
1628978,Donte DiVincenzo,MIL,202105240MIL,"May 24, 2021",MIA,5,7,0,7,25.0,35.71,-10.71,1,2,6,3,0,0,0,0,0,0,0,0,0,0,0,0,0,0,0,0,0,0,0,0
203507,Giannis Antetokounmpo,MIL,202105240MIL,"May 24, 2021",MIA,31,23,7,26,51.67,59.43,-7.76,15,20,7,3,1,2,0,0,1,3,0,0,0,0,0,0,0,0,0,0,0,0,2,3
2772,Trevor Ariza,MIA,202105240MIL,"May 24, 2021",MIL,0,3,0,3,0.0,0.0,0.0,0,0,3,0,0,0,0,0,0,0,0,0,0,0,0,0,0,0,0,0,0,0,0,0
201572,Brook Lopez,MIL,202105240MIL,"May 24, 2021",MIA,7,5,4,7,41.18,51.78,-10.6,2,4,3,0,2,3,0,0,0,0,0,0,0,0,0,0,0,0,0,0,0,0,0,0
202710,Jimmy Butler III,MIA,202105240MIL,"May 24, 2021",MIL,10,10,4,12,41.67,42.52,-0.85,10,8,0,0,2,2,0,0,0,0,0,0,0,0,0,0,0,0,0,0,0,0,0,0
1629130,Duncan Robinson,MIA,202105240MIL,"May 24, 2021",MIL,10,6,5,8,43.48,60.98,-17.5,0,0,6,6,0,0,1,2,0,0,0,0,0,0,0,0,0,0,0,0,0,0,1,2
1629134,Kendrick Nunn,MIA,202105240MIL,"May 24, 2021",MIL,9,14,0,14,27.27,32.14,-4.87,9,6,5,3,0,0,0,0,0,0,0,0,0,0,0,0,0,0,0,0,0,0,0,0
201950,Jrue Holiday,MIL,202105240MIL,"May 24, 2021",MIA,11,12,0,12,39.29,45.83,-6.54,8,8,4,3,0,0,0,0,0,0,0,0,0,0,0,0,0,0,0,0,0,0,0,0
1627854,Bryn Forbes,MIL,202105240MIL,"May 24, 2021",MIA,22,12,0,12,66.67,91.67,-25.0,3,4,9,18,0,0,0,0,0,0,0,0,0,0,0,0,0,0,0,0,0,0,0,0
203473,Dewayne Dedmon,MIA,202105240MIL,"May 24, 2021",MIL,19,11,2,12,73.08,79.97,-6.89,9,14,2,3,0,0,0,0,0,0,0,0,0,0,0,0,0,0,0,0,0,0,1,2
201609,Goran Dragic,MIA,202105240MIL,"May 24, 2021",MIL,18,11,8,15,51.43,61.98,-10.55,6,8,5,3,2,4,0,0,0,0,0,0,0,0,0,0,0,0,0,0,0,0,2,3
200782,P.J. Tucker,MIL,202105240MIL,"May 24, 2021",MIA,3,2,0,2,50.0,75.0,-25.0,0,0,2,3,0,0,0,0,0,0,0,0,0,0,0,0,0,0,0,0,0,0,0,0
1629639,Tyler Herro,MIA,202105240MIL,"May 24, 2021",MIL,4,5,1,6,30.77,36.76,-5.99,3,0,2,3,0,0,0,0,0,0,0,0,1,1,0,0,0,0,0,0,0,0,0,0
2738,Andre Iguodala,MIA,202105240MIL,"May 24, 2021",MIL,2,1,0,1,100.0,100.0,0.0,1,2,0,0,0,0,0,0,0,0,0,0,0,0,0,0,0,0,0,0,0,0,0,0
1626171,Bobby Portis,MIL,202105240MIL,"May 24, 2021",MIA,11,6,3,7,61.11,75.14,-14.03,3,2,3,6,0,0,1,3,0,0,0,0,0,0,0,0,0,0,0,0,0,0,0,0
1626192,Pat Connaughton,MIL,202105240MIL,"May 24, 2021",MIA,15,9,0,9,55.56,83.33,-27.77,0,0,9,15,0,0,0,0,0,0,0,0,0,0,0,0,0,0,0,0,0,0,0,0
202357,Nemanja Bjelica,MIL,202105240MIL,"May 24, 2021",MIA,4,5,2,6,26.67,34.01,-7.34,2,0,3,3,1,1,0,0,0,0,0,0,0,0,0,0,0,0,0,0,0,0,0,0
1629670,Jordan Nwora,MIL,202105240MIL,"May 24, 2021",MIA,5,6,0,6,33.33,41.67,-8.34,3,2,3,3,0,0,0,0,0,0,0,0,0,0,0,0,0,0,0,0,0,0,0,0
1629216,Gabe Vincent,MIA,202105240MIL,"May 24, 2021",MIL,3,1,0,1,100.0,150.0,-50.0,0,0,1,3,0,0,0,0,0,0,0,0,0,0,0,0,0,0,0,0,0,0,0,0
1630173,Precious Achiuwa,MIA,202105240MIL,"May 24, 2021",MIL,3,2,4,4,37.5,39.89,-2.39,2,2,0,0,2,1,0,0,0,0,0,0,0,0,0,0,0,0,0,0,0,0,0,0
bryanel01,E. Bryant,MIL,202105240MIL,"May 24, 2021",MIA,0,1,0,1,0.0,0.0,0.0,0,0,1,0,0,0,0,0,0,0,0,0,0,0,0,0,0,0,0,0,0,0,0,0
1629603,Mamadi Diakite,MIL,202105240MIL,"May 24, 2021",MIA,0,1,0,1,0.0,0.0,0.0,1,0,0,0,0,0,0,0,0,0,0,0,0,0,0,0,0,0,0,0,0,0,0,0
1630241,Sam Merrill,MIL,202105240MIL,"May 24, 2021",MIA,3,2,0,2,50.0,75.0,-25.0,0,0,2,3,0,0,0,0,0,0,0,0,0,0,0,0,0,0,0,0,0,0,0,0
1629644,KZ Okpala,MIA,202105240MIL,"May 24, 2021",MIL,0,1,0,1,0.0,0.0,0.0,0,0,1,0,0,0,0,0,0,0,0,0,0,0,0,0,0,0,0,0,0,0,0,0
1629622,Max Strus,MIA,202105240MIL,"May 24, 2021",MIL,0,1,0,1,0.0,0.0,0.0,1,0,0,0,0,0,0,0,0,0,0,0,0,0,0,0,0,0,0,0,0,0,0,0
toupaax01,A. Toupane,MIL,202105240MIL,"May 24, 2021",MIA,2,3,0,3,28.57,33.33,-4.76,2,2,1,0,0,0,0,0,0,0,0,0,0,0,0,0,0,0,0,0,0,0,0,0
203999,Nikola Jokić,DEN,202105240DEN,"May 24, 2021",POR,38,20,6,23,76.0,83.92,-7.92,16,26,4,6,0,0,0,0,0,0,0,0,0,0,1,2,0,0,0,0,0,0,2,4
203496,Robert Covington,POR,202105240DEN,"May 24, 2021",DEN,3,3,0,3,37.5,50.0,-12.5,1,0,2,3,0,0,0,0,0,0,0,0,0,0,0,0,0,0,0,0,0,0,0,0
203085,Austin Rivers,DEN,202105240DEN,"May 24, 2021",POR,9,5,2,6,60.0,76.53,-16.53,2,2,3,6,1,1,0,0,0,0,0,0,0,0,0,0,0,0,0,0,0,0,0,0
203994,Jusuf Nurkić,POR,202105240DEN,"May 24, 2021",DEN,7,8,2,9,35.0,39.41,-4.41,6,2,2,3,1,2,0,0,0,0,0,0,0,0,0,0,0,0,0,0,0,0,0,0
203468,CJ McCollum,POR,202105240DEN,"May 24, 2021",DEN,21,12,2,13,72.41,81.52,-9.11,9,14,3,6,1,1,0,0,0,0,0,0,0,0,0,0,0,0,0,0,0,0,0,0
1630267,Facundo Campazzo,DEN,202105240DEN,"May 24, 2021",POR,12,10,2,11,46.15,55.15,-9.0,6,4,4,6,0,0,0,0,0,0,0,0,0,0,1,2,0,0,0,0,0,0,0,0
203081,Damian Lillard,POR,202105240DEN,"May 24, 2021",DEN,42,24,13,31,54.55,70.66,-16.11,8,4,16,27,2,4,1,2,0,0,0,0,2,1,0,0,0,0,0,0,0,0,2,4
1626181,Norman Powell,POR,202105240DEN,"May 24, 2021",DEN,15,9,6,12,55.56,64.43,-8.87,6,10,3,0,3,5,0,0,0,0,0,0,0,0,0,0,0,0,0,0,0,0,0,0
1629008,Michael Porter Jr.,DEN,202105240DEN,"May 24, 2021",POR,18,13,5,15,48.65,59.21,-10.56,7,4,6,9,1,2,1,3,0,0,0,0,0,0,0,0,0,0,0,0,0,0,0,0
203932,Aaron Gordon,DEN,202105240DEN,"May 24, 2021",POR,13,9,6,11,50.0,55.84,-5.84,5,0,2,6,1,1,0,0,2,5,0,0,0,0,0,0,0,0,0,0,0,0,1,1
2546,Carmelo Anthony,POR,202105240DEN,"May 24, 2021",DEN,5,5,2,6,31.25,42.52,-11.27,1,0,4,3,1,2,0,0,0,0,0,0,0,0,0,0,0,0,0,0,0,0,0,0
1628420,Monte Morris,DEN,202105240DEN,"May 24, 2021",POR,12,10,2,11,50.0,55.15,-5.15,8,10,2,0,1,2,0,0,0,0,0,0,0,0,0,0,0,0,0,0,0,0,0,0
1629014,Anfernee Simons,POR,202105240DEN,"May 24, 2021",DEN,3,1,0,1,100.0,150.0,-50.0,0,0,1,3,0,0,0,0,0,0,0,0,0,0,0,0,0,0,0,0,0,0,0,0
203210,JaMychal Green,DEN,202105240DEN,"May 24, 2021",POR,4,6,0,6,28.57,33.33,-4.76,4,4,2,0,0,0,0,0,0,0,0,0,0,0,0,0,0,0,0,0,0,0,0,0
202683,Enes Freedom,POR,202105240DEN,"May 24, 2021",DEN,4,3,2,4,50.0,51.55,-1.55,3,2,0,0,0,0,0,0,0,0,0,0,0,0,0,0,0,0,0,0,0,0,1,2
1630210,Markus Howard,DEN,202105240DEN,"May 24, 2021",POR,5,2,0,2,100.0,125.0,-25.0,1,2,1,3,0,0,0,0,0,0,0,0,0,0,0,0,0,0,0,0,0,0,0,0
200794,Paul Millsap,DEN,202105240DEN,"May 24, 2021",POR,15,8,6,10,62.5,70.49,-7.99,5,8,2,0,0,0,1,2,1,3,0,0,0,0,0,0,0,0,0,0,0,0,1,2
1627884,Derrick Jones Jr.,POR,202105240DEN,"May 24, 2021",DEN,2,2,0,2,50.0,50.0,0.0,2,2,0,0,0,0,0,0,0,0,0,0,0,0,0,0,0,0,0,0,0,0,0,0
1627885,Shaquille Harrison,DEN,202105240DEN,"May 24, 2021",POR,2,1,1,1,66.67,69.44,-2.77,0,0,0,0,0,0,0,0,1,2,0,0,0,0,0,0,0,0,0,0,0,0,0,0
1628385,Harry Giles III,POR,202105240DEN,"May 24, 2021",DEN,0,1,0,1,0.0,0.0,0.0,1,0,0,0,0,0,0,0,0,0,0,0,0,0,0,0,0,0,0,0,0,0,0,0
holliro01,R. Hollis-Jefferson,POR,202105240DEN,"May 24, 2021",DEN,2,1,1,1,66.67,69.44,-2.77,0,0,0,0,0,0,0,0,1,2,0,0,0,0,0,0,0,0,0,0,0,0,0,0
leaftj01,T. Leaf,POR,202105240DEN,"May 24, 2021",DEN,2,2,0,2,50.0,50.0,0.0,2,2,0,0,0,0,0,0,0,0,0,0,0,0,0,0,0,0,0,0,0,0,0,0
1629642,Nassir Little,POR,202105240DEN,"May 24, 2021",DEN,3,2,0,2,50.0,75.0,-25.0,0,0,2,3,0,0,0,0,0,0,0,0,0,0,0,0,0,0,0,0,0,0,0,0
1630192,Zeke Nnaji,DEN,202105240DEN,"May 24, 2021",POR,0,2,0,2,0.0,0.0,0.0,0,0,2,0,0,0,0,0,0,0,0,0,0,0,0,0,0,0,0,0,0,0,0,0
203935,Marcus Smart,BKN,202105250BRK,"May 25, 2021",BOS,19,13,4,15,50.0,64.36,-14.36,5,2,8,15,1,1,0,0,0,0,0,0,0,0,0,0,0,0,0,0,0,0,1,1
202681,Kyrie Irving,BKN,202105250BRK,"May 25, 2021",BOS,15,12,2,13,51.72,58.23,-6.51,9,10,3,3,1,2,0,0,0,0,0,0,0,0,0,0,0,0,0,0,0,0,0,0
202689,Kemba Walker,BOS,202105250BRK,"May 25, 2021",BKN,17,11,8,14,51.52,58.54,-7.02,6,6,3,0,2,4,0,0,2,5,0,0,0,0,0,0,0,0,0,0,0,0,1,2
201142,Kevin Durant,BKN,202105250BRK,"May 25, 2021",BOS,26,12,8,16,76.47,83.76,-7.29,10,12,2,6,2,4,0,0,0,0,0,0,0,0,0,0,0,0,0,0,0,0,2,4
203925,Joe Harris,BOS,202105250BRK,"May 25, 2021",BKN,25,14,0,14,65.79,89.29,-23.5,4,4,10,21,0,0,0,0,0,0,0,0,0,0,0,0,0,0,0,0,0,0,0,0
203095,Evan Fournier,BOS,202105250BRK,"May 25, 2021",BKN,16,9,2,10,64.0,80.97,-16.97,4,2,5,12,1,2,0,0,0,0,0,0,0,0,0,0,0,0,0,0,0,0,0,0
1628369,Jayson Tatum,BKN,202105250BRK,"May 25, 2021",BOS,9,12,2,13,31.03,34.94,-3.91,9,4,3,3,1,2,0,0,0,0,0,0,0,0,0,0,0,0,0,0,0,0,0,0
201933,Blake Griffin,BKN,202105250BRK,"May 25, 2021",BOS,11,6,4,7,64.71,70.88,-6.17,3,4,1,0,0,0,0,0,2,5,0,0,0,0,0,0,0,0,0,0,0,0,1,2
202684,Tristan Thompson,BOS,202105250BRK,"May 25, 2021",BKN,15,9,2,10,75.0,75.91,-0.91,9,14,0,0,1,1,0,0,0,0,0,0,0,0,0,0,0,0,0,0,0,0,0,0
201935,James Harden,BKN,202105250BRK,"May 25, 2021",BOS,20,12,4,13,55.56,72.67,-17.11,3,2,7,9,1,2,0,0,1,3,1,4,0,0,0,0,0,0,0,0,0,0,0,0
203953,Jabari Parker,BOS,202105250BRK,"May 25, 2021",BKN,2,2,0,2,50.0,50.0,0.0,2,2,0,0,0,0,0,0,0,0,0,0,0,0,0,0,0,0,0,0,0,0,0,0
1629057,Robert Williams III,BOS,202105250BRK,"May 25, 2021",BKN,8,6,0,6,66.67,66.67,0.0,6,8,0,0,0,0,0,0,0,0,0,0,0,0,0,0,0,0,0,0,0,0,0,0
1628971,Bruce Brown,BKN,202105250BRK,"May 25, 2021",BOS,6,2,4,4,66.67,79.79,-13.12,1,2,1,0,1,2,0,0,0,0,0,0,0,0,0,0,0,0,0,0,0,0,1,2
201145,Jeff Green,BKN,202105250BRK,"May 25, 2021",BOS,6,5,0,5,54.55,60.0,-5.45,4,6,1,0,0,0,0,0,0,0,0,0,0,0,0,0,0,0,0,0,0,0,0,0
1629013,Landry Shamet,BKN,202105250BRK,"May 25, 2021",BOS,10,7,0,7,52.63,71.43,-18.8,2,4,5,6,0,0,0,0,0,0,0,0,0,0,0,0,0,0,0,0,0,0,0,0
1630174,Aaron Nesmith,BOS,202105250BRK,"May 25, 2021",BKN,0,5,0,5,0.0,0.0,0.0,0,0,5,0,0,0,0,0,0,0,0,0,0,0,0,0,0,0,0,0,0,0,0,0
1629651,Nic Claxton,BKN,202105250BRK,"May 25, 2021",BOS,0,2,0,2,0.0,0.0,0.0,2,0,0,0,0,0,0,0,0,0,0,0,0,0,0,0,0,0,0,0,0,0,0,0
1630202,Payton Pritchard,BKN,202105250BRK,"May 25, 2021",BOS,2,5,2,6,13.33,17.01,-3.68,2,0,3,0,1,2,0,0,0,0,0,0,0,0,0,0,0,0,0,0,0,0,0,0
1629641,Romeo Langford,BOS,202105250BRK,"May 25, 2021",BKN,4,7,0,7,26.67,28.57,-1.9,6,4,1,0,0,0,0,0,0,0,0,0,0,0,0,0,0,0,0,0,0,0,0,0
1629684,Grant Williams,BOS,202105250BRK,"May 25, 2021",BKN,5,4,0,4,55.56,62.5,-6.94,3,2,1,3,0,0,0,0,0,0,0,0,0,0,0,0,0,0,0,0,0,0,0,0
204020,Tyler Johnson,BKN,202105250BRK,"May 25, 2021",BOS,3,4,0,4,25.0,37.5,-12.5,0,0,4,3,0,0,0,0,0,0,0,0,0,0,0,0,0,0,0,0,0,0,0,0
jamesmi02,M. James,BKN,202105250BRK,"May 25, 2021",BOS,4,7,0,7,25.0,28.57,-3.57,5,4,2,0,0,0,0,0,0,0,0,0,0,0,0,0,0,0,0,0,0,0,0,0
1628400,Semi Ojeleye,BOS,202105250BRK,"May 25, 2021",BKN,0,2,0,2,0.0,0.0,0.0,0,0,2,0,0,0,0,0,0,0,0,0,0,0,0,0,0,0,0,0,0,0,0,0
1629035,Carsen Edwards,BOS,202105250BRK,"May 25, 2021",BKN,5,3,0,3,62.5,83.33,-20.83,1,2,2,3,0,0,0,0,0,0,0,0,0,0,0,0,0,0,0,0,0,0,0,0
1628436,Luke Kornet,BOS,202105250BRK,"May 25, 2021",BKN,3,1,2,2,75.0,79.79,-4.79,1,2,0,0,1,1,0,0,0,0,0,0,0,0,0,0,0,0,0,0,0,0,0,0
1629682,Tremont Waters,BOS,202105250BRK,"May 25, 2021",BKN,3,3,1,3,37.5,43.6,-6.1,1,0,1,0,0,0,0,0,1,3,0,0,0,0,0,0,0,0,0,0,0,0,0,0
1628993,Alize Johnson,BKN,202105250BRK,"May 25, 2021",BOS,2,1,0,1,100.0,100.0,0.0,1,2,0,0,0,0,0,0,0,0,0,0,0,0,0,0,0,0,0,0,0,0,0,0
1627789,Timothe Luwawu-Cabarrot,BKN,202105250BRK,"May 25, 2021",BOS,0,1,0,1,0.0,0.0,0.0,1,0,0,0,0,0,0,0,0,0,0,0,0,0,0,0,0,0,0,0,0,0,0,0
1629617,Reggie Perry,BKN,202105250BRK,"May 25, 2021",BOS,2,3,0,3,28.57,33.33,-4.76,2,2,1,0,0,0,0,0,0,0,0,0,0,0,0,0,0,0,0,0,0,0,0,0
1626164,Devin Booker,PHX,202105250PHO,"May 25, 2021",LAL,31,17,17,24,57.41,63.32,-5.91,13,12,3,0,3,6,2,6,1,3,0,0,0,0,0,0,0,0,0,0,0,0,2,4
203471,Dennis Schröder,LAL,202105250PHO,"May 25, 2021",PHX,24,16,6,19,57.14,64.38,-7.24,12,12,4,6,2,4,0,0,0,0,0,0,0,0,0,0,0,0,0,0,0,0,1,2
203484,Kentavious Caldwell-Pope,LAL,202105250PHO,"May 25, 2021",PHX,0,4,0,4,0.0,0.0,0.0,0,0,4,0,0,0,0,0,0,0,0,0,0,0,0,0,0,0,0,0,0,0,0,0
101108,Chris Paul,PHX,202105250PHO,"May 25, 2021",LAL,6,5,4,7,42.86,44.38,-1.52,5,4,0,0,2,2,0,0,0,0,0,0,0,0,0,0,0,0,0,0,0,0,0,0
203109,Jae Crowder,LAL,202105250PHO,"May 25, 2021",PHX,8,8,3,9,32.0,42.92,-10.92,2,2,5,0,0,0,0,0,0,0,1,4,0,0,1,2,0,0,0,0,0,0,0,0
203076,Anthony Davis,LAL,202105250PHO,"May 25, 2021",PHX,34,15,21,25,61.82,70.13,-8.31,10,8,4,6,7,11,0,0,1,3,0,0,0,0,0,0,0,0,0,0,0,0,3,6
1628969,Mikal Bridges,PHX,202105250PHO,"May 25, 2021",LAL,6,6,0,6,37.5,50.0,-12.5,2,0,4,6,0,0,0,0,0,0,0,0,0,0,0,0,0,0,0,0,0,0,0,0
2544,LeBron James,LAL,202105250PHO,"May 25, 2021",PHX,23,16,1,16,54.76,69.95,-15.19,6,8,9,12,0,0,0,0,1,3,0,0,0,0,0,0,0,0,0,0,0,0,0,0
203083,Andre Drummond,LAL,202105250PHO,"May 25, 2021",PHX,15,11,1,11,65.22,65.56,-0.34,10,12,0,0,0,0,0,0,1,3,0,0,0,0,0,0,0,0,0,0,0,0,0,0
203967,Dario Saric,PHX,202105250PHO,"May 25, 2021",LAL,2,1,2,2,40.0,53.19,-13.19,0,0,1,0,1,2,0,0,0,0,0,0,0,0,0,0,0,0,0,0,0,0,0,0
1629028,Deandre Ayton,PHX,202105250PHO,"May 25, 2021",LAL,22,13,0,13,84.62,84.62,0.0,13,22,0,0,0,0,0,0,0,0,0,0,0,0,0,0,0,0,0,0,0,0,0,0
1628398,Kyle Kuzma,LAL,202105250PHO,"May 25, 2021",PHX,2,4,0,4,20.0,25.0,-5.0,2,2,2,0,0,0,0,0,0,0,0,0,0,0,0,0,0,0,0,0,0,0,0,0
gasolma01,M. Gasol,LAL,202105250PHO,"May 25, 2021",PHX,6,4,0,4,50.0,75.0,-25.0,0,0,4,6,0,0,0,0,0,0,0,0,0,0,0,0,0,0,0,0,0,0,0,0
202693,Markieff Morris,LAL,202105250PHO,"May 25, 2021",PHX,0,1,0,1,0.0,0.0,0.0,1,0,0,0,0,0,0,0,0,0,0,0,0,0,0,0,0,0,0,0,0,0,0,0
johnsca02,C. Johnson,PHX,202105250PHO,"May 25, 2021",LAL,6,4,0,4,50.0,75.0,-25.0,0,0,4,6,0,0,0,0,0,0,0,0,0,0,0,0,0,0,0,0,0,0,0,0
1626166,Cameron Payne,PHX,202105250PHO,"May 25, 2021",LAL,19,15,4,17,46.34,56.68,-10.34,8,6,7,9,1,2,0,0,0,0,0,0,0,0,0,0,0,0,0,0,0,0,1,2
1627936,Alex Caruso,LAL,202105250PHO,"May 25, 2021",PHX,4,5,0,5,33.33,40.0,-6.67,3,4,2,0,0,0,0,0,0,0,0,0,0,0,0,0,0,0,0,0,0,0,0,0
1629659,Talen Horton-Tucker,LAL,202105250PHO,"May 25, 2021",PHX,1,2,2,3,12.5,17.36,-4.86,0,0,2,0,0,0,0,0,0,0,0,0,0,0,0,0,0,0,0,0,0,0,1,1
202083,Wesley Matthews,LAL,202105250PHO,"May 25, 2021",PHX,0,2,0,2,0.0,0.0,0.0,0,0,2,0,0,0,0,0,0,0,0,0,0,0,0,0,0,0,0,0,0,0,0,0
1628470,Torrey Craig,PHX,202105250PHO,"May 25, 2021",LAL,2,2,0,2,40.0,50.0,-10.0,1,2,1,0,0,0,0,0,0,0,0,0,0,0,0,0,0,0,0,0,0,0,0,0
203501,Tim Hardaway Jr.,DAL,202105250LAC,"May 25, 2021",LAC,28,14,8,18,63.64,79.91,-16.27,6,6,8,18,3,2,0,0,0,0,0,0,0,0,0,0,0,0,0,0,0,0,1,2
202694,Marcus Morris Sr.,LAC,202105250LAC,"May 25, 2021",DAL,9,9,2,10,36.0,45.55,-9.55,4,2,5,6,1,1,0,0,0,0,0,0,0,0,0,0,0,0,0,0,0,0,0,0
1628467,Maxi Kleber,DAL,202105250LAC,"May 25, 2021",LAC,13,6,2,7,81.25,94.48,-13.23,4,6,2,6,0,0,0,0,0,0,0,0,0,0,0,0,0,0,0,0,0,0,1,1
201976,Patrick Beverley,LAC,202105250LAC,"May 25, 2021",DAL,3,4,0,4,27.27,37.5,-10.23,1,0,3,3,0,0,0,0,0,0,0,0,0,0,0,0,0,0,0,0,0,0,0,0
204001,Kristaps Porziņģis,DAL,202105250LAC,"May 25, 2021",LAC,20,12,2,13,66.67,77.64,-10.97,8,10,4,9,1,1,0,0,0,0,0,0,0,0,0,0,0,0,0,0,0,0,0,0
202331,Paul George,LAC,202105250LAC,"May 25, 2021",DAL,28,22,3,23,51.85,60.03,-8.18,14,20,7,3,1,2,0,0,1,3,0,0,0,0,0,0,0,0,0,0,0,0,0,0
1629029,Luka Dončić,DAL,202105250LAC,"May 25, 2021",LAC,39,29,7,32,50.0,60.79,-10.79,15,20,13,15,3,1,0,0,1,3,0,0,0,0,0,0,0,0,0,0,0,0,0,0
1627826,Ivica Zubac,LAC,202105250LAC,"May 25, 2021",DAL,2,2,0,2,50.0,50.0,0.0,2,2,0,0,0,0,0,0,0,0,0,0,0,0,0,0,0,0,0,0,0,0,0,0
202695,Kawhi Leonard,LAC,202105250LAC,"May 25, 2021",DAL,41,21,10,25,69.49,80.71,-11.22,12,16,7,12,4,7,0,0,2,6,0,0,0,0,0,0,0,0,0,0,0,0,0,0
1627827,Dorian Finney-Smith,LAC,202105250LAC,"May 25, 2021",DAL,3,6,0,6,18.75,25.0,-6.25,2,0,4,3,0,0,0,0,0,0,0,0,0,0,0,0,0,0,0,0,0,0,0,0
1628973,Jalen Brunson,DAL,202105250LAC,"May 25, 2021",LAC,9,7,1,7,60.0,60.48,-0.48,6,6,0,0,0,0,0,0,1,3,0,0,0,0,0,0,0,0,0,0,0,0,0,0
202704,Reggie Jackson,LAC,202105250LAC,"May 25, 2021",DAL,15,12,2,13,44.12,58.23,-14.11,4,4,8,9,1,2,0,0,0,0,0,0,0,0,0,0,0,0,0,0,0,0,0,0
1626196,Josh Richardson,DAL,202105250LAC,"May 25, 2021",LAC,9,4,4,6,64.29,78.12,-13.83,2,2,2,3,0,0,0,0,0,0,0,0,0,0,0,0,0,0,0,0,0,0,2,4
201587,Nicolas Batum,LAC,202105250LAC,"May 25, 2021",DAL,9,5,1,5,64.29,82.72,-18.43,1,0,3,6,0,0,0,0,1,3,0,0,0,0,0,0,0,0,0,0,0,0,0,0
1626161,Willie Cauley-Stein,DAL,202105250LAC,"May 25, 2021",LAC,6,3,0,3,100.0,100.0,0.0,3,6,0,0,0,0,0,0,0,0,0,0,0,0,0,0,0,0,0,0,0,0,0,0
mellini01,N. Melli,DAL,202105250LAC,"May 25, 2021",LAC,0,1,0,1,0.0,0.0,0.0,0,0,1,0,0,0,0,0,0,0,0,0,0,0,0,0,0,0,0,0,0,0,0,0
200765,Rajon Rondo,LAC,202105250LAC,"May 25, 2021",DAL,4,3,0,3,66.67,66.67,0.0,3,4,0,0,0,0,0,0,0,0,0,0,0,0,0,0,0,0,0,0,0,0,0,0
201586,Serge Ibaka,LAC,202105250LAC,"May 25, 2021",DAL,2,1,0,1,100.0,100.0,0.0,1,2,0,0,0,0,0,0,0,0,0,0,0,0,0,0,0,0,0,0,0,0,0,0
1629611,Terance Mann,LAC,202105250LAC,"May 25, 2021",DAL,8,5,2,6,66.67,68.03,-1.36,5,6,0,0,0,0,0,0,0,0,0,0,0,0,0,0,0,0,0,0,0,0,1,2
1627732,Ben Simmons,PHI,202105260PHI,"May 26, 2021",WAS,22,15,0,15,73.33,73.33,0.0,15,22,0,0,0,0,0,0,0,0,0,0,0,0,0,0,0,0,0,0,0,0,0,0
1629060,Rui Hachimura,WAS,202105260PHI,"May 26, 2021",PHI,11,6,3,7,68.75,75.14,-6.39,4,4,1,3,1,2,0,0,1,2,0,0,0,0,0,0,0,0,0,0,0,0,0,0
202699,Tobias Harris,PHI,202105260PHI,"May 26, 2021",WAS,19,13,0,13,65.52,73.08,-7.56,10,16,3,3,0,0,0,0,0,0,0,0,0,0,0,0,0,0,0,0,0,0,0,0
203552,Seth Curry,PHI,202105260PHI,"May 26, 2021",WAS,9,7,0,7,50.0,64.29,-14.29,3,6,4,3,0,0,0,0,0,0,0,0,0,0,0,0,0,0,0,0,0,0,0,0
201566,Russell Westbrook,WAS,202105260PHI,"May 26, 2021",PHI,10,10,10,15,30.3,34.72,-4.42,7,4,3,0,4,5,0,0,0,0,0,0,0,0,0,0,0,0,0,0,0,0,1,1
203458,Alex Len,WAS,202105260PHI,"May 26, 2021",PHI,6,5,0,5,60.0,60.0,0.0,5,6,0,0,0,0,0,0,0,0,0,0,0,0,0,0,0,0,0,0,0,0,0,0
203954,Joel Embiid,PHI,202105260PHI,"May 26, 2021",WAS,22,12,3,13,70.97,82.58,-11.61,7,8,4,9,1,2,0,0,1,3,0,0,0,0,0,0,0,0,0,0,0,0,0,0
203526,Raul Neto,WAS,202105260PHI,"May 26, 2021",PHI,4,5,0,5,33.33,40.0,-6.67,3,4,2,0,0,0,0,0,0,0,0,0,0,0,0,0,0,0,0,0,0,0,0,0
203078,Bradley Beal,WAS,202105260PHI,"May 26, 2021",PHI,33,28,6,32,48.53,53.85,-5.32,22,26,6,3,2,3,0,0,0,0,0,0,2,1,0,0,0,0,0,0,0,0,0,0
201980,Danny Green,PHI,202105260PHI,"May 26, 2021",WAS,5,3,0,3,62.5,83.33,-20.83,1,2,2,3,0,0,0,0,0,0,0,0,0,0,0,0,0,0,0,0,0,0,0,0
202722,Davis Bertans,WAS,202105260PHI,"May 26, 2021",PHI,0,4,0,4,0.0,0.0,0.0,0,0,4,0,0,0,0,0,0,0,0,0,0,0,0,0,0,0,0,0,0,0,0,0
202397,Ish Smith,WAS,202105260PHI,"May 26, 2021",PHI,10,14,0,14,33.33,35.71,-2.38,12,10,2,0,0,0,0,0,0,0,0,0,0,0,0,0,0,0,0,0,0,0,0,0
1629655,Daniel Gafford,WAS,202105260PHI,"May 26, 2021",PHI,11,4,9,8,64.71,69.1,-4.39,3,4,0,0,4,5,0,0,1,2,0,0,0,0,0,0,0,0,0,0,0,0,0,0
1629680,Matisse Thybulle,PHI,202105260PHI,"May 26, 2021",WAS,5,5,0,5,38.46,50.0,-11.54,2,2,3,3,0,0,0,0,0,0,0,0,0,0,0,0,0,0,0,0,0,0,0,0
1628990,Chandler Hutchison,WAS,202105260PHI,"May 26, 2021",PHI,4,4,2,5,40.0,40.98,-0.98,4,2,0,0,1,2,0,0,0,0,0,0,0,0,0,0,0,0,0,0,0,0,0,0
201588,George Hill,PHI,202105260PHI,"May 26, 2021",WAS,7,5,2,6,53.85,59.52,-5.67,4,2,1,3,0,0,0,0,0,0,0,0,0,0,0,0,0,0,0,0,0,0,1,2
2730,Dwight Howard,PHI,202105260PHI,"May 26, 2021",WAS,4,4,6,7,28.57,30.12,-1.55,4,2,0,0,3,2,0,0,0,0,0,0,0,0,0,0,0,0,0,0,0,0,0,0
1629003,Shake Milton,PHI,202105260PHI,"May 26, 2021",WAS,0,6,0,6,0.0,0.0,0.0,5,0,1,0,0,0,0,0,0,0,0,0,0,0,0,0,0,0,0,0,0,0,0,0
1627788,Furkan Korkmaz,PHI,202105260PHI,"May 26, 2021",WAS,13,6,5,8,72.22,79.27,-7.05,5,6,1,3,1,1,1,3,0,0,0,0,0,0,0,0,0,0,0,0,0,0,0,0
201577,Robin Lopez,WAS,202105260PHI,"May 26, 2021",PHI,4,3,0,3,66.67,66.67,0.0,3,4,0,0,0,0,0,0,0,0,0,0,0,0,0,0,0,0,0,0,0,0,0,0
1630178,Tyrese Maxey,PHI,202105260PHI,"May 26, 2021",WAS,10,7,3,8,58.82,60.1,-1.28,6,6,0,0,1,1,0,0,1,3,0,0,0,0,0,0,0,0,0,0,0,0,0,0
1630264,Anthony Gill,WAS,202105260PHI,"May 26, 2021",PHI,0,1,0,1,0.0,0.0,0.0,1,0,0,0,0,0,0,0,0,0,0,0,0,0,0,0,0,0,0,0,0,0,0,0
1629726,Garrison Mathews,WAS,202105260PHI,"May 26, 2021",PHI,0,2,0,2,0.0,0.0,0.0,0,0,2,0,0,0,0,0,0,0,0,0,0,0,0,0,0,0,0,0,0,0,0,0
1630216,Cassius Winston,WAS,202105260PHI,"May 26, 2021",PHI,2,3,0,3,28.57,33.33,-4.76,2,2,1,0,0,0,0,0,0,0,0,0,0,0,0,0,0,0,0,0,0,0,0,0
scottmi01,M. Scott,PHI,202105260PHI,"May 26, 2021",WAS,0,1,0,1,0.0,0.0,0.0,1,0,0,0,0,0,0,0,0,0,0,0,0,0,0,0,0,0,0,0,0,0,0,0
1630194,Paul Reed,PHI,202105260PHI,"May 26, 2021",WAS,4,2,0,2,100.0,100.0,0.0,2,4,0,0,0,0,0,0,0,0,0,0,0,0,0,0,0,0,0,0,0,0,0,0
1629067,Isaac Bonga,WAS,202105260PHI,"May 26, 2021",PHI,0,3,0,3,0.0,0.0,0.0,2,0,1,0,0,0,0,0,0,0,0,0,0,0,0,0,0,0,0,0,0,0,0,0
1630198,Isaiah Joe,PHI,202105260PHI,"May 26, 2021",WAS,0,2,0,2,0.0,0.0,0.0,0,0,2,0,0,0,0,0,0,0,0,0,0,0,0,0,0,0,0,0,0,0,0,0
1628381,John Collins,ATL,202105260NYK,"May 26, 2021",NYK,0,2,0,2,0.0,0.0,0.0,0,0,2,0,0,0,0,0,0,0,0,0,0,0,0,0,0,0,0,0,0,0,0,0
203944,Julius Randle,NYK,202105260NYK,"May 26, 2021",ATL,15,16,4,18,34.88,42.23,-7.35,9,6,7,6,2,3,0,0,0,0,0,0,0,0,0,0,0,0,0,0,0,0,0,0
203457,Nerlens Noel,NYK,202105260NYK,"May 26, 2021",ATL,2,3,0,3,33.33,33.33,0.0,3,2,0,0,0,0,0,0,0,0,0,0,0,0,0,0,0,0,0,0,0,0,0,0
203991,Clint Capela,ATL,202105260NYK,"May 26, 2021",NYK,4,5,0,5,40.0,40.0,0.0,5,4,0,0,0,0,0,0,0,0,0,0,0,0,0,0,0,0,0,0,0,0,0,0
1629027,Trae Young,ATL,202105260NYK,"May 26, 2021",NYK,30,20,4,22,58.82,68.93,-10.11,13,14,7,12,2,4,0,0,0,0,0,0,0,0,0,0,0,0,0,0,0,0,0,0
1629628,RJ Barrett,NYK,202105260NYK,"May 26, 2021",ATL,13,14,1,14,38.24,45.01,-6.77,8,4,5,6,0,0,0,0,1,3,0,0,0,0,0,0,0,0,0,0,0,0,0,0
203992,Bogdan Bogdanović,ATL,202105260NYK,"May 26, 2021",NYK,18,21,0,21,32.73,42.86,-10.13,8,12,13,6,0,0,0,0,0,0,0,0,0,0,0,0,0,0,0,0,0,0,0,0
203493,Reggie Bullock Jr.,NYK,202105260NYK,"May 26, 2021",ATL,15,8,2,9,60.0,84.46,-24.46,1,2,7,12,1,1,0,0,0,0,0,0,0,0,0,0,0,0,0,0,0,0,0,0
201568,Danilo Gallinari,ATL,202105260NYK,"May 26, 2021",NYK,6,10,0,10,20.69,30.0,-9.31,1,0,9,6,0,0,0,0,0,0,0,0,0,0,0,0,0,0,0,0,0,0,0,0
203901,Elfrid Payton,NYK,202105260NYK,"May 26, 2021",ATL,1,2,2,3,16.67,17.36,-0.69,2,0,0,0,1,1,0,0,0,0,0,0,0,0,0,0,0,0,0,0,0,0,0,0
1629631,De'Andre Hunter,ATL,202105260NYK,"May 26, 2021",NYK,18,10,11,15,46.15,60.65,-14.5,2,0,8,9,2,4,1,2,0,0,0,0,0,0,1,2,0,0,0,0,0,0,1,1
201565,Derrick Rose,NYK,202105260NYK,"May 26, 2021",ATL,26,21,6,24,50.98,54.99,-4.01,18,14,3,6,2,4,0,0,0,0,0,0,0,0,0,0,0,0,0,0,0,0,1,2
201959,Taj Gibson,NYK,202105260NYK,"May 26, 2021",ATL,6,4,0,4,75.0,75.0,0.0,4,6,0,0,0,0,0,0,0,0,0,0,0,0,0,0,0,0,0,0,0,0,0,0
1628989,Kevin Huerter,ATL,202105260NYK,"May 26, 2021",NYK,10,8,2,9,47.62,56.31,-8.69,5,6,3,3,1,1,0,0,0,0,0,0,0,0,0,0,0,0,0,0,0,0,0,0
1630168,Onyeka Okongwu,ATL,202105260NYK,"May 26, 2021",NYK,1,0,2,1,50.0,56.82,-6.82,0,0,0,0,0,0,0,0,0,0,0,0,0,0,0,0,0,0,0,0,0,0,1,1
203503,Tony Snell,ATL,202105260NYK,"May 26, 2021",NYK,0,2,0,2,0.0,0.0,0.0,1,0,1,0,0,0,0,0,0,0,0,0,0,0,0,0,0,0,0,0,0,0,0,0
101150,Lou Williams,ATL,202105260NYK,"May 26, 2021",NYK,5,6,3,7,31.25,34.15,-2.9,4,0,1,0,1,2,0,0,1,3,0,0,0,0,0,0,0,0,0,0,0,0,0,0
202692,Alec Burks,NYK,202105260NYK,"May 26, 2021",ATL,11,13,4,15,31.43,37.26,-5.83,8,6,5,3,0,0,0,0,0,0,0,0,0,0,0,0,0,0,0,0,0,0,2,2
1630193,Immanuel Quickley,NYK,202105260NYK,"May 26, 2021",ATL,4,9,0,9,18.18,22.22,-4.04,5,4,4,0,0,0,0,0,0,0,0,0,0,0,0,0,0,0,0,0,0,0,0,0
1630167,Obi Toppin,ATL,202105260NYK,"May 26, 2021",NYK,8,4,4,6,57.14,69.44,-12.3,2,2,2,3,2,3,0,0,0,0,0,0,0,0,0,0,0,0,0,0,0,0,0,0
203497,Rudy Gobert,UTA,202105260UTA,"May 26, 2021",MEM,21,11,8,15,70.0,72.31,-2.31,11,18,0,0,3,3,0,0,0,0,0,0,0,0,0,0,0,0,0,0,0,0,1,0
1628367,Josh Jackson,UTA,202105260UTA,"May 26, 2021",MEM,16,6,11,11,64.0,73.8,-9.8,4,4,2,3,4,7,1,2,0,0,0,0,0,0,0,0,0,0,0,0,0,0,0,0
201144,Mike Conley,UTA,202105260UTA,"May 26, 2021",MEM,20,16,1,16,52.63,60.83,-8.2,10,8,5,9,0,0,0,0,1,3,0,0,0,0,0,0,0,0,0,0,0,0,0,0
202685,Jonas Valančiūnas,MEM,202105260UTA,"May 26, 2021",UTA,18,12,4,14,62.07,65.41,-3.34,11,14,1,0,2,4,0,0,0,0,0,0,0,0,0,0,0,0,0,0,0,0,0,0
1626220,Royce O'Neale,UTA,202105260UTA,"May 26, 2021",MEM,14,7,0,7,70.0,100.0,-30.0,1,2,6,12,0,0,0,0,0,0,0,0,0,0,0,0,0,0,0,0,0,0,0,0
202711,Bojan Bogdanovic,UTA,202105260UTA,"May 26, 2021",MEM,18,13,4,15,51.43,60.98,-9.55,8,12,5,3,0,0,0,0,0,0,0,0,0,0,0,0,0,0,0,0,0,0,2,3
1628415,Dillon Brooks,MEM,202105260UTA,"May 26, 2021",UTA,23,14,1,14,74.19,79.64,-5.45,11,14,2,6,0,0,0,0,1,3,0,0,0,0,0,0,0,0,0,0,0,0,0,0
1628378,Donovan Mitchell,UTA,202105260UTA,"May 26, 2021",MEM,25,19,4,20,48.08,60.21,-12.13,8,4,9,12,1,2,0,0,1,3,1,4,0,0,0,0,0,0,0,0,0,0,0,0
203937,Kyle Anderson,MEM,202105260UTA,"May 26, 2021",UTA,11,7,0,7,68.75,78.57,-9.82,5,8,2,3,0,0,0,0,0,0,0,0,0,0,0,0,0,0,0,0,0,0,0,0
1629630,Ja Morant,MEM,202105260UTA,"May 26, 2021",UTA,47,26,20,35,59.49,67.53,-8.04,18,24,7,6,3,4,1,3,1,2,0,0,0,0,1,1,0,0,0,0,0,0,4,7
1630217,Desmond Bane,MEM,202105260UTA,"May 26, 2021",UTA,5,4,0,4,55.56,62.5,-6.94,3,2,1,3,0,0,0,0,0,0,0,0,0,0,0,0,0,0,0,0,0,0,0,0
204060,Joe Ingles,UTA,202105260UTA,"May 26, 2021",MEM,14,4,3,5,100.0,131.58,-31.58,1,2,3,9,0,0,1,3,0,0,0,0,0,0,0,0,0,0,0,0,0,0,0,0
202324,Derrick Favors,UTA,202105260UTA,"May 26, 2021",MEM,5,3,2,4,62.5,64.43,-1.93,3,4,0,0,1,1,0,0,0,0,0,0,0,0,0,0,0,0,0,0,0,0,0,0
1628960,Grayson Allen,MEM,202105260UTA,"May 26, 2021",UTA,0,6,0,6,0.0,0.0,0.0,4,0,2,0,0,0,0,0,0,0,0,0,0,0,0,0,0,0,0,0,0,0,0,0
203903,Jordan Clarkson,UTA,202105260UTA,"May 26, 2021",MEM,16,11,7,14,45.71,56.82,-11.11,5,6,6,3,0,0,2,6,0,0,0,0,1,1,0,0,0,0,0,0,0,0,0,0
1629001,De'Anthony Melton,MEM,202105260UTA,"May 26, 2021",UTA,7,8,2,9,30.43,39.41,-8.98,3,4,5,3,0,0,0,0,0,0,0,0,0,0,0,0,0,0,0,0,0,0,1,0
1627777,Georges Niang,UTA,202105260UTA,"May 26, 2021",MEM,8,6,2,7,44.44,58.14,-13.7,2,0,4,6,0,0,0,0,0,0,0,0,0,0,0,0,0,0,0,0,0,0,1,2
1630214,Xavier Tillman,MEM,202105260UTA,"May 26, 2021",UTA,0,1,0,1,0.0,0.0,0.0,0,0,1,0,0,0,0,0,0,0,0,0,0,0,0,0,0,0,0,0,0,0,0,0
1626145,Tyus Jones,MEM,202105260UTA,"May 26, 2021",UTA,2,1,0,1,100.0,100.0,0.0,1,2,0,0,0,0,0,0,0,0,0,0,0,0,0,0,0,0,0,0,0,0,0,0
203507,Giannis Antetokounmpo,MIL,202105270MIA,"May 27, 2021",MIA,17,12,7,15,51.52,56.37,-4.85,9,10,2,0,3,4,0,0,1,3,0,0,0,0,0,0,0,0,0,0,0,0,0,0
2772,Trevor Ariza,MIA,202105270MIA,"May 27, 2021",MIL,0,4,0,4,0.0,0.0,0.0,2,0,2,0,0,0,0,0,0,0,0,0,0,0,0,0,0,0,0,0,0,0,0,0
1628389,Bam Adebayo,MIA,202105270MIA,"May 27, 2021",MIL,17,14,3,15,54.84,55.48,-0.64,13,12,0,0,1,2,0,0,1,3,0,0,0,0,0,0,0,0,0,0,0,0,0,0
1628978,Donte DiVincenzo,MIL,202105270MIA,"May 27, 2021",MIA,0,4,0,4,0.0,0.0,0.0,2,0,2,0,0,0,0,0,0,0,0,0,0,0,0,0,0,0,0,0,0,0,0,0
201572,Brook Lopez,MIL,202105270MIA,"May 27, 2021",MIA,13,11,1,12,54.17,56.82,-2.65,10,12,1,0,0,0,0,0,0,0,0,0,0,0,0,0,0,0,0,0,0,0,1,1
1629130,Duncan Robinson,MIA,202105270MIA,"May 27, 2021",MIL,2,6,0,6,12.5,16.67,-4.17,2,2,4,0,0,0,0,0,0,0,0,0,0,0,0,0,0,0,0,0,0,0,0,0
203114,Khris Middleton,MIL,202105270MIA,"May 27, 2021",MIA,22,16,3,17,50.0,63.51,-13.51,7,10,8,6,1,2,0,0,0,0,1,4,0,0,0,0,0,0,0,0,0,0,0,0
201950,Jrue Holiday,MIL,202105270MIA,"May 27, 2021",MIA,19,10,4,12,67.86,80.78,-12.92,6,10,4,6,2,3,0,0,0,0,0,0,0,0,0,0,0,0,0,0,0,0,0,0
201609,Goran Dragic,MIA,202105270MIA,"May 27, 2021",MIL,8,14,0,14,23.53,28.57,-5.04,8,2,6,6,0,0,0,0,0,0,0,0,0,0,0,0,0,0,0,0,0,0,0,0
202710,Jimmy Butler III,MIA,202105270MIA,"May 27, 2021",MIL,19,17,4,20,45.24,50.64,-5.4,13,10,4,6,2,3,0,0,0,0,0,0,1,0,0,0,0,0,0,0,0,0,0,0
1627854,Bryn Forbes,MIL,202105270MIA,"May 27, 2021",MIA,11,8,1,8,45.83,65.17,-19.34,0,0,7,9,0,0,0,0,1,2,0,0,0,0,0,0,0,0,0,0,0,0,0,0
203473,Dewayne Dedmon,MIA,202105270MIA,"May 27, 2021",MIL,4,4,2,5,36.36,40.98,-4.62,3,2,1,0,1,2,0,0,0,0,0,0,0,0,0,0,0,0,0,0,0,0,0,0
1629639,Tyler Herro,MIA,202105270MIA,"May 27, 2021",MIL,9,10,0,10,36.0,45.0,-9.0,5,6,5,3,0,0,0,0,0,0,0,0,0,0,0,0,0,0,0,0,0,0,0,0
1626171,Bobby Portis,MIL,202105270MIA,"May 27, 2021",MIA,11,7,0,7,68.75,78.57,-9.82,5,8,2,3,0,0,0,0,0,0,0,0,0,0,0,0,0,0,0,0,0,0,0,0
200782,P.J. Tucker,MIL,202105270MIA,"May 27, 2021",MIA,5,4,0,4,50.0,62.5,-12.5,2,2,2,3,0,0,0,0,0,0,0,0,0,0,0,0,0,0,0,0,0,0,0,0
2738,Andre Iguodala,MIA,202105270MIA,"May 27, 2021",MIL,3,3,0,3,33.33,50.0,-16.67,0,0,3,3,0,0,0,0,0,0,0,0,0,0,0,0,0,0,0,0,0,0,0,0
1629134,Kendrick Nunn,MIA,202105270MIA,"May 27, 2021",MIL,4,4,0,4,44.44,50.0,-5.56,3,4,1,0,0,0,0,0,0,0,0,0,0,0,0,0,0,0,0,0,0,0,0,0
1626192,Pat Connaughton,MIL,202105270MIA,"May 27, 2021",MIA,9,6,0,6,52.94,75.0,-22.06,1,0,5,9,0,0,0,0,0,0,0,0,0,0,0,0,0,0,0,0,0,0,0,0
202357,Nemanja Bjelica,MIA,202105270MIA,"May 27, 2021",MIL,14,6,4,8,66.67,90.21,-23.54,1,2,5,9,2,3,0,0,0,0,0,0,0,0,0,0,0,0,0,0,0,0,0,0
teaguje01,J. Teague,MIL,202105270MIA,"May 27, 2021",MIA,0,2,0,2,0.0,0.0,0.0,1,0,1,0,0,0,0,0,0,0,0,0,0,0,0,0,0,0,0,0,0,0,0,0
1629216,Gabe Vincent,MIA,202105270MIA,"May 27, 2021",MIL,2,2,0,2,40.0,50.0,-10.0,1,2,1,0,0,0,0,0,0,0,0,0,0,0,0,0,0,0,0,0,0,0,0,0
1629670,Jordan Nwora,MIL,202105270MIA,"May 27, 2021",MIA,0,4,0,4,0.0,0.0,0.0,4,0,0,0,0,0,0,0,0,0,0,0,0,0,0,0,0,0,0,0,0,0,0,0
bryanel01,E. Bryant,MIL,202105270MIA,"May 27, 2021",MIA,4,3,0,3,57.14,66.67,-9.53,2,4,1,0,0,0,0,0,0,0,0,0,0,0,0,0,0,0,0,0,0,0,0,0
1629603,Mamadi Diakite,MIL,202105270MIA,"May 27, 2021",MIA,2,2,2,3,33.33,34.72,-1.39,2,0,0,0,1,2,0,0,0,0,0,0,0,0,0,0,0,0,0,0,0,0,0,0
1630173,Precious Achiuwa,MIA,202105270MIA,"May 27, 2021",MIL,2,1,0,1,100.0,100.0,0.0,1,2,0,0,0,0,0,0,0,0,0,0,0,0,0,0,0,0,0,0,0,0,0,0
203076,Anthony Davis,PHX,202105270LAL,"May 27, 2021",LAL,34,22,14,29,56.67,60.37,-3.7,19,20,2,0,4,6,0,0,1,3,0,0,1,1,0,0,0,0,0,0,0,0,2,4
203109,Jae Crowder,PHX,202105270LAL,"May 27, 2021",LAL,9,9,5,11,30.0,40.18,-10.18,2,2,7,3,1,1,1,3,0,0,0,0,0,0,0,0,0,0,0,0,0,0,0,0
2544,LeBron James,LAL,202105270LAL,"May 27, 2021",PHX,21,19,3,20,45.65,51.67,-6.02,13,14,5,3,1,2,0,0,1,2,0,0,0,0,0,0,0,0,0,0,0,0,0,0
1626164,Devin Booker,PHX,202105270LAL,"May 27, 2021",LAL,19,19,7,23,38.78,43.03,-4.25,15,10,4,3,2,4,0,0,0,0,0,0,1,0,0,0,0,0,0,0,0,0,1,2
203484,Kentavious Caldwell-Pope,LAL,202105270LAL,"May 27, 2021",PHX,5,4,1,5,45.45,56.31,-10.86,2,4,2,0,0,0,0,0,0,0,0,0,1,1,0,0,0,0,0,0,0,0,0,0
1629028,Deandre Ayton,PHX,202105270LAL,"May 27, 2021",LAL,22,15,1,15,70.97,71.24,-0.27,14,20,0,0,0,0,0,0,1,2,0,0,0,0,0,0,0,0,0,0,0,0,0,0
203471,Dennis Schröder,LAL,202105270LAL,"May 27, 2021",PHX,20,11,8,15,58.82,68.87,-10.05,6,8,4,3,2,3,0,0,1,3,0,0,1,1,1,2,0,0,0,0,0,0,0,0
203083,Andre Drummond,LAL,202105270LAL,"May 27, 2021",PHX,6,6,0,6,50.0,50.0,0.0,6,6,0,0,0,0,0,0,0,0,0,0,0,0,0,0,0,0,0,0,0,0,0,0
101108,Chris Paul,PHX,202105270LAL,"May 27, 2021",LAL,7,8,2,9,38.89,39.41,-0.52,8,6,0,0,0,0,0,0,0,0,0,0,0,0,0,0,0,0,0,0,0,0,1,1
1628969,Mikal Bridges,PHX,202105270LAL,"May 27, 2021",LAL,6,5,0,5,42.86,60.0,-17.14,1,0,4,6,0,0,0,0,0,0,0,0,0,0,0,0,0,0,0,0,0,0,0,0
1626166,Cameron Payne,PHX,202105270LAL,"May 27, 2021",LAL,15,11,0,11,55.56,68.18,-12.62,6,6,5,9,0,0,0,0,0,0,0,0,0,0,0,0,0,0,0,0,0,0,0,0
gasolma01,M. Gasol,LAL,202105270LAL,"May 27, 2021",PHX,3,1,0,1,100.0,150.0,-50.0,0,0,1,3,0,0,0,0,0,0,0,0,0,0,0,0,0,0,0,0,0,0,0,0
1628398,Kyle Kuzma,LAL,202105270LAL,"May 27, 2021",PHX,8,12,2,13,23.53,31.06,-7.53,4,0,8,6,0,0,0,0,0,0,0,0,0,0,0,0,0,0,0,0,0,0,1,2
johnsca02,C. Johnson,PHX,202105270LAL,"May 27, 2021",LAL,6,6,3,7,31.58,40.98,-9.4,2,0,4,3,0,0,1,3,0,0,0,0,0,0,0,0,0,0,0,0,0,0,0,0
1627936,Alex Caruso,LAL,202105270LAL,"May 27, 2021",PHX,4,5,0,5,36.36,40.0,-3.64,4,4,1,0,0,0,0,0,0,0,0,0,0,0,0,0,0,0,0,0,0,0,0,0
1628470,Torrey Craig,PHX,202105270LAL,"May 27, 2021",LAL,11,7,0,7,57.89,78.57,-20.68,2,2,5,9,0,0,0,0,0,0,0,0,0,0,0,0,0,0,0,0,0,0,0,0
202083,Wesley Matthews,LAL,202105270LAL,"May 27, 2021",PHX,8,5,2,6,50.0,68.03,-18.03,1,0,4,6,1,2,0,0,0,0,0,0,0,0,0,0,0,0,0,0,0,0,0,0
1626163,Frank Kaminsky,PHX,202105270LAL,"May 27, 2021",LAL,0,2,0,2,0.0,0.0,0.0,2,0,0,0,0,0,0,0,0,0,0,0,0,0,0,0,0,0,0,0,0,0,0,0
203463,Ben McLemore,LAL,202105270LAL,"May 27, 2021",PHX,0,1,0,1,0.0,0.0,0.0,0,0,1,0,0,0,0,0,0,0,0,0,0,0,0,0,0,0,0,0,0,0,0,0
1629008,Michael Porter Jr.,DEN,202105270POR,"May 27, 2021",POR,15,11,3,12,50.0,60.88,-10.88,6,4,4,6,0,0,0,0,0,0,1,4,0,0,0,0,0,0,0,0,0,0,1,1
203468,CJ McCollum,POR,202105270POR,"May 27, 2021",DEN,22,20,4,22,40.74,50.55,-9.81,10,10,10,9,2,3,0,0,0,0,0,0,0,0,0,0,0,0,0,0,0,0,0,0
203932,Aaron Gordon,DEN,202105270POR,"May 27, 2021",POR,13,9,5,11,54.17,58.04,-3.87,7,4,1,3,2,4,0,0,1,2,0,0,0,0,0,0,0,0,0,0,0,0,0,0
203994,Jusuf Nurkić,POR,202105270POR,"May 27, 2021",DEN,13,10,3,11,54.17,57.42,-3.25,8,8,1,0,1,2,0,0,1,3,0,0,0,0,0,0,0,0,0,0,0,0,0,0
203081,Damian Lillard,POR,202105270POR,"May 27, 2021",DEN,37,31,2,32,46.25,58.03,-11.78,15,20,16,15,0,0,0,0,0,0,0,0,0,0,0,0,0,0,0,0,0,0,1,2
1630267,Facundo Campazzo,DEN,202105270POR,"May 27, 2021",POR,11,9,4,11,39.29,51.12,-11.83,3,2,6,6,0,0,0,0,0,0,0,0,0,0,0,0,0,0,0,0,0,0,2,3
1626181,Norman Powell,POR,202105270POR,"May 27, 2021",DEN,18,14,0,14,52.94,64.29,-11.35,8,12,6,6,0,0,0,0,0,0,0,0,0,0,0,0,0,0,0,0,0,0,0,0
203085,Austin Rivers,DEN,202105270POR,"May 27, 2021",POR,21,14,2,15,52.5,70.56,-18.06,4,4,10,15,0,0,0,0,0,0,0,0,0,0,0,0,0,0,0,0,0,0,1,2
203496,Robert Covington,POR,202105270POR,"May 27, 2021",DEN,6,9,0,9,30.0,33.33,-3.33,7,6,2,0,0,0,0,0,0,0,0,0,0,0,0,0,0,0,0,0,0,0,0,0
203999,Nikola Jokić,DEN,202105270POR,"May 27, 2021",POR,36,24,8,28,57.14,65.41,-8.27,17,16,7,12,1,2,0,0,0,0,0,0,0,0,1,2,0,0,0,0,0,0,2,4
1628420,Monte Morris,DEN,202105270POR,"May 27, 2021",POR,8,6,5,9,42.11,48.78,-6.67,4,2,2,3,0,0,0,0,0,0,0,0,1,1,0,0,0,0,0,0,0,0,2,2
202683,Enes Freedom,POR,202105270POR,"May 27, 2021",DEN,0,1,0,1,0.0,0.0,0.0,1,0,0,0,0,0,0,0,0,0,0,0,0,0,0,0,0,0,0,0,0,0,0,0
2546,Carmelo Anthony,POR,202105270POR,"May 27, 2021",DEN,17,12,4,14,47.22,61.77,-14.55,4,2,8,12,1,2,0,0,0,0,0,0,0,0,0,0,0,0,0,0,0,0,1,1
1629014,Anfernee Simons,POR,202105270POR,"May 27, 2021",DEN,2,3,0,3,25.0,33.33,-8.33,1,2,2,0,0,0,0,0,0,0,0,0,0,0,0,0,0,0,0,0,0,0,0,0
203210,JaMychal Green,DEN,202105270POR,"May 27, 2021",POR,8,5,0,5,61.54,80.0,-18.46,2,2,3,6,0,0,0,0,0,0,0,0,0,0,0,0,0,0,0,0,0,0,0,0
1630210,Markus Howard,DEN,202105270POR,"May 27, 2021",POR,3,2,0,2,50.0,75.0,-25.0,0,0,2,3,0,0,0,0,0,0,0,0,0,0,0,0,0,0,0,0,0,0,0,0
200794,Paul Millsap,DEN,202105270POR,"May 27, 2021",POR,5,4,0,4,50.0,62.5,-12.5,2,2,2,3,0,0,0,0,0,0,0,0,0,0,0,0,0,0,0,0,0,0,0,0
1628381,John Collins,ATL,202105280ATL,"May 28, 2021",NYK,14,11,0,11,51.85,63.64,-11.79,6,8,5,6,0,0,0,0,0,0,0,0,0,0,0,0,0,0,0,0,0,0,0,0
1629628,RJ Barrett,NYK,202105280ATL,"May 28, 2021",ATL,7,9,2,10,28.0,35.43,-7.43,4,2,5,3,1,2,0,0,0,0,0,0,0,0,0,0,0,0,0,0,0,0,0,0
203944,Julius Randle,ATL,202105280ATL,"May 28, 2021",NYK,14,15,8,19,31.11,37.8,-6.69,8,0,7,6,3,6,0,0,0,0,0,0,0,0,0,0,0,0,0,0,0,0,1,2
1629027,Trae Young,ATL,202105280ATL,"May 28, 2021",NYK,21,19,4,21,43.75,50.58,-6.83,12,10,6,6,0,0,0,0,1,2,0,0,1,1,0,0,0,0,0,0,0,0,1,2
203493,Reggie Bullock Jr.,NYK,202105280ATL,"May 28, 2021",ATL,11,8,3,9,44.0,59.01,-15.01,2,2,6,6,0,0,1,3,0,0,0,0,0,0,0,0,0,0,0,0,0,0,0,0
203991,Clint Capela,ATL,202105280ATL,"May 28, 2021",NYK,13,8,2,9,72.22,73.2,-0.98,8,12,0,0,1,1,0,0,0,0,0,0,0,0,0,0,0,0,0,0,0,0,0,0
201565,Derrick Rose,NYK,202105280ATL,"May 28, 2021",ATL,30,21,1,21,62.5,69.96,-7.46,15,18,5,9,0,0,0,0,1,3,0,0,0,0,0,0,0,0,0,0,0,0,0,0
203992,Bogdan Bogdanović,ATL,202105280ATL,"May 28, 2021",NYK,15,12,0,12,53.57,62.5,-8.93,8,6,4,9,0,0,0,0,0,0,0,0,0,0,0,0,0,0,0,0,0,0,0,0
1629631,De'Andre Hunter,NYK,202105280ATL,"May 28, 2021",ATL,11,11,0,11,47.83,50.0,-2.17,10,8,1,3,0,0,0,0,0,0,0,0,0,0,0,0,0,0,0,0,0,0,0,0
201959,Taj Gibson,NYK,202105280ATL,"May 28, 2021",ATL,4,6,0,6,33.33,33.33,0.0,6,4,0,0,0,0,0,0,0,0,0,0,0,0,0,0,0,0,0,0,0,0,0,0
203457,Nerlens Noel,NYK,202105280ATL,"May 28, 2021",ATL,12,2,12,8,75.0,82.42,-7.42,2,2,0,0,3,4,0,0,0,0,0,0,0,0,1,2,0,0,0,0,0,0,2,4
201568,Danilo Gallinari,ATL,202105280ATL,"May 28, 2021",NYK,12,8,0,8,60.0,75.0,-15.0,4,0,4,12,0,0,0,0,0,0,0,0,0,0,0,0,0,0,0,0,0,0,0,0
1628989,Kevin Huerter,ATL,202105280ATL,"May 28, 2021",NYK,10,5,2,6,62.5,85.03,-22.53,1,0,4,9,0,0,0,0,0,0,0,0,0,0,0,0,0,0,0,0,0,0,1,1
202692,Alec Burks,NYK,202105280ATL,"May 28, 2021",ATL,8,8,3,9,33.33,42.92,-9.59,3,2,5,3,0,0,1,3,0,0,0,0,0,0,0,0,0,0,0,0,0,0,0,0
203524,Solomon Hill,ATL,202105280ATL,"May 28, 2021",NYK,0,1,0,1,0.0,0.0,0.0,0,0,1,0,0,0,0,0,0,0,0,0,0,0,0,0,0,0,0,0,0,0,0,0
1630193,Immanuel Quickley,NYK,202105280ATL,"May 28, 2021",ATL,4,8,1,8,22.22,23.7,-1.48,6,2,1,0,0,0,0,0,1,2,0,0,0,0,0,0,0,0,0,0,0,0,0,0
1630167,Obi Toppin,ATL,202105280ATL,"May 28, 2021",NYK,4,4,0,4,44.44,50.0,-5.56,3,4,1,0,0,0,0,0,0,0,0,0,0,0,0,0,0,0,0,0,0,0,0,0
101150,Lou Williams,ATL,202105280ATL,"May 28, 2021",NYK,9,6,0,6,64.29,75.0,-10.71,4,6,2,3,0,0,0,0,0,0,0,0,0,0,0,0,0,0,0,0,0,0,0,0
202681,Kyrie Irving,BKN,202105280BOS,"May 28, 2021",BOS,16,17,2,18,38.1,44.74,-6.64,11,8,6,6,0,0,0,0,0,0,0,0,0,0,0,0,0,0,0,0,0,0,1,2
203935,Marcus Smart,BOS,202105280BOS,"May 28, 2021",BKN,23,11,2,11,71.88,96.8,-24.92,2,4,7,12,0,0,0,0,1,3,1,4,0,0,0,0,0,0,0,0,0,0,0,0
202689,Kemba Walker,BOS,202105280BOS,"May 28, 2021",BKN,6,14,0,14,17.14,21.43,-4.29,7,6,7,0,0,0,0,0,0,0,0,0,0,0,0,0,0,0,0,0,0,0,0,0
201935,James Harden,BKN,202105280BOS,"May 28, 2021",BOS,41,18,13,23,67.21,86.42,-19.21,5,6,11,18,4,8,1,2,1,3,1,4,0,0,0,0,0,0,0,0,0,0,0,0
202684,Tristan Thompson,BOS,202105280BOS,"May 28, 2021",BKN,19,13,4,15,63.33,64.36,-1.03,13,16,0,0,2,3,0,0,0,0,0,0,0,0,0,0,0,0,0,0,0,0,0,0
201142,Kevin Durant,BKN,202105280BOS,"May 28, 2021",BOS,39,24,12,30,56.52,66.6,-10.08,15,18,9,12,2,4,1,2,0,0,0,0,0,0,0,0,0,0,0,0,1,1,2,2
203925,Joe Harris,BKN,202105280BOS,"May 28, 2021",BOS,8,9,0,9,32.0,44.44,-12.44,2,2,7,6,0,0,0,0,0,0,0,0,0,0,0,0,0,0,0,0,0,0,0,0
1628369,Jayson Tatum,BOS,202105280BOS,"May 28, 2021",BKN,50,30,15,37,58.14,68.31,-10.17,18,20,11,15,5,10,1,1,1,3,0,0,1,1,0,0,0,0,0,0,0,0,0,0
201933,Blake Griffin,BKN,202105280BOS,"May 28, 2021",BOS,4,5,2,6,30.77,34.01,-3.24,4,2,1,0,1,2,0,0,0,0,0,0,0,0,0,0,0,0,0,0,0,0,0,0
203095,Evan Fournier,BOS,202105280BOS,"May 28, 2021",BKN,17,12,2,13,51.52,65.99,-14.47,5,4,7,12,0,0,0,0,0,0,0,0,0,0,0,0,0,0,0,0,0,0,1,1
1629641,Romeo Langford,BOS,202105280BOS,"May 28, 2021",BKN,6,7,0,7,30.0,42.86,-12.86,1,0,6,6,0,0,0,0,0,0,0,0,0,0,0,0,0,0,0,0,0,0,0,0
1629651,Nic Claxton,BKN,202105280BOS,"May 28, 2021",BOS,4,5,0,5,40.0,40.0,0.0,5,4,0,0,0,0,0,0,0,0,0,0,0,0,0,0,0,0,0,0,0,0,0,0
204020,Tyler Johnson,BKN,202105280BOS,"May 28, 2021",BOS,5,3,0,3,62.5,83.33,-20.83,1,2,2,3,0,0,0,0,0,0,0,0,0,0,0,0,0,0,0,0,0,0,0,0
1629013,Landry Shamet,BKN,202105280BOS,"May 28, 2021",BOS,0,1,0,1,0.0,0.0,0.0,0,0,1,0,0,0,0,0,0,0,0,0,0,0,0,0,0,0,0,0,0,0,0,0
1628971,Bruce Brown,BKN,202105280BOS,"May 28, 2021",BOS,2,2,2,3,33.33,34.72,-1.39,2,0,0,0,0,0,0,0,0,0,0,0,0,0,0,0,0,0,0,0,0,0,1,2
1629684,Grant Williams,BOS,202105280BOS,"May 28, 2021",BKN,4,2,0,2,100.0,100.0,0.0,2,4,0,0,0,0,0,0,0,0,0,0,0,0,0,0,0,0,0,0,0,0,0,0
1627827,Dorian Finney-Smith,DAL,202105280DAL,"May 28, 2021",LAC,6,10,0,10,26.09,30.0,-3.91,7,6,3,0,0,0,0,0,0,0,0,0,0,0,0,0,0,0,0,0,0,0,0,0
202331,Paul George,LAC,202105280DAL,"May 28, 2021",DAL,29,18,5,20,61.7,71.78,-10.08,12,18,6,6,1,2,1,3,0,0,0,0,0,0,0,0,0,0,0,0,0,0,0,0
203501,Tim Hardaway Jr.,LAC,202105280DAL,"May 28, 2021",DAL,12,14,0,14,35.29,42.86,-7.57,8,0,6,12,0,0,0,0,0,0,0,0,0,0,0,0,0,0,0,0,0,0,0,0
1629029,Luka Dončić,DAL,202105280DAL,"May 28, 2021",LAC,44,28,13,34,53.66,65.24,-11.58,14,14,13,21,5,5,0,0,1,3,0,0,0,0,0,0,0,0,0,0,0,0,1,1
1627826,Ivica Zubac,LAC,202105280DAL,"May 28, 2021",DAL,2,3,0,3,33.33,33.33,0.0,3,2,0,0,0,0,0,0,0,0,0,0,0,0,0,0,0,0,0,0,0,0,0,0
204001,Kristaps Porziņģis,DAL,202105280DAL,"May 28, 2021",LAC,9,10,2,11,34.62,41.36,-6.74,5,2,4,3,0,0,0,0,1,3,0,0,1,1,0,0,0,0,0,0,0,0,0,0
201587,Nicolas Batum,LAC,202105280DAL,"May 28, 2021",DAL,8,5,2,6,57.14,68.03,-10.89,3,6,2,0,1,2,0,0,0,0,0,0,0,0,0,0,0,0,0,0,0,0,0,0
202704,Reggie Jackson,LAC,202105280DAL,"May 28, 2021",DAL,16,12,0,12,47.06,66.67,-19.61,2,4,10,12,0,0,0,0,0,0,0,0,0,0,0,0,0,0,0,0,0,0,0,0
202695,Kawhi Leonard,DAL,202105280DAL,"May 28, 2021",LAC,36,17,7,21,78.26,89.64,-11.38,12,20,5,9,3,6,0,0,0,0,0,0,1,1,0,0,0,0,0,0,0,0,0,0
1628467,Maxi Kleber,DAL,202105280DAL,"May 28, 2021",LAC,14,9,0,9,56.0,77.78,-21.78,2,2,7,12,0,0,0,0,0,0,0,0,0,0,0,0,0,0,0,0,0,0,0,0
202694,Marcus Morris Sr.,LAC,202105280DAL,"May 28, 2021",DAL,15,9,0,9,65.22,83.33,-18.11,4,6,5,9,0,0,0,0,0,0,0,0,0,0,0,0,0,0,0,0,0,0,0,0
200765,Rajon Rondo,LAC,202105280DAL,"May 28, 2021",DAL,6,7,2,8,33.33,38.07,-4.74,5,2,2,3,0,0,0,0,0,0,0,0,0,0,0,0,0,0,0,0,0,0,1,1
1628973,Jalen Brunson,DAL,202105280DAL,"May 28, 2021",LAC,14,8,0,8,63.64,87.5,-23.86,2,2,6,12,0,0,0,0,0,0,0,0,0,0,0,0,0,0,0,0,0,0,0,0
1629611,Terance Mann,LAC,202105280DAL,"May 28, 2021",DAL,4,3,2,4,50.0,51.55,-1.55,3,2,0,0,0,0,0,0,0,0,0,0,0,0,1,2,0,0,0,0,0,0,0,0
1626196,Josh Richardson,DAL,202105280DAL,"May 28, 2021",LAC,4,5,0,5,40.0,40.0,0.0,5,4,0,0,0,0,0,0,0,0,0,0,0,0,0,0,0,0,0,0,0,0,0,0
1626161,Willie Cauley-Stein,DAL,202105280DAL,"May 28, 2021",LAC,5,2,3,3,71.43,75.3,-3.87,1,0,0,0,0,0,0,0,1,3,0,0,0,0,0,0,0,0,0,0,0,0,1,2
201976,Patrick Beverley,LAC,202105280DAL,"May 28, 2021",DAL,2,2,0,2,40.0,50.0,-10.0,1,2,1,0,0,0,0,0,0,0,0,0,0,0,0,0,0,0,0,0,0,0,0,0
1626192,Pat Connaughton,MIL,202105290MIA,"May 29, 2021",MIA,2,5,0,5,14.29,20.0,-5.71,1,2,4,0,0,0,0,0,0,0,0,0,0,0,0,0,0,0,0,0,0,0,0,0
202710,Jimmy Butler III,MIA,202105290MIA,"May 29, 2021",MIL,12,15,4,17,33.33,35.8,-2.47,13,8,2,0,1,2,0,0,0,0,0,0,0,0,0,0,0,0,0,0,0,0,1,2
1628389,Bam Adebayo,MIA,202105290MIA,"May 29, 2021",MIL,20,17,0,17,58.82,58.82,0.0,17,20,0,0,0,0,0,0,0,0,0,0,0,0,0,0,0,0,0,0,0,0,0,0
201572,Brook Lopez,MIL,202105290MIA,"May 29, 2021",MIA,25,15,3,16,75.76,76.59,-0.83,14,20,0,0,0,0,0,0,1,3,0,0,0,0,0,0,0,0,0,0,0,0,1,2
2772,Trevor Ariza,MIA,202105290MIA,"May 29, 2021",MIL,11,8,0,8,50.0,68.75,-18.75,2,2,6,9,0,0,0,0,0,0,0,0,0,0,0,0,0,0,0,0,0,0,0,0
203114,Khris Middleton,MIL,202105290MIA,"May 29, 2021",MIA,20,16,4,18,47.62,56.31,-8.69,10,10,6,6,2,4,0,0,0,0,0,0,0,0,0,0,0,0,0,0,0,0,0,0
201950,Jrue Holiday,MIL,202105290MIA,"May 29, 2021",MIA,11,12,4,14,36.67,39.97,-3.3,10,8,2,0,2,3,0,0,0,0,0,0,0,0,0,0,0,0,0,0,0,0,0,0
1629130,Duncan Robinson,MIA,202105290MIA,"May 29, 2021",MIL,5,4,2,5,35.71,51.23,-15.52,0,0,4,3,1,2,0,0,0,0,0,0,0,0,0,0,0,0,0,0,0,0,0,0
203507,Giannis Antetokounmpo,MIL,202105290MIA,"May 29, 2021",MIA,20,18,6,21,43.48,48.45,-4.97,14,16,4,0,2,2,0,0,0,0,0,0,0,0,0,0,0,0,0,0,0,0,1,2
201609,Goran Dragic,MIA,202105290MIA,"May 29, 2021",MIL,13,12,4,14,39.39,47.24,-7.85,7,8,5,3,2,2,0,0,0,0,0,0,0,0,0,0,0,0,0,0,0,0,0,0
1627854,Bryn Forbes,MIL,202105290MIA,"May 29, 2021",MIA,22,15,1,15,48.89,71.24,-22.35,1,0,13,18,0,0,0,0,0,0,1,4,0,0,0,0,0,0,0,0,0,0,0,0
1626171,Bobby Portis,MIL,202105290MIA,"May 29, 2021",MIA,13,10,0,10,48.15,65.0,-16.85,3,4,7,9,0,0,0,0,0,0,0,0,0,0,0,0,0,0,0,0,0,0,0,0
200782,P.J. Tucker,MIL,202105290MIA,"May 29, 2021",MIA,4,5,0,5,33.33,40.0,-6.67,3,4,2,0,0,0,0,0,0,0,0,0,0,0,0,0,0,0,0,0,0,0,0,0
203473,Dewayne Dedmon,MIA,202105290MIA,"May 29, 2021",MIL,0,1,0,1,0.0,0.0,0.0,1,0,0,0,0,0,0,0,0,0,0,0,0,0,0,0,0,0,0,0,0,0,0,0
1629639,Tyler Herro,MIA,202105290MIA,"May 29, 2021",MIL,14,13,2,14,40.0,50.43,-10.43,6,6,7,6,1,2,0,0,0,0,0,0,0,0,0,0,0,0,0,0,0,0,0,0
teaguje01,J. Teague,MIL,202105290MIA,"May 29, 2021",MIA,3,2,0,2,50.0,75.0,-25.0,0,0,2,3,0,0,0,0,0,0,0,0,0,0,0,0,0,0,0,0,0,0,0,0
2738,Andre Iguodala,MIA,202105290MIA,"May 29, 2021",MIL,8,5,0,5,61.54,80.0,-18.46,2,2,3,6,0,0,0,0,0,0,0,0,0,0,0,0,0,0,0,0,0,0,0,0
1629134,Kendrick Nunn,MIA,202105290MIA,"May 29, 2021",MIL,18,15,2,16,47.37,56.68,-9.31,9,10,6,6,1,2,0,0,0,0,0,0,0,0,0,0,0,0,0,0,0,0,0,0
1630241,Sam Merrill,MIL,202105290MIA,"May 29, 2021",MIA,0,1,0,1,0.0,0.0,0.0,0,0,1,0,0,0,0,0,0,0,0,0,0,0,0,0,0,0,0,0,0,0,0,0
1630173,Precious Achiuwa,MIA,202105290MIA,"May 29, 2021",MIL,2,1,0,1,100.0,100.0,0.0,1,2,0,0,0,0,0,0,0,0,0,0,0,0,0,0,0,0,0,0,0,0,0,0
1626181,Norman Powell,POR,202105290POR,"May 29, 2021",DEN,29,15,3,16,78.38,88.85,-10.47,10,12,4,12,1,2,0,0,1,3,0,0,0,0,0,0,0,0,0,0,0,0,0,0
203999,Nikola Jokić,DEN,202105290POR,"May 29, 2021",POR,16,18,2,19,38.1,42.37,-4.27,14,12,4,3,0,0,0,0,0,0,0,0,0,0,0,0,0,0,0,0,0,0,1,1
203496,Robert Covington,DEN,202105290POR,"May 29, 2021",POR,9,6,2,7,47.37,65.41,-18.04,1,2,5,6,0,0,0,0,0,0,0,0,0,0,0,0,0,0,0,0,0,0,1,1
203932,Aaron Gordon,DEN,202105290POR,"May 29, 2021",POR,6,7,2,8,33.33,38.07,-4.74,5,4,2,0,1,2,0,0,0,0,0,0,0,0,0,0,0,0,0,0,0,0,0,0
203994,Jusuf Nurkić,POR,202105290POR,"May 29, 2021",DEN,17,8,8,12,68.0,73.78,-5.78,7,12,1,0,3,3,0,0,0,0,0,0,0,0,0,0,0,0,0,0,0,0,1,2
203085,Austin Rivers,DEN,202105290POR,"May 29, 2021",POR,8,5,2,6,53.33,68.03,-14.7,2,0,3,6,0,0,0,0,0,0,0,0,0,0,0,0,0,0,0,0,0,0,1,2
1630267,Facundo Campazzo,POR,202105290POR,"May 29, 2021",DEN,12,10,5,12,37.5,49.18,-11.68,3,2,7,6,1,1,1,3,0,0,0,0,0,0,0,0,0,0,0,0,0,0,0,0
203081,Damian Lillard,POR,202105290POR,"May 29, 2021",DEN,10,10,7,14,30.3,38.23,-7.93,4,0,6,3,2,4,0,0,0,0,0,0,1,1,0,0,0,0,0,0,0,0,1,2
203468,CJ McCollum,POR,202105290POR,"May 29, 2021",DEN,21,19,1,19,46.67,54.01,-7.34,12,12,6,6,0,0,0,0,1,3,0,0,0,0,0,0,0,0,0,0,0,0,0,0
1629008,Michael Porter Jr.,DEN,202105290POR,"May 29, 2021",POR,3,3,0,3,33.33,50.0,-16.67,0,0,3,3,0,0,0,0,0,0,0,0,0,0,0,0,0,0,0,0,0,0,0,0
1628420,Monte Morris,DEN,202105290POR,"May 29, 2021",POR,12,12,0,12,42.86,50.0,-7.14,8,6,4,6,0,0,0,0,0,0,0,0,0,0,0,0,0,0,0,0,0,0,0,0
2546,Carmelo Anthony,POR,202105290POR,"May 29, 2021",DEN,12,11,0,11,44.44,54.55,-10.11,6,6,5,6,0,0,0,0,0,0,0,0,0,0,0,0,0,0,0,0,0,0,0,0
203210,JaMychal Green,DEN,202105290POR,"May 29, 2021",POR,11,10,2,11,42.31,50.55,-8.24,6,6,4,3,1,2,0,0,0,0,0,0,0,0,0,0,0,0,0,0,0,0,0,0
1629014,Anfernee Simons,POR,202105290POR,"May 29, 2021",DEN,5,5,0,5,41.67,50.0,-8.33,3,2,2,3,0,0,0,0,0,0,0,0,0,0,0,0,0,0,0,0,0,0,0,0
1630210,Markus Howard,DEN,202105290POR,"May 29, 2021",POR,9,14,0,14,23.68,32.14,-8.46,4,0,10,9,0,0,0,0,0,0,0,0,0,0,0,0,0,0,0,0,0,0,0,0
200794,Paul Millsap,DEN,202105290POR,"May 29, 2021",POR,9,7,4,8,42.86,51.37,-8.51,2,2,3,0,0,0,0,0,2,6,0,0,0,0,0,0,0,0,0,0,0,0,1,1
holliro01,R. Hollis-Jefferson,POR,202105290POR,"May 29, 2021",DEN,2,1,0,1,100.0,100.0,0.0,1,2,0,0,0,0,0,0,0,0,0,0,0,0,0,0,0,0,0,0,0,0,0,0
1627885,Shaquille Harrison,DEN,202105290POR,"May 29, 2021",POR,3,2,0,2,60.0,75.0,-15.0,1,0,1,3,0,0,0,0,0,0,0,0,0,0,0,0,0,0,0,0,0,0,0,0
1628427,Vlatko Čančar,DEN,202105290POR,"May 29, 2021",POR,6,1,5,3,85.71,93.75,-8.04,0,0,0,0,1,2,0,0,1,2,0,0,0,0,0,0,0,0,0,0,0,0,1,2
201580,JaVale McGee,DEN,202105290POR,"May 29, 2021",POR,0,3,0,3,0.0,0.0,0.0,2,0,1,0,0,0,0,0,0,0,0,0,0,0,0,0,0,0,0,0,0,0,0,0
1630192,Zeke Nnaji,DEN,202105290POR,"May 29, 2021",POR,0,2,0,2,0.0,0.0,0.0,0,0,2,0,0,0,0,0,0,0,0,0,0,0,0,0,0,0,0,0,0,0,0,0
1627884,Derrick Jones Jr.,POR,202105290POR,"May 29, 2021",DEN,2,3,0,3,25.0,33.33,-8.33,1,2,2,0,0,0,0,0,0,0,0,0,0,0,0,0,0,0,0,0,0,0,0,0
1629642,Nassir Little,POR,202105290POR,"May 29, 2021",DEN,2,2,4,4,20.0,26.6,-6.6,0,0,2,0,2,2,0,0,0,0,0,0,0,0,0,0,0,0,0,0,0,0,0,0
1629604,CJ Elleby,POR,202105290POR,"May 29, 2021",DEN,0,1,0,1,0.0,0.0,0.0,1,0,0,0,0,0,0,0,0,0,0,0,0,0,0,0,0,0,0,0,0,0,0,0
1629833,Keljin Blevins,POR,202105290POR,"May 29, 2021",DEN,2,1,0,1,100.0,100.0,0.0,1,2,0,0,0,0,0,0,0,0,0,0,0,0,0,0,0,0,0,0,0,0,0,0
leaftj01,T. Leaf,POR,202105290POR,"May 29, 2021",DEN,4,2,0,2,100.0,100.0,0.0,2,4,0,0,0,0,0,0,0,0,0,0,0,0,0,0,0,0,0,0,0,0,0,0
1627732,Ben Simmons,PHI,202105290WAS,"May 29, 2021",WAS,14,10,3,11,60.87,61.84,-0.97,9,12,0,0,1,0,0,0,1,2,0,0,0,0,0,0,0,0,0,0,0,0,0,0
203078,Bradley Beal,WAS,202105290WAS,"May 29, 2021",PHI,25,26,6,29,37.88,43.65,-5.77,18,18,8,3,3,4,0,0,0,0,0,0,0,0,0,0,0,0,0,0,0,0,0,0
203954,Joel Embiid,PHI,202105290WAS,"May 29, 2021",WAS,36,18,7,21,76.6,85.39,-8.79,13,20,4,9,1,2,0,0,1,3,0,0,0,0,0,0,0,0,0,0,0,0,2,2
203458,Alex Len,WAS,202105290WAS,"May 29, 2021",PHI,2,3,0,3,33.33,33.33,0.0,3,2,0,0,0,0,0,0,0,0,0,0,0,0,0,0,0,0,0,0,0,0,0,0
202699,Tobias Harris,PHI,202105290WAS,"May 29, 2021",WAS,20,14,2,15,60.61,67.2,-6.59,11,12,3,6,1,2,0,0,0,0,0,0,0,0,0,0,0,0,0,0,0,0,0,0
202722,Davis Bertans,WAS,202105290WAS,"May 29, 2021",PHI,8,6,3,7,40.0,54.64,-14.64,1,2,5,3,0,0,1,3,0,0,0,0,0,0,0,0,0,0,0,0,0,0,0,0
1629060,Rui Hachimura,PHI,202105290WAS,"May 29, 2021",WAS,10,8,2,9,47.62,56.31,-8.69,5,4,3,6,1,0,0,0,0,0,0,0,0,0,0,0,0,0,0,0,0,0,0,0
201566,Russell Westbrook,WAS,202105290WAS,"May 29, 2021",PHI,26,18,5,20,55.32,64.36,-9.04,11,10,6,9,1,2,0,0,1,3,0,0,0,0,0,0,0,0,0,0,0,0,1,2
201980,Danny Green,WAS,202105290WAS,"May 29, 2021",PHI,15,9,0,9,55.56,83.33,-27.77,0,0,9,15,0,0,0,0,0,0,0,0,0,0,0,0,0,0,0,0,0,0,0,0
203552,Seth Curry,PHI,202105290WAS,"May 29, 2021",WAS,15,11,0,11,53.57,68.18,-14.61,5,6,6,9,0,0,0,0,0,0,0,0,0,0,0,0,0,0,0,0,0,0,0,0
1629655,Daniel Gafford,WAS,202105290WAS,"May 29, 2021",PHI,16,8,4,10,80.0,81.97,-1.97,8,12,0,0,2,4,0,0,0,0,0,0,0,0,0,0,0,0,0,0,0,0,0,0
202397,Ish Smith,WAS,202105290WAS,"May 29, 2021",PHI,7,7,0,7,41.18,50.0,-8.82,4,4,3,3,0,0,0,0,0,0,0,0,0,0,0,0,0,0,0,0,0,0,0,0
1629680,Matisse Thybulle,PHI,202105290WAS,"May 29, 2021",WAS,5,6,2,7,29.41,36.34,-6.93,3,4,3,0,0,0,0,0,0,0,0,0,0,0,0,0,0,0,0,0,0,0,1,1
203526,Raul Neto,WAS,202105290WAS,"May 29, 2021",PHI,2,12,0,12,6.67,8.33,-1.66,6,2,6,0,0,0,0,0,0,0,0,0,0,0,0,0,0,0,0,0,0,0,0,0
201588,George Hill,PHI,202105290WAS,"May 29, 2021",WAS,5,2,0,2,100.0,125.0,-25.0,1,2,1,3,0,0,0,0,0,0,0,0,0,0,0,0,0,0,0,0,0,0,0,0
2730,Dwight Howard,PHI,202105290WAS,"May 29, 2021",WAS,5,2,4,4,62.5,66.49,-3.99,2,2,0,0,1,1,0,0,0,0,0,0,0,0,0,0,0,0,0,0,0,0,1,2
1627788,Furkan Korkmaz,PHI,202105290WAS,"May 29, 2021",WAS,3,4,0,4,27.27,37.5,-10.23,1,0,3,3,0,0,0,0,0,0,0,0,0,0,0,0,0,0,0,0,0,0,0,0
1630178,Tyrese Maxey,PHI,202105290WAS,"May 29, 2021",WAS,4,4,0,4,50.0,50.0,0.0,4,4,0,0,0,0,0,0,0,0,0,0,0,0,0,0,0,0,0,0,0,0,0,0
201577,Robin Lopez,WAS,202105290WAS,"May 29, 2021",PHI,4,3,2,4,50.0,51.55,-1.55,3,4,0,0,1,0,0,0,0,0,0,0,0,0,0,0,0,0,0,0,0,0,0,0
1629003,Shake Milton,PHI,202105290WAS,"May 29, 2021",WAS,4,3,2,4,44.44,51.55,-7.11,2,2,1,0,1,2,0,0,0,0,0,0,0,0,0,0,0,0,0,0,0,0,0,0
1630264,Anthony Gill,WAS,202105290WAS,"May 29, 2021",PHI,0,2,0,2,0.0,0.0,0.0,1,0,1,0,0,0,0,0,0,0,0,0,0,0,0,0,0,0,0,0,0,0,0,0
scottmi01,M. Scott,PHI,202105290WAS,"May 29, 2021",WAS,6,3,0,3,66.67,100.0,-33.33,0,0,3,6,0,0,0,0,0,0,0,0,0,0,0,0,0,0,0,0,0,0,0,0
1629726,Garrison Mathews,WAS,202105290WAS,"May 29, 2021",PHI,3,2,3,3,33.33,45.18,-11.85,0,0,2,0,0,0,1,3,0,0,0,0,0,0,0,0,0,0,0,0,0,0,0,0
1630194,Paul Reed,PHI,202105290WAS,"May 29, 2021",WAS,0,1,0,1,0.0,0.0,0.0,1,0,0,0,0,0,0,0,0,0,0,0,0,0,0,0,0,0,0,0,0,0,0,0
1629067,Isaac Bonga,WAS,202105290WAS,"May 29, 2021",PHI,0,1,0,1,0.0,0.0,0.0,0,0,1,0,0,0,0,0,0,0,0,0,0,0,0,0,0,0,0,0,0,0,0,0
1628415,Dillon Brooks,MEM,202105290MEM,"May 29, 2021",UTA,27,24,4,26,45.76,52.41,-6.65,17,20,7,3,2,4,0,0,0,0,0,0,0,0,0,0,0,0,0,0,0,0,0,0
1626220,Royce O'Neale,UTA,202105290MEM,"May 29, 2021",MEM,12,8,0,8,52.17,75.0,-22.83,1,0,7,12,0,0,0,0,0,0,0,0,0,0,0,0,0,0,0,0,0,0,0,0
203497,Rudy Gobert,UTA,202105290MEM,"May 29, 2021",MEM,15,8,3,9,78.95,80.47,-1.52,7,12,0,0,0,0,0,0,1,2,0,0,0,0,0,0,0,0,0,0,0,0,1,1
202685,Jonas Valančiūnas,MEM,202105290MEM,"May 29, 2021",UTA,10,9,0,9,50.0,55.56,-5.56,7,10,2,0,0,0,0,0,0,0,0,0,0,0,0,0,0,0,0,0,0,0,0,0
202711,Bojan Bogdanovic,UTA,202105290MEM,"May 29, 2021",MEM,15,8,6,11,60.0,70.49,-10.49,5,4,3,6,3,5,0,0,0,0,0,0,0,0,0,0,0,0,0,0,0,0,0,0
1628378,Donovan Mitchell,UTA,202105290MEM,"May 29, 2021",MEM,29,23,11,27,43.28,52.08,-8.8,11,10,10,6,0,0,1,2,2,6,0,0,2,3,0,0,0,0,0,0,0,0,1,2
1628991,Jaren Jackson Jr.,MEM,202105290MEM,"May 29, 2021",UTA,9,11,2,12,31.03,37.88,-6.85,6,4,5,3,1,2,0,0,0,0,0,0,0,0,0,0,0,0,0,0,0,0,0,0
201144,Mike Conley,UTA,202105290MEM,"May 29, 2021",MEM,27,16,4,18,58.7,76.01,-17.31,6,2,10,21,0,0,0,0,0,0,0,0,0,0,0,0,0,0,0,0,0,0,2,4
203937,Kyle Anderson,MEM,202105290MEM,"May 29, 2021",UTA,11,13,0,13,35.48,42.31,-6.83,8,8,5,3,0,0,0,0,0,0,0,0,0,0,0,0,0,0,0,0,0,0,0,0
1629630,Ja Morant,UTA,202105290MEM,"May 29, 2021",MEM,28,23,8,27,45.9,52.79,-6.89,16,16,7,6,4,6,0,0,0,0,0,0,0,0,0,0,0,0,0,0,0,0,0,0
204060,Joe Ingles,UTA,202105290MEM,"May 29, 2021",MEM,3,4,0,4,25.0,37.5,-12.5,0,0,4,3,0,0,0,0,0,0,0,0,0,0,0,0,0,0,0,0,0,0,0,0
1630217,Desmond Bane,MEM,202105290MEM,"May 29, 2021",UTA,3,2,0,2,50.0,75.0,-25.0,0,0,2,3,0,0,0,0,0,0,0,0,0,0,0,0,0,0,0,0,0,0,0,0
202324,Derrick Favors,UTA,202105290MEM,"May 29, 2021",MEM,2,1,0,1,100.0,100.0,0.0,1,2,0,0,0,0,0,0,0,0,0,0,0,0,0,0,0,0,0,0,0,0,0,0
203903,Jordan Clarkson,UTA,202105290MEM,"May 29, 2021",MEM,15,11,3,12,46.88,60.88,-14.0,4,6,7,6,0,0,1,3,0,0,0,0,0,0,0,0,0,0,0,0,0,0,0,0
1627777,Georges Niang,UTA,202105290MEM,"May 29, 2021",MEM,3,2,0,2,50.0,75.0,-25.0,0,0,2,3,0,0,0,0,0,0,0,0,0,0,0,0,0,0,0,0,0,0,0,0
1629001,De'Anthony Melton,MEM,202105290MEM,"May 29, 2021",UTA,3,4,0,4,27.27,37.5,-10.23,1,0,3,3,0,0,0,0,0,0,0,0,0,0,0,0,0,0,0,0,0,0,0,0
1628960,Grayson Allen,MEM,202105290MEM,"May 29, 2021",UTA,17,11,0,11,56.67,77.27,-20.6,3,2,8,15,0,0,0,0,0,0,0,0,0,0,0,0,0,0,0,0,0,0,0,0
1626145,Tyus Jones,MEM,202105290MEM,"May 29, 2021",UTA,3,3,0,3,37.5,50.0,-12.5,1,0,2,3,0,0,0,0,0,0,0,0,0,0,0,0,0,0,0,0,0,0,0,0
1629027,Trae Young,ATL,202105300ATL,"May 30, 2021",NYK,27,21,5,24,44.26,58.19,-13.93,6,8,14,12,1,2,0,0,1,3,0,0,2,2,0,0,0,0,0,0,0,0,0,0
203944,Julius Randle,NYK,202105300ATL,"May 30, 2021",ATL,23,19,9,23,45.1,50.09,-4.99,15,10,4,6,2,4,1,2,0,0,0,0,0,0,0,0,0,0,0,0,0,0,1,1
1629631,De'Andre Hunter,ATL,202105300ATL,"May 30, 2021",NYK,5,7,1,7,29.41,33.6,-4.19,4,2,2,0,0,0,0,0,1,3,0,0,0,0,0,0,0,0,0,0,0,0,0,0
203991,Clint Capela,ATL,202105300ATL,"May 30, 2021",NYK,10,6,4,8,62.5,64.43,-1.93,6,8,0,0,2,2,0,0,0,0,0,0,0,0,0,0,0,0,0,0,0,0,0,0
203992,Bogdan Bogdanović,ATL,202105300ATL,"May 30, 2021",NYK,12,11,0,11,38.71,54.55,-15.84,2,0,9,12,0,0,0,0,0,0,0,0,0,0,0,0,0,0,0,0,0,0,0,0
1629628,RJ Barrett,NYK,202105300ATL,"May 30, 2021",ATL,21,15,4,16,52.5,62.65,-10.15,7,8,6,6,1,2,0,0,2,5,0,0,0,0,0,0,0,0,0,0,0,0,0,0
201565,Derrick Rose,NYK,202105300ATL,"May 30, 2021",ATL,18,15,2,16,50.0,56.68,-6.68,11,10,4,6,1,2,0,0,0,0,0,0,0,0,0,0,0,0,0,0,0,0,0,0
201959,Taj Gibson,NYK,202105300ATL,"May 30, 2021",ATL,6,4,0,4,75.0,75.0,0.0,4,6,0,0,0,0,0,0,0,0,0,0,0,0,0,0,0,0,0,0,0,0,0,0
1628381,John Collins,ATL,202105300ATL,"May 30, 2021",NYK,22,10,8,14,70.97,81.36,-10.39,7,8,3,6,4,8,0,0,0,0,0,0,0,0,0,0,0,0,0,0,0,0,0,0
203493,Reggie Bullock Jr.,NYK,202105300ATL,"May 30, 2021",ATL,0,4,0,4,0.0,0.0,0.0,1,0,3,0,0,0,0,0,0,0,0,0,0,0,0,0,0,0,0,0,0,0,0,0
1628989,Kevin Huerter,ATL,202105300ATL,"May 30, 2021",NYK,11,7,0,7,57.89,78.57,-20.68,2,2,5,9,0,0,0,0,0,0,0,0,0,0,0,0,0,0,0,0,0,0,0,0
203457,Nerlens Noel,NYK,202105300ATL,"May 30, 2021",ATL,1,0,2,1,50.0,56.82,-6.82,0,0,0,0,0,0,0,0,0,0,0,0,0,0,1,1,0,0,0,0,0,0,0,0
201568,Danilo Gallinari,ATL,202105300ATL,"May 30, 2021",NYK,21,9,8,13,70.0,83.87,-13.87,4,8,4,3,2,4,0,0,1,3,0,0,1,1,1,2,0,0,0,0,0,0,0,0
202692,Alec Burks,NYK,202105300ATL,"May 30, 2021",ATL,12,12,2,13,37.5,46.58,-9.08,6,4,6,6,1,2,0,0,0,0,0,0,0,0,0,0,0,0,0,0,0,0,0,0
203524,Solomon Hill,ATL,202105300ATL,"May 30, 2021",NYK,3,2,0,2,60.0,75.0,-15.0,1,0,1,3,0,0,0,0,0,0,0,0,0,0,0,0,0,0,0,0,0,0,0,0
1630168,Onyeka Okongwu,ATL,202105300ATL,"May 30, 2021",NYK,2,2,2,3,33.33,34.72,-1.39,2,0,0,0,1,2,0,0,0,0,0,0,0,0,0,0,0,0,0,0,0,0,0,0
101150,Lou Williams,ATL,202105300ATL,"May 30, 2021",NYK,0,3,0,3,0.0,0.0,0.0,3,0,0,0,0,0,0,0,0,0,0,0,0,0,0,0,0,0,0,0,0,0,0,0
1630193,Immanuel Quickley,NYK,202105300ATL,"May 30, 2021",ATL,0,3,0,3,0.0,0.0,0.0,1,0,2,0,0,0,0,0,0,0,0,0,0,0,0,0,0,0,0,0,0,0,0,0
1630167,Obi Toppin,NYK,202105300ATL,"May 30, 2021",ATL,13,8,2,9,61.9,73.2,-11.3,5,8,3,3,1,2,0,0,0,0,0,0,0,0,0,0,0,0,0,0,0,0,0,0
1628373,Frank Ntilikina,NYK,202105300ATL,"May 30, 2021",ATL,0,1,0,1,0.0,0.0,0.0,0,0,1,0,0,0,0,0,0,0,0,0,0,0,0,0,0,0,0,0,0,0,0,0
1628995,Kevin Knox II,NYK,202105300ATL,"May 30, 2021",ATL,2,0,2,1,100.0,113.64,-13.64,0,0,0,0,0,0,0,0,0,0,0,0,0,0,0,0,0,0,0,0,0,0,1,2
1630233,Nathan Knight,ATL,202105300ATL,"May 30, 2021",NYK,0,2,0,2,0.0,0.0,0.0,1,0,1,0,0,0,0,0,0,0,0,0,0,0,0,0,0,0,0,0,0,0,0,0
1630219,Skylar Mays,ATL,202105300ATL,"May 30, 2021",NYK,0,1,0,1,0.0,0.0,0.0,1,0,0,0,0,0,0,0,0,0,0,0,0,0,0,0,0,0,0,0,0,0,0,0
1627739,Kris Dunn,ATL,202105300ATL,"May 30, 2021",NYK,0,1,0,1,0.0,0.0,0.0,1,0,0,0,0,0,0,0,0,0,0,0,0,0,0,0,0,0,0,0,0,0,0,0
203076,Anthony Davis,LAL,202105300LAL,"May 30, 2021",PHX,6,9,2,10,26.09,30.36,-4.27,6,4,3,0,1,2,0,0,0,0,0,0,0,0,0,0,0,0,0,0,0,0,0,0
101108,Chris Paul,PHX,202105300LAL,"May 30, 2021",LAL,18,15,4,17,48.65,53.7,-5.05,12,14,3,0,0,0,0,0,0,0,0,0,0,0,0,0,0,0,0,0,0,0,2,4
1629028,Deandre Ayton,PHX,202105300LAL,"May 30, 2021",LAL,14,8,5,10,66.67,68.63,-1.96,7,10,0,0,2,2,0,0,1,2,0,0,0,0,0,0,0,0,0,0,0,0,0,0
203083,Andre Drummond,LAL,202105300LAL,"May 30, 2021",PHX,5,3,2,4,62.5,64.43,-1.93,3,4,0,0,1,1,0,0,0,0,0,0,0,0,0,0,0,0,0,0,0,0,0,0
1628969,Mikal Bridges,PHX,202105300LAL,"May 30, 2021",LAL,11,12,0,12,34.38,45.83,-11.45,4,2,8,9,0,0,0,0,0,0,0,0,0,0,0,0,0,0,0,0,0,0,0,0
2544,LeBron James,LAL,202105300LAL,"May 30, 2021",PHX,25,21,7,24,44.64,51.91,-7.27,13,16,7,3,3,4,0,0,1,2,0,0,0,0,0,0,0,0,0,0,0,0,0,0
203109,Jae Crowder,PHX,202105300LAL,"May 30, 2021",LAL,17,12,3,13,48.57,63.81,-15.24,4,6,8,9,0,0,1,2,0,0,0,0,0,0,0,0,0,0,0,0,0,0,0,0
1626164,Devin Booker,PHX,202105300LAL,"May 30, 2021",LAL,17,14,7,17,42.5,49.77,-7.27,8,6,5,3,2,4,0,0,1,3,0,0,0,0,0,0,0,0,0,0,0,0,1,1
203471,Dennis Schröder,LAL,202105300LAL,"May 30, 2021",PHX,8,13,0,13,25.0,30.77,-5.77,7,2,6,6,0,0,0,0,0,0,0,0,0,0,0,0,0,0,0,0,0,0,0,0
202083,Wesley Matthews,LAL,202105300LAL,"May 30, 2021",PHX,6,5,0,5,40.0,60.0,-20.0,0,0,5,6,0,0,0,0,0,0,0,0,0,0,0,0,0,0,0,0,0,0,0,0
1626166,Cameron Payne,PHX,202105300LAL,"May 30, 2021",LAL,13,12,2,13,43.33,50.47,-7.14,8,8,4,3,1,2,0,0,0,0,0,0,0,0,0,0,0,0,0,0,0,0,0,0
1627936,Alex Caruso,LAL,202105300LAL,"May 30, 2021",PHX,10,8,2,9,41.67,56.31,-14.64,2,2,6,6,1,2,0,0,0,0,0,0,0,0,0,0,0,0,0,0,0,0,0,0
gasolma01,M. Gasol,LAL,202105300LAL,"May 30, 2021",PHX,12,6,2,7,63.16,87.21,-24.05,1,2,5,9,1,1,0,0,0,0,0,0,0,0,0,0,0,0,0,0,0,0,0,0
1628398,Kyle Kuzma,LAL,202105300LAL,"May 30, 2021",PHX,11,11,2,12,37.93,46.3,-8.37,6,6,5,3,1,2,0,0,0,0,0,0,0,0,0,0,0,0,0,0,0,0,0,0
johnsca02,C. Johnson,PHX,202105300LAL,"May 30, 2021",LAL,5,6,0,6,31.25,41.67,-10.42,2,2,4,3,0,0,0,0,0,0,0,0,0,0,0,0,0,0,0,0,0,0,0,0
1628470,Torrey Craig,PHX,202105300LAL,"May 30, 2021",LAL,5,4,0,4,55.56,62.5,-6.94,3,2,1,3,0,0,0,0,0,0,0,0,0,0,0,0,0,0,0,0,0,0,0,0
1626163,Frank Kaminsky,PHX,202105300LAL,"May 30, 2021",LAL,0,2,0,2,0.0,0.0,0.0,0,0,2,0,0,0,0,0,0,0,0,0,0,0,0,0,0,0,0,0,0,0,0,0
203463,Ben McLemore,LAL,202105300LAL,"May 30, 2021",PHX,6,3,0,3,66.67,100.0,-33.33,0,0,3,6,0,0,0,0,0,0,0,0,0,0,0,0,0,0,0,0,0,0,0,0
202693,Markieff Morris,LAL,202105300LAL,"May 30, 2021",PHX,3,2,4,4,37.5,39.89,-2.39,2,0,0,0,2,3,0,0,0,0,0,0,0,0,0,0,0,0,0,0,0,0,0,0
203935,Marcus Smart,BOS,202105300BOS,"May 30, 2021",BKN,16,12,7,15,40.0,53.05,-13.05,2,2,9,6,3,5,0,0,1,3,0,0,0,0,0,0,0,0,0,0,0,0,0,0
202681,Kyrie Irving,BKN,202105300BOS,"May 30, 2021",BOS,39,24,11,29,54.93,67.61,-12.68,12,10,12,18,2,4,2,6,0,0,0,0,1,1,0,0,0,0,0,0,0,0,0,0
203095,Evan Fournier,BOS,202105300BOS,"May 30, 2021",BKN,16,15,4,16,37.21,47.73,-10.52,4,2,9,6,1,2,0,0,2,6,0,0,0,0,0,0,0,0,0,0,0,0,0,0
203925,Joe Harris,BKN,202105300BOS,"May 30, 2021",BOS,14,9,0,9,60.87,77.78,-16.91,4,2,5,12,0,0,0,0,0,0,0,0,0,0,0,0,0,0,0,0,0,0,0,0
201935,James Harden,BKN,202105300BOS,"May 30, 2021",BOS,23,12,6,15,65.71,78.55,-12.84,7,12,5,6,1,2,0,0,0,0,0,0,0,0,0,0,0,0,0,0,0,0,2,3
1628369,Jayson Tatum,BOS,202105300BOS,"May 30, 2021",BKN,40,22,17,30,58.82,67.84,-9.02,14,12,7,9,8,16,0,0,1,3,0,0,0,0,0,0,0,0,0,0,0,0,0,0
201933,Blake Griffin,BKN,202105300BOS,"May 30, 2021",BOS,2,3,0,3,33.33,33.33,0.0,3,2,0,0,0,0,0,0,0,0,0,0,0,0,0,0,0,0,0,0,0,0,0,0
201142,Kevin Durant,BKN,202105300BOS,"May 30, 2021",BOS,42,20,11,25,77.78,84.54,-6.76,16,20,3,9,3,6,0,0,1,3,0,0,0,0,0,0,0,0,0,0,0,0,2,4
1629641,Romeo Langford,BOS,202105300BOS,"May 30, 2021",BKN,9,6,4,8,47.37,57.99,-10.62,3,2,3,3,2,4,0,0,0,0,0,0,0,0,0,0,0,0,0,0,0,0,0,0
202684,Tristan Thompson,BKN,202105300BOS,"May 30, 2021",BOS,5,4,2,5,50.0,51.23,-1.23,4,4,0,0,0,0,0,0,0,0,0,0,0,0,0,0,0,0,0,0,0,0,1,1
204020,Tyler Johnson,BKN,202105300BOS,"May 30, 2021",BOS,2,1,0,1,100.0,100.0,0.0,1,2,0,0,0,0,0,0,0,0,0,0,0,0,0,0,0,0,0,0,0,0,0,0
1630202,Payton Pritchard,BOS,202105300BOS,"May 30, 2021",BKN,12,9,0,9,54.55,66.67,-12.12,5,6,4,6,0,0,0,0,0,0,0,0,0,0,0,0,0,0,0,0,0,0,0,0
1630174,Aaron Nesmith,BOS,202105300BOS,"May 30, 2021",BKN,11,6,0,6,64.71,91.67,-26.96,1,2,5,9,0,0,0,0,0,0,0,0,0,0,0,0,0,0,0,0,0,0,0,0
1629684,Grant Williams,BOS,202105300BOS,"May 30, 2021",BKN,5,3,2,4,50.0,64.43,-14.43,1,0,2,3,0,0,0,0,0,0,0,0,0,0,0,0,0,0,0,0,0,0,1,2
1629013,Landry Shamet,BKN,202105300BOS,"May 30, 2021",BOS,5,4,0,4,50.0,62.5,-12.5,2,2,2,3,0,0,0,0,0,0,0,0,0,0,0,0,0,0,0,0,0,0,0,0
203953,Jabari Parker,BOS,202105300BOS,"May 30, 2021",BKN,10,5,2,6,83.33,85.03,-1.7,5,8,0,0,1,2,0,0,0,0,0,0,0,0,0,0,0,0,0,0,0,0,0,0
1628400,Semi Ojeleye,BOS,202105300BOS,"May 30, 2021",BKN,1,2,2,3,14.29,17.36,-3.07,1,0,1,0,0,0,0,0,0,0,0,0,0,0,0,0,0,0,0,0,0,0,1,1
1628971,Bruce Brown,BKN,202105300BOS,"May 30, 2021",BOS,14,10,2,11,63.64,64.34,-0.7,10,12,0,0,1,2,0,0,0,0,0,0,0,0,0,0,0,0,0,0,0,0,0,0
1629682,Tremont Waters,BOS,202105300BOS,"May 30, 2021",BKN,1,0,2,1,50.0,56.82,-6.82,0,0,0,0,0,0,0,0,0,0,0,0,0,0,0,0,0,0,0,0,0,0,1,1
204001,Kristaps Porziņģis,DAL,202105300DAL,"May 30, 2021",LAC,18,12,5,14,58.06,63.38,-5.32,9,12,2,0,1,2,0,0,1,3,0,0,0,0,0,0,0,0,0,0,0,0,1,1
202704,Reggie Jackson,LAC,202105300DAL,"May 30, 2021",DAL,15,12,2,13,44.12,58.23,-14.11,4,4,8,9,1,2,0,0,0,0,0,0,0,0,0,0,0,0,0,0,0,0,0,0
1629029,Luka Dončić,DAL,202105300DAL,"May 30, 2021",LAC,19,24,5,26,31.67,36.26,-4.59,16,14,7,3,2,0,0,0,1,2,0,0,0,0,0,0,0,0,0,0,0,0,0,0
1628467,Maxi Kleber,LAC,202105300DAL,"May 30, 2021",DAL,0,3,0,3,0.0,0.0,0.0,0,0,3,0,0,0,0,0,0,0,0,0,0,0,0,0,0,0,0,0,0,0,0,0
202331,Paul George,LAC,202105300DAL,"May 30, 2021",DAL,20,16,6,19,45.45,53.65,-8.2,10,6,6,9,2,4,0,0,0,0,0,0,0,0,0,0,0,0,0,0,0,0,1,1
202695,Kawhi Leonard,LAC,202105300DAL,"May 30, 2021",DAL,29,15,6,18,74.36,82.2,-7.84,12,18,3,6,3,5,0,0,0,0,0,0,0,0,0,0,0,0,0,0,0,0,0,0
201587,Nicolas Batum,LAC,202105300DAL,"May 30, 2021",DAL,10,8,4,10,38.46,51.23,-12.77,2,2,6,6,1,1,0,0,0,0,0,0,0,0,0,0,0,0,0,0,0,0,1,1
203501,Tim Hardaway Jr.,DAL,202105300DAL,"May 30, 2021",LAC,4,8,2,9,18.18,22.52,-4.34,4,2,4,0,1,2,0,0,0,0,0,0,0,0,0,0,0,0,0,0,0,0,0,0
202694,Marcus Morris Sr.,LAC,202105300DAL,"May 30, 2021",DAL,9,5,2,6,64.29,76.53,-12.24,3,4,2,3,1,2,0,0,0,0,0,0,0,0,0,0,0,0,0,0,0,0,0,0
1627827,Dorian Finney-Smith,DAL,202105300DAL,"May 30, 2021",LAC,8,9,0,9,34.78,44.44,-9.66,4,2,5,6,0,0,0,0,0,0,0,0,0,0,0,0,0,0,0,0,0,0,0,0
1626246,Boban Marjanovic,DAL,202105300DAL,"May 30, 2021",LAC,12,9,2,10,60.0,60.73,-0.73,9,10,0,0,1,2,0,0,0,0,0,0,0,0,0,0,0,0,0,0,0,0,0,0
1627826,Ivica Zubac,LAC,202105300DAL,"May 30, 2021",DAL,5,5,2,6,41.67,42.52,-0.85,5,4,0,0,0,0,0,0,0,0,0,0,0,0,0,0,0,0,0,0,0,0,1,1
1629611,Terance Mann,LAC,202105300DAL,"May 30, 2021",DAL,1,2,2,3,14.29,17.36,-3.07,1,0,1,0,1,1,0,0,0,0,0,0,0,0,0,0,0,0,0,0,0,0,0,0
200765,Rajon Rondo,LAC,202105300DAL,"May 30, 2021",DAL,7,6,0,6,43.75,58.33,-14.58,2,4,4,3,0,0,0,0,0,0,0,0,0,0,0,0,0,0,0,0,0,0,0,0
1626196,Josh Richardson,DAL,202105300DAL,"May 30, 2021",LAC,5,7,0,7,31.25,35.71,-4.46,5,2,2,3,0,0,0,0,0,0,0,0,0,0,0,0,0,0,0,0,0,0,0,0
1628973,Jalen Brunson,DAL,202105300DAL,"May 30, 2021",LAC,7,8,2,9,31.82,39.41,-7.59,4,2,4,3,1,2,0,0,0,0,0,0,0,0,0,0,0,0,0,0,0,0,0,0
1626161,Willie Cauley-Stein,DAL,202105300DAL,"May 30, 2021",LAC,0,1,0,1,0.0,0.0,0.0,1,0,0,0,0,0,0,0,0,0,0,0,0,0,0,0,0,0,0,0,0,0,0,0
203504,Trey Burke,DAL,202105300DAL,"May 30, 2021",LAC,1,4,2,5,8.33,10.25,-1.92,2,0,2,0,0,0,0,0,0,0,0,0,0,0,0,0,0,0,0,0,0,0,1,1
201976,Patrick Beverley,LAC,202105300DAL,"May 30, 2021",DAL,3,3,1,3,42.86,43.6,-0.74,2,0,0,0,0,0,0,0,1,3,0,0,0,0,0,0,0,0,0,0,0,0,0,0
1629599,Amir Coffey,LAC,202105300DAL,"May 30, 2021",DAL,5,2,0,2,100.0,125.0,-25.0,1,2,1,3,0,0,0,0,0,0,0,0,0,0,0,0,0,0,0,0,0,0,0,0
1628379,Luke Kennard,LAC,202105300DAL,"May 30, 2021",DAL,0,1,0,1,0.0,0.0,0.0,0,0,1,0,0,0,0,0,0,0,0,0,0,0,0,0,0,0,0,0,0,0,0,0
1630187,Daniel Oturu,LAC,202105300DAL,"May 30, 2021",DAL,2,1,0,1,100.0,100.0,0.0,1,2,0,0,0,0,0,0,0,0,0,0,0,0,0,0,0,0,0,0,0,0,0,0
mellini01,N. Melli,DAL,202105300DAL,"May 30, 2021",LAC,0,2,0,2,0.0,0.0,0.0,1,0,1,0,0,0,0,0,0,0,0,0,0,0,0,0,0,0,0,0,0,0,0,0
203939,Dwight Powell,DAL,202105300DAL,"May 30, 2021",LAC,7,2,4,4,87.5,93.09,-5.59,2,4,0,0,2,3,0,0,0,0,0,0,0,0,0,0,0,0,0,0,0,0,0,0
ferreyo01,Y. Ferrell,LAC,202105300DAL,"May 30, 2021",DAL,0,1,0,1,0.0,0.0,0.0,0,0,1,0,0,0,0,0,0,0,0,0,0,0,0,0,0,0,0,0,0,0,0,0
203954,Joel Embiid,PHI,202105310WAS,"May 31, 2021",WAS,8,6,4,8,44.44,51.55,-7.11,4,4,2,0,2,4,0,0,0,0,0,0,0,0,0,0,0,0,0,0,0,0,0,0
201939,Stephen Curry,WAS,202105310WAS,"May 31, 2021",PHI,10,11,0,11,38.46,45.45,-6.99,7,10,4,0,0,0,0,0,0,0,0,0,0,0,0,0,0,0,0,0,0,0,0,0
201566,Russell Westbrook,WAS,202105310WAS,"May 31, 2021",PHI,19,19,16,27,32.76,36.48,-3.72,15,6,4,0,4,7,0,0,0,0,0,0,0,0,0,0,0,0,0,0,0,0,4,6
1627732,Ben Simmons,PHI,202105310WAS,"May 31, 2021",WAS,13,5,11,10,61.9,66.06,-4.16,4,6,0,0,1,1,0,0,1,2,0,0,0,0,0,0,0,0,0,0,0,0,4,4
203078,Bradley Beal,WAS,202105310WAS,"May 31, 2021",PHI,27,23,8,27,45.76,50.9,-5.14,18,14,5,6,3,6,0,0,0,0,0,0,0,0,0,0,0,0,0,0,0,0,1,1
202722,Davis Bertans,WAS,202105310WAS,"May 31, 2021",PHI,15,7,4,9,62.5,85.62,-23.12,1,2,6,9,1,2,0,0,0,0,0,0,0,0,0,0,0,0,0,0,0,0,1,2
1629060,Rui Hachimura,WAS,202105310WAS,"May 31, 2021",PHI,20,12,2,13,62.5,77.64,-15.14,6,10,6,9,1,1,0,0,0,0,0,0,0,0,0,0,0,0,0,0,0,0,0,0
202699,Tobias Harris,PHI,202105310WAS,"May 31, 2021",WAS,21,24,4,26,36.84,40.76,-3.92,18,12,5,3,1,2,0,0,1,3,0,0,1,1,0,0,0,0,0,0,0,0,0,0
1629655,Daniel Gafford,PHI,202105310WAS,"May 31, 2021",WAS,12,4,7,7,80.0,84.75,-4.75,3,6,0,0,0,0,0,0,1,3,0,0,0,0,0,0,0,0,0,0,0,0,3,3
201980,Danny Green,WAS,202105310WAS,"May 31, 2021",PHI,11,10,0,10,39.29,55.0,-15.71,2,2,8,9,0,0,0,0,0,0,0,0,0,0,0,0,0,0,0,0,0,0,0,0
201577,Robin Lopez,WAS,202105310WAS,"May 31, 2021",PHI,16,11,0,11,72.73,72.73,0.0,11,16,0,0,0,0,0,0,0,0,0,0,0,0,0,0,0,0,0,0,0,0,0,0
202397,Ish Smith,WAS,202105310WAS,"May 31, 2021",PHI,2,5,0,5,20.0,20.0,0.0,5,2,0,0,0,0,0,0,0,0,0,0,0,0,0,0,0,0,0,0,0,0,0,0
201588,George Hill,PHI,202105310WAS,"May 31, 2021",WAS,14,5,6,8,66.67,91.62,-24.95,0,0,5,9,2,3,0,0,0,0,0,0,0,0,0,0,0,0,0,0,0,0,1,2
1629680,Matisse Thybulle,PHI,202105310WAS,"May 31, 2021",WAS,8,6,0,6,47.06,66.67,-19.61,1,2,5,6,0,0,0,0,0,0,0,0,0,0,0,0,0,0,0,0,0,0,0,0
203526,Raul Neto,WAS,202105310WAS,"May 31, 2021",PHI,11,6,5,8,57.89,67.07,-9.18,3,2,2,3,1,1,0,0,1,3,0,0,0,0,0,0,0,0,0,0,0,0,1,2
1630178,Tyrese Maxey,PHI,202105310WAS,"May 31, 2021",WAS,15,12,2,13,51.72,58.23,-6.51,9,8,3,6,1,1,0,0,0,0,0,0,0,0,0,0,0,0,0,0,0,0,0,0
1629003,Shake Milton,PHI,202105310WAS,"May 31, 2021",WAS,6,6,2,7,40.0,43.6,-3.6,5,4,1,0,1,2,0,0,0,0,0,0,0,0,0,0,0,0,0,0,0,0,0,0
2730,Dwight Howard,PHI,202105310WAS,"May 31, 2021",WAS,1,3,4,5,10.0,10.5,-0.5,3,0,0,0,1,1,0,0,0,0,0,0,0,0,0,0,0,0,0,0,0,0,1,0
1627788,Furkan Korkmaz,PHI,202105310WAS,"May 31, 2021",WAS,7,4,1,4,63.64,78.83,-15.19,1,2,2,3,0,0,0,0,1,2,0,0,0,0,0,0,0,0,0,0,0,0,0,0
1629067,Isaac Bonga,WAS,202105310WAS,"May 31, 2021",PHI,0,1,0,1,0.0,0.0,0.0,0,0,1,0,0,0,0,0,0,0,0,0,0,0,0,0,0,0,0,0,0,0,0,0
scottmi01,M. Scott,PHI,202105310WAS,"May 31, 2021",WAS,0,4,0,4,0.0,0.0,0.0,1,0,3,0,0,0,0,0,0,0,0,0,0,0,0,0,0,0,0,0,0,0,0,0
1628991,Jaren Jackson Jr.,MEM,202105310MEM,"May 31, 2021",UTA,21,18,0,18,45.65,58.33,-12.68,8,12,10,9,0,0,0,0,0,0,0,0,0,0,0,0,0,0,0,0,0,0,0,0
1628378,Donovan Mitchell,UTA,202105310MEM,"May 31, 2021",MEM,30,22,13,27,46.88,54.11,-7.23,13,8,7,6,3,6,1,3,2,5,0,0,0,0,0,0,0,0,0,0,0,0,1,2
202685,Jonas Valančiūnas,MEM,202105310MEM,"May 31, 2021",UTA,14,10,2,11,60.87,64.34,-3.47,9,12,1,0,1,2,0,0,0,0,0,0,0,0,0,0,0,0,0,0,0,0,0,0
202711,Bojan Bogdanovic,UTA,202105310MEM,"May 31, 2021",MEM,13,10,0,10,52.0,65.0,-13.0,5,4,5,9,0,0,0,0,0,0,0,0,0,0,0,0,0,0,0,0,0,0,0,0
1626220,Royce O'Neale,UTA,202105310MEM,"May 31, 2021",MEM,9,7,0,7,47.37,64.29,-16.92,2,0,5,9,0,0,0,0,0,0,0,0,0,0,0,0,0,0,0,0,0,0,0,0
1628415,Dillon Brooks,MEM,202105310MEM,"May 31, 2021",UTA,21,15,8,20,53.85,56.7,-2.85,14,14,1,0,3,6,0,0,0,0,0,0,2,1,0,0,0,0,0,0,0,0,0,0
203937,Kyle Anderson,MEM,202105310MEM,"May 31, 2021",UTA,4,7,0,7,25.0,28.57,-3.57,5,4,2,0,0,0,0,0,0,0,0,0,0,0,0,0,0,0,0,0,0,0,0,0
201144,Mike Conley,UTA,202105310MEM,"May 31, 2021",MEM,11,6,2,7,61.11,79.94,-18.83,2,0,4,9,1,2,0,0,0,0,0,0,0,0,0,0,0,0,0,0,0,0,0,0
1629630,Ja Morant,MEM,202105310MEM,"May 31, 2021",UTA,23,21,8,25,40.35,46.9,-6.55,14,14,7,3,2,3,0,0,0,0,0,0,0,0,0,0,0,0,0,0,0,0,2,3
203497,Rudy Gobert,MEM,202105310MEM,"May 31, 2021",UTA,17,9,9,13,62.96,65.59,-2.63,8,8,0,0,4,6,0,0,1,3,0,0,0,0,0,0,0,0,0,0,0,0,0,0
202324,Derrick Favors,UTA,202105310MEM,"May 31, 2021",MEM,8,5,0,5,80.0,80.0,0.0,5,8,0,0,0,0,0,0,0,0,0,0,0,0,0,0,0,0,0,0,0,0,0,0
204060,Joe Ingles,UTA,202105310MEM,"May 31, 2021",MEM,2,4,0,4,20.0,25.0,-5.0,2,2,2,0,0,0,0,0,0,0,0,0,0,0,0,0,0,0,0,0,0,0,0,0
1628960,Grayson Allen,MEM,202105310MEM,"May 31, 2021",UTA,8,8,0,8,34.78,50.0,-15.22,1,2,7,6,0,0,0,0,0,0,0,0,0,0,0,0,0,0,0,0,0,0,0,0
1630217,Desmond Bane,MEM,202105310MEM,"May 31, 2021",UTA,7,3,0,3,100.0,116.67,-16.67,2,4,1,3,0,0,0,0,0,0,0,0,0,0,0,0,0,0,0,0,0,0,0,0
203903,Jordan Clarkson,UTA,202105310MEM,"May 31, 2021",MEM,24,18,4,20,48.98,60.73,-11.75,9,8,9,12,1,2,0,0,0,0,0,0,0,0,0,0,0,0,0,0,0,0,1,2
1627777,Georges Niang,UTA,202105310MEM,"May 31, 2021",MEM,6,4,0,4,60.0,75.0,-15.0,2,0,2,6,0,0,0,0,0,0,0,0,0,0,0,0,0,0,0,0,0,0,0,0
1626145,Tyus Jones,MEM,202105310MEM,"May 31, 2021",UTA,0,1,0,1,0.0,0.0,0.0,1,0,0,0,0,0,0,0,0,0,0,0,0,0,0,0,0,0,0,0,0,0,0,0
1629001,De'Anthony Melton,MEM,202105310MEM,"May 31, 2021",UTA,15,9,2,10,57.69,75.91,-18.22,3,4,6,9,1,2,0,0,0,0,0,0,0,0,0,0,0,0,0,0,0,0,0,0
203935,Marcus Smart,BOS,202106010BRK,"Jun 1, 2021",BKN,14,17,4,19,29.17,37.31,-8.14,7,8,10,3,1,1,0,0,0,0,0,0,0,0,0,0,0,0,0,0,0,0,1,2
202681,Kyrie Irving,BKN,202106010BRK,"Jun 1, 2021",BOS,25,14,6,17,60.98,75.12,-14.14,7,12,7,9,2,3,0,0,0,0,0,0,0,0,0,0,0,0,0,0,0,0,1,1
202684,Tristan Thompson,BOS,202106010BRK,"Jun 1, 2021",BKN,9,4,8,8,56.25,59.84,-3.59,4,2,0,0,4,7,0,0,0,0,0,0,0,0,0,0,0,0,0,0,0,0,0,0
1628369,Jayson Tatum,BOS,202106010BRK,"Jun 1, 2021",BKN,32,27,4,29,46.38,55.63,-9.25,16,16,11,12,2,4,0,0,0,0,0,0,0,0,0,0,0,0,0,0,0,0,0,0
201935,James Harden,BKN,202106010BRK,"Jun 1, 2021",BOS,34,17,11,21,65.38,77.84,-12.46,8,8,7,12,3,5,1,3,2,6,0,0,0,0,0,0,0,0,0,0,0,0,0,0
203095,Evan Fournier,BOS,202106010BRK,"Jun 1, 2021",BKN,18,17,2,17,43.9,50.34,-6.44,10,10,5,3,0,0,0,0,2,5,0,0,0,0,0,0,0,0,0,0,0,0,0,0
203925,Joe Harris,BKN,202106010BRK,"Jun 1, 2021",BOS,10,8,2,9,43.48,56.31,-12.83,3,2,5,6,0,0,0,0,0,0,0,0,0,0,0,0,0,0,0,0,0,0,1,2
1629641,Romeo Langford,BOS,202106010BRK,"Jun 1, 2021",BKN,17,12,0,12,54.84,70.83,-15.99,5,8,7,9,0,0,0,0,0,0,0,0,0,0,0,0,0,0,0,0,0,0,0,0
201142,Kevin Durant,BKN,202106010BRK,"Jun 1, 2021",BOS,24,16,4,18,57.14,67.57,-10.43,10,8,6,12,2,4,0,0,0,0,0,0,0,0,0,0,0,0,0,0,0,0,0,0
201933,Blake Griffin,BOS,202106010BRK,"Jun 1, 2021",BKN,6,4,0,4,75.0,75.0,0.0,4,6,0,0,0,0,0,0,0,0,0,0,0,0,0,0,0,0,0,0,0,0,0,0
1630174,Aaron Nesmith,BOS,202106010BRK,"Jun 1, 2021",BKN,0,2,0,2,0.0,0.0,0.0,1,0,1,0,0,0,0,0,0,0,0,0,0,0,0,0,0,0,0,0,0,0,0,0
204020,Tyler Johnson,BKN,202106010BRK,"Jun 1, 2021",BOS,3,3,0,3,37.5,50.0,-12.5,1,0,2,3,0,0,0,0,0,0,0,0,0,0,0,0,0,0,0,0,0,0,0,0
1629651,Nic Claxton,BKN,202106010BRK,"Jun 1, 2021",BOS,6,7,0,7,42.86,42.86,0.0,7,6,0,0,0,0,0,0,0,0,0,0,0,0,0,0,0,0,0,0,0,0,0,0
1629013,Landry Shamet,BKN,202106010BRK,"Jun 1, 2021",BOS,5,6,0,6,33.33,41.67,-8.34,3,2,3,3,0,0,0,0,0,0,0,0,0,0,0,0,0,0,0,0,0,0,0,0
1630202,Payton Pritchard,BOS,202106010BRK,"Jun 1, 2021",BKN,3,2,0,2,50.0,75.0,-25.0,0,0,2,3,0,0,0,0,0,0,0,0,0,0,0,0,0,0,0,0,0,0,0,0
1629684,Grant Williams,BOS,202106010BRK,"Jun 1, 2021",BKN,3,3,1,3,37.5,43.6,-6.1,1,0,1,0,0,0,0,0,1,3,0,0,0,0,0,0,0,0,0,0,0,0,0,0
203953,Jabari Parker,BOS,202106010BRK,"Jun 1, 2021",BKN,13,8,4,10,56.52,66.6,-10.08,5,8,3,3,2,2,0,0,0,0,0,0,0,0,0,0,0,0,0,0,0,0,0,0
1628971,Bruce Brown,BKN,202106010BRK,"Jun 1, 2021",BOS,10,8,2,9,52.63,56.31,-3.68,7,8,1,0,0,0,0,0,0,0,0,0,0,0,0,0,0,0,0,0,0,0,1,2
jamesmi02,M. James,BKN,202106010BRK,"Jun 1, 2021",BOS,0,1,0,1,0.0,0.0,0.0,0,0,1,0,0,0,0,0,0,0,0,0,0,0,0,0,0,0,0,0,0,0,0,0
203085,Austin Rivers,DEN,202106010DEN,"Jun 1, 2021",POR,18,10,4,12,56.25,76.53,-20.28,2,2,8,12,1,2,0,0,0,0,0,0,0,0,0,0,0,0,0,0,0,0,1,2
203468,CJ McCollum,POR,202106010DEN,"Jun 1, 2021",DEN,18,22,2,23,33.33,39.34,-6.01,14,10,8,6,1,2,0,0,0,0,0,0,0,0,0,0,0,0,0,0,0,0,0,0
1629008,Michael Porter Jr.,DEN,202106010DEN,"Jun 1, 2021",POR,26,13,3,14,76.47,90.78,-14.31,8,14,5,9,0,0,1,3,0,0,0,0,0,0,0,0,0,0,0,0,0,0,0,0
203496,Robert Covington,POR,202106010DEN,"Jun 1, 2021",DEN,19,10,6,13,59.38,75.16,-15.78,4,4,6,9,3,6,0,0,0,0,0,0,0,0,0,0,0,0,0,0,0,0,0,0
1626181,Norman Powell,POR,202106010DEN,"Jun 1, 2021",DEN,13,14,4,16,37.14,41.24,-4.1,11,10,3,0,2,3,0,0,0,0,0,0,0,0,0,0,0,0,0,0,0,0,0,0
203999,Nikola Jokić,DEN,202106010DEN,"Jun 1, 2021",POR,38,31,8,35,48.1,55.04,-6.94,22,22,9,9,3,5,0,0,0,0,0,0,0,0,0,0,0,0,0,0,0,0,1,2
203994,Jusuf Nurkić,POR,202106010DEN,"Jun 1, 2021",DEN,13,12,5,14,44.83,45.77,-0.94,11,8,0,0,2,2,0,0,1,3,0,0,0,0,0,0,0,0,0,0,0,0,0,0
203081,Damian Lillard,POR,202106010DEN,"Jun 1, 2021",DEN,55,24,10,29,73.33,96.83,-23.5,5,6,16,33,0,0,0,0,2,6,1,3,3,3,0,0,0,0,0,0,0,0,2,4
203932,Aaron Gordon,DEN,202106010DEN,"Jun 1, 2021",POR,14,11,2,12,50.0,58.92,-8.92,7,8,4,6,1,0,0,0,0,0,0,0,0,0,0,0,0,0,0,0,0,0,0,0
1630267,Facundo Campazzo,DEN,202106010DEN,"Jun 1, 2021",POR,3,5,2,6,21.43,25.51,-4.08,3,2,2,0,1,1,0,0,0,0,0,0,0,0,0,0,0,0,0,0,0,0,0,0
2546,Carmelo Anthony,POR,202106010DEN,"Jun 1, 2021",DEN,8,11,0,11,25.81,36.36,-10.55,2,2,9,6,0,0,0,0,0,0,0,0,0,0,0,0,0,0,0,0,0,0,0,0
1629014,Anfernee Simons,POR,202106010DEN,"Jun 1, 2021",DEN,6,7,0,7,31.58,42.86,-11.28,2,0,5,6,0,0,0,0,0,0,0,0,0,0,0,0,0,0,0,0,0,0,0,0
1628420,Monte Morris,DEN,202106010DEN,"Jun 1, 2021",POR,28,18,11,23,50.0,61.3,-11.3,8,4,9,12,2,4,0,0,1,3,0,0,0,0,0,0,0,0,0,0,0,0,3,5
203210,JaMychal Green,DEN,202106010DEN,"Jun 1, 2021",POR,5,4,0,4,50.0,62.5,-12.5,2,2,2,3,0,0,0,0,0,0,0,0,0,0,0,0,0,0,0,0,0,0,0,0
1630210,Markus Howard,DEN,202106010DEN,"Jun 1, 2021",POR,9,6,0,6,56.25,75.0,-18.75,2,0,4,9,0,0,0,0,0,0,0,0,0,0,0,0,0,0,0,0,0,0,0,0
200794,Paul Millsap,POR,202106010DEN,"Jun 1, 2021",DEN,4,6,0,6,30.77,33.33,-2.56,5,4,1,0,0,0,0,0,0,0,0,0,0,0,0,0,0,0,0,0,0,0,0,0
202683,Enes Freedom,POR,202106010DEN,"Jun 1, 2021",DEN,4,2,0,2,100.0,100.0,0.0,2,4,0,0,0,0,0,0,0,0,0,0,0,0,0,0,0,0,0,0,0,0,0,0
1627885,Shaquille Harrison,DEN,202106010DEN,"Jun 1, 2021",POR,2,0,2,1,100.0,113.64,-13.64,0,0,0,0,0,0,0,0,0,0,0,0,0,0,0,0,0,0,0,0,0,0,1,2
holliro01,R. Hollis-Jefferson,POR,202106010DEN,"Jun 1, 2021",DEN,4,1,2,2,100.0,106.38,-6.38,1,2,0,0,1,2,0,0,0,0,0,0,0,0,0,0,0,0,0,0,0,0,0,0
202693,Markieff Morris,LAL,202106010PHO,"Jun 1, 2021",PHX,4,2,2,3,57.14,69.44,-12.3,1,0,1,3,1,1,0,0,0,0,0,0,0,0,0,0,0,0,0,0,0,0,0,0
101108,Chris Paul,PHX,202106010PHO,"Jun 1, 2021",LAL,9,9,2,10,39.13,45.55,-6.42,6,4,3,3,0,0,0,0,0,0,0,0,0,0,0,0,0,0,0,0,0,0,1,2
2544,LeBron James,LAL,202106010PHO,"Jun 1, 2021",PHX,24,19,0,19,50.0,63.16,-13.16,9,6,10,18,0,0,0,0,0,0,0,0,0,0,0,0,0,0,0,0,0,0,0,0
1628969,Mikal Bridges,PHX,202106010PHO,"Jun 1, 2021",LAL,13,10,0,10,48.15,65.0,-16.85,3,4,7,9,0,0,0,0,0,0,0,0,0,0,0,0,0,0,0,0,0,0,0,0
203471,Dennis Schröder,LAL,202106010PHO,"Jun 1, 2021",PHX,0,9,0,9,0.0,0.0,0.0,5,0,4,0,0,0,0,0,0,0,0,0,0,0,0,0,0,0,0,0,0,0,0,0
1626164,Devin Booker,PHX,202106010PHO,"Jun 1, 2021",LAL,30,23,2,23,55.56,62.81,-7.25,15,18,6,6,0,0,0,0,2,6,0,0,0,0,0,0,0,0,0,0,0,0,0,0
203109,Jae Crowder,PHX,202106010PHO,"Jun 1, 2021",LAL,9,9,0,9,33.33,50.0,-16.67,0,0,9,9,0,0,0,0,0,0,0,0,0,0,0,0,0,0,0,0,0,0,0,0
203083,Andre Drummond,LAL,202106010PHO,"Jun 1, 2021",PHX,7,5,3,6,53.85,55.38,-1.53,4,2,0,0,1,2,0,0,1,3,0,0,0,0,0,0,0,0,0,0,0,0,0,0
1629028,Deandre Ayton,PHX,202106010PHO,"Jun 1, 2021",LAL,8,3,6,6,66.67,70.92,-4.25,3,4,0,0,3,4,0,0,0,0,0,0,0,0,0,0,0,0,0,0,0,0,0,0
1627936,Alex Caruso,LAL,202106010PHO,"Jun 1, 2021",PHX,5,8,0,8,25.0,31.25,-6.25,4,2,4,3,0,0,0,0,0,0,0,0,0,0,0,0,0,0,0,0,0,0,0,0
gasolma01,M. Gasol,LAL,202106010PHO,"Jun 1, 2021",PHX,5,1,2,2,100.0,132.98,-32.98,0,0,1,3,1,2,0,0,0,0,0,0,0,0,0,0,0,0,0,0,0,0,0,0
1628398,Kyle Kuzma,LAL,202106010PHO,"Jun 1, 2021",PHX,15,13,5,15,41.67,49.34,-7.67,7,8,5,3,2,2,0,0,1,2,0,0,0,0,0,0,0,0,0,0,0,0,0,0
1626166,Cameron Payne,PHX,202106010PHO,"Jun 1, 2021",LAL,16,11,0,11,61.54,72.73,-11.19,7,10,4,6,0,0,0,0,0,0,0,0,0,0,0,0,0,0,0,0,0,0,0,0
203484,Kentavious Caldwell-Pope,LAL,202106010PHO,"Jun 1, 2021",PHX,0,1,0,1,0.0,0.0,0.0,1,0,0,0,0,0,0,0,0,0,0,0,0,0,0,0,0,0,0,0,0,0,0,0
202083,Wesley Matthews,LAL,202106010PHO,"Jun 1, 2021",PHX,5,5,2,6,29.41,42.52,-13.11,0,0,5,3,0,0,0,0,0,0,0,0,0,0,0,0,0,0,0,0,0,0,1,2
johnsca02,C. Johnson,PHX,202106010PHO,"Jun 1, 2021",LAL,11,4,7,7,64.71,77.68,-12.97,1,0,2,3,2,4,0,0,1,2,0,0,0,0,0,0,0,0,0,0,0,0,1,2
1626163,Frank Kaminsky,PHX,202106010PHO,"Jun 1, 2021",LAL,3,3,1,3,42.86,43.6,-0.74,2,0,0,0,0,0,0,0,1,3,0,0,0,0,0,0,0,0,0,0,0,0,0,0
1628470,Torrey Craig,PHX,202106010PHO,"Jun 1, 2021",LAL,2,7,0,7,11.11,14.29,-3.18,3,2,4,0,0,0,0,0,0,0,0,0,0,0,0,0,0,0,0,0,0,0,0,0
1629659,Talen Horton-Tucker,LAL,202106010PHO,"Jun 1, 2021",PHX,11,9,3,10,47.83,53.29,-5.46,6,4,2,3,1,1,0,0,1,3,0,0,0,0,0,0,0,0,0,0,0,0,0,0
203463,Ben McLemore,LAL,202106010PHO,"Jun 1, 2021",PHX,0,5,0,5,0.0,0.0,0.0,3,0,2,0,0,0,0,0,0,0,0,0,0,0,0,0,0,0,0,0,0,0,0,0
1628035,Alfonzo McKinnie,LAL,202106010PHO,"Jun 1, 2021",PHX,0,2,0,2,0.0,0.0,0.0,1,0,1,0,0,0,0,0,0,0,0,0,0,0,0,0,0,0,0,0,0,0,0,0
1626149,Montrezl Harrell,LAL,202106010PHO,"Jun 1, 2021",PHX,9,5,4,6,64.29,66.57,-2.28,3,2,0,0,1,2,0,0,2,5,0,0,0,0,0,0,0,0,0,0,0,0,0,0
mooreet01,E. Moore,PHX,202106010PHO,"Jun 1, 2021",LAL,4,3,0,3,57.14,66.67,-9.53,2,4,1,0,0,0,0,0,0,0,0,0,0,0,0,0,0,0,0,0,0,0,0,0
204038,Langston Galloway,PHX,202106010PHO,"Jun 1, 2021",LAL,2,5,1,5,15.38,18.38,-3.0,2,0,2,0,0,0,0,0,1,2,0,0,0,0,0,0,0,0,0,0,0,0,0,0
1628975,Jevon Carter,PHX,202106010PHO,"Jun 1, 2021",LAL,0,3,2,4,0.0,0.0,0.0,2,0,1,0,1,0,0,0,0,0,0,0,0,0,0,0,0,0,0,0,0,0,0,0
203967,Dario Saric,PHX,202106010PHO,"Jun 1, 2021",LAL,5,3,0,3,62.5,83.33,-20.83,1,2,2,3,0,0,0,0,0,0,0,0,0,0,0,0,0,0,0,0,0,0,0,0
1630188,Jalen Smith,PHX,202106010PHO,"Jun 1, 2021",LAL,3,1,0,1,100.0,150.0,-50.0,0,0,1,3,0,0,0,0,0,0,0,0,0,0,0,0,0,0,0,0,0,0,0,0
202699,Tobias Harris,PHI,202106020PHI,"Jun 2, 2021",WAS,28,17,10,22,57.14,65.42,-8.28,12,14,5,6,4,6,0,0,0,0,0,0,0,0,0,0,0,0,0,0,0,0,1,2
201566,Russell Westbrook,WAS,202106020PHI,"Jun 2, 2021",PHI,24,20,10,25,43.64,49.18,-5.54,15,10,5,6,4,6,0,0,0,0,0,0,0,0,0,0,0,0,0,0,0,0,1,2
1629060,Rui Hachimura,WAS,202106020PHI,"Jun 2, 2021",PHI,21,13,5,15,61.76,69.08,-7.32,9,12,3,3,1,2,0,0,1,2,0,0,0,0,0,0,0,0,0,0,0,0,1,2
1627732,Ben Simmons,PHI,202106020PHI,"Jun 2, 2021",WAS,19,11,8,14,63.33,65.43,-2.1,9,10,0,0,1,1,0,0,2,5,0,0,0,0,0,0,0,0,0,0,0,0,2,3
203078,Bradley Beal,WAS,202106020PHI,"Jun 2, 2021",PHI,32,23,10,28,50.79,58.39,-7.6,16,16,7,6,4,8,0,0,0,0,0,0,0,0,0,0,0,0,0,0,0,0,1,2
203552,Seth Curry,PHI,202106020PHI,"Jun 2, 2021",WAS,30,17,7,20,63.83,74.7,-10.87,11,14,6,9,1,2,1,3,0,0,0,0,0,0,0,0,0,0,0,0,0,0,1,2
1629680,Matisse Thybulle,WAS,202106020PHI,"Jun 2, 2021",PHI,7,5,0,5,53.85,70.0,-16.15,2,4,3,3,0,0,0,0,0,0,0,0,0,0,0,0,0,0,0,0,0,0,0,0
201980,Danny Green,PHI,202106020PHI,"Jun 2, 2021",WAS,5,7,0,7,26.32,35.71,-9.39,2,2,5,3,0,0,0,0,0,0,0,0,0,0,0,0,0,0,0,0,0,0,0,0
1629655,Daniel Gafford,WAS,202106020PHI,"Jun 2, 2021",PHI,8,4,4,6,66.67,69.44,-2.77,4,6,0,0,1,1,0,0,0,0,0,0,0,0,0,0,0,0,0,0,0,0,1,1
203526,Raul Neto,WAS,202106020PHI,"Jun 2, 2021",PHI,8,6,0,6,53.33,66.67,-13.34,3,2,3,6,0,0,0,0,0,0,0,0,0,0,0,0,0,0,0,0,0,0,0,0
202397,Ish Smith,WAS,202106020PHI,"Jun 2, 2021",PHI,9,8,0,8,50.0,56.25,-6.25,6,6,2,3,0,0,0,0,0,0,0,0,0,0,0,0,0,0,0,0,0,0,0,0
201588,George Hill,PHI,202106020PHI,"Jun 2, 2021",WAS,2,0,2,1,100.0,113.64,-13.64,0,0,0,0,1,2,0,0,0,0,0,0,0,0,0,0,0,0,0,0,0,0,0,0
201577,Robin Lopez,WAS,202106020PHI,"Jun 2, 2021",PHI,7,4,2,5,70.0,71.72,-1.72,4,6,0,0,1,1,0,0,0,0,0,0,0,0,0,0,0,0,0,0,0,0,0,0
2730,Dwight Howard,PHI,202106020PHI,"Jun 2, 2021",WAS,12,2,10,7,85.71,93.75,-8.04,2,4,0,0,3,5,0,0,0,0,0,0,0,0,0,0,0,0,0,0,0,0,2,3
1630178,Tyrese Maxey,PHI,202106020PHI,"Jun 2, 2021",WAS,13,14,2,15,40.62,43.68,-3.06,12,12,2,0,1,1,0,0,0,0,0,0,0,0,0,0,0,0,0,0,0,0,0,0
1627788,Furkan Korkmaz,PHI,202106020PHI,"Jun 2, 2021",WAS,10,8,0,8,47.62,62.5,-14.88,3,4,5,6,0,0,0,0,0,0,0,0,0,0,0,0,0,0,0,0,0,0,0,0
1629003,Shake Milton,PHI,202106020PHI,"Jun 2, 2021",WAS,2,1,2,2,50.0,53.19,-3.19,1,0,0,0,1,2,0,0,0,0,0,0,0,0,0,0,0,0,0,0,0,0,0,0
scottmi01,M. Scott,PHI,202106020PHI,"Jun 2, 2021",WAS,0,1,0,1,0.0,0.0,0.0,0,0,1,0,0,0,0,0,0,0,0,0,0,0,0,0,0,0,0,0,0,0,0,0
1629726,Garrison Mathews,WAS,202106020PHI,"Jun 2, 2021",PHI,1,0,2,1,50.0,56.82,-6.82,0,0,0,0,0,0,0,0,0,0,0,0,0,0,0,0,0,0,0,0,0,0,1,1
1628990,Chandler Hutchison,WAS,202106020PHI,"Jun 2, 2021",PHI,2,1,0,1,100.0,100.0,0.0,1,2,0,0,0,0,0,0,0,0,0,0,0,0,0,0,0,0,0,0,0,0,0,0
1630194,Paul Reed,PHI,202106020PHI,"Jun 2, 2021",WAS,0,1,0,1,0.0,0.0,0.0,1,0,0,0,0,0,0,0,0,0,0,0,0,0,0,0,0,0,0,0,0,0,0,0
1629730,Rayjon Tucker,PHI,202106020PHI,"Jun 2, 2021",WAS,1,0,2,1,50.0,56.82,-6.82,0,0,0,0,1,1,0,0,0,0,0,0,0,0,0,0,0,0,0,0,0,0,0,0
1629027,Trae Young,ATL,202106020NYK,"Jun 2, 2021",NYK,36,28,15,35,43.9,52.02,-8.12,17,14,11,9,3,5,2,5,0,0,0,0,1,1,0,0,0,0,0,0,0,0,1,2
203944,Julius Randle,NYK,202106020NYK,"Jun 2, 2021",ATL,23,21,4,23,41.82,50.53,-8.71,12,10,9,9,2,4,0,0,0,0,0,0,0,0,0,0,0,0,0,0,0,0,0,0
203992,Bogdan Bogdanović,ATL,202106020NYK,"Jun 2, 2021",NYK,9,11,0,11,31.03,40.91,-9.88,4,6,7,3,0,0,0,0,0,0,0,0,0,0,0,0,0,0,0,0,0,0,0,0
203991,Clint Capela,ATL,202106020NYK,"Jun 2, 2021",NYK,14,7,2,8,87.5,88.83,-1.33,7,12,0,0,1,2,0,0,0,0,0,0,0,0,0,0,0,0,0,0,0,0,0,0
201565,Derrick Rose,NYK,202106020NYK,"Jun 2, 2021",ATL,6,11,0,11,26.09,27.27,-1.18,10,6,1,0,0,0,0,0,0,0,0,0,0,0,0,0,0,0,0,0,0,0,0,0
1628381,John Collins,ATL,202106020NYK,"Jun 2, 2021",NYK,13,9,3,10,52.0,62.98,-10.98,4,6,4,3,1,1,0,0,1,3,0,0,0,0,0,0,0,0,0,0,0,0,0,0
1629628,RJ Barrett,NYK,202106020NYK,"Jun 2, 2021",ATL,17,14,6,17,42.5,51.08,-8.58,8,6,6,6,3,5,0,0,0,0,0,0,0,0,0,0,0,0,0,0,0,0,0,0
203493,Reggie Bullock Jr.,NYK,202106020NYK,"Jun 2, 2021",ATL,12,10,0,10,42.86,60.0,-17.14,2,0,8,12,0,0,0,0,0,0,0,0,0,0,0,0,0,0,0,0,0,0,0,0
1629631,De'Andre Hunter,ATL,202106020NYK,"Jun 2, 2021",NYK,15,11,4,13,55.56,58.78,-3.22,10,10,1,3,1,1,0,0,0,0,0,0,0,0,1,1,0,0,0,0,0,0,0,0
201959,Taj Gibson,NYK,202106020NYK,"Jun 2, 2021",ATL,4,4,0,4,50.0,50.0,0.0,4,4,0,0,0,0,0,0,0,0,0,0,0,0,0,0,0,0,0,0,0,0,0,0
1628989,Kevin Huerter,ATL,202106020NYK,"Jun 2, 2021",NYK,8,8,0,8,36.36,50.0,-13.64,2,2,6,6,0,0,0,0,0,0,0,0,0,0,0,0,0,0,0,0,0,0,0,0
203457,Nerlens Noel,NYK,202106020NYK,"Jun 2, 2021",ATL,2,2,0,2,50.0,50.0,0.0,2,2,0,0,0,0,0,0,0,0,0,0,0,0,0,0,0,0,0,0,0,0,0,0
201568,Danilo Gallinari,ATL,202106020NYK,"Jun 2, 2021",NYK,1,7,2,8,5.88,6.35,-0.47,6,0,1,0,1,1,0,0,0,0,0,0,0,0,0,0,0,0,0,0,0,0,0,0
203524,Solomon Hill,ATL,202106020NYK,"Jun 2, 2021",NYK,0,1,0,1,0.0,0.0,0.0,0,0,1,0,0,0,0,0,0,0,0,0,0,0,0,0,0,0,0,0,0,0,0,0
202692,Alec Burks,NYK,202106020NYK,"Jun 2, 2021",ATL,12,10,2,11,48.0,55.15,-7.15,7,8,3,3,1,1,0,0,0,0,0,0,0,0,0,0,0,0,0,0,0,0,0,0
1630168,Onyeka Okongwu,ATL,202106020NYK,"Jun 2, 2021",NYK,2,1,0,1,100.0,100.0,0.0,1,2,0,0,0,0,0,0,0,0,0,0,0,0,0,0,0,0,0,0,0,0,0,0
101150,Lou Williams,ATL,202106020NYK,"Jun 2, 2021",NYK,5,4,0,4,45.45,62.5,-17.05,1,2,3,3,0,0,0,0,0,0,0,0,0,0,0,0,0,0,0,0,0,0,0,0
1630193,Immanuel Quickley,NYK,202106020NYK,"Jun 2, 2021",ATL,11,6,6,9,55.0,63.66,-8.66,4,0,2,6,3,5,0,0,0,0,0,0,0,0,0,0,0,0,0,0,0,0,0,0
1630167,Obi Toppin,NYK,202106020NYK,"Jun 2, 2021",ATL,2,4,0,4,22.22,25.0,-2.78,3,2,1,0,0,0,0,0,0,0,0,0,0,0,0,0,0,0,0,0,0,0,0,0
1628378,Donovan Mitchell,UTA,202106020UTA,"Jun 2, 2021",MEM,30,16,3,17,69.77,86.61,-16.84,7,10,8,15,1,2,0,0,1,3,0,0,0,0,0,0,0,0,0,0,0,0,0,0
1629630,Ja Morant,MEM,202106020UTA,"Jun 2, 2021",UTA,27,22,0,22,50.94,61.36,-10.42,13,12,9,15,0,0,0,0,0,0,0,0,0,0,0,0,0,0,0,0,0,0,0,0
203497,Rudy Gobert,UTA,202106020UTA,"Jun 2, 2021",MEM,23,13,4,15,76.67,77.91,-1.24,13,20,0,0,2,3,0,0,0,0,0,0,0,0,0,0,0,0,0,0,0,0,0,0
202685,Jonas Valančiūnas,MEM,202106020UTA,"Jun 2, 2021",UTA,18,13,0,13,60.0,69.23,-9.23,9,12,4,6,0,0,0,0,0,0,0,0,0,0,0,0,0,0,0,0,0,0,0,0
203937,Kyle Anderson,MEM,202106020UTA,"Jun 2, 2021",UTA,2,5,0,5,18.18,20.0,-1.82,4,2,1,0,0,0,0,0,0,0,0,0,0,0,0,0,0,0,0,0,0,0,0,0
1628991,Jaren Jackson Jr.,MEM,202106020UTA,"Jun 2, 2021",UTA,15,11,1,11,51.72,65.56,-13.84,4,6,6,6,0,0,0,0,1,3,0,0,0,0,0,0,0,0,0,0,0,0,0,0
202711,Bojan Bogdanovic,UTA,202106020UTA,"Jun 2, 2021",MEM,17,14,2,15,47.22,57.12,-9.9,8,6,6,9,1,2,0,0,0,0,0,0,0,0,0,0,0,0,0,0,0,0,0,0
201144,Mike Conley,UTA,202106020UTA,"Jun 2, 2021",MEM,7,4,0,4,77.78,87.5,-9.72,3,4,1,3,0,0,0,0,0,0,0,0,0,0,0,0,0,0,0,0,0,0,0,0
1628415,Dillon Brooks,MEM,202106020UTA,"Jun 2, 2021",UTA,27,18,7,21,56.25,64.04,-7.79,12,10,5,9,3,5,0,0,1,3,0,0,0,0,0,0,0,0,0,0,0,0,0,0
1626220,Royce O'Neale,UTA,202106020UTA,"Jun 2, 2021",MEM,17,11,0,11,58.62,77.27,-18.65,4,8,7,9,0,0,0,0,0,0,0,0,0,0,0,0,0,0,0,0,0,0,0,0
1628960,Grayson Allen,MEM,202106020UTA,"Jun 2, 2021",UTA,2,4,0,4,20.0,25.0,-5.0,2,2,2,0,0,0,0,0,0,0,0,0,0,0,0,0,0,0,0,0,0,0,0,0
1630217,Desmond Bane,MEM,202106020UTA,"Jun 2, 2021",UTA,5,6,0,6,29.41,41.67,-12.26,1,2,5,3,0,0,0,0,0,0,0,0,0,0,0,0,0,0,0,0,0,0,0,0
202324,Derrick Favors,UTA,202106020UTA,"Jun 2, 2021",MEM,2,1,0,1,100.0,100.0,0.0,1,2,0,0,0,0,0,0,0,0,0,0,0,0,0,0,0,0,0,0,0,0,0,0
204060,Joe Ingles,UTA,202106020UTA,"Jun 2, 2021",MEM,0,5,0,5,0.0,0.0,0.0,1,0,4,0,0,0,0,0,0,0,0,0,0,0,0,0,0,0,0,0,0,0,0,0
203903,Jordan Clarkson,UTA,202106020UTA,"Jun 2, 2021",MEM,24,20,3,21,43.64,56.29,-12.65,7,10,12,9,1,2,0,0,1,3,0,0,0,0,0,0,0,0,0,0,0,0,0,0
1627777,Georges Niang,UTA,202106020UTA,"Jun 2, 2021",MEM,6,7,0,7,30.0,42.86,-12.86,1,0,6,6,0,0,0,0,0,0,0,0,0,0,0,0,0,0,0,0,0,0,0,0
1626145,Tyus Jones,MEM,202106020UTA,"Jun 2, 2021",UTA,4,6,0,6,28.57,33.33,-4.76,4,4,2,0,0,0,0,0,0,0,0,0,0,0,0,0,0,0,0,0,0,0,0,0
1629001,De'Anthony Melton,MEM,202106020UTA,"Jun 2, 2021",UTA,6,6,1,6,35.29,46.58,-11.29,1,0,4,3,0,0,0,0,1,3,0,0,0,0,0,0,0,0,0,0,0,0,0,0
1629634,Brandon Clarke,MEM,202106020UTA,"Jun 2, 2021",UTA,2,2,0,2,50.0,50.0,0.0,2,2,0,0,0,0,0,0,0,0,0,0,0,0,0,0,0,0,0,0,0,0,0,0
1629723,John Konchar,MEM,202106020UTA,"Jun 2, 2021",UTA,0,1,0,1,0.0,0.0,0.0,0,0,1,0,0,0,0,0,0,0,0,0,0,0,0,0,0,0,0,0,0,0,0,0
1630214,Xavier Tillman,MEM,202106020UTA,"Jun 2, 2021",UTA,2,1,0,1,100.0,100.0,0.0,1,2,0,0,0,0,0,0,0,0,0,0,0,0,0,0,0,0,0,0,0,0,0,0
1629714,Jarrell Brantley,UTA,202106020UTA,"Jun 2, 2021",MEM,0,1,0,1,0.0,0.0,0.0,1,0,0,0,0,0,0,0,0,0,0,0,0,0,0,0,0,0,0,0,0,0,0,0
1630235,Trent Forrest,UTA,202106020UTA,"Jun 2, 2021",MEM,0,1,0,1,0.0,0.0,0.0,1,0,0,0,0,0,0,0,0,0,0,0,0,0,0,0,0,0,0,0,0,0,0,0
1629744,Matt Thomas,UTA,202106020UTA,"Jun 2, 2021",MEM,0,2,0,2,0.0,0.0,0.0,2,0,0,0,0,0,0,0,0,0,0,0,0,0,0,0,0,0,0,0,0,0,0,0
202704,Reggie Jackson,DAL,202106020LAC,"Jun 2, 2021",LAC,20,16,0,16,45.45,62.5,-17.05,4,2,12,18,0,0,0,0,0,0,0,0,0,0,0,0,0,0,0,0,0,0,0,0
203501,Tim Hardaway Jr.,DAL,202106020LAC,"Jun 2, 2021",LAC,20,19,5,22,37.74,47.17,-9.43,9,6,10,9,1,2,0,0,0,0,0,0,1,1,0,0,0,0,0,0,0,0,1,2
202694,Marcus Morris Sr.,LAC,202106020LAC,"Jun 2, 2021",DAL,16,13,2,14,44.44,57.64,-13.2,5,2,8,12,1,2,0,0,0,0,0,0,0,0,0,0,0,0,0,0,0,0,0,0
204001,Kristaps Porziņģis,DAL,202106020LAC,"Jun 2, 2021",LAC,8,6,0,6,50.0,66.67,-16.67,2,2,4,6,0,0,0,0,0,0,0,0,0,0,0,0,0,0,0,0,0,0,0,0
202331,Paul George,LAC,202106020LAC,"Jun 2, 2021",DAL,23,15,6,18,53.49,65.19,-11.7,8,8,7,9,3,6,0,0,0,0,0,0,0,0,0,0,0,0,0,0,0,0,0,0
1629029,Luka Dončić,DAL,202106020LAC,"Jun 2, 2021",LAC,42,37,3,38,47.19,54.8,-7.61,24,20,12,18,1,2,0,0,1,2,0,0,0,0,0,0,0,0,0,0,0,0,0,0
201587,Nicolas Batum,LAC,202106020LAC,"Jun 2, 2021",DAL,10,7,4,9,52.63,57.08,-4.45,6,6,1,0,1,2,0,0,0,0,0,0,0,0,0,0,0,0,0,0,0,0,1,2
202695,Kawhi Leonard,LAC,202106020LAC,"Jun 2, 2021",DAL,20,19,6,22,39.22,46.21,-6.99,11,10,7,3,1,1,0,0,1,3,0,0,1,1,0,0,0,0,0,0,0,0,1,2
1626246,Boban Marjanovic,DAL,202106020LAC,"Jun 2, 2021",LAC,9,6,4,8,56.25,57.99,-1.74,6,6,0,0,2,3,0,0,0,0,0,0,0,0,0,0,0,0,0,0,0,0,0,0
1627827,Dorian Finney-Smith,DAL,202106020LAC,"Jun 2, 2021",LAC,8,9,2,10,30.77,40.49,-9.72,3,0,6,6,0,0,0,0,0,0,0,0,0,0,0,0,0,0,0,0,0,0,1,2
1628467,Maxi Kleber,DAL,202106020LAC,"Jun 2, 2021",LAC,7,4,1,4,53.85,78.83,-24.98,0,0,3,3,0,0,0,0,0,0,1,4,0,0,0,0,0,0,0,0,0,0,0,0
203939,Dwight Powell,DAL,202106020LAC,"Jun 2, 2021",LAC,8,3,2,4,100.0,103.09,-3.09,3,6,0,0,1,2,0,0,0,0,0,0,0,0,0,0,0,0,0,0,0,0,0,0
200765,Rajon Rondo,LAC,202106020LAC,"Jun 2, 2021",DAL,1,6,2,7,5.88,7.27,-1.39,3,0,3,0,1,1,0,0,0,0,0,0,0,0,0,0,0,0,0,0,0,0,0,0
1627826,Ivica Zubac,LAC,202106020LAC,"Jun 2, 2021",DAL,6,2,3,3,85.71,90.36,-4.65,1,2,0,0,1,2,0,0,1,2,0,0,0,0,0,0,0,0,0,0,0,0,0,0
1628973,Jalen Brunson,DAL,202106020LAC,"Jun 2, 2021",LAC,2,3,0,3,33.33,33.33,0.0,3,2,0,0,0,0,0,0,0,0,0,0,0,0,0,0,0,0,0,0,0,0,0,0
1629611,Terance Mann,LAC,202106020LAC,"Jun 2, 2021",DAL,4,2,2,3,66.67,69.44,-2.77,2,4,0,0,1,0,0,0,0,0,0,0,0,0,0,0,0,0,0,0,0,0,0,0
1626196,Josh Richardson,DAL,202106020LAC,"Jun 2, 2021",LAC,2,2,2,3,28.57,34.72,-6.15,1,0,1,0,0,0,0,0,0,0,0,0,0,0,0,0,0,0,0,0,0,0,1,2
1626161,Willie Cauley-Stein,DAL,202106020LAC,"Jun 2, 2021",LAC,2,1,0,1,100.0,100.0,0.0,1,2,0,0,0,0,0,0,0,0,0,0,0,0,0,0,0,0,0,0,0,0,0,0
1630267,Facundo Campazzo,DEN,202106030POR,"Jun 3, 2021",POR,10,5,5,7,52.63,69.44,-16.81,1,2,4,3,1,2,1,3,0,0,0,0,0,0,0,0,0,0,0,0,0,0,0,0
203468,CJ McCollum,POR,202106030POR,"Jun 3, 2021",DEN,21,21,2,22,40.38,47.99,-7.61,13,14,8,6,1,1,0,0,0,0,0,0,0,0,0,0,0,0,0,0,0,0,0,0
1626181,Norman Powell,POR,202106030POR,"Jun 3, 2021",DEN,17,13,2,14,50.0,61.24,-11.24,7,6,6,9,1,2,0,0,0,0,0,0,0,0,0,0,0,0,0,0,0,0,0,0
1629008,Michael Porter Jr.,DEN,202106030POR,"Jun 3, 2021",POR,26,19,0,19,52.0,68.42,-16.42,7,8,12,18,0,0,0,0,0,0,0,0,0,0,0,0,0,0,0,0,0,0,0,0
203085,Austin Rivers,DEN,202106030POR,"Jun 3, 2021",POR,7,6,0,6,50.0,58.33,-8.33,4,4,2,3,0,0,0,0,0,0,0,0,0,0,0,0,0,0,0,0,0,0,0,0
203081,Damian Lillard,POR,202106030POR,"Jun 3, 2021",DEN,28,20,9,24,46.67,58.43,-11.76,9,10,11,9,1,2,1,3,0,0,0,0,0,0,0,0,0,0,0,0,0,0,2,4
203496,Robert Covington,POR,202106030POR,"Jun 3, 2021",DEN,11,3,2,4,100.0,141.75,-41.75,0,0,3,9,1,2,0,0,0,0,0,0,0,0,0,0,0,0,0,0,0,0,0,0
203999,Nikola Jokić,DEN,202106030POR,"Jun 3, 2021",POR,36,22,8,25,64.29,70.53,-6.24,17,20,4,6,1,2,1,3,1,3,0,0,0,0,0,0,0,0,0,0,0,0,1,2
203932,Aaron Gordon,DEN,202106030POR,"Jun 3, 2021",POR,13,8,4,10,59.09,66.6,-7.51,6,4,2,6,2,3,0,0,0,0,0,0,0,0,0,0,0,0,0,0,0,0,0,0
203994,Jusuf Nurkić,POR,202106030POR,"Jun 3, 2021",DEN,13,7,4,9,68.42,74.2,-5.78,6,10,1,0,2,3,0,0,0,0,0,0,0,0,0,0,0,0,0,0,0,0,0,0
200794,Paul Millsap,DEN,202106030POR,"Jun 3, 2021",POR,2,5,0,5,15.38,20.0,-4.62,2,2,3,0,0,0,0,0,0,0,0,0,0,0,0,0,0,0,0,0,0,0,0,0
1628420,Monte Morris,DEN,202106030POR,"Jun 3, 2021",POR,22,16,5,18,51.16,60.44,-9.28,9,8,6,9,1,1,0,0,1,2,0,0,0,0,0,0,0,0,0,0,0,0,1,2
2546,Carmelo Anthony,POR,202106030POR,"Jun 3, 2021",DEN,14,9,3,10,58.33,67.83,-9.5,5,6,3,3,0,0,0,0,1,3,0,0,0,0,0,0,0,0,0,0,0,0,1,2
203210,JaMychal Green,DEN,202106030POR,"Jun 3, 2021",POR,10,5,5,7,62.5,69.44,-6.94,3,4,1,0,2,4,0,0,1,2,0,0,0,0,0,0,0,0,0,0,0,0,0,0
holliro01,R. Hollis-Jefferson,POR,202106030POR,"Jun 3, 2021",DEN,2,2,0,2,50.0,50.0,0.0,2,2,0,0,0,0,0,0,0,0,0,0,0,0,0,0,0,0,0,0,0,0,0,0
1629014,Anfernee Simons,POR,202106030POR,"Jun 3, 2021",DEN,9,3,0,3,100.0,150.0,-50.0,0,0,3,9,0,0,0,0,0,0,0,0,0,0,0,0,0,0,0,0,0,0,0,0
1629833,Keljin Blevins,POR,202106030POR,"Jun 3, 2021",DEN,0,1,0,1,0.0,0.0,0.0,0,0,1,0,0,0,0,0,0,0,0,0,0,0,0,0,0,0,0,0,0,0,0,0
203109,Jae Crowder,PHX,202106030LAL,"Jun 3, 2021",LAL,18,9,0,9,66.67,100.0,-33.33,0,0,9,18,0,0,0,0,0,0,0,0,0,0,0,0,0,0,0,0,0,0,0,0
203471,Dennis Schröder,LAL,202106030LAL,"Jun 3, 2021",PHX,20,14,6,18,50.0,60.1,-10.1,8,8,6,6,2,4,0,0,0,0,0,0,2,2,0,0,0,0,0,0,0,0,0,0
1626164,Devin Booker,PHX,202106030LAL,"Jun 3, 2021",LAL,47,22,9,27,74.6,90.52,-15.92,12,14,10,24,2,4,0,0,0,0,0,0,1,1,0,0,0,0,0,0,0,0,2,4
101108,Chris Paul,PHX,202106030LAL,"Jun 3, 2021",LAL,8,12,0,12,29.63,33.33,-3.7,9,8,3,0,0,0,0,0,0,0,0,0,0,0,0,0,0,0,0,0,0,0,0,0
203484,Kentavious Caldwell-Pope,LAL,202106030LAL,"Jun 3, 2021",PHX,19,11,2,11,63.33,79.97,-16.64,3,4,6,9,0,0,0,0,2,6,0,0,0,0,0,0,0,0,0,0,0,0,0,0
1629028,Deandre Ayton,PHX,202106030LAL,"Jun 3, 2021",LAL,8,4,2,5,80.0,81.97,-1.97,4,6,0,0,1,2,0,0,0,0,0,0,0,0,0,0,0,0,0,0,0,0,0,0
2544,LeBron James,LAL,202106030LAL,"Jun 3, 2021",PHX,29,26,6,29,42.65,50.63,-7.98,15,14,10,9,2,3,0,0,1,3,0,0,1,0,0,0,0,0,0,0,0,0,0,0
1628969,Mikal Bridges,PHX,202106030LAL,"Jun 3, 2021",LAL,10,10,1,10,37.04,47.89,-10.85,3,4,6,3,0,0,0,0,1,3,0,0,0,0,0,0,0,0,0,0,0,0,0,0
gasolma01,M. Gasol,LAL,202106030LAL,"Jun 3, 2021",PHX,0,1,0,1,0.0,0.0,0.0,1,0,0,0,0,0,0,0,0,0,0,0,0,0,0,0,0,0,0,0,0,0,0,0
1628398,Kyle Kuzma,LAL,202106030LAL,"Jun 3, 2021",PHX,2,6,0,6,14.29,16.67,-2.38,4,2,2,0,0,0,0,0,0,0,0,0,0,0,0,0,0,0,0,0,0,0,0,0
1626166,Cameron Payne,PHX,202106030LAL,"Jun 3, 2021",LAL,7,8,4,10,30.43,35.86,-5.43,5,0,3,3,2,4,0,0,0,0,0,0,0,0,0,0,0,0,0,0,0,0,0,0
johnsca02,C. Johnson,PHX,202106030LAL,"Jun 3, 2021",LAL,10,3,4,5,76.92,105.04,-28.12,0,0,3,6,1,2,0,0,0,0,0,0,0,0,1,2,0,0,0,0,0,0,0,0
1627936,Alex Caruso,LAL,202106030LAL,"Jun 3, 2021",PHX,2,3,0,3,33.33,33.33,0.0,3,2,0,0,0,0,0,0,0,0,0,0,0,0,0,0,0,0,0,0,0,0,0,0
1626149,Montrezl Harrell,LAL,202106030LAL,"Jun 3, 2021",PHX,2,4,0,4,25.0,25.0,0.0,4,2,0,0,0,0,0,0,0,0,0,0,0,0,0,0,0,0,0,0,0,0,0,0
202083,Wesley Matthews,LAL,202106030LAL,"Jun 3, 2021",PHX,12,12,2,13,37.5,46.58,-9.08,6,4,6,6,1,2,0,0,0,0,0,0,0,0,0,0,0,0,0,0,0,0,0,0
1626163,Frank Kaminsky,PHX,202106030LAL,"Jun 3, 2021",LAL,2,2,0,2,40.0,50.0,-10.0,1,2,1,0,0,0,0,0,0,0,0,0,0,0,0,0,0,0,0,0,0,0,0,0
1628470,Torrey Craig,PHX,202106030LAL,"Jun 3, 2021",LAL,3,3,2,4,37.5,38.66,-1.16,3,2,0,0,0,0,0,0,0,0,0,0,0,0,1,1,0,0,0,0,0,0,0,0
1629659,Talen Horton-Tucker,LAL,202106030LAL,"Jun 3, 2021",PHX,12,9,0,9,63.16,66.67,-3.51,8,12,1,0,0,0,0,0,0,0,0,0,0,0,0,0,0,0,0,0,0,0,0,0
202694,Marcus Morris Sr.,PHX,202106030LAL,"Jun 3, 2021",LAL,2,4,0,4,18.18,25.0,-6.82,1,2,3,0,0,0,0,0,0,0,0,0,0,0,0,0,0,0,0,0,0,0,0,0
1628035,Alfonzo McKinnie,LAL,202106030LAL,"Jun 3, 2021",PHX,0,1,0,1,0.0,0.0,0.0,0,0,1,0,0,0,0,0,0,0,0,0,0,0,0,0,0,0,0,0,0,0,0,0
1629029,Luka Dončić,DAL,202106040DAL,"Jun 4, 2021",LAC,29,24,5,26,46.77,55.34,-8.57,15,18,9,6,1,2,1,3,0,0,0,0,0,0,0,0,0,0,0,0,0,0,0,0
202331,Paul George,LAC,202106040DAL,"Jun 4, 2021",DAL,20,15,10,20,42.55,51.55,-9.0,8,8,7,6,4,5,0,0,0,0,0,0,0,0,0,0,0,0,0,0,0,0,1,1
203501,Tim Hardaway Jr.,DAL,202106040DAL,"Jun 4, 2021",LAC,23,19,1,19,46.0,59.16,-13.16,7,8,11,12,0,0,0,0,1,3,0,0,0,0,0,0,0,0,0,0,0,0,0,0
202704,Reggie Jackson,DAL,202106040DAL,"Jun 4, 2021",LAC,25,15,8,19,55.56,67.49,-11.93,8,10,7,9,0,0,0,0,0,0,0,0,0,0,0,0,0,0,0,0,0,0,4,6
1627827,Dorian Finney-Smith,DAL,202106040DAL,"Jun 4, 2021",LAC,11,8,2,9,44.0,61.94,-17.94,1,0,7,9,1,2,0,0,0,0,0,0,0,0,0,0,0,0,0,0,0,0,0,0
202695,Kawhi Leonard,LAC,202106040DAL,"Jun 4, 2021",DAL,45,25,4,26,71.43,84.08,-12.65,15,24,9,15,0,0,1,3,1,3,0,0,0,0,0,0,0,0,0,0,0,0,0,0
204001,Kristaps Porziņģis,DAL,202106040DAL,"Jun 4, 2021",LAC,7,7,0,7,41.18,50.0,-8.82,4,4,3,3,0,0,0,0,0,0,0,0,0,0,0,0,0,0,0,0,0,0,0,0
201587,Nicolas Batum,LAC,202106040DAL,"Jun 4, 2021",DAL,6,6,2,7,33.33,43.6,-10.27,2,4,4,0,1,2,0,0,0,0,0,0,0,0,0,0,0,0,0,0,0,0,0,0
1626246,Boban Marjanovic,DAL,202106040DAL,"Jun 4, 2021",LAC,12,13,2,14,42.86,43.23,-0.37,13,10,0,0,1,2,0,0,0,0,0,0,0,0,0,0,0,0,0,0,0,0,0,0
202694,Marcus Morris Sr.,LAC,202106040DAL,"Jun 4, 2021",DAL,4,10,2,11,16.0,18.38,-2.38,7,2,3,0,0,0,0,0,0,0,0,0,0,0,0,0,0,0,0,0,0,0,1,2
1628973,Jalen Brunson,DAL,202106040DAL,"Jun 4, 2021",LAC,7,8,2,9,35.0,39.41,-4.41,6,4,2,3,0,0,0,0,0,0,0,0,0,0,0,0,0,0,0,0,0,0,1,0
1628467,Maxi Kleber,DAL,202106040DAL,"Jun 4, 2021",LAC,0,4,0,4,0.0,0.0,0.0,3,0,1,0,0,0,0,0,0,0,0,0,0,0,0,0,0,0,0,0,0,0,0,0
1626196,Josh Richardson,DAL,202106040DAL,"Jun 4, 2021",LAC,6,4,2,5,54.55,61.48,-6.93,3,4,1,0,1,2,0,0,0,0,0,0,0,0,0,0,0,0,0,0,0,0,0,0
1628379,Luke Kennard,LAC,202106040DAL,"Jun 4, 2021",DAL,2,4,0,4,18.18,25.0,-6.82,1,2,3,0,0,0,0,0,0,0,0,0,0,0,0,0,0,0,0,0,0,0,0,0
1627826,Ivica Zubac,LAC,202106040DAL,"Jun 4, 2021",DAL,2,0,2,1,100.0,113.64,-13.64,0,0,0,0,1,2,0,0,0,0,0,0,0,0,0,0,0,0,0,0,0,0,0,0
200765,Rajon Rondo,LAC,202106040DAL,"Jun 4, 2021",DAL,0,2,0,2,0.0,0.0,0.0,1,0,1,0,0,0,0,0,0,0,0,0,0,0,0,0,0,0,0,0,0,0,0,0
1626161,Willie Cauley-Stein,DAL,202106040DAL,"Jun 4, 2021",LAC,2,2,0,2,50.0,50.0,0.0,2,2,0,0,0,0,0,0,0,0,0,0,0,0,0,0,0,0,0,0,0,0,0,0
203114,Khris Middleton,MIL,202106050BRK,"Jun 5, 2021",BKN,13,23,2,24,24.53,27.22,-2.69,18,12,5,0,0,0,0,0,0,0,0,0,0,0,0,0,0,0,0,0,0,0,1,1
203925,Joe Harris,BKN,202106050BRK,"Jun 5, 2021",MIL,19,11,0,11,61.29,86.36,-25.07,2,4,9,15,0,0,0,0,0,0,0,0,0,0,0,0,0,0,0,0,0,0,0,0
200782,P.J. Tucker,MIL,202106050BRK,"Jun 5, 2021",BKN,7,5,2,6,43.75,59.52,-15.77,1,2,4,3,1,2,0,0,0,0,0,0,0,0,0,0,0,0,0,0,0,0,0,0
201933,Blake Griffin,BKN,202106050BRK,"Jun 5, 2021",MIL,18,13,0,13,51.43,69.23,-17.8,4,6,9,12,0,0,0,0,0,0,0,0,0,0,0,0,0,0,0,0,0,0,0,0
1628971,Bruce Brown,BKN,202106050BRK,"Jun 5, 2021",MIL,6,5,2,6,46.15,51.02,-4.87,4,4,1,0,1,2,0,0,0,0,0,0,0,0,0,0,0,0,0,0,0,0,0,0
203507,Giannis Antetokounmpo,MIL,202106050BRK,"Jun 5, 2021",BKN,34,24,3,25,60.71,67.14,-6.43,18,26,5,6,1,0,0,0,1,2,0,0,0,0,0,0,0,0,0,0,0,0,0,0
201142,Kevin Durant,BKN,202106050BRK,"Jun 5, 2021",MIL,29,25,4,27,50.0,54.19,-4.19,21,22,4,3,1,2,0,0,0,0,0,0,0,0,0,0,0,0,0,0,0,0,1,2
201950,Jrue Holiday,MIL,202106050BRK,"Jun 5, 2021",BKN,17,19,3,20,35.42,41.83,-6.41,11,8,7,6,1,0,0,0,1,3,0,0,0,0,0,0,0,0,0,0,0,0,0,0
202681,Kyrie Irving,BKN,202106050BRK,"Jun 5, 2021",MIL,25,26,0,26,39.68,48.08,-8.4,15,16,11,9,0,0,0,0,0,0,0,0,0,0,0,0,0,0,0,0,0,0,0,0
201572,Brook Lopez,MIL,202106050BRK,"Jun 5, 2021",BKN,19,11,3,12,73.08,77.11,-4.03,9,14,1,0,0,0,0,0,1,3,0,0,0,0,0,0,0,0,0,0,0,0,1,2
1627854,Bryn Forbes,MIL,202106050BRK,"Jun 5, 2021",BKN,5,8,0,8,23.81,31.25,-7.44,3,2,5,3,0,0,0,0,0,0,0,0,0,0,0,0,0,0,0,0,0,0,0,0
1626171,Bobby Portis,MIL,202106050BRK,"Jun 5, 2021",BKN,6,7,1,7,37.5,40.32,-2.82,5,4,1,0,0,0,0,0,1,2,0,0,0,0,0,0,0,0,0,0,0,0,0,0
1629651,Nic Claxton,BKN,202106050BRK,"Jun 5, 2021",MIL,4,2,3,3,57.14,60.24,-3.1,1,0,0,0,0,0,0,0,1,2,0,0,0,0,0,0,0,0,0,0,0,0,1,2
1629013,Landry Shamet,BKN,202106050BRK,"Jun 5, 2021",MIL,2,3,0,3,28.57,33.33,-4.76,2,2,1,0,0,0,0,0,0,0,0,0,0,0,0,0,0,0,0,0,0,0,0,0
1626192,Pat Connaughton,MIL,202106050BRK,"Jun 5, 2021",BKN,3,2,1,2,50.0,61.48,-11.48,0,0,1,0,0,0,0,0,1,3,0,0,0,0,0,0,0,0,0,0,0,0,0,0
jamesmi02,M. James,BKN,202106050BRK,"Jun 5, 2021",MIL,12,11,0,11,46.15,54.55,-8.4,7,6,4,6,0,0,0,0,0,0,0,0,0,0,0,0,0,0,0,0,0,0,0,0
teaguje01,J. Teague,MIL,202106050BRK,"Jun 5, 2021",BKN,2,2,2,3,28.57,34.72,-6.15,1,0,1,0,1,2,0,0,0,0,0,0,0,0,0,0,0,0,0,0,0,0,0,0
203648,Thanasis Antetokounmpo,MIL,202106050BRK,"Jun 5, 2021",BKN,1,0,2,1,50.0,56.82,-6.82,0,0,0,0,0,0,0,0,0,0,0,0,1,1,0,0,0,0,0,0,0,0,0,0
204020,Tyler Johnson,BKN,202106050BRK,"Jun 5, 2021",MIL,0,1,0,1,0.0,0.0,0.0,1,0,0,0,0,0,0,0,0,0,0,0,0,0,0,0,0,0,0,0,0,0,0,0
1627789,Timothe Luwawu-Cabarrot,BKN,202106050BRK,"Jun 5, 2021",MIL,0,1,0,1,0.0,0.0,0.0,1,0,0,0,0,0,0,0,0,0,0,0,0,0,0,0,0,0,0,0,0,0,0,0
203992,Bogdan Bogdanović,ATL,202106060PHI,"Jun 6, 2021",PHI,21,17,2,18,43.75,58.72,-14.97,5,4,12,15,0,0,0,0,0,0,0,0,0,0,0,0,0,0,0,0,0,0,1,2
1627732,Ben Simmons,PHI,202106060PHI,"Jun 6, 2021",ATL,17,7,10,12,70.83,74.56,-3.73,7,14,0,0,2,0,0,0,0,0,0,0,0,0,0,0,0,0,0,0,0,0,3,3
1628381,John Collins,ATL,202106060PHI,"Jun 6, 2021",PHI,19,9,2,9,79.17,96.15,-16.98,3,4,4,9,0,0,0,0,2,6,0,0,0,0,0,0,0,0,0,0,0,0,0,0
203954,Joel Embiid,PHI,202106060PHI,"Jun 6, 2021",ATL,39,21,15,27,65.0,70.65,-5.65,15,16,3,3,4,8,0,0,3,8,0,0,0,0,0,0,0,0,0,0,0,0,2,4
1629027,Trae Young,ATL,202106060PHI,"Jun 6, 2021",PHI,35,23,9,27,53.03,64.91,-11.88,12,14,11,12,3,6,1,3,0,0,0,0,0,0,0,0,0,0,0,0,0,0,0,0
203991,Clint Capela,ATL,202106060PHI,"Jun 6, 2021",PHI,11,9,2,10,55.0,55.67,-0.67,9,10,0,0,0,0,0,0,0,0,0,0,0,0,0,0,0,0,0,0,0,0,1,1
202699,Tobias Harris,PHI,202106060PHI,"Jun 6, 2021",ATL,20,13,4,15,58.82,67.75,-8.93,9,14,4,3,1,1,0,0,0,0,0,0,0,0,0,0,0,0,0,0,0,0,1,2
203524,Solomon Hill,ATL,202106060PHI,"Jun 6, 2021",PHI,6,7,0,7,28.57,42.86,-14.29,0,0,7,6,0,0,0,0,0,0,0,0,0,0,0,0,0,0,0,0,0,0,0,0
203552,Seth Curry,PHI,202106060PHI,"Jun 6, 2021",ATL,21,12,2,13,60.0,81.52,-21.52,3,4,9,15,0,0,0,0,0,0,0,0,0,0,0,0,0,0,0,0,0,0,1,2
201568,Danilo Gallinari,ATL,202106060PHI,"Jun 6, 2021",PHI,9,4,4,6,64.29,78.12,-13.83,2,2,2,3,1,2,0,0,0,0,0,0,0,0,0,0,0,0,0,0,0,0,1,2
1628989,Kevin Huerter,ATL,202106060PHI,"Jun 6, 2021",PHI,15,9,0,9,62.5,83.33,-20.83,3,6,6,9,0,0,0,0,0,0,0,0,0,0,0,0,0,0,0,0,0,0,0,0
203503,Tony Snell,ATL,202106060PHI,"Jun 6, 2021",PHI,0,1,0,1,0.0,0.0,0.0,0,0,1,0,0,0,0,0,0,0,0,0,0,0,0,0,0,0,0,0,0,0,0,0
1629680,Matisse Thybulle,PHI,202106060PHI,"Jun 6, 2021",ATL,10,6,0,6,62.5,83.33,-20.83,2,4,4,6,0,0,0,0,0,0,0,0,0,0,0,0,0,0,0,0,0,0,0,0
201980,Danny Green,PHI,202106060PHI,"Jun 6, 2021",ATL,4,7,0,7,22.22,28.57,-6.35,3,4,4,0,0,0,0,0,0,0,0,0,0,0,0,0,0,0,0,0,0,0,0,0
1630168,Onyeka Okongwu,ATL,202106060PHI,"Jun 6, 2021",PHI,2,1,0,1,100.0,100.0,0.0,1,2,0,0,0,0,0,0,0,0,0,0,0,0,0,0,0,0,0,0,0,0,0,0
101150,Lou Williams,ATL,202106060PHI,"Jun 6, 2021",PHI,8,6,0,6,50.0,66.67,-16.67,2,2,4,6,0,0,0,0,0,0,0,0,0,0,0,0,0,0,0,0,0,0,0,0
201588,George Hill,PHI,202106060PHI,"Jun 6, 2021",ATL,0,2,0,2,0.0,0.0,0.0,1,0,1,0,0,0,0,0,0,0,0,0,0,0,0,0,0,0,0,0,0,0,0,0
2730,Dwight Howard,PHI,202106060PHI,"Jun 6, 2021",ATL,0,1,0,1,0.0,0.0,0.0,1,0,0,0,0,0,0,0,0,0,0,0,0,0,0,0,0,0,0,0,0,0,0,0
1630178,Tyrese Maxey,PHI,202106060PHI,"Jun 6, 2021",ATL,6,8,4,10,27.27,30.74,-3.47,6,4,2,0,2,2,0,0,0,0,0,0,0,0,0,0,0,0,0,0,0,0,0,0
1627788,Furkan Korkmaz,PHI,202106060PHI,"Jun 6, 2021",ATL,7,5,0,5,58.33,70.0,-11.67,3,4,2,3,0,0,0,0,0,0,0,0,0,0,0,0,0,0,0,0,0,0,0,0
203501,Tim Hardaway Jr.,DAL,202106060LAC,"Jun 6, 2021",LAC,11,14,0,14,29.73,39.29,-9.56,5,8,9,3,0,0,0,0,0,0,0,0,0,0,0,0,0,0,0,0,0,0,0,0
202694,Marcus Morris Sr.,LAC,202106060LAC,"Jun 6, 2021",DAL,23,15,0,15,58.97,76.67,-17.7,6,2,9,21,0,0,0,0,0,0,0,0,0,0,0,0,0,0,0,0,0,0,0,0
1626246,Boban Marjanovic,DAL,202106060LAC,"Jun 6, 2021",LAC,14,11,1,11,60.87,61.19,-0.32,10,12,0,0,0,0,0,0,1,2,0,0,0,0,0,0,0,0,0,0,0,0,0,0
204001,Kristaps Porziņģis,DAL,202106060LAC,"Jun 6, 2021",LAC,16,12,4,14,48.48,58.14,-9.66,7,12,5,0,1,2,0,0,0,0,0,0,0,0,0,0,0,0,0,0,0,0,1,2
1627827,Dorian Finney-Smith,DAL,202106060LAC,"Jun 6, 2021",LAC,18,13,1,13,52.94,66.96,-14.02,5,4,7,12,0,0,0,0,1,2,0,0,0,0,0,0,0,0,0,0,0,0,0,0
202695,Kawhi Leonard,LAC,202106060LAC,"Jun 6, 2021",DAL,28,15,7,18,70.0,77.43,-7.43,11,16,3,3,3,6,0,0,1,3,0,0,0,0,0,0,0,0,0,0,0,0,0,0
202704,Reggie Jackson,LAC,202106060LAC,"Jun 6, 2021",DAL,15,10,4,12,46.88,63.78,-16.9,2,2,8,9,0,0,0,0,0,0,0,0,0,0,0,0,0,0,0,0,0,0,2,4
202331,Paul George,LAC,202106060LAC,"Jun 6, 2021",DAL,22,15,10,20,45.83,56.7,-10.87,7,6,8,6,3,6,0,0,0,0,0,0,0,0,1,2,0,0,0,0,0,0,1,2
1629029,Luka Dončić,DAL,202106060LAC,"Jun 6, 2021",LAC,46,30,11,35,56.1,66.02,-9.92,18,22,11,15,4,6,0,0,1,3,0,0,0,0,0,0,0,0,0,0,0,0,1,0
201587,Nicolas Batum,LAC,202106060LAC,"Jun 6, 2021",DAL,11,7,2,8,55.0,69.8,-14.8,3,6,4,3,1,2,0,0,0,0,0,0,0,0,0,0,0,0,0,0,0,0,0,0
1629611,Terance Mann,LAC,202106060LAC,"Jun 6, 2021",DAL,13,10,1,10,54.17,62.26,-8.09,6,4,3,6,0,0,0,0,1,3,0,0,0,0,0,0,0,0,0,0,0,0,0,0
1626196,Josh Richardson,DAL,202106060LAC,"Jun 6, 2021",LAC,0,1,0,1,0.0,0.0,0.0,0,0,1,0,0,0,0,0,0,0,0,0,0,0,0,0,0,0,0,0,0,0,0,0
200765,Rajon Rondo,LAC,202106060LAC,"Jun 6, 2021",DAL,3,4,0,4,27.27,37.5,-10.23,1,0,3,3,0,0,0,0,0,0,0,0,0,0,0,0,0,0,0,0,0,0,0,0
203939,Dwight Powell,DAL,202106060LAC,"Jun 6, 2021",LAC,4,2,0,2,100.0,100.0,0.0,2,4,0,0,0,0,0,0,0,0,0,0,0,0,0,0,0,0,0,0,0,0,0,0
1628467,Maxi Kleber,DAL,202106060LAC,"Jun 6, 2021",LAC,0,2,0,2,0.0,0.0,0.0,0,0,2,0,0,0,0,0,0,0,0,0,0,0,0,0,0,0,0,0,0,0,0,0
1628379,Luke Kennard,LAC,202106060LAC,"Jun 6, 2021",DAL,11,6,0,6,64.71,91.67,-26.96,1,2,5,9,0,0,0,0,0,0,0,0,0,0,0,0,0,0,0,0,0,0,0,0
1628973,Jalen Brunson,DAL,202106060LAC,"Jun 6, 2021",LAC,2,3,0,3,33.33,33.33,0.0,3,2,0,0,0,0,0,0,0,0,0,0,0,0,0,0,0,0,0,0,0,0,0,0
203504,Trey Burke,DAL,202106060LAC,"Jun 6, 2021",LAC,0,3,0,3,0.0,0.0,0.0,2,0,1,0,0,0,0,0,0,0,0,0,0,0,0,0,0,0,0,0,0,0,0,0
201950,Jrue Holiday,MIL,202106070BRK,"Jun 7, 2021",BKN,13,10,0,10,59.09,65.0,-5.91,8,10,2,3,0,0,0,0,0,0,0,0,0,0,0,0,0,0,0,0,0,0,0,0
201142,Kevin Durant,BKN,202106070BRK,"Jun 7, 2021",MIL,32,18,5,20,68.09,79.21,-11.12,11,14,6,12,2,3,0,0,1,3,0,0,0,0,0,0,0,0,0,0,0,0,0,0
202681,Kyrie Irving,BKN,202106070BRK,"Jun 7, 2021",MIL,22,17,0,17,52.38,64.71,-12.33,9,10,8,12,0,0,0,0,0,0,0,0,0,0,0,0,0,0,0,0,0,0,0,0
203507,Giannis Antetokounmpo,MIL,202106070BRK,"Jun 7, 2021",BKN,18,15,7,18,45.0,49.78,-4.78,11,14,3,0,3,1,0,0,1,3,0,0,0,0,0,0,0,0,0,0,0,0,0,0
201572,Brook Lopez,MIL,202106070BRK,"Jun 7, 2021",BKN,10,10,0,10,43.48,50.0,-6.52,7,4,3,6,0,0,0,0,0,0,0,0,0,0,0,0,0,0,0,0,0,0,0,0
203114,Khris Middleton,MIL,202106070BRK,"Jun 7, 2021",BKN,17,20,0,20,35.42,42.5,-7.08,12,8,8,9,0,0,0,0,0,0,0,0,0,0,0,0,0,0,0,0,0,0,0,0
201933,Blake Griffin,BKN,202106070BRK,"Jun 7, 2021",MIL,7,4,0,4,70.0,87.5,-17.5,2,4,2,3,0,0,0,0,0,0,0,0,0,0,0,0,0,0,0,0,0,0,0,0
200782,P.J. Tucker,BKN,202106070BRK,"Jun 7, 2021",MIL,2,2,0,2,40.0,50.0,-10.0,1,2,1,0,0,0,0,0,0,0,0,0,0,0,0,0,0,0,0,0,0,0,0,0
1628971,Bruce Brown,BKN,202106070BRK,"Jun 7, 2021",MIL,13,10,0,10,59.09,65.0,-5.91,8,10,2,3,0,0,0,0,0,0,0,0,0,0,0,0,0,0,0,0,0,0,0,0
1627854,Bryn Forbes,MIL,202106070BRK,"Jun 7, 2021",BKN,10,6,0,6,62.5,83.33,-20.83,2,4,4,6,0,0,0,0,0,0,0,0,0,0,0,0,0,0,0,0,0,0,0,0
203925,Joe Harris,BKN,202106070BRK,"Jun 7, 2021",MIL,13,12,0,12,41.94,54.17,-12.23,5,4,7,9,0,0,0,0,0,0,0,0,0,0,0,0,0,0,0,0,0,0,0,0
1626171,Bobby Portis,MIL,202106070BRK,"Jun 7, 2021",BKN,2,5,0,5,16.67,20.0,-3.33,3,2,2,0,0,0,0,0,0,0,0,0,0,0,0,0,0,0,0,0,0,0,0,0
1629651,Nic Claxton,BKN,202106070BRK,"Jun 7, 2021",MIL,4,3,0,3,66.67,66.67,0.0,3,4,0,0,0,0,0,0,0,0,0,0,0,0,0,0,0,0,0,0,0,0,0,0
1629013,Landry Shamet,BKN,202106070BRK,"Jun 7, 2021",MIL,9,5,0,5,60.0,90.0,-30.0,0,0,5,9,0,0,0,0,0,0,0,0,0,0,0,0,0,0,0,0,0,0,0,0
1626192,Pat Connaughton,MIL,202106070BRK,"Jun 7, 2021",BKN,0,1,0,1,0.0,0.0,0.0,0,0,1,0,0,0,0,0,0,0,0,0,0,0,0,0,0,0,0,0,0,0,0,0
jamesmi02,M. James,BKN,202106070BRK,"Jun 7, 2021",MIL,10,12,0,12,35.71,41.67,-5.96,8,4,4,6,0,0,0,0,0,0,0,0,0,0,0,0,0,0,0,0,0,0,0,0
203648,Thanasis Antetokounmpo,MIL,202106070BRK,"Jun 7, 2021",BKN,2,1,2,2,50.0,53.19,-3.19,1,0,0,0,1,2,0,0,0,0,0,0,0,0,0,0,0,0,0,0,0,0,0,0
teaguje01,J. Teague,MIL,202106070BRK,"Jun 7, 2021",BKN,0,2,0,2,0.0,0.0,0.0,2,0,0,0,0,0,0,0,0,0,0,0,0,0,0,0,0,0,0,0,0,0,0,0
bryanel01,E. Bryant,MIL,202106070BRK,"Jun 7, 2021",BKN,6,6,0,6,42.86,50.0,-7.14,4,6,2,0,0,0,0,0,0,0,0,0,0,0,0,0,0,0,0,0,0,0,0,0
204020,Tyler Johnson,BKN,202106070BRK,"Jun 7, 2021",MIL,2,2,2,3,25.0,34.72,-9.72,0,0,2,0,0,0,0,0,0,0,0,0,0,0,1,2,0,0,0,0,0,0,0,0
1628993,Alize Johnson,BKN,202106070BRK,"Jun 7, 2021",MIL,2,3,0,3,33.33,33.33,0.0,3,2,0,0,0,0,0,0,0,0,0,0,0,0,0,0,0,0,0,0,0,0,0,0
1627789,Timothe Luwawu-Cabarrot,BKN,202106070BRK,"Jun 7, 2021",MIL,3,3,0,3,37.5,50.0,-12.5,1,0,2,3,0,0,0,0,0,0,0,0,0,0,0,0,0,0,0,0,0,0,0,0
1629617,Reggie Perry,BKN,202106070BRK,"Jun 7, 2021",MIL,8,4,0,4,72.73,100.0,-27.27,1,2,3,6,0,0,0,0,0,0,0,0,0,0,0,0,0,0,0,0,0,0,0,0
1629185,Chris Chiozza,BKN,202106070BRK,"Jun 7, 2021",MIL,0,1,0,1,0.0,0.0,0.0,0,0,1,0,0,0,0,0,0,0,0,0,0,0,0,0,0,0,0,0,0,0,0,0
1630241,Sam Merrill,MIL,202106070BRK,"Jun 7, 2021",BKN,0,2,0,2,0.0,0.0,0.0,1,0,1,0,0,0,0,0,0,0,0,0,0,0,0,0,0,0,0,0,0,0,0,0
1629603,Mamadi Diakite,MIL,202106070BRK,"Jun 7, 2021",BKN,0,1,0,1,0.0,0.0,0.0,1,0,0,0,0,0,0,0,0,0,0,0,0,0,0,0,0,0,0,0,0,0,0,0
1628382,Justin Jackson,MIL,202106070BRK,"Jun 7, 2021",BKN,6,3,0,3,100.0,100.0,0.0,3,6,0,0,0,0,0,0,0,0,0,0,0,0,0,0,0,0,0,0,0,0,0,0
203109,Jae Crowder,PHX,202106070PHO,"Jun 7, 2021",DEN,14,13,1,13,38.89,52.08,-13.19,4,4,8,6,0,0,0,0,0,0,1,4,0,0,0,0,0,0,0,0,0,0,0,0
1630267,Facundo Campazzo,DEN,202106070PHO,"Jun 7, 2021",PHX,14,9,1,9,56.0,74.15,-18.15,2,2,6,9,0,0,0,0,1,3,0,0,0,0,0,0,0,0,0,0,0,0,0,0
203932,Aaron Gordon,DEN,202106070PHO,"Jun 7, 2021",PHX,18,14,2,15,54.55,60.48,-5.93,11,16,3,0,1,2,0,0,0,0,0,0,0,0,0,0,0,0,0,0,0,0,0,0
1629028,Deandre Ayton,PHX,202106070PHO,"Jun 7, 2021",DEN,20,13,2,13,71.43,72.05,-0.62,11,14,0,0,0,0,0,0,2,6,0,0,0,0,0,0,0,0,0,0,0,0,0,0
1626164,Devin Booker,PHX,202106070PHO,"Jun 7, 2021",DEN,21,12,6,14,61.76,71.72,-9.96,7,12,3,0,2,3,0,0,1,3,1,3,0,0,0,0,0,0,0,0,0,0,0,0
203999,Nikola Jokić,DEN,202106070PHO,"Jun 7, 2021",PHX,22,23,0,23,43.14,47.83,-4.69,18,16,5,6,0,0,0,0,0,0,0,0,0,0,0,0,0,0,0,0,0,0,0,0
1628969,Mikal Bridges,PHX,202106070PHO,"Jun 7, 2021",DEN,23,12,3,13,65.71,86.34,-20.63,3,6,8,12,1,2,0,0,1,3,0,0,0,0,0,0,0,0,0,0,0,0,0,0
1629008,Michael Porter Jr.,DEN,202106070PHO,"Jun 7, 2021",PHX,15,13,0,13,44.12,57.69,-13.57,5,6,8,9,0,0,0,0,0,0,0,0,0,0,0,0,0,0,0,0,0,0,0,0
203085,Austin Rivers,DEN,202106070PHO,"Jun 7, 2021",PHX,7,7,2,8,35.0,44.42,-9.42,3,2,4,3,1,2,0,0,0,0,0,0,0,0,0,0,0,0,0,0,0,0,0,0
101108,Chris Paul,PHX,202106070PHO,"Jun 7, 2021",DEN,21,14,3,15,61.76,68.54,-6.78,10,10,3,6,1,2,0,0,1,3,0,0,0,0,0,0,0,0,0,0,0,0,0,0
1628420,Monte Morris,DEN,202106070PHO,"Jun 7, 2021",PHX,2,10,0,10,8.33,10.0,-1.67,6,2,4,0,0,0,0,0,0,0,0,0,0,0,0,0,0,0,0,0,0,0,0,0
1626166,Cameron Payne,PHX,202106070PHO,"Jun 7, 2021",DEN,7,8,0,8,36.84,43.75,-6.91,5,4,3,3,0,0,0,0,0,0,0,0,0,0,0,0,0,0,0,0,0,0,0,0
203210,JaMychal Green,DEN,202106070PHO,"Jun 7, 2021",PHX,10,5,0,5,76.92,100.0,-23.08,2,4,3,6,0,0,0,0,0,0,0,0,0,0,0,0,0,0,0,0,0,0,0,0
johnsca02,C. Johnson,PHX,202106070PHO,"Jun 7, 2021",DEN,2,2,2,3,25.0,34.72,-9.72,0,0,2,0,1,2,0,0,0,0,0,0,0,0,0,0,0,0,0,0,0,0,0,0
1630210,Markus Howard,DEN,202106070PHO,"Jun 7, 2021",PHX,3,2,0,2,50.0,75.0,-25.0,0,0,2,3,0,0,0,0,0,0,0,0,0,0,0,0,0,0,0,0,0,0,0,0
200794,Paul Millsap,DEN,202106070PHO,"Jun 7, 2021",PHX,9,6,1,6,56.25,69.88,-13.63,2,4,3,3,0,0,0,0,1,2,0,0,0,0,0,0,0,0,0,0,0,0,0,0
203967,Dario Saric,PHX,202106070PHO,"Jun 7, 2021",DEN,5,4,1,4,55.56,56.31,-0.75,3,2,0,0,0,0,0,0,1,3,0,0,0,0,0,0,0,0,0,0,0,0,0,0
1628470,Torrey Craig,PHX,202106070PHO,"Jun 7, 2021",DEN,9,7,2,8,42.86,57.11,-14.25,2,2,5,6,1,1,0,0,0,0,0,0,0,0,0,0,0,0,0,0,0,0,0,0
1629626,Bol Bol,DEN,202106070PHO,"Jun 7, 2021",PHX,0,1,0,1,0.0,0.0,0.0,0,0,1,0,0,0,0,0,0,0,0,0,0,0,0,0,0,0,0,0,0,0,0,0
1627885,Shaquille Harrison,DEN,202106070PHO,"Jun 7, 2021",PHX,2,1,0,1,100.0,100.0,0.0,1,2,0,0,0,0,0,0,0,0,0,0,0,0,0,0,0,0,0,0,0,0,0,0
1630192,Zeke Nnaji,DEN,202106070PHO,"Jun 7, 2021",PHX,3,1,0,1,100.0,150.0,-50.0,0,0,1,3,0,0,0,0,0,0,0,0,0,0,0,0,0,0,0,0,0,0,0,0
201980,Danny Green,PHI,202106080PHI,"Jun 8, 2021",ATL,5,6,0,6,29.41,41.67,-12.26,1,2,5,3,0,0,0,0,0,0,0,0,0,0,0,0,0,0,0,0,0,0,0,0
203992,Bogdan Bogdanović,ATL,202106080PHI,"Jun 8, 2021",PHI,14,16,0,16,36.84,43.75,-6.91,10,8,6,6,0,0,0,0,0,0,0,0,0,0,0,0,0,0,0,0,0,0,0,0
202699,Tobias Harris,PHI,202106080PHI,"Jun 8, 2021",ATL,22,19,0,19,56.41,57.89,-1.48,18,22,1,0,0,0,0,0,0,0,0,0,0,0,0,0,0,0,0,0,0,0,0,0
1628381,John Collins,ATL,202106080PHI,"Jun 8, 2021",PHI,8,11,0,11,34.78,36.36,-1.58,10,8,1,0,0,0,0,0,0,0,0,0,0,0,0,0,0,0,0,0,0,0,0,0
1627732,Ben Simmons,PHI,202106080PHI,"Jun 8, 2021",ATL,4,3,2,4,50.0,51.55,-1.55,3,4,0,0,0,0,0,0,0,0,0,0,0,0,0,0,0,0,0,0,0,0,1,0
203991,Clint Capela,ATL,202106080PHI,"Jun 8, 2021",PHI,10,7,0,7,71.43,71.43,0.0,7,10,0,0,0,0,0,0,0,0,0,0,0,0,0,0,0,0,0,0,0,0,0,0
203954,Joel Embiid,PHI,202106080PHI,"Jun 8, 2021",ATL,40,25,16,33,56.34,62.42,-6.08,20,22,5,6,5,7,0,0,0,0,0,0,0,0,0,0,0,0,0,0,0,0,3,5
1629027,Trae Young,ATL,202106080PHI,"Jun 8, 2021",PHI,21,16,9,20,43.75,52.61,-8.86,8,8,7,3,4,7,0,0,1,3,0,0,0,0,0,0,0,0,0,0,0,0,0,0
203524,Solomon Hill,ATL,202106080PHI,"Jun 8, 2021",PHI,0,2,0,2,0.0,0.0,0.0,0,0,2,0,0,0,0,0,0,0,0,0,0,0,0,0,0,0,0,0,0,0,0,0
1628989,Kevin Huerter,ATL,202106080PHI,"Jun 8, 2021",PHI,20,10,1,10,76.92,95.79,-18.87,4,8,5,9,0,0,0,0,1,3,0,0,0,0,0,0,0,0,0,0,0,0,0,0
203552,Seth Curry,PHI,202106080PHI,"Jun 8, 2021",ATL,21,13,1,14,63.64,78.12,-14.48,7,6,6,15,0,0,0,0,0,0,0,0,1,0,0,0,0,0,0,0,0,0,0,0
1629680,Matisse Thybulle,PHI,202106080PHI,"Jun 8, 2021",ATL,2,2,1,2,33.33,40.98,-7.65,0,0,1,0,0,0,0,0,1,2,0,0,0,0,0,0,0,0,0,0,0,0,0,0
201568,Danilo Gallinari,ATL,202106080PHI,"Jun 8, 2021",PHI,21,15,2,16,51.22,66.12,-14.9,6,4,9,15,1,2,0,0,0,0,0,0,0,0,0,0,0,0,0,0,0,0,0,0
1630168,Onyeka Okongwu,ATL,202106080PHI,"Jun 8, 2021",PHI,0,1,0,1,0.0,0.0,0.0,1,0,0,0,0,0,0,0,0,0,0,0,0,0,0,0,0,0,0,0,0,0,0,0
203503,Tony Snell,ATL,202106080PHI,"Jun 8, 2021",PHI,0,1,0,1,0.0,0.0,0.0,1,0,0,0,0,0,0,0,0,0,0,0,0,0,0,0,0,0,0,0,0,0,0,0
101150,Lou Williams,ATL,202106080PHI,"Jun 8, 2021",PHI,6,3,4,5,60.0,63.03,-3.03,3,2,0,0,2,4,0,0,0,0,0,0,0,0,0,0,0,0,0,0,0,0,0,0
201588,George Hill,PHI,202106080PHI,"Jun 8, 2021",ATL,4,4,0,4,50.0,50.0,0.0,4,4,0,0,0,0,0,0,0,0,0,0,0,0,0,0,0,0,0,0,0,0,0,0
1630178,Tyrese Maxey,PHI,202106080PHI,"Jun 8, 2021",ATL,0,2,0,2,0.0,0.0,0.0,1,0,1,0,0,0,0,0,0,0,0,0,0,0,0,0,0,0,0,0,0,0,0,0
2730,Dwight Howard,PHI,202106080PHI,"Jun 8, 2021",ATL,6,2,2,3,100.0,104.17,-4.17,2,4,0,0,1,2,0,0,0,0,0,0,0,0,0,0,0,0,0,0,0,0,0,0
1627788,Furkan Korkmaz,PHI,202106080PHI,"Jun 8, 2021",ATL,0,3,0,3,0.0,0.0,0.0,1,0,2,0,0,0,0,0,0,0,0,0,0,0,0,0,0,0,0,0,0,0,0,0
1629003,Shake Milton,PHI,202106080PHI,"Jun 8, 2021",ATL,14,8,0,8,66.67,87.5,-20.83,3,2,5,12,0,0,0,0,0,0,0,0,0,0,0,0,0,0,0,0,0,0,0,0
1630233,Nathan Knight,ATL,202106080PHI,"Jun 8, 2021",PHI,2,1,2,2,50.0,53.19,-3.19,1,2,0,0,1,0,0,0,0,0,0,0,0,0,0,0,0,0,0,0,0,0,0,0
204060,Joe Ingles,UTA,202106080UTA,"Jun 8, 2021",LAC,8,12,2,13,23.53,31.06,-7.53,4,4,8,3,0,0,0,0,0,0,0,0,0,0,0,0,0,0,0,0,0,0,1,1
202695,Kawhi Leonard,LAC,202106080UTA,"Jun 8, 2021",UTA,23,19,4,21,50.0,55.39,-5.39,14,14,4,3,1,2,0,0,1,3,0,0,1,1,0,0,0,0,0,0,0,0,0,0
202711,Bojan Bogdanovic,UTA,202106080UTA,"Jun 8, 2021",LAC,18,14,3,16,48.65,58.75,-10.1,8,6,6,9,1,2,0,0,0,0,0,0,1,1,0,0,0,0,0,0,0,0,0,0
1628378,Donovan Mitchell,UTA,202106080UTA,"Jun 8, 2021",LAC,45,30,8,33,54.22,67.12,-12.9,13,16,15,18,3,5,0,0,2,6,0,0,0,0,0,0,0,0,0,0,0,0,0,0
202694,Marcus Morris Sr.,LAC,202106080UTA,"Jun 8, 2021",UTA,9,14,0,14,24.32,32.14,-7.82,5,6,9,3,0,0,0,0,0,0,0,0,0,0,0,0,0,0,0,0,0,0,0,0
202331,Paul George,LAC,202106080UTA,"Jun 8, 2021",UTA,20,17,10,22,38.46,46.73,-8.27,9,2,8,9,4,7,0,0,0,0,0,0,0,0,0,0,0,0,0,0,0,0,1,2
203497,Rudy Gobert,UTA,202106080UTA,"Jun 8, 2021",LAC,10,6,9,10,47.62,50.2,-2.58,5,2,0,0,2,2,0,0,1,3,0,0,0,0,0,0,0,0,0,0,0,0,2,3
202704,Reggie Jackson,LAC,202106080UTA,"Jun 8, 2021",UTA,9,6,0,6,52.94,75.0,-22.06,1,0,5,9,0,0,0,0,0,0,0,0,0,0,0,0,0,0,0,0,0,0,0,0
1626220,Royce O'Neale,UTA,202106080UTA,"Jun 8, 2021",LAC,8,5,4,7,47.06,59.17,-12.11,2,4,3,0,2,4,0,0,0,0,0,0,0,0,0,0,0,0,0,0,0,0,0,0
201587,Nicolas Batum,LAC,202106080UTA,"Jun 8, 2021",UTA,6,4,0,4,50.0,75.0,-25.0,0,0,4,6,0,0,0,0,0,0,0,0,0,0,0,0,0,0,0,0,0,0,0,0
203903,Jordan Clarkson,UTA,202106080UTA,"Jun 8, 2021",LAC,18,18,0,18,36.0,50.0,-14.0,4,0,14,18,0,0,0,0,0,0,0,0,0,0,0,0,0,0,0,0,0,0,0,0
202324,Derrick Favors,UTA,202106080UTA,"Jun 8, 2021",LAC,2,1,0,1,100.0,100.0,0.0,1,2,0,0,0,0,0,0,0,0,0,0,0,0,0,0,0,0,0,0,0,0,0,0
1627826,Ivica Zubac,LAC,202106080UTA,"Jun 8, 2021",UTA,11,5,7,9,64.71,68.07,-3.36,5,6,0,0,1,2,0,0,0,0,0,0,0,0,0,0,0,0,0,0,0,0,3,3
201976,Patrick Beverley,LAC,202106080UTA,"Jun 8, 2021",UTA,0,3,0,3,0.0,0.0,0.0,1,0,2,0,0,0,0,0,0,0,0,0,0,0,0,0,0,0,0,0,0,0,0,0
1628379,Luke Kennard,LAC,202106080UTA,"Jun 8, 2021",UTA,18,9,0,9,75.0,100.0,-25.0,3,6,6,12,0,0,0,0,0,0,0,0,0,0,0,0,0,0,0,0,0,0,0,0
1627777,Georges Niang,UTA,202106080UTA,"Jun 8, 2021",LAC,3,4,0,4,27.27,37.5,-10.23,1,0,3,3,0,0,0,0,0,0,0,0,0,0,0,0,0,0,0,0,0,0,0,0
1629671,Miye Oni,UTA,202106080UTA,"Jun 8, 2021",LAC,0,1,0,1,0.0,0.0,0.0,0,0,1,0,0,0,0,0,0,0,0,0,0,0,0,0,0,0,0,0,0,0,0,0
1629611,Terance Mann,LAC,202106080UTA,"Jun 8, 2021",UTA,2,2,0,2,50.0,50.0,0.0,2,2,0,0,0,0,0,0,0,0,0,0,0,0,0,0,0,0,0,0,0,0,0,0
200765,Rajon Rondo,LAC,202106080UTA,"Jun 8, 2021",UTA,5,3,2,4,50.0,64.43,-14.43,1,0,2,3,0,0,0,0,0,0,0,0,0,0,0,0,0,0,0,0,0,0,1,2
202326,DeMarcus Cousins,LAC,202106080UTA,"Jun 8, 2021",UTA,6,3,1,3,66.67,87.21,-20.54,0,0,2,3,0,0,0,0,1,3,0,0,0,0,0,0,0,0,0,0,0,0,0,0
203999,Nikola Jokić,DEN,202106090PHO,"Jun 9, 2021",PHX,24,17,6,20,55.81,61.1,-5.29,14,16,3,3,3,5,0,0,0,0,0,0,0,0,0,0,0,0,0,0,0,0,0,0
203109,Jae Crowder,PHX,202106090PHO,"Jun 9, 2021",DEN,11,5,0,5,78.57,110.0,-31.43,1,2,4,9,0,0,0,0,0,0,0,0,0,0,0,0,0,0,0,0,0,0,0,0
1629008,Michael Porter Jr.,DEN,202106090PHO,"Jun 9, 2021",PHX,11,13,4,15,28.21,37.26,-9.05,4,2,9,6,2,3,0,0,0,0,0,0,0,0,0,0,0,0,0,0,0,0,0,0
101108,Chris Paul,PHX,202106090PHO,"Jun 9, 2021",DEN,17,10,3,12,68.0,75.09,-7.09,8,8,2,6,1,2,0,0,0,0,0,0,1,1,0,0,0,0,0,0,0,0,0,0
1626164,Devin Booker,PHX,202106090PHO,"Jun 9, 2021",DEN,18,14,3,15,47.37,58.75,-11.38,6,4,7,9,1,2,0,0,1,3,0,0,0,0,0,0,0,0,0,0,0,0,0,0
1630267,Facundo Campazzo,DEN,202106090PHO,"Jun 9, 2021",PHX,3,7,0,7,15.79,21.43,-5.64,2,0,5,3,0,0,0,0,0,0,0,0,0,0,0,0,0,0,0,0,0,0,0,0
203085,Austin Rivers,DEN,202106090PHO,"Jun 9, 2021",PHX,6,5,2,6,37.5,51.02,-13.52,1,2,4,3,1,1,0,0,0,0,0,0,0,0,0,0,0,0,0,0,0,0,0,0
1629028,Deandre Ayton,PHX,202106090PHO,"Jun 9, 2021",DEN,15,10,4,12,62.5,63.78,-1.28,10,12,0,0,2,3,0,0,0,0,0,0,0,0,0,0,0,0,0,0,0,0,0,0
1628969,Mikal Bridges,PHX,202106090PHO,"Jun 9, 2021",DEN,16,12,4,14,44.44,58.14,-13.7,4,6,8,6,2,4,0,0,0,0,0,0,0,0,0,0,0,0,0,0,0,0,0,0
203932,Aaron Gordon,DEN,202106090PHO,"Jun 9, 2021",PHX,6,7,0,7,40.0,42.86,-2.86,6,6,1,0,0,0,0,0,0,0,0,0,0,0,0,0,0,0,0,0,0,0,0,0
203115,Will Barton,DEN,202106090PHO,"Jun 9, 2021",PHX,10,8,0,8,47.62,62.5,-14.88,3,4,5,6,0,0,0,0,0,0,0,0,0,0,0,0,0,0,0,0,0,0,0,0
203210,JaMychal Green,DEN,202106090PHO,"Jun 9, 2021",PHX,4,5,0,5,36.36,40.0,-3.64,4,4,1,0,0,0,0,0,0,0,0,0,0,0,0,0,0,0,0,0,0,0,0,0
1628420,Monte Morris,DEN,202106090PHO,"Jun 9, 2021",PHX,3,7,0,7,17.65,21.43,-3.78,4,0,3,3,0,0,0,0,0,0,0,0,0,0,0,0,0,0,0,0,0,0,0,0
johnsca02,C. Johnson,PHX,202106090PHO,"Jun 9, 2021",DEN,7,8,2,9,30.43,39.41,-8.98,3,0,5,6,1,1,0,0,0,0,0,0,0,0,0,0,0,0,0,0,0,0,0,0
1626166,Cameron Payne,PHX,202106090PHO,"Jun 9, 2021",DEN,7,5,0,5,53.85,70.0,-16.15,2,4,3,3,0,0,0,0,0,0,0,0,0,0,0,0,0,0,0,0,0,0,0,0
203967,Dario Saric,PHX,202106090PHO,"Jun 9, 2021",DEN,8,6,0,6,53.33,66.67,-13.34,3,2,3,6,0,0,0,0,0,0,0,0,0,0,0,0,0,0,0,0,0,0,0,0
200794,Paul Millsap,DEN,202106090PHO,"Jun 9, 2021",PHX,11,8,2,9,47.83,61.94,-14.11,3,2,5,9,1,0,0,0,0,0,0,0,0,0,0,0,0,0,0,0,0,0,0,0
1628470,Torrey Craig,PHX,202106090PHO,"Jun 9, 2021",DEN,10,8,1,8,52.63,59.24,-6.61,5,4,2,3,0,0,0,0,1,3,0,0,0,0,0,0,0,0,0,0,0,0,0,0
1630210,Markus Howard,DEN,202106090PHO,"Jun 9, 2021",PHX,6,6,2,7,33.33,43.6,-10.27,2,2,4,3,1,1,0,0,0,0,0,0,0,0,0,0,0,0,0,0,0,0,0,0
201580,JaVale McGee,DEN,202106090PHO,"Jun 9, 2021",PHX,3,3,2,4,33.33,38.66,-5.33,2,2,1,0,0,0,0,0,0,0,0,0,0,0,0,0,0,0,0,0,0,0,1,1
1628427,Vlatko Čančar,DEN,202106090PHO,"Jun 9, 2021",PHX,5,2,0,2,100.0,125.0,-25.0,1,2,1,3,0,0,0,0,0,0,0,0,0,0,0,0,0,0,0,0,0,0,0,0
1630192,Zeke Nnaji,DEN,202106090PHO,"Jun 9, 2021",PHX,6,2,2,3,85.71,104.17,-18.46,1,2,1,3,0,0,0,0,0,0,0,0,0,0,0,0,0,0,0,0,0,0,1,1
1628975,Jevon Carter,PHX,202106090PHO,"Jun 9, 2021",DEN,2,3,0,3,28.57,33.33,-4.76,2,2,1,0,0,0,0,0,0,0,0,0,0,0,0,0,0,0,0,0,0,0,0,0
204038,Langston Galloway,PHX,202106090PHO,"Jun 9, 2021",DEN,0,2,0,2,0.0,0.0,0.0,2,0,0,0,0,0,0,0,0,0,0,0,0,0,0,0,0,0,0,0,0,0,0,0
1626163,Frank Kaminsky,PHX,202106090PHO,"Jun 9, 2021",DEN,5,3,0,3,71.43,83.33,-11.9,2,2,1,3,0,0,0,0,0,0,0,0,0,0,0,0,0,0,0,0,0,0,0,0
mooreet01,E. Moore,PHX,202106090PHO,"Jun 9, 2021",DEN,7,6,0,6,50.0,58.33,-8.33,4,4,2,3,0,0,0,0,0,0,0,0,0,0,0,0,0,0,0,0,0,0,0,0
1630188,Jalen Smith,PHX,202106090PHO,"Jun 9, 2021",DEN,0,2,0,2,0.0,0.0,0.0,2,0,0,0,0,0,0,0,0,0,0,0,0,0,0,0,0,0,0,0,0,0,0,0
203114,Khris Middleton,MIL,202106100MIL,"Jun 10, 2021",BKN,35,25,9,29,53.85,60.43,-6.58,19,18,6,9,2,3,1,3,0,0,0,0,0,0,0,0,0,0,0,0,0,0,1,2
201933,Blake Griffin,BKN,202106100MIL,"Jun 10, 2021",MIL,5,5,0,5,38.46,50.0,-11.54,2,2,3,3,0,0,0,0,0,0,0,0,0,0,0,0,0,0,0,0,0,0,0,0
201142,Kevin Durant,BKN,202106100MIL,"Jun 10, 2021",MIL,30,28,6,31,42.86,48.96,-6.1,20,16,8,9,0,0,0,0,0,0,0,0,0,0,0,0,0,0,0,0,0,0,3,5
202681,Kyrie Irving,BKN,202106100MIL,"Jun 10, 2021",MIL,22,22,2,23,40.74,48.08,-7.34,14,14,8,6,1,2,0,0,0,0,0,0,0,0,0,0,0,0,0,0,0,0,0,0
201572,Brook Lopez,MIL,202106100MIL,"Jun 10, 2021",BKN,3,7,0,7,15.79,21.43,-5.64,2,0,5,3,0,0,0,0,0,0,0,0,0,0,0,0,0,0,0,0,0,0,0,0
203507,Giannis Antetokounmpo,MIL,202106100MIL,"Jun 10, 2021",BKN,33,31,9,35,41.77,47.2,-5.43,22,24,8,3,4,4,0,0,1,2,0,0,0,0,0,0,0,0,0,0,0,0,0,0
203925,Joe Harris,BKN,202106100MIL,"Jun 10, 2021",MIL,3,11,0,11,10.34,13.64,-3.3,4,0,7,3,0,0,0,0,0,0,0,0,0,0,0,0,0,0,0,0,0,0,0,0
1628971,Bruce Brown,BKN,202106100MIL,"Jun 10, 2021",MIL,16,17,0,17,44.44,47.06,-2.62,15,16,2,0,0,0,0,0,0,0,0,0,0,0,0,0,0,0,0,0,0,0,0,0
201950,Jrue Holiday,MIL,202106100MIL,"Jun 10, 2021",BKN,9,14,0,14,28.12,32.14,-4.02,10,6,4,3,0,0,0,0,0,0,0,0,0,0,0,0,0,0,0,0,0,0,0,0
1629651,Nic Claxton,BKN,202106100MIL,"Jun 10, 2021",MIL,2,2,0,2,50.0,50.0,0.0,2,2,0,0,0,0,0,0,0,0,0,0,0,0,0,0,0,0,0,0,0,0,0,0
1629013,Landry Shamet,BKN,202106100MIL,"Jun 10, 2021",MIL,3,4,0,4,27.27,37.5,-10.23,1,0,3,3,0,0,0,0,0,0,0,0,0,0,0,0,0,0,0,0,0,0,0,0
200782,P.J. Tucker,MIL,202106100MIL,"Jun 10, 2021",BKN,0,4,0,4,0.0,0.0,0.0,1,0,3,0,0,0,0,0,0,0,0,0,0,0,0,0,0,0,0,0,0,0,0,0
jamesmi02,M. James,BKN,202106100MIL,"Jun 10, 2021",MIL,2,5,0,5,18.18,20.0,-1.82,4,2,1,0,0,0,0,0,0,0,0,0,0,0,0,0,0,0,0,0,0,0,0,0
1626171,Bobby Portis,MIL,202106100MIL,"Jun 10, 2021",BKN,4,3,1,3,57.14,58.14,-1.0,2,2,0,0,0,0,0,0,1,2,0,0,0,0,0,0,0,0,0,0,0,0,0,0
1627854,Bryn Forbes,MIL,202106100MIL,"Jun 10, 2021",BKN,0,4,0,4,0.0,0.0,0.0,0,0,4,0,0,0,0,0,0,0,0,0,0,0,0,0,0,0,0,0,0,0,0,0
1626192,Pat Connaughton,MIL,202106100MIL,"Jun 10, 2021",BKN,2,2,0,2,40.0,50.0,-10.0,1,2,1,0,0,0,0,0,0,0,0,0,0,0,0,0,0,0,0,0,0,0,0,0
204060,Joe Ingles,UTA,202106100UTA,"Jun 10, 2021",LAC,19,10,2,11,65.52,87.32,-21.8,3,6,7,12,0,0,0,0,0,0,0,0,0,0,0,0,0,0,0,0,0,0,1,1
202695,Kawhi Leonard,LAC,202106100UTA,"Jun 10, 2021",UTA,21,17,4,19,50.0,55.97,-5.97,13,12,4,6,1,1,0,0,0,0,0,0,0,0,0,0,0,0,0,0,0,0,1,2
1628378,Donovan Mitchell,UTA,202106100UTA,"Jun 10, 2021",LAC,37,29,2,30,51.39,61.91,-10.52,17,18,12,18,0,0,0,0,0,0,0,0,0,0,0,0,0,0,0,0,0,0,1,1
202331,Paul George,LAC,202106100UTA,"Jun 10, 2021",UTA,27,18,9,21,52.94,61.48,-8.54,9,6,6,6,3,6,0,0,3,9,0,0,0,0,0,0,0,0,0,0,0,0,0,0
203497,Rudy Gobert,UTA,202106100UTA,"Jun 10, 2021",LAC,13,5,7,8,76.47,80.45,-3.98,4,6,0,0,2,2,0,0,1,3,0,0,0,0,0,0,0,0,0,0,0,0,1,2
202694,Marcus Morris Sr.,LAC,202106100UTA,"Jun 10, 2021",UTA,8,11,0,11,29.63,36.36,-6.73,6,8,5,0,0,0,0,0,0,0,0,0,0,0,0,0,0,0,0,0,0,0,0,0
202704,Reggie Jackson,LAC,202106100UTA,"Jun 10, 2021",UTA,29,19,3,20,59.18,71.36,-12.18,10,12,8,12,1,2,0,0,1,3,0,0,0,0,0,0,0,0,0,0,0,0,0,0
1627826,Ivica Zubac,LAC,202106100UTA,"Jun 10, 2021",UTA,7,3,1,3,100.0,101.74,-1.74,2,4,0,0,0,0,0,0,1,3,0,0,0,0,0,0,0,0,0,0,0,0,0,0
202711,Bojan Bogdanovic,UTA,202106100UTA,"Jun 10, 2021",LAC,16,8,4,10,64.0,81.97,-17.97,3,4,5,9,1,1,0,0,0,0,0,0,0,0,0,0,0,0,0,0,0,0,1,2
201587,Nicolas Batum,LAC,202106100UTA,"Jun 10, 2021",UTA,7,4,2,5,53.85,71.72,-17.87,1,0,3,6,1,1,0,0,0,0,0,0,0,0,0,0,0,0,0,0,0,0,0,0
203903,Jordan Clarkson,UTA,202106100UTA,"Jun 10, 2021",LAC,24,15,0,15,61.54,80.0,-18.46,6,6,9,18,0,0,0,0,0,0,0,0,0,0,0,0,0,0,0,0,0,0,0,0
202324,Derrick Favors,UTA,202106100UTA,"Jun 10, 2021",LAC,0,1,2,2,0.0,0.0,0.0,1,0,0,0,1,0,0,0,0,0,0,0,0,0,0,0,0,0,0,0,0,0,0,0
1626220,Royce O'Neale,UTA,202106100UTA,"Jun 10, 2021",LAC,8,4,4,6,53.33,69.44,-16.11,1,2,3,3,0,0,0,0,0,0,0,0,0,0,0,0,0,0,0,0,0,0,2,3
201976,Patrick Beverley,LAC,202106100UTA,"Jun 10, 2021",UTA,3,5,4,7,18.75,22.19,-3.44,3,0,2,0,1,1,0,0,0,0,0,0,0,0,1,2,0,0,0,0,0,0,0,0
202326,DeMarcus Cousins,LAC,202106100UTA,"Jun 10, 2021",UTA,6,7,0,7,40.0,42.86,-2.86,6,6,1,0,0,0,0,0,0,0,0,0,0,0,0,0,0,0,0,0,0,0,0,0
1627777,Georges Niang,UTA,202106100UTA,"Jun 10, 2021",LAC,0,4,0,4,0.0,0.0,0.0,1,0,3,0,0,0,0,0,0,0,0,0,0,0,0,0,0,0,0,0,0,0,0,0
1628379,Luke Kennard,LAC,202106100UTA,"Jun 10, 2021",UTA,3,1,0,1,100.0,150.0,-50.0,0,0,1,3,0,0,0,0,0,0,0,0,0,0,0,0,0,0,0,0,0,0,0,0
1629027,Trae Young,ATL,202106110ATL,"Jun 11, 2021",PHI,28,17,8,21,58.33,68.23,-9.9,11,12,6,9,3,5,0,0,0,0,0,0,0,0,0,0,0,0,0,0,0,0,1,2
203991,Clint Capela,ATL,202106110ATL,"Jun 11, 2021",PHI,8,8,4,10,40.0,40.98,-0.98,8,6,0,0,2,2,0,0,0,0,0,0,0,0,0,0,0,0,0,0,0,0,0,0
203992,Bogdan Bogdanović,ATL,202106110ATL,"Jun 11, 2021",PHI,19,13,4,15,54.29,64.36,-10.07,8,10,5,6,1,2,0,0,0,0,0,0,0,0,0,0,0,0,0,0,0,0,1,1
1627732,Ben Simmons,PHI,202106110ATL,"Jun 11, 2021",ATL,18,11,8,15,60.0,61.98,-1.98,11,14,0,0,2,2,0,0,0,0,0,0,0,0,0,0,0,0,0,0,0,0,2,2
203954,Joel Embiid,PHI,202106110ATL,"Jun 11, 2021",ATL,27,14,16,22,57.45,64.16,-6.71,11,12,3,3,3,6,0,0,0,0,0,0,0,0,0,0,0,0,0,0,0,0,5,6
1628381,John Collins,ATL,202106110ATL,"Jun 11, 2021",PHI,23,14,3,15,69.7,75.07,-5.37,11,18,2,0,0,0,0,0,1,3,0,0,0,0,0,0,0,0,0,0,0,0,1,2
203524,Solomon Hill,ATL,202106110ATL,"Jun 11, 2021",PHI,1,2,2,3,14.29,17.36,-3.07,1,0,1,0,1,1,0,0,0,0,0,0,0,0,0,0,0,0,0,0,0,0,0,0
202699,Tobias Harris,PHI,202106110ATL,"Jun 11, 2021",ATL,22,16,3,18,61.11,63.51,-2.4,15,18,1,3,1,1,0,0,0,0,0,0,1,0,0,0,0,0,0,0,0,0,0,0
203552,Seth Curry,PHI,202106110ATL,"Jun 11, 2021",ATL,12,10,0,10,48.0,60.0,-12.0,5,6,5,6,0,0,0,0,0,0,0,0,0,0,0,0,0,0,0,0,0,0,0,0
1629680,Matisse Thybulle,PHI,202106110ATL,"Jun 11, 2021",ATL,7,4,0,4,70.0,87.5,-17.5,2,4,2,3,0,0,0,0,0,0,0,0,0,0,0,0,0,0,0,0,0,0,0,0
1628989,Kevin Huerter,ATL,202106110ATL,"Jun 11, 2021",PHI,3,6,0,6,17.65,25.0,-7.35,1,0,5,3,0,0,0,0,0,0,0,0,0,0,0,0,0,0,0,0,0,0,0,0
1627788,Furkan Korkmaz,PHI,202106110ATL,"Jun 11, 2021",ATL,14,9,3,10,51.85,67.83,-15.98,3,2,6,9,0,0,1,3,0,0,0,0,0,0,0,0,0,0,0,0,0,0,0,0
201568,Danilo Gallinari,ATL,202106110ATL,"Jun 11, 2021",PHI,17,9,9,13,54.84,65.59,-10.75,5,8,4,0,2,4,1,3,0,0,0,0,0,0,0,0,0,0,0,0,0,0,1,2
203503,Tony Snell,ATL,202106110ATL,"Jun 11, 2021",PHI,0,1,0,1,0.0,0.0,0.0,1,0,0,0,0,0,0,0,0,0,0,0,0,0,0,0,0,0,0,0,0,0,0,0
201588,George Hill,PHI,202106110ATL,"Jun 11, 2021",ATL,3,3,2,4,33.33,38.66,-5.33,2,0,1,3,0,0,0,0,0,0,0,0,0,0,0,0,0,0,0,0,0,0,1,0
1629003,Shake Milton,PHI,202106110ATL,"Jun 11, 2021",ATL,6,3,2,4,60.0,77.32,-17.32,1,2,2,3,1,1,0,0,0,0,0,0,0,0,0,0,0,0,0,0,0,0,0,0
1630168,Onyeka Okongwu,ATL,202106110ATL,"Jun 11, 2021",PHI,2,4,0,4,25.0,25.0,0.0,4,2,0,0,0,0,0,0,0,0,0,0,0,0,0,0,0,0,0,0,0,0,0,0
2730,Dwight Howard,PHI,202106110ATL,"Jun 11, 2021",ATL,12,5,5,7,75.0,83.33,-8.33,3,6,1,0,2,4,0,0,1,2,0,0,0,0,0,0,0,0,0,0,0,0,0,0
101150,Lou Williams,ATL,202106110ATL,"Jun 11, 2021",PHI,8,7,2,8,50.0,50.76,-0.76,7,6,0,0,1,2,0,0,0,0,0,0,0,0,0,0,0,0,0,0,0,0,0,0
1630178,Tyrese Maxey,PHI,202106110ATL,"Jun 11, 2021",ATL,4,3,0,3,66.67,66.67,0.0,3,4,0,0,0,0,0,0,0,0,0,0,0,0,0,0,0,0,0,0,0,0,0,0
1630198,Isaiah Joe,PHI,202106110ATL,"Jun 11, 2021",ATL,2,1,0,1,100.0,100.0,0.0,1,2,0,0,0,0,0,0,0,0,0,0,0,0,0,0,0,0,0,0,0,0,0,0
1628981,Bruno Fernando,ATL,202106110ATL,"Jun 11, 2021",PHI,2,1,0,1,100.0,100.0,0.0,1,2,0,0,0,0,0,0,0,0,0,0,0,0,0,0,0,0,0,0,0,0,0,0
1629028,Deandre Ayton,PHX,202106110DEN,"Jun 11, 2021",DEN,10,8,2,9,55.56,56.31,-0.75,8,8,0,0,1,2,0,0,0,0,0,0,0,0,0,0,0,0,0,0,0,0,0,0
203999,Nikola Jokić,DEN,202106110DEN,"Jun 11, 2021",PHX,32,29,9,32,43.84,48.54,-4.7,20,18,6,3,2,3,0,0,3,6,0,0,0,0,0,0,0,0,0,0,0,0,1,2
1629008,Michael Porter Jr.,DEN,202106110DEN,"Jun 11, 2021",PHX,15,13,2,14,42.86,54.03,-11.17,6,2,7,12,1,1,0,0,0,0,0,0,0,0,0,0,0,0,0,0,0,0,0,0
1630267,Facundo Campazzo,DEN,202106110DEN,"Jun 11, 2021",PHX,6,5,0,5,42.86,60.0,-17.14,1,0,4,6,0,0,0,0,0,0,0,0,0,0,0,0,0,0,0,0,0,0,0,0
203932,Aaron Gordon,DEN,202106110DEN,"Jun 11, 2021",PHX,4,10,0,10,17.39,20.0,-2.61,7,4,3,0,0,0,0,0,0,0,0,0,0,0,0,0,0,0,0,0,0,0,0,0
1628969,Mikal Bridges,PHX,202106110DEN,"Jun 11, 2021",DEN,11,8,4,10,47.83,56.35,-8.52,5,6,3,3,2,2,0,0,0,0,0,0,0,0,0,0,0,0,0,0,0,0,0,0
203085,Austin Rivers,DEN,202106110DEN,"Jun 11, 2021",PHX,5,5,0,5,35.71,50.0,-14.29,1,2,4,3,0,0,0,0,0,0,0,0,0,0,0,0,0,0,0,0,0,0,0,0
1626164,Devin Booker,PHX,202106110DEN,"Jun 11, 2021",DEN,28,23,4,25,49.12,56.54,-7.42,16,18,7,6,2,4,0,0,0,0,0,0,0,0,0,0,0,0,0,0,0,0,0,0
203109,Jae Crowder,PHX,202106110DEN,"Jun 11, 2021",DEN,14,9,0,9,58.33,77.78,-19.45,3,2,6,12,0,0,0,0,0,0,0,0,0,0,0,0,0,0,0,0,0,0,0,0
101108,Chris Paul,PHX,202106110DEN,"Jun 11, 2021",DEN,27,16,7,20,64.29,70.75,-6.46,13,14,3,6,0,0,0,0,0,0,0,0,1,1,0,0,0,0,0,0,0,0,3,6
1626166,Cameron Payne,PHX,202106110DEN,"Jun 11, 2021",DEN,9,7,0,7,56.25,64.29,-8.04,5,6,2,3,0,0,0,0,0,0,0,0,0,0,0,0,0,0,0,0,0,0,0,0
203115,Will Barton,DEN,202106110DEN,"Jun 11, 2021",PHX,14,14,0,14,40.0,50.0,-10.0,7,8,7,6,0,0,0,0,0,0,0,0,0,0,0,0,0,0,0,0,0,0,0,0
1628420,Monte Morris,DEN,202106110DEN,"Jun 11, 2021",PHX,21,12,3,13,65.62,78.83,-13.21,7,10,5,9,0,0,1,2,0,0,0,0,0,0,0,0,0,0,0,0,0,0,0,0
johnsca02,C. Johnson,PHX,202106110DEN,"Jun 11, 2021",DEN,3,1,0,1,100.0,150.0,-50.0,0,0,1,3,0,0,0,0,0,0,0,0,0,0,0,0,0,0,0,0,0,0,0,0
203210,JaMychal Green,DEN,202106110DEN,"Jun 11, 2021",PHX,2,3,2,4,20.0,25.77,-5.77,1,0,2,0,1,2,0,0,0,0,0,0,0,0,0,0,0,0,0,0,0,0,0,0
203967,Dario Saric,PHX,202106110DEN,"Jun 11, 2021",DEN,7,3,3,4,70.0,81.02,-11.02,1,2,1,0,1,2,0,0,1,3,0,0,0,0,0,0,0,0,0,0,0,0,0,0
200794,Paul Millsap,DEN,202106110DEN,"Jun 11, 2021",PHX,0,3,0,3,0.0,0.0,0.0,1,0,2,0,0,0,0,0,0,0,0,0,0,0,0,0,0,0,0,0,0,0,0,0
1628470,Torrey Craig,PHX,202106110DEN,"Jun 11, 2021",DEN,5,4,0,4,50.0,62.5,-12.5,2,2,2,3,0,0,0,0,0,0,0,0,0,0,0,0,0,0,0,0,0,0,0,0
1628975,Jevon Carter,PHX,202106110DEN,"Jun 11, 2021",DEN,2,1,0,1,100.0,100.0,0.0,1,2,0,0,0,0,0,0,0,0,0,0,0,0,0,0,0,0,0,0,0,0,0,0
1626163,Frank Kaminsky,PHX,202106110DEN,"Jun 11, 2021",DEN,0,1,0,1,0.0,0.0,0.0,0,0,1,0,0,0,0,0,0,0,0,0,0,0,0,0,0,0,0,0,0,0,0,0
1630192,Zeke Nnaji,DEN,202106110DEN,"Jun 11, 2021",PHX,3,1,0,1,100.0,150.0,-50.0,0,0,1,3,0,0,0,0,0,0,0,0,0,0,0,0,0,0,0,0,0,0,0,0
202711,Bojan Bogdanovic,UTA,202106120LAC,"Jun 12, 2021",LAC,9,10,4,12,31.03,38.27,-7.24,5,2,5,3,0,0,0,0,0,0,0,0,0,0,0,0,0,0,0,0,0,0,2,4
202695,Kawhi Leonard,LAC,202106120LAC,"Jun 12, 2021",UTA,34,24,5,26,57.63,64.89,-7.26,17,24,6,3,1,2,0,0,1,3,0,0,0,0,0,0,0,0,0,0,0,0,1,2
204060,Joe Ingles,UTA,202106120LAC,"Jun 12, 2021",LAC,19,11,2,12,59.38,79.97,-20.59,3,2,8,15,1,2,0,0,0,0,0,0,0,0,0,0,0,0,0,0,0,0,0,0
202331,Paul George,LAC,202106120LAC,"Jun 12, 2021",UTA,31,24,2,25,51.67,62.3,-10.63,14,12,10,18,0,0,0,0,0,0,0,0,0,0,0,0,0,0,0,0,0,0,1,1
203497,Rudy Gobert,UTA,202106120LAC,"Jun 12, 2021",LAC,12,7,4,9,63.16,68.49,-5.33,6,8,1,0,2,4,0,0,0,0,0,0,0,0,0,0,0,0,0,0,0,0,0,0
202704,Reggie Jackson,LAC,202106120LAC,"Jun 12, 2021",UTA,17,8,0,8,77.27,106.25,-28.98,2,2,6,15,0,0,0,0,0,0,0,0,0,0,0,0,0,0,0,0,0,0,0,0
1626220,Royce O'Neale,UTA,202106120LAC,"Jun 12, 2021",LAC,12,8,0,8,50.0,75.0,-25.0,0,0,8,12,0,0,0,0,0,0,0,0,0,0,0,0,0,0,0,0,0,0,0,0
1628378,Donovan Mitchell,UTA,202106120LAC,"Jun 12, 2021",LAC,30,24,5,26,48.39,57.25,-8.86,15,12,9,15,1,1,1,2,0,0,0,0,0,0,0,0,0,0,0,0,0,0,0,0
202694,Marcus Morris Sr.,LAC,202106120LAC,"Jun 12, 2021",UTA,6,5,0,5,50.0,60.0,-10.0,3,6,2,0,0,0,0,0,0,0,0,0,0,0,0,0,0,0,0,0,0,0,0,0
201587,Nicolas Batum,LAC,202106120LAC,"Jun 12, 2021",UTA,17,9,2,10,65.38,86.03,-20.65,3,4,6,12,1,1,0,0,0,0,0,0,0,0,0,0,0,0,0,0,0,0,0,0
203903,Jordan Clarkson,UTA,202106120LAC,"Jun 12, 2021",LAC,14,16,0,16,34.15,43.75,-9.6,7,2,9,12,0,0,0,0,0,0,0,0,0,0,0,0,0,0,0,0,0,0,0,0
202324,Derrick Favors,UTA,202106120LAC,"Jun 12, 2021",LAC,2,1,0,1,100.0,100.0,0.0,1,2,0,0,0,0,0,0,0,0,0,0,0,0,0,0,0,0,0,0,0,0,0,0
201976,Patrick Beverley,LAC,202106120LAC,"Jun 12, 2021",UTA,7,3,3,4,77.78,81.02,-3.24,2,2,0,0,1,2,0,0,1,3,0,0,0,0,0,0,0,0,0,0,0,0,0,0
1627777,Georges Niang,UTA,202106120LAC,"Jun 12, 2021",LAC,0,1,0,1,0.0,0.0,0.0,0,0,1,0,0,0,0,0,0,0,0,0,0,0,0,0,0,0,0,0,0,0,0,0
1627826,Ivica Zubac,LAC,202106120LAC,"Jun 12, 2021",UTA,3,4,2,5,30.0,30.74,-0.74,4,2,0,0,0,0,0,0,0,0,0,0,0,0,1,1,0,0,0,0,0,0,0,0
1628379,Luke Kennard,LAC,202106120LAC,"Jun 12, 2021",UTA,6,4,0,4,50.0,75.0,-25.0,0,0,4,6,0,0,0,0,0,0,0,0,0,0,0,0,0,0,0,0,0,0,0,0
1629671,Miye Oni,UTA,202106120LAC,"Jun 12, 2021",LAC,0,2,0,2,0.0,0.0,0.0,0,0,2,0,0,0,0,0,0,0,0,0,0,0,0,0,0,0,0,0,0,0,0,0
1629611,Terance Mann,LAC,202106120LAC,"Jun 12, 2021",UTA,7,5,2,6,50.0,59.52,-9.52,3,2,2,3,1,2,0,0,0,0,0,0,0,0,0,0,0,0,0,0,0,0,0,0
1630235,Trent Forrest,UTA,202106120LAC,"Jun 12, 2021",LAC,4,2,0,2,100.0,100.0,0.0,2,4,0,0,0,0,0,0,0,0,0,0,0,0,0,0,0,0,0,0,0,0,0,0
ilyaser01,E. Ä°lyasova,UTA,202106120LAC,"Jun 12, 2021",LAC,4,2,2,3,57.14,69.44,-12.3,1,2,1,0,1,2,0,0,0,0,0,0,0,0,0,0,0,0,0,0,0,0,0,0
1629599,Amir Coffey,LAC,202106120LAC,"Jun 12, 2021",UTA,0,1,0,1,0.0,0.0,0.0,1,0,0,0,0,0,0,0,0,0,0,0,0,0,0,0,0,0,0,0,0,0,0,0
ferreyo01,Y. Ferrell,LAC,202106120LAC,"Jun 12, 2021",UTA,2,1,0,1,100.0,100.0,0.0,1,2,0,0,0,0,0,0,0,0,0,0,0,0,0,0,0,0,0,0,0,0,0,0
1630187,Daniel Oturu,LAC,202106120LAC,"Jun 12, 2021",UTA,2,1,0,1,100.0,100.0,0.0,1,2,0,0,0,0,0,0,0,0,0,0,0,0,0,0,0,0,0,0,0,0,0,0
201950,Jrue Holiday,MIL,202106130MIL,"Jun 13, 2021",BKN,14,16,0,16,35.9,43.75,-7.85,9,8,7,6,0,0,0,0,0,0,0,0,0,0,0,0,0,0,0,0,0,0,0,0
202681,Kyrie Irving,BKN,202106130MIL,"Jun 13, 2021",MIL,11,11,0,11,45.83,50.0,-4.17,9,8,2,3,0,0,0,0,0,0,0,0,0,0,0,0,0,0,0,0,0,0,0,0
203925,Joe Harris,BKN,202106130MIL,"Jun 13, 2021",MIL,8,8,0,8,36.36,50.0,-13.64,2,2,6,6,0,0,0,0,0,0,0,0,0,0,0,0,0,0,0,0,0,0,0,0
200782,P.J. Tucker,MIL,202106130MIL,"Jun 13, 2021",BKN,13,8,0,8,59.09,81.25,-22.16,2,4,6,9,0,0,0,0,0,0,0,0,0,0,0,0,0,0,0,0,0,0,0,0
203507,Giannis Antetokounmpo,MIL,202106130MIL,"Jun 13, 2021",BKN,34,26,10,30,50.75,55.92,-5.17,19,22,5,3,4,4,0,0,2,5,0,0,0,0,0,0,0,0,0,0,0,0,0,0
201142,Kevin Durant,BKN,202106130MIL,"Jun 13, 2021",MIL,28,25,10,30,41.18,47.62,-6.44,17,16,8,3,3,5,0,0,0,0,0,0,0,0,0,0,0,0,0,0,0,0,2,4
201572,Brook Lopez,MIL,202106130MIL,"Jun 13, 2021",BKN,6,6,0,6,33.33,50.0,-16.67,0,0,6,6,0,0,0,0,0,0,0,0,0,0,0,0,0,0,0,0,0,0,0,0
201933,Blake Griffin,BKN,202106130MIL,"Jun 13, 2021",MIL,8,8,2,9,36.36,45.05,-8.69,4,4,4,3,1,1,0,0,0,0,0,0,0,0,0,0,0,0,0,0,0,0,0,0
203114,Khris Middleton,MIL,202106130MIL,"Jun 13, 2021",BKN,19,15,3,16,46.34,58.21,-11.87,7,8,7,6,0,0,0,0,0,0,1,4,0,0,0,0,0,0,0,0,0,0,1,1
1628971,Bruce Brown,BKN,202106130MIL,"Jun 13, 2021",MIL,7,5,2,5,53.85,59.52,-5.67,2,2,1,0,0,0,0,0,2,5,0,0,0,0,0,0,0,0,0,0,0,0,0,0
1626171,Bobby Portis,MIL,202106130MIL,"Jun 13, 2021",BKN,0,3,0,3,0.0,0.0,0.0,2,0,1,0,0,0,0,0,0,0,0,0,0,0,0,0,0,0,0,0,0,0,0,0
1629013,Landry Shamet,BKN,202106130MIL,"Jun 13, 2021",MIL,5,3,0,3,62.5,83.33,-20.83,1,2,2,3,0,0,0,0,0,0,0,0,0,0,0,0,0,0,0,0,0,0,0,0
1626192,Pat Connaughton,MIL,202106130MIL,"Jun 13, 2021",BKN,8,5,2,6,47.06,68.03,-20.97,0,0,5,6,1,2,0,0,0,0,0,0,0,0,0,0,0,0,0,0,0,0,0,0
1627854,Bryn Forbes,MIL,202106130MIL,"Jun 13, 2021",BKN,10,6,5,8,43.48,60.98,-17.5,0,0,6,6,0,0,1,3,0,0,0,0,0,0,0,0,0,0,0,0,0,0,1,1
201145,Jeff Green,BKN,202106130MIL,"Jun 13, 2021",MIL,8,4,4,6,57.14,69.44,-12.3,2,2,2,3,2,3,0,0,0,0,0,0,0,0,0,0,0,0,0,0,0,0,0,0
jamesmi02,M. James,BKN,202106130MIL,"Jun 13, 2021",MIL,5,6,0,6,33.33,41.67,-8.34,3,2,3,3,0,0,0,0,0,0,0,0,0,0,0,0,0,0,0,0,0,0,0,0
bryanel01,E. Bryant,MIL,202106130MIL,"Jun 13, 2021",BKN,0,2,0,2,0.0,0.0,0.0,0,0,2,0,0,0,0,0,0,0,0,0,0,0,0,0,0,0,0,0,0,0,0,0
1629651,Nic Claxton,BKN,202106130MIL,"Jun 13, 2021",MIL,4,2,0,2,100.0,100.0,0.0,2,4,0,0,0,0,0,0,0,0,0,0,0,0,0,0,0,0,0,0,0,0,0,0
204020,Tyler Johnson,BKN,202106130MIL,"Jun 13, 2021",MIL,2,2,0,2,50.0,50.0,0.0,2,2,0,0,0,0,0,0,0,0,0,0,0,0,0,0,0,0,0,0,0,0,0,0
1629185,Chris Chiozza,BKN,202106130MIL,"Jun 13, 2021",MIL,5,4,0,4,50.0,62.5,-12.5,2,2,2,3,0,0,0,0,0,0,0,0,0,0,0,0,0,0,0,0,0,0,0,0
1627789,Timothe Luwawu-Cabarrot,BKN,202106130MIL,"Jun 13, 2021",MIL,3,3,0,3,33.33,50.0,-16.67,0,0,3,3,0,0,0,0,0,0,0,0,0,0,0,0,0,0,0,0,0,0,0,0
1629617,Reggie Perry,BKN,202106130MIL,"Jun 13, 2021",MIL,2,2,0,2,50.0,50.0,0.0,2,2,0,0,0,0,0,0,0,0,0,0,0,0,0,0,0,0,0,0,0,0,0,0
toupaax01,A. Toupane,MIL,202106130MIL,"Jun 13, 2021",BKN,3,1,0,1,100.0,150.0,-50.0,0,0,1,3,0,0,0,0,0,0,0,0,0,0,0,0,0,0,0,0,0,0,0,0
203999,Nikola Jokić,DEN,202106130DEN,"Jun 13, 2021",PHX,22,17,4,19,52.38,58.64,-6.26,13,16,4,3,1,1,0,0,0,0,0,0,0,0,0,0,0,0,0,0,0,0,1,2
1629028,Deandre Ayton,PHX,202106130DEN,"Jun 13, 2021",DEN,12,10,0,10,60.0,60.0,0.0,10,12,0,0,0,0,0,0,0,0,0,0,0,0,0,0,0,0,0,0,0,0,0,0
1629008,Michael Porter Jr.,DEN,202106130DEN,"Jun 13, 2021",PHX,20,16,4,18,45.45,56.31,-10.86,7,6,8,9,1,2,0,0,1,3,0,0,1,0,0,0,0,0,0,0,0,0,0,0
1628969,Mikal Bridges,PHX,202106130DEN,"Jun 13, 2021",DEN,14,11,2,12,53.85,58.92,-5.07,9,12,2,0,1,2,0,0,0,0,0,0,0,0,0,0,0,0,0,0,0,0,0,0
1626164,Devin Booker,PHX,202106130DEN,"Jun 13, 2021",DEN,34,25,11,30,49.28,56.97,-7.69,16,16,8,6,2,4,0,0,1,3,0,0,0,0,0,0,0,0,0,0,0,0,3,5
203109,Jae Crowder,PHX,202106130DEN,"Jun 13, 2021",DEN,9,4,3,5,64.29,84.59,-20.3,1,0,3,6,0,0,1,3,0,0,0,0,0,0,0,0,0,0,0,0,0,0,0,0
101108,Chris Paul,PHX,202106130DEN,"Jun 13, 2021",DEN,37,19,9,23,78.72,80.57,-1.85,18,26,0,0,0,0,0,0,1,3,0,0,0,0,0,0,0,0,0,0,0,0,4,8
203115,Will Barton,DEN,202106130DEN,"Jun 13, 2021",PHX,25,21,4,23,45.45,54.92,-9.47,12,12,9,9,1,2,0,0,0,0,0,0,0,0,0,0,0,0,0,0,0,0,1,2
203932,Aaron Gordon,DEN,202106130DEN,"Jun 13, 2021",PHX,8,8,2,9,42.11,45.05,-2.94,7,6,1,0,1,2,0,0,0,0,0,0,0,0,0,0,0,0,0,0,0,0,0,0
1628420,Monte Morris,DEN,202106130DEN,"Jun 13, 2021",PHX,19,15,3,17,51.35,58.21,-6.86,11,12,4,6,1,0,0,0,0,0,0,0,1,1,0,0,0,0,0,0,0,0,0,0
203085,Austin Rivers,DEN,202106130DEN,"Jun 13, 2021",PHX,5,6,0,6,33.33,41.67,-8.34,3,2,3,3,0,0,0,0,0,0,0,0,0,0,0,0,0,0,0,0,0,0,0,0
johnsca02,C. Johnson,PHX,202106130DEN,"Jun 13, 2021",DEN,7,4,2,5,50.0,71.72,-21.72,0,0,4,6,1,1,0,0,0,0,0,0,0,0,0,0,0,0,0,0,0,0,0,0
1626166,Cameron Payne,PHX,202106130DEN,"Jun 13, 2021",DEN,4,6,2,7,25.0,29.07,-4.07,4,2,2,0,0,0,0,0,0,0,0,0,0,0,1,2,0,0,0,0,0,0,0,0
1630267,Facundo Campazzo,DEN,202106130DEN,"Jun 13, 2021",PHX,14,10,0,10,51.85,70.0,-18.15,3,2,7,12,0,0,0,0,0,0,0,0,0,0,0,0,0,0,0,0,0,0,0,0
203210,JaMychal Green,DEN,202106130DEN,"Jun 13, 2021",PHX,0,1,0,1,0.0,0.0,0.0,0,0,1,0,0,0,0,0,0,0,0,0,0,0,0,0,0,0,0,0,0,0,0,0
1628470,Torrey Craig,PHX,202106130DEN,"Jun 13, 2021",DEN,3,2,0,2,60.0,75.0,-15.0,1,0,1,3,0,0,0,0,0,0,0,0,0,0,0,0,0,0,0,0,0,0,0,0
203967,Dario Saric,PHX,202106130DEN,"Jun 13, 2021",DEN,5,4,2,5,41.67,51.23,-9.56,2,0,2,3,1,2,0,0,0,0,0,0,0,0,0,0,0,0,0,0,0,0,0,0
201580,JaVale McGee,DEN,202106130DEN,"Jun 13, 2021",PHX,5,4,4,6,41.67,43.4,-1.73,4,4,0,0,2,1,0,0,0,0,0,0,0,0,0,0,0,0,0,0,0,0,0,0
1628989,Kevin Huerter,ATL,202106140ATL,"Jun 14, 2021",PHI,10,10,0,10,40.0,50.0,-10.0,5,4,5,6,0,0,0,0,0,0,0,0,0,0,0,0,0,0,0,0,0,0,0,0
203954,Joel Embiid,PHI,202106140ATL,"Jun 14, 2021",ATL,17,20,8,24,32.69,36.14,-3.45,16,6,4,3,3,6,0,0,0,0,0,0,0,0,0,0,0,0,0,0,0,0,1,2
203991,Clint Capela,ATL,202106140ATL,"Jun 14, 2021",PHI,12,9,0,9,66.67,66.67,0.0,9,12,0,0,0,0,0,0,0,0,0,0,0,0,0,0,0,0,0,0,0,0,0,0
1628381,John Collins,ATL,202106140ATL,"Jun 14, 2021",PHI,14,15,2,16,40.0,44.08,-4.08,12,10,3,3,0,0,0,0,0,0,0,0,0,0,1,1,0,0,0,0,0,0,0,0
1627732,Ben Simmons,PHI,202106140ATL,"Jun 14, 2021",ATL,11,10,5,12,44.0,45.08,-1.08,9,8,0,0,1,0,0,0,1,2,0,0,0,0,0,0,0,0,0,0,0,0,1,1
203992,Bogdan Bogdanović,ATL,202106140ATL,"Jun 14, 2021",PHI,22,24,1,24,35.48,45.01,-9.53,10,8,13,12,0,0,0,0,1,2,0,0,0,0,0,0,0,0,0,0,0,0,0,0
1629027,Trae Young,ATL,202106140ATL,"Jun 14, 2021",PHI,25,26,8,30,35.21,42.34,-7.13,15,10,11,9,2,2,0,0,0,0,0,0,0,0,0,0,0,0,0,0,0,0,2,4
202699,Tobias Harris,PHI,202106140ATL,"Jun 14, 2021",ATL,20,15,2,16,57.14,62.97,-5.83,12,12,3,6,1,2,0,0,0,0,0,0,0,0,0,0,0,0,0,0,0,0,0,0
1627788,Furkan Korkmaz,PHI,202106140ATL,"Jun 14, 2021",ATL,10,9,0,9,43.48,55.56,-12.08,4,4,5,6,0,0,0,0,0,0,0,0,0,0,0,0,0,0,0,0,0,0,0,0
203552,Seth Curry,PHI,202106140ATL,"Jun 14, 2021",ATL,17,10,1,11,62.96,81.42,-18.46,4,8,6,9,0,0,0,0,0,0,0,0,1,0,0,0,0,0,0,0,0,0,0,0
1629680,Matisse Thybulle,PHI,202106140ATL,"Jun 14, 2021",ATL,5,7,0,7,26.32,35.71,-9.39,2,2,5,3,0,0,0,0,0,0,0,0,0,0,0,0,0,0,0,0,0,0,0,0
203503,Tony Snell,ATL,202106140ATL,"Jun 14, 2021",PHI,0,3,0,3,0.0,0.0,0.0,0,0,3,0,0,0,0,0,0,0,0,0,0,0,0,0,0,0,0,0,0,0,0,0
201568,Danilo Gallinari,ATL,202106140ATL,"Jun 14, 2021",PHI,7,6,4,8,36.84,45.1,-8.26,3,0,3,3,2,4,0,0,0,0,0,0,0,0,0,0,0,0,0,0,0,0,0,0
201588,George Hill,PHI,202106140ATL,"Jun 14, 2021",ATL,2,3,0,3,28.57,33.33,-4.76,2,2,1,0,0,0,0,0,0,0,0,0,0,0,0,0,0,0,0,0,0,0,0,0
2730,Dwight Howard,PHI,202106140ATL,"Jun 14, 2021",ATL,7,3,2,4,87.5,90.21,-2.71,3,6,0,0,1,1,0,0,0,0,0,0,0,0,0,0,0,0,0,0,0,0,0,0
1629003,Shake Milton,PHI,202106140ATL,"Jun 14, 2021",ATL,8,7,3,8,42.11,48.08,-5.97,4,0,2,3,1,2,0,0,1,3,0,0,0,0,0,0,0,0,0,0,0,0,0,0
1630168,Onyeka Okongwu,ATL,202106140ATL,"Jun 14, 2021",PHI,4,3,2,4,50.0,51.55,-1.55,3,2,0,0,0,0,0,0,0,0,0,0,0,0,0,0,0,0,0,0,0,0,1,2
101150,Lou Williams,ATL,202106140ATL,"Jun 14, 2021",PHI,9,5,4,7,56.25,66.57,-10.32,3,2,2,3,2,4,0,0,0,0,0,0,0,0,0,0,0,0,0,0,0,0,0,0
1630178,Tyrese Maxey,PHI,202106140ATL,"Jun 14, 2021",ATL,3,1,0,1,100.0,150.0,-50.0,0,0,1,3,0,0,0,0,0,0,0,0,0,0,0,0,0,0,0,0,0,0,0,0
202711,Bojan Bogdanovic,UTA,202106140LAC,"Jun 14, 2021",LAC,18,12,5,14,52.94,63.38,-10.44,6,6,5,6,1,2,0,0,1,3,0,0,0,0,0,0,0,0,0,0,0,0,1,1
202694,Marcus Morris Sr.,LAC,202106140LAC,"Jun 14, 2021",UTA,24,11,8,15,66.67,82.64,-15.97,5,2,6,15,0,0,0,0,0,0,0,0,0,0,0,0,0,0,0,0,0,0,4,7
201587,Nicolas Batum,LAC,202106140LAC,"Jun 14, 2021",UTA,7,8,2,9,29.17,39.41,-10.24,2,2,6,3,0,0,0,0,0,0,0,0,0,0,0,0,0,0,0,0,0,0,1,2
202695,Kawhi Leonard,LAC,202106140LAC,"Jun 14, 2021",UTA,31,19,13,26,53.45,62.7,-9.25,12,12,7,9,3,3,0,0,0,0,0,0,1,1,0,0,0,0,0,0,0,0,3,6
1626220,Royce O'Neale,UTA,202106140LAC,"Jun 14, 2021",LAC,8,6,0,6,50.0,66.67,-16.67,2,2,4,6,0,0,0,0,0,0,0,0,0,0,0,0,0,0,0,0,0,0,0,0
1628378,Donovan Mitchell,UTA,202106140LAC,"Jun 14, 2021",LAC,37,26,15,33,45.12,56.75,-11.63,11,6,15,18,4,8,1,3,0,0,0,0,0,0,0,0,0,0,0,0,0,0,2,2
202331,Paul George,LAC,202106140LAC,"Jun 14, 2021",UTA,31,20,10,25,51.67,63.52,-11.85,9,8,10,12,2,4,0,0,1,3,0,0,1,0,0,0,0,0,0,0,0,0,2,4
202704,Reggie Jackson,LAC,202106140LAC,"Jun 14, 2021",UTA,4,4,0,4,40.0,50.0,-10.0,2,4,2,0,0,0,0,0,0,0,0,0,0,0,0,0,0,0,0,0,0,0,0,0
203903,Jordan Clarkson,UTA,202106140LAC,"Jun 14, 2021",LAC,8,12,0,12,25.0,33.33,-8.33,4,2,8,6,0,0,0,0,0,0,0,0,0,0,0,0,0,0,0,0,0,0,0,0
202324,Derrick Favors,UTA,202106140LAC,"Jun 14, 2021",LAC,2,4,0,4,25.0,25.0,0.0,4,2,0,0,0,0,0,0,0,0,0,0,0,0,0,0,0,0,0,0,0,0,0,0
201976,Patrick Beverley,LAC,202106140LAC,"Jun 14, 2021",UTA,2,1,0,1,100.0,100.0,0.0,1,2,0,0,0,0,0,0,0,0,0,0,0,0,0,0,0,0,0,0,0,0,0,0
1629611,Terance Mann,LAC,202106140LAC,"Jun 14, 2021",UTA,3,5,1,5,23.08,27.57,-4.49,2,0,2,0,0,0,0,0,1,3,0,0,0,0,0,0,0,0,0,0,0,0,0,0
203497,Rudy Gobert,UTA,202106140LAC,"Jun 14, 2021",LAC,11,4,4,6,91.67,95.49,-3.82,4,8,0,0,2,3,0,0,0,0,0,0,0,0,0,0,0,0,0,0,0,0,0,0
1627777,Georges Niang,UTA,202106140LAC,"Jun 14, 2021",LAC,0,2,0,2,0.0,0.0,0.0,0,0,2,0,0,0,0,0,0,0,0,0,0,0,0,0,0,0,0,0,0,0,0,0
1627826,Ivica Zubac,LAC,202106140LAC,"Jun 14, 2021",UTA,8,3,4,5,80.0,84.03,-4.03,3,6,0,0,0,0,0,0,0,0,0,0,0,0,0,0,0,0,0,0,0,0,2,2
204060,Joe Ingles,UTA,202106140LAC,"Jun 14, 2021",LAC,19,9,0,9,76.0,105.56,-29.56,2,4,7,15,0,0,0,0,0,0,0,0,0,0,0,0,0,0,0,0,0,0,0,0
1629671,Miye Oni,UTA,202106140LAC,"Jun 14, 2021",LAC,0,1,0,1,0.0,0.0,0.0,0,0,1,0,0,0,0,0,0,0,0,0,0,0,0,0,0,0,0,0,0,0,0,0
1628379,Luke Kennard,LAC,202106140LAC,"Jun 14, 2021",UTA,8,5,0,5,57.14,80.0,-22.86,1,2,4,6,0,0,0,0,0,0,0,0,0,0,0,0,0,0,0,0,0,0,0,0
1629714,Jarrell Brantley,UTA,202106140LAC,"Jun 14, 2021",LAC,1,0,2,1,50.0,56.82,-6.82,0,0,0,0,0,0,0,0,0,0,0,0,0,0,0,0,0,0,0,0,0,0,1,1
1630235,Trent Forrest,UTA,202106140LAC,"Jun 14, 2021",LAC,0,1,0,1,0.0,0.0,0.0,1,0,0,0,0,0,0,0,0,0,0,0,0,0,0,0,0,0,0,0,0,0,0,0
1630187,Daniel Oturu,LAC,202106140LAC,"Jun 14, 2021",UTA,0,1,0,1,0.0,0.0,0.0,1,0,0,0,0,0,0,0,0,0,0,0,0,0,0,0,0,0,0,0,0,0,0,0
203925,Joe Harris,BKN,202106150BRK,"Jun 15, 2021",MIL,5,11,0,11,17.24,22.73,-5.49,4,2,7,3,0,0,0,0,0,0,0,0,0,0,0,0,0,0,0,0,0,0,0,0
1628971,Bruce Brown,BKN,202106150BRK,"Jun 15, 2021",MIL,2,5,0,5,18.18,20.0,-1.82,4,2,1,0,0,0,0,0,0,0,0,0,0,0,0,0,0,0,0,0,0,0,0,0
201142,Kevin Durant,BKN,202106150BRK,"Jun 15, 2021",MIL,49,23,16,30,69.01,81.56,-12.55,12,20,9,12,4,8,0,0,2,5,0,0,0,0,0,0,0,0,0,0,0,0,3,4
203114,Khris Middleton,MIL,202106150BRK,"Jun 15, 2021",BKN,25,22,7,24,40.98,49.84,-8.86,10,6,10,9,0,0,1,3,2,5,0,0,0,0,0,0,0,0,0,0,0,0,1,2
203507,Giannis Antetokounmpo,MIL,202106150BRK,"Jun 15, 2021",BKN,34,22,7,25,61.82,67.78,-5.96,17,22,4,6,1,1,0,0,1,3,0,0,0,0,0,0,0,0,0,0,0,0,2,2
201950,Jrue Holiday,MIL,202106150BRK,"Jun 15, 2021",BKN,19,16,2,17,46.34,56.28,-9.94,9,8,7,9,1,2,0,0,0,0,0,0,0,0,0,0,0,0,0,0,0,0,0,0
201935,James Harden,BKN,202106150BRK,"Jun 15, 2021",MIL,5,10,3,11,16.13,22.08,-5.95,1,0,8,0,0,0,0,0,1,3,0,0,0,0,0,0,0,0,0,0,0,0,1,2
200782,P.J. Tucker,MIL,202106150BRK,"Jun 15, 2021",BKN,0,3,0,3,0.0,0.0,0.0,1,0,2,0,0,0,0,0,0,0,0,0,0,0,0,0,0,0,0,0,0,0,0,0
201572,Brook Lopez,MIL,202106150BRK,"Jun 15, 2021",BKN,15,10,0,10,60.0,75.0,-15.0,5,6,5,9,0,0,0,0,0,0,0,0,0,0,0,0,0,0,0,0,0,0,0,0
201933,Blake Griffin,BKN,202106150BRK,"Jun 15, 2021",MIL,17,11,0,11,60.71,77.27,-16.56,5,8,6,9,0,0,0,0,0,0,0,0,0,0,0,0,0,0,0,0,0,0,0,0
1626192,Pat Connaughton,MIL,202106150BRK,"Jun 15, 2021",BKN,10,7,1,7,55.56,67.2,-11.64,3,4,3,3,0,0,0,0,1,3,0,0,0,0,0,0,0,0,0,0,0,0,0,0
201145,Jeff Green,BKN,202106150BRK,"Jun 15, 2021",MIL,27,11,4,13,79.41,105.8,-26.39,3,2,8,21,2,4,0,0,0,0,0,0,0,0,0,0,0,0,0,0,0,0,0,0
1629013,Landry Shamet,BKN,202106150BRK,"Jun 15, 2021",MIL,9,5,2,6,60.0,76.53,-16.53,2,4,3,3,0,0,0,0,0,0,0,0,0,0,0,0,0,0,0,0,0,0,1,2
1627854,Bryn Forbes,MIL,202106150BRK,"Jun 15, 2021",BKN,5,3,0,3,71.43,83.33,-11.9,2,2,1,3,0,0,0,0,0,0,0,0,0,0,0,0,0,0,0,0,0,0,0,0
jamesmi02,M. James,BKN,202106150BRK,"Jun 15, 2021",MIL,0,1,0,1,0.0,0.0,0.0,0,0,1,0,0,0,0,0,0,0,0,0,0,0,0,0,0,0,0,0,0,0,0,0
1627788,Furkan Korkmaz,PHI,202106160PHI,"Jun 16, 2021",ATL,8,7,5,9,33.33,43.48,-10.15,2,2,5,3,1,1,1,2,0,0,0,0,0,0,0,0,0,0,0,0,0,0,0,0
203992,Bogdan Bogdanović,ATL,202106160PHI,"Jun 16, 2021",PHI,6,9,0,9,27.27,33.33,-6.06,5,6,4,0,0,0,0,0,0,0,0,0,0,0,0,0,0,0,0,0,0,0,0,0
202699,Tobias Harris,PHI,202106160PHI,"Jun 16, 2021",ATL,4,11,0,11,16.0,18.18,-2.18,8,4,3,0,0,0,0,0,0,0,0,0,0,0,0,0,0,0,0,0,0,0,0,0
1628381,John Collins,ATL,202106160PHI,"Jun 16, 2021",PHI,19,12,4,14,59.38,69.04,-9.66,8,8,4,9,2,2,0,0,0,0,0,0,0,0,0,0,0,0,0,0,0,0,0,0
203954,Joel Embiid,PHI,202106160PHI,"Jun 16, 2021",ATL,37,20,13,27,64.91,71.93,-7.02,16,20,4,6,6,10,0,0,0,0,0,0,1,1,0,0,0,0,0,0,0,0,0,0
1629027,Trae Young,ATL,202106160PHI,"Jun 16, 2021",PHI,39,23,19,32,54.93,62.18,-7.25,17,16,6,6,3,5,2,6,0,0,0,0,1,1,0,0,0,0,0,0,0,0,3,5
201939,Stephen Curry,ATL,202106160PHI,"Jun 16, 2021",PHI,36,19,4,21,66.67,86.71,-20.04,7,12,12,21,0,0,0,0,0,0,0,0,0,0,0,0,0,0,0,0,0,0,2,3
1627732,Ben Simmons,PHI,202106160PHI,"Jun 16, 2021",ATL,8,4,12,10,40.0,43.1,-3.1,4,4,0,0,0,0,0,0,0,0,0,0,0,0,0,0,0,0,0,0,0,0,6,4
203991,Clint Capela,ATL,202106160PHI,"Jun 16, 2021",PHI,6,8,1,8,35.29,35.55,-0.26,7,4,0,0,0,0,0,0,1,2,0,0,0,0,0,0,0,0,0,0,0,0,0,0
201568,Danilo Gallinari,ATL,202106160PHI,"Jun 16, 2021",PHI,16,10,2,11,61.54,73.53,-11.99,6,6,4,9,1,1,0,0,0,0,0,0,0,0,0,0,0,0,0,0,0,0,0,0
1629680,Matisse Thybulle,PHI,202106160PHI,"Jun 16, 2021",ATL,6,2,0,2,100.0,150.0,-50.0,0,0,2,6,0,0,0,0,0,0,0,0,0,0,0,0,0,0,0,0,0,0,0,0
1628989,Kevin Huerter,ATL,202106160PHI,"Jun 16, 2021",PHI,0,7,0,7,0.0,0.0,0.0,3,0,4,0,0,0,0,0,0,0,0,0,0,0,0,0,0,0,0,0,0,0,0,0
203503,Tony Snell,ATL,202106160PHI,"Jun 16, 2021",PHI,0,1,0,1,0.0,0.0,0.0,0,0,1,0,0,0,0,0,0,0,0,0,0,0,0,0,0,0,0,0,0,0,0,0
201588,George Hill,PHI,202106160PHI,"Jun 16, 2021",ATL,2,5,0,5,16.67,20.0,-3.33,3,2,2,0,0,0,0,0,0,0,0,0,0,0,0,0,0,0,0,0,0,0,0,0
1629003,Shake Milton,PHI,202106160PHI,"Jun 16, 2021",ATL,5,5,2,6,35.71,42.52,-6.81,3,0,2,3,0,0,0,0,0,0,0,0,0,0,0,0,0,0,0,0,0,0,1,2
1630168,Onyeka Okongwu,ATL,202106160PHI,"Jun 16, 2021",PHI,6,2,2,3,100.0,104.17,-4.17,2,4,0,0,1,2,0,0,0,0,0,0,0,0,0,0,0,0,0,0,0,0,0,0
101150,Lou Williams,ATL,202106160PHI,"Jun 16, 2021",PHI,15,11,0,11,60.0,68.18,-8.18,8,12,3,3,0,0,0,0,0,0,0,0,0,0,0,0,0,0,0,0,0,0,0,0
2730,Dwight Howard,PHI,202106160PHI,"Jun 16, 2021",ATL,0,2,0,2,0.0,0.0,0.0,2,0,0,0,0,0,0,0,0,0,0,0,0,0,0,0,0,0,0,0,0,0,0,0
203524,Solomon Hill,ATL,202106160PHI,"Jun 16, 2021",PHI,2,2,0,2,50.0,50.0,0.0,2,2,0,0,0,0,0,0,0,0,0,0,0,0,0,0,0,0,0,0,0,0,0,0
202711,Bojan Bogdanovic,UTA,202106160UTA,"Jun 16, 2021",LAC,32,20,4,22,52.46,73.53,-21.07,3,2,17,27,0,0,0,0,0,0,0,0,0,0,0,0,0,0,0,0,0,0,2,3
202704,Reggie Jackson,LAC,202106160UTA,"Jun 16, 2021",UTA,22,15,3,16,53.66,67.4,-13.74,6,8,8,9,0,0,0,0,1,3,0,0,0,0,0,0,0,0,0,0,0,0,1,2
1628378,Donovan Mitchell,UTA,202106160UTA,"Jun 16, 2021",LAC,21,19,6,22,36.21,48.52,-12.31,4,2,14,12,2,3,0,0,1,3,0,0,0,0,0,0,0,0,0,0,1,1,0,0
202694,Marcus Morris Sr.,LAC,202106160UTA,"Jun 16, 2021",UTA,25,16,4,18,62.5,70.38,-7.88,12,14,4,9,1,1,0,0,0,0,0,0,0,0,0,0,0,0,0,0,0,0,1,1
1626220,Royce O'Neale,UTA,202106160UTA,"Jun 16, 2021",LAC,12,11,3,12,36.36,48.7,-12.34,2,2,8,6,0,0,0,0,1,2,0,0,0,0,0,0,0,0,0,0,0,0,1,2
202331,Paul George,LAC,202106160UTA,"Jun 16, 2021",UTA,37,22,11,27,57.81,68.93,-11.12,11,14,9,9,2,3,0,0,2,6,0,0,1,1,1,2,0,0,0,0,0,0,1,2
201587,Nicolas Batum,LAC,202106160UTA,"Jun 16, 2021",UTA,9,6,0,6,50.0,75.0,-25.0,0,0,6,9,0,0,0,0,0,0,0,0,0,0,0,0,0,0,0,0,0,0,0,0
203497,Rudy Gobert,UTA,202106160UTA,"Jun 16, 2021",LAC,17,8,8,12,70.83,73.78,-2.95,8,12,0,0,3,4,0,0,0,0,0,0,0,0,0,0,0,0,0,0,0,0,1,1
1629611,Terance Mann,LAC,202106160UTA,"Jun 16, 2021",UTA,13,8,5,10,50.0,63.73,-13.73,2,4,5,3,1,2,0,0,1,3,0,0,0,0,0,0,0,0,0,0,0,0,1,1
204060,Joe Ingles,UTA,202106160UTA,"Jun 16, 2021",LAC,12,8,4,10,48.0,61.48,-13.48,3,6,5,3,1,2,0,0,0,0,0,0,0,0,0,0,0,0,0,0,0,0,1,1
203903,Jordan Clarkson,UTA,202106160UTA,"Jun 16, 2021",LAC,15,12,2,13,42.86,58.23,-15.37,3,2,9,12,1,1,0,0,0,0,0,0,0,0,0,0,0,0,0,0,0,0,0,0
201976,Patrick Beverley,LAC,202106160UTA,"Jun 16, 2021",UTA,5,5,0,5,38.46,50.0,-11.54,2,2,3,3,0,0,0,0,0,0,0,0,0,0,0,0,0,0,0,0,0,0,0,0
1627826,Ivica Zubac,LAC,202106160UTA,"Jun 16, 2021",UTA,2,1,2,2,50.0,53.19,-3.19,1,0,0,0,1,2,0,0,0,0,0,0,0,0,0,0,0,0,0,0,0,0,0,0
1628379,Luke Kennard,LAC,202106160UTA,"Jun 16, 2021",UTA,6,6,0,6,37.5,50.0,-12.5,2,0,4,6,0,0,0,0,0,0,0,0,0,0,0,0,0,0,0,0,0,0,0,0
200765,Rajon Rondo,LAC,202106160UTA,"Jun 16, 2021",UTA,0,1,0,1,0.0,0.0,0.0,0,0,1,0,0,0,0,0,0,0,0,0,0,0,0,0,0,0,0,0,0,0,0,0
1627777,Georges Niang,UTA,202106160UTA,"Jun 16, 2021",LAC,2,2,0,2,40.0,50.0,-10.0,1,2,1,0,0,0,0,0,0,0,0,0,0,0,0,0,0,0,0,0,0,0,0,0
201572,Brook Lopez,MIL,202106170MIL,"Jun 17, 2021",BKN,8,9,0,9,38.1,44.44,-6.34,6,8,3,0,0,0,0,0,0,0,0,0,0,0,0,0,0,0,0,0,0,0,0,0
201933,Blake Griffin,BKN,202106170MIL,"Jun 17, 2021",MIL,12,8,4,10,50.0,61.48,-11.48,4,6,4,3,1,1,0,0,0,0,0,0,0,0,0,0,0,0,0,0,0,0,1,2
201145,Jeff Green,BKN,202106170MIL,"Jun 17, 2021",MIL,5,9,0,9,22.73,27.78,-5.05,5,2,4,3,0,0,0,0,0,0,0,0,0,0,0,0,0,0,0,0,0,0,0,0
203507,Giannis Antetokounmpo,MIL,202106170MIL,"Jun 17, 2021",BKN,30,20,10,24,60.0,61.48,-1.48,18,20,0,0,3,3,0,0,2,6,0,0,0,0,0,0,0,0,0,0,0,0,1,1
201935,James Harden,BKN,202106170MIL,"Jun 17, 2021",MIL,16,9,5,11,55.17,71.43,-16.26,3,4,6,9,1,1,1,2,0,0,0,0,0,0,0,0,0,0,0,0,0,0,0,0
203925,Joe Harris,BKN,202106170MIL,"Jun 17, 2021",MIL,9,9,0,9,40.91,50.0,-9.09,5,6,4,3,0,0,0,0,0,0,0,0,0,0,0,0,0,0,0,0,0,0,0,0
201142,Kevin Durant,BKN,202106170MIL,"Jun 17, 2021",MIL,32,30,2,31,45.71,51.81,-6.1,22,26,8,6,1,0,0,0,0,0,0,0,0,0,0,0,0,0,0,0,0,0,0,0
201950,Jrue Holiday,MIL,202106170MIL,"Jun 17, 2021",BKN,21,21,4,23,37.5,46.13,-8.63,11,14,10,3,2,4,0,0,0,0,0,0,0,0,0,0,0,0,0,0,0,0,0,0
200782,P.J. Tucker,MIL,202106170MIL,"Jun 17, 2021",BKN,3,6,0,6,17.65,25.0,-7.35,1,0,5,3,0,0,0,0,0,0,0,0,0,0,0,0,0,0,0,0,0,0,0,0
203114,Khris Middleton,MIL,202106170MIL,"Jun 17, 2021",BKN,38,16,12,20,73.08,89.29,-16.21,8,12,6,9,2,4,2,5,0,0,2,8,0,0,0,0,0,0,0,0,0,0,0,0
1626192,Pat Connaughton,MIL,202106170MIL,"Jun 17, 2021",BKN,0,5,0,5,0.0,0.0,0.0,0,0,5,0,0,0,0,0,0,0,0,0,0,0,0,0,0,0,0,0,0,0,0,0
1629013,Landry Shamet,BKN,202106170MIL,"Jun 17, 2021",MIL,2,2,3,3,28.57,30.12,-1.55,2,0,0,0,0,0,1,2,0,0,0,0,0,0,0,0,0,0,0,0,0,0,0,0
203648,Thanasis Antetokounmpo,MIL,202106170MIL,"Jun 17, 2021",BKN,2,1,2,2,50.0,53.19,-3.19,1,0,0,0,0,0,0,0,0,0,0,0,0,0,0,0,0,0,0,0,0,0,1,2
1627854,Bryn Forbes,MIL,202106170MIL,"Jun 17, 2021",BKN,2,4,0,4,20.0,25.0,-5.0,2,2,2,0,0,0,0,0,0,0,0,0,0,0,0,0,0,0,0,0,0,0,0,0
1628971,Bruce Brown,BKN,202106170MIL,"Jun 17, 2021",MIL,3,2,0,2,60.0,75.0,-15.0,1,0,1,3,0,0,0,0,0,0,0,0,0,0,0,0,0,0,0,0,0,0,0,0
1629185,Chris Chiozza,BKN,202106170MIL,"Jun 17, 2021",MIL,0,2,0,2,0.0,0.0,0.0,2,0,0,0,0,0,0,0,0,0,0,0,0,0,0,0,0,0,0,0,0,0,0,0
1628993,Alize Johnson,BKN,202106170MIL,"Jun 17, 2021",MIL,4,3,0,3,66.67,66.67,0.0,3,4,0,0,0,0,0,0,0,0,0,0,0,0,0,0,0,0,0,0,0,0,0,0
204020,Tyler Johnson,BKN,202106170MIL,"Jun 17, 2021",MIL,0,1,0,1,0.0,0.0,0.0,0,0,1,0,0,0,0,0,0,0,0,0,0,0,0,0,0,0,0,0,0,0,0,0
1627789,Timothe Luwawu-Cabarrot,BKN,202106170MIL,"Jun 17, 2021",MIL,2,2,0,2,40.0,50.0,-10.0,1,2,1,0,0,0,0,0,0,0,0,0,0,0,0,0,0,0,0,0,0,0,0,0
1629617,Reggie Perry,BKN,202106170MIL,"Jun 17, 2021",MIL,4,4,0,4,44.44,50.0,-5.56,3,4,1,0,0,0,0,0,0,0,0,0,0,0,0,0,0,0,0,0,0,0,0,0
1628381,John Collins,ATL,202106180ATL,"Jun 18, 2021",PHI,7,8,3,9,31.82,37.55,-5.73,4,2,3,0,1,2,0,0,1,3,0,0,0,0,0,0,0,0,0,0,0,0,0,0
202699,Tobias Harris,PHI,202106180ATL,"Jun 18, 2021",ATL,24,20,4,22,51.06,55.15,-4.09,17,14,3,6,0,0,0,0,0,0,0,0,0,0,0,0,0,0,0,0,0,0,2,4
203992,Bogdan Bogdanović,ATL,202106180ATL,"Jun 18, 2021",PHI,7,11,2,12,23.33,29.46,-6.13,5,4,6,3,1,0,0,0,0,0,0,0,0,0,0,0,0,0,0,0,0,0,0,0
203991,Clint Capela,ATL,202106180ATL,"Jun 18, 2021",PHI,14,10,6,13,53.85,55.38,-1.53,10,12,0,0,2,1,0,0,0,0,0,0,0,0,0,0,0,0,0,0,0,0,1,1
201939,Stephen Curry,ATL,202106180ATL,"Jun 18, 2021",PHI,24,14,2,15,61.54,80.65,-19.11,5,4,9,18,0,0,0,0,0,0,0,0,0,0,0,0,0,0,0,0,0,0,1,2
203954,Joel Embiid,PHI,202106180ATL,"Jun 18, 2021",ATL,22,24,4,26,39.29,42.7,-3.41,20,16,4,3,1,1,0,0,0,0,0,0,0,0,0,0,0,0,0,0,0,0,1,2
1627732,Ben Simmons,PHI,202106180ATL,"Jun 18, 2021",ATL,6,6,4,8,37.5,38.66,-1.16,6,4,0,0,0,0,0,0,0,0,0,0,0,0,0,0,0,0,0,0,0,0,2,2
1627788,Furkan Korkmaz,PHI,202106180ATL,"Jun 18, 2021",ATL,7,9,0,9,30.43,38.89,-8.46,4,4,5,3,0,0,0,0,0,0,0,0,0,0,0,0,0,0,0,0,0,0,0,0
1629027,Trae Young,ATL,202106180ATL,"Jun 18, 2021",PHI,34,30,5,32,45.33,52.8,-7.47,20,16,10,15,1,1,1,2,0,0,0,0,0,0,0,0,0,0,0,0,0,0,0,0
1628989,Kevin Huerter,ATL,202106180ATL,"Jun 18, 2021",PHI,17,15,2,16,44.74,53.53,-8.79,9,10,6,6,1,1,0,0,0,0,0,0,0,0,0,0,0,0,0,0,0,0,0,0
1629680,Matisse Thybulle,PHI,202106180ATL,"Jun 18, 2021",ATL,0,2,0,2,0.0,0.0,0.0,0,0,2,0,0,0,0,0,0,0,0,0,0,0,0,0,0,0,0,0,0,0,0,0
201588,George Hill,PHI,202106180ATL,"Jun 18, 2021",ATL,3,3,0,3,37.5,50.0,-12.5,1,0,2,3,0,0,0,0,0,0,0,0,0,0,0,0,0,0,0,0,0,0,0,0
1630178,Tyrese Maxey,PHI,202106180ATL,"Jun 18, 2021",ATL,16,12,8,16,47.06,51.55,-4.49,10,8,2,3,2,2,0,0,0,0,0,0,0,0,0,0,0,0,0,0,0,0,2,3
201568,Danilo Gallinari,ATL,202106180ATL,"Jun 18, 2021",PHI,16,10,4,12,55.17,68.03,-12.86,5,6,5,6,0,0,0,0,0,0,0,0,0,0,0,0,0,0,0,0,0,0,2,4
101150,Lou Williams,ATL,202106180ATL,"Jun 18, 2021",PHI,0,5,0,5,0.0,0.0,0.0,4,0,1,0,0,0,0,0,0,0,0,0,0,0,0,0,0,0,0,0,0,0,0,0
2730,Dwight Howard,PHI,202106180ATL,"Jun 18, 2021",ATL,2,1,1,1,66.67,69.44,-2.77,0,0,0,0,0,0,0,0,1,2,0,0,0,0,0,0,0,0,0,0,0,0,0,0
1630168,Onyeka Okongwu,ATL,202106180ATL,"Jun 18, 2021",PHI,4,3,2,4,50.0,51.55,-1.55,3,4,0,0,1,0,0,0,0,0,0,0,0,0,0,0,0,0,0,0,0,0,0,0
1629003,Shake Milton,PHI,202106180ATL,"Jun 18, 2021",ATL,0,2,0,2,0.0,0.0,0.0,0,0,2,0,0,0,0,0,0,0,0,0,0,0,0,0,0,0,0,0,0,0,0,0
202331,Paul George,LAC,202106180LAC,"Jun 18, 2021",UTA,28,24,7,27,46.67,51.7,-5.03,19,16,5,6,0,0,1,3,0,0,0,0,0,0,0,0,0,0,0,0,0,0,2,3
1626220,Royce O'Neale,UTA,202106180LAC,"Jun 18, 2021",LAC,21,12,1,12,67.74,84.41,-16.67,5,6,6,12,0,0,0,0,1,3,0,0,0,0,0,0,0,0,0,0,0,0,0,0
1628378,Donovan Mitchell,UTA,202106180LAC,"Jun 18, 2021",LAC,39,27,9,31,50.0,62.98,-12.98,12,6,14,24,2,3,0,0,0,0,1,4,0,0,0,0,0,0,0,0,0,0,2,2
1629611,Terance Mann,LAC,202106180LAC,"Jun 18, 2021",UTA,39,21,2,22,72.22,89.12,-16.9,11,16,10,21,1,2,0,0,0,0,0,0,0,0,0,0,0,0,0,0,0,0,0,0
202711,Bojan Bogdanovic,LAC,202106180LAC,"Jun 18, 2021",UTA,14,12,0,12,43.75,58.33,-14.58,4,2,8,12,0,0,0,0,0,0,0,0,0,0,0,0,0,0,0,0,0,0,0,0
201144,Mike Conley,UTA,202106180LAC,"Jun 18, 2021",LAC,5,8,2,9,20.83,28.15,-7.32,2,0,6,3,1,2,0,0,0,0,0,0,0,0,0,0,0,0,0,0,0,0,0,0
203497,Rudy Gobert,UTA,202106180LAC,"Jun 18, 2021",LAC,12,6,4,8,75.0,77.32,-2.32,6,10,0,0,2,2,0,0,0,0,0,0,0,0,0,0,0,0,0,0,0,0,0,0
202694,Marcus Morris Sr.,LAC,202106180LAC,"Jun 18, 2021",UTA,7,7,0,7,38.89,50.0,-11.11,3,4,4,3,0,0,0,0,0,0,0,0,0,0,0,0,0,0,0,0,0,0,0,0
201587,Nicolas Batum,LAC,202106180LAC,"Jun 18, 2021",UTA,16,9,0,9,66.67,88.89,-22.22,3,4,6,12,0,0,0,0,0,0,0,0,0,0,0,0,0,0,0,0,0,0,0,0
202324,Derrick Favors,UTA,202106180LAC,"Jun 18, 2021",LAC,2,1,0,1,100.0,100.0,0.0,1,2,0,0,0,0,0,0,0,0,0,0,0,0,0,0,0,0,0,0,0,0,0,0
202704,Reggie Jackson,LAC,202106180LAC,"Jun 18, 2021",UTA,27,16,4,18,62.79,76.01,-13.22,9,14,7,9,2,4,0,0,0,0,0,0,0,0,0,0,0,0,0,0,0,0,0,0
204060,Joe Ingles,UTA,202106180LAC,"Jun 18, 2021",LAC,5,4,0,4,45.45,62.5,-17.05,1,2,3,3,0,0,0,0,0,0,0,0,0,0,0,0,0,0,0,0,0,0,0,0
201976,Patrick Beverley,LAC,202106180LAC,"Jun 18, 2021",UTA,12,4,4,6,75.0,104.17,-29.17,0,0,4,9,1,1,0,0,0,0,0,0,0,0,0,0,0,0,0,0,0,0,1,2
203903,Jordan Clarkson,UTA,202106180LAC,"Jun 18, 2021",LAC,21,16,3,17,51.22,60.62,-9.4,10,12,6,6,0,0,1,3,0,0,0,0,0,0,0,0,0,0,0,0,0,0,0,0
200765,Rajon Rondo,LAC,202106180LAC,"Jun 18, 2021",UTA,2,3,0,3,25.0,33.33,-8.33,1,2,2,0,0,0,0,0,0,0,0,0,0,0,0,0,0,0,0,0,0,0,0,0
1628379,Luke Kennard,LAC,202106180LAC,"Jun 18, 2021",UTA,0,1,0,1,0.0,0.0,0.0,0,0,1,0,0,0,0,0,0,0,0,0,0,0,0,0,0,0,0,0,0,0,0,0
201950,Jrue Holiday,MIL,202106190BRK,"Jun 19, 2021",BKN,13,23,2,24,22.81,27.22,-4.41,14,6,9,6,1,1,0,0,0,0,0,0,0,0,0,0,0,0,0,0,0,0,0,0
1628971,Bruce Brown,BKN,202106190BRK,"Jun 19, 2021",MIL,14,9,2,10,66.67,70.85,-4.18,8,14,1,0,1,0,0,0,0,0,0,0,0,0,0,0,0,0,0,0,0,0,0,0
201935,James Harden,BKN,202106190BRK,"Jun 19, 2021",MIL,22,17,10,21,39.29,51.4,-12.11,4,4,12,6,2,4,1,3,1,3,0,0,0,0,0,0,0,0,0,0,0,0,1,2
201572,Brook Lopez,MIL,202106190BRK,"Jun 19, 2021",BKN,19,11,2,12,67.86,79.97,-12.11,7,8,4,9,0,0,0,0,0,0,0,0,0,0,0,0,0,0,0,0,0,0,1,2
200782,P.J. Tucker,MIL,202106190BRK,"Jun 19, 2021",BKN,11,9,0,9,47.83,61.11,-13.28,4,2,5,9,0,0,0,0,0,0,0,0,0,0,0,0,0,0,0,0,0,0,0,0
201142,Kevin Durant,BKN,202106190BRK,"Jun 19, 2021",MIL,48,36,11,41,51.06,58.77,-7.71,24,24,11,12,3,5,0,0,1,3,0,0,0,0,0,0,0,0,0,0,0,0,2,4
203114,Khris Middleton,MIL,202106190BRK,"Jun 19, 2021",BKN,23,26,3,28,37.1,42.09,-4.99,19,14,7,6,0,0,0,0,0,0,0,0,1,1,0,0,0,0,0,0,0,0,1,2
201933,Blake Griffin,BKN,202106190BRK,"Jun 19, 2021",MIL,17,12,0,12,56.67,70.83,-14.16,6,8,6,9,0,0,0,0,0,0,0,0,0,0,0,0,0,0,0,0,0,0,0,0
203507,Giannis Antetokounmpo,BKN,202106190BRK,"Jun 19, 2021",MIL,40,24,14,29,58.82,66.31,-7.49,14,18,6,6,5,6,0,0,4,10,0,0,0,0,0,0,0,0,0,0,0,0,0,0
203925,Joe Harris,BKN,202106190BRK,"Jun 19, 2021",MIL,10,10,2,11,32.26,45.96,-13.7,1,0,9,9,1,1,0,0,0,0,0,0,0,0,0,0,0,0,0,0,0,0,0,0
1626192,Pat Connaughton,MIL,202106190BRK,"Jun 19, 2021",BKN,9,5,0,5,60.0,90.0,-30.0,0,0,5,9,0,0,0,0,0,0,0,0,0,0,0,0,0,0,0,0,0,0,0,0
203109,Jae Crowder,PHX,202106200PHO,"Jun 20, 2021",LAC,13,10,0,10,48.15,65.0,-16.85,3,4,7,9,0,0,0,0,0,0,0,0,0,0,0,0,0,0,0,0,0,0,0,0
1629028,Deandre Ayton,PHX,202106200PHO,"Jun 20, 2021",LAC,20,14,0,14,71.43,71.43,0.0,14,20,0,0,0,0,0,0,0,0,0,0,0,0,0,0,0,0,0,0,0,0,0,0
202331,Paul George,LAC,202106200PHO,"Jun 20, 2021",PHX,34,26,8,31,45.33,57.59,-12.26,11,6,15,21,2,4,0,0,0,0,0,0,1,1,0,0,0,0,0,0,1,1,1,1
1626166,Cameron Payne,PHX,202106200PHO,"Jun 20, 2021",LAC,11,10,0,10,45.83,55.0,-9.17,6,8,4,3,0,0,0,0,0,0,0,0,0,0,0,0,0,0,0,0,0,0,0,0
1628969,Mikal Bridges,PHX,202106200PHO,"Jun 20, 2021",LAC,14,11,0,11,50.0,63.64,-13.64,5,8,6,6,0,0,0,0,0,0,0,0,0,0,0,0,0,0,0,0,0,0,0,0
202704,Reggie Jackson,LAC,202106200PHO,"Jun 20, 2021",PHX,24,19,0,19,48.0,63.16,-15.16,7,12,12,12,0,0,0,0,0,0,0,0,0,0,0,0,0,0,0,0,0,0,0,0
201587,Nicolas Batum,LAC,202106200PHO,"Jun 20, 2021",PHX,5,5,0,5,35.71,50.0,-14.29,1,2,4,3,0,0,0,0,0,0,0,0,0,0,0,0,0,0,0,0,0,0,0,0
1629611,Terance Mann,LAC,202106200PHO,"Jun 20, 2021",PHX,9,4,0,4,81.82,112.5,-30.68,1,0,3,9,0,0,0,0,0,0,0,0,0,0,0,0,0,0,0,0,0,0,0,0
1626164,Devin Booker,PHX,202106200PHO,"Jun 20, 2021",LAC,40,29,7,32,55.56,62.34,-6.78,21,22,7,9,1,2,0,0,1,3,0,0,0,0,0,0,0,0,0,0,0,0,2,4
202694,Marcus Morris Sr.,LAC,202106200PHO,"Jun 20, 2021",PHX,6,11,0,11,22.22,27.27,-5.05,6,6,5,0,0,0,0,0,0,0,0,0,0,0,0,0,0,0,0,0,0,0,0,0
201976,Patrick Beverley,LAC,202106200PHO,"Jun 20, 2021",PHX,2,2,0,2,40.0,50.0,-10.0,1,2,1,0,0,0,0,0,0,0,0,0,0,0,0,0,0,0,0,0,0,0,0,0
mooreet01,E. Moore,PHX,202106200PHO,"Jun 20, 2021",LAC,0,1,0,1,0.0,0.0,0.0,0,0,1,0,0,0,0,0,0,0,0,0,0,0,0,0,0,0,0,0,0,0,0,0
1627826,Ivica Zubac,LAC,202106200PHO,"Jun 20, 2021",PHX,9,3,6,6,75.0,79.79,-4.79,3,4,0,0,2,4,0,0,0,0,0,0,0,0,0,0,0,0,0,0,0,0,1,1
200765,Rajon Rondo,LAC,202106200PHO,"Jun 20, 2021",PHX,8,5,0,5,66.67,80.0,-13.33,3,2,2,6,0,0,0,0,0,0,0,0,0,0,0,0,0,0,0,0,0,0,0,0
johnsca02,C. Johnson,PHX,202106200PHO,"Jun 20, 2021",LAC,12,8,0,8,57.14,75.0,-17.86,3,6,5,6,0,0,0,0,0,0,0,0,0,0,0,0,0,0,0,0,0,0,0,0
203967,Dario Saric,PHX,202106200PHO,"Jun 20, 2021",LAC,2,1,2,2,50.0,53.19,-3.19,1,0,0,0,1,2,0,0,0,0,0,0,0,0,0,0,0,0,0,0,0,0,0,0
202326,DeMarcus Cousins,LAC,202106200PHO,"Jun 20, 2021",PHX,11,10,3,11,44.0,48.59,-4.59,7,4,2,3,1,2,0,0,1,2,0,0,0,0,0,0,0,0,0,0,0,0,0,0
1628470,Torrey Craig,PHX,202106200PHO,"Jun 20, 2021",LAC,8,5,0,5,66.67,80.0,-13.33,3,2,2,6,0,0,0,0,0,0,0,0,0,0,0,0,0,0,0,0,0,0,0,0
1628379,Luke Kennard,LAC,202106200PHO,"Jun 20, 2021",PHX,6,3,0,3,66.67,100.0,-33.33,0,0,3,6,0,0,0,0,0,0,0,0,0,0,0,0,0,0,0,0,0,0,0,0
1627788,Furkan Korkmaz,PHI,202106200PHI,"Jun 20, 2021",ATL,5,6,0,6,29.41,41.67,-12.26,1,2,5,3,0,0,0,0,0,0,0,0,0,0,0,0,0,0,0,0,0,0,0,0
203992,Bogdan Bogdanović,ATL,202106200PHI,"Jun 20, 2021",PHI,4,8,0,8,20.0,25.0,-5.0,4,4,4,0,0,0,0,0,0,0,0,0,0,0,0,0,0,0,0,0,0,0,0,0
1628381,John Collins,ATL,202106200PHI,"Jun 20, 2021",PHI,14,6,4,8,82.35,90.21,-7.86,5,10,1,0,0,0,0,0,0,0,0,0,0,0,1,2,0,0,0,0,0,0,1,2
203954,Joel Embiid,PHI,202106200PHI,"Jun 20, 2021",ATL,31,21,10,26,54.39,61.02,-6.63,16,18,5,6,4,5,0,0,0,0,0,0,0,0,0,0,0,0,0,0,0,0,1,2
1628989,Kevin Huerter,ATL,202106200PHI,"Jun 20, 2021",PHI,27,18,7,20,57.45,64.04,-6.59,12,12,4,6,1,1,1,3,2,5,0,0,0,0,0,0,0,0,0,0,0,0,0,0
202699,Tobias Harris,PHI,202106200PHI,"Jun 20, 2021",ATL,24,24,6,27,39.34,45.05,-5.71,16,10,7,6,2,4,0,0,1,3,0,0,1,1,0,0,0,0,0,0,0,0,0,0
1627732,Ben Simmons,ATL,202106200PHI,"Jun 20, 2021",PHI,5,4,2,5,50.0,51.23,-1.23,4,4,0,0,0,0,0,0,0,0,0,0,0,0,0,0,0,0,0,0,0,0,1,1
1629027,Trae Young,ATL,202106200PHI,"Jun 20, 2021",PHI,21,23,11,28,30.88,37.72,-6.84,12,6,11,6,0,0,1,2,0,0,0,0,0,0,0,0,0,0,0,0,0,0,4,7
201939,Stephen Curry,ATL,202106200PHI,"Jun 20, 2021",PHI,16,10,2,11,59.26,73.53,-14.27,5,6,5,9,1,1,0,0,0,0,0,0,0,0,0,0,0,0,0,0,0,0,0,0
203991,Clint Capela,ATL,202106200PHI,"Jun 20, 2021",PHI,13,8,4,10,65.0,66.6,-1.6,8,12,0,0,2,1,0,0,0,0,0,0,0,0,0,0,0,0,0,0,0,0,0,0
201568,Danilo Gallinari,ATL,202106200PHI,"Jun 20, 2021",PHI,17,13,2,14,48.57,61.24,-12.67,6,6,7,9,0,0,0,0,0,0,0,0,0,0,0,0,0,0,0,0,0,0,1,2
1630178,Tyrese Maxey,PHI,202106200PHI,"Jun 20, 2021",ATL,2,2,2,3,28.57,34.72,-6.15,1,0,1,0,1,2,0,0,0,0,0,0,0,0,0,0,0,0,0,0,0,0,0,0
201588,George Hill,PHI,202106200PHI,"Jun 20, 2021",ATL,3,3,1,3,33.33,43.6,-10.27,0,0,2,0,0,0,0,0,1,3,0,0,0,0,0,0,0,0,0,0,0,0,0,0
2730,Dwight Howard,PHI,202106200PHI,"Jun 20, 2021",ATL,0,2,0,2,0.0,0.0,0.0,2,0,0,0,0,0,0,0,0,0,0,0,0,0,0,0,0,0,0,0,0,0,0,0
1630168,Onyeka Okongwu,ATL,202106200PHI,"Jun 20, 2021",PHI,1,1,2,2,25.0,26.6,-1.6,1,0,0,0,1,1,0,0,0,0,0,0,0,0,0,0,0,0,0,0,0,0,0,0
101150,Lou Williams,ATL,202106200PHI,"Jun 20, 2021",PHI,6,4,2,5,60.0,61.48,-1.48,4,4,0,0,1,2,0,0,0,0,0,0,0,0,0,0,0,0,0,0,0,0,0,0
1629680,Matisse Thybulle,PHI,202106200PHI,"Jun 20, 2021",ATL,8,5,2,6,57.14,68.03,-10.89,3,4,2,3,1,1,0,0,0,0,0,0,0,0,0,0,0,0,0,0,0,0,0,0
1629003,Shake Milton,PHI,202106200PHI,"Jun 20, 2021",ATL,2,3,0,3,28.57,33.33,-4.76,2,2,1,0,0,0,0,0,0,0,0,0,0,0,0,0,0,0,0,0,0,0,0,0
202694,Marcus Morris Sr.,LAC,202106220PHO,"Jun 22, 2021",PHX,7,11,0,11,29.17,31.82,-2.65,9,4,2,3,0,0,0,0,0,0,0,0,0,0,0,0,0,0,0,0,0,0,0,0
1629028,Deandre Ayton,PHX,202106220PHO,"Jun 22, 2021",LAC,24,15,1,15,77.42,77.72,-0.3,14,22,0,0,0,0,0,0,1,2,0,0,0,0,0,0,0,0,0,0,0,0,0,0
201976,Patrick Beverley,LAC,202106220PHO,"Jun 22, 2021",PHX,6,5,0,5,42.86,60.0,-17.14,1,0,4,6,0,0,0,0,0,0,0,0,0,0,0,0,0,0,0,0,0,0,0,0
202331,Paul George,LAC,202106220PHO,"Jun 22, 2021",PHX,26,23,10,28,40.62,47.45,-6.83,15,18,8,3,3,3,0,0,0,0,0,0,0,0,0,0,0,0,0,0,0,0,2,2
1626164,Devin Booker,PHX,202106220PHO,"Jun 22, 2021",LAC,20,16,9,20,45.45,50.1,-4.65,13,8,3,3,2,4,1,3,0,0,0,0,0,0,0,0,0,0,0,0,0,0,1,2
1628969,Mikal Bridges,PHX,202106220PHO,"Jun 22, 2021",LAC,5,7,0,7,26.32,35.71,-9.39,2,2,5,3,0,0,0,0,0,0,0,0,0,0,0,0,0,0,0,0,0,0,0,0
1626166,Cameron Payne,PHX,202106220PHO,"Jun 22, 2021",LAC,29,24,4,26,48.33,56.29,-7.96,16,20,8,6,2,3,0,0,0,0,0,0,0,0,0,0,0,0,0,0,0,0,0,0
1627826,Ivica Zubac,LAC,202106220PHO,"Jun 22, 2021",PHX,14,5,6,8,87.5,91.62,-4.12,5,8,0,0,3,6,0,0,0,0,0,0,0,0,0,0,0,0,0,0,0,0,0,0
203109,Jae Crowder,LAC,202106220PHO,"Jun 22, 2021",PHX,2,3,2,4,18.18,25.77,-7.59,0,0,3,0,1,2,0,0,0,0,0,0,0,0,0,0,0,0,0,0,0,0,0,0
202704,Reggie Jackson,LAC,202106220PHO,"Jun 22, 2021",PHX,19,15,2,16,48.72,59.82,-11.1,8,8,7,9,1,2,0,0,0,0,0,0,0,0,0,0,0,0,0,0,0,0,0,0
1629611,Terance Mann,LAC,202106220PHO,"Jun 22, 2021",PHX,8,5,2,6,53.33,68.03,-14.7,2,4,3,3,1,1,0,0,0,0,0,0,0,0,0,0,0,0,0,0,0,0,0,0
mooreet01,E. Moore,PHX,202106220PHO,"Jun 22, 2021",LAC,2,2,0,2,40.0,50.0,-10.0,1,2,1,0,0,0,0,0,0,0,0,0,0,0,0,0,0,0,0,0,0,0,0,0
johnsca02,C. Johnson,PHX,202106220PHO,"Jun 22, 2021",LAC,11,5,0,5,100.0,110.0,-10.0,4,8,1,3,0,0,0,0,0,0,0,0,0,0,0,0,0,0,0,0,0,0,0,0
201587,Nicolas Batum,LAC,202106220PHO,"Jun 22, 2021",PHX,3,1,0,1,100.0,150.0,-50.0,0,0,1,3,0,0,0,0,0,0,0,0,0,0,0,0,0,0,0,0,0,0,0,0
200765,Rajon Rondo,LAC,202106220PHO,"Jun 22, 2021",PHX,8,6,2,7,44.44,58.14,-13.7,2,0,4,6,0,0,0,0,0,0,0,0,0,0,0,0,0,0,0,0,0,0,1,2
203967,Dario Saric,PHX,202106220PHO,"Jun 22, 2021",LAC,11,9,2,10,45.83,55.67,-9.84,5,6,4,3,1,2,0,0,0,0,0,0,0,0,0,0,0,0,0,0,0,0,0,0
1628470,Torrey Craig,LAC,202106220PHO,"Jun 22, 2021",PHX,0,1,0,1,0.0,0.0,0.0,0,0,1,0,0,0,0,0,0,0,0,0,0,0,0,0,0,0,0,0,0,0,0,0
202326,DeMarcus Cousins,LAC,202106220PHO,"Jun 22, 2021",PHX,2,2,2,3,33.33,34.72,-1.39,2,0,0,0,1,2,0,0,0,0,0,0,0,0,0,0,0,0,0,0,0,0,0,0
1628379,Luke Kennard,LAC,202106220PHO,"Jun 22, 2021",PHX,10,7,0,7,52.63,71.43,-18.8,2,4,5,6,0,0,0,0,0,0,0,0,0,0,0,0,0,0,0,0,0,0,0,0
201572,Brook Lopez,MIL,202106230MIL,"Jun 23, 2021",ATL,7,7,0,7,38.89,50.0,-11.11,3,4,4,3,0,0,0,0,0,0,0,0,0,0,0,0,0,0,0,0,0,0,0,0
1629027,Trae Young,ATL,202106230MIL,"Jun 23, 2021",MIL,48,34,12,39,51.61,61.1,-9.49,20,24,13,12,2,3,1,2,1,3,0,0,0,0,0,0,0,0,0,0,0,0,2,4
203507,Giannis Antetokounmpo,MIL,202106230MIL,"Jun 23, 2021",ATL,34,25,8,28,56.67,59.61,-2.94,21,24,2,0,1,2,0,0,2,4,0,0,0,0,0,0,0,0,0,0,0,0,2,4
1628381,John Collins,ATL,202106230MIL,"Jun 23, 2021",MIL,23,16,0,16,62.16,71.88,-9.72,11,20,5,3,0,0,0,0,0,0,0,0,0,0,0,0,0,0,0,0,0,0,0,0
203991,Clint Capela,ATL,202106230MIL,"Jun 23, 2021",MIL,12,9,0,9,66.67,66.67,0.0,9,12,0,0,0,0,0,0,0,0,0,0,0,0,0,0,0,0,0,0,0,0,0,0
201950,Jrue Holiday,MIL,202106230MIL,"Jun 23, 2021",ATL,33,25,0,25,53.23,66.0,-12.77,13,18,12,15,0,0,0,0,0,0,0,0,0,0,0,0,0,0,0,0,0,0,0,0
1628989,Kevin Huerter,ATL,202106230MIL,"Jun 23, 2021",MIL,13,12,2,13,40.62,50.47,-9.85,6,8,6,3,1,2,0,0,0,0,0,0,0,0,0,0,0,0,0,0,0,0,0,0
200782,P.J. Tucker,MIL,202106230MIL,"Jun 23, 2021",ATL,4,3,0,3,66.67,66.67,0.0,3,4,0,0,0,0,0,0,0,0,0,0,0,0,0,0,0,0,0,0,0,0,0,0
203992,Bogdan Bogdanović,ATL,202106230MIL,"Jun 23, 2021",MIL,4,6,2,7,25.0,29.07,-4.07,4,2,2,0,1,2,0,0,0,0,0,0,0,0,0,0,0,0,0,0,0,0,0,0
203114,Khris Middleton,MIL,202106230MIL,"Jun 23, 2021",ATL,15,23,4,25,25.42,30.29,-4.87,14,12,9,0,2,3,0,0,0,0,0,0,0,0,0,0,0,0,0,0,0,0,0,0
1626192,Pat Connaughton,MIL,202106230MIL,"Jun 23, 2021",ATL,4,6,2,7,22.22,29.07,-6.85,2,2,4,0,1,2,0,0,0,0,0,0,0,0,0,0,0,0,0,0,0,0,0,0
201568,Danilo Gallinari,ATL,202106230MIL,"Jun 23, 2021",MIL,9,9,0,9,42.86,50.0,-7.14,6,6,3,3,0,0,0,0,0,0,0,0,0,0,0,0,0,0,0,0,0,0,0,0
203524,Solomon Hill,ATL,202106230MIL,"Jun 23, 2021",MIL,4,4,0,4,40.0,50.0,-10.0,2,4,2,0,0,0,0,0,0,0,0,0,0,0,0,0,0,0,0,0,0,0,0,0
1626171,Bobby Portis,MIL,202106230MIL,"Jun 23, 2021",ATL,11,8,0,8,61.11,68.75,-7.64,6,8,2,3,0,0,0,0,0,0,0,0,0,0,0,0,0,0,0,0,0,0,0,0
1627854,Bryn Forbes,MIL,202106230MIL,"Jun 23, 2021",ATL,5,4,0,4,45.45,62.5,-17.05,1,2,3,3,0,0,0,0,0,0,0,0,0,0,0,0,0,0,0,0,0,0,0,0
101150,Lou Williams,ATL,202106230MIL,"Jun 23, 2021",MIL,3,5,0,5,27.27,30.0,-2.73,4,0,1,3,0,0,0,0,0,0,0,0,0,0,0,0,0,0,0,0,0,0,0,0
teaguje01,J. Teague,MIL,202106230MIL,"Jun 23, 2021",ATL,0,1,0,1,0.0,0.0,0.0,1,0,0,0,0,0,0,0,0,0,0,0,0,0,0,0,0,0,0,0,0,0,0,0
1629028,Deandre Ayton,PHX,202106240LAC,"Jun 24, 2021",LAC,18,13,1,13,66.67,66.96,-0.29,12,16,0,0,0,0,0,0,1,2,0,0,0,0,0,0,0,0,0,0,0,0,0,0
1628969,Mikal Bridges,LAC,202106240LAC,"Jun 24, 2021",PHX,13,8,1,8,59.09,77.01,-17.92,2,4,5,6,0,0,0,0,1,3,0,0,0,0,0,0,0,0,0,0,0,0,0,0
1627826,Ivica Zubac,LAC,202106240LAC,"Jun 24, 2021",PHX,15,8,10,13,57.69,60.48,-2.79,8,6,0,0,3,5,0,0,0,0,0,0,0,0,0,0,0,0,0,0,0,0,2,4
101108,Chris Paul,PHX,202106240LAC,"Jun 24, 2021",LAC,15,19,3,21,31.25,36.91,-5.66,12,6,7,6,1,2,0,0,0,0,0,0,0,0,0,0,0,0,0,0,1,1,0,0
201976,Patrick Beverley,LAC,202106240LAC,"Jun 24, 2021",PHX,8,8,0,8,36.36,50.0,-13.64,2,2,6,6,0,0,0,0,0,0,0,0,0,0,0,0,0,0,0,0,0,0,0,0
203109,Jae Crowder,PHX,202106240LAC,"Jun 24, 2021",LAC,9,7,0,7,45.0,64.29,-19.29,1,0,6,9,0,0,0,0,0,0,0,0,0,0,0,0,0,0,0,0,0,0,0,0
1626164,Devin Booker,PHX,202106240LAC,"Jun 24, 2021",LAC,15,21,4,23,28.3,32.95,-4.65,14,8,7,3,2,4,0,0,0,0,0,0,0,0,0,0,0,0,0,0,0,0,0,0
202704,Reggie Jackson,LAC,202106240LAC,"Jun 24, 2021",PHX,23,17,4,19,50.0,61.3,-11.3,9,12,8,9,2,2,0,0,0,0,0,0,0,0,0,0,0,0,0,0,0,0,0,0
johnsca02,C. Johnson,PHX,202106240LAC,"Jun 24, 2021",LAC,12,7,2,8,57.14,76.14,-19.0,2,4,5,6,1,2,0,0,0,0,0,0,0,0,0,0,0,0,0,0,0,0,0,0
202331,Paul George,LAC,202106240LAC,"Jun 24, 2021",PHX,27,26,7,29,38.57,46.42,-7.85,15,12,11,9,1,2,1,2,0,0,0,0,0,0,0,0,0,0,0,0,0,0,1,2
1626166,Cameron Payne,PHX,202106240LAC,"Jun 24, 2021",LAC,2,4,0,4,22.22,25.0,-2.78,3,2,1,0,0,0,0,0,0,0,0,0,0,0,0,0,0,0,0,0,0,0,0,0
202694,Marcus Morris Sr.,LAC,202106240LAC,"Jun 24, 2021",PHX,8,4,2,5,66.67,81.97,-15.3,2,0,2,6,1,2,0,0,0,0,0,0,0,0,0,0,0,0,0,0,0,0,0,0
1629611,Terance Mann,LAC,202106240LAC,"Jun 24, 2021",PHX,12,8,0,8,70.59,75.0,-4.41,7,12,1,0,0,0,0,0,0,0,0,0,0,0,0,0,0,0,0,0,0,0,0,0
1628470,Torrey Craig,PHX,202106240LAC,"Jun 24, 2021",LAC,4,4,2,5,36.36,40.98,-4.62,3,2,1,0,1,2,0,0,0,0,0,0,0,0,0,0,0,0,0,0,0,0,0,0
1628379,Luke Kennard,LAC,202106240LAC,"Jun 24, 2021",PHX,9,7,1,7,45.0,60.48,-15.48,2,2,4,3,0,0,0,0,0,0,1,4,0,0,0,0,0,0,0,0,0,0,0,0
201587,Nicolas Batum,LAC,202106240LAC,"Jun 24, 2021",PHX,4,3,0,3,57.14,66.67,-9.53,2,4,1,0,0,0,0,0,0,0,0,0,0,0,0,0,0,0,0,0,0,0,0,0
200765,Rajon Rondo,LAC,202106240LAC,"Jun 24, 2021",PHX,0,1,0,1,0.0,0.0,0.0,1,0,0,0,0,0,0,0,0,0,0,0,0,0,0,0,0,0,0,0,0,0,0,0
203967,Dario Saric,PHX,202106240LAC,"Jun 24, 2021",LAC,2,2,0,2,50.0,50.0,0.0,2,2,0,0,0,0,0,0,0,0,0,0,0,0,0,0,0,0,0,0,0,0,0,0
mooreet01,E. Moore,PHX,202106240LAC,"Jun 24, 2021",LAC,2,5,0,5,20.0,20.0,0.0,5,2,0,0,0,0,0,0,0,0,0,0,0,0,0,0,0,0,0,0,0,0,0,0
202711,Bojan Bogdanovic,MIL,202106250MIL,"Jun 25, 2021",ATL,8,6,0,6,50.0,66.67,-16.67,2,2,4,6,0,0,0,0,0,0,0,0,0,0,0,0,0,0,0,0,0,0,0,0
201950,Jrue Holiday,MIL,202106250MIL,"Jun 25, 2021",ATL,22,14,3,15,62.86,71.8,-8.94,9,10,4,9,1,0,0,0,1,3,0,0,0,0,0,0,0,0,0,0,0,0,0,0
1628989,Kevin Huerter,ATL,202106250MIL,"Jun 25, 2021",MIL,8,10,0,10,32.0,40.0,-8.0,5,2,5,6,0,0,0,0,0,0,0,0,0,0,0,0,0,0,0,0,0,0,0,0
203507,Giannis Antetokounmpo,MIL,202106250MIL,"Jun 25, 2021",ATL,25,18,4,20,58.14,63.26,-5.12,15,22,3,0,1,2,0,0,0,0,0,0,0,0,0,0,0,0,0,0,0,0,1,1
1628381,John Collins,ATL,202106250MIL,"Jun 25, 2021",MIL,11,9,0,9,50.0,61.11,-11.11,5,8,4,3,0,0,0,0,0,0,0,0,0,0,0,0,0,0,0,0,0,0,0,0
203524,Solomon Hill,ATL,202106250MIL,"Jun 25, 2021",MIL,1,2,2,3,12.5,17.36,-4.86,0,0,2,0,1,1,0,0,0,0,0,0,0,0,0,0,0,0,0,0,0,0,0,0
203991,Clint Capela,ATL,202106250MIL,"Jun 25, 2021",MIL,2,5,0,5,20.0,20.0,0.0,5,2,0,0,0,0,0,0,0,0,0,0,0,0,0,0,0,0,0,0,0,0,0,0
1629027,Trae Young,ATL,202106250MIL,"Jun 25, 2021",MIL,15,16,3,18,34.88,43.3,-8.42,8,10,8,3,1,2,0,0,0,0,0,0,1,0,0,0,0,0,0,0,0,0,0,0
201572,Brook Lopez,MIL,202106250MIL,"Jun 25, 2021",ATL,16,8,1,8,72.73,94.79,-22.06,2,4,5,9,0,0,0,0,1,3,0,0,0,0,0,0,0,0,0,0,0,0,0,0
203114,Khris Middleton,ATL,202106250MIL,"Jun 25, 2021",MIL,15,13,1,14,44.12,55.8,-11.68,6,8,7,6,0,0,0,0,0,0,0,0,1,1,0,0,0,0,0,0,0,0,0,0
1626192,Pat Connaughton,MIL,202106250MIL,"Jun 25, 2021",ATL,9,3,0,3,100.0,150.0,-50.0,0,0,3,9,0,0,0,0,0,0,0,0,0,0,0,0,0,0,0,0,0,0,0,0
201568,Danilo Gallinari,ATL,202106250MIL,"Jun 25, 2021",MIL,12,7,4,9,54.55,68.49,-13.94,3,6,4,3,1,1,0,0,0,0,0,0,0,0,0,0,0,0,0,0,0,0,1,2
101150,Lou Williams,ATL,202106250MIL,"Jun 25, 2021",MIL,5,6,0,6,33.33,41.67,-8.34,3,2,3,3,0,0,0,0,0,0,0,0,0,0,0,0,0,0,0,0,0,0,0,0
1627854,Bryn Forbes,MIL,202106250MIL,"Jun 25, 2021",ATL,8,7,0,7,40.0,57.14,-17.14,1,2,6,6,0,0,0,0,0,0,0,0,0,0,0,0,0,0,0,0,0,0,0,0
1626171,Bobby Portis,MIL,202106250MIL,"Jun 25, 2021",ATL,8,7,2,8,42.11,50.76,-8.65,4,4,3,3,1,1,0,0,0,0,0,0,0,0,0,0,0,0,0,0,0,0,0,0
1630168,Onyeka Okongwu,ATL,202106250MIL,"Jun 25, 2021",MIL,4,4,0,4,50.0,50.0,0.0,4,4,0,0,0,0,0,0,0,0,0,0,0,0,0,0,0,0,0,0,0,0,0,0
200782,P.J. Tucker,MIL,202106250MIL,"Jun 25, 2021",ATL,1,1,2,2,20.0,26.6,-6.6,0,0,1,0,0,0,0,0,0,0,0,0,0,0,0,0,0,0,0,0,0,0,1,1
1629629,Cam Reddish,ATL,202106250MIL,"Jun 25, 2021",MIL,11,10,2,11,44.0,50.55,-6.55,7,6,3,3,1,2,0,0,0,0,0,0,0,0,0,0,0,0,0,0,0,0,0,0
203648,Thanasis Antetokounmpo,MIL,202106250MIL,"Jun 25, 2021",ATL,2,2,0,2,50.0,50.0,0.0,2,2,0,0,0,0,0,0,0,0,0,0,0,0,0,0,0,0,0,0,0,0,0,0
teaguje01,J. Teague,MIL,202106250MIL,"Jun 25, 2021",ATL,7,5,1,5,58.33,64.34,-6.01,3,4,1,0,0,0,0,0,1,3,0,0,0,0,0,0,0,0,0,0,0,0,0,0
1629670,Jordan Nwora,MIL,202106250MIL,"Jun 25, 2021",ATL,3,5,2,6,21.43,25.51,-4.08,3,2,2,0,1,1,0,0,0,0,0,0,0,0,0,0,0,0,0,0,0,0,0,0
1627739,Kris Dunn,ATL,202106250MIL,"Jun 25, 2021",MIL,6,1,4,3,100.0,108.7,-8.7,1,2,0,0,2,4,0,0,0,0,0,0,0,0,0,0,0,0,0,0,0,0,0,0
1630233,Nathan Knight,ATL,202106250MIL,"Jun 25, 2021",MIL,0,1,0,1,0.0,0.0,0.0,0,0,1,0,0,0,0,0,0,0,0,0,0,0,0,0,0,0,0,0,0,0,0,0
bryanel01,E. Bryant,MIL,202106250MIL,"Jun 25, 2021",ATL,2,6,0,6,14.29,16.67,-2.38,4,2,2,0,0,0,0,0,0,0,0,0,0,0,0,0,0,0,0,0,0,0,0,0
203503,Tony Snell,ATL,202106250MIL,"Jun 25, 2021",MIL,2,3,0,3,25.0,33.33,-8.33,1,2,2,0,0,0,0,0,0,0,0,0,0,0,0,0,0,0,0,0,0,0,0,0
1629603,Mamadi Diakite,MIL,202106250MIL,"Jun 25, 2021",ATL,5,3,0,3,71.43,83.33,-11.9,2,2,1,3,0,0,0,0,0,0,0,0,0,0,0,0,0,0,0,0,0,0,0,0
1628981,Bruno Fernando,ATL,202106250MIL,"Jun 25, 2021",MIL,4,1,2,2,100.0,106.38,-6.38,1,2,0,0,1,2,0,0,0,0,0,0,0,0,0,0,0,0,0,0,0,0,0,0
1630219,Skylar Mays,ATL,202106250MIL,"Jun 25, 2021",MIL,2,1,0,1,100.0,100.0,0.0,1,2,0,0,0,0,0,0,0,0,0,0,0,0,0,0,0,0,0,0,0,0,0,0
1630241,Sam Merrill,MIL,202106250MIL,"Jun 25, 2021",ATL,2,2,0,2,40.0,50.0,-10.0,1,2,1,0,0,0,0,0,0,0,0,0,0,0,0,0,0,0,0,0,0,0,0,0
1628382,Justin Jackson,MIL,202106250MIL,"Jun 25, 2021",ATL,0,2,0,2,0.0,0.0,0.0,0,0,2,0,0,0,0,0,0,0,0,0,0,0,0,0,0,0,0,0,0,0,0,0
1629028,Deandre Ayton,PHX,202106260LAC,"Jun 26, 2021",LAC,19,14,3,15,61.29,62.01,-0.72,13,14,0,0,1,2,0,0,1,3,0,0,0,0,0,0,0,0,0,0,0,0,0,0
202331,Paul George,PHX,202106260LAC,"Jun 26, 2021",LAC,23,20,18,30,34.33,41.19,-6.86,11,8,9,3,4,6,0,0,0,0,0,0,3,3,0,0,0,0,0,0,0,0,3,3
1627826,Ivica Zubac,LAC,202106260LAC,"Jun 26, 2021",PHX,13,8,4,10,65.0,66.6,-1.6,8,10,0,0,2,3,0,0,0,0,0,0,0,0,0,0,0,0,0,0,0,0,0,0
101108,Chris Paul,PHX,202106260LAC,"Jun 26, 2021",LAC,18,22,7,26,33.33,35.89,-2.56,19,12,3,0,0,0,0,0,0,0,0,0,1,1,0,0,0,0,0,0,0,0,3,5
203109,Jae Crowder,PHX,202106260LAC,"Jun 26, 2021",LAC,3,8,0,8,13.64,18.75,-5.11,2,0,6,3,0,0,0,0,0,0,0,0,0,0,0,0,0,0,0,0,0,0,0,0
202704,Reggie Jackson,LAC,202106260LAC,"Jun 26, 2021",PHX,20,24,2,25,33.9,40.19,-6.29,15,12,9,6,1,2,0,0,0,0,0,0,0,0,0,0,0,0,0,0,0,0,0,0
1626164,Devin Booker,PHX,202106260LAC,"Jun 26, 2021",LAC,25,22,11,28,41.67,46.57,-4.9,17,16,5,0,4,6,0,0,0,0,0,0,1,1,0,0,0,0,0,0,0,0,1,2
1628969,Mikal Bridges,PHX,202106260LAC,"Jun 26, 2021",LAC,6,6,0,6,50.0,50.0,0.0,6,6,0,0,0,0,0,0,0,0,0,0,0,0,0,0,0,0,0,0,0,0,0,0
202694,Marcus Morris Sr.,LAC,202106260LAC,"Jun 26, 2021",PHX,4,8,0,8,21.05,25.0,-3.95,5,4,3,0,0,0,0,0,0,0,0,0,0,0,0,0,0,0,0,0,0,0,0,0
201976,Patrick Beverley,PHX,202106260LAC,"Jun 26, 2021",LAC,2,4,0,4,22.22,25.0,-2.78,3,2,1,0,0,0,0,0,0,0,0,0,0,0,0,0,0,0,0,0,0,0,0,0
1626166,Cameron Payne,PHX,202106260LAC,"Jun 26, 2021",LAC,5,8,0,8,27.78,31.25,-3.47,6,2,2,3,0,0,0,0,0,0,0,0,0,0,0,0,0,0,0,0,0,0,0,0
1629611,Terance Mann,LAC,202106260LAC,"Jun 26, 2021",PHX,12,9,5,11,48.0,53.57,-5.57,6,4,2,3,1,0,0,0,1,3,0,0,0,0,0,0,0,0,0,0,0,0,1,2
johnsca02,C. Johnson,PHX,202106260LAC,"Jun 26, 2021",LAC,5,4,0,4,45.45,62.5,-17.05,1,2,3,3,0,0,0,0,0,0,0,0,0,0,0,0,0,0,0,0,0,0,0,0
201587,Nicolas Batum,LAC,202106260LAC,"Jun 26, 2021",PHX,3,6,0,6,18.75,25.0,-6.25,2,0,4,3,0,0,0,0,0,0,0,0,0,0,0,0,0,0,0,0,0,0,0,0
1628379,Luke Kennard,LAC,202106260LAC,"Jun 26, 2021",PHX,2,4,1,4,16.67,22.52,-5.85,0,0,3,0,0,0,0,0,1,2,0,0,0,0,0,0,0,0,0,0,0,0,0,0
1627846,Abdel Nader,PHX,202106260LAC,"Jun 26, 2021",LAC,0,1,0,1,0.0,0.0,0.0,1,0,0,0,0,0,0,0,0,0,0,0,0,0,0,0,0,0,0,0,0,0,0,0
203967,Dario Saric,PHX,202106260LAC,"Jun 26, 2021",LAC,3,1,0,1,100.0,150.0,-50.0,0,0,1,3,0,0,0,0,0,0,0,0,0,0,0,0,0,0,0,0,0,0,0,0
202326,DeMarcus Cousins,LAC,202106260LAC,"Jun 26, 2021",PHX,1,0,2,1,50.0,56.82,-6.82,0,0,0,0,0,0,0,0,0,0,0,0,0,0,0,0,0,0,0,0,0,0,1,1
203114,Khris Middleton,MIL,202106270ATL,"Jun 27, 2021",ATL,38,26,2,27,57.58,70.68,-13.1,14,18,12,18,0,0,0,0,0,0,0,0,0,0,0,0,0,0,0,0,0,0,1,2
203991,Clint Capela,ATL,202106270ATL,"Jun 27, 2021",MIL,8,7,4,9,44.44,45.66,-1.22,7,8,0,0,2,0,0,0,0,0,0,0,0,0,0,0,0,0,0,0,0,0,0,0
201950,Jrue Holiday,MIL,202106270ATL,"Jun 27, 2021",ATL,6,11,4,13,20.69,23.51,-2.82,8,4,3,0,1,1,0,0,0,0,0,0,0,0,0,0,0,0,0,0,0,0,1,1
203992,Bogdan Bogdanović,ATL,202106270ATL,"Jun 27, 2021",MIL,8,16,0,16,19.05,25.0,-5.95,6,2,10,6,0,0,0,0,0,0,0,0,0,0,0,0,0,0,0,0,0,0,0,0
203507,Giannis Antetokounmpo,MIL,202106270ATL,"Jun 27, 2021",ATL,33,21,13,27,57.89,61.75,-3.86,18,22,2,3,5,4,0,0,1,3,0,0,0,0,0,0,0,0,0,0,0,0,1,1
201572,Brook Lopez,MIL,202106270ATL,"Jun 27, 2021",ATL,10,6,2,7,66.67,72.67,-6.0,5,8,1,0,1,2,0,0,0,0,0,0,0,0,0,0,0,0,0,0,0,0,0,0
1628989,Kevin Huerter,ATL,202106270ATL,"Jun 27, 2021",MIL,11,11,0,11,37.93,50.0,-12.07,4,2,7,9,0,0,0,0,0,0,0,0,0,0,0,0,0,0,0,0,0,0,0,0
1629027,Trae Young,ATL,202106270ATL,"Jun 27, 2021",MIL,35,23,6,25,53.03,68.25,-15.22,8,10,14,18,1,2,1,2,1,3,0,0,0,0,0,0,0,0,0,0,0,0,0,0
1628381,John Collins,ATL,202106270ATL,"Jun 27, 2021",MIL,13,8,2,9,65.0,73.2,-8.2,6,10,2,3,0,0,0,0,0,0,0,0,0,0,0,0,0,0,0,0,0,0,1,0
1626171,Bobby Portis,MIL,202106270ATL,"Jun 27, 2021",ATL,15,12,0,12,55.56,62.5,-6.94,9,12,3,3,0,0,0,0,0,0,0,0,0,0,0,0,0,0,0,0,0,0,0,0
200782,P.J. Tucker,MIL,202106270ATL,"Jun 27, 2021",ATL,3,3,0,3,37.5,50.0,-12.5,1,0,2,3,0,0,0,0,0,0,0,0,0,0,0,0,0,0,0,0,0,0,0,0
1626192,Pat Connaughton,MIL,202106270ATL,"Jun 27, 2021",ATL,5,3,0,3,62.5,83.33,-20.83,1,2,2,3,0,0,0,0,0,0,0,0,0,0,0,0,0,0,0,0,0,0,0,0
201568,Danilo Gallinari,ATL,202106270ATL,"Jun 27, 2021",MIL,18,14,2,15,54.55,60.48,-5.93,11,10,3,6,1,2,0,0,0,0,0,0,0,0,0,0,0,0,0,0,0,0,0,0
1627854,Bryn Forbes,MIL,202106270ATL,"Jun 27, 2021",ATL,3,6,0,6,18.75,25.0,-6.25,2,0,4,3,0,0,0,0,0,0,0,0,0,0,0,0,0,0,0,0,0,0,0,0
1630168,Onyeka Okongwu,ATL,202106270ATL,"Jun 27, 2021",MIL,4,2,0,2,100.0,100.0,0.0,2,4,0,0,0,0,0,0,0,0,0,0,0,0,0,0,0,0,0,0,0,0,0,0
101150,Lou Williams,ATL,202106270ATL,"Jun 27, 2021",MIL,5,3,2,4,55.56,64.43,-8.87,2,0,1,3,1,2,0,0,0,0,0,0,0,0,0,0,0,0,0,0,0,0,0,0
1626164,Devin Booker,PHX,202106280PHO,"Jun 28, 2021",LAC,31,22,11,27,50.82,57.75,-6.93,16,10,6,12,4,6,1,3,0,0,0,0,0,0,0,0,0,0,0,0,0,0,0,0
201976,Patrick Beverley,LAC,202106280PHO,"Jun 28, 2021",PHX,7,6,0,6,43.75,58.33,-14.58,2,4,4,3,0,0,0,0,0,0,0,0,0,0,0,0,0,0,0,0,0,0,0,0
202704,Reggie Jackson,LAC,202106280PHO,"Jun 28, 2021",PHX,23,14,4,16,58.97,72.97,-14.0,7,8,7,12,2,3,0,0,0,0,0,0,0,0,0,0,0,0,0,0,0,0,0,0
101108,Chris Paul,PHX,202106280PHO,"Jun 28, 2021",LAC,22,19,6,21,44.0,50.83,-6.83,12,14,6,0,0,0,0,0,1,3,0,0,0,0,1,3,0,0,0,0,0,0,1,2
202331,Paul George,LAC,202106280PHO,"Jun 28, 2021",PHX,41,20,8,23,75.93,87.16,-11.23,12,20,6,9,1,2,0,0,2,6,0,0,0,0,1,2,0,0,0,0,0,0,1,2
203109,Jae Crowder,PHX,202106280PHO,"Jun 28, 2021",LAC,4,6,0,6,25.0,33.33,-8.33,2,4,4,0,0,0,0,0,0,0,0,0,0,0,0,0,0,0,0,0,0,0,0,0
1629611,Terance Mann,LAC,202106280PHO,"Jun 28, 2021",PHX,4,8,0,8,22.22,25.0,-2.78,6,4,2,0,0,0,0,0,0,0,0,0,0,0,0,0,0,0,0,0,0,0,0,0
1628969,Mikal Bridges,PHX,202106280PHO,"Jun 28, 2021",LAC,5,5,0,5,41.67,50.0,-8.33,3,2,2,3,0,0,0,0,0,0,0,0,0,0,0,0,0,0,0,0,0,0,0,0
202694,Marcus Morris Sr.,LAC,202106280PHO,"Jun 28, 2021",PHX,22,16,2,17,56.41,65.17,-8.76,11,14,5,6,0,0,0,0,0,0,0,0,0,0,0,0,0,0,0,0,0,0,1,2
1629028,Deandre Ayton,PHX,202106280PHO,"Jun 28, 2021",LAC,10,9,0,9,55.56,55.56,0.0,9,10,0,0,0,0,0,0,0,0,0,0,0,0,0,0,0,0,0,0,0,0,0,0
1626166,Cameron Payne,PHX,202106280PHO,"Jun 28, 2021",LAC,5,6,0,6,35.71,41.67,-5.96,4,2,2,3,0,0,0,0,0,0,0,0,0,0,0,0,0,0,0,0,0,0,0,0
201587,Nicolas Batum,LAC,202106280PHO,"Jun 28, 2021",PHX,2,2,0,2,40.0,50.0,-10.0,1,2,1,0,0,0,0,0,0,0,0,0,0,0,0,0,0,0,0,0,0,0,0,0
202326,DeMarcus Cousins,LAC,202106280PHO,"Jun 28, 2021",PHX,15,12,1,12,55.56,60.29,-4.73,9,12,2,0,0,0,0,0,1,3,0,0,0,0,0,0,0,0,0,0,0,0,0,0
johnsca02,C. Johnson,PHX,202106280PHO,"Jun 28, 2021",LAC,14,6,1,6,87.5,108.7,-21.2,2,2,3,9,0,0,0,0,1,3,0,0,0,0,0,0,0,0,0,0,0,0,0,0
203967,Dario Saric,PHX,202106280PHO,"Jun 28, 2021",LAC,2,4,0,4,20.0,25.0,-5.0,2,2,2,0,0,0,0,0,0,0,0,0,0,0,0,0,0,0,0,0,0,0,0,0
1627846,Abdel Nader,PHX,202106280PHO,"Jun 28, 2021",LAC,4,4,0,4,44.44,50.0,-5.56,3,4,1,0,0,0,0,0,0,0,0,0,0,0,0,0,0,0,0,0,0,0,0,0
1628379,Luke Kennard,LAC,202106280PHO,"Jun 28, 2021",PHX,0,3,0,3,0.0,0.0,0.0,1,0,2,0,0,0,0,0,0,0,0,0,0,0,0,0,0,0,0,0,0,0,0,0
1628470,Torrey Craig,PHX,202106280PHO,"Jun 28, 2021",LAC,5,3,2,4,62.5,64.43,-1.93,2,2,0,0,0,0,0,0,1,3,0,0,0,0,0,0,0,0,0,0,0,0,1,0
ferreyo01,Y. Ferrell,LAC,202106280PHO,"Jun 28, 2021",PHX,2,2,0,2,50.0,50.0,0.0,2,2,0,0,0,0,0,0,0,0,0,0,0,0,0,0,0,0,0,0,0,0,0,0
1630187,Daniel Oturu,LAC,202106280PHO,"Jun 28, 2021",PHX,0,1,0,1,0.0,0.0,0.0,0,0,1,0,0,0,0,0,0,0,0,0,0,0,0,0,0,0,0,0,0,0,0,0
201950,Jrue Holiday,MIL,202106290ATL,"Jun 29, 2021",ATL,19,17,6,20,40.43,48.37,-7.94,10,8,7,6,3,5,0,0,0,0,0,0,0,0,0,0,0,0,0,0,0,0,0,0
201572,Brook Lopez,MIL,202106290ATL,"Jun 29, 2021",ATL,7,6,0,6,46.67,58.33,-11.66,3,4,3,3,0,0,0,0,0,0,0,0,0,0,0,0,0,0,0,0,0,0,0,0
203114,Khris Middleton,MIL,202106290ATL,"Jun 29, 2021",ATL,16,17,4,19,35.56,42.64,-7.08,10,12,7,0,2,4,0,0,0,0,0,0,0,0,0,0,0,0,0,0,0,0,0,0
1628989,Kevin Huerter,ATL,202106290ATL,"Jun 29, 2021",MIL,15,15,0,15,40.54,50.0,-9.46,8,12,7,3,0,0,0,0,0,0,0,0,0,0,0,0,0,0,0,0,0,0,0,0
203992,Bogdan Bogdanović,ATL,202106290ATL,"Jun 29, 2021",MIL,20,19,0,19,38.46,52.63,-14.17,5,2,14,18,0,0,0,0,0,0,0,0,0,0,0,0,0,0,0,0,0,0,0,0
1628381,John Collins,ATL,202106290ATL,"Jun 29, 2021",MIL,4,8,0,8,21.05,25.0,-3.95,5,4,3,0,0,0,0,0,0,0,0,0,0,0,0,0,0,0,0,0,0,0,0,0
203991,Clint Capela,ATL,202106290ATL,"Jun 29, 2021",MIL,15,7,4,9,83.33,85.62,-2.29,7,12,0,0,2,3,0,0,0,0,0,0,0,0,0,0,0,0,0,0,0,0,0,0
203507,Giannis Antetokounmpo,ATL,202106290ATL,"Jun 29, 2021",MIL,14,10,3,11,58.33,61.84,-3.51,8,12,1,0,0,0,0,0,1,2,0,0,0,0,0,0,0,0,0,0,0,0,1,0
101150,Lou Williams,ATL,202106290ATL,"Jun 29, 2021",MIL,21,9,6,12,77.78,90.21,-12.43,6,10,3,6,2,3,0,0,0,0,0,0,0,0,0,0,0,0,0,0,0,0,1,2
200782,P.J. Tucker,MIL,202106290ATL,"Jun 29, 2021",ATL,8,7,0,7,42.11,57.14,-15.03,2,2,5,6,0,0,0,0,0,0,0,0,0,0,0,0,0,0,0,0,0,0,0,0
1626171,Bobby Portis,MIL,202106290ATL,"Jun 29, 2021",ATL,7,9,0,9,30.43,38.89,-8.46,4,4,5,3,0,0,0,0,0,0,0,0,0,0,0,0,0,0,0,0,0,0,0,0
1627739,Kris Dunn,ATL,202106290ATL,"Jun 29, 2021",MIL,0,2,0,2,0.0,0.0,0.0,1,0,1,0,0,0,0,0,0,0,0,0,0,0,0,0,0,0,0,0,0,0,0,0
1629629,Cam Reddish,ATL,202106290ATL,"Jun 29, 2021",MIL,12,9,0,9,57.14,66.67,-9.53,6,6,3,6,0,0,0,0,0,0,0,0,0,0,0,0,0,0,0,0,0,0,0,0
1626192,Pat Connaughton,MIL,202106290ATL,"Jun 29, 2021",ATL,3,3,1,3,33.33,43.6,-10.27,0,0,2,0,0,0,0,0,1,3,0,0,0,0,0,0,0,0,0,0,0,0,0,0
201568,Danilo Gallinari,ATL,202106290ATL,"Jun 29, 2021",MIL,10,8,2,9,41.67,56.31,-14.64,2,2,6,6,1,2,0,0,0,0,0,0,0,0,0,0,0,0,0,0,0,0,0,0
1630168,Onyeka Okongwu,ATL,202106290ATL,"Jun 29, 2021",MIL,7,3,1,3,100.0,101.74,-1.74,2,4,0,0,0,0,0,0,1,3,0,0,0,0,0,0,0,0,0,0,0,0,0,0
1627854,Bryn Forbes,MIL,202106290ATL,"Jun 29, 2021",ATL,6,6,0,6,33.33,50.0,-16.67,0,0,6,6,0,0,0,0,0,0,0,0,0,0,0,0,0,0,0,0,0,0,0,0
teaguje01,J. Teague,MIL,202106290ATL,"Jun 29, 2021",ATL,0,1,0,1,0.0,0.0,0.0,1,0,0,0,0,0,0,0,0,0,0,0,0,0,0,0,0,0,0,0,0,0,0,0
203648,Thanasis Antetokounmpo,MIL,202106290ATL,"Jun 29, 2021",ATL,2,1,0,1,100.0,100.0,0.0,1,2,0,0,0,0,0,0,0,0,0,0,0,0,0,0,0,0,0,0,0,0,0,0
bryanel01,E. Bryant,MIL,202106290ATL,"Jun 29, 2021",ATL,2,2,0,2,50.0,50.0,0.0,2,2,0,0,0,0,0,0,0,0,0,0,0,0,0,0,0,0,0,0,0,0,0,0
1629603,Mamadi Diakite,MIL,202106290ATL,"Jun 29, 2021",ATL,0,3,0,3,0.0,0.0,0.0,2,0,1,0,0,0,0,0,0,0,0,0,0,0,0,0,0,0,0,0,0,0,0,0
1629670,Jordan Nwora,MIL,202106290ATL,"Jun 29, 2021",ATL,4,2,5,5,36.36,47.62,-11.26,0,0,2,0,2,3,0,0,0,0,0,0,1,1,0,0,0,0,0,0,0,0,0,0
1630233,Nathan Knight,ATL,202106290ATL,"Jun 29, 2021",MIL,2,2,0,2,50.0,50.0,0.0,2,2,0,0,0,0,0,0,0,0,0,0,0,0,0,0,0,0,0,0,0,0,0,0
1630219,Skylar Mays,ATL,202106290ATL,"Jun 29, 2021",MIL,4,2,0,2,100.0,100.0,0.0,2,4,0,0,0,0,0,0,0,0,0,0,0,0,0,0,0,0,0,0,0,0,0,0
203503,Tony Snell,ATL,202106290ATL,"Jun 29, 2021",MIL,0,1,0,1,0.0,0.0,0.0,0,0,1,0,0,0,0,0,0,0,0,0,0,0,0,0,0,0,0,0,0,0,0,0
1628969,Mikal Bridges,PHX,202106300LAC,"Jun 30, 2021",LAC,9,6,1,6,64.29,69.88,-5.59,4,6,1,0,0,0,0,0,1,3,0,0,0,0,0,0,0,0,0,0,0,0,0,0
201976,Patrick Beverley,LAC,202106300LAC,"Jun 30, 2021",PHX,11,7,2,8,61.11,69.8,-8.69,5,6,2,3,1,2,0,0,0,0,0,0,0,0,0,0,0,0,0,0,0,0,0,0
203109,Jae Crowder,PHX,202106300LAC,"Jun 30, 2021",LAC,19,11,2,12,57.58,79.97,-22.39,2,2,9,15,0,0,0,0,0,0,0,0,0,0,0,0,0,0,0,0,0,0,1,2
1626164,Devin Booker,PHX,202106300LAC,"Jun 30, 2021",LAC,22,26,1,26,36.67,41.6,-4.93,18,16,7,3,0,0,0,0,1,3,0,0,0,0,0,0,0,0,0,0,0,0,0,0
202704,Reggie Jackson,LAC,202106300LAC,"Jun 30, 2021",PHX,13,12,3,13,38.24,48.8,-10.56,4,2,7,6,1,2,0,0,1,3,0,0,0,0,0,0,0,0,0,0,0,0,0,0
202694,Marcus Morris Sr.,LAC,202106300LAC,"Jun 30, 2021",PHX,26,17,6,20,50.98,66.19,-15.21,6,10,11,12,2,3,0,0,0,0,0,0,0,0,0,0,0,0,0,0,0,0,1,1
101108,Chris Paul,PHX,202106300LAC,"Jun 30, 2021",LAC,41,24,3,26,69.49,80.96,-11.47,16,18,7,18,0,0,0,0,0,0,1,4,2,1,0,0,0,0,0,0,0,0,0,0
202331,Paul George,LAC,202106300LAC,"Jun 30, 2021",PHX,21,15,9,20,46.67,55.38,-8.71,9,10,6,3,2,3,0,0,0,0,0,0,1,1,0,0,0,0,0,0,0,0,2,4
1629028,Deandre Ayton,PHX,202106300LAC,"Jun 30, 2021",LAC,16,10,2,11,72.73,73.53,-0.8,10,16,0,0,1,0,0,0,0,0,0,0,0,0,0,0,0,0,0,0,0,0,0,0
1629611,Terance Mann,LAC,202106300LAC,"Jun 30, 2021",PHX,5,7,2,8,26.32,31.73,-5.41,4,4,3,0,1,1,0,0,0,0,0,0,0,0,0,0,0,0,0,0,0,0,0,0
1626166,Cameron Payne,PHX,202106300LAC,"Jun 30, 2021",LAC,7,9,0,9,35.0,38.89,-3.89,7,4,2,3,0,0,0,0,0,0,0,0,0,0,0,0,0,0,0,0,0,0,0,0
201587,Nicolas Batum,LAC,202106300LAC,"Jun 30, 2021",PHX,9,6,2,7,52.94,65.41,-12.47,3,4,3,3,0,0,0,0,0,0,0,0,0,0,0,0,0,0,0,0,0,0,1,2
1628470,Torrey Craig,PHX,202106300LAC,"Jun 30, 2021",LAC,3,3,0,3,37.5,50.0,-12.5,1,0,2,3,0,0,0,0,0,0,0,0,0,0,0,0,0,0,0,0,0,0,0,0
202326,DeMarcus Cousins,LAC,202106300LAC,"Jun 30, 2021",PHX,12,8,5,10,50.0,58.82,-8.82,4,0,3,6,2,4,0,0,1,2,0,0,0,0,0,0,0,0,0,0,0,0,0,0
1628379,Luke Kennard,LAC,202106300LAC,"Jun 30, 2021",PHX,3,4,0,4,25.0,37.5,-12.5,0,0,4,3,0,0,0,0,0,0,0,0,0,0,0,0,0,0,0,0,0,0,0,0
203967,Dario Saric,LAC,202106300LAC,"Jun 30, 2021",PHX,7,2,2,3,87.5,121.53,-34.03,0,0,2,6,1,1,0,0,0,0,0,0,0,0,0,0,0,0,0,0,0,0,0,0
1629599,Amir Coffey,LAC,202106300LAC,"Jun 30, 2021",PHX,2,1,1,2,66.67,69.44,-2.77,1,2,0,0,0,0,0,0,0,0,0,0,1,0,0,0,0,0,0,0,0,0,0,0
ferreyo01,Y. Ferrell,LAC,202106300LAC,"Jun 30, 2021",PHX,0,1,0,1,0.0,0.0,0.0,1,0,0,0,0,0,0,0,0,0,0,0,0,0,0,0,0,0,0,0,0,0,0,0
1630187,Daniel Oturu,LAC,202106300LAC,"Jun 30, 2021",PHX,1,1,2,2,25.0,26.6,-1.6,1,0,0,0,1,1,0,0,0,0,0,0,0,0,0,0,0,0,0,0,0,0,0,0
1628975,Jevon Carter,PHX,202106300LAC,"Jun 30, 2021",LAC,2,1,0,1,100.0,100.0,0.0,1,2,0,0,0,0,0,0,0,0,0,0,0,0,0,0,0,0,0,0,0,0,0,0
mooreet01,E. Moore,PHX,202106300LAC,"Jun 30, 2021",LAC,2,1,0,1,100.0,100.0,0.0,1,2,0,0,0,0,0,0,0,0,0,0,0,0,0,0,0,0,0,0,0,0,0,0
1630188,Jalen Smith,PHX,202106300LAC,"Jun 30, 2021",LAC,2,1,0,1,100.0,100.0,0.0,1,2,0,0,0,0,0,0,0,0,0,0,0,0,0,0,0,0,0,0,0,0,0,0
1628989,Kevin Huerter,ATL,202107010MIL,"Jul 1, 2021",MIL,8,12,0,12,25.81,33.33,-7.52,5,2,7,6,0,0,0,0,0,0,0,0,0,0,0,0,0,0,0,0,0,0,0,0
200782,P.J. Tucker,MIL,202107010MIL,"Jul 1, 2021",ATL,5,5,0,5,38.46,50.0,-11.54,2,2,3,3,0,0,0,0,0,0,0,0,0,0,0,0,0,0,0,0,0,0,0,0
201950,Jrue Holiday,MIL,202107010MIL,"Jul 1, 2021",ATL,25,20,5,22,47.17,56.31,-9.14,11,10,8,9,1,2,0,0,1,3,0,0,0,0,0,0,0,0,0,0,0,0,1,1
203992,Bogdan Bogdanović,ATL,202107010MIL,"Jul 1, 2021",MIL,28,22,1,22,45.9,62.39,-16.49,6,6,15,18,0,0,0,0,0,0,1,4,0,0,0,0,0,0,0,0,0,0,0,0
203114,Khris Middleton,MIL,202107010MIL,"Jul 1, 2021",ATL,26,20,5,22,50.98,58.56,-7.58,14,16,6,6,0,0,0,0,0,0,0,0,0,0,1,2,0,0,0,0,0,0,1,2
101150,Lou Williams,ATL,202107010MIL,"Jul 1, 2021",MIL,17,15,0,15,50.0,56.67,-6.67,11,14,4,3,0,0,0,0,0,0,0,0,0,0,0,0,0,0,0,0,0,0,0,0
1628381,John Collins,ATL,202107010MIL,"Jul 1, 2021",MIL,19,16,2,17,48.72,56.28,-7.56,11,8,5,9,1,2,0,0,0,0,0,0,0,0,0,0,0,0,0,0,0,0,0,0
201572,Brook Lopez,MIL,202107010MIL,"Jul 1, 2021",ATL,33,18,7,21,73.33,78.27,-4.94,15,26,2,0,2,3,0,0,1,3,0,0,0,0,0,0,0,0,0,0,0,0,1,1
203991,Clint Capela,MIL,202107010MIL,"Jul 1, 2021",ATL,6,3,4,5,60.0,63.03,-3.03,3,4,0,0,2,2,0,0,0,0,0,0,0,0,0,0,0,0,0,0,0,0,0,0
1626171,Bobby Portis,MIL,202107010MIL,"Jul 1, 2021",ATL,22,20,6,23,44.9,48.59,-3.69,17,16,3,3,2,2,0,0,0,0,0,0,0,0,0,0,0,0,0,0,0,0,1,1
201568,Danilo Gallinari,ATL,202107010MIL,"Jul 1, 2021",MIL,19,11,7,14,57.58,67.47,-9.89,6,4,4,6,2,4,0,0,1,3,0,0,0,0,0,0,0,0,0,0,0,0,1,2
1630168,Onyeka Okongwu,ATL,202107010MIL,"Jul 1, 2021",MIL,6,3,4,5,60.0,63.03,-3.03,3,4,0,0,2,2,0,0,0,0,0,0,0,0,0,0,0,0,0,0,0,0,0,0
1629629,Cam Reddish,ATL,202107010MIL,"Jul 1, 2021",MIL,7,5,1,5,58.33,64.34,-6.01,3,4,1,0,0,0,0,0,1,3,0,0,0,0,0,0,0,0,0,0,0,0,0,0
1627739,Kris Dunn,ATL,202107010MIL,"Jul 1, 2021",MIL,0,1,0,1,0.0,0.0,0.0,1,0,0,0,0,0,0,0,0,0,0,0,0,0,0,0,0,0,0,0,0,0,0,0
1626192,Pat Connaughton,MIL,202107010MIL,"Jul 1, 2021",ATL,9,7,2,8,45.0,57.11,-12.11,3,4,4,3,0,0,0,0,0,0,0,0,0,0,0,0,0,0,0,0,0,0,1,2
1627854,Bryn Forbes,MIL,202107010MIL,"Jul 1, 2021",ATL,3,4,0,4,27.27,37.5,-10.23,1,0,3,3,0,0,0,0,0,0,0,0,0,0,0,0,0,0,0,0,0,0,0,0
203524,Solomon Hill,ATL,202107010MIL,"Jul 1, 2021",MIL,0,1,0,1,0.0,0.0,0.0,0,0,1,0,0,0,0,0,0,0,0,0,0,0,0,0,0,0,0,0,0,0,0,0
teaguje01,J. Teague,MIL,202107010MIL,"Jul 1, 2021",ATL,0,1,0,1,0.0,0.0,0.0,1,0,0,0,0,0,0,0,0,0,0,0,0,0,0,0,0,0,0,0,0,0,0,0
1630219,Skylar Mays,ATL,202107010MIL,"Jul 1, 2021",MIL,2,1,0,1,100.0,100.0,0.0,1,2,0,0,0,0,0,0,0,0,0,0,0,0,0,0,0,0,0,0,0,0,0,0
200782,P.J. Tucker,MIL,202107030ATL,"Jul 3, 2021",ATL,5,10,0,10,18.52,25.0,-6.48,3,2,7,3,0,0,0,0,0,0,0,0,0,0,0,0,0,0,0,0,0,0,0,0
1628381,John Collins,ATL,202107030ATL,"Jul 3, 2021",MIL,13,9,1,9,65.0,68.86,-3.86,7,10,1,0,0,0,0,0,1,3,0,0,0,0,0,0,0,0,0,0,0,0,0,0
1629027,Trae Young,ATL,202107030ATL,"Jul 3, 2021",MIL,14,17,7,20,29.79,34.86,-5.07,10,6,6,0,2,4,0,0,1,3,0,0,0,0,0,0,0,0,0,0,0,0,1,1
203114,Khris Middleton,MIL,202107030ATL,"Jul 3, 2021",ATL,32,22,8,26,51.61,62.7,-11.09,11,10,10,12,1,2,0,0,1,3,0,0,1,1,0,0,0,0,0,0,0,0,2,4
1628989,Kevin Huerter,ATL,202107030ATL,"Jul 3, 2021",MIL,5,10,0,10,19.23,25.0,-5.77,4,2,6,3,0,0,0,0,0,0,0,0,0,0,0,0,0,0,0,0,0,0,0,0
202711,Bojan Bogdanovic,MIL,202107030ATL,"Jul 3, 2021",ATL,18,12,3,13,56.25,67.57,-11.32,6,8,5,6,0,0,0,0,1,2,0,0,0,0,0,0,0,0,0,0,0,0,1,2
1626171,Bobby Portis,MIL,202107030ATL,"Jul 3, 2021",ATL,12,8,6,11,48.0,56.39,-8.39,5,6,3,0,3,6,0,0,0,0,0,0,0,0,0,0,0,0,0,0,0,0,0,0
201950,Jrue Holiday,MIL,202107030ATL,"Jul 3, 2021",ATL,27,23,3,24,44.26,55.51,-11.25,10,12,12,12,1,0,0,0,1,3,0,0,0,0,0,0,0,0,0,0,0,0,0,0
203991,Clint Capela,ATL,202107030ATL,"Jul 3, 2021",MIL,14,13,0,13,53.85,53.85,0.0,13,14,0,0,0,0,0,0,0,0,0,0,0,0,0,0,0,0,0,0,0,0,0,0
201572,Brook Lopez,ATL,202107030ATL,"Jul 3, 2021",MIL,13,9,2,10,61.9,65.79,-3.89,8,8,1,3,1,2,0,0,0,0,0,0,0,0,0,0,0,0,0,0,0,0,0,0
1627854,Bryn Forbes,MIL,202107030ATL,"Jul 3, 2021",ATL,5,4,0,4,45.45,62.5,-17.05,1,2,3,3,0,0,0,0,0,0,0,0,0,0,0,0,0,0,0,0,0,0,0,0
1629629,Cam Reddish,ATL,202107030ATL,"Jul 3, 2021",MIL,21,12,2,13,63.64,81.52,-17.88,5,2,7,18,1,1,0,0,0,0,0,0,0,0,0,0,0,0,0,0,0,0,0,0
201568,Danilo Gallinari,ATL,202107030ATL,"Jul 3, 2021",MIL,13,13,0,13,41.94,50.0,-8.06,8,4,5,9,0,0,0,0,0,0,0,0,0,0,0,0,0,0,0,0,0,0,0,0
1626192,Pat Connaughton,MIL,202107030ATL,"Jul 3, 2021",ATL,13,8,0,8,59.09,81.25,-22.16,2,4,6,9,0,0,0,0,0,0,0,0,0,0,0,0,0,0,0,0,0,0,0,0
1630168,Onyeka Okongwu,ATL,202107030ATL,"Jul 3, 2021",MIL,3,1,4,3,42.86,54.35,-11.49,0,0,1,0,2,3,0,0,0,0,0,0,0,0,0,0,0,0,0,0,0,0,0,0
101150,Lou Williams,ATL,202107030ATL,"Jul 3, 2021",MIL,4,3,4,5,36.36,42.02,-5.66,2,0,1,0,2,4,0,0,0,0,0,0,0,0,0,0,0,0,0,0,0,0,0,0
teaguje01,J. Teague,MIL,202107030ATL,"Jul 3, 2021",ATL,11,5,2,6,73.33,93.54,-20.21,2,0,3,9,1,2,0,0,0,0,0,0,0,0,0,0,0,0,0,0,0,0,0,0
1628981,Bruno Fernando,ATL,202107030ATL,"Jul 3, 2021",MIL,0,1,0,1,0.0,0.0,0.0,1,0,0,0,0,0,0,0,0,0,0,0,0,0,0,0,0,0,0,0,0,0,0,0
1630233,Nathan Knight,ATL,202107030ATL,"Jul 3, 2021",MIL,0,1,0,1,0.0,0.0,0.0,1,0,0,0,0,0,0,0,0,0,0,0,0,0,0,0,0,0,0,0,0,0,0,0
203109,Jae Crowder,MIL,202107060PHO,"Jul 6, 2021",PHX,1,8,2,9,4.35,5.63,-1.28,3,0,5,0,0,0,0,0,0,0,0,0,0,0,0,0,0,0,0,0,0,0,1,1
203507,Giannis Antetokounmpo,MIL,202107060PHO,"Jul 6, 2021",PHX,20,11,12,17,55.56,61.43,-5.87,9,10,2,3,6,7,0,0,0,0,0,0,0,0,0,0,0,0,0,0,0,0,0,0
101108,Chris Paul,PHX,202107060PHO,"Jul 6, 2021",MIL,32,19,4,20,65.31,77.07,-11.76,11,14,6,9,1,2,0,0,1,3,1,4,0,0,0,0,0,0,0,0,0,0,0,0
203114,Khris Middleton,MIL,202107060PHO,"Jul 6, 2021",PHX,29,26,0,26,45.31,55.77,-10.46,14,14,12,15,0,0,0,0,0,0,0,0,0,0,0,0,0,0,0,0,0,0,0,0
1629028,Deandre Ayton,PHX,202107060PHO,"Jul 6, 2021",MIL,22,10,6,13,84.62,87.03,-2.41,10,16,0,0,3,6,0,0,0,0,0,0,0,0,0,0,0,0,0,0,0,0,0,0
1626164,Devin Booker,PHX,202107060PHO,"Jul 6, 2021",MIL,27,21,10,26,45.0,53.15,-8.15,13,14,8,3,5,10,0,0,0,0,0,0,0,0,0,0,0,0,0,0,0,0,0,0
201572,Brook Lopez,MIL,202107060PHO,"Jul 6, 2021",PHX,17,14,2,15,48.57,57.12,-8.55,9,8,5,9,1,0,0,0,0,0,0,0,0,0,0,0,0,0,0,0,0,0,0,0
200782,P.J. Tucker,PHX,202107060PHO,"Jul 6, 2021",MIL,7,6,0,6,50.0,58.33,-8.33,4,4,2,3,0,0,0,0,0,0,0,0,0,0,0,0,0,0,0,0,0,0,0,0
1628969,Mikal Bridges,PHX,202107060PHO,"Jul 6, 2021",MIL,14,13,2,14,43.75,50.43,-6.68,9,6,4,6,1,2,0,0,0,0,0,0,0,0,0,0,0,0,0,0,0,0,0,0
201950,Jrue Holiday,MIL,202107060PHO,"Jul 6, 2021",PHX,10,14,2,15,29.41,33.6,-4.19,10,8,4,0,1,2,0,0,0,0,0,0,0,0,0,0,0,0,0,0,0,0,0,0
1626171,Bobby Portis,MIL,202107060PHO,"Jul 6, 2021",PHX,5,5,0,5,41.67,50.0,-8.33,3,2,2,3,0,0,0,0,0,0,0,0,0,0,0,0,0,0,0,0,0,0,0,0
1626166,Cameron Payne,PHX,202107060PHO,"Jul 6, 2021",MIL,10,8,0,8,47.62,62.5,-14.88,3,4,5,6,0,0,0,0,0,0,0,0,0,0,0,0,0,0,0,0,0,0,0,0
1627854,Bryn Forbes,MIL,202107060PHO,"Jul 6, 2021",PHX,6,5,0,5,42.86,60.0,-17.14,1,0,4,6,0,0,0,0,0,0,0,0,0,0,0,0,0,0,0,0,0,0,0,0
johnsca02,C. Johnson,PHX,202107060PHO,"Jul 6, 2021",MIL,10,6,2,7,55.56,72.67,-17.11,2,2,4,6,1,2,0,0,0,0,0,0,0,0,0,0,0,0,0,0,0,0,0,0
203967,Dario Saric,PHX,202107060PHO,"Jul 6, 2021",MIL,0,1,0,1,0.0,0.0,0.0,1,0,0,0,0,0,0,0,0,0,0,0,0,0,0,0,0,0,0,0,0,0,0,0
1626192,Pat Connaughton,MIL,202107060PHO,"Jul 6, 2021",PHX,8,6,0,6,50.0,66.67,-16.67,2,2,4,6,0,0,0,0,0,0,0,0,0,0,0,0,0,0,0,0,0,0,0,0
teaguje01,J. Teague,MIL,202107060PHO,"Jul 6, 2021",PHX,3,1,0,1,100.0,150.0,-50.0,0,0,1,3,0,0,0,0,0,0,0,0,0,0,0,0,0,0,0,0,0,0,0,0
1628470,Torrey Craig,PHX,202107060PHO,"Jul 6, 2021",MIL,2,2,0,2,40.0,50.0,-10.0,1,2,1,0,0,0,0,0,0,0,0,0,0,0,0,0,0,0,0,0,0,0,0,0
201950,Jrue Holiday,MIL,202107080PHO,"Jul 8, 2021",PHX,17,21,3,22,35.42,38.08,-2.66,17,10,3,3,1,1,0,0,1,3,0,0,0,0,0,0,0,0,0,0,0,0,0,0
1628969,Mikal Bridges,PHX,202107080PHO,"Jul 8, 2021",MIL,27,15,8,19,57.45,72.89,-15.44,6,10,9,9,1,2,0,0,0,0,0,0,0,0,0,0,0,0,0,0,0,0,3,6
203507,Giannis Antetokounmpo,MIL,202107080PHO,"Jul 8, 2021",PHX,42,22,18,31,62.69,70.19,-7.5,17,28,5,3,7,9,0,0,0,0,0,0,0,0,0,0,0,0,0,0,0,0,2,2
101108,Chris Paul,PHX,202107080PHO,"Jul 8, 2021",MIL,23,20,1,20,50.0,56.26,-6.26,14,12,5,9,0,0,0,0,1,2,0,0,0,0,0,0,0,0,0,0,0,0,0,0
203109,Jae Crowder,PHX,202107080PHO,"Jul 8, 2021",MIL,11,8,0,8,52.38,68.75,-16.37,3,2,5,9,0,0,0,0,0,0,0,0,0,0,0,0,0,0,0,0,0,0,0,0
200782,P.J. Tucker,MIL,202107080PHO,"Jul 8, 2021",PHX,7,5,0,5,63.64,70.0,-6.36,4,4,1,3,0,0,0,0,0,0,0,0,0,0,0,0,0,0,0,0,0,0,0,0
1626164,Devin Booker,PHX,202107080PHO,"Jul 8, 2021",MIL,31,25,0,25,50.0,62.0,-12.0,13,10,12,21,0,0,0,0,0,0,0,0,0,0,0,0,0,0,0,0,0,0,0,0
201572,Brook Lopez,MIL,202107080PHO,"Jul 8, 2021",PHX,8,10,0,10,36.36,40.0,-3.64,8,8,2,0,0,0,0,0,0,0,0,0,0,0,0,0,0,0,0,0,0,0,0,0
203114,Khris Middleton,MIL,202107080PHO,"Jul 8, 2021",PHX,11,16,0,16,28.95,34.38,-5.43,10,8,6,3,0,0,0,0,0,0,0,0,0,0,0,0,0,0,0,0,0,0,0,0
1626192,Pat Connaughton,MIL,202107080PHO,"Jul 8, 2021",PHX,14,10,0,10,48.28,70.0,-21.72,1,2,9,12,0,0,0,0,0,0,0,0,0,0,0,0,0,0,0,0,0,0,0,0
1626171,Bobby Portis,MIL,202107080PHO,"Jul 8, 2021",PHX,2,2,0,2,40.0,50.0,-10.0,1,2,1,0,0,0,0,0,0,0,0,0,0,0,0,0,0,0,0,0,0,0,0,0
teaguje01,J. Teague,MIL,202107080PHO,"Jul 8, 2021",PHX,4,4,2,5,36.36,40.98,-4.62,3,2,1,0,1,2,0,0,0,0,0,0,0,0,0,0,0,0,0,0,0,0,0,0
johnsca02,C. Johnson,PHX,202107080PHO,"Jul 8, 2021",MIL,8,4,2,5,57.14,81.97,-24.83,0,0,4,6,1,2,0,0,0,0,0,0,0,0,0,0,0,0,0,0,0,0,0,0
1626166,Cameron Payne,PHX,202107080PHO,"Jul 8, 2021",MIL,2,3,0,3,25.0,33.33,-8.33,1,2,2,0,0,0,0,0,0,0,0,0,0,0,0,0,0,0,0,0,0,0,0,0
1629028,Deandre Ayton,PHX,202107080PHO,"Jul 8, 2021",MIL,10,10,3,11,43.48,44.17,-0.69,9,6,0,0,1,1,0,0,1,3,0,0,0,0,0,0,0,0,0,0,0,0,0,0
1628470,Torrey Craig,PHX,202107080PHO,"Jul 8, 2021",MIL,6,3,0,3,66.67,100.0,-33.33,0,0,3,6,0,0,0,0,0,0,0,0,0,0,0,0,0,0,0,0,0,0,0,0
1627854,Bryn Forbes,MIL,202107080PHO,"Jul 8, 2021",PHX,3,3,0,3,33.33,50.0,-16.67,0,0,3,3,0,0,0,0,0,0,0,0,0,0,0,0,0,0,0,0,0,0,0,0
203114,Khris Middleton,MIL,202107110MIL,"Jul 11, 2021",PHX,18,14,3,15,47.37,58.75,-11.38,6,4,7,9,1,2,0,0,1,3,0,0,0,0,0,0,0,0,0,0,0,0,0,0
203109,Jae Crowder,PHX,202107110MIL,"Jul 11, 2021",MIL,18,7,0,7,85.71,128.57,-42.86,0,0,7,18,0,0,0,0,0,0,0,0,0,0,0,0,0,0,0,0,0,0,0,0
203507,Giannis Antetokounmpo,MIL,202107110MIL,"Jul 11, 2021",PHX,41,23,17,30,63.08,67.26,-4.18,18,22,2,0,4,6,0,0,3,9,0,0,0,0,0,0,0,0,0,0,0,0,3,4
201950,Jrue Holiday,MIL,202107110MIL,"Jul 11, 2021",PHX,21,14,0,14,55.26,75.0,-19.74,4,6,10,15,0,0,0,0,0,0,0,0,0,0,0,0,0,0,0,0,0,0,0,0
1626164,Devin Booker,PHX,202107110MIL,"Jul 11, 2021",MIL,10,14,5,16,25.0,30.86,-5.86,7,4,7,3,1,1,1,2,0,0,0,0,0,0,0,0,0,0,0,0,0,0,0,0
201572,Brook Lopez,MIL,202107110MIL,"Jul 11, 2021",PHX,11,9,2,10,45.83,55.67,-9.84,5,6,4,3,1,2,0,0,0,0,0,0,0,0,0,0,0,0,0,0,0,0,0,0
1629028,Deandre Ayton,PHX,202107110MIL,"Jul 11, 2021",MIL,18,11,2,12,75.0,75.76,-0.76,11,16,0,0,1,2,0,0,0,0,0,0,0,0,0,0,0,0,0,0,0,0,0,0
101108,Chris Paul,PHX,202107110MIL,"Jul 11, 2021",MIL,19,14,3,16,54.29,62.01,-7.72,10,14,4,3,0,0,0,0,0,0,0,0,1,1,0,0,0,0,0,0,0,0,1,1
1628969,Mikal Bridges,MIL,202107110MIL,"Jul 11, 2021",PHX,4,4,0,4,40.0,50.0,-10.0,2,4,2,0,0,0,0,0,0,0,0,0,0,0,0,0,0,0,0,0,0,0,0,0
200782,P.J. Tucker,PHX,202107110MIL,"Jul 11, 2021",MIL,7,5,0,5,58.33,70.0,-11.67,3,4,2,3,0,0,0,0,0,0,0,0,0,0,0,0,0,0,0,0,0,0,0,0
johnsca02,C. Johnson,PHX,202107110MIL,"Jul 11, 2021",MIL,14,11,3,12,46.67,56.82,-10.15,5,6,5,3,1,2,0,0,1,3,0,0,0,0,0,0,0,0,0,0,0,0,0,0
1626192,Pat Connaughton,MIL,202107110MIL,"Jul 11, 2021",PHX,8,5,0,5,57.14,80.0,-22.86,1,2,4,6,0,0,0,0,0,0,0,0,0,0,0,0,0,0,0,0,0,0,0,0
1626171,Bobby Portis,MIL,202107110MIL,"Jul 11, 2021",PHX,11,11,2,12,40.74,46.3,-5.56,8,6,3,3,1,2,0,0,0,0,0,0,0,0,0,0,0,0,0,0,0,0,0,0
1626166,Cameron Payne,PHX,202107110MIL,"Jul 11, 2021",MIL,7,10,1,10,30.43,33.52,-3.09,7,4,2,0,0,0,0,0,1,3,0,0,0,0,0,0,0,0,0,0,0,0,0,0
teaguje01,J. Teague,MIL,202107110MIL,"Jul 11, 2021",PHX,0,4,2,5,0.0,0.0,0.0,3,0,1,0,0,0,0,0,0,0,0,0,0,0,0,0,0,0,0,0,0,0,1,0
1628470,Torrey Craig,PHX,202107110MIL,"Jul 11, 2021",MIL,2,5,2,6,13.33,17.01,-3.68,2,2,3,0,0,0,0,0,0,0,0,0,0,0,0,0,0,0,0,0,0,0,1,0
203648,Thanasis Antetokounmpo,MIL,202107110MIL,"Jul 11, 2021",PHX,0,2,0,2,0.0,0.0,0.0,2,0,0,0,0,0,0,0,0,0,0,0,0,0,0,0,0,0,0,0,0,0,0,0
1627854,Bryn Forbes,MIL,202107110MIL,"Jul 11, 2021",PHX,0,2,0,2,0.0,0.0,0.0,0,0,2,0,0,0,0,0,0,0,0,0,0,0,0,0,0,0,0,0,0,0,0,0
1626163,Frank Kaminsky,PHX,202107110MIL,"Jul 11, 2021",MIL,6,5,0,5,60.0,60.0,0.0,5,6,0,0,0,0,0,0,0,0,0,0,0,0,0,0,0,0,0,0,0,0,0,0
1627846,Abdel Nader,PHX,202107110MIL,"Jul 11, 2021",MIL,0,1,0,1,0.0,0.0,0.0,0,0,1,0,0,0,0,0,0,0,0,0,0,0,0,0,0,0,0,0,0,0,0,0
alexaty01,T. Alexander,PHX,202107110MIL,"Jul 11, 2021",MIL,2,1,0,1,100.0,100.0,0.0,1,2,0,0,0,0,0,0,0,0,0,0,0,0,0,0,0,0,0,0,0,0,0,0
1629670,Jordan Nwora,MIL,202107110MIL,"Jul 11, 2021",PHX,3,1,0,1,100.0,150.0,-50.0,0,0,1,3,0,0,0,0,0,0,0,0,0,0,0,0,0,0,0,0,0,0,0,0
1626164,Devin Booker,PHX,202107140MIL,"Jul 14, 2021",MIL,42,28,9,32,61.76,65.71,-3.95,25,34,3,0,3,6,1,2,0,0,0,0,0,0,0,0,0,0,0,0,0,0,0,0
203114,Khris Middleton,MIL,202107140MIL,"Jul 14, 2021",PHX,40,33,8,37,48.78,54.76,-5.98,25,24,8,9,2,3,0,0,0,0,0,0,0,0,0,0,0,0,0,0,0,0,2,4
203109,Jae Crowder,PHX,202107140MIL,"Jul 14, 2021",MIL,15,10,7,13,41.67,57.34,-15.67,1,0,9,9,0,0,1,3,0,0,0,0,0,0,0,0,0,0,0,0,0,0,2,3
101108,Chris Paul,PHX,202107140MIL,"Jul 14, 2021",MIL,10,13,0,13,35.71,38.46,-2.75,11,10,2,0,0,0,0,0,0,0,0,0,0,0,0,0,0,0,0,0,0,0,0,0
201950,Jrue Holiday,MIL,202107140MIL,"Jul 14, 2021",PHX,13,20,5,22,26.0,29.28,-3.28,14,6,5,0,1,2,0,0,1,3,0,0,0,0,0,0,0,0,0,0,0,0,1,2
1629028,Deandre Ayton,PHX,202107140MIL,"Jul 14, 2021",MIL,6,9,0,9,33.33,33.33,0.0,9,6,0,0,0,0,0,0,0,0,0,0,0,0,0,0,0,0,0,0,0,0,0,0
1628969,Mikal Bridges,PHX,202107140MIL,"Jul 14, 2021",MIL,7,4,0,4,70.0,87.5,-17.5,2,4,2,3,0,0,0,0,0,0,0,0,0,0,0,0,0,0,0,0,0,0,0,0
201572,Brook Lopez,MIL,202107140MIL,"Jul 14, 2021",PHX,14,9,6,12,48.28,60.14,-11.86,4,8,5,0,3,6,0,0,0,0,0,0,0,0,0,0,0,0,0,0,0,0,0,0
1626192,Pat Connaughton,MIL,202107140MIL,"Jul 14, 2021",PHX,11,9,0,9,44.0,61.11,-17.11,2,2,7,9,0,0,0,0,0,0,0,0,0,0,0,0,0,0,0,0,0,0,0,0
203507,Giannis Antetokounmpo,MIL,202107140MIL,"Jul 14, 2021",PHX,26,19,8,23,54.17,57.73,-3.56,17,22,2,0,4,4,0,0,0,0,0,0,0,0,0,0,0,0,0,0,0,0,0,0
200782,P.J. Tucker,MIL,202107140MIL,"Jul 14, 2021",PHX,0,1,0,1,0.0,0.0,0.0,0,0,1,0,0,0,0,0,0,0,0,0,0,0,0,0,0,0,0,0,0,0,0,0
1626166,Cameron Payne,PHX,202107140MIL,"Jul 14, 2021",MIL,9,7,1,7,50.0,60.48,-10.48,3,4,3,3,0,0,0,0,1,2,0,0,0,0,0,0,0,0,0,0,0,0,0,0
1626171,Bobby Portis,MIL,202107140MIL,"Jul 14, 2021",PHX,3,6,0,6,23.08,25.0,-1.92,5,0,1,3,0,0,0,0,0,0,0,0,0,0,0,0,0,0,0,0,0,0,0,0
1628470,Torrey Craig,PHX,202107140MIL,"Jul 14, 2021",MIL,4,1,2,2,100.0,106.38,-6.38,1,2,0,0,1,2,0,0,0,0,0,0,0,0,0,0,0,0,0,0,0,0,0,0
johnsca02,C. Johnson,PHX,202107140MIL,"Jul 14, 2021",MIL,10,6,0,6,62.5,83.33,-20.83,2,4,4,6,0,0,0,0,0,0,0,0,0,0,0,0,0,0,0,0,0,0,0,0
teaguje01,J. Teague,MIL,202107140MIL,"Jul 14, 2021",PHX,2,0,2,1,100.0,113.64,-13.64,0,0,0,0,1,2,0,0,0,0,0,0,0,0,0,0,0,0,0,0,0,0,0,0
201950,Jrue Holiday,MIL,202107170PHO,"Jul 17, 2021",PHX,27,20,0,20,58.7,67.5,-8.8,14,18,6,9,0,0,0,0,0,0,0,0,0,0,0,0,0,0,0,0,0,0,0,0
1626164,Devin Booker,PHX,202107170PHO,"Jul 17, 2021",MIL,40,33,5,35,53.33,56.82,-3.49,28,28,4,6,2,4,0,0,1,2,0,0,0,0,0,0,0,0,0,0,0,0,0,0
200782,P.J. Tucker,MIL,202107170PHO,"Jul 17, 2021",PHX,3,2,0,2,60.0,75.0,-15.0,1,0,1,3,0,0,0,0,0,0,0,0,0,0,0,0,0,0,0,0,0,0,0,0
203507,Giannis Antetokounmpo,MIL,202107170PHO,"Jul 17, 2021",PHX,32,23,11,27,55.17,57.47,-2.3,19,22,1,0,3,2,0,0,3,7,0,0,0,0,0,0,0,0,0,0,0,0,1,1
1628969,Mikal Bridges,PHX,202107170PHO,"Jul 17, 2021",MIL,13,6,0,6,86.67,108.33,-21.66,3,4,3,9,0,0,0,0,0,0,0,0,0,0,0,0,0,0,0,0,0,0,0,0
201572,Brook Lopez,MIL,202107170PHO,"Jul 17, 2021",PHX,9,6,0,6,64.29,75.0,-10.71,4,6,2,3,0,0,0,0,0,0,0,0,0,0,0,0,0,0,0,0,0,0,0,0
1629028,Deandre Ayton,PHX,202107170PHO,"Jul 17, 2021",MIL,20,12,6,15,66.67,68.31,-1.64,12,14,0,0,2,4,0,0,0,0,0,0,0,0,0,0,0,0,0,0,0,0,1,2
203114,Khris Middleton,MIL,202107170PHO,"Jul 17, 2021",PHX,29,23,3,24,50.88,59.62,-8.74,14,16,8,9,0,0,0,0,1,3,0,0,0,0,0,0,0,0,0,0,0,0,1,1
203109,Jae Crowder,PHX,202107170PHO,"Jul 17, 2021",MIL,10,7,0,7,55.56,71.43,-15.87,3,4,4,6,0,0,0,0,0,0,0,0,0,0,0,0,0,0,0,0,0,0,0,0
101108,Chris Paul,PHX,202107170PHO,"Jul 17, 2021",MIL,21,15,0,15,63.64,70.0,-6.36,12,12,3,9,0,0,0,0,0,0,0,0,0,0,0,0,0,0,0,0,0,0,0,0
1626192,Pat Connaughton,MIL,202107170PHO,"Jul 17, 2021",PHX,14,6,2,7,70.0,101.74,-31.74,0,0,6,12,1,2,0,0,0,0,0,0,0,0,0,0,0,0,0,0,0,0,0,0
teaguje01,J. Teague,MIL,202107170PHO,"Jul 17, 2021",PHX,0,1,0,1,0.0,0.0,0.0,1,0,0,0,0,0,0,0,0,0,0,0,0,0,0,0,0,0,0,0,0,0,0,0
1626171,Bobby Portis,MIL,202107170PHO,"Jul 17, 2021",PHX,9,6,1,6,52.94,69.88,-16.94,1,0,4,6,0,0,0,0,1,3,0,0,0,0,0,0,0,0,0,0,0,0,0,0
1626166,Cameron Payne,PHX,202107170PHO,"Jul 17, 2021",MIL,6,7,0,7,42.86,42.86,0.0,7,6,0,0,0,0,0,0,0,0,0,0,0,0,0,0,0,0,0,0,0,0,0,0
1628470,Torrey Craig,PHX,202107170PHO,"Jul 17, 2021",MIL,3,4,0,4,27.27,37.5,-10.23,1,0,3,3,0,0,0,0,0,0,0,0,0,0,0,0,0,0,0,0,0,0,0,0
johnsca02,C. Johnson,PHX,202107170PHO,"Jul 17, 2021",MIL,6,3,0,3,75.0,100.0,-25.0,1,0,2,6,0,0,0,0,0,0,0,0,0,0,0,0,0,0,0,0,0,0,0,0
101108,Chris Paul,PHX,202107200MIL,"Jul 20, 2021",MIL,26,19,4,21,59.09,62.62,-3.53,16,18,2,3,1,2,0,0,1,3,0,0,1,0,0,0,0,0,0,0,0,0,0,0
203507,Giannis Antetokounmpo,MIL,202107200MIL,"Jul 20, 2021",PHX,50,25,19,34,69.44,74.94,-5.5,21,28,3,3,8,15,0,0,1,3,0,0,0,0,0,0,0,0,0,0,0,0,1,1
201950,Jrue Holiday,MIL,202107200MIL,"Jul 20, 2021",PHX,12,19,2,20,25.53,30.18,-4.65,12,4,7,6,1,2,0,0,0,0,0,0,0,0,0,0,0,0,0,0,0,0,0,0
203109,Jae Crowder,PHX,202107200MIL,"Jul 20, 2021",MIL,15,11,5,13,41.67,56.82,-15.15,2,4,8,3,2,4,0,0,0,0,1,4,0,0,0,0,0,0,0,0,0,0,0,0
1628969,Mikal Bridges,PHX,202107200MIL,"Jul 20, 2021",MIL,7,7,2,8,41.18,44.42,-3.24,6,6,1,0,1,1,0,0,0,0,0,0,0,0,0,0,0,0,0,0,0,0,0,0
203114,Khris Middleton,MIL,202107200MIL,"Jul 20, 2021",PHX,17,13,4,15,50.0,57.59,-7.59,9,10,4,3,1,2,0,0,0,0,0,0,0,0,0,0,0,0,0,0,0,0,1,2
1626164,Devin Booker,PHX,202107200MIL,"Jul 20, 2021",MIL,19,22,3,23,35.19,40.74,-5.55,14,14,7,0,1,2,0,0,1,3,0,0,0,0,0,0,0,0,0,0,0,0,0,0
201572,Brook Lopez,MIL,202107200MIL,"Jul 20, 2021",PHX,10,10,0,10,43.48,50.0,-6.52,7,10,3,0,0,0,0,0,0,0,0,0,0,0,0,0,0,0,0,0,0,0,0,0
1629028,Deandre Ayton,PHX,202107200MIL,"Jul 20, 2021",MIL,12,12,5,14,41.38,42.25,-0.87,11,6,0,0,0,0,0,0,1,2,0,0,0,0,0,0,0,0,0,0,0,0,2,4
200782,P.J. Tucker,MIL,202107200MIL,"Jul 20, 2021",PHX,0,1,0,1,0.0,0.0,0.0,0,0,1,0,0,0,0,0,0,0,0,0,0,0,0,0,0,0,0,0,0,0,0,0
1626192,Pat Connaughton,MIL,202107200MIL,"Jul 20, 2021",PHX,0,4,2,5,0.0,0.0,0.0,0,0,4,0,0,0,0,0,0,0,0,0,0,0,0,0,0,0,0,0,0,0,1,0
1626171,Bobby Portis,MIL,202107200MIL,"Jul 20, 2021",PHX,16,10,2,11,59.26,73.53,-14.27,5,8,5,6,1,2,0,0,0,0,0,0,0,0,0,0,0,0,0,0,0,0,0,0
johnsca02,C. Johnson,PHX,202107200MIL,"Jul 20, 2021",MIL,3,5,0,5,21.43,30.0,-8.57,1,0,4,3,0,0,0,0,0,0,0,0,0,0,0,0,0,0,0,0,0,0,0,0
1626163,Frank Kaminsky,PHX,202107200MIL,"Jul 20, 2021",MIL,6,4,0,4,75.0,75.0,0.0,4,6,0,0,0,0,0,0,0,0,0,0,0,0,0,0,0,0,0,0,0,0,0,0
1626166,Cameron Payne,PHX,202107200MIL,"Jul 20, 2021",MIL,10,6,0,6,71.43,83.33,-11.9,4,4,2,6,0,0,0,0,0,0,0,0,0,0,0,0,0,0,0,0,0,0,0,0
