player_id,player_name,team_abbr,game_id,game_date,opponent,pts,fga,fta,scoring_poss,pure_ts_pct,standard_ts_pct,delta_pp,C1a_events,C1a_pts,C1b_events,C1b_pts,C2_events,C2_pts,C3_events,C3_pts,C4_events,C4_pts,C5_events,C5_pts,C6a_events,C6a_pts,C6b_events,C6b_pts,C6c_events,C6c_pts,C6d_events,C6d_pts,C6e_events,C6e_pts,C6f_events,C6f_pts
1629622,Max Strus,CLE,202404200CLE,"Apr 20, 2024",ORL,7,8,0,8,33.33,43.75,-10.42,3,4,5,3,0,0,0,0,0,0,0,0,0,0,0,0,0,0,0,0,0,0,0,0
1630591,Jalen Suggs,ORL,202404200CLE,"Apr 20, 2024",CLE,13,16,6,18,28.89,34.87,-5.98,7,2,7,3,1,1,0,0,2,5,0,0,0,0,0,0,0,0,0,0,0,0,1,2
1628378,Donovan Mitchell,CLE,202404200CLE,"Apr 20, 2024",ORL,30,21,5,23,54.55,64.66,-10.11,12,14,8,9,0,0,0,0,1,3,0,0,0,0,0,0,0,0,0,0,0,0,2,4
1631094,Paolo Banchero,ORL,202404200CLE,"Apr 20, 2024",CLE,24,17,8,20,48.98,58.48,-9.5,8,10,7,6,3,3,0,0,2,5,0,0,0,0,0,0,0,0,0,0,0,0,0,0
1630596,Evan Mobley,CLE,202404200CLE,"Apr 20, 2024",ORL,16,12,2,13,53.33,62.11,-8.78,8,8,4,6,0,0,0,0,0,0,0,0,0,0,0,0,0,0,0,0,0,0,1,2
wagnefr01,F. Wagner,ORL,202404200CLE,"Apr 20, 2024",CLE,18,15,4,17,45.0,53.7,-8.7,9,10,6,6,2,2,0,0,0,0,0,0,0,0,0,0,0,0,0,0,0,0,0,0
1628371,Jonathan Isaac,ORL,202404200CLE,"Apr 20, 2024",CLE,10,8,2,9,45.45,56.31,-10.86,4,2,4,6,1,2,0,0,0,0,0,0,0,0,0,0,0,0,0,0,0,0,0,0
203914,Gary Harris,CLE,202404200CLE,"Apr 20, 2024",ORL,0,6,0,6,0.0,0.0,0.0,1,0,5,0,0,0,0,0,0,0,0,0,0,0,0,0,0,0,0,0,0,0,0,0
1629636,Darius Garland,CLE,202404200CLE,"Apr 20, 2024",ORL,14,11,0,11,50.0,63.64,-13.64,5,8,6,6,0,0,0,0,0,0,0,0,0,0,0,0,0,0,0,0,0,0,0,0
1628386,Jarrett Allen,CLE,202404200CLE,"Apr 20, 2024",ORL,16,10,6,13,61.54,63.29,-1.75,10,12,0,0,1,1,0,0,0,0,0,0,0,0,0,0,0,0,0,0,0,0,2,3
1627747,Caris LeVert,CLE,202404200CLE,"Apr 20, 2024",ORL,5,8,2,8,26.32,28.15,-1.83,5,0,1,0,0,0,0,0,2,5,0,0,0,0,0,0,0,0,0,0,0,0,0,0
1627777,Georges Niang,CLE,202404200CLE,"Apr 20, 2024",ORL,5,7,4,9,22.73,28.54,-5.81,3,2,4,0,1,2,0,0,0,0,0,0,0,0,1,1,0,0,0,0,0,0,0,0
1630175,Cole Anthony,ORL,202404200CLE,"Apr 20, 2024",CLE,4,7,4,9,18.18,22.83,-4.65,3,0,4,0,2,4,0,0,0,0,0,0,0,0,0,0,0,0,0,0,0,0,0,0
1628976,Wendell Carter Jr.,ORL,202404200CLE,"Apr 20, 2024",CLE,3,3,0,3,37.5,50.0,-12.5,1,0,2,3,0,0,0,0,0,0,0,0,0,0,0,0,0,0,0,0,0,0,0,0
204060,Joe Ingles,ORL,202404200CLE,"Apr 20, 2024",CLE,1,2,2,4,14.29,17.36,-3.07,1,0,1,0,0,0,0,0,0,0,0,0,2,1,0,0,0,0,0,0,0,0,0,0
1630171,Isaac Okoro,CLE,202404200CLE,"Apr 20, 2024",ORL,4,2,2,3,66.67,69.44,-2.77,2,2,0,0,0,0,0,0,0,0,0,0,0,0,0,0,0,0,0,0,0,0,1,2
1628365,Markelle Fultz,ORL,202404200CLE,"Apr 20, 2024",CLE,0,4,0,4,0.0,0.0,0.0,4,0,0,0,0,0,0,0,0,0,0,0,0,0,0,0,0,0,0,0,0,0,0,0
1630241,Sam Merrill,CLE,202404200CLE,"Apr 20, 2024",ORL,0,2,0,2,0.0,0.0,0.0,0,0,2,0,0,0,0,0,0,0,0,0,0,0,0,0,0,0,0,0,0,0,0,0
wagnemo01,M. Wagner,ORL,202404200CLE,"Apr 20, 2024",CLE,10,8,4,10,47.62,51.23,-3.61,7,8,1,0,1,0,0,0,0,0,0,0,0,0,0,0,0,0,0,0,0,0,1,2
201142,Kevin Durant,PHX,202404200MIN,"Apr 20, 2024",MIN,31,17,9,22,68.89,73.95,-5.06,15,18,2,6,3,4,0,0,0,0,0,0,0,0,0,0,0,0,0,0,0,0,2,3
203497,Rudy Gobert,MIN,202404200MIN,"Apr 20, 2024",PHX,14,6,7,9,73.68,77.09,-3.41,5,6,0,0,3,5,0,0,1,3,0,0,0,0,0,0,0,0,0,0,0,0,0,0
townska01,K. Towns,MIN,202404200MIN,"Apr 20, 2024",PHX,19,9,8,13,67.86,75.88,-8.02,6,6,2,3,1,2,0,0,1,3,0,0,1,1,0,0,0,0,0,0,0,0,2,4
1630183,Jaden McDaniels,MIN,202404200MIN,"Apr 20, 2024",PHX,9,7,3,8,47.37,54.09,-6.72,4,4,2,0,1,2,0,0,1,3,0,0,0,0,0,0,0,0,0,0,0,0,0,0
1626164,Devin Booker,PHX,202404200MIN,"Apr 20, 2024",MIN,18,16,6,19,40.91,48.28,-7.37,10,6,6,6,1,2,0,0,0,0,0,0,0,0,0,0,0,0,0,0,0,0,2,4
1630162,Anthony Edwards,MIN,202404200MIN,"Apr 20, 2024",PHX,33,24,2,25,56.9,66.32,-9.42,16,20,8,12,0,0,0,0,0,0,0,0,0,0,0,0,0,0,0,0,0,0,1,1
203994,Jusuf Nurkić,PHX,202404200MIN,"Apr 20, 2024",MIN,9,6,3,7,56.25,61.48,-5.23,4,6,1,0,1,1,0,0,1,2,0,0,0,0,0,0,0,0,0,0,0,0,0,0
201144,Mike Conley,MIN,202404200MIN,"Apr 20, 2024",PHX,4,12,0,12,14.81,16.67,-1.86,9,4,3,0,0,0,0,0,0,0,0,0,0,0,0,0,0,0,0,0,0,0,0,0
1628960,Grayson Allen,MIN,202404200MIN,"Apr 20, 2024",PHX,4,3,4,5,30.77,42.02,-11.25,0,0,3,0,1,2,0,0,0,0,0,0,0,0,0,0,0,0,0,0,0,0,1,2
1629234,Drew Eubanks,PHX,202404200MIN,"Apr 20, 2024",MIN,0,1,0,1,0.0,0.0,0.0,1,0,0,0,0,0,0,0,0,0,0,0,0,0,0,0,0,0,0,0,0,0,0,0
201569,Eric Gordon,PHX,202404200MIN,"Apr 20, 2024",MIN,0,5,0,5,0.0,0.0,0.0,1,0,4,0,0,0,0,0,0,0,0,0,0,0,0,0,0,0,0,0,0,0,0,0
1626220,Royce O'Neale,PHX,202404200MIN,"Apr 20, 2024",MIN,14,10,0,10,50.0,70.0,-20.0,2,2,8,12,0,0,0,0,0,0,0,0,0,0,0,0,0,0,0,0,0,0,0,0
1629638,Nickeil Alexander-Walker,MIN,202404200MIN,"Apr 20, 2024",PHX,18,12,0,12,54.55,75.0,-20.45,3,6,9,12,0,0,0,0,0,0,0,0,0,0,0,0,0,0,0,0,0,0,0,0
1629675,Naz Reid,MIN,202404200MIN,"Apr 20, 2024",PHX,12,10,2,11,42.86,55.15,-12.29,4,4,6,6,1,2,0,0,0,0,0,0,0,0,0,0,0,0,0,0,0,0,0,0
203937,Kyle Anderson,MIN,202404200MIN,"Apr 20, 2024",PHX,2,2,0,2,50.0,50.0,0.0,2,2,0,0,0,0,0,0,0,0,0,0,0,0,0,0,0,0,0,0,0,0,0,0
203078,Bradley Beal,PHX,202404200MIN,"Apr 20, 2024",MIN,15,10,3,11,57.69,66.25,-8.56,6,8,3,3,1,2,0,0,1,2,0,0,0,0,0,0,0,0,0,0,0,0,0,0
1628420,Monte Morris,MIN,202404200MIN,"Apr 20, 2024",PHX,2,3,0,3,28.57,33.33,-4.76,2,2,1,0,0,0,0,0,0,0,0,0,0,0,0,0,0,0,0,0,0,0,0,0
1629626,Bol Bol,PHX,202404200MIN,"Apr 20, 2024",MIN,0,1,0,1,0.0,0.0,0.0,1,0,0,0,0,0,0,0,0,0,0,0,0,0,0,0,0,0,0,0,0,0,0,0
littlna01,N. Little,PHX,202404200MIN,"Apr 20, 2024",MIN,2,1,0,1,100.0,100.0,0.0,1,2,0,0,0,0,0,0,0,0,0,0,0,0,0,0,0,0,0,0,0,0,0,0
1629006,Josh Okogie,PHX,202404200MIN,"Apr 20, 2024",MIN,2,3,0,3,33.33,33.33,0.0,3,2,0,0,0,0,0,0,0,0,0,0,0,0,0,0,0,0,0,0,0,0,0,0
thomais02,I. Thomas,PHX,202404200MIN,"Apr 20, 2024",MIN,0,2,0,2,0.0,0.0,0.0,1,0,1,0,0,0,0,0,0,0,0,0,0,0,0,0,0,0,0,0,0,0,0,0
1630568,Luka Garza,MIN,202404200MIN,"Apr 20, 2024",PHX,5,2,0,2,100.0,125.0,-25.0,1,2,1,3,0,0,0,0,0,0,0,0,0,0,0,0,0,0,0,0,0,0,0,0
1629162,Jordan McLaughlin,MIN,202404200MIN,"Apr 20, 2024",PHX,2,1,0,1,100.0,100.0,0.0,1,2,0,0,0,0,0,0,0,0,0,0,0,0,0,0,0,0,0,0,0,0,0,0
1628973,Jalen Brunson,NYK,202404200NYK,"Apr 20, 2024",PHI,22,26,6,29,34.38,38.41,-4.03,19,12,6,3,2,4,0,0,1,3,0,0,1,0,0,0,0,0,0,0,0,0,0,0
1628392,Isaiah Hartenstein,NYK,202404200NYK,"Apr 20, 2024",PHI,6,4,4,6,50.0,52.08,-2.08,4,2,0,0,1,2,0,0,0,0,0,0,0,0,0,0,0,0,0,0,0,0,1,2
1628404,Josh Hart,NYK,202404200NYK,"Apr 20, 2024",PHI,22,12,10,17,52.38,67.07,-14.69,4,2,8,12,3,5,0,0,0,0,0,0,0,0,0,0,0,0,0,0,0,0,2,3
1630178,Tyrese Maxey,PHI,202404200NYK,"Apr 20, 2024",NYK,33,26,2,27,52.38,61.38,-9.0,17,22,9,9,1,2,0,0,0,0,0,0,0,0,0,0,0,0,0,0,0,0,0,0
202699,Tobias Harris,PHI,202404200NYK,"Apr 20, 2024",NYK,7,7,0,7,38.89,50.0,-11.11,3,4,4,3,0,0,0,0,0,0,0,0,0,0,0,0,0,0,0,0,0,0,0,0
203954,Joel Embiid,PHI,202404200NYK,"Apr 20, 2024",NYK,29,22,12,27,45.31,53.15,-7.84,12,8,8,6,5,9,0,0,2,6,0,0,0,0,0,0,0,0,0,0,0,0,0,0
1628978,Donte DiVincenzo,NYK,202404200NYK,"Apr 20, 2024",PHI,8,10,0,10,32.0,40.0,-8.0,5,2,5,6,0,0,0,0,0,0,0,0,0,0,0,0,0,0,0,0,0,0,0,0
1628384,OG Anunoby,PHI,202404200NYK,"Apr 20, 2024",NYK,11,10,0,10,47.83,55.0,-7.17,7,8,3,3,0,0,0,0,0,0,0,0,0,0,0,0,0,0,0,0,0,0,0,0
1626162,Kelly Oubre Jr.,PHI,202404200NYK,"Apr 20, 2024",NYK,10,7,4,9,50.0,57.08,-7.08,5,4,2,3,2,3,0,0,0,0,0,0,0,0,0,0,0,0,0,0,0,0,0,0
200768,Kyle Lowry,PHI,202404200NYK,"Apr 20, 2024",NYK,18,9,4,10,62.07,83.64,-21.57,1,0,7,12,0,0,1,3,1,3,0,0,0,0,0,0,0,0,0,0,0,0,0,0
201587,Nicolas Batum,PHI,202404200NYK,"Apr 20, 2024",NYK,3,4,0,4,25.0,37.5,-12.5,0,0,4,3,0,0,0,0,0,0,0,0,0,0,0,0,0,0,0,0,0,0,0,0
203992,Bogdan Bogdanović,NYK,202404200NYK,"Apr 20, 2024",PHI,13,12,4,14,38.24,47.24,-9.0,6,2,6,9,2,2,0,0,0,0,0,0,0,0,0,0,0,0,0,0,0,0,0,0
1629011,Mitchell Robinson,NYK,202404200NYK,"Apr 20, 2024",PHI,8,5,2,6,66.67,68.03,-1.36,5,6,0,0,0,0,0,0,0,0,0,0,0,0,0,0,0,0,0,0,0,0,1,2
1627741,Buddy Hield,PHI,202404200NYK,"Apr 20, 2024",NYK,0,2,0,2,0.0,0.0,0.0,1,0,1,0,0,0,0,0,0,0,0,0,0,0,0,0,0,0,0,0,0,0,0,0
1630540,Miles McBride,NYK,202404200NYK,"Apr 20, 2024",PHI,21,12,2,13,63.64,81.52,-17.88,5,4,7,15,1,2,0,0,0,0,0,0,0,0,0,0,0,0,0,0,0,0,0,0
1630194,Paul Reed,PHI,202404200NYK,"Apr 20, 2024",NYK,4,3,0,3,66.67,66.67,0.0,3,4,0,0,0,0,0,0,0,0,0,0,0,0,0,0,0,0,0,0,0,0,0,0
1626166,Cameron Payne,PHI,202404200NYK,"Apr 20, 2024",NYK,0,1,0,1,0.0,0.0,0.0,1,0,0,0,0,0,0,0,0,0,0,0,0,0,0,0,0,0,0,0,0,0,0,0
1629060,Rui Hachimura,DEN,202404200DEN,"Apr 20, 2024",LAL,7,4,2,5,58.33,71.72,-13.39,2,2,2,3,1,2,0,0,0,0,0,0,0,0,0,0,0,0,0,0,0,0,0,0
203999,Nikola Jokić,DEN,202404200DEN,"Apr 20, 2024",LAL,32,23,2,24,62.75,67.0,-4.25,20,28,3,3,1,1,0,0,0,0,0,0,0,0,0,0,0,0,0,0,0,0,0,0
1626156,D'Angelo Russell,LAL,202404200DEN,"Apr 20, 2024",DEN,13,20,0,20,26.53,32.5,-5.97,11,10,9,3,0,0,0,0,0,0,0,0,0,0,0,0,0,0,0,0,0,0,0,0
1629008,Michael Porter Jr.,DEN,202404200DEN,"Apr 20, 2024",LAL,19,15,0,15,51.35,63.33,-11.98,8,10,7,9,0,0,0,0,0,0,0,0,0,0,0,0,0,0,0,0,0,0,0,0
203932,Aaron Gordon,DEN,202404200DEN,"Apr 20, 2024",LAL,12,11,2,12,44.44,50.51,-6.07,8,10,3,0,1,2,0,0,0,0,0,0,0,0,0,0,0,0,0,0,0,0,0,0
203076,Anthony Davis,LAL,202404200DEN,"Apr 20, 2024",DEN,32,23,9,27,54.24,59.35,-5.11,18,22,4,0,2,4,0,0,1,3,0,0,0,0,0,0,0,0,0,0,0,0,2,3
1630559,Austin Reaves,LAL,202404200DEN,"Apr 20, 2024",DEN,13,9,1,9,52.0,68.86,-16.86,2,4,6,6,0,0,0,0,1,3,0,0,0,0,0,0,0,0,0,0,0,0,0,0
2544,LeBron James,LAL,202404200DEN,"Apr 20, 2024",DEN,27,16,5,18,64.29,74.18,-9.89,10,12,5,9,2,4,0,0,1,2,0,0,0,0,0,0,0,0,0,0,0,0,0,0
1627750,Jamal Murray,DEN,202404200DEN,"Apr 20, 2024",LAL,22,24,0,24,38.6,45.83,-7.23,15,10,9,12,0,0,0,0,0,0,0,0,0,0,0,0,0,0,0,0,0,0,0,0
203484,Kentavious Caldwell-Pope,DEN,202404200DEN,"Apr 20, 2024",LAL,12,11,0,11,37.5,54.55,-17.05,1,0,10,12,0,0,0,0,0,0,0,0,0,0,0,0,0,0,0,0,0,0,0,0
1631212,Peyton Watson,DEN,202404200DEN,"Apr 20, 2024",LAL,8,6,0,6,50.0,66.67,-16.67,2,2,4,6,0,0,0,0,0,0,0,0,0,0,0,0,0,0,0,0,0,0,0,0
1631128,Christian Braun,DEN,202404200DEN,"Apr 20, 2024",LAL,2,5,0,5,16.67,20.0,-3.33,3,2,2,0,0,0,0,0,0,0,0,0,0,0,0,0,0,0,0,0,0,0,0,0
1627752,Taurean Prince,LAL,202404200DEN,"Apr 20, 2024",DEN,11,7,2,8,57.89,69.8,-11.91,4,6,3,3,1,2,0,0,0,0,0,0,0,0,0,0,0,0,0,0,0,0,0,0
202704,Reggie Jackson,DEN,202404200DEN,"Apr 20, 2024",LAL,3,4,0,4,30.0,37.5,-7.5,2,0,2,3,0,0,0,0,0,0,0,0,0,0,0,0,0,0,0,0,0,0,0,0
201950,Jrue Holiday,DEN,202404200DEN,"Apr 20, 2024",LAL,0,2,0,2,0.0,0.0,0.0,0,0,2,0,0,0,0,0,0,0,0,0,0,0,0,0,0,0,0,0,0,0,0,0
201599,DeAndre Jordan,DEN,202404200DEN,"Apr 20, 2024",LAL,4,1,2,2,100.0,106.38,-6.38,1,2,0,0,1,2,0,0,0,0,0,0,0,0,0,0,0,0,0,0,0,0,0,0
1628369,Jayson Tatum,BOS,202404210BOS,"Apr 21, 2024",MIA,23,18,8,22,44.23,53.44,-9.21,10,12,8,3,3,6,0,0,0,0,0,0,1,2,0,0,0,0,0,0,0,0,0,0
1627759,Jaylen Brown,BOS,202404210BOS,"Apr 21, 2024",MIA,17,12,4,14,51.52,61.77,-10.25,7,6,5,9,2,2,0,0,0,0,0,0,0,0,0,0,0,0,0,0,0,0,0,0
1628389,Bam Adebayo,MIA,202404210BOS,"Apr 21, 2024",BOS,24,18,4,20,57.14,60.73,-3.59,16,20,2,0,2,4,0,0,0,0,0,0,0,0,0,0,0,0,0,0,0,0,0,0
1628401,Derrick White,BOS,202404210BOS,"Apr 21, 2024",MIA,20,10,4,12,62.5,85.03,-22.53,2,4,8,12,2,4,0,0,0,0,0,0,0,0,0,0,0,0,0,0,0,0,0,0
1629639,Tyler Herro,MIA,202404210BOS,"Apr 21, 2024",BOS,11,13,0,13,31.43,42.31,-10.88,4,2,9,9,0,0,0,0,0,0,0,0,0,0,0,0,0,0,0,0,0,0,0,0
204001,Kristaps Porziņģis,BOS,202404210BOS,"Apr 21, 2024",MIA,18,13,0,13,52.94,69.23,-16.29,5,6,8,12,0,0,0,0,0,0,0,0,0,0,0,0,0,0,0,0,0,0,0,0
1631170,Jaime Jaquez Jr.,MIA,202404210BOS,"Apr 21, 2024",BOS,16,16,0,16,47.06,50.0,-2.94,14,16,2,0,0,0,0,0,0,0,0,0,0,0,0,0,0,0,0,0,0,0,0,0
201950,Jrue Holiday,BOS,202404210BOS,"Apr 21, 2024",MIA,6,8,0,8,30.0,37.5,-7.5,4,0,4,6,0,0,0,0,0,0,0,0,0,0,0,0,0,0,0,0,0,0,0,0
1628997,Caleb Martin,BOS,202404210BOS,"Apr 21, 2024",MIA,4,6,0,6,25.0,33.33,-8.33,2,4,4,0,0,0,0,0,0,0,0,0,0,0,0,0,0,0,0,0,0,0,0,0
201143,Al Horford,BOS,202404210BOS,"Apr 21, 2024",MIA,10,8,0,8,47.62,62.5,-14.88,3,4,5,6,0,0,0,0,0,0,0,0,0,0,0,0,0,0,0,0,0,0,0,0
1630202,Payton Pritchard,BOS,202404210BOS,"Apr 21, 2024",MIA,8,7,0,7,42.11,57.14,-15.03,2,2,5,6,0,0,0,0,0,0,0,0,0,0,0,0,0,0,0,0,0,0,0,0
1629312,Haywood Highsmith,MIA,202404210BOS,"Apr 21, 2024",BOS,0,4,0,4,0.0,0.0,0.0,0,0,4,0,0,0,0,0,0,0,0,0,0,0,0,0,0,0,0,0,0,0,0,0
1631107,Nikola Jović,MIA,202404210BOS,"Apr 21, 2024",BOS,10,9,2,10,38.46,50.61,-12.15,3,2,6,6,1,2,0,0,0,0,0,0,0,0,0,0,0,0,0,0,0,0,0,0
1626153,Delon Wright,MIA,202404210BOS,"Apr 21, 2024",BOS,17,7,0,7,89.47,121.43,-31.96,2,2,5,15,0,0,0,0,0,0,0,0,0,0,0,0,0,0,0,0,0,0,0,0
201567,Kevin Love,MIA,202404210BOS,"Apr 21, 2024",BOS,7,4,0,4,70.0,87.5,-17.5,2,4,2,3,0,0,0,0,0,0,0,0,0,0,0,0,0,0,0,0,0,0,0,0
1629130,Duncan Robinson,MIA,202404210BOS,"Apr 21, 2024",BOS,5,4,0,4,45.45,62.5,-17.05,1,2,3,3,0,0,0,0,0,0,0,0,0,0,0,0,0,0,0,0,0,0,0,0
1630573,Sam Hauser,BOS,202404210BOS,"Apr 21, 2024",MIA,12,6,0,6,66.67,100.0,-33.33,0,0,6,12,0,0,0,0,0,0,0,0,0,0,0,0,0,0,0,0,0,0,0,0
1629029,Luka Dončić,DAL,202404210LAC,"Apr 21, 2024",LAC,33,26,8,30,45.83,55.89,-10.06,14,14,12,12,4,7,0,0,0,0,0,0,0,0,0,0,0,0,0,0,0,0,0,0
1627826,Ivica Zubac,LAC,202404210LAC,"Apr 21, 2024",DAL,20,17,1,17,57.14,57.34,-0.2,16,18,0,0,0,0,0,0,1,2,0,0,0,0,0,0,0,0,0,0,0,0,0,0
202331,Paul George,LAC,202404210LAC,"Apr 21, 2024",DAL,22,20,2,21,40.74,52.68,-11.94,8,8,12,12,1,2,0,0,0,0,0,0,0,0,0,0,0,0,0,0,0,0,0,0
1629611,Terance Mann,LAC,202404210LAC,"Apr 21, 2024",DAL,13,8,2,9,61.9,73.2,-11.3,5,2,3,9,1,2,0,0,0,0,0,0,0,0,0,0,0,0,0,0,0,0,0,0
1629599,Amir Coffey,LAC,202404210LAC,"Apr 21, 2024",DAL,6,7,0,7,33.33,42.86,-9.53,3,0,4,6,0,0,0,0,0,0,0,0,0,0,0,0,0,0,0,0,0,0,0,0
202681,Kyrie Irving,DAL,202404210LAC,"Apr 21, 2024",LAC,31,18,9,23,60.78,70.58,-9.8,12,14,6,9,2,4,0,0,0,0,0,0,1,1,0,0,0,0,0,0,0,0,2,3
201935,James Harden,LAC,202404210LAC,"Apr 21, 2024",DAL,28,17,6,19,54.9,71.28,-16.38,5,2,11,18,1,2,1,3,1,3,0,0,0,0,0,0,0,0,0,0,0,0,0,0
1629655,Daniel Gafford,LAC,202404210LAC,"Apr 21, 2024",DAL,3,4,2,5,30.0,30.74,-0.74,4,2,0,0,1,1,0,0,0,0,0,0,0,0,0,0,0,0,0,0,0,0,0,0
1629023,P.J. Washington,DAL,202404210LAC,"Apr 21, 2024",LAC,11,10,2,11,37.93,50.55,-12.62,3,4,7,6,1,1,0,0,0,0,0,0,0,0,0,0,0,0,0,0,0,0,0,0
1641726,Dereck Lively II,DAL,202404210LAC,"Apr 21, 2024",LAC,3,3,2,4,37.5,38.66,-1.16,3,2,0,0,1,1,0,0,0,0,0,0,0,0,0,0,0,0,0,0,0,0,0,0
1627884,Derrick Jones Jr.,DAL,202404210LAC,"Apr 21, 2024",LAC,0,4,0,4,0.0,0.0,0.0,3,0,1,0,0,0,0,0,0,0,0,0,0,0,0,0,0,0,0,0,0,0,0,0
1628467,Maxi Kleber,DAL,202404210LAC,"Apr 21, 2024",LAC,3,5,2,6,20.0,25.51,-5.51,2,2,3,0,0,0,0,0,0,0,0,0,0,0,1,1,0,0,0,0,0,0,0,0
203957,Dante Exum,DAL,202404210LAC,"Apr 21, 2024",LAC,3,4,2,5,27.27,30.74,-3.47,3,2,1,0,1,1,0,0,0,0,0,0,0,0,0,0,0,0,0,0,0,0,0,0
1626181,Norman Powell,LAC,202404210LAC,"Apr 21, 2024",DAL,5,6,0,6,35.71,41.67,-5.96,4,2,2,3,0,0,0,0,0,0,0,0,0,0,0,0,0,0,0,0,0,0,0,0
201566,Russell Westbrook,LAC,202404210LAC,"Apr 21, 2024",DAL,13,8,2,9,59.09,73.2,-14.11,4,6,4,6,1,1,0,0,0,0,0,0,0,0,0,0,0,0,0,0,0,0,0,0
203501,Tim Hardaway Jr.,DAL,202404210LAC,"Apr 21, 2024",LAC,6,5,2,6,42.86,51.02,-8.16,3,2,2,3,1,1,0,0,0,0,0,0,0,0,0,0,0,0,0,0,0,0,0,0
203486,Mason Plumlee,LAC,202404210LAC,"Apr 21, 2024",DAL,2,4,0,4,25.0,25.0,0.0,4,2,0,0,0,0,0,0,0,0,0,0,0,0,0,0,0,0,0,0,0,0,0,0
1630182,Josh Green,DAL,202404210LAC,"Apr 21, 2024",LAC,4,0,4,2,100.0,113.64,-13.64,0,0,0,0,2,4,0,0,0,0,0,0,0,0,0,0,0,0,0,0,0,0,0,0
1630702,Jaden Hardy,DAL,202404210LAC,"Apr 21, 2024",LAC,0,1,0,1,0.0,0.0,0.0,0,0,1,0,0,0,0,0,0,0,0,0,0,0,0,0,0,0,0,0,0,0,0,0
203114,Khris Middleton,MIL,202404210MIL,"Apr 21, 2024",IND,23,14,4,16,63.89,72.97,-9.08,10,16,4,3,2,4,0,0,0,0,0,0,0,0,0,0,0,0,0,0,0,0,0,0
1630174,Aaron Nesmith,IND,202404210MIL,"Apr 21, 2024",MIL,7,9,2,10,25.93,35.43,-9.5,2,2,7,3,0,0,0,0,0,0,0,0,0,0,0,0,0,0,0,0,0,0,1,2
beverpa01,P. Beverley,MIL,202404210MIL,"Apr 21, 2024",IND,5,5,0,5,41.67,50.0,-8.33,3,2,2,3,0,0,0,0,0,0,0,0,0,0,0,0,0,0,0,0,0,0,0,0
turnemy01,M. Turner,IND,202404210MIL,"Apr 21, 2024",MIL,17,17,6,20,34.69,43.28,-8.59,8,4,9,9,3,4,0,0,0,0,0,0,0,0,0,0,0,0,0,0,0,0,0,0
203081,Damian Lillard,MIL,202404210MIL,"Apr 21, 2024",IND,35,24,7,26,53.03,64.62,-11.59,12,8,10,15,1,2,1,3,1,3,1,4,0,0,0,0,0,0,0,0,0,0,0,0
1626171,Bobby Portis,MIL,202404210MIL,"Apr 21, 2024",IND,15,15,1,15,45.45,48.58,-3.13,12,12,2,0,0,0,0,0,1,3,0,0,0,0,0,0,0,0,0,0,0,0,0,0
1627783,Pascal Siakam,IND,202404210MIL,"Apr 21, 2024",MIL,36,25,10,29,56.25,61.22,-4.97,19,24,4,3,3,3,0,0,2,4,0,0,0,0,0,0,0,0,0,0,0,0,1,2
201572,Brook Lopez,MIL,202404210MIL,"Apr 21, 2024",IND,11,10,0,10,45.83,55.0,-9.17,6,8,4,3,0,0,0,0,0,0,0,0,0,0,0,0,0,0,0,0,0,0,0,0
1630169,Tyrese Haliburton,IND,202404210MIL,"Apr 21, 2024",MIL,9,7,0,7,52.94,64.29,-11.35,4,6,3,3,0,0,0,0,0,0,0,0,0,0,0,0,0,0,0,0,0,0,0,0
1629614,Andrew Nembhard,IND,202404210MIL,"Apr 21, 2024",MIL,6,6,1,6,40.0,46.58,-6.58,3,0,2,3,0,0,0,0,1,3,0,0,0,0,0,0,0,0,0,0,0,0,0,0
1627736,Malik Beasley,MIL,202404210MIL,"Apr 21, 2024",IND,9,7,0,7,42.86,64.29,-21.43,0,0,7,9,0,0,0,0,0,0,0,0,0,0,0,0,0,0,0,0,0,0,0,0
204456,T.J. McConnell,IND,202404210MIL,"Apr 21, 2024",MIL,10,13,0,13,34.48,38.46,-3.98,10,10,3,0,0,0,0,0,0,0,0,0,0,0,0,0,0,0,0,0,0,0,0,0
1630188,Jalen Smith,IND,202404210MIL,"Apr 21, 2024",MIL,2,2,2,3,28.57,34.72,-6.15,1,0,1,0,1,2,0,0,0,0,0,0,0,0,0,0,0,0,0,0,0,0,0,0
1626192,Pat Connaughton,MIL,202404210MIL,"Apr 21, 2024",IND,6,5,1,5,46.15,55.15,-9.0,3,2,1,0,0,0,0,0,0,0,1,4,0,0,0,0,0,0,0,0,0,0,0,0
1641767,Ben Sheppard,IND,202404210MIL,"Apr 21, 2024",MIL,3,5,0,5,21.43,30.0,-8.57,1,0,4,3,0,0,0,0,0,0,0,0,0,0,0,0,0,0,0,0,0,0,0,0
toppiob01,O. Toppin,IND,202404210MIL,"Apr 21, 2024",MIL,4,6,0,6,25.0,33.33,-8.33,2,4,4,0,0,0,0,0,0,0,0,0,0,0,0,0,0,0,0,0,0,0,0,0
1631260,AJ Green,MIL,202404210MIL,"Apr 21, 2024",IND,0,3,0,3,0.0,0.0,0.0,0,0,3,0,0,0,0,0,0,0,0,0,0,0,0,0,0,0,0,0,0,0,0,0
203109,Jae Crowder,MIL,202404210MIL,"Apr 21, 2024",IND,5,4,0,4,50.0,62.5,-12.5,2,2,2,3,0,0,0,0,0,0,0,0,0,0,0,0,0,0,0,0,0,0,0,0
203926,Doug McDermott,IND,202404210MIL,"Apr 21, 2024",MIL,0,1,0,1,0.0,0.0,0.0,0,0,1,0,0,0,0,0,0,0,0,0,0,0,0,0,0,0,0,0,0,0,0,0
1627742,Brandon Ingram,NOP,202404210OKC,"Apr 21, 2024",OKC,12,17,2,18,31.58,33.56,-1.98,15,10,2,0,1,2,0,0,0,0,0,0,0,0,0,0,0,0,0,0,0,0,0,0
1628983,Shai Gilgeous-Alexander,OKC,202404210OKC,"Apr 21, 2024",NOP,28,24,7,27,48.28,51.7,-3.42,20,20,3,0,3,5,0,0,1,3,0,0,0,0,0,0,0,0,0,0,0,0,0,0
1630581,Josh Giddey,OKC,202404210OKC,"Apr 21, 2024",NOP,2,6,0,6,14.29,16.67,-2.38,4,2,2,0,0,0,0,0,0,0,0,0,0,0,0,0,0,0,0,0,0,0,0,0
1630529,Herbert Jones,NOP,202404210OKC,"Apr 21, 2024",OKC,8,10,2,11,26.67,36.76,-10.09,2,0,8,6,1,2,0,0,0,0,0,0,0,0,0,0,0,0,0,0,0,0,0,0
1631096,Chet Holmgren,OKC,202404210OKC,"Apr 21, 2024",NOP,15,14,2,15,41.67,50.4,-8.73,8,8,6,6,0,0,0,0,0,0,0,0,0,0,0,0,0,0,0,0,0,0,1,1
valanjo01,J. ValanÄiÅ«nas,NOP,202404210OKC,"Apr 21, 2024",OKC,13,9,4,11,59.09,60.41,-1.32,9,10,0,0,2,3,0,0,0,0,0,0,0,0,0,0,0,0,0,0,0,0,0,0
1631119,Jaylin Williams,OKC,202404210OKC,"Apr 21, 2024",NOP,19,18,3,19,43.18,49.17,-5.99,12,12,5,3,1,1,0,0,1,3,0,0,0,0,0,0,0,0,0,0,0,0,0,0
203468,CJ McCollum,NOP,202404210OKC,"Apr 21, 2024",OKC,20,22,0,22,37.74,45.45,-7.71,13,14,9,6,0,0,0,0,0,0,0,0,0,0,0,0,0,0,0,0,0,0,0,0
1630530,Trey Murphy III,NOP,202404210OKC,"Apr 21, 2024",OKC,21,18,0,18,43.75,58.33,-14.58,6,6,12,15,0,0,0,0,0,0,0,0,0,0,0,0,0,0,0,0,0,0,0,0
1629652,Luguentz Dort,NOP,202404210OKC,"Apr 21, 2024",OKC,6,6,0,6,37.5,50.0,-12.5,2,0,4,6,0,0,0,0,0,0,0,0,0,0,0,0,0,0,0,0,0,0,0,0
1630631,Jose Alvarado,NOP,202404210OKC,"Apr 21, 2024",OKC,5,7,0,7,27.78,35.71,-7.93,3,2,4,3,0,0,0,0,0,0,0,0,0,0,0,0,0,0,0,0,0,0,0,0
1626204,Larry Nance Jr.,NOP,202404210OKC,"Apr 21, 2024",OKC,8,6,1,6,61.54,62.11,-0.57,5,6,0,0,0,0,0,0,1,2,0,0,0,0,0,0,0,0,0,0,0,0,0,0
1630198,Isaiah Joe,OKC,202404210OKC,"Apr 21, 2024",NOP,5,5,0,5,38.46,50.0,-11.54,2,2,3,3,0,0,0,0,0,0,0,0,0,0,0,0,0,0,0,0,0,0,0,0
1629026,Kenrich Williams,OKC,202404210OKC,"Apr 21, 2024",NOP,2,3,0,3,25.0,33.33,-8.33,1,2,2,0,0,0,0,0,0,0,0,0,0,0,0,0,0,0,0,0,0,0,0,0
1630230,Naji Marshall,NOP,202404210OKC,"Apr 21, 2024",OKC,5,7,0,7,27.78,35.71,-7.93,3,2,4,3,0,0,0,0,0,0,0,0,0,0,0,0,0,0,0,0,0,0,0,0
1641717,Cason Wallace,OKC,202404210OKC,"Apr 21, 2024",NOP,5,3,0,3,62.5,83.33,-20.83,1,2,2,3,0,0,0,0,0,0,0,0,0,0,0,0,0,0,0,0,0,0,0,0
1630598,Aaron Wiggins,OKC,202404210OKC,"Apr 21, 2024",NOP,6,2,1,2,100.0,122.95,-22.95,0,0,1,3,0,0,0,0,1,3,0,0,0,0,0,0,0,0,0,0,0,0,0,0
203914,Gary Harris,ORL,202404220CLE,"Apr 22, 2024",CLE,14,10,0,10,51.85,70.0,-18.15,3,2,7,12,0,0,0,0,0,0,0,0,0,0,0,0,0,0,0,0,0,0,0,0
1630591,Jalen Suggs,ORL,202404220CLE,"Apr 22, 2024",CLE,9,5,7,8,45.0,55.69,-10.69,1,2,3,0,1,1,0,0,1,3,0,0,0,0,0,0,0,0,0,0,0,0,2,3
1631094,Paolo Banchero,ORL,202404220CLE,"Apr 22, 2024",CLE,21,20,2,21,45.65,50.29,-4.64,16,16,4,3,1,2,0,0,0,0,0,0,0,0,0,0,0,0,0,0,0,0,0,0
1628386,Jarrett Allen,CLE,202404220CLE,"Apr 22, 2024",ORL,16,10,8,14,57.14,59.17,-2.03,10,12,0,0,3,3,0,0,0,0,0,0,0,0,0,0,0,0,0,0,0,0,1,1
1628378,Donovan Mitchell,CLE,202404220CLE,"Apr 22, 2024",ORL,23,22,5,24,38.98,47.52,-8.54,11,12,10,6,2,3,0,0,1,2,0,0,0,0,0,0,0,0,0,0,0,0,0,0
1628371,Jonathan Isaac,ORL,202404220CLE,"Apr 22, 2024",CLE,3,7,0,7,14.29,21.43,-7.14,0,0,7,3,0,0,0,0,0,0,0,0,0,0,0,0,0,0,0,0,0,0,0,0
wagnefr01,F. Wagner,CLE,202404220CLE,"Apr 22, 2024",ORL,18,17,7,21,40.0,44.82,-4.82,13,6,4,6,3,5,0,0,0,0,0,0,0,0,0,0,0,0,0,0,1,1,0,0
1630596,Evan Mobley,CLE,202404220CLE,"Apr 22, 2024",ORL,17,13,9,17,43.59,50.12,-6.53,8,6,4,3,3,3,0,0,1,3,0,0,0,0,0,0,0,0,0,0,0,0,1,2
1629636,Darius Garland,ORL,202404220CLE,"Apr 22, 2024",CLE,15,11,2,12,48.39,63.13,-14.74,4,2,7,12,0,0,0,0,0,0,0,0,0,0,0,0,0,0,0,0,0,0,1,1
1629622,Max Strus,CLE,202404220CLE,"Apr 22, 2024",ORL,7,7,2,8,33.33,44.42,-11.09,2,2,5,3,0,0,0,0,0,0,0,0,0,0,0,0,0,0,0,0,0,0,1,2
1628976,Wendell Carter Jr.,ORL,202404220CLE,"Apr 22, 2024",CLE,6,7,4,9,25.0,34.25,-9.25,1,0,6,3,2,3,0,0,0,0,0,0,0,0,0,0,0,0,0,0,0,0,0,0
1627747,Caris LeVert,CLE,202404220CLE,"Apr 22, 2024",ORL,8,7,0,7,44.44,57.14,-12.7,3,2,4,6,0,0,0,0,0,0,0,0,0,0,0,0,0,0,0,0,0,0,0,0
1627777,Georges Niang,CLE,202404220CLE,"Apr 22, 2024",ORL,0,4,0,4,0.0,0.0,0.0,0,0,4,0,0,0,0,0,0,0,0,0,0,0,0,0,0,0,0,0,0,0,0,0
1630171,Isaac Okoro,CLE,202404220CLE,"Apr 22, 2024",ORL,10,8,0,8,47.62,62.5,-14.88,3,4,5,6,0,0,0,0,0,0,0,0,0,0,0,0,0,0,0,0,0,0,0,0
1628365,Markelle Fultz,ORL,202404220CLE,"Apr 22, 2024",CLE,1,0,2,1,50.0,56.82,-6.82,0,0,0,0,1,1,0,0,0,0,0,0,0,0,0,0,0,0,0,0,0,0,0,0
204060,Joe Ingles,ORL,202404220CLE,"Apr 22, 2024",CLE,2,2,0,2,40.0,50.0,-10.0,1,2,1,0,0,0,0,0,0,0,0,0,0,0,0,0,0,0,0,0,0,0,0,0
1630175,Cole Anthony,ORL,202404220CLE,"Apr 22, 2024",CLE,0,4,0,4,0.0,0.0,0.0,3,0,1,0,0,0,0,0,0,0,0,0,0,0,0,0,0,0,0,0,0,0,0,0
wagnemo01,M. Wagner,CLE,202404220CLE,"Apr 22, 2024",ORL,12,8,4,10,54.55,61.48,-6.93,6,10,2,0,1,1,0,0,0,0,0,0,0,0,0,0,0,0,0,0,0,0,1,1
1628973,Jalen Brunson,NYK,202404220NYK,"Apr 22, 2024",PHI,24,29,9,33,32.88,36.41,-3.53,22,12,6,3,4,6,0,0,1,3,0,0,0,0,0,0,0,0,0,0,0,0,0,0
1628392,Isaiah Hartenstein,NYK,202404220NYK,"Apr 22, 2024",PHI,14,8,0,8,87.5,87.5,0.0,8,14,0,0,0,0,0,0,0,0,0,0,0,0,0,0,0,0,0,0,0,0,0,0
1626162,Kelly Oubre Jr.,PHI,202404220NYK,"Apr 22, 2024",NYK,4,7,0,7,28.57,28.57,0.0,7,4,0,0,0,0,0,0,0,0,0,0,0,0,0,0,0,0,0,0,0,0,0,0
203954,Joel Embiid,PHI,202404220NYK,"Apr 22, 2024",NYK,34,29,12,34,43.04,49.59,-6.55,18,16,9,6,5,6,0,0,2,6,0,0,0,0,0,0,0,0,0,0,0,0,0,0
1628978,Donte DiVincenzo,NYK,202404220NYK,"Apr 22, 2024",PHI,19,10,5,13,57.58,77.87,-20.29,2,2,8,12,1,2,0,0,0,0,0,0,2,3,0,0,0,0,0,0,0,0,0,0
1630178,Tyrese Maxey,PHI,202404220NYK,"Apr 22, 2024",NYK,35,22,6,25,57.38,71.02,-13.64,11,14,11,15,2,4,0,0,0,0,0,0,0,0,0,0,0,0,0,0,0,0,1,2
1628404,Josh Hart,NYK,202404220NYK,"Apr 22, 2024",PHI,21,16,4,18,48.84,59.12,-10.28,9,6,7,12,2,3,0,0,0,0,0,0,0,0,0,0,0,0,0,0,0,0,0,0
202699,Tobias Harris,PHI,202404220NYK,"Apr 22, 2024",NYK,10,11,0,11,37.04,45.45,-8.41,6,4,5,6,0,0,0,0,0,0,0,0,0,0,0,0,0,0,0,0,0,0,0,0
200768,Kyle Lowry,NYK,202404220NYK,"Apr 22, 2024",PHI,8,6,4,8,38.1,51.55,-13.45,1,0,5,6,0,0,0,0,0,0,0,0,0,0,0,0,0,0,0,0,0,0,2,2
1628384,OG Anunoby,NYK,202404220NYK,"Apr 22, 2024",PHI,10,10,2,11,40.0,45.96,-5.96,7,8,3,0,0,0,0,0,0,0,0,0,0,0,0,0,0,0,0,0,0,0,1,2
201587,Nicolas Batum,PHI,202404220NYK,"Apr 22, 2024",NYK,6,5,0,5,42.86,60.0,-17.14,1,0,4,6,0,0,0,0,0,0,0,0,0,0,0,0,0,0,0,0,0,0,0,0
1627741,Buddy Hield,PHI,202404220NYK,"Apr 22, 2024",NYK,2,3,0,3,25.0,33.33,-8.33,1,2,2,0,0,0,0,0,0,0,0,0,0,0,0,0,0,0,0,0,0,0,0,0
1629011,Mitchell Robinson,NYK,202404220NYK,"Apr 22, 2024",PHI,1,0,2,1,50.0,56.82,-6.82,0,0,0,0,0,0,0,0,0,0,0,0,0,0,0,0,0,0,0,0,0,0,1,1
1630540,Miles McBride,NYK,202404220NYK,"Apr 22, 2024",PHI,9,11,1,11,34.62,39.34,-4.72,7,6,3,0,0,0,0,0,1,3,0,0,0,0,0,0,0,0,0,0,0,0,0,0
203992,Bogdan Bogdanović,NYK,202404220NYK,"Apr 22, 2024",PHI,6,7,0,7,30.0,42.86,-12.86,1,0,6,6,0,0,0,0,0,0,0,0,0,0,0,0,0,0,0,0,0,0,0,0
1630194,Paul Reed,PHI,202404220NYK,"Apr 22, 2024",NYK,2,1,0,1,100.0,100.0,0.0,1,2,0,0,0,0,0,0,0,0,0,0,0,0,0,0,0,0,0,0,0,0,0,0
1629008,Michael Porter Jr.,DEN,202404220DEN,"Apr 22, 2024",LAL,22,13,0,13,61.11,84.62,-23.51,3,4,10,18,0,0,0,0,0,0,0,0,0,0,0,0,0,0,0,0,0,0,0,0
1630559,Austin Reaves,LAL,202404220DEN,"Apr 22, 2024",DEN,9,11,0,11,33.33,40.91,-7.58,6,6,5,3,0,0,0,0,0,0,0,0,0,0,0,0,0,0,0,0,0,0,0,0
203999,Nikola Jokić,DEN,202404220DEN,"Apr 22, 2024",LAL,27,16,7,19,62.79,70.75,-7.96,11,12,4,6,3,6,0,0,1,3,0,0,0,0,0,0,0,0,0,0,0,0,0,0
1627750,Jamal Murray,DEN,202404220DEN,"Apr 22, 2024",LAL,20,24,2,25,36.36,40.19,-3.83,19,18,5,0,0,0,0,0,0,0,0,0,0,0,0,0,0,0,0,0,0,0,1,2
2544,LeBron James,LAL,202404220DEN,"Apr 22, 2024",DEN,26,19,7,21,50.98,58.88,-7.9,10,6,6,9,2,4,0,0,3,7,0,0,0,0,0,0,0,0,0,0,0,0,0,0
1626156,D'Angelo Russell,LAL,202404220DEN,"Apr 22, 2024",DEN,23,16,0,16,53.49,71.88,-18.39,5,2,11,21,0,0,0,0,0,0,0,0,0,0,0,0,0,0,0,0,0,0,0,0
203932,Aaron Gordon,DEN,202404220DEN,"Apr 22, 2024",LAL,14,10,4,12,53.85,59.52,-5.67,8,10,2,0,2,4,0,0,0,0,0,0,0,0,0,0,0,0,0,0,0,0,0,0
1629060,Rui Hachimura,LAL,202404220DEN,"Apr 22, 2024",DEN,3,7,2,8,16.67,19.04,-2.37,5,2,2,0,1,1,0,0,0,0,0,0,0,0,0,0,0,0,0,0,0,0,0,0
203076,Anthony Davis,LAL,202404220DEN,"Apr 22, 2024",DEN,32,19,4,20,74.42,77.07,-2.65,16,24,1,0,1,2,0,0,2,6,0,0,0,0,0,0,0,0,0,0,0,0,0,0
203484,Kentavious Caldwell-Pope,DEN,202404220DEN,"Apr 22, 2024",LAL,6,7,2,8,30.0,38.07,-8.07,3,4,4,0,1,2,0,0,0,0,0,0,0,0,0,0,0,0,0,0,0,0,0,0
203915,Spencer Dinwiddie,LAL,202404220DEN,"Apr 22, 2024",DEN,0,1,0,1,0.0,0.0,0.0,1,0,0,0,0,0,0,0,0,0,0,0,0,0,0,0,0,0,0,0,0,0,0,0
202704,Reggie Jackson,DEN,202404220DEN,"Apr 22, 2024",LAL,0,5,0,5,0.0,0.0,0.0,2,0,3,0,0,0,0,0,0,0,0,0,0,0,0,0,0,0,0,0,0,0,0,0
1631212,Peyton Watson,DEN,202404220DEN,"Apr 22, 2024",LAL,2,4,0,4,20.0,25.0,-5.0,2,2,2,0,0,0,0,0,0,0,0,0,0,0,0,0,0,0,0,0,0,0,0,0
1627752,Taurean Prince,LAL,202404220DEN,"Apr 22, 2024",DEN,6,3,0,3,66.67,100.0,-33.33,0,0,3,6,0,0,0,0,0,0,0,0,0,0,0,0,0,0,0,0,0,0,0,0
vincega01,G. Vincent,LAL,202404220DEN,"Apr 22, 2024",DEN,0,2,0,2,0.0,0.0,0.0,0,0,2,0,0,0,0,0,0,0,0,0,0,0,0,0,0,0,0,0,0,0,0,0
1631128,Christian Braun,DEN,202404220DEN,"Apr 22, 2024",LAL,10,8,2,9,47.62,56.31,-8.69,5,10,3,0,1,0,0,0,0,0,0,0,0,0,0,0,0,0,0,0,0,0,0,0
201950,Jrue Holiday,DEN,202404220DEN,"Apr 22, 2024",LAL,0,1,0,1,0.0,0.0,0.0,0,0,1,0,0,0,0,0,0,0,0,0,0,0,0,0,0,0,0,0,0,0,0,0
201142,Kevin Durant,PHX,202404230MIN,"Apr 23, 2024",MIN,18,15,7,18,46.15,49.78,-3.63,12,10,2,0,1,1,0,0,1,3,0,0,0,0,0,0,0,0,0,0,0,0,2,4
townska01,K. Towns,MIN,202404230MIN,"Apr 23, 2024",PHX,12,7,5,9,52.17,65.22,-13.05,2,2,4,3,1,2,0,0,1,3,0,0,0,0,0,0,0,0,0,0,0,0,1,2
1630183,Jaden McDaniels,MIN,202404230MIN,"Apr 23, 2024",PHX,25,17,4,19,59.52,66.63,-7.11,13,16,4,6,2,3,0,0,0,0,0,0,0,0,0,0,0,0,0,0,0,0,0,0
1628960,Grayson Allen,PHX,202404230MIN,"Apr 23, 2024",MIN,3,2,0,2,50.0,75.0,-25.0,0,0,2,3,0,0,0,0,0,0,0,0,0,0,0,0,0,0,0,0,0,0,0,0
1626164,Devin Booker,PHX,202404230MIN,"Apr 23, 2024",MIN,20,13,8,17,50.0,60.53,-10.53,6,8,6,3,2,3,0,0,1,3,0,0,1,1,0,0,0,0,0,0,0,0,1,2
203994,Jusuf Nurkić,PHX,202404230MIN,"Apr 23, 2024",MIN,10,11,2,12,40.0,42.09,-2.09,10,10,1,0,1,0,0,0,0,0,0,0,0,0,0,0,0,0,0,0,0,0,0,0
201144,Mike Conley,MIN,202404230MIN,"Apr 23, 2024",PHX,18,13,1,14,54.55,66.96,-12.41,7,8,6,9,0,0,0,0,0,0,0,0,1,1,0,0,0,0,0,0,0,0,0,0
203497,Rudy Gobert,MIN,202404230MIN,"Apr 23, 2024",PHX,18,8,7,11,78.26,81.23,-2.97,7,10,0,0,3,6,0,0,1,2,0,0,0,0,0,0,0,0,0,0,0,0,0,0
1630162,Anthony Edwards,MIN,202404230MIN,"Apr 23, 2024",PHX,15,12,8,16,39.47,48.32,-8.85,6,2,6,6,3,5,0,0,0,0,0,0,0,0,0,0,0,0,0,0,0,0,1,2
203078,Bradley Beal,PHX,202404230MIN,"Apr 23, 2024",MIN,14,17,0,17,36.84,41.18,-4.34,13,8,4,6,0,0,0,0,0,0,0,0,0,0,0,0,0,0,0,0,0,0,0,0
1629675,Naz Reid,MIN,202404230MIN,"Apr 23, 2024",PHX,5,5,4,7,29.41,36.98,-7.57,2,2,3,0,2,3,0,0,0,0,0,0,0,0,0,0,0,0,0,0,0,0,0,0
1629638,Nickeil Alexander-Walker,MIN,202404230MIN,"Apr 23, 2024",PHX,10,10,1,10,40.0,47.89,-7.89,5,4,4,3,0,0,0,0,1,3,0,0,0,0,0,0,0,0,0,0,0,0,0,0
201569,Eric Gordon,PHX,202404230MIN,"Apr 23, 2024",MIN,15,9,2,10,60.0,75.91,-15.91,4,4,5,9,1,2,0,0,0,0,0,0,0,0,0,0,0,0,0,0,0,0,0,0
1629234,Drew Eubanks,PHX,202404230MIN,"Apr 23, 2024",MIN,8,8,0,8,50.0,50.0,0.0,8,8,0,0,0,0,0,0,0,0,0,0,0,0,0,0,0,0,0,0,0,0,0,0
1628420,Monte Morris,MIN,202404230MIN,"Apr 23, 2024",PHX,2,4,0,4,18.18,25.0,-6.82,1,2,3,0,0,0,0,0,0,0,0,0,0,0,0,0,0,0,0,0,0,0,0,0
littlna01,N. Little,PHX,202404230MIN,"Apr 23, 2024",MIN,5,3,0,3,62.5,83.33,-20.83,1,2,2,3,0,0,0,0,0,0,0,0,0,0,0,0,0,0,0,0,0,0,0,0
1629162,Jordan McLaughlin,MIN,202404230MIN,"Apr 23, 2024",PHX,0,1,0,1,0.0,0.0,0.0,0,0,1,0,0,0,0,0,0,0,0,0,0,0,0,0,0,0,0,0,0,0,0,0
1631111,Wendell Moore Jr.,MIN,202404230MIN,"Apr 23, 2024",PHX,0,1,0,1,0.0,0.0,0.0,0,0,1,0,0,0,0,0,0,0,0,0,0,0,0,0,0,0,0,0,0,0,0,0
201572,Brook Lopez,MIL,202404230MIL,"Apr 23, 2024",IND,22,13,0,13,66.67,84.62,-17.95,6,4,7,18,0,0,0,0,0,0,0,0,0,0,0,0,0,0,0,0,0,0,0,0
1630174,Aaron Nesmith,IND,202404230MIL,"Apr 23, 2024",MIL,11,10,0,10,39.29,55.0,-15.71,2,2,8,9,0,0,0,0,0,0,0,0,0,0,0,0,0,0,0,0,0,0,0,0
1626171,Bobby Portis,MIL,202404230MIL,"Apr 23, 2024",IND,14,16,3,17,37.84,40.42,-2.58,13,10,2,0,1,1,0,0,1,3,0,0,0,0,0,0,0,0,0,0,0,0,0,0
203081,Damian Lillard,MIL,202404230MIL,"Apr 23, 2024",IND,34,21,9,25,53.12,68.11,-14.99,7,6,13,18,2,4,1,2,1,3,0,0,1,1,0,0,0,0,0,0,0,0,0,0
turnemy01,M. Turner,IND,202404230MIL,"Apr 23, 2024",MIL,22,15,1,15,59.46,71.24,-11.78,8,10,6,9,0,0,0,0,1,3,0,0,0,0,0,0,0,0,0,0,0,0,0,0
1630169,Tyrese Haliburton,IND,202404230MIL,"Apr 23, 2024",MIL,12,10,2,11,41.38,55.15,-13.77,3,2,7,9,1,1,0,0,0,0,0,0,0,0,0,0,0,0,0,0,0,0,0,0
1629614,Andrew Nembhard,MIL,202404230MIL,"Apr 23, 2024",IND,20,11,5,13,66.67,75.76,-9.09,7,12,3,3,2,3,0,0,1,2,0,0,0,0,0,0,0,0,0,0,0,0,0,0
1627783,Pascal Siakam,IND,202404230MIL,"Apr 23, 2024",MIL,37,23,3,24,69.81,76.07,-6.26,18,24,4,9,1,2,0,0,1,2,0,0,0,0,0,0,0,0,0,0,0,0,0,0
beverpa01,P. Beverley,IND,202404230MIL,"Apr 23, 2024",MIL,5,5,3,6,33.33,39.56,-6.23,2,0,2,0,1,2,0,0,1,3,0,0,0,0,0,0,0,0,0,0,0,0,0,0
203114,Khris Middleton,MIL,202404230MIL,"Apr 23, 2024",IND,15,14,2,15,45.45,50.4,-4.95,11,10,3,3,1,2,0,0,0,0,0,0,0,0,0,0,0,0,0,0,0,0,0,0
1641767,Ben Sheppard,IND,202404230MIL,"Apr 23, 2024",MIL,8,4,0,4,72.73,100.0,-27.27,1,2,3,6,0,0,0,0,0,0,0,0,0,0,0,0,0,0,0,0,0,0,0,0
toppiob01,O. Toppin,IND,202404230MIL,"Apr 23, 2024",MIL,9,11,1,11,32.14,39.34,-7.2,5,4,5,3,0,0,0,0,1,2,0,0,0,0,0,0,0,0,0,0,0,0,0,0
1627736,Malik Beasley,MIL,202404230MIL,"Apr 23, 2024",IND,4,4,0,4,44.44,50.0,-5.56,3,4,1,0,0,0,0,0,0,0,0,0,0,0,0,0,0,0,0,0,0,0,0,0
203109,Jae Crowder,MIL,202404230MIL,"Apr 23, 2024",IND,2,3,2,4,20.0,25.77,-5.77,1,0,2,0,1,2,0,0,0,0,0,0,0,0,0,0,0,0,0,0,0,0,0,0
204456,T.J. McConnell,IND,202404230MIL,"Apr 23, 2024",MIL,6,6,2,7,42.86,43.6,-0.74,6,4,0,0,0,0,0,0,0,0,0,0,0,0,0,0,0,0,0,0,0,0,1,2
1626192,Pat Connaughton,MIL,202404230MIL,"Apr 23, 2024",IND,5,3,1,3,62.5,72.67,-10.17,1,2,1,0,0,0,0,0,1,3,0,0,0,0,0,0,0,0,0,0,0,0,0,0
1631260,AJ Green,MIL,202404230MIL,"Apr 23, 2024",IND,5,4,1,4,50.0,56.31,-6.31,2,2,1,0,0,0,0,0,1,3,0,0,0,0,0,0,0,0,0,0,0,0,0,0
1641748,Andre Jackson Jr.,MIL,202404230MIL,"Apr 23, 2024",IND,2,2,0,2,50.0,50.0,0.0,2,2,0,0,0,0,0,0,0,0,0,0,0,0,0,0,0,0,0,0,0,0,0,0
1630699,MarJon Beauchamp,MIL,202404230MIL,"Apr 23, 2024",IND,0,1,0,1,0.0,0.0,0.0,1,0,0,0,0,0,0,0,0,0,0,0,0,0,0,0,0,0,0,0,0,0,0,0
1629611,Terance Mann,LAC,202404230LAC,"Apr 23, 2024",DAL,5,7,0,7,29.41,35.71,-6.3,4,2,3,3,0,0,0,0,0,0,0,0,0,0,0,0,0,0,0,0,0,0,0,0
1627884,Derrick Jones Jr.,DAL,202404230LAC,"Apr 23, 2024",LAC,10,6,4,8,58.82,64.43,-5.61,5,8,1,0,1,1,0,0,0,0,0,0,0,0,0,0,0,0,0,0,0,0,1,1
1629655,Daniel Gafford,DAL,202404230LAC,"Apr 23, 2024",LAC,0,3,0,3,0.0,0.0,0.0,3,0,0,0,0,0,0,0,0,0,0,0,0,0,0,0,0,0,0,0,0,0,0,0
202331,Paul George,LAC,202404230LAC,"Apr 23, 2024",DAL,22,14,6,17,56.41,66.11,-9.7,9,10,5,6,1,2,0,0,0,0,0,0,0,0,0,0,0,0,0,0,0,0,2,4
202681,Kyrie Irving,DAL,202404230LAC,"Apr 23, 2024",LAC,23,18,4,20,47.92,58.2,-10.28,10,8,8,12,0,0,0,0,0,0,0,0,0,0,0,0,0,0,0,0,0,0,2,3
1627826,Ivica Zubac,LAC,202404230LAC,"Apr 23, 2024",DAL,13,12,5,15,44.83,45.77,-0.94,12,10,0,0,2,2,0,0,0,0,0,0,0,0,0,0,0,0,0,0,0,0,1,1
1629023,P.J. Washington,DAL,202404230LAC,"Apr 23, 2024",LAC,18,10,7,13,58.06,68.81,-10.75,6,4,4,9,1,2,1,1,0,0,0,0,0,0,0,0,0,0,0,0,0,0,1,2
1629029,Luka Dončić,DAL,202404230LAC,"Apr 23, 2024",LAC,32,26,6,29,44.44,55.87,-11.43,12,12,14,15,3,5,0,0,0,0,0,0,0,0,0,0,0,0,0,0,0,0,0,0
202695,Kawhi Leonard,LAC,202404230LAC,"Apr 23, 2024",DAL,15,17,2,18,36.59,41.95,-5.36,12,14,5,0,1,1,0,0,0,0,0,0,0,0,0,0,0,0,0,0,0,0,0,0
203486,Mason Plumlee,LAC,202404230LAC,"Apr 23, 2024",DAL,1,3,2,4,12.5,12.89,-0.39,3,0,0,0,1,1,0,0,0,0,0,0,0,0,0,0,0,0,0,0,0,0,0,0
201935,James Harden,LAC,202404230LAC,"Apr 23, 2024",DAL,22,14,9,18,46.81,61.25,-14.44,3,6,10,6,2,3,1,3,1,3,0,0,1,1,0,0,0,0,0,0,0,0,0,0
1641726,Dereck Lively II,DAL,202404230LAC,"Apr 23, 2024",LAC,7,5,6,8,43.75,45.81,-2.06,5,4,0,0,3,3,0,0,0,0,0,0,0,0,0,0,0,0,0,0,0,0,0,0
1628467,Maxi Kleber,DAL,202404230LAC,"Apr 23, 2024",LAC,6,4,0,4,54.55,75.0,-20.45,1,0,3,6,0,0,0,0,0,0,0,0,0,0,0,0,0,0,0,0,0,0,0,0
1630182,Josh Green,DAL,202404230LAC,"Apr 23, 2024",LAC,0,2,0,2,0.0,0.0,0.0,0,0,2,0,0,0,0,0,0,0,0,0,0,0,0,0,0,0,0,0,0,0,0,0
203957,Dante Exum,DAL,202404230LAC,"Apr 23, 2024",LAC,0,1,0,1,0.0,0.0,0.0,1,0,0,0,0,0,0,0,0,0,0,0,0,0,0,0,0,0,0,0,0,0,0,0
1626181,Norman Powell,LAC,202404230LAC,"Apr 23, 2024",DAL,6,10,0,10,25.0,30.0,-5.0,6,0,4,6,0,0,0,0,0,0,0,0,0,0,0,0,0,0,0,0,0,0,0,0
201566,Russell Westbrook,LAC,202404230LAC,"Apr 23, 2024",DAL,7,9,2,10,30.43,35.43,-5.0,6,2,3,3,1,2,0,0,0,0,0,0,0,0,0,0,0,0,0,0,0,0,0,0
1629599,Amir Coffey,LAC,202404230LAC,"Apr 23, 2024",DAL,2,1,0,1,100.0,100.0,0.0,1,2,0,0,0,0,0,0,0,0,0,0,0,0,0,0,0,0,0,0,0,0,0,0
203501,Tim Hardaway Jr.,DAL,202404230LAC,"Apr 23, 2024",LAC,0,1,0,1,0.0,0.0,0.0,0,0,1,0,0,0,0,0,0,0,0,0,0,0,0,0,0,0,0,0,0,0,0,0
201950,Jrue Holiday,BOS,202404240BOS,"Apr 24, 2024",MIA,9,12,0,12,32.14,37.5,-5.36,8,6,4,3,0,0,0,0,0,0,0,0,0,0,0,0,0,0,0,0,0,0,0,0
1631107,Nikola Jović,MIA,202404240BOS,"Apr 24, 2024",BOS,11,5,0,5,78.57,110.0,-31.43,1,2,4,9,0,0,0,0,0,0,0,0,0,0,0,0,0,0,0,0,0,0,0,0
1628997,Caleb Martin,MIA,202404240BOS,"Apr 24, 2024",BOS,21,12,2,13,65.62,81.52,-15.9,6,4,6,15,1,2,0,0,0,0,0,0,0,0,0,0,0,0,0,0,0,0,0,0
204001,Kristaps Porziņģis,BOS,202404240BOS,"Apr 24, 2024",MIA,6,9,4,11,23.08,27.88,-4.8,5,2,4,0,0,0,0,0,0,0,0,0,0,0,0,0,0,0,0,0,0,0,2,4
1628401,Derrick White,BOS,202404240BOS,"Apr 24, 2024",MIA,13,8,1,8,61.9,77.01,-15.11,3,4,4,6,0,0,0,0,1,3,0,0,0,0,0,0,0,0,0,0,0,0,0,0
1627759,Jaylen Brown,BOS,202404240BOS,"Apr 24, 2024",MIA,33,23,6,26,54.1,64.35,-10.25,14,18,9,12,2,2,0,0,0,0,0,0,0,0,0,0,0,0,0,0,0,0,1,1
1628389,Bam Adebayo,MIA,202404240BOS,"Apr 24, 2024",BOS,21,13,6,16,63.64,67.14,-3.5,12,18,1,0,3,3,0,0,0,0,0,0,0,0,0,0,0,0,0,0,0,0,0,0
1628369,Jayson Tatum,BOS,202404240BOS,"Apr 24, 2024",MIA,28,20,8,24,51.85,59.52,-7.67,14,16,6,6,4,6,0,0,0,0,0,0,0,0,0,0,0,0,0,0,0,0,0,0
1629639,Tyler Herro,BOS,202404240BOS,"Apr 24, 2024",MIA,24,13,4,15,58.54,81.3,-22.76,2,2,11,18,0,0,0,0,0,0,0,0,0,0,0,0,0,0,0,0,0,0,2,4
1631170,Jaime Jaquez Jr.,MIA,202404240BOS,"Apr 24, 2024",BOS,14,13,4,15,38.89,47.43,-8.54,7,2,6,9,2,3,0,0,0,0,0,0,0,0,0,0,0,0,0,0,0,0,0,0
201143,Al Horford,BOS,202404240BOS,"Apr 24, 2024",MIA,6,3,2,4,66.67,77.32,-10.65,2,2,1,3,0,0,0,0,0,0,0,0,0,0,0,0,0,0,0,0,0,0,1,1
1629312,Haywood Highsmith,MIA,202404240BOS,"Apr 24, 2024",BOS,9,6,0,6,52.94,75.0,-22.06,1,0,5,9,0,0,0,0,0,0,0,0,0,0,0,0,0,0,0,0,0,0,0,0
1629130,Duncan Robinson,MIA,202404240BOS,"Apr 24, 2024",BOS,6,8,0,8,26.09,37.5,-11.41,1,0,7,6,0,0,0,0,0,0,0,0,0,0,0,0,0,0,0,0,0,0,0,0
201567,Kevin Love,MIA,202404240BOS,"Apr 24, 2024",BOS,0,1,0,1,0.0,0.0,0.0,1,0,0,0,0,0,0,0,0,0,0,0,0,0,0,0,0,0,0,0,0,0,0,0
1626153,Delon Wright,MIA,202404240BOS,"Apr 24, 2024",BOS,5,4,2,5,38.46,51.23,-12.77,1,0,3,3,0,0,0,0,0,0,0,0,0,0,0,0,0,0,0,0,0,0,1,2
1630573,Sam Hauser,BOS,202404240BOS,"Apr 24, 2024",MIA,6,5,0,5,42.86,60.0,-17.14,1,0,4,6,0,0,0,0,0,0,0,0,0,0,0,0,0,0,0,0,0,0,0,0
valanjo01,J. ValanÄiÅ«nas,NOP,202404240OKC,"Apr 24, 2024",OKC,19,14,3,16,61.29,62.01,-0.72,14,16,0,0,1,2,0,0,0,0,0,0,0,0,0,0,0,0,0,0,0,0,1,1
1631114,Jalen Williams,NOP,202404240OKC,"Apr 24, 2024",OKC,21,17,0,17,56.76,61.76,-5.0,14,18,3,3,0,0,0,0,0,0,0,0,0,0,0,0,0,0,0,0,0,0,0,0
1629652,Luguentz Dort,OKC,202404240OKC,"Apr 24, 2024",NOP,15,8,4,10,57.69,76.84,-19.15,2,0,6,12,1,1,0,0,0,0,0,0,0,0,0,0,0,0,0,0,0,0,1,2
1627742,Brandon Ingram,NOP,202404240OKC,"Apr 24, 2024",OKC,18,10,8,14,64.29,66.57,-2.28,10,10,0,0,4,8,0,0,0,0,0,0,0,0,0,0,0,0,0,0,0,0,0,0
1631096,Chet Holmgren,OKC,202404240OKC,"Apr 24, 2024",NOP,26,13,6,16,68.42,83.12,-14.7,7,12,6,9,3,5,0,0,0,0,0,0,0,0,0,0,0,0,0,0,0,0,0,0
1630530,Trey Murphy III,OKC,202404240OKC,"Apr 24, 2024",NOP,8,8,0,8,36.36,50.0,-13.64,2,2,6,6,0,0,0,0,0,0,0,0,0,0,0,0,0,0,0,0,0,0,0,0
1628983,Shai Gilgeous-Alexander,OKC,202404240OKC,"Apr 24, 2024",NOP,33,19,4,22,70.21,79.48,-9.27,14,20,5,9,1,2,0,0,0,0,0,0,2,2,0,0,0,0,0,0,0,0,0,0
203468,CJ McCollum,NOP,202404240OKC,"Apr 24, 2024",OKC,15,14,2,15,42.86,50.4,-7.54,9,10,5,3,1,2,0,0,0,0,0,0,0,0,0,0,0,0,0,0,0,0,0,0
1630529,Herbert Jones,NOP,202404240OKC,"Apr 24, 2024",OKC,18,9,2,10,66.67,91.09,-24.42,2,4,7,12,1,2,0,0,0,0,0,0,0,0,0,0,0,0,0,0,0,0,0,0
1630581,Josh Giddey,OKC,202404240OKC,"Apr 24, 2024",NOP,13,9,4,11,52.0,60.41,-8.41,6,6,3,3,2,4,0,0,0,0,0,0,0,0,0,0,0,0,0,0,0,0,0,0
1630631,Jose Alvarado,NOP,202404240OKC,"Apr 24, 2024",OKC,0,5,0,5,0.0,0.0,0.0,2,0,3,0,0,0,0,0,0,0,0,0,0,0,0,0,0,0,0,0,0,0,0,0
1626204,Larry Nance Jr.,NOP,202404240OKC,"Apr 24, 2024",OKC,2,1,0,1,100.0,100.0,0.0,1,2,0,0,0,0,0,0,0,0,0,0,0,0,0,0,0,0,0,0,0,0,0,0
1630198,Isaiah Joe,OKC,202404240OKC,"Apr 24, 2024",NOP,8,4,0,4,80.0,100.0,-20.0,2,2,2,6,0,0,0,0,0,0,0,0,0,0,0,0,0,0,0,0,0,0,0,0
haywago01,G. Hayward,OKC,202404240OKC,"Apr 24, 2024",NOP,0,1,0,1,0.0,0.0,0.0,1,0,0,0,0,0,0,0,0,0,0,0,0,0,0,0,0,0,0,0,0,0,0,0
1641717,Cason Wallace,OKC,202404240OKC,"Apr 24, 2024",NOP,2,2,0,2,40.0,50.0,-10.0,1,2,1,0,0,0,0,0,0,0,0,0,0,0,0,0,0,0,0,0,0,0,0,0
1630230,Naji Marshall,NOP,202404240OKC,"Apr 24, 2024",OKC,10,6,4,8,55.56,64.43,-8.87,4,6,2,0,2,4,0,0,0,0,0,0,0,0,0,0,0,0,0,0,0,0,0,0
1630598,Aaron Wiggins,OKC,202404240OKC,"Apr 24, 2024",NOP,6,2,2,3,100.0,104.17,-4.17,2,4,0,0,1,2,0,0,0,0,0,0,0,0,0,0,0,0,0,0,0,0,0,0
1630700,Dyson Daniels,NOP,202404240OKC,"Apr 24, 2024",OKC,0,2,0,2,0.0,0.0,0.0,1,0,1,0,0,0,0,0,0,0,0,0,0,0,0,0,0,0,0,0,0,0,0,0
1641722,Jordan Hawkins,NOP,202404240OKC,"Apr 24, 2024",OKC,0,2,0,2,0.0,0.0,0.0,0,0,2,0,0,0,0,0,0,0,0,0,0,0,0,0,0,0,0,0,0,0,0,0
1630526,Jeremiah Robinson-Earl,NOP,202404240OKC,"Apr 24, 2024",OKC,2,2,2,3,33.33,34.72,-1.39,2,2,0,0,0,0,0,0,0,0,0,0,0,0,0,0,0,0,0,0,0,0,1,0
1629026,Kenrich Williams,OKC,202404240OKC,"Apr 24, 2024",NOP,0,1,0,1,0.0,0.0,0.0,0,0,1,0,0,0,0,0,0,0,0,0,0,0,0,0,0,0,0,0,0,0,0,0
1630322,Lindy Waters III,OKC,202404240OKC,"Apr 24, 2024",NOP,0,1,0,1,0.0,0.0,0.0,0,0,1,0,0,0,0,0,0,0,0,0,0,0,0,0,0,0,0,0,0,0,0,0
1631094,Paolo Banchero,ORL,202404250ORL,"Apr 25, 2024",CLE,31,26,2,27,49.21,57.66,-8.45,17,18,9,12,1,1,0,0,0,0,0,0,0,0,0,0,0,0,0,0,0,0,0,0
1629636,Darius Garland,CLE,202404250ORL,"Apr 25, 2024",ORL,5,10,0,10,20.83,25.0,-4.17,6,2,4,3,0,0,0,0,0,0,0,0,0,0,0,0,0,0,0,0,0,0,0,0
203914,Gary Harris,ORL,202404250ORL,"Apr 25, 2024",CLE,2,3,2,4,18.18,25.77,-7.59,0,0,3,0,0,0,0,0,0,0,0,0,0,0,0,0,0,0,0,0,0,0,1,2
1628976,Wendell Carter Jr.,ORL,202404250ORL,"Apr 25, 2024",CLE,2,4,0,4,22.22,25.0,-2.78,3,2,1,0,0,0,0,0,0,0,0,0,0,0,0,0,0,0,0,0,0,0,0,0
1628378,Donovan Mitchell,CLE,202404250ORL,"Apr 25, 2024",ORL,13,16,1,16,33.33,39.54,-6.21,9,8,6,3,0,0,0,0,1,2,0,0,0,0,0,0,0,0,0,0,0,0,0,0
1628386,Jarrett Allen,CLE,202404250ORL,"Apr 25, 2024",ORL,15,6,5,8,88.24,91.46,-3.22,5,8,0,0,2,4,0,0,1,3,0,0,0,0,0,0,0,0,0,0,0,0,0,0
wagnefr01,F. Wagner,CLE,202404250ORL,"Apr 25, 2024",ORL,16,12,3,13,50.0,60.06,-10.06,6,8,5,3,1,2,0,0,1,3,0,0,0,0,0,0,0,0,0,0,0,0,0,0
1630596,Evan Mobley,CLE,202404250ORL,"Apr 25, 2024",ORL,10,9,2,10,43.48,50.61,-7.13,6,8,3,0,1,2,0,0,0,0,0,0,0,0,0,0,0,0,0,0,0,0,0,0
1629622,Max Strus,CLE,202404250ORL,"Apr 25, 2024",ORL,4,6,0,6,25.0,33.33,-8.33,2,4,4,0,0,0,0,0,0,0,0,0,0,0,0,0,0,0,0,0,0,0,0,0
1630591,Jalen Suggs,ORL,202404250ORL,"Apr 25, 2024",CLE,24,11,3,12,80.0,97.4,-17.4,5,10,5,9,1,2,0,0,1,3,0,0,0,0,0,0,0,0,0,0,0,0,0,0
1627747,Caris LeVert,CLE,202404250ORL,"Apr 25, 2024",ORL,15,13,5,15,41.67,49.34,-7.67,7,6,5,3,1,2,0,0,1,2,0,0,0,0,0,0,0,0,0,0,0,0,1,2
1627777,Georges Niang,CLE,202404250ORL,"Apr 25, 2024",ORL,7,8,0,8,38.89,43.75,-4.86,6,4,2,3,0,0,0,0,0,0,0,0,0,0,0,0,0,0,0,0,0,0,0,0
1630171,Isaac Okoro,CLE,202404250ORL,"Apr 25, 2024",ORL,0,3,0,3,0.0,0.0,0.0,1,0,2,0,0,0,0,0,0,0,0,0,0,0,0,0,0,0,0,0,0,0,0,0
1628365,Markelle Fultz,ORL,202404250ORL,"Apr 25, 2024",CLE,11,6,4,8,68.75,70.88,-2.13,6,8,0,0,2,3,0,0,0,0,0,0,0,0,0,0,0,0,0,0,0,0,0,0
wagnemo01,M. Wagner,ORL,202404250ORL,"Apr 25, 2024",CLE,2,5,0,5,18.18,20.0,-1.82,4,2,1,0,0,0,0,0,0,0,0,0,0,0,0,0,0,0,0,0,0,0,0,0
1628371,Jonathan Isaac,ORL,202404250ORL,"Apr 25, 2024",CLE,8,5,0,5,57.14,80.0,-22.86,1,2,4,6,0,0,0,0,0,0,0,0,0,0,0,0,0,0,0,0,0,0,0,0
1630175,Cole Anthony,ORL,202404250ORL,"Apr 25, 2024",CLE,10,7,1,8,55.56,67.2,-11.64,4,6,3,3,0,0,0,0,0,0,0,0,1,1,0,0,0,0,0,0,0,0,0,0
1630241,Sam Merrill,CLE,202404250ORL,"Apr 25, 2024",ORL,9,4,0,4,75.0,112.5,-37.5,0,0,4,9,0,0,0,0,0,0,0,0,0,0,0,0,0,0,0,0,0,0,0,0
202684,Tristan Thompson,CLE,202404250ORL,"Apr 25, 2024",ORL,0,1,0,1,0.0,0.0,0.0,1,0,0,0,0,0,0,0,0,0,0,0,0,0,0,0,0,0,0,0,0,0,0,0
1628420,Monte Morris,CLE,202404250ORL,"Apr 25, 2024",ORL,5,6,0,6,31.25,41.67,-10.42,2,2,4,3,0,0,0,0,0,0,0,0,0,0,0,0,0,0,0,0,0,0,0,0
204060,Joe Ingles,ORL,202404250ORL,"Apr 25, 2024",CLE,0,1,0,1,0.0,0.0,0.0,0,0,1,0,0,0,0,0,0,0,0,0,0,0,0,0,0,0,0,0,0,0,0,0
1631216,Caleb Houstan,ORL,202404250ORL,"Apr 25, 2024",CLE,3,1,0,1,100.0,150.0,-50.0,0,0,1,3,0,0,0,0,0,0,0,0,0,0,0,0,0,0,0,0,0,0,0,0
1641710,Anthony Black,ORL,202404250ORL,"Apr 25, 2024",CLE,4,5,0,5,33.33,40.0,-6.67,3,4,2,0,0,0,0,0,0,0,0,0,0,0,0,0,0,0,0,0,0,0,0,0
1629048,Goga Bitadze,ORL,202404250ORL,"Apr 25, 2024",CLE,0,2,0,2,0.0,0.0,0.0,2,0,0,0,0,0,0,0,0,0,0,0,0,0,0,0,0,0,0,0,0,0,0,0
1641724,Jett Howard,ORL,202404250ORL,"Apr 25, 2024",CLE,5,2,0,2,100.0,125.0,-25.0,1,2,1,3,0,0,0,0,0,0,0,0,0,0,0,0,0,0,0,0,0,0,0,0
1629643,Chuma Okeke,ORL,202404250ORL,"Apr 25, 2024",CLE,3,2,1,2,50.0,61.48,-11.48,0,0,1,0,0,0,0,0,1,3,0,0,0,0,0,0,0,0,0,0,0,0,0,0
203954,Joel Embiid,PHI,202404250PHI,"Apr 25, 2024",NYK,50,19,21,29,75.76,88.53,-12.77,12,16,7,15,6,11,1,3,0,0,0,0,0,0,0,0,0,0,0,0,0,0,3,5
1628973,Jalen Brunson,NYK,202404250PHI,"Apr 25, 2024",PHI,39,27,12,32,53.42,60.41,-6.99,18,16,7,9,4,7,0,0,2,5,0,0,0,0,0,0,0,0,0,0,0,0,1,2
1630178,Tyrese Maxey,PHI,202404250PHI,"Apr 25, 2024",NYK,25,21,4,23,46.3,54.92,-8.62,13,12,8,9,1,2,0,0,0,0,0,0,0,0,0,0,0,0,0,0,0,0,1,2
202699,Tobias Harris,PHI,202404250PHI,"Apr 25, 2024",NYK,8,10,0,10,36.36,40.0,-3.64,8,8,2,0,0,0,0,0,0,0,0,0,0,0,0,0,0,0,0,0,0,0,0,0
1628384,OG Anunoby,NYK,202404250PHI,"Apr 25, 2024",PHI,17,11,0,11,65.38,77.27,-11.89,7,8,4,9,0,0,0,0,0,0,0,0,0,0,0,0,0,0,0,0,0,0,0,0
1628392,Isaiah Hartenstein,PHI,202404250PHI,"Apr 25, 2024",NYK,14,12,0,12,56.0,58.33,-2.33,11,14,1,0,0,0,0,0,0,0,0,0,0,0,0,0,0,0,0,0,0,0,0,0
1628978,Donte DiVincenzo,NYK,202404250PHI,"Apr 25, 2024",PHI,5,7,2,8,26.32,31.73,-5.41,4,4,3,0,0,0,0,0,0,0,0,0,0,0,1,1,0,0,0,0,0,0,0,0
1628404,Josh Hart,NYK,202404250PHI,"Apr 25, 2024",PHI,20,16,0,16,50.0,62.5,-12.5,8,8,8,12,0,0,0,0,0,0,0,0,0,0,0,0,0,0,0,0,0,0,0,0
1626162,Kelly Oubre Jr.,PHI,202404250PHI,"Apr 25, 2024",NYK,15,8,2,9,68.18,84.46,-16.28,4,8,4,6,1,1,0,0,0,0,0,0,0,0,0,0,0,0,0,0,0,0,0,0
200768,Kyle Lowry,PHI,202404250PHI,"Apr 25, 2024",NYK,9,5,2,6,60.0,76.53,-16.53,2,4,3,3,0,0,0,0,0,0,0,0,0,0,0,0,0,0,0,0,0,0,1,2
1629011,Mitchell Robinson,NYK,202404250PHI,"Apr 25, 2024",PHI,2,3,2,4,25.0,25.77,-0.77,3,2,0,0,0,0,0,0,0,0,0,0,0,0,1,0,0,0,0,0,0,0,0,0
201587,Nicolas Batum,PHI,202404250PHI,"Apr 25, 2024",NYK,4,2,2,3,50.0,69.44,-19.44,0,0,2,3,0,0,0,0,0,0,0,0,0,0,0,0,0,0,0,0,0,0,1,1
1627741,Buddy Hield,PHI,202404250PHI,"Apr 25, 2024",NYK,0,2,0,2,0.0,0.0,0.0,1,0,1,0,0,0,0,0,0,0,0,0,0,0,0,0,0,0,0,0,0,0,0,0
1630540,Miles McBride,NYK,202404250PHI,"Apr 25, 2024",PHI,8,7,0,7,44.44,57.14,-12.7,3,2,4,6,0,0,0,0,0,0,0,0,0,0,0,0,0,0,0,0,0,0,0,0
1630194,Paul Reed,PHI,202404250PHI,"Apr 25, 2024",NYK,3,1,2,2,75.0,79.79,-4.79,1,2,0,0,1,1,0,0,0,0,0,0,0,0,0,0,0,0,0,0,0,0,0,0
203992,Bogdan Bogdanović,NYK,202404250PHI,"Apr 25, 2024",PHI,5,5,3,6,31.25,39.56,-8.31,2,0,3,3,0,0,1,2,0,0,0,0,0,0,0,0,0,0,0,0,0,0,0,0
1626166,Cameron Payne,PHI,202404250PHI,"Apr 25, 2024",NYK,11,7,0,7,61.11,78.57,-17.46,3,2,4,9,0,0,0,0,0,0,0,0,0,0,0,0,0,0,0,0,0,0,0,0
1630173,Precious Achiuwa,NYK,202404250PHI,"Apr 25, 2024",PHI,4,2,0,2,100.0,100.0,0.0,2,4,0,0,0,0,0,0,0,0,0,0,0,0,0,0,0,0,0,0,0,0,0,0
203076,Anthony Davis,LAL,202404250LAL,"Apr 25, 2024",DEN,33,23,7,26,62.26,63.27,-1.01,22,26,0,0,3,5,0,0,1,2,0,0,0,0,0,0,0,0,0,0,0,0,0,0
1627750,Jamal Murray,DEN,202404250LAL,"Apr 25, 2024",LAL,22,21,6,24,40.74,46.53,-5.79,15,14,6,3,3,5,0,0,0,0,0,0,0,0,0,0,0,0,0,0,0,0,0,0
203932,Aaron Gordon,DEN,202404250LAL,"Apr 25, 2024",LAL,29,18,6,21,67.44,70.25,-2.81,17,24,1,0,0,0,0,0,0,0,0,0,0,0,0,0,0,0,0,0,0,0,3,5
203999,Nikola Jokić,DEN,202404250LAL,"Apr 25, 2024",LAL,24,13,7,15,70.59,74.63,-4.04,9,12,1,0,2,3,0,0,3,9,0,0,0,0,0,0,0,0,0,0,0,0,0,0
1630559,Austin Reaves,LAL,202404250LAL,"Apr 25, 2024",DEN,22,17,4,19,51.16,58.64,-7.48,12,12,5,6,1,2,0,0,0,0,0,0,0,0,0,0,0,0,0,0,0,0,1,2
2544,LeBron James,LAL,202404250LAL,"Apr 25, 2024",DEN,26,20,2,21,54.17,62.26,-8.09,14,22,6,3,1,1,0,0,0,0,0,0,0,0,0,0,0,0,0,0,0,0,0,0
203484,Kentavious Caldwell-Pope,DEN,202404250LAL,"Apr 25, 2024",LAL,5,7,0,7,26.32,35.71,-9.39,2,2,5,3,0,0,0,0,0,0,0,0,0,0,0,0,0,0,0,0,0,0,0,0
1629060,Rui Hachimura,LAL,202404250LAL,"Apr 25, 2024",DEN,5,4,2,5,41.67,51.23,-9.56,2,2,2,3,1,0,0,0,0,0,0,0,0,0,0,0,0,0,0,0,0,0,0,0
1629008,Michael Porter Jr.,DEN,202404250LAL,"Apr 25, 2024",LAL,20,16,2,17,50.0,59.24,-9.24,10,12,6,6,1,2,0,0,0,0,0,0,0,0,0,0,0,0,0,0,0,0,0,0
1626156,D'Angelo Russell,LAL,202404250LAL,"Apr 25, 2024",DEN,0,7,0,7,0.0,0.0,0.0,1,0,6,0,0,0,0,0,0,0,0,0,0,0,0,0,0,0,0,0,0,0,0,0
vincega01,G. Vincent,LAL,202404250LAL,"Apr 25, 2024",DEN,4,4,0,4,44.44,50.0,-5.56,3,4,1,0,0,0,0,0,0,0,0,0,0,0,0,0,0,0,0,0,0,0,0,0
202704,Reggie Jackson,DEN,202404250LAL,"Apr 25, 2024",LAL,5,3,0,3,62.5,83.33,-20.83,1,2,2,3,0,0,0,0,0,0,0,0,0,0,0,0,0,0,0,0,0,0,0,0
203915,Spencer Dinwiddie,LAL,202404250LAL,"Apr 25, 2024",DEN,8,8,2,9,38.1,45.05,-6.95,5,6,3,0,1,2,0,0,0,0,0,0,0,0,0,0,0,0,0,0,0,0,0,0
1631128,Christian Braun,DEN,202404250LAL,"Apr 25, 2024",LAL,5,5,1,5,38.46,45.96,-7.5,2,2,2,0,0,0,0,0,1,3,0,0,0,0,0,0,0,0,0,0,0,0,0,0
1631212,Peyton Watson,DEN,202404250LAL,"Apr 25, 2024",LAL,2,3,0,3,28.57,33.33,-4.76,2,2,1,0,0,0,0,0,0,0,0,0,0,0,0,0,0,0,0,0,0,0,0,0
1627752,Taurean Prince,LAL,202404250LAL,"Apr 25, 2024",DEN,7,7,0,7,38.89,50.0,-11.11,3,4,4,3,0,0,0,0,0,0,0,0,0,0,0,0,0,0,0,0,0,0,0,0
201950,Jrue Holiday,DEN,202404250LAL,"Apr 25, 2024",LAL,0,4,0,4,0.0,0.0,0.0,0,0,4,0,0,0,0,0,0,0,0,0,0,0,0,0,0,0,0,0,0,0,0,0
203081,Damian Lillard,MIL,202404260IND,"Apr 26, 2024",IND,28,20,12,25,43.75,55.38,-11.63,8,4,12,12,3,6,2,6,0,0,0,0,0,0,0,0,0,0,0,0,0,0,0,0
1630174,Aaron Nesmith,IND,202404260IND,"Apr 26, 2024",MIL,13,13,7,16,32.5,40.42,-7.92,6,4,7,3,1,1,1,3,0,0,0,0,0,0,0,0,0,0,0,0,0,0,1,2
turnemy01,M. Turner,IND,202404260IND,"Apr 26, 2024",MIL,29,21,6,24,50.0,61.34,-11.34,11,12,10,12,3,5,0,0,0,0,0,0,0,0,0,0,0,0,0,0,0,0,0,0
1630169,Tyrese Haliburton,MIL,202404260IND,"Apr 26, 2024",IND,18,22,1,22,31.58,40.11,-8.53,9,12,12,3,0,0,0,0,1,3,0,0,0,0,0,0,0,0,0,0,0,0,0,0
beverpa01,P. Beverley,MIL,202404260IND,"Apr 26, 2024",IND,11,5,5,7,68.75,76.39,-7.64,4,4,1,3,1,2,1,2,0,0,0,0,0,0,0,0,0,0,0,0,0,0,0,0
203114,Khris Middleton,MIL,202404260IND,"Apr 26, 2024",IND,42,29,6,32,57.53,66.37,-8.84,20,24,9,12,3,6,0,0,0,0,0,0,0,0,0,0,0,0,0,0,0,0,0,0
201572,Brook Lopez,MIL,202404260IND,"Apr 26, 2024",IND,14,12,0,12,53.85,58.33,-4.48,10,14,2,0,0,0,0,0,0,0,0,0,0,0,0,0,0,0,0,0,0,0,0,0
1627783,Pascal Siakam,IND,202404260IND,"Apr 26, 2024",MIL,17,17,5,19,40.48,44.27,-3.79,13,12,3,0,2,3,0,0,1,2,0,0,0,0,0,0,0,0,0,0,0,0,0,0
1626171,Bobby Portis,MIL,202404260IND,"Apr 26, 2024",IND,17,15,2,16,48.57,53.53,-4.96,12,12,3,3,1,2,0,0,0,0,0,0,0,0,0,0,0,0,0,0,0,0,0,0
1627736,Malik Beasley,MIL,202404260IND,"Apr 26, 2024",IND,0,2,0,2,0.0,0.0,0.0,0,0,2,0,0,0,0,0,0,0,0,0,0,0,0,0,0,0,0,0,0,0,0,0
1641767,Ben Sheppard,IND,202404260IND,"Apr 26, 2024",MIL,6,4,1,4,50.0,67.57,-17.57,0,0,3,3,0,0,0,0,1,3,0,0,0,0,0,0,0,0,0,0,0,0,0,0
toppiob01,O. Toppin,IND,202404260IND,"Apr 26, 2024",MIL,15,11,2,12,50.0,63.13,-13.13,5,8,6,6,0,0,0,0,0,0,0,0,0,0,0,0,0,0,0,0,0,0,1,1
1629614,Andrew Nembhard,IND,202404260IND,"Apr 26, 2024",MIL,16,10,2,11,57.14,73.53,-16.39,4,6,6,9,0,0,0,0,0,0,0,0,0,0,0,0,0,0,0,0,0,0,1,1
1626192,Pat Connaughton,MIL,202404260IND,"Apr 26, 2024",IND,0,1,0,1,0.0,0.0,0.0,0,0,1,0,0,0,0,0,0,0,0,0,0,0,0,0,0,0,0,0,0,0,0,0
204456,T.J. McConnell,IND,202404260IND,"Apr 26, 2024",MIL,7,6,0,6,50.0,58.33,-8.33,4,4,2,3,0,0,0,0,0,0,0,0,0,0,0,0,0,0,0,0,0,0,0,0
1631260,AJ Green,MIL,202404260IND,"Apr 26, 2024",IND,4,1,2,2,100.0,106.38,-6.38,1,2,0,0,0,0,0,0,0,0,0,0,0,0,0,0,0,0,0,0,0,0,1,2
1641748,Andre Jackson Jr.,MIL,202404260IND,"Apr 26, 2024",IND,2,2,0,2,50.0,50.0,0.0,2,2,0,0,0,0,0,0,0,0,0,0,0,0,0,0,0,0,0,0,0,0,0,0
1630188,Jalen Smith,IND,202404260IND,"Apr 26, 2024",MIL,0,1,0,1,0.0,0.0,0.0,1,0,0,0,0,0,0,0,0,0,0,0,0,0,0,0,0,0,0,0,0,0,0,0
203109,Jae Crowder,MIL,202404260IND,"Apr 26, 2024",IND,0,1,0,1,0.0,0.0,0.0,0,0,1,0,0,0,0,0,0,0,0,0,0,0,0,0,0,0,0,0,0,0,0,0
1629029,Luka Dončić,DAL,202404260DAL,"Apr 26, 2024",LAC,22,25,7,28,30.99,39.17,-8.18,10,6,14,9,2,2,0,0,1,3,0,0,0,0,0,0,0,0,0,0,0,0,1,2
1629655,Daniel Gafford,DAL,202404260DAL,"Apr 26, 2024",LAC,8,5,0,5,80.0,80.0,0.0,5,8,0,0,0,0,0,0,0,0,0,0,0,0,0,0,0,0,0,0,0,0,0,0
202695,Kawhi Leonard,LAC,202404260DAL,"Apr 26, 2024",DAL,9,7,1,7,60.0,60.48,-0.48,6,6,0,0,0,0,0,0,1,3,0,0,0,0,0,0,0,0,0,0,0,0,0,0
1629023,P.J. Washington,DAL,202404260DAL,"Apr 26, 2024",LAC,10,10,0,10,41.67,50.0,-8.33,6,10,4,0,0,0,0,0,0,0,0,0,0,0,0,0,0,0,0,0,0,0,0,0
1629611,Terance Mann,LAC,202404260DAL,"Apr 26, 2024",DAL,2,3,2,4,20.0,25.77,-5.77,1,0,2,0,1,2,0,0,0,0,0,0,0,0,0,0,0,0,0,0,0,0,0,0
202681,Kyrie Irving,DAL,202404260DAL,"Apr 26, 2024",LAC,21,17,2,18,48.84,58.72,-9.88,9,8,7,9,0,0,0,0,1,3,0,0,1,1,0,0,0,0,0,0,0,0,0,0
1627826,Ivica Zubac,LAC,202404260DAL,"Apr 26, 2024",DAL,19,11,3,12,76.0,77.11,-1.11,10,14,0,0,1,2,0,0,1,3,0,0,0,0,0,0,0,0,0,0,0,0,0,0
1627884,Derrick Jones Jr.,DAL,202404260DAL,"Apr 26, 2024",LAC,11,8,2,9,52.38,61.94,-9.56,5,6,3,3,1,2,0,0,0,0,0,0,0,0,0,0,0,0,0,0,0,0,0,0
201935,James Harden,LAC,202404260DAL,"Apr 26, 2024",DAL,21,13,3,14,56.76,73.32,-16.56,5,4,8,15,0,0,1,2,0,0,0,0,0,0,0,0,0,0,0,0,0,0,0,0
202331,Paul George,DAL,202404260DAL,"Apr 26, 2024",LAC,7,11,0,11,25.0,31.82,-6.82,5,4,6,3,0,0,0,0,0,0,0,0,0,0,0,0,0,0,0,0,0,0,0,0
201566,Russell Westbrook,LAC,202404260DAL,"Apr 26, 2024",DAL,1,7,2,8,5.0,6.35,-1.35,3,0,4,0,1,1,0,0,0,0,0,0,0,0,0,0,0,0,0,0,0,0,0,0
1641726,Dereck Lively II,DAL,202404260DAL,"Apr 26, 2024",LAC,13,8,2,8,72.22,73.2,-0.98,6,8,0,0,0,0,0,0,2,5,0,0,0,0,0,0,0,0,0,0,0,0,0,0
1626181,Norman Powell,LAC,202404260DAL,"Apr 26, 2024",DAL,21,11,3,12,67.74,85.23,-17.49,5,6,6,12,0,0,1,3,0,0,0,0,0,0,0,0,0,0,0,0,0,0,0,0
1630182,Josh Green,DAL,202404260DAL,"Apr 26, 2024",LAC,8,5,2,6,57.14,68.03,-10.89,3,4,2,3,0,0,0,0,0,0,0,0,0,0,1,1,0,0,0,0,0,0,0,0
1628467,Maxi Kleber,DAL,202404260DAL,"Apr 26, 2024",LAC,3,1,0,1,100.0,150.0,-50.0,0,0,1,3,0,0,0,0,0,0,0,0,0,0,0,0,0,0,0,0,0,0,0,0
1629599,Amir Coffey,LAC,202404260DAL,"Apr 26, 2024",DAL,0,2,0,2,0.0,0.0,0.0,0,0,2,0,0,0,0,0,0,0,0,0,0,0,0,0,0,0,0,0,0,0,0,0
203957,Dante Exum,DAL,202404260DAL,"Apr 26, 2024",LAC,0,4,0,4,0.0,0.0,0.0,1,0,3,0,0,0,0,0,0,0,0,0,0,0,0,0,0,0,0,0,0,0,0,0
203486,Mason Plumlee,LAC,202404260DAL,"Apr 26, 2024",DAL,7,2,4,4,87.5,93.09,-5.59,2,4,0,0,2,3,0,0,0,0,0,0,0,0,0,0,0,0,0,0,0,0,0,0
1630538,Bones Hyland,LAC,202404260DAL,"Apr 26, 2024",DAL,0,1,0,1,0.0,0.0,0.0,0,0,1,0,0,0,0,0,0,0,0,0,0,0,0,0,0,0,0,0,0,0,0,0
1630527,Brandon Boston,LAC,202404260DAL,"Apr 26, 2024",DAL,3,2,2,3,50.0,52.08,-2.08,2,2,0,0,1,1,0,0,0,0,0,0,0,0,0,0,0,0,0,0,0,0,0,0
1630702,Jaden Hardy,DAL,202404260DAL,"Apr 26, 2024",LAC,1,2,2,3,14.29,17.36,-3.07,1,0,1,0,1,1,0,0,0,0,0,0,0,0,0,0,0,0,0,0,0,0,0,0
203939,Dwight Powell,DAL,202404260DAL,"Apr 26, 2024",LAC,2,0,2,1,100.0,113.64,-13.64,0,0,0,0,1,2,0,0,0,0,0,0,0,0,0,0,0,0,0,0,0,0,0,0
1630639,A.J. Lawson,DAL,202404260DAL,"Apr 26, 2024",LAC,2,1,0,1,100.0,100.0,0.0,1,2,0,0,0,0,0,0,0,0,0,0,0,0,0,0,0,0,0,0,0,0,0,0
1630162,Anthony Edwards,MIN,202404260PHO,"Apr 26, 2024",PHX,36,23,11,28,58.06,64.66,-6.6,17,20,5,3,2,4,0,0,1,3,0,0,0,0,0,0,0,0,0,0,0,0,3,6
1626220,Royce O'Neale,PHX,202404260PHO,"Apr 26, 2024",MIN,0,5,0,5,0.0,0.0,0.0,1,0,4,0,0,0,0,0,0,0,0,0,0,0,0,0,0,0,0,0,0,0,0,0
203994,Jusuf Nurkić,PHX,202404260PHO,"Apr 26, 2024",MIN,3,4,2,5,30.0,30.74,-0.74,4,2,0,0,1,1,0,0,0,0,0,0,0,0,0,0,0,0,0,0,0,0,0,0
townska01,K. Towns,MIN,202404260PHO,"Apr 26, 2024",PHX,18,16,2,17,46.15,53.32,-7.17,11,8,5,9,1,1,0,0,0,0,0,0,0,0,0,0,0,0,0,0,0,0,0,0
1630183,Jaden McDaniels,MIN,202404260PHO,"Apr 26, 2024",PHX,5,4,4,6,38.46,43.4,-4.94,3,2,1,0,2,3,0,0,0,0,0,0,0,0,0,0,0,0,0,0,0,0,0,0
201142,Kevin Durant,PHX,202404260PHO,"Apr 26, 2024",MIN,25,18,9,23,50.0,56.92,-6.92,13,14,5,3,4,7,0,0,0,0,0,0,1,1,0,0,0,0,0,0,0,0,0,0
203497,Rudy Gobert,MIN,202404260PHO,"Apr 26, 2024",PHX,19,8,8,12,79.17,82.47,-3.3,7,10,0,0,2,4,0,0,1,3,0,0,0,0,1,1,0,0,0,0,0,0,1,1
1626164,Devin Booker,PHX,202404260PHO,"Apr 26, 2024",MIN,23,15,6,18,58.97,65.19,-6.22,12,14,3,3,2,4,0,0,0,0,0,0,0,0,0,0,0,0,0,0,0,0,1,2
203078,Bradley Beal,PHX,202404260PHO,"Apr 26, 2024",MIN,28,19,2,20,54.9,70.42,-15.52,8,8,11,18,1,2,0,0,0,0,0,0,0,0,0,0,0,0,0,0,0,0,0,0
201569,Eric Gordon,PHX,202404260PHO,"Apr 26, 2024",MIN,11,7,6,10,47.83,57.05,-9.22,4,0,3,6,1,2,0,0,0,0,0,0,0,0,0,0,0,0,0,0,0,0,2,3
201144,Mike Conley,PHX,202404260PHO,"Apr 26, 2024",MIN,15,11,0,11,51.72,68.18,-16.46,4,6,7,9,0,0,0,0,0,0,0,0,0,0,0,0,0,0,0,0,0,0,0,0
1629675,Naz Reid,MIN,202404260PHO,"Apr 26, 2024",PHX,13,10,2,11,48.15,59.74,-11.59,5,6,5,6,1,1,0,0,0,0,0,0,0,0,0,0,0,0,0,0,0,0,0,0
1629638,Nickeil Alexander-Walker,MIN,202404260PHO,"Apr 26, 2024",PHX,16,10,4,12,47.06,68.03,-20.97,0,0,10,12,1,2,0,0,0,0,0,0,0,0,0,0,0,0,0,0,0,0,1,2
203937,Kyle Anderson,MIN,202404260PHO,"Apr 26, 2024",PHX,2,1,0,1,100.0,100.0,0.0,1,2,0,0,0,0,0,0,0,0,0,0,0,0,0,0,0,0,0,0,0,0,0,0
1629234,Drew Eubanks,PHX,202404260PHO,"Apr 26, 2024",MIN,9,3,3,4,100.0,104.17,-4.17,2,4,0,0,1,2,0,0,1,3,0,0,0,0,0,0,0,0,0,0,0,0,0,0
1628420,Monte Morris,MIN,202404260PHO,"Apr 26, 2024",PHX,2,4,0,4,22.22,25.0,-2.78,3,2,1,0,0,0,0,0,0,0,0,0,0,0,0,0,0,0,0,0,0,0,0,0
1629626,Bol Bol,MIN,202404260PHO,"Apr 26, 2024",PHX,2,2,0,2,50.0,50.0,0.0,2,2,0,0,0,0,0,0,0,0,0,0,0,0,0,0,0,0,0,0,0,0,0,0
1629006,Josh Okogie,PHX,202404260PHO,"Apr 26, 2024",MIN,8,3,4,5,66.67,84.03,-17.36,1,2,2,3,2,3,0,0,0,0,0,0,0,0,0,0,0,0,0,0,0,0,0,0
1628386,Jarrett Allen,CLE,202404270ORL,"Apr 27, 2024",ORL,21,11,7,14,72.41,74.57,-2.16,10,14,0,0,2,3,0,0,1,2,0,0,0,0,0,0,0,0,0,0,0,0,1,2
1630591,Jalen Suggs,ORL,202404270ORL,"Apr 27, 2024",CLE,12,7,2,8,57.14,76.14,-19.0,2,4,5,6,1,2,0,0,0,0,0,0,0,0,0,0,0,0,0,0,0,0,0,0
1628378,Donovan Mitchell,CLE,202404270ORL,"Apr 27, 2024",ORL,18,14,7,17,46.15,52.69,-6.54,9,6,4,3,3,6,0,0,1,3,0,0,0,0,0,0,0,0,0,0,0,0,0,0
wagnefr01,F. Wagner,ORL,202404270ORL,"Apr 27, 2024",CLE,34,17,7,20,77.27,84.66,-7.39,12,18,3,6,1,2,0,0,2,5,0,0,1,1,0,0,0,0,0,0,0,0,1,2
1631094,Paolo Banchero,ORL,202404270ORL,"Apr 27, 2024",CLE,9,14,1,14,29.03,31.16,-2.13,11,6,2,0,0,0,0,0,1,3,0,0,0,0,0,0,0,0,0,0,0,0,0,0
1630596,Evan Mobley,CLE,202404270ORL,"Apr 27, 2024",ORL,14,13,2,14,50.0,50.43,-0.43,13,12,0,0,1,2,0,0,0,0,0,0,0,0,0,0,0,0,0,0,0,0,0,0
1629636,Darius Garland,CLE,202404270ORL,"Apr 27, 2024",ORL,14,11,3,13,46.67,56.82,-10.15,6,6,5,6,1,1,0,0,0,0,0,0,1,1,0,0,0,0,0,0,0,0,0,0
1628976,Wendell Carter Jr.,ORL,202404270ORL,"Apr 27, 2024",CLE,11,6,2,7,64.71,79.94,-15.23,3,4,3,6,1,1,0,0,0,0,0,0,0,0,0,0,0,0,0,0,0,0,0,0
1629622,Max Strus,ORL,202404270ORL,"Apr 27, 2024",CLE,7,5,0,5,53.85,70.0,-16.15,2,4,3,3,0,0,0,0,0,0,0,0,0,0,0,0,0,0,0,0,0,0,0,0
203914,Gary Harris,CLE,202404270ORL,"Apr 27, 2024",ORL,3,2,0,2,50.0,75.0,-25.0,0,0,2,3,0,0,0,0,0,0,0,0,0,0,0,0,0,0,0,0,0,0,0,0
1627747,Caris LeVert,CLE,202404270ORL,"Apr 27, 2024",ORL,5,8,2,9,23.81,28.15,-4.34,5,4,3,0,1,1,0,0,0,0,0,0,0,0,0,0,0,0,0,0,0,0,0,0
1627777,Georges Niang,CLE,202404270ORL,"Apr 27, 2024",ORL,2,3,0,3,28.57,33.33,-4.76,2,2,1,0,0,0,0,0,0,0,0,0,0,0,0,0,0,0,0,0,0,0,0,0
1628365,Markelle Fultz,ORL,202404270ORL,"Apr 27, 2024",CLE,12,9,1,9,60.0,63.56,-3.56,7,10,1,0,0,0,0,0,1,2,0,0,0,0,0,0,0,0,0,0,0,0,0,0
wagnemo01,M. Wagner,ORL,202404270ORL,"Apr 27, 2024",CLE,7,5,4,7,46.67,51.78,-5.11,4,4,1,0,2,3,0,0,0,0,0,0,0,0,0,0,0,0,0,0,0,0,0,0
1628371,Jonathan Isaac,ORL,202404270ORL,"Apr 27, 2024",CLE,14,7,0,7,70.0,100.0,-30.0,1,2,6,12,0,0,0,0,0,0,0,0,0,0,0,0,0,0,0,0,0,0,0,0
1630175,Cole Anthony,ORL,202404270ORL,"Apr 27, 2024",CLE,3,4,2,5,27.27,30.74,-3.47,3,2,1,0,0,0,0,0,0,0,0,0,0,0,1,1,0,0,0,0,0,0,0,0
204060,Joe Ingles,ORL,202404270ORL,"Apr 27, 2024",CLE,2,1,0,1,100.0,100.0,0.0,1,2,0,0,0,0,0,0,0,0,0,0,0,0,0,0,0,0,0,0,0,0,0,0
202684,Tristan Thompson,CLE,202404270ORL,"Apr 27, 2024",ORL,4,3,0,3,66.67,66.67,0.0,3,4,0,0,0,0,0,0,0,0,0,0,0,0,0,0,0,0,0,0,0,0,0,0
1628420,Monte Morris,CLE,202404270ORL,"Apr 27, 2024",ORL,4,4,0,4,44.44,50.0,-5.56,3,4,1,0,0,0,0,0,0,0,0,0,0,0,0,0,0,0,0,0,0,0,0,0
1641710,Anthony Black,ORL,202404270ORL,"Apr 27, 2024",CLE,2,2,0,2,50.0,50.0,0.0,2,2,0,0,0,0,0,0,0,0,0,0,0,0,0,0,0,0,0,0,0,0,0,0
1631216,Caleb Houstan,ORL,202404270ORL,"Apr 27, 2024",CLE,0,1,0,1,0.0,0.0,0.0,0,0,1,0,0,0,0,0,0,0,0,0,0,0,0,0,0,0,0,0,0,0,0,0
1641724,Jett Howard,ORL,202404270ORL,"Apr 27, 2024",CLE,0,1,0,1,0.0,0.0,0.0,1,0,0,0,0,0,0,0,0,0,0,0,0,0,0,0,0,0,0,0,0,0,0,0
1629643,Chuma Okeke,ORL,202404270ORL,"Apr 27, 2024",CLE,3,1,0,1,100.0,150.0,-50.0,0,0,1,3,0,0,0,0,0,0,0,0,0,0,0,0,0,0,0,0,0,0,0,0
1631119,Jaylin Williams,OKC,202404270NOP,"Apr 27, 2024",NOP,21,16,0,16,58.33,65.62,-7.29,12,12,4,9,0,0,0,0,0,0,0,0,0,0,0,0,0,0,0,0,0,0,0,0
1627742,Brandon Ingram,NOP,202404270NOP,"Apr 27, 2024",OKC,19,14,3,15,55.88,62.01,-6.13,10,8,3,6,1,2,0,0,1,3,0,0,0,0,0,0,0,0,0,0,0,0,0,0
203468,CJ McCollum,NOP,202404270NOP,"Apr 27, 2024",OKC,16,22,0,22,30.77,36.36,-5.59,14,10,8,6,0,0,0,0,0,0,0,0,0,0,0,0,0,0,0,0,0,0,0,0
1630581,Josh Giddey,OKC,202404270NOP,"Apr 27, 2024",NOP,21,13,2,14,60.0,75.65,-15.65,6,8,7,12,1,1,0,0,0,0,0,0,0,0,0,0,0,0,0,0,0,0,0,0
1641717,Cason Wallace,OKC,202404270NOP,"Apr 27, 2024",NOP,5,4,0,4,50.0,62.5,-12.5,2,2,2,3,0,0,0,0,0,0,0,0,0,0,0,0,0,0,0,0,0,0,0,0
valanjo01,J. ValanÄiÅ«nas,NOP,202404270NOP,"Apr 27, 2024",OKC,7,4,2,5,70.0,71.72,-1.72,4,6,0,0,1,1,0,0,0,0,0,0,0,0,0,0,0,0,0,0,0,0,0,0
1631096,Chet Holmgren,OKC,202404270NOP,"Apr 27, 2024",NOP,6,8,2,9,27.27,33.78,-6.51,4,2,4,3,1,1,0,0,0,0,0,0,0,0,0,0,0,0,0,0,0,0,0,0
1630529,Herbert Jones,NOP,202404270NOP,"Apr 27, 2024",OKC,15,11,6,13,44.12,54.99,-10.87,4,4,6,3,1,2,1,3,1,3,0,0,0,0,0,0,0,0,0,0,0,0,0,0
1628983,Shai Gilgeous-Alexander,OKC,202404270NOP,"Apr 27, 2024",NOP,24,20,9,25,44.44,50.08,-5.64,15,14,5,3,2,4,0,0,0,0,0,0,2,1,0,0,0,0,0,0,0,0,1,2
1629652,Luguentz Dort,OKC,202404270NOP,"Apr 27, 2024",NOP,12,9,0,9,46.15,66.67,-20.52,1,0,8,12,0,0,0,0,0,0,0,0,0,0,0,0,0,0,0,0,0,0,0,0
1630530,Trey Murphy III,NOP,202404270NOP,"Apr 27, 2024",OKC,10,12,0,12,34.48,41.67,-7.19,7,4,5,6,0,0,0,0,0,0,0,0,0,0,0,0,0,0,0,0,0,0,0,0
1630198,Isaiah Joe,OKC,202404270NOP,"Apr 27, 2024",NOP,6,5,0,5,40.0,60.0,-20.0,0,0,5,6,0,0,0,0,0,0,0,0,0,0,0,0,0,0,0,0,0,0,0,0
1630230,Naji Marshall,NOP,202404270NOP,"Apr 27, 2024",OKC,5,6,0,6,35.71,41.67,-5.96,4,2,2,3,0,0,0,0,0,0,0,0,0,0,0,0,0,0,0,0,0,0,0,0
1626204,Larry Nance Jr.,NOP,202404270NOP,"Apr 27, 2024",OKC,9,6,3,7,52.94,61.48,-8.54,3,2,2,3,1,2,0,0,1,2,0,0,0,0,0,0,0,0,0,0,0,0,0,0
1630631,Jose Alvarado,NOP,202404270NOP,"Apr 27, 2024",OKC,0,4,0,4,0.0,0.0,0.0,0,0,4,0,0,0,0,0,0,0,0,0,0,0,0,0,0,0,0,0,0,0,0,0
1630598,Aaron Wiggins,OKC,202404270NOP,"Apr 27, 2024",NOP,6,5,0,5,60.0,60.0,0.0,5,6,0,0,0,0,0,0,0,0,0,0,0,0,0,0,0,0,0,0,0,0,0,0
1630700,Dyson Daniels,NOP,202404270NOP,"Apr 27, 2024",OKC,4,4,0,4,44.44,50.0,-5.56,3,4,1,0,0,0,0,0,0,0,0,0,0,0,0,0,0,0,0,0,0,0,0,0
1629026,Kenrich Williams,OKC,202404270NOP,"Apr 27, 2024",NOP,0,1,0,1,0.0,0.0,0.0,1,0,0,0,0,0,0,0,0,0,0,0,0,0,0,0,0,0,0,0,0,0,0,0
1630346,Matt Ryan,NOP,202404270NOP,"Apr 27, 2024",OKC,0,1,0,1,0.0,0.0,0.0,0,0,1,0,0,0,0,0,0,0,0,0,0,0,0,0,0,0,0,0,0,0,0,0
1631107,Nikola Jović,MIA,202404270MIA,"Apr 27, 2024",BOS,15,11,3,12,50.0,60.88,-10.88,5,2,5,9,0,0,0,0,1,3,0,0,0,0,0,0,0,0,0,0,0,0,1,1
1628369,Jayson Tatum,BOS,202404270MIA,"Apr 27, 2024",MIA,22,16,12,22,43.14,51.69,-8.55,9,8,7,6,2,2,2,5,0,0,0,0,1,1,0,0,0,0,0,0,1,0,0,0
1627759,Jaylen Brown,BOS,202404270MIA,"Apr 27, 2024",MIA,22,20,1,20,48.89,53.82,-4.93,15,20,4,0,0,0,0,0,1,2,0,0,0,0,0,0,0,0,0,0,0,0,0,0
1628401,Derrick White,BOS,202404270MIA,"Apr 27, 2024",MIA,16,14,0,14,45.71,57.14,-11.43,7,10,7,6,0,0,0,0,0,0,0,0,0,0,0,0,0,0,0,0,0,0,0,0
1629639,Tyler Herro,MIA,202404270MIA,"Apr 27, 2024",BOS,15,16,2,17,34.88,44.43,-9.55,7,4,9,9,1,2,0,0,0,0,0,0,0,0,0,0,0,0,0,0,0,0,0,0
1628389,Bam Adebayo,MIA,202404270MIA,"Apr 27, 2024",BOS,20,18,6,20,46.51,48.45,-1.94,15,12,1,0,2,2,0,0,2,6,0,0,0,0,0,0,0,0,0,0,0,0,0,0
204001,Kristaps Porziņģis,BOS,202404270MIA,"Apr 27, 2024",MIA,18,9,6,12,62.07,77.32,-15.25,4,4,5,9,3,5,0,0,0,0,0,0,0,0,0,0,0,0,0,0,0,0,0,0
201950,Jrue Holiday,BOS,202404270MIA,"Apr 27, 2024",MIA,3,5,0,5,23.08,30.0,-6.92,2,0,3,3,0,0,0,0,0,0,0,0,0,0,0,0,0,0,0,0,0,0,0,0
1631170,Jaime Jaquez Jr.,MIA,202404270MIA,"Apr 27, 2024",BOS,12,13,2,14,38.71,43.23,-4.52,10,10,3,0,1,2,0,0,0,0,0,0,0,0,0,0,0,0,0,0,0,0,0,0
201143,Al Horford,BOS,202404270MIA,"Apr 27, 2024",MIA,9,7,0,7,50.0,64.29,-14.29,3,6,4,3,0,0,0,0,0,0,0,0,0,0,0,0,0,0,0,0,0,0,0,0
1630202,Payton Pritchard,BOS,202404270MIA,"Apr 27, 2024",MIA,7,5,0,5,58.33,70.0,-11.67,3,4,2,3,0,0,0,0,0,0,0,0,0,0,0,0,0,0,0,0,0,0,0,0
1629312,Haywood Highsmith,MIA,202404270MIA,"Apr 27, 2024",BOS,8,7,0,7,50.0,57.14,-7.14,5,8,2,0,0,0,0,0,0,0,0,0,0,0,0,0,0,0,0,0,0,0,0,0
1628436,Luke Kornet,BOS,202404270MIA,"Apr 27, 2024",MIA,2,0,2,1,100.0,113.64,-13.64,0,0,0,0,0,0,0,0,0,0,0,0,0,0,0,0,0,0,0,0,0,0,1,2
1628997,Caleb Martin,MIA,202404270MIA,"Apr 27, 2024",BOS,5,4,0,4,50.0,62.5,-12.5,2,2,2,3,0,0,0,0,0,0,0,0,0,0,0,0,0,0,0,0,0,0,0,0
1630573,Sam Hauser,BOS,202404270MIA,"Apr 27, 2024",MIA,5,6,0,6,29.41,41.67,-12.26,1,2,5,3,0,0,0,0,0,0,0,0,0,0,0,0,0,0,0,0,0,0,0,0
1628418,Thomas Bryant,MIA,202404270MIA,"Apr 27, 2024",BOS,2,1,0,1,100.0,100.0,0.0,1,2,0,0,0,0,0,0,0,0,0,0,0,0,0,0,0,0,0,0,0,0,0,0
201988,Patty Mills,MIA,202404270MIA,"Apr 27, 2024",BOS,7,6,1,6,38.89,54.35,-15.46,1,0,4,3,0,0,0,0,0,0,1,4,0,0,0,0,0,0,0,0,0,0,0,0
1631115,Orlando Robinson,MIA,202404270MIA,"Apr 27, 2024",BOS,0,1,0,1,0.0,0.0,0.0,0,0,1,0,0,0,0,0,0,0,0,0,0,0,0,0,0,0,0,0,0,0,0,0
1626156,D'Angelo Russell,LAL,202404270LAL,"Apr 27, 2024",DEN,21,15,2,16,52.5,66.12,-13.62,7,8,8,12,1,1,0,0,0,0,0,0,0,0,0,0,0,0,0,0,0,0,0,0
203999,Nikola Jokić,DEN,202404270LAL,"Apr 27, 2024",LAL,33,20,11,24,58.93,66.43,-7.5,12,10,5,6,0,0,0,0,3,9,0,0,0,0,0,0,0,0,0,0,0,0,4,8
1629008,Michael Porter Jr.,DEN,202404270LAL,"Apr 27, 2024",LAL,27,20,5,22,48.21,60.81,-12.6,9,12,11,12,1,2,1,1,0,0,0,0,0,0,0,0,0,0,0,0,0,0,0,0
203076,Anthony Davis,LAL,202404270LAL,"Apr 27, 2024",DEN,25,17,4,19,65.79,66.63,-0.84,16,20,0,0,1,1,0,0,1,3,0,0,1,1,0,0,0,0,0,0,0,0,0,0
2544,LeBron James,LAL,202404270LAL,"Apr 27, 2024",DEN,30,23,2,24,60.0,62.81,-2.81,21,28,2,0,1,2,0,0,0,0,0,0,0,0,0,0,0,0,0,0,0,0,0,0
1630559,Austin Reaves,LAL,202404270LAL,"Apr 27, 2024",DEN,21,15,6,18,50.0,59.52,-9.52,9,12,6,3,1,2,0,0,0,0,0,0,0,0,0,0,0,0,0,0,0,0,2,4
1627750,Jamal Murray,DEN,202404270LAL,"Apr 27, 2024",LAL,22,23,5,25,40.0,43.65,-3.65,18,16,4,0,1,2,0,0,1,3,0,0,0,0,0,0,0,0,0,0,0,0,1,1
1629060,Rui Hachimura,LAL,202404270LAL,"Apr 27, 2024",DEN,9,8,0,8,47.37,56.25,-8.88,5,6,3,3,0,0,0,0,0,0,0,0,0,0,0,0,0,0,0,0,0,0,0,0
203932,Aaron Gordon,DEN,202404270LAL,"Apr 27, 2024",LAL,7,7,2,8,38.89,44.42,-5.53,5,6,2,0,1,1,0,0,0,0,0,0,0,0,0,0,0,0,0,0,0,0,0,0
203915,Spencer Dinwiddie,LAL,202404270LAL,"Apr 27, 2024",DEN,1,1,2,2,20.0,26.6,-6.6,0,0,1,0,1,1,0,0,0,0,0,0,0,0,0,0,0,0,0,0,0,0,0,0
1627752,Taurean Prince,LAL,202404270LAL,"Apr 27, 2024",DEN,9,7,2,8,45.0,57.11,-12.11,3,4,4,3,1,2,0,0,0,0,0,0,0,0,0,0,0,0,0,0,0,0,0,0
vincega01,G. Vincent,LAL,202404270LAL,"Apr 27, 2024",DEN,3,4,0,4,30.0,37.5,-7.5,2,0,2,3,0,0,0,0,0,0,0,0,0,0,0,0,0,0,0,0,0,0,0,0
203484,Kentavious Caldwell-Pope,DEN,202404270LAL,"Apr 27, 2024",LAL,14,8,0,8,73.68,87.5,-13.82,5,8,3,6,0,0,0,0,0,0,0,0,0,0,0,0,0,0,0,0,0,0,0,0
1631128,Christian Braun,DEN,202404270LAL,"Apr 27, 2024",LAL,0,2,0,2,0.0,0.0,0.0,1,0,1,0,0,0,0,0,0,0,0,0,0,0,0,0,0,0,0,0,0,0,0,0
202704,Reggie Jackson,DEN,202404270LAL,"Apr 27, 2024",LAL,0,1,0,1,0.0,0.0,0.0,1,0,0,0,0,0,0,0,0,0,0,0,0,0,0,0,0,0,0,0,0,0,0,0
1631212,Peyton Watson,DEN,202404270LAL,"Apr 27, 2024",LAL,2,3,2,4,20.0,25.77,-5.77,1,0,2,0,1,2,0,0,0,0,0,0,0,0,0,0,0,0,0,0,0,0,0,0
201950,Jrue Holiday,DEN,202404270LAL,"Apr 27, 2024",LAL,3,3,0,3,37.5,50.0,-12.5,1,0,2,3,0,0,0,0,0,0,0,0,0,0,0,0,0,0,0,0,0,0,0,0
1629637,Jaxson Hayes,LAL,202404270LAL,"Apr 27, 2024",DEN,0,2,0,2,0.0,0.0,0.0,2,0,0,0,0,0,0,0,0,0,0,0,0,0,0,0,0,0,0,0,0,0,0,0
203954,Joel Embiid,PHI,202404280PHI,"Apr 28, 2024",NYK,27,19,14,26,46.55,53.66,-7.11,13,12,6,3,7,12,0,0,0,0,0,0,0,0,0,0,0,0,0,0,0,0,0,0
1628978,Donte DiVincenzo,NYK,202404280PHI,"Apr 28, 2024",PHI,8,11,0,11,27.59,36.36,-8.77,4,2,7,6,0,0,0,0,0,0,0,0,0,0,0,0,0,0,0,0,0,0,0,0
1626162,Kelly Oubre Jr.,PHI,202404280PHI,"Apr 28, 2024",NYK,19,15,2,16,48.72,59.82,-11.1,8,8,7,9,1,2,0,0,0,0,0,0,0,0,0,0,0,0,0,0,0,0,0,0
200768,Kyle Lowry,PHI,202404280PHI,"Apr 28, 2024",NYK,7,6,5,8,33.33,42.68,-9.35,2,0,4,3,1,1,1,3,0,0,0,0,0,0,0,0,0,0,0,0,0,0,0,0
1628404,Josh Hart,NYK,202404280PHI,"Apr 28, 2024",PHI,4,7,8,11,16.0,19.01,-3.01,4,0,3,0,3,4,0,0,0,0,0,0,0,0,0,0,0,0,0,0,0,0,1,0
1628973,Jalen Brunson,NYK,202404280PHI,"Apr 28, 2024",PHI,47,34,11,38,54.02,60.5,-6.48,23,26,8,6,2,2,0,0,3,9,0,0,0,0,0,0,0,0,0,0,0,0,2,4
202699,Tobias Harris,PHI,202404280PHI,"Apr 28, 2024",NYK,10,10,2,11,43.48,45.96,-2.48,9,8,1,0,1,2,0,0,0,0,0,0,0,0,0,0,0,0,0,0,0,0,0,0
1628384,OG Anunoby,NYK,202404280PHI,"Apr 28, 2024",PHI,16,16,0,16,44.44,50.0,-5.56,12,16,4,0,0,0,0,0,0,0,0,0,0,0,0,0,0,0,0,0,0,0,0,0
1628392,Isaiah Hartenstein,NYK,202404280PHI,"Apr 28, 2024",PHI,8,6,2,7,57.14,58.14,-1.0,6,8,0,0,1,0,0,0,0,0,0,0,0,0,0,0,0,0,0,0,0,0,0,0
1630178,Tyrese Maxey,PHI,202404280PHI,"Apr 28, 2024",NYK,23,21,4,23,41.82,50.53,-8.71,11,8,9,9,0,0,0,0,1,3,0,0,0,0,0,0,0,0,0,0,1,1,1,2
201587,Nicolas Batum,PHI,202404280PHI,"Apr 28, 2024",NYK,1,3,2,4,11.11,12.89,-1.78,2,0,1,0,1,1,0,0,0,0,0,0,0,0,0,0,0,0,0,0,0,0,0,0
1630540,Miles McBride,NYK,202404280PHI,"Apr 28, 2024",PHI,13,7,3,8,59.09,78.12,-19.03,2,2,5,9,0,0,1,2,0,0,0,0,0,0,0,0,0,0,0,0,0,0,0,0
1626166,Cameron Payne,PHI,202404280PHI,"Apr 28, 2024",NYK,5,4,0,4,45.45,62.5,-17.05,1,2,3,3,0,0,0,0,0,0,0,0,0,0,0,0,0,0,0,0,0,0,0,0
1629001,De'Anthony Melton,PHI,202404280PHI,"Apr 28, 2024",NYK,0,2,0,2,0.0,0.0,0.0,0,0,2,0,0,0,0,0,0,0,0,0,0,0,0,0,0,0,0,0,0,0,0,0
1630194,Paul Reed,NYK,202404280PHI,"Apr 28, 2024",PHI,0,2,0,2,0.0,0.0,0.0,2,0,0,0,0,0,0,0,0,0,0,0,0,0,0,0,0,0,0,0,0,0,0,0
1630173,Precious Achiuwa,NYK,202404280PHI,"Apr 28, 2024",PHI,1,5,2,6,8.33,8.5,-0.17,5,0,0,0,1,1,0,0,0,0,0,0,0,0,0,0,0,0,0,0,0,0,0,0
1627826,Ivica Zubac,LAC,202404280DAL,"Apr 28, 2024",DAL,13,11,2,12,54.17,54.71,-0.54,11,12,0,0,1,1,0,0,0,0,0,0,0,0,0,0,0,0,0,0,0,0,0,0
1629029,Luka Dončić,DAL,202404280DAL,"Apr 28, 2024",LAC,29,24,10,29,43.28,51.06,-7.78,15,18,9,3,4,6,0,0,0,0,0,0,0,0,0,0,0,0,0,0,0,0,1,2
1629023,P.J. Washington,DAL,202404280DAL,"Apr 28, 2024",LAC,10,9,1,9,41.67,52.97,-11.3,3,4,5,3,0,0,0,0,1,3,0,0,0,0,0,0,0,0,0,0,0,0,0,0
202331,Paul George,LAC,202404280DAL,"Apr 28, 2024",DAL,33,19,7,22,60.0,74.73,-14.73,7,4,10,21,0,0,0,0,2,5,0,0,1,1,0,0,0,0,0,0,0,0,2,2
1629655,Daniel Gafford,DAL,202404280DAL,"Apr 28, 2024",LAC,5,4,4,6,41.67,43.4,-1.73,4,2,0,0,2,3,0,0,0,0,0,0,0,0,0,0,0,0,0,0,0,0,0,0
201935,James Harden,LAC,202404280DAL,"Apr 28, 2024",DAL,33,17,5,19,75.0,85.94,-10.94,11,14,5,12,0,0,0,0,1,3,0,0,0,0,0,0,0,0,0,0,0,0,2,4
1629611,Terance Mann,DAL,202404280DAL,"Apr 28, 2024",LAC,11,9,2,10,42.31,55.67,-13.36,3,0,6,9,1,2,0,0,0,0,0,0,0,0,0,0,0,0,0,0,0,0,0,0
1629599,Amir Coffey,LAC,202404280DAL,"Apr 28, 2024",DAL,4,5,0,5,36.36,40.0,-3.64,4,4,1,0,0,0,0,0,0,0,0,0,0,0,0,0,0,0,0,0,0,0,0,0
1627884,Derrick Jones Jr.,DAL,202404280DAL,"Apr 28, 2024",LAC,14,9,1,9,63.64,74.15,-10.51,5,6,3,6,0,0,0,0,1,2,0,0,0,0,0,0,0,0,0,0,0,0,0,0
202681,Kyrie Irving,DAL,202404280DAL,"Apr 28, 2024",LAC,40,25,6,28,58.82,72.36,-13.54,12,14,12,18,1,2,0,0,1,3,0,0,0,0,0,0,0,0,0,0,0,0,2,3
1630182,Josh Green,DAL,202404280DAL,"Apr 28, 2024",LAC,2,3,2,4,20.0,25.77,-5.77,1,0,2,0,1,2,0,0,0,0,0,0,0,0,0,0,0,0,0,0,0,0,0,0
1641726,Dereck Lively II,DAL,202404280DAL,"Apr 28, 2024",LAC,8,4,1,4,88.89,90.09,-1.2,3,6,0,0,0,0,0,0,1,2,0,0,0,0,0,0,0,0,0,0,0,0,0,0
201566,Russell Westbrook,LAC,202404280DAL,"Apr 28, 2024",DAL,5,8,2,9,25.0,28.15,-3.15,6,2,2,3,0,0,0,0,0,0,0,0,0,0,0,0,0,0,0,0,0,0,1,0
203957,Dante Exum,DAL,202404280DAL,"Apr 28, 2024",LAC,0,2,0,2,0.0,0.0,0.0,1,0,1,0,0,0,0,0,0,0,0,0,0,0,0,0,0,0,0,0,0,0,0,0
1628467,Maxi Kleber,DAL,202404280DAL,"Apr 28, 2024",LAC,3,1,0,1,100.0,150.0,-50.0,0,0,1,3,0,0,0,0,0,0,0,0,0,0,0,0,0,0,0,0,0,0,0,0
1626181,Norman Powell,LAC,202404280DAL,"Apr 28, 2024",DAL,11,8,0,8,52.38,68.75,-16.37,3,2,5,9,0,0,0,0,0,0,0,0,0,0,0,0,0,0,0,0,0,0,0,0
203486,Mason Plumlee,LAC,202404280DAL,"Apr 28, 2024",DAL,6,3,0,3,100.0,100.0,0.0,3,6,0,0,0,0,0,0,0,0,0,0,0,0,0,0,0,0,0,0,0,0,0,0
1627736,Malik Beasley,MIL,202404280IND,"Apr 28, 2024",IND,20,12,0,12,64.52,83.33,-18.81,5,8,7,12,0,0,0,0,0,0,0,0,0,0,0,0,0,0,0,0,0,0,0,0
1627783,Pascal Siakam,IND,202404280IND,"Apr 28, 2024",MIL,13,14,3,15,37.14,42.43,-5.29,9,10,4,0,1,0,0,0,1,3,0,0,0,0,0,0,0,0,0,0,0,0,0,0
201572,Brook Lopez,MIL,202404280IND,"Apr 28, 2024",IND,27,18,4,20,60.0,68.32,-8.32,13,18,5,9,1,0,0,0,0,0,0,0,0,0,0,0,0,0,0,0,0,0,1,0
beverpa01,P. Beverley,MIL,202404280IND,"Apr 28, 2024",IND,9,6,2,7,60.0,65.41,-5.41,5,4,1,3,1,2,0,0,0,0,0,0,0,0,0,0,0,0,0,0,0,0,0,0
1629614,Andrew Nembhard,IND,202404280IND,"Apr 28, 2024",MIL,15,9,0,9,68.18,83.33,-15.15,5,6,4,9,0,0,0,0,0,0,0,0,0,0,0,0,0,0,0,0,0,0,0,0
1626171,Bobby Portis,MIL,202404280IND,"Apr 28, 2024",IND,4,4,0,4,44.44,50.0,-5.56,3,4,1,0,0,0,0,0,0,0,0,0,0,0,0,0,0,0,0,0,0,0,0,0
turnemy01,M. Turner,IND,202404280IND,"Apr 28, 2024",MIL,29,17,6,20,59.18,73.83,-14.65,8,6,9,21,3,2,0,0,0,0,0,0,0,0,0,0,0,0,0,0,0,0,0,0
203114,Khris Middleton,MIL,202404280IND,"Apr 28, 2024",IND,25,22,8,26,44.64,48.98,-4.34,17,16,4,0,1,2,0,0,1,3,0,0,2,2,0,0,0,0,0,0,0,0,1,2
1630169,Tyrese Haliburton,IND,202404280IND,"Apr 28, 2024",MIL,24,16,3,19,51.06,69.28,-18.22,4,6,12,15,0,0,0,0,0,0,0,0,3,3,0,0,0,0,0,0,0,0,0,0
1630174,Aaron Nesmith,IND,202404280IND,"Apr 28, 2024",MIL,13,6,4,8,61.9,83.76,-21.86,1,0,5,9,1,2,0,0,0,0,0,0,0,0,0,0,0,0,0,0,0,0,1,2
1626192,Pat Connaughton,MIL,202404280IND,"Apr 28, 2024",IND,4,6,0,6,28.57,33.33,-4.76,4,4,2,0,0,0,0,0,0,0,0,0,0,0,0,0,0,0,0,0,0,0,0,0
1641748,Andre Jackson Jr.,MIL,202404280IND,"Apr 28, 2024",IND,6,4,0,4,50.0,75.0,-25.0,0,0,4,6,0,0,0,0,0,0,0,0,0,0,0,0,0,0,0,0,0,0,0,0
204456,T.J. McConnell,IND,202404280IND,"Apr 28, 2024",MIL,8,11,0,11,32.0,36.36,-4.36,8,8,3,0,0,0,0,0,0,0,0,0,0,0,0,0,0,0,0,0,0,0,0,0
1641767,Ben Sheppard,IND,202404280IND,"Apr 28, 2024",MIL,8,2,2,3,100.0,138.89,-38.89,0,0,2,6,0,0,0,0,0,0,0,0,0,0,0,0,0,0,0,0,0,0,1,2
toppiob01,O. Toppin,IND,202404280IND,"Apr 28, 2024",MIL,13,9,0,9,65.0,72.22,-7.22,7,10,2,3,0,0,0,0,0,0,0,0,0,0,0,0,0,0,0,0,0,0,0,0
1631260,AJ Green,MIL,202404280IND,"Apr 28, 2024",IND,8,7,0,7,40.0,57.14,-17.14,1,2,6,6,0,0,0,0,0,0,0,0,0,0,0,0,0,0,0,0,0,0,0,0
203109,Jae Crowder,MIL,202404280IND,"Apr 28, 2024",IND,2,4,0,4,20.0,25.0,-5.0,2,2,2,0,0,0,0,0,0,0,0,0,0,0,0,0,0,0,0,0,0,0,0,0
203926,Doug McDermott,IND,202404280IND,"Apr 28, 2024",MIL,3,2,0,2,50.0,75.0,-25.0,0,0,2,3,0,0,0,0,0,0,0,0,0,0,0,0,0,0,0,0,0,0,0,0
gallida01,D. Gallinari,MIL,202404280IND,"Apr 28, 2024",IND,6,5,0,5,60.0,60.0,0.0,5,6,0,0,0,0,0,0,0,0,0,0,0,0,0,0,0,0,0,0,0,0,0,0
1630699,MarJon Beauchamp,MIL,202404280IND,"Apr 28, 2024",IND,2,2,0,2,40.0,50.0,-10.0,1,2,1,0,0,0,0,0,0,0,0,0,0,0,0,0,0,0,0,0,0,0,0,0
1630543,Isaiah Jackson,IND,202404280IND,"Apr 28, 2024",MIL,0,3,0,3,0.0,0.0,0.0,3,0,0,0,0,0,0,0,0,0,0,0,0,0,0,0,0,0,0,0,0,0,0,0
203994,Jusuf Nurkić,PHX,202404280PHO,"Apr 28, 2024",MIN,9,5,4,7,64.29,66.57,-2.28,5,6,0,0,1,2,0,0,0,0,0,0,0,0,0,0,0,0,0,0,0,0,1,1
203497,Rudy Gobert,MIN,202404280PHO,"Apr 28, 2024",PHX,9,9,3,10,42.86,43.6,-0.74,8,4,0,0,1,2,0,0,1,3,0,0,0,0,0,0,0,0,0,0,0,0,0,0
1626164,Devin Booker,PHX,202404280PHO,"Apr 28, 2024",MIN,49,21,21,32,72.06,81.02,-8.96,16,20,5,9,6,11,0,0,0,0,0,0,0,0,0,0,0,0,0,0,1,1,4,8
203078,Bradley Beal,PHX,202404280PHO,"Apr 28, 2024",MIN,9,13,0,13,29.03,34.62,-5.59,8,6,5,3,0,0,0,0,0,0,0,0,0,0,0,0,0,0,0,0,0,0,0,0
1630162,Anthony Edwards,MIN,202404280PHO,"Apr 28, 2024",PHX,40,23,10,28,57.97,72.99,-15.02,10,12,13,21,3,4,0,0,0,0,0,0,0,0,0,0,0,0,0,0,0,0,2,3
townska01,K. Towns,MIN,202404280PHO,"Apr 28, 2024",PHX,28,17,3,18,65.12,76.42,-11.3,10,12,6,12,0,0,0,0,1,2,0,0,0,0,0,0,0,0,0,0,0,0,1,2
201144,Mike Conley,MIN,202404280PHO,"Apr 28, 2024",PHX,10,10,5,13,32.26,40.98,-8.72,4,0,6,6,0,0,0,0,0,0,0,0,1,1,0,0,0,0,0,0,0,0,2,3
1626220,Royce O'Neale,PHX,202404280PHO,"Apr 28, 2024",MIN,6,7,0,7,30.0,42.86,-12.86,1,0,6,6,0,0,0,0,0,0,0,0,0,0,0,0,0,0,0,0,0,0,0,0
201142,Kevin Durant,PHX,202404280PHO,"Apr 28, 2024",MIN,33,17,9,21,71.74,78.72,-6.98,13,18,3,6,3,5,0,0,1,3,0,0,0,0,0,0,0,0,0,0,0,0,1,1
1630183,Jaden McDaniels,MIN,202404280PHO,"Apr 28, 2024",PHX,18,12,5,13,54.55,63.38,-8.83,6,6,4,3,0,0,1,3,2,6,0,0,0,0,0,0,0,0,0,0,0,0,0,0
201569,Eric Gordon,PHX,202404280PHO,"Apr 28, 2024",MIN,6,7,0,7,31.58,42.86,-11.28,2,0,5,6,0,0,0,0,0,0,0,0,0,0,0,0,0,0,0,0,0,0,0,0
1629675,Naz Reid,MIN,202404280PHO,"Apr 28, 2024",PHX,8,4,4,6,57.14,69.44,-12.3,2,2,2,3,2,3,0,0,0,0,0,0,0,0,0,0,0,0,0,0,0,0,0,0
1629638,Nickeil Alexander-Walker,MIN,202404280PHO,"Apr 28, 2024",PHX,5,9,1,9,20.83,26.48,-5.65,3,2,5,0,0,0,0,0,1,3,0,0,0,0,0,0,0,0,0,0,0,0,0,0
1629006,Josh Okogie,PHX,202404280PHO,"Apr 28, 2024",MIN,4,3,2,4,44.44,51.55,-7.11,2,4,1,0,0,0,0,0,0,0,0,0,0,0,0,0,0,0,0,0,0,0,1,0
203937,Kyle Anderson,MIN,202404280PHO,"Apr 28, 2024",PHX,4,5,0,5,40.0,40.0,0.0,5,4,0,0,0,0,0,0,0,0,0,0,0,0,0,0,0,0,0,0,0,0,0,0
littlna01,N. Little,PHX,202404280PHO,"Apr 28, 2024",MIN,0,1,0,1,0.0,0.0,0.0,0,0,1,0,0,0,0,0,0,0,0,0,0,0,0,0,0,0,0,0,0,0,0,0
1628389,Bam Adebayo,BOS,202404290MIA,"Apr 29, 2024",MIA,25,22,3,23,50.0,53.6,-3.6,18,18,3,3,1,1,0,0,1,3,0,0,0,0,0,0,0,0,0,0,0,0,0,0
201950,Jrue Holiday,BOS,202404290MIA,"Apr 29, 2024",MIA,11,10,2,11,42.31,50.55,-8.24,6,6,4,3,1,2,0,0,0,0,0,0,0,0,0,0,0,0,0,0,0,0,0,0
1631107,Nikola Jović,MIA,202404290MIA,"Apr 29, 2024",BOS,3,4,0,4,25.0,37.5,-12.5,0,0,4,3,0,0,0,0,0,0,0,0,0,0,0,0,0,0,0,0,0,0,0,0
1627759,Jaylen Brown,BOS,202404290MIA,"Apr 29, 2024",MIA,17,18,4,20,39.53,43.02,-3.49,15,12,3,3,1,1,0,0,0,0,0,0,0,0,0,0,0,0,0,0,0,0,1,1
1631170,Jaime Jaquez Jr.,MIA,202404290MIA,"Apr 29, 2024",BOS,9,10,1,10,39.13,43.1,-3.97,7,6,2,0,0,0,0,0,1,3,0,0,0,0,0,0,0,0,0,0,0,0,0,0
1628997,Caleb Martin,MIA,202404290MIA,"Apr 29, 2024",BOS,18,14,2,15,47.37,60.48,-13.11,6,4,8,12,0,0,0,0,0,0,0,0,0,0,0,0,0,0,0,0,0,0,1,2
1629639,Tyler Herro,MIA,202404290MIA,"Apr 29, 2024",BOS,19,17,2,18,45.24,53.13,-7.89,10,10,6,6,0,0,0,0,1,3,0,0,1,0,0,0,0,0,0,0,0,0,0,0
1628369,Jayson Tatum,BOS,202404290MIA,"Apr 29, 2024",MIA,20,14,8,18,47.62,57.08,-9.46,8,6,6,6,3,6,0,0,0,0,0,0,0,0,1,2,0,0,0,0,0,0,0,0
1628401,Derrick White,BOS,202404290MIA,"Apr 29, 2024",MIA,38,26,0,26,56.72,73.08,-16.36,11,14,15,24,0,0,0,0,0,0,0,0,0,0,0,0,0,0,0,0,0,0,0,0
204001,Kristaps Porziņģis,BOS,202404290MIA,"Apr 29, 2024",MIA,7,5,4,7,41.18,51.78,-10.6,2,0,3,3,2,4,0,0,0,0,0,0,0,0,0,0,0,0,0,0,0,0,0,0
201143,Al Horford,BOS,202404290MIA,"Apr 29, 2024",MIA,7,5,0,5,53.85,70.0,-16.15,2,4,3,3,0,0,0,0,0,0,0,0,0,0,0,0,0,0,0,0,0,0,0,0
1630202,Payton Pritchard,BOS,202404290MIA,"Apr 29, 2024",MIA,0,4,0,4,0.0,0.0,0.0,3,0,1,0,0,0,0,0,0,0,0,0,0,0,0,0,0,0,0,0,0,0,0,0
1629312,Haywood Highsmith,MIA,202404290MIA,"Apr 29, 2024",BOS,3,6,1,6,18.75,23.29,-4.54,2,0,3,0,0,0,0,0,1,3,0,0,0,0,0,0,0,0,0,0,0,0,0,0
201567,Kevin Love,MIA,202404290MIA,"Apr 29, 2024",BOS,0,2,0,2,0.0,0.0,0.0,0,0,2,0,0,0,0,0,0,0,0,0,0,0,0,0,0,0,0,0,0,0,0,0
1630573,Sam Hauser,BOS,202404290MIA,"Apr 29, 2024",MIA,0,2,0,2,0.0,0.0,0.0,0,0,2,0,0,0,0,0,0,0,0,0,0,0,0,0,0,0,0,0,0,0,0,0
1626153,Delon Wright,MIA,202404290MIA,"Apr 29, 2024",BOS,2,2,0,2,50.0,50.0,0.0,2,2,0,0,0,0,0,0,0,0,0,0,0,0,0,0,0,0,0,0,0,0,0,0
201988,Patty Mills,MIA,202404290MIA,"Apr 29, 2024",BOS,9,8,3,9,39.13,48.28,-9.15,4,4,4,3,0,0,1,2,0,0,0,0,0,0,0,0,0,0,0,0,0,0,0,0
1629130,Duncan Robinson,MIA,202404290MIA,"Apr 29, 2024",BOS,0,1,0,1,0.0,0.0,0.0,0,0,1,0,0,0,0,0,0,0,0,0,0,0,0,0,0,0,0,0,0,0,0,0
1628436,Luke Kornet,BOS,202404290MIA,"Apr 29, 2024",MIA,2,2,0,2,50.0,50.0,0.0,2,2,0,0,0,0,0,0,0,0,0,0,0,0,0,0,0,0,0,0,0,0,0,0
1631119,Jaylin Williams,OKC,202404290NOP,"Apr 29, 2024",NOP,24,17,5,19,53.33,62.5,-9.17,10,12,6,6,1,2,0,0,1,3,0,0,0,0,0,0,0,0,0,0,0,0,1,1
1627742,Brandon Ingram,NOP,202404290NOP,"Apr 29, 2024",OKC,8,14,6,17,21.62,24.04,-2.42,11,4,3,0,1,1,0,0,0,0,0,0,0,0,0,0,0,0,0,0,0,0,2,3
1629652,Luguentz Dort,OKC,202404290NOP,"Apr 29, 2024",NOP,11,7,2,8,52.38,69.8,-17.42,2,4,5,6,1,1,0,0,0,0,0,0,0,0,0,0,0,0,0,0,0,0,0,0
valanjo01,J. ValanÄiÅ«nas,NOP,202404290NOP,"Apr 29, 2024",OKC,19,15,8,19,48.72,51.3,-2.58,14,12,1,0,4,7,0,0,0,0,0,0,0,0,0,0,0,0,0,0,0,0,0,0
1630581,Josh Giddey,OKC,202404290NOP,"Apr 29, 2024",NOP,14,10,0,10,53.85,70.0,-16.15,4,2,6,12,0,0,0,0,0,0,0,0,0,0,0,0,0,0,0,0,0,0,0,0
203468,CJ McCollum,NOP,202404290NOP,"Apr 29, 2024",OKC,20,16,0,16,51.28,62.5,-11.22,9,14,7,6,0,0,0,0,0,0,0,0,0,0,0,0,0,0,0,0,0,0,0,0
1630530,Trey Murphy III,NOP,202404290NOP,"Apr 29, 2024",OKC,7,10,0,10,25.93,35.0,-9.07,3,4,7,3,0,0,0,0,0,0,0,0,0,0,0,0,0,0,0,0,0,0,0,0
1630529,Herbert Jones,NOP,202404290NOP,"Apr 29, 2024",OKC,11,11,2,12,40.74,46.3,-5.56,8,6,3,3,1,2,0,0,0,0,0,0,0,0,0,0,0,0,0,0,0,0,0,0
1628983,Shai Gilgeous-Alexander,OKC,202404290NOP,"Apr 29, 2024",NOP,24,21,13,27,40.68,44.91,-4.23,16,12,4,3,2,2,0,0,1,3,0,0,0,0,0,0,0,0,0,0,0,0,4,4
1631096,Chet Holmgren,OKC,202404290NOP,"Apr 29, 2024",NOP,14,12,4,14,40.0,50.87,-10.87,5,8,7,3,2,3,0,0,0,0,0,0,0,0,0,0,0,0,0,0,0,0,0,0
1630198,Isaiah Joe,OKC,202404290NOP,"Apr 29, 2024",NOP,2,5,0,5,14.29,20.0,-5.71,1,2,4,0,0,0,0,0,0,0,0,0,0,0,0,0,0,0,0,0,0,0,0,0
1630230,Naji Marshall,NOP,202404290NOP,"Apr 29, 2024",OKC,16,9,2,10,59.26,80.97,-21.71,2,2,7,12,1,2,0,0,0,0,0,0,0,0,0,0,0,0,0,0,0,0,0,0
1626204,Larry Nance Jr.,NOP,202404290NOP,"Apr 29, 2024",OKC,6,4,2,5,50.0,61.48,-11.48,2,4,2,0,0,0,0,0,0,0,0,0,0,0,0,0,0,0,0,0,0,0,1,2
1630631,Jose Alvarado,NOP,202404290NOP,"Apr 29, 2024",OKC,2,4,0,4,18.18,25.0,-6.82,1,2,3,0,0,0,0,0,0,0,0,0,0,0,0,0,0,0,0,0,0,0,0,0
1641717,Cason Wallace,OKC,202404290NOP,"Apr 29, 2024",NOP,0,2,0,2,0.0,0.0,0.0,0,0,2,0,0,0,0,0,0,0,0,0,0,0,0,0,0,0,0,0,0,0,0,0
1630598,Aaron Wiggins,OKC,202404290NOP,"Apr 29, 2024",NOP,5,7,0,7,26.32,35.71,-9.39,2,2,5,3,0,0,0,0,0,0,0,0,0,0,0,0,0,0,0,0,0,0,0,0
1641722,Jordan Hawkins,NOP,202404290NOP,"Apr 29, 2024",OKC,0,2,0,2,0.0,0.0,0.0,1,0,1,0,0,0,0,0,0,0,0,0,0,0,0,0,0,0,0,0,0,0,0,0
1627750,Jamal Murray,DEN,202404290DEN,"Apr 29, 2024",LAL,32,28,1,29,47.76,56.26,-8.5,18,16,10,15,0,0,0,0,0,0,0,0,1,1,0,0,0,0,0,0,0,0,0,0
1626156,D'Angelo Russell,LAL,202404290DEN,"Apr 29, 2024",DEN,14,15,0,15,35.0,46.67,-11.67,5,8,10,6,0,0,0,0,0,0,0,0,0,0,0,0,0,0,0,0,0,0,0,0
203076,Anthony Davis,LAL,202404290DEN,"Apr 29, 2024",DEN,17,11,2,12,70.83,71.55,-0.72,11,16,0,0,1,1,0,0,0,0,0,0,0,0,0,0,0,0,0,0,0,0,0,0
1629060,Rui Hachimura,LAL,202404290DEN,"Apr 29, 2024",DEN,15,15,2,16,40.54,47.23,-6.69,10,8,5,6,1,1,0,0,0,0,0,0,0,0,0,0,0,0,0,0,0,0,0,0
203999,Nikola Jokić,DEN,202404290DEN,"Apr 29, 2024",LAL,25,21,0,21,53.19,59.52,-6.33,16,22,5,3,0,0,0,0,0,0,0,0,0,0,0,0,0,0,0,0,0,0,0,0
1629008,Michael Porter Jr.,DEN,202404290DEN,"Apr 29, 2024",LAL,26,12,6,14,70.27,88.8,-18.53,5,6,6,12,1,2,1,3,0,0,1,3,0,0,0,0,0,0,0,0,0,0,0,0
203932,Aaron Gordon,DEN,202404290DEN,"Apr 29, 2024",LAL,7,7,0,7,43.75,50.0,-6.25,5,4,2,3,0,0,0,0,0,0,0,0,0,0,0,0,0,0,0,0,0,0,0,0
2544,LeBron James,LAL,202404290DEN,"Apr 29, 2024",DEN,30,21,7,23,53.57,62.29,-8.72,11,10,7,9,2,3,0,0,3,8,0,0,0,0,0,0,0,0,0,0,0,0,0,0
1630559,Austin Reaves,LAL,202404290DEN,"Apr 29, 2024",DEN,19,11,8,15,55.88,65.43,-9.55,7,10,4,3,2,4,1,1,0,0,0,0,1,1,0,0,0,0,0,0,0,0,0,0
203484,Kentavious Caldwell-Pope,DEN,202404290DEN,"Apr 29, 2024",LAL,5,10,0,10,19.23,25.0,-5.77,4,2,6,3,0,0,0,0,0,0,0,0,0,0,0,0,0,0,0,0,0,0,0,0
1627752,Taurean Prince,LAL,202404290DEN,"Apr 29, 2024",DEN,4,5,4,7,23.53,29.59,-6.06,2,0,3,0,1,2,0,0,0,0,0,0,0,0,0,0,0,0,0,0,0,0,1,2
vincega01,G. Vincent,LAL,202404290DEN,"Apr 29, 2024",DEN,0,2,0,2,0.0,0.0,0.0,0,0,2,0,0,0,0,0,0,0,0,0,0,0,0,0,0,0,0,0,0,0,0,0
1631212,Peyton Watson,DEN,202404290DEN,"Apr 29, 2024",LAL,3,1,0,1,100.0,150.0,-50.0,0,0,1,3,0,0,0,0,0,0,0,0,0,0,0,0,0,0,0,0,0,0,0,0
202704,Reggie Jackson,DEN,202404290DEN,"Apr 29, 2024",LAL,8,8,0,8,36.36,50.0,-13.64,2,2,6,6,0,0,0,0,0,0,0,0,0,0,0,0,0,0,0,0,0,0,0,0
203915,Spencer Dinwiddie,LAL,202404290DEN,"Apr 29, 2024",DEN,6,4,2,5,42.86,61.48,-18.62,0,0,4,6,1,0,0,0,0,0,0,0,0,0,0,0,0,0,0,0,0,0,0,0
1631128,Christian Braun,DEN,202404290DEN,"Apr 29, 2024",LAL,2,2,2,3,28.57,34.72,-6.15,1,0,1,0,1,2,0,0,0,0,0,0,0,0,0,0,0,0,0,0,0,0,0,0
1629637,Jaxson Hayes,LAL,202404290DEN,"Apr 29, 2024",DEN,1,0,2,1,50.0,56.82,-6.82,0,0,0,0,1,1,0,0,0,0,0,0,0,0,0,0,0,0,0,0,0,0,0,0
200768,Kyle Lowry,PHI,202404300NYK,"Apr 30, 2024",NYK,0,4,0,4,0.0,0.0,0.0,1,0,3,0,0,0,0,0,0,0,0,0,0,0,0,0,0,0,0,0,0,0,0,0
1628392,Isaiah Hartenstein,NYK,202404300NYK,"Apr 30, 2024",PHI,6,2,4,4,75.0,79.79,-4.79,2,2,0,0,2,4,0,0,0,0,0,0,0,0,0,0,0,0,0,0,0,0,0,0
1628978,Donte DiVincenzo,NYK,202404300NYK,"Apr 30, 2024",PHI,9,10,2,11,31.03,41.36,-10.33,3,4,7,3,1,2,0,0,0,0,0,0,0,0,0,0,0,0,0,0,0,0,0,0
1630178,Tyrese Maxey,PHI,202404300NYK,"Apr 30, 2024",NYK,46,30,8,33,57.5,68.62,-11.12,17,18,11,18,1,0,0,0,1,2,1,4,0,0,0,0,0,0,0,0,0,0,2,4
1626162,Kelly Oubre Jr.,PHI,202404300NYK,"Apr 30, 2024",NYK,14,13,3,14,43.75,48.88,-5.13,9,10,3,0,1,2,0,0,1,2,0,0,0,0,0,0,0,0,0,0,0,0,0,0
202699,Tobias Harris,PHI,202404300NYK,"Apr 30, 2024",NYK,19,11,2,12,63.33,79.97,-16.64,5,8,6,9,0,0,0,0,0,0,0,0,0,0,0,0,0,0,0,0,0,0,1,2
1628404,Josh Hart,NYK,202404300NYK,"Apr 30, 2024",PHI,18,17,5,18,40.0,46.88,-6.88,8,6,6,3,0,0,0,0,3,8,0,0,0,0,0,0,0,0,0,0,0,0,1,1
203954,Joel Embiid,PHI,202404300NYK,"Apr 30, 2024",NYK,19,19,6,21,39.58,43.9,-4.32,13,8,4,3,2,2,0,0,2,6,0,0,0,0,0,0,0,0,0,0,0,0,0,0
1628973,Jalen Brunson,NYK,202404300NYK,"Apr 30, 2024",PHI,40,32,9,36,47.62,55.62,-8.0,20,20,11,12,2,2,0,0,1,3,0,0,0,0,1,1,0,0,0,0,0,0,1,2
1628384,OG Anunoby,NYK,202404300NYK,"Apr 30, 2024",PHI,17,12,2,13,54.84,65.99,-11.15,7,10,5,6,0,0,0,0,0,0,0,0,0,0,0,0,0,0,0,0,0,0,1,1
201587,Nicolas Batum,PHI,202404300NYK,"Apr 30, 2024",NYK,8,8,0,8,36.36,50.0,-13.64,2,2,6,6,0,0,0,0,0,0,0,0,0,0,0,0,0,0,0,0,0,0,0,0
1626166,Cameron Payne,PHI,202404300NYK,"Apr 30, 2024",NYK,6,5,0,5,40.0,60.0,-20.0,0,0,5,6,0,0,0,0,0,0,0,0,0,0,0,0,0,0,0,0,0,0,0,0
1630540,Miles McBride,NYK,202404300NYK,"Apr 30, 2024",PHI,14,11,0,11,48.28,63.64,-15.36,4,8,7,6,0,0,0,0,0,0,0,0,0,0,0,0,0,0,0,0,0,0,0,0
1629011,Mitchell Robinson,NYK,202404300NYK,"Apr 30, 2024",PHI,2,2,2,3,33.33,34.72,-1.39,2,2,0,0,1,0,0,0,0,0,0,0,0,0,0,0,0,0,0,0,0,0,0,0
1630194,Paul Reed,PHI,202404300NYK,"Apr 30, 2024",NYK,0,1,0,1,0.0,0.0,0.0,1,0,0,0,0,0,0,0,0,0,0,0,0,0,0,0,0,0,0,0,0,0,0,0
1628976,Wendell Carter Jr.,ORL,202404300CLE,"Apr 30, 2024",CLE,7,6,2,7,43.75,50.87,-7.12,4,6,2,0,1,1,0,0,0,0,0,0,0,0,0,0,0,0,0,0,0,0,0,0
1628378,Donovan Mitchell,CLE,202404300CLE,"Apr 30, 2024",ORL,28,23,10,28,44.44,51.09,-6.65,16,16,7,3,2,4,0,0,0,0,0,0,0,0,0,0,0,0,0,0,0,0,3,5
1629636,Darius Garland,CLE,202404300CLE,"Apr 30, 2024",ORL,23,16,3,17,57.5,66.4,-8.9,10,10,5,9,1,1,0,0,1,3,0,0,0,0,0,0,0,0,0,0,0,0,0,0
1631094,Paolo Banchero,ORL,202404300CLE,"Apr 30, 2024",CLE,39,24,8,28,61.9,70.86,-8.96,17,20,7,12,3,6,0,0,0,0,0,0,0,0,0,0,0,0,0,0,0,0,1,1
1630591,Jalen Suggs,ORL,202404300CLE,"Apr 30, 2024",CLE,13,14,4,16,35.14,41.24,-6.1,9,10,5,0,1,2,0,0,0,0,0,0,0,0,0,0,0,0,0,0,0,0,1,1
1630171,Isaac Okoro,CLE,202404300CLE,"Apr 30, 2024",ORL,8,10,2,11,28.57,36.76,-8.19,4,0,6,6,1,2,0,0,0,0,0,0,0,0,0,0,0,0,0,0,0,0,0,0
1630596,Evan Mobley,CLE,202404300CLE,"Apr 30, 2024",ORL,14,11,2,12,58.33,58.92,-0.59,11,14,0,0,1,0,0,0,0,0,0,0,0,0,0,0,0,0,0,0,0,0,0,0
1629622,Max Strus,CLE,202404300CLE,"Apr 30, 2024",ORL,16,13,0,13,44.44,61.54,-17.1,3,4,10,12,0,0,0,0,0,0,0,0,0,0,0,0,0,0,0,0,0,0,0,0
203914,Gary Harris,ORL,202404300CLE,"Apr 30, 2024",CLE,0,3,0,3,0.0,0.0,0.0,1,0,2,0,0,0,0,0,0,0,0,0,0,0,0,0,0,0,0,0,0,0,0,0
wagnemo01,M. Wagner,ORL,202404300CLE,"Apr 30, 2024",CLE,8,3,5,5,61.54,76.92,-15.38,0,0,2,3,2,2,0,0,1,3,0,0,0,0,0,0,0,0,0,0,0,0,0,0
wagnefr01,F. Wagner,ORL,202404300CLE,"Apr 30, 2024",CLE,14,11,8,15,38.89,48.21,-9.32,5,4,6,3,4,7,0,0,0,0,0,0,0,0,0,0,0,0,0,0,0,0,0,0
1627747,Caris LeVert,CLE,202404300CLE,"Apr 30, 2024",ORL,3,3,0,3,37.5,50.0,-12.5,1,0,2,3,0,0,0,0,0,0,0,0,0,0,0,0,0,0,0,0,0,0,0,0
1628420,Monte Morris,CLE,202404300CLE,"Apr 30, 2024",ORL,12,9,2,10,48.0,60.73,-12.73,4,4,5,6,1,2,0,0,0,0,0,0,0,0,0,0,0,0,0,0,0,0,0,0
1628365,Markelle Fultz,ORL,202404300CLE,"Apr 30, 2024",CLE,7,3,2,4,87.5,90.21,-2.71,3,6,0,0,0,0,0,0,0,0,0,0,0,0,0,0,0,0,0,0,0,0,1,1
1630175,Cole Anthony,ORL,202404300CLE,"Apr 30, 2024",CLE,2,4,0,4,22.22,25.0,-2.78,3,2,1,0,0,0,0,0,0,0,0,0,0,0,0,0,0,0,0,0,0,0,0,0
1630241,Sam Merrill,CLE,202404300CLE,"Apr 30, 2024",ORL,0,2,0,2,0.0,0.0,0.0,0,0,2,0,0,0,0,0,0,0,0,0,0,0,0,0,0,0,0,0,0,0,0,0
1628371,Jonathan Isaac,ORL,202404300CLE,"Apr 30, 2024",CLE,7,5,0,5,53.85,70.0,-16.15,2,4,3,3,0,0,0,0,0,0,0,0,0,0,0,0,0,0,0,0,0,0,0,0
202684,Tristan Thompson,CLE,202404300CLE,"Apr 30, 2024",ORL,0,1,0,1,0.0,0.0,0.0,1,0,0,0,0,0,0,0,0,0,0,0,0,0,0,0,0,0,0,0,0,0,0,0
204060,Joe Ingles,ORL,202404300CLE,"Apr 30, 2024",CLE,6,5,0,5,46.15,60.0,-13.85,2,0,3,6,0,0,0,0,0,0,0,0,0,0,0,0,0,0,0,0,0,0,0,0
201572,Brook Lopez,MIL,202404300MIL,"Apr 30, 2024",IND,12,10,2,11,48.0,55.15,-7.15,7,10,3,0,1,2,0,0,0,0,0,0,0,0,0,0,0,0,0,0,0,0,0,0
1629614,Andrew Nembhard,IND,202404300MIL,"Apr 30, 2024",MIL,12,12,0,12,46.15,50.0,-3.85,10,12,2,0,0,0,0,0,0,0,0,0,0,0,0,0,0,0,0,0,0,0,0,0
beverpa01,P. Beverley,MIL,202404300MIL,"Apr 30, 2024",IND,13,7,5,9,61.9,70.65,-8.75,4,4,2,3,1,2,0,0,1,3,0,0,0,0,0,0,0,0,0,0,0,0,1,1
1630169,Tyrese Haliburton,IND,202404300MIL,"Apr 30, 2024",MIL,16,14,0,14,42.11,57.14,-15.03,4,4,10,12,0,0,0,0,0,0,0,0,0,0,0,0,0,0,0,0,0,0,0,0
1630174,Aaron Nesmith,MIL,202404300MIL,"Apr 30, 2024",IND,7,9,0,9,30.43,38.89,-8.46,4,4,5,3,0,0,0,0,0,0,0,0,0,0,0,0,0,0,0,0,0,0,0,0
203114,Khris Middleton,MIL,202404300MIL,"Apr 30, 2024",IND,29,20,9,24,51.79,60.52,-8.73,12,8,7,12,1,1,1,3,1,2,0,0,1,1,0,0,0,0,0,0,0,0,1,2
turnemy01,M. Turner,IND,202404300MIL,"Apr 30, 2024",MIL,13,9,0,9,59.09,72.22,-13.13,5,10,4,3,0,0,0,0,0,0,0,0,0,0,0,0,0,0,0,0,0,0,0,0
1626171,Bobby Portis,MIL,202404300MIL,"Apr 30, 2024",IND,29,24,0,24,56.86,60.42,-3.56,21,26,3,3,0,0,0,0,0,0,0,0,0,0,0,0,0,0,0,0,0,0,0,0
1627783,Pascal Siakam,IND,202404300MIL,"Apr 30, 2024",MIL,12,12,5,14,36.36,42.25,-5.89,7,6,4,3,2,1,0,0,1,2,0,0,0,0,0,0,0,0,0,0,0,0,0,0
1641767,Ben Sheppard,IND,202404300MIL,"Apr 30, 2024",MIL,7,4,2,5,50.0,71.72,-21.72,0,0,4,6,1,1,0,0,0,0,0,0,0,0,0,0,0,0,0,0,0,0,0,0
toppiob01,O. Toppin,IND,202404300MIL,"Apr 30, 2024",MIL,12,7,4,9,52.17,68.49,-16.32,2,2,5,6,2,4,0,0,0,0,0,0,0,0,0,0,0,0,0,0,0,0,0,0
1631260,AJ Green,MIL,202404300MIL,"Apr 30, 2024",IND,0,1,0,1,0.0,0.0,0.0,0,0,1,0,0,0,0,0,0,0,0,0,0,0,0,0,0,0,0,0,0,0,0,0
1641748,Andre Jackson Jr.,MIL,202404300MIL,"Apr 30, 2024",IND,0,2,0,2,0.0,0.0,0.0,0,0,2,0,0,0,0,0,0,0,0,0,0,0,0,0,0,0,0,0,0,0,0,0
1626192,Pat Connaughton,MIL,202404300MIL,"Apr 30, 2024",IND,9,6,0,6,60.0,75.0,-15.0,3,6,3,3,0,0,0,0,0,0,0,0,0,0,0,0,0,0,0,0,0,0,0,0
1627736,Malik Beasley,MIL,202404300MIL,"Apr 30, 2024",IND,18,11,0,11,64.29,81.82,-17.53,5,6,6,12,0,0,0,0,0,0,0,0,0,0,0,0,0,0,0,0,0,0,0,0
204456,T.J. McConnell,IND,202404300MIL,"Apr 30, 2024",MIL,6,10,0,10,27.27,30.0,-2.73,8,6,2,0,0,0,0,0,0,0,0,0,0,0,0,0,0,0,0,0,0,0,0,0
203926,Doug McDermott,IND,202404300MIL,"Apr 30, 2024",MIL,3,2,0,2,50.0,75.0,-25.0,0,0,2,3,0,0,0,0,0,0,0,0,0,0,0,0,0,0,0,0,0,0,0,0
gallida01,D. Gallinari,MIL,202404300MIL,"Apr 30, 2024",IND,4,3,2,4,40.0,51.55,-11.55,1,2,2,0,1,2,0,0,0,0,0,0,0,0,0,0,0,0,0,0,0,0,0,0
1630543,Isaiah Jackson,IND,202404300MIL,"Apr 30, 2024",MIL,4,2,2,3,66.67,69.44,-2.77,2,2,0,0,1,2,0,0,0,0,0,0,0,0,0,0,0,0,0,0,0,0,0,0
1630699,MarJon Beauchamp,MIL,202404300MIL,"Apr 30, 2024",IND,1,0,2,1,50.0,56.82,-6.82,0,0,0,0,1,1,0,0,0,0,0,0,0,0,0,0,0,0,0,0,0,0,0,0
201950,Jrue Holiday,BOS,202405010BOS,"May 1, 2024",MIA,10,5,2,6,62.5,85.03,-22.53,1,2,4,6,1,2,0,0,0,0,0,0,0,0,0,0,0,0,0,0,0,0,0,0
1631107,Nikola Jović,MIA,202405010BOS,"May 1, 2024",BOS,8,7,2,8,42.11,50.76,-8.65,4,6,3,0,1,2,0,0,0,0,0,0,0,0,0,0,0,0,0,0,0,0,0,0
1629639,Tyler Herro,MIA,202405010BOS,"May 1, 2024",BOS,15,19,2,20,31.25,37.73,-6.48,11,10,8,3,1,2,0,0,0,0,0,0,0,0,0,0,0,0,0,0,0,0,0,0
1627759,Jaylen Brown,BOS,202405010BOS,"May 1, 2024",MIA,25,19,5,21,50.0,58.96,-8.96,11,18,7,3,2,2,0,0,1,2,0,0,0,0,0,0,0,0,0,0,0,0,0,0
1628389,Bam Adebayo,MIA,202405010BOS,"May 1, 2024",BOS,23,26,2,27,40.35,42.78,-2.43,22,16,3,3,0,0,0,0,1,3,0,0,1,1,0,0,0,0,0,0,0,0,0,0
1628401,Derrick White,BOS,202405010BOS,"May 1, 2024",MIA,25,13,5,15,60.98,82.24,-21.26,3,6,10,15,1,2,1,2,0,0,0,0,0,0,0,0,0,0,0,0,0,0,0,0
1628369,Jayson Tatum,MIA,202405010BOS,"May 1, 2024",BOS,16,9,9,14,51.61,61.73,-10.12,5,4,4,6,4,5,0,0,0,0,0,0,1,1,0,0,0,0,0,0,0,0,0,0
1628997,Caleb Martin,MIA,202405010BOS,"May 1, 2024",BOS,10,9,1,9,41.67,52.97,-11.3,3,4,5,3,0,0,0,0,1,3,0,0,0,0,0,0,0,0,0,0,0,0,0,0
201143,Al Horford,BOS,202405010BOS,"May 1, 2024",MIA,8,4,2,5,66.67,81.97,-15.3,2,4,2,3,0,0,0,0,0,0,0,0,0,0,0,0,0,0,0,0,0,0,1,1
1626153,Delon Wright,MIA,202405010BOS,"May 1, 2024",BOS,8,7,0,7,50.0,57.14,-7.14,5,8,2,0,0,0,0,0,0,0,0,0,0,0,0,0,0,0,0,0,0,0,0,0
1630202,Payton Pritchard,BOS,202405010BOS,"May 1, 2024",MIA,7,8,4,10,30.43,35.86,-5.43,5,4,3,0,1,1,0,0,0,0,0,0,0,0,0,0,0,0,0,0,0,0,1,2
1629312,Haywood Highsmith,MIA,202405010BOS,"May 1, 2024",BOS,4,5,0,5,33.33,40.0,-6.67,3,4,2,0,0,0,0,0,0,0,0,0,0,0,0,0,0,0,0,0,0,0,0,0
201988,Patty Mills,MIA,202405010BOS,"May 1, 2024",BOS,2,3,0,3,25.0,33.33,-8.33,1,2,2,0,0,0,0,0,0,0,0,0,0,0,0,0,0,0,0,0,0,0,0,0
1630573,Sam Hauser,BOS,202405010BOS,"May 1, 2024",MIA,17,10,0,10,60.71,85.0,-24.29,2,2,8,15,0,0,0,0,0,0,0,0,0,0,0,0,0,0,0,0,0,0,0,0
1628436,Luke Kornet,BOS,202405010BOS,"May 1, 2024",MIA,2,1,0,1,100.0,100.0,0.0,1,2,0,0,0,0,0,0,0,0,0,0,0,0,0,0,0,0,0,0,0,0,0,0
1629130,Duncan Robinson,MIA,202405010BOS,"May 1, 2024",BOS,2,3,0,3,25.0,33.33,-8.33,1,2,2,0,0,0,0,0,0,0,0,0,0,0,0,0,0,0,0,0,0,0,0,0
201567,Kevin Love,MIA,202405010BOS,"May 1, 2024",BOS,2,2,0,2,50.0,50.0,0.0,2,2,0,0,0,0,0,0,0,0,0,0,0,0,0,0,0,0,0,0,0,0,0,0
1628418,Thomas Bryant,MIA,202405010BOS,"May 1, 2024",BOS,10,6,3,7,58.82,68.31,-9.49,3,6,2,0,1,1,0,0,1,3,0,0,0,0,0,0,0,0,0,0,0,0,0,0
1629004,Svi Mykhailiuk,BOS,202405010BOS,"May 1, 2024",MIA,0,2,0,2,0.0,0.0,0.0,0,0,2,0,0,0,0,0,0,0,0,0,0,0,0,0,0,0,0,0,0,0,0,0
1630531,Jaden Springer,BOS,202405010BOS,"May 1, 2024",MIA,2,1,0,1,100.0,100.0,0.0,1,2,0,0,0,0,0,0,0,0,0,0,0,0,0,0,0,0,0,0,0,0,0,0
1630214,Xavier Tillman,BOS,202405010BOS,"May 1, 2024",MIA,2,1,0,1,100.0,100.0,0.0,1,2,0,0,0,0,0,0,0,0,0,0,0,0,0,0,0,0,0,0,0,0,0,0
1629052,Oshae Brissett,BOS,202405010BOS,"May 1, 2024",MIA,4,4,0,4,50.0,50.0,0.0,4,4,0,0,0,0,0,0,0,0,0,0,0,0,0,0,0,0,0,0,0,0,0,0
202681,Kyrie Irving,DAL,202405010LAC,"May 1, 2024",LAC,14,14,1,14,38.89,48.48,-9.59,6,8,7,3,0,0,0,0,1,3,0,0,0,0,0,0,0,0,0,0,0,0,0,0
201935,James Harden,LAC,202405010LAC,"May 1, 2024",DAL,7,12,2,13,21.21,27.17,-5.96,5,2,7,3,1,2,0,0,0,0,0,0,0,0,0,0,0,0,0,0,0,0,0,0
1629023,P.J. Washington,DAL,202405010LAC,"May 1, 2024",LAC,2,7,2,8,10.0,12.69,-2.69,3,2,4,0,1,0,0,0,0,0,0,0,0,0,0,0,0,0,0,0,0,0,0,0
1629029,Luka Dončić,LAC,202405010LAC,"May 1, 2024",DAL,35,26,5,27,53.85,62.06,-8.21,15,18,8,6,1,2,0,0,3,9,0,0,0,0,0,0,0,0,0,0,0,0,0,0
202331,Paul George,LAC,202405010LAC,"May 1, 2024",DAL,15,13,6,16,39.47,47.95,-8.48,7,4,6,6,1,1,0,0,0,0,0,0,0,0,0,0,0,0,0,0,0,0,2,4
1627826,Ivica Zubac,LAC,202405010LAC,"May 1, 2024",DAL,15,8,1,8,88.24,88.86,-0.62,7,12,0,0,0,0,0,0,1,3,0,0,0,0,0,0,0,0,0,0,0,0,0,0
1629655,Daniel Gafford,DAL,202405010LAC,"May 1, 2024",LAC,8,4,6,7,57.14,60.24,-3.1,4,4,0,0,3,4,0,0,0,0,0,0,0,0,0,0,0,0,0,0,0,0,0,0
1627884,Derrick Jones Jr.,DAL,202405010LAC,"May 1, 2024",LAC,12,7,1,7,63.16,80.65,-17.49,2,4,4,6,0,0,0,0,1,2,0,0,0,0,0,0,0,0,0,0,0,0,0,0
1629611,Terance Mann,LAC,202405010LAC,"May 1, 2024",DAL,11,10,0,10,45.83,55.0,-9.17,6,8,4,3,0,0,0,0,0,0,0,0,0,0,0,0,0,0,0,0,0,0,0,0
1641726,Dereck Lively II,DAL,202405010LAC,"May 1, 2024",LAC,12,5,2,6,100.0,102.04,-2.04,5,10,0,0,1,2,0,0,0,0,0,0,0,0,0,0,0,0,0,0,0,0,0,0
1628467,Maxi Kleber,DAL,202405010LAC,"May 1, 2024",LAC,15,7,0,7,71.43,107.14,-35.71,0,0,7,15,0,0,0,0,0,0,0,0,0,0,0,0,0,0,0,0,0,0,0,0
1629599,Amir Coffey,LAC,202405010LAC,"May 1, 2024",DAL,3,6,0,6,18.75,25.0,-6.25,2,0,4,3,0,0,0,0,0,0,0,0,0,0,0,0,0,0,0,0,0,0,0,0
203957,Dante Exum,DAL,202405010LAC,"May 1, 2024",LAC,4,4,0,4,50.0,50.0,0.0,4,4,0,0,0,0,0,0,0,0,0,0,0,0,0,0,0,0,0,0,0,0,0,0
1630182,Josh Green,DAL,202405010LAC,"May 1, 2024",LAC,4,3,1,3,40.0,58.14,-18.14,0,0,2,0,0,0,0,0,0,0,1,4,0,0,0,0,0,0,0,0,0,0,0,0
203486,Mason Plumlee,LAC,202405010LAC,"May 1, 2024",DAL,3,6,2,7,21.43,21.8,-0.37,6,2,0,0,1,1,0,0,0,0,0,0,0,0,0,0,0,0,0,0,0,0,0,0
1626181,Norman Powell,LAC,202405010LAC,"May 1, 2024",DAL,14,12,4,14,41.18,50.87,-9.69,6,8,6,3,2,3,0,0,0,0,0,0,0,0,0,0,0,0,0,0,0,0,0,0
201566,Russell Westbrook,LAC,202405010LAC,"May 1, 2024",DAL,6,11,2,12,22.22,25.25,-3.03,8,4,3,0,1,2,0,0,0,0,0,0,0,0,0,0,0,0,0,0,0,0,0,0
tuckepj01,P. Tucker,LAC,202405010LAC,"May 1, 2024",DAL,3,1,0,1,100.0,150.0,-50.0,0,0,1,3,0,0,0,0,0,0,0,0,0,0,0,0,0,0,0,0,0,0,0,0
1630538,Bones Hyland,LAC,202405010LAC,"May 1, 2024",DAL,11,5,4,7,64.71,81.36,-16.65,2,4,3,3,1,2,0,0,0,0,0,0,0,0,0,0,0,0,0,0,0,0,1,2
1630639,A.J. Lawson,DAL,202405010LAC,"May 1, 2024",LAC,3,2,0,2,50.0,75.0,-25.0,0,0,2,3,0,0,0,0,0,0,0,0,0,0,0,0,0,0,0,0,0,0,0,0
1630527,Brandon Boston,LAC,202405010LAC,"May 1, 2024",DAL,2,2,0,2,50.0,50.0,0.0,2,2,0,0,0,0,0,0,0,0,0,0,0,0,0,0,0,0,0,0,0,0,0,0
1630702,Jaden Hardy,DAL,202405010LAC,"May 1, 2024",LAC,14,8,2,9,63.64,78.83,-15.19,4,6,4,6,1,2,0,0,0,0,0,0,0,0,0,0,0,0,0,0,0,0,0,0
1628464,Daniel Theis,LAC,202405010LAC,"May 1, 2024",DAL,3,1,0,1,100.0,150.0,-50.0,0,0,1,3,0,0,0,0,0,0,0,0,0,0,0,0,0,0,0,0,0,0,0,0
203114,Khris Middleton,MIL,202405020IND,"May 2, 2024",IND,14,15,1,15,40.0,45.34,-5.34,10,8,4,3,0,0,0,0,1,3,0,0,0,0,0,0,0,0,0,0,0,0,0,0
1630169,Tyrese Haliburton,IND,202405020IND,"May 2, 2024",MIL,17,16,1,16,39.53,51.7,-12.17,5,8,10,6,0,0,0,0,1,3,0,0,0,0,0,0,0,0,0,0,0,0,0,0
beverpa01,P. Beverley,MIL,202405020IND,"May 2, 2024",IND,6,11,0,11,24.0,27.27,-3.27,8,6,3,0,0,0,0,0,0,0,0,0,0,0,0,0,0,0,0,0,0,0,0,0
1629614,Andrew Nembhard,IND,202405020IND,"May 2, 2024",MIL,14,9,1,9,63.64,74.15,-10.51,5,8,3,3,0,0,0,0,1,3,0,0,0,0,0,0,0,0,0,0,0,0,0,0
201572,Brook Lopez,MIL,202405020IND,"May 2, 2024",IND,20,12,9,16,57.14,62.66,-5.52,9,12,2,0,4,6,0,0,1,2,0,0,0,0,0,0,0,0,0,0,0,0,0,0
turnemy01,M. Turner,IND,202405020IND,"May 2, 2024",MIL,5,6,4,8,26.32,32.22,-5.9,3,2,3,0,2,3,0,0,0,0,0,0,0,0,0,0,0,0,0,0,0,0,0,0
1626171,Bobby Portis,MIL,202405020IND,"May 2, 2024",IND,20,17,7,20,47.62,49.8,-2.18,15,12,1,3,2,2,0,0,1,2,0,0,0,0,0,0,0,0,0,0,0,0,1,1
203081,Damian Lillard,MIL,202405020IND,"May 2, 2024",IND,28,16,10,21,51.85,68.63,-16.78,4,6,12,12,4,8,0,0,0,0,0,0,0,0,0,0,0,0,0,0,0,0,1,2
1630174,Aaron Nesmith,IND,202405020IND,"May 2, 2024",MIL,15,10,2,11,51.72,68.93,-17.21,3,4,7,9,0,0,0,0,0,0,0,0,0,0,0,0,0,0,0,0,0,0,1,2
204456,T.J. McConnell,IND,202405020IND,"May 2, 2024",MIL,20,9,4,11,83.33,92.94,-9.61,7,10,2,6,2,4,0,0,0,0,0,0,0,0,0,0,0,0,0,0,0,0,0,0
toppiob01,O. Toppin,IND,202405020IND,"May 2, 2024",MIL,21,15,2,16,50.0,66.12,-16.12,5,10,10,9,1,2,0,0,0,0,0,0,0,0,0,0,0,0,0,0,0,0,0,0
gallida01,D. Gallinari,MIL,202405020IND,"May 2, 2024",IND,1,0,2,1,50.0,56.82,-6.82,0,0,0,0,1,1,0,0,0,0,0,0,0,0,0,0,0,0,0,0,0,0,0,0
1627736,Malik Beasley,MIL,202405020IND,"May 2, 2024",IND,2,5,0,5,16.67,20.0,-3.33,3,2,2,0,0,0,0,0,0,0,0,0,0,0,0,0,0,0,0,0,0,0,0,0
1626192,Pat Connaughton,MIL,202405020IND,"May 2, 2024",IND,3,4,0,4,30.0,37.5,-7.5,2,0,2,3,0,0,0,0,0,0,0,0,0,0,0,0,0,0,0,0,0,0,0,0
1627783,Pascal Siakam,IND,202405020IND,"May 2, 2024",MIL,19,15,0,15,57.58,63.33,-5.75,12,16,3,3,0,0,0,0,0,0,0,0,0,0,0,0,0,0,0,0,0,0,0,0
1641767,Ben Sheppard,IND,202405020IND,"May 2, 2024",MIL,3,3,0,3,37.5,50.0,-12.5,1,0,2,3,0,0,0,0,0,0,0,0,0,0,0,0,0,0,0,0,0,0,0,0
1630543,Isaiah Jackson,IND,202405020IND,"May 2, 2024",MIL,4,1,3,2,80.0,86.21,-6.21,0,0,0,0,1,1,0,0,1,3,0,0,0,0,0,0,0,0,0,0,0,0,0,0
1641748,Andre Jackson Jr.,MIL,202405020IND,"May 2, 2024",IND,2,1,0,1,100.0,100.0,0.0,1,2,0,0,0,0,0,0,0,0,0,0,0,0,0,0,0,0,0,0,0,0,0,0
1630699,MarJon Beauchamp,MIL,202405020IND,"May 2, 2024",IND,0,1,0,1,0.0,0.0,0.0,0,0,1,0,0,0,0,0,0,0,0,0,0,0,0,0,0,0,0,0,0,0,0,0
1641753,Chris Livingston,MIL,202405020IND,"May 2, 2024",IND,2,1,3,2,40.0,43.1,-3.1,0,0,0,0,1,0,0,0,1,2,0,0,0,0,0,0,0,0,0,0,0,0,0,0
1641738,Kobe Brown,IND,202405020IND,"May 2, 2024",MIL,2,1,0,1,100.0,100.0,0.0,1,2,0,0,0,0,0,0,0,0,0,0,0,0,0,0,0,0,0,0,0,0,0,0
1628973,Jalen Brunson,NYK,202405020PHI,"May 2, 2024",PHI,41,27,16,33,52.56,60.22,-7.66,16,14,8,9,3,6,1,3,3,7,0,0,0,0,0,0,0,0,0,0,0,0,2,2
1630178,Tyrese Maxey,PHI,202405020PHI,"May 2, 2024",NYK,17,18,4,19,36.96,43.02,-6.06,10,6,6,3,0,0,0,0,2,6,0,0,0,0,0,0,0,0,0,0,0,0,1,2
1626162,Kelly Oubre Jr.,PHI,202405020PHI,"May 2, 2024",NYK,17,14,0,14,48.57,60.71,-12.14,7,8,7,9,0,0,0,0,0,0,0,0,0,0,0,0,0,0,0,0,0,0,0,0
1628392,Isaiah Hartenstein,NYK,202405020PHI,"May 2, 2024",PHI,14,13,0,13,53.85,53.85,0.0,13,14,0,0,0,0,0,0,0,0,0,0,0,0,0,0,0,0,0,0,0,0,0,0
1628978,Donte DiVincenzo,NYK,202405020PHI,"May 2, 2024",PHI,23,18,2,19,48.94,60.91,-11.97,9,6,9,15,0,0,0,0,0,0,0,0,0,0,0,0,0,0,0,0,0,0,1,2
1628384,OG Anunoby,NYK,202405020PHI,"May 2, 2024",PHI,19,17,3,18,45.24,51.86,-6.62,11,10,5,6,1,1,0,0,1,2,0,0,0,0,0,0,0,0,0,0,0,0,0,0
203954,Joel Embiid,PHI,202405020PHI,"May 2, 2024",NYK,39,25,13,31,57.35,63.48,-6.13,19,18,5,6,6,12,0,0,1,3,0,0,0,0,0,0,0,0,0,0,0,0,0,0
202699,Tobias Harris,PHI,202405020PHI,"May 2, 2024",NYK,0,2,0,2,0.0,0.0,0.0,2,0,0,0,0,0,0,0,0,0,0,0,0,0,0,0,0,0,0,0,0,0,0,0
200768,Kyle Lowry,PHI,202405020PHI,"May 2, 2024",NYK,0,2,0,2,0.0,0.0,0.0,0,0,2,0,0,0,0,0,0,0,0,0,0,0,0,0,0,0,0,0,0,0,0,0
1629011,Mitchell Robinson,NYK,202405020PHI,"May 2, 2024",PHI,2,3,0,3,33.33,33.33,0.0,3,2,0,0,0,0,0,0,0,0,0,0,0,0,0,0,0,0,0,0,0,0,0,0
201587,Nicolas Batum,PHI,202405020PHI,"May 2, 2024",NYK,16,7,4,9,69.57,91.32,-21.75,2,4,5,9,1,1,0,0,0,0,0,0,0,0,0,0,0,0,0,0,0,0,1,2
1626166,Cameron Payne,PHI,202405020PHI,"May 2, 2024",NYK,6,8,0,8,27.27,37.5,-10.23,2,0,6,6,0,0,0,0,0,0,0,0,0,0,0,0,0,0,0,0,0,0,0,0
1628404,Josh Hart,NYK,202405020PHI,"May 2, 2024",PHI,16,11,3,12,53.33,64.94,-11.61,5,2,5,9,0,0,0,0,1,3,0,0,0,0,0,0,0,0,0,0,0,0,1,2
1630194,Paul Reed,PHI,202405020PHI,"May 2, 2024",NYK,0,1,0,1,0.0,0.0,0.0,1,0,0,0,0,0,0,0,0,0,0,0,0,0,0,0,0,0,0,0,0,0,0,0
1630540,Miles McBride,NYK,202405020PHI,"May 2, 2024",PHI,3,4,0,4,25.0,37.5,-12.5,0,0,4,3,0,0,0,0,0,0,0,0,0,0,0,0,0,0,0,0,0,0,0,0
1627741,Buddy Hield,PHI,202405020PHI,"May 2, 2024",NYK,20,10,2,11,64.52,91.91,-27.39,1,0,9,18,1,2,0,0,0,0,0,0,0,0,0,0,0,0,0,0,0,0,0,0
1629622,Max Strus,CLE,202405030ORL,"May 3, 2024",ORL,10,7,0,7,52.63,71.43,-18.8,2,4,5,6,0,0,0,0,0,0,0,0,0,0,0,0,0,0,0,0,0,0,0,0
1628371,Jonathan Isaac,ORL,202405030ORL,"May 3, 2024",CLE,0,5,0,5,0.0,0.0,0.0,3,0,2,0,0,0,0,0,0,0,0,0,0,0,0,0,0,0,0,0,0,0,0,0
1628420,Monte Morris,CLE,202405030ORL,"May 3, 2024",ORL,2,7,0,7,11.11,14.29,-3.18,3,2,4,0,0,0,0,0,0,0,0,0,0,0,0,0,0,0,0,0,0,0,0,0
1628378,Donovan Mitchell,CLE,202405030ORL,"May 3, 2024",ORL,50,36,6,39,57.47,64.7,-7.23,27,38,9,9,3,3,0,0,0,0,0,0,0,0,0,0,0,0,0,0,0,0,0,0
1628976,Wendell Carter Jr.,ORL,202405030ORL,"May 3, 2024",CLE,11,11,2,12,35.48,46.3,-10.82,4,6,7,3,0,0,0,0,0,0,0,0,0,0,0,0,0,0,0,0,0,0,1,2
1629636,Darius Garland,CLE,202405030ORL,"May 3, 2024",ORL,21,17,0,17,55.26,61.76,-6.5,13,18,4,3,0,0,0,0,0,0,0,0,0,0,0,0,0,0,0,0,0,0,0,0
1630591,Jalen Suggs,ORL,202405030ORL,"May 3, 2024",CLE,22,16,3,17,45.83,63.51,-17.68,3,2,12,15,0,0,0,0,0,0,1,4,0,0,0,0,0,0,0,0,0,0,1,1
wagnefr01,F. Wagner,ORL,202405030ORL,"May 3, 2024",CLE,26,16,11,21,54.17,62.38,-8.21,10,10,5,3,5,10,0,0,1,3,0,0,0,0,0,0,0,0,0,0,0,0,0,0
1630596,Evan Mobley,CLE,202405030ORL,"May 3, 2024",ORL,3,5,2,6,25.0,25.51,-0.51,5,2,0,0,1,1,0,0,0,0,0,0,0,0,0,0,0,0,0,0,0,0,0,0
1631094,Paolo Banchero,ORL,202405030ORL,"May 3, 2024",CLE,27,20,10,24,49.09,55.33,-6.24,13,10,5,6,2,3,0,0,2,4,0,0,0,0,0,0,0,0,0,0,0,0,2,4
1628365,Markelle Fultz,ORL,202405030ORL,"May 3, 2024",CLE,6,6,0,6,50.0,50.0,0.0,6,6,0,0,0,0,0,0,0,0,0,0,0,0,0,0,0,0,0,0,0,0,0,0
1627747,Caris LeVert,CLE,202405030ORL,"May 3, 2024",ORL,1,1,2,2,25.0,26.6,-1.6,1,0,0,0,1,1,0,0,0,0,0,0,0,0,0,0,0,0,0,0,0,0,0,0
1630171,Isaac Okoro,CLE,202405030ORL,"May 3, 2024",ORL,4,5,0,5,33.33,40.0,-6.67,3,4,2,0,0,0,0,0,0,0,0,0,0,0,0,0,0,0,0,0,0,0,0,0
1627777,Georges Niang,CLE,202405030ORL,"May 3, 2024",ORL,3,5,0,5,21.43,30.0,-8.57,1,0,4,3,0,0,0,0,0,0,0,0,0,0,0,0,0,0,0,0,0,0,0,0
202684,Tristan Thompson,CLE,202405030ORL,"May 3, 2024",ORL,2,3,0,3,33.33,33.33,0.0,3,2,0,0,0,0,0,0,0,0,0,0,0,0,0,0,0,0,0,0,0,0,0,0
1630175,Cole Anthony,ORL,202405030ORL,"May 3, 2024",CLE,9,10,0,10,39.13,45.0,-5.87,7,6,3,3,0,0,0,0,0,0,0,0,0,0,0,0,0,0,0,0,0,0,0,0
wagnemo01,M. Wagner,ORL,202405030ORL,"May 3, 2024",CLE,2,5,0,5,18.18,20.0,-1.82,4,2,1,0,0,0,0,0,0,0,0,0,0,0,0,0,0,0,0,0,0,0,0,0
1629029,Luka Dončić,DAL,202405030DAL,"May 3, 2024",LAC,28,26,11,31,38.36,45.4,-7.04,15,14,10,3,3,6,0,0,1,2,0,0,0,0,0,0,0,0,0,0,0,0,2,3
202681,Kyrie Irving,LAC,202405030DAL,"May 3, 2024",DAL,30,19,5,21,57.69,70.75,-13.06,10,12,8,12,1,0,0,0,0,0,1,4,0,0,0,0,0,0,0,0,0,0,1,2
201935,James Harden,LAC,202405030DAL,"May 3, 2024",DAL,16,16,7,19,35.56,41.93,-6.37,9,8,6,0,2,3,0,0,1,3,0,0,0,0,0,0,0,0,0,0,0,0,1,2
1627884,Derrick Jones Jr.,DAL,202405030DAL,"May 3, 2024",LAC,6,5,0,5,54.55,60.0,-5.45,4,6,1,0,0,0,0,0,0,0,0,0,0,0,0,0,0,0,0,0,0,0,0,0
1629655,Daniel Gafford,DAL,202405030DAL,"May 3, 2024",LAC,13,8,3,9,68.42,69.74,-1.32,7,8,0,0,1,2,0,0,1,3,0,0,0,0,0,0,0,0,0,0,0,0,0,0
1629023,P.J. Washington,DAL,202405030DAL,"May 3, 2024",LAC,14,9,4,11,46.67,65.06,-18.39,1,0,8,12,2,2,0,0,0,0,0,0,0,0,0,0,0,0,0,0,0,0,0,0
202331,Paul George,LAC,202405030DAL,"May 3, 2024",DAL,18,18,4,20,36.0,45.55,-9.55,8,8,10,6,0,0,0,0,0,0,0,0,0,0,0,0,0,0,0,0,0,0,2,4
1629611,Terance Mann,LAC,202405030DAL,"May 3, 2024",DAL,14,9,2,10,58.33,70.85,-12.52,5,6,4,6,1,2,0,0,0,0,0,0,0,0,0,0,0,0,0,0,0,0,0,0
tuckepj01,P. Tucker,LAC,202405030DAL,"May 3, 2024",DAL,8,5,0,5,61.54,80.0,-18.46,2,2,3,6,0,0,0,0,0,0,0,0,0,0,0,0,0,0,0,0,0,0,0,0
1627826,Ivica Zubac,DAL,202405030DAL,"May 3, 2024",LAC,17,11,8,15,56.67,58.54,-1.87,11,12,0,0,4,5,0,0,0,0,0,0,0,0,0,0,0,0,0,0,0,0,0,0
1641726,Dereck Lively II,DAL,202405030DAL,"May 3, 2024",LAC,10,3,8,7,71.43,76.69,-5.26,3,6,0,0,2,1,0,0,0,0,0,0,0,0,0,0,0,0,0,0,0,0,2,3
1626181,Norman Powell,LAC,202405030DAL,"May 3, 2024",DAL,20,14,8,18,47.62,57.08,-9.46,8,8,6,6,2,3,0,0,0,0,0,0,0,0,0,0,0,0,0,0,0,0,2,3
1630182,Josh Green,DAL,202405030DAL,"May 3, 2024",LAC,7,5,0,5,53.85,70.0,-16.15,2,4,3,3,0,0,0,0,0,0,0,0,0,0,0,0,0,0,0,0,0,0,0,0
1628467,Maxi Kleber,DAL,202405030DAL,"May 3, 2024",LAC,4,3,2,4,36.36,51.55,-15.19,0,0,3,3,1,1,0,0,0,0,0,0,0,0,0,0,0,0,0,0,0,0,0,0
201566,Russell Westbrook,LAC,202405030DAL,"May 3, 2024",DAL,6,7,3,8,33.33,36.06,-2.73,5,2,1,0,1,1,0,0,1,3,0,0,0,0,0,0,0,0,0,0,0,0,0,0
1629599,Amir Coffey,LAC,202405030DAL,"May 3, 2024",DAL,2,1,0,1,100.0,100.0,0.0,1,2,0,0,0,0,0,0,0,0,0,0,0,0,0,0,0,0,0,0,0,0,0,0
203957,Dante Exum,LAC,202405030DAL,"May 3, 2024",DAL,2,3,0,3,28.57,33.33,-4.76,2,2,1,0,0,0,0,0,0,0,0,0,0,0,0,0,0,0,0,0,0,0,0,0
1630538,Bones Hyland,LAC,202405030DAL,"May 3, 2024",DAL,0,1,0,1,0.0,0.0,0.0,0,0,1,0,0,0,0,0,0,0,0,0,0,0,0,0,0,0,0,0,0,0,0,0
1630702,Jaden Hardy,DAL,202405030DAL,"May 3, 2024",LAC,0,1,0,1,0.0,0.0,0.0,1,0,0,0,0,0,0,0,0,0,0,0,0,0,0,0,0,0,0,0,0,0,0,0
1630639,A.J. Lawson,DAL,202405030DAL,"May 3, 2024",LAC,0,1,0,1,0.0,0.0,0.0,0,0,1,0,0,0,0,0,0,0,0,0,0,0,0,0,0,0,0,0,0,0,0,0
townska01,K. Towns,MIN,202405040DEN,"May 4, 2024",DEN,20,13,4,14,58.82,67.75,-8.93,7,8,4,6,1,1,0,0,2,5,0,0,0,0,0,0,0,0,0,0,0,0,0,0
203999,Nikola Jokić,DEN,202405040DEN,"May 4, 2024",MIN,32,25,8,29,47.76,56.1,-8.34,15,16,9,6,2,4,0,0,1,3,0,0,1,1,0,0,0,0,0,0,0,0,1,2
201144,Mike Conley,MIN,202405040DEN,"May 4, 2024",DEN,14,8,1,8,66.67,82.94,-16.27,3,2,4,9,0,0,0,0,1,3,0,0,0,0,0,0,0,0,0,0,0,0,0,0
203484,Kentavious Caldwell-Pope,DEN,202405040DEN,"May 4, 2024",MIN,6,4,0,4,50.0,75.0,-25.0,0,0,4,6,0,0,0,0,0,0,0,0,0,0,0,0,0,0,0,0,0,0,0,0
203497,Rudy Gobert,MIN,202405040DEN,"May 4, 2024",DEN,6,6,0,6,50.0,50.0,0.0,6,6,0,0,0,0,0,0,0,0,0,0,0,0,0,0,0,0,0,0,0,0,0,0
1630162,Anthony Edwards,MIN,202405040DEN,"May 4, 2024",DEN,43,29,6,31,60.56,67.95,-7.39,20,24,7,9,1,2,0,0,2,6,0,0,0,0,0,0,0,0,0,0,0,0,1,2
1627750,Jamal Murray,DEN,202405040DEN,"May 4, 2024",MIN,17,14,3,15,48.57,55.48,-6.91,10,8,3,3,1,2,0,0,0,0,1,4,0,0,0,0,0,0,0,0,0,0,0,0
203932,Aaron Gordon,MIN,202405040DEN,"May 4, 2024",DEN,9,6,3,7,56.25,61.48,-5.23,4,6,1,0,1,1,0,0,1,2,0,0,0,0,0,0,0,0,0,0,0,0,0,0
1630183,Jaden McDaniels,MIN,202405040DEN,"May 4, 2024",DEN,0,7,0,7,0.0,0.0,0.0,5,0,2,0,0,0,0,0,0,0,0,0,0,0,0,0,0,0,0,0,0,0,0,0
1629008,Michael Porter Jr.,DEN,202405040DEN,"May 4, 2024",MIN,20,13,6,16,51.28,63.94,-12.66,6,4,7,12,2,3,0,0,0,0,0,0,0,0,0,0,0,0,0,0,0,0,1,1
1629638,Nickeil Alexander-Walker,MIN,202405040DEN,"May 4, 2024",DEN,5,6,0,6,29.41,41.67,-12.26,1,2,5,3,0,0,0,0,0,0,0,0,0,0,0,0,0,0,0,0,0,0,0,0
1629675,Naz Reid,MIN,202405040DEN,"May 4, 2024",DEN,16,11,1,11,59.26,69.93,-10.67,6,8,4,6,0,0,0,0,1,2,0,0,0,0,0,0,0,0,0,0,0,0,0,0
201950,Jrue Holiday,DEN,202405040DEN,"May 4, 2024",MIN,3,3,0,3,33.33,50.0,-16.67,0,0,3,3,0,0,0,0,0,0,0,0,0,0,0,0,0,0,0,0,0,0,0,0
202704,Reggie Jackson,DEN,202405040DEN,"May 4, 2024",MIN,5,3,0,3,71.43,83.33,-11.9,2,2,1,3,0,0,0,0,0,0,0,0,0,0,0,0,0,0,0,0,0,0,0,0
203937,Kyle Anderson,MIN,202405040DEN,"May 4, 2024",DEN,2,1,0,1,100.0,100.0,0.0,1,2,0,0,0,0,0,0,0,0,0,0,0,0,0,0,0,0,0,0,0,0,0,0
1631128,Christian Braun,DEN,202405040DEN,"May 4, 2024",MIN,7,5,0,5,63.64,70.0,-6.36,4,4,1,3,0,0,0,0,0,0,0,0,0,0,0,0,0,0,0,0,0,0,0,0
1631212,Peyton Watson,DEN,202405040DEN,"May 4, 2024",MIN,0,2,0,2,0.0,0.0,0.0,1,0,1,0,0,0,0,0,0,0,0,0,0,0,0,0,0,0,0,0,0,0,0,0
1628420,Monte Morris,MIN,202405040DEN,"May 4, 2024",DEN,0,1,0,1,0.0,0.0,0.0,0,0,1,0,0,0,0,0,0,0,0,0,0,0,0,0,0,0,0,0,0,0,0,0
1629636,Darius Garland,CLE,202405050CLE,"May 5, 2024",ORL,12,13,6,16,33.33,38.36,-5.03,9,4,4,3,1,2,0,0,0,0,0,0,0,0,0,0,0,0,0,0,0,0,2,3
1628976,Wendell Carter Jr.,ORL,202405050CLE,"May 5, 2024",CLE,13,10,1,10,52.0,62.26,-10.26,5,4,4,6,0,0,0,0,1,3,0,0,0,0,0,0,0,0,0,0,0,0,0,0
203914,Gary Harris,ORL,202405050CLE,"May 5, 2024",CLE,6,4,0,4,54.55,75.0,-20.45,1,0,3,6,0,0,0,0,0,0,0,0,0,0,0,0,0,0,0,0,0,0,0,0
1630596,Evan Mobley,CLE,202405050CLE,"May 5, 2024",ORL,11,8,2,9,61.11,61.94,-0.83,8,10,0,0,1,1,0,0,0,0,0,0,0,0,0,0,0,0,0,0,0,0,0,0
1631094,Paolo Banchero,ORL,202405050CLE,"May 5, 2024",CLE,38,28,18,37,47.5,52.9,-5.4,22,14,6,9,7,12,0,0,0,0,0,0,0,0,0,0,0,0,0,0,0,0,2,3
1628378,Donovan Mitchell,CLE,202405050CLE,"May 5, 2024",ORL,39,27,17,35,49.37,56.55,-7.18,18,16,8,6,6,11,0,0,1,2,0,0,0,0,0,0,0,0,0,0,0,0,2,4
wagnefr01,F. Wagner,ORL,202405050CLE,"May 5, 2024",CLE,6,15,4,17,15.38,17.9,-2.52,10,2,5,0,1,2,0,0,0,0,0,0,0,0,0,0,0,0,0,0,0,0,1,2
1630591,Jalen Suggs,ORL,202405050CLE,"May 5, 2024",CLE,10,13,5,15,24.39,32.89,-8.5,3,0,10,6,1,2,1,2,0,0,0,0,0,0,0,0,0,0,0,0,0,0,0,0
1630171,Isaac Okoro,CLE,202405050CLE,"May 5, 2024",ORL,8,6,2,7,50.0,58.14,-8.14,4,6,2,0,0,0,0,0,0,0,0,0,0,0,0,0,0,0,0,0,0,0,1,2
1629622,Max Strus,CLE,202405050CLE,"May 5, 2024",ORL,13,9,0,9,54.17,72.22,-18.05,3,4,6,9,0,0,0,0,0,0,0,0,0,0,0,0,0,0,0,0,0,0,0,0
1628365,Markelle Fultz,ORL,202405050CLE,"May 5, 2024",CLE,8,6,0,6,66.67,66.67,0.0,6,8,0,0,0,0,0,0,0,0,0,0,0,0,0,0,0,0,0,0,0,0,0,0
1627747,Caris LeVert,CLE,202405050CLE,"May 5, 2024",ORL,15,9,7,12,55.56,62.09,-6.53,6,8,2,0,2,3,0,0,1,3,0,0,0,0,0,0,0,0,0,0,0,0,1,1
1628371,Jonathan Isaac,ORL,202405050CLE,"May 5, 2024",CLE,2,2,0,2,40.0,50.0,-10.0,1,2,1,0,0,0,0,0,0,0,0,0,0,0,0,0,0,0,0,0,0,0,0,0
wagnemo01,M. Wagner,ORL,202405050CLE,"May 5, 2024",CLE,3,2,0,2,60.0,75.0,-15.0,1,0,1,3,0,0,0,0,0,0,0,0,0,0,0,0,0,0,0,0,0,0,0,0
1630241,Sam Merrill,CLE,202405050CLE,"May 5, 2024",ORL,8,2,2,3,100.0,138.89,-38.89,0,0,2,6,0,0,0,0,0,0,0,0,0,0,0,0,0,0,0,0,0,0,1,2
202684,Tristan Thompson,CLE,202405050CLE,"May 5, 2024",ORL,0,1,0,1,0.0,0.0,0.0,1,0,0,0,0,0,0,0,0,0,0,0,0,0,0,0,0,0,0,0,0,0,0,0
204060,Joe Ingles,CLE,202405050CLE,"May 5, 2024",ORL,0,1,0,1,0.0,0.0,0.0,0,0,1,0,0,0,0,0,0,0,0,0,0,0,0,0,0,0,0,0,0,0,0,0
1627777,Georges Niang,ORL,202405050CLE,"May 5, 2024",CLE,0,2,0,2,0.0,0.0,0.0,2,0,0,0,0,0,0,0,0,0,0,0,0,0,0,0,0,0,0,0,0,0,0,0
1630175,Cole Anthony,ORL,202405050CLE,"May 5, 2024",CLE,8,5,2,6,66.67,68.03,-1.36,5,6,0,0,1,2,0,0,0,0,0,0,0,0,0,0,0,0,0,0,0,0,0,0
1628973,Jalen Brunson,NYK,202405060NYK,"May 6, 2024",IND,43,26,14,34,61.43,66.85,-5.42,22,26,4,3,5,10,0,0,0,0,0,0,0,0,0,0,0,0,0,0,2,2,1,2
1629614,Andrew Nembhard,IND,202405060NYK,"May 6, 2024",NYK,11,10,2,11,45.83,50.55,-4.72,8,6,2,3,1,2,0,0,0,0,0,0,0,0,0,0,0,0,0,0,0,0,0,0
1628978,Donte DiVincenzo,NYK,202405060NYK,"May 6, 2024",IND,25,17,0,17,58.14,73.53,-15.39,8,10,9,15,0,0,0,0,0,0,0,0,0,0,0,0,0,0,0,0,0,0,0,0
1628392,Isaiah Hartenstein,NYK,202405060NYK,"May 6, 2024",IND,13,9,2,10,61.9,65.79,-3.89,8,8,1,3,1,2,0,0,0,0,0,0,0,0,0,0,0,0,0,0,0,0,0,0
turnemy01,M. Turner,IND,202405060NYK,"May 6, 2024",NYK,23,16,6,19,52.27,61.7,-9.43,10,12,6,6,2,4,0,0,0,0,0,0,0,0,0,0,0,0,0,0,0,0,1,1
1630174,Aaron Nesmith,IND,202405060NYK,"May 6, 2024",NYK,12,6,6,9,60.0,69.44,-9.44,4,6,2,0,2,4,0,0,0,0,0,0,0,0,0,0,0,0,0,0,0,0,1,2
1628384,OG Anunoby,NYK,202405060NYK,"May 6, 2024",IND,13,14,0,14,37.14,46.43,-9.29,7,4,7,9,0,0,0,0,0,0,0,0,0,0,0,0,0,0,0,0,0,0,0,0
1630169,Tyrese Haliburton,IND,202405060NYK,"May 6, 2024",NYK,6,6,0,6,35.29,50.0,-14.71,1,0,5,6,0,0,0,0,0,0,0,0,0,0,0,0,0,0,0,0,0,0,0,0
1627783,Pascal Siakam,IND,202405060NYK,"May 6, 2024",NYK,19,16,4,18,48.72,53.49,-4.77,13,14,3,3,2,2,0,0,0,0,0,0,0,0,0,0,0,0,0,0,0,0,0,0
1628404,Josh Hart,NYK,202405060NYK,"May 6, 2024",IND,24,13,8,16,68.57,72.64,-4.07,10,12,1,3,2,4,0,0,2,4,0,0,0,0,0,0,0,0,0,0,0,0,1,1
204456,T.J. McConnell,IND,202405060NYK,"May 6, 2024",NYK,18,16,0,16,54.55,56.25,-1.7,15,18,1,0,0,0,0,0,0,0,0,0,0,0,0,0,0,0,0,0,0,0,0,0
toppiob01,O. Toppin,IND,202405060NYK,"May 6, 2024",NYK,12,7,0,7,70.59,85.71,-15.12,4,6,3,6,0,0,0,0,0,0,0,0,0,0,0,0,0,0,0,0,0,0,0,0
1630543,Isaiah Jackson,IND,202405060NYK,"May 6, 2024",NYK,8,6,1,6,61.54,62.11,-0.57,5,6,0,0,0,0,0,0,1,2,0,0,0,0,0,0,0,0,0,0,0,0,0,0
1630540,Miles McBride,NYK,202405060NYK,"May 6, 2024",IND,0,2,0,2,0.0,0.0,0.0,1,0,1,0,0,0,0,0,0,0,0,0,0,0,0,0,0,0,0,0,0,0,0,0
1641767,Ben Sheppard,IND,202405060NYK,"May 6, 2024",NYK,8,5,0,5,57.14,80.0,-22.86,1,2,4,6,0,0,0,0,0,0,0,0,0,0,0,0,0,0,0,0,0,0,0,0
1629011,Mitchell Robinson,NYK,202405060NYK,"May 6, 2024",IND,2,1,0,1,100.0,100.0,0.0,1,2,0,0,0,0,0,0,0,0,0,0,0,0,0,0,0,0,0,0,0,0,0,0
1630173,Precious Achiuwa,NYK,202405060NYK,"May 6, 2024",IND,1,0,2,1,50.0,56.82,-6.82,0,0,0,0,1,1,0,0,0,0,0,0,0,0,0,0,0,0,0,0,0,0,0,0
203932,Aaron Gordon,DEN,202405060DEN,"May 6, 2024",MIN,20,14,2,15,57.14,67.2,-10.06,9,10,5,9,1,1,0,0,0,0,0,0,0,0,0,0,0,0,0,0,0,0,0,0
townska01,K. Towns,MIN,202405060DEN,"May 6, 2024",DEN,27,15,4,17,69.23,80.55,-11.32,10,14,5,9,2,4,0,0,0,0,0,0,0,0,0,0,0,0,0,0,0,0,0,0
203999,Nikola Jokić,DEN,202405060DEN,"May 6, 2024",MIN,16,13,6,16,48.48,51.15,-2.67,12,10,1,0,1,2,0,0,0,0,0,0,0,0,0,0,0,0,0,0,0,0,2,4
1630183,Jaden McDaniels,MIN,202405060DEN,"May 6, 2024",DEN,5,7,2,8,29.41,31.73,-2.32,6,4,1,0,1,1,0,0,0,0,0,0,0,0,0,0,0,0,0,0,0,0,0,0
1627750,Jamal Murray,DEN,202405060DEN,"May 6, 2024",MIN,8,18,2,19,19.05,21.19,-2.14,14,6,4,0,1,2,0,0,0,0,0,0,0,0,0,0,0,0,0,0,0,0,0,0
201144,Mike Conley,MIN,202405060DEN,"May 6, 2024",DEN,4,5,1,6,30.77,36.76,-5.99,3,4,2,0,0,0,0,0,0,0,0,0,1,0,0,0,0,0,0,0,0,0,0,0
203937,Kyle Anderson,MIN,202405060DEN,"May 6, 2024",DEN,6,8,0,8,35.29,37.5,-2.21,7,6,1,0,0,0,0,0,0,0,0,0,0,0,0,0,0,0,0,0,0,0,0,0
1630162,Anthony Edwards,MIN,202405060DEN,"May 6, 2024",DEN,27,17,7,20,60.0,67.23,-7.23,12,18,4,3,2,2,0,0,1,2,0,0,0,0,0,0,0,0,0,0,0,0,1,2
1629008,Michael Porter Jr.,DEN,202405060DEN,"May 6, 2024",MIN,9,12,0,12,29.03,37.5,-8.47,5,6,7,3,0,0,0,0,0,0,0,0,0,0,0,0,0,0,0,0,0,0,0,0
1629638,Nickeil Alexander-Walker,MIN,202405060DEN,"May 6, 2024",DEN,14,9,0,9,56.0,77.78,-21.78,2,2,7,12,0,0,0,0,0,0,0,0,0,0,0,0,0,0,0,0,0,0,0,0
1629675,Naz Reid,MIN,202405060DEN,"May 6, 2024",DEN,14,14,0,14,38.89,50.0,-11.11,6,2,8,12,0,0,0,0,0,0,0,0,0,0,0,0,0,0,0,0,0,0,0,0
1628420,Monte Morris,MIN,202405060DEN,"May 6, 2024",DEN,2,4,0,4,18.18,25.0,-6.82,1,2,3,0,0,0,0,0,0,0,0,0,0,0,0,0,0,0,0,0,0,0,0,0
202704,Reggie Jackson,DEN,202405060DEN,"May 6, 2024",MIN,3,6,0,6,20.0,25.0,-5.0,3,0,3,3,0,0,0,0,0,0,0,0,0,0,0,0,0,0,0,0,0,0,0,0
1631128,Christian Braun,DEN,202405060DEN,"May 6, 2024",MIN,2,2,0,2,50.0,50.0,0.0,2,2,0,0,0,0,0,0,0,0,0,0,0,0,0,0,0,0,0,0,0,0,0,0
201950,Jrue Holiday,DEN,202405060DEN,"May 6, 2024",MIN,13,6,2,7,68.42,94.48,-26.06,1,0,5,12,0,0,0,0,0,0,0,0,0,0,0,0,0,0,0,0,0,0,1,1
203484,Kentavious Caldwell-Pope,DEN,202405060DEN,"May 6, 2024",MIN,4,6,0,6,28.57,33.33,-4.76,4,4,2,0,0,0,0,0,0,0,0,0,0,0,0,0,0,0,0,0,0,0,0,0
1631212,Peyton Watson,DEN,202405060DEN,"May 6, 2024",MIN,0,2,2,3,0.0,0.0,0.0,1,0,1,0,1,0,0,0,0,0,0,0,0,0,0,0,0,0,0,0,0,0,0,0
1630192,Zeke Nnaji,DEN,202405060DEN,"May 6, 2024",MIN,1,1,2,2,25.0,26.6,-1.6,1,0,0,0,1,1,0,0,0,0,0,0,0,0,0,0,0,0,0,0,0,0,0,0
1629618,Jalen Pickett,DEN,202405060DEN,"May 6, 2024",MIN,2,1,0,1,100.0,100.0,0.0,1,2,0,0,0,0,0,0,0,0,0,0,0,0,0,0,0,0,0,0,0,0,0,0
1631124,Julian Strawther,DEN,202405060DEN,"May 6, 2024",MIN,2,1,2,2,40.0,53.19,-13.19,0,0,1,0,1,2,0,0,0,0,0,0,0,0,0,0,0,0,0,0,0,0,0,0
tysonhu01,H. Tyson,DEN,202405060DEN,"May 6, 2024",MIN,0,1,0,1,0.0,0.0,0.0,0,0,1,0,0,0,0,0,0,0,0,0,0,0,0,0,0,0,0,0,0,0,0,0
1630568,Luka Garza,MIN,202405060DEN,"May 6, 2024",DEN,2,2,0,2,50.0,50.0,0.0,2,2,0,0,0,0,0,0,0,0,0,0,0,0,0,0,0,0,0,0,0,0,0,0
1631159,Leonard Miller,MIN,202405060DEN,"May 6, 2024",DEN,0,1,0,1,0.0,0.0,0.0,0,0,1,0,0,0,0,0,0,0,0,0,0,0,0,0,0,0,0,0,0,0,0,0
1631169,Josh Minott,MIN,202405060DEN,"May 6, 2024",DEN,3,1,0,1,100.0,150.0,-50.0,0,0,1,3,0,0,0,0,0,0,0,0,0,0,0,0,0,0,0,0,0,0,0,0
1631111,Wendell Moore Jr.,MIN,202405060DEN,"May 6, 2024",DEN,2,1,0,1,100.0,100.0,0.0,1,2,0,0,0,0,0,0,0,0,0,0,0,0,0,0,0,0,0,0,0,0,0,0
201950,Jrue Holiday,BOS,202405070BOS,"May 7, 2024",CLE,14,14,0,14,40.0,50.0,-10.0,7,8,7,6,0,0,0,0,0,0,0,0,0,0,0,0,0,0,0,0,0,0,0,0
1630596,Evan Mobley,CLE,202405070BOS,"May 7, 2024",BOS,17,12,2,13,65.38,65.99,-0.61,12,16,0,0,1,1,0,0,0,0,0,0,0,0,0,0,0,0,0,0,0,0,0,0
1629636,Darius Garland,CLE,202405070BOS,"May 7, 2024",BOS,14,15,0,15,36.84,46.67,-9.83,7,8,8,6,0,0,0,0,0,0,0,0,0,0,0,0,0,0,0,0,0,0,0,0
1628369,Jayson Tatum,BOS,202405070BOS,"May 7, 2024",CLE,18,19,4,20,38.3,43.35,-5.05,12,10,5,0,1,2,0,0,2,6,0,0,0,0,0,0,0,0,0,0,0,0,0,0
1627759,Jaylen Brown,BOS,202405070BOS,"May 7, 2024",CLE,32,18,4,20,69.57,80.97,-11.4,12,16,6,12,2,4,0,0,0,0,0,0,0,0,0,0,0,0,0,0,0,0,0,0
201143,Al Horford,BOS,202405070BOS,"May 7, 2024",CLE,7,7,0,7,36.84,50.0,-13.16,2,4,5,3,0,0,0,0,0,0,0,0,0,0,0,0,0,0,0,0,0,0,0,0
1628378,Donovan Mitchell,CLE,202405070BOS,"May 7, 2024",BOS,33,25,5,27,50.0,60.66,-10.66,13,14,11,12,2,4,0,0,1,3,0,0,0,0,0,0,0,0,0,0,0,0,0,0
1629622,Max Strus,CLE,202405070BOS,"May 7, 2024",BOS,5,8,0,8,23.81,31.25,-7.44,3,2,5,3,0,0,0,0,0,0,0,0,0,0,0,0,0,0,0,0,0,0,0,0
1630171,Isaac Okoro,BOS,202405070BOS,"May 7, 2024",CLE,11,11,0,11,36.67,50.0,-13.33,3,2,8,9,0,0,0,0,0,0,0,0,0,0,0,0,0,0,0,0,0,0,0,0
1628401,Derrick White,BOS,202405070BOS,"May 7, 2024",CLE,25,16,0,16,56.82,78.12,-21.3,4,4,12,21,0,0,0,0,0,0,0,0,0,0,0,0,0,0,0,0,0,0,0,0
1630573,Sam Hauser,BOS,202405070BOS,"May 7, 2024",CLE,0,1,0,1,0.0,0.0,0.0,0,0,1,0,0,0,0,0,0,0,0,0,0,0,0,0,0,0,0,0,0,0,0,0
1628436,Luke Kornet,BOS,202405070BOS,"May 7, 2024",CLE,4,3,2,4,50.0,51.55,-1.55,3,2,0,0,0,0,0,0,0,0,0,0,0,0,0,0,0,0,0,0,0,0,1,2
1627747,Caris LeVert,CLE,202405070BOS,"May 7, 2024",BOS,4,6,2,7,25.0,29.07,-4.07,4,4,2,0,1,0,0,0,0,0,0,0,0,0,0,0,0,0,0,0,0,0,0,0
1630202,Payton Pritchard,BOS,202405070BOS,"May 7, 2024",CLE,16,12,2,13,44.44,62.11,-17.67,2,2,10,12,0,0,0,0,0,0,0,0,0,0,0,0,0,0,0,0,0,0,1,2
1630241,Sam Merrill,CLE,202405070BOS,"May 7, 2024",BOS,0,5,0,5,0.0,0.0,0.0,1,0,4,0,0,0,0,0,0,0,0,0,0,0,0,0,0,0,0,0,0,0,0,0
202684,Tristan Thompson,CLE,202405070BOS,"May 7, 2024",BOS,4,3,0,3,66.67,66.67,0.0,3,4,0,0,0,0,0,0,0,0,0,0,0,0,0,0,0,0,0,0,0,0,0,0
1628420,Monte Morris,CLE,202405070BOS,"May 7, 2024",BOS,3,3,0,3,37.5,50.0,-12.5,1,0,2,3,0,0,0,0,0,0,0,0,0,0,0,0,0,0,0,0,0,0,0,0
1630214,Xavier Tillman,BOS,202405070BOS,"May 7, 2024",CLE,2,1,0,1,100.0,100.0,0.0,1,2,0,0,0,0,0,0,0,0,0,0,0,0,0,0,0,0,0,0,0,0,0,0
1627777,Georges Niang,CLE,202405070BOS,"May 7, 2024",BOS,4,2,4,4,40.0,53.19,-13.19,0,0,2,0,2,4,0,0,0,0,0,0,0,0,0,0,0,0,0,0,0,0,0,0
1629052,Oshae Brissett,BOS,202405070BOS,"May 7, 2024",CLE,0,0,2,1,0.0,0.0,0.0,0,0,0,0,1,0,0,0,0,0,0,0,0,0,0,0,0,0,0,0,0,0,0,0
1629674,Neemias Queta,BOS,202405070BOS,"May 7, 2024",CLE,2,1,0,1,100.0,100.0,0.0,1,2,0,0,0,0,0,0,0,0,0,0,0,0,0,0,0,0,0,0,0,0,0,0
1631096,Chet Holmgren,OKC,202405070OKC,"May 7, 2024",DAL,19,16,1,16,50.0,57.79,-7.79,10,10,5,6,0,0,0,0,1,3,0,0,0,0,0,0,0,0,0,0,0,0,0,0
1629023,P.J. Washington,DAL,202405070OKC,"May 7, 2024",OKC,10,7,0,7,58.82,71.43,-12.61,4,4,3,6,0,0,0,0,0,0,0,0,0,0,0,0,0,0,0,0,0,0,0,0
1627884,Derrick Jones Jr.,DAL,202405070OKC,"May 7, 2024",OKC,7,5,0,5,53.85,70.0,-16.15,2,4,3,3,0,0,0,0,0,0,0,0,0,0,0,0,0,0,0,0,0,0,0,0
1630581,Josh Giddey,OKC,202405070OKC,"May 7, 2024",DAL,2,4,0,4,20.0,25.0,-5.0,2,2,2,0,0,0,0,0,0,0,0,0,0,0,0,0,0,0,0,0,0,0,0,0
1629652,Luguentz Dort,OKC,202405070OKC,"May 7, 2024",DAL,7,9,2,10,28.0,35.43,-7.43,4,0,5,6,1,1,0,0,0,0,0,0,0,0,0,0,0,0,0,0,0,0,0,0
1629029,Luka Dončić,DAL,202405070OKC,"May 7, 2024",OKC,19,19,10,24,33.93,40.6,-6.67,11,10,8,3,5,6,0,0,0,0,0,0,0,0,0,0,0,0,0,0,0,0,0,0
1631119,Jaylin Williams,OKC,202405070OKC,"May 7, 2024",DAL,18,15,6,18,43.9,51.02,-7.12,10,8,5,6,2,2,0,0,0,0,0,0,0,0,0,0,0,0,0,0,0,0,1,2
1628983,Shai Gilgeous-Alexander,OKC,202405070OKC,"May 7, 2024",DAL,29,19,13,26,52.73,58.66,-5.93,15,12,4,6,6,10,0,0,0,0,0,0,1,1,0,0,0,0,0,0,0,0,0,0
202681,Kyrie Irving,DAL,202405070OKC,"May 7, 2024",OKC,20,14,3,16,57.14,65.27,-8.13,10,8,4,9,1,2,0,0,0,0,0,0,1,1,0,0,0,0,0,0,0,0,0,0
1629655,Daniel Gafford,DAL,202405070OKC,"May 7, 2024",OKC,16,12,8,15,50.0,51.55,-1.55,10,6,0,0,3,4,0,0,2,6,0,0,0,0,0,0,0,0,0,0,0,0,0,0
1641726,Dereck Lively II,DAL,202405070OKC,"May 7, 2024",OKC,2,3,0,3,33.33,33.33,0.0,3,2,0,0,0,0,0,0,0,0,0,0,0,0,0,0,0,0,0,0,0,0,0,0
1630182,Josh Green,DAL,202405070OKC,"May 7, 2024",OKC,11,9,0,9,42.31,61.11,-18.8,1,2,8,9,0,0,0,0,0,0,0,0,0,0,0,0,0,0,0,0,0,0,0,0
1630198,Isaiah Joe,OKC,202405070OKC,"May 7, 2024",DAL,6,4,0,4,54.55,75.0,-20.45,1,0,3,6,0,0,0,0,0,0,0,0,0,0,0,0,0,0,0,0,0,0,0,0
203957,Dante Exum,DAL,202405070OKC,"May 7, 2024",OKC,5,5,2,6,35.71,42.52,-6.81,3,0,2,3,1,2,0,0,0,0,0,0,0,0,0,0,0,0,0,0,0,0,0,0
haywago01,G. Hayward,OKC,202405070OKC,"May 7, 2024",DAL,0,1,0,1,0.0,0.0,0.0,1,0,0,0,0,0,0,0,0,0,0,0,0,0,0,0,0,0,0,0,0,0,0,0
1641717,Cason Wallace,OKC,202405070OKC,"May 7, 2024",DAL,7,5,2,6,43.75,59.52,-15.77,1,0,4,6,1,1,0,0,0,0,0,0,0,0,0,0,0,0,0,0,0,0,0,0
203501,Tim Hardaway Jr.,DAL,202405070OKC,"May 7, 2024",OKC,2,5,0,5,14.29,20.0,-5.71,1,2,4,0,0,0,0,0,0,0,0,0,0,0,0,0,0,0,0,0,0,0,0,0
1630598,Aaron Wiggins,OKC,202405070OKC,"May 7, 2024",DAL,16,7,4,9,72.73,91.32,-18.59,3,4,4,9,2,3,0,0,0,0,0,0,0,0,0,0,0,0,0,0,0,0,0,0
1630702,Jaden Hardy,DAL,202405070OKC,"May 7, 2024",OKC,0,3,0,3,0.0,0.0,0.0,2,0,1,0,0,0,0,0,0,0,0,0,0,0,0,0,0,0,0,0,0,0,0,0
1630639,A.J. Lawson,DAL,202405070OKC,"May 7, 2024",OKC,3,2,0,2,50.0,75.0,-25.0,0,0,2,3,0,0,0,0,0,0,0,0,0,0,0,0,0,0,0,0,0,0,0,0
203939,Dwight Powell,DAL,202405070OKC,"May 7, 2024",OKC,0,0,2,1,0.0,0.0,0.0,0,0,0,0,1,0,0,0,0,0,0,0,0,0,0,0,0,0,0,0,0,0,0,0
1631172,Ousmane Dieng,OKC,202405070OKC,"May 7, 2024",DAL,2,1,0,1,100.0,100.0,0.0,1,2,0,0,0,0,0,0,0,0,0,0,0,0,0,0,0,0,0,0,0,0,0,0
1629026,Kenrich Williams,OKC,202405070OKC,"May 7, 2024",DAL,0,1,0,1,0.0,0.0,0.0,0,0,1,0,0,0,0,0,0,0,0,0,0,0,0,0,0,0,0,0,0,0,0,0
1629614,Andrew Nembhard,IND,202405080NYK,"May 8, 2024",NYK,15,9,0,9,71.43,83.33,-11.9,6,12,3,3,0,0,0,0,0,0,0,0,0,0,0,0,0,0,0,0,0,0,0,0
1628404,Josh Hart,NYK,202405080NYK,"May 8, 2024",IND,19,12,2,13,65.52,73.76,-8.24,9,14,3,3,1,2,0,0,0,0,0,0,0,0,0,0,0,0,0,0,0,0,0,0
turnemy01,M. Turner,IND,202405080NYK,"May 8, 2024",NYK,6,11,1,11,24.0,26.22,-2.22,8,4,2,0,0,0,0,0,1,2,0,0,0,0,0,0,0,0,0,0,0,0,0,0
1628973,Jalen Brunson,NYK,202405080NYK,"May 8, 2024",IND,29,18,6,21,60.42,70.25,-9.83,10,12,6,9,0,0,0,0,2,6,0,0,3,2,0,0,0,0,0,0,0,0,0,0
1630169,Tyrese Haliburton,IND,202405080NYK,"May 8, 2024",NYK,34,19,6,23,61.82,78.56,-16.74,8,8,11,21,1,2,0,0,0,0,0,0,0,0,0,0,0,0,0,0,0,0,3,3
1628384,OG Anunoby,NYK,202405080NYK,"May 8, 2024",IND,28,19,6,22,54.9,64.7,-9.8,12,12,7,12,3,4,0,0,0,0,0,0,0,0,0,0,0,0,0,0,0,0,0,0
1627783,Pascal Siakam,NYK,202405080NYK,"May 8, 2024",IND,14,18,2,19,34.15,37.08,-2.93,15,14,3,0,0,0,0,0,0,0,0,0,0,0,0,0,0,0,0,0,0,0,1,0
1630174,Aaron Nesmith,IND,202405080NYK,"May 8, 2024",NYK,6,7,0,7,30.0,42.86,-12.86,1,0,6,6,0,0,0,0,0,0,0,0,0,0,0,0,0,0,0,0,0,0,0,0
1628978,Donte DiVincenzo,NYK,202405080NYK,"May 8, 2024",IND,28,20,2,21,51.85,67.05,-15.2,8,8,12,18,0,0,0,0,0,0,0,0,0,0,0,0,0,0,0,0,0,0,1,2
1628392,Isaiah Hartenstein,NYK,202405080NYK,"May 8, 2024",IND,14,7,4,9,77.78,79.91,-2.13,7,10,0,0,2,4,0,0,0,0,0,0,0,0,0,0,0,0,0,0,0,0,0,0
204456,T.J. McConnell,IND,202405080NYK,"May 8, 2024",NYK,10,9,0,9,52.63,55.56,-2.93,8,10,1,0,0,0,0,0,0,0,0,0,0,0,0,0,0,0,0,0,0,0,0,0
toppiob01,O. Toppin,IND,202405080NYK,"May 8, 2024",NYK,20,10,5,11,68.97,81.97,-13.0,4,6,4,6,0,0,1,3,2,5,0,0,0,0,0,0,0,0,0,0,0,0,0,0
1630540,Miles McBride,NYK,202405080NYK,"May 8, 2024",IND,4,4,2,5,33.33,40.98,-7.65,2,2,2,0,1,2,0,0,0,0,0,0,0,0,0,0,0,0,0,0,0,0,0,0
1630173,Precious Achiuwa,NYK,202405080NYK,"May 8, 2024",IND,8,5,0,5,80.0,80.0,0.0,5,8,0,0,0,0,0,0,0,0,0,0,0,0,0,0,0,0,0,0,0,0,0,0
1641767,Ben Sheppard,IND,202405080NYK,"May 8, 2024",NYK,11,6,0,6,68.75,91.67,-22.92,2,2,4,9,0,0,0,0,0,0,0,0,0,0,0,0,0,0,0,0,0,0,0,0
1630543,Isaiah Jackson,IND,202405080NYK,"May 8, 2024",NYK,5,4,3,5,45.45,46.99,-1.54,3,2,0,0,1,0,0,0,1,3,0,0,0,0,0,0,0,0,0,0,0,0,0,0
202692,Alec Burks,NYK,202405080NYK,"May 8, 2024",IND,0,1,0,1,0.0,0.0,0.0,1,0,0,0,0,0,0,0,0,0,0,0,0,0,0,0,0,0,0,0,0,0,0,0
1629622,Max Strus,CLE,202405090BOS,"May 9, 2024",BOS,12,10,0,10,44.44,60.0,-15.56,3,6,7,6,0,0,0,0,0,0,0,0,0,0,0,0,0,0,0,0,0,0,0,0
1628369,Jayson Tatum,BOS,202405090BOS,"May 9, 2024",CLE,25,17,11,22,50.0,57.23,-7.23,11,8,5,6,5,8,0,0,1,3,0,0,0,0,0,0,0,0,0,0,0,0,0,0
1630171,Isaac Okoro,BOS,202405090BOS,"May 9, 2024",CLE,12,6,2,7,80.0,87.21,-7.21,5,8,1,3,0,0,0,0,0,0,0,0,0,0,0,0,0,0,0,0,0,0,1,1
1628378,Donovan Mitchell,CLE,202405090BOS,"May 9, 2024",BOS,29,19,6,21,56.86,67.01,-10.15,11,8,7,15,1,2,1,2,1,2,0,0,0,0,0,0,0,0,0,0,0,0,0,0
1627759,Jaylen Brown,BOS,202405090BOS,"May 9, 2024",CLE,19,17,5,19,42.22,49.48,-7.26,10,12,6,0,2,4,0,0,1,3,0,0,0,0,0,0,0,0,0,0,0,0,0,0
201143,Al Horford,BOS,202405090BOS,"May 9, 2024",CLE,11,9,0,9,44.0,61.11,-17.11,2,2,7,9,0,0,0,0,0,0,0,0,0,0,0,0,0,0,0,0,0,0,0,0
1630596,Evan Mobley,BOS,202405090BOS,"May 9, 2024",CLE,21,15,2,16,61.76,66.12,-4.36,13,16,2,3,0,0,0,0,0,0,0,0,0,0,0,0,0,0,0,0,0,0,1,2
201950,Jrue Holiday,BOS,202405090BOS,"May 9, 2024",CLE,4,7,0,7,25.0,28.57,-3.57,5,4,2,0,0,0,0,0,0,0,0,0,0,0,0,0,0,0,0,0,0,0,0,0
1629636,Darius Garland,CLE,202405090BOS,"May 9, 2024",BOS,14,8,0,8,66.67,87.5,-20.83,3,2,5,12,0,0,0,0,0,0,0,0,0,0,0,0,0,0,0,0,0,0,0,0
1628401,Derrick White,BOS,202405090BOS,"May 9, 2024",CLE,10,11,4,13,29.41,39.18,-9.77,3,4,8,3,1,1,0,0,0,0,0,0,0,0,0,0,0,0,0,0,0,0,1,2
1627747,Caris LeVert,CLE,202405090BOS,"May 9, 2024",BOS,21,17,4,19,51.22,55.97,-4.75,14,18,3,0,1,2,0,0,0,0,0,0,0,0,1,1,0,0,0,0,0,0,0,0
1627777,Georges Niang,CLE,202405090BOS,"May 9, 2024",BOS,4,4,0,4,44.44,50.0,-5.56,3,4,1,0,0,0,0,0,0,0,0,0,0,0,0,0,0,0,0,0,0,0,0,0
1630573,Sam Hauser,BOS,202405090BOS,"May 9, 2024",CLE,2,2,0,2,40.0,50.0,-10.0,1,2,1,0,0,0,0,0,0,0,0,0,0,0,0,0,0,0,0,0,0,0,0,0
1628436,Luke Kornet,BOS,202405090BOS,"May 9, 2024",CLE,3,1,4,3,50.0,54.35,-4.35,1,0,0,0,2,3,0,0,0,0,0,0,0,0,0,0,0,0,0,0,0,0,0,0
1630202,Payton Pritchard,BOS,202405090BOS,"May 9, 2024",CLE,13,10,0,10,54.17,65.0,-10.83,6,10,4,3,0,0,0,0,0,0,0,0,0,0,0,0,0,0,0,0,0,0,0,0
1628420,Monte Morris,CLE,202405090BOS,"May 9, 2024",BOS,4,4,0,4,44.44,50.0,-5.56,3,4,1,0,0,0,0,0,0,0,0,0,0,0,0,0,0,0,0,0,0,0,0,0
202684,Tristan Thompson,CLE,202405090BOS,"May 9, 2024",BOS,1,2,2,3,16.67,17.36,-0.69,2,0,0,0,0,0,0,0,0,0,0,0,0,0,0,0,0,0,0,0,0,0,1,1
1629052,Oshae Brissett,BOS,202405090BOS,"May 9, 2024",CLE,3,2,0,2,60.0,75.0,-15.0,1,0,1,3,0,0,0,0,0,0,0,0,0,0,0,0,0,0,0,0,0,0,0,0
1629004,Svi Mykhailiuk,BOS,202405090BOS,"May 9, 2024",CLE,0,1,0,1,0.0,0.0,0.0,0,0,1,0,0,0,0,0,0,0,0,0,0,0,0,0,0,0,0,0,0,0,0,0
1629674,Neemias Queta,BOS,202405090BOS,"May 9, 2024",CLE,0,1,0,1,0.0,0.0,0.0,1,0,0,0,0,0,0,0,0,0,0,0,0,0,0,0,0,0,0,0,0,0,0,0
1630531,Jaden Springer,BOS,202405090BOS,"May 9, 2024",CLE,2,1,0,1,100.0,100.0,0.0,1,2,0,0,0,0,0,0,0,0,0,0,0,0,0,0,0,0,0,0,0,0,0,0
1641775,Jordan Walsh,BOS,202405090BOS,"May 9, 2024",CLE,2,1,0,1,100.0,100.0,0.0,1,2,0,0,0,0,0,0,0,0,0,0,0,0,0,0,0,0,0,0,0,0,0,0
1630241,Sam Merrill,CLE,202405090BOS,"May 9, 2024",BOS,0,1,0,1,0.0,0.0,0.0,0,0,1,0,0,0,0,0,0,0,0,0,0,0,0,0,0,0,0,0,0,0,0,0
1629652,Luguentz Dort,OKC,202405090OKC,"May 9, 2024",DAL,8,8,0,8,40.0,50.0,-10.0,4,2,4,6,0,0,0,0,0,0,0,0,0,0,0,0,0,0,0,0,0,0,0,0
1629029,Luka Dončić,DAL,202405090OKC,"May 9, 2024",OKC,29,21,2,22,55.77,66.27,-10.5,13,12,8,15,0,0,0,0,0,0,0,0,0,0,0,0,0,0,0,0,0,0,1,2
1629655,Daniel Gafford,DAL,202405090OKC,"May 9, 2024",OKC,13,6,9,10,61.9,65.26,-3.36,5,6,0,0,4,4,0,0,1,3,0,0,0,0,0,0,0,0,0,0,0,0,0,0
1630581,Josh Giddey,OKC,202405090OKC,"May 9, 2024",DAL,8,6,2,7,50.0,58.14,-8.14,4,6,2,0,1,2,0,0,0,0,0,0,0,0,0,0,0,0,0,0,0,0,0,0
1629023,P.J. Washington,DAL,202405090OKC,"May 9, 2024",OKC,29,18,1,18,60.42,78.63,-18.21,6,6,11,21,0,0,0,0,1,2,0,0,0,0,0,0,0,0,0,0,0,0,0,0
1631096,Chet Holmgren,OKC,202405090OKC,"May 9, 2024",DAL,11,12,3,13,33.33,41.29,-7.96,5,4,6,3,0,0,0,0,1,2,0,0,0,0,0,0,0,0,0,0,0,0,1,2
1627884,Derrick Jones Jr.,DAL,202405090OKC,"May 9, 2024",OKC,9,12,2,13,29.03,34.94,-5.91,7,4,5,3,1,2,0,0,0,0,0,0,0,0,0,0,0,0,0,0,0,0,0,0
202681,Kyrie Irving,DAL,202405090OKC,"May 9, 2024",OKC,9,8,6,12,37.5,42.29,-4.79,6,4,2,0,1,1,0,0,0,0,0,0,2,2,0,0,0,0,0,0,0,0,1,2
1631119,Jaylin Williams,OKC,202405090OKC,"May 9, 2024",DAL,20,17,4,19,47.62,53.3,-5.68,13,10,4,6,2,4,0,0,0,0,0,0,0,0,0,0,0,0,0,0,0,0,0,0
1628983,Shai Gilgeous-Alexander,OKC,202405090OKC,"May 9, 2024",DAL,33,24,6,27,57.89,61.94,-4.05,21,24,3,3,3,6,0,0,0,0,0,0,0,0,0,0,0,0,0,0,0,0,0,0
1641726,Dereck Lively II,DAL,202405090OKC,"May 9, 2024",OKC,2,7,0,7,14.29,14.29,0.0,7,2,0,0,0,0,0,0,0,0,0,0,0,0,0,0,0,0,0,0,0,0,0,0
1630182,Josh Green,DAL,202405090OKC,"May 9, 2024",OKC,11,6,0,6,64.71,91.67,-26.96,1,2,5,9,0,0,0,0,0,0,0,0,0,0,0,0,0,0,0,0,0,0,0,0
1630198,Isaiah Joe,OKC,202405090OKC,"May 9, 2024",DAL,7,5,0,5,53.85,70.0,-16.15,2,4,3,3,0,0,0,0,0,0,0,0,0,0,0,0,0,0,0,0,0,0,0,0
203957,Dante Exum,DAL,202405090OKC,"May 9, 2024",OKC,0,2,0,2,0.0,0.0,0.0,0,0,2,0,0,0,0,0,0,0,0,0,0,0,0,0,0,0,0,0,0,0,0,0
1641717,Cason Wallace,OKC,202405090OKC,"May 9, 2024",DAL,6,5,0,5,54.55,60.0,-5.45,4,6,1,0,0,0,0,0,0,0,0,0,0,0,0,0,0,0,0,0,0,0,0,0
1630598,Aaron Wiggins,OKC,202405090OKC,"May 9, 2024",DAL,9,6,2,7,52.94,65.41,-12.47,3,4,3,3,0,0,0,0,0,0,0,0,0,0,0,0,0,0,0,0,0,0,1,2
203501,Tim Hardaway Jr.,DAL,202405090OKC,"May 9, 2024",OKC,17,10,4,11,60.71,72.28,-11.57,6,8,3,3,0,0,1,3,0,0,1,3,0,0,0,0,0,0,0,0,0,0,0,0
1628973,Jalen Brunson,NYK,202405100IND,"May 10, 2024",IND,26,26,7,29,40.0,44.7,-4.7,19,14,6,6,2,2,0,0,1,3,0,0,0,0,0,0,0,0,0,0,0,0,1,1
1630173,Precious Achiuwa,NYK,202405100IND,"May 10, 2024",IND,5,3,2,4,62.5,64.43,-1.93,3,4,0,0,1,1,0,0,0,0,0,0,0,0,0,0,0,0,0,0,0,0,0,0
1628404,Josh Hart,NYK,202405100IND,"May 10, 2024",IND,10,7,2,8,58.82,63.45,-4.63,6,6,1,3,1,1,0,0,0,0,0,0,0,0,0,0,0,0,0,0,0,0,0,0
1627783,Pascal Siakam,IND,202405100IND,"May 10, 2024",NYK,26,14,9,18,68.42,72.38,-3.96,12,14,1,3,3,4,0,0,1,3,0,0,0,0,0,0,0,0,0,0,0,0,1,2
1628392,Isaiah Hartenstein,NYK,202405100IND,"May 10, 2024",IND,6,4,0,4,75.0,75.0,0.0,4,6,0,0,0,0,0,0,0,0,0,0,0,0,0,0,0,0,0,0,0,0,0,0
1630169,Tyrese Haliburton,IND,202405100IND,"May 10, 2024",NYK,35,26,1,26,50.72,66.19,-15.47,9,14,16,18,0,0,0,0,1,3,0,0,0,0,0,0,0,0,0,0,0,0,0,0
turnemy01,M. Turner,IND,202405100IND,"May 10, 2024",NYK,21,13,6,16,56.76,67.14,-10.38,8,10,5,6,2,3,0,0,0,0,0,0,0,0,1,2,0,0,0,0,0,0,0,0
1628978,Donte DiVincenzo,NYK,202405100IND,"May 10, 2024",IND,35,26,4,27,52.24,63.04,-10.8,13,6,11,21,1,2,0,0,2,6,0,0,0,0,0,0,0,0,0,0,0,0,0,0
1630174,Aaron Nesmith,IND,202405100IND,"May 10, 2024",NYK,10,6,2,7,58.82,72.67,-13.85,3,2,3,6,0,0,0,0,0,0,0,0,0,0,0,0,0,0,0,0,0,0,1,2
1629614,Andrew Nembhard,IND,202405100IND,"May 10, 2024",NYK,5,8,0,8,26.32,31.25,-4.93,5,2,3,3,0,0,0,0,0,0,0,0,0,0,0,0,0,0,0,0,0,0,0,0
1630540,Miles McBride,NYK,202405100IND,"May 10, 2024",IND,10,8,2,9,43.48,56.31,-12.83,3,2,5,6,1,2,0,0,0,0,0,0,0,0,0,0,0,0,0,0,0,0,0,0
204456,T.J. McConnell,IND,202405100IND,"May 10, 2024",NYK,6,10,0,10,28.57,30.0,-1.43,9,6,1,0,0,0,0,0,0,0,0,0,0,0,0,0,0,0,0,0,0,0,0,0
1641767,Ben Sheppard,IND,202405100IND,"May 10, 2024",NYK,2,5,0,5,16.67,20.0,-3.33,3,2,2,0,0,0,0,0,0,0,0,0,0,0,0,0,0,0,0,0,0,0,0,0
toppiob01,O. Toppin,IND,202405100IND,"May 10, 2024",NYK,2,4,0,4,22.22,25.0,-2.78,3,2,1,0,0,0,0,0,0,0,0,0,0,0,0,0,0,0,0,0,0,0,0,0
1630543,Isaiah Jackson,IND,202405100IND,"May 10, 2024",NYK,4,3,0,3,66.67,66.67,0.0,3,4,0,0,0,0,0,0,0,0,0,0,0,0,0,0,0,0,0,0,0,0,0,0
202692,Alec Burks,NYK,202405100IND,"May 10, 2024",IND,14,6,5,8,66.67,85.37,-18.7,1,2,4,6,1,1,0,0,1,3,0,0,0,0,0,0,0,0,0,0,0,0,1,2
1629008,Michael Porter Jr.,DEN,202405100MIN,"May 10, 2024",MIN,21,10,6,13,67.74,83.07,-15.33,5,4,5,12,3,5,0,0,0,0,0,0,0,0,0,0,0,0,0,0,0,0,0,0
203999,Nikola Jokić,DEN,202405100MIN,"May 10, 2024",MIN,24,18,4,20,55.81,60.73,-4.92,15,18,3,3,1,1,0,0,0,0,0,0,0,0,0,0,0,0,0,0,0,0,1,2
203484,Kentavious Caldwell-Pope,DEN,202405100MIN,"May 10, 2024",MIN,12,6,6,10,60.0,69.44,-9.44,4,6,2,0,0,0,1,3,0,0,0,0,3,3,0,0,0,0,0,0,0,0,0,0
1630183,Jaden McDaniels,MIN,202405100MIN,"May 10, 2024",DEN,10,6,4,8,55.56,64.43,-8.87,4,8,2,0,1,1,0,0,0,0,0,0,0,0,0,0,0,0,0,0,0,0,1,1
1627750,Jamal Murray,DEN,202405100MIN,"May 10, 2024",MIN,24,21,0,21,51.06,57.14,-6.08,16,18,5,6,0,0,0,0,0,0,0,0,0,0,0,0,0,0,0,0,0,0,0,0
1630162,Anthony Edwards,MIN,202405100MIN,"May 10, 2024",DEN,19,15,0,15,50.0,63.33,-13.33,7,10,8,9,0,0,0,0,0,0,0,0,0,0,0,0,0,0,0,0,0,0,0,0
201144,Mike Conley,MIN,202405100MIN,"May 10, 2024",DEN,10,9,3,11,38.46,48.45,-9.99,4,4,5,3,0,0,0,0,0,0,0,0,1,1,0,0,0,0,0,0,0,0,1,2
203932,Aaron Gordon,DEN,202405100MIN,"May 10, 2024",MIN,13,7,0,7,72.22,92.86,-20.64,3,4,4,9,0,0,0,0,0,0,0,0,0,0,0,0,0,0,0,0,0,0,0,0
townska01,K. Towns,MIN,202405100MIN,"May 10, 2024",DEN,14,7,2,8,66.67,88.83,-22.16,2,0,5,12,1,2,0,0,0,0,0,0,0,0,0,0,0,0,0,0,0,0,0,0
203497,Rudy Gobert,MIN,202405100MIN,"May 10, 2024",DEN,6,5,2,6,50.0,51.02,-1.02,5,6,0,0,1,0,0,0,0,0,0,0,0,0,0,0,0,0,0,0,0,0,0,0
1629638,Nickeil Alexander-Walker,MIN,202405100MIN,"May 10, 2024",DEN,6,5,2,6,40.0,51.02,-11.02,2,4,3,0,1,2,0,0,0,0,0,0,0,0,0,0,0,0,0,0,0,0,0,0
1629675,Naz Reid,MIN,202405100MIN,"May 10, 2024",DEN,7,7,2,8,36.84,44.42,-7.58,4,2,3,3,1,2,0,0,0,0,0,0,0,0,0,0,0,0,0,0,0,0,0,0
203937,Kyle Anderson,MIN,202405100MIN,"May 10, 2024",DEN,3,3,2,4,37.5,38.66,-1.16,3,2,0,0,1,1,0,0,0,0,0,0,0,0,0,0,0,0,0,0,0,0,0,0
201950,Jrue Holiday,DEN,202405100MIN,"May 10, 2024",MIN,6,4,0,4,54.55,75.0,-20.45,1,0,3,6,0,0,0,0,0,0,0,0,0,0,0,0,0,0,0,0,0,0,0,0
202704,Reggie Jackson,DEN,202405100MIN,"May 10, 2024",MIN,6,4,2,5,50.0,61.48,-11.48,2,4,2,0,0,0,0,0,0,0,0,0,0,0,0,0,0,0,0,0,0,0,1,2
1631128,Christian Braun,DEN,202405100MIN,"May 10, 2024",MIN,5,4,0,4,50.0,62.5,-12.5,2,2,2,3,0,0,0,0,0,0,0,0,0,0,0,0,0,0,0,0,0,0,0,0
1629162,Jordan McLaughlin,MIN,202405100MIN,"May 10, 2024",DEN,0,3,2,4,0.0,0.0,0.0,0,0,3,0,1,0,0,0,0,0,0,0,0,0,0,0,0,0,0,0,0,0,0,0
1631212,Peyton Watson,DEN,202405100MIN,"May 10, 2024",MIN,0,2,0,2,0.0,0.0,0.0,2,0,0,0,0,0,0,0,0,0,0,0,0,0,0,0,0,0,0,0,0,0,0,0
1630568,Luka Garza,MIN,202405100MIN,"May 10, 2024",DEN,8,2,4,4,100.0,106.38,-6.38,2,4,0,0,0,0,0,0,0,0,0,0,0,0,0,0,0,0,0,0,0,0,2,4
1631169,Josh Minott,MIN,202405100MIN,"May 10, 2024",DEN,3,3,0,3,37.5,50.0,-12.5,1,0,2,3,0,0,0,0,0,0,0,0,0,0,0,0,0,0,0,0,0,0,0,0
1628420,Monte Morris,MIN,202405100MIN,"May 10, 2024",DEN,4,4,2,5,36.36,40.98,-4.62,3,2,1,0,0,0,0,0,0,0,0,0,0,0,0,0,0,0,0,0,0,0,1,2
warretj01,T. Warren,MIN,202405100MIN,"May 10, 2024",DEN,0,2,0,2,0.0,0.0,0.0,1,0,1,0,0,0,0,0,0,0,0,0,0,0,0,0,0,0,0,0,0,0,0,0
1630192,Zeke Nnaji,DEN,202405100MIN,"May 10, 2024",MIN,2,1,0,1,100.0,100.0,0.0,1,2,0,0,0,0,0,0,0,0,0,0,0,0,0,0,0,0,0,0,0,0,0,0
1631124,Julian Strawther,DEN,202405100MIN,"May 10, 2024",MIN,3,2,0,2,50.0,75.0,-25.0,0,0,2,3,0,0,0,0,0,0,0,0,0,0,0,0,0,0,0,0,0,0,0,0
tysonhu01,H. Tyson,DEN,202405100MIN,"May 10, 2024",MIN,1,1,2,2,20.0,26.6,-6.6,0,0,1,0,1,1,0,0,0,0,0,0,0,0,0,0,0,0,0,0,0,0,0,0
1631096,Chet Holmgren,OKC,202405110DAL,"May 11, 2024",DAL,13,9,5,11,52.0,58.04,-6.04,6,8,2,0,2,2,0,0,1,3,0,0,0,0,0,0,0,0,0,0,0,0,0,0
1627884,Derrick Jones Jr.,OKC,202405110DAL,"May 11, 2024",DAL,3,10,1,10,12.5,14.37,-1.87,6,0,3,0,0,0,0,0,1,3,0,0,0,0,0,0,0,0,0,0,0,0,0,0
1629655,Daniel Gafford,DAL,202405110DAL,"May 11, 2024",OKC,8,5,2,6,66.67,68.03,-1.36,5,8,0,0,1,0,0,0,0,0,0,0,0,0,0,0,0,0,0,0,0,0,0,0
1629023,P.J. Washington,DAL,202405110DAL,"May 11, 2024",OKC,27,23,0,23,46.55,58.7,-12.15,11,12,12,15,0,0,0,0,0,0,0,0,0,0,0,0,0,0,0,0,0,0,0,0
1629652,Luguentz Dort,OKC,202405110DAL,"May 11, 2024",DAL,8,9,0,9,32.0,44.44,-12.44,2,2,7,6,0,0,0,0,0,0,0,0,0,0,0,0,0,0,0,0,0,0,0,0
1629029,Luka Dončić,DAL,202405110DAL,"May 11, 2024",OKC,22,17,10,21,45.83,51.4,-5.57,12,10,4,3,1,2,1,2,1,3,0,0,0,0,0,0,0,0,0,0,0,0,2,2
1630581,Josh Giddey,OKC,202405110DAL,"May 11, 2024",DAL,9,8,0,8,45.0,56.25,-11.25,4,6,4,3,0,0,0,0,0,0,0,0,0,0,0,0,0,0,0,0,0,0,0,0
1631114,Jalen Williams,DAL,202405110DAL,"May 11, 2024",OKC,16,12,2,13,57.14,62.11,-4.97,10,12,2,3,1,1,0,0,0,0,0,0,0,0,0,0,0,0,0,0,0,0,0,0
1628983,Shai Gilgeous-Alexander,OKC,202405110DAL,"May 11, 2024",DAL,31,23,10,28,52.54,56.57,-4.03,20,16,3,6,5,9,0,0,0,0,0,0,0,0,0,0,0,0,0,0,0,0,0,0
1641726,Dereck Lively II,DAL,202405110DAL,"May 11, 2024",OKC,12,7,12,13,46.15,48.86,-2.71,7,4,0,0,2,3,0,0,0,0,0,0,0,0,0,0,0,0,0,0,0,0,4,5
202681,Kyrie Irving,DAL,202405110DAL,"May 11, 2024",OKC,22,17,0,17,55.0,64.71,-9.71,11,16,6,6,0,0,0,0,0,0,0,0,0,0,0,0,0,0,0,0,0,0,0,0
1641717,Cason Wallace,OKC,202405110DAL,"May 11, 2024",DAL,3,3,0,3,33.33,50.0,-16.67,0,0,3,3,0,0,0,0,0,0,0,0,0,0,0,0,0,0,0,0,0,0,0,0
1630598,Aaron Wiggins,OKC,202405110DAL,"May 11, 2024",DAL,6,7,0,7,35.29,42.86,-7.57,4,6,3,0,0,0,0,0,0,0,0,0,0,0,0,0,0,0,0,0,0,0,0,0
1630182,Josh Green,DAL,202405110DAL,"May 11, 2024",OKC,3,3,0,3,33.33,50.0,-16.67,0,0,3,3,0,0,0,0,0,0,0,0,0,0,0,0,0,0,0,0,0,0,0,0
1630198,Isaiah Joe,OKC,202405110DAL,"May 11, 2024",DAL,13,7,0,7,72.22,92.86,-20.64,3,4,4,9,0,0,0,0,0,0,0,0,0,0,0,0,0,0,0,0,0,0,0,0
203501,Tim Hardaway Jr.,DAL,202405110DAL,"May 11, 2024",OKC,8,9,0,9,34.78,44.44,-9.66,4,2,5,6,0,0,0,0,0,0,0,0,0,0,0,0,0,0,0,0,0,0,0,0
haywago01,G. Hayward,OKC,202405110DAL,"May 11, 2024",DAL,0,1,0,1,0.0,0.0,0.0,1,0,0,0,0,0,0,0,0,0,0,0,0,0,0,0,0,0,0,0,0,0,0,0
1629622,Max Strus,CLE,202405110CLE,"May 11, 2024",BOS,6,8,0,8,27.27,37.5,-10.23,2,0,6,6,0,0,0,0,0,0,0,0,0,0,0,0,0,0,0,0,0,0,0,0
201143,Al Horford,BOS,202405110CLE,"May 11, 2024",CLE,2,7,0,7,10.0,14.29,-4.29,1,2,6,0,0,0,0,0,0,0,0,0,0,0,0,0,0,0,0,0,0,0,0,0
1630171,Isaac Okoro,CLE,202405110CLE,"May 11, 2024",BOS,2,7,0,7,11.11,14.29,-3.18,3,2,4,0,0,0,0,0,0,0,0,0,0,0,0,0,0,0,0,0,0,0,0,0
1627759,Jaylen Brown,BOS,202405110CLE,"May 11, 2024",CLE,28,17,2,18,71.79,78.3,-6.51,14,22,3,6,1,0,0,0,0,0,0,0,0,0,0,0,0,0,0,0,0,0,0,0
201950,Jrue Holiday,BOS,202405110CLE,"May 11, 2024",CLE,18,10,2,11,69.23,82.72,-13.49,6,8,4,9,1,1,0,0,0,0,0,0,0,0,0,0,0,0,0,0,0,0,0,0
1628378,Donovan Mitchell,CLE,202405110CLE,"May 11, 2024",BOS,33,22,3,23,55.93,70.75,-14.82,9,8,12,21,1,1,0,0,1,3,0,0,0,0,0,0,0,0,0,0,0,0,0,0
1628369,Jayson Tatum,BOS,202405110CLE,"May 11, 2024",CLE,33,25,9,29,49.25,56.98,-7.73,16,16,8,6,4,8,0,0,1,3,0,0,0,0,0,0,0,0,0,0,0,0,0,0
1630596,Evan Mobley,CLE,202405110CLE,"May 11, 2024",BOS,17,11,3,12,65.38,68.99,-3.61,9,12,1,0,1,2,0,0,1,3,0,0,0,0,0,0,0,0,0,0,0,0,0,0
1628401,Derrick White,BOS,202405110CLE,"May 11, 2024",CLE,12,13,1,14,34.29,44.64,-10.35,5,2,8,9,0,0,0,0,0,0,0,0,1,1,0,0,0,0,0,0,0,0,0,0
1629636,Darius Garland,CLE,202405110CLE,"May 11, 2024",BOS,15,15,2,16,39.47,47.23,-7.76,9,10,6,3,1,2,0,0,0,0,0,0,0,0,0,0,0,0,0,0,0,0,0,0
1628436,Luke Kornet,BOS,202405110CLE,"May 11, 2024",CLE,2,1,0,1,100.0,100.0,0.0,1,2,0,0,0,0,0,0,0,0,0,0,0,0,0,0,0,0,0,0,0,0,0,0
1630202,Payton Pritchard,BOS,202405110CLE,"May 11, 2024",CLE,5,4,0,4,50.0,62.5,-12.5,2,2,2,3,0,0,0,0,0,0,0,0,0,0,0,0,0,0,0,0,0,0,0,0
1627747,Caris LeVert,CLE,202405110CLE,"May 11, 2024",BOS,15,12,2,13,51.72,58.23,-6.51,9,10,3,3,1,2,0,0,0,0,0,0,0,0,0,0,0,0,0,0,0,0,0,0
wadede01,D. Wade,CLE,202405110CLE,"May 11, 2024",BOS,5,6,0,6,31.25,41.67,-10.42,2,2,4,3,0,0,0,0,0,0,0,0,0,0,0,0,0,0,0,0,0,0,0,0
1630573,Sam Hauser,BOS,202405110CLE,"May 11, 2024",CLE,6,3,0,3,66.67,100.0,-33.33,0,0,3,6,0,0,0,0,0,0,0,0,0,0,0,0,0,0,0,0,0,0,0,0
1628420,Monte Morris,CLE,202405110CLE,"May 11, 2024",BOS,0,2,0,2,0.0,0.0,0.0,2,0,0,0,0,0,0,0,0,0,0,0,0,0,0,0,0,0,0,0,0,0,0,0
1630241,Sam Merrill,CLE,202405110CLE,"May 11, 2024",BOS,0,1,0,1,0.0,0.0,0.0,1,0,0,0,0,0,0,0,0,0,0,0,0,0,0,0,0,0,0,0,0,0,0,0
1628392,Isaiah Hartenstein,NYK,202405120IND,"May 12, 2024",IND,4,3,0,3,66.67,66.67,0.0,3,4,0,0,0,0,0,0,0,0,0,0,0,0,0,0,0,0,0,0,0,0,0,0
1630174,Aaron Nesmith,IND,202405120IND,"May 12, 2024",NYK,8,8,0,8,40.0,50.0,-10.0,4,8,4,0,0,0,0,0,0,0,0,0,0,0,0,0,0,0,0,0,0,0,0,0
1628973,Jalen Brunson,NYK,202405120IND,"May 12, 2024",IND,18,17,9,21,37.5,42.94,-5.44,11,10,5,0,4,6,0,0,1,2,0,0,0,0,0,0,0,0,0,0,0,0,0,0
1628404,Josh Hart,NYK,202405120IND,"May 12, 2024",IND,2,6,0,6,14.29,16.67,-2.38,4,2,2,0,0,0,0,0,0,0,0,0,0,0,0,0,0,0,0,0,0,0,0,0
1630173,Precious Achiuwa,NYK,202405120IND,"May 12, 2024",IND,8,7,2,8,50.0,50.76,-0.76,7,8,0,0,1,0,0,0,0,0,0,0,0,0,0,0,0,0,0,0,0,0,0,0
1627783,Pascal Siakam,NYK,202405120IND,"May 12, 2024",IND,14,9,0,9,77.78,77.78,0.0,9,14,0,0,0,0,0,0,0,0,0,0,0,0,0,0,0,0,0,0,0,0,0,0
1630169,Tyrese Haliburton,IND,202405120IND,"May 12, 2024",NYK,20,15,0,15,50.0,66.67,-16.67,5,8,10,12,0,0,0,0,0,0,0,0,0,0,0,0,0,0,0,0,0,0,0,0
1629614,Andrew Nembhard,IND,202405120IND,"May 12, 2024",NYK,9,5,0,5,75.0,90.0,-15.0,3,6,2,3,0,0,0,0,0,0,0,0,0,0,0,0,0,0,0,0,0,0,0,0
1628978,Donte DiVincenzo,NYK,202405120IND,"May 12, 2024",IND,7,13,0,13,21.88,26.92,-5.04,7,4,6,3,0,0,0,0,0,0,0,0,0,0,0,0,0,0,0,0,0,0,0,0
turnemy01,M. Turner,IND,202405120IND,"May 12, 2024",NYK,13,5,0,5,100.0,130.0,-30.0,2,4,3,9,0,0,0,0,0,0,0,0,0,0,0,0,0,0,0,0,0,0,0,0
1641767,Ben Sheppard,IND,202405120IND,"May 12, 2024",NYK,6,6,1,6,33.33,46.58,-13.25,0,0,5,3,0,0,0,0,1,3,0,0,0,0,0,0,0,0,0,0,0,0,0,0
204456,T.J. McConnell,IND,202405120IND,"May 12, 2024",NYK,15,12,1,12,55.56,60.29,-4.73,9,6,2,6,0,0,0,0,1,3,0,0,0,0,0,0,0,0,0,0,0,0,0,0
toppiob01,O. Toppin,IND,202405120IND,"May 12, 2024",NYK,14,11,0,11,56.0,63.64,-7.64,8,8,3,6,0,0,0,0,0,0,0,0,0,0,0,0,0,0,0,0,0,0,0,0
1630540,Miles McBride,NYK,202405120IND,"May 12, 2024",IND,16,17,2,18,34.04,44.74,-10.7,6,6,11,9,1,1,0,0,0,0,0,0,0,0,0,0,0,0,0,0,0,0,0,0
1630579,Jericho Sims,NYK,202405120IND,"May 12, 2024",IND,4,1,2,2,100.0,106.38,-6.38,1,2,0,0,1,2,0,0,0,0,0,0,0,0,0,0,0,0,0,0,0,0,0,0
202692,Alec Burks,NYK,202405120IND,"May 12, 2024",IND,20,11,10,15,52.63,64.94,-12.31,4,4,6,6,3,5,1,2,1,3,0,0,0,0,0,0,0,0,0,0,0,0,0,0
1630543,Isaiah Jackson,IND,202405120IND,"May 12, 2024",NYK,10,8,2,9,55.56,56.31,-0.75,8,8,0,0,1,2,0,0,0,0,0,0,0,0,0,0,0,0,0,0,0,0,0,0
1629003,Shake Milton,NYK,202405120IND,"May 12, 2024",IND,3,5,4,7,18.75,22.19,-3.44,3,0,2,0,2,3,0,0,0,0,0,0,0,0,0,0,0,0,0,0,0,0,0,0
1629610,DaQuan Jeffries,NYK,202405120IND,"May 12, 2024",IND,5,7,0,7,27.78,35.71,-7.93,3,2,4,3,0,0,0,0,0,0,0,0,0,0,0,0,0,0,0,0,0,0,0,0
1641738,Kobe Brown,IND,202405120IND,"May 12, 2024",NYK,0,2,0,2,0.0,0.0,0.0,2,0,0,0,0,0,0,0,0,0,0,0,0,0,0,0,0,0,0,0,0,0,0,0
1630188,Jalen Smith,IND,202405120IND,"May 12, 2024",NYK,7,2,2,4,100.0,121.53,-21.53,1,2,1,3,0,0,0,0,0,0,0,0,2,2,0,0,0,0,0,0,0,0,0,0
diakima01,M. Diakite,NYK,202405120IND,"May 12, 2024",IND,2,2,2,3,28.57,34.72,-6.15,1,0,1,0,1,2,0,0,0,0,0,0,0,0,0,0,0,0,0,0,0,0,0,0
1641716,Jarace Walker,IND,202405120IND,"May 12, 2024",NYK,5,4,2,5,50.0,51.23,-1.23,4,4,0,0,1,1,0,0,0,0,0,0,0,0,0,0,0,0,0,0,0,0,0,0
203926,Doug McDermott,IND,202405120IND,"May 12, 2024",NYK,0,1,0,1,0.0,0.0,0.0,0,0,1,0,0,0,0,0,0,0,0,0,0,0,0,0,0,0,0,0,0,0,0,0
1630183,Jaden McDaniels,MIN,202405120MIN,"May 12, 2024",DEN,11,8,4,10,47.83,56.35,-8.52,5,6,3,3,2,2,0,0,0,0,0,0,0,0,0,0,0,0,0,0,0,0,0,0
1629008,Michael Porter Jr.,DEN,202405120MIN,"May 12, 2024",MIN,4,4,0,4,40.0,50.0,-10.0,2,4,2,0,0,0,0,0,0,0,0,0,0,0,0,0,0,0,0,0,0,0,0,0
201144,Mike Conley,MIN,202405120MIN,"May 12, 2024",DEN,15,12,2,13,45.45,58.23,-12.78,5,4,7,9,1,2,0,0,0,0,0,0,0,0,0,0,0,0,0,0,0,0,0,0
203999,Nikola Jokić,DEN,202405120MIN,"May 12, 2024",MIN,35,26,6,28,55.56,61.1,-5.54,19,24,5,3,2,3,0,0,2,5,0,0,0,0,0,0,0,0,0,0,0,0,0,0
203497,Rudy Gobert,MIN,202405120MIN,"May 12, 2024",DEN,11,5,9,9,57.89,61.38,-3.49,4,4,0,0,3,4,0,0,1,3,0,0,0,0,0,0,0,0,0,0,0,0,1,0
203932,Aaron Gordon,DEN,202405120MIN,"May 12, 2024",MIN,27,12,3,13,93.1,101.35,-8.25,9,16,2,6,1,2,0,0,1,3,0,0,0,0,0,0,0,0,0,0,0,0,0,0
1630162,Anthony Edwards,MIN,202405120MIN,"May 12, 2024",DEN,44,25,8,29,66.67,77.14,-10.47,17,22,8,15,4,7,0,0,0,0,0,0,0,0,0,0,0,0,0,0,0,0,0,0
1627750,Jamal Murray,MIN,202405120MIN,"May 12, 2024",DEN,19,17,0,17,46.34,55.88,-9.54,10,10,7,9,0,0,0,0,0,0,0,0,0,0,0,0,0,0,0,0,0,0,0,0
townska01,K. Towns,MIN,202405120MIN,"May 12, 2024",DEN,13,18,4,20,29.55,32.89,-3.34,14,8,4,3,2,2,0,0,0,0,0,0,0,0,0,0,0,0,0,0,0,0,0,0
1629638,Nickeil Alexander-Walker,MIN,202405120MIN,"May 12, 2024",DEN,2,7,0,7,11.11,14.29,-3.18,3,2,4,0,0,0,0,0,0,0,0,0,0,0,0,0,0,0,0,0,0,0,0,0
1629675,Naz Reid,MIN,202405120MIN,"May 12, 2024",DEN,11,6,0,6,78.57,91.67,-13.1,4,8,2,3,0,0,0,0,0,0,0,0,0,0,0,0,0,0,0,0,0,0,0,0
202704,Reggie Jackson,DEN,202405120MIN,"May 12, 2024",MIN,6,4,0,4,54.55,75.0,-20.45,1,0,3,6,0,0,0,0,0,0,0,0,0,0,0,0,0,0,0,0,0,0,0,0
203484,Kentavious Caldwell-Pope,MIN,202405120MIN,"May 12, 2024",DEN,3,6,0,6,18.75,25.0,-6.25,2,0,4,3,0,0,0,0,0,0,0,0,0,0,0,0,0,0,0,0,0,0,0,0
201950,Jrue Holiday,DEN,202405120MIN,"May 12, 2024",MIN,10,6,2,7,52.63,72.67,-20.04,1,0,5,9,1,1,0,0,0,0,0,0,0,0,0,0,0,0,0,0,0,0,0,0
1631128,Christian Braun,DEN,202405120MIN,"May 12, 2024",MIN,11,4,4,6,84.62,95.49,-10.87,3,4,1,3,2,4,0,0,0,0,0,0,0,0,0,0,0,0,0,0,0,0,0,0
203937,Kyle Anderson,MIN,202405120MIN,"May 12, 2024",DEN,0,1,0,1,0.0,0.0,0.0,1,0,0,0,0,0,0,0,0,0,0,0,0,0,0,0,0,0,0,0,0,0,0,0
1630596,Evan Mobley,CLE,202405130CLE,"May 13, 2024",BOS,19,13,3,14,63.33,66.34,-3.01,11,12,1,3,1,1,0,0,1,3,0,0,0,0,0,0,0,0,0,0,0,0,0,0
1627759,Jaylen Brown,BOS,202405130CLE,"May 13, 2024",CLE,27,15,9,19,64.29,71.2,-6.91,11,12,3,6,4,6,0,0,1,3,0,0,0,0,0,0,0,0,0,0,0,0,0,0
1629636,Darius Garland,CLE,202405130CLE,"May 13, 2024",BOS,30,27,2,28,43.48,53.8,-10.32,13,14,13,12,0,0,0,0,1,3,0,0,1,1,0,0,0,0,0,0,0,0,0,0
1629622,Max Strus,CLE,202405130CLE,"May 13, 2024",BOS,15,12,0,12,45.45,62.5,-17.05,3,0,9,15,0,0,0,0,0,0,0,0,0,0,0,0,0,0,0,0,0,0,0,0
201950,Jrue Holiday,BOS,202405130CLE,"May 13, 2024",CLE,16,11,0,11,53.33,72.73,-19.4,3,4,8,12,0,0,0,0,0,0,0,0,0,0,0,0,0,0,0,0,0,0,0,0
201143,Al Horford,BOS,202405130CLE,"May 13, 2024",CLE,6,9,0,9,27.27,33.33,-6.06,5,6,4,0,0,0,0,0,0,0,0,0,0,0,0,0,0,0,0,0,0,0,0,0
1630171,Isaac Okoro,BOS,202405130CLE,"May 13, 2024",CLE,2,8,1,8,9.52,11.85,-2.33,3,0,4,0,0,0,0,0,1,2,0,0,0,0,0,0,0,0,0,0,0,0,0,0
1627747,Caris LeVert,CLE,202405130CLE,"May 13, 2024",BOS,19,18,0,18,43.18,52.78,-9.6,10,16,8,3,0,0,0,0,0,0,0,0,0,0,0,0,0,0,0,0,0,0,0,0
1628369,Jayson Tatum,BOS,202405130CLE,"May 13, 2024",CLE,33,25,9,30,49.25,56.98,-7.73,17,18,8,6,1,2,0,0,0,0,0,0,2,3,0,0,0,0,0,0,0,0,2,4
1628401,Derrick White,BOS,202405130CLE,"May 13, 2024",CLE,5,6,2,7,27.78,36.34,-8.56,2,0,4,3,0,0,0,0,0,0,0,0,0,0,0,0,0,0,0,0,0,0,1,2
1628436,Luke Kornet,BOS,202405130CLE,"May 13, 2024",CLE,9,5,2,6,75.0,76.53,-1.53,5,8,0,0,1,1,0,0,0,0,0,0,0,0,0,0,0,0,0,0,0,0,0,0
1630202,Payton Pritchard,BOS,202405130CLE,"May 13, 2024",CLE,11,5,2,6,68.75,93.54,-24.79,1,0,4,9,0,0,0,0,0,0,0,0,0,0,0,0,0,0,0,0,0,0,1,2
wadede01,D. Wade,CLE,202405130CLE,"May 13, 2024",BOS,3,4,0,4,25.0,37.5,-12.5,0,0,4,3,0,0,0,0,0,0,0,0,0,0,0,0,0,0,0,0,0,0,0,0
1630573,Sam Hauser,BOS,202405130CLE,"May 13, 2024",CLE,2,2,0,2,40.0,50.0,-10.0,1,2,1,0,0,0,0,0,0,0,0,0,0,0,0,0,0,0,0,0,0,0,0,0
1630241,Sam Merrill,CLE,202405130CLE,"May 13, 2024",BOS,7,7,1,8,31.82,47.04,-15.22,0,0,7,6,0,0,0,0,0,0,0,0,0,0,0,0,0,0,0,0,1,1,0,0
1627777,Georges Niang,CLE,202405130CLE,"May 13, 2024",BOS,3,3,0,3,37.5,50.0,-12.5,1,0,2,3,0,0,0,0,0,0,0,0,0,0,0,0,0,0,0,0,0,0,0,0
202684,Tristan Thompson,CLE,202405130CLE,"May 13, 2024",BOS,4,2,0,2,100.0,100.0,0.0,2,4,0,0,0,0,0,0,0,0,0,0,0,0,0,0,0,0,0,0,0,0,0,0
1631096,Chet Holmgren,OKC,202405130DAL,"May 13, 2024",DAL,18,9,6,12,69.23,77.32,-8.09,7,10,2,3,1,2,0,0,0,0,0,0,0,0,0,0,0,0,0,0,0,0,2,3
202681,Kyrie Irving,DAL,202405130DAL,"May 13, 2024",OKC,9,11,2,12,34.62,37.88,-3.26,9,8,2,0,1,1,0,0,0,0,0,0,0,0,0,0,0,0,0,0,0,0,0,0
1628983,Shai Gilgeous-Alexander,OKC,202405130DAL,"May 13, 2024",DAL,34,27,6,30,55.74,57.35,-1.61,26,28,1,0,2,4,0,0,0,0,0,0,0,0,0,0,0,0,0,0,0,0,1,2
1629029,Luka Dončić,DAL,202405130DAL,"May 13, 2024",OKC,18,20,6,23,32.73,39.75,-7.02,11,8,9,6,3,4,0,0,0,0,0,0,0,0,0,0,0,0,0,0,0,0,0,0
1629652,Luguentz Dort,DAL,202405130DAL,"May 13, 2024",OKC,17,14,6,17,38.64,51.08,-12.44,4,2,10,9,2,4,0,0,0,0,0,0,0,0,0,0,0,0,0,0,0,0,1,2
1629023,P.J. Washington,DAL,202405130DAL,"May 13, 2024",OKC,21,19,4,21,39.62,50.58,-10.96,8,4,11,15,1,1,0,0,0,0,0,0,0,0,0,0,0,0,0,0,0,0,1,1
1631119,Jaylin Williams,OKC,202405130DAL,"May 13, 2024",DAL,14,19,4,21,31.82,33.72,-1.9,16,8,2,0,1,2,0,0,1,3,0,0,0,0,0,0,0,0,0,0,1,1,0,0
1629655,Daniel Gafford,DAL,202405130DAL,"May 13, 2024",OKC,10,7,4,9,55.56,57.08,-1.52,7,8,0,0,2,2,0,0,0,0,0,0,0,0,0,0,0,0,0,0,0,0,0,0
1630581,Josh Giddey,OKC,202405130DAL,"May 13, 2024",DAL,5,8,0,8,26.32,31.25,-4.93,5,2,3,3,0,0,0,0,0,0,0,0,0,0,0,0,0,0,0,0,0,0,0,0
1627884,Derrick Jones Jr.,DAL,202405130DAL,"May 13, 2024",OKC,17,12,4,14,51.52,61.77,-10.25,7,12,5,3,2,2,0,0,0,0,0,0,0,0,0,0,0,0,0,0,0,0,0,0
1641726,Dereck Lively II,DAL,202405130DAL,"May 13, 2024",OKC,7,7,3,9,41.18,42.07,-0.89,7,6,0,0,0,0,0,0,0,0,0,0,1,0,0,0,0,0,0,0,0,0,1,1
1630598,Aaron Wiggins,OKC,202405130DAL,"May 13, 2024",DAL,6,7,2,8,31.58,38.07,-6.49,4,4,3,0,1,2,0,0,0,0,0,0,0,0,0,0,0,0,0,0,0,0,0,0
203957,Dante Exum,DAL,202405130DAL,"May 13, 2024",OKC,5,4,0,4,55.56,62.5,-6.94,3,2,1,3,0,0,0,0,0,0,0,0,0,0,0,0,0,0,0,0,0,0,0,0
1630182,Josh Green,DAL,202405130DAL,"May 13, 2024",OKC,3,4,0,4,27.27,37.5,-10.23,1,0,3,3,0,0,0,0,0,0,0,0,0,0,0,0,0,0,0,0,0,0,0,0
1630198,Isaiah Joe,OKC,202405130DAL,"May 13, 2024",DAL,0,3,0,3,0.0,0.0,0.0,0,0,3,0,0,0,0,0,0,0,0,0,0,0,0,0,0,0,0,0,0,0,0,0
1641717,Cason Wallace,OKC,202405130DAL,"May 13, 2024",DAL,6,2,0,2,100.0,150.0,-50.0,0,0,2,6,0,0,0,0,0,0,0,0,0,0,0,0,0,0,0,0,0,0,0,0
203501,Tim Hardaway Jr.,OKC,202405130DAL,"May 13, 2024",DAL,6,4,0,4,50.0,75.0,-25.0,0,0,4,6,0,0,0,0,0,0,0,0,0,0,0,0,0,0,0,0,0,0,0,0
1629026,Kenrich Williams,OKC,202405130DAL,"May 13, 2024",DAL,0,1,0,1,0.0,0.0,0.0,0,0,1,0,0,0,0,0,0,0,0,0,0,0,0,0,0,0,0,0,0,0,0,0
1630174,Aaron Nesmith,IND,202405140NYK,"May 14, 2024",NYK,8,7,3,9,40.0,48.08,-8.08,4,2,3,3,0,0,0,0,0,0,0,0,1,1,0,0,0,0,0,0,0,0,1,2
1628973,Jalen Brunson,NYK,202405140NYK,"May 14, 2024",IND,44,35,7,37,53.01,57.77,-4.76,27,28,6,6,1,2,1,3,2,5,0,0,0,0,0,0,0,0,0,0,0,0,0,0
1627783,Pascal Siakam,IND,202405140NYK,"May 14, 2024",NYK,22,15,7,18,55.0,60.84,-5.84,11,8,3,6,2,3,0,0,1,3,0,0,0,0,0,0,0,0,0,0,0,0,1,2
1628392,Isaiah Hartenstein,NYK,202405140NYK,"May 14, 2024",IND,7,3,4,5,70.0,73.53,-3.53,3,4,0,0,1,1,0,0,0,0,0,0,0,0,0,0,0,0,0,0,0,0,1,2
1628404,Josh Hart,NYK,202405140NYK,"May 14, 2024",IND,18,16,2,17,43.9,53.32,-9.42,9,10,7,6,1,2,0,0,0,0,0,0,0,0,0,0,0,0,0,0,0,0,0,0
1629614,Andrew Nembhard,IND,202405140NYK,"May 14, 2024",NYK,11,10,2,11,44.0,50.55,-6.55,7,4,3,6,1,1,0,0,0,0,0,0,0,0,0,0,0,0,0,0,0,0,0,0
turnemy01,M. Turner,IND,202405140NYK,"May 14, 2024",NYK,16,12,0,12,51.61,66.67,-15.06,5,4,7,12,0,0,0,0,0,0,0,0,0,0,0,0,0,0,0,0,0,0,0,0
1630540,Miles McBride,NYK,202405140NYK,"May 14, 2024",IND,17,15,0,15,45.95,56.67,-10.72,8,8,7,9,0,0,0,0,0,0,0,0,0,0,0,0,0,0,0,0,0,0,0,0
1630169,Tyrese Haliburton,IND,202405140NYK,"May 14, 2024",NYK,13,9,2,10,54.17,65.79,-11.62,5,8,4,3,1,2,0,0,0,0,0,0,0,0,0,0,0,0,0,0,0,0,0,0
1628978,Donte DiVincenzo,NYK,202405140NYK,"May 14, 2024",IND,8,14,0,14,23.53,28.57,-5.04,8,8,6,0,0,0,0,0,0,0,0,0,0,0,0,0,0,0,0,0,0,0,0,0
204456,T.J. McConnell,IND,202405140NYK,"May 14, 2024",NYK,7,8,1,8,41.18,41.47,-0.29,7,4,0,0,0,0,0,0,1,3,0,0,0,0,0,0,0,0,0,0,0,0,0,0
1641767,Ben Sheppard,IND,202405140NYK,"May 14, 2024",NYK,6,3,0,3,66.67,100.0,-33.33,0,0,3,6,0,0,0,0,0,0,0,0,0,0,0,0,0,0,0,0,0,0,0,0
toppiob01,O. Toppin,IND,202405140NYK,"May 14, 2024",NYK,7,5,3,6,46.67,55.38,-8.71,2,2,2,0,0,0,0,0,1,3,0,0,0,0,0,0,0,0,0,0,0,0,1,2
1630173,Precious Achiuwa,NYK,202405140NYK,"May 14, 2024",IND,4,6,0,6,30.77,33.33,-2.56,5,4,1,0,0,0,0,0,0,0,0,0,0,0,0,0,0,0,0,0,0,0,0,0
202692,Alec Burks,NYK,202405140NYK,"May 14, 2024",IND,18,11,2,12,56.25,75.76,-19.51,3,2,8,15,1,1,0,0,0,0,0,0,0,0,0,0,0,0,0,0,0,0,0,0
1630188,Jalen Smith,IND,202405140NYK,"May 14, 2024",NYK,0,0,2,1,0.0,0.0,0.0,0,0,0,0,1,0,0,0,0,0,0,0,0,0,0,0,0,0,0,0,0,0,0,0
1641716,Jarace Walker,IND,202405140NYK,"May 14, 2024",NYK,0,3,0,3,0.0,0.0,0.0,1,0,2,0,0,0,0,0,0,0,0,0,0,0,0,0,0,0,0,0,0,0,0,0
1629003,Shake Milton,NYK,202405140NYK,"May 14, 2024",IND,2,0,2,1,100.0,113.64,-13.64,0,0,0,0,0,0,0,0,0,0,0,0,0,0,0,0,0,0,0,0,0,0,1,2
1630579,Jericho Sims,NYK,202405140NYK,"May 14, 2024",IND,3,1,2,2,75.0,79.79,-4.79,1,2,0,0,0,0,0,0,0,0,0,0,0,0,0,0,0,0,0,0,0,0,1,1
201949,James Johnson,IND,202405140NYK,"May 14, 2024",NYK,1,0,2,1,50.0,56.82,-6.82,0,0,0,0,1,1,0,0,0,0,0,0,0,0,0,0,0,0,0,0,0,0,0,0
203484,Kentavious Caldwell-Pope,DEN,202405140DEN,"May 14, 2024",MIN,16,8,0,8,76.19,100.0,-23.81,3,4,5,12,0,0,0,0,0,0,0,0,0,0,0,0,0,0,0,0,0,0,0,0
1630183,Jaden McDaniels,MIN,202405140DEN,"May 14, 2024",DEN,9,9,0,9,40.91,50.0,-9.09,5,6,4,3,0,0,0,0,0,0,0,0,0,0,0,0,0,0,0,0,0,0,0,0
1629008,Michael Porter Jr.,DEN,202405140DEN,"May 14, 2024",MIN,6,10,0,10,22.22,30.0,-7.78,3,0,7,6,0,0,0,0,0,0,0,0,0,0,0,0,0,0,0,0,0,0,0,0
1627750,Jamal Murray,DEN,202405140DEN,"May 14, 2024",MIN,16,14,2,15,53.33,53.76,-0.43,14,14,0,0,1,2,0,0,0,0,0,0,0,0,0,0,0,0,0,0,0,0,0,0
townska01,K. Towns,MIN,202405140DEN,"May 14, 2024",DEN,23,19,2,20,51.11,57.85,-6.74,14,16,5,6,1,1,0,0,0,0,0,0,0,0,0,0,0,0,0,0,0,0,0,0
1630162,Anthony Edwards,MIN,202405140DEN,"May 14, 2024",DEN,18,15,8,19,41.86,48.6,-6.74,9,6,5,3,3,5,0,0,1,3,0,0,1,1,0,0,0,0,0,0,0,0,0,0
203932,Aaron Gordon,DEN,202405140DEN,"May 14, 2024",MIN,18,14,4,16,54.55,57.11,-2.56,13,14,1,0,2,4,0,0,0,0,0,0,0,0,0,0,0,0,0,0,0,0,0,0
1629638,Nickeil Alexander-Walker,MIN,202405140DEN,"May 14, 2024",DEN,14,12,0,12,43.75,58.33,-14.58,4,2,8,12,0,0,0,0,0,0,0,0,0,0,0,0,0,0,0,0,0,0,0,0
203497,Rudy Gobert,MIN,202405140DEN,"May 14, 2024",DEN,18,7,7,10,85.71,89.29,-3.58,6,12,0,0,3,4,0,0,1,2,0,0,0,0,0,0,0,0,0,0,0,0,0,0
201950,Jrue Holiday,DEN,202405140DEN,"May 14, 2024",MIN,0,1,0,1,0.0,0.0,0.0,0,0,1,0,0,0,0,0,0,0,0,0,0,0,0,0,0,0,0,0,0,0,0,0
203999,Nikola Jokić,DEN,202405140DEN,"May 14, 2024",MIN,40,22,9,25,71.43,77.04,-5.61,16,20,3,6,3,5,0,0,3,9,0,0,0,0,0,0,0,0,0,0,0,0,0,0
1629675,Naz Reid,MIN,202405140DEN,"May 14, 2024",DEN,7,8,2,9,33.33,39.41,-6.08,5,6,3,0,1,1,0,0,0,0,0,0,0,0,0,0,0,0,0,0,0,0,0,0
203937,Kyle Anderson,MIN,202405140DEN,"May 14, 2024",DEN,2,2,0,2,50.0,50.0,0.0,2,2,0,0,0,0,0,0,0,0,0,0,0,0,0,0,0,0,0,0,0,0,0,0
1631128,Christian Braun,DEN,202405140DEN,"May 14, 2024",MIN,10,8,3,9,47.62,53.65,-6.03,5,4,2,3,1,1,0,0,1,2,0,0,0,0,0,0,0,0,0,0,0,0,0,0
202704,Reggie Jackson,DEN,202405140DEN,"May 14, 2024",MIN,6,3,0,3,100.0,100.0,0.0,3,6,0,0,0,0,0,0,0,0,0,0,0,0,0,0,0,0,0,0,0,0,0,0
1628420,Monte Morris,MIN,202405140DEN,"May 14, 2024",DEN,6,6,0,6,46.15,50.0,-3.85,5,6,1,0,0,0,0,0,0,0,0,0,0,0,0,0,0,0,0,0,0,0,0,0
1629622,Max Strus,CLE,202405150BOS,"May 15, 2024",BOS,12,10,3,11,40.0,53.0,-13.0,3,0,7,9,0,0,1,3,0,0,0,0,0,0,0,0,0,0,0,0,0,0,0,0
1628369,Jayson Tatum,BOS,202405150BOS,"May 15, 2024",CLE,25,16,4,18,58.14,70.38,-12.24,9,12,7,9,1,2,0,0,0,0,0,0,0,0,0,0,0,0,0,0,0,0,1,2
1630171,Isaac Okoro,CLE,202405150BOS,"May 15, 2024",BOS,5,4,0,4,55.56,62.5,-6.94,3,2,1,3,0,0,0,0,0,0,0,0,0,0,0,0,0,0,0,0,0,0,0,0
1628401,Derrick White,CLE,202405150BOS,"May 15, 2024",BOS,18,17,0,17,41.86,52.94,-11.08,8,6,9,12,0,0,0,0,0,0,0,0,0,0,0,0,0,0,0,0,0,0,0,0
1627759,Jaylen Brown,BOS,202405150BOS,"May 15, 2024",CLE,11,9,4,11,44.0,51.12,-7.12,6,6,3,3,2,2,0,0,0,0,0,0,0,0,0,0,0,0,0,0,0,0,0,0
1629636,Darius Garland,CLE,202405150BOS,"May 15, 2024",BOS,11,17,3,19,26.83,30.02,-3.19,13,8,4,0,1,2,0,0,0,0,0,0,1,1,0,0,0,0,0,0,0,0,0,0
wadede01,D. Wade,CLE,202405150BOS,"May 15, 2024",BOS,3,3,0,3,37.5,50.0,-12.5,1,0,2,3,0,0,0,0,0,0,0,0,0,0,0,0,0,0,0,0,0,0,0,0
201143,Al Horford,BOS,202405150BOS,"May 15, 2024",CLE,22,15,0,15,51.16,73.33,-22.17,2,4,13,18,0,0,0,0,0,0,0,0,0,0,0,0,0,0,0,0,0,0,0,0
1630596,Evan Mobley,CLE,202405150BOS,"May 15, 2024",BOS,33,24,5,26,58.93,62.98,-4.05,20,28,3,0,2,2,0,0,1,3,0,0,0,0,0,0,0,0,0,0,0,0,0,0
1628420,Monte Morris,CLE,202405150BOS,"May 15, 2024",BOS,25,13,1,13,75.76,93.01,-17.25,6,8,6,15,0,0,0,0,1,2,0,0,0,0,0,0,0,0,0,0,0,0,0,0
1628436,Luke Kornet,BOS,202405150BOS,"May 15, 2024",CLE,8,3,2,4,100.0,103.09,-3.09,3,6,0,0,1,2,0,0,0,0,0,0,0,0,0,0,0,0,0,0,0,0,0,0
1630202,Payton Pritchard,BOS,202405150BOS,"May 15, 2024",CLE,11,7,0,7,61.11,78.57,-17.46,3,2,4,9,0,0,0,0,0,0,0,0,0,0,0,0,0,0,0,0,0,0,0,0
1630241,Sam Merrill,CLE,202405150BOS,"May 15, 2024",BOS,9,5,0,5,60.0,90.0,-30.0,0,0,5,9,0,0,0,0,0,0,0,0,0,0,0,0,0,0,0,0,0,0,0,0
201950,Jrue Holiday,BOS,202405150BOS,"May 15, 2024",CLE,13,9,2,10,54.17,65.79,-11.62,5,8,4,3,1,2,0,0,0,0,0,0,0,0,0,0,0,0,0,0,0,0,0,0
1627777,Georges Niang,CLE,202405150BOS,"May 15, 2024",BOS,0,3,0,3,0.0,0.0,0.0,0,0,3,0,0,0,0,0,0,0,0,0,0,0,0,0,0,0,0,0,0,0,0,0
1630573,Sam Hauser,BOS,202405150BOS,"May 15, 2024",CLE,5,4,0,4,45.45,62.5,-17.05,1,2,3,3,0,0,0,0,0,0,0,0,0,0,0,0,0,0,0,0,0,0,0,0
202681,Kyrie Irving,DAL,202405150OKC,"May 15, 2024",OKC,12,11,0,11,50.0,54.55,-4.55,9,6,2,6,0,0,0,0,0,0,0,0,0,0,0,0,0,0,0,0,0,0,0,0
1631096,Chet Holmgren,OKC,202405150OKC,"May 15, 2024",DAL,13,11,2,12,44.83,54.71,-9.88,6,8,5,3,1,2,0,0,0,0,0,0,0,0,0,0,0,0,0,0,0,0,0,0
1629023,P.J. Washington,OKC,202405150OKC,"May 15, 2024",DAL,10,9,0,9,40.0,55.56,-15.56,2,4,7,6,0,0,0,0,0,0,0,0,0,0,0,0,0,0,0,0,0,0,0,0
1628983,Shai Gilgeous-Alexander,OKC,202405150OKC,"May 15, 2024",DAL,30,22,6,25,55.56,60.88,-5.32,17,18,4,6,2,2,0,0,1,3,0,0,1,1,0,0,0,0,0,0,0,0,0,0
1629029,Luka Dončić,DAL,202405150OKC,"May 15, 2024",OKC,31,22,3,23,53.45,66.47,-13.02,10,12,11,15,1,1,0,0,1,3,0,0,0,0,0,0,0,0,0,0,0,0,0,0
1630198,Isaiah Joe,OKC,202405150OKC,"May 15, 2024",DAL,6,9,0,9,23.08,33.33,-10.25,1,0,8,6,0,0,0,0,0,0,0,0,0,0,0,0,0,0,0,0,0,0,0,0
1627884,Derrick Jones Jr.,DAL,202405150OKC,"May 15, 2024",OKC,19,9,2,10,76.0,96.15,-20.15,4,8,5,9,0,0,0,0,0,0,0,0,0,0,0,0,0,0,0,0,0,0,1,2
1629652,Luguentz Dort,OKC,202405150OKC,"May 15, 2024",DAL,12,11,2,12,37.5,50.51,-13.01,3,4,8,6,1,2,0,0,0,0,0,0,0,0,0,0,0,0,0,0,0,0,0,0
1631119,Jaylin Williams,OKC,202405150OKC,"May 15, 2024",DAL,12,13,0,13,41.38,46.15,-4.77,10,12,3,0,0,0,0,0,0,0,0,0,0,0,0,0,0,0,0,0,0,0,0,0
1629655,Daniel Gafford,OKC,202405150OKC,"May 15, 2024",DAL,9,4,2,5,90.0,92.21,-2.21,4,8,0,0,1,1,0,0,0,0,0,0,0,0,0,0,0,0,0,0,0,0,0,0
1630182,Josh Green,DAL,202405150OKC,"May 15, 2024",OKC,5,6,0,6,29.41,41.67,-12.26,1,2,5,3,0,0,0,0,0,0,0,0,0,0,0,0,0,0,0,0,0,0,0,0
1641726,Dereck Lively II,DAL,202405150OKC,"May 15, 2024",OKC,11,4,6,7,78.57,82.83,-4.26,4,6,0,0,0,0,0,0,0,0,0,0,0,0,0,0,0,0,0,0,0,0,3,5
1630598,Aaron Wiggins,OKC,202405150OKC,"May 15, 2024",DAL,2,2,0,2,50.0,50.0,0.0,2,2,0,0,0,0,0,0,0,0,0,0,0,0,0,0,0,0,0,0,0,0,0,0
1630702,Jaden Hardy,DAL,202405150OKC,"May 15, 2024",OKC,2,5,0,5,16.67,20.0,-3.33,3,2,2,0,0,0,0,0,0,0,0,0,0,0,0,0,0,0,0,0,0,0,0,0
1630581,Josh Giddey,OKC,202405150OKC,"May 15, 2024",DAL,11,8,0,8,57.89,68.75,-10.86,5,8,3,3,0,0,0,0,0,0,0,0,0,0,0,0,0,0,0,0,0,0,0,0
203501,Tim Hardaway Jr.,DAL,202405150OKC,"May 15, 2024",OKC,5,6,0,6,33.33,41.67,-8.34,3,2,3,3,0,0,0,0,0,0,0,0,0,0,0,0,0,0,0,0,0,0,0,0
1641717,Cason Wallace,OKC,202405150OKC,"May 15, 2024",DAL,3,7,0,7,15.79,21.43,-5.64,2,0,5,3,0,0,0,0,0,0,0,0,0,0,0,0,0,0,0,0,0,0,0,0
1631172,Ousmane Dieng,OKC,202405150OKC,"May 15, 2024",DAL,0,1,0,1,0.0,0.0,0.0,0,0,1,0,0,0,0,0,0,0,0,0,0,0,0,0,0,0,0,0,0,0,0,0
1627750,Jamal Murray,DEN,202405160MIN,"May 16, 2024",MIN,10,18,0,18,23.26,27.78,-4.52,11,4,7,6,0,0,0,0,0,0,0,0,0,0,0,0,0,0,0,0,0,0,0,0
203497,Rudy Gobert,MIN,202405160MIN,"May 16, 2024",DEN,8,8,2,9,44.44,45.05,-0.61,8,8,0,0,1,0,0,0,0,0,0,0,0,0,0,0,0,0,0,0,0,0,0,0
1630162,Anthony Edwards,MIN,202405160MIN,"May 16, 2024",DEN,27,17,8,21,52.94,65.79,-12.85,8,8,9,12,4,7,0,0,0,0,0,0,0,0,0,0,0,0,0,0,0,0,0,0
203932,Aaron Gordon,DEN,202405160MIN,"May 16, 2024",MIN,12,7,2,8,60.0,76.14,-16.14,3,4,4,6,1,2,0,0,0,0,0,0,0,0,0,0,0,0,0,0,0,0,0,0
1629008,Michael Porter Jr.,DEN,202405160MIN,"May 16, 2024",MIN,8,9,1,9,32.0,42.37,-10.37,2,2,6,3,0,0,0,0,1,3,0,0,0,0,0,0,0,0,0,0,0,0,0,0
townska01,K. Towns,MIN,202405160MIN,"May 16, 2024",DEN,10,10,2,11,38.46,45.96,-7.5,6,8,4,0,0,0,0,0,0,0,0,0,0,0,0,0,0,0,0,0,0,0,1,2
203999,Nikola Jokić,DEN,202405160MIN,"May 16, 2024",MIN,22,19,4,20,47.83,52.99,-5.16,13,14,4,0,1,2,0,0,2,6,0,0,0,0,0,0,0,0,0,0,0,0,0,0
203484,Kentavious Caldwell-Pope,DEN,202405160MIN,"May 16, 2024",MIN,9,6,3,8,42.86,61.48,-18.62,0,0,6,6,0,0,0,0,0,0,0,0,1,1,0,0,0,0,0,0,0,0,1,2
201144,Mike Conley,MIN,202405160MIN,"May 16, 2024",DEN,13,9,0,9,54.17,72.22,-18.05,3,4,6,9,0,0,0,0,0,0,0,0,0,0,0,0,0,0,0,0,0,0,0,0
1630183,Jaden McDaniels,MIN,202405160MIN,"May 16, 2024",DEN,21,10,2,11,77.78,96.51,-18.73,5,10,5,9,1,2,0,0,0,0,0,0,0,0,0,0,0,0,0,0,0,0,0,0
1629638,Nickeil Alexander-Walker,MIN,202405160MIN,"May 16, 2024",DEN,9,5,0,5,60.0,90.0,-30.0,0,0,5,9,0,0,0,0,0,0,0,0,0,0,0,0,0,0,0,0,0,0,0,0
1629675,Naz Reid,MIN,202405160MIN,"May 16, 2024",DEN,10,12,2,13,33.33,38.82,-5.49,8,8,4,0,1,2,0,0,0,0,0,0,0,0,0,0,0,0,0,0,0,0,0,0
1631128,Christian Braun,DEN,202405160MIN,"May 16, 2024",MIN,2,6,0,6,14.29,16.67,-2.38,4,2,2,0,0,0,0,0,0,0,0,0,0,0,0,0,0,0,0,0,0,0,0,0
201950,Jrue Holiday,DEN,202405160MIN,"May 16, 2024",MIN,0,5,0,5,0.0,0.0,0.0,2,0,3,0,0,0,0,0,0,0,0,0,0,0,0,0,0,0,0,0,0,0,0,0
202704,Reggie Jackson,DEN,202405160MIN,"May 16, 2024",MIN,0,6,0,6,0.0,0.0,0.0,5,0,1,0,0,0,0,0,0,0,0,0,0,0,0,0,0,0,0,0,0,0,0,0
203937,Kyle Anderson,MIN,202405160MIN,"May 16, 2024",DEN,4,2,4,4,50.0,53.19,-3.19,2,0,0,0,2,4,0,0,0,0,0,0,0,0,0,0,0,0,0,0,0,0,0,0
201599,DeAndre Jordan,DEN,202405160MIN,"May 16, 2024",MIN,0,1,0,1,0.0,0.0,0.0,1,0,0,0,0,0,0,0,0,0,0,0,0,0,0,0,0,0,0,0,0,0,0,0
1631212,Peyton Watson,DEN,202405160MIN,"May 16, 2024",MIN,1,1,2,2,25.0,26.6,-1.6,1,0,0,0,1,1,0,0,0,0,0,0,0,0,0,0,0,0,0,0,0,0,0,0
1631124,Julian Strawther,DEN,202405160MIN,"May 16, 2024",MIN,2,3,2,4,22.22,25.77,-3.55,2,2,1,0,1,0,0,0,0,0,0,0,0,0,0,0,0,0,0,0,0,0,0,0
1628420,Monte Morris,MIN,202405160MIN,"May 16, 2024",DEN,3,4,0,4,27.27,37.5,-10.23,1,0,3,3,0,0,0,0,0,0,0,0,0,0,0,0,0,0,0,0,0,0,0,0
1630568,Luka Garza,MIN,202405160MIN,"May 16, 2024",DEN,8,3,4,5,66.67,84.03,-17.36,1,2,2,3,2,3,0,0,0,0,0,0,0,0,0,0,0,0,0,0,0,0,0,0
1629162,Jordan McLaughlin,MIN,202405160MIN,"May 16, 2024",DEN,2,1,0,1,100.0,100.0,0.0,1,2,0,0,0,0,0,0,0,0,0,0,0,0,0,0,0,0,0,0,0,0,0,0
tysonhu01,H. Tyson,DEN,202405160MIN,"May 16, 2024",MIN,0,2,0,2,0.0,0.0,0.0,1,0,1,0,0,0,0,0,0,0,0,0,0,0,0,0,0,0,0,0,0,0,0,0
1631111,Wendell Moore Jr.,MIN,202405160MIN,"May 16, 2024",DEN,0,2,0,2,0.0,0.0,0.0,1,0,1,0,0,0,0,0,0,0,0,0,0,0,0,0,0,0,0,0,0,0,0,0
1630192,Zeke Nnaji,DEN,202405160MIN,"May 16, 2024",MIN,2,1,0,1,100.0,100.0,0.0,1,2,0,0,0,0,0,0,0,0,0,0,0,0,0,0,0,0,0,0,0,0,0,0
1629618,Jalen Pickett,DEN,202405160MIN,"May 16, 2024",MIN,2,2,0,2,40.0,50.0,-10.0,1,2,1,0,0,0,0,0,0,0,0,0,0,0,0,0,0,0,0,0,0,0,0,0
1631169,Josh Minott,MIN,202405160MIN,"May 16, 2024",DEN,0,3,0,3,0.0,0.0,0.0,2,0,1,0,0,0,0,0,0,0,0,0,0,0,0,0,0,0,0,0,0,0,0,0
1627783,Pascal Siakam,IND,202405170IND,"May 17, 2024",NYK,25,21,4,23,52.08,54.92,-2.84,19,22,2,0,2,3,0,0,0,0,0,0,0,0,0,0,0,0,0,0,0,0,0,0
1630540,Miles McBride,NYK,202405170IND,"May 17, 2024",IND,20,12,0,12,66.67,83.33,-16.66,6,8,6,12,0,0,0,0,0,0,0,0,0,0,0,0,0,0,0,0,0,0,0,0
1630174,Aaron Nesmith,IND,202405170IND,"May 17, 2024",NYK,8,8,1,8,38.1,47.39,-9.29,3,6,4,0,0,0,0,0,1,2,0,0,0,0,0,0,0,0,0,0,0,0,0,0
1630169,Tyrese Haliburton,IND,202405170IND,"May 17, 2024",NYK,15,12,0,12,46.88,62.5,-15.62,4,6,8,9,0,0,0,0,0,0,0,0,0,0,0,0,0,0,0,0,0,0,0,0
1628978,Donte DiVincenzo,NYK,202405170IND,"May 17, 2024",IND,17,14,3,15,43.59,55.48,-11.89,5,4,8,9,1,2,0,0,1,2,0,0,0,0,0,0,0,0,0,0,0,0,0,0
turnemy01,M. Turner,IND,202405170IND,"May 17, 2024",NYK,17,10,5,12,60.71,69.67,-8.96,6,8,3,3,2,4,0,0,1,2,0,0,0,0,0,0,0,0,0,0,0,0,0,0
1629614,Andrew Nembhard,IND,202405170IND,"May 17, 2024",NYK,15,12,0,12,53.57,62.5,-8.93,8,6,4,9,0,0,0,0,0,0,0,0,0,0,0,0,0,0,0,0,0,0,0,0
1628973,Jalen Brunson,NYK,202405170IND,"May 17, 2024",IND,31,26,9,31,44.93,51.74,-6.81,18,16,8,9,1,2,0,0,0,0,0,0,1,1,0,0,0,0,0,0,0,0,3,3
1628392,Isaiah Hartenstein,NYK,202405170IND,"May 17, 2024",IND,4,3,2,4,50.0,51.55,-1.55,3,2,0,0,1,2,0,0,0,0,0,0,0,0,0,0,0,0,0,0,0,0,0,0
1628404,Josh Hart,NYK,202405170IND,"May 17, 2024",IND,5,8,0,8,25.0,31.25,-6.25,4,2,4,3,0,0,0,0,0,0,0,0,0,0,0,0,0,0,0,0,0,0,0,0
1630173,Precious Achiuwa,NYK,202405170IND,"May 17, 2024",IND,12,8,5,10,54.55,58.82,-4.27,6,8,1,0,2,1,0,0,1,3,0,0,0,0,0,0,0,0,0,0,0,0,0,0
204456,T.J. McConnell,IND,202405170IND,"May 17, 2024",NYK,15,13,1,13,53.57,55.8,-2.23,11,12,1,0,0,0,0,0,1,3,0,0,0,0,0,0,0,0,0,0,0,0,0,0
toppiob01,O. Toppin,IND,202405170IND,"May 17, 2024",NYK,11,6,0,6,78.57,91.67,-13.1,4,8,2,3,0,0,0,0,0,0,0,0,0,0,0,0,0,0,0,0,0,0,0,0
1641767,Ben Sheppard,IND,202405170IND,"May 17, 2024",NYK,4,3,2,4,40.0,51.55,-11.55,1,0,2,3,1,1,0,0,0,0,0,0,0,0,0,0,0,0,0,0,0,0,0,0
202692,Alec Burks,NYK,202405170IND,"May 17, 2024",IND,11,8,7,11,39.29,49.64,-10.35,2,0,5,3,2,3,0,0,1,3,0,0,0,0,0,0,0,0,0,0,0,0,1,2
1630543,Isaiah Jackson,IND,202405170IND,"May 17, 2024",NYK,4,2,0,2,100.0,100.0,0.0,2,4,0,0,0,0,0,0,0,0,0,0,0,0,0,0,0,0,0,0,0,0,0,0
1629003,Shake Milton,NYK,202405170IND,"May 17, 2024",IND,0,1,0,1,0.0,0.0,0.0,1,0,0,0,0,0,0,0,0,0,0,0,0,0,0,0,0,0,0,0,0,0,0,0
1629610,DaQuan Jeffries,NYK,202405170IND,"May 17, 2024",IND,3,1,0,1,100.0,150.0,-50.0,0,0,1,3,0,0,0,0,0,0,0,0,0,0,0,0,0,0,0,0,0,0,0,0
1641738,Kobe Brown,IND,202405170IND,"May 17, 2024",NYK,2,3,0,3,33.33,33.33,0.0,3,2,0,0,0,0,0,0,0,0,0,0,0,0,0,0,0,0,0,0,0,0,0,0
203926,Doug McDermott,IND,202405170IND,"May 17, 2024",NYK,0,1,0,1,0.0,0.0,0.0,1,0,0,0,0,0,0,0,0,0,0,0,0,0,0,0,0,0,0,0,0,0,0,0
diakima01,M. Diakite,NYK,202405170IND,"May 17, 2024",IND,0,1,0,1,0.0,0.0,0.0,0,0,1,0,0,0,0,0,0,0,0,0,0,0,0,0,0,0,0,0,0,0,0,0
1631119,Jaylin Williams,OKC,202405180DAL,"May 18, 2024",DAL,22,16,3,18,55.0,63.51,-8.51,11,10,5,9,1,2,0,0,0,0,0,0,1,1,0,0,0,0,0,0,0,0,0,0
1629652,Luguentz Dort,DAL,202405180DAL,"May 18, 2024",OKC,11,10,3,11,36.67,48.59,-11.92,2,0,7,6,1,2,0,0,1,3,0,0,0,0,0,0,0,0,0,0,0,0,0,0
1629029,Luka Dončić,DAL,202405180DAL,"May 18, 2024",OKC,29,15,7,18,67.44,80.2,-12.76,8,8,6,12,2,4,0,0,1,3,0,0,0,0,0,0,0,0,0,0,0,0,1,2
1627884,Derrick Jones Jr.,DAL,202405180DAL,"May 18, 2024",OKC,22,13,2,14,64.71,79.25,-14.54,7,8,6,12,1,2,0,0,0,0,0,0,0,0,0,0,0,0,0,0,0,0,0,0
1629023,P.J. Washington,OKC,202405180DAL,"May 18, 2024",DAL,9,6,5,8,40.91,54.88,-13.97,1,0,5,6,1,1,1,2,0,0,0,0,0,0,0,0,0,0,0,0,0,0,0,0
1629655,Daniel Gafford,DAL,202405180DAL,"May 18, 2024",OKC,10,7,4,9,55.56,57.08,-1.52,7,8,0,0,2,2,0,0,0,0,0,0,0,0,0,0,0,0,0,0,0,0,0,0
1631096,Chet Holmgren,OKC,202405180DAL,"May 18, 2024",DAL,21,15,2,16,53.85,66.12,-12.27,8,16,7,3,0,0,0,0,0,0,0,0,0,0,0,0,0,0,0,0,0,0,1,2
1630182,Josh Green,DAL,202405180DAL,"May 18, 2024",OKC,6,4,2,5,46.15,61.48,-15.33,1,2,3,3,1,1,0,0,0,0,0,0,0,0,0,0,0,0,0,0,0,0,0,0
1628983,Shai Gilgeous-Alexander,OKC,202405180DAL,"May 18, 2024",DAL,36,25,7,29,58.06,64.1,-6.04,19,18,5,12,2,2,0,0,1,2,0,0,1,1,0,0,0,0,0,0,1,1,0,0
202681,Kyrie Irving,DAL,202405180DAL,"May 18, 2024",OKC,22,23,0,23,39.29,47.83,-8.54,13,10,10,12,0,0,0,0,0,0,0,0,0,0,0,0,0,0,0,0,0,0,0,0
1630581,Josh Giddey,OKC,202405180DAL,"May 18, 2024",DAL,2,3,0,3,25.0,33.33,-8.33,1,2,2,0,0,0,0,0,0,0,0,0,0,0,0,0,0,0,0,0,0,0,0,0
1641726,Dereck Lively II,DAL,202405180DAL,"May 18, 2024",OKC,12,6,3,7,80.0,81.97,-1.97,5,8,0,0,1,1,0,0,1,3,0,0,0,0,0,0,0,0,0,0,0,0,0,0
1630198,Isaiah Joe,OKC,202405180DAL,"May 18, 2024",DAL,11,7,0,7,61.11,78.57,-17.46,3,2,4,9,0,0,0,0,0,0,0,0,0,0,0,0,0,0,0,0,0,0,0,0
1641717,Cason Wallace,OKC,202405180DAL,"May 18, 2024",DAL,5,8,0,8,22.73,31.25,-8.52,2,2,6,3,0,0,0,0,0,0,0,0,0,0,0,0,0,0,0,0,0,0,0,0
1630598,Aaron Wiggins,OKC,202405180DAL,"May 18, 2024",DAL,0,2,0,2,0.0,0.0,0.0,1,0,1,0,0,0,0,0,0,0,0,0,0,0,0,0,0,0,0,0,0,0,0,0
1630702,Jaden Hardy,DAL,202405180DAL,"May 18, 2024",OKC,5,6,1,6,31.25,38.82,-7.57,2,0,3,3,0,0,0,0,1,2,0,0,0,0,0,0,0,0,0,0,0,0,0,0
203501,Tim Hardaway Jr.,DAL,202405180DAL,"May 18, 2024",OKC,2,2,0,2,40.0,50.0,-10.0,1,2,1,0,0,0,0,0,0,0,0,0,0,0,0,0,0,0,0,0,0,0,0,0
1629026,Kenrich Williams,OKC,202405180DAL,"May 18, 2024",DAL,2,1,0,1,100.0,100.0,0.0,1,2,0,0,0,0,0,0,0,0,0,0,0,0,0,0,0,0,0,0,0,0,0,0
1628973,Jalen Brunson,NYK,202405190NYK,"May 19, 2024",IND,17,17,5,19,40.48,44.27,-3.79,13,8,3,3,1,1,0,0,1,3,0,0,0,0,0,0,0,0,0,0,0,0,1,2
1627783,Pascal Siakam,IND,202405190NYK,"May 19, 2024",NYK,20,15,2,16,57.14,62.97,-5.83,12,12,3,6,1,2,0,0,0,0,0,0,0,0,0,0,0,0,0,0,0,0,0,0
1628392,Isaiah Hartenstein,NYK,202405190NYK,"May 19, 2024",IND,0,2,0,2,0.0,0.0,0.0,2,0,0,0,0,0,0,0,0,0,0,0,0,0,0,0,0,0,0,0,0,0,0,0
1628384,OG Anunoby,NYK,202405190NYK,"May 19, 2024",IND,5,2,0,2,100.0,125.0,-25.0,1,2,1,3,0,0,0,0,0,0,0,0,0,0,0,0,0,0,0,0,0,0,0,0
1629614,Andrew Nembhard,IND,202405190NYK,"May 19, 2024",NYK,20,10,4,12,76.92,85.03,-8.11,8,14,2,3,0,0,0,0,0,0,0,0,0,0,0,0,0,0,0,0,0,0,2,3
1630174,Aaron Nesmith,NYK,202405190NYK,"May 19, 2024",IND,19,8,1,8,100.0,112.56,-12.56,5,10,2,6,0,0,0,0,1,3,0,0,0,0,0,0,0,0,0,0,0,0,0,0
turnemy01,M. Turner,IND,202405190NYK,"May 19, 2024",NYK,17,11,1,11,65.38,74.3,-8.92,7,8,3,6,0,0,0,0,1,3,0,0,0,0,0,0,0,0,0,0,0,0,0,0
1628978,Donte DiVincenzo,NYK,202405190NYK,"May 19, 2024",IND,39,21,10,26,58.21,76.77,-18.56,6,4,15,27,3,5,0,0,0,0,0,0,0,0,0,0,0,0,0,0,0,0,2,3
1630169,Tyrese Haliburton,IND,202405190NYK,"May 19, 2024",NYK,26,17,1,17,55.32,74.54,-19.22,4,6,12,18,0,0,0,0,1,2,0,0,0,0,0,0,0,0,0,0,0,0,0,0
1628404,Josh Hart,NYK,202405190NYK,"May 19, 2024",IND,10,9,4,11,38.46,46.47,-8.01,5,6,4,0,2,4,0,0,0,0,0,0,0,0,0,0,0,0,0,0,0,0,0,0
1641767,Ben Sheppard,IND,202405190NYK,"May 19, 2024",NYK,4,3,0,3,66.67,66.67,0.0,3,4,0,0,0,0,0,0,0,0,0,0,0,0,0,0,0,0,0,0,0,0,0,0
1630540,Miles McBride,NYK,202405190NYK,"May 19, 2024",IND,8,14,0,14,23.53,28.57,-5.04,8,8,6,0,0,0,0,0,0,0,0,0,0,0,0,0,0,0,0,0,0,0,0,0
204456,T.J. McConnell,IND,202405190NYK,"May 19, 2024",NYK,12,8,0,8,70.59,75.0,-4.41,7,12,1,0,0,0,0,0,0,0,0,0,0,0,0,0,0,0,0,0,0,0,0,0
toppiob01,O. Toppin,IND,202405190NYK,"May 19, 2024",NYK,3,4,2,5,27.27,30.74,-3.47,3,2,1,0,1,1,0,0,0,0,0,0,0,0,0,0,0,0,0,0,0,0,0,0
1630173,Precious Achiuwa,NYK,202405190NYK,"May 19, 2024",IND,4,7,0,7,26.67,28.57,-1.9,6,4,1,0,0,0,0,0,0,0,0,0,0,0,0,0,0,0,0,0,0,0,0,0
202692,Alec Burks,NYK,202405190NYK,"May 19, 2024",IND,26,13,8,16,66.67,78.69,-12.02,6,8,5,6,3,6,0,0,2,6,0,0,0,0,0,0,0,0,0,0,0,0,0,0
1630543,Isaiah Jackson,IND,202405190NYK,"May 19, 2024",NYK,9,3,5,5,81.82,86.54,-4.72,2,4,0,0,2,2,0,0,1,3,0,0,0,0,0,0,0,0,0,0,0,0,0,0
203497,Rudy Gobert,MIN,202405190DEN,"May 19, 2024",DEN,13,7,9,11,56.52,59.31,-2.79,6,4,0,0,2,4,0,0,1,2,0,0,0,0,0,0,0,0,0,0,0,0,2,3
1627750,Jamal Murray,DEN,202405190DEN,"May 19, 2024",MIN,35,27,5,29,49.3,59.93,-10.63,14,16,12,12,1,2,0,0,1,3,0,0,0,0,0,0,0,0,0,0,0,0,1,2
203932,Aaron Gordon,DEN,202405190DEN,"May 19, 2024",MIN,4,5,0,5,40.0,40.0,0.0,5,4,0,0,0,0,0,0,0,0,0,0,0,0,0,0,0,0,0,0,0,0,0,0
1629008,Michael Porter Jr.,DEN,202405190DEN,"May 19, 2024",MIN,7,12,0,12,23.33,29.17,-5.84,6,4,6,3,0,0,0,0,0,0,0,0,0,0,0,0,0,0,0,0,0,0,0,0
201144,Mike Conley,MIN,202405190DEN,"May 19, 2024",DEN,10,10,2,11,37.04,45.96,-8.92,5,0,5,9,0,0,0,0,0,0,0,0,0,0,0,0,0,0,0,0,0,0,1,1
townska01,K. Towns,MIN,202405190DEN,"May 19, 2024",DEN,23,14,6,17,57.5,69.11,-11.61,8,14,6,3,3,6,0,0,0,0,0,0,0,0,0,0,0,0,0,0,0,0,0,0
203999,Nikola Jokić,DEN,202405190DEN,"May 19, 2024",MIN,34,28,7,31,46.58,54.7,-8.12,17,20,10,6,3,5,0,0,1,3,0,0,0,0,0,0,0,0,0,0,0,0,0,0
1630183,Jaden McDaniels,MIN,202405190DEN,"May 19, 2024",DEN,23,10,7,13,74.19,87.92,-13.73,5,6,4,9,1,1,0,0,1,3,0,0,0,0,0,0,0,0,0,0,0,0,2,4
1630162,Anthony Edwards,MIN,202405190DEN,"May 19, 2024",DEN,16,24,2,25,26.67,32.15,-5.48,14,8,10,6,1,2,0,0,0,0,0,0,0,0,0,0,0,0,0,0,0,0,0,0
203484,Kentavious Caldwell-Pope,DEN,202405190DEN,"May 19, 2024",MIN,5,7,0,7,27.78,35.71,-7.93,3,2,4,3,0,0,0,0,0,0,0,0,0,0,0,0,0,0,0,0,0,0,0,0
1629638,Nickeil Alexander-Walker,MIN,202405190DEN,"May 19, 2024",DEN,0,6,0,6,0.0,0.0,0.0,1,0,5,0,0,0,0,0,0,0,0,0,0,0,0,0,0,0,0,0,0,0,0,0
1629675,Naz Reid,MIN,202405190DEN,"May 19, 2024",DEN,11,7,2,8,55.0,69.8,-14.8,3,6,4,3,1,2,0,0,0,0,0,0,0,0,0,0,0,0,0,0,0,0,0,0
202704,Reggie Jackson,DEN,202405190DEN,"May 19, 2024",MIN,0,1,0,1,0.0,0.0,0.0,1,0,0,0,0,0,0,0,0,0,0,0,0,0,0,0,0,0,0,0,0,0,0,0
1631128,Christian Braun,DEN,202405190DEN,"May 19, 2024",MIN,5,3,4,5,45.45,52.52,-7.07,2,2,1,0,2,3,0,0,0,0,0,0,0,0,0,0,0,0,0,0,0,0,0,0
203937,Kyle Anderson,MIN,202405190DEN,"May 19, 2024",DEN,2,1,2,2,50.0,53.19,-3.19,1,0,0,0,1,2,0,0,0,0,0,0,0,0,0,0,0,0,0,0,0,0,0,0
1630174,Aaron Nesmith,IND,202405210BOS,"May 21, 2024",BOS,14,12,1,12,46.67,56.27,-9.6,6,8,5,3,0,0,0,0,1,3,0,0,0,0,0,0,0,0,0,0,0,0,0,0
1627759,Jaylen Brown,BOS,202405210BOS,"May 21, 2024",IND,26,20,8,24,50.0,55.27,-5.27,16,18,4,3,1,1,0,0,0,0,0,0,0,0,0,0,0,0,0,0,0,0,3,4
1627783,Pascal Siakam,IND,202405210BOS,"May 21, 2024",BOS,24,23,0,23,50.0,52.17,-2.17,21,24,2,0,0,0,0,0,0,0,0,0,0,0,0,0,0,0,0,0,0,0,0,0
1628369,Jayson Tatum,BOS,202405210BOS,"May 21, 2024",IND,36,26,12,31,50.0,57.54,-7.54,15,14,8,6,3,5,0,0,3,9,0,0,1,0,0,0,0,0,0,0,0,0,1,2
201950,Jrue Holiday,BOS,202405210BOS,"May 21, 2024",IND,28,16,4,18,63.64,78.83,-15.19,8,12,8,12,1,2,0,0,0,0,0,0,0,0,0,0,0,0,0,0,0,0,1,2
turnemy01,M. Turner,IND,202405210BOS,"May 21, 2024",BOS,23,13,2,14,71.88,82.85,-10.97,9,12,4,9,1,2,0,0,0,0,0,0,0,0,0,0,0,0,0,0,0,0,0,0
201143,Al Horford,BOS,202405210BOS,"May 21, 2024",IND,15,15,3,16,33.33,45.96,-12.63,2,2,12,9,1,2,0,0,1,2,0,0,0,0,0,0,0,0,0,0,0,0,0,0
1628401,Derrick White,BOS,202405210BOS,"May 21, 2024",IND,15,13,2,14,41.67,54.03,-12.36,5,4,8,9,1,2,0,0,0,0,0,0,0,0,0,0,0,0,0,0,0,0,0,0
1629614,Andrew Nembhard,IND,202405210BOS,"May 21, 2024",BOS,12,10,0,10,50.0,60.0,-10.0,6,6,4,6,0,0,0,0,0,0,0,0,0,0,0,0,0,0,0,0,0,0,0,0
1630169,Tyrese Haliburton,IND,202405210BOS,"May 21, 2024",BOS,25,18,3,19,47.17,64.7,-17.53,4,4,14,18,0,0,1,3,0,0,0,0,0,0,0,0,0,0,0,0,0,0,0,0
204456,T.J. McConnell,IND,202405210BOS,"May 21, 2024",BOS,13,11,2,12,52.0,54.71,-2.71,10,12,1,0,0,0,0,0,0,0,0,0,0,0,0,0,0,0,0,0,0,0,1,1
1641767,Ben Sheppard,IND,202405210BOS,"May 21, 2024",BOS,2,4,0,4,18.18,25.0,-6.82,1,2,3,0,0,0,0,0,0,0,0,0,0,0,0,0,0,0,0,0,0,0,0,0
toppiob01,O. Toppin,IND,202405210BOS,"May 21, 2024",BOS,15,8,2,9,75.0,84.46,-9.46,6,10,2,3,0,0,0,0,0,0,0,0,0,0,0,0,0,0,0,0,0,0,1,2
1628436,Luke Kornet,BOS,202405210BOS,"May 21, 2024",IND,5,3,1,4,71.43,72.67,-1.24,3,4,0,0,1,1,0,0,0,0,0,0,0,0,0,0,0,0,0,0,0,0,0,0
1630202,Payton Pritchard,BOS,202405210BOS,"May 21, 2024",IND,8,4,0,4,72.73,100.0,-27.27,1,2,3,6,0,0,0,0,0,0,0,0,0,0,0,0,0,0,0,0,0,0,0,0
1630573,Sam Hauser,BOS,202405210BOS,"May 21, 2024",IND,0,2,0,2,0.0,0.0,0.0,0,0,2,0,0,0,0,0,0,0,0,0,0,0,0,0,0,0,0,0,0,0,0,0
202681,Kyrie Irving,MIN,202405220MIN,"May 22, 2024",DAL,30,23,6,25,54.55,58.5,-3.95,18,20,3,0,1,2,0,0,2,6,0,0,0,0,0,0,0,0,0,0,0,0,1,2
townska01,K. Towns,MIN,202405220MIN,"May 22, 2024",DAL,16,20,2,21,31.37,38.31,-6.94,11,8,9,6,1,2,0,0,0,0,0,0,0,0,0,0,0,0,0,0,0,0,0,0
1629655,Daniel Gafford,DAL,202405220MIN,"May 22, 2024",MIN,10,9,0,9,55.56,55.56,0.0,9,10,0,0,0,0,0,0,0,0,0,0,0,0,0,0,0,0,0,0,0,0,0,0
1629029,Luka Dončić,DAL,202405220MIN,"May 22, 2024",MIN,33,26,7,29,47.83,56.74,-8.91,15,16,10,9,3,5,0,0,1,3,0,0,0,0,0,0,0,0,0,0,0,0,0,0
1630162,Anthony Edwards,MIN,202405220MIN,"May 22, 2024",DAL,19,16,2,17,41.3,56.28,-14.98,4,2,12,15,1,2,0,0,0,0,0,0,0,0,0,0,0,0,0,0,0,0,0,0
203497,Rudy Gobert,MIN,202405220MIN,"May 22, 2024",DAL,12,8,6,11,54.55,56.39,-1.84,8,8,0,0,3,4,0,0,0,0,0,0,0,0,0,0,0,0,0,0,0,0,0,0
1629023,P.J. Washington,DAL,202405220MIN,"May 22, 2024",MIN,13,10,3,11,41.94,57.42,-15.48,1,2,8,6,1,2,0,0,1,3,0,0,0,0,0,0,0,0,0,0,0,0,0,0
1627884,Derrick Jones Jr.,DAL,202405220MIN,"May 22, 2024",MIN,8,9,0,9,40.0,44.44,-4.44,7,8,2,0,0,0,0,0,0,0,0,0,0,0,0,0,0,0,0,0,0,0,0,0
201144,Mike Conley,MIN,202405220MIN,"May 22, 2024",DAL,6,7,4,9,25.0,34.25,-9.25,1,2,6,3,0,0,1,1,0,0,0,0,1,0,0,0,0,0,0,0,0,0,0,0
1630183,Jaden McDaniels,MIN,202405220MIN,"May 22, 2024",DAL,24,15,0,15,61.54,80.0,-18.46,6,6,9,18,0,0,0,0,0,0,0,0,0,0,0,0,0,0,0,0,0,0,0,0
1641726,Dereck Lively II,DAL,202405220MIN,"May 22, 2024",MIN,9,4,1,5,100.0,101.35,-1.35,4,8,0,0,0,0,0,0,0,0,0,0,0,0,0,0,0,0,0,0,0,0,1,1
1630182,Josh Green,DAL,202405220MIN,"May 22, 2024",MIN,3,4,0,4,30.0,37.5,-7.5,2,0,2,3,0,0,0,0,0,0,0,0,0,0,0,0,0,0,0,0,0,0,0,0
1630702,Jaden Hardy,DAL,202405220MIN,"May 22, 2024",MIN,2,2,0,2,50.0,50.0,0.0,2,2,0,0,0,0,0,0,0,0,0,0,0,0,0,0,0,0,0,0,0,0,0,0
1629638,Nickeil Alexander-Walker,MIN,202405220MIN,"May 22, 2024",DAL,2,6,0,6,12.5,16.67,-4.17,2,2,4,0,0,0,0,0,0,0,0,0,0,0,0,0,0,0,0,0,0,0,0,0
203937,Kyle Anderson,MIN,202405220MIN,"May 22, 2024",DAL,11,8,0,8,57.89,68.75,-10.86,5,8,3,3,0,0,0,0,0,0,0,0,0,0,0,0,0,0,0,0,0,0,0,0
1629675,Naz Reid,MIN,202405220MIN,"May 22, 2024",DAL,15,9,4,11,53.57,69.7,-16.13,3,4,6,9,2,2,0,0,0,0,0,0,0,0,0,0,0,0,0,0,0,0,0,0
1627783,Pascal Siakam,IND,202405230BOS,"May 23, 2024",BOS,28,17,0,17,77.78,82.35,-4.57,15,22,2,6,0,0,0,0,0,0,0,0,0,0,0,0,0,0,0,0,0,0,0,0
1628369,Jayson Tatum,BOS,202405230BOS,"May 23, 2024",IND,23,20,4,21,45.1,52.85,-7.75,11,12,7,3,1,2,0,0,2,6,0,0,0,0,0,0,0,0,0,0,0,0,0,0
201950,Jrue Holiday,BOS,202405230BOS,"May 23, 2024",IND,15,7,0,7,83.33,107.14,-23.81,3,6,4,9,0,0,0,0,0,0,0,0,0,0,0,0,0,0,0,0,0,0,0,0
1627759,Jaylen Brown,BOS,202405230BOS,"May 23, 2024",IND,40,27,11,32,53.33,62.81,-9.48,16,18,10,12,4,6,0,0,1,2,0,0,0,0,0,0,0,0,0,0,0,0,1,2
1628401,Derrick White,BOS,202405230BOS,"May 23, 2024",IND,23,15,3,16,56.1,70.47,-14.37,7,8,8,12,0,0,1,3,0,0,0,0,0,0,0,0,0,0,0,0,0,0,0,0
201143,Al Horford,BOS,202405230BOS,"May 23, 2024",IND,6,6,0,6,46.15,50.0,-3.85,5,6,1,0,0,0,0,0,0,0,0,0,0,0,0,0,0,0,0,0,0,0,0,0
turnemy01,M. Turner,IND,202405230BOS,"May 23, 2024",BOS,8,7,0,7,44.44,57.14,-12.7,3,2,4,6,0,0,0,0,0,0,0,0,0,0,0,0,0,0,0,0,0,0,0,0
1630174,Aaron Nesmith,BOS,202405230BOS,"May 23, 2024",IND,9,7,2,8,47.37,57.11,-9.74,4,4,3,3,1,2,0,0,0,0,0,0,0,0,0,0,0,0,0,0,0,0,0,0
1629614,Andrew Nembhard,IND,202405230BOS,"May 23, 2024",BOS,16,12,4,14,50.0,58.14,-8.14,8,10,4,3,2,3,0,0,0,0,0,0,0,0,0,0,0,0,0,0,0,0,0,0
1630169,Tyrese Haliburton,IND,202405230BOS,"May 23, 2024",BOS,10,8,0,8,45.45,62.5,-17.05,2,4,6,6,0,0,0,0,0,0,0,0,0,0,0,0,0,0,0,0,0,0,0,0
1630202,Payton Pritchard,BOS,202405230BOS,"May 23, 2024",IND,12,6,2,7,75.0,87.21,-12.21,4,4,2,6,0,0,0,0,0,0,0,0,0,0,0,0,0,0,0,0,0,0,1,2
204456,T.J. McConnell,IND,202405230BOS,"May 23, 2024",BOS,9,10,0,10,42.86,45.0,-2.14,9,6,1,3,0,0,0,0,0,0,0,0,0,0,0,0,0,0,0,0,0,0,0,0
1641767,Ben Sheppard,IND,202405230BOS,"May 23, 2024",BOS,7,6,1,6,43.75,54.35,-10.6,2,4,3,0,0,0,0,0,1,3,0,0,0,0,0,0,0,0,0,0,0,0,0,0
toppiob01,O. Toppin,IND,202405230BOS,"May 23, 2024",BOS,11,6,4,8,61.11,70.88,-9.77,4,6,2,3,1,1,0,0,0,0,0,0,0,0,0,0,0,0,0,0,0,0,1,1
1630543,Isaiah Jackson,IND,202405230BOS,"May 23, 2024",BOS,3,3,2,4,37.5,38.66,-1.16,3,2,0,0,1,1,0,0,0,0,0,0,0,0,0,0,0,0,0,0,0,0,0,0
1630573,Sam Hauser,BOS,202405230BOS,"May 23, 2024",IND,2,5,0,5,14.29,20.0,-5.71,1,2,4,0,0,0,0,0,0,0,0,0,0,0,0,0,0,0,0,0,0,0,0,0
1629052,Oshae Brissett,BOS,202405230BOS,"May 23, 2024",IND,2,1,0,1,100.0,100.0,0.0,1,2,0,0,0,0,0,0,0,0,0,0,0,0,0,0,0,0,0,0,0,0,0,0
203926,Doug McDermott,IND,202405230BOS,"May 23, 2024",BOS,2,2,0,2,40.0,50.0,-10.0,1,2,1,0,0,0,0,0,0,0,0,0,0,0,0,0,0,0,0,0,0,0,0,0
1630188,Jalen Smith,IND,202405230BOS,"May 23, 2024",BOS,4,3,2,4,40.0,51.55,-11.55,1,0,2,3,1,1,0,0,0,0,0,0,0,0,0,0,0,0,0,0,0,0,0,0
1641716,Jarace Walker,IND,202405230BOS,"May 23, 2024",BOS,3,3,1,3,37.5,43.6,-6.1,1,0,1,0,0,0,0,0,1,3,0,0,0,0,0,0,0,0,0,0,0,0,0,0
1629004,Svi Mykhailiuk,BOS,202405230BOS,"May 23, 2024",IND,3,1,0,1,100.0,150.0,-50.0,0,0,1,3,0,0,0,0,0,0,0,0,0,0,0,0,0,0,0,0,0,0,0,0
1629655,Daniel Gafford,DAL,202405240MIN,"May 24, 2024",MIN,16,10,2,11,72.73,73.53,-0.8,10,16,0,0,0,0,0,0,0,0,0,0,0,0,0,0,0,0,0,0,0,0,1,0
townska01,K. Towns,MIN,202405240MIN,"May 24, 2024",DAL,15,16,7,19,34.09,39.31,-5.22,10,4,5,3,3,5,0,0,1,3,0,0,0,0,0,0,0,0,0,0,0,0,0,0
1629029,Luka Dončić,DAL,202405240MIN,"May 24, 2024",MIN,32,23,7,26,50.0,61.35,-11.35,11,8,11,15,3,6,0,0,1,3,0,0,0,0,0,0,0,0,0,0,0,0,0,0
201144,Mike Conley,MIN,202405240MIN,"May 24, 2024",DAL,18,14,3,15,50.0,58.75,-8.75,9,10,5,6,0,0,1,2,0,0,0,0,0,0,0,0,0,0,0,0,0,0,0,0
202681,Kyrie Irving,MIN,202405240MIN,"May 24, 2024",DAL,20,16,5,19,45.45,54.95,-9.5,9,6,7,12,2,1,0,0,0,0,0,0,0,0,0,0,0,0,0,0,0,0,1,1
1630162,Anthony Edwards,MIN,202405240MIN,"May 24, 2024",DAL,21,17,10,22,41.18,49.07,-7.89,10,6,7,6,4,7,0,0,0,0,0,0,0,0,0,0,0,0,0,0,0,0,1,2
1629023,P.J. Washington,DAL,202405240MIN,"May 24, 2024",MIN,10,11,2,12,35.71,42.09,-6.38,7,8,4,0,0,0,0,0,0,0,0,0,0,0,0,0,0,0,0,0,0,0,1,2
203497,Rudy Gobert,MIN,202405240MIN,"May 24, 2024",DAL,16,10,6,13,61.54,63.29,-1.75,10,12,0,0,3,4,0,0,0,0,0,0,0,0,0,0,0,0,0,0,0,0,0,0
1641726,Dereck Lively II,DAL,202405240MIN,"May 24, 2024",MIN,14,6,2,7,100.0,101.74,-1.74,6,12,0,0,1,2,0,0,0,0,0,0,0,0,0,0,0,0,0,0,0,0,0,0
1627884,Derrick Jones Jr.,DAL,202405240MIN,"May 24, 2024",MIN,4,5,2,6,26.67,34.01,-7.34,2,2,3,0,1,2,0,0,0,0,0,0,0,0,0,0,0,0,0,0,0,0,0,0
1629675,Naz Reid,MIN,202405240MIN,"May 24, 2024",DAL,23,13,0,13,65.71,88.46,-22.75,4,2,9,21,0,0,0,0,0,0,0,0,0,0,0,0,0,0,0,0,0,0,0,0
1630183,Jaden McDaniels,MIN,202405240MIN,"May 24, 2024",DAL,2,6,0,6,13.33,16.67,-3.34,3,2,3,0,0,0,0,0,0,0,0,0,0,0,0,0,0,0,0,0,0,0,0,0
1630182,Josh Green,DAL,202405240MIN,"May 24, 2024",MIN,5,4,0,4,55.56,62.5,-6.94,3,2,1,3,0,0,0,0,0,0,0,0,0,0,0,0,0,0,0,0,0,0,0,0
1630702,Jaden Hardy,DAL,202405240MIN,"May 24, 2024",MIN,8,7,0,7,47.06,57.14,-10.08,4,2,3,6,0,0,0,0,0,0,0,0,0,0,0,0,0,0,0,0,0,0,0,0
1629638,Nickeil Alexander-Walker,MIN,202405240MIN,"May 24, 2024",DAL,6,4,2,5,50.0,61.48,-11.48,2,4,2,0,0,0,0,0,0,0,0,0,0,0,0,0,0,0,0,0,0,0,1,2
203937,Kyle Anderson,MIN,202405240MIN,"May 24, 2024",DAL,7,5,4,7,50.0,51.78,-1.78,5,4,0,0,0,0,0,0,0,0,0,0,0,0,0,0,0,0,0,0,0,0,2,3
203957,Dante Exum,DAL,202405240MIN,"May 24, 2024",MIN,0,1,0,1,0.0,0.0,0.0,0,0,1,0,0,0,0,0,0,0,0,0,0,0,0,0,0,0,0,0,0,0,0,0
203501,Tim Hardaway Jr.,DAL,202405240MIN,"May 24, 2024",MIN,0,1,2,2,0.0,0.0,0.0,0,0,1,0,1,0,0,0,0,0,0,0,0,0,0,0,0,0,0,0,0,0,0,0
1627759,Jaylen Brown,BOS,202405250IND,"May 25, 2024",IND,24,18,4,20,53.33,60.73,-7.4,13,18,5,3,2,3,0,0,0,0,0,0,0,0,0,0,0,0,0,0,0,0,0,0
1627783,Pascal Siakam,IND,202405250IND,"May 25, 2024",BOS,22,18,4,19,51.16,55.67,-4.51,13,14,3,0,1,2,0,0,2,6,0,0,0,0,0,0,0,0,0,0,0,0,0,0
201143,Al Horford,BOS,202405250IND,"May 25, 2024",IND,23,14,0,14,57.5,82.14,-24.64,2,2,12,21,0,0,0,0,0,0,0,0,0,0,0,0,0,0,0,0,0,0,0,0
1629614,Andrew Nembhard,IND,202405250IND,"May 25, 2024",BOS,32,21,4,23,60.38,70.3,-9.92,14,16,7,12,2,4,0,0,0,0,0,0,0,0,0,0,0,0,0,0,0,0,0,0
1628369,Jayson Tatum,BOS,202405250IND,"May 25, 2024",IND,36,23,11,27,53.73,64.66,-10.93,11,10,10,15,3,3,1,2,2,6,0,0,0,0,0,0,0,0,0,0,0,0,0,0
1630174,Aaron Nesmith,BOS,202405250IND,"May 25, 2024",IND,4,4,0,4,40.0,50.0,-10.0,2,4,2,0,0,0,0,0,0,0,0,0,0,0,0,0,0,0,0,0,0,0,0,0
turnemy01,M. Turner,IND,202405250IND,"May 25, 2024",BOS,22,16,4,17,56.41,61.94,-5.53,12,16,3,0,0,0,0,0,1,3,0,0,0,0,1,3,0,0,0,0,0,0,0,0
1628401,Derrick White,BOS,202405250IND,"May 25, 2024",IND,13,11,6,14,36.11,47.65,-11.54,3,2,8,6,3,5,0,0,0,0,0,0,0,0,0,0,0,0,0,0,0,0,0,0
1630202,Payton Pritchard,BOS,202405250IND,"May 25, 2024",IND,2,3,0,3,25.0,33.33,-8.33,1,2,2,0,0,0,0,0,0,0,0,0,0,0,0,0,0,0,0,0,0,0,0,0
1630543,Isaiah Jackson,IND,202405250IND,"May 25, 2024",BOS,2,4,0,4,25.0,25.0,0.0,4,2,0,0,0,0,0,0,0,0,0,0,0,0,0,0,0,0,0,0,0,0,0,0
204456,T.J. McConnell,IND,202405250IND,"May 25, 2024",BOS,23,17,2,18,57.5,64.32,-6.82,13,18,4,3,1,2,0,0,0,0,0,0,0,0,0,0,0,0,0,0,0,0,0,0
toppiob01,O. Toppin,IND,202405250IND,"May 25, 2024",BOS,4,6,0,6,33.33,33.33,0.0,6,4,0,0,0,0,0,0,0,0,0,0,0,0,0,0,0,0,0,0,0,0,0,0
1630573,Sam Hauser,BOS,202405250IND,"May 25, 2024",IND,0,3,0,3,0.0,0.0,0.0,0,0,3,0,0,0,0,0,0,0,0,0,0,0,0,0,0,0,0,0,0,0,0,0
201950,Jrue Holiday,BOS,202405250IND,"May 25, 2024",IND,14,10,5,12,45.16,57.38,-12.22,3,4,6,3,1,2,0,0,1,3,0,0,0,0,0,0,0,0,0,0,0,0,1,2
1641767,Ben Sheppard,IND,202405250IND,"May 25, 2024",BOS,0,4,0,4,0.0,0.0,0.0,1,0,3,0,0,0,0,0,0,0,0,0,0,0,0,0,0,0,0,0,0,0,0,0
203926,Doug McDermott,IND,202405250IND,"May 25, 2024",BOS,2,1,0,1,100.0,100.0,0.0,1,2,0,0,0,0,0,0,0,0,0,0,0,0,0,0,0,0,0,0,0,0,0,0
1630214,Xavier Tillman,BOS,202405250IND,"May 25, 2024",IND,2,1,0,1,100.0,100.0,0.0,1,2,0,0,0,0,0,0,0,0,0,0,0,0,0,0,0,0,0,0,0,0,0,0
202681,Kyrie Irving,DAL,202405260DAL,"May 26, 2024",MIN,33,20,8,24,61.11,70.15,-9.04,13,16,6,9,2,3,0,0,1,3,0,0,1,0,0,0,0,0,0,0,0,0,1,2
townska01,K. Towns,MIN,202405260DAL,"May 26, 2024",DAL,14,18,5,20,28.57,34.65,-6.08,9,8,8,0,2,3,0,0,1,3,0,0,0,0,0,0,0,0,0,0,0,0,0,0
1629023,P.J. Washington,DAL,202405260DAL,"May 26, 2024",MIN,16,10,4,12,53.33,68.03,-14.7,4,6,6,6,2,4,0,0,0,0,0,0,0,0,0,0,0,0,0,0,0,0,0,0
1629655,Daniel Gafford,DAL,202405260DAL,"May 26, 2024",MIN,5,4,1,4,55.56,56.31,-0.75,3,2,0,0,0,0,0,0,1,3,0,0,0,0,0,0,0,0,0,0,0,0,0,0
201144,Mike Conley,MIN,202405260DAL,"May 26, 2024",DAL,16,11,0,11,55.17,72.73,-17.56,4,4,7,12,0,0,0,0,0,0,0,0,0,0,0,0,0,0,0,0,0,0,0,0
1627884,Derrick Jones Jr.,DAL,202405260DAL,"May 26, 2024",MIN,11,4,2,5,84.62,112.7,-28.08,1,0,3,9,0,0,0,0,0,0,0,0,0,0,0,0,0,0,0,0,0,0,1,2
1630162,Anthony Edwards,MIN,202405260DAL,"May 26, 2024",DAL,26,24,6,27,46.43,48.8,-2.37,22,22,2,0,3,4,0,0,0,0,0,0,0,0,0,0,0,0,0,0,0,0,0,0
1630183,Jaden McDaniels,DAL,202405260DAL,"May 26, 2024",MIN,15,8,0,8,75.0,93.75,-18.75,4,6,4,9,0,0,0,0,0,0,0,0,0,0,0,0,0,0,0,0,0,0,0,0
1629029,Luka Dončić,DAL,202405260DAL,"May 26, 2024",MIN,33,20,10,25,54.1,67.62,-13.52,9,10,11,15,3,6,0,0,0,0,0,0,0,0,0,0,0,0,0,0,0,0,2,2
203497,Rudy Gobert,MIN,202405260DAL,"May 26, 2024",DAL,9,4,2,5,90.0,92.21,-2.21,4,8,0,0,0,0,0,0,0,0,0,0,0,0,0,0,0,0,0,0,0,0,1,1
1641726,Dereck Lively II,DAL,202405260DAL,"May 26, 2024",MIN,6,3,0,3,100.0,100.0,0.0,3,6,0,0,0,0,0,0,0,0,0,0,0,0,0,0,0,0,0,0,0,0,0,0
1630182,Josh Green,DAL,202405260DAL,"May 26, 2024",MIN,3,1,0,1,100.0,150.0,-50.0,0,0,1,3,0,0,0,0,0,0,0,0,0,0,0,0,0,0,0,0,0,0,0,0
1629638,Nickeil Alexander-Walker,MIN,202405260DAL,"May 26, 2024",DAL,3,4,0,4,25.0,37.5,-12.5,0,0,4,3,0,0,0,0,0,0,0,0,0,0,0,0,0,0,0,0,0,0,0,0
1629675,Naz Reid,MIN,202405260DAL,"May 26, 2024",DAL,14,10,4,12,48.28,59.52,-11.24,5,8,5,3,2,3,0,0,0,0,0,0,0,0,0,0,0,0,0,0,0,0,0,0
1630702,Jaden Hardy,DAL,202405260DAL,"May 26, 2024",MIN,7,4,4,6,53.85,60.76,-6.91,3,4,1,0,2,3,0,0,0,0,0,0,0,0,0,0,0,0,0,0,0,0,0,0
203937,Kyle Anderson,MIN,202405260DAL,"May 26, 2024",DAL,10,6,0,6,83.33,83.33,0.0,6,10,0,0,0,0,0,0,0,0,0,0,0,0,0,0,0,0,0,0,0,0,0,0
203939,Dwight Powell,DAL,202405260DAL,"May 26, 2024",MIN,2,2,2,3,33.33,34.72,-1.39,2,0,0,0,0,0,0,0,0,0,0,0,0,0,0,0,0,0,0,0,0,0,1,2
1627759,Jaylen Brown,BOS,202405270IND,"May 27, 2024",IND,29,22,6,25,50.0,58.85,-8.85,14,14,8,12,3,3,0,0,0,0,0,0,0,0,0,0,0,0,0,0,0,0,0,0
turnemy01,M. Turner,IND,202405270IND,"May 27, 2024",BOS,8,6,2,7,42.11,58.14,-16.03,1,0,5,6,1,2,0,0,0,0,0,0,0,0,0,0,0,0,0,0,0,0,0,0
1627783,Pascal Siakam,IND,202405270IND,"May 27, 2024",BOS,19,18,5,20,43.18,47.03,-3.85,14,14,3,0,1,1,0,0,1,2,0,0,0,0,0,0,0,0,0,0,0,0,1,2
1629614,Andrew Nembhard,BOS,202405270IND,"May 27, 2024",IND,24,18,1,18,55.81,65.08,-9.27,11,12,6,9,0,0,0,0,1,3,0,0,0,0,0,0,0,0,0,0,0,0,0,0
1628369,Jayson Tatum,BOS,202405270IND,"May 27, 2024",IND,26,26,1,26,40.62,49.17,-8.55,14,14,11,9,0,0,0,0,1,3,0,0,0,0,0,0,0,0,0,0,0,0,0,0
1628401,Derrick White,BOS,202405270IND,"May 27, 2024",IND,16,14,0,14,43.24,57.14,-13.9,5,10,9,6,0,0,0,0,0,0,0,0,0,0,0,0,0,0,0,0,0,0,0,0
201143,Al Horford,BOS,202405270IND,"May 27, 2024",IND,7,4,2,5,53.85,71.72,-17.87,1,2,3,3,1,2,0,0,0,0,0,0,0,0,0,0,0,0,0,0,0,0,0,0
1630174,Aaron Nesmith,IND,202405270IND,"May 27, 2024",BOS,14,11,6,14,41.18,51.32,-10.14,5,6,6,3,3,5,0,0,0,0,0,0,0,0,0,0,0,0,0,0,0,0,0,0
201950,Jrue Holiday,BOS,202405270IND,"May 27, 2024",IND,17,13,1,13,51.52,63.24,-11.72,6,8,6,6,0,0,0,0,1,3,0,0,0,0,0,0,0,0,0,0,0,0,0,0
1641767,Ben Sheppard,IND,202405270IND,"May 27, 2024",BOS,3,4,0,4,27.27,37.5,-10.23,1,0,3,3,0,0,0,0,0,0,0,0,0,0,0,0,0,0,0,0,0,0,0,0
1630543,Isaiah Jackson,IND,202405270IND,"May 27, 2024",BOS,4,4,0,4,50.0,50.0,0.0,4,4,0,0,0,0,0,0,0,0,0,0,0,0,0,0,0,0,0,0,0,0,0,0
204456,T.J. McConnell,IND,202405270IND,"May 27, 2024",BOS,15,16,2,17,42.86,44.43,-1.57,15,14,1,0,1,1,0,0,0,0,0,0,0,0,0,0,0,0,0,0,0,0,0,0
toppiob01,O. Toppin,IND,202405270IND,"May 27, 2024",BOS,12,9,0,9,54.55,66.67,-12.12,5,6,4,6,0,0,0,0,0,0,0,0,0,0,0,0,0,0,0,0,0,0,0,0
1630573,Sam Hauser,BOS,202405270IND,"May 27, 2024",IND,5,6,2,7,26.32,36.34,-10.02,1,0,5,3,1,2,0,0,0,0,0,0,0,0,0,0,0,0,0,0,0,0,0,0
1630214,Xavier Tillman,BOS,202405270IND,"May 27, 2024",IND,0,2,0,2,0.0,0.0,0.0,2,0,0,0,0,0,0,0,0,0,0,0,0,0,0,0,0,0,0,0,0,0,0,0
203926,Doug McDermott,IND,202405270IND,"May 27, 2024",BOS,3,1,0,1,100.0,150.0,-50.0,0,0,1,3,0,0,0,0,0,0,0,0,0,0,0,0,0,0,0,0,0,0,0,0
1630202,Payton Pritchard,BOS,202405270IND,"May 27, 2024",IND,5,2,2,3,62.5,86.81,-24.31,0,0,2,3,1,2,0,0,0,0,0,0,0,0,0,0,0,0,0,0,0,0,0,0
1629029,Luka Dončić,DAL,202405280DAL,"May 28, 2024",MIN,28,21,12,26,43.08,53.27,-10.19,10,6,10,9,3,5,1,3,0,0,1,3,0,0,0,0,0,0,0,0,0,0,1,2
townska01,K. Towns,MIN,202405280DAL,"May 28, 2024",DAL,25,13,3,15,73.53,87.29,-13.76,7,8,5,12,0,0,0,0,1,3,0,0,2,2,0,0,0,0,0,0,0,0,0,0
1630162,Anthony Edwards,MIN,202405280DAL,"May 28, 2024",DAL,29,25,8,29,46.03,50.84,-4.81,20,18,5,6,3,4,0,0,0,0,0,0,0,0,0,0,0,0,0,0,0,0,1,1
202681,Kyrie Irving,DAL,202405280DAL,"May 28, 2024",MIN,16,18,3,20,35.56,41.41,-5.85,12,10,6,3,1,2,0,0,0,0,0,0,1,1,0,0,0,0,0,0,0,0,0,0
1630183,Jaden McDaniels,MIN,202405280DAL,"May 28, 2024",DAL,10,8,0,8,50.0,62.5,-12.5,4,4,4,6,0,0,0,0,0,0,0,0,0,0,0,0,0,0,0,0,0,0,0,0
203497,Rudy Gobert,MIN,202405280DAL,"May 28, 2024",DAL,13,5,9,9,68.42,72.54,-4.12,4,6,0,0,4,4,0,0,1,3,0,0,0,0,0,0,0,0,0,0,0,0,0,0
1629023,P.J. Washington,DAL,202405280DAL,"May 28, 2024",MIN,10,13,2,14,27.03,36.02,-8.99,4,2,9,6,1,2,0,0,0,0,0,0,0,0,0,0,0,0,0,0,0,0,0,0
1627884,Derrick Jones Jr.,DAL,202405280DAL,"May 28, 2024",MIN,9,6,2,7,52.94,65.41,-12.47,3,2,3,6,1,1,0,0,0,0,0,0,0,0,0,0,0,0,0,0,0,0,0,0
1629655,Daniel Gafford,MIN,202405280DAL,"May 28, 2024",DAL,12,6,0,6,100.0,100.0,0.0,6,12,0,0,0,0,0,0,0,0,0,0,0,0,0,0,0,0,0,0,0,0,0,0
201144,Mike Conley,MIN,202405280DAL,"May 28, 2024",DAL,14,9,4,11,53.85,65.06,-11.21,5,8,4,3,1,2,0,0,0,0,0,0,0,0,0,0,0,0,0,0,0,0,1,1
1630182,Josh Green,DAL,202405280DAL,"May 28, 2024",MIN,5,3,2,4,45.45,64.43,-18.98,0,0,3,3,1,2,0,0,0,0,0,0,0,0,0,0,0,0,0,0,0,0,0,0
203937,Kyle Anderson,MIN,202405280DAL,"May 28, 2024",DAL,2,3,0,3,33.33,33.33,0.0,3,2,0,0,0,0,0,0,0,0,0,0,0,0,0,0,0,0,0,0,0,0,0,0
1629675,Naz Reid,MIN,202405280DAL,"May 28, 2024",DAL,6,6,1,6,42.86,46.58,-3.72,4,4,1,0,0,0,0,0,1,2,0,0,0,0,0,0,0,0,0,0,0,0,0,0
1630702,Jaden Hardy,DAL,202405280DAL,"May 28, 2024",MIN,13,8,0,8,65.0,81.25,-16.25,4,4,4,9,0,0,0,0,0,0,0,0,0,0,0,0,0,0,0,0,0,0,0,0
1629638,Nickeil Alexander-Walker,MIN,202405280DAL,"May 28, 2024",DAL,6,5,0,5,40.0,60.0,-20.0,0,0,5,6,0,0,0,0,0,0,0,0,0,0,0,0,0,0,0,0,0,0,0,0
1628467,Maxi Kleber,DAL,202405280DAL,"May 28, 2024",MIN,2,3,0,3,25.0,33.33,-8.33,1,2,2,0,0,0,0,0,0,0,0,0,0,0,0,0,0,0,0,0,0,0,0,0
203957,Dante Exum,DAL,202405280DAL,"May 28, 2024",MIN,5,3,0,3,62.5,83.33,-20.83,1,2,2,3,0,0,0,0,0,0,0,0,0,0,0,0,0,0,0,0,0,0,0,0
1630162,Anthony Edwards,MIN,202405300MIN,"May 30, 2024",DAL,28,18,6,20,58.33,67.83,-9.5,10,8,6,12,2,3,0,0,2,5,0,0,0,0,0,0,0,0,0,0,0,0,0,0
townska01,K. Towns,MIN,202405300MIN,"May 30, 2024",DAL,28,20,10,25,50.0,57.38,-7.38,14,16,6,3,4,7,0,0,0,0,0,0,0,0,0,0,0,0,0,0,0,0,1,2
1629029,Luka Dončić,DAL,202405300MIN,"May 30, 2024",MIN,36,22,3,23,63.16,77.19,-14.03,11,14,10,18,1,2,0,0,1,2,0,0,0,0,0,0,0,0,0,0,0,0,0,0
203497,Rudy Gobert,MIN,202405300MIN,"May 30, 2024",DAL,9,8,2,8,50.0,50.68,-0.68,6,4,0,0,0,0,0,0,2,5,0,0,0,0,0,0,0,0,0,0,0,0,0,0
1630183,Jaden McDaniels,MIN,202405300MIN,"May 30, 2024",DAL,8,6,0,6,50.0,66.67,-16.67,2,2,4,6,0,0,0,0,0,0,0,0,0,0,0,0,0,0,0,0,0,0,0,0
202681,Kyrie Irving,DAL,202405300MIN,"May 30, 2024",MIN,36,27,4,29,52.94,62.59,-9.65,17,20,10,12,2,4,0,0,0,0,0,0,0,0,0,0,0,0,0,0,0,0,0,0
1629655,Daniel Gafford,DAL,202405300MIN,"May 30, 2024",MIN,11,3,6,6,91.67,97.52,-5.85,3,6,0,0,3,5,0,0,0,0,0,0,0,0,0,0,0,0,0,0,0,0,0,0
201144,Mike Conley,MIN,202405300MIN,"May 30, 2024",DAL,7,5,2,6,46.67,59.52,-12.85,2,2,3,3,1,2,0,0,0,0,0,0,0,0,0,0,0,0,0,0,0,0,0,0
1629023,P.J. Washington,DAL,202405300MIN,"May 30, 2024",MIN,12,9,2,10,48.0,60.73,-12.73,4,4,5,6,1,2,0,0,0,0,0,0,0,0,0,0,0,0,0,0,0,0,0,0
1641726,Dereck Lively II,DAL,202405300MIN,"May 30, 2024",MIN,9,3,6,6,75.0,79.79,-4.79,3,6,0,0,1,1,0,0,0,0,0,0,0,0,1,1,0,0,0,0,0,0,1,1
203937,Kyle Anderson,MIN,202405300MIN,"May 30, 2024",DAL,7,9,0,9,31.82,38.89,-7.07,5,4,4,3,0,0,0,0,0,0,0,0,0,0,0,0,0,0,0,0,0,0,0,0
1627884,Derrick Jones Jr.,DAL,202405300MIN,"May 30, 2024",MIN,5,6,0,6,35.71,41.67,-5.96,4,2,2,3,0,0,0,0,0,0,0,0,0,0,0,0,0,0,0,0,0,0,0,0
1630182,Josh Green,DAL,202405300MIN,"May 30, 2024",MIN,2,3,0,3,25.0,33.33,-8.33,1,2,2,0,0,0,0,0,0,0,0,0,0,0,0,0,0,0,0,0,0,0,0,0
1630702,Jaden Hardy,DAL,202405300MIN,"May 30, 2024",MIN,7,5,0,5,58.33,70.0,-11.67,3,4,2,3,0,0,0,0,0,0,0,0,0,0,0,0,0,0,0,0,0,0,0,0
1629638,Nickeil Alexander-Walker,MIN,202405300MIN,"May 30, 2024",DAL,0,2,0,2,0.0,0.0,0.0,1,0,1,0,0,0,0,0,0,0,0,0,0,0,0,0,0,0,0,0,0,0,0,0
1629675,Naz Reid,MIN,202405300MIN,"May 30, 2024",DAL,5,10,1,10,20.0,23.95,-3.95,5,2,4,0,0,0,0,0,1,3,0,0,0,0,0,0,0,0,0,0,0,0,0,0
1628467,Maxi Kleber,DAL,202405300MIN,"May 30, 2024",MIN,3,3,0,3,37.5,50.0,-12.5,1,0,2,3,0,0,0,0,0,0,0,0,0,0,0,0,0,0,0,0,0,0,0,0
203957,Dante Exum,MIN,202405300MIN,"May 30, 2024",DAL,0,1,0,1,0.0,0.0,0.0,1,0,0,0,0,0,0,0,0,0,0,0,0,0,0,0,0,0,0,0,0,0,0,0
1629162,Jordan McLaughlin,MIN,202405300MIN,"May 30, 2024",DAL,0,3,0,3,0.0,0.0,0.0,2,0,1,0,0,0,0,0,0,0,0,0,0,0,0,0,0,0,0,0,0,0,0,0
1630639,A.J. Lawson,DAL,202405300MIN,"May 30, 2024",MIN,1,1,2,2,20.0,26.6,-6.6,0,0,1,0,1,1,0,0,0,0,0,0,0,0,0,0,0,0,0,0,0,0,0,0
203939,Dwight Powell,DAL,202405300MIN,"May 30, 2024",MIN,2,1,0,1,100.0,100.0,0.0,1,2,0,0,0,0,0,0,0,0,0,0,0,0,0,0,0,0,0,0,0,0,0,0
1630568,Luka Garza,MIN,202405300MIN,"May 30, 2024",DAL,6,3,0,3,100.0,100.0,0.0,3,6,0,0,0,0,0,0,0,0,0,0,0,0,0,0,0,0,0,0,0,0,0,0
1631169,Josh Minott,MIN,202405300MIN,"May 30, 2024",DAL,0,2,0,2,0.0,0.0,0.0,1,0,1,0,0,0,0,0,0,0,0,0,0,0,0,0,0,0,0,0,0,0,0,0
1631111,Wendell Moore Jr.,MIN,202405300MIN,"May 30, 2024",DAL,5,3,0,3,62.5,83.33,-20.83,1,2,2,3,0,0,0,0,0,0,0,0,0,0,0,0,0,0,0,0,0,0,0,0
201143,Al Horford,BOS,202406060BOS,"Jun 6, 2024",DAL,10,8,0,8,47.62,62.5,-14.88,3,4,5,6,0,0,0,0,0,0,0,0,0,0,0,0,0,0,0,0,0,0,0,0
1627884,Derrick Jones Jr.,DAL,202406060BOS,"Jun 6, 2024",BOS,5,9,0,9,25.0,27.78,-2.78,7,2,2,3,0,0,0,0,0,0,0,0,0,0,0,0,0,0,0,0,0,0,0,0
201950,Jrue Holiday,BOS,202406060BOS,"Jun 6, 2024",DAL,12,9,2,10,48.0,60.73,-12.73,4,4,5,6,1,2,0,0,0,0,0,0,0,0,0,0,0,0,0,0,0,0,0,0
1629029,Luka Dončić,DAL,202406060BOS,"Jun 6, 2024",BOS,30,26,5,28,43.48,53.19,-9.71,13,14,12,12,2,2,0,0,1,2,0,0,0,0,0,0,0,0,0,0,0,0,0,0
1627759,Jaylen Brown,BOS,202406060BOS,"Jun 6, 2024",DAL,22,12,11,17,53.66,65.32,-11.66,6,10,6,6,4,5,1,1,0,0,0,0,0,0,0,0,0,0,0,0,0,0,0,0
1628369,Jayson Tatum,BOS,202406060BOS,"Jun 6, 2024",DAL,16,16,2,17,39.02,47.39,-8.37,9,6,7,9,1,1,0,0,0,0,0,0,0,0,0,0,0,0,0,0,0,0,0,0
1628401,Derrick White,BOS,202406060BOS,"Jun 6, 2024",DAL,15,11,2,12,46.88,63.13,-16.25,3,4,8,9,1,2,0,0,0,0,0,0,0,0,0,0,0,0,0,0,0,0,0,0
1629655,Daniel Gafford,DAL,202406060BOS,"Jun 6, 2024",BOS,8,3,2,4,100.0,103.09,-3.09,3,6,0,0,1,2,0,0,0,0,0,0,0,0,0,0,0,0,0,0,0,0,0,0
1629023,P.J. Washington,DAL,202406060BOS,"Jun 6, 2024",BOS,14,11,6,14,45.16,51.32,-6.16,8,10,3,0,2,4,0,0,0,0,0,0,0,0,0,0,0,0,0,0,0,0,1,0
202681,Kyrie Irving,DAL,202406060BOS,"Jun 6, 2024",BOS,12,19,0,19,27.91,31.58,-3.67,14,12,5,0,0,0,0,0,0,0,0,0,0,0,0,0,0,0,0,0,0,0,0,0
1641726,Dereck Lively II,DAL,202406060BOS,"Jun 6, 2024",BOS,2,1,2,2,50.0,53.19,-3.19,1,2,0,0,1,0,0,0,0,0,0,0,0,0,0,0,0,0,0,0,0,0,0,0
204001,Kristaps Porziņģis,BOS,202406060BOS,"Jun 6, 2024",DAL,20,13,2,14,62.5,72.05,-9.55,9,12,4,6,1,2,0,0,0,0,0,0,0,0,0,0,0,0,0,0,0,0,0,0
1630182,Josh Green,DAL,202406060BOS,"Jun 6, 2024",BOS,3,4,0,4,33.33,37.5,-4.17,3,0,1,3,0,0,0,0,0,0,0,0,0,0,0,0,0,0,0,0,0,0,0,0
1630702,Jaden Hardy,DAL,202406060BOS,"Jun 6, 2024",BOS,13,8,4,10,56.52,66.6,-10.08,5,6,3,3,1,2,0,0,0,0,0,0,0,0,0,0,0,0,0,0,0,0,1,2
1630573,Sam Hauser,BOS,202406060BOS,"Jun 6, 2024",DAL,8,4,0,4,80.0,100.0,-20.0,2,2,2,6,0,0,0,0,0,0,0,0,0,0,0,0,0,0,0,0,0,0,0,0
1628467,Maxi Kleber,DAL,202406060BOS,"Jun 6, 2024",BOS,2,1,0,1,100.0,100.0,0.0,1,2,0,0,0,0,0,0,0,0,0,0,0,0,0,0,0,0,0,0,0,0,0,0
1630202,Payton Pritchard,BOS,202406060BOS,"Jun 6, 2024",DAL,0,7,0,7,0.0,0.0,0.0,2,0,5,0,0,0,0,0,0,0,0,0,0,0,0,0,0,0,0,0,0,0,0,0
203501,Tim Hardaway Jr.,DAL,202406060BOS,"Jun 6, 2024",BOS,0,2,0,2,0.0,0.0,0.0,1,0,1,0,0,0,0,0,0,0,0,0,0,0,0,0,0,0,0,0,0,0,0,0
1628436,Luke Kornet,BOS,202406060BOS,"Jun 6, 2024",DAL,2,1,0,1,100.0,100.0,0.0,1,2,0,0,0,0,0,0,0,0,0,0,0,0,0,0,0,0,0,0,0,0,0,0
1629004,Svi Mykhailiuk,BOS,202406060BOS,"Jun 6, 2024",DAL,2,1,0,1,100.0,100.0,0.0,1,2,0,0,0,0,0,0,0,0,0,0,0,0,0,0,0,0,0,0,0,0,0,0
1629029,Luka Dončić,DAL,202406090BOS,"Jun 9, 2024",BOS,32,21,8,25,54.24,65.25,-11.01,11,14,9,12,3,3,0,0,1,3,0,0,1,0,0,0,0,0,0,0,0,0,0,0
201950,Jrue Holiday,BOS,202406090BOS,"Jun 9, 2024",DAL,26,14,2,15,76.47,87.37,-10.9,10,18,4,6,0,0,0,0,0,0,0,0,0,0,0,0,0,0,0,0,0,0,1,2
202681,Kyrie Irving,DAL,202406090BOS,"Jun 9, 2024",BOS,16,18,2,19,39.02,42.37,-3.35,15,14,3,0,1,2,0,0,0,0,0,0,0,0,0,0,0,0,0,0,0,0,0,0
1627759,Jaylen Brown,BOS,202406090BOS,"Jun 9, 2024",DAL,21,15,4,17,53.85,62.65,-8.8,10,14,5,3,0,0,0,0,0,0,0,0,0,0,0,0,0,0,0,0,0,0,2,4
1629023,P.J. Washington,DAL,202406090BOS,"Jun 9, 2024",BOS,17,13,4,15,48.57,57.59,-9.02,8,10,5,3,2,4,0,0,0,0,0,0,0,0,0,0,0,0,0,0,0,0,0,0
201143,Al Horford,BOS,202406090BOS,"Jun 9, 2024",DAL,5,4,0,4,45.45,62.5,-17.05,1,2,3,3,0,0,0,0,0,0,0,0,0,0,0,0,0,0,0,0,0,0,0,0
1629655,Daniel Gafford,DAL,202406090BOS,"Jun 9, 2024",BOS,13,9,4,11,59.09,60.41,-1.32,9,12,0,0,1,1,0,0,0,0,0,0,0,0,0,0,0,0,0,0,0,0,1,0
1628369,Jayson Tatum,BOS,202406090BOS,"Jun 9, 2024",DAL,18,22,6,24,31.58,36.53,-4.95,12,4,7,3,1,2,0,0,3,8,0,0,0,0,0,0,0,0,0,0,0,0,1,1
1641726,Dereck Lively II,DAL,202406090BOS,"Jun 9, 2024",BOS,2,3,0,3,33.33,33.33,0.0,3,2,0,0,0,0,0,0,0,0,0,0,0,0,0,0,0,0,0,0,0,0,0,0
1628467,Maxi Kleber,DAL,202406090BOS,"Jun 9, 2024",BOS,0,4,0,4,0.0,0.0,0.0,2,0,2,0,0,0,0,0,0,0,0,0,0,0,0,0,0,0,0,0,0,0,0,0
204001,Kristaps Porziņģis,BOS,202406090BOS,"Jun 9, 2024",DAL,12,7,4,9,57.14,68.49,-11.35,4,8,3,0,1,2,0,0,0,0,0,0,0,0,0,0,0,0,0,0,0,0,1,2
1628401,Derrick White,BOS,202406090BOS,"Jun 9, 2024",DAL,18,15,2,16,42.86,56.68,-13.82,5,4,10,12,1,2,0,0,0,0,0,0,0,0,0,0,0,0,0,0,0,0,0,0
1627884,Derrick Jones Jr.,BOS,202406090BOS,"Jun 9, 2024",DAL,11,7,3,8,55.0,66.11,-11.11,3,6,3,0,1,2,0,0,1,3,0,0,0,0,0,0,0,0,0,0,0,0,0,0
1630182,Josh Green,DAL,202406090BOS,"Jun 9, 2024",BOS,4,4,3,5,28.57,37.59,-9.02,1,2,3,0,0,0,1,2,0,0,0,0,0,0,0,0,0,0,0,0,0,0,0,0
1630573,Sam Hauser,BOS,202406090BOS,"Jun 9, 2024",DAL,2,5,2,6,11.76,17.01,-5.25,0,0,5,0,0,0,0,0,0,0,0,0,0,0,0,0,0,0,0,0,0,0,1,2
1630202,Payton Pritchard,BOS,202406090BOS,"Jun 9, 2024",DAL,3,2,0,2,50.0,75.0,-25.0,0,0,2,3,0,0,0,0,0,0,0,0,0,0,0,0,0,0,0,0,0,0,0,0
203957,Dante Exum,DAL,202406090BOS,"Jun 9, 2024",BOS,3,1,0,1,100.0,150.0,-50.0,0,0,1,3,0,0,0,0,0,0,0,0,0,0,0,0,0,0,0,0,0,0,0,0
202681,Kyrie Irving,DAL,202406120DAL,"Jun 12, 2024",BOS,35,28,5,30,52.24,57.95,-5.71,22,18,6,12,1,2,1,3,0,0,0,0,0,0,0,0,0,0,0,0,0,0,0,0
201143,Al Horford,BOS,202406120DAL,"Jun 12, 2024",DAL,8,6,0,6,47.06,66.67,-19.61,1,2,5,6,0,0,0,0,0,0,0,0,0,0,0,0,0,0,0,0,0,0,0,0
1629029,Luka Dončić,DAL,202406120DAL,"Jun 12, 2024",BOS,27,27,4,29,41.54,46.94,-5.4,20,20,7,3,2,4,0,0,0,0,0,0,0,0,0,0,0,0,0,0,0,0,0,0
1628369,Jayson Tatum,BOS,202406120DAL,"Jun 12, 2024",DAL,31,26,5,29,44.29,54.96,-10.67,13,14,13,12,1,2,0,0,0,0,0,0,1,1,0,0,0,0,0,0,0,0,1,2
1627884,Derrick Jones Jr.,DAL,202406120DAL,"Jun 12, 2024",BOS,2,2,0,2,40.0,50.0,-10.0,1,2,1,0,0,0,0,0,0,0,0,0,0,0,0,0,0,0,0,0,0,0,0,0
201950,Jrue Holiday,BOS,202406120DAL,"Jun 12, 2024",DAL,9,9,0,9,42.86,50.0,-7.14,6,6,3,3,0,0,0,0,0,0,0,0,0,0,0,0,0,0,0,0,0,0,0,0
1628401,Derrick White,BOS,202406120DAL,"Jun 12, 2024",DAL,16,10,4,12,48.48,68.03,-19.55,1,0,9,12,0,0,0,0,0,0,0,0,0,0,0,0,0,0,0,0,0,0,2,4
1629655,Daniel Gafford,DAL,202406120DAL,"Jun 12, 2024",BOS,6,3,0,3,100.0,100.0,0.0,3,6,0,0,0,0,0,0,0,0,0,0,0,0,0,0,0,0,0,0,0,0,0,0
1627759,Jaylen Brown,BOS,202406120DAL,"Jun 12, 2024",DAL,30,22,5,24,51.72,61.98,-10.26,13,20,9,6,1,2,1,2,0,0,0,0,0,0,0,0,0,0,0,0,0,0,0,0
1629023,P.J. Washington,DAL,202406120DAL,"Jun 12, 2024",BOS,13,9,6,12,43.33,55.84,-12.51,3,0,6,9,2,3,0,0,0,0,0,0,0,0,0,0,0,0,0,0,0,0,1,1
1630702,Jaden Hardy,DAL,202406120DAL,"Jun 12, 2024",BOS,0,1,0,1,0.0,0.0,0.0,1,0,0,0,0,0,0,0,0,0,0,0,0,0,0,0,0,0,0,0,0,0,0,0
1641726,Dereck Lively II,DAL,202406120DAL,"Jun 12, 2024",BOS,11,6,1,6,84.62,85.4,-0.78,5,8,0,0,0,0,0,0,1,3,0,0,0,0,0,0,0,0,0,0,0,0,0,0
1630214,Xavier Tillman,BOS,202406120DAL,"Jun 12, 2024",DAL,3,1,0,1,100.0,150.0,-50.0,0,0,1,3,0,0,0,0,0,0,0,0,0,0,0,0,0,0,0,0,0,0,0,0
1628467,Maxi Kleber,DAL,202406120DAL,"Jun 12, 2024",BOS,0,2,0,2,0.0,0.0,0.0,1,0,1,0,0,0,0,0,0,0,0,0,0,0,0,0,0,0,0,0,0,0,0,0
1630573,Sam Hauser,BOS,202406120DAL,"Jun 12, 2024",DAL,9,4,0,4,75.0,112.5,-37.5,0,0,4,9,0,0,0,0,0,0,0,0,0,0,0,0,0,0,0,0,0,0,0,0
203957,Dante Exum,DAL,202406120DAL,"Jun 12, 2024",BOS,2,1,0,1,100.0,100.0,0.0,1,2,0,0,0,0,0,0,0,0,0,0,0,0,0,0,0,0,0,0,0,0,0,0
203501,Tim Hardaway Jr.,DAL,202406120DAL,"Jun 12, 2024",BOS,0,5,0,5,0.0,0.0,0.0,2,0,3,0,0,0,0,0,0,0,0,0,0,0,0,0,0,0,0,0,0,0,0,0
1630202,Payton Pritchard,BOS,202406120DAL,"Jun 12, 2024",DAL,0,4,0,4,0.0,0.0,0.0,2,0,2,0,0,0,0,0,0,0,0,0,0,0,0,0,0,0,0,0,0,0,0,0
1630182,Josh Green,DAL,202406120DAL,"Jun 12, 2024",BOS,3,2,0,2,60.0,75.0,-15.0,1,0,1,3,0,0,0,0,0,0,0,0,0,0,0,0,0,0,0,0,0,0,0,0
1628369,Jayson Tatum,BOS,202406140DAL,"Jun 14, 2024",DAL,15,10,6,13,50.0,59.34,-9.34,6,6,4,3,3,6,0,0,0,0,0,0,0,0,0,0,0,0,0,0,0,0,0,0
1629029,Luka Dončić,DAL,202406140DAL,"Jun 14, 2024",BOS,29,26,7,28,43.28,49.86,-6.58,16,20,8,0,1,1,1,2,2,6,0,0,0,0,0,0,0,0,0,0,0,0,0,0
1629023,P.J. Washington,DAL,202406140DAL,"Jun 14, 2024",BOS,6,4,0,4,54.55,75.0,-20.45,1,0,3,6,0,0,0,0,0,0,0,0,0,0,0,0,0,0,0,0,0,0,0,0
201143,Al Horford,BOS,202406140DAL,"Jun 14, 2024",DAL,3,1,0,1,100.0,150.0,-50.0,0,0,1,3,0,0,0,0,0,0,0,0,0,0,0,0,0,0,0,0,0,0,0,0
1628401,Derrick White,BOS,202406140DAL,"Jun 14, 2024",DAL,6,8,0,8,25.0,37.5,-12.5,0,0,8,6,0,0,0,0,0,0,0,0,0,0,0,0,0,0,0,0,0,0,0,0
202681,Kyrie Irving,DAL,202406140DAL,"Jun 14, 2024",BOS,21,18,0,18,50.0,58.33,-8.33,12,18,6,3,0,0,0,0,0,0,0,0,0,0,0,0,0,0,0,0,0,0,0,0
1627759,Jaylen Brown,BOS,202406140DAL,"Jun 14, 2024",DAL,10,12,4,14,30.3,36.34,-6.04,7,4,5,3,2,3,0,0,0,0,0,0,0,0,0,0,0,0,0,0,0,0,0,0
1629655,Daniel Gafford,DAL,202406140DAL,"Jun 14, 2024",BOS,7,2,6,5,70.0,75.43,-5.43,2,2,0,0,3,5,0,0,0,0,0,0,0,0,0,0,0,0,0,0,0,0,0,0
1641726,Dereck Lively II,DAL,202406140DAL,"Jun 14, 2024",BOS,11,5,4,7,73.33,81.36,-8.03,4,6,1,3,1,1,0,0,0,0,0,0,0,0,0,0,0,0,0,0,0,0,1,1
1627884,Derrick Jones Jr.,DAL,202406140DAL,"Jun 14, 2024",BOS,5,4,0,4,50.0,62.5,-12.5,2,2,2,3,0,0,0,0,0,0,0,0,0,0,0,0,0,0,0,0,0,0,0,0
1630214,Xavier Tillman,BOS,202406140DAL,"Jun 14, 2024",DAL,3,2,1,2,60.0,61.48,-1.48,1,0,0,0,0,0,0,0,1,3,0,0,0,0,0,0,0,0,0,0,0,0,0,0
1630182,Josh Green,DAL,202406140DAL,"Jun 14, 2024",BOS,3,2,3,3,42.86,45.18,-2.32,2,2,0,0,0,0,1,1,0,0,0,0,0,0,0,0,0,0,0,0,0,0,0,0
1628467,Maxi Kleber,DAL,202406140DAL,"Jun 14, 2024",BOS,5,2,2,3,71.43,86.81,-15.38,1,0,1,3,0,0,0,0,0,0,0,0,0,0,0,0,0,0,0,0,0,0,1,2
201950,Jrue Holiday,BOS,202406140DAL,"Jun 14, 2024",DAL,10,10,0,10,41.67,50.0,-8.33,6,4,4,6,0,0,0,0,0,0,0,0,0,0,0,0,0,0,0,0,0,0,0,0
1630573,Sam Hauser,BOS,202406140DAL,"Jun 14, 2024",DAL,14,7,0,7,70.0,100.0,-30.0,1,2,6,12,0,0,0,0,0,0,0,0,0,0,0,0,0,0,0,0,0,0,0,0
1630202,Payton Pritchard,BOS,202406140DAL,"Jun 14, 2024",DAL,11,14,0,14,32.35,39.29,-6.94,8,8,6,3,0,0,0,0,0,0,0,0,0,0,0,0,0,0,0,0,0,0,0,0
203957,Dante Exum,DAL,202406140DAL,"Jun 14, 2024",BOS,10,7,0,7,55.56,71.43,-15.87,3,4,4,6,0,0,0,0,0,0,0,0,0,0,0,0,0,0,0,0,0,0,0,0
1629052,Oshae Brissett,BOS,202406140DAL,"Jun 14, 2024",DAL,7,4,2,5,63.64,71.72,-8.08,3,2,1,3,1,2,0,0,0,0,0,0,0,0,0,0,0,0,0,0,0,0,0,0
1628436,Luke Kornet,BOS,202406140DAL,"Jun 14, 2024",DAL,0,1,0,1,0.0,0.0,0.0,1,0,0,0,0,0,0,0,0,0,0,0,0,0,0,0,0,0,0,0,0,0,0,0
1629004,Svi Mykhailiuk,BOS,202406140DAL,"Jun 14, 2024",DAL,3,7,0,7,15.79,21.43,-5.64,2,0,5,3,0,0,0,0,0,0,0,0,0,0,0,0,0,0,0,0,0,0,0,0
1630702,Jaden Hardy,DAL,202406140DAL,"Jun 14, 2024",BOS,5,5,0,5,41.67,50.0,-8.33,3,2,2,3,0,0,0,0,0,0,0,0,0,0,0,0,0,0,0,0,0,0,0,0
203501,Tim Hardaway Jr.,DAL,202406140DAL,"Jun 14, 2024",BOS,15,7,0,7,71.43,107.14,-35.71,0,0,7,15,0,0,0,0,0,0,0,0,0,0,0,0,0,0,0,0,0,0,0,0
202693,Markieff Morris,DAL,202406140DAL,"Jun 14, 2024",BOS,3,5,0,5,23.08,30.0,-6.92,2,0,3,3,0,0,0,0,0,0,0,0,0,0,0,0,0,0,0,0,0,0,0,0
1630531,Jaden Springer,BOS,202406140DAL,"Jun 14, 2024",DAL,0,1,0,1,0.0,0.0,0.0,1,0,0,0,0,0,0,0,0,0,0,0,0,0,0,0,0,0,0,0,0,0,0,0
1630639,A.J. Lawson,DAL,202406140DAL,"Jun 14, 2024",BOS,2,2,0,2,50.0,50.0,0.0,2,2,0,0,0,0,0,0,0,0,0,0,0,0,0,0,0,0,0,0,0,0,0,0
1629674,Neemias Queta,BOS,202406140DAL,"Jun 14, 2024",DAL,2,1,0,1,100.0,100.0,0.0,1,2,0,0,0,0,0,0,0,0,0,0,0,0,0,0,0,0,0,0,0,0,0,0
1641775,Jordan Walsh,BOS,202406140DAL,"Jun 14, 2024",DAL,0,2,0,2,0.0,0.0,0.0,1,0,1,0,0,0,0,0,0,0,0,0,0,0,0,0,0,0,0,0,0,0,0,0
1641765,Olivier-Maxence Prosper,DAL,202406140DAL,"Jun 14, 2024",BOS,0,2,0,2,0.0,0.0,0.0,2,0,0,0,0,0,0,0,0,0,0,0,0,0,0,0,0,0,0,0,0,0,0,0
201950,Jrue Holiday,BOS,202406170BOS,"Jun 17, 2024",DAL,15,14,0,14,48.39,53.57,-5.18,11,12,3,3,0,0,0,0,0,0,0,0,0,0,0,0,0,0,0,0,0,0,0,0
1629029,Luka Dončić,DAL,202406170BOS,"Jun 17, 2024",BOS,28,25,5,26,43.75,51.47,-7.72,13,14,9,6,1,0,0,0,3,8,0,0,0,0,0,0,0,0,0,0,0,0,0,0
1628369,Jayson Tatum,BOS,202406170BOS,"Jun 17, 2024",DAL,31,24,8,27,49.21,56.32,-7.11,15,16,7,3,3,6,0,0,2,6,0,0,0,0,0,0,0,0,0,0,0,0,0,0
1627759,Jaylen Brown,BOS,202406170BOS,"Jun 17, 2024",DAL,21,23,6,26,34.43,40.95,-6.52,14,10,9,6,3,5,0,0,0,0,0,0,0,0,0,0,0,0,0,0,0,0,0,0
202681,Kyrie Irving,DAL,202406170BOS,"Jun 17, 2024",BOS,15,16,2,17,34.88,44.43,-9.55,7,4,9,9,1,2,0,0,0,0,0,0,0,0,0,0,0,0,0,0,0,0,0,0
201143,Al Horford,BOS,202406170BOS,"Jun 17, 2024",DAL,9,6,2,7,52.94,65.41,-12.47,3,2,3,6,1,1,0,0,0,0,0,0,0,0,0,0,0,0,0,0,0,0,0,0
1629023,P.J. Washington,DAL,202406170BOS,"Jun 17, 2024",BOS,4,7,0,7,21.05,28.57,-7.52,2,4,5,0,0,0,0,0,0,0,0,0,0,0,0,0,0,0,0,0,0,0,0,0
1627884,Derrick Jones Jr.,DAL,202406170BOS,"Jun 17, 2024",BOS,10,8,2,9,45.45,56.31,-10.86,4,6,4,3,1,1,0,0,0,0,0,0,0,0,0,0,0,0,0,0,0,0,0,0
1628401,Derrick White,BOS,202406170BOS,"Jun 17, 2024",DAL,14,10,2,11,46.67,64.34,-17.67,2,0,8,12,1,2,0,0,0,0,0,0,0,0,0,0,0,0,0,0,0,0,0,0
1629655,Daniel Gafford,DAL,202406170BOS,"Jun 17, 2024",BOS,6,5,0,5,60.0,60.0,0.0,5,6,0,0,0,0,0,0,0,0,0,0,0,0,0,0,0,0,0,0,0,0,0,0
1630182,Josh Green,DAL,202406170BOS,"Jun 17, 2024",BOS,14,8,0,8,63.64,87.5,-23.86,2,2,6,12,0,0,0,0,0,0,0,0,0,0,0,0,0,0,0,0,0,0,0,0
1641726,Dereck Lively II,DAL,202406170BOS,"Jun 17, 2024",BOS,2,2,0,2,50.0,50.0,0.0,2,2,0,0,0,0,0,0,0,0,0,0,0,0,0,0,0,0,0,0,0,0,0,0
204001,Kristaps Porziņģis,BOS,202406170BOS,"Jun 17, 2024",DAL,5,4,2,5,41.67,51.23,-9.56,2,4,2,0,1,1,0,0,0,0,0,0,0,0,0,0,0,0,0,0,0,0,0,0
1630573,Sam Hauser,BOS,202406170BOS,"Jun 17, 2024",DAL,8,7,0,7,40.0,57.14,-17.14,1,2,6,6,0,0,0,0,0,0,0,0,0,0,0,0,0,0,0,0,0,0,0,0
1628467,Maxi Kleber,DAL,202406170BOS,"Jun 17, 2024",BOS,2,3,0,3,25.0,33.33,-8.33,1,2,2,0,0,0,0,0,0,0,0,0,0,0,0,0,0,0,0,0,0,0,0,0
203957,Dante Exum,DAL,202406170BOS,"Jun 17, 2024",BOS,4,1,2,2,80.0,106.38,-26.38,0,0,1,3,0,0,0,0,0,0,0,0,0,0,0,0,0,0,0,0,0,0,1,1
1630202,Payton Pritchard,BOS,202406170BOS,"Jun 17, 2024",DAL,3,1,0,1,100.0,150.0,-50.0,0,0,1,3,0,0,0,0,0,0,0,0,0,0,0,0,0,0,0,0,0,0,0,0
203501,Tim Hardaway Jr.,DAL,202406170BOS,"Jun 17, 2024",BOS,0,1,0,1,0.0,0.0,0.0,0,0,1,0,0,0,0,0,0,0,0,0,0,0,0,0,0,0,0,0,0,0,0,0
1630702,Jaden Hardy,DAL,202406170BOS,"Jun 17, 2024",BOS,3,2,2,3,50.0,52.08,-2.08,2,2,0,0,1,1,0,0,0,0,0,0,0,0,0,0,0,0,0,0,0,0,0,0
